Anim,,,,,base, ,,,Blend ,No ,No,,Flex,Swim,Horse,Horse Sock
NIFS,name,NIF Name,frames,fps, fps,type,hit time,Exp Only,Time,Blend Out,Strip,Precache,Anim,Alt,Alt,Alt
1,sprite_attack1,sprite_attackhi.kfa,18,15,15,clamp,0,0,0,0,0,0,0,,,
2,spirte attack 2,sprite_attacklo.kfa,13,15,15,clamp,0,0,0,0,0,0,0,,,
3,sprite combat idle,sprite_combatidle.kfa,22,15,15,loop,0,0,0,0,0,0,0,,,
4,sprite die,sprite_die.kfa,22,15,15,clamp,0,0,0,0,0,0,0,,,
5,sprite flinch,sprite_flinch.kfa,11,15,15,clamp,0,0,0,0,0,0,0,,,
6,sprite idle 1,sprite_idle.kfa,30,15,15,loop,0,0,0,0,0,0,0,,,
7,sprite idle2,sprite_idle2.kfa,30,15,15,loop,0,0,0,0,0,0,0,,,
8,sprite run,sprite_run.kfa,16,15,15,loop,0,0,0,0,0,0,0,,,
9,sprite swim,sprite_swim.kfa,25,15,15,loop,0,0,0,0,0,0,0,,,
10,sprite walk,sprite_walk.kfa,20,15,15,loop,0,0,0,0,0,0,0,,,
11,arachite attack high,sect_ahi.kfa,17,15,15,clamp,0,0,0,0,0,0,0,,,
12,arachite attack low,sect_alo.kfa,10,15,15,clamp,0,0,0,0,0,0,0,,,
13,arachite combat idle,sect_cidle.kfa,15,15,15,loop,0,0,0,0,0,0,0,,,
14,arachite death,sect_deth.kfa,8,15,15,clamp,0,0,0,0,0,0,0,,,
15,arachite flinch,sect_flinch.kfa,8,15,15,clamp,0,0,0,0,0,0,0,,,
16,arachite run,sect_run.kfa,10,15,15,loop,0,0,0,0,0,0,0,,,
17,arachite spell a,sect_spa.kfa,15,15,15,clamp,0,0,0,0,0,0,0,,,
18,arachite spell b,sect_spb.kfa,10,15,15,clamp,0,0,0,0,0,0,0,,,
19,arachite spell c,sect_spc.kfa,23,15,15,clamp,0,0,0,0,0,0,0,,,
20,arachite walk,sect_walk.kfa,20,15,15,loop,0,0,0,0,0,0,0,,,
21,arachite idle,sect_idle.kfa,20,15,15,loop,0,0,0,0,0,0,0,,,
22,Arachite tail attack,sect_atail.kfa,12,15,15,clamp,0,0,0,0,0,0,0,,,
23,Troll Walk,troll_walk.kfa,22,15,15,loop,0,0,0,0,0,0,0,1847,3420,
24,Troll run,troll_run.kfa,18,15,15,loop,0,0,0,0,0,0,0,1847,3419,
25,Troll Spellcast a,troll_sp_a.kfa,15,15,15,clamp,0,0,0,0,0,0,0,,,
26,Troll Spellcast b,troll_sp_b.kfa,10,15,15,loop,0,0,0,0,0,0,0,,,
27,Troll Spellcast c,troll_sp_c.kfa,23,15,15,clamp,0,0,0,0,0,0,0,,,
28,Troll sit a,s_tm_a.kfa,14,15,15,clamp,0,0,0,1,0,0,0,2196,3249,
29,Troll sit b,s_tm_b.kfa,30,15,15,loop,0,0,0,1,0,0,0,2197,3249,
30,Troll sit c,s_tm_c.kfa,14,15,15,clamp,0,0,0,1,0,0,0,,,
31,Male Troll Idle,troll_idle.kfa,25,2,15,loop,0,0,0,0,0,0,0,1739,3418,
32,Troll Female Idle,trollf_idle.kfa,25,2,15,loop,0,0,0,0,0,0,0,1739,3418,
33,Ogre run,ogre_run.kfa,10,15,15,loop,0,0,0,0,0,0,0,,3419,
34,Ogre Walk,ogre_walk.kfa,22,15,15,loop,0,0,0,0,0,0,0,,3420,
35,Ogre Idle,ogre_idle.kfa,16,9,15,loop,0,0,0,0,0,0,0,,3421,
36,Land (after jump),ju_h_b.kfa,20,20,15,clamp,0,0,0,0,0,0,0,,3418,
37,beckon,em_pointhere.kfa,20,15,15,clamp,0,0,0,0,0,0,0,2217,3249,
38,blush,em_blushkick.kfa,25,15,15,clamp,0,0,0,0,0,0,0,1739,3249,
39,bow,em_bow.kfa,25,15,15,clamp,0,0,0,0,0,0,0,1739,3249,
40,cheer,em_cheer.kfa,20,15,15,clamp,0,0,0,0,0,0,0,2211,3370,
41,clap,em_clap.kfa,17,15,15,clamp,0,0,0,0,0,0,0,2212,3368,
42,cry,em_cry.kfa,24,15,15,clamp,0,0,0,0,0,0,0,1739,3249,
43,curtsey,em_curtsey.kfa,35,15,15,clamp,0,0,0,0,0,0,0,1739,3249,
44,big flex,em_dblflex.kfa,35,15,15,clamp,0,0,0,0,0,0,0,2213,3249,
45,blow kiss,em_kiss.kfa,30,15,15,clamp,0,0,0,0,0,0,0,2215,3249,
46,dance,em_rvrdance.kfa,40,15,15,clamp,0,0,0,0,0,0,0,1739,3249,
47,small flex,em_flex.kfa,18,15,15,clamp,0,0,0,0,0,0,0,2214,3249,
48,laugh,em_laugh.kfa,24,15,15,clamp,0,0,0,0,0,0,0,1739,3371,
49,point,em_point.kfa,16,15,15,clamp,0,0,0,0,0,0,0,2217,3249,
50,salute,em_salute.kfa,14,15,15,clamp,0,0,0,0,0,0,0,1739,3413,
51,bang on shield,em_shieldbang.kfa,20,15,15,clamp,0,0,0,0,0,0,0,1739,3249,
52,victory,em_victory.kfa,20,15,15,clamp,0,0,0,0,0,0,0,2211,3415,
53,wave,em_wavelong.kfa,19,15,15,clamp,0,0,0,0,0,0,0,2218,3438,
54,Spear Combat style 3(Not used),a_h_1sp_cs003.kfa,23,15,15,clamp,466,0,0,0,0,0,0,,,
55,Spear combat style 4(Not used),a_h_1sp_cs004.kfa,19,15,15,clamp,333,0,0,0,0,0,0,,,
56,Polearm style 4,a_h_w2s_cs01_04.kfa,15,15,15,clamp,400,0,0,0,0,0,0,1736,3357,
57,Polearm style 5,a_h_w2s_cs01_05.kfa,23,15,15,clamp,466,0,0,0,0,0,0,1737,3357,
58,Staff Style 5,a_h_w2st_cs05.kfa,19,15,15,clamp,300,0,0,0,0,0,0,1759,3365,
59,Dwarf Male 2H combat idle,ci_hd_n2s.kfa,30,15,15,loop,0,0,0,0,0,0,0,1664,3249,
60,Falling,ju_h_c.kfa,10,15,15,loop,0,0,0,0,0,0,0,,,
61,werewolf howl idle anim,ww_idle-howl.kfa,23,5,15,loop,0,0,0,0,0,0,0,,,
62,ettin swim,ettin_swim.kfa,28,15,15,loop,0,0,0,0,0,0,0,,,
63,giant swim,giant_swim.kfa,28,15,15,loop,0,0,0,0,0,0,0,,,
64,lizard swim,lizard_swim.kfa,15,15,15,loop,0,0,0,0,0,0,0,,,
65,roman dead swim,rd_swim.kfa,28,15,15,loop,0,0,0,0,0,0,0,,,
66,skeleton swim,skel_swim.kfa,28,15,15,loop,0,0,0,0,0,0,0,,,
67,vendo swim,ven_swim.kfa,22,15,15,loop,0,0,0,0,0,0,0,,,
68,werewofl swim,ww_swim.kfa,22,15,15,loop,0,0,0,0,0,0,0,,,
69,zombie swim,zombie_swim.kfa,28,15,15,loop,0,0,0,0,0,0,0,,,
70,Arachite swim,sect_swim.kfa,22,15,15,loop,0,0,0,0,0,0,0,,,
71,horse attack high,hrs_atthi.kfa,17,15,15,clamp,0,0,0,0,1,0,0,,,
72,horse attack low,hrs_attlo.kfa,11,15,15,clamp,0,0,0,0,1,0,0,,,
73,horse combat idle,hrs_cidle.kfa,35,15,15,loop,0,0,0,0,1,0,0,,,
74,horse death,hrs_death.kfa,10,15,15,clamp,0,0,0,0,1,0,0,,,
75,horse flinch,hrs_flinch.kfa,8,15,15,clamp,0,0,0,0,1,0,0,,,
76,horse idle,hrs_idle.kfa,16,5,15,loop,0,0,0,0,1,0,0,,,
77,horse run,hrs_gllp.kfa,8,15,15,loop,0,0,0,0,1,0,0,,,
78,horse walk,hrs_walk.kfa,16,15,15,loop,0,0,0,0,1,0,0,,,
79,scrag attack high,scrag_athi.kfa,15,15,15,clamp,0,0,0,0,0,0,0,2180,3249,
80,scrag attack low,scrag_atlo.kfa,17,15,15,clamp,0,0,0,0,0,0,0,2180,3249,
81,scrag combat idle,scrag_cidle.kfa,30,15,15,loop,0,0,0,0,0,0,0,2181,3249,
82,scrag death,scrag_death.kfa,13,15,15,clamp,0,0,0,0,0,0,0,2182,3249,
83,scrag flinch,scrag_flinch.kfa,10,15,15,clamp,0,0,0,0,0,0,0,2183,3249,
84,scrag idle,scrag_idle.kfa,20,15,15,loop,0,0,0,0,0,0,0,2184,3249,
85,scrag run,scrag_run.kfa,10,15,15,loop,0,0,0,0,0,0,0,2184,3249,
86,scrag spell a,scrag_sp_a.kfa,15,15,15,clamp,0,0,0,0,0,0,0,2180,3249,
87,scrag spell b,scrag_sp_b.kfa,10,15,15,loop,0,0,0,0,0,0,0,2180,3249,
88,scrag spellc,scrag_sp_c.kfa,23,15,15,clamp,0,0,0,0,0,0,0,2180,3249,
89,scrag walk,scrag_walk.kfa,20,15,15,loop,0,0,0,0,0,0,0,2184,3249,
90,scrag swim,scrag_swim.kfa,28,15,15,loop,0,0,0,0,0,0,0,2184,3249,
91,Human Shout,a_h_shout.kfa,19,15,15,clamp,0,0,0,0,0,0,0,,,
93,Human throwing a,a_h_1th_1.kfa,37,15,15,clamp,0,0,0,0,0,0,0,1621,3363,
94,Human throwing b,a_h_1th_2.kfa,7,15,15,loop,0,0,0,0,0,0,0,1622,3362,
95,Human throwing c,a_h_1th_3.kfa,13,15,15,clamp,0,0,0,0,0,0,0,1623,3361,
96,Skeleton Walk,skel_walk.kfa,18,15,15,loop,0,0,0,0,0,0,0,,,
97,Skeleton Run,skel_run.kfa,15,15,15,loop,0,0,0,0,0,0,0,,,
98,Skeleton Attack,skel_attack.kfa,13,15,15,clamp,0,0,0,0,0,0,0,,,
99,Skeleton Bow A,skel_bow_a.kfa,37,15,15,clamp,0,0,0,0,0,0,0,,,
100,Skeleton Bow Idle,skel_bow_b.kfa,7,15,15,loop,0,0,0,0,0,0,0,,,
101,Skeleton Bow Fire,skel_bow_c.kfa,13,15,15,clamp,0,0,0,0,0,0,0,,,
102,Skeleton Cast a,skel_cast_a.kfa,15,15,15,clamp,0,0,0,0,0,0,0,,,
103,Skeleton cast b,skel_cast_b.kfa,10,15,15,loop,0,0,0,0,0,0,0,,,
104,Skeleton cast c,skel_cast_c.kfa,23,15,15,clamp,0,0,0,0,0,0,0,,,
105,skeleton combat idle,skel_cidle.kfa,15,15,15,loop,0,0,0,0,0,0,0,,,
106,skeleton death,skel_death.kfa,14,15,15,clamp,0,0,0,0,0,0,0,,,
107,skeleton flinch,skel_flinch.kfa,12,15,15,clamp,0,0,0,0,0,0,0,,,
108,skeleton idle,skel_idle.kfa,15,10,15,loop,0,0,0,0,0,0,0,,,
112,Human spear attack high,a_h_1sp_high.kfa,19,15,15,clamp,0,0,0,0,0,0,0,,,
113,Human spear attack med,a_h_1sp_med.kfa,8,15,15,clamp,0,0,0,0,0,0,0,,,
114,Human spear attack low,a_h_1sp_low.kfa,11,15,15,clamp,0,0,0,0,0,0,0,,,
115,Human spear flinch,cf_h_1sp_high.kfa,12,15,15,clamp,0,0,0,0,0,0,0,,,
116,Human spear flinch low,cf_h_1sp_low.kfa,12,15,15,clamp,0,0,0,0,0,0,0,,,
117,Human Spear combat idle,ci_h_1sp.kfa,30,15,15,loop,0,0,0,0,0,0,0,1656,3357,
118,Human spear style 01,a_h_1sp_cs002.kfa,14,15,15,clamp,0,0,0,0,0,0,0,,,
119,Human spear style 02,a_h_1sp_cs001.kfa,18,15,15,clamp,0,0,0,0,0,0,0,,,
120,cockatrice attack high,cocka_athi.kfa,16,15,15,clamp,0,0,0,0,0,0,0,,,
121,cockatrice attack low,cocka_atlo.kfa,16,15,15,clamp,0,0,0,0,0,0,0,,,
122,cockatrice combat idle,cocka_cidle.kfa,16,10,15,loop,0,0,0,0,0,0,0,,,
123,cockatrice death,cocka_death.kfa,13,15,15,clamp,0,0,0,0,0,0,0,,,
124,cockatrice flinch,cocka_fli.kfa,8,15,15,loop,0,0,0,0,0,0,0,,,
125,cockatrice idle,cocka_idle.kfa,20,15,15,loop,0,0,0,0,0,0,0,,,
126,cockatrice run,cocka_run.kfa,10,15,15,loop,0,0,0,0,0,0,0,,,
127,cockatrice walk,cocka_walk.kfa,20,15,15,loop,0,0,0,0,0,0,0,,,
128,Human Shield combat style 1,a_h_1shld_cs01_01.kfa,15,15,15,clamp,0,0,0,0,0,0,0,1710,3249,
130,Goblin 2 idle,gob2_idle.kfa,60,7,15,loop,0,0,0,0,0,0,0,140,,
131,Goblin 2 combat idle,gob2_cidle.kfa,16,15,15,loop,0,0,0,0,0,0,0,140,,
132,Goblin 2 Run,gob2_run.kfa,10,15,15,loop,0,0,0,0,0,0,0,140,,
133,Goblin 2 Walk,gob2_walk.kfa,16,15,15,loop,0,0,0,0,0,0,0,140,,
134,Goblin 2 attack high,gob2_ahigh.kfa,15,15,15,clamp,0,0,0,0,0,0,0,,,
135,Goblin 2 attack low,gob2_alow.kfa,15,15,15,clamp,0,0,0,0,0,0,0,,,
136,Goblin 2 flinch,gob2_hits.kfa,10,15,15,clamp,0,0,0,0,0,0,0,140,,
137,Goblin 2 spell 1,gob2_sp_a.kfa,15,15,15,clamp,0,0,0,0,0,0,0,,,
138,Goblin 2 spell 2,gob2_sp_b.kfa,10,15,15,loop,0,0,0,0,0,0,0,,,
139,Goblin 2 spell 3,gob2_sp_c.kfa,23,15,15,clamp,0,0,0,0,0,0,0,,,
140,Goblin 2 Swim,gob2_swim.kfa,22,15,15,loop,0,0,0,0,0,0,0,,,
141,Goblin 2 alternate idle 1,gob2_idle1.kfa,20,7,15,loop,0,0,0,0,0,0,0,140,,
142,Goblin 2 alternate idle 2,gob2_idle2.kfa,40,7,15,loop,0,0,0,0,0,0,0,140,,
143,Goblin 2 alternate idle 3 (funny),gob2_idle3.kfa,20,15,15,loop,0,0,0,0,0,0,0,140,,
144,Goblin 2 death,gob2_deth.kfa,13,15,15,clamp,0,0,0,0,0,0,0,,,
145,Staff Style 1,a_h_w2st_cs01.kfa,25,15,15,clamp,0,0,0,0,0,0,0,1763,3365,
146,Staff Style2,a_h_w2st_cs02.kfa,19,15,15,clamp,0,0,0,0,0,0,0,1762,3365,
147,Staff Style 3,a_h_w2st_cs03.kfa,25,15,15,clamp,0,0,0,0,0,0,0,1761,3365,
148,Staff Style 4,a_h_w2st_cs04.kfa,23,15,15,clamp,0,0,0,0,0,0,0,1760,3365,
149,vendo walk,ven_walk.kfa,22,15,15,loop,0,0,0,0,0,0,0,,,
150,vendo run,ven_run.kfa,10,15,15,loop,0,0,0,0,0,0,0,,,
151,vendo combat idle,ven_cidle.kfa,30,15,15,loop,0,0,0,0,0,0,0,,,
152,vendo attack high,ven_ahigh.kfa,17,15,15,clamp,0,0,0,0,0,0,0,,,
153,vendo attack med,ven_amed.kfa,15,15,15,clamp,0,0,0,0,0,0,0,,,
154,vendo attack low,ven_alow.kfa,15,15,15,clamp,0,0,0,0,0,0,0,,,
155,vendo flinch,ven_flinch.kfa,10,15,15,clamp,0,0,0,0,0,0,0,,,
156,vendo swim,ven_swim.kfa,22,15,15,loop,0,0,0,0,0,0,0,,,
157,vendo death,ven_death.kfa,13,15,15,clamp,0,0,0,0,0,0,0,,,
158,vendo spell cast a,ven_spella.kfa,15,15,15,clamp,0,0,0,0,0,0,0,,,
159,vendo spellcast b,ven_spellb.kfa,10,15,15,loop,0,0,0,0,0,0,0,,,
160,vendo spellcast c,ven_spellc.kfa,23,15,15,clamp,0,0,0,0,0,0,0,,,
161,vendo idle,ven_idle.kfa,30,4,15,loop,0,0,0,0,0,0,0,,,
162,werewolf walk,ww_walk.kfa,20,15,15,loop,0,0,0,0,0,0,0,1847,3249,
163,werewolf run,ww_run.kfa,10,15,15,loop,0,0,0,0,0,0,0,1847,3249,
164,werewolf idle,ww_idle.kfa,30,5,15,loop,0,0,0,0,0,0,0,1739,3249,
165,werewolf combat idle,ww_cidle.kfa,14,15,15,loop,0,0,0,0,0,0,0,1654,3249,
166,werewolf attack high,ww_ahigh.kfa,13,15,15,clamp,0,0,0,0,0,0,0,1613,3249,
167,werewolf attack medium with weapon,ww_amedw.kfa,10,15,15,clamp,0,0,0,0,0,0,0,1616,3249,
168,werewolf attack low,ww_alow.kfa,10,15,15,clamp,0,0,0,0,0,0,0,1613,3249,
169,werewolf attack low with weapon,ww_aloww.kfa,10,15,15,clamp,0,0,0,0,0,0,0,1616,3249,
170,werewolf flinch,ww_flinch.kfa,10,15,15,clamp,0,0,0,0,0,0,0,1653,3249,
171,werewolf swim,ww_swim.kfa,22,15,15,loop,0,0,0,0,0,0,0,1847,3249,
172,werewolf death,ww_death.kfa,14,15,15,clamp,0,0,0,0,0,0,0,1669,3249,
173,werewolf spell a,ww_spella.kfa,15,15,15,clamp,0,0,0,0,0,0,0,1757,3249,
174,werewolff spell b,ww_spellb.kfa,10,15,15,loop,0,0,0,0,0,0,0,1802,3249,
175,werewolf spell c,ww_spellc.kfa,23,15,15,clamp,0,0,0,0,0,0,0,1748,3249,
176,Lurikeen female idle,I_lf.kfa,30,5,15,loop,0,0,0,0,0,0,0,1739,3418,
177,lurikeen male idle,I_lm.kfa,30,5,15,loop,0,0,0,0,0,0,0,1739,3418,
178,lurikeen female run,r_lf.kfa,12,15,15,loop,0,0,0,0,0,0,0,1847,3248,
179,lurikeen male run,r_lm.kfa,12,15,15,loop,0,0,0,0,0,0,0,1847,3248,
180,lurikeen female walk,w_lf.kfa,15,15,15,loop,0,0,0,0,0,0,0,1847,3247,
181,lurikeen male walk,w_lm.kfa,22,15,15,loop,0,0,0,0,0,0,0,1847,3247,
182,Firbolg female idle,I_ff.kfa,30,5,15,loop,0,0,0,0,0,0,0,1739,3418,
183,Ettin Attack High,ettin_ahigh.kfa,15,15,15,clamp,0,0,0,0,0,0,0,,,
184,Ettin attack medium,ettin_amed.kfa,12,15,15,clamp,0,0,0,0,0,0,0,,,
185,Ettin Death,ettin_death.kfa,13,15,15,clamp,0,0,0,0,0,0,0,,,
186,Ettin Hits,ettin_hits.kfa,10,15,15,clamp,0,0,0,0,0,0,0,,,
187,Ettin Idle,ettin_idle.kfa,50,5,15,loop,0,0,0,0,0,0,0,,,
188,Ettin Run,ettin_run.kfa,14,15,15,loop,0,0,0,0,0,0,0,,,
189,Ettin spellcast a,ettin_spellcast_a.kfa,15,15,15,clamp,0,0,0,0,0,0,0,,,
190,Ettin spellcast b,ettin_spellcast_b.kfa,10,15,15,clamp,0,0,0,0,0,0,0,,,
191,Ettin spellcast c,ettin_spellcast_c.kfa,23,15,15,clamp,600,0,0,0,0,0,0,,,
192,Ettin Walk,ettin_run.kfa,28,15,15,loop,300,0,0,0,0,0,0,,,
193,Ettin combat idle,ettin_cidle.kfa,15,15,15,loop,300,0,0,0,0,0,0,,,
194,1h Crush Style 4,a_h_1c_cs01_04.kfa,23,15,15,clamp,0,0,0,0,0,0,0,1693,3364,
195,1h Slash style 5,a_h_1s_cs01_05.kfa,16,15,15,clamp,0,0,0,0,0,0,0,1706,3364,
196,1H crush style 5,a_h_1c_cs01_05.kfa,17,15,15,clamp,0,0,0,0,0,0,0,1694,3364,
197,1H slash style 6,a_h_1s_cs01_06.kfa,16,15,15,clamp,250,0,0,0,0,0,0,1707,3364,
198,1H Thrust style 4,a_h_1t_cs01_04.kfa,29,15,15,clamp,500,0,0,0,0,0,0,1714,3364,
199,1H thrust style 5,a_h_1t_cs01_05.kfa,26,15,15,clamp,400,0,0,0,0,0,0,1715,3364,
200,Brownie Walk,brown_walk.kfa,20,15,15,loop,400,0,0,0,0,0,0,,,
201,Brownie Idle,brown_idle.kfa,6,6,15,loop,0,0,0,0,0,0,0,,,
202,Brownie Attack,brown_attack.kfa,11,15,15,clamp,0,0,0,0,0,0,0,,,
203,Brownie Swim,brown_swim.kfa,28,15,15,loop,0,0,0,0,0,0,0,,,
204,Brownie Die,brown_die.kfa,9,15,15,clamp,0,0,0,0,0,0,0,,,
205,Brownie Flinch,brown_flinch.kfa,9,15,15,clamp,466,0,0,0,0,0,0,,,
206,Brownie Sum,brown_sum.kfa,15,15,15,clamp,466,0,0,0,0,0,0,,,
207,Brownie Gat,brown_gat.kfa,7,15,15,loop,0,0,0,0,0,0,0,,,
208,Brownie Cst,brown_cst.kfa,15,15,15,loop,0,0,0,0,0,0,0,,,
212,Roman Dead Walk,rd_walk.kfa,30,15,15,loop,0,0,0,0,0,0,0,,,
213,Roman Dead idle,RD_idle.kfa,30,15,15,loop,0,0,0,0,0,0,0,,,
214,Roman Dead Cidle,RD_cidle.kfa,30,15,15,loop,0,0,0,0,0,0,0,1654,3249,
216,Human Crossbow,a_h_2cb_3.kfa,13,15,15,clamp,0,0,0,0,0,0,0,1629,3358,
217,Human Lute Spell,SP_H_Lute_A.kfa,15,15,15,clamp,400,0,0,0,0,0,0,,,
218,Human Lute Spell,SP_H_Lute_B.kfa,10,15,15,loop,470,0,0,0,0,0,0,,,
219,Human Lute Spell,SP_H_Lute_C.kfa,23,15,15,clamp,304,0,0,0,0,0,0,,,
220,Human Drum Spell,SP_H_drum_A.kfa,15,15,15,clamp,0,0,0,0,0,0,0,,,
221,Human drum Spell,SP_H_drum_B.kfa,10,15,15,loop,0,0,0,0,0,0,0,,,
222,Human Drum Spell,SP_H_drum_C.kfa,23,15,15,clamp,0,0,0,0,0,0,0,,,
223,Roman Dead attack,RD_attack.kfa,12,15,15,clamp,400,0,0,0,0,0,0,,,
224,Roman Dead death,RD_death.kfa,14,15,15,clamp,333,0,0,0,0,0,0,1617,3249,
225,Roman Dead flinch,RD_flinch.kfa,12,15,15,clamp,466,0,0,0,0,0,0,1653,3249,
231,Roman Dead run,R_hm.kfa,15,15,15,loop,0,0,0,0,0,0,0,,,
233,Human Attack,a_h_1s_high_d.kfa,17,12,15,clamp,0,0,0,0,0,0,0,1614,3364,
236,Kobold Male Idle,I_km.kfa,25,2,15,loop,0,0,0,0,0,0,0,,,
240,Wolf Idle,wlf_idle.kfa,48,12,15,loop,0,0,0,0,1,0,0,3626,,
241,Wolf Trot,wlf_walk.kfa,10,15,15,loop,0,0,0,0,1,0,0,3626,,
242,Wolf Gallop/run,wlf_gllp.kfa,10,15,15,loop,0,0,0,0,1,0,0,3626,,
243,Wolf Walk,wlf_walk.kfa,54,15,15,loop,0,0,0,0,1,0,0,3626,,
244,Wolf Death,wlf_deth.kfa,13,15,15,clamp,0,0,0,0,1,0,0,,,
245,Wolf Attack Hi,wlf_alo.kfa,20,15,15,clamp,0,0,0,0,1,0,0,,,
246,Wolf Attack Lo,wlf_alo.kfa,20,15,15,clamp,0,0,0,0,1,0,0,,,
247,Wolf Flinch,wlf_hits.kfa,12,15,15,clamp,0,0,0,0,1,0,0,,,
248,Wolf Combat Idle,wlf_grwl.kfa,16,15,15,loop,0,0,0,0,1,0,0,3626,,
250,Goblin Idle,gob_idle.kfa,60,6,15,loop,0,0,0,0,0,0,0,,,
251,Goblin Walk,gob_walk.kfa,20,15,15,loop,0,0,0,0,0,0,0,,,
252,Goblin Run,gob_run.kfa,11,15,15,loop,0,0,0,0,0,0,0,,,
253,Goblin Attack Hi,gob_alo.kfa,10,15,15,clamp,0,0,0,0,0,0,0,,,
254,Goblin Death,gob_deth.kfa,10,15,15,clamp,0,0,0,0,0,0,0,,,
255,Goblin Combat Idle,gob_idla.kfa,30,15,15,loop,0,0,0,0,0,0,0,,,
256,Goblin Combat Flinch,gob_hits.kfa,10,15,15,clamp,0,0,0,0,0,0,0,,,
260,Spider Idle,spider_idle.kfa,30,3,15,loop,0,0,0,0,0,0,0,,,
261,Spider Walk,spider_walk.kfa,15,30,30,loop,0,0,0,0,0,0,0,,,
262,Spider Run,spider_run.kfa,15,30,30,loop,0,0,0,0,0,0,0,,,
263,Spider Attack Hi,spider_attack.kfa,17,15,15,clamp,0,0,0,0,0,0,0,,,
264,Spider Death,spider_death.kfa,20,15,15,clamp,0,0,0,0,0,0,0,,,
265,Spider Combat Idle,spider_cidle.kfa,30,15,15,loop,0,0,0,0,0,0,0,,,
266,Spider Combat Flinch,spider_flinch.kfa,10,15,15,clamp,466,0,0,0,0,0,0,,,
270,Bear Idle,bear_idle.kfa,50,15,15,loop,333,0,0,0,1,0,0,3627,,
271,Bear Walk,bear_walk.kfa,64,15,15,loop,533,0,0,0,1,0,0,3627,,
272,Bear Run,bear_run.kfa,12,15,15,loop,333,0,0,0,1,0,0,3627,,
273,Bear Death,bear_death.kfa,19,15,15,clamp,1000,0,0,0,1,0,0, ,,
274,Bear Attack Hi,bear_attack.kfa,10,15,15,clamp,0,0,0,0,1,0,0,,,
275,Bear Attack Lo,bear_attack.kfa,10,15,15,clamp,0,0,0,0,1,0,0,,,
276,Bear Flinch,bear_flinch.kfa,10,15,15,clamp,0,0,0,0,1,0,0,,,
277,Bear Combat Idle,bear_cidle.kfa,30,15,15,loop,0,0,0,0,1,0,0,3627,,
280,Tree Idle,tree_idle.kfa,30,15,15,loop,0,0,0,0,0,0,0,2208,3249,
281,Tree Walk,tree_walk.kfa,15,15,15,loop,0,0,0,0,0,0,0,2209,3247,
282,2H style 05,a_h_n2_cs01_05.kfa,24,15,15,clamp,0,0,0,0,0,0,0,1731,3249,
283,Tree Death,Tree_death.kfa,31,15,15,clamp,0,0,0,0,0,0,0,2206,3249,
284,Tree Attack Hi,tree_attack1.kfa,10,15,15,clamp,0,0,0,0,0,0,0,2204,3364,
285,Tree Attack Lo,tree_attack2.kfa,16,15,15,clamp,0,0,0,0,0,0,0,2204,3364,
286,Tree Flinch,tree_flinch.kfa,10,15,15,clamp,0,0,0,0,0,0,0,2207,3249,
287,tree idle,tree_cidle.kfa,16,15,15,loop,0,0,0,0,0,0,0,2208,3249,
288,Roman dead bow,Rd_bow_a.kfa,37,15,15,clamp,0,0,0,0,0,0,0,,,
289,Roman dead bow,Rd_bow_b.kfa,7,15,15,loop,0,0,0,0,0,0,0,,,
290,Lion Idle,lion_idle.kfa,48,8,15,loop,0,0,0,0,1,0,0,3625,,
291,Lion Walk,lion_walk.kfa,60,15,15,loop,0,0,0,0,1,0,0,3625,,
292,Lion Run,lion_run.kfa,10,15,15,loop,0,0,0,0,1,0,0,3625,,
293,Lion Death,lion_death.kfa,21,15,15,clamp,0,0,0,0,1,0,0,,,
294,Lion Attack Hi,lion_attack.kfa,22,15,15,clamp,0,0,0,0,1,0,0,,,
295,Lion Attack Lo,lion_attack.kfa,22,15,15,clamp,0,0,0,0,1,0,0,,,
296,Lion Flinch,lion_flinch.kfa,12,15,15,clamp,0,0,0,0,1,0,0,,,
297,Lion Combat Idle,lion_cidle.kfa,22,15,15,loop,0,0,0,0,1,0,0,3625,,
298,Roman dead bow,Rd_bow_c.kfa,13,15,15,clamp,0,0,0,0,0,0,0,,,
299,Roman dead Cbow,Rd_cbow_a.kfa,37,15,15,clamp,0,0,0,0,0,0,0,,,
300,Lizard Idle,lizard_idle.kfa,16,3,15,loop,0,0,0,0,1,0,0,,,
301,Lizard Walk,lizard_walk.kfa,16,15,15,loop,0,0,0,0,1,0,0,,,
302,Lizard Run,lizard_run.kfa,12,15,15,loop,0,0,0,0,1,0,0,,,
303,Lizard Death,lizard_death.kfa,24,15,15,clamp,0,0,0,0,1,0,0,,,
304,Lizard Attack Hi,lizard_attack.kfa,16,15,15,clamp,0,0,0,0,1,0,0,,,
305,Lizard Attack Lo,lizard_attack.kfa,16,15,15,clamp,0,0,0,0,1,0,0,,,
306,Lizard Flinch,lizard_flinch.kfa,12,15,15,clamp,0,0,0,0,1,0,0,,,
307,Lizard Combat Idle,lizard_cidle.kfa,16,15,15,loop,0,0,0,0,1,0,0,,,
308,zombie Idle,zombie_idle.kfa,30,15,15,loop,0,0,0,0,0,0,0,1739,3249,
309,zombie combat Idle,zombie_cidle.kfa,30,15,15,loop,0,0,0,0,0,0,0,1654,3249,
310,zombie death,zombie_death.kfa,15,15,15,clamp,0,0,0,0,0,0,0,1669,3249,
311,zombie attack,zombie_attack.kfa,20,15,15,clamp,0,0,0,0,0,0,0,1617,3364,
312,zombie flinch,zombie_flinch.kfa,25,15,15,clamp,0,0,0,0,0,0,0,1653,3249,
313,zombie Run,zombie_run.kfa,15,15,15,loop,0,0,0,0,0,0,0,1847,3248,
314,zombie walk,zombie_walk.kfa,15,8,15,loop,0,0,0,0,0,0,0,1847,3247,
315,Roman dead Cbow,Rd_cbow_b.kfa,7,15,15,loop,0,0,0,0,0,0,0,,,
316,Roman dead Cbow,Rd_cbow_c.kfa,13,15,15,clamp,0,0,0,0,0,0,0,,,
317,Ven_bowA.kfa,Ven_bowA.kfa,37,15,15,clamp,0,0,0,0,0,0,0,,,
318,Ven_bowB.kfa,Ven_bowB.kfa,7,15,15,loop,0,0,0,0,0,0,0,,,
319,Ven_bowC.kfa,Ven_bowC.kfa,13,15,15,clamp,0,0,0,0,0,0,0,,,
320,Boar Idle,boar_idle.kfa,16,3,15,loop,0,0,0,0,1,0,0,,,
321,Boar Walk,boar_walk.kfa,7,15,15,loop,0,0,0,0,1,0,0,,,
322,Boar Run,boar_run.kfa,15,30,30,loop,0,0,0,0,1,0,0,,,
323,Boar Death,boar_death.kfa,19,15,15,clamp,0,0,0,0,1,0,0,,,
324,Boar Attack Hi,boar_attack.kfa,10,15,15,clamp,0,0,0,0,1,0,0,,,
325,Boar Attack Lo,boar_attack.kfa,10,15,15,clamp,0,0,0,0,1,0,0,,,
326,Boar Flinch,boar_flinch.kfa,10,15,15,clamp,0,0,0,0,1,0,0,,,
327,Boar Combat Idle,boar_cidle.kfa,30,15,15,loop,0,0,0,0,1,0,0,,,
329,Idle,I_hm.kfa,30,4,15,loop,0,0,0,0,0,0,0,1739,3418,
331,Human Male walk ,W_hm.kfa,18,15,15,loop,0,0,0,0,0,0,0,1847,3247,
332,Human Male Walk Backward,WB_Hm.kfa,30,15,15,loop,0,0,0,0,0,0,0,1854,3247,
333,Human Male Walk (Strafe) Left,St_hm_L.kfa,15,15,15,loop,0,0,0,0,0,0,0,1847,3247,
334,Human Male Walk (Strafe) Right,St_hm_R.kfa,15,15,15,loop,0,0,0,0,0,0,0,1847,3247,
338,Human Crawl,Sw_h.kfa,30,6,15,loop,0,0,0,1,0,0,0,1847,3418,
340,Human Jump,ju_h_a.kfa,6,15,15,clamp,0,0,0,0,0,0,0,,3418,
341,Human Female SIT,K_hf_a.kfa,10,15,15,clamp,0,0,0,1,0,0,0,2196,3249,
342,Human Female SIT,K_hf_b.kfa,30,15,15,loop,0,0,0,1,0,0,0,2197,3249,
343,Human Female SIT,K_hf_c.kfa,10,15,15,clamp,0,0,0,1,0,0,0,1739,3249,
344,Human Male SIT,s_hm_a.kfa,12,15,15,clamp,0,0,0,1,0,0,0,1739,3249,
345,Human Male SIT,s_hm_b.kfa,30,15,15,loop,0,0,0,1,0,0,0,2197,3249,
346,Human Male SIT,s_hm_c.kfa,12,15,15,clamp,0,0,0,1,0,0,0,1739,3249,
347,Human Wide 2H Attack,a_h_w2st_med.kfa,15,15,15,clamp,0,0,0,0,0,0,0,1650,3249,
348,Human Wide 2H Attack,a_h_w2st_low.kfa,15,15,15,clamp,0,0,0,0,0,0,0,1649,3249,
349,Human Wide 2H Attack,a_h_w2st_high.kfa,15,15,15,clamp,0,0,0,0,0,0,0,1648,3249,
350,Female Walk,w_hf_forward.kfa,15,15,15,loop,0,0,0,0,0,0,0,1847,3420,
351,Female Run,r_hf.kfa,12,15,15,loop,0,0,0,0,0,0,0,1848,3419,
354,2 handed high,a_h_n2s_high.kfa,13,15,15,clamp,0,0,0,0,0,0,0,1639,3249,
355,2 handed low,a_h_n2s_low.kfa,13,15,15,clamp,0,0,0,0,0,0,0,1640,3249,
356,2 handed medium,a_h_n2s_med.kfa,13,15,15,clamp,0,0,0,0,0,0,0,1641,3249,
357,polearm high,a_h_w2s_high.kfa,17,15,15,clamp,0,0,0,0,0,0,0,1645,3357,
358,polearm low,a_h_w2s_low.kfa,19,15,15,clamp,0,0,0,0,0,0,0,1646,3357,
359,polearm medium,a_h_w2s_med.kfa,9,15,15,clamp,333,0,0,0,0,0,0,1647,3357,
360,Human 2H Combat Idle,ci_h_n2s.kfa,30,15,15,loop,0,0,0,0,0,0,0,1660,3249,
361,Human 2H PoleArm Combat Idle,ci_h_w2s.kfa,18,15,15,loop,0,0,0,0,0,0,0,1662,3357,
362,Human Bowt Idle,ci_h_2b.kfa,15,15,15,loop,733,0,0,0,0,0,0,1657,3249,
364,Human Combat Idle Staff,ci_h_w2st.kfa,15,15,15,loop,0,0,0,0,0,0,0,1663,3249,
365,Firbolg Male  walk,w_fm.kfa,22,15,15,loop,0,0,0,0,0,0,0,1847,3247,
366,firbolg male run,r_fm.kfa,15,15,15,loop,0,0,0,0,0,0,0,1847,3248,
367,firbolg male idle,I_fm.kfa,45,7,15,loop,0,0,0,0,0,0,0,1739,3418,
368,Human Combat Staff flinch high,CF_h_w2st_high.kfa,13,15,15,loop,0,0,0,0,0,0,0,,,
369,Human Combat Staff Attack Med,A_h_w2st_med.kfa,12,15,15,loop,0,0,0,0,0,0,0,,,
370,Demon walk,dem_w.kfa,23,15,15,loop,0,0,0,0,0,0,0,,,
371,Demon Death,dem_D.kfa,38,15,15,clamp,0,0,0,0,0,0,0,,,
372,Demon Idle,dem_I1.kfa,30,3,15,loop,0,0,0,0,0,0,0,,,
373,Demon Attack,dem_A.kfa,12,15,15,clamp,0,0,0,0,0,0,0,,,
374,Demon Flinch,dem_f.kfa,13,15,15,clamp,0,0,0,0,0,0,0,,,
375,Human Bow,a_h_2b_1.kfa,38,15,15,clamp,0,0,0,0,0,0,0,1624,3363,
376,Human Bow2,a_h_2b_2.kfa,8,15,15,loop,0,0,0,0,0,0,0,1625,3362,
377,Human Bow3,a_h_2b_3.kfa,14,15,15,clamp,0,0,0,0,0,0,0,1626,3361,
378,Human  Attack,a_h_1s_high.kfa,14,15,15,clamp,0,0,0,0,0,0,0,1613,3364,
379,Human  Attack,a_h_1s_low.kfa,14,15,15,clamp,0,0,0,0,0,0,0,1616,3364,
380,Human Walk,W_hm.kfa,18,15,15,loop,0,0,0,0,0,0,0,1847,3420,
381,Human run,R_hm.kfa,15,15,15,loop,0,0,0,0,0,0,0,1847,3419,
382,Human Female Idle,I_hf.kfa,60,3,15,loop,0,0,0,0,0,0,0,1739,3418,
383,Human Combat Idle,ci_h_1s.kfa,30,15,15,loop,0,0,0,0,0,0,1,1654,3249,
384,Human  Attack,a_h_1s_med.kfa,14,15,15,clamp,0,0,0,0,0,0,0,1617,3364,
385,Human Flinch,cf_h_1s_med.kfa,12,15,15,clamp,0,0,0,0,0,0,1,1653,3249,
386,Human Male Death,D_hm.kfa,35,15,15,clamp,0,0,0,1,0,0,0,1669,3249,
387,Spellcast Throw Start,SP_H_Default_A.kfa,15,15,15,clamp,0,0,0,0,0,0,0,1750,3356,
388,Spellcast Throw Mid,SP_H_Default_B.kfa,10,15,15,loop,0,0,0,0,0,0,0,1749,3355,
389,Spellcast Throw End,SP_H_Default_C.kfa,23,15,15,clamp,0,0,0,0,0,0,0,1748,3354,
390,snake,snake_m.kfa,15,15,15,loop,0,0,0,0,0,0,0,,,
391,snake idle,snake_i.kfa,30,5,15,loop,0,0,0,0,0,0,0,,,
392,snake attack,snake_a.kfa,15,11,11,clamp,0,0,0,0,0,0,0,,,
396,Snake Death,snake_d.kfa,30,15,15,clamp,0,0,0,0,0,0,0,,,
397,Human Crossbow,ci_h_2cb.kfa,16,15,15,loop,0,0,0,0,0,0,0,1658,3360,
398,Human Crossbow,a_h_2cb_1.kfa,37,15,15,clamp,0,0,0,0,0,0,0,1627,3359,
399,Human Crossbow,a_h_2cb_2.kfa,7,15,15,loop,0,0,0,0,0,0,0,1628,3358,
400,Rock Creature Idle,rock_idle.kfa,30,15,15,loop,0,0,0,0,0,0,0,2184,3249,
401,Rock Creature Flinch,rock_flinch.kfa,15,15,15,clamp,0,0,0,0,0,0,0,2183,3249,
402,Rock Creature run,rock_run.kfa,22,15,15,loop,0,0,0,0,0,0,0,2184,3248,
403,Rock Creature Walk,rock_walk.kfa,40,15,15,loop,0,0,0,0,0,0,0,2184,3247,
404,Rock Creature Attack,rock_attack1.kfa,22,15,15,clamp,0,0,0,0,0,0,0,2180,3364,
405,Rock Creature die,rock_die.kfa,43,15,15,clamp,0,0,0,0,0,0,0,2182,3249,
406,Rock Creature Attack 2,rock_attack2.kfa,19,15,15,clamp,0,0,0,0,0,0,0,2180,3364,
407,Ant Run,ant_run.kfa,15,15,15,loop,0,0,0,0,0,0,0,,,
408,Ant Attack 1,ant_attack1.kfa,15,15,15,clamp,0,0,0,0,0,0,0,,,
409,Ant Die,ant_die.kfa,15,15,15,clamp,0,0,0,0,0,0,0,,,
410,Ant Flinch,ant_flinch.kfa,8,15,15,clamp,0,0,0,0,0,0,0,,,
411,Ant Idle,ant_idle.kfa,30,15,15,loop,0,0,0,0,0,0,0,,,
412,Ant idle 2,ant_idle2.kfa,30,8,15,loop,0,0,0,0,0,0,0,,,
413,1h slash low,a_h_1s_low.kfa,14,10,15,clamp,0,0,0,0,0,0,0,,,
415,1 handed thrust high,a_h_1t_high.kfa,14,15,15,clamp,0,0,0,0,0,0,0,1618,3364,
416,1 handed thrust med,a_h_1t_med.kfa,14,15,15,clamp,0,0,0,0,0,0,0,1620,3364,
417,1 handed thrust low,a_h_1t_low.kfa,14,15,15,clamp,0,0,0,0,0,0,0,1619,3364,
418,left hand high,a_h_1l_high.kfa,14,15,15,clamp,0,0,0,0,0,0,0,1610,3249,
419,left hand med,a_h_1l_med.kfa,14,15,15,clamp,0,0,0,0,0,0,0,1612,3249,
420,left hand low,a_h_1l_low.kfa,14,15,15,clamp,0,0,0,0,0,0,0,1611,3249,
421,Dual wield high,a_h_1d_high.kfa,17,15,15,clamp,0,0,0,0,0,0,0,1607,3249,
422,dual wield med,a_h_1d_med.kfa,17,15,15,clamp,0,0,0,0,0,0,0,1609,3249,
423,Style 1H crush 01,a_h_1c_cs01_01.kfa,15,15,15,clamp,0,0,0,0,0,0,0,1690,3364,
424,Style 1H crush 02,a_h_1c_cs01_02.kfa,23,15,15,clamp,0,0,0,0,0,0,0,1691,3364,
425,Style 1h Slash  01,a_h_1s_cs01_01.kfa,14,15,15,clamp,0,0,0,0,0,0,0,1702,3364,
426,Style 1h slash 02,a_h_1s_cs01_02.kfa,14,15,15,clamp,0,0,0,0,0,0,0,1703,3364,
427,Style Polearm 01,a_h_w2s_cs01_01.kfa,14,15,15,clamp,0,0,0,0,0,0,0,1733,3357,
428,Style Polearm 02,a_h_w2s_cs01_02.kfa,15,15,15,clamp,0,0,0,0,0,0,0,1734,3357,
429,Style 2h 01,a_h_n2_cs01_01.kfa,16,15,15,clamp,0,0,0,0,0,0,0,1727,3249,
430,Style 2h 02,a_h_n2_cs01_02.kfa,22,15,15,clamp,0,0,0,0,0,0,0,1728,3249,
431,Style Dual Wield 01,a_h_d2_cs01_01.kfa,17,15,15,clamp,333,0,0,0,0,0,0,1716,3249,
432,Style Dual Wield 02,a_h_d2_cs01_02.kfa,18,15,15,clamp,400,0,0,0,0,0,0,1717,3249,
433,Style 1H Slash 03,a_h_1s_cs01_03.kfa,22,15,15,clamp,400,0,0,0,0,0,0,1704,3364,
434,Style DW 03,a_h_d2_cs01_03.kfa,23,15,15,clamp,0,0,0,0,0,0,0,1718,3249,
435,Style 2H 03,A_h_n2_cs01_03.kfa,21,15,15,clamp,0,0,0,0,0,0,0,1729,3249,
436,Style 1h Thrust 01,a_h_1t_cs01_01.kfa,26,15,15,clamp,0,0,0,0,0,0,0,1711,3364,
437,Style 1H Thrust 02,a_h_1t_cs01_02.kfa,23,15,15,clamp,0,0,0,0,0,0,0,1712,3364,
438,Dual Wield (NOT STYLE) Low,a_h_1d_low.kfa,17,15,15,clamp,400,0,0,0,0,0,0,1608,3249,
439,Parry 1H High,p_h_1h_high.kfa,13,15,15,clamp,400,0,0,0,0,0,0,1676,3249,
440,Parry 1H Low,p_h_1h_low.kfa,13,15,15,clamp,400,0,0,0,0,0,0,1677,3249,
441,Parry Dual High,p_h_1d_high.kfa,13,15,15,clamp,266,0,0,0,0,0,0,1674,3249,
442,Parry Dual Low,p_h_1d_low.kfa,13,15,15,clamp,400,0,0,0,0,0,0,1675,3249,
443,Parry Pole high,p_h_w2s_high.kfa,15,15,15,clamp,333,0,0,0,0,0,0,1680,3249,
444,Parry Pole Low,p_h_w2s_low.kfa,15,15,15,clamp,0,0,0,0,0,0,0,1681,3249,
445,Parry 2h high,p_h_n2s_high.kfa,15,15,15,clamp,0,0,0,0,0,0,0,1678,3249,
446,Parry 2h low,p_h_n2s_low.kfa,15,15,15,clamp,0,0,0,0,0,0,0,1679,3249,
447,Block high,b_h_1h_high.kfa,15,15,15,clamp,0,0,0,0,0,0,0,1651,3249,
448,Block Low,b_h_1h_low.kfa,15,15,15,clamp,0,0,0,0,0,0,0,1652,3249,
449,Evade 1H,e_h_1h.kfa,15,15,15,clamp,0,0,0,0,0,0,0,1670,3249,
450,Frog Attack,frog_attack1.kfa,12,15,15,clamp,0,0,0,0,1,0,0,,,
451,Frog Attack 2,frog_attack2.kfa,18,15,15,clamp,0,0,0,0,1,0,0,,,
452,Frog Die,frog_die.kfa,8,15,15,clamp,0,0,0,0,1,0,0,,,
453,frog flinch,frog_flinch.kfa,10,15,15,clamp,0,0,0,0,1,0,0,,,
454,frog flinch 2,frog_flinch2.kfa,7,15,15,clamp,0,0,0,0,1,0,0,,,
455,frog_idle1,frog_idle1.kfa,38,15,15,loop,0,0,0,0,1,0,0,,,
456,frog idle 2,frog_idle2.kfa,38,15,15,loop,0,0,0,0,1,0,0,,,
457,frog run,frog_run.kfa,13,15,15,loop,0,0,0,0,1,0,0,,,
458,frog swim,frog_swim.kfa,25,15,15,loop,0,0,0,0,1,0,0,,,
459,frog walk,frog_walk.kfa,22,15,15,loop,0,0,0,0,1,0,0,,,
460,Parry Staff high,p_h_w2st_high.kfa,16,15,15,clamp,0,0,0,0,0,0,0,1682,3249,
461,Parry Staff Low,p_h_w2st_low.kfa,16,15,15,clamp,0,0,0,0,0,0,0,,,
462,Evade Pole,e_h_w2s.kfa,19,15,15,clamp,333,0,0,0,0,0,0,1672,3249,
463,Evade 2h,e_h_n2s.kfa,16,15,15,clamp,333,0,0,0,0,0,0,1671,3249,
464,Giant attack 1,giant_attack1.kfa,20,15,15,clamp,0,0,0,0,0,0,0,2185,3364,
465,Giant Attack 2,giant_attack2.kfa,15,15,15,clamp,0,0,0,0,0,0,0,2185,3364,
466,Giant Combat Idle,giant_combidle1.kfa,20,15,15,loop,0,0,0,0,0,0,0,2186,,
467,Giant Death,giant_die.kfa,45,15,15,clamp,0,0,0,0,0,0,0,2187,3249,
468,Giant Flinch,giant_flinch1.kfa,7,15,15,clamp,333,0,0,0,0,0,0,2188,3249,
469,Giant flinch2,giant_flinch2.kfa,10,15,15,clamp,0,0,0,0,0,0,0,2188,3249,
470,Giant Idle 1,giant_idle1.kfa,120,15,15,loop,0,0,0,0,0,0,0,2189,3249,
471,Giant Idle 2,giant_idle2.kfa,60,15,15,loop,0,0,0,0,0,0,0,2189,3249,
472,Giant Run,giant_run.kfa,30,15,15,loop,0,0,0,0,0,0,0,2189,3248,
473,Giant Walk,giant_walk.kfa,40,15,15,loop,0,0,0,0,0,0,0,2189,3247,
474,Flute 1,sp_h_flute_a.kfa,15,15,15,clamp,0,0,0,0,0,0,0,,,
475,Flute 2,sp_h_flute_b.kfa,10,15,15,clamp,0,0,0,0,0,0,0,,,
476,Flute 3,sp_h_flute_c.kfa,23,15,15,clamp,0,0,0,0,0,0,0,,,
477,Worm Attack,worm_attack.kfa,13,15,15,clamp,0,0,0,0,0,0,0,,,
478,Worm Walk,worm_walk.kfa,15,15,15,loop,0,0,0,0,0,0,0,,,
479,Worm Combat Idle,worm_cidle.kfa,15,15,15,loop,0,0,0,0,0,0,0,,,
480,Worm Death,worm_death.kfa,20,15,15,clamp,0,0,0,0,0,0,0,,,
481,Worm Run,worm_run.kfa,12,15,15,loop,0,0,0,0,0,0,0,,,
482,Worm Flinch,worm_flinch.kfa,15,15,15,clamp,0,0,0,0,0,0,0,,,
483,Worm Idle,worm_idle.kfa,15,15,15,loop,0,0,0,0,0,0,0,,,
487,STYLE  1H slash 04,a_h_1s_cs01_04.kfa,16,15,15,clamp,0,0,0,0,0,0,0,1705,3364,
488,STYLE 1h crush 03,a_h_1c_cs01_03.kfa,24,15,15,clamp,0,0,0,0,0,0,0,1692,3364,
489,STYLE 1H thrust 03,a_h_1t_cs01_03.kfa,30,15,15,clamp,0,0,0,0,0,0,0,1713,3364,
490,STYLE Dual wield 4,a_h_d2_cs01_04.kfa,22,15,15,clamp,0,0,0,0,0,0,0,1719,3249,
491,STYLE 2 hand 4 ,a_h_n2_cs01_04.kfa,25,15,15,clamp,0,0,0,0,0,0,0,1730,3249,
492,2 h style 6,a_h_n2_cs01_06.kfa,19,15,15,clamp,0,0,0,0,0,0,0,1732,3249,
493,Dual wield style 5,a_h_d2_cs01_05.kfa,20,15,15,clamp,0,0,0,0,0,0,0,1720,3249,
494,female 2h combat idle,ci_hf_n2s.kfa,18,15,15,loop,0,0,0,0,0,0,0,1665,3249,
495,female polearm combat idle,ci_hf_w2s.kfa,30,15,15,loop,0,0,0,0,0,0,0,1666,3249,
496,wight walk,wight_walk.kfa,20,15,15,loop,0,0,0,0,0,0,0,1847,3247,
497,wight swim,wight_swim.kfa,28,15,15,loop,0,0,0,0,0,0,0,497,3249,
498,wight spell a,wight_sp_a.kfa,15,15,15,clamp,0,0,0,0,0,0,0,1654,3356,
499,wight spell b,wight_sp_b.kfa,10,15,15,loop,0,0,0,0,0,0,0,1654,3355,
500,wight spell c,wight_sp_c.kfa,23,15,15,clamp,0,0,0,0,0,0,0,1654,3354,
501,wight run,wight_run.kfa,20,15,15,loop,0,0,0,0,0,0,0,1847,3248,
502,wight idle,wight_idle.kfa,20,15,15,loop,266,0,0,0,0,0,0,1739,3249,
503,wight flinch,wight_flinch.kfa,8,15,15,clamp,333,0,0,0,0,0,0,1653,3249,
504,wight death,wight_death.kfa,9,15,15,clamp,400,0,0,0,0,0,0,1669,3249,
505,wight combat idle,wight_cidle.kfa,20,15,15,loop,266,0,0,0,0,0,0,1654,3249,
506,wight attack low,wight_attlo.kfa,24,15,15,clamp,400,0,0,0,0,0,0,1617,3364,
507,wight attack high,wight_atthi.kfa,24,15,15,clamp,400,0,0,0,0,0,0,1617,3364,
508,lich idle,lich_idle.kfa,20,15,15,loop,333,0,0,0,0,0,0,,,
509,lich run,lich_run.kfa,10,15,15,loop,333,0,0,0,0,0,0,,,
510,lich walk,lich_walk.kfa,20,15,15,loop,266,0,0,0,0,0,0,,,
511,Albion Spellcast Start1,Sp_A_St1.kfa,15,15,15,clamp,0,0,0,0,0,0,0,1757,3356,
512,Albion Spellcast Start2,Sp_A_St2.kfa,15,15,15,clamp,0,0,0,0,0,0,0,1756,3355,
513,Albion Spellcast Start3(Not used),Sp_A_St3.kfa,15,15,15,clamp,0,0,0,0,0,0,0,1755,3354,
514,Midgard Spellcast Start1,Sp_M_St1.kfa,15,15,15,clamp,0,0,0,0,0,0,0,1800,3356,
515,Midgard Spellcast Start2,Sp_M_St2.kfa,15,15,15,clamp,0,0,0,0,0,0,0,1799,3355,
516,Midgard Spellcast Start3,Sp_M_St3.kfa,15,15,15,clamp,0,0,0,0,0,0,0,1798,3354,
517,Hibernian Spellcast Start1,Sp_H_St1.kfa,15,15,15,clamp,0,0,0,0,0,0,0,1745,3356,
518,Hibernian Spellcast Start2,Sp_H_St2.kfa,15,15,15,clamp,0,0,0,0,0,0,0,1744,3355,
519,Hibernian Spellcast Start3(Not Used),Sp_H_St3.kfa,15,15,15,clamp,0,0,0,0,0,0,0,1743,3354,
520,Spellcast Middle1,Sp_Mid1.kfa,10,15,15,loop,0,0,0,0,0,0,0,1802,3356,
521,Spellcast Middle2,Sp_Mid2.kfa,10,15,15,loop,0,0,0,0,0,0,0,1742,3355,
522,Spellcast Middle3,Sp_Mid3.kfa,10,15,15,loop,0,0,0,0,0,0,0,1741,3354,
523,Spellcast Circular End1,Sp_Bless_End3.kfa,23,15,15,clamp,0,0,0,0,0,0,0,1753,3354,
524,Spellcast Stamp End2,Sp_Staff_End3.kfa,23,15,15,clamp,0,0,0,0,0,0,0,1740,3355,
525,Spellcast Backhand End1,Sp_Bkhand_End2.kfa,23,15,15,clamp,0,0,0,0,0,0,0,1754,3356,
526,Spellcast Wax-on End1,Sp_Waxon_End2.kfa,23,15,15,clamp,0,0,0,0,0,0,0,1738,3356,
527,Spellcast Upraised End1,Sp_Grand_End1.kfa,23,15,15,clamp,0,0,0,0,0,0,0,1806,3354,
528,Spellcast Arms-crossed End2,Sp_Armx_End1.kfa,23,15,15,clamp,0,0,0,0,0,0,0,1804,3356,
529,Undead walk,undead_walk.kfa,18,15,15,loop,0,0,0,0,0,0,0,1847,3247,
530,Undead run ,undead_run.kfa,15,15,15,loop,0,0,0,0,0,0,0,1847,3248,
531,Undead idle,undead_idle.kfa,30,2,15,loop,0,0,0,0,0,0,0, ,3249,
532,Troll 2h combat idle,ci_t_n2s.kfa,30,15,15,loop,0,0,0,0,0,0,0,1667,3249,
533,Undead Spellcast Start,undead_sp_st.kfa,15,15,15,clamp,0,0,0,0,0,0,0,1757,3356,
534,Undead Spellcast Mid,undead_sp_mid.kfa,10,15,15,loop,0,0,0,0,0,0,0,1756,3355,
535,Undead Spellcast End,undead_sp_end.kfa,23,15,15,clamp,0,0,0,0,0,0,0,1755,3354,
536,Spellcast DragZ End1,SP_dragz_end1.kfa,23,15,15,clamp,0,0,0,0,0,0,0,1805,3354,
537,Spellcast Generic Start2,Sp_Generic_St2.kfa,15,15,15,clamp,0,0,0,0,0,0,0,1751,3356,
538,Spellcast Generic End2,Sp_Generic_End2.kfa,23,15,15,clamp,0,0,0,0,0,0,0,1752,3354,
539,climb up,cl_h_up.kfa,16,15,15,loop,0,0,0,0,0,0,0,,,
540,climb down,cl_h_dwn.kfa,16,15,15,loop,0,0,0,0,0,0,0,,,
541,human swim idle,swi_h.kfa,18,10,15,loop,0,0,0,0,0,0,0,,,
542,longbow 1,a_h_2lb_1.kfa,37,15,15,clamp,0,0,0,0,0,0,0,1630,3363,
543,longbow 2,a_h_2lb_2.kfa,7,15,15,loop,0,0,0,0,0,0,0,1631,3362,
544,longbow 3,a_h_2lb_3.kfa,13,15,15,clamp,0,0,0,0,0,0,0,1632,3361,
545,longbow 4,a_h_2lb_4.kfa,30,15,15,clamp,0,0,0,0,0,0,0,1633,3363,
546,longbow 5,a_h_2lb_5.kfa,16,15,15,clamp,0,0,0,0,0,0,0,1634,3361,
547,longbow 6,a_h_2lb_6.kfa,23,15,15,loop,0,0,0,0,0,0,0,1635,3362,
548,crab attack,crab_attack.kfa,15,15,30,clamp,0,0,0,0,0,0,0,,,
549,crab combat idle,crab_cidle.kfa,15,15,30,loop,0,0,0,0,0,0,0,,,
550,crab death,crab_death.kfa,11,15,15,clamp,0,0,0,0,0,0,0,,,
551,crab flinch,crab_fli.kfa,11,15,30,clamp,0,0,0,0,0,0,0,,,
552,crab idle,crab_idle.kfa,22,15,15,loop,0,0,0,0,0,0,0,,,
553,crab run,crab_run.kfa,15,15,15,loop,0,0,0,0,0,0,0,,,
554,crab walk,crab_walk.kfa,21,15,15,loop,0,0,0,0,0,0,0,,,
556,scorption walk,scorp_walk.kfa,13,15,15,loop,0,0,0,0,0,0,0,,,
557,scorpion run,scorp_run.kfa,21,15,15,loop,0,0,0,0,0,0,0,,,
558,Critical Strike style 1,a_h_1r_cs01.kfa,15,15,15,clamp,0,0,0,0,0,0,0,,,
559,critical strike style 2,a_h_1r_cs02.kfa,15,15,15,clamp,0,0,0,0,0,0,0,1773,3249,
560,critical strike style 3,a_h_1r_cs03.kfa,15,15,15,clamp,0,0,0,0,0,0,0,1772,3249,
561,critical strike style 4,a_h_1r_cs04.kfa,31,15,15,clamp,0,0,0,0,0,0,0,1771,3249,
562,critical strike style 5,a_h_1r_cs05.kfa,25,15,15,clamp,0,0,0,0,0,0,0,1770,3249,
563,critical strike style 6,a_h_1r_cs06.kfa,25,15,15,clamp,0,0,0,0,0,0,0,1769,3249,
564,critical strike style 7,a_h_1r_cs07.kfa,26,15,15,clamp,0,0,0,0,0,0,0,1768,3249,
565,Throw distract anim,I_throw.kfa,25,15,15,clamp,0,0,0,0,0,0,0,,,
566,critical strike style 8,a_h_1r_cs08.kfa,24,15,15,clamp,0,0,0,0,0,0,0,1767,3249,
567,Classic Mount Horse,RH_H.kfa,7,15,15,loop,0,0,0,0,0,0,0,1853,,
568,rat attack high,rat_atthi.kfa,14,15,15,clamp,0,0,0,0,1,0,0,,,
569,rat attack low,rat_attlo.kfa,14,15,15,clamp,0,0,0,0,1,0,0,,,
570,rat combat idle,rat_cidle.kfa,16,15,15,loop,0,0,0,0,1,0,0,,,
571,rat dies,rat_death.kfa,7,15,15,clamp,0,0,0,0,1,0,0,,,
572,rat flinch,rat_fli.kfa,8,15,15,clamp,0,0,0,0,1,0,0,,,
573,rat _idle,rat_idle.kfa,16,15,15,loop,400,0,0,0,1,0,0,,,
574,rat_idle2,rat_idle2.kfa,60,15,15,loop,400,0,0,0,1,0,0,,,
575,rat _run,rat_run.kfa,8,7,15,loop,400,0,0,0,1,0,0,,,
576,rat _walk,rat_walk.kfa,16,4,15,loop,533,0,0,0,1,0,0,,,
577,A_H_D2_CS01_06.kfa(not used),A_H_D2_CS01_06.kfa,18,15,15,clamp,0,0,0,0,0,0,0,,,
578,Polearm Combat Style(not used),Cat_A_H_W2S_CS01_03.kfa,28,15,15,clamp,0,0,0,0,0,0,0,,,
581,Firbolg Sit a,s_fm_a.kfa,12,15,15,clamp,666,0,0,1,0,0,0,2196,3249,
582,Firbolg Sit b,s_fm_b.kfa,30,15,15,loop,333,0,0,1,0,0,0,2197,3249,
583,Frenzy Animation,a_h_1s_frenzy.kfa,20,10,15,clamp,600,0,0,0,0,0,0,1709,3249,
584,Dirt Throw,a_h_1s_dthrow.kfa,12,10,15,clamp,0,0,0,0,0,0,0,1708,3249,
585,lovecraft walk,land_walk.kfa,20,15,15,loop,900,0,0,0,0,0,0,,,
586,lovecraft run,land_run.kfa,10,15,15,loop,0,0,0,0,0,0,0,,,
587,lovecraft idle,land_idle.kfa,20,15,15,loop,0,0,0,0,0,0,0,,,
588,lovecraft idle1,land_idle1.kfa,30,15,15,loop,0,0,0,0,0,0,0,,,
589,lovecraft flinch,land_flinch.kfa,7,15,15,clamp,0,0,0,0,0,0,0,,,
590,lovecraft death,land_death.kfa,17,15,15,clamp,0,0,0,0,0,0,0,,,
591,lovecraft combat idle,land_cidle.kfa,14,15,15,loop,0,0,0,0,0,0,0,,,
592,lovecraft attack high,land_attackh.kfa,13,15,15,clamp,0,0,0,0,0,0,0,,,
593,lovecraft attack low,land_attackl.kfa,10,15,15,clamp,0,0,0,0,0,0,0,,,
594,lovecraft sea walk,sea_walk.kfa,20,15,15,loop,0,0,0,0,0,0,0,,,
595,lovecraft sea run,sea_run.kfa,10,15,15,loop,0,0,0,0,0,0,0,,,
596,lovecraft sea idle,sea_idle.kfa,20,15,15,loop,0,0,0,0,0,0,0,,,
597,pixie attacks 1,pixie_attack1.kfa,32,15,15,clamp,0,0,0,0,0,0,0,,,
598,pixie attacks 2,pixie_attack2.kfa,24,15,15,clamp,0,0,0,0,0,0,0,,,
599,pixie dies,pixie_die1.kfa,24,15,15,clamp,0,0,0,0,0,0,0,,,
600,pixie flinches,pixie_flinch1.kfa,15,15,15,clamp,0,0,0,0,0,0,0,,,
601,pixie idles 1,pixie_idle1.kfa,32,15,15,loop,0,0,0,0,0,0,0,,,
602,pixie idles 2,pixie_idle2.kfa,60,15,15,loop,0,0,0,0,0,0,0,,,
603,Pixie combat idle,pixie_cidle.kfa,32,15,15,loop,0,0,0,0,0,0,0,,,
604,pixie walk,pixie_walk.kfa,32,15,15,loop,0,0,0,0,0,0,0,,,
605,pixie summon,pixie_summon.kfa,15,15,15,clamp,0,0,0,0,0,0,0,,,
606,pixie gather,pixie_gather.kfa,10,15,15,loop,0,0,0,0,0,0,0,,,
607,pixie cast,pixie_cast.kfa,23,15,15,clamp,0,0,0,0,0,0,0,,,
608,dragon attack ,drago_att.kfa,23,15,15,loop,0,0,0,0,1,0,0,,,
609,dragon cidle,drago_cidle.kfa,16,5,15,loop,0,0,0,0,1,0,0,,,
610,dragon dies,drago_death.kfa,40,15,15,clamp,0,0,0,0,1,0,0,,,
611,dragon flinch,drago_flinch.kfa,9,15,15,loop,0,0,0,0,1,0,0,,,
612,dragon didle,drago_idle.kfa,16,10,15,loop,0,0,0,0,1,0,0,,,
613,dragon run,drago_run.kfa,10,15,15,loop,0,0,0,0,1,0,0,,,
614,dragon spell a,drago_sp_a.kfa,15,15,15,clamp,0,0,0,0,1,0,0,,,
615,dragon spell b,drago_sp_B.kfa,10,15,15,loop,0,0,0,0,1,0,0,,,
616,dragon spell c,drago_sp_c.kfa,45,15,15,clamp,0,0,0,0,1,0,0,,,
617,dragon walk,drago_walk.kfa,18,15,15,loop,0,0,0,0,1,0,0,,,
618,dragon idle coiled,drago_idlec.kfa,32,15,15,loop,0,0,0,0,1,0,0,,,
619,dragon idle lookaround,drago_idlecl.kfa,50,15,15,loop,0,0,0,0,1,0,0,,,
620,demon attack,dmn_atth.kfa,26,15,15,clamp,0,0,0,0,0,0,0,,,
621,demon combat idle,dmn_cidle.kfa,18,15,15,loop,0,0,0,0,0,0,0,,,
622,demon death,dmn_death.kfa,19,15,15,clamp,0,0,0,0,0,0,0,,,
623,demon flinch,dmn_fli.kfa,11,15,15,clamp,0,0,0,0,0,0,0,,,
624,demon idle,dmn_idle.kfa,16,10,15,loop,0,0,0,0,0,0,0,,,
625,demon run,dmn_run.kfa,13,15,15,loop,0,0,0,0,0,0,0,,,
626,demon spell a,dmn_sp_a.kfa,15,15,15,loop,0,0,0,0,0,0,0,,,
627,demon spell b,dmn_sp_b.kfa,10,15,15,loop,0,0,0,0,0,0,0,,,
628,demon spell c,dmn_sp_c.kfa,23,15,15,loop,0,0,0,0,0,0,0,,,
629,demon walk,dmn_walk.kfa,20,15,15,loop,0,0,0,0,0,0,0,,,
630,imp idle,imp_idle.kfa,16,10,15,loop,0,0,0,0,0,0,0,,,
631,imp run,imp_run.kfa,16,15,15,loop,0,0,0,0,0,0,0,,,
632,imp walk,imp_walk.kfa,20,15,15,loop,0,0,0,0,0,0,0,,,
633,dragon idle 2,drago_idles.kfa,32,5,15,loop,0,0,0,0,1,0,0,,,
634,dragon idle 3,drago_idlesl.kfa,64,15,15,loop,0,0,0,0,1,0,0,,,
635,afanc attack high,afanc_atth.kfa,20,15,15,clamp,0,0,0,0,1,0,0,,,
636,afanc attack low,afanc_attl.kfa,28,15,15,clamp,0,0,0,0,1,0,0,,,
637,afanc combat idle,afanc_cidle.kfa,16,15,15,loop,0,0,0,0,1,0,0,,,
638,afanc death,afanc_death.kfa,10,15,15,clamp,0,0,0,0,1,0,0,,,
639,afanc flinch,afanc_flinch.kfa,8,15,15,clamp,0,0,0,0,1,0,0,,,
640,afanc idle,afanc_idle.kfa,16,5,15,loop,0,0,0,0,1,0,0,,,
641,afanc run,afanc_run.kfa,12,15,15,loop,0,0,0,0,1,0,0,,,
642,afanc swim,afanc_swim.kfa,10,5,15,loop,0,0,0,0,1,0,0,,,
643,afanc walk,afanc_walk.kfa,20,15,15,loop,0,0,0,0,1,0,0,,,
644,glimmerghoul run,glimmerghoul_run.kfa,14,15,15,loop,0,0,0,0,0,0,0,,,
645,glimmerghoul walk,glimmerghoul_walk.kfa,14,15,15,loop,0,0,0,0,0,0,0,,,
646,glimmerghoul idle,glimmerghoul_idle.kfa,36,15,15,loop,0,0,0,0,0,0,0,,,
647,glimmerghoul die,glimmerghoul_die.kfa,11,15,15,clamp,0,0,0,0,0,0,0,,,
648,glimmerghoul flinch,glimmerghoul_flinch.kfa,15,15,15,clamp,0,0,0,0,0,0,0,,,
649,glimmerghoul combat idle,glimmerghoul_cidle.kfa,18,15,15,loop,0,0,0,0,0,0,0,,,
650,glimmerghoul attack2,glimmerghoul_attack2.kfa,17,15,15,clamp,0,0,0,0,0,0,0,,,
651,glimmerghoul attack 1,glimmerghoul_attack1.kfa,19,15,15,clamp,0,0,0,0,0,0,0,,,
652,glimmercaster run,glimmercaster_run.kfa,14,15,15,loop,0,0,0,0,0,0,0,,,
653,glimmercaster walk,glimmercaster_walk.kfa,14,15,15,loop,0,0,0,0,0,0,0,,,
654,glimmercaster idle,glimmercaster_idle.kfa,36,15,15,loop,0,0,0,0,0,0,0,,,
655,glimmercaster die,glimmercaster_die.kfa,11,15,15,clamp,0,0,0,0,0,0,0,,,
656,glimmercaster flinch,glimmercaster_flinch.kfa,13,15,15,clamp,0,0,0,0,0,0,0,,,
657,glimmercaster combat idle,glimmercaster_cidle.kfa,18,15,15,loop,0,0,0,0,0,0,0,,,
658,glimmercaster attack2,glimmercaster_attack2.kfa,17,15,15,clamp,0,0,0,0,0,0,0,,,
659,glimmercaster attack 1,glimmercaster_attack1.kfa,19,15,15,clamp,0,0,0,0,0,0,0,,,
660,glimmercaster summon,glimmercaster_sum.kfa,15,15,15,clamp,0,0,0,0,0,0,0,,,
661,glimmer caster gather,glimmercaster_gat.kfa,10,15,15,clamp,0,0,0,0,0,0,0,,,
662,glimmercaster cast,glimmercaster_cst.kfa,23,15,15,clamp,0,0,0,0,0,0,0,,,
663,glimmerghoul summon,glimmerghoul_sum.kfa,15,15,15,loop,0,0,0,0,0,0,0,,,
664,glimmerghoul gather,glimmerghoul_gat.kfa,10,15,15,clamp,0,0,0,0,0,0,0,,,
665,glimmerghoul cast,glimmerghoul_cst.kfa,23,15,15,clamp,0,0,0,0,0,0,0,,,
666,skinny giant attack high,giant2_atth.kfa,18,15,15,clamp,0,0,0,0,0,0,0,,,
667,skinny giant attack low,giant2_attl.kfa,22,15,15,clamp,0,0,0,0,0,0,0,,,
668,skinny giant bow a,giant2_bowa.kfa,37,15,15,clamp,0,0,0,0,0,0,0,,,
669,skinny giant bow b,giant2_bowb.kfa,7,15,15,loop,0,0,0,0,0,0,0,,,
670,skinny giant bow c,giant2_bowc.kfa,13,15,15,clamp,0,0,0,0,0,0,0,,,
671,skinny giant combat idle,giant2_cidle.kfa,16,15,15,loop,0,0,0,0,0,0,0,,,
672,skinny giant flinch,giant2_flinch.kfa,10,15,15,clamp,0,0,0,0,0,0,0,,,
673,skinny giant death,giant2_death.kfa,25,15,15,clamp,0,0,0,0,0,0,0,,,
674,skinny giant idle,giant2_idle.kfa,60,5,15,loop,0,0,0,0,0,0,0,,,
675,skinny giant run,giant2_run.kfa,13,15,15,loop,0,0,0,0,0,0,0,,,
676,skinny giant spell a,giant2_spella.kfa,15,15,15,clamp,0,0,0,0,0,0,0,,,
677,skinny giant spell b,giant2_spellb.kfa,10,15,15,loop,0,0,0,0,0,0,0,,,
678,skinny giant spell c,giant2_spellc.kfa,23,15,15,clamp,0,0,0,0,0,0,0,,,
679,skinny giant swim,giant2_swim.kfa,28,15,15,loop,0,0,0,0,0,0,0,,,
680,skinny giant walk,giant2_walk.kfa,22,15,15,loop,0,0,0,0,0,0,0,,,
681,Skinny Giant idle 2,giant2_idle1.kfa,60,10,15,loop,0,0,0,0,0,0,0,,,
682,Skinny Giant idle 3,giant2_idle2.kfa,75,15,15,loop,0,0,0,0,0,0,0,,,
683,werewolf bow a,ww_bowa.kfa,37,15,15,clamp,0,0,0,0,0,0,0,,,
684,werewolf bow b,ww_bowb.kfa,7,15,15,loop,0,0,0,0,0,0,0,,,
685,werewolf bow c,ww_bowc.kfa,13,15,15,clamp,0,0,0,0,0,0,0,,,
686,Glimmerghoul bow a,glimmerghoul_bowa.kfa,42,15,15,clamp,0,0,0,0,0,0,0,,,
687,glimmerghould bow b,glimmerghoul_bowb.kfa,7,15,15,loop,0,0,0,0,0,0,0,,,
688,glimmerghould bow c,glimmerghoul_bowc.kfa,17,15,15,clamp,0,0,0,0,0,0,0,,,
689,zombie bow a,zombie_bowa.kfa,37,15,15,clamp,0,0,0,0,0,0,0,1624,3363,
690,zombied bow b,zombie_bowb.kfa,7,15,15,loop,0,0,0,0,0,0,0,1625,3362,
691,zombied bow c,zombie_bowc.kfa,13,15,15,clamp,0,0,0,0,0,0,0,1626,3361,
692,Soul Keeper walk,sk_walk.kfa,22,15,15,loop,0,0,0,0,0,0,0,,,
693,soul keeper combat idle,sk_cidle.kfa,24,15,15,loop,0,0,0,0,0,0,0,,,
694,sould keeper idle,sk_idle.kfa,60,7,15,loop,0,0,0,0,0,0,0,,,
695,soul keeper attack high,sk_atthi.kfa,30,15,15,clamp,0,0,0,0,0,0,0,,,
696,soul keeper attack low,sk_attlow.kfa,29,15,15,clamp,0,0,0,0,0,0,0,,,
697,soul keeper flinch,sk_flinch.kfa,15,15,15,clamp,0,0,0,0,0,0,0,,,
698,soul keeper death,sk_death.kfa,25,15,15,clamp,0,0,0,0,0,0,0,,,
699,soul keeper spellcast a,sk_spellcasta.kfa,15,15,15,clamp,0,0,0,0,0,0,0,,,
700,soul keeper spellcast b,sk_spellcastb.kfa,10,15,15,loop,0,0,0,0,0,0,0,,,
701,soul keeper spellcast c,sk_spellcastc.kfa,23,15,15,clamp,0,0,0,0,0,0,0,,,
702,3 headed demon attack high,3head_atthi.kfa,34,15,15,clamp,0,0,0,0,0,0,0,,,
703,3 headed demon attack low,3head_attlow.kfa,18,15,15,clamp,0,0,0,0,0,0,0,,,
704,3 headed demon attack medium,3head_attmed.kfa,14,15,15,clamp,0,0,0,0,0,0,0,,,
705,3 headed demon combat idle,3head_cidle.kfa,21,15,15,loop,0,0,0,0,0,0,0,,,
706,3 headed demon death,3head_death.kfa,20,15,15,clamp,0,0,0,0,0,0,0,,,
707,3 headed demon flinch,3head_flinch.kfa,13,15,15,clamp,0,0,0,0,0,0,0,,,
708,3 headed demon idle,3head_idle.kfa,60,15,15,loop,0,0,0,0,0,0,0,,,
709,3 headed demon spell a,3head_spellcasta.kfa,15,15,15,clamp,0,0,0,0,0,0,0,,,
710,3 headed demon spell b,3head_spellcastb.kfa,10,15,15,loop,0,0,0,0,0,0,0,,,
711,3 headed demon spell c,3head_spellcastc.kfa,23,15,15,clamp,0,0,0,0,0,0,0,,,
712,3 headed dmon walk,3head_walk.kfa,25,15,15,loop,0,0,0,0,0,0,0,,,
713,Hag attack high,hag_atthi.kfa,24,15,15,clamp,0,0,0,0,0,0,0,,,
714,hag attack low,hag_attlo.kfa,19,15,15,clamp,0,0,0,0,0,0,0,,,
715,hag attack medium,hag_attmed.kfa,18,15,15,clamp,0,0,0,0,0,0,0,,,
716,hag combat idle,hag_cidle.kfa,20,15,15,loop,0,0,0,0,0,0,0,,,
717,hag death,hag_death.kfa,17,15,15,clamp,0,0,0,0,0,0,0,,,
718,hag idle,hag_idle.kfa,20,15,15,loop,0,0,0,0,0,0,0,,,
719,hag run,hag_run.kfa,10,15,15,loop,0,0,0,0,0,0,0,,,
720,hag walk,hag_walk.kfa,20,15,15,loop,0,0,0,0,0,0,0,,,
721,hag spellcast a,hag_spellcasta.kfa,15,15,15,clamp,0,0,0,0,0,0,0,,,
722,hag spellcast b,hag_spellcastb.kfa,10,15,15,loop,0,0,0,0,0,0,0,,,
723,hag spellcast c,hag_spellcastc.kfa,23,15,15,clamp,0,0,0,0,0,0,0,,,
724,succubus,succ_atthi.kfa,26,15,15,clamp,0,0,0,0,0,0,0,,,
725,succubus,succ_cidle.kfa,13,15,15,loop,0,0,0,0,0,0,0,,,
726,succubus,succ_death.kfa,19,15,15,clamp,0,0,0,0,0,0,0,,,
727,succubus,succ_flinch.kfa,13,15,15,clamp,0,0,0,0,0,0,0,,,
728,succubus,succ_idle.kfa,13,15,15,loop,0,0,0,0,0,0,0,,,
729,succubus,succ_run.kfa,10,15,15,loop,0,0,0,0,0,0,0,,,
730,succubus,succ_spellcasta.kfa,15,15,15,clamp,0,0,0,0,0,0,0,,,
731,succubus,succ_spellcastb.kfa,10,15,15,loop,0,0,0,0,0,0,0,,,
732,succubus,succ_spellcastc.kfa,23,15,15,clamp,0,0,0,0,0,0,0,,,
733,succubus,succ_walk.kfa,13,15,15,loop,0,0,0,0,0,0,0,,,
734,Hag Flinch,hag_flinch.kfa,8,15,15,clamp,0,0,0,0,0,0,0,,,
735,wraith walk,wraith_walk.kfa,13,7,15,loop,0,0,0,0,0,0,0,,,
736,wraith run,wraith_run.kfa,10,7,15,loop,0,0,0,0,0,0,0,,,
737,wraith idle,wraith_idle.kfa,13,7,15,loop,0,0,0,0,0,0,0,,,
738,wraith combat idle,wraith_cidle.kfa,13,7,15,loop,0,0,0,0,0,0,0,,,
739,wraith attack,wraith_attackh.kfa,26,15,15,clamp,0,0,0,0,0,0,0,,,
740,wraith death,wraith_death.kfa,17,15,15,clamp,0,0,0,0,0,0,0,,,
741,wraith flinch,wraith_flinch.kfa,11,15,15,clamp,0,0,0,0,0,0,0,,,
742,wraith spellcast a,wraith_spellcasta.kfa,15,15,15,clamp,0,0,0,0,0,0,0,,,
743,wraith spellcast b,wraith_spellcastb.kfa,10,15,15,loop,0,0,0,0,0,0,0,,,
744,wraith spellcast c,wraith_spellcastc.kfa,23,15,15,clamp,0,0,0,0,0,0,0,,,
745,hulk walk,hulk_walk.kfa,22,15,15,loop,0,0,0,0,0,0,0,,,
746,hulk run,hulk_run.kfa,13,15,15,loop,0,0,0,0,0,0,0,,,
747,hulk idle,hulk_idle.kfa,60,7,15,loop,0,0,0,0,0,0,0,,,
748,hulk combat idle,hulk_cidle.kfa,16,15,15,loop,0,0,0,0,0,0,0,,,
749,hulk attack high,hulk_attackh.kfa,18,15,15,clamp,0,0,0,0,0,0,0,,,
750,hulk attack low,hulk_attackl.kfa,21,15,15,clamp,0,0,0,0,0,0,0,,,
751,hulk attack medium,hulk_attackm.kfa,24,15,15,clamp,0,0,0,0,0,0,0,,,
752,hulk flinch,hulk_flinch.kfa,10,15,15,clamp,0,0,0,0,0,0,0,,,
753,hulk death,hulk_death.kfa,25,15,15,clamp,0,0,0,0,0,0,0,,,
754,hulk spellcast a,hulk_spellcasta.kfa,15,15,15,clamp,0,0,0,0,0,0,0,,,
755,hulk spellcast b,hulk_spellcastb.kfa,10,15,15,loop,0,0,0,0,0,0,0,,,
756,hulk spellcast c,hulk_spellcastc.kfa,23,15,15,clamp,0,0,0,0,0,0,0,,,
757,locust head walk,locust_walk.kfa,20,15,15,loop,0,0,0,0,0,0,0,,,
758,locust head idle,locust_idle.kfa,40,15,15,loop,0,0,0,0,0,0,0,,,
759,locust head combat idle,locust_cidle.kfa,20,15,15,loop,0,0,0,0,0,0,0,,,
760,locust head attack high,locust_atth.kfa,24,15,15,clamp,0,0,0,0,0,0,0,,,
761,locust head attack low,locust_attl.kfa,20,15,15,clamp,0,0,0,0,0,0,0,,,
762,locust head death,locust_death.kfa,24,15,15,clamp,0,0,0,0,0,0,0,,,
763,locust head flinch,locust_flinch.kfa,8,15,15,clamp,0,0,0,0,0,0,0,,,
764,locust head spell a,locust_spellcasta.kfa,15,15,15,clamp,0,0,0,0,0,0,0,,,
765,locust head spell b,locust_spellcastb.kfa,10,15,15,loop,0,0,0,0,0,0,0,,,
766,locust head spell c,locust_spellcastc.kfa,23,15,15,clamp,0,0,0,0,0,0,0,,,
767,legless zombie attack high,zombie2_atth.kfa,15,15,15,clamp,0,0,0,0,0,0,0,,,
768,legless zombie attack low,zombie2_attl.kfa,15,15,15,clamp,0,0,0,0,0,0,0,,,
769,legless zombie combat idle,zombie2_cidle.kfa,32,15,15,loop,0,0,0,0,0,0,0,,,
770,legless zombie flinch,zombie2_flinch.kfa,10,15,15,clamp,0,0,0,0,0,0,0,,,
771,lelgess zombie idle,zombie2_idle.kfa,50,15,15,loop,0,0,0,0,0,0,0,,,
772,lelgess zombie idle 2,zombie2_idle2.kfa,40,15,15,loop,0,0,0,0,0,0,0,,,
773,legless zombie idle 3,zombie2_idle3.kfa,83,15,15,loop,0,0,0,0,0,0,0,,,
774,lelgess zombie death,zombie2_death.kfa,17,15,15,clamp,0,0,0,0,0,0,0,,,
775,Beetle attack,Beetle_attackH.kfa,18,15,15,clamp,0,0,0,0,0,0,0,,,
776,Beetle Combat idle,Beetle_cidle.kfa,15,15,15,loop,0,0,0,0,0,0,0,,,
777,Beetle death,Beetle_death.kfa,11,15,15,clamp,0,0,0,0,0,0,0,,,
778,Beetle flinch,Beetle_flinch.kfa,8,15,15,clamp,0,0,0,0,0,0,0,,,
779,Beetle idle,Beetle_idle.kfa,15,7,15,loop,0,0,0,0,0,0,0,,,
780,Beetle run,Beetle_run.kfa,6,15,15,loop,0,0,0,0,0,0,0,,,
781,Beetle walk,Beetle_walk.kfa,12,15,15,loop,0,0,0,0,0,0,0,,,
782,Gnome Attack High,Gnome_atthi.kfa,12,15,15,clamp,0,0,0,0,0,0,0,,,
783,Gnome Attack Low,Gnome_attlo.kfa,14,15,15,clamp,0,0,0,0,0,0,0,,,
784,Gnome Bow A,Gnome_Bow_A.kfa,37,15,15,clamp,0,0,0,0,0,0,0,,,
785,Gnome Bow B,Gnome_Bow_B.kfa,7,15,15,loop,0,0,0,0,0,0,0,,,
786,Gnome Bow C,Gnome_Bow_C.kfa,13,15,15,clamp,0,0,0,0,0,0,0,,,
787,Gnome Combat Idle,Gnome_Cidle.kfa,13,15,15,loop,0,0,0,0,0,0,0,,,
788,Gnome Death,Gnome_death.kfa,13,15,15,clamp,0,0,0,0,0,0,0,,,
789,Gnome Flinch,Gnome_flinch.kfa,13,15,15,clamp,0,0,0,0,0,0,0,,,
790,Gnome Idle,Gnome_idle.kfa,20,15,15,loop,0,0,0,0,0,0,0,,,
791,Gnome Beard,Gnome_idle_beard.kfa,40,15,15,loop,0,0,0,0,0,0,0,,,
792,Gnome Idle Butt,Gnome_idle_butt.kfa,40,15,15,loop,0,0,0,0,0,0,0,,,
793,Gnome Run,Gnome_run.kfa,12,15,15,loop,0,0,0,0,0,0,0,,,
794,Gnome Spell A,Gnome_sp_A.kfa,15,15,15,clamp,0,0,0,0,0,0,0,,,
795,Gnome Spell B,Gnome_sp_B.kfa,10,15,15,loop,0,0,0,0,0,0,0,,,
796,Gnome Spell C,Gnome_sp_C.kfa,23,15,15,clamp,0,0,0,0,0,0,0,,,
797,Gnome Walk,Gnome_walk.kfa,20,15,15,loop,0,0,0,0,0,0,0,,,
824,Sylvan Male Walk,W_SM.kfa,18,15,15,loop,0,0,0,0,0,0,0,1847,3247,
825,Sylvan Male Idle,I_SM.kfa,30,4,15,loop,0,0,0,0,0,0,0,1739,3249,
826,Sylvan Male Run,R_SM.kfa,15,15,15,loop,0,0,0,0,0,0,0,1847,3248,
827,Sylvan Male Sit A,S_SM_A.kfa,12,15,15,clamp,0,0,0,1,0,0,0,2196,3249,
828,Sylvan Female Walk,W_SF.kfa,15,15,15,loop,0,0,0,0,0,0,0,1847,3247,
829,Sylvan Female Idle,I_SF.kfa,30,4,15,loop,0,0,0,0,0,0,0,1739,3249,
830,Sylvan Female Run,R_SF.kfa,12,15,15,loop,0,0,0,0,0,0,0,,3248,
831,Sylvan Female Sit A,K_SF_A.kfa,10,15,15,clamp,0,0,0,1,0,0,0,2196,3249,
832,Inconnu Male Idle,I_IM.kfa,5,4,15,loop,0,0,0,0,0,0,0,1739,3249,
833,Inconnu Male Run,R_IM.kfa,15,15,15,loop,0,0,0,0,0,0,0,1847,3248,
834,Inconnu Male Walk,W_IM.kfa,15,15,15,loop,0,0,0,0,0,0,0,1847,3247,
835,Praying Mantis Attack High,Pmantis_attackH.kfa,20,20,15,clamp,0,1,0,0,0,0,0,,,
836,Praying Mantis Combat Idle,Pmantis_cidle.kfa,20,20,15,loop,0,1,0,0,0,0,0,,,
837,Praying Mantis Death,Pmantis_death.kfa,14,30,15,clamp,0,1,0,0,0,0,0,,,
838,Praying Mantis Flinch,Pmantis_flinch.kfa,10,30,15,clamp,0,1,0,0,0,0,0,,,
839,Praying Mantis Idle,Pmantis_idle.kfa,20,15,30,loop,0,1,0,0,0,0,0,,,
840,Praying Mantis Run,Pmantis_run.kfa,28,30,30,loop,0,1,0,0,0,0,0,,,
841,Praying Mantis Walk,Pmantis_walk.kfa,20,30,30,loop,0,1,0,0,0,0,0,,,
842,Primitive Attack High,Prim_atthi.kfa,18,15,15,clamp,0,1,0,0,0,0,0,,,
843,Primitive Attack Low,Prim_attlow.kfa,21,15,15,clamp,0,1,0,0,0,0,0,,,
844,Primitive Combat Idle,Prim_cidle.kfa,16,15,15,loop,0,1,0,0,0,0,0,,,
845,Primitive Death,Prim_death.kfa,25,15,15,clamp,0,1,0,0,0,0,0,,,
846,Primitive Flinch,Prim_flinch.kfa,10,15,15,clamp,0,1,0,0,0,0,0,,,
847,Primitive Idle,Prim_idle.kfa,60,5,15,loop,0,1,0,0,0,0,0,,,
848,Primitive Run,Prim_run.kfa,13,12,15,loop,0,1,0,0,0,0,0,,,
849,Primitive Spell A,Prim_spellA.kfa,15,15,15,clamp,0,1,0,0,0,0,0,,,
850,Primitive Spell B,Prim_spellB.kfa,10,15,15,loop,0,1,0,0,0,0,0,,,
851,Primitive Spell C,Prim_spellC.kfa,23,15,15,clamp,0,1,0,0,0,0,0,,,
852,Primitive Swim,Prim_swim.kfa,28,15,15,loop,0,1,0,0,0,0,0,,,
853,Primitive Walk,Prim_walk.kfa,22,15,15,loop,0,1,0,0,0,0,0,,,
854,Two Headed Wolf Attack Low,2HW_alow.kfa,20,15,15,clamp,0,1,0,0,1,0,0,,,
855,Two Headed Wolf Combat Idle,2HW_cidle.kfa,20,15,15,loop,0,1,0,0,1,0,0,,,
856,Two Headed Wolf Death,2HW_death.kfa,13,15,15,clamp,0,1,0,0,1,0,0,,,
857,Two Headed Wolf Idle,2HW_idle.kfa,48,5,15,loop,0,1,0,0,1,0,0,,,
858,Two Headed Wolf Run,2HW_run.kfa,10,15,15,loop,0,1,0,0,1,0,0,,,
859,Two Headed Wolf Walk,2HW_walk.kfa,54,15,15,loop,0,1,0,0,1,0,0,,,
860,Two Headed Wolf Flinch,2HW_flinch.kfa,12,15,15,clamp,0,1,0,0,1,0,0,,,
861,Sabertooth Attack Low,SaberT_attlow.kfa,15,15,15,clamp,0,1,0,0,1,0,0,,,
862,Sabertooth Attack High,SaberT_atthi.kfa,48,15,15,clamp,0,1,0,0,1,0,0,,,
863,Sabertooth Combat Idle,SaberT_cidle.kfa,25,15,15,loop,0,1,0,0,1,0,0,,,
864,Sabertooth Idle,SaberT_idle.kfa,35,10,15,loop,0,1,0,0,1,0,0,,,
865,Sabertooth Death,SaberT_death.kfa,25,15,15,clamp,0,1,0,0,1,0,0,,,
866,Sabertooth Flinch,SaberT_flinch.kfa,10,15,15,clamp,0,1,0,0,1,0,0,,,
867,Sabertooth Run,SaberT_run.kfa,7,15,15,loop,0,1,0,0,1,0,0,,,
868,Sabertooth Walk,SaberT_walk.kfa,18,15,15,loop,0,1,0,0,1,0,0,,,
869,Gryfon Attack Low,Gryf_attlo.kfa,15,15,15,clamp,0,1,0,0,1,0,0,,,
870,Gryfon Attack High,Gryf_atthi.kfa,48,15,15,clamp,0,1,0,0,1,0,0,,,
871,Gryfon Combat Idle,Gryf_cidle.kfa,25,15,15,loop,0,1,0,0,1,0,0,,,
872,Gryfon Death,GryfW_death.kfa,24,15,15,clamp,0,1,0,0,1,0,0,,,
873,Gryfon Flinch,Gryf_flinch.kfa,10,15,15,clamp,0,1,0,0,1,0,0,,,
874,Gryfon With Wings Run,GryfW_run.kfa,40,15,15,loop,0,1,0,0,0,0,0,,,
875,Gryfon With Wings Walk,GryfW_walk.kfa,14,15,15,loop,0,1,0,0,0,0,0,,,
876,Gryfon With Wings Idle,Gryfw_idle.kfa,14,15,15,loop,0,1,0,0,0,0,0,,,
877,Gryfon With OUT Wings Walk,Gryf_walk.kfa,18,15,15,loop,0,1,0,0,1,0,0,,,
878,Gryfon With OUT Wings Run,Gryf_run.kfa,7,15,15,loop,0,1,0,0,1,0,0,,,
879,Gryfon With OUT Wings Idle,Gryf_idle.kfa,35,15,15,loop,0,1,0,0,1,0,0,,,
880,Cniogcrag Attack High,Cni_atthigh.kfa,13,15,15,clamp,0,1,0,0,0,0,0,,,
881,Cniogcrag Combat Idle,Cni_Cidle.kfa,17,15,15,loop,0,1,0,0,0,0,0,,,
882,Cniogcrag Death,Cni_death.kfa,14,15,15,clamp,0,1,0,0,0,0,0,,,
883,Cniogcrag Flinch,Cni_Flinch.kfa,8,15,15,clamp,0,1,0,0,0,0,0,,,
884,Cniogcrag Idle,Cni_idle.kfa,20,7,15,loop,0,1,0,0,0,0,0,,,
885,Cniogcrag Run,Cni_run.kfa,12,15,15,loop,0,1,0,0,0,0,0,,,
886,Cniogcrag Spell A,Cni_spellA.kfa,15,15,15,clamp,0,1,0,0,0,0,0,,,
887,Cniogcrag Spell B,Cni_spellB.kfa,10,15,15,loop,0,1,0,0,0,0,0,,,
888,Cniogcrag Spell C,Cni_spellC.kfa,23,15,15,clamp,0,1,0,0,0,0,0,,,
889,Cniogcrag Walk,Cni_walk.kfa,20,15,15,loop,0,1,0,0,0,0,0,,,
890,Megalocerous Attack High,Mega_atthi.kfa,17,15,15,clamp,0,1,0,0,1,0,0,,,
891,Megalocerous Attack Low,Mega_attlo.kfa,17,15,15,clamp,0,1,0,0,1,0,0,,,
892,Megalocerous Combat Idle,Mega_cidle.kfa,35,15,15,loop,0,1,0,0,1,0,0,,,
893,Megalocerous Death,Mega_death.kfa,10,15,15,clamp,0,1,0,0,1,0,0,,,
894,Megalocerous Flinch,Mega_flinch.kfa,10,15,15,clamp,0,1,0,0,1,0,0,,,
895,Megalocerous Idle,Mega_idle.kfa,32,15,15,loop,0,1,0,0,1,0,0,,,
896,Megalocerous Run,Mega_run.kfa,7,15,15,loop,0,1,0,0,1,0,0,,,
897,Megalocerous Walk,Mega_walk.kfa,16,15,15,loop,0,1,0,0,1,0,0,,,
898,Shriller Attack High,Shriller_atth.kfa,13,15,15,clamp,0,1,0,0,0,0,0,,,
899,Shriller Attack Low,Shriller_attL.kfa,13,15,15,clamp,0,1,0,0,0,0,0,,,
900,Shriller Combat Idle,Shriller_cidle.kfa,15,15,15,loop,0,1,0,0,0,0,0,,,
901,Shriller Death,Shriller_death.kfa,14,15,15,clamp,0,1,0,0,0,0,0,,,
902,Shriller Flinch,Shriller_flinch.kfa,9,15,15,clamp,0,1,0,0,0,0,0,,,
903,Shriller Idle,Shriller_idle.kfa,20,7,15,loop,0,1,0,0,0,0,0,,,
904,Shriller Run,Shriller_run.kfa,14,15,15,loop,0,1,0,0,0,0,0,,,
905,Shriller walk,Shriller_walk.kfa,20,15,15,loop,0,1,0,0,0,0,0,,,
906,Ampheretere Attack High,Amp_atthi.kfa,27,15,15,clamp,0,1,0,0,0,0,0,,,
907,Ampheretere Attack Low,Amp_attlo.kfa,14,15,15,clamp,0,1,0,0,0,0,0,,,
908,Ampheretere Combat Idle,Amp_cidle.kfa,14,15,15,loop,0,1,0,0,0,0,0,,,
909,Ampheretere Death,Amp_death.kfa,28,15,15,clamp,0,1,0,0,0,0,0,,,
910,Ampheretere Flinch,Amp_flinch.kfa,14,15,15,clamp,0,1,0,0,0,0,0,,,
911,Ampheretere Idle,Amp_idle.kfa,14,10,15,loop,0,1,0,0,0,0,0,,,
912,Ampheretere Run,Amp_run.kfa,11,10,15,loop,0,1,0,0,0,0,0,,,
913,Ampheretere Walk,Amp_walk.kfa,14,10,15,loop,0,1,0,0,0,0,0,,,
914,Wooly Serpent Attack,WoolyS_attack.kfa,30,15,15,clamp,0,1,0,0,0,0,0,,,
915,Wooly Serpent Combat Idle,WoolyS_Cidle.kfa,30,15,15,loop,0,1,0,0,0,0,0,,,
916,Wooly Serpent Death,Woolys_death.kfa,23,15,15,clamp,0,1,0,0,0,0,0,,,
917,Wooly Serpent Flinch,Woolys_flinch.kfa,30,15,15,clamp,0,1,0,0,0,0,0,,,
918,Wooly Serpent Idle,Woolys_idle.kfa,30,5,15,loop,0,1,0,0,0,0,0,,,
919,Wooly Serpent Run,Woolys_run.kfa,11,15,15,loop,0,1,0,0,0,0,0,,,
920,Wooly Serpent Walk,Woolys_walk.kfa,15,15,15,loop,0,1,0,0,0,0,0,,,
921,Twisted Sylvan Attack High,TSylvan_atthi.kfa,24,15,15,clamp,0,1,0,0,0,0,0,,,
922,Twisted Sylvan Attack Low,TSylvan_attlo.kfa,18,15,15,clamp,0,1,0,0,0,0,0,,,
923,Twisted Sylvan Combat Idle,Tsylvan_cidle.kfa,20,15,15,loop,0,1,0,0,0,0,0,,,
924,Twisted Sylvan Death,Tsylvan_death.kfa,17,15,15,clamp,0,1,0,0,0,0,0,,,
925,Twisted Sylvan Idle,TSylvan_idle.kfa,20,7,15,loop,0,1,0,0,0,0,0,,,
926,Twisted Sylvan Spell A,Tsylvan_spellA.kfa,15,15,15,clamp,0,1,0,0,0,0,0,,,
927,Twisted Sylvan Spell B,TSylvan_spellb.kfa,10,15,15,loop,0,1,0,0,0,0,0,,,
928,Twisted Sylvan Spell C,TSylvan_spellC.kfa,23,15,15,clamp,0,1,0,0,0,0,0,,,
929,Twisted Sylvan Walk,Tsylvan_walk.kfa,18,15,15,loop,0,1,0,0,0,0,0,,,
930,Twisted Sylvan Run,TSylvan_run.kfa,12,15,15,loop,0,1,0,0,0,0,0,,,
931,Formorian Attack High,Fomor_AttH.kfa,18,15,15,clamp,0,1,0,0,0,0,0,,,
932,Formorian Attack Low,Fomor_AttL.kfa,13,15,15,clamp,0,1,0,0,0,0,0,,,
933,Formorian Combat Idle,Fomor_cidle.kfa,20,15,15,loop,0,1,0,0,0,0,0,,,
934,Formorian Death,Fomor_death.kfa,16,15,15,clamp,0,1,0,0,0,0,0,,,
935,Formorian Flinch,Fomor_flinch.kfa,11,15,15,clamp,0,1,0,0,0,0,0,,,
936,Formorian Idle,Fomor_idle.kfa,20,7,15,loop,0,1,0,0,0,0,0,,,
937,Formorian Run,Fomor_run.kfa,12,15,15,loop,0,1,0,0,0,0,0,,,
938,Formorian Spell A,Fomor_spellA.kfa,15,15,15,clamp,0,1,0,0,0,0,0,,,
939,Formorian Spell B,Fomor_spellB.kfa,10,15,15,loop,0,1,0,0,0,0,0,,,
940,Formorian Spell C,Fomor_spellC.kfa,23,15,15,clamp,0,1,0,0,0,0,0,,,
941,Formorian Walk,Fomor_walk.kfa,18,15,15,loop,0,1,0,0,0,0,0,,,
942,Formorian Attack With Weapon,Fomor_attW.kfa,11,15,15,clamp,0,1,0,0,0,0,0,,,
943,Flex 1-H Attack Style 01,A_H_1FW_CS01.kfa,30,15,15,clamp,0,1,0,0,0,0,4,1695,3249,
945,Flex 1-H Attack Style 03,A_H_1FW_CS03.kfa,17,15,15,clamp,0,1,0,0,0,0,5,1696,3249,
946,Flex 1-H Attack Style 04,A_H_1FW_CS04.kfa,22,15,15,clamp,0,1,0,0,0,0,6,1697,3249,
948,Flex 1-H Attack Style 06,A_H_1FW_CS06.kfa,16,15,15,clamp,0,1,0,0,0,0,7,1698,3249,
949,Flex 1-H Attack Style 07,A_H_1FW_CS07.kfa,23,15,15,clamp,0,1,0,0,0,0,8,1699,3249,
950,Gryfon With Wings Statue Idle,Gryf_idleStatue.kfa,1,15,15,clamp,0,1,0,0,0,0,0,,,
951,Cniogcrag Swim,CNI_swim.kfa,28,15,15,loop,0,1,0,0,0,0,0,,,
952,Run Stumble,RS_HM.kfa,7,15,15,clamp,0,0,0,0,0,0,0,,,
953,Test NPC walk,Test_NPC_Walk.kfa,1,1,1,loop,0,1,0,0,0,0,0,,,
954,Test NPC run,Test_NPC_Run.kfa,1,1,1,loop,0,1,0,0,0,0,0,,,
955,Test NPC Idle 1,Test_NPC_Idle_1.kfa,1,1,1,loop,0,1,0,0,0,0,0,,,
956,Test NPC Idle 2,Test_NPC_Idle_2.kfa,1,1,1,loop,0,1,0,0,0,0,0,,,
957,Test NPC Idle 3,Test_NPC_Idle_3.kfa,1,1,1,loop,0,1,0,0,0,0,0,,,
958,Test NPC Sit,Test_NPC_Sit.kfa,1,1,1,clamp,0,1,0,1,0,0,0,,,
959,Test NPC Sit Idle,Test_NPC_Sit_Idle.kfa,1,1,1,loop,0,1,0,0,0,0,0,,,
960,Test NPC Stand,Test_NPC_Stand.kfa,1,1,1,clamp,0,1,0,0,0,0,0,,,
961,Test NPC combat idle,Test_NPC_Cidle.kfa,1,1,1,loop,0,1,0,0,0,0,0,,,
962,Test NPC attack high,Test_NPC_AttH.kfa,1,1,1,clamp,0,1,0,0,0,0,0,,,
963,Test NPC attack med,Test_NPC_AttM.kfa,1,1,1,clamp,0,1,0,0,0,0,0,,,
964,Test NPC attack low,Test_NPC_AttL.kfa,1,1,1,clamp,0,1,0,0,0,0,0,,,
965,Test NPC flinch,Test_NPC_Flinch.kfa,1,1,1,clamp,0,1,0,0,0,0,0,,,
966,Test NPC swim,Test_NPC_Swim.kfa,1,1,1,loop,0,1,0,0,0,0,0,,,
967,Test NPC death,Test_NPC_Death.kfa,1,1,1,clamp,0,1,0,0,0,0,0,,,
968,Test NPC Spellcast A,Test_NPC_SpellA.kfa,1,1,1,clamp,0,1,0,0,0,0,0,,,
969,Test NPC Spellcast B,Test_NPC_SpellB.kfa,1,1,1,loop,0,1,0,0,0,0,0,,,
970,Test NPC Spellcast C,Test_NPC_SpellC.kfa,1,1,1,clamp,0,1,0,0,0,0,0,,,
971,Test NPC Crossbow A,Test NPC CB_A.kfa,1,1,1,clamp,0,1,0,0,0,0,0,,,
972,Test NPC Crossbow B,Test NPC CB_B.kfa,1,1,1,loop,0,1,0,0,0,0,0,,,
973,Test NPC Crossbow C,Test NPC CB_C.kfa,1,1,1,clamp,0,1,0,0,0,0,0,,,
974,Test NPC Bow A,Test_NPC_BowA.kfa,1,1,1,clamp,0,1,0,0,0,0,0,,,
975,Test NPC Bow B,Test_NPC_BowB.kfa,1,1,1,loop,0,1,0,0,0,0,0,,,
976,Test NPC Bow C,Test_NPC_BowC.kfa,1,1,1,clamp,0,1,0,0,0,0,0,,,
977,Valkyn Male Walk,W_VM.kfa,18,15,15,loop,0,0,0,0,0,0,0,1847,3247,
978,Valkyn Male Run,R_VM.kfa,11,15,15,loop,0,0,0,0,0,0,0,1847,3248,
979,Valkyn  Male Idle,I_VM.kfa,60,3,7,loop,0,0,0,0,0,0,0,1739,3418,
980,Valkyn Female Walk,W_VF.kfa,18,13,15,loop,0,0,0,0,0,0,0,1847,3247,
981,Valkyn Female Run,R_VF.kfa,11,15,15,loop,0,0,0,0,0,0,0,1847,3248,
982,Valkyn Female Run,I_VF.kfa,60,3,7,loop,0,0,0,0,0,0,0,1739,3418,
983,Orc Attack,Orc_attack.kfa,15,15,15,clamp,0,1,0,0,0,0,0,,,
984,Orc Combat Idle,Orc_cidle.kfa,16,15,15,loop,0,1,0,0,0,0,0,,,
985,Orc Death,Orc_death.kfa,30,10,15,clamp,0,1,0,0,0,0,0,,,
986,Orc Flinch,Orc_hits.kfa,10,15,15,clamp,0,1,0,0,0,0,0,,,
987,Orc Idle 1,Orc_idle.kfa,60,7,15,loop,0,1,0,0,0,0,0,,,
988,Orc Idle 2,Orc_idleR.kfa,60,15,15,loop,0,1,0,0,0,0,0,,,
989,Orc Run,Orc_run.kfa,12,15,15,loop,0,1,0,0,0,0,0,,,
990,Orc Spell A,Orc_spellA.kfa,15,15,15,clamp,0,1,0,0,0,0,0,,,
991,Orc Spell B,Orc_spellB.kfa,10,15,15,loop,0,1,0,0,0,0,0,,,
992,Orc Spell C,Orc_spellC.kfa,23,15,15,clamp,0,1,0,0,0,0,0,,,
993,Orc Swim,Orc_swim.kfa,22,7,15,loop,0,1,0,0,0,0,0,,,
994,Orc Walk,Orc_walk.kfa,16,15,15,loop,0,1,0,0,0,0,0,,,
995,Urchin Attack,Urchin_attack.kfa,15,15,15,clamp,0,1,0,0,0,0,0,,,
996,Urchin Combat Idle,Urchin_cidle.kfa,16,15,15,loop,0,1,0,0,0,0,0,,,
997,Urchin Death,Urchin_death.kfa,13,15,15,clamp,0,1,0,0,0,0,0,,,
998,Urchin Flinch,Urchin_flinch.kfa,10,15,15,clamp,0,1,0,0,0,0,0,,,
999,Urchin Idle 1,Urchin_idle.kfa,60,6,15,loop,0,1,0,0,0,0,0,,,
1000,Urchin Idle 2,Urchin_idleR.kfa,60,15,15,loop,0,1,0,0,0,0,0,,,
1001,Urchin Run,Urchin_run.kfa,10,15,15,loop,0,1,0,0,0,0,0,,,
1002,Urchin Spell A,Urchin_spellA.kfa,15,15,15,clamp,0,1,0,0,0,0,0,,,
1003,Urchin Spell B,Urchin_spellB.kfa,10,15,15,loop,0,1,0,0,0,0,0,,,
1004,Urchin Spell C,Urchin_spellC.kfa,23,15,15,clamp,0,1,0,0,0,0,0,,,
1005,Urchin Swim,Urchin_swim.kfa,22,10,15,loop,0,1,0,0,0,0,0,,,
1006,Urchin Walk,Urchin_walk.kfa,16,15,15,loop,0,1,0,0,0,0,0,,,
1007,Manta Attack,Manta_attack.kfa,20,15,15,clamp,0,1,0,0,0,0,0,,,
1008,Manta Combat Idle,Manta_cidle.kfa,20,15,15,loop,0,1,0,0,0,0,0,,,
1009,Manta Death,Manta_death.kfa,12,15,15,clamp,0,1,0,0,0,0,0,,,
1010,Manta Flinch,Manta_flinch.kfa,20,15,15,clamp,0,1,0,0,0,0,0,,,
1011,Manta Idle,Manta_idle.kfa,58,8,15,loop,0,1,0,0,0,0,0,,,
1012,Manta Run,Manta_run.kfa,20,15,15,loop,0,1,0,0,0,0,0,,,
1013,Manta Spell A,Manta_spellA.kfa,15,15,15,clamp,0,1,0,0,0,0,0,,,
1014,Manta Spell B,Manta_spellB.kfa,10,15,15,loop,0,1,0,0,0,0,0,,,
1015,Manta Spell C,Manta_spellC.kfa,23,15,15,clamp,0,1,0,0,0,0,0,,,
1016,Manta Walk,manta_walk.kfa,20,15,15,loop,0,1,0,0,0,0,0,,,
1017,Manta Swim,manta_walk.kfa,20,9,15,loop,0,1,0,0,0,0,0,,,
1018,Shrouder Attack High,Shrouder_attackH.kfa,19,15,15,clamp,0,1,0,0,0,0,0,,,
1019,Shrouder Attack Low,Shrouder_attackL.kfa,19,15,15,clamp,0,1,0,0,0,0,0,,,
1020,Shrouder Combat Idle,Shrouder_cidle.kfa,19,15,15,loop,0,1,0,0,0,0,0,,,
1021,Shrouder Death,Shrouder_death.kfa,19,15,15,clamp,0,1,0,0,0,0,0,,,
1022,Shrouder Flinch,Shrouder_flinch.kfa,19,15,15,clamp,0,1,0,0,0,0,0,,,
1023,Shrouder Idle,Shrouder_idle.kfa,19,6,15,loop,0,1,0,0,0,0,0,,,
1024,Shrouder Run,Shrouder_run.kfa,14,15,15,loop,0,1,0,0,0,0,0,,,
1025,Shrouder Spell A,Shrouder_spellA.kfa,15,15,15,clamp,0,1,0,0,0,0,0,,,
1026,Shrouder Spell B,Shrouder_spellB.kfa,10,15,15,loop,0,1,0,0,0,0,0,,,
1027,Shrouder Spell C,Shrouder_spellC.kfa,23,15,15,clamp,0,1,0,0,0,0,0,,,
1028,Shrouder Walk,Shrouder_walk.kfa,19,15,15,loop,0,1,0,0,0,0,0,,,
1029,Shrouder Swim,Shrouder_swim.kfa,19,15,15,loop,0,1,0,0,0,0,0,,,
1030,Botonid Attack High,Botonid_attackH.kfa,16,15,15,clamp,0,1,0,0,0,0,0,,,
1031,Botonid Attack Low,Botonid_attackL.kfa,16,15,15,clamp,0,1,0,0,0,0,0,,,
1032,Botonid Combat Idle,Botonid_cidle.kfa,16,15,15,loop,0,1,0,0,0,0,0,,,
1033,Botonid Death,Botonid_death.kfa,14,10,15,clamp,0,1,0,0,0,0,0,,,
1034,Botonid Flinch,Botonid_flinch.kfa,16,15,15,clamp,0,1,0,0,0,0,0,,,
1035,Botonid Idle,Botonid_idle.kfa,16,5,15,loop,0,1,0,0,0,0,0,,,
1036,Botonid Run,Botonid_run.kfa,12,15,15,loop,0,1,0,0,0,0,0,,,
1037,Botonid Spell A,Botonid_spellA.kfa,15,15,15,clamp,0,1,0,0,0,0,0,,,
1038,Botonid Spell B,Botonid_spellB.kfa,10,15,15,loop,0,1,0,0,0,0,0,,,
1039,Botonid Spell C,Botonid_spellC.kfa,23,15,15,clamp,0,1,0,0,0,0,0,,,
1040,Botonid Walk ,Botonid_walk.kfa,16,15,15,loop,0,1,0,0,0,0,0,,,
1041,Dragon Fly Attack High,DFly_attackH.kfa,16,15,15,clamp,0,1,0,0,0,0,0,,,
1042,Dragon Fly Attack Low,DFly_attackL.kfa,16,15,15,clamp,0,1,0,0,0,0,0,,,
1043,Dragon Fly Combat Idle,DFly_cidle.kfa,16,15,15,loop,0,1,0,0,0,0,0,,,
1044,Dragon Fly Death,DFly_death.kfa,14,12,15,clamp,0,1,0,0,0,0,0,,,
1045,Dragon Fly Flinch,DFly_flinch.kfa,16,15,15,clamp,0,1,0,0,0,0,0,,,
1046,Dragon Fly Idle,DFly_idle.kfa,16,15,15,loop,0,1,0,0,0,0,0,,,
1047,Dragon Fly Run,DFly_run.kfa,16,15,15,loop,0,1,0,0,0,0,0,,,
1048,Dragon Fly Spell A,DFly_spellA.kfa,15,15,15,clamp,0,1,0,0,0,0,0,,,
1049,Dragon Fly Spell B,DFly_spellB.kfa,10,15,15,loop,0,1,0,0,0,0,0,,,
1050,Dragon Fly Spell C,DFly_spellC.kfa,23,15,15,clamp,0,1,0,0,0,0,0,,,
1051,Dragon Fly Walk,DFly_walk.kfa,16,15,15,loop,0,1,0,0,0,0,0,,,
1052,Mushroom Attack,Mushroom_attack.kfa,17,15,15,clamp,0,0,0,0,0,0,0,2198,3364,
1053,Mushroom Combat Idle,Mushroom_cidle.kfa,17,15,15,loop,0,0,0,0,0,0,0,2199,3249,
1054,Mushroom Death,Mushroom_death.kfa,14,15,15,clamp,0,0,0,0,0,0,0,2200,3249,
1055,Mushroom Flinch,Mushroom_flinch.kfa,9,15,15,clamp,0,0,0,0,0,0,0,2201,3249,
1056,Mushroom Idle,Mushroom_idle.kfa,25,8,15,loop,0,0,0,0,0,0,0,2202,3249,
1057,Mushroom Run,Mushroom_run.kfa,11,15,15,loop,0,0,0,0,0,0,0,2203,3248,
1058,Mushroom Spell A,Mushroom_spellA.kfa,15,15,15,clamp,0,0,0,0,0,0,0,2198,3356,
1059,Mushroom Spell B,Mushroom_spellB.kfa,10,15,15,loop,0,0,0,0,0,0,0,2198,3355,
1060,Mushroom Spell C,Mushroom_spellC.kfa,23,15,15,clamp,0,0,0,0,0,0,0,2198,3354,
1061,Mushroom Walk,Mushroom_walk.kfa,15,15,15,loop,0,0,0,0,0,0,0,2203,3247,
1062,Red Cap Gnome Idle 1,GnomeR_Idle.kfa,25,9,15,loop,0,1,0,0,0,0,0,,,
1063,Red Cap Gnome Idle 2,GnomeR_Idle_butt.kfa,40,15,15,loop,0,1,0,0,0,0,0,,,
1064,Red Cap Gnome Idle 3,GnomeR_Idle_look.kfa,40,15,15,loop,0,1,0,0,0,0,0,,,
1065,Red Cap Gnome Run,GnomeR_run.kfa,12,15,15,loop,0,1,0,0,0,0,0,,,
1066,Red Cap Gnome Walk,GnomeR_walk.kfa,20,15,15,loop,0,1,0,0,0,0,0,,,
1067,Zombie Spell A,Zombie_spellA.kfa,15,15,15,clamp,0,1,0,0,0,0,0,,,
1068,Zombie Spell B,Zombie_spellB.kfa,10,15,15,loop,0,1,0,0,0,0,0,,,
1069,Zombie Spell C,Zombie_spellC.kfa,23,15,15,clamp,0,1,0,0,0,0,0,,,
1070,Undead Spell A,Undead_SP_ST.kfa,15,15,15,clamp,0,1,0,0,0,0,0,1757,3356,
1071,Undead Spell B,Undead_SP_MID.kfa,10,15,15,loop,0,1,0,0,0,0,0,1802,3355,
1072,Undead Spell C,Undead_Sp_END.kfa,23,15,15,clamp,0,1,0,0,0,0,0,1748,3354,
1073,Roman Undead Spell A,RD_Cast_A.kfa,15,15,15,clamp,0,1,0,0,0,0,0,1757,3356,
1074,Roman Undead Spell B,RD_Cast_B.kfa,10,15,15,loop,0,1,0,0,0,0,0,1756,3355,
1075,Roman Undead Spell C,RD_cast_C.kfa,23,15,15,clamp,0,1,0,0,0,0,0,1755,3354,
1076,Wight Spell A,Wight_SP_A.kfa,15,15,15,clamp,0,1,0,0,0,0,0,,,
1077,Wight Spell B,Wight_SP_B.kfa,10,15,15,loop,0,1,0,0,0,0,0,,,
1078,Wight Spell C,Wight_Sp_C.kfa,23,15,15,clamp,0,1,0,0,0,0,0,,,
1079,Wraith Spell A,Wraith_spellcastA.kfa,15,15,15,clamp,0,1,0,0,0,0,0,,,
1080,Wraith Spell B,Wraith_spellcastB.kfa,10,15,15,loop,0,1,0,0,0,0,0,,,
1081,Wraith Spell C,Wraith_spellcastC.kfa,23,15,15,clamp,0,1,0,0,0,0,0,,,
1082,Guag Attack,Guag_attack.kfa,20,15,15,clamp,0,1,0,0,1,0,0,,,
1083,Guag Combat Idle,Guag_cidle.kfa,16,15,15,loop,0,1,0,0,1,0,0,,,
1084,Guag Death,Guag_death.kfa,10,15,15,clamp,0,1,0,0,1,0,0,,,
1085,Guag Flinch,Guag_flinch.kfa,8,15,15,clamp,0,1,0,0,1,0,0,,,
1086,Guag Idle,Guag_idle.kfa,16,7,15,loop,0,1,0,0,1,0,0,,,
1087,Guag Run,Guag_run.kfa,13,15,15,loop,0,1,0,0,1,0,0,,,
1088,Guag Walk,Guag_walk.kfa,20,15,15,loop,0,1,0,0,1,0,0,,,
1089,Guag Swim,Guag_swim.kfa,15,7,15,loop,0,1,0,0,0,0,0,,,
1090,Cicada Attack,Cicada_attack.kfa,16,15,15,loop,0,1,0,0,0,0,0,,,
1092,Cicada Death,Cicada_death.kfa,16,15,15,clamp,0,1,0,0,0,0,0,,,
1093,Cicada Flinch,Cicada_flinch.kfa,16,15,15,clamp,0,1,0,0,0,0,0,,,
1094,Cicada Idle,Cicada_idle.kfa,16,15,15,loop,0,1,0,0,0,0,0,,,
1095,Cicada Run,Cicada_walk.kfa,16,15,15,loop,0,1,0,0,0,0,0,,,
1096,Cicada Walk,Cicada_walk.kfa,16,15,15,loop,0,1,0,0,0,0,0,,,
1097,Cicada Swim,Cicada_swim.kfa,16,15,15,loop,0,1,0,0,0,0,0,,,
1098,Cicada Spell A,Cicada_spellA.kfa,15,15,15,clamp,0,1,0,0,0,0,0,,,
1099,Cicada Spell B,Cicada_spellB.kfa,10,15,15,loop,0,1,0,0,0,0,0,,,
1100,Cicada Spell C,Cicada_spellC.kfa,23,15,15,clamp,0,1,0,0,0,0,0,,,
1101,Fomorian 2 Idle,Fomor2_idle.kfa,20,7,15,loop,0,1,0,0,0,0,0,,,
1102,Fomorian 2 Run,Fomor2_run.kfa,12,15,15,loop,0,1,0,0,0,0,0,,,
1103,Fomorian 2 Walk,Fomor2_walk.kfa,24,15,15,loop,0,1,0,0,0,0,0,,,
1104,Fomorian 3 Idle,Fomor3_idle.kfa,20,7,15,loop,0,1,0,0,0,0,0,,,
1105,Fomorian 3 Run,Fomor3_run.kfa,12,15,15,loop,0,1,0,0,0,0,0,,,
1106,Fomorian 3 Walk,Fomor3_walk.kfa,24,15,15,loop,0,1,0,0,0,0,0,,,
1107,Fomorian 4 Attack 1,Fomor4_attW.kfa,11,15,15,clamp,0,1,0,0,0,0,0,,,
1108,Fomorian 4 Attack 2,Fomor4_AttH.kfa,18,15,15,clamp,0,1,0,0,0,0,0,,,
1109,Fomorian 4 Attack 3,Fomor4_AttL.kfa,13,15,15,clamp,0,1,0,0,0,0,0,,,
1110,Fomorian 4 Combat Idle,Fomor4_cidle.kfa,20,15,15,loop,0,1,0,0,0,0,0,,,
1111,Fomorian 4 Death,Fomor4_death.kfa,16,15,15,clamp,0,1,0,0,0,0,0,,,
1112,Fomorian 4 Flinch,Fomor4_flinch.kfa,11,15,15,clamp,0,1,0,0,0,0,0,,,
1113,Fomorian 4 Idle,Fomor4_idle.kfa,20,7,15,loop,0,1,0,0,0,0,0,,,
1114,Fomorian 4 Run,Fomor4_run.kfa,12,15,15,loop,0,1,0,0,0,0,0,,,
1115,Fomorian Spell A,Fomor4_spellA.kfa,15,15,15,clamp,0,1,0,0,0,0,0,,,
1116,Fomorian Spell B,Fomor4_spellB.kfa,10,15,15,loop,0,1,0,0,0,0,0,,,
1117,Fomorian Spell C,Fomor4_spellC.kfa,23,15,15,clamp,0,1,0,0,0,0,0,,,
1118,Fomorian 4 Walk,Fomor4_walk.kfa,18,15,15,loop,0,1,0,0,0,0,0,,,
1119,Fomorian 4 Swim,Fomor4_swim.kfa,22,10,15,loop,0,1,0,0,0,0,0,,,
1120,Formorian 4 Bow A,Fomor4_bowA.kfa,37,15,15,clamp,0,1,0,0,0,0,0,,,
1121,Formorian 4 Bow B,Fomor4_bowB.kfa,7,15,15,loop,0,1,0,0,0,0,0,,,
1122,Formorian 4 Bow C,Fomor4_bowC.kfa,23,15,15,clamp,0,1,0,0,0,0,0,,,
1123,Formorian Bow A,Fomor_bowA.kfa,37,15,15,clamp,0,1,0,0,0,0,0,,,
1124,Formorian Bow B,Fomor_bowB.kfa,7,15,15,loop,0,1,0,0,0,0,0,,,
1125,Formorian Bow C,Fomor_bowC.kfa,23,15,15,clamp,0,1,0,0,0,0,0,,,
1126,Mammoth Attack  ,Mammoth_attack.kfa,24,15,15,clamp,0,1,0,0,1,0,0,,,
1127,Mammoth Combat Idle,Mammoth_cidle.kfa,16,15,15,loop,0,1,0,0,1,0,0,,,
1128,Mammoth Death,Mammoth_death.kfa,18,15,15,clamp,0,1,0,0,1,0,0,,,
1129,Mammoth Flinch,Mammoth_flinch.kfa,16,15,15,clamp,0,1,0,0,1,0,0,,,
1130,Mammoth Idle,Mammoth_idle.kfa,24,5,15,loop,0,1,0,0,1,0,0,,,
1131,Mammoth Run,Mammoth_run.kfa,12,15,15,loop,0,1,0,0,1,0,0,,,
1132,Mammoth Walk  ,Mammoth_walk.kfa,24,15,15,loop,0,1,0,0,1,0,0,,,
1133,Mammoth Swim,Mammoth_swim.kfa,16,10,15,loop,0,1,0,0,1,0,0,,,
1134,Mammoth Spell A ,Mammoth_spellA.kfa,15,15,15,clamp,0,1,0,0,1,0,0,,,
1135,Mammoth Spell B ,Mammoth_spellB.kfa,10,15,15,loop,0,1,0,0,1,0,0,,,
1136,Mammoth Spell C ,Mammoth_spellC.kfa,23,15,15,clamp,0,1,0,0,1,0,0,,,
1137,Lamia Attack 1,Lamia_attackH.kfa,20,15,15,clamp,0,1,0,0,0,0,0,,,
1138,Lamia Attack 2,Lamia_attackW1.kfa,24,15,15,clamp,0,1,0,0,0,0,0,,,
1139,Lamia Attack 3,Lamia_attackW2.kfa,24,15,15,clamp,0,1,0,0,0,0,0,,,
1140,Lamia Combat Idle,Lamia_cidle.kfa,24,15,15,loop,0,1,0,0,0,0,0,,,
1141,Lamia Death,Lamia_death.kfa,14,15,15,clamp,0,1,0,0,0,0,0,,,
1142,Lamia Flinch,Lamia_flinch.kfa,12,15,15,clamp,0,1,0,0,0,0,0,,,
1143,Lamia Idle,Lamia_idle.kfa,25,7,15,loop,0,1,0,0,0,0,0,,,
1144,Lamia Run,Lamia_run.kfa,12,15,15,loop,0,1,0,0,0,0,0,,,
1145,Lamia Walk,Lamia_walk.kfa,15,15,15,loop,0,1,0,0,0,0,0,,,
1146,Lamia Swim,Lamia_swim.kfa,15,10,15,loop,0,1,0,0,0,0,0,,,
1147,Lamia Spell A,Lamia_spellA.kfa,15,15,15,clamp,0,1,0,0,0,0,0,,,
1148,Lamia Spell B,Lamia_spellB.kfa,10,15,15,loop,0,1,0,0,0,0,0,,,
1149,Lamia Spell C,Lamia_spellC.kfa,23,15,15,clamp,0,1,0,0,0,0,0,,,
1150,Lamia Bow A,Lamia_BowA.kfa,37,15,15,clamp,0,1,0,0,0,0,0,,,
1151,Lamia Bow B,Lamia_BowB.kfa,7,10,15,loop,0,1,0,0,0,0,0,,,
1152,Lamia Bow C,Lamia_BowC.kfa,13,15,15,clamp,0,1,0,0,0,0,0,,,
1153,Necro Shade Idle,Shade_idle.kfa,26,15,15,loop,0,0,0,0,0,0,0,, ,
1154,Necro Shade Walk,Shade_walk.kfa,26,15,15,loop,0,0,0,0,0,0,0,, ,
1155,Necro Shade Run,Shade_run.kfa,19,15,15,loop,0,0,0,0,0,0,0,, ,
1156,Valkyn Male Sit ,S_VM_A.kfa,15,15,15,clamp,0,0,0,0,0,0,0,2196,3249,
1157,Valkyn Male Sit Idle,S_VM_B.kfa,30,15,15,loop,0,0,0,0,0,0,0,2197,3249,
1158,Valkyn Female Sit,S_VF_A.kfa,15,15,15,clamp,0,0,0,1,0,0,0,2196,3249,
1159,Valkyn Female Sit Idle,S_VF_B.kfa,30,15,15,loop,0,0,0,0,0,0,0,2197,3249,
1160,Fomorian Boss Attack High,BossF_attackH.kfa,22,15,15,clamp,0,1,0,0,0,0,0,,,
1161,Fomorian Boss Attack Low,BossF_AttackL.kfa,42,15,15,clamp,0,1,0,0,0,0,0,,,
1162,Fomorian Boss Attack Mid,BossF_AttackM.kfa,18,15,15,clamp,0,1,0,0,0,0,0,,,
1163,Formorian Boss Combat Idle,BossF_cidle.kfa,16,15,15,loop,0,1,0,0,0,0,0,,,
1164,Formorian Boss Death,BossF_death.kfa,17,12,15,clamp,0,1,0,0,0,0,0,,,
1165,Formorian Boss Flinch,BossF_flinch.kfa,17,15,15,clamp,0,1,0,0,0,0,0,,,
1166,Formorian Boss Idle,BossF_idle.kfa,18,5,15,loop,0,1,0,0,0,0,0,,,
1167,Formorian Boss Idle Alt,BossF_idle1.kfa,37,9,15,loop,0,1,0,0,0,0,0,,,
1168,Formorian Boss Run,fomor_run.kfa,12,15,15,loop,0,1,0,0,0,0,0,,,
1169,Formorian Boss Spell A,BossF_spellA.kfa,15,15,15,clamp,0,1,0,0,0,0,0,,,
1170,Formorian Boss Spell B,BossF_spellB.kfa,10,15,15,loop,0,1,0,0,0,0,0,,,
1171,Formorian Boss Spell C,BossF_spellC.kfa,23,15,15,clamp,0,1,0,0,0,0,0,,,
1172,Formorian Boss Walk,BossF_walk.kfa,18,15,15,loop,0,1,0,0,0,0,0,,,
1173,Clock Work Troll Attack High,CWTroll_attackH.kfa,22,15,15,clamp,0,1,0,0,0,0,0,,,
1174,Clock Work Troll Attack Low,CWTroll_AttackL.kfa,16,15,15,clamp,0,1,0,0,0,0,0,,,
1175,Clock Work Troll Combat Idle,CWTroll_cidle.kfa,16,15,15,loop,0,1,0,0,0,0,0,,,
1176,Clock Work Troll Death,CWTroll_death.kfa,17,15,15,clamp,0,1,0,0,0,0,0,,,
1177,Clock Work Troll Flinch,CWTroll_flinch.kfa,17,15,15,clamp,0,1,0,0,0,0,0,,,
1178,Clock Work Troll Idle,CWTroll_idle.kfa,30,10,15,loop,0,1,0,0,0,0,0,,,
1179,Clock Work Troll Idle Alt,CWTroll_idle1.kfa,19,10,15,loop,0,1,0,0,0,0,0,,,
1180,Clock Work Troll Run,CWTroll_run.kfa,12,15,15,loop,0,1,0,0,0,0,0,,,
1181,Clock Work Troll Spell A,CWTroll_spellA.kfa,15,15,15,clamp,0,1,0,0,0,0,0,,,
1182,Clock Work Troll Spell B,CWTroll_spellB.kfa,10,15,15,loop,0,1,0,0,0,0,0,,,
1183,Clock Work Troll Spell C,CWTroll_spellC.kfa,23,15,15,clamp,0,1,0,0,0,0,0,,,
1184,Clock Work Troll Walk,CWTroll_walk.kfa,18,15,15,loop,0,1,0,0,0,0,0,,,
1185,Clock Work Troll Bow A,CWTroll_BowA.kfa,37,15,15,clamp,0,1,0,0,0,0,0,,,
1186,Clock Work Troll Bow B,CWTroll_BowB.kfa,7,15,15,loop,0,1,0,0,0,0,0,,,
1187,Clock Work Troll Bow C,CWTroll_BowC.kfa,13,15,15,clamp,0,1,0,0,0,0,0,,,
1188,Clock Work Troll Swim,CWTroll_swim.kfa,15,15,15,loop,0,1,0,0,0,0,0,,,
1189,Fomorian 1-3 Climb,Fomor_climb.kfa,12,15,15,loop,0,1,0,0,0,0,0,,,
1190,Fomorian 4 Climb,Fomor4_climb.kfa,12,15,15,loop,0,1,0,0,0,0,0,,,
1191,Fomorian Potion 1,Fomor_Stonethrow.kfa,15,15,15,clamp,0,1,0,0,0,0,0,,,
1192,Fomorian Potion 2,Fomor3_Stonethrow.kfa,15,15,15,clamp,0,1,0,0,0,0,0,,,
1193,Fomorian Potion 3,Fomor4_Stonethrow.kfa,15,15,15,clamp,0,1,0,0,0,0,0,,,
1194,Human Drink,Drink_spell.kfa,149,25,30,clamp,0,0,0,0,0,0,0,1758,3249,
1195,Ampheretere Cast A,Amp_spellA.kfa,15,15,15,clamp,0,1,0,0,0,0,0,,,
1196,Ampheretere Cast B,Amp_spellB.kfa,10,15,15,loop,0,1,0,0,0,0,0,,,
1197,Ampheretere Cast C,Amp_spellC.kfa,23,15,15,clamp,0,1,0,0,0,0,0,,,
1198,Slug Attack High,Slug_attackH.kfa,28,15,15,clamp,0,1,0,0,0,0,0,,,
1199,Slug Attack Low,Slug_AttackL.kfa,33,15,15,clamp,0,1,0,0,0,0,0,,,
1200,Slug Combat idle,Slug_cidle.kfa,19,15,15,loop,0,1,0,0,0,0,0,,,
1201,Slug Death,Slug_death.kfa,19,15,15,clamp,0,1,0,0,0,0,0,,,
1202,Slug Flinch,Slug_flinch.kfa,19,15,15,clamp,0,1,0,0,0,0,0,,,
1203,Slug Idle,Slug_idle.kfa,60,5,15,loop,0,1,0,0,0,0,0,,,
1204,Slug Run,Slug_run.kfa,14,15,15,loop,0,1,0,0,0,0,0,,,
1205,Slug Spell A,Slug_spellA.kfa,15,12,15,clamp,0,1,0,0,0,0,0,,,
1206,Slug Spell B,Slug_spellB.kfa,10,12,15,loop,0,1,0,0,0,0,0,,,
1207,Slug Spell C,Slug_spellC.kfa,23,12,15,clamp,0,1,0,0,0,0,0,,,
1208,Slug Walk,Slug_walk.kfa,20,15,15,loop,0,1,0,0,0,0,0,,,
1209,Rencan Attach High,Rencan_attackH.kfa,16,15,15,clamp,0,1,0,0,0,0,0,,,
1210,Rencan Attach Low,Rencan_AttackL.kfa,8,15,15,clamp,0,1,0,0,0,0,0,,,
1211,Rencan Combat Idle,Rencan_cidle.kfa,16,15,15,loop,0,1,0,0,0,0,0,,,
1212,Rencan Death,Rencan_death.kfa,13,15,15,clamp,0,1,0,0,0,0,0,,,
1213,Rencan Flinch,Rencan_flinch.kfa,8,15,15,clamp,0,1,0,0,0,0,0,,,
1214,Rencan Idle,Rencan_idle.kfa,20,7,15,loop,0,1,0,0,0,0,0,,,
1215,Rencan Run,Rencan_run.kfa,10,15,15,loop,0,1,0,0,0,0,0,,,
1216,Rencan Spell A,Rencan_spellA.kfa,15,12,15,clamp,0,1,0,0,0,0,0,,,
1217,Rencan Spell B,Rencan_spellB.kfa,10,12,15,loop,0,1,0,0,0,0,0,,,
1218,Rencan Spell C,Rencan_spellC.kfa,23,10,15,clamp,0,1,0,0,0,0,0,,,
1219,Rencan Walk,Rencan_walk.kfa,20,15,15,loop,0,1,0,0,0,0,0,,,
1220,Rencan Swim,Rencan_swim.kfa,16,15,15,loop,0,1,0,0,0,0,0,,,
1221,Tree D Attack High,TreeD_attackH.kfa,18,15,15,clamp,0,1,0,0,0,0,0,,,
1222,Tree D Attack Low,TreeD_AttackL.kfa,21,15,15,clamp,0,1,0,0,0,0,0,,,
1223,Tree D Combat Idle,TreeD_cidle.kfa,16,15,15,loop,0,1,0,0,0,0,0,,,
1224,Tree D Death,TreeD_death.kfa,25,15,15,clamp,0,1,0,0,0,0,0,,,
1225,Tree D Flinch,TreeD_flinch.kfa,10,15,15,clamp,0,1,0,0,0,0,0,,,
1226,Tree D Idle,TreeD_idle.kfa,60,7,15,loop,0,1,0,0,0,0,0,,,
1227,Tree D Run,TreeD_run.kfa,10,15,15,loop,0,1,0,0,0,0,0,,,
1228,Tree D Spell A,TreeD_spellA.kfa,15,15,15,clamp,0,1,0,0,0,0,0,,,
1229,Tree D Spell B,TreeD_spellB.kfa,10,15,15,loop,0,1,0,0,0,0,0,,,
1230,Tree D Spell C,TreeD_spellC.kfa,23,15,15,clamp,0,1,0,0,0,0,0,,,
1231,Tree D Walk,TreeD_walk.kfa,20,15,15,loop,0,1,0,0,0,0,0,,,
1232,Tree D Swim,TreeD_swim.kfa,28,15,15,loop,0,1,0,0,0,0,0,,,
1233,Larnvidur Attack High,Larnvidur_attackH.kfa,16,15,15,clamp,0,1,0,0,0,0,0,,,
1234,Larnvidur Attack Low,Larnvidur_AttackL.kfa,18,15,15,clamp,0,1,0,0,0,0,0,,,
1235,Larnvidur Combat Idle,Larnvidur_cidle.kfa,16,15,15,loop,0,1,0,0,0,0,0,,,
1236,Larnvidur Death,Larnvidur_death.kfa,17,15,15,clamp,0,1,0,0,0,0,0,,,
1237,Larnvidur Flinch,Larnvidur_flinch.kfa,17,15,15,clamp,0,1,0,0,0,0,0,,,
1238,Larnvidur Idle,Larnvidur_idle.kfa,20,9,15,loop,0,1,0,0,0,0,0,,,
1239,Larnvidur Run,Larnvidur_run.kfa,12,15,15,loop,0,1,0,0,0,0,0,,,
1240,Larnvidur Spell A,Larnvidur_spellA.kfa,15,15,15,clamp,0,1,0,0,0,0,0,,,
1241,Larnvidur Spell B,Larnvidur_spellB.kfa,10,15,15,loop,0,1,0,0,0,0,0,,,
1242,Larnvidur Spell C,Larnvidur_spellC.kfa,23,15,15,clamp,0,1,0,0,0,0,0,,,
1243,Larnvidur Walk,Larnvidur_walk.kfa,18,15,15,loop,0,1,0,0,0,0,0,,,
1244,Terrorbird Attack,Terrorbird_attack.kfa,14,15,15,clamp,0,1,0,0,0,0,0,,,
1245,Terrorbird Combat Idle,Terrorbird_cidle.kfa,30,15,15,loop,0,1,0,0,0,0,0,,,
1246,Terrorbird Death,Terrorbird_death.kfa,13,15,15,clamp,0,1,0,0,0,0,0,,,
1247,Terrorbird Flinch,Terrorbird_flinch.kfa,11,15,15,clamp,0,1,0,0,0,0,0,,,
1248,Terrorbird Idle,Terrorbird_idle.kfa,30,15,15,loop,0,1,0,0,0,0,0,,,
1249,Terrorbird Run,Terrorbird_run.kfa,10,15,15,loop,0,1,0,0,0,0,0,,,
1250,Terrorbird Spell A,Terrorbird_spellA.kfa,15,15,15,clamp,0,1,0,0,0,0,0,,,
1251,Terrorbird Spell B,Terrorbird_spellB.kfa,10,15,15,loop,0,1,0,0,0,0,0,,,
1252,Terrorbird Spell C,Terrorbird_spellC.kfa,23,15,15,clamp,0,1,0,0,0,0,0,,,
1253,Terrorbird Walk,Terrorbird_walk.kfa,16,15,15,loop,0,1,0,0,0,0,0,,,
1254,Terrorbird Swim,Terrorbird_swim.kfa,12,15,15,loop,0,1,0,0,0,0,0,,,
1255,Clock Work Human Attack 1,CWHuman_attackW.kfa,11,15,15,clamp,0,1,0,0,0,0,0,,,
1256,Clock Work Human Attack 2,CWHuman_attackH.kfa,13,15,15,clamp,0,1,0,0,0,0,0,,,
1257,Clock Work Human Combat Idle,CWHuman_cidle.kfa,20,15,15,loop,0,1,0,0,0,0,0,,,
1258,Clock Work Human Death,CWHuman_death.kfa,16,15,15,clamp,0,1,0,0,0,0,0,,,
1259,Clock Work Human Flinch,CWHuman_flinch.kfa,11,15,15,clamp,0,1,0,0,0,0,0,,,
1260,Clock Work Human Idle,CWHuman_idle.kfa,20,15,15,loop,0,1,0,0,0,0,0,,,
1261,Clock Work Human Run,CWHuman_run.kfa,12,15,15,loop,0,1,0,0,0,0,0,,,
1262,Clock Work Human Spell A,CWHuman_spellA.kfa,15,15,15,clamp,0,1,0,0,0,0,0,,,
1263,Clock Work Human Spell B,CWHuman_spellB.kfa,10,15,15,loop,0,1,0,0,0,0,0,,,
1264,Clock Work Human Spell C,CWHuman_spellC.kfa,23,15,15,clamp,0,1,0,0,0,0,0,,,
1265,Clock Work Human Walk,CWHuman_walk.kfa,18,15,15,loop,0,1,0,0,0,0,0,,,
1266,Clock Work Human Swim,CWHuman_swim.kfa,28,15,15,loop,0,1,0,0,0,0,0,,,
1267,Clock Work Human Bow A,CWHuman_bowA.kfa,37,15,15,clamp,0,1,0,0,0,0,0,,,
1268,Clock Work Human Bow B,CWHuman_bowB.kfa,7,15,15,loop,0,1,0,0,0,0,0,,,
1269,Clock Work Human Bow C,CWHuman_bowC.kfa,23,15,15,clamp,0,1,0,0,0,0,0,,,
1270,Arbordon Attack Low,Arbordon_attackL.kfa,24,15,15,clamp,0,1,0,0,0,0,0,,,
1271,Arbordon Attack High,Arbordon_attackH.kfa,24,15,15,clamp,0,1,0,0,0,0,0,,,
1272,Arbordon Combat Idle,Arbordon_cidle.kfa,20,15,15,loop,0,1,0,0,0,0,0,,,
1273,Arbordon Death,Arbordon_death.kfa,8,15,15,clamp,0,1,0,0,0,0,0,,,
1274,Arbordon Flinch,Arbordon_flinch.kfa,8,15,15,clamp,0,1,0,0,0,0,0,,,
1275,Arbordon Idle,Arbordon_idle.kfa,20,15,15,loop,0,1,0,0,0,0,0,,,
1276,Arbordon Run,Arbordon_run.kfa,10,15,15,loop,0,1,0,0,0,0,0,,,
1277,Arbordon Spell A,Arbordon_spellA.kfa,15,15,15,clamp,0,1,0,0,0,0,0,,,
1278,Arbordon Spell B,Arbordon_spellB.kfa,10,15,15,loop,0,1,0,0,0,0,0,,,
1279,Arbordon Spell C,Arbordon_spellC.kfa,23,15,15,clamp,0,1,0,0,0,0,0,,,
1280,Arbordon Walk,Arbordon_walk.kfa,20,15,15,loop,0,1,0,0,0,0,0,,,
1281,Arbordon Swim,Arbordon_swim.kfa,28,15,15,loop,0,1,0,0,0,0,0,,,
1282,Arbordon Bow A,Arbordon_bowA.kfa,37,15,15,clamp,0,1,0,0,0,0,0,,,
1283,Arbordon Bow B,Arbordon_bowB.kfa,7,15,15,loop,0,1,0,0,0,0,0,,,
1284,Arbordon Bow C,Arbordon_bowC.kfa,23,15,15,clamp,0,1,0,0,0,0,0,,,
1285,Cicada Attack Low,Cicada_attackL.kfa,16,15,15,loop,0,1,0,0,0,0,0,,,
1286,Hand to Hand Combat Idle,CI_H_H2H.kfa,15,15,15,loop,0,0,0,0,0,0,0,1659,3249,
1287,Hand to Hand Attack High,A_H_H2H_high.kfa,13,15,15,clamp,0,0,0,0,0,0,0,1636,3364,
1288,Hand to Hand Attack Med,A_H_H2H_Med.kfa,13,15,15,clamp,0,0,0,0,0,0,0,1638,3364,
1289,Hand to Hand Attack Low,A_H_H2H_Low.kfa,15,15,15,clamp,0,0,0,0,0,0,0,1637,3364,
1290,Hand to Hand Attack Piercing,A_H_H2H_CS01.kfa,21,15,15,clamp,0,0,0,0,0,0,0,1722,3364,
1291,Hand to Hand Attack Slash,A_H_H2H_CS02.kfa,15,15,15,clamp,0,0,0,0,0,0,0,1723,3364,
1292,Hand to HandAttack Pierce to Slash,A_H_H2H_CS03.kfa,26,15,15,clamp,0,0,0,0,0,0,0,1724,3364,
1293,Hand to Hand Attack Double Slash 1,A_H_H2H_CS04.kfa,27,15,15,clamp,0,0,0,0,0,0,0,1725,3364,
1294,Hand to Hand Attack Double Slash 2,A_H_H2H_CS05.kfa,25,15,15,clamp,0,0,0,0,0,0,0,1726,3364,
1295,Anglich Attack,Anglich_attack.kfa,26,15,15,clamp,0,1,0,0,0,0,0,,,
1296,Anglich Run,Anglich_run.kfa,13,15,15,loop,0,1,0,0,0,0,0,,,
1297,Anglich Idle,Anglich_idle.kfa,16,7,15,loop,0,1,0,0,0,0,0,,,
1298,Anglich Walk,Anglich_walk.kfa,20,15,15,loop,0,1,0,0,0,0,0,,,
1299,Anglich Combat Idle,Anglich_cidle.kfa,13,15,15,loop,0,1,0,0,0,0,0,,,
1300,Anglich Flinch,Anglich_flinch.kfa,13,15,15,clamp,0,1,0,0,0,0,0,,,
1301,Anglich Death,Anglich_death.kfa,17,15,15,clamp,0,1,0,0,0,0,0,,,
1302,Anglich Spell A,Anglich_spellA.kfa,15,15,15,clamp,0,1,0,0,0,0,0,,,
1303,Anglich Spell B,Anglich_spellb.kfa,10,15,15,loop,0,1,0,0,0,0,0,,,
1304,Anglich Spell C,Anglich_spellC.kfa,23,15,15,clamp,0,1,0,0,0,0,0,,,
1305,2 Headed Dragon Walk,2HDragon_walk.kfa,18,15,15,loop,0,1,0,0,0,0,0,,,
1306,2 Headed Dragon Run,2HDragon_run.kfa,13,15,15,loop,0,1,0,0,0,0,0,,,
1307,2 Headed Dragon Idle,2HDragon_idle.kfa,18,4,15,loop,0,1,0,0,0,0,0,,,
1308,2 Headed Dragon Combat Idle,2HDragon_cidle.kfa,18,15,15,loop,0,1,0,0,0,0,0,,,
1309,2 Headed Dragon Attack,2HDragon_attack.kfa,23,15,15,clamp,0,1,0,0,0,0,0,,,
1310,2 Headed Dragon Flinch,2HDragon_flinch.kfa,15,15,15,clamp,0,1,0,0,0,0,0,,,
1311,2 Headed Dragon Death,2HDragon_death.kfa,41,15,15,clamp,0,1,0,0,0,0,0,,,
1312,2 Headed Dragon Spell A,2HDragon_spellA.kfa,15,15,15,clamp,0,1,0,0,0,0,0,,,
1313,2 Headed Dragon Spell B,2HDragon_spellB.kfa,10,15,15,loop,0,1,0,0,0,0,0,,,
1314,2 Headed Dragon Spell C,2HDragon_spellc.kfa,45,15,15,clamp,0,1,0,0,0,0,0,,,
1315,Korean Emote 1,KEM_HEADS.kfa,73,15,15,clamp,0,1,0,0,0,0,0,1739,3249,
1316,Korean Emote 2,KEM_DBOW.kfa,70,15,15,clamp,0,1,0,0,0,0,0,1739,3249,
1317,Korean Emote 3,KEM_Msalute.kfa,30,15,15,clamp,0,1,0,0,0,0,0,1739,3249,
1318,Korean Emote 4,KEM_CourtS.kfa,38,15,15,clamp,0,1,0,0,0,0,0,1739,3249,
1319,Korean Emote 5,KEM_OKorea.kfa,60,15,15,clamp,0,1,0,0,0,0,0,1739,3249,
1320,Korean Emote 6,KEM_WonsanPQ,71,15,15,clamp,0,1,0,0,0,0,0,1739,3249,
1321,Emote Crotch Grab,EM_CG.kfa,25,15,15,clamp,0,1,0,0,0,0,0,1739,3249,
1322,Emote Rude Gesture,EM_FU.kfa,20,15,15,clamp,0,1,0,0,0,0,0,1739,3249,
1323,Short Flex Weapon Idle,I_1FW_S.kfa,1,15,15,loop,0,0,0,0,0,0,0,,,
1324,Short Flex Weapon Combat Idle,CI_1FW_S.kfa,10,15,15,loop,0,0,0,0,0,0,0,,,
1325,Short Flex Weapon High Attack,FW_HIGH_S.kfa,18,15,15,clamp,0,0,0,0,0,0,0,,,
1326,Short Flex Weapon Low Attack,FW_LOW_S.kfa,16,15,15,clamp,0,0,0,0,0,0,0,,,
1327,Short Handle FW Style 1,A_1FW_CS01_S.kfa,30,15,15,clamp,0,0,0,0,0,0,0,,,
1328,Short Handle FW Style 1,A_1FW_CS03_S.kfa,17,15,15,clamp,0,0,0,0,0,0,0,,,
1329,Short Handle FW Style 4,A_1FW_CS04_S.kfa,22,15,15,clamp,0,0,0,0,0,0,0,,,
1330,Short Handle FW Style 6,A_1FW_CS06_S.kfa,16,15,15,clamp,0,0,0,0,0,0,0,,,
1331,Short Handle FW Style 7,A_1FW_CS07_S.kfa,23,15,15,clamp,0,0,0,0,0,0,0,,,
1332,Medium Flex Weapon Idle,I_1FW_M.kfa,1,15,15,loop,0,0,0,0,0,0,0,,,
1333,Medium Flex Weapon Combat Idle,CI_1FW_M.kfa,10,15,15,loop,0,0,0,0,0,0,0,,,
1334,Medium Flex Weapon High Attack,FW_HIGH_M.kfa,18,15,15,clamp,0,0,0,0,0,0,0,,,
1335,Medium Flex Weapon Low Attack,FW_LOW_M.kfa,18,15,15,clamp,0,0,0,0,0,0,0,,,
1336,Medium Handle FW Style 1,A_1FW_CS01_M.kfa,30,15,15,clamp,0,0,0,0,0,0,0,,,
1337,Medium Handle FW Style 3,A_1FW_CS03_M.kfa,17,15,15,clamp,0,0,0,0,0,0,0,,,
1338,Medium Handle FW Style 4,A_1FW_CS04_M.kfa,22,15,15,clamp,0,0,0,0,0,0,0,,,
1339,Medium Handle FW Style 6,A_1FW_CS06_M.kfa,16,15,15,clamp,0,0,0,0,0,0,0,,,
1340,Medium Handle FW Style 7,A_1FW_CS07_M.kfa,23,15,15,clamp,0,0,0,0,0,0,0,,,
1341,Long Flex Weapon Idle,I_1FW_L.kfa,1,15,15,loop,0,0,0,0,0,0,0,,,
1342,Long Flex Weapon Combat Idle,CI_1FW_L.kfa,10,15,15,loop,0,0,0,0,0,0,0,,,
1343,Long Flex Weapon High Attack,FW_HIGH_L.kfa,18,15,15,clamp,0,0,0,0,0,0,0,,,
1344,Long Flex Weapon Low Attack,FW_LOW_L.kfa,14,15,15,clamp,0,0,0,0,0,0,0,,,
1345,Long Handle FW Style 1,A_1FW_CS01_L.kfa,30,15,15,clamp,0,0,0,0,0,0,0,,,
1346,Long Handle FW Style 3,A_1FW_CS03_L.kfa,17,15,15,clamp,0,0,0,0,0,0,0,,,
1347,Long Handle FW Style 4,A_1FW_CS04_L.kfa,22,15,15,clamp,0,0,0,0,0,0,0,,,
1348,Long Handle FW Style 6,A_1FW_CS06_L.kfa,16,15,15,clamp,0,0,0,0,0,0,0,,,
1349,Long Handle FW Style 7,A_1FW_CS07_L.kfa,23,15,15,clamp,0,0,0,0,0,0,0,,,
1350,Human Short FW Attack High,A_1FW_HIGH_S.kfa,18,15,15,clamp,0,0,0,0,0,0,2,,,
1351,Human Short FW Attack Low,A_1FW_LOW_S.kfa,16,15,15,clamp,0,0,0,0,0,0,3,,,
1352,Human Medium FW Attack High,A_1FW_HIGH_M.kfa,18,15,15,clamp,0,0,0,0,0,0,2,,,
1353,Human Medium FW Attack Low,A_1FW_LOW_M.kfa,18,15,15,clamp,0,0,0,0,0,0,3,,,
1354,Human Long FW Attack High,A_1FW_HIGH_L.kfa,18,15,15,clamp,0,0,0,0,0,0,2,,,
1355,Human Long FW Attack Low,A_1FW_LOW_L.kfa,14,15,15,clamp,0,0,0,0,0,0,3,,,
1356,Ogress Walk,Ogress_walk.kfa,18,15,15,loop,0,1,0,0,0,0,0,,,
1357,Ogress Run,Ogress_run.kfa,12,15,15,loop,0,1,0,0,0,0,0,,,
1358,Ogress Idle,Ogress_idle.kfa,18,7,15,loop,0,1,0,0,0,0,0,,,
1359,Ogress Combat Idle,Ogress_cidle.kfa,16,15,15,loop,0,1,0,0,0,0,0,,,
1360,Ogress Attack High,Ogress_attackH.kfa,22,15,15,clamp,0,1,0,0,0,0,0,,,
1361,Ogress Attack Low,Ogress_attackL.kfa,22,15,15,clamp,0,1,0,0,0,0,0,,,
1362,Ogress Flinch,Ogress_flinch.kfa,17,15,15,clamp,0,1,0,0,0,0,0,,,
1363,Ogress Death,Ogress_death.kfa,17,15,15,clamp,0,1,0,0,0,0,0,,,
1364,Ogress Spell A,Ogress_spellA.kfa,15,15,15,clamp,0,1,0,0,0,0,0,,,
1365,Ogress Spell B,Ogress_spellB.kfa,10,15,15,loop,0,1,0,0,0,0,0,,,
1366,Ogress Spell C,Ogress_spellC.kfa,23,15,15,clamp,0,1,0,0,0,0,0,,,
1367,Root Idle,Root_idle.kfa,1,15,15,loop,0,1,0,0,0,0,0,,,
1368,Root Combat Idle ,Root_cidle.kfa,30,15,15,loop,0,1,0,0,0,0,0,,,
1369,Root Attack,Root_attack.kfa,35,15,15,clamp,0,1,0,0,0,0,0,,,
1370,Root Flinch,Root_flinch.kfa,16,15,15,clamp,0,1,0,0,0,0,0,,,
1371,Root Death,Root_death.kfa,17,15,15,clamp,0,1,0,0,0,0,0,,,
1372,Flail Flex Weapon Combat Idle,CI_1FW_Flail.kfa,10,15,15,loop,0,0,0,0,0,0,0,,,
1373,Hydra Idle,Hydra_idle.kfa,50,10,15,loop,0,1,0,0,0,0,0,,,
1374,Hydra Combat Idle,Hydra_cidle.kfa,30,15,15,loop,0,1,0,0,0,0,0,,,
1375,Hydra Attack High,Hydra_attackh.kfa,30,15,15,clamp,0,1,0,0,0,0,0,,,
1376,Hydra Attack Low,Hydra_attackL.kfa,30,15,15,clamp,0,1,0,0,0,0,0,,,
1377,Hydra Flinch,Hydra_flinch.kfa,12,15,15,clamp,0,1,0,0,0,0,0,,,
1378,Hydra Death,Hydra_death.kfa,22,15,15,clamp,0,1,0,0,0,0,0,,,
1379,Human Flex Small Parry,P_H_1FW_S.KFA,15,15,15,clamp,0,0,0,0,0,0,9,,,
1380,Human Flex Med Parry,P_H_1FW_M.KFA,16,15,15,clamp,0,0,0,0,0,0,9,,,
1381,Human Flex Large Parry,P_H_1FW_L.KFA,17,15,15,clamp,0,0,0,0,0,0,9,,,
1382,Flex Weapon Parry Small,P_1FW_S.kfa,15,15,15,clamp,0,0,0,0,0,0,0,,,
1383,Flex Weapon Parry Med,P_1FW_M.KFA,16,15,15,clamp,0,0,0,0,0,0,0,,,
1384,Flex Weapon Parry Lg,P_1FW_L.kfa,17,15,15,clamp,0,0,0,0,0,0,0,,,
1385,Human Flex FLAIL,P_H_1FW_M.KFA,16,15,15,clamp,0,0,0,0,0,0,9,,,
1386,Flex Weapon FLAIL,P_1FW_M.KFA,16,15,15,clamp,0,0,0,0,0,0,0,,,
1387,Drak Attack,Drak_attack.kfa,12,15,15,clamp,0,1,0,0,0,0,0,,,
1388,Drak Run,Drak_run.kfa,10,15,15,loop,0,1,0,0,0,0,0,,,
1389,Drak Idle,Drak_idle.kfa,60,8,15,loop,0,1,0,0,0,0,0,,,
1390,Drak Walk,Drak_walk.kfa,20,15,15,loop,0,1,0,0,0,0,0,,,
1391,Drak Combat Idle,Drak_cidle.kfa,21,15,15,loop,0,1,0,0,0,0,0,,,
1392,Drak Flinch,Drak_flinch.kfa,13,15,15,clamp,0,1,0,0,0,0,0,,,
1393,Drak Death,Drak_death.kfa,18,15,15,clamp,0,1,0,0,0,0,0,,,
1394,Drak Spell A,Drak_spellA.kfa,15,15,15,clamp,0,1,0,0,0,0,0,,,
1395,Drak Spell B,Drak_spellb.kfa,10,15,15,loop,0,1,0,0,0,0,0,,,
1396,Drak Spell C,Drak_spellC.kfa,23,15,15,clamp,0,1,0,0,0,0,0,,,
1397,Drak Bow A,Drak_bowA.kfa,37,15,15,clamp,0,1,0,0,0,0,0,,,
1398,Drak Bow B,Drak_bowB.kfa,7,15,15,loop,0,1,0,0,0,0,0,,,
1399,Drak Bow C,Drak_bowC.kfa,13,15,15,clamp,0,1,0,0,0,0,0,,,
1400,Drak Swim,Drak_swim.kfa,28,15,15,loop,0,1,0,0,0,0,0,,,
1401,Dilo Attack,Dilo_attack.kfa,18,15,15,clamp,0,1,0,0,0,0,0,,,
1402,Dilo Run,Dilo_run.kfa,10,15,15,loop,0,1,0,0,0,0,0,,,
1403,Dilo Idle,Dilo_idle.kfa,20,10,15,loop,0,1,0,0,0,0,0,,,
1404,Dilo Walk,Dilo_walk.kfa,20,15,15,loop,0,1,0,0,0,0,0,,,
1405,Dilo Combat Idle,Dilo_cidle.kfa,20,15,15,loop,0,1,0,0,0,0,0,,,
1406,Dilo Flinch,Dilo_flinch.kfa,8,15,15,clamp,0,1,0,0,0,0,0,,,
1407,Dilo Death,Dilo_death.kfa,12,15,15,clamp,0,1,0,0,0,0,0,,,
1408,Dilo Spell A,Dilo_spellA.kfa,20,15,15,clamp,0,1,0,0,0,0,0,,,
1409,Dilo Spell B,Dilo_spellb.kfa,20,15,15,loop,0,1,0,0,0,0,0,,,
1410,Dilo Spell C,Dilo_spellC.kfa,20,15,15,clamp,0,1,0,0,0,0,0,,,
1411,Ghost Attack High,Ghost_attackH.kfa,24,15,15,clamp,0,1,0,0,0,0,0,,,
1412,Ghost Attack Low,Ghost_attackl.kfa,24,15,15,clamp,0,1,0,0,0,0,0,,,
1413,Ghost Combat Idle,Ghost_cidle.kfa,20,15,15,loop,0,1,0,0,0,0,0,,,
1414,Ghost Death,Ghost_death.kfa,15,15,15,clamp,0,1,0,0,0,0,0,,,
1415,Ghost Flinch,Ghost_flinch.kfa,8,15,15,clamp,0,1,0,0,0,0,0,,,
1416,Ghost Idle,Ghost_idle.kfa,20,10,15,loop,0,1,0,0,0,0,0,,,
1417,Ghost Walk,Ghost_walk.kfa,20,15,15,loop,0,1,0,0,0,0,0,,,
1418,Ghost Run,Ghost_run.kfa,10,15,15,loop,0,1,0,0,0,0,0,,,
1419,Ghost Spell A,Ghost_spellA.kfa,15,15,15,clamp,0,1,0,0,0,0,0,,,
1420,Ghost Spell B,Ghost_spellB.kfa,10,15,15,loop,0,1,0,0,0,0,0,,,
1421,Ghost Spell C,Ghost_spellC.kfa,23,15,15,clamp,0,1,0,0,0,0,0,,,
1422,Sporite Walk,Sporite_walk.kfa,24,15,15,loop,0,1,0,0,0,0,0,,,
1423,Sporite Run,Sporite_run.kfa,12,15,15,loop,0,1,0,0,0,0,0,,,
1424,Sporite Idle,Sporite_idle.kfa,24,10,15,loop,0,1,0,0,0,0,0,,,
1425,Sporite Combat Idle,Sporite_cidle.kfa,18,15,15,loop,0,1,0,0,0,0,0,,,
1426,Sporite Attack,Sporite_attack.kfa,18,15,15,clamp,0,1,0,0,0,0,0,,,
1427,Sporite Flinch,Sporite_flinch.kfa,12,15,15,clamp,0,1,0,0,0,0,0,,,
1428,Sporite Death,Sporite_death.kfa,15,15,15,clamp,0,1,0,0,0,0,0,,,
1429,Sporite Spell A,Sporite_spellA.kfa,24,15,15,clamp,0,1,0,0,0,0,0,,,
1430,Sporite Spell B,Sporite_spellB.kfa,24,15,15,loop,0,1,0,0,0,0,0,,,
1431,Sporite Spell C,Sporite_spellc.kfa,24,15,15,clamp,0,1,0,0,0,0,0,,,
1432,Vinemass Walk,Vinemass_walk.kfa,15,15,15,loop,0,1,0,0,0,0,0,,,
1433,Vinemass Run,Vinemass_run.kfa,11,15,15,loop,0,1,0,0,0,0,0,,,
1434,Vinemass Idle,Vinemass_idle.kfa,15,15,15,loop,0,1,0,0,0,0,0,,,
1435,Vinemass Combat Idle,Vinemass_cidle.kfa,15,15,15,loop,0,1,0,0,0,0,0,,,
1436,Vinemass Attack,Vinemass_attack.kfa,15,15,15,clamp,0,1,0,0,0,0,0,,,
1437,Vinemass Flinch,Vinemass_flinch.kfa,15,15,15,clamp,0,1,0,0,0,0,0,,,
1438,Vinemass Death,Vinemass_death.kfa,15,15,15,clamp,0,1,0,0,0,0,0,,,
1439,Vinemass Spell A,Vinemass_spellA.kfa,15,15,15,clamp,0,1,0,0,0,0,0,,,
1440,Vinemass Spell B,Vinemass_spellB.kfa,15,15,15,loop,0,1,0,0,0,0,0,,,
1441,Vinemass Spell C,Vinemass_spellc.kfa,15,15,15,clamp,0,1,0,0,0,0,0,,,
1442,Octonid Walk,Octonid_walk.kfa,20,15,15,loop,0,1,0,0,0,0,0,,,
1443,Octonid Run,Octonid_run.kfa,14,15,15,loop,0,1,0,0,0,0,0,,,
1444,Octonid Idle,Octonid_idle.kfa,20,10,15,loop,0,1,0,0,0,0,0,,,
1445,Octonid Combat Idle,Octonid_cidle.kfa,20,15,15,loop,0,1,0,0,0,0,0,,,
1446,Octonid Attack,Octonid_attack.kfa,20,15,15,clamp,0,1,0,0,0,0,0,,,
1447,Octonid Flinch,Octonid_flinch.kfa,20,15,15,clamp,0,1,0,0,0,0,0,,,
1448,Octonid Death,Octonid_death.kfa,14,15,15,clamp,0,1,0,0,0,0,0,,,
1449,Octonid Spell A,Octonid_spellA.kfa,20,15,15,clamp,0,1,0,0,0,0,0,,,
1450,Octonid Spell B,Octonid_spellB.kfa,20,15,15,loop,0,1,0,0,0,0,0,,,
1451,Octonid Spell C,Octonid_spellc.kfa,20,15,15,clamp,0,1,0,0,0,0,0,,,
1452,Stilter Walk,Stilter_walk.kfa,20,15,15,loop,0,1,0,0,0,0,0,,,
1453,Stilter Run,Stilter_run.kfa,14,15,15,loop,0,1,0,0,0,0,0,,,
1454,Stilter Idle,Stilter_idle.kfa,20,10,15,loop,0,1,0,0,0,0,0,,,
1455,Stilter Combat Idle,Stilter_cidle.kfa,20,15,15,loop,0,1,0,0,0,0,0,,,
1456,Stilter Attack,Stilter_attack.kfa,20,15,15,clamp,0,1,0,0,0,0,0,,,
1457,Stilter Flinch,Stilter_flinch.kfa,20,15,15,clamp,0,1,0,0,0,0,0,,,
1458,Stilter Death,Stilter_death.kfa,15,15,15,clamp,0,1,0,0,0,0,0,,,
1459,Stilter Spell A,Stilter_spellA.kfa,20,15,15,clamp,0,1,0,0,0,0,0,,,
1460,Stilter Spell B,Stilter_spellB.kfa,20,15,15,loop,0,1,0,0,0,0,0,,,
1461,Stilter Spell C,Stilter_spellc.kfa,20,15,15,clamp,0,1,0,0,0,0,0,,,
1462,Frost Giant Walk,FrostGiant_Walk.kfa,24,15,15,loop,0,1,0,0,0,0,0,,,
1463,Frost Giant Run,FrostGiant_Run.kfa,15,15,15,loop,0,1,0,0,0,0,0,,,
1464,Frost Giant Idle,FrostGiant_Idle.kfa,60,5,15,loop,0,1,0,0,0,0,0,,,
1465,Frost Giant Combat Idle,FrostGiant_Cidle.kfa,16,15,15,loop,0,1,0,0,0,0,0,,,
1466,Frost Giant Attack High,FrostGiant_AttackH.kfa,16,15,15,clamp,0,1,0,0,0,0,0,,,
1467,Frost Giant Attack Low,FrostGiant_AttackL.kfa,21,15,15,clamp,0,1,0,0,0,0,0,,,
1468,Frost Giant Flinch,FrostGiant_Flinch.kfa,16,15,15,clamp,0,1,0,0,0,0,0,,,
1469,Frost Giant Death,FrostGiant_Death.kfa,35,15,15,clamp,0,1,0,0,0,0,0,,,
1470,Frost Giant Spell A,FrostGiant_SpellA.kfa,15,15,15,clamp,0,1,0,0,0,0,0,,,
1471,Frost Giant Spell B,FrostGiant_SpellB.kfa,10,15,15,loop,0,1,0,0,0,0,0,,,
1472,Frost Giant Spell C,FrostGiant_SpellC.kfa,23,15,15,clamp,0,1,0,0,0,0,0,,,
1473,Frost Giant Swim,FrostGiant_swim.kfa,28,15,15,loop,0,1,0,0,0,0,0,,,
1474,Frost Giant Bow A,FrostGiant_BowA.kfa,37,15,15,clamp,0,1,0,0,0,0,0,,,
1475,Frost Giant Bow B,FrostGiant_BowB.kfa,7,15,15,loop,0,1,0,0,0,0,0,,,
1476,Frost Giant Bow C,FrostGiant_BowC.kfa,13,15,15,clamp,0,1,0,0,0,0,0,,,
1477,ThrawnOgre Idle,thrawnOgre_idle.kfa,19,9,15,loop,0,1,0,0,0,0,0,,,
1478,Drakoran Cidle,Drak_cidle.kfa,23,15,15,loop,0,1,0,0,0,0,0,,,
1479,Orc Cidle,Orc_cidle.kfa,16,15,15,loop,0,1,0,0,0,0,0,,,
1480,Scythe Combat Idle,CI_H_scythe.kfa,18,15,15,loop,0,0,0,0,0,0,0,1661,3249,
1481,Scythe Attack Med,A_H_Scythe_med.kfa,14,15,15,clamp,0,0,0,0,0,0,0,1644,3249,
1482,Scythe Attack Low,A_H_Scythe_low.kfa,12,15,15,clamp,0,0,0,0,0,0,0,1643,3249,
1483,Scythe Combat Style 01,A_H_Scythe_CS01.kfa,26,15,15,clamp,0,0,0,0,0,0,0,1766,3249,
1484,Scythe Combat Style 02,A_H_Scythe_CS02.kfa,28,15,15,clamp,0,0,0,0,0,0,0,1765,3249,
1485,Scythe Combat Style 03,A_H_Scythe_CS03.kfa,16,15,15,clamp,0,0,0,0,0,0,0,1764,3249,
1486,Zombie World Attack H,ZomW_attackH.kfa,11,15,15,clamp,0,1,0,0,0,0,0,,,
1487,Zombie World Attack L,ZomW_attackL.kfa,11,15,15,clamp,0,1,0,0,0,0,0,,,
1488,Zombie Crawling Cidle,ZomW_Cidle.kfa,17,15,15,loop,0,1,0,0,0,0,0,,,
1489,Zombie Crawling Death,ZomW_death.kfa,19,15,15,clamp,0,1,0,0,0,0,0,,,
1490,Zombie Crawling Flinch,ZomW_Flinch.kfa,7,15,15,clamp,0,1,0,0,0,0,0,,,
1491,Zombie Crawling Idle,ZomW_Idle.kfa,30,15,15,loop,0,1,0,0,0,0,0,,,
1492,Zombie Crawling Run,ZomW_run1.kfa,12,15,15,loop,0,1,0,0,0,0,0,,,
1493,Zombie Crawling Spell A,ZomW_SpellA.kfa,15,15,15,clamp,0,1,0,0,0,0,0,,,
1494,Zombie Crawling Spell B,ZomW_SpellB.kfa,10,15,15,clamp,0,1,0,0,0,0,0,,,
1495,Zombie Crawling Spell C,ZomW_SpellC.kfa,23,15,15,clamp,0,1,0,0,0,0,0,,,
1496,Zombie Crawling Walk,ZomW_walk.kfa,24,15,15,loop,0,1,0,0,0,0,0,,,
1497,Scythe Attack High,A_H_Scythe_high.kfa,14,15,15,clamp,0,1,0,0,0,0,0,1642,3249,
1498,Thrawn Ogre Bow A,ThrawnOgre_bowA.kfa,37,15,15,clamp,0,1,0,0,0,0,0,,,
1499,Thrawn Ogre Bow B,ThrawnOgre_bowB.kfa,7,15,15,loop,0,1,0,0,0,0,0,,,
1500,Thrawn Ogre Bow C,ThrawnOgre_bowC.kfa,13,15,15,clamp,0,1,0,0,0,0,0,,,
1501,Thrawn Swim,ThrawnOgre_swim.kfa,28,15,15,loop,0,1,0,0,0,0,0,,,
1502,Fengundar Attack High,Fengundar_attackH.KFA,15,15,15,clamp,0,1,0,0,1,0,0,,,
1503, Fengundar Attack Low,Fengundar_attackL.KFA,15,15,15,clamp,0,1,0,0,1,0,0,,,
1504, Fengundar Combat Idle,Fengundar_cidle.KFA,25,15,15,loop,0,1,0,0,1,0,0,,,
1505, Fengundar Death,Fengundar_death.KFA,9,15,15,clamp,0,1,0,0,1,0,0,,,
1506, Fengundar Flinch,Fengundar_flinch.KFA,10,15,15,clamp,0,1,0,0,1,0,0,,,
1507, Fengundar Idle,Fengundar_idle.KFA,35,15,15,loop,0,1,0,0,1,0,0,,,
1508, Fengundar Run,Fengundar_run.KFA,8,15,15,loop,0,1,0,0,1,0,0,,,
1509, Fengundar Walk,Fengundar_walk.KFA,18,15,15,loop,0,1,0,0,1,0,0,,,
1510,Beckoner Walk,Beckoner_walk.KFA,18,15,15,loop,0,1,0,0,0,0,0,,,
1511,Beckoner Run,Beckoner_run.KFA,8,15,15,loop,0,1,0,0,0,0,0,,,
1512,Beckoner Idle,Beckoner_idle.KFA,35,15,15,loop,0,1,0,0,0,0,0,,,
1513,Beckoner Attack,Beckoner_attackL.KFA,15,15,15,clamp,0,1,0,0,0,0,0,,,
1514,Griffman,Griffman_run.kfa,16,15,15,loop,0,1,0,0,0,0,0,,,
1515,Grazer Attack,Grazer_attack.kfa,24,15,15,clamp,0,1,0,0,0,0,0,,,
1516,Grazer Combat Idle,Grazer_cidle.kfa,24,15,15,loop,0,1,0,0,0,0,0,,,
1517,Grazer Death,Grazer_death.kfa,18,15,15,clamp,0,1,0,0,0,0,0,,,
1518,Grazer Flinch,Grazer_flinch.kfa,16,15,15,clamp,0,1,0,0,0,0,0,,,
1519,Grazer Idle,Grazer_idle.kfa,24,15,15,loop,0,1,0,0,0,0,0,,,
1520,Grazer Run,Grazer_run.kfa,14,15,15,loop,0,1,0,0,0,0,0,,,
1521,Grazer Swim,Grazer_swim.kfa,10,15,15,loop,0,1,0,0,0,0,0,,,
1522,Grazer Walk,Grazer_walk.kfa,24,15,15,loop,0,1,0,0,0,0,0,,,
1523,Ice Queen Attack High,IceQueen_attackH.kfa,20,15,15,clamp,0,1,0,0,0,0,0,,,
1524,Ice Queen Attack Low,IceQueen_attackL.kfa,24,15,15,clamp,0,1,0,0,0,0,0,,,
1525,Ice Queen Combat Idle,IceQueen_cidle.kfa,30,15,15,loop,0,1,0,0,0,0,0,,,
1526,Ice Queen Death,IceQueen_death.kfa,30,15,15,clamp,0,1,0,0,0,0,0,,,
1527,Ice Queen Flinch,IceQueen_flinch.kfa,16,15,15,clamp,0,1,0,0,0,0,0,,,
1528,Ice Queen Idle,IceQueen_idle.kfa,30,7,15,loop,0,1,0,0,0,0,0,,,
1529,Ice Queen Run,IceQueen_run.kfa,12,15,15,loop,0,1,0,0,0,0,0,,,
1530,Ice Queen Spell A,IceQueen_spellA.kfa,15,15,15,clamp,0,1,0,0,0,0,0,,,
1531,Ice Queen Spell B,IceQueen_spellB.kfa,10,15,15,loop,0,1,0,0,0,0,0,,,
1532,Ice Queen Spell C,IceQueen_spellc.kfa,23,15,15,clamp,0,1,0,0,0,0,0,,,
1533,Ice Queen Walk,IceQueen_walk.kfa,15,15,15,loop,0,1,0,0,0,0,0,,,
1534,Fengundar Swim,Fengundar_swim.kfa,8,15,15,loop,0,1,0,0,0,0,0,,,
1535,Red Cap Attack WITH WEAPON,Gnome_attackW.kfa,10,15,15,clamp,0,1,0,0,0,0,0,,,
1536,Treant Flinch,Tsylvan_death.kfa,5,15,15,clamp,0,1,0,0,0,0,0,,,
1537,Emote Chicken,EM_CHICKEN.kfa,24,15,15,clamp,0,0,0,0,0,0,0,1739,3249,
1538,Emote Hug,EM_HUG.kfa,19,15,15,clamp,0,0,0,0,0,0,0,1739,3249,
1539,Emote Lets Go,EM_LETSGO.kfa,17,15,15,clamp,0,0,0,0,0,0,0,2216,3249,
1540,Emote Meditate,EM_MEDITATE.kfa,43,15,15,clamp,0,0,0,0,0,0,0,1739,3249,
1541,Emote No,EM_NO.kfa,21,15,15,clamp,0,0,0,0,0,0,0,2220,3249,
1542,Emote Say,EM_SAYI.kfa,21,15,15,clamp,0,0,0,0,0,0,0,1739,3249,
1543,Emote Shrug,EM_SHRUG.kfa,25,15,15,clamp,0,0,0,0,0,0,0,1739,3249,
1544,Emote Slap,EM_SLAP.kfa,16,15,15,clamp,0,0,0,0,0,0,0,1739,3249,
1545,Emote Slit,EM_SLIT.kfa,20,15,15,clamp,0,0,0,0,0,0,0,1739,3249,
1546,Emote Surrender,EM_SURRENDER.kfa,20,15,15,clamp,0,0,0,0,0,0,0,1739,3249,
1547,Emote Yes,EM_YES.kfa,21,15,15,clamp,0,0,0,0,0,0,0,1739,3367,
1548,Sit Squat A,Sit_squat_A.kfa,15,15,15,clamp,0,0,0,0,0,0,0,2196,3249,
1549,Sit Squat B,Sit_squat_B.kfa,30,15,15,loop,0,0,0,0,0,0,0,2197,3249,
1550,Sit Knee Up A,Sit_kneeup_A.kfa,15,15,15,clamp,0,0,0,0,0,0,0,2196,3249,
1551,Sit Knee Up B,Sit_kneeup_B.kfa,30,15,15,loop,0,0,0,0,0,0,0,2197,3249,
1552,Sit Troll A,Sit_Trollish_A.kfa,30,15,15,clamp,0,0,0,0,0,0,0,2196,3249,
1553,Sit Troll B,Sit_Trollish_B.kfa,14,15,15,loop,0,0,0,0,0,0,0,2197,3249,
1554,Sit Back A,Sit_1back_A.kfa,30,15,15,clamp,0,0,0,0,0,0,0,2196,3249,
1555,Sit Back B,Sit_1back_B.kfa,15,15,15,loop,0,0,0,0,0,0,0,2197,3249,
1556,Sit Knee A,Sit_1knee_A.kfa,30,15,15,clamp,0,0,0,0,0,0,0,2196,3249,
1557,Sit Knee B,Sit_1knee_B.kfa,15,15,15,loop,0,0,0,0,0,0,0,2197,3249,
1558, Emote Beg,Em_beg.kfa,61,15,15,clamp,0,1,0,0,0,0,0,1739,3249,
1559,Emote Induct,Em_Induct.kfa,50,15,15,clamp,0,1,0,0,0,0,0,1739,3249,
1560,Dismiss Emote,Em_Mercy.kfa,20,15,15,clamp,0,1,0,0,0,0,0,1739,3249,
1561,Horsie Swim,Hrs_swim.kfa,16,10,15,loop,0,0,0,0,0,0,0,,,
1562,Spell Boom,EM_spellboom.kfa,42,10,15,clamp,0,1,0,0,0,0,0,1739,3249,
1563,Old Man Idle,Iold_HM.kfa,30,4,15,loop,0,0,0,0,0,0,0,,,
1564,Old Woman Idle,Iold_HF.kfa,30,4,15,loop,0,0,0,0,0,0,0,,,
1565,Old Woman Walk,Wold_HF.kfa,18,10,15,loop,0,0,0,0,0,0,0,,,
1566,Old Man Walk,Wold_HM.kfa,18,10,15,loop,0,0,0,0,0,0,0,,,
1567,Barracuda attackH,barracuda_attackH.kfa,24,15,15,clamp,0,1,0,0,0,0,0,,,
1568,Barracuda cidle,barracuda_cidle.kfa,24,15,15,loop,0,1,0,0,0,0,0,,,
1569,Barracuda death,barracuda_death.kfa,20,15,15,clamp,0,1,0,0,0,0,0,,,
1570,Barracuda flinch,barracuda_flinch.kfa,24,15,15,clamp,0,1,0,0,0,0,0,,,
1571,Barracuda idle,barracuda_idle.kfa,30,10,15,loop,0,1,0,0,0,0,0,,,
1572,Barracuda run,barracuda_run.kfa,16,15,15,loop,0,1,0,0,0,0,0,,,
1573,Barracuda walk,barracuda_walk.kfa,20,15,15,loop,0,1,0,0,0,0,0,,,
1574,DredShark attack,DredShark_attack.kfa,24,15,15,clamp,0,1,0,0,0,0,0,,,
1575,DredShark cidle,DredShark_cidle.kfa,24,15,15,loop,0,1,0,0,0,0,0,,,
1576,DredShark death,DredShark_death.kfa,28,15,15,clamp,0,1,0,0,0,0,0,,,
1577,DredShark flinch,DredShark_flinch.kfa,24,15,15,clamp,0,1,0,0,0,0,0,,,
1578,DredShark idle,DredShark_idle.kfa,47,10,15,loop,0,1,0,0,0,0,0,,,
1579,DredShark run,DredShark_run.kfa,28,15,15,loop,0,1,0,0,0,0,0,,,
1580,DredShark walk,DredShark_walk.kfa,94,15,15,loop,0,1,0,0,0,0,0,,,
1581,Octopus attack,Octopus_attack.kfa,45,15,15,clamp,0,1,0,0,0,0,0,,,
1582,Octopus attackL,Octopus_attackL.kfa,50,15,15,clamp,0,1,0,0,0,0,0,,,
1583,Octopus cidle,Octopus_cidle.kfa,45,15,15,loop,0,1,0,0,0,0,0,,,
1584,Octopus death,Octopus_death.kfa,45,15,15,clamp,0,1,0,0,0,0,0,,,
1585,Octopus idle,Octopus_idle.kfa,90,15,15,loop,0,1,0,0,0,0,0,,,
1586,Octopus run,Octopus_run.kfa,35,15,15,loop,0,1,0,0,0,0,0,,,
1587,Octopus walk,Octopus_walk.kfa,45,15,15,loop,0,1,0,0,0,0,0,,,
1588,Shark cidle,Shark_cidle.kfa,24,15,15,loop,0,1,0,0,0,0,0,,,
1589,Shark death,Shark_death.kfa,28,15,15,clamp,0,1,0,0,0,0,0,,,
1590,Shark flinch,Shark_flinch.kfa,24,15,15,clamp,0,1,0,0,0,0,0,,,
1591,Shark idle,Shark_idle.kfa,47,15,15,loop,0,1,0,0,0,0,0,,,
1592,Shark walk,Shark_walk.kfa,47,15,15,loop,0,1,0,0,0,0,0,,,
1593,Shark attackL,Shark_attackH.kfa,60,15,15,clamp,0,1,0,0,0,0,0,,,
1594,Shark run,Shark_run.kfa,24,15,15,loop,0,1,0,0,0,0,0,,,
1595,Shark attackH,Shark_attackL.kfa,24,15,15,clamp,0,1,0,0,0,0,0,,,
1596, Hammerhead attackH,Shark_Hammerhead_attackH.kfa,60,15,15,clamp,0,1,0,0,0,0,0,,,
1597, Hammerhead attackl,Shark_Hammerhead_attackl.kfa,24,15,15,clamp,0,1,0,0,0,0,0,,,
1598, Hammerhead cidle,Shark_Hammerhead_cidle.kfa,24,15,15,loop,0,1,0,0,0,0,0,,,
1599, Hammerhead death,Shark_Hammerhead_death.kfa,28,15,15,clamp,0,1,0,0,0,0,0,,,
1600, Hammerhead flinch,Shark_Hammerhead_flinch.kfa,24,15,15,clamp,0,1,0,0,0,0,0,,,
1601, Hammerhead idle,Shark_Hammerhead_idle.kfa,47,15,15,loop,0,1,0,0,0,0,0,,,
1602, Hammerhead run,Shark_Hammerhead_run.kfa,47,15,15,loop,0,1,0,0,0,0,0,,,
1603, Hammerhead walk,Shark_Hammerhead_walk.kfa,47,15,15,loop,0,1,0,0,0,0,0,,,
1604,Octopus Flinch,Octopus_flinch.kfa,45,15,15,clamp,0,1,0,0,0,0,0,,,
1607,Swim - Dual Wield High,SWIM_A_H_1D_HIGH.kfa,17,15,15,clamp,0,1,0,0,0,0,0,,,
1608,Swim - Dual Wield Low,SWIM_A_H_1D_LOW.kfa,17,15,15,clamp,400,1,0,0,0,0,0,,,
1609,Swim - Dual Wield Med,SWIM_A_H_1D_MED.kfa,17,15,15,clamp,0,1,0,0,0,0,0,,,
1610,Swim - Left Hand High,SWIM_A_H_1L_HIGH.kfa,14,15,15,clamp,0,1,0,0,0,0,0,,,
1611,Swim - Left Hand Low,SWIM_A_H_1L_LOW.kfa,14,15,15,clamp,0,1,0,0,0,0,0,,,
1612,Swim - Left Hand Med,SWIM_A_H_1L_MED.kfa,14,15,15,clamp,0,1,0,0,0,0,0,,,
1613,Swim - Human Attack,SWIM_A_H_1S_HIGH.kfa,14,15,15,clamp,0,1,0,0,0,0,0,,,
1614,Swim - Human Attack,SWIM_A_H_1S_HIGH_D.kfa,17,12,15,clamp,0,1,0,0,0,0,0,,,
1615,,SWIM_A_H_1S_HIGH_R.kfa,,,,,0,1,0,0,0,0,0,,,
1616,Swim - Human Attack,SWIM_A_H_1S_LOW.kfa,14,15,15,clamp,0,1,0,0,0,0,0,,,
1617,Swim - Human Attack,SWIM_A_H_1S_MED.kfa,14,15,15,clamp,0,1,0,0,0,0,0,,,
1618,Swim - 1 handed thrust high,SWIM_A_H_1T_HIGH.kfa,14,15,15,clamp,0,1,0,0,0,0,0,,,
1619,Swim - left hand low,SWIM_A_H_1T_LOW.kfa,14,15,15,clamp,0,1,0,0,0,0,0,,,
1620,Swim - left hand med,SWIM_A_H_1T_MED.kfa,14,15,15,clamp,0,1,0,0,0,0,0,,,
1621,Swim - Human throwing a,SWIM_A_H_1TH_1.kfa,37,15,15,clamp,0,1,0,0,0,0,0,,,
1622,Swim - Human throwing b,SWIM_A_H_1TH_2.kfa,7,15,15,loop,0,1,0,0,0,0,0,,,
1623,Swim - Human throwing c,SWIM_A_H_1TH_3.kfa,13,15,15,clamp,0,1,0,0,0,0,0,,,
1624,Swim - Human Bow,SWIM_A_H_2B_1.kfa,38,15,15,clamp,0,1,0,0,0,0,0,,,
1625,Swim - Human Bow2,SWIM_A_H_2B_2.kfa,8,15,15,loop,0,1,0,0,0,0,0,,,
1626,Swim - Human Bow3,SWIM_A_H_2B_3.kfa,14,15,15,clamp,0,1,0,0,0,0,0,,,
1627,Swim - Human Crossbow,SWIM_A_H_2CB_1.kfa,37,15,15,clamp,0,1,0,0,0,0,0,,,
1628,Swim - Human Crossbow,SWIM_A_H_2CB_2.kfa,7,15,15,loop,0,1,0,0,0,0,0,,,
1629,Swim - Human Crossbow,SWIM_A_H_2CB_3.kfa,13,15,15,clamp,0,1,0,0,0,0,0,,,
1630,Swim - longbow 1,SWIM_A_H_2LB_1.kfa,37,15,15,clamp,0,1,0,0,0,0,0,,,
1631,Swim - longbow 2,SWIM_A_H_2LB_2.kfa,7,15,15,loop,0,1,0,0,0,0,0,,,
1632,Swim - longbow 3,SWIM_A_H_2LB_3.kfa,13,15,15,clamp,0,1,0,0,0,0,0,,,
1633,Swim - longbow 4,SWIM_A_H_2LB_4.kfa,30,15,15,clamp,0,1,0,0,0,0,0,,,
1634,Swim - longbow 5,SWIM_A_H_2LB_5.kfa,16,15,15,clamp,0,1,0,0,0,0,0,,,
1635,Swim - longbow 6,SWIM_A_H_2LB_6.kfa,23,15,15,loop,0,1,0,0,0,0,0,,,
1636,Swim - Hand to Hand Attack High,SWIM_A_H_H2H_High.kfa,13,15,15,clamp,0,1,0,0,0,0,0,,,
1637,Swim - Hand to Hand Attack Low,SWIM_A_H_H2H_low.kfa,15,15,15,clamp,0,1,0,0,0,0,0,,,
1638,Swim - Hand to Hand Attack Med,SWIM_A_H_H2H_Med.kfa,13,15,15,clamp,0,1,0,0,0,0,0,,,
1639,Swim - 2 handed high,SWIM_A_H_N2S_High.kfa,13,15,15,clamp,0,1,0,0,0,0,0,,,
1640,Swim - 2 handed low,SWIM_A_H_N2S_Low.kfa,13,15,15,clamp,0,1,0,0,0,0,0,,,
1641,Swim - 2 handed medium,SWIM_A_H_N2S_Med.kfa,13,15,15,clamp,0,1,0,0,0,0,0,,,
1642,Swim - Scythe Attack High,SWIM_A_H_Scythe_high.kfa,14,15,15,clamp,0,1,0,0,0,0,0,,,
1643,Swim - Scythe Attack Low,SWIM_A_H_Scythe_Low.kfa,12,15,15,clamp,0,1,0,0,0,0,0,,,
1644,Swim - Scythe Attack Med,SWIM_A_H_Scythe_med.kfa,14,15,15,clamp,0,1,0,0,0,0,0,,,
1645,Swim - polearm high,SWIM_A_H_W2S_High.kfa,17,15,15,clamp,0,1,0,0,0,0,0,,,
1646,Swim - polearm low,SWIM_A_H_W2S_LOW.kfa,19,15,15,clamp,0,1,0,0,0,0,0,,,
1647,Swim - polearm medium,SWIM_A_H_W2S_MED.kfa,9,15,15,clamp,333,1,0,0,0,0,0,,,
1648,Swim - Human Wide 2H Attack,SWIM_A_H_W2ST_HIGH.kfa,15,15,15,clamp,0,1,0,0,0,0,0,,,
1649,Swim - Human Wide 2H Attack,SWIM_A_H_W2ST_LOW.kfa,15,15,15,clamp,0,1,0,0,0,0,0,,,
1650,Swim - Human Wide 2H Attack,SWIM_A_H_W2ST_MED.kfa,15,15,15,clamp,0,1,0,0,0,0,0,,,
1651,Swim - Block High,SWIM_B_H_1H_HIGH.kfa,15,15,15,clamp,0,1,0,0,0,0,0,,,
1652,Swim - Block Low,SWIM_B_H_1H_Low.kfa,15,15,15,clamp,0,1,0,0,0,0,0,,,
1653,Swim - Human Flinch,SWIM_CF_H_1S_MED.kfa,12,15,15,clamp,0,1,0,0,0,0,0,,,
1654,Swim - Combat Idle Dual Wield,SWIM_CI_H_1DS.kfa,0,0,0,0,0,1,0,0,0,0,0,,,
1655,Swim - Human Combat Idle,SWIM_CI_H_1S.kfa,30,15,15,loop,0,1,0,0,0,0,0,,,
1656,Swim - Human Spear combat idle,SWIM_CI_H_1SP.kfa,30,15,15,loop,0,1,0,0,0,0,0,,,
1657,Swim - Human Idle1,SWIM_CI_H_2B.kfa,15,15,15,loop,733,1,0,0,0,0,0,,,
1658,Swim - Human Crossbow,SWIM_CI_H_2CB.kfa,16,15,15,loop,0,1,0,0,0,0,0,,,
1659,Swim - Hand to Hand Combat Idle,SWIM_CI_H_H2H.kfa,15,15,15,loop,0,1,0,0,0,0,0,,,
1660,Swim - Human Idle1,SWIM_CI_H_N2S.kfa,30,15,15,loop,0,1,0,0,0,0,0,,,
1661,Swim - Scythe Combat Idle,SWIM_CI_H_Scythe.kfa,18,15,15,loop,0,1,0,0,0,0,0,,,
1662,Swim - Human Idle1,SWIM_CI_H_W2S.kfa,18,15,15,loop,0,1,0,0,0,0,0,,,
1663,Swim - Human Combat Idle Staff,SWIM_CI_H_W2ST.kfa,15,15,15,loop,0,1,0,0,0,0,0,,,
1664,Swim - Dwarf Male 2H combat idle,SWIM_CI_HD_N2S.kfa,30,15,15,loop,0,1,0,0,0,0,0,,,
1665,Swim - female 2h combat idle,SWIM_CI_HF_N2S.kfa,18,15,15,loop,0,1,0,0,0,0,0,,,
1666,Swim - female polearm combat idle,SWIM_CI_HF_W2S.kfa,30,15,15,loop,0,1,0,0,0,0,0,,,
1667,Swim - Troll 2h combat idle,SWIM_CI_T_N2S.kfa,30,15,15,loop,0,1,0,0,0,0,0,,,
1668,,SWIM_CI_T_W2S.kfa,0,0,0,loop,0,1,0,0,0,0,0,,,
1669,Swim - Human Male Death,SWIM_D_HM.kfa,34,15,15,clamp,0,1,0,0,0,0,0,,,
1670,Swim - Evade 1H,SWIM_E_H_1H.kfa,15,15,15,clamp,0,1,0,0,0,0,0,,,
1671,Swim - Evade 2h,SWIM_E_H_N2S.kfa,16,15,15,clamp,333,1,0,0,0,0,0,,,
1672,Swim - Evade Pole,SWIM_E_H_W2S.kfa,27,15,15,clamp,333,1,0,0,0,0,0,,,
1673,,SWIM_E_H_W2ST.kfa,0,0,0,loop,0,1,0,0,0,0,0,,,
1674,Swim - Parry Dual High,SWIM_P_H_1D_HIGH.kfa,13,15,15,clamp,266,1,0,0,0,0,0,,,
1675,Swim - Parry Dual Low,SWIM_P_H_1D_LOW.kfa,13,15,15,clamp,400,1,0,0,0,0,0,,,
1676,Swim - Parry 1H High,SWIM_P_H_1H_HIGH.kfa,13,15,15,clamp,400,1,0,0,0,0,0,,,
1677,Swim - Parry 1H Low,SWIM_P_H_1H_LOW.kfa,13,15,15,clamp,400,1,0,0,0,0,0,,,
1678,Swim - Parry 2h high,SWIM_P_H_N2S_HIGH.kfa,15,15,15,clamp,0,1,0,0,0,0,0,,,
1679,Swim - Parry 2h low,SWIM_P_H_N2S_LOW.kfa,15,15,15,clamp,0,1,0,0,0,0,0,,,
1680,Swim - Parry Pole high,SWIM_P_H_W2S_HIGH.kfa,15,15,15,clamp,333,1,0,0,0,0,0,,,
1681,Swim - Parry Pole Low,SWIM_P_H_W2S_LOW.kfa,15,15,15,clamp,0,1,0,0,0,0,0,,,
1682,Swim - Parry Staff high,SWIM_P_H_W2ST_HIGH.kfa,16,15,15,clamp,0,1,0,0,0,0,0,,,
1683,Cetus attackH.kfa,Cetus_attackH.kfa,50,15,15,clamp,0,2,0,0,0,0,0,,,
1684,Cetus cidle.kfa,Cetus_cidle.kfa,50,15,15,loop,0,2,0,0,0,0,0,,,
1685,Cetus death.kfa,Cetus_death.kfa,90,15,15,clamp,0,2,0,0,0,0,0,,,
1686,Cetus flinch.kfa,Cetus_flinch.kfa,50,15,15,clamp,0,2,0,0,0,0,0,,,
1687,Cetus idle.kfa,Cetus_idle.kfa,50,15,15,loop,0,2,0,0,0,0,0,,,
1688,Cetus run.kfa,Cetus_run.kfa,35,15,15,loop,0,2,0,0,0,0,0,,,
1689,Cetus walk.kfa,Cetus_walk.kfa,50,15,15,loop,0,2,0,0,0,0,0,,,
1690,SWIM A H 1C CS01 01,SWIM_A_H_1C_CS01_01.kfa,15,15,15,clamp,0,1,0,0,0,0,0,,,
1691,SWIM A H 1C CS01 02,SWIM_A_H_1C_CS01_02.kfa,23,15,15,clamp,0,1,0,0,0,0,0,,,
1692,SWIM A H 1C CS01 03,SWIM_A_H_1C_CS01_03.kfa,24,15,15,clamp,0,1,0,0,0,0,0,,,
1693,SWIM A H 1C CS01 04,SWIM_A_H_1C_CS01_04.kfa,23,15,15,clamp,0,1,0,0,0,0,0,,,
1694,SWIM A H 1C CS01 05,SWIM_A_H_1C_CS01_05.kfa,17,15,15,clamp,0,1,0,0,0,0,0,,,
1695,SWIM A H 1FW CS01,SWIM_A_H_1FW_CS01.kfa,30,15,15,clamp,0,1,0,0,0,0,0,,,
1696,SWIM A H 1FW CS03,SWIM_A_H_1FW_CS03.kfa,17,15,15,clamp,0,1,0,0,0,0,0,,,
1697,SWIM A H 1FW CS04,SWIM_A_H_1FW_CS04.kfa,22,15,15,clamp,0,1,0,0,0,0,0,,,
1698,SWIM A H 1FW CS06,SWIM_A_H_1FW_CS06.kfa,16,15,15,clamp,0,1,0,0,0,0,0,,,
1699,SWIM A H 1FW CS07,SWIM_A_H_1FW_CS07.kfa,23,15,15,clamp,0,1,0,0,0,0,0,,,
1700,SWIM A H 1h CB001,SWIM_A_H_1h_CB001.kfa,15,15,15,clamp,0,1,0,0,0,0,0,,,
1701,SWIM A H 1h CB002,SWIM_A_H_1h_CB002.kfa,15,15,15,clamp,0,1,0,0,0,0,0,,,
1702,SWIM A H 1S CS01 01,SWIM_A_H_1S_CS01_01.kfa,15,15,15,clamp,0,1,0,0,0,0,0,,,
1703,SWIM A H 1S CS01 02,SWIM_A_H_1S_CS01_02.kfa,14,15,15,clamp,0,1,0,0,0,0,0,,,
1704,SWIM A H 1S CS01 03,SWIM_A_H_1S_CS01_03.kfa,22,15,15,clamp,400,1,0,0,0,0,0,,,
1705,SWIM A H 1S CS01 04,SWIM_A_H_1S_CS01_04.kfa,16,15,15,clamp,0,1,0,0,0,0,0,,,
1706,SWIM A H 1S CS01 05,SWIM_A_H_1S_CS01_05.kfa,16,15,15,clamp,0,1,0,0,0,0,0,,,
1707,SWIM A H 1S CS01 06,SWIM_A_H_1S_CS01_06.kfa,16,15,15,clamp,250,1,0,0,0,0,0,,,
1708,SWIM A H 1S DTHROW,SWIM_A_H_1S_DTHROW.kfa,12,10,15,clamp,0,1,0,0,0,0,0,,,
1709,SWIM A H 1S FRENZY,SWIM_A_H_1S_FRENZY.kfa,20,10,15,clamp,600,1,0,0,0,0,0,,,
1710,SWIM A H 1SHLD CS01 01,SWIM_A_H_1SHLD_CS01_01.kfa,15,15,15,clamp,0,1,0,0,0,0,0,,,
1711,SWIM A H 1T CS01 01,SWIM_A_H_1T_CS01_01.kfa,26,15,15,clamp,0,1,0,0,0,0,0,,,
1712,SWIM A H 1T CS01 02,SWIM_A_H_1T_CS01_02.kfa,23,15,15,clamp,0,1,0,0,0,0,0,,,
1713,SWIM A H 1T CS01 03,SWIM_A_H_1T_CS01_03.kfa,30,15,15,clamp,0,1,0,0,0,0,0,,,
1714,SWIM A H 1T CS01 04,SWIM_A_H_1T_CS01_04.kfa,29,15,15,clamp,500,1,0,0,0,0,0,,,
1715,SWIM A H 1T CS01 05,SWIM_A_H_1T_CS01_05.kfa,26,15,15,clamp,400,1,0,0,0,0,0,,,
1716,SWIM A H D2 CS01 01,SWIM_A_H_D2_CS01_01.kfa,17,15,15,clamp,333,1,0,0,0,0,0,,,
1717,SWIM A H D2 CS01 02,SWIM_A_H_D2_CS01_02.kfa,18,15,15,clamp,400,1,0,0,0,0,0,,,
1718,SWIM A H D2 CS01 03,SWIM_A_H_D2_CS01_03.kfa,23,15,15,clamp,0,1,0,0,0,0,0,,,
1719,SWIM A H D2 CS01 04,SWIM_A_H_D2_CS01_04.kfa,22,15,15,clamp,0,1,0,0,0,0,0,,,
1720,SWIM A H D2 CS01 05,SWIM_A_H_D2_CS01_05.kfa,20,15,15,clamp,0,1,0,0,0,0,0,,,
1721,SWIM A H D2 CS01 06,SWIM_A_H_D2_CS01_06.kfa,21,15,15,clamp,0,1,0,0,0,0,0,,,
1722,SWIM A H H2H CS01,SWIM_A_H_H2H_CS01.kfa,21,15,15,clamp,0,1,0,0,0,0,0,,,
1723,SWIM A H H2H CS02,SWIM_A_H_H2H_CS02.kfa,15,15,15,clamp,0,1,0,0,0,0,0,,,
1724,SWIM A H H2H CS03,SWIM_A_H_H2H_CS03.kfa,26,15,15,clamp,0,1,0,0,0,0,0,,,
1725,SWIM A H H2H CS04,SWIM_A_H_H2H_CS04.kfa,27,15,15,clamp,0,1,0,0,0,0,0,,,
1726,SWIM A H H2H CS05,SWIM_A_H_H2H_CS05.kfa,25,15,15,clamp,0,1,0,0,0,0,0,,,
1727,SWIM A H N2 CS01 01,SWIM_A_H_N2_CS01_01.kfa,16,15,15,clamp,0,1,0,0,0,0,0,,,
1728,SWIM A H N2 CS01 02,SWIM_A_H_N2_CS01_02.kfa,22,15,15,clamp,0,1,0,0,0,0,0,,,
1729,SWIM A H N2 CS01 03,SWIM_A_H_N2_CS01_03.kfa,21,15,15,clamp,0,1,0,0,0,0,0,,,
1730,SWIM A H N2 CS01 04,SWIM_A_H_N2_CS01_04.kfa,25,15,15,clamp,0,1,0,0,0,0,0,,,
1731,SWIM A H N2 CS01 05,SWIM_A_H_N2_CS01_05.kfa,24,15,15,clamp,0,1,0,0,0,0,0,,,
1732,SWIM A H N2 CS01 06,SWIM_A_H_N2_CS01_06.kfa,19,15,15,clamp,0,1,0,0,0,0,0,,,
1733,SWIM A H W2S CS01 01,SWIM_A_H_W2S_CS01_01.kfa,14,15,15,clamp,0,1,0,0,0,0,0,,,
1734,SWIM A H W2S CS01 02,SWIM_A_H_W2S_CS01_02.kfa,15,15,15,clamp,0,1,0,0,0,0,0,,,
1735,SWIM A H W2S CS01 03,SWIM_A_H_W2S_CS01_03.kfa,15,15,15,clamp,0,1,0,0,0,0,0,,,
1736,SWIM A H W2S CS01 04,SWIM_A_H_W2S_CS01_04.kfa,15,15,15,clamp,400,1,0,0,0,0,0,,,
1737,SWIM A H W2S CS01 05,SWIM_A_H_W2S_CS01_05.kfa,23,15,15,clamp,466,1,0,0,0,0,0,,,
1738,SWIM SP WAXON END2,SWIM_SP_WAXON_END2.kfa,23,15,15,clamp,,1,0,0,0,0,0,,,
1739, Underwater Swim Idle,SWIM_SWi_H.kfa,18,7,15,loop,,1,0,0,0,0,0,,,
1740,SWIM SP STAFF END3,SWIM_SP_STAFF_END3.kfa,23,15,15,clamp,,1,0,0,0,0,0,,,
1741,SWIM SP MID3,SWIM_SP_MID3.kfa,10,15,15,clamp,,1,0,0,0,0,0,,,
1742,SWIM SP MID2,SWIM_SP_MID2.kfa,10,15,15,loop,,1,0,0,0,0,0,,,
1743,SWIM SP H ST3,SWIM_SP_H_ST3.kfa,15,15,15,clamp,,1,0,0,0,0,0,,,
1744,SWIM SP H ST2,SWIM_SP_H_ST2.kfa,15,15,15,clamp,,1,0,0,0,0,0,,,
1745,SWIM SP H ST1,SWIM_SP_H_ST1.kfa,15,15,15,clamp,,1,0,0,0,0,0,,,
1746,SWIM SP H SSHIFT1,SWIM_SP_H_SSHIFT1.kfa,0,0,0,clamp,,1,0,0,0,0,0,,,
1747,SWIM SP H DRAGONZ C,SWIM_SP_H_DRAGONZ_C.kfa,0,0,0,clamp,,1,0,0,0,0,0,,,
1748,SWIM SP H DEFAULT C,SWIM_SP_H_DEFAULT_C.kfa,23,15,15,clamp,,1,0,0,0,0,0,,,
1749,SWIM SP H DEFAULT B,SWIM_SP_H_DEFAULT_B.kfa,15,15,15,clamp,,1,0,0,0,0,0,,,
1750,SWIM SP H DEFAULT A,SWIM_SP_H_DEFAULT_A.kfa,15,15,15,clamp,,1,0,0,0,0,0,,,
1751,SWIM SP GENERIC ST2,SWIM_SP_GENERIC_ST2.kfa,15,15,15,clamp,,1,0,0,0,0,0,,,
1752,SWIM SP GENERIC END2,SWIM_SP_GENERIC_END2.kfa,23,15,15,clamp,,1,0,0,0,0,0,,,
1753,SWIM SP BLESS END3,SWIM_SP_BLESS_END3.kfa,23,15,15,clamp,,1,0,0,0,0,0,,,
1754,SWIM SP BKHAND END2,SWIM_SP_BKHAND_END2.kfa,23,15,15,clamp,,1,0,0,0,0,0,,,
1755,SWIM SP A ST3,SWIM_SP_A_ST3.kfa,15,15,15,clamp,,1,0,0,0,0,0,,,
1756,SWIM SP A ST2,SWIM_SP_A_ST2.kfa,15,15,15,clamp,,1,0,0,0,0,0,,,
1757,SWIM SP A ST1,SWIM_SP_A_ST1.kfa,15,15,15,clamp,,1,0,0,0,0,0,,,
1758,SWIM Drink spell,SWIM_Drink_spell.kfa,149,25,30,clamp,,1,0,0,0,0,0,,,
1759,SWIM A H W2ST CS05,SWIM_A_H_W2ST_CS05.kfa,19,15,15,clamp,300,1,0,0,0,0,0,,,
1760,SWIM A H W2ST CS04,SWIM_A_H_W2ST_CS04.kfa,23,15,15,clamp,,1,0,0,0,0,0,,,
1761,SWIM A H W2ST CS03,SWIM_A_H_W2ST_CS03.kfa,25,15,15,clamp,,1,0,0,0,0,0,,,
1762,SWIM A H W2ST CS02,SWIM_A_H_W2ST_CS02.kfa,19,15,15,clamp,,1,0,0,0,0,0,,,
1763,SWIM A H W2ST CS01,SWIM_A_H_W2ST_CS01.kfa,25,15,15,clamp,,1,0,0,0,0,0,,,
1764,SWIM A H Scythe CS03,SWIM_A_H_Scythe_CS03.kfa,16,15,15,clamp,,1,0,0,0,0,0,,,
1765,SWIM A H Scythe CS02,SWIM_A_H_Scythe_CS02.kfa,28,15,15,clamp,,1,0,0,0,0,0,,,
1766,SWIM A H Scythe CS01,SWIM_A_H_Scythe_CS01.kfa,26,15,15,clamp,,1,0,0,0,0,0,,,
1767,SWIM A H 1R CS08,SWIM_A_H_1R_CS08.kfa,24,15,15,clamp,,1,0,0,0,0,0,,,
1768,SWIM A H 1R CS07,SWIM_A_H_1R_CS07.kfa,26,15,15,clamp,,1,0,0,0,0,0,,,
1769,SWIM A H 1R CS06,SWIM_A_H_1R_CS06.kfa,25,15,15,clamp,,1,0,0,0,0,0,,,
1770,SWIM A H 1R CS05,SWIM_A_H_1R_CS05.kfa,25,15,15,clamp,,1,0,0,0,0,0,,,
1771,SWIM A H 1R CS04,SWIM_A_H_1R_CS04.kfa,31,15,15,clamp,,1,0,0,0,0,0,,,
1772,SWIM A H 1R CS03,SWIM_A_H_1R_CS03.kfa,15,15,15,clamp,,1,0,0,0,0,0,,,
1773,SWIM A H 1R CS02,SWIM_A_H_1R_CS02.kfa,15,15,15,clamp,,1,0,0,0,0,0,,,
1774,SWIM A H 1R CS01,SWIM_A_H_1R_CS01.kfa,15,15,15,clamp,,1,0,0,0,0,0,,,
1775,stingray walk,stingray_walk.kfa,28,15,15,loop,,1,0,0,0,0,0,,,
1776,stingray run,stingray_run.kfa,22,15,15,loop,,1,0,0,0,0,0,,,
1777,stingray idle,stingray_idle.kfa,44,15,15,loop,,1,0,0,0,0,0,,,
1778,stingray flinch,stingray_flinch.kfa,22,15,15,clamp,,1,0,0,0,0,0,,,
1779,stingray death,stingray_death.kfa,22,15,15,clamp,,1,0,0,0,0,0,,,
1780,stingray c idle,stingray_c_idle.kfa,21,15,15,loop,,1,0,0,0,0,0,,,
1781,stingray attack B,stingray_attack_B.kfa,28,15,15,clamp,,1,0,0,0,0,0,,,
1782,stingray attack A,stingray_attack_A.kfa,21,15,15,clamp,,1,0,0,0,0,0,,,
1783,triton cidle,triton_cidle.kfa,36,15,15,loop,,2,0,0,0,0,0,,,
1784,triton attackH,triton_attackH.kfa,18,15,15,clamp,,2,0,0,0,0,0,,,
1785,triton attackL,triton_attackL.kfa,21,15,15,clamp,,2,0,0,0,0,0,,,
1786,triton attackSP,triton_attackSP.kfa,21,15,15,clamp,,2,0,0,0,0,0,,,
1787,triton run,triton_run.kfa,18,15,15,loop,,2,0,0,0,0,0,,,
1788,triton walk,triton_walk.kfa,36,15,15,loop,,2,0,0,0,0,0,,,
1789,triton flinch,triton_flinch.kfa,18,15,15,clamp,,2,0,0,0,0,0,,,
1790,triton death ,triton_death.kfa,27,15,15,clamp,,2,0,0,0,0,0,,,
1791,triton idle,triton_idle.kfa,36,15,15,loop,,2,0,0,0,0,0,,,
1792,Triton BOW A,Triton_BOW_A.kfa,37,15,15,clamp,,2,0,0,0,0,0,,,
1793,Triton BOW B  ,Triton_BOW_B.kfa,14,15,15,loop,,2,0,0,0,0,0,,,
1794,Triton bow C,Triton_bow_C.kfa,14,15,15,clamp,,2,0,0,0,0,0,,,
1795,Triton SpellA,Triton_SpellA.kfa,18,15,15,clamp,,2,0,0,0,0,0,,,
1796,Triton SpellB,Triton_SpellB.kfa,18,15,15,loop,,1,0,0,0,0,0,,,
1797,Triton spellC,Triton_spellC.kfa,23,15,15,clamp,,2,0,0,0,0,0,,,
1798,SWIM SP M ST3,SWIM_SP_M_ST3.kfa,15,15,15,clamp,,1,0,0,0,0,0,,,
1799,SWIM SP M ST2,SWIM_SP_M_ST2.kfa,15,15,15,clamp,,1,0,0,0,0,0,,,
1800,SWIM SP M ST1,SWIM_SP_M_ST1.kfa,15,15,15,clamp,,1,0,0,0,0,0,,,
1801,SWIM SP M SSHIFT1,SWIM_SP_M_SSHIFT1.kfa,0,0,0,clamp,,1,0,0,0,0,0,,,
1802,SWIM SP MID1,SWIM_SP_MID1.kfa,10,15,15,loop,,1,0,0,0,0,0,,,
1803,SWIM SP MID1 SSHIFT,SWIM_SP_MID1_SSHIFT.kfa,0,0,0,loop,,1,0,0,0,0,0,,,
1804,SWIM SP ARMX END1,SWIM_SP_ARMX_END1.kfa,23,15,15,clamp,,1,0,0,0,0,0,,,
1805,SWIM SP DRAGZ END1,SWIM_SP_DRAGZ_END1.kfa,23,15,15,clamp,,1,0,0,0,0,0,,,
1806,SWIM SP GRAND END1,SWIM_SP_GRAND_END1.kfa,23,15,15,clamp,,1,0,0,0,0,0,,,
1807,SWIM SP SSHIFT END1,SWIM_SP_SSHIFT_END1.kfa,0,0,0,loop,,1,0,0,0,0,0,,,
1808,eel attack A ,eel_attack_A.kfa,17,15,15,clamp,,1,0,0,0,0,0,,,
1809,eel c idle ,eel_c_idle.kfa,17,15,15,loop,,1,0,0,0,0,0,,,
1810,eel death ,eel_death.kfa,16,15,15,clamp,,1,0,0,0,0,0,,,
1811,eel flinch ,eel_flinch.kfa,17,15,15,clamp,,1,0,0,0,0,0,,,
1812,eel idle ,eel_idle.kfa,23,15,15,loop,,1,0,0,0,0,0,,,
1813,eel run ,eel_run.kfa,18,15,15,loop,,1,0,0,0,0,0,,,
1814,eel walk ,eel_walk.kfa,36,15,15,loop,,1,0,0,0,0,0,,,
1815,Hoplite Frozen,Hoplite_Frozen.kfa,1,15,15,loop,,0,0,0,0,0,0,,,
1816,Hoplite F2I,Hoplite_F2I.kfa,25,15,15,clamp,,0,0,0,0,0,0,,,
1817,Hoplite_Idle.kfa,Hoplite_Idle.kfa,35,15,15,loop,,0,0,0,0,0,0,1739,3249,
1818,Hoplite walk,Hoplite_walk.kfa,27,15,15,loop,,0,0,0,0,0,0,1847,3247,
1819,Hoplite run,Hoplite_run.kfa,18,15,15,loop,,0,0,0,0,0,0,1847,3248,
1820,Hoplite cidle,Hoplite_cidle.kfa,25,15,15,loop,,0,0,0,0,0,0,1654,3249,
1821,Hoplite flinch,Hoplite_flinch.kfa,15,15,15,clamp,,0,0,0,0,0,0,1653,3249,
1822,Hoplite attackH,Hoplite_attackH.kfa,37,15,15,clamp,,0,0,0,0,0,0,1613,3364,
1823,Hoplite attackL,Hoplite_attackL.kfa,23,15,15,clamp,,0,0,0,0,0,0,1616,3364,
1824,Hoplite death,Hoplite_death.kfa,53,15,15,clamp,,0,0,0,0,0,0,1669,3249,
1825,HopliteBOW A,HopliteBOW_A.kfa,37,15,15,clamp,,0,0,0,0,0,0,1624,3363,
1826,HopliteBOW B,HopliteBOW_B.kfa,7,15,15,loop,,0,0,0,0,0,0,1625,3362,
1827,HopliteBOW C,HopliteBOW_C.kfa,13,15,15,clamp,,0,0,0,0,0,0,1626,3361,
1828,HopliteSP Frozen,HopliteSP_Frozen.kfa,1,15,15,loop,,0,0,0,0,0,0,,,
1829,HopliteSP F2I,HopliteSP_F2I.kfa,25,15,15,clamp,,0,0,0,0,0,0,,,
1830,HopliteSP cidle,HopliteSP_cidle.kfa,25,15,15,loop,,0,0,0,0,0,0,1654,3249,
1831,HopliteSP attackH,HopliteSP_attackH.kfa,37,15,15,clamp,,0,0,0,0,0,0,1613,3364,
1832,HopliteSP attackL,HopliteSP_attackL.kfa,23,15,15,clamp,,0,0,0,0,0,0,1616,3364,
1833,HopliteSP death,HopliteSP_death.kfa,50,15,15,clamp,,0,0,0,0,0,0,1669,3249,
1834,HopliteSP flinch,HopliteSP_flinch.kfa,15,15,15,clamp,,0,0,0,0,0,0,1653,3249,
1835,harpy walk,harpy_walk.kfa,16,15,15,loop,,2,0,0,0,0,0,,,
1836,harpy run,harpy_run.kfa,26,15,15,loop,,2,0,0,0,0,0,,,
1837,harpy idle,harpy_idle.kfa,16,15,15,loop,,2,0,0,0,0,0,,,
1838,harpy Cidle,harpy_Cidle.kfa,16,15,15,loop,,2,0,0,0,0,0,,,
1839,harpy attackH,harpy_attackH.kfa,16,15,15,clamp,,2,0,0,0,0,0,,,
1840,harpy flinch,harpy_flinch.kfa,16,15,15,clamp,,2,0,0,0,0,0,,,
1841,harpy death,harpy_death.kfa,18,15,15,clamp,,2,0,0,0,0,0,,,
1842,Fish_idle,Fish_idle.kfa,32,15,15,loop,,1,0,0,0,0,0,,,
1843,Fish_walk,Fish_walk.kfa,16,15,15,loop,,1,0,0,0,0,0,,,
1844,Fish_run,Fish_run.kfa,8,15,15,loop,,1,0,0,0,0,0,,,
1845,crab walk,crab_walk.kfa,21,6,15,loop,,0,0,0,0,0,0,,,
1846,Alt Swim Run,SWIM_SW1_H.kfa,36,15,15,loop,,1,0,0,0,0,0,,,
1847,Atlantis Swim,SWIM_SW_H.kfa,18,12,15,loop,,1,0,0,0,0,0,,,
1848,Alt Swim Walk,SWIM_SW_H.kfa,18,11,15,loop,,1,0,0,0,0,0,,,
1849,Alt Shark Walk/swim,Alt_shark_walk.kfa,47,15,15,loop,,2,0,0,0,0,0,,,
1850,Half Ogre Walk,W_HOM.kfa,26,15,15,loop,,0,0,0,0,0,0,1847,3247,
1851,Half Ogre Run,R_HOM.kfa,18,15,15,loop,,0,0,0,0,0,0,1847,3248,
1852,Half Ogre Idle,I_HOM.kfa,25,2,15,loop,,0,0,0,0,0,0,1739,3418,
1853,Shark Ride,SWIM_RH_H.kfa,24,15,15,loop,,1,0,0,0,0,0,,,
1854,Swim backwards,swim_WalkB_H.kfa,36,15,15,loop,,1,0,0,0,0,0,,,
1855,Hammer head Rider,Shark_Hammerhead_runrider.kfa,47,15,15,loop,,1,0,0,0,0,0,,,
1856,anubite Cidle,anubite_Cidle.kfa,24,15,15,loop,,0,0,0,0,0,0,,,
1857,anubite attackH,anubite_attackH.kfa,20,15,15,clamp,,0,0,0,0,0,0,,,
1858,anubite attackL,anubite_attackL.kfa,20,15,15,clamp,,0,0,0,0,0,0,,,
1859,anubite flinch,anubite_flinch.kfa,15,15,15,clamp,,0,0,0,0,0,0,,,
1860,anubite death,anubite_death.kfa,20,15,15,clamp,,0,0,0,0,0,0,,,
1861,anubite walk,anubite_walk.kfa,20,15,15,loop,,0,0,0,0,0,0,,,
1862,anubite run,anubite_run.kfa,10,15,15,loop,,0,0,0,0,0,0,,,
1863,anubite idle,anubite_idle.kfa,32,15,15,loop,,0,0,0,0,0,0,,,
1864,anubite SpellA,anubite_SpellA.kfa,15,15,15,clamp,,0,0,0,0,0,0,,,
1865,anubite SpellB,anubite_SpellB.kfa,10,15,15,loop,,0,0,0,0,0,0,,,
1866,anubite SpellC,anubite_SpellC.kfa,23,15,15,clamp,,0,0,0,0,0,0,,,
1867,anubite BOwA,anubite_BOwA.kfa,37,15,15,clamp,,0,0,0,0,0,0,,,
1868,anubite BowB,anubite_BowB.kfa,7,15,15,loop,,0,0,0,0,0,0,,,
1869,anubite bowc,anubite_bowc.kfa,23,15,15,clamp,,0,0,0,0,0,0,,,
1870,horian cidle,horian_cidle.kfa,30,15,15,loop,,0,0,0,0,0,0,1654,3249,
1871,horian attackH,horian_attackH.kfa,18,15,15,clamp,,0,0,0,0,0,0,1617,3364,
1872,horian attackL,horian_attackL.kfa,21,15,15,clamp,,0,0,0,0,0,0,1617,3364,
1873,horian flinch,horian_flinch.kfa,16,15,15,loop,,0,0,0,0,0,0,1653,3249,
1874,horian death,horian_death.kfa,30,15,15,clamp,,0,0,0,0,0,0,1669,3249,
1875,horian run,horian_run.kfa,12,15,15,loop,,0,0,0,0,0,0,1847,3248,
1876,horian walk,horian_walk.kfa,20,15,15,loop,,0,0,0,0,0,0,1847,3247,
1877,horian idle,horian_idle.kfa,30,15,15,loop,,0,0,0,0,0,0,1739,3249,
1878,horian spellA,horian_spellA.kfa,15,15,15,clamp,,0,0,0,0,0,0,1757,3356,
1879,horian spellB,horian_spellB.kfa,10,15,15,loop,,0,0,0,0,0,0,1802,3355,
1880,horian spellC,horian_spellC.kfa,23,15,15,clamp,,0,0,0,0,0,0,1748,3354,
1881,horian bowA,horian_bowA.kfa,15,15,15,clamp,,0,0,0,0,0,0,1624,3363,
1882,Horian bowB,Horian_bowB.kfa,7,15,15,loop,,0,0,0,0,0,0,1625,3362,
1883,horian bowC,horian_bowC.kfa,23,15,15,clamp,,0,0,0,0,0,0,1626,3361,
1884,sobekite CbowA,sobekite_CbowA.kfa,22,15,15,clamp,,0,0,0,0,0,0,,,
1885,sobekite CbowB,sobekite_CbowB.kfa,7,15,15,loop,,0,0,0,0,0,0,,,
1886,sobekite CbowC,sobekite_CbowC.kfa,13,15,15,clamp,,0,0,0,0,0,0,,,
1887,Ammut cidle,Ammut_cidle.kfa,25,15,15,loop,,2,0,0,1,0,0,,,
1888,Ammut attackH,Ammut_attackH.kfa,15,15,15,clamp,,2,0,0,1,0,0,,,
1889,Ammut flinch,Ammut_flinch.kfa,10,15,15,clamp,,2,0,0,1,0,0,,,
1890,Ammut death,Ammut_death.kfa,25,15,15,clamp,,2,0,0,1,0,0,,,
1891,Ammut run,Ammut_run.kfa,11,15,15,loop,,2,0,0,1,0,0,,,
1892,Ammut walk,Ammut_walk.kfa,18,15,15,loop,,2,0,0,1,0,0,,,
1893,Ammut idle,Ammut_idle.kfa,35,15,15,loop,,2,0,0,1,0,0,,,
1894,EM Knock,EM_KNOCK.kfa,19,15,15,clamp,,0,0,0,0,0,0,1739,3249,
1895,Typhon cidle,Typhon_cidle.kfa,20,15,15,loop,,2,0,0,0,0,0,,,
1896,Typhon attackL,Typhon_attackL.kfa,24,15,15,clamp,,2,0,0,0,0,0,,,
1897,Typhon flinch,Typhon_flinch.kfa,16,15,15,clamp,,2,0,0,0,0,0,,,
1898,Typhon death,Typhon_death.kfa,20,15,15,clamp,,2,0,0,0,0,0,,,
1899,Typhon Walk,Typhon_Walk.kfa,20,15,15,loop,,2,0,0,0,0,0,,,
1900,Typhon spellA,Typhon_spellA.kfa,15,15,15,clamp,,2,0,0,0,0,0,,,
1901,Typhon spellB,Typhon_spellB.kfa,10,15,15,loop,,2,0,0,0,0,0,,,
1902,Typhon spellC,Typhon_spellC.kfa,23,15,15,clamp,,2,0,0,0,0,0,,,
1903,Typhon idle,Typhon_idle.kfa,20,9,15,loop,,2,0,0,0,0,0,,,
1904,nehebkau ATH,nehebkau_ATH.kfa,18,15,15,clamp,,2,0,0,0,0,0,,,
1905,nehebkau ATL,nehebkau_ATL.kfa,21,15,15,clamp,,2,0,0,0,0,0,,,
1906,nehebkau cidle,nehebkau_cidle.kfa,30,15,15,loop,,2,0,0,0,0,0,,,
1907,nehebkau death,nehebkau_death.kfa,30,15,15,clamp,,2,0,0,0,0,0,,,
1908,nehebkau flinch,nehebkau_flinch.kfa,16,15,15,clamp,,2,0,0,0,0,0,,,
1909,nehebkau idle,nehebkau_idle.kfa,30,15,15,loop,,2,0,0,0,0,0,,,
1910,nehebkau run,nehebkau_run.kfa,12,15,15,loop,,2,0,0,0,0,0,,,
1911,nehebkau spa,nehebkau_spa.kfa,15,15,15,clamp,,2,0,0,0,0,0,,,
1912,nehebkau spB,nehebkau_spB.kfa,10,15,15,loop,,2,0,0,0,0,0,,,
1913,nehebkau spC,nehebkau_spC.kfa,23,15,15,clamp,,2,0,0,0,0,0,,,
1914,nehebkau walk,nehebkau_walk.kfa,20,15,15,loop,,2,0,0,0,0,0,,,
1915,sobekite attackH,sobekite_attackH.kfa,18,15,15,clamp,,0,0,0,0,0,0,2147,3364,
1916,sobekite attackL,sobekite_attackL.kfa,21,15,15,clamp,,0,0,0,0,0,0,2148,3364,
1917,sobekite spella,sobekite_spella.kfa,15,15,15,clamp,,0,0,0,0,0,0,,,
1918,sobekite spellB,sobekite_spellB.kfa,10,15,15,loop,,0,0,0,0,0,0,,,
1919,sobekite spellC,sobekite_spellC.kfa,23,15,15,clamp,,0,0,0,0,0,0,,,
1920,sobekite cidle,sobekite_cidle.kfa,30,15,15,loop,,0,0,0,0,0,0,2149,3249,
1921,sobekite death,sobekite_death.kfa,30,15,15,clamp,,0,0,0,0,0,0,2150,3249,
1922,sobekite flinch,sobekite_flinch.kfa,16,15,15,clamp,,0,0,0,0,0,0,2151,3249,
1923,sobekite idle,sobekite_idle.kfa,30,15,15,loop,,0,0,0,0,0,0,2152,3249,
1924,sobekite run,sobekite_run.kfa,12,15,15,loop,,0,0,0,0,0,0,2153,3248,
1925,setian attH,setian_attH.kfa,20,15,15,clamp,,2,0,0,0,0,0,,,
1926,setian attL,setian_attL.kfa,20,15,15,clamp,,2,0,0,0,0,0,,,
1927,setian cidle,setian_cidle.kfa,24,15,15,loop,,2,0,0,0,0,0,,,
1928,setian death,setian_death.kfa,20,15,15,clamp,,2,0,0,0,0,0,,,
1929,setian flinch,setian_fli.kfa,15,15,15,clamp,,2,0,0,0,0,0,,,
1930,setian idle,setian_idle.kfa,32,15,15,loop,,2,0,0,0,0,0,,,
1931,setian run,setian_run.kfa,10,15,15,loop,,2,0,0,0,0,0,,,
1932,setian spa,setian_spa.kfa,15,15,15,clamp,,2,0,0,0,0,0,,,
1933,setian spb,setian_spb.kfa,10,15,15,loop,,2,0,0,0,0,0,,,
1934,setian spc,setian_spc.kfa,23,15,15,clamp,,2,0,0,0,0,0,,,
1935,setian walk,setian_walk.kfa,20,15,15,loop,,2,0,0,0,0,0,,,
1936,sobekite walk,sobekite_walk.kfa,20,15,15,loop,,2,0,0,0,0,0,2154,3247,
1937,sobekite swim,sobekite_swim.kfa,28,15,15,loop,,2,0,0,0,0,0,,,
1938,Male Svartelf Idle ,I_SVM.kfa,30,2,15,loop,,0,0,0,0,0,0,1739,3418,
1939, Male Svartelf Walk,W_SVM.kfa,21,15,15,loop,,0,0,0,0,0,0,1847,3247,
1940,Male Svartelf Run ,R_SVM.kfa,17,15,15,loop,,0,0,0,0,0,0,1847,3248,
1941,Boat Sit,S_BS.kfa,50,15,15,loop,,1,0,0,0,0,0,,,
1942,Boat Sits for short people,S_BS_short.kfa,50,15,15,loop,,1,0,0,0,0,0,,,
1943,Sphinx walk,Sphinx_walk.kfa,18,15,15,loop,,2,0,0,0,0,0,,,
1944,Sphinx run,Sphinx_run.kfa,7,15,15,loop,,2,0,0,0,0,0,,,
1945,Sphinx idle,Sphinx_idle.kfa,35,15,15,loop,,2,0,0,1,0,0,,,
1946,Sphinx Cidle,Sphinx_Cidle.kfa,25,15,15,loop,,2,0,0,1,0,0,,,
1947,Sphinx attackh,Sphinx_attackh.kfa,15,15,15,clamp,,2,0,0,1,0,0,,,
1948,Sphinx attackL,Sphinx_attackL.kfa,32,15,15,clamp,,2,0,0,1,0,0,,,
1949,Sphinx flinch,Sphinx_flinch.kfa,10,15,15,clamp,,2,0,0,1,0,0,,,
1950,Sphinx death,Sphinx_death.kfa,24,15,15,clamp,,2,0,0,1,0,0,,,
1951,SphinxGyno walk,SphinxGyno_walk.kfa,18,15,15,loop,,2,0,0,0,0,0,,,
1952,SphinxGyno idle,SphinxGyno_idle.kfa,7,7,15,loop,,2,0,0,1,0,0,,,
1953,SphinxGyno cidle,SphinxGyno_cidle.kfa,25,15,15,loop,,2,0,0,1,0,0,,,
1954,SphinxGyno attackH,SphinxGyno_attackH.kfa,15,15,15,clamp,,2,0,0,1,0,0,,,
1955,SphinxGyno attackL,SphinxGyno_attackL.kfa,32,15,15,clamp,,2,0,0,1,0,0,,,
1956,SphinxGyno flinch,SphinxGyno_flinch.kfa,10,15,15,clamp,,2,0,0,1,0,0,,,
1957,SphinxGyno death,SphinxGyno_death.kfa,24,15,15,clamp,,2,0,0,1,0,0,,,
1958,SphinxGyno run,SphinxGyno_run.kfa,7,15,15,loop,,2,0,0,0,0,0,,,
1959,Chimera idle,Chimera_idle.kfa,35,15,15,loop,,2,0,0,1,0,0,,,
1960,Chimera walk,Chimera_walk.kfa,18,15,15,loop,,2,0,0,0,0,0,,,
1961,Chimera cidle,Chimera_cidle.kfa,26,15,15,loop,,2,0,0,1,0,0,,,
1962,Chimera attack,Chimera_attack.kfa,26,15,15,clamp,,2,0,0,1,0,0,,,
1963,Chimera flinch,Chimera_flinch.kfa,13,15,15,clamp,,2,0,0,1,0,0,,,
1964,Chimera death,Chimera_death.kfa,24,15,15,clamp,,2,0,0,1,0,0,,,
1965,Talos pose (dormant state),Talos_pose.kfa,1,15,15,clamp,,2,0,0,0,0,0,,,
1966,Talos walk,Talos_walk.kfa,27,15,15,loop,,2,0,0,0,0,0,,,
1967,Talos idle,Talos_idle.kfa,76,15,15,loop,,2,0,0,0,0,0,,,
1968,Talos cidle,Talos_cidle.kfa,38,15,15,loop,,2,0,0,0,0,0,,,
1969,Talos attack,Talos_attack.kfa,61,15,15,clamp,2000,2,0,0,0,0,0,,,
1970,Talos flinch,Talos_flinch.kfa,20,15,15,clamp,,2,0,0,0,0,0,,,
1971,Talos death,Talos_death.kfa,70,15,15,clamp,,2,0,0,0,0,0,,,
1972,Talos spellA,Talos_spellA.kfa,15,15,15,clamp,,2,0,0,0,0,0,,,
1973,Talos spellB,Talos_spellB.kfa,10,15,15,loop,,2,0,0,0,0,0,,,
1974,Talos spellC,Talos_spellC.kfa,23,15,15,clamp,,2,0,0,0,0,0,,,
1975,Gorgon walk,Gorgon_walk.kfa,24,15,15,loop,,2,0,0,0,0,0,,,
1976,Gorgon idle,Gorgon_idle.kfa,30,15,15,loop,,2,0,0,0,0,0,,,
1977,Gorgon cidle,Gorgon_cidle.kfa,30,15,15,loop,,2,0,0,0,0,0,,,
1978,Gorgon attackH,Gorgon_attackH.kfa,27,15,15,clamp,,2,0,0,0,0,0,,,
1979,Gorgon attackL,Gorgon_attackL.kfa,28,15,15,clamp,,2,0,0,0,0,0,,,
1980,Gorgon death,Gorgon_death.kfa,30,15,15,clamp,,2,0,0,0,0,0,,,
1981,Gorgon flinch,Gorgon_flinch.kfa,15,15,15,clamp,,2,0,0,0,0,0,,,
1982,Gorgon SpellA,Gorgon_SpellA.kfa,15,15,15,clamp,,2,0,0,0,0,0,,,
1983,Gorgon SpellB,Gorgon_SpellB.kfa,10,15,15,loop,,2,0,0,0,0,0,,,
1984,Gorgon SpellC,Gorgon_SpellC.kfa,10,15,15,clamp,,2,0,0,0,0,0,,,
1985,Medusa walk,Medusa_walk.kfa,24,15,15,loop,,2,0,0,0,0,0,,,
1986,Medusa idle,Medusa_idle.kfa,30,15,15,loop,,2,0,0,0,0,0,,,
1987,Medusa cidle,Medusa_cidle.kfa,30,15,15,loop,,2,0,0,0,0,0,,,
1988,Medusa attackH,Medusa_attackH.kfa,27,15,15,clamp,,2,0,0,0,0,0,,,
1989,Medusa attackL,Medusa_attackL.kfa,28,15,15,clamp,,2,0,0,0,0,0,,,
1990,Medusa death,Medusa_death.kfa,30,15,15,clamp,,2,0,0,0,0,0,,,
1991,Medusa flinch,Medusa_flinch.kfa,15,15,15,clamp,,2,0,0,0,0,0,,,
1992,Medusa SpellA,Medusa_SpellA.kfa,15,15,15,clamp,,2,0,0,0,0,0,,,
1993,Medusa SpellB,Medusa_SpellB.kfa,10,15,15,loop,,2,0,0,0,0,0,,,
1994,Medusa SpellC,Medusa_SpellC.kfa,10,15,15,clamp,,2,0,0,0,0,0,,,
1995,Minotaur run,Minotaur_run.kfa,12,15,15,loop,,2,0,0,0,0,0,,,
1996,Minotaur walk,Minotaur_walk.kfa,18,15,15,loop,,2,0,0,0,0,0,,,
1997,Minotaur spellc,Minotaur_spellc.kfa,23,15,15,clamp,,2,0,0,0,0,0,,,
1998,Minotaur spellB,Minotaur_spellB.kfa,10,15,15,loop,,2,0,0,0,0,0,,,
1999,Minotaur spellA,Minotaur_spellA.kfa,15,15,15,clamp,,2,0,0,0,0,0,,,
2001,Minotaur idle,Minotaur_idle.kfa,74,7,15,loop,,2,0,0,0,0,0,,,
2002,Minotaur flinch,Minotaur_flinch.kfa,17,15,15,clamp,,2,0,0,0,0,0,,,
2003,Minotaur death,Minotaur_death.kfa,17,15,15,clamp,,2,0,0,0,0,0,,,
2004,Minotaur cidle,Minotaur_cidle.kfa,16,15,15,loop,,2,0,0,0,0,0,,,
2005,Minotaur bowC,Minotaur_bowC.kfa,13,15,15,clamp,,2,0,0,0,0,0,,,
2006,Minotaur bowB,Minotaur_bowB.kfa,7,15,15,loop,,2,0,0,0,0,0,,,
2007,Minotaur bowA,Minotaur_bowA.kfa,37,15,15,clamp,,2,0,0,0,0,0,,,
2008,Minotaur AttachL,Minotaur_AttachL.kfa,18,15,15,clamp,,2,0,0,0,0,0,,,
2009,Minotaur AttachH,Minotaur_AttachH.kfa,22,15,15,clamp,,2,0,0,0,0,0,,,
2010,Stygian walk,stygian_walk.kfa,18,15,15,loop,,2,0,0,0,0,0,,,
2011,Stygian run,stygian_run.kfa,7,15,15,loop,,2,0,0,0,0,0,,,
2012,Stygian idle,stygian_idle.kfa,35,15,15,loop,,2,0,0,1,0,0,,,
2013,Stygian flinch,stygian_flinch.kfa,10,15,15,clamp,,2,0,0,1,0,0,,,
2014,Stygian death,stygian_death.kfa,24,15,15,clamp,,2,0,0,1,0,0,,,
2015,Stygian cidle,stygian_cidle.kfa,25,15,15,loop,,2,0,0,1,0,0,,,
2016,Stygian attack H,stygian_attack_H.kfa,15,15,15,clamp,,2,0,0,1,0,0,,,
2017,Djinn attackH,Djinn_attackH.kfa,18,15,15,clamp,,0,0,0,0,0,0,,,
2018,Djinn attackL,Djinn_attackL.kfa,21,15,15,clamp,,0,0,0,0,0,0,,,
2019,Djinn bowA,Djinn_bowA.kfa,36,15,15,clamp,,0,0,0,0,0,0,,,
2020,Djinn bowB,Djinn_bowB.kfa,14,15,15,loop,,0,0,0,0,0,0,,,
2021,Djinn bowC,Djinn_bowC.kfa,14,15,15,clamp,,0,0,0,0,0,0,,,
2022,Djinn Cidle,Djinn_Cidle.kfa,36,15,15,loop,,0,0,0,0,0,0,,,
2023,Djinn death,Djinn_death.kfa,26,15,15,clamp,,0,0,0,0,0,0,,,
2024,Djinn flinch,Djinn_flinch.kfa,18,15,15,clamp,,0,0,0,0,0,0,,,
2025,Djinn idle,Djinn_idle.kfa,18,10,15,loop,,0,0,0,0,0,0,,,
2026,Djinn run,Djinn_run.kfa,13,15,15,loop,,0,0,0,0,0,0,,,
2027,Djinn spellA,Djinn_spellA.kfa,18,15,15,clamp,,0,0,0,0,0,0,,,
2028,Djinn spellB,Djinn_spellB.kfa,18,15,15,loop,,0,0,0,0,0,0,,,
2029,Djinn spellC,Djinn_spellC.kfa,23,15,15,clamp,,0,0,0,0,0,0,,,
2030,Djinn walk,Djinn_walk.kfa,18,15,15,loop,,0,0,0,0,0,0,,,
2031,Wscarab AttackH ,Wscarab_AttackH.kfa ,15,15,15,clamp,,2,0,0,0,0,0,,,
2032,Wscarab AttackL,Wscarab_AttackL.kfa,15,15,15,clamp,,2,0,0,0,0,0,,,
2033,Wscarab Cidle,Wscarab_Cidle.kfa,15,15,15,loop,,2,0,0,0,0,0,,,
2034,Wscarab flinch,Wscarab_flinch.kfa,15,15,15,clamp,,2,0,0,0,0,0,,,
2035,Wscarab death,Wscarab_death.kfa,18,15,15,clamp,,2,0,0,0,0,0,,,
2036,Wscarab walk ,Wscarab_walk.kfa,20,15,15,loop,,2,0,0,0,0,0,,,
2037,Wscarab idle,Wscarab_idle.kfa,20,15,15,loop,,2,0,0,0,0,0,,,
2038,Wscarab run,Wscarab_run.kfa,10,15,15,loop,,2,0,0,0,0,0,,,
2039,Anub EMcheer,Anub_EMcheer.kfa,32,15,15,clamp,,2,0,0,0,0,0,,,
2040,Anub EMclap,Anub_EMclap.kfa,32,15,15,clamp,,2,0,0,0,0,0,,,
2041,Anub EMDrink,Anub_EMDrink.kfa,76,15,15,clamp,,2,0,0,0,0,0,,,
2042,Anub EMLaugh,Anub_EMLaugh.kfa,32,15,15,clamp,,2,0,0,0,0,0,,,
2043,Anub EMNod,Anub_EMNod.kfa,32,15,15,clamp,,2,0,0,0,0,0,,,
2044,Anub EMPonder,Anub_EMPonder.kfa,76,15,15,clamp,,2,0,0,0,0,0,,,
2045,Anub EMShakehead,Anub_EMShakehead.kfa,76,15,15,clamp,,2,0,0,0,0,0,,,
2046,Anub EMShrug,Anub_EMShrug.kfa,32,15,15,clamp,,2,0,0,0,0,0,,,
2047,Anub EMSlap,Anub_EMSlap.kfa,32,15,15,clamp,,2,0,0,0,0,0,,,
2048,Anub EMVictory,Anub_EMVictory.kfa,32,15,15,clamp,,2,0,0,0,0,0,,,
2049,Anub EMwave,Anub_EMwave.kfa,32,15,15,clamp,,2,0,0,0,0,0,,,
2050,Anub EMshieldbang,Anub_EMshieldbang.kfa,32,15,15,clamp,,2,0,0,0,0,0,,,
2051,Gryphon_rider,Gryphon_rider.kfa,14,15,15,loop,,1,0,0,0,0,0,,,
2052,Amphitere_rider,Amphitere_rider.kfa,14,15,15,loop,,1,0,0,0,0,0,,,
2053,Dragonfly_rider(For the player),Dragonfly_rider.kfa,16,15,15,loop,,1,0,0,0,0,0,,,
2054,D Fly Walk (Mount only),Dfly_mount.kfa,40,15,15,loop,,1,0,0,0,0,0,,,
2055,Centaur Cidle,centaur_cidle.kfa,35,15,15,loop,,2,0,0,0,0,0,2222,,
2056,Centaur walk,centaur_walk.kfa,16,15,15,loop,,2,0,0,0,0,0,2222,,
2057,Centaur run,centaur_run.kfa,8,15,15,loop,,2,0,0,0,0,0,2222,,
2058,Centaur attaCkH,centaur_attackH.kfa,17,15,15,clamp,,2,0,0,0,0,0,2226,,
2059,Centaur attaCkL,centaur_attackL.kfa,35,15,15,clamp,,2,0,0,0,0,0,2226,,
2060,Centaur flinCh,centaur_flinch.kfa,15,15,15,clamp,,2,0,0,0,0,0,2222,,
2061,Centaur death,centaur_death.kfa,20,15,15,clamp,,2,0,0,0,0,0,,,
2062,Centaur idle,centaur_idle.kfa,16,10,15,loop,,2,0,0,0,0,0,2222,,
2063,Centaur BowA,centaur_BowA.kfa,37,10,15,clamp,,2,0,0,0,0,0,2226,,
2064,Centaur BowB,centaur_BowB.kfa,10,15,15,loop,,2,0,0,0,0,0,2226,,
2065,Centaur BowC,centaur_BowC.kfa,13,15,15,clamp,,2,0,0,0,0,0,2226,,
2066,CentaurW Cidle,centaurW_cidle.kfa,35,15,15,loop,,2,0,0,0,0,0,2222,,
2067,CentaurW walk,centaurW_walk.kfa,16,15,15,loop,,2,0,0,0,0,0,2222,,
2068,CentaurW run,centaurW_run.kfa,8,15,15,loop,,2,0,0,0,0,0,2222,,
2069,CentaurW attaCkH,centaurW_attackH.kfa,17,15,15,clamp,,2,0,0,0,0,0,2226,,
2070,CentaurW attaCkL,centaurW_attackL.kfa,35,15,15,clamp,,2,0,0,0,0,0,2226,,
2071,CentaurW flinCh,centaurW_flinch.kfa,15,15,15,clamp,,2,0,0,0,0,0,2222,,
2072,CentaurW death,centaurW_death.kfa,20,15,15,clamp,,2,0,0,0,0,0,,,
2073,CentaurW idle,centaurW_idle.kfa,16,15,15,loop,,2,0,0,0,0,0,2222,,
2074,CentaurW BowA,centaurW_BowA.kfa,37,15,15,clamp,,2,0,0,0,0,0,2226,,
2075,CentaurW BowB,centaurW_BowB.kfa,10,15,15,loop,,2,0,0,0,0,0,2226,,
2076,CentaurW BowC,centaurW_BowC.kfa,13,15,15,clamp,,2,0,0,0,0,0,2226,,
2077,Phoenix attack,Phoenix_attack.kfa,25,15,15,clamp,,2,0,0,0,0,0,,,
2078,Phoenix cidle,Phoenix_cidle.kfa,25,15,15,clamp,,2,0,0,0,0,0,,,
2079,Phoenix CS,Phoenix_CS.kfa,50,15,15,clamp,,2,0,0,0,0,0,,,
2080,Phoenix death,Phoenix_death.kfa,25,15,15,clamp,,2,0,0,0,0,0,,,
2081,Phoenix flinch,Phoenix_flinch.kfa,25,15,15,clamp,,2,0,0,0,0,0,,,
2082,Phoenix idle,Phoenix_idle.kfa,50,15,15,loop,,2,0,0,0,0,0,,,
2083,Cyclops idle,Cyclops_idle.kfa,60,15,15,loop,,2,0,0,0,0,0,,,
2084,Cyclops attack,Cyclops_attack.kfa,18,15,15,clamp,,2,0,0,0,0,0,,,
2085,Cyclops attackL,Cyclops_attackL.kfa,17,15,15,clamp,,2,0,0,0,0,0,,,
2086,Cyclops BOWA,Cyclops_BOWA.kfa,37,15,15,clamp,,2,0,0,0,0,0,,,
2087,Cyclops BOWB,Cyclops_BOWB.kfa,7,15,15,loop,,2,0,0,0,0,0,,,
2088,Cyclops BOWC,Cyclops_BOWC.kfa,13,15,15,clamp,,2,0,0,0,0,0,,,
2089,Cyclops cidle,Cyclops_cidle.kfa,20,15,15,loop,,2,0,0,0,0,0,,,
2090,Cyclops death,Cyclops_death.kfa,25,15,15,clamp,,2,0,0,0,0,0,,,
2091,Cyclops flinch,Cyclops_flinch.kfa,12,15,15,clamp,,2,0,0,0,0,0,,,
2092,Cyclops run,Cyclops_run.kfa,15,15,15,loop,,2,0,0,0,0,0,,,
2093,Cyclops walk,Cyclops_walk.kfa,20,15,15,loop,,2,0,0,0,0,0,,,
2094,Lurikeen Swim,SW_L.kfa,28,15,15,loop,,0,0,0,0,0,0,,,
2095,iaculi idle,iaculi_idle.kfa,98,15,15,loop,,2,0,0,0,0,0,,,
2096,iaculi walk,iaculi_walk.kfa,49,15,15,loop,,2,0,0,0,0,0,,,
2097,iaculi run,iaculi_run.kfa,35,15,15,loop,,2,0,0,0,0,0,,,
2098,iaculi cidle,iaculi_cidle.kfa,49,15,15,loop,,2,0,0,0,0,0,,,
2099,iaculi attack,iaculi_attack.kfa,33,15,15,clamp,,2,0,0,0,0,0,,,
2100,iaculi flinch,iaculi_flinch.kfa,49,15,15,clamp,,2,0,0,0,0,0,,,
2101,iaculi death,iaculi_death.kfa,22,15,15,clamp,,2,0,0,0,0,0,,,
2102,Harpy Rider,Harpy_rider.kfa,16,15,15,loop,,2,0,0,0,0,0,,,
2103,8 Man Boat Run,PSboat_8man_run.kfa,50,15,15,loop,,2,0,0,0,0,0,,,
2104,8 Man Boat Idle,PSboat_8man_idle.kfa,100,15,15,loop,,2,0,0,0,0,0,,,
2105,Manticore walk,Manticore_walk.kfa,28,15,15,loop,,2,0,0,1,0,0,,,
2106,Manticore idle,Manticore_idle.kfa,35,15,15,loop,,2,0,0,1,0,0,,,
2107,Manticore flinch,Manticore_flinch.kfa,15,15,15,loop,,2,0,0,1,0,0,,,
2108,Manticore death,Manticore_death.kfa,24,15,15,clamp,,2,0,0,1,0,0,,,
2109,Manticore cidle,Manticore_cidle.kfa,25,15,15,loop,,2,0,0,1,0,0,,,
2110,Manticore attackCS,Manticore_attackCS.kfa,15,15,15,clamp,,2,0,0,1,0,0,,,
2111,Manticore attackCL,Manticore_attackCL.kfa,15,15,15,clamp,,2,0,0,1,0,0,,,
2112,Sobekite EMvictory,Sobekite_EMvictory.kfa,30,15,15,clamp,,2,0,0,0,0,0,,,
2113,Centaur emtaunt,Centaur_emtaunt.kfa,35,15,15,clamp,,2,0,0,0,0,0,,,
2114,Gorgon emtaunt,Gorgon_emtaunt.kfa,15,15,15,clamp,,2,0,0,0,0,0,,,
2115,Gorgon empoint,Gorgon_empoint.kfa,30,15,15,clamp,,2,0,0,0,0,0,,,
2116,PSAtlantean run,PSAtlantean_run.kfa,180,15,15,loop,,1,0,0,0,0,0,,,
2117,PSAtlantean idle,PSAtlantean_idle.kfa,180,15,15,loop,,1,0,0,0,0,0,,,
2118,PSLongship run,PSLongship_run.kfa,100,15,15,loop,,2,0,0,0,0,0,,,
2119,PSLongship idle,PSLongship_idle.kfa,100,15,15,loop,,2,0,0,0,0,0,,,
2120,PSCogship run,PSCogship_run.kfa,85,15,15,loop,,2,0,0,0,0,0,,,
2121,PSCogship idle,PSCogship_idle.kfa,100,15,15,loop,,2,0,0,0,0,0,,,
2122,PScaravel idle,PScaravel_idle.kfa,100,15,15,loop,,2,0,0,0,0,0,,,
2123,PScaravel run,PScaravel_run.kfa,75,15,15,loop,,2,0,0,0,0,0,,,
2124,Croc idle,croc_idle.kfa,16,7,15,loop,,0,0,0,0,0,0,2144,3249,
2125,Croc attackh,Croc_attackh.kfa,20,15,15,clamp,,0,0,0,0,0,0,2140,3364,
2126,Croc Cidle,croc_Cidle.kfa,16,15,15,loop,,0,0,0,0,0,0,2141,3249,
2127,Croc death,croc_death.kfa,14,15,15,clamp,,0,0,0,0,0,0,2142,3249,
2128,Croc flinch,croc_flinch.kfa,14,15,15,clamp,,0,0,0,0,0,0,2143,3249,
2129,Croc run,croc_run.kfa,14,15,15,loop,,0,0,0,0,0,0,2145,3248,
2130,Croc swim,croc_swim.kfa,35,15,15,loop,,0,0,0,0,0,0,,,
2131,Croc walk,croc_walk.kfa,20,15,15,loop,,0,0,0,0,0,0,2146,3247,
2132,Ballista High attack,Ballista_High_attack.kfa,90,15,15,clamp,,2,0,0,0,0,0,,,
2133,Ballista Low attack,Ballista_Low_attack.kfa,30,15,15,clamp,,2,0,0,0,0,0,,,
2134,Catapult G attack,Catapult_G_attack.kfa,120,15,15,clamp,,2,0,0,0,0,0,,,
2135,Catapult W attack,Catapult_W_attack.kfa,120,15,15,clamp,,2,0,0,0,0,0,,,
2136,Ram High attack,Ram_High_attack.kfa,80,15,15,clamp,,2,0,0,0,0,0,,,
2137,Ram Low attack,Ram_Low_attack.kfa,80,15,15,clamp,,2,0,0,0,0,0,,,
2138,Ram Mid attack,Ram_Mid_attack.kfa,80,15,15,clamp,,2,0,0,0,0,0,,,
2139,Trebuchet attack,trebuchet_attack.kfa,80,15,15,clamp,,2,0,0,0,0,0,,,
2140,crocUW attack,crocUW_attack.kfa,35,15,15,clamp,,1,0,0,0,0,0,,,
2141,crocUW cidle,crocUW_cidle.kfa,35,15,15,loop,,1,0,0,0,0,0,,,
2142,crocUW death,crocUW_death.kfa,50,15,15,clamp,,1,0,0,0,0,0,,,
2143,crocUW flinch,crocUW_flinch.kfa,35,15,15,clamp,,1,0,0,0,0,0,,,
2144,crocUW idle,crocUW_idle.kfa,35,15,15,loop,,1,0,0,0,0,0,,,
2145,crocUW run,crocUW_run.kfa,17,15,15,loop,,1,0,0,0,0,0,,,
2146,crocUW walk,crocUW_walk.kfa,35,15,15,loop,,1,0,0,0,0,0,,,
2147,sobekiteU AttH,sobekiteU_AttH.kfa,15,15,15,clamp,,2,0,0,0,0,0,,,
2148,sobekiteU AttL,sobekiteU_AttL.kfa,14,15,15,clamp,,2,0,0,0,0,0,,,
2149,sobekiteU cidle,sobekiteU_cidle.kfa,30,15,15,loop,,2,0,0,0,0,0,,,
2150,sobekiteU death,sobekiteU_death.kfa,45,15,15,clamp,,2,0,0,0,0,0,,,
2151,sobekiteU Flinch,sobekiteU_Flinch.kfa,17,15,15,clamp,,2,0,0,0,0,0,,,
2152,sobekiteU idle,sobekiteU_idle.kfa,36,15,15,loop,,2,0,0,0,0,0,,,
2153,sobekiteU run,sobekiteU_run.kfa,36,15,15,loop,,2,0,0,0,0,0,,,
2154,sobekiteU walk,sobekiteU_walk.kfa,27,15,15,loop,,2,0,0,0,0,0,,,
2155,centaurW EMBeckon,centaurW_EMBeckon.kfa,18,15,15,clamp,,2,0,0,0,0,0,,,
2156,centaur EMbeckon,centaur_EMbeckon.kfa,16,15,15,clamp,,2,0,0,0,0,0,,,
2157,Minotaur EMvictory,Minotaur_EMvictory.kfa,23,15,15,clamp,,2,0,0,0,0,0,,,
2158,Minotaur EMtaunt,Minotaur_EMtaunt.kfa,20,15,15,clamp,,2,0,0,0,0,0,,,
2159,Minotaur EMpoint,Minotaur_EMpoint.kfa,36,15,15,clamp,,2,0,0,0,0,0,,,
2160,Minotaur EMbeckon,Minotaur_EMbeckon.kfa,36,15,15,clamp,,2,0,0,0,0,0,,,
2161,Medusa embeckon,Medusa_embeckon.kfa,30,15,15,clamp,,2,0,0,0,0,0,,,
2162,Gorgon embeckon,Gorgon_embeckon.kfa,30,15,15,clamp,,2,0,0,0,0,0,,,
2163,Djinn Embeckon,Djinn_Embeckon.kfa,18,15,15,clamp,,2,0,0,0,0,0,,,
2164,Cyclops EMtaunt,Cyclops_EMtaunt.kfa,20,15,15,clamp,,2,0,0,0,0,0,,,
2165,iaculi idle,iaculi_idle.kfa,98,7,15,loop,,2,0,0,0,0,0,,,
2166,iaculi idle,iaculi_idle.kfa,98,20,15,loop,,2,0,0,0,0,0,,,
2167,iaculi idle,iaculi_idle.kfa,98,10,15,loop,,2,0,0,0,0,0,,,
2168,SphinxGyno dormant,SphinxGyno_dormant.kfa,1,15,15,loop,,2,0,0,0,0,0,,,
2169,Sphinx dormant,Sphinx_dormant.kfa,1,15,15,loop,,2,0,0,0,0,0,,,
2170,Mau sit,Mau_sit.kfa,30,15,15,loop,,2,0,0,0,0,0,,,
2171,KBack,KBack.kfa,24,15,15,clamp,,0,0,0,0,0,0,,,
2172,Scorp2 walk,Scorp2_walk.kfa,15,15,15,loop,,2,0,0,0,0,0,,,
2173,Scorp2 run,Scorp2_run.kfa,9,15,15,loop,,2,0,0,0,0,0,,,
2174,Scorp2 idle,Scorp2_idle.kfa,30,15,15,loop,,2,0,0,0,0,0,,,
2175,Scorp2 attack idle,Scorp2_attack_idle.kfa,20,15,15,loop,,2,0,0,0,0,0,,,
2176,Scorp2 attack1,Scorp2_attack1.kfa,20,15,15,clamp,,2,0,0,0,0,0,,,
2177,Scorp2 attack2,Scorp2_attack2.kfa,15,15,15,clamp,,2,0,0,0,0,0,,,
2178,Scorp2 flinch,Scorp2_flinch.kfa,8,15,15,clamp,,2,0,0,0,0,0,,,
2179,Scorp2 death,Scorp2_death.kfa,15,15,15,clamp,,2,0,0,0,0,0,,,
2180,mud attack,mud_attack.kfa,14,15,15,clamp,,1,0,0,0,0,0,,,
2181,mud cidle,mud_cidle.kfa,30,15,15,loop,,1,0,0,0,0,0,,,
2182,mud death,mud_death.kfa,34,15,15,clamp,,1,0,0,0,0,0,,,
2183,mud flinch,mud_flinch.kfa,12,15,15,clamp,,1,0,0,0,0,0,,,
2184,mud swim,mud_swim.kfa,28,15,15,loop,,1,0,0,0,0,0,,,
2185,Cabalist attack,Cabalist_attack.kfa,14,15,15,clamp,,2,0,0,0,0,0,,,
2186,Cabalist cidle,Cabalist_cidle.kfa,30,15,15,loop,,2,0,0,0,0,0,,,
2187,Cabalist death,Cabalist_death.kfa,34,15,15,clamp,,2,0,0,0,0,0,,,
2188,Cabalist flinch,Cabalist_flinch.kfa,12,15,15,loop,,2,0,0,0,0,0,,,
2189,Cabalist swim,Cabalist_swim.kfa,28,15,15,loop,,2,0,0,0,0,0,,,
2190,Draco Spellcast,Draco_Spellcast.kfa,54,15,15,clamp,,2,0,0,0,0,0,,,
2191,Draco attack,Draco_attack.kfa,54,15,15,clamp,,2,0,0,0,0,0,,,
2192,Draco cidle,Draco_cidle.kfa,50,15,15,loop,,2,0,0,0,0,0,,,
2193,draco death,draco_death.kfa,36,15,15,clamp,,2,0,0,0,0,0,,,
2194,Draco flinch,Draco_flinch.kfa,58,15,15,clamp,,2,0,0,0,0,0,,,
2195,Draco idle,Draco_idle.kfa,50,15,15,loop,,2,0,0,0,0,0,,,
2196,Underwater Sit,SWIM_S_HM_A.kfa,36,15,15,clamp,,1,0,0,0,0,0,,,
2197,Underwater Sit Idle,SWIM_S_HM_B.kfa,70,15,15,loop,,1,0,0,0,0,0,,,
2198,mushroom2_attack,mushroom2_attack.kfa,25,15,15,clamp,,2,0,0,0,0,0,,,
2199,mushroom2_Cidle,mushroom2_Cidle.kfa,50,15,15,loop,,2,0,0,0,0,0,,,
2200,mushroom2_death,mushroom2_death.kfa,50,15,15,clamp,,2,0,0,0,0,0,,,
2201,mushroom2_flinch,mushroom2_flinch.kfa,30,15,15,clamp,,2,0,0,0,0,0,,,
2202,mushroom2_idle ,mushroom2_idle.kfa ,50,15,15,loop,,2,0,0,0,0,0,,,
2203,mushroom2_swim,mushroom2_swim.kfa,50,15,15,loop,,2,0,0,0,0,0,,,
2204,Fellwood attack,Fellwood_attack.kfa,40,15,15,clamp,,2,0,0,0,0,0,,,
2205,Fellwood cidle,Fellwood_cidle.kfa,40,15,15,loop,,2,0,0,0,0,0,,,
2206,Fellwood death,Fellwood_death.kfa,68,15,15,clamp,,2,0,0,0,0,0,,,
2207,Fellwood flinch,Fellwood_flinch.kfa,20,15,15,loop,,2,0,0,0,0,0,,,
2208,Fellwood idle,Fellwood_idle.kfa,40,15,15,loop,,2,0,0,0,0,0,,,
2209,Fellwood swim,Fellwood_swim.kfa,36,15,15,loop,,2,0,0,0,0,0,,,
2210,Talos Attack Style,Talos_attackstyle.kfa,45,15,15,clamp,2000,2,0,0,0,0,0,,,
2211,SWIM_EM_CHEER,SWIM_EM_CHEER.kfa,20,15,15,clamp,,1,0,0,0,0,0,,,
2212,SWIM_EM_clap,SWIM_EM_clap.kfa,17,15,15,clamp,,1,0,0,0,0,0,,,
2213,SWIM_EM_DBflex,SWIM_EM_DBflex.kfa,35,15,15,clamp,,1,0,0,0,0,0,,,
2214,SWIM_EM_flex,SWIM_EM_flex.kfa,18,15,15,clamp,,1,0,0,0,0,0,,,
2215,SWIM_EM_kiss,SWIM_EM_kiss.kfa,30,15,15,clamp,,1,0,0,0,0,0,,,
2216,SWIM_EM_Letsgo,SWIM_EM_Letsgo.kfa,17,15,15,clamp,,1,0,0,0,0,0,,,
2217,SWIM_EM_point,SWIM_EM_point.kfa,16,15,15,clamp,,1,0,0,0,0,0,,,
2218,SWIM_EM_wave,SWIM_EM_wave.kfa,19,15,15,clamp,,1,0,0,0,0,0,,,
2219,Draco style1,Draco_style1.kfa,54,15,15,clamp,,2,0,0,0,0,0,,,
2220,SWIM EM no,SWIM_EM_no.kfa,20,15,15,clamp,,1,0,0,0,0,0,,,
2221,Not Used,Wolf_swim.kfa,8,7,15,loop,,0,0,0,0,0,0,,,
2222,Centaur Swim,Centaur_swim.kfa,14,10,15,loop,,2,0,0,0,0,0,2222, ,
2223,lion swim,lion_swim.kfa,10,10,15,loop,,1,0,0,0,0,0,,,
2224,Sphinx swim,Sphinx_swim.kfa,10,15,15,loop,,1,0,0,0,0,0,,,
2225,SphinxGyno swim,SphinxGyno_swim.kfa,10,15,15,loop,,1,0,0,0,0,0,,,
2226,Centaur Swim Attack,Centaur_swimAttack.kfa,14,15,15,clamp,,2,0,0,0,0,0,,,
2227,MA EssenceDampen,MA_ED.kfa,38,15,15,clamp,,0,0,0,0,0,0,2235,3249,
2228,MA EssenceFlames,MA_EF.kfa,40,15,15,clamp,,0,0,0,0,0,0,2236,3249,
2229,MA EssenceSear,MA_ES.kfa,38,15,15,clamp,,0,0,0,0,0,0,2237,3249,
2230,MA EssenceShatter,MA_ESh.kfa,71,15,15,clamp,,0,0,0,0,0,0,2238,3249,
2231,MA Faultfinder,MA_Ff.kfa,55,15,15,clamp,,0,0,0,0,0,0,2239,3249,
2232,MA Powerleak,MA_Pl.kfa,31,15,15,clamp,,0,0,0,0,0,0,2240,3249,
2233,MA Sappingstrike,MA_Ss.kfa,31,15,15,clamp,,0,0,0,0,0,0,2241,3249,
2234,MA ThrowWeapon,MA_TW.kfa,23,15,15,clamp,,0,0,0,0,0,0,2242,3249,
2235,MA Swim EssenceDampen,Swim_MA_ED.kfa,38,15,15,clamp,,1,0,0,0,0,0,,,
2236,MA Swim EssenceFlames,Swim_MA_EF.kfa,40,15,15,clamp,,1,0,0,0,0,0,,,
2237,MA Swim EssenceSear,Swim_MA_ES.kfa,38,15,15,clamp,,1,0,0,0,0,0,,,
2238,MA Swim EssenceShatter,Swim_MA_ESh.kfa,71,15,15,clamp,,1,0,0,0,0,0,,,
2239,MA Swim Faultfinder,Swim_MA_Ff.kfa,55,15,15,clamp,,1,0,0,0,0,0,,,
2240,MA Swim Powerleak,Swim_MA_Pl.kfa,31,15,15,clamp,,1,0,0,0,0,0,,,
2241,MA Swim Sappingstrike,Swim_MA_Ss.kfa,31,15,15,clamp,,1,0,0,0,0,0,,,
2242,MA Swim ThrowWeapon,Swim_MA_TW.kfa,23,15,15,clamp,,1,0,0,0,0,0,,,
2243,ettin_idle,cata_ettin_idle.kfa,46,30,30,loop,,4,0,0,0,0,0,,,
2244,ettin_run,cata_ettin_run.kfa,20,30,30,loop,,4,0,0,0,0,0,,,
2245,ettin_walk,cata_ettin_walk.kfa,45,30,30,loop,,4,0,0,0,0,0,,,
2246,ettin_death,cata_ettin_death.kfa,38,30,30,clamp,,4,0,0,0,0,0,,,
2247,ettin_swim,ettin_swim.kfa,40,30,30,loop,,4,0,0,0,0,0,,,
2248,ettin_ahigh,cata_ettin_ahigh.kfa,50,30,30,clamp,,4,0,0,0,0,0,,,
2249,ettin_amed,cata_ettin_amed.kfa,40,30,30,clamp,,4,0,0,0,0,0,,,
2250,ettin_cidle,cata_ettin_cidle.kfa,30,30,30,loop,,4,0,0,0,0,0,,,
2251,ettin_hits,cata_ettin_hits.kfa,16,30,30,clamp,,4,0,0,0,0,0,,,
2252,ettin_Spellcast_A,cata_ettin_Spellcast_A.kfa,27,30,30,clamp,,4,0,0,0,0,0,,,
2253,ettin_Spellcast_B,cata_ettin_Spellcast_B.kfa,11,30,30,loop,,4,0,0,0,0,0,,,
2254,ettin_Spellcast_C,cata_ettin_Spellcast_C.kfa,73,30,30,clamp,,4,0,0,0,0,0,,,
2266,spider_cidle,cata_spider_cidle.kfa,30,30,30,loop,,4,0,0,0,0,0,,,
2267,spider_death,cata_spider_death.kfa,30,30,30,clamp,,4,0,0,0,0,0,,,
2268,spider_flinch,cata_spider_flinch.kfa,15,30,30,clamp,,4,0,0,0,0,0,,,
2269,spider_idle,cata_spider_idle.kfa,30,30,30,loop,,4,0,0,0,0,0,,,
2270,spider_run,cata_spider_run.kfa,20,30,30,loop,,4,0,0,0,0,0,,,
2271,spider_walk,cata_spider_walk.kfa,30,30,30,loop,,4,0,0,0,0,0,,,
2272,spider_attack1,cata_spider_attack.kfa,30,30,30,clamp,,4,0,0,0,0,0,,,
2273,snake_cidle,cata_snake_cidle.kfa,50,30,30,loop,,4,0,0,0,0,0,,,
2274,snake_death,cata_SNAKE_D.kfa,70,30,30,clamp,,4,0,0,0,0,0,,,
2275,snake_flinch,cata_snake_flinch.kfa,30,30,30,clamp,,4,0,0,0,0,0,,,
2276,snake_idle,cata_SNAKE_I.kfa,80,30,30,loop,,4,0,0,0,0,0,,,
2277,snake_idle2,cata_snake_idle2.kfa,90,30,30,loop,,4,0,0,0,0,0,,,
2278,snake_idle3,cata_snake_idle3.kfa,100,30,30,loop,,4,0,0,0,0,0,,,
2279,snake_run,cata_snake_run.kfa,45,30,30,loop,,4,0,0,0,0,0,,,
2280,snake_swim,cata_snake_swim.kfa,45,30,30,loop,,4,0,0,0,0,0,,,
2281,snake_walk,cata_SNAKE_M.kfa,60,30,30,loop,,4,0,0,0,0,0,,,
2282,snake_attack1,cata_SNAKE_A.kfa,50,30,30,clamp,,4,0,0,0,0,0,,,
2283,lynx_cidle,lynx_cidle.kfa,35,30,30,loop,,4,0,0,0,0,0,3624,3249,
2284,lynx_death,lynx_death.kfa,45,30,30,clamp,,4,0,0,0,0,0, ,3249,
2285,lynx_flinch,lynx_flinch.kfa,20,30,30,clamp,,4,0,0,0,0,0, ,3249,
2286,lynx_idle,lynx_idle.kfa,45,30,30,loop,,4,0,0,0,0,0,3624,3249,
2287,lynx_idle2,lynx_idle2.kfa,70,30,30,loop,,4,0,0,0,0,0,3624,3249,
2288,lynx_idle3,lynx_idle3.kfa,50,30,30,loop,,4,0,0,0,0,0,3624,3249,
2289,lynx_run,lynx_run.kfa,15,30,30,loop,,4,0,0,0,0,0,3624,3248,
2290,Not Used,lynx_swim.kfa,15,30,30,loop,,4,0,0,0,0,0, ,3249,
2291,lynx_walk,lynx_walk.kfa,25,30,30,loop,,4,0,0,0,0,0,3624,3247,
2292,lynx_attack1,lynx_attack1.kfa,30,30,30,clamp,,4,0,0,0,0,0,,,
2293,lynx_attack2,lynx_attack2.kfa,20,30,30,clamp,,4,0,0,0,0,0,,,
2294,ogre_idle,ogre_idle.kfa,46,30,30,loop,,4,0,0,0,0,0,,,
2295,ogre_run,ogre_run.kfa,20,30,30,loop,,4,0,0,0,0,0,,,
2296,ogre_walk,ogre_walk.kfa,45,30,30,loop,,4,0,0,0,0,0,,,
2297,bear_cidle,Cata_bear_cidle.kfa,30,30,30,loop,,4,0,0,0,0,0,3623,,
2298,bear_death,Cata_bear_death.kfa,60,30,30,clamp,,4,0,0,0,0,0,,,
2299,bear_flinch,Cata_bear_flinch.kfa,15,30,30,clamp,,4,0,0,0,0,0, ,,
2300,bear_idle,Cata_bear_idle.kfa,30,10,15,loop,,4,0,0,0,0,0,3623,,
2301,bear_run,Cata_bear_run.kfa,30,30,30,loop,,4,0,0,0,0,0,3623,,
2302,bear_walk,Cata_bear_walk.kfa,60,30,30,loop,,4,0,0,0,0,0,3623,,
2303,bear_attack,Cata_bear_attack.kfa,30,30,30,clamp,,4,0,0,0,0,0,,,
2305,ant_cidle,cata_ant_cidle.kfa,30,30,30,loop,,4,0,0,0,0,0,,,
2306, ant_death,ant_die.kfa,90,30,30,clamp,,4,0,0,0,0,0,,,
2307, ant_flinch,cata_ant_flinch.kfa,20,30,30,clamp,,4,0,0,0,0,0,,,
2308, ant_idle,cata_ant_idle.kfa,60,15,30,loop,,4,0,0,0,0,0,,,
2309, ant_run,cata_ant_run.kfa,30,30,30,loop,,4,0,0,0,0,0,,,
2310, ant_walk,cata_ant_walk.kfa,30,30,30,loop,,4,0,0,0,0,0,,,
2311, ant_attack1,cata_ant_attack1.kfa,30,30,30,clamp,,4,0,0,0,0,0,,,
2312,ant Idle 2,cata_ant_idle2.kfa,30,30,30,loop,,4,0,0,0,0,0,,,
2313,Wolf ATLO,Wolf_ATLO.kfa,15,25,30,clamp,,4,0,0,0,0,0,,,
2314,Wolf cidle,Wolf_cidle.kfa,25,25,30,loop,,4,0,0,0,0,0,3622,3249,
2315,Wolf death,Wolf_death.kfa,22,15,30,clamp,,4,0,0,0,0,0,,,
2316,Wolf flinch,Wolf_flinch.kfa,13,15,30,clamp,,4,0,0,0,0,0, ,3249,
2317,Wolf idle,Wolf_idle.kfa,35,15,30,loop,,4,0,0,0,0,0,3622,3249,
2318,Wolf run,Wolf_run.kfa,7,15,30,loop,,4,0,0,0,0,0,3622,3248,
2319,Wolf walk,Wolf_walk.kfa,17,15,30,loop,,4,0,0,0,0,0,3622,3247,
2320,New Female Briton Idle,I_BritF.kfa,120,15,30,loop,,4,0,0,0,0,0,,,
2322,Sprite_Lattack,Cata_Sprite_Lattack.kfa,40,30,30,clamp,,4,0,0,0,0,0,,,
2323,Sprite_BowA,Cata_Sprite_BowA.kfa,94,30,30,clamp,,4,0,0,0,0,0,,,
2324,Sprite_BowB,Cata_Sprite_BowB.kfa,14,30,30,loop,,4,0,0,0,0,0,,,
2325,Sprite_BowC,Cata_Sprite_BowC.kfa,40,30,30,clamp,,4,0,0,0,0,0,,,
2326,Sprite_Cidle,Cata_Sprite_Cidle.kfa,30,30,30,loop,,4,0,0,1,0,0,,,
2327,Sprite_Death,Cata_Sprite_Death.kfa,30,30,30,clamp,,4,0,0,0,0,0,,,
2328,Sprite_Flinch,Cata_Sprite_Flinch.kfa,25,30,30,clamp,,4,0,0,0,0,0,,,
2329,Sprite_Hattack,Cata_Sprite_Hattack.kfa,35,30,30,clamp,,4,0,0,0,0,0,,,
2330,Sprite_Idle1,Cata_Sprite_Idle1.kfa,45,18,30,loop,,4,0,0,0,0,0,,,
2331,Sprite_Idle2,Cata_Sprite_Idle2.kfa,100,30,30,loop,,4,0,0,0,0,0,,,
2332,Sprite_Run,Cata_Sprite_Run.kfa,26,30,30,loop,,4,0,0,0,0,0,,,
2333,Sprite_Swim,Cata_Sprite_Swim.kfa,55,30,30,loop,,4,0,0,0,0,0,,,
2334,Sprite_walk,Cata_Sprite_walk.kfa,45,30,30,loop,,4,0,0,0,0,0,,,
2335,Not Used,Bear_swim.kfa,10,15,30,loop,,4,0,0,0,0,0,,,
2336,Tree_Attack1,cata_Tree_Attack1.kfa,50,30,30,clamp,,4,0,0,0,0,0,,,
2337,Tree_Attack2,cata_Tree_Attack2.kfa,50,30,30,clamp,,4,0,0,0,0,0,,,
2338,Tree_Cidle,cata_Tree_Cidle.kfa,40,30,30,loop,,4,0,0,0,0,0,,,
2339,Tree_Death,cata_Tree_Death.kfa,60,30,30,clamp,,4,0,0,0,0,0,,,
2340,Tree_Flinch,cata_Tree_Flinch.kfa,20,30,30,clamp,,4,0,0,0,0,0,,,
2341,Tree_Idle,cata_Tree_Idle.kfa,60,7,30,loop,,4,0,0,0,0,0,,,
2342,Tree_Walk,cata_Tree_Walk.kfa,34,30,30,loop,,4,0,0,0,0,0,,,
2343,scrag spellcast A,scrag_spellcast_A.kfa,10,30,30,clamp,,4,0,0,0,0,0,,,
2344,scrag spellcast B,scrag_spellcast_B.kfa,20,30,30,loop,,4,0,0,0,0,0,,,
2345,scrag spellcast C,scrag_spellcast_C.kfa,29,30,30,clamp,,4,0,0,0,0,0,,,
2346,scrag cidle,scrag_cidle.kfa,40,30,30,loop,,4,0,0,0,0,0,,,
2347,scrag death,scrag_death.kfa,25,30,30,clamp,,4,0,0,0,0,0,,,
2348,scrag flinch,scrag_flinch.kfa,20,30,30,clamp,,4,0,0,0,0,0,,,
2349,scrag attack hi,scrag_attack_hi.kfa,40,30,30,clamp,,4,0,0,0,0,0,,,
2350,scrag attack lo,scrag_attack_lo.kfa,35,30,30,clamp,,4,0,0,0,0,0,,,
2351,scrag idle,scrag_idle.kfa,60,30,30,loop,,4,0,0,0,0,0,,,
2352,scrag run,scrag_run.kfa,25,30,30,loop,,4,0,0,0,0,0,,,
2353,scrag swim,scrag_swim.kfa,40,30,30,loop,,4,0,0,0,0,0,,,
2354,scrag walk,scrag_walk.kfa,46,30,30,loop,,4,0,0,0,0,0,,,
2355,giant idle,giant_idle.kfa,70,30,30,loop,,4,0,0,0,0,0,2366,3249,
2356,giant idle2,giant_idle2.kfa,100,30,30,loop,,4,0,0,0,0,0,2366,3249,
2357,giant idle3 ,giant_idle3.kfa ,80,30,30,loop,,4,0,0,0,0,0,2366,3249,
2358,giant cidle,giant_cidle.kfa,50,30,30,loop,,4,0,0,0,0,0,2366,3249,
2359,giant attack1,giant_attack1.kfa,35,30,30,clamp,,4,0,0,0,0,0,,,
2360,giant attack2,giant_attack2.kfa,50,30,30,clamp,,4,0,0,0,0,0,,,
2361,giant run,giant_run.kfa,35,30,30,loop,,4,0,0,0,0,0,2366,3248,
2362,giant walk,giant_walk.kfa,45,30,30,loop,,4,0,0,0,0,0,2366,3247,
2363,giant bow1,giant_bow1.kfa,74,30,30,clamp,,4,0,0,0,0,0,2366,3363,
2364,giant bow2,giant_bow2.kfa,15,30,30,loop,,4,0,0,0,0,0,2366,3362,
2365,giant bow3,giant_bow3.kfa,26,30,30,clamp,,4,0,0,0,0,0,2366,3361,
2366,giant swim,giant_swim.kfa,40,30,30,loop,,4,0,0,0,0,0,2366,3249,
2367,giant flinch1,giant_flinch1.kfa,20,30,30,clamp,,4,0,0,0,0,0,2366,3249,
2368,giant flinch2,giant_flinch2.kfa,20,30,30,clamp,,4,0,0,0,0,0,2366,3249,
2369,giant die,giant_die.kfa,100,30,30,clamp,,4,0,0,0,0,0,,,
2370,brownie_spellcast_A,brownie_spellcast_A.kfa,14,30,30,clamp,,4,0,0,0,0,0,,,
2371,brownie_spellcast_B,brownie_spellcast_B.kfa,17,30,30,loop,,4,0,0,0,0,0,,,
2372,brownie_spellcast_C,brownie_spellcast_C.kfa,39,30,30,clamp,,4,0,0,0,0,0,,,
2373,brownie_cidle,brownie_cidle.kfa,32,30,30,loop,,4,0,0,0,0,0,,,
2374,brownie_death,brownie_death.kfa,43,30,30,clamp,,4,0,0,0,0,0,,,
2375,brownie_flinch,brownie_flinch.kfa,25,30,30,clamp,,4,0,0,0,0,0,,,
2376,brownie_attack_hi,brownie_attack_hi.kfa,47,30,30,clamp,,4,0,0,0,0,0,,,
2377,brownie_attack_low,brownie_attack_low.kfa,40,30,30,clamp,,4,0,0,0,0,0,,,
2378,brownie_idle,brownie_idle.kfa,50,30,30,loop,,4,0,0,0,0,0,,,
2379,brownie_idle2,brownie_idle2.kfa,90,30,30,loop,,4,0,0,0,0,0,,,
2380,brownie_run,brownie_run.kfa,26,30,30,loop,,4,0,0,0,0,0,,,
2381,brownie_swim,brownie_swim.kfa,56,30,30,loop,,4,0,0,0,0,0,,,
2382,brownie_walk,brownie_walk.kfa,46,30,30,loop,,4,0,0,0,0,0,,,
2383,New Skeleton Walk,skel_WALK.kfa,18,15,30,loop,,4,0,0,0,0,0,,,
2384,New Roman Dead Walk,rD_walk.kfa,27,15,30,loop,,4,0,0,0,0,0,,,
2385,2headed Wolf Attacklo,2headed_Wolf_Attacklo.kfa,28,30,30,clamp,,4,0,0,0,0,0,,,
2386,2headed Wolf Cidle,2headed_Wolf_Cidle.kfa,40,30,30,loop,,4,0,0,0,0,0,,,
2387,2headed Wolf Death,2headed_Wolf_Death.kfa,42,30,30,clamp,,4,0,0,0,0,0,,,
2388,2headed Wolf Flinch,2headed_Wolf_Flinch.kfa,24,30,30,clamp,,4,0,0,0,0,0,,,
2389,2headed Wolf idle,2headed_Wolf_idle.kfa,80,30,30,loop,,4,0,0,0,0,0,,,
2390,2headed Wolf run,2headed_Wolf_run.kfa,42,30,30,loop,,4,0,0,0,0,0,,,
2391,2headed Wolf Swim,2headed_Wolf_Swim.kfa,20,30,30,loop,,4,0,0,0,0,0,,,
2392,2headed Wolf Walk,2headed_Wolf_Walk.kfa,40,30,30,loop,,4,0,0,0,0,0,,,
2393,Cata - Valkyn Male Idle,I_ValM.kfa,120,15,30,loop,,4,0,0,0,0,0,,,
2394,Ballista idle,seige_ball_mount_F_idle.kfa,1,30,30,loop,,1,0,0,1,0,0,,,
2395,Ballista load,seige_ball_mount_F_load.kfa,240,30,30,clamp,,1,0,0,1,0,0,,,
2396,Ballista attack,seige_ball_mount_F_Fire.kfa,30,30,30,clamp,,1,0,0,1,0,0,,,
2397,Catapult Load,seige_cat_mount_load.kfa,300,30,30,clamp,,1,0,0,1,0,0,,,
2398,Catapult Fire,seige_cat_mount_Fire.kfa,30,30,30,clamp,,1,0,0,1,0,0,,,
2399,Catapult Idle,seige_cat_mount_idle.kfa,1,30,30,loop,,1,0,0,1,0,0,,,
2400,Ballista Fire,seige_ball_ranged_F_Fire.kfa,30,30,30,clamp,,1,0,0,1,0,0,,,
2401,Ballista Idle,seige_ball_ranged_F_idle.kfa,1,30,30,loop,,1,0,0,1,0,0,,,
2402,Ballista Load,seige_ball_ranged_F_load.kfa,360,30,30,clamp,,1,0,0,1,0,0,,,
2403,Ballista Walk,seige_ball_ranged_F_walk.kfa,120,30,30,loop,,1,0,0,1,0,0,,,
2404,Ranged Cata Fire,seige_cat_ranged_Fire.kfa,30,30,30,clamp,,1,0,0,1,0,0,,,
2405,Ranged Cata Idle,seige_cat_ranged_idle.kfa,1,30,30,loop,,1,0,0,1,0,0,,,
2406,Ranged Cata Load,seige_cat_ranged_load.kfa,300,30,30,clamp,,1,0,0,1,0,0,,,
2407,Ranged Cata Walk,seige_cat_ranged_walk.kfa,120,30,30,loop,,1,0,0,1,0,0,,,
2408,Treb Load,seige_TREB_ranged_Load.kfa,450,30,30,clamp,,1,0,0,1,0,0,,,
2409,Treb Walk,seige_TREB_ranged_walk.kfa,120,5,30,loop,,1,0,0,1,0,0,,,
2410,Treb Idle,seige_TREB_ranged_idle.kfa,1,30,30,loop,,1,0,0,1,0,0,,,
2411,Treb Fire,seige_TREB_ranged_Fire.kfa,91,30,30,clamp,,1,0,0,1,0,0,,,
2412,Hound Search,wolf_search.kfa,60,30,30,loop,,0,0,0,1,0,0,,,
2413,Hound Find,wolf_find.kfa,50,30,30,loop,,0,0,0,1,0,0,,,
2414,Siege Ram idle,siege_ram_heavy_idle.kfa,1,30,30,loop,,1,0,0,1,0,0,,,
2415,Siege Ram load,siege_ram_heavy_load.kfa,150,30,30,clamp,,1,0,0,1,0,0,,,
2416,Siege Ram Fire,siege_ram_heavy_fire.kfa,70,30,30,clamp,,1,0,0,1,0,0,,,
2417,Siege Ram Walk,siege_ram_heavy_walk.kfa,90,30,30,loop,,1,0,0,1,0,0,,,
2418,Scorpion Load,siege_scor_load.kfa,300,30,30,clamp,,1,0,0,1,0,0,,,
2419,Scorpion Idle,siege_scor_idle.kfa,1,30,30,loop,,1,0,0,1,0,0,,,
2420,Scorpion Fire,siege_scor_Fire.kfa,40,30,30,clamp,,1,0,0,1,0,0,,,
2421,BritM_attack,BritM_attack.kfa,46,30,30,clamp,,4,0,0,0,0,0,,,
2422,BritM_Flinch,BritM_Flinch.kfa,34,30,30,clamp,,4,0,0,0,0,0,,,
2423,BritM_cidle,BritM_cidle.kfa,60,30,30,loop,,4,0,0,0,0,0,,,
2424,BritM_spell,BritM_spell.kfa,80,30,30,clamp,,4,0,0,0,0,0,,,
2425,BritM_walk,BritM_walk.kfa,36,30,30,loop,,4,0,0,0,0,0,,,
2426,I_BritM,I_BritM.kfa,120,30,30,loop,,4,0,0,0,0,0,,,
2427,Boiling Oil Idle,siege_boiling_idle.kfa,1,30,30,loop,,1,0,0,0,0,0,,,
2428,Boiling Oil Attack,siege_boiling_attack.kfa,130,30,30,clamp,,1,0,0,0,0,0,,,
2429,BritM_idle,BritM_idle.kfa,120,30,30,loop,,4,0,0,0,0,0,,,
2430,BritM_JumpA,BritM_JumpA.kfa,24,30,30,clamp,,4,0,0,0,0,0,,,
2431,BritM_JumpB,BritM_JumpB.kfa,44,30,30,clamp,,4,0,0,0,0,0,,,
2432,BritM_Run,BritM_Run.kfa,30,30,30,loop,,4,0,0,0,0,0,,,
2433,BritM_spell,BritM_spell.kfa,80,30,30,clamp,,4,0,0,0,0,0,,,
2434,BritM_walk,BritM_walk.kfa,36,30,30,loop,,4,0,0,0,0,0,,,
2435,BritM_EMCheer,BritM_EMCheer.kfa,60,30,30,clamp,,4,0,0,0,0,0,,,
2436,BritM_EMWave,BritM_EMWave.kfa,46,30,30,clamp,,4,0,0,0,0,0,,,
2437,BritM_EMClap,BritM_EMClap.kfa,43,30,30,clamp,,4,0,0,0,0,0,,,
2438,BritM_Gride,BritM_Gride.kfa,32,30,30,loop,,4,0,0,0,0,0,,,
2439,Brit Sit,BritM_sitA.kfa,24,30,30,clamp,,4,0,0,0,0,0,,,
2440,Brit Sit Idle,BritM_sitB.kfa,120,30,30,loop,,4,0,0,0,0,0,,,
2441,Lurikeen Walk,LuriM_Walk.kfa,44,30,30,loop,,4,0,0,0,0,0,,,
2442,Lurikeen Run,LuriM_Run.kfa,24,30,30,loop,,4,0,0,0,0,0,,,
2443,Valkyn Male Idle,I_ValM.kfa,120,30,30,loop,,4,0,0,0,0,0,,,
2444,Valkyn Male Walk,ValM_walk.kfa,46,30,30,loop,,4,0,0,0,0,0,,,
2445,Valkyn Male Run,ValM_Run.kfa,22,30,30,loop,,4,0,0,0,0,0,,,
2446,Valkyn Male Sit,ValM_sitA.kfa,45,30,30,clamp,,4,0,0,0,0,0,,,
2447,Valkyn Male Sit Idle,ValM_sitB.kfa,90,30,30,loop,,4,0,0,0,0,0,,,
2448,Brit Female Idle,I_BritF.kfa,120,30,30,loop,,4,0,0,0,0,0,,,
2449,Brit Female Walk,BritF_walk.kfa,30,30,30,loop,,4,0,0,0,0,0,,,
2450,Brit Female Run,BritF_run.kfa,24,30,30,loop,,4,0,0,0,0,0,,,
2451,Brit Female Sit,BritF_sitA.kfa,40,30,30,clamp,,4,0,0,0,0,0,,,
2452,Brit Female Sit Idle,BritF_sitB.kfa,90,30,30,loop,,4,0,0,0,0,0,,,
2453,Brit Male Death,BritM_Death.kfa,70,30,30,clamp,,4,0,0,0,0,0,,,
2454,Elf Male Idle,I_ELFM.kfa,120,30,30,loop,,4,0,0,0,0,0,,,
2455,Strafe Left,Catst_HM_L.kfa,30,30,30,loop,,4,0,0,0,0,0,,,
2456,Strafe Right,Catst_HM_R.kfa,30,30,30,loop,,4,0,0,0,0,0,,,
2457,Brit Cast A,BritM_spellA.kfa,40,30,30,clamp,,4,0,0,0,0,0,,3356,
2458,Brit Cast B,BritM_spellB.kfa,20,30,30,loop,,4,0,0,0,0,0,,3355,
2459,Brit Cast C,BritM_spellC.kfa,46,30,30,clamp,,4,0,0,0,0,0,,3354,
2460,Valkyn Male Combat Idle,ValM_Cidle.kfa,30,30,30,loop,,4,0,0,0,,,,,
2461,Valkyn Male Attack 1,ValM_attack1.kfa,42,30,30,clamp,,4,0,0,0,,,,,
2462,Valkyn Male Attack 2,ValM_attack2.kfa,52,30,30,clamp,,4,0,0,0,,,,,
2463,Valkyn Male Spell,ValM_Spell.kfa,80,30,30,clamp,,4,0,0,0,,,,,
2464,Valkyn Male Death,ValM_Death.kfa,70,30,30,clamp,,4,0,0,0,,,,,
2465,Valkyn Male Flinch,ValM_Flinch.kfa,33,30,30,clamp,,4,0,0,0,,,,,
2466,E3 Brit Idle,BritM_idle01.kfa,120,30,30,loop,,4,0,0,0,,,,,
2467,Valkyn Wave,ValM_EmWave.kfa,46,30,30,clamp,,4,0,0,0,,,,,
2468,Valkyn Clap,ValM_EmClap.kfa,43,30,30,clamp,,4,0,0,0,,,,,
2469,Valkyn Cheer,ValM_EmCheer.kfa,60,30,30,clamp,,4,0,0,0,,,,,
2470,Alt Valkyn Male Idle,I_ValM01.kfa,120,30,30,loop,,4,0,0,0,,,,,
2482,Large Boat Idle,Boat_large_F_idle.kfa,240,30,30,loop,,1,0,0,0,,,,,
2483,Large Boat Run,Boat_large_F_walk.kfa,360,30,30,loop,,1,0,0,0,,,,,
2484,Medium Boat Idle,Boat_med_F_idle.kfa,200,30,30,loop,,1,0,0,0,,,,,
2485,Medium Boat Run,Boat_med_F_walk.kfa,200,30,30,loop,,1,0,0,0,,,,,
2486,Small Boat Idle,Boat_small_F_idle.kfa,200,30,30,loop,,1,0,0,0,,,,,
2487,Small Boat Run,Boat_small_F_walk.kfa,200,30,30,loop,,1,0,0,0,,,,,
2488, Ranged Scorpion Idle,siege_scor_ranged_idle.kfa,1,30,30,loop,,1,0,0,1,0,0,,,
2489,Ranged Scorpion Load,siege_scor_ranged_load.kfa,300,30,30,clamp,,1,0,0,1,0,0,,,
2490,Ranged Scorpion Fire,siege_scor_ranged_Fire.kfa,40,30,30,clamp,,1,0,0,1,0,,,,
2491,Mounted Treb Load,seige_TREB_mounted_load.kfa,450,30,30,clamp,,1,0,0,1,0,0,,,
2492,Treb Idle,seige_TREB_mounted_idle.kfa,1,30,30,loop,,1,0,0,1,0,0,,,
2493,Treb Fire,seige_TREB_mounted_fire.kfa,91,30,30,clamp,,1,0,0,1,0,0,,,
2494,Crossbow RA Idle,A_H_RA_A.kfa,30,30,30,loop,,1,0,0,0,0,0,,,
2495,Crossbow RA Draw,A_H_RA_B.kfa,30,30,30,clamp,,1,0,0,0,0,0,,,
2496,Crossbow RA Fire,A_H_RA_C.kfa,30,30,30,clamp,,1,0,0,0,0,0,,,
2497,Sneak Idle,CRI_HM.kfa,15,10,15,loop,,1,0,0,0,0,0,,,
2498,Sneak walk,CR_HM.kfa,18,15,15,loop,,1,0,0,0,0,0,,,
2499,Troll Male Run,Troll_M_run.kfa,28,30,30,loop,,4,0,0,0,0,0,,,
2500,Brit Male Run,Brit_M_run.kfa,28,30,30,loop,,4,0,0,0,0,0,,,
2501,Dwarf Male Run,Dwarf_M_run.kfa,28,30,30,loop,,4,0,0,1,0,0,,,
2502,Mine Cart Motion,Kobold_minecart_F.kfa,30,30,30,loop,,3,0,0,0,0,0,,,
2503,Mine Cart Ride Idle,cat_rider01_minecart.kfa,30,30,30,loop,,3,0,0,0,0,0,,,
2504,Mine Cart Idle,Kobold_minecart_I.kfa,1,30,30,loop,,3,0,0,0,0,0,,,
2505,Terracite Walk,terracite_walk.kfa,30,30,30,loop,,3,0,0,0,0,0,,,
2506,Terracite Run,terracite_run.kfa,24,30,30,loop,,3,0,0,0,0,0,,,
2507,Terracite Bow 1,terracite_bow1.kfa,37,30,30,clamp,,3,0,0,0,0,0,,,
2508,Terracite Bow 2,terracite_bow2.kfa,7,30,30,loop,,3,0,0,0,0,0,,,
2509,Terracite Bow 3,terracite_bow3.kfa,13,30,30,clamp,,3,0,0,0,0,0,,,
2510,Terracite Cast 1,terracite_cast_ready.kfa,30,30,30,clamp,,3,0,0,0,0,0,,,
2511,Terracite Cast 2,terracite_cast_aim.kfa,30,30,30,loop,,3,0,0,0,0,0,,,
2512,Terracite Cast 3,terracite_cast_fire.kfa,30,30,30,clamp,,3,0,0,0,0,0,,,
2513,Terracite Cidle,terracite_cidle.kfa,30,30,30,loop,,3,0,0,0,0,0,,,
2514,Terracite Die,terracite_die.kfa,72,30,30,clamp,,3,0,0,0,0,0,,,
2515,Terracite Flinch,terracite_flinch.kfa,15,30,30,loop,,3,0,0,0,0,0,,,
2516,Terracite Idle 1,terracite_idle.kfa,60,30,30,loop,,3,0,0,0,0,0,,,
2517,Terracite Idle 2,terracite_idle2.kfa,30,30,30,loop,,3,0,0,0,0,0,,,
2518,Terracite Attack,terracite_attack.kfa,60,30,30,clamp,,3,0,0,0,0,0,,,
2519,Gargoyle Cast 1,gargoyle_spell_ready.kfa,30,30,30,clamp,,3,0,0,0,0,0,,,
2520,Gargoyle Cast 2,gargoyle_spell_aim.kfa,30,30,30,loop,,3,0,0,0,0,0,,,
2521,Gargoyle Cast 3,gargoyle_spell_fire.kfa,30,30,30,clamp,,3,0,0,0,0,0,,,
2522,Gargoyle Idle 1,gargoyle_idle.kfa,30,30,30,loop,,3,0,0,0,0,0,,,
2523,Gargoyle Idle 2,gargoyle_idle2.kfa,60,30,30,loop,,3,0,0,0,0,0,,,
2524,Gargoyle Idle 3,gargoyle_idle3.kfa,90,30,30,loop,,3,0,0,0,0,0,,,
2525,Gargoyle Fly Flinch,gargoyle_fly_flinch.kfa,15,30,30,clamp,,3,0,0,0,0,0,,,
2526,Gargoyle Fly Die,gargoyle_fly_die.kfa,90,30,30,clamp,,3,0,0,0,0,0,,,
2527,Gargoyle Fly Cidle,gargoyle_fly_cidle.kfa,30,30,30,loop,,3,0,0,0,0,0,,,
2528,Gargoyle Fly Attack,gargoyle_fly_attack.kfa,30,30,30,clamp,,3,0,0,0,0,0,,,
2529,Gargoyle Fly,gargoyle_fly.kfa,30,30,30,loop,,3,0,0,0,0,0,,,
2530,Gargoyle Die,gargoyle_die.kfa,60,30,30,clamp,,3,0,0,0,0,0,,,
2531,Gargoyle Cidle,gargoyle_cidle.kfa,60,30,30,loop,,3,0,0,0,0,0,,,
2532,Gargoyle Attack,gargoyle_attack.kfa,30,30,30,clamp,,3,0,0,0,0,0,,,
2533,Gargoyle Flinch,gargoyle_flinch.kfa,15,30,30,clamp,,3,0,0,0,0,0,,,
2534,Cata Brit Male Walk,Cat_W_HM.kfa,17,15,15,loop,,4,0,0,0,0,0,2620,3247,
2535,Cata Brit Male Idle,Cat_I_HM.kfa,120,15,15,loop,,4,0,0,0,0,0,2742,3249,
2536,Cata Brit Male Run,Cat_R_HM.kfa,15,15,15,loop,,4,0,0,0,0,0,2620,3248,
2537,1H Crush Style 1,Cat_A_H_1C_CS01_01.kfa,14,15,15,clamp,,4,0,0,0,0,0,2958,3364,
2538,1H Crush Style 2,Cat_A_H_1C_CS01_02.kfa,13,15,15,clamp,,4,0,0,0,0,0,2957,3364,
2539,1H Crush Style 3,Cat_A_H_1C_CS01_03.kfa,24,15,15,clamp,,4,0,0,0,0,0,2956,3364,
2540,1H Crush Style 4,cat_A_H_1C_CS01_04.kfa,23,15,15,clamp,,4,0,0,0,0,0,2955,3364,
2541,1H Crush Style 5,Cat_A_H_1C_CS01_05.kfa,17,15,15,clamp,,4,0,0,0,0,0,2954,3364,
2542,Dual Wield Style 1,Cat_A_H_D2_CS01_01.kfa,21,15,15,clamp,333,4,0,0,0,0,0,3138,3364,
2543,Dual Wield Style 2,Cat_A_H_D2_CS01_02.kfa,18,15,15,clamp,400,4,0,0,0,0,0,,,
2544,Dual Wield Style 3,Cat_A_H_D2_CS01_03.kfa,22,15,15,clamp,400,4,0,0,0,0,0,,,
2545,Dual Wield Style 4,Cat_A_H_D2_CS01_04.kfa,23,15,15,clamp,,4,0,0,0,0,0,,,
2546,Dual Wield Style 5,Cat_A_H_D2_CS01_05.kfa,20,15,15,clamp,,4,0,0,0,0,0,,,
2547,Flex Weapon Style 1,Cat_A_H_1FW_CS01.kfa,30,15,15,clamp,,4,0,0,0,0,0,2953,3364,
2548,Flex Weapon Style 3,Cat_A_H_1FW_CS03.kfa,17,15,15,clamp,,4,0,0,0,0,0,2952,3364,
2549,Flex Weapon Style 4,Cat_A_H_1FW_CS04.kfa,22,15,15,clamp,,4,0,0,0,0,0,2951,3364,
2550,Flex Weapon Style 6,Cat_A_H_1FW_CS06.kfa,16,15,15,clamp,,4,0,0,0,0,0,2950,3364,
2551,Flex Weapon Style 7,Cat_A_H_1FW_CS07.kfa,23,15,15,clamp,,4,0,0,0,0,0,2949,3364,
2552,Critical Strike 1,Cat_A_H_1R_CS01.kfa,15,15,15,clamp,,4,0,0,0,0,0,2946,3364,
2553,Critical Strike 2,Cat_A_H_1R_CS02.kfa,15,15,15,clamp,,4,0,0,0,0,0,2945,3364,
2554,Critical Strike 3,Cat_A_H_1R_CS03.kfa,15,15,15,clamp,,4,0,0,0,0,0,2944,3364,
2555,Critical Strike 4,Cat_A_H_1R_CS04.kfa,31,15,15,clamp,,4,0,0,0,0,0,2943,3364,
2556,Critical Strike 5,Cat_A_H_1R_CS05.kfa,25,15,15,clamp,,4,0,0,0,0,0,2942,3364,
2557,Critical Strike 6,Cat_A_H_1R_CS06.kfa,25,15,15,clamp,,4,0,0,0,0,0,2941,3364,
2558,Critical Strike 7,Cat_A_H_1R_CS07.kfa,26,15,15,clamp,,4,0,0,0,0,0,2940,3364,
2559,Critical Strike 8,Cat_A_H_1R_CS08.kfa,24,15,15,clamp,,4,0,0,0,0,0,2939,3364,
2560,1 Handed Slash Style 1,Cat_A_H_1S_CS01_01.kfa,14,15,15,clamp,,4,0,0,0,0,0,2938,3364,
2561,1 Handed Slash Style 2,Cat_A_H_1S_CS01_02.kfa,14,15,15,clamp,,4,0,0,0,0,0,2937,3364,
2562,1 Handed Slash Style 3,Cat_A_H_1S_CS01_03.kfa,22,15,15,clamp,,4,0,0,0,0,0,2936,3364,
2563,1 Handed Slash Style 4,Cat_A_H_1S_CS01_04.kfa,16,15,15,clamp,,4,0,0,0,0,0,2935,3364,
2564,1 Handed Slash Style 5,Cat_A_H_1S_CS01_05.kfa,21,15,15,clamp,,4,0,0,0,0,0,2934,3364,
2565,1 Handed Slash Style 6,Cat_A_H_1S_CS01_06.kfa,22,15,15,clamp,250,4,0,0,0,0,0,2933,3364,
2566,Dirt Throw,CAT_A_H_1S_DTHROW.kfa,16,15,15,clamp,,4,0,0,0,0,0,2932,3249,
2567,Frenzy Animation,Cat_A_H_1S_FRENZY.kfa,25,15,15,clamp,600,4,0,0,0,0,0,2931,3249,
2570,Left hand attack low,Cat_A_H_1L_low.kfa,14,15,15,clamp,,4,0,0,0,0,0,2763,3364,
2571,Left hand attack med,Cat_A_H_1L_med.kfa,14,15,15,clamp,,4,0,0,0,0,0,2764,3364,
2572,Left hand attack high,Cat_A_H_1L_high.kfa,14,15,15,clamp,,4,0,0,0,0,0,2762,3364,
2573,Troll Idle,Cat_troll_idle.kfa,60,15,15,loop,,4,0,0,0,0,0,2742,3249,
2574,Valkyn Male Idle,Cat_I_VM.kfa,60,15,15,loop,,4,0,0,0,0,0,2742,3249,
2575,Troll Walk,Cat_troll_walk.kfa,22,15,15,loop,,4,0,0,0,0,0,2620,3247,
2576,Valkyn Male Walk,Cat_W_VM.kfa,18,15,15,loop,,4,0,0,0,0,0,2620,3247,
2577,Troll Run,Cat_troll_run.kfa,18,15,15,loop,,4,0,0,0,0,0,2620,3248,
2578,Valkyn Male Run,Cat_R_VM.kfa,11,15,15,loop,,4,0,0,0,0,0,2620,3248,
2579,Troll Sit A,Cat_S_TM_A.kfa,14,15,15,clamp,,4,0,0,0,0,0,2745,3249,
2580,Troll Sit B,Cat_S_tM_B.kfa,30,15,15,loop,,4,0,0,0,0,0,2746,3249,
2581,1 Handed attack high,Cat_A_H_1S_HIGH.kfa,14,15,15,clamp,,4,0,0,0,0,0,2765,3364,
2584,1 Handed attack low,Cat_A_H_1S_LOW.kfa,17,15,15,clamp,,4,0,0,0,0,0,2766,3364,
2585,1 Handed attack med,Cat_A_H_1S_MED.kfa,17,15,15,clamp,,4,0,0,0,0,0,2767,3364,
2586,1 Hand Thrust Attack High,Cat_A_H_1T_HIGH.kfa,17,15,15,clamp,,4,0,0,0,0,0,2768,3364,
2587,2 Hand Thrust Attack Low,Cat_A_H_1T_Low.kfa,17,15,15,clamp,,4,0,0,0,0,0,2769,3364,
2588,3 Hand Thrust Attack Med,Cat_A_H_1T_Med.kfa,17,15,15,clamp,,4,0,0,0,0,0,2770,3364,
2590,Human Spear Style 1,Cat_A_H_1SP_CS001.kfa,18,15,15,clamp,,4,0,0,0,0,0,,,
2591,Style 1h Thrust 01,Cat_A_H_1T_CS01_01.kfa,26,15,15,clamp,,4,0,0,0,0,0,3133,3364,
2592,Style 1h Thrust 02,Cat_A_H_1T_CS01_02.kfa,23,15,15,clamp,,4,0,0,0,0,0,3134,3364,
2593,Style 1h Thrust 03,Cat_A_H_1T_CS01_03.kfa,30,15,15,clamp,,4,0,0,0,0,0,3135,3364,
2594,Style 1h Thrust 04,Cat_A_H_1T_CS01_04.kfa,29,15,15,clamp,800,4,0,0,0,0,0,3136,3364,
2595,Style 1h Thrust 05,Cat_A_H_1T_CS01_05.kfa,26,15,15,clamp,400,4,0,0,0,0,0,3137,3364,
2596,Dual Wield High,Cat_A_H_1D_HIGH.kfa,17,15,15,clamp,,4,0,0,0,0,0,2759,3249,
2597,Dual Wield Low,cat_A_H_1D_LOW.kfa,17,15,15,clamp,400,4,0,0,0,0,0,2760,3249,
2598,Dual Wield Med,Cat_A_H_1D_MED.kfa,17,15,15,clamp,,4,0,0,0,0,0,2761,3249,
2599,Throw 1,Cat_A_H_1TH_1.kfa,37,15,15,clamp,,4,0,0,0,0,0,,,
2600,Throw 2,Cat_A_H_1TH_2.kfa,14,15,15,loop,,4,0,0,0,0,0,,,
2601,Throw 3,Cat_A_H_1TH_3.kfa,13,15,15,clamp,,4,0,0,0,0,0,,,
2602,Bow Attack 1,Cat_A_H_2B_1.kfa,37,15,15,clamp,,4,0,0,0,0,0,2771,3363,
2603,Bow Attack 2,Cat_A_H_2B_2.kfa,14,15,15,loop,,4,0,0,0,0,0,2772,3362,
2604,Bow Attack 3,Cat_A_H_2B_3.kfa,13,15,15,clamp,,4,0,0,0,0,0,2773,3361,
2605,Spear combat idle,Cat_CI_H_1SP.kfa,30,15,15,loop,,4,0,0,0,0,0,2748,3249,
2606,Bow combat idle,Cat_CI_H_2B.kfa,16,15,15,loop,733,4,0,0,0,0,0,2749,3249,
2607,Two handed combat idle,Cat_CI_H_N2S.kfa,30,15,15,loop,,4,0,0,0,0,0,2752,3249,
2608,Scythe combat idle,Cat_CI_H_Scythe.kfa,18,15,15,loop,,4,0,0,0,0,0,2753,3249,
2609,Crossbow Idle,Cat_CI_H_2CB.kfa,16,15,15,loop,,4,0,0,0,0,0,2750,3249,
2610,Polearm combat idle,Cat_CI_H_W2S.kfa,18,15,15,loop,,4,0,0,0,0,0,2754,3249,
2611,Staff Combat idle,Cat_CI_H_W2ST.kfa,16,15,15,loop,,4,0,0,0,0,0,2755,3249,
2612,Dwarf Male 2H combat idle,Cat_CI_HD_N2S.kfa,30,15,15,loop,,4,0,0,0,0,0,,,
2613,Troll 2h combat idle,Cat_CI_T_N2S.kfa,18,15,15,loop,,4,0,0,0,0,0,,,
2615,Death,Cat_D_HM.kfa,35,15,15,clamp,,4,0,0,0,0,0,2756,3249,
2617,Jump A,Cat_JU_H_A.kfa,6,15,15,clamp,,4,0,0,0,0,0,,3434,
2618,Jump B,Cat_JU_H_B.kfa,11,15,15,clamp,,4,0,0,0,0,0,,3435,
2619,Catacomb Mount Horse,Cat_RH_H.kfa,7,15,15,loop,,4,0,0,0,0,0,,,
2620,Swim,Cat_SW_H.kfa,28,10,15,loop,,4,0,0,0,0,0,,3486,
2622,Drink,Cat_Drink_spell.kfa,149,25,30,clamp,,4,0,0,0,0,0,,,
2623,Cata Emote Beg,Cat_EM_BEG.kfa,61,15,15,clamp,,4,0,0,0,0,0,2983,3249,
2625,Cata Emote Blush,CAT_EM_BLUSHKICK.kfa,25,15,15,clamp,,4,0,0,0,0,0,2963,3249,
2626,Cata Emote Bow,Cat_EM_BOW.kfa,25,15,15,clamp,,4,0,0,0,0,0,2964,3249,
2627,Cata Emote Taunt,Cat_EM_CG.kfa,50,30,30,clamp,,4,0,0,0,0,0,,3249,
2628,Cata Emote Cheer,Cat_EM_cheer.kfa,60,30,30,clamp,,4,0,0,0,0,0,2965,3370,
2629,Cata Emote Chicken,Cat_EM_Chicken.kfa,24,15,15,clamp,,4,0,0,0,0,0,,3249,
2630,Cata Emote Clap,Cat_EM_Clap.kfa,21,15,15,clamp,,4,0,0,0,0,0,2966,3368,
2632,Cata Emote Cry,Cat_EM_CRY.kfa,24,15,15,clamp,,4,0,0,0,0,0,,3249,
2633,Cata Emote Curtsey,Cat_EM_CURTSEY.kfa,35,15,15,clamp,,4,0,0,0,0,0,,3249,
2634,Cata Emote Flex 2 ,Cat_EM_DBLFLEX.kfa,70,15,15,clamp,,4,0,0,0,0,0,2968,3249,
2635,Cata Emote Flex,Cat_EM_FLEX.kfa,18,15,15,clamp,,4,0,0,0,0,0,2969,3249,
2636,Cata Emote FU,Cat_EM_FU.kfa,20,15,15,clamp,,4,0,0,0,0,0,,3249,
2637,Cata Combat Idle,Cat_CI_H_1S.kfa,30,15,15,loop,,4,0,0,0,0,1,2747,3249,
2638,Cata Emote Hug,Cat_EM_HUG.kfa,20,15,15,clamp,,4,0,0,0,0,0,,3249,
2641,Cata Emote Laugh,Cat_EM_LAUGH.kfa,24,15,15,clamp,,4,0,0,0,0,0,,3371,
2642,Cata Emote Charge,Cat_EM_Letsgo.kfa,21,15,15,clamp,,4,0,0,0,0,0,2971,3412,
2643,Cata Emote Mercy,Cat_EM_Mercy.kfa,20,15,15,clamp,,4,0,0,0,0,0,,3249,
2644,Cata Emote No,Cat_EM_NO.kfa,21,15,15,clamp,,4,0,0,0,0,0,,3366,
2645,Cata Emote Point,Cat_EM_POINT.kfa,16,15,15,clamp,,4,0,0,0,0,0,2972,3396,
2646,Cata Emote Beckon,Cat_EM_POINTHERE.kfa,20,15,15,clamp,,4,0,0,0,0,0,,3249,
2647,Cata Emote Dance,Cat_EM_RVRDANCE.kfa,40,15,15,clamp,,4,0,0,0,0,0,2967,3422,
2648,Cata Emote Salute,Cat_EM_SALUTE.kfa,14,15,15,clamp,,4,0,0,0,0,0,,3249,
2650,Cata Emote Shield bang,Cat_EM_SHIELDBANG.kfa,20,15,15,clamp,,4,0,0,0,0,0,,3249,
2651,Cata Emote Shrug,Cat_EM_SHRUG.kfa,25,15,15,clamp,,4,0,0,0,0,0,,3249,
2652,Cata Emote Slap,Cat_EM_SLAP.kfa,16,15,15,clamp,,4,0,0,0,0,0,,3249,
2653,Cata Emote Slit,Cat_EM_slit_with hand.kfa,20,15,15,clamp,,4,0,0,0,0,0,,3249,
2656,Cata Emote Surrender,Cat_EM_surrender.kfa,20,15,15,clamp,,4,0,0,0,0,0,,3249,
2657,Cata Emote Victory,Cat_EM_VICTORY.kfa,40,30,30,clamp,,4,0,0,0,0,0,,3249,
2658,Cata Emote Wave,Cat_EM_WAVELONG.kfa,23,15,15,clamp,,4,0,0,0,0,0,2962,3369,
2659,Cata Emote Yes,Cat_EM_YES.kfa,21,15,15,clamp,,4,0,0,0,0,0,,3367,
2660,1540,EM_MEDITATE.kfa,43,15,15,clamp,,4,0,0,0,0,0,,3249,
2661,Cata Emote Present,Cat_KEM_CourtS.kfa,38,15,15,clamp,,4,0,0,0,0,0,,3249,
2663,Cata Emote Ponder,Cat_KEM_HeadS.kfa,73,15,15,clamp,,4,0,0,0,0,0,,3249,
2665,Warlock Cast 1,Cat_Sp_war_A.kfa,24,15,15,clamp,,4,0,0,0,0,0,3023,3356,
2666,Warlock Cast 2,Cat_Sp_war_B.kfa,11,15,15,loop,,4,0,0,0,0,0,3024,3355,
2667,Warlock Cast 3,Cat_Sp_war_C.kfa,39,15,15,clamp,,4,0,0,0,0,0,3025,3354,
2668,Warlock Cast 1,Cat_Sp_war_02_A.kfa,15,15,15,clamp,,4,0,0,0,0,0,3020,3356,
2669,Warlock Cast 2,Cat_Sp_war_02_B.kfa,15,15,15,loop,,4,0,0,0,0,0,3021,3355,
2670,Warlock Cast 3,Cat_Sp_war_02_C.kfa,28,15,15,clamp,,4,0,0,0,0,0,3022,3354,
2671,Valkyn Female Run,Cat_R_VF.kfa,11,15,15,loop,,4,0,0,0,0,0,2620,3248,
2672,Valkyn Female Idle,Cat_I_VF.kfa,60,15,15,loop,,4,0,0,0,0,0,2742,3249,
2673,Valkyn Female Walk,Cat_W_VF.kfa,18,15,15,loop,,4,0,0,0,0,0,2620,3247,
2674,Female Idle,Cat_I_HF.kfa,120,15,15,loop,,4,0,0,0,0,0,2742,3249,
2675,Old Person Walk,Cat_Wold_HM.kfa,18,15,15,loop,,4,0,0,0,0,0,,,
2676,Walk Backwards,Cat_WB_HM.kfa,15,15,15,loop,,4,0,0,0,0,0,2744,3247,
2677,Cata Sit B,Cat_S_HM_B.kfa,60,15,15,loop,,4,0,0,0,0,0,2746,3249,
2678,Spellcast Throw End,Cat_SP_H_DEFAULT_C.kfa,23,15,15,clamp,,4,0,0,0,0,0,2814,3356,
2679,Spellcast Throw Mid,Cat_SP_H_DEFAULT_B.kfa,10,15,15,clamp,,4,0,0,0,0,0,2813,3355,
2680,Spellcast Throw Start,Cat_SP_H_DEFAULT_A.kfa,15,15,15,clamp,,4,0,0,0,0,0,2812,3354,
2681,Cat old model idle,Cat_Iold_HM.kfa,60,15,15,loop,,4,0,0,0,0,0,,,
2682,539,Cat_CL_H_up.kfa,16,15,15,loop,,4,0,0,0,0,0,,,
2683,Midgard Spellcast Start3,Cat_SP_M_ST3.kfa,15,15,15,clamp,,4,0,0,0,0,0,2819,3354,
2684,Midgard Spellcast Start2,Cat_SP_M_ST2.kfa,15,15,15,clamp,,4,0,0,0,0,0,2818,3355,
2685,Midgard Spellcast Start1,Cat_SP_M_ST1.kfa,15,15,15,clamp,,4,0,0,0,0,0,2817,3356,
2686,Spellcast Middle1,Cat_SP_MID1.kfa,10,15,15,loop,,4,0,0,0,0,0,2820,3355,
2687,Spellcast Upraised End1,Cat_SP_GRAND_END1.kfa,23,15,15,clamp,,4,0,0,0,0,0,2811,3354,
2688,Spellcast DragZ End1,Cat_SP_DRAGZ_END1.kfa,23,15,15,clamp,,4,0,0,0,0,0,2810,3354,
2689,Albion Spell Cast,Cat_SP_A_ST1.kfa,15,15,15,clamp,,4,0,0,0,0,0,2812,3356,
2690,Spellcast Arms-crossed End2,Cat_SP_ARMX_END1.kfa,23,15,15,clamp,,4,0,0,0,0,0,2809,3354,
2691,Polearm parry low,Cat_P_H_W2S_low.kfa,15,15,15,clamp,,4,0,0,0,0,0,2807,3249,
2692,Polearm parry high,Cat_P_H_W2S_high.kfa,15,15,15,clamp,333,4,0,0,0,0,0,,,
2693,Staff parry high,Cat_P_H_W2ST_high.kfa,16,15,15,clamp,,4,0,0,0,0,0,2808,3249,
2694,Two handed parry low,Cat_P_H_N2S_low.kfa,15,15,15,clamp,,4,0,0,0,0,0,2806,3249,
2695,Two handed parry high,Cat_P_H_N2S_HIGH.kfa,15,15,15,clamp,,4,0,0,0,0,0,2805,3249,
2696,Dual Parry Low,Cat_P_H_1D_LOw.kfa,13,15,15,clamp,400,4,0,0,0,0,0,2802,3249,
2697,Dual Parry High,Cat_P_H_1D_High.kfa,13,15,15,clamp,266,4,0,0,0,0,0,2801,3249,
2698,Staff evade,Cat_E_H_W2ST.kfa,31,15,15,clamp,,4,0,0,0,0,0,2800,3249,
2699,polearm evade,Cat_E_H_W2S.kfa,23,15,15,clamp,333,4,0,0,0,0,0,2799,3249,
2700,2 handed evade,CAt_E_H_N2S.kfa,16,15,15,clamp,333,4,0,0,0,0,0,2798,3249,
2701,1 Handed evade,Cat_E_H_1H.kfa,14,15,15,clamp,,4,0,0,0,0,0,2797,3249,
2702,540,Cat_CL_H_DWN.kfa,16,15,15,clamp,,4,0,0,0,0,0,,,
2703,Hand 2 hand Combat idle,Cat_CI_H_H2H.kfa,15,15,15,loop,,4,0,0,0,0,0,2751,3249,
2704,1 Handed block,Cat_B_H_1H_LOW.kfa,15,15,15,clamp,,4,0,0,0,0,0,2796,3249,
2705,1 Handed block,Cat_B_H_1H_HIGH.kfa,15,15,15,clamp,,4,0,0,0,0,0,2795,3249,
2706,359,Cat_A_H_W2S_med.kfa,14,15,15,clamp,333,4,0,0,0,0,0,,,
2707,Polearm Attack Low,Cat_A_H_W2S_Low.kfa,13,15,15,clamp,,4,0,0,0,0,0,2790,3357,
2708,Polearm Attack High,Cat_A_H_W2S_High.kfa,24,15,15,clamp,,4,0,0,0,0,0,2789,3357,
2709,Polearm Attack Med,CAt_A_H_W2ST_med.kfa,18,15,15,clamp,,4,0,0,0,0,0,2791,3357,
2710,Staff Attack High,CAt_A_H_W2ST_HIGH.kfa,18,15,15,clamp,,4,0,0,0,0,0,2792,3365,
2711,Scythe Attack Med,Cat_A_H_Scythe_Med.kfa,15,15,15,clamp,,4,0,0,0,0,0,2788,3249,
2712,Scythe Attack Low,Cat_A_H_Scythe_low.kfa,15,15,15,clamp,,4,0,0,0,0,0,2787,3249,
2713,Scythe Attack High,Cat_A_H_Scythe_high.kfa,14,15,15,clamp,,4,0,0,0,0,0,2786,3249,
2714,2 Handed attack Med,Cat_A_H_N2S_Med.kfa,13,15,15,clamp,,4,0,0,0,0,0,2785,3249,
2715,2 Handed attack Low,Cat_A_H_N2S_LOw.kfa,26,30,30,clamp,,4,0,0,0,0,0,2784,3249,
2716,2 Handed attack High,Cat_A_H_N2S_High.kfa,26,30,30,clamp,,4,0,0,0,0,0,2783,3249,
2717,Hand to Hand Attack Med,Cat_A_H_H2H_med.kfa,13,15,15,clamp,,4,0,0,0,0,0,2782,3249,
2718,Hand to Hand Attack Low,Cat_A_H_H2H_low.kfa,13,15,15,clamp,,4,0,0,0,0,0,2781,3249,
2719,Hand to Hand Attack High,Cat_A_H_H2H_High.kfa,13,15,15,clamp,,4,0,0,0,0,0,2780,3249,
2720,Longbow Attack 1,Cat_A_H_2LB_1.kfa,37,15,15,clamp,,4,0,0,0,0,0,2777,3363,
2721,Longbow Attack 2,Cat_A_H_2LB_2.kfa,14,15,15,clamp,,4,0,0,0,0,0,2778,3362,
2722,Longbow Attack 3,Cat_A_H_2LB_3.kfa,13,15,15,clamp,,4,0,0,0,0,0,2779,3361,
2723,Cross Bow Attack 1,CaT_A_H_2CB_1.kfa,50,15,15,clamp,,4,0,0,0,0,0,2774,3360,
2724,Cross Bow Attack 2,CaT_A_H_2CB_2.kfa,7,15,15,loop,,4,0,0,0,0,0,2775,3359,
2725,Cross Bow Attack 3,CaT_A_H_2CB_3.kfa,17,15,15,clamp,,4,0,0,0,0,0,2776,3358,
2726,Dwarfe Male Idle,Cat_I_DM.kfa,60,15,15,loop,,4,0,0,0,0,0,2742,3249,
2727,Norse Male Idle,Cat_I_NM.kfa,60,15,15,loop,,4,0,0,0,0,0,2742,3249,
2728,Female Run,Cat_R_HF.kfa,24,30,30,loop,,4,0,0,0,0,0,2620,3248,
2731,Kiss Emote,Cat_EM_Kiss.kfa,30,15,15,clamp,,4,0,0,0,0,0,2970,3249,
2732,Cata Emote Knighted,Cat_EM_Knighted.kfa,50,15,15,clamp,,4,0,0,0,0,0,,3249,
2733,Female Brit Sit A,Cat_K_HF_A.kfa,20,15,15,clamp,,4,0,0,0,0,0,2745,3249,
2734,Female Brit Sit B,Cat_K_HF_B.kfa,45,15,15,loop,,4,0,0,0,0,0,2746,3249,
2736,,Cat_s_HM_A.kfa,12,15,15,clamp,,4,0,0,0,0,0,2743,3249,
2737,Valkyn Sit A,Cat_sit_VM_A.kfa,22,15,15,clamp,,4,0,0,0,0,0,2745,3249,
2738,Valkyn Sit B,Cat_sit_VM_B.kfa,45,15,15,loop,,4,0,0,0,0,0,2746,3249,
2739,Evil Kobold Idle,EvilK_Idle_NJ.kfa,120,30,30,loop,,4,0,0,0,0,0,,3249,
2740,Dwarf Female Idle,Cat_I_DF.kfa,60,15,15,loop,,4,0,0,0,0,0,2742,3249,
2741,Troll Female Idle,Cat_I_TF.kfa,60,15,15,loop,,4,0,0,0,0,0,2742,3249,
2742,Cata Swim Swim Idle,Cat_SWIM_SWI_H.kfa,18,15,15,loop,,4,0,0,0,0,0,,,
2743,Cata Swim Swim forward,Cat_SWIM_Walk_H.kfa,36,15,15,loop,,4,0,0,0,0,0,,,
2744,Swim backwards,Cat_swim_WalkB_H.kfa,36,15,15,loop,,4,0,0,0,0,0,,,
2745,Swim sit A,Cat_SWIM_S_HM_A.kfa,36,15,15,clamp,,4,0,0,0,0,0,,,
2746,Swim sit B,Cat_SWIM_S_HM_B.kfa,70,15,15,loop,,4,0,0,0,0,0,,,
2747,Cata Swim 1 handed/duel weild cidle,Cat_SWIM_CI_H_1DS.kfa,30,15,15,loop,,4,0,0,0,0,1,,,
2748,Swim  combat idle,Cat_SWIM_CI_H_1SP.kfa,30,15,15,loop,,4,0,0,0,0,0,,,
2749,Cata Swim Bow combat idle,Cat_SWIM_CI_H_2B.kfa,30,15,15,loop,733,4,0,0,0,0,0,,,
2750,Cata Swim Crossbow combat idle,Cat_SWIM_CI_H_2CB.kfa,30,15,15,loop,,4,0,0,0,0,0,,,
2751,Cata Swim Hand 2 hand Combat idle,Cat_SWIM_CI_H_H2H.kfa,30,15,15,loop,,4,0,0,0,0,0,,,
2752,Cata Swim Two handed combat idle,Cat_SWIM_CI_H_N2S.kfa,30,15,15,loop,,4,0,0,0,0,0,,,
2753,Cata Swim Scythe combat idle,CAt_SWIM_CI_H_Scythe.kfa,30,15,15,loop,,4,0,0,0,0,0,,,
2754,Cata Swim Polearm combat idle,Cat_SWIM_CI_H_W2S.kfa,30,15,15,loop,,4,0,0,0,0,0,,,
2755,Cata Swim Staff Combat idle,Cat_SWIM_CI_H_W2ST.kfa,30,15,15,loop,,4,0,0,0,0,0,,,
2756,Cata Swim Death,Cat_SWIM_D_HM.kfa,50,15,15,clamp,,4,0,0,0,0,0,,,
2757,Cata Swim Flinch,Cat_SWIM_CF_H_1S_high.kfa,12,15,15,clamp,,4,0,0,0,0,0,,,
2759,Cata Swim Duel attack high,Cat_SWIM_A_H_1D_HIGH.kfa,21,15,15,clamp,,4,0,0,0,0,0,,,
2760,Cata Swim Duel attack Low,Cat_SWIM_A_H_1D_LOW.kfa,21,15,15,clamp,400,4,0,0,0,0,0,,,
2761,Cata Swim Duel attack med,Cat_SWIM_A_H_1D_Med.kfa,21,15,15,clamp,,4,0,0,0,0,0,,,
2762,Cata Swim Left hand attack high,Cat_SWIM_A_H_1L_HIGH.kfa,18,15,15,clamp,,4,0,0,0,0,0,,,
2763,Cata Swim Left hand attack Low,Cat_SWIM_A_H_1L_LOW.kfa,17,15,15,clamp,,4,0,0,0,0,0,,,
2764,Cata Swim Left hand attack Med,CAt_SWIM_A_H_1L_MED.kfa,15,15,15,clamp,,4,0,0,0,0,0,,,
2765,Cata Swim 1 handed attack high,Cat_SWIM_A_H_1S_HIGH.kfa,18,15,15,clamp,,4,0,0,0,0,0,,,
2766,Cata Swim 1 handed attack low,Cat_SWIM_A_H_1S_Low.kfa,17,15,15,clamp,,4,0,0,0,0,0,,,
2767,Cata Swim 1 handed attack Med,Cat_SWIM_A_H_1S_med.kfa,17,15,15,clamp,,4,0,0,0,0,0,,,
2768,Cata Swim 1 handed thrust high,Cat_SWIM_A_H_1T_HIGH.kfa,14,15,15,clamp,,4,0,0,0,0,0,,,
2769,Cata Swim 1 handed thrust LOW,Cat_SWIM_A_H_1T_LOW.kfa,14,15,15,clamp,,4,0,0,0,0,0,,,
2770,Cata Swim 1 handed thrust Med,Cat_SWIM_A_H_1T_Med.kfa,14,15,15,clamp,,4,0,0,0,0,0,,,
2771,Cata Swim Bow attack A,Cat_SWIM_A_H_2B_1.kfa,37,15,15,clamp,,4,0,0,0,0,0,,,
2772,Cata Swim Bow attack B,Cat_SWIM_A_H_2B_2.kfa,14,15,15,loop,,4,0,0,0,0,0,,,
2773,Cata Swim Bow attack C,Cat_SWIM_A_H_2B_3.kfa,13,15,15,clamp,,4,0,0,0,0,0,,,
2774,Cata Swim CrossBow attack A,Cat_SWIM_A_H_2CB_1.kfa,20,15,15,clamp,,4,0,0,0,0,0,,,
2775,Cata Swim CrossBow attack B,Cat_SWIM_A_H_2CB_2.kfa,14,15,15,loop,,4,0,0,0,0,0,,,
2776,Cata Swim CrossBow attack C,Cat_SWIM_A_H_2CB_3.kfa,16,15,15,clamp,,4,0,0,0,0,0,,,
2777,Cata Swim Longbow Attack A,Cat_SWIM_A_H_2LB_1.kfa,37,15,15,clamp,,4,0,0,0,0,0,,,
2778,Cata Swim Longbow Attack B,Cat_SWIM_A_H_2LB_2.kfa,14,15,15,loop,,4,0,0,0,0,0,2743,3249,
2779,Cata Swim Longbow Attack C,Cat_SWIM_A_H_2LB_3.kfa,13,15,15,clamp,,4,0,0,0,0,0,,,
2780,Cata Swim Hand 2 hand attack High,Cat_SWIM_A_H_H2H_High.kfa,13,15,15,clamp,,4,0,0,0,0,0,,,
2781,Cata Swim Hand 2 hand attack low,Cat_SWIM_A_H_H2H_Low.kfa,16,15,15,clamp,,4,0,0,0,0,0,,,
2782,Cata Swim Hand 2 hand attack med,Cat_SWIM_A_H_H2H_Med.kfa,13,15,15,clamp,,4,0,0,0,0,0,,,
2783,Cata Swim 2 handed attack High,Cat_SWIM_A_H_N2S_High.kfa,13,15,15,clamp,,4,0,0,0,0,0,,,
2784,Cata Swim 2 handed attack Low,Cat_SWIM_A_H_N2S_Low.kfa,13,15,15,clamp,,4,0,0,0,0,0,,,
2785,Cata Swim 2 handed attack Med,Cat_SWIM_A_H_N2S_Med.kfa,13,15,15,clamp,,4,0,0,0,0,0,,,
2786,Cata Swim Scythe attack High,Cat_SWIM_A_H_Scythe_high.kfa,14,15,15,clamp,,4,0,0,0,0,0,,,
2787,Cata Swim Scythe attack Low,Cat_SWIM_A_H_Scythe_Low.kfa,12,15,15,clamp,,4,0,0,0,0,0,,,
2788,Cata Swim Scythe attack Med,Cat_SWIM_A_H_Scythe_Med.kfa,12,15,15,clamp,,4,0,0,0,0,0,,,
2789,Cata Swim Polearm Attack High,Cat_SWIM_A_H_W2S_High.kfa,19,15,15,clamp,,4,0,0,0,0,0,,,
2790,Cata Swim Polearm Attack Low,Cat_SWIM_A_H_W2S_Low.kfa,10,15,15,clamp,,4,0,0,0,0,0,,,
2791,Cata Swim Polearm Attack Med,Cat_SWIM_A_H_W2S_Med.kfa,14,15,15,clamp,333,4,0,0,0,0,0,,,
2792,Cata Swim Staff attack high,Cat_SWIM_A_H_W2ST_HIGH.kfa,15,15,15,clamp,,4,0,0,0,0,0,,,
2793,Cata Swim Staff attack low,Cat_SWIM_A_H_W2ST_Low.kfa,17,15,15,clamp,,4,0,0,0,0,0,,,
2794,Cata Swim Staff attack med,Cat_SWIM_A_H_W2ST_Med.kfa,15,15,15,clamp,,4,0,0,0,0,0,,,
2795,Cata Swim 1 handed block,Cat_SWIM_B_H_1H_HIGH.kfa,15,15,15,clamp,,4,0,0,0,0,0,,,
2796,Cata Swim 1 handed block,Cat_SWIM_B_H_1H_low.kfa,15,15,15,clamp,,4,0,0,0,0,0,,,
2797,Cata Swim 1 Handed evade,Cat_SWIM_E_H_1H.kfa,14,15,15,clamp,,4,0,0,0,0,0,,,
2798,Cata Swim 2 handed evade,Cat_SWIM_E_H_N2S.kfa,16,15,15,clamp,333,4,0,0,0,0,0,,,
2799,Cata Swim polearm evade,CAt_SWIM_E_H_W2S.kfa,27,15,15,clamp,333,4,0,0,0,0,0,,,
2800,Cata Swim Staff evade,Cat_SWIM_E_H_W2ST.kfa,26,15,15,clamp,,4,0,0,0,0,0,,,
2801,Cata Swim duel parry high,Cat_SWIM_P_H_1D_HIGH.kfa,13,15,15,clamp,266,4,0,0,0,0,0,,,
2802,Cata Swim duel parry low,Cat_SWIM_P_H_1D_LOW.kfa,13,15,15,clamp,400,4,0,0,0,0,0,,,
2803,Cata Swim 1 handed parry high,Cat_SWIM_P_H_1H_HIGH.kfa,13,15,15,clamp,400,4,0,0,0,0,0,,,
2804,Cata Swim 1 handed parry low,Cat_SWIM_P_H_1H_low.kfa,13,15,15,clamp,400,4,0,0,0,0,0,,,
2805,Cata Swim Two handed parry high,Cat_SWIM_P_H_N2S_high.kfa,15,15,15,clamp,,4,0,0,0,0,0,,,
2806,Cata Swim Two handed parry low,Cat_SWIM_P_H_N2S_low.kfa,15,15,15,clamp,,4,0,0,0,0,0,,,
2807,Cata Swim Polearm parry low,Cat_SWIM_P_H_W2S_low.kfa,16,15,15,clamp,,4,0,0,0,0,0,,,
2808, Cata Swim Staff parry high,Cat_SWIM_P_H_W2St_high.kfa,15,15,15,clamp,,4,0,0,0,0,0,,,
2809,Cata Swim Spellcast,Cat_SWIM_SP_ARMX_END1.kfa,23,15,15,clamp,,4,0,0,0,0,0,,,
2810,Cata Swim Spellcast,Cat_SWIM_SP_DRAGZ_END1.kfa,23,15,15,clamp,,4,0,0,0,0,0,,,
2811,Cata Swim Spellcast,Cat_SWIM_SP_GRAND_END1.kfa,23,15,15,clamp,,4,0,0,0,0,0,,,
2812,Cata Swim Spellcast,Cat_SWIM_SP_H_DEFAULT_A.kfa,15,15,15,clamp,,4,0,0,0,0,0,,,
2813,Cata Swim Spellcast,Cat_SWIM_SP_H_DEFAULT_B.kfa,10,15,15,loop,,4,0,0,0,0,0,,,
2814,Cata Swim Spellcast,Cat_SWIM_SP_H_DEFAULT_C.kfa,23,15,15,clamp,,4,0,0,0,0,0,,,
2815,Cata Swim Spellcast,Cat_SWIM_SP_H_DRAGONZ_C.kfa,23,15,15,clamp,,4,0,0,0,0,0,,,
2816,Cata Swim Spellcast,Cat_swim_SP_m_SSHIFT1.kfa,15,15,15,clamp,,4,0,0,0,0,0,,,
2817,Cata Swim Spellcast,Cat_SWIM_SP_M_ST1.kfa,15,15,15,clamp,,4,0,0,0,0,0,,,
2818,Cata Swim Spellcast,Cat_SWIM_SP_M_ST2.kfa,15,15,15,loop,,4,0,0,0,0,0,,,
2819,Cata Swim Spellcast,Cat_SWIM_SP_M_ST3.kfa,15,15,15,clamp,,4,0,0,0,0,0,,,
2820,Cata Swim Spellcast,Cat_SWIM_SP_MID1.kfa,10,15,15,loop,,4,0,0,0,0,0,,,
2821,Cata Swim Spellcast,CAt_swim_SP_MID1_SSHIFT.kfa,10,15,15,clamp,,4,0,0,0,0,0,,,
2822,Cata Swim Spellcast,Cat_swim_SP_SSHIFT_END1.kfa,23,15,15,clamp,,4,0,0,0,0,0,,,
2823,Midgard Spell Casts(Not used),Cat_SP_M_SSHIFT1.kfa,15,15,15,clamp,,4,0,0,0,0,0,,3356,
2824,Albion Spell Cast,Cat_SP_A_ST2.kfa,15,15,15,clamp,,4,0,0,0,0,0,,3355,
2825,Albion Spell Cast(Not used),Cat_SP_A_ST3.kfa,15,15,15,clamp,,4,0,0,0,0,0,,3354,
2826,Albion Spell Cast(Not used),Cat_SP_MID3.kfa,10,15,15,clamp,,4,0,0,0,0,0,3001,3249,
2827,Albion Spell Cast,CAt_SP_BLESS_END3.kfa,23,15,15,clamp,,4,0,0,0,0,0,2993,3354,
2828,Albion Spell Cast,Cat_SP_STAFF_END3.kfa,23,15,15,clamp,,4,0,0,0,0,0,3002,3354,
2829,Hibernia Spell Cast(Not used),Cat_SP_H_SSHIFT1.kfa,15,15,15,clamp,,4,0,0,0,0,0,2996,3249,
2830,Hibernia Spell Cast,Cat_SP_H_ST1.kfa,15,15,15,clamp,,4,0,0,0,0,0,2997,3356,
2831,Hibernia Spell Cast,Cat_SP_H_ST2.kfa,15,15,15,loop,,4,0,0,0,0,0,2998,3356,
2832,Hibernia Spell Cast(Not used),CAT_SP_H_ST3.kfa,15,15,15,clamp,,4,0,0,0,0,0,2999,3249,
2833,Hibernia Spell Cast,Cat_SP_MID2.kfa,10,15,15,loop,,4,0,0,0,0,0,3000,3355,
2834,Hibernia Spell Cast,Cat_SP_BKHAND_END2.kfa,23,15,15,clamp,,4,0,0,0,0,0,2992,3354,
2835,Hibernia Spell Cast,Cat_SP_GENERIC_END2.kfa,23,15,15,clamp,,4,0,0,0,0,0,2994,3354,
2836,Hibernia Spell Cast,Cat_SP_WAXON_END2.kfa,23,15,15,clamp,,4,0,0,0,0,0,3003,3354,
2837,Spear Combat Style(Not used),Cat_A_H_1SP_CS003.kfa,23,15,15,clamp,,4,0,0,0,0,0,,,
2838,Spear Combat Style(Not used),Cat_A_H_1SP_CS004.kfa,19,15,15,clamp,,4,0,0,0,0,0,,,
2839,Dual Handed Combat Style(not used),Cat_A_H_D2_CS01_06.kfa,18,15,15,clamp,,4,0,0,0,0,0,3143,3249,
2840,Hand to Hand Combat Style,Cat_A_H_H2H_CS01.kfa,21,15,15,clamp,,4,0,0,0,0,0,3004,3249,
2841,Hand to Hand Combat Style,Cat_A_H_H2H_CS02.kfa,15,15,15,clamp,,4,0,0,0,0,0,3005,3249,
2842,Hand to Hand Combat Style,Cat_A_H_H2H_CS03.kfa,26,15,15,clamp,,4,0,0,0,0,0,3006,3249,
2843,Hand to Hand Combat Style,Cat_A_H_H2H_CS04.kfa,27,15,15,clamp,,4,0,0,0,0,0,3007,3249,
2844,Hand to Hand Combat Style,Cat_A_H_H2H_CS05.kfa,25,15,15,clamp,,4,0,0,0,0,0,3008,3249,
2845,1 Handed Combat Style,Cat_A_H_N2_CS01_01.kfa,16,15,15,clamp,,4,0,0,0,0,0,3009,3364,
2846,1 Handed Combat Style,Cat_A_H_N2_CS01_02.kfa,22,15,15,clamp,,4,0,0,0,0,0,3010,3364,
2847,1 Handed Combat Style,Cat_A_H_N2_CS01_03.kfa,25,15,15,clamp,,4,0,0,0,0,0,3011,3364,
2848,1 Handed Combat Style,Cat_A_H_N2_CS01_04.kfa,21,15,15,clamp,,4,0,0,0,0,0,3012,3364,
2849,1 Handed Combat Style,Cat_A_H_N2_CS01_05.kfa,30,15,15,clamp,,4,0,0,0,0,0,3013,3364,
2850,1 Handed Combat Style,Cat_A_H_N2_CS01_06.kfa,19,15,15,clamp,,4,0,0,0,0,0,3014,3364,
2851,Scythe Combat Style,Cat_A_H_Scythe_CS01.kfa,26,15,15,clamp,,4,0,0,0,0,0,3144,3249,
2852,Scythe Combat Style,Cat_A_H_Scythe_CS02.kfa,28,15,15,clamp,,4,0,0,0,0,0,3145,3249,
2853,Scythe Combat Style,Cat_A_H_Scythe_CS03.kfa,15,15,15,clamp,,4,0,0,0,0,0,3146,3249,
2854,Polearm Combat Style,Cat_A_H_W2S_CS01_01.kfa,14,15,15,clamp,,4,0,0,0,0,0,3147,3357,
2855,Polearm Combat Style,Cat_A_H_W2S_CS01_02.kfa,15,15,15,clamp,,4,0,0,0,0,0,3148,3357,
2856,Polearm Combat Style(not used),Cat_A_H_W2S_CS01_03.kfa,28,15,15,clamp,,4,0,0,0,0,0,3149,3357,
2857,Polearm Combat Style(Not used),Cat_A_H_W2S_CS01_04.kfa,18,15,15,clamp,400,4,0,0,0,0,0,3150,3357,
2858,Polearm Combat Style(Not used),Cat_A_H_W2S_CS01_05.kfa,23,15,15,clamp,466,4,0,0,0,0,0,3151,3357,
2859,Staff Combat Style,Cat_A_H_W2ST_CS01.kfa,25,15,15,clamp,,4,0,0,0,0,0,3015,3365,
2860,Staff Combat Style,Cat_A_H_W2ST_CS02.kfa,22,15,15,clamp,,4,0,0,0,0,0,3016,3365,
2861,Staff Combat Style,Cat_A_H_W2ST_CS03.kfa,25,15,15,clamp,,4,0,0,0,0,0,3017,3365,
2862,Staff Combat Style,Cat_A_H_W2ST_CS04.kfa,23,15,15,clamp,,4,0,0,0,0,0,3018,3365,
2863,Staff Combat Style(Not used),Cat_A_H_W2ST_CS05.kfa,19,15,15,clamp,300,4,0,0,0,0,0,3019,3365,
2864,Cata MA Essence Dampen,Cat_MA_EssenceDampen.kfa,43,15,15,clamp,,4,0,0,0,0,0,2984,,
2865,Cata MA  Essence Flame,Cat_MA_EssenceFlames.kfa,40,15,15,clamp,,4,0,0,0,0,0,2985,,
2866,Cata MA Essence Sear ,Cat_MA_EssenceSear.kfa,38,15,15,clamp,,4,0,0,0,0,0,2986,,
2867,Cata MA Essence Shatter,Cat_MA_EssenceShatter.kfa,71,15,15,clamp,,4,0,0,0,0,0,2987,,
2868,Cata MA Powerleak,Cat_MA_Powerleak.kfa,31,15,15,clamp,,4,0,0,0,0,0,2989,,
2869,Cata MA Sapping Strike,Cat_MA_Sappingstrike.kfa,31,15,15,clamp,,4,0,0,0,0,0,2990,,
2870,Cata MA Throw weapon,Cat_MA_throwweapon.kfa,23,15,15,clamp,,4,0,0,0,0,0,2991,,
2871,Cata Drum A,Cat_SP_H_DRUM_A.kfa,15,15,15,clamp,,4,0,0,0,0,0,,,
2872,Cata Drum B,Cat_SP_H_DRUM_B.kfa,10,15,15,loop,,4,0,0,0,0,0,,,
2873,Cata Drum C,Cat_SP_H_DRUM_C.kfa,23,15,15,clamp,,4,0,0,0,0,0,,,
2874,Cata Flute A,Cat_SP_H_FLUTE_A.kfa,15,15,15,clamp,,4,0,0,0,0,0,,,
2875,Cata Flute B,Cat_SP_H_FLUTE_B.kfa,10,15,15,loop,,4,0,0,0,0,0,,,
2876,Cata Flute C,Cat_SP_H_FLUTE_C.kfa,23,15,15,clamp,,4,0,0,0,0,0,,,
2877,Cata Lute A,Cat_SP_H_LUTE_A.kfa,15,15,15,clamp,400,4,0,0,0,0,0,,,
2878,Cata Lute B,Cat_SP_H_LUTE_B.kfa,10,15,15,loop,470,4,0,0,0,0,0,,,
2879,Cata Lute A,Cat_SP_H_LUTE_C.kfa,23,15,15,clamp,304,4,0,0,0,0,0,,,
2880,Raise Hand,Cat_EM_sayI.kfa,21,15,15,clamp,,4,0,0,0,0,0,,3249,
2881,,Cat_W_HF_Forward.kfa,15,15,15,loop,,4,0,0,0,0,0,2620,3249,
2882,Cata Strafe Right,Cat_St_HM_R.kfa,15,15,15,loop,,4,0,0,0,0,0,2743,3247,
2883,Cata Strafe Left,Cat_St_HM_L.kfa,15,15,15,loop,,4,0,0,0,0,0,2743,3247,
2884,Cata Military Salute,Cat_KEM_MSalute.kfa,30,15,15,clamp,,4,0,0,0,0,0,,,
2885,Cata Flinch,Cat_CF_H_1S_HIGH.kfa,17,15,15,clamp,,4,0,0,0,0,0,2757,3249,
2886,Zealot Spell A,CAT_SP_ZEL_A.kfa,20,15,15,clamp,,4,0,0,0,0,0,3026,3356,
2887,Zealot Spell B,CAT_SP_ZEL_B.kfa,10,15,15,loop,,4,0,0,0,0,0,3027,3355,
2888,Zealot Spell C,CAT_SP_ZEL_C.kfa,12,15,15,clamp,,4,0,0,0,0,0,3028,3354,
2889,1Handed Parry High,Cat_P_H_1S_High.kfa,13,15,15,clamp,,4,0,0,0,0,0,,,
2890,1Handed Parry Low,Cat_P_H_1s_LOw.kfa,13,15,15,clamp,,4,0,0,0,0,0,,,
2891,233- Apparently not used?,Cat_A_H_1S_HIGH_D.kfa,20,15,15,clamp,,4,0,0,0,0,0,,,
2892,?,Cat_A_H_1S_HIGH_R.kfa,15,15,15,clamp,,4,0,0,0,0,0,,,
2893,Combat Shield 1,Cat_A_H_1SHLD_CS01_01.kfa,18,15,15,clamp,,4,0,0,0,0,0,2959,3249,
2894,?,Cat_CI_T_W2S.kfa,30,15,15,clamp,,4,0,0,0,0,0,,,
2895,541 - Not Used?,Cat_SWI_H.kfa,18,15,15,clamp,,4,0,0,0,0,0,,,
2896,?,Cat_EM_BLUSH.kfa,25,15,15,clamp,,4,0,0,0,0,0,,,
2897,?,Cat_EM_COMMON.kfa,40,15,15,clamp,,4,0,0,0,0,0,,,
2898,?,Cat_EM_GLARE.kfa,72,15,15,clamp,,4,0,0,0,0,0,,,
2899,?,EM_Knighted.kfa,100,30,30,clamp,,4,0,0,0,0,0,,,
2900,?,EM_slit_with hand.kfa,40,30,30,clamp,,4,0,0,0,0,0,,,
2901,1562 - Not Used?,Em_spellboom.kfa,84,30,30,clamp,,4,0,0,0,0,0,,,
2902,?,Cat_W_HF_Forward.kfa,30,30,30,clamp,,4,0,0,0,0,0,,,
2903,?,EM_MEDITATE.kfa,43,15,15,clamp,,4,0,0,0,0,0,,,
2904,?,Cat_SP_H_DRAGONZ_C.kfa,23,15,15,clamp,,4,0,0,0,0,0,,,
2905,?,CAT_A_H_1h_CB002.kfa,44,15,15,clamp,,4,0,0,0,0,0,2947,3249,
2906,?,CAT_A_H_1h_CB001.kfa,40,15,15,clamp,,4,0,0,0,0,0,2948,3249,
2907,?,Cat_SP_SSHIFT_END1.kfa,23,15,15,clamp,,4,0,0,0,0,0,,,
2908,?,Cat_SP_M_SSHIFT1.kfa,15,15,15,clamp,,4,0,0,0,0,0,,,
2909,?,Cat_SP_MID1_SSHIFT.kfa,10,15,15,clamp,,4,0,0,0,0,0,,,
2910,Half Ogre M Idle,CAT_HO_idle.kfa,120,30,30,loop,,4,0,0,0,0,0,2742,3249,
2911,Half Ogre M Walk,CAT_HO_WALK.kfa,26,15,15,loop,,4,0,0,0,0,0,2620,3247,
2912,Half Ogre M Run,CAT_R_HO.kfa,9,15,15,loop,,4,0,0,0,0,0,2620,3248,
2913,Cata Flex weapon,CAT_A_H_1FW_HIGH_L.kfa,22,15,15,clamp,,4,0,0,0,0,2,,,
2914,Cata Flex weapon,CAT_A_H_1FW_high_M.kfa,18,15,15,clamp,,4,0,0,0,0,2,,,
2915,Cata Flex weapon,CAT_A_H_1FW_high_S.kfa,18,15,15,clamp,,4,0,0,0,0,2,,,
2916,Cata Flex weapon,CAT_A_H_1FW_LOW_L.kfa,14,15,15,clamp,,4,0,0,0,0,3,,,
2917,Cata Flex weapon,CAT_A_H_1FW_LOW_M.kfa,18,15,15,clamp,,4,0,0,0,0,2,,,
2918,Cata Flex weapon,CAT_A_H_1FW_low_S.kfa,16,15,15,clamp,,4,0,0,0,0,2,,,
2919,Firbolg Male Idle,CAT_I_FM.kfa,45,7,15,loop,,4,0,0,0,0,0,2742,3249,
2920,Firbolg Male Run,CAT_R_FM.kfa,18,15,15,loop,,4,0,0,0,0,0,2620,3248,
2921,Firbolg Male Walk,CAT_W_FM.kfa,22,15,15,loop,,4,0,0,0,0,0,2620,3247,
2922,Vamp C-Idle,Cat_CI_H_VAMP.kfa,30,15,15,loop,,4,0,0,0,0,0,2747,3249,
2923,Vamp Attack High,Cat_A_H_VAMP_HIGH.kfa,17,15,15,clamp,,4,0,0,0,0,0,3182,3364,
2924,Vamp Attack Low,Cat_A_H_VAMP_LOW.kfa,17,15,15,clamp,,4,0,0,0,0,0,3183,3364,
2925,Vamp CS 1,Cat_A_H_VAMP_CS01.kfa,26,15,15,clamp,,4,0,0,0,0,0,3179,3249,
2926,Vamp CS 2,Cat_A_H_VAMP_CS02.kfa,30,15,15,clamp,,4,0,0,0,0,0,3180,3249,
2927,Vamp CS 3,Cat_A_H_VAMP_CS03.kfa,29,15,15,clamp,,4,0,0,0,0,0,3181,3248,
2928,Vampire Fly,CAT_R_VAMP.kfa,24,15,15,loop,,4,0,0,0,0,0,,3249,
2930,Idle for Bulky Females,CAT_I_NF.kfa,120,30,30,loop,,4,0,0,0,0,0,,,
2931,Swim Frenzy,CAT_SWIM_A_H_1S_FRENZY.kfa,20,15,15,clamp,600,4,0,0,0,0,0,,,
2932,Swim Dirt Throw,CAT_SWIM_A_H_1S_DTHROW.kfa,12,15,15,clamp,,4,0,0,0,0,0,,,
2933,1 Handed Slash Style 6,CAT_SWIM_A_H_1S_CS01_06.kfa,16,15,15,clamp,250,4,0,0,0,0,0,,,
2934,1 Handed Slash Style 5,CAT_SWIM_A_H_1S_CS01_05.kfa,16,15,15,clamp,,4,0,0,0,0,0,,,
2935,1 Handed Slash Style 4,CAT_SWIM_A_H_1S_CS01_04.kfa,16,15,15,clamp,,4,0,0,0,0,0,,,
2936,1 Handed Slash Style 3,CAT_SWIM_A_H_1S_CS01_03.kfa,22,15,15,clamp,,4,0,0,0,0,0,,,
2937,1 Handed Slash Style 2,CAT_SWIM_A_H_1S_CS01_02.kfa,14,15,15,clamp,,4,0,0,0,0,0,,,
2938,1 Handed Slash Style 1,CAT_SWIM_A_H_1S_CS01_01.kfa,14,15,15,clamp,,4,0,0,0,0,0,,,
2939,Swim Crit Strike 8,Cat_SWIM_A_H_1R_CS08.kfa,24,15,15,clamp,,4,0,0,0,0,0,,,
2940,Swim Crit Strike 7,Cat_SWIM_A_H_1R_CS07.kfa,26,15,15,clamp,,4,0,0,0,0,0,,,
2941,Swim Crit Strike 6,Cat_SWIM_A_H_1R_CS06.kfa,25,15,15,clamp,,4,0,0,0,0,0,,,
2942,Swim Crit Strike 5,Cat_SWIM_A_H_1R_CS05.kfa,25,15,15,clamp,,4,0,0,0,0,0,,,
2943,Swim Crit Strike 4,Cat_SWIM_A_H_1R_CS04.kfa,31,15,15,clamp,,4,0,0,0,0,0,,,
2944,Swim Crit Strike 3,Cat_SWIM_A_H_1R_CS03.kfa,15,15,15,clamp,,4,0,0,0,0,0,,,
2945,Swim Crit Strike 2,Cat_SWIM_A_H_1R_CS02.kfa,15,15,15,clamp,,4,0,0,0,0,0,,,
2946,Swim Crit Strike 1,Cat_SWIM_A_H_1R_CS01.kfa,15,15,15,clamp,,4,0,0,0,0,0,,,
2947,Not used?,CAT_SWIM_A_H_1h_CB002.kfa,44,15,15,clamp,,4,0,0,0,0,0,,,
2948,Not used?,CAT_SWIM_A_H_1h_CB001.kfa,40,15,15,clamp,,4,0,0,0,0,0,,,
2949,Swim Flex Weapon Style 7,CAT_SWIM_A_H_1FW_CS07.kfa,23,15,15,clamp,,4,0,0,0,0,0,,,
2950,Swim Flex Weapon Style 6,CAT_SWIM_A_H_1FW_CS06.kfa,16,15,15,clamp,,4,0,0,0,0,0,,,
2951,Swim Flex Weapon Style 4,CAT_SWIM_A_H_1FW_CS04.kfa,22,15,15,clamp,,4,0,0,0,0,0,,,
2952,Swim Flex Weapon Style 3,CAT_SWIM_A_H_1FW_CS03.kfa,17,15,15,clamp,,4,0,0,0,0,0,,,
2953,Swim Flex Weapon Style 1,CAT_SWIM_A_H_1FW_CS01.kfa,30,15,15,clamp,,4,0,0,0,0,0,,,
2954,Swim 1H Crush Syle 5,Cat_SWIM_A_H_1C_CS01_05.kfa,17,15,15,clamp,,4,0,0,0,0,0,,,
2955,Swim 1H Crush Syle 4,Cat_SWIM_A_H_1C_CS01_04.kfa,23,15,15,clamp,,4,0,0,0,0,0,,,
2956,Swim 1H Crush Syle 3,Cat_SWIM_A_H_1C_CS01_03.kfa,24,15,15,clamp,,4,0,0,0,0,0,,,
2957,Swim 1H Crush Syle 2,Cat_SWIM_A_H_1C_CS01_02.kfa,12,15,15,clamp,,4,0,0,0,0,0,,,
2958,Swim 1H Crush Syle 1,Cat_SWIM_A_H_1C_CS01_01.kfa,14,15,15,clamp,,4,0,0,0,0,0,,,
2959,Swim Shield Style 1,CAT_SWIM_A_H_1SHLD_CS01_01.kfa,30,30,30,clamp,,4,0,0,0,0,0,,,
2960,Wide 2H Attack,CAt_A_H_W2ST_low.kfa,15,15,15,clamp,,4,0,0,0,0,0,2793,3249,
2961,MA Faultfinder,cat_MA_FaultFinder.kfa,55,15,15,clamp,,4,0,0,0,0,0,2988,,
2962,Cata SWIM EM wave,cat_SWIM_EM_wave.kfa,19,15,15,clamp,,4,0,0,0,0,0,,,
2963,Cata SWIM EM Blush,cat_SWIM_EM_Blush.kfa,24,15,15,clamp,,4,0,0,0,0,0,,,
2964,Cata SWIM EM Bow,cat_SWIM_EM_Bow.kfa,25,15,15,clamp,,4,0,0,0,0,0,,,
2965,Cata SWIM EM CHEER,cat_SWIM_EM_CHEER.kfa,20,15,15,clamp,,4,0,0,0,0,0,,,
2966,Cata SWIM EM CLAP,cat_SWIM_EM_CLAP.kfa,17,15,15,clamp,,4,0,0,0,0,0,,,
2967,Cata SWIM EM Dance,cat_SWIM_EM_Dance.kfa,27,15,15,clamp,,4,0,0,0,0,0,,,
2968,Cata SWIM EM DBflex,cat_SWIM_EM_DBflex.kfa,35,15,15,clamp,,4,0,0,0,0,0,,,
2969,Cata SWIM EM flex,cat_SWIM_EM_flex.kfa,18,15,15,clamp,,4,0,0,0,0,0,,,
2970,Cata SWIM EM kiss,cat_SWIM_EM_kiss.kfa,30,15,15,clamp,,4,0,0,0,0,0,,,
2971,Cata SWIM EM Letsgo,cat_SWIM_EM_Letsgo.kfa,17,15,15,clamp,,4,0,0,0,0,0,,,
2972,Cata SWIM EM point,cat_SWIM_EM_point.kfa,16,15,15,clamp,,4,0,0,0,0,0,,,
2973,Troll Spell Cast A (Not Used),CAT_TROLL_SP_A.kfa,15,15,15,clamp,,4,0,0,0,0,0,,,
2974,Troll Spell Cast B (Not Used),CAT_TROLL_SP_B.kfa,10,15,15,loop,,4,0,0,0,0,0,,,
2975,Troll Spell Cast C (Not Used),CAT_TROLL_SP_c.kfa,23,15,15,clamp,,4,0,0,0,0,0,,,
2976,Cata Shout,CAT_A_H_SHOUT.kfa,19,15,15,clamp,,4,0,0,0,0,0,,,
2977,Long Bow 4,CAT_A_H_2LB_4.kfa,30,15,15,clamp,,4,0,0,0,0,0,,,
2978,Long Bow 5,CAT_A_H_2LB_5.kfa,16,15,15,clamp,,4,0,0,0,0,0,,,
2979,Long Bow 6,CAT_A_H_2LB_6.kfa,23,15,15,clamp,,4,0,0,0,0,0,,,
2980,?,CAT_SWIM_A_H_1T_1.kfa,37,15,15,clamp,,4,0,0,0,0,0,,,
2981,?,CAT_SWIM_A_H_1T_2.kfa,7,15,15,clamp,,4,0,0,0,0,0,,,
2982,?,CAT_SWIM_A_H_1T_3.kfa,13,15,15,clamp,,4,0,0,0,0,0,,,
2983,Cata EM Swim Beg,cat_SWIM_Beg.kfa,61,15,15,clamp,,4,0,0,0,0,0,,,
2984,cat_SWIM_MA_EssenceDampen.kfa,cat_SWIM_MA_EssenceDampen.kfa,38,15,15,clamp,,4,0,0,0,0,0,,,
2985,cat_SWIM_MA_EssenceFlames.kfa,cat_SWIM_MA_EssenceFlames.kfa,40,15,15,clamp,,4,0,0,0,0,0,,,
2986,cat_SWIM_MA_EssenceSear.kfa,cat_SWIM_MA_EssenceSear.kfa,38,15,15,clamp,,4,0,0,0,0,0,,,
2987,cat_SWIM_MA_EssenceShatter.kfa,cat_SWIM_MA_EssenceShatter.kfa,71,15,15,clamp,,4,0,0,0,0,0,,,
2988,cat_SWIM_MA_FaultFinder.kfa,cat_SWIM_MA_FaultFinder.kfa,55,15,15,clamp,,4,0,0,0,0,0,,,
2989,cat_SWIM_MA_Powerleak.kfa,cat_SWIM_MA_Powerleak.kfa,31,15,15,clamp,,4,0,0,0,0,0,,,
2990,cat_SWIM_MA_Sappingstrike.kfa,cat_SWIM_MA_Sappingstrike.kfa,31,15,15,clamp,,4,0,0,0,0,0,,,
2991,cat_SWIM_MA_ThrowWeapon.kfa,cat_SWIM_MA_ThrowWeapon.kfa,23,15,15,clamp,,4,0,0,0,0,0,,,
2992,cat SWIM SP BKHAND END2,cat_SWIM_SP_BKHAND_END2.kfa,23,15,15,clamp,,4,0,0,0,0,0,,,
2993,cat SWIM SP BLESS END3,cat_SWIM_SP_BLESS_END3.kfa,23,15,15,clamp,,4,0,0,0,0,0,,,
2994,cat SWIM SP GENERIC END2,cat_SWIM_SP_GENERIC_END2.kfa,23,15,15,clamp,,4,0,0,0,0,0,,,
2995,?,Cat_SWIM_SP_GENERIC_ST2.kfa,15,15,15,clamp,,4,0,0,0,0,0,,,
2996,Not used?,Cat_swim_SP_h_SSHIFT1.kfa,15,15,15,clamp,,4,0,0,0,0,0,,,
2997,Cata SWIM SP H ST1,Cat_SWIM_SP_H_ST1.kfa,15,15,15,clamp,,4,0,0,0,0,0,,,
2998,Cata SWIM SP H ST2,Cat_SWIM_SP_H_ST2.kfa,15,15,15,loop,,4,0,0,0,0,0,,,
2999,Cata SWIM SP H ST3,Cat_SWIM_SP_H_ST3.kfa,15,15,15,clamp,,4,0,0,0,0,0,,,
3000,Cata SWIM SP MID2,Cat_SWIM_SP_MID2.kfa,10,15,15,loop,,4,0,0,0,0,0,,,
3001,Cata SWIM SP MID3,Cat_SWIM_SP_MID3.kfa,10,15,15,clamp,,4,0,0,0,0,0,,,
3002,Cata SWIM SP STAFF END3,cat_SWIM_SP_STAFF_END3.kfa,23,15,15,clamp,,4,0,0,0,0,0,,,
3003,Cata SWIM SP WAXON END2,cat_SWIM_SP_WAXON_END2.kfa,23,15,15,clamp,,4,0,0,0,0,0,,,
3004,Cata Swim A H H2H CS01,Cat_Swim_A_H_H2H_CS01.kfa,21,15,15,clamp,,4,0,0,0,0,0,,,
3005,Cata Swim A H H2H CS02,Cat_Swim_A_H_H2H_CS02.kfa,15,15,15,clamp,,4,0,0,0,0,0,,,
3006,Cata Swim A H H2H CS03,Cat_Swim_A_H_H2H_CS03.kfa,26,15,15,clamp,,4,0,0,0,0,0,,,
3007,Cata Swim A H H2H CS04,Cat_Swim_A_H_H2H_CS04.kfa,27,15,15,clamp,,4,0,0,0,0,0,,,
3008,Cata Swim A H H2H CS05,Cat_Swim_A_H_H2H_CS05.kfa,25,15,15,clamp,,4,0,0,0,0,0,,,
3009,Cata Swim A H N2 CS01 01,Cat_Swim_A_H_N2_CS01_01.kfa,16,15,15,clamp,,4,0,0,0,0,0,,,
3010,Cata Swim A H N2 CS01 02,Cat_Swim_A_H_N2_CS01_02.kfa,22,15,15,clamp,,4,0,0,0,0,0,,,
3011,Cata Swim A H N2 CS01 03,Cat_Swim_A_H_N2_CS01_03.kfa,25,15,15,clamp,,4,0,0,0,0,0,,,
3012,Cata Swim A H N2 CS01 04,Cat_Swim_A_H_N2_CS01_04.kfa,21,15,15,clamp,,4,0,0,0,0,0,,,
3013,Cata Swim A H N2 CS01 05,Cat_Swim_A_H_N2_CS01_05.kfa,24,15,15,clamp,,4,0,0,0,0,0,,,
3014,Cata Swim A H N2 CS01 06,Cat_Swim_A_H_N2_CS01_06.kfa,19,15,15,clamp,,4,0,0,0,0,0,,,
3015,Cata Swim A H W2ST CS01,Cat_Swim_A_H_W2ST_CS01.kfa,25,15,15,clamp,,4,0,0,0,0,0,,,
3016,Cata Swim A H W2ST CS02,Cat_Swim_A_H_W2ST_CS02.kfa,19,15,15,clamp,,4,0,0,0,0,0,,,
3017,Cata Swim A H W2ST CS03,Cat_Swim_A_H_W2ST_CS03.kfa,25,15,15,clamp,,4,0,0,0,0,0,,,
3018,Cata Swim A H W2ST CS04,Cat_Swim_A_H_W2ST_CS04.kfa,23,15,15,clamp,,4,0,0,0,0,0,,,
3019,Cata Swim A H W2ST CS05,Cat_Swim_A_H_W2ST_CS05.kfa,19,15,15,clamp,300,4,0,0,0,0,0,,,
3020,Cata SWIM Sp war 02 A,Cat_SWIM_Sp_war_02_A.kfa,9,15,15,clamp,,4,0,0,0,0,0,,,
3021,Cata SWIM Sp war 02 B,Cat_SWIM_Sp_war_02_B.kfa,15,15,15,loop,,4,0,0,0,0,0,,,
3022,Cata SWIM Sp war 02 C,Cat_SWIM_Sp_war_02_C.kfa,28,15,15,clamp,,4,0,0,0,0,0,,,
3023,Cata SWIM Sp war A,Cat_SWIM_Sp_war_A.kfa,24,15,15,clamp,,4,0,0,0,0,0,,,
3024,Cata SWIM Sp war B,Cat_SWIM_Sp_war_B.kfa,11,15,15,loop,,4,0,0,0,0,0,,,
3025,Cata SWIM Sp war C,Cat_SWIM_Sp_war_C.kfa,39,15,15,clamp,,4,0,0,0,0,0,,,
3026,Cata SWIM Sp Zel a,Cat_SWIM_Sp_Zel_a.kfa,20,15,15,clamp,,4,0,0,0,0,0,,,
3027,Cata SWIM Sp Zel B,Cat_SWIM_Sp_Zel_B.kfa,10,15,15,loop,,4,0,0,0,0,0,,,
3028,Cata SWIM Sp Zel C,Cat_SWIM_Sp_Zel_C.kfa,12,15,15,clamp,,4,0,0,0,0,0,,,
3029,Lurikeen Run,CAT_R_LM.KFA,24,30,30,loop,,4,0,0,0,0,0,2620,3248,
3030,Half Ogre Idle,CAT_I_HOM.kfa,60,15,15,loop,,4,0,0,0,0,0,2742,3249,
3031,Lurikeen Walk,CAT_W_LM.kfa,22,15,15,loop,,4,0,0,0,0,0,2620,3247,
3038,Evil Kobold1 WALK,EK1_WALK.kfa,22,15,15,loop,,3,0,0,0,0,0,,,
3039,Evil Kobold1 RUN,EK1_RUN.kfa,15,15,15,loop,,3,0,0,0,0,0,,,
3040,Evil Kobold1 idleA,EK1_idleA.kfa,60,15,15,loop,,3,0,0,0,0,0,,,
3041,Evil Kobold1 FLINCH,EK1_FLINCH.kfa,15,15,15,clamp,,3,0,0,0,0,0,,,
3042,Evil Kobold1 death,EK1_death.kfa,19,15,15,clamp,,3,0,0,0,0,0,,,
3043,Evil Kobold1 Cidle,EK1_Cidle.kfa,30,15,15,loop,,3,0,0,0,0,0,,,
3044,Evil Kobold1 ATTACK,EK1_ATTACK.kfa,27,15,15,clamp,,3,0,0,0,0,0,,,
3045,Evil Kobold2 walk,EK2_walk.kfa,22,15,15,loop,,3,0,0,0,0,0,,,
3046,Evil Kobold2 run,EK2_run.kfa,15,15,15,loop,,3,0,0,0,0,0,,,
3047,Evil Kobold2 idleA,EK2_idleA.kfa,90,15,15,loop,,3,0,0,0,0,0,,,
3048,Evil Kobold2 idleB,EK2_idleB.kfa,90,15,15,loop,,3,0,0,0,0,0,,,
3049,Evil Kobold2 idleC,EK2_idleC.kfa,74,15,15,loop,,3,0,0,0,0,0,,,
3050,Evil Kobold2 Flinch,EK2_Flinch.kfa,15,15,15,clamp,,3,0,0,0,0,0,,,
3051,Evil Kobold2 death,EK2_death.kfa,19,15,15,clamp,,3,0,0,0,0,0,,,
3052,Evil Kobold2 cidle,EK2_cidle.kfa,30,15,15,loop,,3,0,0,0,0,0,,,
3053,Evil Kobold2 attack,EK2_attack.kfa,27,15,15,clamp,,3,0,0,0,0,0,,,
3054,glashtin walk,glashtin_walk.kfa,20,15,15,loop,,3,0,0,0,0,0,,,
3055,glashtin swim,glashtin_swim.kfa,28,15,15,loop,,3,0,0,0,0,0,,,
3056,glashtin run,glashtin_run.kfa,12,15,15,loop,,3,0,0,0,0,0,,,
3057,glashtin idleup,glashtin_idleup.kfa,20,15,15,loop,,3,0,0,0,0,0,,,
3058,glashtin idle,glashtin_idle.kfa,20,15,15,loop,,3,0,0,0,0,0,,,
3059,glashtin Flinch,glashtin_Flinch.kfa,8,15,15,clamp,,3,0,0,0,0,0,,,
3060,glashtin death,glashtin_death.kfa,17,15,15,clamp,,3,0,0,0,0,0,,,
3061,glashtin cidle,glashtin_cidle.kfa,20,15,15,loop,,3,0,0,0,0,0,,,
3062,glashtin attack low,glashtin_attack_low.kfa,24,15,15,clamp,,3,0,0,0,0,0,,,
3063,glashtin attack high,glashtin_attack_high.kfa,18,15,15,clamp,,3,0,0,0,0,0,,,
3064,Evil Kobold1 swim,EK1_swim.kfa,28,15,15,loop,,3,0,0,0,0,0,,,
3065,Evil Kobold2 swim,EK2_swim.kfa,28,15,15,loop,,3,0,0,0,0,0,,,
3066,Evil Kobold3 attack,EK3_attack.kfa,27,15,15,clamp,,3,0,0,0,0,0,,,
3067,Evil Kobold3 cidle,EK3_cidle.kfa,30,15,15,loop,,3,0,0,0,0,0,,,
3068,Evil Kobold3 death,EK3_death.kfa,19,15,15,clamp,,3,0,0,0,0,0,,,
3069,Evil Kobold3 Flinch,EK3_Flinch.kfa,15,15,15,clamp,,3,0,0,0,0,0,,,
3070,Evil Kobold3 idleA,EK3_idleA.kfa,90,15,15,loop,,2,0,0,0,0,0,,,
3071,Evil Kobold3 idleB,EK3_idleB.kfa,90,15,15,loop,,2,0,0,0,0,0,,,
3072,Rock Creature Idle 1,cat_rock_idle.kfa,60,30,30,loop,,4,0,0,0,0,0,,,
3073,Rock Creature Flinch,cat_rock_flinch.kfa,15,15,15,clamp,,4,0,0,0,0,0,,,
3074,Rock Creature run,cat_rock_run.kfa,30,15,15,loop,,4,0,0,0,0,0,,,
3075,Rock Creature Walk,cat_rock_walk.kfa,30,15,15,loop,,4,0,0,0,0,0,,,
3076,Rock Creature Attack,rock_attack1.kfa,22,15,15,clamp,,4,0,0,0,0,0,,,
3077,Rock Creature die,cat_rock_die.kfa,60,15,15,clamp,,4,0,0,0,0,0,,,
3078,Rock Creature Attack 2,rock_attack2.kfa,19,15,15,clamp,,4,0,0,0,0,0,,,
3079,Rock Creature Idle 2,cat_rock_idle2.kfa,60,15,15,clamp,,4,0,0,0,0,0,,,
3080,Rock Creature Idle 3,cat_rock_idle3.kfa,90,15,15,clamp,,4,0,0,0,0,0,,,
3081,Rock Creature Attack,cat_rock_melee1.kfa,30,15,15,clamp,,4,0,0,0,0,0,,,
3082,Rock Creature C_Idle,cat_rock_cidle.kfa,30,15,15,loop,,4,0,0,0,0,0,,,
3083,Sylvan Male Idle,CAT_I_SM.kfa,120,15,15,loop,,4,0,0,0,0,0,2742,3249,
3084,Sylvan Female Idle,CAT_I_SF.kfa,120,15,15,loop,,4,0,0,0,0,0,2742,3249,
3085,Bainshee Run,BAnshee_run.kfa,48,30,30,loop,,4,0,0,0,0,0,,3439,
3086,Bainshee Attack 1,BAnshee_attackL.kfa,37,30,30,clamp,,4,0,0,0,0,0,,,
3087,Bainshee Flinch,BAnshee_flinch.kfa,24,30,30,clamp,,4,0,0,0,0,0,,,
3088,Bainshee Attack 2,BAnshee_attackM.kfa,30,30,30,clamp,,4,0,0,0,0,0,,,
3089,Bainshee Attack 3,BAnshee_attackH.kfa,38,30,30,clamp,,4,0,0,0,0,0,,,
3090,Bainshee Cidle,BAnshee_cidle.kfa,32,30,30,loop,,4,0,0,0,0,0,,,
3091,Bainshee Shout,BAnshee_shout.kfa,90,30,30,clamp,,4,0,0,0,0,0,,,
3092,Bainshee Death,BAnshee_death.kfa,34,30,30,clamp,,4,0,0,0,0,0,,,
3093,Bainshee Idle,BAnshee_idle.kfa,48,30,30,loop,,4,0,0,0,0,0,,3440,
3094,Bainshee Cast A,BAnshee_SPA.kfa,30,30,30,clamp,,4,0,0,0,0,0,,,
3095,Bainshee Cast B,BAnshee_SPB.kfa,20,30,30,loop,,4,0,0,0,0,0,,,
3096,Bainshee Cast C,BAnshee_SPC.kfa,46,30,30,clamp,,4,0,0,0,0,0,,,
3097,GlashtinBoss  idle,GlashtinBoss02_idle.kfa,60,15,15,loop,,3,0,0,0,0,0,,,
3098,GlashtinBoss  bowA,GlashtinBoss02_bowA.kfa,37,15,15,clamp,,3,0,0,0,0,0,,,
3099,GlashtinBoss  bowB,GlashtinBoss02_bowB.kfa,7,15,15,loop,,3,0,0,0,0,0,,,
3100,GlashtinBoss  bowB,GlashtinBoss02_bowC.kfa,13,15,15,clamp,,3,0,0,0,0,0,,,
3101,GlashtinBoss  walk,GlashtinBoss02_walk.kfa,23,15,15,loop,,3,0,0,0,0,0,,,
3102,GlashtinBoss  swim,GlashtinBoss02_swim.kfa,28,15,15,loop,,3,0,0,0,0,0,,,
3103,GlashtinBoss  SPA,GlashtinBoss02_SPA.kfa,15,15,15,clamp,,3,0,0,0,0,0,,,
3104,GlashtinBoss  SPB,GlashtinBoss02_SPB.kfa,10,15,15,loop,,3,0,0,0,0,0,,,
3105,GlashtinBoss  SPC,GlashtinBoss02_SPC.kfa,23,15,15,clamp,,3,0,0,0,0,0,,,
3106,GlashtinBoss  run,GlashtinBoss02_run.kfa,11,15,15,loop,,3,0,0,0,0,0,,,
3107,GlashtinBoss  flinch,GlashtinBoss02_flinch.kfa,18,15,15,clamp,,3,0,0,0,0,0,,,
3108,GlashtinBoss  death,GlashtinBoss02_death.kfa,18,15,15,clamp,,3,0,0,0,0,0,,,
3109,GlashtinBoss  cidle,GlashtinBoss02_cidle.kfa,15,15,15,loop,,3,0,0,0,0,0,,,
3110,GlashtinBoss  attackL,GlashtinBoss02_attackL.kfa,21,15,15,clamp,,3,0,0,0,0,0,,,
3111,GlashtinBoss  attackH,GlashtinBoss02_attackH.kfa,27,15,15,clamp,,3,0,0,0,0,0,,,
3112,Shackledsoul walk,shackledsoul_walk.kfa,26,15,15,loop,,3,0,0,0,0,0,,,
3113,Shackledsoul SpellA,shackledsoul_SpellA.kfa,12,15,15,clamp,,3,0,0,0,0,0,,,
3114,Shackledsoul SpellB,shackledsoul_SpellB.kfa,10,15,15,loop,,3,0,0,0,0,0,,,
3115,Shackledsoul SpellC,shackledsoul_SpellC.kfa,23,15,15,clamp,,3,0,0,0,0,0,,,
3116,Shackledsoul run,shackledsoul_run.kfa,20,15,15,loop,,3,0,0,0,0,0,,,
3117,Shackledsoul idle,shackledsoul_idle.kfa,26,15,15,loop,,3,0,0,0,0,0,,,
3118,Shackledsoul flinch,shackledsoul_flinch.kfa,11,15,15,clamp,,3,0,0,0,0,0,,,
3119,Shackledsoul death,shackledsoul_death.kfa,17,15,15,clamp,,3,0,0,0,0,0,,,
3120,Shackledsoul Cidle,shackledsoul_Cidle.kfa,26,15,15,loop,,3,0,0,0,0,0,,,
3121,Shackledsoul attack,shackledsoul_attack.kfa,26,15,15,clamp,,3,0,0,0,0,0,,,
3122,Cata Distract,Cat_I _Throw.kfa,25,15,15,clamp,,4,0,0,0,0,0,,,
3123,FW Parry Small,CAT_P_H_1FW_S.kfa,15,15,15,clamp,,4,0,0,0,0,9,,,
3124,FW Parry Med,CAT_P_H_1FW_M.kfa,16,15,15,clamp,,4,0,0,0,0,9,,,
3125,FW Parry Large,CAT_P_H_1FW_L.kfa,17,15,15,clamp,,4,0,0,0,0,9,,,
3126,Hib Female 2 hand combat idle,CatHibFemale2h_CI.kfa,30,15,15,loop,,4,0,0,0,0,0,2752,,
3127,Spider swim,cata_spider_walk.kfa,30,5,30,loop,,4,0,0,0,0,0,,,
3128,Not used,Bear_swim.kfa,12,15,15,loop,,4,0,0,0,0,0,,,
3129,Ettin Swim,ettin_swim.kfa,28,15,15,loop,,4,0,0,0,0,0,,,
3130,Giant Swim,giant_swim.kfa,40,30,30,loop,,4,0,0,0,0,0,,,
3131,Scrag Swim,scrag_swim.kfa,20,15,15,loop,,4,0,0,0,0,0,,,
3133,Style 1h Thrust 01,CAT_SWIM_A_H_1T_CS01_01.kfa,26,15,15,clamp,,4,0,0,0,0,0,,,
3134,Style 1h Thrust 02,CAT_SWIM_A_H_1T_CS01_02.kfa,23,15,15,clamp,,4,0,0,0,0,0,,,
3135,Style 1h Thrust 03,CAT_SWIM_A_H_1T_CS01_03.kfa,30,15,15,clamp,,4,0,0,0,0,0,,,
3136,Style 1h Thrust 04,CAT_SWIM_A_H_1T_CS01_04.kfa,29,15,15,clamp,500,4,0,0,0,0,0,,,
3137,Style 1h Thrust 05,CAT_SWIM_A_H_1T_CS01_05.kfa,26,15,15,clamp,400,4,0,0,0,0,0,,,
3138,Dual Wield Style 1,CAT_SWIM_A_H_D2_CS01_01.kfa,17,15,15,clamp,333,4,0,0,0,0,0,,,
3139,Dual Wield Style 2,CAT_SWIM_A_H_D2_CS01_02.kfa,18,15,15,clamp,400,4,0,0,0,0,0,,,
3140,Dual Wield Style 3,CAT_SWIM_A_H_D2_CS01_03.kfa,22,15,15,clamp,400,4,0,0,0,0,0,,,
3141,Dual Wield Style 4,CAT_SWIM_A_H_D2_CS01_04.kfa,23,15,15,clamp,,4,0,0,0,0,0,,,
3142,Dual Wield Style 5,CAT_SWIM_A_H_D2_CS01_05.kfa,20,15,15,clamp,,4,0,0,0,0,0,,,
3143,Dual Handed Combat Style(No Older vers),CAT_SWIM_A_H_D2_CS01_06.kfa,18,15,15,clamp,,4,0,0,0,0,0,,,
3144,Scythe Combat Style,Cat_SWIM_A_H_Scythe_CS01.kfa,26,15,15,clamp,,4,0,0,0,0,0,,,
3145,Scythe Combat Style,Cat_SWIM_A_H_Scythe_CS02.kfa,28,15,15,clamp,,4,0,0,0,0,0,,,
3146,Scythe Combat Style,Cat_SWIM_A_H_Scythe_CS03.kfa,15,15,15,clamp,,4,0,0,0,0,0,,,
3147,Polearm Combat Style,CAt_SWIM_A_H_W2S_CS01_01.kfa,14,15,15,clamp,,4,0,0,0,0,0,,,
3148,Polearm Combat Style,CAt_SWIM_A_H_W2S_CS01_02.kfa,15,15,15,clamp,,4,0,0,0,0,0,,,
3149,Polearm Combat Style(No Older Vers),CAt_SWIM_A_H_W2S_CS01_03.kfa,28,15,15,clamp,,4,0,0,0,0,0,,,
3150,Polearm Combat Style(Not used),CAt_SWIM_A_H_W2S_CS01_04.kfa,15,15,15,clamp,400,4,0,0,0,0,0,,,
3151,Polearm Combat Style(Not used),CAt_SWIM_A_H_W2S_CS01_05.kfa,23,15,15,clamp,466,4,0,0,0,0,0,,,
3152,Bat,bat_anim.kfa,10,40,15,loop,,1,0,0,0,0,0,,,
3153,Amphitere Ride,cat_rider01_amp.kfa,28,15,15,loop,,4,0,0,0,0,0,,,
3154,Dragonfly ride,cat_rider01_dfly.kfa,32,15,15,loop,,4,0,0,0,0,0,,,
3155,Gryphon Ride,cat_rider01_Gryphon.kfa,32,15,15,loop,,4,0,0,0,0,0,,,
3156,Harpy Ride,cat_rider01_harpy.kfa,32,15,15,loop,,4,0,0,0,0,0,,,
3157,Run/Flinch,Cat_Stumble_HM.kfa,8,15,15,clamp,,4,0,0,0,0,0,,,
3158,Boat Sit,cat_S_BS.kfa,50,15,15,loop,,4,0,0,0,0,0,,,
3159,Knock Back,cat_kback.kfa,24,15,15,clamp,,4,0,0,0,0,0,,,
3160,Glow fish Swim,SpriteTadpol_swim.kfa,12,30,30,loop,,3,0,0,0,0,0,,,
3161,cat_rider01_mine_small.kfa,cat_rider01_mine_small.kfa,30,30,30,loop,,4,0,0,0,0,0,,,
3162,cat_rider01_mine_med.kfa,cat_rider01_mine_med.kfa,30,30,30,loop,,4,0,0,0,0,0,,,
3163,cat_rider01_mine_large.kfa,cat_rider01_mine_large.kfa,30,30,30,loop,,4,0,0,0,0,0,,,
3164,Knock emote,cat_em_knock.kfa,23,15,15,clamp,,4,0,0,0,0,0,,,
3165,Boat Sit Small races,CAT_s_bs_SHORT.kfa,50,15,15,loop,,4,0,0,0,0,0,,,
3166,Sp_war_A.kfa,Sp_war_A.kfa,24,15,15,clamp,,1,0,0,0,0,0,,,
3167,Sp_war_B.kfa,Sp_war_B.kfa,11,15,15,loop,,1,0,0,0,0,0,,,
3168,Sp_war_C.kfa,Sp_war_C.kfa,39,15,15,clamp,,1,0,0,0,0,0,,,
3169,Sp_war_02_A.kfa,Sp_war_02_A.kfa,9,15,15,clamp,,1,0,0,0,0,0,,,
3170,Sp_war_02_B.kfa,Sp_war_02_B.kfa,15,15,15,loop,,1,0,0,0,0,0,,,
3171,Sp_war_02_C.kfa,Sp_war_02_C.kfa,28,15,15,clamp,,1,0,0,0,0,0,,,
3172,A_H_VAMP_CS01.kfa,A_H_VAMP_CS01.kfa,26,15,15,clamp,,1,0,0,0,0,0,3179,3249,
3173,A_H_VAMP_CS02.kfa,A_H_VAMP_CS02.kfa,30,15,15,clamp,,1,0,0,0,0,0,3180,3249,
3174,A_H_VAMP_CS03.kfa,A_H_VAMP_CS03.kfa,29,15,15,clamp,,1,0,0,0,0,0,3181,3249,
3175,A_H_VAMP_HIGH.kfa,A_H_VAMP_HIGH.kfa,17,15,15,clamp,,1,0,0,0,0,0,3182,3249,
3176,A_H_VAMP_LOW.kfa,A_H_VAMP_LOW.kfa,18,15,15,clamp,,1,0,0,0,0,0,3183,3249,
3177,CI_H_VAMP.kfa,CI_H_VAMP.kfa,30,15,15,loop,,1,0,0,0,0,0,3184,3249,
3178,R_VAMP.kfa,R_VAMP.kfa,24,15,15,loop,,1,0,0,0,0,0,,3418,
3179,SWIM_A_H_VAMP_CS01.kfa,SWIM_A_H_VAMP_CS01.kfa,26,15,15,clamp,,1,0,0,0,0,0,,,
3180,SWIM_A_H_VAMP_CS02.kfa,SWIM_A_H_VAMP_CS02.kfa,30,15,15,clamp,,1,0,0,0,0,0,,,
3181,SWIM_A_H_VAMP_CS03.kfa,SWIM_A_H_VAMP_CS03.kfa,29,15,15,clamp,,1,0,0,0,0,0,,,
3182,SWIM_A_H_vamp_HIGH.kfa,SWIM_A_H_vamp_HIGH.kfa,17,15,15,clamp,,1,0,0,0,0,0,,,
3183,SWIM_A_H_VAMP_LOW.kfa,SWIM_A_H_VAMP_LOW.kfa,18,15,15,clamp,,1,0,0,0,0,0,,,
3184,SWIM_CI_H_VAMP.kfa,SWIM_CI_H_VAMP.kfa,30,15,15,loop,,1,0,0,0,0,0,,,
3185,Sp_Zel_A.kfa,Sp_Zel_A.kfa,20,15,15,clamp,,1,0,0,0,0,0,3188,3356,
3186,Sp_Zel_B.kfa,Sp_Zel_B.kfa,10,15,15,loop,,1,0,0,0,0,0,3189,3355,
3187,Sp_Zel_c.kfa,Sp_Zel_c.kfa,12,15,15,clamp,,1,0,0,0,0,0,3190,3354,
3188,SWIM_Sp_Zel_A.kfa,SWIM_Sp_Zel_A.kfa,20,15,15,clamp,,1,0,0,0,0,0,,,
3189,SWIM_Sp_Zel_B.kfa,SWIM_Sp_Zel_B.kfa,10,15,15,loop,,1,0,0,0,0,0,,,
3190,SWIM_Sp_Zel_c.kfa,SWIM_Sp_Zel_c.kfa,12,15,15,clamp,,1,0,0,0,0,0,,,
3191,BainsheeSI_walk.kfa,BainsheeSI_walk.kfa,48,30,30,loop,,1,0,0,0,0,0,3191,3247,
3192,BainsheeSI_attackL.kfa,BainsheeSI_attackL.kfa,37,30,30,clamp,,1,0,0,0,0,0,3192,3249,
3193,BainsheeSI_flinch.kfa,BainsheeSI_flinch.kfa,24,30,30,clamp,,1,0,0,0,0,0,3193,3249,
3194,BainsheeSI_attackM.kfa,BainsheeSI_attackM.kfa,30,30,30,clamp,,1,0,0,0,0,0,3194,3364,
3195,Not Used,BainsheeSI_attackM.kfa,38,30,30,clamp,,1,0,0,0,0,0,3195,3364,
3196,BainsheeSI_cidle.kfa,BainsheeSI_cidle.kfa,32,30,30,loop,,1,0,0,0,0,0,3196,3249,
3197,BainsheeSI_shout.kfa,BainsheeSI_shout.kfa,90,30,30,clamp,,1,0,0,0,0,0,3197,3249,
3198,BainsheeSI_death.kfa,BainsheeSI_death.kfa,34,30,30,clamp,,1,0,0,0,0,0,3198,3249,
3199,BainsheeSI_idle.kfa,BainsheeSI_idle.kfa,48,30,30,loop,,1,0,0,0,0,0,3199,3249,
3200,BainsheeSI_SPA.kfa,BainsheeSI_SPA.kfa,30,30,30,clamp,,1,0,0,0,0,0,3200,3356,
3201,BainsheeSI_SPB.kfa,BainsheeSI_SPB.kfa,20,30,30,loop,,1,0,0,0,0,0,3201,3355,
3202,BainsheeSI_SPC.kfa,BainsheeSI_SPC.kfa,46,30,30,clamp,,1,0,0,0,0,0,3202,3354,
3203,cat_SW_H_LARGE.kfa,cat_SW_H_LARGE.kfa,28,15,15,loop,,4,0,0,0,0,0,,3249,
3204,EK1_BOW_A.kfa,EK1_BOW_A.kfa,37,15,15,clamp,,3,0,0,0,0,0,,,
3205,EK1_BOW_B.kfa,EK1_BOW_B.kfa,7,15,15,loop,,3,0,0,0,0,0,,,
3206,EK1_BOW_C.kfa,EK1_BOW_C.kfa,13,15,15,clamp,,3,0,0,0,0,0,,,
3207,EK2_BOW_A.kfa,EK2_BOW_A.kfa,37,15,15,clamp,,3,0,0,0,0,0,,,
3208,EK2_BOW_C.kfa,EK2_BOW_B.kfa,7,15,15,loop,,3,0,0,0,0,0,,,
3209,EK2_BOW_B.kfa,EK2_BOW_C.kfa,13,15,15,clamp,,3,0,0,0,0,0,,,
3210,CAT_CI_HO_w2S.kfa,CAT_CI_HO_w2S.kfa,18,15,15,loop,,4,0,0,0,0,0,,,
3211,cat_CI_F_N2S.kfa,cat_CI_F_N2S.kfa,30,15,15,loop,,4,0,0,0,0,0,,,
3212,cat_CI_D_w2S.kfa,cat_CI_D_w2S.kfa,18,15,15,loop,,4,0,0,0,0,0,,,
3213,cat_CI_V_w2S.kfa,cat_CI_V_w2S.kfa,18,15,15,loop,,4,0,0,0,0,0,,,
3214,bainshee_runflinch.kfa,bainshee_runflinch.kfa,16,15,15,clamp,,4,0,0,0,0,0,,,
3215,Death,Cat_D_HM.kfa,700,15,15,clamp,,4,0,0,0,0,0,2756,3249,
3216,Human Male Death,D_hm.kfa,700,15,15,clamp,0,0,0,1,0,0,0,1669,3249,
3217,Bat,bat_anim.kfa,10,10,15,loop,,1,0,0,0,0,0,,,
3218,puppy_walk.kfa,puppy_walk.kfa,40,15,15,loop,,4,0,0,0,0,0,3232,3247,
3219,puppy_eat_fly.kfa,puppy_eat_fly.kfa,90,15,15,loop,,4,0,0,0,0,0,3232,3249,
3220,puppy_idle.kfa,puppy_idle.kfa,60,15,15,loop,,4,0,0,0,0,0,3232,3249,
3221,puppy_run.kfa,puppy_run.kfa,20,15,15,loop,,4,0,0,0,0,0,3232,3248,
3222,fronthit01.kfa,fronthit01.kfa,35,15,15,clamp,,4,0,0,0,0,0,,,
3223,fronthit02.kfa,fronthit02.kfa,20,15,15,clamp,,4,0,0,0,0,0,,,
3224,fronthit03.kfa,fronthit03.kfa,20,15,15,clamp,,4,0,0,0,0,0,,,
3225,sidehit_left.kfa,sidehit_left.kfa,20,15,15,clamp,,4,0,0,0,0,0,,,
3226,sidehit_right.kfa,sidehit_right.kfa,20,15,15,clamp,,4,0,0,0,0,0,,,
3227,Dummy idle,dummy_idle.kfa,1,15,15,loop,,4,0,0,0,0,0,,,
3228,Smith Hammer,TUT_H_Hammer.kfa,27,15,15,loop,800,4,0,0,0,0,0,,,
3229,TUT_H_MinChop.kfa,TUT_H_MinChop.kfa,17,15,15,loop,,4,0,0,0,0,0,,,
3230,TUT_H_Death01.kfa,TUT_H_Death01.kfa,1,15,15,loop,,4,0,0,0,0,0,,,
3231,TUT_H_Death02.kfa,TUT_H_Death02.kfa,1,15,15,loop,,4,0,0,0,0,0,,,
3232,Puppy Swim,puppy_swim.kfa,16,10,15,loop,,4,0,0,0,0,0,,,
3233,HorseCart_walk,HorseCart_walk.kfa,60,15,15,loop,,1,0,1,0,0,0,,,
3234,Classic Mine Chop,C_TUT_H_MinChop.kfa,17,15,15,loop,,1,0,0,0,0,0,,,
3235,Classic Tutorial Death 1,C_TUT_H_Death01.kfa,1,15,15,loop,,1,0,0,0,0,0,,,
3236,Classic Tutorial Death 2,C_TUT_H_Death02.kfa,1,15,15,loop,,1,0,0,0,0,0,,,
3237,Classic Hammer,C_TUT_H_Hammer.kfa,27,15,15,loop,800,1,0,0,0,0,0,,,
3238,Horse Cart Idle,HorseCart_idle.kfa,32,15,15,loop,,1,0,0,0,0,0,,,
3239,Horse Cart Death,HorseCart_death.kfa,40,20,30,clamp,,1,0,0,0,0,0,,,
3240,CatHorse_idle02,CatHorse_idle02.kfa,80,30,30,loop,,4,0,0,1,0,0,,,
3241,CatHorse_idle,CatHorse_idle.kfa,80,30,30,loop,,4,0,0,1,0,0,3243,,
3242,Empty, , , , , , , , , , , , , , , 
3243,CatHorse_run_base,CatHorse_run_base.kfa,26,30,30,loop,,4,0,0,0,0,0,,,3442
3244,CatHorse_StrafeL,CatHorse_StrafeL.kfa,60,30,30,loop,,4,0,0,0,0,0,,,
3245,CatHorse_StrafeR,CatHorse_StrafeR.kfa,60,30,30,loop,,4,0,0,0,0,0,,,
3246,CatHorse_walk,CatHorse_walk.kfa,60,30,30,loop,,4,0,0,0,0,0,,,
3247,Cata Ride Horse,CatHR_walk.kfa,60,30,30,loop,,4,0,0,0,0,0,,,
3248,Player Riding Horse - Run,CatHR_run.kfa,30,30,30,loop,,4,0,0,0,0,0,,,
3249,Player Riding Horse - Idle,CatHR_idle.kfa,80,30,30,loop,,4,0,0,0,0,0,,,
3250,classic_horseswim,classic_horseswim.kfa,8,8,15,loop,,1,0,0,0,0,0,,,
3251,Empty,,,,,,,,,,,,,,,
3252,Chamberlain_idle,Chamberlain_idle.kfa,60,15,15,loop,,4,0,0,0,0,0,,,
3253,Chamberlain_idle_2,Chamberlain_idle_2.kfa,90,15,15,loop,,4,0,0,0,0,0,,,
3254,Empty, , , , , , , , , , , , ,,,
3255,CatHorse_JumpA,CatHorse_JumpA.kfa,30,30,30,clamp,,4,0,0,0,0,0,,,
3256,CatHorse_JumpB,CatHorse_JumpB.kfa,4,30,30,clamp,,4,0,0,0,0,0,,,
3257,chamberlain_walk,chamberlain_walk.kfa,36,15,15,loop,,4,0,0,0,0,0,,,
3258,chamberlain_Run,chamberlain_Run.kfa,15,15,15,loop,,4,0,0,0,0,0,,,
3259,chamberlain_Cidle,chamberlain_Cidle.kfa,30,15,15,loop,,4,0,0,0,0,0,,,
3260,chamberlain_death,chamberlain_death.kfa,19,15,15,clamp,,4,0,0,0,0,0,,,
3261,chamberlain_Flinch,chamberlain_Flinch.kfa,15,15,15,clamp,,4,0,0,0,0,0,,,
3262,chamberlain_Swim,chamberlain_Swim.kfa,72,15,15,loop,,4,0,0,0,0,0,,,
3263,chamberlain_attack,chamberlain_attack.kfa,27,15,15,clamp,,4,0,0,0,0,0,,,
3264,chamberlain_SP_A,chamberlain_SP_A.kfa,15,15,15,clamp,,4,0,0,0,0,0,,,
3265,chamberlain_SP_B,chamberlain_SP_B.kfa,10,15,15,loop,,4,0,0,0,0,0,,,
3266,chamberlain_SP_c,chamberlain_SP_c.kfa,23,15,15,clamp,,4,0,0,0,0,0,,,
3267,chamberlain_Bow_A,chamberlain_Bow_A.kfa,37,15,15,clamp,,4,0,0,0,0,0,,,
3268,chamberlain_Bow_B,chamberlain_Bow_B.kfa,7,15,15,loop,,4,0,0,0,0,0,,,
3269,chamberlain_Bow_c,chamberlain_Bow_c.kfa,13,15,15,clamp,,4,0,0,0,0,0,,,
3270,DR_DEMON_WALK,DR_DEMON_WALK.kfa,40,30,30,loop,,4,0,0,0,0,0,,,
3271,DR_DEMON_idle,DR_DEMON_idle.kfa,64,30,30,loop,,4,0,0,0,0,0,,,
3272,Classic Human Ride/New Horse,Classic_RH_H.kfa,26,30,30,loop,,1,0,0,0,0,0,,,
3273,DR_demon_attack,DR_demon_attack.kfa,30,30,30,clamp,,4,0,0,0,0,0,,,
3274,DR_DEMON_WALK,DR_DEMON_WALK.kfa,40,30,30,loop,,4,0,0,0,0,0,,,
3275,DR_demon_SP_C,DR_demon_SP_C.kfa,46,30,30,clamp,,4,0,0,0,0,0,,,
3276,DR_demon_SP_B,DR_demon_SP_B.kfa,20,30,30,loop,,4,0,0,0,0,0,,,
3277,DR_demon_SP_A,DR_demon_SP_A.kfa,30,30,30,clamp,,4,0,0,0,0,0,,,
3278,DR_DEMON_idle,DR_DEMON_idle.kfa,64,30,30,loop,,4,0,0,0,0,0,,,
3279,DR_demon_FLY_walk,DR_demon_FLY_walk.kfa,42,30,30,loop,,4,0,0,0,0,0,,,
3280,DR_demon_FLY_run,DR_demon_FLY_run.kfa,32,30,30,loop,,4,0,0,0,0,0,,,
3281,DR_demon_FLY_idle,DR_demon_FLY_idle.kfa,42,30,30,loop,,4,0,0,0,0,0,,,
3282,DR_demon_flinch,DR_demon_flinch.kfa,17,30,30,clamp,,4,0,0,0,0,0,,,
3283,DR_demon_death,DR_demon_death.kfa,43,30,30,clamp,,4,0,0,0,0,0,,,
3284,DR_demon_Cidle,DR_demon_Cidle.kfa,36,30,30,loop,,4,0,0,0,0,0,,,
3285,DR_demon_BOW_C,DR_demon_BOW_C.kfa,26,30,30,clamp,,4,0,0,0,0,0,,,
3286,DR_demon_BOW_B,DR_demon_BOW_B.kfa,14,30,30,loop,,4,0,0,0,0,0,,,
3287,DR_demon_bow_A,DR_demon_bow_A.kfa,74,30,30,clamp,,4,0,0,0,0,0,,,
3288,DR_DPixie_attack,DR_DPixie_attack.kfa,40,30,30,clamp,,4,0,0,0,0,0,,,
3289,DR_DPixie_walk,DR_DPixie_walk.kfa,50,30,30,loop,,4,0,0,0,0,0,,,
3290,DR_DPixie_SpC,DR_DPixie_SpC.kfa,20,30,30,clamp,,4,0,0,0,0,0,,,
3291,DR_DPixie_SpB,DR_DPixie_SpB.kfa,15,30,30,loop,,4,0,0,0,0,0,,,
3292,DR_DPixie_SpA,DR_DPixie_SpA.kfa,20,30,30,clamp,,4,0,0,0,0,0,,,
3293,DR_DPixie_run,DR_DPixie_run.kfa,40,30,30,loop,,4,0,0,0,0,0,,,
3294,DR_DPixie_idle,DR_DPixie_idle.kfa,50,30,30,loop,,4,0,0,0,0,0,,,
3295,DR_DPixie_Flinch,DR_DPixie_Flinch.kfa,40,30,30,clamp,,4,0,0,0,0,0,,,
3296,DR_DPixie_death,DR_DPixie_death.kfa,85,30,30,clamp,,4,0,0,0,0,0,,,
3297,DR_DPixie_Cidle,DR_DPixie_Cidle.kfa,40,30,30,loop,,4,0,0,0,0,0,,,
3298,df_demonpixie2_walk,df_demonpixie2_walk.kfa,30,30,30,loop,,4,0,0,0,0,0,,,
3299,df_demonpixie2_run,df_demonpixie2_run.kfa,20,30,30,loop,,4,0,0,0,0,0,,,
3300,df_demonpixie2_attackidle,df_demonpixie2_attackidle.kfa,30,30,30,clamp,,4,0,0,0,0,0,,,
3301,df_demonpixie2_attack,df_demonpixie2_attack.kfa,25,30,30,clamp,,4,0,0,0,0,0,,,
3302,df_demonpixie2_die,df_demonpixie2_die.kfa,40,30,30,clamp,,4,0,0,0,0,0,,,
3303,df_demonpixie2_flintch,df_demonpixie2_flintch.kfa,50,30,30,clamp,,4,0,0,0,0,0,,,
3304,df_demonpixie2_idle,df_demonpixie2_idle.kfa,30,30,30,loop,,4,0,0,0,0,0,,,
3305,DR_Imp_alt_idle,DR_Imp_alt_idle.kfa,35,15,15,loop,,4,0,0,0,0,0,,,
3306,DR_Imp_alt_walk,DR_Imp_alt_walk.kfa,42,15,15,loop,,4,0,0,0,0,0,,,
3307,DR_Imp_attackH,DR_Imp_attackH.kfa,22,15,15,clamp,,4,0,0,0,0,0,,,
3308,DR_Imp_attackL,DR_Imp_attackL.kfa,18,15,15,clamp,,4,0,0,0,0,0,,,
3309,DR_Imp_BowA,DR_Imp_BowA.kfa,37,15,15,clamp,,4,0,0,0,0,0,,,
3310,DR_Imp_BowB,DR_Imp_BowB.kfa,7,15,15,loop,,4,0,0,0,0,0,,,
3311,DR_Imp_BowC,DR_Imp_BowC.kfa,13,15,15,clamp,,4,0,0,0,0,0,,,
3312,DR_Imp_Cidle,DR_Imp_Cidle.kfa,16,15,15,loop,,4,0,0,0,0,0,,,
3313,DR_Imp_death,DR_Imp_death.kfa,60,15,15,clamp,,4,0,0,0,0,0,,,
3314,DR_Imp_Flinch,DR_Imp_Flinch.kfa,17,15,15,clamp,,4,0,0,0,0,0,,,
3315,DR_Imp_idle,DR_Imp_idle.kfa,16,15,15,loop,,4,0,0,0,0,0,,,
3316,DR_Imp_idle,DR_Imp_run.kfa,35,15,15,loop,,4,0,0,0,0,0,,,
3317,DR_Imp_SpellA,DR_Imp_SpellA.kfa,15,15,15,clamp,,4,0,0,0,0,0,,,
3318,DR_Imp_SpellB,DR_Imp_SpellB.kfa,10,15,15,loop,,4,0,0,0,0,0,,,
3319,DR_Imp_SpellC,DR_Imp_SpellC.kfa,23,15,15,clamp,,4,0,0,0,0,0,,,
3320,DR_Imp_walk,DR_Imp_walk.kfa,20,15,15,loop,,4,0,0,0,0,0,,,
3321,DR_rat_attackidle,DR_rat_attackidle.kfa,15,30,30,loop,,4,0,0,0,0,0,,,
3322,DR_rat_die,DR_rat_die.kfa,30,30,30,clamp,,4,0,0,0,0,0,,,
3323,DR_rat_fidget,DR_rat_fidget.kfa,30,30,30,loop,,4,0,0,0,0,0,,,
3324,DR_rat_flintch,DR_rat_flintch.kfa,15,30,30,clamp,,4,0,0,0,0,0,,,
3325,DR_rat_idle,DR_rat_idle.kfa,20,30,30,loop,,4,0,0,0,0,0,,,
3326,DR_rat_run,DR_rat_run.kfa,11,30,30,loop,,4,0,0,0,0,0,,,
3327,DR_rat_walk,DR_rat_walk.kfa,16,30,30,loop,,4,0,0,0,0,0,,,
3328,DR_rat_attack,DR_rat_attack.kfa,30,30,30,clamp,,4,0,0,0,0,0,,,
3329,DR_IMP_perch,DR_IMP_perch.kfa,32,30,30,loop,,4,0,0,0,0,0,,,
3330,DR_IMP_fly,DR_IMP_fly.kfa,32,30,30,loop,,4,0,0,0,0,0,,,
3331,horse_courbette,horse_courbette.kfa,57,15,15,clamp,,4,0,0,0,0,0,,,
3332,horse_startle,horse_startle.kfa,37,15,15,clamp,,4,0,0,0,0,0,,,
3333,horse_prance,horse_prance.kfa,50,15,15,clamp,,4,0,0,0,0,0,,3422,
3334,horse_nod,horse_nod.kfa,37,15,15,clamp,,4,0,0,0,0,0,,3424,
3335,horse_graze,horse_graze.kfa,54,15,15,clamp,,4,0,0,0,0,0,,3427,
3336,horse_rear,horse_rear.kfa,49,15,15,clamp,,4,0,0,0,0,0,,3423,
3337,emote_sweat,emote_sweat.kfa,30,15,15,clamp,,4,0,0,0,0,0,,3249,
3338,emote_kowtow,emote_kowtow.kfa,135,15,15,clamp,,4,0,0,0,0,0,,3249,
3339,emote_kowtow-lite,emote_kowtow-lite.kfa,90,15,15,clamp,,4,0,0,0,0,0,,3249,
3340,emote_lookfar,emote_lookfar.kfa,45,15,15,clamp,,4,0,0,0,0,0,,3395,
3341,emote_stagger,emote_stagger.kfa,65,15,15,clamp,,4,0,0,0,0,0,,3249,
3342,emote_stench,emote_stench.kfa,30,15,15,clamp,,4,0,0,0,0,0,,3397,
3343,DR_LEGLESSZ_attackH,DR_LEGLESSZ_attackH.kfa,20,30,30,clamp,,4,0,0,0,0,0,,,
3344,DR_LEGLESSZ_attackidle,DR_LEGLESSZ_attackidle.kfa,20,30,30,loop,,4,0,0,0,0,0,,,
3345,DR_LEGLESSZ_castB,DR_LEGLESSZ_castB.kfa,30,30,30,loop,,4,0,0,0,0,0,,,
3346,DR_LEGLESSZ_idle,DR_LEGLESSZ_idle.kfa,30,30,30,loop,,4,0,0,0,0,0,,,
3347,DR_LEGLESSZ_walk,DR_LEGLESSZ_walk.kfa,30,30,30,loop,,4,0,0,0,0,0,,,
3348,DR_LEGLESSZ_run,DR_LEGLESSZ_run.kfa,20,30,30,loop,,4,0,0,0,0,0,,,
3349,DR_LEGLESSZ_flintch,DR_LEGLESSZ_flintch.kfa,20,30,30,clamp,,4,0,0,0,0,0,,,
3350,DR_LEGLESSZ_death,DR_LEGLESSZ_death.kfa,50,30,30,clamp,,4,0,0,0,0,0,,,
3351,DR_LEGLESSZ_castC,DR_LEGLESSZ_castC.kfa,60,30,30,clamp,,4,0,0,0,0,0,,,
3352,DR_LEGLESSZ_castA,DR_LEGLESSZ_castA.kfa,45,30,30,clamp,,4,0,0,0,0,0,,,
3353,DR_LEGLESSZ_attackL,DR_LEGLESSZ_attackL.kfa,20,30,30,clamp,,4,0,0,0,0,0,,,
3354,CatHR_M_SPELLC,CatHR_M_SPELLC.kfa,46,30,30,clamp,,4,0,0,0,0,0,,,
3355,CatHR_M_SPELLB,CatHR_M_SPELLB.kfa,30,30,30,loop,,4,0,0,0,0,0,,,
3356,CatHR_M_SPELLA,CatHR_M_SPELLA.kfa,30,30,30,clamp,,4,0,0,0,0,0,,,
3357,CatHR_M_pole,CatHR_M_pole.kfa,26,30,30,loop,,4,0,0,0,0,0,,,
3358,CATHR_M_CBOWC,CATHR_M_CBOWC.kfa,33,30,30,clamp,,4,0,0,0,0,0,,,
3359,CATHR_M_CBOWB,CATHR_M_CBOWB.kfa,40,30,30,loop,,4,0,0,0,0,0,,,
3360,CATHR_M_CBOWA,CATHR_M_CBOWA.kfa,40,30,30,clamp,,4,0,0,0,0,0,,,
3361,CATHR_M_BOWC,CATHR_M_BOWC.kfa,26,30,30,clamp,,4,0,0,0,0,0,,,
3362,CATHR_M_BOWB,CATHR_M_BOWB.kfa,28,30,30,loop,,4,0,0,0,0,0,,,
3363,CATHR_M_BOWA,CATHR_M_BOWA.kfa,74,30,30,clamp,,4,0,0,0,0,0,,,
3364,CatHR_M_1H,CatHR_M_1H.kfa,26,30,30,loop,,4,0,0,0,0,0,,,
3365,CatHR_M_staff,CatHR_M_staff.kfa,26,30,30,loop,,4,0,0,0,0,0,,,
3366,emote_rider_no,emote_rider_no.kfa,30,15,15,clamp,,4,0,0,0,0,0,,,
3367,emote_rider_yes,emote_rider_yes.kfa,30,15,15,clamp,,4,0,0,0,0,0,,,
3368,emote_rider_clap,emote_rider_clap.kfa,30,15,15,clamp,,4,0,0,0,0,0,,,
3369,emote_rider_wave,emote_rider_wave.kfa,30,15,15,clamp,,4,0,0,0,0,0,,,
3370,emote_rider_cheer,emote_rider_cheer.kfa,30,15,15,clamp,,4,0,0,0,0,0,,,
3371,emote_rider_laugh,emote_rider_laugh.kfa,30,15,15,clamp,,4,0,0,0,0,0,,,
3372,DR_xaphan_SPELLC,DR_xaphan_SPELLC.kfa,46,30,30,loop,,5,0,0,0,0,0,,,
3373,DR_xaphan_SPELLA,DR_xaphan_SPELLA.kfa,30,30,30,clamp,,5,0,0,0,0,0,,,
3374,DR_xaphan_SPELLB,DR_xaphan_SPELLB.kfa,20,30,30,clamp,,5,0,0,0,0,0,,,
3375,DR_xaphan_death,DR_xaphan_death.kfa,32,30,30,clamp,,5,0,0,0,0,0,,,
3376,DR_xaphan_Flinch,DR_xaphan_Flinch.kfa,16,30,30,clamp,,5,0,0,0,0,0,,,
3377,DR_xaphan_Attack,DR_xaphan_Attack.kfa,48,30,30,clamp,,5,0,0,0,0,0,,,
3378,DR_xaphan_Cidle,DR_xaphan_Cidle.kfa,40,30,30,loop,,5,0,0,0,0,0,,,
3379,DR_xaphan_Walk,DR_xaphan_Walk.kfa,40,30,30,loop,,5,0,0,0,0,0,,,
3380,DR_xaphan_idle,DR_xaphan_idle.kfa,40,15,30,loop,,5,0,0,0,0,0,,,
3381,DR_succubus_attack,DR_succubus_attack.kfa,15,15,15,clamp,,5,0,0,0,0,0,,,
3382,DR_succubus_walk,DR_succubus_walk.kfa,20,15,15,loop,,5,0,0,0,0,0,,,
3383,DR_succubus_SPC,DR_succubus_SPC.kfa,23,15,15,clamp,,5,0,0,0,0,0,,,
3384,DR_succubus_SPB,DR_succubus_SPB.kfa,10,15,15,loop,,5,0,0,0,0,0,,,
3385,DR_succubus_SPA,DR_succubus_SPA.kfa,15,15,15,clamp,,5,0,0,0,0,0,,,
3386,DR_succubus_run,DR_succubus_run.kfa,10,15,15,loop,,5,0,0,0,0,0,,,
3387,DR_succubus_Idle_01,DR_succubus_Idle_01.kfa,30,15,15,loop,,5,0,0,0,0,0,,,
3388,DR_succubus_Idle,DR_succubus_Idle.kfa,30,7,15,loop,,5,0,0,0,0,0,,,
3389,DR_succubus_Flinch,DR_succubus_Flinch.kfa,8,15,15,clamp,,5,0,0,0,0,0,,,
3390,DR_succubus_death,DR_succubus_death.kfa,21,15,15,clamp,,5,0,0,0,0,0,,,
3391,DR_succubus_cidle,DR_succubus_cidle.kfa,18,15,15,loop,,5,0,0,0,0,0,,,
3392,DR_succubus_BowC,DR_succubus_BowC.kfa,13,15,15,clamp,,5,0,0,0,0,0,,,
3393,DR_succubus_BowB,DR_succubus_BowB.kfa,7,15,15,loop,,5,0,0,0,0,0,,,
3394,DR_succubus_BowA,DR_succubus_BowA.kfa,37,15,15,clamp,,5,0,0,0,0,0,,,
3395,emote_rider_lookfar,emote_rider_lookfar.kfa,30,15,15,clamp,,4,0,0,0,0,0,,,
3396,emote_rider_point,emote_rider_point.kfa,30,15,15,clamp,,4,0,0,0,0,0,,,
3397,emote_rider_stench,emote_rider_stench.kfa,30,15,15,clamp,,4,0,0,0,0,0,,,
3398,emote_rider_halt,emote_rider_halt.kfa,30,15,15,clamp,,4,0,0,0,0,0,,,
3399,emote_rider_pet-dragon,emote_rider_pet-dragon.kfa,60,30,30,clamp,,4,0,0,0,0,0,,,
3400,DK_asteroth_idle,DK_asteroth_idle.kfa,60,30,30,loop,,5,0,0,0,0,0,,,
3401,astoroth_flinch,astoroth_flinch.kfa,15,15,30,clamp,,5,0,0,0,0,0,,,
3402,astoroth_cast,astoroth_cast.kfa,22,15,30,clamp,,5,0,0,0,0,0,,,
3403,astoroth_attack2,astoroth_attack2.kfa,18,15,30,clamp,,5,0,0,0,0,0,,,
3404,astoroth_attack1,astoroth_attack1.kfa,32,15,30,clamp,,5,0,0,0,0,0,,,
3405,astoroth_death,astoroth_death.kfa,54,15,30,clamp,,5,0,0,0,0,0,,,
3406,astoroth_combatidle,astoroth_combatidle.kfa,20,15,30,loop,,5,0,0,0,0,0,,,
3407,astoroth_idle2,astoroth_idle2.kfa,38,15,30,loop,,5,0,0,0,0,0,,,
3408,astoroth_windup,astoroth_windup.kfa,15,15,30,clamp,,5,0,0,0,0,0,,,
3409,astoroth_walk,astoroth_walk.kfa,25,15,30,loop,,5,0,0,0,0,0,,,
3410,astoroth_loop,astoroth_loop.kfa,15,15,30,loop,,5,0,0,0,0,0,,,
3411,astoroth_idle1,astoroth_idle1.kfa,30,15,30,loop,,5,0,0,0,0,0,,,
3412,emote_rider_charge,emote_rider_charge.kfa,30,15,15,clamp,,4,0,0,0,0,0,,,
3413,emote_rider_salute,emote_rider_salute.kfa,30,15,15,clamp,,4,0,0,0,0,0,,,
3414,emote_rider_trick,emote_rider_trick.kfa,109,30,30,clamp,,4,0,0,0,0,0,,,
3415,emote_rider_victory,emote_rider_victory.kfa,30,15,15,clamp,,4,0,0,0,0,0,,,
3416,Classic_Horse_run,Classic_Horse_run.kfa,26,30,30,loop,,1,0,0,0,0,0,,,
3417,Classic_Horse_walk,Classic_Horse_walk.kfa,60,30,30,loop,,1,0,0,0,0,0,,,
3418,Classic_HR_IDLE,Classic_HR_IDLE.kfa,30,30,30,loop,,1,0,0,0,0,0,,,
3419,Classic_HR_run,Classic_HR_run.kfa,13,15,15,loop,,1,0,0,0,0,0,,,
3420,Classic_HR_walk,Classic_HR_walk.kfa,40,15,15,loop,,1,0,0,0,0,0,,,
3421,Classic_Horse_idle,Classic_Horse_idle.kfa,40,15,15,loop,,1,0,0,0,0,0,,,
3422,horse_prance_rider,horse_prance_rider.kfa,50,15,15,clamp,,4,0,0,0,0,0,,,
3423,horse_rear_rider,horse_rear_rider.kfa,49,15,15,clamp,,4,0,0,0,0,0,,,
3424,horse_nod_rider,horse_nod_rider.kfa,37,15,15,clamp,,4,0,0,0,0,0,,,
3425,horse_startle_rider,horse_startle_rider.kfa,37,15,15,clamp,,4,0,0,0,0,0,,,
3426,horse_courbette_rider,horse_courbette_rider.kfa,57,15,15,clamp,,4,0,0,0,0,0,,,
3427,horse_graze_rider,horse_graze_rider.kfa,54,15,15,clamp,,4,0,0,0,0,0,,,
3428,emote_yawn,emote_yawn.kfa,78,15,15,clamp,,4,0,0,0,0,0,,3249,
3429,emote_doh,emote_doh.kfa,45,15,15,clamp,,4,0,0,0,0,0,,3249,
3430,emote_confused,emote_confused.kfa,45,15,15,clamp,,4,0,0,0,0,0,,3249,
3431,emote_shiver_45,emote_shiver_45.kfa,45,15,15,clamp,,4,0,0,0,0,0,,3249,
3432,emote_rofl_90,emote_rofl_90.kfa,90,15,15,clamp,,4,0,0,0,0,0,,3249,
3433,emote_mememe_30,emote_mememe_30.kfa,30,15,15,clamp,,4,0,0,0,0,0,,3249,
3434,CAT_HR_M_jumpA,CAT_HR_M_jumpA.kfa,30,30,30,clamp,,4,0,0,0,0,0,,,
3435,CAT_HR_M_jumpB,CAT_HR_M_jumpB.kfa,1,30,30,clamp,,4,0,0,0,0,0,,,
3436,CatHorse_JumpB,CatHorse_JumpB.kfa,0,30,30,clamp,,4,0,0,0,0,0,,,
3437,CatHorse_jump_base Jump A,CatHorse_jump_base.kfa,30,30,30,clamp,,4,0,0,0,0,0,,,3443
3438,Classic_HR_EM_wave,Classic_HR_EM_wave.kfa,30,15,15,clamp,,1,0,0,0,0,0,,,
3439,DR_HR_banshee,DR_HR_banshee.kfa,48,30,30,loop,,4,0,0,0,0,0,,,
3440,DR_HR_banshee_idle,DR_HR_banshee_idle.kfa,48,30,30,loop,,4,0,0,0,0,0,,,
3441,emote_whistle,emote_whistle.kfa,30,15,15,clamp,,4,0,0,0,0,0,,,
3442,CatHorse_run_blanket,CatHorse_run_blanket.kfa,26,30,30,loop,,4,0,0,0,0,0,,,
3443,CatHorse_jump_blanket,CatHorse_jump_blanket.kfa,30,30,30,clamp,,4,0,0,0,0,0,,,
3444,admorenth_idle,admorenth_idle.kfa,30,15,15,loop,,5,0,0,0,0,0,,,
3445,admorenth_loop,admorenth_loop.kfa,10,15,15,loop,,5,0,0,0,0,0,,,
3446,admorenth_walk,admorenth_walk.kfa,15,15,15,loop,,5,0,0,0,0,0,,,
3447,admorenth_windup,admorenth_windup.kfa,15,15,15,clamp,,5,0,0,0,0,0,,,
3448,admorenth_attack1,admorenth_attack1.kfa,23,15,15,clamp,,5,0,0,0,0,0,,,
3449,admorenth_attack2,admorenth_attack2.kfa,21,15,15,clamp,,5,0,0,0,0,0,,,
3450,admorenth_cast,admorenth_cast.kfa,25,15,15,clamp,,5,0,0,0,0,0,,,
3451,admorenth_combatidle,admorenth_combatidle.kfa,20,15,15,loop,,5,0,0,0,0,0,,,
3452,admorenth_death,admorenth_death.kfa,37,15,15,clamp,,5,0,0,0,0,0,,,
3453,admorenth_flinch,admorenth_flinch.kfa,16,15,15,clamp,,5,0,0,0,0,0,,,
3454,admorenth_idle2,admorenth_idle2.kfa,58,15,15,loop,,5,0,0,0,0,0,,,
3455,DR_MOLOCH_flintch,DR_MOLOCH_flintch.kfa,10,15,15,clamp,,5,0,0,0,0,0,,,
3456,DR_MOLOCH_death,DR_MOLOCH_death.kfa,37,15,15,clamp,,5,0,0,0,0,0,,,
3457,DR_MOLOCH_castC,DR_MOLOCH_castC.kfa,14,15,15,clamp,,5,0,0,0,0,0,,,
3458,DR_MOLOCH_castB,DR_MOLOCH_castB.kfa,25,15,15,loop,,5,0,0,0,0,0,,,
3459,DR_MOLOCH_castA,DR_MOLOCH_castA.kfa,14,15,15,clamp,,5,0,0,0,0,0,,,
3460,DR_MOLOCH_walk,DR_MOLOCH_walk.kfa,30,15,15,loop,,5,0,0,0,0,0,,,
3461,DR_MOLOCH_run,DR_MOLOCH_run.kfa,20,15,15,loop,,5,0,0,0,0,0,,,
3462,DR_MOLOCH_attackL,DR_MOLOCH_attackL.kfa,35,15,15,clamp,,5,0,0,0,0,0,,,
3463,DR_MOLOCH_attackH,DR_MOLOCH_attackH.kfa,35,15,15,clamp,,5,0,0,0,0,0,,,
3464,DR_MOLOCH_idlemelee,DR_MOLOCH_idlemelee.kfa,30,15,15,loop,,5,0,0,0,0,0,,,
3465,DR_MOLOCH_idle,DR_MOLOCH_idle.kfa,30,15,15,loop,,5,0,0,0,0,0,,,
3466,King_viking_idle1_35,King_viking_idle1_35.kfa,35,15,15,loop,,5,0,0,0,0,0,,,
3467,King_viking_idle_110,King_viking_idle_110.kfa,110,15,15,loop,,5,0,0,0,0,0,,,
3468,King_viking_idle2_36,King_viking_idle2_36.kfa,36,15,15,loop,,5,0,0,0,0,0,,,
3469,King_Lug_idle1_35,King_Lug_idle1_35.kfa,35,15,15,loop,,5,0,0,0,0,0,,,
3470,King_Lug_idle2_47,King_Lug_idle2_47.kfa,47,15,15,loop,,5,0,0,0,0,0,,,
3471,King_Lug_idle_60,King_Lug_idle_60.kfa,60,15,15,loop,,5,0,0,0,0,0,,,
3472,King_Constantine_idle2_32,King_Constantine_idle2_32.kfa,32,15,15,loop,,5,0,0,0,0,0,,,
3473,King_Constantine_idle_60,King_Constantine_idle_60.kfa,60,15,15,loop,,5,0,0,0,0,0,,,
3474,King_Constantine_idle1_35,King_Constantine_idle1_35.kfa,35,15,15,loop,,5,0,0,0,0,0,,,
3475,CatHorse_attack,CatHorse_attack.kfa,49,15,15,clamp,,4,0,0,0,0,0,,,
3476,CatHorse_flinch,CatHorse_flinch.kfa,20,15,15,clamp,,4,0,0,0,0,0,,,
3477,CatHorse_cidle,CatHorse_cidle.kfa,70,15,15,loop,,4,0,0,0,0,0,,,
3478,CatHorse_death,CatHorse_death.kfa,20,15,15,clamp,,4,0,0,0,0,0,,,
3479,Classic_Horse_attack,Classic_Horse_attack.kfa,49,15,15,clamp,,1,0,0,0,0,0,,,
3480,Classic_Horse_cidle,Classic_Horse_cidle.kfa,70,15,15,loop,,1,0,0,0,0,0,,,
3481,Classic_Horse_death,Classic_Horse_death.kfa,20,15,15,clamp,,1,0,0,0,0,0,,,
3482,Classic_Horse_flinch,Classic_Horse_flinch.kfa,20,15,15,clamp,,1,0,0,0,0,0,,,
3483,Classic_Horse_jump,Classic_Horse_jump.kfa,30,15,15,clamp,,1,0,0,0,0,0,,,
3484,Classic_emote_whistle,Classic_emote_whistle.kfa,30,15,15,clamp,,1,0,0,0,0,0,,,
3485,CatHorse_swim,CatHorse_swim.kfa,23,8,15,loop,,4,0,0,0,0,0,,,
3486,CatHR_M_swim,CatHR_M_swim.kfa,23,15,15,loop,,4,0,0,0,0,0,,,
3487,belial_walk,belial_walk.kfa,20,15,15,loop,,5,0,0,0,0,0,,,
3488,belial_loop,belial_loop.kfa,10,15,15,loop,,5,0,0,0,0,0,,,
3489,belial_idle1,belial_idle1.kfa,30,15,15,loop,,5,0,0,0,0,0,,,
3490,belial_idle3,belial_idle3.kfa,40,15,15,loop,,5,0,0,0,0,0,,,
3491,belial_idle2,belial_idle2.kfa,55,15,15,loop,,5,0,0,0,0,0,,,
3492,belial_flinch,belial_flinch.kfa,12,15,15,clamp,,5,0,0,0,0,0,,,
3493,belial_combatidle,belial_combatidle.kfa,20,15,15,loop,,5,0,0,0,0,0,,,
3494,belial_death,belial_death.kfa,57,15,15,clamp,,5,0,0,0,0,0,,,
3495,belial_windup,belial_windup.kfa,22,15,15,clamp,,5,0,0,0,0,0,,,
3496,belial_cast,belial_cast.kfa,22,15,15,clamp,,5,0,0,0,0,0,,,
3497,belial_attack2,belial_attack2.kfa,29,15,15,clamp,,5,0,0,0,0,0,,,
3498,Cat Norse/Valkyn Male 2 Comb Idle,CAT_CI_H_N2S_Norse.kfa,30,15,15,loop,,4,0,0,0,0,0,2752,3249,
3499,Cat Norse/Valkyn Female 2 Comb Idle,CAT_CI_H_N2S_Female.kfa,30,15,15,loop,,4,0,0,0,0,0,2752,3249, 
3500,DR_Fsuccubus_walk,DR_Fsuccubus_walk.kfa,15,15,15,loop,,4,0,0,0,0,0,,,
3501,DR_Fsuccubus_run,DR_Fsuccubus_run.kfa,10,15,15,loop,,4,0,0,0,0,0,,,
3502,DR_Fsuccubus_attackL,DR_Fsuccubus_attackL.kfa,20,15,15,clamp,,4,0,0,0,0,0,,,
3503,DR_Fsuccubus_attackidle,DR_Fsuccubus_attackidle.kfa,15,15,15,loop,,4,0,0,0,0,0,,,
3504,DR_Fsuccubus_attackH,DR_Fsuccubus_attackH.kfa,15,15,15,clamp,,4,0,0,0,0,0,,,
3505,DR_Fsuccubus_flintch,DR_Fsuccubus_flintch.kfa,15,15,15,clamp,,4,0,0,0,0,0,,,
3506,DR_Fsuccubus_death,DR_Fsuccubus_death.kfa,30,15,15,clamp,,4,0,0,0,0,0,,,
3507,DR_Fsuccubus_castC,DR_Fsuccubus_castC.kfa,15,15,15,clamp,,4,0,0,0,0,0,,,
3508,DR_Fsuccubus_castB,DR_Fsuccubus_castB.kfa,15,15,15,loop,,4,0,0,0,0,0,,,
3509,DR_Fsuccubus_Idle,DR_Fsuccubus_Idle.kfa,15,15,15,loop,,4,0,0,0,0,0,,,
3510,DR_Fsuccubus_castA,DR_Fsuccubus_castA.kfa,15,15,15,loop,,4,0,0,0,0,0,,,
3511,DR_wolf_sitidle,DR_wolf_sitidle.kfa,30,8,15,loop,,5,0,0,0,0,0,,,
3512,DR_Shade_horseride jump,DR_Shade_horseride.kfa,80,15,15,clamp,,4,0,0,0,0,0,,,
3513,DR_Shade_horseride land,DR_Shade_horseride.kfa,0,15,15,clamp,,4,0,0,0,0,0,,,
3514,King_Constantine_Sidle2_36,King_Constantine_Sidle2_36.kfa,36,15,15,loop,,5,0,0,0,0,0,,,
3515,King_Constantine_Sidle1_35,King_Constantine_Sidle1_35.kfa,35,15,15,loop,,5,0,0,0,0,0,,,
3516,King_Constantine_Sidle0_110,King_Constantine_Sidle0_110.kfa,110,15,15,loop,,5,0,0,0,0,0,,,
3517,King_Lug_Sidle0_110,King_Lug_Sidle0_110.kfa,110,15,15,loop,,5,0,0,0,0,0,,,
3518,King_Lug_Sidle1_35,King_Lug_Sidle1_35.kfa,35,15,15,loop,,5,0,0,0,0,0,,,
3519,King_Lug_Sidle1_36,King_Lug_Sidle1_36.kfa,36,15,15,loop,,5,0,0,0,0,0,,,
3520,KingViking_dog_100,KingViking_dog_100.kfa,100,15,15,loop,,5,0,0,0,0,0,,,
3521,Wight_walk (not used),Wight_walk_18.kfa,18,15,15,loop,,4,0,0,0,0,0,,,
3522,Wight_idle0_60 (not used),Wight_idle0_60.kfa,60,15,15,loop,,4,0,0,0,0,0,,,
3523,Wight_idle1 (not used),Wight_idle1_60.kfa,60,15,15,loop,,4,0,0,0,0,0,,,
3524,Wight_idle2_90 (not used),Wight_idle2_90.kfa,90,15,15,loop,,4,0,0,0,0,0,,,
3525,Wight_run (not used),Wight_run_15.kfa,15,15,15,loop,,4,0,0,0,0,0,,,
3526,Wight_cidle (not used),Wight_cidle_30.kfa,30,15,15,loop,,4,0,0,0,0,0,,,
3527,utgard_combatidle,utgard_combatidle.kfa,15,15,15,loop,,5,0,0,0,0,0,,,
3528,utgard_death,utgard_death.kfa,47,15,15,clamp,,5,0,0,0,0,0,,,
3529,utgard_flinch,utgard_flinch.kfa,13,15,15,clamp,,5,0,0,0,0,0,,,
3530,utgard_idle,utgard_idle.kfa,30,15,15,loop,,5,0,0,0,0,0,,,
3531,utgard_idle2,utgard_idle2.kfa,52,15,15,loop,,5,0,0,0,0,0,,,
3532,utgard_loop,utgard_loop.kfa,10,15,15,loop,,5,0,0,0,0,0,,,
3533,utgard_walk,utgard_walk.kfa,20,15,15,loop,,5,0,0,0,0,0,,,
3534,utgard_windup,utgard_windup.kfa,15,15,15,clamp,,5,0,0,0,0,0,,,
3535,utgard_attack1,utgard_attack1.kfa,22,15,15,clamp,,5,0,0,0,0,0,,,
3536,utgard_attack2,utgard_attack2.kfa,27,15,15,clamp,,5,0,0,0,0,0,,,
3537,utgard_cast,utgard_cast.kfa,22,15,15,clamp,,5,0,0,0,0,0,,,
3538,belial_attack1,belial_attack1.kfa,29,15,15,clamp,,5,0,0,0,0,0,,,
3539,DR_azazel_death,DR_azazel_death.kfa,25,15,15,clamp,,5,0,0,0,0,0,,,
3540,DR_azazel_run,DR_azazel_run.kfa,12,15,15,loop,,5,0,0,0,0,0,,,
3541,DR_azazel_castC,DR_azazel_castC.kfa,20,15,15,clamp,,5,0,0,0,0,0,,,
3542,DR_azazel_castB,DR_azazel_castB.kfa,15,15,15,loop,,5,0,0,0,0,0,,,
3543,DR_azazel_castA,DR_azazel_castA.kfa,15,15,15,clamp,,5,0,0,0,0,0,,,
3544,DR_azazel_flintch,DR_azazel_flintch.kfa,10,15,15,clamp,,5,0,0,0,0,0,,,
3545,DR_azazel_idle,DR_azazel_idle.kfa,15,6,15,loop,,5,0,0,0,0,0,,,
3546,DR_azazel_idlemelee,DR_azazel_idlemelee.kfa,15,8,15,loop,,5,0,0,0,0,0,,,
3547,DR_azazel_meleeH,DR_azazel_meleeH.kfa,20,15,15,clamp,,5,0,0,0,0,0,,,
3548,DR_azazel_meleeL,DR_azazel_meleeL.kfa,20,15,15,clamp,,5,0,0,0,0,0,,,
3549,DR_azazel_walk,DR_azazel_walk.kfa,20,15,15,loop,,5,0,0,0,0,0,,,
3550,Classic_em_yawn,Classic_em_yawn.kfa,78,15,15,clamp,,1,0,0,0,0,0,,3418,
3551,Classic_em_stagger,Classic_em_stagger.kfa,65,15,15,clamp,,1,0,0,0,0,0,,3418,
3552,Classic_em_shiver,Classic_em_shiver.kfa,47,15,15,clamp,,1,0,0,0,0,0,,3418,
3553,Classic_em_search(lookfar),Classic_em_search.kfa,47,15,15,clamp,,1,0,0,0,0,0,,3418,
3554,Classic_em_rofl,Classic_em_rofl.kfa,90,15,15,clamp,,1,0,0,0,0,0,,3418,
3555,Classic_em_mememe,Classic_em_mememe.kfa,30,15,15,clamp,,1,0,0,0,0,0,,3418,
3556,Classic_em_confused,Classic_em_confused.kfa,30,15,15,clamp,,1,0,0,0,0,0,,3418,
3557,Classic_em_sweat,Classic_em_sweat.kfa,30,15,15,clamp,,1,0,0,0,0,0,,3418,
3558,Classic_em_stintch,Classic_em_stintch.kfa,30,15,15,clamp,,1,0,0,0,0,0,,3418,
3559,Classic_em_doh,Classic_em_doh.kfa,45,15,15,clamp,,1,0,0,0,0,0,,3418,
3560,DR_GreaterNecro_CastA,DR_GreaterNecro_CastA.kfa,15,15,15,clamp,,4,0,0,0,0,0,2812,,
3561,DR_GreaterNecro_CastB,DR_GreaterNecro_CastB.kfa,10,15,15,loop,,4,0,0,0,0,0,2820,,
3562,DR_GreaterNecro_CastC,DR_GreaterNecro_CastC.kfa,12,15,15,clamp,,4,0,0,0,0,0,2814,,
3563,DR_GreaterNecro_Death,DR_GreaterNecro_Death.kfa,19,15,15,clamp,,4,0,0,0,0,0,2756,,
3564,DR_GreaterNecro_Flintch,DR_GreaterNecro_Flintch.kfa,15,15,15,clamp,,4,0,0,0,0,0,2757,,
3565,DR_GreaterNecro_Idle,DR_GreaterNecro_Idle.kfa,90,15,15,loop,,4,0,0,0,0,0,2742,,
3566,DR_GreaterNecro_Run,DR_GreaterNecro_Run.kfa,15,15,15,loop,,4,0,0,0,0,0,2620,,
3567,DR_GreaterNecro_Walk,DR_GreaterNecro_Walk.kfa,18,15,15,loop,,4,0,0,0,0,0,2620,,
3568,DR_GreaterNecro_MeleeH,DR_GreaterNecro_MeleeH.kfa,27,15,15,clamp,,4,0,0,0,0,0,2767,,
3569,DR_NecroServant_CastA,DR_NecroServant_CastA.kfa,15,9,15,clamp,,4,0,0,0,0,0,2812,,
3570,DR_NecroServant_CastB,DR_NecroServant_CastB.kfa,10,9,15,loop,,4,0,0,0,0,0,2820,,
3571,DR_NecroServant_Death,DR_NecroServant_Death.kfa,12,9,15,clamp,,4,0,0,0,0,0,2756,,
3572,DR_NecroServant_Flintch,DR_NecroServant_Flintch.kfa,17,15,15,clamp,,4,0,0,0,0,0,2757,,
3573,DR_NecroServant_Idle,DR_NecroServant_Idle.kfa,90,9,15,loop,,4,0,0,0,0,0,2742,,
3574,DR_NecroServant_MeleeH,DR_NecroServant_MeleeH.kfa,17,15,15,clamp,,4,0,0,0,0,0,2767,,
3575,DR_NecroServant_Run,DR_NecroServant_Run.kfa,15,9,15,loop,,4,0,0,0,0,0,2620,,
3576,DR_NecroServant_Walk,DR_NecroServant_Walk.kfa,18,9,15,loop,,4,0,0,0,0,0,2620,,
3577,DR_NecroServant_CastC,DR_NecroServant_CastC.kfa,12,9,15,clamp,,4,0,0,0,0,0,2814,,
3578,DR_Wight_CastA,DR_Wight_CastA.kfa,15,15,15,clamp,,4,0,0,0,0,0,2812,,
3579,DR_Wight_CastB,DR_Wight_CastB.kfa,10,15,15,loop,,4,0,0,0,0,0,2820,,
3580,DR_Wight_CastC,DR_Wight_CastC.kfa,12,15,15,clamp,,4,0,0,0,0,0,2814,,
3581,DR_Wight_Death,DR_Wight_Death.kfa,19,15,15,clamp,,4,0,0,0,0,0,2756,,
3582,DR_Wight_Flintch,DR_Wight_Flintch.kfa,15,15,15,clamp,,4,0,0,0,0,0,2757,,
3583,DR_Wight_Idle,DR_Wight_Idle.kfa,90,15,15,loop,,4,0,0,0,0,0,2742,,
3584,DR_Wight_MeleeH,DR_Wight_MeleeH.kfa,27,15,15,clamp,,4,0,0,0,0,0,2767,,
3585,DR_Wight_Run,DR_Wight_Run.kfa,15,15,15,loop,,4,0,0,0,0,0,2620,,
3586,DR_Wight_Walk,DR_Wight_Walk.kfa,18,15,15,loop,,4,0,0,0,0,0,2620,,
3587,DR_Wight_IdleMelee,DR_Wight_IdleMelee.kfa,20,10,15,loop,,4,0,0,0,0,0,2748,,
3588,DR_NecroServant_IdleMelee,DR_NecroServant_IdleMelee.kfa,15,15,15,loop,,4,0,0,0,0,0,2748,,
3589,DR_GreaterNecro_IdleMelee,DR_GreaterNecro_IdleMelee.kfa,20,10,15,loop,,4,0,0,0,0,0,2748,,
3590,DR_ZombiePet_CastC,DR_ZombiePet_CastC.kfa,12,15,15,clamp,,4,0,0,0,0,0,2814,,
3591,DR_ZombiePet_Death,DR_ZombiePet_Death.kfa,19,9,15,clamp,,4,0,0,0,0,0,2756,,
3592,DR_ZombiePet_Flintch,DR_ZombiePet_Flintch.kfa,15,15,15,clamp,,4,0,0,0,0,0,2757,,
3593,DR_ZombiePet_Idle,DR_ZombiePet_Idle.kfa,90,15,15,loop,,4,0,0,0,0,0,2742,,
3594,DR_ZombiePet_IdleMelee,DR_ZombiePet_IdleMelee.kfa,10,15,15,loop,,4,0,0,0,0,0,2748,,
3595,DR_ZombiePet_MeleeH,DR_ZombiePet_MeleeH.kfa,27,15,15,clamp,,4,0,0,0,0,0,2767,,
3596,DR_ZombiePet_Run,DR_ZombiePet_Run.kfa,15,9,15,loop,,4,0,0,0,0,0,2620,,
3597,DR_ZombiePet_Walk,DR_ZombiePet_Walk.kfa,18,9,15,loop,,4,0,0,0,0,0,2620,,
3598,DR_ZombiePet_CastA,DR_ZombiePet_CastA.kfa,15,15,15,clamp,,4,0,0,0,0,0,2812,,
3599,DR_ZombiePet_CastB,DR_ZombiePet_CastB.kfa,10,15,15,loop,,4,0,0,0,0,0,2820,,
3600,RebelTwoHandIdleMelee,RebelTwoHandIdleMelee.kfa,60,15,15,loop,,5,0,0,0,0,0,,,
3601,FlourishAttack,FlourishAttack.kfa,17,15,15,clamp,,1,0,0,0,0,0,,,
3602,ShieldAttack,ShieldAttack.kfa,22,15,15,clamp,,1,0,0,0,0,0,,,
3603,OverheadAttack,OverheadAttack.kfa,32,15,15,clamp,,1,0,0,0,0,0,,,
3604,AnkleStrikeAttack,AnkleStrikeAttack.kfa,20,15,15,clamp,,1,0,0,0,0,0,,,
3605,GroundSummonCastC,GroundSummonCastC.kfa,17,15,15,clamp,,1,0,0,0,0,0,,,
3606,GroundSummonCastB,GroundSummonCastB.kfa,15,15,15,loop,,1,0,0,0,0,0,,,
3607,GroundSummonCastA,GroundSummonCastA.kfa,14,15,15,clamp,,1,0,0,0,0,0,,,
3608,CatTank_Climb_Equip,CatTank_Climb_Equip.kfa,42,15,15,clamp,,4,0,0,0,0,0,,,
3609,Tank_Climb_Equip,Tank_Climb_Equip.kfa,42,15,15,clamp,,1,0,0,0,0,0,,,
3610,CatGroundSummonCastA,CatGroundSummonCastA.kfa,20,15,15,clamp,,4,0,0,0,0,0,,,
3611,CatGroundSummonCastB,CatGroundSummonCastB.kfa,15,15,15,loop,,4,0,0,0,0,0,,,
3612,CatGroundSummonCastC,CatGroundSummonCastC.kfa,17,15,15,clamp,,4,0,0,0,0,0,,,
3613,CatOverheadAttack,CatOverheadAttack.kfa,32,15,15,clamp,,4,0,0,0,0,0,,,
3614,CatShieldAttack,CatShieldAttack.kfa,22,15,15,clamp,,4,0,0,0,0,0,2959,,
3615,CatAnkleStrikeAttack,CatAnkleStrikeAttack.kfa,20,15,15,clamp,,4,0,0,0,0,0,,,
3616,CatFlourishAttack,CatFlourishAttack.kfa,17,15,15,clamp,,4,0,0,0,0,0,,,
3617,Classicemote_kowtow,Classicemote_kowtow.kfa,135,15,15,clamp,,1,0,0,0,0,0,,3418,
3618,Cat_Coco_Bang,Cat_Coco_Bang.kfa,24,15,15,loop,,1,0,0,0,0,0,,,
3619,Skeleton Idle (no swim),Cat_I_Skel.kfa,120,15,15,loop,,4,0,0,0,0,0,,3249,
3620,Skeleton Walk (no swim),Cat_W_Skel.kfa,17,15,15,loop,,4,0,0,0,0,0, ,3247,
3621,Skeleton Run (no swim),Cat_R_Skel.kfa,15,15,15,loop,,4,0,0,0,0,0, ,3248,
3622,Cat Wolf Swim,Cat_WolfSwim.kfa,10,15,15,loop,,4,0,0,0,0,0,,,
3623,Cat Bear Swim,Cat_BearSwim.kfa,24,15,15,loop,,4,0,0,0,0,0,,,
3624,Cat Lynx Swim,Cat_LynxSwim.kfa,20,15,15,loop,,4,0,0,0,0,0,,,
3625,Classic Lynx Swim,LynxSwim.kfa,20,15,15,loop,,1,0,0,0,0,0,,,
3626,Classic Wolf Swim,WolfSwim.kfa,20,15,15,loop,,1,0,0,0,0,0,,,
3627,Classic Bear Swim,BearSwim.kfa,24,15,15,loop,,1,0,0,0,0,0,,,
3628,Mino Walk,Mino_Walk.kfa,15,15,15,loop,,4,0,0,0,0,0,2620,3247,
3629,Mino Base Idle,Mino_Idle.kfa,90,15,15,loop,,4,0,0,0,0,0,2742,3249,
3630,Cat_Lizard_Death,Cat_Lizard_Death.kfa,16,15,15,clamp,,4,0,0,0,0,0,,,
3631,Cat_Lizard_Flintch,Cat_Lizard_Flintch.kfa,12,15,15,clamp,,4,0,0,0,0,0,3633,,
3632,Cat_Lizard_Run,Cat_Lizard_Run.kfa,10,15,15,loop,,4,0,0,0,0,0,3633,,
3633,Cat_Lizard_Swim,Cat_Lizard_Swim.kfa,30,15,15,loop,,4,0,0,0,0,0, ,,
3634,Cat_Lizard_Walk,Cat_Lizard_Walk.kfa,15,15,15,loop,,4,0,0,0,0,0,3633,,
3635,Cat_Lizard_Attack,Cat_Lizard_Attack.kfa,16,15,15,clamp,,4,0,0,0,0,0,,,
3636,Cat_Lizard_Idle,Cat_Lizard_Idle.kfa,32,5,15,loop,,4,0,0,0,0,0,3633,,
3637,Cat_Lizard_AttackIdle,Cat_Lizard_AttackIdle.kfa,16,15,15,loop,,4,0,0,0,0,0,3633,,
3638,Cat_Worm_Death,Cat_Worm_Death.kfa,15,15,15,clamp,,4,0,0,0,0,0,,,
3639,Cat_Worm_Attack,Cat_Worm_Attack.kfa,13,15,15,clamp,,4,0,0,0,0,0,,,
3640,Cat_Worm_Idle,Cat_Worm_Idle.kfa,20,15,15,loop,,4,0,0,0,0,0,3645,,
3641,Cat_Worm_Walk,Cat_Worm_Walk.kfa,20,15,15,loop,,4,0,0,0,0,0,3645,,
3642,Cat_Worm_Run,Cat_Worm_Run.kfa,15,15,15,loop,,4,0,0,0,0,0,3645,,
3643,Cat_Worm_Flinch,Cat_Worm_Flinch.kfa,15,15,15,clamp,,4,0,0,0,0,0,3645,,
3644,Cat_Worm_AttackIdle,Cat_Worm_AttackIdle.kfa,15,15,15,loop,,4,0,0,0,0,0,3645,,
3645,Cat_Worm_Swim,Cat_Worm_Swim.kfa,15,15,15,loop,,4,0,0,0,0,0,,,
3646,Cat_Goblin_Idle,Cat_Goblin_Idle.kfa,60,15,15,loop,,4,0,0,0,0,0,3651,,
3647,Cat_Goblin_Flinch,Cat_Goblin_Flinch.kfa,10,15,15,clamp,,4,0,0,0,0,0,3651,,
3648,Cat_Goblin_AttackIdle,Cat_Goblin_AttackIdle.kfa,15,15,15,loop,,4,0,0,0,0,0,3651,,
3649,Cat_Goblin_Attack,Cat_Goblin_Attack.kfa,15,15,15,clamp,,4,0,0,0,0,0,,,
3650,Cat_Goblin_Idle2,Cat_Goblin_Idle2.kfa,30,15,15,loop,,4,0,0,0,0,0,3651,,
3651,Cat_Goblin_Swim,Cat_Goblin_Swim.kfa,24,15,15,loop,,4,0,0,0,0,0,,,
3652,Cat_Goblin_Death,Cat_Goblin_Death.kfa,11,15,15,clamp,,4,0,0,0,0,0,,,
3653,Cat_Goblin_Walk,Cat_Goblin_Walk.kfa,17,15,15,loop,,4,0,0,0,0,0,3651,,
3654,Cat_Goblin_Run,Cat_Goblin_Run.kfa,11,15,15,loop,,4,0,0,0,0,0,3651,,
3655,Cat_Goblin_CastC,Cat_Goblin_CastC.kfa,23,15,15,clamp,,4,0,0,0,0,0,,,
3656,Cat_Goblin_CastA,Cat_Goblin_CastA.kfa,15,15,15,clamp,,4,0,0,0,0,0,,,
3657,Cat_Goblin_CastB,Cat_Goblin_CastB.kfa,10,15,15,loop,,4,0,0,0,0,0,,,
3658,Lab_WingedDemonWolf_Death,Lab_WingedDemonWolf_Death.kfa,20,15,15,clamp,,6,0,0,0,0,0,,,
3659,Lab_WingedDemonWolf_AttackIdle,Lab_WingedDemonWolf_AttackIdle.kfa,12,15,15,loop,,6,0,0,0,0,0,,,
3660,Lab_WingedDemonWolf_Flinch,Lab_WingedDemonWolf_Flinch.kfa,12,15,15,clamp,,6,0,0,0,0,0,,,
3661,Lab_WingedDemonWolf_Walk,Lab_WingedDemonWolf_Walk.kfa,15,15,15,loop,,6,0,0,0,0,0,,,
3662,Lab_WingedDemonWolf_Run,Lab_WingedDemonWolf_Run.kfa,11,15,15,loop,,6,0,0,0,0,0,,,
3663,Lab_WingedDemonWolf_FlyRun,Lab_WingedDemonWolf_FlyRun.kfa,9,15,15,loop,,6,0,0,0,0,0,,,
3664,Lab_WingedDemonWolf_Attack,Lab_WingedDemonWolf_Attack.kfa,20,15,15,clamp,,6,0,0,0,0,0,,,
3665,Lab_WingedDemonWolf_Idle,Lab_WingedDemonWolf_Idle.kfa,48,15,15,loop,,6,0,0,0,0,0,,,
3666,Lab_WingedDemonWolf_FlyIdle,Lab_WingedDemonWolf_FlyIdle.kfa,9,15,15,loop,,6,0,0,0,0,0,,,
3667,Construct_AttackIdle,Construct_AttackIdle.kfa,15,15,15,loop,,6,0,0,0,0,0,,,
3668,Construct_AttackLow,Construct_AttackLow.kfa,35,15,15,clamp,,6,0,0,0,0,0,,,
3669,Construct_Fidget2,Construct_Fidget2.kfa,45,15,15,loop,,6,0,0,0,0,0,,,
3670,Construct_Fidget1,Construct_Fidget1.kfa,25,15,15,loop,,6,0,0,0,0,0,,,
3671,Construct_Death,Construct_Death.kfa,20,15,15,clamp,,6,0,0,0,0,0,,,
3672,Construct_Idle,Construct_Idle.kfa,22,15,15,loop,,6,0,0,0,0,0,,,
3673,Construct_Flinch,Construct_Flinch.kfa,15,15,15,clamp,,6,0,0,0,0,0,,,
3674,Construct_AttackHigh,Construct_AttackHigh.kfa,40,15,15,clamp,,6,0,0,0,0,0,,,
3675,Construct_Run,Construct_Run.kfa,10,15,15,loop,,6,0,0,0,0,0,,,
3676,Construct_Walk,Construct_Walk.kfa,15,15,15,loop,,6,0,0,0,0,0,,,
3677,ConstructSpider_MeleeH,ConstructSpider_MeleeH.kfa,22,15,15,clamp,,6,0,0,0,0,0,,,
3678,ConstructSpider_IdleMelee,ConstructSpider_IdleMelee.kfa,10,15,15,loop,,6,0,0,0,0,0,,,
3679,ConstructSpider_Idle,ConstructSpider_Idle.kfa,25,15,15,loop,,6,0,0,0,0,0,,,
3680,ConstructSpider_Flinch,ConstructSpider_Flinch.kfa,10,15,15,clamp,,6,0,0,0,0,0,,,
3681,ConstructSpider_Fidget2,ConstructSpider_Fidget2.kfa,32,15,15,loop,,6,0,0,0,0,0,,,
3682,ConstructSpider_Fidget1,ConstructSpider_Fidget1.kfa,37,15,15,loop,,6,0,0,0,0,0,,,
3683,ConstructSpider_Death,ConstructSpider_Death.kfa,14,15,15,clamp,,6,0,0,0,0,0,,,
3684,ConstructSpider_Walk,ConstructSpider_Walk.kfa,19,15,15,loop,,6,0,0,0,0,0,,,
3685,ConstructSpider_Run,ConstructSpider_Run.kfa,10,15,15,loop,,6,0,0,0,0,0,,,
3686,ConstructSpider_MeleeL,ConstructSpider_MeleeL.kfa,30,15,15,clamp,,6,0,0,0,0,0, ,,
3687,Mino Sit Idle,Mino_SitB.kfa,23,15,15,loop,,4,0,0,0,0,0,2746,3249,
3688,Mino Sit Down,Mino_SitA.kfa,33,15,15,clamp,,4,0,0,0,0,0,2745,3249,
3689,Mino Idle 2,Mino_Fidget2.kfa,77,15,15,loop,,4,0,0,0,0,0,2742,3249,
3690,Mino Idle 1,Mino_Fidget1.kfa,55,15,15,loop,,4,0,0,0,0,0,2742,3249,
3691,Mino Run,Mino_Run.kfa,18,15,15,loop,,4,0,0,0,0,0,2620,3248,
3692,Mino Stand up,Mino_SitC.kfa,22,15,15,clamp,,4,0,0,0,0,0,2742,3249,
3693,Mino_2HMeleeIdle,Mino_2HMeleeIdle.kfa,30,15,15,loop,,4,0,0,0,0,0,2752,3248,
3694,, , , , , ,, , ,0,0,0,0, , ,
3695,Mino_1HMeleeIdle,Mino_1HMeleeIdle.kfa,30,15,15,loop,,6,0,0,0,0,0,2747,3249,
3696,Undead_DrakoranFidget2,Undead_DrakoranFidget2.kfa,47,15,15,loop,,4,0,0,0,0,0,,,
3697,Undead_DrakoranFlinch,Undead_DrakoranFlinch.kfa,11,15,15,clamp,,4,0,0,0,0,0,,,
3698,Undead_DrakoranIdle,Undead_DrakoranIdle.kfa,20,15,15,loop,,4,0,0,0,0,0,,,
3699,Undead_DrakoranIdleMelee,Undead_DrakoranIdleMelee.kfa,15,15,15,loop,,4,0,0,0,0,0,,,
3700,Undead_DrakoranMeleeH,Undead_DrakoranMeleeH.kfa,20,15,15,clamp,,4,0,0,0,0,0,,,
3701,Undead_DrakoranMeleeL,Undead_DrakoranMeleeL.kfa,21,15,15,clamp,,4,0,0,0,0,0,,,
3702,Undead_DrakoranRun,Undead_DrakoranRun.kfa,12,15,15,loop,,4,0,0,0,0,0,,,
3703,Undead_DrakoranWalk,Undead_DrakoranWalk.kfa,17,15,15,loop,,4,0,0,0,0,0,,,
3704,Undead_DrakoranCastB,Undead_DrakoranCastB.kfa,15,15,15,loop,,4,0,0,0,0,0,,,
3705,Undead_DrakoranCastA,Undead_DrakoranCastA.kfa,15,15,15,clamp,,4,0,0,0,0,0,,,
3706,Undead_DrakoranCastC,Undead_DrakoranCastC.kfa,16,15,15,clamp,,4,0,0,0,0,0,,,
3707,Undead_DrakoranDeath,Undead_DrakoranDeath.kfa,17,15,15,clamp,,4,0,0,0,0,0,,,
3708,Undead_DrakoranFidget1,Undead_DrakoranFidget1.kfa,38,15,15,loop,,4,0,0,0,0,0,,,
3709,Undead_DrakoranBowB,Undead_DrakoranBowB.kfa,7,15,15,loop,,4,0,0,0,0,0,,,
3710,Undead_DrakoranBowA,Undead_DrakoranBowA.kfa,37,15,15,clamp,,4,0,0,0,0,0,,,
3711,Undead_DrakoranBowC,Undead_DrakoranBowC.kfa,13,15,15,clamp,,4,0,0,0,0,0,,,
3712,DopplegangerMinoRun,DopplegangerMinoRun.kfa,15,15,15,loop,,6,0,0,0,0,0,,,
3713,DopplegangerMinoWalk,DopplegangerMinoWalk.kfa,20,15,15,loop,,6,0,0,0,0,0,,,
3714,DopplegangerMinoRangeC,DopplegangerMinoRangeC.kfa,10,15,15,clamp,,6,0,0,0,0,0,,,
3715,DopplegangerMinoRangeB,DopplegangerMinoRangeB.kfa,30,15,15,loop,,6,0,0,0,0,0,,,
3716,DopplegangerMinoRangeA,DopplegangerMinoRangeA.kfa,40,15,15,clamp,,6,0,0,0,0,0,,,
3717,DopplegangerMinoMeleeL,DopplegangerMinoMeleeL.kfa,16,15,15,clamp,,6,0,0,0,0,0,,,
3718,DopplegangerMinoMeleeH,DopplegangerMinoMeleeH.kfa,24,15,15,clamp,,6,0,0,0,0,0,,,
3719,DopplegangerMinoAttackIdle,DopplegangerMinoAttackIdle.kfa,15,15,15,loop,,6,0,0,0,0,0,,,
3720,DopplegangerMinoFidget2,DopplegangerMinoFidget2.kfa,27,15,15,loop,,6,0,0,0,0,0,,,
3721,DopplegangerMinoFidget1,DopplegangerMinoFidget1.kfa,53,15,15,loop,,6,0,0,0,0,0,,,
3722,DopplegangerMinoFlinch,DopplegangerMinoFlinch.kfa,10,15,15,clamp,,6,0,0,0,0,0,,,
3723,DopplegangerMinoDeath,DopplegangerMinoDeath.kfa,19,15,15,clamp,,6,0,0,0,0,0,,,
3724,DopplegangerMinoCastA,DopplegangerMinoCastA.kfa,17,15,15,clamp,,6,0,0,0,0,0,,,
3725,DopplegangerMinoCastC,DopplegangerMinoCastC.kfa,24,15,15,clamp,,6,0,0,0,0,0,,,
3726,DopplegangerMinoCastB,DopplegangerMinoCastB.kfa,15,15,15,loop,,6,0,0,0,0,0,,,
3727,DopplegangerMinoIdle,DopplegangerMinoIdle.kfa,27,15,15,loop,,6,0,0,0,0,0,,,
3728,DopplegangerDemonCastA,DopplegangerDemonCastA.kfa,17,15,15,clamp,,6,0,0,0,0,0,,,
3729,DopplegangerDemonCastB,DopplegangerDemonCastB.kfa,15,15,15,loop,,6,0,0,0,0,0,,,
3730,DopplegangerDemonCastC,DopplegangerDemonCastC.kfa,24,15,15,clamp,,6,0,0,0,0,0,,,
3731,DopplegangerDemonDeath,DopplegangerDemonDeath.kfa,22,15,15,clamp,,6,0,0,0,0,0,,,
3732,DopplegangerDemonFidget1,DopplegangerDemonFidget1.kfa,25,15,15,loop,,6,0,0,0,0,0,,,
3733,DopplegangerDemonFidget2,DopplegangerDemonFidget2.kfa,52,15,15,loop,,6,0,0,0,0,0,,,
3734,DopplegangerDemonFlinch,DopplegangerDemonFlinch.kfa,10,15,15,clamp,,6,0,0,0,0,0,,,
3735,DopplegangerDemonIdle,DopplegangerDemonIdle.kfa,27,15,15,loop,,6,0,0,0,0,0,,,
3736,DopplegangerDemonMeleeH,DopplegangerDemonMeleeH.kfa,24,15,15,clamp,,6,0,0,0,0,0,,,
3737,DopplegangerDemonAttackIdle,DopplegangerDemonAttackIdle.kfa,15,15,15,loop,,6,0,0,0,0,0,,,
3738,DopplegangerDemonMeleeL,DopplegangerDemonMeleeL.kfa,16,15,15,clamp,,6,0,0,0,0,0,,,
3739,DopplegangerDemonRangeC,DopplegangerDemonRangeC.kfa,10,15,15,clamp,,6,0,0,0,0,0,,,
3740,DopplegangerDemonRangeB,DopplegangerDemonRangeB.kfa,30,15,15,loop,,6,0,0,0,0,0,,,
3741,DopplegangerDemonRangeA,DopplegangerDemonRangeA.kfa,40,15,15,clamp,,6,0,0,0,0,0,,,
3742,DopplegangerDemonRun,DopplegangerDemonRun.kfa,15,15,15,loop,,6,0,0,0,0,0,,,
3743,DopplegangerDemonWalk,DopplegangerDemonWalk.kfa,20,15,15,loop,,6,0,0,0,0,0,,,
3744,Player_Listen,Player_Listen.kfa,36,15,15,clamp,,4,0,0,0,0,0,,,
3745,Player_Prepare,Player_Prepare.kfa,60,15,15,clamp,,4,0,0,0,0,0,,,
3746,Player_Pickup,Player_Pickup.kfa,44,15,15,clamp,,4,0,0,0,0,0,,,
3747,Classic_Player_Listen,Classic_Player_Listen.kfa,36,15,15,clamp,,1,0,0,0,0,0,,,
3748,Classic_Player_Prepare,Classic_Player_Prepare.kfa,60,15,15,clamp,,1,0,0,0,0,0,,,
3749,Classic_Player_Pickup,Classic_Player_Pickup.kfa,44,15,15,clamp,,1,0,0,0,0,0,,,
3750,Cerberus_MeleeL,Cerberus_MeleeL.kfa,24,15,15,clamp,,6,0,0,0,0,0,,,
3751,Cerberus_MeleeH,Cerberus_MeleeH.kfa,44,15,15,clamp,,6,0,0,0,0,0,,,
3752,Cerberus_MeleeIdle,Cerberus_MeleeIdle.kfa,20,15,15,loop,,6,0,0,0,0,0,,,
3753,Cerberus_Idle,Cerberus_Idle.kfa,26,15,15,loop,,6,0,0,0,0,0,,,
3754,Cerberus_Run,Cerberus_Run.kfa,13,15,15,loop,,6,0,0,0,0,0,,,
3755,Cerberus_Walk,Cerberus_Walk.kfa,25,15,15,loop,,6,0,0,0,0,0,,,
3756,Cerberus_CastA,Cerberus_CastA.kfa,15,15,15,clamp,,6,0,0,0,0,0,,,
3757,Cerberus_Fidget1,Cerberus_Fidget1.kfa,46,15,15,loop,,6,0,0,0,0,0,,,
3758,Cerberus_Fidget2,Cerberus_Fidget2.kfa,59,8,15,loop,,6,0,0,0,0,0,,,
3759,Cerberus_Death,Cerberus_Death.kfa,50,15,15,clamp,,6,0,0,0,0,0,,,
3760,Cerberus_Flinch,Cerberus_Flinch.kfa,14,15,15,clamp,,6,0,0,0,0,0,,,
3761,Cerberus_CastC,Cerberus_CastC.kfa,70,15,15,clamp,,6,0,0,0,0,0,,,
3762,Cerberus_CastB,Cerberus_CastB.kfa,16,15,15,loop,,6,0,0,0,0,0,,,
3763,Mino_Construct_MeleeL,Mino_Construct_MeleeL.kfa,40,15,15,clamp,,6,0,0,0,0,0,,,
3764,Mino_Construct_MeleeH,Mino_Construct_MeleeH.kfa,30,15,15,clamp,,6,0,0,0,0,0,,,
3765,Mino_Construct_Fidget2,Mino_Construct_Fidget2.kfa,20,15,15,loop,,6,0,0,0,0,0,,,
3766,Mino_Construct_Fidget1,Mino_Construct_Fidget1.kfa,20,15,15,loop,,6,0,0,0,0,0,,,
3767,Mino_Construct_Idle,Mino_Construct_Idle.kfa,20,15,15,loop,,6,0,0,0,0,0,,,
3768,Mino_Construct_Run,Mino_Construct_Run.kfa,15,15,15,loop,,6,0,0,0,0,0,,,
3769,Mino_Construct_Walk,Mino_Construct_Walk.kfa,20,15,15,loop,,6,0,0,0,0,0,,,
3770,Mino_Construct_Death,Mino_Construct_Death.kfa,43,15,15,clamp,,6,0,0,0,0,0,,,
3771,Mino_Construct_CastC,Mino_Construct_CastC.kfa,28,15,15,clamp,,6,0,0,0,0,0,,,
3772,Mino_Construct_CastB,Mino_Construct_CastB.kfa,20,15,15,loop,,6,0,0,0,0,0,,,
3773,Mino_Construct_CastA,Mino_Construct_CastA.kfa,10,15,15,clamp,,6,0,0,0,0,0,,,
3774,Mino_Construct_Flinch,Mino_Construct_Flinch.kfa,15,15,15,clamp,,6,0,0,0,0,0,,,
3775,Mino_Construct_IdleMelee,Mino_Construct_IdleMelee.kfa,20,15,15,loop,,6,0,0,0,0,0,,,
3776,Dead Minotaur,Mino_Injured.kfa,0,0,0,loop,,4,0,0,0,0,0,,,
3777,NewCatH2h_MeleeIdle,NewCatH2h_MeleeIdle.kfa,20,15,15,loop,,4,0,0,0,0,0,2751,3249,
3778,Mauler_SideKick,Mauler_SideKick.kfa,19,15,15,clamp,,4,0,0,0,0,0,3879,,
3779,Mauler_FrontKick,Mauler_FrontKick.kfa,19,15,15,clamp,,4,0,0,0,0,0,3880,,
3780,Mauler_LowKick,Mauler_LowKick.kfa,25,15,15,clamp,,4,0,0,0,0,0,3882,,
3781,Mauler_KneeHit,Mauler_KneeHit.kfa,20,15,15,clamp,,4,0,0,0,0,0,3877,,
3782,Mauler_ClapAttack,Mauler_ClapAttack.kfa,19,15,15,clamp,,4,0,0,0,0,0,3883,,
3783,Mauler_KidneyShot,Mauler_KidneyShot.kfa,30,15,15,clamp,,4,0,0,0,0,0,3881,,
3784,Mauler_ElbowHit,Mauler_ElbowHit.kfa,19,15,15,clamp,,4,0,0,0,0,0,3878,,
3785,Clockwork_Cat_Run,Clockwork_Cat_Run.kfa,12,15,15,loop,,1,0,0,0,0,0,3787,,
3786,Clockwork_Cat_Walk,Clockwork_Cat_Walk.kfa,20,15,15,loop,,1,0,0,0,0,0,3787,,
3787,Clockwork_Cat_Swim,Clockwork_Cat_Swim.kfa,20,15,15,loop,,1,0,0,0,0,0,,,
3788,Clockwork_Cat_Idle,Clockwork_Cat_Idle.kfa,45,15,15,loop,,1,0,0,0,0,0,3787,,
3789,Clockwork_Cat_Fidget1,Clockwork_Cat_Fidget1.kfa,64,15,15,loop,,1,0,0,0,0,0,3787,,
3790,Clas_Mino_Run,Clas_Mino_Run.kfa,18,15,15,loop,,1,0,0,0,0,0,1847,3419,
3791,Clas_Mino_Idle,Clas_Mino_Idle.kfa,90,15,15,loop,,1,0,0,0,0,0,1739,3418,
3792,Clas_Mino_Fidget2,Clas_Mino_Fidget2.kfa,77,15,15,loop,,1,0,0,0,0,0,1739,3418,
3793,Clas_Mino_Fidget1,Clas_Mino_Fidget1.kfa,55,15,15,loop,,1,0,0,0,0,0,1739,3418,
3794,Clas_Mino_2H_MeleeIdle,Clas_Mino_2H_MeleeIdle.kfa,30,15,15,loop,,1,0,0,0,0,0,1654,3418,
3795,Clas_Mino_1H_MeleeIdle,Clas_Mino_1H_MeleeIdle.kfa,30,15,15,loop,,1,0,0,0,0,0,1654,3418,
3796,Clas_Mino_Walk,Clas_Mino_Walk.kfa,15,15,15,loop,,1,0,0,0,0,0,1847,3418,
3797,Clas_Mino_SitC,Clas_Mino_SitC.kfa,22,15,15,clamp,,1,0,0,0,0,0,1739,3420,
3798,Clas_Mino_SitB,Clas_Mino_SitB.kfa,23,15,15,loop,,1,0,0,0,0,0,2197,3418,
3799,Clas_Mino_SitA,Clas_Mino_SitA.kfa,33,15,15,clamp,,1,0,0,0,0,0,1739,3418,
3800,Golem_CastB,Golem_CastB.kfa,23,15,15,loop,,6,0,0,0,0,0,,,
3801,Golem_CastA,Golem_CastA.kfa,8,15,15,clamp,,6,0,0,0,0,0,,,
3802,Golem_IdleMelee,Golem_IdleMelee.kfa,17,15,15,loop,,6,0,0,0,0,0,,,
3803,Golem_Flinch,Golem_Flinch.kfa,10,15,15,clamp,,6,0,0,0,0,0,,,
3804,Golem_MeleeH,Golem_MeleeH.kfa,21,15,15,clamp,,6,0,0,0,0,0,,,
3805,Golem_MeleeL,Golem_MeleeL.kfa,30,15,15,clamp,,6,0,0,0,0,0,,,
3806,Golem_Fidget2,Golem_Fidget2.kfa,30,15,15,loop,,6,0,0,0,0,0,,,
3807,Golem_Fidget1,Golem_Fidget1.kfa,42,15,15,loop,,6,0,0,0,0,0,,,
3808,Golem_Idle,Golem_Idle.kfa,37,15,15,loop,,6,0,0,0,0,0,,,
3809,Golem_Walk,Golem_Walk.kfa,30,15,15,loop,,6,0,0,0,0,0,,,
3810,Golem_Run,Golem_Run.kfa,18,15,15,loop,,6,0,0,0,0,0,,,
3811,Golem_Death,Golem_Death.kfa,17,15,15,clamp,,6,0,0,0,0,0,,,
3812,Golem_CastC,Golem_CastC.kfa,28,15,15,clamp,,6,0,0,0,0,0,,,
3813,Agramon_Fidget1,Agramon_Fidget1.kfa,81,15,15,loop,,6,0,0,0,0,0,,,
3814,Agramon_Idle,Agramon_Idle.kfa,37,15,15,loop,,6,0,0,0,0,0,,,
3815,Agramon_Run,Agramon_Run.kfa,20,15,15,loop,,6,0,0,0,0,0,,,
3816,Agramon_Walk,Agramon_Walk.kfa,30,15,15,loop,,6,0,0,0,0,0,,,
3817,Agramon_Death,Agramon_Death.kfa,80,15,15,clamp,,6,0,0,0,0,0,,,
3818,Agramon_CastC,Agramon_CastC.kfa,22,15,15,clamp,,6,0,0,0,0,0,,,
3819,Agramon_CastB,Agramon_CastB.kfa,30,15,15,loop,,6,0,0,0,0,0,,,
3820,Agramon_MeleeH,Agramon_MeleeH.kfa,25,15,15,clamp,,6,0,0,0,0,0,,,
3821,Agramon_MeleeL,Agramon_MeleeL.kfa,19,15,15,clamp,,6,0,0,0,0,0,,,
3822,Agramon_Flinch,Agramon_Flinch.kfa,15,15,15,clamp,,6,0,0,0,0,0,,,
3823,Agramon_IdleMelee,Agramon_IdleMelee.kfa,25,15,15,loop,,6,0,0,0,0,0,,,
3824,Agramon_Fidget2,Agramon_Fidget2.kfa,32,15,15,loop,,6,0,0,0,0,0,,,
3825,Agramon_CastA,Agramon_CastA.kfa,20,15,15,clamp,,6,0,0,0,0,0,,,
3826,GoblinChief_CastA,GoblinChief_CastA.kfa,11,15,15,clamp,,6,0,0,0,0,0,,,
3827,GoblinChief_MeleeL,GoblinChief_MeleeL.kfa,26,15,15,clamp,,6,0,0,0,0,0,,,
3828,GoblinChief_MeleeH,GoblinChief_MeleeH.kfa,28,15,15,clamp,,6,0,0,0,0,0,,,
3829,GoblinChief_Fidget2,GoblinChief_Fidget2.kfa,87,15,15,loop,,6,0,0,0,0,0,,,
3830,GoblinChief_Fidget1,GoblinChief_Fidget1.kfa,55,15,15,loop,,6,0,0,0,0,0,,,
3831,GoblinChief_Idle,GoblinChief_Idle.kfa,57,15,15,loop,,6,0,0,0,0,0,,,
3832,GoblinChief_Run,GoblinChief_Run.kfa,10,15,15,loop,,6,0,0,0,0,0,,,
3833,GoblinChief_Walk,GoblinChief_Walk.kfa,12,15,15,loop,,6,0,0,0,0,0,,,
3834,GoblinChief_Death,GoblinChief_Death.kfa,11,15,15,clamp,,6,0,0,0,0,0,,,
3835,GoblinChief_Flinch,GoblinChief_Flinch.kfa,15,15,15,clamp,,6,0,0,0,0,0,,,
3836,GoblinChief_CastC,GoblinChief_CastC.kfa,20,15,15,clamp,,6,0,0,0,0,0,,,
3837,GoblinChief_CastB,GoblinChief_CastB.kfa,15,15,15,loop,,6,0,0,0,0,0,,,
3838,GoblinChief_IdleMelee,GoblinChief_IdleMelee.kfa,15,15,15,loop,,6,0,0,0,0,0,,,
3839,Golem_stoneMelee1,Golem_stoneMelee1.kfa,30,15,15,clamp,,6,0,0,0,0,0,,,
3840,Golem_stoneFidget2,Golem_stoneFidget2.kfa,20,15,15,loop,,6,0,0,0,0,0,,,
3841,Golem_stoneFidget1,Golem_stoneFidget1.kfa,41,15,15,loop,,6,0,0,0,0,0,,,
3842,Mino_StrafeL,Mino_StrafeL.kfa,15,15,15,loop,,4,0,0,0,0,0,2743,3247, 
3843,Mino_StrafeR,Mino_StrafeR.kfa,15,15,15,loop,,4,0,0,0,0,0,2743,3247, 
3844,Clas_Mino_Injured,Clas_Mino_Injured.kfa,0,0,0,loop,,1,0,0,0,0,0,,,
3845,Undead_DrakoranFlyingWalk,Undead_DrakoranFlyingWalk.kfa,19,15,15,loop,,6,0,0,0,0,0,,,
3846,Cat_Goblin_RangeC,Cat_Goblin_RangeC.kfa,10,15,15,clamp,,4,0,0,0,0,0,,,
3847,Cat_Goblin_RangeB,Cat_Goblin_RangeB.kfa,13,15,15,loop,,4,0,0,0,0,0,,,
3848,Cat_Goblin_RangeA,Cat_Goblin_RangeA.kfa,37,15,15,clamp,,4,0,0,0,0,0,,,
3849,Dracolich_Death,Dracolich_Death.kfa,21,15,15,clamp,,6,0,0,0,0,0,,,
3850,Dracolich_CastC,Dracolich_CastC.kfa,17,15,15,clamp,,6,0,0,0,0,0,,,
3851,Dracolich_CastB,Dracolich_CastB.kfa,17,15,15,loop,,6,0,0,0,0,0,,,
3852,Dracolich_CastA,Dracolich_CastA.kfa,17,15,15,clamp,,6,0,0,0,0,0,,,
3853,Dracolich_MeleeH,Dracolich_MeleeH.kfa,25,15,15,clamp,,6,0,0,0,0,0,,,
3854,Dracolich_Flinch,Dracolich_Flinch.kfa,17,15,15,clamp,,6,0,0,0,0,0,,,
3855,Dracolich_MeleeIdle,Dracolich_MeleeIdle.kfa,17,15,15,loop,,6,0,0,0,0,0,,,
3856,Dracolich_MeleeL,Dracolich_MeleeL.kfa,30,15,15,clamp,,6,0,0,0,0,0,,,
3857,Dracolich_Fidget2,Dracolich_Fidget2.kfa,39,15,15,loop,,6,0,0,0,0,0,,,
3858,Dracolich_Fidget1,Dracolich_Fidget1.kfa,50,15,15,loop,,6,0,0,0,0,0,,,
3859,Dracolich_Idle,Dracolich_Idle.kfa,25,15,15,loop,,6,0,0,0,0,0,,,
3860,Dracolich_Run,Dracolich_Run.kfa,18,15,15,loop,,6,0,0,0,0,0,,,
3861,Dracolich_Walk,Dracolich_Walk.kfa,25,15,15,loop,,6,0,0,0,0,0,,,
3862,Dracolich_Sleep,Dracolich_Sleep.kfa,41,15,15,loop,,6,0,0,0,0,0,,,
3863,Net_Mauler_LowKick,Net_Mauler_LowKick.kfa,25,15,15,clamp,,1,0,0,0,0,0,3870,,
3864,Net_Mauler_KneeKick,Net_Mauler_KneeKick.kfa,20,15,15,clamp,,1,0,0,0,0,0,3871,,
3865,Net_Mauler_ElbowHit,Net_Mauler_ElbowHit.kfa,19,15,15,clamp,,1,0,0,0,0,0,3872,,
3866,Net_Mauler_SideKick,Net_Mauler_SideKick.kfa,19,15,15,clamp,,1,0,0,0,0,0,3874,,
3867,Net_Mauler_FrontKick,Net_Mauler_FrontKick.kfa,19,15,15,clamp,,1,0,0,0,0,0,3873,,
3868,Net_Mauler_ClapAttack,Net_Mauler_ClapAttack.kfa,19,15,15,clamp,,1,0,0,0,0,0,3875,,
3869,Net_Mauler_KidneyShot,Net_Mauler_KidneyShot.kfa,30,15,15,clamp,,1,0,0,0,0,0,3876,,
3870,Clas_LowKick_Swim,Clas_LowKick_Swim.kfa,25,15,15,clamp,,1,0,0,0,0,0,,,
3871,Clas_kneeCrusher_Swim,Clas_kneeCrusher_Swim.kfa,20,15,15,clamp,,1,0,0,0,0,0,,,
3872,Clas_ElbowHit_Swim,Clas_ElbowHit_Swim.kfa,19,15,15,clamp,,1,0,0,0,0,0,,,
3873,Clas_FrontKick_Swim,Clas_FrontKick_Swim.kfa,19,15,15,clamp,,1,0,0,0,0,0,,,
3874,Clas_SideKick_Swim,Clas_SideKick_Swim.kfa,19,15,15,clamp,,1,0,0,0,0,0,,,
3875,Clas_ClapAttack_Swim,Clas_ClapAttack_Swim.kfa,19,15,15,clamp,,1,0,0,0,0,0,,,
3876,Clas_KidneyShot_Swim,Clas_KidneyShot_Swim.kfa,30,15,15,clamp,,1,0,0,0,0,0,,,
3877,kneeCrusher_Swim,kneeCrusher_Swim.kfa,20,15,15,clamp,,4,0,0,0,0,0, ,,
3878,ElbowHit_Swim,ElbowHit_Swim.kfa,19,15,15,clamp,,4,0,0,0,0,0,,,
3879,SideKick_Swim,SideKick_Swim.kfa,19,15,15,clamp,,4,0,0,0,0,0,,,
3880,FrontKick_Swim,FrontKick_Swim.kfa,19,15,15,clamp,,4,0,0,0,0,0,,,
3881,KidneyShot_Swim,KidneyShot_Swim.kfa,30,15,15,clamp,,4,0,0,0,0,0,,,
3882,LowKick_Swim,LowKick_Swim.kfa,25,15,15,clamp,,4,0,0,0,0,0,,,
3883,ClapAttack_Swim,ClapAttack_Swim.kfa,19,15,15,clamp,,4,0,0,0,0,0,,,
3884,Ambcricket_fidget,Ambcricket_fidget.kfa,30,15,15,loop,,4,0,0,0,0,0,,,
3885,Ambcricket_idle,Ambcricket_idle.kfa,30,15,15,loop,,4,0,0,0,0,0,,,
3886,Ambcricket_walk,Ambcricket_walk.kfa,7,15,15,loop,,4,0,0,0,0,0,,,
3887,Ambsnake_walk,Ambsnake_walk.kfa,30,15,15,loop,,4,0,0,0,0,0,,,
3888,Ambsnake_fidget,Ambsnake_fidget.kfa,15,15,15,loop,,4,0,0,0,0,0,,,
3889,Ambsnake_idle,Ambsnake_idle.kfa,30,15,15,loop,,4,0,0,0,0,0,,,
3890,Ambspider_walk,Ambspider_walk.kfa,22,15,15,loop,,4,0,0,0,0,0,,,
3891,Ambspider_fidget,Ambspider_fidget.kfa,20,15,15,loop,,4,0,0,0,0,0,,,
3892,Ambspider_idle,Ambspider_idle.kfa,30,15,15,loop,,4,0,0,0,0,0,,,
3893,Ambroach_walk,Ambroach_walk.kfa,18,15,15,loop,,4,0,0,0,0,0,,,
3894,Ambroach_fidget,Ambroach_fidget.kfa,20,15,15,loop,,4,0,0,0,0,0,,,
3895,Ambroach_idle,Ambroach_idle.kfa,20,15,15,loop,,4,0,0,0,0,0,,,
3896,Ambrat_fidget,Ambrat_fidget.kfa,25,15,15,loop,,4,0,0,0,0,0,,,
3897,Ambrat_walk,Ambrat_walk.kfa,14,15,15,loop,,4,0,0,0,0,0,,,
3898,Ambrat_idle,Ambrat_idle.kfa,25,15,15,loop,,4,0,0,0,0,0,,,
3899,AmbSlug_Idle,AmbSlug_Idle.kfa,25,15,15,loop,,4,0,0,0,0,0,,,
3900,AmbSlug_Walk,AmbSlug_Walk.kfa,25,15,15,loop,,4,0,0,0,0,0,,,
3901,cat_drago_fidget1,cat_drago_fidget1.kfa,40,15,15,loop,,1,0,0,0,0,0,,,
3902,cat_drago_fly,cat_drago_fly.kfa,20,15,15,loop,,1,0,0,0,0,0,,,
3903,cat_babydragon_walk(pet).kfa,cat_babydragon_walk(pet).kfa,60,15,15,loop, ,1,0,0,0,0,0,,,
3904,cat_babydragon_run(pet).kfa,cat_babydragon_run(pet).kfa,30,15,15,loop, ,1,0,0,0,0,0,,,
3905,cat_drago_sp_c_,cat_drago_sp_c_.kfa,55,15,15,clamp,,1,0,0,0,0,0,,,
3906,cat_drago_walk,cat_drago_walk.kfa,30,15,15,loop,,1,0,0,0,0,0,,,
3907,cat_drago_att,cat_drago_att.kfa,35,15,15,clamp,,1,0,0,0,0,0,,,
3908,cat_drago_cidle,cat_drago_cidle.kfa,30,15,15,loop,,1,0,0,0,0,0,,,
3909,cat_drago_death,cat_drago_death.kfa,28,15,15,clamp,,1,0,0,0,0,0,,,
3910,cat_drago_idle,cat_drago_idle.kfa,30,15,15,loop,,1,0,0,0,0,0,,,
3911,Val_Imp_RangeB,Val_Imp_RangeB.kfa,7,15,15,loop,,4,0,0,0,0,0,,,
3912,Val_Imp_RangeA,Val_Imp_RangeA.kfa,37,15,15,clamp,,4,0,0,0,0,0,,,
3913,Val_Imp_Fidget2,Val_Imp_Fidget2.kfa,38,15,15,loop,,4,0,0,0,0,0,,,
3914,Val_Imp_Fidget1,Val_Imp_Fidget1.kfa,43,15,15,loop,,4,0,0,0,0,0,,,
3915,Val_Imp_Idle,Val_Imp_Idle.kfa,15,15,15,loop,,4,0,0,0,0,0,,,
3916,Val_Imp_Walk,Val_Imp_Walk.kfa,25,15,15,loop,,4,0,0,0,0,0,,,
3917,Val_Imp_Run,Val_Imp_Run.kfa,9,15,15,loop,,4,0,0,0,0,0,,,
3918,Val_Imp_RangeC,Val_Imp_RangeC.kfa,13,15,15,clamp,,4,0,0,0,0,0,,,
3919,Cat_Werewolf_CastB,Cat_Werewolf_CastB.kfa,20,15,15,loop,,4,0,0,0,0,0,,,
3920,Cat_Werewolf_CastA,Cat_Werewolf_CastA.kfa,21,15,15,clamp,,4,0,0,0,0,0,,,
3921,Cat_Werewolf_1H_stave_meleeL,Cat_Werewolf_stave_meleeL.kfa,17,15,15,clamp,,4,0,0,0,0,0,,,
3922,Cat_Werewolf_1H_stave_meleeH,Cat_Werewolf_stave_meleeH.kfa,18,15,15,clamp,,4,0,0,0,0,0,,,
3923,Cat_Werewolf_1H_stave_melee_idle,Cat_Werewolf_stave_melee_idle.kfa,20,15,15,loop,,4,0,0,0,0,0,,,
3924,Cat_Werewolf_2H_sword_meleeH,Cat_Werewolf_2H_sword_meleeH.kfa,35,15,15,clamp,,4,0,0,0,0,0,,,
3925,Cat_Werewolf_2H_sword_melee_idle,Cat_Werewolf_2H_sword_melee_idle.kfa,20,15,15,loop,,4,0,0,0,0,0,,,
3926,Cat_Werewolf_Run,Cat_Werewolf_Run.kfa,16,15,15,loop,,4,0,0,0,0,0,,,
3927,Cat_Werewolf_Walk,Cat_Werewolf_Walk.kfa,24,15,15,loop,,4,0,0,0,0,0,,,
3928,Cat_Werewolf_Fidget1,Cat_Werewolf_Fidget1.kfa,73,15,15,loop,,4,0,0,0,0,0,,,
3929,Cat_Werewolf_Idle,Cat_Werewolf_Idle.kfa,25,15,15,loop,,4,0,0,0,0,0,,,
3930,Cat_Werewolf_Death,Cat_Werewolf_Death.kfa,64,15,15,clamp,,4,0,0,0,0,0,,,
3931,Cat_Werewolf_Flinch,Cat_Werewolf_Flinch.kfa,18,15,15,clamp,,4,0,0,0,0,0,,,
3932,Cat_Werewolf_CastC,Cat_Werewolf_CastC.kfa,21,15,15,clamp,,4,0,0,0,0,0,,,
3933,Werewolf_1H_sword_meleeH,Werewolf_1H_sword_meleeH.kfa,18,15,15,clamp,,4,0,0,0,0,0,,,
3934,Werewolf_1H_sword_meleeL,Werewolf_1H_sword_meleeL.kfa,17,15,15,clamp,,4,0,0,0,0,0,,,
3935,Werewolf_1H_sword_melee_idle,Werewolf_1H_sword_melee_idle.kfa,20,15,15,loop,,4,0,0,0,0,0,,,
3936,Cat_Werewolf_RangeB,Cat_Werewolf_RangeB.kfa,25,15,15,loop,,4,0,0,0,0,0,,,
3937,Cat_Werewolf_RangeA,Cat_Werewolf_RangeA.kfa,40,15,15,clamp,,4,0,0,0,0,0,,,
3938,Cat_Werewolf_RangeC,Cat_Werewolf_RangeC.kfa,16,15,15,clamp,,4,0,0,0,0,0,,,
3939,Cat_StoneGiant_castC,Cat_StoneGiant_castC.kfa,20,15,15,clamp,,1,0,0,0,0,0,,,
3940,Cat_StoneGiant_MeleeH,Cat_StoneGiant_MeleeH.kfa,30,15,15,clamp,,1,0,0,0,0,0,,,
3941,Cat_StoneGiant_MeleeL,Cat_StoneGiant_MeleeL.kfa,20,15,15,clamp,,1,0,0,0,0,0,,,
3942,Cat_StoneGiant_idlemelee,Cat_StoneGiant_idlemelee.kfa,25,15,15,loop,,1,0,0,0,0,0,,,
3943,Cat_StoneGiant_walk,Cat_StoneGiant_walk.kfa,23,15,15,loop,,1,0,0,0,0,0,,,
3944,Cat_StoneGiant_fidget1,Cat_StoneGiant_fidget1.kfa,45,15,15,loop,,1,0,0,0,0,0,,,
3945,Cat_StoneGiant_fidget2,Cat_StoneGiant_fidget2.kfa,80,15,15,loop,,1,0,0,0,0,0,,,
3946,Cat_StoneGiant_idle,Cat_StoneGiant_idle.kfa,30,15,15,loop,,1,0,0,0,0,0,,,
3947,Cat_StoneGiant_run,Cat_StoneGiant_run.kfa,16,15,15,loop,,1,0,0,0,0,0,,,
3948,Cat_StoneGiant_death,Cat_StoneGiant_death.kfa,30,15,15,clamp,,1,0,0,0,0,0,,,
3949,Cat_StoneGiant_castA,Cat_StoneGiant_castA.kfa,25,15,15,clamp,,1,0,0,0,0,0,,,
3950,Cat_StoneGiant_castB,Cat_StoneGiant_castB.kfa,30,15,15,loop,,1,0,0,0,0,0,,,
3951,Cat_StoneGiant_flinch,Cat_StoneGiant_flinch.kfa,14,15,15,clamp,,1,0,0,0,0,0,,,
3952,cat_babydragon_fidget1,cat_babydragon_fidget1.kfa,40,15,15,loop,,1,0,0,0,0,0,,,
3953,cat_babydragon_idle,cat_babydragon_idle.kfa,30,15,15,loop,,1,0,0,0,0,0,,,
3954,cat_babydragon_death,cat_babydragon_death.kfa,28,15,15,clamp,,1,0,0,0,0,0,,,
3955,cat_babydragon_CastC,cat_babydragon_CastC.kfa,55,15,15,clamp,,1,0,0,0,0,0,,,
3956,cat_babydragon_CastB,cat_babydragon_CastB.kfa,33,15,15,loop,,1,0,0,0,0,0,,,
3957,cat_babydragon_CastA,cat_babydragon_CastA.kfa,18,15,15,clamp,,1,0,0,0,0,0,,,
3958,cat_babydragon_meleeL,cat_babydragon_meleeL.kfa,35,15,15,clamp,,1,0,0,0,0,0,,,
3959,cat_babydragon_idlemelee,cat_babydragon_idlemelee.kfa,30,15,15,loop,,1,0,0,0,0,0,,,
3960,cat_babydragon_run,cat_babydragon_run.kfa,20,15,15,loop,,1,0,0,0,0,0,,,
3961,cat_babydragon_walk,cat_babydragon_walk.kfa,30,15,15,loop,,1,0,0,0,0,0,,,
3962,Cat_GlimmerKnight_CastA.kfa,Cat_GlimmerKnight_CastA.kfa,10,15,15,clamp,,1,0,0,0,0,0,,,
3963,Cat_GlimmerKnight_Run.kfa,Cat_GlimmerKnight_Run.kfa,17,15,15,loop,,1,0,0,0,0,0,,,
3964,Cat_GlimmerKnight_Walk.kfa,Cat_GlimmerKnight_Walk.kfa,25,15,15,loop,,1,0,0,0,0,0,,,
3965,Cat_GlimmerKnight_Fidget2.kfa,Cat_GlimmerKnight_Fidget2.kfa,55,15,15,loop,,1,0,0,0,0,0,,,
3966,Cat_GlimmerKnight_Fidget1.kfa,Cat_GlimmerKnight_Fidget1.kfa,58,15,15,loop,,1,0,0,0,0,0,,,
3967,Cat_GlimmerKnight_Idle.kfa,Cat_GlimmerKnight_Idle.kfa,61,15,15,loop,,1,0,0,0,0,0,,,
3968,Cat_GlimmerKnight_CastC.kfa,Cat_GlimmerKnight_CastC.kfa,15,15,15,clamp,,1,0,0,0,0,0,,,
3969,Cat_GlimmerKnight_CastB.kfa,Cat_GlimmerKnight_CastB.kfa,23,15,15,loop,,1,0,0,0,0,0,,,
3970,cat_BowRevamp_RangeC.kfa,cat_BowRevamp_RangeC.kfa,12,15,15,clamp,,4,0,0,0,0,0,,,
3971,cat_BowRevamp_RangeA.kfa,cat_BowRevamp_RangeA.kfa,30,15,15,clamp,,4,0,0,0,0,0,,,
3972,cat_BowRevamp_RangeB.kfa,cat_BowRevamp_RangeB.kfa,30,15,15,loop,,4,0,0,0,0,0,,,
3973,Cat_GlimmerKnight_LayingDeath.kfa,Cat_GlimmerKnight_LayingDeath.kfa,0,0,0,loop,,4,0,0,0,0,0,,,
3974,cat_babydragon_LayingDeath.kfa,cat_babydragon_LayingDeath.kfa,0,0,0,loop,,4,0,0,0,0,0,,,
3975,Cat_Werewolf_LayingDeath.kfa,Cat_Werewolf_LayingDeath.kfa,0,0,0,loop,,4,0,0,0,0,0,,,
3976,Cat_StoneGiant_LayingDeath.kfa,Cat_StoneGiant_LayingDeath.kfa,0,0,0,loop,,4,0,0,0,0,0,,,
3977,cat_Volley_RangeA.kfa,cat_Volley_RangeA.kfa,30,15,15,clamp,,4,0,0,0,0,0,,,
3978,cat_Volley_RangeB.kfa,cat_Volley_RangeB.kfa,30,15,15,loop,,4,0,0,0,0,0,,,
3979,cat_Volley_RangeC.kfa,cat_Volley_RangeC.kfa,12,15,15,clamp,,4,0,0,0,0,0,,,
3980,Classic_Volley_RangeA.kfa,Classic_Volley_RangeA.kfa,30,15,15,clamp,,1,0,0,0,0,0,,,
3981,Classic_Volley_RangeB.kfa,Classic_Volley_RangeB.kfa,30,15,15,loop,,1,0,0,0,0,0,,,
3982,Classic_Volley_RangeC.kfa,Classic_Volley_RangeC.kfa,12,15,15,clamp,,1,0,0,0,0,0,,,
3983,cat_babydragon_fly.kfa,cat_babydragon_fly.kfa,25,15,15,loop,,1,0,0,0,0,0,,,
3984,WolfLizard_MeleeL.kfa,WolfLizard_MeleeL.kfa,14,15,15,clamp,,4,0,0,0,0,0,,,
3985,WolfLizard_MeleeH.kfa,WolfLizard_MeleeH.kfa,39,15,15,clamp,,4,0,0,0,0,0,,,
3986,WolfLizard_IdleMelee.kfa,WolfLizard_IdleMelee.kfa,21,15,15,loop,,4,0,0,0,0,0,,,
3987,WolfLizard_Run.kfa,WolfLizard_Run.kfa,16,15,15,loop,,4,0,0,0,0,0,,,
3988,WolfLizard_Walk.kfa,WolfLizard_Walk.kfa,23,15,15,loop,,4,0,0,0,0,0,,,
3989,WolfLizard_Fidget2.kfa,WolfLizard_Fidget2.kfa,46,15,15,loop,,4,0,0,0,0,0,,,
3990,WolfLizard_Fidget1.kfa,WolfLizard_Fidget1.kfa,49,15,15,loop,,4,0,0,0,0,0,,,
3991,WolfLizard_Death.kfa,WolfLizard_Death.kfa,28,15,15,clamp,,4,0,0,0,0,0,,,
3992,WolfLizard_Flinch.kfa,WolfLizard_Flinch.kfa,15,15,15,clamp,,4,0,0,0,0,0,,,
3993,WolfLizard_Idle.kfa,WolfLizard_Idle.kfa,30,15,15,loop,,4,0,0,0,0,0,,,
3994,cat_glimmercaster_flinch.kfa,cat_glimmercaster_flinch.kfa,30,30,30,clamp,,1,0,0,0,0,0,,,
3995,cat_glimmercaster_meleeM_1hsword.kfa,cat_glimmercaster_meleeM_1hsword.kfa,38,30,30,clamp,,1,0,0,0,0,0,,,
3996,cat_glimmercaster_meleeL_stave.kfa,cat_glimmercaster_meleeL_stave.kfa,59,30,30,clamp,,1,0,0,0,0,0,,,
3997,cat_glimmercaster_meleeH_stave.kfa,cat_glimmercaster_meleeH_stave.kfa,32,30,30,clamp,,1,0,0,0,0,0,,,
3998,cat_glimmercaster_meleeidle.kfa,cat_glimmercaster_meleeidle.kfa,40,30,30,loop,,1,0,0,0,0,0,,,
3999,cat_glimmercaster_walk.kfa,cat_glimmercaster_walk.kfa,60,30,30,loop,,1,0,0,0,0,0,,,
4000,cat_glimmercaster_run.kfa,cat_glimmercaster_run.kfa,40,30,30,loop,,1,0,0,0,0,0,,,
4001,cat_glimmercaster_idle.kfa,cat_glimmercaster_idle.kfa,90,30,30,loop,,1,0,0,0,0,0,,,
4002,cat_glimmercaster_fidget1.kfa,cat_glimmercaster_fidget1.kfa,180,30,30,loop,,1,0,0,0,0,0,,,
4003,cat_glimmercaster_death.kfa,cat_glimmercaster_death.kfa,36,30,30,clamp,,1,0,0,0,0,0,,,
4004,cat_glimmercaster_castC.kfa,cat_glimmercaster_castC.kfa,56,30,30,clamp,,1,0,0,0,0,0,,,
4005,cat_glimmercaster_castB.kfa,cat_glimmercaster_castB.kfa,30,30,30,loop,,1,0,0,0,0,0,,,
4006,cat_glimmercaster_castA.kfa,cat_glimmercaster_castA.kfa,36,30,30,clamp,,1,0,0,0,0,0,,,
4007,cat_drago_Layingdeath.kfa,cat_drago_Layingdeath.kfa,0,0,0,loop,,1,0,0,0,0,0,,,
4008,cat_glimmer_ghoul_fidget1.kfa,cat_glimmer_ghoul_fidget1.kfa,102,15,15,loop,,1,0,0,0,0,0,,,
4009,cat_glimmer_ghoul_idle.kfa,cat_glimmer_ghoul_idle.kfa,30,15,15,loop,,1,0,0,0,0,0,,,
4010,cat_glimmer_ghoul_run.kfa,cat_glimmer_ghoul_run.kfa,15,15,15,loop,,1,0,0,0,0,0,,,
4011,cat_glimmer_ghoul_walk.kfa,cat_glimmer_ghoul_walk.kfa,30,15,15,loop,,1,0,0,0,0,0,,,
4012,cat_glimmer_ghoul_fidget2.kfa,cat_glimmer_ghoul_fidget2.kfa,63,15,15,loop,,1,0,0,0,0,0,,,
4013,cat_drago_Fly(flap).kfa,cat_drago_Fly(flap).kfa,14,15,15,loop,,1,0,0,0,0,0,,,
4014,cat_drago_Fly(soar).kfa,cat_drago_Fly(soar).kfa,120,15,15,loop,,1,0,0,0,0,0,,,
4015,cat_RockCritter_meleeH.kfa,cat_RockCritter_meleeH.kfa,20,15,15,clamp,,1,0,0,0,0,0,,,
4016,cat_RockCritter_idlemelee.kfa,cat_RockCritter_idlemelee.kfa,20,15,15,loop,,1,0,0,0,0,0,,,
4017,cat_RockCritter_run.kfa,cat_RockCritter_run.kfa,14,15,15,loop,,1,0,0,0,0,0,,,
4018,cat_RockCritter_walk.kfa,cat_RockCritter_walk.kfa,23,15,15,loop,,1,0,0,0,0,0,,,
4019,cat_RockCritter_fidget2.kfa,cat_RockCritter_fidget2.kfa,50,15,15,loop,,1,0,0,0,0,0,,,
4020,cat_RockCritter_fidget1.kfa,cat_RockCritter_fidget1.kfa,22,15,15,loop,,1,0,0,0,0,0,,,
4021,cat_RockCritter_idle.kfa,cat_RockCritter_idle.kfa,30,15,15,loop,,1,0,0,0,0,0,,,
4022,cat_RockCritter_death.kfa,cat_RockCritter_death.kfa,74,15,15,clamp,,1,0,0,0,0,0,,,
4023,cat_RockCritter_flinch.kfa,cat_RockCritter_flinch.kfa,13,15,15,clamp,,1,0,0,0,0,0,,,
4024,cat_RockCritter_meleeL.kfa,cat_RockCritter_meleeL.kfa,15,15,15,clamp,,1,0,0,0,0,0,,,
4025,CRI_HM.kfa(new stealth idle),CRI_HM.kfa,15,15,15,loop,,1,0,0,0,0,0,,,
4026,CR_HM.kfa(new stealth movement),CR_HM.kfa,15,15,15,loop,,1,0,0,0,0,0,,,
4027,Catacombs Male Stealth Run,Cat_R_HM.kfa,5,5,15,loop,,4,0,0,0,0,0,2620,3248,
4028,Catacombs Female Stealth Run,Cat_R_HF.kfa,12,12,30,loop,,4,0,0,0,0,0,2620,3248,
4029,Catacombs Valkyn Male Stealth Run,Cat_R_VM.kfa,5,5,15,loop,,4,0,0,0,0,0,2620,3248,
4030,Catacombs Valkyn Female Stealth Run,Cat_R_VF.kfa,5,5,15,loop,,4,0,0,0,0,0,2620,3248,
4031,Catacombs Lurikeen Male Stealth Run,CAT_R_LM.KFA,12,12,30,loop,,4,0,0,0,0,0,2620,3248,
4032,Classic Male Stealth Run,R_hm.kfa,7,7,15,loop,0,0,0,0,0,0,0,1847,3419,
4033,Classic Female Stealth Run,r_hf.kfa,5,5,15,loop,0,0,0,0,0,0,0,1848,3419,
4034,Classic Lurikeen Male Stealth Run,r_lm.kfa,5,5,15,loop,0,0,0,0,0,0,0,1847,3248,
4035,Classic Lurikeen Feale Stealth Run,r_lf.kfa,5,5,15,loop,0,0,0,0,0,0,0,1847,3248,
4036,Classic Valkyn Male Run,R_VM.kfa,5,5,15,loop,0,0,0,0,0,0,0,1847,3248,
4037,Classic Valkyn Female Run,R_VF.kfa,5,5,15,loop,0,0,0,0,0,0,0,1847,3248,
4038,Classic Frostalf Male Run ,R_SVM.kfa,7,5,15,loop,,0,0,0,0,0,0,1847,3248,
4039,Black Cat Tail Swipe,amb_blackcat_SIT_TAILSWIPE.kfa,22,10,15,loop,0,0,0,0,0,0,0,0,0,
4040,Black Cat running,amb_blackcat_RUN.kfa,7,15,30,loop,0,0,0,0,0,0,0,0,0,
4041,Black Cat Stand Idle,amb_blackcat_STAND_IDLE.kfa,90,15,30,loop,0,0,0,0,0,0,0,0,0,
4042,Black Cat Stand to Sit,amb_blackcat_STAND_TO_SIT.kfa,27,15,30,clamp,0,0,0,0,0,0,0,0,0,
4043,Black Cat Walk,amb_blackcat_WALK.kfa,17,15,30,loop,0,0,0,0,0,0,0,0,0,
4044,Black Cat Sit Idle,amb_blackcat_SIT_IDLE.kfa,90,15,30,loop,0,0,0,0,0,0,0,0,0,
4045,amb_rabbit_fidget01.kfa,amb_rabbit_fidget01.kfa,74,15,15,clamp,0,0,0,0,0,0,0,0,0,
4046,amb_rabbit_hop.kfa,amb_rabbit_hop.kfa,8,15,15,loop,0,0,0,0,0,0,0,0,0,
4047,amb_rabbit_idle.kfa,amb_rabbit_idle.kfa,30,15,15,clamp,0,0,0,0,0,0,0,0,0,
4048,amb_rabbit_look.kfa,amb_rabbit_look.kfa,41,15,15,clamp,0,0,0,0,0,0,0,0,0,
4049,amb_rabbit_death.kfa,amb_rabbit_death.kfa,15,15,15,clamp,0,0,0,0,0,0,0,0,0,
4050,amb_bird_death.kfa,amb_bird_death.kfa,25,15,15,clamp,0,0,0,0,0,0,0,0,0,
4051,amb_bird_fly.kfa,amb_bird_fly.kfa,9,15,15,loop,0,0,0,0,0,0,0,0,0,
4052,harbinger_death.kfa,harbinger_death.kfa,15,15,15,clamp,0,0,0,0,0,0,0,0,0,
4053,harbinger_ears.kfa,harbinger_ears.kfa,74,15,15,clamp,0,0,0,0,0,0,0,0,0,
4054,harbinger_move.kfa,harbinger_move.kfa,8,15,15,loop,0,0,0,0,0,0,0,0,0,
4055,harbinger_idle.kfa,harbinger_idle.kfa,30,15,15,loop,0,0,0,0,0,0,0,0,0,
4056,harbinger_look.kfa,harbinger_look.kfa,41,15,15,clamp,0,0,0,0,0,0,0,0,0,
4057,harbinger_attack.kfa,harbinger_attack.kfa,8,15,15,clamp,0,0,0,0,0,0,0,0,0,
4058,amb_bat_fly.kfa,amb_bat_fly.kfa,7,15,15,loop,0,0,0,0,0,0,0,0,0,
4059,amb_bat_death.kfa,amb_bat_death.kfa,38,15,15,clamp,0,0,0,0,0,0,0,0,0,
4060,amb_sqrl_look.kfa,amb_sqrl_look.kfa,43,15,15,loop,0,0,0,0,0,0,0,0,0,
4061,amb_sqrl_run.kfa,amb_sqrl_run.kfa,10,15,15,loop,0,0,0,0,0,0,0,0,0,
4062,amb_sqrl_walk.kfa,amb_sqrl_walk.kfa,8,15,15,loop,0,0,0,0,0,0,0,0,0,
4063,amb_sqrl_death.kfa,amb_sqrl_death.kfa,15,15,15,clamp,0,0,0,0,0,0,0,0,0,
4064,amb_sqrl_idle.kfa,amb_sqrl_idle.kfa,10,15,15,loop,0,0,0,0,0,0,0,0,0,
4065,amb_owl_fly.kfa,amb_owl_fly.kfa,,,,loop,0,0,0,0,0,0,0,0,0,
4066,amb_owl_Idle.kfa,amb_owl_Idle.kfa,,,,loop,0,0,0,0,0,0,0,0,0,
4067,amb_owl_death.kfa,amb_owl_death.kfa,,,,clamp,0,0,0,0,0,0,0,0,0,
4068,blackrat_attack.kfa,blackrat_attack.kfa,14,15,15,clamp,0,0,0,0,0,0,0,0,0,
4069,blackrat_cidle.kfa,blackrat_cidle.kfa,16,15,15,loop,0,0,0,0,0,0,0,0,0,
4070,blackrat_death.kfa,blackrat_death.kfa,7,15,15,clamp,0,0,0,0,0,0,0,0,0,
4071,blackrat_idle.kfa,blackrat_idle.kfa,16,15,15,loop,0,0,0,0,0,0,0,0,0,
4072,blackrat_run.kfa,blackrat_run.kfa,8,15,15,loop,0,0,0,0,0,0,0,0,0,
4073,blackrat_walk.kfa,blackrat_walk.kfa,16,15,15,loop,0,0,0,0,0,0,0,0,0,
4074,Emote Howl,Cat_EM_howl.kfa,66,30,30,clamp,,4,0,0,0,0,0,0,0,
4075,Emote Diabolical,cat_em_diabolical.fka,100,30,30,clamp,,4,,,,,,,,
4076,Emote Diabolical Female,cat_em_f_diabolical.kfa,100,30,30,clamp,,4,,,,,,,,
4077,Emote brandish,cat_em_brandish.fka,60,30,30,clamp,,4,,,,,,,,
4078,Emote startled,cat_em_startled.fka,122,15,15,clamp,,4,,,,,,,,
4079,Emote talk,cat_em_talk.fka,105,15,15,clamp,,4,,,,,,,,
4080,Emote kick,cat_em_kick.fka,60,30,30,clamp,,4,,,,,,,,
4081,Emote stomp,cat_em_stomp.fka,60,30,30,clamp,,4,,,,,,,,
4082,Emote Monty,cat_em_monty.kfa,190,30,30,loop,,4,,,,,,,,
4083,Emote loco,cat_em_loco.fka,35,15,15,clamp,,4,,,,,,,,
4084,Emote duh,cat_em_duh.fka,30,30,30,clamp,,4,,,,,,,,
4085,Emote backslap,cat_em_backslap.fka,60,30,30,clamp,,4,,,,,,,,
4086,Emote halt,cat_em_halt.fka,60,30,30,clamp,,4,,,,,,,,
4087,Emote stay ,cat_em_stay.fka,60,30,30,clamp,,4,,,,,,,,
4088,Emote dispair     ,cat_em_dispair.fka,90,30,30,clamp,,4,,,,,,,,
4089,Emote cower,cat_em_cower.fka,135,30,30,clamp,,4,,,,,,,,
4090,Emote thankyou,cat_em_thankyou.fka,90,30,30,clamp,,4,,,,,,,,
4091,Emote startled troll,cat_em_troll_startled.fka,122,15,15,clamp,,4,,,,,,,,
4092,Emote Howl classic,classic_BritonMale_howl.kfa,66,30,30,clamp,,1,,,,,,,,
4093,Emote Diabolical classic,classic_BritonMale_diabolical.kfa,100,30,30,clamp,,1,,,,,,,,
4094,Emote brandish classic,classic_BritonMale_brandish.kfa,60,30,30,clamp,,1,,,,,,,,
4095,Emote startled classic,classic_BritonMale_startled.kfa,122,15,15,clamp,,1,,,,,,,,
4096,Emote talk classic,classic_BritonMale_talk.kfa,105,15,15,clamp,,1,,,,,,,,
4097,Emote kick classic,classic_BritonMale_kick.kfa,60,30,30,clamp,,1,,,,,,,,
4098,Emote stomp classic,classic_BritonMale_stomp.kfa,60,30,30,clamp,,1,,,,,,,,
4099,Emote Monty classic,classic_BritonMale_monty.kfa,190,30,30,loop,,1,,,,,,,,
4100,Emote loco classic,classic_BritonMale_loco.kfa,35,15,15,clamp,,1,,,,,,,,
4101,Emote duh classic,classic_BritonMale_duh.kfa,30,30,30,clamp,,1,,,,,,,,
4102,Emote backslap classic,classic_BritonMale_backslap.kfa,60,30,30,clamp,,1,,,,,,,,
4103,Emote halt classic,classic_BritonMale_halt.kfa,60,30,30,clamp,,1,,,,,,,,
4104,Emote stay  classic,classic_BritonMale_stay.kfa,60,30,30,clamp,,1,,,,,,,,
4105,Emote dispair classic,classic_BritonMale_dispair.kfa,90,30,30,clamp,,1,,,,,,,,
4106,Emote cower classic,classic_BritonMale_cower.kfa,135,30,30,clamp,,1,,,,,,,,
4107,Emote thankyou classic,classic_BritonMale_thankyou.kfa,90,30,30,clamp,,1,,,,,,,,
4108,ghost King,ghost_king01_IDLE.kfa,60,30,30,loop,,1,,,,,,,,
4109,boar_mount_ALLHACK,boar_mount_ALLHACK.kfa,30,30,30,loop,,1,,,,,,,,
4110,wolf_dragon_mount_idle,wolf_dragon_mount_idle.kfa,60,30,30,loop,,1,,,,,,4122,,
4111,wolf_dragon_mount_run,wolf_dragon_mount_run.kfa,30,30,30,loop,,1,,,,,,4122,,
4112,wolf_dragon_mount_walk,wolf_dragon_mount_walk.kfa,60,30,30,loop,,1,,,,,,4122,,
4113,wolf_dragon_mount_back,wolf_dragon_mount_back.kfa,60,30,30,loop,,1,,,,,,4122,,
4114,wolf_dragon_mount_courbette,wolf_dragon_mount_courbette.kfa,150,30,30,clamp,,1,,,,,,,,
4115,wolf_dragon_mount_jump,wolf_dragon_mount_jump.kfa,12,30,30,clamp,,1,,,,,,,,
4116,wolf_dragon_mount_land,wolf_dragon_mount_land.kfa,19,30,30,clamp,,1,,,,,,,,
4117,wolf_dragon_mount_rear,wolf_dragon_mount_rear.kfa,135,30,30,clamp,,1,,,,,,,,
4118,wolf_dragon_mount_startle,wolf_dragon_mount_startle.kfa,75,30,30,clamp,,1,,,,,,,,
4119,wolf_dragon_mount_nod,wolf_dragon_mount_nod.kfa,5,15,15,loop,,1,,,,,,,,
4120,emote_rider_pet-dragon,emote_rider_pet-dragon.kfa,60,30,30,clamp,,4,0,0,0,0,0,,,
4121,wolf_dragon_mount_graze,wolf_dragon_mount_graze.kfa,60,30,30,loop,,4,,,,,,,,
4122,wolf_dragon_mount_swim,wolf_dragon_mount_swim.kfa,60,30,30,loop,,1,,,,,,,,
4123,Botonid_REVAMPED_15FPS_combat_idle.kfa,Botonid_REVAMPED_15FPS_combat_idle.kfa,30,15,15,loop,,1,,,,,,,,
4124,Botonid_REVAMPED_15FPS_SpellA.kfa,Botonid_REVAMPED_15FPS_SpellA.kfa,23,15,15,clamp,,1,,,,,,,,
4125,Botonid_REVAMPED_15FPS_spellC.kfa,Botonid_REVAMPED_15FPS_spellC.kfa,10,15,15,clamp,,1,,,,,,,,
4126,Botonid_REVAMPED_15FPS_SpellB.kfa,Botonid_REVAMPED_15FPS_SpellB.kfa,15,15,15,loop,,1,,,,,,,,
4127,Botonid_REVAMPED_15FPS_run.kfa,Botonid_REVAMPED_15FPS_run.kfa,5,15,15,loop,,1,,,,,,,,
4128,Botonid_REVAMPED_15FPS_death.kfa,Botonid_REVAMPED_15FPS_death.kfa,20,15,15,clamp,,1,,,,,,,,
4129,Botonid_REVAMPED_15FPS_walk.kfa,Botonid_REVAMPED_15FPS_walk.kfa,15,15,15,loop,,1,,,,,,,,
4130,Botonid_REVAMPED_15FPS_flinch.kfa,Botonid_REVAMPED_15FPS_flinch.kfa,15,15,15,clamp,,1,,,,,,,,
4131,Botonid_REVAMPED_15FPS_ATTACK_HIGH.kfa,Botonid_REVAMPED_15FPS_ATTACK_HIGH.kfa,15,15,15,clamp,,1,,,,,,,,
4132,Botonid_REVAMPED_15FPS_non_combat_idle.kfa,Botonid_REVAMPED_15FPS_non_combat_idle.kfa,44,15,15,loop,,1,,,,,,,,
4133,Botonid_REVAMPED_15FPS_attack_low.kfa,Botonid_REVAMPED_15FPS_attack_low.kfa,30,15,15,clamp,,1,,,,,,,,
4134,Lamia_REVAMPED_Idle.kfa,Lamia_REVAMPED_Idle.kfa,53,15,15,loop,,1,,,,,,,,
4135,Lamia_REVAMPED_Bow_C.kfa,Lamia_REVAMPED_Bow_C.kfa,13,15,15,clamp,,1,,,,,,,,
4136,Lamia_REVAMPED_Bow_B.kfa,Lamia_REVAMPED_Bow_B.kfa,11,15,15,loop,,1,,,,,,,,
4137,Lamia_REVAMPED_Bow_A.kfa,Lamia_REVAMPED_Bow_A.kfa,37,15,15,clamp,,1,,,,,,,,
4138,Lamia_REVAMPED_Spell_C.kfa,Lamia_REVAMPED_Spell_C.kfa,23,15,15,clamp,,1,,,,,,,,
4139,Lamia_REVAMPED_Spell_B.kfa,Lamia_REVAMPED_Spell_B.kfa,10,15,15,loop,,1,,,,,,,,
4140,Lamia_REVAMPED_Spell_A.kfa,Lamia_REVAMPED_Spell_A.kfa,15,15,15,clamp,,1,,,,,,,,
4141,Lamia_REVAMPED_Swim.kfa,Lamia_REVAMPED_Swim.kfa,23,15,15,loop,,1,,,,,,,,
4142,Lamia_REVAMPED_Death.kfa,Lamia_REVAMPED_Death.kfa,14,15,15,clamp,,1,,,,,,,,
4143,Lamia_REVAMPED_Flinch.kfa,Lamia_REVAMPED_Flinch.kfa,12,15,15,clamp,,1,,,,,,,,
4144,Lamia_REVAMPED_Attack_3.kfa,Lamia_REVAMPED_Attack_3.kfa,24,15,15,clamp,,1,,,,,,,,
4145,Lamia_REVAMPED_Attack_2.kfa,Lamia_REVAMPED_Attack_2.kfa,24,15,15,clamp,,1,,,,,,,,
4146,Lamia_REVAMPED_Attack_1.kfa,Lamia_REVAMPED_Attack_1.kfa,20,15,15,clamp,,1,,,,,,,,
4147,Lamia_REVAMPED_Run.kfa,Lamia_REVAMPED_Run.kfa,12,15,15,loop,,1,,,,,,,,
4148,Lamia_REVAMPED_Walk.kfa,Lamia_REVAMPED_Walk.kfa,15,15,15,loop,,1,,,,,,,,
4149,Lamia_REVAMPED_Combat_Idle.kfa,Lamia_REVAMPED_Combat_Idle.kfa,17,15,15,loop,,1,,,,,,,,
4150,Urchin_REVAMP_CombatIdle.kfa,Urchin_REVAMP_CombatIdle.kfa,32,30,30,loop,,1,,,,,,,,
4151,Urchin_REVAMP_SpellA.kfa,Urchin_REVAMP_SpellA.kfa,30,30,30,clamp,,1,,,,,,,,
4152,Urchin_REVAMP_SpellB.kfa,Urchin_REVAMP_SpellB.kfa,20,30,30,loop,,1,,,,,,,,
4153,Urchin_REVAMP_SpellC.kfa,Urchin_REVAMP_SpellC.kfa,46,30,30,clamp,,1,,,,,,,,
4154,Urchin_REVAMP_Death.kfa,Urchin_REVAMP_Death.kfa,26,30,30,clamp,,1,,,,,,,,
4155,Urchin_REVAMP_Flinch.kfa,Urchin_REVAMP_Flinch.kfa,20,30,30,clamp,,1,,,,,,,,
4156,Urchin_REVAMP_Swim.kfa,Urchin_REVAMP_Swim.kfa,44,30,30,loop,,1,,,,,,,,
4157,Urchin_REVAMP_Run.kfa,Urchin_REVAMP_Run.kfa,20,30,30,loop,,1,,,,,,,,
4158,Urchin_REVAMP_Attack.kfa,Urchin_REVAMP_Attack.kfa,30,30,30,clamp,,1,,,,,,,,
4159,Urchin_REVAMP_Idle2.kfa,Urchin_REVAMP_Idle2.kfa,120,30,30,loop,,1,,,,,,,,
4160,Urchin_REVAMP_Idle1.kfa,Urchin_REVAMP_Idle1.kfa,120,30,30,loop,,1,,,,,,,,
4161,Boar_CATA_IDLE.kfa,Boar_CATA_IDLE.kfa,15,15,15,loop,,1,,,,,,4174,,
4162,Boar_CATA_FLINCH.kfa,Boar_CATA_FLINCH.kfa,10,15,15,clamp,,1,,,,,,,,
4163,Boar_CATA_DEATH.kfa,Boar_CATA_DEATH.kfa,19,15,15,clamp,,1,,,,,,,,
4164,Boar_CATA-CIDLE.kfa,Boar_CATA-CIDLE.kfa,16,15,15,loop,,1,,,,,,4174,,
4165,Boar_CATA_ATTACK.kfa,Boar_CATA_ATTACK.kfa,15,15,15,clamp,,1,,,,,,,,
4166,Boar_CATA_WALK.kfa,Boar_CATA_WALK.kfa,16,15,15,loop,,1,,,,,,4174,,
4167,Boar_CATA_RUN.kfa,Boar_CATA_RUN.kfa,8,15,15,loop,,1,,,,,,4174,,
4168,fox_pet_IDLE.kfa,fox_pet_IDLE.kfa,90,15,15,loop,,1,,,,,,4172,,
4169,fox_pet_WALK.kfa,fox_pet_WALK.kfa,32,30,30,loop,,1,,,,,,4172,,
4170,fox_pet_RUN.kfa,fox_pet_RUN.kfa,37,60,60,loop,,1,,,,,,4172,,
4171,fox_pet_DEATH.kfa,fox_pet_DEATH.kfa,83,30,30,clamp,,1,,,,,,,,
4172,fox_pet_SWIM.kfa,fox_pet_SWIM.kfa,16,15,15,loop,,1,,,,,,,,
4173,fox_pet_SWIM-surface.kfa,fox_pet_SWIM-surface.kfa,16,15,15,loop,,1,,,,,,,,
4174,Boar_CATA_SWIM.kfa,Boar_CATA_SWIM.kfa,16,15,15,loop,,1,,,,,,,,
4175,wolverine_IDLE.kfa,wolverine_IDLE.kfa,35,15,15,loop,,1,,,,,,4180,,
4176,wolverine_WALK.kfa,wolverine_WALK.kfa,15,15,15,loop,,1,,,,,,4180,,
4177,wolverine_RUN.kfa,wolverine_RUN.kfa,8,15,15,loop,,1,,,,,,4180,,
4178,wolverine_FIDGET01.kfa,wolverine_FIDGET01.kfa,50,15,15,clamp,,1,,,,,,4180,,
4179,wolverine_DEATH.kfa,wolverine_DEATH.kfa,22,15,15,clamp,,1,,,,,,,,
4180,wolverine_SWIM.kfa,wolverine_SWIM.kfa,12,15,15,loop,,1,,,,,,,,
4181,owl_IDLE.kfa,owl_IDLE.kfa,20,15,15,loop,,1,,,,,,4184,,
4182,owl_RUN.kfa,owl_RUN.kfa,10,15,15,loop,,1,,,,,,4184,,
4183,owl_DEATH.kfa,owl_DEATH.kfa,21,15,15,clamp,,1,,,,,,,,
4184,owl_SWIM.kfa,owl_SWIM.kfa,10,15,15,loop,,1,,,,,,,,
4185,gandolaf-ANIM-idle,gandolaf-ANIM-idle.kfa,60,30,30,loop,,1,,,,,,4188,,
4186,gandolaf-ANIM-run,gandolaf-ANIM-run.kfa,30,30,30,loop,,1,,,,,,4188,,
4187,gandolaf-ANIM-walk.kfa,gandolaf-ANIM-walk.kfa,30,30,30,loop,,1,,,,,,4188,,
4188,gandolaf-ANIM-swim,gandolaf-ANIM-swim.kfa,60,30,30,loop,,1,,,,,,,,
4189,gandolaf-ANIM-death,gandolaf-ANIM-death.kfa,60,30,30,clamp,,1,,,,,,,,
4190,great_elk01-IDLE.kfa,great_elk01-IDLE.kfa,80,30,30,loop,,1,,0,1,,,4194,,
4191,great_elk01-WALK.kfa,great_elk01-WALK.kfa,30,15,15,loop,,1,,,1,,,4194,,
4192,great_elk01-IDLE.kfa,great_elk01-IDLE.kfa,80,30,30,loop,,1,,0,,,,4194,,
4193,great_elk01-RUN.kfa,great_elk01-RUN.kfa,20,30,30,loop,,1,,,,,,4194,,
4194,great_elk01-SWIM.kfa,great_elk01-SWIM.kfa,32,15,15,loop,,1,,,,,,,,
4195,great_wolf01_RUN.kfa,great_wolf01_RUN.kfa,20,30,30,loop,,1,,,,,,4198,,
4196,great_wolf01_IDLE.kfa,great_wolf01_IDLE.kfa,80,30,30,loop,,1,,,,,,4198,,
4197,great_wolf01_WALK.kfa,great_wolf01_WALK.kfa,31,30,30,loop,,1,,,,,,4198,,
4198,great_wolf01_SWIM.kfa,great_wolf01_SWIM.kfa,32,15,15,loop,,1,,,,,,,,
4199,great_wolf01_JUMP.kfa,great_wolf01_JUMP.kfa,8,30,30,clamp,,1,,,,,,,,
4200,great_wolf01_LAND.kfa,great_wolf01_LAND.kfa,20,30,30,clamp,,1,,,,,,,,
4201,lion_mount01_RUN.kfa,lion_mount01_RUN.kfa,20,30,30,loop,,1,,,,,,4206,,
4202,lion_mount01_idle.kfa,lion_mount01_idle.kfa,80,30,30,loop,,1,,,1,,,4206,,
4203,lion_mount01_WALK.kfa,lion_mount01_WALK.kfa,32,30,30,loop,,1,,,1,,,4206,,
4204,lion_mount01_jump.kfa,lion_mount01_jump.kfa,8,30,30,clamp,,1,,,,,,,,
4205,lion_mount01_land.kfa,lion_mount01_land.kfa,20,30,30,clamp,,1,,,,,,,,
4206,lion_mount01_SWIM.kfa,lion_mount01_SWIM.kfa,32,30,30,loop,,1,,,,,,,,
4207,questingBeast01_IDLE.kfa,questingBeast01_IDLE.kfa,80,30,30,loop,,1,,,,,,4210,,
4208,questingBeast01_WALK.kfa,questingBeast01_WALK.kfa,30,15,15,loop,,1,,,,,,4210,,
4209,questingBeast01_RUN.kfa,questingBeast01_RUN.kfa,20,30,30,loop,,1,,,,,,4210,,
4210,questingBeast01_SWIM.kfa,questingBeast01_SWIM.kfa,60,30,30,loop,,1,,,,,,,,
4211,questingBeast01_JUMP.kfa,questingBeast01_JUMP.kfa,16,30,30,clamp,,1,,,,,,,,
4212,questingBeast01_LAND.kfa,questingBeast01_LAND.kfa,20,30,30,clamp,,1,,,,,,,,
4213,questingBeast01_IDLE02.kfa,questingBeast01_IDLE02.kfa,80,30,30,loop,,1,,,,,,4210,,
4214,questingBeast01_IDLE03.kfa,questingBeast01_IDLE03.kfa,80,30,30,loop,,1,,,,,,4210,,
