,,0,1,2,3,4,5,6,7,8,9,10,11,12,13,14,15,16,17,18,19,20,21,22,23,24,25,26,27,28,29,30,31,32,33,34,35,36,37,38,39,40,41,42,43,44,45,46,47,48,49,50,51,52,53,54,55,56,57,58,59,60,61,62,63,64,65,66,67,68,69,70,71,72,73,74,75,76,77,78,79,80,81,82,83,84,85,86,87,88,89,90,91,92,93,94,95,96,97,98,99,100,101,102,103,104,105,106,107,108,109,110,111,112,113,114,115,116,117,118,119,120,121,122,123,124,125,126,127,128,129,130,131,132,133,134,135,136,137,138,139,140,141,142,143,144,145,146,147,148,149,150,151,152,153,154,155,156,157,158,159,160,161,162,163,164,165,166,167,168,169,170,171,172,173,174,175,176,177,178,179,180,181,182,183,184,185
ID,name,Walk,Back,Run,Turn Left,Turn Right,Jump,Land,Fly,Idle,Death,Ladder,Slide Left,Slide Right,Idle1,Idle2,Idle3,Cast Start,Cast Mid,Cast End,Sit Down,Sit Idle,Stand Up,Lute1,Lute2,Lute3,drums 1,drums 2,drums 3,Crawl,Flute1,Flute2,Flute3,1H Circ Start,1H Circ Mid,1H Circ End,2H Wax Start,2H Wax Mid,2H Wax End,Upraised Start,Upraised Mid,Upraised End,Bk-Hand Start,Bk-Hand Mid,Bk-Hand End,Stamp Start,Stamp Mid,Stamp End,Crossed Start,Crossed Mid,Crossed End,Z Start,Z Mid,Z End,EM Beckon,EM Blush,EM bow,EM Cheer,EM Clap,EM Cry,EM Flex,EM kiss,EM Dance,EM Flex 2,EM Laugh,EM Point,EM Salute,EM Shield,EM Victory,EM Wave,EM Curtsey,Distract,Ride Horse,EM Frenzy,EM Dirt Throw,EM Stag Frenzy,Em Dragon,Run Flinch,EM Drink,Alt Fly Anim,Alt Swim Anim,Em Ponder,EM Military,EM Present,EM Taunt,EM Rude,Em Chicken,EM Hug,EM Lets Go,EM Meditate,EM No,EM Raise Hand,EM Shrug,EM Slap,EM Slit,EM Surrender,EM Yes,Squat Sit,Squat Idle,Kneeup Sit,Kneeup Idle,Kneel Sit,Kneel Idle,Sitback Sit,Sitback Idle,OneKnee Sit,OneKnee Idle,EM Beg,EM Induct,EM Dismiss,EM Knock,Boat Ride,Ride Griffon,Ride Amphitere,Ride Dragonfly,Ride Harpie,Ride Knockback,Ride MineCart,Warlock Start,Warlock Gather,Warlock Cast,Warlock Start,Warlock Gather,Warlock Cast,Zealot CastA, Zealot CastB,Zealot Cast C,Run 2,EM Look Far,EM Stench,EM Rider Halt,EM Rider Pet,EM Horse-Corbette,EM Horse-Startle,EM Horse-Nod,EM Horse-Graze,EM Horse-Rear,EM Sweat,EM Stagger,EM Rider Trick,EM yawn,EM doh,EM confused,EM shiver,EM rofl,EM memememe,EM horse whistle,EM kowtow,Tank Grapple,Summon A,Summon B,Summon C,EM Player Prepare,EM Player Pickup,EM Player Listen,Mauler Side Kick,Mauler Front Kick,Mauler Low kick,Mauler Knee Hit,Bow Ready - Spell Version,Bow Aim - Spell Version,Bow Fire - Spell Version,Volley Ready,Volley Aim,Volley Fire,stealth_idle,stealth_run,Emote Howl,Emote Diabolical,EMPTY,Emote brandish,Emote startled,Emote talk,Emote kick,Emote stomp,Emote Monty,Emote loco,Emote duh,Emote backslap,Emote halt,Emote stay ,Emote despair     ,Emote cower,Emote thankyou,Throw Ready,Throw Aim,Throw Fire
1,Robed Guy,211,0,215,0,0,0,0,0,226,230,0,0,0,227,228,229,384,384,384,0,0,0,0,0,0,0,0,0,0,0,0,0,384,384,384,384,384,384,384,384,384,384,384,384,384,384,384,384,384,384,384,384,384,37,38,39,40,41,42,47,45,46,44,48,49,50,51,52,53,43,565,567,583,584,583,0,0,1194,0,0,1315,1317,1318,1321,1322,1537,1538,1539,1540,1541,1542,1543,1544,1545,1546,1547,1548,1549,1550,1551,1552,1553,1554,1555,1556,1557,1558,1559,1560,1894,1941,2051,2052,2053,2102,2171,2503,3166,3167,3168,3169,3170,3171,3185,3186,3187,2928,,,,,,,,,,,,,,,,,,,,,,,,,,,,,,,,0,0,0,,,,,,,,,,,,,,,,,,,,,,,0,0,0
2,Briton Male,380,332,381,336,337,340,36,340,329,386,539,333,334,329,329,329,511,520,389,344,345,346,217,218,219,220,221,222,338,474,475,476,511,520,523,511,520,526,511,520,527,511,520,525,512,521,524,512,521,528,511,520,536,37,38,39,40,41,42,47,45,46,44,48,49,50,51,52,53,43,565,567,583,584,583,0,952,1194,0,0,1315,1317,1318,1321,1322,1537,1538,1539,1540,1541,1542,1543,1544,1545,1546,1547,1548,1549,1550,1551,1552,1553,1554,1555,1556,1557,1558,1559,1560,1894,1941,2051,2052,2053,2102,2171,2503,3166,3167,3168,3169,3170,3171,3185,3186,3187,2928,3553,3558,329,329,329,329,329,329,329,3557,3551,329,3550,3559,3556,3552,3554,3555,3484,3617,3609,,,,3748,3749,3747,3866,3867,3863,3864,375,376,377,3980,3981,3982,329,4032,4092,4093,,4094,4095,4096,4097,4098,4099,4100,4101,4102,4103,4104,4105,4106,4107,93,94,95
3,Demon,370,0,0,0,0,0,0,0,372,371,0,0,0,372,372,372,373,373,373,0,0,0,0,0,0,0,0,0,0,0,0,0,373,373,373,373,373,373,373,373,373,373,373,373,373,373,373,373,373,373,373,373,373,37,38,39,40,41,42,47,45,46,44,48,49,50,51,52,53,43,565,567,583,584,583,0,0,1194,0,0,1315,1317,1318,1321,1322,1537,1538,1539,1540,1541,1542,1543,1544,1545,1546,1547,1548,1549,1550,1551,1552,1553,1554,1555,1556,1557,1558,1559,1560,1894,1941,2051,2052,2053,2102,2171,2503,3166,3167,3168,3169,3170,3171,3185,3186,3187,2928,,,,,,,,,,,,,,,,,,,,,,,,,,,,,,,,,,,,,,,,,,,,,,,,,,,,,,,,,0,0,0
4,Skeleton,96,96,97,336,337,340,36,340,329,224,539,333,334,329,329,329,1073,1074,1075,344,345,346,217,218,219,220,221,222,338,474,475,476,1073,1074,1075,1073,1074,1075,1073,1074,1075,1073,1074,1075,1073,1074,1075,1073,1074,1075,1073,1074,1075,37,38,39,40,41,42,47,45,46,44,48,49,50,51,52,53,43,565,567,583,584,583,0,0,1194,0,0,1315,1317,1318,1321,1322,1537,1538,1539,1540,1541,1542,1543,1544,1545,1546,1547,1548,1549,1550,1551,1552,1553,1554,1555,1556,1557,1558,1559,1560,1894,1941,2051,2052,2053,2102,2171,2503,3166,3167,3168,3169,3170,3171,3185,3186,3187,2928,,,,,,,,,,,,,,,,,,,,,,,,,,,,,,,,,,,,,,,,,,,,,,,,,,,,,,,,,93,94,95
5,Snake,390,0,0,0,0,0,0,0,391,396,0,0,0,391,391,391,392,392,392,0,0,0,0,0,0,0,0,0,394,0,0,0,392,392,392,392,392,392,392,392,392,392,392,392,392,392,392,392,392,392,392,392,392,37,38,39,40,41,42,47,45,46,44,48,49,50,51,52,53,43,565,567,583,584,583,0,0,1194,0,0,1315,1317,1318,1321,1322,1537,1538,1539,1540,1541,1542,1543,1544,1545,1546,1547,1548,1549,1550,1551,1552,1553,1554,1555,1556,1557,1558,1559,1560,1894,1941,2051,2052,2053,2102,2171,2503,3166,3167,3168,3169,3170,3171,3185,3186,3187,2928,,,,,,,,,,,,,,,,,, ,,,,,,,,,,,,,,,,,,,,,,,,,,,,,,,,,,,,,,,0,0,0
6,Briton Female,350,332,351,352,353,340,36,340,382,386,539,333,334,382,382,382,511,520,389,341,342,343,217,218,219,220,221,222,338,474,475,476,511,520,523,511,520,526,511,520,527,511,520,525,512,521,524,512,521,528,511,520,536,37,38,39,40,41,42,47,45,46,44,48,49,50,51,52,53,43,565,567,583,584,583,0,952,1194,0,0,1315,1317,1318,1321,1322,1537,1538,1539,1540,1541,1542,1543,1544,1545,1546,1547,1548,1549,1550,1551,1552,1553,1554,1555,1556,1557,1558,1559,1560,1894,1941,2051,2052,2053,2102,2171,2503,3166,3167,3168,3169,3170,3171,3185,3186,3187,2928,3553,3558,382,382,382,382,382,382,382,3557,3551,382,3550,3559,3556,3552,3554,3555,3484,3617,3609,,,,3748,3749,3747,3866,3867,3863,3864,375,376,377,3980,3981,3982,382,4033,4092,4093,,4094,4095,4096,4097,4098,4099,4100,4101,4102,4103,4104,4105,4106,4107,93,94,95
7,Wolf,241,0,242,0,0,0,0,0,240,244,0,0,0,240,240,240,246,246,246,240,240,240,240,240,240,240,240,240,3626,240,240,240,240,240,240,240,240,240,240,240,240,240,240,240,240,240,240,240,240,240,240,240,240,240,240,240,240,240,240,240,240,240,240,240,240,240,240,240,240,240,240,240,240,240,240,240,240,240,240,240,240,240,240,240,240,240,240,240,240,240,240,240,240,240,240,240,240,240,240,240,240,240,240,240,240,240,240,240,240,240,240,240,240,240,240,240,240,240,240,240,240,240,240,240,240,240,240,,,,,,,,,,,,,,,,,,,,,,,,,,,,,,,,,,,,,,,,,,,,,,,,,,,,,,,,,245,246,245
8,Goblin,251,0,252,0,0,0,0,0,250,254,0,0,0,250,250,250,253,253,253,0,0,0,0,0,0,0,0,0,0,0,0,0,253,253,253,253,253,253,253,253,253,253,253,253,253,253,253,253,253,253,253,253,253,37,38,39,40,41,42,47,45,46,44,48,49,50,51,52,53,43,565,567,583,584,583,0,0,1194,0,0,1315,1317,1318,1321,1322,1537,1538,1539,1540,1541,1542,1543,1544,1545,1546,1547,1548,1549,1550,1551,1552,1553,1554,1555,1556,1557,1558,1559,1560,1894,1941,2051,2052,2053,2102,2171,2503,3166,3167,3168,3169,3170,3171,3185,3186,3187,252,,,,,,,,,,,,,,,,,,,,,,,,,,,,,,,,,,,,,,,,,,,,,,,,,,,,,,,,,0,0,0
9,Spider,261,0,262,0,0,0,0,0,260,264,0,0,0,260,260,260,263,263,263,0,0,0,0,0,0,0,0,0,0,0,0,0,263,263,263,263,263,263,263,263,263,263,263,263,263,263,263,263,263,263,263,263,263,260,260,260,260,260,260,260,260,260,260,260,260,260,260,260,260,260,565,567,583,584,583,0,0,1194,0,0,260,260,260,260,260,260,260,260,260,260,260,260,260,260,260,260,1548,1549,1550,1551,1552,1553,1554,1555,1556,1557,260,260,260,260,1941,2051,2052,2053,2102,2171,2503,3166,3167,3168,3169,3170,3171,3185,3186,3187,262,,,,,,,,,,,,,,,,,,,,,,,,,,,,,,,,,,,,,,,,,,,,,,,,,,,,,,,,,0,0,0
10,Bear,271,0,272,0,0,0,0,0,270,273,0,0,0,270,270,270,275,275,275,0,0,0,0,0,0,0,0,0,3627,0,0,0,275,275,275,275,275,275,275,275,275,275,275,275,275,275,275,275,275,275,275,275,275,37,38,39,40,41,42,47,45,46,44,48,49,50,51,52,53,43,565,567,583,584,583,0,0,1194,0,0,1315,1317,1318,1321,1322,1537,1538,1539,1540,1541,1542,1543,1544,1545,1546,1547,1548,1549,1550,1551,1552,1553,1554,1555,1556,1557,1558,1559,1560,1894,1941,2051,2052,2053,2102,2171,2503,3166,3167,3168,3169,3170,3171,3185,3186,3187,272,,,,,,,,,,,,,,,,,,,,,,,,,,,,,,,,,,,,,,,,,,,,,,,,,,,,,,,,,0,0,0
11,Treeman,281,0,281,0,0,0,0,0,280,283,0,0,0,280,280,280,285,285,285,0,0,0,0,0,0,0,0,0,0,0,0,0,285,285,285,285,285,285,285,285,285,285,285,285,285,285,285,285,285,285,285,285,285,37,38,39,40,41,42,47,45,46,44,48,49,50,51,52,53,43,565,567,583,584,583,0,0,1194,0,0,1315,1317,1318,1321,1322,1537,1538,1539,1540,1541,1542,1543,1544,1545,1546,1547,1548,1549,1550,1551,1552,1553,1554,1555,1556,1557,1558,1559,1560,1894,1941,2051,2052,2053,2102,2171,2503,3166,3167,3168,3169,3170,3171,3185,3186,3187,281,,,,,,,,,,,,,,,,,,,,,,,,,,,,,,,,,,,,,,,,,,,,,,,,,,,,,,,,,0,0,0
12,Boar,321,0,322,0,0,0,0,0,320,323,0,0,0,320,320,320,325,325,325,0,0,0,0,0,0,0,0,0,0,0,0,0,325,325,325,325,325,325,325,325,325,325,325,325,325,325,325,325,325,325,325,325,325,37,38,39,40,41,42,47,45,46,44,48,49,50,51,52,53,43,565,567,583,584,583,0,0,1194,0,0,1315,1317,1318,1321,1322,1537,1538,1539,1540,1541,1542,1543,1544,1545,1546,1547,1548,1549,1550,1551,1552,1553,1554,1555,1556,1557,1558,1559,1560,1894,1941,2051,2052,2053,2102,2171,2503,3166,3167,3168,3169,3170,3171,3185,3186,3187,322,,,,,,,,,,,,,,,,,,,,,,,,,,,,,,,,,,,,,,,,,,,,,,,,,,,,,,,,,0,0,0
13,Lion,291,0,292,0,0,0,0,0,290,293,0,0,0,290,290,290,295,295,295,290,290,290,290,290,290,290,290,290,3625,290,290,290,290,290,290,290,290,290,290,290,290,290,290,290,290,290,290,290,290,290,290,290,290,290,290,290,290,290,290,290,290,290,290,290,290,290,290,290,290,290,290,290,290,290,290,290,290,290,290,290,290,290,290,290,290,290,290,290,290,290,290,290,290,290,290,290,290,290,290,290,290,290,290,290,290,290,290,290,290,290,290,290,290,290,290,290,290,290,290,290,290,290,290,290,290,290,290,,,,,,,,,,,,,,,,,,,,,,,,,,,,,,,,,,,,,,,,,,,,,,,,,,,,,,,,,295,294,294
14,Lizard,301,0,302,0,0,0,0,0,300,303,0,0,0,300,300,300,305,305,305,0,0,0,0,0,0,0,0,0,0,0,0,0,305,305,305,305,305,305,305,305,305,305,305,305,305,305,305,305,305,305,305,305,305,37,38,39,40,41,42,47,45,46,44,48,49,50,51,52,53,43,565,567,583,584,583,0,0,1194,0,0,1315,1317,1318,1321,1322,1537,1538,1539,1540,1541,1542,1543,1544,1545,1546,1547,1548,1549,1550,1551,1552,1553,1554,1555,1556,1557,1558,1559,1560,1894,1941,2051,2052,2053,2102,2171,2503,3166,3167,3168,3169,3170,3171,3185,3186,3187,302,,,,,,,,,,,,,,,,,,,,,,,,,,,,,,,,,,,,,,,,,,,,,,,,,,,,,,,,,0,0,0
15,Zombies,314,0,313,0,0,0,0,0,308,310,0,0,0,308,308,308,1067,1068,1069,0,0,0,0,0,0,0,0,0,69,0,0,0,1067,1068,1069,1067,1068,1069,1067,1068,1069,1067,1068,1069,1067,1068,1069,1067,1068,1069,1067,1068,1069,37,38,39,40,41,42,47,45,46,44,48,49,50,51,52,53,43,565,567,583,584,583,0,0,1194,0,0,1315,1317,1318,1321,1322,1537,1538,1539,1540,1541,1542,1543,1544,1545,1546,1547,1548,1549,1550,1551,1552,1553,1554,1555,1556,1557,1558,1559,1560,1894,1941,2051,2052,2053,2102,2171,2503,3166,3167,3168,3169,3170,3171,3185,3186,3187,313,,,,,,,,,,,,,,,,,,,,,,,,,,,,,,,,,,,,,,,,,,,,,,,,,,,,,,,,,0,0,0
16,Brownie,200,0,200,0,0,0,0,0,201,204,0,0,0,201,201,201,206,207,208,201,201,201,201,201,201,201,201,201,200,201,201,201,201,201,201,201,201,201,201,201,201,201,201,201,201,201,201,201,201,201,201,201,201,201,201,201,201,201,201,201,201,201,201,201,201,201,201,201,201,201,201,201,201,201,201,201,201,201,201,201,201,201,201,201,201,201,201,201,201,201,201,201,201,201,201,201,201,201,201,201,201,201,201,201,201,201,201,201,201,201,201,201,201,201,201,201,201,201,201,201,201,201,201,201,201,201,201,,,,,,,,,,,,,,,,,,,,,,,,,,,,,,,,,,,,,,,,,,,,,,,,,,,,,,,,,201,201,201
17,Rock Creatures,403,0,402,0,0,0,0,0,400,405,0,0,0,400,400,400,400,400,404,0,0,0,0,0,0,0,0,0,0,0,0,0,400,400,404,400,400,404,400,400,404,400,400,404,400,400,404,400,400,404,400,400,404,37,38,39,40,41,42,47,45,46,44,48,49,50,51,52,53,43,565,567,583,584,583,0,0,1194,0,0,1315,1317,1318,1321,1322,1537,1538,1539,1540,1541,1542,1543,1544,1545,1546,1547,1548,1549,1550,1551,1552,1553,1554,1555,1556,1557,1558,1559,1560,1894,1941,2051,2052,2053,2102,2171,2503,3166,3167,3168,3169,3170,3171,3185,3186,3187,402,,,,,,,,,,,,,,,,,,,,,,,,,,,,,,,,,,,,,,,,,,,,,,,,,,,,,,,,,0,0,0
18,Ants,407,0,407,0,0,0,0,0,411,409,0,0,0,411,412,412,408,408,408,0,0,0,0,0,0,0,0,0,0,0,0,0,408,408,408,408,408,408,408,408,408,408,408,408,408,408, ,408,408,408,408,408,408,37,38,39,40,41,42,47,45,46,44,48,49,50,51,52,53,43,565,567,583,584,583,0,0,1194,0,0,1315,1317,1318,1321,1322,1537,1538,1539,1540,1541,1542,1543,1544,1545,1546,1547,1548,1549,1550,1551,1552,1553,1554,1555,1556,1557,1558,1559,1560,1894,1941,2051,2052,2053,2102,2171,2503,3166,3167,3168,3169,3170,3171,3185,3186,3187,407,,,,,,,,,,,,,,,,,,,,,,,,,,,,,,,,,,,,,,,,,,,,,,,,,,,,,,,,,0,0,0
19,Frogs,459,0,457,0,0,0,0,0,455,452,0,0,0,455,455,455,450,450,450,0,0,0,0,0,0,0,0,0,0,0,0,0,450,450,450,0,450,450,0,450,450,0,450,450,0,450,450,0,450,450,0,450,450,455,455,455,455,455,455,455,455,455,455,455,455,455,455,455,455,455,455,455,455,455,455,455,455,455,455,455,455,455,455,455,455,455,455,455,455,455,455,455,455,455,455,455,455,455,455,455,455,455,455,455,455,455,455,455,455,455,455,455,455,455,455,455,455,3166,3167,3168,3169,3170,3171,3185,3186,3187,457,,,,,,,,,,,,,,,,,,,,,,,,,,,,,,,,,,,,,,,,,,,,,,,,,,,,,,,,,0,0,0
20,Giants,473,0,472,0,0,0,0,0,470,467,0,0,0,470,470,471,464,464,464,0,0,0,0,0,0,0,0,0,2366,0,0,0,464,464,464,464,464,464,464,464,464,464,464,464,464,464,464,464,464,464,464,464,464,37,38,39,40,41,42,47,45,46,44,48,49,50,51,52,53,43,565,567,583,584,583,0,0,1194,0,0,1315,1317,1318,1321,1322,1537,1538,1539,1540,1541,1542,1543,1544,1545,1546,1547,1548,1549,1550,1551,1552,1553,1554,1555,1556,1557,1558,1559,1560,1894,1941,2051,2052,2053,2102,2171,2503,3166,3167,3168,3169,3170,3171,3185,3186,3187,472,,,,,,,,,,,,,,,,,,,,,,,,,,,,,,,,,,,,,,,,,,,,,,,,,,,,,,,,,0,0,0
21,Worms,478,0,481,0,0,0,0,0,483,480,483,483,483,479,479,479,478,478,478,483,483,0,483,483,483,483,483,483,483,483,483,483,483,483,483,483,483,483,483,483,483,483,483,483,483,483,483,483,483,483,483,483,483,483,483,483,483,483,483,483,483,483,483,483,483,483,483,483,483,483,483,483,483,483,483,483,483,483,483,483,483,483,483,483,483,483,483,483,483,483,483,483,483,483,483,483,483,483,483,483,483,483,483,483,483,483,483,483,483,483,483,483,483,483,483,483,483,483,483,483,483,483,483,483,483,483,483,,,,,,,,,,,,,,,,,,,,,,,,,,,,,,,,,,,,,,,,,,,,,,,,,,,,,,,,,479,479,479
22,Bandit Males,380,332,381,336,337,340,36,340,329,386,539,333,334,329,329,329,1070,1071,1072,344,345,346,217,218,219,220,221,222,338,474,475,476,537,521,538,537,521,538,537,521,538,537,521,538,537,521,538,537,521,538,537,521,538,37,38,39,40,41,42,47,45,46,44,48,49,50,51,52,53,43,565,567,583,584,583,0,0,1194,0,0,1315,1317,1318,1321,1322,1537,1538,1539,1540,1541,1542,1543,1544,1545,1546,1547,1548,1549,1550,1551,1552,1553,1554,1555,1556,1557,1558,1559,1560,1894,1941,2051,2052,2053,2102,2171,2503,3166,3167,3168,3169,3170,3171,3185,3186,3187,381,,,,,,,,,,,,,,,,,,,,,,,,,,,,,,,,,,,,,,,,,,,,,,,,,,,,,,,,,93,94,95
23,Sprites,10,10,8,0,0,0,0,0,6,4,0,0,0,6,6,7,10,10,10,0,0,0,0,0,0,0,0,0,0,0,0,0,10,10,10,0,10,10,0,10,10,0,10,10,0,10,10,0,10,10,0,10,10,37,38,39,40,41,42,47,45,46,44,48,49,50,51,52,53,43,565,567,583,584,583,0,0,1194,0,0,1315,1317,1318,1321,1322,1537,1538,1539,1540,1541,1542,1543,1544,1545,1546,1547,1548,1549,1550,1551,1552,1553,1554,1555,1556,1557,1558,1559,1560,1894,1941,2051,2052,2053,2102,2171,2503,3166,3167,3168,3169,3170,3171,3185,3186,3187,0,,,,,,,,,,,,,,,,,,,,,,,,,,,,,,,,,,,,,,,,,,,,,,,,,,,,,,,,,1,1,1
24,Troll Male,23,332,24,336,337,340,36,340,31,386,539,333,334,31,31,31,514,520,389,28,29,30,217,218,219,220,221,222,338,474,475,476,514,520,523,514,520,526,514,520,527,514,520,525,515,521,524,515,521,528,514,520,536,37,38,39,40,41,42,47,45,46,44,48,49,50,51,52,53,43,565,567,583,584,583,0,952,1194,0,0,1315,1317,1318,1321,1322,1537,1538,1539,1540,1541,1542,1543,1544,1545,1546,1547,1548,1549,1550,1551,1552,1553,1554,1555,1556,1557,1558,1559,1560,1894,1941,2051,2052,2053,2102,2171,2503,3166,3167,3168,3169,3170,3171,3185,3186,3187,2928,3553,3558,31,31,31,31,31,31,31,3557,3551,31,3550,3559,3556,3552,3554,3555,3484,3617,3609,,,,3748,3749,3747,3866,3867,3863,3864,375,376,377,3980,3981,3982,31,24,4092,4093,,4094,4095,4096,4097,4098,4099,4100,4101,4102,4103,4104,4105,4106,4107,93,94,95
25,Troll Female,23,332,24,352,353,340,36,340,32,386,539,333,334,32,32,32,514,520,389,28,29,30,217,218,219,220,221,222,338,474,475,476,514,520,523,514,520,526,514,520,527,514,520,525,515,521,524,515,521,528,514,520,536,37,38,39,40,41,42,47,45,46,44,48,49,50,51,52,53,43,565,567,583,584,583,0,952,1194,0,0,1315,1317,1318,1321,1322,1537,1538,1539,1540,1541,1542,1543,1544,1545,1546,1547,1548,1549,1550,1551,1552,1553,1554,1555,1556,1557,1558,1559,1560,1894,1941,2051,2052,2053,2102,2171,2503,3166,3167,3168,3169,3170,3171,3185,3186,3187,2928,3553,3558,32,32,32,32,32,32,32,3557,3551,32,3550,3559,3556,3552,3554,3555,3484,3617,3609,,,,3748,3749,3747,3866,3867,3863,3864,375,376,377,3980,3981,3982,32,24,4092,4093,,4094,4095,4096,4097,4098,4099,4100,4101,4102,4103,4104,4105,4106,4107,93,94,95
26,Kobold Male,380,332,381,336,337,340,36,340,329,386,539,333,334,329,329,329,514,520,389,344,345,346,217,218,219,220,221,222,338,474,475,476,514,520,523,514,520,526,514,520,527,514,520,525,515,521,524,515,521,528,514,520,536,37,38,39,40,41,42,47,45,46,44,48,49,50,51,52,53,43,565,567,583,584,583,0,952,1194,0,0,1315,1317,1318,1321,1322,1537,1538,1539,1540,1541,1542,1543,1544,1545,1546,1547,1548,1549,1550,1551,1552,1553,1554,1555,1556,1557,1558,1559,1560,1894,1942,2051,2052,2053,2102,2171,2503,3166,3167,3168,3169,3170,3171,3185,3186,3187,2928,3553,3558,329,329,329,329,329,329,329,3557,3551,329,3550,3559,3556,3552,3554,3555,3484,3617,3609,,,,3748,3749,3747,3866,3867,3863,3864,375,376,377,3980,3981,3982,329,4032,4092,4093,,4094,4095,4096,4097,4098,4099,4100,4101,4102,4103,4104,4105,4106,4107,93,94,95
27,Kobold Female,350,332,351,352,353,340,36,340,382,386,539,333,334,382,382,382,514,520,389,341,342,343,217,218,219,220,221,222,338,474,475,476,514,520,523,514,520,526,514,520,527,514,520,525,515,521,524,515,521,528,514,520,536,37,38,39,40,41,42,47,45,46,44,48,49,50,51,52,53,43,565,567,583,584,583,0,952,1194,0,0,1315,1317,1318,1321,1322,1537,1538,1539,1540,1541,1542,1543,1544,1545,1546,1547,1548,1549,1550,1551,1552,1553,1554,1555,1556,1557,1558,1559,1560,1894,1942,2051,2052,2053,2102,2171,2503,3166,3167,3168,3169,3170,3171,3185,3186,3187,2928,3553,3558,382,382,382,382,382,382,382,3557,3551,382,3550,3559,3556,3552,3554,3555,3484,3617,3609,,,,3748,3749,3747,3866,3867,3863,3864,375,376,377,3980,3981,3982,382,4033,4092,4093,,4094,4095,4096,4097,4098,4099,4100,4101,4102,4103,4104,4105,4106,4107,93,94,95
28,Norse Male,380,332,381,336,337,340,36,340,329,386,539,333,334,329,329,329,514,520,389,344,345,346,217,218,219,220,221,222,338,474,475,476,514,520,523,514,520,526,514,520,527,514,520,525,515,521,524,515,521,528,514,520,536,37,38,39,40,41,42,47,45,46,44,48,49,50,51,52,53,43,565,567,583,584,583,0,952,1194,0,0,1315,1317,1318,1321,1322,1537,1538,1539,1540,1541,1542,1543,1544,1545,1546,1547,1548,1549,1550,1551,1552,1553,1554,1555,1556,1557,1558,1559,1560,1894,1941,2051,2052,2053,2102,2171,2503,3166,3167,3168,3169,3170,3171,3185,3186,3187,2928,3553,3558,329,329,329,329,329,329,329,3557,3551,329,3550,3559,3556,3552,3554,3555,3484,3617,3609,,,,3748,3749,3747,3866,3867,3863,3864,375,376,377,3980,3981,3982,329,4032,4092,4093,,4094,4095,4096,4097,4098,4099,4100,4101,4102,4103,4104,4105,4106,4107,93,94,95
29,Norse Female,350,332,351,352,353,340,36,340,382,386,539,333,334,382,382,382,514,520,389,341,342,343,217,218,219,220,221,222,338,474,475,476,514,520,523,514,520,526,514,520,527,514,520,525,515,521,524,515,521,528,514,520,536,37,38,39,40,41,42,47,45,46,44,48,49,50,51,52,53,43,565,567,583,584,583,0,952,1194,0,0,1315,1317,1318,1321,1322,1537,1538,1539,1540,1541,1542,1543,1544,1545,1546,1547,1548,1549,1550,1551,1552,1553,1554,1555,1556,1557,1558,1559,1560,1894,1941,2051,2052,2053,2102,2171,2503,3166,3167,3168,3169,3170,3171,3185,3186,3187,2928,3553,3558,382,382,382,382,382,382,382,3557,3551,382,3550,3559,3556,3552,3554,3555,3484,3617,3609,,,,3748,3749,3747,3866,3867,3863,3864,375,376,377,3980,3981,3982,382,4033,4092,4093,,4094,4095,4096,4097,4098,4099,4100,4101,4102,4103,4104,4105,4106,4107,93,94,95
30,Goblin 2,133,0,132,0,0,0,0,0,130,144,0,0,0,141,141,142,137,138,139,0,0,0,0,0,0,0,0,0,140,0,0,0,137,138,139,137,138,139,137,138,139,137,138,139,137,138,139,137,138,139,137,138,139,37,38,39,40,41,42,47,45,46,44,48,49,50,51,52,53,43,565,567,583,584,583,0,0,1194,0,0,1315,1317,1318,1321,1322,1537,1538,1539,1540,1541,1542,1543,1544,1545,1546,1547,1548,1549,1550,1551,1552,1553,1554,1555,1556,1557,1558,1559,1560,1894,1941,2051,2052,2053,2102,2171,2503,3166,3167,3168,3169,3170,3171,3185,3186,3187,132,,,,,,,,,,,,,,,,,,,,,,,,,,,,,,,,,,,,,,,,,,,,,,,,,,,,,,,,,0,0,0
31,Vendo,149,0,150,0,0,0,0,0,161,157,0,0,0,161,161,161,158,159,160,0,0,0,0,0,0,0,0,0,156,0,0,0,158,159,160,158,159,160,158,159,160,158,159,160,158,159,160,158,159,160,158,159,160,37,38,39,40,41,42,47,45,46,44,48,49,50,51,52,53,43,565,567,583,584,583,0,0,1194,0,0,1315,1317,1318,1321,1322,1537,1538,1539,1540,1541,1542,1543,1544,1545,1546,1547,1548,1549,1550,1551,1552,1553,1554,1555,1556,1557,1558,1559,1560,1894,1941,2051,2052,2053,2102,2171,2503,3166,3167,3168,3169,3170,3171,3185,3186,3187,150,,,,,,,,,,,,,,,,,,,,,,,,,,,,,,,,,,,,,,,,,,,,,,,,,,,,,,,,,152,152,152
32,werewolf,162,0,163,0,0,0,0,0,164,172,0,0,0,164,164,61,173,174,175,164,164,0,164,164,164,164,164,164,171,164,164,164,173,174,175,173,174,175,173,174,175,173,174,175,173,174,175,173,174,175,173,174,175,164,164,164,164,164,164,164,164,164,164,164,164,164,164,164,164,164,565,567,164,164,164,164,0,164,0,0,164,164,164,164,164,164,164,164,164,164,164,164,164,164,164,164,164,1549,1550,1551,1552,1553,1554,1555,1556,1557,164,164,164,164,1941,2051,2052,2053,2102,2171,2503,3166,3167,3168,3169,3170,3171,3185,3186,3187,163,164,164,164,164,164,164,164,164,164,164,164,164,164,164,164,164,164,164,164,164,164,164,164,164,,,,,,,,,,,,,,,,,,,,,,,,,,,,,,,,,0,0,0
33,Lurikeen Male,181,332,179,336,337,340,36,340,177,386,539,333,334,177,177,177,517,520,389,344,345,346,217,218,219,220,221,222,2094,474,475,476,517,520,523,517,520,526,517,520,527,517,520,525,518,521,524,518,521,528,517,520,536,37,38,39,40,41,42,47,45,46,44,48,49,50,51,52,53,43,565,567,583,584,583,0,952,1194,0,0,1315,1317,1318,1321,1322,1537,1538,1539,1540,1541,1542,1543,1544,1545,1546,1547,1548,1549,1550,1551,1552,1553,1554,1555,1556,1557,1558,1559,1560,1894,1942,2051,2052,2053,2102,2171,2503,3166,3167,3168,3169,3170,3171,3185,3186,3187,2928,3553,3558,177,177,177,177,177,177,177,3557,3551,177,3550,3559,3556,3552,3554,3555,3484,3617,3609,,,,3748,3749,3747,3866,3867,3863,3864,375,376,377,3980,3981,3982,177,4034,4092,4093,,4094,4095,4096,4097,4098,4099,4100,4101,4102,4103,4104,4105,4106,4107,93,94,95
34,Lurikeen Female,180,332,178,352,353,340,36,340,176,386,539,333,334,176,176,176,517,520,389,341,342,343,217,218,219,220,221,222,2094,474,475,476,517,520,523,517,520,526,517,520,527,517,520,525,518,521,524,518,521,528,517,520,536,37,38,39,40,41,42,47,45,46,44,48,49,50,51,52,53,43,565,567,583,584,583,0,952,1194,0,0,1315,1317,1318,1321,1322,1537,1538,1539,1540,1541,1542,1543,1544,1545,1546,1547,1548,1549,1550,1551,1552,1553,1554,1555,1556,1557,1558,1559,1560,1894,1942,2051,2052,2053,2102,2171,2503,3166,3167,3168,3169,3170,3171,3185,3186,3187,2928,3553,3558,176,176,176,176,176,176,176,3557,3551,176,3550,3559,3556,3552,3554,3555,3484,3617,3609,,,,3748,3749,3747,3866,3867,3863,3864,375,376,377,3980,3981,3982,176,4035,4092,4093,,4094,4095,4096,4097,4098,4099,4100,4101,4102,4103,4104,4105,4106,4107,93,94,95
35,Firbolg Male,365,332,366,336,337,340,36,340,367,386,539,333,334,367,367,367,517,520,389,581,582,346,217,218,219,220,221,222,338,474,475,476,517,520,523,517,520,526,517,520,527,517,520,525,518,521,524,518,521,528,517,520,536,37,38,39,40,41,42,47,45,46,44,48,49,50,51,52,53,43,565,567,583,584,583,0,952,1194,0,0,1315,1317,1318,1321,1322,1537,1538,1539,1540,1541,1542,1543,1544,1545,1546,1547,1548,1549,1550,1551,1552,1553,1554,1555,1556,1557,1558,1559,1560,1894,1941,2051,2052,2053,2102,2171,2503,3166,3167,3168,3169,3170,3171,3185,3186,3187,2928,3553,3558,367,367,367,367,367,367,367,3557,3551,367,3550,3559,3556,3552,3554,3555,3484,3617,3609,,,,3748,3749,3747,3866,3867,3863,3864,375,376,377,3980,3981,3982,367,366,4092,4093,,4094,4095,4096,4097,4098,4099,4100,4101,4102,4103,4104,4105,4106,4107,93,94,95
36,Firbolg Female,365,332,366,352,353,340,36,340,182,386,539,333,334,182,182,182,517,520,389,341,342,343,217,218,219,220,221,222,338,474,475,476,517,520,523,517,520,526,517,520,527,517,520,525,518,521,524,518,521,528,517,520,536,37,38,39,40,41,42,47,45,46,44,48,49,50,51,52,53,43,565,567,583,584,583,0,952,1194,0,0,1315,1317,1318,1321,1322,1537,1538,1539,1540,1541,1542,1543,1544,1545,1546,1547,1548,1549,1550,1551,1552,1553,1554,1555,1556,1557,1558,1559,1560,1894,1941,2051,2052,2053,2102,2171,2503,3166,3167,3168,3169,3170,3171,3185,3186,3187,2928,3553,3558,182,182,182,182,182,182,182,3557,3551,182,3550,3559,3556,3552,3554,3555,3484,3617,3609,,,,3748,3749,3747,3866,3867,3863,3864,375,376,377,3980,3981,3982,182,366,4092,4093,,4094,4095,4096,4097,4098,4099,4100,4101,4102,4103,4104,4105,4106,4107,93,94,95
37,Ettin,192,0,188,0,0,0,0,0,187,185,0,0,0,187,187,187,189,190,191,0,0,0,0,0,0,0,0,0,171,0,0,0,189,190,191,189,190,191,189,190,191,189,190,191,189,190,191,189,190,191,189,190,191,37,38,39,40,41,42,47,45,46,44,48,49,50,51,52,53,43,565,567,583,584,583,0,0,1194,0,0,1315,1317,1318,1321,1322,1537,1538,1539,1540,1541,1542,1543,1544,1545,1546,1547,1548,1549,1550,1551,1552,1553,1554,1555,1556,1557,1558,1559,1560,1894,1941,2051,2052,2053,2102,2171,2503,3166,3167,3168,3169,3170,3171,3185,3186,3187,188,,,,,,,,,,,,,,,,,,,,,,,,,,,,,,,,,,,,,,,,,,,,,,,,,,,,,,,,,0,0,0
38,Arachites,20,0,16,0,0,0,0,0,21,14,0,0,0,21,21,21,17,18,19,21,21,0,21,21,21,21,21,21,20,21,21,21,17,18,19,17,18,19,17,18,19,17,18,19,17,18,19,17,18,19,17,18,19,21,21,21,21,21,21,21,21,21,21,21,21,21,21,21,21,21,21,21,21,21,21,21,21,21,21,21,21,21,21,21,21,21,21,21,21,21,21,21,21,21,21,21,21,21,21,21,21,21,21,21,21,21,21,21,21,21,21,21,21,21,21,21,21,21,21,21,21,21,21,21,21,21,21,,,,,,,,,,,,,,,,,,,,,,,,,,,,,,,,,,,,,,,,,,,,,,,,,,,,,,,,,13,13,13
39,Ogre,34,0,33,0,0,0,0,0,35,185,0,0,0,35,35,35,189,190,191,0,0,0,0,0,0,0,0,0,171,0,0,0,189,190,191,189,190,191,189,190,191,189,190,191,189,190,191,189,190,191,189,190,191,37,38,39,40,41,42,47,45,46,44,48,49,50,51,52,53,43,565,567,583,584,583,0,0,1194,0,0,1315,1317,1318,1321,1322,1537,1538,1539,1540,1541,1542,1543,1544,1545,1546,1547,1548,1549,1550,1551,1552,1553,1554,1555,1556,1557,1558,1559,1560,1894,1941,2051,2052,2053,2102,2171,2503,3166,3167,3168,3169,3170,3171,3185,3186,3187,33,,,,,,,,,,,,,,,,,,,,,,,,,,,,,,,,,,,,,,,,,,,,,,,,,,,,,,,,,0,0,0
40,Dwarf Male,380,332,381,336,337,340,36,340,329,386,539,333,334,329,329,329,514,520,389,344,345,346,217,218,219,220,221,222,2094,474,475,476,514,520,523,514,520,526,514,520,527,514,520,525,515,521,524,515,521,528,514,520,536,37,38,39,40,41,42,47,45,46,44,48,49,50,51,52,53,43,565,567,583,584,583,0,0,1194,0,0,1315,1317,1318,1321,1322,1537,1538,1539,1540,1541,1542,1543,1544,1545,1546,1547,1548,1549,1550,1551,1552,1553,1554,1555,1556,1557,1558,1559,1560,1894,1942,2051,2052,2053,2102,2171,2503,3166,3167,3168,3169,3170,3171,3185,3186,3187,2928,3553,3558,340,340,340,340,340,340,340,3557,3551,340,3550,3559,3556,3552,3554,3555,3484,3617,3609,,,,3748,3749,3747,3866,3867,3863,3864,375,376,377,3980,3981,3982,329,4032,4092,4093,,4094,4095,4096,4097,4098,4099,4100,4101,4102,4103,4104,4105,4106,4107,93,94,95
41,horse,78,0,77,0,0,0,0,0,76,74,0,0,0,76,76,76,0,0,0,0,0,0,0,0,0,0,0,0,0,0,0,0,0,0,0,0,0,0,0,0,0,0,0,0,0,0,0,0,0,0,0,0,0,37,38,39,40,41,42,47,45,46,44,48,49,50,51,52,53,43,565,567,583,584,583,0,0,1194,0,0,1315,1317,1318,1321,1322,1537,1538,1539,1540,1541,1542,1543,1544,1545,1546,1547,1548,1549,1550,1551,1552,1553,1554,1555,1556,1557,1558,1559,1560,1894,1941,2051,2052,2053,2102,2171,2503,3166,3167,3168,3169,3170,3171,3185,3186,3187,77, ,,,,,,,,,,,,,,,,,,,,,,,,,,,,,,,,,,,,,,,,,,,,,,,,,,,,,,,,0,0,0
42,Scrag,89,0,85,0,0,0,0,0,84,82,0,0,0,84,84,84,86,87,88,0,0,0,0,0,0,0,0,0,90,0,0,0,86,87,88,86,87,88,86,87,88,86,87,88,86,87,88,86,87,88,86,87,88,37,38,39,40,41,42,47,45,46,44,48,49,50,51,52,53,43,565,567,583,584,583,0,0,1194,0,0,1315,1317,1318,1321,1322,1537,1538,1539,1540,1541,1542,1543,1544,1545,1546,1547,1548,1549,1550,1551,1552,1553,1554,1555,1556,1557,1558,1559,1560,1894,1941,2051,2052,2053,2102,2171,2503,3166,3167,3168,3169,3170,3171,3185,3186,3187,85,,,,,,,,,,,,,,,,,,,,,,,,,,,,,,,,,,,,,,,,,,,,,,,,,,,,,,,,,0,0,0
43,Wight,496,0,501,0,0,0,0,0,502,504,0,0,0,502,502,502,1076,1077,1078,0,0,0,0,0,0,0,0,0,497,0,0,0,498,499,500,498,499,500,498,499,500,498,499,500,498,499,500,498,499,500,498,499,500,37,38,39,40,41,42,47,45,46,44,48,49,50,51,52,53,43,565,567,583,584,583,0,0,1194,0,0,1315,1317,1318,1321,1322,1537,1538,1539,1540,1541,1542,1543,1544,1545,1546,1547,1548,1549,1550,1551,1552,1553,1554,1555,1556,1557,1558,1559,1560,1894,1941,2051,2052,2053,2102,2171,2503,3166,3167,3168,3169,3170,3171,3185,3186,3187,501,,,,,,,,,,,,,,,,,,,,,,,,,,,,,,,,,,,,,,,,,,,,,,,,,,,,,,,,,0,0,0
44,Lich,510,0,509,0,0,0,0,0,508,504,0,0,0,508,508,508,1076,1077,1078,0,0,0,0,0,0,0,0,0,497,0,0,0,498,499,500,498,499,500,498,499,500,498,499,500,498,499,500,498,499,500,498,499,500,37,38,39,40,41,42,47,45,46,44,48,49,50,51,52,53,43,565,567,583,584,583,0,0,1194,0,0,1315,1317,1318,1321,1322,1537,1538,1539,1540,1541,1542,1543,1544,1545,1546,1547,1548,1549,1550,1551,1552,1553,1554,1555,1556,1557,1558,1559,1560,1894,1941,2051,2052,2053,2102,2171,2503,3166,3167,3168,3169,3170,3171,3185,3186,3187,509,,,,,,,,,,,,,,,,,,,,,,,,,,,,,,,,,,,,,,,,,,,,,,,,,,,,,,,,,0,0,0
45,Undead Males,529,332,530,336,337,340,36,340,531,386,539,333,334,531,531,531,1070,1071,1072,344,345,346,217,218,219,220,221,222,531,474,475,476,533,534,535,533,534,535,533,534,535,533,534,535,533,534,535,533,534,535,533,534,535,37,38,39,40,41,42,47,45,46,44,48,49,50,51,52,53,43,565,567,583,584,583,0,0,1194,0,0,1315,1317,1318,1321,1322,1537,1538,1539,1540,1541,1542,1543,1544,1545,1546,1547,1548,1549,1550,1551,1552,1553,1554,1555,1556,1557,1558,1559,1560,1894,1941,2051,2052,2053,2102,2171,2503,3166,3167,3168,3169,3170,3171,3185,3186,3187,530,,,,,,,,,,,,,,,,,,,,,,,,,,,,,,,,,,,,,,,,,,,,,,,,,,,,,,,,,93,94,95
46,Undead Females,529,332,530,352,353,340,36,340,531,386,539,333,334,531,531,531,1070,1071,1072,341,342,343,217,218,219,220,221,222,338,474,475,476,533,534,535,533,534,535,533,534,535,533,534,535,533,534,535,533,534,535,533,534,535,37,38,39,40,41,42,47,45,46,44,48,49,50,51,52,53,43,565,567,583,584,583,0,0,1194,0,0,1315,1317,1318,1321,1322,1537,1538,1539,1540,1541,1542,1543,1544,1545,1546,1547,1548,1549,1550,1551,1552,1553,1554,1555,1556,1557,1558,1559,1560,1894,1941,2051,2052,2053,2102,2171,2503,3166,3167,3168,3169,3170,3171,3185,3186,3187,530,,,,,,,,,,,,,,,,,,,,,,,,,,,,,,,,,,,,,,,,,,,,,,,,,,,,,,,,,93,94,95
47,Cockatrice/basilisk,127,127,126,0,0,0,0,0,125,123,0,0,0,125,125,125,125,125,125,0,0,0,0,0,0,0,0,0,127,0,0,0,125,125,125,125,125,125,125,125,125,125,125,125,125,125,125,125,125,125,125,125,125,125,125,125,125,125,125,125,125,125,125,125,125,125,125,125,125,125,565,567,583,584,583,0,0,1194,0,0,1315,1317,1318,1321,1322,1537,1538,1539,1540,1541,1542,1543,1544,1545,1546,1547,1548,1549,1550,1551,1552,1553,1554,1555,1556,1557,1558,1559,1560,1894,1941,2051,2052,2053,2102,2171,2503,3166,3167,3168,3169,3170,3171,3185,3186,3187,126,,,,,,,,,,,,,,,,,,,,,,,,,,,,,,,,,,,,,,,,,,,,,,,,,,,,,,,,,0,0,0
48,Celt/Elf Male,380,332,381,336,337,340,36,340,329,386,539,333,334,329,329,329,517,520,389,344,345,346,217,218,219,220,221,222,338,474,475,476,517,520,523,517,520,526,517,520,527,517,520,525,518,521,524,518,521,528,517,520,536,37,38,39,40,41,42,47,45,46,44,48,49,50,51,52,53,43,565,567,583,584,583,0,952,1194,0,0,1315,1317,1318,1321,1322,1537,1538,1539,1540,1541,1542,1543,1544,1545,1546,1547,1548,1549,1550,1551,1552,1553,1554,1555,1556,1557,1558,1559,1560,1894,1941,2051,2052,2053,2102,2171,2503,3166,3167,3168,3169,3170,3171,3185,3186,3187,2928,3553,3558,329,329,329,329,329,329,329,3557,3551,329,3550,3559,3556,3552,3554,3555,3484,3617,3609,,,,3748,3749,3747,3866,3867,3863,3864,375,376,377,3980,3981,3982,329,4032,4092,4093,,4094,4095,4096,4097,4098,4099,4100,4101,4102,4103,4104,4105,4106,4107,93,94,95
49,Celt/Elf Female,350,332,351,352,353,340,36,340,382,386,539,333,334,382,382,382,517,520,389,341,342,343,217,218,219,220,221,222,338,474,475,476,517,520,523,517,520,526,517,520,527,517,520,525,518,521,524,518,521,528,517,520,536,37,38,39,40,41,42,47,45,46,44,48,49,50,51,52,53,43,565,567,583,584,583,0,952,1194,0,0,1315,1317,1318,1321,1322,1537,1538,1539,1540,1541,1542,1543,1544,1545,1546,1547,1548,1549,1550,1551,1552,1553,1554,1555,1556,1557,1558,1559,1560,1894,1941,2051,2052,2053,2102,2171,2503,3166,3167,3168,3169,3170,3171,3185,3186,3187,2928,3553,3558,382,382,382,382,382,382,382,3557,3551,382,3550,3559,3556,3552,3554,3555,3484,3617,3609,,,,3748,3749,3747,3866,3867,3863,3864,375,376,377,3980,3981,3982,382,4033,4092,4093,,4094,4095,4096,4097,4098,4099,4100,4101,4102,4103,4104,4105,4106,4107,93,94,95
50,Bandit Females,350,332,351,352,353,340,36,340,382,386,539,333,334,382,382,382,1070,1071,1072,341,342,343,217,218,219,220,221,222,338,474,475,476,537,521,538,537,521,538,537,521,538,537,521,538,537,521,538,537,521,538,537,521,538,37,38,39,40,41,42,47,45,46,44,48,49,50,51,52,53,43,565,567,583,584,583,0,0,1194,0,0,1315,1317,1318,1321,1322,1537,1538,1539,1540,1541,1542,1543,1544,1545,1546,1547,1548,1549,1550,1551,1552,1553,1554,1555,1556,1557,1558,1559,1560,1894,1941,2051,2052,2053,2102,2171,2503,3166,3167,3168,3169,3170,3171,3185,3186,3187,351,,,,,,,,,,,,,,,,,,,,,,,,,,,,,,,,,,,,,,,,,,,,,,,,,,,,,,,,,93,94,95
51,Crab,554,554,553,0,0,0,0,0,552,550,0,0,0,552,552,552,0,0,0,0,0,0,0,0,0,0,0,0,554,0,0,0,125,125,125,125,125,125,125,125,125,125,125,125,125,125,125,125,125,125,125,125,125,125,125,125,125,125,125,125,125,125,125,125,125,125,125,125,125,125,565,567,583,584,583,0,0,1194,0,0,1315,1317,1318,1321,1322,1537,1538,1539,1540,1541,1542,1543,1544,1545,1546,1547,1548,1549,1550,1551,1552,1553,1554,1555,1556,1557,1558,1559,1560,1894,1941,2051,2052,2053,2102,2171,2503,3166,3167,3168,3169,3170,3171,3185,3186,3187,553,,,,,,,,,,,,,,,,,,,,,,,,,,,,,,,,,,,,,,,,,,,,,,,,,,,,,,,,,0,0,0
52,Scorpion,556,556,557,0,0,0,0,0,552,550,0,0,0,552,552,552,0,0,0,0,0,0,0,0,0,0,0,0,556,0,0,0,125,125,125,125,125,125,125,125,125,125,125,125,125,125,125,125,125,125,125,125,125,125,125,125,125,125,125,125,125,125,125,125,125,125,125,125,125,125,565,567,583,584,583,0,0,1194,0,0,1315,1317,1318,1321,1322,1537,1538,1539,1540,1541,1542,1543,1544,1545,1546,1547,1548,1549,1550,1551,1552,1553,1554,1555,1556,1557,1558,1559,1560,1894,1941,2051,2052,2053,2102,2171,2503,3166,3167,3168,3169,3170,3171,3185,3186,3187,557,,,,,,,,,,,,,,,,,,,,,,,,,,,,,,,,,,,,,,,,,,,,,,,,,,,,,,,,,0,0,0
53,Rat,576,576,575,0,0,0,0,0,573,571,0,0,0,573,573,574,0,0,0,0,0,0,0,0,0,0,0,0,576,0,0,0,125,125,125,125,125,125,125,125,125,125,125,125,125,125,125,125,125,125,125,125,125,125,125,125,125,125,125,125,125,125,125,125,125,125,125,125,125,125,565,567,583,584,583,0,0,1194,0,0,1315,1317,1318,1321,1322,1537,1538,1539,1540,1541,1542,1543,1544,1545,1546,1547,1548,1549,1550,1551,1552,1553,1554,1555,1556,1557,1558,1559,1560,1894,1941,2051,2052,2053,2102,2171,2503,3166,3167,3168,3169,3170,3171,3185,3186,3187,575,,,,,,,,,,,,,,,,,,,,,,,,,,,,,,,,,,,,,,,,,,,,,,,,,,,,,,,,,0,0,0
54,Badger,576,576,575,0,0,0,0,0,573,571,0,0,0,573,573,573,0,0,0,0,0,0,0,0,0,0,0,0,576,0,0,0,125,125,125,125,125,125,125,125,125,125,125,125,125,125,125,125,125,125,125,125,125,125,125,125,125,125,125,125,125,125,125,125,125,125,125,125,125,125,565,567,583,584,583,0,0,1194,0,0,1315,1317,1318,1321,1322,1537,1538,1539,1540,1541,1542,1543,1544,1545,1546,1547,1548,1549,1550,1551,1552,1553,1554,1555,1556,1557,1558,1559,1560,1894,1941,2051,2052,2053,2102,2171,2503,3166,3167,3168,3169,3170,3171,3185,3186,3187,575,,,,,,,,,,,,,,,,,,,,,,,,,,,,,,,,,,,,,,,,,,,,,,,,,,,,,,,,,0,0,0
55,weird land creature,585,585,586,0,0,0,0,0,587,590,0,0,0,587,587,588,0,0,0,0,0,0,0,0,0,0,0,0,585,0,0,0,125,125,125,125,125,125,125,125,125,125,125,125,125,125,125,125,125,125,125,125,125,125,125,125,125,125,125,125,125,125,125,125,125,125,125,125,125,125,565,567,583,584,583,0,0,1194,0,0,1315,1317,1318,1321,1322,1537,1538,1539,1540,1541,1542,1543,1544,1545,1546,1547,1548,1549,1550,1551,1552,1553,1554,1555,1556,1557,1558,1559,1560,1894,1941,2051,2052,2053,2102,2171,2503,3166,3167,3168,3169,3170,3171,3185,3186,3187,586,,,,,,,,,,,,,,,,,,,,,,,,,,,,,,,,,,,,,,,,,,,,,,,,,,,,,,,,,0,0,0
56,weird sea creature,594,594,595,0,0,0,0,0,596,590,0,0,0,596,596,596,0,0,0,0,0,0,0,0,0,0,0,0,585,0,0,0,125,125,125,125,125,125,125,125,125,125,125,125,125,125,125,125,125,125,125,125,125,125,125,125,125,125,125,125,125,125,125,125,125,125,125,125,125,125,565,567,583,584,583,0,0,1194,0,0,1315,1317,1318,1321,1322,1537,1538,1539,1540,1541,1542,1543,1544,1545,1546,1547,1548,1549,1550,1551,1552,1553,1554,1555,1556,1557,1558,1559,1560,1894,1941,2051,2052,2053,2102,2171,2503,3166,3167,3168,3169,3170,3171,3185,3186,3187,595,,,,,,,,,,,,,,,,,,,,,,,,,,,,,,,,,,,,,,,,,,,,,,,,,,,,,,,,,0,0,0
57,Pixie,604,601,604,0,0,0,0,0,601,599,601,601,601,601,601,602,601,601,601,601,601,601,601,601,601,601,601,601,601,601,601,601,605,606,607,605,606,607,605,606,607,605,606,607,605,606,607,605,606,607,605,606,607,601,601,601,601,601,601,601,601,601,601,601,601,601,601,601,601,601,601,601,601,601,601,601,601,601,601,601,601,601,601,601,601,601,601,601,601,601,601,601,601,601,601,601,601,601,601,601,601,601,601,601,601,601,601,601,601,601,601,601,601,601,601,601,601,601,601,601,601,601,601,601,601,601,601,,,,,,,,,,,,,,,,,,,,,,,,,,,,,,,,,,,,,,,,,,,,,,,,,,,,,,,,,598,597,598
58,Dragon,617,617,613,0,0,0,0,613,633,610,0,0,0,633,633,634,0,0,0,0,0,0,0,0,0,0,0,0,617,0,0,0,614,615,616,614,615,616,614,615,616,614,615,616,614,615,616,614,615,616,614,615,616,614,615,616,614,615,616,614,615,616,614,615,616,614,615,616,614,615,616,614,615,616,616,614,0,1194,0,0,1315,1317,1318,1321,1322,1537,1538,1539,1540,1541,1542,1543,1544,1545,1546,1547,1548,1549,1550,1551,1552,1553,1554,1555,1556,1557,1558,1559,1560,1894,1941,2051,2052,2053,2102,2171,2503,3166,3167,3168,3169,3170,3171,3185,3186,3187,613,,,,,,,,,,,,,,,,,,,,,,,,,,,,,,,,,,,,,,,,,,,,,,,,,,,,,,,,,0,0,0
59,Demon,629,629,625,0,0,0,0,0,624,622,0,0,0,624,624,624,0,0,0,0,0,0,0,0,0,0,0,0,629,0,0,0,626,627,628,626,627,628,626,627,628,626,627,628,626,627,628,626,627,628,626,627,628,626,627,628,626,627,628,626,627,628,626,627,628,626,627,628,626,627,628,626,627,628,628,0,0,1194,0,0,1315,1317,1318,1321,1322,1537,1538,1539,1540,1541,1542,1543,1544,1545,1546,1547,1548,1549,1550,1551,1552,1553,1554,1555,1556,1557,1558,1559,1560,1894,1941,2051,2052,2053,2102,2171,2503,3166,3167,3168,3169,3170,3171,3185,3186,3187,625,,,,,,,,,,,,,,,,,,,,,,,,,,,,,,,,,,,,,,,,,,,,,,,,,,,,,,,,,0,0,0
60,Imp,632,629,631,0,0,0,0,0,630,622,0,0,0,630,630,630,0,0,0,0,0,0,0,0,0,0,0,0,629,0,0,0,626,627,628,626,627,628,626,627,628,626,627,628,626,627,628,626,627,628,626,627,628,626,627,628,626,627,628,626,627,628,626,627,628,626,627,628,626,627,628,626,627,628,628,0,0,1194,0,0,1315,1317,1318,1321,1322,1537,1538,1539,1540,1541,1542,1543,1544,1545,1546,1547,1548,1549,1550,1551,1552,1553,1554,1555,1556,1557,1558,1559,1560,1894,1941,2051,2052,2053,2102,2171,2503,3166,3167,3168,3169,3170,3171,3185,3186,3187,631,,,,,,,,,,,,,,,,,,,,,,,,,,,,,,,,,,,,,,,,,,,,,,,,,,,,,,,,,0,0,0
61,Afanc,643,643,641,0,0,0,0,0,640,638,0,0,0,640,640,640,0,0,0,0,0,0,0,0,0,0,0,0,642,0,0,0,626,627,628,626,627,628,626,627,628,626,627,628,626,627,628,626,627,628,626,627,628,626,627,628,626,627,628,626,627,628,626,627,628,626,627,628,626,627,628,626,627,628,628,0,0,1194,0,0,1315,1317,1318,1321,1322,1537,1538,1539,1540,1541,1542,1543,1544,1545,1546,1547,1548,1549,1550,1551,1552,1553,1554,1555,1556,1557,1558,1559,1560,1894,1941,2051,2052,2053,2102,2171,2503,3166,3167,3168,3169,3170,3171,3185,3186,3187,641,,,,,,,,,,,,,,,,,,,,,,,,,,,,,,,,,,,,,,,,,,,,,,,,,,,,,,,,,0,0,0
62,Glimmer ghoul/knight,645,645,644,0,0,0,0,0,646,647,0,0,0,646,646,646,0,0,0,0,0,0,0,0,0,0,0,0,645,0,0,0,660,661,662,660,661,662,660,661,662,660,661,662,660,661,662,660,661,662,660,661,662,660,661,662,660,661,662,660,661,662,660,661,662,660,661,662,660,661,662,660,661,662,662,0,0,1194,0,0,1315,1317,1318,1321,1322,1537,1538,1539,1540,1541,1542,1543,1544,1545,1546,1547,1548,1549,1550,1551,1552,1553,1554,1555,1556,1557,1558,1559,1560,1894,1941,2051,2052,2053,2102,2171,2503,3166,3167,3168,3169,3170,3171,3185,3186,3187,644,,,,,,,,,,,,,,,,,,,,,,,,,,,,,,,,,,,,,,,,,,,,,,,,,,,,,,,,,0,0,0
63,Glimmer Caster,653,656,652,0,0,0,0,0,654,655,0,0,0,654,654,654,660,661,662,0,0,0,0,0,0,0,0,0,653,0,0,0,660,661,662,660,661,662,663,660,661,662,660,661,662,663,660,661,662,660,661,662,663,660,661,662,660,661,662,663,664,665,663,664,665,663,664,665,663,664,665,663,664,665,665,0,0,1194,0,0,1315,1317,1318,1321,1322,1537,1538,1539,1540,1541,1542,1543,1544,1545,1546,1547,1548,1549,1550,1551,1552,1553,1554,1555,1556,1557,1558,1559,1560,1894,1941,2051,2052,2053,2102,2171,2503,3166,3167,3168,3169,3170,3171,3185,3186,3187,652,,,,,,,,,,,,,,,,,,,,,,,,,,,,,,,,,,,,,,,,,,,,,,,,,,,,,,,,,0,0,0
64,Giant2( spellcast) ,680,680,675,0,0,0,0,0,674,673,0,0,0,674,682,681,676,677,678,0,0,0,0,0,0,0,0,0,0,0,0,0,676,677,678,676,677,678,676,677,678,676,677,678,676,677,678,676,677,678,676,677,678,676,677,678,676,677,678,676,677,678,676,677,678,676,677,678,676,677,678,676,677,678,678,0,0,1194,0,0,1315,1317,1318,1321,1322,1537,1538,1539,1540,1541,1542,1543,1544,1545,1546,1547,1548,1549,1550,1551,1552,1553,1554,1555,1556,1557,1558,1559,1560,1894,1941,2051,2052,2053,2102,2171,2503,3166,3167,3168,3169,3170,3171,3185,3186,3187,675,,,,,,,,,,,,,,,,,,,,,,,,,,,,,,,,,,,,,,,,,,,,,,,,,,,,,,,,,0,0,0
65,Soul Keeper,692,692,692,0,0,0,0,0,694,698,0,0,0,694,694,694,699,700,701,0,0,0,0,0,0,0,0,0,0,0,0,0,699,700,701,699,700,701,699,700,701,699,700,701,699,700,701,699,700,701,699,700,701,699,700,701,699,700,701,699,700,701,699,700,701,699,700,701,699,700,701,676,677,678,678,0,0,1194,0,0,1315,1317,1318,1321,1322,1537,1538,1539,1540,1541,1542,1543,1544,1545,1546,1547,1548,1549,1550,1551,1552,1553,1554,1555,1556,1557,1558,1559,1560,1894,1941,2051,2052,2053,2102,2171,2503,3166,3167,3168,3169,3170,3171,3185,3186,3187,692,,,,,,,,,,,,,,,,,,,,,,,,,,,,,,,,,,,,,,,,,,,,,,,,,,,,,,,,,0,0,0
66,3 Headed Demon,712,712,712,0,0,0,0,0,708,706,0,0,0,708,708,708,709,710,711,0,0,0,0,0,0,0,0,0,0,0,0,0,709,710,711,709,710,711,709,710,711,702,703,704,709,710,711,709,710,711,709,710,711,709,710,711,709,710,711,709,710,711,709,710,711,709,710,711,709,710,711,676,677,678,678,0,0,1194,0,0,1315,1317,1318,1321,1322,1537,1538,1539,1540,1541,1542,1543,1544,1545,1546,1547,1548,1549,1550,1551,1552,1553,1554,1555,1556,1557,1558,1559,1560,1894,1941,2051,2052,2053,2102,2171,2503,3166,3167,3168,3169,3170,3171,3185,3186,3187,712,,,,,,,,,,,,,,,,,,,,,,,,,,,,,,,,,,,,,,,,,,,,,,,,,,,,,,,,,0,0,0
67,Hag,720,720,720,0,0,0,0,0,718,717,0,0,0,718,718,718,721,722,723,0,0,0,0,0,0,0,0,0,0,0,0,0,721,722,723,721,722,723,721,722,723,721,722,723,721,722,723,721,722,723,721,722,723,721,722,723,721,722,723,721,722,723,721,722,723,721,722,723,721,722,723,676,677,678,678,0,0,1194,0,0,1315,1317,1318,1321,1322,1537,1538,1539,1540,1541,1542,1543,1544,1545,1546,1547,1548,1549,1550,1551,1552,1553,1554,1555,1556,1557,1558,1559,1560,1894,1941,2051,2052,2053,2102,2171,2503,3166,3167,3168,3169,3170,3171,3185,3186,3187,720,,,,,,,,,,,,,,,,,,,,,,,,,,,,,,,,,,,,,,,,,,,,,,,,,,,,,,,,,0,0,0
68,Succubus,733,733,729,0,0,0,0,0,728,726,0,0,0,728,728,728,730,731,732,0,0,0,0,0,0,0,0,0,0,0,0,0,730,731,732,730,731,732,730,731,732,730,731,732,730,731,732,730,731,732,730,731,732,730,731,732,730,731,732,730,731,732,730,731,732,730,731,732,721,722,723,676,677,678,678,0,0,1194,0,0,1315,1317,1318,1321,1322,1537,1538,1539,1540,1541,1542,1543,1544,1545,1546,1547,1548,1549,1550,1551,1552,1553,1554,1555,1556,1557,1558,1559,1560,1894,1941,2051,2052,2053,2102,2171,2503,3166,3167,3168,3169,3170,3171,3185,3186,3187,729,,,,,,,,,,,,,,,,,,,,,,,,,,,,,,,,,,,,,,,,,,,,,,,,,,,,,,,,,0,0,0
69,Roman Undead,380,332,381,336,337,340,36,340,329,224,539,333,334,329,329,329,1073,1074,1075,344,345,346,217,218,219,220,221,222,338,474,475,476,1073,1074,1075,1073,1074,1075,1073,1074,1075,1073,1074,1075,1073,1074,1075,1073,1074,1075,1073,1074,1075,37,38,39,40,41,42,47,45,46,44,48,49,50,51,52,53,43,565,567,583,584,583,0,0,1194,0,0,1315,1317,1318,1321,1322,1537,1538,1539,1540,1541,1542,1543,1544,1545,1546,1547,1548,1549,1550,1551,1552,1553,1554,1555,1556,1557,1558,1559,1560,1894,1941,2051,2052,2053,2102,2171,2503,3166,3167,3168,3169,3170,3171,3185,3186,3187,381,,,,,,,,,,,,,,,,,,,,,,,,,,,,,,,,,,,,,,,,,,,,,,,,,,,,,,,,,93,94,95
70,Wraith,735,735,736,0,0,0,0,0,737,740,0,0,0,737,737,737,1079,1080,1081,0,0,0,0,0,0,0,0,0,0,0,0,0,742,743,744,742,743,744,742,743,744,742,743,744,742,743,744,742,743,744,742,743,744,742,743,744,40,41,42,47,45,46,44,48,49,50,51,52,53,43,565,567,583,584,583,0,0,1194,0,0,1315,1317,1318,1321,1322,1537,1538,1539,1540,1541,1542,1543,1544,1545,1546,1547,1548,1549,1550,1551,1552,1553,1554,1555,1556,1557,1558,1559,1560,1894,1941,2051,2052,2053,2102,2171,2503,3166,3167,3168,3169,3170,3171,3185,3186,3187,736,,,,,,,,,,,,,,,,,,,,,,,,,,,,,,,,,,,,,,,,,,,,,,,,,,,,,,,,,0,0,0
71,Hulk,745,745,745,0,0,0,0,0,747,753,0,0,0,747,747,747,754,755,756,0,0,0,0,0,0,0,0,0,0,0,0,0,754,755,756,754,755,756,754,755,756,754,755,756,754,755,756,754,755,756,754,755,756,754,755,756,40,41,42,47,45,46,44,48,49,50,51,52,53,43,565,567,583,584,583,0,0,1194,0,0,1315,1317,1318,1321,1322,1537,1538,1539,1540,1541,1542,1543,1544,1545,1546,1547,1548,1549,1550,1551,1552,1553,1554,1555,1556,1557,1558,1559,1560,1894,1941,2051,2052,2053,2102,2171,2503,3166,3167,3168,3169,3170,3171,3185,3186,3187,745,,,,,,,,,,,,,,,,,,,,,,,,,,,,,,,,,,,,,,,,,,,,,,,,,,,,,,,,,0,0,0
72,Locust Head,757,757,757,0,0,0,0,0,758,762,0,0,0,758,758,758,764,765,766,0,0,0,0,0,0,0,0,0,0,0,0,0,764,765,766,764,765,766,764,765,766,764,765,766,764,765,766,764,765,766,764,765,766,764,765,766,40,41,42,47,45,46,44,48,49,50,51,52,53,43,565,567,583,584,583,0,0,1194,0,0,1315,1317,1318,1321,1322,1537,1538,1539,1540,1541,1542,1543,1544,1545,1546,1547,1548,1549,1550,1551,1552,1553,1554,1555,1556,1557,1558,1559,1560,1894,1941,2051,2052,2053,2102,2171,2503,3166,3167,3168,3169,3170,3171,3185,3186,3187,757,,,,,,,,,,,,,,,,,,,,,,,,,,,,,,,,,,,,,,,,,,,,,,,,,,,,,,,,,0,0,0
73,Legless Zombie,771,771,771,0,0,0,0,0,771,774,0,0,0,771,772,773,0,0,767,0,0,0,0,0,0,0,0,0,0,0,0,0,764,765,766,764,765,766,764,765,766,764,765,766,764,765,766,764,765,766,764,765,766,764,765,766,40,41,42,47,45,46,44,48,49,50,51,52,53,43,565,567,583,584,583,0,0,1194,0,0,1315,1317,1318,1321,1322,1537,1538,1539,1540,1541,1542,1543,1544,1545,1546,1547,1548,1549,1550,1551,1552,1553,1554,1555,1556,1557,1558,1559,1560,1894,1941,2051,2052,2053,2102,2171,2503,3166,3167,3168,3169,3170,3171,3185,3186,3187,771,,,,,,,,,,,,,,,,,,,,,,,,,,,,,,,,,,,,,,,,,,,,,,,,,,,,,,,,,0,0,0
74,Beetle,781,781,780,0,0,0,0,0,779,777,0,0,0,779,779,779,775,775,775,779,779,779,779,779,779,779,779,779,779,779,779,779,775,775,775,775,775,775,775,775,775,775,775,775,775,775,775,775,775,775,775,775,775,779,779,779,779,779,779,779,779,779,779,779,779,779,779,779,779,779,779,779,779,779,779,779,779,779,779,779,779,779,779,779,779,779,779,779,779,779,779,779,779,779,779,779,779,779,779,779,779,779,779,779,779,779,779,779,779,779,779,779,779,779,779,779,779,779,779,779,779,779,779,779,779,779,779,,,,,,,,,,,,,,,,,,,,,,,,,,,,,,,,,,,,,,,,,,,,,,,,,,,,,,,,,776,776,776
75,Gnome,797,797,793,0,0,0,0,0,790,788,0,0,0,790,791,792,794,795,796,0,0,0,0,0,0,0,0,0,0,0,0,0,794,795,796,794,795,796,794,795,796,794,795,796,794,795,796,794,795,796,794,795,796,790,790,790,790,790,790,790,790,790,790,790,790,790,790,790,790,790,790,790,790,790,790,790,790,790,790,790,790,790,790,790,790,790,790,790,790,790,790,790,790,790,790,790,790,790,790,790,790,790,790,790,790,790,790,790,790,790,790,790,790,790,790,790,790,790,790,790,790,790,790,790,790,790,790,,,,,,,,,,,,,,,,,,,,,,,,,,,,,,,,,,,,,,,,,,,,,,,,,,,,,,,,,783,782,783
76,Sylvan Male,824,332,381,336,337,340,36,340,329,386,539,333,334,329,329,329,517,520,389,827,345,346,217,218,219,220,221,222,338,474,475,476,517,520,523,517,520,526,517,520,527,517,520,525,518,521,524,518,521,528,517,520,536,37,38,39,40,41,42,47,45,46,44,48,49,50,51,52,53,43,565,567,583,584,583,0,952,1194,0,0,1315,1317,1318,1321,1322,1537,1538,1539,1540,1541,1542,1543,1544,1545,1546,1547,1548,1549,1550,1551,1552,1553,1554,1555,1556,1557,1558,1559,1560,1894,1941,2051,2052,2053,2102,2171,2503,3166,3167,3168,3169,3170,3171,3185,3186,3187,2928,3553,3558,329,329,329,329,329,329,329,3557,3551,329,3550,3559,3556,3552,3554,3555,3484,3617,3609,,,,3748,3749,3747,3866,3867,3863,3864,375,376,377,3980,3981,3982,329,4032,4092,4093,,4094,4095,4096,4097,4098,4099,4100,4101,4102,4103,4104,4105,4106,4107,93,94,95
77,Sylvan Female,828,332,351,352,353,340,36,340,382,386,539,333,334,382,382,382,517,520,389,831,342,343,217,218,219,220,221,222,338,474,475,476,517,520,523,517,520,526,517,520,527,517,520,525,518,521,524,518,521,528,517,520,536,37,38,39,40,41,42,47,45,46,44,48,49,50,51,52,53,43,565,567,583,584,583,0,952,1194,0,0,1315,1317,1318,1321,1322,1537,1538,1539,1540,1541,1542,1543,1544,1545,1546,1547,1548,1549,1550,1551,1552,1553,1554,1555,1556,1557,1558,1559,1560,1894,1941,2051,2052,2053,2102,2171,2503,3166,3167,3168,3169,3170,3171,3185,3186,3187,2928,3553,3558,382,382,382,382,382,382,382,3557,3551,382,3550,3559,3556,3552,3554,3555,3484,3617,3609,,,,3748,3749,3747,3866,3867,3863,3864,375,376,377,3980,3981,3982,382,4033,4092,4093,,4094,4095,4096,4097,4098,4099,4100,4101,4102,4103,4104,4105,4106,4107,93,94,95
78,Inconnu Male,380,332,381,336,337,340,36,340,329,386,539,333,334,329,329,329,511,520,389,344,345,346,217,218,219,220,221,222,338,474,475,476,511,520,523,511,520,526,511,520,527,511,520,525,512,521,524,512,521,528,511,520,536,37,38,39,40,41,42,47,45,46,44,48,49,50,51,52,53,43,565,567,583,584,583,0,952,1194,0,0,1315,1317,1318,1321,1322,1537,1538,1539,1540,1541,1542,1543,1544,1545,1546,1547,1548,1549,1550,1551,1552,1553,1554,1555,1556,1557,1558,1559,1560,1894,1942,2051,2052,2053,2102,2171,2503,3166,3167,3168,3169,3170,3171,3185,3186,3187,2928,3553,3558,329,329,329,329,329,329,329,3557,3551,329,3550,3559,3556,3552,3554,3555,3484,3617,3609,,,,3748,3749,3747,3866,3867,3863,3864,375,376,377,3980,3981,3982,329,4032,4092,4093,,4094,4095,4096,4097,4098,4099,4100,4101,4102,4103,4104,4105,4106,4107,93,94,95
79,Inconnu Female,834,332,351,336,337,340,36,340,382,386,539,333,334,382,382,382,511,520,389,341,342,343,217,218,219,220,221,222,338,474,475,476,511,520,523,511,520,526,511,520,527,511,520,525,512,521,524,512,521,528,511,520,536,37,38,39,40,41,42,47,45,46,44,48,49,50,51,52,53,43,565,567,583,584,583,0,952,1194,0,0,1315,1317,1318,1321,1322,1537,1538,1539,1540,1541,1542,1543,1544,1545,1546,1547,1548,1549,1550,1551,1552,1553,1554,1555,1556,1557,1558,1559,1560,1894,1942,2051,2052,2053,2102,2171,2503,3166,3167,3168,3169,3170,3171,3185,3186,3187,2928,3553,3558,382,382,382,382,382,382,382,3557,3551,382,3550,3559,3556,3552,3554,3555,3484,3617,3609,,,,3748,3749,3747,3866,3867,3863,3864,375,376,377,3980,3981,3982,382,4033,4092,4093,,4094,4095,4096,4097,4098,4099,4100,4101,4102,4103,4104,4105,4106,4107,93,94,95
80,Praying Mantis ,841,841,840,0,0,0,0,0,839,837,0,0,0,839,839,839,0,0,0,0,0,0,0,0,0,0,0,0,0,0,0,0,0,0,0,0,0,0,0,0,0,0,0,0,0,0,0,0,0,0,0,0,0,37,38,39,40,41,42,47,45,46,44,48,49,50,51,52,53,43,565,567,583,584,583,0,0,1194,0,0,1315,1317,1318,1321,1322,1537,1538,1539,1540,1541,1542,1543,1544,1545,1546,1547,1548,1549,1550,1551,1552,1553,1554,1555,1556,1557,1558,1559,1560,1894,1941,2051,2052,2053,2102,2171,2503,3166,3167,3168,3169,3170,3171,3185,3186,3187,840,,,,,,,,,,,,,,,,,,,,,,,,,,,,,,,,,,,,,,,,,,,,,,,,,,,,,,,,,0,0,0
81,Primitive,853,853,848,0,0,0,0,0,847,845,0,0,0,847,847,847,849,850,851,0,0,0,0,0,0,0,0,0,852,0,0,0,849,850,851,849,850,851,849,850,851,849,850,851,849,850,851,849,850,851,849,850,851,37,38,39,40,41,42,47,45,46,44,48,49,50,51,52,53,43,565,567,583,584,583,0,0,1194,0,0,1315,1317,1318,1321,1322,1537,1538,1539,1540,1541,1542,1543,1544,1545,1546,1547,1548,1549,1550,1551,1552,1553,1554,1555,1556,1557,1558,1559,1560,1894,1941,2051,2052,2053,2102,2171,2503,3166,3167,3168,3169,3170,3171,3185,3186,3187,848,,,,,,,,,,,,,,,,,,,,,,,,,,,,,,,,,,,,,,,,,,,,,,,,,,,,,,,,,843,842,843
82,Two  Headed Wolf ,859,859,858,0,0,0,0,0,857,856,0,0,0,857,857,857,0,0,0,0,0,0,0,0,0,0,0,0,0,0,0,0,0,0,0,0,0,0,0,0,0,0,0,0,0,0,0,0,0,0,0,0,0,37,38,39,40,41,42,47,45,46,44,48,49,50,51,52,53,43,565,567,583,584,583,0,0,1194,0,0,1315,1317,1318,1321,1322,1537,1538,1539,1540,1541,1542,1543,1544,1545,1546,1547,1548,1549,1550,1551,1552,1553,1554,1555,1556,1557,1558,1559,1560,1894,1941,2051,2052,2053,2102,2171,2503,3166,3167,3168,3169,3170,3171,3185,3186,3187,858,,,,,,,,,,,,,,,,,,,,,,,,,,,,,,,,,,,,,,,,,,,,,,,,,,,,,,,,,0,0,0
83,Sabertooth ,868,868,867,0,0,0,0,0,864,865,0,0,0,864,864,864,0,0,0,0,0,0,0,0,0,0,0,0,0,0,0,0,0,0,0,0,0,0,0,0,0,0,0,0,1195,1196,1197,0,0,0,0,0,0,37,38,39,40,41,42,47,45,46,44,48,49,50,51,52,53,43,565,567,583,584,583,0,0,1194,0,0,1315,1317,1318,1321,1322,1537,1538,1539,1540,1541,1542,1543,1544,1545,1546,1547,1548,1549,1550,1551,1552,1553,1554,1555,1556,1557,1558,1559,1560,1894,1941,2051,2052,2053,2102,2171,2503,3166,3167,3168,3169,3170,3171,3185,3186,3187,867,,,,,,,,,,,,,,,,,,,,,,,,,,,,,,,,,,,,,,,,,,,,,,,,,,,,,,,,,0,0,0
84,Gryphon With Wings,875,875,874,0,0,0,0,0,876,872,0,0,0,876,876,876,0,0,0,0,0,0,0,0,0,0,0,0,0,0,0,0,0,0,0,0,0,0,0,0,0,0,0,0,0,0,0,0,0,0,0,0,0,0,0,0,0,0,0,0,0,0,0,0,0,0,0,0,0,0,565,567,0,0,0,0,0,0,875,874,0,0,0,0,0,0,0,0,0,0,0,0,0,0,0,0,0,0,0,0,0,0,0,0,0,0,0,0,0,0,1941,2051,2052,2053,2102,2171,2503,0,0,0,0,0,0,0,0,0,874,0,0,0,0,0,0,0,0,0,0,0,0,0,0,0,0,0,0,0,0,,,,,,0,0,,,,,,,,,,,,,,,,0,0,0,0,0,0,0,0,0,0,0,0,0,0,0,0,0
85,Griffon No Wings,877,877,878,0,0,0,0,0,879,872,0,0,0,879,879,879,0,0,0,0,0,0,0,0,0,0,0,0,0,0,0,0,0,0,0,0,0,0,0,0,0,0,0,0,0,0,0,0,0,0,0,0,0,37,38,39,40,41,42,47,45,46,44,48,49,50,51,52,53,43,565,567,583,584,583,0,0,1194,0,0,1315,1317,1318,1321,1322,1537,1538,1539,1540,1541,1542,1543,1544,1545,1546,1547,1548,1549,1550,1551,1552,1553,1554,1555,1556,1557,1558,1559,1560,1894,1941,2051,2052,2053,2102,2171,2503,3166,3167,3168,3169,3170,3171,3185,3186,3187,878,,,,,,,,,,,,,,,,,,,,,,,,,,,,,,,,,,,,,,,,,,,,,,,,,,,,,,,,,0,0,0
86,Shriller,905,905,904,0,0,0,0,0,903,901,0,0,0,903,903,903,0,0,0,0,0,0,0,0,0,0,0,0,0,0,0,0,0,0,0,0,0,0,0,0,0,0,0,0,0,0,0,0,0,0,0,0,0,37,38,39,40,41,42,47,45,46,44,48,49,50,51,52,53,43,565,567,583,584,583,0,0,1194,0,0,1315,1317,1318,1321,1322,1537,1538,1539,1540,1541,1542,1543,1544,1545,1546,1547,1548,1549,1550,1551,1552,1553,1554,1555,1556,1557,1558,1559,1560,1894,1941,2051,2052,2053,2102,2171,2503,3166,3167,3168,3169,3170,3171,3185,3186,3187,904,,,,,,,,,,,,,,,,,,,,,,,,,,,,,,,,,,,,,,,,,,,,,,,,,,,,,,,,,0,0,0
87,Wyvern,913,913,912,0,0,0,0,0,911,909,0,0,0,911,911,911,0,0,0,0,0,0,0,0,0,0,0,0,0,0,0,0,0,0,0,0,0,0,0,0,0,0,0,0,0,0,0,0,0,0,0,0,0,0,0,0,0,0,0,0,0,0,0,0,0,0,0,0,0,0,565,567,0,0,0,0,0,0,913,912,0,1317,1318,1321,1322,1537,1538,1539,1540,1541,1542,1543,1544,1545,1546,1547,1548,1549,1550,1551,1552,1553,1554,1555,1556,1557,1558,1559,1560,1894,1941,2051,2052,2053,2102,2171,2503,0,0,0,0,0,0,0,0,0,912,0,0,0,0,0,0,0,0,0,0,0,0,0,0,0,0,0,0,0,0,,,,,,0,0,,,,,,,,,,,,,,,,0,0,0,0,0,0,0,0,0,0,0,0,0,0,0,0,0
88,Wooly Serpent,920,920,919,0,0,0,0,0,918,916,0,0,0,918,918,918,0,0,0,0,0,0,0,0,0,0,0,0,0,0,0,0,0,0,0,0,0,0,0,0,0,0,0,0,0,0,0,0,0,0,0,0,0,37,38,39,40,41,42,47,45,46,44,48,49,50,51,52,53,43,565,567,583,584,583,0,0,1194,0,0,1315,1317,1318,1321,1322,1537,1538,1539,1540,1541,1542,1543,1544,1545,1546,1547,1548,1549,1550,1551,1552,1553,1554,1555,1556,1557,1558,1559,1560,1894,1941,2051,2052,2053,2102,2171,2503,3166,3167,3168,3169,3170,3171,3185,3186,3187,919,,,,,,,,,,,,,,,,,,,,,,,,,,,,,,,,,,,,,,,,,,,,,,,,,,,,,,,,,0,0,0
89,Twisted Sylvan,929,929,930,0,0,0,0,0,925,924,0,0,0,925,925,925,926,927,928,0,0,0,0,0,0,0,0,0,0,0,0,0,0,0,0,0,0,0,0,0,0,0,0,0,0,0,0,0,0,0,0,0,0,37,38,39,40,41,42,47,45,46,44,48,49,50,51,52,53,43,565,567,583,584,583,0,0,1194,0,0,1315,1317,1318,1321,1322,1537,1538,1539,1540,1541,1542,1543,1544,1545,1546,1547,1548,1549,1550,1551,1552,1553,1554,1555,1556,1557,1558,1559,1560,1894,1941,2051,2052,2053,2102,2171,2503,3166,3167,3168,3169,3170,3171,3185,3186,3187,930,,,,,,,,,,,,,,,,,,,,,,,,,,,,,,,,,,,,,,,,,,,,,,,,,,,,,,,,,922,921,922
90,Fomorian,941,941,937,0,0,0,0,0,936,934,0,0,0,936,936,936,938,939,940,0,0,0,0,0,0,0,0,0,0,0,0,0,938,939,940,938,939,940,938,939,940,938,939,940,938,939,940,938,939,940,938,939,940,37,38,39,40,41,42,47,45,46,44,48,49,50,51,52,53,43,565,567,583,584,583,0,0,1194,0,0,1315,1317,1318,1321,1322,1537,1538,1539,1540,1541,1542,1543,1544,1545,1546,1547,1548,1549,1550,1551,1552,1553,1554,1555,1556,1557,1558,1559,1560,1894,1941,2051,2052,2053,2102,2171,2503,3166,3167,3168,3169,3170,3171,3185,3186,3187,937,,,,,,,,,,,,,,,,,,,,,,,,,,,,,,,,,,,,,,,,,,,,,,,,,,,,,,,,,1123,1124,1125
91,Cniogcrag,889,889,885,0,0,0,0,0,884,882,0,0,0,884,884,884,886,887,888,0,0,0,0,0,0,0,0,0,951,0,0,0,886,887,888,886,887,888,886,887,888,886,887,888,886,887,888,886,887,888,886,887,888,37,38,39,40,41,42,47,45,46,44,48,49,50,51,52,53,43,565,567,583,584,583,0,0,1194,0,0,1315,1317,1318,1321,1322,1537,1538,1539,1540,1541,1542,1543,1544,1545,1546,1547,1548,1549,1550,1551,1552,1553,1554,1555,1556,1557,1558,1559,1560,1894,1941,2051,2052,2053,2102,2171,2503,3166,3167,3168,3169,3170,3171,3185,3186,3187,885,,,,,,,,,,,,,,,,,,,,,,,,,,,,,,,,,,,,,,,,,,,,,,,,,,,,,,,,,0,0,0
92,Megalocerous,897,897,896,0,0,0,0,0,895,893,0,0,0,895,895,895,0,0,0,0,0,0,0,0,0,0,0,0,0,0,0,0,0,0,0,0,0,0,0,0,0,0,0,0,0,0,0,0,0,0,0,0,0,37,38,39,40,41,42,47,45,46,44,48,49,50,51,52,53,43,565,567,583,584,583,0,0,1194,0,0,1315,1317,1318,1321,1322,1537,1538,1539,1540,1541,1542,1543,1544,1545,1546,1547,1548,1549,1550,1551,1552,1553,1554,1555,1556,1557,1558,1559,1560,1894,1941,2051,2052,2053,2102,2171,2503,3166,3167,3168,3169,3170,3171,3185,3186,3187,896,,,,,,,,,,,,,,,,,,,,,,,,,,,,,,,,,,,,,,,,,,,,,,,,,,,,,,,,,0,0,0
93,Formorian with Weapon,941,941,937,0,0,0,0,0,936,934,0,0,0,936,936,936,0,0,0,0,0,0,0,0,0,0,0,0,0,0,0,0,0,0,0,0,0,0,0,0,0,0,0,0,0,0,0,0,0,0,0,0,0,37,38,39,40,41,42,47,45,46,44,48,49,50,51,52,53,43,565,567,583,584,583,0,0,1194,0,0,1315,1317,1318,1321,1322,1537,1538,1539,1540,1541,1542,1543,1544,1545,1546,1547,1548,1549,1550,1551,1552,1553,1554,1555,1556,1557,1558,1559,1560,1894,1941,2051,2052,2053,2102,2171,2503,3166,3167,3168,3169,3170,3171,3185,3186,3187,937,,,,,,,,,,,,,,,,,,,,,,,,,,,,,,,,,,,,,,,,,,,,,,,,,,,,,,,,,1123,1124,1125
94,Gryphon W/Wings(Idle),875,875,874,0,0,0,0,0,950,872,0,0,0,950,950,950,0,0,0,0,0,0,0,0,0,0,0,0,0,0,0,0,0,0,0,0,0,0,0,0,0,0,0,0,0,0,0,0,0,0,0,0,0,37,38,39,40,41,42,47,45,46,44,48,49,50,51,52,53,43,565,567,583,584,583,0,0,1194,0,0,1315,1317,1318,1321,1322,1537,1538,1539,1540,1541,1542,1543,1544,1545,1546,1547,1548,1549,1550,1551,1552,1553,1554,1555,1556,1557,1558,1559,1560,1894,1941,2051,2052,2053,2102,2171,2503,3166,3167,3168,3169,3170,3171,3185,3186,3187,874,,,,,,,,,,,,,,,,,,,,,,,,,,,,,,,,,,,,,,,,,,,,,,,,,,,,,,,,,0,0,0
96,Valkyn Male,977,977,978,336,337,340,36,340,979,386,539,333,334,979,979,979,514,520,389,1156,1157,346,217,218,219,220,221,222,338,474,475,476,514,520,523,514,520,526,514,520,527,514,520,525,515,521,524,515,521,528,514,520,536,37,38,39,40,41,42,47,45,46,44,48,49,50,51,52,53,43,565,567,583,584,583,0,952,1194,0,0,1315,1317,1318,1321,1322,1537,1538,1539,1540,1541,1542,1543,1544,1545,1546,1547,1548,1549,1550,1551,1552,1553,1554,1555,1556,1557,1558,1559,1560,1894,1941,2051,2052,2053,2102,2171,2503,3166,3167,3168,3169,3170,3171,3185,3186,3187,2928,3553,3558,979,979,979,979,979,979,979,3557,3551,979,3550,3559,3556,3552,3554,3555,3484,3617,3609,,,,3748,3749,3747,3866,3867,3863,3864,375,376,377,3980,3981,3982,979,4036,4092,4093,,4094,4095,4096,4097,4098,4099,4100,4101,4102,4103,4104,4105,4106,4107,93,94,95
97,Valkyn Female,980,980,981,352,353,340,36,340,982,386,539,333,334,982,982,982,514,520,389,1158,1159,343,217,218,219,220,221,222,338,474,475,476,514,520,523,514,520,526,514,520,527,514,520,525,515,521,524,515,521,528,514,520,536,37,38,39,40,41,42,47,45,46,44,48,49,50,51,52,53,43,565,567,583,584,583,0,952,1194,0,0,1315,1317,1318,1321,1322,1537,1538,1539,1540,1541,1542,1543,1544,1545,1546,1547,1548,1549,1550,1551,1552,1553,1554,1555,1556,1557,1558,1559,1560,1894,1941,2051,2052,2053,2102,2171,2503,3166,3167,3168,3169,3170,3171,3185,3186,3187,2928,3553,3558,982,982,982,982,982,982,982,3557,3551,982,3550,3559,3556,3552,3554,3555,3484,3617,3609,,,,3748,3749,3747,3866,3867,3863,3864,375,376,377,3980,3981,3982,982,4037,4092,4093,,4094,4095,4096,4097,4098,4099,4100,4101,4102,4103,4104,4105,4106,4107,93,94,95
98,Orc,994,994,989,0,0,0,0,0,987,985,0,0,0,987,988,987,990,991,992,0,0,0,0,0,0,0,0,0,993,0,0,0,990,991,992,990,991,992,990,991,992,990,991,992,990,991,992,990,991,992,990,991,992,37,38,39,40,41,42,47,45,46,44,48,49,50,51,52,53,43,565,567,583,584,583,0,0,1194,0,0,1315,1317,1318,1321,1322,1537,1538,1539,1540,1541,1542,1543,1544,1545,1546,1547,1548,1549,1550,1551,1552,1553,1554,1555,1556,1557,1558,1559,1560,1894,1941,2051,2052,2053,2102,2171,2503,3166,3167,3168,3169,3170,3171,3185,3186,3187,989,,,,,,,,,,,,,,,,,,,,,,,,,,,,,,,,,,,,,,,,,,,,,,,,,,,,,,,,,983,983,983
99,Urchin,1006,1006,1001,0,0,0,0,0,999,997,0,0,0,999,1000,999,1002,1003,1004,0,0,0,0,0,0,0,0,0,1005,0,0,0,1002,1003,1004,1002,1003,1004,1002,1003,1004,1002,1003,1004,1002,1003,1004,1002,1003,1004,1002,1003,1004,37,38,39,40,41,42,47,45,46,44,48,49,50,51,52,53,43,565,567,583,584,583,0,0,1194,0,0,1315,1317,1318,1321,1322,1537,1538,1539,1540,1541,1542,1543,1544,1545,1546,1547,1548,1549,1550,1551,1552,1553,1554,1555,1556,1557,1558,1559,1560,1894,1941,2051,2052,2053,2102,2171,2503,3166,3167,3168,3169,3170,3171,3185,3186,3187,1001,,,,,,,,,,,,,,,,,,,,,,,,,,,,,,,,,,,,,,,,,,,,,,,,,,,,,,,,,995,995,995
100,Manta,1016,1016,1012,0,0,0,0,0,1011,1009,0,0,0,1011,1011,1011,1013,1014,1015,0,0,0,0,0,0,0,0,0,1017,0,0,0,1013,1014,1015,1013,1014,1015,1013,1014,1015,1013,1014,1015,1013,1014,1015,1013,1014,1015,1013,1014,1015,37,38,39,40,41,42,47,45,46,44,48,49,50,51,52,53,43,565,567,583,584,583,0,0,1194,0,0,1315,1317,1318,1321,1322,1537,1538,1539,1540,1541,1542,1543,1544,1545,1546,1547,1548,1549,1550,1551,1552,1553,1554,1555,1556,1557,1558,1559,1560,1894,1941,2051,2052,2053,2102,2171,2503,3166,3167,3168,3169,3170,3171,3185,3186,3187,1012,,,,,,,,,,,,,,,,,,,,,,,,,,,,,,,,,,,,,,,,,,,,,,,,,,,,,,,,,0,0,0
101,Shrouder,1028,1028,1024,0,0,0,0,0,1023,1021,0,0,0,1023,1023,1023,1025,1026,1027,0,0,0,0,0,0,0,0,0,1028,0,0,0,1025,1026,1027,1025,1026,1027,1025,1026,1027,1025,1026,1027,1025,1026,1027,1025,1026,1027,1025,1026,1027,37,38,39,40,41,42,47,45,46,44,48,49,50,51,52,53,43,565,567,583,584,583,0,0,1194,0,0,1315,1317,1318,1321,1322,1537,1538,1539,1540,1541,1542,1543,1544,1545,1546,1547,1548,1549,1550,1551,1552,1553,1554,1555,1556,1557,1558,1559,1560,1894,1941,2051,2052,2053,2102,2171,2503,3166,3167,3168,3169,3170,3171,3185,3186,3187,1024,,,,,,,,,,,,,,,,,,,,,,,,,,,,,,,,,,,,,,,,,,,,,,,,,,,,,,,,,0,0,0
102,Botonid,1040,1040,1036,0,0,0,0,0,1035,1033,0,0,0,1035,1035,1035,1037,1038,1039,0,0,0,0,0,0,0,0,0,0,0,0,0,1037,1038,1039,1037,1038,1039,1037,1038,1039,1037,1038,1039,1037,1038,1039,1037,1038,1039,1037,1038,1039,37,38,39,40,41,42,47,45,46,44,48,49,50,51,52,53,43,565,567,583,584,583,0,0,1194,0,0,1315,1317,1318,1321,1322,1537,1538,1539,1540,1541,1542,1543,1544,1545,1546,1547,1548,1549,1550,1551,1552,1553,1554,1555,1556,1557,1558,1559,1560,1894,1941,2051,2052,2053,2102,2171,2503,3166,3167,3168,3169,3170,3171,3185,3186,3187,1036,,,,,,,,,,,,,,,,,,,,,,,,,,,,,,,,,,,,,,,,,,,,,,,,,,,,,,,,,0,0,0
103,Dragon Fly,1051,1051,1047,0,0,0,0,0,1046,1044,0,0,0,1046,1046,1046,1048,1049,1050,0,0,0,0,0,0,0,0,0,0,0,0,0,1048,1049,1050,1048,1049,1050,1048,1049,1050,1048,1049,1050,1048,1049,1050,1048,1049,1050,1048,1049,1050,1046,1046,1046,1046,1046,1046,1046,1046,1046,1046,1046,1046,1046,1046,1046,1046,1046,1046,1046,1046,1046,1046,1046,1046,1046,0,0,1046,1046,1046,1046,1046,1046,1046,1046,1046,1046,1046,1046,1046,1046,1046,1046,1046,1046,1046,1046,1046,1046,1046,1046,1046,1046,1046,1046,1046,1046,1046,1046,1046,1046,1046,1046,1046,3166,3167,3168,3169,3170,3171,3185,3186,3187,1047,,,,,,,,,,,,,,,,,,,,,,,,,,,,,,,,,,,,,,,,,,,,,,,,,,,,,,,,,1042,1042,1041
104,Mushroom,1061,1061,1057,1056,1056,1056,1056,1056,1056,1054,1061,1056,1056,1056,1056,1056,1058,1059,1060,1056,1056,1056,1056,1056,1056,1056,1056,1056,1061,1056,1056,1056,1058,1059,1060,1058,1059,1060,1058,1059,1060,1058,1059,1060,1058,1059,1060,1058,1059,1060,1058,1059,1060,1056,1056,1056,1056,1056,1056,1056,1056,1056,1056,1056,1056,1056,1056,1056,1056,1056,1056,1056,1056,1056,1056,1056,1056,1056,1056,1056,1056,1056,1056,1056,1056,1056,1056,1056,1056,1056,1056,1056,1056,1056,1056,1056,1056,1056,1056,1056,1056,1056,1056,1056,1056,1056,1056,1056,1056,1056,1056,1056,1056,1056,1056,1056,2503,3166,3167,3168,3169,3170,3171,3185,3186,3187,1057,,,,,,,,,,,,,,,,,,,,,,,,,,,,,,,,,,,,,,,,,,,,,,,,,,,,,,,,,0,0,0
105,Red Cap (WEAP),1066,1066,1065,0,0,0,0,0,1062,788,0,0,0,1062,1063,1064,794,795,796,0,0,0,0,0,0,0,0,0,0,0,0,0,794,795,796,794,795,796,794,795,796,794,795,796,794,795,796,794,795,796,794,795,796,37,38,39,40,41,42,47,45,46,44,48,49,50,51,52,53,43,565,567,583,584,583,0,0,1194,0,0,1315,1317,1318,1321,1322,1537,1538,1539,1540,1541,1542,1543,1544,1545,1546,1547,1548,1549,1550,1551,1552,1553,1554,1555,1556,1557,1558,1559,1560,1894,1941,2051,2052,2053,2102,2171,2503,3166,3167,3168,3169,3170,3171,3185,3186,3187,1065,,,,,,,,,,,,,,,,,,,,,,,,,,,,,,,,,,,,,,,,,,,,,,,,,,,,,,,,,1535,1535,1535
106,Guag,1088,1088,1087,0,0,0,0,0,1086,1084,0,0,0,1086,1086,1086,0,0,0,0,0,0,0,0,0,0,0,0,1089,0,0,0,0,0,0,0,0,0,0,0,0,0,0,0,0,0,0,0,0,0,0,0,0,37,38,39,40,41,42,47,45,46,44,48,49,50,51,52,53,43,565,567,583,584,583,0,0,1194,0,0,1315,1317,1318,1321,1322,1537,1538,1539,1540,1541,1542,1543,1544,1545,1546,1547,1548,1549,1550,1551,1552,1553,1554,1555,1556,1557,1558,1559,1560,1894,1941,2051,2052,2053,2102,2171,2503,3166,3167,3168,3169,3170,3171,3185,3186,3187,1087,,,,,,,,,,,,,,,,,,,,,,,,,,,,,,,,,,,,,,,,,,,,,,,,,,,,,,,,,0,0,0
107,Cicada,1096,1096,1095,0,0,0,0,0,1094,1092,0,0,0,1094,1094,1094,1098,1099,1100,0,0,0,0,0,0,0,0,0,0,0,0,0,1098,1099,1100,1098,1099,1100,1098,1099,1100,1098,1099,1100,1098,1099,1100,1098,1099,1100,1098,1099,1100,37,38,39,40,41,42,47,45,46,44,48,49,50,51,52,53,43,565,567,583,584,583,0,0,1194,0,0,1315,1317,1318,1321,1322,1537,1538,1539,1540,1541,1542,1543,1544,1545,1546,1547,1548,1549,1550,1551,1552,1553,1554,1555,1556,1557,1558,1559,1560,1894,1941,2051,2052,2053,2102,2171,2503,3166,3167,3168,3169,3170,3171,3185,3186,3187,1095,,,,,,,,,,,,,,,,,,,,,,,,,,,,,,,,,,,,,,,,,,,,,,,,,,,,,,,,,0,0,0
108,Formorian 02,1103,1103,1102,0,0,0,0,0,1101,934,1189,0,0,1101,1101,1101,1115,1116,1117,0,0,0,0,0,0,0,0,0,1119,0,0,0,1115,1116,1117,1115,1116,1117,1115,1116,1117,1115,1116,1117,1115,1116,1117,1115,1116,1117,1115,1116,1117,37,38,39,40,41,42,47,45,46,44,48,49,50,51,52,53,43,565,567,583,584,583,0,0,1194,0,0,1315,1317,1318,1321,1322,1537,1538,1539,1540,1541,1542,1543,1544,1545,1546,1547,1548,1549,1550,1551,1552,1553,1554,1555,1556,1557,1558,1559,1560,1894,1941,2051,2052,2053,2102,2171,2503,3166,3167,3168,3169,3170,3171,3185,3186,3187,1102,,,,,,,,,,,,,,,,,,,,,,,,,,,,,,,,,,,,,,,,,,,,,,,,,,,,,,,,,932,931,932
109,Formorian 03,1106,1106,1105,0,0,0,0,0,1104,934,1189,0,0,1104,1104,1104,1115,1116,1117,0,0,0,0,0,0,0,0,0,1119,0,0,0,1115,1116,1117,1115,1116,1117,1115,1116,1117,1115,1116,1117,1115,1116,1117,1115,1116,1117,1115,1116,1117,37,38,39,40,41,42,47,45,46,44,48,49,50,51,52,53,43,565,567,583,584,583,0,0,1194,0,0,1315,1317,1318,1321,1322,1537,1538,1539,1540,1541,1542,1543,1544,1545,1546,1547,1548,1549,1550,1551,1552,1553,1554,1555,1556,1557,1558,1559,1560,1894,1941,2051,2052,2053,2102,2171,2503,3166,3167,3168,3169,3170,3171,3185,3186,3187,1105,,,,,,,,,,,,,,,,,,,,,,,,,,,,,,,,,,,,,,,,,,,,,,,,,,,,,,,,,932,931,932
110,Formorian 04,1118,1118,1114,0,0,0,0,0,1113,934,1190,0,0,1113,1113,1113,1115,1116,1117,0,0,0,0,0,0,0,0,0,1119,0,0,0,1115,1116,1117,1115,1116,1117,1115,1116,1117,1115,1116,1117,1115,1116,1117,1115,1116,1117,1115,1116,1117,37,38,39,40,41,42,47,45,46,44,48,49,50,51,52,53,43,565,567,583,584,583,0,0,1194,0,0,1315,1317,1318,1321,1322,1537,1538,1539,1540,1541,1542,1543,1544,1545,1546,1547,1548,1549,1550,1551,1552,1553,1554,1555,1556,1557,1558,1559,1560,1894,1941,2051,2052,2053,2102,2171,2503,3166,3167,3168,3169,3170,3171,3185,3186,3187,1114,,,,,,,,,,,,,,,,,,,,,,,,,,,,,,,,,,,,,,,,,,,,,,,,,,,,,,,,,1108,1107,1108
111,Mammoth,1132,1132,1131,0,0,0,0,0,1130,1128,0,0,0,1130,1130,1130,1134,1135,1136,0,0,0,0,0,0,0,0,0,1133,0,0,0,1134,1135,1136,1134,1135,1136,1134,1135,1136,1134,1135,1136,1134,1135,1136,1134,1135,1136,1134,1135,1136,37,38,39,40,41,42,47,45,46,44,48,49,50,51,52,53,43,565,567,583,584,583,0,0,1194,0,0,1315,1317,1318,1321,1322,1537,1538,1539,1540,1541,1542,1543,1544,1545,1546,1547,1548,1549,1550,1551,1552,1553,1554,1555,1556,1557,1558,1559,1560,1894,1941,2051,2052,2053,2102,2171,2503,3166,3167,3168,3169,3170,3171,3185,3186,3187,1131,,,,,,,,,,,,,,,,,,,,,,,,,,,,,,,,,,,,,,,,,,,,,,,,,,,,,,,,,0,0,0
112,Lammia,1145,1145,1144,0,0,0,0,0,1143,1141,0,0,0,1143,1143,1143,1147,1148,1149,0,0,0,0,0,0,0,0,0,1146,0,0,0,1147,1148,1149,1147,1148,1149,1147,1148,1149,1147,1148,1149,1147,1148,1149,1147,1148,1149,1147,1148,1149,37,38,39,40,41,42,47,45,46,44,48,49,50,51,52,53,43,565,567,583,584,583,0,0,1194,0,0,1315,1317,1318,1321,1322,1537,1538,1539,1540,1541,1542,1543,1544,1545,1546,1547,1548,1549,1550,1551,1552,1553,1554,1555,1556,1557,1558,1559,1560,1894,1941,2051,2052,2053,2102,2171,2503,3166,3167,3168,3169,3170,3171,3185,3186,3187,1144,,,,,,,,,,,,,,,,,,,,,,,,,,,,,,,,,,,,,,,,,,,,,,,,,,,,,,,,,1138,1137,1138
113,Necromancer Shade,1154,1154,1155,0,0,0,3513,0,1153,740,0,0,0,1153,1153,1153,1079,1080,1081,0,0,0,0,0,0,0,0,0,0,0,0,0,742,743,744,742,743,744,742,743,744,742,743,744,742,743,744,742,743,744,742,743,744,37,38,39,40,41,42,47,45,46,44,48,49,50,51,52,53,43,565,567,583,584,583,0,0,1194,0,0,1315,1317,1318,1321,1322,1537,1538,1539,1540,1541,1542,1543,1544,1545,1546,1547,1548,1549,1550,1551,1552,1553,1554,1555,1556,1557,1558,1559,1560,1894,1941,2051,2052,2053,2102,2171,2503,3166,3167,3168,3169,3170,3171,3185,3186,3187,1155,,,,,,,,,,,,,,,,,,,,,,,,,,,,,,,,,,,,,,,,,,,,,,,,,,,,,,,,,0,0,0
114,Formorian King,1172,1172,1168,0,0,0,0,0,1166,1164,0,0,0,1166,1167,1166,1169,1170,1171,0,0,0,0,0,0,0,0,0,0,0,0,0,1169,1170,1171,1169,1170,1171,1169,1170,1171,1169,1170,1171,1169,1170,1171,1169,1170,1171,1169,1170,1171,37,38,39,40,41,42,47,45,46,44,48,49,50,51,52,53,43,565,567,583,584,583,0,0,1194,0,0,1315,1317,1318,1321,1322,1537,1538,1539,1540,1541,1542,1543,1544,1545,1546,1547,1548,1549,1550,1551,1552,1553,1554,1555,1556,1557,1558,1559,1560,1894,1941,2051,2052,2053,2102,2171,2503,3166,3167,3168,3169,3170,3171,3185,3186,3187,1168,,,,,,,,,,,,,,,,,,,,,,,,,,,,,,,,,,,,,,,,,,,,,,,,,,,,,,,,,1162,1162,1162
115,Clock Work Troll,1184,1184,1180,0,0,0,0,0,1178,1176,0,0,0,1178,1179,1178,1181,1182,1183,0,0,0,0,0,0,0,0,0,1188,0,0,0,1181,1182,1183,1181,1182,1183,1181,1182,1183,1181,1182,1183,1181,1182,1183,1181,1182,1183,1181,1182,1183,37,38,39,40,41,42,47,45,46,44,48,49,50,51,52,53,43,565,567,583,584,583,0,0,1194,0,0,1315,1317,1318,1321,1322,1537,1538,1539,1540,1541,1542,1543,1544,1545,1546,1547,1548,1549,1550,1551,1552,1553,1554,1555,1556,1557,1558,1559,1560,1894,1941,2051,2052,2053,2102,2171,2503,3166,3167,3168,3169,3170,3171,3185,3186,3187,1180,,,,,,,,,,,,,,,,,,,,,,,,,,,,,,,,,,,,,,,,,,,,,,,,,,,,,,,,,1174,1173,1174
116,Slug,1208,1208,1204,0,0,0,0,0,1203,1201,0,0,0,1203,1203,1203,1205,1206,1207,0,0,0,0,0,0,0,0,0,0,0,0,0,1205,1206,1207,1205,1206,1207,1205,1206,1207,1205,1206,1207,1205,1206,1207,1205,1206,1207,1205,1206,1207,37,38,39,40,41,42,47,45,46,44,48,49,50,51,52,53,43,565,567,583,584,583,0,0,1194,0,0,1315,1317,1318,1321,1322,1537,1538,1539,1540,1541,1542,1543,1544,1545,1546,1547,1548,1549,1550,1551,1552,1553,1554,1555,1556,1557,1558,1559,1560,1894,1941,2051,2052,2053,2102,2171,2503,3166,3167,3168,3169,3170,3171,3185,3186,3187,1204,,,,,,,,,,,,,,,,,,,,,,,,,,,,,,,,,,,,,,,,,,,,,,,,,,,,,,,,,0,0,0
117,Rencan,1219,1219,1215,0,0,0,0,0,1214,1212,0,0,0,1214,1214,1214,1216,1217,1218,0,0,0,0,0,0,0,0,0,1220,0,0,0,1216,1217,1218,1216,1217,1218,1216,1217,1218,1216,1217,1218,1216,1217,1218,1216,1217,1218,1216,1217,1218,37,38,39,40,41,42,47,45,46,44,48,49,50,51,52,53,43,565,567,583,584,583,0,0,1194,0,0,1315,1317,1318,1321,1322,1537,1538,1539,1540,1541,1542,1543,1544,1545,1546,1547,1548,1549,1550,1551,1552,1553,1554,1555,1556,1557,1558,1559,1560,1894,1941,2051,2052,2053,2102,2171,2503,3166,3167,3168,3169,3170,3171,3185,3186,3187,1215,,,,,,,,,,,,,,,,,,,,,,,,,,,,,,,,,,,,,,,,,,,,,,,,,,,,,,,,,0,0,0
118,Tree D,1231,1231,1227,0,0,0,0,0,1226,1224,0,0,0,1226,1226,1226,1228,1229,1230,0,0,0,0,0,0,0,0,0,1232,0,0,0,1228,1229,1230,1228,1229,1230,1228,1229,1230,1228,1229,1230,1228,1229,1230,1228,1229,1230,1228,1229,1230,37,38,39,40,41,42,47,45,46,44,48,49,50,51,52,53,43,565,567,583,584,583,0,0,1194,0,0,1315,1317,1318,1321,1322,1537,1538,1539,1540,1541,1542,1543,1544,1545,1546,1547,1548,1549,1550,1551,1552,1553,1554,1555,1556,1557,1558,1559,1560,1894,1941,2051,2052,2053,2102,2171,2503,3166,3167,3168,3169,3170,3171,3185,3186,3187,1227,,,,,,,,,,,,,,,,,,,,,,,,,,,,,,,,,,,,,,,,,,,,,,,,,,,,,,,,,1122,1221,1222
119,Larnvidur,1243,1243,1239,0,0,0,0,0,1238,1236,0,0,0,1238,1238,1238,1240,1241,1242,0,0,0,0,0,0,0,0,0,0,0,0,0,1240,1241,1242,1240,1241,1242,1240,1241,1242,1240,1241,1242,1240,1241,1242,1240,1241,1242,1240,1241,1242,37,38,39,40,41,42,47,45,46,44,48,49,50,51,52,53,43,565,567,583,584,583,0,0,1194,0,0,1315,1317,1318,1321,1322,1537,1538,1539,1540,1541,1542,1543,1544,1545,1546,1547,1548,1549,1550,1551,1552,1553,1554,1555,1556,1557,1558,1559,1560,1894,1941,2051,2052,2053,2102,2171,2503,3166,3167,3168,3169,3170,3171,3185,3186,3187,1239,,,,,,,,,,,,,,,,,,,,,,,,,,,,,,,,,,,,,,,,,,,,,,,,,,,,,,,,,1234,1233,1234
120,Terror Bird,1253,1253,1249,0,0,0,0,0,1248,1246,0,0,0,1248,1248,1248,1250,1251,1252,0,0,0,0,0,0,0,0,0,1254,0,0,0,1250,1251,1252,1250,1251,1252,1250,1251,1252,1250,1251,1252,1250,1251,1252,1250,1251,1252,1250,1251,1252,37,38,39,40,41,42,47,45,46,44,48,49,50,51,52,53,43,565,567,583,584,583,0,0,1194,0,0,1315,1317,1318,1321,1322,1537,1538,1539,1540,1541,1542,1543,1544,1545,1546,1547,1548,1549,1550,1551,1552,1553,1554,1555,1556,1557,1558,1559,1560,1894,1941,2051,2052,2053,2102,2171,2503,3166,3167,3168,3169,3170,3171,3185,3186,3187,1249,,,,,,,,,,,,,,,,,,,,,,,,,,,,,,,,,,,,,,,,,,,,,,,,,,,,,,,,,0,0,0
121,Clock Work Human,1265,1265,1261,0,0,0,0,0,1260,1258,0,0,0,1260,1260,1260,1262,1263,1264,0,0,0,0,0,0,0,0,0,1266,0,0,0,1262,1263,1264,1262,1263,1264,1262,1263,1264,1262,1263,1264,1262,1263,1264,1262,1263,1264,1262,1263,1264,37,38,39,40,41,42,47,45,46,44,48,49,50,51,52,53,43,565,567,583,584,583,0,0,1194,0,0,1315,1317,1318,1321,1322,1537,1538,1539,1540,1541,1542,1543,1544,1545,1546,1547,1548,1549,1550,1551,1552,1553,1554,1555,1556,1557,1558,1559,1560,1894,1941,2051,2052,2053,2102,2171,2503,3166,3167,3168,3169,3170,3171,3185,3186,3187,1261,,,,,,,,,,,,,,,,,,,,,,,,,,,,,,,,,,,,,,,,,,,,,,,,,,,,,,,,,1256,1255,1256
122,Arbordon,1280,1280,1276,0,0,0,0,0,1275,1273,0,0,0,1275,1275,1275,1277,1278,1279,0,0,0,0,0,0,0,0,0,1281,0,0,0,1277,1278,1279,1277,1278,1279,1277,1278,1279,1277,1278,1279,1277,1278,1279,1277,1278,1279,1277,1278,1279,37,38,39,40,41,42,47,45,46,44,48,49,50,51,52,53,43,565,567,583,584,583,0,0,1194,0,0,1315,1317,1318,1321,1322,1537,1538,1539,1540,1541,1542,1543,1544,1545,1546,1547,1548,1549,1550,1551,1552,1553,1554,1555,1556,1557,1558,1559,1560,1894,1941,2051,2052,2053,2102,2171,2503,3166,3167,3168,3169,3170,3171,3185,3186,3187,1276,,,,,,,,,,,,,,,,,,,,,,,,,,,,,,,,,,,,,,,,,,,,,,,,,,,,,,,,,1271,1270,1271
123,Anglich,1298,1298,1296,0,0,0,0,0,1297,1301,0,0,0,1297,1297,1297,1302,1303,1304,0,0,0,0,0,0,0,0,0,0,0,0,0,1302,1303,1304,1302,1303,1304,1302,1303,1304,1302,1303,1304,1302,1303,1304,1302,1303,1304,1302,1303,1304,37,38,39,40,41,42,47,45,46,44,48,49,50,51,52,53,43,565,567,583,584,583,0,0,1194,0,0,1315,1317,1318,1321,1322,1537,1538,1539,1540,1541,1542,1543,1544,1545,1546,1547,1548,1549,1550,1551,1552,1553,1554,1555,1556,1557,1558,1559,1560,1894,1941,2051,2052,2053,2102,2171,2503,3166,3167,3168,3169,3170,3171,3185,3186,3187,1296,,,,,,,,,,,,,,,,,,,,,,,,,,,,,,,,,,,,,,,,,,,,,,,,,,,,,,,,,1295,1295,1295
124,2 Headed Dragon,1305,1305,1306,0,0,0,0,0,1307,1311,0,0,0,1307,1307,1307,1312,1313,1314,0,0,0,0,0,0,0,0,0,0,0,0,0,1312,1313,1314,1312,1313,1314,1312,1313,1314,1312,1313,1314,1312,1313,1314,1312,1313,1314,1312,1313,1314,37,38,39,40,41,42,47,45,46,44,48,49,50,51,52,53,43,565,567,583,584,583,0,0,1194,0,0,1315,1317,1318,1321,1322,1537,1538,1539,1540,1541,1542,1543,1544,1545,1546,1547,1548,1549,1550,1551,1552,1553,1554,1555,1556,1557,1558,1559,1560,1894,1941,2051,2052,2053,2102,2171,2503,3166,3167,3168,3169,3170,3171,3185,3186,3187,1306,,,,,,,,,,,,,,,,,,,,,,,,,,,,,,,,,,,,,,,,,,,,,,,,,,,,,,,,,0,0,0
125,Ogress,1356,1356,1357,0,0,0,0,0,1358,1363,0,0,0,1358,1358,1358,1364,1365,1366,0,0,0,0,0,0,0,0,0,0,0,0,0,1364,1365,1366,1364,1365,1366,1364,1365,1366,1364,1365,1366,1364,1365,1366,1364,1365,1366,1364,1365,1366,37,38,39,40,41,42,47,45,46,44,48,49,50,51,52,53,43,565,567,583,584,583,0,0,1194,0,0,1315,1317,1318,1321,1322,1537,1538,1539,1540,1541,1542,1543,1544,1545,1546,1547,1548,1549,1550,1551,1552,1553,1554,1555,1556,1557,1558,1559,1560,1894,1941,2051,2052,2053,2102,2171,2503,3166,3167,3168,3169,3170,3171,3185,3186,3187,1357,,,,,,,,,,,,,,,,,,,,,,,,,,,,,,,,,,,,,,,,,,,,,,,,,,,,,,,,,1361,1360,1361
126,Root Monster,0,0,0,0,0,0,0,0,1367,1371,0,0,0,1367,1367,1367,0,0,0,0,0,0,0,0,0,0,0,0,1367,0,0,0,0,0,0,0,0,0,0,0,0,0,0,0,0,0,0,0,0,0,0,0,0,37,38,39,40,41,42,47,45,46,44,48,49,50,51,52,53,43,565,567,583,584,583,0,0,1194,0,0,1315,1317,1318,1321,1322,1537,1538,1539,1540,1541,1542,1543,1544,1545,1546,1547,1548,1549,1550,1551,1552,1553,1554,1555,1556,1557,1558,1559,1560,1894,1941,2051,2052,2053,2102,2171,2503,3166,3167,3168,3169,3170,3171,3185,3186,3187,0,,,,,,,,,,,,,,,,,,,,,,,,,,,,,,,,,,,,,,,,,,,,,,,,,,,,,,,,,1369,1369,1369
127,Hydra,1373,1373,1373,0,0,0,0,0,1373,1378,0,0,0,1373,1373,1373,0,0,0,0,0,0,0,0,0,0,0,0,1373,0,0,0,0,0,0,0,0,0,0,0,0,0,0,0,0,0,0,0,0,0,0,0,0,37,38,39,40,41,42,47,45,46,44,48,49,50,51,52,53,43,565,567,583,584,583,0,0,1194,0,0,1315,1317,1318,1321,1322,1537,1538,1539,1540,1541,1542,1543,1544,1545,1546,1547,1548,1549,1550,1551,1552,1553,1554,1555,1556,1557,1558,1559,1560,1894,1941,2051,2052,2053,2102,2171,2503,3166,3167,3168,3169,3170,3171,3185,3186,3187,1373,,,,,,,,,,,,,,,,,,,,,,,,,,,,,,,,,,,,,,,,,,,,,,,,,,,,,,,,,0,0,0
128,Drakoran,1390,1390,1388,0,0,0,0,0,1389,1393,0,0,0,1389,1389,1389,1394,1395,1396,0,0,0,0,0,0,0,0,0,1400,0,0,0,1394,1395,1396,1394,1395,1396,1394,1395,1396,1394,1395,1396,1394,1395,1396,1394,1395,1396,1394,1395,1396,37,38,39,40,41,42,47,45,46,44,48,49,50,51,52,53,43,565,567,583,584,583,0,0,1194,0,0,1315,1317,1318,1321,1322,1537,1538,1539,1540,1541,1542,1543,1544,1545,1546,1547,1548,1549,1550,1551,1552,1553,1554,1555,1556,1557,1558,1559,1560,1894,1941,2051,2052,2053,2102,2171,2503,3166,3167,3168,3169,3170,3171,3185,3186,3187,1388,,,,,,,,,,,,,,,,,,,,,,,,,,,,,,,,,,,,,,,,,,,,,,,,,,,,,,,,,1387,1387,1387
129,Dilophasaur ,1404,1404,1402,0,0,0,0,0,1403,1407,0,0,0,1403,1403,1403,1408,1409,1410,0,0,0,0,0,0,0,0,0,0,0,0,0,1408,1409,1410,1408,1409,1410,1408,1409,1410,1408,1409,1410,1408,1409,1410,1408,1409,1410,1408,1409,1410,37,38,39,40,41,42,47,45,46,44,48,49,50,51,52,53,43,565,567,583,584,583,0,0,1194,0,0,1315,1317,1318,1321,1322,1537,1538,1539,1540,1541,1542,1543,1544,1545,1546,1547,1548,1549,1550,1551,1552,1553,1554,1555,1556,1557,1558,1559,1560,1894,1941,2051,2052,2053,2102,2171,2503,3166,3167,3168,3169,3170,3171,3185,3186,3187,1402,,,,,,,,,,,,,,,,,,,,,,,,,,,,,,,,,,,,,,,,,,,,,,,,,,,,,,,,,1401,1401,1401
130,Ghost,1417,1417,1418,0,0,0,0,0,1416,1414,0,0,0,1416,1416,1416,1419,1420,1421,0,0,0,0,0,0,0,0,0,0,0,0,0,1419,1420,1421,1419,1420,1421,1419,1420,1421,1419,1420,1421,1419,1420,1421,1419,1420,1421,1419,1420,1421,37,38,39,40,41,42,47,45,46,44,48,49,50,51,52,53,43,565,567,583,584,583,0,0,1194,0,0,1315,1317,1318,1321,1322,1537,1538,1539,1540,1541,1542,1543,1544,1545,1546,1547,1548,1549,1550,1551,1552,1553,1554,1555,1556,1557,1558,1559,1560,1894,1941,2051,2052,2053,2102,2171,2503,3166,3167,3168,3169,3170,3171,3185,3186,3187,1418,,,,,,,,,,,,,,,,,,,,,,,,,,,,,,,,,,,,,,,,,,,,,,,,,,,,,,,,,1411,1411,1412
131,Sporite,1422,1422,1423,0,0,0,0,0,1424,1428,0,0,0,1424,1424,1424,1429,1430,1431,0,0,0,0,0,0,0,0,0,0,0,0,0,1429,1430,1431,1429,1430,1431,1429,1430,1431,1429,1430,1431,1429,1430,1431,1429,1430,1431,1429,1430,1431,37,38,39,40,41,42,47,45,46,44,48,49,50,51,52,53,43,565,567,583,584,583,0,0,1194,0,0,1315,1317,1318,1321,1322,1537,1538,1539,1540,1541,1542,1543,1544,1545,1546,1547,1548,1549,1550,1551,1552,1553,1554,1555,1556,1557,1558,1559,1560,1894,1941,2051,2052,2053,2102,2171,2503,3166,3167,3168,3169,3170,3171,3185,3186,3187,1423,,,,,,,,,,,,,,,,,,,,,,,,,,,,,,,,,,,,,,,,,,,,,,,,,,,,,,,,,1425,1425,1425
132,Vinemass,1432,1432,1433,0,0,0,0,0,1434,1438,0,0,0,1434,1434,1434,1439,1440,1441,0,0,0,0,0,0,0,0,0,0,0,0,0,1439,1440,1441,1439,1440,1441,1439,1440,1441,1439,1440,1441,1439,1440,1441,1439,1440,1441,1439,1440,1441,37,38,39,40,41,42,47,45,46,44,48,49,50,51,52,53,43,565,567,583,584,583,0,0,1194,0,0,1315,1317,1318,1321,1322,1537,1538,1539,1540,1541,1542,1543,1544,1545,1546,1547,1548,1549,1550,1551,1552,1553,1554,1555,1556,1557,1558,1559,1560,1894,1941,2051,2052,2053,2102,2171,2503,3166,3167,3168,3169,3170,3171,3185,3186,3187,1433,,,,,,,,,,,,,,,,,,,,,,,,,,,,,,,,,,,,,,,,,,,,,,,,,,,,,,,,,1436,1436,1436
133,Octonid,1442,1442,1443,0,0,0,0,0,1444,1448,0,0,0,1444,1444,1444,1449,1450,1451,0,0,0,0,0,0,0,0,0,0,0,0,0,1449,1450,1451,1449,1450,1451,1449,1450,1451,1449,1450,1451,1449,1450,1451,1449,1450,1451,1449,1450,1451,37,38,39,40,41,42,47,45,46,44,48,49,50,51,52,53,43,565,567,583,584,583,0,0,1194,0,0,1315,1317,1318,1321,1322,1537,1538,1539,1540,1541,1542,1543,1544,1545,1546,1547,1548,1549,1550,1551,1552,1553,1554,1555,1556,1557,1558,1559,1560,1894,1941,2051,2052,2053,2102,2171,2503,3166,3167,3168,3169,3170,3171,3185,3186,3187,1443,,,,,,,,,,,,,,,,,,,,,,,,,,,,,,,,,,,,,,,,,,,,,,,,,,,,,,,,,1446,1446,1446
134,Stilter,1452,1452,1453,0,0,0,0,0,1454,1458,0,0,0,1454,1454,1454,1459,1460,1461,0,0,0,0,0,0,0,0,0,0,0,0,0,1459,1460,1461,1459,1460,1461,1459,1460,1461,1459,1460,1461,1459,1460,1461,1459,1460,1461,1459,1460,1461,37,38,39,40,41,42,47,45,46,44,48,49,50,51,52,53,43,565,567,583,584,583,0,0,1194,0,0,1315,1317,1318,1321,1322,1537,1538,1539,1540,1541,1542,1543,1544,1545,1546,1547,1548,1549,1550,1551,1552,1553,1554,1555,1556,1557,1558,1559,1560,1894,1941,2051,2052,2053,2102,2171,2503,3166,3167,3168,3169,3170,3171,3185,3186,3187,1453,,,,,,,,,,,,,,,,,,,,,,,,,,,,,,,,,,,,,,,,,,,,,,,,,,,,,,,,,1456,1456,1456
135,Frost Giant,1462,1462,1463,0,0,0,0,0,1464,1469,0,0,0,1464,1464,1464,1470,1471,1472,0,0,0,0,0,0,0,0,0,1473,0,0,0,1470,1471,1472,1470,1471,1472,1470,1471,1472,1470,1471,1472,1470,1471,1472,1470,1471,1472,1470,1471,1472,37,38,39,40,41,42,47,45,46,44,48,49,50,51,52,53,43,565,567,583,584,583,0,0,1194,0,0,1315,1317,1318,1321,1322,1537,1538,1539,1540,1541,1542,1543,1544,1545,1546,1547,1548,1549,1550,1551,1552,1553,1554,1555,1556,1557,1558,1559,1560,1894,1941,2051,2052,2053,2102,2171,2503,3166,3167,3168,3169,3170,3171,3185,3186,3187,1463,,,,,,,,,,,,,,,,,,,,,,,,,,,,,,,,,,,,,,,,,,,,,,,,,,,,,,,,,1467,1466,1467
136,Zombie Crawling,1496,1496,1492,0,0,0,0,0,1491,1489,0,0,0,1491,1491,1491,1493,1494,1495,0,0,0,0,0,0,0,0,0,0,0,0,0,1493,1494,1495,1493,1494,1495,1493,1494,1495,1493,1494,1495,1493,1494,1495,1493,1494,1495,1493,1494,1495,37,38,39,40,41,42,47,45,46,44,48,49,50,51,52,53,43,565,567,583,584,583,0,0,1194,0,0,1315,1317,1318,1321,1322,1537,1538,1539,1540,1541,1542,1543,1544,1545,1546,1547,1548,1549,1550,1551,1552,1553,1554,1555,1556,1557,1558,1559,1560,1894,1941,2051,2052,2053,2102,2171,2503,3166,3167,3168,3169,3170,3171,3185,3186,3187,1492,,,,,,,,,,,,,,,,,,,,,,,,,,,,,,,,,,,,,,,,,,,,,,,,,,,,,,,,,1487,1486,1487
137,Thrawn Ogre,941,1356,937,0,0,0,0,0,1477,1363,0,0,0,1477,1477,1477,1364,1365,1366,0,0,0,0,0,0,0,0,0,1501,0,0,0,1364,1365,1366,1364,1365,1366,1364,1365,1366,1364,1365,1366,1364,1365,1366,1364,1365,1366,1364,1365,1366,37,38,39,40,41,42,47,45,46,44,48,49,50,51,52,53,43,565,567,583,584,583,0,0,1194,0,0,1315,1317,1318,1321,1322,1537,1538,1539,1540,1541,1542,1543,1544,1545,1546,1547,1548,1549,1550,1551,1552,1553,1554,1555,1556,1557,1558,1559,1560,1894,1941,2051,2052,2053,2102,2171,2503,3166,3167,3168,3169,3170,3171,3185,3186,3187,937,,,,,,,,,,,,,,,,,,,,,,,,,,,,,,,,,,,,,,,,,,,,,,,,,,,,,,,,,93,94,95
138,Fengundar,1509,1509,1508,0,0,0,0,0,1507,1505,0,0,0,1507,1507,1507,0,0,0,0,0,0,0,0,0,0,0,0,1534,0,0,0,0,0,0,0,0,0,0,0,0,0,0,0,0,0,0,0,0,0,0,0,0,37,38,39,40,41,42,47,45,46,44,48,49,50,51,52,53,43,565,567,583,584,583,0,0,1194,0,0,1315,1317,1318,1321,1322,1537,1538,1539,1540,1541,1542,1543,1544,1545,1546,1547,1548,1549,1550,1551,1552,1553,1554,1555,1556,1557,1558,1559,1560,1894,1941,2051,2052,2053,2102,2171,2503,3166,3167,3168,3169,3170,3171,3185,3186,3187,1508,,,,,,,,,,,,,,,,,,,,,,,,,,,,,,,,,,,,,,,,,,,,,,,,,,,,,,,,,1503,1502,1503
139,Beckoner,1510,1510,1511,0,0,0,0,0,1512,1505,0,0,0,1512,1512,1512,0,0,0,0,0,0,0,0,0,0,0,0,0,0,0,0,0,0,0,0,0,0,0,0,0,0,0,0,0,0,0,0,0,0,0,0,0,37,38,39,40,41,42,47,45,46,44,48,49,50,51,52,53,43,565,567,583,584,583,0,0,1194,0,0,1315,1317,1318,1321,1322,1537,1538,1539,1540,1541,1542,1543,1544,1545,1546,1547,1548,1549,1550,1551,1552,1553,1554,1555,1556,1557,1558,1559,1560,1894,1941,2051,2052,2053,2102,2171,2503,3166,3167,3168,3169,3170,3171,3185,3186,3187,1511,,,,,,,,,,,,,,,,,,,,,,,,,,,,,,,,,,,,,,,,,,,,,,,,,,,,,,,,,1513,1513,1513
140,Griffman,994,994,1514,0,0,0,0,0,987,985,0,0,0,987,988,987,990,991,992,0,0,0,0,0,0,0,0,0,993,0,0,0,990,991,992,990,991,992,990,991,992,990,991,992,990,991,992,990,991,992,990,991,992,37,38,39,40,41,42,47,45,46,44,48,49,50,51,52,53,43,565,567,583,584,583,0,0,1194,0,0,1315,1317,1318,1321,1322,1537,1538,1539,1540,1541,1542,1543,1544,1545,1546,1547,1548,1549,1550,1551,1552,1553,1554,1555,1556,1557,1558,1559,1560,1894,1941,2051,2052,2053,2102,2171,2503,3166,3167,3168,3169,3170,3171,3185,3186,3187,1514,,,,,,,,,,,,,,,,,,,,,,,,,,,,,,,,,,,,,,,,,,,,,,,,,,,,,,,,,983,983,983
141,Grazer,1522,1522,1520,0,0,0,0,0,1519,1517,0,0,0,1519,1519,1519,0,0,0,0,0,0,0,0,0,0,0,0,1521,0,0,0,0,0,0,0,0,0,0,0,0,0,0,0,0,0,0,0,0,0,0,0,0,37,38,39,40,41,42,47,45,46,44,48,49,50,51,52,53,43,565,567,583,584,583,0,0,1194,0,0,1315,1317,1318,1321,1322,1537,1538,1539,1540,1541,1542,1543,1544,1545,1546,1547,1548,1549,1550,1551,1552,1553,1554,1555,1556,1557,1558,1559,1560,1894,1941,2051,2052,2053,2102,2171,2503,3166,3167,3168,3169,3170,3171,3185,3186,3187,1520,,,,,,,,,,,,,,,,,,,,,,,,,,,,,,,,,,,,,,,,,,,,,,,,,,,,,,,,,1515,1515,1515
142,Ice Queen,1533,1533,1529,0,0,0,0,0,1528,1526,0,0,0,1528,1528,1528,1530,1531,1532,0,0,0,0,0,0,0,0,0,0,0,0,0,1530,1531,1532,1530,1531,1532,1530,1531,1532,1530,1531,1532,1530,1531,1532,1530,1531,1532,1530,1531,1532,37,38,39,40,41,42,47,45,46,44,48,49,50,51,52,53,43,565,567,583,584,583,0,0,1194,0,0,1315,1317,1318,1321,1322,1537,1538,1539,1540,1541,1542,1543,1544,1545,1546,1547,1548,1549,1550,1551,1552,1553,1554,1555,1556,1557,1558,1559,1560,1894,1941,2051,2052,2053,2102,2171,2503,3166,3167,3168,3169,3170,3171,3185,3186,3187,1529,,,,,,,,,,,,,,,,,,,,,,,,,,,,,,,,,,,,,,,,,,,,,,,,,,,,,,,,,1524,1523,1524
143,Red Cap (No WEAP),1066,1066,1065,0,0,0,0,0,1062,788,0,0,0,1062,1063,1064,794,795,796,0,0,0,0,0,0,0,0,0,0,0,0,0,794,795,796,794,795,796,794,795,796,794,795,796,794,795,796,794,795,796,794,795,796,37,38,39,40,41,42,47,45,46,44,48,49,50,51,52,53,43,565,567,583,584,583,0,0,1194,0,0,1315,1317,1318,1321,1322,1537,1538,1539,1540,1541,1542,1543,1544,1545,1546,1547,1548,1549,1550,1551,1552,1553,1554,1555,1556,1557,1558,1559,1560,1894,1941,2051,2052,2053,2102,2171,2503,3166,3167,3168,3169,3170,3171,3185,3186,3187,1065,,,,,,,,,,,,,,,,,,,,,,,,,,,,,,,,,,,,,,,,,,,,,,,,,,,,,,,,,783,782,783
144,Animist Giant,1280,1280,1276,0,0,0,0,0,1275,1273,0,0,0,1275,1275,1275,1277,1278,1279,0,0,0,0,0,0,0,0,0,1281,0,0,0,1277,1278,1279,1277,1278,1279,1277,1278,1279,1277,1278,1279,1277,1278,1279,1277,1278,1279,1277,1278,1279,37,38,39,40,41,42,47,45,46,44,48,49,50,51,52,53,43,565,567,583,584,583,0,0,1194,0,0,1315,1317,1318,1321,1322,1537,1538,1539,1540,1541,1542,1543,1544,1545,1546,1547,1548,1549,1550,1551,1552,1553,1554,1555,1556,1557,1558,1559,1560,1894,1941,2051,2052,2053,2102,2171,2503,3166,3167,3168,3169,3170,3171,3185,3186,3187,1276,,,,,,,,,,,,,,,,,,,,,,,,,,,,,,,,,,,,,,,,,,,,,,,,,,,,,,,,,1271,1270,1271
145,Armored Skeleton,96,96,381,336,337,340,36,340,329,224,539,333,334,329,329,329,1073,1074,1075,344,345,346,217,218,219,220,221,222,338,474,475,476,1073,1074,1075,1073,1074,1075,1073,1074,1075,1073,1074,1075,1073,1074,1075,1073,1074,1075,1073,1074,1075,37,38,39,40,41,42,47,45,46,44,48,49,50,51,52,53,43,565,567,583,584,583,0,0,1194,0,0,1315,1317,1318,1321,1322,1537,1538,1539,1540,1541,1542,1543,1544,1545,1546,1547,1548,1549,1550,1551,1552,1553,1554,1555,1556,1557,1558,1559,1560,1894,1941,2051,2052,2053,2102,2171,2503,3166,3167,3168,3169,3170,3171,3185,3186,3187,381,,,,,,,,,,,,,,,,,,,,,,,,,,,,,,,,,,,,,,,,,,,,,,,,,,,,,,,,,379,384,378
146,Treant,929,929,930,0,0,0,0,0,925,924,0,0,0,925,925,925,926,927,928,0,0,0,0,0,0,0,0,0,0,0,0,0,0,0,0,0,0,0,0,0,0,0,0,0,0,0,0,0,0,0,0,0,0,37,38,39,40,41,42,47,45,46,44,48,49,50,51,52,53,43,565,567,583,584,583,0,0,1194,0,0,1315,1317,1318,1321,1322,1537,1538,1539,1540,1541,1542,1543,1544,1545,1546,1547,1548,1549,1550,1551,1552,1553,1554,1555,1556,1557,1558,1559,1560,1894,1941,2051,2052,2053,2102,2171,2503,3166,3167,3168,3169,3170,3171,3185,3186,3187,930,,,,,,,,,,,,,,,,,,,,,,,,,,,,,,,,,,,,,,,,,,,,,,,,,,,,,,,,,922,921,922
147, Old Man,1566,332,381,336,337,340,36,340,1563,386,539,333,334,1563,1563,1563,511,520,389,344,345,346,217,218,219,220,221,222,338,474,475,476,511,520,523,511,520,526,511,520,527,511,520,525,512,521,524,512,521,528,511,520,536,37,38,39,40,41,42,47,45,46,44,48,49,50,51,52,53,43,565,567,583,584,583,0,952,1194,0,0,1315,1317,1318,1321,1322,1537,1538,1539,1540,1541,1542,1543,1544,1545,1546,1547,1548,1549,1550,1551,1552,1553,1554,1555,1556,1557,1558,1559,1560,1894,1941,2051,2052,2053,2102,2171,2503,3166,3167,3168,3169,3170,3171,3185,3186,3187,381,,,,,,,,,,,,,,,,,,,,,,,,,,,,,,,,,,,,,,,,,,,,,,,,,,,,,,,,,93,94,95
148,Old Woman,1565,332,351,352,353,340,36,340,1564,386,539,333,334,1564,1564,1564,511,520,389,341,342,343,217,218,219,220,221,222,338,474,475,476,511,520,523,511,520,526,511,520,527,511,520,525,512,521,524,512,521,528,511,520,536,37,38,39,40,41,42,47,45,46,44,48,49,50,51,52,53,43,565,567,583,584,583,0,952,1194,0,0,1315,1317,1318,1321,1322,1537,1538,1539,1540,1541,1542,1543,1544,1545,1546,1547,1548,1549,1550,1551,1552,1553,1554,1555,1556,1557,1558,1559,1560,1894,1941,2051,2052,2053,2102,2171,2503,3166,3167,3168,3169,3170,3171,3185,3186,3187,351,,,,,,,,,,,,,,,,,,,,,,,,,,,,,,,,,,,,,,,,,,,,,,,,,,,,,,,,,93,94,95
149,Barracuda,1573,1573,1572,0,0,0,0,0,1571,1569,0,0,0,1571,1571,1571,0,0,0,0,0,0,0,0,0,0,0,0,0,0,0,0,0,0,0,0,0,0,0,0,0,0,0,0,0,0,0,0,0,0,0,0,0,0,0,0,0,0,0,0,0,0,0,0,0,0,0,0,0,0,0,0,0,0,0,0,0,0,0,0,0,0,0,0,0,0,0,0,0,0,0,0,0,0,0,0,0,0,0,0,0,0,0,0,0,0,0,0,0,0,1941,2051,2052,2053,2102,2171,2503,3166,3167,3168,3169,3170,3171,3185,3186,3187,1572,,,,,,,,,,,,,,,,,,,,,,,,,,,,,,,,,,,,,,,,,,,,,,,,,,,,,,,,,0,0,0
150,Dread Shark,1580,1580,1579,0,0,0,0,0,1578,1576,0,0,0,1578,1578,1578,0,0,0,0,0,0,0,0,0,0,0,0,0,0,0,0,0,0,0,0,0,0,0,0,0,0,0,0,0,0,0,0,0,0,0,0,0,0,0,0,0,0,0,0,0,0,0,0,0,0,0,0,0,0,0,0,0,0,0,0,0,0,0,0,0,0,0,0,0,0,0,0,0,0,0,0,0,0,0,0,0,0,0,0,0,0,0,0,0,0,0,0,0,0,1941,2051,2052,2053,2102,2171,2503,3166,3167,3168,3169,3170,3171,3185,3186,3187,1579,,,,,,,,,,,,,,,,,,,,,,,,,,,,,,,,,,,,,,,,,,,,,,,,,,,,,,,,,0,0,0
151,Octopussy,1587,1587,1586,0,0,0,0,0,1585,1584,0,0,0,1585,1585,1585,0,0,0,0,0,0,0,0,0,0,0,0,0,0,0,0,0,0,0,0,0,0,0,0,0,0,0,0,0,0,0,0,0,0,0,0,0,0,0,0,0,0,0,0,0,0,0,0,0,0,0,0,0,0,0,0,0,0,0,0,0,0,0,0,0,0,0,0,0,0,0,0,0,0,0,0,0,0,0,0,0,0,0,0,0,0,0,0,0,0,0,0,0,0,1941,2051,2052,2053,2102,2171,2503,3166,3167,3168,3169,3170,3171,3185,3186,3187,1586,,,,,,,,,,,,,,,,,,,,,,,,,,,,,,,,,,,,,,,,,,,,,,,,,,,,,,,,,0,0,0
152,Shark,1592,1592,1594,0,0,0,0,0,1591,1589,0,0,0,1591,1591,1591,1591,1591,1591,1591,1591,1591,1591,1591,1591,1591,1591,1591,1849,1591,1591,1591,1591,1591,1591,1591,1591,1591,1591,1591,1591,1591,1591,1591,1591,1591,1591,1591,1591,1591,1591,1591,1591,1591,1591,1591,1591,1591,1591,1591,1591,1591,1591,1591,1591,1591,1591,1591,1591,1591,1591,1591,1591,1591,1591,1591,1591,1591,1591,1591,1591,1591,1591,1591,1591,1591,1591,1591,1591,1591,1591,1591,1591,1591,1591,1591,1591,1591,1591,1591,1591,1591,1591,1591,1591,1591,1591,1591,1591,1591,1591,1591,1591,1591,1591,1591,1591,1591,1591,1591,1591,1591,1591,1591,1591,1591,1591,,,,,,,,,,,,,,,,,,,,,,,,,,,,,,,,,,,,,,,,,,,,,,,,,,,,,,,,,1595,1593,1595
153,Hammerhead,1603,1603,1855,0,0,0,0,0,1601,1599,0,0,0,1601,1601,1601,0,0,0,0,0,0,0,0,0,0,0,0,0,0,0,0,0,0,0,0,0,0,0,0,0,0,0,0,0,0,0,0,0,0,0,0,0,0,0,0,0,0,0,0,0,0,0,0,0,0,0,0,0,0,0,0,0,0,0,0,0,0,0,0,0,0,0,0,0,0,0,0,0,0,0,0,0,0,0,0,0,0,0,0,0,0,0,0,0,0,0,0,0,0,1941,2051,2052,2053,2102,2171,2503,3166,3167,3168,3169,3170,3171,3185,3186,3187,1855,,,,,,,,,,,,,,,,,,,,,,,,,,,,,,,,,,,,,,,,,,,,,,,,,,,,,,,,,0,0,0
154,Cetus,1689,1689,1688,0,0,0,0,0,1687,1685,0,0,0,1687,1687,1687,0,0,0,0,0,0,0,0,0,0,0,0,0,0,0,0,0,0,0,0,0,0,0,0,0,0,0,0,0,0,0,0,0,0,0,0,0,0,0,0,0,0,0,0,0,0,0,0,0,0,0,0,0,0,0,0,0,0,0,0,0,0,0,0,0,0,0,0,0,0,0,0,0,0,0,0,0,0,0,0,0,0,0,0,0,0,0,0,0,0,0,0,0,0,1941,2051,2052,2053,2102,2171,2503,3166,3167,3168,3169,3170,3171,3185,3186,3187,1688,,,,,,,,,,,,,,,,,,,,,,,,,,,,,,,,,,,,,,,,,,,,,,,,,,,,,,,,,0,0,0
155,Stingray,1775,1775,1776,0,0,0,0,0,1777,1779,0,0,0,1777,1777,1777,0,0,0,0,0,0,0,0,0,0,0,0,0,0,0,0,0,0,0,0,0,0,0,0,0,0,0,0,0,0,0,0,0,0,0,0,0,0,0,0,0,0,0,0,0,0,0,0,0,0,0,0,0,0,0,0,0,0,0,0,0,0,0,0,0,0,0,0,0,0,0,0,0,0,0,0,0,0,0,0,0,0,0,0,0,0,0,0,0,0,0,0,0,0,1941,2051,2052,2053,2102,2171,2503,3166,3167,3168,3169,3170,3171,3185,3186,3187,1776,,,,,,,,,,,,,,,,,,,,,,,,,,,,,,,,,,,,,,,,,,,,,,,,,,,,,,,,,0,0,0
156,Triton,1788,1788,1787,0,0,0,0,0,1791,1790,0,0,0,1791,1791,1791,1795,1796,1797,0,0,0,0,0,0,0,0,0,0,0,0,0,0,0,0,0,0,0,0,0,0,0,0,0,0,0,0,0,0,0,0,0,0,0,0,0,0,0,0,0,0,0,0,0,0,0,0,0,0,0,0,0,0,0,0,0,0,0,0,0,0,0,0,0,0,0,0,0,0,0,0,0,0,0,0,0,0,0,0,0,0,0,0,0,0,0,0,0,0,0,1941,2051,2052,2053,2102,2171,2503,3166,3167,3168,3169,3170,3171,3185,3186,3187,1787,,,,,,,,,,,,,,,,,,,,,,,,,,,,,,,,,,,,,,,,,,,,,,,,,,,,,,,,,1786,1784,1785
157,Nereid,1788,1788,1787,0,0,0,0,0,1791,1790,0,0,0,1791,1791,1791,1795,1796,1797,0,0,0,0,0,0,0,0,0,0,0,0,0,0,0,0,0,0,0,0,0,0,0,0,0,0,0,0,0,0,0,0,0,0,0,0,0,0,0,0,0,0,0,0,0,0,0,0,0,0,0,0,0,0,0,0,0,0,0,0,0,0,0,0,0,0,0,0,0,0,0,0,0,0,0,0,0,0,0,0,0,0,0,0,0,0,0,0,0,0,0,1941,2051,2052,2053,2102,2171,2503,3166,3167,3168,3169,3170,3171,3185,3186,3187,1787,,,,,,,,,,,,,,,,,,,,,,,,,,,,,,,,,,,,,,,,,,,,,,,,,,,,,,,,,1786,1786,1786
158,Eel,1814,1814,1813,0,0,0,0,0,1812,1810,0,0,0,1812,1812,1812,0,0,0,0,0,0,0,0,0,0,0,0,1814,0,0,0,0,0,0,0,0,0,0,0,0,0,0,0,0,0,0,0,0,0,0,0,0,0,0,0,0,0,0,0,0,0,0,0,0,0,0,0,0,0,0,0,0,0,0,0,0,0,0,0,0,0,0,0,0,0,0,0,0,0,0,0,0,0,0,0,0,0,0,0,0,0,0,0,0,0,0,0,0,0,1941,2051,2052,2053,2102,2171,2503,3166,3167,3168,3169,3170,3171,3185,3186,3187,1813,,,,,,,,,,,,,,,,,,,,,,,,,,,,,,,,,,,,,,,,,,,,,,,,,,,,,,,,,0,0,0
159,Hoplite/Amazon,1818,1818,1819,0,0,0,0,0,1817,1824,0,0,0,1817,1817,1817,1818,1818,1818,0,0,0,0,0,0,0,0,0,0,0,0,0,1818,1818,1818,1818,1818,1818,1818,1818,1818,1818,1818,1818,1818,1818,1818,1818,1818,1818,0,0,0,0,0,0,0,0,0,0,0,0,0,0,0,0,0,0,0,0,0,0,0,0,0,0,0,0,0,0,0,0,0,0,0,0,0,0,0,0,0,0,0,0,0,0,0,0,0,0,0,0,0,0,0,0,0,0,0,0,1941,2051,2052,2053,2102,2171,2503,3166,3167,3168,3169,3170,3171,3185,3186,3187,1819,,,,,,,,,,,,,,,,,,,,,,,,,,,,,,,,,,,,,,,,,,,,,,,,,,,,,,,,,1822,1823,1822
160,Hoplite/Amazon Lt,1818,1818,1819,0,0,0,0,0,1817,1824,0,0,0,1817,1817,1817,1818,1818,1818,0,0,0,0,0,0,0,0,0,0,0,0,0,1818,1818,1818,1818,1818,1818,1818,1818,1818,1818,1818,1818,1818,1818,1818,1818,1818,1818,0,0,0,0,0,0,0,0,0,0,0,0,0,0,0,0,0,0,0,0,0,0,0,0,0,0,0,0,0,0,0,0,0,0,0,0,0,0,0,0,0,0,0,0,0,0,0,0,0,0,0,0,0,0,0,0,0,0,0,0,1941,2051,2052,2053,2102,2171,2503,3166,3167,3168,3169,3170,3171,3185,3186,3187,1819,,,,,,,,,,,,,,,,,,,,,,,,,,,,,,,,,,,,,,,,,,,,,,,,,,,,,,,,,1822,1823,1822
161,Harpy,1835,1835,1836,0,0,0,0,0,1837,1841,0,0,0,1837,1837,1837,1838,1838,1839,0,0,0,0,0,0,0,0,0,0,0,0,0,1838,1838,1839,1838,1838,1839,1838,1838,1839,1838,1838,1839,1838,1838,1839,1838,1838,1839,1838,1838,1839,0,0,0,0,0,0,0,0,0,0,0,0,0,0,0,0,0,0,0,0,0,0,0,0,0,0,0,0,0,0,0,0,0,0,0,0,0,0,0,0,0,0,0,0,0,0,0,0,0,0,0,0,0,0,0,0,0,1941,2051,2052,2053,2102,2171,2503,3166,3167,3168,3169,3170,3171,3185,3186,3187,1836,,,,,,,,,,,,,,,,,,,,,,,,,,,,,,,,,,,,,,,,,,,,,,,,,,,,,,,,,0,0,0
162,Fishies,1843,1843,1844,0,0,0,0,0,1842,0,0,0,0,1842,1842,1842,0,0,0,0,0,0,0,0,0,0,0,0,0,0,0,0,0,0,0,0,0,0,0,0,0,0,0,0,0,0,0,0,0,0,0,0,0,0,0,0,0,0,0,0,0,0,0,0,0,0,0,0,0,0,0,0,0,0,0,0,0,0,0,0,0,0,0,0,0,0,0,0,0,0,0,0,0,0,0,0,0,0,0,0,0,0,0,0,0,0,0,0,0,0,1941,2051,2052,2053,2102,2171,2503,3166,3167,3168,3169,3170,3171,3185,3186,3187,1844,,,,,,,,,,,,,,,,,,,,,,,,,,,,,,,,,,,,,,,,,,,,,,,,,,,,,,,,,0,0,0
163,Atlantis Crab,554,554,553,0,0,0,0,0,552,550,0,0,0,552,552,552,0,0,0,0,0,0,0,0,0,0,0,0,552,0,0,0,125,125,125,125,125,125,125,125,125,125,125,125,125,125,125,125,125,125,125,125,125,0,0,0,0,0,0,0,0,0,0,0,0,0,0,0,0,0,0,0,0,0,0,0,0,0,0,0,0,0,0,0,0,0,0,0,0,0,0,0,0,0,0,0,0,0,0,0,0,0,0,0,0,0,0,0,0,0,1941,2051,2052,2053,2102,2171,2503,3166,3167,3168,3169,3170,3171,3185,3186,3187,553,,,,,,,,,,,,,,,,,,,,,,,,,,,,,,,,,,,,,,,,,,,,,,,,,,,,,,,,,548,548,548
164,Half Ogre Male,1850,1850,366,0,0,340,36,0,1852,386,539,333,334,1852,1852,1852,511,520,389,344,345,346,217,218,219,220,221,222,338,474,475,476,511,520,523,511,520,526,511,520,527,511,520,525,512,521,524,512,521,528,511,520,536,37,38,39,40,41,42,47,45,46,44,48,49,50,51,52,53,43,565,567,583,584,583,0,952,1194,0,0,1315,1317,1318,1321,1322,1537,1538,1539,1540,1541,1542,1543,1544,1545,1546,1547,1548,1549,1550,1551,1552,1553,1554,1555,1556,1557,1558,1559,1560,1894,1941,2051,2052,2053,2102,2171,2503,3166,3167,3168,3169,3170,3171,3185,3186,3187,2928,3553,3558,1852,1852,1852,1852,1852,1852,1852,3557,3551,1852,3550,3559,3556,3552,3554,3555,3484,3617,3609,,,,3748,3749,3747,3866,3867,3863,3864,375,376,377,3980,3981,3982,1852,366,4092,4093,,4094,4095,4096,4097,4098,4099,4100,4101,4102,4103,4104,4105,4106,4107,93,94,95
165,Half Ogre Female,365,332,366,0,0,340,36,0,32,386,539,333,334,32,32,32,511,520,389,341,342,343,217,218,219,220,221,222,338,474,475,476,511,520,523,511,520,526,511,520,527,511,520,525,512,521,524,512,521,528,511,520,536,37,38,39,40,41,42,47,45,46,44,48,49,50,51,52,53,43,565,567,583,584,583,0,952,1194,0,0,1315,1317,1318,1321,1322,1537,1538,1539,1540,1541,1542,1543,1544,1545,1546,1547,1548,1549,1550,1551,1552,1553,1554,1555,1556,1557,1558,1559,1560,1894,1941,2051,2052,2053,2102,2171,2503,3166,3167,3168,3169,3170,3171,3185,3186,3187,2928,3553,3558,32,32,32,32,32,32,32,3557,3551,32,3550,3559,3556,3552,3554,3555,3484,3617,3609,,,,3748,3749,3747,3866,3867,3863,3864,375,376,377,3980,3981,3982,32,366,4092,4093,,4094,4095,4096,4097,4098,4099,4100,4101,4102,4103,4104,4105,4106,4107,93,94,95
166,Skele Test,529,332,530,336,337,340,36,340,531,386,539,333,334,531,531,531,1070,1071,1072,344,345,346,217,218,219,220,221,222,338,474,475,476,533,534,535,533,534,535,533,534,535,533,534,535,533,534,535,533,534,535,533,534,535,0,0,0,0,0,0,0,0,0,0,0,0,0,0,0,0,0,0,0,0,0,0,0,0,0,0,0,0,0,0,0,0,0,0,0,0,0,0,0,0,0,0,0,0,0,0,0,0,0,0,0,0,0,0,0,0,0,1941,2051,2052,2053,2102,2171,2503,3166,3167,3168,3169,3170,3171,3185,3186,3187,530,,,,,,,,,,,,,,,,,,,,,,,,,,,,,,,,,,,,,,,,,,,,,,,,,,,,,,,,,93,94,95
167,Anubite/Mau,1861,1861,1862,0,0,0,0,0,1863,1860,0,0,0,1863,1863,1863,1864,1865,1866,1863,1863,1863,1863,1863,1863,1863,1863,1863,1861,1863,1863,1863,1864,1865,1866,1864,1865,1866,1864,1865,1866,1864,1865,1866,1864,1865,1866,1864,1865,1866,1864,1865,1866,1863,1863,1863,2039,2040,1863,1863,1863,1863,1863,2042,1863,1863,2050,2048,2049,1863,1863,1863,1863,1863,1863,1863,1863,2041,1863,1863,2044,1863,1863,1863,1863,1863,1863,1863,1863,2045,1863,2046,2047,1863,1863,2043,1863,1863,1863,1863,1863,1863,1863,1863,1863,1863,1863,1863,1863,1863,1941,2051,2052,2053,2102,2171,2503,3166,3167,3168,3169,3170,3171,3185,3186,3187,1862,,,,,,,,,,,,,,,,,,,,,,,,,,,,,,,,,,,,,,,,,,,,,,,,,,,,,,,,,1858,1858,1857
168,Horian,1876,1876,1875,0,0,0,0,0,1877,1874,0,0,0,1877,1877,1877,1878,1879,1880,344,345,346,217,218,219,220,221,222,338,474,475,476,1878,1879,1880,1878,1879,1880,1878,1879,1880,1878,1879,1880,1878,1879,1880,1878,1879,1880,1878,1879,1880,1863,0,0,0,0,0,0,0,0,0,0,0,0,0,0,0,0,0,0,0,0,0,0,0,0,0,0,0,0,0,0,0,0,0,0,0,0,0,0,0,0,0,0,0,0,0,0,0,0,0,0,0,0,0,0,0,0,1941,2051,2052,2053,2102,2171,2503,3166,3167,3168,3169,3170,3171,3185,3186,3187,1875,,,,,,,,,,,,,,,,,,,,,,,,,,,,,,,,,,,,,,,,,,,,,,,,,,,,,,,,,1872,1872,1871
169,Ammut,1892,1892,1891,0,0,0,0,0,1893,1890,0,0,0,1893,1893,1893,0,0,0,0,0,0,0,0,0,0,0,0,1892,0,0,0,0,0,0,0,0,0,0,0,0,0,0,0,0,0,0,0,0,0,0,0,0,0,0,0,0,0,0,0,0,0,0,0,0,0,0,0,0,0,0,0,0,0,0,0,0,0,0,0,0,0,0,0,0,0,0,0,0,0,0,0,0,0,0,0,0,0,0,0,0,0,0,0,0,0,0,0,0,0,1941,2051,2052,2053,2102,2171,2503,3166,3167,3168,3169,3170,3171,3185,3186,3187,1891,,,,,,,,,,,,,,,,,,,,,,,,,,,,,,,,,,,,,,,,,,,,,,,,,,,,,,,,,1888,1888,1888
170,Typhon,1899,1899,1899,0,0,0,0,0,1903,1898,0,0,0,1903,1903,1903,1900,1901,1902,0,0,0,0,0,0,0,0,0,1899,0,0,0,0,0,0,0,0,0,0,0,0,0,0,0,0,0,0,0,0,0,0,0,0,0,0,0,0,0,0,0,0,0,0,0,0,0,0,0,0,0,0,0,0,0,0,0,0,0,0,0,0,0,0,0,0,0,0,0,0,0,0,0,0,0,0,0,0,0,0,0,0,0,0,0,0,0,0,0,0,0,1941,2051,2052,2053,2102,2171,2503,3166,3167,3168,3169,3170,3171,3185,3186,3187,1899,,,,,,,,,,,,,,,,,,,,,,,,,,,,,,,,,,,,,,,,,,,,,,,,,,,,,,,,,0,0,0
171,Nehebkau,1914,1914,1910,0,0,0,0,0,1909,1907,0,0,0,1909,1909,1909,1911,1912,1913,0,0,0,0,0,0,0,0,0,1914,0,0,0,0,0,0,0,0,0,0,0,0,0,0,0,0,0,0,0,0,0,0,0,0,0,0,0,0,0,0,0,0,0,0,0,0,0,0,0,0,0,0,0,0,0,0,0,0,0,0,0,0,0,0,0,0,0,0,0,0,0,0,0,0,0,0,0,0,0,0,0,0,0,0,0,0,0,0,0,0,0,1941,2051,2052,2053,2102,2171,2503,3166,3167,3168,3169,3170,3171,3185,3186,3187,1910,,,,,,,,,,,,,,,,,,,,,,,,,,,,,,,,,,,,,,,,,,,,,,,,,,,,,,,,,1904,1905,1904
172,Sobekite,1936,1924,1924,0,0,0,0,0,1923,1921,0,0,0,1923,1923,1923,1917,1918,1919,1923,1923,1923,1923,1923,1923,1923,1923,1923,1937,1923,1923,1923,1917,1918,1919,1917,1918,1919,1917,1918,1919,1917,1918,1919,1917,1918,1919,1917,1918,1919,1917,1918,1919,1923,1923,1923,1923,1923,1923,1923,1923,1923,1923,1923,1923,1923,1923,2112,1923,1923,1923,1923,1923,1923,1923,1923,1923,1923,1923,1923,1923,1923,1923,1923,1923,1923,1923,1923,1923,1923,1923,1923,1923,1923,1923,1923,1923,1923,1923,1923,1923,1923,1923,1923,1923,1923,1923,1923,1923,1923,1923,1923,1923,1923,1923,1923,1923,1917,1918,1919,1917,1918,1919,1917,1918,1919,1923,,,,,,,,,,,,,,,,,,,,,,,,,,,,,,,,375,376,377,3980,3981,3982,,,,,,,,,,,,,,,,,,,,1915,1916,1915
173,Setian,1935,1935,1931,0,0,0,0,0,1930,1928,0,0,0,1930,1930,1930,1932,1933,1934,0,0,0,0,0,0,0,0,0,1935,0,0,0,1932,1933,1934,1932,1933,1934,1932,1933,1934,1932,1933,1934,1932,1933,1934,1932,1933,1934,1932,1933,1934,0,0,0,0,0,0,0,0,0,0,0,0,0,0,0,0,0,0,0,0,0,0,0,0,0,0,0,0,0,0,0,0,0,0,0,0,0,0,0,0,0,0,0,0,0,0,0,0,0,0,0,0,0,0,0,0,0,1941,2051,2052,2053,2102,2171,2503,3166,3167,3168,3169,3170,3171,3185,3186,3187,1931,,,,,,,,,,,,,,,,,,,,,,,,,,,,,,,,,,,,,,,,,,,,,,,,,,,,,,,,,1925,1926,1925
174,Frosttalf Male,380,332,381,336,337,340,36,340,1938,386,539,333,334,1938,1938,1938,514,520,389,344,345,346,217,218,219,220,221,222,338,474,475,476,514,520,523,514,520,526,514,520,527,514,520,525,515,521,524,515,521,528,514,520,536,37,38,39,40,41,42,47,45,46,44,48,49,50,51,52,53,43,565,567,583,584,583,0,952,1194,0,0,1315,1317,1318,1321,1322,1537,1538,1539,1540,1541,1542,1543,1544,1545,1546,1547,1548,1549,1550,1551,1552,1553,1554,1555,1556,1557,1558,1559,1560,1894,1941,2051,2052,2053,2102,2171,2503,3166,3167,3168,3169,3170,3171,3185,3186,3187,2928,3553,3558,1938,1938,1938,1938,1938,1938,1938,3557,3551,1938,3550,3559,3556,3552,3554,3555,3484,3617,3609,,,,3748,3749,3747,3866,3867,3863,3864,375,376,377,3980,3981,3982,1938,4032,4092,4093,,4094,4095,4096,4097,4098,4099,4100,4101,4102,4103,4104,4105,4106,4107,93,94,95
175,Frostalf Female,1939,332,1940,352,353,340,36,340,1938,386,539,333,334,1938,1938,1938,514,520,389,28,1552,1553,217,218,219,220,221,222,338,474,475,476,514,520,523,514,520,526,514,520,527,514,520,525,515,521,524,515,521,528,514,520,536,37,38,39,40,41,42,47,45,46,44,48,49,50,51,52,53,43,565,567,583,584,583,0,952,1194,0,0,1315,1317,1318,1321,1322,1537,1538,1539,1540,1541,1542,1543,1544,1545,1546,1547,1548,1549,1550,1551,1552,1553,1554,1555,1556,1557,1558,1559,1560,1894,1941,2051,2052,2053,2102,2171,2503,3166,3167,3168,3169,3170,3171,3185,3186,3187,2928,3553,3558,1938,1938,1938,1938,1938,1938,1938,3557,3551,1938,3550,3559,3556,3552,3554,3555,3484,3617,3609,,,,3748,3749,3747,3866,3867,3863,3864,375,376,377,3980,3981,3982,1938,4038,4092,4093,,4094,4095,4096,4097,4098,4099,4100,4101,4102,4103,4104,4105,4106,4107,93,94,95
176,Sphinx,1943,1943,1944,0,0,0,0,0,1945,1950,0,0,0,1945,1945,1945,0,0,0,0,0,0,0,0,0,0,0,0,2224,0,0,0,0,0,0,0,0,0,0,0,0,0,0,0,0,0,0,0,0,0,0,0,0,0,0,0,0,0,0,0,0,0,0,0,0,0,0,0,0,0,0,0,0,0,0,0,0,0,0,0,0,0,0,0,0,0,0,0,0,0,0,0,0,0,0,0,0,0,0,0,0,0,0,0,0,0,0,0,0,0,0,2051,2052,2053,2102,2171,2503,3166,3167,3168,3169,3170,3171,3185,3186,3187,1944,,,,,,,,,,,,,,,,,,,,,,,,,,,,,,,,,,,,,,,,,,,,,,,,,,,,,,,,,1948,1947,1948
177,Gyno Sphinx,1951,1951,1958,0,0,0,0,0,1952,1957,0,0,0,1952,1952,1952,0,0,0,0,0,0,0,0,0,0,0,0,2225,0,0,0,0,0,0,0,0,0,0,0,0,0,0,0,0,0,0,0,0,0,0,0,0,0,0,0,0,0,0,0,0,0,0,0,0,0,0,0,0,0,0,0,0,0,0,0,0,0,0,0,0,0,0,0,0,0,0,0,0,0,0,0,0,0,0,0,0,0,0,0,0,0,0,0,0,0,0,0,0,0,0,2051,2052,2053,2102,2171,2503,3166,3167,3168,3169,3170,3171,3185,3186,3187,1958,,,,,,,,,,,,,,,,,,,,,,,,,,,,,,,,,,,,,,,,,,,,,,,,,,,,,,,,,1955,1954,1955
178,Chimera,1960,1960,1960,0,0,0,0,0,1959,1964,0,0,0,1959,1959,1959,0,0,0,0,0,0,0,0,0,0,0,0,0,0,0,0,0,0,0,0,0,0,0,0,0,0,0,0,0,0,0,0,0,0,0,0,0,0,0,0,0,0,0,0,0,0,0,0,0,0,0,0,0,0,0,0,0,0,0,0,0,0,0,0,0,0,0,0,0,0,0,0,0,0,0,0,0,0,0,0,0,0,0,0,0,0,0,0,0,0,0,0,0,0,0,2051,2052,2053,2102,2171,2503,3166,3167,3168,3169,3170,3171,3185,3186,3187,1960,,,,,,,,,,,,,,,,,,,,,,,,,,,,,,,,,,,,,,,,,,,,,,,,,,,,,,,,,1962,1962,1962
179,Talos,1966,1966,1966,0,0,0,0,0,1967,1971,0,0,0,1967,1967,1967,1972,1973,1974,0,0,0,0,0,0,0,0,0,0,0,0,0,1972,1973,1974,1972,1973,1974,1972,1973,1974,1972,1973,1974,1972,1973,1974,1972,1973,1974,1972,1973,1974,0,0,0,0,0,0,0,0,0,0,0,0,0,0,0,0,0,0,0,0,0,0,0,0,0,0,0,0,0,0,0,0,0,0,0,0,0,0,0,0,0,0,0,0,0,0,0,0,0,0,0,0,0,0,0,0,0,0,2051,2052,2053,2102,2171,2503,3166,3167,3168,3169,3170,3171,3185,3186,3187,1966,,,,,,,,,,,,,,,,,,,,,,,,,,,,,,,,,,,,,,,,,,,,,,,,,,,,,,,,,2210,2210,2210
180,Gorgon,1975,1975,1975,0,0,0,0,0,1976,1980,0,0,0,1976,1976,1976,1982,1983,1984,0,0,0,0,0,0,0,0,0,0,0,0,0,1982,1983,1984,1982,1983,1984,1982,1983,1984,1982,1983,1984,1982,1983,1984,1982,1983,1984,1982,1983,1984,2162,0,0,0,0,0,0,0,0,0,0,2115,0,0,0,0,0,0,0,0,0,0,0,0,0,0,0,0,0,0,2114,0,0,0,0,0,0,0,0,0,0,0,0,0,0,0,0,0,0,0,0,0,0,0,0,0,0,0,2051,2052,2053,2102,2171,2503,3166,3167,3168,3169,3170,3171,3185,3186,3187,1975,,,,,,,,,,,,,,,,,,,,,,,,,,,,,,,,,,,,,,,,,,,,,,,,,,,,,,,,,1979,1978,1979
181,Medusa,1985,1985,1985,0,0,0,0,0,1986,1990,0,0,0,1986,1986,1986,1992,1993,1994,0,0,0,0,0,0,0,0,0,0,0,0,0,1992,1993,1994,1992,1993,1994,1992,1993,1994,1992,1993,1994,1992,1993,1994,1992,1993,1994,1992,1993,1994,2161,0,0,0,0,0,0,0,0,0,0,0,0,0,0,0,0,0,0,0,0,0,0,0,0,0,0,0,0,0,0,0,0,0,0,0,0,0,0,0,0,0,0,0,0,0,0,0,0,0,0,0,0,0,0,0,0,0,2051,2052,2053,2102,2171,2503,3166,3167,3168,3169,3170,3171,3185,3186,3187,1985,,,,,,,,,,,,,,,,,,,,,,,,,,,,,,,,,,,,,,,,,,,,,,,,,,,,,,,,,1988,1989,1988
182,Minotaur,1996,1996,1995,0,0,0,0,0,2001,2003,0,0,0,2001,2001,2001,1999,1998,1997,0,0,0,0,0,0,0,0,0,0,0,0,0,1999,1998,1997,1999,1998,1997,1999,1998,1997,1999,1998,1997,1999,1998,1997,1999,1998,1997,1999,1998,1997,2160,0,0,0,0,0,0,0,0,0,0,2159,0,0,2157,0,0,0,0,0,0,0,0,0,0,0,0,0,0,0,2158,0,0,0,0,0,0,0,0,0,0,0,0,0,0,0,0,0,0,0,0,0,0,0,0,0,0,0,2051,2052,2053,2102,2171,2503,3166,3167,3168,3169,3170,3171,3185,3186,3187,1995,,,,,,,,,,,,,,,,,,,,,,,,,,,,,,,,,,,,,,,,,,,,,,,,,,,,,,,,,2009,2008,2009
183,Stygia Lion,2010,2010,2011,0,0,0,0,0,2012,2014,0,0,0,2012,2012,2012,2015,2015,2015,0,0,0,0,0,0,0,0,0,0,0,0,0,2015,2015,2015,2015,2015,2015,2015,2015,2015,2015,2015,2015,2015,2015,2015,2015,2015,2015,0,0,0,0,0,0,0,0,0,0,0,0,0,0,0,0,0,0,0,0,0,0,0,0,0,0,0,0,0,0,0,0,0,0,0,0,0,0,0,0,0,0,0,0,0,0,0,0,0,0,0,0,0,0,0,0,0,0,0,0,0,2051,2052,2053,2102,2171,2503,3166,3167,3168,3169,3170,3171,3185,3186,3187,2011,,,,,,,,,,,,,,,,,,,,,,,,,,,,,,,,,,,,,,,,,,,,,,,,,,,,,,,,,2016,2016,2016
184,Djinn,2030,2030,2026,0,0,0,0,0,2025,2023,0,0,0,2025,2025,2025,2027,2028,2029,0,0,0,0,0,0,0,0,0,0,0,0,0,2027,2028,2029,2027,2028,2029,2027,2028,2029,2027,2028,2029,2027,2028,2029,2027,2028,2029,2027,2028,2029,2163,0,0,0,0,0,0,0,0,0,0,0,0,0,0,0,0,0,0,0,0,0,0,0,0,0,0,0,0,0,0,0,0,0,0,0,0,0,0,0,0,0,0,0,0,0,0,0,0,0,0,0,0,0,0,0,0,0,2051,2052,2053,2102,2171,2503,3166,3167,3168,3169,3170,3171,3185,3186,3187,2026,,,,,,,,,,,,,,,,,,,,,,,,,,,,,,,,,,,,,,,,,,,,,,,,,,,,,,,,,2018,2017,2018
185,Winged Scarab,2036,2036,2038,0,0,0,0,0,2037,2035,0,0,0,2037,2037,2037,2031,2031,2031,0,0,0,0,0,0,0,0,0,0,0,0,0,2031,2031,2031,2031,2031,2031,2031,2031,2031,2031,2031,2031,2031,2031,2031,2031,2031,2031,0,0,0,0,0,0,0,0,0,0,0,0,0,0,0,0,0,0,0,0,0,0,0,0,0,0,0,0,0,0,0,0,0,0,0,0,0,0,0,0,0,0,0,0,0,0,0,0,0,0,0,0,0,0,0,0,0,0,0,0,0,2051,2052,2053,2102,2171,2503,3166,3167,3168,3169,3170,3171,3185,3186,3187,2038,,,,,,,,,,,,,,,,,,,,,,,,,,,,,,,,,,,,,,,,,,,,,,,,,,,,,,,,,2032,2031,2032
186,Rideable Dragonfly,2054,1051,2054,0,0,0,0,0,1046,1044,0,0,0,1046,1046,1046,1048,1049,1050,0,0,0,0,0,0,0,0,0,0,0,0,0,1048,1049,1050,1048,1049,1050,1048,1049,1050,1048,1049,1050,1048,1049,1050,1048,1049,1050,1048,1049,1050,37,38,39,40,41,42,47,45,46,44,48,49,50,51,52,53,43,565,567,583,584,583,0,0,1194,0,0,1315,1317,1318,1321,1322,1537,1538,1539,1540,1541,1542,1543,1544,1545,1546,1547,1548,1549,1550,1551,1552,1553,1554,1555,1556,1557,1558,1559,1560,1894,1941,2051,2052,2053,2102,2171,2503,3166,3167,3168,3169,3170,3171,3185,3186,3187,2054,,,,,,,,,,,,,,,,,,,,,,,,,,,,,,,,,,,,,,,,,,,,,,,,,,,,,,,,,1041,1042,1041
187,Centaur,2056,2056,2057,0,0,0,0,0,2062,2061,0,0,0,2062,2062,2062,2059,2059,2059,0,0,0,0,0,0,0,0,0,2222,0,0,0,2059,2059,2059,2059,2059,2059,2059,2059,2059,2059,2059,2059,2059,2059,2059,2059,2059,2059,2059,2059,2059,2156,0,0,0,0,0,0,0,0,0,0,0,0,0,0,0,0,0,0,0,0,0,0,0,0,0,0,0,0,0,2113,0,0,0,0,0,0,0,0,0,0,0,0,0,0,0,0,0,0,0,0,0,0,0,0,0,0,0,0,0,0,2102,2171,2503,3166,3167,3168,3169,3170,3171,3185,3186,3187,2057,,,,,,,,,,,,,,,,,,,,,,,,,,,,,,,,,,,,,,,,,,,,,,,,,,,,,,,,,2059,2059,2059
188,Winged Centaur,2067,2067,2068,0,0,0,0,0,2073,2072,0,0,0,2073,2073,2073,2069,2069,2069,0,0,0,0,0,0,0,0,0,0,0,0,0,2069,2069,2069,2069,2069,2069,2069,2069,2069,2069,2069,2069,2069,2069,2069,2069,2069,2069,2069,2069,2069,2155,0,0,0,0,0,0,0,0,0,0,0,0,0,0,0,0,0,0,0,0,0,0,0,0,0,0,0,0,0,0,0,0,0,0,0,0,0,0,0,0,0,0,0,0,0,0,0,0,0,0,0,0,0,0,0,0,0,0,0,0,2102,2171,2503,3166,3167,3168,3169,3170,3171,3185,3186,3187,2068,,,,,,,,,,,,,,,,,,,,,,,,,,,,,,,,,,,,,,,,,,,,,,,,,,,,,,,,,2069,2069,2070
189,Phoenix,2082,2082,2082,0,0,0,0,2082,2082,2080,0,0,0,2082,2082,2082,2079,2079,2079,0,0,0,0,0,0,0,0,0,0,0,0,0,2079,2079,2079,2079,2079,2079,2079,2079,2079,2079,2079,2079,2079,2079,2079,2079,2079,2079,2079,2079,2079,0,0,0,0,0,0,0,0,0,0,0,0,0,0,0,0,0,0,0,0,0,0,0,0,0,0,0,0,0,0,0,0,0,0,0,0,0,0,0,0,0,0,0,0,0,0,0,0,0,0,0,0,0,0,0,0,0,0,0,0,0,2102,2171,2503,3166,3167,3168,3169,3170,3171,3185,3186,3187,2082,,,,,,,,,,,,,,,,,,,,,,,,,,,,,,,,,,,,,,,,,,,,,,,,,,,,,,,,,2077,2077,2077
190,Cyclops,2093,2093,2092,0,0,0,0,0,2083,2090,0,0,0,2083,2083,2083,2089,2089,2089,0,0,0,0,0,0,0,0,0,0,0,0,0,2089,2089,2089,2089,2089,2089,2089,2089,2089,2089,2089,2089,2089,2089,2089,2089,2089,2089,2089,2089,2089,0,0,0,0,0,0,0,0,0,0,0,0,0,0,0,0,0,0,0,0,0,0,0,0,0,0,0,0,0,0,2164,0,0,0,0,0,0,0,0,0,0,0,0,0,0,0,0,0,0,0,0,0,0,0,0,0,0,0,0,0,0,2102,2171,2503,3166,3167,3168,3169,3170,3171,3185,3186,3187,2092,,,,,,,,,,,,,,,,,,,,,,,,,,,,,,,,,,,,,,,,,,,,,,,,,,,,,,,,,2084,2084,2084
191,Dwarf Female,350,332,351,352,353,340,36,340,382,386,539,333,334,382,382,382,514,520,389,341,342,343,217,218,219,220,221,222,2094,474,475,476,514,520,523,514,520,526,514,520,527,514,520,525,515,521,524,515,521,528,514,520,536,37,38,39,40,41,42,47,45,46,44,48,49,50,51,52,53,43,565,567,583,584,583,0,952,1194,0,0,1315,1317,1318,1321,1322,1537,1538,1539,1540,1541,1542,1543,1544,1545,1546,1547,1548,1549,1550,1551,1552,1553,1554,1555,1556,1557,1558,1559,1560,1894,1941,2051,2052,2053,2102,2171,2503,3166,3167,3168,3169,3170,3171,3185,3186,3187,2928,3553,3558,382,1938,382,382,382,382,382,3557,3551,382,3550,3559,3556,3552,3554,3555,3484,3617,3609,,,,3748,3749,3747,3866,3867,3863,3864,375,376,377,3980,3981,3982,382,4033,4092,4093,,4094,4095,4096,4097,4098,4099,4100,4101,4102,4103,4104,4105,4106,4107,93,94,95
192,Iaculi/Uraeus,2096,2096,2097,0,0,0,0,0,2095,2101,0,0,0,2165,2166,2167,2099,2099,2099,0,0,0,0,0,0,0,0,0,0,0,0,0,2099,2099,2099,2099,2099,2099,2099,2099,2099,2099,2099,2099,2099,2099,2099,2099,2099,2099,2099,2099,2099,0,0,0,0,0,0,0,0,0,0,0,0,0,0,0,0,0,0,0,0,0,0,0,0,0,0,0,0,0,0,0,0,0,0,0,0,0,0,0,0,0,0,0,0,0,0,0,0,0,0,0,0,0,0,0,0,0,0,0,0,0,2102,2171,2503,3166,3167,3168,3169,3170,3171,3185,3186,3187,2097,,,,,,,,,,,,,,,,,,,,,,,,,,,,,,,,,,,,,,,,,,,,,,,,,,,,,,,,,2099,2099,2099
193,Manticore,2105,2105,2105,0,0,0,0,0,2106,2108,0,0,0,2106,2106,2106,2111,2111,2111,0,0,0,0,0,0,0,0,0,0,0,0,0,2111,2111,2111,2111,2111,2111,2111,2111,2111,2111,2111,2111,2111,2111,2111,2111,2111,2111,2111,2111,2111,0,0,0,0,0,0,0,0,0,0,0,0,0,0,0,0,0,0,0,0,0,0,0,0,0,0,0,0,0,0,0,0,0,0,0,0,0,0,0,0,0,0,0,0,0,0,0,0,0,0,0,0,0,0,0,0,0,0,0,0,0,0,2171,2503,3166,3167,3168,3169,3170,3171,3185,3186,3187,2105,,,,,,,,,,,,,,,,,,,,,,,,,,,,,,,,,,,,,,,,,,,,,,,,,,,,,,,,,2110,2110,2110
194,Crocodile,2131,2131,2129,0,0,0,0,0,2124,2127,0,0,0,2124,2124,2124,2126,2126,2126,2124,2124,2124,2124,2124,2124,2124,2124,2124,2124,2124,2124,2124,2126,2126,2126,2126,2126,2126,2126,2126,2126,2126,2126,2126,2126,2126,2126,2126,2126,2126,2126,2126,2126,2124,2124,2124,2124,2124,2124,2124,2124,2124,2124,2124,2124,2124,2124,2124,2124,2124,2124,2124,2124,2124,2124,2124,2124,2124,2124,2124,2124,2124,2124,2124,2124,2124,2124,2124,2124,2124,2124,2124,2124,2124,2124,2124,2124,2124,2124,2124,2124,2124,2124,2124,2124,2124,2124,2124,2124,2124,2124,2124,2124,2124,2124,2171,2503,3166,3167,3168,3169,3170,3171,3185,3186,3187,2129,,,,,,,,,,,,,,,,,,,,,,,,,,,,,,,,,,,,,,,,,,,,,,,,,,,,,,,,,2125,2125,2125
195,Scorpion 2,2172,2172,2173,0,0,0,0,0,2174,2179,0,0,0,2174,2174,2174,0,0,0,0,0,0,0,0,0,0,0,0,0,0,0,0,0,0,0,0,0,0,0,0,0,0,0,0,0,0,0,0,0,0,0,0,0,0,0,0,0,0,0,0,0,0,0,0,0,0,0,0,0,0,0,0,0,0,0,0,0,0,0,0,0,0,0,0,0,0,0,0,0,0,0,0,0,0,0,0,0,0,0,0,0,0,0,0,0,0,0,0,0,0,0,0,0,0,0,2171,2503,3166,3167,3168,3169,3170,3171,3185,3186,3187,2173,,,,,,,,,,,,,,,,,,,,,,,,,,,,,,,,,,,,,,,,,,,,,,,,,,,,,,,,,2177,2176,2177
196,Draco,2195,2195,2195,0,0,0,0,0,2195,2193,0,0,0,2195,2195,2195,2190,2190,2190,0,0,0,0,0,0,0,0,0,0,0,0,0,2190,2190,2190,2190,2190,2190,2190,2190,2190,2190,2190,2190,2190,2190,2190,2190,2190,2190,2190,2190,2190,0,0,0,0,0,0,0,0,0,0,0,0,0,0,0,0,0,0,0,0,0,0,0,0,0,0,0,0,0,0,0,0,0,0,0,0,0,0,0,0,0,0,0,0,0,0,0,0,0,0,0,0,0,0,0,0,0,0,0,0,0,0,2171,2503,3166,3167,3168,3169,3170,3171,3185,3186,3187,2195,,,,,,,,,,,,,,,,,,,,,,,,,,,,,,,,,,,,,,,,,,,,,,,,,,,,,,,,,2219,2219,2219
197,Shar Male,380,332,381,336,337,340,36,340,329,386,539,333,334,329,329,329,517,520,389,344,345,346,217,218,219,220,221,222,338,474,475,476,517,520,523,517,520,526,517,520,527,517,520,525,518,521,524,518,521,528,517,520,536,37,38,39,40,41,42,47,45,46,44,48,49,50,51,52,53,43,565,567,583,584,583,0,952,1194,0,0,1315,1317,1318,1321,1322,1537,1538,1539,1540,1541,1542,1543,1544,1545,1546,1547,1548,1549,1550,1551,1552,1553,1554,1555,1556,1557,1558,1559,1560,1894,1941,2051,2052,2053,2102,2171,2503,3166,3167,3168,3169,3170,3171,3185,3186,3187,2928,3553,3558,329,329,329,329,329,329,329,3557,3551,329,3550,3559,3556,3552,3554,3555,3484,3617,3609,,,,3748,3749,3747,3866,3867,3863,3864,375,376,377,3980,3981,3982,329,4032,4092,4093,,4094,4095,4096,4097,4098,4099,4100,4101,4102,4103,4104,4105,4106,4107,93,94,95
198,Shar Female,350,332,351,352,353,340,36,340,382,386,539,333,334,382,382,382,517,520,389,341,342,343,217,218,219,220,221,222,338,474,475,476,517,520,523,517,520,526,517,520,527,517,520,525,518,521,524,518,521,528,517,520,536,37,38,39,40,41,42,47,45,46,44,48,49,50,51,52,53,43,565,567,583,584,583,0,952,1194,0,0,1315,1317,1318,1321,1322,1537,1538,1539,1540,1541,1542,1543,1544,1545,1546,1547,1548,1549,1550,1551,1552,1553,1554,1555,1556,1557,1558,1559,1560,1894,1941,2051,2052,2053,2102,2171,2503,3166,3167,3168,3169,3170,3171,3185,3186,3187,2928,3553,3558,382,382,382,382,382,382,382,3557,3551,382,3550,3559,3556,3552,3554,3555,3484,3617,3609,,,,3748,3749,3747,3866,3867,3863,3864,375,376,377,3980,3981,3982,382,4033,4092,4093,,4094,4095,4096,4097,4098,4099,4100,4101,4102,4103,4104,4105,4106,4107,93,94,95
199,Ettin,2245,0,2244,0,0,0,0,0,2243,2246,0,0,0,2243,2243,2243,2252,2253,2254,0,0,0,0,0,0,0,0,0,3129,0,0,0,2252,2253,2254,2252,2253,2254,2252,2253,2254,2252,2253,2254,2252,2253,2254,2252,2253,2254,2252,2253,2254,37,38,39,40,41,42,47,45,46,44,48,49,50,51,52,53,43,565,567,583,584,583,0,0,1194,0,0,1315,1317,1318,1321,1322,1537,1538,1539,1540,1541,1542,1543,1544,1545,1546,1547,1548,1549,1550,1551,1552,1553,1554,1555,1556,1557,1558,1559,1560,1894,1941,2051,2052,2053,2102,2171,2503,3166,3167,3168,3169,3170,3171,3185,3186,3187,2244,,,,,,,,,,,,,,,,,,,,,,,,,,,,,,,,,,,,,,,,,,,,,,,,,,,,,,,,,0,0,0
200,Classic Minotaur,3796,332,3790,336,337,340,36,340,3791,386,539,333,334,3793,3792,3791,517,520,389,581,582,346,217,218,219,220,221,222,338,474,475,476,517,520,523,517,520,526,517,520,527,517,520,525,518,521,524,518,521,528,517,520,536,37,38,39,40,41,42,47,45,46,44,48,49,50,51,52,53,43,565,567,583,584,583,0,952,1194,0,0,1315,1317,1318,1321,1322,1537,1538,1539,1540,1541,1542,1543,1544,1545,1546,1547,1548,1549,1550,1551,1552,1553,1554,1555,1556,1557,1558,1559,1560,1894,1941,2051,2052,2053,2102,2171,2503,3166,3167,3168,3169,3170,3171,3185,3186,3187,3790,3553,3558,367,367,367,367,367,367,367,3557,3551,367,3550,3559,3556,3552,3554,3555,3484,3617,3609,,,,3748,3749,3747,3866,3867,3863,3864,375,376,377,3980,3981,3982,3791,3790,4092,4093,,4094,4095,4096,4097,4098,4099,4100,4101,4102,4103,4104,4105,4106,4107,93,94,95
201,Spider,2271,2271,2270,0,0,0,0,0,2269,2267,0,0,0,2269,2269,2269,2272,2272,2272,0,0,0,0,0,0,0,0,0,3127,0,0,0,2272,2272,2272,2272,2272,2272,2272,2272,2272,2272,2272,2272,2272,2272,2272,2272,2272,2272,2272,2272,2272,2269,2269,2269,2269,2269,2269,2269,2269,2269,2269,2269,2269,2269,2269,2269,2269,2269,565,567,583,584,583,0,0,1194,0,0,2269,2269,2269,2269,2269,2269,2269,2269,2269,2269,2269,2269,2269,2269,2269,2269,1548,1549,1550,1551,1552,1553,1554,1555,1556,1557,2269,2269,2269,2269,1941,2051,2052,2053,2102,2171,2503,3166,3167,3168,3169,3170,3171,3185,3186,3187,2270,,,,,,,,,,,,,,,,,,,,,,,,,,,,,,,,,,,,,,,,,,,,,,,,,,,,,,,,,0,0,0
202,Snake,2281,2281,2279,0,0,0,0,0,2276,2274,0,0,0,2273,2277,2278,2282,2282,2282,0,0,0,0,0,0,0,0,0,2280,0,0,0,2282,2282,2282,2282,2282,2282,2282,2282,2282,2282,2282,2282,2282,2282,2282,2282,2282,2282,2282,2282,2282,37,38,39,40,41,42,47,45,46,44,48,49,50,51,52,53,43,565,567,583,584,583,0,0,1194,0,0,1315,1317,1318,1321,1322,1537,1538,1539,1540,1541,1542,1543,1544,1545,1546,1547,1548,1549,1550,1551,1552,1553,1554,1555,1556,1557,1558,1559,1560,1894,1941,2051,2052,2053,2102,2171,2503,3166,3167,3168,3169,3170,3171,3185,3186,3187,2279,,,,,,,,,,,,,,,,,,,,,,,,,,,,,,,,,,,,,,,,,,,,,,,,,,,,,,,,,0,0,0
203,Lynx/Cats,2291,2291,2289,0,0,0,0,0,2286,2284,0,0,0,2286,2287,2288,2292,2293,2292,2286,2286,2286,2286,2286,2286,2286,2286,2286,3624,2286,2286,2286,2286,2286,2286,2286,2286,2286,2286,2286,2286,2286,2286,2286,2286,2286,2286,2286,2286,2286,2286,2286,2286,2286,2286,2286,2286,2286,2286,2286,2286,2286,2286,2286,2286,2286,2286,2286,2286,2286,2286,2286,2286,2286,2286,2286,2286,2286,2286,2286,2286,2286,2286,2286,2286,2286,2286,2286,2286,2286,2286,2286,2286,2286,2286,2286,2286,2286,2286,2286,2286,2286,2286,2286,2286,2286,2286,2286,2286,2286,2286,2286,2286,2286,2286,2286,2286,2286,2286,2286,2286,2286,2286,2286,2286,2286,2286,,,,,,,,,,,,,,,,,,,,,,,,,,,,,,,,,,,,,,,,,,,,,,,,,,,,,,,,,2293,2292,2293
204,Ogre,2296,2296,2295,0,0,0,0,0,2243,2246,0,0,0,2243,2243,2243,2252,2253,2254,0,0,0,0,0,0,0,0,0,2247,0,0,0,2252,2253,2254,2252,2253,2254,2252,2253,2254,2252,2253,2254,2252,2253,2254,2252,2253,2254,2252,2253,2254,37,38,39,40,41,42,47,45,46,44,48,49,50,51,52,53,43,565,567,583,584,583,0,0,1194,0,0,1315,1317,1318,1321,1322,1537,1538,1539,1540,1541,1542,1543,1544,1545,1546,1547,1548,1549,1550,1551,1552,1553,1554,1555,1556,1557,1558,1559,1560,1894,1941,2051,2052,2053,2102,2171,2503,3166,3167,3168,3169,3170,3171,3185,3186,3187,2295,,,,,,,,,,,,,,,,,,,,,,,,,,,,,,,,,,,,,,,,,,,,,,,,,,,,,,,,,0,0,0
205,Bear,2302,2302,2301,0,0,0,0,0,2300,2298,0,0,0,2300,2300,2300,2303,2303,2303,0,0,0,0,0,0,0,0,0,3623,0,0,0,2303,2303,2303,2303,2303,2303,2303,2303,2303,2303,2303,2303,2303,2303,2303,2303,2303,2303,2303,2303,2303,2303,2303,2303,2303,2303,2303,2303,2303,2303,2303,2303,2303,2303,2303,2303,2303,2303,2303,2303,2303,2303,2303,2303,2303,2303,2303,2300,2303,2303,2303,2303,2303,2303,2303,2303,2303,2303,2303,2303,2303,2303,2303,2303,2303,2303,2303,2303,2303,2303,2303,2303,2303,2303,2303,2303,2303,2303,2303,2303,2303,2303,2303,2171,2503,3166,3167,3168,3169,3170,3171,3185,3186,3187,2301,,,,,,,,,,,,,,,,,,,,,,,,,,,,,,,,,,,,,,,,,,,,,,,,,,,,,,,,,2303,2303,2303
206,Skeleton,2383,2383,2450,0,0,2617,2618,2535,3619,2615,2682,2883,2882,3619,3619,3619,2689,2686,2678,2736,2677,2535,2877,2878,2879,2871,2872,2873,2383,2874,2875,2876,2689,2686,2827,2689,2686,2836,2689,2686,2687,2689,2686,2834,2824,2833,2828,2824,2833,2690,2689,2686,2688,2646,2625,2626,2628,2630,2632,2635,2731,2647,2634,2641,2645,2648,2650,2657,2658,2633,3122,2619,2567,2566,2535,2535,3157,2622,2535,2535,2663,2884,2661,2627,2636,2629,2638,2642,2660,2644,2880,2651,2652,2653,2656,2659,2535,2535,2535,2535,2535,2535,2535,2535,2535,2535,2623,2732,2643,3164,3158,3155,3153,3154,3156,3159,3162,2665,2666,2667,2668,2669,2670,2886,2887,2888,2450,,,,,,,,,,,,,,,,,,,,,,,,,,,,,,,,,,,,,,,,,,,,,,,,,,,,,,,,,2599,2600,2601
208,New Ant,2310,2310,2309,0,0,0,0,0,2308,2306,0,0,0,2312,2308,2312,2311,2311,2311,0,0,0,0,0,0,0,0,0,0,0,0,0,2311,2311,2311,2311,2311,2311,2311,2311,2311,2311,2311,2311,2311,2311,2311,2311,2311,2311,2311,2311,2311,0,0,0,0,0,0,0,0,0,0,0,0,0,0,0,0,0,0,0,0,0,0,0,0,0,0,0,0,0,0,0,0,0,0,0,0,0,0,0,0,0,0,0,0,0,0,0,0,0,0,0,0,0,0,0,0,0,0,0,0,0,0,2171,2503,3166,3167,3168,3169,3170,3171,3185,3186,3187,2309,,,,,,,,,,,,,,,,,,,,,,,,,,,,,,,,,,,,,,,,,,,,,,,,,,,,,,,,,2311,2311,2311
209,New Wolf,2319,2319,2318,0,0,0,0,0,2317,2315,0,0,0,2317,2317,2317,2313,2313,2313,2317,2317,2317,2317,2317,2317,2317,2317,2317,3622,2317,2317,2317,2313,2313,2313,2313,2313,2313,2313,2313,2313,2313,2313,2313,2313,2313,2313,2313,2313,2313,2313,2313,2313,2317,2317,2317,2317,2317,2317,2317,2317,2317,2317,2317,2317,2317,2317,2317,2317,2317,2317,2317,2317,2317,2317,2317,2317,2317,2317,2317,2317,2317,2317,2317,2317,2317,2317,2317,2317,2317,2317,2317,2317,2317,2317,2317,2317,2317,2317,2317,2317,2317,2317,2317,2317,2317,2317,2317,2317,2317,2317,2317,2317,2317,2317,2317,2317,2317,2317,2317,2317,2317,2317,2317,2317,2317,2317,,,,,,,,,,,,,,,,,,,,,,,,,,,,,,,,,,,,,,,,,,,,,,,,,,,,,,,,,2313,2313,2313
211,Mine Cart,2502,2502,2502,2504,2504,2504,2504,2504,2504,2504,2504,2504,2504,2504,2504,2504,2504,2504,2504,2504,2504,2504,2504,2504,2504,2504,2504,2504,2504,2504,2504,2504,2504,2504,2504,2504,2504,2504,2504,2504,2504,2504,2504,2504,2504,2504,2504,2504,2504,2504,2504,2504,2504,2504,2504,2504,2504,2504,2504,2504,2504,2504,2504,2504,2504,2504,2504,2504,2504,2504,2504,2504,2504,2504,2504,2504,2504,2504,2504,2504,2504,2504,2504,2504,2504,2504,2504,2504,2504,2504,2504,2504,2504,2504,2504,2504,2504,2504,2504,2504,2504,2504,2504,2504,2504,2504,2504,2504,2504,2504,2504,2504,2504,2504,2504,2504,2504,3166,3167,3168,3169,3170,3171,3185,3186,3187,2502,,,,,,,,,,,,,,,,,,,,,,,,,,,,,,,,,,,,,,,,,,,,,,,,,,,,,,,,,2504,2504,2504
212,New Sprite,2334,2334,2332,0,0,0,0,0,2330,2327,0,0,0,2330,2331,2330,2322,2322,2322,0,0,0,0,0,0,0,0,0,0,0,0,0,2322,2322,2322,2322,2322,2322,2322,2322,2322,2322,2322,2322,2322,2322,2322,2322,2322,2322,2322,2322,2322,37,38,39,40,41,42,47,45,46,44,48,49,50,51,52,53,43,565,567,583,584,583,0,952,1194,0,0,1315,1317,1318,1321,1322,1537,1538,1539,1540,1541,1542,1543,1544,1545,1546,1547,1548,1549,1550,1551,1552,1553,1554,1555,1556,1557,1558,1559,1560,1894,1941,2051,2052,2053,2102,2171,2503,3166,3167,3168,3169,3170,3171,3185,3186,3187,2332,,,,,,,,,,,,,,,,,,,,,,,,,,,,,,,,,,,,,,,,,,,,,,,,,,,,,,,,,2322,2322,2322
213,New Fellwood,2342,2342,2342,0,0,0,0,0,2341,2339,0,0,0,2341,2341,2341,2337,2337,2337,0,0,0,0,0,0,0,0,0,2342,0,0,0,2337,2337,2337,2337,2337,2337,2337,2337,2337,2337,2337,2337,2337,2337,2337,2337,2337,2337,2337,2337,2337,0,0,0,0,0,0,0,0,0,0,0,0,0,0,0,0,0,0,0,0,0,0,0,0,0,0,0,0,0,0,0,0,0,0,0,0,0,0,0,0,0,0,0,0,0,0,0,0,0,0,0,0,0,0,0,0,0,0,0,0,0,0,2171,2503,3166,3167,3168,3169,3170,3171,3185,3186,3187,2342,,,,,,,,,,,,,,,,,,,,,,,,,,,,,,,,,,,,,,,,,,,,,,,,,,,,,,,,,2337,2336,2337
214, New Scrag,2354,2354,2352,0,0,0,0,0,2351,2347,0,0,0,2351,2351,2351,2343,2344,2345,0,0,0,0,0,0,0,0,0,3131,0,0,0,2343,2344,2345,2343,2344,2345,2343,2344,2345,2343,2344,2345,2343,2344,2345,2343,2344,2345,2343,2344,2345,0,0,0,0,0,0,0,0,0,0,0,0,0,0,0,0,0,0,0,0,0,0,0,0,0,0,0,0,0,0,0,0,0,0,0,0,0,0,0,0,0,0,0,0,0,0,0,0,0,0,0,0,0,0,0,0,0,0,0,0,0,0,2171,2503,3166,3167,3168,3169,3170,3171,3185,3186,3187,2352,,,,,,,,,,,,,,,,,,,,,,,,,,,,,,,,,,,,,,,,,,,,,,,,,,,,,,,,,2350,2349,2350
215,New Giant,2362,2362,2361,0,0,0,0,0,2355,2369,0,0,0,2355,2356,2357,2359,2359,2359,0,0,0,0,0,0,0,0,0,3130,0,0,0,2359,2359,2359,2359,2359,2359,2359,2359,2359,2359,2359,2359,2359,2359,2359,2359,2359,2359,2359,2359,2359,37,38,39,40,41,42,47,45,46,44,48,49,50,51,52,53,43,565,567,583,584,583,0,952,1194,0,0,1315,1317,1318,1321,1322,1537,1538,1539,1540,1541,1542,1543,1544,1545,1546,1547,1548,1549,1550,1551,1552,1553,1554,1555,1556,1557,1558,1559,1560,1894,1941,2051,2052,2053,2102,2171,2503,3166,3167,3168,3169,3170,3171,3185,3186,3187,2361,3340,3342,3398,3399,3426,3425,3334,3335,3336,3337,3341,3414,3428,3429,3430,3431,3432,3433,3441,3338,3608,3610,3611,3612,,,,,,,,,,,,,,,,,,,,,,,,,,,,,,,,,2360,2359,2360
216,New Brownie,2382,2382,2380,0,0,0,0,0,2378,2374,0,0,0,2378,2378,2379,2370,2371,2372,0,0,0,0,0,0,0,0,0,0,0,0,0,2370,2371,2372,2370,2371,2372,2370,2371,2372,2370,2371,2372,2370,2371,2372,2370,2371,2372,2370,2371,2372,37,38,39,40,41,42,47,45,46,44,48,49,50,51,52,53,43,565,567,583,584,583,0,952,1194,0,0,1315,1317,1318,1321,1322,1537,1538,1539,1540,1541,1542,1543,1544,1545,1546,1547,1548,1549,1550,1551,1552,1553,1554,1555,1556,1557,1558,1559,1560,1894,1941,2051,2052,2053,2102,2171,2503,3166,3167,3168,3169,3170,3171,3185,3186,3187,2380,,,,,,,,,,,,,,,,,,,,,,,,,,,,,,,,,,,,,,,,,,,,,,,,,,,,,,,,,2376,2377,2376
217,New Roman Dead,2384,2384,2536,336,337,340,36,340,329,2615,539,333,334,329,329,329,511,520,389,344,345,346,217,218,219,220,221,222,338,474,475,476,511,520,523,511,520,526,511,520,527,511,520,525,512,521,524,512,521,528,511,520,536,37,38,39,40,41,42,47,45,46,44,48,49,50,51,52,53,43,565,567,583,584,583,0,952,1194,0,0,1315,1317,1318,1321,1322,1537,1538,1539,1540,1541,1542,1543,1544,1545,1546,1547,1548,1549,1550,1551,1552,1553,1554,1555,1556,1557,1558,1559,1560,1894,1941,2051,2052,2053,2102,2171,2503,3166,3167,3168,3169,3170,3171,3185,3186,3187,2536,,,,,,,,,,,,,,,,,,,,,,,,,,,,,,,,,,,,,,,,,,,,,,,,,,,,,,,,,379,94,95
218,New 2 Head Wolf,2392,2392,2390,0,0,0,0,0,2389,2387,0,0,0,2389,2389,2389,2385,2385,2385,0,0,0,0,0,0,0,0,0,0,0,0,0,2385,2385,2385,2385,2385,2385,2385,2385,2385,2385,2385,2385,2385,2385,2385,2385,2385,2385,2385,2385,2385,0,0,0,0,0,0,0,0,0,0,0,0,0,0,0,0,0,0,0,0,0,0,0,0,0,0,0,0,0,0,0,0,0,0,0,0,0,0,0,0,0,0,0,0,0,0,0,0,0,0,0,0,0,0,0,0,0,0,0,0,0,0,2171,2503,3166,3167,3168,3169,3170,3171,3185,3186,3187,2390,,,,,,,,,,,,,,,,,,,,,,,,,,,,,,,,,,,,,,,,,,,,,,,,,,,,,,,,,2385,2385,2385
219,New Saracen Male,380,332,381,2455,2456,2431,0,2431,2429,386,539,333,334,2429,2429,2429,2457,2458,2459,344,345,346,217,218,219,220,221,222,338,474,475,476,2457,2458,2459,2457,2458,2459,2457,2458,2459,2457,2458,2459,2457,2458,2459,2457,2458,2459,2457,2458,2459,2304,2304,2304,2435,2437,2304,2304,2304,2304,2304,2304,2304,2304,2304,2304,2436,2304,2304,2304,2304,2304,2304,2304,2304,2304,2304,2304,2304,2304,2304,2304,2304,2304,2304,2304,2304,2304,2304,2304,2304,2304,2304,2304,2304,2304,2304,2304,2304,2304,2304,2304,2304,2304,2304,2304,2304,2304,2304,2438,2304,2304,2304,2171,2503,3166,3167,3168,3169,3170,3171,3185,3186,3187,381,,,,,,,,,,,,,,,,,,,,,,,,,,,,,,,,,,,,,,,,,,,,,,,,,,,,,,,,,2421,2421,2421
220,New Valkyn Male,2444,2444,2445,2455,2456,2431,0,2431,2443,2464,539,333,334,2470,2443,2443,2457,2458,2459,2446,2447,346,217,218,219,220,221,222,338,474,475,476,2463,2463,2463,2463,2463,2463,2463,2463,2463,2463,2463,2463,2463,2463,2463,2463,2463,2463,2463,2463,2463,2443,2443,2443,2469,2468,2443,2443,2443,2443,2443,2443,2443,2443,2443,2443,2467,2443,2443,2443,2443,2443,2443,2443,2443,2443,2443,2443,2443,2443,2443,2443,2443,2443,2443,2443,2443,2443,2443,2443,2443,2443,2443,2443,2443,2443,2443,2443,2443,2443,2443,2443,2443,2443,2443,2443,2443,2443,2443,2438,2443,2443,2443,2171,2503,3166,3167,3168,3169,3170,3171,3185,3186,3187,2445,,,,,,,,,,,,,,,,,,,,,,,,,,,,,,,,,,,,,,,,,,,,,,,,,,,,,,,,,2462,2461,2462
221,Wolf,241,0,242,0,0,0,0,0,240,240,0,0,0,240,245,246,246,246,246,240,240,240,240,240,240,240,240,240,2221,240,240,240,240,240,240,240,240,240,240,240,240,240,240,240,240,240,240,240,240,240,240,240,240,240,240,240,240,240,240,240,240,240,240,240,240,240,240,240,240,240,240,240,240,240,240,240,240,240,240,240,240,240,240,240,240,240,240,240,240,240,240,240,240,240,240,240,240,240,240,240,240,240,240,240,240,240,240,240,240,240,240,240,240,240,240,2171,2503,3166,3167,3168,3169,3170,3171,3185,3186,3187,242,,,,,,,,,,,,,,,,,,,,,,,,,,,,,,,,,,,,,,,,,,,,,,,,,,,,,,,,,0,0,0
222,Hunters Hount,2412,0,2412,0,0,0,0,0,240,244,0,0,0,240,240,240,246,246,246,240,240,240,240,240,240,240,240,240,2221,240,240,240,240,240,240,240,240,240,240,240,240,240,240,240,240,240,240,240,240,240,240,240,240,240,240,240,240,240,240,240,240,240,240,240,240,240,240,240,240,240,240,240,240,240,240,240,240,240,240,240,240,240,240,240,240,240,240,240,240,240,240,240,240,240,240,240,240,240,240,240,240,240,240,240,240,240,240,240,240,240,240,240,240,240,240,2171,2503,3166,3167,3168,3169,3170,3171,3185,3186,3187,2412,,,,,,,,,,,,,,,,,,,,,,,,,,,,,,,,,,,,,,,,,,,,,,,,,,,,,,,,,0,0,0
223,Lurikeen Male,2441,2441,2442,2455,2456,2431,0,2431,2429,386,539,333,334,2429,2466,2429,2457,2458,2459,2439,2440,2304,2304,2304,2304,2304,2304,2304,338,2304,2304,2304,2457,2458,2459,2457,2458,2459,2457,2458,2459,2457,2458,2459,2457,2458,2459,2457,2458,2459,2457,2458,2459,2304,2304,2304,2435,2437,2304,2304,2304,2304,2304,2304,2304,2304,2304,2304,2436,2304,2304,2304,2304,2304,2304,2304,2304,2304,2304,2304,2304,2304,2304,2304,2304,2304,2304,2304,2304,2304,2304,2304,2304,2304,2304,2304,2304,2304,2304,2304,2304,2304,2304,2304,2304,2304,2304,2304,2304,2304,2304,2438,2304,2304,2304,2171,2503,3166,3167,3168,3169,3170,3171,3185,3186,3187,2442,,,,,,,,,,,,,,,,,,,,,,,,,,,,,,,,,,,,,,,,,,,,,,,,,,,,,,,,,2421,2421,2421
224,New Elf Male,2434,2434,2432,2455,2456,2431,0,2431,2454,2453,539,333,334,2454,2454,2454,2457,2458,2459,2439,2440,2304,2304,2304,2304,2304,2304,2304,338,2304,2304,2304,2457,2458,2459,2457,2458,2459,2457,2458,2459,2457,2458,2459,2457,2458,2459,2457,2458,2459,2457,2458,2459,2454,2454,2454,2454,2454,2454,2454,2454,2454,2454,2454,2454,2454,2454,2454,2454,2454,2454,2454,2454,2454,2454,2454,2454,2454,2454,2454,2454,2454,2454,2454,2454,2454,2454,2454,2454,2454,2454,2454,2454,2454,2454,2454,2454,2454,2454,2454,2454,2454,2454,2454,2454,2454,2454,2454,2454,2454,2454,2454,2454,2454,2454,2171,2503,3166,3167,3168,3169,3170,3171,3185,3186,3187,2432,,,,,,,,,,,,,,,,,,,,,,,,,,,,,,,,,,,,,,,,,,,,,,,,,,,,,,,,,2421,2421,2421
225,Evil Kobold 1,3038,3038,3039,0,0,2431,0,2431,3040,3042,0,0,0,3040,3040,3040,3043,3043,3043,0,0,0,0,0,0,0,0,0,3064,0,0,0,3043,3043,3043,3043,3043,3043,3043,3043,3043,3043,3043,3043,3043,3043,3043,3043,3043,3043,3043,3043,3043,3040,3040,3040,3040,3040,3040,3040,3040,3040,3040,3040,3040,3040,3040,3040,3040,3040,3040,3040,3040,3040,3040,3040,3040,3040,3040,3040,3040,3040,3040,3040,3040,3040,3040,3040,3040,3040,3040,3040,3040,3040,3040,3040,3040,3040,3040,3040,3040,3040,3040,3040,3040,3040,3040,3040,3040,3040,3040,3040,3040,3040,3040,3040,3040,3166,3167,3168,3169,3170,3171,3185,3186,3187,3039,,,,,,,,,,,,,,,,,,,,,,,,,,,,,,,,,,,,,,,,,,,,,,,,,,,,,,,,,3044,3044,3044
226,Evil Kobold 2,3045,3045,3046,0,0,0,0,2431,3047,3042,0,0,0,3047,3048,3049,3052,3052,3052,0,0,0,0,0,0,0,0,0,3065,0,0,0,3052,3052,3052,3052,3052,3052,3052,3052,3052,3052,3052,3052,3052,3052,3052,3052,3052,3052,3052,3052,3052,3047,3047,3047,3047,3047,3047,3047,3047,3047,3047,3047,3047,3047,3047,3047,3047,3047,3047,3047,3047,3047,3047,3047,3047,3047,3047,3047,3047,3047,3047,3047,3047,3047,3047,3047,3047,3047,3047,3047,3047,3047,3047,3047,3047,3047,3047,3047,3047,3047,3047,3047,3047,3047,3047,3047,3047,3047,3047,3047,3047,3047,3047,3047,3047,3166,3167,3168,3169,3170,3171,3185,3186,3187,3046,,,,,,,,,,,,,,,,,,,,,,,,,,,,,,,,,,,,,,,,,,,,,,,,,,,,,,,,,3053,3053,3053
227,Briton Male,2421,2421,2421,2422,2423,2423,2423,2423,2421,2421,2421,2421,2421,2421,2421,2421,2421,2421,2421,2421,2421,2421,2421,2421,2421,2421,2421,2421,2421,2421,2421,2421,2421,2421,2421,2421,2421,2421,2421,2421,2421,2421,2421,2421,2421,2421,2421,2421,2421,2421,2421,2421,2421,2421,2421,2421,2421,2421,2421,2421,2421,2421,2421,2421,2421,2421,2421,2421,2421,2421,2421,2421,2421,2421,2421,2421,2421,2421,2421,2421,2421,2421,2421,2421,2421,2421,2421,2421,2421,2421,2421,2421,2421,2421,2421,2421,2421,2421,2421,2421,2421,2421,2421,2421,2421,2421,2421,2421,2421,2421,2421,2421,2421,2421,2421,2421,2421,2421,2421,2421,2421,2421,2421,2421,2421,2421,2421,2421,2421,2421,2421,2421,2421,,,,,,,,,,,,,,,,,,,,,,,,,,,,,,,,,,,,,,,,,,,,,,,,,,,2421,2421,2421
228,Valetines Day Imp,3916,3916,3917,3915,3915,3915,3915,3915,3915,3915,3915,3915,3915,3915,3914,3913,3915,3915,3915,3915,3915,3915,3915,3915,3915,3915,3915,3915,3915,3915,3915,3915,3915,3915,3915,3915,3915,3915,3915,3915,3915,3915,3915,3915,3915,3915,3915,3915,3915,3915,3915,3915,3915,3915,3915,3915,3915,3915,3915,3915,3915,3915,3915,3915,3915,3915,3915,3915,3915,3915,3915,3915,3915,3915,3915,3915,3915,3915,3915,3915,3915,3915,3915,3915,3915,3915,3915,3915,3915,3915,3915,3915,3915,3915,3915,3915,3915,3915,3915,3915,3915,3915,3915,3915,3915,3915,3915,3915,3915,3915,3915,3915,3915,3915,3915,3915,3915,3915,3915,3915,3915,3915,3915,3915,3915,3915,3915,3915,3915,3915,3915,3915,3915,3915,3915,3915,3915,3915,3915,3915,3915,3915,3915,3915,3915,3915,3915,3915,3915,3915,3915,3915,3915,3915,3915,3915,3915,3915,,,,,,,,,,,,,,,,,,,,,,,,,,3915,3915,3915
229,Cata Dead Female Face Up,2881,2676,2728,0,0,2617,2618,2535,3230,2615,2682,2883,2882,3230,3230,3230,2689,2686,2678,2733,2734,2674,2877,2878,2879,2871,2872,2873,2620,2874,2875,2876,2689,2686,2827,2689,2686,2836,2689,2686,2687,2689,2686,2834,2824,2833,2828,2824,2833,2690,2689,2686,2688,2646,2625,2626,2628,2630,2632,2635,2731,2647,2634,2641,2645,2648,2650,2657,2658,2633,3122,2619,2567,2566,2567,2535,3157,2622,2535,2535,2663,2884,2661,2627,2636,2629,2638,2642,2660,2644,2880,2651,2652,2653,2656,2659,2535,2535,2535,2535,2535,2535,2535,2535,2535,2535,2623,2732,2643,3164,3158,3155,3153,3154,3156,3159,3162,2665,2666,2667,2668,2669,2670,2886,2887,2888,2928,3340,3342,3398,3399,3426,3425,3334,3335,3336,3337,3341,3414,3428,3429,3430,3431,3432,3433,3441,3338,3608,3610,3611,3612,3745,3746,3744,3778,3779,3780,3781,2602,2603,2604,,,,,,,,,,,,,,,,,,,,,,,2599,2600,2601
230,Classic Dead Female Face Up,350,332,351,352,353,340,36,340,3235,386,539,333,334,3235,3235,3235,511,520,389,341,342,343,217,218,219,220,221,222,338,474,475,476,511,520,523,511,520,526,511,520,527,511,520,525,512,521,524,512,521,528,511,520,536,37,38,39,40,41,42,47,45,46,44,48,49,50,51,52,53,43,565,567,583,584,583,0,952,1194,0,0,1315,1317,1318,1321,1322,1537,1538,1539,1540,1541,1542,1543,1544,1545,1546,1547,1548,1549,1550,1551,1552,1553,1554,1555,1556,1557,1558,1559,1560,1894,1941,2051,2052,2053,2102,2171,2503,3166,3167,3168,3169,3170,3171,3185,3186,3187,2928,3553,3558,382,382,382,382,382,382,382,3557,3551,382,3550,3559,3556,3552,3554,3555,3484,3617,3609,,,,3748,3749,3747,3866,3867,3863,3864,375,376,377,,,,,,4092,4093,,4094,4095,4096,4097,4098,4099,4100,4101,4102,4103,4104,4105,4106,4107,93,94,95
232,Trebuchet Monster,2409,2409,2409,2409,2409,0,0,0,2405,0,0,0,0,2405,2405,2405,2405,2406,2404,0,0,0,0,0,0,0,0,0,0,0,0,0,2405,2406,2404,2405,2406,2404,2405,2406,2404,2405,2406,2404,2405,2406,2404,2405,2406,2404,2405,2406,2404,0,0,0,0,0,0,0,0,0,0,0,0,0,0,0,0,0,0,0,0,0,0,0,0,0,0,0,0,0,0,0,0,0,0,0,0,0,0,0,0,0,0,0,0,0,0,0,0,0,0,0,0,0,0,0,0,0,0,0,0,0,0,0,2503,3166,3167,3168,3169,3170,3171,3185,3186,3187,2409,,,,,,,,,,,,,,,,,,,,,,,,,,,,,,,,,,,,,,,,,,,,,,,,,,,,,,,,,2404,2405,2406
233,Cata Briton Male,2534,2676,2536,0,0,2617,2618,2535,2535,2615,2682,2883,2882,2535,2535,2535,2689,2686,2678,2736,2677,2535,2877,2878,2879,2871,2872,2873,2620,2874,2875,2876,2689,2686,2827,2689,2686,2836,2689,2686,2687,2689,2686,2834,2824,2833,2828,2824,2833,2690,2689,2686,2688,2646,2625,2626,2628,2630,2632,2635,2731,2647,2634,2641,2645,2648,2650,2657,2658,2633,3122,2619,2567,2566,2567,2535,3157,2622,2535,2535,2663,2884,2661,2627,2636,2629,2638,2642,2660,2644,2880,2651,2652,2653,2656,2659,2535,2535,2535,2535,2535,2535,2535,2535,2535,2535,2623,2732,2643,3164,3158,3155,3153,3154,3156,3159,3162,2665,2666,2667,2668,2669,2670,2886,2887,2888,2928,3340,3342,3398,3399,3426,3425,3334,3335,3336,3337,3341,3414,3428,3429,3430,3431,3432,3433,3441,3338,3608,3610,3611,3612,3745,3746,3744,3778,3779,3780,3781,3971,3972,3970,3977,3978,3979,2535,4027,4074,4075,,4077,4078,4079,4080,4081,4082,4083,4084,4085,4086,4087,4088,4089,4090,2599,2600,2601
234,Cata Briton Female,2881,2676,2728,0,0,2617,2618,2535,2674,2615,2682,2883,2882,2674,2674,2674,2689,2686,2678,2733,2734,2674,2877,2878,2879,2871,2872,2873,2620,2874,2875,2876,2689,2686,2827,2689,2686,2836,2689,2686,2687,2689,2686,2834,2824,2833,2828,2824,2833,2690,2689,2686,2688,2646,2625,2626,2628,2630,2632,2635,2731,2647,2634,2641,2645,2648,2650,2657,2658,2633,3122,2619,2567,2566,2567,2535,3157,2622,2535,2535,2663,2884,2661,2627,2636,2629,2638,2642,2660,2644,2880,2651,2652,2653,2656,2659,2535,2535,2535,2535,2535,2535,2535,2535,2535,2535,2623,2732,2643,3164,3158,3155,3153,3154,3156,3159,3162,2665,2666,2667,2668,2669,2670,2886,2887,2888,2928,3340,3342,3398,3399,3426,3425,3334,3335,3336,3337,3341,3414,3428,3429,3430,3431,3432,3433,3441,3338,3608,3610,3611,3612,3745,3746,3744,3778,3779,3780,3781,3971,3972,3970,3977,3978,3979,2674,4028,4074,4076,,4077,4078,4079,4080,4081,4082,4083,4084,4085,4086,4087,4088,4089,4090,2599,2600,2601
235,Cata Saracen Male,2534,2676,2536,0,0,2617,2618,2535,2535,2615,2682,2883,2882,2535,2535,2535,2689,2686,2678,2736,2677,2535,2877,2878,2879,2871,2872,2873,2620,2874,2875,2876,2689,2686,2827,2689,2686,2836,2689,2686,2687,2689,2686,2834,2824,2833,2828,2824,2833,2690,2689,2686,2688,2646,2625,2626,2628,2630,2632,2635,2731,2647,2634,2641,2645,2648,2650,2657,2658,2633,3122,2619,2567,2566,2567,2535,3157,2622,2535,2535,2663,2884,2661,2627,2636,2629,2638,2642,2660,2644,2880,2651,2652,2653,2656,2659,2535,2535,2535,2535,2535,2535,2535,2535,2535,2535,2623,2732,2643,3164,3158,3155,3153,3154,3156,3159,3162,2665,2666,2667,2668,2669,2670,2886,2887,2888,2928,3340,3342,3398,3399,3426,3425,3334,3335,3336,3337,3341,3414,3428,3429,3430,3431,3432,3433,3441,3338,3608,3610,3611,3612,3745,3746,3744,3778,3779,3780,3781,3971,3972,3970,3977,3978,3979,2535,4027,4074,4075,,4077,4078,4079,4080,4081,4082,4083,4084,4085,4086,4087,4088,4089,4090,2599,2600,2601
236,Cata Saracen Female,2881,2676,2728,0,0,2617,2618,2535,2674,2615,2682,2883,2882,2674,2674,2674,2689,2686,2678,2733,2734,2674,2877,2878,2879,2871,2872,2873,2620,2874,2875,2876,2689,2686,2827,2689,2686,2836,2689,2686,2687,2689,2686,2834,2824,2833,2828,2824,2833,2690,2689,2686,2688,2646,2625,2626,2628,2630,2632,2635,2731,2647,2634,2641,2645,2648,2650,2657,2658,2633,3122,2619,2567,2566,2567,2535,3157,2622,2535,2535,2663,2884,2661,2627,2636,2629,2638,2642,2660,2644,2880,2651,2652,2653,2656,2659,2535,2535,2535,2535,2535,2535,2535,2535,2535,2535,2623,2732,2643,3164,3158,3155,3153,3154,3156,3159,3162,2665,2666,2667,2668,2669,2670,2886,2887,2888,2928,3340,3342,3398,3399,3426,3425,3334,3335,3336,3337,3341,3414,3428,3429,3430,3431,3432,3433,3441,3338,3608,3610,3611,3612,3745,3746,3744,3778,3779,3780,3781,3971,3972,3970,3977,3978,3979,2674,4028,4074,4076,,4077,4078,4079,4080,4081,4082,4083,4084,4085,4086,4087,4088,4089,4090,2599,2600,2601
237,Cata Frostalf Male,2534,2676,2536,0,0,2617,2618,2535,2535,2615,2682,2883,2882,2535,2535,2535,2685,2686,2678,2736,2677,2535,2877,2878,2879,2871,2872,2873,2620,2874,2875,2876,2685,2686,2827,2685,2686,2836,2685,2686,2687,2685,2686,2834,2684,2833,2828,2684,2833,2690,2685,2686,2688,2646,2625,2626,2628,2630,2632,2635,2731,2647,2634,2641,2645,2648,2650,2657,2658,2633,3122,2619,2567,2566,2567,2535,3157,2622,2535,2535,2663,2884,2661,2627,2636,2629,2638,2642,2660,2644,2880,2651,2652,2653,2656,2659,2535,2535,2535,2535,2535,2535,2535,2535,2535,2535,2623,2732,2643,3164,3158,3155,3153,3154,3156,3159,3162,2665,2666,2667,2668,2669,2670,2886,2887,2888,2928,3340,3342,3398,3399,3426,3425,3334,3335,3336,3337,3341,3414,3428,3429,3430,3431,3432,3433,3441,3338,3608,3610,3611,3612,3745,3746,3744,3778,3779,3780,3781,3971,3972,3970,3977,3978,3979,2535,4027,4074,4075,,4077,4078,4079,4080,4081,4082,4083,4084,4085,4086,4087,4088,4089,4090,2599,2600,2601
238,Cata Frostalf Female,2881,2676,2728,0,0,2617,2618,2535,2674,2615,2682,2883,2882,2674,2674,2674,2685,2686,2678,2733,2734,2674,2877,2878,2879,2871,2872,2873,2620,2874,2875,2876,2685,2686,2827,2685,2686,2836,2685,2686,2687,2685,2686,2834,2684,2833,2828,2684,2833,2690,2685,2686,2688,2646,2625,2626,2628,2630,2632,2635,2731,2647,2634,2641,2645,2648,2650,2657,2658,2633,3122,2619,2567,2566,2567,2535,3157,2622,2535,2535,2663,2884,2661,2627,2636,2629,2638,2642,2660,2644,2880,2651,2652,2653,2656,2659,2535,2535,2535,2535,2535,2535,2535,2535,2535,2535,2623,2732,2643,3164,3158,3155,3153,3154,3156,3159,3162,2665,2666,2667,2668,2669,2670,2886,2887,2888,2928,3340,3342,3398,3399,3426,3425,3334,3335,3336,3337,3341,3414,3428,3429,3430,3431,3432,3433,3441,3338,3608,3610,3611,3612,3745,3746,3744,3778,3779,3780,3781,3971,3972,3970,3977,3978,3979,2674,4028,4074,4076,,4077,4078,4079,4080,4081,4082,4083,4084,4085,4086,4087,4088,4089,4090,2599,2600,2601
239,Cata Shar Male,2534,2676,2536,0,0,2617,2618,2535,2535,2615,2682,2883,2882,2535,2535,2535,2830,2686,2678,2736,2677,2535,2877,2878,2879,2871,2872,2873,2620,2874,2875,2876,2830,2686,2827,2830,2686,2836,2830,2686,2687,2830,2686,2834,2831,2833,2828,2831,2833,2690,2830,2686,2688,2646,2625,2626,2628,2630,2632,2635,2731,2647,2634,2641,2645,2648,2650,2657,2658,2633,3122,2619,2567,2566,2567,2535,3157,2622,2535,2535,2663,2884,2661,2627,2636,2629,2638,2642,2660,2644,2880,2651,2652,2653,2656,2659,2535,2535,2535,2535,2535,2535,2535,2535,2535,2535,2623,2732,2643,3164,3158,3155,3153,3154,3156,3159,3162,2665,2666,2667,2668,2669,2670,2886,2887,2888,2928,3340,3342,3398,3399,3426,3425,3334,3335,3336,3337,3341,3414,3428,3429,3430,3431,3432,3433,3441,3338,3608,3610,3611,3612,3745,3746,3744,3778,3779,3780,3781,3971,3972,3970,3977,3978,3979,2535,4027,4074,4075,,4077,4078,4079,4080,4081,4082,4083,4084,4085,4086,4087,4088,4089,4090,2599,2600,2601
240,Cata Shar Female,2881,2676,2728,0,0,2617,2618,2535,2674,2615,2682,2883,2882,2674,2674,2674,2830,2686,2678,2733,2734,2674,2877,2878,2879,2871,2872,2873,2620,2874,2875,2876,2830,2686,2827,2830,2686,2836,2830,2686,2687,2830,2686,2834,2831,2833,2828,2831,2833,2690,2830,2686,2688,2646,2625,2626,2628,2630,2632,2635,2731,2647,2634,2641,2645,2648,2650,2657,2658,2633,3122,2619,2567,2566,2567,2535,3157,2622,2535,2535,2663,2884,2661,2627,2636,2629,2638,2642,2660,2644,2880,2651,2652,2653,2656,2659,2535,2535,2535,2535,2535,2535,2535,2535,2535,2535,2623,2732,2643,3164,3158,3155,3153,3154,3156,3159,3162,2665,2666,2667,2668,2669,2670,2886,2887,2888,2928,3340,3342,3398,3399,3426,3425,3334,3335,3336,3337,3341,3414,3428,3429,3430,3431,3432,3433,3441,3338,3608,3610,3611,3612,3745,3746,3744,3778,3779,3780,3781,3971,3972,3970,3977,3978,3979,2674,4028,4074,4076,,4077,4078,4079,4080,4081,4082,4083,4084,4085,4086,4087,4088,4089,4090,2599,2600,2601
241,Cata Avalonian Male,2534,2676,2536,0,0,2617,2618,2535,2535,2615,2682,2883,2882,2535,2535,2535,2689,2686,2678,2736,2677,2535,2877,2878,2879,2871,2872,2873,2620,2874,2875,2876,2689,2686,2827,2689,2686,2836,2689,2686,2687,2689,2686,2834,2824,2833,2828,2824,2833,2690,2689,2686,2688,2646,2625,2626,2628,2630,2632,2635,2731,2647,2634,2641,2645,2648,2650,2657,2658,2633,3122,2619,2567,2566,2567,2535,3157,2622,2535,2535,2663,2884,2661,2627,2636,2629,2638,2642,2660,2644,2880,2651,2652,2653,2656,2659,2535,2535,2535,2535,2535,2535,2535,2535,2535,2535,2623,2732,2643,3164,3158,3155,3153,3154,3156,3159,3162,2665,2666,2667,2668,2669,2670,2886,2887,2888,2928,3340,3342,3398,3399,3426,3425,3334,3335,3336,3337,3341,3414,3428,3429,3430,3431,3432,3433,3441,3338,3608,3610,3611,3612,3745,3746,3744,3778,3779,3780,3781,3971,3972,3970,3977,3978,3979,2535,2536,4074,4075,,4077,4078,4079,4080,4081,4082,4083,4084,4085,4086,4087,4088,4089,4090,2599,2600,2601
242,Cata Avalonian Female,2881,2676,2728,0,0,2617,2618,2535,2674,2615,2682,2883,2882,2674,2674,2674,2689,2686,2678,2733,2734,2674,2877,2878,2879,2871,2872,2873,2620,2874,2875,2876,2689,2686,2827,2689,2686,2836,2689,2686,2687,2689,2686,2834,2824,2833,2828,2824,2833,2690,2689,2686,2688,2646,2625,2626,2628,2630,2632,2635,2731,2647,2634,2641,2645,2648,2650,2657,2658,2633,3122,2619,2567,2566,2567,2535,3157,2622,2535,2535,2663,2884,2661,2627,2636,2629,2638,2642,2660,2644,2880,2651,2652,2653,2656,2659,2535,2535,2535,2535,2535,2535,2535,2535,2535,2535,2623,2732,2643,3164,3158,3155,3153,3154,3156,3159,3162,2665,2666,2667,2668,2669,2670,2886,2887,2888,2928,3340,3342,3398,3399,3426,3425,3334,3335,3336,3337,3341,3414,3428,3429,3430,3431,3432,3433,3441,3338,3608,3610,3611,3612,3745,3746,3744,3778,3779,3780,3781,3971,3972,3970,3977,3978,3979,2674,2728,4074,4076,,4077,4078,4079,4080,4081,4082,4083,4084,4085,4086,4087,4088,4089,4090,2599,2600,2601
243,Cata Elf Male,2534,2676,2536,0,0,2617,2618,2535,2535,2615,2682,2883,2882,2535,2535,2535,2830,2686,2678,2736,2677,2535,2877,2878,2879,2871,2872,2873,2620,2874,2875,2876,2830,2686,2827,2830,2686,2836,2830,2686,2687,2830,2686,2834,2831,2833,2828,2831,2833,2690,2830,2686,2688,2646,2625,2626,2628,2630,2632,2635,2731,2647,2634,2641,2645,2648,2650,2657,2658,2633,3122,2619,2567,2566,2567,2535,3157,2622,2535,2535,2663,2884,2661,2627,2636,2629,2638,2642,2660,2644,2880,2651,2652,2653,2656,2659,2535,2535,2535,2535,2535,2535,2535,2535,2535,2535,2623,2732,2643,3164,3158,3155,3153,3154,3156,3159,3162,2665,2666,2667,2668,2669,2670,2886,2887,2888,2928,3340,3342,3398,3399,3426,3425,3334,3335,3336,3337,3341,3414,3428,3429,3430,3431,3432,3433,3441,3338,3608,3610,3611,3612,3745,3746,3744,3778,3779,3780,3781,3971,3972,3970,3977,3978,3979,2535,4027,4074,4075,,4077,4078,4079,4080,4081,4082,4083,4084,4085,4086,4087,4088,4089,4090,2599,2600,2601
244,Cata Elf Female,2881,2676,2728,0,0,2617,2618,2535,2674,2615,2682,2883,2882,2674,2674,2674,2830,2686,2678,2733,2734,2674,2877,2878,2879,2871,2872,2873,2620,2874,2875,2876,2830,2686,2827,2830,2686,2836,2830,2686,2687,2830,2686,2834,2831,2833,2828,2831,2833,2690,2830,2686,2688,2646,2625,2626,2628,2630,2632,2635,2731,2647,2634,2641,2645,2648,2650,2657,2658,2633,3122,2619,2567,2566,2567,2535,3157,2622,2535,2535,2663,2884,2661,2627,2636,2629,2638,2642,2660,2644,2880,2651,2652,2653,2656,2659,2535,2535,2535,2535,2535,2535,2535,2535,2535,2535,2623,2732,2643,3164,3158,3155,3153,3154,3156,3159,3162,2665,2666,2667,2668,2669,2670,2886,2887,2888,2928,3340,3342,3398,3399,3426,3425,3334,3335,3336,3337,3341,3414,3428,3429,3430,3431,3432,3433,3441,3338,3608,3610,3611,3612,3745,3746,3744,3778,3779,3780,3781,3971,3972,3970,3977,3978,3979,2674,4028,4074,4076,,4077,4078,4079,4080,4081,4082,4083,4084,4085,4086,4087,4088,4089,4090,2599,2600,2601
245,Cata Highlander Male,2534,2676,2536,0,0,2617,2618,2535,2535,2615,2682,2883,2882,2535,2535,2535,2689,2686,2678,2736,2677,2535,2877,2878,2879,2871,2872,2873,2620,2874,2875,2876,2689,2686,2827,2689,2686,2836,2689,2686,2687,2689,2686,2834,2824,2833,2828,2824,2833,2690,2689,2686,2688,2646,2625,2626,2628,2630,2632,2635,2731,2647,2634,2641,2645,2648,2650,2657,2658,2633,3122,2619,2567,2566,2567,2535,3157,2622,2535,2535,2663,2884,2661,2627,2636,2629,2638,2642,2660,2644,2880,2651,2652,2653,2656,2659,2535,2535,2535,2535,2535,2535,2535,2535,2535,2535,2623,2732,2643,3164,3158,3155,3153,3154,3156,3159,3162,2665,2666,2667,2668,2669,2670,2886,2887,2888,2928,3340,3342,3398,3399,3426,3425,3334,3335,3336,3337,3341,3414,3428,3429,3430,3431,3432,3433,3441,3338,3608,3610,3611,3612,3745,3746,3744,3778,3779,3780,3781,3971,3972,3970,3977,3978,3979,2535,4027,4074,4075,,4077,4078,4079,4080,4081,4082,4083,4084,4085,4086,4087,4088,4089,4090,2599,2600,2601
246,Cata Highlander Female,2881,2676,2728,0,0,2617,2618,2535,2674,2615,2682,2883,2882,2674,2674,2674,2689,2686,2678,2733,2734,2674,2877,2878,2879,2871,2872,2873,2620,2874,2875,2876,2689,2686,2827,2689,2686,2836,2689,2686,2687,2689,2686,2834,2824,2833,2828,2824,2833,2690,2689,2686,2688,2646,2625,2626,2628,2630,2632,2635,2731,2647,2634,2641,2645,2648,2650,2657,2658,2633,3122,2619,2567,2566,2567,2535,3157,2622,2535,2535,2663,2884,2661,2627,2636,2629,2638,2642,2660,2644,2880,2651,2652,2653,2656,2659,2535,2535,2535,2535,2535,2535,2535,2535,2535,2535,2623,2732,2643,3164,3158,3155,3153,3154,3156,3159,3162,2665,2666,2667,2668,2669,2670,2886,2887,2888,2928,3340,3342,3398,3399,3426,3425,3334,3335,3336,3337,3341,3414,3428,3429,3430,3431,3432,3433,3441,3338,3608,3610,3611,3612,3745,3746,3744,3778,3779,3780,3781,3971,3972,3970,3977,3978,3979,2674,4028,4074,4076,,4077,4078,4079,4080,4081,4082,4083,4084,4085,4086,4087,4088,4089,4090,2599,2600,2601
247,Cata Norse Male,2534,2676,2536,0,0,2617,2618,2727,2535,2615,2682,2883,2882,2535,2535,2535,2685,2686,2678,2736,2677,2535,2877,2878,2879,2871,2872,2873,2620,2874,2875,2876,2685,2686,2827,2685,2686,2836,2685,2686,2687,2685,2686,2834,2684,2833,2828,2684,2833,2690,2685,2686,2688,2646,2625,2626,2628,2630,2632,2635,2731,2647,2634,2641,2645,2648,2650,2657,2658,2633,3122,2619,2567,2566,2567,2535,3157,2622,2535,2535,2663,2884,2661,2627,2636,2629,2638,2642,2660,2644,2880,2651,2652,2653,2656,2659,2535,2535,2535,2535,2535,2535,2535,2535,2535,2535,2623,2732,2643,3164,3158,3155,3153,3154,3156,3159,3162,2665,2666,2667,2668,2669,2670,2886,2887,2888,2928,3340,3342,3398,3399,3426,3425,3334,3335,3336,3337,3341,3414,3428,3429,3430,3431,3432,3433,3441,3338,3608,3610,3611,3612,3745,3746,3744,3778,3779,3780,3781,3971,3972,3970,3977,3978,3979,2535,4027,4074,4075,,4077,4078,4079,4080,4081,4082,4083,4084,4085,4086,4087,4088,4089,4090,2599,2600,2601
248,Cata Norse Female,2881,2676,2728,0,0,2617,2618,2535,2674,2615,2682,2883,2882,2674,2674,2674,2685,2686,2678,2733,2734,2674,2877,2878,2879,2871,2872,2873,2620,2874,2875,2876,2685,2686,2827,2685,2686,2836,2685,2686,2687,2685,2686,2834,2684,2833,2828,2684,2833,2690,2685,2686,2688,2646,2625,2626,2628,2630,2632,2635,2731,2647,2634,2641,2645,2648,2650,2657,2658,2633,3122,2619,2567,2566,2567,2535,3157,2622,2535,2535,2663,2884,2661,2627,2636,2629,2638,2642,2660,2644,2880,2651,2652,2653,2656,2659,2535,2535,2535,2535,2535,2535,2535,2535,2535,2535,2623,2732,2643,3164,3158,3155,3153,3154,3156,3159,3162,2665,2666,2667,2668,2669,2670,2886,2887,2888,2928,3340,3342,3398,3399,3426,3425,3334,3335,3336,3337,3341,3414,3428,3429,3430,3431,3432,3433,3441,3338,3608,3610,3611,3612,3745,3746,3744,3778,3779,3780,3781,3971,3972,3970,3977,3978,3979,2674,4028,4074,4076,,4077,4078,4079,4080,4081,4082,4083,4084,4085,4086,4087,4088,4089,4090,2599,2600,2601
249,Cata Lurikeen Male,3031,2676,3029,0,0,2617,2618,2535,2535,2615,2682,2883,2882,2535,2535,2535,2830,2686,2678,2736,2677,2535,2877,2878,2879,2871,2872,2873,2620,2874,2875,2876,2830,2686,2827,2830,2686,2836,2830,2686,2687,2830,2686,2834,2831,2833,2828,2831,2833,2690,2830,2686,2688,2646,2625,2626,2628,2630,2632,2635,2731,2647,2634,2641,2645,2648,2650,2657,2658,2633,3122,2619,2567,2566,2567,2535,3157,2622,2535,2535,2663,2884,2661,2627,2636,2629,2638,2642,2660,2644,2880,2651,2652,2653,2656,2659,2535,2535,2535,2535,2535,2535,2535,2535,2535,2535,2623,2732,2643,3164,3158,3155,3153,3154,3156,3159,3161,2665,2666,2667,2668,2669,2670,2886,2887,2888,2928,3340,3342,3398,3399,3426,3425,3334,3335,3336,3337,3341,3414,3428,3429,3430,3431,3432,3433,3441,3338,3608,3610,3611,3612,3745,3746,3744,3778,3779,3780,3781,3971,3972,3970,3977,3978,3979,2535,4031,4074,4075,,4077,4078,4079,4080,4081,4082,4083,4084,4085,4086,4087,4088,4089,4090,2599,2600,2601
250,Cata Lurikeen Female,2881,2676,2728,0,0,2617,2618,2535,2674,2615,2682,2883,2882,2674,2674,2674,2830,2686,2678,2733,2734,2674,2877,2878,2879,2871,2872,2873,2620,2874,2875,2876,2830,2686,2827,2830,2686,2836,2830,2686,2687,2830,2686,2834,2831,2833,2828,2831,2833,2690,2830,2686,2688,2646,2625,2626,2628,2630,2632,2635,2731,2647,2634,2641,2645,2648,2650,2657,2658,2633,3122,2619,2567,2566,2567,2535,3157,2622,2535,2535,2663,2884,2661,2627,2636,2629,2638,2642,2660,2644,2880,2651,2652,2653,2656,2659,2535,2535,2535,2535,2535,2535,2535,2535,2535,2535,2623,2732,2643,3164,3158,3155,3153,3154,3156,3159,3161,2665,2666,2667,2668,2669,2670,2886,2887,2888,2928,3340,3342,3398,3399,3426,3425,3334,3335,3336,3337,3341,3414,3428,3429,3430,3431,3432,3433,3441,3338,3608,3610,3611,3612,3745,3746,3744,3778,3779,3780,3781,3971,3972,3970,3977,3978,3979,2674,4028,4074,4076,,4077,4078,4079,4080,4081,4082,4083,4084,4085,4086,4087,4088,4089,4090,2599,2600,2601
251,Cata Kobold Male,2534,2676,2536,0,0,2617,2618,2535,2535,2615,2682,2883,2882,2535,2535,2535,2685,2686,2678,2736,2677,2535,2877,2878,2879,2871,2872,2873,2620,2874,2875,2876,2685,2686,2827,2685,2686,2836,2685,2686,2687,2685,2686,2834,2684,2833,2828,2684,2833,2690,2685,2686,2688,2646,2625,2626,2628,2630,2632,2635,2731,2647,2634,2641,2645,2648,2650,2657,2658,2633,3122,2619,2567,2566,2567,2535,3157,2622,2535,2535,2663,2884,2661,2627,2636,2629,2638,2642,2660,2644,2880,2651,2652,2653,2656,2659,2535,2535,2535,2535,2535,2535,2535,2535,2535,2535,2623,2732,2643,3164,3158,3155,3153,3154,3156,3159,3161,2665,2666,2667,2668,2669,2670,2886,2887,2888,2928,3340,3342,3398,3399,3426,3425,3334,3335,3336,3337,3341,3414,3428,3429,3430,3431,3432,3433,3441,3338,3608,3610,3611,3612,3745,3746,3744,3778,3779,3780,3781,3971,3972,3970,3977,3978,3979,2535,4027,4074,4075,,4077,4078,4079,4080,4081,4082,4083,4084,4085,4086,4087,4088,4089,4090,2599,2600,2601
252,Cata Kobold Female,2881,2676,2728,0,0,2617,2618,2535,2674,2615,2682,2883,2882,2674,2674,2674,2685,2686,2678,2733,2734,2674,2877,2878,2879,2871,2872,2873,2620,2874,2875,2876,2685,2686,2827,2685,2686,2836,2685,2686,2687,2685,2686,2834,2684,2833,2828,2684,2833,2690,2685,2686,2688,2646,2625,2626,2628,2630,2632,2635,2731,2647,2634,2641,2645,2648,2650,2657,2658,2633,3122,2619,2567,2566,2567,2535,3157,2622,2535,2535,2663,2884,2661,2627,2636,2629,2638,2642,2660,2644,2880,2651,2652,2653,2656,2659,2535,2535,2535,2535,2535,2535,2535,2535,2535,2535,2623,2732,2643,3164,3158,3155,3153,3154,3156,3159,3161,2665,2666,2667,2668,2669,2670,2886,2887,2888,2928,3340,3342,3398,3399,3426,3425,3334,3335,3336,3337,3341,3414,3428,3429,3430,3431,3432,3433,3441,3338,3608,3610,3611,3612,3745,3746,3744,3778,3779,3780,3781,3971,3972,3970,3977,3978,3979,2674,4028,4074,4076,,4077,4078,4079,4080,4081,4082,4083,4084,4085,4086,4087,4088,4089,4090,2599,2600,2601
253,Cata Dwarf Male,2534,2676,2536,0,0,2617,2618,2535,2726,2615,2682,2883,2882,2726,2726,2726,2685,2686,2678,2736,2677,2726,2877,2878,2879,2871,2872,2873,2620,2874,2875,2876,2685,2686,2827,2685,2686,2836,2685,2686,2687,2685,2686,2834,2684,2833,2828,2684,2833,2690,2685,2686,2688,2646,2625,2626,2628,2630,2632,2635,2731,2647,2634,2641,2645,2648,2650,2657,2658,2633,3122,2619,2567,2566,2567,2535,3157,2622,2535,2535,2663,2884,2661,2627,2636,2629,2638,2642,2660,2644,2880,2651,2652,2653,2656,2659,2535,2535,2535,2535,2535,2535,2535,2535,2535,2535,2623,2732,2643,3164,3158,3155,3153,3154,3156,3159,3162,2665,2666,2667,2668,2669,2670,2886,2887,2888,2928,3340,3342,3398,3399,3426,3425,3334,3335,3336,3337,3341,3414,3428,3429,3430,3431,3432,3433,3441,3338,3608,3610,3611,3612,3745,3746,3744,3778,3779,3780,3781,3971,3972,3970,3977,3978,3979,2726,4027,4074,4075,,4077,4078,4079,4080,4081,4082,4083,4084,4085,4086,4087,4088,4089,4090,2599,2600,2601
254,Cata Dwarf Female,2881,2676,2728,0,0,2617,2618,2535,2674,2615,2682,2883,2882,2674,2674,2674,2685,2686,2678,2733,2734,2740,2877,2878,2879,2871,2872,2873,2620,2874,2875,2876,2685,2686,2827,2685,2686,2836,2685,2686,2687,2685,2686,2834,2684,2833,2828,2684,2833,2690,2685,2686,2688,2646,2625,2626,2628,2630,2632,2635,2731,2647,2634,2641,2645,2648,2650,2657,2658,2633,3122,2619,2567,2566,2567,2535,3157,2622,2535,2535,2663,2884,2661,2627,2636,2629,2638,2642,2660,2644,2880,2651,2652,2653,2656,2659,2535,2535,2535,2535,2535,2535,2535,2535,2535,2535,2623,2732,2643,3164,3158,3155,3153,3154,3156,3159,3162,2665,2666,2667,2668,2669,2670,2886,2887,2888,2928,3340,3342,3398,3399,3426,3425,3334,3335,3336,3337,3341,3414,3428,3429,3430,3431,3432,3433,3441,3338,3608,3610,3611,3612,3745,3746,3744,3778,3779,3780,3781,3971,3972,3970,3977,3978,3979,2674,4028,4074,4076,,4077,4078,4079,4080,4081,4082,4083,4084,4085,4086,4087,4088,4089,4090,2599,2600,2601
255,Cata Inconnu Male,2534,2676,2536,0,0,2617,2618,2535,2535,2615,2682,2883,2882,2535,2535,2535,2689,2686,2678,2736,2677,2535,2877,2878,2879,2871,2872,2873,2620,2874,2875,2876,2689,2686,2827,2689,2686,2836,2689,2686,2687,2689,2686,2834,2824,2833,2828,2824,2833,2690,2689,2686,2688,2646,2625,2626,2628,2630,2632,2635,2731,2647,2634,2641,2645,2648,2650,2657,2658,2633,3122,2619,2567,2566,2567,2535,3157,2622,2535,2535,2663,2884,2661,2627,2636,2629,2638,2642,2660,2644,2880,2651,2652,2653,2656,2659,2535,2535,2535,2535,2535,2535,2535,2535,2535,2535,2623,2732,2643,3164,3158,3155,3153,3154,3156,3159,3161,2665,2666,2667,2668,2669,2670,2886,2887,2888,2928,3340,3342,3398,3399,3426,3425,3334,3335,3336,3337,3341,3414,3428,3429,3430,3431,3432,3433,3441,3338,3608,3610,3611,3612,3745,3746,3744,3778,3779,3780,3781,3971,3972,3970,3977,3978,3979,2535,4027,4074,4075,,4077,4078,4079,4080,4081,4082,4083,4084,4085,4086,4087,4088,4089,4090,2599,2600,2601
256,Cata Inconnu Female,2881,2676,2728,0,0,2617,2618,2535,2674,2615,2682,2883,2882,2674,2674,2674,2689,2686,2678,2733,2734,2674,2877,2878,2879,2871,2872,2873,2620,2874,2875,2876,2689,2686,2827,2689,2686,2836,2689,2686,2687,2689,2686,2834,2824,2833,2828,2824,2833,2690,2689,2686,2688,2646,2625,2626,2628,2630,2632,2635,2731,2647,2634,2641,2645,2648,2650,2657,2658,2633,3122,2619,2567,2566,2567,2535,3157,2622,2535,2535,2663,2884,2661,2627,2636,2629,2638,2642,2660,2644,2880,2651,2652,2653,2656,2659,2535,2535,2535,2535,2535,2535,2535,2535,2535,2535,2623,2732,2643,3164,3158,3155,3153,3154,3156,3159,3161,2665,2666,2667,2668,2669,2670,2886,2887,2888,2928,3340,3342,3398,3399,3426,3425,3334,3335,3336,3337,3341,3414,3428,3429,3430,3431,3432,3433,3441,3338,3608,3610,3611,3612,3745,3746,3744,3778,3779,3780,3781,3971,3972,3970,3977,3978,3979,2674,4028,4074,4076,,4077,4078,4079,4080,4081,4082,4083,4084,4085,4086,4087,4088,4089,4090,2599,2600,2601
257,Cata Half Ogre Male,2911,2676,2912,0,0,2617,2618,2535,3030,2615,2682,2883,2882,3030,3030,3030,2689,2686,2678,2736,2677,3030,2877,2878,2879,2871,2872,2873,3203,2874,2875,2876,2689,2686,2827,2689,2686,2836,2689,2686,2687,2689,2686,2834,2824,2833,2828,2824,2833,2690,2689,2686,2688,2646,2625,2626,2628,2630,2632,2635,2731,2647,2634,2641,2645,2648,2650,2657,2658,2633,3122,2619,2567,2566,2567,2535,3157,2622,2535,2535,2663,2884,2661,2627,2636,2629,2638,2642,2660,2644,2880,2651,2652,2653,2656,2659,2535,2535,2535,2535,2535,2535,2535,2535,2535,2535,2623,2732,2643,3164,3158,3155,3153,3154,3156,3159,3163,2665,2666,2667,2668,2669,2670,2886,2887,2888,2928,3340,3342,3398,3399,3426,3425,3334,3335,3336,3337,3341,3414,3428,3429,3430,3431,3432,3433,3441,3338,3608,3610,3611,3612,3745,3746,3744,3778,3779,3780,3781,3971,3972,3970,3977,3978,3979,3030,2912,4074,4075,,4077,4078,4079,4080,4081,4082,4083,4084,4085,4086,4087,4088,4089,4090,2599,2600,2601
258,Cata Half Ogre Female,2911,2676,2912,0,0,2617,2618,2535,2674,2615,2682,2883,2882,2674,2674,2674,2689,2686,2678,2733,2734,2674,2877,2878,2879,2871,2872,2873,3203,2874,2875,2876,2689,2686,2827,2689,2686,2836,2689,2686,2687,2689,2686,2834,2824,2833,2828,2824,2833,2690,2689,2686,2688,2646,2625,2626,2628,2630,2632,2635,2731,2647,2634,2641,2645,2648,2650,2657,2658,2633,3122,2619,2567,2566,2567,2535,3157,2622,2535,2535,2663,2884,2661,2627,2636,2629,2638,2642,2660,2644,2880,2651,2652,2653,2656,2659,2535,2535,2535,2535,2535,2535,2535,2535,2535,2535,2623,2732,2643,3164,3158,3155,3153,3154,3156,3159,3163,2665,2666,2667,2668,2669,2670,2886,2887,2888,2928,3340,3342,3398,3399,3426,3425,3334,3335,3336,3337,3341,3414,3428,3429,3430,3431,3432,3433,3441,3338,3608,3610,3611,3612,3745,3746,3744,3778,3779,3780,3781,3971,3972,3970,3977,3978,3979,2674,2912,4074,4076,,4077,4078,4079,4080,4081,4082,4083,4084,4085,4086,4087,4088,4089,4090,2599,2600,2601
259,Cata Valkyn Male,2576,2676,2578,0,0,2617,2618,2535,2574,2615,2682,2883,2882,2574,2574,2574,2685,2686,2678,2737,2738,2574,2877,2878,2879,2871,2872,2873,2620,2874,2875,2876,2685,2686,2827,2685,2686,2836,2685,2686,2687,2685,2686,2834,2684,2833,2828,2684,2833,2690,2685,2686,2688,2646,2625,2626,2628,2630,2632,2635,2731,2647,2634,2641,2645,2648,2650,2657,2658,2633,3122,2619,2567,2566,2567,2574,3157,2622,2574,2574,2663,2884,2661,2627,2636,2629,2638,2642,2660,2644,2880,2651,2652,2653,2656,2659,2535,2535,2535,2535,2535,2535,2535,2535,2535,2535,2623,2732,2643,3164,3158,3155,3153,3154,3156,3159,3162,2665,2666,2667,2668,2669,2670,2886,2887,2888,2928,3340,3342,3398,3399,3426,3425,3334,3335,3336,3337,3341,3414,3428,3429,3430,3431,3432,3433,3441,3338,3608,3610,3611,3612,3745,3746,3744,3778,3779,3780,3781,3971,3972,3970,3977,3978,3979,2574,4029,4074,4075,,4077,4078,4079,4080,4081,4082,4083,4084,4085,4086,4087,4088,4089,4090,2599,2600,2601
260,Cata Valkyn Female,2673,2676,2671,0,0,2617,2618,2535,2672,2615,2682,2883,2882,2672,2672,2672,2685,2686,2678,2737,2738,2672,2877,2878,2879,2871,2872,2873,2620,2874,2875,2876,2685,2686,2827,2685,2686,2836,2685,2686,2687,2685,2686,2834,2684,2833,2828,2684,2833,2690,2685,2686,2688,2646,2625,2626,2628,2630,2632,2635,2731,2647,2634,2641,2645,2648,2650,2657,2658,2633,3122,2619,2567,2566,2567,2672,3157,2622,2672,2672,2663,2884,2661,2627,2636,2629,2638,2642,2660,2644,2880,2651,2652,2653,2656,2659,2535,2535,2535,2535,2535,2535,2535,2535,2535,2535,2623,2732,2643,3164,3158,3155,3153,3154,3156,3159,3162,2665,2666,2667,2668,2669,2670,2886,2887,2888,2928,3340,3342,3398,3399,3426,3425,3334,3335,3336,3337,3341,3414,3428,3429,3430,3431,3432,3433,3441,3338,3608,3610,3611,3612,3745,3746,3744,3778,3779,3780,3781,3971,3972,3970,3977,3978,3979,2672,4030,4074,4076,,4077,4078,4079,4080,4081,4082,4083,4084,4085,4086,4087,4088,4089,4090,2599,2600,2601
261,Cata Firbolg Male,2921,2676,2920,0,0,2617,2618,2535,2919,2615,2682,2883,2882,2919,2919,2919,2830,2686,2678,2736,2677,2919,2877,2878,2879,2871,2872,2873,3203,2874,2875,2876,2830,2686,2827,2830,2686,2836,2830,2686,2687,2830,2686,2834,2831,2833,2828,2831,2833,2690,2830,2686,2688,2646,2625,2626,2628,2630,2632,2635,2731,2647,2634,2641,2645,2648,2650,2657,2658,2633,3122,2619,2567,2566,2567,2535,3157,2622,2535,2535,2663,2884,2661,2627,2636,2629,2638,2642,2660,2644,2880,2651,2652,2653,2656,2659,2535,2535,2535,2535,2535,2535,2535,2535,2535,2535,2623,2732,2643,3164,3158,3155,3153,3154,3156,3159,3163,2665,2666,2667,2668,2669,2670,2886,2887,2888,2928,3340,3342,3398,3399,3426,3425,3334,3335,3336,3337,3341,3414,3428,3429,3430,3431,3432,3433,3441,3338,3608,3610,3611,3612,3745,3746,3744,3778,3779,3780,3781,3971,3972,3970,3977,3978,3979,2919,2920,4074,4075,,4077,4078,4079,4080,4081,4082,4083,4084,4085,4086,4087,4088,4089,4090,2599,2600,2601
262,Cata Firbolg Female,2921,2676,2920,0,0,2617,2618,2535,2674,2615,2682,2883,2882,2674,2674,2674,2830,2686,2678,2733,2734,2674,2877,2878,2879,2871,2872,2873,3203,2874,2875,2876,2830,2686,2827,2830,2686,2836,2830,2686,2687,2830,2686,2834,2831,2833,2828,2831,2833,2690,2830,2686,2688,2646,2625,2626,2628,2630,2632,2635,2731,2647,2634,2641,2645,2648,2650,2657,2658,2633,3122,2619,2567,2566,2567,2535,3157,2622,2535,2535,2663,2884,2661,2627,2636,2629,2638,2642,2660,2644,2880,2651,2652,2653,2656,2659,2535,2535,2535,2535,2535,2535,2535,2535,2535,2535,2623,2732,2643,3164,3158,3155,3153,3154,3156,3159,3163,2665,2666,2667,2668,2669,2670,2886,2887,2888,2928,3340,3342,3398,3399,3426,3425,3334,3335,3336,3337,3341,3414,3428,3429,3430,3431,3432,3433,3441,3338,3608,3610,3611,3612,3745,3746,3744,3778,3779,3780,3781,3971,3972,3970,3977,3978,3979,2674,2920,4074,4076,,4077,4078,4079,4080,4081,4082,4083,4084,4085,4086,4087,4088,4089,4090,2599,2600,2601
263,Cata Troll Male,2575,2676,2577,0,0,2617,2618,2535,2573,2615,2682,2883,2882,2573,2573,2573,2685,2686,2678,2579,2580,2573,2877,2878,2879,2871,2872,2873,3203,2874,2875,2876,2685,2686,2827,2685,2686,2836,2685,2686,2687,2685,2686,2834,2684,2833,2828,2684,2833,2690,2685,2686,2688,2646,2625,2626,2628,2630,2632,2635,2731,2647,2634,2641,2645,2648,2650,2657,2658,2633,3122,2619,2567,2566,2567,2573,3157,2622,2573,2573,2663,2884,2661,2627,2636,2629,2638,2642,2660,2644,2880,2651,2652,2653,2656,2659,2535,2535,2535,2535,2535,2535,2535,2535,2535,2535,2623,2732,2643,3164,3158,3155,3153,3154,3156,3159,3163,2665,2666,2667,2668,2669,2670,2886,2887,2888,2928,3340,3342,3398,3399,3426,3425,3334,3335,3336,3337,3341,3414,3428,3429,3430,3431,3432,3433,3441,3338,3608,3610,3611,3612,3745,3746,3744,3778,3779,3780,3781,3971,3972,3970,3977,3978,3979,2573,2577,4074,4075,,4077,4091,4079,4080,4081,4082,4083,4084,4085,4086,4087,4088,4089,4090,2599,2600,2601
264,Cata Troll Female,2575,2676,2577,0,0,2617,2618,2535,2741,2615,2682,2883,2882,2741,2741,2741,2685,2686,2678,2579,2580,2741,2877,2878,2879,2871,2872,2873,3203,2874,2875,2876,2685,2686,2827,2685,2686,2836,2685,2686,2687,2685,2686,2834,2684,2833,2828,2684,2833,2690,2685,2686,2688,2646,2625,2626,2628,2630,2632,2635,2731,2647,2634,2641,2645,2648,2650,2657,2658,2633,3122,2619,2567,2566,2567,2573,3157,2622,2573,2573,2663,2884,2661,2627,2636,2629,2638,2642,2660,2644,2880,2651,2652,2653,2656,2659,2535,2535,2535,2535,2535,2535,2535,2535,2535,2535,2623,2732,2643,3164,3158,3155,3153,3154,3156,3159,3163,2665,2666,2667,2668,2669,2670,2886,2887,2888,2928,3340,3342,3398,3399,3426,3425,3334,3335,3336,3337,3341,3414,3428,3429,3430,3431,3432,3433,3441,3338,3608,3610,3611,3612,3745,3746,3744,3778,3779,3780,3781,3971,3972,3970,3977,3978,3979,2741,2577,4074,4076,,4077,4091,4079,4080,4081,4082,4083,4084,4085,4086,4087,4088,4089,4090,2599,2600,2601
265,Cata Celt Male,2534,2676,2536,0,0,2617,2618,2535,2535,2615,2682,2883,2882,2535,2535,2535,2830,2686,2678,2736,2677,2535,2877,2878,2879,2871,2872,2873,2620,2874,2875,2876,2830,2686,2827,2830,2686,2836,2830,2686,2687,2830,2686,2834,2831,2833,2828,2831,2833,2690,2830,2686,2688,2646,2625,2626,2628,2630,2632,2635,2731,2647,2634,2641,2645,2648,2650,2657,2658,2633,3122,2619,2567,2566,2567,2535,3157,2622,2535,2535,2663,2884,2661,2627,2636,2629,2638,2642,2660,2644,2880,2651,2652,2653,2656,2659,2535,2535,2535,2535,2535,2535,2535,2535,2535,2535,2623,2732,2643,3164,3158,3155,3153,3154,3156,3159,3162,2665,2666,2667,2668,2669,2670,2886,2887,2888,2928,3340,3342,3398,3399,3426,3425,3334,3335,3336,3337,3341,3414,3428,3429,3430,3431,3432,3433,3441,3338,3608,3610,3611,3612,3745,3746,3744,3778,3779,3780,3781,3971,3972,3970,3977,3978,3979,2535,4027,4074,4075,,4077,4078,4079,4080,4081,4082,4083,4084,4085,4086,4087,4088,4089,4090,2599,2600,2601
266,Cata Celt Female,2881,2676,2728,0,0,2617,2618,2535,2674,2615,2682,2883,2882,2674,2674,2674,2830,2686,2678,2733,2734,2674,2877,2878,2879,2871,2872,2873,2620,2874,2875,2876,2830,2686,2827,2830,2686,2836,2830,2686,2687,2830,2686,2834,2831,2833,2828,2831,2833,2690,2830,2686,2688,2646,2625,2626,2628,2630,2632,2635,2731,2647,2634,2641,2645,2648,2650,2657,2658,2633,3122,2619,2567,2566,2567,2535,3157,2622,2535,2535,2663,2884,2661,2627,2636,2629,2638,2642,2660,2644,2880,2651,2652,2653,2656,2659,2535,2535,2535,2535,2535,2535,2535,2535,2535,2535,2623,2732,2643,3164,3158,3155,3153,3154,3156,3159,3162,2665,2666,2667,2668,2669,2670,2886,2887,2888,2928,3340,3342,3398,3399,3426,3425,3334,3335,3336,3337,3341,3414,3428,3429,3430,3431,3432,3433,3441,3338,3608,3610,3611,3612,3745,3746,3744,3778,3779,3780,3781,3971,3972,3970,3977,3978,3979,2674,4028,4074,4076,,4077,4078,4079,4080,4081,4082,4083,4084,4085,4086,4087,4088,4089,4090,2599,2600,2601
267,Cata Sylvan Male,2534,2676,2536,0,0,2617,2618,2535,3083,2615,2682,2883,2882,3083,3083,3083,2830,2686,2678,2736,2677,3083,2877,2878,2879,2871,2872,2873,2620,2874,2875,2876,2830,2686,2827,2830,2686,2836,2830,2686,2687,2830,2686,2834,2831,2833,2828,2831,2833,2690,2830,2686,2688,2646,2625,2626,2628,2630,2632,2635,2731,2647,2634,2641,2645,2648,2650,2657,2658,2633,3122,2619,2567,2566,2567,2535,3157,2622,2535,2535,2663,2884,2661,2627,2636,2629,2638,2642,2660,2644,2880,2651,2652,2653,2656,2659,2535,2535,2535,2535,2535,2535,2535,2535,2535,2535,2623,2732,2643,3164,3158,3155,3153,3154,3156,3159,3162,2665,2666,2667,2668,2669,2670,2886,2887,2888,2928,3340,3342,3398,3399,3426,3425,3334,3335,3336,3337,3341,3414,3428,3429,3430,3431,3432,3433,3441,3338,3608,3610,3611,3612,3745,3746,3744,3778,3779,3780,3781,3971,3972,3970,3977,3978,3979,3083,2536,4074,4075,,4077,4078,4079,4080,4081,4082,4083,4084,4085,4086,4087,4088,4089,4090,2599,2600,2601
268,Cata Sylvan Female,2881,2676,2728,0,0,2617,2618,2535,3084,2615,2682,2883,2882,3084,3084,3084,2830,2686,2678,2733,2734,3084,2877,2878,2879,2871,2872,2873,2620,2874,2875,2876,2830,2686,2827,2830,2686,2836,2830,2686,2687,2830,2686,2834,2831,2833,2828,2831,2833,2690,2830,2686,2688,2646,2625,2626,2628,2630,2632,2635,2731,2647,2634,2641,2645,2648,2650,2657,2658,2633,3122,2619,2567,2566,2567,2535,3157,2622,2535,2535,2663,2884,2661,2627,2636,2629,2638,2642,2660,2644,2880,2651,2652,2653,2656,2659,2535,2535,2535,2535,2535,2535,2535,2535,2535,2535,2623,2732,2643,3164,3158,3155,3153,3154,3156,3159,3162,2665,2666,2667,2668,2669,2670,2886,2887,2888,2928,3340,3342,3398,3399,3426,3425,3334,3335,3336,3337,3341,3414,3428,3429,3430,3431,3432,3433,3441,3338,3608,3610,3611,3612,3745,3746,3744,3778,3779,3780,3781,3971,3972,3970,3977,3978,3979,3084,2728,4074,4076,,4077,4078,4079,4080,4081,4082,4083,4084,4085,4086,4087,4088,4089,4090,2599,2600,2601
269,Terracite,2505,2505,2506,0,0,0,0,2505,2516,2514,0,0,0,2516,2517,2517,2510,2511,2512,0,0,0,0,0,0,0,0,0,2505,0,0,0,2510,2511,2512,2510,2511,2512,2510,2511,2512,2510,2511,2512,2510,2511,2512,2510,2511,2512,2510,2511,2512,2517,2517,2517,2517,2517,2517,2517,2517,2517,2517,2517,2517,2517,2517,2517,2517,2517,2517,2517,2517,2517,2517,2517,2517,2517,2517,2517,2517,2517,2517,2517,2517,2517,2517,2517,2517,2517,2517,2517,2517,2517,2517,2517,2517,2517,2517,2517,2517,2517,2517,2517,2517,2517,2517,2517,2517,2517,2517,2517,2517,2517,2517,2517,2517,2665,2666,2667,2668,2669,2670,0,0,0,2506,,,,,,,,,,,,,,,,,,,,,,,,,,,,,,,,,,,,,,,,,,,,,,,,,,,,,,,,,2518,2518,2518
270,Gargoyle Ground,2334,2334,2332,0,0,0,0,2529,2522,2530,0,0,0,2522,2523,2524,2519,2520,2521,0,0,0,0,0,0,0,0,0,2334,0,0,0,2519,2520,2521,2519,2520,2521,2519,2520,2521,2519,2520,2521,2519,2520,2521,2519,2520,2521,2519,2520,2521,0,0,0,0,0,0,0,0,0,0,0,0,0,0,0,0,0,0,0,0,0,0,0,0,0,0,0,0,0,0,0,0,0,0,0,0,0,0,0,0,0,0,0,0,0,0,0,0,0,0,0,0,0,0,0,0,0,0,0,0,0,0,0,0,2665,2666,2667,2668,2669,2670,0,0,0,2332,,,,,,,,,,,,,,,,,,,,,,,,,,,,,,,,,,,,,,,,,,,,,,,,,,,,,,,,,2532,2532,2532
271,Gargoyle Air,2334,2334,2529,0,0,0,0,2529,2522,2526,0,0,0,2522,2523,2524,2519,2520,2521,0,0,0,0,0,0,0,0,0,2334,0,0,0,2519,2520,2521,2519,2520,2521,2519,2520,2521,2519,2520,2521,2519,2520,2521,2519,2520,2521,2519,2520,2521,0,0,0,0,0,0,0,0,0,0,0,0,0,0,0,0,0,0,0,0,0,0,0,0,0,0,0,0,0,0,0,0,0,0,0,0,0,0,0,0,0,0,0,0,0,0,0,0,0,0,0,0,0,0,0,0,0,0,0,0,0,0,0,0,2665,2666,2667,2668,2669,2670,0,0,0,2529,,,,,,,,,,,,,,,,,,,,,,,,,,,,,,,,,,,,,,,,,,,,,,,,,,,,,,,,,2528,2528,2528
272,Cata Old Man,2675,2676,2536,0,0,2617,2618,2535,2681,2615,2682,2883,2882,2681,2681,2681,2689,2686,2678,2736,2677,2535,2877,2878,2879,2871,2872,2873,2620,2874,2875,2876,2689,2686,2827,2689,2686,2836,2689,2686,2687,2689,2686,2834,2824,2833,2828,2824,2833,2690,2689,2686,2688,2646,2625,2626,2628,2630,2632,2635,2731,2647,2634,2641,2645,2648,2650,2657,2658,2633,3122,2619,2567,2566,2567,2535,3157,2622,2535,2535,2663,2884,2661,2627,2636,2629,2638,2642,2660,2644,2880,2651,2652,2653,2656,2659,2535,2535,2535,2535,2535,2535,2535,2535,2535,2535,2623,2732,2643,3164,3158,3155,3153,3154,3156,3159,3162,2665,2666,2667,2668,2669,2670,2886,2887,2888,2928,,,,,,,,,,,,,,,,,,,,,,,,,,,,,,,,,,,,,,,,,,,,,,,,,,,,,,,,,2599,2600,2601
273,Cata Old Woman,2675,2676,2536,0,0,2617,2618,2535,2681,2615,2682,2883,2882,2681,2681,2681,2689,2686,2678,2733,2734,2674,2877,2878,2879,2871,2872,2873,2620,2874,2875,2876,2689,2686,2827,2689,2686,2836,2689,2686,2687,2689,2686,2834,2824,2833,2828,2824,2833,2690,2689,2686,2688,2646,2625,2626,2628,2630,2632,2635,2731,2647,2634,2641,2645,2648,2650,2657,2658,2633,3122,2619,2567,2566,2567,2535,3157,2622,2535,2535,2663,2884,2661,2627,2636,2629,2638,2642,2660,2644,2880,2651,2652,2653,2656,2659,2535,2535,2535,2535,2535,2535,2535,2535,2535,2535,2623,2732,2643,3164,3158,3155,3153,3154,3156,3159,3162,2665,2666,2667,2668,2669,2670,2886,2887,2888,2928,,,,,,,,,,,,,,,,,,,,,,,,,,,,,,,,,,,,,,,,,,,,,,,,,,,,,,,,,2599,2600,2601
274,Glashtin,3054,3054,3056,0,0,0,0,0,3058,3060,0,0,0,3058,3058,3058,3061,3061,3061,0,0,0,0,0,0,0,0,0,0,0,0,0,3061,3061,3061,3061,3061,3061,3061,3061,3061,3061,3061,3061,3061,3061,3061,3061,3061,3061,3061,3061,3061,37,38,39,40,41,42,47,45,46,44,48,49,50,51,52,53,43,565,567,583,584,583,0,952,1194,0,0,1315,1317,1318,1321,1322,1537,1538,1539,1540,1541,1542,1543,1544,1545,1546,1547,1548,1549,1550,1551,1552,1553,1554,1555,1556,1557,1558,1559,1560,1894,1941,2051,2052,2053,2102,2171,2503,2665,2666,2667,2668,2669,2670,0,0,0,3056,,,,,,,,,,,,,,,,,,,,,,,,,,,,,,,,,,,,,,,,,,,,,,,,,,,,,,,,,3062,3063,3062
275,Glashtin Shaman/War,3054,3054,3056,0,0,0,0,0,3057,3060,0,0,0,3057,3057,3057,3061,3061,3061,0,0,0,0,0,0,0,0,0,0,0,0,0,3061,3061,3061,3061,3061,3061,3061,3061,3061,3061,3061,3061,3061,3061,3061,3061,3061,3061,3061,3061,3061,37,38,39,40,41,42,47,45,46,44,48,49,50,51,52,53,43,565,567,583,584,583,0,952,1194,0,0,1315,1317,1318,1321,1322,1537,1538,1539,1540,1541,1542,1543,1544,1545,1546,1547,1548,1549,1550,1551,1552,1553,1554,1555,1556,1557,1558,1559,1560,1894,1941,2051,2052,2053,2102,2171,2503,2665,2666,2667,2668,2669,2670,0,0,0,3056,,,,,,,,,,,,,,,,,,,,,,,,,,,,,,,,,,,,,,,,,,,,,,,,,,,,,,,,,3062,3063,3062
276,Evil Kobold 3,3045,3045,3046,0,0,0,0,2431,3070,3068,0,0,0,3070,3071,3070,3052,3052,3052,0,0,0,0,0,0,0,0,0,3065,0,0,0,3067,3067,3067,3067,3067,3067,3067,3067,3067,3067,3067,3067,3067,3067,3067,3067,3067,3067,3067,3067,3067,3070,3070,3070,3070,3070,3070,3070,3070,3070,3070,3070,3070,3070,3070,3070,3070,3070,3070,3070,3070,3070,3070,3070,3070,3070,3070,3070,3070,3070,3070,3070,3070,3070,3070,3070,3070,3070,3070,3070,3070,3070,3070,3070,3070,3070,3070,3070,3070,3070,3070,3070,3070,3070,3070,3070,3070,3070,3070,3070,3070,3070,3070,3070,3070,3070,3070,3070,3070,3070,3070,3070,3070,3070,3046,,,,,,,,,,,,,,,,,,,,,,,,,,,,,,,,,,,,,,,,,,,,,,,,,,,,,,,,,3066,3066,3066
277,Cata Rock Creatures,3075,0,3074,0,0,0,0,0,3072,3077,0,0,0,3072,3079,3080,400,400,404,0,0,0,0,0,0,0,0,0,3075,0,0,0,400,400,404,400,400,404,400,400,404,400,400,404,400,400,404,400,400,404,400,400,404,37,38,39,40,41,42,47,45,46,44,48,49,50,51,52,53,43,565,567,583,584,583,0,0,1194,0,0,1315,1317,1318,1321,1322,1537,1538,1539,1540,1541,1542,1543,1544,1545,1546,1547,1548,1549,1550,1551,1552,1553,1554,1555,1556,1557,1558,1559,1560,1894,1941,2051,2052,2053,2102,2171,2503,2665,2666,2667,2668,2669,2670,0,0,0,3074,,,,,,,,,,,,,,,,,,,,,,,,,,,,,,,,,,,,,,,,,,,,,,,,,,,,,,,,,3081,3081,3081
278,Classic Vamp Celt Male,380,332,381,336,337,340,36,340,329,386,539,333,334,329,329,329,511,520,389,344,345,346,217,218,219,220,221,222,338,474,475,476,511,520,523,511,520,526,511,520,527,511,520,525,512,521,524,512,521,528,511,520,536,37,38,39,40,41,42,47,45,46,44,48,49,50,51,52,53,43,565,567,583,584,583,0,952,1194,0,0,1315,1317,1318,1321,1322,1537,1538,1539,1540,1541,1542,1543,1544,1545,1546,1547,1548,1549,1550,1551,1552,1553,1554,1555,1556,1557,1558,1559,1560,1894,1941,2051,2052,2053,2102,2171,2503,2665,2666,2667,2668,2669,2670,0,0,0,3178,3553,3558,329,329,329,329,329,329,329,3557,3551,329,3550,3559,3556,3552,3554,3555,3484,329,3609,,,,,,,3866,3867,3863,3864,375,376,377,,,,329,4032,4092,4093,,4094,4095,4096,4097,4098,4099,4100,4101,4102,4103,4104,4105,4106,4107,93,94,95
279,Classic Vamp Celt Female,350,332,351,352,353,340,36,340,382,386,539,333,334,382,382,382,511,520,389,341,342,343,217,218,219,220,221,222,338,474,475,476,511,520,523,511,520,526,511,520,527,511,520,525,512,521,524,512,521,528,511,520,536,37,38,39,40,41,42,47,45,46,44,48,49,50,51,52,53,43,565,567,583,584,583,0,952,1194,0,0,1315,1317,1318,1321,1322,1537,1538,1539,1540,1541,1542,1543,1544,1545,1546,1547,1548,1549,1550,1551,1552,1553,1554,1555,1556,1557,1558,1559,1560,1894,1941,2051,2052,2053,2102,2171,2503,2665,2666,2667,2668,2669,2670,0,0,0,3178,3553,3558,382,382,382,382,382,382,382,3557,3551,382,3550,3559,3556,3552,3554,3555,3484,382,3609,,,,,,,3866,3867,3863,3864,375,376,377,,,,382,4033,4092,4093,,4094,4095,4096,4097,4098,4099,4100,4101,4102,4103,4104,4105,4106,4107,93,94,95
280,Classic Vamp Lurikeen Male,181,332,179,336,337,340,36,340,177,386,539,333,334,177,177,177,517,520,389,344,345,346,217,218,219,220,221,222,2094,474,475,476,517,520,523,517,520,526,517,520,527,517,520,525,518,521,524,518,521,528,517,520,536,37,38,39,40,41,42,47,45,46,44,48,49,50,51,52,53,43,565,567,583,584,583,0,952,1194,0,0,1315,1317,1318,1321,1322,1537,1538,1539,1540,1541,1542,1543,1544,1545,1546,1547,1548,1549,1550,1551,1552,1553,1554,1555,1556,1557,1558,1559,1560,1894,1942,2051,2052,2053,2102,2171,2503,2665,2666,2667,2668,2669,2670,0,0,0,3178,3553,3558,177,177,177,177,177,177,177,3557,3551,177,3550,3559,3556,3552,3554,3555,3484,177,3609,,,,,,,3866,3867,3863,3864,375,376,377,,,,177,4034,4092,4093,,4094,4095,4096,4097,4098,4099,4100,4101,4102,4103,4104,4105,4106,4107,93,94,95
281,Classic Vamp Lurikeen Female,180,332,178,352,353,340,36,340,176,386,539,333,334,176,176,176,517,520,389,341,342,343,217,218,219,220,221,222,2094,474,475,476,517,520,523,517,520,526,517,520,527,517,520,525,518,521,524,518,521,528,517,520,536,37,38,39,40,41,42,47,45,46,44,48,49,50,51,52,53,43,565,567,583,584,583,0,952,1194,0,0,1315,1317,1318,1321,1322,1537,1538,1539,1540,1541,1542,1543,1544,1545,1546,1547,1548,1549,1550,1551,1552,1553,1554,1555,1556,1557,1558,1559,1560,1894,1942,2051,2052,2053,2102,2171,2503,2665,2666,2667,2668,2669,2670,0,0,0,3178,3553,3558,176,176,176,176,176,176,176,3557,3551,176,3550,3559,3556,3552,3554,3555,3484,176,3609,,,,,,,3866,3867,3863,3864,375,376,377,,,,176,4035,4092,4093,,4094,4095,4096,4097,4098,4099,4100,4101,4102,4103,4104,4105,4106,4107,93,94,95
282,Classic Vamp Shar Male,380,332,381,336,337,340,36,340,329,386,539,333,334,329,329,329,517,520,389,344,345,346,217,218,219,220,221,222,338,474,475,476,517,520,523,517,520,526,517,520,527,517,520,525,518,521,524,518,521,528,517,520,536,37,38,39,40,41,42,47,45,46,44,48,49,50,51,52,53,43,565,567,583,584,583,0,952,1194,0,0,1315,1317,1318,1321,1322,1537,1538,1539,1540,1541,1542,1543,1544,1545,1546,1547,1548,1549,1550,1551,1552,1553,1554,1555,1556,1557,1558,1559,1560,1894,1941,2051,2052,2053,2102,2171,2503,2665,2666,2667,2668,2669,2670,0,0,0,3178,3553,3558,329,329,329,329,329,329,329,3557,3551,329,3550,3559,3556,3552,3554,3555,3484,329,3609,,,,,,,3866,3867,3863,3864,375,376,377,,,,329,4032,4092,4093,,4094,4095,4096,4097,4098,4099,4100,4101,4102,4103,4104,4105,4106,4107,93,94,95
283,Classic Vamp Shar Female,350,332,351,352,353,340,36,340,382,386,539,333,334,382,382,382,517,520,389,341,342,343,217,218,219,220,221,222,338,474,475,476,517,520,523,517,520,526,517,520,527,517,520,525,518,521,524,518,521,528,517,520,536,37,38,39,40,41,42,47,45,46,44,48,49,50,51,52,53,43,565,567,583,584,583,0,952,1194,0,0,1315,1317,1318,1321,1322,1537,1538,1539,1540,1541,1542,1543,1544,1545,1546,1547,1548,1549,1550,1551,1552,1553,1554,1555,1556,1557,1558,1559,1560,1894,1941,2051,2052,2053,2102,2171,2503,2665,2666,2667,2668,2669,2670,0,0,0,3178,3553,3558,382,382,382,382,382,382,382,3557,3551,382,3550,3559,3556,3552,3554,3555,3484,382,3609,,,,,,,3866,3867,3863,3864,375,376,377,,,,382,4033,4092,4093,,4094,4095,4096,4097,4098,4099,4100,4101,4102,4103,4104,4105,4106,4107,93,94,95
284,Cata Vamp Celt Male,2534,2676,2536,0,0,2617,2618,2535,2535,2615,2682,2883,2882,2535,2535,2535,2830,2686,2678,2736,2677,2304,2877,2878,2879,2871,2872,2873,2620,2874,2875,2876,2457,2686,2827,2457,2686,2836,2457,2686,2687,2457,2686,2834,2831,2833,2828,2831,2833,2690,2457,2686,2688,2646,2625,2626,2628,2630,2632,2635,2731,2647,2634,2641,2645,2648,2650,2657,2658,2633,2535,2619,2567,2566,2535,2535,3157,2622,2535,2535,2663,2884,2661,2627,2636,2629,2638,2642,2660,2644,2880,2651,2652,2653,2656,2659,2535,2535,2535,2535,2535,2535,2535,2535,2535,2535,2623,2732,2643,3164,3158,3155,3153,3154,3156,3159,3162,2665,2666,2667,2668,2669,2670,2886,2887,2888,2928,3340,3342,3398,3399,3426,3425,3334,3335,3336,3337,3341,3414,3428,3429,3430,3431,3432,3433,3441,3338,3608,3610,3611,3612,3745,3746,3744,3778,3779,3780,3781,2602,2603,2604,3977,3978,3979,2535,2536,4074,4075,,4077,4078,4079,4080,4081,4082,4083,4084,4085,4086,4087,4088,4089,4090,2599,2600,2601
285,Cata Vamp Celt Female,2881,2676,2728,0,0,2617,2618,2535,2674,2615,2682,2883,2882,2674,2674,2674,2830,2686,2678,2733,2734,2304,2877,2878,2879,2871,2872,2873,2620,2874,2875,2876,2457,2686,2827,2457,2686,2836,2457,2686,2687,2457,2686,2834,2831,2833,2828,2831,2833,2690,2457,2686,2688,2646,2625,2626,2628,2630,2632,2635,2731,2647,2634,2641,2645,2648,2650,2657,2658,2633,2535,2619,2567,2566,2535,2535,3157,2622,2535,2535,2663,2884,2661,2627,2636,2629,2638,2642,2660,2644,2880,2651,2652,2653,2656,2659,2535,2535,2535,2535,2535,2535,2535,2535,2535,2535,2623,2732,2643,3164,3158,3155,3153,3154,3156,3159,3162,2665,2666,2667,2668,2669,2670,2886,2887,2888,2928,3340,3342,3398,3399,3426,3425,3334,3335,3336,3337,3341,3414,3428,3429,3430,3431,3432,3433,3441,3338,3608,3610,3611,3612,3745,3746,3744,3778,3779,3780,3781,2602,2603,2604,3977,3978,3979,2674,2728,4074,4076,,4077,4078,4079,4080,4081,4082,4083,4084,4085,4086,4087,4088,4089,4090,2599,2600,2601
286,Cata Vamp Lurikeen Male,3031,2676,3029,0,0,2617,2618,2535,2535,2615,2682,2883,2882,2535,2535,2535,2830,2686,2678,2736,2677,2304,2877,2878,2879,2871,2872,2873,2620,2874,2875,2876,2457,2686,2827,2457,2686,2836,2457,2686,2687,2457,2686,2834,2831,2833,2828,2831,2833,2690,2457,2686,2688,2646,2625,2626,2628,2630,2632,2635,2731,2647,2634,2641,2645,2648,2650,2657,2658,2633,2535,2619,2567,2566,2535,2535,3157,2622,2535,2535,2663,2884,2661,2627,2636,2629,2638,2642,2660,2644,2880,2651,2652,2653,2656,2659,2535,2535,2535,2535,2535,2535,2535,2535,2535,2535,2623,2732,2643,3164,3158,3155,3153,3154,3156,3159,3162,2665,2666,2667,2668,2669,2670,2886,2887,2888,2928,3340,3342,3398,3399,3426,3425,3334,3335,3336,3337,3341,3414,3428,3429,3430,3431,3432,3433,3441,3338,3608,3610,3611,3612,3745,3746,3744,3778,3779,3780,3781,2602,2603,2604,3977,3978,3979,2535,3029,4074,4075,,4077,4078,4079,4080,4081,4082,4083,4084,4085,4086,4087,4088,4089,4090,2599,2600,2601
287,Cata Vamp Lurikeen Female,2881,2676,2728,0,0,2617,2618,2535,2674,2615,2682,2883,2882,2674,2674,2674,2830,2686,2678,2733,2734,2304,2877,2878,2879,2871,2872,2873,2620,2874,2875,2876,2457,2686,2827,2457,2686,2836,2457,2686,2687,2457,2686,2834,2831,2833,2828,2831,2833,2690,2457,2686,2688,2646,2625,2626,2628,2630,2632,2635,2731,2647,2634,2641,2645,2648,2650,2657,2658,2633,2535,2619,2567,2566,2535,2535,3157,2622,2535,2535,2663,2884,2661,2627,2636,2629,2638,2642,2660,2644,2880,2651,2652,2653,2656,2659,2535,2535,2535,2535,2535,2535,2535,2535,2535,2535,2623,2732,2643,3164,3158,3155,3153,3154,3156,3159,3162,2665,2666,2667,2668,2669,2670,2886,2887,2888,2928,3340,3342,3398,3399,3426,3425,3334,3335,3336,3337,3341,3414,3428,3429,3430,3431,3432,3433,3441,3338,3608,3610,3611,3612,3745,3746,3744,3778,3779,3780,3781,2602,2603,2604,3977,3978,3979,2674,2728,4074,4076,,4077,4078,4079,4080,4081,4082,4083,4084,4085,4086,4087,4088,4089,4090,2599,2600,2601
288,Cata Vamp Shar Male,2534,2676,2536,0,0,2617,2618,2535,2535,2615,2682,2883,2882,2535,2535,2535,2830,2686,2678,2736,2677,2304,2877,2878,2879,2871,2872,2873,2928,2874,2875,2876,2457,2686,2827,2457,2686,2836,2457,2686,2687,2457,2686,2834,2831,2833,2828,2831,2833,2690,2457,2686,2688,2646,2625,2626,2628,2630,2632,2635,2731,2647,2634,2641,2645,2648,2650,2657,2658,2633,2535,2619,2567,2566,2535,2535,3157,2622,2535,2535,2663,2884,2661,2627,2636,2629,2638,2642,2660,2644,2880,2651,2652,2653,2656,2659,2535,2535,2535,2535,2535,2535,2535,2535,2535,2535,2623,2732,2643,3164,3158,3155,3153,3154,3156,3159,3162,2665,2666,2667,2668,2669,2670,2886,2887,2888,2928,3340,3342,3398,3399,3426,3425,3334,3335,3336,3337,3341,3414,3428,3429,3430,3431,3432,3433,3441,3338,3608,3610,3611,3612,3745,3746,3744,3778,3779,3780,3781,2602,2603,2604,3977,3978,3979,2535,2536,4074,4075,,4077,4078,4079,4080,4081,4082,4083,4084,4085,4086,4087,4088,4089,4090,2599,2600,2601
289,Cata Vamp Shar Female,2881,2676,2728,0,0,2617,2618,2535,2674,2615,2682,2883,2882,2674,2674,2674,2830,2686,2678,2733,2734,2304,2877,2878,2879,2871,2872,2873,2928,2874,2875,2876,2457,2686,2827,2457,2686,2836,2457,2686,2687,2457,2686,2834,2831,2833,2828,2831,2833,2690,2457,2686,2688,2646,2625,2626,2628,2630,2632,2635,2731,2647,2634,2641,2645,2648,2650,2657,2658,2633,2535,2619,2567,2566,2535,2535,3157,2622,2535,2535,2663,2884,2661,2627,2636,2629,2638,2642,2660,2644,2880,2651,2652,2653,2656,2659,2535,2535,2535,2535,2535,2535,2535,2535,2535,2535,2623,2732,2643,3164,3158,3155,3153,3154,3156,3159,3162,2665,2666,2667,2668,2669,2670,2886,2887,2888,2928,3340,3342,3398,3399,3426,3425,3334,3335,3336,3337,3341,3414,3428,3429,3430,3431,3432,3433,3441,3338,3608,3610,3611,3612,3745,3746,3744,3778,3779,3780,3781,2602,2603,2604,3977,3978,3979,2674,2728,4074,4076,,4077,4078,4079,4080,4081,4082,4083,4084,4085,4086,4087,4088,4089,4090,2599,2600,2601
290,Celt Bainshee,3085,3085,3085,0,0,2617,2618,2535,3093,3092,2682,2883,2882,3093,3093,3093,3094,3095,3096,3093,3093,3093,3093,3093,3093,3093,3093,3093,3085,3093,3093,3093,3094,3095,3096,3094,3095,3096,3094,3095,3096,3094,3095,3096,3094,3095,3096,3094,3095,3096,3094,3095,3096,3093,3093,3093,3093,3093,3093,3093,3093,3093,3093,3093,3093,3093,3093,3093,3093,3093,3093,3093,3093,3093,3093,3093,3214,3093,3093,3093,3093,3093,3093,3093,3093,3093,3093,3093,3093,3093,3093,3093,3093,3093,3093,3093,3093,3093,3093,3093,3093,3093,3093,3093,3093,3093,3093,3093,3093,3093,3093,3093,3093,3093,3093,3093,3093,3093,3093,3093,3093,3093,3093,3093,3093,3093,3085,3093,3093,3093,3093,3093,3093,3093,3093,3093,3093,3093,3093,3093,3093,3093,3093,3093,3093,3093,3093,3608,3610,3611,3612,3745,3746,3744,3778,3779,3780,3781,2602,2603,2604,3977,3978,3979,3093,3085,,,,,,,,,,,,,,,,,,2599,2600,2601
291,Glashtin Boss,3101,3101,3106,0,0,0,0,0,3097,3108,0,0,0,3097,3097,3097,3103,3104,3105,0,0,0,0,0,0,0,0,0,3102,0,0,0,3103,3104,3105,3103,3104,3105,3103,3104,3105,3103,3104,3105,3103,3104,3105,3103,3104,3105,3103,3104,3105,37,38,39,40,41,42,47,45,46,44,48,49,50,51,52,53,43,565,567,583,584,583,0,952,1194,0,0,1315,1317,1318,1321,1322,1537,1538,1539,1540,1541,1542,1543,1544,1545,1546,1547,1548,1549,1550,1551,1552,1553,1554,1555,1556,1557,1558,1559,1560,1894,1941,2051,2052,2053,2102,2171,2503,2665,2666,2667,2668,2669,2670,2668,2669,2670,3106,,,,,,,,,,,,,,,,,,,,,,,,,,,,,,,,,,,,,,,,,,,,,,,,,,,,,,,,,3110,3110,3111
292,Shackled Soul,3112,3112,3116,0,0,0,0,0,3117,3119,0,0,0,3117,3117,3117,3113,3114,3115,0,0,0,0,0,0,0,0,0,,0,0,0,3113,3114,3115,3113,3114,3115,3113,3114,3115,3113,3114,3115,3113,3114,3115,3113,3114,3115,3113,3114,3115,3117,3117,3117,3117,3117,3117,3117,3117,3117,3117,3117,3117,3117,3117,3117,3117,3117,3117,3117,3117,3117,3117,3117,3117,3117,3117,3117,3117,3117,3117,3117,3117,3117,3117,3117,3117,3117,3117,3117,3117,3117,3117,3117,3117,3117,3117,3117,3117,3117,3117,3117,3117,3117,3117,3117,3117,3117,3117,3117,3117,3117,3117,3117,3117,3117,3117,3117,3117,3117,3117,3117,3117,3117,3116,,,,,,,,,,,,,,,,,,,,,,,,,,,,,,,,,,,,,,,,,,,,,,,,,,,,,,,,,3121,3121,3121
293,Bat,3152,3152,3152,3152,3152,3152,3152,3152,3152,3152,3152,3152,3152,3152,3152,3152,3152,3152,3152,3152,3152,3152,3152,3152,3152,3152,3152,3152,3152,3152,3152,3152,3152,3152,3152,3152,3152,3152,3152,3152,3152,3152,3152,3152,3152,3152,3152,3152,3152,3152,3152,3152,3152,3152,3152,3152,3152,3152,3152,3152,3152,3152,3152,3152,3152,3152,3152,3152,3152,3152,3152,3152,3152,3152,3152,3152,3152,3152,3152,3152,3152,3152,3152,3152,3152,3152,3152,3152,3152,3152,3152,3152,3152,3152,3152,3152,3152,3152,3152,3152,3152,3152,3152,3152,3152,3152,3152,3152,3152,3152,3152,3152,3152,3152,3152,3152,3152,3152,3152,3152,3152,3152,3152,3152,3152,3152,3152,,,,,,,,,,,,,,,,,,,,,,,,,,,,,,,,,,,,,,,,,,,,,,,,,,,,,,,,,3152,3152,3152
294,Glow Fish,3160,3160,3160,3160,3160,3160,3160,3160,3160,3160,3160,3160,3160,3160,3160,3160,3160,3160,3160,3160,3160,3160,3160,3160,3160,3160,3160,3160,3160,3160,3160,3160,3160,3160,3160,3160,3160,3160,3160,3160,3160,3160,3160,3160,3160,3160,3160,3160,3160,3160,3160,3160,3160,3160,3160,3160,3160,3160,3160,3160,3160,3160,3160,3160,3160,3160,3160,3160,3160,3160,3160,3160,3160,3160,3160,3160,3160,3160,3160,3160,3160,3160,3160,3160,3160,3160,3160,3160,3160,3160,3160,3160,3160,3160,3160,3160,3160,3160,3160,3160,3160,3160,3160,3160,3160,3160,3160,3160,3160,3160,3160,3160,3160,3160,3160,3160,3160,3160,3160,3160,3160,3160,3160,3160,3160,3160,3160,,,,,,,,,,,,,,,,,,,,,,,,,,,,,,,,,,,,,,,,,,,,,,,,,,,,,,,,,3160,3160,3160
295,Classic Bainshee,3191,3191,3191,0,0,0,0,3199,3199,3198,3199,3199,3199,3199,3199,3199,3200,3201,3202,3199,3199,3199,3199,3199,3199,3199,3199,3199,3191,3199,3199,3199,3200,3201,3202,3200,3201,3202,3200,3201,3202,3200,3201,3202,3200,3201,3202,3200,3201,3202,3200,3201,3202,3199,3199,3199,3199,3199,3199,3199,3199,3199,3199,3199,3199,3199,3199,3199,3199,3199,3199,3199,3199,3199,3199,3199,3199,3199,3199,3199,3199,3199,3199,3199,3199,3199,3199,3199,3199,3199,3199,3199,3199,3199,3199,3199,3199,3199,3199,3199,3199,3199,3199,3199,3199,3199,3199,3199,3199,3199,3199,3199,3199,3199,3199,3199,3199,3199,3199,3199,3199,3199,3199,3199,3199,3199,3191,,,,,,,,,,,,,,,,,,,,,,,,,,,,,,,,,,,,,,,,,,,,,,,,,,,,,,,,,3192,3194,3192
296,Fafner,2534,2676,2536,0,0,2617,2618,2535,2535,2615,2682,2883,2882,2535,2535,2535,2689,2686,2678,2736,2677,2535,2877,2878,2879,2871,2872,2873,2620,2874,2875,2876,2689,2686,2827,2689,2686,2836,2689,2686,2687,2689,2686,2834,2824,2833,2828,2824,2833,2690,2689,2686,2688,2646,2625,2626,2628,2630,2632,2635,2731,2647,2634,2641,2645,2648,2650,2657,2658,2633,3122,2619,2567,2566,2535,2535,3157,2622,2535,2535,2663,2884,2661,2627,2636,2629,2638,2642,2660,2644,2880,2651,2652,2653,2656,2659,2535,2535,2535,2535,2535,2535,2535,2535,2535,2535,2623,2732,2643,3164,3158,3155,3153,3154,3156,3159,3162,2665,2666,2667,2668,2669,2670,2886,2887,2888,2928,,,,,,,,,,,,,,,,,,,,,,,,,,,,,,,,,,,,,,,,,,,,,,,,,,,,,,,,,2599,2600,2601
297,Stag/Vendo,2534,2676,2536,0,0,2617,2618,2727,2726,2615,2682,2883,2882,2726,2726,2726,2685,2686,2678,2736,2677,2535,2877,2878,2879,2871,2872,2873,2620,2874,2875,2876,2685,2686,2827,2685,2686,2836,2685,2686,2687,2685,2686,2834,2684,2833,2828,2684,2833,2690,2685,2686,2688,2646,2625,2626,2628,2630,2632,2635,2731,2647,2634,2641,2645,2648,2650,2657,2658,2633,3122,2619,2567,2566,2567,2535,3157,2622,2535,2535,2663,2884,2661,2627,2636,2629,2638,2642,2660,2644,2880,2651,2652,2653,2656,2659,2535,2535,2535,2535,2535,2535,2535,2535,2535,2535,2623,2732,2643,3164,3158,3155,3153,3154,3156,3159,3162,2665,2666,2667,2668,2669,2670,2886,2887,2888,2928,3340,3342,3398,3399,3426,3425,3334,3335,3336,3337,3341,3414,3428,3429,3430,3431,3432,3433,3441,3338,3608,3610,3611,3612,3745,3746,3744,3778,3779,3780,3781,2602,2603,2604,3977,3978,3979,2726,2536,,,,,,,,,,,,,,,,,,2599,2600,2601
298,Classic Male Death 1,380,332,381,336,337,340,36,340,3236,386,539,333,334,3236,3236,3236,511,520,389,344,345,346,217,218,219,220,221,222,338,474,475,476,511,520,523,511,520,526,511,520,527,511,520,525,512,521,524,512,521,528,511,520,536,37,38,39,40,41,42,47,45,46,44,48,49,50,51,52,53,43,565,567,583,584,583,0,952,1194,0,0,1315,1317,1318,1321,1322,1537,1538,1539,1540,1541,1542,1543,1544,1545,1546,1547,1548,1549,1550,1551,1552,1553,1554,1555,1556,1557,1558,1559,1560,1894,1941,2051,2052,2053,2102,2171,2503,3166,3167,3168,3169,3170,3171,3185,3186,3187,2928,,,,,,,,,,,,,,,,,,,,,,,,,,,,,,,,,,,,,,,,,,,,,,,,,,,,,,,,,50,51,52
299,Cata Male Death 1,2534,2676,2536,0,0,2617,2618,2535,3231,2615,2682,2883,2882,3231,3231,3231,2689,2686,2678,2736,2677,2535,2877,2878,2879,2871,2872,2873,2620,2874,2875,2876,2689,2686,2827,2689,2686,2836,2689,2686,2687,2689,2686,2834,2824,2833,2828,2824,2833,2690,2689,2686,2688,2646,2625,2626,2628,2630,2632,2635,2731,2647,2634,2641,2645,2648,2650,2657,2658,2633,3122,2619,2567,2566,2567,2535,3157,2622,2535,2535,2663,2884,2661,2627,2636,2629,2638,2642,2660,2644,2880,2651,2652,2653,2656,2659,2535,2535,2535,2535,2535,2535,2535,2535,2535,2535,2623,2732,2643,3164,3158,3155,3153,3154,3156,3159,3162,2665,2666,2667,2668,2669,2670,2886,2887,2888,2928,,,,,,,,,,,,,,,,,,,,,,,,,,,,,,,,,,,,,,,,,,,,,,,,,,,,,,,,,2648,2650,2657
300,Bat,3217,3217,3217,3217,3217,3217,3217,3217,3217,3217,3217,3217,3217,3217,3217,3217,3217,3217,3217,3217,3217,3217,3217,3217,3217,3217,3217,3217,3217,3217,3217,3217,3217,3217,3217,3217,3217,3217,3217,3217,3217,3217,3217,3217,3217,3217,3217,3217,3217,3217,3217,3217,3217,3217,3217,3217,3217,3217,3217,3217,3217,3217,3217,3217,3217,3217,3217,3217,3217,3217,3217,3217,3217,3217,3217,3217,3217,3217,3217,3217,3217,3217,3217,3217,3217,3217,3217,3217,3217,3217,3217,3217,3217,3217,3217,3217,3217,3217,3217,3217,3217,3217,3217,3217,3217,3217,3217,3217,3217,3217,3217,3217,3217,3217,3217,3217,3217,3217,3217,3217,3217,3217,3217,3217,3217,3217,3217,,,,,,,,,,,,,,,,,,,,,,,,,,,,,,,,,,,,,,,,,,,,,,,,,,,,,,,,,3217,3217,3217
301,Puppy,3218,0,3221,0,0,0,0,0,3220,3220,0,0,0,3220,3220,3219,0,0,0,0,0,0,0,0,0,0,0,0,3232,0,0,0,0,0,0,0,0,0,0,0,0,0,0,0,0,0,0,0,0,0,0,0,0,0,0,0,0,0,0,0,0,0,0,0,0,0,0,0,0,0,0,0,0,0,0,0,0,0,0,0,0,0,0,0,0,0,0,0,0,0,0,0,0,0,0,0,0,0,0,0,0,0,0,0,0,0,0,0,0,0,0,0,0,0,0,0,0,0,0,0,0,0,0,0,0,0,0,,,,,,,,,,,,,,,,,,,,,,,,,,,,,,,,,,,,,,,,,,,,,,,,,,,,,,,,,0,0,0
302,Dummy 1,3227,3227,3227,3227,3227,3227,3227,3227,3227,3227,3227,3227,3227,3227,3227,3227,3227,3227,3227,3227,3227,3227,3227,3227,3227,3227,3227,3227,3227,3227,3227,3227,3227,3227,3227,3227,3227,3227,3227,3227,3227,3227,3227,3227,3227,3227,3227,3227,3227,3227,3227,3227,3227,3227,3227,3227,3227,3227,3227,3227,3227,3227,3227,3227,3227,3227,3227,3227,3227,3227,3227,3227,3227,3227,3227,3227,3227,3227,3227,3227,3227,3227,3227,3227,3227,3227,3227,3227,3227,3227,3227,3227,3227,3227,3227,3227,3227,3227,3227,3227,3227,3227,3227,3227,3227,3227,3227,3227,3227,3227,3227,3227,3227,3227,3227,3227,3227,3227,3227,3227,3227,3227,3227,3227,3227,3227,3227,,,,,,,,,,,,,,,,,,,,,,,,,,,,,,,,,,,,,,,,,,,,,,,,,,,,,,,,,3227,3227,3227
303,Dummy 2,3227,3227,3227,3227,3227,3227,3227,3227,3227,3227,3227,3227,3227,3227,3227,3227,3227,3227,3227,3227,3227,3227,3227,3227,3227,3227,3227,3227,3227,3227,3227,3227,3227,3227,3227,3227,3227,3227,3227,3227,3227,3227,3227,3227,3227,3227,3227,3227,3227,3227,3227,3227,3227,3227,3227,3227,3227,3227,3227,3227,3227,3227,3227,3227,3227,3227,3227,3227,3227,3227,3227,3227,3227,3227,3227,3227,3227,3227,3227,3227,3227,3227,3227,3227,3227,3227,3227,3227,3227,3227,3227,3227,3227,3227,3227,3227,3227,3227,3227,3227,3227,3227,3227,3227,3227,3227,3227,3227,3227,3227,3227,3227,3227,3227,3227,3227,3227,3227,3227,3227,3227,3227,3227,3227,3227,3227,3227,,,,,,,,,,,,,,,,,,,,,,,,,,,,,,,,,,,,,,,,,,,,,,,,,,,,,,,,,3227,3227,3227
304,Dummy 3,3227,3227,3227,3227,3227,3227,3227,3227,3227,3227,3227,3227,3227,3227,3227,3227,3227,3227,3227,3227,3227,3227,3227,3227,3227,3227,3227,3227,3227,3227,3227,3227,3227,3227,3227,3227,3227,3227,3227,3227,3227,3227,3227,3227,3227,3227,3227,3227,3227,3227,3227,3227,3227,3227,3227,3227,3227,3227,3227,3227,3227,3227,3227,3227,3227,3227,3227,3227,3227,3227,3227,3227,3227,3227,3227,3227,3227,3227,3227,3227,3227,3227,3227,3227,3227,3227,3227,3227,3227,3227,3227,3227,3227,3227,3227,3227,3227,3227,3227,3227,3227,3227,3227,3227,3227,3227,3227,3227,3227,3227,3227,3227,3227,3227,3227,3227,3227,3227,3227,3227,3227,3227,3227,3227,3227,3227,3227,,,,,,,,,,,,,,,,,,,,,,,,,,,,,,,,,,,,,,,,,,,,,,,,,,,,,,,,,3227,3227,3227
305,Dummy 4,3227,3227,3227,3227,3227,3227,3227,3227,3227,3227,3227,3227,3227,3227,3227,3227,3227,3227,3227,3227,3227,3227,3227,3227,3227,3227,3227,3227,3227,3227,3227,3227,3227,3227,3227,3227,3227,3227,3227,3227,3227,3227,3227,3227,3227,3227,3227,3227,3227,3227,3227,3227,3227,3227,3227,3227,3227,3227,3227,3227,3227,3227,3227,3227,3227,3227,3227,3227,3227,3227,3227,3227,3227,3227,3227,3227,3227,3227,3227,3227,3227,3227,3227,3227,3227,3227,3227,3227,3227,3227,3227,3227,3227,3227,3227,3227,3227,3227,3227,3227,3227,3227,3227,3227,3227,3227,3227,3227,3227,3227,3227,3227,3227,3227,3227,3227,3227,3227,3227,3227,3227,3227,3227,3227,3227,3227,3227,,,,,,,,,,,,,,,,,,,,,,,,,,,,,,,,,,,,,,,,,,,,,,,,,,,,,,,,,3227,3227,3227
306,Dummy 5,3227,3227,3227,3227,3227,3227,3227,3227,3227,3227,3227,3227,3227,3227,3227,3227,3227,3227,3227,3227,3227,3227,3227,3227,3227,3227,3227,3227,3227,3227,3227,3227,3227,3227,3227,3227,3227,3227,3227,3227,3227,3227,3227,3227,3227,3227,3227,3227,3227,3227,3227,3227,3227,3227,3227,3227,3227,3227,3227,3227,3227,3227,3227,3227,3227,3227,3227,3227,3227,3227,3227,3227,3227,3227,3227,3227,3227,3227,3227,3227,3227,3227,3227,3227,3227,3227,3227,3227,3227,3227,3227,3227,3227,3227,3227,3227,3227,3227,3227,3227,3227,3227,3227,3227,3227,3227,3227,3227,3227,3227,3227,3227,3227,3227,3227,3227,3227,3227,3227,3227,3227,3227,3227,3227,3227,3227,3227,,,,,,,,,,,,,,,,,,,,,,,,,,,,,,,,,,,,,,,,,,,,,,,,,,,,,,,,,3227,3227,3227
307,Cata Tutorial Smith,2534,2676,2536,0,0,2617,2618,2727,2535,2615,2682,2883,2882,2535,2535,3228,2685,2686,2678,2736,2677,2535,2877,2878,2879,2871,2872,2873,2620,2874,2875,2876,2685,2686,2827,2685,2686,2836,2685,2686,2687,2685,2686,2834,2684,2833,2828,2684,2833,2690,2685,2686,2688,2646,2625,2626,2628,2630,2632,2635,2731,2647,2634,2641,2645,2648,2650,2657,2658,2633,3122,2619,2567,2566,2567,2535,3157,2622,2535,2535,2663,2884,2661,2627,2636,2629,2638,2642,2660,2644,2880,2651,2652,2653,2656,2659,2535,2535,2535,2535,2535,2535,2535,2535,2535,2535,2623,2732,2643,3164,3158,3155,3153,3154,3156,3159,3162,2665,2666,2667,2668,2669,2670,2886,2887,2888,2928,,,,,,,,,,,,,,,,,,,,,,,,,,,,,,,,,,,,,,,,,,,,,,,,,,,,,,,,,3228,3228,3228
308,Boiling Oil Monster,2427,2427,2427,2427,2427,2427,2427,2427,2427,2427,2427,2427,2427,2427,2427,2427,2427,2427,2428,2427,2427,2427,2427,2427,2427,2427,2427,2427,2427,2427,2427,2427,2427,2427,2427,2427,2427,2427,2427,2427,2427,2427,2427,2427,2427,2427,2427,2427,2427,2427,2427,2427,2427,2427,2427,2427,2427,2427,2427,2427,2427,2427,2427,2427,2427,2427,2427,2427,2427,2427,2427,2427,2427,2427,2427,2427,2427,2427,2427,2427,2427,2427,2427,2427,2427,2427,2427,2427,2427,2427,2427,2427,2427,2427,2427,2427,2427,2427,2427,2427,2427,2427,2427,2427,2427,2427,2427,2427,2427,2427,2427,2427,2427,2427,2427,2427,2427,2427,2427,2427,2427,2427,2427,2427,2427,2427,2427,,,,,,,,,,,,,,,,,,,,,,,,,,,,,,,,,,,,,,,,,,,,,,,,,,,,,,,,,2428,2428,2428
309,Cata Tutorial Lumber Jack,2534,2676,2536,0,0,2617,2618,2727,2535,2615,2682,2883,2882,3229,3229,3229,2685,2686,2678,2736,2677,2535,2877,2878,2879,2871,2872,2873,2620,2874,2875,2876,2685,2686,2827,2685,2686,2836,2685,2686,2687,2685,2686,2834,2684,2833,2828,2684,2833,2690,2685,2686,2688,2646,2625,2626,2628,2630,2632,2635,2731,2647,2634,2641,2645,2648,2650,2657,2658,2633,3122,2619,2567,2566,2567,2535,3157,2622,2535,2535,2663,2884,2661,2627,2636,2629,2638,2642,2660,2644,2880,2651,2652,2653,2656,2659,2535,2535,2535,2535,2535,2535,2535,2535,2535,2535,2623,2732,2643,3164,3158,3155,3153,3154,3156,3159,3162,2665,2666,2667,2668,2669,2670,2886,2887,2888,2928,,,,,,,,,,,,,,,,,,,,,,,,,,,,,,,,,,,,,,,,,,,,,,,,,,,,,,,,,3229,3229,3229
310,Cata Male Death 2,2534,2676,2536,0,0,2617,2618,2535,3230,2615,2682,2883,2882,3230,3230,3230,2689,2686,2678,2736,2677,2535,2877,2878,2879,2871,2872,2873,2620,2874,2875,2876,2689,2686,2827,2689,2686,2836,2689,2686,2687,2689,2686,2834,2824,2833,2828,2824,2833,2690,2689,2686,2688,2646,2625,2626,2628,2630,2632,2635,2731,2647,2634,2641,2645,2648,2650,2657,2658,2633,3122,2619,2567,2566,2567,2535,3157,2622,2535,2535,2663,2884,2661,2627,2636,2629,2638,2642,2660,2644,2880,2651,2652,2653,2656,2659,2535,2535,2535,2535,2535,2535,2535,2535,2535,2535,2623,2732,2643,3164,3158,3155,3153,3154,3156,3159,3162,2665,2666,2667,2668,2669,2670,2886,2887,2888,2928,,,,,,,,,,,,,,,,,,,,,,,,,,,,,,,,,,,,,,,,,,,,,,,,,,,,,,,,,2648,2650,2657
311,Horse Caravan,3233,3233,3233,3233,3233,3233,3233,3233,3238,3239,3233,3233,3233,3238,3238,3238,3233,3233,3233,3233,3233,3233,3233,3233,3233,3233,3233,3233,3233,3233,3233,3233,3233,3233,3233,3233,3233,3233,3233,3233,3233,3233,3233,3233,3233,3233,3233,3233,3233,3233,3233,3233,3233,3233,3233,3233,3233,3233,3233,3233,3233,3233,3233,3233,3233,3233,3233,3233,3233,3233,3233,3233,3233,3233,3233,3233,3233,3233,3233,3233,3233,3233,3233,3233,3233,3233,3233,3233,3233,3233,3233,3233,3233,3233,3233,3233,3233,3233,3233,3233,3233,3233,3233,3233,3233,3233,3233,3233,3233,3233,3233,3233,3233,3233,3233,3233,3233,3233,3233,3233,3233,3233,3233,3233,3233,3233,3233,,,,,,,,,,,,,,,,,,,,,,,,,,,,,,,,,,,,,,,,,,,,,,,,,,,,,,,,,3233,3233,3233
312,Classic Male Death 2,380,332,381,336,337,340,36,340,3235,386,539,333,334,3235,3235,3235,511,520,389,344,345,346,217,218,219,220,221,222,338,474,475,476,511,520,523,511,520,526,511,520,527,511,520,525,512,521,524,512,521,528,511,520,536,37,38,39,40,41,42,47,45,46,44,48,49,50,51,52,53,43,565,567,583,584,583,0,952,1194,0,0,1315,1317,1318,1321,1322,1537,1538,1539,1540,1541,1542,1543,1544,1545,1546,1547,1548,1549,1550,1551,1552,1553,1554,1555,1556,1557,1558,1559,1560,1894,1941,2051,2052,2053,2102,2171,2503,3166,3167,3168,3169,3170,3171,3185,3186,3187,2928,,,,,,,,,,,,,,,,,,,,,,,,,,,,,,,,,,,,,,,,,,,,,,,,,,,,,,,,,50,51,52
313,Classic Tutorial Smith,380,332,381,336,337,340,36,340,329,386,539,333,334,329,329,329,511,520,389,344,345,346,217,218,219,220,221,222,338,474,475,476,511,520,523,511,520,526,511,520,527,511,520,525,512,521,524,512,521,528,511,520,536,37,38,39,40,41,42,47,45,46,44,48,49,50,51,52,53,43,565,567,583,584,583,0,952,1194,0,0,1315,1317,1318,1321,1322,1537,1538,1539,1540,1541,1542,1543,1544,1545,1546,1547,1548,1549,1550,1551,1552,1553,1554,1555,1556,1557,1558,1559,1560,1894,1941,2051,2052,2053,2102,2171,2503,3166,3167,3168,3169,3170,3171,3185,3186,3187,2928,,,,,,,,,,,,,,,,,,,,,,,,,,,,,,,,,,,,,,,,,,,,,,,,,,,,,,,,,3237,3237,3237
314,Classic Tutorial Lumber jack,380,332,381,336,337,340,36,340,329,386,539,333,334,329,329,329,511,520,389,344,345,346,217,218,219,220,221,222,338,474,475,476,511,520,523,511,520,526,511,520,527,511,520,525,512,521,524,512,521,528,511,520,536,37,38,39,40,41,42,47,45,46,44,48,49,50,51,52,53,43,565,567,583,584,583,0,952,1194,0,0,1315,1317,1318,1321,1322,1537,1538,1539,1540,1541,1542,1543,1544,1545,1546,1547,1548,1549,1550,1551,1552,1553,1554,1555,1556,1557,1558,1559,1560,1894,1941,2051,2052,2053,2102,2171,2503,3166,3167,3168,3169,3170,3171,3185,3186,3187,2928,,,,,,,,,,,,,,,,,,,,,,,,,,,,,,,,,,,,,,,,,,,,,,,,,,,,,,,,,3234,3234,3234
315,Cata Horse,3246,3246,3243,3244,3245,3437,3436,0,3241,74,0,3244,3245,3241,3241,3241,3241,3241,3241,3241,3241,3241,3241,3241,3241,3241,3241,3241,3485,3241,3241,3241,3241,3241,3241,3241,3241,3241,3241,3241,3241,3241,3241,3241,3241,3241,3241,3241,3241,3241,3241,3241,3241,3241,3241,3241,3241,3241,3241,3241,3241,3333,3241,3241,3241,3241,3241,3241,3241,3241,3241,3241,3241,3241,3241,3241,3241,3241,3241,3241,3241,3241,3241,3241,3241,3241,3241,3241,3241,3241,3241,3241,3241,3241,3241,3241,3241,3241,3241,3241,3241,3241,3241,3241,3241,3241,3241,3241,3241,3241,3241,3241,3241,3241,3241,3241,3241,3241,3241,3241,3241,3241,3241,3241,3241,3241,3243,3241,3241,3241,3241,3331,3332,3334,3335,3336,3241,3241,3241,3241,3241,3241,3241,3241,3241,3241,3241, , , , , ,,,,,,,,,,,,,,,,,,,,,,,,,,,,,,,,3241,3241,3241
316,NOT USED,2534,2676,3251,0,0,2617,2618,2535,3251,2615,2682,2883,2882,3251,3251,3251,2689,2686,2678,2736,2677,2535,2877,2878,2879,2871,2872,2873,2620,2874,2875,2876,2689,2686,2827,2689,2686,2836,2689,2686,2687,2689,2686,2834,2824,2833,2828,2824,2833,2690,2689,2686,2688,2646,2625,2626,2628,2630,2632,2635,2731,2647,2634,2641,2645,2648,2650,2657,2658,2633,3122,3249,2567,2566,2567,2535,3157,2622,2535,2535,2663,2884,2661,2627,2636,2629,2638,2642,2660,2644,2880,2651,2652,2653,2656,2659,2535,2535,2535,2535,2535,2535,2535,2535,2535,2535,2623,2732,2643,3164,3158,3155,3153,3154,3156,3159,3162,2665,2666,2667,2668,2669,2670,2886,2887,2888,2928,,,,,,,,,,,,,,,,,,,,,,,,,,,,,,,,,,,,,,,,,,,,,,,,,,,,,,,,,2599,2600,2601
317,NOT USED,2534,2676,3252,0,0,2617,2618,2535,3252,2615,2682,2883,2882,3252,3252,3252,2689,2686,2678,2736,2677,2535,2877,2878,2879,2871,2872,2873,2620,2874,2875,2876,2689,2686,2827,2689,2686,2836,2689,2686,2687,2689,2686,2834,2824,2833,2828,2824,2833,2690,2689,2686,2688,2646,2625,2626,2628,2630,2632,2635,2731,2647,2634,2641,2645,2648,2650,2657,2658,2633,3122,3249,2567,2566,2567,2535,3157,2622,2535,2535,2663,2884,2661,2627,2636,2629,2638,2642,2660,2644,2880,2651,2652,2653,2656,2659,2535,2535,2535,2535,2535,2535,2535,2535,2535,2535,2623,2732,2643,3164,3158,3155,3153,3154,3156,3159,3162,2665,2666,2667,2668,2669,2670,2886,2887,2888,2928,,,,,,,,,,,,,,,,,,,,,,,,,,,,,,,,,,,,,,,,,,,,,,,,,,,,,,,,,2599,2600,2601
318,Chamberlin,3257,3257,3258,3253,3253,3253,3253,3253,3253,3260,3253,3253,3253,3253,3252,3253,3264,3265,3266,3253,3253,3253,3253,3253,3253,3253,3253,3253,3262,3253,3253,3253,3264,3265,3266,3264,3265,3266,3264,3265,3266,3264,3265,3266,3264,3265,3266,3264,3265,3266,3264,3265,3266,3264,3265,3266,3264,3265,3266,3264,3265,3266,3264,3265,3266,3264,3265,3266,3264,3265,3266,3264,3265,3266,3264,3265,3266,3264,3265,3266,3264,3265,3266,3264,3265,3266,3264,3265,3266,3264,3265,3266,3264,3265,3266,3264,3265,3266,3264,3265,3266,3264,3265,3266,3264,3265,3266,3264,3265,3266,3264,3265,3266,3264,3265,3266,3264,3265,3266,3264,3265,3266,3264,3265,3266,3264,3265,,,,,,,,,,,,,,,,,,,,,,,,,,,,,,,,,,,,,,,,,,,,,,,,,,,,,,,,,3263,3263,3263
319,Inquisitrix,3382,3382,3386,0,0,3388,0,0,3388,3390,3388,3388,3388,3388,3387,3388,3385,3384,3383,0,0,0,0,0,0,0,0,0,0,0,0,0,3385,3384,3383,3385,3384,3383,3385,3384,3383,3385,3384,3383,3385,3384,3383,3385,3384,3383,3385,3384,3383,3388,3388,3388,3388,3388,3388,3388,3388,3388,3388,3388,3388,3388,3388,3388,3388,3388,3388,3388,3388,3388,3388,3388,3388,3388,3388,3388,3388,3388,3388,3388,3388,3388,3388,3388,3388,3388,3388,3388,3388,3388,3388,3388,3388,3388,3388,3388,3388,3388,3388,3388,3388,3388,3388,3388,3388,3388,3388,3388,3388,3388,3388,3388,3388,3388,3388,3388,3388,3388,3388,3388,3388,3388,3388,,,,,,,,,,,,,,,,,,,,,,,,,,,,,,,,,,,,,,,,,,,,,,,,,,,,,,,,,3381,3381,3381
320,DR Demon,3270,3270,3280,0,0,0,0,0,3271,3283,0,0,0,3271,3271,3271,3277,3276,3275,0,0,0,3277,3276,3275,3277,3276,3275,3270,3277,3276,3275,3277,3276,3275,3277,3276,3275,3277,3276,3275,3277,3276,3275,3277,3276,3275,3277,3276,3275,3277,3276,3275,3271,3271,3271,3271,3271,3271,3271,3271,3271,3271,3271,3271,3271,3271,3271,3271,3271,3271,3271,3271,3271,3271,3271,3271,3271,3271,3271,3271,3271,3271,3271,3271,3271,3271,3271,3271,3271,3271,3271,3271,3271,3271,3271,3271,3271,3271,3271,3271,3271,3271,3271,3271,3271,3271,3271,3271,3271,3271,3271,3271,3271,3271,3271,3271,3385,3384,3383,3385,3384,3383,3385,3384,3383,3271,,,,,,,,,,,,,,,,,,,,,,,,,,,,,,,,,,,,,,,,,,,,,,,,,,,,,,,,,3273,3273,3273
321,DR Demon Fly,3279,3279,3280,0,0,0,0,0,3281,3283,0,0,0,3281,3281,3281,3277,3276,3275,0,0,0,3277,3276,3275,3277,3276,3275,3270,3277,3276,3275,3277,3276,3275,3277,3276,3275,3277,3276,3275,3277,3276,3275,3277,3276,3275,3277,3276,3275,3277,3276,3275,3287,3287,3287,3287,3287,3287,3287,3287,3287,3287,3287,3287,3287,3287,3287,3287,3287,3287,3287,3287,3287,3287,3287,3287,3287,3287,3287,3287,3287,3287,3287,3287,3287,3287,3287,3287,3287,3287,3287,3287,3287,3287,3287,3287,3287,3287,3287,3287,3287,3287,3287,3287,3287,3287,3287,3287,3287,3287,3287,3287,3287,3287,3287,3287,3277,3276,3275,3277,3276,3275,3277,3276,3275,3271,,,,,,,,,,,,,,,,,,,,,,,,,,,,,,,,,,,,,,,,,,,,,,,,,,,,,,,,,3273,3273,3273
322,DR Pixie,3289,3289,3293,0,0,0,0,0,3294,3296,0,0,0,3294,3294,3294,3292,3291,3290,0,0,0,3292,3291,3290,3292,3291,3290,3289,3292,3291,3290,3292,3291,3290,3292,3291,3290,3292,3291,3290,3292,3291,3290,3292,3291,3290,3292,3291,3290,3292,3291,3290,3294,3294,3294,3294,3294,3294,3294,3294,3294,3294,3294,3294,3294,3294,3294,3294,3294,3294,3294,3294,3294,3294,3294,3294,3294,3294,3294,3294,3294,3294,3294,3294,3294,3294,3294,3294,3294,3294,3294,3294,3294,3294,3294,3294,3294,3294,3294,3294,3294,3294,3294,3294,3294,3294,3294,3294,3294,3294,3294,3294,3294,3294,3294,3294,3292,3291,3290,3292,3291,3290,3292,3291,3290,3293,,,,,,,,,,,,,,,,,,,,,,,,,,,,,,,,,,,,,,,,,,,,,,,,,,,,,,,,,3288,3288,3288
323,DR Pixie Fly,3298,3298,3299,0,0,0,0,0,3304,3296,0,0,0,3304,3304,3304,3292,3291,3290,0,0,0,3292,3291,3290,3292,3291,3290,3289,3292,3291,3290,3292,3291,3290,3292,3291,3290,3292,3291,3290,3292,3291,3290,3292,3291,3290,3292,3291,3290,3292,3291,3290,3304,3304,3304,3304,3304,3304,3304,3304,3304,3304,3304,3304,3304,3304,3304,3304,3304,3304,3304,3304,3304,3304,3304,3304,3304,3304,3304,3304,3304,3304,3304,3304,3304,3304,3304,3304,3304,3304,3304,3304,3304,3304,3304,3304,3304,3304,3304,3304,3304,3304,3304,3304,3304,3304,3304,3304,3304,3304,3304,3304,3304,3304,3304,3304,3292,3291,3290,3292,3291,3290,3292,3291,3290,3299,,,,,,,,,,,,,,,,,,,,,,,,,,,,,,,,,,,,,,,,,,,,,,,,,,,,,,,,,3301,3301,3301
324,DR Red Imp,3320,3320,3316,0,0,0,0,0,3315,3313,0,0,0,3315,3315,3315,3317,3318,3319,0,0,0,3312,3312,3312,3312,3312,3312,3312,3312,3312,3312,3312,3312,3312,3312,3312,3312,3312,3312,3312,3312,3312,3312,3312,3312,3312,3312,3312,3312,3312,3312,3312,3312,3312,3312,3312,3312,3312,3312,3312,3312,3312,3312,3312,3312,3312,3312,3312,3312,3312,3312,3312,3312,3312,3312,3312,3312,3312,3312,3312,3312,3312,3312,3312,3312,3312,3312,3312,3312,3312,3312,3312,3312,3312,3312,3312,3312,3312,3312,3312,3312,3312,3312,3312,3312,3312,3312,3312,3312,3312,3312,3312,3312,3312,3312,3312,3312,3312,3312,3312,3312,3312,3312,3312,3312,3312,,,,,,,,,,,,,,,,,,,,,,,,,,,,,,,,,,,,,,,,,,,,,,,,,,,,,,,,,3312,3312,3312
325,Dr Gold Imp,3306,3306,3316,0,0,0,0,0,3315,3313,0,0,0,3315,3315,3305,3317,3318,3319,0,0,0,3305,3305,3305,3305,3305,3305,3305,3305,3305,3305,3305,3305,3305,3305,3305,3305,3305,3305,3305,3305,3305,3305,3305,3305,3305,3305,3305,3305,3305,3305,3305,3305,3305,3305,3305,3305,3305,3305,3305,3305,3305,3305,3305,3305,3305,3305,3305,3305,3305,3305,3305,3305,3305,3305,3305,3305,3305,3305,3305,3305,3305,3305,3305,3305,3305,3305,3305,3305,3305,3305,3305,3305,3305,3305,3305,3305,3305,3305,3305,3305,3305,3305,3305,3305,3305,3305,3305,3305,3305,3305,3305,3305,3305,3305,3305,3305,3305,3305,3305,3305,3305,3305,3305,3305,3305,,,,,,,,,,,,,,,,,,,,,,,,,,,,,,,,,,,,,,,,,,,,,,,,,,,,,,,,,3312,3312,3312
326,diseaedrat,3327,3327,3326,0,0,0,0,0,3325,3322,0,0,0,3325,3325,3325,0,0,0,0,0,0,0,0,0,0,0,0,3325,0,0,0,3325,3325,3325,3325,3325,3325,3325,3325,3325,3325,3325,3325,3325,3325,3325,3325,3325,3325,3325,3325,3325,3325,3325,3325,3325,3325,3325,3325,3325,3325,3325,3325,3325,3325,3325,3325,3325,3325,3325,3325,3325,3325,3325,3325,3325,3325,3325,3325,3325,3325,3325,3325,3325,3325,3325,3325,3325,3325,3325,3325,3325,3325,3325,3325,3325,3325,3325,3325,3325,3325,3325,3325,3325,3325,3325,3325,3325,3325,3325,3325,3325,3325,3325,3325,3325,3325,3325,3325,3325,3325,3325,3325,3325,3325,3326,,,,,,,,,,,,,,,,,,,,,,,,,,,,,,,,,,,,,,,,,,,,,,,,,,,,,,,,,3321,3321,3321
327,DR Imp Alt Fly,3330,3330,3330,0,0,0,0,0,3330,3313,0,0,0,3330,3330,3330,3317,3318,3319,0,0,0,3312,3312,3312,3312,3312,3312,3312,3312,3312,3312,3312,3312,3312,3312,3312,3312,3312,3312,3312,3312,3312,3312,3312,3312,3312,3312,3312,3312,3312,3312,3312,3312,3312,3312,3312,3312,3312,3312,3312,3312,3312,3312,3312,3312,3312,3312,3312,3312,3312,3312,3312,3312,3312,3312,3312,3312,3312,3312,3312,3312,3312,3312,3312,3312,3312,3312,3312,3312,3312,3312,3312,3312,3312,3312,3312,3312,3312,3312,3312,3312,3312,3312,3312,3312,3312,3312,3312,3312,3312,3312,3312,3312,3312,3312,3312,3312,3312,3312,3312,3312,3312,3312,3312,3312,3312,,,,,,,,,,,,,,,,,,,,,,,,,,,,,,,,,,,,,,,,,,,,,,,,,,,,,,,,,3312,3312,3312
328,DR Imp Alt Perch,3329,3329,3329,0,0,0,0,0,3329,3313,0,0,0,3329,3329,3329,3317,3318,3319,0,0,0,3312,3312,3312,3312,3312,3312,3312,3312,3312,3312,3312,3312,3312,3312,3312,3312,3312,3312,3312,3312,3312,3312,3312,3312,3312,3312,3312,3312,3312,3312,3312,3312,3312,3312,3312,3312,3312,3312,3312,3312,3312,3312,3312,3312,3312,3312,3312,3312,3312,3312,3312,3312,3312,3312,3312,3312,3312,3312,3312,3312,3312,3312,3312,3312,3312,3312,3312,3312,3312,3312,3312,3312,3312,3312,3312,3312,3312,3312,3312,3312,3312,3312,3312,3312,3312,3312,3312,3312,3312,3312,3312,3312,3312,3312,3312,3312,3312,3312,3312,3312,3312,3312,3312,3312,3312,,,,,,,,,,,,,,,,,,,,,,,,,,,,,,,,,,,,,,,,,,,,,,,,,,,,,,,,,3312,3312,3312
329,DR Legless Zombie,3347,3347,3348,0,0,0,0,0,3346,3350,0,0,0,3346,3346,3346,3352,3345,3351,0,0,0,3346,3346,3346,3346,3346,3346,3346,3346,3346,3346,3346,3346,3346,3346,3346,3346,3346,3346,3346,3346,3346,3346,3346,3346,3346,3346,3346,3346,3346,3346,3346,3346,3346,3346,3346,3346,3346,3346,3346,3346,3346,3346,3346,3346,3346,3346,3346,3346,3346,3346,3346,3346,3346,3346,3346,3346,3346,3346,3346,3346,3346,3346,3346,3346,3346,3346,3346,3346,3346,3346,3346,3346,3346,3346,3346,3346,3346,3346,3346,3346,3346,3346,3346,3346,3346,3346,3346,3346,3346,3346,3346,3346,3346,3346,3346,3346,3346,3346,3346,3346,3346,3346,3346,3346,3348,,,,,,,,,,,,,,,,,,,,,,,,,,,,,,,,,,,,,,,,,,,,,,,,,,,,,,,,,3344,3344,3344
330,Cata Briton Male,2534,2676,2536,0,0,2617,2618,2535,3339,2615,2682,2883,2882,3339,3339,3339,2689,2686,2678,2736,2677,2535,2877,2878,2879,2871,2872,2873,2620,2874,2875,2876,2689,2686,2827,2689,2686,2836,2689,2686,2687,2689,2686,2834,2824,2833,2828,2824,2833,2690,2689,2686,2688,2646,2625,2626,2628,2630,2632,2635,2731,2647,2634,2641,2645,2648,2650,2657,2658,2633,3122,2619,2567,2566,2567,2535,3157,2622,2535,2535,2663,2884,2661,2627,2636,2629,2638,2642,2660,2644,2880,2651,2652,2653,2656,2659,2535,2535,2535,2535,2535,2535,2535,2535,2535,2535,2623,2732,2643,3164,3158,3155,3153,3154,3156,3159,3162,2665,2666,2667,2668,2669,2670,2886,2887,2888,2928,,,,,,,,,,,,,,,,,,,,,,,,,,,,,,,,,,,,,,,,,,,,,,,,,,,,,,,,,2599,2600,2601
331,Cata Briton Female,2881,2676,2728,0,0,2617,2618,2535,3339,2615,2682,2883,2882,3339,3339,3339,2689,2686,2678,2733,2734,2674,2877,2878,2879,2871,2872,2873,2620,2874,2875,2876,2689,2686,2827,2689,2686,2836,2689,2686,2687,2689,2686,2834,2824,2833,2828,2824,2833,2690,2689,2686,2688,2646,2625,2626,2628,2630,2632,2635,2731,2647,2634,2641,2645,2648,2650,2657,2658,2633,3122,2619,2567,2566,2567,2535,3157,2622,2535,2535,2663,2884,2661,2627,2636,2629,2638,2642,2660,2644,2880,2651,2652,2653,2656,2659,2535,2535,2535,2535,2535,2535,2535,2535,2535,2535,2623,2732,2643,3164,3158,3155,3153,3154,3156,3159,3162,2665,2666,2667,2668,2669,2670,2886,2887,2888,2928,,,,,,,,,,,,,,,,,,,,,,,,,,,,,,,,,,,,,,,,,,,,,,,,,,,,,,,,,2599,2600,2601
332,Xaphan,3379,3379,3379,0,0,0,0,0,3380,3375,,,,3380,3380,3380,3373,3374,3372,0,0,0,3373,3374,3372,3373,3374,3372,0,3373,3374,3372,3373,3374,3372,3373,3374,3372,3373,3374,3372,3373,3374,3372,3373,3374,3372,3373,3374,3372,3373,3374,3372,3380,3380,3380,3380,3380,3380,3380,3380,3380,3380,3380,3380,3380,3380,3380,3380,3380,3380,3380,3380,3380,3380,3380,3380,3380,3380,3380,3380,3380,3380,3380,3380,3380,3380,3380,3380,3380,3380,3380,3380,3380,3380,3380,3380,3380,3380,3380,3380,3380,3380,3380,3380,3380,3380,3380,3380,3380,3380,3380,3380,3380,3380,3380,3380,3380,3380,3380,3380,3380,3380,3380,3380,3380,3380,,,,,,,,,,,,,,,,,,,,,,,,,,,,,,,,,,,,,,,,,,,,,,,,,,,,,,,,,3377,3377,3377
333,Asteroth,3409,3409,3409,0,0,0,0,0,3411,3405,0,0,0,3411,3407,3411,3408,3410,3402,0,0,0,3408,3410,3402,3408,3410,3402,0,3408,3410,3402,3408,3410,3402,3408,3410,3402,3408,3410,3402,3408,3410,3402,3408,3410,3402,3408,3410,3402,3408,3410,3402,3411,3411,3411,3411,3411,3411,3411,3411,3411,3411,3411,3411,3411,3411,3411,3411,3411,3411,3411,3411,3411,3411,3411,3411,3411,3411,3411,3411,3411,3411,3411,3411,3411,3411,3411,3411,3411,3411,3411,3411,3411,3411,3411,3411,3411,3411,3411,3411,3411,3411,3411,3411,3411,3411,3411,3411,3411,3411,3411,3411,3411,3411,3411,3411,3411,3411,3411,3411,3411,3411,3411,3411,3411,3411,,,,,,,,,,,,,,,,,,,,,,,,,,,,,,,,,,,,,,,,,,,,,,,,,,,,,,,,,3403,3404,3403
334,New Classic Horse,3417,3417,3416,3417,3417,3483,3421,3421,3421,3421,3421,3417,3417,3421,3421,3421,3421,3421,3421,3421,3421,3421,3421,3421,3421,3421,3421,3421,3250,3421,3421,3421,3421,3421,3421,3421,3421,3421,3421,3421,3421,3421,3421,3421,3421,3421,3421,3421,3421,3421,3421,3421,3421,3421,3421,3421,3421,3421,3421,3421,3421,3421,3421,3421,3421,3421,3421,3421,3421,3421,3421,3421,3421,3421,3421,3421,3421,3421,3421,3421,3421,3421,3421,3421,3421,3421,3421,3421,3421,3421,3421,3421,3421,3421,3421,3421,3421,3421,3421,3421,3421,3421,3421,3421,3421,3421,3421,3421,3421,3421,3421,3421,3421,3421,3421,3421,3421,3421,3421,3421,3421,3421,3421,3421,3421,3421,3416,3421,3421,3421,3421,3421,3421,3421,3421,3421,3421,3421,3421,3421,3421,3421,3421,3421,3421,3421,3421,,,,,,,,,,,,,,,,,,,3416,,,,,,,,,,,,,,,,,,0,0,0
335,Admorenth,3446,3446,3446,0,0,0,0,0,3444,3452,0,0,0,3444,3444,3454,3447,3445,3450,0,0,0,3444,3444,3444,3444,3444,3444,3444,3444,3444,3444,3444,3444,3444,3444,3444,3444,3444,3444,3444,3444,3444,3444,3444,3444,3444,3444,3444,3444,3444,3444,3444,3444,3444,3444,3444,3444,3444,3444,3444,3444,3444,3444,3444,3444,3444,3444,3444,3444,3444,3444,3444,3444,3444,3444,3444,3444,3444,3444,3444,3444,3444,3444,3444,3444,3444,3444,3444,3444,3444,3444,3444,3444,3444,3444,3444,3444,3444,3444,3444,3444,3444,3444,3444,3444,3444,3444,3444,3444,3444,3444,3444,3444,3444,3444,3444,3444,3444,3444,3444,3444,3444,3444,3444,3444,3446,,,,,,,,,,,,,,,,,,,,,,,,,,,,,,,,,,,,,,,,,,,,,,,,,,,,,,,,,3448,3448,3448
336,Moloch,3460,3460,3461,0,0,0,0,0,3465,3456,0,0,0,3465,3465,3465,3459,3458,3457,0,0,0,3465,3465,3465,3465,3465,3465,3465,3465,3465,3465,3465,3465,3465,3465,3465,3465,3465,3465,3465,3465,3465,3465,3465,3465,3465,3465,3465,3465,3465,3465,3465,3465,3465,3465,3465,3465,3465,3465,3465,3465,3465,3465,3465,3465,3465,3465,3465,3465,3465,3465,3465,3465,3465,3465,3465,3465,3465,3465,3465,3465,3465,3465,3465,3465,3465,3465,3465,3465,3465,3465,3465,3465,3465,3465,3465,3465,3465,3465,3465,3465,3465,3465,3465,3465,3465,3465,3465,3465,3465,3465,3465,3465,3465,3465,3465,3465,3465,3465,3465,3465,3465,3465,3465,3465,3461,,,,,,,,,,,,,,,,,,,,,,,,,,,,,,,,,,,,,,,,,,,,,,,,,,,,,,,,,3462,3462,3462
337,Midgard King,0,0,0,0,0,0,0,0,3467,0,0,0,0,3467,3466,3468,0,0,0,0,0,0,0,0,0,0,0,0,0,0,0,0,0,0,0,0,0,0,0,0,0,0,0,0,0,0,0,0,0,0,0,0,0,0,0,0,0,0,0,0,0,0,0,0,0,0,0,0,0,0,0,0,0,0,0,0,0,0,0,0,0,0,0,0,0,0,0,0,0,0,0,0,0,0,0,0,0,0,0,0,0,0,0,0,0,0,0,0,0,0,0,0,0,0,0,0,0,0,0,0,0,0,0,0,0,0,0,,,,,,,,,,,,,,,,,,,,,,,,,,,,,,,,,,,,,,,,,,,,,,,,,,,,,,,,,0,0,0
338,Albion King,0,0,0,0,0,0,0,0,3473,0,0,0,0,3473,3474,3472,0,0,0,0,0,0,0,0,0,0,0,0,0,0,0,0,0,0,0,0,0,0,0,0,0,0,0,0,0,0,0,0,0,0,0,0,0,0,0,0,0,0,0,0,0,0,0,0,0,0,0,0,0,0,0,0,0,0,0,0,0,0,0,0,0,0,0,0,0,0,0,0,0,0,0,0,0,0,0,0,0,0,0,0,0,0,0,0,0,0,0,0,0,0,0,0,0,0,0,0,0,0,0,0,0,0,0,0,0,0,0,,,,,,,,,,,,,,,,,,,,,,,,,,,,,,,,,,,,,,,,,,,,,,,,,,,,,,,,,0,0,0
339,Hibernian King,0,0,0,0,0,0,0,0,3471,0,0,0,0,3471,3469,3470,0,0,0,0,0,0,0,0,0,0,0,0,0,0,0,0,0,0,0,0,0,0,0,0,0,0,0,0,0,0,0,0,0,0,0,0,0,0,0,0,0,0,0,0,0,0,0,0,0,0,0,0,0,0,0,0,0,0,0,0,0,0,0,0,0,0,0,0,0,0,0,0,0,0,0,0,0,0,0,0,0,0,0,0,0,0,0,0,0,0,0,0,0,0,0,0,0,0,0,0,0,0,0,0,0,0,0,0,0,0,0,,,,,,,,,,,,,,,,,,,,,,,,,,,,,,,,,,,,,,,,,,,,,,,,,,,,,,,,,0,0,0
340,Belial,3487,3487,3487,0,0,0,0,0,3489,3494,0,0,0,3489,3491,3490,3495,3488,3496,0,0,0,3489,3489,3489,3489,3489,3489,3489,3489,3489,3489,3489,3489,3489,3489,3489,3489,3489,3489,3489,3489,3489,3489,3489,3489,3489,3489,3489,3489,3489,3489,3489,3489,3489,3489,3489,3489,3489,3489,3489,3489,3489,3489,3489,3489,3489,3489,3489,3489,3489,3489,3489,3489,3489,3489,3489,3489,3489,3489,3489,3489,3489,3489,3489,3489,3489,3489,3489,3489,3489,3489,3489,3489,3489,3489,3489,3489,3489,3489,3489,3489,3489,3489,3489,3489,3489,3489,3489,3489,3489,3489,3489,3489,3489,3489,3489,3489,3489,3489,3489,3489,3489,3489,3489,3489,3487,,,,,,,,,,,,,,,,,,,,,,,,,,,,,,,,,,,,,,,,,,,,,,,,,,,,,,,,,3497,3497,3497
341,DR Succubus,3500,3500,3501,0,0,0,0,0,3509,3506,0,0,0,3509,3509,3509,3510,3508,3507,0,0,0,3509,3509,3509,3509,3509,3509,3509,3509,3509,3509,3509,3509,3509,3509,3509,3509,3509,3509,3509,3509,3509,3509,3509,3509,3509,3509,3509,3509,3509,3509,3509,3509,3509,3509,3509,3509,3509,3509,3509,3509,3509,3509,3509,3509,3509,3509,3509,3509,3509,3509,3509,3509,3509,3509,3509,3509,3509,3509,3509,3509,3509,3509,3509,3509,3509,3509,3509,3509,3509,3509,3509,3509,3509,3509,3509,3509,3509,3509,3509,3509,3509,3509,3509,3509,3509,3509,3509,3509,3509,3509,3509,3509,3509,3509,3509,3509,3509,3509,3509,3509,3509,3509,3509,3509,3501,,,,,,,,,,,,,,,,,,,,,,,,,,,,,,,,,,,,,,,,,,,,,,,,,,,,,,,,,3502,3502,3502
342,Sitting Wolf Only,3511,3511,3511,3511,3511,3511,3511,3511,3511,3511,3511,3511,3511,3511,3511,3511,3511,3511,3511,3511,3511,3511,3511,3511,3511,3511,3511,3511,3511,3511,3511,3511,3511,3511,3511,3511,3511,3511,3511,3511,3511,3511,3511,3511,3511,3511,3511,3511,3511,3511,3511,3511,3511,3511,3511,3511,3511,3511,3511,3511,3511,3511,3511,3511,3511,3511,3511,3511,3511,3511,3511,3511,3511,3511,3511,3511,3511,3511,3511,3511,3511,3511,3511,3511,3511,3511,3511,3511,3511,3511,3511,3511,3511,3511,3511,3511,3511,3511,3511,3511,3511,3511,3511,3511,3511,3511,3511,3511,3511,3511,3511,3511,3511,3511,3511,3511,3511,3511,3511,3511,3511,3511,3511,3511,3511,3511,3511,,,,,,,,,,,,,,,,,,,,,,,,,,,,,,,,,,,,,,,,,,,,,,,,,,,,,,,,,0,0,0
343,Albion King Sitting,0,0,0,0,0,0,0,0,3516,0,0,0,0,3516,3514,3515,0,0,0,0,0,0,0,0,0,0,0,0,0,0,0,0,0,0,0,0,0,0,0,0,0,0,0,0,0,0,0,0,0,0,0,0,0,0,0,0,0,0,0,0,0,0,0,0,0,0,0,0,0,0,0,0,0,0,0,0,0,0,0,0,0,0,0,0,0,0,0,0,0,0,0,0,0,0,0,0,0,0,0,0,0,0,0,0,0,0,0,0,0,0,0,0,0,0,0,0,0,0,0,0,0,0,0,0,0,0,0,,,,,,,,,,,,,,,,,,,,,,,,,,,,,,,,,,,,,,,,,,,,,,,,,,,,,,,,,0,0,0
344,Hibernian King Sitting,0,0,0,0,0,0,0,0,3517,0,0,0,0,3517,3518,3519,0,0,0,0,0,0,0,0,0,0,0,0,0,0,0,0,0,0,0,0,0,0,0,0,0,0,0,0,0,0,0,0,0,0,0,0,0,0,0,0,0,0,0,0,0,0,0,0,0,0,0,0,0,0,0,0,0,0,0,0,0,0,0,0,0,0,0,0,0,0,0,0,0,0,0,0,0,0,0,0,0,0,0,0,0,0,0,0,0,0,0,0,0,0,0,0,0,0,0,0,0,0,0,0,0,0,0,0,0,0,0,,,,,,,,,,,,,,,,,,,,,,,,,,,,,,,,,,,,,,,,,,,,,,,,,,,,,,,,,0,0,0
345,Sitting Viking Wolf Only,3520,3520,3520,3520,3520,3520,3520,3520,3520,3520,0,0,0,3520,3520,3520,3520,3520,3520,3520,3520,3520,3520,3520,3520,3520,3520,3520,3520,3520,3520,3520,3520,3520,3520,3520,3520,3520,3520,3520,3520,3520,3520,3520,3520,3520,3520,3520,3520,3520,3520,3520,3520,3520,3520,3520,3520,3520,3520,3520,3520,3520,3520,3520,3520,3520,3520,3520,3520,3520,3520,3520,3520,3520,3520,3520,3520,3520,3520,3520,3520,3520,3520,3520,3520,3520,3520,3520,3520,3520,3520,3520,3520,3520,3520,3520,3520,3520,3520,3520,3520,3520,3520,3520,3520,3520,3520,3520,3520,3520,3520,3520,3520,3520,3520,3520,3520,3520,3520,3520,3520,3520,3520,3520,3520,3520,3520,,,,,,,,,,,,,,,,,,,,,,,,,,,,,,,,,,,,,,,,,,,,,,,,,,,,,,,,,0,0,0
346,DR Wight/Svartalf,3586,3586,3585,0,0,0,0,0,3583,3581,0,0,0,3583,3583,3583,3578,3579,3580,3583,3583,3583,3583,3583,3583,3583,3583,3583,2620,3253,3253,3253,3578,3579,3580,3578,3579,3580,3578,3579,3580,3578,3579,3580,3578,3579,3580,3578,3579,3580,3578,3579,3580,3583,3583,3583,3583,3583,3583,3583,3583,3583,3583,3583,3583,3583,3583,3583,3583,3583,3583,3583,3583,3583,3583,3583,3583,3583,3583,3583,3583,3583,3583,3583,3583,3583,3583,3583,3583,3583,3583,3583,3583,3583,3583,3583,3583,3583,3583,3583,3583,3583,3583,3583,3583,3583,3583,3583,3583,3583,3583,3583,3583,3583,3583,3583,3583,3583,3583,3583,3583,3583,3583,3583,3583,3583,3586,,,,,,,,,,,,,,,,,,,,,,,,,,,,,,,,,,,,,,,,,,,,,,,,,,,,,,,,,3584,3584,3584
347,Utgard,3533,3533,3533,0,0,0,0,0,3530,3528,0,0,0,3530,3531,3530,3534,3532,3537,3530,3530,3530,3530,3530,3530,3530,3530,3530,3530,3530,3530,3530,3530,3530,3530,3530,3530,3530,3530,3530,3530,3530,3530,3530,3530,3530,3530,3530,3530,3530,3530,3530,3530,3530,3530,3530,3530,3530,3530,3530,3530,3530,3530,3530,3530,3530,3530,3530,3530,3530,3530,3530,3530,3530,3530,3530,3530,3530,3530,3530,3530,3530,3530,3530,3530,3530,3530,3530,3530,3530,3530,3530,3530,3530,3530,3530,3530,3530,3530,3530,3530,3530,3530,3530,3530,3530,3530,3530,3530,3530,3530,3530,3530,3530,3530,3530,3530,3530,3530,3530,3530,3530,3530,3530,3530,3530,3533,,,,,,,,,,,,,,,,,,,,,,,,,,,,,,,,,,,,,,,,,,,,,,,,,,,,,,,,,3535,3535,3535
348,Azazel,3549,3549,3540,0,0,0,0,0,3545,3539,0,0,0,3545,3545,3545,3543,3542,3541,3545,3545,3545,3545,3545,3545,3545,3545,3545,3545,3545,3545,3545,3545,3545,3545,3545,3545,3545,3545,3545,3545,3545,3545,3545,3545,3545,3545,3545,3545,3545,3545,3545,3545,3545,3545,3545,3545,3545,3545,3545,3545,3545,3545,3545,3545,3545,3545,3545,3545,3545,3545,3545,3545,3545,3545,3545,3545,3545,3545,3545,3545,3545,3545,3545,3545,3545,3545,3545,3545,3545,3545,3545,3545,3545,3545,3545,3545,3545,3545,3545,3545,3545,3545,3545,3545,3545,3545,3545,3545,3545,3545,3545,3545,3545,3545,3545,3545,3545,3545,3545,3545,3545,3545,3545,3545,3545,3540,,,,,,,,,,,,,,,,,,,,,,,,,,,,,,,,,,,,,,,,,,,,,,,,,,,,,,,,,3548,3548,3548
349,DR Necro Servant,3576,3576,3575,0,0,0,0,0,3573,3571,0,0,0,3573,3573,3573,3569,3570,3577,3573,3573,3573,3573,3573,3573,3573,3573,3573,2620,3573,3573,3573,3569,3570,3577,3569,3570,3577,3569,3570,3577,3569,3570,3577,3569,3570,3577,3569,3570,3577,3569,3570,3577,3573,3573,3573,3573,3573,3573,3573,3573,3573,3573,3573,3573,3573,3573,3573,3573,3573,3573,3573,3573,3573,3573,3573,3573,3573,3573,3573,3573,3573,3573,3573,3573,3573,3573,3573,3573,3573,3573,3573,3573,3573,3573,3573,3573,3573,3573,3573,3573,3573,3573,3573,3573,3573,3573,3573,3573,3573,3573,3573,3573,3573,3573,3573,3573,3573,3573,3573,3573,3573,3573,3573,3573,3573,3575,,,,,,,,,,,,,,,,,,,,,,,,,,,,,,,,,,,,,,,,,,,,,,,,,,,,,,,,,3574,3574,3574
350,DR Greater Necro Servant,3567,3567,3566,0,0,0,0,0,3565,3563,0,0,0,3565,3565,3565,3560,3561,3562,3565,3565,3565,3565,3565,3565,3565,3565,3565,2620,3565,3565,3565,3560,3561,3562,3560,3561,3562,3560,3561,3562,3560,3561,3562,3560,3561,3562,3560,3561,3562,3560,3561,3562,3565,3565,3565,3565,3565,3565,3565,3565,3565,3565,3565,3565,3565,3565,3565,3565,3565,3565,3565,3565,3565,3565,3565,3565,3565,3565,3565,3565,3565,3565,3565,3565,3565,3565,3565,3565,3565,3565,3565,3565,3565,3565,3565,3565,3565,3565,3565,3565,3565,3565,3565,3565,3565,3565,3565,3565,3565,3565,3565,3565,3565,3565,3565,3565,3565,3565,3565,3565,3565,3565,3565,3565,3565,3566,,,,,,,,,,,,,,,,,,,,,,,,,,,,,,,,,,,,,,,,,,,,,,,,,,,,,,,,,3565,3565,3565
351,DR Zombie Pet,3597,3597,3596,0,0,0,0,0,3593,3591,0,0,0,3593,3593,3593,3598,3599,3590,3593,3593,3593,3593,3593,3593,3593,3593,3593,2620,3593,3593,3593,3598,3599,3590,3598,3599,3590,3598,3599,3590,3598,3599,3590,3598,3599,3590,3598,3599,3590,3598,3599,3590,3593,3593,3593,3593,3593,3593,3593,3593,3593,3593,3593,3593,3593,3593,3593,3593,3593,3593,3593,3593,3593,3593,3593,3593,3593,3593,3593,3593,3593,3593,3593,3593,3593,3593,3593,3593,3593,3593,3593,3593,3593,3593,3593,3593,3593,3593,3593,3593,3593,3593,3593,3593,3593,3593,3593,3593,3593,3593,3593,3593,3593,3593,3593,3593,3593,3593,3593,3593,3593,3593,3593,3593,3593,3596,,,,,,,,,,,,,,,,,,,,,,,,,,,,,,,,,,,,,,,,,,,,,,,,,,,,,,,,,3595,3595,3595
352,Rebel Animation w/2hand Fix,2534,2676,2536,0,0,2617,2618,2535,2535,2615,2682,2883,2882,2535,2535,2535,2689,2686,2678,2736,2677,2535,2877,2878,2879,2871,2872,2873,2620,2874,2875,2876,2689,2686,2827,2689,2686,2836,2689,2686,2687,2689,2686,2834,2824,2833,2828,2824,2833,2690,2689,2686,2688,2646,2625,2626,2628,2630,2632,2635,2731,2647,2634,2641,2645,2648,2650,2657,2658,2633,3122,2619,2567,2566,2567,2535,3157,2622,2535,2535,2663,2884,2661,2627,2636,2629,2638,2642,2660,2644,2880,2651,2652,2653,2656,2659,2535,2535,2535,2535,2535,2535,2535,2535,2535,2535,2623,2732,2643,3164,3158,3155,3153,3154,3156,3159,3162,2665,2666,2667,2668,2669,2670,2886,2887,2888,2928,3340,3342,3398,3399,3426,3425,3334,3335,3336,3337,3341,3414,3428,3429,3430,3431,3432,3433,3441,3338,,,,,,,,,,,,,,,,,,,,,,,,,,,,,,,,,,,,,2599,2600,2601
353,Cata Troll Male AprilFools,2575,2676,3618,0,0,2617,2618,2535,31,2615,2682,2883,2882,31,31,31,2685,2686,2678,2579,2580,2573,2877,2878,2879,2871,2872,2873,3203,2874,2875,2876,2685,2686,2827,2685,2686,2836,2685,2686,2687,2685,2686,2834,2684,2833,2828,2684,2833,2690,2685,2686,2688,2646,2625,2626,2628,2630,2632,2635,2731,2647,2634,2641,2645,2648,2650,2657,2658,2633,3122,2619,2567,2566,2567,2573,3157,2622,2573,2573,2663,2884,2661,2627,2636,2629,2638,2642,2660,2644,2880,2651,2652,2653,2656,2659,2535,2535,2535,2535,2535,2535,2535,2535,2535,2535,2623,2732,2643,3164,3158,3155,3153,3154,3156,3159,3163,2665,2666,2667,2668,2669,2670,2886,2887,2888,2928,3340,3342,3398,3399,3426,3425,3334,3335,3336,3337,3341,3414,3428,3429,3430,3431,3432,3433,3441,3338,3608,,,,,,,,,,,0,0,0,,,,,,,,,,,,,,,,,,,,,,,0,0,0
354,Cata Half Ogre Male April Fools,2911,2676,3618,0,0,2617,2618,2535,1852,2615,2682,2883,2882,1852,1852,1852,2689,2686,2678,2736,2677,3030,2877,2878,2879,2871,2872,2873,3203,2874,2875,2876,2689,2686,2827,2689,2686,2836,2689,2686,2687,2689,2686,2834,2824,2833,2828,2824,2833,2690,2689,2686,2688,2646,2625,2626,2628,2630,2632,2635,2731,2647,2634,2641,2645,2648,2650,2657,2658,2633,3122,2619,2567,2566,2567,2535,3157,2622,2535,2535,2663,2884,2661,2627,2636,2629,2638,2642,2660,2644,2880,2651,2652,2653,2656,2659,2535,2535,2535,2535,2535,2535,2535,2535,2535,2535,2623,2732,2643,3164,3158,3155,3153,3154,3156,3159,3163,2665,2666,2667,2668,2669,2670,2886,2887,2888,2928,3340,3342,3398,3399,3426,3425,3334,3335,3336,3337,3341,3414,3428,3429,3430,3431,3432,3433,3441,3338,3608,,,,,,,,,,,0,0,0,,,,,,,,,,,,,,,,,,,,,,,0,0,0
355,Cata Firbolg Male April Fools,2575,2676,3618,0,0,2617,2618,2535,367,2615,2682,2883,2882,367,367,367,2685,2686,2678,2579,2580,2573,2877,2878,2879,2871,2872,2873,3203,2874,2875,2876,2685,2686,2827,2685,2686,2836,2685,2686,2687,2685,2686,2834,2684,2833,2828,2684,2833,2690,2685,2686,2688,2646,2625,2626,2628,2630,2632,2635,2731,2647,2634,2641,2645,2648,2650,2657,2658,2633,3122,2619,2567,2566,2567,2573,3157,2622,2573,2573,2663,2884,2661,2627,2636,2629,2638,2642,2660,2644,2880,2651,2652,2653,2656,2659,2535,2535,2535,2535,2535,2535,2535,2535,2535,2535,2623,2732,2643,3164,3158,3155,3153,3154,3156,3159,3163,2665,2666,2667,2668,2669,2670,2886,2887,2888,2928,3340,3342,3398,3399,3426,3425,3334,3335,3336,3337,3341,3414,3428,3429,3430,3431,3432,3433,3441,3338,3608,,,,,,,,,,,0,0,0,,,,,,,,,,,,,,,,,,,,,,,0,0,0
356,Player Skeleton Animation,3620,3620,3621,0,0,2617,2618,2535,3619,2615,2682,2883,2882,3619,3619,3619,2689,2686,2678,2736,2677,2535,2877,2878,2879,2871,2872,2873,3620,2874,2875,2876,2689,2686,2827,2689,2686,2836,2689,2686,2687,2689,2686,2834,2824,2833,2828,2824,2833,2690,2689,2686,2688,2646,2625,2626,2628,2630,2632,2635,2731,2647,2634,2641,2645,2648,2650,2657,2658,2633,3122,2619,2567,2566,2567,2535,3157,2622,2535,2535,2663,2884,2661,2627,2636,2629,2638,2642,2660,2644,2880,2651,2652,2653,2656,2659,2535,2535,2535,2535,2535,2535,2535,2535,2535,2535,2623,2732,2643,3164,3158,3155,3153,3154,3156,3159,3162,2665,2666,2667,2668,2669,2670,2886,2887,2888,3621,3340,3342,3398,3399,3426,3425,3334,3335,3336,3337,3341,3414,3428,3429,3430,3431,3432,3433,3441,3338,3608,3610,3611,3612,3745,3746,3744,3778,3779,3780,3781,2602,2603,2604,3977,3978,3979,3619,3621,,,,,,,,,,,,,,,,,,2599,2600,2601
357,Hibernian Cata Minotaur,3628,2676,3691,0,0,2617,2618,2535,3629,2615,2682,3842,3843,3690,3689,3629,2830,2686,2678,3688,3687,3692,2877,2878,2879,2871,2872,2873,3203,2874,2875,2876,2830,2686,2827,2830,2686,2836,2830,2686,2687,2830,2686,2834,2831,2833,2828,2831,2833,2690,2830,2686,2688,2646,2625,2626,2628,2630,2632,2635,2731,2647,2634,2641,2645,2648,2650,2657,2658,2633,3122,2619,2567,2566,2567,2535,3157,2622,2535,2535,2663,2884,2661,2627,2636,2629,2638,2642,2660,2644,2880,2651,2652,2653,2656,2659,2535,2535,2535,2535,2535,2535,2535,2535,2535,2535,2623,2732,2643,3164,3158,3155,3153,3154,3156,3159,3163,2665,2666,2667,2668,2669,2670,2886,2887,2888,2928,3340,3342,3398,3399,3426,3425,3334,3335,3336,3337,3341,3414,3428,3429,3430,3431,3432,3433,3441,3338,3608,3610,3611,3612,3745,3746,3744,3778,3779,3780,3781,2602,2603,2604,3977,3978,3979,3629,3691,4074,4075,,4077,4078,4079,4080,4081,4082,4083,4084,4085,4086,4087,4088,4089,4090,2599,2600,2601
358,Cata Lizard,3634,3634,3632,3636,3636,3636,3636,3636,3636,3630,3636,3636,3636,3636,3636,3636,3636,3636,3636,3636,3636,3636,3636,3636,3636,3636,3636,3636,3633,3636,3636,3636,3636,3636,3636,3636,3636,3636,3636,3636,3636,3636,3636,3636,3636,3636,3636,3636,3636,3636,3636,3636,3636,3636,3636,3636,3636,3636,3636,3636,3636,3636,3636,3636,3636,3636,3636,3636,3636,3636,3636,3636,3636,3636,3636,3636,3636,3636,3636,3636,3636,3636,3636,3636,3636,3636,3636,3636,3636,3636,3636,3636,3636,3636,3636,3636,3636,3636,3636,3636,3636,3636,3636,3636,3636,3636,3636,3636,3636,3636,3636,3636,3636,3636,3636,3636,3636,3636,3636,3636,3636,3636,3636,3636,3636,3636,3632,3636,3636,3636,3636,3636,3636,3636,3636,3636,3636,3636,3636,3636,3636,3636,3636,3636,3636,3636,3636,3636,3636,3636,3636,,,,,,,,,,,,,,,,,,,,,,,,,,,,,,,,,3635,3635,3635
359,Cata Worm,3641,3641,3642,3641,3641,3640,3640,3640,3640,3638,3640,3640,3640,3640,3640,3640,3640,3640,3640,3640,3640,3640,3640,3640,3640,3640,3640,3640,3645,3640,3640,3640,3640,3640,3640,3640,3640,3640,3640,3640,3640,3640,3640,3640,3640,3640,3640,3640,3640,3640,3640,3640,3640,3640,3640,3640,3640,3640,3640,3640,3640,3640,3640,3640,3640,3640,3640,3640,3640,3640,3640,3640,3640,3640,3640,3640,3640,3640,3640,3645,3640,3640,3640,3640,3640,3640,3640,3640,3640,3640,3640,3640,3640,3640,3640,3640,3640,3640,3640,3640,3640,3640,3640,3640,3640,3640,3640,3640,3640,3640,3640,3640,3640,3640,3640,3640,3640,3640,3640,3640,3640,3640,3640,3640,3640,3640,3642,3640,3640,3640,3640,3640,3640,3640,3640,3640,3640,3640,3640,3640,3640,3640,3640,3640,3640,3640,3640,3640,3640,3640,3640,,,,,,,,,,,,,,,,,,,,,,,,,,,,,,,,,3639,3639,3639
360,Cata Goblin 2,3653,3653,3654,3646,3646,3646,3646,3646,3646,3652,3646,3646,3646,3646,3650,3646,3656,3657,3655,3646,3646,3646,3646,3646,3646,3646,3646,3646,3651,3646,3646,3646,3656,3657,3655,3656,3657,3655,3656,3657,3655,3656,3657,3655,3656,3657,3655,3656,3657,3655,3656,3657,3655,3646,3646,3646,3646,3646,3646,3646,3646,3646,3646,3646,3646,3646,3646,3646,3646,3646,3646,3646,3646,3646,3646,3646,3646,3646,3646,3651,3646,3646,3646,3646,3646,3646,3646,3646,3646,3646,3646,3646,3646,3646,3646,3646,3646,3646,3646,3646,3646,3646,3646,3646,3646,3646,3646,3646,3646,3646,3646,3646,3646,3646,3646,3646,3646,3646,3646,3646,3646,3646,3646,3646,3646,3646,3654,3646,3646,3646,3646,3646,3646,3646,3646,3646,3646,3646,3646,3646,3646,3646,3646,3646,3646,3646,3646,3646,3646,3646,3646,,,,,,,,,,,,,,,,,,,,,,,,,,,,,,,,,3649,3649,3649
361,Standing Winged Demon Wolf,3661,3661,3662,0,0,0,0,3663,3665,3658,3665,3665,3665,3665,3665,3665,3665,3665,3665,3665,3665,3665,3665,3665,3665,3665,3665,3665,3665,3665,3665,3665,3665,3665,3665,3665,3665,3665,3665,3665,3665,3665,3665,3665,3665,3665,3665,3665,3665,3665,3665,3665,3665,3665,3665,3665,3665,3665,3665,3665,3665,3665,3665,3665,3665,3665,3665,3665,3665,3665,3665,3665,3665,3665,3665,3665,3665,3665,3665,3665,3665,3665,3665,3665,3665,3665,3665,3665,3665,3665,3665,3665,3665,3665,3665,3665,3665,3665,3665,3665,3665,3665,3665,3665,3665,3665,3665,3665,3665,3665,3665,3665,3665,3665,3665,3665,3665,3665,3665,3665,3665,3665,3665,3665,3665,3665,3662,3665,3665,3665,3665,3665,3665,3665,3665,3665,3665,3665,3665,3665,3665,3665,3665,3665,3665,3665,3665,3665,3665,3665,3665,,,,,,,,,,,,,,,,,,,,,,,,,,,,,,,,,3664,3664,3664
362,Flying Winged Demon Wolf,3663,3663,3663,0,0,0,0,3663,3666,3658,3663,3663,3663,3666,3666,3666,3663,3663,3663,3663,3663,3663,3663,3663,3663,3663,3663,3663,3663,3663,3663,3663,3663,3663,3663,3663,3663,3663,3663,3663,3663,3663,3663,3663,3663,3663,3663,3663,3663,3663,3663,3663,3663,3663,3663,3663,3663,3663,3663,3663,3663,3663,3663,3663,3663,3663,3663,3663,3663,3663,3663,3663,3663,3663,3663,3663,3663,3663,3663,3663,3663,3663,3663,3663,3663,3663,3663,3663,3663,3663,3663,3663,3663,3663,3663,3663,3663,3663,3663,3663,3663,3663,3663,3663,3663,3663,3663,3663,3663,3663,3663,3663,3663,3663,3663,3663,3663,3663,3663,3663,3663,3663,3663,3663,3663,3663,3663,3663,3663,3663,3663,3663,3663,3663,3663,3663,3663,3663,3663,3663,3663,3663,3663,3663,3663,3663,3663,3663,3663,3663,3663,,,,,,,,,,,,,,,,,,,,,,,,,,,,,,,,,3664,3664,3664
363,Construct,3676,3676,3675,0,0,0,0,0,3672,3671,3672,3672,3672,3672,3670,3669,3672,3672,3672,3672,3672,3672,3672,3672,3672,3672,3672,3672,3672,3672,3672,3672,3672,3672,3672,3672,3672,3672,3672,3672,3672,3672,3672,3672,3672,3672,3672,3672,3672,3672,3672,3672,3672,3672,3672,3672,3672,3672,3672,3672,3672,3672,3672,3672,3672,3672,3672,3672,3672,3672,3672,3672,3672,3672,3672,3672,3672,3672,3672,3672,3672,3672,3672,3672,3672,3672,3672,3672,3672,3672,3672,3672,3672,3672,3672,3672,3672,3672,3672,3672,3672,3672,3672,3672,3672,3672,3672,3672,3672,3672,3672,3672,3672,3672,3672,3672,3672,3672,3672,3672,3672,3672,3672,3672,3672,3672,3675,3672,3672,3672,3672,3672,3672,3672,3672,3672,3672,3672,3672,3672,3672,3672,3672,3672,3672,3672,3672,3672,3672,3672,3672,,,,,,,,,,,,,,,,,,,,,,,,,,,,,,,,,3674,3674,3674
364,Cata Celt Flying Vampiir,2928,2928,2928,0,0,2617,2618,2928,2535,2615,2682,2883,2882,2535,2535,2535,2830,2686,2678,2736,2677,2535,2877,2878,2879,2871,2872,2873,2620,2874,2875,2876,2830,2686,2827,2830,2686,2836,2830,2686,2687,2830,2686,2834,2831,2833,2828,2831,2833,2690,2830,2686,2688,2646,2625,2626,2628,2630,2632,2635,2731,2647,2634,2641,2645,2648,2650,2657,2658,2633,3122,2619,2567,2566,2567,2535,3157,2622,2535,2535,2663,2884,2661,2627,2636,2629,2638,2642,2660,2644,2880,2651,2652,2653,2656,2659,2535,2535,2535,2535,2535,2535,2535,2535,2535,2535,2623,2732,2643,3164,3158,3155,3153,3154,3156,3159,3162,2665,2666,2667,2668,2669,2670,2886,2887,2888,2928,3340,3342,3398,3399,3426,3425,3334,3335,3336,3337,3341,3414,3428,3429,3430,3431,3432,3433,3441,3338,3608,3610,3611,3612,3745,3746,3744,3778,3779,3780,3781,2602,2603,2604,3977,3978,3979,2535,2928,,,,,,,,,,,,,,,,,,2599,2600,2601
365,Spider Construct,3684,3684,3685,3679,3679,3679,3679,3679,3679,3683,3679,3679,3679,3679,3682,3681,3679,3679,3679,3679,3679,3679,3679,3679,3679,3679,3679,3679,3679,3679,3679,3679,3679,3679,3679,3679,3679,3679,3679,3679,3679,3679,3679,3679,3679,3679,3679,3679,3679,3679,3679,3679,3679,3679,3679,3679,3679,3679,3679,3679,3679,3679,3679,3679,3679,3679,3679,3679,3679,3679,3679,3679,3679,3679,3679,3679,3679,3679,3679,3679,3679,3679,3679,3679,3679,3679,3679,3679,3679,3679,3679,3679,3679,3679,3679,3679,3679,3679,3679,3679,3679,3679,3679,3679,3679,3679,3679,3679,3679,3679,3679,3679,3679,3679,3679,3679,3679,3679,3679,3679,3679,3679,3679,3679,3679,3679,3685,3679,3679,3679,3679,3679,3679,3679,3679,3679,3679,3679,3679,3679,3679,3679,3679,3679,3679,3679,3679,3679,3679,3679,3679,,,,,,,,,,,,,,,,,,,,,,,,,,,,,,,,,3677,3677,3677
366,Vampire Skeleton Animation,2928,2928,2928,0,0,2617,2618,2535,3619,2615,2682,2883,2882,3619,3619,3619,2689,2686,2678,2736,2677,2535,2877,2878,2879,2871,2872,2873,3620,2874,2875,2876,2689,2686,2827,2689,2686,2836,2689,2686,2687,2689,2686,2834,2824,2833,2828,2824,2833,2690,2689,2686,2688,2646,2625,2626,2628,2630,2632,2635,2731,2647,2634,2641,2645,2648,2650,2657,2658,2633,3122,2619,2567,2566,2567,2535,3157,2622,2535,2535,2663,2884,2661,2627,2636,2629,2638,2642,2660,2644,2880,2651,2652,2653,2656,2659,2535,2535,2535,2535,2535,2535,2535,2535,2535,2535,2623,2732,2643,3164,3158,3155,3153,3154,3156,3159,3162,2665,2666,2667,2668,2669,2670,2886,2887,2888,3621,3340,3342,3398,3399,3426,3425,3334,3335,3336,3337,3341,3414,3428,3429,3430,3431,3432,3433,3441,3338,3608,3610,3611,3612,3745,3746,3744,3778,3779,3780,3781,2602,2603,2604,3977,3978,3979,3619,2928,,,,,,,,,,,,,,,,,,2599,2600,2601
367,Undead Drakoran,3703,3703,3702,0,0,0,0,0,3698,3707,0,0,0,3698,3708,3696,3705,3704,3706,3698,3698,3698,3698,3698,3698,3698,3698,3698,3698,3698,3698,3698,3705,3704,3706,3705,3704,3706,3705,3704,3706,3705,3704,3706,3705,3704,3706,3705,3704,3706,3705,3704,3706,3698,3698,3698,3698,3698,3698,3698,3698,3698,3698,3698,3698,3698,3698,3698,3698,3698,3698,3698,3698,3698,3698,3698,3698,3698,3698,3698,3698,3698,3698,3698,3698,3698,3698,3698,3698,3698,3698,3698,3698,3698,3698,3698,3698,3698,3698,3698,3698,3698,3698,3698,3698,3698,3698,3698,3698,3698,3698,3698,3698,3698,3698,3698,3698,3705,3704,3706,3705,3704,3706,3705,3704,3706,3702,3698,3698,3698,3698,3698,3698,3698,3698,3698,3698,3698,3698,3698,3698,3698,3698,3698,3698,3698,3698,3698,3705,3704,3706,,,,,,,,,,,,,,,,,,,,,,,,,,,,,,,,,3701,3701,3701
368,Doppleganger Mino,3713,3713,3712,0,0,0,0,0,3727,3723,0,0,0,3727,3721,3720,3724,3726,3725,3727,3727,3727,3727,3727,3727,3727,3727,3727,3727,3727,3727,3727,3724,3726,3725,3724,3726,3725,3724,3726,3725,3724,3726,3725,3724,3726,3725,3724,3726,3725,3724,3726,3725,3727,3727,3727,3727,3727,3727,3727,3727,3727,3727,3727,3727,3727,3727,3727,3727,3727,3727,3727,3727,3727,3727,3727,3727,3727,3727,3727,3727,3727,3727,3727,3727,3727,3727,3727,3727,3727,3727,3727,3727,3727,3727,3727,3727,3727,3727,3727,3727,3727,3727,3727,3727,3727,3727,3727,3727,3727,3727,3727,3727,3727,3727,3727,3727,3724,3726,3725,3724,3726,3725,3724,3726,3725,3712,3727,3727,3727,3727,3727,3727,3727,3727,3727,3727,3727,3727,3727,3727,3727,3727,3727,3727,3727,3727,3727,3724,3726,3725,,,,,,,,,,,,,,,,,,,,,,,,,,,,,,,,,3717,3717,3717
369,Doppleganer Demon,3743,3743,3742,0,0,0,0,0,3735,3731,0,0,0,3735,3732,3733,3728,3729,3730,3735,3735,3735,3735,3735,3735,3735,3735,3735,3735,3735,3735,3735,3728,3729,3730,3728,3729,3730,3728,3729,3730,3728,3729,3730,3728,3729,3730,3728,3729,3730,3728,3729,3730,3735,3735,3735,3735,3735,3735,3735,3735,3735,3735,3735,3735,3735,3735,3735,3735,3735,3735,3735,3735,3735,3735,3735,3735,3735,3735,3735,3735,3735,3735,3735,3735,3735,3735,3735,3735,3735,3735,3735,3735,3735,3735,3735,3735,3735,3735,3735,3735,3735,3735,3735,3735,3735,3735,3735,3735,3735,3735,3735,3735,3735,3735,3735,3735,3728,3729,3730,3728,3729,3730,3728,3729,3730,3742,3735,3735,3735,3735,3735,3735,3735,3735,3735,3735,3735,3735,3735,3735,3735,3735,3735,3735,3735,3735,3735,3741,3740,3739,,,,,,,,,,,,,,,,,,,,,,,,,,,,,,,,,3738,3738,3738
370,Cerebus,3755,3755,3754,0,0,0,0,0,3753,3759,0,0,0,3753,3757,3758,3756,3762,3761,3753,3753,3753,3753,3753,3753,3753,3753,3753,3753,3753,3753,3753,3756,3762,3761,3756,3762,3761,3756,3762,3761,3756,3762,3761,3756,3762,3761,3756,3762,3761,3756,3762,3761,3753,3753,3753,3753,3753,3753,3753,3753,3753,3753,3753,3753,3753,3753,3753,3753,3753,3753,3753,3753,3753,3753,3753,3753,3753,3753,3753,3753,3753,3753,3753,3753,3753,3753,3753,3753,3753,3753,3753,3753,3753,3753,3753,3753,3753,3753,3753,3753,3753,3753,3753,3753,3753,3753,3753,3753,3753,3753,3753,3753,3753,3753,3753,3753,3756,3762,3761,3756,3762,3761,3756,3762,3761,3754,3753,3753,3753,3753,3753,3753,3753,3753,3753,3753,3753,3753,3753,3753,3753,3753,3753,3753,3753,3753,3753,3756,3762,3761,3753,3753,3753,,,,,,,,,,,,,,,,,,,,,,,,,,,,,,3751,3751,3751
371,Construct Minotaur,3769,3769,3768,0,0,0,0,0,3767,3770,0,0,0,3767,3766,3765,3773,3772,3771,3767,3767,3767,3767,3767,3767,3767,3767,3767,3767,3767,3767,3767,3773,3772,3771,3773,3772,3771,3773,3772,3771,3773,3772,3771,3773,3772,3771,3773,3772,3771,3773,3772,3771,3767,3767,3767,3767,3767,3767,3767,3767,3767,3767,3767,3767,3767,3767,3767,3767,3767,3767,3767,3767,3767,3767,3767,3767,3767,3767,3767,3767,3767,3767,3767,3767,3767,3767,3767,3767,3767,3767,3767,3767,3767,3767,3767,3767,3767,3767,3767,3767,3767,3767,3767,3767,3767,3767,3767,3767,3767,3767,3767,3767,3767,3767,3767,3767,3773,3772,3771,3773,3772,3771,3773,3772,3771,3768,3767,3767,3767,3767,3767,3767,3767,3767,3767,3767,3767,3767,3767,3767,3767,3767,3767,3767,3767,3767,3767,3773,3772,3771,3767,3767,3767,,,,,,,,,,,,,,,,,,,,,,,,,,,,,,3764,3764,3764
372,Dead Minotaur,3776,3776,3776,3776,3776,3776,3776,3776,3776,3776,3776,3776,3776,3776,3776,3776,3776,3776,3776,3776,3776,3776,3776,3776,3776,3776,3776,3776,3776,3776,3776,3776,3776,3776,3776,3776,3776,3776,3776,3776,3776,3776,3776,3776,3776,3776,3776,3776,3776,3776,3776,3776,3776,3776,3776,3776,3776,3776,3776,3776,3776,3776,3776,3776,3776,3776,3776,3776,3776,3776,3776,3776,3776,3776,3776,3776,3776,3776,3776,3776,3776,3776,3776,3776,3776,3776,3776,3776,3776,3776,3776,3776,3776,3776,3776,3776,3776,3776,3776,3776,3776,3776,3776,3776,3776,3776,3776,3776,3776,3776,3776,3776,3776,3776,3776,3776,3776,3776,3776,3776,3776,3776,3776,3776,3776,3776,3776,3776,3776,3776,3776,3776,3776,3776,3776,3776,3776,3776,3776,3776,3776,3776,3776,3776,3776,3776,3776,3776,3776,3776,3776,3776,3776,3776,,,,,,,,,,,,,,,,,,,,,,,,,,,,,,2648,2650,2657
373,Clockwork Cat,3786,3786,3785,0,0,0,0,0,3788,3788,3788,3788,3788,3788,3788,3789,3788,3788,3788,3788,3788,3788,3788,3788,3788,3788,3788,3788,3787,3788,3788,3788,3788,3788,3788,3788,3788,3788,3788,3788,3788,3788,3788,3788,3788,3788,3788,3788,3788,3788,3788,3788,3788,3788,3788,3788,3788,3788,3788,3788,3788,3788,3788,3788,3788,3788,3788,3788,3788,3788,3788,3788,3788,3788,3788,3788,3788,3788,3788,3787,3788,3788,3788,3788,3788,3788,3788,3788,3788,3788,3788,3788,3788,3788,3788,3788,3788,3788,3788,3788,3788,3788,3788,3788,3788,3788,3788,3788,3788,3788,3788,3788,3788,3788,3788,3788,3788,3788,3788,3788,3788,3788,3788,3788,3788,3788,3785,3788,3788,3788,3788,3788,3788,3788,3788,3788,3788,3788,3788,3788,3788,3788,3788,3788,3788,3788,3788,3788,3788,3788,3788,3788,3788,3788,3788,3788,3788,3788,,,,,,,,,,,,,,,,,,,,,,,,,,3788,3788,3788
374,Mino Metal Golem,3809,3809,3810,0,0,0,0,0,3808,3811,0,0,0,3808,3807,3806,3801,3800,3812,3808,3808,3808,3808,3808,3808,3808,3808,3808,3808,3808,3808,3808,3801,3800,3812,3801,3800,3812,3801,3800,3812,3801,3800,3812,3801,3800,3812,3801,3800,3812,3801,3800,3812,3808,3808,3808,3808,3808,3808,3808,3808,3808,3808,3808,3808,3808,3808,3808,3808,3808,3808,3808,3808,3808,3808,3808,3808,3808,3808,3808,3808,3808,3808,3808,3808,3808,3808,3808,3808,3808,3808,3808,3808,3808,3808,3808,3808,3808,3808,3808,3808,3808,3808,3808,3808,3808,3808,3808,3808,3808,3808,3808,3808,3808,3808,3808,3808,3801,3800,3812,3801,3800,3812,3801,3800,3812,3810,3808,3808,3808,3808,3808,3808,3808,3808,3808,3808,3808,3808,3808,3808,3808,3808,3808,3808,3808,3808,3808,3801,3800,3812,3808,3808,3808,3808,3808,3808,3808,,,,,,,,,,,,,,,,,,,,,,,,,,3804,3804,3804
375,Agramon,3816,3816,3815,0,0,0,0,0,3814,3817,0,0,0,3814,3813,3824,3825,3819,3818,3814,3814,3814,3814,3814,3814,3814,3814,3814,3814,3814,3814,3814,3825,3819,3818,3825,3819,3818,3825,3819,3818,3825,3819,3818,3825,3819,3818,3825,3819,3818,3825,3819,3818,3814,3814,3814,3814,3814,3814,3814,3814,3814,3814,3814,3814,3814,3814,3814,3814,3814,3814,3814,3814,3814,3814,3814,3814,3814,3814,3814,3814,3814,3814,3814,3814,3814,3814,3814,3814,3814,3814,3814,3814,3814,3814,3814,3814,3814,3814,3814,3814,3814,3814,3814,3814,3814,3814,3814,3814,3814,3814,3814,3814,3814,3814,3814,3814,3825,3819,3818,3825,3819,3818,3825,3819,3818,3815,3814,3814,3814,3814,3814,3814,3814,3814,3814,3814,3814,3814,3814,3814,3814,3814,3814,3814,3814,3814,3814,3825,3819,3818,3814,3814,3814,3814,3814,3814,3814,,,,,,,,,,,,,,,,,,,,,,,,,,3820,3820,3820
376,Goblin Chief,3833,3833,3832,0,0,0,0,0,3831,3834,0,0,0,3831,3829,3830,3826,3837,3836,3831,3831,3831,3831,3831,3831,3831,3831,3831,3831,3831,3831,3831,3826,3837,3836,3826,3837,3836,3826,3837,3836,3826,3837,3836,3826,3837,3836,3826,3837,3836,3826,3837,3836,3831,3831,3831,3831,3831,3831,3831,3831,3831,3831,3831,3831,3831,3831,3831,3831,3831,3831,3831,3831,3831,3831,3831,3831,3831,3831,3831,3831,3831,3831,3831,3831,3831,3831,3831,3831,3831,3831,3831,3831,3831,3831,3831,3831,3831,3831,3831,3831,3831,3831,3831,3831,3831,3831,3831,3831,3831,3831,3831,3831,3831,3831,3831,3831,3826,3837,3826,3837,3836,3836,3826,3837,3836,3832,3831,3831,3831,3831,3831,3831,3831,3831,3831,3831,3831,3831,3831,3831,3831,3831,3831,3831,3831,3831,3831,3826,3837,3836,3831,3831,3831,3831,3831,3831,3831,,,,,,,,,,,,,,,,,,,,,,,,,,3827,3827,3827
377,Mino Stone Golem,3809,3809,3810,0,0,0,0,0,3808,3811,0,0,0,3808,3841,3842,3801,3800,3812,3808,3808,3808,3808,3808,3808,3808,3808,3808,3808,3808,3808,3808,3801,3800,3812,3801,3800,3812,3801,3800,3812,3801,3800,3812,3801,3800,3812,3801,3800,3812,3801,3800,3812,3808,3808,3808,3808,3808,3808,3808,3808,3808,3808,3808,3808,3808,3808,3808,3808,3808,3808,3808,3808,3808,3808,3808,3808,3808,3808,3808,3808,3808,3808,3808,3808,3808,3808,3808,3808,3808,3808,3808,3808,3808,3808,3808,3808,3808,3808,3808,3808,3808,3808,3808,3808,3808,3808,3808,3808,3808,3808,3808,3808,3808,3808,3808,3808,3801,3800,3812,3801,3800,3812,3801,3800,3812,3810,3808,3808,3808,3808,3808,3808,3808,3808,3808,3808,3808,3808,3808,3808,3808,3808,3808,3808,3808,3808,3808,3801,3800,3812,3808,3808,3808,3808,3808,3808,3808,,,,,,,,,,,,,,,,,,,,,,,,,,3839,3839,3839
378,Classic Dead Minotaur,3844,3844,3844,3844,3844,3844,3844,3844,3844,3844,3844,3844,3844,3844,3844,3844,3844,3844,3844,3844,3844,3844,3844,3844,3844,3844,3844,3844,3844,3844,3844,3844,3844,3844,3844,3844,3844,3844,3844,3844,3844,3844,3844,3844,3844,3844,3844,3844,3844,3844,3844,3844,3844,3844,3844,3844,3844,3844,3844,3844,3844,3844,3844,3844,3844,3844,3844,3844,3844,3844,3844,3844,3844,3844,3844,3844,3844,3844,3844,3844,3844,3844,3844,3844,3844,3844,3844,3844,3844,3844,3844,3844,3844,3844,3844,3844,3844,3844,3844,3844,3844,3844,3844,3844,3844,3844,3844,3844,3844,3844,3844,3844,3844,3844,3844,3844,3844,3844,3844,3844,3844,3844,3844,3844,3844,3844,3844,3844,3844,3844,3844,3844,3844,3844,3844,3844,3844,3844,3844,3844,3844,3844,3844,3844,3844,3844,3844,3844,3844,3844,3844,3844,3844,3844,3844,3844,3844,3844,,,,,,,,,,,,,,,,,,,,,,,,,,3844,3844,3844
379,Flying Undead Drakoran,3845,3845,3845,0,0,0,0,0,3845,3707,0,0,0,3845,3845,3845,3705,3704,3706,3698,3698,3698,3698,3698,3698,3698,3698,3698,3698,3698,3698,3698,3705,3704,3706,3705,3704,3706,3705,3704,3706,3705,3704,3706,3705,3704,3706,3705,3704,3706,3705,3704,3706,3698,3698,3698,3698,3698,3698,3698,3698,3698,3698,3698,3698,3698,3698,3698,3698,3698,3698,3698,3698,3698,3698,3698,3698,3698,3698,3698,3698,3698,3698,3698,3698,3698,3698,3698,3698,3698,3698,3698,3698,3698,3698,3698,3698,3698,3698,3698,3698,3698,3698,3698,3698,3698,3698,3698,3698,3698,3698,3698,3698,3698,3698,3698,3698,3705,3704,3706,3705,3704,3706,3705,3704,3706,3845,3698,3698,3698,3698,3698,3698,3698,3698,3698,3698,3698,3698,3698,3698,3698,3698,3698,3698,3698,3698,3698,3705,3704,3706,,,,,,,,,,,,,,,,,,,,,,,,,,,,,,,,,3701,3701,3701
380,Dracolich,3861,3861,3860,0,0,0,0,0,3859,3849,0,0,0,3859,3858,3857,3852,3851,3850,3859,3859,3859,3859,3859,3859,3859,3859,3859,3859,3859,3859,3859,3852,3851,3850,3852,3851,3850,3852,3851,3850,3852,3851,3850,3852,3851,3850,3852,3851,3850,3852,3851,3850,3859,3859,3859,3859,3859,3859,3859,3859,3859,3859,3859,3859,3859,3859,3859,3859,3859,3859,3859,3859,3859,3859,3859,3859,3859,3859,3859,3859,3859,3859,3859,3859,3859,3859,3859,3859,3859,3859,3859,3859,3859,3859,3859,3859,3859,3859,3859,3859,3859,3859,3859,3859,3859,3859,3859,3859,3859,3859,3859,3859,3859,3859,3859,3859,3862,3862,3862,3862,3862,3862,3862,3862,3862,3860,3859,3859,3859,3859,3859,3859,3859,3859,3859,3859,3859,3859,3859,3859,3859,3859,3859,3859,3859,3859,3859,3859,3859,3859,3859,3859,3859,3859,3859,3859,3859,,,,,,,,,,,,,,,,,,,,,,,,,,3853,3853,3853
381,Dracolich Sleeping,3862,3862,3862,3862,3862,3862,3862,3862,3862,3862,3862,3862,3862,3862,3862,3862,3862,3862,3862,3862,3862,3862,3862,3862,3862,3862,3862,3862,3862,3862,3862,3862,3862,3862,3862,3862,3862,3862,3862,3862,3862,3862,3862,3862,3862,3862,3862,3862,3862,3862,3862,3862,3862,3862,3862,3862,3862,3862,3862,3862,3862,3862,3862,3862,3862,3862,3862,3862,3862,3862,3862,3862,3862,3862,3862,3862,3862,3862,3862,3862,3862,3862,3862,3862,3862,3862,3862,3862,3862,3862,3862,3862,3862,3862,3862,3862,3862,3862,3862,3862,3862,3862,3862,3862,3862,3862,3862,3862,3862,3862,3862,3862,3862,3862,3862,3862,3862,3862,3862,3862,3862,3862,3862,3862,3862,3862,3862,3862,3862,3862,3862,3862,3862,3862,3862,3862,3862,3862,3862,3862,3862,3862,3862,3862,3862,3862,3862,3862,3862,3862,3862,3862,3862,3862,3862,3862,3862,3862,,,,,,,,,,,,,,,,,,,,,,,,,,3862,3862,3862
382,Albion Cata Minotaur,3628,2676,3691,0,0,2617,2618,2535,3629,2615,2682,3842,3843,3690,3689,3629,2830,2686,2678,3688,3687,3692,2877,2878,2879,2871,2872,2873,3203,2874,2875,2876,2689,2686,2827,2689,2686,2836,2689,2686,2687,2689,2686,2834,2824,2833,2828,2824,2833,2690,2689,2686,2688,2646,2625,2626,2628,2630,2632,2635,2731,2647,2634,2641,2645,2648,2650,2657,2658,2633,3122,2619,2567,2566,2567,2535,3157,2622,2535,2535,2663,2884,2661,2627,2636,2629,2638,2642,2660,2644,2880,2651,2652,2653,2656,2659,2535,2535,2535,2535,2535,2535,2535,2535,2535,2535,2623,2732,2643,3164,3158,3155,3153,3154,3156,3159,3163,2665,2666,2667,2668,2669,2670,2886,2887,2888,2928,3340,3342,3398,3399,3426,3425,3334,3335,3336,3337,3341,3414,3428,3429,3430,3431,3432,3433,3441,3338,3608,3610,3611,3612,3745,3746,3744,3778,3779,3780,3781,2602,2603,2604,3977,3978,3979,3629,3691,4074,4075,,4077,4078,4079,4080,4081,4082,4083,4084,4085,4086,4087,4088,4089,4090,2599,2600,2601
383,Midgard Cata Minotaur,3628,2676,3691,0,0,2617,2618,2535,3629,2615,2682,3842,3843,3690,3689,3629,2830,2686,2678,3688,3687,3692,2877,2878,2879,2871,2872,2873,3203,2874,2875,2876,2685,2686,2827,2685,2686,2836,2685,2686,2687,2685,2686,2834,2684,2833,2828,2684,2833,2690,2685,2686,2688,2646,2625,2626,2628,2630,2632,2635,2731,2647,2634,2641,2645,2648,2650,2657,2658,2633,3122,2619,2567,2566,2567,2535,3157,2622,2535,2535,2663,2884,2661,2627,2636,2629,2638,2642,2660,2644,2880,2651,2652,2653,2656,2659,2535,2535,2535,2535,2535,2535,2535,2535,2535,2535,2623,2732,2643,3164,3158,3155,3153,3154,3156,3159,3163,2665,2666,2667,2668,2669,2670,2886,2887,2888,2928,3340,3342,3398,3399,3426,3425,3334,3335,3336,3337,3341,3414,3428,3429,3430,3431,3432,3433,3441,3338,3608,3610,3611,3612,3745,3746,3744,3778,3779,3780,3781,2602,2603,2604,3977,3978,3979,3629,3691,4074,4075,,4077,4078,4079,4080,4081,4082,4083,4084,4085,4086,4087,4088,4089,4090,2599,2600,2601
384,Ambient Spider,3890,3890,3890,3892,3892,3892,3892,3892,3892,3892,3892,3892,3892,3892,3891,3892,3892,3892,3892,3892,3892,3892,3892,3892,3892,3892,3892,3892,3892,3892,3892,3892,3892,3892,3892,3892,3892,3892,3892,3892,3892,3892,3892,3892,3892,3892,3892,3892,3892,3892,3892,3892,3892,3892,3892,3892,3892,3892,3892,3892,3892,3892,3892,3892,3892,3892,3892,3892,3892,3892,3892,3892,3892,3892,3892,3892,3892,3892,3892,3892,3892,3892,3892,3892,3892,3892,3892,3892,3892,3892,3892,3892,3892,3892,3892,3892,3892,3892,3892,3892,3892,3892,3892,3892,3892,3892,3892,3892,3892,3892,3892,3892,3892,3892,3892,3892,3892,3892,3892,3892,3892,3892,3892,3892,3892,3892,3892,3892,3892,3892,3892,3892,3892,3892,3892,3892,3892,3892,3892,3892,3892,3892,3892,3892,3892,3892,3892,3892,3892,3892,3892,3892,3892,3892,3892,3892,3892,3892,,,,,,,,,,,,,,,,,,,,,,,,,,3892,3892,3892
385,Ambient Snake,3887,3887,3887,3889,3889,3889,3889,3889,3889,3889,3889,3889,3889,3889,3888,3889,3889,3889,3889,3889,3889,3889,3889,3889,3889,3889,3889,3889,3889,3889,3889,3889,3889,3889,3889,3889,3889,3889,3889,3889,3889,3889,3889,3889,3889,3889,3889,3889,3889,3889,3889,3889,3889,3889,3889,3889,3889,3889,3889,3889,3889,3889,3889,3889,3889,3889,3889,3889,3889,3889,3889,3889,3889,3889,3889,3889,3889,3889,3889,3889,3889,3889,3889,3889,3889,3889,3889,3889,3889,3889,3889,3889,3889,3889,3889,3889,3889,3889,3889,3889,3889,3889,3889,3889,3889,3889,3889,3889,3889,3889,3889,3889,3889,3889,3889,3889,3889,3889,3889,3889,3889,3889,3889,3889,3889,3889,3889,3889,3889,3889,3889,3889,3889,3889,3889,3889,3889,3889,3889,3889,3889,3889,3889,3889,3889,3889,3889,3889,3889,3889,3889,3889,3889,3889,3889,3889,3889,3889,,,,,,,,,,,,,,,,,,,,,,,,,,3889,3889,3889
386,Ambient Roach,3893,3893,3893,3895,3895,3895,3895,3895,3895,3895,3895,3895,3895,3895,3894,3895,3895,3895,3895,3895,3895,3895,3895,3895,3895,3895,3895,3895,3895,3895,3895,3895,3895,3895,3895,3895,3895,3895,3895,3895,3895,3895,3895,3895,3895,3895,3895,3895,3895,3895,3895,3895,3895,3895,3895,3895,3895,3895,3895,3895,3895,3895,3895,3895,3895,3895,3895,3895,3895,3895,3895,3895,3895,3895,3895,3895,3895,3895,3895,3895,3895,3895,3895,3895,3895,3895,3895,3895,3895,3895,3895,3895,3895,3895,3895,3895,3895,3895,3895,3895,3895,3895,3895,3895,3895,3895,3895,3895,3895,3895,3895,3895,3895,3895,3895,3895,3895,3895,3895,3895,3895,3895,3895,3895,3895,3895,3895,3895,3895,3895,3895,3895,3895,3895,3895,3895,3895,3895,3895,3895,3895,3895,3895,3895,3895,3895,3895,3895,3895,3895,3895,3895,3895,3895,3895,3895,3895,3895,,,,,,,,,,,,,,,,,,,,,,,,,,3895,3895,3895
387,Ambient Cricket,3886,3886,3886,3885,3885,3885,3885,3885,3885,3885,3885,3885,3885,3885,3884,3885,3885,3885,3885,3885,3885,3885,3885,3885,3885,3885,3885,3885,3885,3885,3885,3885,3885,3885,3885,3885,3885,3885,3885,3885,3885,3885,3885,3885,3885,3885,3885,3885,3885,3885,3885,3885,3885,3885,3885,3885,3885,3885,3885,3885,3885,3885,3885,3885,3885,3885,3885,3885,3885,3885,3885,3885,3885,3885,3885,3885,3885,3885,3885,3885,3885,3885,3885,3885,3885,3885,3885,3885,3885,3885,3885,3885,3885,3885,3885,3885,3885,3885,3885,3885,3885,3885,3885,3885,3885,3885,3885,3885,3885,3885,3885,3885,3885,3885,3885,3885,3885,3885,3885,3885,3885,3885,3885,3885,3885,3885,3885,3885,3885,3885,3885,3885,3885,3885,3885,3885,3885,3885,3885,3885,3885,3885,3885,3885,3885,3885,3885,3885,3885,3885,3885,3885,3885,3885,3885,3885,3885,3885,,,,,,,,,,,,,,,,,,,,,,,,,,3885,3885,3885
388,Ambient Rat,3897,3897,3897,3898,3898,3898,3898,3898,3898,3898,3898,3898,3898,3898,3896,3898,3898,3898,3898,3898,3898,3898,3898,3898,3898,3898,3898,3898,3898,3898,3898,3898,3898,3898,3898,3898,3898,3898,3898,3898,3898,3898,3898,3898,3898,3898,3898,3898,3898,3898,3898,3898,3898,3898,3898,3898,3898,3898,3898,3898,3898,3898,3898,3898,3898,3898,3898,3898,3898,3898,3898,3898,3898,3898,3898,3898,3898,3898,3898,3898,3898,3898,3898,3898,3898,3898,3898,3898,3898,3898,3898,3898,3898,3898,3898,3898,3898,3898,3898,3898,3898,3898,3898,3898,3898,3898,3898,3898,3898,3898,3898,3898,3898,3898,3898,3898,3898,3898,3898,3898,3898,3898,3898,3898,3898,3898,3898,3898,3898,3898,3898,3898,3898,3898,3898,3898,3898,3898,3898,3898,3898,3898,3898,3898,3898,3898,3898,3898,3898,3898,3898,3898,3898,3898,3898,3898,3898,3898,,,,,,,,,,,,,,,,,,,,,,,,,,3898,3898,3898
389,Ambient Slug,3900,3900,3900,3899,3899,3899,3899,3899,3899,3899,3899,3899,3899,3899,3899,3899,3899,3899,3899,3899,3899,3899,3899,3899,3899,3899,3899,3899,3899,3899,3899,3899,3899,3899,3899,3899,3899,3899,3899,3899,3899,3899,3899,3899,3899,3899,3899,3899,3899,3899,3899,3899,3899,3899,3899,3899,3899,3899,3899,3899,3899,3899,3899,3899,3899,3899,3899,3899,3899,3899,3899,3899,3899,3899,3899,3899,3899,3899,3899,3899,3899,3899,3899,3899,3899,3899,3899,3899,3899,3899,3899,3899,3899,3899,3899,3899,3899,3899,3899,3899,3899,3899,3899,3899,3899,3899,3899,3899,3899,3899,3899,3899,3899,3899,3899,3899,3899,3899,3899,3899,3899,3899,3899,3899,3899,3899,3899,3899,3899,3899,3899,3899,3899,3899,3899,3899,3899,3899,3899,3899,3899,3899,3899,3899,3899,3899,3899,3899,3899,3899,3899,3899,3899,3899,3899,3899,3899,3899,,,,,,,,,,,,,,,,,,,,,,,,,,3899,3899,3899
390,Dragons (Always Flying),3902,3902,3902,3902,3902,3902,3902,3902,3902,3902,3902,3902,3902,3902,3902,3902,3902,3902,3902,3902,3902,3902,3902,3902,3902,3902,3902,3902,3902,3902,3902,3902,3902,3902,3902,3902,3902,3902,3902,3902,3902,3902,3902,3902,3902,3902,3902,3902,3902,3902,3902,3902,3902,3902,3902,3902,3902,3902,3902,3902,3902,3902,3902,3902,3902,3902,3902,3902,3902,3902,3902,3902,3902,3902,3902,3902,3902,3902,3902,3902,3902,3902,3902,3902,3902,3902,3902,3902,3902,3902,3902,3902,3902,3902,3902,3902,3902,3902,3902,3902,3902,3902,3902,3902,3902,3902,3902,3902,3902,3902,3902,3902,3902,3902,3902,3902,3902,3902,3902,3902,3902,3902,3902,3902,3902,3902,3902,3902,3902,3902,3902,3902,3902,3902,3902,3902,3902,3902,3902,3902,3902,3902,3902,3902,3902,3902,3902,3902,3902,3902,3902,3902,3902,3902,3902,3902,3902,3902,3902,3902,3902,,,,,,,,,,,,,,,,,,,,,,,3902,3902,3902
391,Revamped Dragons,3906,3906,3902,3910,3910,3910,3910,3902,3910,3909,3910,3910,3910,3910,3901,3910,3903,3904,3905,3910,3910,3910,3910,3910,3910,3910,3910,3910,3910,3910,3910,3910,3903,3904,3905,3903,3904,3905,3903,3904,3905,3903,3904,3905,3903,3904,3905,3903,3904,3905,3903,3904,3905,3910,3910,3910,3910,3910,3910,3910,3910,3910,3910,3910,3910,3910,3910,3910,3910,3910,3910,3910,3910,3910,3910,3910,3910,3910,3910,3910,3910,3910,3910,3910,3910,3910,3910,3910,3910,3910,3910,3910,3910,3910,3910,3910,3910,3910,3910,3910,3910,3910,3910,3910,3910,3910,3910,3910,3910,3910,3910,3910,3910,3910,3910,3910,3910,3903,3904,3905,3903,3904,3905,3903,3904,3905,3902,3910,3910,3910,3910,3910,3910,3910,3910,3910,3910,3910,3910,3910,3910,3910,3910,3910,3910,3910,3910,3910,3903,3904,3905,3910,3910,3910,3910,3910,3910,3910,,,,,,,,,,,,,,,,,,,,,,,,,,3907,3907,3907
392,Revamped Werewolf,3927,3927,3926,3929,3929,3929,3929,3929,3929,3930,3929,3929,3929,3929,3929,3928,3920,3919,3932,3929,3929,3929,3929,3929,3929,3929,3929,3929,3929,3929,3929,3929,3920,3919,3932,3920,3919,3932,3920,3919,3932,3920,3919,3932,3920,3919,3932,3920,3919,3932,3920,3919,3932,3929,3929,3929,3929,3929,3929,3929,3929,3929,3929,3929,3929,3929,3929,3929,3929,3929,3929,3929,3929,3929,3929,3929,3929,3929,3929,3929,3929,3929,3929,3929,3929,3929,3929,3929,3929,3929,3929,3929,3929,3929,3929,3929,3929,3929,3929,3929,3929,3929,3929,3929,3929,3929,3929,3929,3929,3929,3929,3929,3929,3929,3929,3929,3929,3920,3919,3932,3920,3919,3932,3920,3919,3932,3926,3929,3929,3929,3929,3929,3929,3929,3929,3929,3929,3929,3929,3929,3929,3929,3929,3929,3929,3929,3929,3929,3929,3929,3929,3929,3929,3929,3929,3929,3929,3929,,,,,,,,,,,,,,,,,,,,,,,,,,3934,3934,3934
393,Revamped Stone Giant,3943,3943,3947,3946,3946,3946,3946,3946,3946,3948,3946,3946,3946,3946,3944,3945,3949,3950,3939,3946,3946,3946,3946,3946,3946,3946,3946,3946,3946,3946,3946,3946,3949,3950,3939,3949,3950,3939,3949,3950,3939,3949,3950,3939,3949,3950,3939,3949,3950,3939,3949,3950,3939,3946,3946,3946,3946,3946,3946,3946,3946,3946,3946,3946,3946,3946,3946,3946,3946,3946,3946,3946,3946,3946,3946,3946,3946,3946,3946,3946,3946,3946,3946,3946,3946,3946,3946,3946,3946,3946,3946,3946,3946,3946,3946,3946,3946,3946,3946,3946,3946,3946,3946,3946,3946,3946,3946,3946,3946,3946,3946,3946,3946,3946,3946,3946,3946,3949,3950,3939,3949,3950,3939,3949,3950,3939,3947,3929,3929,3929,3929,3929,3929,3929,3929,3929,3929,3929,3929,3929,3929,3929,3929,3929,3929,3929,3929,3929,3929,3929,3929,3929,3929,3929,3929,3929,3929,3929,,,,,,,,,,,,,,,,,,,,,,,,,,3940,3940,3940
394,Walking Baby/Young Dragon,3961,3961,3960,3953,3953,3953,3953,3953,3953,3954,3953,3953,3953,3953,3953,3952,3957,3956,3955,3953,3953,3953,3953,3953,3953,3953,3953,3953,3953,3953,3953,3953,3957,3956,3955,3957,3956,3955,3957,3956,3955,3957,3956,3955,3957,3956,3955,3957,3956,3955,3957,3956,3955,3953,3953,3953,3953,3953,3953,3953,3953,3953,3953,3953,3953,3953,3953,3953,3953,3953,3953,3953,3953,3953,3953,3953,3953,3953,3953,3953,3953,3953,3953,3953,3953,3953,3953,3953,3953,3953,3953,3953,3953,3953,3953,3953,3953,3953,3953,3953,3953,3953,3953,3953,3953,3953,3953,3953,3953,3953,3953,3953,3953,3953,3953,3953,3953,3957,3956,3955,3957,3956,3955,3957,3956,3955,3960,3953,3953,3953,3953,3953,3953,3953,3953,3953,3953,3953,3953,3953,3953,3953,3953,3953,3953,3953,3953,3953,3953,3953,3953,3953,3953,3953,3953,3953,3953,3953,,,,,,,,,,,,,,,,,,,,,,,,,,3958,3958,3958
395,Revamped Glimmer Knight,380,332,381,3967,3967,340,36,3967,3967,386,3967,3967,3967,3967,3966,3965,511,520,389,3967,3967,3967,3967,3967,3967,3967,3967,3967,3967,3967,3967,3967,511,520,389,511,520,389,511,520,389,511,520,389,511,520,389,511,520,389,511,520,389,3967,3967,3967,3967,3967,3967,3967,3967,3967,3967,3967,3967,3967,3967,3967,3967,3967,3967,3967,3967,3967,3967,3967,3967,3967,3967,3967,3967,3967,3967,3967,3967,3967,3967,3967,3967,3967,3967,3967,3967,3967,3967,3967,3967,3967,3967,3967,3967,3967,3967,3967,3967,3967,3967,3967,3967,3967,3967,3967,3967,3967,3967,3967,3967,511,520,389,511,520,389,511,520,389,3963,3967,3967,3967,3967,3967,3967,3967,3967,3967,3967,3967,3967,3967,3967,3967,3967,3967,3967,3967,3967,3967,3967,3967,3967,3967,3967,3967,3967,3967,3967,3967, , , ,,,,,,,,,,,,,,,,,,,,,,,93,94,95
396,Dead Baby Dragons,3974,3974,3974,3974,3974,3974,3974,3974,3974,3974,3974,3974,3974,3974,3974,3974,3974,3974,3974,3974,3974,3974,3974,3974,3974,3974,3974,3974,3974,3974,3974,3974,3974,3974,3974,3974,3974,3974,3974,3974,3974,3974,3974,3974,3974,3974,3974,3974,3974,3974,3974,3974,3974,3974,3974,3974,3974,3974,3974,3974,3974,3974,3974,3974,3974,3974,3974,3974,3974,3974,3974,3974,3974,3974,3974,3974,3974,3974,3974,3974,3974,3974,3974,3974,3974,3974,3974,3974,3974,3974,3974,3974,3974,3974,3974,3974,3974,3974,3974,3974,3974,3974,3974,3974,3974,3974,3974,3974,3974,3974,3974,3974,3974,3974,3974,3974,3974,3974,3974,3974,3974,3974,3974,3974,3974,3974,3974,3974,3974,3974,3974,3974,3974,3974,3974,3974,3974,3974,3974,3974,3974,3974,3974,3974,3974,3974,3974,3974,3974,3974,3974,3974,3974,3974,3974,3974,3974,3974,,,,,,,,,,,,,,,,,,,,,,,,,,3974,3974,3974
397,Dead Glimmer Knight,3973,3973,3973,3973,3973,3973,3973,3973,3973,3973,3973,3973,3973,3973,3973,3973,3973,3973,3973,3973,3973,3973,3973,3973,3973,3973,3973,3973,3973,3973,3973,3973,3973,3973,3973,3973,3973,3973,3973,3973,3973,3973,3973,3973,3973,3973,3973,3973,3973,3973,3973,3973,3973,3973,3973,3973,3973,3973,3973,3973,3973,3973,3973,3973,3973,3973,3973,3973,3973,3973,3973,3973,3973,3973,3973,3973,3973,3973,3973,3973,3973,3973,3973,3973,3973,3973,3973,3973,3973,3973,3973,3973,3973,3973,3973,3973,3973,3973,3973,3973,3973,3973,3973,3973,3973,3973,3973,3973,3973,3973,3973,3973,3973,3973,3973,3973,3973,3973,3973,3973,3973,3973,3973,3973,3973,3973,3973,3973,3973,3973,3973,3973,3973,3973,3973,3973,3973,3973,3973,3973,3973,3973,3973,3973,3973,3973,3973,3973,3973,3973,3973,3973,3973,3973,3973,3973,3973,3973,,,,,,,,,,,,,,,,,,,,,,,,,,3973,3973,3973
398,Dead Stonegiant,3976,3976,3976,3976,3976,3976,3976,3976,3976,3976,3976,3976,3976,3976,3976,3976,3976,3976,3976,3976,3976,3976,3976,3976,3976,3976,3976,3976,3976,3976,3976,3976,3976,3976,3976,3976,3976,3976,3976,3976,3976,3976,3976,3976,3976,3976,3976,3976,3976,3976,3976,3976,3976,3976,3976,3976,3976,3976,3976,3976,3976,3976,3976,3976,3976,3976,3976,3976,3976,3976,3976,3976,3976,3976,3976,3976,3976,3976,3976,3976,3976,3976,3976,3976,3976,3976,3976,3976,3976,3976,3976,3976,3976,3976,3976,3976,3976,3976,3976,3976,3976,3976,3976,3976,3976,3976,3976,3976,3976,3976,3976,3976,3976,3976,3976,3976,3976,3976,3976,3976,3976,3976,3976,3976,3976,3976,3976,3976,3976,3976,3976,3976,3976,3976,3976,3976,3976,3976,3976,3976,3976,3976,3976,3976,3976,3976,3976,3976,3976,3976,3976,3976,3976,3976,3976,3976,3976,3976,,,,,,,,,,,,,,,,,,,,,,,,,,3976,3976,3976
399,Dead Werewolf,3975,3975,3975,3975,3975,3975,3975,3975,3975,3975,3975,3975,3975,3975,3975,3975,3975,3975,3975,3975,3975,3975,3975,3975,3975,3975,3975,3975,3975,3975,3975,3975,3975,3975,3975,3975,3975,3975,3975,3975,3975,3975,3975,3975,3975,3975,3975,3975,3975,3975,3975,3975,3975,3975,3975,3975,3975,3975,3975,3975,3975,3975,3975,3975,3975,3975,3975,3975,3975,3975,3975,3975,3975,3975,3975,3975,3975,3975,3975,3975,3975,3975,3975,3975,3975,3975,3975,3975,3975,3975,3975,3975,3975,3975,3975,3975,3975,3975,3975,3975,3975,3975,3975,3975,3975,3975,3975,3975,3975,3975,3975,3975,3975,3975,3975,3975,3975,3975,3975,3975,3975,3975,3975,3975,3975,3975,3975,3975,3975,3975,3975,3975,3975,3975,3975,3975,3975,3975,3975,3975,3975,3975,3975,3975,3975,3975,3975,3975,3975,3975,3975,3975,3975,3975,3975,3975,3975,3975,,,,,,,,,,,,,,,,,,,,,,,,,,3975,3975,3975
400,Flying Baby/Young Dragon,3961,3961,3983,3953,3953,3953,3953,3983,3953,3954,3953,3953,3953,3953,3953,3952,3957,3956,3955,3953,3953,3953,3953,3953,3953,3953,3953,3953,3953,3953,3953,3953,3957,3956,3955,3957,3956,3955,3957,3956,3955,3957,3956,3955,3957,3956,3955,3957,3956,3955,3957,3956,3955,3953,3953,3953,3953,3953,3953,3953,3953,3953,3953,3953,3953,3953,3953,3953,3953,3953,3953,3953,3953,3953,3953,3953,3953,3953,3953,3953,3953,3953,3953,3953,3953,3953,3953,3953,3953,3953,3953,3953,3953,3953,3953,3953,3953,3953,3953,3953,3953,3953,3953,3953,3953,3953,3953,3953,3953,3953,3953,3953,3953,3953,3953,3953,3953,3957,3956,3955,3957,3956,3955,3957,3956,3955,3960,3953,3953,3953,3953,3953,3953,3953,3953,3953,3953,3953,3953,3953,3953,3953,3953,3953,3953,3953,3953,3953,3953,3953,3953,3953,3953,3953,3953,3953,3953,3953,,,,,,,,,,,,,,,,,,,,,,,,,,3958,3958,3958
401,Revamped Wolf Lizard,3988,3988,3987,3993,3993,3993,3993,3993,3993,3991,3993,3993,3993,3993,3990,3989,3993,3993,3993,3993,3993,3993,3993,3993,3993,3993,3993,3993,3993,3993,3993,3993,3993,3993,3993,3993,3993,3993,3993,3993,3993,3993,3993,3993,3993,3993,3993,3993,3993,3993,3993,3993,3993,3993,3993,3993,3993,3993,3993,3993,3993,3993,3993,3993,3993,3993,3993,3993,3993,3993,3993,3993,3993,3993,3993,3993,3993,3993,3993,3993,3993,3993,3993,3993,3993,3993,3993,3993,3993,3993,3993,3993,3993,3993,3993,3993,3993,3993,3993,3993,3993,3993,3993,3993,3993,3993,3993,3993,3993,3993,3993,3993,3993,3993,3993,3993,3993,3993,3993,3993,3993,3993,3993,3993,3993,3993,3987,3993,3993,3993,3993,3993,3993,3993,3993,3993,3993,3993,3993,3993,3993,3993,3993,3993,3993,3993,3993,3993,3993,3993,3993,3993,3993,3993,3993,3993,3993,3993,,,,,,,,,,,,,,,,,,,,,,,,,,3984,3984,3984
402,Revamped Glimmer Caster,3999,3999,4000,4001,4001,4001,4001,4001,4001,4003,4001,4001,4001,4001,4001,4002,4006,4005,4004,4001,4001,4001,4001,4001,4001,4001,4001,4001,4001,4001,4001,4001,4006,4005,4004,4006,4005,4004,4006,4005,4004,4006,4005,4004,4006,4005,4004,4006,4005,4004,4006,4005,4004,4001,4001,4001,4001,4001,4001,4001,4001,4001,4001,4001,4001,4001,4001,4001,4001,4001,4001,4001,4001,4001,4001,4001,4001,4001,4001,4001,4001,4001,4001,4001,4001,4001,4001,4001,4001,4001,4001,4001,4001,4001,4001,4001,4001,4001,4001,4001,4001,4001,4001,4001,4001,4001,4001,4001,4001,4001,4001,4001,4001,4001,4001,4001,4001,4006,4005,4004,4006,4005,4004,4006,4005,4004,4001,4001,4001,4001,4001,4001,4001,4001,4001,4001,4001,4001,4001,4001,4001,4001,4001,4001,4001,4001,4001,4001,4006,4005,4004,4001,4001,4001,4001,4001,4001,4001,,,,,,,,,,,,,,,,,,,,,,,,,,3995,3995,3995
403,Dead Revamped Dragons,4007,4007,4007,4007,4007,4007,4007,4007,4007,4007,4007,4007,4007,4007,4007,4007,4007,4007,4007,4007,4007,4007,4007,4007,4007,4007,4007,4007,4007,4007,4007,4007,4007,4007,4007,4007,4007,4007,4007,4007,4007,4007,4007,4007,4007,4007,4007,4007,4007,4007,4007,4007,4007,4007,4007,4007,4007,4007,4007,4007,4007,4007,4007,4007,4007,4007,4007,4007,4007,4007,4007,4007,4007,4007,4007,4007,4007,4007,4007,4007,4007,4007,4007,4007,4007,4007,4007,4007,4007,4007,4007,4007,4007,4007,4007,4007,4007,4007,4007,4007,4007,4007,4007,4007,4007,4007,4007,4007,4007,4007,4007,4007,4007,4007,4007,4007,4007,4007,4007,4007,4007,4007,4007,4007,4007,4007,4007,4007,4007,4007,4007,4007,4007,4007,4007,4007,4007,4007,4007,4007,4007,4007,4007,4007,4007,4007,4007,4007,4007,4007,4007,4007,4007,4007,4007,4007,4007,4007,,,,,,,,,,,,,,,,,,,,,,,,,,4007,4007,4007
404,Revamped Glimmer Ghoul,4011,4011,4010,4009,4009,4009,4009,4009,4009,3571,4009,4009,4009,4009,4008,4012,3569,3570,3577,4009,4009,4009,4009,4009,4009,4009,4009,4009,2620,4009,4009,4009,3569,3570,3577,3569,3570,3577,3569,3570,3577,3569,3570,3577,3569,3570,3577,3569,3570,3577,3569,3570,3577,4009,4009,4009,4009,4009,4009,4009,4009,4009,4009,4009,4009,4009,4009,4009,4009,4009,4009,4009,4009,4009,4009,4009,4009,4009,4009,4009,4009,4009,4009,4009,4009,4009,4009,4009,4009,4009,4009,4009,4009,4009,4009,4009,4009,4009,4009,4009,4009,4009,4009,4009,4009,4009,4009,4009,4009,4009,4009,4009,4009,4009,4009,4009,4009,3573,3573,3573,3573,3573,3573,3573,3573,3573,3575,3575,3575,3575,3575,3575,3575,3575,3575,3575,3575,3575,3575,3575,3575,3575,,,,,,,,,,,,,,,,,,,,,,,,,,,,,,,,,,,,,,,,,,3574,3574,3574
405,Revamped Dragons Soar,4014,4014,4014,4014,4014,4014,4014,4014,4014,4014,4014,4014,4014,4014,4014,4014,4014,4014,4014,4014,4014,4014,4014,4014,4014,4014,4014,4014,4014,4014,4014,4014,4014,4014,4014,4014,4014,4014,4014,4014,4014,4014,4014,4014,4014,4014,4014,4014,4014,4014,4014,4014,4014,4014,4014,4014,4014,4014,4014,4014,4014,4014,4014,4014,4014,4014,4014,4014,4014,4014,4014,4014,4014,4014,4014,4014,4014,4014,4014,4014,4014,4014,4014,4014,4014,4014,4014,4014,4014,4014,4014,4014,4014,4014,4014,4014,4014,4014,4014,4014,4014,4014,4014,4014,4014,4014,4014,4014,4014,4014,4014,4014,4014,4014,4014,4014,4014,4014,4014,4014,4014,4014,4014,4014,4014,4014,4014,4014,4014,4014,4014,4014,4014,4014,4014,4014,4014,4014,4014,4014,4014,4014,,,,,,,,,,,,,,,,,,,,,,,,,,,,,,,,,,,,,,,,,,4014,4014,4014
406,Revamped Dragon Flap,4013,4013,4013,4013,4013,4013,4013,4013,4013,4013,4013,4013,4013,4013,4013,4013,4013,4013,4013,4013,4013,4013,4013,4013,4013,4013,4013,4013,4013,4013,4013,4013,4013,4013,4013,4013,4013,4013,4013,4013,4013,4013,4013,4013,4013,4013,4013,4013,4013,4013,4013,4013,4013,4013,4013,4013,4013,4013,4013,4013,4013,4013,4013,4013,4013,4013,4013,4013,4013,4013,4013,4013,4013,4013,4013,4013,4013,4013,4013,4013,4013,4013,4013,4013,4013,4013,4013,4013,4013,4013,4013,4013,4013,4013,4013,4013,4013,4013,4013,4013,4013,4013,4013,4013,4013,4013,4013,4013,4013,4013,4013,4013,4013,4013,4013,4013,4013,4013,4013,4013,4013,4013,4013,4013,4013,4013,4013,4013,4013,4013,4013,4013,4013,4013,4013,4013,4013,4013,4013,4013,4013,4013,,,,,,,,,,,,,,,,,,,,,,,,,,,,,,,,,,,,,,,,,,4013,4013,4013
407,Rock Critter,4018,4018,4017,4021,4021,4021,4021,4021,4021,4022,4021,4021,4021,4021,4020,4019,4021,4021,4021,4021,4021,4021,4021,4021,4021,4021,4021,4021,4021,4021,4021,4021,4021,4021,4021,4021,4021,4021,4021,4021,4021,4021,4021,4021,4021,4021,4021,4021,4021,4021,4021,4021,4021,4021,4021,4021,4021,4021,4021,4021,4021,4021,4021,4021,4021,4021,4021,4021,4021,4021,4021,4021,4021,4021,4021,4021,4021,4021,4021,4021,4021,4021,4021,4021,4021,4021,4021,4021,4021,4021,4021,4021,4021,4021,4021,4021,4021,4021,4021,4021,4021,4021,4021,4021,4021,4021,4021,4021,4021,4021,4021,4021,4021,4021,4021,4021,4021,4021,4021,4021,4021,4021,4021,4021,4021,4021,4021,4021,4021,4021,4021,4021,4021,4021,4021,4021,4021,4021,4021,4021,4021,4021,,,,,,,,,,,,,,,,,,,,,,,,,,,,,,,,,,,,,,,,,,4024,4024,4024
408,Wingless Pet Baby Dragon,3903,3903,3904,3953,3953,3953,3953,3953,3953,3954,3953,3953,3953,3953,3953,3952,3957,3956,3955,3953,3953,3953,3953,3953,3953,3953,3953,3953,3953,3953,3953,3953,3957,3956,3955,3957,3956,3955,3957,3956,3955,3957,3956,3955,3957,3956,3955,3957,3956,3955,3957,3956,3955,3953,3953,3953,3953,3953,3953,3953,3953,3953,3953,3953,3953,3953,3953,3953,3953,3953,3953,3953,3953,3953,3953,3953,3953,3953,3953,3953,3953,3953,3953,3953,3953,3953,3953,3953,3953,3953,3953,3953,3953,3953,3953,3953,3953,3953,3953,3953,3953,3953,3953,3953,3953,3953,3953,3953,3953,3953,3953,3953,3953,3953,3953,3953,3953,3957,3956,3955,3957,3956,3955,3957,3956,3955,3960,3953,3953,3953,3953,3953,3953,3953,3953,3953,3953,3953,3953,3953,3953,3953,3953,3953,3953,3953,3953,3953,3953,3953,3953,3953,3953,3953,3953,3953,3953,3953,,,,,,,,,,,,,,,,,,,,,,,,,,3958,3958,3958
409,Black Cat,4043,4043,4040,4041,4041,0,0,0,4039,4039,0,0,0,4039,4044,4041,4041,4041,4041,4042,4044,4041,4041,4041,4041,4041,4041,4041,4041,4041,4041,4041,4041,4041,4041,4041,4041,4041,4041,4041,4041,4041,4041,4041,4041,4041,4041,4041,4041,4041,4041,4041,4041,4041,4041,4041,4041,4041,4041,4041,4041,4041,4041,4041,4041,4041,4041,4041,4041,4041,4041,4041,4041,4041,4041,4041,4041,4041,4041,4041,4041,4041,4041,4041,4041,4041,4041,4041,4041,4041,4041,4041,4041,4041,4041,4041,4041,4041,4041,4041,4041,4041,4041,4041,4041,4041,4041,4041,4041,4041,4041,4041,4041,4041,4041,4041,4041,4041,4041,4041,4041,4041,4041,4041,4041,4041,4041,4041,4041,4041,4041,4041,4041,4041,4041,4041,4041,4041,4041,4041,4041,4041,4041,4041,4041,4041,4041,4041,4041,4041,4041,4041,4041,4041,4041,4041,4041,4041,4041,4041,4041,4041,4041,4041,,,,,,,,,,,,,,,,,,,,0,0,0
410,Amb Rabbit,4046,4046,4046,4047,4047,4046,4046,0,4047,4049,0,0,0,4045,4047,4048,4047,4047,4047,4048,4048,4047,4047,4047,4047,4047,4047,4047,4047,4047,4047,4047,4047,4047,4047,4047,4047,4047,4047,4047,4047,4047,4047,4047,4047,4047,4047,4047,4047,4047,4047,4047,4047,4047,4047,4047,4047,4047,4047,4047,4047,4047,4047,4047,4047,4047,4047,4047,4047,4047,4047,4047,4047,4047,4047,4047,4047,4047,4047,4047,4047,4047,4047,4047,4047,4047,4047,4047,4047,4047,4047,4047,4047,4047,4047,4047,4047,4047,4047,4047,4047,4047,4047,4047,4047,4047,4047,4047,4047,4047,4047,4047,4047,4047,4047,4047,4047,4047,4047,4047,4047,4047,4047,4047,4047,4047,4047,4047,4047,4047,4047,4047,4047,4047,4047,4047,4047,4047,4047,4047,4047,4047,4047,4047,4047,4047,4047,4047,4047,4047,4047,4047,4047,4047,4047,4047,4047,4047,4047,4047,4047,4047,4047,4047,,,,,,,,,,,,,,,,,,,,0,0,0
411,amb_bird,4051,4051,4051,4051,4051,0,0,4051,4051,4050,4051,4051,4051,4051,4051,4051,4051,4051,4051,4051,4051,4051,4051,4051,4051,4051,4051,4051,4051,4051,4051,4051,4051,4051,4051,4051,4051,4051,4051,4051,4051,4051,4051,4051,4051,4051,4051,4051,4051,4051,4051,4051,4051,4051,4051,4051,4051,4051,4051,4051,4051,4051,4051,4051,4051,4051,4051,4051,4051,4051,4051,4051,4051,4051,4051,4051,4051,4051,4051,4051,4051,4051,4051,4051,4051,4051,4051,4051,4051,4051,4051,4051,4051,4051,4051,4051,4051,4051,4051,4051,4051,4051,4051,4051,4051,4051,4051,4051,4051,4051,4051,4051,4051,4051,4051,4051,4051,4051,4051,4051,4051,4051,4051,4051,4051,4051,4051,4051,4051,4051,4051,4051,4051,4051,4051,4051,4051,4051,4051,4051,4051,4051,4051,4051,4051,4051,4051,4051,4051,4051,4051,4051,4051,4051,4051,4051,4051,4051,4051,4051,4051,4051,4051,4051,,,,,,,,,,,,,,,,,,,,0,0,0
412,Harbinger of Spring,4054,4054,4054,4055,4055,4054,4054,0,4055,4052,0,0,0,4053,4055,4056,4055,4055,4055,4056,4056,4055,4055,4055,4055,4055,4055,4055,4055,4055,4055,4055,4055,4055,4055,4055,4055,4055,4055,4055,4055,4055,4055,4055,4055,4055,4055,4055,4055,4055,4055,4055,4055,4055,4055,4055,4055,4055,4055,4055,4055,4055,4055,4055,4055,4055,4055,4055,4055,4055,4055,4055,4055,4055,4055,4055,4055,4055,4055,4055,4055,4055,4055,4055,4055,4055,4055,4055,4055,4055,4055,4055,4055,4055,4055,4055,4055,4055,4055,4055,4055,4055,4055,4055,4055,4055,4055,4055,4055,4055,4055,4055,4055,4055,4055,4055,4055,4055,4055,4055,4055,4055,4055,4055,4055,4055,4055,4055,4055,4055,4055,4055,4055,4055,4055,4055,4055,4055,4055,4055,4055,4055,4055,4055,4055,4055,4055,4055,4055,4055,4055,4055,4055,4055,4055,4055,4055,4055,4055,4055,4055,4055,4055,4055,,,,,,,,,,,,,,,,,,,,4057,4057,4057
413,amb_bat,4058,4058,4058,4058,4058,0,0,4058,4058,4059,4058,4058,4058,4058,4058,4058,4058,4058,4058,4058,4058,4058,4058,4058,4058,4058,4058,4058,4058,4058,4058,4058,4058,4058,4058,4058,4058,4058,4058,4058,4058,4058,4058,4058,4058,4058,4058,4058,4058,4058,4058,4058,4058,4058,4058,4058,4058,4058,4058,4058,4058,4058,4058,4058,4058,4058,4058,4058,4058,4058,4058,4058,4058,4058,4058,4058,4058,4058,4058,4058,4058,4058,4058,4058,4058,4058,4058,4058,4058,4058,4058,4058,4058,4058,4058,4058,4058,4058,4058,4058,4058,4058,4058,4058,4058,4058,4058,4058,4058,4058,4058,4058,4058,4058,4058,4058,4058,4058,4058,4058,4058,4058,4058,4058,4058,4058,4058,4058,4058,4058,4058,4058,4058,4058,4058,4058,4058,4058,4058,4058,4058,4058,4058,4058,4058,4058,4058,4058,4058,4058,4058,4058,4058,4058,4058,4058,4058,4058,4058,4058,4058,4058,4058,4058,,,,,,,,,,,,,,,,,,,,4058,4058,4058
414,Ambient Squirrel,4062,4062,4061,4064,4064,4064,4064,4064,4064,4059,4064,4064,4064,4060,4064,4060,4064,4064,4064,4064,4064,4064,4064,4064,4064,4064,4064,4064,4064,4064,4064,4064,4064,4064,4064,4064,4064,4064,4064,4064,4064,4064,4064,4064,4064,4064,4064,4064,4064,4064,4064,4064,4064,4064,4064,4064,4064,4064,4064,4064,4064,4064,4064,4064,4064,4064,4064,4064,4064,4064,4064,4064,4064,4064,4064,4064,4064,4064,4064,4064,4064,4064,4064,4064,4064,4064,4064,4064,4064,4064,4064,4064,4064,4064,4064,4064,4064,4064,4064,4064,4064,4064,4064,4064,4064,4064,4064,4064,4064,4064,4064,4064,4064,4064,4064,4064,4064,4064,4064,4064,4064,4064,4064,4064,4064,4064,4064,4064,4064,4064,4064,4064,4064,4064,4064,4064,4064,4064,4064,4064,4064,4064,4064,4064,4064,4064,4064,4064,4064,4064,4064,4064,4064,4064,4064,4064,4064,4064,4064,4064,4064,4064,4064,4064,,,,,,,,,,,,,,,,,,,,4064,4064,4064
415,Ambient Owl,4065,4065,4065,4066,4066,4066,4066,4065,4066,4067,4066,4066,4066,4066,4066,4066,4066,4066,4066,4066,4066,4066,4066,4066,4066,4066,4066,4066,4066,4066,4066,4066,4066,4066,4066,4066,4066,4066,4066,4066,4066,4066,4066,4066,4066,4066,4066,4066,4066,4066,4066,4066,4066,4066,4066,4066,4066,4066,4066,4066,4066,4066,4066,4066,4066,4066,4066,4066,4066,4066,4066,4066,4066,4066,4066,4066,4066,4066,4066,4066,4066,4066,4066,4066,4066,4066,4066,4066,4066,4066,4066,4066,4066,4066,4066,4066,4066,4066,4066,4066,4066,4066,4066,4066,4066,4066,4066,4066,4066,4066,4066,4066,4066,4066,4066,4066,4066,4066,4066,4066,4066,4066,4066,4066,4066,4066,4066,4066,4066,4066,4066,4066,4066,4066,4066,4066,4066,4066,4066,4066,4066,4066,4066,4066,4066,4066,4066,4066,4066,4066,4066,4066,4066,4066,4066,4066,4066,4066,4066,4066,4066,4066,4066,4066,,,,,,,,,,,,,,,,,,,,4066,4066,4066
416,Blackrat,576,576,575,576,576,575,575,575,573,571,575,575,575,574,573,574,569,4069,4069,4071,4071,4071,4069,4069,4069,4069,4069,4069,4073,4069,4069,4069,4071,4071,4071,4071,4071,4071,4071,4071,4071,4071,4071,4071,4071,4071,4071,4071,4071,4071,4071,4071,4071,4071,4071,4071,4071,4071,4071,4071,4071,4071,4071,4071,4071,4071,4071,4071,4071,4071,4071,4071,4071,4071,4071,4071,4071,4071,4071,4071,4071,4071,4071,4071,4071,4071,4071,4071,4071,4071,4071,4071,4071,4071,4071,4071,4071,4071,4071,4071,4071,4071,4071,4071,4071,4071,4071,4071,4071,4071,4071,4071,4071,4071,4071,4071,4071,4071,4071,4071,4071,4071,4071,4071,4071,4071,4071,4071,4071,4071,4071,4071,4071,4071,4071,4071,4071,4071,4071,4071,4071,4071,4071,4071,4071,4071,4071,4071,4071,4071,4071,4071,4071,4071,4071,4071,4071,4071,4071,4071,4071,4071,4071,4071,4071,4072,,,,,,,,,,,,,,,,,,4068,4068,4068
417,Event Demon,3280,3280,3280,0,0,3280,3280,3280,3271,3283,0,0,0,3271,3271,3271,3277,3276,3275,0,0,0,3277,3276,3275,3277,3276,3275,3270,3277,3276,3275,3277,3276,3275,3277,3276,3275,3277,3276,3275,3277,3276,3275,3277,3276,3275,3277,3276,3275,3277,3276,3275,3271,3271,3271,3271,3271,3271,3271,3271,3271,3271,3271,3271,3271,3271,3271,3271,3271,3271,3271,3271,3271,3271,3271,3271,3271,3271,3271,3271,3271,3271,3271,3271,3271,3271,3271,3271,3271,3271,3271,3271,3271,3271,3271,3271,3271,3271,3271,3271,3271,3271,3271,3271,3271,3271,3271,3271,3271,3271,3271,3271,3271,3271,3271,3271,3385,3384,3383,3385,3384,3383,3385,3384,3383,3271,,,,,,,,,,,,,,,,,,,,,,,,,,,,,,,,,,,,,,,,,,,,,,,,,,,,,,,,,3273,3273,3273
418,ghost king,3112,4108,3112,0,0,0,0,0,4108,3119,0,0,0,4108,4108,4108,3113,3114,3115,0,0,0,0,0,0,0,0,0,,0,0,0,3113,3114,3115,3113,3114,3115,3113,3114,3115,3113,3114,3115,3113,3114,3115,3113,3114,3115,3113,3114,3115,3117,3117,3117,3117,3117,3117,3117,3117,3117,3117,3117,3117,3117,3117,3117,3117,3117,3117,3117,3117,3117,3117,3117,3117,3117,3117,3117,3117,3117,3117,3117,3117,3117,3117,3117,3117,3117,3117,3117,3117,3117,3117,3117,3117,3117,3117,3117,3117,3117,3117,3117,3117,3117,3117,3117,3117,3117,3117,3117,3117,3117,3117,3117,3117,3117,3117,3117,3117,3117,3117,3117,3117,3117,3116,,,,,,,,,,,,,,,,,,,,,,,,,,,,,,,,,,,,,,,,,,,,,,,,,,,,,,,,,2599,2600,2601
419,amb_bat,4058,4058,4058,4058,4058,0,0,4058,4058,4059,4058,4058,4058,4058,4058,4058,4058,4058,4058,4058,4058,4058,4058,4058,4058,4058,4058,4058,4058,4058,4058,4058,4058,4058,4058,4058,4058,4058,4058,4058,4058,4058,4058,4058,4058,4058,4058,4058,4058,4058,4058,4058,4058,4058,4058,4058,4058,4058,4058,4058,4058,4058,4058,4058,4058,4058,4058,4058,4058,4058,4058,4058,4058,4058,4058,4058,4058,4058,4058,4058,4058,4058,4058,4058,4058,4058,4058,4058,4058,4058,4058,4058,4058,4058,4058,4058,4058,4058,4058,4058,4058,4058,4058,4058,4058,4058,4058,4058,4058,4058,4058,4058,4058,4058,4058,4058,4058,4058,4058,4058,4058,4058,4058,4058,4058,4058,4058,4058,4058,4058,4058,4058,4058,4058,4058,4058,4058,4058,4058,4058,4058,4058,4058,4058,4058,4058,4058,4058,4058,4058,4058,4058,4058,4058,4058,4058,4058,4058,4058,4058,4058,4058,4058,4058,,,,,,,,,,,,,,,,,,,,4058,4058,4058
420,Boar,4109,0,4109,0,0,0,0,0,4109,323,0,0,0,4109,4109,4109,4109,4109,4109,0,0,0,0,0,0,0,0,0,0,0,0,0,325,325,325,325,325,325,325,325,325,325,325,325,325,325,325,325,325,325,325,325,325,37,38,39,40,41,42,47,45,46,44,48,49,50,51,52,53,43,565,567,583,584,583,0,0,1194,0,0,1315,1317,1318,1321,1322,1537,1538,1539,1540,1541,1542,1543,1544,1545,1546,1547,1548,1549,1550,1551,1552,1553,1554,1555,1556,1557,1558,1559,1560,1894,1941,2051,2052,2053,2102,2171,2503,3166,3167,3168,3169,3170,3171,3185,3186,3187,322,,,,,,,,,,,,,,,,,,,,,,,,,,,,,,,,,,,,,,,,,,,,,,,,,,,,,,,,,0,0,0
421,wolf dragon mount,4112,4113,4111,0,0,4115,4116,0,4110,0,0,0,0,4110,4110,4110,4110,4110,4110,4110,4110,4110,4110,4110,4110,4110,4110,4110,0,4110,4110,4110,4110,4110,4110,4110,4110,4110,4110,4110,4110,4110,4110,4110,4110,4110,4110,4110,4110,4110,4110,4110,4110,4110,4110,4110,4110,4110,4110,4110,4110,,4110,4110,4110,4110,4110,4110,4110,4110,4110,4110,4110,4110,4110,4110,4110,4110,4110,4110,4110,4110,4110,4110,4110,4110,4110,4110,4110,4110,4110,4110,4110,4110,4110,4110,4110,4110,4110,4110,4110,4110,4110,4110,4110,4110,4110,4110,4110,4110,4110,4110,4110,4110,4110,4110,4110,4110,4110,4110,4110,4110,4110,4110,4110,4110,4111,4110,4110,4110,4110,4114,4118,4119,4121,4117,4110,4110,4110,4110,4110,4110,4110,4110,4110,4110,4110,,,,,,,,,,,,,,,,,,,,,,,,,,,,,,,,,,,,,,,
422,Botonid Revamped,4127,4129,4127,0,0,0,0,0,4132,4128,0,0,0,4132,4132,4132,4124,4126,4125,0,0,0,0,0,0,0,0,0,0,0,0,0,1037,1038,1039,1037,1038,1039,1037,1038,1039,1037,1038,1039,1037,1038,1039,1037,1038,1039,1037,1038,1039,37,38,39,40,41,42,47,45,46,44,48,49,50,51,52,53,43,565,567,583,584,583,0,0,1194,0,0,1315,1317,1318,1321,1322,1537,1538,1539,1540,1541,1542,1543,1544,1545,1546,1547,1548,1549,1550,1551,1552,1553,1554,1555,1556,1557,1558,1559,1560,1894,1941,2051,2052,2053,2102,2171,2503,3166,3167,3168,3169,3170,3171,3185,3186,3187,1036,,,,,,,,,,,,,,,,,,,,,,,,,,,,,,,,,,,,,,,,,,,,,,,,,,,,,,,,,0,0,0
423,Lamia Revamped,4148,4148,4147,0,0,0,0,0,4134,4142,0,0,0,4134,4134,4134,4140,4139,4138,0,0,0,0,0,0,0,0,0,1146,0,0,0,4134,4134,4134,4134,4134,4134,4134,4134,4134,4134,4134,4134,4134,4134,4134,4134,4134,4134,4134,4134,4134,37,38,39,40,41,42,47,45,46,44,48,49,50,51,52,53,43,565,567,583,584,583,0,0,1194,0,0,4134,4134,4134,4134,4134,4134,4134,4134,4134,4134,4134,4134,4134,4134,4134,4134,4134,4134,4134,4134,4134,4134,4134,4134,4134,4134,4134,4134,4134,4134,4134,4134,4134,4134,4134,4134,4134,4134,4134,4134,4134,4134,4134,4134,4134,4134,4134,,,,,,,,,,,,,,,,,,,,,,,,,,,,,,,,,,,,,,,,,,,,,,,,,,,,,,,,,1138,1137,1138
424,Urchin Revamped,4157,4157,4157,0,0,0,0,0,4160,4154,0,0,0,4159,4159,4159,4151,4152,4153,0,0,0,0,0,0,0,0,0,1005,0,0,0,4151,1003,1004,4151,4152,4153,4151,4152,1004,4151,4152,4153,4151,4152,4153,4151,4152,4153,4151,4152,4153,37,38,39,40,41,42,47,45,46,44,48,49,50,51,52,53,43,565,567,583,584,583,0,0,1194,0,4172,1315,1317,1318,1321,1322,1537,1538,1539,1540,1541,1542,1543,1544,1545,1546,1547,1548,1549,1550,1551,1552,1553,1554,1555,1556,1557,1558,1559,1560,1894,1941,2051,2052,2053,2102,2171,2503,3166,3167,3168,3169,3170,3171,3185,3186,3187,4157,,,,,,,,,,,,,,,,,,,,,,,,,,,,,,,,,,,,,,,,,,,,,,,,,,,,,,,,,995,995,995
425,Boar Keggars,4166,4166,4167,4161,4161,0,0,0,4161,4163,0,0,0,4161,4161,4161,0,0,0,0,0,0,0,0,0,0,0,0,4174,0,0,0,,,,,,,,,,,,,,,,,,,,,,,,,,,,,,,,,,,,,,,,,,,,,,,,,,,,,,,,,,,,,,,,,,,,,,,,,,,,,,,,,,,,,,,,,,,,,,,,,,,,,,,,,,,,,,,,,,,,,,,,,,,,,,,,,,,,,,,,,,,,,,,,,,,,,,,,,,
426,Fox Pets,4169,4169,4170,4168,4168,0,0,0,4168,4171,0,0,0,4168,4168,4168,0,0,0,0,0,0,0,0,0,0,0,0,4173,0,0,0,,,,,,,,,,,,,,,,,,,,,,,,,,,,,,,,,,,,,,,,,,,,,,,,,,,,,,,,,,,,,,,,,,,,,,,,,,,,,,,,,,,,,,,,,,,,,,,,,,,,,,,,,,,,,,,,,,,,,,,,,,,,,,,,,,,,,,,,,,,,,,,,,,,,,,,,,,
427,Wolverine,4176,4176,4177,4175,4175,0,0,0,4175,4179,0,0,0,4178,4175,4175,0,0,0,0,0,0,0,0,0,0,0,0,4180,0,0,0,,,,,,,,,,,,,,,,,,,,,,,,,,,,,,,,,,,,,,,,,,,,,,,,,,,,,,,,,,,,,,,,,,,,,,,,,,,,,,,,,,,,,,,,,,,,,,,,,,,,,,,,,,,,,,,,,,,,,,,,,,,,,,,,,,,,,,,,,,,,,,,,,,,,,,,,,,
428,owl,4182,4182,4182,4182,4182,0,0,0,4181,0,0,0,0,4181,4181,4181,0,0,0,0,0,0,0,0,0,0,0,0,4184,0,0,0,,,,,,,,,,,,,,,,,,,,,,,,,,,,,,,,,,,,,,,,,,,,,,,,,,,,,,,,,,,,,,,,,,,,,,,,,,,,,,,,,,,,,,,,,,,,,,,,,,,,,,,,,,,,,,,,,,,,,,,,,,,,,,,,,,,,,,,,,,,,,,,,,,,,,,,,,,
429,gandalof,4187,4186,4186,4186,4186,0,0,0,4185,4189,0,0,0,4185,4185,4185,0,0,0,0,0,0,0,0,0,0,0,0,4188,0,0,0,,,,,,,,,,,,,,,,,,,,,,,,,,,,,,,,,,,,,,,,,,,,,,,,,,,,,,,,,,,,,,,,,,,,,,,,,,,,,,,,,,,,,,,,,,,,,,,,,,,,,,,,,,,,,,,,,,,,,,,,,,,,,,,,,,,,,,,,,,,,,,,,,,,,,,,,,,
430,great_elk,4191,4191,4193,,,,,,4192,,,,,4190,4190,4190,,,,,,,,,,,,,4194,,,,,,,,,,,,,,,,,,,,,,,,,,,,,,,,,,,,,,,,,,,,,,,,,,,,,,,,,,,,,,,,,,,,,,,,,,,,,,,,,,,,,,,,,,,,,,,,,,,,,,,,,,,,,,,,,,,,,,,,,,,,,,,,,,,,,,,,,,,,,,,,,,,,,,,,,,,,,
431,great_wolf,4197,4197,4195,,,4199,,,4196,,,,,4196,4196,4196,,,,,,,,,,,,,4198,,,,,,,,,,,,,,,,,,,,,,,,,,,,,,,,,,,,,,,,,,,,,,,,,,,,,,,,,,,,,,,,,,,,,,,,,,,,,,,,,,,,,,,,,,,,,,,,,,,,,,,,,,,,,,,,,,,,,,,,,,,,,,,,,,,,,,,,,,,,,,,,,,,,,,,,,,,,,
432,war_lion,4203,4203,4201,,,4204,4205,,4202,,,,,4202,4202,4202,,,,,,,,,,,,,4206,,,,,,,,,,,,,,,,,,,,,,,,,,,,,,,,,,,,,,,,,,,,,,,,,,,,,,,,,,,,,,,,,,,,,,,,,,,,,,,,,,,,,,,,,,,,,,,,,,,,,,,,,,,,,,,,,,,,,,,,,,,,,,,,,,,,,,,,,,,,,,,,,,,,,,,,,,,,,
433,questingBeast,4208,4208,4209,,,4211,4212,,4207,,,,,4207,4213,4214,,,,,,,,,,,,,4210,,,,,,,,,,,,,,,,,,,,,,,,,,,,,,,,,,,,,,,,,,,,,,,,,,,,,,,,,,,,,,,,,,,,,,,,,,,,,,,,,,,,,,,,,,,,,,,,,,,,,,,,,,,,,,,,,,,,,,,,,,,,,,,,,,,,,,,,,,,,,,,,,,,,,,,,,,,,,
,,,,,,,,,,,,,,,,,,,,,,,,,,,,,,,,,,,,,,,,,,,,,,,,,,,,,,,,,,,,,,,,,,,,,,,,,,,,,,,,,,,,,,,,,,,,,,,,,,,,,,,,,,,,,,,,,,,,,,,,,,,,,,,,,,,,,,,,,,,,,,,,,,,,,,,,,,,,,,,,,,,,,,,,,,,,,,,,,,,,,,,,,,,
,,,,,,,,,,,,,,,,,,,,,,,,,,,,,,,,,,,,,,,,,,,,,,,,,,,,,,,,,,,,,,,,,,,,,,,,,,,,,,,,,,,,,,,,,,,,,,,,,,,,,,,,,,,,,,,,,,,,,,,,,,,,,,,,,,,,,,,,,,,,,,,,,,,,,,,,,,,,,,,,,,,,,,,,,,,,,,,,,,,,,,,,,,,
,,,,,,,,,,,,,,,,,,,,,,,,,,,,,,,,,,,,,,,,,,,,,,,,,,,,,,,,,,,,,,,,,,,,,,,,,,,,,,,,,,,,,,,,,,,,,,,,,,,,,,,,,,,,,,,,,,,,,,,,,,,,,,,,,,,,,,,,,,,,,,,,,,,,,,,,,,,,,,,,,,,,,,,,,,,,,,,,,,,,,,,,,,,
,,,,,,,,,,,,,,,,,,,,,,,,,,,,,,,,,,,,,,,,,,,,,,,,,,,,,,,,,,,,,,,,,,,,,,,,,,,,,,,,,,,,,,,,,,,,,,,,,,,,,,,,,,,,,,,,,,,,,,,,,,,,,,,,,,,,,,,,,,,,,,,,,,,,,,,,,,,,,,,,,,,,,,,,,,,,,,,,,,,,,,,,,,,
,,,,,,,,,,,,,,,,,,,,,,,,,,,,,,,,,,,,,,,,,,,,,,,,,,,,,,,,,,,,,,,,,,,,,,,,,,,,,,,,,,,,,,,,,,,,,,,,,,,,,,,,,,,,,,,,,,,,,,,,,,,,,,,,,,,,,,,,,,,,,,,,,,,,,,,,,,,,,,,,,,,,,,,,,,,,,,,,,,,,,,,,,,,
,,,,,,,,,,,,,,,,,,,,,,,,,,,,,,,,,,,,,,,,,,,,,,,,,,,,,,,,,,,,,,,,,,,,,,,,,,,,,,,,,,,,,,,,,,,,,,,,,,,,,,,,,,,,,,,,,,,,,,,,,,,,,,,,,,,,,,,,,,,,,,,,,,,,,,,,,,,,,,,,,,,,,,,,,,,,,,,,,,,,,,,,,,,
,,,,,,,,,,,,,,,,,,,,,,,,,,,,,,,,,,,,,,,,,,,,,,,,,,,,,,,,,,,,,,,,,,,,,,,,,,,,,,,,,,,,,,,,,,,,,,,,,,,,,,,,,,,,,,,,,,,,,,,,,,,,,,,,,,,,,,,,,,,,,,,,,,,,,,,,,,,,,,,,,,,,,,,,,,,,,,,,,,,,,,,,,,,
,,,,,,,,,,,,,,,,,,,,,,,,,,,,,,,,,,,,,,,,,,,,,,,,,,,,,,,,,,,,,,,,,,,,,,,,,,,,,,,,,,,,,,,,,,,,,,,,,,,,,,,,,,,,,,,,,,,,,,,,,,,,,,,,,,,,,,,,,,,,,,,,,,,,,,,,,,,,,,,,,,,,,,,,,,,,,,,,,,,,,,,,,,,
,,,,,,,,,,,,,,,,,,,,,,,,,,,,,,,,,,,,,,,,,,,,,,,,,,,,,,,,,,,,,,,,,,,,,,,,,,,,,,,,,,,,,,,,,,,,,,,,,,,,,,,,,,,,,,,,,,,,,,,,,,,,,,,,,,,,,,,,,,,,,,,,,,,,,,,,,,,,,,,,,,,,,,,,,,,,,,,,,,,,,,,,,,,
,,,,,,,,,,,,,,,,,,,,,,,,,,,,,,,,,,,,,,,,,,,,,,,,,,,,,,,,,,,,,,,,,,,,,,,,,,,,,,,,,,,,,,,,,,,,,,,,,,,,,,,,,,,,,,,,,,,,,,,,,,,,,,,,,,,,,,,,,,,,,,,,,,,,,,,,,,,,,,,,,,,,,,,,,,,,,,,,,,,,,,,,,,,
,,,,,,,,,,,,,,,,,,,,,,,,,,,,,,,,,,,,,,,,,,,,,,,,,,,,,,,,,,,,,,,,,,,,,,,,,,,,,,,,,,,,,,,,,,,,,,,,,,,,,,,,,,,,,,,,,,,,,,,,,,,,,,,,,,,,,,,,,,,,,,,,,,,,,,,,,,,,,,,,,,,,,,,,,,,,,,,,,,,,,,,,,,,
,,,,,,,,,,,,,,,,,,,,,,,,,,,,,,,,,,,,,,,,,,,,,,,,,,,,,,,,,,,,,,,,,,,,,,,,,,,,,,,,,,,,,,,,,,,,,,,,,,,,,,,,,,,,,,,,,,,,,,,,,,,,,,,,,,,,,,,,,,,,,,,,,,,,,,,,,,,,,,,,,,,,,,,,,,,,,,,,,,,,,,,,,,,
,,,,,,,,,,,,,,,,,,,,,,,,,,,,,,,,,,,,,,,,,,,,,,,,,,,,,,,,,,,,,,,,,,,,,,,,,,,,,,,,,,,,,,,,,,,,,,,,,,,,,,,,,,,,,,,,,,,,,,,,,,,,,,,,,,,,,,,,,,,,,,,,,,,,,,,,,,,,,,,,,,,,,,,,,,,,,,,,,,,,,,,,,,,
,,,,,,,,,,,,,,,,,,,,,,,,,,,,,,,,,,,,,,,,,,,,,,,,,,,,,,,,,,,,,,,,,,,,,,,,,,,,,,,,,,,,,,,,,,,,,,,,,,,,,,,,,,,,,,,,,,,,,,,,,,,,,,,,,,,,,,,,,,,,,,,,,,,,,,,,,,,,,,,,,,,,,,,,,,,,,,,,,,,,,,,,,,,
,,,,,,,,,,,,,,,,,,,,,,,,,,,,,,,,,,,,,,,,,,,,,,,,,,,,,,,,,,,,,,,,,,,,,,,,,,,,,,,,,,,,,,,,,,,,,,,,,,,,,,,,,,,,,,,,,,,,,,,,,,,,,,,,,,,,,,,,,,,,,,,,,,,,,,,,,,,,,,,,,,,,,,,,,,,,,,,,,,,,,,,,,,,
,,,,,,,,,,,,,,,,,,,,,,,,,,,,,,,,,,,,,,,,,,,,,,,,,,,,,,,,,,,,,,,,,,,,,,,,,,,,,,,,,,,,,,,,,,,,,,,,,,,,,,,,,,,,,,,,,,,,,,,,,,,,,,,,,,,,,,,,,,,,,,,,,,,,,,,,,,,,,,,,,,,,,,,,,,,,,,,,,,,,,,,,,,,
,,,,,,,,,,,,,,,,,,,,,,,,,,,,,,,,,,,,,,,,,,,,,,,,,,,,,,,,,,,,,,,,,,,,,,,,,,,,,,,,,,,,,,,,,,,,,,,,,,,,,,,,,,,,,,,,,,,,,,,,,,,,,,,,,,,,,,,,,,,,,,,,,,,,,,,,,,,,,,,,,,,,,,,,,,,,,,,,,,,,,,,,,,,
,,,,,,,,,,,,,,,,,,,,,,,,,,,,,,,,,,,,,,,,,,,,,,,,,,,,,,,,,,,,,,,,,,,,,,,,,,,,,,,,,,,,,,,,,,,,,,,,,,,,,,,,,,,,,,,,,,,,,,,,,,,,,,,,,,,,,,,,,,,,,,,,,,,,,,,,,,,,,,,,,,,,,,,,,,,,,,,,,,,,,,,,,,,
,,,,,,,,,,,,,,,,,,,,,,,,,,,,,,,,,,,,,,,,,,,,,,,,,,,,,,,,,,,,,,,,,,,,,,,,,,,,,,,,,,,,,,,,,,,,,,,,,,,,,,,,,,,,,,,,,,,,,,,,,,,,,,,,,,,,,,,,,,,,,,,,,,,,,,,,,,,,,,,,,,,,,,,,,,,,,,,,,,,,,,,,,,,
,,,,,,,,,,,,,,,,,,,,,,,,,,,,,,,,,,,,,,,,,,,,,,,,,,,,,,,,,,,,,,,,,,,,,,,,,,,,,,,,,,,,,,,,,,,,,,,,,,,,,,,,,,,,,,,,,,,,,,,,,,,,,,,,,,,,,,,,,,,,,,,,,,,,,,,,,,,,,,,,,,,,,,,,,,,,,,,,,,,,,,,,,,,
,,,,,,,,,,,,,,,,,,,,,,,,,,,,,,,,,,,,,,,,,,,,,,,,,,,,,,,,,,,,,,,,,,,,,,,,,,,,,,,,,,,,,,,,,,,,,,,,,,,,,,,,,,,,,,,,,,,,,,,,,,,,,,,,,,,,,,,,,,,,,,,,,,,,,,,,,,,,,,,,,,,,,,,,,,,,,,,,,,,,,,,,,,,
,,,,,,,,,,,,,,,,,,,,,,,,,,,,,,,,,,,,,,,,,,,,,,,,,,,,,,,,,,,,,,,,,,,,,,,,,,,,,,,,,,,,,,,,,,,,,,,,,,,,,,,,,,,,,,,,,,,,,,,,,,,,,,,,,,,,,,,,,,,,,,,,,,,,,,,,,,,,,,,,,,,,,,,,,,,,,,,,,,,,,,,,,,,
,,,,,,,,,,,,,,,,,,,,,,,,,,,,,,,,,,,,,,,,,,,,,,,,,,,,,,,,,,,,,,,,,,,,,,,,,,,,,,,,,,,,,,,,,,,,,,,,,,,,,,,,,,,,,,,,,,,,,,,,,,,,,,,,,,,,,,,,,,,,,,,,,,,,,,,,,,,,,,,,,,,,,,,,,,,,,,,,,,,,,,,,,,,
,,,,,,,,,,,,,,,,,,,,,,,,,,,,,,,,,,,,,,,,,,,,,,,,,,,,,,,,,,,,,,,,,,,,,,,,,,,,,,,,,,,,,,,,,,,,,,,,,,,,,,,,,,,,,,,,,,,,,,,,,,,,,,,,,,,,,,,,,,,,,,,,,,,,,,,,,,,,,,,,,,,,,,,,,,,,,,,,,,,,,,,,,,,
,,,,,,,,,,,,,,,,,,,,,,,,,,,,,,,,,,,,,,,,,,,,,,,,,,,,,,,,,,,,,,,,,,,,,,,,,,,,,,,,,,,,,,,,,,,,,,,,,,,,,,,,,,,,,,,,,,,,,,,,,,,,,,,,,,,,,,,,,,,,,,,,,,,,,,,,,,,,,,,,,,,,,,,,,,,,,,,,,,,,,,,,,,,
,,,,,,,,,,,,,,,,,,,,,,,,,,,,,,,,,,,,,,,,,,,,,,,,,,,,,,,,,,,,,,,,,,,,,,,,,,,,,,,,,,,,,,,,,,,,,,,,,,,,,,,,,,,,,,,,,,,,,,,,,,,,,,,,,,,,,,,,,,,,,,,,,,,,,,,,,,,,,,,,,,,,,,,,,,,,,,,,,,,,,,,,,,,
,,,,,,,,,,,,,,,,,,,,,,,,,,,,,,,,,,,,,,,,,,,,,,,,,,,,,,,,,,,,,,,,,,,,,,,,,,,,,,,,,,,,,,,,,,,,,,,,,,,,,,,,,,,,,,,,,,,,,,,,,,,,,,,,,,,,,,,,,,,,,,,,,,,,,,,,,,,,,,,,,,,,,,,,,,,,,,,,,,,,,,,,,,,
,,,,,,,,,,,,,,,,,,,,,,,,,,,,,,,,,,,,,,,,,,,,,,,,,,,,,,,,,,,,,,,,,,,,,,,,,,,,,,,,,,,,,,,,,,,,,,,,,,,,,,,,,,,,,,,,,,,,,,,,,,,,,,,,,,,,,,,,,,,,,,,,,,,,,,,,,,,,,,,,,,,,,,,,,,,,,,,,,,,,,,,,,,,
,,,,,,,,,,,,,,,,,,,,,,,,,,,,,,,,,,,,,,,,,,,,,,,,,,,,,,,,,,,,,,,,,,,,,,,,,,,,,,,,,,,,,,,,,,,,,,,,,,,,,,,,,,,,,,,,,,,,,,,,,,,,,,,,,,,,,,,,,,,,,,,,,,,,,,,,,,,,,,,,,,,,,,,,,,,,,,,,,,,,,,,,,,,
,,,,,,,,,,,,,,,,,,,,,,,,,,,,,,,,,,,,,,,,,,,,,,,,,,,,,,,,,,,,,,,,,,,,,,,,,,,,,,,,,,,,,,,,,,,,,,,,,,,,,,,,,,,,,,,,,,,,,,,,,,,,,,,,,,,,,,,,,,,,,,,,,,,,,,,,,,,,,,,,,,,,,,,,,,,,,,,,,,,,,,,,,,,
,,,,,,,,,,,,,,,,,,,,,,,,,,,,,,,,,,,,,,,,,,,,,,,,,,,,,,,,,,,,,,,,,,,,,,,,,,,,,,,,,,,,,,,,,,,,,,,,,,,,,,,,,,,,,,,,,,,,,,,,,,,,,,,,,,,,,,,,,,,,,,,,,,,,,,,,,,,,,,,,,,,,,,,,,,,,,,,,,,,,,,,,,,,
,,,,,,,,,,,,,,,,,,,,,,,,,,,,,,,,,,,,,,,,,,,,,,,,,,,,,,,,,,,,,,,,,,,,,,,,,,,,,,,,,,,,,,,,,,,,,,,,,,,,,,,,,,,,,,,,,,,,,,,,,,,,,,,,,,,,,,,,,,,,,,,,,,,,,,,,,,,,,,,,,,,,,,,,,,,,,,,,,,,,,,,,,,,
,,,,,,,,,,,,,,,,,,,,,,,,,,,,,,,,,,,,,,,,,,,,,,,,,,,,,,,,,,,,,,,,,,,,,,,,,,,,,,,,,,,,,,,,,,,,,,,,,,,,,,,,,,,,,,,,,,,,,,,,,,,,,,,,,,,,,,,,,,,,,,,,,,,,,,,,,,,,,,,,,,,,,,,,,,,,,,,,,,,,,,,,,,,
,,,,,,,,,,,,,,,,,,,,,,,,,,,,,,,,,,,,,,,,,,,,,,,,,,,,,,,,,,,,,,,,,,,,,,,,,,,,,,,,,,,,,,,,,,,,,,,,,,,,,,,,,,,,,,,,,,,,,,,,,,,,,,,,,,,,,,,,,,,,,,,,,,,,,,,,,,,,,,,,,,,,,,,,,,,,,,,,,,,,,,,,,,,
,,,,,,,,,,,,,,,,,,,,,,,,,,,,,,,,,,,,,,,,,,,,,,,,,,,,,,,,,,,,,,,,,,,,,,,,,,,,,,,,,,,,,,,,,,,,,,,,,,,,,,,,,,,,,,,,,,,,,,,,,,,,,,,,,,,,,,,,,,,,,,,,,,,,,,,,,,,,,,,,,,,,,,,,,,,,,,,,,,,,,,,,,,,
,,,,,,,,,,,,,,,,,,,,,,,,,,,,,,,,,,,,,,,,,,,,,,,,,,,,,,,,,,,,,,,,,,,,,,,,,,,,,,,,,,,,,,,,,,,,,,,,,,,,,,,,,,,,,,,,,,,,,,,,,,,,,,,,,,,,,,,,,,,,,,,,,,,,,,,,,,,,,,,,,,,,,,,,,,,,,,,,,,,,,,,,,,,
,,,,,,,,,,,,,,,,,,,,,,,,,,,,,,,,,,,,,,,,,,,,,,,,,,,,,,,,,,,,,,,,,,,,,,,,,,,,,,,,,,,,,,,,,,,,,,,,,,,,,,,,,,,,,,,,,,,,,,,,,,,,,,,,,,,,,,,,,,,,,,,,,,,,,,,,,,,,,,,,,,,,,,,,,,,,,,,,,,,,,,,,,,,
,,,,,,,,,,,,,,,,,,,,,,,,,,,,,,,,,,,,,,,,,,,,,,,,,,,,,,,,,,,,,,,,,,,,,,,,,,,,,,,,,,,,,,,,,,,,,,,,,,,,,,,,,,,,,,,,,,,,,,,,,,,,,,,,,,,,,,,,,,,,,,,,,,,,,,,,,,,,,,,,,,,,,,,,,,,,,,,,,,,,,,,,,,,
,,,,,,,,,,,,,,,,,,,,,,,,,,,,,,,,,,,,,,,,,,,,,,,,,,,,,,,,,,,,,,,,,,,,,,,,,,,,,,,,,,,,,,,,,,,,,,,,,,,,,,,,,,,,,,,,,,,,,,,,,,,,,,,,,,,,,,,,,,,,,,,,,,,,,,,,,,,,,,,,,,,,,,,,,,,,,,,,,,,,,,,,,,,
,,,,,,,,,,,,,,,,,,,,,,,,,,,,,,,,,,,,,,,,,,,,,,,,,,,,,,,,,,,,,,,,,,,,,,,,,,,,,,,,,,,,,,,,,,,,,,,,,,,,,,,,,,,,,,,,,,,,,,,,,,,,,,,,,,,,,,,,,,,,,,,,,,,,,,,,,,,,,,,,,,,,,,,,,,,,,,,,,,,,,,,,,,,
,,,,,,,,,,,,,,,,,,,,,,,,,,,,,,,,,,,,,,,,,,,,,,,,,,,,,,,,,,,,,,,,,,,,,,,,,,,,,,,,,,,,,,,,,,,,,,,,,,,,,,,,,,,,,,,,,,,,,,,,,,,,,,,,,,,,,,,,,,,,,,,,,,,,,,,,,,,,,,,,,,,,,,,,,,,,,,,,,,,,,,,,,,,
,,,,,,,,,,,,,,,,,,,,,,,,,,,,,,,,,,,,,,,,,,,,,,,,,,,,,,,,,,,,,,,,,,,,,,,,,,,,,,,,,,,,,,,,,,,,,,,,,,,,,,,,,,,,,,,,,,,,,,,,,,,,,,,,,,,,,,,,,,,,,,,,,,,,,,,,,,,,,,,,,,,,,,,,,,,,,,,,,,,,,,,,,,,
,,,,,,,,,,,,,,,,,,,,,,,,,,,,,,,,,,,,,,,,,,,,,,,,,,,,,,,,,,,,,,,,,,,,,,,,,,,,,,,,,,,,,,,,,,,,,,,,,,,,,,,,,,,,,,,,,,,,,,,,,,,,,,,,,,,,,,,,,,,,,,,,,,,,,,,,,,,,,,,,,,,,,,,,,,,,,,,,,,,,,,,,,,,
,,,,,,,,,,,,,,,,,,,,,,,,,,,,,,,,,,,,,,,,,,,,,,,,,,,,,,,,,,,,,,,,,,,,,,,,,,,,,,,,,,,,,,,,,,,,,,,,,,,,,,,,,,,,,,,,,,,,,,,,,,,,,,,,,,,,,,,,,,,,,,,,,,,,,,,,,,,,,,,,,,,,,,,,,,,,,,,,,,,,,,,,,,,
,,,,,,,,,,,,,,,,,,,,,,,,,,,,,,,,,,,,,,,,,,,,,,,,,,,,,,,,,,,,,,,,,,,,,,,,,,,,,,,,,,,,,,,,,,,,,,,,,,,,,,,,,,,,,,,,,,,,,,,,,,,,,,,,,,,,,,,,,,,,,,,,,,,,,,,,,,,,,,,,,,,,,,,,,,,,,,,,,,,,,,,,,,,
,,,,,,,,,,,,,,,,,,,,,,,,,,,,,,,,,,,,,,,,,,,,,,,,,,,,,,,,,,,,,,,,,,,,,,,,,,,,,,,,,,,,,,,,,,,,,,,,,,,,,,,,,,,,,,,,,,,,,,,,,,,,,,,,,,,,,,,,,,,,,,,,,,,,,,,,,,,,,,,,,,,,,,,,,,,,,,,,,,,,,,,,,,,
,,,,,,,,,,,,,,,,,,,,,,,,,,,,,,,,,,,,,,,,,,,,,,,,,,,,,,,,,,,,,,,,,,,,,,,,,,,,,,,,,,,,,,,,,,,,,,,,,,,,,,,,,,,,,,,,,,,,,,,,,,,,,,,,,,,,,,,,,,,,,,,,,,,,,,,,,,,,,,,,,,,,,,,,,,,,,,,,,,,,,,,,,,,
,,,,,,,,,,,,,,,,,,,,,,,,,,,,,,,,,,,,,,,,,,,,,,,,,,,,,,,,,,,,,,,,,,,,,,,,,,,,,,,,,,,,,,,,,,,,,,,,,,,,,,,,,,,,,,,,,,,,,,,,,,,,,,,,,,,,,,,,,,,,,,,,,,,,,,,,,,,,,,,,,,,,,,,,,,,,,,,,,,,,,,,,,,,
,,,,,,,,,,,,,,,,,,,,,,,,,,,,,,,,,,,,,,,,,,,,,,,,,,,,,,,,,,,,,,,,,,,,,,,,,,,,,,,,,,,,,,,,,,,,,,,,,,,,,,,,,,,,,,,,,,,,,,,,,,,,,,,,,,,,,,,,,,,,,,,,,,,,,,,,,,,,,,,,,,,,,,,,,,,,,,,,,,,,,,,,,,,
,,,,,,,,,,,,,,,,,,,,,,,,,,,,,,,,,,,,,,,,,,,,,,,,,,,,,,,,,,,,,,,,,,,,,,,,,,,,,,,,,,,,,,,,,,,,,,,,,,,,,,,,,,,,,,,,,,,,,,,,,,,,,,,,,,,,,,,,,,,,,,,,,,,,,,,,,,,,,,,,,,,,,,,,,,,,,,,,,,,,,,,,,,,
,,,,,,,,,,,,,,,,,,,,,,,,,,,,,,,,,,,,,,,,,,,,,,,,,,,,,,,,,,,,,,,,,,,,,,,,,,,,,,,,,,,,,,,,,,,,,,,,,,,,,,,,,,,,,,,,,,,,,,,,,,,,,,,,,,,,,,,,,,,,,,,,,,,,,,,,,,,,,,,,,,,,,,,,,,,,,,,,,,,,,,,,,,,
,,,,,,,,,,,,,,,,,,,,,,,,,,,,,,,,,,,,,,,,,,,,,,,,,,,,,,,,,,,,,,,,,,,,,,,,,,,,,,,,,,,,,,,,,,,,,,,,,,,,,,,,,,,,,,,,,,,,,,,,,,,,,,,,,,,,,,,,,,,,,,,,,,,,,,,,,,,,,,,,,,,,,,,,,,,,,,,,,,,,,,,,,,,
,,,,,,,,,,,,,,,,,,,,,,,,,,,,,,,,,,,,,,,,,,,,,,,,,,,,,,,,,,,,,,,,,,,,,,,,,,,,,,,,,,,,,,,,,,,,,,,,,,,,,,,,,,,,,,,,,,,,,,,,,,,,,,,,,,,,,,,,,,,,,,,,,,,,,,,,,,,,,,,,,,,,,,,,,,,,,,,,,,,,,,,,,,,
,,,,,,,,,,,,,,,,,,,,,,,,,,,,,,,,,,,,,,,,,,,,,,,,,,,,,,,,,,,,,,,,,,,,,,,,,,,,,,,,,,,,,,,,,,,,,,,,,,,,,,,,,,,,,,,,,,,,,,,,,,,,,,,,,,,,,,,,,,,,,,,,,,,,,,,,,,,,,,,,,,,,,,,,,,,,,,,,,,,,,,,,,,,
,,,,,,,,,,,,,,,,,,,,,,,,,,,,,,,,,,,,,,,,,,,,,,,,,,,,,,,,,,,,,,,,,,,,,,,,,,,,,,,,,,,,,,,,,,,,,,,,,,,,,,,,,,,,,,,,,,,,,,,,,,,,,,,,,,,,,,,,,,,,,,,,,,,,,,,,,,,,,,,,,,,,,,,,,,,,,,,,,,,,,,,,,,,
,,,,,,,,,,,,,,,,,,,,,,,,,,,,,,,,,,,,,,,,,,,,,,,,,,,,,,,,,,,,,,,,,,,,,,,,,,,,,,,,,,,,,,,,,,,,,,,,,,,,,,,,,,,,,,,,,,,,,,,,,,,,,,,,,,,,,,,,,,,,,,,,,,,,,,,,,,,,,,,,,,,,,,,,,,,,,,,,,,,,,,,,,,,
,,,,,,,,,,,,,,,,,,,,,,,,,,,,,,,,,,,,,,,,,,,,,,,,,,,,,,,,,,,,,,,,,,,,,,,,,,,,,,,,,,,,,,,,,,,,,,,,,,,,,,,,,,,,,,,,,,,,,,,,,,,,,,,,,,,,,,,,,,,,,,,,,,,,,,,,,,,,,,,,,,,,,,,,,,,,,,,,,,,,,,,,,,,
,,,,,,,,,,,,,,,,,,,,,,,,,,,,,,,,,,,,,,,,,,,,,,,,,,,,,,,,,,,,,,,,,,,,,,,,,,,,,,,,,,,,,,,,,,,,,,,,,,,,,,,,,,,,,,,,,,,,,,,,,,,,,,,,,,,,,,,,,,,,,,,,,,,,,,,,,,,,,,,,,,,,,,,,,,,,,,,,,,,,,,,,,,,
,,,,,,,,,,,,,,,,,,,,,,,,,,,,,,,,,,,,,,,,,,,,,,,,,,,,,,,,,,,,,,,,,,,,,,,,,,,,,,,,,,,,,,,,,,,,,,,,,,,,,,,,,,,,,,,,,,,,,,,,,,,,,,,,,,,,,,,,,,,,,,,,,,,,,,,,,,,,,,,,,,,,,,,,,,,,,,,,,,,,,,,,,,,
,,,,,,,,,,,,,,,,,,,,,,,,,,,,,,,,,,,,,,,,,,,,,,,,,,,,,,,,,,,,,,,,,,,,,,,,,,,,,,,,,,,,,,,,,,,,,,,,,,,,,,,,,,,,,,,,,,,,,,,,,,,,,,,,,,,,,,,,,,,,,,,,,,,,,,,,,,,,,,,,,,,,,,,,,,,,,,,,,,,,,,,,,,,
,,,,,,,,,,,,,,,,,,,,,,,,,,,,,,,,,,,,,,,,,,,,,,,,,,,,,,,,,,,,,,,,,,,,,,,,,,,,,,,,,,,,,,,,,,,,,,,,,,,,,,,,,,,,,,,,,,,,,,,,,,,,,,,,,,,,,,,,,,,,,,,,,,,,,,,,,,,,,,,,,,,,,,,,,,,,,,,,,,,,,,,,,,,
,,,,,,,,,,,,,,,,,,,,,,,,,,,,,,,,,,,,,,,,,,,,,,,,,,,,,,,,,,,,,,,,,,,,,,,,,,,,,,,,,,,,,,,,,,,,,,,,,,,,,,,,,,,,,,,,,,,,,,,,,,,,,,,,,,,,,,,,,,,,,,,,,,,,,,,,,,,,,,,,,,,,,,,,,,,,,,,,,,,,,,,,,,,
,,,,,,,,,,,,,,,,,,,,,,,,,,,,,,,,,,,,,,,,,,,,,,,,,,,,,,,,,,,,,,,,,,,,,,,,,,,,,,,,,,,,,,,,,,,,,,,,,,,,,,,,,,,,,,,,,,,,,,,,,,,,,,,,,,,,,,,,,,,,,,,,,,,,,,,,,,,,,,,,,,,,,,,,,,,,,,,,,,,,,,,,,,,
,500 Limit,,,,,,,,,,,,,,,,,,,,,,,,,,,,,,,,,,,,,,,,,,,,,,,,,,,,,,,,,,,,,,,,,,,,,,,,,,,,,,,,,,,,,,,,,,,,,,,,,,,,,,,,,,,,,,,,,,,,,,,,,,,,,,,,,,,,,,,,,,,,,,,,,,,,,,,,,,,,,,,,,,,,,,,,,,,,,,,,,,,,,,,,,,
