,,0,1,2,3,4,5,6,7,8,9,10,11,12,13,14,15,16,17,18,19,20,21,22,23,24,25,26,27,28,29,30,31,32,33,34,35,36,37,38,39,40,41,42,43,44,45,46,47,48,49,50,51,52,53,54,55,56,57,58,59,60,61,62,63,64,65,66,67,68,69,70,71,72,73,74,75,76,77,78,79,80,81,82,83,84,85,86,87,88,89,90,91,92,93,94,95,96,97,98,99,100,101,102,103,104,105,106,107,108,109,110,111,112,113,114,115,116,117,118,119,120,121,122,123,124,125,126,127,128,129,130,131,132,133,134,135,136,137,138,139,140, ,,,,,,,,,,,,,,,,,,,,
ID,name,Att Med,Att Low,Att High,Flinch,C-Idle,C-Idle 2H,C-Idle Pole,C-Idle Bow,Att 2H Med,Att 2H High,Att 2H Low,Att Pole Med,Att Pole H,Att Pole L,C-Idle Staff,Bow Ready,Bow Aim,Bow Fire,Att Staff-M,Att Staff H,Att Staff L,Xbow Idle,Xbow Ready,Xbow Aim,Xbow Fire,Att Left M,Att Left L,Att Left H,Att Dual M,Att Dual L,Att Dual H,Parry 1H L,Parry 1H H,Evade 1H,Parry Pole L,Parry Pole H,Evade Pole,Parry 2H L,Parry 2H H,Evade 2H,Block L,Block H,Style 1HC 1,Style 1HC 2,Style 1HS 1,Style 1HS 2,Style Pole 1,Style Pole 2,Style 2H 1,Style 2H 2,Style DW 1,Style DW 2,Style DW 3,Style 2H 3,Style 1HS 3,Style 1HT 1,Style 1HT 2,1HT med,1HT Low,1HT High,Style 1HS 4,Style 1HC 3,Style 1HT 3,Style Dual 4,Style 2H 4,Throw Ready,Throw Aim,Throw Fire,Shout,Shield Style 1,Staff Style 1,Staff Style 2,Staff Style 3,Staff Style 4,Style 1HC 4,Style 1HS 5,Style 1HC 5,Style 1HS 6,Style 1HT 4,Style 1Ht 5,Style 2H 5,Style 2H 6,Style DW 5,Style CS 1,Style CS 2,Style CS 3,Style CS 4,Style CS 5,Style CS 6,Style CS 7,Style CS 8,Att FWS M,Att FWS H,Att FWS L,Att FWM M,Att FWM H,Att FWM L,Att FWL M,Att FWL H,Att FWL L,Parry FWS,Parry FWM,Parry FWL,Parry Flail,H2H Cidle,H2H Att M,H2H Att H,H2H Att L,H2H Style 1,H2H Style 2,H2H Style 3,H2H Style 4,H2H Style 5,Scy C-Idle,Scy Att M,Scy Att H,Scy Att L,Scy Style 1,Scy Style 2,Scy Style 3,Flex Style 1,Flex Style 2,Flex Style 3,Flex Style 4,Flex Style 5,Essence Dampen,MA EssenceFlames,MA EssenceSear,MA EssenceShatter,MA Faultfinder,MA Powerleak,MA Sappingstrike,MA ThrowWeapon,No Flinch,Shield Swipe,Ankle Strike,Overhead Attack,Flourish Attack,Mauler Clap Attack,Mauler Kidney Shot,Mauler Elbow Attack, ,,,,,,,,,,,,,,,,,,,,
1,Robed Guy,384,0,0,385,383,0,0,0,0,0,0,0,0,0,0,0,0,0,0,0,0,0,0,0,0,0,0,0,0,0,0,0,0,0,0,0,0,0,0,0,0,0,0,0,0,0,0,0,0,0,0,0,0,0,0,0,0,0,0,0,0,0,0,0,0,0,0,0,0,0,0,0,0,0,0,0,0,0,0,0,0,0,0,0,0,0,0,0,0,0,0,0,0,0,0,0,0,0,0,0,1379,1380,1381,1385,1286,1288,1287,1289,1290,1291,1292,1293,1294,1480,1481,1497,1482,1483,1484,1485,943,945,946,948,949,2227,2228,2229,2230,2231,2232,2233,2234,,,,,,,,,,,,,,,,,,,,,,,,,,,,,
2,Briton Male,384,378,379,385,383,360,361,362,354,355,356,357,358,359,364,375,376,377,347,348,349,397,398,399,216,419,420,418,422,438,421,440,439,449,444,443,462,446,445,463,448,447,423,424,425,426,427,428,429,430,431,432,434,435,433,436,437,416,417,415,487,488,489,490,491,93,94,95,91,128,145,146,147,148,194,195,196,197,198,199,282,492,493,558,559,560,561,562,563,564,566,1351,1350,1351,1353,1352,1353,1355,1354,1355,1379,1380,1381,1385,1286,1288,1287,1289,1290,1291,1292,1293,1294,1480,1481,1497,1482,1483,1484,1485,943,945,946,948,949,2227,2228,2229,2230,2231,2232,2233,2234,,3602,3604,3603,3601,3868,3869,3865,,,,,,,,,,,,,,,,,,,,,
3,Demon,373,373,373,374,372,0,0,0,0,0,0,0,0,0,0,0,0,0,0,0,0,0,0,0,0,0,0,0,0,0,0,0,0,0,0,0,0,0,0,0,0,0,0,0,0,0,0,0,0,0,0,0,0,0,0,0,0,0,0,0,0,0,0,0,0,0,0,0,0,0,0,0,0,0,0,0,0,0,0,0,0,0,0,0,0,0,0,0,0,0,0,0,0,0,0,0,0,0,0,0,1379,1380,1381,1385,1286,1288,1287,1289,1290,1291,1292,1293,1294,1480,1481,1497,1482,1483,1484,1485,943,945,946,948,949,2227,2228,2229,2230,2231,2232,2233,2234,,,,,,,,,,,,,,,,,,,,,,,,,,,,,
4,Skeleton,384,378,379,225,214,360,361,362,354,355,356,357,358,359,364,375,376,377,347,348,349,397,398,399,216,419,420,418,422,438,421,440,439,449,444,443,461,446,445,462,448,447,422,423,424,425,426,427,428,429,430,431,433,434,432,436,437,416,417,415,489,488,490,491,492,93,94,95,91,128,145,146,147,148,194,195,196,197,198,199,282,492,493,558,559,560,561,562,563,564,566,1351,1350,1351,1353,1352,1353,1355,1354,1355,1379,1380,1381,1385,1286,1288,1287,1289,1290,1291,1292,1293,1294,1480,1481,1497,1482,1483,1484,1485,943,945,946,948,949,2227,2228,2229,2230,2231,2232,2233,2234,,,,,,,,,,,,,,,,,,,,,,,,,,,,,
5,Snake,392,392,392,390,390,0,0,0,0,0,0,0,0,0,0,0,0,0,0,0,0,0,0,0,0,0,0,0,0,0,0,0,0,0,0,0,0,0,0,0,0,0,0,0,0,0,0,0,0,0,0,0,0,0,0,0,0,0,0,0,0,0,0,0,0,0,0,0,0,0,0,0,0,0,0,0,0,0,0,0,0,0,0,0,0,0,0,0,0,0,0,0,0,0,0,0,0,0,0,0,1379,1380,1381,1385,1286,1288,1287,1289,1290,1291,1292,1293,1294,1480,1481,1497,1482,1483,1484,1485,943,945,946,948,949,2227,2228,2229,2230,2231,2232,2233,2234,,,,,,,,,,,,,,,,,,,,,,,,,,,,,
6,Briton Female,384,378,379,385,383,494,495,362,354,355,356,357,358,359,364,375,376,377,347,348,349,397,398,399,216,419,420,418,422,438,421,440,439,449,444,443,462,446,445,463,448,447,423,424,425,426,427,428,429,430,431,432,434,435,433,436,437,416,417,415,487,488,489,490,491,93,94,95,91,128,145,146,147,148,194,195,196,197,198,199,282,492,493,558,559,560,561,562,563,564,566,1351,1350,1351,1353,1352,1353,1355,1354,1355,1379,1380,1381,1385,1286,1288,1287,1289,1290,1291,1292,1293,1294,1480,1481,1497,1482,1483,1484,1485,943,945,946,948,949,2227,2228,2229,2230,2231,2232,2233,2234,,3602,3604,3603,3601,3868,3869,3865,,,,,,,,,,,,,,,,,,,,,
7,Wolf,245,246,245,247,248,248,248,248,246,245,246,245,246,245,246,245,246,245,246,245,246,248,246,245,246,245,246,245,246,245,246,245,246,245,246,245,248,245,246,245,246,245,246,245,246,245,246,245,246,245,246,245,246,245,246,245,246,245,246,245,246,245,246,245,246,245,246,245,246,245,246,245,246,245,246,245,246,245,246,245,246,245,246,245,246,245,246,245,246,245,246,245,246,245,246,245,246,245,246,245,246,245,246,245,246,245,246,245,246,245,246,245,246,245,246,245,246,245,246,245,246,245,246,245,246,245,246,245,246,245,246,245,246,,,,,,,,,,,,,,,,,,,,,,,,,,,,,
8,Goblin,253,253,253,256,255,0,0,0,0,0,0,0,0,0,0,0,0,0,0,0,0,0,0,0,0,0,0,0,0,0,0,0,0,0,0,0,0,0,0,0,0,0,0,0,0,0,0,0,0,0,0,0,0,0,0,0,0,0,0,0,0,0,0,0,0,0,0,0,0,0,0,0,0,0,0,0,0,0,0,0,0,0,0,0,0,0,0,0,0,0,0,0,0,0,0,0,0,0,0,0,1379,1380,1381,1385,1286,1288,1287,1289,1290,1291,1292,1293,1294,1480,1481,1497,1482,1483,1484,1485,943,945,946,948,949,2227,2228,2229,2230,2231,2232,2233,2234,,,,,,,,,,,,,,,,,,,,,,,,,,,,,
9,Spider,263,263,263,266,265,0,0,0,0,0,0,0,0,0,0,0,0,0,0,0,0,0,0,0,0,0,0,0,0,0,0,0,0,0,0,0,0,0,0,0,0,0,0,0,0,0,0,0,0,0,0,0,0,0,0,0,0,0,0,0,0,0,0,0,0,0,0,0,0,0,0,0,0,0,0,0,0,0,0,0,0,0,0,0,0,0,0,0,0,0,0,0,0,0,0,0,0,0,0,0,1379,1380,1381,1385,1286,1288,1287,1289,1290,1291,1292,1293,1294,1480,1481,1497,1482,1483,1484,1485,943,945,946,948,949,2227,2228,2229,2230,2231,2232,2233,2234,,,,,,,,,,,,,,,,,,,,,,,,,,,,,
10,Bear,274,275,274,276,277,0,0,0,0,0,0,0,0,0,0,0,0,0,0,0,0,0,0,0,0,0,0,0,0,0,0,0,0,0,0,0,0,0,0,0,0,0,0,0,0,0,0,0,0,0,0,0,0,0,0,0,0,0,0,0,0,0,0,0,0,0,0,0,0,0,0,0,0,0,0,0,0,0,0,0,0,0,0,0,0,0,0,0,0,0,0,0,0,0,0,0,0,0,0,0,1379,1380,1381,1385,1286,1288,1287,1289,1290,1291,1292,1293,1294,1480,1481,1497,1482,1483,1484,1485,943,945,946,948,949,2227,2228,2229,2230,2231,2232,2233,2234,,,,,,,,,,,,,,,,,,,,,,,,,,,,,
11,Treeman,284,285,284,286,287,0,0,0,0,0,0,0,0,0,0,0,0,0,0,0,0,0,0,0,0,0,0,0,0,0,0,0,0,0,0,0,0,0,0,0,0,0,0,0,0,0,0,0,0,0,0,0,0,0,0,0,0,0,0,0,0,0,0,0,0,0,0,0,0,0,0,0,0,0,0,0,0,0,0,0,0,0,0,0,0,0,0,0,0,0,0,0,0,0,0,0,0,0,0,0,1379,1380,1381,1385,1286,1288,1287,1289,1290,1291,1292,1293,1294,1480,1481,1497,1482,1483,1484,1485,943,945,946,948,949,2227,2228,2229,2230,2231,2232,2233,2234,,,,,,,,,,,,,,,,,,,,,,,,,,,,,
12,Boar,324,325,325,326,327,0,0,0,0,0,0,0,0,0,0,0,0,0,0,0,0,0,0,0,0,0,0,0,0,0,0,0,0,0,0,0,0,0,0,0,0,0,0,0,0,0,0,0,0,0,0,0,0,0,0,0,0,0,0,0,0,0,0,0,0,0,0,0,0,0,0,0,0,0,0,0,0,0,0,0,0,0,0,0,0,0,0,0,0,0,0,0,0,0,0,0,0,0,0,0,1379,1380,1381,1385,1286,1288,1287,1289,1290,1291,1292,1293,1294,1480,1481,1497,1482,1483,1484,1485,943,945,946,948,949,2227,2228,2229,2230,2231,2232,2233,2234,,,,,,,,,,,,,,,,,,,,,,,,,,,,,
13,Lion,294,295,294,296,297,297,297,297,294,295,294,294,295,294,297,294,295,294,294,295,294,297,294,295,294,294,295,294,294,295,294,294,295,294,294,295,294,294,295,294,294,295,294,294,295,294,294,295,294,294,295,294,294,295,294,294,295,294,294,295,294,294,295,294,294,295,294,294,295,294,294,295,294,294,295,294,294,295,294,294,295,294,294,295,294,294,295,294,294,295,294,294,295,294,294,295,294,294,295,294,294,295,294,294,295,294,294,295,294,294,295,294,294,295,294,294,295,294,294,295,294,294,295,294,294,295,294,294,295,294,294,295,294,,,,,,,,,,,,,,,,,,,,,,,,,,,,,
14,Lizard,304,305,304,306,307,0,0,0,0,0,0,0,0,0,0,0,0,0,0,0,0,0,0,0,0,0,0,0,0,0,0,0,0,0,0,0,0,0,0,0,0,0,0,0,0,0,0,0,0,0,0,0,0,0,0,0,0,0,0,0,0,0,0,0,0,0,0,0,0,0,0,0,0,0,0,0,0,0,0,0,0,0,0,0,0,0,0,0,0,0,0,0,0,0,0,0,0,0,0,0,1379,1380,1381,1385,1286,1288,1287,1289,1290,1291,1292,1293,1294,1480,1481,1497,1482,1483,1484,1485,943,945,946,948,949,2227,2228,2229,2230,2231,2232,2233,2234,,,,,,,,,,,,,,,,,,,,,,,,,,,,,
15,Zombies,311,311,311,312,309,0,0,0,0,0,0,0,0,0,0,689,690,691,0,0,0,0,0,0,0,0,0,0,0,0,0,0,0,0,0,0,0,0,0,0,0,0,0,0,0,0,0,0,0,0,0,0,0,0,0,0,0,0,0,0,0,0,0,0,0,0,0,0,0,0,0,0,0,0,0,0,0,0,0,0,0,0,0,0,0,0,0,0,0,0,0,0,0,0,0,0,0,0,0,0,1379,1380,1381,1385,1286,1288,1287,1289,1290,1291,1292,1293,1294,1480,1481,1497,1482,1483,1484,1485,943,945,946,948,949,2227,2228,2229,2230,2231,2232,2233,2234,,,,,,,,,,,,,,,,,,,,,,,,,,,,,
16,Brownie,202,202,202,205,201,201,201,201,201,201,201,201,201,201,201,201,201,201,201,201,201,201,201,201,201,201,201,201,201,201,201,201,201,201,201,201,201,201,201,201,201,201,201,201,201,201,201,201,201,201,201,201,201,201,201,201,201,201,201,201,201,201,201,201,201,201,201,201,201,201,201,201,201,201,201,201,201,201,201,201,201,201,201,201,201,201,201,201,201,201,201,201,201,201,201,201,201,201,201,201,201,201,201,201,201,201,201,201,201,201,201,201,201,201,201,201,201,201,201,201,201,201,201,201,201,201,201,201,201,201,201,201,201,,,,,,,,,,,,,,,,,,,,,,,,,,,,,
17,Rock Creatures,404,406,404,401,400,0,0,0,0,0,0,0,0,0,0,0,0,0,0,0,0,0,0,0,0,0,0,0,0,0,0,0,0,0,0,0,0,0,0,0,0,0,0,0,0,0,0,0,0,0,0,0,0,0,0,0,0,0,0,0,0,0,0,0,0,0,0,0,0,0,0,0,0,0,0,0,0,0,0,0,0,0,0,0,0,0,0,0,0,0,0,0,0,0,0,0,0,0,0,0,1379,1380,1381,1385,1286,1288,1287,1289,1290,1291,1292,1293,1294,1480,1481,1497,1482,1483,1484,1485,943,945,946,948,949,2227,2228,2229,2230,2231,2232,2233,2234,,,,,,,,,,,,,,,,,,,,,,,,,,,,,
18,Ants,408,408,408,410,411,0,0,0,0,0,0,0,0,0,0,0,0,0,0,0,0,0,0,0,0,0,0,0,0,0,0,0,0,0,0,0,0,0,0,0,0,0,0,0,0,0,0,0,0,0,0,0,0,0,0,0,0,0,0,0,0,0,0,0,0,0,0,0,0,0,0,0,0,0,0,0,0,0,0,0,0,0,0,0,0,0,0,0,0,0,0,0,0,0,0,0,0,0,0,0,1379,1380,1381,1385,1286,1288,1287,1289,1290,1291,1292,1293,1294,1480,1481,1497,1482,1483,1484,1485,943,945,946,948,949,2227,2228,2229,2230,2231,2232,2233,2234,,,,,,,,,,,,,,,,,,,,,,,,,,,,,
19,Frogs,450,451,450,453,455,0,0,0,0,0,0,0,0,0,0,0,0,0,0,0,0,0,0,0,0,0,0,0,0,0,0,0,0,0,0,0,0,0,0,0,0,0,0,0,0,0,0,0,0,0,0,0,0,0,0,0,0,0,0,0,0,0,0,0,0,0,0,0,0,0,0,0,0,0,0,0,0,0,0,0,0,0,0,0,0,0,0,0,0,0,0,0,0,0,0,0,0,0,0,0,1379,1380,1381,1385,1286,1288,1287,1289,1290,1291,1292,1293,1294,1480,1481,1497,1482,1483,1484,1485,943,945,946,948,949,2227,2228,2229,2230,2231,2232,2233,2234,,,,,,,,,,,,,,,,,,,,,,,,,,,,,
20,Giants,464,465,465,468,466,0,0,0,0,0,0,0,0,0,0,0,0,0,0,0,0,0,0,0,0,0,0,0,0,0,0,0,0,0,0,0,0,0,0,0,0,0,0,0,0,0,0,0,0,0,0,0,0,0,0,0,0,0,0,0,0,0,0,0,0,0,0,0,0,0,0,0,0,0,0,0,0,0,0,0,0,0,0,0,0,0,0,0,0,0,0,0,0,0,0,0,0,0,0,0,1379,1380,1381,1385,1286,1288,1287,1289,1290,1291,1292,1293,1294,1480,1481,1497,1482,1483,1484,1485,943,945,946,948,949,2227,2228,2229,2230,2231,2232,2233,2234,,,,,,,,,,,,,,,,,,,,,,,,,,,,,
21,Worms,477,477,477,482,479,479,479,479,479,479,479,479,479,479,479,479,479,479,479,479,479,479,479,479,479,479,479,479,479,479,479,479,479,479,479,479,479,479,479,479,479,479,479,479,479,479,479,479,479,479,479,479,479,479,479,479,479,479,479,479,479,479,479,479,479,479,479,479,479,479,479,479,479,479,479,479,479,479,479,479,479,479,479,479,479,479,479,479,479,479,479,479,479,479,479,479,479,479,479,479,479,479,479,479,479,479,479,479,479,479,479,479,479,479,479,479,479,479,479,479,479,479,479,479,479,479,479,479,479,479,479,479,479,,,,,,,,,,,,,,,,,,,,,,,,,,,,,
22,Bandits,384,378,379,385,383,360,361,362,354,355,356,357,358,359,364,375,376,377,347,348,349,397,398,399,216,419,420,418,422,438,421,440,439,449,444,443,462,446,445,463,448,447,423,424,425,426,427,428,429,430,431,432,434,435,433,436,437,416,417,415,487,488,489,490,491,93,94,95,91,128,145,146,147,148,194,195,196,197,198,199,282,492,493,558,559,560,561,562,563,564,566,1351,1350,1351,1353,1352,1353,1355,1354,1355,1379,1380,1381,1385,1286,1288,1287,1289,1290,1291,1292,1293,1294,1480,1481,1497,1482,1483,1484,1485,943,945,946,948,949,2227,2228,2229,2230,2231,2232,2233,2234,,,,,,,,,,,,,,,,,,,,,,,,,,,,,
23,Sprites,1,2,1,5,3,3,3,3,1,1,1,1,1,1,3,1,1,1,1,1,1,1,1,1,1,1,1,1,1,1,1,1,1,1,1,1,1,1,1,1,1,1,1,1,1,1,1,1,1,1,1,1,1,1,1,1,1,1,1,1,1,1,1,1,1,1,1,1,1,1,1,1,1,1,1,1,1,1,1,1,1,1,1,1,1,1,1,1,1,1,1,1,1,1,1,1,1,1,1,1,1379,1380,1381,1385,1286,1288,1287,1289,1290,1291,1292,1293,1294,1480,1481,1497,1482,1483,1484,1485,943,945,946,948,949,2227,2228,2229,2230,2231,2232,2233,2234,,,,,,,,,,,,,,,,,,,,,,,,,,,,,
24,Troll Male,384,378,379,385,383,532,117,362,354,355,356,113,112,114,364,375,376,377,347,348,349,397,398,399,216,419,420,418,422,438,421,440,439,449,444,443,462,446,445,463,448,447,423,424,425,426,118,119,429,430,431,432,434,435,433,436,437,416,417,415,487,488,489,490,491,93,94,95,91,128,145,146,147,148,194,195,196,197,198,199,282,492,493,558,559,560,561,562,563,564,566,1351,1350,1351,1353,1352,1353,1355,1354,1355,1379,1380,1381,1385,1286,1288,1287,1289,1290,1291,1292,1293,1294,1480,1481,1497,1482,1483,1484,1485,943,945,946,948,949,2227,2228,2229,2230,2231,2232,2233,2234,,3602,3604,3603,3601,3868,3869,3865,,,,,,,,,,,,,,,,,,,,,
25,Troll Female,384,378,379,385,383,532,495,362,354,355,356,113,112,114,364,375,376,377,347,348,349,397,398,399,216,419,420,418,422,438,421,440,439,449,444,443,462,446,445,463,448,447,423,424,425,426,118,119,429,430,431,432,434,435,433,436,437,416,417,415,487,488,489,490,491,93,94,95,91,128,145,146,147,148,194,195,196,197,198,199,282,492,493,558,559,560,561,562,563,564,566,1351,1350,1351,1353,1352,1353,1355,1354,1355,1379,1380,1381,1385,1286,1288,1287,1289,1290,1291,1292,1293,1294,1480,1481,1497,1482,1483,1484,1485,943,945,946,948,949,2227,2228,2229,2230,2231,2232,2233,2234,,3602,3604,3603,3601,3868,3869,3865,,,,,,,,,,,,,,,,,,,,,
26,Kobold Male,384,378,379,385,383,360,117,362,354,355,356,113,112,114,364,375,376,377,347,348,349,397,398,399,216,419,420,418,422,438,421,440,439,449,444,443,462,446,445,463,448,447,423,424,425,426,118,119,429,430,431,432,434,435,433,436,437,416,417,415,487,488,489,490,491,93,94,95,91,128,145,146,147,148,194,195,196,197,198,199,282,492,493,558,559,560,561,562,563,564,566,1351,1350,1351,1353,1352,1353,1355,1354,1355,1379,1380,1381,1385,1286,1288,1287,1289,1290,1291,1292,1293,1294,1480,1481,1497,1482,1483,1484,1485,943,945,946,948,949,2227,2228,2229,2230,2231,2232,2233,2234,,3602,3604,3603,3601,3868,3869,3865,,,,,,,,,,,,,,,,,,,,,
27,Kobold Female,384,378,379,385,383,494,495,362,354,355,356,113,112,114,364,375,376,377,347,348,349,397,398,399,216,419,420,418,422,438,421,440,439,449,444,443,462,446,445,463,448,447,423,424,425,426,118,119,429,430,431,432,434,435,433,436,437,416,417,415,487,488,489,490,491,93,94,95,91,128,145,146,147,148,194,195,196,197,198,199,282,492,493,558,559,560,561,562,563,564,566,1351,1350,1351,1353,1352,1353,1355,1354,1355,1379,1380,1381,1385,1286,1288,1287,1289,1290,1291,1292,1293,1294,1480,1481,1497,1482,1483,1484,1485,943,945,946,948,949,2227,2228,2229,2230,2231,2232,2233,2234,,3602,3604,3603,3601,3868,3869,3865,,,,,,,,,,,,,,,,,,,,,
28,Norse Male,384,378,379,385,383,360,117,362,354,355,356,113,112,114,364,375,376,377,347,348,349,397,398,399,216,419,420,418,422,438,421,440,439,449,444,443,462,446,445,463,448,447,423,424,425,426,118,119,429,430,431,432,434,435,433,436,437,416,417,415,487,488,489,490,491,93,94,95,91,128,145,146,147,148,194,195,196,197,198,199,282,492,493,558,559,560,561,562,563,564,566,1351,1350,1351,1353,1352,1353,1355,1354,1355,1379,1380,1381,1385,1286,1288,1287,1289,1290,1291,1292,1293,1294,1480,1481,1497,1482,1483,1484,1485,943,945,946,948,949,2227,2228,2229,2230,2231,2232,2233,2234,,3602,3604,3603,3601,3868,3869,3865,,,,,,,,,,,,,,,,,,,,,
29,Norse Female,384,378,379,385,383,494,495,362,354,355,356,113,112,114,364,375,376,377,347,348,349,397,398,399,216,419,420,418,422,438,421,440,439,449,444,443,462,446,445,463,448,447,423,424,425,426,118,119,429,430,431,432,434,435,433,436,437,416,417,415,487,488,489,490,491,93,94,95,91,128,145,146,147,148,194,195,196,197,198,199,282,492,493,558,559,560,561,562,563,564,566,1351,1350,1351,1353,1352,1353,1355,1354,1355,1379,1380,1381,1385,1286,1288,1287,1289,1290,1291,1292,1293,1294,1480,1481,1497,1482,1483,1484,1485,943,945,946,948,949,2227,2228,2229,2230,2231,2232,2233,2234,,3602,3604,3603,3601,3868,3869,3865,,,,,,,,,,,,,,,,,,,,,
30,Goblin 2,134,134,135,136,131,0,0,0,0,0,0,0,0,0,0,0,0,0,0,0,0,0,0,0,0,0,0,0,0,0,0,0,0,0,0,0,0,0,0,0,0,0,0,0,0,0,0,0,0,0,0,0,0,0,0,0,0,0,0,0,0,0,0,0,0,0,0,0,0,0,0,0,0,0,0,0,0,0,0,0,0,0,0,0,0,0,0,0,0,0,0,0,0,0,0,0,0,0,0,0,1379,1380,1381,1385,1286,1288,1287,1289,1290,1291,1292,1293,1294,1480,1481,1497,1482,1483,1484,1485,943,945,946,948,949,2227,2228,2229,2230,2231,2232,2233,2234,,,,,,,,,,,,,,,,,,,,,,,,,,,,,
31,Vendo,153,154,152,155,151,151,151,151,152,152,152,152,152,152,151,317,318,319,152,152,152,152,152,152,152,152,152,152,152,152,152,152,152,152,152,152,152,152,152,152,152,152,152,152,152,152,152,152,152,152,152,152,152,152,152,152,152,152,152,152,152,152,152,152,152,152,152,152,152,152,152,152,152,152,152,152,152,152,152,152,152,152,152,152,152,152,152,152,152,152,152,152,152,152,152,152,152,152,152,152,1379,1380,1381,1385,1286,1288,1287,1289,1290,1291,1292,1293,1294,1480,1481,1497,1482,1483,1484,1485,943,945,946,948,949,2227,2228,2229,2230,2231,2232,2233,2234,,,,,,,,,,,,,,,,,,,,,,,,,,,,,
32,Werewolf,169,168,166,170,165,0,0,0,0,0,0,0,0,0,0,683,684,685,0,0,0,0,0,0,0,0,0,0,0,0,0,0,0,0,0,0,0,0,0,0,0,0,0,0,0,0,0,0,0,0,0,0,0,0,0,0,0,0,0,0,0,0,0,0,0,0,0,0,0,0,0,0,0,0,0,0,0,0,0,0,0,0,0,0,0,0,0,0,0,0,0,0,0,0,0,0,0,0,0,0,1379,1380,1381,1385,1286,1288,1287,1289,1290,1291,1292,1293,1294,1480,1481,1497,1482,1483,1484,1485,943,945,946,948,949,2227,2228,2229,2230,2231,2232,2233,2234,,,,,,,,,,,,,,,,,,,,,,,,,,,,,
33,Lurikeen Male,384,378,379,385,383,360,361,362,354,355,356,357,358,359,364,375,376,377,347,348,349,397,398,399,216,419,420,418,422,438,421,440,439,449,444,443,462,446,445,463,448,447,423,424,425,426,427,428,429,430,431,432,434,435,433,436,437,416,417,415,487,488,489,490,491,93,94,95,91,128,145,146,147,148,194,195,196,197,198,199,282,492,493,558,559,560,561,562,563,564,566,1351,1350,1351,1353,1352,1353,1355,1354,1355,1379,1380,1381,1385,1286,1288,1287,1289,1290,1291,1292,1293,1294,1480,1481,1497,1482,1483,1484,1485,943,945,946,948,949,2227,2228,2229,2230,2231,2232,2233,2234,,3602,3604,3603,3601,3868,3869,3865,,,,,,,,,,,,,,,,,,,,,
34,Lurikeen Female,384,378,379,385,383,494,495,362,354,355,356,357,358,359,364,375,376,377,347,348,349,397,398,399,216,419,420,418,422,438,421,440,439,449,444,443,462,446,445,463,448,447,423,424,425,426,427,428,429,430,431,432,434,435,433,436,437,416,417,415,487,488,489,490,491,93,94,95,91,128,145,146,147,148,194,195,196,197,198,199,282,492,493,558,559,560,561,562,563,564,566,1351,1350,1351,1353,1352,1353,1355,1354,1355,1379,1380,1381,1385,1286,1288,1287,1289,1290,1291,1292,1293,1294,1480,1481,1497,1482,1483,1484,1485,943,945,946,948,949,2227,2228,2229,2230,2231,2232,2233,2234,,3602,3604,3603,3601,3868,3869,3865,,,,,,,,,,,,,,,,,,,,,
35,Firbolg Male,384,378,379,385,383,360,361,362,354,355,356,357,358,359,364,375,376,377,347,348,349,397,398,399,216,419,420,418,422,438,421,440,439,449,444,443,462,446,445,463,448,447,423,424,425,426,427,428,429,430,431,432,434,435,433,436,437,416,417,415,487,488,489,490,491,93,94,95,91,128,145,146,147,148,194,195,196,197,198,199,282,492,493,558,559,560,561,562,563,564,566,1351,1350,1351,1353,1352,1353,1355,1354,1355,1379,1380,1381,1385,1286,1288,1287,1289,1290,1291,1292,1293,1294,1480,1481,1497,1482,1483,1484,1485,943,945,946,948,949,2227,2228,2229,2230,2231,2232,2233,2234,,3602,3604,3603,3601,3868,3869,3865,,,,,,,,,,,,,,,,,,,,,
36,Firbolg Female,384,378,379,385,383,494,495,362,354,355,356,357,358,359,364,375,376,377,347,348,349,397,398,399,216,419,420,418,422,438,421,440,439,449,444,443,462,446,445,463,448,447,423,424,425,426,427,428,429,430,431,432,434,435,433,436,437,416,417,415,487,488,489,490,491,93,94,95,91,128,145,146,147,148,194,195,196,197,198,199,282,492,493,558,559,560,561,562,563,564,566,1351,1350,1351,1353,1352,1353,1355,1354,1355,1379,1380,1381,1385,1286,1288,1287,1289,1290,1291,1292,1293,1294,1480,1481,1497,1482,1483,1484,1485,943,945,946,948,949,2227,2228,2229,2230,2231,2232,2233,2234,,3602,3604,3603,3601,3868,3869,3865,,,,,,,,,,,,,,,,,,,,,
37,Ettin,184,184,183,186,193,0,0,0,0,0,0,0,0,0,0,0,0,0,0,0,0,0,0,0,0,0,0,0,0,0,0,0,0,0,0,0,0,0,0,0,0,0,0,0,0,0,0,0,0,0,0,0,0,0,0,0,0,0,0,0,0,0,0,0,0,0,0,0,0,0,0,0,0,0,0,0,0,0,0,0,0,0,0,0,0,0,0,0,0,0,0,0,0,0,0,0,0,0,0,0,1379,1380,1381,1385,1286,1288,1287,1289,1290,1291,1292,1293,1294,1480,1481,1497,1482,1483,1484,1485,943,945,946,948,949,2227,2228,2229,2230,2231,2232,2233,2234,,,,,,,,,,,,,,,,,,,,,,,,,,,,,
38,Arachites,12,12,11,15,13,13,13,13,13,13,13,13,13,13,13,13,13,13,13,13,13,13,13,13,13,13,13,13,13,13,13,13,13,13,13,13,13,13,13,13,13,13,13,13,13,13,13,13,13,13,13,13,13,13,13,13,13,13,13,13,13,13,13,13,13,13,13,13,13,13,13,13,13,13,13,13,13,13,13,13,13,13,13,13,13,13,13,13,13,13,13,13,13,13,13,13,13,13,13,13,13,13,13,13,13,13,13,13,13,13,13,13,13,13,13,13,13,13,13,13,13,13,13,13,13,13,13,13,13,13,13,13,13,,,,,,,,,,,,,,,,,,,,,,,,,,,,,
39,Ogre,184,184,183,186,193,0,0,0,0,0,0,0,0,0,0,0,0,0,0,0,0,0,0,0,0,0,0,0,0,0,0,0,0,0,0,0,0,0,0,0,0,0,0,0,0,0,0,0,0,0,0,0,0,0,0,0,0,0,0,0,0,0,0,0,0,0,0,0,0,0,0,0,0,0,0,0,0,0,0,0,0,0,0,0,0,0,0,0,0,0,0,0,0,0,0,0,0,0,0,0,1379,1380,1381,1385,1286,1288,1287,1289,1290,1291,1292,1293,1294,1480,1481,1497,1482,1483,1484,1485,943,945,946,948,949,2227,2228,2229,2230,2231,2232,2233,2234,,,,,,,,,,,,,,,,,,,,,,,,,,,,,
40,Dwarf Male,384,378,379,385,383,59,117,362,354,355,356,113,112,114,364,375,376,377,347,348,349,397,398,399,216,419,420,418,422,438,421,440,439,449,444,443,462,446,445,463,448,447,423,424,425,426,118,119,429,430,431,432,434,435,433,436,437,416,417,415,487,488,489,490,491,93,94,95,91,128,145,146,147,148,194,195,196,197,198,199,282,492,493,558,559,560,561,562,563,564,566,1351,1350,1351,1353,1352,1353,1355,1354,1355,1379,1380,1381,1385,1286,1288,1287,1289,1290,1291,1292,1293,1294,1480,1481,1497,1482,1483,1484,1485,943,945,946,948,949,2227,2228,2229,2230,2231,2232,2233,2234,,3602,3604,3603,3601,3868,3869,3865,,,,,,,,,,,,,,,,,,,,,
41,Horse,71,71,72,75,73,0,0,0,0,0,0,0,0,0,0,0,0,0,0,0,0,0,0,0,0,0,0,0,0,0,0,0,0,0,0,0,0,0,0,0,0,0,0,0,0,0,0,0,0,0,0,0,0,0,0,0,0,0,0,0,0,0,0,0,0,0,0,0,0,0,0,0,0,0,0,0,0,0,0,0,0,0,0,0,0,0,0,0,0,0,0,0,0,0,0,0,0,0,0,0,1379,1380,1381,1385,1286,1288,1287,1289,1290,1291,1292,1293,1294,1480,1481,1497,1482,1483,1484,1485,943,945,946,948,949,2227,2228,2229,2230,2231,2232,2233,2234,,,,,,,,,,,,,,,,,,,,,,,,,,,,,
42,Scrag,79,79,80,83,81,0,0,0,0,0,0,0,0,0,0,0,0,0,0,0,0,0,0,0,0,0,0,0,0,0,0,0,0,0,0,0,0,0,0,0,0,0,0,0,0,0,0,0,0,0,0,0,0,0,0,0,0,0,0,0,0,0,0,0,0,0,0,0,0,0,0,0,0,0,0,0,0,0,0,0,0,0,0,0,0,0,0,0,0,0,0,0,0,0,0,0,0,0,0,0,1379,1380,1381,1385,1286,1288,1287,1289,1290,1291,1292,1293,1294,1480,1481,1497,1482,1483,1484,1485,943,945,946,948,949,2227,2228,2229,2230,2231,2232,2233,2234,,,,,,,,,,,,,,,,,,,,,,,,,,,,,
43,Wight,507,506,506,503,505,0,0,0,0,0,0,0,0,0,0,0,0,0,0,0,0,0,0,0,0,0,0,0,0,0,0,0,0,0,0,0,0,0,0,0,0,0,0,0,0,0,0,0,0,0,0,0,0,0,0,0,0,0,0,0,0,0,0,0,0,0,0,0,0,0,0,0,0,0,0,0,0,0,0,0,0,0,0,0,0,0,0,0,0,0,0,0,0,0,0,0,0,0,0,0,1379,1380,1381,1385,1286,1288,1287,1289,1290,1291,1292,1293,1294,1480,1481,1497,1482,1483,1484,1485,943,945,946,948,949,2227,2228,2229,2230,2231,2232,2233,2234,,,,,,,,,,,,,,,,,,,,,,,,,,,,,
44,Lich,507,506,506,503,505,0,0,0,0,0,0,0,0,0,0,0,0,0,0,0,0,0,0,0,0,0,0,0,0,0,0,0,0,0,0,0,0,0,0,0,0,0,0,0,0,0,0,0,0,0,0,0,0,0,0,0,0,0,0,0,0,0,0,0,0,0,0,0,0,0,0,0,0,0,0,0,0,0,0,0,0,0,0,0,0,0,0,0,0,0,0,0,0,0,0,0,0,0,0,0,1379,1380,1381,1385,1286,1288,1287,1289,1290,1291,1292,1293,1294,1480,1481,1497,1482,1483,1484,1485,943,945,946,948,949,2227,2228,2229,2230,2231,2232,2233,2234,,,,,,,,,,,,,,,,,,,,,,,,,,,,,
45,undead males,384,378,379,385,383,360,361,362,354,355,356,357,358,359,364,375,376,377,347,348,349,397,398,399,216,419,420,418,422,438,421,440,439,449,444,443,505,446,445,506,448,447,466,467,468,469,470,471,472,473,474,475,477,478,476,436,437,416,417,415,530,531,532,#REF!,533,93,94,95,91,128,145,146,147,148,194,195,196,197,198,199,282,492,493,558,559,560,561,562,563,564,566,1351,1350,1351,1353,1352,1353,1355,1354,1355,1379,1380,1381,1385,1286,1288,1287,1289,1290,1291,1292,1293,1294,1480,1481,1497,1482,1483,1484,1485,943,945,946,948,949,2227,2228,2229,2230,2231,2232,2233,2234,,,,,,,,,,,,,,,,,,,,,,,,,,,,,
46,undead females,384,378,379,385,383,494,495,362,354,355,356,357,358,359,364,375,376,377,347,348,349,397,398,399,216,419,420,418,422,438,421,440,439,449,444,443,502,446,445,503,448,447,423,424,425,426,427,428,429,430,431,432,434,435,433,436,437,416,417,415,487,488,489,490,491,93,94,95,91,128,145,146,147,148,194,195,196,197,198,199,282,492,493,558,559,560,561,562,563,564,566,1351,1350,1351,1353,1352,1353,1355,1354,1355,1379,1380,1381,1385,1286,1288,1287,1289,1290,1291,1292,1293,1294,1480,1481,1497,1482,1483,1484,1485,943,945,946,948,949,2227,2228,2229,2230,2231,2232,2233,2234,,,,,,,,,,,,,,,,,,,,,,,,,,,,,
47,cockatrice/basilisk,120,121,121,124,122,0,0,0,0,0,0,0,0,0,0,0,0,0,0,0,0,0,0,0,0,0,0,0,0,0,0,0,0,0,0,0,0,0,0,0,0,0,0,0,0,0,0,0,0,0,0,0,0,0,0,0,0,0,0,0,0,0,0,0,0,0,0,0,0,0,0,0,0,0,0,0,0,0,0,0,0,0,0,0,0,0,0,0,0,0,0,0,0,0,0,0,0,0,0,0,1379,1380,1381,1385,1286,1288,1287,1289,1290,1291,1292,1293,1294,1480,1481,1497,1482,1483,1484,1485,943,945,946,948,949,2227,2228,2229,2230,2231,2232,2233,2234,,,,,,,,,,,,,,,,,,,,,,,,,,,,,
48,Elf/Clelt Male,384,378,379,385,383,360,361,362,354,355,356,357,358,359,364,375,376,377,347,348,349,397,398,399,216,419,420,418,422,438,421,440,439,449,444,443,462,446,445,463,448,447,423,424,425,426,427,428,429,430,431,432,434,435,433,436,437,416,417,415,487,488,489,490,491,93,94,95,91,128,145,146,147,148,194,195,196,197,198,199,282,492,493,558,559,560,561,562,563,564,566,1351,1350,1351,1353,1352,1353,1355,1354,1355,1379,1380,1381,1385,1286,1288,1287,1289,1290,1291,1292,1293,1294,1480,1481,1497,1482,1483,1484,1485,943,945,946,948,949,2227,2228,2229,2230,2231,2232,2233,2234,,3602,3604,3603,3601,3868,3869,3865,,,,,,,,,,,,,,,,,,,,,
49,Elf / Celt Female,384,378,379,385,383,494,495,362,354,355,356,357,358,359,364,375,376,377,347,348,349,397,398,399,216,419,420,418,422,438,421,440,439,449,444,443,462,446,445,463,448,447,423,424,425,426,427,428,429,430,431,432,434,435,433,436,437,416,417,415,487,488,489,490,491,93,94,95,91,128,145,146,147,148,194,195,196,197,198,199,282,492,493,558,559,560,561,562,563,564,566,1351,1350,1351,1353,1352,1353,1355,1354,1355,1379,1380,1381,1385,1286,1288,1287,1289,1290,1291,1292,1293,1294,1480,1481,1497,1482,1483,1484,1485,943,945,946,948,949,2227,2228,2229,2230,2231,2232,2233,2234,,3602,3604,3603,3601,3868,3869,3865,,,,,,,,,,,,,,,,,,,,,
50,Bandit Female,384,378,379,385,383,494,495,362,354,355,356,357,358,359,364,375,376,377,347,348,349,397,398,399,216,419,420,418,422,438,421,440,439,449,444,443,462,446,445,463,448,447,423,424,425,426,427,428,429,430,431,432,434,435,433,436,437,416,417,415,487,488,489,490,491,93,94,95,91,128,145,146,147,148,194,195,196,197,198,199,282,492,493,558,559,560,561,562,563,564,566,1351,1350,1351,1353,1352,1353,1355,1354,1355,1379,1380,1381,1385,1286,1288,1287,1289,1290,1291,1292,1293,1294,1480,1481,1497,1482,1483,1484,1485,943,945,946,948,949,2227,2228,2229,2230,2231,2232,2233,2234,,,,,,,,,,,,,,,,,,,,,,,,,,,,,
51,Crab,548,548,548,551,549,0,0,0,0,0,0,0,0,0,0,0,0,0,0,0,0,0,0,0,0,0,0,0,0,0,0,0,0,0,0,0,0,0,0,0,0,0,0,0,0,0,0,0,0,0,0,0,0,0,0,0,0,0,0,0,0,0,0,0,0,0,0,0,0,0,0,0,0,0,0,0,0,0,0,0,0,0,0,0,0,0,0,0,0,0,0,0,0,0,0,0,0,0,0,0,1379,1380,1381,1385,1286,1288,1287,1289,1290,1291,1292,1293,1294,1480,1481,1497,1482,1483,1484,1485,943,945,946,948,949,2227,2228,2229,2230,2231,2232,2233,2234,,,,,,,,,,,,,,,,,,,,,,,,,,,,,
52,Scorpion,555,548,548,551,549,0,0,0,0,0,0,0,0,0,0,0,0,0,0,0,0,0,0,0,0,0,0,0,0,0,0,0,0,0,0,0,0,0,0,0,0,0,0,0,0,0,0,0,0,0,0,0,0,0,0,0,0,0,0,0,0,0,0,0,0,0,0,0,0,0,0,0,0,0,0,0,0,0,0,0,0,0,0,0,0,0,0,0,0,0,0,0,0,0,0,0,0,0,0,0,1379,1380,1381,1385,1286,1288,1287,1289,1290,1291,1292,1293,1294,1480,1481,1497,1482,1483,1484,1485,943,945,946,948,949,2227,2228,2229,2230,2231,2232,2233,2234,,,,,,,,,,,,,,,,,,,,,,,,,,,,,
53,Rat,568,569,569,572,570,0,0,0,0,0,0,0,0,0,0,0,0,0,0,0,0,0,0,0,0,0,0,0,0,0,0,0,0,0,0,0,0,0,0,0,0,0,0,0,0,0,0,0,0,0,0,0,0,0,0,0,0,0,0,0,0,0,0,0,0,0,0,0,0,0,0,0,0,0,0,0,0,0,0,0,0,0,0,0,0,0,0,0,0,0,0,0,0,0,0,0,0,0,0,0,1379,1380,1381,1385,1286,1288,1287,1289,1290,1291,1292,1293,1294,1480,1481,1497,1482,1483,1484,1485,943,945,946,948,949,2227,2228,2229,2230,2231,2232,2233,2234,,,,,,,,,,,,,,,,,,,,,,,,,,,,,
54,Badger,568,569,568,572,570,0,0,0,0,0,0,0,0,0,0,0,0,0,0,0,0,0,0,0,0,0,0,0,0,0,0,0,0,0,0,0,0,0,0,0,0,0,0,0,0,0,0,0,0,0,0,0,0,0,0,0,0,0,0,0,0,0,0,0,0,0,0,0,0,0,0,0,0,0,0,0,0,0,0,0,0,0,0,0,0,0,0,0,0,0,0,0,0,0,0,0,0,0,0,0,1379,1380,1381,1385,1286,1288,1287,1289,1290,1291,1292,1293,1294,1480,1481,1497,1482,1483,1484,1485,943,945,946,948,949,2227,2228,2229,2230,2231,2232,2233,2234,,,,,,,,,,,,,,,,,,,,,,,,,,,,,
55,weird land creature,592,592,593,589,591,0,0,0,0,0,0,0,0,0,0,0,0,0,0,0,0,0,0,0,0,0,0,0,0,0,0,0,0,0,0,0,0,0,0,0,0,0,0,0,0,0,0,0,0,0,0,0,0,0,0,0,0,0,0,0,0,0,0,0,0,0,0,0,0,0,0,0,0,0,0,0,0,0,0,0,0,0,0,0,0,0,0,0,0,0,0,0,0,0,0,0,0,0,0,0,1379,1380,1381,1385,1286,1288,1287,1289,1290,1291,1292,1293,1294,1480,1481,1497,1482,1483,1484,1485,943,945,946,948,949,2227,2228,2229,2230,2231,2232,2233,2234,,,,,,,,,,,,,,,,,,,,,,,,,,,,,
56,weird sea creature,592,592,593,589,591,0,0,0,0,0,0,0,0,0,0,0,0,0,0,0,0,0,0,0,0,0,0,0,0,0,0,0,0,0,0,0,0,0,0,0,0,0,0,0,0,0,0,0,0,0,0,0,0,0,0,0,0,0,0,0,0,0,0,0,0,0,0,0,0,0,0,0,0,0,0,0,0,0,0,0,0,0,0,0,0,0,0,0,0,0,0,0,0,0,0,0,0,0,0,0,1379,1380,1381,1385,1286,1288,1287,1289,1290,1291,1292,1293,1294,1480,1481,1497,1482,1483,1484,1485,943,945,946,948,949,2227,2228,2229,2230,2231,2232,2233,2234,,,,,,,,,,,,,,,,,,,,,,,,,,,,,
57,Pixie,598,598,597,600,603,603,603,603,597,598,597,598,597,598,597,598,597,598,597,598,597,598,597,598,597,598,597,598,597,598,597,598,597,598,597,598,597,598,597,598,597,598,597,598,597,598,597,598,597,598,597,598,597,598,597,598,597,598,597,598,597,598,597,598,597,598,597,598,597,598,597,598,597,598,597,598,597,598,597,598,597,598,597,598,597,598,597,598,597,598,597,598,597,598,597,598,597,598,597,598,597,598,597,598,597,598,597,598,597,598,597,598,597,598,597,598,597,598,597,598,597,598,597,598,597,598,597,598,597,598,598,597,598,,,,,,,,,,,,,,,,,,,,,,,,,,,,,
58,Dragon,608,608,608,611,609,0,0,0,0,0,0,0,0,0,0,0,0,0,0,0,0,0,0,0,0,0,0,0,0,0,0,0,0,0,0,0,0,0,0,0,0,0,0,0,0,0,0,0,0,0,0,0,0,0,0,0,0,0,0,0,0,0,0,0,0,0,0,0,0,0,0,0,0,0,0,0,0,0,0,0,0,0,0,0,0,0,0,0,0,0,0,0,0,0,0,0,0,0,0,0,1379,1380,1381,1385,1286,1288,1287,1289,1290,1291,1292,1293,1294,1480,1481,1497,1482,1483,1484,1485,943,945,946,948,949,2227,2228,2229,2230,2231,2232,2233,2234,,,,,,,,,,,,,,,,,,,,,,,,,,,,,
59,Demon,620,620,620,623,621,0,0,0,0,0,0,0,0,0,0,0,0,0,0,0,0,0,0,0,0,0,0,0,0,0,0,0,0,0,0,0,0,0,0,0,0,0,0,0,0,0,0,0,0,0,0,0,0,0,0,0,0,0,0,0,0,0,0,0,0,0,0,0,0,0,0,0,0,0,0,0,0,0,0,0,0,0,0,0,0,0,0,0,0,0,0,0,0,0,0,0,0,0,0,0,1379,1380,1381,1385,1286,1288,1287,1289,1290,1291,1292,1293,1294,1480,1481,1497,1482,1483,1484,1485,943,945,946,948,949,2227,2228,2229,2230,2231,2232,2233,2234,,,,,,,,,,,,,,,,,,,,,,,,,,,,,
60,Imp,620,620,620,623,621,0,0,0,0,0,0,0,0,0,0,0,0,0,0,0,0,0,0,0,0,0,0,0,0,0,0,0,0,0,0,0,0,0,0,0,0,0,0,0,0,0,0,0,0,0,0,0,0,0,0,0,0,0,0,0,0,0,0,0,0,0,0,0,0,0,0,0,0,0,0,0,0,0,0,0,0,0,0,0,0,0,0,0,0,0,0,0,0,0,0,0,0,0,0,0,1379,1380,1381,1385,1286,1288,1287,1289,1290,1291,1292,1293,1294,1480,1481,1497,1482,1483,1484,1485,943,945,946,948,949,2227,2228,2229,2230,2231,2232,2233,2234,,,,,,,,,,,,,,,,,,,,,,,,,,,,,
61,Afanc,636,636,635,639,637,0,0,0,0,0,0,0,0,0,0,0,0,0,0,0,0,0,0,0,0,0,0,0,0,0,0,0,0,0,0,0,0,0,0,0,0,0,0,0,0,0,0,0,0,0,0,0,0,0,0,0,0,0,0,0,0,0,0,0,0,0,0,0,0,0,0,0,0,0,0,0,0,0,0,0,0,0,0,0,0,0,0,0,0,0,0,0,0,0,0,0,0,0,0,0,1379,1380,1381,1385,1286,1288,1287,1289,1290,1291,1292,1293,1294,1480,1481,1497,1482,1483,1484,1485,943,945,946,948,949,2227,2228,2229,2230,2231,2232,2233,2234,,,,,,,,,,,,,,,,,,,,,,,,,,,,,
62,Glimmer Knight/Ghoul,650,650,651,656,649,0,0,0,0,0,0,0,0,0,0,686,687,688,0,0,0,0,0,0,0,0,0,0,0,0,0,0,0,0,0,0,0,0,0,0,0,0,0,0,0,0,0,0,0,0,0,0,0,0,0,0,0,0,0,0,0,0,0,0,0,0,0,0,0,0,0,0,0,0,0,0,0,0,0,0,0,0,0,0,0,0,0,0,0,0,0,0,0,0,0,0,0,0,0,0,1379,1380,1381,1385,1286,1288,1287,1289,1290,1291,1292,1293,1294,1480,1481,1497,1482,1483,1484,1485,943,945,946,948,949,2227,2228,2229,2230,2231,2232,2233,2234,,,,,,,,,,,,,,,,,,,,,,,,,,,,,
63,Glimmercaster,658,659,659,648,657,0,0,0,0,0,0,0,0,0,0,0,0,0,0,0,0,0,0,0,0,0,0,0,0,0,0,0,0,0,0,0,0,0,0,0,0,0,0,0,0,0,0,0,0,0,0,0,0,0,0,0,0,0,0,0,0,0,0,0,0,0,0,0,0,0,0,0,0,0,0,0,0,0,0,0,0,0,0,0,0,0,0,0,0,0,0,0,0,0,0,0,0,0,0,0,1379,1380,1381,1385,1286,1288,1287,1289,1290,1291,1292,1293,1294,1480,1481,1497,1482,1483,1484,1485,943,945,946,948,949,2227,2228,2229,2230,2231,2232,2233,2234,,,,,,,,,,,,,,,,,,,,,,,,,,,,,
64,Giant2(spellcast),666,667,666,672,671,0,0,0,0,0,0,0,0,0,0,668,669,670,0,0,0,0,0,0,0,0,0,0,0,0,0,0,0,0,0,0,0,0,0,0,0,0,0,0,0,0,0,0,0,0,0,0,0,0,0,0,0,0,0,0,0,0,0,0,0,0,0,0,0,0,0,0,0,0,0,0,0,0,0,0,0,0,0,0,0,0,0,0,0,0,0,0,0,0,0,0,0,0,0,0,1379,1380,1381,1385,1286,1288,1287,1289,1290,1291,1292,1293,1294,1480,1481,1497,1482,1483,1484,1485,943,945,946,948,949,2227,2228,2229,2230,2231,2232,2233,2234,,,,,,,,,,,,,,,,,,,,,,,,,,,,,
65,Soulkeeper,695,696,696,697,693,0,0,0,0,0,0,0,0,0,0,668,669,670,0,0,0,0,0,0,0,0,0,0,0,0,0,0,0,0,0,0,0,0,0,0,0,0,0,0,0,0,0,0,0,0,0,0,0,0,0,0,0,0,0,0,0,0,0,0,0,0,0,0,0,0,0,0,0,0,0,0,0,0,0,0,0,0,0,0,0,0,0,0,0,0,0,0,0,0,0,0,0,0,0,0,1379,1380,1381,1385,1286,1288,1287,1289,1290,1291,1292,1293,1294,1480,1481,1497,1482,1483,1484,1485,943,945,946,948,949,2227,2228,2229,2230,2231,2232,2233,2234,,,,,,,,,,,,,,,,,,,,,,,,,,,,,
66,3 Headed Demon,702,703,704,707,705,0,0,0,0,0,0,0,0,0,0,668,669,670,0,0,0,0,0,0,0,0,0,0,0,0,0,0,0,0,0,0,0,0,0,0,0,0,0,0,0,0,0,0,0,0,0,0,0,0,0,0,0,0,0,0,0,0,0,0,0,0,0,0,0,0,0,0,0,0,0,0,0,0,0,0,0,0,0,0,0,0,0,0,0,0,0,0,0,0,0,0,0,0,0,0,1379,1380,1381,1385,1286,1288,1287,1289,1290,1291,1292,1293,1294,1480,1481,1497,1482,1483,1484,1485,943,945,946,948,949,2227,2228,2229,2230,2231,2232,2233,2234,,,,,,,,,,,,,,,,,,,,,,,,,,,,,
67,Hag,713,714,713,734,716,0,0,0,0,0,0,0,0,0,0,668,669,670,0,0,0,0,0,0,0,0,0,0,0,0,0,0,0,0,0,0,0,0,0,0,0,0,0,0,0,0,0,0,0,0,0,0,0,0,0,0,0,0,0,0,0,0,0,0,0,0,0,0,0,0,0,0,0,0,0,0,0,0,0,0,0,0,0,0,0,0,0,0,0,0,0,0,0,0,0,0,0,0,0,0,1379,1380,1381,1385,1286,1288,1287,1289,1290,1291,1292,1293,1294,1480,1481,1497,1482,1483,1484,1485,943,945,946,948,949,2227,2228,2229,2230,2231,2232,2233,2234,,,,,,,,,,,,,,,,,,,,,,,,,,,,,
68,Succubus,724,724,724,727,725,0,0,0,0,0,0,0,0,0,0,668,669,670,0,0,0,0,0,0,0,0,0,0,0,0,0,0,0,0,0,0,0,0,0,0,0,0,0,0,0,0,0,0,0,0,0,0,0,0,0,0,0,0,0,0,0,0,0,0,0,0,0,0,0,0,0,0,0,0,0,0,0,0,0,0,0,0,0,0,0,0,0,0,0,0,0,0,0,0,0,0,0,0,0,0,1379,1380,1381,1385,1286,1288,1287,1289,1290,1291,1292,1293,1294,1480,1481,1497,1482,1483,1484,1485,943,945,946,948,949,2227,2228,2229,2230,2231,2232,2233,2234,,,,,,,,,,,,,,,,,,,,,,,,,,,,,
69,Roman Undead,384,378,379,225,214,360,361,362,354,355,356,357,358,359,364,375,376,377,347,348,349,397,398,399,216,419,420,418,422,438,421,440,439,449,444,443,462,446,445,463,448,447,423,424,425,426,427,428,429,430,431,432,434,435,433,436,437,416,417,415,487,488,489,490,491,93,94,95,91,128,145,146,147,148,194,195,196,197,198,199,282,492,493,558,559,560,561,562,563,564,566,1351,1350,1351,1353,1352,1353,1355,1354,1355,1379,1380,1381,1385,1286,1288,1287,1289,1290,1291,1292,1293,1294,1480,1481,1497,1482,1483,1484,1485,943,945,946,948,949,2227,2228,2229,2230,2231,2232,2233,2234,,,,,,,,,,,,,,,,,,,,,,,,,,,,,
70,Wraith,739,739,739,741,738,0,0,0,0,0,0,0,0,0,0,0,0,0,0,0,0,0,0,0,0,0,0,0,0,0,0,0,0,0,0,0,0,0,0,0,0,0,0,0,0,0,0,0,0,0,0,0,0,0,0,0,0,0,0,0,0,0,0,0,0,0,0,0,0,0,0,0,0,0,0,0,0,0,0,0,0,0,0,0,0,0,0,0,0,0,0,0,0,0,0,0,0,0,0,0,1379,1380,1381,1385,1286,1288,1287,1289,1290,1291,1292,1293,1294,1480,1481,1497,1482,1483,1484,1485,943,945,946,948,949,2227,2228,2229,2230,2231,2232,2233,2234,,,,,,,,,,,,,,,,,,,,,,,,,,,,,
71,Hulk,751,750,749,752,748,0,0,0,0,0,0,0,0,0,0,0,0,0,0,0,0,0,0,0,0,0,0,0,0,0,0,0,0,0,0,0,0,0,0,0,0,0,0,0,0,0,0,0,0,0,0,0,0,0,0,0,0,0,0,0,0,0,0,0,0,0,0,0,0,0,0,0,0,0,0,0,0,0,0,0,0,0,0,0,0,0,0,0,0,0,0,0,0,0,0,0,0,0,0,0,1379,1380,1381,1385,1286,1288,1287,1289,1290,1291,1292,1293,1294,1480,1481,1497,1482,1483,1484,1485,943,945,946,948,949,2227,2228,2229,2230,2231,2232,2233,2234,,,,,,,,,,,,,,,,,,,,,,,,,,,,,
72,Locust Head,760,761,761,763,759,0,0,0,0,0,0,0,0,0,0,0,0,0,0,0,0,0,0,0,0,0,0,0,0,0,0,0,0,0,0,0,0,0,0,0,0,0,0,0,0,0,0,0,0,0,0,0,0,0,0,0,0,0,0,0,0,0,0,0,0,0,0,0,0,0,0,0,0,0,0,0,0,0,0,0,0,0,0,0,0,0,0,0,0,0,0,0,0,0,0,0,0,0,0,0,1379,1380,1381,1385,1286,1288,1287,1289,1290,1291,1292,1293,1294,1480,1481,1497,1482,1483,1484,1485,943,945,946,948,949,2227,2228,2229,2230,2231,2232,2233,2234,,,,,,,,,,,,,,,,,,,,,,,,,,,,,
73,Legless zombie,767,767,768,770,769,0,0,0,0,0,0,0,0,0,0,0,0,0,0,0,0,0,0,0,0,0,0,0,0,0,0,0,0,0,0,0,0,0,0,0,0,0,0,0,0,0,0,0,0,0,0,0,0,0,0,0,0,0,0,0,0,0,0,0,0,0,0,0,0,0,0,0,0,0,0,0,0,0,0,0,0,0,0,0,0,0,0,0,0,0,0,0,0,0,0,0,0,0,0,0,1379,1380,1381,1385,1286,1288,1287,1289,1290,1291,1292,1293,1294,1480,1481,1497,1482,1483,1484,1485,943,945,946,948,949,2227,2228,2229,2230,2231,2232,2233,2234,,,,,,,,,,,,,,,,,,,,,,,,,,,,,
74,Beetle,775,775,775,778,776,776,776,776,776,776,776,776,776,776,776,776,776,776,776,776,776,776,776,776,776,776,776,776,776,776,776,776,776,776,776,776,776,776,776,776,776,776,776,776,776,776,776,776,776,776,776,776,776,776,776,776,776,776,776,776,776,776,776,776,776,776,776,776,776,776,776,776,776,776,776,776,776,776,776,776,776,776,776,776,776,776,776,776,776,776,776,776,776,776,776,776,776,776,776,776,776,776,776,776,776,776,776,776,776,776,776,776,776,776,776,776,776,776,776,776,776,776,776,776,776,776,776,776,776,776,776,776,776,,,,,,,,,,,,,,,,,,,,,,,,,,,,,
75,Gnome,782,783,782,789,787,787,787,787,782,783,782,783,782,783,787,784,785,786,782,783,782,783,782,783,782,783,782,783,782,783,782,783,782,783,782,783,782,783,782,783,782,783,782,783,782,783,782,783,782,783,782,783,782,783,782,783,782,783,782,783,782,783,782,783,782,783,782,783,782,783,782,783,782,783,782,783,782,783,782,783,782,783,782,783,782,783,782,783,782,783,782,783,782,783,782,783,782,783,782,783,1379,1380,1381,1385,1286,1288,1287,1289,1290,1291,1292,1293,1294,1480,1481,1497,1482,1483,1484,1485,943,945,946,948,949,2227,2228,2229,2230,2231,2232,2233,2234,,,,,,,,,,,,,,,,,,,,,,,,,,,,,
76,Sylvan Male,384,378,379,385,383,360,361,362,354,355,356,357,358,359,364,375,376,377,347,348,349,397,398,399,216,419,420,418,422,438,421,440,439,449,444,443,462,446,445,463,448,447,423,424,425,426,427,428,429,430,431,432,434,435,433,436,437,416,417,415,487,488,489,490,491,93,94,95,91,128,145,146,147,148,194,195,196,197,198,199,282,492,493,558,559,560,561,562,563,564,566,1351,1350,1351,1353,1352,1353,1355,1354,1355,1379,1380,1381,1385,1286,1288,1287,1289,1290,1291,1292,1293,1294,1480,1481,1497,1482,1483,1484,1485,943,945,946,948,949,2227,2228,2229,2230,2231,2232,2233,2234,,3602,3604,3603,3601,3868,3869,3865,,,,,,,,,,,,,,,,,,,,,
77,Sylvan Female,384,378,379,385,383,494,495,362,354,355,356,357,358,359,364,375,376,377,347,348,349,397,398,399,216,419,420,418,422,438,421,440,439,449,444,443,462,446,445,463,448,447,423,424,425,426,427,428,429,430,431,432,434,435,433,436,437,416,417,415,487,488,489,490,491,93,94,95,91,128,145,146,147,148,194,195,196,197,198,199,282,492,493,558,559,560,561,562,563,564,566,1351,1350,1351,1353,1352,1353,1355,1354,1355,1379,1380,1381,1385,1286,1288,1287,1289,1290,1291,1292,1293,1294,1480,1481,1497,1482,1483,1484,1485,943,945,946,948,949,2227,2228,2229,2230,2231,2232,2233,2234,,3602,3604,3603,3601,3868,3869,3865,,,,,,,,,,,,,,,,,,,,,
78,Inconnu Male,384,378,379,385,383,360,117,362,354,355,356,113,112,114,364,375,376,377,347,348,349,397,398,399,216,419,420,418,422,438,421,440,439,449,444,443,462,446,445,463,448,447,423,424,425,426,427,428,429,430,431,432,434,435,433,436,437,416,417,415,487,488,489,490,491,93,94,95,91,128,145,146,147,148,194,195,196,197,198,199,282,492,493,558,559,560,561,562,563,564,566,1351,1350,1351,1353,1352,1353,1355,1354,1355,1379,1380,1381,1385,1286,1288,1287,1289,1290,1291,1292,1293,1294,1480,1481,1497,1482,1483,1484,1485,943,945,946,948,949,2227,2228,2229,2230,2231,2232,2233,2234,,3602,3604,3603,3601,3868,3869,3865,,,,,,,,,,,,,,,,,,,,,
79,Inconnu Female,384,378,379,385,383,494,495,362,354,355,356,357,358,359,364,375,376,377,347,348,349,397,398,399,216,419,420,418,422,438,421,440,439,449,444,443,462,446,445,463,448,447,423,424,425,426,427,428,429,430,431,432,434,435,433,436,437,416,417,415,487,488,489,490,491,93,94,95,91,128,145,146,147,148,194,195,196,197,198,199,282,492,493,558,559,560,561,562,563,564,566,1351,1350,1351,1353,1352,1353,1355,1354,1355,1379,1380,1381,1385,1286,1288,1287,1289,1290,1291,1292,1293,1294,1480,1481,1497,1482,1483,1484,1485,943,945,946,948,949,2227,2228,2229,2230,2231,2232,2233,2234,,3602,3604,3603,3601,3868,3869,3865,,,,,,,,,,,,,,,,,,,,,
80,Praying Mantis ,835,835,835,838,836,836,836,0,835,835,835,835,835,835,835,0,0,0,0,0,0,0,0,0,0,0,0,0,0,0,0,0,0,0,0,0,0,0,0,0,0,0,0,0,0,0,0,0,0,0,0,0,0,0,0,0,0,0,0,0,0,0,0,0,0,0,0,0,0,0,0,0,0,0,0,0,0,0,0,0,0,0,0,0,0,0,0,0,0,0,0,0,0,0,0,0,0,0,0,0,1379,1380,1381,1385,1286,1288,1287,1289,1290,1291,1292,1293,1294,1480,1481,1497,1482,1483,1484,1485,943,945,946,948,949,2227,2228,2229,2230,2231,2232,2233,2234,,,,,,,,,,,,,,,,,,,,,,,,,,,,,
81,Primitive,842,843,842,846,844,844,844,0,842,843,842,843,842,843,842,0,0,0,842,843,842,843,842,843,842,843,842,843,842,843,842,843,842,843,842,843,842,843,842,843,842,843,842,843,842,843,842,843,842,843,842,843,842,843,842,843,842,843,842,843,842,843,842,843,842,843,842,843,842,843,842,843,842,843,842,843,842,843,842,843,842,843,842,843,842,843,842,843,842,843,842,1351,1350,1351,1353,1352,1353,1355,1354,1355,1379,1380,1381,1385,1286,1288,1287,1289,1290,1291,1292,1293,1294,1480,1481,1497,1482,1483,1484,1485,943,945,946,948,949,2227,2228,2229,2230,2231,2232,2233,2234,,,,,,,,,,,,,,,,,,,,,,,,,,,,,
82,Two  Headed Wolf ,854,854,854,860,855,855,855,0,0,0,0,0,0,0,0,0,0,0,0,0,0,0,0,0,0,0,0,0,0,0,0,0,0,0,0,0,0,0,0,0,0,0,0,0,0,0,0,0,0,0,0,0,0,0,0,0,0,0,0,0,0,0,0,0,0,0,0,0,0,0,0,0,0,0,0,0,0,0,0,0,0,0,0,0,0,0,0,0,0,0,0,0,0,0,0,0,0,0,0,0,1379,1380,1381,1385,1286,1288,1287,1289,1290,1291,1292,1293,1294,1480,1481,1497,1482,1483,1484,1485,943,945,946,948,949,2227,2228,2229,2230,2231,2232,2233,2234,,,,,,,,,,,,,,,,,,,,,,,,,,,,,
83,Sabertooth ,861,862,861,866,863,863,863,0,0,0,0,0,0,0,0,0,0,0,0,0,0,0,0,0,0,0,0,0,0,0,0,0,0,0,0,0,0,0,0,0,0,0,0,0,0,0,0,0,0,0,0,0,0,0,0,0,0,0,0,0,0,0,0,0,0,0,0,0,0,0,0,0,0,0,0,0,0,0,0,0,0,0,0,0,0,0,0,0,0,0,0,0,0,0,0,0,0,0,0,0,1379,1380,1381,1385,1286,1288,1287,1289,1290,1291,1292,1293,1294,1480,1481,1497,1482,1483,1484,1485,943,945,946,948,949,2227,2228,2229,2230,2231,2232,2233,2234,,,,,,,,,,,,,,,,,,,,,,,,,,,,,
84,Gryphon 1,869,870,869,873,871,871,871,0,0,0,0,0,0,0,0,0,0,0,0,0,0,0,0,0,0,0,0,0,0,0,0,0,0,0,0,0,0,0,0,0,0,0,0,0,0,0,0,0,0,0,0,0,0,0,0,0,0,0,0,0,0,0,0,0,0,0,0,0,0,0,0,0,0,0,0,0,0,0,0,0,0,0,0,0,0,0,0,0,0,0,0,0,0,0,0,0,0,0,0,0,1379,1380,1381,1385,1286,1288,1287,1289,1290,1291,1292,1293,1294,1480,1481,1497,1482,1483,1484,1485,943,945,946,948,949,2227,2228,2229,2230,2231,2232,2233,2234,,,,,,,,,,,,,,,,,,,,,,,,,,,,,
85,Griffon 2,869,870,869,873,871,871,871,0,0,0,0,0,0,0,0,0,0,0,0,0,0,0,0,0,0,0,0,0,0,0,0,0,0,0,0,0,0,0,0,0,0,0,0,0,0,0,0,0,0,0,0,0,0,0,0,0,0,0,0,0,0,0,0,0,0,0,0,0,0,0,0,0,0,0,0,0,0,0,0,0,0,0,0,0,0,0,0,0,0,0,0,0,0,0,0,0,0,0,0,0,1379,1380,1381,1385,1286,1288,1287,1289,1290,1291,1292,1293,1294,1480,1481,1497,1482,1483,1484,1485,943,945,946,948,949,2227,2228,2229,2230,2231,2232,2233,2234,,,,,,,,,,,,,,,,,,,,,,,,,,,,,
86,Shriller,899,898,899,902,900,900,900,0,0,0,0,0,0,0,0,0,0,0,0,0,0,0,0,0,0,0,0,0,0,0,0,0,0,0,0,0,0,0,0,0,0,0,0,0,0,0,0,0,0,0,0,0,0,0,0,0,0,0,0,0,0,0,0,0,0,0,0,0,0,0,0,0,0,0,0,0,0,0,0,0,0,0,0,0,0,0,0,0,0,0,0,0,0,0,0,0,0,0,0,0,1379,1380,1381,1385,1286,1288,1287,1289,1290,1291,1292,1293,1294,1480,1481,1497,1482,1483,1484,1485,943,945,946,948,949,2227,2228,2229,2230,2231,2232,2233,2234,,,,,,,,,,,,,,,,,,,,,,,,,,,,,
87,Wyvern,907,906,907,910,908,908,908,0,0,0,0,0,0,0,0,0,0,0,0,0,0,0,0,0,0,0,0,0,0,0,0,0,0,0,0,0,0,0,0,0,0,0,0,0,0,0,0,0,0,0,0,0,0,0,0,0,0,0,0,0,0,0,0,0,0,0,0,0,0,0,0,0,0,0,0,0,0,0,0,0,0,0,0,0,0,0,0,0,0,0,0,0,0,0,0,0,0,0,0,0,1379,1380,1381,1385,1286,1288,1287,1289,1290,1291,1292,1293,1294,1480,1481,1497,1482,1483,1484,1485,943,945,946,948,949,2227,2228,2229,2230,2231,2232,2233,2234,,,,,,,,,,,,,,,,,,,,,,,,,,,,,
88,Wooly Serpent,914,914,914,917,915,915,915,0,0,0,0,0,0,0,0,0,0,0,0,0,0,0,0,0,0,0,0,0,0,0,0,0,0,0,0,0,0,0,0,0,0,0,0,0,0,0,0,0,0,0,0,0,0,0,0,0,0,0,0,0,0,0,0,0,0,0,0,0,0,0,0,0,0,0,0,0,0,0,0,0,0,0,0,0,0,0,0,0,0,0,0,0,0,0,0,0,0,0,0,0,1379,1380,1381,1385,1286,1288,1287,1289,1290,1291,1292,1293,1294,1480,1481,1497,1482,1483,1484,1485,943,945,946,948,949,2227,2228,2229,2230,2231,2232,2233,2234,,,,,,,,,,,,,,,,,,,,,,,,,,,,,
89,Twisted Sylvan,922,921,922,385,923,923,923,0,921,922,921,922,921,922,921,0,0,0,921,922,921,922,921,922,921,922,921,922,921,922,921,922,921,922,921,922,921,922,921,922,921,922,921,922,921,922,921,922,921,922,921,922,921,922,921,922,921,922,921,922,921,922,921,922,921,922,921,922,921,922,921,922,921,922,921,922,921,922,921,922,921,922,921,922,921,922,921,922,921,922,921,1351,1350,1351,1353,1352,1353,1355,1354,1355,1379,1380,1381,1385,1286,1288,1287,1289,1290,1291,1292,1293,1294,1480,1481,1497,1482,1483,1484,1485,943,945,946,948,949,2227,2228,2229,2230,2231,2232,2233,2234,,,,,,,,,,,,,,,,,,,,,,,,,,,,,
90,Fomorian,932,931,932,935,933,933,933,0,931,932,931,932,931,932,931,1123,1124,1125,931,932,931,932,931,932,931,932,931,932,931,932,931,932,931,932,931,932,931,932,931,932,931,932,931,932,931,932,931,932,931,932,931,932,931,932,931,932,931,932,931,932,931,932,931,932,931,1123,1124,1125,931,932,931,932,931,932,931,932,931,932,931,932,931,932,931,932,931,932,931,932,931,932,931,1351,1350,1351,1353,1352,1353,1355,1354,1355,1379,1380,1381,1385,1286,1288,1287,1289,1290,1291,1292,1293,1294,1480,1481,1497,1482,1483,1484,1485,943,945,946,948,949,2227,2228,2229,2230,2231,2232,2233,2234,,,,,,,,,,,,,,,,,,,,,,,,,,,,,
91,Cniogcrag,880,880,880,883,881,881,881,0,0,0,0,0,0,0,0,0,0,0,0,0,0,0,0,0,0,0,0,0,0,0,0,0,0,0,0,0,0,0,0,0,0,0,0,0,0,0,0,0,0,0,0,0,0,0,0,0,0,0,0,0,0,0,0,0,0,0,0,0,0,0,0,0,0,0,0,0,0,0,0,0,0,0,0,0,0,0,0,0,0,0,0,0,0,0,0,0,0,0,0,0,1379,1380,1381,1385,1286,1288,1287,1289,1290,1291,1292,1293,1294,1480,1481,1497,1482,1483,1484,1485,943,945,946,948,949,2227,2228,2229,2230,2231,2232,2233,2234,,,,,,,,,,,,,,,,,,,,,,,,,,,,,
92,Megalocerous,890,891,890,894,892,892,892,0,0,0,0,0,0,0,0,0,0,0,0,0,0,0,0,0,0,0,0,0,0,0,0,0,0,0,0,0,0,0,0,0,0,0,0,0,0,0,0,0,0,0,0,0,0,0,0,0,0,0,0,0,0,0,0,0,0,0,0,0,0,0,0,0,0,0,0,0,0,0,0,0,0,0,0,0,0,0,0,0,0,0,0,0,0,0,0,0,0,0,0,0,1379,1380,1381,1385,1286,1288,1287,1289,1290,1291,1292,1293,1294,1480,1481,1497,1482,1483,1484,1485,943,945,946,948,949,2227,2228,2229,2230,2231,2232,2233,2234,,,,,,,,,,,,,,,,,,,,,,,,,,,,,
93,Formorian with Weapon,942,942,942,935,933,933,933,0,942,942,942,942,942,942,942,1123,1124,1125,942,942,942,942,942,942,942,942,942,942,942,942,942,942,942,942,942,942,942,942,942,942,942,942,942,942,942,942,942,942,942,942,942,942,942,942,942,942,942,942,942,942,942,942,942,942,942,1123,1124,1125,942,942,942,942,942,942,942,942,942,942,942,942,942,942,942,942,942,942,942,942,942,942,942,1351,1350,1351,1353,1352,1353,1355,1354,1355,1379,1380,1381,1385,1286,1288,1287,1289,1290,1291,1292,1293,1294,1480,1481,1497,1482,1483,1484,1485,943,945,946,948,949,2227,2228,2229,2230,2231,2232,2233,2234,,,,,,,,,,,,,,,,,,,,,,,,,,,,,
94,Gryphon W/Wings(Idle),869,870,869,873,871,871,871,0,0,0,0,0,0,0,0,0,0,0,0,0,0,0,0,0,0,0,0,0,0,0,0,0,0,0,0,0,0,0,0,0,0,0,0,0,0,0,0,0,0,0,0,0,0,0,0,0,0,0,0,0,0,0,0,0,0,0,0,0,0,0,0,0,0,0,0,0,0,0,0,0,0,0,0,0,0,0,0,0,0,0,0,0,0,0,0,0,0,0,0,0,1379,1380,1381,1385,1286,1288,1287,1289,1290,1291,1292,1293,1294,1480,1481,1497,1482,1483,1484,1485,943,945,946,948,949,2227,2228,2229,2230,2231,2232,2233,2234,,,,,,,,,,,,,,,,,,,,,,,,,,,,,
96,Valkyn Male,384,378,379,385,383,360,361,362,354,355,356,357,358,359,364,375,376,377,347,348,349,397,398,399,216,419,420,418,422,438,421,440,439,449,444,443,462,446,445,463,448,447,423,424,425,426,427,428,429,430,431,432,434,435,433,436,437,416,417,415,487,488,489,490,491,93,94,95,91,128,145,146,147,148,194,195,196,197,198,199,282,492,493,558,559,560,561,562,563,564,566,1351,1350,1351,1353,1352,1353,1355,1354,1355,1379,1380,1381,1385,1286,1288,1287,1289,1290,1291,1292,1293,1294,1480,1481,1497,1482,1483,1484,1485,943,945,946,948,949,2227,2228,2229,2230,2231,2232,2233,2234,,3602,3604,3603,3601,3868,3869,3865,,,,,,,,,,,,,,,,,,,,,
97,Valkyn Female,384,378,379,385,383,494,495,362,354,355,356,357,358,359,364,375,376,377,347,348,349,397,398,399,216,419,420,418,422,438,421,440,439,449,444,443,462,446,445,463,448,447,423,424,425,426,427,428,429,430,431,432,434,435,433,436,437,416,417,415,487,488,489,490,491,93,94,95,91,128,145,146,147,148,194,195,196,197,198,199,282,492,493,558,559,560,561,562,563,564,566,1351,1350,1351,1353,1352,1353,1355,1354,1355,1379,1380,1381,1385,1286,1288,1287,1289,1290,1291,1292,1293,1294,1480,1481,1497,1482,1483,1484,1485,943,945,946,948,949,2227,2228,2229,2230,2231,2232,2233,2234,,3602,3604,3603,3601,3868,3869,3865,,,,,,,,,,,,,,,,,,,,,
98,Orc,983,983,983,986,1479,1479,1479,1479,983,983,983,983,983,983,1479,0,0,0,983,983,983,1479,983,983,983,983,983,983,983,983,983,983,983,983,983,983,983,983,983,983,983,983,983,983,983,983,983,983,983,983,983,983,983,983,983,983,983,983,983,983,983,983,983,983,983,983,983,983,983,983,983,983,983,983,983,983,983,983,983,983,983,983,983,983,983,983,983,983,983,983,983,1351,1350,1351,1353,1352,1353,1355,1354,1355,1379,1380,1381,1385,1286,1288,1287,1289,1290,1291,1292,1293,1294,1480,1481,1497,1482,1483,1484,1485,943,945,946,948,949,2227,2228,2229,2230,2231,2232,2233,2234,,,,,,,,,,,,,,,,,,,,,,,,,,,,,
99,Urchin,995,995,995,998,996,996,996,0,995,995,995,995,995,995,995,0,0,0,995,995,995,995,995,995,995,995,995,995,995,995,995,995,995,995,995,995,995,995,995,995,995,995,995,995,995,995,995,995,995,995,995,995,995,995,995,995,995,995,995,995,995,995,995,995,995,995,995,995,995,995,995,995,995,995,995,995,995,995,995,995,995,995,995,995,995,995,995,995,995,995,995,1351,1350,1351,1353,1352,1353,1355,1354,1355,1379,1380,1381,1385,1286,1288,1287,1289,1290,1291,1292,1293,1294,1480,1481,1497,1482,1483,1484,1485,943,945,946,948,949,2227,2228,2229,2230,2231,2232,2233,2234,,,,,,,,,,,,,,,,,,,,,,,,,,,,,
100,Manta,1007,1007,1007,1010,1008,1008,1008,0,0,0,0,0,0,0,0,0,0,0,0,0,0,0,0,0,0,0,0,0,0,0,0,0,0,0,0,0,0,0,0,0,0,0,0,0,0,0,0,0,0,0,0,0,0,0,0,0,0,0,0,0,0,0,0,0,0,0,0,0,0,0,0,0,0,0,0,0,0,0,0,0,0,0,0,0,0,0,0,0,0,0,0,0,0,0,0,0,0,0,0,0,1379,1380,1381,1385,1286,1288,1287,1289,1290,1291,1292,1293,1294,1480,1481,1497,1482,1483,1484,1485,943,945,946,948,949,2227,2228,2229,2230,2231,2232,2233,2234,,,,,,,,,,,,,,,,,,,,,,,,,,,,,
101,Shrouder,1018,1019,1018,1022,1020,1020,1020,0,0,0,0,0,0,0,0,0,0,0,0,0,0,0,0,0,0,0,0,0,0,0,0,0,0,0,0,0,0,0,0,0,0,0,0,0,0,0,0,0,0,0,0,0,0,0,0,0,0,0,0,0,0,0,0,0,0,0,0,0,0,0,0,0,0,0,0,0,0,0,0,0,0,0,0,0,0,0,0,0,0,0,0,0,0,0,0,0,0,0,0,0,1379,1380,1381,1385,1286,1288,1287,1289,1290,1291,1292,1293,1294,1480,1481,1497,1482,1483,1484,1485,943,945,946,948,949,2227,2228,2229,2230,2231,2232,2233,2234,,,,,,,,,,,,,,,,,,,,,,,,,,,,,
102,Botonpid,1030,1031,1030,1034,1032,1032,1032,0,0,0,0,0,0,0,0,0,0,0,0,0,0,0,0,0,0,0,0,0,0,0,0,0,0,0,0,0,0,0,0,0,0,0,0,0,0,0,0,0,0,0,0,0,0,0,0,0,0,0,0,0,0,0,0,0,0,0,0,0,0,0,0,0,0,0,0,0,0,0,0,0,0,0,0,0,0,0,0,0,0,0,0,0,0,0,0,0,0,0,0,0,1379,1380,1381,1385,1286,1288,1287,1289,1290,1291,1292,1293,1294,1480,1481,1497,1482,1483,1484,1485,943,945,946,948,949,2227,2228,2229,2230,2231,2232,2233,2234,,,,,,,,,,,,,,,,,,,,,,,,,,,,,
103,Dragon Fly,1041,1042,1041,1045,1043,1043,1043,1043,1042,1041,1042,1041,1042,1041,1043,1042,1041,1042,1042,1041,1042,1042,1041,1042,1042,1041,1042,1042,1041,1042,1042,1041,1042,1042,1041,1042,1042,1041,1042,1042,1041,1042,1042,1041,1042,1042,1041,1042,1042,1041,1042,1042,1041,1042,1042,1041,1042,1042,1041,1042,1042,1041,1042,1042,1041,1042,1042,1041,1042,1042,1041,1042,1042,1041,1042,1042,1041,1042,1042,1041,1042,1042,1041,1042,1042,1041,1042,1042,1041,1042,1042,1041,1042,1042,1041,1042,1042,1041,1042,1042,1041,1042,1042,1041,1042,1042,1041,1042,1042,1041,1042,1042,1041,1042,1042,1041,1042,1042,1041,1042,1042,1041,1042,1042,1041,1042,1042,1041,1042,1042,1041,1042,1042,,,,,,,,,,,,,,,,,,,,,,,,,,,,,
104,Mushroom,1052,1052,1052,1055,1053,1053,1053,0,0,0,0,0,0,0,0,0,0,0,0,0,0,0,0,0,0,0,0,0,0,0,0,0,0,0,0,0,0,0,0,0,0,0,0,0,0,0,0,0,0,0,0,0,0,0,0,0,0,0,0,0,0,0,0,0,0,0,0,0,0,0,0,0,0,0,0,0,0,0,0,0,0,0,0,0,0,0,0,0,0,0,0,0,0,0,0,0,0,0,0,0,1379,1380,1381,1385,1286,1288,1287,1289,1290,1291,1292,1293,1294,1480,1481,1497,1482,1483,1484,1485,943,945,946,948,949,2227,2228,2229,2230,2231,2232,2233,2234,,,,,,,,,,,,,,,,,,,,,,,,,,,,,
105,Red Cap WITH WEAP,1535,1535,1535,789,787,787,787,787,1535,1535,1535,1535,1535,1535,787,787,0,0,1535,1535,1535,787,1535,1535,1535,1535,1535,1535,1535,1535,1535,1535,1535,1535,1535,1535,1535,1535,1535,1535,1535,1535,1535,1535,1535,1535,1535,1535,1535,1535,1535,1535,1535,1535,1535,1535,1535,1535,1535,1535,1535,1535,1535,1535,1535,1535,1535,1535,1535,1535,1535,1535,1535,1535,1535,1535,1535,1535,1535,1535,1535,1535,1535,1535,1535,1535,1535,1535,1535,1535,1535,1535,1535,1535,1535,1535,1535,1535,1535,1535,1535,1535,1535,1535,1535,1535,1535,1535,1535,1535,1535,1535,1535,1535,1535,1535,1535,1535,1535,1535,943,945,946,948,949,2227,2228,2229,2230,2231,2232,2233,2234,,,,,,,,,,,,,,,,,,,,,,,,,,,,,
106,Guag,1082,1082,1082,1085,1083,1083,1083,0,0,0,0,0,0,0,0,0,0,0,0,0,0,0,0,0,0,0,0,0,0,0,0,0,0,0,0,0,0,0,0,0,0,0,0,0,0,0,0,0,0,0,0,0,0,0,0,0,0,0,0,0,0,0,0,0,0,0,0,0,0,0,0,0,0,0,0,0,0,0,0,0,0,0,0,0,0,0,0,0,0,0,0,0,0,0,0,0,0,0,0,0,1379,1380,1381,1385,1286,1288,1287,1289,1290,1291,1292,1293,1294,1480,1481,1497,1482,1483,1484,1485,943,945,946,948,949,2227,2228,2229,2230,2231,2232,2233,2234,,,,,,,,,,,,,,,,,,,,,,,,,,,,,
107,Cicada,1090,1285,1090,1093,1094,1094,1094,0,0,0,0,0,0,0,0,0,0,0,0,0,0,0,0,0,0,0,0,0,0,0,0,0,0,0,0,0,0,0,0,0,0,0,0,0,0,0,0,0,0,0,0,0,0,0,0,0,0,0,0,0,0,0,0,0,0,0,0,0,0,0,0,0,0,0,0,0,0,0,0,0,0,0,0,0,0,0,0,0,0,0,0,0,0,0,0,0,0,0,0,0,1379,1380,1381,1385,1286,1288,1287,1289,1290,1291,1292,1293,1294,1480,1481,1497,1482,1483,1484,1485,943,945,946,948,949,2227,2228,2229,2230,2231,2232,2233,2234,,,,,,,,,,,,,,,,,,,,,,,,,,,,,
108,Formorian 02,932,931,932,935,933,933,933,0,931,932,931,932,931,932,931.8,1123,1124,1125,931,932,931,932,931,932,931,932,931,932,931,932,931,932,931,932,931,932,931,932,931,932,931,932,931,932,931,932,931,932,931,932,931,932,931,932,931,932,931,932,931,932,931,932,931,932,931,932,931,932,931,932,931,932,931,932,931,932,931,932,931,932,931,932,931,932,931,932,931,932,931,932,931,1351,1350,1351,1353,1352,1353,1355,1354,1355,1379,1380,1381,1385,1286,1288,1287,1289,1290,1291,1292,1293,1294,1480,1481,1497,1482,1483,1484,1485,943,945,946,948,949,2227,2228,2229,2230,2231,2232,2233,2234,,,,,,,,,,,,,,,,,,,,,,,,,,,,,
109,Formorian 03,932,931,932,935,933,933,933,0,931,932,931,932,931,932,931.8,1123,1124,1125,931,932,931,932,931,932,931,932,931,932,931,932,931,932,931,932,931,932,931,932,931,932,931,932,931,932,931,932,931,932,931,932,931,932,931,932,931,932,931,932,931,932,931,932,931,932,931,932,931,932,931,932,931,932,931,932,931,932,931,932,931,932,931,932,931,932,931,932,931,932,931,932,931,1351,1350,1351,1353,1352,1353,1355,1354,1355,1379,1380,1381,1385,1286,1288,1287,1289,1290,1291,1292,1293,1294,1480,1481,1497,1482,1483,1484,1485,943,945,946,948,949,2227,2228,2229,2230,2231,2232,2233,2234,,,,,,,,,,,,,,,,,,,,,,,,,,,,,
110,Formorian 04,1107,1108,1109,1112,1110,1110,1110,0,1107,1108,1107,1108,1107,1108,1107,1120,1121,1122,1107,1108,1107,1108,1107,1108,1107,1108,1107,1108,1107,1108,1107,1108,1107,1108,1107,1108,1107,1108,1107,1108,1107,1108,1107,1108,1107,1108,1107,1108,1107,1108,1107,1108,1107,1108,1107,1108,1107,1108,1107,1108,1107,1108,1107,1108,1107,1108,1107,1108,1107,1108,1107,1108,1107,1108,1107,1108,1107,1108,1107,1108,1107,1108,1107,1108,1107,1108,1107,1108,1107,1108,1107,1351,1350,1351,1353,1352,1353,1355,1354,1355,1379,1380,1381,1385,1286,1288,1287,1289,1290,1291,1292,1293,1294,1480,1481,1497,1482,1483,1484,1485,943,945,946,948,949,2227,2228,2229,2230,2231,2232,2233,2234,,,,,,,,,,,,,,,,,,,,,,,,,,,,,
111,Mammoth,1126,1126,1126,1129,1127,1127,1127,0,0,0,0,0,0,0,0,0,0,0,0,0,0,0,0,0,0,0,0,0,0,0,0,0,0,0,0,0,0,0,0,0,0,0,0,0,0,0,0,0,0,0,0,0,0,0,0,0,0,0,0,0,0,0,0,0,0,0,0,0,0,0,0,0,0,0,0,0,0,0,0,0,0,0,0,0,0,0,0,0,0,0,0,0,0,0,0,0,0,0,0,0,1379,1380,1381,1385,1286,1288,1287,1289,1290,1291,1292,1293,1294,1480,1481,1497,1482,1483,1484,1485,943,945,946,948,949,2227,2228,2229,2230,2231,2232,2233,2234,,,,,,,,,,,,,,,,,,,,,,,,,,,,,
112,Lammia,1137,1138,1137,1142,1140,1140,1140,1140,1137,1138,1137,1138,1137,1138,1137,1150,1151,1152,1137,1138,1137,1138,1137,1138,1137,1138,1137,1138,1137,1138,1137,1138,1137,1138,1137,1138,1137,1138,1137,1138,1137,1138,1137,1138,1137,1138,1137,1138,1137,1138,1137,1138,1137,1138,1137,1138,1137,1138,1137,1138,1137,1138,1137,1138,1137,1138,1137,1138,1137,1138,1137,1138,1137,1138,1137,1138,1137,1138,1137,1138,1137,1138,1137,1138,1137,1138,1137,1138,1137,1138,1137,1138,1137,1138,1137,1138,1137,1138,1137,1138,1379,1380,1381,1385,1286,1288,1287,1289,1290,1291,1292,1293,1294,1480,1481,1497,1482,1483,1484,1485,943,945,946,948,949,2227,2228,2229,2230,2231,2232,2233,2234,,,,,,,,,,,,,,,,,,,,,,,,,,,,,
113,Necro Shade,739,739,739,741,738,738,738,0,0,0,0,0,0,0,0,0,0,0,0,0,0,0,0,0,0,0,0,0,0,0,0,0,0,0,0,0,0,0,0,0,0,0,0,0,0,0,0,0,0,0,0,0,0,0,0,0,0,0,0,0,0,0,0,0,0,0,0,0,0,0,0,0,0,0,0,0,0,0,0,0,0,0,0,0,0,0,0,0,0,0,0,0,0,0,0,0,0,0,0,0,1379,1380,1381,1385,1286,1288,1287,1289,1290,1291,1292,1293,1294,1480,1481,1497,1482,1483,1484,1485,943,945,946,948,949,2227,2228,2229,2230,2231,2232,2233,2234,,,,,,,,,,,,,,,,,,,,,,,,,,,,,
114,Formorian King,1162,1162,1160,1165,1163,1163,1163,0,1162,1162,1162,1162,1162,1162,1162,0,0,0,1162,1162,1162,1162,1162,1162,1162,1162,1162,1162,1162,1162,1162,1162,1162,1162,1162,1162,1162,1162,1162,1162,1162,1162,1162,1162,1162,1162,1162,1162,1162,1162,1162,1162,1162,1162,1162,1162,1162,1162,1162,1162,1162,1162,1162,1162,1162,1162,1162,1162,1162,1162,1162,1162,1162,1162,1162,1162,1162,1162,1162,1162,1162,1162,1162,1162,1162,1162,1162,1162,1162,1162,1162,1351,1350,1351,1353,1352,1353,1355,1354,1355,1379,1380,1381,1385,1286,1288,1287,1289,1290,1291,1292,1293,1294,1480,1481,1497,1482,1483,1484,1485,943,945,946,948,949,2227,2228,2229,2230,2231,2232,2233,2234,,,,,,,,,,,,,,,,,,,,,,,,,,,,,
115,Clock Work Troll,1173,1174,1173,1177,1175,1175,1175,0,1173,1174,1173,1174,1173,1174,1173,1185,1186,1187,1173,1174,1173,1174,1173,1174,1173,1174,1173,1174,1173,1174,1173,1174,1173,1174,1173,1174,1173,1174,1173,1174,1173,1174,1173,1174,1173,1174,1173,1174,1173,1174,1173,1174,1173,1174,1173,1174,1173,1174,1173,1174,1173,1174,1173,1174,1173,1174,1173,1174,1173,1174,1173,1174,1173,1174,1173,1174,1173,1174,1173,1174,1173,1174,1173,1174,1173,1174,1173,1174,1173,1174,1173,1351,1350,1351,1353,1352,1353,1355,1354,1355,1379,1380,1381,1385,1286,1288,1287,1289,1290,1291,1292,1293,1294,1480,1481,1497,1482,1483,1484,1485,943,945,946,948,949,2227,2228,2229,2230,2231,2232,2233,2234,,,,,,,,,,,,,,,,,,,,,,,,,,,,,
116,Slug,1198,1198,1198,1202,1200,1200,1200,0,0,0,0,0,0,0,0,0,0,0,0,0,0,0,0,0,0,0,0,0,0,0,0,0,0,0,0,0,0,0,0,0,0,0,0,0,0,0,0,0,0,0,0,0,0,0,0,0,0,0,0,0,0,0,0,0,0,0,0,0,0,0,0,0,0,0,0,0,0,0,0,0,0,0,0,0,0,0,0,0,0,0,0,0,0,0,0,0,0,0,0,0,1379,1380,1381,1385,1286,1288,1287,1289,1290,1291,1292,1293,1294,1480,1481,1497,1482,1483,1484,1485,943,945,946,948,949,2227,2228,2229,2230,2231,2232,2233,2234,,,,,,,,,,,,,,,,,,,,,,,,,,,,,
117,Rencan,1209,1210,1209,1213,1211,1211,1211,0,0,0,0,0,0,0,0,0,0,0,0,0,0,0,0,0,0,0,0,0,0,0,0,0,0,0,0,0,0,0,0,0,0,0,0,0,0,0,0,0,0,0,0,0,0,0,0,0,0,0,0,0,0,0,0,0,0,0,0,0,0,0,0,0,0,0,0,0,0,0,0,0,0,0,0,0,0,0,0,0,0,0,0,0,0,0,0,0,0,0,0,0,1379,1380,1381,1385,1286,1288,1287,1289,1290,1291,1292,1293,1294,1480,1481,1497,1482,1483,1484,1485,943,945,946,948,949,2227,2228,2229,2230,2231,2232,2233,2234,,,,,,,,,,,,,,,,,,,,,,,,,,,,,
118,Tree D,1221,1222,1221,1225,1223,1223,1223,0,1221,1222,1221,1222,1221,1222,1121,0,0,0,1221,1222,1221,1222,1221,1222,1121,1122,1221,1222,1221,1222,1221,1222,1121,1122,1221,1222,1221,1222,1221,1222,1121,1122,1221,1222,1221,1222,1221,1222,1121,1122,1221,1222,1221,1222,1221,1222,1121,1122,1221,1222,1221,1222,1221,1222,1121,1122,1221,1222,1221,1222,1221,1222,1121,1122,1221,1222,1221,1222,1221,1222,1121,1122,1221,1222,1221,1222,1221,1222,1121,1122,1221,1351,1350,1351,1353,1352,1353,1355,1354,1355,1379,1380,1381,1385,1286,1288,1287,1289,1290,1291,1292,1293,1294,1480,1481,1497,1482,1483,1484,1485,943,945,946,948,949,2227,2228,2229,2230,2231,2232,2233,2234,,,,,,,,,,,,,,,,,,,,,,,,,,,,,
119,Larnvidur,1233,1234,1233,1237,1235,1235,1235,0,1233,1234,1233,1234,1233,1234,1233,0,0,0,1233,1234,1233,1234,1233,1234,1233,1234,1233,1234,1233,1234,1233,1234,1233,1234,1233,1234,1233,1234,1233,1234,1233,1234,1233,1234,1233,1234,1233,1234,1233,1234,1233,1234,1233,1234,1233,1234,1233,1234,1233,1234,1233,1234,1233,1234,1233,1234,1233,1234,1233,1234,1233,1234,1233,1234,1233,1234,1233,1234,1233,1234,1233,1234,1233,1234,1233,1234,1233,1234,1233,1234,1233,1351,1350,1351,1353,1352,1353,1355,1354,1355,1379,1380,1381,1385,1286,1288,1287,1289,1290,1291,1292,1293,1294,1480,1481,1497,1482,1483,1484,1485,943,945,946,948,949,2227,2228,2229,2230,2231,2232,2233,2234,,,,,,,,,,,,,,,,,,,,,,,,,,,,,
120,Terror Bird,1244,1244,1244,1247,1245,1245,1245,0,0,0,0,0,0,0,0,0,0,0,0,0,0,0,0,0,0,0,0,0,0,0,0,0,0,0,0,0,0,0,0,0,0,0,0,0,0,0,0,0,0,0,0,0,0,0,0,0,0,0,0,0,0,0,0,0,0,0,0,0,0,0,0,0,0,0,0,0,0,0,0,0,0,0,0,0,0,0,0,0,0,0,0,0,0,0,0,0,0,0,0,0,1379,1380,1381,1385,1286,1288,1287,1289,1290,1291,1292,1293,1294,1480,1481,1497,1482,1483,1484,1485,943,945,946,948,949,2227,2228,2229,2230,2231,2232,2233,2234,,,,,,,,,,,,,,,,,,,,,,,,,,,,,
121,Clock Work Human,1255,1256,1255,1259,1257,1257,1257,0,1255,1256,1255,1256,1255,1256,1255,1267,1268,1269,1255,1256,1255,1256,1255,1256,1255,1256,1255,1256,1255,1256,1255,1256,1255,1256,1255,1256,1255,1256,1255,1256,1255,1256,1255,1256,1255,1256,1255,1256,1255,1256,1255,1256,1255,1256,1255,1256,1255,1256,1255,1256,1255,1256,1255,1256,1255,1256,1255,1256,1255,1256,1255,1256,1255,1256,1255,1256,1255,1256,1255,1256,1255,1256,1255,1256,1255,1256,1255,1256,1255,1256,1255,1351,1350,1351,1353,1352,1353,1355,1354,1355,1379,1380,1381,1385,1286,1288,1287,1289,1290,1291,1292,1293,1294,1480,1481,1497,1482,1483,1484,1485,943,945,946,948,949,2227,2228,2229,2230,2231,2232,2233,2234,,,,,,,,,,,,,,,,,,,,,,,,,,,,,
122,Arbordon,1270,1271,1270,1274,1272,1272,1272,0,1270,1271,1270,1271,1270,1271,1270,1282,1283,1284,1270,1271,1270,1271,1270,1271,1270,1271,1270,1271,1270,1271,1270,1271,1270,1271,1270,1271,1270,1271,1270,1271,1270,1271,1270,1271,1270,1271,1270,1271,1270,1271,1270,1271,1270,1271,1270,1271,1270,1271,1270,1271,1270,1271,1270,1271,1270,1271,1270,1271,1270,1271,1270,1271,1270,1271,1270,1271,1270,1271,1270,1271,1270,1271,1270,1271,1270,1271,1270,1271,1270,1271,1270,1351,1350,1351,1353,1352,1353,1355,1354,1355,1379,1380,1381,1385,1286,1288,1287,1289,1290,1291,1292,1293,1294,1480,1481,1497,1482,1483,1484,1485,943,945,946,948,949,2227,2228,2229,2230,2231,2232,2233,2234,,,,,,,,,,,,,,,,,,,,,,,,,,,,,
123,Anglich,1295,1295,1295,1300,1299,1299,1299,0,1295,1295,1295,1295,1295,1295,1295,0,0,0,1295,1295,1295,1295,1295,1295,1295,1295,1295,1295,1295,1295,1295,1295,1295,1295,1295,1295,1295,1295,1295,1295,1295,1295,1295,1295,1295,1295,1295,1295,1295,1295,1295,1295,1295,1295,1295,1295,1295,1295,1295,1295,1295,1295,1295,1295,1295,1295,1295,1295,1295,1295,1295,1295,1295,1295,1295,1295,1295,1295,1295,1295,1295,1295,1295,1295,1295,1295,1295,1295,1295,1295,1295,1351,1350,1351,1353,1352,1353,1355,1354,1355,1379,1380,1381,1385,1286,1288,1287,1289,1290,1291,1292,1293,1294,1480,1481,1497,1482,1483,1484,1485,943,945,946,948,949,2227,2228,2229,2230,2231,2232,2233,2234,,,,,,,,,,,,,,,,,,,,,,,,,,,,,
124,2 Headed Dragon,1309,1309,1309,1310,1308,1308,1308,0,0,0,0,0,0,0,0,0,0,0,0,0,0,0,0,0,0,0,0,0,0,0,0,0,0,0,0,0,0,0,0,0,0,0,0,0,0,0,0,0,0,0,0,0,0,0,0,0,0,0,0,0,0,0,0,0,0,0,0,0,0,0,0,0,0,0,0,0,0,0,0,0,0,0,0,0,0,0,0,0,0,0,0,0,0,0,0,0,0,0,0,0,1379,1380,1381,1385,1286,1288,1287,1289,1290,1291,1292,1293,1294,1480,1481,1497,1482,1483,1484,1485,943,945,946,948,949,2227,2228,2229,2230,2231,2232,2233,2234,,,,,,,,,,,,,,,,,,,,,,,,,,,,,
125,Ogress,1360,1361,1360,1362,1359,1359,1359,0,1360,1361,1360,1361,1360,1361,1360,0,0,0,1360,1361,1360,1361,1360,1361,1360,1361,1360,1361,1360,1361,1360,1361,1360,1361,1360,1361,1360,1361,1360,1361,1360,1361,1360,1361,1360,1361,1360,1361,1360,1361,1360,1361,1360,1361,1360,1361,1360,1361,1360,1361,1360,1361,1360,1361,1360,1361,1360,1361,1360,1361,1360,1361,1360,1361,1360,1361,1360,1361,1360,1361,1360,1361,1360,1361,1360,1361,1360,1361,1360,1361,1360,1351,1350,1351,1353,1352,1353,1355,1354,1355,1379,1380,1381,1385,1286,1288,1287,1289,1290,1291,1292,1293,1294,1480,1481,1497,1482,1483,1484,1485,943,945,946,948,949,2227,2228,2229,2230,2231,2232,2233,2234,,,,,,,,,,,,,,,,,,,,,,,,,,,,,
126,Root Monster,1369,1369,1369,1370,1368,1368,1368,0,1369,1369,1369,1369,1369,1369,1369,0,0,0,1369,1369,1369,1369,1369,1369,1369,1369,1369,1369,1369,1369,1369,1369,1369,1369,1369,1369,1369,1369,1369,1369,1369,1369,1369,1369,1369,1369,1369,1369,1369,1369,1369,1369,1369,1369,1369,1369,1369,1369,1369,1369,1369,1369,1369,1369,1369,1369,1369,1369,1369,1369,1369,1369,1369,1369,1369,1369,1369,1369,1369,1369,1369,1369,1369,1369,1369,1369,1369,1369,1369,1369,1369,1369,1369,1369,1369,1369,1369,1369,1369,1369,0,0,0,0,0,0,0,0,0,0,0,0,0,0,0,0,0,0,0,0,943,945,946,948,949,2227,2228,2229,2230,2231,2232,2233,2234,,,,,,,,,,,,,,,,,,,,,,,,,,,,,
127,Hydra,1376,1375,1376,1377,1374,1374,1374,0,0,0,0,0,0,0,0,0,0,0,0,0,0,0,0,0,0,0,0,0,0,0,0,0,0,0,0,0,0,0,0,0,0,0,0,0,0,0,0,0,0,0,0,0,0,0,0,0,0,0,0,0,0,0,0,0,0,0,0,0,0,0,0,0,0,0,0,0,0,0,0,0,0,0,0,0,0,0,0,0,0,0,0,0,0,0,0,0,0,0,0,0,1379,1380,1381,1385,1286,1288,1287,1289,1290,1291,1292,1293,1294,1480,1481,1497,1482,1483,1484,1485,943,945,946,948,949,2227,2228,2229,2230,2231,2232,2233,2234,,,,,,,,,,,,,,,,,,,,,,,,,,,,,
128,Drakoran,1387,1387,1387,1392,1478,1478,1478,0,1387,1387,1387,1387,1387,1387,1387,1397,1398,1399,1387,1387,1387,1387,1387,1387,1387,1387,1387,1387,1387,1387,1387,1387,1387,1387,1387,1387,1387,1387,1387,1387,1387,1387,1387,1387,1387,1387,1387,1387,1387,1387,1387,1387,1387,1387,1387,1387,1387,1387,1387,1387,1387,1387,1387,1387,1387,1387,1387,1387,1387,1387,1387,1387,1387,1387,1387,1387,1387,1387,1387,1387,1387,1387,1387,1387,1387,1387,1387,1387,1387,1387,1387,1387,1387,1387,1387,1387,1387,1387,1387,1387,1387,1387,1387,1387,1286,1288,1287,1289,1290,1291,1292,1293,1294,1480,1481,1497,1482,1483,1484,1485,943,945,946,948,949,2227,2228,2229,2230,2231,2232,2233,2234,,,,,,,,,,,,,,,,,,,,,,,,,,,,,
129,Dilophasaur ,1401,1401,1401,1406,1405,1405,1405,0,1401,1401,1401,1401,1401,1401,1401,0,0,0,1401,1401,1401,1401,1401,1401,1401,1401,1401,1401,1401,1401,1401,1401,1401,1401,1401,1401,1401,1401,1401,1401,1401,1401,1401,1401,1401,1401,1401,1401,1401,1401,1401,1401,1401,1401,1401,1401,1401,1401,1401,1401,1401,1401,1401,1401,1401,1401,1401,1401,1401,1401,1401,1401,1401,1401,1401,1401,1401,1401,1401,1401,1401,1401,1401,1401,1401,1401,1401,1401,1401,1401,1401,1401,1401,1401,1401,1401,1401,1401,1401,1401,1401,1401,1401,1401,1286,1288,1287,1289,1290,1291,1292,1293,1294,1480,1481,1497,1482,1483,1484,1485,943,945,946,948,949,2227,2228,2229,2230,2231,2232,2233,2234,,,,,,,,,,,,,,,,,,,,,,,,,,,,,
130,Ghost,1411,1412,1411,1415,1413,1413,1413,0,1411,1412,1411,1412,1411,1412,1411,0,0,0,1411,1412,1411,1411,1412,1411,1411,1412,1411,1411,1412,1411,1411,1412,1411,1411,1412,1411,1411,1412,1411,1411,1412,1411,1411,1412,1411,1411,1412,1411,1411,1412,1411,1411,1412,1411,1411,1412,1411,1411,1412,1411,1411,1412,1411,1411,1412,1411,1411,1412,1411,1411,1412,1411,1411,1412,1411,1411,1412,1411,1411,1412,1411,1411,1412,1411,1411,1412,1411,1411,1412,1411,1411,1412,1411,1411,1412,1411,1411,1412,1411,1411,1412,1411,1411,1412,1286,1288,1287,1289,1290,1291,1292,1293,1294,1480,1481,1497,1482,1483,1484,1485,943,945,946,948,949,2227,2228,2229,2230,2231,2232,2233,2234,,,,,,,,,,,,,,,,,,,,,,,,,,,,,
131,Sporite,1426,1426,1426,1427,1425,1425,1425,0,1425,1425,1425,1425,1425,1425,1425,0,0,0,1425,1425,1425,1425,1425,1425,1425,1425,1425,1425,1425,1425,1425,1425,1425,1425,1425,1425,1425,1425,1425,1425,1425,1425,1425,1425,1425,1425,1425,1425,1425,1425,1425,1425,1425,1425,1425,1425,1425,1425,1425,1425,1425,1425,1425,1425,1425,1425,1425,1425,1425,1425,1425,1425,1425,1425,1425,1425,1425,1425,1425,1425,1425,1425,1425,1425,1425,1425,1425,1425,1425,1425,1425,1425,1425,1425,1425,1425,1425,1425,1425,1425,1425,1425,1425,1425,1286,1288,1287,1289,1290,1291,1292,1293,1294,1480,1481,1497,1482,1483,1484,1485,943,945,946,948,949,2227,2228,2229,2230,2231,2232,2233,2234,,,,,,,,,,,,,,,,,,,,,,,,,,,,,
132,Vinemass,1436,1436,1436,1437,1435,1435,1435,0,1436,1436,1436,1436,1436,1436,1436,0,0,0,1436,1436,1436,1436,1436,1436,1436,1436,1436,1436,1436,1436,1436,1436,1436,1436,1436,1436,1436,1436,1436,1436,1436,1436,1436,1436,1436,1436,1436,1436,1436,1436,1436,1436,1436,1436,1436,1436,1436,1436,1436,1436,1436,1436,1436,1436,1436,1436,1436,1436,1436,1436,1436,1436,1436,1436,1436,1436,1436,1436,1436,1436,1436,1436,1436,1436,1436,1436,1436,1436,1436,1436,1436,1436,1436,1436,1436,1436,1436,1436,1436,1436,1436,1436,1436,1436,1286,1288,1287,1289,1290,1291,1292,1293,1294,1480,1481,1497,1482,1483,1484,1485,943,945,946,948,949,2227,2228,2229,2230,2231,2232,2233,2234,,,,,,,,,,,,,,,,,,,,,,,,,,,,,
133,Octonid,1446,1446,1446,1446,1446,1446,1446,0,1446,1446,1446,1446,1446,1446,1446,0,0,0,1446,1446,1446,1446,1446,1446,1446,1446,1446,1446,1446,1446,1446,1446,1446,1446,1446,1446,1446,1446,1446,1446,1446,1446,1446,1446,1446,1446,1446,1446,1446,1446,1446,1446,1446,1446,1446,1446,1446,1446,1446,1446,1446,1446,1446,1446,1446,1446,1446,1446,1446,1446,1446,1446,1446,1446,1446,1446,1446,1446,1446,1446,1446,1446,1446,1446,1446,1446,1446,1446,1446,1446,1446,1446,1446,1446,1446,1446,1446,1446,1446,1446,1446,1446,1446,1446,1286,1288,1287,1289,1290,1291,1292,1293,1294,1480,1481,1497,1482,1483,1484,1485,943,945,946,948,949,2227,2228,2229,2230,2231,2232,2233,2234,,,,,,,,,,,,,,,,,,,,,,,,,,,,,
134,Stilter,1456,1456,1456,1457,1456,1456,1456,0,1456,1456,1456,1456,1456,1456,1456,0,0,0,1456,1456,1456,1456,1456,1456,1456,1456,1456,1456,1456,1456,1456,1456,1456,1456,1456,1456,1456,1456,1456,1456,1456,1456,1456,1456,1456,1456,1456,1456,1456,1456,1456,1456,1456,1456,1456,1456,1456,1456,1456,1456,1456,1456,1456,1456,1456,1456,1456,1456,1456,1456,1456,1456,1456,1456,1456,1456,1456,1456,1456,1456,1456,1456,1456,1456,1456,1456,1456,1456,1456,1456,1456,1456,1456,1456,1456,1456,1456,1456,1456,1456,1456,1456,1456,1456,1286,1288,1287,1289,1290,1291,1292,1293,1294,1480,1481,1497,1482,1483,1484,1485,943,945,946,948,949,2227,2228,2229,2230,2231,2232,2233,2234,,,,,,,,,,,,,,,,,,,,,,,,,,,,,
135,Frost Giant,1466,1467,1466,1468,1465,1465,1465,0,1466,1467,1466,1467,1466,1467,1466,1474,1475,1476,1466,1467,1466,1467,1466,1467,1466,1467,1466,1467,1466,1467,1466,1467,1466,1467,1466,1467,1466,1467,1466,1467,1466,1467,1466,1467,1466,1467,1466,1467,1466,1467,1466,1467,1466,1467,1466,1467,1466,1467,1466,1467,1466,1467,1466,1467,1466,1467,1466,1467,1466,1467,1466,1467,1466,1467,1466,1467,1466,1467,1466,1467,1466,1467,1466,1467,1466,1467,1466,1467,1466,1467,1466,1467,1466,1467,1466,1467,1466,1467,1466,1467,1466,1467,1466,1467,1286,1288,1287,1289,1290,1291,1292,1293,1294,1480,1481,1497,1482,1483,1484,1485,943,945,946,948,949,2227,2228,2229,2230,2231,2232,2233,2234,,,,,,,,,,,,,,,,,,,,,,,,,,,,,
136,Zombie Crawling,1486,1487,1486,1490,1488,1488,1488,0,1486,1487,1486,1487,1486,1487,1486,0,0,0,1486,1487,1486,1487,1486,1487,1486,1487,1486,1487,1486,1487,1486,1487,1486,1487,1486,1487,1486,1487,1486,1487,1486,1487,1486,1487,1486,1487,1486,1487,1486,1487,1486,1487,1486,1487,1486,1487,1486,1487,1486,1487,1486,1487,1486,1487,1486,1487,1486,1487,1486,1487,1486,1487,1486,1487,1486,1487,1486,1487,1486,1487,1486,1487,1486,1487,1486,1487,1486,1487,1486,1487,1486,1487,1486,1487,1486,1487,1486,1487,1486,1487,1486,1487,1486,1487,1486,1487,1486,1487,1486,1487,1486,1487,1486,1487,1481,1497,1482,1487,1486,1487,943,945,946,948,949,2227,2228,2229,2230,2231,2232,2233,2234,,,,,,,,,,,,,,,,,,,,,,,,,,,,,
137,Thrawn Ogre,1360,1361,1360,1362,1359,1359,1359,0,354,355,356,357,358,359,364,1498,1499,1500,347,348,349,397,398,399,216,419,420,418,422,438,421,440,439,449,444,443,462,446,445,463,448,447,423,424,425,426,427,428,429,430,431,432,434,435,433,436,437,416,417,415,487,488,489,490,491,93,94,95,91,128,145,146,147,148,194,195,196,197,198,199,282,492,493,558,559,560,561,562,563,564,566,1351,1350,1351,1353,1352,1353,1355,1354,1355,1379,1380,1381,1385,1286,1288,1287,1289,1290,1291,1292,1293,1294,1480,1481,1497,1482,1483,1484,1485,943,945,946,948,949,2227,2228,2229,2230,2231,2232,2233,2234,,,,,,,,,,,,,,,,,,,,,,,,,,,,,
138,Fengundar,1502,1503,1502,1506,1504,1504,1504,0,1502,1503,1502,1503,1502,1503,1502,0,0,0,1502,1503,1502,1503,1502,1503,1502,1503,1502,1503,1502,1503,1502,1503,1502,1503,1502,1503,1502,1503,1502,1503,1502,1503,1502,1503,1502,1503,1502,1503,1502,1503,1502,1503,1502,1503,1502,1503,1502,1503,1502,1503,1502,1503,1502,1503,1502,1503,1502,1503,1502,1503,1502,1503,1502,1503,1502,1503,1502,1503,1502,1503,1502,1503,1502,1503,1502,1503,1502,1503,1502,1503,1502,1503,1502,1503,1502,1503,1502,1503,1502,1503,1502,1503,1502,1503,1502,1503,1502,1503,1502,1503,1502,1503,1502,1503,1502,1503,1502,1503,1502,1503,943,945,946,948,949,2227,2228,2229,2230,2231,2232,2233,2234,,,,,,,,,,,,,,,,,,,,,,,,,,,,,
139,Beckoner,1513,1513,1513,1506,1504,1504,1504,0,1513,1513,1513,1513,1513,1513,1513,0,0,0,1513,1513,1513,1513,1513,1513,1513,1513,1513,1513,1513,1513,1513,1513,1513,1513,1513,1513,1513,1513,1513,1513,1513,1513,1513,1513,1513,1513,1513,1513,1513,1513,1513,1513,1513,1513,1513,1513,1513,1513,1513,1513,1513,1513,1513,1513,1513,1513,1513,1513,1513,1513,1513,1513,1513,1513,1513,1513,1513,1513,1513,1513,1513,1513,1513,1513,1513,1513,1513,1513,1513,1513,1513,1513,1513,1513,1513,1513,1513,1513,1513,1513,1513,1513,1513,1513,1513,1513,1513,1513,1513,1513,1513,1513,1513,1513,1513,1513,1513,1513,1513,1513,943,945,946,948,949,2227,2228,2229,2230,2231,2232,2233,2234,,,,,,,,,,,,,,,,,,,,,,,,,,,,,
140,Griffman,983,983,983,986,1479,1479,1479,0,983,983,983,983,983,983,983,0,0,0,983,983,983,983,983,983,983,983,983,983,983,983,983,983,983,983,983,983,983,983,983,983,983,983,983,983,983,983,983,983,983,983,983,983,983,983,983,983,983,983,983,983,983,983,983,983,983,983,983,983,983,983,983,983,983,983,983,983,983,983,983,983,983,983,983,983,983,983,983,983,983,983,983,1351,1350,1351,1353,1352,1353,1355,1354,1355,1379,1380,1381,1385,1286,1288,1287,1289,1290,1291,1292,1293,1294,1480,1481,1497,1482,1483,1484,1485,943,945,946,948,949,2227,2228,2229,2230,2231,2232,2233,2234,,,,,,,,,,,,,,,,,,,,,,,,,,,,,
141,Grazer,1515,1515,1515,1518,1516,1516,1516,0,1515,1515,1515,1515,1515,1515,1515,0,0,0,1515,1515,1515,1515,1515,1515,1515,1515,1515,1515,1515,1515,1515,1515,1515,1515,1515,1515,1515,1515,1515,1515,1515,1515,1515,1515,1515,1515,1515,1515,1515,1515,1515,1515,1515,1515,1515,1515,1515,1515,1515,1515,1515,1515,1515,1515,1515,1515,1515,1515,1515,1515,1515,1515,1515,1515,1515,1515,1515,1515,1515,1515,1515,1515,1515,1515,1515,1515,1515,1515,1515,1515,1515,1515,1515,1515,1515,1515,1515,1515,1515,1515,1515,1515,1515,1515,1515,1515,1515,1515,1515,1515,1515,1515,1515,1515,1515,1515,1515,1515,1515,1515,943,945,946,948,949,2227,2228,2229,2230,2231,2232,2233,2234,,,,,,,,,,,,,,,,,,,,,,,,,,,,,
142,Ice Queen,1523,1524,1523,1527,1525,1525,1525,0,1523,1524,1523,1524,1523,1524,1523,0,0,0,1523,1524,1523,1524,1523,1524,1523,1524,1523,1524,1523,1524,1523,1524,1523,1524,1523,1524,1523,1524,1523,1524,1523,1524,1523,1524,1523,1524,1523,1524,1523,1524,1523,1524,1523,1524,1523,1524,1523,1524,1523,1524,1523,1524,1523,1524,1523,1524,1523,1524,1523,1524,1523,1524,1523,1524,1523,1524,1523,1524,1523,1524,1523,1524,1523,1524,1523,1524,1523,1524,1523,1524,1523,1524,1523,1524,1523,1524,1523,1524,1523,1524,1523,1524,1523,1524,1523,1524,1523,1524,1523,1524,1523,1524,1523,1524,1523,1524,1523,1524,1523,1524,943,945,946,948,949,2227,2228,2229,2230,2231,2232,2233,2234,,,,,,,,,,,,,,,,,,,,,,,,,,,,,
143,Red Cap NO WEAP,782,783,782,789,787,787,787,0,782,783,782,783,782,783,782,0,0,0,782,783,782,783,782,783,782,783,782,783,782,783,782,783,782,783,782,783,782,783,782,783,782,783,782,783,782,783,782,783,782,783,782,783,782,783,782,783,782,783,782,783,782,783,782,783,782,783,782,783,782,783,782,783,782,783,782,783,782,783,782,783,782,783,782,783,782,783,782,783,782,783,782,1351,1350,1351,1353,1352,1353,1355,1354,1355,1379,1380,1381,1385,1286,1288,1287,1289,1290,1291,1292,1293,1294,1480,1481,1497,1482,1483,1484,1485,943,945,946,948,949,2227,2228,2229,2230,2231,2232,2233,2234,,,,,,,,,,,,,,,,,,,,,,,,,,,,,
144,Animist Giant,1270,1271,1270,1274,1272,1272,1272,0,1270,1271,1270,1271,1270,1271,1270,1282,1283,1284,1270,1271,1270,1271,1270,1271,1270,1271,1270,1271,1270,1271,1270,1271,1270,1271,1270,1271,1270,1271,1270,1271,1270,1271,1270,1271,1270,1271,1270,1271,1270,1271,1270,1271,1270,1271,1270,1271,1270,1271,1270,1271,1270,1271,1270,1271,1270,1271,1270,1271,1270,1271,1270,1271,1270,1271,1270,1271,1270,1271,1270,1271,1270,1271,1270,1271,1270,1271,1270,1271,1270,1271,1270,1351,1350,1351,1353,1352,1353,1355,1354,1355,1379,1380,1381,1385,1286,1288,1287,1289,1290,1291,1292,1293,1294,1480,1481,1497,1482,1483,1484,1485,943,945,946,948,949,2227,2228,2229,2230,2231,2232,2233,2234,,,,,,,,,,,,,,,,,,,,,,,,,,,,,
145,Armored Skeleton,384,378,379,225,214,360,361,362,354,355,356,357,358,359,364,375,376,377,384,378,379,384,378,379,384,378,379,384,378,379,384,378,379,384,378,379,384,378,379,384,378,379,384,378,379,384,378,379,384,378,379,384,378,379,384,378,379,384,378,379,384,378,379,384,378,379,384,378,379,384,378,379,384,378,379,384,378,379,384,378,379,384,378,379,384,378,379,384,378,379,384,378,379,384,378,379,384,378,379,384,378,379,384,378,379,384,378,379,384,378,379,384,378,379,384,378,379,384,378,379,384,378,379,384,378,2227,2228,2229,2230,2231,2232,2233,2234,,,,,,,,,,,,,,,,,,,,,,,,,,,,,
146,Twisted Sylvan,922,921,922,1536,923,923,923,0,921,922,921,922,921,922,921,0,0,0,921,922,921,922,921,922,921,922,921,922,921,922,921,922,921,922,921,922,921,922,921,922,921,922,921,922,921,922,921,922,921,922,921,922,921,922,921,922,921,922,921,922,921,922,921,922,921,922,921,922,921,922,921,922,921,922,921,922,921,922,921,922,921,922,921,922,921,922,921,922,921,922,921,1351,1350,1351,1353,1352,1353,1355,1354,1355,1379,1380,1381,1385,1286,1288,1287,1289,1290,1291,1292,1293,1294,1480,1481,1497,1482,1483,1484,1485,943,945,946,948,949,2227,2228,2229,2230,2231,2232,2233,2234,,,,,,,,,,,,,,,,,,,,,,,,,,,,,
147, Old Man,384,378,379,385,383,360,361,362,354,355,356,357,358,359,364,375,376,377,347,348,349,397,398,399,216,419,420,418,422,438,421,440,439,449,444,443,615,446,445,616,448,447,572,573,574,575,576,581,582,583,583,585,587,588,586,436,437,416,417,415,637,638,639,640,641,93,94,95,91,128,145,146,147,148,194,195,196,197,198,199,282,492,493,558,559,560,561,562,563,564,566,1351,1350,1351,1353,1352,1353,1355,1354,1355,1379,1380,1381,1385,1286,1288,1287,1289,1290,1291,1292,1293,1294,1480,1481,1497,1482,1483,1484,1485,943,945,946,948,949,2227,2228,2229,2230,2231,2232,2233,2234,,,,,,,,,,,,,,,,,,,,,,,,,,,,,
148,Old Woman,384,378,379,385,383,494,495,362,354,355,356,357,358,359,364,375,376,377,347,348,349,397,398,399,216,419,420,418,422,438,421,440,439,449,444,443,612,446,445,613,448,447,423,424,425,426,427,428,429,430,431,432,434,435,433,436,437,416,417,415,487,488,489,490,491,93,94,95,91,128,145,146,147,148,194,195,196,197,198,199,282,492,493,558,559,560,561,562,563,564,566,1351,1350,1351,1353,1352,1353,1355,1354,1355,1379,1380,1381,1385,1286,1288,1287,1289,1290,1291,1292,1293,1294,1480,1481,1497,1482,1483,1484,1485,943,945,946,948,949,2227,2228,2229,2230,2231,2232,2233,2234,,,,,,,,,,,,,,,,,,,,,,,,,,,,,
149,Barracuda,1567,1567,1567,1570,1568,0,0,0,0,0,0,0,0,0,0,0,0,0,0,0,0,0,0,0,0,0,0,0,0,0,0,0,0,0,0,0,0,0,0,0,0,0,0,0,0,0,0,0,0,0,0,0,0,0,0,0,0,0,0,0,0,0,0,0,0,0,0,0,0,0,0,0,0,0,0,0,0,0,0,0,0,0,0,0,0,0,0,0,0,0,0,0,0,0,0,0,0,0,0,0,0,0,0,0,0,0,0,0,0,0,0,0,0,0,0,0,0,0,0,0,0,0,0,0,0,2227,2228,2229,2230,2231,2232,2233,2234,,,,,,,,,,,,,,,,,,,,,,,,,,,,,
150,Dread Shark,1574,1574,1574,1577,1575,0,0,0,0,0,0,0,0,0,0,0,0,0,0,0,0,0,0,0,0,0,0,0,0,0,0,0,0,0,0,0,0,0,0,0,0,0,0,0,0,0,0,0,0,0,0,0,0,0,0,0,0,0,0,0,0,0,0,0,0,0,0,0,0,0,0,0,0,0,0,0,0,0,0,0,0,0,0,0,0,0,0,0,0,0,0,0,0,0,0,0,0,0,0,0,0,0,0,0,0,0,0,0,0,0,0,0,0,0,0,0,0,0,0,0,0,0,0,0,0,2227,2228,2229,2230,2231,2232,2233,2234,,,,,,,,,,,,,,,,,,,,,,,,,,,,,
151,Octopussy,1581,1582,1581,1604,1583,0,0,0,0,0,0,0,0,0,0,0,0,0,0,0,0,0,0,0,0,0,0,0,0,0,0,0,0,0,0,0,0,0,0,0,0,0,0,0,0,0,0,0,0,0,0,0,0,0,0,0,0,0,0,0,0,0,0,0,0,0,0,0,0,0,0,0,0,0,0,0,0,0,0,0,0,0,0,0,0,0,0,0,0,0,0,0,0,0,0,0,0,0,0,0,0,0,0,0,0,0,0,0,0,0,0,0,0,0,0,0,0,0,0,0,0,0,0,0,0,2227,2228,2229,2230,2231,2232,2233,2234,,,,,,,,,,,,,,,,,,,,,,,,,,,,,
152,Shark,1595,1593,1595,1590,1588,1595,1593,1595,1593,1595,1593,1595,1593,1595,1593,1595,1593,1595,1593,1595,1593,1595,1593,1595,1593,1595,1593,1595,1593,1595,1593,1595,1593,1595,1593,1595,1593,1595,1593,1595,1593,1595,1593,1595,1593,1595,1593,1595,1593,1595,1593,1595,1593,1595,1593,1595,1593,1595,1593,1595,1593,1595,1593,1595,1593,1595,1593,1595,1593,1595,1593,1595,1593,1595,1593,1595,1593,1595,1593,1595,1593,1595,1593,1595,1593,1595,1593,1595,1593,1595,1593,1595,1593,1595,1593,1595,1593,1595,1593,1595,1593,1595,1593,1595,1593,1595,1593,1595,1593,1595,1593,1595,1593,1595,1593,1595,1593,1595,1593,1595,1593,1595,1593,1595,1593,1593,1593,1593,1593,1593,1593,1593,1593,,,,,,,,,,,,,,,,,,,,,,,,,,,,,
153,Hammerhead,1596,1597,1596,1600,1598,0,0,0,0,0,0,0,0,0,0,0,0,0,0,0,0,0,0,0,0,0,0,0,0,0,0,0,0,0,0,0,0,0,0,0,0,0,0,0,0,0,0,0,0,0,0,0,0,0,0,0,0,0,0,0,0,0,0,0,0,0,0,0,0,0,0,0,0,0,0,0,0,0,0,0,0,0,0,0,0,0,0,0,0,0,0,0,0,0,0,0,0,0,0,0,0,0,0,0,0,0,0,0,0,0,0,0,0,0,0,0,0,0,0,0,0,0,0,0,0,2227,2228,2229,2230,2231,2232,2233,2234,,,,,,,,,,,,,,,,,,,,,,,,,,,,,
154,Cetus,1683,1683,1683,1686,1684,0,0,0,0,0,0,0,0,0,0,0,0,0,0,0,0,0,0,0,0,0,0,0,0,0,0,0,0,0,0,0,0,0,0,0,0,0,0,0,0,0,0,0,0,0,0,0,0,0,0,0,0,0,0,0,0,0,0,0,0,0,0,0,0,0,0,0,0,0,0,0,0,0,0,0,0,0,0,0,0,0,0,0,0,0,0,0,0,0,0,0,0,0,0,0,0,0,0,0,0,0,0,0,0,0,0,0,0,0,0,0,0,0,0,0,0,0,0,0,0,2227,2228,2229,2230,2231,2232,2233,2234,,,,,,,,,,,,,,,,,,,,,,,,,,,,,
155,Stingray,1782,1781,1782,1778,1780,0,0,0,0,0,0,0,0,0,0,0,0,0,0,0,0,0,0,0,0,0,0,0,0,0,0,0,0,0,0,0,0,0,0,0,0,0,0,0,0,0,0,0,0,0,0,0,0,0,0,0,0,0,0,0,0,0,0,0,0,0,0,0,0,0,0,0,0,0,0,0,0,0,0,0,0,0,0,0,0,0,0,0,0,0,0,0,0,0,0,0,0,0,0,0,0,0,0,0,0,0,0,0,0,0,0,0,0,0,0,0,0,0,0,0,0,0,0,0,0,2227,2228,2229,2230,2231,2232,2233,2234,,,,,,,,,,,,,,,,,,,,,,,,,,,,,
156,Triton,1784,1785,1784,1789,1783,1783,1783,1783,1786,1786,1786,1786,1786,1786,1783,1792,1793,1794,1784,1785,1786,1784,1785,1786,1784,1785,1786,1784,1785,1786,1784,1785,1786,1784,1785,1786,1784,1785,1786,1784,1785,1786,1784,1785,1786,1784,1786,1786,1786,1785,1786,1784,1785,1786,1784,1785,1786,1784,1785,1786,1784,1785,1786,1784,1785,1786,1784,1785,1786,1784,1785,1786,1784,1785,1786,1784,1785,1786,1784,1785,1786,1784,1785,1786,1784,1785,1786,1784,1785,1786,1784,1785,1786,1784,1785,1786,1784,1785,1786,1784,1785,1786,1784,1785,1783,1785,1784,1785,1784,1785,1784,1785,1784,1783,1784,1785,1784,1785,1784,1785,1784,1785,1784,1785,1784,2227,2228,2229,2230,2231,2232,2233,2234,,,,,,,,,,,,,,,,,,,,,,,,,,,,,
157,Nereid,1786,1786,1786,1789,1783,1783,1783,1783,1786,1786,1786,1786,1786,1786,1783,1792,1793,1794,1786,1786,1786,1786,1786,1786,1786,1786,1786,1786,1786,1786,1786,1786,1786,1786,1786,1786,1786,1786,1786,1786,1786,1786,1786,1786,1786,1786,1786,1786,1786,1786,1786,1786,1786,1786,1786,1786,1786,1786,1786,1786,1786,1786,1786,1786,1786,1786,1786,1786,1786,1786,1786,1786,1786,1786,1786,1786,1786,1786,1786,1786,1786,1786,1786,1786,1786,1786,1786,1786,1786,1786,1786,1786,1786,1786,1786,1786,1786,1786,1786,1786,1786,1786,1786,1786,1783,1786,1786,1786,1786,1786,1786,1786,1786,1783,1786,1786,1786,1786,1786,1786,1786,1786,1786,1786,1786,2227,2228,2229,2230,2231,2232,2233,2234,,,,,,,,,,,,,,,,,,,,,,,,,,,,,
158,Eel,1808,1808,1808,1811,1809,0,0,0,0,0,0,0,0,0,0,0,0,0,0,0,0,0,0,0,0,0,0,0,0,0,0,0,0,0,0,0,0,0,0,0,0,0,0,0,0,0,0,0,0,0,0,0,0,0,0,0,0,0,0,0,0,0,0,0,0,0,0,0,0,0,0,0,0,0,0,0,0,0,0,0,0,0,0,0,0,0,0,0,0,0,0,0,0,0,0,0,0,0,0,0,0,0,0,0,0,0,0,0,0,0,0,0,0,0,0,0,0,0,0,0,0,0,0,0,0,2227,2228,2229,2230,2231,2232,2233,2234,,,,,,,,,,,,,,,,,,,,,,,,,,,,,
159,Hoplite/Amazon,1823,1822,1823,1821,1820,0,0,0,0,0,0,0,0,0,0,1825,1826,1827,1823,1822,1823,1822,1823,1822,1823,1822,1823,1822,1823,1822,1823,1822,1823,1822,1823,1822,1823,1822,1823,1822,1823,1822,1823,1822,1823,1822,1823,1822,1823,1822,1823,1822,1823,1822,1823,1822,1823,1822,1823,1822,1823,1822,1823,1822,1823,1822,1823,1822,1823,1822,1823,1822,1823,1822,1823,1822,1823,1822,1823,1822,1823,1822,1823,1822,1823,1822,1823,1822,1823,1822,1823,1822,1823,1822,1823,1822,1823,1822,1823,1822,1823,1822,1823,1822,1286,1288,1287,1289,1290,1291,1292,1293,1294,1480,1481,1497,1482,1483,1484,1485,943,945,946,948,949,2227,2228,2229,2230,2231,2232,2233,2234,,,,,,,,,,,,,,,,,,,,,,,,,,,,,
160,Hoplite/Amazon Lt,1823,1822,1823,1821,1820,0,0,0,0,0,0,0,0,0,0,1825,1826,1827,1823,1822,1823,1822,1823,1822,1823,1822,1823,1822,1823,1822,1823,1822,1823,1822,1823,1822,1823,1822,1823,1822,1823,1822,1823,1822,1823,1822,1823,1822,1823,1822,1823,1822,1823,1822,1823,1822,1823,1822,1823,1822,1823,1822,1823,1822,1823,1822,1823,1822,1823,1822,1823,1822,1823,1822,1823,1822,1823,1822,1823,1822,1823,1822,1823,1822,1823,1822,1823,1822,1823,1822,1823,1822,1823,1822,1823,1822,1823,1822,1823,1822,1823,1822,1823,1822,1286,1288,1287,1289,1290,1291,1292,1293,1294,1480,1481,1497,1482,1483,1484,1485,943,945,946,948,949,2227,2228,2229,2230,2231,2232,2233,2234,,,,,,,,,,,,,,,,,,,,,,,,,,,,,
161,Harpy,1839,1839,1839,1840,1838,0,0,0,0,0,0,0,0,0,0,0,0,0,0,0,0,0,0,0,0,0,0,0,0,0,0,0,0,0,0,0,0,0,0,0,0,0,0,0,0,0,0,0,0,0,0,0,0,0,0,0,0,0,0,0,0,0,0,0,0,0,0,0,0,0,0,0,0,0,0,0,0,0,0,0,0,0,0,0,0,0,0,0,0,0,0,0,0,0,0,0,0,0,0,0,0,0,0,0,0,0,0,0,0,0,0,0,0,0,0,0,0,0,0,0,0,0,0,0,0,2227,2228,2229,2230,2231,2232,2233,2234,,,,,,,,,,,,,,,,,,,,,,,,,,,,,
162,Fishies,0,0,0,0,0,0,0,0,0,0,0,0,0,0,0,0,0,0,0,0,0,0,0,0,0,0,0,0,0,0,0,0,0,0,0,0,0,0,0,0,0,0,0,0,0,0,0,0,0,0,0,0,0,0,0,0,0,0,0,0,0,0,0,0,0,0,0,0,0,0,0,0,0,0,0,0,0,0,0,0,0,0,0,0,0,0,0,0,0,0,0,0,0,0,0,0,0,0,0,0,0,0,0,0,0,0,0,0,0,0,0,0,0,0,0,0,0,0,0,0,0,0,0,0,0,2227,2228,2229,2230,2231,2232,2233,2234,,,,,,,,,,,,,,,,,,,,,,,,,,,,,
163,Atlantis Crab,548,548,548,551,549,548,548,548,548,548,548,548,548,548,548,548,548,548,548,548,548,548,548,548,548,548,548,548,548,548,548,548,548,548,548,548,548,548,548,548,548,548,548,548,548,548,548,548,548,548,548,548,548,548,548,548,548,548,548,548,548,548,548,548,548,548,548,548,548,548,548,548,548,548,548,548,548,548,548,548,548,548,548,548,548,548,548,548,548,548,548,548,548,548,548,548,548,548,548,548,548,548,548,548,548,548,548,548,548,548,548,548,548,548,548,548,548,548,548,548,548,548,548,548,548,2227,2228,2229,2230,2231,2232,2233,2234,,,,,,,,,,,,,,,,,,,,,,,,,,,,,
164,Half Ogre Male,384,378,379,385,383,360,361,362,354,355,356,357,358,359,364,375,376,377,347,348,349,397,398,399,216,419,420,418,422,438,421,440,439,449,444,443,462,446,445,463,448,447,423,424,425,426,427,428,429,430,431,432,434,435,433,436,437,416,417,415,487,488,489,490,491,93,94,95,91,128,145,146,147,148,194,195,196,197,198,199,282,492,493,558,559,560,561,562,563,564,566,1351,1350,1351,1353,1352,1353,1355,1354,1355,1379,1380,1381,1385,1286,1288,1287,1289,1290,1291,1292,1293,1294,1480,1481,1497,1482,1483,1484,1485,943,945,946,948,949,2227,2228,2229,2230,2231,2232,2233,2234,,3602,3604,3603,3601,3868,3869,3865,,,,,,,,,,,,,,,,,,,,,
165,Half Ogre Female,384,378,379,385,383,494,495,362,354,355,356,357,358,359,364,375,376,377,347,348,349,397,398,399,216,419,420,418,422,438,421,440,439,449,444,443,462,446,445,463,448,447,423,424,425,426,427,428,429,430,431,432,434,435,433,436,437,416,417,415,487,488,489,490,491,93,94,95,91,128,145,146,147,148,194,195,196,197,198,199,282,492,493,558,559,560,561,562,563,564,566,1351,1350,1351,1353,1352,1353,1355,1354,1355,1379,1380,1381,1385,1286,1288,1287,1289,1290,1291,1292,1293,1294,1480,1481,1497,1482,1483,1484,1485,943,945,946,948,949,2227,2228,2229,2230,2231,2232,2233,2234,,3602,3604,3603,3601,3868,3869,3865,,,,,,,,,,,,,,,,,,,,,
166,Skele Test,384,378,379,385,383,360,361,362,354,355,356,357,358,359,364,375,376,377,347,348,349,397,398,399,216,419,420,418,422,438,421,440,439,449,444,443,631,384,384,378,379,384,378,379,384,378,379,384,378,379,384,378,379,384,378,379,379,416,417,415,656,657,658,#REF!,659,93,94,95,91,128,145,146,147,148,194,195,196,197,198,199,384,378,379,558,559,560,561,562,563,564,566,1351,1350,1351,1353,1352,1353,1355,1354,1355,1379,1380,1381,1385,1286,1288,1287,1289,1290,1291,1292,1293,1294,1480,1481,1497,1482,1483,1484,1485,943,945,946,948,949,2227,2228,2229,2230,2231,2232,2233,2234,,,,,,,,,,,,,,,,,,,,,,,,,,,,,
167,Anubite/Mau/Setian,1858,1858,1857,1859,1856,1856,1856,1856,1858,1857,1858,1857,1858,1857,1856,1867,1868,1869,1857,1858,1857,1858,1857,1858,1857,1858,1858,1857,1858,1858,1857,1858,1858,1857,1858,1858,1857,1858,1858,1857,1858,1858,1857,1858,1858,1857,1858,1858,1857,1858,1858,1857,1858,1858,1857,1858,1858,1857,1858,1858,1857,1858,1858,1857,1858,1858,1858,1857,1858,1858,1858,1857,1858,1858,1858,1857,1858,1858,1858,1857,1858,1858,1858,1857,1858,1858,1858,1857,1858,1858,1858,1857,1858,1858,1858,1857,1858,1858,1858,1857,1858,1858,1858,1857,1858,1858,1858,1857,1858,1858,1858,1857,1858,1858,1858,1857,1858,1858,1858,1857,1858,1858,1858,1857,1858,2227,2228,2229,2230,2231,2232,2233,2234,,,,,,,,,,,,,,,,,,,,,,,,,,,,,
168,Horian/NehebKau/Sobe,1872,1872,1871,1873,1870,1870,1870,1870,354,355,356,357,358,359,1870,1881,1882,1883,347,348,349,397,1884,1885,1886,1872,1872,1871,1872,1872,1871,1872,1872,1871,1872,1872,1871,1872,1872,1871,1872,1872,1871,1872,1872,1871,1872,1872,1871,1872,1872,1871,1872,1872,1871,1872,1872,1871,1872,1872,1871,1872,1872,1871,1872,1872,1872,1871,1872,1872,1872,1871,1872,1872,1872,1871,1872,1872,1872,1871,1872,1872,1872,1871,1872,1872,1872,1871,1872,1872,1872,1871,1872,1872,1872,1871,1872,1872,1872,1871,1872,1872,1872,1871,1872,1872,1872,1871,1872,1872,1872,1871,1872,1872,1872,1871,1872,1872,1872,1871,1872,1872,1872,1871,1872,2227,2228,2229,2230,2231,2232,2233,2234,,,,,,,,,,,,,,,,,,,,,,,,,,,,,
169,Ammut,1888,1888,1888,1889,1887,1887,1887,1887,354,355,356,357,358,359,1870,1881,1882,1883,347,348,349,397,1884,1885,1886,1888,1888,1888,1888,1888,1888,1888,1888,1888,1888,1888,1888,1888,1888,1888,1888,1888,1888,1888,1888,1888,1888,1888,1888,1888,1888,1888,1888,1888,1888,1888,1888,1888,1888,1888,1888,1888,1888,1888,1888,1888,1888,1888,1888,1888,1888,1888,1888,1888,1888,1888,1888,1888,1888,1888,1888,1888,1888,1888,1888,1888,1888,1888,1888,1888,1888,1888,1888,1888,1888,1888,1888,1888,1888,1888,1888,1888,1888,1888,1888,1888,1888,1888,1888,1888,1888,1888,1888,1888,1888,1888,1888,1888,1888,1888,1888,1888,1888,1888,1888,2227,2228,2229,2230,2231,2232,2233,2234,,,,,,,,,,,,,,,,,,,,,,,,,,,,,
170,Typhon,1896,1896,1896,1897,1895,0,0,0,0,0,0,0,0,0,0,0,0,0,0,0,0,0,0,0,0,0,0,0,0,0,0,0,0,0,0,0,0,0,0,0,0,0,0,0,0,0,0,0,0,0,0,0,0,0,0,0,0,0,0,0,0,0,0,0,0,0,0,0,0,0,0,0,0,0,0,0,0,0,0,0,0,0,0,0,0,0,0,0,0,0,0,0,0,0,0,0,0,0,0,0,0,0,0,0,0,0,0,0,0,0,0,0,0,0,0,0,0,0,0,0,0,0,0,0,0,2227,2228,2229,2230,2231,2232,2233,2234,,,,,,,,,,,,,,,,,,,,,,,,,,,,,
171,Nehebkau,1905,1904,1905,1908,1906,0,0,0,1905,1904,1905,1904,1905,1904,1905,1904,1905,1904,1905,1904,1905,1904,1905,1904,1905,1904,1905,1904,1905,1904,1905,1904,1905,1904,1905,1904,1905,1904,1905,1904,1905,1904,1905,1904,1905,1904,1905,1904,1905,1904,1905,1904,1905,1904,1905,1904,1905,1904,1905,1904,1905,1904,1905,1904,1905,1904,1905,1904,1905,1904,1905,1904,1905,1904,1905,1904,1905,1904,1905,1904,1905,1904,1905,1904,1905,1904,1905,1904,1905,1904,1905,1904,1905,1904,1905,1904,1905,1904,1905,1904,1905,1904,1905,1904,1905,1904,1905,1904,1905,1904,1905,1904,1905,1904,1905,1904,1905,1904,1905,1904,1905,1904,1905,1904,1905,2227,2228,2229,2230,2231,2232,2233,2234,,,,,,,,,,,,,,,,,,,,,,,,,,,,,
172,Sobekite,1916,1915,1916,1922,1920,1920,1920,1920,1916,1915,1916,1915,1916,1915,1920,1884,1885,1886,1916,1915,1916,1915,1916,1915,1916,1915,1916,1915,1916,1915,1916,1915,1916,1915,1916,1915,1916,1915,1916,1915,1916,1915,1916,1915,1916,1915,1916,1915,1916,1915,1916,1915,1916,1915,1916,1915,1916,1915,1916,1915,1916,1915,1916,1915,1916,1915,1916,1915,1916,1915,1916,1915,1916,1915,1916,1915,1916,1915,1916,1915,1916,1915,1916,1915,1916,1915,1916,1915,1916,1915,1916,1915,1916,1915,1916,1915,1916,1915,1916,1915,1916,1915,1916,1915,1916,1915,1916,1915,1916,1915,1916,1915,1916,1915,1916,1915,1916,1915,1916,1915,1916,1915,1916,1915,1916,1920,1920,1920,1920,1920,1920,1920,1920,,,,,,,,,,,,,,,,,,,,,,,,,,,,,
173,Setian,1926,1925,1926,1929,1927,1927,1927,1927,1926,1925,1926,1925,1926,1925,1926,1867,1868,1869,1926,1925,1926,1925,1926,1925,1926,1925,1926,1925,1926,1925,1926,1925,1926,1925,1926,1925,1926,1925,1926,1925,1926,1925,1926,1925,1926,1925,1926,1925,1926,1925,1926,1925,1926,1925,1926,1925,1926,1925,1926,1925,1926,1925,1926,1925,1926,1925,1926,1925,1926,1925,1926,1925,1926,1925,1926,1925,1926,1925,1926,1925,1926,1925,1926,1925,1926,1925,1926,1925,1926,1925,1926,1925,1926,1925,1926,1925,1926,1925,1926,1925,1926,1925,1926,1925,1926,1925,1926,1925,1926,1925,1926,1925,1926,1925,1926,1925,1926,1925,1926,1925,1926,1925,1926,1925,1926,2227,2228,2229,2230,2231,2232,2233,2234,,,,,,,,,,,,,,,,,,,,,,,,,,,,,
174,Frostalf Male,384,378,379,385,383,360,361,362,354,355,356,357,358,359,364,375,376,377,347,348,349,397,398,399,216,419,420,418,422,438,421,440,439,449,444,443,462,446,445,463,448,447,423,424,425,426,427,428,429,430,431,432,434,435,433,436,437,416,417,415,487,488,489,490,491,93,94,95,91,128,145,146,147,148,194,195,196,197,198,199,282,492,493,558,559,560,561,562,563,564,566,1351,1350,1351,1353,1352,1353,1355,1354,1355,1379,1380,1381,1385,1286,1288,1287,1289,1290,1291,1292,1293,1294,1480,1481,1497,1482,1483,1484,1485,943,945,946,948,949,2227,2228,2229,2230,2231,2232,2233,2234,,3602,3604,3603,3601,3868,3869,3865,,,,,,,,,,,,,,,,,,,,,
175,Frostalf Female,384,378,379,385,383,494,495,362,354,355,356,357,358,359,364,375,376,377,347,348,349,397,398,399,216,419,420,418,422,438,421,440,439,449,444,443,462,446,445,463,448,447,423,424,425,426,427,428,429,430,431,432,434,435,433,436,437,416,417,415,487,488,489,490,491,93,94,95,91,128,145,146,147,148,194,195,196,197,198,199,282,492,493,558,559,560,561,562,563,564,566,1351,1350,1351,1353,1352,1353,1355,1354,1355,1379,1380,1381,1385,1286,1288,1287,1289,1290,1291,1292,1293,1294,1480,1481,1497,1482,1483,1484,1485,943,945,946,948,949,2227,2228,2229,2230,2231,2232,2233,2234,,3602,3604,3603,3601,3868,3869,3865,,,,,,,,,,,,,,,,,,,,,
176,Sphinx,1947,1948,1947,1949,1946,1946,1946,1946,1947,1948,1947,1948,1947,1948,1947,1948,1947,1948,1947,1948,1947,1948,1947,1948,1947,1948,1947,1948,1947,1948,1947,1948,1947,1948,1947,1948,1947,1948,1947,1948,1947,1948,1947,1948,1947,1948,1947,1948,1947,1948,1947,1948,1947,1948,1947,1948,1947,1948,1947,1948,1947,1948,1947,1948,1947,1948,1947,1948,1947,1948,1947,1948,1947,1948,1947,1948,1947,1948,1947,1948,1947,1948,1947,1948,1947,1948,1947,1948,1947,1948,1947,1948,1947,1948,1947,1948,1947,1948,1947,1948,1947,1948,1947,1948,1947,1948,1947,1948,1947,1948,1947,1948,1947,1948,1947,1948,1947,1948,1947,1948,1947,1948,1947,1948,1947,2227,2228,2229,2230,2231,2232,2233,2234,,,,,,,,,,,,,,,,,,,,,,,,,,,,,
177,Gyno Sphinx,1954,1955,1954,1956,1953,1953,1953,1953,1954,1955,1954,1955,1954,1955,1954,1955,1954,1955,1954,1955,1954,1955,1954,1955,1954,1955,1954,1955,1954,1955,1954,1955,1954,1955,1954,1955,1954,1955,1954,1955,1954,1955,1954,1955,1954,1955,1954,1955,1954,1955,1954,1955,1954,1955,1954,1955,1954,1955,1954,1955,1954,1955,1954,1955,1954,1955,1954,1955,1954,1955,1954,1955,1954,1955,1954,1955,1954,1955,1954,1955,1954,1955,1954,1955,1954,1955,1954,1955,1954,1955,1954,1955,1954,1955,1954,1955,1954,1955,1954,1955,1954,1955,1954,1955,1954,1955,1954,1955,1954,1955,1954,1955,1954,1955,1954,1955,1954,1955,1954,1955,1954,1955,1954,1955,1954,2227,2228,2229,2230,2231,2232,2233,2234,,,,,,,,,,,,,,,,,,,,,,,,,,,,,
178,Chimera,1962,1962,1962,1963,1961,1961,1961,1961,1962,1962,1962,1962,1962,1962,1962,1962,1962,1962,1962,1962,1962,1962,1962,1962,1962,1962,1962,1962,1962,1962,1962,1962,1962,1962,1962,1962,1962,1962,1962,1962,1962,1962,1962,1962,1962,1962,1962,1962,1962,1962,1962,1962,1962,1962,1962,1962,1962,1962,1962,1962,1962,1962,1962,1962,1962,1962,1962,1962,1962,1962,1962,1962,1962,1962,1962,1962,1962,1962,1962,1962,1962,1962,1962,1962,1962,1962,1962,1962,1962,1962,1962,1962,1962,1962,1962,1962,1962,1962,1962,1962,1962,1962,1962,1962,1962,1962,1962,1962,1962,1962,1962,1962,1962,1962,1962,1962,1962,1962,1962,1962,1962,1962,1962,1962,1962,2227,2228,2229,2230,2231,2232,2233,2234,,,,,,,,,,,,,,,,,,,,,,,,,,,,,
179,Talos,1969,1969,1969,1970,1968,1968,1968,1968,1969,1969,1969,1969,1969,1969,1969,1969,1969,1969,1969,1969,1969,1969,1969,1969,1969,2210,2210,2210,2210,2210,2210,2210,2210,2210,2210,2210,2210,2210,2210,2210,2210,2210,2210,2210,2210,2210,2210,2210,2210,2210,2210,2210,2210,2210,2210,2210,2210,2210,2210,2210,2210,2210,2210,2210,2210,2210,2210,2210,2210,2210,2210,2210,2210,2210,2210,2210,2210,2210,2210,2210,2210,2210,2210,2210,2210,2210,2210,2210,2210,2210,2210,2210,2210,2210,2210,2210,2210,2210,2210,2210,2210,2210,2210,2210,2210,2210,2210,2210,2210,2210,2210,2210,2210,2210,2210,2210,2210,2210,2210,2210,2210,2210,2210,2210,2210,2227,2228,2229,2230,2231,2232,2233,2234,,,,,,,,,,,,,,,,,,,,,,,,,,,,,
180,Gorgon,1978,1979,1978,1981,1977,1977,1977,1977,1978,1979,1978,1979,1978,1979,1978,1979,1978,1979,1978,1979,1978,1979,1978,1979,1978,1979,1978,1979,1978,1979,1978,1979,1978,1979,1978,1979,1978,1979,1978,1979,1978,1979,1978,1979,1978,1979,1978,1979,1978,1979,1978,1979,1978,1979,1978,1979,1978,1979,1978,1979,1978,1979,1978,1979,1978,1979,1978,1979,1978,1979,1978,1979,1978,1979,1978,1979,1978,1979,1978,1979,1978,1979,1978,1979,1978,1979,1978,1979,1978,1979,1978,1979,1978,1979,1978,1979,1978,1979,1978,1979,1978,1979,1978,1979,1978,1979,1978,1979,1978,1979,1978,1979,1978,1979,1978,1979,1978,1979,1978,1979,1978,1979,1978,1979,1978,2227,2228,2229,2230,2231,2232,2233,2234,,,,,,,,,,,,,,,,,,,,,,,,,,,,,
181,Medusa,1988,1989,1988,1991,1987,1987,1987,1987,1988,1989,1988,1989,1988,1989,1989,1988,1989,1988,1989,1989,1988,1989,1988,1989,1989,1988,1989,1988,1989,1989,1988,1989,1988,1989,1989,1988,1989,1988,1989,1989,1988,1989,1988,1989,1989,1988,1989,1988,1989,1989,1988,1989,1988,1989,1989,1988,1989,1988,1989,1989,1988,1989,1988,1989,1989,1988,1989,1988,1989,1989,1988,1989,1988,1989,1989,1988,1989,1988,1989,1989,1988,1989,1988,1989,1989,1988,1989,1988,1989,1989,1988,1989,1988,1989,1989,1988,1989,1988,1989,1989,1988,1989,1988,1989,1989,1988,1989,1988,1989,1989,1988,1989,1988,1989,1989,1988,1989,1988,1989,1989,1988,1989,1988,1989,1989,2227,2228,2229,2230,2231,2232,2233,2234,,,,,,,,,,,,,,,,,,,,,,,,,,,,,
182,Minotaur,2008,2009,2008,2002,2004,2004,2004,2004,2008,2009,2008,2009,2008,2009,2008,2007,2006,2005,2008,2009,2008,2009,2008,2009,2008,2009,2008,2009,2008,2009,2008,2009,2008,2009,2008,2009,2008,2009,2008,2009,2008,2009,2008,2009,2008,2009,2008,2009,2008,2009,2008,2009,2008,2009,2008,2009,2008,2009,2008,2009,2008,2009,2008,2009,2008,2009,2008,2009,2008,2009,2008,2009,2008,2009,2008,2009,2008,2009,2008,2009,2008,2009,2008,2009,2008,2009,2008,2009,2008,2009,2008,2009,2008,2009,2008,2009,2008,2009,2008,2009,2008,2009,2008,2009,2008,2009,2008,2009,2008,2009,2008,2009,2008,2009,2008,2009,2008,2009,2008,2009,2008,2009,2008,2009,2008,2227,2228,2229,2230,2231,2232,2233,2234,,,,,,,,,,,,,,,,,,,,,,,,,,,,,
183,Stygia Lion,2016,2016,2016,2013,2015,2015,2015,2015,2016,2016,2016,2016,2016,2016,2016,2016,2016,2016,2016,2016,2016,2016,2016,2016,2016,2016,2016,2016,2016,2016,2016,2016,2016,2016,2016,2016,2016,2016,2016,2016,2016,2016,2016,2016,2016,2016,2016,2016,2016,2016,2016,2016,2016,2016,2016,2016,2016,2016,2016,2016,2016,2016,2016,2016,2016,2016,2016,2016,2016,2016,2016,2016,2016,2016,2016,2016,2016,2016,2016,2016,2016,2016,2016,2016,2016,2016,2016,2016,2016,2016,2016,2016,2016,2016,2016,2016,2016,2016,2016,2016,2016,2016,2016,2016,2016,2016,2016,2016,2016,2016,2016,2016,2016,2016,2016,2016,2016,2016,2016,2016,2016,2016,2016,2016,2016,2227,2228,2229,2230,2231,2232,2233,2234,,,,,,,,,,,,,,,,,,,,,,,,,,,,,
184,Djinn,2017,2018,2017,2024,2022,2022,2022,2022,2017,2018,2017,2018,2017,2018,2022,2019,2020,2021,2017,2018,2017,2018,2017,2018,2017,2018,2017,2018,2017,2018,2017,2018,2017,2018,2017,2018,2017,2018,2017,2018,2017,2018,2017,2018,2017,2018,2017,2018,2017,2018,2017,2018,2017,2018,2017,2018,2017,2018,2017,2018,2017,2018,2017,2018,2017,2018,2017,2018,2017,2018,2017,2018,2017,2018,2017,2018,2017,2018,2017,2018,2017,2018,2017,2018,2017,2018,2017,2018,2017,2018,2017,2018,2017,2018,2017,2018,2017,2018,2017,2018,2017,2018,2017,2018,2017,2018,2017,2018,2017,2018,2017,2018,2017,2018,2017,2018,2017,2018,2017,2018,2017,2018,2017,2018,2017,2227,2228,2229,2230,2231,2232,2233,2234,,,,,,,,,,,,,,,,,,,,,,,,,,,,,
185,Winged Scarab,2031,2031,2032,2034,2033,2033,2033,2033,2031,2032,2031,2032,2031,2032,2031,2032,2031,2032,2031,2032,2031,2032,2031,2032,2031,2032,2031,2032,2031,2032,2031,2032,2031,2032,2031,2032,2031,2032,2031,2032,2031,2032,2031,2032,2031,2032,2031,2032,2031,2032,2031,2032,2031,2032,2031,2032,2031,2032,2031,2032,2031,2032,2031,2032,2031,2032,2031,2032,2031,2032,2031,2032,2031,2032,2031,2032,2031,2032,2031,2032,2031,2032,2031,2032,2031,2032,2031,2032,2031,2032,2031,2032,2031,2032,2031,2032,2031,2032,2031,2032,2031,2032,2031,2032,2031,2032,2031,2032,2031,2032,2031,2032,2031,2032,2031,2032,2031,2032,2031,2032,2031,2032,2031,2032,2031,2227,2228,2229,2230,2231,2232,2233,2234,,,,,,,,,,,,,,,,,,,,,,,,,,,,,
186,Rideable Dragonfly,1041,1042,1041,1045,1043,1043,1043,1041,1042,1041,1042,1041,1042,1041,1042,1041,1042,1041,1042,1041,1042,1041,1042,1041,1042,1041,1042,1041,1042,1041,1042,1041,1042,1041,1042,1041,1042,1041,1042,1041,1042,1041,1042,1041,1042,1041,1042,1041,1042,1041,1042,1041,1042,1041,1042,1041,1042,1041,1042,1041,1042,1041,1042,1041,1042,1041,1042,1041,1042,1041,1042,1041,1042,1041,1042,1041,1042,1041,1042,1041,1042,1041,1042,1041,1042,1041,1042,1041,1042,1041,1042,1041,1042,1041,1042,1041,1042,1041,1042,1041,1042,1041,1042,1041,1042,1041,1042,1041,1042,1041,1042,1041,1042,1041,1042,1041,1042,1041,1042,1041,1042,1041,1042,1041,1042,1041,1042,1041,1042,1041,1042,1041,1042,,,,,,,,,,,,,,,,,,,,,,,,,,,,,
187,Centaur,2059,2058,2059,2060,2055,2055,2055,2055,2059,2058,2059,2059,2058,2059,2055,2063,2064,2065,2059,2059,2059,2059,2059,2059,2059,2059,2059,2059,2059,2059,2059,2059,2059,2059,2059,2059,2059,2059,2059,2059,2059,2059,2059,2059,2059,2059,2059,2059,2059,2059,2059,2059,2059,2059,2059,2059,2059,2059,2059,2059,2059,2059,2059,2059,2059,2059,2059,2059,2059,2059,2059,2059,2059,2059,2059,2059,2059,2059,2059,2059,2059,2059,2059,2059,2059,2059,2059,2059,2059,2059,2059,2059,2059,2059,2059,2059,2059,2059,2059,2059,2059,2059,2059,2059,2059,2059,2059,2059,2059,2059,2059,2059,2059,2059,2059,2059,2059,2059,2059,2059,2059,2059,2059,2059,2059,2227,2228,2229,2230,2231,2232,2233,2234,,,,,,,,,,,,,,,,,,,,,,,,,,,,,
188,Winged Centaur,2069,2070,2069,2071,2066,2066,2066,2066,2069,2070,2069,2070,2069,2070,2069,2074,2075,2076,2069,2070,2069,2069,2070,2069,2069,2070,2069,2069,2070,2069,2069,2070,2069,2069,2070,2069,2069,2070,2069,2069,2070,2069,2069,2070,2069,2069,2070,2069,2069,2070,2069,2069,2070,2069,2069,2070,2069,2069,2070,2069,2069,2070,2069,2069,2070,2069,2069,2070,2069,2069,2070,2069,2069,2070,2069,2069,2070,2069,2069,2070,2069,2069,2070,2069,2069,2070,2069,2069,2070,2069,2069,2070,2069,2069,2070,2069,2069,2070,2069,2069,2070,2069,2069,2070,2069,2069,2070,2069,2069,2070,2069,2069,2070,2069,2069,2070,2069,2069,2070,2069,2069,2070,2069,2069,2070,2227,2228,2229,2230,2231,2232,2233,2234,,,,,,,,,,,,,,,,,,,,,,,,,,,,,
189,Phoenix,2077,2077,2077,2081,2078,0,0,0,2077,2077,2077,2077,2077,2077,2077,2077,2077,2077,2077,2077,2077,2077,2077,2077,2077,2077,2077,2077,2077,2077,2077,2077,2077,2077,2077,2077,2077,2077,2077,2077,2077,2077,2077,2077,2077,2077,2077,2077,2077,2077,2077,2077,2077,2077,2077,2077,2077,2077,2077,2077,2077,2077,2077,2077,2077,2077,2077,2077,2077,2077,2077,2077,2077,2077,2077,2077,2077,2077,2077,2077,2077,2077,2077,2077,2077,2077,2077,2077,2077,2077,2077,2077,2077,2077,2077,2077,2077,2077,2077,2077,2077,2077,2077,2077,2077,2077,2077,2077,2077,2077,2077,2077,2077,2077,2077,2077,2077,2077,2077,2077,2077,2077,2077,2077,2077,2227,2228,2229,2230,2231,2232,2233,2234,,,,,,,,,,,,,,,,,,,,,,,,,,,,,
190,Cyclops,2084,2085,2084,2091,2089,2089,2089,2089,2084,2085,2084,2085,2084,2085,2084,2085,2084,2085,2084,2085,2084,2085,2084,2085,2084,2084,2084,2084,2084,2084,2084,2084,2084,2084,2084,2084,2084,2084,2084,2084,2084,2084,2084,2084,2084,2084,2084,2084,2084,2084,2084,2084,2084,2084,2084,2084,2084,2084,2084,2084,2084,2084,2084,2084,2084,2084,2084,2084,2084,2084,2084,2084,2084,2084,2084,2084,2084,2084,2084,2084,2084,2084,2084,2084,2084,2084,2084,2084,2084,2084,2084,2084,2084,2084,2084,2084,2084,2084,2084,2084,2084,2084,2084,2084,2084,2084,2084,2084,2084,2084,2084,2084,2084,2084,2084,2084,2084,2084,2084,2084,2084,2084,2084,2084,2084,2227,2228,2229,2230,2231,2232,2233,2234,,,,,,,,,,,,,,,,,,,,,,,,,,,,,
191,Dwarf Female,384,378,379,385,383,494,495,362,354,355,356,113,112,114,364,375,376,377,347,348,349,397,398,399,216,419,420,418,422,438,421,440,439,449,444,443,462,446,445,463,448,447,423,424,425,426,118,119,429,430,431,432,434,435,433,436,437,416,417,415,487,488,489,490,491,93,94,95,91,128,145,146,147,148,194,195,196,197,198,199,282,492,493,558,559,560,561,562,563,564,566,1351,1350,1351,1353,1352,1353,1355,1354,1355,1379,1380,1381,1385,1286,1288,1287,1289,1290,1291,1292,1293,1294,1480,1481,1497,1482,1483,1484,1485,943,945,946,948,949,2227,2228,2229,2230,2231,2232,2233,2234,,,,,,,,,,,,,,,,,,,,,,,,,,,,,
192,Iaculi/Uraeus,2099,2099,2099,2100,2098,2098,2098,2098,2099,2099,2099,2099,2099,2099,2099,2099,2099,2099,2099,2099,2099,2099,2099,2099,2099,2099,2099,2099,2099,2099,2099,2099,2099,2099,2099,2099,2099,2099,2099,2099,2099,2099,2099,2099,2099,2099,2099,2099,2099,2099,2099,2099,2099,2099,2099,2099,2099,2099,2099,2099,2099,2099,2099,2099,2099,2099,2099,2099,2099,2099,2099,2099,2099,2099,2099,2099,2099,2099,2099,2099,2099,2099,2099,2099,2099,2099,2099,2099,2099,2099,2099,2099,2099,2099,2099,2099,2099,2099,2099,2099,2099,2099,2099,2099,2099,2099,2099,2099,2099,2099,2099,2099,2099,2099,2099,2099,2099,2099,2099,2099,2099,2099,2099,2099,2099,2227,2228,2229,2230,2231,2232,2233,2234,,,,,,,,,,,,,,,,,,,,,,,,,,,,,
193,Manticore,2111,2111,2111,2107,2109,2109,2109,2109,2111,2111,2111,2111,2111,2111,2111,2111,2111,2111,2111,2111,2111,2111,2111,2111,2111,2111,2111,2111,2111,2111,2111,2111,2111,2111,2111,2111,2111,2111,2111,2111,2111,2111,2110,2110,2110,2110,2110,2110,2110,2110,2110,2110,2110,2110,2110,2110,2110,2110,2110,2110,2110,2110,2110,2110,2110,2110,2110,2110,2110,2110,2110,2110,2110,2110,2110,2110,2110,2110,2110,2110,2110,2110,2110,2110,2110,2110,2110,2110,2110,2110,2110,2110,2110,2110,2110,2110,2110,2110,2110,2110,2110,2110,2110,2110,2110,2110,2110,2110,2110,2110,2110,2110,2110,2110,2110,2110,2110,2110,2110,2110,2110,2110,2110,2110,2110,2227,2228,2229,2230,2231,2232,2233,2234,,,,,,,,,,,,,,,,,,,,,,,,,,,,,
194,Crocodile,2125,2125,2125,2128,2126,2126,2126,2126,2125,2125,2125,2125,2125,2125,2125,2125,2125,2125,2125,2125,2125,2125,2125,2125,2125,2125,2125,2125,2125,2125,2125,2125,2125,2125,2125,2125,2125,2125,2125,2125,2125,2125,2125,2125,2125,2125,2125,2125,2125,2125,2125,2125,2125,2125,2125,2125,2125,2125,2125,2125,2125,2125,2125,2125,2125,2125,2125,2125,2125,2125,2125,2125,2125,2125,2125,2125,2125,2125,2125,2125,2125,2125,2125,2125,2125,2125,2125,2125,2125,2125,2125,2125,2125,2125,2125,2125,2125,2125,2125,2125,2125,2125,2125,2125,2125,2125,2125,2125,2125,2125,2125,2125,2125,2125,2125,2125,2125,2125,2125,2125,2125,2125,2125,2125,2125,2227,2228,2229,2230,2231,2232,2233,2234,,,,,,,,,,,,,,,,,,,,,,,,,,,,,
195,Scorpion 2,2176,2177,2176,2178,2175,2175,0,0,2176,2177,2176,2177,2176,2177,0,0,0,0,2176,2177,2176,2177,2176,2177,2176,2177,2176,2177,2176,2177,2176,2177,2176,2177,2176,2177,2176,2177,2176,2177,2176,2177,2176,2177,2176,2177,2176,2177,2176,2177,2176,2177,2176,2177,2176,2177,2176,2177,2176,2177,2176,2177,2176,2177,2176,2177,2176,2177,2176,2177,2176,2177,2176,2177,2176,2177,2176,2177,2176,2177,2176,2177,2176,2177,2176,2177,2176,2177,2176,2177,2176,2177,2176,2177,2176,2177,2176,2177,2176,2177,2176,2177,2176,2177,2176,2177,2176,2177,2176,2177,2176,2177,2176,2177,2176,2177,2176,2177,2176,2177,2176,2177,2176,2177,2176,2227,2228,2229,2230,2231,2232,2233,2234,,,,,,,,,,,,,,,,,,,,,,,,,,,,,
196,Draco,2191,2191,2191,2194,2192,0,0,0,2219,2219,2219,2219,2219,2219,2219,2219,2219,2219,2219,2219,2219,2219,2219,2219,2219,2219,2219,2219,2219,2219,2219,2219,2219,2219,2219,2219,2219,2219,2219,2219,2219,2219,2219,2219,2219,2219,2219,2219,2219,2219,2219,2219,2219,2219,2219,2219,2219,2219,2219,2219,2219,2219,2219,2219,2219,2219,2219,2219,2219,2219,2219,2219,2219,2219,2219,2219,2219,2219,2219,2219,2219,2219,2219,2219,2219,2219,2219,2219,2219,2219,2219,2219,2219,2219,2219,2219,2219,2219,2219,2219,2219,2219,2219,2219,2219,2219,2219,2219,2219,2219,2219,2219,2219,2219,2219,2219,2219,2219,2219,2219,2219,2219,2219,2219,2219,2227,2228,2229,2230,2231,2232,2233,2234,,,,,,,,,,,,,,,,,,,,,,,,,,,,,
197,Shar Male,384,378,379,385,383,360,361,362,354,355,356,357,358,359,364,375,376,377,347,348,349,397,398,399,216,419,420,418,422,438,421,440,439,449,444,443,462,446,445,463,448,447,423,424,425,426,427,428,429,430,431,432,434,435,433,436,437,416,417,415,487,488,489,490,491,93,94,95,91,128,145,146,147,148,194,195,196,197,198,199,282,492,493,558,559,560,561,562,563,564,566,1351,1350,1351,1353,1352,1353,1355,1354,1355,1379,1380,1381,1385,1286,1288,1287,1289,1290,1291,1292,1293,1294,1480,1481,1497,1482,1483,1484,1485,943,945,946,948,949,2227,2228,2229,2230,2231,2232,2233,2234,,,,,,,,,,,,,,,,,,,,,,,,,,,,,
198,Shar Female,384,378,379,385,383,494,495,362,354,355,356,357,358,359,364,375,376,377,347,348,349,397,398,399,216,419,420,418,422,438,421,440,439,449,444,443,462,446,445,463,448,447,423,424,425,426,427,428,429,430,431,432,434,435,433,436,437,416,417,415,487,488,489,490,491,93,94,95,91,128,145,146,147,148,194,195,196,197,198,199,282,492,493,558,559,560,561,562,563,564,566,1351,1350,1351,1353,1352,1353,1355,1354,1355,1379,1380,1381,1385,1286,1288,1287,1289,1290,1291,1292,1293,1294,1480,1481,1497,1482,1483,1484,1485,943,945,946,948,949,2227,2228,2229,2230,2231,2232,2233,2234,,,,,,,,,,,,,,,,,,,,,,,,,,,,,
199,Ettin,2249,2248,2249,2251,2250,2250,2250,2250,0,0,0,0,0,0,2250,0,0,0,0,0,0,0,0,0,0,0,0,0,0,0,0,0,0,0,0,0,0,0,0,0,0,0,0,0,0,0,0,0,0,0,0,0,0,0,0,0,0,0,0,0,0,0,0,0,0,0,0,0,0,0,0,0,0,0,0,0,0,0,0,0,0,0,0,0,0,0,0,0,0,0,0,0,0,0,0,0,0,0,0,0,1379,1380,1381,1385,1286,1288,1287,1289,1290,1291,1292,1293,1294,1480,1481,1497,1482,1483,1484,1485,943,945,946,948,949,2227,2228,2229,2230,2231,2232,2233,2234,,,,,,,,,,,,,,,,,,,,,,,,,,,,,
200,Classic Minotaur,384,378,379,385,3795,3794,361,362,354,355,356,357,358,359,364,375,376,377,347,348,349,397,398,399,216,419,420,418,422,438,421,440,439,449,444,443,462,446,445,463,448,447,423,424,425,426,427,428,429,430,431,432,434,435,433,436,437,416,417,415,487,488,489,490,491,93,94,95,91,128,145,146,147,148,194,195,196,197,198,199,282,492,493,558,559,560,561,562,563,564,566,1351,1350,1351,1353,1352,1353,1355,1354,1355,1379,1380,1381,1385,1286,1288,1287,1289,1290,1291,1292,1293,1294,1480,1481,1497,1482,1483,1484,1485,943,945,946,948,949,2227,2228,2229,2230,2231,2232,2233,2234,,3602,3604,3603,3601,3868,3869,3865,,,,,,,,,,,,,,,,,,,,,
201,Spider,2272,2272,2272,2268,2266,2266,2266,2266,0,0,0,0,0,0,0,0,0,0,0,0,0,0,0,0,0,0,0,0,0,0,0,0,0,0,0,0,0,0,0,0,0,0,0,0,0,0,0,0,0,0,0,0,0,0,0,0,0,0,0,0,0,0,0,0,0,0,0,0,0,0,0,0,0,0,0,0,0,0,0,0,0,0,0,0,0,0,0,0,0,0,0,0,0,0,0,0,0,0,0,0,1379,1380,1381,1385,1286,1288,1287,1289,1290,1291,1292,1293,1294,1480,1481,1497,1482,1483,1484,1485,943,945,946,948,949,2227,2228,2229,2230,2231,2232,2233,2234,,,,,,,,,,,,,,,,,,,,,,,,,,,,,
202,Snake,2282,2282,2282,2275,2273,0,0,0,0,0,0,0,0,0,0,0,0,0,0,0,0,0,0,0,0,0,0,0,0,0,0,0,0,0,0,0,0,0,0,0,0,0,0,0,0,0,0,0,0,0,0,0,0,0,0,0,0,0,0,0,0,0,0,0,0,0,0,0,0,0,0,0,0,0,0,0,0,0,0,0,0,0,0,0,0,0,0,0,0,0,0,0,0,0,0,0,0,0,0,0,1379,1380,1381,1385,1286,1288,1287,1289,1290,1291,1292,1293,1294,1480,1481,1497,1482,1483,1484,1485,943,945,946,948,949,2227,2228,2229,2230,2231,2232,2233,2234,,,,,,,,,,,,,,,,,,,,,,,,,,,,,
203,Lynx/Cats,2292,2292,2293,2285,2283,2283,2283,2283,2292,2293,2292,2293,2292,2293,2292,2293,2292,2293,2292,2293,2292,2293,2292,2293,2292,2293,2292,2293,2292,2293,2292,2293,2292,2293,2292,2293,2292,2293,2292,2293,2292,2293,2292,2293,2292,2293,2292,2293,2292,2293,2292,2293,2292,2293,2292,2293,2292,2293,2292,2293,2292,2293,2292,2293,2292,2293,2292,2293,2292,2293,2292,2293,2292,2293,2292,2293,2292,2293,2292,2293,2292,2293,2292,2293,2292,2293,2292,2293,2292,2293,2292,2293,2292,2293,2292,2293,2292,2293,2292,2293,2292,2293,2292,2293,2292,2293,2292,2293,2292,2293,2292,2293,2292,2293,2292,2293,2292,2293,2292,2293,2292,2293,2292,2293,2292,2293,2292,2293,2292,2293,2292,2293,2292,,,,,,,,,,,,,,,,,,,,,,,,,,,,,
204,Ogre,2249,2248,2249,2251,2250,2250,2250,2250,0,0,0,0,0,0,2250,0,0,0,0,0,0,0,0,0,0,0,0,0,0,0,0,0,0,0,0,0,0,0,0,0,0,0,0,0,0,0,0,0,0,0,0,0,0,0,0,0,0,0,0,0,0,0,0,0,0,0,0,0,0,0,0,0,0,0,0,0,0,0,0,0,0,0,0,0,0,0,0,0,0,0,0,0,0,0,0,0,0,0,0,0,1379,1380,1381,1385,1286,1288,1287,1289,1290,1291,1292,1293,1294,1480,1481,1497,1482,1483,1484,1485,943,945,946,948,949,2227,2228,2229,2230,2231,2232,2233,2234,,,,,,,,,,,,,,,,,,,,,,,,,,,,,
205,Bear,2303,2303,2303,2299,2297,2297,2297,2297,2303,2303,2303,2303,2303,2303,2297,2303,2303,2303,2303,2303,2303,2303,2303,2303,2303,2303,2303,2303,2303,2303,2303,2303,2303,2303,2303,2303,2303,2303,2303,2303,2303,2303,2303,2303,2303,2303,2303,2303,2303,2303,2303,2303,2303,2303,2303,2303,2303,2303,2303,2303,2303,2303,2303,2303,2303,2303,2303,2303,2303,2303,2303,2303,2303,2303,2303,2303,2303,2303,2303,2303,2303,2303,2303,2303,2303,2303,2303,2303,2303,2303,2303,2303,2303,2303,2303,2303,2303,2303,2303,2303,2303,2303,2303,2303,2303,2303,2303,2303,2303,2303,2303,2303,2303,2303,2303,2303,2303,2303,2303,2303,2303,2303,2303,2303,2303,2303,2303,2303,2303,2303,2303,2303,2303,,,,,,,,,,,,,,,,,,,,,,,,,,,,,
206,Skeleton,2585,2581,2584,2885,2637,2607,2610,2606,2716,2715,2714,2708,2707,2706,2611,2602,2603,2604,2709,2960,2710,2609,2723,2724,2725,2571,2570,2572,2598,2597,2596,2694,2695,2701,2691,2692,2699,2694,2695,2700,2704,2705,2537,2538,2560,2561,2854,2855,2845,2846,2542,2543,2544,2847,2562,2591,2592,2588,2587,2586,2563,2539,2593,2545,2848,2599,2600,2601,2976,2893,2859,2860,2861,2862,2540,2564,2541,2565,2594,2595,2849,2850,2546,2552,2553,2554,2555,2556,2557,2558,2559,2917,2916,2918,2914,2913,2915,2917,2915,2918,3123,3124,3125,3124,2703,2717,2719,2718,2840,2841,2842,2843,2844,2608,2711,2713,2712,2851,2852,2853,2547,2548,2549,2550,2551,2864,2865,2866,2867,2961,2868,2869,2870,,,,,,,,,,,,,,,,,,,,,,,,,,,,,
208,New Ant,2311,2311,2311,2307,2305,2305,2305,2305,2311,2311,2311,2311,2311,2311,2305,2311,2311,2311,2311,2311,2311,2311,2311,2311,2311,2311,2311,2311,2311,2311,2311,2311,2311,2311,2311,2311,2311,2311,2311,2311,2311,2311,2311,2311,2311,2311,2311,2311,2311,2311,2311,2311,2311,2311,2311,2311,2311,2311,2311,2311,2311,2311,2311,2311,2311,2311,2311,2311,2311,2311,2311,2311,2311,2311,2311,2311,2311,2311,2311,2311,2311,2311,2311,2311,2311,2311,2311,2311,2311,2311,2311,2311,2311,2311,2311,2311,2311,2311,2311,2311,2311,2311,2311,2311,2311,2311,2311,2311,2311,2311,2311,2311,2311,2311,2311,2311,2311,2311,2311,2311,2311,2311,2311,2311,2311,2227,2228,2229,2230,2231,2232,2233,2234,,,,,,,,,,,,,,,,,,,,,,,,,,,,,
209,New Wolf,2313,2313,2313,2316,2314,2314,2314,2314,2313,2313,2313,2313,2313,2313,2313,2313,2313,2313,2313,2313,2313,2313,2313,2313,2313,2313,2313,2313,2313,2313,2313,2313,2313,2313,2313,2313,2313,2313,2313,2313,2313,2313,2313,2313,2313,2313,2313,2313,2313,2313,2313,2313,2313,2313,2313,2313,2313,2313,2313,2313,2313,2313,2313,2313,2313,2313,2313,2313,2313,2313,2313,2313,2313,2313,2313,2313,2313,2313,2313,2313,2313,2313,2313,2313,2313,2313,2313,2313,2313,2313,2313,2313,2313,2313,2313,2313,2313,2313,2313,2313,2313,2313,2313,2313,2313,2313,2313,2313,2313,2313,2313,2313,2313,2313,2313,2313,2313,2313,2313,2313,2313,2313,2313,2313,2313,2313,2313,2313,2313,2313,2313,2313,2313,,,,,,,,,,,,,,,,,,,,,,,,,,,,,
211,Mine Cart,2504,2504,2504,2504,2504,2504,2504,2504,2504,2504,2504,2504,2504,2504,2504,2504,2504,2504,2504,2504,2504,2504,2504,2504,2504,2504,2504,2504,2504,2504,2504,2504,2504,2504,2504,2504,2504,2504,2504,2504,2504,2504,2504,2504,2504,2504,2504,2504,2504,2504,2504,2504,2504,2504,2504,2504,2504,2504,2504,2504,2504,2504,2504,2504,2504,2504,2504,2504,2504,2504,2504,2504,2504,2504,2504,2504,2504,2504,2504,2504,2504,2504,2504,2504,2504,2504,2504,2504,2504,2504,2504,2504,2504,2504,2504,2504,2504,2504,2504,2504,2504,2504,2504,2504,2504,2504,2504,2504,2504,2504,2504,2504,2504,2504,2504,2504,2504,2504,2504,2504,2504,2504,2504,2504,2504,2504,2504,2504,2504,2504,2504,2504,2504,,,,,,,,,,,,,,,,,,,,,,,,,,,,,
212,New Sprite,2329,2322,2329,2328,2326,2326,2326,2326,2322,2322,2322,2322,2322,2322,2322,2323,2324,2325,2322,2322,2322,2322,2322,2322,2322,2322,2322,2322,2322,2322,2322,2322,2322,2322,2322,2322,2322,2322,2322,2322,2322,2322,2322,2322,2322,2322,2322,2322,2322,2322,2322,2322,2322,2322,2322,2322,2322,2322,2322,2322,2322,2322,2322,2322,2322,2322,2322,2322,2322,2322,2322,2322,2322,2322,2322,2322,2322,2322,2322,2322,2322,2322,2322,2322,2322,2322,2322,2322,2322,2322,2322,2322,2322,2322,2322,2322,2322,2322,2322,2322,2322,2322,2322,2322,2322,2322,2322,2322,2322,2322,2322,2322,2322,2322,2322,2322,2322,2322,2322,2322,2322,2322,2322,2322,2322,2322,2322,2322,2322,2322,2322,2322,2322,,,,,,,,,,,,,,,,,,,,,,,,,,,,,
213,New Fellwood,2336,2337,2337,2340,2338,2338,2338,2338,2336,2337,2336,2337,2336,2337,2336,2337,2336,2337,2336,2337,2336,2337,2336,2337,2336,2337,2336,2337,2336,2337,2336,2337,2336,2337,2336,2337,2336,2337,2336,2337,2336,2337,2336,2337,2336,2337,2336,2337,2336,2337,2336,2337,2336,2337,2336,2337,2336,2337,2336,2337,2336,2337,2336,2337,2336,2337,2336,2337,2336,2337,2336,2337,2336,2337,2336,2337,2336,2337,2336,2337,2336,2337,2336,2337,2336,2337,2336,2337,2336,2337,2336,2337,2336,2337,2336,2337,2336,2337,2336,2337,2336,2337,2336,2337,2336,2337,2336,2337,2336,2337,2336,2337,2336,2337,2336,2337,2336,2337,2336,2337,2336,2337,2336,2337,2336,2322,2322,2322,2322,2322,2322,2322,2322,,,,,,,,,,,,,,,,,,,,,,,,,,,,,
214, New Scrag,2350,2349,2350,2348,2346,2346,2346,2346,2349,2350,2349,2350,2349,2350,2349,2350,2349,2350,2349,2350,2349,2350,2349,2350,2349,2350,2349,2350,2349,2350,2349,2350,2349,2350,2349,2350,2349,2350,2349,2350,2349,2350,2349,2350,2349,2350,2349,2350,2349,2350,2349,2350,2349,2350,2349,2350,2349,2350,2349,2350,2349,2350,2349,2350,2349,2350,2349,2350,2349,2350,2349,2350,2349,2350,2349,2350,2349,2350,2349,2350,2349,2350,2349,2350,2349,2350,2349,2350,2349,2350,2349,2350,2349,2350,2349,2350,2349,2350,2349,2350,2349,2350,2349,2350,2349,2350,2349,2350,2349,2350,2349,2350,2349,2350,2349,2350,2349,2350,2349,2350,2349,2350,2349,2350,2349,2350,2349,2350,2349,2350,2349,2350,2349,,,,,,,,,,,,,,,,,,,,,,,,,,,,,
215,New Giant,2359,2360,2359,2368,2358,2358,2358,2358,2359,2360,2359,2360,2359,2360,2358,2363,2364,2365,2359,2360,2359,2360,2359,2360,2359,2360,2359,2360,2359,2360,2359,2360,2359,2360,2359,2360,2359,2360,2359,2360,2359,2360,2359,2360,2359,2360,2359,2360,2359,2360,2359,2360,2359,2360,2359,2360,2359,2360,2359,2360,2359,2360,2359,2360,2359,2360,2359,2360,2359,2360,2359,2360,2359,2360,2359,2360,2359,2360,2359,2360,2359,2360,2359,2360,2359,2360,2359,2360,2359,2360,2359,2360,2359,2360,2359,2360,2359,2360,2359,2360,2359,2360,2359,2360,2359,2360,2359,2360,2359,2360,2359,2360,2359,2360,2359,2360,2359,2360,2359,2360,2359,2360,2359,2360,2359,2360,2359,2360,2359,2360,2359,2360,2359,,,,,,,,,,,,,,,,,,,,,,,,,,,,,
216,New Brownie,2377,2376,2376,2375,2373,2373,2373,2373,2377,2376,2377,2376,2377,2376,2373,2377,2376,2376,2377,2376,2377,2373,2377,2376,2377,2376,2377,2376,2377,2376,2377,2376,2377,2376,2377,2376,2377,2376,2377,2376,2377,2376,2377,2376,2377,2376,2377,2376,2377,2376,2377,2376,2377,2376,2377,2376,2377,2376,2377,2376,2377,2376,2377,2376,2377,2376,2377,2376,2377,2376,2377,2376,2377,2376,2377,2376,2377,2376,2377,2376,2377,2376,2377,2376,2377,2376,2377,2376,2377,2376,2377,2376,2377,2376,2377,2376,2377,2376,2377,2376,2377,2376,2377,2376,2377,2376,2377,2376,2377,2376,2377,2376,2377,2376,2377,2376,2377,2376,2377,2376,2377,2376,2377,2376,2377,2376,2377,2376,2377,2376,2377,2376,2377,,,,,,,,,,,,,,,,,,,,,,,,,,,,,
217,New Roman Dead,384,378,379,385,383,360,361,362,354,355,356,357,358,359,364,375,376,377,347,348,349,397,398,399,216,419,420,418,422,438,421,440,439,449,444,443,686,446,445,687,448,447,384,378,379,384,378,379,384,378,379,384,378,379,384,378,379,384,378,379,384,378,379,384,378,379,94,95,91,128,145,146,147,148,194,195,196,197,198,199,282,492,493,558,559,560,561,562,563,564,566,1351,1350,1351,1353,1352,1353,1355,1354,1355,1379,1380,1381,1385,1286,1288,1287,1289,1290,1291,1292,1293,1294,1480,1481,1497,1482,1483,1484,1485,943,945,946,948,949,2227,2228,2229,2230,2231,2232,2233,2234,,,,,,,,,,,,,,,,,,,,,,,,,,,,,
218,New 2 Head Wolf,2385,2385,2385,2388,2386,2386,2386,2386,2385,2385,2385,2385,2385,2385,2385,2385,2385,2385,2385,2385,2385,2385,2385,2385,2385,2385,2385,2385,2385,2385,2385,2385,2385,2385,2385,2385,2385,2385,2385,2385,2385,2385,2385,2385,2385,2385,2385,2385,2385,2385,2385,2385,2385,2385,2385,2385,2385,2385,2385,2385,2385,2385,2385,2385,2385,2385,2385,2385,2385,2385,2385,2385,2385,2385,2385,2385,2385,2385,2385,2385,2385,2385,2385,2385,2385,2385,2385,2385,2385,2385,2385,2385,2385,2385,2385,2385,2385,2385,2385,2385,2385,2385,2385,2385,2385,2385,2385,2385,2385,2385,2385,2385,2385,2385,2385,2385,2385,2385,2385,2385,2385,2385,2385,2385,2385,2385,2385,2385,2385,2385,2385,2385,2385,,,,,,,,,,,,,,,,,,,,,,,,,,,,,
219,New Saracen Male,2421,2421,2421,2422,2423,2423,2423,2423,2421,2421,2421,2421,2421,2421,2421,2421,2421,2421,2421,2421,2421,2421,2421,2421,2421,2421,2421,2421,2421,2421,2421,2421,2421,2421,2421,2421,2421,2421,2421,2421,2421,2421,2421,2421,2421,2421,2421,2421,2421,2421,2421,2421,2421,2421,2421,2421,2421,2421,2421,2421,2421,2421,2421,2421,2421,2421,2421,2421,2421,2421,2421,2421,2421,2421,2421,2421,2421,2421,2421,2421,2421,2421,2421,2421,2421,2421,2421,2421,2421,2421,2421,2421,2421,2421,2421,2421,2421,2421,2421,2421,2421,2421,2421,2421,2421,2421,2421,2421,2421,2421,2421,2421,2421,2421,2421,2421,2421,2421,2421,2421,2421,2421,2421,2421,2421,2421,2421,2421,2421,2421,2421,2421,2421,,,,,,,,,,,,,,,,,,,,,,,,,,,,,
220,New Valkyn Male,2461,2462,2461,2465,2460,2460,2460,2460,2461,2462,2461,2462,2461,2462,2461,2462,2461,2462,2461,2462,2461,2462,2461,2462,2461,2462,2461,2462,2461,2462,2461,2462,2461,2462,2461,2462,2461,2462,2461,2462,2461,2462,2461,2462,2461,2462,2461,2462,2461,2462,2461,2462,2461,2462,2461,2462,2461,2462,2461,2462,2461,2462,2461,2462,2461,2462,2461,2462,2461,2462,2461,2462,2461,2462,2461,2462,2461,2462,2461,2462,2461,2462,2461,2462,2461,2462,2461,2462,2461,2462,2461,2462,2461,2462,2461,2462,2461,2462,2461,2462,2461,2462,2461,2462,2461,2462,2461,2462,2461,2462,2461,2462,2461,2462,2461,2462,2461,2462,2461,2462,2461,2462,2461,2462,2461,2462,2461,2462,2461,2462,2461,2462,2461,,,,,,,,,,,,,,,,,,,,,,,,,,,,,
221,Wolf,245,246,245,247,248,0,0,0,0,0,0,0,0,0,0,0,0,0,0,0,0,0,0,0,0,0,0,0,0,0,0,0,0,0,0,0,0,0,0,0,0,0,0,0,0,0,0,0,0,0,0,0,0,0,0,0,0,0,0,0,0,0,0,0,0,0,0,0,0,0,0,0,0,0,0,0,0,0,0,0,0,0,0,0,0,0,0,0,0,0,0,0,0,0,0,0,0,0,0,0,1379,1380,1381,1385,1286,1288,1287,1289,1290,1291,1292,1293,1294,1480,1481,1497,1482,1483,1484,1485,943,945,946,948,949,2227,2228,2229,2230,2231,2232,2233,2234,,,,,,,,,,,,,,,,,,,,,,,,,,,,,
222,Hunters Hount,245,246,245,247,2413,2413,0,0,0,0,0,0,0,0,0,0,0,0,0,0,0,0,0,0,0,0,0,0,0,0,0,0,0,0,0,0,0,0,0,0,0,0,0,0,0,0,0,0,0,0,0,0,0,0,0,0,0,0,0,0,0,0,0,0,0,0,0,0,0,0,0,0,0,0,0,0,0,0,0,0,0,0,0,0,0,0,0,0,0,0,0,0,0,0,0,0,0,0,0,0,1379,1380,1381,1385,1286,1288,1287,1289,1290,1291,1292,1293,1294,1480,1481,1497,1482,1483,1484,1485,943,945,946,948,949,2227,2228,2229,2230,2231,2232,2233,2234,,,,,,,,,,,,,,,,,,,,,,,,,,,,,
223,Lurikeen Male,2421,2421,2421,2422,2423,2423,2423,2423,2421,2421,2421,2421,2421,2421,2421,2421,2421,2421,2421,2421,2421,2421,2421,2421,2421,2421,2421,2421,2421,2421,2421,2421,2421,2421,2421,2421,2421,2421,2421,2421,2421,2421,2421,2421,2421,2421,2421,2421,2421,2421,2421,2421,2421,2421,2421,2421,2421,2421,2421,2421,2421,2421,2421,2421,2421,2421,2421,2421,2421,2421,2421,2421,2421,2421,2421,2421,2421,2421,2421,2421,2421,2421,2421,2421,2421,2421,2421,2421,2421,2421,2421,2421,2421,2421,2421,2421,2421,2421,2421,2421,2421,2421,2421,2421,2421,2421,2421,2421,2421,2421,2421,2421,2421,2421,2421,2421,2421,2421,2421,2421,2421,2421,2421,2421,2421,2421,2421,2421,2421,2421,2421,2421,2421,,,,,,,,,,,,,,,,,,,,,,,,,,,,,
224,New Elf Male,2421,2421,2421,2422,2423,2423,2423,2423,2421,2421,2421,2421,2421,2421,2421,2421,2421,2421,2421,2421,2421,2421,2421,2421,2421,2421,2421,2421,2421,2421,2421,2421,2421,2421,2421,2421,2421,2421,2421,2421,2421,2421,2421,2421,2421,2421,2421,2421,2421,2421,2421,2421,2421,2421,2421,2421,2421,2421,2421,2421,2421,2421,2421,2421,2421,2421,2421,2421,2421,2421,2421,2421,2421,2421,2421,2421,2421,2421,2421,2421,2421,2421,2421,2421,2421,2421,2421,2421,2421,2421,2421,2421,2421,2421,2421,2421,2421,2421,2421,2421,2421,2421,2421,2421,2421,2421,2421,2421,2421,2421,2421,2421,2421,2421,2421,2421,2421,2421,2421,2421,2421,2421,2421,2421,2421,2421,2421,2421,2421,2421,2421,2421,2421,,,,,,,,,,,,,,,,,,,,,,,,,,,,,
225,Evil Kobold 1,3044,3044,3044,3041,3043,3043,3043,3043,3044,3044,3044,3044,3044,3044,3043,3204,3205,3206,3044,3044,3044,3044,3044,3044,3044,3044,3044,3044,3044,3044,3044,3044,3044,3044,3044,3044,3044,3044,3044,3044,3044,3044,3044,3044,3044,3044,3044,3044,3044,3044,3044,3044,3044,3044,3044,3044,3044,3044,3044,3044,3044,3044,3044,3044,3044,3044,3044,3044,3044,3044,3044,3044,3044,3044,3044,3044,3044,3044,3044,3044,3044,3044,3044,3044,3044,3044,3044,3044,3044,3044,3044,3044,3044,3044,3044,3044,3044,3044,3044,3044,3044,3044,3044,3044,3044,3044,3044,3044,3044,3044,3044,3044,3044,3044,3044,3044,3044,3044,3044,3044,3044,3044,3044,3044,3044,3044,3044,3044,3044,3044,3044,3044,3044,,,,,,,,,,,,,,,,,,,,,,,,,,,,,
226,Evil Kobold 2,3053,3053,3053,3050,3052,3052,3052,3052,3053,3053,3053,3053,3053,3053,3052,3207,3208,3209,3053,3053,3053,3052,3052,3052,3052,3053,3053,3053,3053,3053,3053,3053,3053,3053,3053,3053,3053,3053,3053,3053,3053,3053,3053,3053,3053,3053,3053,3053,3053,3053,3053,3053,3053,3053,3053,3053,3053,3053,3053,3053,3053,3053,3053,3053,3053,3053,3053,3053,3053,3053,3053,3053,3053,3053,3053,3053,3053,3053,3053,3053,3053,3053,3053,3053,3053,3053,3053,3053,3053,3053,3053,3053,3053,3053,3053,3053,3053,3053,3053,3053,1379,1380,1381,1385,1286,1288,1287,1289,1290,1291,1292,1293,1294,2608,2711,2713,2712,2851,2852,2853,2547,2548,2549,2550,2551,2227,2228,2229,2230,2231,2232,2233,2234,,,,,,,,,,,,,,,,,,,,,,,,,,,,,
227,Briton Male,2421,2421,2421,2422,2423,2423,2423,2423,2421,2421,2421,2421,2421,2421,2421,2421,2421,2421,2421,2421,2421,2421,2421,2421,2421,2421,2421,2421,2421,2421,2421,2421,2421,2421,2421,2421,2421,2421,2421,2421,2421,2421,2421,2421,2421,2421,2421,2421,2421,2421,2421,2421,2421,2421,2421,2421,2421,2421,2421,2421,2421,2421,2421,2421,2421,2421,2421,2421,2421,2421,2421,2421,2421,2421,2421,2421,2421,2421,2421,2421,2421,2421,2421,2421,2421,2421,2421,2421,2421,2421,2421,2421,2421,2421,2421,2421,2421,2421,2421,2421,2421,2421,2421,2421,2421,2421,2421,2421,2421,2421,2421,2421,2421,2421,2421,2421,2421,2421,2421,2421,2421,2421,2421,2421,2421,2421,2421,2421,2421,2421,2421,2421,2421,,,,,,,,,,,,,,,,,,,,,,,,,,,,,
228,Valetines Day Imp,3915,3915,3915,3915,3915,3915,3915,3915,3915,3915,3915,3915,3915,3915,3915,3912,3911,3918,3915,3915,3915,3915,3915,3915,3915,3915,3915,3915,3915,3915,3915,3915,3915,3915,3915,3915,3915,3915,3915,3915,3915,3915,3915,3915,3915,3915,3915,3915,3915,3915,3915,3915,3915,3915,3915,3915,3915,3915,3915,3915,3915,3915,3915,3915,3915,3915,3915,3915,3915,3915,3915,3915,3915,3915,3915,3915,3915,3915,3915,3915,3915,3915,3915,3915,3915,3915,3915,3915,3915,3915,3915,3915,3915,3915,3915,3915,3915,3915,3915,3915,3915,3915,3915,3915,3915,3915,3915,3915,3915,3915,3915,3915,3915,3915,3915,3915,3915,3915,3915,3915,3915,3915,3915,3915,3915,3915,3915,3915,3915,3915,3915,3915,3915, ,2421,2421,2421,2421,2421,2421,2421,,,,,,,,,,,,,,,,,,,,,
229,Cata Dead Female Face Up,2585,2581,2584,2885,2637,2607,2610,2606,2716,2715,2714,2708,2707,2706,2611,2602,2603,2604,2709,2960,2710,2609,2723,2724,2725,2571,2570,2572,2598,2597,2596,2696,2697,2701,2691,2692,2699,2694,2695,2700,2704,2705,2537,2538,2560,2561,2854,2855,2845,2846,2542,2543,2544,2847,2562,2591,2592,2588,2587,2586,2563,2539,2593,2545,2848,2599,2600,2601,2976,2893,2859,2860,2861,2862,2540,2564,2541,2565,2594,2595,2849,2850,2546,2552,2553,2554,2555,2556,2557,2558,2559,2917,2916,2918,2914,2913,2915,2917,2915,2918,3123,3124,3125,3124,3777,2717,2719,2718,2840,2841,2842,2843,2844,2608,2711,2713,2712,2851,2852,2853,2547,2548,2549,2550,2551,2864,2865,2866,2867,2961,2868,2869,2870,,3614,3615,3613,3616,3782,3783,3784,,,,,,,,,,,,,,,,,,,,,
230,Classic Dead Female Face Up,384,378,379,385,383,494,495,362,354,355,356,357,358,359,364,375,376,377,347,348,349,397,398,399,216,419,420,418,422,438,421,440,439,449,444,443,689,446,445,690,448,447,423,424,425,426,427,428,429,430,431,432,434,435,433,436,437,416,417,415,487,488,489,490,491,93,94,95,91,128,145,146,147,148,194,195,196,197,198,199,282,492,493,558,559,560,561,562,563,564,566,1351,1350,1351,1353,1352,1353,1355,1354,1355,1379,1380,1381,1385,1286,1288,1287,1289,1290,1291,1292,1293,1294,1480,1481,1497,1482,1483,1484,1485,943,945,946,948,949,2227,2228,2229,2230,2231,2232,2233,2234,,3602,3604,3603,3601,3868,3869,3865,,,,,,,,,,,,,,,,,,,,,
232,Catapult Monster,2405,2406,2404,2405,2406,2404,2405,2406,2404,2405,2406,2404,2405,2406,2404,2405,2406,2404,2405,2406,2404,2405,2406,2404,2405,2406,2404,2405,2406,2404,2405,2406,2404,2405,2406,2404,2405,2406,2404,2405,2406,2404,2405,2406,2404,2405,2406,2404,2405,2406,2404,2405,2406,2404,2405,2406,2404,2405,2406,2404,2405,2406,2404,2405,2406,2404,2405,2406,2404,2405,2406,2404,2405,2406,2404,2405,2406,2404,2405,2406,2404,2405,2406,2404,2405,2406,2404,2405,2406,2404,2405,2406,2404,2405,2406,2404,2405,2406,2404,2405,2406,2404,2405,2406,2404,2405,2406,2404,2405,2406,2404,2405,2406,2404,2405,2406,2404,2405,2406,2404,2405,2406,2404,2405,2406,2404,2405,2406,2404,2405,2406,2404,2405,,,,,,,,,,,,,,,,,,,,,,,,,,,,,
233,Cata Briton Male,2585,2581,2584,2885,2637,2607,2610,2606,2716,2715,2714,2708,2707,2706,2611,2602,2603,2604,2709,2960,2710,2609,2723,2724,2725,2571,2570,2572,2598,2597,2596,2696,2697,2701,2691,2692,2699,2694,2695,2700,2704,2705,2537,2538,2560,2561,2854,2855,2845,2846,2542,2543,2544,2847,2562,2591,2592,2588,2587,2586,2563,2539,2593,2545,2848,2599,2600,2601,2976,2893,2859,2860,2861,2862,2540,2564,2541,2565,2594,2595,2849,2850,2546,2552,2553,2554,2555,2556,2557,2558,2559,2917,2916,2918,2914,2913,2915,2917,2915,2918,3123,3124,3125,3124,3777,2717,2719,2718,2840,2841,2842,2843,2844,2608,2711,2713,2712,2851,2852,2853,2547,2548,2549,2550,2551,2864,2865,2866,2867,2961,2868,2869,2870,,3614,3615,3613,3616,3782,3783,3784, ,,,,,,,,,,,,,,,,,,,,
234,Cata Briton Female,2585,2581,2584,2885,2637,2607,2610,2606,2716,2715,2714,2708,2707,2706,2611,2602,2603,2604,2709,2960,2710,2609,2723,2724,2725,2571,2570,2572,2598,2597,2596,2696,2697,2701,2691,2692,2699,2694,2695,2700,2704,2705,2537,2538,2560,2561,2854,2855,2845,2846,2542,2543,2544,2847,2562,2591,2592,2588,2587,2586,2563,2539,2593,2545,2848,2599,2600,2601,2976,2893,2859,2860,2861,2862,2540,2564,2541,2565,2594,2595,2849,2850,2546,2552,2553,2554,2555,2556,2557,2558,2559,2917,2916,2918,2914,2913,2915,2917,2915,2918,3123,3124,3125,3124,3777,2717,2719,2718,2840,2841,2842,2843,2844,2608,2711,2713,2712,2851,2852,2853,2547,2548,2549,2550,2551,2864,2865,2866,2867,2961,2868,2869,2870,,3614,3615,3613,3616,3782,3783,3784,,,,,,,,,,,,,,,,,,,,,
235,Cata Saracen Male,2585,2581,2584,2885,2637,2607,2610,2606,2716,2715,2714,2708,2707,2706,2611,2602,2603,2604,2709,2960,2710,2609,2723,2724,2725,2571,2570,2572,2598,2597,2596,2696,2697,2701,2691,2692,2699,2694,2695,2700,2704,2705,2537,2538,2560,2561,2854,2855,2845,2846,2542,2543,2544,2847,2562,2591,2592,2588,2587,2586,2563,2539,2593,2545,2848,2599,2600,2601,2976,2893,2859,2860,2861,2862,2540,2564,2541,2565,2594,2595,2849,2850,2546,2552,2553,2554,2555,2556,2557,2558,2559,2917,2916,2918,2914,2913,2915,2917,2915,2918,3123,3124,3125,3124,3777,2717,2719,2718,2840,2841,2842,2843,2844,2608,2711,2713,2712,2851,2852,2853,2547,2548,2549,2550,2551,2864,2865,2866,2867,2961,2868,2869,2870,,3614,3615,3613,3616,3782,3783,3784,,,,,,,,,,,,,,,,,,,,,
236,Cata Saracen Female,2585,2581,2584,2885,2637,2607,2610,2606,2716,2715,2714,2708,2707,2706,2611,2602,2603,2604,2709,2960,2710,2609,2723,2724,2725,2571,2570,2572,2598,2597,2596,2696,2697,2701,2691,2692,2699,2694,2695,2700,2704,2705,2537,2538,2560,2561,2854,2855,2845,2846,2542,2543,2544,2847,2562,2591,2592,2588,2587,2586,2563,2539,2593,2545,2848,2599,2600,2601,2976,2893,2859,2860,2861,2862,2540,2564,2541,2565,2594,2595,2849,2850,2546,2552,2553,2554,2555,2556,2557,2558,2559,2917,2916,2918,2914,2913,2915,2917,2915,2918,3123,3124,3125,3124,3777,2717,2719,2718,2840,2841,2842,2843,2844,2608,2711,2713,2712,2851,2852,2853,2547,2548,2549,2550,2551,2864,2865,2866,2867,2961,2868,2869,2870,,3614,3615,3613,3616,3782,3783,3784,,,,,,,,,,,,,,,,,,,,,
237,Cata Frostalf Male,2585,2581,2584,2885,2637,2607,2610,2606,2716,2715,2714,2708,2707,2706,2611,2602,2603,2604,2709,2960,2710,2609,2723,2724,2725,2571,2570,2572,2598,2597,2596,2696,2697,2701,2691,2692,2699,2694,2695,2700,2704,2705,2537,2538,2560,2561,2854,2855,2845,2846,2542,2543,2544,2847,2562,2591,2592,2588,2587,2586,2563,2539,2593,2545,2848,2599,2600,2601,2976,2893,2859,2860,2861,2862,2540,2564,2541,2565,2594,2595,2849,2850,2546,2552,2553,2554,2555,2556,2557,2558,2559,2917,2916,2918,2914,2913,2915,2917,2915,2918,3123,3124,3125,3124,3777,2717,2719,2718,2840,2841,2842,2843,2844,2608,2711,2713,2712,2851,2852,2853,2547,2548,2549,2550,2551,2864,2865,2866,2867,2961,2868,2869,2870,,3614,3615,3613,3616,3782,3783,3784,,,,,,,,,,,,,,,,,,,,,
238,Cata Frostalf Female,2585,2581,2584,2885,2637,3499,2610,2606,2716,2715,2714,2708,2707,2706,2611,2602,2603,2604,2709,2960,2710,2609,2723,2724,2725,2571,2570,2572,2598,2597,2596,2696,2697,2701,2691,2692,2699,2694,2695,2700,2704,2705,2537,2538,2560,2561,2854,2855,2845,2846,2542,2543,2544,2847,2562,2591,2592,2588,2587,2586,2563,2539,2593,2545,2848,2599,2600,2601,2976,2893,2859,2860,2861,2862,2540,2564,2541,2565,2594,2595,2849,2850,2546,2552,2553,2554,2555,2556,2557,2558,2559,2917,2916,2918,2914,2913,2915,2917,2915,2918,3123,3124,3125,3124,3777,2717,2719,2718,2840,2841,2842,2843,2844,2608,2711,2713,2712,2851,2852,2853,2547,2548,2549,2550,2551,2864,2865,2866,2867,2961,2868,2869,2870,,3614,3615,3613,3616,3782,3783,3784,,,,,,,,,,,,,,,,,,,,,
239,Cata Shar Male,2585,2581,2584,2885,2637,2607,2610,2606,2716,2715,2714,2708,2707,2706,2611,2602,2603,2604,2709,2960,2710,2609,2723,2724,2725,2571,2570,2572,2598,2597,2596,2696,2697,2701,2691,2692,2699,2694,2695,2700,2704,2705,2537,2538,2560,2561,2854,2855,2845,2846,2542,2543,2544,2847,2562,2591,2592,2588,2587,2586,2563,2539,2593,2545,2848,2599,2600,2601,2976,2893,2859,2860,2861,2862,2540,2564,2541,2565,2594,2595,2849,2850,2546,2552,2553,2554,2555,2556,2557,2558,2559,2917,2916,2918,2914,2913,2915,2917,2915,2918,3123,3124,3125,3124,3777,2717,2719,2718,2840,2841,2842,2843,2844,2608,2711,2713,2712,2851,2852,2853,2547,2548,2549,2550,2551,2864,2865,2866,2867,2961,2868,2869,2870,,3614,3615,3613,3616,3782,3783,3784,,,,,,,,,,,,,,,,,,,,,
240,Cata Shar Female,2585,2581,2584,2885,2637,2607,2610,2606,2716,2715,2714,2708,2707,2706,2611,2602,2603,2604,2709,2960,2710,2609,2723,2724,2725,2571,2570,2572,2598,2597,2596,2696,2697,2701,2691,2692,2699,2694,2695,2700,2704,2705,2537,2538,2560,2561,2854,2855,2845,2846,2542,2543,2544,2847,2562,2591,2592,2588,2587,2586,2563,2539,2593,2545,2848,2599,2600,2601,2976,2893,2859,2860,2861,2862,2540,2564,2541,2565,2594,2595,2849,2850,2546,2552,2553,2554,2555,2556,2557,2558,2559,2917,2916,2918,2914,2913,2915,2917,2915,2918,3123,3124,3125,3124,3777,2717,2719,2718,2840,2841,2842,2843,2844,2608,2711,2713,2712,2851,2852,2853,2547,2548,2549,2550,2551,2864,2865,2866,2867,2961,2868,2869,2870,,3614,3615,3613,3616,3782,3783,3784,,,,,,,,,,,,,,,,,,,,,
241,Cata Avalonian Male,2585,2581,2584,2885,2637,2607,2610,2606,2716,2715,2714,2708,2707,2706,2611,2602,2603,2604,2709,2960,2710,2609,2723,2724,2725,2571,2570,2572,2598,2597,2596,2696,2697,2701,2691,2692,2699,2694,2695,2700,2704,2705,2537,2538,2560,2561,2854,2855,2845,2846,2542,2543,2544,2847,2562,2591,2592,2588,2587,2586,2563,2539,2593,2545,2848,2599,2600,2601,2976,2893,2859,2860,2861,2862,2540,2564,2541,2565,2594,2595,2849,2850,2546,2552,2553,2554,2555,2556,2557,2558,2559,2917,2916,2918,2914,2913,2915,2917,2915,2918,3123,3124,3125,3124,3777,2717,2719,2718,2840,2841,2842,2843,2844,2608,2711,2713,2712,2851,2852,2853,2547,2548,2549,2550,2551,2864,2865,2866,2867,2961,2868,2869,2870,,3614,3615,3613,3616,3782,3783,3784,,,,,,,,,,,,,,,,,,,,,
242,Cata Avalonian Female,2585,2581,2584,2885,2637,3211,2610,2606,2716,2715,2714,2708,2707,2706,2611,2602,2603,2604,2709,2960,2710,2609,2723,2724,2725,2571,2570,2572,2598,2597,2596,2696,2697,2701,2691,2692,2699,2694,2695,2700,2704,2705,2537,2538,2560,2561,2854,2855,2845,2846,2542,2543,2544,2847,2562,2591,2592,2588,2587,2586,2563,2539,2593,2545,2848,2599,2600,2601,2976,2893,2859,2860,2861,2862,2540,2564,2541,2565,2594,2595,2849,2850,2546,2552,2553,2554,2555,2556,2557,2558,2559,2917,2916,2918,2914,2913,2915,2917,2915,2918,3123,3124,3125,3124,3777,2717,2719,2718,2840,2841,2842,2843,2844,2608,2711,2713,2712,2851,2852,2853,2547,2548,2549,2550,2551,2864,2865,2866,2867,2961,2868,2869,2870,,3614,3615,3613,3616,3782,3783,3784,,,,,,,,,,,,,,,,,,,,,
243,Cata Elf Male,2585,2581,2584,2885,2637,2607,2610,2606,2716,2715,2714,2708,2707,2706,2611,2602,2603,2604,2709,2960,2710,2609,2723,2724,2725,2571,2570,2572,2598,2597,2596,2696,2697,2701,2691,2692,2699,2694,2695,2700,2704,2705,2537,2538,2560,2561,2854,2855,2845,2846,2542,2543,2544,2847,2562,2591,2592,2588,2587,2586,2563,2539,2593,2545,2848,2599,2600,2601,2976,2893,2859,2860,2861,2862,2540,2564,2541,2565,2594,2595,2849,2850,2546,2552,2553,2554,2555,2556,2557,2558,2559,2917,2916,2918,2914,2913,2915,2917,2915,2918,3123,3124,3125,3124,3777,2717,2719,2718,2840,2841,2842,2843,2844,2608,2711,2713,2712,2851,2852,2853,2547,2548,2549,2550,2551,2864,2865,2866,2867,2961,2868,2869,2870,,3614,3615,3613,3616,3782,3783,3784,,,,,,,,,,,,,,,,,,,,,
244,Cata Elf Female,2585,2581,2584,2885,2637,3126,2610,2606,2716,2715,2714,2708,2707,2706,2611,2602,2603,2604,2709,2960,2710,2609,2723,2724,2725,2571,2570,2572,2598,2597,2596,2696,2697,2701,2691,2692,2699,2694,2695,2700,2704,2705,2537,2538,2560,2561,2854,2855,2845,2846,2542,2543,2544,2847,2562,2591,2592,2588,2587,2586,2563,2539,2593,2545,2848,2599,2600,2601,2976,2893,2859,2860,2861,2862,2540,2564,2541,2565,2594,2595,2849,2850,2546,2552,2553,2554,2555,2556,2557,2558,2559,2917,2916,2918,2914,2913,2915,2917,2915,2918,3123,3124,3125,3124,3777,2717,2719,2718,2840,2841,2842,2843,2844,2608,2711,2713,2712,2851,2852,2853,2547,2548,2549,2550,2551,2864,2865,2866,2867,2961,2868,2869,2870,,3614,3615,3613,3616,3782,3783,3784,,,,,,,,,,,,,,,,,,,,,
245,Cata Highlander Male,2585,2581,2584,2885,2637,2607,2610,2606,2716,2715,2714,2708,2707,2706,2611,2602,2603,2604,2709,2960,2710,2609,2723,2724,2725,2571,2570,2572,2598,2597,2596,2696,2697,2701,2691,2692,2699,2694,2695,2700,2704,2705,2537,2538,2560,2561,2854,2855,2845,2846,2542,2543,2544,2847,2562,2591,2592,2588,2587,2586,2563,2539,2593,2545,2848,2599,2600,2601,2976,2893,2859,2860,2861,2862,2540,2564,2541,2565,2594,2595,2849,2850,2546,2552,2553,2554,2555,2556,2557,2558,2559,2917,2916,2918,2914,2913,2915,2917,2915,2918,3123,3124,3125,3124,3777,2717,2719,2718,2840,2841,2842,2843,2844,2608,2711,2713,2712,2851,2852,2853,2547,2548,2549,2550,2551,2864,2865,2866,2867,2961,2868,2869,2870,,3614,3615,3613,3616,3782,3783,3784,,,,,,,,,,,,,,,,,,,,,
246,Cata Highlander Female,2585,2581,2584,2885,2637,2607,2610,2606,2716,2715,2714,2708,2707,2706,2611,2602,2603,2604,2709,2960,2710,2609,2723,2724,2725,2571,2570,2572,2598,2597,2596,2696,2697,2701,2691,2692,2699,2694,2695,2700,2704,2705,2537,2538,2560,2561,2854,2855,2845,2846,2542,2543,2544,2847,2562,2591,2592,2588,2587,2586,2563,2539,2593,2545,2848,2599,2600,2601,2976,2893,2859,2860,2861,2862,2540,2564,2541,2565,2594,2595,2849,2850,2546,2552,2553,2554,2555,2556,2557,2558,2559,2917,2916,2918,2914,2913,2915,2917,2915,2918,3123,3124,3125,3124,3777,2717,2719,2718,2840,2841,2842,2843,2844,2608,2711,2713,2712,2851,2852,2853,2547,2548,2549,2550,2551,2864,2865,2866,2867,2961,2868,2869,2870,,3614,3615,3613,3616,3782,3783,3784,,,,,,,,,,,,,,,,,,,,,
247,Cata Norse Male,2585,2581,2584,2885,2637,3498,2610,2606,2716,2715,2714,2708,2707,2706,2611,2602,2603,2604,2709,2960,2710,2609,2723,2724,2725,2571,2570,2572,2598,2597,2596,2696,2697,2701,2691,2692,2699,2694,2695,2700,2704,2705,2537,2538,2560,2561,2854,2590,2845,2846,2542,2543,2544,2847,2562,2591,2592,2588,2587,2586,2563,2539,2593,2545,2848,2599,2600,2601,2976,2893,2859,2860,2861,2862,2540,2564,2541,2565,2594,2595,2849,2850,2546,2552,2553,2554,2555,2556,2557,2558,2559,2917,2916,2918,2914,2913,2915,2917,2915,2918,3123,3124,3125,3124,3777,2717,2719,2718,2840,2841,2842,2843,2844,2608,2711,2713,2712,2851,2852,2853,2547,2548,2549,2550,2551,2864,2865,2866,2867,2961,2868,2869,2870,,3614,3615,3613,3616,3782,3783,3784,,,,,,,,,,,,,,,,,,,,,
248,Cata Norse Female,2585,2581,2584,2885,2637,3499,2610,2606,2716,2715,2714,2708,2707,2706,2611,2602,2603,2604,2709,2960,2710,2609,2723,2724,2725,2571,2570,2572,2598,2597,2596,2696,2697,2701,2691,2692,2699,2694,2695,2700,2704,2705,2537,2538,2560,2561,2854,2590,2845,2846,2542,2543,2544,2847,2562,2591,2592,2588,2587,2586,2563,2539,2593,2545,2848,2599,2600,2601,2976,2893,2859,2860,2861,2862,2540,2564,2541,2565,2594,2595,2849,2850,2546,2552,2553,2554,2555,2556,2557,2558,2559,2917,2916,2918,2914,2913,2915,2917,2915,2918,3123,3124,3125,3124,3777,2717,2719,2718,2840,2841,2842,2843,2844,2608,2711,2713,2712,2851,2852,2853,2547,2548,2549,2550,2551,2864,2865,2866,2867,2961,2868,2869,2870,,3614,3615,3613,3616,3782,3783,3784,,,,,,,,,,,,,,,,,,,,,
249,Cata Lurikeen Male,2585,2581,2584,2885,2637,2607,2610,2606,2716,2715,2714,2708,2707,2706,2611,2602,2603,2604,2709,2960,2710,2609,2723,2724,2725,2571,2570,2572,2598,2597,2596,2696,2697,2701,2691,2692,2699,2694,2695,2700,2704,2705,2537,2538,2560,2561,2854,2855,2845,2846,2542,2543,2544,2847,2562,2591,2592,2588,2587,2586,2563,2539,2593,2545,2848,2599,2600,2601,2976,2893,2859,2860,2861,2862,2540,2564,2541,2565,2594,2595,2849,2850,2546,2552,2553,2554,2555,2556,2557,2558,2559,2917,2916,2918,2914,2913,2915,2917,2915,2918,3123,3124,3125,3124,3777,2717,2719,2718,2840,2841,2842,2843,2844,2608,2711,2713,2712,2851,2852,2853,2547,2548,2549,2550,2551,2864,2865,2866,2867,2961,2868,2869,2870,,3614,3615,3613,3616,3782,3783,3784,,,,,,,,,,,,,,,,,,,,,
250,Cata Lurikeen Female,2585,2581,2584,2885,2637,3126,2610,2606,2716,2715,2714,2708,2707,2706,2611,2602,2603,2604,2709,2960,2710,2609,2723,2724,2725,2571,2570,2572,2598,2597,2596,2696,2697,2701,2691,2692,2699,2694,2695,2700,2704,2705,2537,2538,2560,2561,2854,2855,2845,2846,2542,2543,2544,2847,2562,2591,2592,2588,2587,2586,2563,2539,2593,2545,2848,2599,2600,2601,2976,2893,2859,2860,2861,2862,2540,2564,2541,2565,2594,2595,2849,2850,2546,2552,2553,2554,2555,2556,2557,2558,2559,2917,2916,2918,2914,2913,2915,2917,2915,2918,3123,3124,3125,3124,3777,2717,2719,2718,2840,2841,2842,2843,2844,2608,2711,2713,2712,2851,2852,2853,2547,2548,2549,2550,2551,2864,2865,2866,2867,2961,2868,2869,2870,,3614,3615,3613,3616,3782,3783,3784,,,,,,,,,,,,,,,,,,,,,
251,Cata Kobold Male,2585,2581,2584,2885,2637,3498,2610,2606,2716,2715,2714,2708,2707,2706,2611,2602,2603,2604,2709,2960,2710,2609,2723,2724,2725,2571,2570,2572,2598,2597,2596,2696,2697,2701,2691,2692,2699,2694,2695,2700,2704,2705,2537,2538,2560,2561,2854,2590,2845,2846,2542,2543,2544,2847,2562,2591,2592,2588,2587,2586,2563,2539,2593,2545,2848,2599,2600,2601,2976,2893,2859,2860,2861,2862,2540,2564,2541,2565,2594,2595,2849,2850,2546,2552,2553,2554,2555,2556,2557,2558,2559,2917,2916,2918,2914,2913,2915,2917,2915,2918,3123,3124,3125,3124,3777,2717,2719,2718,2840,2841,2842,2843,2844,2608,2711,2713,2712,2851,2852,2853,2547,2548,2549,2550,2551,2864,2865,2866,2867,2961,2868,2869,2870,,3614,3615,3613,3616,3782,3783,3784,,,,,,,,,,,,,,,,,,,,,
252,Cata Kobold Female,2585,2581,2584,2885,2637,3498,2610,2606,2716,2715,2714,2708,2707,2706,2611,2602,2603,2604,2709,2960,2710,2609,2723,2724,2725,2571,2570,2572,2598,2597,2596,2696,2697,2701,2691,2692,2699,2694,2695,2700,2704,2705,2537,2538,2560,2561,2854,2590,2845,2846,2542,2543,2544,2847,2562,2591,2592,2588,2587,2586,2563,2539,2593,2545,2848,2599,2600,2601,2976,2893,2859,2860,2861,2862,2540,2564,2541,2565,2594,2595,2849,2850,2546,2552,2553,2554,2555,2556,2557,2558,2559,2917,2916,2918,2914,2913,2915,2917,2915,2918,3123,3124,3125,3124,3777,2717,2719,2718,2840,2841,2842,2843,2844,2608,2711,2713,2712,2851,2852,2853,2547,2548,2549,2550,2551,2864,2865,2866,2867,2961,2868,2869,2870,,3614,3615,3613,3616,3782,3783,3784,,,,,,,,,,,,,,,,,,,,,
253,Cata Dwarf Male,2585,2581,2584,2885,2637,2612,3212,2606,2716,2715,2714,2708,2707,2706,2611,2602,2603,2604,2709,2960,2710,2609,2723,2724,2725,2571,2570,2572,2598,2597,2596,2696,2697,2701,2691,2692,2699,2694,2695,2700,2704,2705,2537,2538,2560,2561,2854,2590,2845,2846,2542,2543,2544,2847,2562,2591,2592,2588,2587,2586,2563,2539,2593,2545,2848,2599,2600,2601,2976,2893,2859,2860,2861,2862,2540,2564,2541,2565,2594,2595,2849,2850,2546,2552,2553,2554,2555,2556,2557,2558,2559,2917,2916,2918,2914,2913,2915,2917,2915,2918,3123,3124,3125,3124,3777,2717,2719,2718,2840,2841,2842,2843,2844,2608,2711,2713,2712,2851,2852,2853,2547,2548,2549,2550,2551,2864,2865,2866,2867,2961,2868,2869,2870,,3614,3615,3613,3616,3782,3783,3784,,,,,,,,,,,,,,,,,,,,,
254,Cata Dwarf Female,2585,2581,2584,2885,2637,2607,2610,2606,2716,2715,2714,2708,2707,2706,2611,2602,2603,2604,2709,2960,2710,2609,2723,2724,2725,2571,2570,2572,2598,2597,2596,2696,2697,2701,2691,2692,2699,2694,2695,2700,2704,2705,2537,2538,2560,2561,2854,2590,2845,2846,2542,2543,2544,2847,2562,2591,2592,2588,2587,2586,2563,2539,2593,2545,2848,2599,2600,2601,2976,2893,2859,2860,2861,2862,2540,2564,2541,2565,2594,2595,2849,2850,2546,2552,2553,2554,2555,2556,2557,2558,2559,2917,2916,2918,2914,2913,2915,2917,2915,2918,3123,3124,3125,3124,3777,2717,2719,2718,2840,2841,2842,2843,2844,2608,2711,2713,2712,2851,2852,2853,2547,2548,2549,2550,2551,2864,2865,2866,2867,2961,2868,2869,2870,,3614,3615,3613,3616,3782,3783,3784,,,,,,,,,,,,,,,,,,,,,
255,Cata Inconnu Male,2585,2581,2584,2885,2637,2607,2610,2606,2716,2715,2714,2708,2707,2706,2611,2602,2603,2604,2709,2960,2710,2609,2723,2724,2725,2571,2570,2572,2598,2597,2596,2696,2697,2701,2691,2692,2699,2694,2695,2700,2704,2705,2537,2538,2560,2561,2854,2855,2845,2846,2542,2543,2544,2847,2562,2591,2592,2588,2587,2586,2563,2539,2593,2545,2848,2599,2600,2601,2976,2893,2859,2860,2861,2862,2540,2564,2541,2565,2594,2595,2849,2850,2546,2552,2553,2554,2555,2556,2557,2558,2559,2917,2916,2918,2914,2913,2915,2917,2915,2918,3123,3124,3125,3124,3777,2717,2719,2718,2840,2841,2842,2843,2844,2608,2711,2713,2712,2851,2852,2853,2547,2548,2549,2550,2551,2864,2865,2866,2867,2961,2868,2869,2870,,3614,3615,3613,3616,3782,3783,3784,,,,,,,,,,,,,,,,,,,,,
256,Cata Inconnu Female,2585,2581,2584,2885,2637,2607,2610,2606,2716,2715,2714,2708,2707,2706,2611,2602,2603,2604,2709,2960,2710,2609,2723,2724,2725,2571,2570,2572,2598,2597,2596,2696,2697,2701,2691,2692,2699,2694,2695,2700,2704,2705,2537,2538,2560,2561,2854,2855,2845,2846,2542,2543,2544,2847,2562,2591,2592,2588,2587,2586,2563,2539,2593,2545,2848,2599,2600,2601,2976,2893,2859,2860,2861,2862,2540,2564,2541,2565,2594,2595,2849,2850,2546,2552,2553,2554,2555,2556,2557,2558,2559,2917,2916,2918,2914,2913,2915,2917,2915,2918,3123,3124,3125,3124,3777,2717,2719,2718,2840,2841,2842,2843,2844,2608,2711,2713,2712,2851,2852,2853,2547,2548,2549,2550,2551,2864,2865,2866,2867,2961,2868,2869,2870,,3614,3615,3613,3616,3782,3783,3784,,,,,,,,,,,,,,,,,,,,,
257,Cata Half Ogre Male,2585,2581,2584,2885,2637,2607,3210,2606,2716,2715,2714,2708,2707,2706,2611,2602,2603,2604,2709,2960,2710,2609,2723,2724,2725,2571,2570,2572,2598,2597,2596,2696,2697,2701,2691,2692,2699,2694,2695,2700,2704,2705,2537,2538,2560,2561,2854,2855,2845,2846,2542,2543,2544,2847,2562,2591,2592,2588,2587,2586,2563,2539,2593,2545,2848,2599,2600,2601,2976,2893,2859,2860,2861,2862,2540,2564,2541,2565,2594,2595,2849,2850,2546,2552,2553,2554,2555,2556,2557,2558,2559,2917,2916,2918,2914,2913,2915,2917,2915,2918,3123,3124,3125,3124,3777,2717,2719,2718,2840,2841,2842,2843,2844,2608,2711,2713,2712,2851,2852,2853,2547,2548,2549,2550,2551,2864,2865,2866,2867,2961,2868,2869,2870,,3614,3615,3613,3616,3782,3783,3784,,,,,,,,,,,,,,,,,,,,,
258,Cata Half Ogre Female,2585,2581,2584,2885,2637,2607,2610,2606,2716,2715,2714,2708,2707,2706,2611,2602,2603,2604,2709,2960,2710,2609,2723,2724,2725,2571,2570,2572,2598,2597,2596,2696,2697,2701,2691,2692,2699,2694,2695,2700,2704,2705,2537,2538,2560,2561,2854,2855,2845,2846,2542,2543,2544,2847,2562,2591,2592,2588,2587,2586,2563,2539,2593,2545,2848,2599,2600,2601,2976,2893,2859,2860,2861,2862,2540,2564,2541,2565,2594,2595,2849,2850,2546,2552,2553,2554,2555,2556,2557,2558,2559,2917,2916,2918,2914,2913,2915,2917,2915,2918,3123,3124,3125,3124,3777,2717,2719,2718,2840,2841,2842,2843,2844,2608,2711,2713,2712,2851,2852,2853,2547,2548,2549,2550,2551,2864,2865,2866,2867,2961,2868,2869,2870,,3614,3615,3613,3616,3782,3783,3784,,,,,,,,,,,,,,,,,,,,,
259,Cata Valkyn Male,2585,2581,2584,2885,2637,3498,3213,2606,2716,2715,2714,2708,2707,2706,2611,2602,2603,2604,2709,2960,2710,2609,2723,2724,2725,2571,2570,2572,2598,2597,2596,2696,2697,2701,2691,2692,2699,2694,2695,2700,2704,2705,2537,2538,2560,2561,2854,2855,2845,2846,2542,2543,2544,2847,2562,2591,2592,2588,2587,2586,2563,2539,2593,2545,2848,2599,2600,2601,2976,2893,2859,2860,2861,2862,2540,2564,2541,2565,2594,2595,2849,2850,2546,2552,2553,2554,2555,2556,2557,2558,2559,2917,2916,2918,2914,2913,2915,2917,2915,2918,3123,3124,3125,3124,3777,2717,2719,2718,2840,2841,2842,2843,2844,2608,2711,2713,2712,2851,2852,2853,2547,2548,2549,2550,2551,2864,2865,2866,2867,2961,2868,2869,2870,,3614,3615,3613,3616,3782,3783,3784,,,,,,,,,,,,,,,,,,,,,
260,Cata Valkyn Female,2585,2581,2584,2885,2637,3499,3213,2606,2716,2715,2714,2708,2707,2706,2611,2602,2603,2604,2709,2960,2710,2609,2723,2724,2725,2571,2570,2572,2598,2597,2596,2696,2697,2701,2691,2692,2699,2694,2695,2700,2704,2705,2537,2538,2560,2561,2854,2855,2845,2846,2542,2543,2544,2847,2562,2591,2592,2588,2587,2586,2563,2539,2593,2545,2848,2599,2600,2601,2976,2893,2859,2860,2861,2862,2540,2564,2541,2565,2594,2595,2849,2850,2546,2552,2553,2554,2555,2556,2557,2558,2559,2917,2916,2918,2914,2913,2915,2917,2915,2918,3123,3124,3125,3124,3777,2717,2719,2718,2840,2841,2842,2843,2844,2608,2711,2713,2712,2851,2852,2853,2547,2548,2549,2550,2551,2864,2865,2866,2867,2961,2868,2869,2870,,3614,3615,3613,3616,3782,3783,3784,,,,,,,,,,,,,,,,,,,,,
261,Cata Firbolg Male,2585,2581,2584,2885,2637,2607,2610,2606,2716,2715,2714,2708,2707,2706,2611,2602,2603,2604,2709,2960,2710,2609,2723,2724,2725,2571,2570,2572,2598,2597,2596,2696,2697,2701,2691,2692,2699,2694,2695,2700,2704,2705,2537,2538,2560,2561,2854,2855,2845,2846,2542,2543,2544,2847,2562,2591,2592,2588,2587,2586,2563,2539,2593,2545,2848,2599,2600,2601,2976,2893,2859,2860,2861,2862,2540,2564,2541,2565,2594,2595,2849,2850,2546,2552,2553,2554,2555,2556,2557,2558,2559,2917,2916,2918,2914,2913,2915,2917,2915,2918,3123,3124,3125,3124,3777,2717,2719,2718,2840,2841,2842,2843,2844,2608,2711,2713,2712,2851,2852,2853,2547,2548,2549,2550,2551,2864,2865,2866,2867,2961,2868,2869,2870,,3614,3615,3613,3616,3782,3783,3784,,,,,,,,,,,,,,,,,,,,,
262,Cata Firbolg Female,2585,2581,2584,2885,2637,3499,2610,2606,2716,2715,2714,2708,2707,2706,2611,2602,2603,2604,2709,2960,2710,2609,2723,2724,2725,2571,2570,2572,2598,2597,2596,2696,2697,2701,2691,2692,2699,2694,2695,2700,2704,2705,2537,2538,2560,2561,2854,2855,2845,2846,2542,2543,2544,2847,2562,2591,2592,2588,2587,2586,2563,2539,2593,2545,2848,2599,2600,2601,2976,2893,2859,2860,2861,2862,2540,2564,2541,2565,2594,2595,2849,2850,2546,2552,2553,2554,2555,2556,2557,2558,2559,2917,2916,2918,2914,2913,2915,2917,2915,2918,3123,3124,3125,3124,3777,2717,2719,2718,2840,2841,2842,2843,2844,2608,2711,2713,2712,2851,2852,2853,2547,2548,2549,2550,2551,2864,2865,2866,2867,2961,2868,2869,2870,,3614,3615,3613,3616,3782,3783,3784,,,,,,,,,,,,,,,,,,,,,
263,Cata Troll Male,2585,2581,2584,2885,2637,2613,2610,2606,2716,2715,2714,2708,2707,2706,2611,2602,2603,2604,2709,2960,2710,2609,2723,2724,2725,2571,2570,2572,2598,2597,2596,2696,2697,2701,2691,2692,2699,2694,2695,2700,2704,2705,2537,2538,2560,2561,2854,2590,2845,2846,2542,2543,2544,2847,2562,2591,2592,2588,2587,2586,2563,2539,2593,2545,2848,2599,2600,2601,2976,2893,2859,2860,2861,2862,2540,2564,2541,2565,2594,2595,2849,2850,2546,2552,2553,2554,2555,2556,2557,2558,2559,2917,2916,2918,2914,2913,2915,2917,2915,2918,3123,3124,3125,3124,3777,2717,2719,2718,2840,2841,2842,2843,2844,2608,2711,2713,2712,2851,2852,2853,2547,2548,2549,2550,2551,2864,2865,2866,2867,2961,2868,2869,2870,,3614,3615,3613,3616,3782,3783,3784,,,,,,,,,,,,,,,,,,,,,
264,Cata Troll Female,2585,2581,2584,2885,2637,2613,2610,2606,2716,2715,2714,2708,2707,2706,2611,2602,2603,2604,2709,2960,2710,2609,2723,2724,2725,2571,2570,2572,2598,2597,2596,2696,2697,2701,2691,2692,2699,2694,2695,2700,2704,2705,2537,2538,2560,2561,2854,2590,2845,2846,2542,2543,2544,2847,2562,2591,2592,2588,2587,2586,2563,2539,2593,2545,2848,2599,2600,2601,2976,2893,2859,2860,2861,2862,2540,2564,2541,2565,2594,2595,2849,2850,2546,2552,2553,2554,2555,2556,2557,2558,2559,2917,2916,2918,2914,2913,2915,2917,2915,2918,3123,3124,3125,3124,3777,2717,2719,2718,2840,2841,2842,2843,2844,2608,2711,2713,2712,2851,2852,2853,2547,2548,2549,2550,2551,2864,2865,2866,2867,2961,2868,2869,2870,,3614,3615,3613,3616,3782,3783,3784,,,,,,,,,,,,,,,,,,,,,
265,Cata Celt Male,2585,2581,2584,2885,2637,2607,2610,2606,2716,2715,2714,2708,2707,2706,2611,2602,2603,2604,2709,2960,2710,2609,2723,2724,2725,2571,2570,2572,2598,2597,2596,2696,2697,2701,2691,2692,2699,2694,2695,2700,2704,2705,2537,2538,2560,2561,2854,2855,2845,2846,2542,2543,2544,2847,2562,2591,2592,2588,2587,2586,2563,2539,2593,2545,2848,2599,2600,2601,2976,2893,2859,2860,2861,2862,2540,2564,2541,2565,2594,2595,2849,2850,2546,2552,2553,2554,2555,2556,2557,2558,2559,2917,2916,2918,2914,2913,2915,2917,2915,2918,3123,3124,3125,3124,3777,2717,2719,2718,2840,2841,2842,2843,2844,2608,2711,2713,2712,2851,2852,2853,2547,2548,2549,2550,2551,2864,2865,2866,2867,2961,2868,2869,2870,,3614,3615,3613,3616,3782,3783,3784,,,,,,,,,,,,,,,,,,,,,
266,Cata Celt Female,2585,2581,2584,2885,2637,3126,2610,2606,2716,2715,2714,2708,2707,2706,2611,2602,2603,2604,2709,2960,2710,2609,2723,2724,2725,2571,2570,2572,2598,2597,2596,2696,2697,2701,2691,2692,2699,2694,2695,2700,2704,2705,2537,2538,2560,2561,2854,2855,2845,2846,2542,2543,2544,2847,2562,2591,2592,2588,2587,2586,2563,2539,2593,2545,2848,2599,2600,2601,2976,2893,2859,2860,2861,2862,2540,2564,2541,2565,2594,2595,2849,2850,2546,2552,2553,2554,2555,2556,2557,2558,2559,2917,2916,2918,2914,2913,2915,2917,2915,2918,3123,3124,3125,3124,3777,2717,2719,2718,2840,2841,2842,2843,2844,2608,2711,2713,2712,2851,2852,2853,2547,2548,2549,2550,2551,2864,2865,2866,2867,2961,2868,2869,2870,,3614,3615,3613,3616,3782,3783,3784,,,,,,,,,,,,,,,,,,,,,
267,Cata Sylvan Male,2585,2581,2584,2885,2637,2607,2610,2606,2716,2715,2714,2708,2707,2706,2611,2602,2603,2604,2709,2960,2710,2609,2723,2724,2725,2571,2570,2572,2598,2597,2596,2696,2697,2701,2691,2692,2699,2694,2695,2700,2704,2705,2537,2538,2560,2561,2854,2855,2845,2846,2542,2543,2544,2847,2562,2591,2592,2588,2587,2586,2563,2539,2593,2545,2848,2599,2600,2601,2976,2893,2859,2860,2861,2862,2540,2564,2541,2565,2594,2595,2849,2850,2546,2552,2553,2554,2555,2556,2557,2558,2559,2917,2916,2918,2914,2913,2915,2917,2915,2918,3123,3124,3125,3124,3777,2717,2719,2718,2840,2841,2842,2843,2844,2608,2711,2713,2712,2851,2852,2853,2547,2548,2549,2550,2551,2864,2865,2866,2867,2961,2868,2869,2870,,3614,3615,3613,3616,3782,3783,3784,,,,,,,,,,,,,,,,,,,,,
268,Cata Sylvan Female,2585,2581,2584,2885,2637,3126,2610,2606,2716,2715,2714,2708,2707,2706,2611,2602,2603,2604,2709,2960,2710,2609,2723,2724,2725,2571,2570,2572,2598,2597,2596,2696,2697,2701,2691,2692,2699,2694,2695,2700,2704,2705,2537,2538,2560,2561,2854,2855,2845,2846,2542,2543,2544,2847,2562,2591,2592,2588,2587,2586,2563,2539,2593,2545,2848,2599,2600,2601,2976,2893,2859,2860,2861,2862,2540,2564,2541,2565,2594,2595,2849,2850,2546,2552,2553,2554,2555,2556,2557,2558,2559,2917,2916,2918,2914,2913,2915,2917,2915,2918,3123,3124,3125,3124,3777,2717,2719,2718,2840,2841,2842,2843,2844,2608,2711,2713,2712,2851,2852,2853,2547,2548,2549,2550,2551,2864,2865,2866,2867,2961,2868,2869,2870,,3614,3615,3613,3616,3782,3783,3784,,,,,,,,,,,,,,,,,,,,,
269,Terracite,2518,2518,2518,2515,2513,2513,2513,2513,2518,2518,2518,2518,2518,2518,2513,2507,2508,2509,2518,2518,2518,2518,2518,2518,2518,2518,2518,2518,2518,2518,2518,2518,2518,2518,2518,2518,2518,2518,2518,2518,2518,2518,2518,2518,2518,2518,2518,2518,2518,2518,2518,2518,2518,2518,2518,2518,2518,2518,2518,2518,2518,2518,2518,2518,2518,2518,2518,2518,2518,2518,2518,2518,2518,2518,2518,2518,2518,2518,2518,2518,2518,2518,2518,2518,2518,2518,2518,2518,2518,2518,2518,2518,2518,2518,2518,2518,2518,2518,2518,2518,2518,2518,2518,2518,2518,2518,2518,2518,2518,2518,2518,2518,2518,2518,2518,2518,2518,2518,2518,2518,2518,2518,2518,2518,2518,2518,2518,2518,2518,2518,2518,2518,2518,,,,,,,,,,,,,,,,,,,,,,,,,,,,,
270,Gargoyle Ground,2532,2532,2532,2533,2531,2531,2531,2531,2532,2532,2532,2532,2532,2532,2531,2519,2520,2521,2532,2532,2532,2532,2532,2532,2532,2532,2532,2532,2532,2532,2532,2532,2532,2532,2532,2532,2532,2532,2532,2532,2532,2532,2532,2532,2532,2532,2532,2532,2532,2532,2532,2532,2532,2532,2532,2532,2532,2532,2532,2532,2532,2532,2532,2532,2532,2532,2532,2532,2532,2532,2532,2532,2532,2532,2532,2532,2532,2532,2532,2532,2532,2532,2532,2532,2532,2532,2532,2532,2532,2532,2532,2532,2532,2532,2532,2532,2532,2532,2532,2532,2532,2532,2532,2532,2532,2532,2532,2532,2532,2532,2532,2532,2532,2532,2532,2532,2532,2532,2532,2532,2532,2532,2532,2532,2532,2532,2532,2532,2532,2532,2532,2532,2532,,,,,,,,,,,,,,,,,,,,,,,,,,,,,
271,Gargoyle Air,2528,2528,2528,2525,2527,2527,2527,2527,2528,2528,2528,2528,2528,2528,2528,2528,2528,2528,2528,2528,2528,2528,2528,2528,2528,2528,2528,2528,2528,2528,2528,2528,2528,2528,2528,2528,2528,2528,2528,2528,2528,2528,2528,2528,2528,2528,2528,2528,2528,2528,2528,2528,2528,2528,2528,2528,2528,2528,2528,2528,2528,2528,2528,2528,2528,2528,2528,2528,2528,2528,2528,2528,2528,2528,2528,2528,2528,2528,2528,2528,2528,2528,2528,2528,2528,2528,2528,2528,2528,2528,2528,2528,2528,2528,2528,2528,2528,2528,2528,2528,2528,2528,2528,2528,2528,2528,2528,2528,2528,2528,2528,2528,2528,2528,2528,2528,2528,2528,2528,2528,2528,2528,2528,2528,2528,2528,2528,2528,2528,2528,2528,2528,2528,,,,,,,,,,,,,,,,,,,,,,,,,,,,,
272,Cata  Old Man,2585,2581,2584,2885,2637,2607,2610,2606,2716,2715,2714,2708,2707,2706,2611,2602,2603,2604,2709,2960,2710,2609,2723,2724,2725,2571,2570,2572,2598,2597,2596,2696,2697,2701,2691,2692,2699,2694,2695,2700,2704,2705,2537,2538,2560,2561,2854,2855,2845,2846,2542,2543,2544,2847,2562,2591,2592,2588,2587,2586,2563,2539,2593,2545,2848,2599,2600,2601,2976,2893,2859,2860,2861,2862,2540,2564,2541,2565,2594,2595,2849,2850,2546,2552,2553,2554,2555,2556,2557,2558,2559,2917,2916,2918,2914,2913,2915,2917,2915,2918,3123,3124,3125,3124,3777,2717,2719,2718,2840,2841,2842,2843,2844,2608,2711,2713,2712,2851,2852,2853,2547,2548,2549,2550,2551,2864,2865,2866,2867,2961,2868,2869,2870,,3614,3615,3613,3616,3782,3783,3784,,,,,,,,,,,,,,,,,,,,,
273,Cata Old Woman,2585,2581,2584,2885,2637,2607,2610,2606,2716,2715,2714,2708,2707,2706,2611,2602,2603,2604,2709,2960,2710,2609,2723,2724,2725,2571,2570,2572,2598,2597,2596,2696,2697,2701,2691,2692,2699,2694,2695,2700,2704,2705,2537,2538,2560,2561,2854,2855,2845,2846,2542,2543,2544,2847,2562,2591,2592,2588,2587,2586,2563,2539,2593,2545,2848,2599,2600,2601,2976,2893,2859,2860,2861,2862,2540,2564,2541,2565,2594,2595,2849,2850,2546,2552,2553,2554,2555,2556,2557,2558,2559,2917,2916,2918,2914,2913,2915,2917,2915,2918,3123,3124,3125,3124,3777,2717,2719,2718,2840,2841,2842,2843,2844,2608,2711,2713,2712,2851,2852,2853,2547,2548,2549,2550,2551,2864,2865,2866,2867,2961,2868,2869,2870,,3614,3615,3613,3616,3782,3783,3784,,,,,,,,,,,,,,,,,,,,,
274,Glashtin,3062,3062,3063,3059,3061,3061,3061,3061,3062,3063,3062,3063,3062,3063,3061,3061,3061,3061,3062,3063,3062,3061,3061,3061,3061,3062,3063,3062,3063,3062,3063,3062,3063,3062,3063,3062,3063,3062,3063,3062,3063,3062,3063,3062,3063,3062,3063,3062,3063,3062,3063,3062,3063,3062,3063,3062,3063,3062,3063,3062,3063,3062,3063,3062,3063,3062,3063,3062,3063,3062,3063,3062,3063,3062,3063,3062,3063,3062,3063,3062,3063,3062,3063,3062,3063,3062,3063,3062,3063,3062,3063,3062,3063,3062,3063,3062,3063,3062,3063,3062,3063,3062,3063,3062,3063,3062,3063,3062,3063,3062,3063,3062,3063,3062,3063,3062,3063,3062,3063,3062,3063,3062,3063,3062,3063,3062,3063,3062,3063,3062,3063,3062,3063,,,,,,,,,,,,,,,,,,,,,,,,,,,,,
275,Glashtin Shaman/War,3062,3062,3063,3059,3067,3067,3067,3067,3062,3063,3062,3063,3062,3063,3067,3067,3067,3067,3062,3063,3062,3067,3067,3067,3067,3062,3063,3062,3063,3062,3063,3062,3063,3062,3063,3062,3063,3062,3063,3062,3063,3062,3063,3062,3063,3062,3063,3062,3063,3062,3063,3062,3063,3062,3063,3062,3063,3062,3063,3062,3063,3062,3063,3062,3063,3062,3063,3062,3063,3062,3063,3062,3063,3062,3063,3062,3063,3062,3063,3062,3063,3062,3063,3062,3063,3062,3063,3062,3063,3062,3063,3062,3063,3062,3063,3062,3063,3062,3063,3062,3063,3062,3063,3062,3063,3062,3063,3062,3063,3062,3063,3062,3063,3062,3063,3062,3063,3062,3063,3062,3063,3062,3063,3062,3063,3062,3063,3062,3063,3062,3063,3062,3063,,,,,,,,,,,,,,,,,,,,,,,,,,,,,
276,Evil Kobold 3,3066,3066,3066,3069,3067,3067,3067,3067,3066,3066,3066,3066,3066,3066,3067,3204,3205,3206,3066,3066,3066,3067,3067,3067,3067,3066,3066,3066,3066,3066,3066,3066,3066,3066,3066,3066,3066,3066,3066,3066,3066,3066,3066,3066,3066,3066,3066,3066,3066,3066,3066,3066,3066,3066,3066,3066,3066,3066,3066,3066,3066,3066,3066,3066,3066,3066,3066,3066,3066,3066,3066,3066,3066,3066,3066,3066,3066,3066,3066,3066,3066,3066,3066,3066,3066,3066,3066,3066,3066,3066,3066,3066,3066,3066,3066,3066,3066,3066,3066,3066,3066,3066,3066,3066,3066,3066,3066,3066,3066,3066,3066,3066,3066,3066,3066,3066,3066,3066,3066,3066,3066,3066,3066,3066,3066,3066,3066,3066,3066,3066,3066,3066,3066,,,,,,,,,,,,,,,,,,,,,,,,,,,,,
277,Cata Rock Creatures,3081,3081,3081,3073,3082,3082,3082,3082,3081,3081,3081,3081,3081,3081,3082,3082,3082,3082,3081,3081,3081,0,0,0,0,3081,3081,3081,3081,3081,3081,3081,3081,3081,3081,3081,3081,3081,3081,3081,3081,3081,3081,3081,3081,3081,3081,3081,3081,3081,3081,3081,3081,3081,3081,3081,3081,3081,3081,3081,3081,3081,3081,3081,3081,3081,3081,3081,3081,3081,3081,3081,3081,3081,3081,3081,3081,3081,3081,3081,3081,3081,3081,3081,3081,3081,3081,3081,3081,3081,3081,3081,3081,3081,3081,3081,3081,3081,3081,3081,3081,3081,3081,3081,3081,3081,3081,3081,3081,3081,3081,3081,3081,3081,3081,3081,3081,3081,3081,3081,3081,3081,3081,3081,3081,3081,3081,3081,3081,3081,3081,3081,3081,,,,,,,,,,,,,,,,,,,,,,,,,,,,,
278,Classic Vamp Celt Male,3176,3176,3175,385,3177,3177,3177,3177,3176,3176,3175,3176,3176,3175,3177,375,376,377,3176,3176,3175,397,398,399,216,3176,3176,3175,3176,3176,3175,440,439,449,444,443,462,446,445,463,448,447,423,424,425,426,427,428,429,430,431,432,434,435,433,3172,437,416,417,415,487,488,489,490,491,93,94,95,91,128,145,146,147,148,194,195,196,197,198,3172,3173,3174,493,558,559,560,561,562,563,564,566,1351,1350,1351,1353,1352,1353,1355,1354,1355,1379,1380,1381,1385,1286,1288,1287,1289,1290,1291,1292,1293,1294,1480,1481,1497,1482,1483,1484,1485,943,945,946,948,949,2227,2228,2229,2230,2231,2232,2233,2234,,,,,,,,,,,,,,,,,,,,,,,,,,,,,
279,Classic Vamp Celt Female,3176,3176,3175,385,3177,3177,3177,3177,3176,3176,3175,3176,3176,3175,3177,375,376,377,3176,3176,3175,397,398,399,216,3176,3176,3175,3176,3176,3175,440,439,449,444,443,462,446,445,463,448,447,423,424,425,426,427,428,429,430,431,432,434,435,433,3172,437,416,417,415,487,488,489,490,491,93,94,95,91,128,145,146,147,148,194,195,196,197,198,3172,3173,3174,493,558,559,560,561,562,563,564,566,1351,1350,1351,1353,1352,1353,1355,1354,1355,1379,1380,1381,1385,1286,1288,1287,1289,1290,1291,1292,1293,1294,1480,1481,1497,1482,1483,1484,1485,943,945,946,948,949,2227,2228,2229,2230,2231,2232,2233,2234,,,,,,,,,,,,,,,,,,,,,,,,,,,,,
280,Classic Vamp Lurikeen Male,3176,3176,3175,385,3177,3177,3177,3177,3176,3176,3175,3176,3176,3175,3177,375,376,377,3176,3176,3175,397,398,399,216,3176,3176,3175,3176,3176,3175,440,439,449,444,443,462,446,445,463,448,447,423,424,425,426,427,428,429,430,431,432,434,435,433,3172,437,416,417,415,487,488,489,490,491,93,94,95,91,128,145,146,147,148,194,195,196,197,198,3172,3173,3174,493,558,559,560,561,562,563,564,566,1351,1350,1351,1353,1352,1353,1355,1354,1355,1379,1380,1381,1385,1286,1288,1287,1289,1290,1291,1292,1293,1294,1480,1481,1497,1482,1483,1484,1485,943,945,946,948,949,2227,2228,2229,2230,2231,2232,2233,2234,,,,,,,,,,,,,,,,,,,,,,,,,,,,,
281,Classic Vamp Lurikeen Female,3176,3176,3175,385,3177,3177,3177,3177,3176,3176,3175,3176,3176,3175,3177,375,376,377,3176,3176,3175,397,398,399,216,3176,3176,3175,3176,3176,3175,440,439,449,444,443,462,446,445,463,448,447,423,424,425,426,427,428,429,430,431,432,434,435,433,3172,437,416,417,415,487,488,489,490,491,93,94,95,91,128,145,146,147,148,194,195,196,197,198,3172,3173,3174,493,558,559,560,561,562,563,564,566,1351,1350,1351,1353,1352,1353,1355,1354,1355,1379,1380,1381,1385,1286,1288,1287,1289,1290,1291,1292,1293,1294,1480,1481,1497,1482,1483,1484,1485,943,945,946,948,949,2227,2228,2229,2230,2231,2232,2233,2234,,,,,,,,,,,,,,,,,,,,,,,,,,,,,
282,Classic Vamp Shar Male,3176,3176,3175,385,3177,3177,3177,3177,3176,3176,3175,3176,3176,3175,3177,375,376,377,3176,3176,3175,397,398,399,216,3176,3176,3175,3176,3176,3175,440,439,449,444,443,462,446,445,463,448,447,423,424,425,426,427,428,429,430,431,432,434,435,433,3172,437,416,417,415,487,488,489,490,491,93,94,95,91,128,145,146,147,148,194,195,196,197,198,3172,3173,3174,493,558,559,560,561,562,563,564,566,1351,1350,1351,1353,1352,1353,1355,1354,1355,1379,1380,1381,1385,1286,1288,1287,1289,1290,1291,1292,1293,1294,1480,1481,1497,1482,1483,1484,1485,943,945,946,948,949,2227,2228,2229,2230,2231,2232,2233,2234,,,,,,,,,,,,,,,,,,,,,,,,,,,,,
283,Classic Vamp Shar Female,3176,3176,3175,385,3177,3177,3177,3177,3176,3176,3175,3176,3176,3175,3177,375,376,377,3176,3176,3175,397,398,399,216,3176,3176,3175,3176,3176,3175,440,439,449,444,443,462,446,445,463,448,447,423,424,425,426,427,428,429,430,431,432,434,435,433,3172,437,416,417,415,487,488,489,490,491,93,94,95,91,128,145,146,147,148,194,195,196,197,198,3172,3173,3174,493,558,559,560,561,562,563,564,566,1351,1350,1351,1353,1352,1353,1355,1354,1355,1379,1380,1381,1385,1286,1288,1287,1289,1290,1291,1292,1293,1294,1480,1481,1497,1482,1483,1484,1485,943,945,946,948,949,2227,2228,2229,2230,2231,2232,2233,2234,,,,,,,,,,,,,,,,,,,,,,,,,,,,,
284,Cata Vamp Celt Male,2923,2923,2924,2885,2922,2607,2610,2606,2716,2715,2714,2708,2707,2706,2611,2602,2603,2604,2709,2960,2710,2609,2723,2724,2725,2571,2570,2572,2598,2597,2596,2694,2695,2701,2691,2692,2699,2694,2695,2700,2704,2705,2537,2538,2560,2561,2854,2855,2845,2846,2542,2543,2544,2847,2562,2591,2592,2588,2587,2586,2563,2539,2593,2545,2848,2599,2600,2601,2976,2893,2859,2860,2861,2862,2540,2564,2541,2565,2925,2595,2926,2927,2546,2552,2553,2554,2555,2556,2557,2558,2559,2917,2916,2918,2914,2913,2915,2917,2915,2918,2637,2637,2637,2637,3777,2717,2719,2718,2840,2841,2842,2843,2844,2608,2711,2713,2712,2851,2852,2853,2547,2548,2549,2550,2551,2864,2865,2866,2867,2961,2868,2869,2870,,3614,3615,3613,3616,3782,3783,3784,,,,,,,,,,,,,,,,,,,,,
285,Cata Vamp Celt Female,2923,2923,2924,2885,2922,2607,2610,2606,2716,2715,2714,2708,2707,2706,2611,2602,2603,2604,2709,2960,2710,2609,2723,2724,2725,2571,2570,2572,2598,2597,2596,2694,2695,2701,2691,2692,2699,2694,2695,2700,2704,2705,2537,2538,2560,2561,2854,2855,2845,2846,2542,2543,2544,2847,2562,2591,2592,2588,2587,2586,2563,2539,2593,2545,2848,2599,2600,2601,2976,2893,2859,2860,2861,2862,2540,2564,2541,2565,2925,2595,2926,2927,2546,2552,2553,2554,2555,2556,2557,2558,2559,2917,2916,2918,2914,2913,2915,2917,2915,2918,2637,2637,2637,2637,3777,2717,2719,2718,2840,2841,2842,2843,2844,2608,2711,2713,2712,2851,2852,2853,2547,2548,2549,2550,2551,2864,2865,2866,2867,2961,2868,2869,2870,,3614,3615,3613,3616,3782,3783,3784,,,,,,,,,,,,,,,,,,,,,
286,Cata Vamp Lurikeen Male,2923,2923,2924,2885,2922,2607,2610,2606,2716,2715,2714,2708,2707,2706,2611,2602,2603,2604,2709,2960,2710,2609,2723,2724,2725,2571,2570,2572,2598,2597,2596,2694,2695,2701,2691,2692,2699,2694,2695,2700,2704,2705,2537,2538,2560,2561,2854,2855,2845,2846,2542,2543,2544,2847,2562,2591,2592,2588,2587,2586,2563,2539,2593,2545,2848,2599,2600,2601,2976,2893,2859,2860,2861,2862,2540,2564,2541,2565,2925,2595,2926,2927,2546,2552,2553,2554,2555,2556,2557,2558,2559,2917,2916,2918,2914,2913,2915,2917,2915,2918,2637,2637,2637,2637,3777,2717,2719,2718,2840,2841,2842,2843,2844,2608,2711,2713,2712,2851,2852,2853,2547,2548,2549,2550,2551,2864,2865,2866,2867,2961,2868,2869,2870,,3614,3615,3613,3616,3782,3783,3784,,,,,,,,,,,,,,,,,,,,,
287,Cata Vamp Lurikeen Female,2923,2923,2924,2885,2922,2607,2610,2606,2716,2715,2714,2708,2707,2706,2611,2602,2603,2604,2709,2960,2710,2609,2723,2724,2725,2571,2570,2572,2598,2597,2596,2694,2695,2701,2691,2692,2699,2694,2695,2700,2704,2705,2537,2538,2560,2561,2854,2855,2845,2846,2542,2543,2544,2847,2562,2591,2592,2588,2587,2586,2563,2539,2593,2545,2848,2599,2600,2601,2976,2893,2859,2860,2861,2862,2540,2564,2541,2565,2925,2595,2926,2927,2546,2552,2553,2554,2555,2556,2557,2558,2559,2917,2916,2918,2914,2913,2915,2917,2915,2918,2637,2637,2637,2637,3777,2717,2719,2718,2840,2841,2842,2843,2844,2608,2711,2713,2712,2851,2852,2853,2547,2548,2549,2550,2551,2864,2865,2866,2867,2961,2868,2869,2870,,3614,3615,3613,3616,3782,3783,3784,,,,,,,,,,,,,,,,,,,,,
288,Cata Vamp Shar Male,2923,2923,2924,2885,2922,2607,2610,2606,2716,2715,2714,2708,2707,2706,2611,2602,2603,2604,2709,2960,2710,2609,2723,2724,2725,2571,2570,2572,2598,2597,2596,2694,2695,2701,2691,2692,2699,2694,2695,2700,2704,2705,2537,2538,2560,2561,2854,2855,2845,2846,2542,2543,2544,2847,2562,2591,2592,2588,2587,2586,2563,2539,2593,2545,2848,2599,2600,2601,2976,2893,2859,2860,2861,2862,2540,2564,2541,2565,2925,2595,2926,2927,2546,2552,2553,2554,2555,2556,2557,2558,2559,2917,2916,2918,2914,2913,2915,2917,2915,2918,2637,2637,2637,2637,3777,2717,2719,2718,2840,2841,2842,2843,2844,2608,2711,2713,2712,2851,2852,2853,2547,2548,2549,2550,2551,2864,2865,2866,2867,2961,2868,2869,2870,,3614,3615,3613,3616,3782,3783,3784,,,,,,,,,,,,,,,,,,,,,
289,Cata Vamp Shar Female,2923,2923,2924,2885,2922,2607,2610,2606,2716,2715,2714,2708,2707,2706,2611,2602,2603,2604,2709,2960,2710,2609,2723,2724,2725,2571,2570,2572,2598,2597,2596,2694,2695,2701,2691,2692,2699,2694,2695,2700,2704,2705,2537,2538,2560,2561,2854,2855,2845,2846,2542,2543,2544,2847,2562,2591,2592,2588,2587,2586,2563,2539,2593,2545,2848,2599,2600,2601,2976,2893,2859,2860,2861,2862,2540,2564,2541,2565,2925,2595,2926,2927,2546,2552,2553,2554,2555,2556,2557,2558,2559,2917,2916,2918,2914,2913,2915,2917,2915,2918,2637,2637,2637,2637,3777,2717,2719,2718,2840,2841,2842,2843,2844,2608,2711,2713,2712,2851,2852,2853,2547,2548,2549,2550,2551,2864,2865,2866,2867,2961,2868,2869,2870,,3614,3615,3613,3616,3782,3783,3784,,,,,,,,,,,,,,,,,,,,,
290,Celt Bainshee,3088,3086,3089,3087,3090,3090,3090,3090,3088,3086,3089,2708,2707,2706,3090,2602,2603,2604,2709,2960,2710,2609,2723,2724,2725,2571,2570,2572,2598,2597,2596,2694,2695,2701,2691,2692,2699,2694,2695,2700,2704,2705,2537,2538,2560,2561,2854,2855,2845,2846,2542,2543,2544,2847,2562,2591,2592,2588,2587,2586,2563,2539,2593,2545,2848,2599,2600,2601,2976,2893,2859,2860,2861,2862,2540,2564,2541,2565,2594,2595,2926,2927,2546,2552,2553,2554,2555,2556,2557,2558,2559,2917,2916,2918,2914,2913,2915,2917,2915,2918,2637,2637,2637,2637,3777,2717,2719,2718,2840,2841,2842,2843,2844,2608,2711,2713,2712,2851,2852,2853,2547,2548,2549,2550,2551,2864,2865,2866,2867,2961,2868,2869,2870,,3614,3615,3613,3616,3782,3783,3784,,,,,,,,,,,,,,,,,,,,,
291,Glashtin Boss,3110,3111,3110,3107,3109,3109,3109,3109,3062,3063,3062,3063,3062,3063,3109,3098,3099,3100,3110,3111,3110,3110,3111,3110,3110,3111,3110,3110,3111,3110,3110,3111,3110,3110,3111,3110,3110,3111,3110,3110,3111,3110,3110,3111,3110,3110,3111,3110,3110,3111,3110,3110,3111,3110,3110,3111,3110,3110,3111,3110,3110,3111,3110,3110,3111,3110,3110,3111,3110,3110,3111,3110,3110,3111,3110,3110,3111,3110,3110,3111,3110,3110,3111,3110,3110,3111,3110,3110,3111,3110,3110,3111,3110,3110,3111,3110,3110,3111,3110,3110,3111,3110,3110,3111,3110,3110,3111,3110,3110,3111,3110,3110,3111,3110,3110,3111,3110,3110,3111,3110,3110,3111,3110,3110,3111,3110,3110,3111,3110,3110,3111,3110,3110,,,,,,,,,,,,,,,,,,,,,,,,,,,,,
292,Shackled Soul,3121,3121,3121,3118,3120,3120,3120,3120,3121,3121,3121,3121,3121,3121,3120,3120,3120,3120,3121,3121,3121,3120,3120,3120,3121,3121,3121,3121,3121,3121,3121,3121,3121,3121,3121,3121,3121,3121,3121,3121,3121,3121,3121,3121,3121,3121,3121,3121,3121,3121,3121,3121,3121,3121,3121,3121,3121,3121,3121,3121,3121,3121,3121,3121,3121,3121,3121,3121,3121,3121,3121,3121,3121,3121,3121,3121,3121,3121,3121,3121,3121,3121,3121,3121,3121,3121,3121,3121,3121,3121,3121,3121,3121,3121,3121,3121,3121,3121,3121,3121,3121,3121,3121,3121,3121,3121,3121,3121,3121,3121,3121,3121,3121,3121,3121,3121,3121,3121,3121,3121,3121,3121,3121,3121,3121,3121,3121,3121,3121,3121,3121,3121,3121,,,,,,,,,,,,,,,,,,,,,,,,,,,,,
293,Bat,3152,3152,3152,3152,3152,3152,3152,3152,3152,3152,3152,3152,3152,3152,3152,3152,3152,3152,3152,3152,3152,3152,3152,3152,3152,3152,3152,3152,3152,3152,3152,3152,3152,3152,3152,3152,3152,3152,3152,3152,3152,3152,3152,3152,3152,3152,3152,3152,3152,3152,3152,3152,3152,3152,3152,3152,3152,3152,3152,3152,3152,3152,3152,3152,3152,3152,3152,3152,3152,3152,3152,3152,3152,3152,3152,3152,3152,3152,3152,3152,3152,3152,3152,3152,3152,3152,3152,3152,3152,3152,3152,3152,3152,3152,3152,3152,3152,3152,3152,3152,3152,3152,3152,3152,3152,3152,3152,3152,3152,3152,3152,3152,3152,3152,3152,3152,3152,3152,3152,3152,3152,3152,3152,3152,3152,3152,3152,3152,3152,3152,3152,3152,3152,,,,,,,,,,,,,,,,,,,,,,,,,,,,,
294,Glow Fish,3160,3160,3160,3160,3160,3160,3160,3160,3160,3160,3160,3160,3160,3160,3160,3160,3160,3160,3160,3160,3160,3160,3160,3160,3160,3160,3160,3160,3160,3160,3160,3160,3160,3160,3160,3160,3160,3160,3160,3160,3160,3160,3160,3160,3160,3160,3160,3160,3160,3160,3160,3160,3160,3160,3160,3160,3160,3160,3160,3160,3160,3160,3160,3160,3160,3160,3160,3160,3160,3160,3160,3160,3160,3160,3160,3160,3160,3160,3160,3160,3160,3160,3160,3160,3160,3160,3160,3160,3160,3160,3160,3160,3160,3160,3160,3160,3160,3160,3160,3160,3160,3160,3160,3160,3160,3160,3160,3160,3160,3160,3160,3160,3160,3160,3160,3160,3160,3160,3160,3160,3160,3160,3160,3160,3160,3160,3160,3160,3160,3160,3160,3160,3160,,,,,,,,,,,,,,,,,,,,,,,,,,,,,
295,Classic Bainshee,3192,3194,3192,3193,3196,3196,3196,3196,3192,3194,3192,3194,3192,3194,3196,3192,3194,3192,3194,3192,3194,3192,3194,3192,3194,3192,3194,3192,3194,3192,3194,3192,3194,3192,3194,3192,3194,3192,3194,3192,3194,3192,3194,3192,3194,3192,3194,3192,3194,3192,3194,3192,3194,3192,3194,3192,3194,3192,3194,3192,3194,3192,3194,3192,3194,3192,3194,3192,3194,3192,3194,3192,3194,3192,3194,3192,3194,3192,3194,3192,3194,3192,3194,3192,3194,3192,3194,3192,3194,3192,3194,3192,3194,3192,3194,3192,3194,3192,3194,3192,3194,3192,3194,3192,3194,3192,3194,3192,3194,3192,3194,3192,3194,3192,3194,3192,3194,3192,3194,3192,3194,3192,3194,3192,3194,3192,3194,3192,3194,3192,3194,3192,3194,,,,,,,,,,,,,,,,,,,,,,,,,,,,,
296,Fafner,2840,2841,2842,2885,2703,2607,2610,2606,2716,2715,2714,2708,2707,2706,2611,2602,2603,2604,2709,2960,2710,2609,2723,2724,2725,2571,2570,2572,2598,2597,2596,2694,2695,2701,2691,2692,2699,2694,2695,2700,2704,2705,2537,2538,2560,2561,2854,2855,2845,2846,2542,2543,2544,2847,2562,2591,2592,2588,2587,2586,2563,2539,2593,2545,2848,2599,2600,2601,2976,2893,2859,2860,2861,2862,2540,2564,2541,2565,2594,2595,2849,2850,2546,2552,2553,2554,2555,2556,2557,2558,2559,2917,2916,2918,2914,2913,2915,2917,2915,2918,3123,3124,3125,3124,2703,2717,2719,2718,2840,2841,2842,2843,2844,2608,2711,2713,2712,2851,2852,2853,2547,2548,2549,2550,2551,2864,2865,2866,2867,2961,2868,2869,2870,,,,,,,,,,,,,,,,,,,,,,,,,,,,,
297,Stag/Vendo,2585,2581,2584,2885,2637,2607,2610,2606,2716,2715,2714,2708,2707,2706,2611,2602,2603,2604,2709,2960,2710,2609,2723,2724,2725,2571,2570,2572,2598,2597,2596,2694,2695,2701,2691,2692,2699,2694,2695,2700,2704,2705,2537,2538,2560,2561,2854,2590,2845,2846,2542,2543,2544,2847,2562,2591,2592,2588,2587,2586,2563,2539,2593,2545,2848,2599,2600,2601,2976,2893,2859,2860,2861,2862,2540,2564,2541,2565,2594,2595,2849,2850,2546,2552,2553,2554,2555,2556,2557,2558,2559,2917,2916,2918,2914,2913,2915,2917,2915,2918,3123,3124,3125,3124,3777,2717,2719,2718,2840,2841,2842,2843,2844,2608,2711,2713,2712,2851,2852,2853,2547,2548,2549,2550,2551,2864,2865,2866,2867,2961,2868,2869,2870,,3614,3615,3613,3616,3782,3783,3784,,,,,,,,,,,,,,,,,,,,,
298,Classic Male Death 1,380,332,381,336,337,340,36,340,3216,386,539,333,334,3216,3216,3216,511,520,389,344,345,346,217,218,219,220,221,222,338,474,475,476,511,520,523,511,520,526,511,520,527,511,520,525,512,521,524,512,521,528,511,520,536,37,38,39,40,41,42,47,45,46,44,48,49,50,51,52,53,43,565,567,583,584,583,0,952,1194,0,0,1315,1317,1318,1321,1322,1537,1538,1539,1540,1541,1542,1543,1544,1545,1546,1547,1548,1549,1550,1551,1552,1553,1554,1555,1556,1557,1558,1559,1560,1894,1941,2051,2052,2053,2102,2171,2503,3166,3167,3168,3169,3170,3171,3185,3186,3187,2928,,,,,,,,,,,,,,,,,,,,,,,,,,,,,,,,,,,
299,Cata Male Death 1,2534,2676,2536,0,0,2617,2618,2535,3215,2615,2682,2883,2882,3215,3215,3215,2689,2686,2678,2736,2677,2535,2877,2878,2879,2871,2872,2873,2620,2874,2875,2876,2689,2686,2827,2689,2686,2836,2689,2686,2687,2689,2686,2834,2824,2833,2828,2824,2833,2690,2689,2686,2688,2646,2625,2626,2628,2630,2632,2635,2731,2647,2634,2641,2645,2648,2650,2657,2658,2633,3122,2619,2567,2566,2567,2535,3157,2622,2535,2535,2663,2884,2661,2627,2636,2629,2638,2642,2660,2644,2880,2651,2652,2653,2656,2659,2535,2535,2535,2535,2535,2535,2535,2535,2535,2535,2623,2732,2643,3164,3158,3155,3153,3154,3156,3159,3162,2665,2666,2667,2668,2669,2670,2886,2887,2888,2928,,,,,,,,,,,,,,,,,,,,,,,,,,,,,,,,,,,
300,Bat,3217,3217,3217,3217,3217,3217,3217,3217,3217,3217,3217,3217,3217,3217,3217,3217,3217,3217,3217,3217,3217,3217,3217,3217,3217,3217,3217,3217,3217,3217,3217,3217,3217,3217,3217,3217,3217,3217,3217,3217,3217,3217,3217,3217,3217,3217,3217,3217,3217,3217,3217,3217,3217,3217,3217,3217,3217,3217,3217,3217,3217,3217,3217,3217,3217,3217,3217,3217,3217,3217,3217,3217,3217,3217,3217,3217,3217,3217,3217,3217,3217,3217,3217,3217,3217,3217,3217,3217,3217,3217,3217,3217,3217,3217,3217,3217,3217,3217,3217,3217,3217,3217,3217,3217,3217,3217,3217,3217,3217,3217,3217,3217,3217,3217,3217,3217,3217,3217,3217,3217,3217,3217,3217,3217,3217,3217,3217,3217,3217,3217,3217,3217,3217,,,,,,,,,,,,,,,,,,,,,,,,,,,,,
301,Puppy ,0,0,0,0,0,0,0,0,0,0,0,0,0,0,0,0,0,0,0,0,0,0,0,0,0,0,0,0,0,0,0,0,0,0,0,0,0,0,0,0,0,0,0,0,0,0,0,0,0,0,0,0,0,0,0,0,0,0,0,0,0,0,0,0,0,0,0,0,0,0,0,0,0,0,0,0,0,0,0,0,0,0,0,0,0,0,0,0,0,0,0,0,0,0,0,0,0,0,0,0,0,0,0,0,0,0,0,0,0,0,0,0,0,0,0,0,0,0,0,0,0,0,0,0,0,0,0,0,0,0,0,0,0,,,,,,,,,,,,,,,,,,,,,,,,,,,,,
302,Dummy 1,3227,3227,3227,3222,3227,3227,3227,3227,3227,3227,3227,3227,3227,3227,3227,3227,3227,3227,3227,3227,3227,3227,3227,3227,3227,3227,3227,3227,3227,3227,3227,3227,3227,3227,3227,3227,3227,3227,3227,3227,3227,3227,3227,3227,3227,3227,3227,3227,3227,3227,3227,3227,3227,3227,3227,3227,3227,3227,3227,3227,3227,3227,3227,3227,3227,3227,3227,3227,3227,3227,3227,3227,3227,3227,3227,3227,3227,3227,3227,3227,3227,3227,3227,3227,3227,3227,3227,3227,3227,3227,3227,3227,3227,3227,3227,3227,3227,3227,3227,3227,3227,3227,3227,3227,3227,3227,3227,3227,3227,3227,3227,3227,3227,3227,3227,3227,3227,3227,3227,3227,3227,3227,3227,3227,3227,3227,3227,3227,3227,3227,3227,3227,3227,,,,,,,,,,,,,,,,,,,,,,,,,,,,,
303,Dummy 2,3227,3227,3227,3223,3227,3227,3227,3227,3227,3227,3227,3227,3227,3227,3227,3227,3227,3227,3227,3227,3227,3227,3227,3227,3227,3227,3227,3227,3227,3227,3227,3227,3227,3227,3227,3227,3227,3227,3227,3227,3227,3227,3227,3227,3227,3227,3227,3227,3227,3227,3227,3227,3227,3227,3227,3227,3227,3227,3227,3227,3227,3227,3227,3227,3227,3227,3227,3227,3227,3227,3227,3227,3227,3227,3227,3227,3227,3227,3227,3227,3227,3227,3227,3227,3227,3227,3227,3227,3227,3227,3227,3227,3227,3227,3227,3227,3227,3227,3227,3227,3227,3227,3227,3227,3227,3227,3227,3227,3227,3227,3227,3227,3227,3227,3227,3227,3227,3227,3227,3227,3227,3227,3227,3227,3227,3227,3227,3227,3227,3227,3227,3227,3227,,,,,,,,,,,,,,,,,,,,,,,,,,,,,
304,Dummy 3,3227,3227,3227,3224,3227,3227,3227,3227,3227,3227,3227,3227,3227,3227,3227,3227,3227,3227,3227,3227,3227,3227,3227,3227,3227,3227,3227,3227,3227,3227,3227,3227,3227,3227,3227,3227,3227,3227,3227,3227,3227,3227,3227,3227,3227,3227,3227,3227,3227,3227,3227,3227,3227,3227,3227,3227,3227,3227,3227,3227,3227,3227,3227,3227,3227,3227,3227,3227,3227,3227,3227,3227,3227,3227,3227,3227,3227,3227,3227,3227,3227,3227,3227,3227,3227,3227,3227,3227,3227,3227,3227,3227,3227,3227,3227,3227,3227,3227,3227,3227,3227,3227,3227,3227,3227,3227,3227,3227,3227,3227,3227,3227,3227,3227,3227,3227,3227,3227,3227,3227,3227,3227,3227,3227,3227,3227,3227,3227,3227,3227,3227,3227,3227,,,,,,,,,,,,,,,,,,,,,,,,,,,,,
305,Dummy 4,3227,3227,3227,3225,3227,3227,3227,3227,3227,3227,3227,3227,3227,3227,3227,3227,3227,3227,3227,3227,3227,3227,3227,3227,3227,3227,3227,3227,3227,3227,3227,3227,3227,3227,3227,3227,3227,3227,3227,3227,3227,3227,3227,3227,3227,3227,3227,3227,3227,3227,3227,3227,3227,3227,3227,3227,3227,3227,3227,3227,3227,3227,3227,3227,3227,3227,3227,3227,3227,3227,3227,3227,3227,3227,3227,3227,3227,3227,3227,3227,3227,3227,3227,3227,3227,3227,3227,3227,3227,3227,3227,3227,3227,3227,3227,3227,3227,3227,3227,3227,3227,3227,3227,3227,3227,3227,3227,3227,3227,3227,3227,3227,3227,3227,3227,3227,3227,3227,3227,3227,3227,3227,3227,3227,3227,3227,3227,3227,3227,3227,3227,3227,3227,,,,,,,,,,,,,,,,,,,,,,,,,,,,,
306,Dummy 5,3227,3227,3227,3226,3227,3227,3227,3227,3227,3227,3227,3227,3227,3227,3227,3227,3227,3227,3227,3227,3227,3227,3227,3227,3227,3227,3227,3227,3227,3227,3227,3227,3227,3227,3227,3227,3227,3227,3227,3227,3227,3227,3227,3227,3227,3227,3227,3227,3227,3227,3227,3227,3227,3227,3227,3227,3227,3227,3227,3227,3227,3227,3227,3227,3227,3227,3227,3227,3227,3227,3227,3227,3227,3227,3227,3227,3227,3227,3227,3227,3227,3227,3227,3227,3227,3227,3227,3227,3227,3227,3227,3227,3227,3227,3227,3227,3227,3227,3227,3227,3227,3227,3227,3227,3227,3227,3227,3227,3227,3227,3227,3227,3227,3227,3227,3227,3227,3227,3227,3227,3227,3227,3227,3227,3227,3227,3227,3227,3227,3227,3227,3227,3227,,,,,,,,,,,,,,,,,,,,,,,,,,,,,
307,Cata Tutorial Smith,3228,3228,3228,2885,2535,2607,2610,2606,3228,3228,3228,3228,3228,3228,3228,3228,3228,3228,3228,3228,3228,3228,3228,3228,3228,3228,3228,3228,3228,3228,3228,3228,3228,3228,3228,3228,3228,3228,3228,3228,3228,3228,3228,3228,3228,3228,3228,3228,3228,3228,3228,3228,3228,3228,3228,3228,3228,3228,3228,3228,3228,3228,3228,3228,3228,3228,3228,3228,3228,3228,3228,3228,3228,3228,3228,3228,3228,3228,3228,3228,3228,3228,3228,3228,3228,3228,3228,3228,3228,3228,3228,3228,3228,3228,3228,3228,3228,3228,3228,3228,3228,3228,3228,3228,3228,3228,3228,3228,3228,3228,3228,3228,3228,3228,3228,3228,3228,3228,3228,3228,3228,3228,3228,3228,3228,3228,3228,3228,3228,3228,3228,3228,3228,,,,,,,,,,,,,,,,,,,,,,,,,,,,,
308,Boiling Oil Monster,2428,2428,2428,2428,2428,2428,2428,2428,2428,2428,2428,2428,2428,2428,2428,2428,2428,2428,2428,2428,2428,2428,2428,2428,2428,2428,2428,2428,2428,2428,2428,2428,2428,2428,2428,2428,2428,2428,2428,2428,2428,2428,2428,2428,2428,2428,2428,2428,2428,2428,2428,2428,2428,2428,2428,2428,2428,2428,2428,2428,2428,2428,2428,2428,2428,2428,2428,2428,2428,2428,2428,2428,2428,2428,2428,2428,2428,2428,2428,2428,2428,2428,2428,2428,2428,2428,2428,2428,2428,2428,2428,2428,2428,2428,2428,2428,2428,2428,2428,2428,2428,2428,2428,2428,2428,2428,2428,2428,2428,2428,2428,2428,2428,2428,2428,2428,2428,2428,2428,2428,2428,2428,2428,2428,2428,2428,2428,2428,2428,2428,2428,2428,2428,,,,,,,,,,,,,,,,,,,,,,,,,,,,,
309,Cata Tutorial Lumber Jack,3229,3229,3229,2885,2535,2607,2610,2606,3229,3229,3229,3229,3229,3229,3229,3229,3229,3229,3229,3229,3229,3229,3229,3229,3229,3229,3229,3229,3229,3229,3229,3229,3229,3229,3229,3229,3229,3229,3229,3229,3229,3229,3229,3229,3229,3229,3229,3229,3229,3229,3229,3229,3229,3229,3229,3229,3229,3229,3229,3229,3229,3229,3229,3229,3229,3229,3229,3229,3229,3229,3229,3229,3229,3229,3229,3229,3229,3229,3229,3229,3229,3229,3229,3229,3229,3229,3229,3229,3229,3229,3229,3229,3229,3229,3229,3229,3229,3229,3229,3229,3229,3229,3229,3229,3229,3229,3229,3229,3229,3229,3229,3229,3229,3229,3229,3229,3229,3229,3229,3229,3229,3229,3229,3229,3229,3229,3229,3229,3229,3229,3229,3229,3229,,,,,,,,,,,,,,,,,,,,,,,,,,,,,
310,Cata Male Death 2,2534,2676,2536,0,0,2617,2618,2535,3215,2615,2682,2883,2882,3215,3215,3215,2689,2686,2678,2736,2677,2535,2877,2878,2879,2871,2872,2873,2620,2874,2875,2876,2689,2686,2827,2689,2686,2836,2689,2686,2687,2689,2686,2834,2824,2833,2828,2824,2833,2690,2689,2686,2688,2646,2625,2626,2628,2630,2632,2635,2731,2647,2634,2641,2645,2648,2650,2657,2658,2633,3122,2619,2567,2566,2567,2535,3157,2622,2535,2535,2663,2884,2661,2627,2636,2629,2638,2642,2660,2644,2880,2651,2652,2653,2656,2659,2535,2535,2535,2535,2535,2535,2535,2535,2535,2535,2623,2732,2643,3164,3158,3155,3153,3154,3156,3159,3162,2665,2666,2667,2668,2669,2670,2886,2887,2888,2928,,,,,,,,,,,,,,,,,,,,,,,,,,,,,,,,,,,
311,Horse Caravan,3233,3233,3233,3233,3233,3233,3233,3233,3233,3233,3233,3233,3233,3233,3233,3233,3233,3233,3233,3233,3233,3233,3233,3233,3233,3233,3233,3233,3233,3233,3233,3233,3233,3233,3233,3233,3233,3233,3233,3233,3233,3233,3233,3233,3233,3233,3233,3233,3233,3233,3233,3233,3233,3233,3233,3233,3233,3233,3233,3233,3233,3233,3233,3233,3233,3233,3233,3233,3233,3233,3233,3233,3233,3233,3233,3233,3233,3233,3233,3233,3233,3233,3233,3233,3233,3233,3233,3233,3233,3233,3233,3233,3233,3233,3233,3233,3233,3233,3233,3233,3233,3233,3233,3233,3233,3233,3233,3233,3233,3233,3233,3233,3233,3233,3233,3233,3233,3233,3233,3233,3233,3233,3233,3233,3233,3233,3233,3233,3233,3233,3233,3233,3233,,,,,,,,,,,,,,,,,,,,,,,,,,,,,
312,Classic Male Death 1,380,332,381,336,337,340,36,340,3216,386,539,333,334,3216,3216,3216,511,520,389,344,345,346,217,218,219,220,221,222,338,474,475,476,511,520,523,511,520,526,511,520,527,511,520,525,512,521,524,512,521,528,511,520,536,37,38,39,40,41,42,47,45,46,44,48,49,50,51,52,53,43,565,567,583,584,583,0,952,1194,0,0,1315,1317,1318,1321,1322,1537,1538,1539,1540,1541,1542,1543,1544,1545,1546,1547,1548,1549,1550,1551,1552,1553,1554,1555,1556,1557,1558,1559,1560,1894,1941,2051,2052,2053,2102,2171,2503,3166,3167,3168,3169,3170,3171,3185,3186,3187,2928,,,,,,,,,,,,,,,,,,,,,,,,,,,,,,,,,,,
313,Classic Tutorial Smith,3237,3237,3237,385,383,360,361,362,3237,3237,3237,3237,3237,3237,3237,3237,3237,3237,3237,3237,3237,3237,3237,3237,3237,3237,3237,3237,3237,3237,3237,3237,3237,3237,3237,3237,3237,3237,3237,3237,3237,3237,3237,3237,3237,3237,3237,3237,3237,3237,3237,3237,3237,3237,3237,3237,3237,3237,3237,3237,3237,3237,3237,3237,3237,3237,3237,3237,3237,3237,3237,3237,3237,3237,3237,3237,3237,3237,3237,3237,3237,3237,3237,3237,3237,3237,3237,3237,3237,3237,3237,3237,3237,3237,3237,3237,3237,3237,3237,3237,3237,3237,3237,3237,3237,3237,3237,3237,3237,3237,3237,3237,3237,3237,3237,3237,3237,3237,3237,3237,3237,3237,3237,3237,3237,3237,3237,3237,3237,3237,3237,3237,3237,,,,,,,,,,,,,,,,,,,,,,,,,,,,,
314,Classic Tutorial Lumber jack,3234,3234,3234,385,383,360,361,362,3234,3234,3234,3234,3234,3234,3234,3234,3234,3234,3234,3234,3234,3234,3234,3234,3234,3234,3234,3234,3234,3234,3234,3234,3234,3234,3234,3234,3234,3234,3234,3234,3234,3234,3234,3234,3234,3234,3234,3234,3234,3234,3234,3234,3234,3234,3234,3234,3234,3234,3234,3234,3234,3234,3234,3234,3234,3234,3234,3234,3234,3234,3234,3234,3234,3234,3234,3234,3234,3234,3234,3234,3234,3234,3234,3234,3234,3234,3234,3234,3234,3234,3234,3234,3234,3234,3234,3234,3234,3234,3234,3234,3234,3234,3234,3234,3234,3234,3234,3234,3234,3234,3234,3234,3234,3234,3234,3234,3234,3234,3234,3234,3234,3234,3234,3234,3234,3234,3234,3234,3234,3234,3234,3234,3234,,,,,,,,,,,,,,,,,,,,,,,,,,,,,
315,Cata Horse,3475,3475,3475,3476,3477,3477,3477,3477,3241,3241,3241,3241,3241,3241,3477,3241,3241,3241,3241,3241,3241,3241,3241,3241,3241,3241,3241,3241,3241,3241,3241,3241,3241,3241,3241,3241,3241,3241,3241,3241,3241,3241,3241,3241,3241,3241,3241,3241,3241,3241,3241,3241,3241,3241,3241,3241,3241,3241,3241,3241,3241,3241,3241,3241,3241,3241,3241,3241,3241,3241,3241,3241,3241,3241,3241,3241,3241,3241,3241,3241,3241,3241,3241,3241,3241,3241,3241,3241,3241,3241,3241,3241,3241,3241,3241,3241,3241,3241,3241,3241,3241,3241,3241,3241,3241,3241,3241,3241,3241,3241,3241,3241,3241,3241,3241,3241,3241,3241,3241,3241,3241,3241,3241,3241,3241,3241,3241,3241,3241,3241,3241,3241,3241,,,,,,,,,,,,,,,,,,,,,,,,,,,,,
316,Cata Briton Male,2585,2581,2584,2885,2637,2607,2610,2606,2716,2715,2714,2708,2707,2706,2611,2602,2603,2604,2709,2960,2710,2609,2723,2724,2725,2571,2570,2572,2598,2597,2596,2696,2697,2701,2691,2692,2699,2694,2695,2700,2704,2705,2537,2538,2560,2561,2854,2855,2845,2846,2542,2543,2544,2847,2562,2591,2592,2588,2587,2586,2563,2539,2593,2545,2848,2599,2600,2601,2976,2893,2859,2860,2861,2862,2540,2564,2541,2565,2594,2595,2849,2850,2546,2552,2553,2554,2555,2556,2557,2558,2559,2917,2916,2918,2914,2913,2915,2917,2915,2918,3123,3124,3125,3124,2703,2717,2719,2718,2840,2841,2842,2843,2844,2608,2711,2713,2712,2851,2852,2853,2547,2548,2549,2550,2551,2864,2865,2866,2867,2961,2868,2869,2870,,,,,,,,,,,,,,,,,,,,,,,,,,,,,
317,Cata Briton Male,2585,2581,2584,2885,2637,2607,2610,2606,2716,2715,2714,2708,2707,2706,2611,2602,2603,2604,2709,2960,2710,2609,2723,2724,2725,2571,2570,2572,2598,2597,2596,2696,2697,2701,2691,2692,2699,2694,2695,2700,2704,2705,2537,2538,2560,2561,2854,2855,2845,2846,2542,2543,2544,2847,2562,2591,2592,2588,2587,2586,2563,2539,2593,2545,2848,2599,2600,2601,2976,2893,2859,2860,2861,2862,2540,2564,2541,2565,2594,2595,2849,2850,2546,2552,2553,2554,2555,2556,2557,2558,2559,2917,2916,2918,2914,2913,2915,2917,2915,2918,3123,3124,3125,3124,2703,2717,2719,2718,2840,2841,2842,2843,2844,2608,2711,2713,2712,2851,2852,2853,2547,2548,2549,2550,2551,2864,2865,2866,2867,2961,2868,2869,2870,,,,,,,,,,,,,,,,,,,,,,,,,,,,,
318,Chamberlin,3263,3263,3263,3261,3259,3259,3259,3259,3263,3263,3263,3263,3263,3263,3259,3267,3268,3269,3263,3263,3263,3259,3253,3253,3253,3263,3263,3263,3263,3263,3263,3263,3263,3263,3263,3263,3263,3263,3263,3263,3263,3263,3263,3263,3263,3263,3263,3263,3263,3263,3263,3263,3263,3263,3263,3263,3263,3263,3263,3263,3263,3263,3263,3263,3263,3263,3263,3263,3263,3263,3263,3263,3263,3263,3263,3263,3263,3263,3263,3263,3263,3263,3263,3263,3263,3263,3263,3263,3263,3263,3263,3263,3263,3263,3263,3263,3263,3263,3263,3263,3263,3263,3263,3263,3263,3263,3263,3263,3263,3263,3263,3263,3263,3263,3263,3263,3263,3263,3263,3263,3263,3263,3263,3263,3263,3263,3263,3263,3263,3263,3263,3263,3263,,,,,,,,,,,,,,,,,,,,,,,,,,,,,
319,Inquisitrix,3381,3381,3381,3389,3391,3391,3391,3391,3381,3381,3381,3381,3381,3381,3391,3394,3395,3396,3381,3381,3381,3381,3381,3381,3381,3381,3381,3381,3381,3381,3381,3381,3381,3381,3381,3381,3381,3381,3381,3381,3381,3381,3381,3381,3381,3381,3381,3381,3381,3381,3381,3381,3381,3381,3381,3381,3381,3381,3381,3381,3381,3381,3381,3381,3381,3381,3381,3381,3381,3381,3381,3381,3381,3381,3381,3381,3381,3381,3381,3381,3381,3381,3381,3381,3381,3381,3381,3381,3381,3381,3381,3381,3381,3381,3381,3381,3381,3381,3381,3381,3381,3381,3381,3381,3381,3381,3381,3381,3381,3381,3381,3381,3381,3381,3381,3381,3381,3381,3381,3381,3381,3381,3381,3381,3381,3381,3381,3381,3381,3381,3381,3381,3381,,,,,,,,,,,,,,,,,,,,,,,,,,,,,
320,DR Demon,3273,3273,3273,3282,3284,3284,3284,3284,3273,3273,3273,3273,3273,3273,3284,3287,3286,3285,3273,3273,3273,3284,3287,3286,3285,3273,3273,3273,3273,3273,3273,3273,3273,3273,3273,3273,3273,3273,3273,3273,3273,3273,3273,3273,3273,3273,3273,3273,3273,3273,3273,3273,3273,3273,3273,3273,3273,3273,3273,3273,3273,3273,3273,3273,3273,3273,3273,3273,3273,3273,3273,3273,3273,3273,3273,3273,3273,3273,3273,3273,3273,3273,3273,3273,3273,3273,3273,3273,3273,3273,3273,3273,3273,3273,3273,3273,3273,3273,3273,3273,3273,3273,3273,3273,3273,3273,3273,3273,3273,3273,3273,3273,3273,3273,3273,3273,3273,3273,3273,3273,3273,3273,3273,3273,3273,3273,3273,3273,3273,3273,3273,3273,3273,,,,,,,,,,,,,,,,,,,,,,,,,,,,,
321,DR Demon Fly,3273,3273,3273,3282,3284,3284,3284,3284,3273,3273,3273,3273,3273,3273,3284,3287,3286,3285,3273,3273,3273,3284,3287,3286,3285,3273,3273,3273,3273,3273,3273,3273,3273,3273,3273,3273,3273,3273,3273,3273,3273,3273,3273,3273,3273,3273,3273,3273,3273,3273,3273,3273,3273,3273,3273,3273,3273,3273,3273,3273,3273,3273,3273,3273,3273,3273,3273,3273,3273,3273,3273,3273,3273,3273,3273,3273,3273,3273,3273,3273,3273,3273,3273,3273,3273,3273,3273,3273,3273,3273,3273,3273,3273,3273,3273,3273,3273,3273,3273,3273,3273,3273,3273,3273,3273,3273,3273,3273,3273,3273,3273,3273,3273,3273,3273,3273,3273,3273,3273,3273,3273,3273,3273,3273,3273,3273,3273,3273,3273,3273,3273,3273,3273,,,,,,,,,,,,,,,,,,,,,,,,,,,,,
322,DR Pixie,3288,3288,3288,3295,3297,3297,3297,3297,3288,3288,3288,3288,3288,3288,3297,3292,3291,3290,3288,3288,3288,3297,3292,3291,3290,3288,3288,3288,3288,3288,3288,3288,3288,3288,3288,3288,3288,3288,3288,3288,3288,3288,3288,3288,3288,3288,3288,3288,3288,3288,3288,3288,3288,3288,3288,3288,3288,3288,3288,3288,3288,3288,3288,3288,3288,3288,3288,3288,3288,3288,3288,3288,3288,3288,3288,3288,3288,3288,3288,3288,3288,3288,3288,3288,3288,3288,3288,3288,3288,3288,3288,3288,3288,3288,3288,3288,3288,3288,3288,3288,3288,3288,3288,3288,3288,3288,3288,3288,3288,3288,3288,3288,3288,3288,3288,3288,3288,3288,3288,3288,3288,3288,3288,3288,3288,3288,3288,3288,3288,3288,3288,3288,3288,,,,,,,,,,,,,,,,,,,,,,,,,,,,,
323,DR Pixie Fly,3301,3301,3301,3303,3297,3297,3297,3297,3301,3301,3301,3301,3301,3301,3297,3292,3291,3290,3301,3301,3301,3297,3292,3291,3290,3301,3301,3301,3301,3301,3301,3301,3301,3301,3301,3301,3301,3301,3301,3301,3301,3301,3301,3301,3301,3301,3301,3301,3301,3301,3301,3301,3301,3301,3301,3301,3301,3301,3301,3301,3301,3301,3301,3301,3301,3301,3301,3301,3301,3301,3301,3301,3301,3301,3301,3301,3301,3301,3301,3301,3301,3301,3301,3301,3301,3301,3301,3301,3301,3301,3301,3301,3301,3301,3301,3301,3301,3301,3301,3301,3301,3301,3301,3301,3301,3301,3301,3301,3301,3301,3301,3301,3301,3301,3301,3301,3301,3301,3301,3301,3301,3301,3301,3301,3301,3301,3301,3301,3301,3301,3301,3301,3301,,,,,,,,,,,,,,,,,,,,,,,,,,,,,
324,DR Red Imp,3307,3308,3307,3314,3312,3312,3312,3312,3312,3312,3312,3312,3312,3312,3312,3309,3310,3311,3312,3312,3312,3312,3312,3312,3312,3312,3312,3312,3312,3312,3312,3312,3312,3312,3312,3312,3312,3312,3312,3312,3312,3312,3312,3312,3312,3312,3312,3312,3312,3312,3312,3312,3312,3312,3312,3312,3312,3312,3312,3312,3312,3312,3312,3312,3312,3312,3312,3312,3312,3312,3312,3312,3312,3312,3312,3312,3312,3312,3312,3312,3312,3312,3312,3312,3312,3312,3312,3312,3312,3312,3312,3312,3312,3312,3312,3312,3312,3312,3312,3312,3312,3312,3312,3312,3312,3312,3312,3312,3312,3312,3312,3312,3312,3312,3312,3312,3312,3312,3312,3312,3312,3312,3312,3312,3312,3312,3312,3312,3312,3312,3312,3312,3312,,,,,,,,,,,,,,,,,,,,,,,,,,,,,
325,Dr Gold Imp,3307,3308,3307,3314,3312,3312,3312,3312,3312,3312,3312,3312,3312,3312,3312,3309,3310,3311,3312,3312,3312,3312,3312,3312,3312,3312,3312,3312,3312,3312,3312,3312,3312,3312,3312,3312,3312,3312,3312,3312,3312,3312,3312,3312,3312,3312,3312,3312,3312,3312,3312,3312,3312,3312,3312,3312,3312,3312,3312,3312,3312,3312,3312,3312,3312,3312,3312,3312,3312,3312,3312,3312,3312,3312,3312,3312,3312,3312,3312,3312,3312,3312,3312,3312,3312,3312,3312,3312,3312,3312,3312,3312,3312,3312,3312,3312,3312,3312,3312,3312,3312,3312,3312,3312,3312,3312,3312,3312,3312,3312,3312,3312,3312,3312,3312,3312,3312,3312,3312,3312,3312,3312,3312,3312,3312,3312,3312,3312,3312,3312,3312,3312,3312,,,,,,,,,,,,,,,,,,,,,,,,,,,,,
326,diseased rat,3328,3328,3328,3324,3321,3321,3321,3321,3321,3321,3321,3321,3321,3321,3321,3321,3321,3321,3321,3321,3321,3321,3321,3321,3321,3321,3321,3321,3321,3321,3321,3321,3321,3321,3321,3321,3321,3321,3321,3321,3321,3321,3321,3321,3321,3321,3321,3321,3321,3321,3321,3321,3321,3321,3321,3321,3321,3321,3321,3321,3321,3321,3321,3321,3321,3321,3321,3321,3321,3321,3321,3321,3321,3321,3321,3321,3321,3321,3321,3321,3321,3321,3321,3321,3321,3321,3321,3321,3321,3321,3321,3321,3321,3321,3321,3321,3321,3321,3321,3321,3321,3321,3321,3321,3321,3321,3321,3321,3321,3321,3321,3321,3321,3321,3321,3321,3321,3321,3321,3321,3321,3321,3321,3321,3321,3321,3321,3321,3321,3321,3321,3321,3321,,,,,,,,,,,,,,,,,,,,,,,,,,,,,
327,DR Imp Alt,3307,3308,3307,3314,3312,3312,3312,3312,3312,3312,3312,3312,3312,3312,3312,3309,3310,3311,3312,3312,3312,3312,3312,3312,3312,3312,3312,3312,3312,3312,3312,3312,3312,3312,3312,3312,3312,3312,3312,3312,3312,3312,3312,3312,3312,3312,3312,3312,3312,3312,3312,3312,3312,3312,3312,3312,3312,3312,3312,3312,3312,3312,3312,3312,3312,3312,3312,3312,3312,3312,3312,3312,3312,3312,3312,3312,3312,3312,3312,3312,3312,3312,3312,3312,3312,3312,3312,3312,3312,3312,3312,3312,3312,3312,3312,3312,3312,3312,3312,3312,3312,3312,3312,3312,3312,3312,3312,3312,3312,3312,3312,3312,3312,3312,3312,3312,3312,3312,3312,3312,3312,3312,3312,3312,3312,3312,3312,3312,3312,3312,3312,3312,3312,,,,,,,,,,,,,,,,,,,,,,,,,,,,,
328,DR Imp Alt Perch,3307,3308,3307,3314,3312,3312,3312,3312,3312,3312,3312,3312,3312,3312,3312,3309,3310,3311,3312,3312,3312,3312,3312,3312,3312,3312,3312,3312,3312,3312,3312,3312,3312,3312,3312,3312,3312,3312,3312,3312,3312,3312,3312,3312,3312,3312,3312,3312,3312,3312,3312,3312,3312,3312,3312,3312,3312,3312,3312,3312,3312,3312,3312,3312,3312,3312,3312,3312,3312,3312,3312,3312,3312,3312,3312,3312,3312,3312,3312,3312,3312,3312,3312,3312,3312,3312,3312,3312,3312,3312,3312,3312,3312,3312,3312,3312,3312,3312,3312,3312,3312,3312,3312,3312,3312,3312,3312,3312,3312,3312,3312,3312,3312,3312,3312,3312,3312,3312,3312,3312,3312,3312,3312,3312,3312,3312,3312,3312,3312,3312,3312,3312,3312,,,,,,,,,,,,,,,,,,,,,,,,,,,,,
329,DR Legless Zombie,3353,3353,3343,3349,3344,3344,3344,3344,3344,3344,3344,3344,3344,3344,3344,3344,3344,3344,3344,3344,3344,3344,3344,3344,3344,3344,3344,3344,3344,3344,3344,3344,3344,3344,3344,3344,3344,3344,3344,3344,3344,3344,3344,3344,3344,3344,3344,3344,3344,3344,3344,3344,3344,3344,3344,3344,3344,3344,3344,3344,3344,3344,3344,3344,3344,3344,3344,3344,3344,3344,3344,3344,3344,3344,3344,3344,3344,3344,3344,3344,3344,3344,3344,3344,3344,3344,3344,3344,3344,3344,3344,3344,3344,3344,3344,3344,3344,3344,3344,3344,3344,3344,3344,3344,3344,3344,3344,3344,3344,3344,3344,3344,3344,3344,3344,3344,3344,3344,3344,3344,3344,3344,3344,3344,3344,3344,3344,3344,3344,3344,3344,3344,3344,,,,,,,,,,,,,,,,,,,,,,,,,,,,,
330,Cata Briton Male,2585,2581,2584,2885,2637,2607,2610,2606,2716,2715,2714,2708,2707,2706,2611,2602,2603,2604,2709,2960,2710,2609,2723,2724,2725,2571,2570,2572,2598,2597,2596,2696,2697,2701,2691,2692,2699,2694,2695,2700,2704,2705,2537,2538,2560,2561,2854,2855,2845,2846,2542,2543,2544,2847,2562,2591,2592,2588,2587,2586,2563,2539,2593,2545,2848,2599,2600,2601,2976,2893,2859,2860,2861,2862,2540,2564,2541,2565,2594,2595,2849,2850,2546,2552,2553,2554,2555,2556,2557,2558,2559,2917,2916,2918,2914,2913,2915,2917,2915,2918,3123,3124,3125,3124,2703,2717,2719,2718,2840,2841,2842,2843,2844,2608,2711,2713,2712,2851,2852,2853,2547,2548,2549,2550,2551,2864,2865,2866,2867,2961,2868,2869,2870,,,,,,,,,,,,,,,,,,,,,,,,,,,,,
331,Cata Briton Female,2585,2581,2584,2885,2637,2607,2610,2606,2716,2715,2714,2708,2707,2706,2611,2602,2603,2604,2709,2960,2710,2609,2723,2724,2725,2571,2570,2572,2598,2597,2596,2696,2697,2701,2691,2692,2699,2694,2695,2700,2704,2705,2537,2538,2560,2561,2854,2855,2845,2846,2542,2543,2544,2847,2562,2591,2592,2588,2587,2586,2563,2539,2593,2545,2848,2599,2600,2601,2976,2893,2859,2860,2861,2862,2540,2564,2541,2565,2594,2595,2849,2850,2546,2552,2553,2554,2555,2556,2557,2558,2559,2917,2916,2918,2914,2913,2915,2917,2915,2918,3123,3124,3125,3124,2703,2717,2719,2718,2840,2841,2842,2843,2844,2608,2711,2713,2712,2851,2852,2853,2547,2548,2549,2550,2551,2864,2865,2866,2867,2961,2868,2869,2870,,,,,,,,,,,,,,,,,,,,,,,,,,,,,
332,Xaphan,3377,3377,3377,3376,3378,3378,3378,3378,3377,3377,3377,3377,3377,3377,3378,3377,3377,3377,3377,3377,3377,3377,3377,3377,3377,3377,3377,3377,3377,3377,3377,3377,3377,3377,3377,3377,3377,3377,3377,3377,3377,3377,3377,3377,3377,3377,3377,3377,3377,3377,3377,3377,3377,3377,3377,3377,3377,3377,3377,3377,3377,3377,3377,3377,3377,3377,3377,3377,3377,3377,3377,3377,3377,3377,3377,3377,3377,3377,3377,3377,3377,3377,3377,3377,3377,3377,3377,3377,3377,3377,3377,3377,3377,3377,3377,3377,3377,3377,3377,3377,3377,3377,3377,3377,3377,3377,3377,3377,3377,3377,3377,3377,3377,3377,3377,3377,3377,3377,3377,3377,3377,3377,3377,3377,3377,3377,3377,3377,3377,3377,3377,3377,3377,1,,,,,,,,,,,,,,,,,,,,,,,,,,,,
333,Asteroth,3404,3404,3403,3401,3406,3406,3406,3406,3404,3404,3404,3404,3404,3404,3406,3403,3404,3403,3404,3403,3404,3403,3404,3403,3404,3403,3404,3403,3404,3403,3404,3403,3404,3403,3404,3403,3404,3403,3404,3403,3404,3403,3404,3403,3404,3403,3404,3403,3404,3403,3404,3403,3404,3403,3404,3403,3404,3403,3404,3403,3404,3403,3404,3403,3404,3403,3404,3403,3404,3403,3404,3403,3404,3403,3404,3403,3404,3403,3404,3403,3404,3403,3404,3403,3404,3403,3404,3403,3404,3403,3404,3403,3404,3403,3404,3403,3404,3403,3404,3403,3404,3403,3404,3403,3404,3403,3404,3403,3404,3403,3404,3403,3404,3403,3404,3403,3404,3403,3404,3403,3404,3403,3404,3403,3404,3403,3404,3403,3404,3403,3404,3403,3404,1,,,,,,,,,,,,,,,,,,,,,,,,,,,,
334,Classic Fallback Horse,3479,3479,3479,3482,3480,3480,3480,3480,0,0,0,0,0,0,3480,,0,0,0,0,0,0,0,0,0,0,0,0,0,0,0,0,0,0,0,0,0,0,0,0,0,0,0,0,0,0,0,0,0,0,0,0,0,0,0,0,0,0,0,0,0,0,0,0,0,0,0,0,0,0,0,0,0,0,0,0,0,0,0,0,0,0,0,0,0,0,0,0,0,0,0,0,0,0,0,0,0,0,0,0,0,0,0,0,0,0,0,0,0,0,0,0,0,0,0,0,0,0,0,0,0,0,0,0,0,0,0,0,0,0,0,0,0,,,,,,,,,,,,,,,,,,,,,,,,,,,,,
335,Admorenth,3448,3449,3448,3453,3451,3451,3451,3451,3448,3448,3448,3448,3448,3448,3451,3448,3448,3448,3448,3448,3448,3451,3448,3448,3448,3448,3448,3448,3448,3448,3448,3448,3448,3448,3448,3448,3448,3448,3448,3448,3448,3448,3448,3448,3448,3448,3448,3448,3448,3448,3448,3448,3448,3448,3448,3448,3448,3448,3448,3448,3448,3448,3448,3448,3448,3448,3448,3448,3448,3448,3448,3448,3448,3448,3448,3448,3448,3448,3448,3448,3448,3448,3448,3448,3448,3448,3448,3448,3448,3448,3448,3448,3448,3448,3448,3448,3448,3448,3448,3448,3448,3448,3448,3448,3448,3448,3448,3448,3448,3448,3448,3448,3448,3448,3448,3448,3448,3448,3448,3448,3448,3448,3448,3448,3448,3448,3448,3448,3448,3448,3448,3448,3448,1,,,,,,,,,,,,,,,,,,,,,,,,,,,,
336,Moloch,3463,3462,3463,3455,3464,3464,3464,3464,3462,3462,3462,3462,3462,3462,3464,3462,3462,3462,3462,3462,3462,3464,3462,3462,3462,3462,3462,3462,3462,3462,3462,3462,3462,3462,3462,3462,3462,3462,3462,3462,3462,3462,3462,3462,3462,3462,3462,3462,3462,3462,3462,3462,3462,3462,3462,3462,3462,3462,3462,3462,3462,3462,3462,3462,3462,3462,3462,3462,3462,3462,3462,3462,3462,3462,3462,3462,3462,3462,3462,3462,3462,3462,3462,3462,3462,3462,3462,3462,3462,3462,3462,3462,3462,3462,3462,3462,3462,3462,3462,3462,3462,3462,3462,3462,3462,3462,3462,3462,3462,3462,3462,3462,3462,3462,3462,3462,3462,3462,3462,3462,3462,3462,3462,3462,3462,3462,3462,3462,3462,3462,3462,3462,3462,1,,,,,,,,,,,,,,,,,,,,,,,,,,,,
337,Midgard King,0,0,0,0,0,0,0,0,0,0,0,0,0,0,0,0,0,0,0,0,0,0,0,0,0,0,0,0,0,0,0,0,0,0,0,0,0,0,0,0,0,0,0,0,0,0,0,0,0,0,0,0,0,0,0,0,0,0,0,0,0,0,0,0,0,0,0,0,0,0,0,0,0,0,0,0,0,0,0,0,0,0,0,0,0,0,0,0,0,0,0,0,0,0,0,0,0,0,0,0,0,0,0,0,0,0,0,0,0,0,0,0,0,0,0,0,0,0,0,0,0,0,0,0,0,0,0,0,0,0,0,0,0,,,,,,,,,,,,,,,,,,,,,,,,,,,,,
338,Albion King,0,0,0,0,0,0,0,0,0,0,0,0,0,0,0,0,0,0,0,0,0,0,0,0,0,0,0,0,0,0,0,0,0,0,0,0,0,0,0,0,0,0,0,0,0,0,0,0,0,0,0,0,0,0,0,0,0,0,0,0,0,0,0,0,0,0,0,0,0,0,0,0,0,0,0,0,0,0,0,0,0,0,0,0,0,0,0,0,0,0,0,0,0,0,0,0,0,0,0,0,0,0,0,0,0,0,0,0,0,0,0,0,0,0,0,0,0,0,0,0,0,0,0,0,0,0,0,0,0,0,0,0,0,,,,,,,,,,,,,,,,,,,,,,,,,,,,,
339,Hibernian King,0,0,0,0,0,0,0,0,0,0,0,0,0,0,0,0,0,0,0,0,0,0,0,0,0,0,0,0,0,0,0,0,0,0,0,0,0,0,0,0,0,0,0,0,0,0,0,0,0,0,0,0,0,0,0,0,0,0,0,0,0,0,0,0,0,0,0,0,0,0,0,0,0,0,0,0,0,0,0,0,0,0,0,0,0,0,0,0,0,0,0,0,0,0,0,0,0,0,0,0,0,0,0,0,0,0,0,0,0,0,0,0,0,0,0,0,0,0,0,0,0,0,0,0,0,0,0,0,0,0,0,0,0,,,,,,,,,,,,,,,,,,,,,,,,,,,,,
340,Belial,3538,3538,3497,3492,3493,3493,3493,3493,3497,3497,3497,3497,3497,3497,3493,0,0,0,3497,3497,3497,3497,3497,3497,3497,3497,3497,3497,3497,3497,3497,3497,3497,3497,3497,3497,3497,3497,3497,3497,3497,3497,3497,3497,3497,3497,3497,3497,3497,3497,3497,3497,3497,3497,3497,3497,3497,3497,3497,3497,3497,3497,3497,3497,3497,3497,3497,3497,3497,3497,3497,3497,3497,3497,3497,3497,3497,3497,3497,3497,3497,3497,3497,3497,3497,3497,3497,3497,3497,3497,3497,3497,3497,3497,3497,3497,3497,3497,3497,3497,3497,3497,3497,3497,3497,3497,3497,3497,3497,3497,3497,3497,3497,3497,3497,3497,3497,3497,3497,3497,3497,3497,3497,3497,3497,3497,3497,3497,3497,3497,3497,3497,3497,1,,,,,,,,,,,,,,,,,,,,,,,,,,,,
341,DR Succubus,3502,3502,3504,3505,3503,3503,3503,3503,3502,3502,3502,3502,3502,3502,3505,3502,3502,3502,3502,3502,3502,3502,3502,3502,3502,3502,3502,3502,3502,3502,3502,3502,3502,3502,3502,3502,3502,3502,3502,3502,3502,3502,3502,3502,3502,3502,3502,3502,3502,3502,3502,3502,3502,3502,3502,3502,3502,3502,3502,3502,3502,3502,3502,3502,3502,3502,3502,3502,3502,3502,3502,3502,3502,3502,3502,3502,3502,3502,3502,3502,3502,3502,3502,3502,3502,3502,3502,3502,3502,3502,3502,3502,3502,3502,3502,3502,3502,3502,3502,3502,3502,3502,3502,3502,3502,3502,3502,3502,3502,3502,3502,3502,3502,3502,3502,3502,3502,3502,3502,3502,3502,3502,3502,3502,3502,3502,3502,3502,3502,3502,3502,3502,3502,,,,,,,,,,,,,,,,,,,,,,,,,,,,,
342,Sitting Wolf Only,0,0,0,0,0,0,0,0,0,0,0,0,0,0,0,0,0,0,0,0,0,0,0,0,0,0,0,0,0,0,0,0,0,0,0,0,0,0,0,0,0,0,0,0,0,0,0,0,0,0,0,0,0,0,0,0,0,0,0,0,0,0,0,0,0,0,0,0,0,0,0,0,0,0,0,0,0,0,0,0,0,0,0,0,0,0,0,0,0,0,0,0,0,0,0,0,0,0,0,0,0,0,0,0,0,0,0,0,0,0,0,0,0,0,0,0,0,0,0,0,0,0,0,0,0,0,0,0,0,0,0,0,0,,,,,,,,,,,,,,,,,,,,,,,,,,,,,
343,Albion King Sitting,0,0,0,0,0,0,0,0,0,0,0,0,0,0,0,0,0,0,0,0,0,0,0,0,0,0,0,0,0,0,0,0,0,0,0,0,0,0,0,0,0,0,0,0,0,0,0,0,0,0,0,0,0,0,0,0,0,0,0,0,0,0,0,0,0,0,0,0,0,0,0,0,0,0,0,0,0,0,0,0,0,0,0,0,0,0,0,0,0,0,0,0,0,0,0,0,0,0,0,0,0,0,0,0,0,0,0,0,0,0,0,0,0,0,0,0,0,0,0,0,0,0,0,0,0,0,0,0,0,0,0,0,0,,,,,,,,,,,,,,,,,,,,,,,,,,,,,
344,Hibernian King Sitting,0,0,0,0,0,0,0,0,0,0,0,0,0,0,0,0,0,0,0,0,0,0,0,0,0,0,0,0,0,0,0,0,0,0,0,0,0,0,0,0,0,0,0,0,0,0,0,0,0,0,0,0,0,0,0,0,0,0,0,0,0,0,0,0,0,0,0,0,0,0,0,0,0,0,0,0,0,0,0,0,0,0,0,0,0,0,0,0,0,0,0,0,0,0,0,0,0,0,0,0,0,0,0,0,0,0,0,0,0,0,0,0,0,0,0,0,0,0,0,0,0,0,0,0,0,0,0,0,0,0,0,0,0,,,,,,,,,,,,,,,,,,,,,,,,,,,,,
345,Sitting Viking Dog Only,0,0,0,0,0,0,0,0,0,0,0,0,0,0,0,0,0,0,0,0,0,0,0,0,0,0,0,0,0,0,0,0,0,0,0,0,0,0,0,0,0,0,0,0,0,0,0,0,0,0,0,0,0,0,0,0,0,0,0,0,0,0,0,0,0,0,0,0,0,0,0,0,0,0,0,0,0,0,0,0,0,0,0,0,0,0,0,0,0,0,0,0,0,0,0,0,0,0,0,0,0,0,0,0,0,0,0,0,0,0,0,0,0,0,0,0,0,0,0,0,0,0,0,0,0,0,0,0,0,0,0,0,0,,,,,,,,,,,,,,,,,,,,,,,,,,,,,
346,DR Wight/Svartalf,3584,3584,3584,3582,3587,3587,3587,3587,3584,3584,3584,3584,3584,3584,3587,3584,3584,3584,3584,3584,3584,3584,3584,3584,3584,3584,3584,3584,3584,3584,3584,3584,3584,3584,3584,3584,3584,3584,3584,3584,3584,3584,3584,3584,3584,3584,3584,3584,3584,3584,3584,3584,3584,3584,3584,3584,3584,3584,3584,3584,3584,3584,3584,3584,3584,3584,3584,3584,3584,3584,3584,3584,3584,3584,3584,3584,3584,3584,3584,3584,3584,3584,3584,3584,3584,3584,3584,3584,3584,3584,3584,3584,3584,3584,3584,3584,3584,3584,3584,3584,3584,3584,3584,3584,3584,3584,3584,3584,3584,3584,3584,3584,3584,3584,3584,3584,3584,3584,3584,3584,3584,3584,3584,3584,3584,3584,3584,3584,3584,3584,3584,3584,3584,,,,,,,,,,,,,,,,,,,,,,,,,,,,,
347,Utgard,3535,3535,3536,3529,3527,3527,3527,3527,3535,3535,3535,3535,3535,3535,3527,3535,3535,3535,3535,3535,3535,3535,3535,3535,3535,3535,3535,3535,3535,3535,3535,3535,3535,3535,3535,3535,3535,3535,3535,3535,3535,3535,3535,3535,3535,3535,3535,3535,3535,3535,3535,3535,3535,3535,3535,3535,3535,3535,3535,3535,3535,3535,3535,3535,3535,3535,3535,3535,3535,3535,3535,3535,3535,3535,3535,3535,3535,3535,3535,3535,3535,3535,3535,3535,3535,3535,3535,3535,3535,3535,3535,3535,3535,3535,3535,3535,3535,3535,3535,3535,3535,3535,3535,3535,3535,3535,3535,3535,3535,3535,3535,3535,3535,3535,3535,3535,3535,3535,3535,3535,3535,3535,3535,3535,3535,3535,3535,3535,3535,3535,3535,3535,3535,1,,,,,,,,,,,,,,,,,,,,,,,,,,,,
348,Azazel,3548,3548,3547,3544,3546,3546,3546,3546,3548,3548,3548,3548,3548,3548,3456,3548,3548,3548,3548,3548,3548,3548,3548,3548,3548,3548,3548,3548,3548,3548,3548,3548,3548,3548,3548,3548,3548,3548,3548,3548,3548,3548,3548,3548,3548,3548,3548,3548,3548,3548,3548,3548,3548,3548,3548,3548,3548,3548,3548,3548,3548,3548,3548,3548,3548,3548,3548,3548,3548,3548,3548,3548,3548,3548,3548,3548,3548,3548,3548,3548,3548,3548,3548,3548,3548,3548,3548,3548,3548,3548,3548,3548,3548,3548,3548,3548,3548,3548,3548,3548,3548,3548,3548,3548,3548,3548,3548,3548,3548,3548,3548,3548,3548,3548,3548,3548,3548,3548,3548,3548,3548,3548,3548,3548,3548,3548,3548,3548,3548,3548,3548,3548,3548,1,,,,,,,,,,,,,,,,,,,,,,,,,,,,
349,DR Necro Servant,3574,3574,3574,3572,3588,3588,3588,3588,3574,3574,3574,3574,3574,3574,3588,3574,3574,3574,3574,3574,3574,3574,3574,3574,3574,3574,3574,3574,3574,3574,3574,3574,3574,3574,3574,3574,3574,3574,3574,3574,3574,3574,3574,3574,3574,3574,3574,3574,3574,3574,3574,3574,3574,3574,3574,3574,3574,3574,3574,3574,3574,3574,3574,3574,3574,3574,3574,3574,3574,3574,3574,3574,3574,3574,3574,3574,3574,3574,3574,3574,3574,3574,3574,3574,3574,3574,3574,3574,3574,3574,3574,3574,3574,3574,3574,3574,3574,3574,3574,3574,3574,3574,3574,3574,3588,3568,3568,3568,3574,3574,3574,3574,3574,3574,3574,3574,3574,3574,3574,3574,3574,3574,3574,3574,3574,3574,3574,3574,3574,3574,3574,3574,3574, ,,,,,,,,,,,,,,,,,,,,,,,,,,,,
350,DR Greater Necro Servant,3568,3568,3568,3564,3589,3589,3589,3589,3568,3568,3568,3568,3568,3568,3589,3565,3565,3565,3568,3568,3568,3565,3565,3565,3565,3568,3568,3568,3568,3568,3568,3568,3568,3568,3568,3568,3568,3568,3568,3568,3568,3568,3568,3568,3568,3568,3568,3568,3568,3568,3568,3568,3568,3568,3568,3568,3568,3568,3568,3568,3568,3568,3568,3568,3568,3565,3565,3565,3565,3568,3568,3568,3568,3568,3568,3568,3568,3568,3568,3568,3568,3568,3568,3568,3568,3568,3568,3568,3568,3568,3568,3568,3568,3568,3568,3568,3568,3568,3568,3568,3568,3568,3568,3568,3589,3568,3568,3568,3568,3568,3568,3568,3568,3568,3568,3568,3568,3568,3568,3568,3568,3568,3568,3568,3568,3568,3568,3568,3568,3568,3568,3568,3568,,,,,,,,,,,,,,,,,,,,,,,,,,,,,
351,DR Zombir Pet,3595,3595,3595,3592,3594,3594,3594,3594,3595,3595,3595,3595,3595,3595,3594,3595,3595,3595,3595,3595,3595,3595,3595,3595,3595,3595,3595,3595,3595,3595,3595,3595,3595,3595,3595,3595,3595,3595,3595,3595,3595,3595,3595,3595,3595,3595,3595,3595,3595,3595,3595,3595,3595,3595,3595,3595,3595,3595,3595,3595,3595,3595,3595,3595,3595,3595,3595,3595,3595,3595,3595,3595,3595,3595,3595,3595,3595,3595,3595,3595,3595,3595,3595,3595,3595,3595,3595,3595,3595,3595,3595,3595,3595,3595,3595,3595,3595,3595,3595,3595,3595,3595,3595,3595,3594,3595,3595,3595,3595,3595,3595,3595,3595,3595,3595,3595,3595,3595,3595,3595,3595,3595,3595,3595,3595,3595,3595,3595,3595,3595,3595,3595,3595,,,,,,,,,,,,,,,,,,,,,,,,,,,,,
352,Rebel Animation w/2hand Fix,2585,2581,2584,2885,2637,3600,2610,2606,2716,2715,2714,2708,2707,2706,2611,2602,2603,2604,2709,2960,2710,2609,2723,2724,2725,2571,2570,2572,2598,2597,2596,2696,2697,2701,2691,2692,2699,2694,2695,2700,2704,2705,2537,2538,2560,2561,2854,2855,2845,2846,2542,2543,2544,2847,2562,2591,2592,2588,2587,2586,2563,2539,2593,2545,2848,2599,2600,2601,2976,2893,2859,2860,2861,2862,2540,2564,2541,2565,2594,2595,2849,2850,2546,2552,2553,2554,2555,2556,2557,2558,2559,2917,2916,2918,2914,2913,2915,2917,2915,2918,3123,3124,3125,3124,2703,2717,2719,2718,2840,2841,2842,2843,2844,2608,2711,2713,2712,2851,2852,2853,2547,2548,2549,2550,2551,2864,2865,2866,2867,2961,2868,2869,2870,,,,,,,,,,,,,,,,,,,,,,,,,,,,,
353,Cata Troll Male Coconut Bang,0,0,0,0,0,0,0,0,0,0,0,0,0,0,0,0,0,0,0,0,0,0,0,0,0,0,0,0,0,0,0,0,0,0,0,0,0,0,0,0,0,0,0,0,0,0,0,0,0,0,0,0,0,0,0,0,0,0,0,0,0,0,0,0,0,0,0,0,0,0,0,0,0,0,0,0,0,0,0,0,0,0,0,0,0,0,0,0,0,0,0,0,0,0,0,0,0,0,0,0,0,0,0,0,0,0,0,0,0,0,0,0,0,0,0,0,0,0,0,0,0,0,0,0,0,0,0,0,0,0,0,0,0, ,0,0,0,0,,,,,,,,,,,,,,,,,,,,,,,,
354,Cata Half Ogre Male Coconut Bang,0,0,0,0,0,0,0,0,0,0,0,0,0,0,0,0,0,0,0,0,0,0,0,0,0,0,0,0,0,0,0,0,0,0,0,0,0,0,0,0,0,0,0,0,0,0,0,0,0,0,0,0,0,0,0,0,0,0,0,0,0,0,0,0,0,0,0,0,0,0,0,0,0,0,0,0,0,0,0,0,0,0,0,0,0,0,0,0,0,0,0,0,0,0,0,0,0,0,0,0,0,0,0,0,0,0,0,0,0,0,0,0,0,0,0,0,0,0,0,0,0,0,0,0,0,0,0,0,0,0,0,0,0, ,0,0,0,0,,,,,,,,,,,,,,,,,,,,,,,,
355,Cata Firbolg Male Coconut Bang,0,0,0,0,0,0,0,0,0,0,0,0,0,0,0,0,0,0,0,0,0,0,0,0,0,0,0,0,0,0,0,0,0,0,0,0,0,0,0,0,0,0,0,0,0,0,0,0,0,0,0,0,0,0,0,0,0,0,0,0,0,0,0,0,0,0,0,0,0,0,0,0,0,0,0,0,0,0,0,0,0,0,0,0,0,0,0,0,0,0,0,0,0,0,0,0,0,0,0,0,0,0,0,0,0,0,0,0,0,0,0,0,0,0,0,0,0,0,0,0,0,0,0,0,0,0,0,0,0,0,0,0,0, ,0,0,0,0,,,,,,,,,,,,,,,,,,,,,,,,
356,Player Skeleton Animation,2585,2581,2584,2885,2637,2607,2610,2606,2716,2715,2714,2708,2707,2706,2611,2602,2603,2604,2709,2960,2710,2609,2723,2724,2725,2571,2570,2572,2598,2597,2596,2696,2697,2701,2691,2692,2699,2694,2695,2700,2704,2705,2537,2538,2560,2561,2854,2855,2845,2846,2542,2543,2544,2847,2562,2591,2592,2588,2587,2586,2563,2539,2593,2545,2848,2599,2600,2601,2976,2893,2859,2860,2861,2862,2540,2564,2541,2565,2594,2595,2849,2850,2546,2552,2553,2554,2555,2556,2557,2558,2559,2917,2916,2918,2914,2913,2915,2917,2915,2918,3123,3124,3125,3124,3777,2717,2719,2718,2840,2841,2842,2843,2844,2608,2711,2713,2712,2851,2852,2853,2547,2548,2549,2550,2551,2864,2865,2866,2867,2961,2868,2869,2870, ,3614,3615,3613,3616,3782,3783,3784,,,,,,,,,,,,,,,,,,,,,
357,Hibernian Cata Minotaur,2585,2581,2584,2885,3695,3693,2610,2606,2716,2715,2714,2708,2707,2706,2611,2602,2603,2604,2709,2960,2710,2609,2723,2724,2725,2571,2570,2572,2598,2597,2596,2696,2697,2701,2691,2692,2699,2694,2695,2700,2704,2705,2537,2538,2560,2561,2854,2855,2845,2846,2542,2543,2544,2847,2562,2591,2592,2588,2587,2586,2563,2539,2593,2545,2848,2599,2600,2601,2976,2893,2859,2860,2861,2862,2540,2564,2541,2565,2594,2595,2849,2850,2546,2552,2553,2554,2555,2556,2557,2558,2559,2917,2916,2918,2914,2913,2915,2917,2915,2918,3123,3124,3125,3124,3777,2717,2719,2718,2840,2841,2842,2843,2844,2608,2711,2713,2712,2851,2852,2853,2547,2548,2549,2550,2551,2864,2865,2866,2867,2961,2868,2869,2870, ,3614,3615,3613,3616,3782,3783,3784,,,,,,,,,,,,,,,,,,,,,
358,Cata Lizard,3635,3635,3635,3631,3637,3637,3637,3637,3635,3635,3635,3635,3635,3635,3637,3635,3635,3635,3635,3635,3635,3635,3635,3635,3635,3635,3635,3635,3635,3635,3635,3635,3635,3635,3635,3635,3635,3635,3635,3635,3635,3635,3635,3635,3635,3635,3635,3635,3635,3635,3635,3635,3635,3635,3635,3635,3635,3635,3635,3635,3635,3635,3635,3635,3635,3635,3635,3635,3635,3635,3635,3635,3635,3635,3635,3635,3635,3635,3635,3635,3635,3635,3635,3635,3635,3635,3635,3635,3635,3635,3635,3635,3635,3635,3635,3635,3635,3635,3635,3635,3635,3635,3635,3635,3635,3635,3635,3635,3635,3635,3635,3635,3635,3635,3635,3635,3635,3635,3635,3635,3635,3635,3635,3635,3635,3635,3635,3635,3635,3635,3635,3635,3635, ,3635,3635,3635,3635,,,,,,,,,,,,,,,,,,,,,,,,
359,Cata Worm,3639,3639,3639,3643,3644,3644,3644,3644,3639,3639,3639,3639,3639,3639,3644,3639,3639,3639,3639,3639,3639,3639,3639,3639,3639,3639,3639,3639,3639,3639,3639,3639,3639,3639,3639,3639,3639,3639,3639,3639,3639,3639,3639,3639,3639,3639,3639,3639,3639,3639,3639,3639,3639,3639,3639,3639,3639,3639,3639,3639,3639,3639,3639,3639,3639,3639,3639,3639,3639,3639,3639,3639,3639,3639,3639,3639,3639,3639,3639,3639,3639,3639,3639,3639,3639,3639,3639,3639,3639,3639,3639,3639,3639,3639,3639,3639,3639,3639,3639,3639,3639,3639,3639,3639,3639,3639,3639,3639,3639,3639,3639,3639,3639,3639,3639,3639,3639,3639,3639,3639,3639,3639,3639,3639,3639,3639,3639,3639,3639,3639,3639,3639,3639,,3639,3639,3639,3639,,,,,,,,,,,,,,,,,,,,,,,,
360,Cata Goblin 2,3649,3649,3649,3647,3648,3648,3648,3648,3649,3649,3649,3649,3649,3649,3648,3848,3847,3846,3649,3649,3649,3649,3649,3649,3649,3649,3649,3649,3649,3649,3649,3649,3649,3649,3649,3649,3649,3649,3649,3649,3649,3649,3649,3649,3649,3649,3649,3649,3649,3649,3649,3649,3649,3649,3649,3649,3649,3649,3649,3649,3649,3649,3649,3649,3649,3649,3649,3649,3649,3649,3649,3649,3649,3649,3649,3649,3649,3649,3649,3649,3649,3649,3649,3649,3649,3649,3649,3649,3649,3649,3649,3649,3649,3649,3649,3649,3649,3649,3649,3649,3649,3649,3649,3649,3649,3649,3649,3649,3649,3649,3649,3649,3649,3649,3649,3649,3649,3649,3649,3649,3649,3649,3649,3649,3649,3649,3649,3649,3649,3649,3649,3649,3649,,3649,3649,3649,3649,,,,,,,,,,,,,,,,,,,,,,,,
361,Winged Demon Wolf,3664,3664,3664,3660,3659,3659,3659,3659,3664,3664,3664,3664,3664,3664,3659,3664,3664,3664,3664,3664,3664,3664,3664,3664,3664,3664,3664,3664,3664,3664,3664,3664,3664,3664,3664,3664,3664,3664,3664,3664,3664,3664,3664,3664,3664,3664,3664,3664,3664,3664,3664,3664,3664,3664,3664,3664,3664,3664,3664,3664,3664,3664,3664,3664,3664,3664,3664,3664,3664,3664,3664,3664,3664,3664,3664,3664,3664,3664,3664,3664,3664,3664,3664,3664,3664,3664,3664,3664,3664,3664,3664,3664,3664,3664,3664,3664,3664,3664,3664,3664,3664,3664,3664,3664,3664,3664,3664,3664,3664,3664,3664,3664,3664,3664,3664,3664,3664,3664,3664,3664,3664,3664,3664,3664,3664,3664,3664,3664,3664,3664,3664,3664,3664, ,3664,3664,3664,3664,,,,,,,,,,,,,,,,,,,,,,,,
362,Winged Demon Wolf,3664,3664,3664,3660,3659,3659,3659,3659,3664,3664,3664,3664,3664,3664,3659,3664,3664,3664,3664,3664,3664,3664,3664,3664,3664,3664,3664,3664,3664,3664,3664,3664,3664,3664,3664,3664,3664,3664,3664,3664,3664,3664,3664,3664,3664,3664,3664,3664,3664,3664,3664,3664,3664,3664,3664,3664,3664,3664,3664,3664,3664,3664,3664,3664,3664,3664,3664,3664,3664,3664,3664,3664,3664,3664,3664,3664,3664,3664,3664,3664,3664,3664,3664,3664,3664,3664,3664,3664,3664,3664,3664,3664,3664,3664,3664,3664,3664,3664,3664,3664,3664,3664,3664,3664,3664,3664,3664,3664,3664,3664,3664,3664,3664,3664,3664,3664,3664,3664,3664,3664,3664,3664,3664,3664,3664,3664,3664,3664,3664,3664,3664,3664,3664, ,3664,3664,3664,3664,,,,,,,,,,,,,,,,,,,,,,,,
363,Construct,3674,3668,3674,3673,3667,3667,3667,3667,3674,3674,3674,3674,3674,3674,3667,3674,3674,3674,3674,3674,3674,3674,3674,3674,3674,3674,3674,3674,3674,3674,3674,3674,3674,3674,3674,3674,3674,3674,3674,3674,3674,3674,3674,3674,3674,3674,3674,3674,3674,3674,3674,3674,3674,3674,3674,3674,3674,3674,3674,3674,3674,3674,3674,3674,3674,3674,3674,3674,3674,3674,3674,3674,3674,3674,3674,3674,3674,3674,3674,3674,3674,3674,3674,3674,3674,3674,3674,3674,3674,3674,3674,3674,3674,3674,3674,3674,3674,3674,3674,3674,3674,3674,3674,3674,3674,3674,3674,3674,3674,3674,3674,3674,3674,3674,3674,3674,3674,3674,3674,3674,3674,3674,3674,3674,3674,3674,3674,3674,3674,3674,3674,3674,3674, ,3674,3674,3674,3674,,,,,,,,,,,,,,,,,,,,,,,,
364,Cata Celt Flying Vampiir,2585,2581,2584,2885,2637,2607,2610,2606,2716,2715,2714,2708,2707,2706,2611,2602,2603,2604,2709,2960,2710,2609,2723,2724,2725,2571,2570,2572,2598,2597,2596,2696,2697,2701,2691,2692,2699,2694,2695,2700,2704,2705,2537,2538,2560,2561,2854,2855,2845,2846,2542,2543,2544,2847,2562,2591,2592,2588,2587,2586,2563,2539,2593,2545,2848,2599,2600,2601,2976,2893,2859,2860,2861,2862,2540,2564,2541,2565,2594,2595,2849,2850,2546,2552,2553,2554,2555,2556,2557,2558,2559,2917,2916,2918,2914,2913,2915,2917,2915,2918,3123,3124,3125,3124,3777,2717,2719,2718,2840,2841,2842,2843,2844,2608,2711,2713,2712,2851,2852,2853,2547,2548,2549,2550,2551,2864,2865,2866,2867,2961,2868,2869,2870,,3614,3615,3613,3616,3782,3783,3784,,,,,,,,,,,,,,,,,,,,,
365,Spider Construct,3686,3686,3677,3680,3678,3678,3678,3678,3677,3677,3677,3677,3677,3677,3678,3677,3677,3677,3677,3677,3677,3677,3677,3677,3677,3677,3677,3677,3677,3677,3677,3677,3677,3677,3677,3677,3677,3677,3677,3677,3677,3677,3677,3677,3677,3677,3677,3677,3677,3677,3677,3677,3677,3677,3677,3677,3677,3677,3677,3677,3677,3677,3677,3677,3677,3677,3677,3677,3677,3677,3677,3677,3677,3677,3677,3677,3677,3677,3677,3677,3677,3677,3677,3677,3677,3677,3677,3677,3677,3677,3677,3677,3677,3677,3677,3677,3677,3677,3677,3677,3677,3677,3677,3677,3677,3677,3677,3677,3677,3677,3677,3677,3677,3677,3677,3677,3677,3677,3677,3677,3677,3677,3677,3677,3677,3677,3677,3677,3677,3677,3677,3677,3677, ,3677,3677,3677,3677,,,,,,,,,,,,,,,,,,,,,,,,
366,Vampire Skeleton Animation,2585,2581,2584,2885,2637,2607,2610,2606,2716,2715,2714,2708,2707,2706,2611,2602,2603,2604,2709,2960,2710,2609,2723,2724,2725,2571,2570,2572,2598,2597,2596,2696,2697,2701,2691,2692,2699,2694,2695,2700,2704,2705,2537,2538,2560,2561,2854,2855,2845,2846,2542,2543,2544,2847,2562,2591,2592,2588,2587,2586,2563,2539,2593,2545,2848,2599,2600,2601,2976,2893,2859,2860,2861,2862,2540,2564,2541,2565,2594,2595,2849,2850,2546,2552,2553,2554,2555,2556,2557,2558,2559,2917,2916,2918,2914,2913,2915,2917,2915,2918,3123,3124,3125,3124,3777,2717,2719,2718,2840,2841,2842,2843,2844,2608,2711,2713,2712,2851,2852,2853,2547,2548,2549,2550,2551,2864,2865,2866,2867,2961,2868,2869,2870,,3614,3615,3613,3616,3782,3783,3784,,,,,,,,,,,,,,,,,,,,,
367,Undead Drakoran,3701,3701,3700,3697,3699,3699,3699,3699,3701,3701,3701,3701,3701,3701,3699,3710,3709,3711,3701,3701,3701,3701,3701,3701,3701,3701,3701,3701,3701,3701,3701,3701,3701,3701,3701,3701,3701,3701,3701,3701,3701,3701,3701,3701,3701,3701,3701,3701,3701,3701,3701,3701,3701,3701,3701,3701,3701,3701,3701,3701,3701,3701,3701,3701,3701,3701,3701,3701,3701,3701,3701,3701,3701,3701,3701,3701,3701,3701,3701,3701,3701,3701,3701,3701,3701,3701,3701,3701,3701,3701,3701,3701,3701,3701,3701,3701,3701,3701,3701,3701,3701,3701,3701,3701,3701,3701,3701,3701,3701,3701,3701,3701,3701,3701,3701,3701,3701,3701,3701,3701,3701,3701,3701,3701,3701,3701,3701,3701,3701,3701,3701,3701,3701, ,3701,3701,3701,3701,,,,,,,,,,,,,,,,,,,,,,,,
368,Doppleganger Mino,3717,3717,3718,3722,3719,3719,3719,3719,3717,3717,3717,3717,3717,3717,3719,3716,3715,3714,3717,3717,3717,3717,3717,3717,3717,3717,3717,3717,3717,3717,3717,3717,3717,3717,3717,3717,3717,3717,3717,3717,3717,3717,3717,3717,3717,3717,3717,3717,3717,3717,3717,3717,3717,3717,3717,3717,3717,3717,3717,3717,3717,3717,3717,3717,3717,3717,3717,3717,3717,3717,3717,3717,3717,3717,3717,3717,3717,3717,3717,3717,3717,3717,3717,3717,3717,3717,3717,3717,3717,3717,3717,3717,3717,3717,3717,3717,3717,3717,3717,3717,3717,3717,3717,3717,3717,3717,3717,3717,3717,3717,3717,3717,3717,3717,3717,3717,3717,3717,3717,3717,3717,3717,3717,3717,3717,3717,3717,3717,3717,3717,3717,3717,3717,,3717,3717,3717,3717,,,,,,,,,,,,,,,,,,,,,,,,
369,Doppleganer Demon,3736,3738,3736,3734,3737,3737,3737,3737,3738,3738,3738,3738,3738,3738,3737,3741,3740,3739,3738,3738,3738,3738,3738,3738,3738,3738,3738,3738,3738,3738,3738,3738,3738,3738,3738,3738,3738,3738,3738,3738,3738,3738,3738,3738,3738,3738,3738,3738,3738,3738,3738,3738,3738,3738,3738,3738,3738,3738,3738,3738,3738,3738,3738,3738,3738,3738,3738,3738,3738,3738,3738,3738,3738,3738,3738,3738,3738,3738,3738,3738,3738,3738,3738,3738,3738,3738,3738,3738,3738,3738,3738,3738,3738,3738,3738,3738,3738,3738,3738,3738,3738,3738,3738,3738,3738,3738,3738,3738,3738,3738,3738,3738,3738,3738,3738,3738,3738,3738,3738,3738,3738,3738,3738,3738,3738,3738,3738,3738,3738,3738,3738,3738,3738,,3738,3738,3738,3738,,,,,,,,,,,,,,,,,,,,,,,,
370,Cerebus,3751,3750,3751,3760,3752,3752,3752,3752,3751,3751,3751,3751,3751,3751,3752,3751,3751,3751,3751,3751,3751,3751,3751,3751,3751,3751,3751,3751,3751,3751,3751,3751,3751,3751,3751,3751,3751,3751,3751,3751,3751,3751,3751,3751,3751,3751,3751,3751,3751,3751,3751,3751,3751,3751,3751,3751,3751,3751,3751,3751,3751,3751,3751,3751,3751,3751,3751,3751,3751,3751,3751,3751,3751,3751,3751,3751,3751,3751,3751,3751,3751,3751,3751,3751,3751,3751,3751,3751,3751,3751,3751,3751,3751,3751,3751,3751,3751,3751,3751,3751,3751,3751,3751,3751,3751,3751,3751,3751,3751,3751,3751,3751,3751,3751,3751,3751,3751,3751,3751,3751,3751,3751,3751,3751,3751,3751,3751,3751,3751,3751,3751,3751,3751,,3751,3751,3751,3751,,,,,,,,,,,,,,,,,,,,,,,,
371,Construct Minotaur,3764,3763,3764,3774,3775,3775,3775,3775,3764,3764,3764,3764,3764,3764,3775,3764,3764,3764,3764,3764,3764,3764,3764,3764,3764,3764,3764,3764,3764,3764,3764,3764,3764,3764,3764,3764,3764,3764,3764,3764,3764,3764,3764,3764,3764,3764,3764,3764,3764,3764,3764,3764,3764,3764,3764,3764,3764,3764,3764,3764,3764,3764,3764,3764,3764,3764,3764,3764,3764,3764,3764,3764,3764,3764,3764,3764,3764,3764,3764,3764,3764,3764,3764,3764,3764,3764,3764,3764,3764,3764,3764,3764,3764,3764,3764,3764,3764,3764,3764,3764,3764,3764,3764,3764,3764,3764,3764,3764,3764,3764,3764,3764,3764,3764,3764,3764,3764,3764,3764,3764,3764,3764,3764,3764,3764,3764,3764,3764,3764,3764,3764,3764,3764, ,3764,3764,3764,3764,,,,,,,,,,,,,,,,,,,,,,,,
372,Dead Minotaur,2534,2676,2536,0,0,2617,2618,2535,3215,2615,2682,2883,2882,3215,3215,3215,2689,2686,2678,2736,2677,2535,2877,2878,2879,2871,2872,2873,2620,2874,2875,2876,2689,2686,2827,2689,2686,2836,2689,2686,2687,2689,2686,2834,2824,2833,2828,2824,2833,2690,2689,2686,2688,2646,2625,2626,2628,2630,2632,2635,2731,2647,2634,2641,2645,2648,2650,2657,2658,2633,3122,2619,2567,2566,2567,2535,3157,2622,2535,2535,2663,2884,2661,2627,2636,2629,2638,2642,2660,2644,2880,2651,2652,2653,2656,2659,2535,2535,2535,2535,2535,2535,2535,2535,2535,2535,2623,2732,2643,3164,3158,3155,3153,3154,3156,3159,3162,2665,2666,2667,2668,2669,2670,2886,2887,2888,2928,,,,,,,,,,,,,,,,,,,,,,,,,,,,,,,,,,,
373,Clockwork Cat,3788,3788,3788,3788,3788,3788,3788,3788,3788,3788,3788,3788,3788,3788,3788,3788,3788,3788,3788,3788,3788,3788,3788,3788,3788,3788,3788,3788,3788,3788,3788,3788,3788,3788,3788,3788,3788,3788,3788,3788,3788,3788,3788,3788,3788,3788,3788,3788,3788,3788,3788,3788,3788,3788,3788,3788,3788,3788,3788,3788,3788,3788,3788,3788,3788,3788,3788,3788,3788,3788,3788,3788,3788,3788,3788,3788,3788,3788,3788,3788,3788,3788,3788,3788,3788,3788,3788,3788,3788,3788,3788,3788,3788,3788,3788,3788,3788,3788,3788,3788,3788,3788,3788,3788,3788,3788,3788,3788,3788,3788,3788,3788,3788,3788,3788,3788,3788,3788,3788,3788,3788,3788,3788,3788,3788,3788,3788,3788,3788,3788,3788,3788,3788,,3788,3788,3788,3788,,,,,,,,,,,,,,,,,,,,,,,,
374,Mino Metal Golem,3805,3805,3804,3803,3802,3802,3802,3802,3804,3804,3804,3804,3804,3804,3802,3804,3804,3804,3804,3804,3804,3804,3804,3804,3804,3804,3804,3804,3804,3804,3804,3804,3804,3804,3804,3804,3804,3804,3804,3804,3804,3804,3804,3804,3804,3804,3804,3804,3804,3804,3804,3804,3804,3804,3804,3804,3804,3804,3804,3804,3804,3804,3804,3804,3804,3804,3804,3804,3804,3804,3804,3804,3804,3804,3804,3804,3804,3804,3804,3804,3804,3804,3804,3804,3804,3804,3804,3804,3804,3804,3804,3804,3804,3804,3804,3804,3804,3804,3804,3804,3804,3804,3804,3804,3804,3804,3804,3804,3804,3804,3804,3804,3804,3804,3804,3804,3804,3804,3804,3804,3804,3804,3804,3804,3804,3804,3804,3804,3804,3804,3804,3804,3804, ,3804,3804,3804,3804,,,,,,,,,,,,,,,,,,,,,,,,
375,Agramon,3820,3821,3820,3822,3823,3823,3823,3823,3820,3820,3820,3820,3820,3820,3823,3820,3820,3820,3820,3820,3820,3820,3820,3820,3820,3820,3820,3820,3820,3820,3820,3820,3820,3820,3820,3820,3820,3820,3820,3820,3820,3820,3820,3820,3820,3820,3820,3820,3820,3820,3820,3820,3820,3820,3820,3820,3820,3820,3820,3820,3820,3820,3820,3820,3820,3820,3820,3820,3820,3820,3820,3820,3820,3820,3820,3820,3820,3820,3820,3820,3820,3820,3820,3820,3820,3820,3820,3820,3820,3820,3820,3820,3820,3820,3820,3820,3820,3820,3820,3820,3820,3820,3820,3820,3820,3820,3820,3820,3820,3820,3820,3820,3820,3820,3820,3820,3820,3820,3820,3820,3820,3820,3820,3820,3820,3820,3820,3820,3820,3820,3820,3820,3820, ,3820,3820,3820,3820,,,,,,,,,,,,,,,,,,,,,,,,
376,Goblin Chief,3828,3827,3828,3835,3838,3838,3838,3838,3828,3828,3827,3827,3827,3827,3838,3827,3827,3827,3827,3827,3827,3827,3827,3827,3827,3827,3827,3827,3827,3827,3827,3827,3827,3827,3827,3827,3827,3827,3827,3827,3827,3827,3827,3827,3827,3827,3827,3827,3827,3827,3827,3827,3827,3827,3827,3827,3827,3827,3827,3827,3827,3827,3827,3827,3827,3827,3827,3827,3827,3827,3827,3827,3827,3827,3827,3827,3827,3827,3827,3827,3827,3827,3827,3827,3827,3827,3827,3827,3827,3827,3827,3827,3827,3827,3827,3827,3827,3827,3827,3827,3827,3827,3827,3827,3827,3827,3827,3827,3827,3827,3827,3827,3827,3827,3827,3827,3827,3827,3827,3827,3827,3827,3827,3827,3827,3827,3827,3827,3827,3827,3827,3827,3827, ,3827,3827,3827,3827,,,,,,,,,,,,,,,,,,,,,,,,
377,Mino Stone Golem,3805,3805,3839,3803,3802,3802,3802,3802,3839,3839,3839,3839,3839,3839,3802,3839,3839,3839,3839,3839,3839,3839,3839,3839,3839,3839,3839,3839,3839,3839,3839,3839,3839,3839,3839,3839,3839,3839,3839,3839,3839,3839,3839,3839,3839,3839,3839,3839,3839,3839,3839,3839,3839,3839,3839,3839,3839,3839,3839,3839,3839,3839,3839,3839,3839,3839,3839,3839,3839,3839,3839,3839,3839,3839,3839,3839,3839,3839,3839,3839,3839,3839,3839,3839,3839,3839,3839,3839,3839,3839,3839,3839,3839,3839,3839,3839,3839,3839,3839,3839,3839,3839,3839,3839,3839,3839,3839,3839,3839,3839,3839,3839,3839,3839,3839,3839,3839,3839,3839,3839,3839,3839,3839,3839,3839,3839,3839,3839,3839,3839,3839,3839,3839, ,3839,3839,3839,3839,,,,,,,,,,,,,,,,,,,,,,,,
378,Classic Dead Minotaur,3844,3844,3844,3844,3844,3844,3844,3844,3844,3844,3844,3844,3844,3844,3844,3844,3844,3844,3844,3844,3844,3844,3844,3844,3844,3844,3844,3844,3844,3844,3844,3844,3844,3844,3844,3844,3844,3844,3844,3844,3844,3844,3844,3844,3844,3844,3844,3844,3844,3844,3844,3844,3844,3844,3844,3844,3844,3844,3844,3844,3844,3844,3844,3844,3844,3844,3844,3844,3844,3844,3844,3844,3844,3844,3844,3844,3844,3844,3844,3844,3844,3844,3844,3844,3844,3844,3844,3844,3844,3844,3844,3844,3844,3844,3844,3844,3844,3844,3844,3844,3844,3844,3844,3844,3844,3844,3844,3844,3844,3844,3844,3844,3844,3844,3844,3844,3844,3844,3844,3844,3844,3844,3844,3844,3844,3844,3844,3844,3844,3844,3844,3844,3844,,,,,,,,,,,,,,,,,,,,,,,,,,,,,
379,Flying Undead Drakoran,3701,3701,3700,3697,3699,3699,3699,3699,3701,3701,3701,3701,3701,3701,3699,3710,3709,3711,3701,3701,3701,3701,3701,3701,3701,3701,3701,3701,3701,3701,3701,3701,3701,3701,3701,3701,3701,3701,3701,3701,3701,3701,3701,3701,3701,3701,3701,3701,3701,3701,3701,3701,3701,3701,3701,3701,3701,3701,3701,3701,3701,3701,3701,3701,3701,3701,3701,3701,3701,3701,3701,3701,3701,3701,3701,3701,3701,3701,3701,3701,3701,3701,3701,3701,3701,3701,3701,3701,3701,3701,3701,3701,3701,3701,3701,3701,3701,3701,3701,3701,3701,3701,3701,3701,3701,3701,3701,3701,3701,3701,3701,3701,3701,3701,3701,3701,3701,3701,3701,3701,3701,3701,3701,3701,3701,3701,3701,3701,3701,3701,3701,3701,3701, ,3701,3701,3701,3701,,,,,,,,,,,,,,,,,,,,,,,,
380,Dracolich,3856,3856,3853,3854,3855,3855,3855,3853,3853,3853,3853,3853,3853,3853,3855,3853,3853,3853,3853,3853,3853,3853,3853,3853,3853,3853,3853,3853,3853,3853,3853,3853,3853,3853,3853,3853,3853,3853,3853,3853,3853,3853,3853,3853,3853,3853,3853,3853,3853,3853,3853,3853,3853,3853,3853,3853,3853,3853,3853,3853,3853,3853,3853,3853,3853,3853,3853,3853,3853,3853,3853,3853,3853,3853,3853,3853,3853,3853,3853,3853,3853,3853,3853,3853,3853,3853,3853,3853,3853,3853,3853,3853,3853,3853,3853,3853,3853,3853,3853,3853,3853,3853,3853,3853,3853,3853,3853,3853,3853,3853,3853,3853,3853,3853,3853,3853,3853,3853,3853,3853,3853,3853,3853,3853,3853,3853,3853,3853,3853,3853,3853,3853,3853,,,,,,,,,,,,,,,,,,,,,,,,,,,,,
381,Dracolich Sleeping,3862,3862,3862,3862,3862,3862,3862,3862,3862,3862,3862,3862,3862,3862,3862,3862,3862,3862,3862,3862,3862,3862,3862,3862,3862,3862,3862,3862,3862,3862,3862,3862,3862,3862,3862,3862,3862,3862,3862,3862,3862,3862,3862,3862,3862,3862,3862,3862,3862,3862,3862,3862,3862,3862,3862,3862,3862,3862,3862,3862,3862,3862,3862,3862,3862,3862,3862,3862,3862,3862,3862,3862,3862,3862,3862,3862,3862,3862,3862,3862,3862,3862,3862,3862,3862,3862,3862,3862,3862,3862,3862,3862,3862,3862,3862,3862,3862,3862,3862,3862,3862,3862,3862,3862,3862,3862,3862,3862,3862,3862,3862,3862,3862,3862,3862,3862,3862,3862,3862,3862,3862,3862,3862,3862,3862,3862,3862,3862,3862,3862,3862,3862,3862,,,,,,,,,,,,,,,,,,,,,,,,,,,,,
382,Albion Cata Minotaur,2585,2581,2584,2885,3695,3693,2610,2606,2716,2715,2714,2708,2707,2706,2611,2602,2603,2604,2709,2960,2710,2609,2723,2724,2725,2571,2570,2572,2598,2597,2596,2696,2697,2701,2691,2692,2699,2694,2695,2700,2704,2705,2537,2538,2560,2561,2854,2855,2845,2846,2542,2543,2544,2847,2562,2591,2592,2588,2587,2586,2563,2539,2593,2545,2848,2599,2600,2601,2976,2893,2859,2860,2861,2862,2540,2564,2541,2565,2594,2595,2849,2850,2546,2552,2553,2554,2555,2556,2557,2558,2559,2917,2916,2918,2914,2913,2915,2917,2915,2918,3123,3124,3125,3124,3777,2717,2719,2718,2840,2841,2842,2843,2844,2608,2711,2713,2712,2851,2852,2853,2547,2548,2549,2550,2551,2864,2865,2866,2867,2961,2868,2869,2870, ,3614,3615,3613,3616,3782,3783,3784,,,,,,,,,,,,,,,,,,,,,
383,Midgard Cata Minotaur,2585,2581,2584,2885,3695,3693,2610,2606,2716,2715,2714,2708,2707,2706,2611,2602,2603,2604,2709,2960,2710,2609,2723,2724,2725,2571,2570,2572,2598,2597,2596,2696,2697,2701,2691,2692,2699,2694,2695,2700,2704,2705,2537,2538,2560,2561,2854,2855,2845,2846,2542,2543,2544,2847,2562,2591,2592,2588,2587,2586,2563,2539,2593,2545,2848,2599,2600,2601,2976,2893,2859,2860,2861,2862,2540,2564,2541,2565,2594,2595,2849,2850,2546,2552,2553,2554,2555,2556,2557,2558,2559,2917,2916,2918,2914,2913,2915,2917,2915,2918,3123,3124,3125,3124,3777,2717,2719,2718,2840,2841,2842,2843,2844,2608,2711,2713,2712,2851,2852,2853,2547,2548,2549,2550,2551,2864,2865,2866,2867,2961,2868,2869,2870, ,3614,3615,3613,3616,3782,3783,3784,,,,,,,,,,,,,,,,,,,,,
384,Ambient Spider,3892,3892,3892,3892,3892,3892,3892,3892,3892,3892,3892,3892,3892,3892,3892,3892,3892,3892,3892,3892,3892,3892,3892,3892,3892,3892,3892,3892,3892,3892,3892,3892,3892,3892,3892,3892,3892,3892,3892,3892,3892,3892,3892,3892,3892,3892,3892,3892,3892,3892,3892,3892,3892,3892,3892,3892,3892,3892,3892,3892,3892,3892,3892,3892,3892,3892,3892,3892,3892,3892,3892,3892,3892,3892,3892,3892,3892,3892,3892,3892,3892,3892,3892,3892,3892,3892,3892,3892,3892,3892,3892,3892,3892,3892,3892,3892,3892,3892,3892,3892,3892,3892,3892,3892,3892,3892,3892,3892,3892,3892,3892,3892,3892,3892,3892,3892,3892,3892,3892,3892,3892,3892,3892,3892,3892,3892,3892,3892,3892,3892,3892,3892,3892, ,3892,3892,3892,3892,3892,3892,3892,,,,,,,,,,,,,,,,,,,,,
385,Ambient Snake,3889,3889,3889,3889,3889,3889,3889,3889,3889,3889,3889,3889,3889,3889,3889,3889,3889,3889,3889,3889,3889,3889,3889,3889,3889,3889,3889,3889,3889,3889,3889,3889,3889,3889,3889,3889,3889,3889,3889,3889,3889,3889,3889,3889,3889,3889,3889,3889,3889,3889,3889,3889,3889,3889,3889,3889,3889,3889,3889,3889,3889,3889,3889,3889,3889,3889,3889,3889,3889,3889,3889,3889,3889,3889,3889,3889,3889,3889,3889,3889,3889,3889,3889,3889,3889,3889,3889,3889,3889,3889,3889,3889,3889,3889,3889,3889,3889,3889,3889,3889,3889,3889,3889,3889,3889,3889,3889,3889,3889,3889,3889,3889,3889,3889,3889,3889,3889,3889,3889,3889,3889,3889,3889,3889,3889,3889,3889,3889,3889,3889,3889,3889,3889, ,3889,3889,3889,3889,3889,3889,3889,,,,,,,,,,,,,,,,,,,,,
386,Ambient Roach,3895,3895,3895,3895,3895,3895,3895,3895,3895,3895,3895,3895,3895,3895,3895,3895,3895,3895,3895,3895,3895,3895,3895,3895,3895,3895,3895,3895,3895,3895,3895,3895,3895,3895,3895,3895,3895,3895,3895,3895,3895,3895,3895,3895,3895,3895,3895,3895,3895,3895,3895,3895,3895,3895,3895,3895,3895,3895,3895,3895,3895,3895,3895,3895,3895,3895,3895,3895,3895,3895,3895,3895,3895,3895,3895,3895,3895,3895,3895,3895,3895,3895,3895,3895,3895,3895,3895,3895,3895,3895,3895,3895,3895,3895,3895,3895,3895,3895,3895,3895,3895,3895,3895,3895,3895,3895,3895,3895,3895,3895,3895,3895,3895,3895,3895,3895,3895,3895,3895,3895,3895,3895,3895,3895,3895,3895,3895,3895,3895,3895,3895,3895,3895, ,3895,3895,3895,3895,3895,3895,3895,,,,,,,,,,,,,,,,,,,,,
387,Ambient Cricket,3885,3885,3885,3885,3885,3885,3885,3885,3885,3885,3885,3885,3885,3885,3885,3885,3885,3885,3885,3885,3885,3885,3885,3885,3885,3885,3885,3885,3885,3885,3885,3885,3885,3885,3885,3885,3885,3885,3885,3885,3885,3885,3885,3885,3885,3885,3885,3885,3885,3885,3885,3885,3885,3885,3885,3885,3885,3885,3885,3885,3885,3885,3885,3885,3885,3885,3885,3885,3885,3885,3885,3885,3885,3885,3885,3885,3885,3885,3885,3885,3885,3885,3885,3885,3885,3885,3885,3885,3885,3885,3885,3885,3885,3885,3885,3885,3885,3885,3885,3885,3885,3885,3885,3885,3885,3885,3885,3885,3885,3885,3885,3885,3885,3885,3885,3885,3885,3885,3885,3885,3885,3885,3885,3885,3885,3885,3885,3885,3885,3885,3885,3885,3885, ,3885,3885,3885,3885,3885,3885,3885,,,,,,,,,,,,,,,,,,,,,
388,Ambient Rat,3898,3898,3898,3898,3898,3898,3898,3898,3898,3898,3898,3898,3898,3898,3898,3898,3898,3898,3898,3898,3898,3898,3898,3898,3898,3898,3898,3898,3898,3898,3898,3898,3898,3898,3898,3898,3898,3898,3898,3898,3898,3898,3898,3898,3898,3898,3898,3898,3898,3898,3898,3898,3898,3898,3898,3898,3898,3898,3898,3898,3898,3898,3898,3898,3898,3898,3898,3898,3898,3898,3898,3898,3898,3898,3898,3898,3898,3898,3898,3898,3898,3898,3898,3898,3898,3898,3898,3898,3898,3898,3898,3898,3898,3898,3898,3898,3898,3898,3898,3898,3898,3898,3898,3898,3898,3898,3898,3898,3898,3898,3898,3898,3898,3898,3898,3898,3898,3898,3898,3898,3898,3898,3898,3898,3898,3898,3898,3898,3898,3898,3898,3898,3898, ,3898,3898,3898,3898,3898,3898,3898,,,,,,,,,,,,,,,,,,,,,
389,Ambient Slug,3899,3899,3899,3899,3899,3899,3899,3899,3899,3899,3899,3899,3899,3899,3899,3899,3899,3899,3899,3899,3899,3899,3899,3899,3899,3899,3899,3899,3899,3899,3899,3899,3899,3899,3899,3899,3899,3899,3899,3899,3899,3899,3899,3899,3899,3899,3899,3899,3899,3899,3899,3899,3899,3899,3899,3899,3899,3899,3899,3899,3899,3899,3899,3899,3899,3899,3899,3899,3899,3899,3899,3899,3899,3899,3899,3899,3899,3899,3899,3899,3899,3899,3899,3899,3899,3899,3899,3899,3899,3899,3899,3899,3899,3899,3899,3899,3899,3899,3899,3899,3899,3899,3899,3899,3899,3899,3899,3899,3899,3899,3899,3899,3899,3899,3899,3899,3899,3899,3899,3899,3899,3899,3899,3899,3899,3899,3899,3899,3899,3899,3899,3899,3899, ,3899,3899,3899,3899,3899,3899,3899,,,,,,,,,,,,,,,,,,,,,
390,Dragons (Always Flying),3902,3902,3902,3902,3902,3902,3902,3902,3902,3902,3902,3902,3902,3902,3902,3902,3902,3902,3902,3902,3902,3902,3902,3902,3902,3902,3902,3902,3902,3902,3902,3902,3902,3902,3902,3902,3902,3902,3902,3902,3902,3902,3902,3902,3902,3902,3902,3902,3902,3902,3902,3902,3902,3902,3902,3902,3902,3902,3902,3902,3902,3902,3902,3902,3902,3902,3902,3902,3902,3902,3902,3902,3902,3902,3902,3902,3902,3902,3902,3902,3902,3902,3902,3902,3902,3902,3902,3902,3902,3902,3902,3902,3902,3902,3902,3902,3902,3902,3902,3902,3902,3902,3902,3902,3902,3902,3902,3902,3902,3902,3902,3902,3902,3902,3902,3902,3902,3902,3902,3902,3902,3902,3902,3902,3902,3902,3902,3902,3902,3902,3902,3902,3902,,,,,,,,,,,,,,,,,,,,,,,,,,,,,
391,Revamped Dragon,3907,3907,3907,3908,3908,3908,3908,3908,3907,3907,3907,3907,3907,3907,3908,3907,3907,3907,3907,3907,3907,3907,3907,3907,3907,3907,3907,3907,3907,3907,3907,3907,3907,3907,3907,3907,3907,3907,3907,3907,3907,3907,3907,3907,3907,3907,3907,3907,3907,3907,3907,3907,3907,3907,3907,3907,3907,3907,3907,3907,3907,3907,3907,3907,3907,3907,3907,3907,3907,3907,3907,3907,3907,3907,3907,3907,3907,3907,3907,3907,3907,3907,3907,3907,3907,3907,3907,3907,3907,3907,3907,3907,3907,3907,3907,3907,3907,3907,3907,3907,3907,3907,3907,3907,3907,3907,3907,3907,3907,3907,3907,3907,3907,3907,3907,3907,3907,3907,3907,3907,3907,3907,3907,3907,3907,3907,3907,3907,3907,3907,3907,3907,3907,1,3907,3907,3907,3907,3907,3907,3907,,,,,,,,,,,,,,,,,,,,,
392,Revamped Werewolf,3933,3934,3933,3931,3935,3925,3923,3934,3924,3924,3924,3934,3934,3934,3923,3937,3936,3938,3922,3922,3921,3934,3934,3934,3934,3934,3934,3934,3934,3934,3934,3934,3934,3934,3934,3934,3934,3934,3934,3934,3934,3934,3934,3934,3934,3934,3934,3934,3934,3934,3934,3934,3934,3934,3934,3934,3934,3934,3934,3934,3934,3934,3934,3934,3934,3934,3934,3934,3934,3934,3934,3934,3934,3934,3934,3934,3934,3934,3934,3934,3934,3934,3934,3934,3934,3934,3934,3934,3934,3934,3934,3934,3934,3934,3934,3934,3934,3934,3934,3934,3934,3934,3934,3934,3934,3934,3934,3934,3934,3934,3934,3934,3934,3934,3934,3934,3934,3934,3934,3934,3934,3934,3934,3934,3934,3934,3934,3934,3934,3934,3934,3934,3934,,3921,3921,3921,3921,3921,3921,3921,,,,,,,,,,,,,,,,,,,,,
393,Revamped Stone Giant,3940,3941,3940,3951,3942,3942,3942,3942,3940,3940,3940,3940,3940,3940,3942,3940,3940,3940,3940,3940,3940,3940,3940,3940,3940,3940,3940,3940,3940,3940,3940,3940,3940,3940,3940,3940,3940,3940,3940,3940,3940,3940,3940,3940,3940,3940,3940,3940,3940,3940,3940,3940,3940,3940,3940,3940,3940,3940,3940,3940,3940,3940,3940,3940,3940,3940,3940,3940,3940,3940,3940,3940,3940,3940,3940,3940,3940,3940,3940,3940,3940,3940,3940,3940,3940,3940,3940,3940,3940,3940,3940,3940,3940,3940,3940,3940,3940,3940,3940,3940,3940,3940,3940,3940,3940,3940,3940,3940,3940,3940,3940,3940,3940,3940,3940,3940,3940,3940,3940,3940,3940,3940,3940,3940,3940,3940,3940,3940,3940,3940,3940,3940,3940,,3940,3940,3940,3940,3940,3940,3940,,,,,,,,,,,,,,,,,,,,,
394,Baby/Young Dragon,3958,3958,3958,3959,3959,3959,3959,3959,3958,3958,3958,3958,3958,3958,3959,3958,3958,3958,3958,3958,3958,3958,3958,3958,3958,3958,3958,3958,3958,3958,3958,3958,3958,3958,3958,3958,3958,3958,3958,3958,3958,3958,3958,3958,3958,3958,3958,3958,3958,3958,3958,3958,3958,3958,3958,3958,3958,3958,3958,3958,3958,3958,3958,3958,3958,3958,3958,3958,3958,3958,3958,3958,3958,3958,3958,3958,3958,3958,3958,3958,3958,3958,3958,3958,3958,3958,3958,3958,3958,3958,3958,3958,3958,3958,3958,3958,3958,3958,3958,3958,3958,3958,3958,3958,3958,3958,3958,3958,3958,3958,3958,3958,3958,3958,3958,3958,3958,3958,3958,3958,3958,3958,3958,3958,3958,3958,3958,3958,3958,3958,3958,3958,3958,1,3958,3958,3958,3958,3958,3958,3958, ,,,,,,,,,,,,,,,,,,,,
395,Revamped Glimmer Knight,384,378,379,385,383,360,361,362,354,355,356,357,358,359,364,375,376,377,347,348,349,397,398,399,216,419,420,418,422,438,421,440,439,449,444,443,883,446,445,884,448,447,844,845,846,847,848,849,850,851,852,853,855,856,854,436,437,416,417,415,905,906,907,908,909,93,94,95,91,128,145,146,147,148,194,195,196,197,198,199,282,492,493,558,559,560,561,562,563,564,566,1351,1350,1351,1353,1352,1353,1355,1354,1355,1379,1380,1381,1385,1286,1288,1287,1289,1290,1291,1292,1293,1294,1480,1481,1497,1482,1483,1484,1485,943,945,946,948,949,2227,2228,2229,2230,2231,2232,2233,2234,,3602,3604,3603,3601,3868,3869,3865,,,,,,,,,,,,,,,,,,,,,
396,Dead Baby Dragons,3974,3974,3974,3974,3974,3974,3974,3974,3974,3974,3974,3974,3974,3974,3974,3974,3974,3974,3974,3974,3974,3974,3974,3974,3974,3974,3974,3974,3974,3974,3974,3974,3974,3974,3974,3974,3974,3974,3974,3974,3974,3974,3974,3974,3974,3974,3974,3974,3974,3974,3974,3974,3974,3974,3974,3974,3974,3974,3974,3974,3974,3974,3974,3974,3974,3974,3974,3974,3974,3974,3974,3974,3974,3974,3974,3974,3974,3974,3974,3974,3974,3974,3974,3974,3974,3974,3974,3974,3974,3974,3974,3974,3974,3974,3974,3974,3974,3974,3974,3974,3974,3974,3974,3974,3974,3974,3974,3974,3974,3974,3974,3974,3974,3974,3974,3974,3974,3974,3974,3974,3974,3974,3974,3974,3974,3974,3974,3974,3974,3974,3974,3974,3974,,3974,3974,3974,3974,3974,3974,3974, ,,,,,,,,,,,,,,,,,,,,
397,Dead Glimmer Knight,3973,3973,3973,3973,3973,3973,3973,3973,3973,3973,3973,3973,3973,3973,3973,3973,3973,3973,3973,3973,3973,3973,3973,3973,3973,3973,3973,3973,3973,3973,3973,3973,3973,3973,3973,3973,3973,3973,3973,3973,3973,3973,3973,3973,3973,3973,3973,3973,3973,3973,3973,3973,3973,3973,3973,3973,3973,3973,3973,3973,3973,3973,3973,3973,3973,3973,3973,3973,3973,3973,3973,3973,3973,3973,3973,3973,3973,3973,3973,3973,3973,3973,3973,3973,3973,3973,3973,3973,3973,3973,3973,3973,3973,3973,3973,3973,3973,3973,3973,3973,3973,3973,3973,3973,3973,3973,3973,3973,3973,3973,3973,3973,3973,3973,3973,3973,3973,3973,3973,3973,3973,3973,3973,3973,3973,3973,3973,3973,3973,3973,3973,3973,3973,,3973,3973,3973,3973,3973,3973,3973, , ,,,,,,,,,,,,,,,,,,,
398,Dead Stonegiant,3976,3976,3976,3976,3976,3976,3976,3976,3976,3976,3976,3976,3976,3976,3976,3976,3976,3976,3976,3976,3976,3976,3976,3976,3976,3976,3976,3976,3976,3976,3976,3976,3976,3976,3976,3976,3976,3976,3976,3976,3976,3976,3976,3976,3976,3976,3976,3976,3976,3976,3976,3976,3976,3976,3976,3976,3976,3976,3976,3976,3976,3976,3976,3976,3976,3976,3976,3976,3976,3976,3976,3976,3976,3976,3976,3976,3976,3976,3976,3976,3976,3976,3976,3976,3976,3976,3976,3976,3976,3976,3976,3976,3976,3976,3976,3976,3976,3976,3976,3976,3976,3976,3976,3976,3976,3976,3976,3976,3976,3976,3976,3976,3976,3976,3976,3976,3976,3976,3976,3976,3976,3976,3976,3976,3976,3976,3976,3976,3976,3976,3976,3976,3976,,3976,3976,3976,3976,3976,3976,3976,, ,,,,,,,,,,,,,,,,,,,
399,Dead Werewolf,3975,3975,3975,3975,3975,3975,3975,3975,3975,3975,3975,3975,3975,3975,3975,3975,3975,3975,3975,3975,3975,3975,3975,3975,3975,3975,3975,3975,3975,3975,3975,3975,3975,3975,3975,3975,3975,3975,3975,3975,3975,3975,3975,3975,3975,3975,3975,3975,3975,3975,3975,3975,3975,3975,3975,3975,3975,3975,3975,3975,3975,3975,3975,3975,3975,3975,3975,3975,3975,3975,3975,3975,3975,3975,3975,3975,3975,3975,3975,3975,3975,3975,3975,3975,3975,3975,3975,3975,3975,3975,3975,3975,3975,3975,3975,3975,3975,3975,3975,3975,3975,3975,3975,3975,3975,3975,3975,3975,3975,3975,3975,3975,3975,3975,3975,3975,3975,3975,3975,3975,3975,3975,3975,3975,3975,3975,3975,3975,3975,3975,3975,3975,3975,,3975,3975,3975,3975,3975,3975,3975, ,,,,,,,,,,,,,,,,,,,,
400,Flying Baby/Young Dragon,3958,3958,3958,3959,3959,3959,3959,3959,3958,3958,3958,3958,3958,3958,3959,3958,3958,3958,3958,3958,3958,3958,3958,3958,3958,3958,3958,3958,3958,3958,3958,3958,3958,3958,3958,3958,3958,3958,3958,3958,3958,3958,3958,3958,3958,3958,3958,3958,3958,3958,3958,3958,3958,3958,3958,3958,3958,3958,3958,3958,3958,3958,3958,3958,3958,3958,3958,3958,3958,3958,3958,3958,3958,3958,3958,3958,3958,3958,3958,3958,3958,3958,3958,3958,3958,3958,3958,3958,3958,3958,3958,3958,3958,3958,3958,3958,3958,3958,3958,3958,3958,3958,3958,3958,3958,3958,3958,3958,3958,3958,3958,3958,3958,3958,3958,3958,3958,3958,3958,3958,3958,3958,3958,3958,3958,3958,3958,3958,3958,3958,3958,3958,3958,1,3958,3958,3958,3958,3958,3958,3958, ,,,,,,,,,,,,,,,,,,,,
401,Revamped Wolf Lizard,3985,3984,3985,3992,3986,3986,3986,3986,3984,3984,3984,3984,3984,3984,3984,3984,3984,3984,3984,3984,3984,3984,3984,3984,3984,3984,3984,3984,3984,3984,3984,3984,3984,3984,3984,3984,3984,3984,3984,3984,3984,3984,3984,3984,3984,3984,3984,3984,3984,3984,3984,3984,3984,3984,3984,3984,3984,3984,3984,3984,3984,3984,3984,3984,3984,3984,3984,3984,3984,3984,3984,3984,3984,3984,3984,3984,3984,3984,3984,3984,3984,3984,3984,3984,3984,3984,3984,3984,3984,3984,3984,3984,3984,3984,3984,3984,3984,3984,3984,3984,3984,3984,3984,3984,3984,3984,3984,3984,3984,3984,3984,3984,3984,3984,3984,3984,3984,3984,3984,3984,3984,3984,3984,3984,3984,3984,3984,3984,3984,3984,3984,3984,3984,,,,,,,,,,,,,,,,,,,,,,,,,,,,,
402,Revamped Glimmer Caster,3995,3995,3995,3994,3998,3998,3998,3998,3995,3995,3995,3995,3995,3995,3998,3995,3995,3995,3995,3997,3996,3995,3995,3995,3995,3995,3995,3995,3995,3995,3995,3995,3995,3995,3995,3995,3995,3995,3995,3995,3995,3995,3995,3995,3995,3995,3995,3995,3995,3995,3995,3995,3995,3995,3995,3995,3995,3995,3995,3995,3995,3995,3995,3995,3995,3995,3995,3995,3995,3995,3995,3995,3995,3995,3995,3995,3995,3995,3995,3995,3995,3995,3995,3995,3995,3995,3995,3995,3995,3995,3995,3995,3995,3995,3995,3995,3995,3995,3995,3995,3995,3995,3995,3995,3995,3995,3995,3995,3995,3995,3995,3995,3995,3995,3995,3995,3995,3995,3995,3995,3995,3995,3995,3995,3995,3995,3995,3995,3995,3995,3995,3995,3995,,,,,,,,,,,,,,,,,,,,,,,,,,,,,
403,Dead Revamped Dragons,4007,4007,4007,4007,4007,4007,4007,4007,4007,4007,4007,4007,4007,4007,4007,4007,4007,4007,4007,4007,4007,4007,4007,4007,4007,4007,4007,4007,4007,4007,4007,4007,4007,4007,4007,4007,4007,4007,4007,4007,4007,4007,4007,4007,4007,4007,4007,4007,4007,4007,4007,4007,4007,4007,4007,4007,4007,4007,4007,4007,4007,4007,4007,4007,4007,4007,4007,4007,4007,4007,4007,4007,4007,4007,4007,4007,4007,4007,4007,4007,4007,4007,4007,4007,4007,4007,4007,4007,4007,4007,4007,4007,4007,4007,4007,4007,4007,4007,4007,4007,4007,4007,4007,4007,4007,4007,4007,4007,4007,4007,4007,4007,4007,4007,4007,4007,4007,4007,4007,4007,4007,4007,4007,4007,4007,4007,4007,4007,4007,4007,4007,4007,4007,,,,,,,,,,,,,,,,,,,,,,,,,,,,,
404,Revamped Glimmer Ghoul,3574,3574,3574,3572,3588,3588,3588,3588,3574,3574,3574,3574,3574,3574,3588,3574,3574,3574,3574,3574,3574,3574,3574,3574,3574,3574,3574,3574,3574,3574,3574,3574,3574,3574,3574,3574,3574,3574,3574,3574,3574,3574,3574,3574,3574,3574,3574,3574,3574,3574,3574,3574,3574,3574,3574,3574,3574,3574,3574,3574,3574,3574,3574,3574,3574,3574,3574,3574,3574,3574,3574,3574,3574,3574,3574,3574,3574,3574,3574,3574,3574,3574,3574,3574,3574,3574,3574,3574,3574,3574,3574,3574,3574,3574,3574,3574,3574,3574,3574,3574,3574,3574,3574,3574,3588,3568,3568,3568,3574,3574,3574,3574,3574,3574,3574,3574,3574,3574,3574,3574,3574,3574,3574,3574,3574,3574,3574,3574,3574,3574,3574,3574,3574, ,,,,,,,,,,,,,,,,,,,,,,,,,,,,
405,Revamped Dragons Soar,4014,4014,4014,4014,4014,4014,4014,4014,4014,4014,4014,4014,4014,4014,4014,4014,4014,4014,4014,4014,4014,4014,4014,4014,4014,4014,4014,4014,4014,4014,4014,4014,4014,4014,4014,4014,4014,4014,4014,4014,4014,4014,4014,4014,4014,4014,4014,4014,4014,4014,4014,4014,4014,4014,4014,4014,4014,4014,4014,4014,4014,4014,4014,4014,4014,4014,4014,4014,4014,4014,4014,4014,4014,4014,4014,4014,4014,4014,4014,4014,4014,4014,4014,4014,4014,4014,4014,4014,4014,4014,4014,4014,4014,4014,4014,4014,4014,4014,4014,4014,4014,4014,4014,4014,4014,4014,4014,4014,4014,4014,4014,4014,4014,4014,4014,4014,4014,4014,4014,4014,4014,4014,4014,4014,4014,4014,4014,4014,4014,4014,4014,4014,4014,,,,,,,,,,,,,,,,,,,,,,,,,,,,,
406,Revamped Dragon Flap,4013,4013,4013,4013,4013,4013,4013,4013,4013,4013,4013,4013,4013,4013,4013,4013,4013,4013,4013,4013,4013,4013,4013,4013,4013,4013,4013,4013,4013,4013,4013,4013,4013,4013,4013,4013,4013,4013,4013,4013,4013,4013,4013,4013,4013,4013,4013,4013,4013,4013,4013,4013,4013,4013,4013,4013,4013,4013,4013,4013,4013,4013,4013,4013,4013,4013,4013,4013,4013,4013,4013,4013,4013,4013,4013,4013,4013,4013,4013,4013,4013,4013,4013,4013,4013,4013,4013,4013,4013,4013,4013,4013,4013,4013,4013,4013,4013,4013,4013,4013,4013,4013,4013,4013,4013,4013,4013,4013,4013,4013,4013,4013,4013,4013,4013,4013,4013,4013,4013,4013,4013,4013,4013,4013,4013,4013,4013,4013,4013,4013,4013,4013,4013,,,,,,,,,,,,,,,,,,,,,,,,,,,,,
407,Rock Critter,4024,4024,4015,4023,4016,4016,4016,4016,4024,4024,4024,4024,4024,4024,4016,4024,4024,4024,4024,4024,4024,4024,4024,4024,4024,4024,4024,4024,4024,4024,4024,4024,4024,4024,4024,4024,4024,4024,4024,4024,4024,4024,4024,4024,4024,4024,4024,4024,4024,4024,4024,4024,4024,4024,4024,4024,4024,4024,4024,4024,4024,4024,4024,4024,4024,4024,4024,4024,4024,4024,4024,4024,4024,4024,4024,4024,4024,4024,4024,4024,4024,4024,4024,4024,4024,4024,4024,4024,4024,4024,4024,4024,4024,4024,4024,4024,4024,4024,4024,4024,4024,4024,4024,4024,4024,4024,4024,4024,4024,4024,4024,4024,4024,4024,4024,4024,4024,4024,4024,4024,4024,4024,4024,4024,4024,4024,4024,4024,4024,4024,4024,4024,4024,,,,,,,,,,,,,,,,,,,,,,,,,,,,,
408,Wingless Pet Baby Dragon,3958,3958,3958,3959,3959,3959,3959,3959,3958,3958,3958,3958,3958,3958,3959,3958,3958,3958,3958,3958,3958,3958,3958,3958,3958,3958,3958,3958,3958,3958,3958,3958,3958,3958,3958,3958,3958,3958,3958,3958,3958,3958,3958,3958,3958,3958,3958,3958,3958,3958,3958,3958,3958,3958,3958,3958,3958,3958,3958,3958,3958,3958,3958,3958,3958,3958,3958,3958,3958,3958,3958,3958,3958,3958,3958,3958,3958,3958,3958,3958,3958,3958,3958,3958,3958,3958,3958,3958,3958,3958,3958,3958,3958,3958,3958,3958,3958,3958,3958,3958,3958,3958,3958,3958,3958,3958,3958,3958,3958,3958,3958,3958,3958,3958,3958,3958,3958,3958,3958,3958,3958,3958,3958,3958,3958,3958,3958,3958,3958,3958,3958,3958,3958,1,3958,3958,3958,3958,3958,3958,3958, ,,,,,,,,,,,,,,,,,,,,
409,Black Cat,0,0,0,0,0,0,0,0,0,0,0,0,0,0,0,0,0,0,0,0,0,0,0,0,0,0,0,0,0,0,0,0,0,0,0,0,0,0,0,0,0,0,0,0,0,0,0,0,0,0,0,0,0,0,0,0,0,0,0,0,0,0,0,0,0,0,0,0,0,0,0,0,0,0,0,0,0,0,0,0,0,0,0,0,0,0,0,0,0,0,0,0,0,0,0,0,0,0,0,0,0,0,0,0,0,0,0,0,0,0,0,0,0,0,0,0,0,0,0,0,0,0,0,0,0,0,0,0,0,0,0,0,0,0,0,0,0,0,0,0,0,,,,,,,,,,,,,,,,,,,,,
410,Amb Rabbit,0,0,0,0,0,0,0,0,0,0,0,0,0,0,0,0,0,0,0,0,0,0,0,0,0,0,0,0,0,0,0,0,0,0,0,0,0,0,0,0,0,0,0,0,0,0,0,0,0,0,0,0,0,0,0,0,0,0,0,0,0,0,0,0,0,0,0,0,0,0,0,0,0,0,0,0,0,0,0,0,0,0,0,0,0,0,0,0,0,0,0,0,0,0,0,0,0,0,0,0,0,0,0,0,0,0,0,0,0,0,0,0,0,0,0,0,0,0,0,0,0,0,0,0,0,0,0,0,0,0,0,0,0,0,0,0,0,0,0,0,0,,,,,,,,,,,,,,,,,,,,,
411,amb_bird,0,0,0,0,0,0,0,0,0,0,0,0,0,0,0,0,0,0,0,0,0,0,0,0,0,0,0,0,0,0,0,0,0,0,0,0,0,0,0,0,0,0,0,0,0,0,0,0,0,0,0,0,0,0,0,0,0,0,0,0,0,0,0,0,0,0,0,0,0,0,0,0,0,0,0,0,0,0,0,0,0,0,0,0,0,0,0,0,0,0,0,0,0,0,0,0,0,0,0,0,0,0,0,0,0,0,0,0,0,0,0,0,0,0,0,0,0,0,0,0,0,0,0,0,0,0,0,0,0,0,0,0,0,0,0,0,0,0,0,0,0,,,,,,,,,,,,,,,,,,,,,
412,Harbinger of Spring,4057,4057,4057,4055,4055,4055,4055,4055,4057,4057,4057,4057,4057,4057,4055,4057,4057,4057,4057,4057,4057,4057,4057,4057,4057,4057,4057,4057,4057,4057,4057,4057,4057,4057,4057,4057,4057,4057,4057,4057,4057,4057,4057,4057,4057,4057,4057,4057,4057,4057,4057,4057,4057,4057,4057,4057,4057,4057,4057,4057,4057,4057,4057,4057,4057,4057,4057,4057,4057,4057,4057,4057,4057,4057,4057,4057,4057,4057,4057,4057,4057,4057,4057,4057,4057,4057,4057,4057,4057,4057,4057,4057,4057,4057,4057,4057,4057,4057,4057,4057,4057,4057,4057,4057,4057,4057,4057,4057,4057,4057,4057,4057,4057,4057,4057,4057,4057,4057,4057,4057,4057,4057,4057,4057,4057,4057,4057,4057,4057,4057,4057,4057,4057,,4057,4057,4057,4057,4057,4057,4057,,,,,,,,,,,,,,,,,,,,,
413,amb_bat,4058,4058,4058,4058,4058,4058,4058,4058,4058,4058,4058,4058,4058,4058,4058,4058,4058,4058,4058,4058,4058,4058,4058,4058,4058,4058,4058,4058,4058,4058,4058,4058,4058,4058,4058,4058,4058,4058,4058,4058,4058,4058,4058,4058,4058,4058,4058,4058,4058,4058,4058,4058,4058,4058,4058,4058,4058,4058,4058,4058,4058,4058,4058,4058,4058,4058,4058,4058,4058,4058,4058,4058,4058,4058,4058,4058,4058,4058,4058,4058,4058,4058,4058,4058,4058,4058,4058,4058,4058,4058,4058,4058,4058,4058,4058,4058,4058,4058,4058,4058,4058,4058,4058,4058,4058,4058,4058,4058,4058,4058,4058,4058,4058,4058,4058,4058,4058,4058,4058,4058,4058,4058,4058,4058,4058,4058,4058,4058,4058,4058,4058,4058,4058,0,4058,4058,4058,4058,4058,4058,4058,,,,,,,,,,,,,,,,,,,,,
414,Ambient Squirrel,4064,4064,4064,4064,4064,4064,4064,4064,4064,4064,4064,4064,4064,4064,4064,4064,4064,4064,4064,4064,4064,4064,4064,4064,4064,4064,4064,4064,4064,4064,4064,4064,4064,4064,4064,4064,4064,4064,4064,4064,4064,4064,4064,4064,4064,4064,4064,4064,4064,4064,4064,4064,4064,4064,4064,4064,4064,4064,4064,4064,4064,4064,4064,4064,4064,4064,4064,4064,4064,4064,4064,4064,4064,4064,4064,4064,4064,4064,4064,4064,4064,4064,4064,4064,4064,4064,4064,4064,4064,4064,4064,4064,4064,4064,4064,4064,4064,4064,4064,4064,4064,4064,4064,4064,4064,4064,4064,4064,4064,4064,4064,4064,4064,4064,4064,4064,4064,4064,4064,4064,4064,4064,4064,4064,4064,4064,4064,4064,4064,4064,4064,4064,4064,,4064,4064,4064,4064,4064,4064,4064,,,,,,,,,,,,,,,,,,,,,
415,Ambient Owl,4066,4066,4066,4066,4066,4066,4066,4066,4066,4066,4066,4066,4066,4066,4066,4066,4066,4066,4066,4066,4066,4066,4066,4066,4066,4066,4066,4066,4066,4066,4066,4066,4066,4066,4066,4066,4066,4066,4066,4066,4066,4066,4066,4066,4066,4066,4066,4066,4066,4066,4066,4066,4066,4066,4066,4066,4066,4066,4066,4066,4066,4066,4066,4066,4066,4066,4066,4066,4066,4066,4066,4066,4066,4066,4066,4066,4066,4066,4066,4066,4066,4066,4066,4066,4066,4066,4066,4066,4066,4066,4066,4066,4066,4066,4066,4066,4066,4066,4066,4066,4066,4066,4066,4066,4066,4066,4066,4066,4066,4066,4066,4066,4066,4066,4066,4066,4066,4066,4066,4066,4066,4066,4066,4066,4066,4066,4066,4066,4066,4066,4066,4066,4066,,4066,4066,4066,4066,4066,4066,4066,,,,,,,,,,,,,,,,,,,,,
416,Blackrat,4068,4068,4068,4069,4069,4069,4069,4069,4068,4068,4068,4068,4068,4068,4069,4068,4068,4068,4068,4068,4068,4069,4068,4068,4068,4068,4068,4068,4068,4068,4068,4069,4069,4069,4069,4069,4069,4069,4069,4069,4069,4069,4068,4068,4068,4068,4068,4068,4068,4068,4068,4068,4068,4068,4068,4068,4068,4068,4068,4068,4068,4068,4068,4068,4068,4068,4068,4068,4068,4068,4068,4068,4068,4068,4068,4068,4068,4068,4068,4068,4068,4068,4068,4068,4068,4068,4068,4068,4068,4068,4068,4068,4068,4068,4068,4068,4068,4068,4068,4068,4069,4069,4069,4069,4069,4068,4068,4068,4068,4068,4068,4068,4068,4069,4068,4068,4068,4068,4068,4068,4068,4068,4068,4068,4068,4068,4068,4068,4068,4068,4068,4068,4068,,4068,4068,4068,4068,4068,4068,4068,,,,,,,,,,,,,,,,,,,,,
417,Event Demon,3273,3273,3273,3282,3284,3284,3284,3284,3273,3273,3273,3273,3273,3273,3284,3287,3286,3285,3273,3273,3273,3284,3287,3286,3285,3273,3273,3273,3273,3273,3273,3273,3273,3273,3273,3273,3273,3273,3273,3273,3273,3273,3273,3273,3273,3273,3273,3273,3273,3273,3273,3273,3273,3273,3273,3273,3273,3273,3273,3273,3273,3273,3273,3273,3273,3273,3273,3273,3273,3273,3273,3273,3273,3273,3273,3273,3273,3273,3273,3273,3273,3273,3273,3273,3273,3273,3273,3273,3273,3273,3273,3273,3273,3273,3273,3273,3273,3273,3273,3273,3273,3273,3273,3273,3273,3273,3273,3273,3273,3273,3273,3273,3273,3273,3273,3273,3273,3273,3273,3273,3273,3273,3273,3273,3273,3273,3273,3273,3273,3273,3273,3273,3273,,,,,,,,,,,,,,,,,,,,,,,,,,,,,
