,hair,,,,,,,,,,,,,,,,,,,,,,,,,,,,,,,,,,,,,,,,,,,,,,,,,
#,style #,Description,1S,1T,1M,2S,2T,2M,3S,3T,3M,4S,4T,4M,5S,5T,5M,6S,6T,6M,7S,7T,7M,8S,8T,8M,9S,9T,9M,10S,10T,10M,11S,11T,11M,12S,12T,12M,13S,13T,13M,14S,14T,14M,15S,15T,15M,16S,16T,16M
1,1,Cata Briton Male,3804,188,,3804,125,,3807,188,,3804,103,,3807,101,,3804,128,,3804,97,,3804,100,,3804,105,,3804,124,,3805,253,,3806,107,,3806,188,,3806,106,,3806,108,,3806,98,
1,2,Cata Briton Male,3808,188,,3808,125,,3811,188,,3808,103,,3811,101,,3808,128,,3808,97,,3808,100,,3808,105,,3808,124,,3809,253,,3810,107,,3810,188,,3810,106,,3810,108,,3810,98,
1,3,Cata Briton Male,3812,188,,3812,125,,3815,188,,3812,103,,3815,101,,3812,128,,3812,97,,3812,100,,3812,105,,3812,124,,3813,253,,3814,107,,3814,188,,3814,106,,3814,108,,3814,98,
1,4,Cata Briton Male,3804,188,,3804,125,,3807,188,,3804,103,,3807,101,,3804,128,,3804,97,,3804,100,,3804,105,,3804,124,,3805,253,,3806,107,,3806,188,,3806,106,,3806,108,,3806,98,
1,5,Cata Briton Male,3808,188,,3808,125,,3811,188,,3808,103,,3811,101,,3808,128,,3808,97,,3808,100,,3808,105,,3808,124,,3809,253,,3810,107,,3810,188,,3810,106,,3810,108,,3810,98,
1,6,Cata Briton Male,3808,188,,3808,125,,3811,188,,3808,103,,3811,101,,3808,128,,3808,97,,3808,100,,3808,105,,3808,124,,3809,253,,3810,107,,3810,188,,3810,106,,3810,108,,3810,98,
1,7,Cata Briton Male,3804,188,,3804,125,,3807,188,,3804,103,,3807,101,,3804,128,,3804,97,,3804,100,,3804,105,,3804,124,,3805,253,,3806,107,,3806,188,,3806,106,,3806,108,,3806,98,
1,8,Cata Briton Male,3808,188,,3808,125,,3811,188,,3808,103,,3811,101,,3808,128,,3808,97,,3808,100,,3808,105,,3808,124,,3809,253,,3810,107,,3810,188,,3810,106,,3810,108,,3810,98,
2,1,Cata Briton Female,3788,188,,3788,125,,3791,249,,3788,103,,3791,101,,3788,128,,3788,97,,3788,100,,3788,105,,3788,124,,3789,253,,3790,107,,3790,188,,3790,106,,3790,108,,3790,98,
2,2,Cata Briton Female,3792,188,6476,3792,125,6476,3795,249,6476,3792,103,6476,3795,101,6476,3792,128,6476,3792,97,6476,3792,100,6476,3792,105,6476,3792,124,6476,3793,253,6476,3794,107,6476,3794,188,6476,3794,106,6476,3794,108,6476,3794,98,6476
2,3,Cata Briton Female,3796,188,,3796,125,,3799,249,,3796,103,,3799,101,,3796,128,,3796,97,,3796,100,,3796,105,,3796,124,,3797,253,,3798,107,,3798,188,,3798,106,,3798,108,,3798,98,
2,4,Cata Briton Female,3800,188,6475,3800,125,6475,3803,249,6475,3800,103,6475,3803,101,6475,3800,128,6475,3800,97,6475,3800,100,6475,3800,105,6475,3800,124,6475,3801,253,6475,3802,107,6475,3802,188,6475,3802,106,6475,3802,108,6475,3802,98,6475
2,5,Cata Briton Female,3792,188,6476,3792,125,6476,3795,249,6476,3792,103,6476,3795,101,6476,3792,128,6476,3792,97,6476,3792,100,6476,3792,105,6476,3792,124,6476,3793,253,6476,3794,107,6476,3794,188,6476,3794,106,6476,3794,108,6476,3794,98,6476
2,6,Cata Briton Female,3800,188,6475,3800,125,6475,3803,249,6475,3800,103,6475,3803,101,6475,3800,128,6475,3800,97,6475,3800,100,6475,3800,105,6475,3800,124,6475,3801,253,6475,3802,107,6475,3802,188,6475,3802,106,6475,3802,108,6475,3802,98,6475
3,1,Cata Saracen Male,3827,265,6267,3824,121,6267,3826,105,6267,3826,127,6267,3824,266,6267,3824,267,6267,3826,268,6267,3826,269,6267,3825,270,6267,3826,271,6267,3826,98,6267,3826,98,6267,3824,272,6267,3825,225,6267,3825,110,6267,3825,224,6267
3,2,Cata Saracen Male,3831,265,6491,3828,121,6491,3828,105,6491,3828,127,6491,3829,266,6491,3830,267,6491,3830,268,6491,3830,269,6491,3829,270,6491,3830,271,6491,3830,98,6491,3830,188,6491,3828,272,6491,3829,225,6491,3829,110,6491,3829,224,6491
3,3,Cata Saracen Male,3831,265,6491,3828,121,6491,3828,105,6491,3828,127,6491,3829,266,6491,3830,267,6491,3830,268,6491,3830,269,6491,3829,270,6491,3830,271,6491,3830,98,6491,3830,188,6491,3828,272,6491,3829,225,6491,3829,110,6491,3829,224,6491
3,4,Cata Saracen Male,3834,265,,3834,121,,3834,105,,3834,127,,3834,266,,3834,267,,3834,268,,3834,269,,3834,269,,3834,271,,3834,98,,3834,188,,3834,272,,3833,225,,3833,110,,3833,224,
3,5,Cata Saracen Male,3827,265,6267,3824,121,6267,3826,105,6267,3826,127,6267,3824,266,6267,3824,267,6267,3826,268,6267,3826,269,6267,3825,270,6267,3826,271,6267,3826,98,6267,3826,98,6267,3824,272,6267,3825,225,6267,3825,110,6267,3825,224,6267
3,6,Cata Saracen Male,3831,265,6491,3828,121,6491,3828,105,6491,3828,127,6491,3829,266,6491,3830,267,6491,3830,268,6491,3830,269,6491,3829,270,6491,3830,271,6491,3830,98,6491,3830,188,6491,3828,272,6491,3829,225,6491,3829,110,6491,3829,224,6491
3,7,Cata Saracen Male,3827,265,6267,3824,121,6267,3826,105,6267,3826,127,6267,3824,266,6267,3824,267,6267,3826,268,6267,3826,269,6267,3825,270,6267,3826,271,6267,3826,98,6267,3826,98,6267,3824,272,6267,3825,225,6267,3825,110,6267,3825,224,6267
3,8,Cata Saracen Male,3827,265,6267,3824,121,6267,3826,105,6267,3826,127,6267,3824,266,6267,3824,267,6267,3826,268,6267,3826,269,6267,3825,270,6267,3826,271,6267,3826,98,6267,3826,98,6267,3824,272,6267,3825,225,6267,3825,110,6267,3825,224,6267
4,1,Cata Saracen Female,3819,265,6266,3816,121,6266,3816,105,6266,3816,127,6266,3817,266,6266,3818,267,6266,3818,268,6266,3818,269,6266,3817,270,6266,3818,271,6266,3818,98,6266,3818,188,6266,3816,272,6266,3817,225,6266,3817,110,6266,3817,224,6266
4,2,Cata Saracen Female,3819,265,6266,3816,121,6266,3816,105,6266,3816,127,6266,3817,266,6266,3818,267,6266,3818,268,6266,3818,269,6266,3817,270,6266,3818,271,6266,3818,98,6266,3818,188,6266,3816,272,6266,3817,225,6266,3817,110,6266,3817,224,6266
4,3,Cata Saracen Female,3831,265,6491,3828,121,6491,3828,105,6491,3828,127,6491,3829,266,6491,3830,267,6491,3830,268,6491,3830,269,6491,3829,270,6491,3830,271,6491,3830,98,6491,3830,188,6491,3828,272,6491,3829,225,6491,3829,110,6491,3829,224,6491
4,4,Cata Saracen Female,3802,265,6475,3802,121,6475,3802,105,6475,3802,127,6475,3802,266,6475,3802,267,6475,3802,268,6475,3802,269,6475,3801,270,6475,3802,271,6475,3802,98,6475,3802,188,6475,3800,272,6475,3801,225,6475,3801,110,6475,3801,224,6475
5,1,Cata Frostalf Male,3440,188,,3440,115,,3440,116,,3440,113,,3437,99,,3437,103,,3440,101,,3437,114,,3438,111,,3438,112,,3438,110,,3438,118,,3439,109,,3439,108,,3439,98,,3439,117,
5,2,Cata Frostalf Male,3444,188,,3444,115,,3444,116,,3444,113,,3441,99,,3441,103,,3444,101,,3441,114,,3442,111,,3442,112,,3442,110,,3442,118,,3443,109,,3443,108,,3443,98,,3443,117,
5,3,Cata Frostalf Male,3444,188,,3444,115,,3444,116,,3444,113,,3441,99,,3441,103,,3444,101,,3441,114,,3442,111,,3442,112,,3442,110,,3442,118,,3443,109,,3443,108,,3443,98,,3443,117,
5,4,Cata Frostalf Male,3440,188,,3440,115,,3440,116,,3440,113,,3437,99,,3437,103,,3440,101,,3437,114,,3438,111,,3438,112,,3438,110,,3438,118,,3439,109,,3439,108,,3439,98,,3439,117,
6,1,Cata Frostalf Female,3440,188,,3440,115,,3440,116,,3440,113,,3437,99,,3437,103,,3440,101,,3437,114,,3438,111,,3438,112,,3438,110,,3438,118,,3439,109,,3439,108,,3439,98,,3439,117,
6,2,Cata Frostalf Female,3436,188,6484,3436,115,6484,3436,116,6484,3436,113,6484,3433,99,6484,3433,103,6484,3436,101,6484,3433,114,6484,3434,111,6484,3434,112,6484,3434,110,6484,3434,118,6484,3435,109,6484,3435,108,6484,3435,98,6484,3435,117,6484
6,3,Cata Frostalf Female,3452,188,6489,3452,115,6489,3452,116,6489,3452,113,6489,3449,99,6489,3449,103,6489,3452,101,6489,3449,114,6489,3450,111,6489,3450,112,6489,3450,110,6489,3450,118,6489,3451,109,6489,3451,108,6489,3451,98,6489,3451,117,6489
6,4,Cata Frostalf Female,3562,188,,3562,115,,3562,116,,3562,113,,3559,99,,3559,103,,3562,101,,3559,114,,3560,111,,3560,112,,3560,110,,3560,118,,3561,109,,3561,108,,3561,98,,3561,117,
7,1,Cata Shar Male,3955,102,,3952,188,,3952,125,,3952,126,,3955,116,,3952,99,,3952,128,,3952,97,,3952,100,,3952,121,,3952,114,,3952,124,,3953,110,,3954,107,,3954,188,,3954,106,
7,2,Cata Shar Male,3959,102,,3956,188,,3956,125,,3956,126,,3959,116,,3956,99,,3956,128,,3956,97,,3956,100,,3956,121,,3956,114,,3956,124,,3957,110,,3958,107,,3958,188,,3958,106,
7,3,Cata Shar Male,3963,102,6358,3960,188,6358,3960,125,6358,3960,126,6358,3963,116,6358,3960,99,6358,3960,128,6358,3960,97,6358,3960,100,6358,3960,121,6358,3960,114,6358,3960,124,6358,3961,110,6358,3962,107,6358,3962,188,6358,3962,106,6358
7,4,Cata Shar Male,3967,102,6357,3964,188,6357,3964,125,6357,3964,126,6357,3967,116,6357,3964,99,6357,3964,128,6357,3964,97,6357,3964,100,6357,3964,121,6357,3964,114,6357,3964,124,6357,3965,110,6357,3966,107,6357,3966,188,6357,3966,106,6357
7,5,Cata Shar Male,3959,102,,3956,188,,3956,125,,3956,126,,3959,116,,3956,99,,3956,128,,3956,97,,3956,100,,3956,121,,3956,114,,3956,124,,3957,110,,3958,107,,3958,188,,3958,106,
8,1,Cata Shar Female,3993,102,,3990,188,,3990,125,,3990,126,,3993,116,,3990,99,,3990,128,,3990,97,,3990,100,,3990,121,,3990,114,,3990,124,,3991,110,,3992,107,,3992,188,,3992,106,
8,2,Cata Shar Female,3993,102,,3990,188,,3990,125,,3990,126,,3993,116,,3990,99,,3990,128,,3990,97,,3990,100,,3990,121,,3990,114,,3990,124,,3991,110,,3992,107,,3992,188,,3992,106,
8,3,Cata Shar Female,3951,102,,3948,188,,3948,125,,3948,126,,3951,116,,3948,99,,3948,128,,3948,97,,3948,100,,3948,121,,3948,114,,3948,124,,3949,110,,3950,107,,3950,188,,3950,106,
8,4,Cata Shar Female,3440,102,,3437,188,,3437,125,,3437,126,,3440,116,,3437,99,,3437,128,,3437,97,,3437,100,,3437,121,,3437,114,,3437,124,,3438,110,,3439,107,,3439,188,,3439,106,
9,1,Cata Avalonian Male,3886,102,6477,3886,250,6477,3883,103,6477,3883,251,6477,3886,252,6477,3886,254,6477,3883,103,6477,3886,101,6477,3883,128,6477,3883,97,6477,3883,100,6477,3883,255,6477,3883,256,6477,3883,257,6477,3885,107,6477,3885,98,6477
9,2,Cata Avalonian Male,3512,102,,3512,250,,3509,103,,3509,251,,3512,252,,3512,254,,3509,103,,3512,101,,3509,128,,3509,97,,3509,100,,3509,255,,3509,256,,3509,257,,3511,107,,3511,98,
9,3,Cata Avalonian Male,3570,102,6474,3570,250,6474,3567,103,6474,3567,251,6474,3570,252,6474,3570,254,6474,3567,103,6474,3570,101,6474,3567,128,6474,3567,97,6474,3567,100,6474,3567,255,6474,3567,256,6474,3567,257,6474,3569,107,6474,3569,98,6474
9,4,Cata Avalonian Male,3886,102,6477,3886,250,6477,3883,103,6477,3883,251,6477,3886,252,6477,3886,254,6477,3883,103,6477,3886,101,6477,3883,128,6477,3883,97,6477,3883,100,6477,3883,255,6477,3883,256,6477,3883,257,6477,3885,107,6477,3885,98,6477
9,5,Cata Avalonian Male,3886,102,6477,3886,250,6477,3883,103,6477,3883,251,6477,3886,252,6477,3886,254,6477,3883,103,6477,3886,101,6477,3883,128,6477,3883,97,6477,3883,100,6477,3883,255,6477,3883,256,6477,3883,257,6477,3885,107,6477,3885,98,6477
9,6,Cata Avalonian Male,3512,102,,3512,250,,3509,103,,3509,251,,3512,252,,3512,254,,3509,103,,3512,101,,3509,128,,3509,97,,3509,100,,3509,255,,3509,256,,3509,257,,3511,107,,3511,98,
9,7,Cata Avalonian Male,3886,102,6477,3886,250,6477,3883,103,6477,3883,251,6477,3886,252,6477,3886,254,6477,3883,103,6477,3886,101,6477,3883,128,6477,3883,97,6477,3883,100,6477,3883,255,6477,3883,256,6477,3883,257,6477,3885,107,6477,3885,98,6477
9,8,Cata Avalonian Male,3512,102,,3512,250,,3509,103,,3509,251,,3512,252,,3512,254,,3509,103,,3512,101,,3509,128,,3509,97,,3509,100,,3509,255,,3509,256,,3509,257,,3511,107,,3511,98,
10,1,Cata Avalonian Female,3428,102,6265,3428,250,6265,3425,103,6265,3425,251,6265,3428,252,6265,3428,254,6265,3425,103,6265,3428,101,6265,3425,128,6265,3425,97,6265,3425,100,6265,3425,255,6265,3425,256,6265,3425,257,6265,3427,107,6265,3427,98,6265
10,2,Cata Avalonian Female,3882,102,,3882,250,,3879,103,,3879,251,,3882,252,,3882,254,,3879,103,,3882,101,,3879,128,,3879,97,,3879,100,,3879,255,,3879,256,,3879,257,,3881,107,,3881,98,
10,3,Cata Avalonian Female,3875,102,6473,3875,250,6473,3872,103,6473,3872,251,6473,3875,252,6473,3875,254,6473,3872,103,6473,3875,101,6473,3872,128,6473,3872,97,6473,3872,100,6473,3872,255,6473,3872,256,6473,3872,257,6473,3874,107,6473,3874,98,6473
10,4,Cata Avalonian Female,3799,102,,3799,250,,3796,103,,3796,251,,3799,252,,3799,254,,3796,103,,3799,101,,3796,128,,3796,97,,3796,100,,3796,255,,3796,256,,3796,257,,3798,107,,3798,98,
10,5,Cata Avalonian Female,3792,102,6476,3792,250,6476,3795,103,6476,3792,251,6476,3795,252,6476,3792,254,6476,3792,103,6476,3792,101,6476,3792,128,6476,3792,97,6476,3793,100,6476,3794,255,6476,3794,256,6476,3794,257,6476,3794,107,6476,3794,98,6476
10,6,Cata Avalonian Female,3800,102,,3800,250,,3803,103,,3800,251,,3803,252,,3800,254,,3800,103,,3800,101,,3800,128,,3800,97,,3801,100,,3802,255,,3802,256,,3802,257,,3802,107,,3802,98,
11,1,Cata Elf Male,3904,239,,3907,188,,3904,240,,3904,188,,3904,241,,3904,260,,3904,131,,3904,243,,3907,244,,3904,97,,3904,261,,3904,262,,3904,263,,3904,264,,3906,247,,3906,248,
11,2,Cata Elf Male,3904,239,,3907,188,,3904,240,,3904,188,,3904,241,,3904,260,,3904,131,,3904,243,,3907,244,,3904,97,,3904,261,,3904,262,,3904,263,,3904,264,,3906,247,,3906,248,
11,3,Cata Elf Male,3904,239,,3907,188,,3904,240,,3904,188,,3904,241,,3904,260,,3904,131,,3904,243,,3907,244,,3904,97,,3904,261,,3904,262,,3904,263,,3904,264,,3906,247,,3906,248,
11,4,Cata Elf Male,3900,239,6571,3903,188,6571,3900,240,6571,3900,188,6571,3900,241,6571,3900,260,6571,3900,131,6571,3900,243,6571,3903,244,6571,3900,97,6571,3900,261,6571,3900,262,6571,3900,263,6571,3900,264,6571,3902,247,6571,3902,248,6571
12,1,Cata Elf Female,3908,239,,3911,188,,3908,240,,3908,188,,3908,241,,3908,260,,3908,131,,3908,243,,3911,244,,3908,97,,3908,261,,3908,262,,3908,263,,3908,264,,3910,247,,3910,248,
12,2,Cata Elf Female,3908,239,,3911,188,,3908,240,,3908,188,,3908,241,,3908,260,,3908,131,,3908,243,,3911,244,,3908,97,,3908,261,,3908,262,,3908,263,,3908,264,,3910,247,,3910,248,
12,3,Cata Elf Female,3796,239,,3799,188,,3796,240,,3796,188,,3796,241,,3796,260,,3796,131,,3796,243,,3799,244,,3796,97,,3796,261,,3796,262,,3796,263,,3796,264,,3798,247,,3798,248,
12,4,Cata Elf Female,3908,239,6264,3911,188,6264,3908,240,6264,3908,188,6264,3908,241,6264,3908,260,6264,3908,131,6264,3908,243,6264,3911,244,6264,3908,97,6264,3908,261,6264,3908,262,6264,3908,263,6264,3908,264,6264,3908,247,6264,3910,248,6264
13,1,Cata Highlander Male,3567,125,6474,3567,99,6474,3570,101,6474,3567,128,6474,3567,97,6474,3567,100,6474,3567,105,6474,3567,114,6474,3567,127,6474,3567,124,6474,3569,107,6474,3569,188,6474,3567,258,6474,3569,109,6474,3569,98,6474,3569,108,6474
13,2,Cata Highlander Male,3571,125,6483,3571,99,6483,3574,101,6483,3571,128,6483,3571,97,6483,3571,100,6483,3571,105,6483,3571,114,6483,3571,127,6483,3571,124,6483,3573,107,6483,3573,188,6483,3571,258,6483,3573,109,6483,3573,98,6483,3573,108,6483
13,3,Cata Highlander Male,3883,125,6483,3886,99,6483,3886,101,6483,3883,128,6483,3883,97,6483,3883,100,6483,3883,105,6483,3883,114,6483,3883,127,6483,3883,124,6483,3885,107,6483,3885,188,6483,3883,258,6483,3885,109,6483,3885,98,6483,3885,108,6483
13,4,Cata Highlander Male,3417,125,,3417,99,,3420,101,,3417,128,,3417,97,,3417,100,,3417,105,,3417,114,,3417,127,,3417,124,,3419,107,,3419,188,,3417,258,,3419,109,,3419,98,,3419,108,
13,5,Cata Highlander Male,3883,125,,3886,99,,3886,101,,3883,128,,3883,97,,3883,100,,3883,105,,3883,114,,3883,127,,3883,124,,3885,107,,3885,188,,3883,258,,3885,109,,3885,98,,3885,108,
13,6,Cata Highlander Male,3883,125,6483,3886,99,6483,3886,101,6483,3883,128,6483,3883,97,6483,3883,100,6483,3883,105,6483,3883,114,6483,3883,127,6483,3883,124,6483,3885,107,6483,3885,188,6483,3883,258,6483,3885,109,6483,3885,98,6483,3885,108,6483
13,7,Cata Highlander Male,3883,125,,3886,99,,3886,101,,3883,128,,3883,97,,3883,100,,3883,105,,3883,114,,3883,127,,3883,124,,3885,107,,3885,188,,3883,258,,3885,109,,3885,98,,3885,108,
13,8,Cata Highlander Male,3883,125,,3886,99,,3886,101,,3883,128,,3883,97,,3883,100,,3883,105,,3883,114,,3883,127,,3883,124,,3885,107,,3885,188,,3883,258,,3885,109,,3885,98,,3885,108,
14,1,Cata Highlander Female,3425,125,6265,3425,99,6265,3428,101,6265,3425,128,6265,3425,97,6265,3425,100,6265,3425,105,6265,3425,114,6265,3425,127,6265,3425,124,6265,3427,107,6265,3427,188,6265,3425,258,6265,3427,109,6265,3427,98,6265,3427,108,6265
14,2,Cata Highlander Female,3852,125,6359,3852,99,6359,3855,101,6359,3852,128,6359,3852,97,6359,3852,100,6359,3852,105,6359,3852,114,6359,3852,127,6359,3852,124,6359,3854,107,6359,3854,188,6359,3852,258,6359,3854,109,6359,3854,98,6359,3854,108,6359
14,3,Cata Highlander Female,3788,125,,3788,99,,3791,101,,3788,128,,3788,97,,3788,100,,3788,105,,3788,114,,3791,127,,3788,124,,3790,107,,3790,188,,3788,258,,3790,109,,3790,98,,3790,108,
14,4,Cata Highlander Female,3856,125,6478,3856,99,6478,3859,101,6478,3856,128,6478,3856,97,6478,3856,100,6478,3856,105,6478,3856,114,6478,3856,127,6478,3856,124,6478,3858,107,6478,3858,188,6478,3856,258,6478,3858,109,6478,3858,98,6478,3858,108,6478
15,1,Cata Norse Male,3420,102,,3417,188,,3417,104,,3417,99,,3417,103,,3420,101,,3417,97,,3417,100,,3417,105,,3418,110,,3419,107,,3419,188,,3419,106,,3419,109,,3419,108,,3419,98,
15,2,Cata Norse Male,3420,102,,3417,188,,3417,104,,3417,99,,3417,103,,3420,101,,3417,97,,3417,100,,3417,105,,3418,110,,3419,107,,3419,188,,3419,106,,3419,109,,3419,108,,3419,98,
15,3,Cata Norse Male,3420,102,,3417,188,,3417,104,,3417,99,,3417,103,,3420,101,,3417,97,,3417,100,,3417,105,,3418,110,,3419,107,,3419,188,,3419,106,,3419,109,,3419,108,,3419,98,
15,4,Cata Norse Male,3424,102,6482,3421,188,6482,3423,104,6482,3423,99,6482,3421,103,6482,3424,101,6482,3421,97,6482,3421,100,6482,3421,105,6482,3422,110,6482,3423,107,6482,3423,188,6482,3423,106,6482,3423,109,6482,3423,108,6482,3423,98,6482
16,1,Cata Norse Female,3428,102,6265,3425,188,6265,3425,104,6265,3425,99,6265,3425,103,6265,3428,101,6265,3425,97,6265,3425,100,6265,3425,105,6265,3426,110,6265,3427,107,6265,3427,188,6265,3427,106,6265,3427,109,6265,3427,108,6265,3427,98,6265
16,2,Cata Norse Female,3428,102,6265,3425,188,6265,3425,104,6265,3425,99,6265,3425,103,6265,3428,101,6265,3425,97,6265,3425,100,6265,3425,105,6265,3426,110,6265,3427,107,6265,3427,188,6265,3427,106,6265,3427,109,6265,3427,108,6265,3427,98,6265
16,3,Cata Norse Female,3436,102,6484,3433,188,6484,3433,104,6484,3433,99,6484,3433,103,6484,3436,101,6484,3433,97,6484,3433,100,6484,3433,105,6484,3434,110,6484,3435,107,6484,3435,188,6484,3435,106,6484,3435,109,6484,3435,108,6484,3435,98,6484
16,4,Cata Norse Female,3800,102,6475,3800,188,6475,3803,104,6475,3800,99,6475,3803,103,6475,3800,101,6475,3800,97,6475,3800,100,6475,3800,105,6475,3800,110,6475,3801,107,6475,3802,188,6475,3802,106,6475,3802,109,6475,3802,108,6475,3802,98,6475
17,1,Cata Lurikeen Male,3927,188,,3924,188,,3924,125,,3924,126,,3927,115,,3927,116,,3924,99,,3924,131,,3927,101,,3924,128,,3924,97,,3924,100,,3925,123,,3926,108,,3926,98,,3926,117,
17,2,Cata Lurikeen Male,3931,188,,3928,188,,3928,125,,3928,126,,3931,115,,3931,116,,3928,99,,3928,131,,3931,101,,3928,128,,3928,97,,3928,100,,3929,123,,3930,108,,3930,98,,3930,117,
17,3,Cata Lurikeen Male,3931,188,,3928,188,,3928,125,,3928,126,,3931,115,,3931,116,,3928,99,,3928,131,,3931,101,,3928,128,,3928,97,,3928,100,,3929,123,,3930,108,,3930,98,,3930,117,
17,4,Cata Lurikeen Male,3935,188,,3932,188,,3932,125,,3932,126,,3935,115,,3935,116,,3932,99,,3932,131,,3935,101,,3932,128,,3932,97,,3932,100,,3933,123,,3934,108,,3934,98,,3934,117,
17,5,Cata Lurikeen Male,3927,188,,3924,188,,3924,125,,3924,126,,3927,115,,3927,116,,3924,99,,3924,131,,3927,101,,3924,128,,3924,97,,3924,100,,3925,123,,3926,108,,3926,98,,3926,117,
17,6,Cata Lurikeen Male,3927,188,,3924,188,,3924,125,,3924,126,,3927,115,,3927,116,,3924,99,,3924,131,,3927,101,,3924,128,,3924,97,,3924,100,,3925,123,,3926,108,,3926,98,,3926,117,
17,7,Cata Lurikeen Male,3931,188,,3928,188,,3928,125,,3928,126,,3931,115,,3931,116,,3928,99,,3928,131,,3931,101,,3928,128,,3928,97,,3928,100,,3929,123,,3930,108,,3930,98,,3930,117,
17,8,Cata Lurikeen Male,3931,188,,3928,188,,3928,125,,3928,126,,3931,115,,3931,116,,3928,99,,3928,131,,3931,101,,3928,128,,3928,97,,3928,100,,3929,123,,3930,108,,3930,98,,3930,117,
18,1,Cata Lurikeen Female,3919,188,,3916,188,,3916,125,,3916,126,,3919,115,,3919,116,,3916,99,,3916,131,,3919,101,,3916,128,,3916,97,,3916,100,,3917,123,,3918,108,,3918,98,,3918,117,
18,2,Cata Lurikeen Female,3923,188,,3920,188,,3920,125,,3920,126,,3923,115,,3923,116,,3920,99,,3920,131,,3923,101,,3920,128,,3920,97,,3920,100,,3921,123,,3922,108,,3922,98,,3922,117,
18,3,Cata Lurikeen Female,3428,188,6265,3425,188,6265,3425,125,6265,3425,126,6265,3428,115,6265,3428,116,6265,3425,99,6265,3425,131,6265,3428,101,6265,3425,128,6265,3425,97,6265,3425,100,6265,3426,123,6265,3427,108,6265,3427,98,6265,3427,117,6265
18,4,Cata Lurikeen Female,3512,188,,3509,188,,3509,125,,3509,126,,3512,115,,3512,116,,3509,99,,3509,131,,3512,101,,3509,128,,3509,97,,3509,100,,3510,123,,3511,108,,3511,98,,3511,117,
19,1,Cata Kobold Male,3456,102,,3456,188,,3453,188,,3456,122,,3456,116,,3456,120,,3453,99,,3453,121,,3453,114,,3454,119,,3454,123,,3454,118,,3455,188,,3455,108,,3455,98,,3455,117,
19,2,Cata Kobold Male,3456,102,,3456,188,,3453,188,,3456,122,,3456,116,,3456,120,,3453,99,,3453,121,,3453,114,,3454,119,,3454,123,,3454,118,,3455,188,,3455,108,,3455,98,,3455,117,
19,3,Cata Kobold Male,3460,102,6493,3460,188,6493,3457,188,6493,3460,122,6493,3460,116,6493,3460,120,6493,3457,99,6493,3457,121,6493,3457,114,6493,3458,119,6493,3458,123,6493,3458,118,6493,3459,188,6493,3459,108,6493,3459,98,6493,3459,117,6493
19,4,Cata Kobold Male,3464,102,,3464,188,,3461,188,,3464,122,,3464,116,,3464,120,,3461,99,,3461,121,,3461,114,,3462,119,,3462,123,,3462,118,,3463,188,,3463,108,,3463,98,,3463,117,
20,1,Cata Kobold Female,3476,102,,3476,188,,3473,188,,3476,122,,3476,116,,3476,120,,3473,99,,3473,121,,3473,114,,3474,119,,3474,123,,3474,118,,3475,188,,3475,108,,3475,98,,3475,117,
20,2,Cata Kobold Female,3468,102,6495,3465,188,6495,3466,188,6495,3467,108,6495,3468,116,6495,3468,113,6495,3465,99,6495,3465,114,6495,3468,115,6495,3466,112,6495,3466,110,6495,3466,118,6495,3468,188,6495,3467,109,6495,3467,98,6495,3467,117,6495
20,3,Cata Kobold Female,3566,102,,3566,188,,3563,188,,3566,122,,3566,116,,3566,120,,3563,99,,3563,121,,3563,114,,3564,119,,3564,123,,3564,118,,3565,188,,3565,108,,3565,98,,3565,117,
20,4,Cata Kobold Female,3472,102,6494,3472,188,6494,3469,188,6494,3472,122,6494,3472,116,6494,3472,120,6494,3469,99,6494,3469,121,6494,3469,114,6494,3470,119,6494,3470,123,6494,3470,118,6494,3471,188,6494,3471,108,6494,3471,98,6494,3471,117,6494
21,1,Cata Dwarf Male,3480,188,6488,3477,188,6488,3477,125,6488,3477,126,6488,3480,101,6488,3477,97,6488,3477,100,6488,3477,105,6488,3477,127,6488,3477,124,6488,3478,110,6488,3479,107,6488,3479,188,6488,3479,106,6488,3479,109,6488,3479,98,6488
21,2,Cata Dwarf Male,3480,188,6488,3477,188,6488,3477,125,6488,3477,126,6488,3480,101,6488,3477,97,6488,3477,100,6488,3477,105,6488,3477,127,6488,3477,124,6488,3478,110,6488,3479,107,6488,3479,188,6488,3479,106,6488,3479,109,6488,3479,98,6488
21,3,Cata Dwarf Male,3484,188,6487,3481,188,6487,3481,125,6487,3481,126,6487,3484,101,6487,3481,97,6487,3481,100,6487,3481,105,6487,3481,127,6487,3481,124,6487,3482,110,6487,3483,107,6487,3483,188,6487,3483,106,6487,3483,109,6487,3483,98,6487
21,4,Cata Dwarf Male,3488,188,6486,3485,188,6486,3485,125,6486,3485,126,6486,3488,101,6486,3485,97,6486,3485,100,6486,3485,105,6486,3485,127,6486,3485,124,6486,3486,110,6486,3487,107,6486,3487,188,6486,3487,106,6486,3487,109,6486,3487,98,6486
21,5,Cata Dwarf Male,6263,188,6485,6260,188,6485,6260,125,6485,6260,126,6485,6263,101,6485,6260,97,6485,6260,100,6485,6260,105,6485,6260,127,6485,6260,124,6485,6261,110,6485,6262,107,6485,6262,188,6485,6262,106,6485,6262,109,6485,6262,98,6485
21,6,Cata Dwarf Male,6263,188,6485,6260,188,6485,6260,125,6485,6260,126,6485,6263,101,6485,6260,97,6485,6260,100,6485,6260,105,6485,6260,127,6485,6260,124,6485,6261,110,6485,6262,107,6485,6262,188,6485,6262,106,6485,6262,109,6485,6262,98,6485
22,1,Cata Dwarf Female,3516,188,,3513,188,,3513,125,,3513,126,,3516,101,,3513,97,,3513,100,,3513,105,,3513,127,,3513,124,,3514,110,,3515,107,,3515,188,,3515,106,,3515,109,,3515,98,
22,2,Cata Dwarf Female,3428,188,6265,3425,188,6265,3425,125,6265,3425,126,6265,3428,101,6265,3425,97,6265,3425,100,6265,3425,105,6265,3425,127,6265,3425,124,6265,3426,110,6265,3427,107,6265,3427,188,6265,3427,106,6265,3427,109,6265,3427,98,6265
22,3,Cata Dwarf Female,3432,188,6492,3429,188,6492,3429,125,6492,3429,126,6492,3432,101,6492,3429,97,6492,3429,100,6492,3429,105,6492,3429,127,6492,3429,124,6492,3430,110,6492,3431,107,6492,3431,188,6492,3431,106,6492,3431,109,6492,3431,98,6492
22,4,Cata Dwarf Female,3436,188,6484,3433,188,6484,3433,125,6484,3433,126,6484,3436,101,6484,3433,97,6484,3433,100,6484,3433,105,6484,3433,127,6484,3433,124,6484,3434,110,6484,3435,107,6484,3435,188,6484,3435,106,6484,3435,109,6484,3435,98,6484
23,1,Cata Inconnu Male,3839,102,,3839,188,,3839,122,,3836,188,,3839,116,,3839,115,,3839,120,,3836,99,,3836,103,,3837,111,,3837,123,,3837,118,,3838,188,,3838,108,,3838,98,,3838,117,
23,2,Cata Inconnu Male,3890,102,,3887,188,,3887,122,,3889,188,,3887,116,,3887,115,,3889,120,,3887,99,,3887,103,,3887,111,,3889,123,,3889,118,,3887,188,,3889,108,,3887,98,,3889,117,
23,3,Cata Inconnu Male,3851,102,6479,3851,188,6479,3851,122,6479,3848,188,6479,3851,116,6479,3851,115,6479,3851,120,6479,3848,99,6479,3848,103,6479,3849,111,6479,3849,123,6479,3849,118,6479,3850,188,6479,3850,108,6479,3850,98,6479,3850,117,6479
23,4,Cata Inconnu Male,3575,102,,3575,188,,3575,122,,3576,188,,3575,116,,3575,115,,3575,120,,3576,99,,3576,103,,3577,111,,3577,123,,3577,118,,3578,188,,3578,108,,3578,98,,3578,117,
23,5,Cata Inconnu Male,3851,102,6479,3851,188,6479,3851,122,6479,3848,188,6479,3851,116,6479,3851,115,6479,3851,120,6479,3848,99,6479,3848,103,6479,3849,111,6479,3849,123,6479,3849,118,6479,3850,188,6479,3850,108,6479,3850,98,6479,3850,117,6479
23,6,Cata Inconnu Male,3851,102,6479,3851,188,6479,3851,122,6479,3848,188,6479,3851,116,6479,3851,115,6479,3851,120,6479,3848,99,6479,3848,103,6479,3849,111,6479,3849,123,6479,3849,118,6479,3850,188,6479,3850,108,6479,3850,98,6479,3850,117,6479
23,7,Cata Inconnu Male,3851,102,6479,3851,188,6479,3851,122,6479,3848,188,6479,3851,116,6479,3851,115,6479,3851,120,6479,3848,99,6479,3848,103,6479,3849,111,6479,3849,123,6479,3849,118,6479,3850,188,6479,3850,108,6479,3850,98,6479,3850,117,6479
23,8,Cata Inconnu Male,3890,102,,3887,188,,3887,122,,3889,188,,3887,116,,3887,115,,3889,120,,3887,99,,3887,103,,3887,111,,3889,123,,3889,118,,3887,188,,3889,108,,3887,98,,3889,117,
24,1,Cata Inconnu Female,3839,102,,3839,188,,3839,122,,3836,188,,3839,116,,3839,115,,3839,120,,3836,99,,3836,103,,3837,111,,3837,123,,3837,118,,3838,188,,3838,108,,3838,98,,3838,117,
24,2,Cata Inconnu Female,3843,102,6481,3843,188,6481,3843,122,6481,3840,188,6481,3843,116,6481,3843,115,6481,3843,120,6481,3840,99,6481,3840,103,6481,3841,111,6481,3841,123,6481,3841,118,6481,3842,188,6481,3842,108,6481,3842,98,6481,3842,117,6481
24,3,Cata Inconnu Female,3847,102,6480,3847,188,6480,3847,122,6480,3844,188,6480,3847,116,6480,3847,115,6480,3847,120,6480,3844,99,6480,3844,103,6480,3845,111,6480,3845,123,6480,3845,118,6480,3846,188,6480,3846,108,6480,3846,98,6480,3846,117,6480
24,4,Cata Inconnu Female,3436,102,6484,3436,188,6484,3436,122,6484,3433,188,6484,3436,116,6484,3436,115,6484,3436,120,6484,3433,99,6484,3433,103,6484,3434,111,6484,3434,123,6484,3434,118,6484,3435,188,6484,3435,108,6484,3435,98,6484,3435,117,6484
24,5,Cata Inconnu Female,3847,102,6480,3847,188,6480,3847,122,6480,3844,188,6480,3847,116,6480,3847,115,6480,3847,120,6480,3844,99,6480,3844,103,6480,3845,111,6480,3845,123,6480,3845,118,6480,3846,188,6480,3846,108,6480,3846,98,6480,3846,117,6480
25,1,Cata Half Ogre Male,3867,102,,3864,188,,3864,128,,3864,97,,3864,100,,3864,121,,3864,105,,3864,127,,3864,124,,3865,110,,3866,107,,3866,188,,3866,106,,3866,109,,3866,108,,3866,98,
25,2,Cata Half Ogre Male,3867,102,,3864,188,,3864,128,,3864,97,,3864,100,,3864,121,,3864,105,,3864,127,,3864,124,,3865,110,,3866,107,,3866,188,,3866,106,,3866,109,,3866,108,,3866,98,
25,3,Cata Half Ogre Male,3871,102,,3868,188,,3868,128,,3868,97,,3868,100,,3868,121,,3868,105,,3868,127,,3868,124,,3869,110,,3870,107,,3870,188,,3870,106,,3870,109,,3870,108,,3870,98,
25,4,Cata Half Ogre Male,3867,102,,3864,188,,3864,128,,3864,97,,3864,100,,3864,121,,3864,105,,3864,127,,3864,124,,3865,110,,3866,107,,3866,188,,3866,106,,3866,109,,3866,108,,3866,98,
25,5,Cata Half Ogre Male,3867,102,,3864,188,,3864,128,,3864,97,,3864,100,,3864,121,,3864,105,,3864,127,,3864,124,,3865,110,,3866,107,,3866,188,,3866,106,,3866,109,,3866,108,,3866,98,
25,6,Cata Half Ogre Male,3871,102,,3868,188,,3868,128,,3868,97,,3868,100,,3868,121,,3868,105,,3868,127,,3868,124,,3869,110,,3870,107,,3870,188,,3870,106,,3870,109,,3870,108,,3870,98,
25,7,Cata Half Ogre Male,3867,102,,3864,188,,3864,128,,3864,97,,3864,100,,3864,121,,3864,105,,3864,127,,3864,124,,3865,110,,3866,107,,3866,188,,3866,106,,3866,109,,3866,108,,3866,98,
26,1,Cata Half Ogre Female,3863,102,6360,3860,188,6360,3860,128,6360,3860,97,6360,3860,100,6360,3860,121,6360,3860,105,6360,3860,127,6360,3860,124,6360,3861,110,6360,3862,107,6360,3862,188,6360,3862,106,6360,3862,109,6360,3862,108,6360,3862,98,6360
26,2,Cata Half Ogre Female,3863,102,6360,3860,188,6360,3860,128,6360,3860,97,6360,3860,100,6360,3860,121,6360,3860,105,6360,3860,127,6360,3860,124,6360,3861,110,6360,3862,107,6360,3862,188,6360,3862,106,6360,3862,109,6360,3862,108,6360,3862,98,6360
26,3,Cata Half Ogre Female,3508,102,,3505,188,,3505,128,,3505,97,,3505,100,,3505,121,,3505,105,,3505,127,,3505,124,,3506,110,,3507,107,,3507,188,,3507,106,,3507,109,,3507,108,,3507,98,
26,4,Cata Half Ogre Female,3863,102,6360,3860,188,6360,3860,128,6360,3860,97,6360,3860,100,6360,3860,121,6360,3860,105,6360,3860,127,6360,3860,124,6360,3861,110,6360,3862,107,6360,3862,188,6360,3862,106,6360,3862,109,6360,3862,108,6360,3862,98,6360
27,1,Cata Valkyn Male,3489,188,,3489,105,,3492,101,,3489,128,,3489,97,,3489,100,,3489,121,,3489,124,,3490,123,,3490,110,,3491,107,,3491,188,,3491,106,,3491,109,,3491,108,,3491,98,
27,2,Cata Valkyn Male,3493,188,,3493,105,,3496,101,,3493,128,,3493,97,,3493,100,,3493,121,,3493,124,,3494,123,,3494,110,,3495,107,,3495,188,,3495,106,,3495,109,,3495,108,,3495,98,
27,3,Cata Valkyn Male,3489,188,,3489,105,,3492,101,,3489,128,,3489,97,,3489,100,,3489,121,,3489,124,,3490,123,,3490,110,,3491,107,,3491,188,,3491,106,,3491,109,,3491,108,,3491,98,
27,4,Cata Valkyn Male,3497,188,6490,3497,105,6490,3500,101,6490,3497,128,6490,3497,97,6490,3497,100,6490,3497,121,6490,3497,124,6490,3498,123,6490,3498,110,6490,3499,107,6490,3499,188,6490,3499,106,6490,3499,109,6490,3499,108,6490,3499,98,6490
28,1,Cata Valkyn Female,3501,188,,3501,105,,3504,101,,3501,128,,3501,97,,3501,100,,3501,121,,3501,124,,3502,123,,3502,110,,3503,107,,3503,188,,3503,106,,3503,109,,3503,108,,3503,98,
28,2,Cata Valkyn Female,3505,188,,3505,105,,3508,101,,3505,128,,3505,97,,3505,100,,3505,121,,3505,124,,3506,123,,3506,110,,3507,107,,3507,188,,3507,106,,3507,109,,3507,108,,3507,98,
28,3,Cata Valkyn Female,3509,188,,3509,105,,3512,101,,3509,128,,3509,97,,3509,100,,3509,121,,3509,124,,3510,123,,3510,110,,3511,107,,3511,188,,3511,106,,3511,109,,3511,108,,3511,98,
28,4,Cata Valkyn Female,3497,188,6490,3497,105,6490,3500,101,6490,3497,128,6490,3497,97,6490,3497,100,6490,3497,121,6490,3497,124,6490,3498,123,6490,3498,110,6490,3499,107,6490,3499,188,6490,3499,106,6490,3499,109,6490,3499,108,6490,3499,98,6490
29,1,Cata Firbolg Male,3899,122,,3899,116,,3896,131,,3899,101,,3896,128,,3896,97,,3896,100,,3896,114,,3896,124,,3897,130,,3897,129,,3897,123,,3897,112,,3897,118,,3898,107,,3898,117,
29,2,Cata Firbolg Male,3899,122,,3899,116,,3896,131,,3899,101,,3896,128,,3896,97,,3896,100,,3896,114,,3896,124,,3897,130,,3897,129,,3897,123,,3897,112,,3897,118,,3898,107,,3898,117,
29,3,Cata Firbolg Male,3420,122,,3420,116,,3417,131,,3420,101,,3417,128,,3417,97,,3417,100,,3417,114,,3417,124,,3418,130,,3418,129,,3418,123,,3418,112,,3418,118,,3419,107,,3419,117,
29,4,Cata Firbolg Male,3420,122,,3420,116,,3417,131,,3420,101,,3417,128,,3417,97,,3417,100,,3417,114,,3417,124,,3418,130,,3418,129,,3418,123,,3418,112,,3418,118,,3419,107,,3419,117,
29,5,Cata Firbolg Male,3899,122,,3899,116,,3896,131,,3899,101,,3896,128,,3896,97,,3896,100,,3896,114,,3896,124,,3897,130,,3897,129,,3897,123,,3897,112,,3897,118,,3898,107,,3898,117,
29,6,Cata Firbolg Male,3420,122,,3420,116,,3417,131,,3420,101,,3417,128,,3417,97,,3417,100,,3417,114,,3417,124,,3418,130,,3418,129,,3418,123,,3418,112,,3418,118,,3419,107,,3419,117,
29,7,Cata Firbolg Male,3420,122,,3420,116,,3417,131,,3420,101,,3417,128,,3417,97,,3417,100,,3417,114,,3417,124,,3418,130,,3418,129,,3418,123,,3418,112,,3418,118,,3419,107,,3419,117,
29,8,Cata Firbolg Male,3420,122,,3420,116,,3417,131,,3420,101,,3417,128,,3417,97,,3417,100,,3417,114,,3417,124,,3418,130,,3418,129,,3418,123,,3418,112,,3418,118,,3419,107,,3419,117,
30,1,Cata Firbolg Female,3971,122,6356,3971,116,6356,3968,131,6356,3971,101,6356,3968,128,6356,3968,97,6356,3968,100,6356,3968,114,6356,3968,124,6356,3969,130,6356,3969,129,6356,3969,123,6356,3969,112,6356,3969,118,6356,3970,107,6356,3970,117,6356
30,2,Cata Firbolg Female,3863,122,6360,3863,116,6360,3860,131,6360,3863,101,6360,3860,128,6360,3860,97,6360,3860,100,6360,3860,114,6360,3860,124,6360,3861,130,6360,3861,129,6360,3861,123,6360,3861,112,6360,3861,118,6360,3862,107,6360,3862,117,6360
30,3,Cata Firbolg Female,3975,122,,3975,116,,3972,131,,3975,101,,3972,128,,3972,97,,3972,100,,3972,114,,3972,124,,3973,130,,3973,129,,3973,123,,3973,112,,3973,118,,3974,107,,3974,117,
30,4,Cata Firbolg Female,3911,122,,3911,116,,3908,131,,3911,101,,3908,128,,3908,97,,3908,100,,3908,114,,3908,124,,3909,130,,3909,129,,3909,123,,3909,112,,3909,118,,3910,107,,3910,117,
31,1,Cata Troll Male,1,1,,1,2,,1,3,,1,4,,2,1,,2,2,,2,3,,2,4,,3,1,,3,2,,3,3,,3,4,,4,1,,4,2,,4,3,,4,4,
32,1,Cata Troll Female,1,1,,1,2,,1,3,,1,4,,2,1,,2,2,,2,3,,2,4,,3,1,,3,2,,3,3,,3,4,,4,1,,4,2,,4,3,,4,4,
33,1,Cata Celt Male,3912,188,,3912,126,,3915,116,,3915,228,,3912,99,,3912,131,,3912,128,,3912,97,,3912,100,,3912,124,,3913,123,,3913,110,,3912,259,,3914,188,,3914,108,,3914,98,
33,2,Cata Celt Male,3804,188,,3804,126,,3807,116,,3807,228,,3804,99,,3804,131,,3804,128,,3804,97,,3804,100,,3804,124,,3805,123,,3805,110,,3804,259,,3806,188,,3806,108,,3806,98,
33,3,Cata Celt Male,3896,188,,3896,126,,3899,116,,3899,228,,3896,99,,3896,131,,3896,128,,3896,97,,3896,100,,3896,124,,3897,123,,3897,110,,3896,259,,3898,188,,3898,108,,3898,98,
33,4,Cata Celt Male,3883,188,,3883,126,,3886,116,,3886,228,,3883,99,,3883,131,,3883,128,,3883,97,,3883,100,,3883,124,,3884,123,,3884,110,,3883,259,,3885,188,,3885,108,,3885,98,
33,5,Cata Celt Male,3912,188,,3912,126,,3915,116,,3915,228,,3912,99,,3912,131,,3912,128,,3912,97,,3912,100,,3912,124,,3913,123,,3913,110,,3912,259,,3914,188,,3914,108,,3914,98,
33,6,Cata Celt Male,3912,188,,3912,126,,3915,116,,3915,228,,3912,99,,3912,131,,3912,128,,3912,97,,3912,100,,3912,124,,3913,123,,3913,110,,3912,259,,3914,188,,3914,108,,3914,98,
33,7,Cata Celt Male,3808,188,,3808,126,,3811,116,,3808,228,,3811,99,,3808,131,,3808,128,,3808,97,,3808,100,,3808,124,,3809,253,,3810,110,,3810,259,,3810,188,,3810,108,,3810,98,
33,8,Cata Celt Male,3808,188,,3808,126,,3811,116,,3808,228,,3811,99,,3808,131,,3808,128,,3808,97,,3808,100,,3808,124,,3809,253,,3810,110,,3810,259,,3810,188,,3810,108,,3810,98,
34,1,Cata Celt Female,3800,188,6475,3800,126,6475,3803,116,6475,3803,228,6475,3800,99,6475,3800,131,6475,3800,128,6475,3800,97,6475,3800,100,6475,3800,124,6475,3801,123,6475,3801,110,6475,3800,259,6475,3802,188,6475,3802,108,6475,3802,98,6475
34,2,Cata Celt Female,3788,188,,3788,126,,3791,116,,3791,228,,3788,99,,3788,131,,3788,128,,3788,97,,3788,100,,3788,124,,3789,123,,3789,110,,3788,259,,3790,188,,3790,108,,3790,98,
34,3,Cata Celt Female,3912,188,,3912,126,,3915,116,,3915,228,,3912,99,,3912,131,,3912,128,,3912,97,,3912,100,,3912,124,,3913,123,,3913,110,,3912,259,,3914,188,,3914,108,,3914,98,
34,4,Cata Celt Female,3437,188,,3437,126,,3440,116,,3440,228,,3437,99,,3437,131,,3437,128,,3437,97,,3437,100,,3437,124,,3438,123,,3438,110,,3439,259,,3439,188,,3439,108,,3439,98,
34,5,Cata Celt Female,3800,188,6475,3800,126,6475,3803,116,6475,3800,228,6475,3803,99,6475,3800,131,6475,3800,128,6475,3800,97,6475,3800,100,6475,3800,124,6475,3801,253,6475,3802,110,6475,3802,259,6475,3802,188,6475,3802,108,6475,3802,98,6475
35,1,Cata Sylvan Male,3938,188,,3939,188,,3937,188,,3937,132,,3938,133,,3938,141,,3939,142,,3939,134,,3939,138,,3937,140,,3938,137,,3936,188,,3936,135,,3936,188,,3937,136,,3936,139,
35,2,Cata Sylvan Male,3942,188,,3943,188,,3941,188,,3941,132,,3942,133,,3942,141,,3943,142,,3943,134,,3943,138,,3941,140,,3942,137,,3940,188,,3940,135,,3940,188,,3941,136,,3940,139,
35,3,Cata Sylvan Male,3946,188,,3947,188,,3945,188,,3945,132,,3946,133,,3946,141,,3947,142,,3947,134,,3947,138,,3945,140,,3946,137,,3944,188,,3944,135,,3944,188,,3945,136,,3944,139,
35,4,Cata Sylvan Male,3938,188,,3939,188,,3937,188,,3937,132,,3938,133,,3938,141,,3939,142,,3939,134,,3939,138,,3937,140,,3938,137,,3936,188,,3936,135,,3936,188,,3937,136,,3936,139,
35,5,Cata Sylvan Male,3938,188,,3939,188,,3937,188,,3937,132,,3938,133,,3938,141,,3939,142,,3939,134,,3939,138,,3937,140,,3938,137,,3936,188,,3936,135,,3936,188,,3937,136,,3936,139,
35,6,Cata Sylvan Male,3942,188,,3943,188,,3941,188,,3941,132,,3942,133,,3942,141,,3943,142,,3943,134,,3943,138,,3941,140,,3942,137,,3940,188,,3940,135,,3940,188,,3941,136,,3940,139,
36,1,Cata Sylvan Female,3938,188,,3939,188,,3937,188,,3937,132,,3938,133,,3938,141,,3939,142,,3939,134,,3939,138,,3937,140,,3938,137,,3936,188,,3936,135,,3936,188,,3937,136,,3936,139,
36,2,Cata Sylvan Female,3942,188,,3943,188,,3941,188,,3941,132,,3942,133,,3942,141,,3943,142,,3943,134,,3943,138,,3941,140,,3942,137,,3940,188,,3940,135,,3940,188,,3941,136,,3940,139,
36,3,Cata Sylvan Female,3946,188,,3947,188,,3945,188,,3945,132,,3946,133,,3946,141,,3947,142,,3947,134,,3947,138,,3945,140,,3946,137,,3944,188,,3944,135,,3944,188,,3945,136,,3944,139,
36,4,Cata Sylvan Female,3938,188,,3939,188,,3937,188,,3937,132,,3938,133,,3938,141,,3939,142,,3939,134,,3939,138,,3937,140,,3938,137,,3936,188,,3936,135,,3936,188,,3937,136,,3936,139,
37,1,Bainshee Celt Female,6039,188,,6039,188,,6039,188,,6039,188,,6039,188,,6039,188,,6039,188,,6039,188,,6039,188,,6039,188,,6039,188,,6039,188,,6039,188,,6039,188,,6039,188,,6039,188,
37,2,Bainshee Celt Female,6039,188,,6039,188,,6039,188,,6039,188,,6039,188,,6039,188,,6039,188,,6039,188,,6039,188,,6039,188,,6039,188,,6039,188,,6039,188,,6039,188,,6039,188,,6039,188,
37,3,Bainshee Celt Female,6039,188,,6039,188,,6039,188,,6039,188,,6039,188,,6039,188,,6039,188,,6039,188,,6039,188,,6039,188,,6039,188,,6039,188,,6039,188,,6039,188,,6039,188,,6039,188,
37,4,Bainshee Celt Female,6039,188,,6039,188,,6039,188,,6039,188,,6039,188,,6039,188,,6039,188,,6039,188,,6039,188,,6039,188,,6039,188,,6039,188,,6039,188,,6039,188,,6039,188,,6039,188,
37,5,Bainshee Celt Female,6039,188,,6039,188,,6039,188,,6039,188,,6039,188,,6039,188,,6039,188,,6039,188,,6039,188,,6039,188,,6039,188,,6039,188,,6039,188,,6039,188,,6039,188,,6039,188,
38,1,Bainshee Luri Female,6039,188,,6039,188,,6039,188,,6039,188,,6039,188,,6039,188,,6039,188,,6039,188,,6039,188,,6039,188,,6039,188,,6039,188,,6039,188,,6039,188,,6039,188,,6039,188,
38,2,Bainshee Luri Female,6039,188,,6039,188,,6039,188,,6039,188,,6039,188,,6039,188,,6039,188,,6039,188,,6039,188,,6039,188,,6039,188,,6039,188,,6039,188,,6039,188,,6039,188,,6039,188,
38,3,Bainshee Luri Female,6039,188,,6039,188,,6039,188,,6039,188,,6039,188,,6039,188,,6039,188,,6039,188,,6039,188,,6039,188,,6039,188,,6039,188,,6039,188,,6039,188,,6039,188,,6039,188,
38,4,Bainshee Luri Female,6039,188,,6039,188,,6039,188,,6039,188,,6039,188,,6039,188,,6039,188,,6039,188,,6039,188,,6039,188,,6039,188,,6039,188,,6039,188,,6039,188,,6039,188,,6039,188,
39,1,Bainshee Elf Female,6039,188,,6039,188,,6039,188,,6039,188,,6039,188,,6039,188,,6039,188,,6039,188,,6039,188,,6039,188,,6039,188,,6039,188,,6039,188,,6039,188,,6039,188,,6039,188,
39,2,Bainshee Elf Female,6039,188,,6039,188,,6039,188,,6039,188,,6039,188,,6039,188,,6039,188,,6039,188,,6039,188,,6039,188,,6039,188,,6039,188,,6039,188,,6039,188,,6039,188,,6039,188,
39,3,Bainshee Elf Female,6039,188,,6039,188,,6039,188,,6039,188,,6039,188,,6039,188,,6039,188,,6039,188,,6039,188,,6039,188,,6039,188,,6039,188,,6039,188,,6039,188,,6039,188,,6039,188,
39,4,Bainshee Elf Female,6039,188,,6039,188,,6039,188,,6039,188,,6039,188,,6039,188,,6039,188,,6039,188,,6039,188,,6039,188,,6039,188,,6039,188,,6039,188,,6039,188,,6039,188,,6039,188,
42,1,Cata Old Briton Male,3927,188,,3927,188,,3927,188,,3927,188,,3927,188,,3927,188,,3927,188,,3927,188,,3927,188,,3927,188,,3927,188,,3927,188,,3927,188,,3927,188,,3927,188,,3927,188,
42,2,Cata Old Briton Male,3927,188,,3927,188,,3927,188,,3927,188,,3927,188,,3927,188,,3927,188,,3927,188,,3927,188,,3927,188,,3927,188,,3927,188,,3927,188,,3927,188,,3927,188,,3927,188,
42,3,Cata Old Briton Male,3927,188,,3927,188,,3927,188,,3927,188,,3927,188,,3927,188,,3927,188,,3927,188,,3927,188,,3927,188,,3927,188,,3927,188,,3927,188,,3927,188,,3927,188,,3927,188,
42,4,Cata Old Briton Male,3927,188,,3927,188,,3927,188,,3927,188,,3927,188,,3927,188,,3927,188,,3927,188,,3927,188,,3927,188,,3927,188,,3927,188,,3927,188,,3927,188,,3927,188,,3927,188,
43,1,Cata Old Briton Female,3799,249,,3799,249,,3799,249,,3799,249,,3799,249,,3799,249,,3799,249,,3799,249,,3799,249,,3799,249,,3799,249,,3799,249,,3799,249,,3799,249,,3799,249,,3799,249,
43,2,Cata Old Briton Female,3799,249,,3799,249,,3799,249,,3799,249,,3799,249,,3799,249,,3799,249,,3799,249,,3799,249,,3799,249,,3799,249,,3799,249,,3799,249,,3799,249,,3799,249,,3799,249,
43,3,Cata Old Briton Female,3799,249,,3799,249,,3799,249,,3799,249,,3799,249,,3799,249,,3799,249,,3799,249,,3799,249,,3799,249,,3799,249,,3799,249,,3799,249,,3799,249,,3799,249,,3799,249,
43,4,Cata Old Briton Female,3799,249,,3799,249,,3799,249,,3799,249,,3799,249,,3799,249,,3799,249,,3799,249,,3799,249,,3799,249,,3799,249,,3799,249,,3799,249,,3799,249,,3799,249,,3799,249,
44,1,Cata Old Celt Male,3927,188,,3927,188,,3927,188,,3927,188,,3927,188,,3927,188,,3927,188,,3927,188,,3927,188,,3927,188,,3927,188,,3927,188,,3927,188,,3927,188,,3927,188,,3927,188,
44,2,Cata Old Celt Male,3927,188,,3927,188,,3927,188,,3927,188,,3927,188,,3927,188,,3927,188,,3927,188,,3927,188,,3927,188,,3927,188,,3927,188,,3927,188,,3927,188,,3927,188,,3927,188,
44,3,Cata Old Celt Male,3927,188,,3927,188,,3927,188,,3927,188,,3927,188,,3927,188,,3927,188,,3927,188,,3927,188,,3927,188,,3927,188,,3927,188,,3927,188,,3927,188,,3927,188,,3927,188,
44,4,Cata Old Celt Male,3927,188,,3927,188,,3927,188,,3927,188,,3927,188,,3927,188,,3927,188,,3927,188,,3927,188,,3927,188,,3927,188,,3927,188,,3927,188,,3927,188,,3927,188,,3927,188,
45,1,Cata Old Celt Female,3799,249,,3799,249,,3799,249,,3799,249,,3799,249,,3799,249,,3799,249,,3799,249,,3799,249,,3799,249,,3799,249,,3799,249,,3799,249,,3799,249,,3799,249,,3799,249,
45,2,Cata Old Celt Female,3799,249,,3799,249,,3799,249,,3799,249,,3799,249,,3799,249,,3799,249,,3799,249,,3799,249,,3799,249,,3799,249,,3799,249,,3799,249,,3799,249,,3799,249,,3799,249,
45,3,Cata Old Celt Female,3799,249,,3799,249,,3799,249,,3799,249,,3799,249,,3799,249,,3799,249,,3799,249,,3799,249,,3799,249,,3799,249,,3799,249,,3799,249,,3799,249,,3799,249,,3799,249,
45,4,Cata Old Celt Female,3799,249,,3799,249,,3799,249,,3799,249,,3799,249,,3799,249,,3799,249,,3799,249,,3799,249,,3799,249,,3799,249,,3799,249,,3799,249,,3799,249,,3799,249,,3799,249,
46,1,Cata Old Norse Male,3424,188,,3424,188,,3424,188,,3424,188,,3424,188,,3424,188,,3424,188,,3424,188,,3424,188,,3424,188,,3424,188,,3424,188,,3424,188,,3424,188,,3424,188,,3424,188,
46,2,Cata Old Norse Male,3424,188,,3424,188,,3424,188,,3424,188,,3424,188,,3424,188,,3424,188,,3424,188,,3424,188,,3424,188,,3424,188,,3424,188,,3424,188,,3424,188,,3424,188,,3424,188,
46,3,Cata Old Norse Male,3424,188,,3424,188,,3424,188,,3424,188,,3424,188,,3424,188,,3424,188,,3424,188,,3424,188,,3424,188,,3424,188,,3424,188,,3424,188,,3424,188,,3424,188,,3424,188,
46,4,Cata Old Norse Male,3424,188,,3424,188,,3424,188,,3424,188,,3424,188,,3424,188,,3424,188,,3424,188,,3424,188,,3424,188,,3424,188,,3424,188,,3424,188,,3424,188,,3424,188,,3424,188,
47,1,Cata Old Norse Female,3799,249,,3799,249,,3799,249,,3799,249,,3799,249,,3799,249,,3799,249,,3799,249,,3799,249,,3799,249,,3799,249,,3799,249,,3799,249,,3799,249,,3799,249,,3799,249,
47,2,Cata Old Norse Female,3799,249,,3799,249,,3799,249,,3799,249,,3799,249,,3799,249,,3799,249,,3799,249,,3799,249,,3799,249,,3799,249,,3799,249,,3799,249,,3799,249,,3799,249,,3799,249,
47,3,Cata Old Norse Female,3799,249,,3799,249,,3799,249,,3799,249,,3799,249,,3799,249,,3799,249,,3799,249,,3799,249,,3799,249,,3799,249,,3799,249,,3799,249,,3799,249,,3799,249,,3799,249,
47,4,Cata Old Norse Female,3799,249,,3799,249,,3799,249,,3799,249,,3799,249,,3799,249,,3799,249,,3799,249,,3799,249,,3799,249,,3799,249,,3799,249,,3799,249,,3799,249,,3799,249,,3799,249,
48,1,Standard,6596,188,,6595,188,,6597,188,,6624,188,,6625,188,,6626,188,,6641,188,,6642,188,,6664,188,,6657,188,,6658,188,,6659,188,,6660,188,,6661,188,,6662,188,,6961,188,
49,1,Nightmare,6645,188,,6960,188,,6645,188,,6645,188,,6645,188,,6645,188,,6645,188,,6645,188,,6645,188,,6645,188,,6645,188,,6645,188,,6645,188,,6645,188,,6645,188,,6645,188,
50,1,Heavy,6596,188,,6595,188,,6597,188,,6624,188,,6625,188,,6626,188,,6641,188,,6642,188,,6642,188,,6657,188,,6658,188,,6659,188,,6660,188,,6661,188,,6662,188,,6961,188,
51,1,Undead,6719,188,,6719,188,,6719,188,,6719,188,,6719,188,,6719,188,,6719,188,,6642,188,,6719,188,,6719,188,,6719,188,,6719,188,,6719,188,,6719,188,,6719,188,,6719,188,
52,1,Unicorn,6596,188,,6595,188,,6597,188,,6624,188,,6625,188,,6626,188,,6641,188,,6643,188,,6642,188,,6657,188,,6658,188,,6659,188,,6660,188,,6661,188,,6662,188,,6663,188,
53,1,Epic Mount,6687,188,,6688,188,,6689,188,,6690,188,,6964,188,,6965,188,,6689,188,,6690,188,,6687,188,,6688,188,,6689,188,,6890,188,,6687,188,,6688,188,,6689,188,,6890,188,
59,1,Pink Unicorn,6838,188,,6838,188,,6838,188,,6838,188,,6838,188,,6838,188,,6838,188,,6838,188,,6838,188,,6838,188,,6838,188,,6838,188,,6838,188,,6838,188,,6838,188,,6838,188,
61,1,Albion Minotaur,6928,188,,6928,125,,6928,100,,6928,103,,6929,188, ,6929,125,,6929,100,,6929,103,,6930,188,,6930,125,,6930,100,,6930,103,,6931,188,,6931,125,,6931,100,,6931,103,
61,2,Albion Minotaur,6928,188,,6928,125,,6928,100,,6928,103,,6929,188,,6929,125,,6929,100,,6929,103,,6930,188,,6930,125,,6930,100,,6930,103,,6931,188,,6931,125,,6931,100,,6931,103,
61,3,Albion Minotaur,6928,188,,6928,125,,6928,100,,6928,103,,6929,188,,6929,125,,6929,100,,6929,103,,6930,188,,6930,125,,6930,100,,6930,103,,6931,188,,6931,125,,6931,100,,6931,103,
61,4,Albion Minotaur,6928,188,,6928,125,,6928,100,,6928,103,,6929,188,,6929,125,,6929,100,,6929,103,,6930,188,,6930,125,,6930,100,,6930,103,,6931,188,,6931,125,,6931,100,,6931,103,
61,5,Albion Minotaur,6928,188,,6928,125,,6928,100,,6928,103,,6929,188,,6929,125,,6929,100,,6929,103,,6930,188,,6930,125,,6930,100,,6930,103,,6931,188,,6931,125,,6931,100,,6931,103,
61,6,Albion Minotaur,6928,188,,6928,125,,6928,100,,6928,103,,6929,188,,6929,125,,6929,100,,6929,103,,6930,188,,6930,125,,6930,100,,6930,103,,6931,188,,6931,125,,6931,100,,6931,103,
61,7,Albion Minotaur,6928,188,,6928,125,,6928,100,,6928,103,,6929,188,,6929,125,,6929,100,,6929,103,,6930,188,,6930,125,,6930,100,,6930,103,,6931,188,,6931,125,,6931,100,,6931,103,
61,8,Albion Minotaur,6928,188,,6928,125,,6928,100,,6928,103,,6929,188,,6929,125,,6929,100,,6929,103,,6930,188,,6930,125,,6930,100,,6930,103,,6931,188,,6931,125,,6931,100,,6931,103,
61,9,Albion Minotaur,6928,188,,6928,125,,6928,100,,6928,103,,6929,188,,6929,125,,6929,100,,6929,103,,6930,188,,6930,125,,6930,100,,6930,103,,6931,188,,6931,125,,6931,100,,6931,103,
61,10,Albion Minotaur,6928,188,,6928,125,,6928,100,,6928,103,,6929,188,,6929,125,,6929,100,,6929,103,,6930,188,,6930,125,,6930,100,,6930,103,,6931,188,,6931,125,,6931,100,,6931,103,
62,1,Midgard Minotaur,6932,188,,6932,125,,6932,100,,6932,103,,6933,188,,6933,125,,6933,100,,6933,103, ,6934,188,,6934,125,,6934,100,,6934,103,,6935,188,,6935,125,,6935,100,,6935,103,
62,2,Midgard Minotaur,6932,188,,6932,125,,6932,100,,6932,103,,6933,188,,6933,125,,6933,100,,6933,103,,6934,188,,6934,125,,6934,100,,6934,103,,6935,188,,6935,125,,6935,100,,6935,103,
62,3,Midgard Minotaur,6932,188,,6932,125,,6932,100,,6932,103,,6933,188,,6933,125,,6933,100,,6933,103,,6934,188,,6934,125,,6934,100,,6934,103,,6935,188,,6935,125,,6935,100,,6935,103,
62,4,Midgard Minotaur,6932,188,,6932,125,,6932,100,,6932,103,,6933,188,,6933,125,,6933,100,,6933,103,,6934,188,,6934,125,,6934,100,,6934,103,,6935,188,,6935,125,,6935,100,,6935,103,
62,5,Midgard Minotaur,6932,188,,6932,125,,6932,100,,6932,103,,6933,188,,6933,125,,6933,100,,6933,103,,6934,188,,6934,125,,6934,100,,6934,103,,6935,188,,6935,125,,6935,100,,6935,103,
62,6,Midgard Minotaur,6932,188,,6932,125,,6932,100,,6932,103,,6933,188,,6933,125,,6933,100,,6933,103,,6934,188,,6934,125,,6934,100,,6934,103,,6935,188,,6935,125,,6935,100,,6935,103,
62,7,Midgard Minotaur,6932,188,,6932,125,,6932,100,,6932,103,,6933,188,,6933,125,,6933,100,,6933,103,,6934,188,,6934,125,,6934,100,,6934,103,,6935,188,,6935,125,,6935,100,,6935,103,
62,8,Midgard Minotaur,6932,188,,6932,125,,6932,100,,6932,103,,6933,188,,6933,125,,6933,100,,6933,103,,6934,188,,6934,125,,6934,100,,6934,103,,6935,188,,6935,125,,6935,100,,6935,103,
62,9,Midgard Minotaur,6932,188,,6932,125,,6932,100,,6932,103,,6933,188,,6933,125,,6933,100,,6933,103,,6934,188,,6934,125,,6934,100,,6934,103,,6935,188,,6935,125,,6935,100,,6935,103,
62,10,Midgard Minotaur,6932,188,,6932,125,,6932,100,,6932,103,,6933,188,,6933,125,,6933,100,,6933,103,,6934,188,,6934,125,,6934,100,,6934,103,,6935,188,,6935,125,,6935,100,,6935,103,
63,1,Hibernia Minotaur,6936,188,,6937,125,,6938,100,,6939,103,,6937,188,,6937,125,,6937,100,,6937,103,,6938,188,,6938,125,,6938,100,,6938,103,,6939,188,,6939,125,,6939,100,,6939,103,
63,2,Hibernia Minotaur,6936,188,,6937,125,,6938,100,,6939,103,,6937,188,,6937,125,,6937,100,,6937,103,,6938,188,,6938,125,,6938,100,,6938,103,,6939,188,,6939,125,,6939,100,,6939,103,
63,3,Hibernia Minotaur,6936,188,,6937,125,,6938,100,,6939,103,,6937,188,,6937,125,,6937,100,,6937,103,,6938,188,,6938,125,,6938,100,,6938,103,,6939,188,,6939,125,,6939,100,,6939,103,
63,4,Hibernia Minotaur,6936,188,,6937,125,,6938,100,,6939,103,,6937,188,,6937,125,,6937,100,,6937,103,,6938,188,,6938,125,,6938,100,,6938,103,,6939,188,,6939,125,,6939,100,,6939,103,
63,5,Hibernia Minotaur,6936,188,,6937,125,,6938,100,,6939,103,,6937,188,,6937,125,,6937,100,,6937,103,,6938,188,,6938,125,,6938,100,,6938,103,,6939,188,,6939,125,,6939,100,,6939,103,
63,6,Hibernia Minotaur,6936,188,,6937,125,,6938,100,,6939,103,,6937,188,,6937,125,,6937,100,,6937,103,,6938,188,,6938,125,,6938,100,,6938,103,,6939,188,,6939,125,,6939,100,,6939,103,
63,7,Hibernia Minotaur,6936,188,,6937,125,,6938,100,,6939,103,,6937,188,,6937,125,,6937,100,,6937,103,,6938,188,,6938,125,,6938,100,,6938,103,,6939,188,,6939,125,,6939,100,,6939,103,
63,8,Hibernia Minotaur,6936,188,,6937,125,,6938,100,,6939,103,,6937,188,,6937,125,,6937,100,,6937,103,,6938,188,,6938,125,,6938,100,,6938,103,,6939,188,,6939,125,,6939,100,,6939,103,
63,9,Hibernia Minotaur,6936,188,,6937,125,,6938,100,,6939,103,,6937,188,,6937,125,,6937,100,,6937,103,,6938,188,,6938,125,,6938,100,,6938,103,,6939,188,,6939,125,,6939,100,,6939,103,
63,10,Hibernia Minotaur,6936,188,,6937,125,,6938,100,,6939,103,,6937,188,,6937,125,,6937,100,,6937,103,,6938,188,,6938,125,,6938,100,,6938,103,,6939,188,,6939,125,,6939,100,,6939,103,
64,1,Inconnu Stone Female Hair,6874,188,,6874,188,,6874,188,,6874,188,,6874,188,,6874,188,,6874,188,,6874,188,,6874,188,,6874,188,,6874,188,,6874,188,,6874,188,,6874,188,,6874,188,,6874,188,
64,2,Inconnu Stone Female Hair,6874,188,,6874,188,,6874,188,,6874,188,,6874,188,,6874,188,,6874,188,,6874,188,,6874,188,,6874,188,,6874,188,,6874,188,,6874,188,,6874,188,,6874,188,,6874,188,
64,3,Inconnu Stone Female Hair,6874,188,,6874,188,,6874,188,,6874,188,,6874,188,,6874,188,,6874,188,,6874,188,,6874,188,,6874,188,,6874,188,,6874,188,,6874,188,,6874,188,,6874,188,,6874,188,
64,4,Inconnu Stone Female Hair,6874,188,,6874,188,,6874,188,,6874,188,,6874,188,,6874,188,,6874,188,,6874,188,,6874,188,,6874,188,,6874,188,,6874,188,,6874,188,,6874,188,,6874,188,,6874,188,
64,5,Inconnu Stone Female Hair,6874,188,,6874,188,,6874,188,,6874,188,,6874,188,,6874,188,,6874,188,,6874,188,,6874,188,,6874,188,,6874,188,,6874,188,,6874,188,,6874,188,,6874,188,,6874,188,
65,1,Inconnu Shade Female Hair,6873,188,,6873,188,,6873,188,,6873,188,,6873,188,,6873,188,,6873,188,,6873,188,,6873,188,,6873,188,,6873,188,,6873,188,,6873,188,,6873,188,,6873,188,,6873,188,
65,2,Inconnu Shade Female Hair,6873,188,,6873,188,,6873,188,,6873,188,,6873,188,,6873,188,,6873,188,,6873,188,,6873,188,,6873,188,,6873,188,,6873,188,,6873,188,,6873,188,,6873,188,,6873,188,
65,3,Inconnu Shade Female Hair,6873,188,,6873,188,,6873,188,,6873,188,,6873,188,,6873,188,,6873,188,,6873,188,,6873,188,,6873,188,,6873,188,,6873,188,,6873,188,,6873,188,,6873,188,,6873,188,
65,4,Inconnu Shade Female Hair,6873,188,,6873,188,,6873,188,,6873,188,,6873,188,,6873,188,,6873,188,,6873,188,,6873,188,,6873,188,,6873,188,,6873,188,,6873,188,,6873,188,,6873,188,,6873,188,
65,5,Inconnu Shade Female Hair,6873,188,,6873,188,,6873,188,,6873,188,,6873,188,,6873,188,,6873,188,,6873,188,,6873,188,,6873,188,,6873,188,,6873,188,,6873,188,,6873,188,,6873,188,,6873,188,
67,1,Inconnu Stone Male Hair,6874,188,,6874,188,,6874,188,,6874,188,,6874,188,,6874,188,,6874,188,,6874,188,,6874,188,,6874,188,,6874,188,,6874,188,,6874,188,,6874,188,,6874,188,,6874,188,
67,2,Inconnu Stone Male Hair,6874,188,,6874,188,,6874,188,,6874,188,,6874,188,,6874,188,,6874,188,,6874,188,,6874,188,,6874,188,,6874,188,,6874,188,,6874,188,,6874,188,,6874,188,,6874,188,
67,3,Inconnu Stone Male Hair,6874,188,,6874,188,,6874,188,,6874,188,,6874,188,,6874,188,,6874,188,,6874,188,,6874,188,,6874,188,,6874,188,,6874,188,,6874,188,,6874,188,,6874,188,,6874,188,
67,4,Inconnu Stone Male Hair,6874,188,,6874,188,,6874,188,,6874,188,,6874,188,,6874,188,,6874,188,,6874,188,,6874,188,,6874,188,,6874,188,,6874,188,,6874,188,,6874,188,,6874,188,,6874,188,
67,5,Inconnu Stone Male Hair,6874,188,,6874,188,,6874,188,,6874,188,,6874,188,,6874,188,,6874,188,,6874,188,,6874,188,,6874,188,,6874,188,,6874,188,,6874,188,,6874,188,,6874,188,,6874,188,
67,6,Inconnu Stone Male Hair,6874,188,,6874,188,,6874,188,,6874,188,,6874,188,,6874,188,,6874,188,,6874,188,,6874,188,,6874,188,,6874,188,,6874,188,,6874,188,,6874,188,,6874,188,,6874,188,
67,7,Inconnu Stone Male Hair,6874,188,,6874,188,,6874,188,,6874,188,,6874,188,,6874,188,,6874,188,,6874,188,,6874,188,,6874,188,,6874,188,,6874,188,,6874,188,,6874,188,,6874,188,,6874,188,
67,8,Inconnu Stone Male Hair,6874,188,,6874,188,,6874,188,,6874,188,,6874,188,,6874,188,,6874,188,,6874,188,,6874,188,,6874,188,,6874,188,,6874,188,,6874,188,,6874,188,,6874,188,,6874,188,
68,1,Inconnu Shade Male Hair,6873,188,,6873,188,,6873,188,,6873,188,,6873,188,,6873,188,,6873,188,,6873,188,,6873,188,,6873,188,,6873,188,,6873,188,,6873,188,,6873,188,,6873,188,,6873,188,
68,2,Inconnu Shade Male Hair,6873,188,,6873,188,,6873,188,,6873,188,,6873,188,,6873,188,,6873,188,,6873,188,,6873,188,,6873,188,,6873,188,,6873,188,,6873,188,,6873,188,,6873,188,,6873,188,
68,3,Inconnu Shade Male Hair,6873,188,,6873,188,,6873,188,,6873,188,,6873,188,,6873,188,,6873,188,,6873,188,,6873,188,,6873,188,,6873,188,,6873,188,,6873,188,,6873,188,,6873,188,,6873,188,
68,4,Inconnu Shade Male Hair,6873,188,,6873,188,,6873,188,,6873,188,,6873,188,,6873,188,,6873,188,,6873,188,,6873,188,,6873,188,,6873,188,,6873,188,,6873,188,,6873,188,,6873,188,,6873,188,
68,5,Inconnu Shade Male Hair,6873,188,,6873,188,,6873,188,,6873,188,,6873,188,,6873,188,,6873,188,,6873,188,,6873,188,,6873,188,,6873,188,,6873,188,,6873,188,,6873,188,,6873,188,,6873,188,
68,6,Inconnu Shade Male Hair,6873,188,,6873,188,,6873,188,,6873,188,,6873,188,,6873,188,,6873,188,,6873,188,,6873,188,,6873,188,,6873,188,,6873,188,,6873,188,,6873,188,,6873,188,,6873,188,
68,7,Inconnu Shade Male Hair,6873,188,,6873,188,,6873,188,,6873,188,,6873,188,,6873,188,,6873,188,,6873,188,,6873,188,,6873,188,,6873,188,,6873,188,,6873,188,,6873,188,,6873,188,,6873,188,
68,8,Inconnu Shade Male Hair,6873,188,,6873,188,,6873,188,,6873,188,,6873,188,,6873,188,,6873,188,,6873,188,,6873,188,,6873,188,,6873,188,,6873,188,,6873,188,,6873,188,,6873,188,,6873,188,
70,1,Briton Stone Male Hair,6874,188,,6874,188,,6874,188,,6874,188,,6874,188,,6874,188,,6874,188,,6874,188,,6874,188,,6874,188,,6874,188,,6874,188,,6874,188,,6874,188,,6874,188,,6874,188,
70,2,Briton Stone Male Hair,6874,188,,6874,188,,6874,188,,6874,188,,6874,188,,6874,188,,6874,188,,6874,188,,6874,188,,6874,188,,6874,188,,6874,188,,6874,188,,6874,188,,6874,188,,6874,188,
70,3,Briton Stone Male Hair,6874,188,,6874,188,,6874,188,,6874,188,,6874,188,,6874,188,,6874,188,,6874,188,,6874,188,,6874,188,,6874,188,,6874,188,,6874,188,,6874,188,,6874,188,,6874,188,
70,4,Briton Stone Male Hair,6874,188,,6874,188,,6874,188,,6874,188,,6874,188,,6874,188,,6874,188,,6874,188,,6874,188,,6874,188,,6874,188,,6874,188,,6874,188,,6874,188,,6874,188,,6874,188,
70,5,Briton Stone Male Hair,6874,188,,6874,188,,6874,188,,6874,188,,6874,188,,6874,188,,6874,188,,6874,188,,6874,188,,6874,188,,6874,188,,6874,188,,6874,188,,6874,188,,6874,188,,6874,188,
70,6,Briton Stone Male Hair,6874,188,,6874,188,,6874,188,,6874,188,,6874,188,,6874,188,,6874,188,,6874,188,,6874,188,,6874,188,,6874,188,,6874,188,,6874,188,,6874,188,,6874,188,,6874,188,
70,7,Briton Stone Male Hair,6874,188,,6874,188,,6874,188,,6874,188,,6874,188,,6874,188,,6874,188,,6874,188,,6874,188,,6874,188,,6874,188,,6874,188,,6874,188,,6874,188,,6874,188,,6874,188,
70,8,Briton Stone Male Hair,6874,188,,6874,188,,6874,188,,6874,188,,6874,188,,6874,188,,6874,188,,6874,188,,6874,188,,6874,188,,6874,188,,6874,188,,6874,188,,6874,188,,6874,188,,6874,188,
71,1,Briton Shade Male Hair,6873,188,,6873,188,,6873,188,,6873,188,,6873,188,,6873,188,,6873,188,,6873,188,,6873,188,,6873,188,,6873,188,,6873,188,,6873,188,,6873,188,,6873,188,,6873,188,
71,2,Briton Shade Male Hair,6873,188,,6873,188,,6873,188,,6873,188,,6873,188,,6873,188,,6873,188,,6873,188,,6873,188,,6873,188,,6873,188,,6873,188,,6873,188,,6873,188,,6873,188,,6873,188,
71,3,Briton Shade Male Hair,6873,188,,6873,188,,6873,188,,6873,188,,6873,188,,6873,188,,6873,188,,6873,188,,6873,188,,6873,188,,6873,188,,6873,188,,6873,188,,6873,188,,6873,188,,6873,188,
71,4,Briton Shade Male Hair,6873,188,,6873,188,,6873,188,,6873,188,,6873,188,,6873,188,,6873,188,,6873,188,,6873,188,,6873,188,,6873,188,,6873,188,,6873,188,,6873,188,,6873,188,,6873,188,
71,5,Briton Shade Male Hair,6873,188,,6873,188,,6873,188,,6873,188,,6873,188,,6873,188,,6873,188,,6873,188,,6873,188,,6873,188,,6873,188,,6873,188,,6873,188,,6873,188,,6873,188,,6873,188,
71,6,Briton Shade Male Hair,6873,188,,6873,188,,6873,188,,6873,188,,6873,188,,6873,188,,6873,188,,6873,188,,6873,188,,6873,188,,6873,188,,6873,188,,6873,188,,6873,188,,6873,188,,6873,188,
71,7,Briton Shade Male Hair,6873,188,,6873,188,,6873,188,,6873,188,,6873,188,,6873,188,,6873,188,,6873,188,,6873,188,,6873,188,,6873,188,,6873,188,,6873,188,,6873,188,,6873,188,,6873,188,
71,8,Briton Shade Male Hair,6873,188,,6873,188,,6873,188,,6873,188,,6873,188,,6873,188,,6873,188,,6873,188,,6873,188,,6873,188,,6873,188,,6873,188,,6873,188,,6873,188,,6873,188,,6873,188,
73,1,Briton Stone Female Hair,6874,188,,6874,188,,6874,188,,6874,188,,6874,188,,6874,188,,6874,188,,6874,188,,6874,188,,6874,188,,6874,188,,6874,188,,6874,188,,6874,188,,6874,188,,6874,188,
73,2,Briton Stone Female Hair,6874,188,,6874,188,,6874,188,,6874,188,,6874,188,,6874,188,,6874,188,,6874,188,,6874,188,,6874,188,,6874,188,,6874,188,,6874,188,,6874,188,,6874,188,,6874,188,
73,3,Briton Stone Female Hair,6874,188,,6874,188,,6874,188,,6874,188,,6874,188,,6874,188,,6874,188,,6874,188,,6874,188,,6874,188,,6874,188,,6874,188,,6874,188,,6874,188,,6874,188,,6874,188,
73,4,Briton Stone Female Hair,6874,188,,6874,188,,6874,188,,6874,188,,6874,188,,6874,188,,6874,188,,6874,188,,6874,188,,6874,188,,6874,188,,6874,188,,6874,188,,6874,188,,6874,188,,6874,188,
73,5,Briton Stone Female Hair,6874,188,,6874,188,,6874,188,,6874,188,,6874,188,,6874,188,,6874,188,,6874,188,,6874,188,,6874,188,,6874,188,,6874,188,,6874,188,,6874,188,,6874,188,,6874,188,
73,6,Briton Stone Female Hair,6874,188,,6874,188,,6874,188,,6874,188,,6874,188,,6874,188,,6874,188,,6874,188,,6874,188,,6874,188,,6874,188,,6874,188,,6874,188,,6874,188,,6874,188,,6874,188,
74,1,Briton Shade Female Hair,6873,188,,6873,188,,6873,188,,6873,188,,6873,188,,6873,188,,6873,188,,6873,188,,6873,188,,6873,188,,6873,188,,6873,188,,6873,188,,6873,188,,6873,188,,6873,188,
74,2,Briton Shade Female Hair,6873,188,,6873,188,,6873,188,,6873,188,,6873,188,,6873,188,,6873,188,,6873,188,,6873,188,,6873,188,,6873,188,,6873,188,,6873,188,,6873,188,,6873,188,,6873,188,
74,3,Briton Shade Female Hair,6873,188,,6873,188,,6873,188,,6873,188,,6873,188,,6873,188,,6873,188,,6873,188,,6873,188,,6873,188,,6873,188,,6873,188,,6873,188,,6873,188,,6873,188,,6873,188,
74,4,Briton Shade Female Hair,6873,188,,6873,188,,6873,188,,6873,188,,6873,188,,6873,188,,6873,188,,6873,188,,6873,188,,6873,188,,6873,188,,6873,188,,6873,188,,6873,188,,6873,188,,6873,188,
74,5,Briton Shade Female Hair,6873,188,,6873,188,,6873,188,,6873,188,,6873,188,,6873,188,,6873,188,,6873,188,,6873,188,,6873,188,,6873,188,,6873,188,,6873,188,,6873,188,,6873,188,,6873,188,
74,6,Briton Shade Female Hair,6873,188,,6873,188,,6873,188,,6873,188,,6873,188,,6873,188,,6873,188,,6873,188,,6873,188,,6873,188,,6873,188,,6873,188,,6873,188,,6873,188,,6873,188,,6873,188,
76,1,Stone Avalonian Male Hair,6874,188,,6874,188,,6874,188,,6874,188,,6874,188,,6874,188,,6874,188,,6874,188,,6874,188,,6874,188,,6874,188,,6874,188,,6874,188,,6874,188,,6874,188,,6874,188,
76,2,Stone Avalonian Male Hair,6874,188,,6874,188,,6874,188,,6874,188,,6874,188,,6874,188,,6874,188,,6874,188,,6874,188,,6874,188,,6874,188,,6874,188,,6874,188,,6874,188,,6874,188,,6874,188,
76,3,Stone Avalonian Male Hair,6874,188,,6874,188,,6874,188,,6874,188,,6874,188,,6874,188,,6874,188,,6874,188,,6874,188,,6874,188,,6874,188,,6874,188,,6874,188,,6874,188,,6874,188,,6874,188,
76,4,Stone Avalonian Male Hair,6874,188,,6874,188,,6874,188,,6874,188,,6874,188,,6874,188,,6874,188,,6874,188,,6874,188,,6874,188,,6874,188,,6874,188,,6874,188,,6874,188,,6874,188,,6874,188,
76,5,Stone Avalonian Male Hair,6874,188,,6874,188,,6874,188,,6874,188,,6874,188,,6874,188,,6874,188,,6874,188,,6874,188,,6874,188,,6874,188,,6874,188,,6874,188,,6874,188,,6874,188,,6874,188,
76,6,Stone Avalonian Male Hair,6874,188,,6874,188,,6874,188,,6874,188,,6874,188,,6874,188,,6874,188,,6874,188,,6874,188,,6874,188,,6874,188,,6874,188,,6874,188,,6874,188,,6874,188,,6874,188,
76,7,Stone Avalonian Male Hair,6874,188,,6874,188,,6874,188,,6874,188,,6874,188,,6874,188,,6874,188,,6874,188,,6874,188,,6874,188,,6874,188,,6874,188,,6874,188,,6874,188,,6874,188,,6874,188,
76,8,Stone Avalonian Male Hair,6874,188,,6874,188,,6874,188,,6874,188,,6874,188,,6874,188,,6874,188,,6874,188,,6874,188,,6874,188,,6874,188,,6874,188,,6874,188,,6874,188,,6874,188,,6874,188,
77,1,Shade Avalonian Male Hair,6873,188,,6873,188,,6873,188,,6873,188,,6873,188,,6873,188,,6873,188,,6873,188,,6873,188,,6873,188,,6873,188,,6873,188,,6873,188,,6873,188,,6873,188,,6873,188,
77,2,Shade Avalonian Male Hair,6873,188,,6873,188,,6873,188,,6873,188,,6873,188,,6873,188,,6873,188,,6873,188,,6873,188,,6873,188,,6873,188,,6873,188,,6873,188,,6873,188,,6873,188,,6873,188,
77,3,Shade Avalonian Male Hair,6873,188,,6873,188,,6873,188,,6873,188,,6873,188,,6873,188,,6873,188,,6873,188,,6873,188,,6873,188,,6873,188,,6873,188,,6873,188,,6873,188,,6873,188,,6873,188,
77,4,Shade Avalonian Male Hair,6873,188,,6873,188,,6873,188,,6873,188,,6873,188,,6873,188,,6873,188,,6873,188,,6873,188,,6873,188,,6873,188,,6873,188,,6873,188,,6873,188,,6873,188,,6873,188,
77,5,Shade Avalonian Male Hair,6873,188,,6873,188,,6873,188,,6873,188,,6873,188,,6873,188,,6873,188,,6873,188,,6873,188,,6873,188,,6873,188,,6873,188,,6873,188,,6873,188,,6873,188,,6873,188,
77,6,Shade Avalonian Male Hair,6873,188,,6873,188,,6873,188,,6873,188,,6873,188,,6873,188,,6873,188,,6873,188,,6873,188,,6873,188,,6873,188,,6873,188,,6873,188,,6873,188,,6873,188,,6873,188,
77,7,Shade Avalonian Male Hair,6873,188,,6873,188,,6873,188,,6873,188,,6873,188,,6873,188,,6873,188,,6873,188,,6873,188,,6873,188,,6873,188,,6873,188,,6873,188,,6873,188,,6873,188,,6873,188,
77,8,Shade Avalonian Male Hair,6873,188,,6873,188,,6873,188,,6873,188,,6873,188,,6873,188,,6873,188,,6873,188,,6873,188,,6873,188,,6873,188,,6873,188,,6873,188,,6873,188,,6873,188,,6873,188,
79,1,Stone Avalonian Female Hair,6874,188,,6874,188,,6874,188,,6874,188,,6874,188,,6874,188,,6874,188,,6874,188,,6874,188,,6874,188,,6874,188,,6874,188,,6874,188,,6874,188,,6874,188,,6874,188,
79,2,Stone Avalonian Female Hair,6874,188,,6874,188,,6874,188,,6874,188,,6874,188,,6874,188,,6874,188,,6874,188,,6874,188,,6874,188,,6874,188,,6874,188,,6874,188,,6874,188,,6874,188,,6874,188,
79,3,Stone Avalonian Female Hair,6874,188,,6874,188,,6874,188,,6874,188,,6874,188,,6874,188,,6874,188,,6874,188,,6874,188,,6874,188,,6874,188,,6874,188,,6874,188,,6874,188,,6874,188,,6874,188,
79,4,Stone Avalonian Female Hair,6874,188,,6874,188,,6874,188,,6874,188,,6874,188,,6874,188,,6874,188,,6874,188,,6874,188,,6874,188,,6874,188,,6874,188,,6874,188,,6874,188,,6874,188,,6874,188,
79,5,Stone Avalonian Female Hair,6874,188,,6874,188,,6874,188,,6874,188,,6874,188,,6874,188,,6874,188,,6874,188,,6874,188,,6874,188,,6874,188,,6874,188,,6874,188,,6874,188,,6874,188,,6874,188,
79,6,Stone Avalonian Female Hair,6874,188,,6874,188,,6874,188,,6874,188,,6874,188,,6874,188,,6874,188,,6874,188,,6874,188,,6874,188,,6874,188,,6874,188,,6874,188,,6874,188,,6874,188,,6874,188,
80,1,Shade Avalonian Female Hair,6873,188,,6873,188,,6873,188,,6873,188,,6873,188,,6873,188,,6873,188,,6873,188,,6873,188,,6873,188,,6873,188,,6873,188,,6873,188,,6873,188,,6873,188,,6873,188,
80,2,Shade Avalonian Female Hair,6873,188,,6873,188,,6873,188,,6873,188,,6873,188,,6873,188,,6873,188,,6873,188,,6873,188,,6873,188,,6873,188,,6873,188,,6873,188,,6873,188,,6873,188,,6873,188,
80,3,Shade Avalonian Female Hair,6873,188,,6873,188,,6873,188,,6873,188,,6873,188,,6873,188,,6873,188,,6873,188,,6873,188,,6873,188,,6873,188,,6873,188,,6873,188,,6873,188,,6873,188,,6873,188,
80,4,Shade Avalonian Female Hair,6873,188,,6873,188,,6873,188,,6873,188,,6873,188,,6873,188,,6873,188,,6873,188,,6873,188,,6873,188,,6873,188,,6873,188,,6873,188,,6873,188,,6873,188,,6873,188,
80,5,Shade Avalonian Female Hair,6873,188,,6873,188,,6873,188,,6873,188,,6873,188,,6873,188,,6873,188,,6873,188,,6873,188,,6873,188,,6873,188,,6873,188,,6873,188,,6873,188,,6873,188,,6873,188,
80,6,Shade Avalonian Female Hair,6873,188,,6873,188,,6873,188,,6873,188,,6873,188,,6873,188,,6873,188,,6873,188,,6873,188,,6873,188,,6873,188,,6873,188,,6873,188,,6873,188,,6873,188,,6873,188,
82,1,Stone Highlander Male Hair,6874,188,,6874,188,,6874,188,,6874,188,,6874,188,,6874,188,,6874,188,,6874,188,,6874,188,,6874,188,,6874,188,,6874,188,,6874,188,,6874,188,,6874,188,,6874,188,
82,2,Stone Highlander Male Hair,6874,188,,6874,188,,6874,188,,6874,188,,6874,188,,6874,188,,6874,188,,6874,188,,6874,188,,6874,188,,6874,188,,6874,188,,6874,188,,6874,188,,6874,188,,6874,188,
82,3,Stone Highlander Male Hair,6874,188,,6874,188,,6874,188,,6874,188,,6874,188,,6874,188,,6874,188,,6874,188,,6874,188,,6874,188,,6874,188,,6874,188,,6874,188,,6874,188,,6874,188,,6874,188,
82,4,Stone Highlander Male Hair,6874,188,,6874,188,,6874,188,,6874,188,,6874,188,,6874,188,,6874,188,,6874,188,,6874,188,,6874,188,,6874,188,,6874,188,,6874,188,,6874,188,,6874,188,,6874,188,
82,5,Stone Highlander Male Hair,6874,188,,6874,188,,6874,188,,6874,188,,6874,188,,6874,188,,6874,188,,6874,188,,6874,188,,6874,188,,6874,188,,6874,188,,6874,188,,6874,188,,6874,188,,6874,188,
82,6,Stone Highlander Male Hair,6874,188,,6874,188,,6874,188,,6874,188,,6874,188,,6874,188,,6874,188,,6874,188,,6874,188,,6874,188,,6874,188,,6874,188,,6874,188,,6874,188,,6874,188,,6874,188,
82,7,Stone Highlander Male Hair,6874,188,,6874,188,,6874,188,,6874,188,,6874,188,,6874,188,,6874,188,,6874,188,,6874,188,,6874,188,,6874,188,,6874,188,,6874,188,,6874,188,,6874,188,,6874,188,
82,8,Stone Highlander Male Hair,6874,188,,6874,188,,6874,188,,6874,188,,6874,188,,6874,188,,6874,188,,6874,188,,6874,188,,6874,188,,6874,188,,6874,188,,6874,188,,6874,188,,6874,188,,6874,188,
83,1,Shade Highlander Male Hair,6873,188,,6873,188,,6873,188,,6873,188,,6873,188,,6873,188,,6873,188,,6873,188,,6873,188,,6873,188,,6873,188,,6873,188,,6873,188,,6873,188,,6873,188,,6873,188,
83,2,Shade Highlander Male Hair,6873,188,,6873,188,,6873,188,,6873,188,,6873,188,,6873,188,,6873,188,,6873,188,,6873,188,,6873,188,,6873,188,,6873,188,,6873,188,,6873,188,,6873,188,,6873,188,
83,3,Shade Highlander Male Hair,6873,188,,6873,188,,6873,188,,6873,188,,6873,188,,6873,188,,6873,188,,6873,188,,6873,188,,6873,188,,6873,188,,6873,188,,6873,188,,6873,188,,6873,188,,6873,188,
83,4,Shade Highlander Male Hair,6873,188,,6873,188,,6873,188,,6873,188,,6873,188,,6873,188,,6873,188,,6873,188,,6873,188,,6873,188,,6873,188,,6873,188,,6873,188,,6873,188,,6873,188,,6873,188,
83,5,Shade Highlander Male Hair,6873,188,,6873,188,,6873,188,,6873,188,,6873,188,,6873,188,,6873,188,,6873,188,,6873,188,,6873,188,,6873,188,,6873,188,,6873,188,,6873,188,,6873,188,,6873,188,
83,6,Shade Highlander Male Hair,6873,188,,6873,188,,6873,188,,6873,188,,6873,188,,6873,188,,6873,188,,6873,188,,6873,188,,6873,188,,6873,188,,6873,188,,6873,188,,6873,188,,6873,188,,6873,188,
83,7,Shade Highlander Male Hair,6873,188,,6873,188,,6873,188,,6873,188,,6873,188,,6873,188,,6873,188,,6873,188,,6873,188,,6873,188,,6873,188,,6873,188,,6873,188,,6873,188,,6873,188,,6873,188,
83,8,Shade Highlander Male Hair,6873,188,,6873,188,,6873,188,,6873,188,,6873,188,,6873,188,,6873,188,,6873,188,,6873,188,,6873,188,,6873,188,,6873,188,,6873,188,,6873,188,,6873,188,,6873,188,
85,1,Stone Highlander Female Hair,6874,188,,6874,188,,6874,188,,6874,188,,6874,188,,6874,188,,6874,188,,6874,188,,6874,188,,6874,188,,6874,188,,6874,188,,6874,188,,6874,188,,6874,188,,6874,188,
85,2,Stone Highlander Female Hair,6874,188,,6874,188,,6874,188,,6874,188,,6874,188,,6874,188,,6874,188,,6874,188,,6874,188,,6874,188,,6874,188,,6874,188,,6874,188,,6874,188,,6874,188,,6874,188,
85,3,Stone Highlander Female Hair,6874,188,,6874,188,,6874,188,,6874,188,,6874,188,,6874,188,,6874,188,,6874,188,,6874,188,,6874,188,,6874,188,,6874,188,,6874,188,,6874,188,,6874,188,,6874,188,
85,4,Stone Highlander Female Hair,6874,188,,6874,188,,6874,188,,6874,188,,6874,188,,6874,188,,6874,188,,6874,188,,6874,188,,6874,188,,6874,188,,6874,188,,6874,188,,6874,188,,6874,188,,6874,188,
86,1,Shade Highlander Female Hair,6873,188,,6873,188,,6873,188,,6873,188,,6873,188,,6873,188,,6873,188,,6873,188,,6873,188,,6873,188,,6873,188,,6873,188,,6873,188,,6873,188,,6873,188,,6873,188,
86,2,Shade Highlander Female Hair,6873,188,,6873,188,,6873,188,,6873,188,,6873,188,,6873,188,,6873,188,,6873,188,,6873,188,,6873,188,,6873,188,,6873,188,,6873,188,,6873,188,,6873,188,,6873,188,
86,3,Shade Highlander Female Hair,6873,188,,6873,188,,6873,188,,6873,188,,6873,188,,6873,188,,6873,188,,6873,188,,6873,188,,6873,188,,6873,188,,6873,188,,6873,188,,6873,188,,6873,188,,6873,188,
86,4,Shade Highlander Female Hair,6873,188,,6873,188,,6873,188,,6873,188,,6873,188,,6873,188,,6873,188,,6873,188,,6873,188,,6873,188,,6873,188,,6873,188,,6873,188,,6873,188,,6873,188,,6873,188,
88,1,Stone Half Ogre Male Hair,6874,188,,6874,188,,6874,188,,6874,188,,6874,188,,6874,188,,6874,188,,6874,188,,6874,188,,6874,188,,6874,188,,6874,188,,6874,188,,6874,188,,6874,188,,6874,188,
88,2,Stone Half Ogre Male Hair,6874,188,,6874,188,,6874,188,,6874,188,,6874,188,,6874,188,,6874,188,,6874,188,,6874,188,,6874,188,,6874,188,,6874,188,,6874,188,,6874,188,,6874,188,,6874,188,
88,3,Stone Half Ogre Male Hair,6874,188,,6874,188,,6874,188,,6874,188,,6874,188,,6874,188,,6874,188,,6874,188,,6874,188,,6874,188,,6874,188,,6874,188,,6874,188,,6874,188,,6874,188,,6874,188,
88,4,Stone Half Ogre Male Hair,6874,188,,6874,188,,6874,188,,6874,188,,6874,188,,6874,188,,6874,188,,6874,188,,6874,188,,6874,188,,6874,188,,6874,188,,6874,188,,6874,188,,6874,188,,6874,188,
88,5,Stone Half Ogre Male Hair,6874,188,,6874,188,,6874,188,,6874,188,,6874,188,,6874,188,,6874,188,,6874,188,,6874,188,,6874,188,,6874,188,,6874,188,,6874,188,,6874,188,,6874,188,,6874,188,
88,6,Stone Half Ogre Male Hair,6874,188,,6874,188,,6874,188,,6874,188,,6874,188,,6874,188,,6874,188,,6874,188,,6874,188,,6874,188,,6874,188,,6874,188,,6874,188,,6874,188,,6874,188,,6874,188,
88,7,Stone Half Ogre Male Hair,6874,188,,6874,188,,6874,188,,6874,188,,6874,188,,6874,188,,6874,188,,6874,188,,6874,188,,6874,188,,6874,188,,6874,188,,6874,188,,6874,188,,6874,188,,6874,188,
89,1,Shade Half Ogre Male Hair,6873,188,,6873,188,,6873,188,,6873,188,,6873,188,,6873,188,,6873,188,,6873,188,,6873,188,,6873,188,,6873,188,,6873,188,,6873,188,,6873,188,,6873,188,,6873,188,
89,2,Shade Half Ogre Male Hair,6873,188,,6873,188,,6873,188,,6873,188,,6873,188,,6873,188,,6873,188,,6873,188,,6873,188,,6873,188,,6873,188,,6873,188,,6873,188,,6873,188,,6873,188,,6873,188,
89,3,Shade Half Ogre Male Hair,6873,188,,6873,188,,6873,188,,6873,188,,6873,188,,6873,188,,6873,188,,6873,188,,6873,188,,6873,188,,6873,188,,6873,188,,6873,188,,6873,188,,6873,188,,6873,188,
89,4,Shade Half Ogre Male Hair,6873,188,,6873,188,,6873,188,,6873,188,,6873,188,,6873,188,,6873,188,,6873,188,,6873,188,,6873,188,,6873,188,,6873,188,,6873,188,,6873,188,,6873,188,,6873,188,
89,5,Shade Half Ogre Male Hair,6873,188,,6873,188,,6873,188,,6873,188,,6873,188,,6873,188,,6873,188,,6873,188,,6873,188,,6873,188,,6873,188,,6873,188,,6873,188,,6873,188,,6873,188,,6873,188,
89,6,Shade Half Ogre Male Hair,6873,188,,6873,188,,6873,188,,6873,188,,6873,188,,6873,188,,6873,188,,6873,188,,6873,188,,6873,188,,6873,188,,6873,188,,6873,188,,6873,188,,6873,188,,6873,188,
89,7,Shade Half Ogre Male Hair,6873,188,,6873,188,,6873,188,,6873,188,,6873,188,,6873,188,,6873,188,,6873,188,,6873,188,,6873,188,,6873,188,,6873,188,,6873,188,,6873,188,,6873,188,,6873,188,
91,1,Stone Half Ogre Female Hair,6874,188,,6874,188,,6874,188,,6874,188,,6874,188,,6874,188,,6874,188,,6874,188,,6874,188,,6874,188,,6874,188,,6874,188,,6874,188,,6874,188,,6874,188,,6874,188,
91,2,Stone Half Ogre Female Hair,6874,188,,6874,188,,6874,188,,6874,188,,6874,188,,6874,188,,6874,188,,6874,188,,6874,188,,6874,188,,6874,188,,6874,188,,6874,188,,6874,188,,6874,188,,6874,188,
91,3,Stone Half Ogre Female Hair,6874,188,,6874,188,,6874,188,,6874,188,,6874,188,,6874,188,,6874,188,,6874,188,,6874,188,,6874,188,,6874,188,,6874,188,,6874,188,,6874,188,,6874,188,,6874,188,
91,4,Stone Half Ogre Female Hair,6874,188,,6874,188,,6874,188,,6874,188,,6874,188,,6874,188,,6874,188,,6874,188,,6874,188,,6874,188,,6874,188,,6874,188,,6874,188,,6874,188,,6874,188,,6874,188,
92,1,Shade Half Ogre Female Hair,6873,188,,6873,188,,6873,188,,6873,188,,6873,188,,6873,188,,6873,188,,6873,188,,6873,188,,6873,188,,6873,188,,6873,188,,6873,188,,6873,188,,6873,188,,6873,188,
92,2,Shade Half Ogre Female Hair,6873,188,,6873,188,,6873,188,,6873,188,,6873,188,,6873,188,,6873,188,,6873,188,,6873,188,,6873,188,,6873,188,,6873,188,,6873,188,,6873,188,,6873,188,,6873,188,
92,3,Shade Half Ogre Female Hair,6873,188,,6873,188,,6873,188,,6873,188,,6873,188,,6873,188,,6873,188,,6873,188,,6873,188,,6873,188,,6873,188,,6873,188,,6873,188,,6873,188,,6873,188,,6873,188,
92,4,Shade Half Ogre Female Hair,6873,188,,6873,188,,6873,188,,6873,188,,6873,188,,6873,188,,6873,188,,6873,188,,6873,188,,6873,188,,6873,188,,6873,188,,6873,188,,6873,188,,6873,188,,6873,188,
94,1,Stone Saracen Male Hair,6874,188,,6874,188,,6874,188,,6874,188,,6874,188,,6874,188,,6874,188,,6874,188,,6874,188,,6874,188,,6874,188,,6874,188,,6874,188,,6874,188,,6874,188,,6874,188,
94,2,Stone Saracen Male Hair,6874,188,,6874,188,,6874,188,,6874,188,,6874,188,,6874,188,,6874,188,,6874,188,,6874,188,,6874,188,,6874,188,,6874,188,,6874,188,,6874,188,,6874,188,,6874,188,
94,3,Stone Saracen Male Hair,6874,188,,6874,188,,6874,188,,6874,188,,6874,188,,6874,188,,6874,188,,6874,188,,6874,188,,6874,188,,6874,188,,6874,188,,6874,188,,6874,188,,6874,188,,6874,188,
94,4,Stone Saracen Male Hair,6874,188,,6874,188,,6874,188,,6874,188,,6874,188,,6874,188,,6874,188,,6874,188,,6874,188,,6874,188,,6874,188,,6874,188,,6874,188,,6874,188,,6874,188,,6874,188,
94,5,Stone Saracen Male Hair,6874,188,,6874,188,,6874,188,,6874,188,,6874,188,,6874,188,,6874,188,,6874,188,,6874,188,,6874,188,,6874,188,,6874,188,,6874,188,,6874,188,,6874,188,,6874,188,
94,6,Stone Saracen Male Hair,6874,188,,6874,188,,6874,188,,6874,188,,6874,188,,6874,188,,6874,188,,6874,188,,6874,188,,6874,188,,6874,188,,6874,188,,6874,188,,6874,188,,6874,188,,6874,188,
94,7,Stone Saracen Male Hair,6874,188,,6874,188,,6874,188,,6874,188,,6874,188,,6874,188,,6874,188,,6874,188,,6874,188,,6874,188,,6874,188,,6874,188,,6874,188,,6874,188,,6874,188,,6874,188,
94,8,Stone Saracen Male Hair,6874,188,,6874,188,,6874,188,,6874,188,,6874,188,,6874,188,,6874,188,,6874,188,,6874,188,,6874,188,,6874,188,,6874,188,,6874,188,,6874,188,,6874,188,,6874,188,
95,1,Shade Saracen Male Hair,6873,188,,6873,188,,6873,188,,6873,188,,6873,188,,6873,188,,6873,188,,6873,188,,6873,188,,6873,188,,6873,188,,6873,188,,6873,188,,6873,188,,6873,188,,6873,188,
95,2,Shade Saracen Male Hair,6873,188,,6873,188,,6873,188,,6873,188,,6873,188,,6873,188,,6873,188,,6873,188,,6873,188,,6873,188,,6873,188,,6873,188,,6873,188,,6873,188,,6873,188,,6873,188,
95,3,Shade Saracen Male Hair,6873,188,,6873,188,,6873,188,,6873,188,,6873,188,,6873,188,,6873,188,,6873,188,,6873,188,,6873,188,,6873,188,,6873,188,,6873,188,,6873,188,,6873,188,,6873,188,
95,4,Shade Saracen Male Hair,6873,188,,6873,188,,6873,188,,6873,188,,6873,188,,6873,188,,6873,188,,6873,188,,6873,188,,6873,188,,6873,188,,6873,188,,6873,188,,6873,188,,6873,188,,6873,188,
95,5,Shade Saracen Male Hair,6873,188,,6873,188,,6873,188,,6873,188,,6873,188,,6873,188,,6873,188,,6873,188,,6873,188,,6873,188,,6873,188,,6873,188,,6873,188,,6873,188,,6873,188,,6873,188,
95,6,Shade Saracen Male Hair,6873,188,,6873,188,,6873,188,,6873,188,,6873,188,,6873,188,,6873,188,,6873,188,,6873,188,,6873,188,,6873,188,,6873,188,,6873,188,,6873,188,,6873,188,,6873,188,
95,7,Shade Saracen Male Hair,6873,188,,6873,188,,6873,188,,6873,188,,6873,188,,6873,188,,6873,188,,6873,188,,6873,188,,6873,188,,6873,188,,6873,188,,6873,188,,6873,188,,6873,188,,6873,188,
95,8,Shade Saracen Male Hair,6873,188,,6873,188,,6873,188,,6873,188,,6873,188,,6873,188,,6873,188,,6873,188,,6873,188,,6873,188,,6873,188,,6873,188,,6873,188,,6873,188,,6873,188,,6873,188,
97,1,Stone Saracen Female Hair,6874,188,,6874,188,,6874,188,,6874,188,,6874,188,,6874,188,,6874,188,,6874,188,,6874,188,,6874,188,,6874,188,,6874,188,,6874,188,,6874,188,,6874,188,,6874,188,
97,2,Stone Saracen Female Hair,6874,188,,6874,188,,6874,188,,6874,188,,6874,188,,6874,188,,6874,188,,6874,188,,6874,188,,6874,188,,6874,188,,6874,188,,6874,188,,6874,188,,6874,188,,6874,188,
97,3,Stone Saracen Female Hair,6874,188,,6874,188,,6874,188,,6874,188,,6874,188,,6874,188,,6874,188,,6874,188,,6874,188,,6874,188,,6874,188,,6874,188,,6874,188,,6874,188,,6874,188,,6874,188,
97,4,Stone Saracen Female Hair,6874,188,,6874,188,,6874,188,,6874,188,,6874,188,,6874,188,,6874,188,,6874,188,,6874,188,,6874,188,,6874,188,,6874,188,,6874,188,,6874,188,,6874,188,,6874,188,
98,1,Shade Saracen Female Hair,6873,188,,6873,188,,6873,188,,6873,188,,6873,188,,6873,188,,6873,188,,6873,188,,6873,188,,6873,188,,6873,188,,6873,188,,6873,188,,6873,188,,6873,188,,6873,188,
98,2,Shade Saracen Female Hair,6873,188,,6873,188,,6873,188,,6873,188,,6873,188,,6873,188,,6873,188,,6873,188,,6873,188,,6873,188,,6873,188,,6873,188,,6873,188,,6873,188,,6873,188,,6873,188,
98,3,Shade Saracen Female Hair,6873,188,,6873,188,,6873,188,,6873,188,,6873,188,,6873,188,,6873,188,,6873,188,,6873,188,,6873,188,,6873,188,,6873,188,,6873,188,,6873,188,,6873,188,,6873,188,
98,4,Shade Saracen Female Hair,6873,188,,6873,188,,6873,188,,6873,188,,6873,188,,6873,188,,6873,188,,6873,188,,6873,188,,6873,188,,6873,188,,6873,188,,6873,188,,6873,188,,6873,188,,6873,188,
100,1,Stone Frostalf Male Hair,6874,188,,6874,188,,6874,188,,6874,188,,6874,188,,6874,188,,6874,188,,6874,188,,6874,188,,6874,188,,6874,188,,6874,188,,6874,188,,6874,188,,6874,188,,6874,188,
100,2,Stone Frostalf Male Hair,6874,188,,6874,188,,6874,188,,6874,188,,6874,188,,6874,188,,6874,188,,6874,188,,6874,188,,6874,188,,6874,188,,6874,188,,6874,188,,6874,188,,6874,188,,6874,188,
100,3,Stone Frostalf Male Hair,6874,188,,6874,188,,6874,188,,6874,188,,6874,188,,6874,188,,6874,188,,6874,188,,6874,188,,6874,188,,6874,188,,6874,188,,6874,188,,6874,188,,6874,188,,6874,188,
100,4,Stone Frostalf Male Hair,6874,188,,6874,188,,6874,188,,6874,188,,6874,188,,6874,188,,6874,188,,6874,188,,6874,188,,6874,188,,6874,188,,6874,188,,6874,188,,6874,188,,6874,188,,6874,188,
101,1,Shade Frostalf Male Hair,6873,188,,6873,188,,6873,188,,6873,188,,6873,188,,6873,188,,6873,188,,6873,188,,6873,188,,6873,188,,6873,188,,6873,188,,6873,188,,6873,188,,6873,188,,6873,188,
101,2,Shade Frostalf Male Hair,6873,188,,6873,188,,6873,188,,6873,188,,6873,188,,6873,188,,6873,188,,6873,188,,6873,188,,6873,188,,6873,188,,6873,188,,6873,188,,6873,188,,6873,188,,6873,188,
101,3,Shade Frostalf Male Hair,6873,188,,6873,188,,6873,188,,6873,188,,6873,188,,6873,188,,6873,188,,6873,188,,6873,188,,6873,188,,6873,188,,6873,188,,6873,188,,6873,188,,6873,188,,6873,188,
101,4,Shade Frostalf Male Hair,6873,188,,6873,188,,6873,188,,6873,188,,6873,188,,6873,188,,6873,188,,6873,188,,6873,188,,6873,188,,6873,188,,6873,188,,6873,188,,6873,188,,6873,188,,6873,188,
103,1,Stone Frostalf Female Hair,6874,188,,6874,188,,6874,188,,6874,188,,6874,188,,6874,188,,6874,188,,6874,188,,6874,188,,6874,188,,6874,188,,6874,188,,6874,188,,6874,188,,6874,188,,6874,188,
103,2,Stone Frostalf Female Hair,6874,188,,6874,188,,6874,188,,6874,188,,6874,188,,6874,188,,6874,188,,6874,188,,6874,188,,6874,188,,6874,188,,6874,188,,6874,188,,6874,188,,6874,188,,6874,188,
103,3,Stone Frostalf Female Hair,6874,188,,6874,188,,6874,188,,6874,188,,6874,188,,6874,188,,6874,188,,6874,188,,6874,188,,6874,188,,6874,188,,6874,188,,6874,188,,6874,188,,6874,188,,6874,188,
103,4,Stone Frostalf Female Hair,6874,188,,6874,188,,6874,188,,6874,188,,6874,188,,6874,188,,6874,188,,6874,188,,6874,188,,6874,188,,6874,188,,6874,188,,6874,188,,6874,188,,6874,188,,6874,188,
104,1,Shade Frostalf Female Hair,6873,188,,6873,188,,6873,188,,6873,188,,6873,188,,6873,188,,6873,188,,6873,188,,6873,188,,6873,188,,6873,188,,6873,188,,6873,188,,6873,188,,6873,188,,6873,188,
104,2,Shade Frostalf Female Hair,6873,188,,6873,188,,6873,188,,6873,188,,6873,188,,6873,188,,6873,188,,6873,188,,6873,188,,6873,188,,6873,188,,6873,188,,6873,188,,6873,188,,6873,188,,6873,188,
104,3,Shade Frostalf Female Hair,6873,188,,6873,188,,6873,188,,6873,188,,6873,188,,6873,188,,6873,188,,6873,188,,6873,188,,6873,188,,6873,188,,6873,188,,6873,188,,6873,188,,6873,188,,6873,188,
104,4,Shade Frostalf Female Hair,6873,188,,6873,188,,6873,188,,6873,188,,6873,188,,6873,188,,6873,188,,6873,188,,6873,188,,6873,188,,6873,188,,6873,188,,6873,188,,6873,188,,6873,188,,6873,188,
106,1,Stone  Dwarf Male Hair,6874,188,,6874,188,,6874,188,,6874,188,,6874,188,,6874,188,,6874,188,,6874,188,,6874,188,,6874,188,,6874,188,,6874,188,,6874,188,,6874,188,,6874,188,,6874,188,
106,2,Stone  Dwarf Male Hair,6874,188,,6874,188,,6874,188,,6874,188,,6874,188,,6874,188,,6874,188,,6874,188,,6874,188,,6874,188,,6874,188,,6874,188,,6874,188,,6874,188,,6874,188,,6874,188,
106,3,Stone  Dwarf Male Hair,6874,188,,6874,188,,6874,188,,6874,188,,6874,188,,6874,188,,6874,188,,6874,188,,6874,188,,6874,188,,6874,188,,6874,188,,6874,188,,6874,188,,6874,188,,6874,188,
106,4,Stone  Dwarf Male Hair,6874,188,,6874,188,,6874,188,,6874,188,,6874,188,,6874,188,,6874,188,,6874,188,,6874,188,,6874,188,,6874,188,,6874,188,,6874,188,,6874,188,,6874,188,,6874,188,
106,5,Stone  Dwarf Male Hair,6874,188,,6874,188,,6874,188,,6874,188,,6874,188,,6874,188,,6874,188,,6874,188,,6874,188,,6874,188,,6874,188,,6874,188,,6874,188,,6874,188,,6874,188,,6874,188,
106,6,Stone  Dwarf Male Hair,6874,188,,6874,188,,6874,188,,6874,188,,6874,188,,6874,188,,6874,188,,6874,188,,6874,188,,6874,188,,6874,188,,6874,188,,6874,188,,6874,188,,6874,188,,6874,188,
107,1,Shade  Dwarf Male Hair,6873,188,,6873,188,,6873,188,,6873,188,,6873,188,,6873,188,,6873,188,,6873,188,,6873,188,,6873,188,,6873,188,,6873,188,,6873,188,,6873,188,,6873,188,,6873,188,
107,2,Shade  Dwarf Male Hair,6873,188,,6873,188,,6873,188,,6873,188,,6873,188,,6873,188,,6873,188,,6873,188,,6873,188,,6873,188,,6873,188,,6873,188,,6873,188,,6873,188,,6873,188,,6873,188,
107,3,Shade  Dwarf Male Hair,6873,188,,6873,188,,6873,188,,6873,188,,6873,188,,6873,188,,6873,188,,6873,188,,6873,188,,6873,188,,6873,188,,6873,188,,6873,188,,6873,188,,6873,188,,6873,188,
107,4,Shade  Dwarf Male Hair,6873,188,,6873,188,,6873,188,,6873,188,,6873,188,,6873,188,,6873,188,,6873,188,,6873,188,,6873,188,,6873,188,,6873,188,,6873,188,,6873,188,,6873,188,,6873,188,
107,5,Shade  Dwarf Male Hair,6873,188,,6873,188,,6873,188,,6873,188,,6873,188,,6873,188,,6873,188,,6873,188,,6873,188,,6873,188,,6873,188,,6873,188,,6873,188,,6873,188,,6873,188,,6873,188,
107,6,Shade  Dwarf Male Hair,6873,188,,6873,188,,6873,188,,6873,188,,6873,188,,6873,188,,6873,188,,6873,188,,6873,188,,6873,188,,6873,188,,6873,188,,6873,188,,6873,188,,6873,188,,6873,188,
109,1,Stone  Dwarf Female Hair,6874,188,,6874,188,,6874,188,,6874,188,,6874,188,,6874,188,,6874,188,,6874,188,,6874,188,,6874,188,,6874,188,,6874,188,,6874,188,,6874,188,,6874,188,,6874,188,
109,2,Stone  Dwarf Female Hair,6874,188,,6874,188,,6874,188,,6874,188,,6874,188,,6874,188,,6874,188,,6874,188,,6874,188,,6874,188,,6874,188,,6874,188,,6874,188,,6874,188,,6874,188,,6874,188,
109,3,Stone  Dwarf Female Hair,6874,188,,6874,188,,6874,188,,6874,188,,6874,188,,6874,188,,6874,188,,6874,188,,6874,188,,6874,188,,6874,188,,6874,188,,6874,188,,6874,188,,6874,188,,6874,188,
109,4,Stone  Dwarf Female Hair,6874,188,,6874,188,,6874,188,,6874,188,,6874,188,,6874,188,,6874,188,,6874,188,,6874,188,,6874,188,,6874,188,,6874,188,,6874,188,,6874,188,,6874,188,,6874,188,
110,1,Shade  Dwarf Female Hair,6873,188,,6873,188,,6873,188,,6873,188,,6873,188,,6873,188,,6873,188,,6873,188,,6873,188,,6873,188,,6873,188,,6873,188,,6873,188,,6873,188,,6873,188,,6873,188,
110,2,Shade  Dwarf Female Hair,6873,188,,6873,188,,6873,188,,6873,188,,6873,188,,6873,188,,6873,188,,6873,188,,6873,188,,6873,188,,6873,188,,6873,188,,6873,188,,6873,188,,6873,188,,6873,188,
110,3,Shade  Dwarf Female Hair,6873,188,,6873,188,,6873,188,,6873,188,,6873,188,,6873,188,,6873,188,,6873,188,,6873,188,,6873,188,,6873,188,,6873,188,,6873,188,,6873,188,,6873,188,,6873,188,
110,4,Shade  Dwarf Female Hair,6873,188,,6873,188,,6873,188,,6873,188,,6873,188,,6873,188,,6873,188,,6873,188,,6873,188,,6873,188,,6873,188,,6873,188,,6873,188,,6873,188,,6873,188,,6873,188,
112,1,Stone Norse Male Hair,6874,188,,6874,188,,6874,188,,6874,188,,6874,188,,6874,188,,6874,188,,6874,188,,6874,188,,6874,188,,6874,188,,6874,188,,6874,188,,6874,188,,6874,188,,6874,188,
112,2,Stone Norse Male Hair,6874,188,,6874,188,,6874,188,,6874,188,,6874,188,,6874,188,,6874,188,,6874,188,,6874,188,,6874,188,,6874,188,,6874,188,,6874,188,,6874,188,,6874,188,,6874,188,
112,3,Stone Norse Male Hair,6874,188,,6874,188,,6874,188,,6874,188,,6874,188,,6874,188,,6874,188,,6874,188,,6874,188,,6874,188,,6874,188,,6874,188,,6874,188,,6874,188,,6874,188,,6874,188,
112,4,Stone Norse Male Hair,6874,188,,6874,188,,6874,188,,6874,188,,6874,188,,6874,188,,6874,188,,6874,188,,6874,188,,6874,188,,6874,188,,6874,188,,6874,188,,6874,188,,6874,188,,6874,188,
113,1,Shade Norse Male Hair,6873,188,,6873,188,,6873,188,,6873,188,,6873,188,,6873,188,,6873,188,,6873,188,,6873,188,,6873,188,,6873,188,,6873,188,,6873,188,,6873,188,,6873,188,,6873,188,
113,2,Shade Norse Male Hair,6873,188,,6873,188,,6873,188,,6873,188,,6873,188,,6873,188,,6873,188,,6873,188,,6873,188,,6873,188,,6873,188,,6873,188,,6873,188,,6873,188,,6873,188,,6873,188,
113,3,Shade Norse Male Hair,6873,188,,6873,188,,6873,188,,6873,188,,6873,188,,6873,188,,6873,188,,6873,188,,6873,188,,6873,188,,6873,188,,6873,188,,6873,188,,6873,188,,6873,188,,6873,188,
113,4,Shade Norse Male Hair,6873,188,,6873,188,,6873,188,,6873,188,,6873,188,,6873,188,,6873,188,,6873,188,,6873,188,,6873,188,,6873,188,,6873,188,,6873,188,,6873,188,,6873,188,,6873,188,
115,1,Stone Norse Female Hair,6874,188,,6874,188,,6874,188,,6874,188,,6874,188,,6874,188,,6874,188,,6874,188,,6874,188,,6874,188,,6874,188,,6874,188,,6874,188,,6874,188,,6874,188,,6874,188,
115,2,Stone Norse Female Hair,6874,188,,6874,188,,6874,188,,6874,188,,6874,188,,6874,188,,6874,188,,6874,188,,6874,188,,6874,188,,6874,188,,6874,188,,6874,188,,6874,188,,6874,188,,6874,188,
115,3,Stone Norse Female Hair,6874,188,,6874,188,,6874,188,,6874,188,,6874,188,,6874,188,,6874,188,,6874,188,,6874,188,,6874,188,,6874,188,,6874,188,,6874,188,,6874,188,,6874,188,,6874,188,
115,4,Stone Norse Female Hair,6874,188,,6874,188,,6874,188,,6874,188,,6874,188,,6874,188,,6874,188,,6874,188,,6874,188,,6874,188,,6874,188,,6874,188,,6874,188,,6874,188,,6874,188,,6874,188,
116,1,Shade Norse Female Hair,6873,188,,6873,188,,6873,188,,6873,188,,6873,188,,6873,188,,6873,188,,6873,188,,6873,188,,6873,188,,6873,188,,6873,188,,6873,188,,6873,188,,6873,188,,6873,188,
116,2,Shade Norse Female Hair,6873,188,,6873,188,,6873,188,,6873,188,,6873,188,,6873,188,,6873,188,,6873,188,,6873,188,,6873,188,,6873,188,,6873,188,,6873,188,,6873,188,,6873,188,,6873,188,
116,3,Shade Norse Female Hair,6873,188,,6873,188,,6873,188,,6873,188,,6873,188,,6873,188,,6873,188,,6873,188,,6873,188,,6873,188,,6873,188,,6873,188,,6873,188,,6873,188,,6873,188,,6873,188,
116,4,Shade Norse Female Hair,6873,188,,6873,188,,6873,188,,6873,188,,6873,188,,6873,188,,6873,188,,6873,188,,6873,188,,6873,188,,6873,188,,6873,188,,6873,188,,6873,188,,6873,188,,6873,188,
118,1,Stone Kobold Male Hair,6874,188,,6874,188,,6874,188,,6874,188,,6874,188,,6874,188,,6874,188,,6874,188,,6874,188,,6874,188,,6874,188,,6874,188,,6874,188,,6874,188,,6874,188,,6874,188,
118,2,Stone Kobold Male Hair,6874,188,,6874,188,,6874,188,,6874,188,,6874,188,,6874,188,,6874,188,,6874,188,,6874,188,,6874,188,,6874,188,,6874,188,,6874,188,,6874,188,,6874,188,,6874,188,
118,3,Stone Kobold Male Hair,6874,188,,6874,188,,6874,188,,6874,188,,6874,188,,6874,188,,6874,188,,6874,188,,6874,188,,6874,188,,6874,188,,6874,188,,6874,188,,6874,188,,6874,188,,6874,188,
118,4,Stone Kobold Male Hair,6874,188,,6874,188,,6874,188,,6874,188,,6874,188,,6874,188,,6874,188,,6874,188,,6874,188,,6874,188,,6874,188,,6874,188,,6874,188,,6874,188,,6874,188,,6874,188,
119,1,Shade Kobold Male Hair,6873,188,,6873,188,,6873,188,,6873,188,,6873,188,,6873,188,,6873,188,,6873,188,,6873,188,,6873,188,,6873,188,,6873,188,,6873,188,,6873,188,,6873,188,,6873,188,
119,2,Shade Kobold Male Hair,6873,188,,6873,188,,6873,188,,6873,188,,6873,188,,6873,188,,6873,188,,6873,188,,6873,188,,6873,188,,6873,188,,6873,188,,6873,188,,6873,188,,6873,188,,6873,188,
119,3,Shade Kobold Male Hair,6873,188,,6873,188,,6873,188,,6873,188,,6873,188,,6873,188,,6873,188,,6873,188,,6873,188,,6873,188,,6873,188,,6873,188,,6873,188,,6873,188,,6873,188,,6873,188,
119,4,Shade Kobold Male Hair,6873,188,,6873,188,,6873,188,,6873,188,,6873,188,,6873,188,,6873,188,,6873,188,,6873,188,,6873,188,,6873,188,,6873,188,,6873,188,,6873,188,,6873,188,,6873,188,
121,1,Stone Kobold Female Hair,6874,188,,6874,188,,6874,188,,6874,188,,6874,188,,6874,188,,6874,188,,6874,188,,6874,188,,6874,188,,6874,188,,6874,188,,6874,188,,6874,188,,6874,188,,6874,188,
121,2,Stone Kobold Female Hair,6874,188,,6874,188,,6874,188,,6874,188,,6874,188,,6874,188,,6874,188,,6874,188,,6874,188,,6874,188,,6874,188,,6874,188,,6874,188,,6874,188,,6874,188,,6874,188,
121,3,Stone Kobold Female Hair,6874,188,,6874,188,,6874,188,,6874,188,,6874,188,,6874,188,,6874,188,,6874,188,,6874,188,,6874,188,,6874,188,,6874,188,,6874,188,,6874,188,,6874,188,,6874,188,
121,4,Stone Kobold Female Hair,6874,188,,6874,188,,6874,188,,6874,188,,6874,188,,6874,188,,6874,188,,6874,188,,6874,188,,6874,188,,6874,188,,6874,188,,6874,188,,6874,188,,6874,188,,6874,188,
122,1,Shade Kobold Female Hair,6873,188,,6873,188,,6873,188,,6873,188,,6873,188,,6873,188,,6873,188,,6873,188,,6873,188,,6873,188,,6873,188,,6873,188,,6873,188,,6873,188,,6873,188,,6873,188,
122,2,Shade Kobold Female Hair,6873,188,,6873,188,,6873,188,,6873,188,,6873,188,,6873,188,,6873,188,,6873,188,,6873,188,,6873,188,,6873,188,,6873,188,,6873,188,,6873,188,,6873,188,,6873,188,
122,3,Shade Kobold Female Hair,6873,188,,6873,188,,6873,188,,6873,188,,6873,188,,6873,188,,6873,188,,6873,188,,6873,188,,6873,188,,6873,188,,6873,188,,6873,188,,6873,188,,6873,188,,6873,188,
122,4,Shade Kobold Female Hair,6873,188,,6873,188,,6873,188,,6873,188,,6873,188,,6873,188,,6873,188,,6873,188,,6873,188,,6873,188,,6873,188,,6873,188,,6873,188,,6873,188,,6873,188,,6873,188,
124,1,Stone Valkyn Male Hair,6874,188,,6874,188,,6874,188,,6874,188,,6874,188,,6874,188,,6874,188,,6874,188,,6874,188,,6874,188,,6874,188,,6874,188,,6874,188,,6874,188,,6874,188,,6874,188,
124,2,Stone Valkyn Male Hair,6874,188,,6874,188,,6874,188,,6874,188,,6874,188,,6874,188,,6874,188,,6874,188,,6874,188,,6874,188,,6874,188,,6874,188,,6874,188,,6874,188,,6874,188,,6874,188,
124,3,Stone Valkyn Male Hair,6874,188,,6874,188,,6874,188,,6874,188,,6874,188,,6874,188,,6874,188,,6874,188,,6874,188,,6874,188,,6874,188,,6874,188,,6874,188,,6874,188,,6874,188,,6874,188,
124,4,Stone Valkyn Male Hair,6874,188,,6874,188,,6874,188,,6874,188,,6874,188,,6874,188,,6874,188,,6874,188,,6874,188,,6874,188,,6874,188,,6874,188,,6874,188,,6874,188,,6874,188,,6874,188,
125,1,Shade Valkyn Male Hair,6873,188,,6873,188,,6873,188,,6873,188,,6873,188,,6873,188,,6873,188,,6873,188,,6873,188,,6873,188,,6873,188,,6873,188,,6873,188,,6873,188,,6873,188,,6873,188,
125,2,Shade Valkyn Male Hair,6873,188,,6873,188,,6873,188,,6873,188,,6873,188,,6873,188,,6873,188,,6873,188,,6873,188,,6873,188,,6873,188,,6873,188,,6873,188,,6873,188,,6873,188,,6873,188,
125,3,Shade Valkyn Male Hair,6873,188,,6873,188,,6873,188,,6873,188,,6873,188,,6873,188,,6873,188,,6873,188,,6873,188,,6873,188,,6873,188,,6873,188,,6873,188,,6873,188,,6873,188,,6873,188,
125,4,Shade Valkyn Male Hair,6873,188,,6873,188,,6873,188,,6873,188,,6873,188,,6873,188,,6873,188,,6873,188,,6873,188,,6873,188,,6873,188,,6873,188,,6873,188,,6873,188,,6873,188,,6873,188,
127,1,Stone Valkyn Female Hair,6874,188,,6874,188,,6874,188,,6874,188,,6874,188,,6874,188,,6874,188,,6874,188,,6874,188,,6874,188,,6874,188,,6874,188,,6874,188,,6874,188,,6874,188,,6874,188,
127,2,Stone Valkyn Female Hair,6874,188,,6874,188,,6874,188,,6874,188,,6874,188,,6874,188,,6874,188,,6874,188,,6874,188,,6874,188,,6874,188,,6874,188,,6874,188,,6874,188,,6874,188,,6874,188,
127,3,Stone Valkyn Female Hair,6874,188,,6874,188,,6874,188,,6874,188,,6874,188,,6874,188,,6874,188,,6874,188,,6874,188,,6874,188,,6874,188,,6874,188,,6874,188,,6874,188,,6874,188,,6874,188,
127,4,Stone Valkyn Female Hair,6874,188,,6874,188,,6874,188,,6874,188,,6874,188,,6874,188,,6874,188,,6874,188,,6874,188,,6874,188,,6874,188,,6874,188,,6874,188,,6874,188,,6874,188,,6874,188,
128,1,Shade Valkyn Female Hair,6873,188,,6873,188,,6873,188,,6873,188,,6873,188,,6873,188,,6873,188,,6873,188,,6873,188,,6873,188,,6873,188,,6873,188,,6873,188,,6873,188,,6873,188,,6873,188,
128,2,Shade Valkyn Female Hair,6873,188,,6873,188,,6873,188,,6873,188,,6873,188,,6873,188,,6873,188,,6873,188,,6873,188,,6873,188,,6873,188,,6873,188,,6873,188,,6873,188,,6873,188,,6873,188,
128,3,Shade Valkyn Female Hair,6873,188,,6873,188,,6873,188,,6873,188,,6873,188,,6873,188,,6873,188,,6873,188,,6873,188,,6873,188,,6873,188,,6873,188,,6873,188,,6873,188,,6873,188,,6873,188,
128,4,Shade Valkyn Female Hair,6873,188,,6873,188,,6873,188,,6873,188,,6873,188,,6873,188,,6873,188,,6873,188,,6873,188,,6873,188,,6873,188,,6873,188,,6873,188,,6873,188,,6873,188,,6873,188,
128,1,Shade Valkyn Female Hair,6873,188,,6873,188,,6873,188,,6873,188,,6873,188,,6873,188,,6873,188,,6873,188,,6873,188,,6873,188,,6873,188,,6873,188,,6873,188,,6873,188,,6873,188,,6873,188,
130,1,Stone Troll Male Hair,6874,188,,6874,188,,6874,188,,6874,188,,6874,188,,6874,188,,6874,188,,6874,188,,6874,188,,6874,188,,6874,188,,6874,188,,6874,188,,6874,188,,6874,188,,6874,188,
131,1,Shade Troll Male Hair,6873,188,,6873,188,,6873,188,,6873,188,,6873,188,,6873,188,,6873,188,,6873,188,,6873,188,,6873,188,,6873,188,,6873,188,,6873,188,,6873,188,,6873,188,,6873,188,
133,1,Stone Troll Female Hair,6874,188,,6874,188,,6874,188,,6874,188,,6874,188,,6874,188,,6874,188,,6874,188,,6874,188,,6874,188,,6874,188,,6874,188,,6874,188,,6874,188,,6874,188,,6874,188,
134,1,Shade Troll Female Hair,6873,188,,6873,188,,6873,188,,6873,188,,6873,188,,6873,188,,6873,188,,6873,188,,6873,188,,6873,188,,6873,188,,6873,188,,6873,188,,6873,188,,6873,188,,6873,188,
136,1,Stone Celt Male Hair,6874,188,,6874,188,,6874,188,,6874,188,,6874,188,,6874,188,,6874,188,,6874,188,,6874,188,,6874,188,,6874,188,,6874,188,,6874,188,,6874,188,,6874,188,,6874,188,
136,2,Stone Celt Male Hair,6874,188,,6874,188,,6874,188,,6874,188,,6874,188,,6874,188,,6874,188,,6874,188,,6874,188,,6874,188,,6874,188,,6874,188,,6874,188,,6874,188,,6874,188,,6874,188,
136,3,Stone Celt Male Hair,6874,188,,6874,188,,6874,188,,6874,188,,6874,188,,6874,188,,6874,188,,6874,188,,6874,188,,6874,188,,6874,188,,6874,188,,6874,188,,6874,188,,6874,188,,6874,188,
136,4,Stone Celt Male Hair,6874,188,,6874,188,,6874,188,,6874,188,,6874,188,,6874,188,,6874,188,,6874,188,,6874,188,,6874,188,,6874,188,,6874,188,,6874,188,,6874,188,,6874,188,,6874,188,
136,5,Stone Celt Male Hair,6874,188,,6874,188,,6874,188,,6874,188,,6874,188,,6874,188,,6874,188,,6874,188,,6874,188,,6874,188,,6874,188,,6874,188,,6874,188,,6874,188,,6874,188,,6874,188,
136,6,Stone Celt Male Hair,6874,188,,6874,188,,6874,188,,6874,188,,6874,188,,6874,188,,6874,188,,6874,188,,6874,188,,6874,188,,6874,188,,6874,188,,6874,188,,6874,188,,6874,188,,6874,188,
136,7,Stone Celt Male Hair,6874,188,,6874,188,,6874,188,,6874,188,,6874,188,,6874,188,,6874,188,,6874,188,,6874,188,,6874,188,,6874,188,,6874,188,,6874,188,,6874,188,,6874,188,,6874,188,
136,8,Stone Celt Male Hair,6874,188,,6874,188,,6874,188,,6874,188,,6874,188,,6874,188,,6874,188,,6874,188,,6874,188,,6874,188,,6874,188,,6874,188,,6874,188,,6874,188,,6874,188,,6874,188,
137,1,Shade Celt Male Hair,6873,188,,6873,188,,6873,188,,6873,188,,6873,188,,6873,188,,6873,188,,6873,188,,6873,188,,6873,188,,6873,188,,6873,188,,6873,188,,6873,188,,6873,188,,6873,188,
137,2,Shade Celt Male Hair,6873,188,,6873,188,,6873,188,,6873,188,,6873,188,,6873,188,,6873,188,,6873,188,,6873,188,,6873,188,,6873,188,,6873,188,,6873,188,,6873,188,,6873,188,,6873,188,
137,3,Shade Celt Male Hair,6873,188,,6873,188,,6873,188,,6873,188,,6873,188,,6873,188,,6873,188,,6873,188,,6873,188,,6873,188,,6873,188,,6873,188,,6873,188,,6873,188,,6873,188,,6873,188,
137,4,Shade Celt Male Hair,6873,188,,6873,188,,6873,188,,6873,188,,6873,188,,6873,188,,6873,188,,6873,188,,6873,188,,6873,188,,6873,188,,6873,188,,6873,188,,6873,188,,6873,188,,6873,188,
137,5,Shade Celt Male Hair,6873,188,,6873,188,,6873,188,,6873,188,,6873,188,,6873,188,,6873,188,,6873,188,,6873,188,,6873,188,,6873,188,,6873,188,,6873,188,,6873,188,,6873,188,,6873,188,
137,6,Shade Celt Male Hair,6873,188,,6873,188,,6873,188,,6873,188,,6873,188,,6873,188,,6873,188,,6873,188,,6873,188,,6873,188,,6873,188,,6873,188,,6873,188,,6873,188,,6873,188,,6873,188,
137,7,Shade Celt Male Hair,6873,188,,6873,188,,6873,188,,6873,188,,6873,188,,6873,188,,6873,188,,6873,188,,6873,188,,6873,188,,6873,188,,6873,188,,6873,188,,6873,188,,6873,188,,6873,188,
137,8,Shade Celt Male Hair,6873,188,,6873,188,,6873,188,,6873,188,,6873,188,,6873,188,,6873,188,,6873,188,,6873,188,,6873,188,,6873,188,,6873,188,,6873,188,,6873,188,,6873,188,,6873,188,
139,1,Stone Celt Female Hair,6874,188,,6874,188,,6874,188,,6874,188,,6874,188,,6874,188,,6874,188,,6874,188,,6874,188,,6874,188,,6874,188,,6874,188,,6874,188,,6874,188,,6874,188,,6874,188,
139,2,Stone Celt Female Hair,6874,188,,6874,188,,6874,188,,6874,188,,6874,188,,6874,188,,6874,188,,6874,188,,6874,188,,6874,188,,6874,188,,6874,188,,6874,188,,6874,188,,6874,188,,6874,188,
139,3,Stone Celt Female Hair,6874,188,,6874,188,,6874,188,,6874,188,,6874,188,,6874,188,,6874,188,,6874,188,,6874,188,,6874,188,,6874,188,,6874,188,,6874,188,,6874,188,,6874,188,,6874,188,
139,4,Stone Celt Female Hair,6874,188,,6874,188,,6874,188,,6874,188,,6874,188,,6874,188,,6874,188,,6874,188,,6874,188,,6874,188,,6874,188,,6874,188,,6874,188,,6874,188,,6874,188,,6874,188,
139,5,Stone Celt Female Hair,6874,188,,6874,188,,6874,188,,6874,188,,6874,188,,6874,188,,6874,188,,6874,188,,6874,188,,6874,188,,6874,188,,6874,188,,6874,188,,6874,188,,6874,188,,6874,188,
140,1,Shade Celt Female Hair,6873,188,,6873,188,,6873,188,,6873,188,,6873,188,,6873,188,,6873,188,,6873,188,,6873,188,,6873,188,,6873,188,,6873,188,,6873,188,,6873,188,,6873,188,,6873,188,
140,2,Shade Celt Female Hair,6873,188,,6873,188,,6873,188,,6873,188,,6873,188,,6873,188,,6873,188,,6873,188,,6873,188,,6873,188,,6873,188,,6873,188,,6873,188,,6873,188,,6873,188,,6873,188,
140,3,Shade Celt Female Hair,6873,188,,6873,188,,6873,188,,6873,188,,6873,188,,6873,188,,6873,188,,6873,188,,6873,188,,6873,188,,6873,188,,6873,188,,6873,188,,6873,188,,6873,188,,6873,188,
140,4,Shade Celt Female Hair,6873,188,,6873,188,,6873,188,,6873,188,,6873,188,,6873,188,,6873,188,,6873,188,,6873,188,,6873,188,,6873,188,,6873,188,,6873,188,,6873,188,,6873,188,,6873,188,
140,5,Shade Celt Female Hair,6873,188,,6873,188,,6873,188,,6873,188,,6873,188,,6873,188,,6873,188,,6873,188,,6873,188,,6873,188,,6873,188,,6873,188,,6873,188,,6873,188,,6873,188,,6873,188,
142,1,Stone Elf Male Hair,6874,188,,6874,188,,6874,188,,6874,188,,6874,188,,6874,188,,6874,188,,6874,188,,6874,188,,6874,188,,6874,188,,6874,188,,6874,188,,6874,188,,6874,188,,6874,188,
142,2,Stone Elf Male Hair,6874,188,,6874,188,,6874,188,,6874,188,,6874,188,,6874,188,,6874,188,,6874,188,,6874,188,,6874,188,,6874,188,,6874,188,,6874,188,,6874,188,,6874,188,,6874,188,
142,3,Stone Elf Male Hair,6874,188,,6874,188,,6874,188,,6874,188,,6874,188,,6874,188,,6874,188,,6874,188,,6874,188,,6874,188,,6874,188,,6874,188,,6874,188,,6874,188,,6874,188,,6874,188,
142,4,Stone Elf Male Hair,6874,188,,6874,188,,6874,188,,6874,188,,6874,188,,6874,188,,6874,188,,6874,188,,6874,188,,6874,188,,6874,188,,6874,188,,6874,188,,6874,188,,6874,188,,6874,188,
143,1,Shade Elf Male Hair,6873,188,,6873,188,,6873,188,,6873,188,,6873,188,,6873,188,,6873,188,,6873,188,,6873,188,,6873,188,,6873,188,,6873,188,,6873,188,,6873,188,,6873,188,,6873,188,
143,2,Shade Elf Male Hair,6873,188,,6873,188,,6873,188,,6873,188,,6873,188,,6873,188,,6873,188,,6873,188,,6873,188,,6873,188,,6873,188,,6873,188,,6873,188,,6873,188,,6873,188,,6873,188,
143,3,Shade Elf Male Hair,6873,188,,6873,188,,6873,188,,6873,188,,6873,188,,6873,188,,6873,188,,6873,188,,6873,188,,6873,188,,6873,188,,6873,188,,6873,188,,6873,188,,6873,188,,6873,188,
143,4,Shade Elf Male Hair,6873,188,,6873,188,,6873,188,,6873,188,,6873,188,,6873,188,,6873,188,,6873,188,,6873,188,,6873,188,,6873,188,,6873,188,,6873,188,,6873,188,,6873,188,,6873,188,
145,1,Stone Elf Female Hair,6874,188,,6874,188,,6874,188,,6874,188,,6874,188,,6874,188,,6874,188,,6874,188,,6874,188,,6874,188,,6874,188,,6874,188,,6874,188,,6874,188,,6874,188,,6874,188,
145,2,Stone Elf Female Hair,6874,188,,6874,188,,6874,188,,6874,188,,6874,188,,6874,188,,6874,188,,6874,188,,6874,188,,6874,188,,6874,188,,6874,188,,6874,188,,6874,188,,6874,188,,6874,188,
145,3,Stone Elf Female Hair,6874,188,,6874,188,,6874,188,,6874,188,,6874,188,,6874,188,,6874,188,,6874,188,,6874,188,,6874,188,,6874,188,,6874,188,,6874,188,,6874,188,,6874,188,,6874,188,
145,4,Stone Elf Female Hair,6874,188,,6874,188,,6874,188,,6874,188,,6874,188,,6874,188,,6874,188,,6874,188,,6874,188,,6874,188,,6874,188,,6874,188,,6874,188,,6874,188,,6874,188,,6874,188,
146,1,Shade Elf Female Hair,6873,188,,6873,188,,6873,188,,6873,188,,6873,188,,6873,188,,6873,188,,6873,188,,6873,188,,6873,188,,6873,188,,6873,188,,6873,188,,6873,188,,6873,188,,6873,188,
146,2,Shade Elf Female Hair,6873,188,,6873,188,,6873,188,,6873,188,,6873,188,,6873,188,,6873,188,,6873,188,,6873,188,,6873,188,,6873,188,,6873,188,,6873,188,,6873,188,,6873,188,,6873,188,
146,3,Shade Elf Female Hair,6873,188,,6873,188,,6873,188,,6873,188,,6873,188,,6873,188,,6873,188,,6873,188,,6873,188,,6873,188,,6873,188,,6873,188,,6873,188,,6873,188,,6873,188,,6873,188,
146,4,Shade Elf Female Hair,6873,188,,6873,188,,6873,188,,6873,188,,6873,188,,6873,188,,6873,188,,6873,188,,6873,188,,6873,188,,6873,188,,6873,188,,6873,188,,6873,188,,6873,188,,6873,188,
148,1,Stone Firbolg Male Hair,6874,188,,6874,188,,6874,188,,6874,188,,6874,188,,6874,188,,6874,188,,6874,188,,6874,188,,6874,188,,6874,188,,6874,188,,6874,188,,6874,188,,6874,188,,6874,188,
148,2,Stone Firbolg Male Hair,6874,188,,6874,188,,6874,188,,6874,188,,6874,188,,6874,188,,6874,188,,6874,188,,6874,188,,6874,188,,6874,188,,6874,188,,6874,188,,6874,188,,6874,188,,6874,188,
148,3,Stone Firbolg Male Hair,6874,188,,6874,188,,6874,188,,6874,188,,6874,188,,6874,188,,6874,188,,6874,188,,6874,188,,6874,188,,6874,188,,6874,188,,6874,188,,6874,188,,6874,188,,6874,188,
148,4,Stone Firbolg Male Hair,6874,188,,6874,188,,6874,188,,6874,188,,6874,188,,6874,188,,6874,188,,6874,188,,6874,188,,6874,188,,6874,188,,6874,188,,6874,188,,6874,188,,6874,188,,6874,188,
148,5,Stone Firbolg Male Hair,6874,188,,6874,188,,6874,188,,6874,188,,6874,188,,6874,188,,6874,188,,6874,188,,6874,188,,6874,188,,6874,188,,6874,188,,6874,188,,6874,188,,6874,188,,6874,188,
148,6,Stone Firbolg Male Hair,6874,188,,6874,188,,6874,188,,6874,188,,6874,188,,6874,188,,6874,188,,6874,188,,6874,188,,6874,188,,6874,188,,6874,188,,6874,188,,6874,188,,6874,188,,6874,188,
148,7,Stone Firbolg Male Hair,6874,188,,6874,188,,6874,188,,6874,188,,6874,188,,6874,188,,6874,188,,6874,188,,6874,188,,6874,188,,6874,188,,6874,188,,6874,188,,6874,188,,6874,188,,6874,188,
148,8,Stone Firbolg Male Hair,6874,188,,6874,188,,6874,188,,6874,188,,6874,188,,6874,188,,6874,188,,6874,188,,6874,188,,6874,188,,6874,188,,6874,188,,6874,188,,6874,188,,6874,188,,6874,188,
149,1,Shade Firbolg Male Hair,6873,188,,6873,188,,6873,188,,6873,188,,6873,188,,6873,188,,6873,188,,6873,188,,6873,188,,6873,188,,6873,188,,6873,188,,6873,188,,6873,188,,6873,188,,6873,188,
149,2,Shade Firbolg Male Hair,6873,188,,6873,188,,6873,188,,6873,188,,6873,188,,6873,188,,6873,188,,6873,188,,6873,188,,6873,188,,6873,188,,6873,188,,6873,188,,6873,188,,6873,188,,6873,188,
149,3,Shade Firbolg Male Hair,6873,188,,6873,188,,6873,188,,6873,188,,6873,188,,6873,188,,6873,188,,6873,188,,6873,188,,6873,188,,6873,188,,6873,188,,6873,188,,6873,188,,6873,188,,6873,188,
149,4,Shade Firbolg Male Hair,6873,188,,6873,188,,6873,188,,6873,188,,6873,188,,6873,188,,6873,188,,6873,188,,6873,188,,6873,188,,6873,188,,6873,188,,6873,188,,6873,188,,6873,188,,6873,188,
149,5,Shade Firbolg Male Hair,6873,188,,6873,188,,6873,188,,6873,188,,6873,188,,6873,188,,6873,188,,6873,188,,6873,188,,6873,188,,6873,188,,6873,188,,6873,188,,6873,188,,6873,188,,6873,188,
149,6,Shade Firbolg Male Hair,6873,188,,6873,188,,6873,188,,6873,188,,6873,188,,6873,188,,6873,188,,6873,188,,6873,188,,6873,188,,6873,188,,6873,188,,6873,188,,6873,188,,6873,188,,6873,188,
149,7,Shade Firbolg Male Hair,6873,188,,6873,188,,6873,188,,6873,188,,6873,188,,6873,188,,6873,188,,6873,188,,6873,188,,6873,188,,6873,188,,6873,188,,6873,188,,6873,188,,6873,188,,6873,188,
149,8,Shade Firbolg Male Hair,6873,188,,6873,188,,6873,188,,6873,188,,6873,188,,6873,188,,6873,188,,6873,188,,6873,188,,6873,188,,6873,188,,6873,188,,6873,188,,6873,188,,6873,188,,6873,188,
151,1,Stone Firbolg Female Hair,6874,188,,6874,188,,6874,188,,6874,188,,6874,188,,6874,188,,6874,188,,6874,188,,6874,188,,6874,188,,6874,188,,6874,188,,6874,188,,6874,188,,6874,188,,6874,188,
151,2,Stone Firbolg Female Hair,6874,188,,6874,188,,6874,188,,6874,188,,6874,188,,6874,188,,6874,188,,6874,188,,6874,188,,6874,188,,6874,188,,6874,188,,6874,188,,6874,188,,6874,188,,6874,188,
151,3,Stone Firbolg Female Hair,6874,188,,6874,188,,6874,188,,6874,188,,6874,188,,6874,188,,6874,188,,6874,188,,6874,188,,6874,188,,6874,188,,6874,188,,6874,188,,6874,188,,6874,188,,6874,188,
151,4,Stone Firbolg Female Hair,6874,188,,6874,188,,6874,188,,6874,188,,6874,188,,6874,188,,6874,188,,6874,188,,6874,188,,6874,188,,6874,188,,6874,188,,6874,188,,6874,188,,6874,188,,6874,188,
152,1,Shade Firbolg Female Hair,6873,188,,6873,188,,6873,188,,6873,188,,6873,188,,6873,188,,6873,188,,6873,188,,6873,188,,6873,188,,6873,188,,6873,188,,6873,188,,6873,188,,6873,188,,6873,188,
152,2,Shade Firbolg Female Hair,6873,188,,6873,188,,6873,188,,6873,188,,6873,188,,6873,188,,6873,188,,6873,188,,6873,188,,6873,188,,6873,188,,6873,188,,6873,188,,6873,188,,6873,188,,6873,188,
152,3,Shade Firbolg Female Hair,6873,188,,6873,188,,6873,188,,6873,188,,6873,188,,6873,188,,6873,188,,6873,188,,6873,188,,6873,188,,6873,188,,6873,188,,6873,188,,6873,188,,6873,188,,6873,188,
152,4,Shade Firbolg Female Hair,6873,188,,6873,188,,6873,188,,6873,188,,6873,188,,6873,188,,6873,188,,6873,188,,6873,188,,6873,188,,6873,188,,6873,188,,6873,188,,6873,188,,6873,188,,6873,188,
154,1,Stone Shar Male Hair,6874,188,,6874,188,,6874,188,,6874,188,,6874,188,,6874,188,,6874,188,,6874,188,,6874,188,,6874,188,,6874,188,,6874,188,,6874,188,,6874,188,,6874,188,,6874,188,
154,2,Stone Shar Male Hair,6874,188,,6874,188,,6874,188,,6874,188,,6874,188,,6874,188,,6874,188,,6874,188,,6874,188,,6874,188,,6874,188,,6874,188,,6874,188,,6874,188,,6874,188,,6874,188,
154,3,Stone Shar Male Hair,6874,188,,6874,188,,6874,188,,6874,188,,6874,188,,6874,188,,6874,188,,6874,188,,6874,188,,6874,188,,6874,188,,6874,188,,6874,188,,6874,188,,6874,188,,6874,188,
154,4,Stone Shar Male Hair,6874,188,,6874,188,,6874,188,,6874,188,,6874,188,,6874,188,,6874,188,,6874,188,,6874,188,,6874,188,,6874,188,,6874,188,,6874,188,,6874,188,,6874,188,,6874,188,
154,5,Stone Shar Male Hair,6874,188,,6874,188,,6874,188,,6874,188,,6874,188,,6874,188,,6874,188,,6874,188,,6874,188,,6874,188,,6874,188,,6874,188,,6874,188,,6874,188,,6874,188,,6874,188,
155,1,Shade Shar Male Hair,6873,188,,6873,188,,6873,188,,6873,188,,6873,188,,6873,188,,6873,188,,6873,188,,6873,188,,6873,188,,6873,188,,6873,188,,6873,188,,6873,188,,6873,188,,6873,188,
155,2,Shade Shar Male Hair,6873,188,,6873,188,,6873,188,,6873,188,,6873,188,,6873,188,,6873,188,,6873,188,,6873,188,,6873,188,,6873,188,,6873,188,,6873,188,,6873,188,,6873,188,,6873,188,
155,3,Shade Shar Male Hair,6873,188,,6873,188,,6873,188,,6873,188,,6873,188,,6873,188,,6873,188,,6873,188,,6873,188,,6873,188,,6873,188,,6873,188,,6873,188,,6873,188,,6873,188,,6873,188,
155,4,Shade Shar Male Hair,6873,188,,6873,188,,6873,188,,6873,188,,6873,188,,6873,188,,6873,188,,6873,188,,6873,188,,6873,188,,6873,188,,6873,188,,6873,188,,6873,188,,6873,188,,6873,188,
155,5,Shade Shar Male Hair,6873,188,,6873,188,,6873,188,,6873,188,,6873,188,,6873,188,,6873,188,,6873,188,,6873,188,,6873,188,,6873,188,,6873,188,,6873,188,,6873,188,,6873,188,,6873,188,
157,1,Stone Shar Female Hair,6874,188,,6874,188,,6874,188,,6874,188,,6874,188,,6874,188,,6874,188,,6874,188,,6874,188,,6874,188,,6874,188,,6874,188,,6874,188,,6874,188,,6874,188,,6874,188,
157,2,Stone Shar Female Hair,6874,188,,6874,188,,6874,188,,6874,188,,6874,188,,6874,188,,6874,188,,6874,188,,6874,188,,6874,188,,6874,188,,6874,188,,6874,188,,6874,188,,6874,188,,6874,188,
157,3,Stone Shar Female Hair,6874,188,,6874,188,,6874,188,,6874,188,,6874,188,,6874,188,,6874,188,,6874,188,,6874,188,,6874,188,,6874,188,,6874,188,,6874,188,,6874,188,,6874,188,,6874,188,
157,4,Stone Shar Female Hair,6874,188,,6874,188,,6874,188,,6874,188,,6874,188,,6874,188,,6874,188,,6874,188,,6874,188,,6874,188,,6874,188,,6874,188,,6874,188,,6874,188,,6874,188,,6874,188,
158,1,Shade Shar Female Hair,6873,188,,6873,188,,6873,188,,6873,188,,6873,188,,6873,188,,6873,188,,6873,188,,6873,188,,6873,188,,6873,188,,6873,188,,6873,188,,6873,188,,6873,188,,6873,188,
158,2,Shade Shar Female Hair,6873,188,,6873,188,,6873,188,,6873,188,,6873,188,,6873,188,,6873,188,,6873,188,,6873,188,,6873,188,,6873,188,,6873,188,,6873,188,,6873,188,,6873,188,,6873,188,
158,3,Shade Shar Female Hair,6873,188,,6873,188,,6873,188,,6873,188,,6873,188,,6873,188,,6873,188,,6873,188,,6873,188,,6873,188,,6873,188,,6873,188,,6873,188,,6873,188,,6873,188,,6873,188,
158,4,Shade Shar Female Hair,6873,188,,6873,188,,6873,188,,6873,188,,6873,188,,6873,188,,6873,188,,6873,188,,6873,188,,6873,188,,6873,188,,6873,188,,6873,188,,6873,188,,6873,188,,6873,188,
160,1,Stone Sylvan Male Hair,6874,188,,6874,188,,6874,188,,6874,188,,6874,188,,6874,188,,6874,188,,6874,188,,6874,188,,6874,188,,6874,188,,6874,188,,6874,188,,6874,188,,6874,188,,6874,188,
160,2,Stone Sylvan Male Hair,6874,188,,6874,188,,6874,188,,6874,188,,6874,188,,6874,188,,6874,188,,6874,188,,6874,188,,6874,188,,6874,188,,6874,188,,6874,188,,6874,188,,6874,188,,6874,188,
160,3,Stone Sylvan Male Hair,6874,188,,6874,188,,6874,188,,6874,188,,6874,188,,6874,188,,6874,188,,6874,188,,6874,188,,6874,188,,6874,188,,6874,188,,6874,188,,6874,188,,6874,188,,6874,188,
160,4,Stone Sylvan Male Hair,6874,188,,6874,188,,6874,188,,6874,188,,6874,188,,6874,188,,6874,188,,6874,188,,6874,188,,6874,188,,6874,188,,6874,188,,6874,188,,6874,188,,6874,188,,6874,188,
160,5,Stone Sylvan Male Hair,6874,188,,6874,188,,6874,188,,6874,188,,6874,188,,6874,188,,6874,188,,6874,188,,6874,188,,6874,188,,6874,188,,6874,188,,6874,188,,6874,188,,6874,188,,6874,188,
160,6,Stone Sylvan Male Hair,6874,188,,6874,188,,6874,188,,6874,188,,6874,188,,6874,188,,6874,188,,6874,188,,6874,188,,6874,188,,6874,188,,6874,188,,6874,188,,6874,188,,6874,188,,6874,188,
161,1,Shade Sylvan Male Hair,6873,188,,6873,188,,6873,188,,6873,188,,6873,188,,6873,188,,6873,188,,6873,188,,6873,188,,6873,188,,6873,188,,6873,188,,6873,188,,6873,188,,6873,188,,6873,188,
161,2,Shade Sylvan Male Hair,6873,188,,6873,188,,6873,188,,6873,188,,6873,188,,6873,188,,6873,188,,6873,188,,6873,188,,6873,188,,6873,188,,6873,188,,6873,188,,6873,188,,6873,188,,6873,188,
161,3,Shade Sylvan Male Hair,6873,188,,6873,188,,6873,188,,6873,188,,6873,188,,6873,188,,6873,188,,6873,188,,6873,188,,6873,188,,6873,188,,6873,188,,6873,188,,6873,188,,6873,188,,6873,188,
161,4,Shade Sylvan Male Hair,6873,188,,6873,188,,6873,188,,6873,188,,6873,188,,6873,188,,6873,188,,6873,188,,6873,188,,6873,188,,6873,188,,6873,188,,6873,188,,6873,188,,6873,188,,6873,188,
161,5,Shade Sylvan Male Hair,6873,188,,6873,188,,6873,188,,6873,188,,6873,188,,6873,188,,6873,188,,6873,188,,6873,188,,6873,188,,6873,188,,6873,188,,6873,188,,6873,188,,6873,188,,6873,188,
161,6,Shade Sylvan Male Hair,6873,188,,6873,188,,6873,188,,6873,188,,6873,188,,6873,188,,6873,188,,6873,188,,6873,188,,6873,188,,6873,188,,6873,188,,6873,188,,6873,188,,6873,188,,6873,188,
163,1,Stone Sylvan Female Hair,6874,188,,6874,188,,6874,188,,6874,188,,6874,188,,6874,188,,6874,188,,6874,188,,6874,188,,6874,188,,6874,188,,6874,188,,6874,188,,6874,188,,6874,188,,6874,188,
163,2,Stone Sylvan Female Hair,6874,188,,6874,188,,6874,188,,6874,188,,6874,188,,6874,188,,6874,188,,6874,188,,6874,188,,6874,188,,6874,188,,6874,188,,6874,188,,6874,188,,6874,188,,6874,188,
163,3,Stone Sylvan Female Hair,6874,188,,6874,188,,6874,188,,6874,188,,6874,188,,6874,188,,6874,188,,6874,188,,6874,188,,6874,188,,6874,188,,6874,188,,6874,188,,6874,188,,6874,188,,6874,188,
163,4,Stone Sylvan Female Hair,6874,188,,6874,188,,6874,188,,6874,188,,6874,188,,6874,188,,6874,188,,6874,188,,6874,188,,6874,188,,6874,188,,6874,188,,6874,188,,6874,188,,6874,188,,6874,188,
164,1,Shade Sylvan Female Hair,6873,188,,6873,188,,6873,188,,6873,188,,6873,188,,6873,188,,6873,188,,6873,188,,6873,188,,6873,188,,6873,188,,6873,188,,6873,188,,6873,188,,6873,188,,6873,188,
164,2,Shade Sylvan Female Hair,6873,188,,6873,188,,6873,188,,6873,188,,6873,188,,6873,188,,6873,188,,6873,188,,6873,188,,6873,188,,6873,188,,6873,188,,6873,188,,6873,188,,6873,188,,6873,188,
164,3,Shade Sylvan Female Hair,6873,188,,6873,188,,6873,188,,6873,188,,6873,188,,6873,188,,6873,188,,6873,188,,6873,188,,6873,188,,6873,188,,6873,188,,6873,188,,6873,188,,6873,188,,6873,188,
164,4,Shade Sylvan Female Hair,6873,188,,6873,188,,6873,188,,6873,188,,6873,188,,6873,188,,6873,188,,6873,188,,6873,188,,6873,188,,6873,188,,6873,188,,6873,188,,6873,188,,6873,188,,6873,188,
164,1,Shade Sylvan Female Hair,6873,188,,6873,188,,6873,188,,6873,188,,6873,188,,6873,188,,6873,188,,6873,188,,6873,188,,6873,188,,6873,188,,6873,188,,6873,188,,6873,188,,6873,188,,6873,188,
164,2,Shade Sylvan Female Hair,6873,188,,6873,188,,6873,188,,6873,188,,6873,188,,6873,188,,6873,188,,6873,188,,6873,188,,6873,188,,6873,188,,6873,188,,6873,188,,6873,188,,6873,188,,6873,188,
164,3,Shade Sylvan Female Hair,6873,188,,6873,188,,6873,188,,6873,188,,6873,188,,6873,188,,6873,188,,6873,188,,6873,188,,6873,188,,6873,188,,6873,188,,6873,188,,6873,188,,6873,188,,6873,188,
164,4,Shade Sylvan Female Hair,6873,188,,6873,188,,6873,188,,6873,188,,6873,188,,6873,188,,6873,188,,6873,188,,6873,188,,6873,188,,6873,188,,6873,188,,6873,188,,6873,188,,6873,188,,6873,188,
166,1,Stone Lurikeen Male Hair,6874,188,,6874,188,,6874,188,,6874,188,,6874,188,,6874,188,,6874,188,,6874,188,,6874,188,,6874,188,,6874,188,,6874,188,,6874,188,,6874,188,,6874,188,,6874,188,
166,2,Stone Lurikeen Male Hair,6874,188,,6874,188,,6874,188,,6874,188,,6874,188,,6874,188,,6874,188,,6874,188,,6874,188,,6874,188,,6874,188,,6874,188,,6874,188,,6874,188,,6874,188,,6874,188,
166,3,Stone Lurikeen Male Hair,6874,188,,6874,188,,6874,188,,6874,188,,6874,188,,6874,188,,6874,188,,6874,188,,6874,188,,6874,188,,6874,188,,6874,188,,6874,188,,6874,188,,6874,188,,6874,188,
166,4,Stone Lurikeen Male Hair,6874,188,,6874,188,,6874,188,,6874,188,,6874,188,,6874,188,,6874,188,,6874,188,,6874,188,,6874,188,,6874,188,,6874,188,,6874,188,,6874,188,,6874,188,,6874,188,
166,5,Stone Lurikeen Male Hair,6874,188,,6874,188,,6874,188,,6874,188,,6874,188,,6874,188,,6874,188,,6874,188,,6874,188,,6874,188,,6874,188,,6874,188,,6874,188,,6874,188,,6874,188,,6874,188,
166,6,Stone Lurikeen Male Hair,6874,188,,6874,188,,6874,188,,6874,188,,6874,188,,6874,188,,6874,188,,6874,188,,6874,188,,6874,188,,6874,188,,6874,188,,6874,188,,6874,188,,6874,188,,6874,188,
166,7,Stone Lurikeen Male Hair,6874,188,,6874,188,,6874,188,,6874,188,,6874,188,,6874,188,,6874,188,,6874,188,,6874,188,,6874,188,,6874,188,,6874,188,,6874,188,,6874,188,,6874,188,,6874,188,
166,8,Stone Lurikeen Male Hair,6874,188,,6874,188,,6874,188,,6874,188,,6874,188,,6874,188,,6874,188,,6874,188,,6874,188,,6874,188,,6874,188,,6874,188,,6874,188,,6874,188,,6874,188,,6874,188,
167,1,Shade Lurikeen Male Hair,6873,188,,6873,188,,6873,188,,6873,188,,6873,188,,6873,188,,6873,188,,6873,188,,6873,188,,6873,188,,6873,188,,6873,188,,6873,188,,6873,188,,6873,188,,6873,188,
167,2,Shade Lurikeen Male Hair,6873,188,,6873,188,,6873,188,,6873,188,,6873,188,,6873,188,,6873,188,,6873,188,,6873,188,,6873,188,,6873,188,,6873,188,,6873,188,,6873,188,,6873,188,,6873,188,
167,3,Shade Lurikeen Male Hair,6873,188,,6873,188,,6873,188,,6873,188,,6873,188,,6873,188,,6873,188,,6873,188,,6873,188,,6873,188,,6873,188,,6873,188,,6873,188,,6873,188,,6873,188,,6873,188,
167,4,Shade Lurikeen Male Hair,6873,188,,6873,188,,6873,188,,6873,188,,6873,188,,6873,188,,6873,188,,6873,188,,6873,188,,6873,188,,6873,188,,6873,188,,6873,188,,6873,188,,6873,188,,6873,188,
167,5,Shade Lurikeen Male Hair,6873,188,,6873,188,,6873,188,,6873,188,,6873,188,,6873,188,,6873,188,,6873,188,,6873,188,,6873,188,,6873,188,,6873,188,,6873,188,,6873,188,,6873,188,,6873,188,
167,6,Shade Lurikeen Male Hair,6873,188,,6873,188,,6873,188,,6873,188,,6873,188,,6873,188,,6873,188,,6873,188,,6873,188,,6873,188,,6873,188,,6873,188,,6873,188,,6873,188,,6873,188,,6873,188,
167,7,Shade Lurikeen Male Hair,6873,188,,6873,188,,6873,188,,6873,188,,6873,188,,6873,188,,6873,188,,6873,188,,6873,188,,6873,188,,6873,188,,6873,188,,6873,188,,6873,188,,6873,188,,6873,188,
167,8,Shade Lurikeen Male Hair,6873,188,,6873,188,,6873,188,,6873,188,,6873,188,,6873,188,,6873,188,,6873,188,,6873,188,,6873,188,,6873,188,,6873,188,,6873,188,,6873,188,,6873,188,,6873,188,
169,1,Stone Lurikeen Female Hair,6874,188,,6874,188,,6874,188,,6874,188,,6874,188,,6874,188,,6874,188,,6874,188,,6874,188,,6874,188,,6874,188,,6874,188,,6874,188,,6874,188,,6874,188,,6874,188,
169,2,Stone Lurikeen Female Hair,6874,188,,6874,188,,6874,188,,6874,188,,6874,188,,6874,188,,6874,188,,6874,188,,6874,188,,6874,188,,6874,188,,6874,188,,6874,188,,6874,188,,6874,188,,6874,188,
169,3,Stone Lurikeen Female Hair,6874,188,,6874,188,,6874,188,,6874,188,,6874,188,,6874,188,,6874,188,,6874,188,,6874,188,,6874,188,,6874,188,,6874,188,,6874,188,,6874,188,,6874,188,,6874,188,
169,4,Stone Lurikeen Female Hair,6874,188,,6874,188,,6874,188,,6874,188,,6874,188,,6874,188,,6874,188,,6874,188,,6874,188,,6874,188,,6874,188,,6874,188,,6874,188,,6874,188,,6874,188,,6874,188,
170,1,Shade Lurikeen Female Hair,6873,188,,6873,188,,6873,188,,6873,188,,6873,188,,6873,188,,6873,188,,6873,188,,6873,188,,6873,188,,6873,188,,6873,188,,6873,188,,6873,188,,6873,188,,6873,188,
170,2,Shade Lurikeen Female Hair,6873,188,,6873,188,,6873,188,,6873,188,,6873,188,,6873,188,,6873,188,,6873,188,,6873,188,,6873,188,,6873,188,,6873,188,,6873,188,,6873,188,,6873,188,,6873,188,
170,3,Shade Lurikeen Female Hair,6873,188,,6873,188,,6873,188,,6873,188,,6873,188,,6873,188,,6873,188,,6873,188,,6873,188,,6873,188,,6873,188,,6873,188,,6873,188,,6873,188,,6873,188,,6873,188,
170,4,Shade Lurikeen Female Hair,6873,188,,6873,188,,6873,188,,6873,188,,6873,188,,6873,188,,6873,188,,6873,188,,6873,188,,6873,188,,6873,188,,6873,188,,6873,188,,6873,188,,6873,188,,6873,188,
176,1,Stone Alb Minotaur Hair,6874,188,,6874,188,,6874,188,,6874,188,,6874,188,,6874,188,,6874,188,,6874,188,,6874,188,,6874,188,,6874,188,,6874,188,,6874,188,,6874,188,,6874,188,,6874,188,
176,2,Stone Alb Minotaur Hair,6874,188,,6874,188,,6874,188,,6874,188,,6874,188,,6874,188,,6874,188,,6874,188,,6874,188,,6874,188,,6874,188,,6874,188,,6874,188,,6874,188,,6874,188,,6874,188,
176,3,Stone Alb Minotaur Hair,6874,188,,6874,188,,6874,188,,6874,188,,6874,188,,6874,188,,6874,188,,6874,188,,6874,188,,6874,188,,6874,188,,6874,188,,6874,188,,6874,188,,6874,188,,6874,188,
176,4,Stone Alb Minotaur Hair,6874,188,,6874,188,,6874,188,,6874,188,,6874,188,,6874,188,,6874,188,,6874,188,,6874,188,,6874,188,,6874,188,,6874,188,,6874,188,,6874,188,,6874,188,,6874,188,
176,5,Stone Alb Minotaur Hair,6874,188,,6874,188,,6874,188,,6874,188,,6874,188,,6874,188,,6874,188,,6874,188,,6874,188,,6874,188,,6874,188,,6874,188,,6874,188,,6874,188,,6874,188,,6874,188,
176,6,Stone Alb Minotaur Hair,6874,188,,6874,188,,6874,188,,6874,188,,6874,188,,6874,188,,6874,188,,6874,188,,6874,188,,6874,188,,6874,188,,6874,188,,6874,188,,6874,188,,6874,188,,6874,188,
176,7,Stone Alb Minotaur Hair,6874,188,,6874,188,,6874,188,,6874,188,,6874,188,,6874,188,,6874,188,,6874,188,,6874,188,,6874,188,,6874,188,,6874,188,,6874,188,,6874,188,,6874,188,,6874,188,
176,8,Stone Alb Minotaur Hair,6874,188,,6874,188,,6874,188,,6874,188,,6874,188,,6874,188,,6874,188,,6874,188,,6874,188,,6874,188,,6874,188,,6874,188,,6874,188,,6874,188,,6874,188,,6874,188,
176,9,Stone Alb Minotaur Hair,6874,188,,6874,188,,6874,188,,6874,188,,6874,188,,6874,188,,6874,188,,6874,188,,6874,188,,6874,188,,6874,188,,6874,188,,6874,188,,6874,188,,6874,188,,6874,188,
176,10,Stone Alb Minotaur Hair,6874,188,,6874,188,,6874,188,,6874,188,,6874,188,,6874,188,,6874,188,,6874,188,,6874,188,,6874,188,,6874,188,,6874,188,,6874,188,,6874,188,,6874,188,,6874,188,
177,1,Shade Albion Minotaur Hair,6873,188,,6873,188,,6873,188,,6873,188,,6873,188,,6873,188,,6873,188,,6873,188,,6873,188,,6873,188,,6873,188,,6873,188,,6873,188,,6873,188,,6873,188,,6873,188,
177,2,Shade Albion Minotaur Hair,6873,188,,6873,188,,6873,188,,6873,188,,6873,188,,6873,188,,6873,188,,6873,188,,6873,188,,6873,188,,6873,188,,6873,188,,6873,188,,6873,188,,6873,188,,6873,188,
177,3,Shade Albion Minotaur Hair,6873,188,,6873,188,,6873,188,,6873,188,,6873,188,,6873,188,,6873,188,,6873,188,,6873,188,,6873,188,,6873,188,,6873,188,,6873,188,,6873,188,,6873,188,,6873,188,
177,4,Shade Albion Minotaur Hair,6873,188,,6873,188,,6873,188,,6873,188,,6873,188,,6873,188,,6873,188,,6873,188,,6873,188,,6873,188,,6873,188,,6873,188,,6873,188,,6873,188,,6873,188,,6873,188,
177,5,Shade Albion Minotaur Hair,6873,188,,6873,188,,6873,188,,6873,188,,6873,188,,6873,188,,6873,188,,6873,188,,6873,188,,6873,188,,6873,188,,6873,188,,6873,188,,6873,188,,6873,188,,6873,188,
177,6,Shade Albion Minotaur Hair,6873,188,,6873,188,,6873,188,,6873,188,,6873,188,,6873,188,,6873,188,,6873,188,,6873,188,,6873,188,,6873,188,,6873,188,,6873,188,,6873,188,,6873,188,,6873,188,
177,7,Shade Albion Minotaur Hair,6873,188,,6873,188,,6873,188,,6873,188,,6873,188,,6873,188,,6873,188,,6873,188,,6873,188,,6873,188,,6873,188,,6873,188,,6873,188,,6873,188,,6873,188,,6873,188,
177,8,Shade Albion Minotaur Hair,6873,188,,6873,188,,6873,188,,6873,188,,6873,188,,6873,188,,6873,188,,6873,188,,6873,188,,6873,188,,6873,188,,6873,188,,6873,188,,6873,188,,6873,188,,6873,188,
177,9,Shade Albion Minotaur Hair,6873,188,,6873,188,,6873,188,,6873,188,,6873,188,,6873,188,,6873,188,,6873,188,,6873,188,,6873,188,,6873,188,,6873,188,,6873,188,,6873,188,,6873,188,,6873,188,
177,10,Shade Albion Minotaur Hair,6873,188,,6873,188,,6873,188,,6873,188,,6873,188,,6873,188,,6873,188,,6873,188,,6873,188,,6873,188,,6873,188,,6873,188,,6873,188,,6873,188,,6873,188,,6873,188,
178,1,Mummy Alb Minotaur Hair,6957,188,,6957,188,,6957,188,,6957,188,,6957,188,,6957,188,,6957,188,,6957,188,,6957,188,,6957,188,,6957,188,,6957,188,,6957,188,,6957,188,,6957,188,,6957,188,
178,2,Mummy Alb Minotaur Hair,6957,188,,6957,188,,6957,188,,6957,188,,6957,188,,6957,188,,6957,188,,6957,188,,6957,188,,6957,188,,6957,188,,6957,188,,6957,188,,6957,188,,6957,188,,6957,188,
178,3,Mummy Alb Minotaur Hair,6957,188,,6957,188,,6957,188,,6957,188,,6957,188,,6957,188,,6957,188,,6957,188,,6957,188,,6957,188,,6957,188,,6957,188,,6957,188,,6957,188,,6957,188,,6957,188,
178,4,Mummy Alb Minotaur Hair,6957,188,,6957,188,,6957,188,,6957,188,,6957,188,,6957,188,,6957,188,,6957,188,,6957,188,,6957,188,,6957,188,,6957,188,,6957,188,,6957,188,,6957,188,,6957,188,
178,5,Mummy Alb Minotaur Hair,6957,188,,6957,188,,6957,188,,6957,188,,6957,188,,6957,188,,6957,188,,6957,188,,6957,188,,6957,188,,6957,188,,6957,188,,6957,188,,6957,188,,6957,188,,6957,188,
178,6,Mummy Alb Minotaur Hair,6957,188,,6957,188,,6957,188,,6957,188,,6957,188,,6957,188,,6957,188,,6957,188,,6957,188,,6957,188,,6957,188,,6957,188,,6957,188,,6957,188,,6957,188,,6957,188,
178,7,Mummy Alb Minotaur Hair,6957,188,,6957,188,,6957,188,,6957,188,,6957,188,,6957,188,,6957,188,,6957,188,,6957,188,,6957,188,,6957,188,,6957,188,,6957,188,,6957,188,,6957,188,,6957,188,
178,8,Mummy Alb Minotaur Hair,6957,188,,6957,188,,6957,188,,6957,188,,6957,188,,6957,188,,6957,188,,6957,188,,6957,188,,6957,188,,6957,188,,6957,188,,6957,188,,6957,188,,6957,188,,6957,188,
178,9,Mummy Alb Minotaur Hair,6957,188,,6957,188,,6957,188,,6957,188,,6957,188,,6957,188,,6957,188,,6957,188,,6957,188,,6957,188,,6957,188,,6957,188,,6957,188,,6957,188,,6957,188,,6957,188,
178,10,Mummy Alb Minotaur Hair,6957,188,,6957,188,,6957,188,,6957,188,,6957,188,,6957,188,,6957,188,,6957,188,,6957,188,,6957,188,,6957,188,,6957,188,,6957,188,,6957,188,,6957,188,,6957,188,
179,1,Stone Mid Minotaur Hair,6874,188,,6874,188,,6874,188,,6874,188,,6874,188,,6874,188,,6874,188,,6874,188,,6874,188,,6874,188,,6874,188,,6874,188,,6874,188,,6874,188,,6874,188,,6874,188,
179,2,Stone Mid Minotaur Hair,6874,188,,6874,188,,6874,188,,6874,188,,6874,188,,6874,188,,6874,188,,6874,188,,6874,188,,6874,188,,6874,188,,6874,188,,6874,188,,6874,188,,6874,188,,6874,188,
179,3,Stone Mid Minotaur Hair,6874,188,,6874,188,,6874,188,,6874,188,,6874,188,,6874,188,,6874,188,,6874,188,,6874,188,,6874,188,,6874,188,,6874,188,,6874,188,,6874,188,,6874,188,,6874,188,
179,4,Stone Mid Minotaur Hair,6874,188,,6874,188,,6874,188,,6874,188,,6874,188,,6874,188,,6874,188,,6874,188,,6874,188,,6874,188,,6874,188,,6874,188,,6874,188,,6874,188,,6874,188,,6874,188,
179,5,Stone Mid Minotaur Hair,6874,188,,6874,188,,6874,188,,6874,188,,6874,188,,6874,188,,6874,188,,6874,188,,6874,188,,6874,188,,6874,188,,6874,188,,6874,188,,6874,188,,6874,188,,6874,188,
179,6,Stone Mid Minotaur Hair,6874,188,,6874,188,,6874,188,,6874,188,,6874,188,,6874,188,,6874,188,,6874,188,,6874,188,,6874,188,,6874,188,,6874,188,,6874,188,,6874,188,,6874,188,,6874,188,
179,7,Stone Mid Minotaur Hair,6874,188,,6874,188,,6874,188,,6874,188,,6874,188,,6874,188,,6874,188,,6874,188,,6874,188,,6874,188,,6874,188,,6874,188,,6874,188,,6874,188,,6874,188,,6874,188,
179,8,Stone Mid Minotaur Hair,6874,188,,6874,188,,6874,188,,6874,188,,6874,188,,6874,188,,6874,188,,6874,188,,6874,188,,6874,188,,6874,188,,6874,188,,6874,188,,6874,188,,6874,188,,6874,188,
179,9,Stone Mid Minotaur Hair,6874,188,,6874,188,,6874,188,,6874,188,,6874,188,,6874,188,,6874,188,,6874,188,,6874,188,,6874,188,,6874,188,,6874,188,,6874,188,,6874,188,,6874,188,,6874,188,
179,10,Stone Mid Minotaur Hair,6874,188,,6874,188,,6874,188,,6874,188,,6874,188,,6874,188,,6874,188,,6874,188,,6874,188,,6874,188,,6874,188,,6874,188,,6874,188,,6874,188,,6874,188,,6874,188,
180,1,Shade Mid Minotaur Hair,6873,188,,6873,188,,6873,188,,6873,188,,6873,188,,6873,188,,6873,188,,6873,188,,6873,188,,6873,188,,6873,188,,6873,188,,6873,188,,6873,188,,6873,188,,6873,188,
180,2,Shade Mid Minotaur Hair,6873,188,,6873,188,,6873,188,,6873,188,,6873,188,,6873,188,,6873,188,,6873,188,,6873,188,,6873,188,,6873,188,,6873,188,,6873,188,,6873,188,,6873,188,,6873,188,
180,3,Shade Mid Minotaur Hair,6873,188,,6873,188,,6873,188,,6873,188,,6873,188,,6873,188,,6873,188,,6873,188,,6873,188,,6873,188,,6873,188,,6873,188,,6873,188,,6873,188,,6873,188,,6873,188,
180,4,Shade Mid Minotaur Hair,6873,188,,6873,188,,6873,188,,6873,188,,6873,188,,6873,188,,6873,188,,6873,188,,6873,188,,6873,188,,6873,188,,6873,188,,6873,188,,6873,188,,6873,188,,6873,188,
180,5,Shade Mid Minotaur Hair,6873,188,,6873,188,,6873,188,,6873,188,,6873,188,,6873,188,,6873,188,,6873,188,,6873,188,,6873,188,,6873,188,,6873,188,,6873,188,,6873,188,,6873,188,,6873,188,
180,6,Shade Mid Minotaur Hair,6873,188,,6873,188,,6873,188,,6873,188,,6873,188,,6873,188,,6873,188,,6873,188,,6873,188,,6873,188,,6873,188,,6873,188,,6873,188,,6873,188,,6873,188,,6873,188,
180,7,Shade Mid Minotaur Hair,6873,188,,6873,188,,6873,188,,6873,188,,6873,188,,6873,188,,6873,188,,6873,188,,6873,188,,6873,188,,6873,188,,6873,188,,6873,188,,6873,188,,6873,188,,6873,188,
180,8,Shade Mid Minotaur Hair,6873,188,,6873,188,,6873,188,,6873,188,,6873,188,,6873,188,,6873,188,,6873,188,,6873,188,,6873,188,,6873,188,,6873,188,,6873,188,,6873,188,,6873,188,,6873,188,
180,9,Shade Mid Minotaur Hair,6873,188,,6873,188,,6873,188,,6873,188,,6873,188,,6873,188,,6873,188,,6873,188,,6873,188,,6873,188,,6873,188,,6873,188,,6873,188,,6873,188,,6873,188,,6873,188,
180,10,Shade Mid Minotaur Hair,6873,188,,6873,188,,6873,188,,6873,188,,6873,188,,6873,188,,6873,188,,6873,188,,6873,188,,6873,188,,6873,188,,6873,188,,6873,188,,6873,188,,6873,188,,6873,188,
181,1,Mummy Mid Minotaur Hair,6959,188,,6959,188,,6959,188,,6959,188,,6959,188,,6959,188,,6959,188,,6959,188,,6959,188,,6959,188,,6959,188,,6959,188,,6959,188,,6959,188,,6959,188,,6959,188,
181,2,Mummy Mid Minotaur Hair,6959,188,,6959,188,,6959,188,,6959,188,,6959,188,,6959,188,,6959,188,,6959,188,,6959,188,,6959,188,,6959,188,,6959,188,,6959,188,,6959,188,,6959,188,,6959,188,
181,3,Mummy Mid Minotaur Hair,6959,188,,6959,188,,6959,188,,6959,188,,6959,188,,6959,188,,6959,188,,6959,188,,6959,188,,6959,188,,6959,188,,6959,188,,6959,188,,6959,188,,6959,188,,6959,188,
181,4,Mummy Mid Minotaur Hair,6959,188,,6959,188,,6959,188,,6959,188,,6959,188,,6959,188,,6959,188,,6959,188,,6959,188,,6959,188,,6959,188,,6959,188,,6959,188,,6959,188,,6959,188,,6959,188,
181,5,Mummy Mid Minotaur Hair,6959,188,,6959,188,,6959,188,,6959,188,,6959,188,,6959,188,,6959,188,,6959,188,,6959,188,,6959,188,,6959,188,,6959,188,,6959,188,,6959,188,,6959,188,,6959,188,
181,6,Mummy Mid Minotaur Hair,6959,188,,6959,188,,6959,188,,6959,188,,6959,188,,6959,188,,6959,188,,6959,188,,6959,188,,6959,188,,6959,188,,6959,188,,6959,188,,6959,188,,6959,188,,6959,188,
181,7,Mummy Mid Minotaur Hair,6959,188,,6959,188,,6959,188,,6959,188,,6959,188,,6959,188,,6959,188,,6959,188,,6959,188,,6959,188,,6959,188,,6959,188,,6959,188,,6959,188,,6959,188,,6959,188,
181,8,Mummy Mid Minotaur Hair,6959,188,,6959,188,,6959,188,,6959,188,,6959,188,,6959,188,,6959,188,,6959,188,,6959,188,,6959,188,,6959,188,,6959,188,,6959,188,,6959,188,,6959,188,,6959,188,
181,9,Mummy Mid Minotaur Hair,6959,188,,6959,188,,6959,188,,6959,188,,6959,188,,6959,188,,6959,188,,6959,188,,6959,188,,6959,188,,6959,188,,6959,188,,6959,188,,6959,188,,6959,188,,6959,188,
181,10,Mummy Mid Minotaur Hair,6959,188,,6959,188,,6959,188,,6959,188,,6959,188,,6959,188,,6959,188,,6959,188,,6959,188,,6959,188,,6959,188,,6959,188,,6959,188,,6959,188,,6959,188,,6959,188,
182,1,Stone Hib Minotaur Hair,6874,188,,6874,188,,6874,188,,6874,188,,6874,188,,6874,188,,6874,188,,6874,188,,6874,188,,6874,188,,6874,188,,6874,188,,6874,188,,6874,188,,6874,188,,6874,188,
182,2,Stone Hib Minotaur Hair,6874,188,,6874,188,,6874,188,,6874,188,,6874,188,,6874,188,,6874,188,,6874,188,,6874,188,,6874,188,,6874,188,,6874,188,,6874,188,,6874,188,,6874,188,,6874,188,
182,3,Stone Hib Minotaur Hair,6874,188,,6874,188,,6874,188,,6874,188,,6874,188,,6874,188,,6874,188,,6874,188,,6874,188,,6874,188,,6874,188,,6874,188,,6874,188,,6874,188,,6874,188,,6874,188,
182,4,Stone Hib Minotaur Hair,6874,188,,6874,188,,6874,188,,6874,188,,6874,188,,6874,188,,6874,188,,6874,188,,6874,188,,6874,188,,6874,188,,6874,188,,6874,188,,6874,188,,6874,188,,6874,188,
182,5,Stone Hib Minotaur Hair,6874,188,,6874,188,,6874,188,,6874,188,,6874,188,,6874,188,,6874,188,,6874,188,,6874,188,,6874,188,,6874,188,,6874,188,,6874,188,,6874,188,,6874,188,,6874,188,
182,6,Stone Hib Minotaur Hair,6874,188,,6874,188,,6874,188,,6874,188,,6874,188,,6874,188,,6874,188,,6874,188,,6874,188,,6874,188,,6874,188,,6874,188,,6874,188,,6874,188,,6874,188,,6874,188,
182,7,Stone Hib Minotaur Hair,6874,188,,6874,188,,6874,188,,6874,188,,6874,188,,6874,188,,6874,188,,6874,188,,6874,188,,6874,188,,6874,188,,6874,188,,6874,188,,6874,188,,6874,188,,6874,188,
182,8,Stone Hib Minotaur Hair,6874,188,,6874,188,,6874,188,,6874,188,,6874,188,,6874,188,,6874,188,,6874,188,,6874,188,,6874,188,,6874,188,,6874,188,,6874,188,,6874,188,,6874,188,,6874,188,
182,9,Stone Hib Minotaur Hair,6874,188,,6874,188,,6874,188,,6874,188,,6874,188,,6874,188,,6874,188,,6874,188,,6874,188,,6874,188,,6874,188,,6874,188,,6874,188,,6874,188,,6874,188,,6874,188,
182,10,Stone Hib Minotaur Hair,6874,188,,6874,188,,6874,188,,6874,188,,6874,188,,6874,188,,6874,188,,6874,188,,6874,188,,6874,188,,6874,188,,6874,188,,6874,188,,6874,188,,6874,188,,6874,188,
183,1,Shade Hib Minotaur Hair,6873,188,,6873,188,,6873,188,,6873,188,,6873,188,,6873,188,,6873,188,,6873,188,,6873,188,,6873,188,,6873,188,,6873,188,,6873,188,,6873,188,,6873,188,,6873,188,
183,2,Shade Hib Minotaur Hair,6873,188,,6873,188,,6873,188,,6873,188,,6873,188,,6873,188,,6873,188,,6873,188,,6873,188,,6873,188,,6873,188,,6873,188,,6873,188,,6873,188,,6873,188,,6873,188,
183,3,Shade Hib Minotaur Hair,6873,188,,6873,188,,6873,188,,6873,188,,6873,188,,6873,188,,6873,188,,6873,188,,6873,188,,6873,188,,6873,188,,6873,188,,6873,188,,6873,188,,6873,188,,6873,188,
183,4,Shade Hib Minotaur Hair,6873,188,,6873,188,,6873,188,,6873,188,,6873,188,,6873,188,,6873,188,,6873,188,,6873,188,,6873,188,,6873,188,,6873,188,,6873,188,,6873,188,,6873,188,,6873,188,
183,5,Shade Hib Minotaur Hair,6873,188,,6873,188,,6873,188,,6873,188,,6873,188,,6873,188,,6873,188,,6873,188,,6873,188,,6873,188,,6873,188,,6873,188,,6873,188,,6873,188,,6873,188,,6873,188,
183,6,Shade Hib Minotaur Hair,6873,188,,6873,188,,6873,188,,6873,188,,6873,188,,6873,188,,6873,188,,6873,188,,6873,188,,6873,188,,6873,188,,6873,188,,6873,188,,6873,188,,6873,188,,6873,188,
183,7,Shade Hib Minotaur Hair,6873,188,,6873,188,,6873,188,,6873,188,,6873,188,,6873,188,,6873,188,,6873,188,,6873,188,,6873,188,,6873,188,,6873,188,,6873,188,,6873,188,,6873,188,,6873,188,
183,8,Shade Hib Minotaur Hair,6873,188,,6873,188,,6873,188,,6873,188,,6873,188,,6873,188,,6873,188,,6873,188,,6873,188,,6873,188,,6873,188,,6873,188,,6873,188,,6873,188,,6873,188,,6873,188,
183,9,Shade Hib Minotaur Hair,6873,188,,6873,188,,6873,188,,6873,188,,6873,188,,6873,188,,6873,188,,6873,188,,6873,188,,6873,188,,6873,188,,6873,188,,6873,188,,6873,188,,6873,188,,6873,188,
183,10,Shade Hib Minotaur Hair,6873,188,,6873,188,,6873,188,,6873,188,,6873,188,,6873,188,,6873,188,,6873,188,,6873,188,,6873,188,,6873,188,,6873,188,,6873,188,,6873,188,,6873,188,,6873,188,
184,1,Mummy Hib Minotaur Hair,6958,188,,6958,188,,6958,188,,6958,188,,6958,188,,6958,188,,6958,188,,6958,188,,6958,188,,6958,188,,6958,188,,6958,188,,6958,188,,6958,188,,6958,188,,6958,188,
184,2,Mummy Hib Minotaur Hair,6958,188,,6958,188,,6958,188,,6958,188,,6958,188,,6958,188,,6958,188,,6958,188,,6958,188,,6958,188,,6958,188,,6958,188,,6958,188,,6958,188,,6958,188,,6958,188,
184,3,Mummy Hib Minotaur Hair,6958,188,,6958,188,,6958,188,,6958,188,,6958,188,,6958,188,,6958,188,,6958,188,,6958,188,,6958,188,,6958,188,,6958,188,,6958,188,,6958,188,,6958,188,,6958,188,
184,4,Mummy Hib Minotaur Hair,6958,188,,6958,188,,6958,188,,6958,188,,6958,188,,6958,188,,6958,188,,6958,188,,6958,188,,6958,188,,6958,188,,6958,188,,6958,188,,6958,188,,6958,188,,6958,188,
184,5,Mummy Hib Minotaur Hair,6958,188,,6958,188,,6958,188,,6958,188,,6958,188,,6958,188,,6958,188,,6958,188,,6958,188,,6958,188,,6958,188,,6958,188,,6958,188,,6958,188,,6958,188,,6958,188,
184,6,Mummy Hib Minotaur Hair,6958,188,,6958,188,,6958,188,,6958,188,,6958,188,,6958,188,,6958,188,,6958,188,,6958,188,,6958,188,,6958,188,,6958,188,,6958,188,,6958,188,,6958,188,,6958,188,
184,7,Mummy Hib Minotaur Hair,6958,188,,6958,188,,6958,188,,6958,188,,6958,188,,6958,188,,6958,188,,6958,188,,6958,188,,6958,188,,6958,188,,6958,188,,6958,188,,6958,188,,6958,188,,6958,188,
184,8,Mummy Hib Minotaur Hair,6958,188,,6958,188,,6958,188,,6958,188,,6958,188,,6958,188,,6958,188,,6958,188,,6958,188,,6958,188,,6958,188,,6958,188,,6958,188,,6958,188,,6958,188,,6958,188,
184,9,Mummy Hib Minotaur Hair,6958,188,,6958,188,,6958,188,,6958,188,,6958,188,,6958,188,,6958,188,,6958,188,,6958,188,,6958,188,,6958,188,,6958,188,,6958,188,,6958,188,,6958,188,,6958,188,
184,10,Mummy Hib Minotaur Hair,6958,188,,6958,188,,6958,188,,6958,188,,6958,188,,6958,188,,6958,188,,6958,188,,6958,188,,6958,188,,6958,188,,6958,188,,6958,188,,6958,188,,6958,188,,6958,188,
189,1,Cata Highlander Female,3425,125,6265,3425,99,6265,3428,101,6265,3425,128,6265,3425,97,6265,3425,100,6265,3425,105,6265,3425,114,6265,3425,127,6265,3425,124,6265,3427,107,6265,3427,188,6265,3425,258,6265,3427,109,6265,3427,98,6265,3427,108,6265
189,2,Cata Highlander Female,3852,125,6359,3852,99,6359,3855,101,6359,3852,128,6359,3852,97,6359,3852,100,6359,3852,105,6359,3852,114,6359,3852,127,6359,3852,124,6359,3854,107,6359,3854,188,6359,3852,258,6359,3854,109,6359,3854,98,6359,3854,108,6359
189,3,Cata Highlander Female,3788,125,,3788,99,,3791,101,,3788,128,,3788,97,,3788,100,,3788,105,,3788,114,,3791,127,,3788,124,,3790,107,,3790,188,,3788,258,,3790,109,,3790,98,,3790,108,
189,4,Cata Highlander Female,3856,125,6478,3856,99,6478,3859,101,6478,3856,128,6478,3856,97,6478,3856,100,6478,3856,105,6478,3856,114,6478,3856,127,6478,3856,124,6478,3858,107,6478,3858,188,6478,3856,258,6478,3858,109,6478,3858,98,6478,3858,108,6478
190,1,Cata Highlander Female,3425,125,6265,3425,99,6265,3428,101,6265,3425,128,6265,3425,97,6265,3425,100,6265,3425,105,6265,3425,114,6265,3425,127,6265,3425,124,6265,3427,107,6265,3427,188,6265,3425,258,6265,3427,109,6265,3427,98,6265,3427,108,6265
190,2,Cata Highlander Female,3852,125,6359,3852,99,6359,3855,101,6359,3852,128,6359,3852,97,6359,3852,100,6359,3852,105,6359,3852,114,6359,3852,127,6359,3852,124,6359,3854,107,6359,3854,188,6359,3852,258,6359,3854,109,6359,3854,98,6359,3854,108,6359
190,3,Cata Highlander Female,3788,125,,3788,99,,3791,101,,3788,128,,3788,97,,3788,100,,3788,105,,3788,114,,3791,127,,3788,124,,3790,107,,3790,188,,3788,258,,3790,109,,3790,98,,3790,108,
190,4,Cata Highlander Female,3856,125,6478,3856,99,6478,3859,101,6478,3856,128,6478,3856,97,6478,3856,100,6478,3856,105,6478,3856,114,6478,3856,127,6478,3856,124,6478,3858,107,6478,3858,188,6478,3856,258,6478,3858,109,6478,3858,98,6478,3858,108,6478
191,1,Cata Highlander Female,3425,125,6265,3425,99,6265,3428,101,6265,3425,128,6265,3425,97,6265,3425,100,6265,3425,105,6265,3425,114,6265,3425,127,6265,3425,124,6265,3427,107,6265,3427,188,6265,3425,258,6265,3427,109,6265,3427,98,6265,3427,108,6265
191,2,Cata Highlander Female,3852,125,6359,3852,99,6359,3855,101,6359,3852,128,6359,3852,97,6359,3852,100,6359,3852,105,6359,3852,114,6359,3852,127,6359,3852,124,6359,3854,107,6359,3854,188,6359,3852,258,6359,3854,109,6359,3854,98,6359,3854,108,6359
191,3,Cata Highlander Female,3788,125,,3788,99,,3791,101,,3788,128,,3788,97,,3788,100,,3788,105,,3788,114,,3791,127,,3788,124,,3790,107,,3790,188,,3788,258,,3790,109,,3790,98,,3790,108,
191,4,Cata Highlander Female,3856,125,6478,3856,99,6478,3859,101,6478,3856,128,6478,3856,97,6478,3856,100,6478,3856,105,6478,3856,114,6478,3856,127,6478,3856,124,6478,3858,107,6478,3858,188,6478,3856,258,6478,3858,109,6478,3858,98,6478,3858,108,6478
192,1,Cata Highlander Female,3425,125,6265,3425,99,6265,3428,101,6265,3425,128,6265,3425,97,6265,3425,100,6265,3425,105,6265,3425,114,6265,3425,127,6265,3425,124,6265,3427,107,6265,3427,188,6265,3425,258,6265,3427,109,6265,3427,98,6265,3427,108,6265
192,2,Cata Highlander Female,3852,125,6359,3852,99,6359,3855,101,6359,3852,128,6359,3852,97,6359,3852,100,6359,3852,105,6359,3852,114,6359,3852,127,6359,3852,124,6359,3854,107,6359,3854,188,6359,3852,258,6359,3854,109,6359,3854,98,6359,3854,108,6359
192,3,Cata Highlander Female,3788,125,,3788,99,,3791,101,,3788,128,,3788,97,,3788,100,,3788,105,,3788,114,,3791,127,,3788,124,,3790,107,,3790,188,,3788,258,,3790,109,,3790,98,,3790,108,
192,4,Cata Highlander Female,3856,125,6478,3856,99,6478,3859,101,6478,3856,128,6478,3856,97,6478,3856,100,6478,3856,105,6478,3856,114,6478,3856,127,6478,3856,124,6478,3858,107,6478,3858,188,6478,3856,258,6478,3858,109,6478,3858,98,6478,3858,108,6478
193,1,Cata Highlander Female,3425,125,6265,3425,99,6265,3428,101,6265,3425,128,6265,3425,97,6265,3425,100,6265,3425,105,6265,3425,114,6265,3425,127,6265,3425,124,6265,3427,107,6265,3427,188,6265,3425,258,6265,3427,109,6265,3427,98,6265,3427,108,6265
193,2,Cata Highlander Female,3852,125,6359,3852,99,6359,3855,101,6359,3852,128,6359,3852,97,6359,3852,100,6359,3852,105,6359,3852,114,6359,3852,127,6359,3852,124,6359,3854,107,6359,3854,188,6359,3852,258,6359,3854,109,6359,3854,98,6359,3854,108,6359
193,3,Cata Highlander Female,3788,125,,3788,99,,3791,101,,3788,128,,3788,97,,3788,100,,3788,105,,3788,114,,3791,127,,3788,124,,3790,107,,3790,188,,3788,258,,3790,109,,3790,98,,3790,108,
193,4,Cata Highlander Female,3856,125,6478,3856,99,6478,3859,101,6478,3856,128,6478,3856,97,6478,3856,100,6478,3856,105,6478,3856,114,6478,3856,127,6478,3856,124,6478,3858,107,6478,3858,188,6478,3856,258,6478,3858,109,6478,3858,98,6478,3858,108,6478
194,1,Cata Highlander Female,3425,125,6265,3425,99,6265,3428,101,6265,3425,128,6265,3425,97,6265,3425,100,6265,3425,105,6265,3425,114,6265,3425,127,6265,3425,124,6265,3427,107,6265,3427,188,6265,3425,258,6265,3427,109,6265,3427,98,6265,3427,108,6265
194,2,Cata Highlander Female,3852,125,6359,3852,99,6359,3855,101,6359,3852,128,6359,3852,97,6359,3852,100,6359,3852,105,6359,3852,114,6359,3852,127,6359,3852,124,6359,3854,107,6359,3854,188,6359,3852,258,6359,3854,109,6359,3854,98,6359,3854,108,6359
194,3,Cata Highlander Female,3788,125,,3788,99,,3791,101,,3788,128,,3788,97,,3788,100,,3788,105,,3788,114,,3791,127,,3788,124,,3790,107,,3790,188,,3788,258,,3790,109,,3790,98,,3790,108,
194,4,Cata Highlander Female,3856,125,6478,3856,99,6478,3859,101,6478,3856,128,6478,3856,97,6478,3856,100,6478,3856,105,6478,3856,114,6478,3856,127,6478,3856,124,6478,3858,107,6478,3858,188,6478,3856,258,6478,3858,109,6478,3858,98,6478,3858,108,6478
195,1,Cata Highlander Male,3567,125,6474,3567,99,6474,3570,101,6474,3567,128,6474,3567,97,6474,3567,100,6474,3567,105,6474,3567,114,6474,3567,127,6474,3567,124,6474,3569,107,6474,3569,188,6474,3567,258,6474,3569,109,6474,3569,98,6474,3569,108,6474
195,2,Cata Highlander Male,3571,125,6483,3571,99,6483,3574,101,6483,3571,128,6483,3571,97,6483,3571,100,6483,3571,105,6483,3571,114,6483,3571,127,6483,3571,124,6483,3573,107,6483,3573,188,6483,3571,258,6483,3573,109,6483,3573,98,6483,3573,108,6483
195,3,Cata Highlander Male,3883,125,6483,3886,99,6483,3886,101,6483,3883,128,6483,3883,97,6483,3883,100,6483,3883,105,6483,3883,114,6483,3883,127,6483,3883,124,6483,3885,107,6483,3885,188,6483,3883,258,6483,3885,109,6483,3885,98,6483,3885,108,6483
195,4,Cata Highlander Male,3417,125,,3417,99,,3420,101,,3417,128,,3417,97,,3417,100,,3417,105,,3417,114,,3417,127,,3417,124,,3419,107,,3419,188,,3417,258,,3419,109,,3419,98,,3419,108,
195,5,Cata Highlander Male,3883,125,,3886,99,,3886,101,,3883,128,,3883,97,,3883,100,,3883,105,,3883,114,,3883,127,,3883,124,,3885,107,,3885,188,,3883,258,,3885,109,,3885,98,,3885,108,
195,6,Cata Highlander Male,3883,125,6483,3886,99,6483,3886,101,6483,3883,128,6483,3883,97,6483,3883,100,6483,3883,105,6483,3883,114,6483,3883,127,6483,3883,124,6483,3885,107,6483,3885,188,6483,3883,258,6483,3885,109,6483,3885,98,6483,3885,108,6483
195,7,Cata Highlander Male,3883,125,,3886,99,,3886,101,,3883,128,,3883,97,,3883,100,,3883,105,,3883,114,,3883,127,,3883,124,,3885,107,,3885,188,,3883,258,,3885,109,,3885,98,,3885,108,
195,8,Cata Highlander Male,3883,125,,3886,99,,3886,101,,3883,128,,3883,97,,3883,100,,3883,105,,3883,114,,3883,127,,3883,124,,3885,107,,3885,188,,3883,258,,3885,109,,3885,98,,3885,108,
196,1,Cata Highlander Male,3567,125,6474,3567,99,6474,3570,101,6474,3567,128,6474,3567,97,6474,3567,100,6474,3567,105,6474,3567,114,6474,3567,127,6474,3567,124,6474,3569,107,6474,3569,188,6474,3567,258,6474,3569,109,6474,3569,98,6474,3569,108,6474
196,2,Cata Highlander Male,3571,125,6483,3571,99,6483,3574,101,6483,3571,128,6483,3571,97,6483,3571,100,6483,3571,105,6483,3571,114,6483,3571,127,6483,3571,124,6483,3573,107,6483,3573,188,6483,3571,258,6483,3573,109,6483,3573,98,6483,3573,108,6483
196,3,Cata Highlander Male,3883,125,6483,3886,99,6483,3886,101,6483,3883,128,6483,3883,97,6483,3883,100,6483,3883,105,6483,3883,114,6483,3883,127,6483,3883,124,6483,3885,107,6483,3885,188,6483,3883,258,6483,3885,109,6483,3885,98,6483,3885,108,6483
196,4,Cata Highlander Male,3417,125,,3417,99,,3420,101,,3417,128,,3417,97,,3417,100,,3417,105,,3417,114,,3417,127,,3417,124,,3419,107,,3419,188,,3417,258,,3419,109,,3419,98,,3419,108,
196,5,Cata Highlander Male,3883,125,,3886,99,,3886,101,,3883,128,,3883,97,,3883,100,,3883,105,,3883,114,,3883,127,,3883,124,,3885,107,,3885,188,,3883,258,,3885,109,,3885,98,,3885,108,
196,6,Cata Highlander Male,3883,125,6483,3886,99,6483,3886,101,6483,3883,128,6483,3883,97,6483,3883,100,6483,3883,105,6483,3883,114,6483,3883,127,6483,3883,124,6483,3885,107,6483,3885,188,6483,3883,258,6483,3885,109,6483,3885,98,6483,3885,108,6483
196,7,Cata Highlander Male,3883,125,,3886,99,,3886,101,,3883,128,,3883,97,,3883,100,,3883,105,,3883,114,,3883,127,,3883,124,,3885,107,,3885,188,,3883,258,,3885,109,,3885,98,,3885,108,
196,8,Cata Highlander Male,3883,125,,3886,99,,3886,101,,3883,128,,3883,97,,3883,100,,3883,105,,3883,114,,3883,127,,3883,124,,3885,107,,3885,188,,3883,258,,3885,109,,3885,98,,3885,108,
197,1,Cata Highlander Male,3567,125,6474,3567,99,6474,3570,101,6474,3567,128,6474,3567,97,6474,3567,100,6474,3567,105,6474,3567,114,6474,3567,127,6474,3567,124,6474,3569,107,6474,3569,188,6474,3567,258,6474,3569,109,6474,3569,98,6474,3569,108,6474
197,2,Cata Highlander Male,3571,125,6483,3571,99,6483,3574,101,6483,3571,128,6483,3571,97,6483,3571,100,6483,3571,105,6483,3571,114,6483,3571,127,6483,3571,124,6483,3573,107,6483,3573,188,6483,3571,258,6483,3573,109,6483,3573,98,6483,3573,108,6483
197,3,Cata Highlander Male,3883,125,6483,3886,99,6483,3886,101,6483,3883,128,6483,3883,97,6483,3883,100,6483,3883,105,6483,3883,114,6483,3883,127,6483,3883,124,6483,3885,107,6483,3885,188,6483,3883,258,6483,3885,109,6483,3885,98,6483,3885,108,6483
197,4,Cata Highlander Male,3417,125,,3417,99,,3420,101,,3417,128,,3417,97,,3417,100,,3417,105,,3417,114,,3417,127,,3417,124,,3419,107,,3419,188,,3417,258,,3419,109,,3419,98,,3419,108,
197,5,Cata Highlander Male,3883,125,,3886,99,,3886,101,,3883,128,,3883,97,,3883,100,,3883,105,,3883,114,,3883,127,,3883,124,,3885,107,,3885,188,,3883,258,,3885,109,,3885,98,,3885,108,
197,6,Cata Highlander Male,3883,125,6483,3886,99,6483,3886,101,6483,3883,128,6483,3883,97,6483,3883,100,6483,3883,105,6483,3883,114,6483,3883,127,6483,3883,124,6483,3885,107,6483,3885,188,6483,3883,258,6483,3885,109,6483,3885,98,6483,3885,108,6483
197,7,Cata Highlander Male,3883,125,,3886,99,,3886,101,,3883,128,,3883,97,,3883,100,,3883,105,,3883,114,,3883,127,,3883,124,,3885,107,,3885,188,,3883,258,,3885,109,,3885,98,,3885,108,
197,8,Cata Highlander Male,3883,125,,3886,99,,3886,101,,3883,128,,3883,97,,3883,100,,3883,105,,3883,114,,3883,127,,3883,124,,3885,107,,3885,188,,3883,258,,3885,109,,3885,98,,3885,108,
198,1,Cata Highlander Male,3567,125,6474,3567,99,6474,3570,101,6474,3567,128,6474,3567,97,6474,3567,100,6474,3567,105,6474,3567,114,6474,3567,127,6474,3567,124,6474,3569,107,6474,3569,188,6474,3567,258,6474,3569,109,6474,3569,98,6474,3569,108,6474
198,2,Cata Highlander Male,3571,125,6483,3571,99,6483,3574,101,6483,3571,128,6483,3571,97,6483,3571,100,6483,3571,105,6483,3571,114,6483,3571,127,6483,3571,124,6483,3573,107,6483,3573,188,6483,3571,258,6483,3573,109,6483,3573,98,6483,3573,108,6483
198,3,Cata Highlander Male,3883,125,6483,3886,99,6483,3886,101,6483,3883,128,6483,3883,97,6483,3883,100,6483,3883,105,6483,3883,114,6483,3883,127,6483,3883,124,6483,3885,107,6483,3885,188,6483,3883,258,6483,3885,109,6483,3885,98,6483,3885,108,6483
198,4,Cata Highlander Male,3417,125,,3417,99,,3420,101,,3417,128,,3417,97,,3417,100,,3417,105,,3417,114,,3417,127,,3417,124,,3419,107,,3419,188,,3417,258,,3419,109,,3419,98,,3419,108,
198,5,Cata Highlander Male,3883,125,,3886,99,,3886,101,,3883,128,,3883,97,,3883,100,,3883,105,,3883,114,,3883,127,,3883,124,,3885,107,,3885,188,,3883,258,,3885,109,,3885,98,,3885,108,
198,6,Cata Highlander Male,3883,125,6483,3886,99,6483,3886,101,6483,3883,128,6483,3883,97,6483,3883,100,6483,3883,105,6483,3883,114,6483,3883,127,6483,3883,124,6483,3885,107,6483,3885,188,6483,3883,258,6483,3885,109,6483,3885,98,6483,3885,108,6483
198,7,Cata Highlander Male,3883,125,,3886,99,,3886,101,,3883,128,,3883,97,,3883,100,,3883,105,,3883,114,,3883,127,,3883,124,,3885,107,,3885,188,,3883,258,,3885,109,,3885,98,,3885,108,
198,8,Cata Highlander Male,3883,125,,3886,99,,3886,101,,3883,128,,3883,97,,3883,100,,3883,105,,3883,114,,3883,127,,3883,124,,3885,107,,3885,188,,3883,258,,3885,109,,3885,98,,3885,108,
199,1,Cata Highlander Male,3567,125,6474,3567,99,6474,3570,101,6474,3567,128,6474,3567,97,6474,3567,100,6474,3567,105,6474,3567,114,6474,3567,127,6474,3567,124,6474,3569,107,6474,3569,188,6474,3567,258,6474,3569,109,6474,3569,98,6474,3569,108,6474
199,2,Cata Highlander Male,3571,125,6483,3571,99,6483,3574,101,6483,3571,128,6483,3571,97,6483,3571,100,6483,3571,105,6483,3571,114,6483,3571,127,6483,3571,124,6483,3573,107,6483,3573,188,6483,3571,258,6483,3573,109,6483,3573,98,6483,3573,108,6483
199,3,Cata Highlander Male,3883,125,6483,3886,99,6483,3886,101,6483,3883,128,6483,3883,97,6483,3883,100,6483,3883,105,6483,3883,114,6483,3883,127,6483,3883,124,6483,3885,107,6483,3885,188,6483,3883,258,6483,3885,109,6483,3885,98,6483,3885,108,6483
199,4,Cata Highlander Male,3417,125,,3417,99,,3420,101,,3417,128,,3417,97,,3417,100,,3417,105,,3417,114,,3417,127,,3417,124,,3419,107,,3419,188,,3417,258,,3419,109,,3419,98,,3419,108,
199,5,Cata Highlander Male,3883,125,,3886,99,,3886,101,,3883,128,,3883,97,,3883,100,,3883,105,,3883,114,,3883,127,,3883,124,,3885,107,,3885,188,,3883,258,,3885,109,,3885,98,,3885,108,
199,6,Cata Highlander Male,3883,125,6483,3886,99,6483,3886,101,6483,3883,128,6483,3883,97,6483,3883,100,6483,3883,105,6483,3883,114,6483,3883,127,6483,3883,124,6483,3885,107,6483,3885,188,6483,3883,258,6483,3885,109,6483,3885,98,6483,3885,108,6483
199,7,Cata Highlander Male,3883,125,,3886,99,,3886,101,,3883,128,,3883,97,,3883,100,,3883,105,,3883,114,,3883,127,,3883,124,,3885,107,,3885,188,,3883,258,,3885,109,,3885,98,,3885,108,
199,8,Cata Highlander Male,3883,125,,3886,99,,3886,101,,3883,128,,3883,97,,3883,100,,3883,105,,3883,114,,3883,127,,3883,124,,3885,107,,3885,188,,3883,258,,3885,109,,3885,98,,3885,108,
200,1,Cata Highlander Male,3567,125,6474,3567,99,6474,3570,101,6474,3567,128,6474,3567,97,6474,3567,100,6474,3567,105,6474,3567,114,6474,3567,127,6474,3567,124,6474,3569,107,6474,3569,188,6474,3567,258,6474,3569,109,6474,3569,98,6474,3569,108,6474
200,2,Cata Highlander Male,3571,125,6483,3571,99,6483,3574,101,6483,3571,128,6483,3571,97,6483,3571,100,6483,3571,105,6483,3571,114,6483,3571,127,6483,3571,124,6483,3573,107,6483,3573,188,6483,3571,258,6483,3573,109,6483,3573,98,6483,3573,108,6483
200,3,Cata Highlander Male,3883,125,6483,3886,99,6483,3886,101,6483,3883,128,6483,3883,97,6483,3883,100,6483,3883,105,6483,3883,114,6483,3883,127,6483,3883,124,6483,3885,107,6483,3885,188,6483,3883,258,6483,3885,109,6483,3885,98,6483,3885,108,6483
200,4,Cata Highlander Male,3417,125,,3417,99,,3420,101,,3417,128,,3417,97,,3417,100,,3417,105,,3417,114,,3417,127,,3417,124,,3419,107,,3419,188,,3417,258,,3419,109,,3419,98,,3419,108,
200,5,Cata Highlander Male,3883,125,,3886,99,,3886,101,,3883,128,,3883,97,,3883,100,,3883,105,,3883,114,,3883,127,,3883,124,,3885,107,,3885,188,,3883,258,,3885,109,,3885,98,,3885,108,
200,6,Cata Highlander Male,3883,125,6483,3886,99,6483,3886,101,6483,3883,128,6483,3883,97,6483,3883,100,6483,3883,105,6483,3883,114,6483,3883,127,6483,3883,124,6483,3885,107,6483,3885,188,6483,3883,258,6483,3885,109,6483,3885,98,6483,3885,108,6483
200,7,Cata Highlander Male,3883,125,,3886,99,,3886,101,,3883,128,,3883,97,,3883,100,,3883,105,,3883,114,,3883,127,,3883,124,,3885,107,,3885,188,,3883,258,,3885,109,,3885,98,,3885,108,
200,8,Cata Highlander Male,3883,125,,3886,99,,3886,101,,3883,128,,3883,97,,3883,100,,3883,105,,3883,114,,3883,127,,3883,124,,3885,107,,3885,188,,3883,258,,3885,109,,3885,98,,3885,108,
