id,,,,,,,,,,,,,,,,,,,,,,,,,,,
#,part,desc,1,2,3,4,5,6,7,8,9,10,11,12,13,14,15,16,17,18,19,20,21,22,23,24,25
1,0,Briton Male Head,1306,,,,,,,,,,,,,,,,,,,,,,,,
1,1,Briton Male Body,291,292,293,294,295,296,297,298,,,,,,,,,,,,,,,,,
1,2,Briton Male LBody,,,,,,,,,,,,,,,,,,,,,,,,,
1,3,Briton Male Legs,299,,,,,,,,,,,,,,,,,,,,,,,,
1,4,Briton Male Boots,300,301,302,303,304,305,1130,1154,,,,,,,,,,,,,,,,,
1,5,Briton Male Arms,306,,,,,,,,,,,,,,,,,,,,,,,,
1,6,Briton Male Gloves,307,308,309,310,311,312,1179,1202,,,,,,,,,,,,,,,,,
1,7,Briton Male Cloak,2,3,4,,,,,,,,,,,,,,,,,,,,,,
1,8,Briton Male Hair,5,6,7,8,1225,1256,,1262,,,,,,,,,,,,,,,,,
1,9,Briton Full Helm ,1494,1493,1492,1589,1591,1593,1595,1597,1599,1601,1603,1605,,,,,,,,,,,,,
2,0,Briton Female Head,1282,,,,,,,,,,,,,,,,,,,,,,,,
2,1,Briton Female Body,313,314,315,316,317,318,319,320,,,,,,,,,,,,,,,,,
2,2,Briton Female LBody,,,,,,,,,,,,,,,,,,,,,,,,,
2,3,Briton Female Legs,321,,,,,,,,,,,,,,,,,,,,,,,,
2,4,Briton Female Boots,322,323,324,325,326,327,1129,1153,,,,,,,,,,,,,,,,,
2,5,Briton Female Arms,328,,,,,,,,,,,,,,,,,,,,,,,,
2,6,Briton Female Gloves,329,330,331,332,333,334,1178,1201,,,,,,,,,,,,,,,,,
2,7,Briton Female Cloak,10,11,12,,,,,,,,,,,,,,,,,,,,,,
2,8,Briton Female Hair,13,14,15,16,1257,1258,,,,,,,,,,,,,,,,,,,
2,9,Female Briton Full Helm ,1497,1496,1495,1588,1590,1592,1594,1596,1598,1600,1602,1604,,,,,,,,,,,,,
3,0,Saracen Male Head,1293,,,,,,,,,,,,,,,,,,,,,,,,
3,1,Saracen Male Body,335,336,337,338,339,340,341,342,,,,,,,,,,,,,,,,,
3,2,Saracen Male LBody,,,,,,,,,,,,,,,,,,,,,,,,,
3,3,Saracen Male Legs,343,,,,,,,,,,,,,,,,,,,,,,,,
3,4,Saracen Male Boots,344,345,346,347,348,349,1146,1170,,,,,,,,,,,,,,,,,
3,5,Saracen Male Arms,350,,,,,,,,,,,,,,,,,,,,,,,,
3,6,Saracen Male Gloves,351,352,353,354,355,356,1194,1218,,,,,,,,,,,,,,,,,
3,7,Saracen Male Cloak,18,19,20,,,,,,,,,,,,,,,,,,,,,,
3,8,Saracen Male Hair,21,22,23,24,1237,1238,1276,1277,,,,,,,,,,,,,,,,,
3,9,Saracen Male Full Helm,1524,1523,1522,1727,1729,1731,1733,1735,1737,1739,1741,1743,,,,,,,,,,,,,
4,0,Saracen Female Head,1292,,,,,,,,,,,,,,,,,,,,,,,,
4,1,Saracen Female Body,357,358,359,360,361,362,363,364,,,,,,,,,,,,,,,,,
4,2,Saracen Female LBody,,,,,,,,,,,,,,,,,,,,,,,,,
4,3,Saracen Female Legs,365,,,,,,,,,,,,,,,,,,,,,,,,
4,4,Saracen Female Boots,366,367,368,369,370,371,1145,1169,,,,,,,,,,,,,,,,,
4,5,Saracen Female Arms,372,,,,,,,,,,,,,,,,,,,,,,,,
4,6,Saracen Female Gloves,373,374,375,376,377,378,1193,1217,,,,,,,,,,,,,,,,,
4,7,Saracen Female Cloak,26,27,28,,,,,,,,,,,,,,,,,,,,,,
4,8,Saracen Female Hair,29,30,31,32,,,,,,,,,,,,,,,,,,,,,
4,9,Saracen Female Full Helm,1527,1526,1525,1726,1728,1730,1732,1734,1736,1738,1740,1742,,,,,,,,,,,,,
5,0,Frostalf Male Head,1312,,,,,,,,,,,,,,,,,,,,,,,,
5,1,Frostalf Male Body,379,380,381,382,383,384,385,386,,,,,,,,,,,,,,,,,
5,2,Frostalf Male LBody,,,,,,,,,,,,,,,,,,,,,,,,,
5,3,Frostalf Male Legs,387,,,,,,,,,,,,,,,,,,,,,,,,
5,4,Frostalf Male Boots,388,389,390,391,392,393,1146,1170,,,,,,,,,,,,,,,,,
5,5,Frostalf Male Arms,394,,,,,,,,,,,,,,,,,,,,,,,,
5,6,Frostalf Male Gloves,395,396,397,398,399,400,1194,1218,,,,,,,,,,,,,,,,,
5,7,Frostalf Male Cloak,34,35,36,,,,,,,,,,,,,,,,,,,,,,
5,8,Frostalf Male Hair,37,38,1251,40,,,,,,,,,,,,,,,,,,,,,
5,9,Frostalf Male Full Helm,1524,1523,1522,1727,1729,1731,1733,1735,1737,1739,1741,1743,,,,,,,,,,,,,
6,0,Frostalf Female Head,1283,,,,,,,,,,,,,,,,,,,,,,,,
6,1,Frostalf Female Body,401,402,403,404,405,406,407,408,,,,,,,,,,,,,,,,,
6,2,Frostalf Female LBody,,,,,,,,,,,,,,,,,,,,,,,,,
6,3,Frostalf Female Legs,409,,,,,,,,,,,,,,,,,,,,,,,,
6,4,Frostalf Female Boots,410,411,412,413,414,415,1145,1169,,,,,,,,,,,,,,,,,
6,5,Frostalf Female Arms,416,,,,,,,,,,,,,,,,,,,,,,,,
6,6,Frostalf Female Gloves,417,418,419,420,421,422,1193,1217,,,,,,,,,,,,,,,,,
6,7,Frostalf Female Cloak,42,43,44,,,,,,,,,,,,,,,,,,,,,,
6,8,Frostalf Female Hair,45,46,47,48,,,,,,,,,,,,,,,,,,,,,
6,9,Frostalf Female Full Helm,1527,1526,1525,1726,1728,1730,1732,1734,1736,1738,1740,1742,,,,,,,,,,,,,
7,0,Shar Male Head,1303,,,,,,,,,,,,,,,,,,,,,,,,
7,1,Shar Male Body,423,424,425,426,427,428,429,430,,,,,,,,,,,,,,,,,
7,2,Shar Male LBody,,,,,,,,,,,,,,,,,,,,,,,,,
7,3,Shar Male Legs,431,,,,,,,,,,,,,,,,,,,,,,,,
7,4,Shar Male Boots,432,433,434,435,436,437,1146,1170,,,,,,,,,,,,,,,,,
7,5,Shar Male Arms,438,,,,,,,,,,,,,,,,,,,,,,,,
7,6,Shar Male Gloves,439,440,441,442,443,444,1194,1218,,,,,,,,,,,,,,,,,
7,7,Shar Male Cloak,50,51,52,,,,,,,,,,,,,,,,,,,,,,
7,8,Shar Male Hair,53,54,55,56,1239,,,,,,,,,,,,,,,,,,,,
7,9,Shar Male Full Helm,1524,1523,1522,1727,1729,1731,1733,1735,1737,1739,1741,1743,,,,,,,,,,,,,
8,0,Shar Female Head,1302,,,,,,,,,,,,,,,,,,,,,,,,
8,1,Shar Female Body,445,446,447,448,449,450,451,452,,,,,,,,,,,,,,,,,
8,2,Shar Female LBody,,,,,,,,,,,,,,,,,,,,,,,,,
8,3,Shar Female Legs,453,,,,,,,,,,,,,,,,,,,,,,,,
8,4,Shar Female Boots,454,455,456,457,458,459,1145,1169,,,,,,,,,,,,,,,,,
8,5,Shar Female Arms,460,,,,,,,,,,,,,,,,,,,,,,,,
8,6,Shar Female Gloves,461,462,463,464,465,466,1193,1217,,,,,,,,,,,,,,,,,
8,7,Shar Female Cloak,58,59,60,,,,,,,,,,,,,,,,,,,,,,
8,8,Shar Female Hair,61,62,63,64,,,,,,,,,,,,,,,,,,,,,
8,9,Shar Female Full Helm,1527,1526,1525,1726,1728,1730,1732,1734,1736,1738,1740,1742,,,,,,,,,,,,,
9,0,Avalonian Male Head,1284,,,,,,,,,,,,,,,,,,,,,,,,
9,1,Avalonian Male Body,467,468,469,470,471,472,473,473,,,,,,,,,,,,,,,,,
9,2,Avalonian Male Lbody,,,,,,,,,,,,,,,,,,,,,,,,,
9,3,Avalonian Male Legs,475,,,,,,,,,,,,,,,,,,,,,,,,
9,4,Avalonian Male Boots,476,477,478,479,480,481,1128,1152,,,,,,,,,,,,,,,,,
9,5,Avalonian Male Arms,482,,,,,,,,,,,,,,,,,,,,,,,,
9,6,Avalonian Male Gloves,483,484,485,486,487,488,1177,1200,,,,,,,,,,,,,,,,,
9,7,Avalonian Male Cloak,66,67,68,,,,,,,,,,,,,,,,,,,,,,
9,8,Avalonian Male Hair,69,70,71,72,1223,1261,1263,1264,,,,,,,,,,,,,,,,,
9,9,Avalonian Male Full Helm,1500,1499,1498,1571,1573,1575,1577,1579,1581,1583,1585,1587,,,,,,,,,,,,,
10,0,Avalonian Female Head,1305,,,,,,,,,,,,,,,,,,,,,,,,
10,1,Avalonian Female Body,489,490,491,492,493,494,495,495,,,,,,,,,,,,,,,,,
10,2,Avalonian Female LBody,,,,,,,,,,,,,,,,,,,,,,,,,
10,3,Avalonian Female Legs,497,,,,,,,,,,,,,,,,,,,,,,,,
10,4,Avalonian Female Boots,498,499,500,501,502,503,1127,1151,,,,,,,,,,,,,,,,,
10,5,Avalonian Female Arms,504,,,,,,,,,,,,,,,,,,,,,,,,
10,6,Avalonian Female Gloves,505,506,507,508,509,510,1176,1199,,,,,,,,,,,,,,,,,
10,7,Avalonian Female Cloak,74,75,76,,,,,,,,,,,,,,,,,,,,,,
10,8,Avalonian Female Hair,77,78,79,80,1273,1274,,,,,,,,,,,,,,,,,,,
10,9,Avalonain Female Full Helm,1503,1502,1501,1570,1572,1574,1576,1578,1580,1582,1584,1586,,,,,,,,,,,,,
11,0,Elf Male Head,1307,,,,,,,,,,,,,,,,,,,,,,,,
11,1,Elf Male Body,511,512,513,514,515,516,517,517,,,,,,,,,,,,,,,,,
11,2,Elf Male LBody,,,,,,,,,,,,,,,,,,,,,,,,,
11,3,Elf Male Legs,519,,,,,,,,,,,,,,,,,,,,,,,,
11,4,Elf Male Boots,520,521,522,523,524,525,1128,1152,,,,,,,,,,,,,,,,,
11,5,Elf Male Arms,526,,,,,,,,,,,,,,,,,,,,,,,,
11,6,Elf Male Gloves,527,528,529,530,531,532,1177,1200,,,,,,,,,,,,,,,,,
11,7,Elf Male Cloak,82,83,84,,,,,,,,,,,,,,,,,,,,,,
11,8,Elf Male Hair,85,86,87,88,,,,,,,,,,,,,,,,,,,,,
11,9,Elf Male Full Helm,1500,1499,1498,1571,1573,1575,1577,1579,1581,1583,1585,1587,,,,,,,,,,,,,
12,0,Elf Female Head,1279,,,,,,,,,,,,,,,,,,,,,,,,
12,1,Elf Female Body,533,534,535,536,537,538,539,539,,,,,,,,,,,,,,,,,
12,2,Elf Female LBody,,,,,,,,,,,,,,,,,,,,,,,,,
12,3,Elf Female Legs,541,,,,,,,,,,,,,,,,,,,,,,,,
12,4,Elf Female Boots,542,543,544,545,546,547,1127,1151,,,,,,,,,,,,,,,,,
12,5,Elf Female Arms,548,,,,,,,,,,,,,,,,,,,,,,,,
12,6,Elf Female Gloves,549,550,551,552,553,554,1176,1199,,,,,,,,,,,,,,,,,
12,7,Elf Female Cloak,90,91,92,,,,,,,,,,,,,,,,,,,,,,
12,8,Elf Female Hair,93,94,95,96,,,,,,,,,,,,,,,,,,,,,
12,9,Elf Female Full Helm,1503,1502,1501,1570,1572,1574,1576,1578,1580,1582,1584,1586,,,,,,,,,,,,,
13,0,Highlander Male Head,1289,,,,,,,,,,,,,,,,,,,,,,,,
13,1,Highlander Male Body,1083,1084,1085,1086,1087,1088,1089,1090,,,,,,,,,,,,,,,,,
13,2,Highlander Male LBody,1099,1100,1101,1102,1103,1104,1105,1106,,,,,,,,,,,,,,,,,
13,3,Highlander Male Legs,563,,,,,,,,,,,,,,,,,,,,,,,,
13,4,Highlander Male Boots,564,565,566,567,568,569,1138,1162,,,,,,,,,,,,,,,,,
13,5,Highlander Male Arms,570,,,,,,,,,,,,,,,,,,,,,,,,
13,6,Highlander Male Gloves,571,572,573,574,575,576,1186,1210,,,,,,,,,,,,,,,,,
13,7,Highlander Male Cloak,99,100,101,,,,,,,,,,,,,,,,,,,,,,
13,8,Highlander Male Hair,102,103,104,105,1231,1232,1266,1267,,,,,,,,,,,,,,,,,
13,9,Highlander Male Full Helm,1506,1505,1504,1655,1657,1659,1661,1663,1665,1667,1669,1671,,,,,,,,,,,,,
14,0,Highlander Female Head,1288,,,,,,,,,,,,,,,,,,,,,,,,
14,1,Highlander Female Body,1091,1092,1093,1094,1095,1096,1097,1098,,,,,,,,,,,,,,,,,
14,2,Highlander Female LBody,1107,1108,1109,1110,1111,1112,1113,1114,,,,,,,,,,,,,,,,,
14,3,Highlander Female Legs,585,,,,,,,,,,,,,,,,,,,,,,,,
14,4,Highlander Female Boots,586,587,588,589,590,591,1137,1161,,,,,,,,,,,,,,,,,
14,5,Highlander Female Arms,592,,,,,,,,,,,,,,,,,,,,,,,,
14,6,Highlander Female Gloves,593,594,595,596,597,598,1185,1209,,,,,,,,,,,,,,,,,
14,7,Highlander Female Cloak,108,109,110,,,,,,,,,,,,,,,,,,,,,,
14,8,Highlander Female Hair,111,112,113,114,,,,,,,,,,,,,,,,,,,,,
14,9,Highlander Female Full Helm,1509,1508,1507,1654,1656,1658,1660,1662,1664,1666,1668,1670,,,,,,,,,,,,,
15,0,Norse Male Head,1301,,,,,,,,,,,,,,,,,,,,,,,,
15,1,Norse Male Body,599,600,601,602,603,604,605,606,,,,,,,,,,,,,,,,,
15,2,Norse Male LBody,,,,,,,,,,,,,,,,,,,,,,,,,
15,3,Norse Male Legs,607,,,,,,,,,,,,,,,,,,,,,,,,
15,4,Norse Male Boots,608,609,610,611,612,613,1138,1162,,,,,,,,,,,,,,,,,
15,5,Norse Male Arms,614,,,,,,,,,,,,,,,,,,,,,,,,
15,6,Norse Male Gloves,615,616,617,618,619,620,1186,1210,,,,,,,,,,,,,,,,,
15,7,Norse Male Cloak,116,117,118,,,,,,,,,,,,,,,,,,,,,,
15,8,Norse Male Hair,119,120,121,122,,,,,,,,,,,,,,,,,,,,,
15,9,Norse Male Full Helm,1506,1505,1504,1655,1657,1659,1661,1663,1665,1667,1669,1671,,,,,,,,,,,,,
16,0,Norse Female Head,1300,,,,,,,,,,,,,,,,,,,,,,,,
16,1,Norse Female Body,621,622,623,624,625,626,627,628,,,,,,,,,,,,,,,,,
16,2,Norse Female LBody,,,,,,,,,,,,,,,,,,,,,,,,,
16,3,Norse Female Legs,629,,,,,,,,,,,,,,,,,,,,,,,,
16,4,Norse Female Boots,630,631,632,633,634,635,1137,1161,,,,,,,,,,,,,,,,,
16,5,Norse Female Arms,636,,,,,,,,,,,,,,,,,,,,,,,,
16,6,Norse Female Gloves,637,638,639,640,641,642,1185,1209,,,,,,,,,,,,,,,,,
16,7,Norse Female Cloak,124,125,126,,,,,,,,,,,,,,,,,,,,,,
16,8,Norse Female Hair,127,128,129,16,,,,,,,,,,,,,,,,,,,,,
16,9,Norse Female Helm,1509,1508,1507,1654,1656,1658,1660,1662,1664,1666,1668,1670,,,,,,,,,,,,,
17,0,Lurikeen Male Head,1308,,,,,,,,,,,,,,,,,,,,,,,,
17,1,Lurikeen Male Body,643,644,645,646,647,648,649,649,,,,,,,,,,,,,,,,,
17,2,Lurikeen Male LBody,,,,,,,,,,,,,,,,,,,,,,,,,
17,3,Lurikeen Male Legs,651,,,,,,,,,,,,,,,,,,,,,,,,
17,4,Lurikeen Male Boots,652,653,654,655,656,657,1144,1168,,,,,,,,,,,,,,,,,
17,5,Lurikeen Male Arms,658,,,,,,,,,,,,,,,,,,,,,,,,
17,6,Lurikeen Male Gloves,659,660,661,662,663,664,1192,1216,,,,,,,,,,,,,,,,,
17,7,Lurikeen Male Cloak,132,133,134,,,,,,,,,,,,,,,,,,,,,,
17,8,Lurikeen Male Hair,135,136,137,138,1235,1236,1271,1272,,,,,,,,,,,,,,,,,
17,9,Lurikeen Male Full Helm,1560,1559,1558,1709,1711,1713,1715,1717,1719,1721,1723,1725,,,,,,,,,,,,,
18,0,Lurikeen Female Head,1278,,,,,,,,,,,,,,,,,,,,,,,,
18,1,Lurikeen Female Body,665,666,667,668,669,670,671,671,,,,,,,,,,,,,,,,,
18,2,Lurikeen Female LBody,,,,,,,,,,,,,,,,,,,,,,,,,
18,3,Lurikeen Female Legs,673,,,,,,,,,,,,,,,,,,,,,,,,
18,4,Lurikeen Female Boots,674,675,676,677,678,679,1143,1167,,,,,,,,,,,,,,,,,
18,5,Lurikeen Female Arms,680,,,,,,,,,,,,,,,,,,,,,,,,
18,6,Lurikeen Female Gloves,681,682,683,684,685,686,1191,1215,,,,,,,,,,,,,,,,,
18,7,Lurikeen Female Cloak,140,141,142,,,,,,,,,,,,,,,,,,,,,,
18,8,Lurikeen Female Hair,143,144,145,146,,,,,,,,,,,,,,,,,,,,,
18,9,Lurikeen Female Full Helm,1563,1562,1561,1708,1710,1712,1714,1716,1718,1720,1722,1724,,,,,,,,,,,,,
19,0,Kobold Male Head,1299,,,,,,,,,,,,,,,,,,,,,,,,
19,1,Kobold Male Body,687,688,689,690,691,692,693,694,,,,,,,,,,,,,,,,,
19,2,Kobold Male LBody,,,,,,,,,,,,,,,,,,,,,,,,,
19,3,Kobold Male Legs,695,,,,,,,,,,,,,,,,,,,,,,,,
19,4,Kobold Male Boots,696,697,698,699,700,701,1142,1166,,,,,,,,,,,,,,,,,
19,5,Kobold Male Arms,702,,,,,,,,,,,,,,,,,,,,,,,,
19,6,Kobold Male Gloves,703,704,705,706,707,708,1190,1214,,,,,,,,,,,,,,,,,
19,7,Kobold Male Cloak,148,149,150,,,,,,,,,,,,,,,,,,,,,,
19,8,Kobold Male Hair,151,152,153,154,,,,,,,,,,,,,,,,,,,,,
19,9,Kobold Male Full Helm,1536,1535,1534,1691,1693,1695,1697,1699,1701,1703,1705,1707,,,,,,,,,,,,,
20,0,Kobold Female Head,1298,,,,,,,,,,,,,,,,,,,,,,,,
20,1,Kobold Female Body,709,710,711,712,713,714,715,716,,,,,,,,,,,,,,,,,
20,2,Kobold Female LBody,,,,,,,,,,,,,,,,,,,,,,,,,
20,3,Kobold Female Legs,717,,,,,,,,,,,,,,,,,,,,,,,,
20,4,Kobold Female Boots,718,719,720,721,722,723,1141,1165,,,,,,,,,,,,,,,,,
20,5,Kobold Female Arms,724,,,,,,,,,,,,,,,,,,,,,,,,
20,6,Kobold Female Gloves,725,726,727,728,729,730,1189,1213,,,,,,,,,,,,,,,,,
20,7,Kobold Female Cloak,156,157,158,,,,,,,,,,,,,,,,,,,,,,
20,8,Kobold Female Hair,159,160,161,162,,,,,,,,,,,,,,,,,,,,,
20,9,Kobold Female Full Helm,1539,1538,1537,1690,1692,1694,1696,1698,1700,1702,1704,1706,,,,,,,,,,,,,
21,0,Dwarf Male Head,1297,,,,,,,,,,,,,,,,,,,,,,,,
21,1,Dwarf Male Body,731,732,733,734,735,736,737,738,,,,,,,,,,,,,,,,,
21,2,Dwarf Male LBody,,,,,,,,,,,,,,,,,,,,,,,,,
21,3,Dwarf Male Legs,739,,,,,,,,,,,,,,,,,,,,,,,,
21,4,Dwarf Male Boots,740,741,742,743,744,745,1132,1156,,,,,,,,,,,,,,,,,
21,5,Dwarf Male Arms,746,,,,,,,,,,,,,,,,,,,,,,,,
21,6,Dwarf Male Gloves,747,748,749,750,751,752,1181,1204,,,,,,,,,,,,,,,,,
21,7,Dwarf Male Cloak,164,165,166,,,,,,,,,,,,,,,,,,,,,,
21,8,Dwarf Male Hair,167,168,169,170,1243,1244,,,,,,,,,,,,,,,,,,,
21,9,Dwarf Male Full Helm,1530,1529,1528,1607,1609,1611,1613,1615,1617,1619,1621,1799,,,,,,,,,,,,,
22,0,Dwarf Female Head,1296,,,,,,,,,,,,,,,,,,,,,,,,
22,1,Dwarf Female Body,753,754,755,756,757,758,759,760,,,,,,,,,,,,,,,,,
22,2,Dwarf Female LBody,,,,,,,,,,,,,,,,,,,,,,,,,
22,3,Dwarf Female Legs,761,,,,,,,,,,,,,,,,,,,,,,,,
22,4,Dwarf Female Boots,762,763,764,765,766,767,1131,1155,,,,,,,,,,,,,,,,,
22,5,Dwarf Female Arms,768,,,,,,,,,,,,,,,,,,,,,,,,
22,6,Dwarf Female Gloves,769,770,771,772,773,774,1180,1203,,,,,,,,,,,,,,,,,
22,7,Dwarf Female Cloak,172,173,174,,,,,,,,,,,,,,,,,,,,,,
22,8,Dwarf Female Hair,175,176,177,178,,,,,,,,,,,,,,,,,,,,,
22,9,Dwarf Female Full Helm,1533,1532,1531,1606,1608,1610,1612,1614,1616,1618,1620,1798,,,,,,,,,,,,,
23,0,Inconnu Male Head,1291,,,,,,,,,,,,,,,,,,,,,,,,
23,1,Inconnu Male Body,775,776,777,778,779,780,781,781,,,,,,,,,,,,,,,,,
23,2,Inconnu Male LBody,,,,,,,,,,,,,,,,,,,,,,,,,
23,3,Inconnu Male Legs,783,,,,,,,,,,,,,,,,,,,,,,,,
23,4,Inconnu Male Boots,784,785,786,787,788,789,1140,1164,,,,,,,,,,,,,,,,,
23,5,Inconnu Male Arms,790,,,,,,,,,,,,,,,,,,,,,,,,
23,6,Inconnu Male Gloves,791,792,793,794,795,796,1188,1212,,,,,,,,,,,,,,,,,
23,7,Inconnu Male Cloak,180,181,182,,,,,,,,,,,,,,,,,,,,,,
23,8,Inconnu Male Hair,183,184,185,186,1233,1234,1255,1270,,,,,,,,,,,,,,,,,
23,9,Inconnu Male Full Helm,1518,1517,1516,1673,1675,1677,1679,1681,1683,1685,1687,1689,,,,,,,,,,,,,
24,0,Inconnu Female Head,1290,,,,,,,,,,,,,,,,,,,,,,,,
24,1,Inconnu Female Body,797,798,799,800,801,802,803,803,,,,,,,,,,,,,,,,,
24,2,Inconnu Female LBody,,,,,,,,,,,,,,,,,,,,,,,,,
24,3,Inconnu Female Legs,805,,,,,,,,,,,,,,,,,,,,,,,,
24,4,Inconnu Female Boots,806,807,808,809,810,811,1139,1163,,,,,,,,,,,,,,,,,
24,5,Inconnu Female Arms,812,,,,,,,,,,,,,,,,,,,,,,,,
24,6,Inconnu Female Gloves,813,814,815,816,817,818,1187,1211,,,,,,,,,,,,,,,,,
24,7,Inconnu Female Cloak,188,189,190,,,,,,,,,,,,,,,,,,,,,,
24,8,Inconnu Female Hair,191,192,193,194,1268,,,,,,,,,,,,,,,,,,,,
24,9,Inconnu Female Full Helm,1521,1520,1519,1672,1674,1676,1678,1680,1682,1684,1686,1688,,,,,,,,,,,,,
25,0,Half Ogre Male Head,1287,,,,,,,,,,,,,,,,,,,,,,,,
25,1,Half Ogre Male Body,819,820,821,822,823,824,825,825,,,,,,,,,,,,,,,,,
25,2,Half Ogre Male LBody,,,,,,,,,,,,,,,,,,,,,,,,,
25,3,Half Ogre Male Legs,827,,,,,,,,,,,,,,,,,,,,,,,,
25,4,Half Ogre Male Boots,828,829,830,831,832,833,1136,1160,,,,,,,,,,,,,,,,,
25,5,Half Ogre Male Arms,834,,,,,,,,,,,,,,,,,,,,,,,,
25,6,Half Ogre Male Gloves,835,836,837,838,839,840,1184,1208,,,,,,,,,,,,,,,,,
25,7,Half Ogre Male Cloak,196,197,198,,,,,,,,,,,,,,,,,,,,,,
25,8,Half Ogre Male Hair,199,200,201,202,1229,1230,1275,,,,,,,,,,,,,,,,,,
25,9,Half Ogre Male Full Helm,1548,1547,1546,1637,1639,1641,1643,1645,1647,1649,1651,1653,,,,,,,,,,,,,
26,0,Half Ogre Female Head,1286,,,,,,,,,,,,,,,,,,,,,,,,
26,1,Half Ogre Female Body,841,842,843,844,845,846,847,847,,,,,,,,,,,,,,,,,
26,2,Half Ogre Female LBody,,,,,,,,,,,,,,,,,,,,,,,,,
26,3,Half Ogre Female Legs,849,,,,,,,,,,,,,,,,,,,,,,,,
26,4,Half Ogre Female Boots,850,851,852,853,854,855,1135,1159,,,,,,,,,,,,,,,,,
26,5,Half Ogre Female Arms,856,,,,,,,,,,,,,,,,,,,,,,,,
26,6,Half Ogre Female Gloves,857,858,859,860,861,862,1183,1207,,,,,,,,,,,,,,,,,
26,7,Half Ogre Female Cloak,204,205,206,,,,,,,,,,,,,,,,,,,,,,
26,8,Half Ogre Female Hair,207,208,209,210,,,,,,,,,,,,,,,,,,,,,
26,9,Half Ogre Female Full Helm,1551,1550,1549,1636,1638,1640,1642,1644,1647,1649,1651,1653,,,,,,,,,,,,,
27,0,Valkyn Male Head,1294,,,,,,,,,,,,,,,,,,,,,,,,
27,1,Valkyn Male Body,863,864,865,866,867,868,869,870,,,,,,,,,,,,,,,,,
27,2,Valkyn Male LBody,,,,,,,,,,,,,,,,,,,,,,,,,
27,3,Valkyn Male Legs,871,,,,,,,,,,,,,,,,,,,,,,,,
27,4,Valkyn Male Boots,872,873,874,875,876,877,1150,1175,,,,,,,,,,,,,,,,,
27,5,Valkyn Male Arms,878,,,,,,,,,,,,,,,,,,,,,,,,
27,6,Valkyn Male Gloves,879,880,881,882,883,884,1198,1174,,,,,,,,,,,,,,,,,
27,7,Valkyn Male Cloak,212,213,214,,,,,,,,,,,,,,,,,,,,,,
27,8,Valkyn Male Hair,215,216,217,218,,,,,,,,,,,,,,,,,,,,,
27,9,Valkyn Male Full Helm,1542,1541,1540,1781,1783,1785,1787,1789,1791,1793,1795,1797,,,,,,,,,,,,,
28,0,Valkyn Female Head,1295,,,,,,,,,,,,,,,,,,,,,,,,
28,1,Valkyn Female Body,885,886,887,888,889,890,891,892,,,,,,,,,,,,,,,,,
28,2,Valkyn Female LBody,,,,,,,,,,,,,,,,,,,,,,,,,
28,3,Valkyn Female Legs,893,,,,,,,,,,,,,,,,,,,,,,,,
28,4,Valkyn Female Boots,894,895,896,897,898,899,1149,1173,,,,,,,,,,,,,,,,,
28,5,Valkyn Female Arms,900,,,,,,,,,,,,,,,,,,,,,,,,
28,6,Valkyn Female Gloves,901,902,903,904,905,906,1197,1221,,,,,,,,,,,,,,,,,
28,7,Valkyn Female Cloak,220,221,222,,,,,,,,,,,,,,,,,,,,,,
28,8,Valkyn Female Hair,223,224,225,226,,,,,,,,,,,,,,,,,,,,,
28,9,Valkyn Female Full Helm,1545,1544,1543,1780,1782,1784,1786,1788,1790,1792,1794,1796,,,,,,,,,,,,,
29,0,Firbolg Male Head,1304,,,,,,,,,,,,,,,,,,,,,,,,
29,1,Firbolg Male Body,907,908,909,910,911,912,913,913,,,,,,,,,,,,,,,,,
29,2,Firbolg Male LBody,,,,,,,,,,,,,,,,,,,,,,,,,
29,3,Firbolg Male Legs,915,,,,,,,,,,,,,,,,,,,,,,,,
29,4,Firbolg Male Boots,916,917,918,919,920,921,1134,1158,,,,,,,,,,,,,,,,,
29,5,Firbolg Male Arms,922,,,,,,,,,,,,,,,,,,,,,,,,
29,6,Firbolg Male Gloves,923,924,925,926,927,928,1222,1206,,,,,,,,,,,,,,,,,
29,7,Firbolg Male Cloak,228,229,230,,,,,,,,,,,,,,,,,,,,,,
29,8,Firbolg Male Hair,231,232,233,234,1227,1228,1253,1254,,,,,,,,,,,,,,,,,
29,9,Firbolg Male Full Helm,1512,1511,1510,1623,1625,1627,1629,1631,1633,1635,1801,1803,,,,,,,,,,,,,
30,0,Firbolg Female Head,1280,,,,,,,,,,,,,,,,,,,,,,,,
30,1,Firbolg Female Body,929,930,931,932,933,934,935,935,,,,,,,,,,,,,,,,,
30,2,Firbolg Female LBody,,,,,,,,,,,,,,,,,,,,,,,,,
30,3,Firbolg Female Legs,937,,,,,,,,,,,,,,,,,,,,,,,,
30,4,Firbolg Female Boots,938,939,940,941,942,943,1133,1157,,,,,,,,,,,,,,,,,
30,5,Firbolg Female Arms,944,,,,,,,,,,,,,,,,,,,,,,,,
30,6,Firbolg Female Gloves,945,946,947,948,949,950,1182,1205,,,,,,,,,,,,,,,,,
30,7,Firbolg Female Cloak,236,237,238,,,,,,,,,,,,,,,,,,,,,,
30,8,Firbolg Female Hair,239,240,241,242,,,,,,,,,,,,,,,,,,,,,
30,9,Firbolg Female Full Helm,1515,1514,1513,1622,1624,1626,1628,1630,1632,1634,1800,1802,,,,,,,,,,,,,
31,0,Troll Male Head,1311,,,,,,,,,,,,,,,,,,,,,,,,
31,1,Troll Male Body,951,952,953,954,955,956,957,958,,,,,,,,,,,,,,,,,
31,2,Troll Male LBody,,,,,,,,,,,,,,,,,,,,,,,,,
31,3,Troll Male Legs,959,,,,,,,,,,,,,,,,,,,,,,,,
31,4,Troll Male Boots,960,961,962,963,964,965,1148,1172,,,,,,,,,,,,,,,,,
31,5,Troll Male Arms,966,,,,,,,,,,,,,,,,,,,,,,,,
31,6,Troll Male Gloves,967,968,969,970,971,972,1196,1220,,,,,,,,,,,,,,,,,
31,7,Troll Male Cloak,244,245,246,,,,,,,,,,,,,,,,,,,,,,
31,8,Troll Male Hair,247,248,249,250,,,,,,,,,,,,,,,,,,,,,
31,9,Troll Male Full Helm,1554,1553,1552,1763,1765,1767,1769,1771,1773,1775,1777,1779,,,,,,,,,,,,,
32,0,Troll Female Head,1310,,,,,,,,,,,,,,,,,,,,,,,,
32,1,Troll Female Body,973,974,975,976,977,978,979,980,,,,,,,,,,,,,,,,,
32,2,Troll Female LBody,,,,,,,,,,,,,,,,,,,,,,,,,
32,3,Troll Female Legs,981,,,,,,,,,,,,,,,,,,,,,,,,
32,4,Troll Female Boots,982,983,984,985,986,987,1147,1171,,,,,,,,,,,,,,,,,
32,5,Troll Female Arms,988,,,,,,,,,,,,,,,,,,,,,,,,
32,6,Troll Female Gloves,989,990,991,992,993,994,1195,1219,,,,,,,,,,,,,,,,,
32,7,Troll Female Cloak,252,253,254,,,,,,,,,,,,,,,,,,,,,,
32,8,Troll Female Hair,255,256,257,258,,,,,,,,,,,,,,,,,,,,,
32,9,Troll Female Full Helm,1557,1556,1555,1762,1764,1766,1768,1770,1772,1774,1776,1778,,,,,,,,,,,,,
33,0,Celt Male Head,1306,,,,,,,,,,,,,,,,,,,,,,,,
33,1,Celt Male Body,995,996,997,998,999,1000,1001,1002,,,,,,,,,,,,,,,,,
33,2,Celt Male LBody,,,,,,,,,,,,,,,,,,,,,,,,,
33,3,Celt Male Legs,1003,,,,,,,,,,,,,,,,,,,,,,,,
33,4,Celt Male Boots,1004,1005,1006,1007,1008,1009,1130,1154,,,,,,,,,,,,,,,,,
33,5,Celt Male Arms,1010,,,,,,,,,,,,,,,,,,,,,,,,
33,6,Celt Male Gloves,1011,1012,1013,1014,1015,1016,1179,1202,,,,,,,,,,,,,,,,,
33,7,Celt Male Cloak,260,261,262,,,,,,,,,,,,,,,,,,,,,,
33,8,Celt Male Hair,263,264,265,266,1252,,1256,1262,,,,,,,,,,,,,,,,,
33,9,Celt Male Full Helm,1494,1493,1492,1589,1591,1593,1595,1597,1599,1601,1603,1605,,,,,,,,,,,,,
34,0,Celt Female Head,1282,,,,,,,,,,,,,,,,,,,,,,,,
34,1,Celt Female Body,1017,1018,1019,1020,1021,1022,1023,1024,,,,,,,,,,,,,,,,,
34,2,Celt Female LBody,,,,,,,,,,,,,,,,,,,,,,,,,
34,3,Celt Female Legs,1025,,,,,,,,,,,,,,,,,,,,,,,,
34,4,Celt Female Boots,1026,1027,1028,1029,1030,1031,1129,1153,,,,,,,,,,,,,,,,,
34,5,Celt Female Arms,1032,,,,,,,,,,,,,,,,,,,,,,,,
34,6,Celt Female Gloves,1033,1034,1035,1036,1037,1038,1178,1201,,,,,,,,,,,,,,,,,
34,7,Celt Female Cloak,268,269,270,,,,,,,,,,,,,,,,,,,,,,
34,8,Celt Female Hair,273,272,271,274,1258,,,,,,,,,,,,,,,,,,,,
34,9,Celt Female Full Helm,1497,1496,1495,1588,1590,1592,1594,1596,1598,1600,1602,1604,,,,,,,,,,,,,
35,0,Sylvan Male Head,1309,,,,,,,,,,,,,,,,,,,,,,,,
35,1,Sylvan Male Body,1039,1040,1041,1042,1043,1044,1045,1045,,,,,,,,,,,,,,,,,
35,2,Sylvan Male LBody,,,,,,,,,,,,,,,,,,,,,,,,,
35,3,Sylvan Male Legs,1047,,,,,,,,,,,,,,,,,,,,,,,,
35,4,Sylvan Male Boots,1048,1049,1050,1051,1052,1053,1128,1152,,,,,,,,,,,,,,,,,
35,5,Sylvan Male Arms,1054,,,,,,,,,,,,,,,,,,,,,,,,
35,6,Sylvan Male Gloves,1055,1056,1057,1058,1059,1060,1177,1200,,,,,,,,,,,,,,,,,
35,7,Sylvan Male Cloak,276,277,278,,,,,,,,,,,,,,,,,,,,,,
35,8,Sylvan Male Hair,279,280,281,282,1241,1242,,,,,,,,,,,,,,,,,,,
35,9,Sylvan Male Full Helm,1566,1565,1564,1745,1747,1749,1751,1753,1755,1757,1759,1761,,,,,,,,,,,,,
36,0,Sylvan Female Head,1281,,,,,,,,,,,,,,,,,,,,,,,,
36,1,Sylvan Female Body,1061,1062,1063,1064,1065,1066,1067,1067,,,,,,,,,,,,,,,,,
36,2,Sylvan Female LBody,,,,,,,,,,,,,,,,,,,,,,,,,
36,3,Sylvan Female Legs,1069,,,,,,,,,,,,,,,,,,,,,,,,
36,4,Sylvan Female Boots,1070,1071,1072,1073,1074,1075,1127,1151,,,,,,,,,,,,,,,,,
36,5,Sylvan Female Arms,1076,,,,,,,,,,,,,,,,,,,,,,,,
36,6,Sylvan Female Gloves,1077,1078,1079,1080,1081,1082,1176,1199,,,,,,,,,,,,,,,,,
36,7,Sylvan Female Cloak,284,285,286,,,,,,,,,,,,,,,,,,,,,,
36,8,Sylvan Female Hair,287,288,289,290,,,,,,,,,,,,,,,,,,,,,
36,9,Sylvan Female Full Helm,1569,1568,1567,1744,1746,1748,1750,1752,1754,1756,1758,1760,,,,,,,,,,,,,
37,0,Bainshee Celt Female Head,9,,,,,,,,,,,,,,,,,,,,,,,,
37,1,Bainshee Celt Female Body,1470,1470,1117,1117,1117,1117,1117,1117,,,,,,,,,,,,,,,,,
37,2,Bainshee Celt Female LBody,,,,,,,,,,,,,,,,,,,,,,,,,
37,3,Bainshee Celt Female Legs,,,,,,,,,,,,,,,,,,,,,,,,,
37,4,Bainshee Celt Female Boots,1115,1115,1115,1115,1115,1115,1115,1115,,,,,,,,,,,,,,,,,
37,5,Bainshee Celt Female Arms,,,,,,,,,,,,,,,,,,,,,,,,,
37,6,Bainshee Celt Female Gloves,1116,1116,1116,1116,1116,1116,1116,1116,,,,,,,,,,,,,,,,,
37,7,Bainshee Celt Female Cloak,,,,,,,,,,,,,,,,,,,,,,,,,
37,8,Bainshee Celt Female Hair,1118,1118,1118,1118,1118,,,,,,,,,,,,,,,,,,,,
38,0,Bainshee Luri Female Head,139,,,,,,,,,,,,,,,,,,,,,,,,
38,1,Bainshee Luri Female Body,1472,1472,1121,1121,1121,1121,1121,1121,,,,,,,,,,,,,,,,,
38,2,Bainshee Luri Female LBody,,,,,,,,,,,,,,,,,,,,,,,,,
38,3,Bainshee Luri Female Legs,,,,,,,,,,,,,,,,,,,,,,,,,
38,4,Bainshee Luri Female Boots,1119,1119,1119,1119,1119,1119,1119,1119,,,,,,,,,,,,,,,,,
38,5,Bainshee Luri Female Arms,,,,,,,,,,,,,,,,,,,,,,,,,
38,6,Bainshee Luri Female Gloves,1120,1120,1120,1120,1120,1120,1120,1120,,,,,,,,,,,,,,,,,
38,7,Bainshee Luri Female Cloak,,,,,,,,,,,,,,,,,,,,,,,,,
38,8,Bainshee Luri Female Hair,1122,1122,1122,1122,,,,,,,,,,,,,,,,,,,,,
39,0,Bainshee Elf Female Head,89,,,,,,,,,,,,,,,,,,,,,,,,
39,1,Bainshee Elf Female Body,1471,1471,1125,1125,1125,1125,1125,1125,,,,,,,,,,,,,,,,,
39,2,Bainshee Elf Female LBody,,,,,,,,,,,,,,,,,,,,,,,,,
39,3,Bainshee Elf Female Legs,,,,,,,,,,,,,,,,,,,,,,,,,
39,4,Bainshee Elf Female Boots,1123,1123,1123,1123,1123,1123,1123,1123,,,,,,,,,,,,,,,,,
39,5,Bainshee Elf Female Arms,,,,,,,,,,,,,,,,,,,,,,,,,
39,6,Bainshee Elf Female Gloves,1124,1124,1124,1124,1124,1124,1124,1124,,,,,,,,,,,,,,,,,
39,7,Bainshee Elf Female Cloak,,,,,,,,,,,,,,,,,,,,,,,,,
39,8,Bainshee Elf Female Hair,1126,1126,1126,1126,,,,,,,,,,,,,,,,,,,,,
40,0,Stag Head,,,,,,,,,,,,,,,,,,,,,,,,,
40,1,Stag Body,1247,1247,1247,1247,1247,1247,1245,1245,,,,,,,,,,,,,,,,,
40,2,Stag LBody,,,,,,,,,,,,,,,,,,,,,,,,,
40,3,Stag Legs,,,,,,,,,,,,,,,,,,,,,,,,,
40,4,Stag Boots,1246,1246,1246,1246,1246,1246,1246,1246,,,,,,,,,,,,,,,,,
40,5,Stag Arms,,,,,,,,,,,,,,,,,,,,,,,,,
40,6,Stag Gloves,,,,,,,,,,,,,,,,,,,,,,,,,
40,7,Stag Cloak,,,,,,,,,,,,,,,,,,,,,,,,,
40,8,Stag Hair,,,,,,,,,,,,,,,,,,,,,,,,,
41,0,Vendo Head,,,,,,,,,,,,,,,,,,,,,,,,,
41,1,Vendo Body,1248,1248,1248,1248,1248,1248,1250,1250,,,,,,,,,,,,,,,,,
41,2,Vendo LBody,,,,,,,,,,,,,,,,,,,,,,,,,
41,3,Vendo Legs,,,,,,,,,,,,,,,,,,,,,,,,,
41,4,Vendo Boots,1249,1249,1249,1249,1249,1249,1249,1249,,,,,,,,,,,,,,,,,
41,5,Vendo Arms,,,,,,,,,,,,,,,,,,,,,,,,,
41,6,Vendo Gloves,,,,,,,,,,,,,,,,,,,,,,,,,
41,7,Vendo Cloak,,,,,,,,,,,,,,,,,,,,,,,,,
41,8,Vendo Hair,,,,,,,,,,,,,,,,,,,,,,,,,
42,0,Briton Old Man Head,1316,,,,,,,,,,,,,,,,,,,,,,,,
42,1,Briton Old Man Body,467,468,469,470,471,472,473,474,,,,,,,,,,,,,,,,,
42,2,Briton Old Man LBody,,,,,,,,,,,,,,,,,,,,,,,,,
42,3,Briton Old Man Legs,475,,,,,,,,,,,,,,,,,,,,,,,,
42,4,Briton Old Man Boots,476,477,478,479,480,481,1128,1152,,,,,,,,,,,,,,,,,
42,5,Briton Old Man Arms,482,,,,,,,,,,,,,,,,,,,,,,,,
42,6,Briton Old Man Gloves,483,484,485,486,487,488,1177,1200,,,,,,,,,,,,,,,,,
42,7,Briton Old Man Cloak,66,67,68,,,,,,,,,,,,,,,,,,,,,,
42,8,Briton Old Man Hair,1315,1315,1315,1315,,,,,,,,,,,,,,,,,,,,,
43,0,Briton Old Woman Head,1314,,,,,,,,,,,,,,,,,,,,,,,,
43,1,Briton Old Woman Body,489,490,491,492,493,494,495,496,,,,,,,,,,,,,,,,,
43,2,Briton Old Woman LBody,,,,,,,,,,,,,,,,,,,,,,,,,
43,3,Briton Old Woman Legs,497,,,,,,,,,,,,,,,,,,,,,,,,
43,4,Briton Old Woman Boots,498,499,500,501,502,503,1127,1151,,,,,,,,,,,,,,,,,
43,5,Briton Old Woman Arms,504,,,,,,,,,,,,,,,,,,,,,,,,
43,6,Briton Old Woman Gloves,505,506,507,508,509,510,1176,1199,,,,,,,,,,,,,,,,,
43,7,Briton Old Woman Cloak,74,75,76,,,,,,,,,,,,,,,,,,,,,,
43,8,Briton Old Woman Hair,1319,1319,1319,1319,1319,1319,1319,1319,,,,,,,,,,,,,,,,,
44,0,Celt Old Man Head,1316,,,,,,,,,,,,,,,,,,,,,,,,
44,1,Celt Old Man Body,467,468,469,470,471,472,473,474,,,,,,,,,,,,,,,,,
44,2,Celt Old Man LBody,,,,,,,,,,,,,,,,,,,,,,,,,
44,3,Celt Old Man Legs,475,,,,,,,,,,,,,,,,,,,,,,,,
44,4,Celt Old Man Boots,476,477,478,479,480,481,1128,1152,,,,,,,,,,,,,,,,,
44,5,Celt Old Man Arms,482,,,,,,,,,,,,,,,,,,,,,,,,
44,6,Celt Old Man Gloves,483,484,485,486,487,488,1177,1200,,,,,,,,,,,,,,,,,
44,7,Celt Old Man Cloak,66,67,68,,,,,,,,,,,,,,,,,,,,,,
44,8,Celt Old Man Hair,1315,1315,1315,1315,1315,1315,1315,1315,,,,,,,,,,,,,,,,,
45,0,Celt Old Woman Head,1314,,,,,,,,,,,,,,,,,,,,,,,,
45,1,Celt Old Woman Body,489,490,491,492,493,494,495,496,,,,,,,,,,,,,,,,,
45,2,Celt Old Woman LBody,,,,,,,,,,,,,,,,,,,,,,,,,
45,3,Celt Old Woman Legs,497,,,,,,,,,,,,,,,,,,,,,,,,
45,4,Celt Old Woman Boots,498,499,500,501,502,503,1127,1151,,,,,,,,,,,,,,,,,
45,5,Celt Old Woman Arms,504,,,,,,,,,,,,,,,,,,,,,,,,
45,6,Celt Old Woman Gloves,505,506,507,508,509,510,1176,1199,,,,,,,,,,,,,,,,,
45,7,Celt Old Woman Cloak,74,75,76,,,,,,,,,,,,,,,,,,,,,,
45,8,Celt Old Woman Hair,1319,1319,1319,1319,1319,1319,1319,1319,,,,,,,,,,,,,,,,,
46,0,Norse Old Man Head,1313,,,,,,,,,,,,,,,,,,,,,,,,
46,1,Norse Old Man Body,995,996,997,998,999,1000,1001,1002,,,,,,,,,,,,,,,,,
46,2,Norse Old Man LBody,,,,,,,,,,,,,,,,,,,,,,,,,
46,3,Norse Old Man Legs,1003,,,,,,,,,,,,,,,,,,,,,,,,
46,4,Norse Old Man Boots,1004,1005,1006,1007,1008,1009,1130,1154,,,,,,,,,,,,,,,,,
46,5,Norse Old Man Arms,1010,,,,,,,,,,,,,,,,,,,,,,,,
46,6,Norse Old Man Gloves,1011,1012,1013,1014,1015,1016,1179,1202,,,,,,,,,,,,,,,,,
46,7,Norse Old Man Cloak,260,261,262,,,,,,,,,,,,,,,,,,,,,,
46,8,Norse Old Man Hair,1318,1318,1318,1318,1318,1318,1318,1318,,,,,,,,,,,,,,,,,
47,0,Norse Old Woman Head,1317,,,,,,,,,,,,,,,,,,,,,,,,
47,1,Norse Old Woman Body,621,622,623,624,625,626,627,628,,,,,,,,,,,,,,,,,
47,2,Norse Old Woman LBody,,,,,,,,,,,,,,,,,,,,,,,,,
47,3,Norse Old Woman Legs,629,,,,,,,,,,,,,,,,,,,,,,,,
47,4,Norse Old Woman Boots,630,631,632,633,634,635,1137,1161,,,,,,,,,,,,,,,,,
47,5,Norse Old Woman Arms,636,,,,,,,,,,,,,,,,,,,,,,,,
47,6,Norse Old Woman Gloves,637,638,639,640,641,642,1185,1209,,,,,,,,,,,,,,,,,
47,7,Norse Old Woman Cloak,124,125,126,,,,,,,,,,,,,,,,,,,,,,
47,8,Norse Old Woman Hair,15,15,15,15,15,15,15,15,,,,,,,,,,,,,,,,,
48,0,Hawsie 1 Head,,,,,,,,,,,,,,,,,,,,,,,,,
48,1,Hawsie 1 Body,1342,1342,1342,1342,1342,1342,1342,1342,,,,,,,,,,,,,,,,,
48,2,Hawsie 1 LBody,,,,,,,,,,,,,,,,,,,,,,,,,
48,3,Hawsie 1 Legs,,,,,,,,,,,,,,,,,,,,,,,,,
48,4,Hawsie 1 Boots,1341,1341,1341,1341,1341,1341,1341,1341,,,,,,,,,,,,,,,,,
48,5,Hawsie 1 Arms,,,,,,,,,,,,,,,,,,,,,,,,,
48,6,Hawsie 1 Gloves,,,,,,,,,,,,,,,,,,,,,,,,,
48,7,Hawsie 1 Cloak,1343,1343,1343,1343,1343,1343,1343,1343,,,,,,,,,,,,,,,,,
48,8,Hawsie 1 Hair,1344,,,,,,,,,,,,,,,,,,,,,,,,
49,0,Nightmare Head,,,,,,,,,,,,,,,,,,,,,,,,,
49,1,Nightmare Body,1342,1342,1342,1342,1342,1342,1342,1342,,,,,,,,,,,,,,,,,
49,2,Nightmare LBody,,,,,,,,,,,,,,,,,,,,,,,,,
49,3,Nightmare Legs,,,,,,,,,,,,,,,,,,,,,,,,,
49,4,Nightmare Boots,1341,1341,1341,1341,1341,1341,1341,1341,,,,,,,,,,,,,,,,,
49,5,Nightmare Arms,,,,,,,,,,,,,,,,,,,,,,,,,
49,6,Nightmare Gloves,,,,,,,,,,,,,,,,,,,,,,,,,
49,7,Nightmare Cloak,1343,1343,1343,1343,1343,1343,1343,1343,,,,,,,,,,,,,,,,,
49,8,Nightmare Hair,1347,,,,,,,,,,,,,,,,,,,,,,,,
50,0,Heavy Head,,,,,,,,,,,,,,,,,,,,,,,,,
50,1,Heavy Body,1342,1342,1342,1342,1342,1342,1342,1342,,,,,,,,,,,,,,,,,
50,2,Heavy LBody,,,,,,,,,,,,,,,,,,,,,,,,,
50,3,Heavy Legs,,,,,,,,,,,,,,,,,,,,,,,,,
50,4,Heavy Boots,1341,1341,1341,1341,1341,1341,1341,1341,,,,,,,,,,,,,,,,,
50,5,Heavy Arms,,,,,,,,,,,,,,,,,,,,,,,,,
50,6,Heavy Gloves,,,,,,,,,,,,,,,,,,,,,,,,,
50,7,Heavy Cloak,1343,1343,1343,1343,1343,1343,1343,1343,,,,,,,,,,,,,,,,,
50,8,Heavy Hair,1346,,,,,,,,,,,,,,,,,,,,,,,,
51,0,Undead Head,,,,,,,,,,,,,,,,,,,,,,,,,
51,1,Undead Body,1342,1342,1342,1342,1342,1342,1342,1342,,,,,,,,,,,,,,,,,
51,2,Undead LBody,,,,,,,,,,,,,,,,,,,,,,,,,
51,3,Undead Legs,,,,,,,,,,,,,,,,,,,,,,,,,
51,4,Undead Boots,1341,1341,1341,1341,1341,1341,1341,1341,,,,,,,,,,,,,,,,,
51,5,Undead Arms,,,,,,,,,,,,,,,,,,,,,,,,,
51,6,Undead Gloves,,,,,,,,,,,,,,,,,,,,,,,,,
51,7,Undead Cloak,1343,1343,1343,1343,1343,1343,1343,1343,,,,,,,,,,,,,,,,,
51,8,Undead Hair,1345,,,,,,,,,,,,,,,,,,,,,,,,
52,0,Unicorn Head,,,,,,,,,,,,,,,,,,,,,,,,,
52,1,Unicorn Body,1342,1342,1342,1342,1342,1342,1342,1342,,,,,,,,,,,,,,,,,
52,2,Unicorn LBody,,,,,,,,,,,,,,,,,,,,,,,,,
52,3,Unicorn Legs,,,,,,,,,,,,,,,,,,,,,,,,,
52,4,Unicorn Boots,1341,1341,1341,1341,1341,1341,1341,1341,,,,,,,,,,,,,,,,,
52,5,Unicorn Arms,,,,,,,,,,,,,,,,,,,,,,,,,
52,6,Unicorn Gloves,,,,,,,,,,,,,,,,,,,,,,,,,
52,7,Unicorn Cloak,1343,1343,1343,1343,1343,1343,1343,1343,,,,,,,,,,,,,,,,,
52,8,Unicorn Hair,1348,,,,,,,,,,,,,,,,,,,,,,,,
53,0,Epic Head,,,,,,,,,,,,,,,,,,,,,,,,,
53,1,Epic Body,1342,1342,1342,1342,1342,1342,1342,1342,,,,,,,,,,,,,,,,,
53,2,Epic LBody,,,,,,,,,,,,,,,,,,,,,,,,,
53,3,Epic Legs,,,,,,,,,,,,,,,,,,,,,,,,,
53,4,Epic Boots,1341,1341,1341,1341,1341,1341,1341,1341,,,,,,,,,,,,,,,,,
53,5,Epic Arms,,,,,,,,,,,,,,,,,,,,,,,,,
53,6,Epic Gloves,,,,,,,,,,,,,,,,,,,,,,,,,
53,7,Epic Cloak,1343,1343,1343,1343,1343,1343,1343,1343,,,,,,,,,,,,,,,,,
53,8,Epic Hair,1346,,,,,,,,,,,,,,,,,,,,,,,,
54,0,Albion King Head,1354,,,,,,,,,,,,,,,,,,,,,,,,
54,1,Albion King Body,1353,1353,1353,1353,1353,1353,1353,1353,,,,,,,,,,,,,,,,,
54,2,Albion King LBody,,,,,,,,,,,,,,,,,,,,,,,,,
54,3,Albion King Legs,1352,1352,1352,1352,1352,1352,1352,1352,,,,,,,,,,,,,,,,,
54,4,Albion King Boots,1349,1349,1349,1349,1349,1349,1349,1349,,,,,,,,,,,,,,,,,
54,5,Albion King Arms,1355,1355,1355,1355,1355,1355,1355,1355,,,,,,,,,,,,,,,,,
54,6,Albion King Gloves,1351,1351,1351,1351,1351,1351,1351,1351,,,,,,,,,,,,,,,,,
54,7,Albion King Cloak,1350,1350,1350,1350,1350,1350,1350,1350,,,,,,,,,,,,,,,,,
54,8,Albion King Hair,,,,,,,,,,,,,,,,,,,,,,,,,
55,0,Midgard King Head,1357,,,,,,,,,,,,,,,,,,,,,,,,
55,1,Midgard King Body,1360,1360,1360,1360,1360,1360,1360,1360,,,,,,,,,,,,,,,,,
55,2,Midgard King LBody,,,,,,,,,,,,,,,,,,,,,,,,,
55,3,Midgard King Legs,1356,1356,1356,1356,1356,1356,1356,1356,,,,,,,,,,,,,,,,,
55,4,Midgard King Boots,1361,1361,1361,1361,1361,1361,1361,1361,,,,,,,,,,,,,,,,,
55,5,Midgard King Arms,1359,1359,1359,1359,1359,1359,1359,1359,,,,,,,,,,,,,,,,,
55,6,Midgard King Gloves,1358,1358,1358,1358,1358,1358,1358,1358,,,,,,,,,,,,,,,,,
55,7,Midgard King Cloak,,,,,,,,,,,,,,,,,,,,,,,,,
55,8,Midgard King Hair,,,,,,,,,,,,,,,,,,,,,,,,,
56,0,Hib King Head,1364,,,,,,,,,,,,,,,,,,,,,,,,
56,1,HibKing Body,1367,1367,1367,1367,1367,1367,1367,1367,,,,,,,,,,,,,,,,,
56,2,Hib King LBody,,,,,,,,,,,,,,,,,,,,,,,,,
56,3,Hib King Legs,1363,1363,1363,1363,1363,1363,1363,1363,,,,,,,,,,,,,,,,,
56,4,Hib King Boots,1366,1366,1366,1366,1366,1366,1366,1366,,,,,,,,,,,,,,,,,
56,5,Hib King Arms,1362,1362,1362,1362,1362,1362,1362,1362,,,,,,,,,,,,,,,,,
56,6,Hib King Gloves,1365,1365,1365,1365,1365,1365,1365,1365,,,,,,,,,,,,,,,,,
56,7,Hib King Cloak,1363,1363,1363,1363,1363,1363,1363,1363,,,,,,,,,,,,,,,,,
56,8,Hib King Hair,,,,,,,,,,,,,,,,,,,,,,,,,
57,0,Player Skeleton Head,1384,,,,,,,,,,,,,,,,,,,,,,,,
57,1,Player Skeleton Body,1383,1382,1381,1380,1379,1378,1377,1376,,,,,,,,,,,,,,,,,
57,2,Player Skeleton Lbody,,,,,,,,,,,,,,,,,,,,,,,,,
57,3,Player Skeleton Legs, , , , , , , , ,,,,,,,,,,,,,,,,,
57,4,Player Skeleton Boots,1375,1374,1375,1372,1371,1370,1369,1368, ,,,,,,,,,,,,,,,,
57,5,Player Skeleton Arms, , , , , , , , , ,,,,,,,,,,,,,,,,
57,6,Player Skeleton Gloves,1392,1391,1392,1389,1388,1387,1386,1385, ,,,,,,,,,,,,,,,,
57,7,Player Skeleton Cloak,1393,1394,1395, , , , , ,,,,,,,,,,,,,,,,,
57,8,Player Skeleton Hair,,,,,,,,,,,,,,,,,,,,,,,,,
58,0,Player Rez Skeleton Head,1384,,,,,,,,,,,,,,,,,,,,,,,,
58,1,Player Rez Skeleton Body,1396,1382,1381,1380,1379,1378,1377,1376,,,,,,,,,,,,,,,,,
58,2,Player Rez Skeleton Lbody,,,,,,,,,,,,,,,,,,,,,,,,,
58,3,Player Rez Skeleton Legs, , , , , , , , ,,,,,,,,,,,,,,,,,
58,4,Player  RezSkeleton Boots,1397,1374,1397,1372,1371,1370,1369,1368,,,,,,,,,,,,,,,,,
58,5,Player Rez Skeleton Arms, , , , , , , , ,,,,,,,,,,,,,,,,,
58,6,Player Rez Skeleton Gloves,1398,1391,1398,1389,1388,1387,1386,1385,,,,,,,,,,,,,,,,,
58,7,Player Rez Skeleton Cloak,1393,1394,1395, , , , , ,,,,,,,,,,,,,,,,,
58,8,Player Rez Skeleton Hair,,,,,,,,,,,,,,,,,,,,,,,,,
59,0,Unicorn Head,,,,,,,,,,,,,,,,,,,,,,,,,
59,1,Unicorn Body,1342,1342,1342,1342,1342,1342,1342,1342,,,,,,,,,,,,,,,,,
59,2,Unicorn LBody,,,,,,,,,,,,,,,,,,,,,,,,,
59,3,Unicorn Legs,,,,,,,,,,,,,,,,,,,,,,,,,
59,4,Unicorn Boots,1341,1341,1341,1341,1341,1341,1341,1341,,,,,,,,,,,,,,,,,
59,5,Unicorn Arms,,,,,,,,,,,,,,,,,,,,,,,,,
59,6,Unicorn Gloves,,,,,,,,,,,,,,,,,,,,,,,,,
59,7,Unicorn Cloak,1343,1343,1343,1343,1343,1343,1343,1343,,,,,,,,,,,,,,,,,
59,8,Unicorn Hair,1348,,,,,,,,,,,,,,,,,,,,,,,,
60,0,Headless Elf Male Head,1399,,,,,,,,,,,,,,,,,,,,,,,,
60,1,Headless Elf Male Body,511,512,513,514,515,516,517,517,,,,,,,,,,,,,,,,,
60,2,Headless Elf Male LBody,,,,,,,,,,,,,,,,,,,,,,,,,
60,3,Headless Elf Male Legs,519,,,,,,,,,,,,,,,,,,,,,,,,
60,4,Headless Elf Male Boots,520,521,522,523,524,525,1128,1152,,,,,,,,,,,,,,,,,
60,5,Headless Elf Male Arms,526,,,,,,,,,,,,,,,,,,,,,,,,
60,6,Headless Elf Male Gloves,527,528,529,530,531,532,1177,1200,,,,,,,,,,,,,,,,,
60,7,Headless Elf Male Cloak,82,83,84,,,,,,,,,,,,,,,,,,,,,,
60,8,Headless Elf Male Hair, , , , ,,,,,,,,,,,,,,,,,,,,,
61,0,Alb Mino Head,1434,,,,,,,,,,,,,,,,,,,,,,,,
61,1,Alb Min Body,1417,1418,1419,1420,1421,1422,1423,1424,,,,,,,,,,,,,,,,,
61,2,Alb Mino Lbody,,,,,,,,,,,,,,,,,,,,,,,,,
61,3,Alb Mino Legs,1433,,,,,,,,,,,,,,,,,,,,,,,,
61,4,Alb Mino Boots,1425,1426,1427,1428,1429,1430,1431,1432,,,,,,,,,,,,,,,,,
61,5,Alb Mino Arms,1435,,,,,,,,,,,,,,,,,,,,,,,,
61,6,Alb Mino Gloves,1400,1401,1402,1403,1404,1405,1406,1407,,,,,,,,,,,,,,,,,
61,7,Alb Mino Cloak,1410,1413,1416,,,,,,,,,,,,,,,,,,,,,,
61,8,Alb Mino Hair,1436,1437,1438,1439,1440,1441,1442,1443,1444,1445,,,,,,,,,,,,,,,
62,0,Mid Mino Head,1434,,,,,,,,,,,,,,,,,,,,,,,,
62,1,Mid Min Body,1417,1418,1419,1420,1421,1422,1423,1424,,,,,,,,,,,,,,,,,
62,2,Mid Mino Lbody,,,,,,,,,,,,,,,,,,,,,,,,,
62,3,Mid Mino Legs,1433,,,,,,,,,,,,,,,,,,,,,,,,
62,4,Mid Mino Boots,1425,1426,1427,1428,1429,1430,1431,1432,,,,,,,,,,,,,,,,,
62,5,Mid Mino Arms,1435,,,,,,,,,,,,,,,,,,,,,,,,
62,6,Mid Mino Gloves,1400,1401,1402,1403,1404,1405,1406,1407,,,,,,,,,,,,,,,,,
62,7,Mid Mino Cloak,1408,1411,1414,,,,,,,,,,,,,,,,,,,,,,
62,8,Mid Mino Hair,1449,1450,1451,1452,1453,1454,1455,1456,1457,1458,,,,,,,,,,,,,,,
63,0,Hib Mino Head,1434,,,,,,,,,,,,,,,,,,,,,,,,
63,1,Hib Min Body,1417,1418,1419,1420,1421,1422,1423,1424,,,,,,,,,,,,,,,,,
63,2,Hib Mino Lbody,,,,,,,,,,,,,,,,,,,,,,,,,
63,3,Hib Mino Legs,1433,,,,,,,,,,,,,,,,,,,,,,,,
63,4,Hib Mino Boots,1425,1426,1427,1428,1429,1430,1431,1432,,,,,,,,,,,,,,,,,
63,5,Hib Mino Arms,1435,,,,,,,,,,,,,,,,,,,,,,,,
63,6,Hib Mino Gloves,1400,1401,1402,1403,1404,1405,1406,1407,,,,,,,,,,,,,,,,,
63,7,Hib Mino Cloak,1409,1412,1415,,,,,,,,,,,,,,,,,,,,,,
63,8,Hib Mino Hair,1459,1460,1461,1462,1463,1464,1465,1466,1467,1468,,,,,,,,,,,,,,,
64,0,Stone Inconnu Female Head,1290,,,,,,,,,,,,,,,,,,,,,,,,
64,1,Stone Inconnu Female Body,797,,,,,,,,,,,,,,,,,,,,,,,,
64,2,Stone Inconnu Female LBody,,,,,,,,,,,,,,,,,,,,,,,,,
64,3,Stone Inconnu Female Legs,805,,,,,,,,,,,,,,,,,,,,,,,,
64,4,Stone Inconnu Female Boots,806,,,,,,,,,,,,,,,,,,,,,,,,
64,5,Stone Inconnu Female Arms,812,,,,,,,,,,,,,,,,,,,,,,,,
64,6,Stone Inconnu Female Gloves,813,,,,,,,,,,,,,,,,,,,,,,,,
64,7,Stone Inconnu Female Cloak,188,189,190,,,,,,,,,,,,,,,,,,,,,,
64,8,Stone Inconnu Female Hair,191,192,193,194,1268,,,,,,,,,,,,,,,,,,,,
65,0,Shade Inconnu Female Head,1290,,,,,,,,,,,,,,,,,,,,,,,,
65,1,Shade Inconnu Female Body,797,,,,,,,,,,,,,,,,,,,,,,,,
65,2,Shade Inconnu Female LBody,,,,,,,,,,,,,,,,,,,,,,,,,
65,3,Shade Inconnu Female Legs,805,,,,,,,,,,,,,,,,,,,,,,,,
65,4,Shade Inconnu Female Boots,806,,,,,,,,,,,,,,,,,,,,,,,,
65,5,Shade Inconnu Female Arms,812,,,,,,,,,,,,,,,,,,,,,,,,
65,6,Shade Inconnu Female Gloves,813,,,,,,,,,,,,,,,,,,,,,,,,
65,7,Shade Inconnu Female Cloak,188,189,190,,,,,,,,,,,,,,,,,,,,,,
65,8,Shade Inconnu Female Hair,191,192,193,194,1268,,,,,,,,,,,,,,,,,,,,
66,0,Mummy Inconnu Female Head,1290,,,,,,,,,,,,,,,,,,,,,,,,
66,1,Mummy Inconnu Female Body,797,,,,,,,,,,,,,,,,,,,,,,,,
66,2,Mummy Inconnu Female LBody,,,,,,,,,,,,,,,,,,,,,,,,,
66,3,Mummy Inconnu Female Legs,805,,,,,,,,,,,,,,,,,,,,,,,,
66,4,Mummy Inconnu Female Boots,806,,,,,,,,,,,,,,,,,,,,,,,,
66,5,Mummy Inconnu Female Arms,812,,,,,,,,,,,,,,,,,,,,,,,,
66,6,Mummy Inconnu Female Gloves,813,,,,,,,,,,,,,,,,,,,,,,,,
66,7,Mummy Inconnu Female Cloak,188,189,190,,,,,,,,,,,,,,,,,,,,,,
66,8,Mummy Inconnu Female Hair, ,,,,,,,,,,,,,,,,,,,,,,,,
67,0,Stone Inconnu Male Head,1291,,,,,,,,,,,,,,,,,,,,,,,,
67,1,Stone Inconnu Male Body,775,,,,,,,,,,,,,,,,,,,,,,,,
67,2,Stone Inconnu Male LBody,,,,,,,,,,,,,,,,,,,,,,,,,
67,3,Stone Inconnu Male Legs,783,,,,,,,,,,,,,,,,,,,,,,,,
67,4,Stone Inconnu Male Boots,784,,,,,,,,,,,,,,,,,,,,,,,,
67,5,Stone Inconnu Male Arms,790,,,,,,,,,,,,,,,,,,,,,,,,
67,6,Stone Inconnu Male Gloves,791,,,,,,,,,,,,,,,,,,,,,,,,
67,7,Stone Inconnu Male Cloak,188,189,190,,,,,,,,,,,,,,,,,,,,,,
67,8,Stone Inconnu Male Hair,183,184,185,186,1233,1234,1255,1270,,,,,,,,,,,,,,,,,
68,0,Shade Inconnu Male Head,1291,,,,,,,,,,,,,,,,,,,,,,,,
68,1,Shade Inconnu Male Body,775,,,,,,,,,,,,,,,,,,,,,,,,
68,2,Shade Inconnu Male LBody,,,,,,,,,,,,,,,,,,,,,,,,,
68,3,Shade Inconnu Male Legs,783,,,,,,,,,,,,,,,,,,,,,,,,
68,4,Shade Inconnu Male Boots,784,,,,,,,,,,,,,,,,,,,,,,,,
68,5,Shade Inconnu Male Arms,790,,,,,,,,,,,,,,,,,,,,,,,,
68,6,Shade Inconnu Male Gloves,791,,,,,,,,,,,,,,,,,,,,,,,,
68,7,Shade Inconnu Male Cloak,188,189,190,,,,,,,,,,,,,,,,,,,,,,
68,8,Shade Inconnu Male Hair,183,184,185,186,1233,1234,1255,1270,,,,,,,,,,,,,,,,,
69,0,Mummy Inconnu Male Head,1291,,,,,,,,,,,,,,,,,,,,,,,,
69,1,Mummy Inconnu Male Body,775,,,,,,,,,,,,,,,,,,,,,,,,
69,2,Mummy Inconnu Male LBody,,,,,,,,,,,,,,,,,,,,,,,,,
69,3,Mummy Inconnu Male Legs,783,,,,,,,,,,,,,,,,,,,,,,,,
69,4,Mummy Inconnu Male Boots,784,,,,,,,,,,,,,,,,,,,,,,,,
69,5,Mummy Inconnu Male Arms,790,,,,,,,,,,,,,,,,,,,,,,,,
69,6,Mummy Inconnu Male Gloves,791,,,,,,,,,,,,,,,,,,,,,,,,
69,7,Mummy Inconnu Male Cloak,188,189,190,,,,,,,,,,,,,,,,,,,,,,
69,8,Mummy Inconnu Male Hair,,,,,,,,,,,,,,,,,,,,,,,,,
70,0,Stone Briton Male Head,1306,,,,,,,,,,,,,,,,,,,,,,,,
70,1,Stone Briton Male Body,291,,,,,,,,,,,,,,,,,,,,,,,,
70,2,Stone Briton Male LBody,,,,,,,,,,,,,,,,,,,,,,,,,
70,3,Stone Briton Male Legs,299,,,,,,,,,,,,,,,,,,,,,,,,
70,4,Stone Briton Male Boots,300,,,,,,,,,,,,,,,,,,,,,,,,
70,5,Stone Briton Male Arms,306,,,,,,,,,,,,,,,,,,,,,,,,
70,6,Stone Briton Male Gloves,307,,,,,,,,,,,,,,,,,,,,,,,,
70,7,Stone Briton Male Cloak,2,3,4,,,,,,,,,,,,,,,,,,,,,,
70,8,Stone Briton Male Hair,5,6,7,8,1225,1256,,1262,,,,,,,,,,,,,,,,,
71,0,Shade Briton Male Head,1306,,,,,,,,,,,,,,,,,,,,,,,,
71,1,Shade Briton Male Body,291,,,,,,,,,,,,,,,,,,,,,,,,
71,2,Shade Briton Male LBody,,,,,,,,,,,,,,,,,,,,,,,,,
71,3,Shade Briton Male Legs,299,,,,,,,,,,,,,,,,,,,,,,,,
71,4,Shade Briton Male Boots,300,,,,,,,,,,,,,,,,,,,,,,,,
71,5,Shade Briton Male Arms,306,,,,,,,,,,,,,,,,,,,,,,,,
71,6,Shade Briton Male Gloves,307,,,,,,,,,,,,,,,,,,,,,,,,
71,7,Shade Briton Male Cloak,2,3,4,,,,,,,,,,,,,,,,,,,,,,
71,8,Shade Briton Male Hair,5,6,7,8,1225,1256,,1262,,,,,,,,,,,,,,,,,
72,0,Mummy Briton Male Head,1306,,,,,,,,,,,,,,,,,,,,,,,,
72,1,Mummy Briton Male Body,291,,,,,,,,,,,,,,,,,,,,,,,,
72,2,Mummy Briton Male LBody,,,,,,,,,,,,,,,,,,,,,,,,,
72,3,Mummy Briton Male Legs,299,,,,,,,,,,,,,,,,,,,,,,,,
72,4,Mummy Briton Male Boots,300,,,,,,,,,,,,,,,,,,,,,,,,
72,5,Mummy Briton Male Arms,306,,,,,,,,,,,,,,,,,,,,,,,,
72,6,Mummy Briton Male Gloves,307,,,,,,,,,,,,,,,,,,,,,,,,
72,7,Mummy Briton Male Cloak,2,3,4,,,,,,,,,,,,,,,,,,,,,,
72,8,Mummy Briton Male Hair, ,,,,,,,,,,,,,,,,,,,,,,,,
73,0,Stone Briton Female Head,1282,,,,,,,,,,,,,,,,,,,,,,,,
73,1,Stone Briton Female Body,313,,,,,,,,,,,,,,,,,,,,,,,,
73,2,Stone Briton Female LBody,,,,,,,,,,,,,,,,,,,,,,,,,
73,3,Stone Briton Female Legs,321,,,,,,,,,,,,,,,,,,,,,,,,
73,4,Stone Briton Female Boots,322,,,,,,,,,,,,,,,,,,,,,,,,
73,5,Stone Briton Female Arms,328,,,,,,,,,,,,,,,,,,,,,,,,
73,6,Stone Briton Female Gloves,329,,,,,,,,,,,,,,,,,,,,,,,,
73,7,Stone Briton Female Cloak,10,11,12,,,,,,,,,,,,,,,,,,,,,,
73,8,Stone Briton Female Hair,29,30,31,32,1257,1258,,,,,,,,,,,,,,,,,,,
74,0,Shade Briton Female Head,1282,,,,,,,,,,,,,,,,,,,,,,,,
74,1,Shade Briton Female Body,313,,,,,,,,,,,,,,,,,,,,,,,,
74,2,Shade Briton Female LBody,,,,,,,,,,,,,,,,,,,,,,,,,
74,3,Shade Briton Female Legs,321,,,,,,,,,,,,,,,,,,,,,,,,
74,4,Shade Briton Female Boots,322,,,,,,,,,,,,,,,,,,,,,,,,
74,5,Shade Briton Female Arms,328,,,,,,,,,,,,,,,,,,,,,,,,
74,6,Shade Briton Female Gloves,329,,,,,,,,,,,,,,,,,,,,,,,,
74,7,Shade Briton Female Cloak,10,11,12,,,,,,,,,,,,,,,,,,,,,,
74,8,Shade Briton Female Hair,29,30,31,32,1257,1258,,,,,,,,,,,,,,,,,,,
75,0,Mummy Briton Female Head,1282,,,,,,,,,,,,,,,,,,,,,,,,
75,1,Mummy Briton Female Body,313,,,,,,,,,,,,,,,,,,,,,,,,
75,2,Mummy Briton Female LBody,,,,,,,,,,,,,,,,,,,,,,,,,
75,3,Mummy Briton Female Legs,321,,,,,,,,,,,,,,,,,,,,,,,,
75,4,Mummy Briton Female Boots,322,,,,,,,,,,,,,,,,,,,,,,,,
75,5,Mummy Briton Female Arms,328,,,,,,,,,,,,,,,,,,,,,,,,
75,6,Mummy Briton Female Gloves,329,,,,,,,,,,,,,,,,,,,,,,,,
75,7,Mummy Briton Female Cloak,10,11,12,,,,,,,,,,,,,,,,,,,,,,
75,8,Mummy Briton Female Hair, ,,,,,,,,,,,,,,,,,,,,,,,,
76,0,Stone Avalonian Male Head,1284,,,,,,,,,,,,,,,,,,,,,,,,
76,1,Stone Avalonian Male Body,467,,,,,,,,,,,,,,,,,,,,,,,,
76,2,Stone Avalonian Male LBody,,,,,,,,,,,,,,,,,,,,,,,,,
76,3,Stone Avalonian Male Legs,475,,,,,,,,,,,,,,,,,,,,,,,,
76,4,Stone Avalonian Male Boots,476,,,,,,,,,,,,,,,,,,,,,,,,
76,5,Stone Avalonian Male Arms,482,,,,,,,,,,,,,,,,,,,,,,,,
76,6,Stone Avalonian Male Gloves,483,,,,,,,,,,,,,,,,,,,,,,,,
76,7,Stone Avalonian Male Cloak,66,67,68,,,,,,,,,,,,,,,,,,,,,,
76,8,Stone Avalonian Male Hair,69,70,71,72,1223,1261,1263,1264,,,,,,,,,,,,,,,,,
77,0,Shade Avalonian Male Head,1284,,,,,,,,,,,,,,,,,,,,,,,,
77,1,Shade Avalonian Male Body,467,,,,,,,,,,,,,,,,,,,,,,,,
77,2,Shade Avalonian Male LBody,,,,,,,,,,,,,,,,,,,,,,,,,
77,3,Shade Avalonian Male Legs,475,,,,,,,,,,,,,,,,,,,,,,,,
77,4,Shade Avalonian Male Boots,476,,,,,,,,,,,,,,,,,,,,,,,,
77,5,Shade Avalonian Male Arms,482,,,,,,,,,,,,,,,,,,,,,,,,
77,6,Shade Avalonian Male Gloves,483,,,,,,,,,,,,,,,,,,,,,,,,
77,7,Shade Avalonian Male Cloak,66,67,68,,,,,,,,,,,,,,,,,,,,,,
77,8,Shade Avalonian Male Hair,69,70,71,72,1223,1261,1263,1264,,,,,,,,,,,,,,,,,
78,0,Mummy Avalonian Male Head,1284,,,,,,,,,,,,,,,,,,,,,,,,
78,1,Mummy Avalonian Male Body,467,,,,,,,,,,,,,,,,,,,,,,,,
78,2,Mummy Avalonian Male LBody,,,,,,,,,,,,,,,,,,,,,,,,,
78,3,Mummy Avalonian Male Legs,475,,,,,,,,,,,,,,,,,,,,,,,,
78,4,Mummy Avalonian Male Boots,476,,,,,,,,,,,,,,,,,,,,,,,,
78,5,Mummy Avalonian Male Arms,482,,,,,,,,,,,,,,,,,,,,,,,,
78,6,Mummy Avalonian Male Gloves,483,,,,,,,,,,,,,,,,,,,,,,,,
78,7,Mummy Avalonian Male Cloak,66,67,68,,,,,,,,,,,,,,,,,,,,,,
78,8,Mummy Avalonian Male Hair,,,,,,,,,,,,,,,,,,,,,,,,,
79,0,Stone Avalonian Female Head,1305,,,,,,,,,,,,,,,,,,,,,,,,
79,1,Stone Avalonian Female Body,489,,,,,,,,,,,,,,,,,,,,,,,,
79,2,Stone Avalonian Female LBody,,,,,,,,,,,,,,,,,,,,,,,,,
79,3,Stone Avalonian Female Legs,497,,,,,,,,,,,,,,,,,,,,,,,,
79,4,Stone Avalonian Female Boots,498,,,,,,,,,,,,,,,,,,,,,,,,
79,5,Stone Avalonian Female Arms,504,,,,,,,,,,,,,,,,,,,,,,,,
79,6,Stone Avalonian Female Gloves,505,,,,,,,,,,,,,,,,,,,,,,,,
79,7,Stone Avalonian Female Cloak,74,75,76,,,,,,,,,,,,,,,,,,,,,,
79,8,Stone Avalonian Female Hair,77,78,79,80,1273,1274,,,,,,,,,,,,,,,,,,,
80,0,Shade Avalonian Female Head,1305,,,,,,,,,,,,,,,,,,,,,,,,
80,1,Shade Avalonian Female Body,489,,,,,,,,,,,,,,,,,,,,,,,,
80,2,Shade Avalonian Female LBody,,,,,,,,,,,,,,,,,,,,,,,,,
80,3,Shade Avalonian Female Legs,497,,,,,,,,,,,,,,,,,,,,,,,,
80,4,Shade Avalonian Female Boots,498,,,,,,,,,,,,,,,,,,,,,,,,
80,5,Shade Avalonian Female Arms,504,,,,,,,,,,,,,,,,,,,,,,,,
80,6,Shade Avalonian Female Gloves,505,,,,,,,,,,,,,,,,,,,,,,,,
80,7,Shade Avalonian Female Cloak,74,75,76,,,,,,,,,,,,,,,,,,,,,,
80,8,Shade Avalonian Female Hair,77,78,79,80,1273,1274,,,,,,,,,,,,,,,,,,,
81,0,Mummy Avalonian Female Head,1305,,,,,,,,,,,,,,,,,,,,,,,,
81,1,Mummy Avalonian Female Body,489,,,,,,,,,,,,,,,,,,,,,,,,
81,2,Mummy Avalonian Female LBody,,,,,,,,,,,,,,,,,,,,,,,,,
81,3,Mummy Avalonian Female Legs,497,,,,,,,,,,,,,,,,,,,,,,,,
81,4,Mummy Avalonian Female Boots,498,,,,,,,,,,,,,,,,,,,,,,,,
81,5,Mummy Avalonian Female Arms,504,,,,,,,,,,,,,,,,,,,,,,,,
81,6,Mummy Avalonian Female Gloves,505,,,,,,,,,,,,,,,,,,,,,,,,
81,7,Mummy Avalonian Female Cloak,74,75,76,,,,,,,,,,,,,,,,,,,,,,
81,8,Mummy Avalonian Female Hair,,,,,,,,,,,,,,,,,,,,,,,,,
82,0,Stone Highlander Male Head,1289,,,,,,,,,,,,,,,,,,,,,,,,
82,1,Stone Highlander Male Body,1083,,,,,,,,,,,,,,,,,,,,,,,,
82,2,Stone Highlander Male LBody,1099,,,,,,,,,,,,,,,,,,,,,,,,
82,3,Stone Highlander Male Legs,563,,,,,,,,,,,,,,,,,,,,,,,,
82,4,Stone Highlander Male Boots,564,,,,,,,,,,,,,,,,,,,,,,,,
82,5,Stone Highlander Male Arms,570,,,,,,,,,,,,,,,,,,,,,,,,
82,6,Stone Highlander Male Gloves,571,,,,,,,,,,,,,,,,,,,,,,,,
82,7,Stone Highlander Male Cloak,99,100,101,,,,,,,,,,,,,,,,,,,,,,
82,8,Stone Highlander Male Hair,102,103,104,105,1231,1232,1266,1267,,,,,,,,,,,,,,,,,
83,0,Shade Highlander Male Head,1289,,,,,,,,,,,,,,,,,,,,,,,,
83,1,Shade Highlander Male Body,1083,,,,,,,,,,,,,,,,,,,,,,,,
83,2,Shade Highlander Male LBody,1099,,,,,,,,,,,,,,,,,,,,,,,,
83,3,Shade Highlander Male Legs,563,,,,,,,,,,,,,,,,,,,,,,,,
83,4,Shade Highlander Male Boots,564,,,,,,,,,,,,,,,,,,,,,,,,
83,5,Shade Highlander Male Arms,570,,,,,,,,,,,,,,,,,,,,,,,,
83,6,Shade Highlander Male Gloves,571,,,,,,,,,,,,,,,,,,,,,,,,
83,7,Shade Highlander Male Cloak,99,100,101,,,,,,,,,,,,,,,,,,,,,,
83,8,Shade Highlander Male Hair,102,103,104,105,1231,1232,1266,1267,,,,,,,,,,,,,,,,,
84,0,Mummy Highlander Male Head,1289,,,,,,,,,,,,,,,,,,,,,,,,
84,1,Mummy Highlander Male Body,1083,,,,,,,,,,,,,,,,,,,,,,,,
84,2,Mummy Highlander Male LBody,1099,,,,,,,,,,,,,,,,,,,,,,,,
84,3,Mummy Highlander Male Legs,563,,,,,,,,,,,,,,,,,,,,,,,,
84,4,Mummy Highlander Male Boots,564,,,,,,,,,,,,,,,,,,,,,,,,
84,5,Mummy Highlander Male Arms,570,,,,,,,,,,,,,,,,,,,,,,,,
84,6,Mummy Highlander Male Gloves,571,,,,,,,,,,,,,,,,,,,,,,,,
84,7,Mummy Highlander Male Cloak,99,100,101,,,,,,,,,,,,,,,,,,,,,,
84,8,Mummy Highlander Male Hair, ,,,,,,,,,,,,,,,,,,,,,,,,
85,0,Stone Highlander Female Head,1288,,,,,,,,,,,,,,,,,,,,,,,,
85,1,Stone Highlander Female Body,1091,,,,,,,,,,,,,,,,,,,,,,,,
85,2,Stone Highlander Female LBody,1107,,,,,,,,,,,,,,,,,,,,,,,,
85,3,Stone Highlander Female Legs,585,,,,,,,,,,,,,,,,,,,,,,,,
85,4,Stone Highlander Female Boots,586,,,,,,,,,,,,,,,,,,,,,,,,
85,5,Stone Highlander Female Arms,592,,,,,,,,,,,,,,,,,,,,,,,,
85,6,Stone Highlander Female Gloves,593,,,,,,,,,,,,,,,,,,,,,,,,
85,7,Stone Highlander Female Cloak,108,109,110,,,,,,,,,,,,,,,,,,,,,,
85,8,Stone Highlander Female Hair,111,112,113,114,,,,,,,,,,,,,,,,,,,,,
86,0,Shade Highlander Female Head,1288,,,,,,,,,,,,,,,,,,,,,,,,
86,1,Shade Highlander Female Body,1091,,,,,,,,,,,,,,,,,,,,,,,,
86,2,Shade Highlander Female LBody,1107,,,,,,,,,,,,,,,,,,,,,,,,
86,3,Shade Highlander Female Legs,585,,,,,,,,,,,,,,,,,,,,,,,,
86,4,Shade Highlander Female Boots,586,,,,,,,,,,,,,,,,,,,,,,,,
86,5,Shade Highlander Female Arms,592,,,,,,,,,,,,,,,,,,,,,,,,
86,6,Shade Highlander Female Gloves,593,,,,,,,,,,,,,,,,,,,,,,,,
86,7,Shade Highlander Female Cloak,108,109,110,,,,,,,,,,,,,,,,,,,,,,
86,8,Shade Highlander Female Hair,111,112,113,114,,,,,,,,,,,,,,,,,,,,,
87,0,Mummy Highlander Female Head,1288,,,,,,,,,,,,,,,,,,,,,,,,
87,1,Mummy Highlander Female Body,1091,,,,,,,,,,,,,,,,,,,,,,,,
87,2,Mummy Highlander Female LBody,1107,,,,,,,,,,,,,,,,,,,,,,,,
87,3,Mummy Highlander Female Legs,585,,,,,,,,,,,,,,,,,,,,,,,,
87,4,Mummy Highlander Female Boots,586,,,,,,,,,,,,,,,,,,,,,,,,
87,5,Mummy Highlander Female Arms,592,,,,,,,,,,,,,,,,,,,,,,,,
87,6,Mummy Highlander Female Gloves,593,,,,,,,,,,,,,,,,,,,,,,,,
87,7,Mummy Highlander Female Cloak,108,109,110,,,,,,,,,,,,,,,,,,,,,,
87,8,Mummy Highlander Female Hair,,,,,,,,,,,,,,,,,,,,,,,,,
88,0,Stone Half Ogre Male Head,1287,,,,,,,,,,,,,,,,,,,,,,,,
88,1,Stone Half Ogre Male Body,819,,,,,,,,,,,,,,,,,,,,,,,,
88,2,Stone Half Ogre Male LBody,,,,,,,,,,,,,,,,,,,,,,,,,
88,3,Stone Half Ogre Male Legs,827,,,,,,,,,,,,,,,,,,,,,,,,
88,4,Stone Half Ogre Male Boots,828,,,,,,,,,,,,,,,,,,,,,,,,
88,5,Stone Half Ogre Male Arms,834,,,,,,,,,,,,,,,,,,,,,,,,
88,6,Stone Half Ogre Male Gloves,835,,,,,,,,,,,,,,,,,,,,,,,,
88,7,Stone Half Ogre Male Cloak,196,197,198,,,,,,,,,,,,,,,,,,,,,,
88,8,Stone Half Ogre Male Hair,199,200,201,202,1229,1230,1275,,,,,,,,,,,,,,,,,,
89,0,Shade Half Ogre Male Head,1287,,,,,,,,,,,,,,,,,,,,,,,,
89,1,Shade Half Ogre Male Body,819,,,,,,,,,,,,,,,,,,,,,,,,
89,2,Shade Half Ogre Male LBody,,,,,,,,,,,,,,,,,,,,,,,,,
89,3,Shade Half Ogre Male Legs,827,,,,,,,,,,,,,,,,,,,,,,,,
89,4,Shade Half Ogre Male Boots,828,,,,,,,,,,,,,,,,,,,,,,,,
89,5,Shade Half Ogre Male Arms,834,,,,,,,,,,,,,,,,,,,,,,,,
89,6,Shade Half Ogre Male Gloves,835,,,,,,,,,,,,,,,,,,,,,,,,
89,7,Shade Half Ogre Male Cloak,196,197,198,,,,,,,,,,,,,,,,,,,,,,
89,8,Shade Half Ogre Male Hair,199,200,201,202,1229,1230,1275,,,,,,,,,,,,,,,,,,
90,0,Mummy Half Ogre Male Head,1287,,,,,,,,,,,,,,,,,,,,,,,,
90,1,Mummy Half Ogre Male Body,819,,,,,,,,,,,,,,,,,,,,,,,,
90,2,Mummy Half Ogre Male LBody,,,,,,,,,,,,,,,,,,,,,,,,,
90,3,Mummy Half Ogre Male Legs,827,,,,,,,,,,,,,,,,,,,,,,,,
90,4,Mummy Half Ogre Male Boots,828,,,,,,,,,,,,,,,,,,,,,,,,
90,5,Mummy Half Ogre Male Arms,834,,,,,,,,,,,,,,,,,,,,,,,,
90,6,Mummy Half Ogre Male Gloves,835,,,,,,,,,,,,,,,,,,,,,,,,
90,7,Mummy Half Ogre Male Cloak,196,197,198,,,,,,,,,,,,,,,,,,,,,,
90,8,Mummy Half Ogre Male Hair, ,,,,,,,,,,,,,,,,,,,,,,,,
91,0,Stone Half Ogre Female Head,1286,,,,,,,,,,,,,,,,,,,,,,,,
91,1,Stone Half Ogre Female Body,841,,,,,,,,,,,,,,,,,,,,,,,,
91,2,Stone Half Ogre Female LBody,,,,,,,,,,,,,,,,,,,,,,,,,
91,3,Stone Half Ogre Female Legs,849,,,,,,,,,,,,,,,,,,,,,,,,
91,4,Stone Half Ogre Female Boots,850,,,,,,,,,,,,,,,,,,,,,,,,
91,5,Stone Half Ogre Female Arms,856,,,,,,,,,,,,,,,,,,,,,,,,
91,6,Stone Half Ogre Female Gloves,857,,,,,,,,,,,,,,,,,,,,,,,,
91,7,Stone Half Ogre Female Cloak,204,205,206,,,,,,,,,,,,,,,,,,,,,,
91,8,Stone Half Ogre Female Hair,207,208,209,210,,,,,,,,,,,,,,,,,,,,,
92,0,Shade Half Ogre Female Head,1286,,,,,,,,,,,,,,,,,,,,,,,,
92,1,Shade Half Ogre Female Body,841,,,,,,,,,,,,,,,,,,,,,,,,
92,2,Shade Half Ogre Female LBody,,,,,,,,,,,,,,,,,,,,,,,,,
92,3,Shade Half Ogre Female Legs,849,,,,,,,,,,,,,,,,,,,,,,,,
92,4,Shade Half Ogre Female Boots,850,,,,,,,,,,,,,,,,,,,,,,,,
92,5,Shade Half Ogre Female Arms,856,,,,,,,,,,,,,,,,,,,,,,,,
92,6,Shade Half Ogre Female Gloves,857,,,,,,,,,,,,,,,,,,,,,,,,
92,7,Shade Half Ogre Female Cloak,204,205,206,,,,,,,,,,,,,,,,,,,,,,
92,8,Shade Half Ogre Female Hair,207,208,209,210,,,,,,,,,,,,,,,,,,,,,
93,0,Mummy Half Ogre Female Head,1286,,,,,,,,,,,,,,,,,,,,,,,,
93,1,Mummy Half Ogre Female Body,841,,,,,,,,,,,,,,,,,,,,,,,,
93,2,Mummy Half Ogre Female LBody,,,,,,,,,,,,,,,,,,,,,,,,,
93,3,Mummy Half Ogre Female Legs,849,,,,,,,,,,,,,,,,,,,,,,,,
93,4,Mummy Half Ogre Female Boots,850,,,,,,,,,,,,,,,,,,,,,,,,
93,5,Mummy Half Ogre Female Arms,856,,,,,,,,,,,,,,,,,,,,,,,,
93,6,Mummy Half Ogre Female Gloves,857,,,,,,,,,,,,,,,,,,,,,,,,
93,7,Mummy Half Ogre Female Cloak,204,205,206,,,,,,,,,,,,,,,,,,,,,,
93,8,Mummy Half Ogre Female Hair,,,,,,,,,,,,,,,,,,,,,,,,,
94,0,Stone Saracen Male Head,1293,,,,,,,,,,,,,,,,,,,,,,,,
94,1,Stone Saracen Male Body,335,,,,,,,,,,,,,,,,,,,,,,,,
94,2,Stone Saracen Male LBody,,,,,,,,,,,,,,,,,,,,,,,,,
94,3,Stone Saracen Male Legs,343,,,,,,,,,,,,,,,,,,,,,,,,
94,4,Stone Saracen Male Boots,344,,,,,,,,,,,,,,,,,,,,,,,,
94,5,Stone Saracen Male Arms,350,,,,,,,,,,,,,,,,,,,,,,,,
94,6,Stone Saracen Male Gloves,351,,,,,,,,,,,,,,,,,,,,,,,,
94,7,Stone Saracen Male Cloak,18,19,20,,,,,,,,,,,,,,,,,,,,,,
94,8,Stone Saracen Male Hair,21,22,23,24,1237,1238,1276,1277,,,,,,,,,,,,,,,,,
95,0,Shade Saracen Male Head,1293,,,,,,,,,,,,,,,,,,,,,,,,
95,1,Shade Saracen Male Body,335,,,,,,,,,,,,,,,,,,,,,,,,
95,2,Shade Saracen Male LBody,,,,,,,,,,,,,,,,,,,,,,,,,
95,3,Shade Saracen Male Legs,343,,,,,,,,,,,,,,,,,,,,,,,,
95,4,Shade Saracen Male Boots,344,,,,,,,,,,,,,,,,,,,,,,,,
95,5,Shade Saracen Male Arms,350,,,,,,,,,,,,,,,,,,,,,,,,
95,6,Shade Saracen Male Gloves,351,,,,,,,,,,,,,,,,,,,,,,,,
95,7,Shade Saracen Male Cloak,18,19,20,,,,,,,,,,,,,,,,,,,,,,
95,8,Shade Saracen Male Hair,21,22,23,24,1237,1238,1276,1277,,,,,,,,,,,,,,,,,
96,0,Mummy Saracen Male Head,1293,,,,,,,,,,,,,,,,,,,,,,,,
96,1,Mummy Saracen Male Body,335,,,,,,,,,,,,,,,,,,,,,,,,
96,2,Mummy Saracen Male LBody,,,,,,,,,,,,,,,,,,,,,,,,,
96,3,Mummy Saracen Male Legs,343,,,,,,,,,,,,,,,,,,,,,,,,
96,4,Mummy Saracen Male Boots,344,,,,,,,,,,,,,,,,,,,,,,,,
96,5,Mummy Saracen Male Arms,350,,,,,,,,,,,,,,,,,,,,,,,,
96,6,Mummy Saracen Male Gloves,351,,,,,,,,,,,,,,,,,,,,,,,,
96,7,Mummy Saracen Male Cloak,18,19,20,,,,,,,,,,,,,,,,,,,,,,
96,8,Mummy Saracen Male Hair,,,,,,,,,,,,,,,,,,,,,,,,,
97,0,Stone Saracen Female Head,1292,,,,,,,,,,,,,,,,,,,,,,,,
97,1,Stone Saracen Female Body,357,,,,,,,,,,,,,,,,,,,,,,,,
97,2,Stone Saracen Female LBody,,,,,,,,,,,,,,,,,,,,,,,,,
97,3,Stone Saracen Female Legs,365,,,,,,,,,,,,,,,,,,,,,,,,
97,4,Stone Saracen Female Boots,366,,,,,,,,,,,,,,,,,,,,,,,,
97,5,Stone Saracen Female Arms,372,,,,,,,,,,,,,,,,,,,,,,,,
97,6,Stone Saracen Female Gloves,373,,,,,,,,,,,,,,,,,,,,,,,,
97,7,Stone Saracen Female Cloak,26,27,28,,,,,,,,,,,,,,,,,,,,,,
97,8,Stone Saracen Female Hair,29,30,31,32, , ,,,,,,,,,,,,,,,,,,,
98,0,Shade Saracen Female Head,1292,,,,,,,,,,,,,,,,,,,,,,,,
98,1,Shade Saracen Female Body,357,,,,,,,,,,,,,,,,,,,,,,,,
98,2,Shade Saracen Female LBody,,,,,,,,,,,,,,,,,,,,,,,,,
98,3,Shade Saracen Female Legs,365,,,,,,,,,,,,,,,,,,,,,,,,
98,4,Shade Saracen Female Boots,366,,,,,,,,,,,,,,,,,,,,,,,,
98,5,Shade Saracen Female Arms,372,,,,,,,,,,,,,,,,,,,,,,,,
98,6,Shade Saracen Female Gloves,373,,,,,,,,,,,,,,,,,,,,,,,,
98,7,Shade Saracen Female Cloak,26,27,28,,,,,,,,,,,,,,,,,,,,,,
98,8,Shade Saracen Female Hair,29,30,31,32, , , ,,,,,,,,,,,,,,,,,,
99,0,Mummy Saracen Female Head,1292,,,,,,,,,,,,,,,,,,,,,,,,
99,1,Mummy Saracen Female Body,357,,,,,,,,,,,,,,,,,,,,,,,,
99,2,Mummy Saracen Female LBody,,,,,,,,,,,,,,,,,,,,,,,,,
99,3,Mummy Saracen Female Legs,365,,,,,,,,,,,,,,,,,,,,,,,,
99,4,Mummy Saracen Female Boots,366,,,,,,,,,,,,,,,,,,,,,,,,
99,5,Mummy Saracen Female Arms,372,,,,,,,,,,,,,,,,,,,,,,,,
99,6,Mummy Saracen Female Gloves,373,,,,,,,,,,,,,,,,,,,,,,,,
99,7,Mummy Saracen Female Cloak,26,27,28,,,,,,,,,,,,,,,,,,,,,,
99,8,Mummy Saracen Female Hair,,,,,,,,,,,,,,,,,,,,,,,,,
100,0,Stone Frostalf Male Head,1312,,,,,,,,,,,,,,,,,,,,,,,,
100,1,Stone Frostalf Male Body,379,,,,,,,,,,,,,,,,,,,,,,,,
100,2,Stone Frostalf Male LBody,,,,,,,,,,,,,,,,,,,,,,,,,
100,3,Stone Frostalf Male Legs,387,,,,,,,,,,,,,,,,,,,,,,,,
100,4,Stone Frostalf Male Boots,388,,,,,,,,,,,,,,,,,,,,,,,,
100,5,Stone Frostalf Male Arms,394,,,,,,,,,,,,,,,,,,,,,,,,
100,6,Stone Frostalf Male Gloves,395,,,,,,,,,,,,,,,,,,,,,,,,
100,7,Stone Frostalf Male Cloak,34,35,36,,,,,,,,,,,,,,,,,,,,,,
100,8,Stone Frostalf Male Hair,37,38,1251,40,,,,,,,,,,,,,,,,,,,,,
101,0,Shade Frostalf Male Head,1312,,,,,,,,,,,,,,,,,,,,,,,,
101,1,Shade Frostalf Male Body,379,,,,,,,,,,,,,,,,,,,,,,,,
101,2,Shade Frostalf Male LBody,,,,,,,,,,,,,,,,,,,,,,,,,
101,3,Shade Frostalf Male Legs,387,,,,,,,,,,,,,,,,,,,,,,,,
101,4,Shade Frostalf Male Boots,388,,,,,,,,,,,,,,,,,,,,,,,,
101,5,Shade Frostalf Male Arms,394,,,,,,,,,,,,,,,,,,,,,,,,
101,6,Shade Frostalf Male Gloves,395,,,,,,,,,,,,,,,,,,,,,,,,
101,7,Shade Frostalf Male Cloak,34,35,36,,,,,,,,,,,,,,,,,,,,,,
101,8,Shade Frostalf Male Hair,37,38,1251,40,,,,,,,,,,,,,,,,,,,,,
102,0,Mummy Frostalf Male Head,1312,,,,,,,,,,,,,,,,,,,,,,,,
102,1,Mummy Frostalf Male Body,379,,,,,,,,,,,,,,,,,,,,,,,,
102,2,Mummy Frostalf Male LBody,,,,,,,,,,,,,,,,,,,,,,,,,
102,3,Mummy Frostalf Male Legs,387,,,,,,,,,,,,,,,,,,,,,,,,
102,4,Mummy Frostalf Male Boots,388,,,,,,,,,,,,,,,,,,,,,,,,
102,5,Mummy Frostalf Male Arms,394,,,,,,,,,,,,,,,,,,,,,,,,
102,6,Mummy Frostalf Male Gloves,395,,,,,,,,,,,,,,,,,,,,,,,,
102,7,Mummy Frostalf Male Cloak,34,35,36,,,,,,,,,,,,,,,,,,,,,,
102,8,Mummy Frostalf Male Hair, ,,,,,,,,,,,,,,,,,,,,,,,,
103,0,Stone Frostalf Female Head,1283,,,,,,,,,,,,,,,,,,,,,,,,
103,1,Stone Frostalf Female Body,401,,,,,,,,,,,,,,,,,,,,,,,,
103,2,Stone Frostalf Female LBody,,,,,,,,,,,,,,,,,,,,,,,,,
103,3,Stone Frostalf Female Legs,409,,,,,,,,,,,,,,,,,,,,,,,,
103,4,Stone Frostalf Female Boots,410,,,,,,,,,,,,,,,,,,,,,,,,
103,5,Stone Frostalf Female Arms,416,,,,,,,,,,,,,,,,,,,,,,,,
103,6,Stone Frostalf Female Gloves,417,,,,,,,,,,,,,,,,,,,,,,,,
103,7,Stone Frostalf Female Cloak,42,43,44,,,,,,,,,,,,,,,,,,,,,,
103,8,Stone Frostalf Female Hair,45,46,47,48,,,,,,,,,,,,,,,,,,,,,
104,0,Shade Frostalf Female Head,1283,,,,,,,,,,,,,,,,,,,,,,,,
104,1,Shade Frostalf Female Body,401,,,,,,,,,,,,,,,,,,,,,,,,
104,2,Shade Frostalf Female LBody,,,,,,,,,,,,,,,,,,,,,,,,,
104,3,Shade Frostalf Female Legs,409,,,,,,,,,,,,,,,,,,,,,,,,
104,4,Shade Frostalf Female Boots,410,,,,,,,,,,,,,,,,,,,,,,,,
104,5,Shade Frostalf Female Arms,416,,,,,,,,,,,,,,,,,,,,,,,,
104,6,Shade Frostalf Female Gloves,417,,,,,,,,,,,,,,,,,,,,,,,,
104,7,Shade Frostalf Female Cloak,42,43,44,,,,,,,,,,,,,,,,,,,,,,
104,8,Shade Frostalf Female Hair,45,46,47,48,,,,,,,,,,,,,,,,,,,,,
105,0,Mummy Frostalf Female Head,1283,,,,,,,,,,,,,,,,,,,,,,,,
105,1,Mummy Frostalf Female Body,401,,,,,,,,,,,,,,,,,,,,,,,,
105,2,Mummy Frostalf Female LBody,,,,,,,,,,,,,,,,,,,,,,,,,
105,3,Mummy Frostalf Female Legs,409,,,,,,,,,,,,,,,,,,,,,,,,
105,4,Mummy Frostalf Female Boots,410,,,,,,,,,,,,,,,,,,,,,,,,
105,5,Mummy Frostalf Female Arms,416,,,,,,,,,,,,,,,,,,,,,,,,
105,6,Mummy Frostalf Female Gloves,417,,,,,,,,,,,,,,,,,,,,,,,,
105,7,Mummy Frostalf Female Cloak,42,43,44,,,,,,,,,,,,,,,,,,,,,,
105,8,Mummy Frostalf Female Hair, ,,,,,,,,,,,,,,,,,,,,,,,,
106,0,Stone Dwarf Male Head,1297,,,,,,,,,,,,,,,,,,,,,,,,
106,1,Stone  Dwarf Male Body,731,,,,,,,,,,,,,,,,,,,,,,,,
106,2,Stone  Dwarf Male LBody,,,,,,,,,,,,,,,,,,,,,,,,,
106,3,Stone  Dwarf Male Legs,739,,,,,,,,,,,,,,,,,,,,,,,,
106,4,Stone  Dwarf Male Boots,740,,,,,,,,,,,,,,,,,,,,,,,,
106,5,Stone  Dwarf Male Arms,746,,,,,,,,,,,,,,,,,,,,,,,,
106,6,Stone  Dwarf Male Gloves,747,,,,,,,,,,,,,,,,,,,,,,,,
106,7,Stone  Dwarf Male Cloak,164,165,166,,,,,,,,,,,,,,,,,,,,,,
106,8,Stone  Dwarf Male Hair,167,168,169,170,1243,1244,,,,,,,,,,,,,,,,,,,
107,0,Shade Dwarf Male Head,1297,,,,,,,,,,,,,,,,,,,,,,,,
107,1,Shade  Dwarf Male Body,731,,,,,,,,,,,,,,,,,,,,,,,,
107,2,Shade  Dwarf Male LBody,,,,,,,,,,,,,,,,,,,,,,,,,
107,3,Shade  Dwarf Male Legs,739,,,,,,,,,,,,,,,,,,,,,,,,
107,4,Shade  Dwarf Male Boots,740,,,,,,,,,,,,,,,,,,,,,,,,
107,5,Shade  Dwarf Male Arms,746,,,,,,,,,,,,,,,,,,,,,,,,
107,6,Shade  Dwarf Male Gloves,747,,,,,,,,,,,,,,,,,,,,,,,,
107,7,Shade  Dwarf Male Cloak,164,165,166,,,,,,,,,,,,,,,,,,,,,,
107,8,Shade  Dwarf Male Hair,167,168,169,170,1243,1244,,,,,,,,,,,,,,,,,,,
108,0,Mummy Dwarf Male Head,1297,,,,,,,,,,,,,,,,,,,,,,,,
108,1,Mummy  Dwarf Male Body,731,,,,,,,,,,,,,,,,,,,,,,,,
108,2,Mummy  Dwarf Male LBody,,,,,,,,,,,,,,,,,,,,,,,,,
108,3,Mummy  Dwarf Male Legs,739,,,,,,,,,,,,,,,,,,,,,,,,
108,4,Mummy  Dwarf Male Boots,740,,,,,,,,,,,,,,,,,,,,,,,,
108,5,Mummy  Dwarf Male Arms,746,,,,,,,,,,,,,,,,,,,,,,,,
108,6,Mummy  Dwarf Male Gloves,747,,,,,,,,,,,,,,,,,,,,,,,,
108,7,Mummy  Dwarf Male Cloak,164,165,166,,,,,,,,,,,,,,,,,,,,,,
108,8,Mummy  Dwarf Male Hair, ,,,,,,,,,,,,,,,,,,,,,,,,
109,0,Stone Dwarf Female Head,1296,,,,,,,,,,,,,,,,,,,,,,,,
109,1,Stone  Dwarf Female Body,753,,,,,,,,,,,,,,,,,,,,,,,,
109,2,Stone  Dwarf Female LBody,,,,,,,,,,,,,,,,,,,,,,,,,
109,3,Stone  Dwarf Female Legs,761,,,,,,,,,,,,,,,,,,,,,,,,
109,4,Stone  Dwarf Female Boots,762,,,,,,,,,,,,,,,,,,,,,,,,
109,5,Stone  Dwarf Female Arms,768,,,,,,,,,,,,,,,,,,,,,,,,
109,6,Stone  Dwarf Female Gloves,769,,,,,,,,,,,,,,,,,,,,,,,,
109,7,Stone  Dwarf Female Cloak,172,173,174,,,,,,,,,,,,,,,,,,,,,,
109,8,Stone  Dwarf Female Hair,175,176,177,178,,,,,,,,,,,,,,,,,,,,,
110,0,Shade Dwarf Female Head,1296,,,,,,,,,,,,,,,,,,,,,,,,
110,1,Shade  Dwarf Female Body,753,,,,,,,,,,,,,,,,,,,,,,,,
110,2,Shade  Dwarf Female LBody,,,,,,,,,,,,,,,,,,,,,,,,,
110,3,Shade  Dwarf Female Legs,761,,,,,,,,,,,,,,,,,,,,,,,,
110,4,Shade  Dwarf Female Boots,762,,,,,,,,,,,,,,,,,,,,,,,,
110,5,Shade  Dwarf Female Arms,768,,,,,,,,,,,,,,,,,,,,,,,,
110,6,Shade  Dwarf Female Gloves,769,,,,,,,,,,,,,,,,,,,,,,,,
110,7,Shade  Dwarf Female Cloak,172,173,174,,,,,,,,,,,,,,,,,,,,,,
110,8,Shade  Dwarf Female Hair,175,176,177,178,,,,,,,,,,,,,,,,,,,,,
111,0,Mummy Dwarf Female Head,1296,,,,,,,,,,,,,,,,,,,,,,,,
111,1,Mummy  Dwarf Female Body,753,,,,,,,,,,,,,,,,,,,,,,,,
111,2,Mummy  Dwarf Female LBody,,,,,,,,,,,,,,,,,,,,,,,,,
111,3,Mummy  Dwarf Female Legs,761,,,,,,,,,,,,,,,,,,,,,,,,
111,4,Mummy  Dwarf Female Boots,762,,,,,,,,,,,,,,,,,,,,,,,,
111,5,Mummy  Dwarf Female Arms,768,,,,,,,,,,,,,,,,,,,,,,,,
111,6,Mummy  Dwarf Female Gloves,769,,,,,,,,,,,,,,,,,,,,,,,,
111,7,Mummy  Dwarf Female Cloak,172,173,174,,,,,,,,,,,,,,,,,,,,,,
111,8,Mummy  Dwarf Female Hair, ,,,,,,,,,,,,,,,,,,,,,,,,
112,0,Stone Norse Male Head,1301,,,,,,,,,,,,,,,,,,,,,,,,
112,1,Stone Norse Male Body,599,,,,,,,,,,,,,,,,,,,,,,,,
112,2,Stone Norse Male LBody,,,,,,,,,,,,,,,,,,,,,,,,,
112,3,Stone Norse Male Legs,607,,,,,,,,,,,,,,,,,,,,,,,,
112,4,Stone Norse Male Boots,608,,,,,,,,,,,,,,,,,,,,,,,,
112,5,Stone Norse Male Arms,614,,,,,,,,,,,,,,,,,,,,,,,,
112,6,Stone Norse Male Gloves,615,,,,,,,,,,,,,,,,,,,,,,,,
112,7,Stone Norse Male Cloak,116,117,118,,,,,,,,,,,,,,,,,,,,,,
112,8,Stone Norse Male Hair,119,120,121,122,,,,,,,,,,,,,,,,,,,,,
113,0,Shade Norse Male Head,1301,,,,,,,,,,,,,,,,,,,,,,,,
113,1,Shade Norse Male Body,599,,,,,,,,,,,,,,,,,,,,,,,,
113,2,Shade Norse Male LBody,,,,,,,,,,,,,,,,,,,,,,,,,
113,3,Shade Norse Male Legs,607,,,,,,,,,,,,,,,,,,,,,,,,
113,4,Shade Norse Male Boots,608,,,,,,,,,,,,,,,,,,,,,,,,
113,5,Shade Norse Male Arms,614,,,,,,,,,,,,,,,,,,,,,,,,
113,6,Shade Norse Male Gloves,615,,,,,,,,,,,,,,,,,,,,,,,,
113,7,Shade Norse Male Cloak,116,117,118,,,,,,,,,,,,,,,,,,,,,,
113,8,Shade Norse Male Hair,119,120,121,122,,,,,,,,,,,,,,,,,,,,,
114,0,Mummy Norse Male Head,1301,,,,,,,,,,,,,,,,,,,,,,,,
114,1,Mummy Norse Male Body,599,,,,,,,,,,,,,,,,,,,,,,,,
114,2,Mummy Norse Male LBody,,,,,,,,,,,,,,,,,,,,,,,,,
114,3,Mummy Norse Male Legs,607,,,,,,,,,,,,,,,,,,,,,,,,
114,4,Mummy Norse Male Boots,608,,,,,,,,,,,,,,,,,,,,,,,,
114,5,Mummy Norse Male Arms,614,,,,,,,,,,,,,,,,,,,,,,,,
114,6,Mummy Norse Male Gloves,615,,,,,,,,,,,,,,,,,,,,,,,,
114,7,Mummy Norse Male Cloak,116,117,118,,,,,,,,,,,,,,,,,,,,,,
114,8,Mummy Norse Male Hair, ,,,,,,,,,,,,,,,,,,,,,,,,
115,0,Stone Norse Female Head,1300,,,,,,,,,,,,,,,,,,,,,,,,
115,1,Stone Norse Female Body,621,,,,,,,,,,,,,,,,,,,,,,,,
115,2,Stone Norse Female LBody,,,,,,,,,,,,,,,,,,,,,,,,,
115,3,Stone Norse Female Legs,629,,,,,,,,,,,,,,,,,,,,,,,,
115,4,Stone Norse Female Boots,630,,,,,,,,,,,,,,,,,,,,,,,,
115,5,Stone Norse Female Arms,636,,,,,,,,,,,,,,,,,,,,,,,,
115,6,Stone Norse Female Gloves,637,,,,,,,,,,,,,,,,,,,,,,,,
115,7,Stone Norse Female Cloak,124,125,126,,,,,,,,,,,,,,,,,,,,,,
115,8,Stone Norse Female Hair,127,128,129,16,,,,,,,,,,,,,,,,,,,,,
116,0,Shade Norse Female Head,1300,,,,,,,,,,,,,,,,,,,,,,,,
116,1,Shade Norse Female Body,621,,,,,,,,,,,,,,,,,,,,,,,,
116,2,Shade Norse Female LBody,,,,,,,,,,,,,,,,,,,,,,,,,
116,3,Shade Norse Female Legs,629,,,,,,,,,,,,,,,,,,,,,,,,
116,4,Shade Norse Female Boots,630,,,,,,,,,,,,,,,,,,,,,,,,
116,5,Shade Norse Female Arms,636,,,,,,,,,,,,,,,,,,,,,,,,
116,6,Shade Norse Female Gloves,637,,,,,,,,,,,,,,,,,,,,,,,,
116,7,Shade Norse Female Cloak,124,125,126,,,,,,,,,,,,,,,,,,,,,,
116,8,Shade Norse Female Hair,127,128,129,16,,,,,,,,,,,,,,,,,,,,,
117,0,Mummy Norse Female Head,1300,,,,,,,,,,,,,,,,,,,,,,,,
117,1,Mummy Norse Female Body,621,,,,,,,,,,,,,,,,,,,,,,,,
117,2,Mummy Norse Female LBody,,,,,,,,,,,,,,,,,,,,,,,,,
117,3,Mummy Norse Female Legs,629,,,,,,,,,,,,,,,,,,,,,,,,
117,4,Mummy Norse Female Boots,630,,,,,,,,,,,,,,,,,,,,,,,,
117,5,Mummy Norse Female Arms,636,,,,,,,,,,,,,,,,,,,,,,,,
117,6,Mummy Norse Female Gloves,637,,,,,,,,,,,,,,,,,,,,,,,,
117,7,Mummy Norse Female Cloak,124,125,126,,,,,,,,,,,,,,,,,,,,,,
117,8,Mummy Norse Female Hair, ,,,,,,,,,,,,,,,,,,,,,,,,
118,0,Stone Kobold Male Head,1299,,,,,,,,,,,,,,,,,,,,,,,,
118,1,Stone Kobold Male Body,687,,,,,,,,,,,,,,,,,,,,,,,,
118,2,Stone Kobold Male LBody,,,,,,,,,,,,,,,,,,,,,,,,,
118,3,Stone Kobold Male Legs,695,,,,,,,,,,,,,,,,,,,,,,,,
118,4,Stone Kobold Male Boots,696,,,,,,,,,,,,,,,,,,,,,,,,
118,5,Stone Kobold Male Arms,702,,,,,,,,,,,,,,,,,,,,,,,,
118,6,Stone Kobold Male Gloves,703,,,,,,,,,,,,,,,,,,,,,,,,
118,7,Stone Kobold Male Cloak,148,149,150,,,,,,,,,,,,,,,,,,,,,,
118,8,Stone Kobold Male Hair,151,152,153,154,,,,,,,,,,,,,,,,,,,,,
119,0,Shade Kobold Male Head,1299,,,,,,,,,,,,,,,,,,,,,,,,
119,1,Shade Kobold Male Body,687,,,,,,,,,,,,,,,,,,,,,,,,
119,2,Shade Kobold Male LBody,,,,,,,,,,,,,,,,,,,,,,,,,
119,3,Shade Kobold Male Legs,695,,,,,,,,,,,,,,,,,,,,,,,,
119,4,Shade Kobold Male Boots,696,,,,,,,,,,,,,,,,,,,,,,,,
119,5,Shade Kobold Male Arms,702,,,,,,,,,,,,,,,,,,,,,,,,
119,6,Shade Kobold Male Gloves,703,,,,,,,,,,,,,,,,,,,,,,,,
119,7,Shade Kobold Male Cloak,148,149,150,,,,,,,,,,,,,,,,,,,,,,
119,8,Shade Kobold Male Hair,151,152,153,154,,,,,,,,,,,,,,,,,,,,,
120,0,Mummy Kobold Male Head,1299,,,,,,,,,,,,,,,,,,,,,,,,
120,1,Mummy Kobold Male Body,687,,,,,,,,,,,,,,,,,,,,,,,,
120,2,Mummy Kobold Male LBody,,,,,,,,,,,,,,,,,,,,,,,,,
120,3,Mummy Kobold Male Legs,695,,,,,,,,,,,,,,,,,,,,,,,,
120,4,Mummy Kobold Male Boots,696,,,,,,,,,,,,,,,,,,,,,,,,
120,5,Mummy Kobold Male Arms,702,,,,,,,,,,,,,,,,,,,,,,,,
120,6,Mummy Kobold Male Gloves,703,,,,,,,,,,,,,,,,,,,,,,,,
120,7,Mummy Kobold Male Cloak,148,149,150,,,,,,,,,,,,,,,,,,,,,,
120,8,Mummy Kobold Male Hair, ,,,,,,,,,,,,,,,,,,,,,,,,
121,0,Stone Kobold Female Head,1298,,,,,,,,,,,,,,,,,,,,,,,,
121,1,Stone Kobold Female Body,709,,,,,,,,,,,,,,,,,,,,,,,,
121,2,Stone Kobold Female LBody,,,,,,,,,,,,,,,,,,,,,,,,,
121,3,Stone Kobold Female Legs,717,,,,,,,,,,,,,,,,,,,,,,,,
121,4,Stone Kobold Female Boots,718,,,,,,,,,,,,,,,,,,,,,,,,
121,5,Stone Kobold Female Arms,724,,,,,,,,,,,,,,,,,,,,,,,,
121,6,Stone Kobold Female Gloves,725,,,,,,,,,,,,,,,,,,,,,,,,
121,7,Stone Kobold Female Cloak,156,157,158,,,,,,,,,,,,,,,,,,,,,,
121,8,Stone Kobold Female Hair,159,160,161,162,,,,,,,,,,,,,,,,,,,,,
122,0,Shade Kobold Female Head,1298,,,,,,,,,,,,,,,,,,,,,,,,
122,1,Shade Kobold Female Body,709,,,,,,,,,,,,,,,,,,,,,,,,
122,2,Shade Kobold Female LBody,,,,,,,,,,,,,,,,,,,,,,,,,
122,3,Shade Kobold Female Legs,717,,,,,,,,,,,,,,,,,,,,,,,,
122,4,Shade Kobold Female Boots,718,,,,,,,,,,,,,,,,,,,,,,,,
122,5,Shade Kobold Female Arms,724,,,,,,,,,,,,,,,,,,,,,,,,
122,6,Shade Kobold Female Gloves,725,,,,,,,,,,,,,,,,,,,,,,,,
122,7,Shade Kobold Female Cloak,156,157,158,,,,,,,,,,,,,,,,,,,,,,
122,8,Shade Kobold Female Hair,159,160,161,162,,,,,,,,,,,,,,,,,,,,,
123,0,Mummy Kobold Female Head,1298,,,,,,,,,,,,,,,,,,,,,,,,
123,1,Mummy Kobold Female Body,709,,,,,,,,,,,,,,,,,,,,,,,,
123,2,Mummy Kobold Female LBody,,,,,,,,,,,,,,,,,,,,,,,,,
123,3,Mummy Kobold Female Legs,717,,,,,,,,,,,,,,,,,,,,,,,,
123,4,Mummy Kobold Female Boots,718,,,,,,,,,,,,,,,,,,,,,,,,
123,5,Mummy Kobold Female Arms,724,,,,,,,,,,,,,,,,,,,,,,,,
123,6,Mummy Kobold Female Gloves,725,,,,,,,,,,,,,,,,,,,,,,,,
123,7,Mummy Kobold Female Cloak,156,157,158,,,,,,,,,,,,,,,,,,,,,,
123,8,Mummy Kobold Female Hair, ,,,,,,,,,,,,,,,,,,,,,,,,
124,0,Stone Valkyn Male Head,1294,,,,,,,,,,,,,,,,,,,,,,,,
124,1,Stone Valkyn Male Body,863,,,,,,,,,,,,,,,,,,,,,,,,
124,2,Stone Valkyn Male LBody,,,,,,,,,,,,,,,,,,,,,,,,,
124,3,Stone Valkyn Male Legs,871,,,,,,,,,,,,,,,,,,,,,,,,
124,4,Stone Valkyn Male Boots,872,,,,,,,,,,,,,,,,,,,,,,,,
124,5,Stone Valkyn Male Arms,878,,,,,,,,,,,,,,,,,,,,,,,,
124,6,Stone Valkyn Male Gloves,879,,,,,,,,,,,,,,,,,,,,,,,,
124,7,Stone Valkyn Male Cloak,212,213,214,,,,,,,,,,,,,,,,,,,,,,
124,8,Stone Valkyn Male Hair,215,216,217,218,,,,,,,,,,,,,,,,,,,,,
125,0,Shade Valkyn Male Head,1294,,,,,,,,,,,,,,,,,,,,,,,,
125,1,Shade Valkyn Male Body,863,,,,,,,,,,,,,,,,,,,,,,,,
125,2,Shade Valkyn Male LBody,,,,,,,,,,,,,,,,,,,,,,,,,
125,3,Shade Valkyn Male Legs,871,,,,,,,,,,,,,,,,,,,,,,,,
125,4,Shade Valkyn Male Boots,872,,,,,,,,,,,,,,,,,,,,,,,,
125,5,Shade Valkyn Male Arms,878,,,,,,,,,,,,,,,,,,,,,,,,
125,6,Shade Valkyn Male Gloves,879,,,,,,,,,,,,,,,,,,,,,,,,
125,7,Shade Valkyn Male Cloak,212,213,214,,,,,,,,,,,,,,,,,,,,,,
125,8,Shade Valkyn Male Hair,215,216,217,218,,,,,,,,,,,,,,,,,,,,,
126,0,Mummy Valkyn Male Head,1294,,,,,,,,,,,,,,,,,,,,,,,,
126,1,Mummy Valkyn Male Body,863,,,,,,,,,,,,,,,,,,,,,,,,
126,2,Mummy Valkyn Male LBody,,,,,,,,,,,,,,,,,,,,,,,,,
126,3,Mummy Valkyn Male Legs,871,,,,,,,,,,,,,,,,,,,,,,,,
126,4,Mummy Valkyn Male Boots,872,,,,,,,,,,,,,,,,,,,,,,,,
126,5,Mummy Valkyn Male Arms,878,,,,,,,,,,,,,,,,,,,,,,,,
126,6,Mummy Valkyn Male Gloves,879,,,,,,,,,,,,,,,,,,,,,,,,
126,7,Mummy Valkyn Male Cloak,212,213,214,,,,,,,,,,,,,,,,,,,,,,
126,8,Mummy Valkyn Male Hair, ,,,,,,,,,,,,,,,,,,,,,,,,
127,0,Stone Valkyn Female Head,1295,,,,,,,,,,,,,,,,,,,,,,,,
127,1,Stone Valkyn Female Body,885,,,,,,,,,,,,,,,,,,,,,,,,
127,2,Stone Valkyn Female LBody,,,,,,,,,,,,,,,,,,,,,,,,,
127,3,Stone Valkyn Female Legs,893,,,,,,,,,,,,,,,,,,,,,,,,
127,4,Stone Valkyn Female Boots,894,,,,,,,,,,,,,,,,,,,,,,,,
127,5,Stone Valkyn Female Arms,900,,,,,,,,,,,,,,,,,,,,,,,,
127,6,Stone Valkyn Female Gloves,901,,,,,,,,,,,,,,,,,,,,,,,,
127,7,Stone Valkyn Female Cloak,220,221,222,,,,,,,,,,,,,,,,,,,,,,
127,8,Stone Valkyn Female Hair,223,224,225,226,,,,,,,,,,,,,,,,,,,,,
128,0,Shade Valkyn Female Head,1295,,,,,,,,,,,,,,,,,,,,,,,,
128,1,Shade Valkyn Female Body,885,,,,,,,,,,,,,,,,,,,,,,,,
128,2,Shade Valkyn Female LBody,,,,,,,,,,,,,,,,,,,,,,,,,
128,3,Shade Valkyn Female Legs,893,,,,,,,,,,,,,,,,,,,,,,,,
128,4,Shade Valkyn Female Boots,894,,,,,,,,,,,,,,,,,,,,,,,,
128,5,Shade Valkyn Female Arms,900,,,,,,,,,,,,,,,,,,,,,,,,
128,6,Shade Valkyn Female Gloves,901,,,,,,,,,,,,,,,,,,,,,,,,
128,7,Shade Valkyn Female Cloak,220,221,222,,,,,,,,,,,,,,,,,,,,,,
128,8,Shade Valkyn Female Hair,223,224,225,226,,,,,,,,,,,,,,,,,,,,,
129,0,Mummy Valkyn Female Head,1295,,,,,,,,,,,,,,,,,,,,,,,,
129,1,Mummy Valkyn Female Body,885,,,,,,,,,,,,,,,,,,,,,,,,
129,2,Mummy Valkyn Female LBody,,,,,,,,,,,,,,,,,,,,,,,,,
129,3,Mummy Valkyn Female Legs,893,,,,,,,,,,,,,,,,,,,,,,,,
129,4,Mummy Valkyn Female Boots,894,,,,,,,,,,,,,,,,,,,,,,,,
129,5,Mummy Valkyn Female Arms,900,,,,,,,,,,,,,,,,,,,,,,,,
129,6,Mummy Valkyn Female Gloves,901,,,,,,,,,,,,,,,,,,,,,,,,
129,7,Mummy Valkyn Female Cloak,220,221,222,,,,,,,,,,,,,,,,,,,,,,
129,8,Mummy Troll Female Hair, ,,,,,,,,,,,,,,,,,,,,,,,,
130,0,Stone Troll Male Head,1311,,,,,,,,,,,,,,,,,,,,,,,,
130,1,Stone Troll Male Body,951,,,,,,,,,,,,,,,,,,,,,,,,
130,2,Stone Troll Male LBody,,,,,,,,,,,,,,,,,,,,,,,,,
130,3,Stone Troll Male Legs,959,,,,,,,,,,,,,,,,,,,,,,,,
130,4,Stone Troll Male Boots,960,,,,,,,,,,,,,,,,,,,,,,,,
130,5,Stone Troll Male Arms,966,,,,,,,,,,,,,,,,,,,,,,,,
130,6,Stone Troll Male Gloves,967,,,,,,,,,,,,,,,,,,,,,,,,
130,7,Stone Troll Male Cloak,244,245,246,,,,,,,,,,,,,,,,,,,,,,
130,8,Stone Troll Male Hair,247,248,249,250,,,,,,,,,,,,,,,,,,,,,
131,0,Shade Troll Male Head,1311,,,,,,,,,,,,,,,,,,,,,,,,
131,1,Shade Troll Male Body,951,,,,,,,,,,,,,,,,,,,,,,,,
131,2,Shade Troll Male LBody,,,,,,,,,,,,,,,,,,,,,,,,,
131,3,Shade Troll Male Legs,959,,,,,,,,,,,,,,,,,,,,,,,,
131,4,Shade Troll Male Boots,960,,,,,,,,,,,,,,,,,,,,,,,,
131,5,Shade Troll Male Arms,966,,,,,,,,,,,,,,,,,,,,,,,,
131,6,Shade Troll Male Gloves,967,,,,,,,,,,,,,,,,,,,,,,,,
131,7,Shade Troll Male Cloak,244,245,246,,,,,,,,,,,,,,,,,,,,,,
131,8,Shade Troll Male Hair,247,248,249,250,,,,,,,,,,,,,,,,,,,,,
132,0,Mummy Troll Male Head,1311,,,,,,,,,,,,,,,,,,,,,,,,
132,1,Mummy Troll Male Body,951,,,,,,,,,,,,,,,,,,,,,,,,
132,2,Mummy Troll Male LBody,,,,,,,,,,,,,,,,,,,,,,,,,
132,3,Mummy Troll Male Legs,959,,,,,,,,,,,,,,,,,,,,,,,,
132,4,Mummy Troll Male Boots,960,,,,,,,,,,,,,,,,,,,,,,,,
132,5,Mummy Troll Male Arms,966,,,,,,,,,,,,,,,,,,,,,,,,
132,6,Mummy Troll Male Gloves,967,,,,,,,,,,,,,,,,,,,,,,,,
132,7,Mummy Troll Male Cloak,244,245,246,,,,,,,,,,,,,,,,,,,,,,
132,8,Mummy Troll Male Hair,,,,,,,,,,,,,,,,,,,,,,,,,
133,0,Stone Troll Female Head,1310,,,,,,,,,,,,,,,,,,,,,,,,
133,1,Stone Troll Female Body,973,,,,,,,,,,,,,,,,,,,,,,,,
133,2,Stone Troll Female LBody,,,,,,,,,,,,,,,,,,,,,,,,,
133,3,Stone Troll Female Legs,981,,,,,,,,,,,,,,,,,,,,,,,,
133,4,Stone Troll Female Boots,982,,,,,,,,,,,,,,,,,,,,,,,,
133,5,Stone Troll Female Arms,988,,,,,,,,,,,,,,,,,,,,,,,,
133,6,Stone Troll Female Gloves,989,,,,,,,,,,,,,,,,,,,,,,,,
133,7,Stone Troll Female Cloak,252,253,254,,,,,,,,,,,,,,,,,,,,,,
133,8,Stone Troll Female Hair,255,256,257,258,,,,,,,,,,,,,,,,,,,,,
134,0,Shade Troll Female Head,1310,,,,,,,,,,,,,,,,,,,,,,,,
134,1,Shade Troll Female Body,973,,,,,,,,,,,,,,,,,,,,,,,,
134,2,Shade Troll Female LBody,,,,,,,,,,,,,,,,,,,,,,,,,
134,3,Shade Troll Female Legs,981,,,,,,,,,,,,,,,,,,,,,,,,
134,4,Shade Troll Female Boots,982,,,,,,,,,,,,,,,,,,,,,,,,
134,5,Shade Troll Female Arms,988,,,,,,,,,,,,,,,,,,,,,,,,
134,6,Shade Troll Female Gloves,989,,,,,,,,,,,,,,,,,,,,,,,,
134,7,Shade Troll Female Cloak,252,253,254,,,,,,,,,,,,,,,,,,,,,,
134,8,Shade Troll Female Hair,255,256,257,258,,,,,,,,,,,,,,,,,,,,,
135,0,Mummy Troll Female Head,1310,,,,,,,,,,,,,,,,,,,,,,,,
135,1,Mummy Troll Female Body,973,,,,,,,,,,,,,,,,,,,,,,,,
135,2,Mummy Troll Female LBody,,,,,,,,,,,,,,,,,,,,,,,,,
135,3,Mummy Troll Female Legs,981,,,,,,,,,,,,,,,,,,,,,,,,
135,4,Mummy Troll Female Boots,982,,,,,,,,,,,,,,,,,,,,,,,,
135,5,Mummy Troll Female Arms,988,,,,,,,,,,,,,,,,,,,,,,,,
135,6,Mummy Troll Female Gloves,989,,,,,,,,,,,,,,,,,,,,,,,,
135,7,Mummy Troll Female Cloak,252,253,254,,,,,,,,,,,,,,,,,,,,,,
135,8,Mummy Troll Female Hair,,,,,,,,,,,,,,,,,,,,,,,,,
136,0,Stone Celt Male Head,1306,,,,,,,,,,,,,,,,,,,,,,,,
136,1,Stone Celt Male Body,995,,,,,,,,,,,,,,,,,,,,,,,,
136,2,Stone Celt Male LBody,,,,,,,,,,,,,,,,,,,,,,,,,
136,3,Stone Celt Male Legs,1003,,,,,,,,,,,,,,,,,,,,,,,,
136,4,Stone Celt Male Boots,1004,,,,,,,,,,,,,,,,,,,,,,,,
136,5,Stone Celt Male Arms,1010,,,,,,,,,,,,,,,,,,,,,,,,
136,6,Stone Celt Male Gloves,1011,,,,,,,,,,,,,,,,,,,,,,,,
136,7,Stone Celt Male Cloak,260,261,262,,,,,,,,,,,,,,,,,,,,,,
136,8,Stone Celt Male Hair,263,264,265,266,1252,,1256,1262,,,,,,,,,,,,,,,,,
137,0,Shade Celt Male Head,1306,,,,,,,,,,,,,,,,,,,,,,,,
137,1,Shade Celt Male Body,995,,,,,,,,,,,,,,,,,,,,,,,,
137,2,Shade Celt Male LBody,,,,,,,,,,,,,,,,,,,,,,,,,
137,3,Shade Celt Male Legs,1003,,,,,,,,,,,,,,,,,,,,,,,,
137,4,Shade Celt Male Boots,1004,,,,,,,,,,,,,,,,,,,,,,,,
137,5,Shade Celt Male Arms,1010,,,,,,,,,,,,,,,,,,,,,,,,
137,6,Shade Celt Male Gloves,1011,,,,,,,,,,,,,,,,,,,,,,,,
137,7,Shade Celt Male Cloak,260,261,262,,,,,,,,,,,,,,,,,,,,,,
137,8,Shade Celt Male Hair,263,264,265,266,1252,,1256,1262,,,,,,,,,,,,,,,,,
138,0,Mummy Celt Male Head,1306,,,,,,,,,,,,,,,,,,,,,,,,
138,1,Mummy Celt Male Body,995,,,,,,,,,,,,,,,,,,,,,,,,
138,2,Mummy Celt Male LBody,,,,,,,,,,,,,,,,,,,,,,,,,
138,3,Mummy Celt Male Legs,1003,,,,,,,,,,,,,,,,,,,,,,,,
138,4,Mummy Celt Male Boots,1004,,,,,,,,,,,,,,,,,,,,,,,,
138,5,Mummy Celt Male Arms,1010,,,,,,,,,,,,,,,,,,,,,,,,
138,6,Mummy Celt Male Gloves,1011,,,,,,,,,,,,,,,,,,,,,,,,
138,7,Mummy Celt Male Cloak,260,261,262,,,,,,,,,,,,,,,,,,,,,,
138,8,Mummy Celt Male Hair, ,,,,,,,,,,,,,,,,,,,,,,,,
139,0,Stone Celt Female Head,1282,,,,,,,,,,,,,,,,,,,,,,,,
139,1,Stone Celt Female Body,1017,,,,,,,,,,,,,,,,,,,,,,,,
139,2,Stone Celt Female LBody,,,,,,,,,,,,,,,,,,,,,,,,,
139,3,Stone Celt Female Legs,1025,,,,,,,,,,,,,,,,,,,,,,,,
139,4,Stone Celt Female Boots,1026,,,,,,,,,,,,,,,,,,,,,,,,
139,5,Stone Celt Female Arms,1032,,,,,,,,,,,,,,,,,,,,,,,,
139,6,Stone Celt Female Gloves,1033,,,,,,,,,,,,,,,,,,,,,,,,
139,7,Stone Celt Female Cloak,268,269,270,,,,,,,,,,,,,,,,,,,,,,
139,8,Stone Celt Female Hair,273,272,271,274,1258,,,,,,,,,,,,,,,,,,,,
140,0,Shade Celt Female Head,1282,,,,,,,,,,,,,,,,,,,,,,,,
140,1,Shade Celt Female Body,1017,,,,,,,,,,,,,,,,,,,,,,,,
140,2,Shade Celt Female LBody,,,,,,,,,,,,,,,,,,,,,,,,,
140,3,Shade Celt Female Legs,1025,,,,,,,,,,,,,,,,,,,,,,,,
140,4,Shade Celt Female Boots,1026,,,,,,,,,,,,,,,,,,,,,,,,
140,5,Shade Celt Female Arms,1032,,,,,,,,,,,,,,,,,,,,,,,,
140,6,Shade Celt Female Gloves,1033,,,,,,,,,,,,,,,,,,,,,,,,
140,7,Shade Celt Female Cloak,268,269,270,,,,,,,,,,,,,,,,,,,,,,
140,8,Shade Celt Female Hair,273,272,271,274,1258,,,,,,,,,,,,,,,,,,,,
141,0,Mummy Celt Female Head,1282,,,,,,,,,,,,,,,,,,,,,,,,
141,1,Mummy Celt Female Body,1017,,,,,,,,,,,,,,,,,,,,,,,,
141,2,Mummy Celt Female LBody,,,,,,,,,,,,,,,,,,,,,,,,,
141,3,Mummy Celt Female Legs,1025,,,,,,,,,,,,,,,,,,,,,,,,
141,4,Mummy Celt Female Boots,1026,,,,,,,,,,,,,,,,,,,,,,,,
141,5,Mummy Celt Female Arms,1032,,,,,,,,,,,,,,,,,,,,,,,,
141,6,Mummy Celt Female Gloves,1033,,,,,,,,,,,,,,,,,,,,,,,,
141,7,Mummy Celt Female Cloak,268,269,270,,,,,,,,,,,,,,,,,,,,,,
141,8,Mummy Celt Female Hair, ,,,,,,,,,,,,,,,,,,,,,,,,
142,0,Stone Elf Male Head,1307,,,,,,,,,,,,,,,,,,,,,,,,
142,1,Stone Elf Male Body,511,,,,,,,,,,,,,,,,,,,,,,,,
142,2,Stone Elf Male LBody,,,,,,,,,,,,,,,,,,,,,,,,,
142,3,Stone Elf Male Legs,519,,,,,,,,,,,,,,,,,,,,,,,,
142,4,Stone Elf Male Boots,520,,,,,,,,,,,,,,,,,,,,,,,,
142,5,Stone Elf Male Arms,526,,,,,,,,,,,,,,,,,,,,,,,,
142,6,Stone Elf Male Gloves,527,,,,,,,,,,,,,,,,,,,,,,,,
142,7,Stone Elf Male Cloak,82,83,84,,,,,,,,,,,,,,,,,,,,,,
142,8,Stone Elf Male Hair,85,86,87,88,,,,,,,,,,,,,,,,,,,,,
143,0,Shade Elf Male Head,1307,,,,,,,,,,,,,,,,,,,,,,,,
143,1,Shade Elf Male Body,511,512,513,514,515,516,517,517,,,,,,,,,,,,,,,,,
143,2,Shade Elf Male LBody,,,,,,,,,,,,,,,,,,,,,,,,,
143,3,Shade Elf Male Legs,519,,,,,,,,,,,,,,,,,,,,,,,,
143,4,Shade Elf Male Boots,520,521,522,523,524,525,1128,1152,,,,,,,,,,,,,,,,,
143,5,Shade Elf Male Arms,526,,,,,,,,,,,,,,,,,,,,,,,,
143,6,Shade Elf Male Gloves,527,528,529,530,531,532,1177,1200,,,,,,,,,,,,,,,,,
143,7,Shade Elf Male Cloak,82,83,84,,,,,,,,,,,,,,,,,,,,,,
143,8,Shade Elf Male Hair,85,86,87,88,,,,,,,,,,,,,,,,,,,,,
144,0,Mummy Elf Male Head,1307,,,,,,,,,,,,,,,,,,,,,,,,
144,1,Mummy Elf Male Body,511,,,,,,,,,,,,,,,,,,,,,,,,
144,2,Mummy Elf Male LBody,,,,,,,,,,,,,,,,,,,,,,,,,
144,3,Mummy Elf Male Legs,519,,,,,,,,,,,,,,,,,,,,,,,,
144,4,Mummy Elf Male Boots,520,,,,,,,,,,,,,,,,,,,,,,,,
144,5,Mummy Elf Male Arms,526,,,,,,,,,,,,,,,,,,,,,,,,
144,6,Mummy Elf Male Gloves,527,,,,,,,,,,,,,,,,,,,,,,,,
144,7,Mummy Elf Male Cloak,82,83,84,,,,,,,,,,,,,,,,,,,,,,
144,8,Mummy Elf Male Hair, ,,,,,,,,,,,,,,,,,,,,,,,,
145,0,Stone Elf Female Head,1279,,,,,,,,,,,,,,,,,,,,,,,,
145,1,Stone Elf Female Body,533,,,,,,,,,,,,,,,,,,,,,,,,
145,2,Stone Elf Female LBody,,,,,,,,,,,,,,,,,,,,,,,,,
145,3,Stone Elf Female Legs,541,,,,,,,,,,,,,,,,,,,,,,,,
145,4,Stone Elf Female Boots,542,,,,,,,,,,,,,,,,,,,,,,,,
145,5,Stone Elf Female Arms,548,,,,,,,,,,,,,,,,,,,,,,,,
145,6,Stone Elf Female Gloves,549,,,,,,,,,,,,,,,,,,,,,,,,
145,7,Stone Elf Female Cloak,90,91,92,,,,,,,,,,,,,,,,,,,,,,
145,8,Stone Elf Female Hair,93,94,95,96,,,,,,,,,,,,,,,,,,,,,
146,0,Shade Elf Female Head,1279,,,,,,,,,,,,,,,,,,,,,,,,
146,1,Shade Elf Female Body,533,534,535,536,537,538,539,539,,,,,,,,,,,,,,,,,
146,2,Shade Elf Female LBody,,,,,,,,,,,,,,,,,,,,,,,,,
146,3,Shade Elf Female Legs,541,,,,,,,,,,,,,,,,,,,,,,,,
146,4,Shade Elf Female Boots,542,543,544,545,546,547,1127,1151,,,,,,,,,,,,,,,,,
146,5,Shade Elf Female Arms,548,,,,,,,,,,,,,,,,,,,,,,,,
146,6,Shade Elf Female Gloves,549,550,551,552,553,554,1176,1199,,,,,,,,,,,,,,,,,
146,7,Shade Elf Female Cloak,90,91,92,,,,,,,,,,,,,,,,,,,,,,
146,8,Shade Elf Female Hair,93,94,95,96,,,,,,,,,,,,,,,,,,,,,
147,0,Mummy Elf Female Head,1279,,,,,,,,,,,,,,,,,,,,,,,,
147,1,Mummy Elf Female Body,533,,,,,,,,,,,,,,,,,,,,,,,,
147,2,Mummy Elf Female LBody,,,,,,,,,,,,,,,,,,,,,,,,,
147,3,Mummy Elf Female Legs,541,,,,,,,,,,,,,,,,,,,,,,,,
147,4,Mummy Elf Female Boots,542,,,,,,,,,,,,,,,,,,,,,,,,
147,5,Mummy Elf Female Arms,548,,,,,,,,,,,,,,,,,,,,,,,,
147,6,Mummy Elf Female Gloves,549,,,,,,,,,,,,,,,,,,,,,,,,
147,7,Mummy Elf Female Cloak,90,91,92,,,,,,,,,,,,,,,,,,,,,,
147,8,Mummy Elf Female Hair, ,,,,,,,,,,,,,,,,,,,,,,,,
148,0,Stone Firbolg Male Head,1304,,,,,,,,,,,,,,,,,,,,,,,,
148,1,Stone Firbolg Male Body,907,,,,,,,,,,,,,,,,,,,,,,,,
148,2,Stone Firbolg Male LBody,,,,,,,,,,,,,,,,,,,,,,,,,
148,3,Stone Firbolg Male Legs,915,,,,,,,,,,,,,,,,,,,,,,,,
148,4,Stone Firbolg Male Boots,916,,,,,,,,,,,,,,,,,,,,,,,,
148,5,Stone Firbolg Male Arms,922,,,,,,,,,,,,,,,,,,,,,,,,
148,6,Stone Firbolg Male Gloves,923,,,,,,,,,,,,,,,,,,,,,,,,
148,7,Stone Firbolg Male Cloak,228,229,230,,,,,,,,,,,,,,,,,,,,,,
148,8,Stone Firbolg Male Hair,231,232,233,234,1227,1228,1253,1254,,,,,,,,,,,,,,,,,
149,0,Shade Firbolg Male Head,1304,,,,,,,,,,,,,,,,,,,,,,,,
149,1,Shade Firbolg Male Body,907,,,,,,,,,,,,,,,,,,,,,,,,
149,2,Shade Firbolg Male LBody,,,,,,,,,,,,,,,,,,,,,,,,,
149,3,Shade Firbolg Male Legs,915,,,,,,,,,,,,,,,,,,,,,,,,
149,4,Shade Firbolg Male Boots,916,,,,,,,,,,,,,,,,,,,,,,,,
149,5,Shade Firbolg Male Arms,922,,,,,,,,,,,,,,,,,,,,,,,,
149,6,Shade Firbolg Male Gloves,923,,,,,,,,,,,,,,,,,,,,,,,,
149,7,Shade Firbolg Male Cloak,228,229,230,,,,,,,,,,,,,,,,,,,,,,
149,8,Shade Firbolg Male Hair,231,232,233,234,1227,1228,1253,1254,,,,,,,,,,,,,,,,,
150,0,Mummy Firbolg Male Head,1304,,,,,,,,,,,,,,,,,,,,,,,,
150,1,Mummy Firbolg Male Body,907,,,,,,,,,,,,,,,,,,,,,,,,
150,2,Mummy Firbolg Male LBody,,,,,,,,,,,,,,,,,,,,,,,,,
150,3,Mummy Firbolg Male Legs,915,,,,,,,,,,,,,,,,,,,,,,,,
150,4,Mummy Firbolg Male Boots,916,,,,,,,,,,,,,,,,,,,,,,,,
150,5,Mummy Firbolg Male Arms,922,,,,,,,,,,,,,,,,,,,,,,,,
150,6,Mummy Firbolg Male Gloves,923,,,,,,,,,,,,,,,,,,,,,,,,
150,7,Mummy Firbolg Male Cloak,228,229,230,,,,,,,,,,,,,,,,,,,,,,
150,8,Mummy Firbolg Male Hair, ,,,,,,,,,,,,,,,,,,,,,,,,
151,0,Stone Firbolg Female Head,1280,,,,,,,,,,,,,,,,,,,,,,,,
151,1,Stone Firbolg Female Body,929,,,,,,,,,,,,,,,,,,,,,,,,
151,2,Stone Firbolg Female LBody,,,,,,,,,,,,,,,,,,,,,,,,,
151,3,Stone Firbolg Female Legs,937,,,,,,,,,,,,,,,,,,,,,,,,
151,4,Stone Firbolg Female Boots,938,,,,,,,,,,,,,,,,,,,,,,,,
151,5,Stone Firbolg Female Arms,944,,,,,,,,,,,,,,,,,,,,,,,,
151,6,Stone Firbolg Female Gloves,945,,,,,,,,,,,,,,,,,,,,,,,,
151,7,Stone Firbolg Female Cloak,236,237,238,,,,,,,,,,,,,,,,,,,,,,
151,8,Stone Firbolg Female Hair,239,240,241,242,,,,,,,,,,,,,,,,,,,,,
152,0,Shade Firbolg Female Head,1280,,,,,,,,,,,,,,,,,,,,,,,,
152,1,Shade Firbolg Female Body,929,,,,,,,,,,,,,,,,,,,,,,,,
152,2,Shade Firbolg Female LBody,,,,,,,,,,,,,,,,,,,,,,,,,
152,3,Shade Firbolg Female Legs,937,,,,,,,,,,,,,,,,,,,,,,,,
152,4,Shade Firbolg Female Boots,938,,,,,,,,,,,,,,,,,,,,,,,,
152,5,Shade Firbolg Female Arms,944,,,,,,,,,,,,,,,,,,,,,,,,
152,6,Shade Firbolg Female Gloves,945,,,,,,,,,,,,,,,,,,,,,,,,
152,7,Shade Firbolg Female Cloak,236,237,238,,,,,,,,,,,,,,,,,,,,,,
152,8,Shade Firbolg Female Hair,239,240,241,242,,,,,,,,,,,,,,,,,,,,,
153,0,Mummy Firbolg Female Head,1280,,,,,,,,,,,,,,,,,,,,,,,,
153,1,Mummy Firbolg Female Body,929,,,,,,,,,,,,,,,,,,,,,,,,
153,2,Mummy Firbolg Female LBody,,,,,,,,,,,,,,,,,,,,,,,,,
153,3,Mummy Firbolg Female Legs,937,,,,,,,,,,,,,,,,,,,,,,,,
153,4,Mummy Firbolg Female Boots,938,,,,,,,,,,,,,,,,,,,,,,,,
153,5,Mummy Firbolg Female Arms,944,,,,,,,,,,,,,,,,,,,,,,,,
153,6,Mummy Firbolg Female Gloves,945,,,,,,,,,,,,,,,,,,,,,,,,
153,7,Mummy Firbolg Female Cloak,236,237,238,,,,,,,,,,,,,,,,,,,,,,
153,8,Mummy Firbolg Female Hair, ,,,,,,,,,,,,,,,,,,,,,,,,
154,0,Stone Shar Male Head,1303,,,,,,,,,,,,,,,,,,,,,,,,
154,1,Stone Shar Male Body,423,,,,,,,,,,,,,,,,,,,,,,,,
154,2,Stone Shar Male LBody,,,,,,,,,,,,,,,,,,,,,,,,,
154,3,Stone Shar Male Legs,431,,,,,,,,,,,,,,,,,,,,,,,,
154,4,Stone Shar Male Boots,432,,,,,,,,,,,,,,,,,,,,,,,,
154,5,Stone Shar Male Arms,438,,,,,,,,,,,,,,,,,,,,,,,,
154,6,Stone Shar Male Gloves,439,,,,,,,,,,,,,,,,,,,,,,,,
154,7,Stone Shar Male Cloak,50,51,52,,,,,,,,,,,,,,,,,,,,,,
154,8,Stone Shar Male Hair,53,54,55,56,1239,,,,,,,,,,,,,,,,,,,,
155,0,Shade Shar Male Head,1303,,,,,,,,,,,,,,,,,,,,,,,,
155,1,Shade Shar Male Body,423,,,,,,,,,,,,,,,,,,,,,,,,
155,2,Shade Shar Male LBody,,,,,,,,,,,,,,,,,,,,,,,,,
155,3,Shade Shar Male Legs,431,,,,,,,,,,,,,,,,,,,,,,,,
155,4,Shade Shar Male Boots,432,,,,,,,,,,,,,,,,,,,,,,,,
155,5,Shade Shar Male Arms,438,,,,,,,,,,,,,,,,,,,,,,,,
155,6,Shade Shar Male Gloves,439,,,,,,,,,,,,,,,,,,,,,,,,
155,7,Shade Shar Male Cloak,50,51,52,,,,,,,,,,,,,,,,,,,,,,
155,8,Shade Shar Male Hair,53,54,55,56,1239,,,,,,,,,,,,,,,,,,,,
156,0,Mummy Shar Male Head,1303,,,,,,,,,,,,,,,,,,,,,,,,
156,1,Mummy Shar Male Body,423,,,,,,,,,,,,,,,,,,,,,,,,
156,2,Mummy Shar Male LBody,,,,,,,,,,,,,,,,,,,,,,,,,
156,3,Mummy Shar Male Legs,431,,,,,,,,,,,,,,,,,,,,,,,,
156,4,Mummy Shar Male Boots,432,,,,,,,,,,,,,,,,,,,,,,,,
156,5,Mummy Shar Male Arms,438,,,,,,,,,,,,,,,,,,,,,,,,
156,6,Mummy Shar Male Gloves,439,,,,,,,,,,,,,,,,,,,,,,,,
156,7,Mummy Shar Male Cloak,50,51,52,,,,,,,,,,,,,,,,,,,,,,
156,8,Mummy Shar Male Hair, ,,,,,,,,,,,,,,,,,,,,,,,,
157,0,Stone Shar Female Head,1302,,,,,,,,,,,,,,,,,,,,,,,,
157,1,Stone Shar Female Body,445,,,,,,,,,,,,,,,,,,,,,,,,
157,2,Stone Shar Female LBody,,,,,,,,,,,,,,,,,,,,,,,,,
157,3,Stone Shar Female Legs,453,,,,,,,,,,,,,,,,,,,,,,,,
157,4,Stone Shar Female Boots,454,,,,,,,,,,,,,,,,,,,,,,,,
157,5,Stone Shar Female Arms,460,,,,,,,,,,,,,,,,,,,,,,,,
157,6,Stone Shar Female Gloves,461,,,,,,,,,,,,,,,,,,,,,,,,
157,7,Stone Shar Female Cloak,58,59,60,,,,,,,,,,,,,,,,,,,,,,
157,8,Stone Shar Female Hair,61,62,63,64,,,,,,,,,,,,,,,,,,,,,
158,0,Shade Shar Female Head,1302,,,,,,,,,,,,,,,,,,,,,,,,
158,1,Shade Shar Female Body,445,,,,,,,,,,,,,,,,,,,,,,,,
158,2,Shade Shar Female LBody,,,,,,,,,,,,,,,,,,,,,,,,,
158,3,Shade Shar Female Legs,453,,,,,,,,,,,,,,,,,,,,,,,,
158,4,Shade Shar Female Boots,454,,,,,,,,,,,,,,,,,,,,,,,,
158,5,Shade Shar Female Arms,460,,,,,,,,,,,,,,,,,,,,,,,,
158,6,Shade Shar Female Gloves,461,,,,,,,,,,,,,,,,,,,,,,,,
158,7,Shade Shar Female Cloak,58,59,60,,,,,,,,,,,,,,,,,,,,,,
158,8,Shade Shar Female Hair,61,62,63,64,,,,,,,,,,,,,,,,,,,,,
159,0,Mummy Shar Female Head,1302,,,,,,,,,,,,,,,,,,,,,,,,
159,1,Mummy Shar Female Body,445,,,,,,,,,,,,,,,,,,,,,,,,
159,2,Mummy Shar Female LBody,,,,,,,,,,,,,,,,,,,,,,,,,
159,3,Mummy Shar Female Legs,453,,,,,,,,,,,,,,,,,,,,,,,,
159,4,Mummy Shar Female Boots,454,,,,,,,,,,,,,,,,,,,,,,,,
159,5,Mummy Shar Female Arms,460,,,,,,,,,,,,,,,,,,,,,,,,
159,6,Mummy Shar Female Gloves,461,,,,,,,,,,,,,,,,,,,,,,,,
159,7,Mummy Shar Female Cloak,58,59,60,,,,,,,,,,,,,,,,,,,,,,
159,8,Mummy Shar Female Hair, ,,,,,,,,,,,,,,,,,,,,,,,,
160,0,Stone Sylvan Male Head,1309,,,,,,,,,,,,,,,,,,,,,,,,
160,1,Stone Sylvan Male Body,1039,,,,,,,,,,,,,,,,,,,,,,,,
160,2,Stone Sylvan Male LBody,,,,,,,,,,,,,,,,,,,,,,,,,
160,3,Stone Sylvan Male Legs,1047,,,,,,,,,,,,,,,,,,,,,,,,
160,4,Stone Sylvan Male Boots,1048,,,,,,,,,,,,,,,,,,,,,,,,
160,5,Stone Sylvan Male Arms,1054,,,,,,,,,,,,,,,,,,,,,,,,
160,6,Stone Sylvan Male Gloves,1055,,,,,,,,,,,,,,,,,,,,,,,,
160,7,Stone Sylvan Male Cloak,276,277,278,,,,,,,,,,,,,,,,,,,,,,
160,8,Stone Sylvan Male Hair,279,280,281,282,1241,1242,,,,,,,,,,,,,,,,,,,
161,0,Shade Sylvan Male Head,1309,,,,,,,,,,,,,,,,,,,,,,,,
161,1,Shade Sylvan Male Body,1039,,,,,,,,,,,,,,,,,,,,,,,,
161,2,Shade Sylvan Male LBody,,,,,,,,,,,,,,,,,,,,,,,,,
161,3,Shade Sylvan Male Legs,1047,,,,,,,,,,,,,,,,,,,,,,,,
161,4,Shade Sylvan Male Boots,1048,,,,,,,,,,,,,,,,,,,,,,,,
161,5,Shade Sylvan Male Arms,1054,,,,,,,,,,,,,,,,,,,,,,,,
161,6,Shade Sylvan Male Gloves,1055,,,,,,,,,,,,,,,,,,,,,,,,
161,7,Shade Sylvan Male Cloak,276,277,278,,,,,,,,,,,,,,,,,,,,,,
161,8,Shade Sylvan Male Hair,279,280,281,282,1241,1242,,,,,,,,,,,,,,,,,,,
162,0,Mummy Sylvan Male Head,1309,,,,,,,,,,,,,,,,,,,,,,,,
162,1,Mummy Sylvan Male Body,1039,,,,,,,,,,,,,,,,,,,,,,,,
162,2,Mummy Sylvan Male LBody,,,,,,,,,,,,,,,,,,,,,,,,,
162,3,Mummy Sylvan Male Legs,1047,,,,,,,,,,,,,,,,,,,,,,,,
162,4,Mummy Sylvan Male Boots,1048,,,,,,,,,,,,,,,,,,,,,,,,
162,5,Mummy Sylvan Male Arms,1054,,,,,,,,,,,,,,,,,,,,,,,,
162,6,Mummy Sylvan Male Gloves,1055,,,,,,,,,,,,,,,,,,,,,,,,
162,7,Mummy Sylvan Male Cloak,276,277,278,,,,,,,,,,,,,,,,,,,,,,
162,8,Mummy Sylvan Male Hair, ,,,,,,,,,,,,,,,,,,,,,,,,
163,0,Stone Sylvan Female Head,1281,,,,,,,,,,,,,,,,,,,,,,,,
163,1,Stone Sylvan Female Body,1061,,,,,,,,,,,,,,,,,,,,,,,,
163,2,Stone Sylvan Female LBody,,,,,,,,,,,,,,,,,,,,,,,,,
163,3,Stone Sylvan Female Legs,1069,,,,,,,,,,,,,,,,,,,,,,,,
163,4,Stone Sylvan Female Boots,1070,,,,,,,,,,,,,,,,,,,,,,,,
163,5,Stone Sylvan Female Arms,1076,,,,,,,,,,,,,,,,,,,,,,,,
163,6,Stone Sylvan Female Gloves,1077,,,,,,,,,,,,,,,,,,,,,,,,
163,7,Stone Sylvan Female Cloak,284,285,286,,,,,,,,,,,,,,,,,,,,,,
163,8,Stone Sylvan Female Hair,287,288,289,290,,,,,,,,,,,,,,,,,,,,,
164,0,Shade Sylvan Female Head,1281,,,,,,,,,,,,,,,,,,,,,,,,
164,1,Shade Sylvan Female Body,1061,,,,,,,,,,,,,,,,,,,,,,,,
164,2,Shade Sylvan Female LBody,,,,,,,,,,,,,,,,,,,,,,,,,
164,3,Shade Sylvan Female Legs,1069,,,,,,,,,,,,,,,,,,,,,,,,
164,4,Shade Sylvan Female Boots,1070,,,,,,,,,,,,,,,,,,,,,,,,
164,5,Shade Sylvan Female Arms,1076,,,,,,,,,,,,,,,,,,,,,,,,
164,6,Shade Sylvan Female Gloves,1077,,,,,,,,,,,,,,,,,,,,,,,,
164,7,Shade Sylvan Female Cloak,284,285,286,,,,,,,,,,,,,,,,,,,,,,
164,8,Shade Sylvan Female Hair,287,288,289,290,,,,,,,,,,,,,,,,,,,,,
165,0,Mummy Sylvan Female Head,1281,,,,,,,,,,,,,,,,,,,,,,,,
165,1,Mummy Sylvan Female Body,1061,,,,,,,,,,,,,,,,,,,,,,,,
165,2,Mummy Sylvan Female LBody,,,,,,,,,,,,,,,,,,,,,,,,,
165,3,Mummy Sylvan Female Legs,1069,,,,,,,,,,,,,,,,,,,,,,,,
165,4,Mummy Sylvan Female Boots,1070,,,,,,,,,,,,,,,,,,,,,,,,
165,5,Mummy Sylvan Female Arms,1076,,,,,,,,,,,,,,,,,,,,,,,,
165,6,Mummy Sylvan Female Gloves,1077,,,,,,,,,,,,,,,,,,,,,,,,
165,7,Mummy Sylvan Female Cloak,284,285,286,,,,,,,,,,,,,,,,,,,,,,
165,8,Mummy Sylvan Female Hair, ,,,,,,,,,,,,,,,,,,,,,,,,
166,0,Stone Lurikeen Male Head,1308,,,,,,,,,,,,,,,,,,,,,,,,
166,1,Stone Lurikeen Male Body,643,,,,,,,,,,,,,,,,,,,,,,,,
166,2,Stone Lurikeen Male LBody,,,,,,,,,,,,,,,,,,,,,,,,,
166,3,Stone Lurikeen Male Legs,651,,,,,,,,,,,,,,,,,,,,,,,,
166,4,Stone Lurikeen Male Boots,652,,,,,,,,,,,,,,,,,,,,,,,,
166,5,Stone Lurikeen Male Arms,658,,,,,,,,,,,,,,,,,,,,,,,,
166,6,Stone Lurikeen Male Gloves,659,,,,,,,,,,,,,,,,,,,,,,,,
166,7,Stone Lurikeen Male Cloak,132,133,134,,,,,,,,,,,,,,,,,,,,,,
166,8,Stone Lurikeen Male Hair,135,136,137,138,1235,1236,1271,1272,,,,,,,,,,,,,,,,,
167,0,Shade Lurikeen Male Head,1308,,,,,,,,,,,,,,,,,,,,,,,,
167,1,Shade Lurikeen Male Body,643,,,,,,,,,,,,,,,,,,,,,,,,
167,2,Shade Lurikeen Male LBody,,,,,,,,,,,,,,,,,,,,,,,,,
167,3,Shade Lurikeen Male Legs,651,,,,,,,,,,,,,,,,,,,,,,,,
167,4,Shade Lurikeen Male Boots,652,,,,,,,,,,,,,,,,,,,,,,,,
167,5,Shade Lurikeen Male Arms,658,,,,,,,,,,,,,,,,,,,,,,,,
167,6,Shade Lurikeen Male Gloves,659,,,,,,,,,,,,,,,,,,,,,,,,
167,7,Shade Lurikeen Male Cloak,132,133,134,,,,,,,,,,,,,,,,,,,,,,
167,8,Shade Lurikeen Male Hair,135,136,137,138,1235,1236,1271,1272,,,,,,,,,,,,,,,,,
168,0,Mummy Lurikeen Male Head,1308,,,,,,,,,,,,,,,,,,,,,,,,
168,1,Mummy Lurikeen Male Body,643,,,,,,,,,,,,,,,,,,,,,,,,
168,2,Mummy Lurikeen Male LBody,,,,,,,,,,,,,,,,,,,,,,,,,
168,3,Mummy Lurikeen Male Legs,651,,,,,,,,,,,,,,,,,,,,,,,,
168,4,Mummy Lurikeen Male Boots,652,,,,,,,,,,,,,,,,,,,,,,,,
168,5,Mummy Lurikeen Male Arms,658,,,,,,,,,,,,,,,,,,,,,,,,
168,6,Mummy Lurikeen Male Gloves,659,,,,,,,,,,,,,,,,,,,,,,,,
168,7,Mummy Lurikeen Male Cloak,132,133,134,,,,,,,,,,,,,,,,,,,,,,
168,8,Mummy Lurikeen Male Hair, ,,,,,,,,,,,,,,,,,,,,,,,,
169,0,Stone Lurikeen Female Head,1278,,,,,,,,,,,,,,,,,,,,,,,,
169,1,Stone Lurikeen Female Body,665,,,,,,,,,,,,,,,,,,,,,,,,
169,2,Stone Lurikeen Female LBody,,,,,,,,,,,,,,,,,,,,,,,,,
169,3,Stone Lurikeen Female Legs,673,,,,,,,,,,,,,,,,,,,,,,,,
169,4,Stone Lurikeen Female Boots,674,,,,,,,,,,,,,,,,,,,,,,,,
169,5,Stone Lurikeen Female Arms,680,,,,,,,,,,,,,,,,,,,,,,,,
169,6,Stone Lurikeen Female Gloves,681,,,,,,,,,,,,,,,,,,,,,,,,
169,7,Stone Lurikeen Female Cloak,140,141,142,,,,,,,,,,,,,,,,,,,,,,
169,8,Stone Lurikeen Female Hair,143,144,145,146,,,,,,,,,,,,,,,,,,,,,
170,0,Shade Lurikeen Female Head,1278,,,,,,,,,,,,,,,,,,,,,,,,
170,1,Shade Lurikeen Female Body,665,,,,,,,,,,,,,,,,,,,,,,,,
170,2,Shade Lurikeen Female LBody,,,,,,,,,,,,,,,,,,,,,,,,,
170,3,Shade Lurikeen Female Legs,673,,,,,,,,,,,,,,,,,,,,,,,,
170,4,Shade Lurikeen Female Boots,674,,,,,,,,,,,,,,,,,,,,,,,,
170,5,Shade Lurikeen Female Arms,680,,,,,,,,,,,,,,,,,,,,,,,,
170,6,Shade Lurikeen Female Gloves,681,,,,,,,,,,,,,,,,,,,,,,,,
170,7,Shade Lurikeen Female Cloak,140,141,142,,,,,,,,,,,,,,,,,,,,,,
170,8,Shade Lurikeen Female Hair,143,144,145,146,,,,,,,,,,,,,,,,,,,,,
171,0,Mummy Lurikeen Female Head,1278,,,,,,,,,,,,,,,,,,,,,,,,
171,1,Mummy Lurikeen Female Body,665,,,,,,,,,,,,,,,,,,,,,,,,
171,2,Mummy Lurikeen Female LBody,,,,,,,,,,,,,,,,,,,,,,,,,
171,3,Mummy Lurikeen Female Legs,673,,,,,,,,,,,,,,,,,,,,,,,,
171,4,Mummy Lurikeen Female Boots,674,,,,,,,,,,,,,,,,,,,,,,,,
171,5,Mummy Lurikeen Female Arms,680,,,,,,,,,,,,,,,,,,,,,,,,
171,6,Mummy Lurikeen Female Gloves,681,,,,,,,,,,,,,,,,,,,,,,,,
171,7,Mummy Lurikeen Female Cloak,140,141,142,,,,,,,,,,,,,,,,,,,,,,
171,8,Mummy Lurikeen Female Hair, ,,,,,,,,,,,,,,,,,,,,,,,,
172,0,Corrupt Mino Head 1,1446.499289,,,,,,,,,,,,,,,,,,,,,,,,
172,1,Corrupt Min Body 1,1417,1418,1419,1420,1421,1422,1423,1424,,,,,,,,,,,,,,,,,
172,2,Corrupt Mino Lbody 1,,,,,,,,,,,,,,,,,,,,,,,,,
172,3,Corrupt Mino Legs 1,1433,,,,,,,,,,,,,,,,,,,,,,,,
172,4,Corrupt Mino Boots 1,1425,1426,1427,1428,1429,1430,1431,1432,,,,,,,,,,,,,,,,,
172,5,Corrupt Mino Arms 1,1435,,,,,,,,,,,,,,,,,,,,,,,,
172,6,Corrupt Mino Gloves 1,1400,1401,1402,1403,1404,1405,1406,1407,,,,,,,,,,,,,,,,,
172,7,Corrupt Mino Cloak 1,1410,1413,1416,,,,,,,,,,,,,,,,,,,,,,
172,8,Corrupt Mino Hair 1,,,,,,,,,,,,,,,,,,,,,,,,,
173,0,Corrupt Mino Head 2,1447,,,,,,,,,,,,,,,,,,,,,,,,
173,1,Corrupt Min Body 2,1417,1418,1419,1420,1421,1422,1423,1424,,,,,,,,,,,,,,,,,
173,2,Corrupt Mino Lbody 2,,,,,,,,,,,,,,,,,,,,,,,,,
173,3,Corrupt Mino Legs 2,1433,,,,,,,,,,,,,,,,,,,,,,,,
173,4,Corrupt Mino Boots 2,1425,1426,1427,1428,1429,1430,1431,1432,,,,,,,,,,,,,,,,,
173,5,Corrupt Mino Arms 2,1435,,,,,,,,,,,,,,,,,,,,,,,,
173,6,Corrupt Mino Gloves 2,1400,1401,1402,1403,1404,1405,1406,1407,,,,,,,,,,,,,,,,,
173,7,Corrupt Mino Cloak 2,1410,1413,1416,,,,,,,,,,,,,,,,,,,,,,
173,8,Corrupt Mino Hair 2,,,,,,,,,,,,,,,,,,,,,,,,,
174,0,Corrupt Mino Head 3,1448,,,,,,,,,,,,,,,,,,,,,,,,
174,1,Corrupt Min Body 3,1417,1418,1419,1420,1421,1422,1423,1424,,,,,,,,,,,,,,,,,
174,2,Corrupt Mino Lbody 3,,,,,,,,,,,,,,,,,,,,,,,,,
174,3,Corrupt Mino Legs 3,1433,,,,,,,,,,,,,,,,,,,,,,,,
174,4,Corrupt Mino Boots 3,1425,1426,1427,1428,1429,1430,1431,1432,,,,,,,,,,,,,,,,,
174,5,Corrupt Mino Arms 3,1435,,,,,,,,,,,,,,,,,,,,,,,,
174,6,Corrupt Mino Gloves 3,1400,1401,1402,1403,1404,1405,1406,1407,,,,,,,,,,,,,,,,,
174,7,Corrupt Mino Cloak 3,1410,1413,1416,,,,,,,,,,,,,,,,,,,,,,
174,8,Corrupt Mino Hair 3,,,,,,,,,,,,,,,,,,,,,,,,,
175,0,Skeleton Mino Head,1469,,,,,,,,,,,,,,,,,,,,,,,,
175,1,Skeleton Min Body,1417,1418,1419,1420,1421,1422,1423,1424,,,,,,,,,,,,,,,,,
175,2,Skeleton Mino Lbody ,,,,,,,,,,,,,,,,,,,,,,,,,
175,3,Skeleton Mino Legs ,1433,,,,,,,,,,,,,,,,,,,,,,,,
175,4,Skeleton Mino Boots ,1425,1426,1427,1428,1429,1430,1431,1432,,,,,,,,,,,,,,,,,
175,5,Skeleton Mino Arms ,1435,,,,,,,,,,,,,,,,,,,,,,,,
175,6,Skeleton Mino Gloves ,1400,1401,1402,1403,1404,1405,1406,1407,,,,,,,,,,,,,,,,,
175,7,Skeleton Mino Cloak ,1410,1413,1416,,,,,,,,,,,,,,,,,,,,,,
175,8,Skeleton Mino Hair,,,,,,,,,,,,,,,,,,,,,,,,,
176,0,Stone Alb Mino Head,1434,,,,,,,,,,,,,,,,,,,,,,,,
176,1,Stone Alb Min Body,1417, ,  , , , , , ,,,,,,,,,,,,,,,,,
176,2,Stone Alb Mino Lbody,,,,,,,,,,,,,,,,,,,,,,,,,
176,3,Stone Alb Mino Legs,1433,,,,,,,,,,,,,,,,,,,,,,,,
176,4,Stone Alb Mino Boots,1425, , , , , ,  , ,,,,,,,,,,,,,,,,,
176,5,Stone Alb Mino Arms,1435,,,,,,,,,,,,,,,,,,,,,,,,
176,6,Stone Alb Mino Gloves,1400, , , , , , , ,,,,,,,,,,,,,,,,,
176,7,Stone Alb Mino Cloak,1410,1413,1416,,,,,,,,,,,,,,,,,,,,,,
176,8,Stone Alb Mino Hair,1436,1437,1438,1439,1440,1441,1442,1443,1444,1445,,,,,,,,,,,,,,,
177,0,Shade Alb Mino Head,1434,,,,,,,,,,,,,,,,,,,,,,,,
177,1,Shade Alb Min Body,1417, , ,  , , , , ,,,,,,,,,,,,,,,,,
177,2,Shade Alb Mino Lbody,,,,,,,,,,,,,,,,,,,,,,,,,
177,3,Shade Alb Mino Legs,1433,,,,,,,,,,,,,,,,,,,,,,,,
177,4,Shade Alb Mino Boots,1425, , , , , , , ,,,,,,,,,,,,,,,,,
177,5,Shade Alb Mino Arms,1435,,,,,,,,,,,,,,,,,,,,,,,,
177,6,Shade Alb Mino Gloves,1400, , , , , , , ,,,,,,,,,,,,,,,,,
177,7,Shade Alb Mino Cloak,1410,1413,1416,,,,,,,,,,,,,,,,,,,,,,
177,8,Shade Alb Mino Hair,1436,1437,1438,1439,1440,1441,1442,1443,1444,1445,,,,,,,,,,,,,,,
178,0,Mummy Alb Mino Head,1434,,,,,,, ,,,,,,,,,,,,,,,,,
178,1,Mummy Alb Min Body,1417, , , , , , , ,,,,,,,,,,,,,,,,,
178,2,Mummy Alb Mino Lbody,,,,,,,,,,,,,,,,,,,,,,,,,
178,3,Mummy Alb Mino Legs,1433,,,,,,,,,,,,,,,,,,,,,,,,
178,4,Mummy Alb Mino Boots,1425, , , , , , , ,,,,,,,,,,,,,,,,,
178,5,Mummy Alb Mino Arms,1435,,,,,,, ,,,,,,,,,,,,,,,,,
178,6,Mummy Alb Mino Gloves,1400, , , , , , , ,,,,,,,,,,,,,,,,,
178,7,Mummy Alb Mino Cloak,1410,1413,1416,,,,,,,,,,,,,,,,,,,,,,
178,8,Mummy Alb Mino Hair,1436,1437,1438,1439,1440,1441,1442,1443,1444,1445,,,,,,,,,,,,,,,
179,0,Stone Mid Mino Head,1434,,,,,,,,,,,,,,,,,,,,,,,,
179,1,Stone Mid Min Body,1417,,,,,,,,,,,,,,,,,,,,,,,,
179,2,Stone Mid Mino Lbody,,,,,,,,,,,,,,,,,,,,,,,,,
179,3,Stone Mid Mino Legs,1433,,,,,,,,,,,,,,,,,,,,,,,,
179,4,Stone Mid Mino Boots,1425,,,,,,,,,,,,,,,,,,,,,,,,
179,5,Stone Mid Mino Arms,1435,,,,,,,,,,,,,,,,,,,,,,,,
179,6,Stone Mid Mino Gloves,1400,,,,,,,,,,,,,,,,,,,,,,,,
179,7,Stone Mid Mino Cloak,1408,1411,1414,,,,,,,,,,,,,,,,,,,,,,
179,8,Stone Mid Mino Hair,1449,1450,1451,1452,1453,1454,1455,1456,1457,1458,,,,,,,,,,,,,,,
180,0,Shade Mid Mino Head,1434,,,,,,,,,,,,,,,,,,,,,,,,
180,1,Shade Mid Min Body,1417,,,,,,,,,,,,,,,,,,,,,,,,
180,2,Shade Mid Mino Lbody,,,,,,,,,,,,,,,,,,,,,,,,,
180,3,Shade Mid Mino Legs,1433,,,,,,,,,,,,,,,,,,,,,,,,
180,4,Shade Mid Mino Boots,1425,,,,,,,,,,,,,,,,,,,,,,,,
180,5,Shade Mid Mino Arms,1435,,,,,,,,,,,,,,,,,,,,,,,,
180,6,Shade Mid Mino Gloves,1400,,,,,,,,,,,,,,,,,,,,,,,,
180,7,Shade Mid Mino Cloak,1408,1411,1414,,,,,,,,,,,,,,,,,,,,,,
180,8,Shade Mid Mino Hair,1449,1450,1451,1452,1453,1454,1455,1456,1457,1458,,,,,,,,,,,,,,,
181,0,Mummy Mid Mino Head,1434,,,,,,,,,,,,,,,,,,,,,,,,
181,1,Mummy Mid Min Body,1417,,,,,,,,,,,,,,,,,,,,,,,,
181,2,Mummy Mid Mino Lbody,,,,,,,,,,,,,,,,,,,,,,,,,
181,3,Mummy Mid Mino Legs,1433,,,,,,,,,,,,,,,,,,,,,,,,
181,4,Mummy Mid Mino Boots,1425,,,,,,,,,,,,,,,,,,,,,,,,
181,5,Mummy Mid Mino Arms,1435,,,,,,,,,,,,,,,,,,,,,,,,
181,6,Mummy Mid Mino Gloves,1400,,,,,,,,,,,,,,,,,,,,,,,,
181,7,Mummy Mid Mino Cloak,1408,1411,1414,,,,,,,,,,,,,,,,,,,,,,
181,8,Mummy Mid Mino Hair,1449,1450,1451,1452,1453,1454,1455,1456,1457,1458,,,,,,,,,,,,,,,
182,0,Stone Hib Mino Head,1434,,,,,,,,,,,,,,,,,,,,,,,,
182,1,Stone Hib Min Body,1417,,,,,,,,,,,,,,,,,,,,,,,,
182,2,Stone Hib Mino Lbody,,,,,,,,,,,,,,,,,,,,,,,,,
182,3,Stone Hib Mino Legs,1433,,,,,,,,,,,,,,,,,,,,,,,,
182,4,Stone Hib Mino Boots,1425,,,,,,,,,,,,,,,,,,,,,,,,
182,5,Stone Hib Mino Arms,1435,,,,,,,,,,,,,,,,,,,,,,,,
182,6,Stone Hib Mino Gloves,1400,,,,,,,,,,,,,,,,,,,,,,,,
182,7,Stone Hib Mino Cloak,1409,1412,1415,,,,,,,,,,,,,,,,,,,,,,
182,8,Stone Hib Mino Hair,1459,1460,1461,1462,1463,1464,1465,1466,1467,1468,,,,,,,,,,,,,,,
183,0,Shade Hib Mino Head,1434,,,,,,,,,,,,,,,,,,,,,,,,
183,1,Shade Hib Min Body,1417,,,,,,,,,,,,,,,,,,,,,,,,
183,2,Shade Hib Mino Lbody,,,,,,,,,,,,,,,,,,,,,,,,,
183,3,Shade Hib Mino Legs,1433,,,,,,,,,,,,,,,,,,,,,,,,
183,4,Shade Hib Mino Boots,1425,,,,,,,,,,,,,,,,,,,,,,,,
183,5,Shade Hib Mino Arms,1435,,,,,,,,,,,,,,,,,,,,,,,,
183,6,Shade Hib Mino Gloves,1400,,,,,,,,,,,,,,,,,,,,,,,,
183,7,Shade Hib Mino Cloak,1409,1412,1415,,,,,,,,,,,,,,,,,,,,,,
183,8,Shade Hib Mino Hair,1459,1460,1461,1462,1463,1464,1465,1466,1467,1468,,,,,,,,,,,,,,,
184,0,Mummy Hib Mino Head,1434,,,,,,,,,,,,,,,,,,,,,,,,
184,1,Mummy Hib Min Body,1417,,,,,,,,,,,,,,,,,,,,,,,,
184,2,Mummy Hib Mino Lbody,,,,,,,,,,,,,,,,,,,,,,,,,
184,3,Mummy Hib Mino Legs,1433,,,,,,,,,,,,,,,,,,,,,,,,
184,4,Mummy Hib Mino Boots,1425,,,,,,,,,,,,,,,,,,,,,,,,
184,5,Mummy Hib Mino Arms,1435,,,,,,,,,,,,,,,,,,,,,,,,
184,6,Mummy Hib Mino Gloves,1400,,,,,,,,,,,,,,,,,,,,,,,,
184,7,Mummy Hib Mino Cloak,1409,1412,1415,,,,,,,,,,,,,,,,,,,,,,
184,8,Mummy Hib Mino Hair,1459,1460,1461,1462,1463,1464,1465,1466,1467,1468,,,,,,,,,,,,,,,
185,0,Revamped Brown Werewolf Head,1473,,,,,,,,,,,,,,,,,,,,,,,,
185,1,Revamped Brown Werewolf Body,1476,1477,1478,1479,1480,1481,1482,1482,,,,,,,,,,,,,,,,,
185,2,Revamped Brown Werewolf Lbody,,,,,,,,,,,,,,,,,,,,,,,,,
185,3,Revamped Brown Werewolf Legs, ,,,,,,,,,,,,,,,,,,,,,,,,
185,4,Revamped Brown Werewolf Boots,1483,1483,1483,1483,1483,1483,1483,1483,,,,,,,,,,,,,,,,,
185,5,Revamped Brown Werewolf Arms,1475,,,,,,,,,,,,,,,,,,,,,,,,
185,6,Revamped Brown Werewolf Gloves,1484,1484,1485,1486,1487,1488,1489,1490,,,,,,,,,,,,,,,,,
185,7,Revamped Brown Werewolf Cloak, , , ,,,,,,,,,,,,,,,,,,,,,,
185,8,Revamped Werewolf Hair, , , , , , , , , , ,,,,,,,,,,,,,,,
186,0,Drakulv Revamped Werewolf Head,1473,,,,,,,,,,,,,,,,,,,,,,,,
186,1,Drakulv Revamped Werewolf Body,1476,1477,1478,1479,1480,1481,1482,1482,,,,,,,,,,,,,,,,,
186,2,Drakulv Revamped Werewolf Lbody,,,,,,,,,,,,,,,,,,,,,,,,,
186,3,Drakulv Revamped Werewolf Legs, ,,,,,,,,,,,,,,,,,,,,,,,,
186,4,Drakulv Revamped Werewolf Boots,1483,1483,1483,1483,1483,1483,1483,1483,,,,,,,,,,,,,,,,,
186,5,Drakulv Revamped Werewolf Arms,1475,,,,,,,,,,,,,,,,,,,,,,,,
186,6,Drakulv Revamped Werewolf Gloves,1491,1484,1485,1486,1487,1488,1489,1490,,,,,,,,,,,,,,,,,
186,7,Drakulv Revamped Werewolf Cloak, , , ,,,,,,,,,,,,,,,,,,,,,,
186,8,Drakulv Revamped Werewolf Hair, , , , , , , , ,,,,,,,,,,,,,,,,,
187,0,Dragonsworn Spy Male Head,1493,,,,,,,,,,,,,,,,,,,,,,,,
187,1,Dragonsworn Spy Male Body,291,292,293,294,295,296,297,298,,,,,,,,,,,,,,,,,
187,2,Dragonsworn Spy Male LBody,,,,,,,,,,,,,,,,,,,,,,,,,
187,3,Dragonsworn Spy Male Legs,299,,,,,,,,,,,,,,,,,,,,,,,,
187,4,Dragonsworn Spy Male Boots,300,301,302,303,304,305,1130,1154,,,,,,,,,,,,,,,,,
187,5,Dragonsworn Spy Male Arms,306,,,,,,,,,,,,,,,,,,,,,,,,
187,6,Dragonsworn Spy Male Gloves,307,308,309,310,311,312,1179,1202,,,,,,,,,,,,,,,,,
187,7,Dragonsworn Spy Male Cloak,2,3,4,,,,,,,,,,,,,,,,,,,,,,
187,8,Dragonsworn Spy Male Hair,,,,,,,,,,,,,,,,,,,,,,,,,
187,9,Dragonsworn Spy Full Helm ,, ,,,,,,,,,,,,,,,,,,,,,,,
188,0,Revamped White Werewolf Head,1473,,,,,,,,,,,,,,,,,,,,,,,,
188,1,Revamped White Werewolf Body,1476,1477,1478,1479,1480,1481,1482,1482,,,,,,,,,,,,,,,,,
188,2,Revamped White Werewolf Lbody,,,,,,,,,,,,,,,,,,,,,,,,,
188,3,Revamped White Werewolf Legs, ,,,,,,,,,,,,,,,,,,,,,,,,
188,4,Revamped White Werewolf Boots,1483,1483,1483,1483,1483,1483,1483,1483,,,,,,,,,,,,,,,,,
188,5,Revamped White Werewolf Arms,1475,,,,,,,,,,,,,,,,,,,,,,,,
188,6,Revamped White Werewolf Gloves,1484,1484,1485,1486,1487,1488,1489,1490,,,,,,,,,,,,,,,,,
188,7,Revamped White Werewolf Cloak, , , ,,,,,,,,,,,,,,,,,,,,,,
188,8,Revamped Werewolf Hair, , , , , , , , ,,,,,,,,,,,,,,,,,
189,0,Highlander Female Head,1288,,,,,,,,,,,,,,,,,,,,,,,,
189,1,Highlander Female Body,1091,1092,1093,1094,1095,1096,1097,1098,,,,,,,,,,,,,,,,,
189,2,Highlander Female LBody,1107,1108,1109,1110,1111,1112,1113,1114,,,,,,,,,,,,,,,,,
189,3,Highlander Female Legs,585,,,,,,,,,,,,,,,,,,,,,,,,
189,4,Highlander Female Boots,586,587,588,589,590,591,1137,1161,,,,,,,,,,,,,,,,,
189,5,Highlander Female Arms,592,,,,,,,,,,,,,,,,,,,,,,,,
189,6,Highlander Female Gloves,593,594,595,596,597,598,1185,1209,,,,,,,,,,,,,,,,,
189,7,Highlander Female Cloak,108,109,110,,,,,,,,,,,,,,,,,,,,,,
189,8,Highlander Female Hair,111,112,113,114,,,,,,,,,,,,,,,,,,,,,
189,9,Highlander Female Full Helm,1509,1508,1507,1654,1656,1658,1660,1662,1664,1666,1668,1670,,,,,,,,,,,,,
190,0,Highlander Female Head,1288,,,,,,,,,,,,,,,,,,,,,,,,
190,1,Highlander Female Body,1091,1092,1093,1094,1095,1096,1097,1098,,,,,,,,,,,,,,,,,
190,2,Highlander Female LBody,1107,1108,1109,1110,1111,1112,1113,1114,,,,,,,,,,,,,,,,,
190,3,Highlander Female Legs,585,,,,,,,,,,,,,,,,,,,,,,,,
190,4,Highlander Female Boots,586,587,588,589,590,591,1137,1161,,,,,,,,,,,,,,,,,
190,5,Highlander Female Arms,592,,,,,,,,,,,,,,,,,,,,,,,,
190,6,Highlander Female Gloves,593,594,595,596,597,598,1185,1209,,,,,,,,,,,,,,,,,
190,7,Highlander Female Cloak,108,109,110,,,,,,,,,,,,,,,,,,,,,,
190,8,Highlander Female Hair,111,112,113,114,,,,,,,,,,,,,,,,,,,,,
190,9,Highlander Female Full Helm,1509,1508,1507,1654,1656,1658,1660,1662,1664,1666,1668,1670,,,,,,,,,,,,,
191,0,Highlander Female Head,1288,,,,,,,,,,,,,,,,,,,,,,,,
191,1,Highlander Female Body,1091,1092,1093,1094,1095,1096,1097,1098,,,,,,,,,,,,,,,,,
191,2,Highlander Female LBody,1107,1108,1109,1110,1111,1112,1113,1114,,,,,,,,,,,,,,,,,
191,3,Highlander Female Legs,585,,,,,,,,,,,,,,,,,,,,,,,,
191,4,Highlander Female Boots,586,587,588,589,590,591,1137,1161,,,,,,,,,,,,,,,,,
191,5,Highlander Female Arms,592,,,,,,,,,,,,,,,,,,,,,,,,
191,6,Highlander Female Gloves,593,594,595,596,597,598,1185,1209,,,,,,,,,,,,,,,,,
191,7,Highlander Female Cloak,108,109,110,,,,,,,,,,,,,,,,,,,,,,
191,8,Highlander Female Hair,111,112,113,114,,,,,,,,,,,,,,,,,,,,,
191,9,Highlander Female Full Helm,1509,1508,1507,1654,1656,1658,1660,1662,1664,1666,1668,1670,,,,,,,,,,,,,
192,0,Highlander Female Head,1288,,,,,,,,,,,,,,,,,,,,,,,,
192,1,Highlander Female Body,1091,1092,1093,1094,1095,1096,1097,1098,,,,,,,,,,,,,,,,,
192,2,Highlander Female LBody,1107,1108,1109,1110,1111,1112,1113,1114,,,,,,,,,,,,,,,,,
192,3,Highlander Female Legs,585,,,,,,,,,,,,,,,,,,,,,,,,
192,4,Highlander Female Boots,586,587,588,589,590,591,1137,1161,,,,,,,,,,,,,,,,,
192,5,Highlander Female Arms,592,,,,,,,,,,,,,,,,,,,,,,,,
192,6,Highlander Female Gloves,593,594,595,596,597,598,1185,1209,,,,,,,,,,,,,,,,,
192,7,Highlander Female Cloak,108,109,110,,,,,,,,,,,,,,,,,,,,,,
192,8,Highlander Female Hair,111,112,113,114,,,,,,,,,,,,,,,,,,,,,
192,9,Highlander Female Full Helm,1509,1508,1507,1654,1656,1658,1660,1662,1664,1666,1668,1670,,,,,,,,,,,,,
193,0,Highlander Female Head,1288,,,,,,,,,,,,,,,,,,,,,,,,
193,1,Highlander Female Body,1091,1092,1093,1094,1095,1096,1097,1098,,,,,,,,,,,,,,,,,
193,2,Highlander Female LBody,1107,1108,1109,1110,1111,1112,1113,1114,,,,,,,,,,,,,,,,,
193,3,Highlander Female Legs,585,,,,,,,,,,,,,,,,,,,,,,,,
193,4,Highlander Female Boots,586,587,588,589,590,591,1137,1161,,,,,,,,,,,,,,,,,
193,5,Highlander Female Arms,592,,,,,,,,,,,,,,,,,,,,,,,,
193,6,Highlander Female Gloves,593,594,595,596,597,598,1185,1209,,,,,,,,,,,,,,,,,
193,7,Highlander Female Cloak,108,109,110,,,,,,,,,,,,,,,,,,,,,,
193,8,Highlander Female Hair,111,112,113,114,,,,,,,,,,,,,,,,,,,,,
193,9,Highlander Female Full Helm,1509,1508,1507,1654,1656,1658,1660,1662,1664,1666,1668,1670,,,,,,,,,,,,,
194,0,Highlander Female Head,1288,,,,,,,,,,,,,,,,,,,,,,,,
194,1,Highlander Female Body,1091,1092,1093,1094,1095,1096,1097,1098,,,,,,,,,,,,,,,,,
194,2,Highlander Female LBody,1107,1108,1109,1110,1111,1112,1113,1114,,,,,,,,,,,,,,,,,
194,3,Highlander Female Legs,585,,,,,,,,,,,,,,,,,,,,,,,,
194,4,Highlander Female Boots,586,587,588,589,590,591,1137,1161,,,,,,,,,,,,,,,,,
194,5,Highlander Female Arms,592,,,,,,,,,,,,,,,,,,,,,,,,
194,6,Highlander Female Gloves,593,594,595,596,597,598,1185,1209,,,,,,,,,,,,,,,,,
194,7,Highlander Female Cloak,108,109,110,,,,,,,,,,,,,,,,,,,,,,
194,8,Highlander Female Hair,111,112,113,114,,,,,,,,,,,,,,,,,,,,,
194,9,Highlander Female Full Helm,1509,1508,1507,1654,1656,1658,1660,1662,1664,1666,1668,1670,,,,,,,,,,,,,
195,0,Highlander Male Head,1289,,,,,,,,,,,,,,,,,,,,,,,,
195,1,Highlander Male Body,1083,1084,1085,1086,1087,1088,1089,1090,,,,,,,,,,,,,,,,,
195,2,Highlander Male LBody,1099,1100,1101,1102,1103,1104,1105,1106,,,,,,,,,,,,,,,,,
195,3,Highlander Male Legs,563,,,,,,,,,,,,,,,,,,,,,,,,
195,4,Highlander Male Boots,564,565,566,567,568,569,1138,1162,,,,,,,,,,,,,,,,,
195,5,Highlander Male Arms,570,,,,,,,,,,,,,,,,,,,,,,,,
195,6,Highlander Male Gloves,571,572,573,574,575,576,1186,1210,,,,,,,,,,,,,,,,,
195,7,Highlander Male Cloak,99,100,101,,,,,,,,,,,,,,,,,,,,,,
195,8,Highlander Male Hair,102,103,104,105,1231,1232,1266,1267,,,,,,,,,,,,,,,,,
195,9,Highlander Male Full Helm,1506,1505,1504,1655,1657,1659,1661,1663,1665,1667,1669,1671,,,,,,,,,,,,,
196,0,Highlander Male Head,1289,,,,,,,,,,,,,,,,,,,,,,,,
196,1,Highlander Male Body,1083,1084,1085,1086,1087,1088,1089,1090,,,,,,,,,,,,,,,,,
196,2,Highlander Male LBody,1099,1100,1101,1102,1103,1104,1105,1106,,,,,,,,,,,,,,,,,
196,3,Highlander Male Legs,563,,,,,,,,,,,,,,,,,,,,,,,,
196,4,Highlander Male Boots,564,565,566,567,568,569,1138,1162,,,,,,,,,,,,,,,,,
196,5,Highlander Male Arms,570,,,,,,,,,,,,,,,,,,,,,,,,
196,6,Highlander Male Gloves,571,572,573,574,575,576,1186,1210,,,,,,,,,,,,,,,,,
196,7,Highlander Male Cloak,99,100,101,,,,,,,,,,,,,,,,,,,,,,
196,8,Highlander Male Hair,102,103,104,105,1231,1232,1266,1267,,,,,,,,,,,,,,,,,
196,9,Highlander Male Full Helm,1506,1505,1504,1655,1657,1659,1661,1663,1665,1667,1669,1671,,,,,,,,,,,,,
197,0,Highlander Male Head,1289,,,,,,,,,,,,,,,,,,,,,,,,
197,1,Highlander Male Body,1083,1084,1085,1086,1087,1088,1089,1090,,,,,,,,,,,,,,,,,
197,2,Highlander Male LBody,1099,1100,1101,1102,1103,1104,1105,1106,,,,,,,,,,,,,,,,,
197,3,Highlander Male Legs,563,,,,,,,,,,,,,,,,,,,,,,,,
197,4,Highlander Male Boots,564,565,566,567,568,569,1138,1162,,,,,,,,,,,,,,,,,
197,5,Highlander Male Arms,570,,,,,,,,,,,,,,,,,,,,,,,,
197,6,Highlander Male Gloves,571,572,573,574,575,576,1186,1210,,,,,,,,,,,,,,,,,
197,7,Highlander Male Cloak,99,100,101,,,,,,,,,,,,,,,,,,,,,,
197,8,Highlander Male Hair,102,103,104,105,1231,1232,1266,1267,,,,,,,,,,,,,,,,,
197,9,Highlander Male Full Helm,1506,1505,1504,1655,1657,1659,1661,1663,1665,1667,1669,1671,,,,,,,,,,,,,
198,0,Highlander Male Head,1289,,,,,,,,,,,,,,,,,,,,,,,,
198,1,Highlander Male Body,1083,1084,1085,1086,1087,1088,1089,1090,,,,,,,,,,,,,,,,,
198,2,Highlander Male LBody,1099,1100,1101,1102,1103,1104,1105,1106,,,,,,,,,,,,,,,,,
198,3,Highlander Male Legs,563,,,,,,,,,,,,,,,,,,,,,,,,
198,4,Highlander Male Boots,564,565,566,567,568,569,1138,1162,,,,,,,,,,,,,,,,,
198,5,Highlander Male Arms,570,,,,,,,,,,,,,,,,,,,,,,,,
198,6,Highlander Male Gloves,571,572,573,574,575,576,1186,1210,,,,,,,,,,,,,,,,,
198,7,Highlander Male Cloak,99,100,101,,,,,,,,,,,,,,,,,,,,,,
198,8,Highlander Male Hair,102,103,104,105,1231,1232,1266,1267,,,,,,,,,,,,,,,,,
198,9,Highlander Male Full Helm,1506,1505,1504,1655,1657,1659,1661,1663,1665,1667,1669,1671,,,,,,,,,,,,,
199,0,Highlander Male Head,1289,,,,,,,,,,,,,,,,,,,,,,,,
199,1,Highlander Male Body,1083,1084,1085,1086,1087,1088,1089,1090,,,,,,,,,,,,,,,,,
199,2,Highlander Male LBody,1099,1100,1101,1102,1103,1104,1105,1106,,,,,,,,,,,,,,,,,
199,3,Highlander Male Legs,563,,,,,,,,,,,,,,,,,,,,,,,,
199,4,Highlander Male Boots,564,565,566,567,568,569,1138,1162,,,,,,,,,,,,,,,,,
199,5,Highlander Male Arms,570,,,,,,,,,,,,,,,,,,,,,,,,
199,6,Highlander Male Gloves,571,572,573,574,575,576,1186,1210,,,,,,,,,,,,,,,,,
199,7,Highlander Male Cloak,99,100,101,,,,,,,,,,,,,,,,,,,,,,
199,8,Highlander Male Hair,102,103,104,105,1231,1232,1266,1267,,,,,,,,,,,,,,,,,
199,9,Highlander Male Full Helm,1506,1505,1504,1655,1657,1659,1661,1663,1665,1667,1669,1671,,,,,,,,,,,,,
200,0,Highlander Male Head,1289,,,,,,,,,,,,,,,,,,,,,,,,
200,1,Highlander Male Body,1083,1084,1085,1086,1087,1088,1089,1090,,,,,,,,,,,,,,,,,
200,2,Highlander Male LBody,1099,1100,1101,1102,1103,1104,1105,1106,,,,,,,,,,,,,,,,,
200,3,Highlander Male Legs,563,,,,,,,,,,,,,,,,,,,,,,,,
200,4,Highlander Male Boots,564,565,566,567,568,569,1138,1162,,,,,,,,,,,,,,,,,
200,5,Highlander Male Arms,570,,,,,,,,,,,,,,,,,,,,,,,,
200,6,Highlander Male Gloves,571,572,573,574,575,576,1186,1210,,,,,,,,,,,,,,,,,
200,7,Highlander Male Cloak,99,100,101,,,,,,,,,,,,,,,,,,,,,,
200,8,Highlander Male Hair,102,103,104,105,1231,1232,1266,1267,,,,,,,,,,,,,,,,,
200,9,Highlander Male Full Helm,1506,1505,1504,1655,1657,1659,1661,1663,1665,1667,1669,1671,,,,,,,,,,,,,
