322,,0,1,2,3,4,5,6,7,8,9
ID,Name,baseIconId,borderId,up left,up,up right,right,down right,down,left,spell
0,Question Mark,0,-1,-1,-1,-1,-1,-1,-1,-1,-1
1,Rez Sickness,1,-1,-1,-1,-1,-1,-1,-1,-1,-1
2,iconname,2,-1,-1,-1,-1,-1,-1,-1,-1,-1
3,iconname,3,-1,-1,-1,-1,-1,-1,-1,-1,-1
4,iconname,173,1,-1,-1,-1,-1,-1,-1,-1,116
5,iconname,173,2,-1,-1,-1,-1,-1,-1,-1,117
6,iconname,173,3,-1,-1,-1,-1,-1,-1,-1,118
7,iconname,4,-1,-1,-1,-1,-1,-1,-1,-1,-1
8,iconname,5,-1,-1,-1,-1,-1,-1,-1,-1,-1
9,iconname,6,-1,-1,-1,-1,-1,-1,-1,-1,-1
10,iconname,100,-1,-1,-1,-1,-1,-1,-1,-1,-1
11,iconname,100,0,-1,-1,-1,-1,-1,-1,-1,-1
12,iconname,100,1,-1,-1,-1,-1,-1,-1,-1,-1
13,iconname,100,2,-1,-1,-1,-1,-1,-1,-1,-1
14,iconname,100,3,-1,-1,-1,-1,-1,-1,-1,-1
15,iconname,102,-1,-1,-1,-1,-1,-1,-1,-1,-1
16,iconname,102,0,-1,-1,-1,-1,-1,-1,-1,-1
17,iconname,102,1,-1,-1,-1,-1,-1,-1,-1,-1
18,iconname,102,2,-1,-1,-1,-1,-1,-1,-1,-1
19,iconname,102,3,-1,-1,-1,-1,-1,-1,-1,-1
20,iconname,206,-1,-1,-1,-1,-1,-1,-1,-1,-1
21,iconname,206,0,-1,-1,-1,-1,-1,-1,-1,-1
22,iconname,206,1,-1,-1,-1,-1,-1,-1,-1,-1
23,iconname,206,2,-1,-1,-1,-1,-1,-1,-1,-1
24,iconname,206,3,-1,-1,-1,-1,-1,-1,-1,-1
25,iconname,10,-1,-1,-1,-1,-1,-1,-1,-1,-1
26,iconname,10,0,-1,-1,-1,-1,-1,-1,-1,-1
27,iconname,10,1,-1,-1,-1,-1,-1,-1,-1,-1
28,iconname,10,2,-1,-1,-1,-1,-1,-1,-1,-1
29,iconname,10,3,-1,-1,-1,-1,-1,-1,-1,-1
30,iconname,16,-1,-1,-1,-1,-1,-1,-1,-1,114
31,iconname,16,0,-1,-1,-1,-1,-1,-1,-1,115
32,iconname,16,1,-1,-1,-1,-1,-1,-1,-1,116
33,iconname,16,2,-1,-1,-1,-1,-1,-1,-1,117
34,iconname,16,3,-1,-1,-1,-1,-1,-1,-1,118
35,Combat speed buffs,200,-1,-1,-1,-1,-1,-1,-1,-1,-1
36,Combat speed buffs,200,0,-1,-1,-1,-1,-1,-1,-1,-1
37,Combat speed buffs,200,1,-1,-1,-1,-1,-1,-1,-1,-1
38,Combat speed buffs,200,2,-1,-1,-1,-1,-1,-1,-1,-1
39,Combat speed buffs,200,3,-1,-1,-1,-1,-1,-1,-1,-1
40,iconname,132,-1,-1,-1,-1,-1,-1,-1,-1,-1
41,iconname,132,0,-1,-1,-1,-1,-1,-1,-1,-1
42,iconname,132,1,-1,-1,-1,-1,-1,-1,-1,-1
43,iconname,132,2,-1,-1,-1,-1,-1,-1,-1,-1
44,iconname,132,3,-1,-1,-1,-1,-1,-1,-1,-1
45,iconname,70,-1,-1,-1,-1,-1,-1,-1,-1,156
46,iconname,70,0,-1,-1,-1,-1,-1,-1,-1,157
47,iconname,70,1,-1,-1,-1,-1,-1,-1,-1,158
48,iconname,70,2,-1,-1,-1,-1,-1,-1,-1,159
49,iconname,70,3,-1,-1,-1,-1,-1,-1,-1,160
50,iconname,90,-1,-1,-1,-1,-1,-1,-1,-1,156
51,iconname,90,0,-1,-1,-1,-1,-1,-1,-1,157
52,iconname,90,1,-1,-1,-1,-1,-1,-1,-1,158
53,iconname,90,2,-1,-1,-1,-1,-1,-1,-1,159
54,iconname,90,3,-1,-1,-1,-1,-1,-1,-1,160
55,iconname,15,-1,-1,-1,-1,-1,-1,-1,-1,156
56,iconname,15,0,-1,-1,-1,-1,-1,-1,-1,157
57,iconname,15,1,-1,-1,-1,-1,-1,-1,-1,158
58,iconname,15,2,-1,-1,-1,-1,-1,-1,-1,159
59,iconname,15,3,-1,-1,-1,-1,-1,-1,-1,160
60,iconname,16,-1,-1,-1,-1,-1,-1,-1,-1,-1
61,iconname,16,0,-1,-1,-1,-1,-1,-1,-1,-1
62,iconname,16,1,-1,-1,-1,-1,-1,-1,-1,-1
63,iconname,16,2,-1,-1,-1,-1,-1,-1,-1,-1
64,iconname,16,3,-1,-1,-1,-1,-1,-1,-1,-1
65,Str/Con buff,20,-1,-1,-1,-1,-1,-1,-1,-1,-1
66,Str/Con buff,20,0,-1,-1,-1,-1,-1,-1,-1,-1
67,Str/Con buff,20,1,-1,-1,-1,-1,-1,-1,-1,-1
68,Str/Con buff,20,2,-1,-1,-1,-1,-1,-1,-1,-1
69,Str/Con buff,20,3,-1,-1,-1,-1,-1,-1,-1,-1
70,Dex/Qui buff,227,-1,-1,-1,-1,-1,-1,-1,-1,-1
71,Dex/Qui buff,227,0,-1,-1,-1,-1,-1,-1,-1,-1
72,Dex/Qui buff,227,1,-1,-1,-1,-1,-1,-1,-1,-1
73,Dex/Qui buff,227,2,-1,-1,-1,-1,-1,-1,-1,-1
74,Dex/Qui buff,227,3,-1,-1,-1,-1,-1,-1,-1,-1
75,Acuity Buffs,121,-1,-1,-1,-1,-1,-1,-1,-1,-1
76,Acuity Buffs,121,0,-1,-1,-1,-1,-1,-1,-1,-1
77,Acuity Buffs,121,1,-1,-1,-1,-1,-1,-1,-1,-1
78,Acuity Buffs,121,2,-1,-1,-1,-1,-1,-1,-1,-1
79,Acuity Buffs,121,3,-1,-1,-1,-1,-1,-1,-1,-1
80,iconname,75,-1,-1,-1,-1,-1,-1,-1,-1,163
81,iconname,75,0,-1,-1,-1,-1,-1,-1,-1,164
82,iconname,75,1,-1,-1,-1,-1,-1,-1,-1,165
83,iconname,75,2,-1,-1,-1,-1,-1,-1,-1,166
84,iconname,75,3,-1,-1,-1,-1,-1,-1,-1,167
85,iconname,45,-1,-1,-1,-1,-1,-1,-1,-1,163
86,iconname,45,0,-1,-1,-1,-1,-1,-1,-1,164
87,iconname,45,1,-1,-1,-1,-1,-1,-1,-1,165
88,iconname,45,2,-1,-1,-1,-1,-1,-1,-1,166
89,iconname,45,3,-1,-1,-1,-1,-1,-1,-1,167
90,iconname,123,-1,-1,-1,-1,-1,-1,-1,-1,163
91,iconname,123,0,-1,-1,-1,-1,-1,-1,-1,164
92,iconname,123,1,-1,-1,-1,-1,-1,-1,-1,165
93,iconname,123,2,-1,-1,-1,-1,-1,-1,-1,166
94,iconname,123,3,-1,-1,-1,-1,-1,-1,-1,167
95,iconname,132,-1,-1,-1,-1,-1,-1,-1,-1,114
96,iconname,132,0,-1,-1,-1,-1,-1,-1,-1,115
97,iconname,132,1,-1,-1,-1,-1,-1,-1,-1,116
98,iconname,132,2,-1,-1,-1,-1,-1,-1,-1,117
99,iconname,132,3,-1,-1,-1,-1,-1,-1,-1,118
100,leather cap,1200,-1,-1,-1,-1,-1,-1,-1,-1,-1
101,chain cap,1201,-1,-1,-1,-1,-1,-1,-1,-1,-1
102,plate cap,1202,-1,-1,-1,-1,-1,-1,-1,-1,-1
103,plate helmet,1203,-1,-1,-1,-1,-1,-1,-1,-1,-1
104,cloth vest,1204,-1,-1,-1,-1,-1,-1,-1,-1,-1
105,leather vest,1205,-1,-1,-1,-1,-1,-1,-1,-1,-1
106,chain hauberk,1206,-1,-1,-1,-1,-1,-1,-1,-1,-1
107,alt leather vest,1207,-1,-1,-1,-1,-1,-1,-1,-1,-1
108,alt chain hauberk,1208,-1,-1,-1,-1,-1,-1,-1,-1,-1
109,plate breastplate,1209,-1,-1,-1,-1,-1,-1,-1,-1,-1
110,cloth arms,1210,-1,-1,-1,-1,-1,-1,-1,-1,-1
111,leather arms,1211,-1,-1,-1,-1,-1,-1,-1,-1,-1
112,chain arms,1212,-1,-1,-1,-1,-1,-1,-1,-1,-1
113,plate arms,1213,-1,-1,-1,-1,-1,-1,-1,-1,-1
114,cloth gloves,1214,-1,-1,-1,-1,-1,-1,-1,-1,-1
115,leather gloves,1215,-1,-1,-1,-1,-1,-1,-1,-1,-1
116,chain gloves,1216,-1,-1,-1,-1,-1,-1,-1,-1,-1
117,plate gloves,1217,-1,-1,-1,-1,-1,-1,-1,-1,-1
118,hooded cape,1218,-1,-1,-1,-1,-1,-1,-1,-1,-1
119,regular cape,1219,-1,-1,-1,-1,-1,-1,-1,-1,-1
120,cloth legs,1220,-1,-1,-1,-1,-1,-1,-1,-1,-1
121,leather legs,1221,-1,-1,-1,-1,-1,-1,-1,-1,-1
122,chain legs,1222,-1,-1,-1,-1,-1,-1,-1,-1,-1
123,plate legs,1223,-1,-1,-1,-1,-1,-1,-1,-1,-1
124,cloth boots,1224,-1,-1,-1,-1,-1,-1,-1,-1,-1
125,leather boots,1225,-1,-1,-1,-1,-1,-1,-1,-1,-1
126,chain boots,1226,-1,-1,-1,-1,-1,-1,-1,-1,-1
127,plate boots,1227,-1,-1,-1,-1,-1,-1,-1,-1,-1
128,cloth cap,1228,-1,-1,-1,-1,-1,-1,-1,-1,-1
129,studded cap,1229,-1,-1,-1,-1,-1,-1,-1,-1,-1
130,copper coin,1230,-1,-1,-1,-1,-1,-1,-1,-1,-1
131,silver coin,1231,-1,-1,-1,-1,-1,-1,-1,-1,-1
132,gold coin,1232,-1,-1,-1,-1,-1,-1,-1,-1,-1
133,platinum coin,1233,-1,-1,-1,-1,-1,-1,-1,-1,-1
134,mithril coin,1234,-1,-1,-1,-1,-1,-1,-1,-1,-1
135,all purpose bag,1235,-1,-1,-1,-1,-1,-1,-1,-1,-1
136,water skin,1236,-1,-1,-1,-1,-1,-1,-1,-1,-1
137,potion/flask,1237,-1,-1,-1,-1,-1,-1,-1,-1,-1
138,leather helmet,1238,-1,-1,-1,-1,-1,-1,-1,-1,-1
139,studded helmet,1239,-1,-1,-1,-1,-1,-1,-1,-1,-1
140,animal skin,1240,-1,-1,-1,-1,-1,-1,-1,-1,-1
141,jeweled necklace,1241,-1,-1,-1,-1,-1,-1,-1,-1,-1
142,meat,1242,-1,-1,-1,-1,-1,-1,-1,-1,-1
143,ring,1243,-1,-1,-1,-1,-1,-1,-1,-1,-1
144,totem,1244,-1,-1,-1,-1,-1,-1,-1,-1,-1
145,skull and bone,1245,-1,-1,-1,-1,-1,-1,-1,-1,-1
146,tooth/claw,1246,-1,-1,-1,-1,-1,-1,-1,-1,-1
147,snake skin,1247,-1,-1,-1,-1,-1,-1,-1,-1,-1
148,spider leg,1248,-1,-1,-1,-1,-1,-1,-1,-1,-1
149,collar,1249,-1,-1,-1,-1,-1,-1,-1,-1,-1
150,red gem,1250,-1,-1,-1,-1,-1,-1,-1,-1,-1
151,orange gem,1251,-1,-1,-1,-1,-1,-1,-1,-1,-1
152,yellow gem,1252,-1,-1,-1,-1,-1,-1,-1,-1,-1
153,green gem,1253,-1,-1,-1,-1,-1,-1,-1,-1,-1
154,cyan gem,1254,-1,-1,-1,-1,-1,-1,-1,-1,-1
155,blue gem,1255,-1,-1,-1,-1,-1,-1,-1,-1,-1
156,purple gem,1256,-1,-1,-1,-1,-1,-1,-1,-1,-1
157,white gem,1257,-1,-1,-1,-1,-1,-1,-1,-1,-1
158,black gem,1258,-1,-1,-1,-1,-1,-1,-1,-1,-1
159,gold gem,1259,-1,-1,-1,-1,-1,-1,-1,-1,-1
160,chain helmet,1260,-1,-1,-1,-1,-1,-1,-1,-1,-1
161,studded vest,1261,-1,-1,-1,-1,-1,-1,-1,-1,-1
162,alt cloth vest,1262,-1,-1,-1,-1,-1,-1,-1,-1,-1
163,alt studded vest,1263,-1,-1,-1,-1,-1,-1,-1,-1,-1
164,studded arms,1264,-1,-1,-1,-1,-1,-1,-1,-1,-1
165,studded gloves,1265,-1,-1,-1,-1,-1,-1,-1,-1,-1
166,studded legs,1266,-1,-1,-1,-1,-1,-1,-1,-1,-1
167,studded boots,1267,-1,-1,-1,-1,-1,-1,-1,-1,-1
168,dye flask,1268,-1,-1,-1,-1,-1,-1,-1,-1,-1
169,alt dye flask,1269,-1,-1,-1,-1,-1,-1,-1,-1,-1
170,eyeball,1270,-1,-1,-1,-1,-1,-1,-1,-1,-1
171,bone,1271,-1,-1,-1,-1,-1,-1,-1,-1,-1
172,note,1272,-1,-1,-1,-1,-1,-1,-1,-1,-1
173,scroll,1273,-1,-1,-1,-1,-1,-1,-1,-1,-1
174,book,1274,-1,-1,-1,-1,-1,-1,-1,-1,-1
175,animal ear,1275,-1,-1,-1,-1,-1,-1,-1,-1,-1
176,human ear,1276,-1,-1,-1,-1,-1,-1,-1,-1,-1
177,human head,1277,-1,-1,-1,-1,-1,-1,-1,-1,-1
178,basket,1278,-1,-1,-1,-1,-1,-1,-1,-1,-1
179,chest,1279,-1,-1,-1,-1,-1,-1,-1,-1,-1
180,hair,1280,-1,-1,-1,-1,-1,-1,-1,-1,-1
181,cloth scrap,1281,-1,-1,-1,-1,-1,-1,-1,-1,-1
182,toe,1282,-1,-1,-1,-1,-1,-1,-1,-1,-1
183,broach/pin,1283,-1,-1,-1,-1,-1,-1,-1,-1,-1
184,hammer,1284,-1,-1,-1,-1,-1,-1,-1,-1,-1
185,crown,1285,-1,-1,-1,-1,-1,-1,-1,-1,-1
186,arrow,1286,-1,-1,-1,-1,-1,-1,-1,-1,-1
187,bolt,1287,-1,-1,-1,-1,-1,-1,-1,-1,-1
188,stone,1288,-1,-1,-1,-1,-1,-1,-1,-1,-1
189,feather/tail,1289,-1,-1,-1,-1,-1,-1,-1,-1,-1
190,ant carapace,1290,-1,-1,-1,-1,-1,-1,-1,-1,-1
191,beetle carapace,1291,-1,-1,-1,-1,-1,-1,-1,-1,-1
192,horse hoof,1292,-1,-1,-1,-1,-1,-1,-1,-1,-1
193,metal bars,1293,-1,-1,-1,-1,-1,-1,-1,-1,-1
194,wood board,1294,-1,-1,-1,-1,-1,-1,-1,-1,-1
195,leather square,1295,-1,-1,-1,-1,-1,-1,-1,-1,-1
196,cloth roll,1296,-1,-1,-1,-1,-1,-1,-1,-1,-1
197,blue orb,1297,-1,-1,-1,-1,-1,-1,-1,-1,-1
198,red orb,1298,-1,-1,-1,-1,-1,-1,-1,-1,-1
199,silver orb,1299,-1,-1,-1,-1,-1,-1,-1,-1,-1
200,hand axe,900,-1,-1,-1,-1,-1,-1,-1,-1,-1
201,short sword,901,-1,-1,-1,-1,-1,-1,-1,-1,-1
202,long/broad sword,902,-1,-1,-1,-1,-1,-1,-1,-1,-1
203,two handed sword,903,-1,-1,-1,-1,-1,-1,-1,-1,-1
204,scimitar,904,-1,-1,-1,-1,-1,-1,-1,-1,-1
205,dirk,905,-1,-1,-1,-1,-1,-1,-1,-1,-1
206,rapier,906,-1,-1,-1,-1,-1,-1,-1,-1,-1
207,javelin/pike,907,-1,-1,-1,-1,-1,-1,-1,-1,-1
208,trident,908,-1,-1,-1,-1,-1,-1,-1,-1,-1
209,staff,909,-1,-1,-1,-1,-1,-1,-1,-1,-1
210,hammer,910,-1,-1,-1,-1,-1,-1,-1,-1,-1
211,mace,911,-1,-1,-1,-1,-1,-1,-1,-1,-1
212,flanged mace,912,-1,-1,-1,-1,-1,-1,-1,-1,-1
213,spiked mace,913,-1,-1,-1,-1,-1,-1,-1,-1,-1
214,two handed mace,914,-1,-1,-1,-1,-1,-1,-1,-1,-1
215,mattock,915,-1,-1,-1,-1,-1,-1,-1,-1,-1
216,war axe,916,-1,-1,-1,-1,-1,-1,-1,-1,-1
217,battle axe,917,-1,-1,-1,-1,-1,-1,-1,-1,-1
218,club,918,-1,-1,-1,-1,-1,-1,-1,-1,-1
219,lucerne hammer,919,-1,-1,-1,-1,-1,-1,-1,-1,-1
220,bill,920,-1,-1,-1,-1,-1,-1,-1,-1,-1
221,halberd,921,-1,-1,-1,-1,-1,-1,-1,-1,-1
222,lochaber axe,922,-1,-1,-1,-1,-1,-1,-1,-1,-1
223,long bow,923,-1,-1,-1,-1,-1,-1,-1,-1,-1
224,short bow,924,-1,-1,-1,-1,-1,-1,-1,-1,-1
225,stnd arrows,925,-1,-1,-1,-1,-1,-1,-1,-1,-1
226,shield,926,-1,-1,-1,-1,-1,-1,-1,-1,-1
227,crossbow,927,-1,-1,-1,-1,-1,-1,-1,-1,-1
228,lute,928,-1,-1,-1,-1,-1,-1,-1,-1,-1
229,drum,929,-1,-1,-1,-1,-1,-1,-1,-1,-1
230,flute,930,-1,-1,-1,-1,-1,-1,-1,-1,-1
231,whip,931,-1,-1,-1,-1,-1,-1,-1,-1,-1
232,scythe,932,-1,-1,-1,-1,-1,-1,-1,-1,-1
233,fist weapon,933,-1,-1,-1,-1,-1,-1,-1,-1,-1
234,slash arrows,934,-1,-1,-1,-1,-1,-1,-1,-1,-1
235,thrust arrows,935,-1,-1,-1,-1,-1,-1,-1,-1,-1
236,blunt arrows,936,-1,-1,-1,-1,-1,-1,-1,-1,-1
237,blunt bolts,937,-1,-1,-1,-1,-1,-1,-1,-1,-1
238,thrust bolts,938,-1,-1,-1,-1,-1,-1,-1,-1,-1
239,slash bolts,939,-1,-1,-1,-1,-1,-1,-1,-1,-1
240,Alb 2H Blunt Air,940,-1,-1,-1,-1,-1,-1,-1,-1,-1
241,Alb 2H Blunt Earth,941,-1,-1,-1,-1,-1,-1,-1,-1,-1
242,Alb 2H Blunt Fire,942,-1,-1,-1,-1,-1,-1,-1,-1,-1
243,Alb 2H Blunt Water,943,-1,-1,-1,-1,-1,-1,-1,-1,-1
244,Alb 2H Thrust Air,944,-1,-1,-1,-1,-1,-1,-1,-1,-1
245,Alb 2H Thrust Earth,945,-1,-1,-1,-1,-1,-1,-1,-1,-1
246,Alb 2H Thrust Fire,946,-1,-1,-1,-1,-1,-1,-1,-1,-1
247,Alb 2H Thrust Water,947,-1,-1,-1,-1,-1,-1,-1,-1,-1
248,Alb 2H Slash Air,948,-1,-1,-1,-1,-1,-1,-1,-1,-1
249,Alb 2H Slash Earth,949,-1,-1,-1,-1,-1,-1,-1,-1,-1
250,Alb 2H Slash Fire,950,-1,-1,-1,-1,-1,-1,-1,-1,-1
251,Alb 2H Slash Water,951,-1,-1,-1,-1,-1,-1,-1,-1,-1
252,Alb Saracen Short Bow Air,952,-1,-1,-1,-1,-1,-1,-1,-1,-1
253,Alb Saracen Short Bow Earth,953,-1,-1,-1,-1,-1,-1,-1,-1,-1
254,Alb Saracen Short Bow Fire,954,-1,-1,-1,-1,-1,-1,-1,-1,-1
255,Alb Saracen Short Bow Water,955,-1,-1,-1,-1,-1,-1,-1,-1,-1
256,Alb Thorn Bow Air,956,-1,-1,-1,-1,-1,-1,-1,-1,-1
257,Alb Thorn Bow Earth,957,-1,-1,-1,-1,-1,-1,-1,-1,-1
258,Alb Thorn Bow Fire,958,-1,-1,-1,-1,-1,-1,-1,-1,-1
259,Alb Thorn Bow Water,959,-1,-1,-1,-1,-1,-1,-1,-1,-1
260,Alb BishopsMace Air,960,-1,-1,-1,-1,-1,-1,-1,-1,-1
261,Alb BishopsMace Earth,961,-1,-1,-1,-1,-1,-1,-1,-1,-1
262,Alb BishopsMace Fire,962,-1,-1,-1,-1,-1,-1,-1,-1,-1
263,Alb BishopsMace Water,963,-1,-1,-1,-1,-1,-1,-1,-1,-1
264,Alb Coffin Mace Mace Air,964,-1,-1,-1,-1,-1,-1,-1,-1,-1
265,Alb Coffin Mace Mace Earth,965,-1,-1,-1,-1,-1,-1,-1,-1,-1
266,Alb Coffin Mace Fire,966,-1,-1,-1,-1,-1,-1,-1,-1,-1
267,Alb Coffin Mace Water,967,-1,-1,-1,-1,-1,-1,-1,-1,-1
268,Alb Flex Spiked Flail Air,968,-1,-1,-1,-1,-1,-1,-1,-1,-1
269,Alb Flex Spiked Flail Earth,969,-1,-1,-1,-1,-1,-1,-1,-1,-1
270,Alb Flex Spiked Flail Fire,970,-1,-1,-1,-1,-1,-1,-1,-1,-1
271,Alb Flex Spiked Flail Water,971,-1,-1,-1,-1,-1,-1,-1,-1,-1
272,Alb Flex Spiked Whip Air,972,-1,-1,-1,-1,-1,-1,-1,-1,-1
273,Alb Flex Spiked Whip Earth,973,-1,-1,-1,-1,-1,-1,-1,-1,-1
274,Alb Flex Spiked Whip Fire,974,-1,-1,-1,-1,-1,-1,-1,-1,-1
275,Alb Flex Spiked Whip Water,975,-1,-1,-1,-1,-1,-1,-1,-1,-1
276,Alb Military Fork Air,976,-1,-1,-1,-1,-1,-1,-1,-1,-1
277,Alb Military Fork Earth,977,-1,-1,-1,-1,-1,-1,-1,-1,-1
278,Alb Military Fork Fire,978,-1,-1,-1,-1,-1,-1,-1,-1,-1
279,Alb Military Fork Water,979,-1,-1,-1,-1,-1,-1,-1,-1,-1
280,Alb Saracen Glaive Air,980,-1,-1,-1,-1,-1,-1,-1,-1,-1
281,Alb Saracen Glaive Earth,981,-1,-1,-1,-1,-1,-1,-1,-1,-1
282,Alb Saracen Glaive Fire,982,-1,-1,-1,-1,-1,-1,-1,-1,-1
283,Alb Saracen Glaive Water,983,-1,-1,-1,-1,-1,-1,-1,-1,-1
284,Alb Tall Hammer Air,984,-1,-1,-1,-1,-1,-1,-1,-1,-1
285,Alb Tall Hammer Earth,985,-1,-1,-1,-1,-1,-1,-1,-1,-1
286,Alb Tall Hammer Fire,986,-1,-1,-1,-1,-1,-1,-1,-1,-1
287,Alb Tall Hammer Water,987,-1,-1,-1,-1,-1,-1,-1,-1,-1
288,Alb Cinquedea Air,988,-1,-1,-1,-1,-1,-1,-1,-1,-1
289,Alb Cinquedea Earth,989,-1,-1,-1,-1,-1,-1,-1,-1,-1
290,Alb Cinquedea Fire,990,-1,-1,-1,-1,-1,-1,-1,-1,-1
291,Alb Cinquedea Water,991,-1,-1,-1,-1,-1,-1,-1,-1,-1
292,Alb Falchion Air,992,-1,-1,-1,-1,-1,-1,-1,-1,-1
293,Alb Falchion Earth,993,-1,-1,-1,-1,-1,-1,-1,-1,-1
294,Alb Falchion Fire,994,-1,-1,-1,-1,-1,-1,-1,-1,-1
295,Alb Falchion Water,995,-1,-1,-1,-1,-1,-1,-1,-1,-1
296,Alb Spiked Staff Mace Air,996,-1,-1,-1,-1,-1,-1,-1,-1,-1
297,Alb Spiked Staff Mace Earth,997,-1,-1,-1,-1,-1,-1,-1,-1,-1
298,Alb Spiked Staff Mace Fire,998,-1,-1,-1,-1,-1,-1,-1,-1,-1
299,Alb Spiked Staff Mace Water,999,-1,-1,-1,-1,-1,-1,-1,-1,-1
300,iconname,16,-1,-1,-1,-1,-1,-1,-1,-1,100
301,iconname,16,0,-1,-1,-1,-1,-1,-1,-1,101
302,iconname,16,1,-1,-1,-1,-1,-1,-1,-1,102
303,iconname,16,2,-1,-1,-1,-1,-1,-1,-1,103
304,iconname,16,3,-1,-1,-1,-1,-1,-1,-1,104
305,iconname,71,-1,-1,-1,-1,-1,-1,-1,-1,-1
306,iconname,71,0,-1,-1,-1,-1,-1,-1,-1,-1
307,iconname,71,1,-1,-1,-1,-1,-1,-1,-1,-1
308,iconname,71,2,-1,-1,-1,-1,-1,-1,-1,-1
309,iconname,71,3,-1,-1,-1,-1,-1,-1,-1,-1
310,iconname,26,-1,-1,-1,-1,-1,-1,-1,-1,114
311,iconname,26,0,-1,-1,-1,-1,-1,-1,-1,115
312,iconname,26,1,-1,-1,-1,-1,-1,-1,-1,116
313,iconname,26,2,-1,-1,-1,-1,-1,-1,-1,117
314,iconname,26,3,-1,-1,-1,-1,-1,-1,-1,118
315,iconname,30,-1,-1,-1,-1,-1,-1,-1,-1,121
316,iconname,30,0,-1,-1,-1,-1,-1,-1,-1,122
317,iconname,30,1,-1,-1,-1,-1,-1,-1,-1,123
318,iconname,30,2,-1,-1,-1,-1,-1,-1,-1,124
319,iconname,30,3,-1,-1,-1,-1,-1,-1,-1,125
320,iconname,132,-1,-1,-1,-1,-1,-1,-1,-1,100
321,iconname,132,0,-1,-1,-1,-1,-1,-1,-1,101
322,iconname,132,1,-1,-1,-1,-1,-1,-1,-1,102
323,iconname,132,2,-1,-1,-1,-1,-1,-1,-1,103
324,iconname,132,3,-1,-1,-1,-1,-1,-1,-1,104
325,iconname,132,-1,-1,-1,-1,-1,-1,-1,-1,-1
326,iconname,132,0,-1,-1,-1,-1,-1,-1,-1,-1
327,iconname,132,1,-1,-1,-1,-1,-1,-1,-1,-1
328,iconname,132,2,-1,-1,-1,-1,-1,-1,-1,-1
329,iconname,132,3,-1,-1,-1,-1,-1,-1,-1,-1
330,iconname,131,-1,-1,-1,-1,-1,-1,-1,-1,-1
331,iconname,131,0,-1,-1,-1,-1,-1,-1,-1,-1
332,iconname,131,1,-1,-1,-1,-1,-1,-1,-1,-1
333,iconname,131,2,-1,-1,-1,-1,-1,-1,-1,-1
334,iconname,131,3,-1,-1,-1,-1,-1,-1,-1,-1
335,iconname,228,-1,-1,-1,-1,-1,-1,-1,-1,-1
336,iconname,228,0,-1,-1,-1,-1,-1,-1,-1,-1
337,iconname,228,1,-1,-1,-1,-1,-1,-1,-1,116
338,iconname,228,2,-1,-1,-1,-1,-1,-1,-1,-1
339,iconname,228,3,-1,-1,-1,-1,-1,-1,-1,-1
340,iconname,110,-1,-1,-1,-1,-1,-1,-1,-1,-1
341,iconname,110,0,-1,-1,-1,-1,-1,-1,-1,-1
342,iconname,110,1,-1,-1,-1,-1,-1,-1,-1,-1
343,iconname,110,2,-1,-1,-1,-1,-1,-1,-1,-1
344,iconname,110,3,-1,-1,-1,-1,-1,-1,-1,-1
345,iconname,229,-1,-1,-1,-1,-1,-1,-1,-1,-1
346,iconname,229,0,-1,-1,-1,-1,-1,-1,-1,-1
347,iconname,229,1,-1,-1,-1,-1,-1,-1,-1,-1
348,iconname,229,2,-1,-1,-1,-1,-1,-1,-1,-1
349,iconname,229,3,-1,-1,-1,-1,-1,-1,-1,-1
350,rejuvenation spells,13,-1,-1,-1,-1,-1,-1,-1,-1,-1
351,rejuvenation spells,13,0,-1,-1,-1,-1,-1,-1,-1,-1
352,rejuvenation spells,13,1,-1,-1,-1,-1,-1,-1,-1,-1
353,rejuvenation spells,13,2,-1,-1,-1,-1,-1,-1,-1,-1
354,rejuvenation spells,13,3,-1,-1,-1,-1,-1,-1,-1,-1
355,iconname,22,-1,-1,-1,-1,-1,-1,-1,-1,-1
356,iconname,63,0,-1,-1,-1,-1,-1,-1,-1,-1
357,iconname,63,1,-1,-1,-1,-1,-1,-1,-1,-1
358,iconname,63,2,-1,-1,-1,-1,-1,-1,-1,-1
359,iconname,63,3,-1,-1,-1,-1,-1,-1,-1,-1
360,iconname,33,-1,-1,-1,-1,-1,-1,-1,-1,100
361,iconname,33,0,-1,-1,-1,-1,-1,-1,-1,101
362,iconname,33,1,-1,-1,-1,-1,-1,-1,-1,102
363,iconname,33,2,-1,-1,-1,-1,-1,-1,-1,103
364,iconname,33,3,-1,-1,-1,-1,-1,-1,-1,104
365,iconname,33,-1,-1,-1,-1,-1,-1,-1,-1,-1
366,iconname,33,0,-1,-1,-1,-1,-1,-1,-1,-1
367,iconname,33,1,-1,-1,-1,-1,-1,-1,-1,-1
368,iconname,33,2,-1,-1,-1,-1,-1,-1,-1,-1
369,iconname,33,3,-1,-1,-1,-1,-1,-1,-1,-1
370,iconname,54,-1,-1,-1,-1,-1,-1,-1,-1,-1
371,iconname,54,0,-1,-1,-1,-1,-1,-1,-1,-1
372,iconname,54,1,-1,-1,-1,-1,-1,-1,-1,-1
373,iconname,54,2,-1,-1,-1,-1,-1,-1,-1,-1
374,iconname,54,3,-1,-1,-1,-1,-1,-1,-1,-1
375,iconname,12,-1,-1,-1,-1,-1,-1,-1,-1,-1
376,iconname,12,3,-1,-1,-1,-1,-1,-1,-1,-1
377,iconname,54,-1,-1,-1,-1,-1,-1,-1,-1,100
378,iconname,54,1,-1,-1,-1,-1,-1,-1,-1,102
379,iconname,54,3,-1,-1,-1,-1,-1,-1,-1,104
380,iconname,62,-1,-1,-1,-1,-1,-1,-1,-1,-1
381,iconname,62,0,-1,-1,-1,-1,-1,-1,-1,-1
382,iconname,62,1,-1,-1,-1,-1,-1,-1,-1,-1
383,iconname,62,2,-1,-1,-1,-1,-1,-1,-1,-1
384,iconname,62,3,-1,-1,-1,-1,-1,-1,-1,-1
385,iconname,72,-1,-1,-1,-1,-1,-1,-1,-1,-1
386,iconname,72,0,-1,-1,-1,-1,-1,-1,-1,-1
387,iconname,72,1,-1,-1,-1,-1,-1,-1,-1,-1
388,iconname,72,2,-1,-1,-1,-1,-1,-1,-1,-1
389,iconname,72,3,-1,-1,-1,-1,-1,-1,-1,-1
390,iconname,53,-1,-1,-1,-1,-1,-1,-1,-1,-1
391,iconname,53,0,-1,-1,-1,-1,-1,-1,-1,-1
392,iconname,53,1,-1,-1,-1,-1,-1,-1,-1,-1
393,iconname,53,2,-1,-1,-1,-1,-1,-1,-1,-1
394,iconname,53,3,-1,-1,-1,-1,-1,-1,-1,-1
395,iconname,44,-1,-1,-1,-1,-1,-1,-1,-1,-1
396,iconname,24,-1,-1,-1,-1,-1,-1,-1,-1,-1
397,iconname,7,-1,-1,-1,-1,-1,-1,-1,-1,-1
398,iconname,8,-1,-1,-1,-1,-1,-1,-1,-1,-1
399,iconname,9,-1,-1,-1,-1,-1,-1,-1,-1,-1
400,facilitate painworking,1600,-1,-1,-1,-1,-1,-1,-1,-1,-1
401,iconname,0,-1,-1,-1,-1,-1,-1,-1,-1,-1
402,iconname,0,-1,-1,-1,-1,-1,-1,-1,-1,-1
403,stealth,1601,-1,-1,-1,-1,-1,-1,-1,-1,-1
404,iconname,0,-1,-1,-1,-1,-1,-1,-1,-1,-1
405,iconname,0,-1,-1,-1,-1,-1,-1,-1,-1,-1
406,release,1629,-1,-1,-1,-1,-1,-1,-1,-1,-1
407,iconname,0,-1,-1,-1,-1,-1,-1,-1,-1,-1
408,iconname,0,-1,-1,-1,-1,-1,-1,-1,-1,-1
409,sprint,1602,-1,-1,-1,-1,-1,-1,-1,-1,-1
410,iconname,1603,-1,-1,-1,-1,-1,-1,-1,-1,-1
411,iconname,1604,-1,-1,-1,-1,-1,-1,-1,-1,-1
412,iconname,1605,-1,-1,-1,-1,-1,-1,-1,-1,-1
413,iconname,179,-1,-1,-1,-1,-1,-1,-1,-1,-1
414,iconname,0,-1,-1,-1,-1,-1,-1,-1,-1,-1
415,iconname,1606,-1,-1,-1,-1,-1,-1,-1,-1,-1
416,iconname,1607,-1,-1,-1,-1,-1,-1,-1,-1,-1
417,iconname,1608,-1,-1,-1,-1,-1,-1,-1,-1,-1
418,iconname,1609,-1,-1,-1,-1,-1,-1,-1,-1,-1
419,iconname,1610,-1,-1,-1,-1,-1,-1,-1,-1,-1
420,iconname,1611,-1,-1,-1,-1,-1,-1,-1,-1,-1
421,iconname,1612,-1,-1,-1,-1,-1,-1,-1,-1,-1
422,iconname,0,-1,-1,-1,-1,-1,-1,-1,-1,-1
423,1.90 DJ Spells,0,-1,-1,-1,-1,-1,-1,-1,-1,-1
424,earth DD 1,56,-1,-1,-1,-1,-1,-1,-1,-1,-1
425,earth DD 2,56,0,-1,-1,-1,-1,-1,-1,-1,-1
426,earth DD 3,56,1,-1,-1,-1,-1,-1,-1,-1,-1
427,earth DD 4,56,2,-1,-1,-1,-1,-1,-1,-1,-1
428,earth DD 5,56,3,-1,-1,-1,-1,-1,-1,-1,-1
429,earth AEDD 1,66,-1,-1,-1,-1,-1,-1,-1,-1,121
430,earth AEDD 2,66,0,-1,-1,-1,-1,-1,-1,-1,122
431,earth AEDD 3,66,1,-1,-1,-1,-1,-1,-1,-1,123
432,earth AEDD 4,66,2,-1,-1,-1,-1,-1,-1,-1,124
433,earth AEDD 5,66,3,-1,-1,-1,-1,-1,-1,-1,125
434,Green Heretic Self Piercing,121,0,-1,-1,-1,-1,-1,-1,-1,115
435,Blue Heretic Self Piercing,121,1,-1,-1,-1,-1,-1,-1,-1,116
436,Yellow Heretic Self Piercing,121,2,-1,-1,-1,-1,-1,-1,-1,117
437,Red Heretic Self Piercing,121,3,-1,-1,-1,-1,-1,-1,-1,118
438,Midwinter Medal of Honor,45,3,-1,-1,-1,-1,-1,-1,-1,118
439,Strong Elixir of Power,228,2,-1,-1,-1,-1,-1,-1,-1,117
440,Improved Elixir of Speed,200,1,-1,-1,-1,-1,-1,-1,-1,116
441,Kelgor's Gift / Boon,14,1,-1,-1,-1,-1,-1,-1,-1,116
442,Kelgor's Reward,14,3,-1,-1,-1,-1,-1,-1,-1,118
443,Gray Charm Reptile,39,-1,-1,-1,-1,-1,-1,-1,-1,-1
444,Green Charm Reptile,39,0,-1,-1,-1,-1,-1,-1,-1,-1
445,Blue Charm Reptile,39,1,-1,-1,-1,-1,-1,-1,-1,-1
446,Yellow Charm Reptile,39,2,-1,-1,-1,-1,-1,-1,-1,-1
447,Red Charm Reptile,39,3,-1,-1,-1,-1,-1,-1,-1,-1
448,Red RvR Mythirian,1571,9,-1,-1,-1,-1,-1,-1,-1,-1
449,Blue RvR Mythirian,1572,9,-1,-1,-1,-1,-1,-1,-1,-1
450,Green RvR Mythirian,1573,9,-1,-1,-1,-1,-1,-1,-1,-1
451,Yellow RvR Mythirian,1574,9,-1,-1,-1,-1,-1,-1,-1,-1
452,Brown RvR Mythirian,1575,9,-1,-1,-1,-1,-1,-1,-1,-1
453,Blue PvE Mythirian,1576,9,-1,-1,-1,-1,-1,-1,-1,-1
454,Green PvE Mythirian,1577,9,-1,-1,-1,-1,-1,-1,-1,-1
455,Red PvE Mythirian,1578,9,-1,-1,-1,-1,-1,-1,-1,-1
456,iconname,0,-1,-1,-1,-1,-1,-1,-1,-1,-1
457,iconname,0,-1,-1,-1,-1,-1,-1,-1,-1,-1
458,iconname,0,-1,-1,-1,-1,-1,-1,-1,-1,-1
459,iconname,0,-1,-1,-1,-1,-1,-1,-1,-1,-1
460,iconname,0,-1,-1,-1,-1,-1,-1,-1,-1,-1
461,iconname,0,-1,-1,-1,-1,-1,-1,-1,-1,-1
462,iconname,0,-1,-1,-1,-1,-1,-1,-1,-1,-1
463,iconname,0,-1,-1,-1,-1,-1,-1,-1,-1,-1
464,iconname,0,-1,-1,-1,-1,-1,-1,-1,-1,-1
465,iconname,0,-1,-1,-1,-1,-1,-1,-1,-1,-1
466,iconname,0,-1,-1,-1,-1,-1,-1,-1,-1,-1
467,iconname,0,-1,-1,-1,-1,-1,-1,-1,-1,-1
468,iconname,0,-1,-1,-1,-1,-1,-1,-1,-1,-1
469,iconname,0,-1,-1,-1,-1,-1,-1,-1,-1,-1
470,iconname,0,-1,-1,-1,-1,-1,-1,-1,-1,-1
471,iconname,0,-1,-1,-1,-1,-1,-1,-1,-1,-1
472,iconname,0,-1,-1,-1,-1,-1,-1,-1,-1,-1
473,iconname,0,-1,-1,-1,-1,-1,-1,-1,-1,-1
474,iconname,0,-1,-1,-1,-1,-1,-1,-1,-1,-1
475,iconname,1630,-1,-1,-1,-1,-1,-1,-1,-1,-1
476,iconname,1613,-1,-1,-1,-1,-1,-1,-1,-1,-1
477,iconname,1631,-1,-1,-1,-1,-1,-1,-1,-1,-1
478,iconname,1632,-1,-1,-1,-1,-1,-1,-1,-1,-1
479,iconname,1614,-1,-1,-1,-1,-1,-1,-1,-1,-1
480,iconname,1615,-1,-1,-1,-1,-1,-1,-1,-1,-1
481,iconname,0,-1,-1,-1,-1,-1,-1,-1,-1,-1
482,iconname,0,-1,-1,-1,-1,-1,-1,-1,-1,-1
483,iconname,0,-1,-1,-1,-1,-1,-1,-1,-1,-1
484,rapid fire,1687,-1,-1,-1,-1,-1,-1,-1,-1,-1
485,basic crafting,1274,-1,-1,-1,-1,-1,-1,-1,-1,-1
486,gemcutting,1616,-1,-1,-1,-1,-1,-1,-1,-1,-1
487,woodworking,1617,-1,-1,-1,-1,-1,-1,-1,-1,-1
488,spellcraft,1618,-1,-1,-1,-1,-1,-1,-1,-1,-1
489,fletching,1619,-1,-1,-1,-1,-1,-1,-1,-1,-1
490,clothworking,1620,-1,-1,-1,-1,-1,-1,-1,-1,-1
491,herbcraft,1621,-1,-1,-1,-1,-1,-1,-1,-1,-1
492,tailoring,1622,-1,-1,-1,-1,-1,-1,-1,-1,-1
493,leatherworking,1623,-1,-1,-1,-1,-1,-1,-1,-1,-1
494,metalworking,1624,-1,-1,-1,-1,-1,-1,-1,-1,-1
495,iconname,0,-1,-1,-1,-1,-1,-1,-1,-1,-1
496,alchemy,1625,-1,-1,-1,-1,-1,-1,-1,-1,-1
497,siegecraft,1626,-1,-1,-1,-1,-1,-1,-1,-1,-1
498,armorcrafting,1627,-1,-1,-1,-1,-1,-1,-1,-1,-1
499,weaponcrafting,1628,-1,-1,-1,-1,-1,-1,-1,-1,-1
500,green vial,1300,-1,-1,-1,-1,-1,-1,-1,-1,-1
501,orange vial,1301,-1,-1,-1,-1,-1,-1,-1,-1,-1
502,cyan vial,1302,-1,-1,-1,-1,-1,-1,-1,-1,-1
503,red vial,1303,-1,-1,-1,-1,-1,-1,-1,-1,-1
504,blue vial,1304,-1,-1,-1,-1,-1,-1,-1,-1,-1
505,purple vial,1305,-1,-1,-1,-1,-1,-1,-1,-1,-1
506,yellow vial,1306,-1,-1,-1,-1,-1,-1,-1,-1,-1
507,pitcher,1307,-1,-1,-1,-1,-1,-1,-1,-1,-1
508,mortar and pestle,1308,-1,-1,-1,-1,-1,-1,-1,-1,-1
509,herbs,1309,-1,-1,-1,-1,-1,-1,-1,-1,-1
510,rivet,1310,-1,-1,-1,-1,-1,-1,-1,-1,-1
511,needle and thread,1311,-1,-1,-1,-1,-1,-1,-1,-1,-1
512,pot,1312,-1,-1,-1,-1,-1,-1,-1,-1,-1
513,dice,1313,-1,-1,-1,-1,-1,-1,-1,-1,-1
514,skull,1314,-1,-1,-1,-1,-1,-1,-1,-1,-1
515,dirt/dust/ash,1315,-1,-1,-1,-1,-1,-1,-1,-1,-1
516,animal paw,1316,-1,-1,-1,-1,-1,-1,-1,-1,-1
517,tree branch,1317,-1,-1,-1,-1,-1,-1,-1,-1,-1
518,small fish,1318,-1,-1,-1,-1,-1,-1,-1,-1,-1
519,large fish,1319,-1,-1,-1,-1,-1,-1,-1,-1,-1
520,mushroom,1320,-1,-1,-1,-1,-1,-1,-1,-1,-1
521,barrel,1321,-1,-1,-1,-1,-1,-1,-1,-1,-1
522,cake slice,1322,-1,-1,-1,-1,-1,-1,-1,-1,-1
523,goblet,1323,-1,-1,-1,-1,-1,-1,-1,-1,-1
524,bowl/plate,1324,-1,-1,-1,-1,-1,-1,-1,-1,-1
525,wing,1325,-1,-1,-1,-1,-1,-1,-1,-1,-1
526,wand,1326,-1,-1,-1,-1,-1,-1,-1,-1,-1
527,slime,1327,-1,-1,-1,-1,-1,-1,-1,-1,-1
528,bottle,1328,-1,-1,-1,-1,-1,-1,-1,-1,-1
529,banner,1329,-1,-1,-1,-1,-1,-1,-1,-1,-1
530,fishing pole,1330,-1,-1,-1,-1,-1,-1,-1,-1,-1
531,fishing hooks,1331,-1,-1,-1,-1,-1,-1,-1,-1,-1
532,bait can,1332,-1,-1,-1,-1,-1,-1,-1,-1,-1
533,gold key,1333,-1,-1,-1,-1,-1,-1,-1,-1,-1
534,silver key,1334,-1,-1,-1,-1,-1,-1,-1,-1,-1
535,bronze key,1335,-1,-1,-1,-1,-1,-1,-1,-1,-1
536,horn/drinking horn,1336,-1,-1,-1,-1,-1,-1,-1,-1,-1
537,egg,1337,-1,-1,-1,-1,-1,-1,-1,-1,-1
538,human hand,1338,-1,-1,-1,-1,-1,-1,-1,-1,-1
539,human leg,1339,-1,-1,-1,-1,-1,-1,-1,-1,-1
540,poison sac,1340,-1,-1,-1,-1,-1,-1,-1,-1,-1
541,gland,1341,-1,-1,-1,-1,-1,-1,-1,-1,-1
542,mirror/dish,1342,-1,-1,-1,-1,-1,-1,-1,-1,-1
543,humanoid statue,1343,-1,-1,-1,-1,-1,-1,-1,-1,-1
544,lion statue,1344,-1,-1,-1,-1,-1,-1,-1,-1,-1
545,heart,1345,-1,-1,-1,-1,-1,-1,-1,-1,-1
546,gold choker,1346,-1,-1,-1,-1,-1,-1,-1,-1,-1
547,belt,1347,-1,-1,-1,-1,-1,-1,-1,-1,-1
548,bracer,1348,-1,-1,-1,-1,-1,-1,-1,-1,-1
549,wire spool,1349,-1,-1,-1,-1,-1,-1,-1,-1,-1
550,strap,1350,-1,-1,-1,-1,-1,-1,-1,-1,-1
551,torch,1351,-1,-1,-1,-1,-1,-1,-1,-1,-1
552,wooden box,1352,-1,-1,-1,-1,-1,-1,-1,-1,-1
553,scroll tube,1353,-1,-1,-1,-1,-1,-1,-1,-1,-1
554,rope,1354,-1,-1,-1,-1,-1,-1,-1,-1,-1
555,empty vial,1355,-1,-1,-1,-1,-1,-1,-1,-1,-1
556,alt silver orb,1356,-1,-1,-1,-1,-1,-1,-1,-1,-1
557,four leaf clover,1357,-1,-1,-1,-1,-1,-1,-1,-1,-1
558,rabbit's foot,1358,-1,-1,-1,-1,-1,-1,-1,-1,-1
559,pile of coins,1359,-1,-1,-1,-1,-1,-1,-1,-1,-1
560,satchel,1360,-1,-1,-1,-1,-1,-1,-1,-1,-1
561,vine,1361,-1,-1,-1,-1,-1,-1,-1,-1,-1
562,spinter/twig,1362,-1,-1,-1,-1,-1,-1,-1,-1,-1
563,spike,1363,-1,-1,-1,-1,-1,-1,-1,-1,-1
564,mandible,1364,-1,-1,-1,-1,-1,-1,-1,-1,-1
565,tusk,1365,-1,-1,-1,-1,-1,-1,-1,-1,-1
566,yellow flower,1366,-1,-1,-1,-1,-1,-1,-1,-1,-1
567,blue flower,1367,-1,-1,-1,-1,-1,-1,-1,-1,-1
568,red flower,1368,-1,-1,-1,-1,-1,-1,-1,-1,-1
569,silver bracelet,1369,-1,-1,-1,-1,-1,-1,-1,-1,-1
570,gold earring,1370,-1,-1,-1,-1,-1,-1,-1,-1,-1
571,silver earring,1371,-1,-1,-1,-1,-1,-1,-1,-1,-1
572,gold bracelet,1372,-1,-1,-1,-1,-1,-1,-1,-1,-1
573,gold necklace,1373,-1,-1,-1,-1,-1,-1,-1,-1,-1
574,silver necklace,1374,-1,-1,-1,-1,-1,-1,-1,-1,-1
575,animal trap,1375,-1,-1,-1,-1,-1,-1,-1,-1,-1
576,chitin tip,1376,-1,-1,-1,-1,-1,-1,-1,-1,-1
577,gold tiara,1377,-1,-1,-1,-1,-1,-1,-1,-1,-1
578,baldric,1378,-1,-1,-1,-1,-1,-1,-1,-1,-1
579,scrap of skin,1379,-1,-1,-1,-1,-1,-1,-1,-1,-1
580,pick,1380,-1,-1,-1,-1,-1,-1,-1,-1,-1
581,feather,1381,-1,-1,-1,-1,-1,-1,-1,-1,-1
582,robin hood hat,1382,-1,-1,-1,-1,-1,-1,-1,-1,-1
583,leaf hat,1383,-1,-1,-1,-1,-1,-1,-1,-1,-1
584,wing hat,1384,-1,-1,-1,-1,-1,-1,-1,-1,-1
585,jester's cap,1385,-1,-1,-1,-1,-1,-1,-1,-1,-1
586,stag helm,1386,-1,-1,-1,-1,-1,-1,-1,-1,-1
587,gandalf hat,1387,-1,-1,-1,-1,-1,-1,-1,-1,-1
588,fur cap,1388,-1,-1,-1,-1,-1,-1,-1,-1,-1
589,tarboosh,1389,-1,-1,-1,-1,-1,-1,-1,-1,-1
590,wolf head helm,1390,-1,-1,-1,-1,-1,-1,-1,-1,-1
591,silver circlet,1391,-1,-1,-1,-1,-1,-1,-1,-1,-1
592,gold circlet,1392,-1,-1,-1,-1,-1,-1,-1,-1,-1
593,bench (housing),1393,-1,-1,-1,-1,-1,-1,-1,-1,-1
594,fountain (housing),1394,-1,-1,-1,-1,-1,-1,-1,-1,-1
595,hedge (housing),1395,-1,-1,-1,-1,-1,-1,-1,-1,-1
596,long wall (housing),1396,-1,-1,-1,-1,-1,-1,-1,-1,-1
597,bed (housing),1397,-1,-1,-1,-1,-1,-1,-1,-1,-1
598,rnd table (housing),1398,-1,-1,-1,-1,-1,-1,-1,-1,-1
599,sqr table (housing),1399,-1,-1,-1,-1,-1,-1,-1,-1,-1
600,Ruby Slash,500,-1,-1,-1,-1,-1,-1,-1,-1,-1
601,Cross Slash,502,-1,0,-1,-1,5,-1,-1,4,-1
602,Uppercut,503,-1,0,-1,-1,-1,-1,-1,-1,-1
603,Enrage,504,-1,0,-1,-1,-1,12,-1,-1,-1
604,Bloodletter,505,-1,1,-1,-1,-1,-1,-1,-1,-1
605,Reflect,506,-1,-1,-1,-1,-1,11,-1,-1,-1
606,Opal Slash,507,-1,1,-1,-1,-1,-1,-1,-1,-1
607,Riposte,508,-1,0,-1,8,-1,-1,-1,-1,-1
608,Side Slicer,509,-1,-1,-1,-1,5,-1,-1,4,-1
609,Cleave,510,-1,1,-1,-1,-1,-1,-1,-1,-1
610,Amethyst Slash,511,-1,-1,-1,-1,-1,-1,-1,-1,-1
611,Befuddler,512,-1,1,-1,-1,-1,-1,-1,-1,-1
612,Back Slash,513,-1,0,-1,-1,-1,-1,7,-1,-1
613,Sapphire Slash,514,-1,1,-1,-1,-1,-1,-1,-1,-1
614,Diamond Slash,515,-1,1,-1,-1,-1,-1,-1,-1,-1
615,Daze,516,-1,-1,-1,-1,-1,-1,-1,-1,-1
616,Maul,518,-1,0,-1,-1,-1,-1,-1,-1,-1
617,Bludgeon,519,-1,0,-1,-1,-1,12,-1,-1,-1
618,Contusions,522,-1,1,-1,-1,-1,-1,-1,-1,-1
619,Back Crush,517,-1,0,-1,-1,-1,-1,7,-1,-1
620,Concussion,521,-1,0,-1,10,-1,-1,-1,-1,-1
621,Blackjack,523,-1,1,-1,-1,-1,-1,-1,-1,-1
622,Protector,524,-1,-1,-1,-1,-1,11,-1,-1,-1
623,Divine Hammer,525,-1,-1,-1,-1,-1,-1,7,-1,-1
624,Skull Breaker,526,-1,0,-1,8,-1,-1,-1,-1,-1
625,Side Crush,527,-1,0,-1,-1,5,-1,-1,4,-1
626,Bone Crusher,528,-1,1,-1,-1,-1,-1,-1,-1,-1
627,Body Masher,529,-1,1,-1,-1,-1,-1,-1,-1,-1
628,Devastate,530,-1,1,-1,-1,-1,-1,-1,-1,-1
629,Bruiser,520,-1,1,-1,-1,-1,-1,-1,-1,-1
630,Impale,531,-1,-1,-1,-1,-1,-1,-1,-1,-1
631,Defender's Cross,532,-1,0,-1,-1,5,-1,-1,4,-1
632,Deflect,533,-1,-1,-1,-1,-1,11,-1,-1,-1
633,Defender's Faith,534,-1,0,-1,-1,-1,-1,-1,-1,-1
634,Executioner,535,-1,-1,-1,10,-1,-1,-1,-1,-1
635,Distract,536,-1,-1,-1,-1,-1,12,-1,-1,-1
636,Defender's Courage,537,-1,1,-1,-1,-1,-1,-1,-1,-1
637,Crippling Blow,538,-1,0,-1,-1,-1,-1,-1,-1,-1
638,Disabler,539,-1,1,-1,-1,-1,-1,-1,-1,-1
639,Phalanx,540,-1,0,-1,-1,-1,-1,7,-1,-1
640,Defender's Rage,542,-1,-1,-1,-1,-1,-1,-1,-1,-1
641,Mangle,541,-1,1,-1,-1,-1,-1,-1,-1,-1
642,Poleaxe,543,-1,0,-1,-1,-1,-1,-1,-1,-1
643,Defender's Revenge,544,-1,1,-1,-1,-1,-1,-1,-1,-1
644,Defender's Aegis,545,-1,1,-1,-1,-1,-1,-1,-1,-1
645,Half Moon,546,-1,-1,-1,-1,-1,-1,-1,-1,-1
646,Double Back,547,-1,0,-1,-1,-1,-1,7,-1,-1
647,Rile,548,-1,-1,-1,-1,-1,12,-1,-1,-1
648,Pacify,549,-1,-1,-1,-1,-1,11,-1,-1,-1
649,Two Fists,550,-1,1,-1,-1,-1,-1,-1,-1,-1
650,Bone Bruiser,551,-1,0,-1,-1,-1,-1,-1,-1,-1
651,Onslaught,552,-1,0,-1,-1,5,-1,-1,4,-1
652,Fury,553,-1,0,-1,10,-1,-1,-1,-1,-1
653,Bone Splitter,554,-1,1,-1,-1,-1,-1,-1,-1,-1
654,Recenter,555,-1,1,-1,-1,-1,-1,-1,-1,-1
655,Bone Breaker,556,-1,2,-1,-1,-1,-1,-1,-1,-1
656,Obfuscate,557,-1,1,-1,-1,-1,-1,-1,-1,-1
657,Doubler,558,-1,0,-1,-1,-1,-1,7,-1,-1
658,Two Moons,559,-1,1,-1,-1,-1,-1,-1,-1,-1
659,Sun and Moon,560,-1,1,-1,-1,-1,-1,-1,-1,-1
660,Twin Spikes,561,-1,-1,-1,-1,-1,-1,-1,-1,-1
661,Twin Return,562,-1,0,-1,9,-1,-1,-1,-1,-1
662,Shadow's Edge,563,-1,0,-1,-1,-1,-1,7,-1,-1
663,Inflame,564,-1,-1,-1,-1,-1,12,-1,-1,-1
664,Orbit,565,-1,1,-1,-1,-1,-1,-1,-1,-1
665,Eclipse,566,-1,1,-1,-1,-1,-1,-1,-1,-1
666,Misty Gloom,567,-1,-1,-1,-1,-1,-1,-1,-1,-1
667,Obscure,568,-1,-1,-1,-1,-1,11,-1,-1,-1
668,Penumbra,569,-1,1,-1,-1,-1,-1,-1,-1,-1
669,Flank,570,-1,0,-1,-1,5,-1,-1,4,-1
670,Dark Tendrils,571,-1,-1,-1,10,-1,-1,-1,-1,-1
671,Shadow's Rain,572,-1,1,-1,-1,-1,-1,-1,-1,-1
672,Hypnotic Darkness,573,-1,1,-1,-1,-1,-1,-1,-1,-1
673,Dual Shadows,574,-1,-1,6,-1,-1,-1,-1,-1,-1
674,Reflection,506,-1,0,-1,10,-1,-1,-1,-1,-1
675,Thistle,575,-1,-1,-1,-1,-1,-1,-1,-1,-1
676,Ratfang,577,-1,0,-1,9,-1,-1,-1,-1,-1
677,Puncture,578,-1,0,-1,-1,-1,-1,-1,-1,-1
678,Sting,579,-1,-1,-1,-1,-1,12,-1,-1,-1
679,Wolftooth,580,-1,1,-1,-1,-1,-1,-1,-1,-1
680,Bloody Dance,581,-1,1,-1,-1,-1,-1,-1,-1,-1
681,Beartooth,582,-1,-1,-1,8,-1,-1,-1,-1,-1
682,Tranquillize,583,-1,0,-1,-1,-1,11,-1,-1,-1
683,Lunge,584,-1,1,-1,-1,-1,-1,-1,-1,-1
684,Ricochet,585,-1,0,-1,-1,-1,-1,-1,-1,-1
685,Pierce,586,-1,-1,-1,-1,-1,-1,7,-1,-1
686,Liontooth,587,-1,2,-1,-1,-1,-1,-1,-1,-1
687,Basiliskfang,588,-1,-1,-1,-1,5,-1,-1,4,-1
688,Wyvernfang,589,-1,1,-1,-1,-1,-1,-1,-1,-1
689,Dragonfang,590,-1,-1,-1,10,-1,-1,-1,-1,-1
690,Spinning Staff,591,-1,-1,-1,-1,-1,-1,-1,-1,-1
691,Figure Eight,592,-1,0,-1,9,-1,-1,-1,-1,-1
692,Friar's Ally,593,-1,1,-1,-1,-1,-1,-1,-1,-1
693,Defender's Fury,542,-1,0,-1,-1,-1,-1,-1,-1,-1
694,Quick Strike,594,-1,1,-1,-1,-1,-1,-1,-1,-1
695,Friar's Redress,595,-1,-1,-1,-1,-1,11,-1,-1,-1
696,Double Strike,596,-1,1,-1,-1,-1,-1,-1,-1,-1
697,Friar's Friend,534,-1,0,-1,-1,5,-1,-1,4,-1
698,Counter Evade,597,-1,0,-1,9,-1,-1,-1,-1,-1
699,Banish,598,-1,1,-1,-1,-1,-1,-1,-1,-1
700,Friar's Boon,599,-1,-1,-1,-1,-1,12,-1,-1,-1
701,Holy Staff,600,-1,-1,-1,-1,-1,-1,-1,-1,-1
702,Friar's Fury,553,-1,1,-1,-1,-1,-1,-1,-1,-1
703,Stunning Wrath,601,-1,2,-1,-1,-1,-1,-1,-1,-1
704,Excommunicate,602,-1,-1,-1,10,-1,-1,-1,-1,-1
705,Backstab,761,-1,0,-1,-1,-1,-1,7,-1,-1
706,Eviscerate,762,-1,1,-1,-1,-1,-1,-1,-1,-1
707,Kidney Rupture,763,-1,2,-1,-1,-1,-1,-1,-1,-1
708,Pincer,764,-1,-1,-1,-1,5,-1,-1,4,-1
709,Backstab II,765,-1,0,-1,-1,-1,-1,7,-1,-1
710,Hamstring,766,-1,0,-1,",",-1,-1,-1,-1,-1
711,Thigh Cut,767,-1,1,-1,-1,-1,-1,-1,-1,-1
712,Garrote,768,-1,0,-1,-1,-1,-1,-1,-1,-1
713,Perforate Artery,769,-1,0,6,-1,-1,-1,-1,-1,-1
714,Achilles Heel,539,-1,1,-1,-1,-1,-1,-1,-1,-1
715,Leaper,770,-1,1,-1,-1,-1,-1,-1,-1,-1
716,Creeping Death,771,-1,1,-1,-1,-1,-1,-1,-1,-1
717,Stunning Stab,772,-1,2,-1,-1,-1,-1,-1,-1,-1
718,Rib Separation,537,-1,2,-1,-1,-1,-1,-1,-1,-1
719,Ripper,773,-1,3,-1,-1,-1,-1,-1,-1,-1
720,Shining Blade,628,-1,-1,-1,-1,-1,-1,-1,-1,-1
721,Return Blade,629,-1,0,-1,10,-1,-1,-1,-1,-1
722,Taunting Blade,630,-1,-1,-1,-1,-1,12,-1,-1,-1
723,Enervating Blade,631,-1,-1,-1,-1,-1,11,-1,-1,-1
724,Glowing Blade,632,-1,0,-1,-1,5,-1,-1,4,-1
725,Lunging Blade,633,-1,1,-1,-1,-1,-1,-1,-1,-1
726,Auroric Blade,634,-1,1,-1,-1,-1,-1,-1,-1,-1
727,Fire Blade,635,-1,0,-1,-1,-1,-1,-1,-1,-1
728,Horizon Blade,636,-1,0,-1,8,-1,-1,-1,-1,-1
729,Kinetic Blade,637,-1,2,-1,-1,-1,-1,-1,-1,-1
730,Dancing Blade,638,-1,1,-1,-1,-1,-1,-1,-1,-1
731,Revenging Blade,639,-1,0,-1,-1,-1,-1,7,-1,-1
732,Spectrum Blade,640,-1,1,-1,-1,-1,-1,-1,-1,-1
733,Prismatic Blade,641,-1,1,-1,-1,-1,-1,-1,-1,-1
734,Brilliant Blade,642,-1,1,-1,-1,-1,-1,-1,-1,-1
735,Contusions,522,-1,-1,-1,-1,-1,-1,-1,-1,-1
736,Bruiser,520,-1,0,-1,8,-1,-1,-1,-1,-1
737,Blunt Trauma,633,-1,-1,-1,-1,-1,11,-1,-1,-1
738,Slam,634,-1,-1,-1,-1,-1,12,-1,-1,-1
739,Side Bash,509,-1,0,-1,-1,5,-1,-1,4,-1
740,Impact,635,-1,1,-1,-1,-1,-1,-1,-1,-1
741,Windfall,534,-1,1,-1,-1,-1,-1,-1,-1,-1
742,Force of Might,636,-1,-1,-1,-1,-1,-1,-1,-1,-1
743,Unstoppable Force,637,-1,1,-1,-1,-1,-1,-1,-1,-1
744,Back Crush,517,-1,0,-1,-1,-1,-1,7,-1,-1
745,Bone Crusher,528,-1,1,-1,-1,-1,-1,-1,-1,-1
746,Mauler,518,-1,2,-1,-1,-1,-1,-1,-1,-1
747,Stunning Blow,638,-1,0,-1,10,-1,-1,-1,-1,-1
748,Crushing Blow,639,-1,1,-1,-1,-1,-1,-1,-1,-1
749,Devastating Blow,640,-1,1,-1,-1,-1,-1,-1,-1,-1
750,Dragonfly,641,-1,-1,-1,-1,-1,-1,-1,-1,-1
751,Wasp's Sting,642,-1,0,-1,-1,-1,-1,7,-1,-1
752,Bumblebee's Sting,643,-1,-1,-1,-1,-1,12,-1,-1,-1
753,Hornet's Sting,644,-1,1,-1,-1,-1,-1,-1,-1,-1
754,Scorpion,645,-1,-1,-1,-1,-1,11,-1,-1,-1
755,Black Widow,646,-1,0,-1,-1,-1,-1,-1,-1,-1
756,Tarantula,647,-1,0,-1,8,-1,-1,-1,-1,-1
757,Sidewinder,648,-1,1,-1,-1,-1,-1,-1,-1,-1
758,Copperhead,608,-1,0,-1,-1,5,-1,-1,4,-1
759,Diamondback,605,-1,0,-1,9,-1,-1,-1,-1,-1
760,Viper's Bite,649,-1,1,-1,-1,-1,-1,-1,-1,-1
761,Asp's Bite,613,-1,1,-1,-1,-1,-1,-1,-1,-1
762,Cobra's Bite,571,-1,1,-1,-1,-1,-1,-1,-1,-1
763,Dragonspider,650,-1,1,-1,-1,-1,-1,-1,-1,-1
764,Wyvern's Bite,589,-1,1,-1,-1,-1,-1,-1,-1,-1
765,Misty Gloom,567,-1,-1,-1,-1,-1,-1,-1,-1,-1
766,Blinding Rain,573,-1,0,-1,9,-1,-1,-1,-1,-1
767,Squall,651,-1,-1,-1,-1,-1,12,-1,-1,-1
768,Snow Shower,652,-1,0,-1,-1,-1,-1,7,-1,-1
769,Gale,653,-1,1,-1,-1,-1,-1,-1,-1,-1
770,Blizzard,654,-1,1,-1,-1,-1,-1,-1,-1,-1
771,Thunderstorm,655,-1,1,-1,-1,-1,11,-1,-1,-1
772,Ice Storm,656,-1,0,-1,-1,5,-1,-1,4,-1
773,Hurricane,657,-1,0,-1,-1,-1,-1,-1,-1,-1
774,Tornado,658,-1,0,-1,10,-1,-1,-1,-1,-1
775,Tempest,659,-1,1,-1,-1,-1,-1,-1,-1,-1
776,Meteor Shower,660,-1,1,-1,-1,-1,-1,-1,-1,-1
777,Solar Flare,661,-1,1,-1,-1,-1,-1,-1,-1,-1
778,Twin Star,662,-1,2,-1,-1,-1,-1,-1,-1,-1
779,Supernova,663,-1,2,-1,-1,-1,-1,-1,-1,-1
780,Numb,774,-1,-1,-1,-1,-1,-1,-1,-1,-1
781,Stun,775,-1,-1,-1,8,-1,-1,-1,-1,-1
782,Disable,776,-1,-1,-1,-1,5,-1,-1,4,-1
783,Incapacitate,777,-1,-1,-1,8,-1,-1,-1,-1,-1
784,Paralyze,778,-1,-1,-1,-1,-1,-1,7,-1,-1
785,Bash,779,-1,-1,-1,8,-1,-1,-1,-1,-1
786,Mangle,780,-1,-1,-1,-1,5,-1,-1,4,-1
787,Slam,781,-1,-1,-1,-1,-1,-1,-1,-1,-1
788,Brutalize,782,-1,-1,-1,8,-1,-1,-1,-1,-1
789,,0,-1,-1,-1,-1,5,-1,-1,4,-1
790,Celtic Might,679,-1,-1,-1,-1,-1,-1,-1,-1,-1
791,Celtic Rage,504,-1,0,-1,10,-1,-1,-1,-1,-1
792,Celtic Fury,542,-1,-1,-1,-1,-1,12,-1,-1,-1
793,Hibernian Wrath,553,-1,-1,-1,-1,-1,11,-1,-1,-1
794,Hibernian Force,550,-1,0,-1,-1,5,-1,-1,4,-1
795,Hibernian Vigor,680,-1,1,-1,-1,-1,-1,-1,-1,-1
796,Domination,681,-1,-1,-1,-1,-1,-1,-1,-1,-1
797,Obliteration,682,-1,1,-1,-1,-1,-1,-1,-1,-1
798,Frontal Assault,683,-1,0,6,-1,-1,-1,-1,-1,-1
799,Gigantic Blow,684,-1,2,-1,-1,-1,-1,-1,-1,-1
800,iconname,23,-1,-1,-1,-1,-1,-1,-1,-1,100
801,iconname,23,0,-1,-1,-1,-1,-1,-1,-1,101
802,iconname,23,1,-1,-1,-1,-1,-1,-1,-1,102
803,iconname,23,2,-1,-1,-1,-1,-1,-1,-1,103
804,iconname,23,3,-1,-1,-1,-1,-1,-1,-1,104
805,iconname,52,-1,-1,-1,-1,-1,-1,-1,-1,-1
806,iconname,52,0,-1,-1,-1,-1,-1,-1,-1,-1
807,iconname,52,1,-1,-1,-1,-1,-1,-1,-1,-1
808,iconname,52,2,-1,-1,-1,-1,-1,-1,-1,-1
809,iconname,52,3,-1,-1,-1,-1,-1,-1,-1,-1
810,iconname,23,-1,-1,-1,-1,-1,-1,-1,-1,-1
811,iconname,23,0,-1,-1,-1,-1,-1,-1,-1,-1
812,iconname,23,1,-1,-1,-1,-1,-1,-1,-1,-1
813,iconname,23,2,-1,-1,-1,-1,-1,-1,-1,-1
814,iconname,23,3,-1,-1,-1,-1,-1,-1,-1,-1
815,iconname,42,-1,-1,-1,-1,-1,-1,-1,-1,100
816,iconname,42,0,-1,-1,-1,-1,-1,-1,-1,101
817,iconname,42,1,-1,-1,-1,-1,-1,-1,-1,102
818,iconname,42,2,-1,-1,-1,-1,-1,-1,-1,103
819,iconname,42,3,-1,-1,-1,-1,-1,-1,-1,104
820,iconname,32,-1,-1,-1,-1,-1,-1,-1,-1,-1
821,iconname,32,0,-1,-1,-1,-1,-1,-1,-1,-1
822,iconname,32,1,-1,-1,-1,-1,-1,-1,-1,-1
823,iconname,32,2,-1,-1,-1,-1,-1,-1,-1,-1
824,iconname,32,3,-1,-1,-1,-1,-1,-1,-1,-1
825,iconname,42,-1,-1,-1,-1,-1,-1,-1,-1,-1
826,iconname,42,0,-1,-1,-1,-1,-1,-1,-1,-1
827,iconname,42,1,-1,-1,-1,-1,-1,-1,-1,-1
828,iconname,42,2,-1,-1,-1,-1,-1,-1,-1,-1
829,iconname,42,3,-1,-1,-1,-1,-1,-1,-1,-1
830,iconname,23,-1,-1,-1,-1,-1,-1,-1,-1,114
831,iconname,23,0,-1,-1,-1,-1,-1,-1,-1,115
832,iconname,23,1,-1,-1,-1,-1,-1,-1,-1,116
833,iconname,23,2,-1,-1,-1,-1,-1,-1,-1,117
834,iconname,23,3,-1,-1,-1,-1,-1,-1,-1,118
835,iconname,131,-1,-1,-1,-1,-1,-1,-1,-1,114
836,iconname,131,0,-1,-1,-1,-1,-1,-1,-1,115
837,iconname,131,1,-1,-1,-1,-1,-1,-1,-1,116
838,iconname,131,2,-1,-1,-1,-1,-1,-1,-1,117
839,iconname,131,3,-1,-1,-1,-1,-1,-1,-1,118
840,iconname,73,-1,-1,-1,-1,-1,-1,-1,-1,-1
841,iconname,73,0,-1,-1,-1,-1,-1,-1,-1,-1
842,iconname,73,1,-1,-1,-1,-1,-1,-1,-1,-1
843,iconname,73,2,-1,-1,-1,-1,-1,-1,-1,-1
844,iconname,73,3,-1,-1,-1,-1,-1,-1,-1,-1
845,iconname,42,-1,-1,-1,-1,-1,-1,-1,-1,100
846,iconname,42,0,-1,-1,-1,-1,-1,-1,-1,101
847,iconname,42,1,-1,-1,-1,-1,-1,-1,-1,102
848,iconname,42,2,-1,-1,-1,-1,-1,-1,-1,103
849,iconname,42,3,-1,-1,-1,-1,-1,-1,-1,104
850,iconname,141,-1,-1,-1,-1,-1,-1,-1,-1,-1
851,iconname,141,0,-1,-1,-1,-1,-1,-1,-1,-1
852,iconname,141,1,-1,-1,-1,-1,-1,-1,-1,-1
853,iconname,141,2,-1,-1,-1,-1,-1,-1,-1,-1
854,iconname,141,3,-1,-1,-1,-1,-1,-1,-1,-1
855,iconname,19,-1,-1,-1,-1,-1,-1,-1,-1,-1
856,iconname,19,0,-1,-1,-1,-1,-1,-1,-1,-1
857,iconname,19,1,-1,-1,-1,-1,-1,-1,-1,-1
858,iconname,19,2,-1,-1,-1,-1,-1,-1,-1,-1
859,iconname,19,3,-1,-1,-1,-1,-1,-1,-1,-1
860,iconname,19,-1,-1,-1,-1,-1,-1,-1,-1,-1
861,iconname,19,0,-1,-1,-1,-1,-1,-1,-1,-1
862,iconname,19,1,-1,-1,-1,-1,-1,-1,-1,-1
863,iconname,19,2,-1,-1,-1,-1,-1,-1,-1,-1
864,iconname,19,3,-1,-1,-1,-1,-1,-1,-1,-1
865,iconname,27,-1,-1,-1,-1,-1,-1,-1,-1,-1
866,iconname,27,0,-1,-1,-1,-1,-1,-1,-1,-1
867,iconname,27,1,-1,-1,-1,-1,-1,-1,-1,-1
868,iconname,27,2,-1,-1,-1,-1,-1,-1,-1,-1
869,iconname,27,3,-1,-1,-1,-1,-1,-1,-1,-1
870,iconname,129,-1,-1,-1,-1,-1,-1,-1,-1,-1
871,iconname,129,0,-1,-1,-1,-1,-1,-1,-1,-1
872,iconname,129,1,-1,-1,-1,-1,-1,-1,-1,-1
873,iconname,129,2,-1,-1,-1,-1,-1,-1,-1,-1
874,iconname,129,3,-1,-1,-1,-1,-1,-1,-1,-1
875,iconname,16,-1,-1,-1,-1,-1,-1,-1,-1,114
876,iconname,16,0,-1,-1,-1,-1,-1,-1,-1,115
877,iconname,16,1,-1,-1,-1,-1,-1,-1,-1,116
878,iconname,16,2,-1,-1,-1,-1,-1,-1,-1,117
879,iconname,16,3,-1,-1,-1,-1,-1,-1,-1,118
880,iconname,104,-1,-1,-1,-1,-1,-1,-1,-1,-1
881,iconname,104,0,-1,-1,-1,-1,-1,-1,-1,-1
882,iconname,104,1,-1,-1,-1,-1,-1,-1,-1,-1
883,iconname,104,2,-1,-1,-1,-1,-1,-1,-1,-1
884,iconname,104,3,-1,-1,-1,-1,-1,-1,-1,-1
885,iconname,55,-1,-1,-1,-1,-1,-1,-1,-1,142
886,iconname,55,0,-1,-1,-1,-1,-1,-1,-1,143
887,iconname,55,1,-1,-1,-1,-1,-1,-1,-1,144
888,iconname,55,2,-1,-1,-1,-1,-1,-1,-1,145
889,iconname,55,3,-1,-1,-1,-1,-1,-1,-1,146
890,iconname,71,-1,-1,-1,-1,-1,-1,-1,-1,-1
891,iconname,71,0,-1,-1,-1,-1,-1,-1,-1,-1
892,iconname,71,1,-1,-1,-1,-1,-1,-1,-1,-1
893,iconname,71,2,-1,-1,-1,-1,-1,-1,-1,-1
894,iconname,71,3,-1,-1,-1,-1,-1,-1,-1,-1
895,iconname,129,-1,-1,-1,-1,-1,-1,-1,-1,121
896,iconname,129,0,-1,-1,-1,-1,-1,-1,-1,122
897,iconname,129,1,-1,-1,-1,-1,-1,-1,-1,123
898,iconname,129,2,-1,-1,-1,-1,-1,-1,-1,124
899,iconname,129,3,-1,-1,-1,-1,-1,-1,-1,125
900,iconname,204,-1,-1,-1,-1,-1,-1,-1,-1,-1
901,iconname,204,0,-1,-1,-1,-1,-1,-1,-1,-1
902,iconname,204,1,-1,-1,-1,-1,-1,-1,-1,-1
903,iconname,204,2,-1,-1,-1,-1,-1,-1,-1,-1
904,iconname,204,3,-1,-1,-1,-1,-1,-1,-1,-1
905,iconname,210,-1,-1,-1,-1,-1,-1,-1,-1,-1
906,iconname,210,0,-1,-1,-1,-1,-1,-1,-1,-1
907,iconname,210,1,-1,-1,-1,-1,-1,-1,-1,-1
908,iconname,210,2,-1,-1,-1,-1,-1,-1,-1,-1
909,iconname,210,3,-1,-1,-1,-1,-1,-1,-1,-1
910,iconname,228,-1,-1,-1,-1,-1,-1,-1,-1,-1
911,iconname,228,0,-1,-1,-1,-1,-1,-1,-1,-1
912,iconname,228,1,-1,-1,-1,-1,-1,-1,-1,-1
913,iconname,228,2,-1,-1,-1,-1,-1,-1,-1,-1
914,iconname,228,3,-1,-1,-1,-1,-1,-1,-1,-1
915,iconname,49,-1,-1,-1,-1,-1,-1,-1,-1,121
916,iconname,49,0,-1,-1,-1,-1,-1,-1,-1,122
917,iconname,49,1,-1,-1,-1,-1,-1,-1,-1,123
918,iconname,49,2,-1,-1,-1,-1,-1,-1,-1,124
919,iconname,49,3,-1,-1,-1,-1,-1,-1,-1,125
920,iconname,142,-1,-1,-1,-1,-1,-1,-1,-1,-1
921,iconname,142,0,-1,-1,-1,-1,-1,-1,-1,-1
922,iconname,142,1,-1,-1,-1,-1,-1,-1,-1,-1
923,iconname,142,2,-1,-1,-1,-1,-1,-1,-1,-1
924,iconname,142,3,-1,-1,-1,-1,-1,-1,-1,-1
925,iconname,49,-1,-1,-1,-1,-1,-1,-1,-1,-1
926,iconname,49,0,-1,-1,-1,-1,-1,-1,-1,-1
927,iconname,49,1,-1,-1,-1,-1,-1,-1,-1,-1
928,iconname,49,2,-1,-1,-1,-1,-1,-1,-1,-1
929,iconname,49,3,-1,-1,-1,-1,-1,-1,-1,-1
930,iconname,204,-1,-1,-1,-1,-1,-1,-1,-1,-1
931,iconname,204,0,-1,-1,-1,-1,-1,-1,-1,-1
932,iconname,204,1,-1,-1,-1,-1,-1,-1,-1,-1
933,iconname,204,2,-1,-1,-1,-1,-1,-1,-1,-1
934,iconname,204,3,-1,-1,-1,-1,-1,-1,-1,-1
935,iconname,64,-1,-1,-1,-1,-1,-1,-1,-1,100
936,iconname,64,0,-1,-1,-1,-1,-1,-1,-1,101
937,iconname,64,1,-1,-1,-1,-1,-1,-1,-1,102
938,iconname,64,2,-1,-1,-1,-1,-1,-1,-1,103
939,iconname,64,3,-1,-1,-1,-1,-1,-1,-1,104
940,iconname,74,-1,-1,-1,-1,-1,-1,-1,-1,-1
941,iconname,74,0,-1,-1,-1,-1,-1,-1,-1,-1
942,iconname,74,1,-1,-1,-1,-1,-1,-1,-1,-1
943,iconname,74,2,-1,-1,-1,-1,-1,-1,-1,-1
944,iconname,74,3,-1,-1,-1,-1,-1,-1,-1,-1
945,iconname,65,-1,-1,-1,-1,-1,-1,-1,-1,-1
946,iconname,65,0,-1,-1,-1,-1,-1,-1,-1,-1
947,iconname,65,1,-1,-1,-1,-1,-1,-1,-1,-1
948,iconname,65,2,-1,-1,-1,-1,-1,-1,-1,-1
949,iconname,65,3,-1,-1,-1,-1,-1,-1,-1,-1
950,iconname,55,-1,-1,-1,-1,-1,-1,-1,-1,135
951,iconname,55,0,-1,-1,-1,-1,-1,-1,-1,136
952,iconname,55,1,-1,-1,-1,-1,-1,-1,-1,137
953,iconname,55,2,-1,-1,-1,-1,-1,-1,-1,138
954,iconname,55,3,-1,-1,-1,-1,-1,-1,-1,139
955,iconname,74,-1,-1,-1,-1,-1,-1,-1,-1,121
956,iconname,74,0,-1,-1,-1,-1,-1,-1,-1,122
957,iconname,74,1,-1,-1,-1,-1,-1,-1,-1,123
958,iconname,74,2,-1,-1,-1,-1,-1,-1,-1,124
959,iconname,74,3,-1,-1,-1,-1,-1,-1,-1,125
960,iconname,18,-1,-1,-1,-1,-1,-1,-1,-1,-1
961,iconname,18,0,-1,-1,-1,-1,-1,-1,-1,-1
962,iconname,18,1,-1,-1,-1,-1,-1,-1,-1,-1
963,iconname,18,2,-1,-1,-1,-1,-1,-1,-1,-1
964,iconname,18,3,-1,-1,-1,-1,-1,-1,-1,-1
965,iconname,214,-1,-1,-1,-1,-1,-1,-1,-1,-1
966,iconname,214,0,-1,-1,-1,-1,-1,-1,-1,-1
967,iconname,214,1,-1,-1,-1,-1,-1,-1,-1,-1
968,iconname,214,2,-1,-1,-1,-1,-1,-1,-1,-1
969,iconname,214,3,-1,-1,-1,-1,-1,-1,-1,-1
970,iconname,56,-1,-1,-1,-1,-1,-1,-1,-1,121
971,iconname,56,0,-1,-1,-1,-1,-1,-1,-1,122
972,iconname,56,1,-1,-1,-1,-1,-1,-1,-1,123
973,iconname,56,2,-1,-1,-1,-1,-1,-1,-1,124
974,iconname,56,3,-1,-1,-1,-1,-1,-1,-1,125
975,iconname,18,-1,-1,-1,-1,-1,-1,-1,-1,-1
976,iconname,18,0,-1,-1,-1,-1,-1,-1,-1,-1
977,iconname,18,1,-1,-1,-1,-1,-1,-1,-1,-1
978,iconname,18,2,-1,-1,-1,-1,-1,-1,-1,-1
979,iconname,18,3,-1,-1,-1,-1,-1,-1,-1,-1
980,iconname,25,-1,-1,-1,-1,-1,-1,-1,-1,121
981,iconname,25,0,-1,-1,-1,-1,-1,-1,-1,122
982,iconname,25,1,-1,-1,-1,-1,-1,-1,-1,123
983,iconname,25,2,-1,-1,-1,-1,-1,-1,-1,124
984,iconname,25,3,-1,-1,-1,-1,-1,-1,-1,125
985,iconname,81,-1,-1,-1,-1,-1,-1,-1,-1,114
986,iconname,81,0,-1,-1,-1,-1,-1,-1,-1,115
987,iconname,81,1,-1,-1,-1,-1,-1,-1,-1,116
988,iconname,81,2,-1,-1,-1,-1,-1,-1,-1,117
989,iconname,81,3,-1,-1,-1,-1,-1,-1,-1,118
990,iconname,200,-1,-1,-1,-1,-1,-1,-1,-1,114
991,iconname,200,0,-1,-1,-1,-1,-1,-1,-1,115
992,iconname,200,1,-1,-1,-1,-1,-1,-1,-1,116
993,iconname,200,2,-1,-1,-1,-1,-1,-1,-1,117
994,iconname,200,3,-1,-1,-1,-1,-1,-1,-1,118
995,iconname,110,-1,-1,-1,-1,-1,-1,-1,-1,114
996,iconname,110,0,-1,-1,-1,-1,-1,-1,-1,115
997,iconname,110,1,-1,-1,-1,-1,-1,-1,-1,116
998,iconname,110,2,-1,-1,-1,-1,-1,-1,-1,117
999,iconname,110,3,-1,-1,-1,-1,-1,-1,-1,118
1000,iconname,91,-1,-1,-1,-1,-1,-1,-1,-1,114
1001,iconname,81,-1,-1,-1,-1,-1,-1,-1,-1,114
1002,iconname,91,-1,-1,-1,-1,-1,-1,-1,-1,114
1003,iconname,81,-1,-1,-1,-1,-1,-1,-1,-1,114
1004,iconname,91,0,-1,-1,-1,-1,-1,-1,-1,115
1005,iconname,81,0,-1,-1,-1,-1,-1,-1,-1,115
1006,iconname,91,1,-1,-1,-1,-1,-1,-1,-1,116
1007,iconname,81,2,-1,-1,-1,-1,-1,-1,-1,117
1008,iconname,91,3,-1,-1,-1,-1,-1,-1,-1,118
1009,iconname,81,3,-1,-1,-1,-1,-1,-1,-1,118
1010,iconname,26,-1,-1,-1,-1,-1,-1,-1,-1,-1
1011,iconname,26,0,-1,-1,-1,-1,-1,-1,-1,-1
1012,iconname,26,1,-1,-1,-1,-1,-1,-1,-1,-1
1013,iconname,26,2,-1,-1,-1,-1,-1,-1,-1,-1
1014,iconname,26,3,-1,-1,-1,-1,-1,-1,-1,-1
1015,iconname,0,-1,-1,-1,-1,-1,-1,-1,-1,-1
1016,iconname,1600,-1,-1,-1,-1,-1,-1,-1,-1,-1
1017,iconname,56,3,-1,-1,-1,-1,-1,-1,-1,-1
1018,iconname,12,-1,-1,-1,-1,-1,-1,-1,-1,-1
1019,iconname,12,3,-1,-1,-1,-1,-1,-1,-1,-1
1020,iconname,431,-1,-1,-1,-1,-1,-1,-1,-1,-1
1021,iconname,431,0,-1,-1,-1,-1,-1,-1,-1,-1
1022,iconname,431,1,-1,-1,-1,-1,-1,-1,-1,-1
1023,iconname,431,2,-1,-1,-1,-1,-1,-1,-1,-1
1024,iconname,431,3,-1,-1,-1,-1,-1,-1,-1,-1
1025,iconname,89,-1,-1,-1,-1,-1,-1,-1,-1,-1
1026,iconname,89,0,-1,-1,-1,-1,-1,-1,-1,-1
1027,iconname,89,1,-1,-1,-1,-1,-1,-1,-1,-1
1028,iconname,89,2,-1,-1,-1,-1,-1,-1,-1,-1
1029,iconname,89,3,-1,-1,-1,-1,-1,-1,-1,-1
1030,iconname,114,-1,-1,-1,-1,-1,-1,-1,-1,-1
1031,iconname,114,0,-1,-1,-1,-1,-1,-1,-1,-1
1032,iconname,114,1,-1,-1,-1,-1,-1,-1,-1,-1
1033,iconname,114,2,-1,-1,-1,-1,-1,-1,-1,-1
1034,iconname,114,3,-1,-1,-1,-1,-1,-1,-1,-1
1035,iconname,83,-1,-1,-1,-1,-1,-1,-1,-1,-1
1036,iconname,83,0,-1,-1,-1,-1,-1,-1,-1,-1
1037,iconname,83,1,-1,-1,-1,-1,-1,-1,-1,-1
1038,iconname,83,2,-1,-1,-1,-1,-1,-1,-1,-1
1039,iconname,83,3,-1,-1,-1,-1,-1,-1,-1,-1
1040,iconname,56,-1,-1,-1,-1,-1,-1,-1,-1,-1
1041,iconname,56,0,-1,-1,-1,-1,-1,-1,-1,-1
1042,iconname,56,1,-1,-1,-1,-1,-1,-1,-1,-1
1043,iconname,56,2,-1,-1,-1,-1,-1,-1,-1,-1
1044,iconname,56,3,-1,-1,-1,-1,-1,-1,-1,-1
1045,iconname,129,-1,-1,-1,-1,-1,-1,-1,-1,-1
1046,iconname,129,0,-1,-1,-1,-1,-1,-1,-1,-1
1047,iconname,129,1,-1,-1,-1,-1,-1,-1,-1,-1
1048,iconname,129,2,-1,-1,-1,-1,-1,-1,-1,-1
1049,iconname,129,3,-1,-1,-1,-1,-1,-1,-1,-1
1050,iconname,47,-1,-1,-1,-1,-1,-1,-1,-1,121
1051,iconname,47,0,-1,-1,-1,-1,-1,-1,-1,122
1052,iconname,47,1,-1,-1,-1,-1,-1,-1,-1,123
1053,iconname,47,2,-1,-1,-1,-1,-1,-1,-1,124
1054,iconname,47,3,-1,-1,-1,-1,-1,-1,-1,125
1055,iconname,89,-1,-1,-1,-1,-1,-1,-1,-1,-1
1056,iconname,89,0,-1,-1,-1,-1,-1,-1,-1,-1
1057,iconname,89,1,-1,-1,-1,-1,-1,-1,-1,-1
1058,iconname,89,2,-1,-1,-1,-1,-1,-1,-1,-1
1059,iconname,89,3,-1,-1,-1,-1,-1,-1,-1,-1
1060,iconname,85,-1,-1,-1,-1,-1,-1,-1,-1,121
1061,iconname,85,0,-1,-1,-1,-1,-1,-1,-1,122
1062,iconname,85,1,-1,-1,-1,-1,-1,-1,-1,123
1063,iconname,85,2,-1,-1,-1,-1,-1,-1,-1,124
1064,iconname,85,3,-1,-1,-1,-1,-1,-1,-1,125
1065,iconname,85,-1,-1,-1,-1,-1,-1,-1,-1,-1
1066,iconname,85,0,-1,-1,-1,-1,-1,-1,-1,-1
1067,iconname,85,1,-1,-1,-1,-1,-1,-1,-1,-1
1068,iconname,85,2,-1,-1,-1,-1,-1,-1,-1,-1
1069,iconname,85,3,-1,-1,-1,-1,-1,-1,-1,-1
1070,iconname,124,-1,-1,-1,-1,-1,-1,-1,-1,-1
1071,iconname,124,0,-1,-1,-1,-1,-1,-1,-1,-1
1072,iconname,124,1,-1,-1,-1,-1,-1,-1,-1,-1
1073,iconname,124,2,-1,-1,-1,-1,-1,-1,-1,-1
1074,iconname,124,3,-1,-1,-1,-1,-1,-1,-1,-1
1075,iconname,201,-1,-1,-1,-1,-1,-1,-1,-1,-1
1076,iconname,201,0,-1,-1,-1,-1,-1,-1,-1,-1
1077,iconname,201,1,-1,-1,-1,-1,-1,-1,-1,-1
1078,iconname,201,2,-1,-1,-1,-1,-1,-1,-1,-1
1079,iconname,201,3,-1,-1,-1,-1,-1,-1,-1,-1
1080,iconname,134,-1,-1,-1,-1,-1,-1,-1,-1,-1
1081,iconname,134,0,-1,-1,-1,-1,-1,-1,-1,-1
1082,iconname,134,1,-1,-1,-1,-1,-1,-1,-1,-1
1083,iconname,134,2,-1,-1,-1,-1,-1,-1,-1,-1
1084,iconname,134,3,-1,-1,-1,-1,-1,-1,-1,-1
1085,iconname,189,-1,-1,-1,-1,-1,-1,-1,-1,-1
1086,iconname,189,0,-1,-1,-1,-1,-1,-1,-1,-1
1087,iconname,189,1,-1,-1,-1,-1,-1,-1,-1,-1
1088,iconname,189,2,-1,-1,-1,-1,-1,-1,-1,-1
1089,iconname,189,3,-1,-1,-1,-1,-1,-1,-1,-1
1090,iconname,103,-1,-1,-1,-1,-1,-1,-1,-1,142
1091,iconname,103,0,-1,-1,-1,-1,-1,-1,-1,143
1092,iconname,103,1,-1,-1,-1,-1,-1,-1,-1,144
1093,iconname,103,2,-1,-1,-1,-1,-1,-1,-1,145
1094,iconname,103,3,-1,-1,-1,-1,-1,-1,-1,146
1095,iconname,216,-1,-1,-1,-1,-1,-1,-1,-1,-1
1096,iconname,216,0,-1,-1,-1,-1,-1,-1,-1,-1
1097,iconname,216,1,-1,-1,-1,-1,-1,-1,-1,-1
1098,iconname,216,2,-1,-1,-1,-1,-1,-1,-1,-1
1099,iconname,216,3,-1,-1,-1,-1,-1,-1,-1,-1
1100,iconname,86,-1,-1,-1,-1,-1,-1,-1,-1,142
1101,iconname,86,0,-1,-1,-1,-1,-1,-1,-1,143
1102,iconname,86,1,-1,-1,-1,-1,-1,-1,-1,144
1103,iconname,86,2,-1,-1,-1,-1,-1,-1,-1,145
1104,iconname,86,3,-1,-1,-1,-1,-1,-1,-1,146
1105,iconname,165,-1,-1,-1,-1,-1,-1,-1,-1,-1
1106,iconname,165,0,-1,-1,-1,-1,-1,-1,-1,-1
1107,iconname,165,1,-1,-1,-1,-1,-1,-1,-1,-1
1108,iconname,165,2,-1,-1,-1,-1,-1,-1,-1,-1
1109,iconname,165,3,-1,-1,-1,-1,-1,-1,-1,-1
1110,iconname,56,-1,-1,-1,-1,-1,-1,-1,-1,135
1111,iconname,56,0,-1,-1,-1,-1,-1,-1,-1,136
1112,iconname,56,1,-1,-1,-1,-1,-1,-1,-1,137
1113,iconname,56,2,-1,-1,-1,-1,-1,-1,-1,138
1114,iconname,56,3,-1,-1,-1,-1,-1,-1,-1,139
1115,iconname,17,-1,-1,-1,-1,-1,-1,-1,-1,-1
1116,iconname,17,0,-1,-1,-1,-1,-1,-1,-1,-1
1117,iconname,17,1,-1,-1,-1,-1,-1,-1,-1,-1
1118,iconname,17,2,-1,-1,-1,-1,-1,-1,-1,-1
1119,iconname,17,3,-1,-1,-1,-1,-1,-1,-1,-1
1120,iconname,217,-1,-1,-1,-1,-1,-1,-1,-1,-1
1121,iconname,217,0,-1,-1,-1,-1,-1,-1,-1,-1
1122,iconname,217,1,-1,-1,-1,-1,-1,-1,-1,-1
1123,iconname,217,2,-1,-1,-1,-1,-1,-1,-1,-1
1124,iconname,217,3,-1,-1,-1,-1,-1,-1,-1,-1
1125,iconname,272,-1,-1,-1,-1,-1,-1,-1,-1,-1
1126,iconname,272,0,-1,-1,-1,-1,-1,-1,-1,-1
1127,iconname,272,1,-1,-1,-1,-1,-1,-1,-1,-1
1128,iconname,272,2,-1,-1,-1,-1,-1,-1,-1,-1
1129,iconname,272,3,-1,-1,-1,-1,-1,-1,-1,-1
1130,iconname,112,-1,-1,-1,-1,-1,-1,-1,-1,-1
1131,iconname,112,0,-1,-1,-1,-1,-1,-1,-1,-1
1132,iconname,112,1,-1,-1,-1,-1,-1,-1,-1,-1
1133,iconname,112,2,-1,-1,-1,-1,-1,-1,-1,-1
1134,iconname,112,3,-1,-1,-1,-1,-1,-1,-1,-1
1135,iconname,152,-1,-1,-1,-1,-1,-1,-1,-1,-1
1136,iconname,152,0,-1,-1,-1,-1,-1,-1,-1,-1
1137,iconname,152,1,-1,-1,-1,-1,-1,-1,-1,-1
1138,iconname,152,2,-1,-1,-1,-1,-1,-1,-1,-1
1139,iconname,152,3,-1,-1,-1,-1,-1,-1,-1,-1
1140,iconname,269,-1,-1,-1,-1,-1,-1,-1,-1,-1
1141,iconname,269,0,-1,-1,-1,-1,-1,-1,-1,-1
1142,iconname,269,1,-1,-1,-1,-1,-1,-1,-1,-1
1143,iconname,269,2,-1,-1,-1,-1,-1,-1,-1,-1
1144,iconname,269,3,-1,-1,-1,-1,-1,-1,-1,-1
1145,iconname,270,-1,-1,-1,-1,-1,-1,-1,-1,-1
1146,iconname,270,0,-1,-1,-1,-1,-1,-1,-1,-1
1147,iconname,270,1,-1,-1,-1,-1,-1,-1,-1,-1
1148,iconname,270,2,-1,-1,-1,-1,-1,-1,-1,-1
1149,iconname,270,3,-1,-1,-1,-1,-1,-1,-1,-1
1150,iconname,74,-1,-1,-1,-1,-1,-1,-1,-1,-1
1151,iconname,74,0,-1,-1,-1,-1,-1,-1,-1,-1
1152,iconname,74,1,-1,-1,-1,-1,-1,-1,-1,-1
1153,iconname,74,2,-1,-1,-1,-1,-1,-1,-1,-1
1154,iconname,74,3,-1,-1,-1,-1,-1,-1,-1,-1
1155,iconname,129,-1,-1,-1,-1,-1,-1,-1,-1,121
1156,iconname,129,0,-1,-1,-1,-1,-1,-1,-1,122
1157,iconname,129,1,-1,-1,-1,-1,-1,-1,-1,123
1158,iconname,129,2,-1,-1,-1,-1,-1,-1,-1,124
1159,iconname,129,3,-1,-1,-1,-1,-1,-1,-1,125
1160,iconname,95,-1,-1,-1,-1,-1,-1,-1,-1,-1
1161,iconname,95,0,-1,-1,-1,-1,-1,-1,-1,-1
1162,iconname,95,1,-1,-1,-1,-1,-1,-1,-1,-1
1163,iconname,95,2,-1,-1,-1,-1,-1,-1,-1,-1
1164,iconname,95,3,-1,-1,-1,-1,-1,-1,-1,-1
1165,iconname,35,-1,-1,-1,-1,-1,-1,-1,-1,-1
1166,iconname,35,0,-1,-1,-1,-1,-1,-1,-1,-1
1167,iconname,35,1,-1,-1,-1,-1,-1,-1,-1,-1
1168,iconname,35,2,-1,-1,-1,-1,-1,-1,-1,-1
1169,iconname,35,3,-1,-1,-1,-1,-1,-1,-1,-1
1170,iconname,113,-1,-1,-1,-1,-1,-1,-1,-1,-1
1171,iconname,113,0,-1,-1,-1,-1,-1,-1,-1,-1
1172,iconname,113,1,-1,-1,-1,-1,-1,-1,-1,-1
1173,iconname,113,2,-1,-1,-1,-1,-1,-1,-1,-1
1174,iconname,113,3,-1,-1,-1,-1,-1,-1,-1,-1
1175,iconname,154,-1,-1,-1,-1,-1,-1,-1,-1,-1
1176,iconname,164,0,-1,-1,-1,-1,-1,-1,-1,-1
1177,iconname,174,1,-1,-1,-1,-1,-1,-1,-1,-1
1178,iconname,184,2,-1,-1,-1,-1,-1,-1,-1,-1
1179,iconname,194,3,-1,-1,-1,-1,-1,-1,-1,-1
1180,iconname,155,-1,-1,-1,-1,-1,-1,-1,-1,-1
1181,iconname,155,0,-1,-1,-1,-1,-1,-1,-1,-1
1182,iconname,155,1,-1,-1,-1,-1,-1,-1,-1,-1
1183,iconname,155,2,-1,-1,-1,-1,-1,-1,-1,-1
1184,iconname,155,3,-1,-1,-1,-1,-1,-1,-1,-1
1185,iconname,196,-1,-1,-1,-1,-1,-1,-1,-1,-1
1186,iconname,196,0,-1,-1,-1,-1,-1,-1,-1,-1
1187,iconname,196,1,-1,-1,-1,-1,-1,-1,-1,-1
1188,iconname,196,2,-1,-1,-1,-1,-1,-1,-1,-1
1189,iconname,196,3,-1,-1,-1,-1,-1,-1,-1,-1
1190,iconname,105,-1,-1,-1,-1,-1,-1,-1,-1,-1
1191,iconname,105,0,-1,-1,-1,-1,-1,-1,-1,-1
1192,iconname,105,1,-1,-1,-1,-1,-1,-1,-1,-1
1193,iconname,105,2,-1,-1,-1,-1,-1,-1,-1,-1
1194,iconname,105,3,-1,-1,-1,-1,-1,-1,-1,-1
1195,iconname,145,-1,-1,-1,-1,-1,-1,-1,-1,-1
1196,iconname,145,0,-1,-1,-1,-1,-1,-1,-1,-1
1197,iconname,145,1,-1,-1,-1,-1,-1,-1,-1,-1
1198,iconname,145,2,-1,-1,-1,-1,-1,-1,-1,-1
1199,iconname,145,3,-1,-1,-1,-1,-1,-1,-1,118
1200,iconname,115,-1,-1,-1,-1,-1,-1,-1,-1,-1
1201,iconname,115,0,-1,-1,-1,-1,-1,-1,-1,-1
1202,iconname,115,1,-1,-1,-1,-1,-1,-1,-1,-1
1203,iconname,115,2,-1,-1,-1,-1,-1,-1,-1,-1
1204,iconname,115,3,-1,-1,-1,-1,-1,-1,-1,-1
1205,iconname,185,-1,-1,-1,-1,-1,-1,-1,-1,-1
1206,iconname,185,0,-1,-1,-1,-1,-1,-1,-1,-1
1207,iconname,185,1,-1,-1,-1,-1,-1,-1,-1,-1
1208,iconname,185,2,-1,-1,-1,-1,-1,-1,-1,-1
1209,iconname,185,3,-1,-1,-1,-1,-1,-1,-1,-1
1210,iconname,139,-1,-1,-1,-1,-1,-1,-1,-1,-1
1211,iconname,139,0,-1,-1,-1,-1,-1,-1,-1,-1
1212,iconname,139,1,-1,-1,-1,-1,-1,-1,-1,-1
1213,iconname,139,2,-1,-1,-1,-1,-1,-1,-1,-1
1214,iconname,139,3,-1,-1,-1,-1,-1,-1,-1,-1
1215,iconname,80,-1,-1,-1,-1,-1,-1,-1,-1,107
1216,iconname,80,0,-1,-1,-1,-1,-1,-1,-1,108
1217,iconname,80,1,-1,-1,-1,-1,-1,-1,-1,109
1218,iconname,80,2,-1,-1,-1,-1,-1,-1,-1,110
1219,iconname,80,3,-1,-1,-1,-1,-1,-1,-1,111
1220,iconname,11,-1,-1,-1,-1,-1,-1,-1,-1,107
1221,iconname,11,0,-1,-1,-1,-1,-1,-1,-1,108
1222,iconname,11,1,-1,-1,-1,-1,-1,-1,-1,109
1223,iconname,11,2,-1,-1,-1,-1,-1,-1,-1,110
1224,iconname,11,3,-1,-1,-1,-1,-1,-1,-1,111
1225,iconname,182,-1,-1,-1,-1,-1,-1,-1,-1,107
1226,iconname,182,0,-1,-1,-1,-1,-1,-1,-1,108
1227,iconname,182,1,-1,-1,-1,-1,-1,-1,-1,109
1228,iconname,182,2,-1,-1,-1,-1,-1,-1,-1,110
1229,iconname,182,3,-1,-1,-1,-1,-1,-1,-1,111
1230,iconname,159,-1,-1,-1,-1,-1,-1,-1,-1,-1
1231,iconname,159,0,-1,-1,-1,-1,-1,-1,-1,-1
1232,iconname,159,1,-1,-1,-1,-1,-1,-1,-1,-1
1233,iconname,159,2,-1,-1,-1,-1,-1,-1,-1,-1
1234,iconname,159,3,-1,-1,-1,-1,-1,-1,-1,-1
1235,iconname,141,-1,-1,-1,-1,-1,-1,-1,-1,121
1236,iconname,141,0,-1,-1,-1,-1,-1,-1,-1,122
1237,iconname,141,1,-1,-1,-1,-1,-1,-1,-1,123
1238,iconname,141,2,-1,-1,-1,-1,-1,-1,-1,124
1239,iconname,141,3,-1,-1,-1,-1,-1,-1,-1,125
1240,iconname,30,-1,-1,-1,-1,-1,-1,-1,-1,-1
1241,iconname,30,0,-1,-1,-1,-1,-1,-1,-1,-1
1242,iconname,30,1,-1,-1,-1,-1,-1,-1,-1,-1
1243,iconname,30,2,-1,-1,-1,-1,-1,-1,-1,-1
1244,iconname,30,3,-1,-1,-1,-1,-1,-1,-1,-1
1245,iconname,211,-1,-1,-1,-1,-1,-1,-1,-1,114
1246,iconname,211,0,-1,-1,-1,-1,-1,-1,-1,115
1247,iconname,211,1,-1,-1,-1,-1,-1,-1,-1,116
1248,iconname,211,2,-1,-1,-1,-1,-1,-1,-1,117
1249,iconname,211,3,-1,-1,-1,-1,-1,-1,-1,118
1250,iconname,92,-1,-1,-1,-1,-1,-1,-1,-1,100
1251,iconname,92,0,-1,-1,-1,-1,-1,-1,-1,101
1252,iconname,92,1,-1,-1,-1,-1,-1,-1,-1,102
1253,iconname,92,2,-1,-1,-1,-1,-1,-1,-1,103
1254,iconname,92,3,-1,-1,-1,-1,-1,-1,-1,104
1255,iconname,36,-1,-1,-1,-1,-1,-1,-1,-1,100
1256,iconname,36,0,-1,-1,-1,-1,-1,-1,-1,101
1257,iconname,36,1,-1,-1,-1,-1,-1,-1,-1,102
1258,iconname,36,2,-1,-1,-1,-1,-1,-1,-1,103
1259,iconname,36,3,-1,-1,-1,-1,-1,-1,-1,104
1260,iconname,110,-1,-1,-1,-1,-1,-1,-1,-1,100
1261,iconname,110,0,-1,-1,-1,-1,-1,-1,-1,101
1262,iconname,110,1,-1,-1,-1,-1,-1,-1,-1,102
1263,iconname,110,2,-1,-1,-1,-1,-1,-1,-1,103
1264,iconname,110,3,-1,-1,-1,-1,-1,-1,-1,104
1265,iconname,173,-1,-1,-1,-1,-1,-1,-1,-1,114
1266,iconname,173,0,-1,-1,-1,-1,-1,-1,-1,115
1267,iconname,173,1,-1,-1,-1,-1,-1,-1,-1,116
1268,iconname,173,2,-1,-1,-1,-1,-1,-1,-1,117
1269,iconname,173,3,-1,-1,-1,-1,-1,-1,-1,118
1270,iconname,210,-1,-1,-1,-1,-1,-1,-1,-1,121
1271,iconname,210,0,-1,-1,-1,-1,-1,-1,-1,122
1272,iconname,210,1,-1,-1,-1,-1,-1,-1,-1,123
1273,iconname,210,2,-1,-1,-1,-1,-1,-1,-1,124
1274,iconname,210,3,-1,-1,-1,-1,-1,-1,-1,125
1275,iconname,0,-1,-1,-1,-1,-1,-1,-1,-1,-1
1276,iconname,195,3,-1,-1,-1,-1,-1,-1,-1,125
1277,iconname,195,3,-1,-1,-1,-1,-1,-1,-1,-1
1278,iconname,3,-1,-1,-1,-1,-1,-1,-1,-1,-1
1279,iconname,59,1,-1,-1,-1,-1,-1,-1,-1,-1
1280,iconname,229,-1,-1,-1,-1,-1,-1,-1,-1,100
1281,iconname,229,0,-1,-1,-1,-1,-1,-1,-1,101
1282,iconname,229,1,-1,-1,-1,-1,-1,-1,-1,102
1283,iconname,229,2,-1,-1,-1,-1,-1,-1,-1,103
1284,iconname,229,3,-1,-1,-1,-1,-1,-1,-1,104
1285,iconname,15,-1,-1,-1,-1,-1,-1,-1,-1,100
1286,iconname,15,0,-1,-1,-1,-1,-1,-1,-1,101
1287,iconname,15,1,-1,-1,-1,-1,-1,-1,-1,102
1288,iconname,15,2,-1,-1,-1,-1,-1,-1,-1,103
1289,iconname,15,3,-1,-1,-1,-1,-1,-1,-1,104
1290,iconname,98,-1,-1,-1,-1,-1,-1,-1,-1,-1
1291,iconname,98,0,-1,-1,-1,-1,-1,-1,-1,-1
1292,iconname,98,1,-1,-1,-1,-1,-1,-1,-1,-1
1293,iconname,98,2,-1,-1,-1,-1,-1,-1,-1,-1
1294,iconname,98,3,-1,-1,-1,-1,-1,-1,-1,-1
1295,iconname,48,-1,-1,-1,-1,-1,-1,-1,-1,-1
1296,iconname,48,0,-1,-1,-1,-1,-1,-1,-1,-1
1297,iconname,48,1,-1,-1,-1,-1,-1,-1,-1,-1
1298,iconname,48,2,-1,-1,-1,-1,-1,-1,-1,-1
1299,iconname,48,3,-1,-1,-1,-1,-1,-1,-1,-1
1300,iconname,57,-1,-1,-1,-1,-1,-1,-1,-1,121
1301,iconname,57,0,-1,-1,-1,-1,-1,-1,-1,122
1302,iconname,57,1,-1,-1,-1,-1,-1,-1,-1,123
1303,iconname,57,2,-1,-1,-1,-1,-1,-1,-1,124
1304,iconname,57,3,-1,-1,-1,-1,-1,-1,-1,125
1305,iconname,217,-1,-1,-1,-1,-1,-1,-1,-1,-1
1306,iconname,217,0,-1,-1,-1,-1,-1,-1,-1,-1
1307,iconname,217,1,-1,-1,-1,-1,-1,-1,-1,-1
1308,iconname,217,2,-1,-1,-1,-1,-1,-1,-1,-1
1309,iconname,217,3,-1,-1,-1,-1,-1,-1,-1,-1
1310,iconname,159,-1,-1,-1,-1,-1,-1,-1,-1,-1
1311,iconname,159,0,-1,-1,-1,-1,-1,-1,-1,-1
1312,iconname,159,1,-1,-1,-1,-1,-1,-1,-1,-1
1313,iconname,159,2,-1,-1,-1,-1,-1,-1,-1,-1
1314,iconname,159,3,-1,-1,-1,-1,-1,-1,-1,-1
1315,iconname,420,-1,-1,-1,-1,-1,-1,-1,-1,-1
1316,iconname,420,0,-1,-1,-1,-1,-1,-1,-1,-1
1317,iconname,420,1,-1,-1,-1,-1,-1,-1,-1,-1
1318,iconname,420,2,-1,-1,-1,-1,-1,-1,-1,-1
1319,iconname,420,3,-1,-1,-1,-1,-1,-1,-1,-1
1320,iconname,210,-1,-1,-1,-1,-1,-1,-1,-1,-1
1321,iconname,210,0,-1,-1,-1,-1,-1,-1,-1,-1
1322,iconname,210,1,-1,-1,-1,-1,-1,-1,-1,-1
1323,iconname,210,2,-1,-1,-1,-1,-1,-1,-1,-1
1324,iconname,210,3,-1,-1,-1,-1,-1,-1,-1,-1
1325,iconname,30,-1,-1,-1,-1,-1,-1,-1,-1,-1
1326,iconname,30,0,-1,-1,-1,-1,-1,-1,-1,-1
1327,iconname,30,1,-1,-1,-1,-1,-1,-1,-1,-1
1328,iconname,30,2,-1,-1,-1,-1,-1,-1,-1,-1
1329,iconname,30,3,-1,-1,-1,-1,-1,-1,-1,-1
1330,iconname,69,-1,-1,-1,-1,-1,-1,-1,-1,-1
1331,iconname,69,0,-1,-1,-1,-1,-1,-1,-1,-1
1332,iconname,69,1,-1,-1,-1,-1,-1,-1,-1,-1
1333,iconname,69,2,-1,-1,-1,-1,-1,-1,-1,-1
1334,iconname,69,3,-1,-1,-1,-1,-1,-1,-1,-1
1335,iconname,97,-1,-1,-1,-1,-1,-1,-1,-1,-1
1336,iconname,97,0,-1,-1,-1,-1,-1,-1,-1,-1
1337,iconname,97,1,-1,-1,-1,-1,-1,-1,-1,-1
1338,iconname,97,2,-1,-1,-1,-1,-1,-1,-1,-1
1339,iconname,97,3,-1,-1,-1,-1,-1,-1,-1,-1
1340,iconname,46,-1,-1,-1,-1,-1,-1,-1,-1,-1
1341,iconname,46,0,-1,-1,-1,-1,-1,-1,-1,-1
1342,iconname,46,1,-1,-1,-1,-1,-1,-1,-1,-1
1343,iconname,46,2,-1,-1,-1,-1,-1,-1,-1,-1
1344,iconname,46,3,-1,-1,-1,-1,-1,-1,-1,-1
1345,iconname,87,-1,-1,-1,-1,-1,-1,-1,-1,-1
1346,iconname,87,0,-1,-1,-1,-1,-1,-1,-1,-1
1347,iconname,87,1,-1,-1,-1,-1,-1,-1,-1,-1
1348,iconname,87,2,-1,-1,-1,-1,-1,-1,-1,-1
1349,iconname,87,3,-1,-1,-1,-1,-1,-1,-1,-1
1350,iconname,25,-1,-1,-1,-1,-1,-1,-1,-1,-1
1351,iconname,25,0,-1,-1,-1,-1,-1,-1,-1,-1
1352,iconname,25,1,-1,-1,-1,-1,-1,-1,-1,-1
1353,iconname,25,2,-1,-1,-1,-1,-1,-1,-1,-1
1354,iconname,25,3,-1,-1,-1,-1,-1,-1,-1,-1
1355,iconname,58,-1,-1,-1,-1,-1,-1,-1,-1,121
1356,iconname,58,0,-1,-1,-1,-1,-1,-1,-1,122
1357,iconname,58,1,-1,-1,-1,-1,-1,-1,-1,123
1358,iconname,58,2,-1,-1,-1,-1,-1,-1,-1,124
1359,iconname,58,3,-1,-1,-1,-1,-1,-1,-1,125
1360,iconname,88,-1,-1,-1,-1,-1,-1,-1,-1,-1
1361,iconname,88,0,-1,-1,-1,-1,-1,-1,-1,-1
1362,iconname,88,1,-1,-1,-1,-1,-1,-1,-1,-1
1363,iconname,88,2,-1,-1,-1,-1,-1,-1,-1,-1
1364,iconname,88,3,-1,-1,-1,-1,-1,-1,-1,-1
1365,iconname,227,-1,-1,-1,-1,-1,-1,-1,-1,114
1366,iconname,227,0,-1,-1,-1,-1,-1,-1,-1,115
1367,iconname,227,1,-1,-1,-1,-1,-1,-1,-1,116
1368,iconname,227,2,-1,-1,-1,-1,-1,-1,-1,117
1369,iconname,227,3,-1,-1,-1,-1,-1,-1,-1,118
1370,iconname,42,-1,-1,-1,-1,-1,-1,-1,-1,100
1371,iconname,42,0,-1,-1,-1,-1,-1,-1,-1,101
1372,iconname,42,1,-1,-1,-1,-1,-1,-1,-1,102
1373,iconname,42,2,-1,-1,-1,-1,-1,-1,-1,103
1374,iconname,42,3,-1,-1,-1,-1,-1,-1,-1,104
1375,iconname,192,-1,-1,-1,-1,-1,-1,-1,-1,100
1376,iconname,192,0,-1,-1,-1,-1,-1,-1,-1,101
1377,iconname,192,1,-1,-1,-1,-1,-1,-1,-1,102
1378,iconname,192,2,-1,-1,-1,-1,-1,-1,-1,103
1379,iconname,192,3,-1,-1,-1,-1,-1,-1,-1,104
1380,iconname,54,-1,-1,-1,-1,-1,-1,-1,-1,-1
1381,iconname,54,0,-1,-1,-1,-1,-1,-1,-1,-1
1382,iconname,54,1,-1,-1,-1,-1,-1,-1,-1,-1
1383,iconname,54,2,-1,-1,-1,-1,-1,-1,-1,-1
1384,iconname,54,3,-1,-1,-1,-1,-1,-1,-1,-1
1385,iconname,68,-1,-1,-1,-1,-1,-1,-1,-1,135
1386,iconname,68,0,-1,-1,-1,-1,-1,-1,-1,136
1387,iconname,68,1,-1,-1,-1,-1,-1,-1,-1,137
1388,iconname,68,2,-1,-1,-1,-1,-1,-1,-1,138
1389,iconname,68,3,-1,-1,-1,-1,-1,-1,-1,139
1390,iconname,77,-1,-1,-1,-1,-1,-1,-1,-1,-1
1391,iconname,77,0,-1,-1,-1,-1,-1,-1,-1,-1
1392,iconname,77,1,-1,-1,-1,-1,-1,-1,-1,-1
1393,iconname,77,2,-1,-1,-1,-1,-1,-1,-1,-1
1394,iconname,77,3,-1,-1,-1,-1,-1,-1,-1,-1
1395,iconname,38,-1,-1,-1,-1,-1,-1,-1,-1,-1
1396,iconname,38,0,-1,-1,-1,-1,-1,-1,-1,-1
1397,iconname,38,1,-1,-1,-1,-1,-1,-1,-1,-1
1398,iconname,38,2,-1,-1,-1,-1,-1,-1,-1,-1
1399,iconname,38,3,-1,-1,-1,-1,-1,-1,-1,-1
1400,iconname,71,-1,-1,-1,-1,-1,-1,-1,-1,-1
1401,iconname,71,0,-1,-1,-1,-1,-1,-1,-1,-1
1402,iconname,71,1,-1,-1,-1,-1,-1,-1,-1,-1
1403,iconname,71,2,-1,-1,-1,-1,-1,-1,-1,-1
1404,iconname,71,3,-1,-1,-1,-1,-1,-1,-1,-1
1405,iconname,204,-1,-1,-1,-1,-1,-1,-1,-1,-1
1406,iconname,204,0,-1,-1,-1,-1,-1,-1,-1,-1
1407,iconname,204,1,-1,-1,-1,-1,-1,-1,-1,-1
1408,iconname,204,2,-1,-1,-1,-1,-1,-1,-1,-1
1409,iconname,204,3,-1,-1,-1,-1,-1,-1,-1,-1
1410,iconname,201,-1,-1,-1,-1,-1,-1,-1,-1,114
1411,iconname,201,0,-1,-1,-1,-1,-1,-1,-1,-1
1412,iconname,201,1,-1,-1,-1,-1,-1,-1,-1,102
1413,iconname,201,2,-1,-1,-1,-1,-1,-1,-1,103
1414,iconname,201,3,-1,-1,-1,-1,-1,-1,-1,104
1415,iconname,200,-1,-1,-1,-1,-1,-1,-1,-1,100
1416,iconname,200,0,-1,-1,-1,-1,-1,-1,-1,101
1417,iconname,200,1,-1,-1,-1,-1,-1,-1,-1,102
1418,iconname,200,2,-1,-1,-1,-1,-1,-1,-1,103
1419,iconname,200,3,-1,-1,-1,-1,-1,-1,-1,104
1420,iconname,142,-1,-1,-1,-1,-1,-1,-1,-1,121
1421,iconname,142,0,-1,-1,-1,-1,-1,-1,-1,122
1422,iconname,142,1,-1,-1,-1,-1,-1,-1,-1,123
1423,iconname,142,2,-1,-1,-1,-1,-1,-1,-1,124
1424,iconname,142,3,-1,-1,-1,-1,-1,-1,-1,125
1425,iconname,431,-1,-1,-1,-1,-1,-1,-1,-1,-1
1426,iconname,431,0,-1,-1,-1,-1,-1,-1,-1,-1
1427,iconname,431,1,-1,-1,-1,-1,-1,-1,-1,-1
1428,iconname,431,2,-1,-1,-1,-1,-1,-1,-1,-1
1429,iconname,431,3,-1,-1,-1,-1,-1,-1,-1,-1
1430,iconname,132,-1,-1,-1,-1,-1,-1,-1,-1,100
1431,iconname,132,0,-1,-1,-1,-1,-1,-1,-1,101
1432,iconname,132,1,-1,-1,-1,-1,-1,-1,-1,102
1433,iconname,132,2,-1,-1,-1,-1,-1,-1,-1,103
1434,iconname,132,3,-1,-1,-1,-1,-1,-1,-1,104
1435,iconname,28,-1,-1,-1,-1,-1,-1,-1,-1,-1
1436,iconname,28,0,-1,-1,-1,-1,-1,-1,-1,-1
1437,iconname,28,1,-1,-1,-1,-1,-1,-1,-1,-1
1438,iconname,28,2,-1,-1,-1,-1,-1,-1,-1,-1
1439,iconname,28,3,-1,-1,-1,-1,-1,-1,-1,-1
1440,iconname,96,-1,-1,-1,-1,-1,-1,-1,-1,121
1441,iconname,96,0,-1,-1,-1,-1,-1,-1,-1,122
1442,iconname,96,1,-1,-1,-1,-1,-1,-1,-1,123
1443,iconname,96,2,-1,-1,-1,-1,-1,-1,-1,124
1444,iconname,96,3,-1,-1,-1,-1,-1,-1,-1,125
1445,iconname,17,-1,-1,-1,-1,-1,-1,-1,-1,142
1446,iconname,17,0,-1,-1,-1,-1,-1,-1,-1,143
1447,iconname,17,1,-1,-1,-1,-1,-1,-1,-1,144
1448,iconname,17,2,-1,-1,-1,-1,-1,-1,-1,145
1449,iconname,17,3,-1,-1,-1,-1,-1,-1,-1,146
1450,iconname,51,-1,-1,-1,-1,-1,-1,-1,-1,-1
1451,iconname,51,0,-1,-1,-1,-1,-1,-1,-1,-1
1452,iconname,51,1,-1,-1,-1,-1,-1,-1,-1,-1
1453,iconname,51,2,-1,-1,-1,-1,-1,-1,-1,-1
1454,iconname,51,3,-1,-1,-1,-1,-1,-1,-1,-1
1455,iconname,19,-1,-1,-1,-1,-1,-1,-1,-1,-1
1456,iconname,19,0,-1,-1,-1,-1,-1,-1,-1,-1
1457,iconname,19,1,-1,-1,-1,-1,-1,-1,-1,-1
1458,iconname,19,2,-1,-1,-1,-1,-1,-1,-1,-1
1459,iconname,19,3,-1,-1,-1,-1,-1,-1,-1,-1
1460,iconname,228,-1,-1,-1,-1,-1,-1,-1,-1,100
1461,iconname,228,0,-1,-1,-1,-1,-1,-1,-1,101
1462,iconname,228,1,-1,-1,-1,-1,-1,-1,-1,102
1463,iconname,228,2,-1,-1,-1,-1,-1,-1,-1,103
1464,iconname,228,3,-1,-1,-1,-1,-1,-1,-1,104
1465,iconname,27,-1,-1,-1,-1,-1,-1,-1,-1,-1
1466,iconname,27,0,-1,-1,-1,-1,-1,-1,-1,-1
1467,iconname,27,1,-1,-1,-1,-1,-1,-1,-1,-1
1468,iconname,27,2,-1,-1,-1,-1,-1,-1,-1,-1
1469,iconname,27,3,-1,-1,-1,-1,-1,-1,-1,-1
1470,iconname,48,-1,-1,-1,-1,-1,-1,-1,-1,121
1471,iconname,48,0,-1,-1,-1,-1,-1,-1,-1,122
1472,iconname,48,1,-1,-1,-1,-1,-1,-1,-1,123
1473,iconname,48,2,-1,-1,-1,-1,-1,-1,-1,124
1474,iconname,48,3,-1,-1,-1,-1,-1,-1,-1,125
1475,iconname,144,-1,-1,-1,-1,-1,-1,-1,-1,-1
1476,iconname,144,0,-1,-1,-1,-1,-1,-1,-1,-1
1477,iconname,144,1,-1,-1,-1,-1,-1,-1,-1,-1
1478,iconname,144,2,-1,-1,-1,-1,-1,-1,-1,-1
1479,iconname,144,3,-1,-1,-1,-1,-1,-1,-1,-1
1480,iconname,35,-1,-1,-1,-1,-1,-1,-1,-1,107
1481,iconname,35,0,-1,-1,-1,-1,-1,-1,-1,108
1482,iconname,35,1,-1,-1,-1,-1,-1,-1,-1,109
1483,iconname,35,2,-1,-1,-1,-1,-1,-1,-1,110
1484,iconname,35,3,-1,-1,-1,-1,-1,-1,-1,111
1485,iconname,113,-1,-1,-1,-1,-1,-1,-1,-1,107
1486,iconname,113,0,-1,-1,-1,-1,-1,-1,-1,108
1487,iconname,113,1,-1,-1,-1,-1,-1,-1,-1,109
1488,iconname,113,2,-1,-1,-1,-1,-1,-1,-1,110
1489,iconname,113,3,-1,-1,-1,-1,-1,-1,-1,111
1490,iconname,204,-1,-1,-1,-1,-1,-1,-1,-1,121
1491,iconname,204,0,-1,-1,-1,-1,-1,-1,-1,122
1492,iconname,204,1,-1,-1,-1,-1,-1,-1,-1,123
1493,iconname,204,2,-1,-1,-1,-1,-1,-1,-1,124
1494,iconname,204,3,-1,-1,-1,-1,-1,-1,-1,125
1495,iconname,122,-1,-1,-1,-1,-1,-1,-1,-1,114
1496,iconname,122,0,-1,-1,-1,-1,-1,-1,-1,115
1497,iconname,122,1,-1,-1,-1,-1,-1,-1,-1,116
1498,iconname,122,2,-1,-1,-1,-1,-1,-1,-1,117
1499,iconname,122,3,-1,-1,-1,-1,-1,-1,-1,118
1500,iconname,132,-1,-1,-1,-1,-1,-1,-1,-1,114
1501,iconname,132,0,-1,-1,-1,-1,-1,-1,-1,115
1502,iconname,132,1,-1,-1,-1,-1,-1,-1,-1,116
1503,iconname,132,2,-1,-1,-1,-1,-1,-1,-1,117
1504,iconname,132,3,-1,-1,-1,-1,-1,-1,-1,118
1505,iconname,29,-1,-1,-1,-1,-1,-1,-1,-1,-1
1506,iconname,29,0,-1,-1,-1,-1,-1,-1,-1,-1
1507,iconname,29,1,-1,-1,-1,-1,-1,-1,-1,-1
1508,iconname,29,2,-1,-1,-1,-1,-1,-1,-1,-1
1509,iconname,29,3,-1,-1,-1,-1,-1,-1,-1,-1
1510,iconname,16,-1,-1,-1,-1,-1,-1,-1,-1,100
1511,iconname,16,0,-1,-1,-1,-1,-1,-1,-1,101
1512,iconname,16,1,-1,-1,-1,-1,-1,-1,-1,102
1513,iconname,16,2,-1,-1,-1,-1,-1,-1,-1,103
1514,iconname,16,3,-1,-1,-1,-1,-1,-1,-1,104
1515,iconname,162,-1,-1,-1,-1,-1,-1,-1,-1,121
1516,iconname,162,0,-1,-1,-1,-1,-1,-1,-1,122
1517,iconname,162,1,-1,-1,-1,-1,-1,-1,-1,123
1518,iconname,162,2,-1,-1,-1,-1,-1,-1,-1,124
1519,iconname,162,3,-1,-1,-1,-1,-1,-1,-1,125
1520,iconname,83,-1,-1,-1,-1,-1,-1,-1,-1,-1
1521,iconname,83,0,-1,-1,-1,-1,-1,-1,-1,-1
1522,iconname,83,1,-1,-1,-1,-1,-1,-1,-1,-1
1523,iconname,83,2,-1,-1,-1,-1,-1,-1,-1,-1
1524,iconname,83,3,-1,-1,-1,-1,-1,-1,-1,-1
1525,iconname,43,-1,-1,-1,-1,-1,-1,-1,-1,-1
1526,iconname,43,0,-1,-1,-1,-1,-1,-1,-1,-1
1527,iconname,43,1,-1,-1,-1,-1,-1,-1,-1,-1
1528,iconname,43,2,-1,-1,-1,-1,-1,-1,-1,-1
1529,iconname,43,3,-1,-1,-1,-1,-1,-1,-1,-1
1530,iconname,52,-1,-1,-1,-1,-1,-1,-1,-1,142
1531,iconname,52,0,-1,-1,-1,-1,-1,-1,-1,143
1532,iconname,52,1,-1,-1,-1,-1,-1,-1,-1,144
1533,iconname,52,2,-1,-1,-1,-1,-1,-1,-1,145
1534,iconname,52,3,-1,-1,-1,-1,-1,-1,-1,146
1535,iconname,191,-1,-1,-1,-1,-1,-1,-1,-1,-1
1536,iconname,191,0,-1,-1,-1,-1,-1,-1,-1,-1
1537,iconname,191,1,-1,-1,-1,-1,-1,-1,-1,-1
1538,iconname,191,2,-1,-1,-1,-1,-1,-1,-1,-1
1539,iconname,191,3,-1,-1,-1,-1,-1,-1,-1,-1
1540,Skald end regen song,131,-1,-1,-1,-1,-1,-1,-1,-1,100
1541,Skald end regen song,131,0,-1,-1,-1,-1,-1,-1,-1,101
1542,Skald end regen song,131,1,-1,-1,-1,-1,-1,-1,-1,102
1543,Skald end regen song,131,2,-1,-1,-1,-1,-1,-1,-1,103
1544,Skald end regen song,131,3,-1,-1,-1,-1,-1,-1,-1,104
1545,iconname,191,-1,-1,-1,-1,-1,-1,-1,-1,114
1546,iconname,191,0,-1,-1,-1,-1,-1,-1,-1,115
1547,iconname,191,1,-1,-1,-1,-1,-1,-1,-1,116
1548,iconname,191,2,-1,-1,-1,-1,-1,-1,-1,117
1549,iconname,191,3,-1,-1,-1,-1,-1,-1,-1,118
1550,iconname,37,-1,-1,-1,-1,-1,-1,-1,-1,-1
1551,iconname,37,0,-1,-1,-1,-1,-1,-1,-1,-1
1552,iconname,37,1,-1,-1,-1,-1,-1,-1,-1,-1
1553,iconname,37,2,-1,-1,-1,-1,-1,-1,-1,-1
1554,iconname,37,3,-1,-1,-1,-1,-1,-1,-1,-1
1555,iconname,64,-1,-1,-1,-1,-1,-1,-1,-1,-1
1556,iconname,64,0,-1,-1,-1,-1,-1,-1,-1,-1
1557,iconname,64,1,-1,-1,-1,-1,-1,-1,-1,-1
1558,iconname,64,2,-1,-1,-1,-1,-1,-1,-1,-1
1559,iconname,64,3,-1,-1,-1,-1,-1,-1,-1,-1
1560,iconname,66,-1,-1,-1,-1,-1,-1,-1,-1,121
1561,iconname,66,0,-1,-1,-1,-1,-1,-1,-1,122
1562,iconname,66,1,-1,-1,-1,-1,-1,-1,-1,123
1563,iconname,66,2,-1,-1,-1,-1,-1,-1,-1,124
1564,iconname,66,3,-1,-1,-1,-1,-1,-1,-1,125
1565,iconname,217,-1,-1,-1,-1,-1,-1,-1,-1,121
1566,iconname,217,0,-1,-1,-1,-1,-1,-1,-1,122
1567,iconname,217,1,-1,-1,-1,-1,-1,-1,-1,123
1568,iconname,217,2,-1,-1,-1,-1,-1,-1,-1,124
1569,iconname,217,3,-1,-1,-1,-1,-1,-1,-1,125
1570,iconname,38,-1,-1,-1,-1,-1,-1,-1,-1,128
1571,iconname,38,0,-1,-1,-1,-1,-1,-1,-1,129
1572,iconname,38,1,-1,-1,-1,-1,-1,-1,-1,130
1573,iconname,38,2,-1,-1,-1,-1,-1,-1,-1,131
1574,iconname,38,3,-1,-1,-1,-1,-1,-1,-1,132
1575,iconname,20,-1,-1,-1,-1,-1,-1,-1,-1,114
1576,iconname,20,0,-1,-1,-1,-1,-1,-1,-1,115
1577,iconname,20,1,-1,-1,-1,-1,-1,-1,-1,116
1578,iconname,20,2,-1,-1,-1,-1,-1,-1,-1,117
1579,iconname,20,3,-1,-1,-1,-1,-1,-1,-1,118
1580,iconname,71,-1,-1,-1,-1,-1,-1,-1,-1,114
1581,iconname,71,0,-1,-1,-1,-1,-1,-1,-1,115
1582,iconname,71,1,-1,-1,-1,-1,-1,-1,-1,116
1583,iconname,71,2,-1,-1,-1,-1,-1,-1,-1,117
1584,iconname,71,3,-1,-1,-1,-1,-1,-1,-1,118
1585,iconname,169,-1,-1,-1,-1,-1,-1,-1,-1,-1
1586,iconname,169,0,-1,-1,-1,-1,-1,-1,-1,-1
1587,iconname,169,1,-1,-1,-1,-1,-1,-1,-1,-1
1588,iconname,169,2,-1,-1,-1,-1,-1,-1,-1,-1
1589,iconname,169,3,-1,-1,-1,-1,-1,-1,-1,-1
1590,iconname,94,-1,-1,-1,-1,-1,-1,-1,-1,-1
1591,iconname,94,0,-1,-1,-1,-1,-1,-1,-1,122
1592,iconname,94,1,-1,-1,-1,-1,-1,-1,-1,123
1593,iconname,94,2,-1,-1,-1,-1,-1,-1,-1,124
1594,iconname,94,3,-1,-1,-1,-1,-1,-1,-1,125
1595,iconname,201,-1,-1,-1,-1,-1,-1,-1,-1,114
1596,iconname,201,0,-1,-1,-1,-1,-1,-1,-1,115
1597,iconname,201,1,-1,-1,-1,-1,-1,-1,-1,116
1598,iconname,201,2,-1,-1,-1,-1,-1,-1,-1,117
1599,iconname,201,3,-1,-1,-1,-1,-1,-1,-1,118
1600,Ultimate Recovery,685,-1,0,-1,-1,-1,-1,-1,-1,-1
1601,Demolish,529,-1,2,-1,-1,-1,-1,-1,-1,-1
1602,Shatter,527,-1,-1,-1,-1,-1,-1,-1,-1,-1
1603,Devastate,530,-1,1,-1,-1,-1,-1,-1,-1,-1
1604,Annihilation,686,-1,-1,-1,-1,-1,-1,7,-1,-1
1605,Hunter's Spear,687,-1,-1,-1,-1,-1,-1,-1,-1,-1
1606,Entrap,688,-1,0,-1,9,-1,-1,-1,-1,-1
1607,Hunter's Boon,599,-1,0,-1,-1,-1,-1,7,-1,-1
1608,Hunter's Barb,689,-1,-1,-1,-1,-1,11,-1,-1,-1
1609,Forest Spear,690,-1,-1,-1,-1,-1,12,-1,-1,-1
1610,Hunter's Largess,691,-1,1,-1,-1,-1,-1,-1,-1,-1
1611,Hunter's Lance,692,-1,-1,-1,-1,-1,-1,-1,-1,-1
1612,Javelin,693,-1,1,-1,-1,-1,-1,-1,-1,-1
1613,Tracking Spear,694,-1,0,-1,10,-1,-1,-1,-1,-1
1614,Hunter's Gift,695,-1,1,-1,-1,-1,-1,-1,-1,-1
1615,Hawk's Talon,696,-1,1,-1,-1,-1,-1,-1,-1,-1
1616,Eagle Talon,697,-1,-1,-1,-1,-1,-1,-1,-1,-1
1617,Wyvern Talon,698,-1,1,-1,-1,-1,-1,-1,-1,-1
1618,Dragon Talon,699,-1,0,-1,-1,5,-1,-1,4,-1
1619,Cuchulain's Revenge,601,-1,1,-1,-1,-1,-1,-1,-1,-1
1620,Splitter,700,-1,-1,-1,-1,-1,-1,-1,-1,-1
1621,Cleave,552,-1,0,-1,10,-1,-1,-1,-1,-1
1622,Plague,520,-1,-1,-1,-1,-1,12,-1,-1,-1
1623,Thrym's Strength,728,-1,1,-1,-1,-1,-1,-1,-1,-1
1624,Pillager,737,-1,0,-1,-1,-1,-1,-1,-1,-1
1625,Hoarfrost,654,-1,-1,-1,-1,-1,11,-1,-1,-1
1626,Evernight,703,-1,0,-1,-1,-1,-1,7,-1,-1
1627,Plunderer,704,-1,1,-1,-1,-1,-1,-1,-1,-1
1628,Valkyrie's Shield,705,-1,0,-1,8,-1,-1,-1,-1,-1
1629,Raider,740,-1,-1,-1,9,-1,-1,-1,-1,-1
1630,Havoc,706,-1,0,6,-1,-1,-1,-1,-1,-1
1631,Midnight Sun,560,-1,1,-1,-1,-1,-1,-1,-1,-1
1632,Glacial Movement,707,-1,-1,-1,-1,5,-1,-1,4,-1
1633,Arctic Rift,708,-1,1,-1,-1,-1,-1,-1,-1,-1
1634,Tyr's Fury,709,-1,1,-1,-1,-1,-1,-1,-1,-1
1635,Thor's Anvil,710,-1,-1,-1,-1,-1,-1,-1,-1,-1
1636,Crushing Blow,527,-1,0,-1,10,-1,-1,-1,-1,-1
1637,Placate,583,-1,-1,-1,-1,-1,11,-1,-1,-1
1638,Slam,653,-1,1,-1,-1,-1,-1,-1,-1,-1
1639,Ruiner,711,-1,0,-1,-1,-1,-1,-1,-1,-1
1640,Frost Hammer,712,-1,0,-1,-1,5,-1,-1,4,-1
1641,Provoke,713,-1,-1,-1,-1,-1,12,-1,-1,-1
1642,Demolish,714,-1,1,-1,-1,-1,-1,-1,-1,-1
1643,Revenge,553,-1,0,-1,8,-1,-1,-1,-1,-1
1644,Crumble,528,-1,1,-1,-1,-1,-1,-1,-1,-1
1645,Conquer,681,-1,0,-1,-1,-1,-1,7,-1,-1
1646,Thor's Answer,655,-1,1,-1,-1,-1,-1,-1,-1,-1
1647,Lambast,715,-1,0,-1,10,-1,-1,-1,-1,-1
1648,Sledgehammer,716,-1,1,-1,-1,-1,-1,-1,-1,-1
1649,Mjolnir's Fury,717,-1,1,-1,-1,-1,-1,-1,-1,-1
1650,Whirling Blade,718,-1,-1,-1,-1,-1,-1,-1,-1,-1
1651,Frost Cut,719,-1,0,-1,8,-1,-1,-1,-1,-1
1652,Draw Out,720,-1,-1,-1,-1,-1,12,-1,-1,-1
1653,Northern Lights,626,-1,0,-1,-1,5,-1,-1,4,-1
1654,Assault,721,-1,0,-1,-1,-1,-1,-1,-1,-1
1655,Temper,548,-1,-1,-1,-1,-1,11,-1,-1,-1
1656,Aurora,624,-1,1,-1,-1,-1,-1,-1,-1,-1
1657,Baldur's Fury,722,-1,1,-1,-1,-1,-1,-1,-1,-1
1658,Reinforcement,622,-1,0,-1,10,-1,-1,-1,-1,-1
1659,Ice Storm,656,-1,0,-1,9,-1,-1,-1,-1,-1
1660,Rush,623,-1,1,-1,-1,-1,-1,-1,-1,-1
1661,Polar Rift,723,-1,-1,-1,-1,-1,-1,-1,-1,-1
1662,Niord's Fury,629,-1,1,-1,-1,-1,-1,-1,-1,-1
1663,Sif's Revenge,724,-1,1,-1,-1,-1,-1,-1,-1,-1
1664,Ragnarok,725,-1,-1,-1,-1,-1,-1,7,-1,-1
1665,Counter Slash,726,-1,-1,-1,-1,-1,-1,-1,-1,-1
1666,Doubler,727,-1,-1,-1,-1,-1,-1,7,-1,-1
1667,Ravager,728,-1,0,-1,-1,-1,-1,-1,-1,-1
1668,Polar Light,729,-1,0,-1,10,-1,-1,-1,-1,-1
1669,Snowblind,652,-1,-1,-1,-1,-1,12,-1,-1,-1
1670,Atrophy,730,-1,1,-1,-1,-1,-1,-1,-1,-1
1671,Frost Shadow,731,-1,1,-1,-1,-1,-1,-1,-1,-1
1672,Comeback,732,-1,0,-1,9,-1,-1,-1,-1,-1
1673,Scathing Blade,733,-1,2,-1,-1,-1,-1,-1,-1,-1
1674,Decaying Rage,734,-1,2,-1,-1,-1,11,-1,-1,-1
1675,Snowsquall,735,-1,0,-1,-1,-1,-1,7,-1,-1
1676,Doublefrost,736,-1,-1,-1,-1,-1,-1,-1,-1,-1
1677,Frosty Gaze,737,-1,1,-1,-1,-1,-1,-1,-1,-1
1678,Icy Brilliance,738,-1,1,-1,-1,-1,-1,-1,-1,-1
1679,Aurora Borealis,739,-1,2,-1,-1,-1,-1,-1,-1,-1
1680,Dazzling Spear,740,-1,-1,-1,-1,-1,-1,-1,-1,-1
1681,Return Thrust,741,-1,0,-1,9,-1,-1,-1,-1,-1
1682,Engage,742,-1,0,-1,-1,-1,12,-1,-1,-1
1683,Extend Reach,598,-1,1,-1,-1,-1,-1,-1,-1,-1
1684,Lancer,692,-1,0,-1,-1,-1,-1,-1,-1,-1
1685,Dismissal,602,-1,-1,-1,-1,-1,11,-1,-1,-1
1686,Wounding Thrust,743,-1,1,-1,-1,-1,-1,-1,-1,-1
1687,Stab,744,-1,1,-1,-1,-1,-1,-1,-1,-1
1688,Perforate,745,-1,0,-1,-1,5,-1,-1,4,-1
1689,Lunging Thrust,746,-1,1,-1,-1,-1,-1,-1,-1,-1
1690,Raze,747,-1,1,-1,-1,-1,-1,-1,-1,-1
1691,Whirling Spear,748,-1,-1,-1,-1,-1,-1,-1,-1,-1
1692,Razor Edge,749,-1,0,-1,-1,-1,-1,7,-1,-1
1693,Odin's Wrath,504,-1,1,-1,-1,-1,-1,-1,-1,-1
1694,Gungnir's Fury,542,-1,1,-1,-1,-1,-1,-1,-1,-1
1695,Void,833,-1,-1,-1,-1,-1,-1,-1,-1,-1
1696,Doom Bringer,526,-1,-1,-1,-1,-1,-1,-1,-1,-1
1697,Tundra,653,-1,-1,-1,-1,-1,-1,-1,-1,-1
1698,Winter Moon,703,-1,-1,-1,-1,-1,-1,-1,-1,-1
1699,Razorback,570,-1,-1,-1,-1,-1,-1,-1,-1,-1
1700,Blacksnake,603,-1,-1,-1,-1,-1,-1,-1,-1,-1
1701,Kingsnake,604,-1,0,-1,10,-1,-1,-1,-1,-1
1702,Diamondback,605,-1,-1,-1,-1,-1,12,-1,-1,-1
1703,Asp,606,-1,-1,-1,-1,-1,-1,7,-1,-1
1704,Viper,607,-1,0,-1,8,-1,-1,-1,-1,-1
1705,Copperhead,608,-1,1,-1,-1,-1,-1,-1,-1,-1
1706,Tigersnake,609,-1,1,-1,10,-1,-1,-1,-1,-1
1707,Indigosnake,610,-1,0,-1,-1,5,-1,-1,4,-1
1708,Boomslang,611,-1,-1,-1,-1,-1,11,-1,-1,-1
1709,Python,612,-1,-1,-1,-1,-1,-1,-1,-1,-1
1710,Taipan,613,-1,2,-1,-1,-1,-1,-1,-1,-1
1711,Constrictor,614,-1,1,-1,-1,-1,-1,-1,-1,-1
1712,Anaconda,615,-1,2,-1,-1,-1,-1,-1,-1,-1
1713,Cobra,616,-1,3,-1,-1,-1,-1,-1,-1,-1
1714,Leviathan,617,-1,-1,-1,-1,-1,-1,7,-1,-1
1715,Reaper,664,-1,-1,-1,-1,-1,-1,-1,-1,-1
1716,Sawgrass,665,-1,0,-1,10,-1,-1,-1,-1,-1
1717,Taunting Scythe,666,-1,-1,-1,-1,-1,12,-1,-1,-1
1718,Arboreal Fire,667,-1,0,-1,9,-1,-1,-1,-1,-1
1719,Stunning Blade,668,-1,0,-1,-1,5,-1,-1,4,-1
1720,Foxfire,669,-1,1,-1,-1,-1,-1,-1,-1,-1
1721,Thorny Shield,670,-1,1,-1,-1,-1,-1,-1,-1,-1
1722,Winter's Scythe,671,-1,1,-1,-1,-1,-1,-1,-1,-1
1723,Grasping Roots,675,-1,2,-1,-1,-1,-1,-1,-1,-1
1724,Nature's Shield,673,-1,-1,-1,-1,-1,-1,-1,-1,-1
1725,Blizzard Blade,674,-1,2,-1,-1,-1,-1,-1,-1,-1
1726,Arboreal Shield,672,-1,-1,-1,-1,-1,11,-1,-1,-1
1727,Flaming Scythe,676,-1,2,-1,-1,-1,-1,-1,-1,-1
1728,Damaging Grasp,677,-1,-1,-1,-1,-1,-1,7,-1,-1
1729,Conflagration,678,-1,3,-1,-1,-1,-1,-1,-1,-1
1730,Kelgor's Bane,750,-1,-1,-1,-1,-1,-1,-1,-1,-1
1731,Tribal Rage,751,-1,0,-1,10,-1,-1,-1,-1,-1
1732,Wild Call,587,-1,-1,-1,-1,-1,12,-1,-1,-1
1733,Clan's Call,752,-1,0,-1,-1,-1,-1,7,-1,-1
1734,Tribal Assault,753,-1,1,-1,-1,-1,-1,-1,-1,-1
1735,Kelgor's Might,677,-1,-1,-1,-1,-1,-1,-1,-1,-1
1736,Taunting Call,754,-1,-1,-1,-1,-1,11,-1,-1,-1
1737,Clan's Might,680,-1,1,-1,-1,-1,-1,-1,-1,-1
1738,Totemic Fear,755,-1,0,-1,9,-1,-1,-1,-1,-1
1739,Totemic Wrath,756,-1,1,-1,-1,-1,-1,-1,-1,-1
1740,Kelgor's Claw,757,-1,-1,-1,-1,-1,-1,-1,-1,-1
1741,Tribal Wrath,758,-1,2,-1,-1,-1,-1,-1,-1,-1
1742,Kelgor's Fist,636,-1,0,-1,-1,5,-1,-1,4,-1
1743,Kelgor's Wrath,759,-1,1,-1,-1,-1,-1,-1,-1,-1
1744,Totemic Sacrifice,760,-1,2,-1,-1,-1,-1,-1,-1,-1
1745,Dark Tendrils,571,-1,-1,-1,-1,-1,-1,-1,-1,-1
1746,Riposte,604,-1,0,-1,8,-1,-1,-1,-1,-1
1747,iconname,620,-1,-1,-1,9,-1,-1,-1,-1,-1
1748,Reflection,506,-1,0,-1,9,-1,-1,-1,-1,-1
1749,Beartooth,582,-1,0,-1,9,-1,-1,-1,-1,-1
1750,Essence Flames ,810,-1,0,-1,-1,-1,-1,-1,-1,-1
1751,Faultfinder ,811,-1,-1,-1,-1,-1,-1,-1,-1,-1
1752,Sapping Strike ,812,-1,-1,-1,-1,-1,-1,-1,-1,-1
1753,Power Leak ,813,-1,-1,-1,-1,-1,-1,-1,-1,-1
1754,Essence Sear ,814,-1,1,-1,-1,-1,-1,-1,-1,-1
1755,Essence Dampen ,815,-1,0,-1,-1,-1,-1,-1,-1,-1
1756,Essence Shatter ,816,-1,1,-1,-1,-1,-1,-1,-1,-1
1757,Throw Weapon,817,-1,-1,-1,-1,-1,-1,-1,-1,-1
1758,Ricochet,585,-1,0,-1,9,-1,-1,-1,-1,-1
1759,Horizon Blade,626,-1,0,-1,9,-1,-1,-1,-1,-1
1760,Odin's Clip,830,-1,-1,-1,-1,-1,-1,7,-1,-1
1761,Odin's Bite,831,-1,0,-1,-1,5,-1,-1,4,-1
1762,Odin's Deathblow,832,-1,1,-1,-1,-1,-1,-1,-1,-1
1763,Windmill,818,-1,0,-1,-1,-1,-1,-1,-1,-1
1764,Roundhouse,819,-1,1,-1,-1,-1,-1,-1,-1,-1
1765,Assault,820,-1,0,-1,-1,-1,-1,-1,-1,-1
1766,Cripple,821,-1,0,-1,-1,-1,-1,-1,-1,-1
1767,Sideswipe,822,-1,-1,-1,-1,-1,-1,-1,-1,-1
1768,Brace,537,-1,1,-1,-1,-1,-1,-1,-1,-1
1769,Tarantula,647,-1,0,-1,9,-1,-1,-1,-1,-1
1770,Head Shot,823,-1,-1,-1,-1,-1,-1,-1,-1,-1
1771,Torso Shot,824,-1,-1,-1,-1,-1,-1,-1,-1,-1
1772,Leg Shot,825,-1,-1,-1,-1,-1,-1,-1,-1,-1
1773,Vampiiric Feint,826,-1,0,-1,-1,-1,-1,-1,-1,-1
1774,Eye Shot,827,-1,1,-1,-1,-1,-1,-1,-1,-1
1775,Lung Shot,828,-1,1,-1,-1,-1,-1,-1,-1,-1
1776,Knee Cap,829,-1,1,-1,-1,-1,-1,-1,-1,-1
1777,Valkyrie's Shield,705,-1,0,-1,9,-1,-1,-1,-1,-1
1778,Decaying Rage,734,-1,0,-1,-1,5,-1,-1,4,-1
1779,Aurora Borealis,739,-1,1,-1,-1,-1,-1,-1,-1,-1
1780,Armsman Thrust Ratfang,577,-1,0,-1,10,-1,-1,-1,-1,-1
1781,Paladin Thrust –ratfang,577,-1,0,-1,8,-1,-1,-1,-1,-1
1782,Bard Blades –return blades,619,-1,0,-1,9,-1,-1,-1,-1,-1
1783,Hunter Sword Frost Cut,719,-1,0,-1,9,-1,-1,-1,-1,-1
1784,Hunter Sword Reinforcement,622,-1,0,-1,9,-1,-1,-1,-1,-1
1785,Ranger Celtic Dual,658,-1,0,-1,9,-1,-1,-1,-1,-1
1786,Thane Axe Valkyrie's Shield,705,-1,-1,-1,8,-1,-1,-1,-1,-1
1787,Thane Sword Ice Storm,656,-1,0,-1,8,-1,-1,-1,-1,-1
1788,,831,-1,-1,-1,-1,-1,-1,-1,-1,-1
1789,Wildcat/Wild Sting,769,-1,-1,-1,-1,-1,-1,-1,-1,-1
1790,Sever,576,-1,1,-1,-1,-1,-1,-1,-1,-1
1791,Polar Light (SB),729,-1,0,-1,9,-1,-1,-1,-1,-1
1792,Cleave,552,-1,0,-1,9,-1,-1,-1,-1,-1
1793,Wild Swing,783,-1,-1,-1,-1,-1,-1,-1,-1,-1
1794,Splintered Strike,784,-1,0,-1,-1,-1,-1,-1,-1,-1
1795,Focused Breach,785,-1,1,-1,-1,-1,-1,-1,-1,-1
1796,Rescue,786,-1,0,-1,-1,-1,12,-1,-1,-1
1797,Percussion,787,-1,0,-1,-1,5,-1,-1,4,-1
1798,Cinder Strike,788,-1,-1,6,-1,-1,-1,-1,-1,-1
1799,Subterfuge,789,-1,-1,-1,-1,-1,11,-1,-1,-1
1800,Jolting Staff,790,-1,1,-1,-1,-1,-1,-1,-1,-1
1801,Smelting Blow,791,-1,1,-1,-1,-1,-1,-1,-1,-1
1802,Winding Blow,591,-1,1,-1,-1,-1,-1,-1,-1,-1
1803,Shocking Staff,792,-1,1,-1,-1,-1,-1,-1,-1,-1
1804,Ember Clip,734,-1,0,-1,9,-1,-1,-1,-1,-1
1805,Burning Cloud,793,-1,-1,-1,-1,-1,-1,7,-1,-1
1806,Scorching Staff,794,-1,1,-1,-1,-1,-1,-1,-1,-1
1807,Forging Blow,795,-1,1,-1,-1,-1,-1,-1,-1,-1
1808,Tempered Strike,595,-1,1,-1,-1,-1,-1,-1,-1,-1
1809,Ducking Blow,796,-1,-1,-1,-1,-1,-1,-1,-1,-1
1810,Jab,797,-1,0,-1,-1,-1,-1,-1,-1,-1
1811,Uppercut,798,-1,1,-1,-1,-1,-1,-1,-1,-1
1812,Jaw Breaker,799,-1,2,-1,-1,-1,-1,-1,-1,-1
1813,Owl Strike,800,-1,0,-1,-1,-1,12,-1,-1,-1
1814,Heart Stopper,801,-1,0,6,-1,-1,-1,-1,-1,-1
1815,Haymaker,802,-1,0,-1,-1,5,-1,-1,4,-1
1816,Body Blow,530,-1,-1,-1,-1,-1,11,-1,-1,-1
1817,Wind Taker,803,-1,-1,-1,-1,-1,-1,7,-1,-1
1818,Rib Cracker,527,-1,1,-1,-1,-1,-1,-1,-1,-1
1819,Eagle Strike,804,-1,1,-1,-1,-1,-1,-1,-1,-1
1820,Gut Shot,805,-1,1,-1,-1,-1,-1,-1,-1,-1
1821,Dislocation,806,-1,0,-1,9,-1,-1,-1,-1,-1
1822,Cross,807,-1,1,-1,-1,-1,-1,-1,-1,-1
1823,Counter Blow,808,-1,1,-1,-1,-1,-1,-1,-1,-1
1824,Phoenix Strike,809,-1,1,-1,-1,-1,-1,-1,-1,-1
1825,Tigersnake,609,-1,0,-1,8,-1,-1,-1,-1,-1
1826,Warlock Dexable DD Gray,57,-1,-1,-1,-1,-1,-1,-1,-1,-1
1827,Warlock Dexable DD Green,57,0,-1,-1,-1,-1,-1,-1,-1,-1
1828,Warlock Dexable DD Blue,57,1,-1,-1,-1,-1,-1,-1,-1,-1
1829,Warlock Dexable DD Yellow,57,2,-1,-1,-1,-1,-1,-1,-1,-1
1830,Warlock Dexable DD Red,57,3,-1,-1,-1,-1,-1,-1,-1,-1
1831,Hexing LT Primary Gray,272,-1,-1,-1,-1,-1,-1,-1,-1,-1
1832,Hexing LT Primary Green,272,0,-1,-1,-1,-1,-1,-1,-1,-1
1833,Hexing LT Primary Blue,272,1,-1,-1,-1,-1,-1,-1,-1,-1
1834,Hexing LT Primary Yellow,272,2,-1,-1,-1,-1,-1,-1,-1,-1
1835,Hexing LT Primary Red,272,3,-1,-1,-1,-1,-1,-1,-1,-1
1836,Witchcraft Heal Bolt Gray,93,-1,-1,-1,-1,-1,-1,-1,-1,-1
1837,Witchcraft Heal Bolt Green,93,0,-1,-1,-1,-1,-1,-1,-1,-1
1838,Witchcraft Heal Bolt Blue,93,1,-1,-1,-1,-1,-1,-1,-1,-1
1839,Witchcraft Heal Bolt Yellow,93,2,-1,-1,-1,-1,-1,-1,-1,-1
1840,Witchcraft Heal Bolt Red,93,3,-1,-1,-1,-1,-1,-1,-1,-1
1841,Overwhelm (Inf RR5),1564,6,-1,-1,-1,-1,-1,-1,-1,-1
1842,Shadow Shround (NS RR5),1565,6,-1,-1,-1,-1,-1,-1,-1,-1
1843,Blodddrinking (SB RR5),1567,6,-1,-1,-1,-1,-1,-1,-1,-1
1844,Voice of Skadi (Skald RR5),1566,6,-1,-1,-1,-1,-1,-1,-1,-1
1845,Fueld by Rage (Savage RR5),1563,6,-1,-1,-1,-1,-1,-1,-1,-1
1846,green poison vial,1568,-1,-1,-1,-1,-1,-1,-1,-1,-1
1847,red poison vial,1569,-1,-1,-1,-1,-1,-1,-1,-1,-1
1848,orange poison vial,1570,-1,-1,-1,-1,-1,-1,-1,-1,-1
1849,Sacrifical Knife Icon,1542,-1,-1,-1,-1,-1,-1,-1,-1,-1
1850,Call of a Thousand Storms,15,3,-1,-1,-1,-1,-1,-1,-1,118
1851,Draught of Courage,225,2,-1,-1,-1,-1,-1,-1,-1,117
1852,Draught of Superior Courage,181,2,-1,-1,-1,-1,-1,-1,-1,117
1853,Draught of Heroism,61,2,-1,-1,-1,-1,-1,-1,-1,117
1854,Draught of Might,20,2,-1,-1,-1,-1,-1,-1,-1,117
1855,Draught of Deftness,227,2,-1,-1,-1,-1,-1,-1,-1,117
1856,Elixir of Strength,102,1,-1,-1,-1,-1,-1,-1,-1,116
1857,Elixir of Fortitude,10,1,-1,-1,-1,-1,-1,-1,-1,116
1858,Elixir of Dexterity,206,1,-1,-1,-1,-1,-1,-1,-1,116
1859,Elixir of Enlightenment,121,1,-1,-1,-1,-1,-1,-1,-1,116
1860,Draught of Strength,102,2,-1,-1,-1,-1,-1,-1,-1,117
1861,Draught of Fortitude,10,2,-1,-1,-1,-1,-1,-1,-1,117
1862,Draught of Dexterity,206,2,-1,-1,-1,-1,-1,-1,-1,117
1863,Draught of Enlightenment,121,2,-1,-1,-1,-1,-1,-1,-1,117
1864,Pictish Accuracy (Gray),202,-1,-1,-1,-1,-1,-1,-1,-1,114
1865,Pictish Accuracy (Green),202,0,-1,-1,-1,-1,-1,-1,-1,115
1866,Pictish Accuracy (Blue),202,1,-1,-1,-1,-1,-1,-1,-1,116
1867,Pictish Accuracy (Yellow),202,2,-1,-1,-1,-1,-1,-1,-1,117
1868,Pictish Accuracy (Red),202,3,-1,-1,-1,-1,-1,-1,-1,118
1869,Withering of the Picts (Gray),163,-1,-1,-1,-1,-1,-1,-1,-1,-1
1870,Withering of the Picts (Green),163,0,-1,-1,-1,-1,-1,-1,-1,-1
1871,Withering of the Picts (Blue),163,1,-1,-1,-1,-1,-1,-1,-1,-1
1872,Withering of the Picts (Yellow),163,2,-1,-1,-1,-1,-1,-1,-1,-1
1873,Withering of the Picts (Red),163,3,-1,-1,-1,-1,-1,-1,-1,-1
1874,Pictish Weakening (Blue),30,1,-1,-1,-1,-1,-1,-1,-1,-1
1875,Pictish Weakening (Yellow),30,2,-1,-1,-1,-1,-1,-1,-1,-1
1876,Pictish Weakening (Red),30,3,-1,-1,-1,-1,-1,-1,-1,-1
1877,Shield of the Picts (Gray),1356,-1,-1,-1,-1,-1,-1,-1,-1,-1
1878,Shield of the Picts (Green),1356,-1,-1,-1,-1,-1,-1,-1,-1,-1
1879,Shield of the Picts (Blue),1356,-1,-1,-1,-1,-1,-1,-1,-1,-1
1880,Shield of the Picts (Yellow),1356,-1,-1,-1,-1,-1,-1,-1,-1,-1
1881,Shield of the Picts (Red),1356,-1,-1,-1,-1,-1,-1,-1,-1,-1
1882,Thane Axe Midnight Moon,700,-1,0,-1,10,-1,-1,-1,-1,-1
1883,Thane Frost Cut,719,-1,0,-1,10,-1,-1,-1,-1,-1
1884,iconname,0,-1,-1,-1,-1,-1,-1,-1,-1,-1
1885,iconname,0,-1,-1,-1,-1,-1,-1,-1,-1,-1
1886,iconname,0,-1,-1,-1,-1,-1,-1,-1,-1,-1
1887,iconname,0,-1,-1,-1,-1,-1,-1,-1,-1,-1
1888,iconname,0,-1,-1,-1,-1,-1,-1,-1,-1,-1
1889,iconname,0,-1,-1,-1,-1,-1,-1,-1,-1,-1
1890,iconname,0,-1,-1,-1,-1,-1,-1,-1,-1,-1
1891,iconname,0,-1,-1,-1,-1,-1,-1,-1,-1,-1
1892,iconname,0,-1,-1,-1,-1,-1,-1,-1,-1,-1
1893,iconname,0,-1,-1,-1,-1,-1,-1,-1,-1,-1
1894,iconname,0,-1,-1,-1,-1,-1,-1,-1,-1,-1
1895,iconname,0,-1,-1,-1,-1,-1,-1,-1,-1,-1
1896,iconname,0,-1,-1,-1,-1,-1,-1,-1,-1,-1
1897,iconname,0,-1,-1,-1,-1,-1,-1,-1,-1,-1
1898,iconname,0,-1,-1,-1,-1,-1,-1,-1,-1,-1
1899,iconname,0,-1,-1,-1,-1,-1,-1,-1,-1,-1
1900,iconname,120,-1,-1,-1,-1,-1,-1,-1,-1,-1
1901,iconname,120,0,-1,-1,-1,-1,-1,-1,-1,-1
1902,iconname,120,1,-1,-1,-1,-1,-1,-1,-1,-1
1903,iconname,120,2,-1,-1,-1,-1,-1,-1,-1,-1
1904,iconname,120,3,-1,-1,-1,-1,-1,-1,-1,-1
1905,iconname,133,-1,-1,-1,-1,-1,-1,-1,-1,-1
1906,iconname,133,0,-1,-1,-1,-1,-1,-1,-1,-1
1907,iconname,133,1,-1,-1,-1,-1,-1,-1,-1,-1
1908,iconname,133,2,-1,-1,-1,-1,-1,-1,-1,-1
1909,iconname,133,3,-1,-1,-1,-1,-1,-1,-1,-1
1910,iconname,208,-1,-1,-1,-1,-1,-1,-1,-1,-1
1911,iconname,208,0,-1,-1,-1,-1,-1,-1,-1,-1
1912,iconname,208,1,-1,-1,-1,-1,-1,-1,-1,-1
1913,iconname,208,2,-1,-1,-1,-1,-1,-1,-1,-1
1914,iconname,208,3,-1,-1,-1,-1,-1,-1,-1,-1
1915,iconname,183,-1,-1,-1,-1,-1,-1,-1,-1,-1
1916,iconname,183,0,-1,-1,-1,-1,-1,-1,-1,-1
1917,iconname,183,1,-1,-1,-1,-1,-1,-1,-1,-1
1918,iconname,183,2,-1,-1,-1,-1,-1,-1,-1,-1
1919,iconname,183,3,-1,-1,-1,-1,-1,-1,-1,-1
1920,iconname,50,-1,-1,-1,-1,-1,-1,-1,-1,-1
1921,iconname,50,0,-1,-1,-1,-1,-1,-1,-1,-1
1922,iconname,50,1,-1,-1,-1,-1,-1,-1,-1,-1
1923,iconname,50,2,-1,-1,-1,-1,-1,-1,-1,-1
1924,iconname,50,3,-1,-1,-1,-1,-1,-1,-1,-1
1925,iconname,137,-1,-1,-1,-1,-1,-1,-1,-1,-1
1926,iconname,137,0,-1,-1,-1,-1,-1,-1,-1,-1
1927,iconname,137,1,-1,-1,-1,-1,-1,-1,-1,-1
1928,iconname,137,2,-1,-1,-1,-1,-1,-1,-1,-1
1929,iconname,137,3,-1,-1,-1,-1,-1,-1,-1,-1
1930,iconname,196,-1,-1,-1,-1,-1,-1,-1,-1,142
1931,iconname,196,0,-1,-1,-1,-1,-1,-1,-1,143
1932,iconname,196,1,-1,-1,-1,-1,-1,-1,-1,144
1933,iconname,196,2,-1,-1,-1,-1,-1,-1,-1,145
1934,iconname,196,3,-1,-1,-1,-1,-1,-1,-1,146
1935,iconname,143,-1,-1,-1,-1,-1,-1,-1,-1,-1
1936,iconname,143,0,-1,-1,-1,-1,-1,-1,-1,-1
1937,iconname,143,1,-1,-1,-1,-1,-1,-1,-1,-1
1938,iconname,143,2,-1,-1,-1,-1,-1,-1,-1,-1
1939,iconname,143,3,-1,-1,-1,-1,-1,-1,-1,-1
1940,iconname,271,-1,-1,-1,-1,-1,-1,-1,-1,-1
1941,iconname,271,0,-1,-1,-1,-1,-1,-1,-1,-1
1942,iconname,271,1,-1,-1,-1,-1,-1,-1,-1,-1
1943,iconname,271,2,-1,-1,-1,-1,-1,-1,-1,-1
1944,iconname,271,3,-1,-1,-1,-1,-1,-1,-1,-1
1945,iconname,272,-1,-1,-1,-1,-1,-1,-1,-1,114
1946,iconname,272,0,-1,-1,-1,-1,-1,-1,-1,115
1947,iconname,272,1,-1,-1,-1,-1,-1,-1,-1,116
1948,iconname,272,2,-1,-1,-1,-1,-1,-1,-1,117
1949,iconname,272,3,-1,-1,-1,-1,-1,-1,-1,118
1950,iconname,130,-1,-1,-1,-1,-1,-1,-1,-1,-1
1951,iconname,130,0,-1,-1,-1,-1,-1,-1,-1,-1
1952,iconname,130,1,-1,-1,-1,-1,-1,-1,-1,-1
1953,iconname,130,2,-1,-1,-1,-1,-1,-1,-1,-1
1954,iconname,130,3,-1,-1,-1,-1,-1,-1,-1,-1
1955,iconname,11,-1,-1,-1,-1,-1,-1,-1,-1,-1
1956,iconname,11,0,-1,-1,-1,-1,-1,-1,-1,-1
1957,iconname,11,1,-1,-1,-1,-1,-1,-1,-1,-1
1958,iconname,11,2,-1,-1,-1,-1,-1,-1,-1,-1
1959,iconname,11,3,-1,-1,-1,-1,-1,-1,-1,-1
1960,iconname,147,-1,-1,-1,-1,-1,-1,-1,-1,-1
1961,iconname,147,0,-1,-1,-1,-1,-1,-1,-1,-1
1962,iconname,147,1,-1,-1,-1,-1,-1,-1,-1,-1
1963,iconname,147,2,-1,-1,-1,-1,-1,-1,-1,-1
1964,iconname,147,3,-1,-1,-1,-1,-1,-1,-1,-1
1965,iconname,157,-1,-1,-1,-1,-1,-1,-1,-1,-1
1966,iconname,157,0,-1,-1,-1,-1,-1,-1,-1,-1
1967,iconname,157,1,-1,-1,-1,-1,-1,-1,-1,-1
1968,iconname,157,2,-1,-1,-1,-1,-1,-1,-1,-1
1969,iconname,157,3,-1,-1,-1,-1,-1,-1,-1,-1
1970,iconname,167,-1,-1,-1,-1,-1,-1,-1,-1,-1
1971,iconname,167,0,-1,-1,-1,-1,-1,-1,-1,-1
1972,iconname,167,1,-1,-1,-1,-1,-1,-1,-1,-1
1973,iconname,167,2,-1,-1,-1,-1,-1,-1,-1,-1
1974,iconname,167,3,-1,-1,-1,-1,-1,-1,-1,-1
1975,iconname,177,-1,-1,-1,-1,-1,-1,-1,-1,-1
1976,iconname,177,0,-1,-1,-1,-1,-1,-1,-1,-1
1977,iconname,177,1,-1,-1,-1,-1,-1,-1,-1,-1
1978,iconname,177,2,-1,-1,-1,-1,-1,-1,-1,-1
1979,iconname,177,3,-1,-1,-1,-1,-1,-1,-1,-1
1980,iconname,163,-1,-1,-1,-1,-1,-1,-1,-1,-1
1981,iconname,163,0,-1,-1,-1,-1,-1,-1,-1,-1
1982,iconname,163,1,-1,-1,-1,-1,-1,-1,-1,-1
1983,iconname,163,2,-1,-1,-1,-1,-1,-1,-1,-1
1984,iconname,163,3,-1,-1,-1,-1,-1,-1,-1,-1
1985,iconname,99,-1,-1,-1,-1,-1,-1,-1,-1,-1
1986,iconname,99,0,-1,-1,-1,-1,-1,-1,-1,-1
1987,iconname,99,1,-1,-1,-1,-1,-1,-1,-1,-1
1988,iconname,99,2,-1,-1,-1,-1,-1,-1,-1,-1
1989,iconname,99,3,-1,-1,-1,-1,-1,-1,-1,-1
1990,iconname,160,-1,-1,-1,-1,-1,-1,-1,-1,-1
1991,iconname,160,0,-1,-1,-1,-1,-1,-1,-1,-1
1992,iconname,160,1,-1,-1,-1,-1,-1,-1,-1,-1
1993,iconname,160,2,-1,-1,-1,-1,-1,-1,-1,-1
1994,iconname,160,3,-1,-1,-1,-1,-1,-1,-1,-1
1995,iconname,127,-1,-1,-1,-1,-1,-1,-1,-1,-1
1996,iconname,127,0,-1,-1,-1,-1,-1,-1,-1,-1
1997,iconname,127,1,-1,-1,-1,-1,-1,-1,-1,-1
1998,iconname,127,2,-1,-1,-1,-1,-1,-1,-1,-1
1999,iconname,127,3,-1,-1,-1,-1,-1,-1,-1,-1
2000,iconname,187,-1,-1,-1,-1,-1,-1,-1,-1,-1
2001,iconname,187,0,-1,-1,-1,-1,-1,-1,-1,-1
2002,iconname,187,1,-1,-1,-1,-1,-1,-1,-1,-1
2003,iconname,187,2,-1,-1,-1,-1,-1,-1,-1,-1
2004,iconname,187,3,-1,-1,-1,-1,-1,-1,-1,-1
2005,iconname,197,-1,-1,-1,-1,-1,-1,-1,-1,-1
2006,iconname,197,0,-1,-1,-1,-1,-1,-1,-1,-1
2007,iconname,197,1,-1,-1,-1,-1,-1,-1,-1,-1
2008,iconname,197,2,-1,-1,-1,-1,-1,-1,-1,-1
2009,iconname,197,3,-1,-1,-1,-1,-1,-1,-1,-1
2010,iconname,76,-1,-1,-1,-1,-1,-1,-1,-1,142
2011,iconname,76,0,-1,-1,-1,-1,-1,-1,-1,143
2012,iconname,76,1,-1,-1,-1,-1,-1,-1,-1,144
2013,iconname,76,2,-1,-1,-1,-1,-1,-1,-1,145
2014,iconname,76,3,-1,-1,-1,-1,-1,-1,-1,146
2015,iconname,220,-1,-1,-1,-1,-1,-1,-1,-1,114
2016,iconname,220,0,-1,-1,-1,-1,-1,-1,-1,115
2017,iconname,220,1,-1,-1,-1,-1,-1,-1,-1,116
2018,iconname,220,2,-1,-1,-1,-1,-1,-1,-1,117
2019,iconname,220,3,-1,-1,-1,-1,-1,-1,-1,118
2020,iconname,193,-1,-1,-1,-1,-1,-1,-1,-1,114
2021,iconname,193,0,-1,-1,-1,-1,-1,-1,-1,115
2022,iconname,193,1,-1,-1,-1,-1,-1,-1,-1,116
2023,iconname,193,2,-1,-1,-1,-1,-1,-1,-1,117
2024,iconname,193,3,-1,-1,-1,-1,-1,-1,-1,118
2025,iconname,202,-1,-1,-1,-1,-1,-1,-1,-1,107
2026,iconname,202,0,-1,-1,-1,-1,-1,-1,-1,108
2027,iconname,202,1,-1,-1,-1,-1,-1,-1,-1,109
2028,iconname,202,2,-1,-1,-1,-1,-1,-1,-1,110
2029,iconname,202,3,-1,-1,-1,-1,-1,-1,-1,111
2030,iconname,222,-1,-1,-1,-1,-1,-1,-1,-1,107
2031,iconname,222,0,-1,-1,-1,-1,-1,-1,-1,108
2032,iconname,222,1,-1,-1,-1,-1,-1,-1,-1,109
2033,iconname,222,2,-1,-1,-1,-1,-1,-1,-1,110
2034,iconname,222,3,-1,-1,-1,-1,-1,-1,-1,111
2035,iconname,230,-1,-1,-1,-1,-1,-1,-1,-1,107
2036,iconname,230,0,-1,-1,-1,-1,-1,-1,-1,108
2037,iconname,230,1,-1,-1,-1,-1,-1,-1,-1,109
2038,iconname,230,2,-1,-1,-1,-1,-1,-1,-1,110
2039,iconname,230,3,-1,-1,-1,-1,-1,-1,-1,111
2040,iconname,90,-1,-1,-1,-1,-1,-1,-1,-1,114
2041,iconname,90,0,-1,-1,-1,-1,-1,-1,-1,115
2042,iconname,90,1,-1,-1,-1,-1,-1,-1,-1,116
2043,iconname,90,2,-1,-1,-1,-1,-1,-1,-1,117
2044,iconname,90,3,-1,-1,-1,-1,-1,-1,-1,118
2045,iconname,14,-1,-1,-1,-1,-1,-1,-1,-1,-1
2046,iconname,14,0,-1,-1,-1,-1,-1,-1,-1,-1
2047,iconname,14,1,-1,-1,-1,-1,-1,-1,-1,-1
2048,iconname,14,2,-1,-1,-1,-1,-1,-1,-1,-1
2049,iconname,14,3,-1,-1,-1,-1,-1,-1,-1,-1
2050,iconname,136,-1,-1,-1,-1,-1,-1,-1,-1,163
2051,iconname,136,0,-1,-1,-1,-1,-1,-1,-1,164
2052,iconname,136,1,-1,-1,-1,-1,-1,-1,-1,165
2053,iconname,136,2,-1,-1,-1,-1,-1,-1,-1,166
2054,iconname,136,3,-1,-1,-1,-1,-1,-1,-1,167
2055,iconname,126,-1,-1,-1,-1,-1,-1,-1,-1,163
2056,iconname,126,0,-1,-1,-1,-1,-1,-1,-1,164
2057,iconname,126,1,-1,-1,-1,-1,-1,-1,-1,165
2058,iconname,126,2,-1,-1,-1,-1,-1,-1,-1,166
2059,iconname,126,3,-1,-1,-1,-1,-1,-1,-1,167
2060,iconname,118,-1,-1,-1,-1,-1,-1,-1,-1,121
2061,iconname,118,0,-1,-1,-1,-1,-1,-1,-1,122
2062,iconname,118,1,-1,-1,-1,-1,-1,-1,-1,123
2063,iconname,118,2,-1,-1,-1,-1,-1,-1,-1,124
2064,iconname,118,3,-1,-1,-1,-1,-1,-1,-1,125
2065,iconname,128,-1,-1,-1,-1,-1,-1,-1,-1,-1
2066,iconname,128,0,-1,-1,-1,-1,-1,-1,-1,-1
2067,iconname,128,1,-1,-1,-1,-1,-1,-1,-1,-1
2068,iconname,128,2,-1,-1,-1,-1,-1,-1,-1,-1
2069,iconname,128,3,-1,-1,-1,-1,-1,-1,-1,-1
2070,iconname,106,-1,-1,-1,-1,-1,-1,-1,-1,163
2071,iconname,106,0,-1,-1,-1,-1,-1,-1,-1,164
2072,iconname,106,1,-1,-1,-1,-1,-1,-1,-1,165
2073,iconname,106,2,-1,-1,-1,-1,-1,-1,-1,166
2074,iconname,106,3,-1,-1,-1,-1,-1,-1,-1,167
2075,iconname,119,-1,-1,-1,-1,-1,-1,-1,-1,128
2076,iconname,119,0,-1,-1,-1,-1,-1,-1,-1,129
2077,iconname,119,1,-1,-1,-1,-1,-1,-1,-1,130
2078,iconname,119,2,-1,-1,-1,-1,-1,-1,-1,131
2079,iconname,119,3,-1,-1,-1,-1,-1,-1,-1,132
2080,iconname,153,-1,-1,-1,-1,-1,-1,-1,-1,121
2081,iconname,153,0,-1,-1,-1,-1,-1,-1,-1,122
2082,iconname,153,1,-1,-1,-1,-1,-1,-1,-1,123
2083,iconname,153,2,-1,-1,-1,-1,-1,-1,-1,124
2084,iconname,153,3,-1,-1,-1,-1,-1,-1,-1,125
2085,iconname,166,-1,-1,-1,-1,-1,-1,-1,-1,-1
2086,iconname,166,0,-1,-1,-1,-1,-1,-1,-1,-1
2087,iconname,166,1,-1,-1,-1,-1,-1,-1,-1,-1
2088,iconname,166,2,-1,-1,-1,-1,-1,-1,-1,-1
2089,iconname,166,3,-1,-1,-1,-1,-1,-1,-1,-1
2090,iconname,176,-1,-1,-1,-1,-1,-1,-1,-1,-1
2091,iconname,176,0,-1,-1,-1,-1,-1,-1,-1,-1
2092,iconname,176,1,-1,-1,-1,-1,-1,-1,-1,-1
2093,iconname,176,2,-1,-1,-1,-1,-1,-1,-1,-1
2094,iconname,176,3,-1,-1,-1,-1,-1,-1,-1,-1
2095,iconname,116,-1,-1,-1,-1,-1,-1,-1,-1,170
2096,iconname,116,0,-1,-1,-1,-1,-1,-1,-1,171
2097,iconname,116,1,-1,-1,-1,-1,-1,-1,-1,172
2098,iconname,116,2,-1,-1,-1,-1,-1,-1,-1,173
2099,iconname,116,3,-1,-1,-1,-1,-1,-1,-1,174
2100,iconname,107,-1,-1,-1,-1,-1,-1,-1,-1,170
2101,iconname,107,0,-1,-1,-1,-1,-1,-1,-1,171
2102,iconname,107,1,-1,-1,-1,-1,-1,-1,-1,172
2103,iconname,107,2,-1,-1,-1,-1,-1,-1,-1,173
2104,iconname,107,3,-1,-1,-1,-1,-1,-1,-1,174
2105,iconname,138,-1,-1,-1,-1,-1,-1,-1,-1,-1
2106,iconname,138,0,-1,-1,-1,-1,-1,-1,-1,-1
2107,iconname,138,1,-1,-1,-1,-1,-1,-1,-1,-1
2108,iconname,138,2,-1,-1,-1,-1,-1,-1,-1,-1
2109,iconname,138,3,-1,-1,-1,-1,-1,-1,-1,-1
2110,iconname,148,-1,-1,-1,-1,-1,-1,-1,-1,-1
2111,iconname,148,0,-1,-1,-1,-1,-1,-1,-1,-1
2112,iconname,148,1,-1,-1,-1,-1,-1,-1,-1,-1
2113,iconname,148,2,-1,-1,-1,-1,-1,-1,-1,-1
2114,iconname,148,3,-1,-1,-1,-1,-1,-1,-1,-1
2115,iconname,158,-1,-1,-1,-1,-1,-1,-1,-1,121
2116,iconname,158,0,-1,-1,-1,-1,-1,-1,-1,122
2117,iconname,158,1,-1,-1,-1,-1,-1,-1,-1,123
2118,iconname,158,2,-1,-1,-1,-1,-1,-1,-1,124
2119,iconname,158,3,-1,-1,-1,-1,-1,-1,-1,125
2120,iconname,117,-1,-1,-1,-1,-1,-1,-1,-1,163
2121,iconname,117,0,-1,-1,-1,-1,-1,-1,-1,164
2122,iconname,117,1,-1,-1,-1,-1,-1,-1,-1,165
2123,iconname,117,2,-1,-1,-1,-1,-1,-1,-1,166
2124,iconname,117,3,-1,-1,-1,-1,-1,-1,-1,167
2125,iconname,89,-1,-1,-1,-1,-1,-1,-1,-1,-1
2126,iconname,89,0,-1,-1,-1,-1,-1,-1,-1,-1
2127,iconname,89,1,-1,-1,-1,-1,-1,-1,-1,-1
2128,iconname,89,2,-1,-1,-1,-1,-1,-1,-1,-1
2129,iconname,89,3,-1,-1,-1,-1,-1,-1,-1,-1
2130,iconname,136,-1,-1,-1,-1,-1,-1,-1,-1,-1
2131,iconname,136,0,-1,-1,-1,-1,-1,-1,-1,-1
2132,iconname,136,1,-1,-1,-1,-1,-1,-1,-1,-1
2133,iconname,136,2,-1,-1,-1,-1,-1,-1,-1,-1
2134,iconname,136,3,-1,-1,-1,-1,-1,-1,-1,-1
2135,iconname,179,-1,-1,-1,-1,-1,-1,-1,-1,163
2136,iconname,179,0,-1,-1,-1,-1,-1,-1,-1,164
2137,iconname,179,1,-1,-1,-1,-1,-1,-1,-1,165
2138,iconname,179,2,-1,-1,-1,-1,-1,-1,-1,166
2139,iconname,179,3,-1,-1,-1,-1,-1,-1,-1,167
2140,iconname,272,-1,-1,-1,-1,-1,-1,-1,-1,121
2141,iconname,272,0,-1,-1,-1,-1,-1,-1,-1,122
2142,iconname,272,1,-1,-1,-1,-1,-1,-1,-1,123
2143,iconname,272,2,-1,-1,-1,-1,-1,-1,-1,124
2144,iconname,272,3,-1,-1,-1,-1,-1,-1,-1,125
2145,iconname,160,-1,-1,-1,-1,-1,-1,-1,-1,114
2146,iconname,160,0,-1,-1,-1,-1,-1,-1,-1,115
2147,iconname,160,1,-1,-1,-1,-1,-1,-1,-1,116
2148,iconname,160,2,-1,-1,-1,-1,-1,-1,-1,117
2149,iconname,160,3,-1,-1,-1,-1,-1,-1,-1,118
2150,iconname,109,-1,-1,-1,-1,-1,-1,-1,-1,163
2151,iconname,109,0,-1,-1,-1,-1,-1,-1,-1,164
2152,iconname,109,1,-1,-1,-1,-1,-1,-1,-1,165
2153,iconname,109,2,-1,-1,-1,-1,-1,-1,-1,166
2154,iconname,109,3,-1,-1,-1,-1,-1,-1,-1,167
2155,iconname,93,-1,-1,-1,-1,-1,-1,-1,-1,-1
2156,iconname,93,0,-1,-1,-1,-1,-1,-1,-1,-1
2157,iconname,93,1,-1,-1,-1,-1,-1,-1,-1,-1
2158,iconname,93,2,-1,-1,-1,-1,-1,-1,-1,-1
2159,iconname,93,3,-1,-1,-1,-1,-1,-1,-1,-1
2160,iconname,161,-1,-1,-1,-1,-1,-1,-1,-1,114
2161,iconname,161,0,-1,-1,-1,-1,-1,-1,-1,115
2162,iconname,161,1,-1,-1,-1,-1,-1,-1,-1,116
2163,iconname,161,2,-1,-1,-1,-1,-1,-1,-1,117
2164,iconname,161,3,-1,-1,-1,-1,-1,-1,-1,118
2165,iconname,186,-1,-1,-1,-1,-1,-1,-1,-1,-1
2166,iconname,186,0,-1,-1,-1,-1,-1,-1,-1,-1
2167,iconname,186,1,-1,-1,-1,-1,-1,-1,-1,-1
2168,iconname,186,2,-1,-1,-1,-1,-1,-1,-1,-1
2169,iconname,186,3,-1,-1,-1,-1,-1,-1,-1,-1
2170,iconname,175,-1,-1,-1,-1,-1,-1,-1,-1,-1
2171,iconname,175,0,-1,-1,-1,-1,-1,-1,-1,-1
2172,iconname,175,1,-1,-1,-1,-1,-1,-1,-1,-1
2173,iconname,175,2,-1,-1,-1,-1,-1,-1,-1,-1
2174,iconname,175,3,-1,-1,-1,-1,-1,-1,-1,-1
2175,iconname,125,-1,-1,-1,-1,-1,-1,-1,-1,107
2176,iconname,125,0,-1,-1,-1,-1,-1,-1,-1,108
2177,iconname,125,1,-1,-1,-1,-1,-1,-1,-1,109
2178,iconname,125,2,-1,-1,-1,-1,-1,-1,-1,110
2179,iconname,125,3,-1,-1,-1,-1,-1,-1,-1,111
2180,iconname,135,-1,-1,-1,-1,-1,-1,-1,-1,-1
2181,iconname,135,0,-1,-1,-1,-1,-1,-1,-1,-1
2182,iconname,135,1,-1,-1,-1,-1,-1,-1,-1,-1
2183,iconname,135,2,-1,-1,-1,-1,-1,-1,-1,-1
2184,iconname,135,3,-1,-1,-1,-1,-1,-1,-1,-1
2185,iconname,89,-1,-1,-1,-1,-1,-1,-1,-1,121
2186,iconname,89,0,-1,-1,-1,-1,-1,-1,-1,122
2187,iconname,89,1,-1,-1,-1,-1,-1,-1,-1,123
2188,iconname,89,2,-1,-1,-1,-1,-1,-1,-1,124
2189,iconname,89,3,-1,-1,-1,-1,-1,-1,-1,125
2190,iconname,84,-1,-1,-1,-1,-1,-1,-1,-1,114
2191,iconname,84,0,-1,-1,-1,-1,-1,-1,-1,115
2192,iconname,84,1,-1,-1,-1,-1,-1,-1,-1,116
2193,iconname,84,2,-1,-1,-1,-1,-1,-1,-1,117
2194,iconname,84,3,-1,-1,-1,-1,-1,-1,-1,118
2195,iconname,11,-1,-1,-1,-1,-1,-1,-1,-1,128
2196,iconname,11,0,-1,-1,-1,-1,-1,-1,-1,129
2197,iconname,11,1,-1,-1,-1,-1,-1,-1,-1,130
2198,iconname,11,2,-1,-1,-1,-1,-1,-1,-1,131
2199,iconname,11,3,-1,-1,-1,-1,-1,-1,-1,132
2200,arch 1 (housing),1400,-1,-1,-1,-1,-1,-1,-1,-1,-1
2201,painting (housing),1401,-1,-1,-1,-1,-1,-1,-1,-1,-1
2202,lathe (housing),1402,-1,-1,-1,-1,-1,-1,-1,-1,-1
2203,forge (housing),1403,-1,-1,-1,-1,-1,-1,-1,-1,-1
2204,chair (housing),1404,-1,-1,-1,-1,-1,-1,-1,-1,-1
2205,ram cladding,1405,-1,-1,-1,-1,-1,-1,-1,-1,-1
2206,ram beak,1406,-1,-1,-1,-1,-1,-1,-1,-1,-1
2207,swing harness,1407,-1,-1,-1,-1,-1,-1,-1,-1,-1
2208,spring arms,1408,-1,-1,-1,-1,-1,-1,-1,-1,-1
2209,arm cushion,1409,-1,-1,-1,-1,-1,-1,-1,-1,-1
2210,counter weight,1410,-1,-1,-1,-1,-1,-1,-1,-1,-1
2211,torsion cable,1411,-1,-1,-1,-1,-1,-1,-1,-1,-1
2212,gimbal,1412,-1,-1,-1,-1,-1,-1,-1,-1,-1
2213,pivot,1413,-1,-1,-1,-1,-1,-1,-1,-1,-1
2214,lemon,1414,-1,-1,-1,-1,-1,-1,-1,-1,-1
2215,mechanical part,1415,-1,-1,-1,-1,-1,-1,-1,-1,-1
2216,jeweled bracelet,1416,-1,-1,-1,-1,-1,-1,-1,-1,-1
2217,wooden bowl,1417,-1,-1,-1,-1,-1,-1,-1,-1,-1
2218,bow,1418,-1,-1,-1,-1,-1,-1,-1,-1,-1
2219,paddle/oar,1419,-1,-1,-1,-1,-1,-1,-1,-1,-1
2220,long ship,1420,-1,-1,-1,-1,-1,-1,-1,-1,-1
2221,atlantean boat,1421,-1,-1,-1,-1,-1,-1,-1,-1,-1
2222,small boat,1422,-1,-1,-1,-1,-1,-1,-1,-1,-1
2223,cog ship,1423,-1,-1,-1,-1,-1,-1,-1,-1,-1
2224,caravel,1424,-1,-1,-1,-1,-1,-1,-1,-1,-1
2225,stygian boat,1425,-1,-1,-1,-1,-1,-1,-1,-1,-1
2226,midgard bowsprit,1426,-1,-1,-1,-1,-1,-1,-1,-1,-1
2227,hibernia bowsprit,1427,-1,-1,-1,-1,-1,-1,-1,-1,-1
2228,albion bowsprit,1428,-1,-1,-1,-1,-1,-1,-1,-1,-1
2229,cyan orb,1429,-1,-1,-1,-1,-1,-1,-1,-1,-1
2230,whistle,1430,-1,-1,-1,-1,-1,-1,-1,-1,-1
2231,toy sword,1431,-1,-1,-1,-1,-1,-1,-1,-1,-1
2232,lamp,1432,-1,-1,-1,-1,-1,-1,-1,-1,-1
2233,shelf bracket,1433,-1,-1,-1,-1,-1,-1,-1,-1,-1
2234,hinge,1434,-1,-1,-1,-1,-1,-1,-1,-1,-1
2235,rag doll,1435,-1,-1,-1,-1,-1,-1,-1,-1,-1
2236,marionette,1436,-1,-1,-1,-1,-1,-1,-1,-1,-1
2237,scarf,1437,-1,-1,-1,-1,-1,-1,-1,-1,-1
2238,pillow,1438,-1,-1,-1,-1,-1,-1,-1,-1,-1
2239,bloodstone,1439,-1,-1,-1,-1,-1,-1,-1,-1,-1
2240,artifact belt,1440,8,-1,-1,-1,-1,-1,-1,-1,-1
2241,artifact bracer,1441,8,-1,-1,-1,-1,-1,-1,-1,-1
2242,artifact jewel,1442,8,-1,-1,-1,-1,-1,-1,-1,-1
2243,artifact necklace,1443,8,-1,-1,-1,-1,-1,-1,-1,-1
2244,artifact ring,1444,8,-1,-1,-1,-1,-1,-1,-1,-1
2245,ballista,1445,-1,-1,-1,-1,-1,-1,-1,-1,-1
2246,ram,1446,-1,-1,-1,-1,-1,-1,-1,-1,-1
2247,trebuchet,1447,-1,-1,-1,-1,-1,-1,-1,-1,-1
2248,catapult,1448,-1,-1,-1,-1,-1,-1,-1,-1,-1
2249,green gem ring,1449,-1,-1,-1,-1,-1,-1,-1,-1,-1
2250,red gem ring,1450,-1,-1,-1,-1,-1,-1,-1,-1,-1
2251,blue gem ring,1451,-1,-1,-1,-1,-1,-1,-1,-1,-1
2252,white gem ring,1452,-1,-1,-1,-1,-1,-1,-1,-1,-1
2253,pink gem ring,1453,-1,-1,-1,-1,-1,-1,-1,-1,-1
2254,yellow gem ring,1454,-1,-1,-1,-1,-1,-1,-1,-1,-1
2255,cyan gem ring,1455,-1,-1,-1,-1,-1,-1,-1,-1,-1
2256,black poison vial,1456,-1,-1,-1,-1,-1,-1,-1,-1,-1
2257,purple poison vial,1457,-1,-1,-1,-1,-1,-1,-1,-1,-1
2258,yellow poison vial,1458,-1,-1,-1,-1,-1,-1,-1,-1,-1
2259,blue poison vial,1459,-1,-1,-1,-1,-1,-1,-1,-1,-1
2260,cyan poison vial,1460,-1,-1,-1,-1,-1,-1,-1,-1,-1
2261,cyan potion,1461,-1,-1,-1,-1,-1,-1,-1,-1,-1
2262,green potion,1462,-1,-1,-1,-1,-1,-1,-1,-1,-1
2263,yellow potion,1463,-1,-1,-1,-1,-1,-1,-1,-1,-1
2264,orange potion,1464,-1,-1,-1,-1,-1,-1,-1,-1,-1
2265,red potion,1465,-1,-1,-1,-1,-1,-1,-1,-1,-1
2266,purple potion,1466,-1,-1,-1,-1,-1,-1,-1,-1,-1
2267,blue potion,1467,-1,-1,-1,-1,-1,-1,-1,-1,-1
2268,rainbow potion,1468,-1,-1,-1,-1,-1,-1,-1,-1,-1
2269,aurulite,1469,-1,-1,-1,-1,-1,-1,-1,-1,-1
2270,greek fire,1470,-1,-1,-1,-1,-1,-1,-1,-1,-1
2271,ice boulder,1471,-1,-1,-1,-1,-1,-1,-1,-1,-1
2272,animal carcass,1472,-1,-1,-1,-1,-1,-1,-1,-1,-1
2273,boiling oil,1473,-1,-1,-1,-1,-1,-1,-1,-1,-1
2274,blank,1474,-1,-1,-1,-1,-1,-1,-1,-1,-1
2275,artifact serpent,1475,8,-1,-1,-1,-1,-1,-1,-1,-1
2276,crocodile's tooth,1476,8,-1,-1,-1,-1,-1,-1,-1,-1
2277,serpent whip,1477,8,-1,-1,-1,-1,-1,-1,-1,-1
2278,scorpion greaves,1478,8,-1,-1,-1,-1,-1,-1,-1,-1
2279,traitor's dagger,1479,8,-1,-1,-1,-1,-1,-1,-1,-1
2280,tartaro's gift,1480,8,-1,-1,-1,-1,-1,-1,-1,-1
2281,trident of the gods,1481,8,-1,-1,-1,-1,-1,-1,-1,-1
2282,staff of the oracle,1482,8,-1,-1,-1,-1,-1,-1,-1,-1
2283,spear of kings,1483,8,-1,-1,-1,-1,-1,-1,-1,-1
2284,golden spear,1484,8,-1,-1,-1,-1,-1,-1,-1,-1
2285,meritorious scepter,1485,8,-1,-1,-1,-1,-1,-1,-1,-1
2286,toa sword,1486,8,-1,-1,-1,-1,-1,-1,-1,-1
2287,battler sword,1487,8,-1,-1,-1,-1,-1,-1,-1,-1
2288,serpent scythe,1488,8,-1,-1,-1,-1,-1,-1,-1,-1
2289,malice axe,1489,8,-1,-1,-1,-1,-1,-1,-1,-1
2290,croc tooth axe,1490,8,-1,-1,-1,-1,-1,-1,-1,-1
2291,bruiser hammer,1491,8,-1,-1,-1,-1,-1,-1,-1,-1
2292,malice hammer,1492,8,-1,-1,-1,-1,-1,-1,-1,-1
2293,braggart's bow,1493,8,-1,-1,-1,-1,-1,-1,-1,-1
2294,fool's bow,1494,8,-1,-1,-1,-1,-1,-1,-1,-1
2295,crown of zahur,1495,8,-1,-1,-1,-1,-1,-1,-1,-1
2296,winged helm,1496,8,-1,-1,-1,-1,-1,-1,-1,-1
2297,shield of khaos,1497,8,-1,-1,-1,-1,-1,-1,-1,-1
2298,aten's shield,1498,8,-1,-1,-1,-1,-1,-1,-1,-1
2299,cyclop's eye,1499,8,-1,-1,-1,-1,-1,-1,-1,-1
2300,iconname,19,-1,-1,-1,-1,-1,-1,-1,-1,121
2301,iconname,19,0,-1,-1,-1,-1,-1,-1,-1,122
2302,iconname,19,1,-1,-1,-1,-1,-1,-1,-1,123
2303,iconname,19,2,-1,-1,-1,-1,-1,-1,-1,124
2304,iconname,19,3,-1,-1,-1,-1,-1,-1,-1,125
2305,iconname,101,-1,-1,-1,-1,-1,-1,-1,-1,114
2306,iconname,101,0,-1,-1,-1,-1,-1,-1,-1,115
2307,iconname,101,1,-1,-1,-1,-1,-1,-1,-1,116
2308,iconname,101,2,-1,-1,-1,-1,-1,-1,-1,117
2309,iconname,101,3,-1,-1,-1,-1,-1,-1,-1,118
2310,iconname,159,-1,-1,-1,-1,-1,-1,-1,-1,121
2311,iconname,159,0,-1,-1,-1,-1,-1,-1,-1,122
2312,iconname,159,1,-1,-1,-1,-1,-1,-1,-1,123
2313,iconname,159,2,-1,-1,-1,-1,-1,-1,-1,124
2314,iconname,159,3,-1,-1,-1,-1,-1,-1,-1,125
2315,iconname,150,-1,-1,-1,-1,-1,-1,-1,-1,100
2316,iconname,150,0,-1,-1,-1,-1,-1,-1,-1,101
2317,iconname,150,1,-1,-1,-1,-1,-1,-1,-1,102
2318,iconname,150,2,-1,-1,-1,-1,-1,-1,-1,103
2319,iconname,150,3,-1,-1,-1,-1,-1,-1,-1,104
2320,iconname,0,-1,-1,-1,-1,-1,-1,-1,-1,121
2321,iconname,0,0,-1,-1,-1,-1,-1,-1,-1,122
2322,iconname,0,1,-1,-1,-1,-1,-1,-1,-1,123
2323,iconname,192,2,-1,-1,-1,-1,-1,-1,-1,124
2324,iconname,192,3,-1,-1,-1,-1,-1,-1,-1,125
2325,iconname,2,-1,-1,-1,-1,-1,-1,-1,-1,-1
2326,iconname,2,0,-1,-1,-1,-1,-1,-1,-1,-1
2327,iconname,2,1,-1,-1,-1,-1,-1,-1,-1,-1
2328,iconname,2,2,-1,-1,-1,-1,-1,-1,-1,-1
2329,iconname,2,3,-1,-1,-1,-1,-1,-1,-1,-1
2330,iconname,133,-1,-1,-1,-1,-1,-1,-1,-1,114
2331,iconname,133,0,-1,-1,-1,-1,-1,-1,-1,115
2332,iconname,133,1,-1,-1,-1,-1,-1,-1,-1,116
2333,iconname,133,2,-1,-1,-1,-1,-1,-1,-1,117
2334,iconname,133,3,-1,-1,-1,-1,-1,-1,-1,118
2335,iconname,12,-1,-1,-1,-1,-1,-1,-1,-1,-1
2336,iconname,12,0,-1,-1,-1,-1,-1,-1,-1,-1
2337,iconname,12,1,-1,-1,-1,-1,-1,-1,-1,-1
2338,iconname,12,2,-1,-1,-1,-1,-1,-1,-1,-1
2339,iconname,12,3,-1,-1,-1,-1,-1,-1,-1,-1
2340,iconname,0,-1,-1,-1,-1,-1,-1,-1,-1,100
2341,iconname,0,0,-1,-1,-1,-1,-1,-1,-1,101
2342,iconname,140,1,-1,-1,-1,-1,-1,-1,-1,102
2343,iconname,140,2,-1,-1,-1,-1,-1,-1,-1,103
2344,iconname,140,3,-1,-1,-1,-1,-1,-1,-1,104
2345,iconname,11,-1,-1,-1,-1,-1,-1,-1,-1,121
2346,iconname,11,0,-1,-1,-1,-1,-1,-1,-1,122
2347,iconname,11,1,-1,-1,-1,-1,-1,-1,-1,123
2348,iconname,11,2,-1,-1,-1,-1,-1,-1,-1,124
2349,iconname,11,3,-1,-1,-1,-1,-1,-1,-1,125
2350,iconname,161,-1,-1,-1,-1,-1,-1,-1,-1,-1
2351,iconname,161,0,-1,-1,-1,-1,-1,-1,-1,-1
2352,iconname,161,1,-1,-1,-1,-1,-1,-1,-1,-1
2353,iconname,161,2,-1,-1,-1,-1,-1,-1,-1,-1
2354,iconname,161,3,-1,-1,-1,-1,-1,-1,-1,-1
2355,iconname,118,-1,-1,-1,-1,-1,-1,-1,-1,-1
2356,iconname,118,0,-1,-1,-1,-1,-1,-1,-1,-1
2357,iconname,118,1,-1,-1,-1,-1,-1,-1,-1,-1
2358,iconname,118,2,-1,-1,-1,-1,-1,-1,-1,-1
2359,iconname,118,3,-1,-1,-1,-1,-1,-1,-1,-1
2360,Bard Self Endo Gray,171,-1,-1,-1,-1,-1,-1,-1,-1,114
2361,Bard Self Endo Green,171,0,-1,-1,-1,-1,-1,-1,-1,115
2362,Bard Self Endo Blue,171,1,-1,-1,-1,-1,-1,-1,-1,116
2363,Bard Self Endo Yellow,171,2,-1,-1,-1,-1,-1,-1,-1,117
2364,Bard Self Endo Red,171,3,-1,-1,-1,-1,-1,-1,-1,118
2365,iconname,94,-1,-1,-1,-1,-1,-1,-1,-1,-1
2366,iconname,94,0,-1,-1,-1,-1,-1,-1,-1,-1
2367,iconname,94,1,-1,-1,-1,-1,-1,-1,-1,-1
2368,iconname,94,2,-1,-1,-1,-1,-1,-1,-1,-1
2369,iconname,94,3,-1,-1,-1,-1,-1,-1,-1,-1
2370,iconname,146,-1,-1,-1,-1,-1,-1,-1,-1,-1
2371,iconname,146,0,-1,-1,-1,-1,-1,-1,-1,-1
2372,iconname,146,1,-1,-1,-1,-1,-1,-1,-1,-1
2373,iconname,146,2,-1,-1,-1,-1,-1,-1,-1,-1
2374,iconname,146,3,-1,-1,-1,-1,-1,-1,-1,-1
2375,iconname,28,-1,-1,-1,-1,-1,-1,-1,-1,121
2376,iconname,28,0,-1,-1,-1,-1,-1,-1,-1,122
2377,iconname,28,1,-1,-1,-1,-1,-1,-1,-1,123
2378,iconname,28,2,-1,-1,-1,-1,-1,-1,-1,124
2379,iconname,28,3,-1,-1,-1,-1,-1,-1,-1,125
2380,iconname,160,-1,-1,-1,-1,-1,-1,-1,-1,100
2381,iconname,160,0,-1,-1,-1,-1,-1,-1,-1,101
2382,iconname,160,1,-1,-1,-1,-1,-1,-1,-1,102
2383,iconname,160,2,-1,-1,-1,-1,-1,-1,-1,103
2384,iconname,160,3,-1,-1,-1,-1,-1,-1,-1,104
2385,iconname,128,-1,-1,-1,-1,-1,-1,-1,-1,-1
2386,iconname,128,0,-1,-1,-1,-1,-1,-1,-1,-1
2387,iconname,128,1,-1,-1,-1,-1,-1,-1,-1,-1
2388,iconname,128,2,-1,-1,-1,-1,-1,-1,-1,-1
2389,iconname,128,3,-1,-1,-1,-1,-1,-1,-1,-1
2390,iconname,74,-1,-1,-1,-1,-1,-1,-1,-1,121
2391,iconname,74,0,-1,-1,-1,-1,-1,-1,-1,122
2392,iconname,74,1,-1,-1,-1,-1,-1,-1,-1,123
2393,iconname,74,2,-1,-1,-1,-1,-1,-1,-1,124
2394,iconname,74,3,-1,-1,-1,-1,-1,-1,-1,125
2395,iconname,128,-1,-1,-1,-1,-1,-1,-1,-1,121
2396,iconname,128,0,-1,-1,-1,-1,-1,-1,-1,122
2397,iconname,128,1,-1,-1,-1,-1,-1,-1,-1,123
2398,iconname,128,2,-1,-1,-1,-1,-1,-1,-1,124
2399,iconname,128,3,-1,-1,-1,-1,-1,-1,-1,125
2400,Alb Duelists Dagger Air,1000,-1,-1,-1,-1,-1,-1,-1,-1,-1
2401,Alb Duelists Dagger Earth,1001,-1,-1,-1,-1,-1,-1,-1,-1,-1
2402,Alb Duelists Dagger Fire,1002,-1,-1,-1,-1,-1,-1,-1,-1,-1
2403,Alb Duelists Dagger Water,1003,-1,-1,-1,-1,-1,-1,-1,-1,-1
2404,Alb Duelists Rapier Air,1004,-1,-1,-1,-1,-1,-1,-1,-1,-1
2405,Alb Duelists Rapier Earth,1005,-1,-1,-1,-1,-1,-1,-1,-1,-1
2406,Alb Duelists Rapier Fire,1006,-1,-1,-1,-1,-1,-1,-1,-1,-1
2407,Alb Duelists Rapier Water,1007,-1,-1,-1,-1,-1,-1,-1,-1,-1
2408,Alb Xbo Skinners Crossbow Air,1008,-1,-1,-1,-1,-1,-1,-1,-1,-1
2409,Alb Xbo Skinners Crossbow Earth,1009,-1,-1,-1,-1,-1,-1,-1,-1,-1
2410,Alb Xbo Skinners Crossbow Fire,1010,-1,-1,-1,-1,-1,-1,-1,-1,-1
2411,Alb Xbo Skinners Crossbow Water,1011,-1,-1,-1,-1,-1,-1,-1,-1,-1
2412,Albion Mage Staff 01 Air,1012,-1,-1,-1,-1,-1,-1,-1,-1,-1
2413,Albion Mage Staff 01 Earth,1013,-1,-1,-1,-1,-1,-1,-1,-1,-1
2414,Albion Mage Staff 01 Fire,1014,-1,-1,-1,-1,-1,-1,-1,-1,-1
2415,Albion Mage Staff 01 Water,1015,-1,-1,-1,-1,-1,-1,-1,-1,-1
2416,Hib Elven Firbolg L Sword Air,1016,-1,-1,-1,-1,-1,-1,-1,-1,-1
2417,Hib Elven Firbolg L Sword Earth,1017,-1,-1,-1,-1,-1,-1,-1,-1,-1
2418,Hib Elven Firbolg L Sword Fire,1018,-1,-1,-1,-1,-1,-1,-1,-1,-1
2419,Hib Elven Firbolg L Sword Water,1019,-1,-1,-1,-1,-1,-1,-1,-1,-1
2420,Hib Elven Firbolg S Sword Air,1020,-1,-1,-1,-1,-1,-1,-1,-1,-1
2421,Hib Elven Firbolg S Sword Earth,1021,-1,-1,-1,-1,-1,-1,-1,-1,-1
2422,Hib Elven Firbolg S Sword Fire,1022,-1,-1,-1,-1,-1,-1,-1,-1,-1
2423,Hib Elven Firbolg S Sword Water,1023,-1,-1,-1,-1,-1,-1,-1,-1,-1
2424,Hib 2H Firbolg Hammer Air,1024,-1,-1,-1,-1,-1,-1,-1,-1,-1
2425,Hib 2H Firbolg Hammer Earth,1025,-1,-1,-1,-1,-1,-1,-1,-1,-1
2426,Hib 2H Firbolg Hammer Fire,1026,-1,-1,-1,-1,-1,-1,-1,-1,-1
2427,Hib 2H Firbolg Hammer Water,1027,-1,-1,-1,-1,-1,-1,-1,-1,-1
2428,Hib 2H Firbolg Troll Splitter Air,1028,-1,-1,-1,-1,-1,-1,-1,-1,-1
2429,Hib 2H Firbolg Troll Splitter Earth,1029,-1,-1,-1,-1,-1,-1,-1,-1,-1
2430,Hib 2H Firbolg Troll Splitter Fire,1030,-1,-1,-1,-1,-1,-1,-1,-1,-1
2431,Hib 2H Firbolg Troll Splitter Water,1031,-1,-1,-1,-1,-1,-1,-1,-1,-1
2432,Hib Celtic Hammer Air,1032,-1,-1,-1,-1,-1,-1,-1,-1,-1
2433,Hib Celtic Hammer Earth,1033,-1,-1,-1,-1,-1,-1,-1,-1,-1
2434,Hib Celtic Hammer Fire,1034,-1,-1,-1,-1,-1,-1,-1,-1,-1
2435,Hib Celtic Hammer Water,1035,-1,-1,-1,-1,-1,-1,-1,-1,-1
2436,Hib Firbolg Hammer Air,1036,-1,-1,-1,-1,-1,-1,-1,-1,-1
2437,Hib Firbolg Hammer Earth,1037,-1,-1,-1,-1,-1,-1,-1,-1,-1
2438,Hib Firbolg Hammer Fire,1038,-1,-1,-1,-1,-1,-1,-1,-1,-1
2439,Hib Firbolg Hammer Water,1039,-1,-1,-1,-1,-1,-1,-1,-1,-1
2440,Hib Elven Long Bow Air,1040,-1,-1,-1,-1,-1,-1,-1,-1,-1
2441,Hib Elven Long Bow Earth,1041,-1,-1,-1,-1,-1,-1,-1,-1,-1
2442,Hib Elven Long Bow Fire,1042,-1,-1,-1,-1,-1,-1,-1,-1,-1
2443,Hib Elven Long Bow Water,1043,-1,-1,-1,-1,-1,-1,-1,-1,-1
2444,Hib Elven Short Bow Air,1044,-1,-1,-1,-1,-1,-1,-1,-1,-1
2445,Hib Elven Short Bow Earth,1045,-1,-1,-1,-1,-1,-1,-1,-1,-1
2446,Hib Elven Short Bow Fire,1046,-1,-1,-1,-1,-1,-1,-1,-1,-1
2447,Hib Elven Short Bow Water,1047,-1,-1,-1,-1,-1,-1,-1,-1,-1
2448,Hib Firbolg Scythe Air,1048,-1,-1,-1,-1,-1,-1,-1,-1,-1
2449,Hib Firbolg Scythe Earth,1049,-1,-1,-1,-1,-1,-1,-1,-1,-1
2450,Hib Firbolg Scythe Fire,1050,-1,-1,-1,-1,-1,-1,-1,-1,-1
2451,Hib Firbolg Scythe Water,1051,-1,-1,-1,-1,-1,-1,-1,-1,-1
2452,Hib Firbolg Spear Air,1052,-1,-1,-1,-1,-1,-1,-1,-1,-1
2453,Hib Firbolg Spear Earth,1053,-1,-1,-1,-1,-1,-1,-1,-1,-1
2454,Hib Firbolg Spear Fire,1054,-1,-1,-1,-1,-1,-1,-1,-1,-1
2455,Hib Firbolg Spear Water,1055,-1,-1,-1,-1,-1,-1,-1,-1,-1
2456,Hib Firbolg Adze Air,1056,-1,-1,-1,-1,-1,-1,-1,-1,-1
2457,Hib Firbolg Adze Earth,1057,-1,-1,-1,-1,-1,-1,-1,-1,-1
2458,Hib Firbolg Adze Fire,1058,-1,-1,-1,-1,-1,-1,-1,-1,-1
2459,Hib Firbolg Adze Water,1059,-1,-1,-1,-1,-1,-1,-1,-1,-1
2460,Hib War Adze Air,1060,-1,-1,-1,-1,-1,-1,-1,-1,-1
2461,Hib War Adze Earth,1061,-1,-1,-1,-1,-1,-1,-1,-1,-1
2462,Hib War Adze Fire,1062,-1,-1,-1,-1,-1,-1,-1,-1,-1
2463,Hib War Adze Water,1063,-1,-1,-1,-1,-1,-1,-1,-1,-1
2464,Hib Staff 06 Air,1064,-1,-1,-1,-1,-1,-1,-1,-1,-1
2465,Hib Staff 06 Earth,1065,-1,-1,-1,-1,-1,-1,-1,-1,-1
2466,Hib Staff 06 Fire,1066,-1,-1,-1,-1,-1,-1,-1,-1,-1
2467,Hib Staff 06 Water,1067,-1,-1,-1,-1,-1,-1,-1,-1,-1
2468,GreatBladedClawGreave Air,1068,-1,-1,-1,-1,-1,-1,-1,-1,-1
2469,GreatBladedClawGreave Earth,1069,-1,-1,-1,-1,-1,-1,-1,-1,-1
2470,GreatBladedClawGreave Fire,1070,-1,-1,-1,-1,-1,-1,-1,-1,-1
2471,GreatBladedClawGreave Water,1071,-1,-1,-1,-1,-1,-1,-1,-1,-1
2472,GreatBladedFangGreave Air,1072,-1,-1,-1,-1,-1,-1,-1,-1,-1
2473,GreatBladedFangGreave Earth,1073,-1,-1,-1,-1,-1,-1,-1,-1,-1
2474,GreatBladedFangGreave Fire,1074,-1,-1,-1,-1,-1,-1,-1,-1,-1
2475,GreatBladedFangGreave Water,1075,-1,-1,-1,-1,-1,-1,-1,-1,-1
2476,Dwarven 1H War Axe Air,1076,-1,-1,-1,-1,-1,-1,-1,-1,-1
2477,Dwarven 1H War Axe Earth,1077,-1,-1,-1,-1,-1,-1,-1,-1,-1
2478,Dwarven 1H War Fire,1078,-1,-1,-1,-1,-1,-1,-1,-1,-1
2479,Dwarven 1H War Water,1079,-1,-1,-1,-1,-1,-1,-1,-1,-1
2480,Troll 1H Broad Sword Air,1080,-1,-1,-1,-1,-1,-1,-1,-1,-1
2481,Troll 1H Broad Sword Earth,1081,-1,-1,-1,-1,-1,-1,-1,-1,-1
2482,Troll 1H Broad Sword Fire,1082,-1,-1,-1,-1,-1,-1,-1,-1,-1
2483,Troll 1H Broad Sword Water,1083,-1,-1,-1,-1,-1,-1,-1,-1,-1
2484,Troll 1H War Axe Air,1084,-1,-1,-1,-1,-1,-1,-1,-1,-1
2485,Troll 1H War Axe Earth,1085,-1,-1,-1,-1,-1,-1,-1,-1,-1
2486,Troll 1H War Axe Fire,1086,-1,-1,-1,-1,-1,-1,-1,-1,-1
2487,Troll 1H War Axe Water,1087,-1,-1,-1,-1,-1,-1,-1,-1,-1
2488,Troll 1H War Hammer Air,1088,-1,-1,-1,-1,-1,-1,-1,-1,-1
2489,Troll 1H War Hammer Earth,1089,-1,-1,-1,-1,-1,-1,-1,-1,-1
2490,Troll 1H War Hammer Fire,1090,-1,-1,-1,-1,-1,-1,-1,-1,-1
2491,Troll 1H War Hammer Water,1091,-1,-1,-1,-1,-1,-1,-1,-1,-1
2492,Dwarven Spear Air,1092,-1,-1,-1,-1,-1,-1,-1,-1,-1
2493,Dwarven Spear Earth,1093,-1,-1,-1,-1,-1,-1,-1,-1,-1
2494,Dwarven Spear Fire,1094,-1,-1,-1,-1,-1,-1,-1,-1,-1
2495,Dwarven Spear Water,1095,-1,-1,-1,-1,-1,-1,-1,-1,-1
2496,Kobold Great Axe Air,1096,-1,-1,-1,-1,-1,-1,-1,-1,-1
2497,Kobold Great Earth,1097,-1,-1,-1,-1,-1,-1,-1,-1,-1
2498,Kobold Great Axe Fire,1098,-1,-1,-1,-1,-1,-1,-1,-1,-1
2499,Kobold Great Water,1099,-1,-1,-1,-1,-1,-1,-1,-1,-1
2500,Kobold 2H Great Club Air,1100,-1,-1,-1,-1,-1,-1,-1,-1,-1
2501,Kobold 2H Great Club Earth,1101,-1,-1,-1,-1,-1,-1,-1,-1,-1
2502,Kobold 2H Great Club Fire,1102,-1,-1,-1,-1,-1,-1,-1,-1,-1
2503,Kobold 2H Great Club Water,1103,-1,-1,-1,-1,-1,-1,-1,-1,-1
2504,Kobold Great Sword Air,1104,-1,-1,-1,-1,-1,-1,-1,-1,-1
2505,Kobold Great Sword Earth,1105,-1,-1,-1,-1,-1,-1,-1,-1,-1
2506,Kobold Great Sword Fire,1106,-1,-1,-1,-1,-1,-1,-1,-1,-1
2507,Kobold Great Sword Water,1107,-1,-1,-1,-1,-1,-1,-1,-1,-1
2508,Viking Beared Bow Air,1108,-1,-1,-1,-1,-1,-1,-1,-1,-1
2509,Viking Beared Bow Earth,1109,-1,-1,-1,-1,-1,-1,-1,-1,-1
2510,Viking Beared Bow Fire,1110,-1,-1,-1,-1,-1,-1,-1,-1,-1
2511,Viking Beared Bow Water,1111,-1,-1,-1,-1,-1,-1,-1,-1,-1
2512,Mid Staff 04 Air,1112,-1,-1,-1,-1,-1,-1,-1,-1,-1
2513,Mid Staff 04 Earth,1113,-1,-1,-1,-1,-1,-1,-1,-1,-1
2514,Mid Staff 04 Fire,1114,-1,-1,-1,-1,-1,-1,-1,-1,-1
2515,Mid Staff 04 Water,1115,-1,-1,-1,-1,-1,-1,-1,-1,-1
2516,TOA_In_Harp,1116,-1,-1,-1,-1,-1,-1,-1,-1,-1
2517,alt hand axe,1117,-1,-1,-1,-1,-1,-1,-1,-1,-1
2518,alt short sword,1118,-1,-1,-1,-1,-1,-1,-1,-1,-1
2519,alt broad sword,1119,-1,-1,-1,-1,-1,-1,-1,-1,-1
2520,alt long sword,1120,-1,-1,-1,-1,-1,-1,-1,-1,-1
2521,alt two handed sword,1121,-1,-1,-1,-1,-1,-1,-1,-1,-1
2522,alt bill,1122,-1,-1,-1,-1,-1,-1,-1,-1,-1
2523,alt staff,1123,-1,-1,-1,-1,-1,-1,-1,-1,-1
2524,alt two handed hammer,1124,-1,-1,-1,-1,-1,-1,-1,-1,-1
2525,alt mace,1125,-1,-1,-1,-1,-1,-1,-1,-1,-1
2526,alt flanged mace,1126,-1,-1,-1,-1,-1,-1,-1,-1,-1
2527,alt hammer,1127,-1,-1,-1,-1,-1,-1,-1,-1,-1
2528,alt pick,1128,-1,-1,-1,-1,-1,-1,-1,-1,-1
2529,alt double bladed axe,1129,-1,-1,-1,-1,-1,-1,-1,-1,-1
2530,alt great hammer,1130,-1,-1,-1,-1,-1,-1,-1,-1,-1
2531,alt bow,1131,-1,-1,-1,-1,-1,-1,-1,-1,-1
2532,alt chain/flail,1132,-1,-1,-1,-1,-1,-1,-1,-1,-1
2533,alt scythe,1133,-1,-1,-1,-1,-1,-1,-1,-1,-1
2534,alt lochaber axe,1134,-1,-1,-1,-1,-1,-1,-1,-1,-1
2535,alt friar staff,1135,-1,-1,-1,-1,-1,-1,-1,-1,-1
2536,alt harp,1136,-1,-1,-1,-1,-1,-1,-1,-1,-1
2537,mauler staff air,1137,-1,-1,-1,-1,-1,-1,-1,-1,-1
2538,mauler staff earth,1138,-1,-1,-1,-1,-1,-1,-1,-1,-1
2539,mauler staff fire,1139,-1,-1,-1,-1,-1,-1,-1,-1,-1
2540,mauler staff water,1140,-1,-1,-1,-1,-1,-1,-1,-1,-1
2541,alt mauler staff 1,1141,-1,-1,-1,-1,-1,-1,-1,-1,-1
2542,FistWrapGreave Air,1142,-1,-1,-1,-1,-1,-1,-1,-1,-1
2543,FistWrapGreave Earth,1143,-1,-1,-1,-1,-1,-1,-1,-1,-1
2544,FistWrapGreave Fire,1144,-1,-1,-1,-1,-1,-1,-1,-1,-1
2545,FistWrapGreave Water,1145,-1,-1,-1,-1,-1,-1,-1,-1,-1
2546,alt fist wrap 1,1146,-1,-1,-1,-1,-1,-1,-1,-1,-1
2547,alt fist wrap 2,1147,-1,-1,-1,-1,-1,-1,-1,-1,-1
2548,alt mauler staff 2,1148,-1,-1,-1,-1,-1,-1,-1,-1,-1
2549,vday hearts,1149,-1,-1,-1,-1,-1,-1,-1,-1,-1
2550,vday bolts,1150,-1,-1,-1,-1,-1,-1,-1,-1,-1
2551,blank,1151,-1,-1,-1,-1,-1,-1,-1,-1,-1
2552,blank,1152,-1,-1,-1,-1,-1,-1,-1,-1,-1
2553,blank,1153,-1,-1,-1,-1,-1,-1,-1,-1,-1
2554,blank,1154,-1,-1,-1,-1,-1,-1,-1,-1,-1
2555,blank,1155,-1,-1,-1,-1,-1,-1,-1,-1,-1
2556,blank,1156,-1,-1,-1,-1,-1,-1,-1,-1,-1
2557,blank,1157,-1,-1,-1,-1,-1,-1,-1,-1,-1
2558,blank,1158,-1,-1,-1,-1,-1,-1,-1,-1,-1
2559,blank,1159,-1,-1,-1,-1,-1,-1,-1,-1,-1
2560,blank,1160,-1,-1,-1,-1,-1,-1,-1,-1,-1
2561,blank,1161,-1,-1,-1,-1,-1,-1,-1,-1,-1
2562,blank,1162,-1,-1,-1,-1,-1,-1,-1,-1,-1
2563,blank,1163,-1,-1,-1,-1,-1,-1,-1,-1,-1
2564,blank,1164,-1,-1,-1,-1,-1,-1,-1,-1,-1
2565,blank,1165,-1,-1,-1,-1,-1,-1,-1,-1,-1
2566,blank,1166,-1,-1,-1,-1,-1,-1,-1,-1,-1
2567,blank,1167,-1,-1,-1,-1,-1,-1,-1,-1,-1
2568,blank,1168,-1,-1,-1,-1,-1,-1,-1,-1,-1
2569,blank,1169,-1,-1,-1,-1,-1,-1,-1,-1,-1
2570,blank,1170,-1,-1,-1,-1,-1,-1,-1,-1,-1
2571,blank,1171,-1,-1,-1,-1,-1,-1,-1,-1,-1
2572,blank,1172,-1,-1,-1,-1,-1,-1,-1,-1,-1
2573,blank,1173,-1,-1,-1,-1,-1,-1,-1,-1,-1
2574,blank,1174,-1,-1,-1,-1,-1,-1,-1,-1,-1
2575,blank,1175,-1,-1,-1,-1,-1,-1,-1,-1,-1
2576,blank,1176,-1,-1,-1,-1,-1,-1,-1,-1,-1
2577,blank,1177,-1,-1,-1,-1,-1,-1,-1,-1,-1
2578,blank,1178,-1,-1,-1,-1,-1,-1,-1,-1,-1
2579,blank,1179,-1,-1,-1,-1,-1,-1,-1,-1,-1
2580,blank,1180,-1,-1,-1,-1,-1,-1,-1,-1,-1
2581,blank,1181,-1,-1,-1,-1,-1,-1,-1,-1,-1
2582,blank,1182,-1,-1,-1,-1,-1,-1,-1,-1,-1
2583,blank,1183,-1,-1,-1,-1,-1,-1,-1,-1,-1
2584,blank,1184,-1,-1,-1,-1,-1,-1,-1,-1,-1
2585,blank,1185,-1,-1,-1,-1,-1,-1,-1,-1,-1
2586,blank,1186,-1,-1,-1,-1,-1,-1,-1,-1,-1
2587,blank,1187,-1,-1,-1,-1,-1,-1,-1,-1,-1
2588,blank,1188,-1,-1,-1,-1,-1,-1,-1,-1,-1
2589,blank,1189,-1,-1,-1,-1,-1,-1,-1,-1,-1
2590,blank,1190,-1,-1,-1,-1,-1,-1,-1,-1,-1
2591,blank,1191,-1,-1,-1,-1,-1,-1,-1,-1,-1
2592,blank,1192,-1,-1,-1,-1,-1,-1,-1,-1,-1
2593,blank,1193,-1,-1,-1,-1,-1,-1,-1,-1,-1
2594,blank,1194,-1,-1,-1,-1,-1,-1,-1,-1,-1
2595,blank,1195,-1,-1,-1,-1,-1,-1,-1,-1,-1
2596,blank,1196,-1,-1,-1,-1,-1,-1,-1,-1,-1
2597,blank,1197,-1,-1,-1,-1,-1,-1,-1,-1,-1
2598,blank,1198,-1,-1,-1,-1,-1,-1,-1,-1,-1
2599,blank,1199,-1,-1,-1,-1,-1,-1,-1,-1,-1
2600,iconname,277,4,-1,-1,-1,-1,-1,-1,-1,119
2601,iconname,277,4,-1,-1,-1,-1,-1,-1,-1,105
2602,Cowering Bellow,66,4,-1,-1,-1,-1,-1,-1,-1,189
2603,iconname,278,4,-1,-1,-1,-1,-1,-1,-1,133
2604,iconname,279,4,-1,-1,-1,-1,-1,-1,-1,-1
2605,iconname,280,4,-1,-1,-1,-1,-1,-1,-1,-1
2606,iconname,281,4,-1,-1,-1,-1,-1,-1,-1,105
2607,iconname,64,4,-1,-1,-1,-1,-1,-1,-1,119
2608,iconname,39,4,-1,-1,-1,-1,-1,-1,-1,126
2609,iconname,39,4,-1,-1,-1,-1,-1,-1,-1,-1
2610,iconname,282,4,-1,-1,-1,-1,-1,-1,-1,126
2611,iconname,282,4,-1,-1,-1,-1,-1,-1,-1,-1
2612,iconname,283,4,-1,-1,-1,-1,-1,-1,-1,126
2613,iconname,283,4,-1,-1,-1,-1,-1,-1,-1,-1
2614,iconname,25,4,-1,-1,-1,-1,-1,-1,-1,126
2615,iconname,25,4,-1,-1,-1,-1,-1,-1,-1,-1
2616,iconname,284,4,-1,-1,-1,-1,-1,-1,-1,-1
2617,iconname,285,4,-1,-1,-1,-1,-1,-1,-1,-1
2618,iconname,129,4,-1,-1,-1,-1,-1,-1,-1,189
2619,iconname,129,4,-1,-1,-1,-1,-1,-1,-1,126
2620,iconname,286,4,-1,-1,-1,-1,-1,-1,-1,168
2621,iconname,30,4,-1,-1,-1,-1,-1,-1,-1,126
2622,iconname,30,4,-1,-1,-1,-1,-1,-1,-1,-1
2623,iconname,0,4,-1,-1,-1,-1,-1,-1,-1,126
2624,iconname,0,4,-1,-1,-1,-1,-1,-1,-1,-1
2625,iconname,287,4,-1,-1,-1,-1,-1,-1,-1,105
2626,iconname,288,4,-1,-1,-1,-1,-1,-1,-1,133
2627,iconname,0,4,-1,-1,-1,-1,-1,-1,-1,-1
2628,iconname,289,4,-1,-1,-1,-1,-1,-1,-1,-1
2629,iconname,0,4,-1,-1,-1,-1,-1,-1,-1,-1
2630,iconname,290,4,-1,-1,-1,-1,-1,-1,-1,-1
2631,iconname,200,4,-1,-1,-1,-1,-1,-1,-1,-1
2632,iconname,0,4,-1,-1,-1,-1,-1,-1,-1,119
2633,iconname,291,4,-1,-1,-1,-1,-1,-1,-1,168
2634,iconname,292,4,-1,-1,-1,-1,-1,-1,-1,-1
2635,iconname,293,4,-1,-1,-1,-1,-1,-1,-1,-1
2636,iconname,293,4,-1,-1,-1,-1,-1,-1,-1,-1
2637,iconname,295,4,-1,-1,-1,-1,-1,-1,-1,119
2638,iconname,24,4,-1,-1,-1,-1,-1,-1,-1,105
2639,iconname,0,4,-1,-1,-1,-1,-1,-1,-1,133
2640,iconname,0,4,-1,-1,-1,-1,-1,-1,-1,168
2641,iconname,0,4,-1,-1,-1,-1,-1,-1,-1,-1
2642,iconname,0,4,-1,-1,-1,-1,-1,-1,-1,-1
2643,iconname,296,4,-1,-1,-1,-1,-1,-1,-1,126
2644,iconname,296,4,-1,-1,-1,-1,-1,-1,-1,-1
2645,iconname,297,4,-1,-1,-1,-1,-1,-1,-1,-1
2646,iconname,298,4,-1,-1,-1,-1,-1,-1,-1,119
2647,iconname,299,4,-1,-1,-1,-1,-1,-1,-1,119
2648,iconname,303,4,-1,-1,-1,-1,-1,-1,-1,-1
2649,iconname,300,4,-1,-1,-1,-1,-1,-1,-1,133
2650,iconname,0,4,-1,-1,-1,-1,-1,-1,-1,126
2651,iconname,301,4,-1,-1,-1,-1,-1,-1,-1,189
2652,iconname,301,4,-1,-1,-1,-1,-1,-1,-1,126
2653,iconname,302,4,-1,-1,-1,-1,-1,-1,-1,189
2654,iconname,302,4,-1,-1,-1,-1,-1,-1,-1,-1
2655,iconname,0,4,-1,-1,-1,-1,-1,-1,-1,-1
2656,iconname,218,4,-1,-1,-1,-1,-1,-1,-1,126
2657,iconname,218,4,-1,-1,-1,-1,-1,-1,-1,-1
2658,Cleansing Aura,73,4,-1,-1,-1,-1,-1,-1,-1,189
2659,iconname,301,4,-1,-1,-1,-1,-1,-1,-1,126
2660,iconname,210,4,-1,-1,-1,-1,-1,-1,-1,126
2661,iconname,11,4,-1,-1,-1,-1,-1,-1,-1,126
2662,iconname,304,4,-1,-1,-1,-1,-1,-1,-1,126
2663,iconname,30,4,-1,-1,-1,-1,-1,-1,-1,126
2664,Guided Strike,305,4,-1,-1,-1,-1,-1,-1,-1,189
2665,iconname,0,4,-1,-1,-1,-1,-1,-1,-1,-1
2666,Faultfinder,48,4,-1,-1,-1,-1,-1,-1,-1,119
2667,iconname,306,4,-1,-1,-1,-1,-1,-1,-1,119
2668,Bolstering Battlecry,307,4,-1,-1,-1,-1,-1,-1,-1,189
2669,iconname,0,4,-1,-1,-1,-1,-1,-1,-1,-1
2670,iconname,308,4,-1,-1,-1,-1,-1,-1,-1,133
2671,iconname,171,4,-1,-1,-1,-1,-1,-1,-1,126
2672,iconname,171,4,-1,-1,-1,-1,-1,-1,-1,126
2673,iconname,309,4,-1,-1,-1,-1,-1,-1,-1,126
2674,iconname,129,4,-1,-1,-1,-1,-1,-1,-1,-1
2675,iconname,129,4,-1,-1,-1,-1,-1,-1,-1,126
2676,Energizing Aura,310,4,-1,-1,-1,-1,-1,-1,-1,189
2677,iconname,203,4,-1,-1,-1,-1,-1,-1,-1,105
2678,iconname,48,4,-1,-1,-1,-1,-1,-1,-1,119
2679,iconname,74,4,-1,-1,-1,-1,-1,-1,-1,189
2680,iconname,74,4,-1,-1,-1,-1,-1,-1,-1,126
2681,iconname,0,4,-1,-1,-1,-1,-1,-1,-1,126
2682,iconname,233,4,-1,-1,-1,-1,-1,-1,-1,-1
2683,iconname,315,4,-1,-1,-1,-1,-1,-1,-1,126
2684,iconname,75,4,-1,-1,-1,-1,-1,-1,-1,126
2685,iconname,75,4,-1,-1,-1,-1,-1,-1,-1,-1
2686,iconname,311,4,-1,-1,-1,-1,-1,-1,-1,126
2687,iconname,312,4,-1,-1,-1,-1,-1,-1,-1,119
2688,iconname,313,4,-1,-1,-1,-1,-1,-1,-1,-1
2689,iconname,314,4,-1,-1,-1,-1,-1,-1,-1,126
2690,iconname,217,4,-1,-1,-1,-1,-1,-1,-1,126
2691,iconname,315,4,-1,-1,-1,-1,-1,-1,-1,126
2692,iconname,222,4,-1,-1,-1,-1,-1,-1,-1,119
2693,iconname,159,4,-1,-1,-1,-1,-1,-1,-1,119
2694,Leadership,316,4,-1,-1,-1,-1,-1,-1,-1,189
2695,iconname,317,4,-1,-1,-1,-1,-1,-1,-1,126
2696,iconname,318,4,-1,-1,-1,-1,-1,-1,-1,-1
2697,iconname,319,4,-1,-1,-1,-1,-1,-1,-1,119
2698,iconname,320,4,-1,-1,-1,-1,-1,-1,-1,119
2699,iconname,321,4,-1,-1,-1,-1,-1,-1,-1,189
2700,iconname,321,4,-1,-1,-1,-1,-1,-1,-1,126
2701,iconname,301,4,-1,-1,-1,-1,-1,-1,-1,126
2702,iconname,301,4,-1,-1,-1,-1,-1,-1,-1,-1
2703,iconname,322,4,-1,-1,-1,-1,-1,-1,-1,126
2704,iconname,322,4,-1,-1,-1,-1,-1,-1,-1,-1
2705,iconname,323,4,-1,-1,-1,-1,-1,-1,-1,126
2706,Warguard,324,4,-1,-1,-1,-1,-1,-1,-1,189
2707,Resillient Will,325,4,-1,-1,-1,-1,-1,-1,-1,189
2708,iconname,301,4,-1,-1,-1,-1,-1,-1,-1,126
2709,iconname,325,4,-1,-1,-1,-1,-1,-1,-1,-1
2710,iconname,306,4,-1,-1,-1,-1,-1,-1,-1,119
2711,iconname,308,4,-1,-1,-1,-1,-1,-1,-1,133
2712,iconname,301,4,-1,-1,-1,-1,-1,-1,-1,189
2713,iconname,295,4,-1,-1,-1,-1,-1,-1,-1,119
2714,iconname,300,4,-1,-1,-1,-1,-1,-1,-1,133
2715,iconname,294,4,-1,-1,-1,-1,-1,-1,-1,189
2716,iconname,303,4,-1,-1,-1,-1,-1,-1,-1,189
2717,iconname,318,4,-1,-1,-1,-1,-1,-1,-1,126
2718,iconname,291,4,-1,-1,-1,-1,-1,-1,-1,168
2719,Lithic Arrows,123,2,-1,-1,-1,-1,-1,-1,-1,117
2720,Pyroclasmic Arrows,75,2,-1,-1,-1,-1,-1,-1,-1,117
2721,Benthic Arrows,45,2,-1,-1,-1,-1,-1,-1,-1,117
2722,Tempestuous Arrows,90,2,-1,-1,-1,-1,-1,-1,-1,117
2723,Cooling Tendrils,99,-1,-1,-1,-1,-1,-1,-1,-1,-1
2724,Chilling Tendrils,99,0,-1,-1,-1,-1,-1,-1,-1,-1
2725,Frosting Tendrils,99,1,-1,-1,-1,-1,-1,-1,-1,123
2726,Numbing Tendrils,99,2,-1,-1,-1,-1,-1,-1,-1,124
2727,Freezing Tendrils,99,3,-1,-1,-1,-1,-1,-1,-1,125
2728,iconname,0,4,-1,-1,-1,-1,-1,-1,-1,-1
2729,iconname,0,4,-1,-1,-1,-1,-1,-1,-1,-1
2730,iconname,0,4,-1,-1,-1,-1,-1,-1,-1,-1
2731,iconname,0,4,-1,-1,-1,-1,-1,-1,-1,-1
2732,iconname,0,4,-1,-1,-1,-1,-1,-1,-1,-1
2733,iconname,0,4,-1,-1,-1,-1,-1,-1,-1,-1
2734,iconname,0,4,-1,-1,-1,-1,-1,-1,-1,-1
2735,iconname,0,4,-1,-1,-1,-1,-1,-1,-1,-1
2736,iconname,0,4,-1,-1,-1,-1,-1,-1,-1,-1
2737,iconname,0,4,-1,-1,-1,-1,-1,-1,-1,-1
2738,iconname,0,4,-1,-1,-1,-1,-1,-1,-1,-1
2739,iconname,0,4,-1,-1,-1,-1,-1,-1,-1,-1
2740,iconname,108,-1,-1,-1,-1,-1,-1,-1,-1,121
2741,iconname,108,0,-1,-1,-1,-1,-1,-1,-1,122
2742,iconname,108,1,-1,-1,-1,-1,-1,-1,-1,123
2743,iconname,108,2,-1,-1,-1,-1,-1,-1,-1,124
2744,iconname,108,3,-1,-1,-1,-1,-1,-1,-1,125
2745,iconname,15,-1,-1,-1,-1,-1,-1,-1,-1,177
2746,iconname,15,0,-1,-1,-1,-1,-1,-1,-1,178
2747,iconname,15,1,-1,-1,-1,-1,-1,-1,-1,179
2748,iconname,15,2,-1,-1,-1,-1,-1,-1,-1,180
2749,iconname,15,3,-1,-1,-1,-1,-1,-1,-1,181
2750,iconname,17,-1,-1,-1,-1,-1,-1,-1,-1,142
2751,iconname,17,0,-1,-1,-1,-1,-1,-1,-1,143
2752,iconname,17,1,-1,-1,-1,-1,-1,-1,-1,144
2753,iconname,17,2,-1,-1,-1,-1,-1,-1,-1,145
2754,iconname,17,3,-1,-1,-1,-1,-1,-1,-1,146
2755,iconname,156,-1,-1,-1,-1,-1,-1,-1,-1,-1
2756,iconname,156,0,-1,-1,-1,-1,-1,-1,-1,-1
2757,iconname,156,1,-1,-1,-1,-1,-1,-1,-1,-1
2758,iconname,156,2,-1,-1,-1,-1,-1,-1,-1,-1
2759,iconname,156,3,-1,-1,-1,-1,-1,-1,-1,-1
2760,iconname,99,-1,-1,-1,-1,-1,-1,-1,-1,121
2761,iconname,99,0,-1,-1,-1,-1,-1,-1,-1,122
2762,iconname,99,1,-1,-1,-1,-1,-1,-1,-1,123
2763,iconname,99,2,-1,-1,-1,-1,-1,-1,-1,124
2764,iconname,99,3,-1,-1,-1,-1,-1,-1,-1,125
2765,iconname,0,-1,-1,-1,-1,-1,-1,-1,-1,-1
2766,iconname,0,0,-1,-1,-1,-1,-1,-1,-1,-1
2767,iconname,0,1,-1,-1,-1,-1,-1,-1,-1,-1
2768,iconname,0,2,-1,-1,-1,-1,-1,-1,-1,-1
2769,iconname,0,3,-1,-1,-1,-1,-1,-1,-1,-1
2770,iconname,64,-1,-1,-1,-1,-1,-1,-1,-1,142
2771,iconname,64,0,-1,-1,-1,-1,-1,-1,-1,143
2772,iconname,64,1,-1,-1,-1,-1,-1,-1,-1,144
2773,iconname,64,2,-1,-1,-1,-1,-1,-1,-1,145
2774,iconname,64,3,-1,-1,-1,-1,-1,-1,-1,146
2775,iconname,1633,-1,-1,-1,-1,-1,-1,-1,-1,-1
2776,iconname,0,0,-1,-1,-1,-1,-1,-1,-1,-1
2777,iconname,0,1,-1,-1,-1,-1,-1,-1,-1,-1
2778,iconname,0,2,-1,-1,-1,-1,-1,-1,-1,-1
2779,iconname,21,3,-1,-1,-1,-1,-1,-1,-1,104
2780,iconname,139,-1,-1,-1,-1,-1,-1,-1,-1,121
2781,iconname,139,0,-1,-1,-1,-1,-1,-1,-1,122
2782,iconname,139,1,-1,-1,-1,-1,-1,-1,-1,123
2783,iconname,139,2,-1,-1,-1,-1,-1,-1,-1,124
2784,iconname,139,3,-1,-1,-1,-1,-1,-1,-1,125
2785,iconname,199,-1,-1,-1,-1,-1,-1,-1,-1,-1
2786,iconname,168,0,-1,-1,-1,-1,-1,-1,-1,-1
2787,iconname,178,1,-1,-1,-1,-1,-1,-1,-1,-1
2788,iconname,288,2,-1,-1,-1,-1,-1,-1,-1,-1
2789,iconname,0,3,-1,-1,-1,-1,-1,-1,-1,-1
2790,iconname,39,-1,-1,-1,-1,-1,-1,-1,-1,121
2791,iconname,39,0,-1,-1,-1,-1,-1,-1,-1,122
2792,iconname,39,1,-1,-1,-1,-1,-1,-1,-1,123
2793,iconname,39,2,-1,-1,-1,-1,-1,-1,-1,124
2794,iconname,39,3,-1,-1,-1,-1,-1,-1,-1,125
2795,iconname,21,-1,-1,-1,-1,-1,-1,-1,-1,-1
2796,iconname,31,0,-1,-1,-1,-1,-1,-1,-1,-1
2797,iconname,41,1,-1,-1,-1,-1,-1,-1,-1,-1
2798,iconname,188,2,-1,-1,-1,-1,-1,-1,-1,-1
2799,iconname,326,3,-1,-1,-1,-1,-1,-1,-1,-1
2800,(TOA) cloth cap,1228,8,-1,-1,-1,-1,-1,-1,-1,-1
2801,(TOA) leather cap,1200,8,-1,-1,-1,-1,-1,-1,-1,-1
2802,(TOA) chain cap,1201,8,-1,-1,-1,-1,-1,-1,-1,-1
2803,(TOA) plate cap,1202,8,-1,-1,-1,-1,-1,-1,-1,-1
2804,(TOA) studded cap,1229,8,-1,-1,-1,-1,-1,-1,-1,-1
2805,(TOA) cloth vest,1204,8,-1,-1,-1,-1,-1,-1,-1,-1
2806,(TOA) leather vest,1205,8,-1,-1,-1,-1,-1,-1,-1,-1
2807,(TOA) alt bp,1208,8,-1,-1,-1,-1,-1,-1,-1,-1
2808,(TOA) scale bp,1209,8,-1,-1,-1,-1,-1,-1,-1,-1
2809,(TOA) studded bp,1263,8,-1,-1,-1,-1,-1,-1,-1,-1
2810,(TOA) cloth vest 2,1262,8,-1,-1,-1,-1,-1,-1,-1,-1
2811,(TOA) leather vest 2,1207,8,-1,-1,-1,-1,-1,-1,-1,-1
2812,(TOA) plate bp,1209,8,-1,-1,-1,-1,-1,-1,-1,-1
2813,(TOA) studded bp 2,1261,8,-1,-1,-1,-1,-1,-1,-1,-1
2814,(TOA) hooded cloak,1218,8,-1,-1,-1,-1,-1,-1,-1,-1
2815,(TOA) reg. cloak,1219,8,-1,-1,-1,-1,-1,-1,-1,-1
2816,(TOA) leather helmet,1238,8,-1,-1,-1,-1,-1,-1,-1,-1
2817,(TOA) chain helmet,1260,8,-1,-1,-1,-1,-1,-1,-1,-1
2818,(TOA) plate helmet,1203,8,-1,-1,-1,-1,-1,-1,-1,-1
2819,(TOA) studded helmet,1239,8,-1,-1,-1,-1,-1,-1,-1,-1
2820,(TOA) cloth arms,1210,8,-1,-1,-1,-1,-1,-1,-1,-1
2821,(TOA) leather arms,1211,8,-1,-1,-1,-1,-1,-1,-1,-1
2822,(TOA) chain arms,1212,8,-1,-1,-1,-1,-1,-1,-1,-1
2823,(TOA) plate arms,1213,8,-1,-1,-1,-1,-1,-1,-1,-1
2824,(TOA) studded arms,1264,8,-1,-1,-1,-1,-1,-1,-1,-1
2825,(TOA) cloth gloves,1214,8,-1,-1,-1,-1,-1,-1,-1,-1
2826,(TOA) leather gloves,1215,8,-1,-1,-1,-1,-1,-1,-1,-1
2827,(TOA) chain gloves,1216,8,-1,-1,-1,-1,-1,-1,-1,-1
2828,(TOA) plate gloves,1217,8,-1,-1,-1,-1,-1,-1,-1,-1
2829,(TOA) studded gloves,1265,8,-1,-1,-1,-1,-1,-1,-1,-1
2830,(TOA) cloth legs,1220,8,-1,-1,-1,-1,-1,-1,-1,-1
2831,(TOA) leather legs,1221,8,-1,-1,-1,-1,-1,-1,-1,-1
2832,(TOA) chain legs,1222,8,-1,-1,-1,-1,-1,-1,-1,-1
2833,(TOA) plate legs,1223,8,-1,-1,-1,-1,-1,-1,-1,-1
2834,(TOA) studded legs,1266,8,-1,-1,-1,-1,-1,-1,-1,-1
2835,(TOA) cloth boots,1224,8,-1,-1,-1,-1,-1,-1,-1,-1
2836,(TOA) leather boots,1225,8,-1,-1,-1,-1,-1,-1,-1,-1
2837,(TOA) chain boots,1226,8,-1,-1,-1,-1,-1,-1,-1,-1
2838,(TOA) plate boots,1227,8,-1,-1,-1,-1,-1,-1,-1,-1
2839,(TOA) studded boots,1267,8,-1,-1,-1,-1,-1,-1,-1,-1
2840,archer,1500,-1,-1,-1,-1,-1,-1,-1,-1,-1
2841,melee,1501,-1,-1,-1,-1,-1,-1,-1,-1,-1
2842,caster,1502,-1,-1,-1,-1,-1,-1,-1,-1,-1
2843,wizard,1503,-1,-1,-1,-1,-1,-1,-1,-1,-1
2844,stealther,1504,-1,-1,-1,-1,-1,-1,-1,-1,-1
2845,healer,1505,-1,-1,-1,-1,-1,-1,-1,-1,-1
2846,horse,1506,-1,-1,-1,-1,-1,-1,-1,-1,-1
2847,horse armor,1507,-1,-1,-1,-1,-1,-1,-1,-1,-1
2848,horse barding,1508,-1,-1,-1,-1,-1,-1,-1,-1,-1
2849,saddle,1509,-1,-1,-1,-1,-1,-1,-1,-1,-1
2850,stirrups,1510,-1,-1,-1,-1,-1,-1,-1,-1,-1
2851,reins,1511,-1,-1,-1,-1,-1,-1,-1,-1,-1
2852,spool of ribbon,1512,-1,-1,-1,-1,-1,-1,-1,-1,-1
2853,(TOA) mauler staff,1513,8,-1,-1,-1,-1,-1,-1,-1,-1
2854,(TOA) mauler fist,1514,8,-1,-1,-1,-1,-1,-1,-1,-1
2855,Mythical Slot Tier 1,1533,9,-1,-1,-1,-1,-1,-1,-1,-1
2856,Mythical Slot Tier 2,1534,9,-1,-1,-1,-1,-1,-1,-1,-1
2857,Mythical Slot Tier 3,1535,9,-1,-1,-1,-1,-1,-1,-1,-1
2858,relic staff of unity,1536,7,-1,-1,-1,-1,-1,-1,-1,-1
2859,relic battle trident,1537,7,-1,-1,-1,-1,-1,-1,-1,-1
2860,relic artisan shield,1538,7,-1,-1,-1,-1,-1,-1,-1,-1
2861,relic earth runestone,1539,7,-1,-1,-1,-1,-1,-1,-1,-1
2862,relic warhorn,1540,7,-1,-1,-1,-1,-1,-1,-1,-1
2863,relic artisan gear,1541,7,-1,-1,-1,-1,-1,-1,-1,-1
2864,relic death blade,1542,7,-1,-1,-1,-1,-1,-1,-1,-1
2865,relic battle statue,1543,7,-1,-1,-1,-1,-1,-1,-1,-1
2866,relic cow bell,1544,7,-1,-1,-1,-1,-1,-1,-1,-1
2867,relic death mask,1545,7,-1,-1,-1,-1,-1,-1,-1,-1
2868,relic death skull,1546,7,-1,-1,-1,-1,-1,-1,-1,-1
2869,relic earth razestone,1547,7,-1,-1,-1,-1,-1,-1,-1,-1
2870,relic forge anvil,1548,7,-1,-1,-1,-1,-1,-1,-1,-1
2871,relic health amulet,1549,7,-1,-1,-1,-1,-1,-1,-1,-1
2872,relic health brazier,1550,7,-1,-1,-1,-1,-1,-1,-1,-1
2873,relic ruler bracer,1551,7,-1,-1,-1,-1,-1,-1,-1,-1
2874,relic ruler statue,1552,7,-1,-1,-1,-1,-1,-1,-1,-1
2875,relic storm orrey,1553,7,-1,-1,-1,-1,-1,-1,-1,-1
2876,relic ruler wreath,1554,7,-1,-1,-1,-1,-1,-1,-1,-1
2877,relic storm palantir,1555,7,-1,-1,-1,-1,-1,-1,-1,-1
2878,relic scroll of unity,1556,7,-1,-1,-1,-1,-1,-1,-1,-1
2879,relic forge flame,1557,7,-1,-1,-1,-1,-1,-1,-1,-1
2880,valentine's day card,1515,-1,-1,-1,-1,-1,-1,-1,-1,-1
2881,valentine's day kiss,1516,-1,-1,-1,-1,-1,-1,-1,-1,-1
2882,valentine's day box,1517,-1,-1,-1,-1,-1,-1,-1,-1,-1
2883,dragon egg,1518,-1,-1,-1,-1,-1,-1,-1,-1,-1
2884,broken dragon egg,1519,-1,-1,-1,-1,-1,-1,-1,-1,-1
2885,st. patty's gold pot,1525,-1,-1,-1,-1,-1,-1,-1,-1,-1
2886,st. patty's shamrock,1526,-1,-1,-1,-1,-1,-1,-1,-1,-1
2887,mug/stein,1527,-1,-1,-1,-1,-1,-1,-1,-1,-1
2888,easter egg,1528,-1,-1,-1,-1,-1,-1,-1,-1,-1
2889,easter egg basket,1529,-1,-1,-1,-1,-1,-1,-1,-1,-1
2890,st. patty's necklace,1520,-1,-1,-1,-1,-1,-1,-1,-1,-1
2891,st. patty's clover,1521,-1,-1,-1,-1,-1,-1,-1,-1,-1
2892,dragonsworn medal,1522,-1,-1,-1,-1,-1,-1,-1,-1,-1
2893,dragonsworn wep,1523,-1,-1,-1,-1,-1,-1,-1,-1,-1
2894,dragonsworn armor,1524,-1,-1,-1,-1,-1,-1,-1,-1,-1
2895,alb medal of honor,1530,-1,-1,-1,-1,-1,-1,-1,-1,-1
2896,mid medal of honor,1531,-1,-1,-1,-1,-1,-1,-1,-1,-1
2897,hib medal of honor,1532,-1,-1,-1,-1,-1,-1,-1,-1,-1
2898,dragonsworn cloth helm,1558,-1,-1,-1,-1,-1,-1,-1,-1,-1
2899,dragonsworn leather helm,1559,-1,-1,-1,-1,-1,-1,-1,-1,-1
2900,iconname,20,-1,-1,-1,-1,-1,-1,-1,-1,121
2901,iconname,20,0,-1,-1,-1,-1,-1,-1,-1,122
2902,iconname,20,1,-1,-1,-1,-1,-1,-1,-1,123
2903,iconname,20,2,-1,-1,-1,-1,-1,-1,-1,124
2904,iconname,20,3,-1,-1,-1,-1,-1,-1,-1,125
2905,iconname,235,-1,-1,-1,-1,-1,-1,-1,-1,121
2906,iconname,235,0,-1,-1,-1,-1,-1,-1,-1,122
2907,iconname,235,1,-1,-1,-1,-1,-1,-1,-1,123
2908,iconname,235,2,-1,-1,-1,-1,-1,-1,-1,124
2909,iconname,235,3,-1,-1,-1,-1,-1,-1,-1,125
2910,iconname,227,-1,-1,-1,-1,-1,-1,-1,-1,121
2911,iconname,227,0,-1,-1,-1,-1,-1,-1,-1,122
2912,iconname,227,1,-1,-1,-1,-1,-1,-1,-1,123
2913,iconname,227,2,-1,-1,-1,-1,-1,-1,-1,124
2914,iconname,227,3,-1,-1,-1,-1,-1,-1,-1,125
2915,iconname,237,-1,-1,-1,-1,-1,-1,-1,-1,-1
2916,iconname,237,0,-1,-1,-1,-1,-1,-1,-1,-1
2917,iconname,237,1,-1,-1,-1,-1,-1,-1,-1,-1
2918,iconname,237,2,-1,-1,-1,-1,-1,-1,-1,-1
2919,iconname,237,3,-1,-1,-1,-1,-1,-1,-1,-1
2920,iconname,121,-1,-1,-1,-1,-1,-1,-1,-1,121
2921,iconname,121,0,-1,-1,-1,-1,-1,-1,-1,122
2922,iconname,121,1,-1,-1,-1,-1,-1,-1,-1,123
2923,iconname,121,2,-1,-1,-1,-1,-1,-1,-1,124
2924,iconname,121,3,-1,-1,-1,-1,-1,-1,-1,125
2925,iconname,237,-1,-1,-1,-1,-1,-1,-1,-1,121
2926,iconname,237,0,-1,-1,-1,-1,-1,-1,-1,122
2927,iconname,237,1,-1,-1,-1,-1,-1,-1,-1,123
2928,iconname,237,2,-1,-1,-1,-1,-1,-1,-1,124
2929,iconname,237,3,-1,-1,-1,-1,-1,-1,-1,125
2930,iconname,234,-1,-1,-1,-1,-1,-1,-1,-1,-1
2931,iconname,234,0,-1,-1,-1,-1,-1,-1,-1,-1
2932,iconname,234,1,-1,-1,-1,-1,-1,-1,-1,-1
2933,iconname,234,2,-1,-1,-1,-1,-1,-1,-1,-1
2934,iconname,234,3,-1,-1,-1,-1,-1,-1,-1,-1
2935,iconname,238,-1,-1,-1,-1,-1,-1,-1,-1,-1
2936,iconname,238,0,-1,-1,-1,-1,-1,-1,-1,-1
2937,iconname,238,1,-1,-1,-1,-1,-1,-1,-1,-1
2938,iconname,238,2,-1,-1,-1,-1,-1,-1,-1,-1
2939,iconname,238,3,-1,-1,-1,-1,-1,-1,-1,-1
2940,iconname,234,-1,-1,-1,-1,-1,-1,-1,-1,121
2941,iconname,234,0,-1,-1,-1,-1,-1,-1,-1,122
2942,iconname,234,1,-1,-1,-1,-1,-1,-1,-1,123
2943,iconname,234,2,-1,-1,-1,-1,-1,-1,-1,124
2944,iconname,234,3,-1,-1,-1,-1,-1,-1,-1,125
2945,iconname,238,-1,-1,-1,-1,-1,-1,-1,-1,121
2946,iconname,238,0,-1,-1,-1,-1,-1,-1,-1,122
2947,iconname,238,1,-1,-1,-1,-1,-1,-1,-1,123
2948,iconname,238,2,-1,-1,-1,-1,-1,-1,-1,124
2949,iconname,238,3,-1,-1,-1,-1,-1,-1,-1,125
2950,iconname,236,-1,-1,-1,-1,-1,-1,-1,-1,-1
2951,iconname,236,0,-1,-1,-1,-1,-1,-1,-1,-1
2952,iconname,236,1,-1,-1,-1,-1,-1,-1,-1,-1
2953,iconname,236,2,-1,-1,-1,-1,-1,-1,-1,-1
2954,iconname,236,3,-1,-1,-1,-1,-1,-1,-1,-1
2955,iconname,267,-1,-1,-1,-1,-1,-1,-1,-1,-1
2956,iconname,267,0,-1,-1,-1,-1,-1,-1,-1,-1
2957,iconname,267,1,-1,-1,-1,-1,-1,-1,-1,-1
2958,iconname,267,2,-1,-1,-1,-1,-1,-1,-1,-1
2959,iconname,267,3,-1,-1,-1,-1,-1,-1,-1,-1
2960,iconname,236,-1,-1,-1,-1,-1,-1,-1,-1,121
2961,iconname,236,0,-1,-1,-1,-1,-1,-1,-1,122
2962,iconname,236,1,-1,-1,-1,-1,-1,-1,-1,123
2963,iconname,236,2,-1,-1,-1,-1,-1,-1,-1,124
2964,iconname,236,3,-1,-1,-1,-1,-1,-1,-1,125
2965,iconname,268,-1,-1,-1,-1,-1,-1,-1,-1,-1
2966,iconname,268,0,-1,-1,-1,-1,-1,-1,-1,-1
2967,iconname,268,1,-1,-1,-1,-1,-1,-1,-1,-1
2968,iconname,268,2,-1,-1,-1,-1,-1,-1,-1,-1
2969,iconname,268,3,-1,-1,-1,-1,-1,-1,-1,-1
2970,iconname,239,-1,-1,-1,-1,-1,-1,-1,-1,-1
2971,iconname,239,0,-1,-1,-1,-1,-1,-1,-1,-1
2972,iconname,239,1,-1,-1,-1,-1,-1,-1,-1,-1
2973,iconname,239,2,-1,-1,-1,-1,-1,-1,-1,-1
2974,iconname,239,3,-1,-1,-1,-1,-1,-1,-1,-1
2975,iconname,0,-1,-1,-1,-1,-1,-1,-1,-1,-1
2976,iconname,0,0,-1,-1,-1,-1,-1,-1,-1,-1
2977,iconname,0,1,-1,-1,-1,-1,-1,-1,-1,-1
2978,iconname,0,2,-1,-1,-1,-1,-1,-1,-1,-1
2979,iconname,24,3,-1,-1,-1,-1,-1,-1,-1,-1
2980,iconname,239,-1,-1,-1,-1,-1,-1,-1,-1,121
2981,iconname,239,0,-1,-1,-1,-1,-1,-1,-1,122
2982,iconname,239,1,-1,-1,-1,-1,-1,-1,-1,123
2983,iconname,239,2,-1,-1,-1,-1,-1,-1,-1,124
2984,iconname,239,3,-1,-1,-1,-1,-1,-1,-1,125
2985,iconname,0,-1,-1,-1,-1,-1,-1,-1,-1,-1
2986,iconname,24,0,-1,-1,-1,-1,-1,-1,-1,-1
2987,iconname,24,1,-1,-1,-1,-1,-1,-1,-1,-1
2988,iconname,24,2,-1,-1,-1,-1,-1,-1,-1,-1
2989,iconname,34,3,-1,-1,-1,-1,-1,-1,-1,-1
2990,iconname,235,-1,-1,-1,-1,-1,-1,-1,-1,-1
2991,iconname,235,0,-1,-1,-1,-1,-1,-1,-1,-1
2992,iconname,235,1,-1,-1,-1,-1,-1,-1,-1,-1
2993,iconname,235,2,-1,-1,-1,-1,-1,-1,-1,-1
2994,iconname,235,3,-1,-1,-1,-1,-1,-1,-1,-1
2995,iconname,0,-1,-1,-1,-1,-1,-1,-1,-1,-1
2996,iconname,44,0,-1,-1,-1,-1,-1,-1,-1,-1
2997,iconname,44,1,-1,-1,-1,-1,-1,-1,-1,-1
2998,iconname,34,2,-1,-1,-1,-1,-1,-1,-1,-1
2999,iconname,34,3,-1,-1,-1,-1,-1,-1,-1,-1
3000,iconname,327,6,-1,-1,-1,-1,-1,-1,-1,-1
3001,iconname,328,6,-1,-1,-1,-1,-1,-1,-1,-1
3002,Second Wind,329,6,-1,-1,-1,-1,-1,-1,-1,120
3003,Ignore Pain,330,6,-1,-1,-1,-1,-1,-1,-1,120
3004,iconname,331,6,-1,-1,-1,-1,-1,-1,-1,-1
3005,iconname,332,6,-1,-1,-1,-1,-1,-1,-1,-1
3006,iconname,333,6,-1,-1,-1,-1,-1,-1,-1,-1
3007,iconname,334,6,-1,-1,-1,-1,-1,-1,-1,-1
3008,Mystic Crystal Lore,335,6,-1,-1,-1,-1,-1,-1,-1,120
3009,iconname,336,6,-1,-1,-1,-1,-1,-1,-1,-1
3010,Purge,337,6,-1,-1,-1,-1,-1,-1,-1,120
3011,iconname,338,6,-1,-1,-1,-1,-1,-1,-1,-1
3012,iconname,339,6,-1,-1,-1,-1,-1,-1,-1,-1
3013,iconname,340,6,-1,-1,-1,-1,-1,-1,-1,-1
3014,iconname,341,6,-1,-1,-1,-1,-1,-1,-1,106
3015,iconname,342,6,-1,-1,-1,-1,-1,-1,-1,106
3016,iconname,343,6,-1,-1,-1,-1,-1,-1,-1,106
3017,iconname,344,6,-1,-1,-1,-1,-1,-1,-1,-1
3018,iconname,345,6,-1,-1,-1,-1,-1,-1,-1,-1
3019,iconname,346,6,-1,-1,-1,-1,-1,-1,-1,-1
3020,Speed of Sound,347,6,-1,-1,-1,-1,-1,-1,-1,106
3021,iconname,348,6,-1,-1,-1,-1,-1,-1,-1,106
3022,iconname,349,6,-1,-1,-1,-1,-1,-1,-1,106
3023,iconname,350,6,-1,-1,-1,-1,-1,-1,-1,127
3024,iconname,351,6,-1,-1,-1,-1,-1,-1,-1,127
3025,iconname,352,6,-1,-1,-1,-1,-1,-1,-1,134
3026,iconname,353,6,-1,-1,-1,-1,-1,-1,-1,134
3027,iconname,354,6,-1,-1,-1,-1,-1,-1,-1,134
3028,iconname,355,6,-1,-1,-1,-1,-1,-1,-1,127
3029,iconname,356,6,-1,-1,-1,-1,-1,-1,-1,106
3030,iconname,357,6,-1,-1,-1,-1,-1,-1,-1,-1
3031,iconname,358,6,-1,-1,-1,-1,-1,-1,-1,127
3032,iconname,359,6,-1,-1,-1,-1,-1,-1,-1,106
3033,iconname,360,6,-1,-1,-1,-1,-1,-1,-1,-1
3034,Charge,361,6,-1,-1,-1,-1,-1,-1,-1,120
3035,iconname,362,6,-1,-1,-1,-1,-1,-1,-1,106
3036,iconname,363,6,-1,-1,-1,-1,-1,-1,-1,106
3037,iconname,364,6,-1,-1,-1,-1,-1,-1,-1,-1
3038,iconname,365,6,-1,-1,-1,-1,-1,-1,-1,-1
3039,iconname,366,6,-1,-1,-1,-1,-1,-1,-1,127
3040,iconname,367,6,-1,-1,-1,-1,-1,-1,-1,127
3041,iconname,368,6,-1,-1,-1,-1,-1,-1,-1,-1
3042,iconname,369,6,-1,-1,-1,-1,-1,-1,-1,127
3043,iconname,370,6,-1,-1,-1,-1,-1,-1,-1,-1
3044,iconname,371,6,-1,-1,-1,-1,-1,-1,-1,127
3045,iconname,372,6,-1,-1,-1,-1,-1,-1,-1,-1
3046,iconname,373,6,-1,-1,-1,-1,-1,-1,-1,-1
3047,iconname,374,6,-1,-1,-1,-1,-1,-1,-1,-1
3048,iconname,375,6,-1,-1,-1,-1,-1,-1,-1,127
3049,iconname,376,6,-1,-1,-1,-1,-1,-1,-1,127
3050,iconname,377,6,-1,-1,-1,-1,-1,-1,-1,-1
3051,iconname,378,6,-1,-1,-1,-1,-1,-1,-1,-1
3052,iconname,379,6,-1,-1,-1,-1,-1,-1,-1,-1
3053,iconname,380,6,-1,-1,-1,-1,-1,-1,-1,-1
3054,iconname,381,6,-1,-1,-1,-1,-1,-1,-1,-1
3055,iconname,382,6,-1,-1,-1,-1,-1,-1,-1,-1
3056,iconname,383,6,-1,-1,-1,-1,-1,-1,-1,-1
3057,iconname,384,6,-1,-1,-1,-1,-1,-1,-1,-1
3058,iconname,385,6,-1,-1,-1,-1,-1,-1,-1,127
3059,iconname,386,6,-1,-1,-1,-1,-1,-1,-1,-1
3060,iconname,387,6,-1,-1,-1,-1,-1,-1,-1,-1
3061,iconname,388,6,-1,-1,-1,-1,-1,-1,-1,-1
3062,iconname,389,6,-1,-1,-1,-1,-1,-1,-1,106
3063,iconname,390,6,-1,-1,-1,-1,-1,-1,-1,127
3064,iconname,391,6,-1,-1,-1,-1,-1,-1,-1,-1
3065,iconname,392,6,-1,-1,-1,-1,-1,-1,-1,106
3066,iconname,393,6,-1,-1,-1,-1,-1,-1,-1,-1
3067,iconname,394,6,-1,-1,-1,-1,-1,-1,-1,-1
3068,iconname,395,6,-1,-1,-1,-1,-1,-1,-1,114
3069,iconname,396,6,-1,-1,-1,-1,-1,-1,-1,-1
3070,iconname,397,6,-1,-1,-1,-1,-1,-1,-1,106
3071,iconname,398,6,-1,-1,-1,-1,-1,-1,-1,127
3072,iconname,399,6,-1,-1,-1,-1,-1,-1,-1,-1
3073,Rune of Utter Agility,400,6,-1,-1,-1,-1,-1,-1,-1,120
3074,iconname,401,6,-1,-1,-1,-1,-1,-1,-1,106
3075,iconname,402,6,-1,-1,-1,-1,-1,-1,-1,-1
3076,iconname,403,6,-1,-1,-1,-1,-1,-1,-1,169
3077,iconname,404,6,-1,-1,-1,-1,-1,-1,-1,169
3078,iconname,405,6,-1,-1,-1,-1,-1,-1,-1,169
3079,iconname,406,6,-1,-1,-1,-1,-1,-1,-1,169
3080,iconname,407,6,-1,-1,-1,-1,-1,-1,-1,-1
3081,iconname,408,6,-1,-1,-1,-1,-1,-1,-1,-1
3082,iconname,409,6,-1,-1,-1,-1,-1,-1,-1,-1
3083,iconname,410,6,-1,-1,-1,-1,-1,-1,-1,-1
3084,iconname,411,6,-1,-1,-1,-1,-1,-1,-1,-1
3085,iconname,412,6,-1,-1,-1,-1,-1,-1,-1,127
3086,iconname,413,6,-1,-1,-1,-1,-1,-1,-1,106
3087,iconname,414,6,-1,-1,-1,-1,-1,-1,-1,106
3088,iconname,415,6,-1,-1,-1,-1,-1,-1,-1,106
3089,iconname,416,6,-1,-1,-1,-1,-1,-1,-1,106
3090,iconname,417,6,-1,-1,-1,-1,-1,-1,-1,-1
3091,iconname,418,6,-1,-1,-1,-1,-1,-1,-1,-1
3092,iconname,419,6,-1,-1,-1,-1,-1,-1,-1,106
3093,iconname,132,6,-1,-1,-1,-1,-1,-1,-1,-1
3094,iconname,0,6,-1,-1,-1,-1,-1,-1,-1,-1
3095,iconname,0,6,-1,-1,-1,-1,-1,-1,-1,-1
3096,iconname,0,6,-1,-1,-1,-1,-1,-1,-1,-1
3097,iconname,0,6,-1,-1,-1,-1,-1,-1,-1,-1
3098,iconname,0,6,-1,-1,-1,-1,-1,-1,-1,-1
3099,iconname,0,6,-1,-1,-1,-1,-1,-1,-1,-1
3100,iconname,13,-1,-1,-1,-1,-1,-1,-1,-1,-1
3101,iconname,13,0,-1,-1,-1,-1,-1,-1,-1,-1
3102,iconname,13,1,-1,-1,-1,-1,-1,-1,-1,-1
3103,iconname,13,2,-1,-1,-1,-1,-1,-1,-1,-1
3104,iconname,13,3,-1,-1,-1,-1,-1,-1,-1,-1
3105,iconname,79,-1,-1,-1,-1,-1,-1,-1,-1,-1
3106,iconname,79,0,-1,-1,-1,-1,-1,-1,-1,-1
3107,iconname,79,1,-1,-1,-1,-1,-1,-1,-1,-1
3108,iconname,79,2,-1,-1,-1,-1,-1,-1,-1,-1
3109,iconname,79,3,-1,-1,-1,-1,-1,-1,-1,-1
3110,iconname,22,-1,-1,-1,-1,-1,-1,-1,-1,114
3111,iconname,22,0,-1,-1,-1,-1,-1,-1,-1,114
3112,iconname,22,1,-1,-1,-1,-1,-1,-1,-1,114
3113,iconname,22,2,-1,-1,-1,-1,-1,-1,-1,114
3114,iconname,22,3,-1,-1,-1,-1,-1,-1,-1,114
3115,iconname,162,-1,-1,-1,-1,-1,-1,-1,-1,-1
3116,iconname,162,0,-1,-1,-1,-1,-1,-1,-1,-1
3117,iconname,162,1,-1,-1,-1,-1,-1,-1,-1,-1
3118,iconname,162,2,-1,-1,-1,-1,-1,-1,-1,-1
3119,iconname,162,3,-1,-1,-1,-1,-1,-1,-1,-1
3120,iconname,83,-1,-1,-1,-1,-1,-1,-1,-1,100
3121,iconname,83,0,-1,-1,-1,-1,-1,-1,-1,101
3122,iconname,83,1,-1,-1,-1,-1,-1,-1,-1,102
3123,iconname,83,2,-1,-1,-1,-1,-1,-1,-1,103
3124,iconname,83,3,-1,-1,-1,-1,-1,-1,-1,104
3125,iconname,122,-1,-1,-1,-1,-1,-1,-1,-1,-1
3126,iconname,122,0,-1,-1,-1,-1,-1,-1,-1,-1
3127,iconname,122,1,-1,-1,-1,-1,-1,-1,-1,-1
3128,iconname,122,2,-1,-1,-1,-1,-1,-1,-1,-1
3129,iconname,122,3,-1,-1,-1,-1,-1,-1,-1,-1
3130,iconname,23,-1,-1,-1,-1,-1,-1,-1,-1,-1
3131,iconname,23,0,-1,-1,-1,-1,-1,-1,-1,-1
3132,iconname,23,1,-1,-1,-1,-1,-1,-1,-1,-1
3133,iconname,23,2,-1,-1,-1,-1,-1,-1,-1,-1
3134,iconname,23,3,-1,-1,-1,-1,-1,-1,-1,-1
3135,iconname,81,-1,-1,-1,-1,-1,-1,-1,-1,-1
3136,iconname,81,0,-1,-1,-1,-1,-1,-1,-1,-1
3137,iconname,81,1,-1,-1,-1,-1,-1,-1,-1,-1
3138,iconname,81,2,-1,-1,-1,-1,-1,-1,-1,-1
3139,iconname,81,3,-1,-1,-1,-1,-1,-1,-1,-1
3140,iconname,76,-1,-1,-1,-1,-1,-1,-1,-1,-1
3141,iconname,76,0,-1,-1,-1,-1,-1,-1,-1,-1
3142,iconname,76,1,-1,-1,-1,-1,-1,-1,-1,-1
3143,iconname,76,2,-1,-1,-1,-1,-1,-1,-1,-1
3144,iconname,76,3,-1,-1,-1,-1,-1,-1,-1,-1
3145,iconname,226,-1,-1,-1,-1,-1,-1,-1,-1,-1
3146,iconname,226,0,-1,-1,-1,-1,-1,-1,-1,-1
3147,iconname,226,1,-1,-1,-1,-1,-1,-1,-1,-1
3148,iconname,226,2,-1,-1,-1,-1,-1,-1,-1,-1
3149,iconname,226,3,-1,-1,-1,-1,-1,-1,-1,-1
3150,iconname,86,-1,-1,-1,-1,-1,-1,-1,-1,-1
3151,iconname,86,0,-1,-1,-1,-1,-1,-1,-1,-1
3152,iconname,86,1,-1,-1,-1,-1,-1,-1,-1,-1
3153,iconname,86,2,-1,-1,-1,-1,-1,-1,-1,-1
3154,iconname,86,3,-1,-1,-1,-1,-1,-1,-1,-1
3155,iconname,60,-1,-1,-1,-1,-1,-1,-1,-1,-1
3156,iconname,60,0,-1,-1,-1,-1,-1,-1,-1,-1
3157,iconname,60,1,-1,-1,-1,-1,-1,-1,-1,-1
3158,iconname,60,2,-1,-1,-1,-1,-1,-1,-1,-1
3159,iconname,60,3,-1,-1,-1,-1,-1,-1,-1,-1
3160,iconname,89,-1,-1,-1,-1,-1,-1,-1,-1,121
3161,iconname,89,0,-1,-1,-1,-1,-1,-1,-1,122
3162,iconname,89,1,-1,-1,-1,-1,-1,-1,-1,123
3163,iconname,89,2,-1,-1,-1,-1,-1,-1,-1,124
3164,iconname,89,3,-1,-1,-1,-1,-1,-1,-1,125
3165,iconname,133,-1,-1,-1,-1,-1,-1,-1,-1,114
3166,iconname,133,0,-1,-1,-1,-1,-1,-1,-1,115
3167,iconname,133,1,-1,-1,-1,-1,-1,-1,-1,116
3168,iconname,133,2,-1,-1,-1,-1,-1,-1,-1,117
3169,iconname,133,3,-1,-1,-1,-1,-1,-1,-1,118
3170,iconname,97,-1,-1,-1,-1,-1,-1,-1,-1,-1
3171,iconname,97,0,-1,-1,-1,-1,-1,-1,-1,-1
3172,iconname,97,1,-1,-1,-1,-1,-1,-1,-1,-1
3173,iconname,97,2,-1,-1,-1,-1,-1,-1,-1,-1
3174,iconname,97,3,-1,-1,-1,-1,-1,-1,-1,-1
3175,iconname,40,-1,-1,-1,-1,-1,-1,-1,-1,114
3176,iconname,40,0,-1,-1,-1,-1,-1,-1,-1,115
3177,iconname,40,1,-1,-1,-1,-1,-1,-1,-1,116
3178,iconname,40,2,-1,-1,-1,-1,-1,-1,-1,117
3179,iconname,40,3,-1,-1,-1,-1,-1,-1,-1,118
3180,iconname,127,-1,-1,-1,-1,-1,-1,-1,-1,-1
3181,iconname,127,0,-1,-1,-1,-1,-1,-1,-1,-1
3182,iconname,127,1,-1,-1,-1,-1,-1,-1,-1,-1
3183,iconname,127,2,-1,-1,-1,-1,-1,-1,-1,-1
3184,iconname,127,3,-1,-1,-1,-1,-1,-1,-1,-1
3185,iconname,16,-1,-1,-1,-1,-1,-1,-1,-1,114
3186,iconname,16,0,-1,-1,-1,-1,-1,-1,-1,115
3187,iconname,16,1,-1,-1,-1,-1,-1,-1,-1,116
3188,iconname,16,2,-1,-1,-1,-1,-1,-1,-1,117
3189,iconname,16,3,-1,-1,-1,-1,-1,-1,-1,118
3190,iconname,85,-1,-1,-1,-1,-1,-1,-1,-1,-1
3191,iconname,85,0,-1,-1,-1,-1,-1,-1,-1,-1
3192,iconname,85,1,-1,-1,-1,-1,-1,-1,-1,-1
3193,iconname,85,2,-1,-1,-1,-1,-1,-1,-1,-1
3194,iconname,85,3,-1,-1,-1,-1,-1,-1,-1,-1
3195,iconname,71,-1,-1,-1,-1,-1,-1,-1,-1,-1
3196,iconname,71,0,-1,-1,-1,-1,-1,-1,-1,-1
3197,iconname,71,1,-1,-1,-1,-1,-1,-1,-1,-1
3198,iconname,71,2,-1,-1,-1,-1,-1,-1,-1,-1
3199,iconname,71,3,-1,-1,-1,-1,-1,-1,-1,-1
3200,iconname,132,-1,-1,-1,-1,-1,-1,-1,-1,114
3201,iconname,132,0,-1,-1,-1,-1,-1,-1,-1,115
3202,iconname,132,1,-1,-1,-1,-1,-1,-1,-1,116
3203,iconname,132,2,-1,-1,-1,-1,-1,-1,-1,117
3204,iconname,132,3,-1,-1,-1,-1,-1,-1,-1,118
3205,iconname,209,-1,-1,-1,-1,-1,-1,-1,-1,-1
3206,iconname,209,0,-1,-1,-1,-1,-1,-1,-1,-1
3207,iconname,209,1,-1,-1,-1,-1,-1,-1,-1,-1
3208,iconname,209,2,-1,-1,-1,-1,-1,-1,-1,-1
3209,iconname,209,3,-1,-1,-1,-1,-1,-1,-1,-1
3210,iconname,163,-1,-1,-1,-1,-1,-1,-1,-1,114
3211,iconname,163,0,-1,-1,-1,-1,-1,-1,-1,115
3212,iconname,163,1,-1,-1,-1,-1,-1,-1,-1,116
3213,iconname,163,2,-1,-1,-1,-1,-1,-1,-1,117
3214,iconname,163,3,-1,-1,-1,-1,-1,-1,-1,118
3215,iconname,17,-1,-1,-1,-1,-1,-1,-1,-1,-1
3216,iconname,17,0,-1,-1,-1,-1,-1,-1,-1,-1
3217,iconname,17,1,-1,-1,-1,-1,-1,-1,-1,-1
3218,iconname,17,2,-1,-1,-1,-1,-1,-1,-1,-1
3219,iconname,17,3,-1,-1,-1,-1,-1,-1,-1,-1
3220,iconname,200,-1,-1,-1,-1,-1,-1,-1,-1,114
3221,iconname,200,0,-1,-1,-1,-1,-1,-1,-1,115
3222,iconname,200,1,-1,-1,-1,-1,-1,-1,-1,116
3223,iconname,200,2,-1,-1,-1,-1,-1,-1,-1,117
3224,iconname,200,3,-1,-1,-1,-1,-1,-1,-1,118
3225,iconname,180,-1,-1,-1,-1,-1,-1,-1,-1,-1
3226,iconname,180,0,-1,-1,-1,-1,-1,-1,-1,-1
3227,iconname,180,1,-1,-1,-1,-1,-1,-1,-1,-1
3228,iconname,180,2,-1,-1,-1,-1,-1,-1,-1,-1
3229,iconname,180,3,-1,-1,-1,-1,-1,-1,-1,-1
3230,iconname,203,-1,-1,-1,-1,-1,-1,-1,-1,114
3231,iconname,203,0,-1,-1,-1,-1,-1,-1,-1,115
3232,iconname,203,1,-1,-1,-1,-1,-1,-1,-1,116
3233,iconname,203,2,-1,-1,-1,-1,-1,-1,-1,117
3234,iconname,203,3,-1,-1,-1,-1,-1,-1,-1,118
3235,iconname,180,-1,-1,-1,-1,-1,-1,-1,-1,-1
3236,iconname,180,0,-1,-1,-1,-1,-1,-1,-1,-1
3237,iconname,180,1,-1,-1,-1,-1,-1,-1,-1,-1
3238,iconname,180,2,-1,-1,-1,-1,-1,-1,-1,-1
3239,iconname,180,3,-1,-1,-1,-1,-1,-1,-1,-1
3240,iconname,233,-1,-1,-1,-1,-1,-1,-1,-1,114
3241,iconname,233,0,-1,-1,-1,-1,-1,-1,-1,115
3242,iconname,233,1,-1,-1,-1,-1,-1,-1,-1,116
3243,iconname,233,2,-1,-1,-1,-1,-1,-1,-1,117
3244,iconname,233,3,-1,-1,-1,-1,-1,-1,-1,118
3245,iconname,219,-1,-1,-1,-1,-1,-1,-1,-1,-1
3246,iconname,219,0,-1,-1,-1,-1,-1,-1,-1,-1
3247,iconname,219,1,-1,-1,-1,-1,-1,-1,-1,-1
3248,iconname,219,2,-1,-1,-1,-1,-1,-1,-1,-1
3249,iconname,219,3,-1,-1,-1,-1,-1,-1,-1,-1
3250,iconname,132,-1,-1,-1,-1,-1,-1,-1,-1,-1
3251,iconname,132,0,-1,-1,-1,-1,-1,-1,-1,-1
3252,iconname,132,1,-1,-1,-1,-1,-1,-1,-1,-1
3253,iconname,132,2,-1,-1,-1,-1,-1,-1,-1,-1
3254,iconname,132,3,-1,-1,-1,-1,-1,-1,-1,-1
3255,iconname,99,-1,-1,-1,-1,-1,-1,-1,-1,-1
3256,iconname,99,0,-1,-1,-1,-1,-1,-1,-1,-1
3257,iconname,99,1,-1,-1,-1,-1,-1,-1,-1,-1
3258,iconname,99,2,-1,-1,-1,-1,-1,-1,-1,-1
3259,iconname,99,3,-1,-1,-1,-1,-1,-1,-1,-1
3260,iconname,193,-1,-1,-1,-1,-1,-1,-1,-1,-1
3261,iconname,193,0,-1,-1,-1,-1,-1,-1,-1,-1
3262,iconname,193,1,-1,-1,-1,-1,-1,-1,-1,-1
3263,iconname,193,2,-1,-1,-1,-1,-1,-1,-1,-1
3264,iconname,193,3,-1,-1,-1,-1,-1,-1,-1,-1
3265,iconname,49,-1,-1,-1,-1,-1,-1,-1,-1,-1
3266,iconname,49,0,-1,-1,-1,-1,-1,-1,-1,-1
3267,iconname,49,1,-1,-1,-1,-1,-1,-1,-1,-1
3268,iconname,49,2,-1,-1,-1,-1,-1,-1,-1,-1
3269,iconname,49,3,-1,-1,-1,-1,-1,-1,-1,-1
3270,iconname,220,-1,-1,-1,-1,-1,-1,-1,-1,-1
3271,iconname,220,0,-1,-1,-1,-1,-1,-1,-1,-1
3272,iconname,220,1,-1,-1,-1,-1,-1,-1,-1,-1
3273,iconname,220,2,-1,-1,-1,-1,-1,-1,-1,-1
3274,iconname,220,3,-1,-1,-1,-1,-1,-1,-1,-1
3275,iconname,215,-1,-1,-1,-1,-1,-1,-1,-1,-1
3276,iconname,215,0,-1,-1,-1,-1,-1,-1,-1,-1
3277,iconname,215,1,-1,-1,-1,-1,-1,-1,-1,-1
3278,iconname,215,2,-1,-1,-1,-1,-1,-1,-1,-1
3279,iconname,215,3,-1,-1,-1,-1,-1,-1,-1,-1
3280,iconname,82,-1,-1,-1,-1,-1,-1,-1,-1,114
3281,iconname,82,0,-1,-1,-1,-1,-1,-1,-1,115
3282,iconname,82,1,-1,-1,-1,-1,-1,-1,-1,116
3283,iconname,82,2,-1,-1,-1,-1,-1,-1,-1,117
3284,iconname,82,3,-1,-1,-1,-1,-1,-1,-1,118
3285,iconname,181,-1,-1,-1,-1,-1,-1,-1,-1,-1
3286,iconname,181,0,-1,-1,-1,-1,-1,-1,-1,-1
3287,iconname,181,1,-1,-1,-1,-1,-1,-1,-1,-1
3288,iconname,181,2,-1,-1,-1,-1,-1,-1,-1,-1
3289,iconname,181,3,-1,-1,-1,-1,-1,-1,-1,-1
3290,iconname,232,-1,-1,-1,-1,-1,-1,-1,-1,-1
3291,iconname,232,0,-1,-1,-1,-1,-1,-1,-1,-1
3292,iconname,232,1,-1,-1,-1,-1,-1,-1,-1,-1
3293,iconname,232,2,-1,-1,-1,-1,-1,-1,-1,-1
3294,iconname,232,3,-1,-1,-1,-1,-1,-1,-1,-1
3295,iconname,190,-1,-1,-1,-1,-1,-1,-1,-1,-1
3296,iconname,190,0,-1,-1,-1,-1,-1,-1,-1,-1
3297,iconname,190,1,-1,-1,-1,-1,-1,-1,-1,-1
3298,iconname,190,2,-1,-1,-1,-1,-1,-1,-1,-1
3299,iconname,190,3,-1,-1,-1,-1,-1,-1,-1,-1
3300,iconname,18,-1,-1,-1,-1,-1,-1,-1,-1,-1
3301,iconname,18,0,-1,-1,-1,-1,-1,-1,-1,-1
3302,iconname,18,1,-1,-1,-1,-1,-1,-1,-1,-1
3303,iconname,18,2,-1,-1,-1,-1,-1,-1,-1,-1
3304,iconname,18,3,-1,-1,-1,-1,-1,-1,-1,-1
3305,iconname,76,-1,-1,-1,-1,-1,-1,-1,-1,142
3306,iconname,76,0,-1,-1,-1,-1,-1,-1,-1,143
3307,iconname,76,1,-1,-1,-1,-1,-1,-1,-1,144
3308,iconname,76,2,-1,-1,-1,-1,-1,-1,-1,145
3309,iconname,76,3,-1,-1,-1,-1,-1,-1,-1,146
3310,iconname,77,-1,-1,-1,-1,-1,-1,-1,-1,-1
3311,iconname,77,0,-1,-1,-1,-1,-1,-1,-1,-1
3312,iconname,77,1,-1,-1,-1,-1,-1,-1,-1,-1
3313,iconname,77,2,-1,-1,-1,-1,-1,-1,-1,-1
3314,iconname,77,3,-1,-1,-1,-1,-1,-1,-1,-1
3315,iconname,242,-1,-1,-1,-1,-1,-1,-1,-1,-1
3316,iconname,242,0,-1,-1,-1,-1,-1,-1,-1,-1
3317,iconname,242,1,-1,-1,-1,-1,-1,-1,-1,-1
3318,iconname,242,2,-1,-1,-1,-1,-1,-1,-1,-1
3319,iconname,242,3,-1,-1,-1,-1,-1,-1,-1,-1
3320,iconname,201,-1,-1,-1,-1,-1,-1,-1,-1,114
3321,iconname,201,0,-1,-1,-1,-1,-1,-1,-1,115
3322,iconname,201,1,-1,-1,-1,-1,-1,-1,-1,116
3323,iconname,201,2,-1,-1,-1,-1,-1,-1,-1,117
3324,iconname,201,3,-1,-1,-1,-1,-1,-1,-1,118
3325,iconname,243,-1,-1,-1,-1,-1,-1,-1,-1,-1
3326,iconname,243,0,-1,-1,-1,-1,-1,-1,-1,-1
3327,iconname,243,1,-1,-1,-1,-1,-1,-1,-1,-1
3328,iconname,243,2,-1,-1,-1,-1,-1,-1,-1,-1
3329,iconname,243,3,-1,-1,-1,-1,-1,-1,-1,-1
3330,iconname,173,-1,-1,-1,-1,-1,-1,-1,-1,114
3331,iconname,173,0,-1,-1,-1,-1,-1,-1,-1,115
3332,iconname,173,1,-1,-1,-1,-1,-1,-1,-1,116
3333,iconname,173,2,-1,-1,-1,-1,-1,-1,-1,117
3334,iconname,173,3,-1,-1,-1,-1,-1,-1,-1,118
3335,iconname,43,-1,-1,-1,-1,-1,-1,-1,-1,100
3336,iconname,43,0,-1,-1,-1,-1,-1,-1,-1,101
3337,iconname,43,1,-1,-1,-1,-1,-1,-1,-1,102
3338,iconname,43,2,-1,-1,-1,-1,-1,-1,-1,103
3339,iconname,43,3,-1,-1,-1,-1,-1,-1,-1,104
3340,iconname,100,-1,-1,-1,-1,-1,-1,-1,-1,114
3341,iconname,100,0,-1,-1,-1,-1,-1,-1,-1,115
3342,iconname,100,1,-1,-1,-1,-1,-1,-1,-1,116
3343,iconname,100,2,-1,-1,-1,-1,-1,-1,-1,117
3344,iconname,100,3,-1,-1,-1,-1,-1,-1,-1,118
3345,iconname,56,-1,-1,-1,-1,-1,-1,-1,-1,121
3346,iconname,56,0,-1,-1,-1,-1,-1,-1,-1,122
3347,iconname,56,1,-1,-1,-1,-1,-1,-1,-1,123
3348,iconname,56,2,-1,-1,-1,-1,-1,-1,-1,124
3349,iconname,56,3,-1,-1,-1,-1,-1,-1,-1,125
3350,iconname,78,-1,-1,-1,-1,-1,-1,-1,-1,-1
3351,iconname,78,0,-1,-1,-1,-1,-1,-1,-1,-1
3352,iconname,78,1,-1,-1,-1,-1,-1,-1,-1,-1
3353,iconname,78,2,-1,-1,-1,-1,-1,-1,-1,-1
3354,iconname,78,3,-1,-1,-1,-1,-1,-1,-1,-1
3355,iconname,241,-1,-1,-1,-1,-1,-1,-1,-1,114
3356,iconname,241,0,-1,-1,-1,-1,-1,-1,-1,115
3357,iconname,241,1,-1,-1,-1,-1,-1,-1,-1,116
3358,iconname,241,2,-1,-1,-1,-1,-1,-1,-1,117
3359,iconname,241,3,-1,-1,-1,-1,-1,-1,-1,118
3360,iconname,37,-1,-1,-1,-1,-1,-1,-1,-1,-1
3361,iconname,37,0,-1,-1,-1,-1,-1,-1,-1,-1
3362,iconname,37,1,-1,-1,-1,-1,-1,-1,-1,-1
3363,iconname,37,2,-1,-1,-1,-1,-1,-1,-1,-1
3364,iconname,37,3,-1,-1,-1,-1,-1,-1,-1,-1
3365,iconname,273,-1,-1,-1,-1,-1,-1,-1,-1,-1
3366,iconname,273,0,-1,-1,-1,-1,-1,-1,-1,-1
3367,iconname,273,1,-1,-1,-1,-1,-1,-1,-1,-1
3368,iconname,273,2,-1,-1,-1,-1,-1,-1,-1,-1
3369,iconname,273,3,-1,-1,-1,-1,-1,-1,-1,-1
3370,iconname,23,-1,-1,-1,-1,-1,-1,-1,-1,-1
3371,iconname,23,0,-1,-1,-1,-1,-1,-1,-1,-1
3372,iconname,23,1,-1,-1,-1,-1,-1,-1,-1,-1
3373,iconname,23,2,-1,-1,-1,-1,-1,-1,-1,-1
3374,iconname,23,3,-1,-1,-1,-1,-1,-1,-1,-1
3375,iconname,274,-1,-1,-1,-1,-1,-1,-1,-1,-1
3376,iconname,274,0,-1,-1,-1,-1,-1,-1,-1,-1
3377,iconname,274,1,-1,-1,-1,-1,-1,-1,-1,-1
3378,iconname,274,2,-1,-1,-1,-1,-1,-1,-1,-1
3379,iconname,274,3,-1,-1,-1,-1,-1,-1,-1,-1
3380,iconname,240,-1,-1,-1,-1,-1,-1,-1,-1,-1
3381,iconname,240,0,-1,-1,-1,-1,-1,-1,-1,-1
3382,iconname,240,1,-1,-1,-1,-1,-1,-1,-1,-1
3383,iconname,240,2,-1,-1,-1,-1,-1,-1,-1,-1
3384,iconname,240,3,-1,-1,-1,-1,-1,-1,-1,-1
3385,iconname,275,-1,-1,-1,-1,-1,-1,-1,-1,-1
3386,iconname,275,0,-1,-1,-1,-1,-1,-1,-1,-1
3387,iconname,275,1,-1,-1,-1,-1,-1,-1,-1,-1
3388,iconname,275,2,-1,-1,-1,-1,-1,-1,-1,-1
3389,iconname,275,3,-1,-1,-1,-1,-1,-1,-1,-1
3390,iconname,269,-1,-1,-1,-1,-1,-1,-1,-1,-1
3391,iconname,269,0,-1,-1,-1,-1,-1,-1,-1,-1
3392,iconname,269,1,-1,-1,-1,-1,-1,-1,-1,-1
3393,iconname,269,2,-1,-1,-1,-1,-1,-1,-1,-1
3394,iconname,269,3,-1,-1,-1,-1,-1,-1,-1,-1
3395,iconname,276,-1,-1,-1,-1,-1,-1,-1,-1,-1
3396,iconname,276,0,-1,-1,-1,-1,-1,-1,-1,-1
3397,iconname,276,1,-1,-1,-1,-1,-1,-1,-1,-1
3398,iconname,276,2,-1,-1,-1,-1,-1,-1,-1,-1
3399,iconname,276,3,-1,-1,-1,-1,-1,-1,-1,-1
3400,iconname,71,-1,-1,-1,-1,-1,-1,-1,-1,100
3401,iconname,71,0,-1,-1,-1,-1,-1,-1,-1,101
3402,iconname,71,1,-1,-1,-1,-1,-1,-1,-1,102
3403,iconname,71,2,-1,-1,-1,-1,-1,-1,-1,103
3404,iconname,71,3,-1,-1,-1,-1,-1,-1,-1,104
3405,iconname,85,-1,-1,-1,-1,-1,-1,-1,-1,-1
3406,iconname,85,0,-1,-1,-1,-1,-1,-1,-1,-1
3407,iconname,85,1,-1,-1,-1,-1,-1,-1,-1,-1
3408,iconname,85,2,-1,-1,-1,-1,-1,-1,-1,-1
3409,iconname,85,3,-1,-1,-1,-1,-1,-1,-1,-1
3410,iconname,110,-1,-1,-1,-1,-1,-1,-1,-1,114
3411,iconname,110,0,-1,-1,-1,-1,-1,-1,-1,115
3412,iconname,110,1,-1,-1,-1,-1,-1,-1,-1,116
3413,iconname,110,2,-1,-1,-1,-1,-1,-1,-1,117
3414,iconname,110,3,-1,-1,-1,-1,-1,-1,-1,118
3415,iconname,223,-1,-1,-1,-1,-1,-1,-1,-1,-1
3416,iconname,223,0,-1,-1,-1,-1,-1,-1,-1,-1
3417,iconname,223,1,-1,-1,-1,-1,-1,-1,-1,-1
3418,iconname,223,2,-1,-1,-1,-1,-1,-1,-1,-1
3419,iconname,223,3,-1,-1,-1,-1,-1,-1,-1,-1
3420,iconname,27,-1,-1,-1,-1,-1,-1,-1,-1,-1
3421,iconname,27,0,-1,-1,-1,-1,-1,-1,-1,-1
3422,iconname,27,1,-1,-1,-1,-1,-1,-1,-1,-1
3423,iconname,27,2,-1,-1,-1,-1,-1,-1,-1,-1
3424,iconname,27,3,-1,-1,-1,-1,-1,-1,-1,-1
3425,iconname,213,-1,-1,-1,-1,-1,-1,-1,-1,-1
3426,iconname,213,0,-1,-1,-1,-1,-1,-1,-1,-1
3427,iconname,213,1,-1,-1,-1,-1,-1,-1,-1,-1
3428,iconname,213,2,-1,-1,-1,-1,-1,-1,-1,-1
3429,iconname,213,3,-1,-1,-1,-1,-1,-1,-1,-1
3430,iconname,432,-1,-1,-1,-1,-1,-1,-1,-1,149
3431,iconname,432,0,-1,-1,-1,-1,-1,-1,-1,150
3432,iconname,432,1,-1,-1,-1,-1,-1,-1,-1,151
3433,iconname,432,2,-1,-1,-1,-1,-1,-1,-1,152
3434,iconname,432,3,-1,-1,-1,-1,-1,-1,-1,153
3435,iconname,223,-1,-1,-1,-1,-1,-1,-1,-1,-1
3436,iconname,223,0,-1,-1,-1,-1,-1,-1,-1,-1
3437,iconname,223,1,-1,-1,-1,-1,-1,-1,-1,-1
3438,iconname,223,2,-1,-1,-1,-1,-1,-1,-1,-1
3439,iconname,223,3,-1,-1,-1,-1,-1,-1,-1,-1
3440,iconname,22,-1,-1,-1,-1,-1,-1,-1,-1,-1
3441,iconname,22,0,-1,-1,-1,-1,-1,-1,-1,-1
3442,iconname,22,1,-1,-1,-1,-1,-1,-1,-1,-1
3443,iconname,22,2,-1,-1,-1,-1,-1,-1,-1,-1
3444,iconname,22,3,-1,-1,-1,-1,-1,-1,-1,-1
3445,iconname,0,-1,-1,-1,-1,-1,-1,-1,-1,-1
3446,iconname,0,0,-1,-1,-1,-1,-1,-1,-1,-1
3447,iconname,0,1,-1,-1,-1,-1,-1,-1,-1,-1
3448,iconname,0,2,-1,-1,-1,-1,-1,-1,-1,-1
3449,iconname,0,3,-1,-1,-1,-1,-1,-1,-1,-1
3450,iconname,212,-1,-1,-1,-1,-1,-1,-1,-1,100
3451,iconname,212,0,-1,-1,-1,-1,-1,-1,-1,101
3452,iconname,212,1,-1,-1,-1,-1,-1,-1,-1,102
3453,iconname,212,2,-1,-1,-1,-1,-1,-1,-1,103
3454,iconname,212,3,-1,-1,-1,-1,-1,-1,-1,104
3455,iconname,0,-1,-1,-1,-1,-1,-1,-1,-1,-1
3456,iconname,0,0,-1,-1,-1,-1,-1,-1,-1,-1
3457,iconname,0,1,-1,-1,-1,-1,-1,-1,-1,-1
3458,iconname,0,2,-1,-1,-1,-1,-1,-1,-1,-1
3459,iconname,0,3,-1,-1,-1,-1,-1,-1,-1,-1
3460,iconname,433,-1,-1,-1,-1,-1,-1,-1,-1,149
3461,iconname,433,0,-1,-1,-1,-1,-1,-1,-1,150
3462,iconname,433,1,-1,-1,-1,-1,-1,-1,-1,151
3463,iconname,433,2,-1,-1,-1,-1,-1,-1,-1,152
3464,iconname,433,3,-1,-1,-1,-1,-1,-1,-1,153
3465,iconname,0,-1,-1,-1,-1,-1,-1,-1,-1,-1
3466,iconname,0,0,-1,-1,-1,-1,-1,-1,-1,-1
3467,iconname,0,1,-1,-1,-1,-1,-1,-1,-1,-1
3468,iconname,0,2,-1,-1,-1,-1,-1,-1,-1,-1
3469,iconname,0,3,-1,-1,-1,-1,-1,-1,-1,-1
3470,iconname,207,-1,-1,-1,-1,-1,-1,-1,-1,149
3471,iconname,207,0,-1,-1,-1,-1,-1,-1,-1,150
3472,iconname,207,1,-1,-1,-1,-1,-1,-1,-1,151
3473,iconname,207,2,-1,-1,-1,-1,-1,-1,-1,152
3474,iconname,207,3,-1,-1,-1,-1,-1,-1,-1,153
3475,iconname,0,-1,-1,-1,-1,-1,-1,-1,-1,-1
3476,iconname,0,0,-1,-1,-1,-1,-1,-1,-1,-1
3477,iconname,0,1,-1,-1,-1,-1,-1,-1,-1,-1
3478,iconname,0,2,-1,-1,-1,-1,-1,-1,-1,-1
3479,iconname,0,3,-1,-1,-1,-1,-1,-1,-1,-1
3480,iconname,231,-1,-1,-1,-1,-1,-1,-1,-1,149
3481,iconname,231,0,-1,-1,-1,-1,-1,-1,-1,150
3482,iconname,231,1,-1,-1,-1,-1,-1,-1,-1,151
3483,iconname,231,2,-1,-1,-1,-1,-1,-1,-1,152
3484,iconname,231,3,-1,-1,-1,-1,-1,-1,-1,153
3485,iconname,0,-1,-1,-1,-1,-1,-1,-1,-1,-1
3486,iconname,0,0,-1,-1,-1,-1,-1,-1,-1,-1
3487,iconname,0,1,-1,-1,-1,-1,-1,-1,-1,-1
3488,iconname,0,2,-1,-1,-1,-1,-1,-1,-1,-1
3489,iconname,0,3,-1,-1,-1,-1,-1,-1,-1,-1
3490,iconname,79,-1,-1,-1,-1,-1,-1,-1,-1,-1
3491,iconname,79,0,-1,-1,-1,-1,-1,-1,-1,150
3492,iconname,79,1,-1,-1,-1,-1,-1,-1,-1,151
3493,iconname,79,2,-1,-1,-1,-1,-1,-1,-1,152
3494,iconname,79,3,-1,-1,-1,-1,-1,-1,-1,153
3495,iconname,0,-1,-1,-1,-1,-1,-1,-1,-1,-1
3496,iconname,0,0,-1,-1,-1,-1,-1,-1,-1,-1
3497,iconname,0,1,-1,-1,-1,-1,-1,-1,-1,-1
3498,iconname,0,2,-1,-1,-1,-1,-1,-1,-1,-1
3499,iconname,0,3,-1,-1,-1,-1,-1,-1,-1,-1
3500,iconname,18,-1,-1,-1,-1,-1,-1,-1,-1,-1
3501,iconname,18,0,-1,-1,-1,-1,-1,-1,-1,-1
3502,iconname,18,1,-1,-1,-1,-1,-1,-1,-1,-1
3503,iconname,18,2,-1,-1,-1,-1,-1,-1,-1,-1
3504,iconname,18,3,-1,-1,-1,-1,-1,-1,-1,-1
3505,iconname,47,-1,-1,-1,-1,-1,-1,-1,-1,121
3506,iconname,47,0,-1,-1,-1,-1,-1,-1,-1,122
3507,iconname,47,1,-1,-1,-1,-1,-1,-1,-1,123
3508,iconname,47,2,-1,-1,-1,-1,-1,-1,-1,124
3509,iconname,47,3,-1,-1,-1,-1,-1,-1,-1,125
3510,iconname,111,-1,-1,-1,-1,-1,-1,-1,-1,-1
3511,iconname,111,0,-1,-1,-1,-1,-1,-1,-1,-1
3512,iconname,111,1,-1,-1,-1,-1,-1,-1,-1,-1
3513,iconname,111,2,-1,-1,-1,-1,-1,-1,-1,-1
3514,iconname,111,3,-1,-1,-1,-1,-1,-1,-1,-1
3515,iconname,149,-1,-1,-1,-1,-1,-1,-1,-1,121
3516,iconname,149,0,-1,-1,-1,-1,-1,-1,-1,122
3517,iconname,149,1,-1,-1,-1,-1,-1,-1,-1,123
3518,iconname,149,2,-1,-1,-1,-1,-1,-1,-1,124
3519,iconname,149,3,-1,-1,-1,-1,-1,-1,-1,125
3520,iconname,133,-1,-1,-1,-1,-1,-1,-1,-1,-1
3521,iconname,133,0,-1,-1,-1,-1,-1,-1,-1,-1
3522,iconname,133,1,-1,-1,-1,-1,-1,-1,-1,-1
3523,iconname,133,2,-1,-1,-1,-1,-1,-1,-1,-1
3524,iconname,133,3,-1,-1,-1,-1,-1,-1,-1,-1
3525,iconname,205,-1,-1,-1,-1,-1,-1,-1,-1,121
3526,iconname,205,0,-1,-1,-1,-1,-1,-1,-1,122
3527,iconname,205,1,-1,-1,-1,-1,-1,-1,-1,123
3528,iconname,205,2,-1,-1,-1,-1,-1,-1,-1,124
3529,iconname,205,3,-1,-1,-1,-1,-1,-1,-1,125
3530,iconname,322,-1,-1,-1,-1,-1,-1,-1,-1,114
3531,iconname,322,0,-1,-1,-1,-1,-1,-1,-1,115
3532,iconname,322,1,-1,-1,-1,-1,-1,-1,-1,116
3533,iconname,322,2,-1,-1,-1,-1,-1,-1,-1,117
3534,iconname,322,3,-1,-1,-1,-1,-1,-1,-1,118
3535,iconname,51,-1,-1,-1,-1,-1,-1,-1,-1,121
3536,iconname,51,0,-1,-1,-1,-1,-1,-1,-1,122
3537,iconname,51,1,-1,-1,-1,-1,-1,-1,-1,123
3538,iconname,51,2,-1,-1,-1,-1,-1,-1,-1,124
3539,iconname,51,3,-1,-1,-1,-1,-1,-1,-1,125
3540,iconname,17,-1,-1,-1,-1,-1,-1,-1,-1,-1
3541,iconname,17,0,-1,-1,-1,-1,-1,-1,-1,-1
3542,iconname,17,1,-1,-1,-1,-1,-1,-1,-1,-1
3543,iconname,17,2,-1,-1,-1,-1,-1,-1,-1,-1
3544,iconname,17,3,-1,-1,-1,-1,-1,-1,-1,-1
3545,iconname,231,-1,-1,-1,-1,-1,-1,-1,-1,121
3546,iconname,231,0,-1,-1,-1,-1,-1,-1,-1,122
3547,iconname,231,1,-1,-1,-1,-1,-1,-1,-1,123
3548,iconname,231,2,-1,-1,-1,-1,-1,-1,-1,124
3549,iconname,231,3,-1,-1,-1,-1,-1,-1,-1,125
3550,iconname,170,-1,-1,-1,-1,-1,-1,-1,-1,100
3551,iconname,170,0,-1,-1,-1,-1,-1,-1,-1,101
3552,iconname,170,1,-1,-1,-1,-1,-1,-1,-1,102
3553,iconname,170,2,-1,-1,-1,-1,-1,-1,-1,103
3554,iconname,170,3,-1,-1,-1,-1,-1,-1,-1,104
3555,iconname,225,-1,-1,-1,-1,-1,-1,-1,-1,121
3556,iconname,225,0,-1,-1,-1,-1,-1,-1,-1,122
3557,iconname,225,1,-1,-1,-1,-1,-1,-1,-1,123
3558,iconname,225,2,-1,-1,-1,-1,-1,-1,-1,124
3559,iconname,225,3,-1,-1,-1,-1,-1,-1,-1,125
3560,iconname,56,-1,-1,-1,-1,-1,-1,-1,-1,149
3561,iconname,56,0,-1,-1,-1,-1,-1,-1,-1,150
3562,iconname,56,1,-1,-1,-1,-1,-1,-1,-1,151
3563,iconname,56,2,-1,-1,-1,-1,-1,-1,-1,152
3564,iconname,56,3,-1,-1,-1,-1,-1,-1,-1,153
3565,iconname,17,-1,-1,-1,-1,-1,-1,-1,-1,121
3566,iconname,17,0,-1,-1,-1,-1,-1,-1,-1,122
3567,iconname,17,1,-1,-1,-1,-1,-1,-1,-1,123
3568,iconname,17,2,-1,-1,-1,-1,-1,-1,-1,124
3569,iconname,17,3,-1,-1,-1,-1,-1,-1,-1,125
3570,iconname,129,-1,-1,-1,-1,-1,-1,-1,-1,149
3571,iconname,129,0,-1,-1,-1,-1,-1,-1,-1,150
3572,iconname,129,1,-1,-1,-1,-1,-1,-1,-1,151
3573,iconname,129,2,-1,-1,-1,-1,-1,-1,-1,152
3574,iconname,129,3,-1,-1,-1,-1,-1,-1,-1,153
3575,iconname,79,-1,-1,-1,-1,-1,-1,-1,-1,121
3576,iconname,79,0,-1,-1,-1,-1,-1,-1,-1,122
3577,iconname,79,1,-1,-1,-1,-1,-1,-1,-1,123
3578,iconname,79,2,-1,-1,-1,-1,-1,-1,-1,124
3579,iconname,79,3,-1,-1,-1,-1,-1,-1,-1,125
3580,iconname,67,-1,-1,-1,-1,-1,-1,-1,-1,149
3581,iconname,67,0,-1,-1,-1,-1,-1,-1,-1,150
3582,iconname,67,1,-1,-1,-1,-1,-1,-1,-1,151
3583,iconname,67,2,-1,-1,-1,-1,-1,-1,-1,152
3584,iconname,67,3,-1,-1,-1,-1,-1,-1,-1,153
3585,iconname,77,-1,-1,-1,-1,-1,-1,-1,-1,121
3586,iconname,77,0,-1,-1,-1,-1,-1,-1,-1,122
3587,iconname,77,1,-1,-1,-1,-1,-1,-1,-1,123
3588,iconname,77,2,-1,-1,-1,-1,-1,-1,-1,124
3589,iconname,77,3,-1,-1,-1,-1,-1,-1,-1,125
3590,iconname,179,-1,-1,-1,-1,-1,-1,-1,-1,-1
3591,iconname,179,0,-1,-1,-1,-1,-1,-1,-1,-1
3592,iconname,179,1,-1,-1,-1,-1,-1,-1,-1,-1
3593,iconname,179,2,-1,-1,-1,-1,-1,-1,-1,-1
3594,iconname,179,3,-1,-1,-1,-1,-1,-1,-1,-1
3595,iconname,243,-1,-1,-1,-1,-1,-1,-1,-1,121
3596,iconname,243,0,-1,-1,-1,-1,-1,-1,-1,122
3597,iconname,243,1,-1,-1,-1,-1,-1,-1,-1,123
3598,iconname,243,2,-1,-1,-1,-1,-1,-1,-1,124
3599,iconname,243,3,-1,-1,-1,-1,-1,-1,-1,125
3600,iconname,13,5,-1,-1,-1,-1,-1,-1,-1,-1
3601,iconname,13,5,-1,-1,-1,-1,-1,-1,-1,-1
3602,iconname,83,5,-1,-1,-1,-1,-1,-1,-1,-1
3603,iconname,44,5,-1,-1,-1,-1,-1,-1,-1,-1
3604,iconname,24,5,-1,-1,-1,-1,-1,-1,-1,-1
3605,iconname,110,5,-1,-1,-1,-1,-1,-1,-1,-1
3606,iconname,226,5,-1,-1,-1,-1,-1,-1,-1,-1
3607,iconname,122,5,-1,-1,-1,-1,-1,-1,-1,-1
3608,iconname,60,5,-1,-1,-1,-1,-1,-1,-1,-1
3609,iconname,40,5,-1,-1,-1,-1,-1,-1,-1,-1
3610,iconname,227,5,-1,-1,-1,-1,-1,-1,-1,-1
3611,iconname,121,5,-1,-1,-1,-1,-1,-1,-1,-1
3612,iconname,33,5,-1,-1,-1,-1,-1,-1,-1,100
3613,iconname,33,5,-1,-1,-1,-1,-1,-1,-1,100
3614,iconname,80,5,-1,-1,-1,-1,-1,-1,-1,107
3615,iconname,11,5,-1,-1,-1,-1,-1,-1,-1,107
3616,iconname,182,5,-1,-1,-1,-1,-1,-1,-1,107
3617,iconname,71,5,-1,-1,-1,-1,-1,-1,-1,114
3618,iconname,71,5,-1,-1,-1,-1,-1,-1,-1,114
3619,iconname,23,5,-1,-1,-1,-1,-1,-1,-1,114
3620,iconname,23,5,-1,-1,-1,-1,-1,-1,-1,114
3621,iconname,122,5,-1,-1,-1,-1,-1,-1,-1,114
3622,iconname,226,5,-1,-1,-1,-1,-1,-1,-1,114
3623,iconname,40,5,-1,-1,-1,-1,-1,-1,-1,114
3624,iconname,227,5,-1,-1,-1,-1,-1,-1,-1,114
3625,iconname,110,5,-1,-1,-1,-1,-1,-1,-1,114
3626,iconname,200,5,-1,-1,-1,-1,-1,-1,-1,114
3627,iconname,222,5,-1,-1,-1,-1,-1,-1,-1,114
3628,iconname,222,5,-1,-1,-1,-1,-1,-1,-1,114
3629,iconname,16,5,-1,-1,-1,-1,-1,-1,-1,114
3630,iconname,110,5,-1,-1,-1,-1,-1,-1,-1,114
3631,iconname,161,5,-1,-1,-1,-1,-1,-1,-1,114
3632,iconname,61,5,-1,-1,-1,-1,-1,-1,-1,114
3633,iconname,163,5,-1,-1,-1,-1,-1,-1,-1,114
3634,iconname,163,5,-1,-1,-1,-1,-1,-1,-1,114
3635,iconname,193,5,-1,-1,-1,-1,-1,-1,-1,114
3636,iconname,193,5,-1,-1,-1,-1,-1,-1,-1,114
3637,iconname,201,5,-1,-1,-1,-1,-1,-1,-1,114
3638,iconname,70,5,-1,-1,-1,-1,-1,-1,-1,156
3639,iconname,85,5,-1,-1,-1,-1,-1,-1,-1,-1
3640,iconname,85,5,-1,-1,-1,-1,-1,-1,-1,-1
3641,iconname,85,5,-1,-1,-1,-1,-1,-1,-1,121
3642,iconname,85,5,-1,-1,-1,-1,-1,-1,-1,122
3643,iconname,97,5,-1,-1,-1,-1,-1,-1,-1,-1
3644,iconname,56,5,-1,-1,-1,-1,-1,-1,-1,-1
3645,iconname,56,5,-1,-1,-1,-1,-1,-1,-1,-1
3646,iconname,189,5,-1,-1,-1,-1,-1,-1,-1,107
3647,iconname,189,5,-1,-1,-1,-1,-1,-1,-1,-1
3648,iconname,56,5,-1,-1,-1,-1,-1,-1,-1,107
3649,iconname,56,5,-1,-1,-1,-1,-1,-1,-1,122
3650,iconname,224,5,-1,-1,-1,-1,-1,-1,-1,-1
3651,iconname,224,5,-1,-1,-1,-1,-1,-1,-1,121
3652,iconname,47,5,-1,-1,-1,-1,-1,-1,-1,121
3653,iconname,65,5,-1,-1,-1,-1,-1,-1,-1,-1
3654,iconname,27,5,-1,-1,-1,-1,-1,-1,-1,-1
3655,iconname,27,5,-1,-1,-1,-1,-1,-1,-1,-1
3656,iconname,139,5,-1,-1,-1,-1,-1,-1,-1,-1
3657,iconname,139,5,-1,-1,-1,-1,-1,-1,-1,122
3658,iconname,225,5,-1,-1,-1,-1,-1,-1,-1,121
3659,iconname,38,5,-1,-1,-1,-1,-1,-1,-1,-1
3660,iconname,38,5,-1,-1,-1,-1,-1,-1,-1,-1
3661,iconname,38,5,-1,-1,-1,-1,-1,-1,-1,121
3662,iconname,86,5,-1,-1,-1,-1,-1,-1,-1,142
3663,iconname,86,5,-1,-1,-1,-1,-1,-1,-1,143
3664,iconname,103,5,-1,-1,-1,-1,-1,-1,-1,142
3665,iconname,103,5,-1,-1,-1,-1,-1,-1,-1,143
3666,iconname,68,5,-1,-1,-1,-1,-1,-1,-1,135
3667,iconname,68,5,-1,-1,-1,-1,-1,-1,-1,136
3668,iconname,55,5,-1,-1,-1,-1,-1,-1,-1,135
3669,iconname,66,5,-1,-1,-1,-1,-1,-1,-1,-1
3670,iconname,66,5,-1,-1,-1,-1,-1,-1,-1,-1
3671,iconname,66,5,-1,-1,-1,-1,-1,-1,-1,121
3672,iconname,66,5,-1,-1,-1,-1,-1,-1,-1,122
3673,iconname,96,5,-1,-1,-1,-1,-1,-1,-1,121
3674,iconname,28,5,-1,-1,-1,-1,-1,-1,-1,-1
3675,iconname,28,5,-1,-1,-1,-1,-1,-1,-1,-1
3676,iconname,0,5,-1,-1,-1,-1,-1,-1,-1,-1
3677,iconname,28,5,-1,-1,-1,-1,-1,-1,-1,121
3678,iconname,89,5,-1,-1,-1,-1,-1,-1,-1,107
3679,iconname,89,5,-1,-1,-1,-1,-1,-1,-1,107
3680,iconname,270,5,-1,-1,-1,-1,-1,-1,-1,-1
3681,iconname,269,5,-1,-1,-1,-1,-1,-1,-1,-1
3682,iconname,37,5,-1,-1,-1,-1,-1,-1,-1,-1
3683,iconname,172,5,-1,-1,-1,-1,-1,-1,-1,-1
3684,iconname,172,5,-1,-1,-1,-1,-1,-1,-1,121
3685,iconname,204,5,-1,-1,-1,-1,-1,-1,-1,128
3686,iconname,57,5,-1,-1,-1,-1,-1,-1,-1,121
3687,iconname,17,5,-1,-1,-1,-1,-1,-1,-1,142
3688,iconname,17,5,-1,-1,-1,-1,-1,-1,-1,143
3689,iconname,56,5,-1,-1,-1,-1,-1,-1,-1,121
3690,iconname,56,5,-1,-1,-1,-1,-1,-1,-1,136
3691,iconname,216,5,-1,-1,-1,-1,-1,-1,-1,-1
3692,iconname,112,5,-1,-1,-1,-1,-1,-1,-1,-1
3693,iconname,217,5,-1,-1,-1,-1,-1,-1,-1,-1
3694,iconname,30,5,-1,-1,-1,-1,-1,-1,-1,-1
3695,iconname,217,5,-1,-1,-1,-1,-1,-1,-1,121
3696,iconname,30,5,-1,-1,-1,-1,-1,-1,-1,121
3697,iconname,16,5,-1,-1,-1,-1,-1,-1,-1,-1
3698,iconname,16,5,-1,-1,-1,-1,-1,-1,-1,-1
3699,iconname,94,5,-1,-1,-1,-1,-1,-1,-1,-1
3700,iconname,94,5,-1,-1,-1,-1,-1,-1,-1,122
3701,iconname,71,5,-1,-1,-1,-1,-1,-1,-1,-1
3702,iconname,66,5,-1,-1,-1,-1,-1,-1,-1,128
3703,iconname,182,5,-1,-1,-1,-1,-1,-1,-1,114
3704,iconname,70,5,-1,-1,-1,-1,-1,-1,-1,114
3705,Bainshee PW DDDebuff Gray,68,-1,-1,-1,-1,-1,-1,-1,-1,-1
3706,Bainshee PW DDDebuff Green,68,0,-1,-1,-1,-1,-1,-1,-1,-1
3707,Bainshee PW DDDebuff Blue,68,1,-1,-1,-1,-1,-1,-1,-1,-1
3708,Bainshee PW DDDebuff Yellow,68,2,-1,-1,-1,-1,-1,-1,-1,-1
3709,Bainshee PW DDDebuff Red,68,3,-1,-1,-1,-1,-1,-1,-1,-1
3710,iconname,0,5,-1,-1,-1,-1,-1,-1,-1,-1
3711,iconname,0,5,-1,-1,-1,-1,-1,-1,-1,-1
3712,iconname,0,5,-1,-1,-1,-1,-1,-1,-1,-1
3713,iconname,0,5,-1,-1,-1,-1,-1,-1,-1,-1
3714,iconname,0,5,-1,-1,-1,-1,-1,-1,-1,-1
3715,iconname,0,5,-1,-1,-1,-1,-1,-1,-1,-1
3716,iconname,0,5,-1,-1,-1,-1,-1,-1,-1,-1
3717,iconname,0,5,-1,-1,-1,-1,-1,-1,-1,-1
3718,iconname,0,5,-1,-1,-1,-1,-1,-1,-1,-1
3719,iconname,0,5,-1,-1,-1,-1,-1,-1,-1,-1
3720,iconname,0,5,-1,-1,-1,-1,-1,-1,-1,-1
3721,iconname,0,5,-1,-1,-1,-1,-1,-1,-1,-1
3722,iconname,0,5,-1,-1,-1,-1,-1,-1,-1,-1
3723,iconname,0,5,-1,-1,-1,-1,-1,-1,-1,-1
3724,iconname,0,5,-1,-1,-1,-1,-1,-1,-1,-1
3725,iconname,0,5,-1,-1,-1,-1,-1,-1,-1,-1
3726,iconname,0,5,-1,-1,-1,-1,-1,-1,-1,-1
3727,iconname,0,5,-1,-1,-1,-1,-1,-1,-1,-1
3728,iconname,0,5,-1,-1,-1,-1,-1,-1,-1,-1
3729,iconname,0,5,-1,-1,-1,-1,-1,-1,-1,-1
3730,iconname,0,5,-1,-1,-1,-1,-1,-1,-1,-1
3731,iconname,0,5,-1,-1,-1,-1,-1,-1,-1,-1
3732,iconname,0,5,-1,-1,-1,-1,-1,-1,-1,-1
3733,iconname,0,5,-1,-1,-1,-1,-1,-1,-1,-1
3734,iconname,0,5,-1,-1,-1,-1,-1,-1,-1,-1
3735,iconname,0,5,-1,-1,-1,-1,-1,-1,-1,-1
3736,iconname,0,5,-1,-1,-1,-1,-1,-1,-1,-1
3737,iconname,0,5,-1,-1,-1,-1,-1,-1,-1,-1
3738,iconname,0,5,-1,-1,-1,-1,-1,-1,-1,-1
3739,iconname,0,5,-1,-1,-1,-1,-1,-1,-1,-1
3740,iconname,0,5,-1,-1,-1,-1,-1,-1,-1,-1
3741,iconname,0,5,-1,-1,-1,-1,-1,-1,-1,-1
3742,iconname,0,5,-1,-1,-1,-1,-1,-1,-1,-1
3743,iconname,0,5,-1,-1,-1,-1,-1,-1,-1,-1
3744,iconname,0,5,-1,-1,-1,-1,-1,-1,-1,-1
3745,iconname,0,5,-1,-1,-1,-1,-1,-1,-1,-1
3746,iconname,0,5,-1,-1,-1,-1,-1,-1,-1,-1
3747,iconname,0,5,-1,-1,-1,-1,-1,-1,-1,-1
3748,iconname,0,5,-1,-1,-1,-1,-1,-1,-1,-1
3749,iconname,0,5,-1,-1,-1,-1,-1,-1,-1,-1
3750,iconname,0,5,-1,-1,-1,-1,-1,-1,-1,-1
3751,iconname,0,5,-1,-1,-1,-1,-1,-1,-1,-1
3752,iconname,0,5,-1,-1,-1,-1,-1,-1,-1,-1
3753,iconname,0,5,-1,-1,-1,-1,-1,-1,-1,-1
3754,iconname,0,5,-1,-1,-1,-1,-1,-1,-1,-1
3755,iconname,0,5,-1,-1,-1,-1,-1,-1,-1,-1
3756,iconname,0,5,-1,-1,-1,-1,-1,-1,-1,-1
3757,iconname,0,5,-1,-1,-1,-1,-1,-1,-1,-1
3758,iconname,0,5,-1,-1,-1,-1,-1,-1,-1,-1
3759,iconname,0,5,-1,-1,-1,-1,-1,-1,-1,-1
3760,iconname,0,5,-1,-1,-1,-1,-1,-1,-1,-1
3761,iconname,0,5,-1,-1,-1,-1,-1,-1,-1,-1
3762,iconname,0,5,-1,-1,-1,-1,-1,-1,-1,-1
3763,iconname,0,5,-1,-1,-1,-1,-1,-1,-1,-1
3764,iconname,0,5,-1,-1,-1,-1,-1,-1,-1,-1
3765,iconname,0,5,-1,-1,-1,-1,-1,-1,-1,-1
3766,iconname,0,5,-1,-1,-1,-1,-1,-1,-1,-1
3767,iconname,0,5,-1,-1,-1,-1,-1,-1,-1,-1
3768,iconname,0,5,-1,-1,-1,-1,-1,-1,-1,-1
3769,iconname,0,5,-1,-1,-1,-1,-1,-1,-1,-1
3770,iconname,0,5,-1,-1,-1,-1,-1,-1,-1,-1
3771,iconname,0,5,-1,-1,-1,-1,-1,-1,-1,-1
3772,iconname,0,5,-1,-1,-1,-1,-1,-1,-1,-1
3773,iconname,0,5,-1,-1,-1,-1,-1,-1,-1,-1
3774,iconname,0,5,-1,-1,-1,-1,-1,-1,-1,-1
3775,iconname,0,5,-1,-1,-1,-1,-1,-1,-1,-1
3776,iconname,0,5,-1,-1,-1,-1,-1,-1,-1,-1
3777,iconname,0,5,-1,-1,-1,-1,-1,-1,-1,-1
3778,iconname,0,5,-1,-1,-1,-1,-1,-1,-1,-1
3779,iconname,0,5,-1,-1,-1,-1,-1,-1,-1,-1
3780,iconname,0,5,-1,-1,-1,-1,-1,-1,-1,-1
3781,iconname,0,5,-1,-1,-1,-1,-1,-1,-1,-1
3782,iconname,0,5,-1,-1,-1,-1,-1,-1,-1,-1
3783,iconname,0,5,-1,-1,-1,-1,-1,-1,-1,-1
3784,iconname,0,5,-1,-1,-1,-1,-1,-1,-1,-1
3785,iconname,0,5,-1,-1,-1,-1,-1,-1,-1,-1
3786,iconname,0,5,-1,-1,-1,-1,-1,-1,-1,-1
3787,iconname,0,5,-1,-1,-1,-1,-1,-1,-1,-1
3788,iconname,0,5,-1,-1,-1,-1,-1,-1,-1,-1
3789,iconname,0,5,-1,-1,-1,-1,-1,-1,-1,-1
3790,iconname,0,5,-1,-1,-1,-1,-1,-1,-1,-1
3791,iconname,0,5,-1,-1,-1,-1,-1,-1,-1,-1
3792,iconname,0,5,-1,-1,-1,-1,-1,-1,-1,-1
3793,iconname,0,5,-1,-1,-1,-1,-1,-1,-1,-1
3794,iconname,0,5,-1,-1,-1,-1,-1,-1,-1,-1
3795,iconname,0,5,-1,-1,-1,-1,-1,-1,-1,-1
3796,iconname,0,5,-1,-1,-1,-1,-1,-1,-1,-1
3797,iconname,0,5,-1,-1,-1,-1,-1,-1,-1,-1
3798,iconname,0,5,-1,-1,-1,-1,-1,-1,-1,-1
3799,iconname,0,5,-1,-1,-1,-1,-1,-1,-1,-1
3800,iconname,49,-1,-1,-1,-1,-1,-1,-1,-1,-1
3801,iconname,81,-1,-1,-1,-1,-1,-1,-1,-1,-1
3802,Hind Strike,542,-1,0,-1,-1,-1,-1,7,-1,-1
3803,Spine Crack,18,-1,-1,-1,-1,-1,-1,7,-1,-1
3804,Rupture Feint,583,-1,1,-1,-1,-1,-1,-1,-1,-1
3805,Lateral Assault,18,-1,0,-1,-1,5,-1,-1,4,-1
3806,Flanking Blow,112,-1,-1,-1,-1,5,-1,-1,4,-1
3807,Gouge Feint,571,-1,1,-1,-1,-1,-1,-1,-1,-1
3808,Backfire,775,-1,0,-1,8,-1,-1,-1,-1,-1
3809,Recoil,777,-1,0,-1,10,-1,-1,-1,-1,-1
3810,Kickback,567,-1,1,-1,-1,-1,-1,-1,-1,-1
3811,Reposte,653,-1,1,-1,-1,-1,-1,-1,-1,-1
3812,Tenacity,618,-1,0,-1,-1,-1,-1,-1,-1,-1
3813,Resilience,584,-1,-1,-1,-1,-1,-1,-1,-1,-1
3814,Onslaught,622,-1,1,-1,-1,-1,-1,-1,-1,-1
3815,Vengeance,558,-1,1,-1,-1,-1,-1,-1,-1,-1
3816,Shield Bludgeon,778,-1,-1,-1,-1,-1,-1,-1,-1,-1
3817,Retaliation,774,-1,-1,-1,8,-1,-1,-1,-1,-1
3818,Foe Splitter,781,-1,-1,-1,-1,-1,11,-1,-1,-1
3819,Anticipation,619,-1,0,-1,10,-1,-1,-1,-1,-1
3820,Concuss,537,-1,1,-1,-1,-1,-1,-1,-1,-1
3821,iconname,501,-1,-1,-1,-1,-1,-1,-1,-1,-1
3822,iconname,834,-1,-1,-1,-1,-1,-1,-1,-1,-1
3823,Event Champ SP Pulse,384,9,-1,-1,-1,-1,-1,-1,-1,119
3824,Event Champ DA Pulse,182,9,-1,-1,-1,-1,-1,-1,-1,119
3825,Event Champ DA,182,3,-1,-1,-1,-1,-1,-1,-1,-1
3826,Event Champ Celerity Pulse,338,9,-1,-1,-1,-1,-1,-1,-1,119
3827,Event Champ Ablative Pulse,385,9,-1,-1,-1,-1,-1,-1,-1,119
3828,Event Champ Ablative,173,3,-1,-1,-1,-1,-1,-1,-1,-1
3829,Event Champ Elemental Pulse,21,9,-1,-1,-1,-1,-1,-1,-1,119
3830,Event Champ Spiritual Pulse,41,9,-1,-1,-1,-1,-1,-1,-1,119
3831,Event Champ Physical Pulse,31,9,-1,-1,-1,-1,-1,-1,-1,119
3832,Event Champ Elemental,90,3,-1,-1,-1,-1,-1,-1,-1,-1
3833,Event Champ Spiritual,70,3,-1,-1,-1,-1,-1,-1,-1,-1
3834,Event Champ Endo Pulse,380,9,-1,-1,-1,-1,-1,-1,-1,119
3835,Event Champ Power Pulse,362,9,-1,-1,-1,-1,-1,-1,-1,119
3836,Event Champ Power Pulse,325,3,-1,-1,-1,-1,-1,-1,-1,-1
3837,Event Champ AoE Rez,345,9,-1,-1,-1,-1,-1,-1,-1,-1
3838,Event Champ Effect,198,9,-1,-1,-1,-1,-1,-1,-1,119
3839,Event Champ SP,223,3,-1,-1,-1,-1,-1,-1,-1,-1
3840,iconname,0,-1,-1,-1,-1,-1,-1,-1,-1,-1
3841,iconname,0,-1,-1,-1,-1,-1,-1,-1,-1,-1
3842,iconname,0,-1,-1,-1,-1,-1,-1,-1,-1,-1
3843,iconname,0,-1,-1,-1,-1,-1,-1,-1,-1,-1
3844,iconname,0,-1,-1,-1,-1,-1,-1,-1,-1,-1
3845,iconname,0,-1,-1,-1,-1,-1,-1,-1,-1,-1
3846,iconname,0,-1,-1,-1,-1,-1,-1,-1,-1,-1
3847,iconname,0,-1,-1,-1,-1,-1,-1,-1,-1,-1
3848,iconname,0,-1,-1,-1,-1,-1,-1,-1,-1,-1
3849,iconname,0,-1,-1,-1,-1,-1,-1,-1,-1,-1
3850,iconname,0,-1,-1,-1,-1,-1,-1,-1,-1,-1
3851,iconname,0,-1,-1,-1,-1,-1,-1,-1,-1,-1
3852,iconname,0,-1,-1,-1,-1,-1,-1,-1,-1,-1
3853,iconname,0,-1,-1,-1,-1,-1,-1,-1,-1,-1
3854,iconname,0,-1,-1,-1,-1,-1,-1,-1,-1,-1
3855,iconname,0,-1,-1,-1,-1,-1,-1,-1,-1,-1
3856,iconname,0,-1,-1,-1,-1,-1,-1,-1,-1,-1
3857,iconname,0,-1,-1,-1,-1,-1,-1,-1,-1,-1
3858,iconname,0,-1,-1,-1,-1,-1,-1,-1,-1,-1
3859,iconname,0,-1,-1,-1,-1,-1,-1,-1,-1,-1
3860,iconname,0,-1,-1,-1,-1,-1,-1,-1,-1,-1
3861,iconname,0,-1,-1,-1,-1,-1,-1,-1,-1,-1
3862,iconname,0,-1,-1,-1,-1,-1,-1,-1,-1,-1
3863,iconname,0,-1,-1,-1,-1,-1,-1,-1,-1,-1
3864,iconname,0,-1,-1,-1,-1,-1,-1,-1,-1,-1
3865,iconname,0,-1,-1,-1,-1,-1,-1,-1,-1,-1
3866,iconname,0,-1,-1,-1,-1,-1,-1,-1,-1,-1
3867,iconname,0,-1,-1,-1,-1,-1,-1,-1,-1,-1
3868,iconname,0,-1,-1,-1,-1,-1,-1,-1,-1,-1
3869,iconname,0,-1,-1,-1,-1,-1,-1,-1,-1,-1
3870,iconname,0,-1,-1,-1,-1,-1,-1,-1,-1,-1
3871,iconname,0,-1,-1,-1,-1,-1,-1,-1,-1,-1
3872,iconname,0,-1,-1,-1,-1,-1,-1,-1,-1,-1
3873,iconname,0,-1,-1,-1,-1,-1,-1,-1,-1,-1
3874,iconname,0,-1,-1,-1,-1,-1,-1,-1,-1,-1
3875,iconname,0,-1,-1,-1,-1,-1,-1,-1,-1,-1
3876,iconname,0,-1,-1,-1,-1,-1,-1,-1,-1,-1
3877,iconname,0,-1,-1,-1,-1,-1,-1,-1,-1,-1
3878,iconname,0,-1,-1,-1,-1,-1,-1,-1,-1,-1
3879,iconname,0,-1,-1,-1,-1,-1,-1,-1,-1,-1
3880,iconname,0,-1,-1,-1,-1,-1,-1,-1,-1,-1
3881,iconname,0,-1,-1,-1,-1,-1,-1,-1,-1,-1
3882,iconname,0,-1,-1,-1,-1,-1,-1,-1,-1,-1
3883,iconname,0,-1,-1,-1,-1,-1,-1,-1,-1,-1
3884,iconname,0,-1,-1,-1,-1,-1,-1,-1,-1,-1
3885,iconname,0,-1,-1,-1,-1,-1,-1,-1,-1,-1
3886,iconname,0,-1,-1,-1,-1,-1,-1,-1,-1,-1
3887,iconname,0,-1,-1,-1,-1,-1,-1,-1,-1,-1
3888,iconname,0,-1,-1,-1,-1,-1,-1,-1,-1,-1
3889,iconname,0,-1,-1,-1,-1,-1,-1,-1,-1,-1
3890,iconname,0,-1,-1,-1,-1,-1,-1,-1,-1,-1
3891,iconname,0,-1,-1,-1,-1,-1,-1,-1,-1,-1
3892,iconname,0,-1,-1,-1,-1,-1,-1,-1,-1,-1
3893,iconname,0,-1,-1,-1,-1,-1,-1,-1,-1,-1
3894,iconname,0,-1,-1,-1,-1,-1,-1,-1,-1,-1
3895,iconname,0,-1,-1,-1,-1,-1,-1,-1,-1,-1
3896,iconname,0,-1,-1,-1,-1,-1,-1,-1,-1,-1
3897,iconname,0,-1,-1,-1,-1,-1,-1,-1,-1,-1
3898,iconname,0,-1,-1,-1,-1,-1,-1,-1,-1,-1
3899,iconname,0,-1,-1,-1,-1,-1,-1,-1,-1,-1
3900,iconname,262,-1,-1,-1,-1,-1,-1,-1,-1,121
3901,iconname,262,0,-1,-1,-1,-1,-1,-1,-1,122
3902,iconname,262,1,-1,-1,-1,-1,-1,-1,-1,123
3903,iconname,262,2,-1,-1,-1,-1,-1,-1,-1,124
3904,iconname,262,3,-1,-1,-1,-1,-1,-1,-1,125
3905,iconname,263,-1,-1,-1,-1,-1,-1,-1,-1,-1
3906,iconname,263,0,-1,-1,-1,-1,-1,-1,-1,-1
3907,iconname,263,1,-1,-1,-1,-1,-1,-1,-1,-1
3908,iconname,263,2,-1,-1,-1,-1,-1,-1,-1,-1
3909,iconname,263,3,-1,-1,-1,-1,-1,-1,-1,-1
3910,iconname,264,-1,-1,-1,-1,-1,-1,-1,-1,-1
3911,iconname,264,0,-1,-1,-1,-1,-1,-1,-1,-1
3912,iconname,264,1,-1,-1,-1,-1,-1,-1,-1,-1
3913,iconname,264,2,-1,-1,-1,-1,-1,-1,-1,-1
3914,iconname,264,3,-1,-1,-1,-1,-1,-1,-1,-1
3915,iconname,219,-1,-1,-1,-1,-1,-1,-1,-1,-1
3916,iconname,219,0,-1,-1,-1,-1,-1,-1,-1,-1
3917,iconname,219,1,-1,-1,-1,-1,-1,-1,-1,-1
3918,iconname,219,2,-1,-1,-1,-1,-1,-1,-1,-1
3919,iconname,219,3,-1,-1,-1,-1,-1,-1,-1,-1
3920,iconname,265,-1,-1,-1,-1,-1,-1,-1,-1,-1
3921,iconname,265,0,-1,-1,-1,-1,-1,-1,-1,-1
3922,iconname,265,1,-1,-1,-1,-1,-1,-1,-1,-1
3923,iconname,265,2,-1,-1,-1,-1,-1,-1,-1,-1
3924,iconname,265,3,-1,-1,-1,-1,-1,-1,-1,-1
3925,iconname,113,-1,-1,-1,-1,-1,-1,-1,-1,149
3926,iconname,113,0,-1,-1,-1,-1,-1,-1,-1,150
3927,iconname,113,1,-1,-1,-1,-1,-1,-1,-1,151
3928,iconname,113,2,-1,-1,-1,-1,-1,-1,-1,152
3929,iconname,113,3,-1,-1,-1,-1,-1,-1,-1,153
3930,iconname,79,-1,-1,-1,-1,-1,-1,-1,-1,121
3931,iconname,79,0,-1,-1,-1,-1,-1,-1,-1,122
3932,iconname,79,1,-1,-1,-1,-1,-1,-1,-1,123
3933,iconname,79,2,-1,-1,-1,-1,-1,-1,-1,124
3934,iconname,79,3,-1,-1,-1,-1,-1,-1,-1,125
3935,iconname,129,-1,-1,-1,-1,-1,-1,-1,-1,121
3936,iconname,129,0,-1,-1,-1,-1,-1,-1,-1,122
3937,iconname,129,1,-1,-1,-1,-1,-1,-1,-1,123
3938,iconname,129,2,-1,-1,-1,-1,-1,-1,-1,124
3939,iconname,129,3,-1,-1,-1,-1,-1,-1,-1,125
3940,iconname,129,-1,-1,-1,-1,-1,-1,-1,-1,149
3941,iconname,129,0,-1,-1,-1,-1,-1,-1,-1,150
3942,iconname,129,1,-1,-1,-1,-1,-1,-1,-1,151
3943,iconname,129,2,-1,-1,-1,-1,-1,-1,-1,152
3944,iconname,129,3,-1,-1,-1,-1,-1,-1,-1,153
3945,iconname,266,-1,-1,-1,-1,-1,-1,-1,-1,100
3946,iconname,266,0,-1,-1,-1,-1,-1,-1,-1,101
3947,iconname,266,1,-1,-1,-1,-1,-1,-1,-1,102
3948,iconname,266,2,-1,-1,-1,-1,-1,-1,-1,103
3949,iconname,266,3,-1,-1,-1,-1,-1,-1,-1,104
3950,iconname,60,-1,-1,-1,-1,-1,-1,-1,-1,114
3951,iconname,60,0,-1,-1,-1,-1,-1,-1,-1,115
3952,iconname,60,1,-1,-1,-1,-1,-1,-1,-1,116
3953,iconname,60,2,-1,-1,-1,-1,-1,-1,-1,117
3954,iconname,60,3,-1,-1,-1,-1,-1,-1,-1,118
3955,iconname,247,-1,-1,-1,-1,-1,-1,-1,-1,-1
3956,iconname,248,-1,-1,-1,-1,-1,-1,-1,-1,-1
3957,iconname,249,-1,-1,-1,-1,-1,-1,-1,-1,-1
3958,iconname,0,-1,-1,-1,-1,-1,-1,-1,-1,-1
3959,iconname,198,3,-1,-1,-1,-1,-1,-1,-1,-1
3960,iconname,1536,7,-1,-1,-1,-1,-1,-1,-1,-1
3961,iconname,1537,7,-1,-1,-1,-1,-1,-1,-1,-1
3962,iconname,1538,7,-1,-1,-1,-1,-1,-1,-1,-1
3963,iconname,1539,7,-1,-1,-1,-1,-1,-1,-1,-1
3964,iconname,1540,7,-1,-1,-1,-1,-1,-1,-1,-1
3965,iconname,1541,7,-1,-1,-1,-1,-1,-1,-1,-1
3966,iconname,1542,7,-1,-1,-1,-1,-1,-1,-1,-1
3967,iconname,1543,7,-1,-1,-1,-1,-1,-1,-1,-1
3968,iconname,1544,7,-1,-1,-1,-1,-1,-1,-1,-1
3969,iconname,1545,7,-1,-1,-1,-1,-1,-1,-1,-1
3970,iconname,1546,7,-1,-1,-1,-1,-1,-1,-1,-1
3971,iconname,1547,7,-1,-1,-1,-1,-1,-1,-1,-1
3972,iconname,1548,7,-1,-1,-1,-1,-1,-1,-1,-1
3973,iconname,1549,7,-1,-1,-1,-1,-1,-1,-1,-1
3974,iconname,1550,7,-1,-1,-1,-1,-1,-1,-1,-1
3975,iconname,1551,7,-1,-1,-1,-1,-1,-1,-1,-1
3976,iconname,1552,7,-1,-1,-1,-1,-1,-1,-1,-1
3977,iconname,1553,7,-1,-1,-1,-1,-1,-1,-1,-1
3978,iconname,1554,7,-1,-1,-1,-1,-1,-1,-1,-1
3979,iconname,1555,7,-1,-1,-1,-1,-1,-1,-1,-1
3980,iconname,1556,7,-1,-1,-1,-1,-1,-1,-1,-1
3981,iconname,1557,7,-1,-1,-1,-1,-1,-1,-1,-1
3982,iconname,244,-1,-1,-1,-1,-1,-1,-1,-1,114
3983,iconname,245,-1,-1,-1,-1,-1,-1,-1,-1,114
3984,iconname,246,-1,-1,-1,-1,-1,-1,-1,-1,114
3985,iconname,250,-1,-1,-1,-1,-1,-1,-1,-1,-1
3986,iconname,250,0,-1,-1,-1,-1,-1,-1,-1,-1
3987,iconname,250,1,-1,-1,-1,-1,-1,-1,-1,-1
3988,iconname,250,2,-1,-1,-1,-1,-1,-1,-1,-1
3989,iconname,250,3,-1,-1,-1,-1,-1,-1,-1,-1
3990,iconname,251,-1,-1,-1,-1,-1,-1,-1,-1,-1
3991,iconname,251,0,-1,-1,-1,-1,-1,-1,-1,-1
3992,iconname,251,1,-1,-1,-1,-1,-1,-1,-1,-1
3993,iconname,251,2,-1,-1,-1,-1,-1,-1,-1,-1
3994,iconname,251,3,-1,-1,-1,-1,-1,-1,-1,-1
3995,iconname,252,-1,-1,-1,-1,-1,-1,-1,-1,-1
3996,iconname,252,0,-1,-1,-1,-1,-1,-1,-1,-1
3997,iconname,252,1,-1,-1,-1,-1,-1,-1,-1,-1
3998,iconname,252,2,-1,-1,-1,-1,-1,-1,-1,-1
3999,iconname,252,3,-1,-1,-1,-1,-1,-1,-1,-1
4000,iconname,253,-1,-1,-1,-1,-1,-1,-1,-1,-1
4001,iconname,253,0,-1,-1,-1,-1,-1,-1,-1,-1
4002,iconname,253,1,-1,-1,-1,-1,-1,-1,-1,-1
4003,iconname,253,2,-1,-1,-1,-1,-1,-1,-1,-1
4004,iconname,253,3,-1,-1,-1,-1,-1,-1,-1,-1
4005,notused,255,-1,-1,-1,-1,-1,-1,-1,-1,128
4006,notused,255,0,-1,-1,-1,-1,-1,-1,-1,129
4007,notused,255,1,-1,-1,-1,-1,-1,-1,-1,130
4008,notused,255,2,-1,-1,-1,-1,-1,-1,-1,131
4009,notused,255,3,-1,-1,-1,-1,-1,-1,-1,132
4010,notused,261,-1,-1,-1,-1,-1,-1,-1,-1,-1
4011,notused,261,0,-1,-1,-1,-1,-1,-1,-1,-1
4012,notused,261,1,-1,-1,-1,-1,-1,-1,-1,-1
4013,notused,261,2,-1,-1,-1,-1,-1,-1,-1,-1
4014,notused,261,3,-1,-1,-1,-1,-1,-1,-1,-1
4015,notused,258,-1,-1,-1,-1,-1,-1,-1,-1,-1
4016,notused,258,0,-1,-1,-1,-1,-1,-1,-1,-1
4017,notused,258,1,-1,-1,-1,-1,-1,-1,-1,-1
4018,notused,258,2,-1,-1,-1,-1,-1,-1,-1,-1
4019,notused,258,3,-1,-1,-1,-1,-1,-1,-1,-1
4020,notused,259,-1,-1,-1,-1,-1,-1,-1,-1,-1
4021,notused,259,0,-1,-1,-1,-1,-1,-1,-1,-1
4022,notused,259,1,-1,-1,-1,-1,-1,-1,-1,-1
4023,notused,259,2,-1,-1,-1,-1,-1,-1,-1,-1
4024,notused,259,3,-1,-1,-1,-1,-1,-1,-1,-1
4025,notused,256,-1,-1,-1,-1,-1,-1,-1,-1,-1
4026,notused,256,0,-1,-1,-1,-1,-1,-1,-1,-1
4027,notused,256,1,-1,-1,-1,-1,-1,-1,-1,-1
4028,notused,256,2,-1,-1,-1,-1,-1,-1,-1,-1
4029,notused,256,3,-1,-1,-1,-1,-1,-1,-1,-1
4030,notused,257,-1,-1,-1,-1,-1,-1,-1,-1,-1
4031,notused,257,0,-1,-1,-1,-1,-1,-1,-1,-1
4032,notused,257,1,-1,-1,-1,-1,-1,-1,-1,-1
4033,notused,257,2,-1,-1,-1,-1,-1,-1,-1,-1
4034,notused,257,3,-1,-1,-1,-1,-1,-1,-1,-1
4035,notused,254,-1,-1,-1,-1,-1,-1,-1,-1,-1
4036,notused,254,0,-1,-1,-1,-1,-1,-1,-1,-1
4037,notused,254,1,-1,-1,-1,-1,-1,-1,-1,-1
4038,notused,254,2,-1,-1,-1,-1,-1,-1,-1,-1
4039,notused,254,3,-1,-1,-1,-1,-1,-1,-1,-1
4040,notused,260,-1,-1,-1,-1,-1,-1,-1,-1,-1
4041,notused,260,0,-1,-1,-1,-1,-1,-1,-1,-1
4042,notused,260,1,-1,-1,-1,-1,-1,-1,-1,-1
4043,notused,260,2,-1,-1,-1,-1,-1,-1,-1,-1
4044,notused,260,3,-1,-1,-1,-1,-1,-1,-1,-1
4045,notused,75,-1,-1,-1,-1,-1,-1,-1,-1,107
4046,notused,75,0,-1,-1,-1,-1,-1,-1,-1,108
4047,notused,75,1,-1,-1,-1,-1,-1,-1,-1,109
4048,notused,75,2,-1,-1,-1,-1,-1,-1,-1,110
4049,notused,75,3,-1,-1,-1,-1,-1,-1,-1,111
4050,notused,15,-1,-1,-1,-1,-1,-1,-1,-1,107
4051,notused,15,0,-1,-1,-1,-1,-1,-1,-1,108
4052,notused,15,1,-1,-1,-1,-1,-1,-1,-1,109
4053,notused,15,2,-1,-1,-1,-1,-1,-1,-1,110
4054,notused,15,3,-1,-1,-1,-1,-1,-1,-1,111
4055,notused,123,-1,-1,-1,-1,-1,-1,-1,-1,107
4056,notused,123,0,-1,-1,-1,-1,-1,-1,-1,108
4057,notused,123,1,-1,-1,-1,-1,-1,-1,-1,109
4058,notused,123,2,-1,-1,-1,-1,-1,-1,-1,110
4059,notused,123,3,-1,-1,-1,-1,-1,-1,-1,111
4060,notused,90,-1,-1,-1,-1,-1,-1,-1,-1,107
4061,notused,90,0,-1,-1,-1,-1,-1,-1,-1,108
4062,notused,90,1,-1,-1,-1,-1,-1,-1,-1,109
4063,notused,90,2,-1,-1,-1,-1,-1,-1,-1,110
4064,notused,90,3,-1,-1,-1,-1,-1,-1,-1,111
4065,dragonsworn medal,1522,-1,-1,-1,-1,-1,-1,-1,-1,-1
4066,notused,0,-1,-1,-1,-1,-1,-1,-1,-1,-1
4067,notused,0,-1,-1,-1,-1,-1,-1,-1,-1,-1
4068,alb medal of honor,1530,-1,-1,-1,-1,-1,-1,-1,-1,114
4069,mid medal of honor,1531,-1,-1,-1,-1,-1,-1,-1,-1,114
4070,hib medal of honor,1532,-1,-1,-1,-1,-1,-1,-1,-1,114
4071,Healer Off Proc Gray,212,-1,-1,-1,-1,-1,-1,-1,-1,114
4072,Healer Off Proc Green,212,0,-1,-1,-1,-1,-1,-1,-1,115
4073,Healer Off Proc Blue,212,1,-1,-1,-1,-1,-1,-1,-1,116
4074,Healer Off Proc Yellow,212,2,-1,-1,-1,-1,-1,-1,-1,117
4075,Healer Off Proc Purple,212,3,-1,-1,-1,-1,-1,-1,-1,118
4076,Pet Mezz Damp Gray,195,-1,-1,-1,-1,-1,-1,-1,-1,-1
4077,Pet Mezz Damp Green,195,0,-1,-1,-1,-1,-1,-1,-1,-1
4078,Pet Mezz Damp Blue,195,1,-1,-1,-1,-1,-1,-1,-1,-1
4079,Pet Mezz Damp Yellow,195,2,-1,-1,-1,-1,-1,-1,-1,-1
4080,Pet Mezz Damp Red,195,3,-1,-1,-1,-1,-1,-1,-1,-1
4081,Enchatner Pet DA Yellow,145,2,-1,-1,-1,-1,-1,-1,-1,-1
4082,Enchanter Pet DA Red,145,3,-1,-1,-1,-1,-1,-1,-1,-1
4083,Enchanter Pet Eff Yellow,176,2,-1,-1,-1,-1,-1,-1,-1,-1
4084,Enchanter Pet Eff Yellow,176,3,-1,-1,-1,-1,-1,-1,-1,-1
4085,Enchanter AOEDebuff Gray,78,-1,-1,-1,-1,-1,-1,-1,-1,121
4086,Enchanter AOEDebuff Green,78,0,-1,-1,-1,-1,-1,-1,-1,122
4087,Enchanter AOEDebuff Blue,78,1,-1,-1,-1,-1,-1,-1,-1,123
4088,Enchanter AOEDebuff Yellow,78,2,-1,-1,-1,-1,-1,-1,-1,124
4089,Enchanter AOEDebuff Red,78,3,-1,-1,-1,-1,-1,-1,-1,125
4090,notused,0,-1,-1,-1,-1,-1,-1,-1,-1,-1
4091,notused,0,0,-1,-1,-1,-1,-1,-1,-1,-1
4092,Nereid Potion,287,1,-1,-1,-1,-1,-1,-1,-1,116
4093,notused,0,2,-1,-1,-1,-1,-1,-1,-1,-1
4094,NPC-debuff spell,64,3,-1,-1,-1,-1,-1,-1,-1,-1
4095,notused,0,-1,-1,-1,-1,-1,-1,-1,-1,-1
4096,notused,0,0,-1,-1,-1,-1,-1,-1,-1,-1
4097,notused,0,1,-1,-1,-1,-1,-1,-1,-1,-1
4098,notused,0,2,-1,-1,-1,-1,-1,-1,-1,-1
4099,notused,0,3,-1,-1,-1,-1,-1,-1,-1,-1
4100,dragonsworn chain helm,1560,-1,-1,-1,-1,-1,-1,-1,-1,-1
4101,dragonsworn scale helm,1561,-1,-1,-1,-1,-1,-1,-1,-1,-1
4102,dragonsworn plate helm,1562,-1,-1,-1,-1,-1,-1,-1,-1,-1
4103,Odin's Faith,160,1,-1,-1,-1,-1,-1,-1,-1,103
4104,Odin's Virtue,160,2,-1,-1,-1,-1,-1,-1,-1,105
4105,Odin's Temperance,160,3,-1,-1,-1,-1,-1,-1,-1,104
4106,Revenge,553,-1,0,-1,9,-1,-1,-1,-1,-1
4107,Celerity Tincture,200,3,-1,-1,-1,-1,-1,-1,-1,118
4108,Replentish,228,2,-1,-1,-1,-1,-1,-1,-1,117
4109,Vigor of the Defiant,102,2,-1,-1,-1,-1,-1,-1,-1,103
4110,Blessing of Omnipotence,228,2,-1,-1,-1,-1,-1,-1,-1,103
4111,Enhanced Intelligence,121,2,-1,-1,-1,-1,-1,-1,-1,103
4112,Enhanced Agility,227,2,-1,-1,-1,-1,-1,-1,-1,103
4113,Protection of the Ancestors,100,2,-1,-1,-1,-1,-1,-1,-1,103
4114,Fungal Rejuvenation,83,1,-1,-1,-1,-1,-1,-1,-1,102
4115,Fungal Regeneration,83,2,-1,-1,-1,-1,-1,-1,-1,103
4116,Fungal Restoration,83,3,-1,-1,-1,-1,-1,-1,-1,104
4117,Shades of Mist,137,3,-1,-1,-1,-1,-1,-1,-1,118
4118,Tablet of Atlantis,155,3,-1,-1,-1,-1,-1,-1,-1,118
4119,Weak Elixir of Healing,13,-1,-1,-1,-1,-1,-1,-1,-1,114
4120,Elixir of Healing,13,0,-1,-1,-1,-1,-1,-1,-1,115
4121,Improved Elixir of Healing,13,1,-1,-1,-1,-1,-1,-1,-1,116
4122,Strong Elixir of Healing,13,2,-1,-1,-1,-1,-1,-1,-1,117
4123,Arrogance,93,3,-1,-1,-1,-1,-1,-1,-1,118
4124,Egg of Youth effects,12,1,-1,-1,-1,-1,-1,-1,-1,116
4125,Stealth Lore,121,3,-1,-1,-1,-1,-1,-1,-1,118
4126,Aura of Strength,20,-1,-1,-1,-1,-1,-1,-1,-1,114
4127,Amplify Wisdom,121,3,-1,-1,-1,-1,-1,-1,-1,118
4128,Assault (Hybrid),721,-1,1,-1,-1,-1,-1,-1,-1,-1
4129,Baldur's Fury (hybrid),722,-1,-1,-1,-1,5,-1,-1,4,-1
4130,Niord's Fury (hybrid),629,-1,0,-1,-1,-1,-1,7,-1,-1
4131,Ragnarok (hybrid),725,-1,1,-1,-1,-1,-1,-1,-1,-1
4132,Nature's Heart of Wrath,71,3,-1,-1,-1,-1,-1,-1,-1,-1
4133,Celestial Resurrection,12,2,-1,-1,-1,-1,-1,-1,-1,187
4134,Assault (Stealthers),721,-1,1,-1,9,-1,-1,-1,-1,-1
4135,Climbing Spikes,213,3,-1,-1,-1,-1,-1,-1,-1,118
4136,Heel Clip,778,-1,-1,-1,-1,-1,-1,7,-1,188
4137,Windfall,534,-1,0,-1,9,-1,-1,-1,-1,-1
4138,Bruiser,520,-1,0,-1,9,-1,-1,-1,-1,-1
4139,Skull Breaker,526,-1,0,-1,10,-1,-1,-1,-1,-1
4140,Concussion,521,-1,0,-1,8,-1,-1,-1,-1,-1
4141,Kinetic Blade,637,-1,-1,-1,9,-1,-1,-1,-1,-1
4142,Dual Shadows Infiltrator,574,-1,-1,6,-1,-1,-1,-1,-1,-1
4143,Penumbra Infiltrator,569,-1,-1,-1,-1,-1,-1,7,-1,-1
4144,Horizon Blade,636,-1,0,-1,10,-1,-1,-1,-1,-1
4145,Comminute,711,-1,-1,-1,-1,-1,-1,-1,-1,-1
4146,Revenge,553,-1,0,-1,10,-1,-1,-1,-1,-1
4147,Thor's Hammer,634,-1,1,-1,-1,-1,-1,-1,-1,-1
4148,Beartooth,582,-1,0,-1,10,-1,-1,-1,-1,-1
4149,Ricochet,585,-1,0,-1,10,-1,-1,-1,-1,-1
4150,Stab Valkyrie,744,-1,0,-1,10,-1,-1,-1,-1,-1
4151,Return Thrust Valkyrie,741,-1,0,-1,10,-1,-1,-1,-1,-1
4152,Comeback,732,-1,0,-1,10,-1,-1,-1,-1,-1
4153,Bracer of Zo'Arkat-Bedazzle,159,3,-1,-1,-1,-1,-1,-1,-1,188
4154,Runed Asgardian Vest,33,3,-1,-1,-1,-1,-1,-1,-1,118
4155,Eerie Lightstone,1429,-1,-1,-1,-1,-1,-1,-1,-1,114
4156,Eerie Darkstone,1356,-1,-1,-1,-1,-1,-1,-1,-1,114
4157,Fountain of Power,329,6,-1,-1,-1,-1,-1,-1,-1,187
4158,Fountain of Health,33,6,-1,-1,-1,-1,-1,-1,-1,187
4159,Belt of Oglidarsh,100,2,-1,-1,-1,-1,-1,-1,-1,103
4160,Friar's Strike,792,-1,-1,-1,-1,-1,-1,-1,-1,-1
4161,Pole Thrash,725,-1,-1,-1,-1,-1,-1,-1,-1,-1
4162,Quarter Moon,703,-1,-1,-1,-1,-1,-1,-1,-1,-1
4163,Massasauga,649,-1,-1,-1,-1,-1,-1,-1,-1,-1
4164,Dual Strike,567,-1,-1,-1,-1,-1,-1,-1,-1,-1
4165,Thrusting Spear,693,-1,-1,-1,-1,-1,-1,-1,-1,-1
4166,Frost Blade,709,-1,-1,-1,-1,-1,-1,-1,-1,-1
4167,Tribal Might,796,-1,-1,-1,-1,-1,-1,-1,-1,-1
4168,Nova,506,-1,-1,-1,-1,-1,-1,-1,-1,-1
4169,Hibernian Might,668,-1,-1,-1,-1,-1,-1,-1,-1,-1
4170,Falcon's Talon,696,-1,-1,-1,-1,-1,-1,-1,-1,-1
4171,Razorthorn,668,-1,-1,-1,-1,-1,-1,-1,-1,-1
4172,Smash,781,-1,-1,-1,-1,-1,-1,-1,-1,-1
4173,Puncture Defense,762,-1,-1,-1,-1,-1,-1,-1,-1,-1
4174,Skeletal Weakness,113,-1,-1,-1,-1,-1,-1,-1,-1,-1
4175,Frozen Comet,651,-1,-1,6,-1,-1,-1,-1,-1,-1
4176,notused,0,-1,-1,-1,-1,-1,-1,-1,-1,-1
4177,Lament of Dartmoor,263,0,-1,-1,-1,-1,-1,-1,-1,115
4178,Phoebus Harp Necklace summons,35,3,-1,-1,-1,-1,-1,-1,-1,118
4179,Phoebus Harp Necklace,146,3,-1,-1,-1,-1,-1,-1,-1,118
4180,Eternal Plant-Legendary Youth,42,2,-1,-1,-1,-1,-1,-1,-1,117
4181,Focused Malice,93,3,-1,-1,-1,-1,-1,-1,-1,118
4182,Winged Helm,146,3,-1,-1,-1,-1,-1,-1,-1,118
4183,Traitor's Dagger,137,3,-1,-1,-1,-1,-1,-1,-1,118
4184,Nature's Vengeance,71,3,-1,-1,-1,-1,-1,-1,-1,104
4185,Gift of Health,10,-1,-1,-1,-1,-1,-1,-1,-1,114
4186,notused,0,-1,-1,-1,-1,-1,-1,-1,-1,-1
4187,notused,0,-1,-1,-1,-1,-1,-1,-1,-1,-1
4188,notused,0,-1,-1,-1,-1,-1,-1,-1,-1,-1
4189,notused,0,-1,-1,-1,-1,-1,-1,-1,-1,-1
4190,Elixir of Might,20,1,-1,-1,-1,-1,-1,-1,-1,116
4191,Elixir of Deftness,227,1,-1,-1,-1,-1,-1,-1,-1,116
4192,Mentalist DD Heal Gray,48,-1,-1,-1,-1,-1,-1,-1,-1,-1
4193,Mentalist DD Heal Green,48,0,-1,-1,-1,-1,-1,-1,-1,-1
4194,Mentalist DD Heal Blue,48,1,-1,-1,-1,-1,-1,-1,-1,-1
4195,Mentalist DD Heal Yellow,48,2,-1,-1,-1,-1,-1,-1,-1,-1
4196,Mentalist DD Heal Purple,48,3,-1,-1,-1,-1,-1,-1,-1,-1
4197,Dragon Mythical Slot,1442,9,-1,-1,-1,-1,-1,-1,-1,-1
4198,notused,0,-1,-1,-1,-1,-1,-1,-1,-1,-1
4199,notused,0,-1,-1,-1,-1,-1,-1,-1,-1,-1
4200,Siege Ward,499,4,-1,-1,-1,-1,-1,-1,-1,-1
4201,Enchanter Damage Debuff,,,,,,,,,,
4202,Leviathan (Reaver Only),617,-1,-1,-1,-1,-1,-1,7,-1,-1
4203,Annihilation,686,-1,-1,-1,-1,-1,-1,7,-1,-1
4204,Acuity Shear (pbaoe effect),234,-1,-1,-1,-1,-1,-1,-1,-1,184
4205,Acuity Shear (pbaoe effect),234,0,-1,-1,-1,-1,-1,-1,-1,185
4206,Acuity Shear (pbaoe effect),234,1,-1,-1,-1,-1,-1,-1,-1,186
4207,Acuity Shear (pbaoe effect),234,2,-1,-1,-1,-1,-1,-1,-1,187
4208,Acuity Shear (pbaoe effect),234,3,-1,-1,-1,-1,-1,-1,-1,188
4209,Acuity Shear (single target),234,-1,-1,-1,-1,-1,-1,-1,-1,-1
4210,Acuity Shear (single target),234,0,-1,-1,-1,-1,-1,-1,-1,-1
4211,Acuity Shear (single target),234,1,-1,-1,-1,-1,-1,-1,-1,-1
4212,Acuity Shear (single target),234,2,-1,-1,-1,-1,-1,-1,-1,-1
4213,Acuity Shear (single target),234,3,-1,-1,-1,-1,-1,-1,-1,-1
4214,Misty Gloom (Merc),567,-1,1,-1,-1,-1,-1,-1,-1,-1
4215,Shadow's Rain (Merc),572,-1,1,-1,-1,5,-1,-1,4,-1
4216,st abs debuff,108,-1,-1,-1,-1,-1,-1,-1,-1,-1
4217,st abs debuff,108,0,-1,-1,-1,-1,-1,-1,-1,-1
4218,st abs debuff,108,1,-1,-1,-1,-1,-1,-1,-1,-1
4219,st abs debuff,108,2,-1,-1,-1,-1,-1,-1,-1,-1
4220,st abs debuff,108,3,-1,-1,-1,-1,-1,-1,-1,-1
4221,Purge,1654,6,-1,-1,-1,-1,-1,-1,-1,120
4222,First Aid,1634,6,-1,-1,-1,-1,-1,-1,-1,120
4223,Mystic Crystal Lore,1652,6,-1,-1,-1,-1,-1,-1,-1,120
4224,Fatigue Aid,1683,6,-1,-1,-1,-1,-1,-1,-1,120
4225,Trip,1635,6,-1,-1,-1,-1,-1,-1,-1,120
4226,Grapple,1636,6,-1,-1,-1,-1,-1,-1,-1,120
4227,Avoid Pain,1637,6,-1,-1,-1,-1,-1,-1,-1,120
4228,Armor of Faith,1638,6,-1,-1,-1,-1,-1,-1,-1,120
4229,Dualist's Reflexes,1684,6,-1,-1,-1,-1,-1,-1,-1,120
4230,Blade Dance,1640,6,-1,-1,-1,-1,-1,-1,-1,120
4231,Battle Yell,1641,6,-1,-1,-1,-1,-1,-1,-1,120
4232,The Empty Mind,1650,6,-1,-1,-1,-1,-1,-1,-1,120
4233,Ignore Pain,1642,6,-1,-1,-1,-1,-1,-1,-1,120
4234,Raging Power,1653,6,-1,-1,-1,-1,-1,-1,-1,120
4235,Rain of Fire,1643,6,-1,-1,-1,-1,-1,-1,-1,120
4236,Rain of Ice,1644,6,-1,-1,-1,-1,-1,-1,-1,120
4237,Rain of Annihilation,1645,6,-1,-1,-1,-1,-1,-1,-1,120
4238,Mastery of Concentration,1649,6,-1,-1,-1,-1,-1,-1,-1,120
4239,Majestic Will,1651,6,-1,-1,-1,-1,-1,-1,-1,120
4240,Hail of Blows,1640,6,-1,-1,-1,-1,-1,-1,-1,120
4241,Soldier's Barricade,1658,6,-1,-1,-1,-1,-1,-1,-1,120
4242,Bunker of Faith,1659,6,-1,-1,-1,-1,-1,-1,-1,120
4243,Siege Bolt,1660,6,-1,-1,-1,-1,-1,-1,-1,120
4244,Faith Healing,1661,6,-1,-1,-1,-1,-1,-1,-1,120
4245,Whip of Encouragement,1662,6,-1,-1,-1,-1,-1,-1,-1,120
4246,Excited Frenzy,1663,6,-1,-1,-1,-1,-1,-1,-1,120
4247,Group Purge,1664,6,-1,-1,-1,-1,-1,-1,-1,120
4248,Perfect Recovery,1665,6,-1,-1,-1,-1,-1,-1,-1,120
4249,Speed of Sound,1668,6,-1,-1,-1,-1,-1,-1,-1,120
4250,Ameliorating Melodies,1669,6,-1,-1,-1,-1,-1,-1,-1,120
4251,Fury of the Gods,1670,6,-1,-1,-1,-1,-1,-1,-1,120
4252,Wrath of the Champion,1671,6,-1,-1,-1,-1,-1,-1,-1,120
4253,Volcanic Pillar,1672,6,-1,-1,-1,-1,-1,-1,-1,120
4254,Rune of Decimation,1673,6,-1,-1,-1,-1,-1,-1,-1,120
4255,Negative Maelstrom,1674,6,-1,-1,-1,-1,-1,-1,-1,120
4256,Thornweed Field,1675,6,-1,-1,-1,-1,-1,-1,-1,120
4257,Corporeal Disintegration,1676,6,-1,-1,-1,-1,-1,-1,-1,120
4258,Ichor of the Deep,1677,6,-1,-1,-1,-1,-1,-1,-1,120
4259,Brilliant Aura of Deflection,1678,6,-1,-1,-1,-1,-1,-1,-1,120
4260,Severing  the Tether,1679,6,-1,-1,-1,-1,-1,-1,-1,120
4261,Juggernaut,1680,6,-1,-1,-1,-1,-1,-1,-1,120
4262,Static Tempest,1681,6,-1,-1,-1,-1,-1,-1,-1,120
4263,Rune of Decimation_,1673,6,-1,-1,-1,-1,-1,-1,-1,120
4264,Negative Maelstrom_,1674,6,-1,-1,-1,-1,-1,-1,-1,120
4265,Thornweed Field,1675,6,-1,-1,-1,-1,-1,-1,-1,120
4266,Static Tempest_,1681,6,-1,-1,-1,-1,-1,-1,-1,120
4267,Flood of Power,1682,6,-1,-1,-1,-1,-1,-1,-1,120
4268,Forestheart Ambusher,1680,6,-1,-1,-1,-1,-1,-1,-1,120
4269,Unquenchable Thirst of Souls,1680,6,-1,-1,-1,-1,-1,-1,-1,120
4270,Defender of the Vale,160,6,-1,-1,-1,-1,-1,-1,-1,120
4271,Striking the Soul,1651,6,-1,-1,-1,-1,-1,-1,-1,120
4272,Resilience of Death,29,6,-1,-1,-1,-1,-1,-1,-1,120
4273,Striking the Soul,1651,6,-1,-1,-1,-1,-1,-1,-1,120
4274,Battery of Life,1642,6,-1,-1,-1,-1,-1,-1,-1,106
4275,Concentration (Old),1648,6,-1,-1,-1,-1,-1,-1,-1,106
4276,Longshot,1646,6,-1,-1,-1,-1,-1,-1,-1,106
4277,Reflex attack,1655,6,-1,-1,-1,-1,-1,-1,-1,106
4278,Shadow Run,1667,6,-1,-1,-1,-1,-1,-1,-1,106
4279,True Sight,1657,6,-1,-1,-1,-1,-1,-1,-1,106
4280,Vanish,1666,6,-1,-1,-1,-1,-1,-1,-1,106
4281,Volley,1647,6,-1,-1,-1,-1,-1,-1,-1,106
4282,Whirling Dervish,1639,6,-1,-1,-1,-1,-1,-1,-1,106
4283,Viper(Old),1656,6,-1,-1,-1,-1,-1,-1,-1,106
