2500 Limit,,NIF,,Expansion,[0] Flex,[1] Flex,[2] Flex,[3] Flex,[4] Flex,[5] Flex,[6] Flex,[7] Flex,[8] Flex,[9] Flex,Back,Housing,Frontiers,New,Cata Morph,Cata Morph,Cata Morph,Cata Morph,Cata,Cata %,Helm
ID,Textual Name,Name,Strip Textures,Only,Idle,Cidle,Atk High,Atk Mid,CS01,CS03,CS04,CS06,CS07,Parry,Offset,Only,Only,Figure,Override 1,Override 2,Override 3,Override 4,Helm Hair,Helm Hair,Scale
1,Generic Loot,loot,0,0,,,,,,,,,,,,,,,,,,,1,,
11,Mace,B_cr_mace01,0,0,,,,,,,,,,,,,,,,,,,,,
16,Trident,th_trident,0,0,,,,,,,,,,,,,,,,,,,,,
28,Shield,sh_rounda,1,0,,,,,,,,,,,,,,,,,,,,,
29,Shield,sh_heatera,1,0,,,,,,,,,,,,,,,,,,,,,
30,Shield,sh_trishielda,1,0,,,,,,,,,,,,,,,,,,,,,
31,Shield,sh_towera,1,0,,,,,,,,,,,,,,,,,,,,,
36,Long Bow,B_bo_longbow01,0,0,,,,,,,,,,,,,,,,,,,,,
37,Cap Helm,helm1,1,0,,,,,,,,,,,,,,,,,,,,,
38,Full Helm,helm2,1,0,,,,,,,,,,,,,,,,,,,3,,
39,Chain Helm,helm3,1,0,,,,,,,,,,,,,,,,,,,3,,
40,Albion Gravestone,b_gravestone,0,0,,,,,,,,,,,,,,,,,,,,,
41,Crossbow,mi_crossbow,0,0,,,,,,,,,,,,,,,,,,,,,
42,Lute,in_lute,0,0,,,,,,,,,,,,,,,,,,,,,
43,Drum,in_drum,0,0,,,,,,,,,,,,,,,,,,,,,
59,Flute,in_flute,0,0,,,,,,,,,,,,,,,,,,,,,
60,Special Norse Spear,h_st_staff02,0,0,,,,,,,,,,,,,,,,,,,,,
66,Norse (Hum/Dwf) Helm 1,nhelm1,1,0,,,,,,,,,,,,,,,,,,,2,,
67,Norse (hum/dwf) helm 2,nhelm2,1,0,,,,,,,,,,,,,,,,,,,3,,
68,Norse (hum/dwf) helm 3,nhelm3,1,0,,,,,,,,,,,,,,,,,,,3,,
69,Troll helm 1,n_trlhelm1,1,0,,,,,,,,,,,,,,,,,,,2,,
70,Troll helm 2,n_trlhelm2,1,0,,,,,,,,,,,,,,,,,,,3,,
71,Troll helm 3,n_trlhelm3,1,0,,,,,,,,,,,,,,,,,,,3,,
72,VFX_helmet_NULL-SharF,VFX_helmet_NULL-SharF,0,4,,,,,,,,,,,,,,,,,,,1,,
73,VFX_helmet_NULL-CeltM,VFX_helmet_NULL-CeltM,0,4,,,,,,,,,,,,,,,,,,,1,,
74,VFX_helmet_NULL-CeltF,VFX_helmet_NULL-CeltF,0,4,,,,,,,,,,,,,,,,,,,1,,
75,unused,unused,,,,,,,,,,,,,,,,,,,,,,,
76,Norse (Hum/Dwf) Helm 1,nhelm1,1,0,,,,,,,,,,,,,,,,,,,2,,
77,Norse (hum/dwf) helm 2,nhelm2,1,0,,,,,,,,,,,,,,,,,,,3,,
78,Norse (hum/dwf) helm 3,nhelm3,1,0,,,,,,,,,,,,,,,,,,,3,,
79,B_bo_SaracenShortbow01_Energy,B_bo_SaracenShortbow01_Energy,0,1,,,,,,,,,,,,,,,,,,,,,
80,N_bo_VikingBeardedBow01_Energy,N_bo_VikingBeardedBow01_Energy,0,1,,,,,,,,,,,,,,,,,,,,,
81,H_bo_ElvenShortBow01_Energy,H_bo_ElvenShortBow01_Energy,0,1,,,,,,,,,,,,,,,,,,,,,
82,H_bo_ElvenLongbow01_Energy,H_bo_ElvenLongbow01_Energy,0,1,,,,,,,,,,,,,,,,,,,,,
83,Albion Pennant,pennant_a,0,0,,,,,,,,,,,,,,,,,,,,,
84,Midgard Pennant,pennant_m,0,0,,,,,,,,,,,,,,,,,,,,,
85,Hibernian Pennant,pennant_h,0,0,,,,,,,,,,,,,,,,,,,,,
86,Hibernian Helm 1,h_helm1,1,0,,,,,,,,,,,,,,,,,,,2,,
87,Hibernian Helm 2,h_helm2,1,0,,,,,,,,,,,,,,,,,,,3,,
88,Hibernian Helm 3,h_helm3,1,0,,,,,,,,,,,,,,,,,,,3,,
89,Hibernian Alternate helm 1,hf_helm1,1,0,,,,,,,,,,,,,,,,,,,2,,
90,Hibernian alternate helm 2,hf_helm2,1,0,,,,,,,,,,,,,,,,,,,3,,
91,Hibernian alternate helm 3,hf_helm3,1,0,,,,,,,,,,,,,,,,,,,3,,
92,Hib shortsword,h_1h_shortsword01,0,0,,,,,,,,,,,-10,,,,,,,,,,
93,Hibernian Falcata,h_1h_falcata01,0,0,,,,,,,,,,,-10,,,,,,,,,,
94,hib thrusting dagger,h_th_dagger01,0,0,,,,,,,,,,,-10,,,,,,,,,,
95,hib stilletto,h_th_stilletto01,0,0,,,,,,,,,,,-10,,,,,,,,,,
96,Hib bastard swrod,h_1h_bastard01,0,0,,,,,,,,,,,-10,,,,,,,,,,
97,Hibernian Broadsword,h_1h_broadsword01,0,0,,,,,,,,,,,-10,,,,,,,,,,
98,hib short spear,h_sp_shortspear01,0,0,,,,,,,,,,,-10,,,,,,,,,,
99,hib spear,h_sp_spear01,0,0,,,,,,,,,,,-10,,,,,,,,,,
100,hib 2h sword,h_2h_sword01,0,0,,,,,,,,,,,-10,,,,,,,,,,
101,hib club,h_bl_club01,0,0,,,,,,,,,,,5,,,,,,,,,,
102,hib mace,h_bl_mace01,0,0,,,,,,,,,,,-10,,,,,,,,,,
103,hib hammer,h_bl_hammer01,0,0,,,,,,,,,,,-10,,,,,,,,,,
104,Hibernian Longsword,h_1h_longsword01,0,0,,,,,,,,,,,-10,,,,,,,,,,
105,hib spiked club,h_bl_spikedclub01,0,0,,,,,,,,,,,-10,,,,,,,,,,
106,hib spiked mace,h_bl_spikedmace01,0,0,,,,,,,,,,,-10,,,,,,,,,,
107,hib Greatsword,h_2h_broad01,0,0,,,,,,,,,,,-10,,,,,,,,,,
108,hib 2h maul,h_2h_maul01,0,0,,,,,,,,,,,-10,,,,,,,,,,
109,hib 2h shilllagh,h_2h_shillelagh01,0,0,,,,,,,,,,,-10,,,,,,,,,,
110,hib 2h spiked mace,h_2h_spikedmace01,0,0,,,,,,,,,,,-10,,,,,,,,,,
111,hib dirk,h_th_dirk01,0,0,,,,,,,,,,,-10,,,,,,,,,,
112,hib rapier,h_th_rapier01,0,0,,,,,,,,,,,-10,,,,,,,,,,
113,hib wavy dagger,h_th_wavedagger01,0,0,,,,,,,,,,,-10,,,,,,,,,,
114,hib barbed spear,h_sp_barbedspear01,0,0,,,,,,,,,,,-10,,,,,,,,,,
115,hib long spear,h_sp_longspear01,0,0,,,,,,,,,,,-10,,,,,,,,,,
116,hib wavy spear,h_sp_wavedspear01,0,0,,,,,,,,,,,-10,,,,,,,,,,
117,hib hooked sword,h_1h_hookedsword01,0,0,,,,,,,,,,,-10,,,,,,,,,,
118,hib sickle,h_1h_sickle,0,0,,,,,,,,,,,,,,,,,,,,,
119,Forge,tool_forge,0,0,,,,,,,,,,,,,,,,,,,,,
120,Stretcher,T_hidestretch,0,0,,,,,,,,,,,,,,,,,,,,,
121,Loom,T_loom,0,0,,,,,,,,,,,,,,,,,,,,,
122,Lathe,tool_lathe,0,0,,,,,,,,,,,,,,,,,,,,,
123,Trebuchet,trebuchet,0,0,,,,,,,,,,,,,,,,,,,,,
124,Hibernian Staff,h_st_staff03,0,0,,,,,,,,,,,,,,,,,,,,,
125,ballista,sballista_ani,0,0,,,,,,,,,,,,,,,,,,,,,
126,mangonel,smangonel_ani,0,0,,,,,,,,,,,,,,,,,,,,,
127,ram,sram_ani,0,0,,,,,,,,,,,,,,,,,,,,,
128,norse dagger,n_1h_dagger01,0,0,,,,,,,,,,,,,,,,,,,,,
129,norse shortsword,n_1h_shortsword01,0,0,,,,,,,,,,,,,,,,,,,,,
130,norse broadsword,n_1h_broadsword01,0,0,,,,,,,,,,,,,,,,,,,,,
131,norse longsword,n_1h_longsword01,0,0,,,,,,,,,,,,,,,,,,,,,
132,norse bastardsword,n_1h_bastardsword01,0,0,,,,,,,,,,,,,,,,,,,,,
133,norse 2h sword,n_2h_sword01,0,0,,,,,,,,,,,,,,,,,,,,,
134,norse 2h greatsword,n_2h_greatsword01,0,0,,,,,,,,,,,,,,,,,,,,,
135,norse beardedaxe,n_1h_beardedaxe01,0,0,,,,,,,,,,,,,,,,,,,,,
136,norse war axe,n_1h_waraxe01,0,0,,,,,,,,,,,,,,,,,,,,,
137,norse spiked axe,n_1h_spikedaxe01,0,0,,,,,,,,,,,,,,,,,,,,,
138,norse doubleaxe,n_1h_doubleaxe01,0,0,,,,,,,,,,,,,,,,,,,,,
139,norsebattleaxe,n_2h_battleaxe01,0,0,,,,,,,,,,,,,,,,,,,,,
140,norse greataxe,n_2h_greataxe01,0,0,,,,,,,,,,,,,,,,,,,,,
141,norse smallhammer,n_1h_smallhammer01,0,0,,,,,,,,,,,,,,,,,,,,,
142,norse hammer,n_1h_hammer01,0,0,,,,,,,,,,,,,,,,,,,,,
143,norse warhammer,n_1h_warhammer01,0,0,,,,,,,,,,,,,,,,,,,,,
144,norse pickhammer,n_1h_pickhammer01,0,0,,,,,,,,,,,,,,,,,,,,,
145,norse greathammer,n_1h_greathammer01,0,0,,,,,,,,,,,,,,,,,,,,,
146,norse 2h hammer,n_2h_hammer01,0,0,,,,,,,,,,,,,,,,,,,,,
147,norse 2h warhammer,n_2h_warhammer01,0,0,,,,,,,,,,,,,,,,,,,,,
148,norse 2h greathammer,n_2h_greathammer01,0,0,,,,,,,,,,,,,,,,,,,,,
149,norse bow,n_2h_longbow01,0,0,,,,,,,,,,,,,,,,,,,,,
150,norse 2h spear,n_2h_spear01,0,0,,,,,,,,,,,,,,,,,,,,,
151,norse 2h longspear,n_2h_longspear01,0,0,,,,,,,,,,,,,,,,,,,,,
152,norse 2h trident,n_2h_trident01,0,0,,,,,,,,,,,,,,,,,,,,,
153,norse 2h luggedspear,n_2h_luggedspear01,0,0,,,,,,,,,,,,,,,,,,,,,
154,norse 2h greatspear,n_2h_greatspear01,0,0,,,,,,,,,,,,,,,,,,,,,
155,norse 2hstaff,n_2h_staff01,0,0,,,,,,,,,,,,,,,,,,,,,
156,norse 2h shod staff,n_2h_shodstaff01,0,0,,,,,,,,,,,,,,,,,,,,,
157,norse 2h focus staff,n_2h_focusstaff01,0,0,,,,,,,,,,,,,,,,,,,,,
158,norse rod,n_1h_rod01,0,0,,,,,,,,,,,,,,,,,,,,,
159,norse rod 2,n_1h_rod02,0,0,,,,,,,,,,,,,,,,,,,,,
160,norse rod 3,n_1h_rod03,0,0,,,,,,,,,,,,,,,,,,,,,
161,norse wand 1,n_1h_wand01,0,0,,,,,,,,,,,,,,,,,,,,,
162,norse wand 2,n_1h_wand02,0,0,,,,,,,,,,,,,,,,,,,,,
163,norse wand 3,n_1h_wand03,0,0,,,,,,,,,,,,,,,,,,,,,
164,norse shortbow,n_2h_shortbow01,0,0,,,,,,,,,,,,,,,,,,,,,
165,norse greatbow,n_2h_greatbow01,0,0,,,,,,,,,,,,,,,,,,,,,
166,briton dagger,b_sl_dagger01,0,0,,,,,,,,,,,,,,,,,,,,,
167,briton shortsword,b_sl_shortsword01,0,0,,,,,,,,,,,,,,,,,,,,,
168,briton handaxe,b_sl_handaxe01,0,0,,,,,,,,,,,,,,,,,,,,,
169,briton broadsword,b_sl_broadsword01,0,0,,,,,,,,,,,,,,,,,,,,,
170,briton scimitar,b_sl_scimitar01,0,0,,,,,,,,,,,,,,,,,,,,,
171,briton longsword,b_sl_longsword01,0,0,,,,,,,,,,,,,,,,,,,,,
172,briton bastard sword,b_sl_bastardsword01,0,0,,,,,,,,,,,,,,,,,,,,,
173,briton hammer,b_cr_hammer01,0,0,,,,,,,,,,,,,,,,,,,,,
174,briton mace,b_cr_mace01,0,0,,,,,,,,,,,,,,,,,,,,,
175,briton flanged mace,b_cr_flangedmace01,0,0,,,,,,,,,,,,,,,,,,,,,
176,briton spiked mace,b_cr_spikedmace01,0,0,,,,,,,,,,,,,,,,,,,,,
177,briton warhammer,b_cr_warhammer01,0,0,,,,,,,,,,,,,,,,,,,,,
178,briton dirk,b_th_dirk01,0,0,,,,,,,,,,,,,,,,,,,,,
179,briton stilletto,b_th_stilletto01,0,0,,,,,,,,,,,,,,,,,,,,,
180,briton rapier,b_th_rapier01,0,0,,,,,,,,,,,,,,,,,,,,,
181,Briton poignard,b_th_poignard01,0,0,,,,,,,,,,,,,,,,,,,,,
182,Briton gladius,b_th_gladius01,0,0,,,,,,,,,,,,,,,,,,,,,
183,briton 2h sword,b_2h_2hsword01,0,0,,,,,,,,,,,,,,,,,,,,,
184,briton battleaxe,b_2h_battleaxe01,0,0,,,,,,,,,,,,,,,,,,,,,
185,briton greataxe,b_2h_greataxe01,0,0,,,,,,,,,,,,,,,,,,,,,
186,briton greathammer,b_2h_greathammer01,0,0,,,,,,,,,,,,,,,,,,,,,
187,briton greatsword,b_2h_greatsword01,0,0,,,,,,,,,,,,,,,,,,,,,
188,briton war mattock,b_2h_warmattock01,0,0,,,,,,,,,,,,,,,,,,,,,
189,briton pike,b_po_pike01,0,0,,,,,,,,,,,,,,,,,,,,,
190,briton lochabar axe,b_po_lochaberaxe01,0,0,,,,,,,,,,,,,,,,,,,,,
191,briton bill,b_po_bill01,0,0,,,,,,,,,,,,,,,,,,,,,
192,briton lucerne hammer,b_po_lucernehammer01,0,0,,,,,,,,,,,,,,,,,,,,,
193,briton halberd,b_po_halbard01,0,0,,,,,,,,,,,,,,,,,,,,,
194,briton longbow,b_bo_longbow01,0,0,,,,,,,,,,,,,,,,,,,,,
195,briton shortbow,b_bo_shortbow01,0,0,,,,,,,,,,,,,,,,,,,,,
196,briton greatbow,b_bo_greatbow01,0,0,,,,,,,,,,,,,,,,,,,,,
197,briton staff,b_st_staff01,0,0,,,,,,,,,,,,,,,,,,,,,
198,briton quarterstaff,b_st_quarterstaff01,0,0,,,,,,,,,,,,,,,,,,,,,
199,briton shod quarterstaff,b_st_shodstaff01,0,0,,,,,,,,,,,,,,,,,,,,,
200,briton focus staff,b_st_focussstaff01,0,0,,,,,,,,,,,,,,,,,,,,,
201,Norse 1H axe,n_1h_handaxe01,0,0,,,,,,,,,,,,,,,,,,,,,
202,VFX_helmet_NULL-SharM,VFX_helmet_NULL-SharM,0,4,,,,,,,,,,,,,,,,,,,1,,
203,norse gravestone,n_gravestone,0,0,,,,,,,,,,,,,,,,,,,,,
204,hiberninan gravestone,h_gravestone,0,0,,,,,,,,,,,,,,,,,,,,,
205,Norse throwing dagger,n_1h_dagger01,0,0,,,,,,,,,,,,,,,,,,,,,
206,Albion Relic Staff,r_bstaff,0,0,,,,,,,,,,,,,,,,,,,,,
207,Albion Relic Scabbard,r_bscabbard,0,0,,,,,,,,,,,,,,,,,,,,,
208,Hiberniean Relic Cauldron,r_hcauldron,0,0,,,,,,,,,,,,,,,,,,,,,
209,Hibernian Relic Spear,r_hspear,0,0,,,,,,,,,,,,,,,,,,,,,
210,Norse Relic Hammer,r_nhammer,0,0,,,,,,,,,,,,,,,,,,,,,
211,Norse Relic Horn,r_nhorn,0,0,,,,,,,,,,,,,,,,,,,,,
212,Hibernia great falcata,h_2h_greatfalcata01,0,0,,,,,,,,,,,-10,,,,,,,,,,
213,hibernia sledgehammer,h_2h_sledgehammer01,0,0,,,,,,,,,,,-10,,,,,,,,,,
214,hibernia Pickhammer,h_bl_pickhammer01,0,0,,,,,,,,,,,-10,,,,,,,,,,
215,hibernia hooked spear,h_sp_hookspear01,0,0,,,,,,,,,,,-10,,,,,,,,,,
216,hibernia guard rapier,h_th_guardedrapier01,0,0,,,,,,,,,,,0,,,,,,,,,,
217,Briton archmace,b_2h_archmace01,0,0,,,,,,,,,,,,,,,,,,,,,
218,briton great scimitar,b_2h_greatscimitar01,0,0,,,,,,,,,,,,,,,,,,,,,
219,briton warpick,b_2h_warpick01,0,0,,,,,,,,,,,,,,,,,,,,,
220,briton 1h archmace,b_cr_archmace01,0,0,,,,,,,,,,,,,,,,,,,,,
221,briton bardiche,b_po_bardiche01,0,0,,,,,,,,,,,,,,,,,,,,,
222,briton poleaxe,b_po_poleaxe01,0,0,,,,,,,,,,,,,,,,,,,,,
223,briton spiked hammer,b_po_spikedhammer01,0,0,,,,,,,,,,,,,,,,,,,,,
224,briton jambia,b_sl_jambiya01,0,0,,,,,,,,,,,,,,,,,,,,,
225,briton sabre,b_sl_sabre01,0,0,,,,,,,,,,,,,,,,,,,,,
226,briton guarded rapier,b_th_guardedrapier01,0,0,,,,,,,,,,,,,,,,,,,,,
227,norse cleaver,n_1h_cleaver01,0,0,,,,,,,,,,,,,,,,,,,,,
228,norse dwarven shortsword,n_1h_dwarvenshortsword01,0,0,,,,,,,,,,,,,,,,,,,,,
229,norse spike hammer,n_1h_spikehammer01,0,0,,,,,,,,,,,,,,,,,,,,,
230,norse battle spear,n_2h_battlespear01,0,0,,,,,,,,,,,,,,,,,,,,,
231,norse dwarven sword,n_2h_dwarvensword01,0,0,,,,,,,,,,,,,,,,,,,,,
232,norse 2h spiked hammer,n_2h_spikehammer01,0,0,,,,,,,,,,,,,,,,,,,,,
233,norse warcleaver,n_2h_warcleaver01,0,0,,,,,,,,,,,,,,,,,,,,,
234,briton partizan,b_po_partizan01,0,0,,,,,,,,,,,,,,,,,,,,,
235,arrow,arrow,0,0,,,,,,,,,,,,,,,,,,,,,
236,briton 2h sword hilt,b_2h_2hswordhilt01,0,0,,,,,,,,,,,,,,,,,,,,,
237,briton longsword hilt,b_sl_longswhilt01,0,0,,,,,,,,,,,,,,,,,,,,,
238,norse 1h longsword hilt,n_1h_longswhilt01,0,0,,,,,,,,,,,,,,,,,,,,,
239,norse 2h sword hilt,n_2h_swordhilt01,0,0,,,,,,,,,,,,,,,,,,,,,
240,hibernian 1h longsword hilt,h_1h_longswhilt01,0,0,,,,,,,,,,,,,,,,,,,,,
241,hibernian 2h sword hilt,h_2hswordhilt01,0,0,,,,,,,,,,,,,,,,,,,,,
242,Briton Guild Banner,b_guildbanner01,0,0,,,,,,,,,,,,,,,,,,,,,
243,Hibernian Guild Banner,h_guildbanner01,0,0,,,,,,,,,,,,,,,,,,,,,
244,Norse Guild Banner,n_guildbanner01,0,0,,,,,,,,,,,,,,,,,,,,,
245,Alchemist Table,tool_alchemy,0,0,,,,,,,,,,,,,,,,,,,,,
246,Necro Staff,B_st_GloryHand01,0,0,,,,,,,,,,,,,,,,,,,,,
247,Alb 2H Slash,B_2h_Avalonian2hSword01,0,0,,,,,,,,,,,,,,,,,,,,,
248,Alb 2H Blunt,B_2h_AvalonianMace01,0,0,,,,,,,,,,,,,,,,,,,,,
249,Alb 2H Slash,B_2h_Claymore01,0,0,,,,,,,,,,,,,,,,,,,,,
250,Alb 2H Blunt,B_2h_CoffinHammer01,0,0,,,,,,,,,,,,,,,,,,,,,
251,Alb 2H Slash,B_2h_HoodAxe01,0,0,,,,,,,,,,,,,,,,,,,,,
252,Alb 2H Thrust,B_2h_InquisitorsPick01,0,0,,,,,,,,,,,,,,,,,,,,,
253,Alb 2H Slash,B_2h_RoyalScimitar01,0,0,,,,,,,,,,,,,,,,,,,,,
254,Alb Brawlers Bow,B_bo_BrawlersBow01,0,0,,,,,,,,,,,,,,,,,,,,,
255,Alb Saracen Long Bow,B_bo_SaracenLongbow01,0,0,,,,,,,,,,,,,,,,,,,,,
256,Alb Saracen Short Bow,B_bo_SaracenShortbow01,0,0,,,,,,,,,,,,,,,,,,,,,
257,Alb Skinners Bow,B_bo_SkinnersBow01,0,0,,,,,,,,,,,,,,,,,,,,,
258,Alb Thorn Bow,B_bo_ThornBow01,0,0,,,,,,,,,,,,,,,,,,,,,
259,Alb Avalonian Mace,B_cr_AvalonianMace01,0,0,,,,,,,,,,,,,,,,,,,,,
260,Alb BishopsMace,B_cr_BishopsMace01,0,0,,,,,,,,,,,,,,,,,,,,,
261,Alb Coffin Hammer Mace,B_cr_CoffinHammer01,0,0,,,,,,,,,,,,,,,,,,,,,
262,Alb Coffin Mace Mace,B_cr_CoffinMace01,0,0,,,,,,,,,,,,,,,,,,,,,
263,Alb Flex Chain,B_flx_Chain01_S,0,0,1323,1324,1325,1326,1327,1328,1329,1330,1331,1382,0,,,,,,,,,,
264,Alb Flex Chain Saw,B_flx_ChainSaw01_S,0,0,1323,1324,1325,1326,1327,1328,1329,1330,1331,1382,0,,,,,,,,,,
265,Alb Flex Chain Whip,B_flx_ChainWhip01_L,0,0,1341,1342,1343,1344,1345,1346,1347,1348,1349,1384,0,,,,,,,,,,
266,Alb Flex Dagger Flail,B_flx_DaggerFlail01_M,0,0,1332,1333,1334,1335,1336,1337,1338,1339,1340,1383,0,,,,,,,,,,
267,Alb Flex Flail,B_flx_Flail01_M,0,0,1332,1372,1334,1335,1336,1337,1338,1339,1340,1386,0,,,,,,,,,,
268,Alb Flex Morning Star,B_flx_MorningStar01_M,0,0,1332,1333,1334,1335,1336,1337,1338,1339,1340,1383,0,,,,,,,,,,
269,Alb Flex Pick Flail,B_flx_PickFlail01_M,0,0,1332,1333,1334,1335,1336,1337,1338,1339,1340,1383,0,,,,,,,,,,
270,Alb Flex Spiked Flail,B_flx_SpikedFlail01_M,0,0,1332,1372,1334,1335,1336,1337,1338,1339,1340,1386,0,,,,,,,,,,
271,Alb Flex Spiked Whip,B_flx_SpikeWhip01_L,0,0,1341,1342,1343,1344,1345,1346,1347,1348,1349,1384,0,,,,,,,,,,
272,Alb Flex War Chain,B_flx_WarChain01_S,0,0,1323,1324,1325,1326,1327,1328,1329,1330,1331,1382,0,,,,,,,,,,
273,Alb Flex Whip,B_flx_Whip01_L,0,0,1341,1342,1343,1344,1345,1346,1347,1348,1349,1384,0,,,,,,,,,,
274,Alb Flex Whip Dagger,B_flx_WhipDagger01_M,0,0,1332,1333,1334,1335,1336,1337,1338,1339,1340,1383,0,,,,,,,,,,
275,Alb Flex Whip Mace,B_flx_WhipMace01_M,0,0,1332,1333,1334,1335,1336,1337,1338,1339,1340,1383,0,,,,,,,,,,
276,Alb Bishops Reach,B_po_BishopsReach01,0,0,,,,,,,,,,,,,,,,,,,,,
277,Alb Footmans Pick,B_po_FootmansPick01,0,0,,,,,,,,,,,,,,,,,,,,,
278,Alb Military Fork,B_po_MilitaryFork01,0,0,,,,,,,,,,,,,,,,,,,,,
279,Alb Sabre Axe,B_po_SabreAxe01,0,0,,,,,,,,,,,,,,,,,,,,,
280,Alb Saracen Glaive,B_po_SaracenGlaive01,0,0,,,,,,,,,,,,,,,,,,,,,
281,Alb Tall Hammer,B_po_TallHammer01,0,0,,,,,,,,,,,,,,,,,,,,,
282,Alb Breton Toothpick,B_sl_BretonToothpick01,0,0,,,,,,,,,,,,,,,,,,,,,
283,Alb Cinquedea,B_sl_Cinquedea01,0,0,,,,,,,,,,,,,,,,,,,,,
284,Alb Coffin Axe,B_sl_CoffinAxe01,0,0,,,,,,,,,,,-10,,,,,,,,,,
285,Alb Falchion,B_sl_Falchion01,0,0,,,,,,,,,,,,,,,,,,,,,
286,Alb War Axe,B_sl_WarAxe01,0,0,,,,,,,,,,,-10,,,,,,,,,,
287,Alb Bishops Reach Staff,B_st_BishopsReachStaff01,0,0,,,,,,,,,,,,,,,,,,,,,
288,Alb Spiked Staff,B_st_SpikedStaff01,0,0,,,,,,,,,,,,,,,,,,,,,
289,Alb Spiked Staff Mace,B_st_SpikedStaffMace01,0,0,,,,,,,,,,,,,,,,,,,,,
290,Alb Staff Mace,B_st_StaffMace01,0,0,,,,,,,,,,,,,,,,,,,,,
291,Alb Duelists Dagger,B_th_DuelistsDagger01,0,0,,,,,,,,,,,,,,,,,,,,,
292,Alb Duelists Rapier,B_th_DuelistsRapier01,0,0,,,,,,,,,,,,,,,,,,,,,
293,Alb Parrying Dagger,B_th_ParryingDagger01,0,0,,,,,,,,,,,,,,,,,,,,,
294,Alb Parrying Rapier,B_th_ParryingRapier01,0,0,,,,,,,,,,,,,,,,,,,,,
295,Alb Highlander Dirk,B_th_SgianDubh01,0,0,,,,,,,,,,,,,,,,,,,,,
296,Alb Assault Crossbow,B_xbo_AssaultCrossbow01,0,0,,,,,,,,,,,,,,,,,,,,,
297,Alb Brawlers Crossbow,B_xbo_BrawlersCrossbow01,0,0,,,,,,,,,,,,,,,,,,,,,
298,Alb Xbo Crossbow,B_xbo_Crossbow01,0,0,,,,,,,,,,,,,,,,,,,,,
299,Alb Xbo Skinners Crossbow,B_xbo_SkinnersCrossbow01,0,0,,,,,,,,,,,,,,,,,,,,,
300,Alb Xbo Steel Crossbow,B_xbo_SteelCrossbow01,0,0,,,,,,,,,,,,,,,,,,,,,
301,Hib Elven Dagger,H_1h_ElvenDagger01,0,0,,,,,,,,,,,0,,,,,,,,,,
302,Hib Elven Long Sword,H_1h_ElvenLongSword01,0,0,,,,,,,,,,,-10,,,,,,,,,,
303,Hib Elven Short Sword,H_1h_ElvenShortSword01,0,0,,,,,,,,,,,-10,,,,,,,,,,
304,Hib Elven Firbolg Dagger,H_1h_FirbolgDagger01,0,0,,,,,,,,,,,-10,,,,,,,,,,
305,Hib Elven Firbolg L Sword,H_1h_FirbolgLongSword01,0,0,,,,,,,,,,,-10,,,,,,,,,,
306,Hib Elven Firbolg S Sword,H_1h_FirbolgShortSword01,0,0,,,,,,,,,,,-10,,,,,,,,,,
307,Hib Leaf Point Broadsword,H_1h_LeafPointBroadSword01,0,0,,,,,,,,,,,-10,,,,,,,,,,
308,Hib Leaf Point Dagger,H_1h_LeafPointDagger01,0,0,,,,,,,,,,,-10,,,,,,,,,,
309,Hib Leaf Short Sword,H_1h_LeafPointShortSword01,0,0,,,,,,,,,,,-10,,,,,,,,,,
310,Hib 2H Hammer,H_2h_CelticHammer01,0,0,,,,,,,,,,,0,,,,,,,,,,
311,Hib 2H Mace,H_2h_CelticMace01,0,0,,,,,,,,,,,0,,,,,,,,,,
312,Hib 2H Dire Club,H_2h_DireClub01,0,0,,,,,,,,,,,0,,,,,,,,,,
313,Hib 2H Elf Great Sword,H_2h_ElvenGreatSword01,0,0,,,,,,,,,,,-10,,,,,,,,,,
314,Hib 2H Firbolg Hammer,H_2h_FirbolgHammer01,0,0,,,,,,,,,,,0,,,,,,,,,,
315,Hib 2H Firbolg Mace,H_2h_FirbolgMace01,0,0,,,,,,,,,,,0,,,,,,,,,,
316,Hib 2H Firbolg Troll Splitter,H_2h_FirbolgTrollSplitter01,0,0,,,,,,,,,,,-10,,,,,,,,,,
317,Hib 2H Leaf Point Sword,H_2h_LeafPointGreatSword01,0,0,,,,,,,,,,,-10,,,,,,,,,,
318,Hib 2H Shod Shilelagh,H_2h_ShodShillelagh01,0,0,,,,,,,,,,,0,,,,,,,,,,
319,Hib Celtic Hammer,H_bl_CelticHammer01,0,0,,,,,,,,,,,0,,,,,,,,,,
320,Hib Celtic Mace,H_bl_CelticMace01,0,0,,,,,,,,,,,0,,,,,,,,,,
321,Hib Dire Mace,H_bl_DireClub01,0,0,,,,,,,,,,,0,,,,,,,,,,
322,Hib Firbolg Hammer,H_bl_FirbolgHammer01,0,0,,,,,,,,,,,0,,,,,,,,,,
323,Hib Firbolg Mace,H_bl_FirbolgMace01,0,0,,,,,,,,,,,0,,,,,,,,,,
324,Hib Brawlers Bow,H_bo_BrawlersBow01,0,0,,,,,,,,,,,0,,,,,,,,,,
325,Hib Celtic Great Bow,H_bo_CelticGreatBow01,0,0,,,,,,,,,,,0,,,,,,,,,,
326,Hib Cutters Bow,H_bo_CuttersBow01,0,0,,,,,,,,,,,0,,,,,,,,,,
327,Hib Elven Long Bow,H_bo_ElvenLongBow01,0,0,,,,,,,,,,,0,,,,,,,,,,
328,Hib Elven Short Bow,H_bo_ElvenShortBow01,0,0,,,,,,,,,,,0,,,,,,,,,,
329,Hib Lurikeen Thorn Bow,H_bo_LurikeenThornBow01,0,0,,,,,,,,,,,0,,,,,,,,,,
330,Hib Recurve Bow,H_bo_RecurveShortBow01,0,0,,,,,,,,,,,0,,,,,,,,,,
331,Hib Recurve Long Bow,H_bo_RecurveLongBow01,0,0,,,,,,,,,,,0,,,,,,,,,,
332,Hib Firbolg Great Scythe,H_sc_FirbolgGreatScythe01,0,0,,,,,,,,,,,0,,,,,,,,,,
333,Hib Firbolg Scythe,H_sc_FirbolgScythe01,0,0,,,,,,,,,,,0,,,,,,,,,,
334,Hib Greatwar Scythe,H_sc_GreatWarScythe01,0,0,,,,,,,,,,,0,,,,,,,,,,
335,Hib Harvest Scythe,H_sc_HarvestScythe01,0,0,,,,,,,,,,,0,,,,,,,,,,
336,Hib Martial Scythe,H_sc_MartialScythe01,0,0,,,,,,,,,,,0,,,,,,,,,,
337,Hib Scythe,H_sc_Scythe01,0,0,,,,,,,,,,,0,,,,,,,,,,
338,Hib War Scythe,H_sc_WarScythe01,0,0,,,,,,,,,,,0,,,,,,,,,,
339,Hib Arrowhead Spear,H_sp_ArrowheadSpear01,0,0,,,,,,,,,,,-10,,,,,,,,,,
340,Hib Cruel Spear,H_sp_CruelSpear01,0,0,,,,,,,,,,,-10,,,,,,,,,,
341,Hib Elven Spear,H_sp_ElvenSpear01,0,0,,,,,,,,,,,-10,,,,,,,,,,
342,Hib Firbolg Spear,H_sp_FirbolgSpear01,0,0,,,,,,,,,,,-10,,,,,,,,,,
343,Hib Harpoon,H_sp_Harpoon01,0,0,,,,,,,,,,,-10,,,,,,,,,,
344,Hib Ribcatcher,H_sp_RibCatcher01,0,0,,,,,,,,,,,-10,,,,,,,,,,
345,Hib Twisted Spear,H_sp_Twistedspear01,0,0,,,,,,,,,,,-10,,,,,,,,,,
346,Hib Adze,H_th_Adze01,0,0,,,,,,,,,,,0,,,,,,,,,,
347,Hib Barbed Adze,H_th_BarbedAdze01,0,0,,,,,,,,,,,0,,,,,,,,,,
348,Hib Firbolg Adze,H_th_FirbolgAdze01,0,0,,,,,,,,,,,0,,,,,,,,,,
349,Hib Lurikeen Dagger,H_th_LurikeenDagger01,0,0,,,,,,,,,,,0,,,,,,,,,,
350,Hib Lurkeen Duel Dagger,H_th_LurikeenDuelingDagger01,0,0,,,,,,,,,,,0,,,,,,,,,,
351,Hib Lurkeen Duel Rapier,H_th_LurikeenDuelingRapier01,0,0,,,,,,,,,,,0,,,,,,,,,,
352,Hib Lurikeen Rapier,H_th_LurikeenRapier01,0,0,,,,,,,,,,,0,,,,,,,,,,
353,Hib War Adze,H_th_WarAdze01,0,0,,,,,,,,,,,0,,,,,,,,,,
354,TrollBroadSword,N_1h_TrollBroadSword01,0,0,,,,,,,,,,,,,,,,,,,,,
355,TrollDagger,N_1h_TrollDagger01,0,0,,,,,,,,,,,,,,,,,,,,,
356,TrollHammer,N_1h_TrollHammer01,0,0,,,,,,,,,,,,,,,,,,,,,
357,TrollHandAxe,N_1h_TrollHandAxe01,0,0,,,,,,,,,,,,,,,,,,,,,
358,TrollShortSword,N_1h_TrollShortSword01,0,0,,,,,,,,,,,,,,,,,,,,,
359,TrollWarAxe,N_1h_TrollWarAxe01,0,0,,,,,,,,,,,,,,,,,,,,,
360,TrollWarHammer,N_1h_TrollWarHammer01,0,0,,,,,,,,,,,,,,,,,,,,,
361,TrollGreatAxe,N_2h_TrollGreatAxe01,0,0,,,,,,,,,,,,,,,,,,,,,
362,TrollGreatHammer,N_2h_TrollGreatHammer01,0,0,,,,,,,,,,,,,,,,,,,,,
363,TrollGreatSword,N_2h_TrollGreatSword01,0,0,,,,,,,,,,,,,,,,,,,,,
364,TrollSpear,N_2h_TrollSpear01,0,0,,,,,,,,,,,,,,,,,,,,,
365,BladedClawGreave,N_hth_BladedClawGreave01,0,0,,,,,,,,,,,,,,,,,,,,,
366,BladedFangGreave,N_hth_BladedFangGreave01,0,0,,,,,,,,,,,,,,,,,,,,,
367,BladedMoonClaw,N_hth_BladedMoonClaw01,0,0,,,,,,,,,,,,,,,,,,,,,
368,BladedMoonFang,N_hth_BladedMoonFang01,0,0,,,,,,,,,,,,,,,,,,,,,
369,ClawGreave,N_hth_ClawGreave01,0,0,,,,,,,,,,,,,,,,,,,,,
370,FangGreave,N_hth_FangGreave01,0,0,,,,,,,,,,,,,,,,,,,,,
371,GreatBladedClawGreave,N_hth_GreatBladedClawGreave01,0,0,,,,,,,,,,,,,,,,,,,,,
372,GreatBladedFangGreave,N_hth_GreatBladedFangGreave01,0,0,,,,,,,,,,,,,,,,,,,,,
373,GreatBladedMoonClaw,N_hth_GreatBladedMoonClaw01,0,0,,,,,,,,,,,,,,,,,,,,,
374,GreatBladedMoonFang,N_hth_GreatBladedMoonFang01,0,0,,,,,,,,,,,,,,,,,,,,,
375,GreatClawGreave,N_hth_GreatClawGreave01,0,0,,,,,,,,,,,,,,,,,,,,,
376,GreatFangGreave,N_hth_GreatFangGreave01,0,0,,,,,,,,,,,,,,,,,,,,,
377,GreatMoonClaw,N_hth_GreatMoonClaw01,0,0,,,,,,,,,,,,,,,,,,,,,
378,GreatMoonFang,N_hth_GreatMoonFang01,0,0,,,,,,,,,,,,,,,,,,,,,
379,LargeBladedClawGreave,N_hth_LargeBladedClawGreave01,0,0,,,,,,,,,,,,,,,,,,,,,
380,LargeBladedFangGreave,N_hth_LargeBladedFangGreave01,0,0,,,,,,,,,,,,,,,,,,,,,
381,LargeBladedMoonClaw,N_hth_LargeBladedMoonClaw01,0,0,,,,,,,,,,,,,,,,,,,,,
382,LargeBladedMoonFang,N_hth_LargeBladedMoonFang01,0,0,,,,,,,,,,,,,,,,,,,,,
383,LargeClawGreave,N_hth_LargeClawGreave01,0,0,,,,,,,,,,,,,,,,,,,,,
384,LargeFangGreave,N_hth_LargeFangGreave01,0,0,,,,,,,,,,,,,,,,,,,,,
385,LargeMoonClaw,N_hth_LargeMoonClaw01,0,0,,,,,,,,,,,,,,,,,,,,,
386,LargeMoonFang,N_hth_LargeMoonFang01,0,0,,,,,,,,,,,,,,,,,,,,,
387,MoonClaw,N_hth_MoonClaw01,0,0,,,,,,,,,,,,,,,,,,,,,
388,MoonFang,N_hth_MoonFang01,0,0,,,,,,,,,,,,,,,,,,,,,
389,Norse Helm 3,NHelm3,1,0,,,,,,,,,,,,,,,,,,,3,,
390,Norse Helm 2,NHelm2,1,0,,,,,,,,,,,,,,,,,,,3,,
391,Norse Helm 1,NHelm1,1,0,,,,,,,,,,,,,,,,,,,2,,
392,Valkyn Helm 3,N_ValHelm3,1,0,,,,,,,,,,,,,,,,,,,3,,
393,Valkyn Helm 2,N_ValHelm2,1,0,,,,,,,,,,,,,,,,,,,2,,
394,Valkyn Helm 1,N_ValHelm1,1,0,,,,,,,,,,,,,,,,,,,2,,
395,Troll Helm 3,N_Trlhelm3,1,0,,,,,,,,,,,,,,,,,,,3,,
396,Troll Helm 2,N_Trlhelm2,1,0,,,,,,,,,,,,,,,,,,,3,,
397,Troll Helm 1,N_Trlhelm1,1,0,,,,,,,,,,,,,,,,,,,2,,
398,Hib Firb Helm 3,HF_helm3,1,0,,,,,,,,,,,,,,,,,,,3,,
399,Hib Firb Helm 2,HF_helm2,1,0,,,,,,,,,,,,,,,,,,,3,,
400,Hib Firb Helm 1,HF_helm1,1,0,,,,,,,,,,,,,,,,,,,2,,
401,Brit  Helm 3,helm3,1,0,,,,,,,,,,,,,,,,,,,3,,
402,Brit  Helm 2,helm2,1,0,,,,,,,,,,,,,,,,,,,3,,
403,Brit  Helm 1,helm1,1,0,,,,,,,,,,,,,,,,,,,2,,
404,Hib Sylv Helm 3,H_sylHelm3,1,0,,,,,,,,,,,,,,,,,,,3,,
405,Hib Sylv Helm 2,H_sylHelm2,1,0,,,,,,,,,,,,,,,,,,,3,,
406,Hib Sylv Helm 1,H_sylHelm1,1,0,,,,,,,,,,,,,,,,,,,2,,
407,Hib Helm 3,H_helm3,1,0,,,,,,,,,,,,,,,,,,,3,,
408,Hib Helm 2,H_helm2,1,0,,,,,,,,,,,,,,,,,,,3,,
409,Hib Helm 1,H_helm1,1,0,,,,,,,,,,,,,,,,,,,2,,
410,Dwarven 1H Hammer,N_1h_dwarvenhammer01,0,0,,,,,,,,,,,,,,,,,,,,,
411,Dwarven 1H Hand Axe,N_1h_dwarvenhandaxe01,0,0,,,,,,,,,,,,,,,,,,,,,
412,Dwarven 1H War Axe,N_1h_dwarvenwaraxe01,0,0,,,,,,,,,,,,,,,,,,,,,
413,Dwarven 1H War Hammer,N_1h_dwarvenwarhammer01,0,0,,,,,,,,,,,,,,,,,,,,,
414,Kobold Dagger,N_1h_KoboldDagger01,0,0,,,,,,,,,,,,,,,,,,,,,
415,Kobold Hand Axe,N_1h_koboldhandaxe01,0,0,,,,,,,,,,,,,,,,,,,,,
416,Kobold Long Sword,N_1h_koboldLongSword01,0,0,,,,,,,,,,,,,,,,,,,,,
417,Kobold Sap,N_1h_koboldsap01,0,0,,,,,,,,,,,,,,,,,,,,,
418,Kobold Short Sword,N_1h_koboldShortSword01,0,0,,,,,,,,,,,,,,,,,,,,,
419,Kobold War Axe,N_1h_koboldwaraxe01,0,0,,,,,,,,,,,,,,,,,,,,,
420,Kobold War Club,N_1h_KoboldWarClub01,0,0,,,,,,,,,,,,,,,,,,,,,
421,Troll 1H Broad Sword,N_1h_TrollBroadSword01,0,0,,,,,,,,,,,,,,,,,,,,,
422,Troll Dagger,N_1h_TrollDagger01,0,0,,,,,,,,,,,,,,,,,,,,,
423,Troll 1H Hammer,N_1h_TrollHammer01,0,0,,,,,,,,,,,,,,,,,,,,,
424,Troll Hand Axe,N_1h_TrollHandAxe01,0,0,,,,,,,,,,,,,,,,,,,,,
425,Troll Short Sword,N_1h_TrollShortSword01,0,0,,,,,,,,,,,,,,,,,,,,,
426,Troll 1H War Axe,N_1h_TrollWarAxe01,0,0,,,,,,,,,,,,,,,,,,,,,
427,Troll 1H War Hammer,N_1h_TrollWarHammer01,0,0,,,,,,,,,,,,,,,,,,,,,
428,Dwarven 2H Great Axe,N_2h_dwarvenGreatAxe01,0,0,,,,,,,,,,,,,,,,,,,,,
429,Dwarven Great Hammer,N_2h_DwarvenGreatHammer01,0,0,,,,,,,,,,,,,,,,,,,,,
430,Dwarven Spear,N_2h_dwarvenSpear01,0,0,,,,,,,,,,,,,,,,,,,,,
431,Kobold Great Axe,N_2h_KoboldGreatAxe01,0,0,,,,,,,,,,,,,,,,,,,,,
432,Kobold 2H Great Club,N_2h_KoboldGreatClub01,0,0,,,,,,,,,,,,,,,,,,,,,
433,Kobold Great Sword,N_2h_KoboldGreatSword01,0,0,,,,,,,,,,,,,,,,,,,,,
434,Troll Great Axe,N_2h_TrollGreatAxe01,0,0,,,,,,,,,,,,,,,,,,,,,
435,Troll Great Hammer,N_2h_TrollGreatHammer01,0,0,,,,,,,,,,,,,,,,,,,,,
436,Troll Great Sword,N_2h_TrollGreatSword01,0,0,,,,,,,,,,,,,,,,,,,,,
437,Troll Spear,N_2h_TrollSpear01,0,0,,,,,,,,,,,,,,,,,,,,,
438,Dwarven Crushing Bow,N_bo_DwarvenCrushingBow01,0,0,,,,,,,,,,,,,,,,,,,,,
439,Kobold Fang Bow,N_bo_KoboldFangBow01,0,0,,,,,,,,,,,,,,,,,,,,,
440,Viking Beared Bow,N_bo_VikingBeardedBow01,0,0,,,,,,,,,,,,,,,,,,,,,
441,Albion Mage Staff 01,b_st_magestaff01,0,0,,,,,,,,,,,,,,,,,,,,,
442,Albion Mage Staff 02,b_st_magestaff02,0,0,,,,,,,,,,,,,,,,,,,,,
443,Albion Mage Staff 03,b_st_magestaff03,0,0,,,,,,,,,,,,,,,,,,,,,
444,Albion Mage Staff 04,b_st_magestaff04,0,0,,,,,,,,,,,,,,,,,,,,,
445,Albion Mage Staff 05,b_st_magestaff05,0,0,,,,,,,,,,,,,,,,,,,,,
446,Necro Staff 01,b_st_necrostaff01,0,0,,,,,,,,,,,,,,,,,,,,,
447,Necro Staff 02,b_st_necrostaff02,0,0,,,,,,,,,,,,,,,,,,,,,
448,Hib Staff 01,h_st_staff04,0,0,,,,,,,,,,,,,,,,,,,,,
449,Hib Staff 02,h_st_staff05,0,0,,,,,,,,,,,,,,,,,,,,,
450,Hib Staff 03,h_st_staff06,0,0,,,,,,,,,,,,,,,,,,,,,
451,Hib Staff 04,h_st_staff07,0,0,,,,,,,,,,,,,,,,,,,,,
452,Hib Staff 05,h_st_staff08,0,0,,,,,,,,,,,,,,,,,,,,,
453,Hib Staff 06,h_st_staff09,0,0,,,,,,,,,,,,,,,,,,,,,
454,Hib Staff 07,h_st_staff10,0,0,,,,,,,,,,,,,,,,,,,,,
455,Hib Staff 08,h_st_staff11,0,0,,,,,,,,,,,,,,,,,,,,,
456,Hib Staff 09,h_st_staff12,0,0,,,,,,,,,,,,,,,,,,,,,
457,Hib Staff 10,h_st_staff13,0,0,,,,,,,,,,,,,,,,,,,,,
458,Hib Staff 11,h_st_staff14,0,0,,,,,,,,,,,,,,,,,,,,,
459,Hib Staff 12,h_st_staff15,0,0,,,,,,,,,,,,,,,,,,,,,
460,Hib Staff 13,h_st_staff16,0,0,,,,,,,,,,,,,,,,,,,,,
461,Common  Buckler Shield,Shield_Buckler,1,0,,,,,,,,,,,,,,,,,,,,,
462,Common Heater Shield,Shield_Heater,1,0,,,,,,,,,,,,,,,,,,,,,
463,Common LBlock Shield,Shield_LBlock,1,0,,,,,,,,,,,,,,,,,,,,,
464,Common LHeater Shield,Shield_LHeater,1,0,,,,,,,,,,,,,,,,,,,,,
465,Common LRound Shield,Shield_LRound,1,0,,,,,,,,,,,,,,,,,,,,,
466,Common MBlock Shield,Shield_MBlock,1,0,,,,,,,,,,,,,,,,,,,,,
467,Common MRound Shield,Shield_MRound,1,0,,,,,,,,,,,,,,,,,,,,,
468,Alb Shield 01,B_Shield_AlbionBuckler,1,0,,,,,,,,,,,,,,,,,,,,,
469,Alb Shield 02,B_Shield_GreatHorned,1,0,,,,,,,,,,,,,,,,,,,,,
470,Alb Shield 03,B_Shield_GreatKite,1,0,,,,,,,,,,,,,,,,,,,,,
471,Alb Shield 04,B_Shield_Horned,1,0,,,,,,,,,,,,,,,,,,,,,
472,Alb Shield 05,B_Shield_Kite,1,0,,,,,,,,,,,,,,,,,,,,,
473,Alb Shield 06,B_Shield_KiteBuckler,1,0,,,,,,,,,,,,,,,,,,,,,
474,Alb Shield 07,B_Shield_Tower,1,0,,,,,,,,,,,,,,,,,,,,,
475,Mid Shield 01,M_Shield_Crescent,1,0,,,,,,,,,,,,,,,,,,,,,
476,Mid Shield 02,M_Shield_Grave,1,0,,,,,,,,,,,,,,,,,,,,,
477,Mid Shield 03,M_Shield_GraveBuckler,1,0,,,,,,,,,,,,,,,,,,,,,
478,Mid Shield 04,M_Shield_GreatCrescent,1,0,,,,,,,,,,,,,,,,,,,,,
479,Mid Shield 05,M_Shield_GreatGrave,1,0,,,,,,,,,,,,,,,,,,,,,
480,Mid Shield 06,M_Shield_NorseBuckler,1,0,,,,,,,,,,,,,,,,,,,,,
481,Mid Shield 07,M_Shield_NorseTower,1,0,,,,,,,,,,,,,,,,,,,,,
482,Hib Shield 01,H_Shield_Celtic,1,0,,,,,,,,,,,,,,,,,,,,,
483,Hib Shield 02,H_Shield_CelticBuckler,1,0,,,,,,,,,,,,,,,,,,,,,
484,Hib Shield 03,H_Shield_CelticTower,1,0,,,,,,,,,,,,,,,,,,,,,
485,Hib Shield 04,H_Shield_GreatCeltic,1,0,,,,,,,,,,,,,,,,,,,,,
486,Hib Shield 05,H_Shield_GreatLeafPoint,1,0,,,,,,,,,,,,,,,,,,,,,
487,Hib Shield 06,H_Shield_LeafPoint,1,0,,,,,,,,,,,,,,,,,,,,,
488,Hib Shield 07,H_Shield_LeafPointBuckler,1,0,,,,,,,,,,,,,,,,,,,,,
489,Hib Helm 4,H_helm4,1,0,,,,,,,,,,,,,,,,,,,3,,
490,Hib Sylvan Helm 4,H_sylHelm4,1,0,,,,,,,,,,,,,,,,,,,3,,
491,Albion Helm 4,Helm4,1,0,,,,,,,,,,,,,,,,,,,3,,
492,Albion Helm 5,Helm5,1,0,,,,,,,,,,,,,,,,,,,3,,
493,Firbolg Helm 4,HF_helm4,1,0,,,,,,,,,,,,,,,,,,,3,,
494,Troll Helm 4,N_TRLhelm4,1,0,,,,,,,,,,,,,,,,,,,3,,
495,Valkyn Helm 4,N_ValHelm4,1,0,,,,,,,,,,,,,,,,,,,3,,
496,Norse Helm 4,NHelm4,1,0,,,,,,,,,,,,,,,,,,,3,,
497,VFX_helmet_NULL-FirF,VFX_helmet_NULL-FirF,0,4,,,,,,,,,,,,,,,,,,,1,,
498,Gandalf Hat Albion,b_hat01,1,0,,,,,,,,,,,,,,,,,,,2,,
499,Gandalf Hat Hib Celt & Elf,hce_hat01,1,0,,,,,,,,,,,,,,,,,,,2,,
500,Gandalf Hat Hib Firb & Keen,hfl_hat01,1,0,,,,,,,,,,,,,,,,,,,2,,
501,Gandalf Hat Hib Sylvan,hs_hat01,1,0,,,,,,,,,,,,,,,,,,,2,,
502,Gandalf Hat Mid Hum & Dwar,nhd_hat01,1,0,,,,,,,,,,,,,,,,,,,2,,
503,Gandalf Hat Mid Troll,nt_hat01,1,0,,,,,,,,,,,,,,,,,,,2,,
504,Gandalf Hat Mid Kobold,nk_hat01,1,0,,,,,,,,,,,,,,,,,,,2,,
505,Gandalf Hat Mid Valkyn,nv_hat01,1,0,,,,,,,,,,,,,,,,,,,2,,
506,VFX_helmet_NULL-FrostM,VFX_helmet_NULL-FrostM,0,4,,,,,,,,,,,,,,,,,,,1,,
507,VFX_helmet_NULL-FrostF,VFX_helmet_NULL-FrostF,0,4,,,,,,,,,,,,,,,,,,,1,,
508,VFX_helmet_NULL-LuriM,VFX_helmet_NULL-LuriM,0,4,,,,,,,,,,,,,,,,,,,1,,145
509,VFX_helmet_NULL-LuriF,VFX_helmet_NULL-LuriF,0,4,,,,,,,,,,,,,,,,,,,1,,145
510,VFX_helmet_NULL-ValM,VFX_helmet_NULL-ValM,0,4,,,,,,,,,,,,,,,,,,,1,,130
511,VFX_helmet_NULL-ValF,VFX_helmet_NULL-ValF,0,4,,,,,,,,,,,,,,,,,,,1,,122
512,VFX_helmet_NULL-SylM,VFX_helmet_NULL-SylM,0,4,,,,,,,,,,,,,,,,,,,1,,
513,VFX_helmet_NULL-SylF,VFX_helmet_NULL-SylF,0,4,,,,,,,,,,,,,,,,,,,1,,
514,VFX_helmet_NULL-FirM,VFX_helmet_NULL-FirM,0,4,,,,,,,,,,,,,,,,,,,1,,
515,Robin Hood - Alb,b_hat03,1,0,,,,,,,,,,,,,,,,,,,2,,
516,Robin Hood - Hib,h_hat03,1,0,,,,,,,,,,,,,,,,,,,2,,
517,Robin Hood - Hib Sylvan,hs_hat03,1,0,,,,,,,,,,,,,,,,,,,2,,
518,Fur Cap - Mid,nhdt_hat03,1,0,,,,,,,,,,,,,,,,,,,2,,
519,Fur Cap - Mid Kobold,nk_hat03,1,0,,,,,,,,,,,,,,,,,,,2,,
520,Fur Cap - Mid Valkyn,nv_hat03,1,0,,,,,,,,,,,,,,,,,,,2,,
521,Alb- Tarboosh,b_hat04,1,0,,,,,,,,,,,,,,,,,,,2,,
522,Hib Leaf Hat - Celt/Elf,hce_hat04,1,0,,,,,,,,,,,,,,,,,,,2,,
523,Hib Leaf Hat - Firb/Keen,hfl_hat04,1,0,,,,,,,,,,,,,,,,,,,2,,
524,Hib Leaf Hat - Sylvan,hs_hat04,1,0,,,,,,,,,,,,,,,,,,,2,,
525,Mid Wing Hat  -Valkyn,nv_hat04,1,0,,,,,,,,,,,,,,,,,,,2,,
526,Mid Wing Hat  - Kobold,nk_hat04,1,0,,,,,,,,,,,,,,,,,,,2,,
527,Mid Wing Hat,nhdt_hat04,1,0,,,,,,,,,,,,,,,,,,,2,,
528,Alb Jester Hat,b_hat05,1,0,,,,,,,,,,,,,,,,,,,2,,
529,Hib Stag Helm-Celt/Elf,hce_hat05,1,0,,,,,,,,,,,,,,,,,,,2,,
530,Hib Stag Helm-Firb/Keen,hfl_hat05,1,0,,,,,,,,,,,,,,,,,,,2,,
531,Hib Stag Helm-Sylvan,hs_hat05,1,0,,,,,,,,,,,,,,,,,,,2,,
532,Mid Wolf Helm Valkyn,nv_hat05,1,0,,,,,,,,,,,,,,,,,,,2,,
533,Mid Wolf Helm Kobold,nk_hat05,1,0,,,,,,,,,,,,,,,,,,,2,,
534,Mid Wolf Helm Troll,nt_hat05,1,0,,,,,,,,,,,,,,,,,,,2,,
535,Mid Wolf Helm Hum Drawf,nhd_hat05,1,0,,,,,,,,,,,,,,,,,,,2,,
536,Tiarra - Troll,nt_hat06,1,0,,,,,,,,,,,,,,,,,,,2,,
537,Tiarra - Sylvan,hs_hat06,1,0,,,,,,,,,,,,,,,,,,,2,,
538,Tiarra - Celt/Elf,hce_hat06,1,0,,,,,,,,,,,,,,,,,,,2,,
539,Tiarra - Firb/Keen,hfl_hat06,1,0,,,,,,,,,,,,,,,,,,,2,,
540,Tiarra - Alb,b_hat06,1,0,,,,,,,,,,,,,,,,,,,2,,
541,Tiarra - Valk,nv_hat06,1,0,,,,,,,,,,,,,,,,,,,2,,
542,Tiarra - Kobold,nk_hat06,1,0,,,,,,,,,,,,,,,,,,,2,,
543,Tiara -Mid Hum and Dwf,nhd_hat06,1,0,,,,,,,,,,,,,,,,,,,2,,
544,Ground Target,gtarget,0,0,,,,,,,,,,,,,,,,,,,,,
545,Dummy 1,ext_wall_1x14,0,0,,,,,,,,,,,,1,,,,,,,,,
546,Dummy 2,ext_wall_corner,0,0,,,,,,,,,,,,1,,,,,,,,,
547,Dummy 3,ext_wall_1x4,0,0,,,,,,,,,,,,1,,,,,,,,,
548,Tiara - Alb Saracen Fem,bsf_hat06,1,0,,,,,,,,,,,,,,,,,,,2,,
549,Tiara - Alb Saracen Male,bs_hat06,1,0,,,,,,,,,,,,,,,,,,,2,,
550,Tiara - Alb Avalon Fem,ba_hat06,1,0,,,,,,,,,,,,,,,,,,,2,,
551,Tiara - Alb Incon Male,bi_hat06,1,0,,,,,,,,,,,,,,,,,,,2,,
552,Exterior Bench 1,ext_bench_01,0,0,,,,,,,,,,,,1,,,,,,,,,
553,Exterior Bench 2,ext_bench_02,0,0,,,,,,,,,,,,1,,,,,,,,,
554,Exterior Birdbath,ext_birdbath_01,0,0,,,,,,,,,,,,1,,,,,,,,,
555,Exterior Fountain 01,ext_fountain_01,0,0,,,,,,,,,,,,1,,,,,,,,,
556,Exterior Fountain 02,ext_fountain_02,0,0,,,,,,,,,,,,1,,,,,,,,,
557,Exterior Fountain 03,ext_fountain_03,0,0,,,,,,,,,,,,1,,,,,,,,,
558,Exterior Fountain 04,ext_fountain_04,0,0,,,,,,,,,,,,1,,,,,,,,,
559,Exterior Garden 01,ext_garden_01,0,0,,,,,,,,,,,,1,,,,,,,,,
560,Exterior Garden 02,ext_garden_02,0,0,,,,,,,,,,,,1,,,,,,,,,
561,Exterior Garden 03,ext_garden_03,0,0,,,,,,,,,,,,1,,,,,,,,,
562,Exterior Hedge 01,ext_hedge_01,0,0,,,,,,,,,,,,1,,,,,,,,,
563,Exterior Plant 01,ext_plant_01,0,0,,,,,,,,,,,,1,,,,,,,,,
564,Exterior Plant 02,ext_plant_02,0,0,,,,,,,,,,,,1,,,,,,,,,
565,Exterior Sundial,ext_sundial_01,0,0,,,,,,,,,,,,1,,,,,,,,,
566,Midgard PHouse Lot,MLot,0,0,,,,,,,,,,,,1,,,,,,,,,
567,Hibernia PHouse Lot,Hlot,0,0,,,,,,,,,,,,1,,,,,,,,,
568,Albion PHouse Lot,Alot,0,0,,,,,,,,,,,,1,,,,,,,,,
569,PlayH - Barrel,int_floor_barrel_01,0,0,,,,,,,,,,,,1,,,,,,,,,
570,PlayH - Bed 01,int_floor_bed_01,0,0,,,,,,,,,,,,1,,,,,,,,,
571,PlayH - Bed 02,int_floor_bed_02,0,0,,,,,,,,,,,,1,,,,,,,,,
572,PlayH - Bed 03,int_floor_bed_03,0,0,,,,,,,,,,,,1,,,,,,,,,
573,PlayH - Bench 01,int_floor_bench_01,0,0,,,,,,,,,,,,1,,,,,,,,,
574,PlayH - Bench 02,int_floor_bench_02,0,0,,,,,,,,,,,,1,,,,,,,,,
575,PlayH - Bench 03,int_floor_bench_03,0,0,,,,,,,,,,,,1,,,,,,,,,
576,PlayH - Bookshelf 01,int_floor_bookshelf_01,0,0,,,,,,,,,,,,1,,,,,,,,,
577,PlayH - Bookshelf 02,int_floor_bookshelf_02,0,0,,,,,,,,,,,,1,,,,,,,,,
578,PlayH - Box,int_floor_box_01,0,0,,,,,,,,,,,,1,,,,,,,,,
579,PlayH - Chair 01,int_floor_chair_01,0,0,,,,,,,,,,,,1,,,,,,,,,
580,PlayH - Chair 02,int_floor_chair_02,0,0,,,,,,,,,,,,1,,,,,,,,,
581,PlayH - Chair 03,int_floor_chair_03,0,0,,,,,,,,,,,,1,,,,,,,,,
582,PlayH - Chair 04,int_floor_chair_04,0,0,,,,,,,,,,,,1,,,,,,,,,
583,PlayH - Chair 05,int_floor_chair_05,0,0,,,,,,,,,,,,1,,,,,,,,,
584,PlayH - Chair 06,int_floor_chair_06,0,0,,,,,,,,,,,,1,,,,,,,,,
585,PlayH Chest 01,int_floor_chest_01,0,0,,,,,,,,,,,,1,,,,,,,,,
586,PlayH Chest 02,int_floor_chest_02,0,0,,,,,,,,,,,,1,,,,,,,,,
587,PlayH Chest 03,int_floor_chest_03,0,0,,,,,,,,,,,,1,,,,,,,,,
588,PlayH Desk 01,int_floor_desk_01,0,0,,,,,,,,,,,,1,,,,,,,,,
589,PlayH Desk 02,int_floor_desk_02,0,0,,,,,,,,,,,,1,,,,,,,,,
590,PlayH Desk 03,int_floor_desk_03,0,0,,,,,,,,,,,,1,,,,,,,,,
591,PlayH - Rnd Table 01,int_floor_table_round_01,0,0,,,,,,,,,,,,1,,,,,,,,,
592,PlayH - Rnd Table 02,int_floor_table_round_02,0,0,,,,,,,,,,,,1,,,,,,,,,
593,PlayH Square Table 01,int_floor_table_square_01,0,0,,,,,,,,,,,,1,,,,,,,,,
594,PlayH Square Table 02,int_floor_table_square_02,0,0,,,,,,,,,,,,1,,,,,,,,,
595,PlayH - Ant Trophy,int_floor_trophy_ant_01,0,0,,,,,,,,,,,,1,,,,,,,,,
596,PlayH - Badger Trophy,int_floor_trophy_badger_01,0,0,,,,,,,,,,,,1,,,,,,,,,
597,PlayH - Wolf Trophy,int_floor_trophy_black_wolf_01,0,0,,,,,,,,,,,,1,,,,,,,,,
598,PlayH - Boar Trophy,int_floor_trophy_boar_01,0,0,,,,,,,,,,,,1,,,,,,,,,
599,PlayH - Cock Trophy,int_floor_trophy_cockatrice_01,0,0,,,,,,,,,,,,1,,,,,,,,,
600,PlayH - Frog Trophy,int_floor_trophy_frog_01,0,0,,,,,,,,,,,,1,,,,,,,,,
601,PlayH - Lizard Trophy,int_floor_trophy_ice_lizard_01,0,0,,,,,,,,,,,,1,,,,,,,,,
602,PlayH - Manta Trophy,int_floor_trophy_manta_01,0,0,,,,,,,,,,,,1,,,,,,,,,
603,PlayH - Mantis Trophy,int_floor_trophy_mantis_01,0,0,,,,,,,,,,,,1,,,,,,,,,
604,PlayH - Skele Trophy,int_floor_trophy_skeleton_01,0,0,,,,,,,,,,,,1,,,,,,,,,
605,PlayH - Cat Trophy,int_floor_trophy_snow_cat_01,0,0,,,,,,,,,,,,1,,,,,,,,,
606,PlayH - Spider Trophy,int_floor_trophy_spiders_01,0,0,,,,,,,,,,,,1,,,,,,,,,
607,PlayH - Lion Trophy,int_floor_trophy_tan_lion_01,0,0,,,,,,,,,,,,1,,,,,,,,,
608,PlayH - Bird Trophy,int_floor_trophy_terror_bird_01,0,0,,,,,,,,,,,,1,,,,,,,,,
609,PlayH - Vengo Trophy,int_floor_trophy_vengo_warrior_01,0,0,,,,,,,,,,,,1,,,,,,,,,
610,PlayH - Alb Wall Map,int_wall_map_alb_01,0,0,,,,,,,,,,,,1,,,,,,,,,
611,PlayH - Hib Wall Map,int_wall_map_hib_01,0,0,,,,,,,,,,,,1,,,,,,,,,
612,PlayH - Mid Wall Map,int_wall_map_mid_01,0,0,,,,,,,,,,,,1,,,,,,,,,
613,Play H Alb Painting 01,int_wall_paint_alb_01,0,0,,,,,,,,,,,,1,,,,,,,,,
614,Play H Alb Painting 02,int_wall_paint_alb_02,0,0,,,,,,,,,,,,1,,,,,,,,,
615,Play H Alb Painting 03,int_wall_paint_alb_03,0,0,,,,,,,,,,,,1,,,,,,,,,
616,Play H Alb Painting 04,int_wall_paint_alb_04,0,0,,,,,,,,,,,,1,,,,,,,,,
617,Play H Alb Painting 05,int_wall_paint_alb_05,0,0,,,,,,,,,,,,1,,,,,,,,,
618,Play H Alb Painting 06,int_wall_paint_alb_06,0,0,,,,,,,,,,,,1,,,,,,,,,
619,Play H Alb Painting 07,int_wall_paint_alb_07,0,0,,,,,,,,,,,,1,,,,,,,,,
620,Play H Alb Painting 08,int_wall_paint_alb_08,0,0,,,,,,,,,,,,1,,,,,,,,,
621,Play H Alb Painting 09,int_wall_paint_alb_09,0,0,,,,,,,,,,,,1,,,,,,,,,
622,Play H Alb Painting 10,int_wall_paint_alb_10,0,0,,,,,,,,,,,,1,,,,,,,,,
623,PlayH Hib Painting 01,int_wall_paint_hib_01,0,0,,,,,,,,,,,,1,,,,,,,,,
624,PlayH Hib Painting 02,int_wall_paint_hib_02,0,0,,,,,,,,,,,,1,,,,,,,,,
625,PlayH Hib Painting 03,int_wall_paint_hib_03,0,0,,,,,,,,,,,,1,,,,,,,,,
626,PlayH Hib Painting 04,int_wall_paint_hib_04,0,0,,,,,,,,,,,,1,,,,,,,,,
627,PlayH Hib Painting 05,int_wall_paint_hib_05,0,0,,,,,,,,,,,,1,,,,,,,,,
628,PlayH Hib Painting 06,int_wall_paint_hib_06,0,0,,,,,,,,,,,,1,,,,,,,,,
629,PlayH Hib Painting 07,int_wall_paint_hib_07,0,0,,,,,,,,,,,,1,,,,,,,,,
630,PlayH Hib Painting 08,int_wall_paint_hib_08,0,0,,,,,,,,,,,,1,,,,,,,,,
631,PlayH Hib Painting 09,int_wall_paint_hib_09,0,0,,,,,,,,,,,,1,,,,,,,,,
632,PlayH Hib Painting 10,int_wall_paint_hib_10,0,0,,,,,,,,,,,,1,,,,,,,,,
633,PlayH Mid Painting 01,int_wall_paint_mid_01,0,0,,,,,,,,,,,,1,,,,,,,,,
634,PlayH Mid Painting 02,int_wall_paint_mid_02,0,0,,,,,,,,,,,,1,,,,,,,,,
635,PlayH Mid Painting 03,int_wall_paint_mid_03,0,0,,,,,,,,,,,,1,,,,,,,,,
636,PlayH Mid Painting 04,int_wall_paint_mid_04,0,0,,,,,,,,,,,,1,,,,,,,,,
637,PlayH Mid Painting 05,int_wall_paint_mid_05,0,0,,,,,,,,,,,,1,,,,,,,,,
638,PlayH Mid Painting 06,int_wall_paint_mid_06,0,0,,,,,,,,,,,,1,,,,,,,,,
639,PlayH Mid Painting 07,int_wall_paint_mid_07,0,0,,,,,,,,,,,,1,,,,,,,,,
640,PlayH Mid Painting 08,int_wall_paint_mid_08,0,0,,,,,,,,,,,,1,,,,,,,,,
641,PlayH Mid Painting 09,int_wall_paint_mid_09,0,0,,,,,,,,,,,,1,,,,,,,,,
642,PlayH Mid Painting 10,int_wall_paint_mid_10,0,0,,,,,,,,,,,,1,,,,,,,,,
643,PlayH Torch 01,int_wall_torch_01,0,0,,,,,,,,,,,,1,,,,,,,,,
644,PlayH Torch 02,int_wall_torch_02,0,0,,,,,,,,,,,,1,,,,,,,,,
645,PlayH Torch 03,int_wall_torch_03,0,0,,,,,,,,,,,,1,,,,,,,,,
646,PlayH Torch 04,int_wall_torch_04,0,0,,,,,,,,,,,,1,,,,,,,,,
647,PlayH - 2HDrag Trophy,int_wall_trophy_2hdragon_01,0,0,,,,,,,,,,,,1,,,,,,,,,
648,PlayH - Alb Drag Trophy,int_wall_trophy_alb_dragon_01,0,0,,,,,,,,,,,,1,,,,,,,,,
649,PlayH - Drak Trophy,int_wall_trophy_drakking_01,0,0,,,,,,,,,,,,1,,,,,,,,,
650,PlayH - Fking Trophy,int_wall_trophy_fking_01,0,0,,,,,,,,,,,,1,,,,,,,,,
651,PlayH - Griff Trophy,int_wall_trophy_griffon_01,0,0,,,,,,,,,,,,1,,,,,,,,,
652,PlayH - Hib Drag Trophy,int_wall_trophy_hib_dragon_01,0,0,,,,,,,,,,,,1,,,,,,,,,
653,PlayH - Mantis Trophy,int_wall_trophy_mantis_01,0,0,,,,,,,,,,,,1,,,,,,,,,
654,PlayH - Mega Trophy,int_wall_trophy_mega_01,0,0,,,,,,,,,,,,1,,,,,,,,,
655,PlayH - MidDrag Trophy,int_wall_trophy_mid_dragon_01,0,0,,,,,,,,,,,,1,,,,,,,,,
656,PlayH - Pixie Trophy 01,int_wall_trophy_pixie_b_b_b_b,0,0,,,,,,,,,,,,1,,,,,,,,,
657,PlayH - Pixie Trophy 02,int_wall_trophy_pixie_b_b_r_r,0,0,,,,,,,,,,,,1,,,,,,,,,
658,PlayH - Pixie Trophy 03,int_wall_trophy_pixie_b_b_w_w,0,0,,,,,,,,,,,,1,,,,,,,,,
659,PlayH - Pixie Trophy 04,int_wall_trophy_pixie_g_g_b_b,0,0,,,,,,,,,,,,1,,,,,,,,,
660,PlayH - Pixie Trophy 05,int_wall_trophy_pixie_g_g_g_g,0,0,,,,,,,,,,,,1,,,,,,,,,
661,PlayH - Pixie Trophy 06,int_wall_trophy_pixie_g_g_r_r,0,0,,,,,,,,,,,,1,,,,,,,,,
662,PlayH - Pixie Trophy 07,int_wall_trophy_pixie_g_w_b_r,0,0,,,,,,,,,,,,1,,,,,,,,,
663,PlayH - Pixie Trophy 08,int_wall_trophy_pixie_r_r_r_r,0,0,,,,,,,,,,,,1,,,,,,,,,
664,PlayH - Pixie Trophy 09,int_wall_trophy_pixie_w_w_g_g,0,0,,,,,,,,,,,,1,,,,,,,,,
665,PlayH - Pixie Trophy 10,int_wall_trophy_pixie_w_w_r_r,0,0,,,,,,,,,,,,1,,,,,,,,,
666,PlayH - Pixie Trophy 11,int_wall_trophy_pixie_w_w_w_w,0,0,,,,,,,,,,,,1,,,,,,,,,
667,PlayH - Saber Trophy,int_wall_trophy_saber_01,0,0,,,,,,,,,,,,1,,,,,,,,,
668,PlayH - Wooly Trophy,int_wall_trophy_wooly_01,0,0,,,,,,,,,,,,1,,,,,,,,,
669,PlayH - Alb Bindstone,APHBindstone,0,0,,,,,,,,,,,,1,,,,,,,,,
670,PlayH - Alb Vault,APHVault,0,0,,,,,,,,,,,,1,,,,,,,,,
671,PlayH - Hib Bindstone,HPHBindstone,0,0,,,,,,,,,,,,1,,,,,,,,,
672,PlayH - Hib Vault,HPHVault,0,0,,,,,,,,,,,,1,,,,,,,,,
673,PlayH - Mid Bindstone,MPHBindstone,0,0,,,,,,,,,,,,1,,,,,,,,,
674,PlayH - Mid Vault,MPHVault,0,0,,,,,,,,,,,,1,,,,,,,,,
675,PlayH Alchemy,tool_alchemy,0,0,,,,,,,,,,,,1,,,,,,,,,
676,PlayH Forge,tool_forge,0,0,,,,,,,,,,,,1,,,,,,,,,
677,PlayH Lathe,tool_lathe,0,0,,,,,,,,,,,,1,,,,,,,,,
678,PlayH Leather,tool_leather,0,0,,,,,,,,,,,,1,,,,,,,,,
679,PlayH Loom,tool_loom,0,0,,,,,,,,,,,,1,,,,,,,,,
680,PlayH  - Ext Garden 03A,ext_garden_03_01,0,0,,,,,,,,,,,,1,,,,,,,,,
681,PlayH - Ext Tile 01,ext_tile_01,0,0,,,,,,,,,,,,1,,,,,,,,,
682,PlayH - Ext Tile 02,ext_tile_02,0,0,,,,,,,,,,,,1,,,,,,,,,
683,Playh - Ext Fount 4A,ext_fountain_04_01,0,0,,,,,,,,,,,,1,,,,,,,,,
684,PlayH - Arch 1,ext_arch_01,0,0,,,,,,,,,,,,1,,,,,,,,,
685,ext hedge 02,ext_hedge_02,0,0,,,,,,,,,,,,1,,,,,,,,,
686,ext hedge 03,ext_hedge_03,0,0,,,,,,,,,,,,1,,,,,,,,,
687,ext hedge 04,ext_hedge_04,0,0,,,,,,,,,,,,1,,,,,,,,,
688,ext flowers 01,ext_flowers_01,0,0,,,,,,,,,,,,1,,,,,,,,,
689,ext flowers 02,ext_flowers_02,0,0,,,,,,,,,,,,1,,,,,,,,,
690,ext flowers 03,ext_flowers_03,0,0,,,,,,,,,,,,1,,,,,,,,,
691,ext flowers 04,ext_flowers_04,0,0,,,,,,,,,,,,1,,,,,,,,,
692,ext urn 01,ext_urn_01,0,0,,,,,,,,,,,,1,,,,,,,,,
693,ext urn 02,ext_urn_02,0,0,,,,,,,,,,,,1,,,,,,,,,
694,ext arch 01 wall,ext_arch_01_wall,0,0,,,,,,,,,,,,1,,,,,,,,,
695,ext arch 02,ext_arch_02,0,0,,,,,,,,,,,,1,,,,,,,,,
696,ext arch 02 wall,ext_arch_02_wall,0,0,,,,,,,,,,,,1,,,,,,,,,
697,ext arch 03,ext_arch_03,0,0,,,,,,,,,,,,1,,,,,,,,,
698,ext arch 03 wall,ext_arch_03_wall,0,0,,,,,,,,,,,,1,,,,,,,,,
699,ext stone 01,ext_stone_01,0,0,,,,,,,,,,,,1,,,,,,,,,
700,ext stone 02,ext_stone_02,0,0,,,,,,,,,,,,1,,,,,,,,,
701,ext stone 03,ext_stone_03,0,0,,,,,,,,,,,,1,,,,,,,,,
702,ext stone 04,ext_stone_04,0,0,,,,,,,,,,,,1,,,,,,,,,
703,ext statue 01,ext_statue_01,0,0,,,,,,,,,,,,1,,,,,,,,,
704,ext tree 01,ext_tree_01,0,0,,,,,,,,,,,,1,,,,,,,,,
705,ext tree 02,ext_tree_02,0,0,,,,,,,,,,,,1,,,,,,,,,
706,ext tree 03,ext_tree_03,0,0,,,,,,,,,,,,1,,,,,,,,,
707,Hedge Wall Long 1,ext_hedge_01_14x1,0,0,,,,,,,,,,,,1,,,,,,,,,
708,Hedge Wall  Short 1,ext_hedge_01_4x1,0,0,,,,,,,,,,,,1,,,,,,,,,
709,Hedge Wall Long 2,ext_hedge_02_14x1,0,0,,,,,,,,,,,,1,,,,,,,,,
710,Hedge Wall  Short 2,ext_hedge_02_4x1,0,0,,,,,,,,,,,,1,,,,,,,,,
711,Hedge Wall Long 3,ext_hedge_03_14x1,0,0,,,,,,,,,,,,1,,,,,,,,,
712,Hedge Wall  Short 3,ext_hedge_03_4x1,0,0,,,,,,,,,,,,1,,,,,,,,,
713,Hedge Wall Long 4,ext_hedge_04_14x1,0,0,,,,,,,,,,,,1,,,,,,,,,
714,Hedge Wall  Short 4,ext_hedge_04_4x1,0,0,,,,,,,,,,,,1,,,,,,,,,
715,VFX_helmet_NULL-ElfM,VFX_helmet_NULL-ElfM,0,4,,,,,,,,,,,,,,,,,,,1,,
716,VFX_helmet_NULL-ElfF,VFX_helmet_NULL-ElfF,0,4,,,,,,,,,,,,,,,,,,,1,,
717,VFX_helmet_NULL-KobM,VFX_helmet_NULL-KobM,0,4,,,,,,,,,,,,,,,,,,,1,,142
718,VFX_helmet_NULL-KobF,VFX_helmet_NULL-KobF,0,4,,,,,,,,,,,,,,,,,,,1,,142
719,Single Pixie Trophie Red,int_wall_singletrophy_pixie_Red,0,0,,,,,,,,,,,,1,,,,,,,,,
720,Single Pixie Trophie Blue,int_wall_singletrophy_pixie_Blue,0,0,,,,,,,,,,,,1,,,,,,,,,
721,Single Pixie Trophie White,int_wall_singletrophy_pixie_White,0,0,,,,,,,,,,,,1,,,,,,,,,
722,Single Pixie Trophie Green,int_wall_singletrophy_pixie_Green,0,0,,,,,,,,,,,,1,,,,,,,,,
723,BindstoneMarker,BindstoneMarker,0,0,,,,,,,,,,,,1,,,,,,,,,
724,MerchantMarker,MerchantMarker,0,0,,,,,,,,,,,,1,,,,,,,,,
725,TradeMarker,TradeMarker,0,0,,,,,,,,,,,,1,,,,,,,,,
726,VaultMarker,VaultMarker,0,0,,,,,,,,,,,,1,,,,,,,,,
727,Sign Siegecraft Use,TradeSign_Siegecraft_Use,0,0,,,,,,,,,,,,1,,,,,,,,,
728,Sign Siegecraft Buy,TradeSign_Siegecraft_Buy,0,0,,,,,,,,,,,,1,,,,,,,,,
729,Sign ClothWork Use,TradeSign_ClothWork_Use,0,0,,,,,,,,,,,,1,,,,,,,,,
730,Sign ClothWork Buy,TradeSign_ClothWork_Buy,0,0,,,,,,,,,,,,1,,,,,,,,,
731,Sign WoodWork Use,TradeSign_WoodWork_Use,0,0,,,,,,,,,,,,1,,,,,,,,,
732,Sign WoodWork Buy,TradeSign_WoodWork_Buy,0,0,,,,,,,,,,,,1,,,,,,,,,
733,Sign WeaponCrafting Use,TradeSign_WeaponCrafting_Use,0,0,,,,,,,,,,,,1,,,,,,,,,
734,Sign WeaponCrafting Buy,TradeSign_WeaponCrafting_Buy,0,0,,,,,,,,,,,,1,,,,,,,,,
735,Sign Tailoring Use,TradeSign_Tailoring_Use,0,0,,,,,,,,,,,,1,,,,,,,,,
736,Sign Tailoring Buy,TradeSign_Tailoring_Buy,0,0,,,,,,,,,,,,1,,,,,,,,,
737,Sign SpellCrafting Use,TradeSign_SpellCrafting_Use,0,0,,,,,,,,,,,,1,,,,,,,,,
738,Sign SpellCrafting Buy,TradeSign_SpellCrafting_Buy,0,0,,,,,,,,,,,,1,,,,,,,,,
739,Sign MetalWork Use,TradeSign_MetalWork_Use,0,0,,,,,,,,,,,,1,,,,,,,,,
740,Sign MetalWork Buy,TradeSign_MetalWork_Buy,0,0,,,,,,,,,,,,1,,,,,,,,,
741,Sign LeatherWork Use,TradeSign_LeatherWork_Use,0,0,,,,,,,,,,,,1,,,,,,,,,
742,Sign LeatherWork Buy,TradeSign_LeatherWork_Buy,0,0,,,,,,,,,,,,1,,,,,,,,,
743,Sign Fletching Use,TradeSign_Fletching_Use,0,0,,,,,,,,,,,,1,,,,,,,,,
744,Sign Fletching Buy,TradeSign_Fletching_Buy,0,0,,,,,,,,,,,,1,,,,,,,,,
745,Sign ArmorCrafting Use,TradeSign_ArmorCrafting_Use,0,0,,,,,,,,,,,,1,,,,,,,,,
746,Sign ArmorCrafting Buy,TradeSign_ArmorCrafting_Buy,0,0,,,,,,,,,,,,1,,,,,,,,,
747,Sign Alchemy Use,TradeSign_Alchemy_Use,0,0,,,,,,,,,,,,1,,,,,,,,,
748,Sign Alchemy Buy,TradeSign_Alchemy_Buy,0,0,,,,,,,,,,,,1,,,,,,,,,
749,int wall trophy orborax,int_wall_trophy_orborax,0,0,,,,,,,,,,,,1,,,,,,,,,
750,Long Tile 1,ext_tile_01_3x1,0,0,,,,,,,,,,,,1,,,,,,,,,
751,Long Tile 2,ext_tile_02_3x1,0,0,,,,,,,,,,,,1,,,,,,,,,
752,ext fountain 05,ext_fountain_05,0,0,,,,,,,,,,,,1,,,,,,,,,
753,ext statue 01 01,ext_statue_01_01,0,0,,,,,,,,,,,,1,,,,,,,,,
754,ext wishing well,ext_wishing_well,0,0,,,,,,,,,,,,1,,,,,,,,,
755,int floor chair 03 blk,int_floor_chair_03_blk,0,0,,,,,,,,,,,,1,,,,,,,,,
756,int floor chair 03 green,int_floor_chair_03_green,0,0,,,,,,,,,,,,1,,,,,,,,,
757,int floor chair 03 purp,int_floor_chair_03_purp,0,0,,,,,,,,,,,,1,,,,,,,,,
758,int floor chair 03 red,int_floor_chair_03_red,0,0,,,,,,,,,,,,1,,,,,,,,,
759,int floor chair 03 yel,int_floor_chair_03_yel,0,0,,,,,,,,,,,,1,,,,,,,,,
760,int floor chair 04 blk,int_floor_chair_04_blk,0,0,,,,,,,,,,,,1,,,,,,,,,
761,int floor chair 04 green,int_floor_chair_04_green,0,0,,,,,,,,,,,,1,,,,,,,,,
762,int floor chair 04 purp,int_floor_chair_04_purp,0,0,,,,,,,,,,,,1,,,,,,,,,
763,int floor chair 04 red,int_floor_chair_04_red,0,0,,,,,,,,,,,,1,,,,,,,,,
764,int floor chair 04 yel,int_floor_chair_04_yel,0,0,,,,,,,,,,,,1,,,,,,,,,
765,int floor chair 07,int_floor_chair_07,0,0,,,,,,,,,,,,1,,,,,,,,,
766,int wall bookshelf 01,int_wall_bookshelf_01,0,0,,,,,,,,,,,,1,,,,,,,,,
767,int wall bookshelf 02,int_wall_bookshelf_02,0,0,,,,,,,,,,,,1,,,,,,,,,
768,int floor bookshelf 03,int_floor_bookshelf_03,0,0,,,,,,,,,,,,1,,,,,,,,,
769,ext archery target,ext_archery_target,0,0,,,,,,,,,,,,1,,,,,,,,,
770,int wall dartboard,int_wall_dartboard,0,0,,,,,,,,,,,,1,,,,,,,,,
771,ext barrel 03,ext_barrel_03,0,0,,,,,,,,,,,,1,,,,,,,,,
772,ext barrel 01,ext_barrel_01,0,0,,,,,,,,,,,,1,,,,,,,,,
773,ext barrel 02,ext_barrel_02,0,0,,,,,,,,,,,,1,,,,,,,,,
774,ext garden 04,ext_garden_04,0,0,,,,,,,,,,,,1,,,,,,,,,
775,Dartboard 2,int_wall_dartboard2,0,0,,,,,,,,,,,,1,,,,,,,,,
776,ext outhouse alb,ext_outhouse_alb,0,0,,,,,,,,,,,,1,,,,,,,,,
777,ext outhouse hib,ext_outhouse_hib,0,0,,,,,,,,,,,,1,,,,,,,,,
778,ext outhouse mid,ext_outhouse_mid,0,0,,,,,,,,,,,,1,,,,,,,,,
779,Trellis,ext_bench_trellis,0,0,,,,,,,,,,,,1,,,,,,,,,
780,int floor foot stool,int_floor_foot_stool,0,0,,,,,,,,,,,,1,,,,,,,,,
781,int floor table round 02,int_floor_table_round_02,0,0,,,,,,,,,,,,1,,,,,,,,,
782,ext picnic bench,ext_picnic_bench,0,0,,,,,,,,,,,,1,,,,,,,,,
783,ext chess table,ext_chess_table,0,0,,,,,,,,,,,,1,,,,,,,,,
784,int floor keg stack,int_floor_keg_stack,0,0,,,,,,,,,,,,1,,,,,,,,,
785,int floor keg,int_floor_keg,0,0,,,,,,,,,,,,1,,,,,,,,,
786,ext tiki tourch,ext_tiki_tourch,0,0,,,,,,,,,,,,1,,,,,,,,,
787,int chess table,int_chess_table,0,0,,,,,,,,,,,,1,,,,,,,,,
788,int floor fur rug 01,int_floor_fur_rug_01,0,0,,,,,,,,,,,,1,,,,,,,,,
789,int floor fur rug 02,int_floor_fur_rug_02,0,0,,,,,,,,,,,,1,,,,,,,,,
790,int floor fur rug 03,int_floor_fur_rug_03,0,0,,,,,,,,,,,,1,,,,,,,,,
791,int floor fur rug 04,int_floor_fur_rug_04,0,0,,,,,,,,,,,,1,,,,,,,,,
792,int floor fur rug 05,int_floor_fur_rug_05,0,0,,,,,,,,,,,,1,,,,,,,,,
793,ext hitching post,ext_hitching_post,0,0,,,,,,,,,,,,1,,,,,,,,,
794,int fish tank,int_floor_fishtank,0,0,,,,,,,,,,,,1,,,,,,,,,
795,ext_lion_statue,ext_lion_statue,0,0,,,,,,,,,,,,1,,,,,,,,,
796,Int Floor Card table,int_floor_card_table,0,0,,,,,,,,,,,,1,,,,,,,,,
797,int wall tapestry 01,int_wall_tapestry_01,0,0,,,,,,,,,,,,1,,,,,,,,,
798,int wall tapestry 02,int_wall_tapestry_02,0,0,,,,,,,,,,,,1,,,,,,,,,
799,int wall tapestry 03,int_wall_tapestry_03,0,0,,,,,,,,,,,,1,,,,,,,,,
800,ext_rose_trellis,ext_rose_trellis,0,0,,,,,,,,,,,,1,,,,,,,,,
801,int_wall_tapestry_01a,int_wall_tapestry_01a,0,0,,,,,,,,,,,,1,,,,,,,,,
802,int_wall_tapestry_01b,int_wall_tapestry_01b,0,0,,,,,,,,,,,,1,,,,,,,,,
803,int_floor_chamber_pot,int_floor_chamber_pot,0,0,,,,,,,,,,,,1,,,,,,,,,
804,Sidewalk 01 6x1,ext_tile_01_6x1,0,0,,,,,,,,,,,,1,,,,,,,,,
805,Sidewalk 01 14x1,ext_tile_01_14x1,0,0,,,,,,,,,,,,1,,,,,,,,,
806,Sidewalk 01 2x2,ext_tile_01_2x2,0,0,,,,,,,,,,,,1,,,,,,,,,
807,Sidewalk 01 3x1,ext_tile_01_3x1,0,0,,,,,,,,,,,,1,,,,,,,,,
808,Sidewalk 02 14x1,ext_tile_02_14x1,0,0,,,,,,,,,,,,1,,,,,,,,,
809,Sidewalk 02 2x2,ext_tile_02_2x2,0,0,,,,,,,,,,,,1,,,,,,,,,
810,Sidewalk 02 3x1,ext_tile_02_3x1,0,0,,,,,,,,,,,,1,,,,,,,,,
811,Sidewalk 02 6x1,ext_tile_02_6x1,0,0,,,,,,,,,,,,1,,,,,,,,,
812,Wagon Wheel,ext_wagon_wheel,0,0,,,,,,,,,,,,1,,,,,,,,,
813,Gazebo,ext_Gazebo,0,0,,,,,,,,,,,,1,,,,,,,,,
814,Corn Field,ext_corn_field1,0,0,,,,,,,,,,,,1,,,,,,,,,
815,Corn Field 2,ext_corn_field2,0,0,,,,,,,,,,,,1,,,,,,,,,
816,Pumpkin Patch,ext_pumpkin_patch,0,0,,,,,,,,,,,,1,,,,,,,,,
817,int wall tapestry 02a,int_wall_tapestry_02a,0,0,,,,,,,,,,,,1,,,,,,,,,
818,int wall tapestry 02b,int_wall_tapestry_02b,0,0,,,,,,,,,,,,1,,,,,,,,,
819,int floor bar,int_floor_bar,0,0,,,,,,,,,,,,1,,,,,,,,,
820,PS Long Ship,PSlongship_run,0,2,,,,,,,,,,,,,,,,,,,,,
821,Treasure Chest,treasure_chest,0,1,,,,,,,,,,,,,,,,,,,,,
822,ext For Sale Sign,4sale_sign,0,0,,,,,,,,,,,,1,,,,,,,,,
823,ext Monster Loot sign,sign_monster_loot,0,0,,,,,,,,,,,,1,,,,,,,,,
824,Ext Message Board,message_brd,0,1,,,,,,,,,,,,1,,,,,,,,,
825,Mau Tent,STMauTentTravel,0,2,,,,,,,,,,,,,,,,,,,,,
826,belt bejeweled 01,belt_bejeweled_01,0,0,,,,,,,,,,,,,,,,,,,,,
827,Plant Eternal,plant_eternal_01,0,2,,,,,,,,,,,,,,,,,,,,,
828,Trident of the Gods,trident_of_gods_01,0,2,,,,,,,,,,,,,,,,,,,,,
829,Harpy fallen,harpy_fallen,0,2,,,,,,,,,,,,,,,,,,,,,
830,Harpy nest,harpy_nest,0,2,,,,,,,,,,,,,,,,,,,,,
831,Jeweled egg,jeweled_egg,0,2,,,,,,,,,,,,,,,,,,,,,
832,Stygian Boat,PSStygianboat,0,2,,,,,,,,,,,,,,,,,,,,,
833,Atlantean Boat 01,PSAtlantean_01,0,1,,,,,,,,,,,,,,,,,,,,,
834,Cogship,PScogship,0,2,,,,,,,,,,,,,,,,,,,,,
835,Longship,PSlongship,0,2,,,,,,,,,,,,,,,,,,,,,
836,8 Man,PSboat_8man_01,0,2,,,,,,,,,,,,,,,,,,,,,
837,Bowsprit alb 01,bowsprit_alb_01,0,2,,,,,,,,,,,,,,,,,,,,,
838,Bowsprit mid 01,bowsprit_mid_01,0,2,,,,,,,,,,,,,,,,,,,,,
839,Bowsprit hib 01,bowsprit_hib_01,0,2,,,,,,,,,,,,,,,,,,,,,
840,Bowsprit alb 02,bowsprit_alb_02,0,2,,,,,,,,,,,,,,,,,,,,,
841,Bowsprit mid 02,bowsprit_mid_02,0,2,,,,,,,,,,,,,,,,,,,,,
842,Bowsprit hib 02,bowsprit_hib_02,0,2,,,,,,,,,,,,,,,,,,,,,
843,Bowsprit alb 03,bowsprit_alb_03,0,2,,,,,,,,,,,,,,,,,,,,,
844,Bowsprit mid 03,bowsprit_mid_03,0,2,,,,,,,,,,,,,,,,,,,,,
845,Bowsprit hib 03,bowsprit_hib_03,0,2,,,,,,,,,,,,,,,,,,,,,
846,Caravel,PSCaravel,0,2,,,,,,,,,,,,,,,,,,,,,
847,StaffoftheOracle01,TOA_O_st_Afct_StaffoftheOracle01,1,0,,,,,,,,,,,,,,,,,,,,,
848,TartarosGift01,TOA_V_st_Afct_TartarosGift01,1,0,,,,,,,,,,,,,,,,,,,,,
849,TridentoftheGods01,TOA_O_po_Afct_TridentoftheGods01,1,0,,,,,,,,,,,,,,,,,,,,,
850,SpearofKings01,TOA_O_po_Afct_SpearofKings01,1,0,,,,,,,,,,,,,,,,,,,,,
851,GoldenSpear01,TOA_O_po_Afct_GoldenSpear01,1,0,,,,,,,,,,,,,,,,,,,,,
852,AtenSheild01,TOA_O_Shield_Afct_AtenSheild01,1,0,,,,,,,,,,,,,,,,,,,,,
853,CyclopsEye01,TOA_A_Shield_Afct_CyclopsEye01,1,0,,,,,,,,,,,,,,,,,,,,,
854,ShieldofKhaos01,TOA_A_Shield_Afct_ShieldofKhaos01,1,0,,,,,,,,,,,,,,,,,,,,,
855,FoolsBow01,TOA_O_2h_Afct_FoolsBow01,1,0,,,,,,,,,,,,,,,,,,,,,
856,BraggartsBow01,TOA_O_2h_Afct_BraggartsBow01,1,0,,,,,,,,,,,,,,,,,,,,,
857,TraitorsDagger01,TOA_S_th_Afct_TraitorsDagger01,1,0,,,,,,,,,,,,,,,,,,,,,
858,CrocodilesTooth01,TOA_S_th_Afct_CrocodilesTooth01,1,0,,,,,,,,,,,,,,,,,,,,,
859,BattlerSword01,TOA_V_2h_Afct_BattlerSword01,1,0,,,,,,,,,,,,,,,,,,,,,
860,BruiserHammer01,TOA_V_bl_Afct_BruiserHammer01,1,0,,,,,,,,,,,,,,,,,,,,,
861,ScepterMeritorious01,TOA_S_bl_Afct_ScepterMeritorious01,1,0,,,,,,,,,,,,,,,,,,,,,
862,trebuchet,trebuchet,0,0,,,,,,,,,,,,,,,,,,,,,
863,Ballista Low,Ballista_Low,0,0,,,,,,,,,,,,,,,,,,,,,
864,Ballista High,Ballista_High,0,0,,,,,,,,,,,,,,,,,,,,,
865,Catapult W,Catapult_W,0,0,,,,,,,,,,,,,,,,,,,,,
866,Catapult G,Catapult_G,0,0,,,,,,,,,,,,,,,,,,,,,
867,Ram High,Ram_High,0,0,,,,,,,,,,,,,,,,,,,,,
868,Ram Mid,Ram_Mid,0,0,,,,,,,,,,,,,,,,,,,,,
869,Ram Low,Ram_Low,0,0,,,,,,,,,,,,,,,,,,,,,
870,Siege rock,siege_rock,0,0,,,,,,,,,,,,,,,,,,,,,
871,Ballista Low bolt,Ballista_Low_bolt,0,0,,,,,,,,,,,,,,,,,,,,,
872,pouch item,pouch_item,0,2,,,,,,,,,,,,,,,,,,,,,
873,Ring item,Ring_item,0,2,,,,,,,,,,,,,,,,,,,,,
874,forgehammer_item,forgehammer_item,0,2,,,,,,,,,,,,,,,,,,,,,
875,ToA Alb 2H Blunt,B_2h_CoffinHammer01,1,0,,,,,,,,,,,,,,,,,,,,,
876,Alb 2H Thrust,B_2h_InquisitorsPick01,1,0,,,,,,,,,,,,,,,,,,,,,
877,Alb 2H Slash,B_2h_RoyalScimitar01,1,0,,,,,,,,,,,,,,,,,,,,,
878,Alb Saracen Short Bow,B_bo_SaracenShortbow01,1,0,,,,,,,,,,,,,,,,,,,,,
879,Alb Thorn Bow,B_bo_ThornBow01,1,0,,,,,,,,,,,,,,,,,,,,,
880,Alb BishopsMace,B_cr_BishopsMace01,1,0,,,,,,,,,,,,,,,,,,,,,
881,Alb Coffin Mace Mace,B_cr_CoffinMace01,1,0,,,,,,,,,,,,,,,,,,,,,
882,Alb Flex Spiked Flail,B_flx_SpikedFlail01_M,1,0,1332,1372,1334,1335,1336,1337,1338,1339,1340,1386,0,,,,,,,,,,
883,Alb Flex Spiked Whip,B_flx_SpikeWhip01_L,1,0,1341,1342,1343,1344,1345,1346,1347,1348,1349,1384,0,,,,,,,,,,
884,Alb Military Fork,B_po_MilitaryFork01,1,0,,,,,,,,,,,,,,,,,,,,,
885,Alb Saracen Glaive,B_po_SaracenGlaive01,1,0,,,,,,,,,,,,,,,,,,,,,
886,Alb Tall Hammer,B_po_TallHammer01,1,0,,,,,,,,,,,,,,,,,,,,,
887,Alb Cinquedea,B_sl_Cinquedea01,1,0,,,,,,,,,,,,,,,,,,,,,
888,Alb Falchion,B_sl_Falchion01,1,0,,,,,,,,,,,,,,,,,,,,,
889,Alb Spiked Staff Mace,B_st_SpikedStaffMace01,1,0,,,,,,,,,,,,,,,,,,,,,
890,Alb Duelists Dagger,B_th_DuelistsDagger01,1,0,,,,,,,,,,,,,,,,,,,,,
891,Alb Duelists Rapier,B_th_DuelistsRapier01,1,0,,,,,,,,,,,,,,,,,,,,,
892,Alb Xbo Skinners Crossbow,B_xbo_SkinnersCrossbow01,1,0,,,,,,,,,,,,,,,,,,,,,
893,Albion Mage Staff 01,b_st_magestaff01,1,0,,,,,,,,,,,,,,,,,,,,,
894,Hib Elven Firbolg L Sword,H_1h_FirbolgLongSword01,1,0,,,,,,,,,,,-10,,,,,,,,,,
895,Hib Elven Firbolg S Sword,H_1h_FirbolgShortSword01,1,0,,,,,,,,,,,-10,,,,,,,,,,
896,Hib 2H Firbolg Hammer,H_2h_FirbolgHammer01,1,0,,,,,,,,,,,0,,,,,,,,,,
897,Hib 2H Firbolg Troll Splitter,H_2h_FirbolgTrollSplitter01,1,0,,,,,,,,,,,-10,,,,,,,,,,
898,Hib Celtic Hammer,H_bl_CelticHammer01,1,0,,,,,,,,,,,0,,,,,,,,,,
899,Hib Firbolg Hammer,H_bl_FirbolgHammer01,1,0,,,,,,,,,,,0,,,,,,,,,,
900,Hib Elven Long Bow,H_bo_ElvenLongBow01,1,0,,,,,,,,,,,0,,,,,,,,,,
901,Hib Elven Short Bow,H_bo_ElvenShortBow01,1,0,,,,,,,,,,,0,,,,,,,,,,
902,Hib Firbolg Scythe,H_sc_FirbolgScythe01,1,0,,,,,,,,,,,0,,,,,,,,,,
903,Hib Firbolg Spear,H_sp_FirbolgSpear01,1,0,,,,,,,,,,,-10,,,,,,,,,,
904,Hib Firbolg Adze,H_th_FirbolgAdze01,1,0,,,,,,,,,,,0,,,,,,,,,,
905,Hib War Adze,H_th_WarAdze01,1,0,,,,,,,,,,,0,,,,,,,,,,
906,Hib Staff 06,h_st_staff09,1,0,,,,,,,,,,,,,,,,,,,,,
907,GreatBladedClawGreave,N_hth_GreatBladedClawGreave01,1,0,,,,,,,,,,,,,,,,,,,,,
908,GreatBladedFangGreave,N_hth_GreatBladedFangGreave01,1,0,,,,,,,,,,,,,,,,,,,,,
909,Dwarven 1H War Axe,N_1h_dwarvenwaraxe01,1,0,,,,,,,,,,,,,,,,,,,,,
910,Troll 1H Broad Sword,N_1h_TrollBroadSword01,1,0,,,,,,,,,,,,,,,,,,,,,
911,Troll 1H War Axe,N_1h_TrollWarAxe01,1,0,,,,,,,,,,,,,,,,,,,,,
912,Troll 1H War Hammer,N_1h_TrollWarHammer01,1,0,,,,,,,,,,,,,,,,,,,,,
913,Dwarven Spear,N_2h_dwarvenSpear01,1,0,,,,,,,,,,,,,,,,,,,,,
914,Kobold Great Axe,N_2h_KoboldGreatAxe01,1,0,,,,,,,,,,,,,,,,,,,,,
915,Kobold 2H Great Club,N_2h_KoboldGreatClub01,1,0,,,,,,,,,,,,,,,,,,,,,
916,Kobold Great Sword,N_2h_KoboldGreatSword01,1,0,,,,,,,,,,,,,,,,,,,,,
917,Viking Beared Bow,N_bo_VikingBeardedBow01,1,0,,,,,,,,,,,,,,,,,,,,,
918,Hib Staff 04,h_st_staff07,1,0,,,,,,,,,,,,,,,,,,,,,
919,neg blackmarker,neg_blackmarker,0,0,,,,,,,,,,,,,,,,,,,,,
920,neg blackmarker area,neg_blackmarker_area,0,0,,,,,,,,,,,,,,,,,,,,,
921,neg blackmarker bound,neg_blackmarker_bound,0,0,,,,,,,,,,,,,,,,,,,,,
922,neg goldmarker,neg_goldmarker,0,0,,,,,,,,,,,,,,,,,,,,,
923,neg goldmarker area,neg_goldmarker_area,0,0,,,,,,,,,,,,,,,,,,,,,
924,neg goldmarker bound,neg_goldmarker_bound,0,0,,,,,,,,,,,,,,,,,,,,,
925,neg redmarker,neg_redmarker,0,0,,,,,,,,,,,,,,,,,,,,,
926,neg redmarker area,neg_redmarker_area,0,0,,,,,,,,,,,,,,,,,,,,,
927,neg redmarker bound,neg_redmarker_bound,0,0,,,,,,,,,,,,,,,,,,,,,
928,pos bluemarker,pos_bluemarker,0,0,,,,,,,,,,,,,,,,,,,,,
929,pos bluemarker area,pos_bluemarker_area,0,0,,,,,,,,,,,,,,,,,,,,,
930,pos bluemarker bound,pos_bluemarker_bound,0,0,,,,,,,,,,,,,,,,,,,,,
931,pos greenmarker,pos_greenmarker,0,0,,,,,,,,,,,,,,,,,,,,,
932,pos greenmarker area,pos_greenmarker_area,0,0,,,,,,,,,,,,,,,,,,,,,
933,pos greenmarker bound,pos_greenmarker_bound,0,0,,,,,,,,,,,,,,,,,,,,,
934,pos whitemarker,pos_whitemarker,0,0,,,,,,,,,,,,,,,,,,,,,
935,pos whitemarker area,pos_whitemarker_area,0,0,,,,,,,,,,,,,,,,,,,,,
936,pos whitemarker bound,pos_whitemarker_bound,0,0,,,,,,,,,,,,,,,,,,,,,
937,rune fatdrain,rune_fatdrain,0,0,,,,,,,,,,,,,,,,,,,,,
938,rune poison,rune_poison,0,0,,,,,,,,,,,,,,,,,,,,,
939,rune pwrdrain,rune_pwrdrain,0,0,,,,,,,,,,,,,,,,,,,,,
940,rune snare,rune_snare,0,0,,,,,,,,,,,,,,,,,,,,,
941,MaliceAxe 1H,TOA_V_1h_Afct_MaliceAxe01,1,0,,,,,,,,,,,,,,,,,,,,,
942,MaliceAxe 2H,TOA_V_2h_Afct_MaliceAxe01,1,0,,,,,,,,,,,10,,,,,,,,,,
943,Serpent Scythe,TOA_S_sc_Afct_SerpentScythe01,1,0,,,,,,,,,,,,,,,,,,,,,
944,TOA In Drum,TOA_In_Drum,1,0,,,,,,,,,,,,,,,,,,,,,
945,TOA In Flute,TOA_In_Flute,1,0,,,,,,,,,,,,,,,,,,,,,
946,TOA In Harp,TOA_In_Harp,1,0,,,,,,,,,,,,,,,,,,,,,
947,TOA In Lute,TOA_In_Lute,1,0,,,,,,,,,,,,,,,,,,,,,
948,Scorpion Flex Mace,TOA_S_flx_ScorpionMace01,1,0,1332,1333,1334,1335,1336,1337,1338,1339,1340,1383,0,,,,,,,,,,
949,Serpent Whip,TOA_S_flx_Afct_SerpentWhip01,1,0,1341,1342,1343,1344,1345,1346,1347,1348,1349,1384,0,,,,,,,,,,
950,TOA O po 1hTrident01,TOA_O_po_1hTrident01,1,0,,,,,,,,,,,,,,,,,,,,,
951,TOA O po 2hTrident01,TOA_O_po_2hTrident01,1,0,,,,,,,,,,,,,,,,,,,,,
952,TOA O Shield SmallNautilus01,TOA_O_Shield_SmallNautilus01,1,0,,,,,,,,,,,,,,,,,,,,,
953,TOA O Shield SmallNautilus01,TOA_O_Shield_MediumNautilus01,1,0,,,,,,,,,,,,,,,,,,,,,
954,TOA O Shield SmallNautilus01,TOA_O_Shield_LargeNautilus01,1,0,,,,,,,,,,,,,,,,,,,,,
955,1h_Kopesh01,TOA_S_1h_Kopesh01,1,0,,,,,,,,,,,,,,,,,,,,,
956,2h_Kopesh01,TOA_S_2h_Kopesh01,1,0,,,,,,,,,,,,,,,,,,,,,
957,hth_ScorpionGreaves01,TOA_S_hth_ScorpionGreaves01,1,0,,,,,,,,,,,,,,,,,,,,,
958,Cr_SymbolScepter01,TOA_S_Cr_SymbolScepter01,1,0,,,,,,,,,,,,,,,,,,,,,
959,bl_SymbolStaff01,TOA_S_bl_SymbolStaff01,1,0,,,,,,,,,,,,,,,,,,,,,
960,SmallSymbolShield01,TOA_S_Shield_SmallSymbolShield01,1,0,,,,,,,,,,,,,,,,,,,,,
961,MediumSymbolShield01,TOA_S_Shield_MediumSymbolShield01,1,0,,,,,,,,,,,,,,,,,,,,,
962,LargeSymbolShield01,TOA_S_Shield_LargeSymbolShield01,1,0,,,,,,,,,,,,,,,,,,,,,
963,1h_AerusSword01,TOA_A_1h_AerusSword01,1,0,,,,,,,,,,,-8,,,,,,,,,,
964,2h_AerusSword01,TOA_A_2h_AerusSword01,1,0,,,,,,,,,,,,,,,,,,,,,
965,Cr_AerusMace01,TOA_A_Cr_AerusMace01,1,0,,,,,,,,,,,,,,,,,,,,,
966,2h_AerusMace01,TOA_A_2h_AerusMace01,1,0,,,,,,,,,,,,,,,,,,,,,
967,2h_AerusBow01,TOA_A_2h_AerusBow01,1,0,,,,,,,,,,,,,,,,,,,,,
968,2h_Katana01,TOA_A_2h_Katana01,1,0,,,,,,,,,,,,,,,,,,,,,
969,1h_Wakazashi01,TOA_A_1h_Wakazashi01,1,0,,,,,,,,,,,,,,,,,,,,,
970,SmallAerusShield01,TOA_A_Shield_SmallAerusShield01,1,0,,,,,,,,,,,,,,,,,,,,,
971,MediumAerusShield01,TOA_A_Shield_MediumAerusShield01,1,0,,,,,,,,,,,,,,,,,,,,,
972,LargeAerusShield01,TOA_A_Shield_LargeAerusShield01,1,0,,,,,,,,,,,,,,,,,,,,,
973,sc_MagmaScythe01,TOA_V_sc_MagmaScythe01,1,0,,,,,,,,,,,,,,,,,,,,,
974,1h_MagmaHammer01,TOA_V_1h_MagmaHammer01,1,0,,,,,,,,,,,,,,,,,,,,,
975,2h_MagmaHammer01,TOA_V_2h_MagmaHammer01,1,0,,,,,,,,,,,,,,,,,,,,,
976,1h_MagmaAxe01,TOA_V_1h_MagmaAxe01,1,0,,,,,,,,,,,,,,,,,,,,,
977,2h_MagmaAxe01,TOA_V_2h_MagmaAxe01,1,0,,,,,,,,,,,,,,,,,,,,,
978,SmallMagma01,TOA_V_Shield_SmallMagma01,1,0,,,,,,,,,,,,,,,,,,,,,
979,MediumMagma01,TOA_V_Shield_MediumMagma01,1,0,,,,,,,,,,,,,,,,,,,,,
980,LargeMagma01,TOA_V_Shield_LargeMagma01,1,0,,,,,,,,,,,,,,,,,,,,,
981,1H Battler Sword,TOA_V_1h_Afct_BattlerSword01,1,0,,,,,,,,,,,,,,,,,,,,,
982,2H Bruiser Hammer,TOA_V_2h_Afct_BruiserHammer01,1,0,,,,,,,,,,,,,,,,,,,,,
983,Scarab Vest,TOA_S_Scarab_Vest,1,0,,,,,,,,,,,,,,,,,,,,,
984,Volcanus_orb_grn,Volcanus_orb_grn,0,0,,,,,,,,,,,,,,,,,,,,,
985,Volcanus_orb_red,Volcanus_orb_red,0,0,,,,,,,,,,,,,,,,,,,,,
986,toa A Helm1,toa_A_Helm1,1,0,,,,,,,,,,,,,,,,,,,2,,
987,toa A Helm2,toa_A_Helm2,1,0,,,,,,,,,,,,,,,,,,,2,,
988,toa A Helm3,toa_A_Helm3,1,0,,,,,,,,,,,,,,,,,,,2,,
989,toa H Helm1,toa_H_Helm1,1,0,,,,,,,,,,,,,,,,,,,2,,
990,toa H Helm2,toa_H_Helm2,1,0,,,,,,,,,,,,,,,,,,,2,,
991,toa H Helm3,toa_H_Helm3,1,0,,,,,,,,,,,,,,,,,,,2,,
992,toa H sylHelm1,toa_H_sylHelm1,1,0,,,,,,,,,,,,,,,,,,,2,,
993,toa H sylHelm2,toa_H_sylHelm2,1,0,,,,,,,,,,,,,,,,,,,2,,
994,toa H sylHelm3,toa_H_sylHelm3,1,0,,,,,,,,,,,,,,,,,,,2,,
995,toa HF Helm1,toa_HF_Helm1,1,0,,,,,,,,,,,,,,,,,,,2,,
996,toa HF Helm2,toa_HF_Helm2,1,0,,,,,,,,,,,,,,,,,,,2,,
997,toa HF Helm3,toa_HF_Helm3,1,0,,,,,,,,,,,,,,,,,,,2,,
998,toa N TRLHelm1,toa_N_TRLHelm1,1,0,,,,,,,,,,,,,,,,,,,2,,
999,toa N TRLHelm2,toa_N_TRLHelm2,1,0,,,,,,,,,,,,,,,,,,,2,,
1000,toa N TRLHelm3,toa_N_TRLHelm3,1,0,,,,,,,,,,,,,,,,,,,2,,
1001,toa N ValHelm1,toa_N_ValHelm1,1,0,,,,,,,,,,,,,,,,,,,2,,
1002,toa N ValHelm2,toa_N_ValHelm2,1,0,,,,,,,,,,,,,,,,,,,2,,
1003,toa N ValHelm3,toa_N_ValHelm3,1,0,,,,,,,,,,,,,,,,,,,2,,
1004,toa N Helm1,toa_N_Helm1,1,0,,,,,,,,,,,,,,,,,,,2,,
1005,toa N Helm2,toa_N_Helm2,1,0,,,,,,,,,,,,,,,,,,,2,,
1006,toa N Helm3,toa_N_Helm3,1,0,,,,,,,,,,,,,,,,,,,2,,
1007,toa A Zahur,toa_A_Zahur,1,0,,,,,,,,,,,,,,,,,,,2,,
1008,toa H Zahur,toa_H_Zahur,1,0,,,,,,,,,,,,,,,,,,,2,,
1009,toa H sylZahur,toa_H_zylZahur,1,0,,,,,,,,,,,,,,,,,,,2,,
1010,toa HF Zahur,toa_HF_Zahur,1,0,,,,,,,,,,,,,,,,,,,2,,
1011,toa N Zahur,toa_N_Zahur,1,0,,,,,,,,,,,,,,,,,,,2,,
1012,toa N TRLZahur,toa_N_TRLZahur,1,0,,,,,,,,,,,,,,,,,,,2,,
1013,toa N ValZahur,toa_N_ValZahur,1,0,,,,,,,,,,,,,,,,,,,2,,
1014,toa_A_wingedhelm,toa_A_wingedhelm,1,0,,,,,,,,,,,,,,,,,,,2,,
1015,toa_H_sylwingedhelm,toa_H_sylwingedhelm,1,0,,,,,,,,,,,,,,,,,,,2,,
1016,toa_H_wingedhelm,toa_H_wingedhelm,1,0,,,,,,,,,,,,,,,,,,,2,,
1017,toa_HF_wingedhelm,toa_HF_wingedhelm,1,0,,,,,,,,,,,,,,,,,,,2,,
1018,toa_N_TRLwingedhelm,toa_N_TRLwingedhelm,1,0,,,,,,,,,,,,,,,,,,,2,,
1019,toa_N_Valwingedhelm,toa_N_Valwingedhelm,1,0,,,,,,,,,,,,,,,,,,,2,,
1020,toa_N_wingedhelm,toa_N_wingedhelm,1,0,,,,,,,,,,,,,,,,,,,2,,
1021,Serpent Greaves,TOA_S_hth_Afct_SerpentGreaves01,1,0,,,,,,,,,,,,,,,,,,,,,
1022,Atlantis Teleporter,Atl_teleporter,0,0,,,,,,,,,,,,,,,,,,,,,
1023,Alb Flex Pick Flail,B_flx_PickFlail01_M,1,0,1332,1333,1334,1335,1336,1337,1338,1339,1340,1383,0,,,,,,,,,,
1024,Transient Rune,visible_rune,0,0,,,,,,,,,,,,,,,,,,,,,
1025,trophy cetus,int_wall_trophy_cetus,0,0,,,,,,,,,,,,1,,,,,,,,,
1026,trophy manticor,int_floor_trophy_manticor,0,0,,,,,,,,,,,,1,,,,,,,,,
1027,trophy talos,int_floor_trophy_talos,0,0,,,,,,,,,,,,1,,,,,,,,,
1028,trophy typhon,int_wall_trophy_typhon,0,0,,,,,,,,,,,,1,,,,,,,,,
1029,trophy ammut,int_wall_trophy_ammut,0,0,,,,,,,,,,,,1,,,,,,,,,
1030,trophy barracuda,int_wall_trophy_barracuda,0,0,,,,,,,,,,,,1,,,,,,,,,
1031,trophy Chimera,int_wall_trophy_Chimera,0,0,,,,,,,,,,,,1,,,,,,,,,
1032,trophy medusa,int_wall_trophy_medusa,0,0,,,,,,,,,,,,1,,,,,,,,,
1033,trophy phoenix,int_floor_trophy_phoenix,0,0,,,,,,,,,,,,1,,,,,,,,,
1034,trophy runihura,int_wall_trophy_runihura,0,0,,,,,,,,,,,,1,,,,,,,,,
1035,VFX_helmet_NULL,VFX_helmet_NULL,0,4,,,,,,,,,,,,,,,,,,,1,,
1036,VFX_helmet_NULL-AvaM,VFX_helmet_NULL-AvaM,0,4,,,,,,,,,,,,,,,,,,,1,,
1037,VFX_helmet_NULL-avAf,VFX_helmet_NULL-avAf,0,4,,,,,,,,,,,,,,,,,,,1,,
1038,VFX_helmet_NULL-BriM,VFX_helmet_NULL-BriM,0,4,,,,,,,,,,,,,,,,,,,1,,
1039,VFX_helmet_NULL-BriF,VFX_helmet_NULL-BriF,0,4,,,,,,,,,,,,,,,,,,,1,,
1040,VFX_helmet_NULL-TrollM,VFX_helmet_NULL-TrollM,0,4,,,,,,,,,,,,,,,,,,,1,,120
1041,VFX_helmet_NULL-TrollF,VFX_helmet_NULL-TrollF,0,4,,,,,,,,,,,,,,,,,,,1,,120
1042,VFX_helmet_NULL-DwarfM,VFX_helmet_NULL-DwarfM,0,4,,,,,,,,,,,,,,,,,,,1,,135
1043,VFX_helmet_NULL-DwarfF,VFX_helmet_NULL-DwarfF,0,4,,,,,,,,,,,,,,,,,,,1,,135
1044,VFX_helmet_NULL-SaraM,VFX_helmet_NULL-SaraM,0,4,,,,,,,,,,,,,,,,,,,1,,
1045,VFX_helmet_NULL-SaraF,VFX_helmet_NULL-SaraF,0,4,,,,,,,,,,,,,,,,,,,1,,
1046,VFX_helmet_NULL-highM,VFX_helmet_NULL-highM,0,4,,,,,,,,,,,,,,,,,,,1,,
1047,VFX_helmet_NULL-HighF,VFX_helmet_NULL-HighF,0,4,,,,,,,,,,,,,,,,,,,1,,
1048,VFX_helmet_NULL-IncM,VFX_helmet_NULL-IncM,0,4,,,,,,,,,,,,,,,,,,,1,,125
1049,VFX_helmet_NULL-IncF,VFX_helmet_NULL-IncF,0,4,,,,,,,,,,,,,,,,,,,1,,125
1050,VFX_helmet_NULL-HalfM,VFX_helmet_NULL-HalfM,0,4,,,,,,,,,,,,,,,,,,,1,,105
1051,int_floor_trophy_cyclops,int_floor_trophy_cyclops,0,1,,,,,,,,,,,,1,,,,,,,,,
1052,int_floor_trophy_Octopus,int_floor_trophy_Octopus,0,1,,,,,,,,,,,,1,,,,,,,,,
1053,int_floor_trophy_samut,int_floor_trophy_samut,0,1,,,,,,,,,,,,1,,,,,,,,,
1054,int_floor_trophy_scarab,int_floor_trophy_scarab,0,1,,,,,,,,,,,,1,,,,,,,,,
1055,int_floor_trophy_stygian_lion,int_floor_trophy_stygian_lion,0,1,,,,,,,,,,,,1,,,,,,,,,
1056,int_wall_trophy_Gorgon,int_wall_trophy_Gorgon,0,1,,,,,,,,,,,,1,,,,,,,,,
1057,int_wall_trophy_iaculi,int_wall_trophy_iaculi,0,1,,,,,,,,,,,,1,,,,,,,,,
1058,int_wall_trophy_Minotaur_lt,int_wall_trophy_Minotaur_lt,0,1,,,,,,,,,,,,1,,,,,,,,,
1059,int_wall_trophy_Nereid_lt,int_wall_trophy_Nereid_lt,0,1,,,,,,,,,,,,1,,,,,,,,,
1060,int_wall_trophy_qebeh,int_wall_trophy_qebeh,0,1,,,,,,,,,,,,1,,,,,,,,,
1061,int_wall_trophy_stingray,int_wall_trophy_stingray,0,1,,,,,,,,,,,,1,,,,,,,,,
1062,int_wall_trophy_triton_lt,int_wall_trophy_triton_lt,0,1,,,,,,,,,,,,1,,,,,,,,,
1063,int_wall_trophy_Uraeus,int_wall_trophy_Uraeus,0,1,,,,,,,,,,,,1,,,,,,,,,
1064,Wardnode,wardnode,0,1,,,,,,,,,,,,,,,,,,,,,
1065,Shark Trophy,int_wall_trophy_shark,0,1,,,,,,,,,,,,1,,,,,,,,,
1066,VFX_helmet_NULL-HalfF,VFX_helmet_NULL-HalfF,0,4,,,,,,,,,,,,,,,,,,,1,,105
1067,runenode,runenode,0,1,,,,,,,,,,,,,,,,,,,1,,
1068,unused,unused,,,,,,,,,,,,,,,,,,,,,,,
1069,Mounted Ballista,siege_ball_mount_F,0,1,,,,,,,,,,,,,,,,,,,,,
1070,Ranged Ballista,siege_ball_ranged_F,0,1,,,,,,,,,,,,,,,,,,,,,
1071,Mounted Catapult,siege_cat_mount,0,1,,,,,,,,,,,,,,,,,,,,,
1072,Ranged Catapult,siege_cat_ranged,0,1,,,,,,,,,,,,,,,,,,,,,
1073,Ranged Trebuchet,siege_TREB_ranged,0,1,,,,,,,,,,,,,,,,,,,,,
1074,Light siege ram,siege_ram_light,0,1,,,,,,,,,,,,,,,,,,,,,
1075,Medium Siege Ram,siege_ram_medium,0,1,,,,,,,,,,,,,,,,,,,,,
1076,Heavy Siege Ram,siege_ram_heavy,0,1,,,,,,,,,,,,,,,,,,,,,
1077,Frontiers Portal Stone,Portal_Stone_F,0,1,,,,,,,,,,,,,,,,,,,,,
1078,Frontiers Scorpion,siege_scor_F,0,1,,,,,,,,,,,,,,,,,,,,,
1079,Frontiers Mini Ram,siege_ram_mini_F,0,1,,,,,,,,,,,,,,,,,,,,,
1080,Frontiers Mounted Treb,siege_TREB_mount,0,1,,,,,,,,,,,,,,,,,,,,,
1081,Boiling Oil,siege_boiling-pot_F,0,1,,,,,,,,,,,,,,,,,,,,,
1082,Badger Trophy,int_floor_trophy_badger_afanc,0,1,,,,,,,,,,,,1,,,,,,,,,
1083,Glacier Trophy,int_floor_trophy_Glacier_giant,0,1,,,,,,,,,,,,1,,,,,,,,,
1084,Glimmer Trophy,int_floor_trophy_Glimmer,0,1,,,,,,,,,,,,1,,,,,,,,,
1085,Abdin Trophy,int_wall_trophy_Abdin,0,1,,,,,,,,,,,,1,,,,,,,,,
1086,BaAlorien Trophy,int_wall_trophy_BaAlorien,0,1,,,,,,,,,,,,1,,,,,,,,,
1087,Evern Trophy,int_wall_trophy_Evern,0,1,,,,,,,,,,,,1,,,,,,,,,
1088,Green Knight  Trophy,int_wall_trophy_Green_knight,0,1,,,,,,,,,,,,1,,,,,,,,,
1089,Orey Eyed Trophy,int_wall_trophy_Orey-Eyed,0,1,,,,,,,,,,,,1,,,,,,,,,
1090,Stanga Trophy,int_wall_trophy_stanga,0,1,,,,,,,,,,,,1,,,,,,,,,
1091,Ulor Trophy,int_wall_trophy_Ulor_se_Bysen,0,1,,,,,,,,,,,,1,,,,,,,,,
1092,Werewolf Trophy,int_wall_trophy_werewolf,0,1,,,,,,,,,,,,1,,,,,,,,,
1093,Kobold Teleporter,koboldteleportersmall,0,4,,,,,,,,,,,,,,,,,,,,,
1094,Ranged Scorpion,siege_scor_F_ranged,0,1,,,,,,,,,,,,,,,,,,,,,
1095,Med boat,Boat_Med_F,0,1,,,,,,,,,,,,,1,,,,,,,,
1096,Large Boat,Boat_large_F,0,1,,,,,,,,,,,,,1,,,,,,,,
1097,Small boat,Boat_small_F,0,1,,,,,,,,,,,,,1,,,,,,,,
1098,Horse Boat,Boat_horse_F,0,1,,,,,,,,,,,,,1,,,,,,,,
1099,Mine Cart,k_minecart,0,3,,,,,,,,,,,,,,,,,,,,,
1100,Relic Pad,relic_pad,0,1,,,,,,,,,,,,,,,,,,,,,
1101,Big Evil Tent,k_eviltentbig,0,3,,,,,,,,,,,,,,,,,,,,,
1102,Small Evil Tent,k_eviltentsm,0,3,,,,,,,,,,,,,,,,,,,,,
1103,Grave Tomb Plain,I_gravetomb_plain,0,3,,,,,,,,,,,,,,,,,,,,,
1104,Crypt Capped,I_crypt_capped,0,3,,,,,,,,,,,,,,,,,,,,,
1105,Crypt Coffin,I_crypt_coffin,0,3,,,,,,,,,,,,,,,,,,,,,
1106,Crypt Curved,I_crypt_curved,0,3,,,,,,,,,,,,,,,,,,,,,
1107,Crypt Flat,I_crypt_flat,0,3,,,,,,,,,,,,,,,,,,,,,
1108,Crypt Pointed,I_crypt_pointed,0,3,,,,,,,,,,,,,,,,,,,,,
1109,Grave Column,I_gravecolumn_Urn,0,3,,,,,,,,,,,,,,,,,,,,,
1110,Grave Mausoleum,I_gravemausoleum,0,3,,,,,,,,,,,,,,,,,,,,,
1111,Grave Tomb Carved,I_gravetomb_carved,0,3,,,,,,,,,,,,,,,,,,,,,
1112,Gold Pickax,int_floor_trophy_goldpickax,0,1,,,,,,,,,,,,1,,,,,,,,,
1113,Mid Helm01 dwa F,midHelm01_dwa_F,0,4,,,,,,,,,,,,,,1,,,,,2,,
1114,Mid Helm01 dwa m,midHelm01_dwa_m,0,4,,,,,,,,,,,,,,1,,,,,2,,108
1115,Mid Helm01 fro f,midHelm01_fro_f,0,4,,,,,,,,,,,,,,1,,,,,2,,
1116,Mid Helm01 fro M,midHelm01_fro_M,0,4,,,,,,,,,,,,,,1,,,,,2,,103
1117,Mid Helm01 kob F,midHelm01_kob_F,0,4,,,,,,,,,,,,,,1,,,,,2,,102
1118,Mid Helm01 kob m,midHelm01_kob_m,0,4,,,,,,,,,,,,,,1,,,,,2,,98
1119,Mid Helm01 nor f,midHelm01_nor_f,0,4,,,,,,,,,,,,,,1,,,,,2,,106
1120,Mid Helm01 nor M,midHelm01_nor_M,0,4,,,,,,,,,,,,,,1,,,,,2,,
1121,Mid Helm01 Tro f,midHelm01_Tro_f,0,4,,,,,,,,,,,,,,1,,,,,2,,
1122,Mid Helm01 Tro m,midHelm01_Tro_m,0,4,,,,,,,,,,,,,,1,,,,,2,,97
1123,Mid Helm01 Val f,midHelm01_Val_f,0,4,,,,,,,,,,,,,,1,,,,,2,,
1124,Mid Helm01 Val m,midHelm01_Val_m,0,4,,,,,,,,,,,,,,1,,,,,2,,98
1125,Mid Helm02 dwa f,midHelm02_dwa_f,0,4,,,,,,,,,,,,,,1,,,,,3,,102
1126,Mid Helm02 dwa m,midHelm02_dwa_m,0,4,,,,,,,,,,,,,,1,,,,1,3,,
1127,Mid Helm02 fro f,midHelm02_fro_f,0,4,,,,,,,,,,,,,,1,,,,,3,,
1128,Mid Helm02 fro M,midHelm02_fro_M,0,4,,,,,,,,,,,,,,1,85,,,,3,,102
1129,Mid Helm02 kob F,midHelm02_kob_F,0,4,,,,,,,,,,,,,,1,,,,1,3,,105
1130,Mid Helm02 kob m,midHelm02_kob_m,0,4,,,,,,,,,,,,,,1,,,,1,3,,101
1131,Mid Helm02 nor f,midHelm02_nor_f,0,4,,,,,,,,,,,,,,1,,,,,3,,
1132,Mid Helm02 nor M,midHelm02_nor_M,0,4,,,,,,,,,,,,,,1,,,,,3,,
1133,Mid Helm02 Tro f,midHelm02_Tro_f,0,4,,,,,,,,,,,,,,1,,,,1,3,,
1134,Mid Helm02 Tro m,midHelm02_Tro_m,0,4,,,,,,,,,,,,,,1,,,,1,3,,
1135,Mid Helm02 Val f,midHelm02_Val_f,0,4,,,,,,,,,,,,,,1,,,,,3,,104
1136,Mid Helm02 Val m,midHelm02_Val_m,0,4,,,,,,,,,,,,,,1,40,,,,3,,105
1137,Mid Helm03 dwa f,midHelm03_dwa_f,0,4,,,,,,,,,,,,,,1,,,,,3,,102
1138,Mid Helm03 dwa m,midHelm03_dwa_m,0,4,,,,,,,,,,,,,,1,,,,1,3,,
1139,Mid Helm03 Fro f,midHelm03_Fro_f,0,4,,,,,,,,,,,,,,1,,,,,3,,103
1140,Mid Helm03 Fro M,midHelm03_Fro_M,0,4,,,,,,,,,,,,,,1,,,,,3,,
1141,Mid Helm03 kob F,midHelm03_kob_F,0,4,,,,,,,,,,,,,,1,,,,1,3,,102
1142,Mid Helm03 kob m,midHelm03_kob_m,0,4,,,,,,,,,,,,,,1,,,,1,3,,101
1143,Mid Helm03 nor f,midHelm03_nor_f,0,4,,,,,,,,,,,,,,1,,,,,3,,102
1144,Mid Helm03 nor M,midHelm03_nor_M,0,4,,,,,,,,,,,,,,1,,,,,3,,
1145,Mid Helm03 tro f,midHelm03_tro_f,0,4,,,,,,,,,,,,,,1,,,,1,3,,
1146,Mid Helm03 Tro m,midHelm03_Tro_m,0,4,,,,,,,,,,,,,,1,,,,1,3,,
1147,Mid Helm03 Val f,midHelm03_Val_f,0,4,,,,,,,,,,,,,,1,,,,,3,,
1148,Mid Helm03 Val m,midHelm03_Val_m,0,4,,,,,,,,,,,,,,1,,,,,3,,
1149,Mid Helm04 dwa f,midHelm04_dwa_f,0,4,,,,,,,,,,,,,,1,,,,,3,,
1150,Mid Helm04 dwa m,midHelm04_dwa_m,0,4,,,,,,,,,,,,,,1,,,,1,3,,
1151,Mid Helm04 Fro f,midHelm04_Fro_f,0,4,,,,,,,,,,,,,,1,,,,,3,,
1152,Mid Helm04 Fro M,midHelm04_Fro_M,0,4,,,,,,,,,,,,,,1,,,,,3,,
1153,Mid Helm04 kob F,midHelm04_kob_F,0,4,,,,,,,,,,,,,,1,,,,1,3,,104
1154,Mid Helm04 kob m,midHelm04_kob_m,0,4,,,,,,,,,,,,,,1,,,,1,3,,
1155,Mid Helm04 nor f,midHelm04_nor_f,0,4,,,,,,,,,,,,,,1,,,,,3,,102
1156,Mid Helm04 nor M,midHelm04_nor_M,0,4,,,,,,,,,,,,,,1,,,,,3,,102
1157,Mid Helm04 tro f,midHelm04_tro_f,0,4,,,,,,,,,,,,,,1,,,,1,3,,
1158,Mid Helm04 Tro m,midHelm04_Tro_m,0,4,,,,,,,,,,,,,,1,,,,1,3,,
1159,Mid Helm04 Val f,midHelm04_Val_f,0,4,,,,,,,,,,,,,,1,,,,,3,,
1160,Mid Helm04 Val m,midHelm04_Val_m,0,4,,,,,,,,,,,,,,1,,,,,3,,
1161,toaHelm01 dwa F,toaHelm01_dwa_F,0,4,,,,,,,,,,,,,,1,,,,,2,,106
1162,toaHelm01 dwa m,toaHelm01_dwa_m,0,4,,,,,,,,,,,,,,1,,,,,2,,
1163,toaHelm01 fro f,toaHelm01_fro_f,0,4,,,,,,,,,,,,,,1,,,,,2,,
1164,toaHelm01 fro M,toaHelm01_fro_M,0,4,,,,,,,,,,,,,,1,,,,,2,,102
1165,toaHelm01 kob f,toaHelm01_kob_f,0,4,,,,,,,,,,,,,,1,,,,1,2,,
1166,toaHelm01 kob m,toaHelm01_kob_m,0,4,,,,,,,,,,,,,,1,,,,1,2,,
1167,toaHelm01 tro F,toaHelm01_tro_F,0,4,,,,,,,,,,,,,,1,,,,1,2,,
1168,toaHelm01 tro m,toaHelm01_tro_m,0,4,,,,,,,,,,,,,,1,,,,1,2,,
1169,toaHelm01 val F,toaHelm01_val_F,0,4,,,,,,,,,,,,,,1,,,,,2,,
1170,toaHelm01 val m,toaHelm01_val_m,0,4,,,,,,,,,,,,,,1,,,,,2,,
1171,toaHelm02 dwa F,toaHelm02_dwa_F,0,4,,,,,,,,,,,,,,1,,,,,2,,105
1172,toaHelm02 dwa m,toaHelm02_dwa_m,0,4,,,,,,,,,,,,,,1,,,,1,2,,
1173,toaHelm02 fro f,toaHelm02_fro_f,0,4,,,,,,,,,,,,,,1,,,,,2,,
1174,toaHelm02 fro M,toaHelm02_fro_M,0,4,,,,,,,,,,,,,,1,,,,,2,,103
1175,toaHelm02 kob f,toaHelm02_kob_f,0,4,,,,,,,,,,,,,,1,,,,1,2,,
1176,toaHelm02 kob m,toaHelm02_kob_m,0,4,,,,,,,,,,,,,,1,,,,1,2,,106
1177,toaHelm02 tro F,toaHelm02_tro_F,0,4,,,,,,,,,,,,,,1,,,,1,2,,
1178,toaHelm02 tro m,toaHelm02_tro_m,0,4,,,,,,,,,,,,,,1,,,,1,2,,
1179,toaHelm02 val F,toaHelm02_val_F,0,4,,,,,,,,,,,,,,1,,,,,2,,
1180,toaHelm02 val m,toaHelm02_val_m,0,4,,,,,,,,,,,,,,1,,,,,2,,
1181,toaHelm03 dwa F,toaHelm03_dwa_F,0,4,,,,,,,,,,,,,,1,,,,,2,,104
1182,toaHelm03 dwa m,toaHelm03_dwa_m,0,4,,,,,,,,,,,,,,1,,,,1,2,,
1183,toaHelm03 fro f,toaHelm03_fro_f,0,4,,,,,,,,,,,,,,1,,,,,2,,103
1184,toaHelm03 fro M,toaHelm03_fro_M,0,4,,,,,,,,,,,,,,1,,,,,2,,102
1185,toaHelm03 kob f,toaHelm03_kob_f,0,4,,,,,,,,,,,,,,1,,,,1,2,,
1186,toaHelm03 kob m,toaHelm03_kob_m,0,4,,,,,,,,,,,,,,1,,,,1,2,,
1187,toaHelm03 tro F,toaHelm03_tro_F,0,4,,,,,,,,,,,,,,1,,,,1,2,,
1188,toaHelm03 tro m,toaHelm03_tro_m,0,4,,,,,,,,,,,,,,1,,,,1,2,,
1189,toaHelm03 val F,toaHelm03_val_F,0,4,,,,,,,,,,,,,,1,,,,,2,,
1190,toaHelm03 val m,toaHelm03_val_m,0,4,,,,,,,,,,,,,,1,,,,,2,,
1191,toaHelm03_sar_m,toaHelm03_sar_m,0,4,,,,,,,,,,,,,,,,,,,2,,
1192,toaHelm02_sar_m,toaHelm02_sar_m,0,4,,,,,,,,,,,,,,,,,,,2,,102
1193,toaHelm01_sar_m,toaHelm01_sar_m,0,4,,,,,,,,,,,,,,,,,,,2,,
1194,toaHelm03_sar_f,toaHelm03_sar_f,0,4,,,,,,,,,,,,,,,,,,,2,,
1195,toaHelm02_sar_f,toaHelm02_sar_f,0,4,,,,,,,,,,,,,,,,,,,2,,
1196,toaHelm01_sar_f,toaHelm01_sar_f,0,4,,,,,,,,,,,,,,,,,,,2,,
1197,toaHelm03_Inc_m,toaHelm03_Inc_m,0,4,,,,,,,,,,,,,,,,,,,2,,
1198,toaHelm02_Inc_m,toaHelm02_Inc_m,0,4,,,,,,,,,,,,,,,,,,,2,,
1199,toaHelm01_inc_m,toaHelm01_inc_m,0,4,,,,,,,,,,,,,,,,,,,2,,
1200,toaHelm03_Inc_f,toaHelm03_Inc_f,0,4,,,,,,,,,,,,,,,,,,,2,,103
1201,toaHelm02_Inc_f,toaHelm02_Inc_f,0,4,,,,,,,,,,,,,,,,,,,2,,103
1202,toaHelm01_inc_f,toaHelm01_inc_f,0,4,,,,,,,,,,,,,,,,,,,2,,
1203,toaHelm03_hig_m,toaHelm03_hig_m,0,4,,,,,,,,,,,,,,,,,,,2,,
1204,toaHelm02_hig_m,toaHelm02_hig_m,0,4,,,,,,,,,,,,,,,,,,,2,,
1205,toaHelm01_hig_m,toaHelm01_hig_m,0,4,,,,,,,,,,,,,,,,,,,2,,
1206,toaHelm03_hig_f,toaHelm03_hig_f,0,4,,,,,,,,,,,,,,,,,,,2,,
1207,toaHelm01_hig_f,toaHelm01_hig_f,0,4,,,,,,,,,,,,,,,,,,,2,,
1208,toaHelm02_hig_f,toaHelm02_hig_f,0,4,,,,,,,,,,,,,,,,,,,2,,
1209,ext_15year,ext_15year,0,0,,,,,,,,,,,,1,,,,,,,,,
1210,toaHelm03_bri_f,toaHelm03_bri_f,0,4,,,,,,,,,,,,,,,,,,,2,,
1211,toaHelm02_bri_f,toaHelm02_bri_f,0,4,,,,,,,,,,,,,,,,,,,2,,
1212,toaHelm01_bri_f,toaHelm01_bri_f,0,4,,,,,,,,,,,,,,,,,,,2,,
1213,toaHelm03_hal_F,toaHelm03_hal_F,0,4,,,,,,,,,,,,,,,,,,,2,,
1214,toaHelm02_hal_F,toaHelm02_hal_F,0,4,,,,,,,,,,,,,,,,,,,2,,
1215,toaHelm01_hal_F,toaHelm01_hal_F,0,4,,,,,,,,,,,,,,,,,,,2,,103
1216,toaHelm03_bri_m,toaHelm03_bri_m,0,4,,,,,,,,,,,,,,,,,,,2,,
1217,toaHelm02_bri_m,toaHelm02_bri_m,0,4,,,,,,,,,,,,,,,,,,,2,,
1218,toaHelm01_bri_m,toaHelm01_bri_m,0,4,,,,,,,,,,,,,,,,,,,2,,
1219,albHelm04_sar_m,albHelm04_sar_m,0,4,,,,,,,,,,,,,,,,,,,3,,
1220,albHelm03_sar_m,albHelm03_sar_m,0,4,,,,,,,,,,,,,,,,,,,3,,
1221,albHelm02_sar_m,albHelm02_sar_m,0,4,,,,,,,,,,,,,,,,,,,3,,103
1222,albHelm01_sar_m,albHelm01_sar_m,0,4,,,,,,,,,,,,,,,,,,,2,,
1223,albHelm04_Sar_f,albHelm04_Sar_f,0,4,,,,,,,,,,,,,,,,,,,3,,
1224,albHelm02_sar_f,albHelm02_sar_f,0,4,,,,,,,,,,,,,,,,,,,3,,
1225,albHelm03_sar_f,albHelm03_sar_f,0,4,,,,,,,,,,,,,,,,,,,3,,
1226,albHelm01_sar_f,albHelm01_sar_f,0,4,,,,,,,,,,,,,,,,,,,2,,
1227,albHelm04_Inc_m,albHelm04_Inc_m,0,4,,,,,,,,,,,,,,,,,,,3,,
1228,albHelm02_Inc_m,albHelm02_Inc_m,0,4,,,,,,,,,,,,,,,,,,,3,,
1229,albHelm03_Inc_m,albHelm03_Inc_m,0,4,,,,,,,,,,,,,,,1,,1,1,3,,111
1230,albHelm01_Inc_m,albHelm01_Inc_m,0,4,,,,,,,,,,,,,,,,,,,2,,
1231,albHelm04_Inc_f,albHelm04_Inc_f,0,4,,,,,,,,,,,,,,,,,,,3,,
1232,albHelm02_Inc_f,albHelm02_Inc_f,0,4,,,,,,,,,,,,,,,,,,,3,,
1233,albHelm03_Inc_f,albHelm03_Inc_f,0,4,,,,,,,,,,,,,,,,,1,1,3,,
1234,albHelm01_Inc_f,albHelm01_Inc_f,0,4,,,,,,,,,,,,,,,,,,,2,,
1235,albHelm04_hig_m,albHelm04_hig_m,0,4,,,,,,,,,,,,,,,,,,,3,,
1236,albHelm02_hig_M,albHelm02_hig_M,0,4,,,,,,,,,,,,,,,,,,,3,,103
1237,albHelm03_hig_M,albHelm03_hig_M,0,4,,,,,,,,,,,,,,,,,,,3,,
1238,albHelm01_hig_m,albHelm01_hig_m,0,4,,,,,,,,,,,,,,,,,,,2,,
1239,albHelm04_bri_m,albHelm04_bri_m,0,4,,,,,,,,,,,,,,,,,,,3,,
1240,albHelm02_Bri_m,albHelm02_Bri_m,0,4,,,,,,,,,,,,,,,,,,,3,,104
1241,albHelm03_Bri_m,albHelm03_Bri_m,0,4,,,,,,,,,,,,,,,,,,,3,,104
1242,albHelm01_Bri_m,albHelm01_Bri_m,0,4,,,,,,,,,,,,,,,,,,,2,,
1243,albHelm04_brit_f,albHelm04_brit_f,0,4,,,,,,,,,,,,,,,,,,,3,,
1244,albHelm02_brit_f,albHelm02_brit_f,0,4,,,,,,,,,,,,,,,,,,,3,,
1245,albHelm03_brit_f,albHelm03_brit_f,0,4,,,,,,,,,,,,,,,,,,,3,,
1246,albHelm01_brit_f,albHelm01_brit_f,0,4,,,,,,,,,,,,,,,,,,,2,,
1247,toaHelm03_hal_m,toaHelm03_hal_m,0,4,,,,,,,,,,,,,,,,,,,2,,
1248,toaHelm02_hal_m,toaHelm02_hal_m,0,4,,,,,,,,,,,,,,,,,,,2,,
1249,toaHelm01_hal_m,toaHelm01_hal_m,0,4,,,,,,,,,,,,,,,,,,,2,,
1250,toaHelm03_ava_m,toaHelm03_ava_m,0,4,,,,,,,,,,,,,,,,,,,2,,
1251,toaHelm02_ava_m,toaHelm02_ava_m,0,4,,,,,,,,,,,,,,,,,,,2,,
1252,toaHelm01_ava_m,toaHelm01_ava_m,0,4,,,,,,,,,,,,,,,,,,,2,,
1253,toaHelm03_ava_F,toaHelm03_ava_F,0,4,,,,,,,,,,,,,,,,,,,2,,
1254,toaHelm02_ava_F,toaHelm02_ava_F,0,4,,,,,,,,,,,,,,,,,,,2,,
1255,toaHelm01_ava_F,toaHelm01_ava_F,0,4,,,,,,,,,,,,,,,,,,,2,,
1256,albhelm04_hig_f,albhelm04_hig_f,0,4,,,,,,,,,,,,,,,,,,,3,,
1257,albhelm02_hig_f,albhelm02_hig_f,0,4,,,,,,,,,,,,,,,,,,,3,,
1258,albhelm03_hig_f,albhelm03_hig_f,0,4,,,,,,,,,,,,,,,,,,,3,,
1259,albhelm01_hig_f,albhelm01_hig_f,0,4,,,,,,,,,,,,,,,,,,,2,,
1260,albhelm04_hal_m,albhelm04_hal_m,0,4,,,,,,,,,,,,,,,,,,,3,,
1261,albhelm02_hal_m,albhelm02_hal_m,0,4,,,,,,,,,,,,,,,,,,,3,,103
1262,albhelm03_hal_m,albhelm03_hal_m,0,4,,,,,,,,,,,,,,,1,,,,3,,
1263,albhelm01_hal_m,albhelm01_hal_m,0,4,,,,,,,,,,,,,,,,,,,2,,
1264,albhelm04_ava_m,albhelm04_ava_m,0,4,,,,,,,,,,,,,,,,,,,3,,
1265,albhelm02_ava_m,albhelm02_ava_m,0,4,,,,,,,,,,,,,,,,,,,3,,
1266,albhelm03_ava_m,albhelm03_ava_m,0,4,,,,,,,,,,,,,,,,,,,3,,
1267,albhelm01_ava_m,albhelm01_ava_m,0,4,,,,,,,,,,,,,,,,,,,2,,
1268,albhelm04_ava_f,albhelm04_ava_f,0,4,,,,,,,,,,,,,,,,,,,3,,
1269,albhelm02_ava_f,albhelm02_ava_f,0,4,,,,,,,,,,,,,,,,,,,3,,
1270,albhelm03_ava_f,albhelm03_ava_f,0,4,,,,,,,,,,,,,,,,,,,3,,
1271,albhelm01_ava_f,albhelm01_ava_f,0,4,,,,,,,,,,,,,,,,,,,2,,103
1272,albhelm04_Hal_f,albhelm04_Hal_f,0,4,,,,,,,,,,,,,,,,,,,3,,
1273,albhelm02_Hal_f,albhelm02_Hal_f,0,4,,,,,,,,,,,,,,,,,,,3,,108
1274,albhelm03_Hal_f,albhelm03_Hal_f,0,4,,,,,,,,,,,,,,,,,,,3,,
1275,albhelm01_Hal_f,albhelm01_Hal_f,0,4,,,,,,,,,,,,,,,,,,,2,,105
1276,toaHelm01_nor_M,toaHelm01_nor_M,0,4,,,,,,,,,,,,,,,,,,,2,,103
1277,toaHelm02_nor_M,toaHelm02_nor_M,0,4,,,,,,,,,,,,,,,,,,,2,,
1278,toaHelm03_nor_M,toaHelm03_nor_M,0,4,,,,,,,,,,,,,,,,,,,2,,
1279,toaHelm01_nor_f,toaHelm01_nor_f,0,4,,,,,,,,,,,,,,,,,,,2,,
1280,toaHelm02_nor_f,toaHelm02_nor_f,0,4,,,,,,,,,,,,,,,,,,,2,,104
1281,toaHelm03_nor_f,toaHelm03_nor_f,0,4,,,,,,,,,,,,,,,,,,,2,,103
1282,HibHelm01_cel_f,HibHelm01_cel_f,0,4,,,,,,,,,,,,,,,,,,,2,,
1283,HibHelm01_Cel_m,HibHelm01_Cel_m,0,4,,,,,,,,,,,,,,,,,,,2,,101
1284,hibHelm01_elf_f,hibHelm01_elf_f,0,4,,,,,,,,,,,,,,,,,,,2,,
1285,hibHelm01_elf_m,hibHelm01_elf_m,0,4,,,,,,,,,,,,,,,,,,,2,,99
1286,hibHelm01_Fir_f,hibHelm01_Fir_f,0,4,,,,,,,,,,,,,,,,,,,2,,
1287,HibHelm01_fir_m,HibHelm01_fir_m,0,4,,,,,,,,,,,,,,,,,,,2,,
1288,hibHelm01_lur_f,hibHelm01_lur_f,0,4,,,,,,,,,,,,,,,,,,,2,,
1289,hibHelm01_lur_m,hibHelm01_lur_m,0,4,,,,,,,,,,,,,,,,,,,2,,
1290,hibHelm01_sha_f,hibHelm01_sha_f,0,4,,,,,,,,,,,,,,,,,,,2,,
1291,hibHelm01_sha_m,hibHelm01_sha_m,0,4,,,,,,,,,,,,,,,,,,,2,,
1292,hibHelm01_syl_f,hibHelm01_syl_f,0,4,,,,,,,,,,,,,,,,,,,2,,
1293,hibHelm01_syl_m,hibHelm01_syl_m,0,4,,,,,,,,,,,,,,,,,,,2,,
1294,Hibhelm02_cel_f,Hibhelm02_cel_f,0,4,,,,,,,,,,,,,,,,,,,3,,
1295,HibHelm02_Cel_m,HibHelm02_Cel_m,0,4,,,,,,,,,,,,,,,,,,,3,,
1296,hibHelm02_elf_f,hibHelm02_elf_f,0,4,,,,,,,,,,,,,,,,,,,3,,
1297,hibHelm02_elf_m,hibHelm02_elf_m,0,4,,,,,,,,,,,,,,,,,,,3,,
1298,HibHelm02_Fir_f,HibHelm02_Fir_f,0,4,,,,,,,,,,,,,,,,,,,3,,
1299,hibHelm02_fir_m,hibHelm02_fir_m,0,4,,,,,,,,,,,,,,,,,,,3,,
1300,hibHelm02_lur_f,hibHelm02_lur_f,0,4,,,,,,,,,,,,,,,,,,,3,,
1301,hibHelm02_lur_m,hibHelm02_lur_m,0,4,,,,,,,,,,,,,,,,,,,3,,
1302,hibHelm02_sha_f,hibHelm02_sha_f,0,4,,,,,,,,,,,,,,,,,,,3,,104
1303,hibHelm02_sha_m,hibHelm02_sha_m,0,4,,,,,,,,,,,,,,,,,,,3,,
1304,hibHelm02_syl_f,hibHelm02_syl_f,0,4,,,,,,,,,,,,,,,,,,,3,,
1305,hibHelm02_syl_m,hibHelm02_syl_m,0,4,,,,,,,,,,,,,,,,,,,3,,
1306,HibHelm03_cel_f,HibHelm03_cel_f,0,4,,,,,,,,,,,,,,,,,,,3,,
1307,HibHelm03_Cel_m,HibHelm03_Cel_m,0,4,,,,,,,,,,,,,,,,,,,3,,
1308,hibHelm03_elf_f,hibHelm03_elf_f,0,4,,,,,,,,,,,,,,,,,,,3,,
1309,hibHelm03_elf_m,hibHelm03_elf_m,0,4,,,,,,,,,,,,,,,,,,,3,,
1310,HibHelm03_Fir_f,HibHelm03_Fir_f,0,4,,,,,,,,,,,,,,,,,,,3,,
1311,HibHelm03_fir_m,HibHelm03_fir_m,0,4,,,,,,,,,,,,,,,,,,,3,,
1312,hibHelm03_lur_f,hibHelm03_lur_f,0,4,,,,,,,,,,,,,,,,,,95,3,,102
1313,hibHelm03_lur_m,hibHelm03_lur_m,0,4,,,,,,,,,,,,,,,,,,95,3,,102
1314,hibHelm03_sha_f,hibHelm03_sha_f,0,4,,,,,,,,,,,,,,,,,,,3,,104
1315,hibHelm03_sha_m,hibHelm03_sha_m,0,4,,,,,,,,,,,,,,,,,,,3,,
1316,hibHelm03_syl_f,hibHelm03_syl_f,0,4,,,,,,,,,,,,,,,,,,,3,,
1317,hibHelm03_syl_m,hibHelm03_syl_m,0,4,,,,,,,,,,,,,,,,,,,3,,
1318,HibHelm04_cel_f,HibHelm04_cel_f,0,4,,,,,,,,,,,,,,,,,,,3,,
1319,HibHelm04_cel_m,HibHelm04_cel_m,0,4,,,,,,,,,,,,,,,,,,,3,,
1320,hibHelm04_elf_f,hibHelm04_elf_f,0,4,,,,,,,,,,,,,,,,,,,3,,
1321,hibHelm04_elf_m,hibHelm04_elf_m,0,4,,,,,,,,,,,,,,,,,,,3,,
1322,HibHelm04_fir_f,HibHelm04_fir_f,0,4,,,,,,,,,,,,,,,,,,,3,,
1323,hibHelm04_fir_m,hibHelm04_fir_m,0,4,,,,,,,,,,,,,,,,,,,3,,
1324,hibHelm04_lur_f,hibHelm04_lur_f,0,4,,,,,,,,,,,,,,,,,,,3,,
1325,hibHelm04_lur_m,hibHelm04_lur_m,0,4,,,,,,,,,,,,,,,,,,,3,,
1326,hibHelm04_sha_f,hibHelm04_sha_f,0,4,,,,,,,,,,,,,,,,,,,3,,104
1327,hibHelm04_sha_m,hibHelm04_sha_m,0,4,,,,,,,,,,,,,,,,,,,3,,
1328,hibHelm04_syl_f,hibHelm04_syl_f,0,4,,,,,,,,,,,,,,,,,,,3,,
1329,hibHelm04_syl_m,hibHelm04_syl_m,0,4,,,,,,,,,,,,,,,,,,,3,,
1330,toaHelm01_cel_F,toaHelm01_cel_F,0,4,,,,,,,,,,,,,,,,,,,2,,
1331,toaHelm01_cel_m,toaHelm01_cel_m,0,4,,,,,,,,,,,,,,,,,,,2,,
1332,toaHelm01_elf_F,toaHelm01_elf_F,0,4,,,,,,,,,,,,,,,,,,,2,,
1333,toaHelm01_elf_m,toaHelm01_elf_m,0,4,,,,,,,,,,,,,,,,,,,2,,
1334,toaHelm01_fir_F,toaHelm01_fir_F,0,4,,,,,,,,,,,,,,,,,,1,2,,104
1335,toaHelm01_fir_m,toaHelm01_fir_m,0,4,,,,,,,,,,,,,,,,,,,2,,
1336,toaHelm01_lur_f,toaHelm01_lur_f,0,4,,,,,,,,,,,,,,,,,,,2,,
1337,toaHelm01_lur_m,toaHelm01_lur_m,0,4,,,,,,,,,,,,,,,,,,,2,,
1338,toaHelm01_sha_f,toaHelm01_sha_f,0,4,,,,,,,,,,,,,,,,,,,2,,
1339,toaHelm01_sha_m,toaHelm01_sha_m,0,4,,,,,,,,,,,,,,,,,,,2,,
1340,toaHelm01_syl_F,toaHelm01_syl_F,0,4,,,,,,,,,,,,,,,,,,,2,,
1341,toaHelm01_syl_m,toaHelm01_syl_m,0,4,,,,,,,,,,,,,,,,,,,2,,
1342,toaHelm02_cel_F,toaHelm02_cel_F,0,4,,,,,,,,,,,,,,,,,,,2,,104
1343,toaHelm02_cel_m,toaHelm02_cel_m,0,4,,,,,,,,,,,,,,,,,,,2,,105
1344,toaHelm02_elf_F,toaHelm02_elf_F,0,4,,,,,,,,,,,,,,,,,,,2,,
1345,toaHelm02_elf_m,toaHelm02_elf_m,0,4,,,,,,,,,,,,,,,,,,,2,,
1346,toaHelm02_fir_F,toaHelm02_fir_F,0,4,,,,,,,,,,,,,,,,,,1,2,,
1347,toaHelm02_fir_m,toaHelm02_fir_m,0,4,,,,,,,,,,,,,,,,,,,2,,
1348,toaHelm02_lur_f,toaHelm02_lur_f,0,4,,,,,,,,,,,,,,,,,,,3,,
1349,toaHelm02_lur_m,toaHelm02_lur_m,0,4,,,,,,,,,,,,,,,,,,,2,,
1350,toaHelm02_sha_f,toaHelm02_sha_f,0,4,,,,,,,,,,,,,,,,,,,2,,103
1351,toaHelm02_sha_m,toaHelm02_sha_m,0,4,,,,,,,,,,,,,,,,,,,2,,
1352,toaHelm02_syl_F,toaHelm02_syl_F,0,4,,,,,,,,,,,,,,,,,,,2,,
1353,toaHelm02_syl_m,toaHelm02_syl_m,0,4,,,,,,,,,,,,,,,,,,,2,,
1354,toaHelm03_cel_F,toaHelm03_cel_F,0,4,,,,,,,,,,,,,,,,,,,2,,104
1355,toaHelm03_cel_m,toaHelm03_cel_m,0,4,,,,,,,,,,,,,,,,,,,2,,105
1356,toaHelm03_elf_F,toaHelm03_elf_F,0,4,,,,,,,,,,,,,,,,,,,2,,
1357,toaHelm03_elf_m,toaHelm03_elf_m,0,4,,,,,,,,,,,,,,,,,,,2,,
1358,toaHelm03_fir_F,toaHelm03_fir_F,0,4,,,,,,,,,,,,,,,,,,1,2,,
1359,toaHelm03_fir_m,toaHelm03_fir_m,0,4,,,,,,,,,,,,,,,,,,,2,,
1360,toaHelm03_lur_f,toaHelm03_lur_f,0,4,,,,,,,,,,,,,,,,,,,3,,104
1361,toaHelm03_lur_m,toaHelm03_lur_m,0,4,,,,,,,,,,,,,,,,,,,2,,
1362,toaHelm03_sha_f,toaHelm03_sha_f,0,4,,,,,,,,,,,,,,,,,,,2,,103
1363,toaHelm03_sha_m,toaHelm03_sha_m,0,4,,,,,,,,,,,,,,,,,,,2,,
1364,toaHelm03_syl_F,toaHelm03_syl_F,0,4,,,,,,,,,,,,,,,,,,,2,,
1365,toaHelm03_syl_m,toaHelm03_syl_m,0,4,,,,,,,,,,,,,,,,,,,2,,
1366,albrp01_ava_f,albrp01_ava_f,0,4,,,,,,,,,,,,,,,,,,,2,,
1367,albrp01_ava_m,albrp01_ava_m,0,4,,,,,,,,,,,,,,,,,,,2,,104
1368,albrp01_bri_f,albrp01_bri_f,0,4,,,,,,,,,,,,,,,,,,,2,,
1369,albrp01_bri_m,albrp01_bri_m,0,4,,,,,,,,,,,,,,,,,,,2,,
1370,albrp01_hal_f,albrp01_hal_f,0,4,,,,,,,,,,,,,,,,,,,2,,102
1371,albrp01_hal_m,albrp01_hal_m,0,4,,,,,,,,,,,,,,,,,,,2,,
1372,albrp01_hig_f,albrp01_hig_f,0,4,,,,,,,,,,,,,,,,,,,2,,
1373,albrp01_hig_m,albrp01_hig_m,0,4,,,,,,,,,,,,,,,,,,,2,,
1374,albrp01_inc_f,albrp01_inc_f,0,4,,,,,,,,,,,,,,,,,,20,2,,109
1375,albrp01_inc_m,albrp01_inc_m,0,4,,,,,,,,,,,,,,,,,,30,2,,
1376,albrp01_sar_f,albrp01_sar_f,0,4,,,,,,,,,,,,,,,,,,,2,,105
1377,albrp01_sar_m,albrp01_sar_m,0,4,,,,,,,,,,,,,,,,,,,2,,
1378,albrp02_ava_f,albrp02_ava_f,0,4,,,,,,,,,,,,,,,,,,,2,,104
1379,albrp02_ava_m,albrp02_ava_m,0,4,,,,,,,,,,,,,,,,,,,2,,
1380,albrp02_bri_f,albrp02_bri_f,0,4,,,,,,,,,,,,,,,,,,,2,,103
1381,albrp02_bri_m,albrp02_bri_m,0,4,,,,,,,,,,,,,,,,,,,2,,
1382,albrp02_hal_f,albrp02_hal_f,0,4,,,,,,,,,,,,,,,,,,,2,,106
1383,albrp02_hal_m,albrp02_hal_m,0,4,,,,,,,,,,,,,,,,,,,2,,106
1384,albrp02_hig_f,albrp02_hig_f,0,4,,,,,,,,,,,,,,,,,,,2,,
1385,albrp02_hig_m,albrp02_hig_m,0,4,,,,,,,,,,,,,,,,,,,2,,
1386,albrp02_inc_f,albrp02_inc_f,0,4,,,,,,,,,,,,,,,,,,,2,,
1387,albrp02_inc_m,albrp02_inc_m,0,4,,,,,,,,,,,,,,,,,,,2,,
1388,albrp02_sar_f,albrp02_sar_f,0,4,,,,,,,,,,,,,,,,,,,2,,
1389,albrp02_sar_m,albrp02_sar_m,0,4,,,,,,,,,,,,,,,,,,,2,,104
1390,albrp03_ava_f,albrp03_ava_f,0,4,,,,,,,,,,,,,,,,,,,2,,103
1391,albrp03_ava_m,albrp03_ava_m,0,4,,,,,,,,,,,,,,,,,,,2,,
1392,albrp03_bri_f,albrp03_bri_f,0,4,,,,,,,,,,,,,,,,,,,2,,
1393,albrp03_bri_m,albrp03_bri_m,0,4,,,,,,,,,,,,,,,,,,,2,,
1394,albrp03_hal_f,albrp03_hal_f,0,4,,,,,,,,,,,,,,,,,,,2,,
1395,albrp03_hal_m,albrp03_hal_m,0,4,,,,,,,,,,,,,,,,,,,2,,
1396,albrp03_hig_f,albrp03_hig_f,0,4,,,,,,,,,,,,,,,,,,,2,,104
1397,albrp03_hig_m,albrp03_hig_m,0,4,,,,,,,,,,,,,,,,,,,2,,
1398,albrp03_inc_f,albrp03_inc_f,0,4,,,,,,,,,,,,,,,,,,,2,,
1399,albrp03_inc_m,albrp03_inc_m,0,4,,,,,,,,,,,,,,,,,,,2,,
1400,albrp03_sar_f,albrp03_sar_f,0,4,,,,,,,,,,,,,,,,,,,2,,
1401,albrp03_sar_m,albrp03_sar_m,0,4,,,,,,,,,,,,,,,,,,,2,,102
1402,albrp04_ava_f,albrp04_ava_f,0,4,,,,,,,,,,,,,,,,,,,2,,
1403,albrp04_ava_m,albrp04_ava_m,0,4,,,,,,,,,,,,,,,,,,,2,,103
1404,albrp04_bri_f,albrp04_bri_f,0,4,,,,,,,,,,,,,,,,,,,2,,103
1405,albrp04_bri_m,albrp04_bri_m,0,4,,,,,,,,,,,,,,,,,,,2,,103
1406,albrp04_hal_f,albrp04_hal_f,0,4,,,,,,,,,,,,,,,,,,,2,,
1407,albrp04_hal_m,albrp04_hal_m,0,4,,,,,,,,,,,,,,,,,,,2,,
1408,albrp04_hig_f,albrp04_hig_f,0,4,,,,,,,,,,,,,,,,,,,2,,
1409,albrp04_hig_m,albrp04_hig_m,0,4,,,,,,,,,,,,,,,,,,,2,,
1410,albrp04_inc_f,albrp04_inc_f,0,4,,,,,,,,,,,,,,,,,,,2,,104
1411,albrp04_inc_m,albrp04_inc_m,0,4,,,,,,,,,,,,,,,,,,,2,,
1412,albrp04_sar_f,albrp04_sar_f,0,4,,,,,,,,,,,,,,,,,,,2,,
1413,albrp04_sar_m,albrp04_sar_m,0,4,,,,,,,,,,,,,,,,,,,2,,
1414,albrp05_ava_f,albrp05_ava_f,0,4,,,,,,,,,,,,,,,,,,,1,,
1415,albrp05_ava_m,albrp05_ava_m,0,4,,,,,,,,,,,,,,,,,,,1,,
1416,albrp05_bri_f,albrp05_bri_f,0,4,,,,,,,,,,,,,,,,,,,1,,
1417,albrp05_bri_m,albrp05_bri_m,0,4,,,,,,,,,,,,,,,,,,,1,,
1418,albrp05_hal_f,albrp05_hal_f,0,4,,,,,,,,,,,,,,,,,,,1,,
1419,albrp05_hal_m,albrp05_hal_m,0,4,,,,,,,,,,,,,,,,,,,1,,
1420,albrp05_hig_f,albrp05_hig_f,0,4,,,,,,,,,,,,,,,,,,,1,,
1421,albrp05_hig_m,albrp05_hig_m,0,4,,,,,,,,,,,,,,,,,,,1,,
1422,albrp05_inc_f,albrp05_inc_f,0,4,,,,,,,,,,,,,,,,,,,1,,
1423,albrp05_inc_m,albrp05_inc_m,0,4,,,,,,,,,,,,,,,,,,,1,,
1424,albrp05_sar_f,albrp05_sar_f,0,4,,,,,,,,,,,,,,,,,,,1,,
1425,albrp05_sar_m,albrp05_sar_m,0,4,,,,,,,,,,,,,,,,,,,1,,
1426,hibrp01_cel_f,hibrp01_cel_f,0,4,,,,,,,,,,,,,,,,,,,2,,102
1427,hibrp01_cel_m,hibrp01_cel_m,0,4,,,,,,,,,,,,,,,,,,,2,,
1428,hibrp01_elf_f,hibrp01_elf_f,0,4,,,,,,,,,,,,,,,,,,,2,,
1429,hibrp01_elf_m,hibrp01_elf_m,0,4,,,,,,,,,,,,,,,,,,1,2,,106
1430,hibrp01_fir_f,hibrp01_fir_f,0,4,,,,,,,,,,,,,,,,,,1,2,,107
1431,hibrp01_fir_m,hibrp01_fir_m,0,4,,,,,,,,,,,,,,,,,,2,2,,103
1432,hibrp01_lur_f,hibrp01_lur_f,0,4,,,,,,,,,,,,,,,,,,1,2,,107
1433,hibrp01_lur_m,hibrp01_lur_m,0,4,,,,,,,,,,,,,,,,,,1,2,,104
1434,hibrp01_sha_f,hibrp01_sha_f,0,4,,,,,,,,,,,,,,,,,,1,2,,103
1435,hibrp01_sha_m,hibrp01_sha_m,0,4,,,,,,,,,,,,,,,,,,1,2,,103
1436,hibrp01_syl_f,hibrp01_syl_f,0,4,,,,,,,,,,,,,,,,,,,2,,
1437,hibrp01_syl_m,hibrp01_syl_m,0,4,,,,,,,,,,,,,,,,,,,2,,
1438,hibrp02_cel_f,hibrp02_cel_f,0,4,,,,,,,,,,,,,,,,,,,2,,
1439,hibrp02_cel_m,hibrp02_cel_m,0,4,,,,,,,,,,,,,,,,,,,2,,
1440,hibrp02_elf_f,hibrp02_elf_f,0,4,,,,,,,,,,,,,,,,,,,2,,
1441,hibrp02_elf_m,hibrp02_elf_m,0,4,,,,,,,,,,,,,,,,,,,2,,
1442,hibrp02_fir_f,hibrp02_fir_f,0,4,,,,,,,,,,,,,,,,,,,2,,
1443,hibrp02_fir_m,hibrp02_fir_m,0,4,,,,,,,,,,,,,,,,,,,2,,
1444,hibrp02_lur_f,hibrp02_lur_f,0,4,,,,,,,,,,,,,,,,,,,2,,
1445,hibrp02_lur_m,hibrp02_lur_m,0,4,,,,,,,,,,,,,,,,,,,2,,
1446,hibrp02_sha_f,hibrp02_sha_f,0,4,,,,,,,,,,,,,,,,,,1,2,,103
1447,hibrp02_sha_m,hibrp02_sha_m,0,4,,,,,,,,,,,,,,,,,,1,2,,107
1448,hibrp02_syl_f,hibrp02_syl_f,0,4,,,,,,,,,,,,,,,,,,,2,,
1449,hibrp02_syl_m,hibrp02_syl_m,0,4,,,,,,,,,,,,,,,,,,,2,,
1450,hibrp03_cel_f,hibrp03_cel_f,0,4,,,,,,,,,,,,,,,,,,,2,,
1451,hibrp03_cel_m,hibrp03_cel_m,0,4,,,,,,,,,,,,,,,,,,,2,,
1452,hibrp03_elf_f,hibrp03_elf_f,0,4,,,,,,,,,,,,,,,,,,,2,,
1453,hibrp03_elf_m,hibrp03_elf_m,0,4,,,,,,,,,,,,,,,,,,,2,,
1454,hibrp03_fir_f,hibrp03_fir_f,0,4,,,,,,,,,,,,,,,,,,,2,,103
1455,hibrp03_fir_m,hibrp03_fir_m,0,4,,,,,,,,,,,,,,,,,,,2,,
1456,hibrp03_lur_f,hibrp03_lur_f,0,4,,,,,,,,,,,,,,,,,,,3,,102
1457,hibrp03_lur_m,hibrp03_lur_m,0,4,,,,,,,,,,,,,,,,,,,2,,
1458,hibrp03_sha_f,hibrp03_sha_f,0,4,,,,,,,,,,,,,,,,,,1,2,,103
1459,hibrp03_sha_m,hibrp03_sha_m,0,4,,,,,,,,,,,,,,,,,,1,2,,103
1460,hibrp03_syl_f,hibrp03_syl_f,0,4,,,,,,,,,,,,,,,,,,,2,,
1461,hibrp03_syl_m,hibrp03_syl_m,0,4,,,,,,,,,,,,,,,,,,,2,,
1462,hibrp04_cel_f,hibrp04_cel_f,0,4,,,,,,,,,,,,,,,,,,,2,,104
1463,hibrp04_cel_m,hibrp04_cel_m,0,4,,,,,,,,,,,,,,,,,,,2,,
1464,hibrp04_elf_f,hibrp04_elf_f,0,4,,,,,,,,,,,,,,,,,,1,2,,
1465,hibrp04_elf_m,hibrp04_elf_m,0,4,,,,,,,,,,,,,,,,,,,2,,
1466,hibrp04_fir_f,hibrp04_fir_f,0,4,,,,,,,,,,,,,,,,,,,2,,
1467,hibrp04_fir_m,hibrp04_fir_m,0,4,,,,,,,,,,,,,,,,,,,2,,
1468,hibrp04_lur_f,hibrp04_lur_f,0,4,,,,,,,,,,,,,,,,,,,2,,
1469,hibrp04_lur_m,hibrp04_lur_m,0,4,,,,,,,,,,,,,,,,,,,2,,
1470,hibrp04_sha_f,hibrp04_sha_f,0,4,,,,,,,,,,,,,,,,,,1,2,,103
1471,hibrp04_sha_m,hibrp04_sha_m,0,4,,,,,,,,,,,,,,,,,,1,2,,105
1472,hibrp04_syl_f,hibrp04_syl_f,0,4,,,,,,,,,,,,,,,,,,,2,,
1473,hibrp04_syl_m,hibrp04_syl_m,0,4,,,,,,,,,,,,,,,,,,,2,,
1474,hibrp05_cel_f,hibrp05_cel_f,0,4,,,,,,,,,,,,,,,,,,,1,,
1475,hibrp05_cel_m,hibrp05_cel_m,0,4,,,,,,,,,,,,,,,,,,,1,,
1476,hibrp05_elf_f,hibrp05_elf_f,0,4,,,,,,,,,,,,,,,,,,,1,,
1477,hibrp05_elf_m,hibrp05_elf_m,0,4,,,,,,,,,,,,,,,,,,,1,,
1478,hibrp05_fir_f,hibrp05_fir_f,0,4,,,,,,,,,,,,,,,,,,,1,,
1479,hibrp05_fir_m,hibrp05_fir_m,0,4,,,,,,,,,,,,,,,,,,,1,,
1480,hibrp05_lur_f,hibrp05_lur_f,0,4,,,,,,,,,,,,,,,,,,,1,,
1481,hibrp05_lur_m,hibrp05_lur_m,0,4,,,,,,,,,,,,,,,,,,,1,,
1482,hibrp05_sha_f,hibrp05_sha_f,0,4,,,,,,,,,,,,,,,,,,,1,,
1483,hibrp05_sha_m,hibrp05_sha_m,0,4,,,,,,,,,,,,,,,,,,,1,,
1484,hibrp05_syl_f,hibrp05_syl_f,0,4,,,,,,,,,,,,,,,,,,,1,,
1485,hibrp05_syl_m,hibrp05_syl_m,0,4,,,,,,,,,,,,,,,,,,,1,,
1486,midrp01_dwa_f,midrp01_dwa_f,0,4,,,,,,,,,,,,,,,,,,,2,,
1487,midrp01_dwa_m,midrp01_dwa_m,0,4,,,,,,,,,,,,,,,,,,,2,,104
1488,midrp01_fro_f,midrp01_fro_f,0,4,,,,,,,,,,,,,,,,,,10,2,,106
1489,midrp01_fro_m,midrp01_fro_m,0,4,,,,,,,,,,,,,,,,,,,2,,106
1490,midrp01_kob_f,midrp01_kob_f,0,4,,,,,,,,,,,,,,,,,,,2,,104
1491,midrp01_kob_m,midrp01_kob_m,0,4,,,,,,,,,,,,,,,,,,,2,,
1492,midrp01_nor_f,midrp01_nor_f,0,4,,,,,,,,,,,,,,,,,,,2,,104
1493,midrp01_nor_m,midrp01_nor_m,0,4,,,,,,,,,,,,,,,,,,,2,,103
1494,midrp01_tro_f,midrp01_tro_f,0,4,,,,,,,,,,,,,,,,,,1,2,,
1495,midrp01_tro_m,midrp01_tro_m,0,4,,,,,,,,,,,,,,,,,,1,2,,
1496,midrp01_val_f,midrp01_val_f,0,4,,,,,,,,,,,,,,,,,,1,2,,107
1497,midrp01_val_m,midrp01_val_m,0,4,,,,,,,,,,,,,,,,,,20,2,,
1498,midrp02_dwa_f,midrp02_dwa_f,0,4,,,,,,,,,,,,,,,,,,,2,,104
1499,midrp02_dwa_m,midrp02_dwa_m,0,4,,,,,,,,,,,,,,,,,,,2,,104
1500,midrp02_fro_f,midrp02_fro_f,0,4,,,,,,,,,,,,,,,,,,,2,,
1501,midrp02_fro_m,midrp02_fro_m,0,4,,,,,,,,,,,,,,,,,,,2,,
1502,midrp02_kob_f,midrp02_kob_f,0,4,,,,,,,,,,,,,,,,,,,2,,103
1503,midrp02_kob_m,midrp02_kob_m,0,4,,,,,,,,,,,,,,,,,,,2,,
1504,midrp02_nor_f,midrp02_nor_f,0,4,,,,,,,,,,,,,,,,,,,2,,103
1505,midrp02_nor_m,midrp02_nor_m,0,4,,,,,,,,,,,,,,,,,,,2,,105
1506,midrp02_tro_f,midrp02_tro_f,0,4,,,,,,,,,,,,,,,,,,,2,,
1507,midrp02_tro_m,midrp02_tro_m,0,4,,,,,,,,,,,,,,,,,,,2,,
1508,midrp02_val_f,midrp02_val_f,0,4,,,,,,,,,,,,,,,,,,,2,,
1509,midrp02_val_m,midrp02_val_m,0,4,,,,,,,,,,,,,,,,,,,2,,103
1510,midrp03_dwa_f,midrp03_dwa_f,0,4,,,,,,,,,,,,,,,,,,,2,,106
1511,midrp03_dwa_m,midrp03_dwa_m,0,4,,,,,,,,,,,,,,,,,,,2,,
1512,midrp03_fro_f,midrp03_fro_f,0,4,,,,,,,,,,,,,,,,,,1,2,,
1513,midrp03_fro_m,midrp03_fro_m,0,4,,,,,,,,,,,,,,,,,,1,2,,104
1514,midrp03_kob_f,midrp03_kob_f,0,4,,,,,,,,,,,,,,,,,,1,2,,104
1515,midrp03_kob_m,midrp03_kob_m,0,4,,,,,,,,,,,,,,,,,,1,2,,
1516,midrp03_nor_f,midrp03_nor_f,0,4,,,,,,,,,,,,,,,,,,,2,,104
1517,midrp03_nor_m,midrp03_nor_m,0,4,,,,,,,,,,,,,,,,,,,2,,
1518,midrp03_tro_f,midrp03_tro_f,0,4,,,,,,,,,,,,,,,,,,1,2,,
1519,midrp03_tro_m,midrp03_tro_m,0,4,,,,,,,,,,,,,,,,,,1,2,,
1520,midrp03_val_f,midrp03_val_f,0,4,,,,,,,,,,,,,,,,,,1,2,,
1521,midrp03_val_m,midrp03_val_m,0,4,,,,,,,,,,,,,,,,,,1,2,,104
1522,midrp04_dwa_f,midrp04_dwa_f,0,4,,,,,,,,,,,,,,,,,,,2,,
1523,midrp04_dwa_m,midrp04_dwa_m,0,4,,,,,,,,,,,,,,,,,,1,2,,102
1524,midrp04_fro_f,midrp04_fro_f,0,4,,,,,,,,,,,,,,,,,,,2,,
1525,midrp04_fro_m,midrp04_fro_m,0,4,,,,,,,,,,,,,,,,,,,2,,
1526,midrp04_kob_f,midrp04_kob_f,0,4,,,,,,,,,,,,,,,,,,,2,,
1527,midrp04_kob_m,midrp04_kob_m,0,4,,,,,,,,,,,,,,,,,,,2,,
1528,midrp04_nor_f,midrp04_nor_f,0,4,,,,,,,,,,,,,,,,,,,2,,
1529,midrp04_nor_m,midrp04_nor_m,0,4,,,,,,,,,,,,,,,,,,,2,,
1530,midrp04_tro_f,midrp04_tro_f,0,4,,,,,,,,,,,,,,,,,,1,2,,
1531,midrp04_tro_m,midrp04_tro_m,0,4,,,,,,,,,,,,,,,,,,1,2,,
1532,midrp04_val_f,midrp04_val_f,0,4,,,,,,,,,,,,,,,,,,,2,,
1533,midrp04_val_m,midrp04_val_m,0,4,,,,,,,,,,,,,,,,,,,2,,
1534,midrp05_dwa_f,midrp05_dwa_f,0,4,,,,,,,,,,,,,,,,,,,1,,
1535,midrp05_dwa_m,midrp05_dwa_m,0,4,,,,,,,,,,,,,,,,,,,1,,102
1536,midrp05_fro_f,midrp05_fro_f,0,4,,,,,,,,,,,,,,,,,,,1,,
1537,midrp05_fro_m,midrp05_fro_m,0,4,,,,,,,,,,,,,,,,,,,1,,
1538,midrp05_kob_f,midrp05_kob_f,0,4,,,,,,,,,,,,,,,,,,,1,,
1539,midrp05_kob_m,midrp05_kob_m,0,4,,,,,,,,,,,,,,,,,,,1,,
1540,midrp05_nor_f,midrp05_nor_f,0,4,,,,,,,,,,,,,,,,,,,1,,
1541,midrp05_nor_m,midrp05_nor_m,0,4,,,,,,,,,,,,,,,,,,,1,,
1542,midrp05_tro_f,midrp05_tro_f,0,4,,,,,,,,,,,,,,,,,,,1,,
1543,midrp05_tro_m,midrp05_tro_m,0,4,,,,,,,,,,,,,,,,,,,1,,
1544,midrp05_val_f,midrp05_val_f,0,4,,,,,,,,,,,,,,,,,,,1,,
1545,midrp05_val_m,midrp05_val_m,0,4,,,,,,,,,,,,,,,,,,,1,,
1546,toaHelm Winged Dwa f,toaHelm_Winged_Dwa_f,0,4,,,,,,,,,,,,,,,,,,1,2,,103
1547,toaHelm Winged Dwa m,toaHelm_Winged_Dwa_m,0,4,,,,,,,,,,,,,,,,,,1,2,,
1548,toaHelm Winged fro f,toaHelm_Winged_fro_f,0,4,,,,,,,,,,,,,,,,,,,2,,
1549,toaHelm Winged fro m,toaHelm_Winged_fro_m,0,4,,,,,,,,,,,,,,,,,,,2,,102
1550,toaHelm Winged kob f,toaHelm_Winged_kob_f,0,4,,,,,,,,,,,,,,,,,,1,2,,
1551,toaHelm Winged kob m,toaHelm_Winged_kob_m,0,4,,,,,,,,,,,,,,,,,,1,2,,
1552,toaHelm Winged nor f,toaHelm_Winged_nor_f,0,4,,,,,,,,,,,,,,,,,,,2,,103
1553,toaHelm Winged nor m,toaHelm_Winged_nor_m,0,4,,,,,,,,,,,,,,,,,,,2,,
1554,toaHelm Winged tro f,toaHelm_Winged_tro_f,0,4,,,,,,,,,,,,,,,,,,1,2,,
1555,toaHelm Winged tro m,toaHelm_Winged_tro_m,0,4,,,,,,,,,,,,,,,,,,1,2,,
1556,toaHelm Winged val F,toaHelm_Winged_val_F,0,4,,,,,,,,,,,,,,,,,,1,2,,103
1557,toaHelm Winged val m,toaHelm_Winged_val_m,0,4,,,,,,,,,,,,,,,,,,1,2,,103
1558,toaHelm Zahur Dwa f,toaHelm_Zahur_Dwa_f,0,4,,,,,,,,,,,,,,,,,,,2,,
1559,toaHelm Zahur Dwa m,toaHelm_Zahur_Dwa_m,0,4,,,,,,,,,,,,,,,,,,1,2,,103
1560,toaHelm Zahur fro f,toaHelm_Zahur_fro_f,0,4,,,,,,,,,,,,,,,,,,,2,,
1561,toaHelm Zahur fro m,toaHelm_Zahur_fro_m,0,4,,,,,,,,,,,,,,,,,,,2,,106
1562,toaHelm Zahur kob f,toaHelm_Zahur_kob_f,0,4,,,,,,,,,,,,,,,,,,,2,,103
1563,toaHelm Zahur kob m,toaHelm_Zahur_kob_m,0,4,,,,,,,,,,,,,,,,,,1,2,,103
1564,toaHelm Zahur nor f,toaHelm_Zahur_nor_f,0,4,,,,,,,,,,,,,,,,,,,2,,
1565,toaHelm Zahur nor m,toaHelm_Zahur_nor_m,0,4,,,,,,,,,,,,,,,,,,,2,,
1566,toaHelm Zahur tro f,toaHelm_Zahur_tro_f,0,4,,,,,,,,,,,,,,,,,,,2,,
1567,toaHelm Zahur tro m,toaHelm_Zahur_tro_m,0,4,,,,,,,,,,,,,,,,,,1,2,,
1568,toaHelm Zahur val F,toaHelm_Zahur_val_F,0,4,,,,,,,,,,,,,,,,,,,2,,
1569,toaHelm Zahur val m,toaHelm_Zahur_val_m,0,4,,,,,,,,,,,,,,,,,,,2,,
1570,toaHelm_winged_ava_f,toaHelm_winged_ava_f,0,4,,,,,,,,,,,,,,,,,,,,,
1571,toaHelm_winged_ava_m,toaHelm_winged_ava_m,0,4,,,,,,,,,,,,,,,,,,,,,
1572,toahelm_winged_bri_f,toahelm_winged_bri_f,0,4,,,,,,,,,,,,,,,,,,,,,
1573,toahelm_winged_bri_m,toahelm_winged_bri_m,0,4,,,,,,,,,,,,,,,,,,,,,
1574,toahelm_winged_hal_f,toahelm_winged_hal_f,0,4,,,,,,,,,,,,,,,,,,,,,
1575,toahelm_winged_hal_m,toahelm_winged_hal_m,0,4,,,,,,,,,,,,,,,,,,,,,
1576,toaHelm_winged_hig_f,toaHelm_winged_hig_f,0,4,,,,,,,,,,,,,,,,,,,,,
1577,toaHelm_winged_hig_m,toaHelm_winged_hig_m,0,4,,,,,,,,,,,,,,,,,,,,,
1578,toaHelm_winged_sar_f,toaHelm_winged_sar_f,0,4,,,,,,,,,,,,,,,,,,,,,
1579,toahelm_winged_sar_m,toahelm_winged_sar_m,0,4,,,,,,,,,,,,,,,,,,,,,
1580,toaHelm_Zahur_ava_f,toaHelm_Zahur_ava_f,0,4,,,,,,,,,,,,,,,,,,,2,,98
1581,toaHelm_Zahur_ava_m,toaHelm_Zahur_ava_m,0,4,,,,,,,,,,,,,,,,,,,2,,
1582,toaHelm_zahur_bri_f,toaHelm_zahur_bri_f,0,4,,,,,,,,,,,,,,,,,,,2,,
1583,toahelm_Zahur_bri_m,toahelm_Zahur_bri_m,0,4,,,,,,,,,,,,,,,,,,,2,,
1584,toahelm_Zahur_hal_f,toahelm_Zahur_hal_f,0,4,,,,,,,,,,,,,,,,,,,2,,
1585,toahelm_Zahur_hal_m,toahelm_Zahur_hal_m,0,4,,,,,,,,,,,,,,,,,,,2,,
1586,toaHelm_zahur_hig_f,toaHelm_zahur_hig_f,0,4,,,,,,,,,,,,,,,,,,,2,,
1587,toaHelm_Zahur_hig_m,toaHelm_Zahur_hig_m,0,4,,,,,,,,,,,,,,,,,,,2,,
1588,toaHelm_Zahur_sar_f,toaHelm_Zahur_sar_f,0,4,,,,,,,,,,,,,,,,,,,2,,
1589,toahelm_Zahur_sar_m,toahelm_Zahur_sar_m,0,4,,,,,,,,,,,,,,,,,,,2,,
1590,toahelm_winged_cel_f,toahelm_winged_cel_f,0,4,,,,,,,,,,,,,,,,,,,,,103
1591,toahelm_winged_cel_m,toahelm_winged_cel_m,0,4,,,,,,,,,,,,,,,,,,,,,
1592,toaHelm_Winged_elf_f,toaHelm_Winged_elf_f,0,4,,,,,,,,,,,,,,,,,,,,,
1593,toaHelm_Winged_elf_m,toaHelm_Winged_elf_m,0,4,,,,,,,,,,,,,,,,,,,,,
1594,toahelm_winged_fir_f,toahelm_winged_fir_f,0,4,,,,,,,,,,,,,,,,,,1,,,
1595,toahelm_winged_fir_m,toahelm_winged_fir_m,0,4,,,,,,,,,,,,,,,,,,1,,,
1596,toaHelm_Winged_lur_f,toaHelm_Winged_lur_f,0,4,,,,,,,,,,,,,,,,,,,,,
1597,toaHelm_Winged_lur_m,toaHelm_Winged_lur_m,0,4,,,,,,,,,,,,,,,,,,,,,
1598,toahelm_winged_sha_f,toahelm_winged_sha_f,0,4,,,,,,,,,,,,,,,,,,1,,,
1599,toahelm_winged_sha_m,toahelm_winged_sha_m,0,4,,,,,,,,,,,,,,,,,,1,,,
1600,toahelm_winged_syl_f,toahelm_winged_syl_f,0,4,,,,,,,,,,,,,,,,,,,,,
1601,toahelm_winged_syl_m,toahelm_winged_syl_m,0,4,,,,,,,,,,,,,,,,,,,,,
1602,toaHelm_zahur_cel_f,toaHelm_zahur_cel_f,0,4,,,,,,,,,,,,,,,,,,,2,,103
1603,toahelm_Zahur_cel_m,toahelm_Zahur_cel_m,0,4,,,,,,,,,,,,,,,,,,,2,,
1604,toaHelm_Zahur_elf_f,toaHelm_Zahur_elf_f,0,4,,,,,,,,,,,,,,,,,,,2,,103
1605,toaHelm_Zahur_elf_m,toaHelm_Zahur_elf_m,0,4,,,,,,,,,,,,,,,,,,,2,,103
1606,toahelm_Zahur_fir_f,toahelm_Zahur_fir_f,0,4,,,,,,,,,,,,,,,,,,,2,,103
1607,toahelm_Zahur_fir_m,toahelm_Zahur_fir_m,0,4,,,,,,,,,,,,,,,,,,,2,,
1608,toaHelm_Zahur_lur_f,toaHelm_Zahur_lur_f,0,4,,,,,,,,,,,,,,,,,,,2,,103
1609,toaHelm_Zahur_lur_m,toaHelm_Zahur_lur_m,0,4,,,,,,,,,,,,,,,,,,,2,,
1610,toahelm_Zahur_sha_m,toahelm_Zahur_sha_m,0,4,,,,,,,,,,,,,,,,,,1,2,,
1611,toahelm_Zahur_syl_f,toahelm_Zahur_syl_f,0,4,,,,,,,,,,,,,,,,,,,2,,
1612,toahelm_Zahur_syl_m,toahelm_Zahur_syl_m,0,4,,,,,,,,,,,,,,,,,,,2,,
1613,toaHelm_zahur_sha_f,toaHelm_zahur_sha_f,0,4,,,,,,,,,,,,,,,,,,1,2,,
1614,toaHelm_Winged_inc_f,toaHelm_Winged_inc_f,0,4,,,,,,,,,,,,,,,,,,,,,
1615,toaHelm_Winged_inc_m,toaHelm_Winged_inc_m,0,4,,,,,,,,,,,,,,,,,,,,,
1616,toaHelm_Zahur_inc_f,toaHelm_Zahur_inc_f,0,4,,,,,,,,,,,,,,,,,,,1,,
1617,toaHelm_Zahur_inc_m,toaHelm_Zahur_inc_m,0,4,,,,,,,,,,,,,,,,,,,1,,
1618,midHelm01_Winged_nor_f,midHelm01_Winged_nor_f,0,4,,,,,,,,,,,,,,,,,,,,,
1619,midHelm01_Winged_dwa_f,midHelm01_Winged_dwa_f,0,4,,,,,,,,,,,,,,,,,,,,,
1620,midHelm01_Winged_fro_f,midHelm01_Winged_fro_f,0,4,,,,,,,,,,,,,,,,,,,,,
1621,volcanus_orb_green_small,volcanus_orb_green_small,0,1,,,,,,,,,,,,,,,,,,,,,
1622,volcanus_orb_red_small,volcanus_orb_red_small,0,1,,,,,,,,,,,,,,,,,,,,,
1623,volcanus_orb_blue_small,volcanus_orb_blue_small,0,1,,,,,,,,,,,,,,,,,,,,,
1624,hockey_scoreboard,hockey_scoreboard,0,1,,,,,,,,,,,,,,,,,,,,,
1625,hockey_rack,hockey_rack,0,1,,,,,,,,,,,,,,,,,,,,,
1626,Hockey Stick,hockey_stick,0,1,,,,,,,,,,,,,,,,,,,,,
1627,n_lute,n_lute,0,1,,,,,,,,,,,,,,,,,,,,,
1628,N_drum,N_drum,0,1,,,,,,,,,,,,,,,,,,,,,
1629,N_Flute,N_Flute,0,1,,,,,,,,,,,,,,,,,,,,,
1630,Tutorial Smith Hammer,TUT_hammer,0,1,,,,,,,,,,,,,,,,,,,,,
1631,Tutorial Tree Axe,TUT_axe,0,1,,,,,,,,,,,,,,,,,,,,,
1632,Hot Metal Bar,TUT_metalbar,0,1,,,,,,,,,,,,,,,,,,,,,
1633,PlayH - Golden Rnd Table,Roundtable,0,1,,,,,,,,,,,,1,,,,,,,,,
1634,trophy_Dub,trophy_Dub,0,1,,,,,,,,,,,,1,,,,,,,,,
1635,trophy_fafner,trophy_fafner,0,1,,,,,,,,,,,,1,,,,,,,,,
1636,trophy_gargoyle,trophy_gargoyle,0,1,,,,,,,,,,,,1,,,,,,,,,
1637,trophy_mordred,trophy_mordred,0,1,,,,,,,,,,,,1,,,,,,,,,
1638,trophy_terracite_bose,trophy_terracite_bose,0,1,,,,,,,,,,,,1,,,,,,,,,
1640,Guild Banner Node,guild_banner_node,0,1,,,,,,,,,,,,,,,,,,,,,
1641,Guildbannertrophy_Alb,Guildbannertrophy_Alb,0,0,,,,,,,,,,,,1,,,,,,,,,
1642,Guildbannertrophy_Mid,Guildbannertrophy_Mid,0,0,,,,,,,,,,,,1,,,,,,,,,
1643,Guildbannertrophy_Hib,Guildbannertrophy_Hib,0,0,,,,,,,,,,,,1,,,,,,,,,
1644,Epic_wpn_palladin_thrust_2H,Epic_wpn_palladin_thrust_2H,0,1,,,,,,,,,,,,,,,,,,,,,
1645,Epic_wpn_palladin_thrust_1H,Epic_wpn_palladin_thrust_1H,0,1,,,,,,,,,,,,,,,,,,,,,
1646,Epic_wpn_palladin_slash_2H,Epic_wpn_palladin_slash_2H,0,1,,,,,,,,,,,,,,,,,,,,,
1647,Epic_wpn_palladin_slash_1H,Epic_wpn_palladin_slash_1H,0,1,,,,,,,,,,,,,,,,,,,,,
1648,Epic_wpn_palladin_crush_2H,Epic_wpn_palladin_crush_2H,0,1,,,,,,,,,,,,,,,,,,,,,
1649,Epic_wpn_palladin_crush_1H,Epic_wpn_palladin_crush_1H,0,1,,,,,,,,,,,,,,,,,,,,,
1650,GuildbannerGround_Hib,GuildbannerGround_Hib,0,1,,,,,,,,,,,,,,,,,,,,,
1651,GuildbannerGround_Alb,GuildbannerGround_Alb,0,1,,,,,,,,,,,,,,,,,,,,,
1652,GuildbannerGround_Mid,GuildbannerGround_Mid,0,1,,,,,,,,,,,,,,,,,,,,,
1653,Epic_wpn_Hero_blade_1H,Epic_wpn_Hero_blade_1H,0,1,,,,,,,,,,,,,,,,,,,,,
1654,Epic_wpn_Hero_blade_2H,Epic_wpn_Hero_blade_2H,0,1,,,,,,,,,,,,,,,,,,,,,
1655,Epic_wpn_Hero_blunt_1H,Epic_wpn_Hero_blunt_1H,0,1,,,,,,,,,,,,,,,,,,,,,
1656,Epic_wpn_Hero_blunt_2H,Epic_wpn_Hero_blunt_2H,0,1,,,,,,,,,,,,,,,,,,,,,
1657,Epic_wpn_Hero_piercing_1H,Epic_wpn_Hero_piercing_1H,0,1,,,,,,,,,,,,,,,,,,,,,
1658,Epic_wpn_Hero_piercing_2H,Epic_wpn_Hero_piercing_2H,0,1,,,,,,,,,,,,,,,,,,,,,
1659,Epic_wpn_Hero_spear_1H,Epic_wpn_Hero_spear_1H,0,1,,,,,,,,,,,,,,,,,,,,,
1660,Epic_wpn_Hero_spear_2H,Epic_wpn_Hero_spear_2H,0,1,,,,,,,,,,,,,,,,,,,,,
1661,Epic_wpn_warrior_sword_1H,Epic_wpn_warrior_sword_1H,0,1,,,,,,,,,,,,,,,,,,,,,
1662,Epic_wpn_warrior_sword_2H,Epic_wpn_warrior_sword_2H,0,1,,,,,,,,,,,,,,,,,,,,,
1663,Epic_wpn_warrior_hammer_1H,Epic_wpn_warrior_hammer_1H,0,1,,,,,,,,,,,,,,,,,,,,,
1664,Epic_wpn_warrior_hammer_2H,Epic_wpn_warrior_hammer_2H,0,1,,,,,,,,,,,,,,,,,,,,,
1665,Epic_wpn_warrior_axe_1H,Epic_wpn_warrior_axe_1H,0,1,,,,,,,,,,,,,,,,,,,,,
1666,Epic_wpn_warrior_axe_2H,Epic_wpn_warrior_axe_2H,0,1,,,,,,,,,,,,,,,,,,,,,
1667,Epic_wpn_Armsman_crush_1H,Epic_wpn_Armsman_crush_1H,0,1,,,,,,,,,,,,,,,,,,,,,
1668,Epic_wpn_Armsman_crush_2H,Epic_wpn_Armsman_crush_2H,0,1,,,,,,,,,,,,,,,,,,,,,
1669,Epic_wpn_Armsman_thrust_1H,Epic_wpn_Armsman_thrust_1H,0,1,,,,,,,,,,,,,,,,,,,,,
1670,Epic_wpn_Armsman_thrust_2H,Epic_wpn_Armsman_thrust_2H,0,1,,,,,,,,,,,,,,,,,,,,,
1671,Epic_wpn_Armsman_slash_1H,Epic_wpn_Armsman_slash_1H,0,1,,,,,,,,,,,,,,,,,,,,,
1672,Epic_wpn_Armsman_slash_2H,Epic_wpn_Armsman_slash_2H,0,1,,,,,,,,,,,,,,,,,,,,,
1673,Epic_wpn_Armsman_pole_S,Epic_wpn_Armsman_pole_S,0,1,,,,,,,,,,,,,,,,,,,,,
1674,Epic_wpn_Armsman_pole_C,Epic_wpn_Armsman_pole_C,0,1,,,,,,,,,,,,,,,,,,,,,
1675,Epic_wpn_minstrel_T,Epic_wpn_minstrel_T,0,1,,,,,,,,,,,,,,,,,,,,,
1676,Epic_wpn_infiltrator_sword_1H,Epic_wpn_infiltrator_sword_1H,0,1,,,,,,,,,,,,,,,,,,,,,
1677,Epic_wpn_infiltrator_thrust_1H,Epic_wpn_infiltrator_thrust_1H,0,1,,,,,,,,,,,,,,,,,,,,,
1678,Epic_wpn_mercenary_crush_1H,Epic_wpn_mercenary_crush_1H,0,1,,,,,,,,,,,,,,,,,,,,,
1679,Epic_wpn_mercenary_sword_1H,Epic_wpn_mercenary_sword_1H,0,1,,,,,,,,,,,,,,,,,,,,,
1680,Epic_wpn_mercenary_thrust_1H,Epic_wpn_mercenary_thrust_1H,0,1,,,,,,,,,,,,,,,,,,,,,
1681,Epic_wpn_minstrel_H,Epic_wpn_minstrel_H,0,1,,,,,,,,,,,,,,,,,,,,,
1682,Epic_wpn_minstrel_S,Epic_wpn_minstrel_S,0,1,,,,,,,,,,,,,,,,,,,,,
1683,DR_demonseal_item,DR_demonseal_item,0,1,,,,,,,,,,,,,,,,,,,,,
1684,Epic_wpn_heretic_crush_1H,Epic_wpn_heretic_crush_1H,0,1,,,,,,,,,,,,,,,,,,,,,
1685,Epic_wpn_heretic_flexC_1H,Epic_wpn_heretic_flexC_1H,0,1,1323,1324,1325,1326,1327,1328,1329,1330,1331,1382,0,,,,,,,,,,
1686,Epic_wpn_heretic_flexS_1H,Epic_wpn_heretic_flexS_1H,0,1,1323,1324,1325,1326,1327,1328,1329,1330,1331,1382,0,,,,,,,,,,
1687,Epic_wpn_scout_S,Epic_wpn_scout_S,0,1,,,,,,,,,,,,,,,,,,,,,
1688,Epic_wpn_scout_T,Epic_wpn_scout_T,0,1,,,,,,,,,,,,,,,,,,,,,
1689,Epic_wpn_scout_Bo,Epic_wpn_scout_Bo,0,1,,,,,,,,,,,,,,,,,,,,,
1690,Epic_wpn_cleric_crush_1H,Epic_wpn_cleric_crush_1H,0,1,,,,,,,,,,,,,,,,,,,,,
1691,epic_wpn_skald_sword_2h,epic_wpn_skald_sword_2h,0,1,,,,,,,,,,,,,,,,,,,,,
1692,epic_wpn_skald_hammer_1h,epic_wpn_skald_hammer_1h,0,1,,,,,,,,,,,,,,,,,,,,,
1693,epic_wpn_skald_hammer_2h,epic_wpn_skald_hammer_2h,0,1,,,,,,,,,,,,,,,,,,,,,
1694,epic_wpn_skald_sword_1h,epic_wpn_skald_sword_1h,0,1,,,,,,,,,,,,,,,,,,,,,
1695,epic_wpn_skald_axe_2h,epic_wpn_skald_axe_2h,0,1,,,,,,,,,,,,,,,,,,,,,
1696,epic_wpn_skald_axe_1h,epic_wpn_skald_axe_1h,0,1,,,,,,,,,,,,,,,,,,,,,
1697,epic_wpn_Druid_Crush_1H,epic_wpn_Druid_Crush_1H,0,1,,,,,,,,,,,,,,,,,,,,,
1698,epic_wpn_Druid_Blade_1H,epic_wpn_Druid_Blade_1H,0,1,,,,,,,,,,,,,,,,,,,,,
1699,epic_wpn_savage_sword_1h,epic_wpn_savage_sword_1h,0,1,,,,,,,,,,,,,,,,,,,,,
1700,epic_wpn_savage_sword_2h,epic_wpn_savage_sword_2h,0,1,,,,,,,,,,,,,,,,,,,,,
1701,epic_wpn_savage_axe_2h,epic_wpn_savage_axe_2h,0,1,,,,,,,,,,,,,,,,,,,,,
1702,epic_wpn_savage_axe_1h,epic_wpn_savage_axe_1h,0,1,,,,,,,,,,,,,,,,,,,,,
1703,epic_wpn_Warden_Slash_1H,epic_wpn_Warden_Slash_1H,0,1,,,,,,,,,,,,,,,,,,,,,
1704,epic_wpn_Warden_Crush_1H,epic_wpn_Warden_Crush_1H,0,1,,,,,,,,,,,,,,,,,,,,,
1705,Epic_wpn_Friar_staff,Epic_wpn_Friar_staff,0,1,,,,,,,,,,,,,,,,,,,,,
1706,Epic_wpn_Friar_crush_1H,Epic_wpn_Friar_crush_1H,0,1,,,,,,,,,,,,,,,,,,,,,
1707,Epic_wpn_Necromancer_staff,Epic_wpn_Necromancer_staff,0,1,,,,,,,,,,,,,,,,,,,,,
1708,epic_wpn_savage_hth,epic_wpn_savage_hth,0,1,,,,,,,,,,,,,,,,,,,,,
1709,epic_wpn_valkyrie_spear,epic_wpn_valkyrie_spear,0,1,,,,,,,,,,,,,,,,,,,,,
1710,epic_wpn_valkyrie_sword_1h,epic_wpn_valkyrie_sword_1h,0,1,,,,,,,,,,,,,,,,,,,,,
1711,epic_wpn_valkyrie_sword_2h,epic_wpn_valkyrie_sword_2h,0,1,,,,,,,,,,,,,,,,,,,,,
1712,epic_wpn_thane_sword_1h,epic_wpn_thane_sword_1h,0,1,,,,,,,,,,,,,,,,,,,,,
1713,epic_wpn_thane_sword_2h,epic_wpn_thane_sword_2h,0,1,,,,,,,,,,,,,,,,,,,,,
1714,epic_wpn_thane_axe_1h,epic_wpn_thane_axe_1h,0,1,,,,,,,,,,,,,,,,,,,,,
1715,epic_wpn_thane_axe_2h,epic_wpn_thane_axe_2h,0,1,,,,,,,,,,,,,,,,,,,,,
1716,epic_wpn_thane_hammer_1h,epic_wpn_thane_hammer_1h,0,1,,,,,,,,,,,,,,,,,,,,,
1717,epic_wpn_thane_hammer_2h,epic_wpn_thane_hammer_2h,0,1,,,,,,,,,,,,,,,,,,,,,
1718,epic_wpn_savage_hammer_1h,epic_wpn_savage_hammer_1h,0,1,,,,,,,,,,,,,,,,,,,,,
1719,epic_wpn_savage_hammer_2h,epic_wpn_savage_hammer_2h,0,1,,,,,,,,,,,,,,,,,,,,,
1720,epic_wpn_hunter_sword_1h,epic_wpn_hunter_sword_1h,0,1,,,,,,,,,,,,,,,,,,,,,
1721,epic_wpn_hunter_sword_2h,epic_wpn_hunter_sword_2h,0,1,,,,,,,,,,,,,,,,,,,,,
1722,epic_wpn_Ranger_Bow,epic_wpn_Ranger_Bow,0,1,,,,,,,,,,,,,,,,,,,,,
1723,epic_wpn_Ranger_Pierce_1H,epic_wpn_Ranger_Pierce_1H,0,1,,,,,,,,,,,,,,,,,,,,,
1724,epic_wpn_Ranger_Slash_1H,epic_wpn_Ranger_Slash_1H,0,1,,,,,,,,,,,,,,,,,,,,,
1725,epic_wpn_hunter_spear,epic_wpn_hunter_spear,0,1,,,,,,,,,,,,,,,,,,,,,
1726,epic_wpn_hunter_bow,epic_wpn_hunter_bow,0,1,,,,,,,,,,,,,,,,,,,,,
1727,Epic_wpn_Sorcerer_staff,Epic_wpn_Sorcerer_staff,0,1,,,,,,,,,,,,,,,,,,,,,
1728,admorenth_staff,admorenth_staff,0,5,,,,,,,,,,,,,,,,,,,,,
1729,epic_wpn_beserker_hammer_2h,epic_wpn_beserker_hammer_2h,0,1,,,,,,,,,,,,,,,,,,,,,
1730,epic_wpn_beserker_hammer_1h,epic_wpn_beserker_hammer_1h,0,1,,,,,,,,,,,,,,,,,,,,,
1731,epic_wpn_beserker_sword_1h,epic_wpn_beserker_sword_1h,0,1,,,,,,,,,,,,,,,,,,,,,
1732,epic_wpn_beserker_sword_2h,epic_wpn_beserker_sword_2h,0,1,,,,,,,,,,,,,,,,,,,,,
1733,epic_wpn_beserker_axe_2h,epic_wpn_beserker_axe_2h,0,1,,,,,,,,,,,,,,,,,,,,,
1734,epic_wpn_beserker_axe_1h,epic_wpn_beserker_axe_1h,0,1,,,,,,,,,,,,,,,,,,,,,
1735,epic_wpn_Blademaster_Slash_1H,epic_wpn_Blademaster_Slash_1H,0,1,,,,,,,,,,,,,,,,,,,,,
1736,epic_wpn_Blademaster_Crush_1H,epic_wpn_Blademaster_Crush_1H,0,1,,,,,,,,,,,,,,,,,,,,,
1737,epic_wpn_Blademaster_Pierce_1H,epic_wpn_Blademaster_Pierce_1H,0,1,,,,,,,,,,,,,,,,,,,,,
1738,epic_wpn_Runemaster_st,epic_wpn_Runemaster_st,0,1,,,,,,,,,,,,,,,,,,,,,
1739,epic_wpn_healer_hammer_2h,epic_wpn_healer_hammer_2h,0,1,,,,,,,,,,,,,,,,,,,,,
1740,epic_wpn_healer_hammer_1h,epic_wpn_healer_hammer_1h,0,1,,,,,,,,,,,,,,,,,,,,,
1741,epic_wpn_shadowblade_sword_2h,epic_wpn_shadowblade_sword_2h,0,1,,,,,,,,,,,,,,,,,,,,,
1742,epic_wpn_shadowblade_sword_1h,epic_wpn_shadowblade_sword_1h,0,1,,,,,,,,,,,,,,,,,,,,,
1743,Epic_wpn_Animist_staff,Epic_wpn_Animist_staff,0,1,,,,,,,,,,,,,,,,,,,,,
1744,Epic_wpn_Bainshee_staff,Epic_wpn_Bainshee_staff,0,1,,,,,,,,,,,,,,,,,,,,,
1745,Epic_wpn_Eldritch_staff,Epic_wpn_Eldritch_staff,0,1,,,,,,,,,,,,,,,,,,,,,
1746,Epic_wpn_Enchanter_St,Epic_wpn_Enchanter_St,0,1,,,,,,,,,,,,,,,,,,,,,
1747,epic_wpn_spiritmaster_st,epic_wpn_spiritmaster_st,0,1,,,,,,,,,,,,,,,,,,,,,
1748,epic_wpn_shadowblade_axe_2h,epic_wpn_shadowblade_axe_2h,0,1,,,,,,,,,,,,,,,,,,,,,
1749,epic_wpn_shadowblade_axe_1h,epic_wpn_shadowblade_axe_1h,0,1,,,,,,,,,,,,,,,,,,,,,
1750,Epic_wpn_Theurgist_staff,Epic_wpn_Theurgist_staff,0,1,,,,,,,,,,,,,,,,,,,,,
1751,Epic_wpn_Wizard_staff,Epic_wpn_Wizard_staff,0,1,,,,,,,,,,,,,,,,,,,,,
1752,Epic_wpn_reaver_crush_1H,Epic_wpn_reaver_crush_1H,0,1,,,,,,,,,,,,,,,,,,,,,
1753,Epic_wpn_reaver_flexCS_1H,Epic_wpn_reaver_flexCS_1H,0,1,1323,1324,1325,1326,1327,1328,1329,1330,1331,1382,0,,,,,,,,,,
1754,Epic_wpn_reaver_sword_1H,Epic_wpn_reaver_sword_1H,0,1,,,,,,,,,,,,,,,,,,,,,
1755,Epic_wpn_reaver_thrust_1H,Epic_wpn_reaver_thrust_1H,0,1,,,,,,,,,,,,,,,,,,,,,
1756,Epic_wpn_Mentalist_St,Epic_wpn_Mentalist_St,0,1,,,,,,,,,,,,,,,,,,,,,
1757,Epic_wpn_Vampiir_T,Epic_wpn_Vampiir_T,0,1,,,,,,,,,,,,,,,,,,,,,
1758,Epic_wpn_Cabalist_staff,Epic_wpn_Cabalist_staff,0,1,,,,,,,,,,,,,,,,,,,,,
1759,Epic_wpn_Valewalker_Sy,Epic_wpn_Valewalker_Sy,0,1,,,,,,,,,,,,,,,,,,,,,
1760,epic_wpn_warlock_ST,epic_wpn_warlock_ST,0,1,,,,,,,,,,,,,,,,,,,,,
1761,PlayH - Gargoyle,Gargoyle_trophy,0,1,,,,,,,,,,,,1,,,,,,,,,
1762,epic_wpn_bonedancer_ST,epic_wpn_bonedancer_ST,0,1,,,,,,,,,,,,,,,,,,,,,
1763,epic_wpn_shaman_hammer_1h,epic_wpn_shaman_hammer_1h,0,1,,,,,,,,,,,,,,,,,,,,,
1764,epic_wpn_shaman_hammer_2h,epic_wpn_shaman_hammer_2h,0,1,,,,,,,,,,,,,,,,,,,,,
1765,epic_Champion_Crush_2H,epic_Champion_Crush_2H,0,1,,,,,,,,,,,,,,,,,,,,,
1766,epic_Champion_Pierce_1H,epic_Champion_Pierce_1H,0,1,,,,,,,,,,,,,,,,,,,,,
1767,epic_Champion_Slash_1H,epic_Champion_Slash_1H,0,1,,,,,,,,,,,,,,,,,,,,,
1768,epic_Champion_Slash_2H,epic_Champion_Slash_2H,0,1,,,,,,,,,,,-6,,,,,,,,,,
1769,epic_Champion_Crush_1H,epic_Champion_Crush_1H,0,1,,,,,,,,,,,,,,,,,,,,,
1770,PlayH - Belial,trophy_belial,0,1,,,,,,,,,,,,1,,,,,,,,,
1771,PlayH- Astoroth,trophy_astoroth,0,1,,,,,,,,,,,,1,,,,,,,,,
1772,Fest_Mid_TentRound,Fest_Mid_TentRound,0,1,,,,,,,,,,,,,,,,,,,,,
1773,Fest_Mid_Tentsmall,Fest_Mid_Tentsmall,0,1,,,,,,,,,,,,,,,,,,,,,
1774,Fest_N-fence1,Fest_N-fence1,0,1,,,,,,,,,,,,,,,,,,,,,
1775,Fest_refugeetent,Fest_refugeetent,0,1,,,,,,,,,,,,,,,,,,,,,
1776,Fest_Alb_Tentbig,Fest_Alb_Tentbig,0,1,,,,,,,,,,,,,,,,,,,,,
1777,Fest_Alb_TentRound,Fest_Alb_TentRound,0,1,,,,,,,,,,,,,,,,,,,,,
1778,Fest_Alb_Tentsmall,Fest_Alb_Tentsmall,0,1,,,,,,,,,,,,,,,,,,,,,
1779,Fest_cart1,Fest_cart1,0,1,,,,,,,,,,,,,,,,,,,,,
1780,Fest_Hcart,Fest_Hcart,0,1,,,,,,,,,,,,,,,,,,,,,
1781,Fest_Hib_Tentbig,Fest_Hib_Tentbig,0,1,,,,,,,,,,,,,,,,,,,,,
1782,Fest_Hib_TentRound,Fest_Hib_TentRound,0,1,,,,,,,,,,,,,,,,,,,,,
1783,Fest_Hib_Tentsmall,Fest_Hib_Tentsmall,0,1,,,,,,,,,,,,,,,,,,,,,
1784,Fest_Mid_Tentbig,Fest_Mid_Tentbig,0,1,,,,,,,,,,,,,,,,,,,,,
1785,Epic_wpn_Nightshade_T,Epic_wpn_Nightshade_T,0,1,,,,,,,,,,,,,,,,,,,,,
1786,Epic_wpn_Nightshade_S,Epic_wpn_Nightshade_S,0,1,,,,,,,,,,,,,,,,,,,,,
1787,Fest_dtrash01,Fest_dtrash01,0,1,,,,,,,,,,,,,,,,,,,,,
1788,Epic_wpn_Bard_blade_1H,Epic_wpn_Bard_blade_1H,0,1,,,,,,,,,,,,,,,,,,,,,
1789,Epic_wpn_Bard_crush_1H,Epic_wpn_Bard_crush_1H,0,1,,,,,,,,,,,,,,,,,,,,,
1790,Epic_wpn_Bard_H,Epic_wpn_Bard_H,0,1,,,,,,,,,,,,,,,,,,,,,
1791,PlayH - Utgard Trophy,trophy_utgard,0,1,,,,,,,,,,,,1,,,,,,,,,
1792,PlayH - Trophy_Admorenth,Trophy_Admorenth,0,1,,,,,,,,,,,,1,,,,,,,,,
1793,PlayH - trophy_azazel,trophy_azazel,0,1,,,,,,,,,,,,1,,,,,,,,,
1794,PlayH - Trophy_Xaphan,Trophy_Xaphan,0,1,,,,,,,,,,,,1,,,,,,,,,
1795,PlayH - Trophy_Moloch,trophy_Moloch,0,1,,,,,,,,,,,,1,,,,,,,,,
1796,Hib Role play Pitcher,RPObject_HPitcher01,0,1,,,,,,,,,,,,,,,,,,,,,
1797,Hib Role Play Mug,RPObject_HMug01,0,1,,,,,,,,,,,,,,,,,,,,,
1798,Hib Role Play Stein,RPObject_HStein01,0,1,,,,,,,,,,,,,,,,,,,,,
1799,Role Play Flowers,RPObject_flowers,0,1,,,,,,,,,,,,,,,,,,,,,
1800,Briton Role Play Stein,RPObject_BStein01,0,1,,,,,,,,,,,,,,,,,,,,,
1801,Briton Role Play Pitcher,RPObject_BPitcher01,0,1,,,,,,,,,,,,,,,,,,,,,
1802,Briton Role Play Mug,RPObject_BMug01,0,1,,,,,,,,,,,,,,,,,,,,,
1803,Mid Role Play Stein,RPObject_MStein01,0,1,,,,,,,,,,,,,,,,,,,,,
1804,Mid Role Play Pitcher,RPObject_MPitcher01,0,1,,,,,,,,,,,,,,,,,,,,,
1805,Mid Role Play Mug,RPObject_MMug01,0,1,,,,,,,,,,,,,,,,,,,,,
1806,Malice Hammer 1 Handed,TOA_V_1h_Afct_MaliceHammer01,0,1,,,,,,,,,,,,,,,,,,,,,
1807,Battler Hammer 2 handed,TOA_V_2h_Afct_BattlerHammer01,0,1,,,,,,,,,,,,,,,,,,,,,
1808,Malice Hammer 2 handed,TOA_V_2h_Afct_MaliceHammer01,0,1,,,,,,,,,,,,,,,,,,,,,
1809,Spear of the King Scythe,TOA_O_po_Afct_ScytheofKings,0,1,,,,,,,,,,,,,,,,,,,,,
1810,Croc Tooth Axe,TOA_S_1h_Afct_CrocodilesTooth01,0,1,,,,,,,,,,,,,,,,,,,,,
1811,Traitors Axe,TOA_S_1h_Afct_TraitorsAxe01,0,1,,,,,,,,,,,,,,,,,,,,,
1812,Battler Hammer 1 handed,TOA_V_1h_Afct_BattlerHammer01,0,1,,,,,,,,,,,,,,,,,,,,,
1813,rpobject_Key,rpobject_Key,0,1,,,,,,,,,,,,,,,,,,,,,
1814,rpobject_TurkeyLeg,rpobject_TurkeyLeg,0,1,,,,,,,,,,,,,,,,,,,,,
1815,stormnode,stormnode,0,1,,,,,,,,,,,,,,,,,,,,,
1816,RP_Object_RollingPin,RP_Object_RollingPin,0,1,,,,,,,,,,,,,,,,,,,,,
1817,RP_Object_Scroll,RP_Object_Scroll,0,1,,,,,,,,,,,,,,,,,,,,,
1818,BoneDancerHelm01,BoneDancerHelm01,0,4,,,,,,,,,,,,,,,,,,,2,,
1819,BoneDancerSword_2h,BoneDancerSword_2h,0,1,,,,,,,,,,,,,,,,,,,,,
1820,BoneDancerSword_1h,BoneDancerSword_1h,0,1,,,,,,,,,,,,,,,,,,,,,
1821,BoneDancerStaff,BoneDancerStaff,0,1,,,,,,,,,,,,,,,,,,,,,
1822,BoneDancerHammer_2h,BoneDancerHammer_2h,0,1,,,,,,,,,,,,,,,,,,,,,
1823,BoneDancerHammer_1h,BoneDancerHammer_1h,0,1,,,,,,,,,,,,,,,,,,,,,
1824,BoneDancerBow,BoneDancerBow,0,1,,,,,,,,,,,,,,,,,,,,,
1825,BoneDancerAx_2h,BoneDancerAx_2h,0,1,,,,,,,,,,,,,,,,,,,,,
1826,BoneDancerAx_1h,BoneDancerAx_1h,0,1,,,,,,,,,,,,,,,,,,,,,
1827,grain_sack,grain_sack,0,1,,,,,,,,,,,,,,,,,,,,,
1828,RPObject_Torch,RPObject_Torch,0,1,,,,,,,,,,,,,,,,,,,,,
1829,RPObject_Quill,RPObject_Quill,0,1,,,,,,,,,,,,,,,,,,,,,
1830,crate_prop,crate_prop,0,1,,,,,,,,,,,,,,,,,,,,,
1831,chest_prop,chest_prop,0,1,,,,,,,,,,,,,,,,,,,,,
1832,Large Relic Cauldron,r_hcauldron_large,0,0,,,,,,,,,,,,,,,,,,,,,
1833,Fist Wrap,fistwrap_null,0,1,,,,,,,,,,,,,,,,,,,,,
1834,Haystack Prop,haystack_prop,0,1,,,,,,,,,,,,,,,,,,,,,
1835,Lumber Prop,lumber_prop,0,1,,,,,,,,,,,,,,,,,,,,,
1836,Angel Statue Prop,statue_angel_prop,0,1,,,,,,,,,,,,,,,,,,,,,
1837,Dirt Prop,dirt_prop,0,1,,,,,,,,,,,,,,,,,,,,,
1838,Relic Node,relicnode,0,1,,,,,,,,,,,,,,,,,,,,,
1839,Lab Bronze_statue_broken_01,Bronze_statue_broken_01,0,6,,,,,,,,,,,,,,,,,,,,,
1840,Lab Bronze_statue_broken_02,Bronze_statue_broken_02,0,6,,,,,,,,,,,,,,,,,,,,,
1841,Lab Bronze_statue_broken_03,Bronze_statue_broken_03,0,6,,,,,,,,,,,,,,,,,,,,,
1842,Lab Bronze_statue_broken_04,Bronze_statue_broken_04,0,6,,,,,,,,,,,,,,,,,,,,,
1843,Lab Bronze_statue_broken_05,Bronze_statue_broken_05,0,6,,,,,,,,,,,,,,,,,,,,,
1844,Lab Bronze_statue_broken_06,Bronze_statue_broken_06,0,6,,,,,,,,,,,,,,,,,,,,,
1845,Lab Bronze_statue_broken_05,Bronze_statue_broken_05,0,6,,,,,,,,,,,,,,,,,,,,,
1846,Lab Bronze_statue_broken_06,Bronze_statue_broken_06,0,6,,,,,,,,,,,,,,,,,,,,,
1847,Lab Bronze_statue_broken_no_base_01,Bronze_statue_broken_no_base_01,0,6,,,,,,,,,,,,,,,,,,,,,
1848,Lab Bronze_statue_broken_no_base_02,Bronze_statue_broken_no_base_02,0,6,,,,,,,,,,,,,,,,,,,,,
1849,Lab Bronze_statue_broken_no_base_03,Bronze_statue_broken_no_base_03,0,6,,,,,,,,,,,,,,,,,,,,,
1850,Cart Prop,cart_prop,0,1,,,,,,,,,,,,,,,,,,,,,
1851,Shrub Prop,shrub_prop,0,1,,,,,,,,,,,,,,,,,,,,,
1852,Bronze_statue_01,Bronze_statue_01,0,6,,,,,,,,,,,,,,,,,,,,,
1853,Bronze_statue_02,Bronze_statue_02,0,6,,,,,,,,,,,,,,,,,,,,,
1854,Bronze_statue_03,Bronze_statue_03,0,6,,,,,,,,,,,,,,,,,,,,,
1855,Bronze_statue_04,Bronze_statue_04,0,6,,,,,,,,,,,,,,,,,,,,,
1856,Bronze_statue_05,Bronze_statue_05,0,6,,,,,,,,,,,,,,,,,,,,,
1857,Bronze_statue_06,Bronze_statue_06,0,6,,,,,,,,,,,,,,,,,,,,,
1858,Bronze_statue_07,Bronze_statue_07,0,6,,,,,,,,,,,,,,,,,,,,,
1859,Bronze_statue_08,Bronze_statue_08,0,6,,,,,,,,,,,,,,,,,,,,,
1860,Bronze_statue_09,Bronze_statue_09,0,6,,,,,,,,,,,,,,,,,,,,,
1861,Bronze_statue_no_base_01,Bronze_statue_no_base_01,0,6,,,,,,,,,,,,,,,,,,,,,
1862,Bronze_statue_no_base_02,Bronze_statue_no_base_02,0,6,,,,,,,,,,,,,,,,,,,,,
1863,Bronze_statue_no_base_03,Bronze_statue_no_base_03,0,6,,,,,,,,,,,,,,,,,,,,,
1864,Bronze_statue_no_base_04,Bronze_statue_no_base_04,0,6,,,,,,,,,,,,,,,,,,,,,
1865,Bronze_statue_no_base_05,Bronze_statue_no_base_05,0,6,,,,,,,,,,,,,,,,,,,,,
1866,Bronze_statue_no_base_06,Bronze_statue_no_base_06,0,6,,,,,,,,,,,,,,,,,,,,,
1867,Bronze_statue_no_base_07,Bronze_statue_no_base_07,0,6,,,,,,,,,,,,,,,,,,,,,
1868,Bronze_statue_no_base_08,Bronze_statue_no_base_08,0,6,,,,,,,,,,,,,,,,,,,,,
1869,Bronze_statue_no_base_09,Bronze_statue_no_base_09,0,6,,,,,,,,,,,,,,,,,,,,,
1870,Bronze_statue_rubble_01,Bronze_statue_rubble_01,0,6,,,,,,,,,,,,,,,,,,,,,
1871,Bronze_statue_rubble_02,Bronze_statue_rubble_02,0,6,,,,,,,,,,,,,,,,,,,,,
1872,Bronze_statue_rubble_03,Bronze_statue_rubble_03,0,6,,,,,,,,,,,,,,,,,,,,,
1873,Bronze_statue_rubble_04,Bronze_statue_rubble_04,0,6,,,,,,,,,,,,,,,,,,,,,
1874,Skeleton Prop,skeleton_prop,0,1,,,,,,,,,,,,,,,,,,,,,
1875,int_wall_vegasroundtable2006,int_wall_vegasroundtable2006,0,1,,,,,,,,,,,,1,,,,,,,,,
1876,Labyrinth Teleporter,Teleportation_device,0,6,,,,,,,,,,,,,,,,,,,,,
1877,Labyrinth Broken Teleporter,Teleportation_device_broken,0,6,,,,,,,,,,,,,,,,,,,,,
1878,rockpile_large_prop,rockpile_large_prop,0,1,,,,,,,,,,,,,,,,,,,,,
1879,rockpile_small_prop,rockpile_small_prop,0,1,,,,,,,,,,,,,,,,,,,,,
1880,Relic Pedestal Minotaur,Relic_pedastal_minotaur,0,1,,,,,,,,,,,,,,,,,,,,,
1881,Relic Pedestal Overland,Relic_pedastal_overland,0,1,,,,,,,,,,,,,,,,,,,,,
1882,Hib Mauler Champion Staff,ChampionWeapon_HibMauler_staff01,0,1,,,,,,,,,,,,,,,,,,,,,
1883,Hib Mauler Champion Glove,ChampionWeapon_HibMauler_Punch01,0,1,,,,,,,,,,,,,,,,,,,,,
1884,Clockwork MinoSkull Shield,Shield_clockwork_goblin,0,1,,,,,,,,,,,,,,,,,,,,,
1885,int_wall_trophy_agramon,int_wall_trophy_agramon,0,1,,,,,,,,,,,,1,,,,,,,,,
1886,int_wall_trophy_cerberus,int_wall_trophy_cerberus,0,1,,,,,,,,,,,,1,,,,,,,,,
1887,int_floor_trophy_minoconstruct,int_floor_trophy_minoconstruct,0,1,,,,,,,,,,,,1,,,,,,,,,
1888,int_floor_trophy_goblinchief,int_floor_trophy_goblinchief,0,1,,,,,,,,,,,,1,,,,,,,,,
1889,Desk and Chair Prop,desk_prop,0,1,,,,,,,,,,,,,,,,,,,,,
1890,Alb Mauler Champion Glove,ChampionWeapon_AlbMauler_Punch01,0,1,,,,,,,,,,,,,,,,,,,,,
1891,Alb Mauler Champion Staff,ChampionWeapon_AlbMauler_Staff01,0,1,,,,,,,,,,,,,,,,,,,,,
1892,Mid Mauler Champion Staff,ChampionWeapon_MidMauler_Staff01,0,1,,,,,,,,,,,,,,,,,,,,,
1893,Mid Mauler Champion Glove,ChampionWeapon_MidMauler_Punch01,0,1,,,,,,,,,,,,,,,,,,,,,
1894,Destroyed Desk and Chair Prop,desk_destroyed_prop,0,1,,,,,,,,,,,,,,,,,,,,,
1895,Lab_Flex_thrust,Lab_Flex_thrust,0,1,1323,1324,1325,1326,1327,1328,1329,1330,1331,1382,0,,,,,,,,,,
1896,Lab_Flex_slash,Lab_Flex_slash,0,1,1323,1324,1325,1326,1327,1328,1329,1330,1331,1382,0,,,,,,,,,,
1897,Lab_Flex_blunt,Lab_Flex_blunt,0,1,1323,1324,1325,1326,1327,1328,1329,1330,1331,1382,0,,,,,,,,,,
1898,Lab_crossbow,Lab_crossbow,0,1,,,,,,,,,,,,,,,,,,,,,
1899,Lab_2h_sword_thrust,Lab_2h_sword_thrust,0,1,,,,,,,,,,,,,,,,,,,,,
1900,Lab_2h_sword_slash,Lab_2h_sword_slash,0,1,,,,,,,,,,,,,,,,,,,,,
1901,Lab_2h_spear_thrust,Lab_2h_spear_thrust,0,1,,,,,,,,,,,,,,,,,,,,,
1902,Lab_2h_spear_slash,Lab_2h_spear_slash,0,1,,,,,,,,,,,,,,,,,,,,,
1903,Lab_2h_hammer_blunt,Lab_2h_hammer_blunt,0,1,,,,,,,,,,,,,,,,,,,,,
1904,Lab_2h_axe,Lab_2h_axe,0,1,,,,,,,,,,,,,,,,,,,,,
1905,Lab_shortbow,Lab_shortbow,0,1,,,,,,,,,,,,,,,,,,,,,
1906,Lab_longbow,Lab_longbow,0,1,,,,,,,,,,,,,,,,,,,,,
1907,Lab_scythe,Lab_scythe,0,1,,,,,,,,,,,,,,,,,,,,,
1908,Lab_quarterstaff,Lab_quarterstaff,0,1,,,,,,,,,,,,,,,,,,,,,
1909,Lab_magicstaff,Lab_magicstaff,0,1,,,,,,,,,,,,,,,,,,,,,
1910,Lab_XLarge_shield,Lab_Shield_XLarge,0,1,,,,,,,,,,,,,,,,,,,,,
1911,Lab_Large_shield,Lab_Shield_Large,0,1,,,,,,,,,,,,,,,,,,,,,
1912,Lab_Small_shield,Lab_Shield_Small,0,1,,,,,,,,,,,,,,,,,,,,,
1913,Lab_pole-arm_thrust,Lab_pole-arm_thrust,0,1,,,,,,,,,,,,,,,,,,,,,
1914,Lab_pole-arm_slash,Lab_pole-arm_slash,0,1,,,,,,,,,,,,,,,,,,,,,
1915,Lab_pole-arm_blunt,Lab_pole-arm_blunt,0,1,,,,,,,,,,,,,,,,,,,,,
1916,Lab_1h_sword_slash_offhand,Lab_1h_sword_slash_offhand,0,1,,,,,,,,,,,,,,,,,,,,,
1917,Lab_1h_sword_slash_mainhand,Lab_1h_sword_slash_mainhand,0,1,,,,,,,,,,,,,,,,,,,,,
1918,Lab_1h_hammer_blunt_offhand,Lab_1h_hammer_blunt_offhand,0,1,,,,,,,,,,,,,,,,,,,,,
1919,Lab_1h_hammer_blunt_mainhand,Lab_1h_hammer_blunt_mainhand,0,1,,,,,,,,,,,,,,,,,,,,,
1920,Lab_1h_sword_thrust_offhand,Lab_1h_sword_thrust_offhand,0,1,,,,,,,,,,,,,,,,,,,,,
1921,Lab_1h_sword_thrust_mainhand,Lab_1h_sword_thrust_mainhand,0,1,,,,,,,,,,,,,,,,,,,,,
1922,Lab_1h_axe_offhand,Lab_1h_axe_offhand,0,1,,,,,,,,,,,,,,,,,,,,,
1923,Lab_1h_axe_mainhand,Lab_1h_axe_mainhand,0,1,,,,,,,,,,,,,,,,,,,,,
1924,Lab_handtohand_slash_offhand,Lab_handtohand_slash_offhand,0,1,,,,,,,,,,,,,,,,,,,,,
1925,Lab_handtohand_slash_mainhand,Lab_handtohand_slash_mainhand,0,1,,,,,,,,,,,,,,,,,,,,,
1926,Lab_handtohand_blunt_offhand,Lab_handtohand_blunt_offhand,0,1,,,,,,,,,,,,,,,,,,,,,
1927,Lab_handtohand_blunt_mainhand,Lab_handtohand_blunt_mainhand,0,1,,,,,,,,,,,,,,,,,,,,,
1928,Lab_handtohand_thrust_offhand,Lab_handtohand_thrust_offhand,0,1,,,,,,,,,,,,,,,,,,,,,
1929,Lab_handtohand_thrust_mainhand,Lab_handtohand_thrust_mainhand,0,1,,,,,,,,,,,,,,,,,,,,,
1930,Lab Harp,Lab_harp,0,1,,,,,,,,,,,,,,,,,,,,,
1931,Clas_Alb_HorseTrophy_5Years,Clas_Alb_HorseTrophy_5Years,0,1,,,,,,,,,,,,1,,,,,,,,,
1932,Clas_Hib_HorseTrophy_5Years,Clas_Hib_HorseTrophy_5Years,0,1,,,,,,,,,,,,1,,,,,,,,,
1933,Clas_Mid_HorseTrophy_5Years,Clas_Mid_HorseTrophy_5Years,0,1,,,,,,,,,,,,1,,,,,,,,,
1934,Dracolich_Trophy,Dracolich_Trophy,0,1,,,,,,,,,,,,1,,,,,,,,,
1935,5 Year Camelot Shield,Int_wall_5yrshield,0,1,,,,,,,,,,,,1,,,,,,,,,
1936,Lab_scorched_Flex_thrust,Lab_scorched_Flex_thrust,0,1,1323,1324,1325,1326,1327,1328,1329,1330,1331,1382,0,,,,,,,,,,
1937,Lab_scorched_Flex_slash,Lab_scorched_Flex_slash,0,1,1323,1324,1325,1326,1327,1328,1329,1330,1331,1382,0,,,,,,,,,,
1938,Lab_scorched_Flex_blunt,Lab_scorched_Flex_blunt,0,1,1323,1324,1325,1326,1327,1328,1329,1330,1331,1382,0,,,,,,,,,,
1939,Lab_scorched_crossbow,Lab_scorched_crossbow,0,1,,,,,,,,,,,,,,,,,,,,,
1940,Lab_scorched_shortbow,Lab_scorched_shortbow,0,1,,,,,,,,,,,,,,,,,,,,,
1941,Lab_scorched_longbow,Lab_scorched_longbow,0,1,,,,,,,,,,,,,,,,,,,,,
1942,Lab_scorched_2h_sword_thrust,Lab_scorched_2h_sword_thrust,0,1,,,,,,,,,,,,,,,,,,,,,
1943,Lab_scorched_2h_sword_slash,Lab_scorched_2h_sword_slash,0,1,,,,,,,,,,,,,,,,,,,,,
1944,Lab_scorched_2h_hammer_blunt,Lab_scorched_2h_hammer_blunt,0,1,,,,,,,,,,,,,,,,,,,,,
1945,Lab_scorched_2h_axe,Lab_scorched_2h_axe,0,1,,,,,,,,,,,,,,,,,,,,,
1946,Lab_scorched_Shield_XLarge,Lab_scorched_Shield_XLarge,0,1,,,,,,,,,,,,,,,,,,,,,
1947,Lab_scorched_Shield_Small,Lab_scorched_Shield_Small,0,1,,,,,,,,,,,,,,,,,,,,,
1948,Lab_scorched_Shield_Large,Lab_scorched_Shield_Large,0,1,,,,,,,,,,,,,,,,,,,,,
1949,Lab_scorched_scythe,Lab_scorched_scythe,0,1,,,,,,,,,,,,,,,,,,,,,
1950,Lab_scorched_quarterstaff,Lab_scorched_quarterstaff,0,1,,,,,,,,,,,,,,,,,,,,,
1951,Lab_scorched_2h_spear_thrust,Lab_scorched_2h_spear_thrust,0,1,,,,,,,,,,,,,,,,,,,,,
1952,Lab_scorched_pole-arm_thrust,Lab_scorched_pole-arm_thrust,0,1,,,,,,,,,,,,,,,,,,,,,
1953,Lab_scorched_2h_spear_slash,Lab_scorched_2h_spear_slash,0,1,,,,,,,,,,,,,,,,,,,,,
1954,Lab_scorched_pole-arm_slash,Lab_scorched_pole-arm_slash,0,1,,,,,,,,,,,,,,,,,,,,,
1955,Lab_scorched_pole-arm_blunt,Lab_scorched_pole-arm_blunt,0,1,,,,,,,,,,,,,,,,,,,,,
1956,Lab_scorched_1h_sword_thrust_offhand,Lab_scorched_1h_sword_thrust_offhand,0,1,,,,,,,,,,,,,,,,,,,,,
1957,Lab_scorched_1h_sword_slash_offhand,Lab_scorched_1h_sword_slash_offhand,0,1,,,,,,,,,,,,,,,,,,,,,
1958,Lab_scorched_1h_hammer_blunt_offhand,Lab_scorched_1h_hammer_blunt_offhand,0,1,,,,,,,,,,,,,,,,,,,,,
1959,Lab_scorched_1h_axe_offhand,Lab_scorched_1h_axe_offhand,0,1,,,,,,,,,,,,,,,,,,,,,
1960,Lab_scorched_1h_sword_thrust_mainhand,Lab_scorched_1h_sword_thrust_mainhand,0,1,,,,,,,,,,,,,,,,,,,,,
1961,Lab_scorched_1h_sword_slash_mainhand,Lab_scorched_1h_sword_slash_mainhand,0,1,,,,,,,,,,,,,,,,,,,,,
1962,Lab_scorched_1h_hammer_blunt_mainhand,Lab_scorched_1h_hammer_blunt_mainhand,0,1,,,,,,,,,,,,,,,,,,,,,
1963,Lab_scorched_1h_axe_mainhand,Lab_scorched_1h_axe_mainhand,0,1,,,,,,,,,,,,,,,,,,,,,
1964,Lab_scorched_magicstaff,Lab_scorched_magicstaff,0,1,,,,,,,,,,,,,,,,,,,,,
1965,Lab_scorched_harp,Lab_scorched_harp,0,1,,,,,,,,,,,,,,,,,,,,,
1966,Lab_scorched_handtohand_thrust_offhand,Lab_scorched_handtohand_thrust_offhand,0,1,,,,,,,,,,,,,,,,,,,,,
1967,Lab_scorched_handtohand_thrust_mainhand,Lab_scorched_handtohand_thrust_mainhand,0,1,,,,,,,,,,,,,,,,,,,,,
1968,Lab_scorched_handtohand_slash_offhand,Lab_scorched_handtohand_slash_offhand,0,1,,,,,,,,,,,,,,,,,,,,,
1969,Lab_scorched_handtohand_slash_mainhand,Lab_scorched_handtohand_slash_mainhand,0,1,,,,,,,,,,,,,,,,,,,,,
1970,Lab_scorched_handtohand_blunt_offhand,Lab_scorched_handtohand_blunt_offhand,0,1,,,,,,,,,,,,,,,,,,,,,
1971,Lab_scorched_handtohand_blunt_mainhand,Lab_scorched_handtohand_blunt_mainhand,0,1,,,,,,,,,,,,,,,,,,,,,
1972,Mauler Unlock Trophy,Int_mauler_unlock,0,1,,,,,,,,,,,,1,,,,,,,,,
1973,Broken Seal Prop,broken_seal_prop,0,1,,,,,,,,,,,,,,,,,,,,,
1974,Hibernian Dragon Egg,egg_dragon_h,0,1,,,,,,,,,,,,,,,,,,,,,
1975,Midgard Dragon Egg,egg_dragon_m,0,1,,,,,,,,,,,,,,,,,,,,,
1976,Albion Dragon Egg,egg_dragon_a,0,1,,,,,,,,,,,,,,,,,,,,,
1977,Charred Skeleton Prop,skeleton_charred_prop,0,1,,,,,,,,,,,,,,,,,,,,,
1978,Broken Alb Dragon Egg,egg_dragon_a_broken,0,1,,,,,,,,,,,,,,,,,,,,,
1979,Cracked Alb Dragon Egg,egg_dragon_a_cracked,0,1,,,,,,,,,,,,,,,,,,,,,
1980,Broken Hib Dragon Egg,egg_dragon_h_broken,0,1,,,,,,,,,,,,,,,,,,,,,
1981,Cracked Hib Dragon Egg,egg_dragon_h_cracked,0,1,,,,,,,,,,,,,,,,,,,,,
1982,Broken Mid Dragon Egg,egg_dragon_m_broken,0,1,,,,,,,,,,,,,,,,,,,,,
1983,Cracked Mid Dragon Egg,egg_dragon_m_cracked,0,1,,,,,,,,,,,,,,,,,,,,,
1984,Saw Horse Prop,sawhorse_prop,0,1,,,,,,,,,,,,,,,,,,,,,
1985,Small Scaffolding Prop,scaffolding_01_prop,0,1,,,,,,,,,,,,,,,,,,,,,
1986,Medium Scaffolding Prop,scaffolding_02_prop,0,1,,,,,,,,,,,,,,,,,,,,,
1987,Large Scaffolding Prop,scaffolding_03_prop,0,1,,,,,,,,,,,,,,,,,,,,,
1988,ADR_DragonSworn_bow_short,ADR_DragonSworn_bow_short,0,1,,,,,,,,,,,,,,,,,,,,,
1989,ADR_DragonSworn_Flex_thrust,ADR_DragonSworn_Flex_thrust,0,1,1323,1324,1325,1326,1327,1328,1329,1330,1331,1382,,,,,,,,,,,
1990,ADR_DragonSworn_Flex_slash,ADR_DragonSworn_Flex_slash,0,1,1323,1324,1325,1326,1327,1328,1329,1330,1331,1382,,,,,,,,,,,
1991,ADR_DragonSworn_Flex_blunt,ADR_DragonSworn_Flex_blunt,0,1,1323,1324,1325,1326,1327,1328,1329,1330,1331,1382,,,,,,,,,,,
1992,ADR_DragonSworn_handtohand_blunt_mainhand,ADR_DragonSworn_handtohand_blunt_mainhand,0,1,,,,,,,,,,,,,,,,,,,,,
1993,ADR_DragonSworn_handtohand_blunt_offhand,ADR_DragonSworn_handtohand_blunt_offhand,0,1,,,,,,,,,,,,,,,,,,,,,
1994,ADR_DragonSworn_handtohand_slash_mainhand,ADR_DragonSworn_handtohand_slash_mainhand,0,1,,,,,,,,,,,,,,,,,,,,,
1995,ADR_DragonSworn_handtohand_slash_offhand,ADR_DragonSworn_handtohand_slash_offhand,0,1,,,,,,,,,,,,,,,,,,,,,
1996,ADR_DragonSworn_handtohand_thrust_mainhand,ADR_DragonSworn_handtohand_thrust_mainhand,0,1,,,,,,,,,,,,,,,,,,,,,
1997,ADR_DragonSworn_handtohand_thrust_offhand,ADR_DragonSworn_handtohand_thrust_offhand,0,1,,,,,,,,,,,,,,,,,,,,,
1998,ADR_DragonSworn_lute,ADR_DragonSworn_lute,0,1,,,,,,,,,,,,,,,,,,,,,
1999,ADR_DragonSworn_magicstaff,ADR_DragonSworn_magicstaff,0,1,,,,,,,,,,,,,,,,,,,,,
2000,ADR_DragonSworn_pole-arm_blunt,ADR_DragonSworn_pole-arm_blunt,0,1,,,,,,,,,,,,,,,,,,,,,
2001,ADR_DragonSworn_pole-arm_spear_slash,ADR_DragonSworn_pole-arm_spear_slash,0,1,,,,,,,,,,,,,,,,,,,,,
2002,ADR_DragonSworn_pole-arm_spear_thrust,ADR_DragonSworn_pole-arm_spear_thrust,0,1,,,,,,,,,,,,,,,,,,,,,
2003,ADR_DragonSworn_quarterstaff,ADR_DragonSworn_quarterstaff,0,1,,,,,,,,,,,,,,,,,,,,,
2004,ADR_DragonSworn_scythe,ADR_DragonSworn_scythe,0,1,,,,,,,,,,,,,,,,,,,,,
2005,ADR_DragonSworn_Shield_Large,ADR_DragonSworn_Shield_Large,0,1,,,,,,,,,,,,,,,,,,,,,
2006,ADR_DragonSworn_Shield_Medium,ADR_DragonSworn_Shield_Medium,0,1,,,,,,,,,,,,,,,,,,,,,
2007,ADR_DragonSworn_Shield_Small,ADR_DragonSworn_Shield_Small,0,1,,,,,,,,,,,,,,,,,,,,,
2008,ADR_DragonSworn_1h_axe_mainhand,ADR_DragonSworn_1h_axe_mainhand,0,1,,,,,,,,,,,,,,,,,,,,,
2009,ADR_DragonSworn_1h_axe_offhand,ADR_DragonSworn_1h_axe_offhand,0,1,,,,,,,,,,,,,,,,,,,,,
2010,ADR_DragonSworn_1h_hammer_blunt_mainhand,ADR_DragonSworn_1h_hammer_blunt_mainhand,0,1,,,,,,,,,,,,,,,,,,,,,
2011,ADR_DragonSworn_1h_hammer_blunt_offhand,ADR_DragonSworn_1h_hammer_blunt_offhand,0,1,,,,,,,,,,,,,,,,,,,,,
2012,ADR_DragonSworn_1h_sword_slash_mainhand,ADR_DragonSworn_1h_sword_slash_mainhand,0,1,,,,,,,,,,,,,,,,,,,,,
2013,ADR_DragonSworn_1h_sword_slash_offhand,ADR_DragonSworn_1h_sword_slash_offhand,0,1,,,,,,,,,,,,,,,,,,,,,
2014,ADR_DragonSworn_1h_sword_thrust_mainhand,ADR_DragonSworn_1h_sword_thrust_mainhand,0,1,,,,,,,,,,,,,,,,,,,,,
2015,ADR_DragonSworn_1h_sword_thrust_offhand,ADR_DragonSworn_1h_sword_thrust_offhand,0,1,,,,,,,,,,,,,,,,,,,,,
2016,ADR_DragonSworn_2h_axe,ADR_DragonSworn_2h_axe,0,1,,,,,,,,,,,,,,,,,,,,,
2017,ADR_DragonSworn_2h_hammer_blunt,ADR_DragonSworn_2h_hammer_blunt,0,1,,,,,,,,,,,,,,,,,,,,,
2018,ADR_DragonSworn_2h_sword_slash,ADR_DragonSworn_2h_sword_slash,0,1,,,,,,,,,,,,,,,,,,,,,
2019,ADR_DragonSworn_2h_sword_thrust,ADR_DragonSworn_2h_sword_thrust,0,1,,,,,,,,,,,,,,,,,,,,,
2020,ADR_DragonSworn_bow_cross,ADR_DragonSworn_bow_cross,0,1,,,,,,,,,,,,,,,,,,,,,
2021,ADR_DragonSworn_bow_long,ADR_DragonSworn_bow_long,0,1,,,,,,,,,,,,,,,,,,,,,
2022,Burned Lumber Prop 2,lumber_burned_02_prop,0,1,,,,,,,,,,,,,,,,,,,,,
2023,Burned Lumber Prop 1,lumber_burned_01_prop,0,1,,,,,,,,,,,,,,,,,,,,,
2024,Plagued Skeleton Prop,skeleton_plagued_prop,0,1,,,,,,,,,,,,,,,,,,,,,
2025,Frozen Skeleton Prop,skeleton_frozen_prop,0,1,,,,,,,,,,,,,,,,,,,,,
2026,Single Log Prop,log_prop,0,1,,,,,,,,,,,,,,,,,,,,,
2027,Sign Prop Medal of Honor,sign_moa_prop,0,1,,,,,,,,,,,,,,,,,,,,,
2028,Sign Prop Need for Speed,sign_nfsc_prop,0,1,,,,,,,,,,,,,,,,,,,,,
2029,Sign Prop Sim City,sign_sserf_prop,0,1,,,,,,,,,,,,,,,,,,,,,
2030,Sign Prop Army of Two,sign_aotwo_prop,0,1,,,,,,,,,,,,,,,,,,,,,
2031,Sign Prop BF1042,sign_bf1042_prop,0,1,,,,,,,,,,,,,,,,,,,,,
2032,Sign Prop Madden,sign_mcmadden_prop,0,1,,,,,,,,,,,,,,,,,,,,,
2033,Test Quiver,ADR_DragonSworn_quiver,0,1,,,,,,,,,,,,,,,,,,,,,
2034,Ice Block Prop,ice_block_nocollide_prop,0,1,,,,,,,,,,,,,,,,,,,,,
2035,Cot Prop,cot_prop,0,1,,,,,,,,,,,,,,,,,,,,,
2036,int_wall_trophy_mid_dragon_02,int_wall_trophy_mid_dragon_02,0,1,,,,,,,,,,,,1,,,,,,,,,
2037,int_wall_trophy_hib_dragon_02,int_wall_trophy_hib_dragon_02,0,1,,,,,,,,,,,,1,,,,,,,,,
2038,int_wall_trophy_alb_dragon_02,int_wall_trophy_alb_dragon_02,0,1,,,,,,,,,,,,1,,,,,,,,,
2039,ADR_DragonSlayer_Hib_Flex_blunt,ADR_DragonSlayer_Hib_Flex_blunt,0,1,1323,1324,1325,1326,1327,1328,1329,1330,1331,1382,,,,,,,,,,,
2040,ADR_DragonSlayer_Hib_bow_short,ADR_DragonSlayer_Hib_bow_short,0,1,,,,,,,,,,,,,,,,,,,,,
2041,ADR_DragonSlayer_Hib_bow_long,ADR_DragonSlayer_Hib_bow_long,0,1,,,,,,,,,,,,,,,,,,,,,
2042,ADR_DragonSlayer_Hib_bow_cross,ADR_DragonSlayer_Hib_bow_cross,0,1,,,,,,,,,,,,,,,,,,,,,
2043,ADR_DragonSlayer_Hib_2h_sword_thrust,ADR_DragonSlayer_Hib_2h_sword_thrust,0,1,,,,,,,,,,,,,,,,,,,,,
2044,ADR_DragonSlayer_Hib_2h_sword_slash,ADR_DragonSlayer_Hib_2h_sword_slash,0,1,,,,,,,,,,,,,,,,,,,,,
2045,ADR_DragonSlayer_Hib_2h_hammer_blunt,ADR_DragonSlayer_Hib_2h_hammer_blunt,0,1,,,,,,,,,,,,,,,,,,,,,
2046,ADR_DragonSlayer_Hib_2h_axe,ADR_DragonSlayer_Hib_2h_axe,0,1,,,,,,,,,,,,,,,,,,,,,
2047,ADR_DragonSlayer_Hib_1h_sword_thrust_offhand,ADR_DragonSlayer_Hib_1h_sword_thrust_offhand,0,1,,,,,,,,,,,,,,,,,,,,,
2048,ADR_DragonSlayer_Hib_1h_sword_thrust_mainhand,ADR_DragonSlayer_Hib_1h_sword_thrust_mainhand,0,1,,,,,,,,,,,,,,,,,,,,,
2049,ADR_DragonSlayer_Hib_1h_sword_slash_offhand,ADR_DragonSlayer_Hib_1h_sword_slash_offhand,0,1,,,,,,,,,,,,,,,,,,,,,
2050,ADR_DragonSlayer_Hib_1h_sword_slash_mainhand,ADR_DragonSlayer_Hib_1h_sword_slash_mainhand,0,1,,,,,,,,,,,,,,,,,,,,,
2051,ADR_DragonSlayer_Hib_1h_hammer_blunt_offhand,ADR_DragonSlayer_Hib_1h_hammer_blunt_offhand,0,1,,,,,,,,,,,,,,,,,,,,,
2052,ADR_DragonSlayer_Hib_1h_hammer_blunt_mainhand,ADR_DragonSlayer_Hib_1h_hammer_blunt_mainhand,0,1,,,,,,,,,,,,,,,,,,,,,
2053,ADR_DragonSlayer_Hib_1h_axe_offhand,ADR_DragonSlayer_Hib_1h_axe_offhand,0,1,,,,,,,,,,,,,,,,,,,,,
2054,ADR_DragonSlayer_Hib_1h_axe_mainhand,ADR_DragonSlayer_Hib_1h_axe_mainhand,0,1,,,,,,,,,,,,,,,,,,,,,
2055,ADR_DragonSlayer_Hib_Shield_Small,ADR_DragonSlayer_Hib_Shield_Small,0,1,,,,,,,,,,,,,,,,,,,,,
2056,ADR_DragonSlayer_Hib_Shield_Medium,ADR_DragonSlayer_Hib_Shield_Medium,0,1,,,,,,,,,,,,,,,,,,,,,
2057,ADR_DragonSlayer_Hib_Shield_Large,ADR_DragonSlayer_Hib_Shield_Large,0,1,,,,,,,,,,,,,,,,,,,,,
2058,ADR_DragonSlayer_Hib_scythe,ADR_DragonSlayer_Hib_scythe,0,1,,,,,,,,,,,,,,,,,,,,,
2059,ADR_DragonSlayer_Hib_quiver,ADR_DragonSlayer_Hib_quiver,0,1,,,,,,,,,,,,,,,,,,,,,
2060,ADR_DragonSlayer_Hib_quarterstaff,ADR_DragonSlayer_Hib_quarterstaff,0,1,,,,,,,,,,,,,,,,,,,,,
2061,ADR_DragonSlayer_Hib_pole-arm_spear_thrust,ADR_DragonSlayer_Hib_pole-arm_spear_thrust,0,1,,,,,,,,,,,,,,,,,,,,,
2062,ADR_DragonSlayer_Hib_pole-arm_spear_slash,ADR_DragonSlayer_Hib_pole-arm_spear_slash,0,1,,,,,,,,,,,,,,,,,,,,,
2063,ADR_DragonSlayer_Hib_pole-arm_blunt,ADR_DragonSlayer_Hib_pole-arm_blunt,0,1,,,,,,,,,,,,,,,,,,,,,
2064,ADR_DragonSlayer_Hib_magicstaff,ADR_DragonSlayer_Hib_magicstaff,0,1,,,,,,,,,,,,,,,,,,,,,
2065,ADR_DragonSlayer_Hib_harp,ADR_DragonSlayer_Hib_harp,0,1,,,,,,,,,,,,,,,,,,,,,
2066,ADR_DragonSlayer_Hib_h2h_thrust_offhand,ADR_DragonSlayer_Hib_h2h_thrust_offhand,0,1,,,,,,,,,,,,,,,,,,,,,
2067,ADR_DragonSlayer_Hib_h2h_thrust_mainhand,ADR_DragonSlayer_Hib_h2h_thrust_mainhand,0,1,,,,,,,,,,,,,,,,,,,,,
2068,ADR_DragonSlayer_Hib_h2h_slash_offhand,ADR_DragonSlayer_Hib_h2h_slash_offhand,0,1,,,,,,,,,,,,,,,,,,,,,
2069,ADR_DragonSlayer_Hib_h2h_slash_mainhand,ADR_DragonSlayer_Hib_h2h_slash_mainhand,0,1,,,,,,,,,,,,,,,,,,,,,
2070,ADR_DragonSlayer_Hib_h2h_blunt_offhand,ADR_DragonSlayer_Hib_h2h_blunt_offhand,0,1,,,,,,,,,,,,,,,,,,,,,
2071,ADR_DragonSlayer_Hib_h2h_blunt_mainhand,ADR_DragonSlayer_Hib_h2h_blunt_mainhand,0,1,,,,,,,,,,,,,,,,,,,,,
2072,ADR_DragonSlayer_Hib_Flex_thrust,ADR_DragonSlayer_Hib_Flex_thrust,0,1,1323,1324,1325,1326,1327,1328,1329,1330,1331,1382,,,,,,,,,,,
2073,ADR_DragonSlayer_Hib_Flex_slash,ADR_DragonSlayer_Hib_Flex_slash,0,1,1323,1324,1325,1326,1327,1328,1329,1330,1331,1382,,,,,,,,,,,
2074,crystal_purple_prop,crystal_purple_prop,,1,,,,,,,,,,,,,,,,,,,,,
2075,crystal_yellow_prop,crystal_yellow_prop,,1,,,,,,,,,,,,,,,,,,,,,
2076,crystal_blue_prop,crystal_blue_prop,,1,,,,,,,,,,,,,,,,,,,,,
2077,crystal_green_prop,crystal_green_prop,,1,,,,,,,,,,,,,,,,,,,,,
2078,ADR_DragonSlayer_Mid_Flex_blunt,ADR_DragonSlayer_Mid_Flex_blunt,0,1,1323,1324,1325,1326,1327,1328,1329,1330,1331,1382,,,,,,,,,,,
2079,ADR_DragonSlayer_Mid_bow_short,ADR_DragonSlayer_Mid_bow_short,0,1,,,,,,,,,,,,,,,,,,,,,
2080,ADR_DragonSlayer_Mid_bow_long,ADR_DragonSlayer_Mid_bow_long,0,1,,,,,,,,,,,,,,,,,,,,,
2081,ADR_DragonSlayer_Mid_bow_cross,ADR_DragonSlayer_Mid_bow_cross,0,1,,,,,,,,,,,,,,,,,,,,,
2082,ADR_DragonSlayer_Mid_2h_sword_thrust,ADR_DragonSlayer_Mid_2h_sword_thrust,0,1,,,,,,,,,,,,,,,,,,,,,
2083,ADR_DragonSlayer_Mid_2h_sword_slash,ADR_DragonSlayer_Mid_2h_sword_slash,0,1,,,,,,,,,,,,,,,,,,,,,
2084,ADR_DragonSlayer_Mid_2h_hammer_blunt,ADR_DragonSlayer_Mid_2h_hammer_blunt,0,1,,,,,,,,,,,,,,,,,,,,,
2085,ADR_DragonSlayer_Mid_2h_axe,ADR_DragonSlayer_Mid_2h_axe,0,1,,,,,,,,,,,,,,,,,,,,,
2086,ADR_DragonSlayer_Mid_1h_sword_thrust_offhand,ADR_DragonSlayer_Mid_1h_sword_thrust_offhand,0,1,,,,,,,,,,,,,,,,,,,,,
2087,ADR_DragonSlayer_Mid_1h_sword_thrust_mainhand,ADR_DragonSlayer_Mid_1h_sword_thrust_mainhand,0,1,,,,,,,,,,,,,,,,,,,,,
2088,ADR_DragonSlayer_Mid_1h_sword_slash_offhand,ADR_DragonSlayer_Mid_1h_sword_slash_offhand,0,1,,,,,,,,,,,,,,,,,,,,,
2089,ADR_DragonSlayer_Mid_1h_sword_slash_mainhand,ADR_DragonSlayer_Mid_1h_sword_slash_mainhand,0,1,,,,,,,,,,,,,,,,,,,,,
2090,ADR_DragonSlayer_Mid_1h_hammer_blunt_offhand,ADR_DragonSlayer_Mid_1h_hammer_blunt_offhand,0,1,,,,,,,,,,,,,,,,,,,,,
2091,ADR_DragonSlayer_Mid_1h_hammer_blunt_mainhand,ADR_DragonSlayer_Mid_1h_hammer_blunt_mainhand,0,1,,,,,,,,,,,,,,,,,,,,,
2092,ADR_DragonSlayer_Mid_1h_axe_offhand,ADR_DragonSlayer_Mid_1h_axe_offhand,0,1,,,,,,,,,,,,,,,,,,,,,
2093,ADR_DragonSlayer_Mid_1h_axe_mainhand,ADR_DragonSlayer_Mid_1h_axe_mainhand,0,1,,,,,,,,,,,,,,,,,,,,,
2094,ADR_DragonSlayer_Mid_Shield_Small,ADR_DragonSlayer_Mid_Shield_Small,0,1,,,,,,,,,,,,,,,,,,,,,
2095,ADR_DragonSlayer_Mid_Shield_Medium,ADR_DragonSlayer_Mid_Shield_Medium,0,1,,,,,,,,,,,,,,,,,,,,,
2096,ADR_DragonSlayer_Mid_Shield_Large,ADR_DragonSlayer_Mid_Shield_Large,0,1,,,,,,,,,,,,,,,,,,,,,
2097,ADR_DragonSlayer_Mid_scythe,ADR_DragonSlayer_Mid_scythe,0,1,,,,,,,,,,,,,,,,,,,,,
2098,ADR_DragonSlayer_Mid_quiver,ADR_DragonSlayer_Mid_quiver,0,1,,,,,,,,,,,,,,,,,,,,,
2099,ADR_DragonSlayer_Mid_quarterstaff,ADR_DragonSlayer_Mid_quarterstaff,0,1,,,,,,,,,,,,,,,,,,,,,
2100,ADR_DragonSlayer_Mid_pole-arm_spear_thrust,ADR_DragonSlayer_Mid_pole-arm_spear_thrust,0,1,,,,,,,,,,,,,,,,,,,,,
2101,ADR_DragonSlayer_Mid_pole-arm_spear_slash,ADR_DragonSlayer_Mid_pole-arm_spear_slash,0,1,,,,,,,,,,,,,,,,,,,,,
2102,ADR_DragonSlayer_Mid_pole-arm_blunt,ADR_DragonSlayer_Mid_pole-arm_blunt,0,1,,,,,,,,,,,,,,,,,,,,,
2103,ADR_DragonSlayer_Mid_magicstaff,ADR_DragonSlayer_Mid_magicstaff,0,1,,,,,,,,,,,,,,,,,,,,,
2104,ADR_DragonSlayer_Mid_harp,ADR_DragonSlayer_Mid_harp,0,1,,,,,,,,,,,,,,,,,,,,,
2105,ADR_DragonSlayer_Mid_h2h_thrust_offhand,ADR_DragonSlayer_Mid_h2h_thrust_offhand,0,1,,,,,,,,,,,,,,,,,,,,,
2106,ADR_DragonSlayer_Mid_h2h_thrust_mainhand,ADR_DragonSlayer_Mid_h2h_thrust_mainhand,0,1,,,,,,,,,,,,,,,,,,,,,
2107,ADR_DragonSlayer_Mid_h2h_slash_offhand,ADR_DragonSlayer_Mid_h2h_slash_offhand,0,1,,,,,,,,,,,,,,,,,,,,,
2108,ADR_DragonSlayer_Mid_h2h_slash_mainhand,ADR_DragonSlayer_Mid_h2h_slash_mainhand,0,1,,,,,,,,,,,,,,,,,,,,,
2109,ADR_DragonSlayer_Mid_h2h_blunt_offhand,ADR_DragonSlayer_Mid_h2h_blunt_offhand,0,1,,,,,,,,,,,,,,,,,,,,,
2110,ADR_DragonSlayer_Mid_h2h_blunt_mainhand,ADR_DragonSlayer_Mid_h2h_blunt_mainhand,0,1,,,,,,,,,,,,,,,,,,,,,
2111,ADR_DragonSlayer_Mid_Flex_thrust,ADR_DragonSlayer_Mid_Flex_thrust,0,1,1323,1324,1325,1326,1327,1328,1329,1330,1331,1382,,,,,,,,,,,
2112,ADR_DragonSlayer_Mid_Flex_slash,ADR_DragonSlayer_Mid_Flex_slash,0,1,1323,1324,1325,1326,1327,1328,1329,1330,1331,1382,,,,,,,,,,,
2113,ADR_DragonSlayer_Alb_Flex_blunt,ADR_DragonSlayer_Alb_Flex_blunt,0,1,1323,1324,1325,1326,1327,1328,1329,1330,1331,1382,,,,,,,,,,,
2114,ADR_DragonSlayer_Alb_bow_short,ADR_DragonSlayer_Alb_bow_short,0,1,,,,,,,,,,,,,,,,,,,,,
2115,ADR_DragonSlayer_Alb_bow_long,ADR_DragonSlayer_Alb_bow_long,0,1,,,,,,,,,,,,,,,,,,,,,
2116,ADR_DragonSlayer_Alb_bow_cross,ADR_DragonSlayer_Alb_bow_cross,0,1,,,,,,,,,,,,,,,,,,,,,
2117,ADR_DragonSlayer_Alb_2h_sword_thrust,ADR_DragonSlayer_Alb_2h_sword_thrust,0,1,,,,,,,,,,,,,,,,,,,,,
2118,ADR_DragonSlayer_Alb_2h_sword_slash,ADR_DragonSlayer_Alb_2h_sword_slash,0,1,,,,,,,,,,,,,,,,,,,,,
2119,ADR_DragonSlayer_Alb_2h_hammer_blunt,ADR_DragonSlayer_Alb_2h_hammer_blunt,0,1,,,,,,,,,,,,,,,,,,,,,
2120,ADR_DragonSlayer_Alb_2h_axe,ADR_DragonSlayer_Alb_2h_axe,0,1,,,,,,,,,,,,,,,,,,,,,
2121,ADR_DragonSlayer_Alb_1h_sword_thrust_offhand,ADR_DragonSlayer_Alb_1h_sword_thrust_offhand,0,1,,,,,,,,,,,,,,,,,,,,,
2122,ADR_DragonSlayer_Alb_1h_sword_thrust_mainhand,ADR_DragonSlayer_Alb_1h_sword_thrust_mainhand,0,1,,,,,,,,,,,,,,,,,,,,,
2123,ADR_DragonSlayer_Alb_1h_sword_slash_offhand,ADR_DragonSlayer_Alb_1h_sword_slash_offhand,0,1,,,,,,,,,,,,,,,,,,,,,
2124,ADR_DragonSlayer_Alb_1h_sword_slash_mainhand,ADR_DragonSlayer_Alb_1h_sword_slash_mainhand,0,1,,,,,,,,,,,,,,,,,,,,,
2125,ADR_DragonSlayer_Alb_1h_hammer_blunt_offhand,ADR_DragonSlayer_Alb_1h_hammer_blunt_offhand,0,1,,,,,,,,,,,,,,,,,,,,,
2126,ADR_DragonSlayer_Alb_1h_hammer_blunt_mainhand,ADR_DragonSlayer_Alb_1h_hammer_blunt_mainhand,0,1,,,,,,,,,,,,,,,,,,,,,
2127,ADR_DragonSlayer_Alb_1h_axe_offhand,ADR_DragonSlayer_Alb_1h_axe_offhand,0,1,,,,,,,,,,,,,,,,,,,,,
2128,ADR_DragonSlayer_Alb_1h_axe_mainhand,ADR_DragonSlayer_Alb_1h_axe_mainhand,0,1,,,,,,,,,,,,,,,,,,,,,
2129,ADR_DragonSlayer_Alb_Shield_Small,ADR_DragonSlayer_Alb_Shield_Small,0,1,,,,,,,,,,,,,,,,,,,,,
2130,ADR_DragonSlayer_Alb_Shield_Medium,ADR_DragonSlayer_Alb_Shield_Medium,0,1,,,,,,,,,,,,,,,,,,,,,
2131,ADR_DragonSlayer_Alb_Shield_Large,ADR_DragonSlayer_Alb_Shield_Large,0,1,,,,,,,,,,,,,,,,,,,,,
2132,ADR_DragonSlayer_Alb_scythe,ADR_DragonSlayer_Alb_scythe,0,1,,,,,,,,,,,,,,,,,,,,,
2133,ADR_DragonSlayer_Alb_quiver,ADR_DragonSlayer_Alb_quiver,0,1,,,,,,,,,,,,,,,,,,,,,
2134,ADR_DragonSlayer_Alb_quarterstaff,ADR_DragonSlayer_Alb_quarterstaff,0,1,,,,,,,,,,,,,,,,,,,,,
2135,ADR_DragonSlayer_Alb_pole-arm_spear_thrust,ADR_DragonSlayer_Alb_pole-arm_spear_thrust,0,1,,,,,,,,,,,,,,,,,,,,,
2136,ADR_DragonSlayer_Alb_pole-arm_spear_slash,ADR_DragonSlayer_Alb_pole-arm_spear_slash,0,1,,,,,,,,,,,,,,,,,,,,,
2137,ADR_DragonSlayer_Alb_pole-arm_blunt,ADR_DragonSlayer_Alb_pole-arm_blunt,0,1,,,,,,,,,,,,,,,,,,,,,
2138,ADR_DragonSlayer_Alb_magicstaff,ADR_DragonSlayer_Alb_magicstaff,0,1,,,,,,,,,,,,,,,,,,,,,
2139,ADR_DragonSlayer_Alb_harp,ADR_DragonSlayer_Alb_harp,0,1,,,,,,,,,,,,,,,,,,,,,
2140,ADR_DragonSlayer_Alb_h2h_thrust_offhand,ADR_DragonSlayer_Alb_h2h_thrust_offhand,0,1,,,,,,,,,,,,,,,,,,,,,
2141,ADR_DragonSlayer_Alb_h2h_thrust_mainhand,ADR_DragonSlayer_Alb_h2h_thrust_mainhand,0,1,,,,,,,,,,,,,,,,,,,,,
2142,ADR_DragonSlayer_Alb_h2h_slash_offhand,ADR_DragonSlayer_Alb_h2h_slash_offhand,0,1,,,,,,,,,,,,,,,,,,,,,
2143,ADR_DragonSlayer_Alb_h2h_slash_mainhand,ADR_DragonSlayer_Alb_h2h_slash_mainhand,0,1,,,,,,,,,,,,,,,,,,,,,
2144,ADR_DragonSlayer_Alb_h2h_blunt_offhand,ADR_DragonSlayer_Alb_h2h_blunt_offhand,0,1,,,,,,,,,,,,,,,,,,,,,
2145,ADR_DragonSlayer_Alb_h2h_blunt_mainhand,ADR_DragonSlayer_Alb_h2h_blunt_mainhand,0,1,,,,,,,,,,,,,,,,,,,,,
2146,ADR_DragonSlayer_Alb_Flex_thrust,ADR_DragonSlayer_Alb_Flex_thrust,0,1,1323,1324,1325,1326,1327,1328,1329,1330,1331,1382,,,,,,,,,,,
2147,ADR_DragonSlayer_Alb_Flex_slash,ADR_DragonSlayer_Alb_Flex_slash,0,1,1323,1324,1325,1326,1327,1328,1329,1330,1331,1382,,,,,,,,,,,
2148,Albion Dragon Egg Trophy,egg_dragon_a,0,1,,,,,,,,,,,,1,,,,,,,,,
2149,Midgard Dragon Egg Trophy,egg_dragon_m,0,1,,,,,,,,,,,,1,,,,,,,,,
2150,Hibernian Dragon Egg Trophy,egg_dragon_h,0,1,,,,,,,,,,,,1,,,,,,,,,
2151,glimmer_knight_trophy,glimmer_knight_trophy,0,1,,,,,,,,,,,,1,,,,,,,,,
2152,int_wall_trophy_werewolf_revamp,int_wall_trophy_werewolf_revamp,0,1,,,,,,,,,,,,1,,,,,,,,,
2153,int_wall_trophy_rockguardian,int_wall_trophy_rockguardian,0,1,,,,,,,,,,,,1,,,,,,,,,
2154,Pumpkin Patch,pumpkin_patch,0,0,,,,,,,,,,,,,,,,,,,,,
2155,Winter Tree Alb,Winter_Tree_alb,0,0,,,,,,,,,,,,,,,,,,,,,
2156,Winter Tree Mid,Winter_Tree_mid,0,0,,,,,,,,,,,,,,,,,,,,,
2157,Winter Tree Hib,Winter_Tree_Hib,0,0,,,,,,,,,,,,,,,,,,,,,
2158,Winter Present Tall,Winter_present_tall,0,0,,,,,,,,,,,,,,,,,,,,,
2159,Winter Present Small,Winter_presents_sm,0,0,,,,,,,,,,,,,,,,,,,,,
2160,WinterTent_Square,WinterTent_Square,0,0,,,,,,,,,,,,,,,,,,,,,
2161,Winter_banner_Alb,Winter_banner_Alb,0,0,,,,,,,,,,,,,,,,,,,,,
2162,Winter_banner_hib,Winter_banner_hib,0,0,,,,,,,,,,,,,,,,,,,,,
2163,Winter_banner_Mid,Winter_banner_Mid,0,0,,,,,,,,,,,,,,,,,,,,,
2164,Winter_lootbag,Winter_lootbag,0,0,,,,,,,,,,,,,,,,,,,,,
2165,WinterTent_Round,WinterTent_Round,0,0,,,,,,,,,,,,,,,,,,,,,
2166,WinterTent_Round_empty,WinterTent_Round_empty,0,0,,,,,,,,,,,,,,,,,,,,,
2167,Int_wall_trophy_WreathSnow,Int_wall_trophy_WreathSnow,0,0,,,,,,,,,,,,1,,,,,,,,,
2168,Int_wall_trophy_WreathSpray,Int_wall_trophy_WreathSpray,0,0,,,,,,,,,,,,1,,,,,,,,,
2169,Int_wall_trophy_WreathSwag,Int_wall_trophy_WreathSwag,0,0,,,,,,,,,,,,1,,,,,,,,,
2170,Int_wall_trophy_WreathGold,Int_wall_trophy_WreathGold,0,0,,,,,,,,,,,,1,,,,,,,,,
2171,Int_wall_trophy_WreathKnot,Int_wall_trophy_WreathKnot,0,0,,,,,,,,,,,,1,,,,,,,,,
2172,Int_wall_trophy_WreathRed,Int_wall_trophy_WreathRed,0,0,,,,,,,,,,,,1,,,,,,,,,
2173,Int_wall_trophy_knotCandle,Int_wall_trophy_knotCandle,0,0,,,,,,,,,,,,1,,,,,,,,,
2174,Winter_Yulefire,Winter_Yulefire,0,0,,,,,,,,,,,,,,,,,,,,,
2175,Winter_Sleigh,Winter_Sleigh,0,0,,,,,,,,,,,,,,,,,,,,,
2176,Winter_BrazierMid,Winter_BrazierMid,0,0,,,,,,,,,,,,1,,,,,,,,,
2177,Int_floor_Trophy_WinterBrazier,Int_floor_Trophy_WinterBrazier,0,0,,,,,,,,,,,,1,,,,,,,,,
2178,int_floor_Trophy_WinterCandleStand,int_floor_Trophy_WinterCandleStand,0,0,,,,,,,,,,,,1,,,,,,,,,
2179,int_floor_Trophy_WinterLight,int_floor_Trophy_WinterLight,0,0,,,,,,,,,,,,1,,,,,,,,,
2180,int_floor_trophy_winterTreeAlb,int_floor_trophy_winterTreeAlb,0,0,,,,,,,,,,,,1,,,,,,,,,
2181,int_floor_trophy_winterTreeHib,int_floor_trophy_winterTreeHib,0,0,,,,,,,,,,,,1,,,,,,,,,
2182,int_floor_trophy_winterTreeMid,int_floor_trophy_winterTreeMid,0,0,,,,,,,,,,,,1,,,,,,,,,
2183,Winter_Tree_alb,Winter_Tree_alb,0,0,,,,,,,,,,,,,,,,,,,,,
2184,Winter_Tree_albSm,Winter_Tree_albSm,0,0,,,,,,,,,,,,,,,,,,,,,
2185,Winter_Tree_hib,Winter_Tree_hib,0,0,,,,,,,,,,,,,,,,,,,,,
2186,Winter_Tree_hibSm,Winter_Tree_hibSm,0,0,,,,,,,,,,,,,,,,,,,,,
2187,Winter_Tree_mid,Winter_Tree_mid,0,0,,,,,,,,,,,,,,,,,,,,,
2188,Winter_Tree_midSm,Winter_Tree_midSm,0,0,,,,,,,,,,,,,,,,,,,,,
2189,Winter_FeastTable,Winter_FeastTable,0,0,,,,,,,,,,,,,,,,,,,,,
2190,ext_Winterbanner_Alb,ext_Winterbanner_Alb,0,0,,,,,,,,,,,,1,,,,,,,,,
2191,ext_Winterbanner_Hib,ext_Winterbanner_Hib,0,0,,,,,,,,,,,,1,,,,,,,,,
2192,ext_Winterbanner_Mid,ext_Winterbanner_Mid,0,0,,,,,,,,,,,,1,,,,,,,,,
2193,ext_WinterCandleStand,ext_WinterCandleStand,0,0,,,,,,,,,,,,1,,,,,,,,,
2194,ext_WinterPresents_lg,ext_WinterPresents_lg,0,0,,,,,,,,,,,,1,,,,,,,,,
2195,ext_WinterPresents_sm,ext_WinterPresents_sm,0,0,,,,,,,,,,,,1,,,,,,,,,
2196,ext_WinterSleigh,ext_WinterSleigh,0,0,,,,,,,,,,,,1,,,,,,,,,
2197,ext_WinterTree_alb,ext_WinterTree_alb,0,0,,,,,,,,,,,,1,,,,,,,,,
2198,ext_WinterTree_hib,ext_WinterTree_hib,0,0,,,,,,,,,,,,1,,,,,,,,,
2199,ext_WinterTree_mid,ext_WinterTree_mid,0,0,,,,,,,,,,,,1,,,,,,,,,
2200,int_floor_trophy_winterTreeTall_A,int_floor_trophy_winterTreeTall_A,0,0,,,,,,,,,,,,1,,,,,,,,,
2201,int_floor_trophy_winterTreeTall_H,int_floor_trophy_winterTreeTall_H,0,0,,,,,,,,,,,,1,,,,,,,,,
2202,int_floor_trophy_winterTreeTall_M,int_floor_trophy_winterTreeTall_M,0,0,,,,,,,,,,,,1,,,,,,,,,
2203,int_floor_WinterPresents_lg,int_floor_WinterPresents_lg,0,0,,,,,,,,,,,,1,,,,,,,,,
2204,int_floor_WinterPresents_sm,int_floor_WinterPresents_sm,0,0,,,,,,,,,,,,1,,,,,,,,,
2205,Int_wall_trophy_WreathGold,Int_wall_trophy_WreathGold,0,0,,,,,,,,,,,,1,,,,,,,,,
2206,Int_wall_trophy_WreathRed,Int_wall_trophy_WreathRed,0,0,,,,,,,,,,,,1,,,,,,,,,
2207,Int_wall_trophy_WreathSnow,Int_wall_trophy_WreathSnow,0,0,,,,,,,,,,,,1,,,,,,,,,
2208,midrp_nor_m_windercandlehat,midrp_nor_m_windercandlehat,0,0,,,,,,,,,,,,,,,,,,,1,,
2209,crystal_green_prop,crystal_green_prop,0,0,,,,,,,,,,,,,,,,,,,,,
2210,crystal_red_prop,crystal_red_prop,0,0,,,,,,,,,,,,,,,,,,,,,
2211,Plant_Oats,Plant_Oats,0,0,,,,,,,,,,,,,,,,,,,,,
2212,int_floor_trophy_cupid,int_floor_trophy_cupid,0,0,,,,,,,,,,,,1,,,,,,,,,
2213,int_wall_trophy_hydrabase,int_wall_trophy_hydrabase,0,0,,,,,,,,,,,,1,,,,,,,,,
2214,ext_statue_cupid,ext_statue_cupid,0,0,,,,,,,,,,,,1,,,,,,,,,
2215,Plant_Driftwood_Lg,Plant_Driftwood_Lg,0,0,,,,,,,,,,,,,,,,,,,,,
2216,Plant_Driftwood_sm,Plant_Driftwood_sm,0,0,,,,,,,,,,,,,,,,,,,,,
2217,Plant_Driftwood_Pile,Plant_Driftwood_Pile,0,0,,,,,,,,,,,,,,,,,,,,,
2218,cookfire_Logs,cookfire_Logs,0,0,,,,,,,,,,,,,,,,,,,,,
2219,cookfire_forked,cookfire_forked,0,0,,,,,,,,,,,,,,,,,,,,,
2220,cookfire_Tri_low,cookfire_Tri_low,0,0,,,,,,,,,,,,,,,,,,,,,
2221,not used,not used,0,0,,,,,,,,,,,,,,,,,,,,,
2222,B_xbo_SkinnersCrossbow01_Energy,B_xbo_SkinnersCrossbow01_Energy,0,1,,,,,,,,,,,,,,,,,,,,,
2223,B_bo_ThornBow01_Energy,B_bo_ThornBow01_Energy,0,1,,,,,,,,,,,,,,,,,,,,,
2224,Spring_NestEgg,Spring_NestEgg,0,0,,,,,,,,,,,,,,,,,,,,,
2225,Spring_NestEgg_Gold,Spring_NestEgg_Gold,0,0,,,,,,,,,,,,,,,,,,,,,
2226,Spring_Bench,Spring_Bench,0,0,,,,,,,,,,,,,,,,,,,,,
2227,Spring_FlowerBoxes,Spring_FlowerBoxes,0,0,,,,,,,,,,,,,,,,,,,,,
2228,Spring_FlowerLantern,Spring_FlowerLantern,0,0,,,,,,,,,,,,,,,,,,,,,
2229,Spring_FlowerLantern_pole,Spring_FlowerLantern_pole,0,0,,,,,,,,,,,,,,,,,,,,,
2230,Spring_flowers,Spring_flowers,0,0,,,,,,,,,,,,,,,,,,,,,
2231,Spring_TentRound,Spring_TentRound,0,0,,,,,,,,,,,,,,,,,,,,,
2232,Spring_TentSquare,Spring_TentSquare,0,0,,,,,,,,,,,,,,,,,,,,,
2233,applebasket,applebasket,0,0,,,,,,,,,,,,,,,,,,,,,
2234,int_floor_trophy_goldeneggs,int_floor_trophy_goldeneggs,0,0,,,,,,,,,,,,1,,,,,,,,,
2235,int_floor_trophy_Springbunny,int_floor_trophy_Springbunny,0,0,,,,,,,,,,,,1,,,,,,,,,
2236,int_wall_SpringGarland,int_wall_SpringGarland,0,0,,,,,,,,,,,,1,,,,,,,,,
2237,ext_ SpringNestEgg,ext_ SpringNestEgg,0,0,,,,,,,,,,,,1,,,,,,,,,
2238,ext_Springbench,ext_Springbench,0,0,,,,,,,,,,,,1,,,,,,,,,
2239,ext_SpringFlowerBox,ext_SpringFlowerBox,0,0,,,,,,,,,,,,1,,,,,,,,,
2240,ext_SpringFowers,ext_SpringFowers,0,0,,,,,,,,,,,,1,,,,,,,,,
2241,int_floor_Springbench,int_floor_Springbench,0,0,,,,,,,,,,,,1,,,,,,,,,
2242,PotofGold,PotofGold,0,0,,,,,,,,,,,,,,,,,,,,,
2243,int_floor_SpringTree,int_floor_SpringTree,0,0,,,,,,,,,,,,1,,,,,,,,,
2244,ext_SpringShrubWhite,ext_SpringShrubWhite,0,0,,,,,,,,,,,,1,,,,,,,,,
2245,ext_SpringShrubYellow,ext_SpringShrubYellow,0,0,,,,,,,,,,,,1,,,,,,,,,
2246,ext_SpringTreePink,ext_SpringTreePink,0,0,,,,,,,,,,,,1,,,,,,,,,
2247,ext_SpringTreeWhite,ext_SpringTreeWhite,0,0,,,,,,,,,,,,1,,,,,,,,,
2248,bucket,bucket,0,0,,,,,,,,,,,,,,,,,,,,,
2249,Spring_TreeWhite,Spring_TreeWhite,0,0,,,,,,,,,,,,,,,,,,,,,
2250,Spring_ShrubWhite,Spring_ShrubWhite,0,0,,,,,,,,,,,,,,,,,,,,,
2251,Spring_ShrubYellow,Spring_ShrubYellow,0,0,,,,,,,,,,,,,,,,,,,,,
2252,Spring_TreePink,Spring_TreePink,0,0,,,,,,,,,,,,,,,,,,,,,
2253,int_floor_springtree_tall,int_floor_springtree_tall,0,0,,,,,,,,,,,,1,,,,,,,,,
2254,int_floor_SpringTree_pink,int_floor_SpringTree_pink,0,0,,,,,,,,,,,,1,,,,,,,,,
2255,Fence_rockLt_broken,Fence_rockLt_broken,0,0,,,,,,,,,,,,,,,,,,,,,
2256,Fence_rockLt_corner,Fence_rockLt_corner,0,0,,,,,,,,,,,,,,,,,,,,,
2257,Fence_vine,Fence_vine,0,0,,,,,,,,,,,,,,,,,,,,,
2258,Fence_vine_broken,Fence_vine_broken,0,0,,,,,,,,,,,,,,,,,,,,,
2259,Fence_Vine_corner,Fence_Vine_corner,0,0,,,,,,,,,,,,,,,,,,,,,
2260,Fence_log,Fence_log,0,0,,,,,,,,,,,,,,,,,,,,,
2261,Fence_log_Broken,Fence_log_Broken,0,0,,,,,,,,,,,,,,,,,,,,,
2262,Fence_log_Corner,Fence_log_Corner,0,0,,,,,,,,,,,,,,,,,,,,,
2263,Fence_rockDk,Fence_rockDk,0,0,,,,,,,,,,,,,,,,,,,,,
2264,Fence_rockDk_broken,Fence_rockDk_broken,0,0,,,,,,,,,,,,,,,,,,,,,
2265,Fence_rockDk_corner,Fence_rockDk_corner,0,0,,,,,,,,,,,,,,,,,,,,,
2266,Fence_rockLt,Fence_rockLt,0,0,,,,,,,,,,,,,,,,,,,,,
2267,not used,,,,,,,,,,,,,,,,,,,,,,1,,
2268,sign_danger,sign_danger,0,1,,,,,,,,,,,,,,,,,,,,,
2269,Summer_appleBob,Summer_appleBob,0,0,,,,,,,,,,,,,,,,,,,,,
2270,Summer_fishBasket,Summer_fishBasket,0,0,,,,,,,,,,,,,,,,,,,,,
2271,Summer_fishingRod,Summer_fishingRod,0,0,,,,,,,,,,,,,,,,,,,,,
2272,Summer_tentRound,Summer_tentRound,0,0,,,,,,,,,,,,,,,,,,,,,
2273,Summer_tentSquare,Summer_tentSquare,0,0,,,,,,,,,,,,,,,,,,,,,
2274,Summer_market_stalls,Summer_market_stalls,0,0,,,,,,,,,,,,,,,,,,,,,
2275,Summer_market_meat,Summer_market_meat,0,0,,,,,,,,,,,,,,,,,,,,,
2276,Summer_market_baker,Summer_market_baker,0,0,,,,,,,,,,,,,,,,,,,,,
2277,int_wall_trophy_fishing,int_wall_trophy_fishing,0,0,,,,,,,,,,,,1,,,,,,,,,
2278,int_floor_trophy_pie,int_floor_trophy_pie,0,0,,,,,,,,,,,,1,,,,,,,,,
2279,int_floor_trophy_marketbasket,int_floor_trophy_marketbasket,0,0,,,,,,,,,,,,1,,,,,,,,,
2280,int_floor_trophy_fishbasket,int_floor_trophy_fishbasket,0,0,,,,,,,,,,,,1,,,,,,,,,
2281,ext_market_barrow,ext_market_barrow,0,0,,,,,,,,,,,,1,,,,,,,,,
2282,ext_fishbasket,ext_fishbasket,0,0,,,,,,,,,,,,1,,,,,,,,,
2283,int_wall_7yrTrophyknot,int_wall_7yrTrophyknot,0,0,,,,,,,,,,,,1,,,,,,,,,
2284,mid_bindstone,N_bindst1,0,0,,,,,,,,,,,,,,,,,,,,,
2285,vendo_tent_1,N-tent1,0,0,,,,,,,,,,,,,,,,,,,,,
2286,vendo_tent_2,N-tent2,0,0,,,,,,,,,,,,,,,,,,,,,
2287,vendo_tent_3,N-tent3,0,0,,,,,,,,,,,,,,,,,,,,,
2288,vendo_rockpile,N_TRLrockpile,0,0,,,,,,,,,,,,,,,,,,,,,
2289,vendo_tuskarch,N_TRLtuskarch,0,0,,,,,,,,,,,,,,,,,,,,,
2290,vendo_stake,N_TRLstake,0,0,,,,,,,,,,,,,,,,,,,,,
2291,campfire,x06_campfire,0,0,,,,,,,,,,,,,,,,,,,,,
2292,longship_wreck,OCruinLongship,0,0,,,,,,,,,,,,,,,,,,,,,
2293,dell_crystal,dellcryst01,0,0,,,,,,,,,,,,,,,,,,,,,
2294,croc_nest,crocnesta,0,0,,,,,,,,,,,,,,,,,,,,,
2295,hceltmerwepn,hceltmerwepn,0,0,,,,,,,,,,,,,,,,,,,,,
2296,pict_banner_snow,pict_npc_banner_s_01,0,0,,,,,,,,,,,,,,,,,,,,,
2297,pict_banner_wood,pict_npc_banner_w_01,0,0,,,,,,,,,,,,,,,,,,,,,
2298,PICT_Hibernia_Flex_blunt,PICT_Hibernia_Flex_blunt,0,1,1323,1324,1325,1326,1327,1328,1329,1330,1331,1382,,,,,,,,,,,
2299,PICT_Hibernia_bow_short,PICT_Hibernia_bow_short,0,1,,,,,,,,,,,,,,,,,,,,,
2300,PICT_Hibernia_bow_long,PICT_Hibernia_bow_long,0,1,,,,,,,,,,,,,,,,,,,,,
2301,PICT_Hibernia_bow_cross,PICT_Hibernia_bow_cross,0,1,,,,,,,,,,,,,,,,,,,,,
2302,PICT_Hibernia_2h_sword_thrust,PICT_Hibernia_2h_sword_thrust,0,1,,,,,,,,,,,,,,,,,,,,,
2303,PICT_Hibernia_2h_sword_slash,PICT_Hibernia_2h_sword_slash,0,1,,,,,,,,,,,,,,,,,,,,,
2304,PICT_Hibernia_2h_hammer_blunt,PICT_Hibernia_2h_hammer_blunt,0,1,,,,,,,,,,,,,,,,,,,,,
2305,PICT_Hibernia_2h_axe,PICT_Hibernia_2h_axe,0,1,,,,,,,,,,,,,,,,,,,,,
2306,PICT_Hibernia_1h_sword_thrust_offhand,PICT_Hibernia_1h_sword_thrust_offhand,0,1,,,,,,,,,,,,,,,,,,,,,
2307,PICT_Hibernia_1h_sword_thrust_mainhand,PICT_Hibernia_1h_sword_thrust_mainhand,0,1,,,,,,,,,,,,,,,,,,,,,
2308,PICT_Hibernia_1h_sword_slash_offhand,PICT_Hibernia_1h_sword_slash_offhand,0,1,,,,,,,,,,,,,,,,,,,,,
2309,PICT_Hibernia_1h_sword_slash_mainhand,PICT_Hibernia_1h_sword_slash_mainhand,0,1,,,,,,,,,,,,,,,,,,,,,
2310,PICT_Hibernia_1h_hammer_blunt_offhand,PICT_Hibernia_1h_hammer_blunt_offhand,0,1,,,,,,,,,,,,,,,,,,,,,
2311,PICT_Hibernia_1h_hammer_blunt_mainhand,PICT_Hibernia_1h_hammer_blunt_mainhand,0,1,,,,,,,,,,,,,,,,,,,,,
2312,PICT_Hibernia_1h_axe_offhand,PICT_Hibernia_1h_axe_offhand,0,1,,,,,,,,,,,,,,,,,,,,,
2313,PICT_Hibernia_1h_axe_mainhand,PICT_Hibernia_1h_axe_mainhand,0,1,,,,,,,,,,,,,,,,,,,,,
2314,PICT_Hibernia_Shield_Small,PICT_Hibernia_Shield_Small,0,1,,,,,,,,,,,,,,,,,,,,,
2315,PICT_Hibernia_Shield_Medium,PICT_Hibernia_Shield_Medium,0,1,,,,,,,,,,,,,,,,,,,,,
2316,PICT_Hibernia_Shield_Large,PICT_Hibernia_Shield_Large,0,1,,,,,,,,,,,,,,,,,,,,,
2317,PICT_Hibernia_scythe,PICT_Hibernia_scythe,0,1,,,,,,,,,,,,,,,,,,,,,
2318,PICT_Hibernia_quiver,PICT_Hibernia_quiver,0,1,,,,,,,,,,,,,,,,,,,,,
2319,PICT_Hibernia_quarterstaff,PICT_Hibernia_quarterstaff,0,1,,,,,,,,,,,,,,,,,,,,,
2320,PICT_Hibernia_pole-arm_spear_thrust,PICT_Hibernia_pole-arm_spear_thrust,0,1,,,,,,,,,,,,,,,,,,,,,
2321,PICT_Hibernia_pole-arm_spear_slash,PICT_Hibernia_pole-arm_spear_slash,0,1,,,,,,,,,,,,,,,,,,,,,
2322,PICT_Hibernia_pole-arm_blunt,PICT_Hibernia_pole-arm_blunt,0,1,,,,,,,,,,,,,,,,,,,,,
2323,PICT_Hibernia_magicstaff,PICT_Hibernia_magicstaff,0,1,,,,,,,,,,,,,,,,,,,,,
2324,PICT_Hibernia_harp,PICT_Hibernia_harp,0,1,,,,,,,,,,,,,,,,,,,,,
2325,PICT_Hibernia_h2h_thrust_offhand,PICT_Hibernia_h2h_thrust_offhand,0,1,,,,,,,,,,,,,,,,,,,,,
2326,PICT_Hibernia_h2h_thrust_mainhand,PICT_Hibernia_h2h_thrust_mainhand,0,1,,,,,,,,,,,,,,,,,,,,,
2327,PICT_Hibernia_h2h_slash_offhand,PICT_Hibernia_h2h_slash_offhand,0,1,,,,,,,,,,,,,,,,,,,,,
2328,PICT_Hibernia_h2h_slash_mainhand,PICT_Hibernia_h2h_slash_mainhand,0,1,,,,,,,,,,,,,,,,,,,,,
2329,PICT_Hibernia_h2h_blunt_offhand,PICT_Hibernia_h2h_blunt_offhand,0,1,,,,,,,,,,,,,,,,,,,,,
2330,PICT_Hibernia_h2h_blunt_mainhand,PICT_Hibernia_h2h_blunt_mainhand,0,1,,,,,,,,,,,,,,,,,,,,,
2331,PICT_Hibernia_Flex_thrust,PICT_Hibernia_Flex_thrust,0,1,1323,1324,1325,1326,1327,1328,1329,1330,1331,1382,,,,,,,,,,,
2332,PICT_Hibernia_Flex_slash,PICT_Hibernia_Flex_slash,0,1,1323,1324,1325,1326,1327,1328,1329,1330,1331,1382,,,,,,,,,,,
2333,10 Year Camelot Shield,Int_wall_10yrshield,0,1,,,,,,,,,,,,1,,,,,,,,,
2334,Caledonia Portal,magprtl2,0,1,,,,,,,,,,,,,,,,,,,,,
2335,epic_wpn_DF_Armsman_Crush_1H,epic_wpn_DF_Armsman_Crush_1H,0,1,,,,,,,,,,,,,,,,,,,,,
2336,epic_wpn_DF_Armsman_Crush_2H,epic_wpn_DF_Armsman_Crush_2H,0,1,,,,,,,,,,,,,,,,,,,,,
2337,epic_wpn_DF_Armsman_pole_C,epic_wpn_DF_Armsman_pole_C,0,1,,,,,,,,,,,,,,,,,,,,,
2338,epic_wpn_DF_Armsman_pole_S,epic_wpn_DF_Armsman_pole_S,0,1,,,,,,,,,,,,,,,,,,,,,
2339,epic_wpn_DF_Armsman_sword_1H,epic_wpn_DF_Armsman_slash_1H,0,1,,,,,,,,,,,,,,,,,,,,,
2340,epic_wpn_DF_Armsman_sword_2H,epic_wpn_DF_Armsman_slash_2H,0,1,,,,,,,,,,,,,,,,,,,,,
2341,epic_wpn_DF_Armsman_thrust_1H,epic_wpn_DF_Armsman_thrust_1H,0,1,,,,,,,,,,,,,,,,,,,,,
2342,epic_wpn_DF_Armsman_thrust_2H,epic_wpn_DF_Armsman_thrust_2H,0,1,,,,,,,,,,,,,,,,,,,,,
2343,13 Year DAoC Tapestry,int_wall_tapestry_04,0,1,,,,,,,,,,,,1,,,,,,,,,
2344,tournament_statue_COLLIDER,tournament_statue_COLLIDER,0,1,,,,,,,,,,,,,,,,,,,,,
2345,Epic_wpn_DF_paladin_thrust_2H,Epic_wpn_DF_paladin_thrust_2H,0,1,,,,,,,,,,,,,,,,,,,,,
2346,Epic_wpn_DF_paladin_thrust_1H,Epic_wpn_DF_paladin_thrust_1H,0,1,,,,,,,,,,,,,,,,,,,,,
2347,Epic_wpn_DF_paladin_slash_2H,Epic_wpn_DF_paladin_slash_2H,0,1,,,,,,,,,,,,,,,,,,,,,
2348,Epic_wpn_DF_paladin_slash_1H,Epic_wpn_DF_paladin_slash_1H,0,1,,,,,,,,,,,,,,,,,,,,,
2349,Epic_wpn_DF_paladin_crush_2H,Epic_wpn_DF_paladin_crush_2H,0,1,,,,,,,,,,,,,,,,,,,,,
2350,Epic_wpn_DF_paladin_crush_1H,Epic_wpn_DF_paladin_crush_1H,0,1,,,,,,,,,,,,,,,,,,,,,
2351,Epic_wpn_DF_Hero_blade_1H,Epic_wpn_DF_Hero_blade_1H,0,1,,,,,,,,,,,,,,,,,,,,,
2352,Epic_wpn_DF_Hero_blade_2H,Epic_wpn_DF_Hero_blade_2H,0,1,,,,,,,,,,,,,,,,,,,,,
2353,Epic_wpn_DF_Hero_blunt_1H,Epic_wpn_DF_Hero_blunt_1H,0,1,,,,,,,,,,,,,,,,,,,,,
2354,Epic_wpn_DF_Hero_blunt_2H,Epic_wpn_DF_Hero_blunt_2H,0,1,,,,,,,,,,,,,,,,,,,,,
2355,Epic_wpn_DF_Hero_piercing_1H,Epic_wpn_DF_Hero_piercing_1H,0,1,,,,,,,,,,,,,,,,,,,,,
2356,Epic_wpn_DF_Hero_piercing_2H,Epic_wpn_DF_Hero_piercing_2H,0,1,,,,,,,,,,,,,,,,,,,,,
2357,Epic_wpn_DF_Hero_spear_1H,Epic_wpn_DF_Hero_spear_1H,0,1,,,,,,,,,,,,,,,,,,,,,
2358,Epic_wpn_DF_Hero_spear_2H,Epic_wpn_DF_Hero_spear_2H,0,1,,,,,,,,,,,,,,,,,,,,,
2359,Epic_wpn_DF_warrior_sword_1H,Epic_wpn_DF_warrior_sword_1H,0,1,,,,,,,,,,,,,,,,,,,,,
2360,Epic_wpn_DF_warrior_sword_2H,Epic_wpn_DF_warrior_sword_2H,0,1,,,,,,,,,,,,,,,,,,,,,
2361,Epic_wpn_DF_warrior_hammer_1H,Epic_wpn_DF_warrior_hammer_1H,0,1,,,,,,,,,,,,,,,,,,,,,
2362,Epic_wpn_DF_warrior_hammer_2H,Epic_wpn_DF_warrior_hammer_2H,0,1,,,,,,,,,,,,,,,,,,,,,
2363,Epic_wpn_DF_warrior_axe_1H,Epic_wpn_DF_warrior_axe_1H,0,1,,,,,,,,,,,,,,,,,,,,,
2364,Epic_wpn_DF_warrior_axe_2H,Epic_wpn_DF_warrior_axe_2H,0,1,,,,,,,,,,,,,,,,,,,,,
2365,Epic_wpn_DF_minstrel_T,Epic_wpn_DF_minstrel_T,0,1,,,,,,,,,,,,,,,,,,,,,
2366,Epic_wpn_DF_infiltrator_sword_1H,Epic_wpn_DF_infiltrator_S,0,1,,,,,,,,,,,,,,,,,,,,,
2367,Epic_wpn_DF_infiltrator_thrust_1H,Epic_wpn_DF_infiltrator_T,0,1,,,,,,,,,,,,,,,,,,,,,
2368,Epic_wpn_DF_mercenary_C,Epic_wpn_DF_mercenary_C,0,1,,,,,,,,,,,,,,,,,,,,,
2369,Epic_wpn_DF_mercenary_S,Epic_wpn_DF_mercenary_S,0,1,,,,,,,,,,,,,,,,,,,,,
2370,Epic_wpn_DF_mercenary_T,Epic_wpn_DF_mercenary_T,0,1,,,,,,,,,,,,,,,,,,,,,
2371,Epic_wpn_DF_minstrel_H,Epic_wpn_DF_minstrel_H,0,1,,,,,,,,,,,,,,,,,,,,,
2372,Epic_wpn_DF_minstrel_S,Epic_wpn_DF_minstrel_S,0,1,,,,,,,,,,,,,,,,,,,,,
2373,Epic_wpn_DF_heretic_crush_1H,Epic_wpn_DF_heretic_crush_1H,0,1,,,,,,,,,,,,,,,,,,,,,
2374,Epic_wpn_DF_heretic_flexC_1H,Epic_wpn_DF_heretic_flexC_1H,0,1,1323,1324,1325,1326,1327,1328,1329,1330,1331,1382,0,,,,,,,,,,
2375,Epic_wpn_DF_heretic_flexS_1H,Epic_wpn_DF_heretic_flexS_1H,0,1,1323,1324,1325,1326,1327,1328,1329,1330,1331,1382,0,,,,,,,,,,
2376,Epic_wpn_DF_scout_S,Epic_wpn_DF_scout_S,0,1,,,,,,,,,,,,,,,,,,,,,
2377,Epic_wpn_DF_scout_T,Epic_wpn_DF_scout_T,0,1,,,,,,,,,,,,,,,,,,,,,
2378,Epic_wpn_DF_scout_Bo,Epic_wpn_DF_scout_Bo,0,1,,,,,,,,,,,,,,,,,,,,,
2379,Epic_wpn_DF_cleric_crush_1H,Epic_wpn_DF_cleric_C,0,1,,,,,,,,,,,,,,,,,,,,,
2380,epic_wpn_DF_skald_sword_2h,epic_wpn_DF_skald_sword_2h,0,1,,,,,,,,,,,,,,,,,,,,,
2381,epic_wpn_DF_skald_hammer_1h,epic_wpn_DF_skald_hammer_1h,0,1,,,,,,,,,,,,,,,,,,,,,
2382,epic_wpn_DF_skald_hammer_2h,epic_wpn_DF_skald_hammer_2h,0,1,,,,,,,,,,,,,,,,,,,,,
2383,epic_wpn_DF_skald_sword_1h,epic_wpn_DF_skald_sword_1h,0,1,,,,,,,,,,,,,,,,,,,,,
2384,epic_wpn_DF_skald_axe_2h,epic_wpn_DF_skald_axe_2h,0,1,,,,,,,,,,,,,,,,,,,,,
2385,epic_wpn_DF_skald_axe_1h,epic_wpn_DF_skald_axe_1h,0,1,,,,,,,,,,,,,,,,,,,,,
2386,epic_wpn_DF_Druid_Crush_1H,epic_wpn_DF_Druid_Crush_1H,0,1,,,,,,,,,,,,,,,,,,,,,
2387,epic_wpn_DF_Druid_Blade_1H,epic_wpn_DF_Druid_Blade_1H,0,1,,,,,,,,,,,,,,,,,,,,,
2388,epic_wpn_DF_savage_sword_1h,epic_wpn_DF_savage_sword_1h,0,1,,,,,,,,,,,,,,,,,,,,,
2389,epic_wpn_DF_savage_sword_2h,epic_wpn_DF_savage_sword_2h,0,1,,,,,,,,,,,,,,,,,,,,,
2390,epic_wpn_DF_savage_axe_2h,epic_wpn_DF_savage_axe_2h,0,1,,,,,,,,,,,,,,,,,,,,,
2391,epic_wpn_DF_savage_axe_1h,epic_wpn_DF_savage_axe_1h,0,1,,,,,,,,,,,,,,,,,,,,,
2392,epic_wpn_DF_Warden_Slash_1H,epic_wpn_DF_Warden_Slash_1H,0,1,,,,,,,,,,,,,,,,,,,,,
2393,epic_wpn_DF_Warden_Crush_1H,epic_wpn_DF_Warden_Crush_1H,0,1,,,,,,,,,,,,,,,,,,,,,
2394,Epic_wpn_DF_Friar_staff,Epic_wpn_DF_Friar_St,0,1,,,,,,,,,,,,,,,,,,,,,
2395,Epic_wpn_DF_Friar_crush_1H,Epic_wpn_DF_Friar_crush_1H,0,1,,,,,,,,,,,,,,,,,,,,,
2396,Epic_wpn_DF_Necromancer_staff,Epic_wpn_DF_Necromancer_staff,0,1,,,,,,,,,,,,,,,,,,,,,
2397,epic_wpn_DF_savage_hth,epic_wpn_DF_savage_hth,0,1,,,,,,,,,,,,,,,,,,,,,
2398,epic_wpn_DF_valkyrie_spear,epic_wpn_DF_valkyrie_spear,0,1,,,,,,,,,,,,,,,,,,,,,
2399,epic_wpn_DF_valkyrie_sword_1h,epic_wpn_DF_valkyrie_sword_1h,0,1,,,,,,,,,,,,,,,,,,,,,
2400,epic_wpn_DF_valkyrie_sword_2h,epic_wpn_DF_valkyrie_sword_2h,0,1,,,,,,,,,,,,,,,,,,,,,
2401,epic_wpn_DF_thane_sword_1h,epic_wpn_DF_thane_sword_1h,0,1,,,,,,,,,,,,,,,,,,,,,
2402,epic_wpn_DF_thane_sword_2h,epic_wpn_DF_thane_sword_2h,0,1,,,,,,,,,,,,,,,,,,,,,
2403,epic_wpn_DF_thane_axe_1h,epic_wpn_DF_thane_axe_1h,0,1,,,,,,,,,,,,,,,,,,,,,
2404,epic_wpn_DF_thane_axe_2h,epic_wpn_DF_thane_axe_2h,0,1,,,,,,,,,,,,,,,,,,,,,
2405,epic_wpn_DF_thane_hammer_1h,epic_wpn_DF_thane_hammer_1h,0,1,,,,,,,,,,,,,,,,,,,,,
2406,epic_wpn_DF_thane_hammer_2h,epic_wpn_DF_thane_hammer_2h,0,1,,,,,,,,,,,,,,,,,,,,,
2407,epic_wpn_DF_savage_hammer_1h,epic_wpn_DF_savage_hammer_1h,0,1,,,,,,,,,,,,,,,,,,,,,
2408,epic_wpn_DF_savage_hammer_2h,epic_wpn_DF_savage_hammer_2h,0,1,,,,,,,,,,,,,,,,,,,,,
2409,epic_wpn_DF_hunter_sword_1h,epic_wpn_DF_hunter_sword_1h,0,1,,,,,,,,,,,,,,,,,,,,,
2410,epic_wpn_DF_hunter_sword_2h,epic_wpn_DF_hunter_sword_2h,0,1,,,,,,,,,,,,,,,,,,,,,
2411,epic_wpn_DF_Ranger_Bow,epic_wpn_DF_Ranger_Bow,0,1,,,,,,,,,,,,,,,,,,,,,
2412,epic_wpn_DF_Ranger_Pierce_1H,epic_wpn_DF_Ranger_Pierce_1H,0,1,,,,,,,,,,,,,,,,,,,,,
2413,epic_wpn_DF_Ranger_Slash_1H,epic_wpn_DF_Ranger_Slash_1H,0,1,,,,,,,,,,,,,,,,,,,,,
2414,epic_wpn_DF_hunter_spear,epic_wpn_DF_hunter_spear,0,1,,,,,,,,,,,,,,,,,,,,,
2415,epic_wpn_DF_hunter_bow,epic_wpn_DF_hunter_bow,0,1,,,,,,,,,,,,,,,,,,,,,
2416,Epic_wpn_DF_Sorcerer_staff,Epic_wpn_DF_Sorcerer_St,0,1,,,,,,,,,,,,,,,,,,,,,
2417,epic_wpn_DF_beserker_hammer_2h,epic_wpn_DF_beserker_hammer_2h,0,1,,,,,,,,,,,,,,,,,,,,,
2418,epic_wpn_DF_beserker_hammer_1h,epic_wpn_DF_beserker_hammer_1h,0,1,,,,,,,,,,,,,,,,,,,,,
2419,epic_wpn_DF_beserker_sword_1h,epic_wpn_DF_beserker_sword_1h,0,1,,,,,,,,,,,,,,,,,,,,,
2420,epic_wpn_DF_beserker_sword_2h,epic_wpn_DF_beserker_sword_2h,0,1,,,,,,,,,,,,,,,,,,,,,
2421,epic_wpn_DF_beserker_axe_2h,epic_wpn_DF_beserker_axe_2h,0,1,,,,,,,,,,,,,,,,,,,,,
2422,epic_wpn_DF_beserker_axe_1h,epic_wpn_DF_beserker_axe_1h,0,1,,,,,,,,,,,,,,,,,,,,,
2423,epic_wpn_DF_Blademaster_Slash_1H,epic_wpn_DF_Blademaster_Slash_1H,0,1,,,,,,,,,,,,,,,,,,,,,
2424,epic_wpn_DF_Blademaster_Crush_1H,epic_wpn_DF_Blademaster_Crush_1H,0,1,,,,,,,,,,,,,,,,,,,,,
2425,epic_wpn_DF_Blademaster_Pierce_1H,epic_wpn_DF_Blademaster_Pierce_1H,0,1,,,,,,,,,,,,,,,,,,,,,
2426,epic_wpn_DF_Runemaster_st,epic_wpn_DF_Runemaster_st,0,1,,,,,,,,,,,,,,,,,,,,,
2427,epic_wpn_DF_healer_hammer_2h,epic_wpn_DF_healer_hammer_2h,0,1,,,,,,,,,,,,,,,,,,,,,
2428,epic_wpn_DF_healer_hammer_1h,epic_wpn_DF_healer_hammer_1h,0,1,,,,,,,,,,,,,,,,,,,,,
2429,epic_wpn_DF_shadowblade_sword_2h,epic_wpn_DF_shadowblade_sword_2h,0,1,,,,,,,,,,,,,,,,,,,,,
2430,epic_wpn_DF_shadowblade_sword_1h,epic_wpn_DF_shadowblade_sword_1h,0,1,,,,,,,,,,,,,,,,,,,,,
2431,Epic_wpn_DF_Animist_staff,Epic_wpn_DF_Animist_staff,0,1,,,,,,,,,,,,,,,,,,,,,
2432,Epic_wpn_DF_Bainshee_staff,Epic_wpn_DF_Bainshee_staff,0,1,,,,,,,,,,,,,,,,,,,,,
2433,Epic_wpn_DF_Eldritch_staff,Epic_wpn_DF_Eldritch_staff,0,1,,,,,,,,,,,,,,,,,,,,,
2434,Epic_wpn_DF_Enchanter_St,Epic_wpn_DF_Enchanter_St,0,1,,,,,,,,,,,,,,,,,,,,,
2435,epic_wpn_DF_spiritmaster_st,epic_wpn_DF_spiritmaster_st,0,1,,,,,,,,,,,,,,,,,,,,,
2436,epic_wpn_DF_shadowblade_axe_2h,epic_wpn_DF_shadowblade_axe_2h,0,1,,,,,,,,,,,,,,,,,,,,,
2437,epic_wpn_DF_shadowblade_axe_1h,epic_wpn_DF_shadowblade_axe_1h,0,1,,,,,,,,,,,,,,,,,,,,,
2438,Epic_wpn_DF_Theurgist_staff,Epic_wpn_DF_Theurgist_St,0,1,,,,,,,,,,,,,,,,,,,,,
2439,Epic_wpn_DF_Wizard_staff,Epic_wpn_DF_Wizard_St,0,1,,,,,,,,,,,,,,,,,,,,,
2440,Epic_wpn_DF_reaver_crush_1H,Epic_wpn_DF_reaver_crush_1H,0,1,,,,,,,,,,,,,,,,,,,,,
2441,Epic_wpn_DF_reaver_flexCS_1H,Epic_wpn_DF_reaver_flexCS_1H,0,1,1323,1324,1325,1326,1327,1328,1329,1330,1331,1382,0,,,,,,,,,,
2442,Epic_wpn_DF_reaver_sword_1H,Epic_wpn_DF_reaver_sword_1H,0,1,,,,,,,,,,,,,,,,,,,,,
2443,Epic_wpn_DF_reaver_thrust_1H,Epic_wpn_DF_reaver_thrust_1H,0,1,,,,,,,,,,,,,,,,,,,,,
2444,Epic_wpn_DF_Mentalist_St,Epic_wpn_DF_Mentalist_St,0,1,,,,,,,,,,,,,,,,,,,,,
2445,Epic_wpn_DF_Vampiir_T,Epic_wpn_DF_Vampiir_T,0,1,,,,,,,,,,,,,,,,,,,,,
2446,Epic_wpn_DF_Cabalist_staff,Epic_wpn_DF_Cabalist_St,0,1,,,,,,,,,,,,,,,,,,,,,
2447,Epic_wpn_DF_Valewalker_Sy,Epic_wpn_DF_Valewalker_Sy,0,1,,,,,,,,,,,,,,,,,,,,,
2448,epic_wpn_DF_warlock_ST,epic_wpn_DF_warlock_ST,0,1,,,,,,,,,,,,,,,,,,,,,
2449,epic_wpn_DF_bonedancer_ST,epic_wpn_DF_bonedancer_ST,0,1,,,,,,,,,,,,,,,,,,,,,
2450,epic_wpn_DF_shaman_hammer_1h,epic_wpn_DF_shaman_hammer_1h,0,1,,,,,,,,,,,,,,,,,,,,,
2451,epic_wpn_DF_shaman_hammer_2h,epic_wpn_DF_shaman_hammer_2h,0,1,,,,,,,,,,,,,,,,,,,,,
2452,epic_wpn_DF_Champion_Crush_2H,epic_wpn_DF_Champion_Crush_2H,0,1,,,,,,,,,,,,,,,,,,,,,
2453,epic_wpn_DF_Champion_Pierce_1H,epic_wpn_DF_Champion_Pierce_1H,0,1,,,,,,,,,,,,,,,,,,,,,
2454,epic_wpn_DF_Champion_Slash_1H,epic_wpn_DF_Champion_Slash_1H,0,1,,,,,,,,,,,,,,,,,,,,,
2455,epic_wpn_DF_Champion_Slash_2H,epic_wpn_DF_Champion_Slash_2H,0,1,,,,,,,,,,,-6,,,,,,,,,,
2456,epic_wpn_DF_Champion_Crush_1H,epic_wpn_DF_Champion_Crush_1H,0,1,,,,,,,,,,,,,,,,,,,,,
2457,Epic_wpn_DF_Nightshade_T,Epic_wpn_DF_Nightshade_T,0,1,,,,,,,,,,,,,,,,,,,,,
2458,Epic_wpn_DF_Nightshade_S,Epic_wpn_DF_Nightshade_S,0,1,,,,,,,,,,,,,,,,,,,,,
2459,Epic_wpn_DF_Bard_blade_1H,Epic_wpn_DF_Bard_blade_1H,0,1,,,,,,,,,,,,,,,,,,,,,
2460,Epic_wpn_DF_Bard_crush_1H,Epic_wpn_DF_Bard_crush_1H,0,1,,,,,,,,,,,,,,,,,,,,,
2461,Epic_wpn_DF_Bard_H,Epic_wpn_DF_Bard_Harp,0,1,,,,,,,,,,,,,,,,,,,,,
2462,Championweapon_DF_HibMauler_Staff01,Championweapon_DF_HibMauler_Staff01,0,1,,,,,,,,,,,,,,,,,,,,,
2463,Championweapon_DF_HibMauler_Punch01,Championweapon_DF_HibMauler_Punch01,0,1,,,,,,,,,,,,,,,,,,,,,
2464,Championweapon_DF_AlbMauler_Punch01,Championweapon_DF_AlbMauler_Punch01,0,1,,,,,,,,,,,,,,,,,,,,,
2465,Championweapon_DF_AlbMauler_Staff01,Championweapon_DF_AlbMauler_Staff01,0,1,,,,,,,,,,,,,,,,,,,,,
2466,Championweapon_DF_MidMauler_Staff01,Championweapon_DF_MidMauler_Staff01,0,1,,,,,,,,,,,,,,,,,,,,,
2467,Championweapon_DF_MidMauler_Punch01,Championweapon_DF_MidMauler_Punch01,0,1,,,,,,,,,,,,,,,,,,,,,
2468,vfx_test,vfx_test,0,1,,,,,,,,,,,,,,,,,,,,,
2469,Blue crystal rocks,HpileOrox_blue02,0,1,,,,,,,,,,,,,,,,,,,,,
2470,B_bo_SaracenShortbow01_Air,B_bo_SaracenShortbow01_Air,0,1,,,,,,,,,,,,,,,,,,,,,
2471,H_bo_ElvenShortBow01_Air,H_bo_ElvenShortBow01_Air,0,1,,,,,,,,,,,,,,,,,,,,,
2472,N_bo_VikingBeardedBow01_Air,N_bo_VikingBeardedBow01_Air,0,1,,,,,,,,,,,,,,,,,,,,,
2473,H_bo_ElvenLongbow01_Air,H_bo_ElvenLongbow01_Air,0,1,,,,,,,,,,,,,,,,,,,,,
2474,B_xbo_SkinnersCrossbow01_Air,B_xbo_SkinnersCrossbow01_Air,0,1,,,,,,,,,,,,,,,,,,,,,
2475,B_bo_ThornBow01_Air,B_bo_ThornBow01_Air,0,1,,,,,,,,,,,,,,,,,,,,,
2476,B_bo_SaracenShortbow01_Earth,B_bo_SaracenShortbow01_Earth,0,1,,,,,,,,,,,,,,,,,,,,,
2477,N_bo_VikingBeardedBow01_Earth,N_bo_VikingBeardedBow01_Earth,0,1,,,,,,,,,,,,,,,,,,,,,
2478,H_bo_ElvenShortBow01_Earth,H_bo_ElvenShortBow01_Earth,0,1,,,,,,,,,,,,,,,,,,,,,
2479,H_bo_ElvenLongbow01_Earth,H_bo_ElvenLongbow01_Earth,0,1,,,,,,,,,,,,,,,,,,,,,
2480,B_xbo_SkinnersCrossbow01_Earth,B_xbo_SkinnersCrossbow01_Earth,0,1,,,,,,,,,,,,,,,,,,,,,
2481,B_bo_ThornBow01_Earth,B_bo_ThornBow01_Earth,0,1,,,,,,,,,,,,,,,,,,,,,
2482,B_bo_SaracenShortbow01_Fire,B_bo_SaracenShortbow01_Fire,0,1,,,,,,,,,,,,,,,,,,,,,
2483,N_bo_VikingBeardedBow01_Fire,N_bo_VikingBeardedBow01_Fire,0,1,,,,,,,,,,,,,,,,,,,,,
2484,H_bo_ElvenShortBow01_Fire,H_bo_ElvenShortBow01_Fire,0,1,,,,,,,,,,,,,,,,,,,,,
2485,H_bo_ElvenLongbow01_Fire,H_bo_ElvenLongbow01_Fire,0,1,,,,,,,,,,,,,,,,,,,,,
2486,B_xbo_SkinnersCrossbow01_Fire,B_xbo_SkinnersCrossbow01_Fire,0,1,,,,,,,,,,,,,,,,,,,,,
2487,B_bo_ThornBow01_Fire,B_bo_ThornBow01_Fire,0,1,,,,,,,,,,,,,,,,,,,,,
2488,B_bo_SaracenShortbow01_Water,B_bo_SaracenShortbow01_Water,0,1,,,,,,,,,,,,,,,,,,,,,
2489,N_bo_VikingBeardedBow01_Water,N_bo_VikingBeardedBow01_Water,0,1,,,,,,,,,,,,,,,,,,,,,
2490,H_bo_ElvenShortBow01_Water,H_bo_ElvenShortBow01_Water,0,1,,,,,,,,,,,,,,,,,,,,,
2491,H_bo_ElvenLongbow01_Water,H_bo_ElvenLongbow01_Water,0,1,,,,,,,,,,,,,,,,,,,,,
2492,B_xbo_SkinnersCrossbow01_Water,B_xbo_SkinnersCrossbow01_Water,0,1,,,,,,,,,,,,,,,,,,,,,
2493,B_bo_ThornBow01_Water,B_bo_ThornBow01_Water,0,1,,,,,,,,,,,,,,,,,,,,,
2494,B_bo_SaracenShortbow01_Body,B_bo_SaracenShortbow01_Body,0,1,,,,,,,,,,,,,,,,,,,,,
2495,N_bo_VikingBeardedBow01_Body,N_bo_VikingBeardedBow01_Body,0,1,,,,,,,,,,,,,,,,,,,,,
2496,H_bo_ElvenShortBow01_Body,H_bo_ElvenShortBow01_Body,0,1,,,,,,,,,,,,,,,,,,,,,
2497,H_bo_ElvenLongbow01_Body,H_bo_ElvenLongbow01_Body,0,1,,,,,,,,,,,,,,,,,,,,,
2498,B_xbo_SkinnersCrossbow01_Body,B_xbo_SkinnersCrossbow01_Body,0,1,,,,,,,,,,,,,,,,,,,,,
2499,B_bo_ThornBow01_Body,B_bo_ThornBow01_Body,0,1,,,,,,,,,,,,,,,,,,,,,
2500,Invisible_Blocker,Invisible_Blocker,0,1,,,,,,,,,,,,,,,,,,,,,
2501,mask_eye01_bri_m,mask_eye01_bri_m,0,1,,,,,,,,,,,,,,,,,,,5,,
2502,mask_eye01_bri_f,mask_eye01_bri_f,0,1,,,,,,,,,,,,,,,,,,,5,,
2503,mask_eye01_sar_m,mask_eye01_sar_m,0,1,,,,,,,,,,,,,,,,,,,5,,
2504,mask_eye01_sar_f,mask_eye01_sar_f,0,1,,,,,,,,,,,,,,,,,,,5,,
2505,mask_eye01_hig_m,mask_eye01_hig_m,0,1,,,,,,,,,,,,,,,,,,,5,,
2506,mask_eye01_hig_f,mask_eye01_hig_f,0,1,,,,,,,,,,,,,,,,,,,5,,
2507,mask_eye01_ava_m,mask_eye01_ava_m,0,1,,,,,,,,,,,,,,,,,,,5,,
2508,mask_eye01_ava_f,mask_eye01_ava_f,0,1,,,,,,,,,,,,,,,,,,,5,,
2509,mask_eye01_inc_m,mask_eye01_inc_m,0,1,,,,,,,,,,,,,,,,,,,5,,
2510,mask_eye01_inc_f,mask_eye01_inc_f,0,1,,,,,,,,,,,,,,,,,,,5,,
2511,mask_eye01_hal_m,mask_eye01_hal_m,0,1,,,,,,,,,,,,,,,,,,,5,,
2512,mask_eye01_hal_f,mask_eye01_hal_f,0,1,,,,,,,,,,,,,,,,,,,5,,
2513,mask_eye01_nor_m,mask_eye01_nor_m,0,1,,,,,,,,,,,,,,,,,,,5,,
2514,mask_eye01_nor_f,mask_eye01_nor_f,0,1,,,,,,,,,,,,,,,,,,,5,,
2515,mask_eye01_Dwa_m,mask_eye01_Dwa_m,0,1,,,,,,,,,,,,,,,,,,,5,,
2516,mask_eye01_Dwa_f,mask_eye01_Dwa_f,0,1,,,,,,,,,,,,,,,,,,,5,,
2517,mask_eye01_kob_m,mask_eye01_kob_m,0,1,,,,,,,,,,,,,,,,,,,5,,
2518,mask_eye01_kob_f,mask_eye01_kob_f,0,1,,,,,,,,,,,,,,,,,,,5,,
2519,mask_eye01_tro_m,mask_eye01_tro_m,0,1,,,,,,,,,,,,,,,,,,,5,,
2520,mask_eye01_tro_f,mask_eye01_tro_f,0,1,,,,,,,,,,,,,,,,,,,5,,
2521,mask_eye01_val_m,mask_eye01_val_m,0,1,,,,,,,,,,,,,,,,,,,5,,
2522,mask_eye01_val_f,mask_eye01_val_f,0,1,,,,,,,,,,,,,,,,,,,5,,
2523,mask_eye01_fro_m,mask_eye01_fro_m,0,1,,,,,,,,,,,,,,,,,,,5,,
2524,mask_eye01_fro_f,mask_eye01_fro_f,0,1,,,,,,,,,,,,,,,,,,,5,,
2525,mask_eye01_cel_m,mask_eye01_cel_m,0,1,,,,,,,,,,,,,,,,,,,5,,
2526,mask_eye01_cel_f,mask_eye01_cel_f,0,1,,,,,,,,,,,,,,,,,,,5,,
2527,mask_eye01_elf_m,mask_eye01_elf_m,0,1,,,,,,,,,,,,,,,,,,,5,,
2528,mask_eye01_elf_f,mask_eye01_elf_f,0,1,,,,,,,,,,,,,,,,,,,5,,
2529,mask_eye01_lur_m,mask_eye01_lur_m,0,1,,,,,,,,,,,,,,,,,,,5,,
2530,mask_eye01_lur_f,mask_eye01_lur_f,0,1,,,,,,,,,,,,,,,,,,,5,,
2531,mask_eye01_fir_m,mask_eye01_fir_m,0,1,,,,,,,,,,,,,,,,,,,5,,
2532,mask_eye01_fir_f,mask_eye01_fir_f,0,1,,,,,,,,,,,,,,,,,,,5,,
2533,mask_eye01_syl_m,mask_eye01_syl_m,0,1,,,,,,,,,,,,,,,,,,,5,,
2534,mask_eye01_syl_f,mask_eye01_syl_f,0,1,,,,,,,,,,,,,,,,,,,5,,
2535,mask_eye01_sha_m,mask_eye01_sha_m,0,1,,,,,,,,,,,,,,,,,,,5,,
2536,mask_eye01_sha_f,mask_eye01_sha_f,0,1,,,,,,,,,,,,,,,,,,,5,,
2537,mask_eye01_min_m,mask_eye01_min_m,0,1,,,,,,,,,,,,,,,,,,,5,,
2538,mask_horned01_bri_m,mask_horned01_bri_m,0,1,,,,,,,,,,,,,,,,,,,5,,
2539,mask_horned01_bri_f,mask_horned01_bri_f,0,1,,,,,,,,,,,,,,,,,,,5,,
2540,mask_horned01_sar_m,mask_horned01_sar_m,0,1,,,,,,,,,,,,,,,,,,,5,,
2541,mask_horned01_sar_f,mask_horned01_sar_f,0,1,,,,,,,,,,,,,,,,,,,5,,
2542,mask_horned01_hig_m,mask_horned01_hig_m,0,1,,,,,,,,,,,,,,,,,,,5,,
2543,mask_horned01_hig_f,mask_horned01_hig_f,0,1,,,,,,,,,,,,,,,,,,,5,,
2544,mask_horned01_ava_m,mask_horned01_ava_m,0,1,,,,,,,,,,,,,,,,,,,5,,
2545,mask_horned01_ava_f,mask_horned01_ava_f,0,1,,,,,,,,,,,,,,,,,,,5,,
2546,mask_horned01_inc_m,mask_horned01_inc_m,0,1,,,,,,,,,,,,,,,,,,,5,,
2547,mask_horned01_inc_f,mask_horned01_inc_f,0,1,,,,,,,,,,,,,,,,,,,5,,
2548,mask_horned01_hal_m,mask_horned01_hal_m,0,1,,,,,,,,,,,,,,,,,,,5,,
2549,mask_horned01_hal_f,mask_horned01_hal_f,0,1,,,,,,,,,,,,,,,,,,,5,,
2550,mask_horned01_nor_m,mask_horned01_nor_m,0,1,,,,,,,,,,,,,,,,,,,5,,
2551,mask_horned01_nor_f,mask_horned01_nor_f,0,1,,,,,,,,,,,,,,,,,,,5,,
2552,mask_horned01_Dwa_m,mask_horned01_Dwa_m,0,1,,,,,,,,,,,,,,,,,,,5,,
2553,mask_horned01_Dwa_f,mask_horned01_Dwa_f,0,1,,,,,,,,,,,,,,,,,,,5,,
2554,mask_horned01_kob_m,mask_horned01_kob_m,0,1,,,,,,,,,,,,,,,,,,,5,,
2555,mask_horned01_kob_f,mask_horned01_kob_f,0,1,,,,,,,,,,,,,,,,,,,5,,
2556,mask_horned01_tro_m,mask_horned01_tro_m,0,1,,,,,,,,,,,,,,,,,,,5,,
2557,mask_horned01_tro_f,mask_horned01_tro_f,0,1,,,,,,,,,,,,,,,,,,,5,,
2558,mask_horned01_val_m,mask_horned01_val_m,0,1,,,,,,,,,,,,,,,,,,,5,,
2559,mask_horned01_val_f,mask_horned01_val_f,0,1,,,,,,,,,,,,,,,,,,,5,,
2560,mask_horned01_fro_m,mask_horned01_fro_m,0,1,,,,,,,,,,,,,,,,,,,5,,
2561,mask_horned01_fro_f,mask_horned01_fro_f,0,1,,,,,,,,,,,,,,,,,,,5,,
2562,mask_horned01_cel_m,mask_horned01_cel_m,0,1,,,,,,,,,,,,,,,,,,,5,,
2563,mask_horned01_cel_f,mask_horned01_cel_f,0,1,,,,,,,,,,,,,,,,,,,5,,
2564,mask_horned01_elf_m,mask_horned01_elf_m,0,1,,,,,,,,,,,,,,,,,,,5,,
2565,mask_horned01_elf_f,mask_horned01_elf_f,0,1,,,,,,,,,,,,,,,,,,,5,,
2566,mask_horned01_lur_m,mask_horned01_lur_m,0,1,,,,,,,,,,,,,,,,,,,5,,
2567,mask_horned01_lur_f,mask_horned01_lur_f,0,1,,,,,,,,,,,,,,,,,,,5,,
2568,mask_horned01_fir_m,mask_horned01_fir_m,0,1,,,,,,,,,,,,,,,,,,,5,,
2569,mask_horned01_fir_f,mask_horned01_fir_f,0,1,,,,,,,,,,,,,,,,,,,5,,
2570,mask_horned01_syl_m,mask_horned01_syl_m,0,1,,,,,,,,,,,,,,,,,,,5,,
2571,mask_horned01_syl_f,mask_horned01_syl_f,0,1,,,,,,,,,,,,,,,,,,,5,,
2572,mask_horned01_sha_m,mask_horned01_sha_m,0,1,,,,,,,,,,,,,,,,,,,5,,
2573,mask_horned01_sha_f,mask_horned01_sha_f,0,1,,,,,,,,,,,,,,,,,,,5,,
2574,mask_horned01_min_m,mask_horned01_min_m,0,1,,,,,,,,,,,,,,,,,,,5,,
2575,mask_slitted01_bri_m,mask_slitted01_bri_m,0,1,,,,,,,,,,,,,,,,,,,5,,
2576,mask_slitted01_bri_f,mask_slitted01_bri_f,0,1,,,,,,,,,,,,,,,,,,,5,,
2577,mask_slitted01_sar_m,mask_slitted01_sar_m,0,1,,,,,,,,,,,,,,,,,,,5,,
2578,mask_slitted01_sar_f,mask_slitted01_sar_f,0,1,,,,,,,,,,,,,,,,,,,5,,
2579,mask_slitted01_hig_m,mask_slitted01_hig_m,0,1,,,,,,,,,,,,,,,,,,,5,,
2580,mask_slitted01_hig_f,mask_slitted01_hig_f,0,1,,,,,,,,,,,,,,,,,,,5,,
2581,mask_slitted01_ava_m,mask_slitted01_ava_m,0,1,,,,,,,,,,,,,,,,,,,5,,
2582,mask_slitted01_ava_f,mask_slitted01_ava_f,0,1,,,,,,,,,,,,,,,,,,,5,,
2583,mask_slitted01_inc_m,mask_slitted01_inc_m,0,1,,,,,,,,,,,,,,,,,,,5,,
2584,mask_slitted01_inc_f,mask_slitted01_inc_f,0,1,,,,,,,,,,,,,,,,,,,5,,
2585,mask_slitted01_hal_m,mask_slitted01_hal_m,0,1,,,,,,,,,,,,,,,,,,,5,,
2586,mask_slitted01_hal_f,mask_slitted01_hal_f,0,1,,,,,,,,,,,,,,,,,,,5,,
2587,mask_slitted01_nor_m,mask_slitted01_nor_m,0,1,,,,,,,,,,,,,,,,,,,5,,
2588,mask_slitted01_nor_f,mask_slitted01_nor_f,0,1,,,,,,,,,,,,,,,,,,,5,,
2589,mask_slitted01_Dwa_m,mask_slitted01_Dwa_m,0,1,,,,,,,,,,,,,,,,,,,5,,
2590,mask_slitted01_Dwa_f,mask_slitted01_Dwa_f,0,1,,,,,,,,,,,,,,,,,,,5,,
2591,mask_slitted01_kob_m,mask_slitted01_kob_m,0,1,,,,,,,,,,,,,,,,,,,5,,
2592,mask_slitted01_kob_f,mask_slitted01_kob_f,0,1,,,,,,,,,,,,,,,,,,,5,,
2593,mask_slitted01_tro_m,mask_slitted01_tro_m,0,1,,,,,,,,,,,,,,,,,,,5,,
2594,mask_slitted01_tro_f,mask_slitted01_tro_f,0,1,,,,,,,,,,,,,,,,,,,5,,
2595,mask_slitted01_val_m,mask_slitted01_val_m,0,1,,,,,,,,,,,,,,,,,,,5,,
2596,mask_slitted01_val_f,mask_slitted01_val_f,0,1,,,,,,,,,,,,,,,,,,,5,,
2597,mask_slitted01_fro_m,mask_slitted01_fro_m,0,1,,,,,,,,,,,,,,,,,,,5,,
2598,mask_slitted01_fro_f,mask_slitted01_fro_f,0,1,,,,,,,,,,,,,,,,,,,5,,
2599,mask_slitted01_cel_m,mask_slitted01_cel_m,0,1,,,,,,,,,,,,,,,,,,,5,,
2600,mask_slitted01_cel_f,mask_slitted01_cel_f,0,1,,,,,,,,,,,,,,,,,,,5,,
2601,mask_slitted01_elf_m,mask_slitted01_elf_m,0,1,,,,,,,,,,,,,,,,,,,5,,
2602,mask_slitted01_elf_f,mask_slitted01_elf_f,0,1,,,,,,,,,,,,,,,,,,,5,,
2603,mask_slitted01_lur_m,mask_slitted01_lur_m,0,1,,,,,,,,,,,,,,,,,,,5,,
2604,mask_slitted01_lur_f,mask_slitted01_lur_f,0,1,,,,,,,,,,,,,,,,,,,5,,
2605,mask_slitted01_fir_m,mask_slitted01_fir_m,0,1,,,,,,,,,,,,,,,,,,,5,,
2606,mask_slitted01_fir_f,mask_slitted01_fir_f,0,1,,,,,,,,,,,,,,,,,,,5,,
2607,mask_slitted01_syl_m,mask_slitted01_syl_m,0,1,,,,,,,,,,,,,,,,,,,5,,
2608,mask_slitted01_syl_f,mask_slitted01_syl_f,0,1,,,,,,,,,,,,,,,,,,,5,,
2609,mask_slitted01_sha_m,mask_slitted01_sha_m,0,1,,,,,,,,,,,,,,,,,,,5,,
2610,mask_slitted01_sha_f,mask_slitted01_sha_f,0,1,,,,,,,,,,,,,,,,,,,5,,
2611,mask_slitted01_min_m,mask_slitted01_min_m,0,1,,,,,,,,,,,,,,,,,,,5,,
2612,mask_skull01_bri_m,mask_skull01_bri_m,0,1,,,,,,,,,,,,,,,,,,,5,,
2613,mask_skull01_bri_f,mask_skull01_bri_f,0,1,,,,,,,,,,,,,,,,,,,5,,
2614,mask_skull01_sar_m,mask_skull01_sar_m,0,1,,,,,,,,,,,,,,,,,,,5,,
2615,mask_skull01_sar_f,mask_skull01_sar_f,0,1,,,,,,,,,,,,,,,,,,,5,,
2616,mask_skull01_hig_m,mask_skull01_hig_m,0,1,,,,,,,,,,,,,,,,,,,5,,
2617,mask_skull01_hig_f,mask_skull01_hig_f,0,1,,,,,,,,,,,,,,,,,,,5,,
2618,mask_skull01_ava_m,mask_skull01_ava_m,0,1,,,,,,,,,,,,,,,,,,,5,,
2619,mask_skull01_ava_f,mask_skull01_ava_f,0,1,,,,,,,,,,,,,,,,,,,5,,
2620,mask_skull01_inc_m,mask_skull01_inc_m,0,1,,,,,,,,,,,,,,,,,,,5,,
2621,mask_skull01_inc_f,mask_skull01_inc_f,0,1,,,,,,,,,,,,,,,,,,,5,,
2622,mask_skull01_hal_m,mask_skull01_hal_m,0,1,,,,,,,,,,,,,,,,,,,5,,
2623,mask_skull01_hal_f,mask_skull01_hal_f,0,1,,,,,,,,,,,,,,,,,,,5,,
2624,mask_skull01_nor_m,mask_skull01_nor_m,0,1,,,,,,,,,,,,,,,,,,,5,,
2625,mask_skull01_nor_f,mask_skull01_nor_f,0,1,,,,,,,,,,,,,,,,,,,5,,
2626,mask_skull01_Dwa_m,mask_skull01_Dwa_m,0,1,,,,,,,,,,,,,,,,,,,5,,
2627,mask_skull01_Dwa_f,mask_skull01_Dwa_f,0,1,,,,,,,,,,,,,,,,,,,5,,
2628,mask_skull01_kob_m,mask_skull01_kob_m,0,1,,,,,,,,,,,,,,,,,,,5,,
2629,mask_skull01_kob_f,mask_skull01_kob_f,0,1,,,,,,,,,,,,,,,,,,,5,,
2630,mask_skull01_tro_m,mask_skull01_tro_m,0,1,,,,,,,,,,,,,,,,,,,5,,
2631,mask_skull01_tro_f,mask_skull01_tro_f,0,1,,,,,,,,,,,,,,,,,,,5,,
2632,mask_skull01_val_m,mask_skull01_val_m,0,1,,,,,,,,,,,,,,,,,,,5,,
2633,mask_skull01_val_f,mask_skull01_val_f,0,1,,,,,,,,,,,,,,,,,,,5,,
2634,mask_skull01_fro_m,mask_skull01_fro_m,0,1,,,,,,,,,,,,,,,,,,,5,,
2635,mask_skull01_fro_f,mask_skull01_fro_f,0,1,,,,,,,,,,,,,,,,,,,5,,
2636,mask_skull01_cel_m,mask_skull01_cel_m,0,1,,,,,,,,,,,,,,,,,,,5,,
2637,mask_skull01_cel_f,mask_skull01_cel_f,0,1,,,,,,,,,,,,,,,,,,,5,,
2638,mask_skull01_elf_m,mask_skull01_elf_m,0,1,,,,,,,,,,,,,,,,,,,5,,
2639,mask_skull01_elf_f,mask_skull01_elf_f,0,1,,,,,,,,,,,,,,,,,,,5,,
2640,mask_skull01_lur_m,mask_skull01_lur_m,0,1,,,,,,,,,,,,,,,,,,,5,,
2641,mask_skull01_lur_f,mask_skull01_lur_f,0,1,,,,,,,,,,,,,,,,,,,5,,
2642,mask_skull01_fir_m,mask_skull01_fir_m,0,1,,,,,,,,,,,,,,,,,,,5,,
2643,mask_skull01_fir_f,mask_skull01_fir_f,0,1,,,,,,,,,,,,,,,,,,,5,,
2644,mask_skull01_syl_m,mask_skull01_syl_m,0,1,,,,,,,,,,,,,,,,,,,5,,
2645,mask_skull01_syl_f,mask_skull01_syl_f,0,1,,,,,,,,,,,,,,,,,,,5,,
2646,mask_skull01_sha_m,mask_skull01_sha_m,0,1,,,,,,,,,,,,,,,,,,,5,,
2647,mask_skull01_sha_f,mask_skull01_sha_f,0,1,,,,,,,,,,,,,,,,,,,5,,
2648,mask_skull01_min_m,mask_skull01_min_m,0,1,,,,,,,,,,,,,,,,,,,5,,
2649,mask_plague01_bri_m,mask_plague01_bri_m,0,1,,,,,,,,,,,,,,,,,,,5,,
2650,mask_plague01_bri_f,mask_plague01_bri_f,0,1,,,,,,,,,,,,,,,,,,,5,,
2651,mask_plague01_sar_m,mask_plague01_sar_m,0,1,,,,,,,,,,,,,,,,,,,5,,
2652,mask_plague01_sar_f,mask_plague01_sar_f,0,1,,,,,,,,,,,,,,,,,,,5,,
2653,mask_plague01_hig_m,mask_plague01_hig_m,0,1,,,,,,,,,,,,,,,,,,,5,,
2654,mask_plague01_hig_f,mask_plague01_hig_f,0,1,,,,,,,,,,,,,,,,,,,5,,
2655,mask_plague01_ava_m,mask_plague01_ava_m,0,1,,,,,,,,,,,,,,,,,,,5,,
2656,mask_plague01_ava_f,mask_plague01_ava_f,0,1,,,,,,,,,,,,,,,,,,,5,,
2657,mask_plague01_inc_m,mask_plague01_inc_m,0,1,,,,,,,,,,,,,,,,,,,5,,
2658,mask_plague01_inc_f,mask_plague01_inc_f,0,1,,,,,,,,,,,,,,,,,,,5,,
2659,mask_plague01_hal_m,mask_plague01_hal_m,0,1,,,,,,,,,,,,,,,,,,,5,,
2660,mask_plague01_hal_f,mask_plague01_hal_f,0,1,,,,,,,,,,,,,,,,,,,5,,
2661,mask_plague01_nor_m,mask_plague01_nor_m,0,1,,,,,,,,,,,,,,,,,,,5,,
2662,mask_plague01_nor_f,mask_plague01_nor_f,0,1,,,,,,,,,,,,,,,,,,,5,,
2663,mask_plague01_Dwa_m,mask_plague01_Dwa_m,0,1,,,,,,,,,,,,,,,,,,,5,,
2664,mask_plague01_Dwa_f,mask_plague01_Dwa_f,0,1,,,,,,,,,,,,,,,,,,,5,,
2665,mask_plague01_kob_m,mask_plague01_kob_m,0,1,,,,,,,,,,,,,,,,,,,5,,
2666,mask_plague01_kob_f,mask_plague01_kob_f,0,1,,,,,,,,,,,,,,,,,,,5,,
2667,mask_plague01_tro_m,mask_plague01_tro_m,0,1,,,,,,,,,,,,,,,,,,,5,,
2668,mask_plague01_tro_f,mask_plague01_tro_f,0,1,,,,,,,,,,,,,,,,,,,5,,
2669,mask_plague01_val_m,mask_plague01_val_m,0,1,,,,,,,,,,,,,,,,,,,5,,
2670,mask_plague01_val_f,mask_plague01_val_f,0,1,,,,,,,,,,,,,,,,,,,5,,
2671,mask_plague01_fro_m,mask_plague01_fro_m,0,1,,,,,,,,,,,,,,,,,,,5,,
2672,mask_plague01_fro_f,mask_plague01_fro_f,0,1,,,,,,,,,,,,,,,,,,,5,,
2673,mask_plague01_cel_m,mask_plague01_cel_m,0,1,,,,,,,,,,,,,,,,,,,5,,
2674,mask_plague01_cel_f,mask_plague01_cel_f,0,1,,,,,,,,,,,,,,,,,,,5,,
2675,mask_plague01_elf_m,mask_plague01_elf_m,0,1,,,,,,,,,,,,,,,,,,,5,,
2676,mask_plague01_elf_f,mask_plague01_elf_f,0,1,,,,,,,,,,,,,,,,,,,5,,
2677,mask_plague01_lur_m,mask_plague01_lur_m,0,1,,,,,,,,,,,,,,,,,,,5,,
2678,mask_plague01_lur_f,mask_plague01_lur_f,0,1,,,,,,,,,,,,,,,,,,,5,,
2679,mask_plague01_fir_m,mask_plague01_fir_m,0,1,,,,,,,,,,,,,,,,,,,5,,
2680,mask_plague01_fir_f,mask_plague01_fir_f,0,1,,,,,,,,,,,,,,,,,,,5,,
2681,mask_plague01_syl_m,mask_plague01_syl_m,0,1,,,,,,,,,,,,,,,,,,,5,,
2682,mask_plague01_syl_f,mask_plague01_syl_f,0,1,,,,,,,,,,,,,,,,,,,5,,
2683,mask_plague01_sha_m,mask_plague01_sha_m,0,1,,,,,,,,,,,,,,,,,,,5,,
2684,mask_plague01_sha_f,mask_plague01_sha_f,0,1,,,,,,,,,,,,,,,,,,,5,,
2685,mask_plague01_min_m,mask_plague01_min_m,0,1,,,,,,,,,,,,,,,,,,,5,,
2686,mask_beast01_bri_m,mask_beast01_bri_m,0,1,,,,,,,,,,,,,,,,,,,5,,
2687,mask_beast01_bri_f,mask_beast01_bri_f,0,1,,,,,,,,,,,,,,,,,,,5,,
2688,mask_beast01_sar_m,mask_beast01_sar_m,0,1,,,,,,,,,,,,,,,,,,,5,,
2689,mask_beast01_sar_f,mask_beast01_sar_f,0,1,,,,,,,,,,,,,,,,,,,5,,
2690,mask_beast01_hig_m,mask_beast01_hig_m,0,1,,,,,,,,,,,,,,,,,,,5,,
2691,mask_beast01_hig_f,mask_beast01_hig_f,0,1,,,,,,,,,,,,,,,,,,,5,,
2692,mask_beast01_ava_m,mask_beast01_ava_m,0,1,,,,,,,,,,,,,,,,,,,5,,
2693,mask_beast01_ava_f,mask_beast01_ava_f,0,1,,,,,,,,,,,,,,,,,,,5,,
2694,mask_beast01_inc_m,mask_beast01_inc_m,0,1,,,,,,,,,,,,,,,,,,,5,,
2695,mask_beast01_inc_f,mask_beast01_inc_f,0,1,,,,,,,,,,,,,,,,,,,5,,
2696,mask_beast01_hal_m,mask_beast01_hal_m,0,1,,,,,,,,,,,,,,,,,,,5,,
2697,mask_beast01_hal_f,mask_beast01_hal_f,0,1,,,,,,,,,,,,,,,,,,,5,,
2698,mask_beast01_nor_m,mask_beast01_nor_m,0,1,,,,,,,,,,,,,,,,,,,5,,
2699,mask_beast01_nor_f,mask_beast01_nor_f,0,1,,,,,,,,,,,,,,,,,,,5,,
2700,mask_beast01_Dwa_m,mask_beast01_Dwa_m,0,1,,,,,,,,,,,,,,,,,,,5,,
2701,mask_beast01_Dwa_f,mask_beast01_Dwa_f,0,1,,,,,,,,,,,,,,,,,,,5,,
2702,mask_beast01_kob_m,mask_beast01_kob_m,0,1,,,,,,,,,,,,,,,,,,,5,,
2703,mask_beast01_kob_f,mask_beast01_kob_f,0,1,,,,,,,,,,,,,,,,,,,5,,
2704,mask_beast01_tro_m,mask_beast01_tro_m,0,1,,,,,,,,,,,,,,,,,,,5,,
2705,mask_beast01_tro_f,mask_beast01_tro_f,0,1,,,,,,,,,,,,,,,,,,,5,,
2706,mask_beast01_val_m,mask_beast01_val_m,0,1,,,,,,,,,,,,,,,,,,,5,,
2707,mask_beast01_val_f,mask_beast01_val_f,0,1,,,,,,,,,,,,,,,,,,,5,,
2708,mask_beast01_fro_m,mask_beast01_fro_m,0,1,,,,,,,,,,,,,,,,,,,5,,
2709,mask_beast01_fro_f,mask_beast01_fro_f,0,1,,,,,,,,,,,,,,,,,,,5,,
2710,mask_beast01_cel_m,mask_beast01_cel_m,0,1,,,,,,,,,,,,,,,,,,,5,,
2711,mask_beast01_cel_f,mask_beast01_cel_f,0,1,,,,,,,,,,,,,,,,,,,5,,
2712,mask_beast01_elf_m,mask_beast01_elf_m,0,1,,,,,,,,,,,,,,,,,,,5,,
2713,mask_beast01_elf_f,mask_beast01_elf_f,0,1,,,,,,,,,,,,,,,,,,,5,,
2714,mask_beast01_lur_m,mask_beast01_lur_m,0,1,,,,,,,,,,,,,,,,,,,5,,
2715,mask_beast01_lur_f,mask_beast01_lur_f,0,1,,,,,,,,,,,,,,,,,,,5,,
2716,mask_beast01_fir_m,mask_beast01_fir_m,0,1,,,,,,,,,,,,,,,,,,,5,,
2717,mask_beast01_fir_f,mask_beast01_fir_f,0,1,,,,,,,,,,,,,,,,,,,5,,
2718,mask_beast01_syl_m,mask_beast01_syl_m,0,1,,,,,,,,,,,,,,,,,,,5,,
2719,mask_beast01_syl_f,mask_beast01_syl_f,0,1,,,,,,,,,,,,,,,,,,,5,,
2720,mask_beast01_sha_m,mask_beast01_sha_m,0,1,,,,,,,,,,,,,,,,,,,5,,
2721,mask_beast01_sha_f,mask_beast01_sha_f,0,1,,,,,,,,,,,,,,,,,,,5,,
2722,mask_beast01_min_m,mask_beast01_min_m,0,1,,,,,,,,,,,,,,,,,,,5,,
2723,mask_devour01_bri_m,mask_devour01_bri_m,0,1,,,,,,,,,,,,,,,,,,,5,,
2724,mask_devour01_bri_f,mask_devour01_bri_f,0,1,,,,,,,,,,,,,,,,,,,5,,
2725,mask_devour01_sar_m,mask_devour01_sar_m,0,1,,,,,,,,,,,,,,,,,,,5,,
2726,mask_devour01_sar_f,mask_devour01_sar_f,0,1,,,,,,,,,,,,,,,,,,,5,,
2727,mask_devour01_hig_m,mask_devour01_hig_m,0,1,,,,,,,,,,,,,,,,,,,5,,
2728,mask_devour01_hig_f,mask_devour01_hig_f,0,1,,,,,,,,,,,,,,,,,,,5,,
2729,mask_devour01_ava_m,mask_devour01_ava_m,0,1,,,,,,,,,,,,,,,,,,,5,,
2730,mask_devour01_ava_f,mask_devour01_ava_f,0,1,,,,,,,,,,,,,,,,,,,5,,
2731,mask_devour01_inc_m,mask_devour01_inc_m,0,1,,,,,,,,,,,,,,,,,,,5,,
2732,mask_devour01_inc_f,mask_devour01_inc_f,0,1,,,,,,,,,,,,,,,,,,,5,,
2733,mask_devour01_hal_m,mask_devour01_hal_m,0,1,,,,,,,,,,,,,,,,,,,5,,
2734,mask_devour01_hal_f,mask_devour01_hal_f,0,1,,,,,,,,,,,,,,,,,,,5,,
2735,mask_devour01_nor_m,mask_devour01_nor_m,0,1,,,,,,,,,,,,,,,,,,,5,,
2736,mask_devour01_nor_f,mask_devour01_nor_f,0,1,,,,,,,,,,,,,,,,,,,5,,
2737,mask_devour01_Dwa_m,mask_devour01_Dwa_m,0,1,,,,,,,,,,,,,,,,,,,5,,
2738,mask_devour01_Dwa_f,mask_devour01_Dwa_f,0,1,,,,,,,,,,,,,,,,,,,5,,
2739,mask_devour01_kob_m,mask_devour01_kob_m,0,1,,,,,,,,,,,,,,,,,,,5,,
2740,mask_devour01_kob_f,mask_devour01_kob_f,0,1,,,,,,,,,,,,,,,,,,,5,,
2741,mask_devour01_tro_m,mask_devour01_tro_m,0,1,,,,,,,,,,,,,,,,,,,5,,
2742,mask_devour01_tro_f,mask_devour01_tro_f,0,1,,,,,,,,,,,,,,,,,,,5,,
2743,mask_devour01_val_m,mask_devour01_val_m,0,1,,,,,,,,,,,,,,,,,,,5,,
2744,mask_devour01_val_f,mask_devour01_val_f,0,1,,,,,,,,,,,,,,,,,,,5,,
2745,mask_devour01_fro_m,mask_devour01_fro_m,0,1,,,,,,,,,,,,,,,,,,,5,,
2746,mask_devour01_fro_f,mask_devour01_fro_f,0,1,,,,,,,,,,,,,,,,,,,5,,
2747,mask_devour01_cel_m,mask_devour01_cel_m,0,1,,,,,,,,,,,,,,,,,,,5,,
2748,mask_devour01_cel_f,mask_devour01_cel_f,0,1,,,,,,,,,,,,,,,,,,,5,,
2749,mask_devour01_elf_m,mask_devour01_elf_m,0,1,,,,,,,,,,,,,,,,,,,5,,
2750,mask_devour01_elf_f,mask_devour01_elf_f,0,1,,,,,,,,,,,,,,,,,,,5,,
2751,mask_devour01_lur_m,mask_devour01_lur_m,0,1,,,,,,,,,,,,,,,,,,,5,,
2752,mask_devour01_lur_f,mask_devour01_lur_f,0,1,,,,,,,,,,,,,,,,,,,5,,
2753,mask_devour01_fir_m,mask_devour01_fir_m,0,1,,,,,,,,,,,,,,,,,,,5,,
2754,mask_devour01_fir_f,mask_devour01_fir_f,0,1,,,,,,,,,,,,,,,,,,,5,,
2755,mask_devour01_syl_m,mask_devour01_syl_m,0,1,,,,,,,,,,,,,,,,,,,5,,
2756,mask_devour01_syl_f,mask_devour01_syl_f,0,1,,,,,,,,,,,,,,,,,,,5,,
2757,mask_devour01_sha_m,mask_devour01_sha_m,0,1,,,,,,,,,,,,,,,,,,,5,,
2758,mask_devour01_sha_f,mask_devour01_sha_f,0,1,,,,,,,,,,,,,,,,,,,5,,
2759,mask_devour01_min_m,mask_devour01_min_m,0,1,,,,,,,,,,,,,,,,,,,5,,
2760,mask_satyr01_bri_m,mask_satyr01_bri_m,0,1,,,,,,,,,,,,,,,,,,,5,,
2761,mask_satyr01_bri_f,mask_satyr01_bri_f,0,1,,,,,,,,,,,,,,,,,,,5,,
2762,mask_satyr01_sar_m,mask_satyr01_sar_m,0,1,,,,,,,,,,,,,,,,,,,5,,
2763,mask_satyr01_sar_f,mask_satyr01_sar_f,0,1,,,,,,,,,,,,,,,,,,,5,,
2764,mask_satyr01_hig_m,mask_satyr01_hig_m,0,1,,,,,,,,,,,,,,,,,,,5,,
2765,mask_satyr01_hig_f,mask_satyr01_hig_f,0,1,,,,,,,,,,,,,,,,,,,5,,
2766,mask_satyr01_ava_m,mask_satyr01_ava_m,0,1,,,,,,,,,,,,,,,,,,,5,,
2767,mask_satyr01_ava_f,mask_satyr01_ava_f,0,1,,,,,,,,,,,,,,,,,,,5,,
2768,mask_satyr01_inc_m,mask_satyr01_inc_m,0,1,,,,,,,,,,,,,,,,,,,5,,
2769,mask_satyr01_inc_f,mask_satyr01_inc_f,0,1,,,,,,,,,,,,,,,,,,,5,,
2770,mask_satyr01_hal_m,mask_satyr01_hal_m,0,1,,,,,,,,,,,,,,,,,,,5,,
2771,mask_satyr01_hal_f,mask_satyr01_hal_f,0,1,,,,,,,,,,,,,,,,,,,5,,
2772,mask_satyr01_nor_m,mask_satyr01_nor_m,0,1,,,,,,,,,,,,,,,,,,,5,,
2773,mask_satyr01_nor_f,mask_satyr01_nor_f,0,1,,,,,,,,,,,,,,,,,,,5,,
2774,mask_satyr01_Dwa_m,mask_satyr01_Dwa_m,0,1,,,,,,,,,,,,,,,,,,,5,,
2775,mask_satyr01_Dwa_f,mask_satyr01_Dwa_f,0,1,,,,,,,,,,,,,,,,,,,5,,
2776,mask_satyr01_kob_m,mask_satyr01_kob_m,0,1,,,,,,,,,,,,,,,,,,,5,,
2777,mask_satyr01_kob_f,mask_satyr01_kob_f,0,1,,,,,,,,,,,,,,,,,,,5,,
2778,mask_satyr01_tro_m,mask_satyr01_tro_m,0,1,,,,,,,,,,,,,,,,,,,5,,
2779,mask_satyr01_tro_f,mask_satyr01_tro_f,0,1,,,,,,,,,,,,,,,,,,,5,,
2780,mask_satyr01_val_m,mask_satyr01_val_m,0,1,,,,,,,,,,,,,,,,,,,5,,
2781,mask_satyr01_val_f,mask_satyr01_val_f,0,1,,,,,,,,,,,,,,,,,,,5,,
2782,mask_satyr01_fro_m,mask_satyr01_fro_m,0,1,,,,,,,,,,,,,,,,,,,5,,
2783,mask_satyr01_fro_f,mask_satyr01_fro_f,0,1,,,,,,,,,,,,,,,,,,,5,,
2784,mask_satyr01_cel_m,mask_satyr01_cel_m,0,1,,,,,,,,,,,,,,,,,,,5,,
2785,mask_satyr01_cel_f,mask_satyr01_cel_f,0,1,,,,,,,,,,,,,,,,,,,5,,
2786,mask_satyr01_elf_m,mask_satyr01_elf_m,0,1,,,,,,,,,,,,,,,,,,,5,,
2787,mask_satyr01_elf_f,mask_satyr01_elf_f,0,1,,,,,,,,,,,,,,,,,,,5,,
2788,mask_satyr01_lur_m,mask_satyr01_lur_m,0,1,,,,,,,,,,,,,,,,,,,5,,
2789,mask_satyr01_lur_f,mask_satyr01_lur_f,0,1,,,,,,,,,,,,,,,,,,,5,,
2790,mask_satyr01_fir_m,mask_satyr01_fir_m,0,1,,,,,,,,,,,,,,,,,,,5,,
2791,mask_satyr01_fir_f,mask_satyr01_fir_f,0,1,,,,,,,,,,,,,,,,,,,5,,
2792,mask_satyr01_syl_m,mask_satyr01_syl_m,0,1,,,,,,,,,,,,,,,,,,,5,,
2793,mask_satyr01_syl_f,mask_satyr01_syl_f,0,1,,,,,,,,,,,,,,,,,,,5,,
2794,mask_satyr01_sha_m,mask_satyr01_sha_m,0,1,,,,,,,,,,,,,,,,,,,5,,
2795,mask_satyr01_sha_f,mask_satyr01_sha_f,0,1,,,,,,,,,,,,,,,,,,,5,,
2796,mask_satyr01_min_m,mask_satyr01_min_m,0,1,,,,,,,,,,,,,,,,,,,5,,
2797,mask_death01_bri_m,mask_death01_bri_m,0,1,,,,,,,,,,,,,,,,,,,5,,
2798,mask_death01_bri_f,mask_death01_bri_f,0,1,,,,,,,,,,,,,,,,,,,5,,
2799,mask_death01_sar_m,mask_death01_sar_m,0,1,,,,,,,,,,,,,,,,,,,5,,
2800,mask_death01_sar_f,mask_death01_sar_f,0,1,,,,,,,,,,,,,,,,,,,5,,
2801,mask_death01_hig_m,mask_death01_hig_m,0,1,,,,,,,,,,,,,,,,,,,5,,
2802,mask_death01_hig_f,mask_death01_hig_f,0,1,,,,,,,,,,,,,,,,,,,5,,
2803,mask_death01_ava_m,mask_death01_ava_m,0,1,,,,,,,,,,,,,,,,,,,5,,
2804,mask_death01_ava_f,mask_death01_ava_f,0,1,,,,,,,,,,,,,,,,,,,5,,
2805,mask_death01_inc_m,mask_death01_inc_m,0,1,,,,,,,,,,,,,,,,,,,5,,
2806,mask_death01_inc_f,mask_death01_inc_f,0,1,,,,,,,,,,,,,,,,,,,5,,
2807,mask_death01_hal_m,mask_death01_hal_m,0,1,,,,,,,,,,,,,,,,,,,5,,
2808,mask_death01_hal_f,mask_death01_hal_f,0,1,,,,,,,,,,,,,,,,,,,5,,
2809,mask_death01_nor_m,mask_death01_nor_m,0,1,,,,,,,,,,,,,,,,,,,5,,
2810,mask_death01_nor_f,mask_death01_nor_f,0,1,,,,,,,,,,,,,,,,,,,5,,
2811,mask_death01_Dwa_m,mask_death01_Dwa_m,0,1,,,,,,,,,,,,,,,,,,,5,,
2812,mask_death01_Dwa_f,mask_death01_Dwa_f,0,1,,,,,,,,,,,,,,,,,,,5,,
2813,mask_death01_kob_m,mask_death01_kob_m,0,1,,,,,,,,,,,,,,,,,,,5,,
2814,mask_death01_kob_f,mask_death01_kob_f,0,1,,,,,,,,,,,,,,,,,,,5,,
2815,mask_death01_tro_m,mask_death01_tro_m,0,1,,,,,,,,,,,,,,,,,,,5,,
2816,mask_death01_tro_f,mask_death01_tro_f,0,1,,,,,,,,,,,,,,,,,,,5,,
2817,mask_death01_val_m,mask_death01_val_m,0,1,,,,,,,,,,,,,,,,,,,5,,
2818,mask_death01_val_f,mask_death01_val_f,0,1,,,,,,,,,,,,,,,,,,,5,,
2819,mask_death01_fro_m,mask_death01_fro_m,0,1,,,,,,,,,,,,,,,,,,,5,,
2820,mask_death01_fro_f,mask_death01_fro_f,0,1,,,,,,,,,,,,,,,,,,,5,,
2821,mask_death01_cel_m,mask_death01_cel_m,0,1,,,,,,,,,,,,,,,,,,,5,,
2822,mask_death01_cel_f,mask_death01_cel_f,0,1,,,,,,,,,,,,,,,,,,,5,,
2823,mask_death01_elf_m,mask_death01_elf_m,0,1,,,,,,,,,,,,,,,,,,,5,,
2824,mask_death01_elf_f,mask_death01_elf_f,0,1,,,,,,,,,,,,,,,,,,,5,,
2825,mask_death01_lur_m,mask_death01_lur_m,0,1,,,,,,,,,,,,,,,,,,,5,,
2826,mask_death01_lur_f,mask_death01_lur_f,0,1,,,,,,,,,,,,,,,,,,,5,,
2827,mask_death01_fir_m,mask_death01_fir_m,0,1,,,,,,,,,,,,,,,,,,,5,,
2828,mask_death01_fir_f,mask_death01_fir_f,0,1,,,,,,,,,,,,,,,,,,,5,,
2829,mask_death01_syl_m,mask_death01_syl_m,0,1,,,,,,,,,,,,,,,,,,,5,,
2830,mask_death01_syl_f,mask_death01_syl_f,0,1,,,,,,,,,,,,,,,,,,,5,,
2831,mask_death01_sha_m,mask_death01_sha_m,0,1,,,,,,,,,,,,,,,,,,,5,,
2832,mask_death01_sha_f,mask_death01_sha_f,0,1,,,,,,,,,,,,,,,,,,,5,,
2833,mask_death01_min_m,mask_death01_min_m,0,1,,,,,,,,,,,,,,,,,,,5,,
2834,Table_Frontier_MID,int_floor_table_Frontier_Midgard,0,0,,,,,,,,,,,,1,,,,,,,,,
2835,Table_Frontier_HIB,int_floor_table_Frontier_Hibernia,0,0,,,,,,,,,,,,1,,,,,,,,,
2836,Table_Frontier_ALB,int_floor_table_Frontier_Albion,0,0,,,,,,,,,,,,1,,,,,,,,,
2837,Table_Frontier_ellan_Vannin,int_floor_table_Frontier_Ellan_Vannin,0,0,,,,,,,,,,,,1,,,,,,,,,
2838,VFX_helmet_NULL for Pumpkin 120%,VFX_helmet_NULL-pumpkin,0,0,,,,,,,,,,,,,,,,,,,5,,120
2839,VFX_helmet_NULL for Pumpkin 100%,VFX_helmet_NULL-pumpkin,0,0,,,,,,,,,,,,,,,,,,,5,,100
2840,VFX_helmet_NULL for Pumpkin 110%,VFX_helmet_NULL-pumpkin,0,0,,,,,,,,,,,,,,,,,,,5,,110
2841,VFX_helmet_NULL for Pumpkin 105%,VFX_helmet_NULL-pumpkin,0,0,,,,,,,,,,,,,,,,,,,5,,105
2842,VFX_helmet_NULL for Pumpkin 135%,VFX_helmet_NULL-pumpkin,0,0,,,,,,,,,,,,,,,,,,,5,,135
2843,VFX_helmet_NULL for Pumpkin 150%,VFX_helmet_NULL-pumpkin,0,0,,,,,,,,,,,,,,,,,,,5,,210
2844,VFX_helmet_NULL for Pumpkin 125 lower,VFX_helmet_NULL-pumpkin-LOWER,0,0,,,,,,,,,,,,,,,,,,,5,,125
2845,VFX_helmet_NULL for Pumpkin 118 lower,VFX_helmet_NULL-pumpkin-LOWER-TROLL_F,0,0,,,,,,,,,,,,,,,,,,,5,,118
2846,VFX_helmet_NULL for Pumpkin 130%,VFX_helmet_NULL-pumpkin,0,0,,,,,,,,,,,,,,,,,,,5,,130
2847,VFX_helmet_NULL-pumpkin-KOB_M,VFX_helmet_NULL-pumpkin-KOB_M,0,0,,,,,,,,,,,,,,,,,,,5,,120
2848,VFX_helmet_NULL-pumpkin-KOB_M,VFX_helmet_NULL-pumpkin-KOB_M,0,0,,,,,,,,,,,,,,,,,,,5,,150
2849,VFX_helmet_NULL for Pumpkin 125 lower,VFX_helmet_NULL-pumpkin-VAL_M,0,0,,,,,,,,,,,,,,,,,,,5,,125
2850,VFX_helmet_NULL for Pumpkin 120% -firb,VFX_helmet_NULL-pumpkin-Firbolg_M,0,0,,,,,,,,,,,,,,,,,,,5,,120
2851,jackolantern-GROUND,jackolantern-GROUND,0,0,,,,,,,,,,,,,,,,,,,,,
2852,yule_hat_val_m,yule_hat_val_m,0,1,,,,,,,,,,,,,,,,,,,2,,
2853,yule_hat_ava_m,yule_hat_ava_m,0,1,,,,,,,,,,,,,,,,,,,2,,
2854,yule_hat_bri_m,yule_hat_bri_m,0,1,,,,,,,,,,,,,,,,,,,2,,
2855,yule_hat_Dwa_m,yule_hat_Dwa_m,0,1,,,,,,,,,,,,,,,,,,,2,,
2856,yule_hat_fir_m,yule_hat_fir_m,0,1,,,,,,,,,,,,,,,,,,,2,,
2857,yule_hat_hal_m,yule_hat_hal_m,0,1,,,,,,,,,,,,,,,,,,,2,,
2858,yule_hat_inc_m,yule_hat_inc_m,0,1,,,,,,,,,,,,,,,,,,,2,,
2859,yule_hat_kob_m,yule_hat_kob_m,0,1,,,,,,,,,,,,,,,,,,,2,,
2860,yule_hat_lur_m,yule_hat_lur_m,0,1,,,,,,,,,,,,,,,,,,,2,,
2861,yule_hat_min_m,yule_hat_min_m,0,1,,,,,,,,,,,,,,,,,,,2,,
2862,yule_hat_syl_m,yule_hat_syl_m,0,1,,,,,,,,,,,,,,,,,,,2,,
2863,yule_hat_tro_m,yule_hat_tro_m,0,1,,,,,,,,,,,,,,,,,,,2,,
2864,yule_hat_fro_m,yule_hat_fro_m,0,1,,,,,,,,,,,,,,,,,,,,,
2865,yule_hat_tro_f,yule_hat_tro_f,0,1,,,,,,,,,,,,,,,,,,,,,
2866,yule_hat_kob_f,yule_hat_kob_f,0,1,,,,,,,,,,,,,,,,,,,,,
2867,yule_hat_lur_f,yule_hat_lur_f,0,1,,,,,,,,,,,,,,,,,,,,,
2868,yule_hat_fir_f,yule_hat_fir_f,0,1,,,,,,,,,,,,,,,,,,,,,
2869,VFX_helmet_NULL for Pumpkin 115%,VFX_helmet_NULL-pumpkin,0,0,,,,,,,,,,,,,,,,,,,5,,115
2870,VFX_helmet_NULL for Pumpkin 115%,VFX_helmet_NULL-Pumpkin-up-and-back-BritF,0,0,,,,,,,,,,,,,,,,,,,5,,115
2871,VFX_helmet_NULL for Pumpkin ,VFX_helmet_NULL-Pumpkin-up-and-back-BritF,0,0,,,,,,,,,,,,,,,,,,,5,,
2872,VFX_helmet_NULL for Pumpkin 120%,VFX_helmet_NULL-Pumpkin-up-and-back-BritF,0,0,,,,,,,,,,,,,,,,,,,2,,120
2873,VFX_helmet_NULL for Pumpkin 110%,VFX_helmet_NULL-Pumpkin-up-and-back-BritF,0,0,,,,,,,,,,,,,,,,,,,2,,110
2874,VFX_helmet_NULL for Pumpkin 117%,VFX_helmet_NULL-pumpkin,0,0,,,,,,,,,,,,,,,,,,,2,,117
2875,VFX_helmet_NULL-Pumpkin-forwardNudge 115%,VFX_helmet_NULL-Pumpkin-forwardNudge,0,0,,,,,,,,,,,,,,,,,,,2,,115
2876,VFX_helmet_NULL-Pumpkin-forwardNudge 110,VFX_helmet_NULL-Pumpkin-forwardNudge,0,0,,,,,,,,,,,,,,,,,,,2,,110
2877,VFX_helmet_NULL for Pumpkin 160%,VFX_helmet_NULL-Pumpkin-up-and-back-BritF,0,0,,,,,,,,,,,,,,,,,,,2,,160
2878,VFX_helmet_NULL-Pumpkin-forwardNudge 150%,VFX_helmet_NULL-Pumpkin-forwardNudge,0,0,,,,,,,,,,,,,,,,,,,2,,150
2879,VFX_helmet_NULL for Pumpkin 140%,VFX_helmet_NULL-pumpkin,0,0,,,,,,,,,,,,,,,,,,,5,,140
2880,VFX_helmet_NULL-Pumpkin-BackNudge 120%,VFX_helmet_NULL-Pumpkin-BackNudge,0,0,,,,,,,,,,,,,,,,,,,2,,120
2881,VFX_helmet_NULL-pumpkin-KOB_M 175,VFX_helmet_NULL-pumpkin-KOB_M,0,0,,,,,,,,,,,,,,,,,,,2,,175
2882,VFX_helmet_NULL-Pumpkin-BackNudge 160%,VFX_helmet_NULL-Pumpkin-BackNudge,0,0,,,,,,,,,,,,,,,,,,,2,,160
2883,VFX_helmet_NULL-Pumpkin-forwardNudge 160%,VFX_helmet_NULL-Pumpkin-forwardNudge,0,0,,,,,,,,,,,,,,,,,,,2,,160
2884,VFX_helmet_NULL for Pumpkin 160%,VFX_helmet_NULL-Pumpkin-Lower-ForwardNudge,0,0,,,,,,,,,,,,,,,,,,,2,,160
2885,VFX_helmet_NULL for Pumpkin 152%,VFX_helmet_NULL-Pumpkin-Lower-ForwardNudgeMORE,0,0,,,,,,,,,,,,,,,,,,,2,,152
2886,VFX_helmet_NULL for Pumpkin 144 lower,VFX_helmet_NULL-pumpkin-VAL_M,0,0,,,,,,,,,,,,,,,,,,,2,,144
2887,VFX_helmet_NULL-Pumpkin-BackNudgeMORE 120%,VFX_helmet_NULL-Pumpkin-BackNudgeMORE,0,0,,,,,,,,,,,,,,,,,,,2,,120
2888,VFX_helmet_NULL-Pumpkin-BackNudgeMOREMORE 120%,VFX_helmet_NULL-Pumpkin-BackNudgeMOREMORE,0,0,,,,,,,,,,,,,,,,,,,2,,120
2889,VFX_helmet_NULL-Pumpkin-forwardNudgeMORE 115%,VFX_helmet_NULL-Pumpkin-forwardNudgeMORE,0,0,,,,,,,,,,,,,,,,,,,2,,115
2890,VFX_helmet_NULL-Pumpkin-BackNudge 155,VFX_helmet_NULL-Pumpkin-BackNudgeMORE,0,0,,,,,,,,,,,,,,,,,,,2,,155
2891,VFX_helmet_NULL-Pumpkin-forwardNudge 146%,VFX_helmet_NULL-Pumpkin-forwardNudge,0,0,,,,,,,,,,,,,,,,,,,2,,146
2892,VFX_helmet_NULL-Pumpkin-BackNudgeMORE 125%,VFX_helmet_NULL-Pumpkin-BackNudgeMORE,0,0,,,,,,,,,,,,,,,,,,,2,,125
2893,VFX_helmet_NULL-Pumpkin-forwardNudge ,VFX_helmet_NULL-Pumpkin-forwardNudgeMORE,0,0,,,,,,,,,,,,,,,,,,,2,,
2894,VFX_helmet_NULL-Pumpkin-BackNudge 144,VFX_helmet_NULL-Pumpkin-BackNudgeMORE,0,0,,,,,,,,,,,,,,,,,,,2,,144
2895,VFX_helmet_NULL-Pumpkin-BackNudge 150,VFX_helmet_NULL-Pumpkin-BackNudgeMORE,0,0,,,,,,,,,,,,,,,,,,,2,,150
2896,VFX_helmet_NULL for Pumpkin 125%,VFX_helmet_NULL-pumpkin,0,0,,,,,,,,,,,,,,,,,,,2,,125
2897,shield_egg01,shield_egg01,0,0,,,,,,,,,,,,,,,,,,,,,
