Information,,NIF,Skins,,,,,,,,,,,,Sound,,,,,Head,Hug,,Obj,,Helm,Alt,Body ,cloak,Emblem,No FX,alternate,min float,max float,Combat ,,Arms,Head,LOD,Body,Mon,Legs,Body,Head,Arms,Legs,Shield,Lbody,Gloves,Boots,Gloves,Boots,Lbody,Body,Head,Arms,Gloves,Lbody,Boots,Legs,Biped,No,ForceHeld,ForceHeld,No,Shape Change,No,Cata,CatSkin,Cata Skin,CatSkin,CatSkin,CatSkin,CatSkin,CatSkin,CatSkin,CatSkin,Cata,Cata,Cata,Cata,Cata,Cat No Armor,Cat No Armor,Cat No Armor,Cat No Armor,Cat No Armor,Cat No ,Cata Skinmode,Cata Eye Tint,Cata Skin Tint,Vampiir,Vampiir,Vampiir,Catac Alpha,Cata,Tutorial,Mount ,,
ID,name,#,Body,Head,Arms,Gloves,Lbody,Legs,Boots,Cloak,Helm,Scale,Tall,Shdw,Set,Kilt,Sarac.,Face,Hair,Geom.,Terr.,Fem,Scale,Norse,Scale,Helm,Multi,body,Cloak,Scale,anim,height,height,Tall,Width,Multi,Multi,Skin,Alpha,Effect,Multi,ENV Map,Env Map,Env Map,Env Map,Scale,Env Map,Env Map,Env Map,Multi,Multi ,Multi,Multi2,Multi2,Multi2,Multi2,Multi2,Multi2,Multi2,,Armor,LeftObj,RightObj,Spells,Flag,Held,Nif,Body,Lbody,Head,Arms,Gloves,Legs,Boots,Cloak,Hair,Helm Choce,Tint Arms,Tint hands,Tint Legs,Scale,Body,Arms,Gloves,Legs,Boots,Helm,Override,Override,Override, ,Skin Tint,Eye Tint,Arms,Helm,Con Flag,Number,Armor ,Barding
1,Demon,205,75,0,0,0,0,0,0,0,0,100,120,1,6,0,0,0,0,0,0,0,0,0,0,0,0,0,0,0,0,0,0,0,0,0,0,1419,0,0,0,0,0,0,0,0,,,,,,,,,,,,,,1,,,,,,,,,,,,,,,,,,,,,,,,,,,,,,,,,,,,,,,
2,Event Demon Nif,972,6770,6771,0,0,0,0,0,0,0,100,100,1,44,0,0,0,0,0,0,0,0,0,0,0,0,0,0,0,0,0,0,120,0,0,0,1419,0,0,0,0,0,0,0,0,,,,,,,,,,,,,,1,,,,,,,,,,,,,,,,,,,,,,,,,,,,,,,,,,,,,,,
3,Vendo Man,290,1161,0,0,0,0,0,0,0,0,140,110,1,33,0,0,0,0,0,0,0,115,0,0,0,0,0,0,0,0,0,0,0,0,0,0,1419,0,0,0,0,0,0,0,0,,,,,,,,,,,,,,1,,,,,,,,,,,,,,,,,,,,,,,,,,,,,,,,,,,,,,,
4,Stag Man,291,1162,0,0,0,0,0,0,0,0,140,120,1,33,0,0,0,0,0,0,0,115,0,0,0,0,0,0,0,0,0,0,0,0,0,0,1419,0,0,0,0,0,0,0,0,,,,,,,,,,,,,,1,,,,,,,,,,,,,,,,,,,,,,,,,,,,,,,,,,,,,,,
5,Briton Female Merchant 1,209,115,1022,116,117,118,119,120,0,0,100,78,1,11,0,0,12,0,1,0,1,96,0,94,0,0,1,1,0,0,0,0,0,0,0,0,1419,0,0,0,0,0,0,0,96,,,,,,,,,,,,,,1,,,,,,,608,3310,,3309,6231,3235,3236,3234,79,3308,2,1,1,,97,,,,,,,,,,,,,,,,,,
6,Briton Female Merchant 2,209,122,1024,123,124,125,119,120,0,0,100,78,1,11,0,0,13,0,2,0,1,96,0,94,0,0,1,1,0,0,0,0,0,0,0,0,1419,0,0,0,0,0,0,0,96,,,,,,,,,,,,,,1,,,,,,,608,3310,,3309,6231,3235,3236,3234,79,3308,2,1,1,,97,,,,,,,,,,,,,,,,,,
7,Briton Female Merchant 3,209,126,1018,127,128,129,119,120,0,0,100,78,1,11,0,0,14,0,1,0,1,96,0,94,0,0,1,1,0,0,0,0,0,0,0,0,1419,0,0,0,0,0,0,0,96,,,,,,,,,,,,,,1,,,,,,,608,3310,,3309,6231,3235,3236,3234,79,3308,2,1,1,,97,,,,,,,,,,,,,,,,,,
8,Briton Male Merchant 1,206,114,1020,116,117,118,119,120,0,0,100,80,1,1,0,0,8,0,1,0,0,100,0,102,0,0,1,1,0,0,0,0,0,0,0,0,1419,0,0,0,0,0,0,0,100,,,,,,,,,,,,,,1,,,,,,,582,3233,,3046,3232,3235,3236,3234,79,3237,1,1,1,,100,,,,,,,,,,,,,,,,,,
9,Briton Male Merchant 2,206,121,1030,123,124,125,119,120,0,0,100,80,1,1,0,0,9,0,1,0,0,100,0,102,0,0,1,1,0,0,0,0,0,0,0,0,1419,0,0,0,0,0,0,0,100,,,,,,,,,,,,,,1,,,,,,,582,3233,,3046,3232,3235,3236,3234,79,3237,1,1,1,,100,,,,,,,,,,,,,,,,,,
10,Briton Male Merchant 3,206,126,1017,127,128,129,119,120,0,0,100,80,1,1,0,0,10,0,2,0,0,100,0,102,0,0,1,1,0,0,0,0,0,0,0,0,1419,0,0,0,0,0,0,0,100,,,,,,,,,,,,,,1,,,,,,,582,3233,,3046,3232,3235,3236,3234,79,3237,1,1,1,,100,,,,,,,,,,,,,,,,,,
11,Siege Tower,961,0,0,0,0,0,0,0,0,0,100,250,1,0,0,0,0,0,0,0,0,0,0,0,0,0,0,0,0,0,0,0,0,0,0,0,0,0,24,0,0,0,0,0,0,,,,,,, ,,,,,,,,,,,,,,,,,,,,,,,,,,,,,,,,,,,,,,,,,,,,,,
12,Mini Vendo Man Form,290,1161,0,0,0,0,0,0,0,0,85,110,1,33,0,0,0,0,0,0,0,115,0,0,0,0,1,1,0,0,0,0,0,0,0,0,0,0,0,0,0,0,0,0,115,,,,,,,,,,,,,,,1,,,,,,,,,,,,,,,,,,,,,,,,,,,,,,,,,,,,,,
13,Lurikeen Stag Man,291,1162,0,0,0,0,0,0,0,0,70,60,1,33,0,0,0,0,0,0,0,115,0,0,0,0,1,1,0,0,0,0,0,0,0,0,1419,0,0,0,0,0,0,0,115,,,,,,,,,,,,,,,1,,,,,,,,,,,,,,,,,,,,,,,,,,,,,,,,,,,,,,
14,Briton Male,206,1,1022,3,5,6,4,7,79,0,100,80,1,8,0,0,8,1,1,0,0,100,0,102,0,0,1,1,0,0,0,0,0,0,0,0,1419,0,0,0,0,0,0,0,100,,,,,,,,,,,,,,1,,,,,,,582,3233,,3238,3232,3235,3236,3234,79,3237,1,1,1,,100,,,,,,,,,,,,,,,,,,
15,empty,0,0,0,0,0,0,0,0,0,0,100,75,1,0,0,0,0,0,0,0,0,0,0,0,0,0,0,0,0,0,0,0,0,0,0,0,1419,0,0,0,0,0,0,0,0,,,,,,,,,,,,,,0,,,,,,,,,,,,,,,,,,,,,,,,,,,,,,,,,,,,,,,
16,Briton Bandit 1,268,1055,0,0,0,0,0,0,0,0,95,80,1,8,0,0,0,0,0,0,0,0,0,0,0,0,0,0,0,0,0,0,0,0,0,0,1419,0,0,0,0,0,0,0,0,,,,,,,,,,,,,,1,,,,,,,,,,,,,,,,,,,,,,,,,,,,,,,,,,,,,,,
17,Britain Bandit 2,269,1055,0,0,0,0,0,0,0,0,95,80,1,8,0,0,0,0,0,0,0,0,0,0,0,0,0,0,0,0,0,0,0,0,0,0,1419,0,0,0,0,0,0,0,0,,,,,,,,,,,,,,1,,,,,,,,,,,,,,,,,,,,,,,,,,,,,,,,,,,,,,,
18,Briton Bandit Leader,270,1053,0,0,0,0,0,0,0,0,100,85,1,8,0,0,0,0,0,0,0,0,0,0,0,0,0,0,0,0,0,0,0,0,0,0,1419,0,0,0,0,0,0,0,0,,,,,,,,,,,,,,1,,,,,,,,,,,,,,,,,,,,,,,,,,,,,,,,,,,,,,,
19,Female briton bandit caster,273,1056,0,0,0,0,0,0,0,0,95,75,1,11,0,0,0,0,0,0,0,0,0,0,0,0,0,0,0,0,0,0,0,0,0,0,1419,0,0,0,0,0,0,0,0,,,,,,,,,,,,,,1,,,,,,,,,,,,,,,,,,,,,,,,,,,,,,,,,,,,,,,
20,Briton Bandit Lieutenant,271,1053,0,0,0,0,0,0,0,0,100,85,1,8,0,0,0,0,0,0,0,0,0,0,0,0,0,0,0,0,0,0,0,0,0,0,1419,0,0,0,0,0,0,0,0,,,,,,,,,,,,,,1,,,,,,,,,,,,,,,,,,,,,,,,,,,,,,,,,,,,,,,
21,empty,0,0,0,0,0,0,0,0,0,0,100,75,1,0,0,0,0,0,0,0,0,0,0,0,0,0,0,0,0,0,0,0,0,0,0,0,1419,0,0,0,0,0,0,0,0,,,,,,,,,,,,,,0,,,,,,,,,,,,,,,,,,,,,,,,,,,,,,,,,,,,,,,
22,Player Skeleton w/Res,407,1511,0,0,0,0,0,0,0,0,100,75,1,32,0,0,0,0,0,0,0,0,0,93,0,0,1,1,0,0,0,0,0,0,0,0,1419,0,0,0,0,0,0,0,0,,,,,,,,,,,,,,1,1, ,,,,,,,,,,,,,,,,,,,,,,,,,,,,,,,,,,,,,
23,Flesh Wight used for Player Model,276,1069,0,0,0,0,0,0,0,0,100,85,1,37,0,0,0,0,0,0,0,0,0,0,0,0,0,0,0,0,0,0,0,0,0,0,1419,0,0,0,0,0,0,0,0,,,,,,,,,,,,,,1,,,,,,,,,,,,,,,,,,,,,,,,,,,,,,,,,,,,,,,
24,Small Skeleton,207,80,80,0,0,0,0,0,0,0,75,55,1,5,0,0,0,0,0,0,0,0,0,0,0,0,0,0,0,0,0,0,0,0,0,0,1419,2,0,0,0,0,0,0,0,,,,,,,,,,,,,,1,,,,,,,,,,,,,,,,,,,,,,,,,,,,,,,,,,,,,,,
25,Skeleton,207,81,81,0,0,0,0,0,0,0,100,75,1,32,0,0,0,0,0,0,0,0,0,0,0,0,0,0,0,0,0,0,0,0,0,0,1419,2,0,0,0,0,0,0,0,,,,,,,,,,,,,,0,,,,,,,,,,,,,,,,,,,,,,,,,,,,,,,,,,,,,,,
26,Large Skeleton,207,82,82,0,0,0,0,0,0,0,125,100,1,32,0,0,0,0,0,0,0,0,0,0,0,0,0,0,0,0,0,0,0,0,0,0,1419,2,0,0,0,0,0,0,0,,,,,,,,,,,,,,1,,,,,,,,,,,,,,,,,,,,,,,,,,,,,,,,,,,,,,,
27,Highlander Guard,210,130,1022,133,134,20,135,136,0,0,109,80,1,7,1,0,26,0,1,0,0,102,0,0,0,0,1,1,0,0,0,0,0,0,0,0,1419,0,0,0,0,0,0,0,102,,,,,,,,,,,,,,1,,,,,,,,,,,,,,,,,,,,,,,,,,,,,,,,,,,,,,,
28,Briton Guard,206,130,1018,133,134,132,135,136,0,0,100,75,1,8,0,0,9,0,1,0,0,100,0,102,0,0,1,1,0,0,0,0,0,0,0,0,1419,0,0,0,0,0,0,0,100,,,,,,,,,,,,,,1,,,,,,,,,,,,,,,,,,,,,,,,,,,,,,,,,,,,,,,
29,Brown Snake,208,86,0,0,0,0,0,0,0,0,150,25,0,4,0,0,0,0,0,1,0,0,0,0,0,0,0,0,1,0,0,0,0,0,0,0,1419,0,0,0,0,0,0,0,0,,,,,,,,,,,,,,0,,,,,,,,,,,,,,,,,,,,,,,,,,,,,,,,,,,,,,,
30,Green Snake,208,87,0,0,0,0,0,0,0,0,200,25,0,4,0,0,0,0,0,1,0,0,0,0,0,0,0,0,1,0,0,0,0,0,0,0,1419,0,0,0,0,0,0,0,0,,,,,,,,,,,,,,0,,,,,,,,,,,,,,,,,,,,,,,,,,,,,,,,,,,,,,,
31,Red Snake,208,88,0,0,0,0,0,0,0,0,250,25,0,4,0,0,0,0,0,1,0,0,0,0,0,0,0,0,1,0,0,0,0,0,0,0,1419,0,0,0,0,0,0,0,0,,,,,,,,,,,,,,0,,,,,,,,,,,,,,,,,,,,,,,,,,,,,,,,,,,,,,,
32,Briton Male,206,1,1022,3,5,6,4,7,79,0,100,80,1,8,0,0,9,1,1,0,0,100,0,102,0,0,1,1,0,0,0,0,0,0,0,0,1419,0,0,0,0,0,0,0,100,,,,,,,,,,,,,,1,,,,,,,582,3233,,3238,3232,3235,3236,3234,79,3237,1,1,1,,100,,,,,,,,,,,,,,,,,,
33,Briton Male,206,1,1024,3,5,6,4,7,79,0,100,80,1,8,0,0,10,1,1,0,0,100,0,102,0,0,1,1,0,0,0,0,0,0,0,0,1419,0,0,0,0,0,0,0,100,,,,,,,,,,,,,,1,,,,,,,582,3233,,3238,3232,3235,3236,3234,79,3237,1,1,1,,100,,,,,,,,,,,,,,,,,,
34,Briton Male,206,1,1018,3,5,6,4,7,79,0,100,80,1,8,0,0,11,1,1,0,0,100,0,102,0,0,1,1,0,0,0,0,0,0,0,0,1419,0,0,0,0,0,0,0,100,,,,,,,,,,,,,,1,,,,,,,582,3233,,3238,3232,3235,3236,3234,79,3237,1,1,1,,100,,,,,,,,,,,,,,,,,,
35,Briton Female,209,2,1020,3,5,6,4,7,79,0,100,78,1,11,0,0,12,1,1,0,1,96,0,94,0,0,1,1,0,0,0,0,0,0,0,0,1419,0,0,0,0,0,0,0,96,,,,,,,,,,,,,,1,,,,,,,608,3310,,3309,6231,3235,3236,3234,79,3308,2,1,1,,96,,,,,,,,,,,,,,,,,,
36,Briton Female,209,2,1030,3,5,6,4,7,79,0,100,78,1,11,0,0,13,1,1,0,1,96,0,94,0,0,1,1,0,0,0,0,0,0,0,0,1419,0,0,0,0,0,0,0,96,,,,,,,,,,,,,,1,,,,,,,608,3310,,3309,6231,3235,3236,3234,79,3308,2,1,1,,96,,,,,,,,,,,,,,,,,,
37,Briton Female,209,2,1017,3,5,6,4,7,79,0,100,78,1,11,0,0,14,1,1,0,1,96,0,94,0,0,1,1,0,0,0,0,0,0,0,0,1419,0,0,0,0,0,0,0,96,,,,,,,,,,,,,,1,,,,,,,608,3310,,3309,6231,3235,3236,3234,79,3308,2,1,1,,96,,,,,,,,,,,,,,,,,,
38,Briton Female,209,2,1022,3,5,6,4,7,79,0,100,78,1,11,0,0,15,1,1,0,1,96,0,94,0,0,1,1,0,0,0,0,0,0,0,0,1419,0,0,0,0,0,0,0,96,,,,,,,,,,,,,,1,,,,,,,608,3310,,3309,6231,3235,3236,3234,79,3308,2,1,1,,96,,,,,,,,,,,,,,,,,,
39,High Male,210,16,1021,18,19,20,21,22,79,0,109,88,1,7,1,0,24,2,1,0,0,102,0,100,0,0,1,1,0,0,0,0,0,0,0,0,1419,0,0,0,0,0,0,0,102,,,,,,,,,,,,,,1,,,,,,,594,3597,6058,3603,3232,3602,3600,3601,79,,5,1,1,1,110,,,,,,,,,,,,,,,,,,
40,High Male,210,16,1024,18,19,20,21,22,79,0,109,88,1,7,1,0,25,2,1,0,0,102,0,100,0,0,1,1,0,0,0,0,0,0,0,0,1419,0,0,0,0,0,0,0,102,,,,,,,,,,,,,,1,,,,,,,594,3597,6058,3604,3232,3602,3600,3601,79,,5,1,1,1,110,,,,,,,,,,,,,,,,,,
41,High Male,210,16,1018,18,19,20,21,22,79,0,109,88,1,7,1,0,26,2,1,0,0,102,0,100,0,0,1,1,0,0,0,0,0,0,0,0,1419,0,0,0,0,0,0,0,102,,,,,,,,,,,,,,1,,,,,,,594,3597,6058,3605,3232,3602,3600,3601,79,,5,1,1,1,110,,,,,,,,,,,,,,,,,,
42,High Male,210,16,1020,18,19,20,21,22,79,0,109,88,1,7,1,0,27,2,1,0,0,102,0,100,0,0,1,1,0,0,0,0,0,0,0,0,1419,0,0,0,0,0,0,0,102,,,,,,,,,,,,,,1,,,,,,,594,3597,6058,3606,3232,3602,3600,3601,79,,5,1,1,1,110,,,,,,,,,,,,,,,,,,
43,High Female,211,17,1025,18,19,20,21,22,79,0,109,83,1,10,1,0,28,2,1,0,1,96,0,95,0,0,1,1,0,0,0,0,0,0,0,0,1419,0,0,0,0,0,0,0,96,,,,,,,,,,,,,,1,,,,,,,595,3598,6058,3609,6234,3602,6240,3601,79,,6,1,1,1,105,,,,,,,,,,,,,,,,,,
44,High Female,211,17,1023,18,19,20,21,22,79,0,109,83,1,10,1,0,29,2,1,0,1,96,0,95,0,0,1,1,0,0,0,0,0,0,0,0,1419,0,0,0,0,0,0,0,96,,,,,,,,,,,,,,1,,,,,,,595,3598,6058,3610,6234,3602,6240,3601,79,,6,1,1,1,105,,,,,,,,,,,,,,,,,,
45,High Female,211,17,1021,18,19,20,21,22,79,0,109,83,1,10,1,0,30,2,1,0,1,96,0,95,0,0,1,1,0,0,0,0,0,0,0,0,1419,0,0,0,0,0,0,0,96,,,,,,,,,,,,,,1,,,,,,,595,3598,6058,3611,6234,3602,6240,3601,79,,6,1,1,1,105,,,,,,,,,,,,,,,,,,
46,High Female,211,17,1024,18,19,20,21,22,79,0,109,83,1,10,1,0,31,2,1,0,1,96,0,95,0,0,1,1,0,0,0,0,0,0,0,0,1419,0,0,0,0,0,0,0,96,,,,,,,,,,,,,,1,,,,,,,595,3598,6058,3612,6234,3602,6240,3601,79,,6,1,1,1,105,,,,,,,,,,,,,,,,,,
47,Small Grey Wolf,212,97,0,0,0,0,0,0,0,0,50,50,1,15,0,0,0,0,0,0,0,0,0,0,0,0,0,0,0,0,0,0,0,0,0,0,1419,0,0,0,0,0,0,0,0,,,,,,,,,,,,,,1,,,,,,,,,,,,,,,,,,,,,,,,,,,,,,,,,,,,,,,
48,Saracen Male,213,32,1042,34,35,36,37,38,79,0,100,80,1,8,1,1,39,13,2,0,0,100,0,103,1,0,1,1,0,0,0,0,0,0,0,0,1419,0,0,0,0,0,0,0,100,,,,,,,,,,,,,,1,,,,,,,584,3633,,3639,3635,3638,3636,3637,79,,3,,1,,101,,,,,,,,,,,,,,,,,,
49,Saracen Male,213,32,1043,34,35,36,37,38,79,0,100,80,1,8,1,1,40,13,2,0,0,100,0,103,1,0,1,1,0,0,0,0,0,0,0,0,1419,0,0,0,0,0,0,0,100,,,,,,,,,,,,,,1,,,,,,,584,3633,,3640,3635,3638,3636,3637,79,,3,,1,,101,,,,,,,,,,,,,,,,,,
50,Saracen Male,213,32,1044,34,35,36,37,38,79,0,100,80,1,8,1,1,41,13,2,0,0,100,0,103,1,0,1,1,0,0,0,0,0,0,0,0,1419,0,0,0,0,0,0,0,100,,,,,,,,,,,,,,1,,,,,,,584,3633,,3641,3635,3638,3636,3637,79,,3,,1,,101,,,,,,,,,,,,,,,,,,
51,Saracen Male,213,32,1045,34,35,36,37,38,79,0,100,80,1,8,1,1,42,13,2,0,0,100,0,103,1,0,1,1,0,0,0,0,0,0,0,0,1419,0,0,0,0,0,0,0,100,,,,,,,,,,,,,,1,,,,,,,584,3633,,3642,3635,3638,3636,3637,79,,3,,1,,101,,,,,,,,,,,,,,,,,,
52,Saracen Female,214,33,1046,34,35,36,37,38,79,0,100,78,1,11,1,1,44,13,2,0,1,96,0,98,2,0,1,1,0,0,0,0,0,0,0,0,1419,0,0,0,0,0,0,0,96,,,,,,,,,,,,,,1,,,,,,,585,3634,,3645,3635,3638,3636,3637,79,,4,,1,,97,,,,,,,,,,,,,,,,,,
53,Saracen Female,214,33,1047,34,35,36,37,38,79,0,100,78,1,11,1,1,45,13,2,0,1,96,0,98,2,0,1,1,0,0,0,0,0,0,0,0,1419,0,0,0,0,0,0,0,96,,,,,,,,,,,,,,1,,,,,,,585,3634,,3646,3635,3638,3636,3637,79,,4,,1,,97,,,,,,,,,,,,,,,,,,
54,Saracen Female,214,33,1042,34,35,36,37,38,79,0,100,78,1,11,1,1,46,13,2,0,1,96,0,98,2,0,1,1,0,0,0,0,0,0,0,0,1419,0,0,0,0,0,0,0,96,,,,,,,,,,,,,,1,,,,,,,585,3634,,3647,3635,3638,3636,3637,79,,4,,1,,97,,,,,,,,,,,,,,,,,,
55,Saracen Female,214,33,1043,34,35,36,37,38,79,0,100,78,1,11,1,1,47,13,2,0,1,96,0,98,2,0,1,1,0,0,0,0,0,0,0,0,1419,0,0,0,0,0,0,0,96,,,,,,,,,,,,,,1,,,,,,,585,3634,,3648,3635,3638,3636,3637,79,,4,,1,,97,,,,,,,,,,,,,,,,,,
56,Large Grey Wolf,212,97,0,0,0,0,0,0,0,0,100,65,1,15,0,0,0,0,0,0,0,0,0,0,0,0,0,0,0,0,0,0,0,0,0,0,1419,0,0,0,0,0,0,0,0,,,,,,,,,,,,,,0,,,,,,,,,,,,,,,,,,,,,,,,,,,,,,,,,,,,,,,
57,Small Goblin  ,215,99,0,0,0,0,0,0,0,0,100,50,1,13,0,0,0,0,0,0,0,0,0,0,0,0,0,0,0,0,0,0,0,0,0,0,1419,0,0,0,0,0,0,0,0,,,,,,,,,,,,,,1,,,,,,,,,,,,,,,,,,,,,,,,,,,,,,,,,,,,,,,
58,Large Goblin  ,215,99,0,0,0,0,0,0,0,0,135,70,1,13,0,0,0,0,0,0,0,0,0,0,0,0,0,0,0,0,0,0,0,0,0,0,1419,0,0,0,0,0,0,0,0,,,,,,,,,,,,,,1,,,,,,,,,,,,,,,,,,,,,,,,,,,,,,,,,,,,,,,
59,Small Black Spider,216,103,0,0,0,0,0,0,0,0,65,50,1,14,0,0,0,0,0,1,0,0,0,0,0,0,0,0,0,0,0,0,0,0,0,0,1419,0,0,0,0,0,0,0,0,,,,,,,,,,,,,,0,,,,,,,,,,,,,,,,,,,,,,,,,,,,,,,,,,,,,,,
60,Large Black Spider,216,103,0,0,0,0,0,0,0,0,100,65,1,14,0,0,0,0,0,1,0,0,0,0,0,0,0,0,0,0,0,0,0,0,0,0,1419,0,0,0,0,0,0,0,0,,,,,,,,,,,,,,0,,,,,,,,,,,,,,,,,,,,,,,,,,,,,,,,,,,,,,,
61,Avalonian Male,217,49,1019,51,53,54,52,55,79,0,112,89,1,9,0,0,56,3,1,0,0,98,0,93,0,0,1,1,0,0,0,0,0,0,0,0,1419,0,0,0,0,0,0,0,98,,,,,,,,,,,,,,1,,,,,,,590,3651,,3657,3653,3656,3654,3655,79,,7,,1,,113,,,,,,,,,,,,,,,,,,
62,Avalonian Male,217,49,1030,51,53,54,52,55,79,0,112,89,1,9,0,0,57,3,1,0,0,98,0,93,0,0,1,1,0,0,0,0,0,0,0,0,1419,0,0,0,0,0,0,0,98,,,,,,,,,,,,,,1,,,,,,,590,3651,,3658,3653,3656,3654,3655,79,,7,,1,,113,,,,,,,,,,,,,,,,,,
63,Avalonian Male,217,49,1020,51,53,54,52,55,79,0,112,89,1,9,0,0,58,3,1,0,0,98,0,93,0,0,1,1,0,0,0,0,0,0,0,0,1419,0,0,0,0,0,0,0,98,,,,,,,,,,,,,,1,,,,,,,590,3651,,3659,3653,3656,3654,3655,79,,7,,1,,113,,,,,,,,,,,,,,,,,,
64,Avalonian Male,217,49,1017,51,53,54,52,55,79,0,112,89,1,9,0,0,59,3,1,0,0,98,0,93,0,0,1,1,0,0,0,0,0,0,0,0,1419,0,0,0,0,0,0,0,98,,,,,,,,,,,,,,1,,,,,,,590,3651,,3660,3653,3656,3654,3655,79,,7,,1,,113,,,,,,,,,,,,,,,,,,
65,Avalonian Female,218,50,1019,51,53,54,52,55,79,0,112,87,1,12,0,0,60,3,1,0,1,92,0,90,3,0,1,1,0,0,0,0,0,0,0,0,1419,0,0,0,0,0,0,0,92,,,,,,,,,,,,,,1,,,,,,,591,3652,,3663,3653,3656,3654,3655,79,,8,,1,,112,,,,,,,,,,,,,,,,,,
66,Avalonian Female,218,50,1030,51,53,54,52,55,79,0,112,87,1,12,0,0,61,3,1,0,1,92,0,90,3,0,1,1,0,0,0,0,0,0,0,0,1419,0,0,0,0,0,0,0,92,,,,,,,,,,,,,,1,,,,,,,591,3652,,3664,3653,3656,3654,3655,79,,8,,1,,112,,,,,,,,,,,,,,,,,,
67,Avalonian Female,218,50,1019,51,53,54,52,55,79,0,112,87,1,12,0,0,62,3,1,0,1,92,0,90,3,0,1,1,0,0,0,0,0,0,0,0,1419,0,0,0,0,0,0,0,92,,,,,,,,,,,,,,1,,,,,,,591,3652,,3665,3653,3656,3654,3655,79,,8,,1,,112,,,,,,,,,,,,,,,,,,
68,Avalonian Female,218,50,1016,51,53,54,52,55,79,0,112,87,1,12,0,0,63,3,1,0,1,92,0,90,3,0,1,1,0,0,0,0,0,0,0,0,1419,0,0,0,0,0,0,0,92,,,,,,,,,,,,,,1,,,,,,,591,3652,,3666,3653,3656,3654,3655,79,,8,,1,,112,,,,,,,,,,,,,,,,,,
69,Small Goblin Whelp,215,100,0,0,0,0,0,0,0,0,100,65,1,31,0,0,0,0,0,0,0,0,0,0,0,0,0,0,0,0,0,0,0,0,0,0,1419,0,0,0,0,0,0,0,0,,,,,,,,,,,,,,1,,,,,,,,,,,,,,,,,,,,,,,,,,,,,,,,,,,,,,,
70,Large Goblin Whelp,215,100,0,0,0,0,0,0,0,0,135,85,1,31,0,0,0,0,0,0,0,0,0,0,0,0,0,0,0,0,0,0,0,0,0,0,1419,0,0,0,0,0,0,0,0,,,,,,,,,,,,,,1,,,,,,,,,,,,,,,,,,,,,,,,,,,,,,,,,,,,,,,
71,Small Brown Spider,216,104,0,0,0,0,0,0,0,0,65,50,1,14,0,0,0,0,0,1,0,0,0,0,0,0,0,0,0,0,0,0,0,0,0,0,1419,0,0,0,0,0,0,0,0,,,,,,,,,,,,,,1,,,,,,,,,,,,,,,,,,,,,,,,,,,,,,,,,,,,,,,
72,Large Brown Spider,216,104,0,0,0,0,0,0,0,0,100,65,1,14,0,0,0,0,0,1,0,0,0,0,0,0,0,0,0,0,0,0,0,0,0,0,1419,0,0,0,0,0,0,0,0,,,,,,,,,,,,,,1,,,,,,,,,,,,,,,,,,,,,,,,,,,,,,,,,,,,,,,
73,Saracen Guard,213,130,1042,133,134,132,135,136,0,0,100,75,1,8,1,1,41,0,1,0,0,100,0,102,0,0,1,1,0,0,0,0,0,0,0,0,1419,0,0,0,0,0,0,0,100,,,,,,,,,,,,,,1,,,,,,,,,,,,,,,,,,,,,,,,,,,,,,,,,,,,,,,
74,Avalonian Guard,217,130,1023,133,134,132,135,136,0,0,112,84,1,9,0,0,59,0,1,0,0,98,0,93,0,0,1,1,0,0,0,0,0,0,0,0,1419,0,0,0,0,0,0,0,98,,,,,,,,,,,,,,1,,,,,,,,,,,,,,,,,,,,,,,,,,,,,,,,,,,,,,,
75,High Female Merchant 1,211,115,1021,116,117,20,119,120,0,0,109,84,1,10,1,0,29,0,1,0,1,96,0,95,0,0,1,1,0,0,0,0,0,0,0,0,1419,0,0,0,0,0,0,0,96,,,,,,,,,,,,,,1,,,,,,,595,3598,6058,3612,6234,3602,6240,3601,79,,6,1,,1,105,,,,,,,,,,,,,,,,,,
76,High Female Merchant 2,211,122,1024,123,124,20,119,120,0,0,109,84,1,10,1,0,30,0,2,0,1,96,0,95,0,0,1,1,0,0,0,0,0,0,0,0,1419,0,0,0,0,0,0,0,96,,,,,,,,,,,,,,1,,,,,,,595,3598,6058,3612,6234,3602,6240,3601,79,,6,1,,1,105,,,,,,,,,,,,,,,,,,
77,High Female Merchant 3,211,126,1018,127,128,20,119,120,0,0,109,84,1,10,1,0,31,0,1,0,1,96,0,95,0,0,1,1,0,0,0,0,0,0,0,0,1419,0,0,0,0,0,0,0,96,,,,,,,,,,,,,,1,,,,,,,595,3598,6058,3612,6234,3602,6240,3601,79,,6,1,,1,105,,,,,,,,,,,,,,,,,,
78,High Male Merchant 1,210,114,1020,116,117,20,119,120,0,0,109,84,1,7,1,0,25,0,1,0,0,102,0,100,0,0,1,1,0,0,0,0,0,0,0,0,1419,0,0,0,0,0,0,0,102,,,,,,,,,,,,,,1,,,,,,,594,3597,6058,3606,3232,3602,3600,3601,79,,5,1,,1,110,,,,,,,,,,,,,,,,,,
79,High Male Merchant 2,210,121,1025,123,124,20,119,120,0,0,109,84,1,7,1,0,26,0,2,0,0,102,0,100,0,0,1,1,0,0,0,0,0,0,0,0,1419,0,0,0,0,0,0,0,102,,,,,,,,,,,,,,1,,,,,,,594,3597,6058,3606,3232,3602,3600,3601,79,,5,1,,1,110,,,,,,,,,,,,,,,,,,
80,High Male Merchant 3,210,126,1023,127,128,20,119,120,0,0,109,84,1,7,1,0,27,0,2,0,0,102,0,100,0,0,1,1,0,0,0,0,0,0,0,0,1419,0,0,0,0,0,0,0,102,,,,,,,,,,,,,,1,,,,,,,594,3597,6058,3606,3599,3602,3600,3601,79,,5,1,,1,110,,,,,,,,,,,,,,,,,,
81,Saracen Female Merchant 1,214,115,1042,116,117,118,119,120,0,0,100,78,1,11,1,1,45,12,1,0,1,96,0,98,2,0,1,1,0,0,0,0,0,0,0,0,1419,0,0,0,0,0,0,0,96,,,,,,,,,,,,,,1,,,,,,,585,3634,,3648,3635,3638,3636,3637,79,,4,,,,97,,,,,,,,,,,,,,,,,,
82,Saracen Female Merchant 2,214,122,1043,123,124,125,119,120,0,0,100,78,1,11,1,1,46,12,1,0,1,96,0,98,2,0,1,1,0,0,0,0,0,0,0,0,1419,0,0,0,0,0,0,0,96,,,,,,,,,,,,,,1,,,,,,,585,3634,,3648,3635,3638,3636,3637,79,,4,,,,97,,,,,,,,,,,,,,,,,,
83,Saracen Female Merchant 3,214,126,1044,127,128,129,119,120,0,0,100,78,1,11,1,1,47,12,1,0,1,96,0,98,2,0,1,1,0,0,0,0,0,0,0,0,1419,0,0,0,0,0,0,0,96,,,,,,,,,,,,,,1,,,,,,,585,3634,,3648,3635,3638,3636,3637,79,,4,,,,97,,,,,,,,,,,,,,,,,,
84,Saracen Male Merchant 1,213,114,1045,116,117,118,119,120,0,0,100,80,1,8,1,1,39,12,1,0,0,100,0,103,1,0,1,1,0,0,0,0,0,0,0,0,1419,0,0,0,0,0,0,0,100,,,,,,,,,,,,,,1,,,,,,,584,3633,,3639,3635,3638,3636,3637,79,,3,,,,101,,,,,,,,,,,,,,,,,,
85,Saracen Male Merchant 2,213,121,1046,123,124,125,119,120,0,0,100,80,1,8,1,1,40,12,1,0,0,100,0,103,1,0,1,1,0,0,0,0,0,0,0,0,1419,0,0,0,0,0,0,0,100,,,,,,,,,,,,,,1,,,,,,,584,3633,,3640,3635,3638,3636,3637,79,,3,,,,101,,,,,,,,,,,,,,,,,,
86,Saracen Male Merchant 3,213,126,1047,127,128,129,119,120,0,0,100,80,1,8,1,1,41,12,1,0,0,100,0,103,1,0,1,1,0,0,0,0,0,0,0,0,1419,0,0,0,0,0,0,0,100,,,,,,,,,,,,,,1,,,,,,,584,3633,,3640,3635,3638,3636,3637,79,,3,,,,101,,,,,,,,,,,,,,,,,,
87,Av Female Merchant 1,218,115,1019,116,117,118,119,120,0,0,112,87,1,12,0,0,61,0,1,0,1,100,0,90,3,0,1,1,0,0,0,0,0,0,0,0,1419,0,0,0,0,0,0,0,100,,,,,,,,,,,,,,1,,,,,,,591,3652,,3663,3653,3656,3654,3655,79,,8,,,,112,,,,,,,,,,,,,,,,,,
88,av Female Merchant 2,218,122,1030,123,124,125,119,120,0,0,112,87,1,12,0,0,62,0,2,0,1,100,0,90,0,0,1,1,0,0,0,0,0,0,0,0,1419,0,0,0,0,0,0,0,100,,,,,,,,,,,,,,1,,,,,,,591,3652,,3663,3653,3656,3654,3655,79,,8,,,,112,,,,,,,,,,,,,,,,,,
89,av Female Merchant 3,218,126,1020,127,128,129,119,120,0,0,112,87,1,12,0,0,63,0,2,0,1,100,0,90,0,0,1,1,0,0,0,0,0,0,0,0,1419,0,0,0,0,0,0,0,100,,,,,,,,,,,,,,1,,,,,,,591,3652,,3663,3653,3656,3654,3655,79,,8,,,,112,,,,,,,,,,,,,,,,,,
90,av Male Merchant 1,217,114,1017,116,117,118,119,120,0,0,112,89,1,9,0,0,57,0,1,0,0,100,0,93,0,0,1,1,0,0,0,0,0,0,0,0,1419,0,0,0,0,0,0,0,100,,,,,,,,,,,,,,1,,,,,,,590,3651,,3657,3653,3656,3654,3655,79,,7,,,,113,,,,,,,,,,,,,,,,,,
91,av Male Merchant 2,217,121,1019,123,124,125,119,120,0,0,112,89,1,9,0,0,58,0,2,0,0,100,0,93,0,0,1,1,0,0,0,0,0,0,0,0,1419,0,0,0,0,0,0,0,100,,,,,,,,,,,,,,1,,,,,,,590,3651,,3657,3653,3656,3654,3655,79,,7,,,,113,,,,,,,,,,,,,,,,,,
92,Av Male Merchant 3,217,126,1030,127,128,129,119,120,0,0,112,89,1,9,0,0,59,0,1,0,0,100,0,93,0,0,1,1,0,0,0,0,0,0,0,0,1419,0,0,0,0,0,0,0,100,,,,,,,,,,,,,,1,,,,,,,590,3651,,3657,3653,3656,3654,3655,79,,7,,,,113,,,,,,,,,,,,,,,,,,
93,Small Goblin Chieftan,215,101,0,0,0,0,0,0,0,0,100,65,1,13,0,0,0,0,0,0,0,0,0,0,0,0,0,0,0,0,0,0,0,0,0,0,1419,0,0,0,0,0,0,0,0,,,,,,,,,,,,,,1,,,,,,,,,,,,,,,,,,,,,,,,,,,,,,,,,,,,,,,
94,Large Goblin Chieftan,215,101,0,0,0,0,0,0,0,0,135,85,1,13,0,0,0,0,0,0,0,0,0,0,0,0,0,0,0,0,0,0,0,0,0,0,1419,0,0,0,0,0,0,0,0,,,,,,,,,,,,,,1,,,,,,,,,,,,,,,,,,,,,,,,,,,,,,,,,,,,,,,
95,Goblin Shaman,215,102,0,0,0,0,0,0,0,0,100,85,1,13,0,0,0,0,0,0,0,0,0,0,0,0,0,0,0,0,0,0,0,0,0,0,1419,0,0,0,0,0,0,0,0,,,,,,,,,,,,,,1,,,,,,,,,,,,,,,,,,,,,,,,,,,,,,,,,,,,,,,
96,Brown Bear,219,105,0,0,0,0,0,0,0,0,100,65,1,39,0,0,0,0,0,0,0,0,0,0,0,0,0,0,0,0,0,0,0,0,0,0,1419,0,0,0,0,0,0,0,0,,,,,,,,,,,,,,0,,,,,,,,,,,,,,,,,,,,,,,,,,,,,,,,,,,,,,,
97,Fellwood,220,107,0,0,0,0,0,0,0,0,100,100,1,24,0,0,0,0,0,0,0,0,0,0,0,0,0,0,0,0,0,0,0,0,0,0,1419,0,0,0,0,0,0,0,0,,,,,,,,,,,,,,0,,,,,,,,,,,,,,,,,,,,,,,,,,,,,,,,,,,,,,,
98,Elder Fellwood,220,108,0,0,0,0,0,0,0,0,100,100,1,24,0,0,0,0,0,0,0,0,0,0,0,0,0,0,0,0,0,0,0,0,0,0,1419,0,0,0,0,0,0,0,0,,,,,,,,,,,,,,0,,,,,,,,,,,,,,,,,,,,,,,,,,,,,,,,,,,,,,,
99,Boar,221,109,0,0,0,0,0,0,0,0,100,50,1,6,0,0,0,0,0,0,0,0,0,0,0,0,0,0,0,0,0,0,0,0,0,0,1419,0,0,0,0,0,0,0,0,,,,,,,,,,,,,,0,,,,,,,,,,,,,,,,,,,,,,,,,,,,,,,,,,,,,,,
100,Tan Lion,222,111,0,0,0,0,0,0,0,0,100,65,1,30,0,0,0,0,0,0,0,0,0,0,0,0,0,0,0,0,0,0,0,0,0,0,1419,0,0,0,0,0,0,0,0,,,,,,,,,,,,,,0,,,,,,,,,,,,,,,,,,,,,,,,,,,,,,,,,,,,,,,
101,Black Bear,219,106,0,0,0,0,0,0,0,0,100,65,1,39,0,0,0,0,0,0,0,0,0,0,0,0,0,0,0,0,0,0,0,0,0,0,1419,0,0,0,0,0,0,0,0,,,,,,,,,,,,,,0,,,,,,,,,,,,,,,,,,,,,,,,,,,,,,,,,,,,,,,
102,Black Wolf,212,98,0,0,0,0,0,0,0,0,100,65,1,15,0,0,0,0,0,0,0,0,0,0,0,0,0,0,0,0,0,0,0,0,0,0,1419,0,0,0,0,0,0,0,0,,,,,,,,,,,,,,0,,,,,,,,,,,,,,,,,,,,,,,,,,,,,,,,,,,,,,,
103,Zombie Boar,221,110,0,0,0,0,0,0,0,0,100,65,1,6,0,0,0,0,0,0,0,0,0,0,0,0,0,0,0,0,0,0,0,0,0,0,1419,0,0,0,0,0,0,0,0,,,,,,,,,,,,,,0,,,,,,,,,,,,,,,,,,,,,,,,,,,,,,,,,,,,,,,
104,Black Lion,222,112,0,0,0,0,0,0,0,0,100,65,1,30,0,0,0,0,0,0,0,0,0,0,0,0,0,0,0,0,0,0,0,0,0,0,1419,0,0,0,0,0,0,0,0,,,,,,,,,,,,,,0,,,,,,,,,,,,,,,,,,,,,,,,,,,,,,,,,,,,,,,
105,Lizard,223,113,0,0,0,0,0,0,0,0,100,85,1,18,0,0,0,0,0,1,0,0,0,0,0,0,0,0,0,0,0,0,0,0,0,0,1419,0,0,0,0,0,0,0,0,,,,,,,,,,,,,,0,,,,,,,,,,,,,,,,,,,,,,,,,,,,,,,,,,,,,,,
106,Roman Dead,224,137,0,0,0,0,0,0,0,0,100,80,1,5,0,0,0,0,0,0,0,0,0,0,0,0,0,0,0,0,0,0,0,0,0,0,1419,0,0,0,0,0,0,0,0,,,,,,,,,,,,,,1,,,,,,,,,,,,,,,,,,,,,,,,,,,,,,,,,,,,,,,
107,Robed Roman Dead,225,137,0,0,0,0,0,0,0,0,100,80,1,5,0,0,0,0,0,0,0,0,0,0,0,0,0,0,0,0,0,0,0,0,0,0,1419,0,0,0,0,0,0,0,0,,,,,,,,,,,,,,1,,,,,,,,,,,,,,,,,,,,,,,,,,,,,,,,,,,,,,,
108,Grungy Roman Dead,224,138,0,0,0,0,0,0,0,0,100,80,1,5,0,0,0,0,0,0,0,0,0,0,0,0,0,0,0,0,0,0,0,0,0,0,1419,0,0,0,0,0,0,0,0,,,,,,,,,,,,,,1,,,,,,,,,,,,,,,,,,,,,,,,,,,,,,,,,,,,,,,
109,Robed Grungy Roman Dead,225,138,0,0,0,0,0,0,0,0,100,80,1,5,0,0,0,0,0,0,0,0,0,0,0,0,0,0,0,0,0,0,0,0,0,0,1419,0,0,0,0,0,0,0,0,,,,,,,,,,,,,,1,,,,,,,,,,,,,,,,,,,,,,,,,,,,,,,,,,,,,,,
110,Zombie,226,139,0,0,0,0,0,0,0,0,100,100,1,16,0,0,0,0,0,0,0,0,0,0,0,0,0,0,0,0,0,0,0,0,0,0,1419,0,0,0,0,0,0,0,0,,,,,,,,,,,,,,1,,,,,,,,,,,,,,,,,,,,,,,,,,,,,,,,,,,,,,,
111,Alternate Zombie,226,139,0,0,0,0,0,0,0,0,100,75,1,16,0,0,0,0,0,0,0,0,0,0,0,0,0,0,0,0,0,0,0,0,0,0,1419,0,0,0,0,0,0,0,0,,,,,,,,,,,,,,1,,,,,,,,,,,,,,,,,,,,,,,,,,,,,,,,,,,,,,,
112,Brownie,227,140,0,0,0,0,0,0,0,0,100,50,1,17,0,0,0,0,0,0,0,0,0,0,0,0,0,0,0,0,0,0,0,0,0,0,1419,0,0,0,0,0,0,0,0,,,,,,,,,,,,,,0,,,,,,,,,,,,,,,,,,,,,,,,,,,,,,,,,,,,,,,
113,Troglodyte,228,141,0,0,0,0,0,0,0,0,150,75,1,3,0,0,0,0,0,0,0,0,0,0,0,0,0,0,0,0,0,0,0,0,0,0,1419,0,0,0,0,0,0,0,0,,,,,,,,,,,,,,1,,,,,,,,,,,,,,,,,,,,,,,,,,,,,,,,,,,,,,,
114,Rock Creature,229,142,0,0,0,0,0,0,0,0,100,80,1,25,0,0,0,0,0,0,0,0,0,0,0,0,0,0,0,0,0,0,0,0,0,0,1419,0,0,0,0,0,0,0,0,,,,,,,,,,,,,,0,,,,,,,,,,,,,,,,,,,,,,,,,,,,,,,,,,,,,,,
115,Ant,230,143,0,0,0,0,0,0,0,0,100,85,1,14,0,0,0,0,0,1,0,0,0,0,0,0,0,0,0,0,0,0,0,0,0,0,1419,0,0,0,0,0,0,0,0,,,,,,,,,,,,,,0,,,,,,,,,,,,,,,,,,,,,,,,,,,,,,,,,,,,,,,
116,Carrion Eater (spider),216,144,0,0,0,0,0,0,0,0,100,65,1,14,0,0,0,0,0,1,0,0,0,0,0,0,0,0,0,0,0,0,0,0,0,0,1419,0,0,0,0,0,0,0,0,,,,,,,,,,,,,,0,,,,,,,,,,,,,,,,,,,,,,,,,,,,,,,,,,,,,,,
117,Vein Spider,216,145,0,0,0,0,0,0,0,0,100,65,1,14,0,0,0,0,0,1,0,0,0,0,0,0,0,0,0,0,0,0,0,0,0,0,1419,0,0,0,0,0,0,0,0,,,,,,,,,,,,,,0,,,,,,,,,,,,,,,,,,,,,,,,,,,,,,,,,,,,,,,
118,Frog,231,146,0,0,0,0,0,0,0,0,100,50,1,52,0,0,0,0,0,1,0,0,0,0,0,0,0,0,0,0,0,0,0,0,0,0,1419,0,0,0,0,0,0,0,0,,,,,,,,,,,,,,0,,,,,,,,,,,,,,,,,,,,,,,,,,,,,,,,,,,,,,,
119,Giant,232,147,0,0,0,0,0,0,0,0,500,400,1,29,0,0,0,0,0,0,0,0,0,0,0,0,0,0,0,0,0,0,0,0,0,0,1419,0,0,0,0,0,0,0,0,,,,,,,,,,,,,,1,,,,,,,,,,,,,,,,,,,,,,,,,,,,,,,,,,,,,,,
120,Forest Giant,232,148,0,0,0,0,0,0,0,0,500,400,1,29,0,0,0,0,0,0,0,0,0,0,0,0,0,0,0,0,0,0,0,0,0,0,1419,0,0,0,0,0,0,0,0,,,,,,,,,,,,,,1,,,,,,,,,,,,,,,,,,,,,,,,,,,,,,,,,,,,,,,
121,Ice Giant,232,149,0,0,0,0,0,0,0,0,500,400,1,29,0,0,0,0,0,0,0,0,0,0,0,0,0,0,0,0,0,0,0,0,0,0,1419,0,0,0,0,0,0,0,0,,,,,,,,,,,,,,1,,,,,,,,,,,,,,,,,,,,,,,,,,,,,,,,,,,,,,,
122,Fire Giant,232,150,0,0,0,0,0,0,0,0,500,400,1,29,0,0,0,0,0,0,0,0,0,0,0,0,0,0,0,0,0,0,0,0,0,0,1419,0,0,0,0,0,0,0,0,,,,,,,,,,,,,,1,,,,,,,,,,,,,,,,,,,,,,,,,,,,,,,,,,,,,,,
123,Worm,233,151,0,0,0,0,0,0,0,0,100,70,1,3,0,0,0,0,0,1,0,0,0,0,0,0,0,0,0,0,0,0,0,0,0,0,1419,0,0,0,0,0,0,0,0,,,,,,,,,,,,,,0,,,,,,,,,,,,,,,,,,,,,,,,,,,,,,,,,,,,,,,
124,Mud Creature,229,156,0,0,0,0,0,0,0,0,100,80,1,25,0,0,0,0,0,0,0,0,0,0,0,0,0,0,0,0,0,0,0,0,0,0,1419,0,0,0,0,0,0,0,0,,,,,,,,,,,,,,1,,,,,,,,,,,,,,,,,,,,,,,,,,,,,,,,,,,,,,,
125,Lava Creature,229,157,0,0,0,0,0,0,0,0,100,80,1,25,0,0,0,0,0,0,0,0,0,0,0,3982,0,0,0,0,0,0,0,0,0,0,1419,0,0,0,0,0,0,0,0,,,,,,,,,,,,,,1,,,,,,,,,,,,,,,,,,,,,,,,,,,,,,,,,,,,,,,
126,Ice Creature,229,158,0,0,0,0,0,0,0,0,100,80,1,25,0,0,0,0,0,0,0,0,0,0,0,3977,0,0,0,0,0,0,0,0,0,0,1419,0,0,0,3979,0,0,0,0,,,,,,,3978,,,,,,,1,,,,,,,,,,,,,,,,,,,,,,,,,,,,,,,,,,,,,,,
127,Brown Huldu,235,159,0,0,0,0,0,0,0,0,100,50,1,17,0,0,0,0,0,0,0,0,0,0,0,0,0,0,0,0,0,0,0,0,0,0,1419,0,0,0,0,0,0,0,0,,,,,,,,,,,,,,0,,,,,,,,,,,,,,,,,,,,,,,,,,,,,,,,,,,,,,,
128,Wilding(vine) Huldu,235,160,0,0,0,0,0,0,0,0,100,50,1,17,0,0,0,0,0,0,0,0,0,0,0,0,0,0,0,0,0,0,0,0,0,0,1419,0,0,0,0,0,0,0,0,,,,,,,,,,,,,,0,,,,,,,,,,,,,,,,,,,,,,,,,,,,,,,,,,,,,,,
129,Carrion Eater 2 (spider),216,152,0,0,0,0,0,0,0,0,100,65,1,14,0,0,0,0,0,1,0,0,0,0,0,0,0,0,0,0,0,0,0,0,0,0,1419,0,0,0,0,0,0,0,0,,,,,,,,,,,,,,0,,,,,,,,,,,,,,,,,,,,,,,,,,,,,,,,,,,,,,,
130, Vein Spider 2,216,153,0,0,0,0,0,0,0,0,100,65,1,14,0,0,0,0,0,1,0,0,0,0,0,0,0,0,0,0,0,0,0,0,0,0,1419,0,0,0,0,0,0,0,0,,,,,,,,,,,,,,0,,,,,,,,,,,,,,,,,,,,,,,,,,,,,,,,,,,,,,,
131,Carrion Eater 3 (spider),216,154,0,0,0,0,0,0,0,0,100,65,1,14,0,0,0,0,0,1,0,0,0,0,0,0,0,0,0,0,0,0,0,0,0,0,1419,0,0,0,0,0,0,0,0,,,,,,,,,,,,,,0,,,,,,,,,,,,,,,,,,,,,,,,,,,,,,,,,,,,,,,
132,Icky Spider,216,155,0,0,0,0,0,0,0,0,100,65,1,14,0,0,0,0,0,1,0,0,0,0,0,0,0,0,0,0,0,0,0,0,0,0,1419,0,0,0,0,0,0,0,0,,,,,,,,,,,,,,0,,,,,,,,,,,,,,,,,,,,,,,,,,,,,,,,,,,,,,,
133,Lynx,234,163,0,0,0,0,0,0,0,0,100,65,1,30,0,0,0,0,0,0,0,0,0,0,0,0,0,0,0,0,0,0,0,0,0,0,1419,0,0,0,0,0,0,0,0,,,,,,,,,,,,,,0,,,,,,,,,,,,,,,,,,,,,,,,,,,,,,,,,,,,,,,
134,Savage Lynx,234,161,0,0,0,0,0,0,0,0,100,65,1,30,0,0,0,0,0,0,0,0,0,0,0,0,0,0,0,0,0,0,0,0,0,0,1419,0,0,0,0,0,0,0,0,,,,,,,,,,,,,,0,,,,,,,,,,,,,,,,,,,,,,,,,,,,,,,,,,,,,,,
135,Grass Lynx,234,162,0,0,0,0,0,0,0,0,100,65,1,30,0,0,0,0,0,0,0,0,0,0,0,0,0,0,0,0,0,0,0,0,0,0,1419,0,0,0,0,0,0,0,0,,,,,,,,,,,,,,0,,,,,,,,,,,,,,,,,,,,,,,,,,,,,,,,,,,,,,,
136,Sprite,236,164,0,0,0,0,0,0,0,0,100,65,1,3,0,0,0,0,0,0,0,0,0,0,0,0,0,0,0,0,0,0,0,0,0,0,1419,0,0,0,0,0,0,0,0,,,,,,,,,,,,,,0,,,,,,,,,,,,,,,,,,,,,,,,,,,,,,,,,,,,,,,
137,Troll Male,237,165,177,166,170,171,172,169,0,0,130,110,1,26,0,0,181,7,1,0,0,115,0,125,1,0,1,1,0,0,0,0,0,0,0,0,1419,0,0,0,0,0,0,0,115,,,,,,,,,,,,,,1,,,,,,,612,3242,,3244,3243,3240,3239,3241,79,3245,7,1,1,,138,,,,,,,,,,,,,,,,,,
138,Troll Male 2,237,165,178,166,170,171,172,169,0,0,130,110,1,26,0,0,182,7,1,0,0,115,0,125,1,0,1,1,0,0,0,0,0,0,0,0,1419,0,0,0,0,0,0,0,115,,,,,,,,,,,,,,1,,,,,,,612,3242,,3348,3243,3240,3239,3241,79,3245,7,1,1,,138,,,,,,,,,,,,,,,,,,
139,Troll Male 3,237,165,179,166,170,171,172,169,0,0,130,110,1,26,0,0,183,7,1,0,0,115,0,125,1,0,1,1,0,0,0,0,0,0,0,0,1419,0,0,0,0,0,0,0,115,,,,,,,,,,,,,,1,,,,,,,612,3242,,3349,3243,3240,3239,3241,79,3245,7,1,1,,138,,,,,,,,,,,,,,,,,,
140,Troll Male 4,237,165,180,166,170,171,172,169,0,0,130,110,1,26,0,0,184,7,1,0,0,115,0,125,1,0,1,1,0,0,0,0,0,0,0,0,1419,0,0,0,0,0,0,0,115,,,,,,,,,,,,,,1,,,,,,,612,3242,,3350,3243,3240,3239,3241,79,3245,7,1,1,,138,,,,,,,,,,,,,,,,,,
141,Troll Male 5,237,165,177,166,170,171,172,169,0,0,130,110,1,26,0,0,181,7,2,0,0,115,0,125,1,0,1,1,0,0,0,0,0,0,0,0,1419,0,0,0,0,0,0,0,115,,,,,,,,,,,,,,1,,,,,,,612,3242,,3244,3243,3240,3239,3241,79,3245,7,1,1,,138,,,,,,,,,,,,,,,,,,
142,Troll Male 6,237,165,178,166,170,171,172,169,0,0,130,110,1,26,0,0,182,7,2,0,0,115,0,125,1,0,1,1,0,0,0,0,0,0,0,0,1419,0,0,0,0,0,0,0,115,,,,,,,,,,,,,,1,,,,,,,612,3242,,3348,3243,3240,3239,3241,79,3245,7,1,1,,138,,,,,,,,,,,,,,,,,,
143,Troll Male 7,237,165,179,166,170,171,172,169,0,0,130,110,1,26,0,0,183,7,2,0,0,115,0,125,1,0,1,1,0,0,0,0,0,0,0,0,1419,0,0,0,0,0,0,0,115,,,,,,,,,,,,,,1,,,,,,,612,3242,,3349,3243,3240,3239,3241,79,3245,7,1,1,,138,,,,,,,,,,,,,,,,,,
144,Troll Male 8,237,165,180,166,170,171,172,169,0,0,130,110,1,26,0,0,184,7,2,0,0,115,0,125,1,0,1,1,0,0,0,0,0,0,0,0,1419,0,0,0,0,0,0,0,115,,,,,,,,,,,,,,1,,,,,,,612,3242,,3350,3243,3240,3239,3241,79,3245,7,1,1,,138,,,,,,,,,,,,,,,,,,
145,Troll Female,238,167,177,166,170,171,172,169,0,0,125,103,1,21,0,0,173,7,1,0,0,115,0,117,1,0,1,1,0,0,0,0,0,0,0,0,1419,0,0,0,0,0,0,0,115,,,,,,,,,,,,,,1,,,,,,,613,3242,,3313,6237,3240,3239,3241,79,3245,8,1,1,,135,,,,,,,,,,,,,,,,,,
146,Troll Female 2,238,167,178,166,170,171,172,169,0,0,125,103,1,21,0,0,174,7,1,0,0,115,0,117,1,0,1,1,0,0,0,0,0,0,0,0,1419,0,0,0,0,0,0,0,115,,,,,,,,,,,,,,1,,,,,,,613,3242,,3345,6237,3240,3239,3241,79,3245,8,1,1,,135,,,,,,,,,,,,,,,,,,
147,Troll Female 3,238,167,179,166,170,171,172,169,0,0,125,103,1,21,0,0,175,7,1,0,0,115,0,117,1,0,1,1,0,0,0,0,0,0,0,0,1419,0,0,0,0,0,0,0,115,,,,,,,,,,,,,,1,,,,,,,613,3242,,3346,6237,3240,3239,3241,79,3245,8,1,1,,135,,,,,,,,,,,,,,,,,,
148,Troll Female 4,238,167,177,166,170,171,172,169,0,0,125,103,1,21,0,0,176,7,1,0,0,115,0,117,1,0,1,1,0,0,0,0,0,0,0,0,1419,0,0,0,0,0,0,0,115,,,,,,,,,,,,,,1,,,,,,,613,3242,,3347,6237,3240,3239,3241,79,3245,8,1,1,,135,,,,,,,,,,,,,,,,,,
149,Troll Female 5,238,167,178,166,170,171,172,169,0,0,125,103,1,21,0,0,173,7,2,0,0,115,0,117,1,0,1,1,0,0,0,0,0,0,0,0,1419,0,0,0,0,0,0,0,115,,,,,,,,,,,,,,1,,,,,,,613,3242,,3313,6237,3240,3239,3241,79,3245,8,1,1,,135,,,,,,,,,,,,,,,,,,
150,Troll Female 6,238,167,179,166,170,171,172,169,0,0,125,103,1,21,0,0,174,7,2,0,0,115,0,117,1,0,1,1,0,0,0,0,0,0,0,0,1419,0,0,0,0,0,0,0,115,,,,,,,,,,,,,,1,,,,,,,613,3242,,3345,6237,3240,3239,3241,79,3245,8,1,1,,135,,,,,,,,,,,,,,,,,,
151,Troll Female 7,238,167,180,166,170,171,172,169,0,0,125,103,1,21,0,0,175,7,2,0,0,115,0,117,1,0,1,1,0,0,0,0,0,0,0,0,1419,0,0,0,0,0,0,0,115,,,,,,,,,,,,,,1,,,,,,,613,3242,,3346,6237,3240,3239,3241,79,3245,8,1,1,,135,,,,,,,,,,,,,,,,,,
152,Troll Female 8,238,167,177,166,170,171,172,169,0,0,125,103,1,21,0,0,176,7,2,0,0,115,0,117,1,0,1,1,0,0,0,0,0,0,0,0,1419,0,0,0,0,0,0,0,115,,,,,,,,,,,,,,1,,,,,,,613,3242,,3347,6237,3240,3239,3241,79,3245,8,1,1,,135,,,,,,,,,,,,,,,,,,
153,Norse Male,239,186,1021,187,189,190,191,188,0,0,109,87,1,19,0,0,192,4,1,0,0,100,1,105,0,0,1,1,0,0,0,0,0,0,0,0,1419,0,0,0,0,0,0,0,100,,,,,,,,,,,,,,1,,,,,,,596,3276,,3341,3277,3280,3278,3279,79,3358,1,,1,,111,,,,,,,,,,,,,,,,,,
154,Norse Male 2,239,186,1024,187,189,190,191,188,0,0,109,87,1,19,0,0,193,4,1,0,0,100,1,105,0,0,1,1,0,0,0,0,0,0,0,0,1419,0,0,0,0,0,0,0,100,,,,,,,,,,,,,,1,,,,,,,596,3276,,3342,3277,3280,3278,3279,79,3358,1,,1,,111,,,,,,,,,,,,,,,,,,
155,Norse Male 3,239,186,1018,187,189,190,191,188,0,0,109,87,1,19,0,0,194,4,1,0,0,100,1,105,0,0,1,1,0,0,0,0,0,0,0,0,1419,0,0,0,0,0,0,0,100,,,,,,,,,,,,,,1,,,,,,,596,3276,,3343,3277,3280,3278,3279,79,3358,1,,1,,111,,,,,,,,,,,,,,,,,,
156,Norse Male 4,239,186,1017,187,189,190,191,188,0,0,109,87,1,19,0,0,195,4,1,0,0,100,1,105,0,0,1,1,0,0,0,0,0,0,0,0,1419,0,0,0,0,0,0,0,100,,,,,,,,,,,,,,1,,,,,,,596,3276,,3344,3277,3280,3278,3279,79,3358,1,,1,,111,,,,,,,,,,,,,,,,,,
157,Norse Male 5,239,186,1021,187,189,190,191,188,0,0,109,87,1,19,0,0,192,4,2,0,0,100,1,105,0,0,1,1,0,0,0,0,0,0,0,0,1419,0,0,0,0,0,0,0,100,,,,,,,,,,,,,,1,,,,,,,596,3276,,3341,3277,3280,3278,3279,79,3358,1,,1,,111,,,,,,,,,,,,,,,,,,
158,Norse Male 6,239,186,1024,187,189,190,191,188,0,0,109,87,1,19,0,0,193,4,2,0,0,100,1,105,0,0,1,1,0,0,0,0,0,0,0,0,1419,0,0,0,0,0,0,0,100,,,,,,,,,,,,,,1,,,,,,,596,3276,,3342,3277,3280,3278,3279,79,3358,1,,1,,111,,,,,,,,,,,,,,,,,,
159,Norse Male 7,239,186,1018,187,189,190,191,188,0,0,109,87,1,19,0,0,194,4,2,0,0,100,1,105,0,0,1,1,0,0,0,0,0,0,0,0,1419,0,0,0,0,0,0,0,100,,,,,,,,,,,,,,1,,,,,,,596,3276,,3343,3277,3280,3278,3279,79,3358,1,,1,,111,,,,,,,,,,,,,,,,,,
160,Norse Male 8,239,186,1017,187,189,190,191,188,0,0,109,87,1,19,0,0,195,4,2,0,0,100,1,105,0,0,1,1,0,0,0,0,0,0,0,0,1419,0,0,0,0,0,0,0,100,,,,,,,,,,,,,,1,,,,,,,596,3276,,3344,3277,3280,3278,3279,79,3358,1,,1,,111,,,,,,,,,,,,,,,,,,
161,Norse Female 1,240,185,1021,187,189,190,191,188,0,0,109,82,1,12,0,0,196,4,1,0,1,100,1,96,0,0,1,1,0,0,0,0,0,0,0,0,1419,0,0,0,0,0,0,0,100,,,,,,,,,,,,,,1,,,,,,,597,3307,,3306,3277,3280,3278,3279,79,3305,2,,1,,106,,,,,,,,,,,,,,,,,,
162,Norse Female 2,240,185,1024,187,189,190,191,188,0,0,109,82,1,12,0,0,197,4,1,0,1,100,1,96,0,0,1,1,0,0,0,0,0,0,0,0,1419,0,0,0,0,0,0,0,100,,,,,,,,,,,,,,1,,,,,,,597,3307,,3338,3277,3280,3278,3279,79,3305,2,,1,,106,,,,,,,,,,,,,,,,,,
163,Norse Female 3,240,185,1018,187,189,190,191,188,0,0,109,82,1,12,0,0,198,4,1,0,1,100,1,96,0,0,1,1,0,0,0,0,0,0,0,0,1419,0,0,0,0,0,0,0,100,,,,,,,,,,,,,,1,,,,,,,597,3307,,3339,3277,3280,3278,3279,79,3305,2,,1,,106,,,,,,,,,,,,,,,,,,
164,Norse Female 4,240,185,1017,187,189,190,191,188,0,0,109,82,1,12,0,0,199,4,1,0,1,100,1,96,0,0,1,1,0,0,0,0,0,0,0,0,1419,0,0,0,0,0,0,0,100,,,,,,,,,,,,,,1,,,,,,,597,3307,,3340,3277,3280,3278,3279,79,3305,2,,1,,106,,,,,,,,,,,,,,,,,,
165,Norse Female 5,240,185,1021,187,189,190,191,188,0,0,109,82,1,12,0,0,196,4,2,0,1,100,1,96,0,0,1,1,0,0,0,0,0,0,0,0,1419,0,0,0,0,0,0,0,100,,,,,,,,,,,,,,1,,,,,,,597,3307,,3306,3277,3280,3278,3279,79,3305,2,,1,,106,,,,,,,,,,,,,,,,,,
166,Norse Female 6,240,185,1024,187,189,190,191,188,0,0,109,82,1,12,0,0,197,4,2,0,1,100,1,96,0,0,1,1,0,0,0,0,0,0,0,0,1419,0,0,0,0,0,0,0,100,,,,,,,,,,,,,,1,,,,,,,597,3307,,3338,3277,3280,3278,3279,79,3305,2,,1,,106,,,,,,,,,,,,,,,,,,
167,Norse Female 7,240,185,1018,187,189,190,191,188,0,0,109,82,1,12,0,0,198,4,2,0,1,100,1,96,0,0,1,1,0,0,0,0,0,0,0,0,1419,0,0,0,0,0,0,0,100,,,,,,,,,,,,,,1,,,,,,,597,3307,,3339,3277,3280,3278,3279,79,3305,2,,1,,106,,,,,,,,,,,,,,,,,,
168,Norse Female 8,240,185,1021,187,189,190,191,188,0,0,109,82,1,12,0,0,199,4,2,0,1,100,1,96,0,0,1,1,0,0,0,0,0,0,0,0,1419,0,0,0,0,0,0,0,100,,,,,,,,,,,,,,1,,,,,,,597,3307,,3340,3277,3280,3278,3279,79,3305,2,,1,,106,,,,,,,,,,,,,,,,,,
169,Kobold Male 1,241,208,1021,206,220,210,211,209,0,0,70,63,1,27,0,0,216,5,1,0,0,100,0,155,3,0,1,1,0,0,0,0,0,0,0,0,1419,0,0,0,0,0,0,0,100,,,,,,,,,,,,,,1,,,,,,,600,3262,,3261,3263,3266,3264,3265,79,3260,5,1,1,1,73,,,,,,,,,,,,,,,,,,
170,Kobold Male 2,241,208,1017,206,220,210,211,209,0,0,70,63,1,27,0,0,217,5,1,0,0,100,0,155,3,0,1,1,0,0,0,0,0,0,0,0,1419,0,0,0,0,0,0,0,100,,,,,,,,,,,,,,1,,,,,,,600,3262,,3335,3263,3266,3264,3265,79,3260,5,1,1,1,73,,,,,,,,,,,,,,,,,,
171,Kobold Male 3,241,208,1029,206,220,210,211,209,0,0,70,63,1,27,0,0,218,5,1,0,0,100,0,155,3,0,1,1,0,0,0,0,0,0,0,0,1419,0,0,0,0,0,0,0,100,,,,,,,,,,,,,,1,,,,,,,600,3262,,3336,3263,3266,3264,3265,79,3260,5,1,1,1,73,,,,,,,,,,,,,,,,,,
172,Kobold Male 4,241,208,1024,206,220,210,211,209,0,0,70,63,1,27,0,0,219,5,1,0,0,100,0,155,3,0,1,1,0,0,0,0,0,0,0,0,1419,0,0,0,0,0,0,0,100,,,,,,,,,,,,,,1,,,,,,,600,3262,,3337,3263,3266,3264,3265,79,3260,5,1,1,1,73,,,,,,,,,,,,,,,,,,
173,Kobold Male 5,241,208,1025,206,220,210,211,209,0,0,70,63,1,27,0,0,216,5,2,0,0,100,0,155,3,0,1,1,0,0,0,0,0,0,0,0,1419,0,0,0,0,0,0,0,100,,,,,,,,,,,,,,1,,,,,,,600,3262,,3261,3263,3266,3264,3265,79,3260,5,1,1,1,73,,,,,,,,,,,,,,,,,,
174,Kobold Male 6,241,208,1021,206,220,210,211,209,0,0,70,63,1,27,0,0,217,5,2,0,0,100,0,155,3,0,1,1,0,0,0,0,0,0,0,0,1419,0,0,0,0,0,0,0,100,,,,,,,,,,,,,,1,,,,,,,600,3262,,3335,3263,3266,3264,3265,79,3260,5,1,1,1,73,,,,,,,,,,,,,,,,,,
175,Kobold Male 7,241,208,1017,206,220,210,211,209,0,0,70,63,1,27,0,0,218,5,2,0,0,100,0,155,3,0,1,1,0,0,0,0,0,0,0,0,1419,0,0,0,0,0,0,0,100,,,,,,,,,,,,,,1,,,,,,,600,3262,,3336,3263,3266,3264,3265,79,3260,5,1,1,1,73,,,,,,,,,,,,,,,,,,
176,Kobold Male 8,241,208,1029,206,220,210,211,209,0,0,70,63,1,27,0,0,219,5,2,0,0,100,0,155,3,0,1,1,0,0,0,0,0,0,0,0,1419,0,0,0,0,0,0,0,100,,,,,,,,,,,,,,1,,,,,,,600,3262,,3337,3263,3266,3264,3265,79,3260,5,1,1,1,73,,,,,,,,,,,,,,,,,,
177,Kobold Female 1,242,207,1024,206,220,210,211,209,0,0,70,63,1,28,0,0,212,5,1,0,1,100,0,155,3,0,1,1,0,0,0,0,0,0,0,0,1419,0,0,0,0,0,0,0,100,,,,,,,,,,,,,,1,,,,,,,601,3369,,3159,6235,3266,6230,3265,79,3160,6,1,1,1,75,,,,,,,,,,,,,,,,,,
178,Kobold Female 2,242,207,1025,206,220,210,211,209,0,0,70,63,1,28,0,0,213,5,1,0,1,100,0,155,3,0,1,1,0,0,0,0,0,0,0,0,1419,0,0,0,0,0,0,0,100,,,,,,,,,,,,,,1,,,,,,,601,3369,,3332,6235,3266,6230,3265,79,3160,6,1,1,1,75,,,,,,,,,,,,,,,,,,
179,Kobold Female 3,242,207,1021,206,220,210,211,209,0,0,70,63,1,28,0,0,214,5,1,0,1,100,0,155,3,0,1,1,0,0,0,0,0,0,0,0,1419,0,0,0,0,0,0,0,100,,,,,,,,,,,,,,1,,,,,,,601,3369,,3333,6235,3266,6230,3265,79,3160,6,1,1,1,75,,,,,,,,,,,,,,,,,,
180,Kobold Female 4,242,207,1017,206,220,210,211,209,0,0,70,63,1,28,0,0,215,5,1,0,1,100,0,155,3,0,1,1,0,0,0,0,0,0,0,0,1419,0,0,0,0,0,0,0,100,,,,,,,,,,,,,,1,,,,,,,601,3369,,3334,6235,3266,6230,3265,79,3160,6,1,1,1,75,,,,,,,,,,,,,,,,,,
181,Kobold Female 5,242,207,1029,206,220,210,211,209,0,0,70,63,1,28,0,0,212,5,2,0,1,100,0,155,3,0,1,1,0,0,0,0,0,0,0,0,1419,0,0,0,0,0,0,0,100,,,,,,,,,,,,,,1,,,,,,,601,3369,,3159,6235,3266,6230,3265,79,3160,6,1,1,1,75,,,,,,,,,,,,,,,,,,
182,Kobold Female 6,242,207,1024,206,220,210,211,209,0,0,70,63,1,28,0,0,213,5,2,0,1,100,0,155,3,0,1,1,0,0,0,0,0,0,0,0,1419,0,0,0,0,0,0,0,100,,,,,,,,,,,,,,1,,,,,,,601,3369,,3332,6235,3266,6230,3265,79,3160,6,1,1,1,75,,,,,,,,,,,,,,,,,,
183,Kobold Female 7,242,207,1025,206,220,210,211,209,0,0,70,63,1,28,0,0,214,5,2,0,1,100,0,155,3,0,1,1,0,0,0,0,0,0,0,0,1419,0,0,0,0,0,0,0,100,,,,,,,,,,,,,,1,,,,,,,601,3369,,3333,6235,3266,6230,3265,79,3160,6,1,1,1,75,,,,,,,,,,,,,,,,,,
184,Kobold Female 8,242,207,1021,206,220,210,211,209,0,0,70,63,1,28,0,0,215,5,2,0,1,100,0,155,3,0,1,1,0,0,0,0,0,0,0,0,1419,0,0,0,0,0,0,0,100,,,,,,,,,,,,,,1,,,,,,,601,3369,,3334,6235,3266,6230,3265,79,3160,6,1,1,1,75,,,,,,,,,,,,,,,,,,
185,Dwarf Male 1,243,229,1021,227,231,232,233,230,0,0,75,72,1,22,0,0,234,6,1,0,0,110,0,145,0,0,1,1,0,0,0,0,0,0,0,0,1419,0,0,0,0,0,0,0,110,,,,,,,,,,,,,,1,,,,,,,602,3269,,3268,3270,3273,3271,3272,79,3267,3,,,,80,,,,,,,,,,,,,,,,,,
186,Dwarf Male 2,243,229,1022,227,231,232,233,230,0,0,75,72,1,22,0,0,235,6,1,0,0,110,0,145,0,0,1,1,0,0,0,0,0,0,0,0,1419,0,0,0,0,0,0,0,110,,,,,,,,,,,,,,1,,,,,,,602,3269,,3268,3270,3273,3271,3272,79,3267,3,,,,80,,,,,,,,,,,,,,,,,,
187,Dwarf Male 3,243,229,1017,227,231,232,233,230,0,0,75,72,1,22,0,0,236,6,1,0,0,110,0,145,0,0,1,1,0,0,0,0,0,0,0,0,1419,0,0,0,0,0,0,0,110,,,,,,,,,,,,,,1,,,,,,,602,3269,,3323,3270,3273,3271,3272,79,3267,3,,,,80,,,,,,,,,,,,,,,,,,
188,Dwarf Male 4,243,229,1018,227,231,232,233,230,0,0,75,72,1,22,0,0,237,6,1,0,0,110,0,145,0,0,1,1,0,0,0,0,0,0,0,0,1419,0,0,0,0,0,0,0,110,,,,,,,,,,,,,,1,,,,,,,602,3269,,3324,3270,3273,3271,3272,79,3267,3,,,,80,,,,,,,,,,,,,,,,,,
189,Dwarf Male 5,243,229,1020,227,231,232,233,230,0,0,75,72,1,22,0,0,234,6,2,0,0,110,0,145,0,0,1,1,0,0,0,0,0,0,0,0,1419,0,0,0,0,0,0,0,110,,,,,,,,,,,,,,1,,,,,,,602,3269,,3268,3270,3273,3271,3272,79,3267,3,,,,80,,,,,,,,,,,,,,,,,,
190,Dwarf Male 6,243,229,1021,227,231,232,233,230,0,0,75,72,1,22,0,0,235,6,2,0,0,110,0,145,0,0,1,1,0,0,0,0,0,0,0,0,1419,0,0,0,0,0,0,0,110,,,,,,,,,,,,,,1,,,,,,,602,3269,,3322,3270,3273,3271,3272,79,3267,3,,,,80,,,,,,,,,,,,,,,,,,
191,Dwarf Male 7,243,229,1022,227,231,232,233,230,0,0,75,72,1,22,0,0,236,6,2,0,0,110,0,145,0,0,1,1,0,0,0,0,0,0,0,0,1419,0,0,0,0,0,0,0,110,,,,,,,,,,,,,,1,,,,,,,602,3269,,3323,3270,3273,3271,3272,79,3267,3,,,,80,,,,,,,,,,,,,,,,,,
192,Dwarf Male 8,243,229,1017,227,231,232,233,230,0,0,75,72,1,22,0,0,237,6,2,0,0,110,0,145,0,0,1,1,0,0,0,0,0,0,0,0,1419,0,0,0,0,0,0,0,110,,,,,,,,,,,,,,1,,,,,,,602,3269,,3324,3270,3273,3271,3272,79,3267,3,,,,80,,,,,,,,,,,,,,,,,,
193,Dwarf Female 1,244,228,1018,227,231,232,233,230,0,0,70,68,1,23,0,0,238,6,1,0,1,110,0,155,0,0,1,1,0,0,0,0,0,0,0,0,1419,0,0,0,0,0,0,0,110,,,,,,,,,,,,,,1,,,,,,,603,3374,,3318,3270,3273,3271,3272,79,3375,4,,,,74,,,,,,,,,,,,,,,,,,
194,Dwarf Female 2,244,228,1020,227,231,232,233,230,0,0,70,68,1,23,0,0,239,6,1,0,1,110,0,155,0,0,1,1,0,0,0,0,0,0,0,0,1419,0,0,0,0,0,0,0,110,,,,,,,,,,,,,,1,,,,,,,603,3374,,3319,3270,3273,3271,3272,79,3375,4,,,,74,,,,,,,,,,,,,,,,,,
195,Dwarf Female 3,244,228,1021,227,231,232,233,230,0,0,70,68,1,23,0,0,240,6,1,0,1,110,0,155,0,0,1,1,0,0,0,0,0,0,0,0,1419,0,0,0,0,0,0,0,110,,,,,,,,,,,,,,1,,,,,,,603,3374,,3320,3270,3273,3271,3272,79,3375,4,,,,74,,,,,,,,,,,,,,,,,,
196,Dwarf Female 4,244,228,1022,227,231,232,233,230,0,0,70,68,1,23,0,0,241,6,1,0,1,110,0,155,0,0,1,1,0,0,0,0,0,0,0,0,1419,0,0,0,0,0,0,0,110,,,,,,,,,,,,,,1,,,,,,,603,3374,,3321,3270,3273,3271,3272,79,3375,4,,,,74,,,,,,,,,,,,,,,,,,
197,Dwarf Female 5,244,228,1017,227,231,232,233,230,0,0,70,68,1,23,0,0,238,6,2,0,1,110,0,155,0,0,1,1,0,0,0,0,0,0,0,0,1419,0,0,0,0,0,0,0,110,,,,,,,,,,,,,,1,,,,,,,603,3374,,3318,3270,3273,3271,3272,79,3375,4,,,,74,,,,,,,,,,,,,,,,,,
198,Dwarf Female 6,244,228,1018,227,231,232,233,230,0,0,70,68,1,23,0,0,239,6,2,0,1,110,0,155,0,0,1,1,0,0,0,0,0,0,0,0,1419,0,0,0,0,0,0,0,110,,,,,,,,,,,,,,1,,,,,,,603,3374,,3319,3270,3273,3271,3272,79,3375,4,,,,74,,,,,,,,,,,,,,,,,,
199,Dwarf Female 7,244,228,1020,227,231,232,233,230,0,0,70,68,1,23,0,0,240,6,2,0,1,110,0,155,0,0,1,1,0,0,0,0,0,0,0,0,1419,0,0,0,0,0,0,0,110,,,,,,,,,,,,,,1,,,,,,,603,3374,,3320,3270,3273,3271,3272,79,3375,4,,,,74,,,,,,,,,,,,,,,,,,
200,Dwarf Female 8,244,228,1017,227,231,232,233,230,0,0,70,68,1,23,0,0,241,6,2,0,1,110,0,155,0,0,1,1,0,0,0,0,0,0,0,0,1419,0,0,0,0,0,0,0,110,,,,,,,,,,,,,,1,,,,,,,603,3374,,3321,3270,3273,3271,3272,79,3375,4,,,,74,,,,,,,,,,,,,,,,,,
201,Troll Male shop 1,237,165,177,166,170,171,172,169,0,0,130,110,1,26,0,0,182,0,1,0,0,130,0,125,1,0,1,1,0,0,0,0,0,0,0,0,1419,0,0,0,0,0,0,0,130,,,,,,,,,,,,,,1,,,,,,,612,3242,,3350,3243,3240,3239,3241,79,3245,7,1,,,138,,,,,,,,,,,,,,,,,,
202,Troll Male shop 2,237,165,178,166,170,171,172,169,0,0,130,110,1,26,0,0,184,0,1,0,0,130,0,125,1,0,1,1,0,0,0,0,0,0,0,0,1419,0,0,0,0,0,0,0,130,,,,,,,,,,,,,,1,,,,,,,612,3242,,3350,3243,3240,3239,3241,79,3245,7,1,,,138,,,,,,,,,,,,,,,,,,
203,Troll Male shop 3,237,165,179,166,170,171,172,169,0,0,130,110,1,26,0,0,182,0,2,0,0,130,0,125,1,0,1,1,0,0,0,0,0,0,0,0,1419,0,0,0,0,0,0,0,130,,,,,,,,,,,,,,1,,,,,,,612,3242,,3350,3243,3240,3239,3241,79,3245,7,1,,,138,,,,,,,,,,,,,,,,,,
204,Troll Male shop 4,237,165,180,166,170,171,172,169,0,0,130,110,1,26,0,0,183,0,2,0,0,130,0,125,1,0,1,1,0,0,0,0,0,0,0,0,1419,0,0,0,0,0,0,0,130,,,,,,,,,,,,,,1,,,,,,,612,3242,,3350,3243,3240,3239,3241,79,3245,7,1,,,138,,,,,,,,,,,,,,,,,,
205,Troll Male shop 5,237,165,177,166,170,171,172,169,0,0,130,110,1,26,0,0,184,0,2,0,0,130,0,125,1,0,1,1,0,0,0,0,0,0,0,0,1419,0,0,0,0,0,0,0,130,,,,,,,,,,,,,,1,,,,,,,612,3242,,3350,3243,3240,3239,3241,79,3245,7,1,,,138,,,,,,,,,,,,,,,,,,
206,Troll Fem Shop 1,238,167,178,166,170,171,172,169,0,0,125,103,1,21,0,0,173,0,1,0,1,130,0,117,1,0,1,1,0,0,0,0,0,0,0,0,1419,0,0,0,0,0,0,0,130,,,,,,,,,,,,,,1,,,,,,,613,3314,,3313,6237,3240,3239,3241,79,3245,8,1,,,138,,,,,,,,,,,,,,,,,,
207,Troll Female shop 1,238,167,179,166,170,171,172,169,0,0,125,103,1,21,0,0,173,0,1,0,1,130,0,117,1,0,1,1,0,0,0,0,0,0,0,0,1419,0,0,0,0,0,0,0,130,,,,,,,,,,,,,,1,,,,,,,613,3242,,3313,6237,3240,3239,3241,79,3245,8,1,,,135,,,,,,,,,,,,,,,,,,
208,Troll Female shop 2,238,167,180,166,170,171,172,169,0,0,125,103,1,21,0,0,174,0,1,0,1,130,0,117,1,0,1,1,0,0,0,0,0,0,0,0,1419,0,0,0,0,0,0,0,130,,,,,,,,,,,,,,1,,,,,,,613,3242,,3313,6237,3240,3239,3241,79,3245,8,1,,,135,,,,,,,,,,,,,,,,,,
209,Troll Female shop 3,238,167,177,166,170,171,172,169,0,0,125,103,1,21,0,0,174,0,2,0,1,130,0,117,1,0,1,1,0,0,0,0,0,0,0,0,1419,0,0,0,0,0,0,0,130,,,,,,,,,,,,,,1,,,,,,,613,3242,,3313,6237,3240,3239,3241,79,3245,8,1,,,135,,,,,,,,,,,,,,,,,,
210,Troll Female shop 4,238,167,178,166,170,171,172,169,0,0,125,103,1,21,0,0,175,0,2,0,1,130,0,117,1,0,1,1,0,0,0,0,0,0,0,0,1419,0,0,0,0,0,0,0,130,,,,,,,,,,,,,,1,,,,,,,613,3242,,3313,6237,3240,3239,3241,79,3245,8,1,,,135,,,,,,,,,,,,,,,,,,
211,Troll Female shop 5,238,167,179,166,170,171,172,169,0,0,125,103,1,21,0,0,176,0,2,0,1,130,0,117,1,0,1,1,0,0,0,0,0,0,0,0,1419,0,0,0,0,0,0,0,130,,,,,,,,,,,,,,1,,,,,,,613,3242,,3313,6237,3240,3239,3241,79,3245,8,1,,,135,,,,,,,,,,,,,,,,,,
212,Norse Male shop 2,239,186,1021,187,189,190,191,188,0,0,109,87,1,19,0,0,194,0,1,0,0,96,1,105,0,0,1,1,0,0,0,0,0,0,0,0,1419,0,0,0,0,0,0,0,96,,,,,,,,,,,,,,1,,,,,,,596,3276,,3344,3277,3280,3278,3279,79,3358,1,,,,111,,,,,,,,,,,,,,,,,,
213,Norse Male shop 3,239,186,1024,187,189,190,191,188,0,0,109,87,1,19,0,0,192,0,2,0,0,96,1,105,0,0,1,1,0,0,0,0,0,0,0,0,1419,0,0,0,0,0,0,0,96,,,,,,,,,,,,,,1,,,,,,,596,3276,,3344,3277,3280,3278,3279,79,3358,1,,,,111,,,,,,,,,,,,,,,,,,
214,Norse Male shop 4,239,186,1018,187,189,190,191,188,0,0,109,87,1,19,0,0,194,0,2,0,0,96,1,105,0,0,1,1,0,0,0,0,0,0,0,0,1419,0,0,0,0,0,0,0,96,,,,,,,,,,,,,,1,,,,,,,596,3276,,3344,3277,3280,3278,3279,79,3358,1,,,,111,,,,,,,,,,,,,,,,,,
215,Norse Male shop 5,239,186,1017,187,189,190,191,188,0,0,109,87,1,19,0,0,195,0,2,0,0,96,1,105,0,0,1,1,0,0,0,0,0,0,0,0,1419,0,0,0,0,0,0,0,96,,,,,,,,,,,,,,1,,,,,,,596,3276,,3344,3277,3280,3278,3279,79,3358,1,,,,111,,,,,,,,,,,,,,,,,,
216,Norse Female shop 1,240,185,1021,187,189,190,191,188,0,0,109,82,1,12,0,0,196,0,1,0,1,96,1,96,0,0,1,1,0,0,0,0,0,0,0,0,1419,0,0,0,0,0,0,0,96,,,,,,,,,,,,,,1,,,,,,,597,3307,,3306,3277,3280,3278,3279,79,3305,2,,,,106,,,,,,,,,,,,,,,,,,
217,Norse Female shop 2,240,185,1024,187,189,190,191,188,0,0,109,82,1,12,0,0,197,0,1,0,1,96,1,96,0,0,1,1,0,0,0,0,0,0,0,0,1419,0,0,0,0,0,0,0,96,,,,,,,,,,,,,,1,,,,,,,597,3307,,3306,3277,3280,3278,3279,79,3305,2,,,,106,,,,,,,,,,,,,,,,,,
218,Norse Female shop 3,240,185,1018,187,189,190,191,188,0,0,109,82,1,12,0,0,199,0,1,0,1,96,1,96,0,0,1,1,0,0,0,0,0,0,0,0,1419,0,0,0,0,0,0,0,96,,,,,,,,,,,,,,1,,,,,,,597,3307,,3306,3277,3280,3278,3279,79,3305,2,,,,106,,,,,,,,,,,,,,,,,,
219,Norse Female shop 4,240,185,1018,187,189,190,191,188,0,0,109,82,1,12,0,0,196,0,2,0,1,96,1,96,0,0,1,1,0,0,0,0,0,0,0,0,1419,0,0,0,0,0,0,0,96,,,,,,,,,,,,,,1,,,,,,,597,3307,,3306,3277,3280,3278,3279,79,3305,2,,,,106,,,,,,,,,,,,,,,,,,
220,Norse Female shop 5,240,185,1017,187,189,190,191,188,0,0,109,82,1,12,0,0,198,0,2,0,1,96,1,96,0,0,1,1,0,0,0,0,0,0,0,0,1419,0,0,0,0,0,0,0,96,,,,,,,,,,,,,,1,,,,,,,597,3307,,3306,3277,3280,3278,3279,79,3305,2,,,,106,,,,,,,,,,,,,,,,,,
221,Kobold Male shop 1,241,208,1021,206,220,210,211,209,0,0,70,63,1,27,0,0,216,0,1,0,0,125,0,155,3,0,1,1,0,0,0,0,0,0,0,0,1419,0,0,0,0,0,0,0,125,,,,,,,,,,,,,,1,,,,,,,600,3262,,3337,3263,3266,3264,3265,79,3260,5,1,,1,73,,,,,,,,,,,,,,,,,,
222,Kobold Male shop 2,241,208,1017,206,220,210,211,209,0,0,70,63,1,27,0,0,218,0,1,0,0,125,0,155,3,0,1,1,0,0,0,0,0,0,0,0,1419,0,0,0,0,0,0,0,125,,,,,,,,,,,,,,1,,,,,,,600,3262,,3337,3263,3266,3264,3265,79,3260,5,1,,1,73,,,,,,,,,,,,,,,,,,
223,Kobold Male shop 3,241,208,1029,206,220,210,211,209,0,0,70,63,1,27,0,0,219,0,1,0,0,125,0,155,3,0,1,1,0,0,0,0,0,0,0,0,1419,0,0,0,0,0,0,0,125,,,,,,,,,,,,,,1,,,,,,,600,3262,,3337,3263,3266,3264,3265,79,3260,5,1,,1,73,,,,,,,,,,,,,,,,,,
224,Kobold Male shop 4,241,208,1024,206,220,210,211,209,0,0,70,63,1,27,0,0,217,0,2,0,0,125,0,155,3,0,1,1,0,0,0,0,0,0,0,0,1419,0,0,0,0,0,0,0,125,,,,,,,,,,,,,,1,,,,,,,600,3262,,3337,3263,3266,3264,3265,79,3260,5,1,,1,73,,,,,,,,,,,,,,,,,,
225,Kobold Male shop 5,241,208,1025,206,220,210,211,209,0,0,70,63,1,27,0,0,219,0,2,0,0,125,0,155,3,0,1,1,0,0,0,0,0,0,0,0,1419,0,0,0,0,0,0,0,125,,,,,,,,,,,,,,1,,,,,,,600,3262,,3337,3263,3266,3264,3265,79,3260,5,1,,1,73,,,,,,,,,,,,,,,,,,
226,Kobold Female shop 1,242,207,1021,206,220,210,211,209,0,0,70,63,1,28,0,0,212,0,1,0,1,125,0,155,3,0,1,1,0,0,0,0,0,0,0,0,1419,0,0,0,0,0,0,0,125,,,,,,,,,,,,,,1,,,,,,,601,3369,,3159,6235,3266,6230,3265,79,3160,6,1,,1,75,,,,,,,,,,,,,,,,,,
227,Kobold Female shop 2,242,207,1017,206,220,210,211,209,0,0,70,63,1,28,0,0,214,0,1,0,1,125,0,155,3,0,1,1,0,0,0,0,0,0,0,0,1419,0,0,0,0,0,0,0,125,,,,,,,,,,,,,,1,,,,,,,601,3369,,3159,6235,3266,6230,3265,79,3160,6,1,,1,75,,,,,,,,,,,,,,,,,,
228,Kobold Female shop 3,242,207,1029,206,220,210,211,209,0,0,70,63,1,28,0,0,212,0,2,0,1,125,0,155,3,0,1,1,0,0,0,0,0,0,0,0,1419,0,0,0,0,0,0,0,125,,,,,,,,,,,,,,1,,,,,,,601,3369,,3159,6235,3266,6230,3265,79,3160,6,1,,1,75,,,,,,,,,,,,,,,,,,
229,Kobold Female shop 4,242,207,1024,206,220,210,211,209,0,0,70,63,1,28,0,0,213,0,2,0,1,125,0,155,3,0,1,1,0,0,0,0,0,0,0,0,1419,0,0,0,0,0,0,0,125,,,,,,,,,,,,,,1,,,,,,,601,3369,,3159,6235,3266,6230,3265,79,3160,6,1,,1,75,,,,,,,,,,,,,,,,,,
230,Kobold Female shop 5,242,207,1025,206,220,210,211,209,0,0,70,63,1,28,0,0,214,0,2,0,1,125,0,155,3,0,1,1,0,0,0,0,0,0,0,0,1419,0,0,0,0,0,0,0,125,,,,,,,,,,,,,,1,,,,,,,601,3369,,3159,6235,3266,6230,3265,79,3160,6,1,,1,75,,,,,,,,,,,,,,,,,,
231,Dwarf Male shop 1,243,229,1021,227,231,232,233,230,0,0,75,72,1,22,0,0,192,0,1,0,0,138,0,145,0,0,1,1,0,0,0,0,0,0,0,0,1419,0,0,0,0,0,0,0,138,,,,,,,,,,,,,,1,,,,,,,602,3269,,3324,3270,3273,3271,3272,79,3267,3,,,,80,,,,,,,,,,,,,,,,,,
232,Dwarf Male shop 2,243,229,1022,227,231,232,233,230,0,0,75,72,1,22,0,0,193,0,1,0,0,138,0,145,0,0,1,1,0,0,0,0,0,0,0,0,1419,0,0,0,0,0,0,0,138,,,,,,,,,,,,,,1,,,,,,,602,3269,,3324,3270,3273,3271,3272,79,3267,3,,,,80,,,,,,,,,,,,,,,,,,
233,Dwarf Male shop 3,243,229,1017,227,231,232,233,230,0,0,75,72,1,22,0,0,194,0,1,0,0,138,0,145,0,0,1,1,0,0,0,0,0,0,0,0,1419,0,0,0,0,0,0,0,138,,,,,,,,,,,,,,1,,,,,,,602,3269,,3324,3270,3273,3271,3272,79,3267,3,,,,80,,,,,,,,,,,,,,,,,,
234,Dwarf Male shop 4,243,229,1018,227,231,232,233,230,0,0,75,72,1,22,0,0,193,0,2,0,0,138,0,145,0,0,1,1,0,0,0,0,0,0,0,0,1419,0,0,0,0,0,0,0,138,,,,,,,,,,,,,,1,,,,,,,602,3269,,3324,3270,3273,3271,3272,79,3267,3,,,,80,,,,,,,,,,,,,,,,,,
235,Dwarf Male shop 5,243,229,1020,227,231,232,233,230,0,0,75,72,1,22,0,0,194,0,2,0,0,138,0,145,0,0,1,1,0,0,0,0,0,0,0,0,1419,0,0,0,0,0,0,0,138,,,,,,,,,,,,,,1,,,,,,,602,3269,,3324,3270,3273,3271,3272,79,3267,3,,,,80,,,,,,,,,,,,,,,,,,
236,Dwarf Female shop 1,244,228,1021,227,231,232,233,230,0,0,70,68,1,23,0,0,238,0,1,0,1,145,0,155,0,0,1,1,0,0,0,0,0,0,0,0,1419,0,0,0,0,0,0,0,145,,,,,,,,,,,,,,1,,,,,,,603,3374,,3318,3270,3273,3271,3272,79,3375,4,,,,74,,,,,,,,,,,,,,,,,,
237,Dwarf Female shop 2,244,228,1022,227,231,232,233,230,0,0,70,68,1,23,0,0,239,0,1,0,1,145,0,155,0,0,1,1,0,0,0,0,0,0,0,0,1419,0,0,0,0,0,0,0,145,,,,,,,,,,,,,,1,,,,,,,603,3374,,3318,3270,3273,3271,3272,79,3375,4,,,,74,,,,,,,,,,,,,,,,,,
238,Dwarf Female shop 3,244,228,1017,227,231,232,233,230,0,0,70,68,1,23,0,0,238,0,2,0,1,145,0,155,0,0,1,1,0,0,0,0,0,0,0,0,1419,0,0,0,0,0,0,0,145,,,,,,,,,,,,,,1,,,,,,,603,3374,,3318,3270,3273,3271,3272,79,3375,4,,,,74,,,,,,,,,,,,,,,,,,
239,Dwarf Female shop 4,244,228,1018,227,231,232,233,230,0,0,70,68,1,23,0,0,239,0,2,0,1,145,0,155,0,0,1,1,0,0,0,0,0,0,0,0,1419,0,0,0,0,0,0,0,145,,,,,,,,,,,,,,1,,,,,,,603,3374,,3318,3270,3273,3271,3272,79,3375,4,,,,74,,,,,,,,,,,,,,,,,,
240,Dwarf Female shop 5,244,228,1020,227,231,232,233,230,0,0,70,68,1,23,0,0,240,0,2,0,1,145,0,155,0,0,1,1,0,0,0,0,0,0,0,0,1419,0,0,0,0,0,0,0,145,,,,,,,,,,,,,,1,,,,,,,603,3374,,3318,3270,3273,3271,3272,79,3375,4,,,,74,,,,,,,,,,,,,,,,,,
241,Yellow Cabalist Pet,245,243,0,0,0,0,0,0,0,0,100,80,1,3,0,0,0,0,0,0,0,0,0,0,0,242,0,0,0,0,0,0,0,0,0,0,1419,0,0,0,0,0,0,0,0,,,,,,,,,,,,,,,,,,,,,,,,,,,,,,,,,,,,,,,,,,,,,,,,,,,,,
242,Red Cabalist Pet,245,244,0,0,0,0,0,0,0,0,100,80,1,3,0,0,0,0,0,0,0,0,0,0,0,242,0,0,0,0,0,0,0,0,0,0,1419,0,0,0,0,0,0,0,0,,,,,,,,,,,,,,,,,,,,,,,,,,,,,,,,,,,,,,,,,,,,,,,,,,,,,
243,Blue Cabalist Pet,245,245,0,0,0,0,0,0,0,0,100,80,1,3,0,0,0,0,0,0,0,0,0,0,0,242,0,0,0,0,0,0,0,0,0,0,1419,0,0,0,0,0,0,0,0,,,,,,,,,,,,,,,,,,,,,,,,,,,,,,,,,,,,,,,,,,,,,,,,,,,,,
244,Green Cabalist Pet,245,246,0,0,0,0,0,0,0,0,100,80,1,3,0,0,0,0,0,0,0,0,0,0,0,242,0,0,0,0,0,0,0,0,0,0,1419,0,0,0,0,0,0,0,0,,,,,,,,,,,,,,,,,,,,,,,,,,,,,,,,,,,,,,,,,,,,,,,,,,,,,
245,Goblin 2,246,248,0,0,0,0,0,0,0,0,120,80,1,31,0,0,0,0,0,0,0,0,0,0,0,0,0,0,0,0,0,0,0,0,0,0,1419,0,0,0,0,0,0,0,0,,,,,,,,,,,,,,1,,,,,,,,,,,,,,,,,,,,,,,,,,,,,,,,,,,,,,,
246,Goblin 2 Warrior,246,247,0,0,0,0,0,0,0,0,120,80,1,31,0,0,0,0,0,0,0,0,0,0,0,0,0,0,0,0,0,0,0,0,0,0,1419,0,0,0,0,0,0,0,0,,,,,,,,,,,,,,1,,,,,,,,,,,,,,,,,,,,,,,,,,,,,,,,,,,,,,,
247,Goblin 2 Whelp,246,250,0,0,0,0,0,0,0,0,120,80,1,31,0,0,0,0,0,0,0,0,0,0,0,0,0,0,0,0,0,0,0,0,0,0,1419,0,0,0,0,0,0,0,0,,,,,,,,,,,,,,1,,,,,,,,,,,,,,,,,,,,,,,,,,,,,,,,,,,,,,,
248,Goblin 2 Shaman,246,249,0,0,0,0,0,0,0,0,120,80,1,31,0,0,0,0,0,0,0,0,0,0,0,0,0,0,0,0,0,0,0,0,0,0,1419,0,0,0,0,0,0,0,0,,,,,,,,,,,,,,1,,,,,,,,,,,,,,,,,,,,,,,,,,,,,,,,,,,,,,,
249,Hobgoblin,247,248,0,0,0,0,0,0,0,0,160,80,1,35,0,0,0,0,0,0,0,0,0,0,0,0,0,0,0,0,0,0,0,0,0,0,1419,0,0,0,0,0,0,0,0,,,,,,,,,,,,,,1,,,,,,,,,,,,,,,,,,,,,,,,,,,,,,,,,,,,,,,
250,Hobgoblin Warrior,247,247,0,0,0,0,0,0,0,0,160,80,1,35,0,0,0,0,0,0,0,0,0,0,0,0,0,0,0,0,0,0,0,0,0,0,1419,0,0,0,0,0,0,0,0,,,,,,,,,,,,,,1,,,,,,,,,,,,,,,,,,,,,,,,,,,,,,,,,,,,,,,
251,Hobgoblin Whelp,247,250,0,0,0,0,0,0,0,0,160,80,1,35,0,0,0,0,0,0,0,0,0,0,0,0,0,0,0,0,0,0,0,0,0,0,1419,0,0,0,0,0,0,0,0,,,,,,,,,,,,,,1,,,,,,,,,,,,,,,,,,,,,,,,,,,,,,,,,,,,,,,
252,Hobgoblin Shaman,247,249,0,0,0,0,0,0,0,0,160,80,1,35,0,0,0,0,0,0,0,0,0,0,0,0,0,0,0,0,0,0,0,0,0,0,1419,0,0,0,0,0,0,0,0,,,,,,,,,,,,,,1,,,,,,,,,,,,,,,,,,,,,,,,,,,,,,,,,,,,,,,
253,Giant with Belt,232,147,0,0,0,0,0,0,0,0,500,400,1,29,0,0,0,0,0,0,0,0,0,0,0,0,0,0,0,0,0,0,0,0,0,0,1419,0,0,0,0,0,0,0,0,,,,,,,,,,,,,,1,,,,,,,,,,,,,,,,,,,,,,,,,,,,,,,,,,,,,,,
254,Briton Male,206,1,1022,3,5,6,4,7,79,0,100,80,1,8,0,0,8,1,2,0,0,100,0,102,0,0,1,1,0,0,0,0,0,0,0,0,1419,0,0,0,0,0,0,0,100,,,,,,,,,,,,,,1,,,,,,,582,3233,,3238,3232,3235,3236,3234,79,3237,1,1,1,,100,,,,,,,,,,,,,,,,,,
255,Briton Male,206,1,1024,3,5,6,4,7,79,0,100,80,1,8,0,0,9,1,2,0,0,100,0,102,0,0,1,1,0,0,0,0,0,0,0,0,1419,0,0,0,0,0,0,0,100,,,,,,,,,,,,,,1,,,,,,,582,3233,,3238,3232,3235,3236,3234,79,3237,1,1,1,,100,,,,,,,,,,,,,,,,,,
256,Briton Male,206,1,1018,3,5,6,4,7,79,0,100,80,1,8,0,0,10,1,2,0,0,100,0,102,0,0,1,1,0,0,0,0,0,0,0,0,1419,0,0,0,0,0,0,0,100,,,,,,,,,,,,,,1,,,,,,,582,3233,,3238,3232,3235,3236,3234,79,3237,1,1,1,,100,,,,,,,,,,,,,,,,,,
257,Briton Male,206,1,1020,3,5,6,4,7,79,0,100,80,1,8,0,0,11,1,2,0,0,100,0,102,0,0,1,1,0,0,0,0,0,0,0,0,1419,0,0,0,0,0,0,0,100,,,,,,,,,,,,,,1,,,,,,,582,3233,,3238,3232,3235,3236,3234,79,3237,1,1,1,,100,,,,,,,,,,,,,,,,,,
258,Briton Female,209,2,1030,3,5,6,4,7,79,0,100,78,1,11,0,0,12,1,2,0,1,98,0,94,0,0,1,1,0,0,0,0,0,0,0,0,1419,0,0,0,0,0,0,0,98,,,,,,,,,,,,,,1,,,,,,,608,3310,,3309,6231,3235,3236,3234,79,3308,2,1,1,,96,,,,,,,,,,,,,,,,,,
259,Briton Female,209,2,1017,3,5,6,4,7,79,0,100,78,1,11,0,0,13,1,2,0,1,98,0,94,0,0,1,1,0,0,0,0,0,0,0,0,1419,0,0,0,0,0,0,0,98,,,,,,,,,,,,,,1,,,,,,,608,3310,,3309,6231,3235,3236,3234,79,3308,2,1,1,,96,,,,,,,,,,,,,,,,,,
260,Briton Female,209,2,1024,3,5,6,4,7,79,0,100,78,1,11,0,0,14,1,2,0,1,98,0,94,0,0,1,1,0,0,0,0,0,0,0,0,1419,0,0,0,0,0,0,0,98,,,,,,,,,,,,,,1,,,,,,,608,3310,,3309,6231,3235,3236,3234,79,3308,2,1,1,,96,,,,,,,,,,,,,,,,,,
261,Briton Female,209,2,1018,3,5,6,4,7,79,0,100,78,1,11,0,0,15,1,2,0,1,98,0,94,0,0,1,1,0,0,0,0,0,0,0,0,1419,0,0,0,0,0,0,0,98,,,,,,,,,,,,,,1,,,,,,,608,3310,,3309,6231,3235,3236,3234,79,3308,2,1,1,,96,,,,,,,,,,,,,,,,,,
262,High Male,210,16,1021,18,19,20,21,22,79,0,109,88,1,7,1,0,24,2,2,0,0,102,0,100,0,0,1,1,0,0,0,0,0,0,0,0,1419,0,0,0,0,0,0,0,102,,,,,,,,,,,,,,1,,,,,,,594,3597,6058,3606,3232,3602,3600,3601,79,,5,1,1,1,110,,,,,,,,,,,,,,,,,,
263,High Male,210,16,1024,18,19,20,21,22,79,0,109,88,1,7,1,0,25,2,2,0,0,102,0,100,0,0,1,1,0,0,0,0,0,0,0,0,1419,0,0,0,0,0,0,0,102,,,,,,,,,,,,,,1,,,,,,,594,3597,6058,3606,3232,3602,3600,3601,79,,5,1,1,1,110,,,,,,,,,,,,,,,,,,
264,High Male,210,16,1018,18,19,20,21,22,79,0,109,88,1,7,1,0,26,2,2,0,0,102,0,100,0,0,1,1,0,0,0,0,0,0,0,0,1419,0,0,0,0,0,0,0,102,,,,,,,,,,,,,,1,,,,,,,594,3597,6058,3606,3232,3602,3600,3601,79,,5,1,1,1,110,,,,,,,,,,,,,,,,,,
265,High Male,210,16,1020,18,19,20,21,22,79,0,109,88,1,7,1,0,27,2,2,0,0,102,0,100,0,0,1,1,0,0,0,0,0,0,0,0,1419,0,0,0,0,0,0,0,102,,,,,,,,,,,,,,1,,,,,,,594,3597,6058,3606,3232,3602,3600,3601,79,,5,1,1,1,110,,,,,,,,,,,,,,,,,,
266,High Female,211,17,1025,18,19,20,21,22,79,0,109,83,1,10,1,0,28,2,2,0,1,96,0,95,0,0,1,1,0,0,0,0,0,0,0,0,1419,0,0,0,0,0,0,0,96,,,,,,,,,,,,,,1,,,,,,,595,3598,6058,3609,6234,3602,6240,3601,79,,6,1,1,1,105,,,,,,,,,,,,,,,,,,
267,High Female,211,17,1023,18,19,20,21,22,79,0,109,83,1,10,1,0,29,2,2,0,1,96,0,95,0,0,1,1,0,0,0,0,0,0,0,0,1419,0,0,0,0,0,0,0,96,,,,,,,,,,,,,,1,,,,,,,595,3598,6058,3609,6234,3602,6240,3601,79,,6,1,1,1,105,,,,,,,,,,,,,,,,,,
268,High Female,211,17,1024,18,19,20,21,22,79,0,109,83,1,10,1,0,30,2,2,0,1,96,0,95,0,0,1,1,0,0,0,0,0,0,0,0,1419,0,0,0,0,0,0,0,96,,,,,,,,,,,,,,1,,,,,,,595,3598,6058,3609,6234,3602,6240,3601,79,,6,1,1,1,105,,,,,,,,,,,,,,,,,,
269,High Female,211,17,1024,18,19,20,21,22,79,0,109,83,1,10,1,0,31,2,2,0,1,96,0,95,0,0,1,1,0,0,0,0,0,0,0,0,1419,0,0,0,0,0,0,0,96,,,,,,,,,,,,,,1,,,,,,,595,3598,6058,3609,6234,3602,6240,3601,79,,6,1,1,1,105,,,,,,,,,,,,,,,,,,
270,Saracen Male,213,32,1042,34,35,36,37,38,79,0,100,80,1,8,1,1,39,12,1,0,0,100,0,103,1,0,1,1,0,0,0,0,0,0,0,0,1419,0,0,0,0,0,0,0,100,,,,,,,,,,,,,,1,,,,,,,584,3633,,3639,3635,3638,3636,3637,79,,3,,1,,101,,,,,,,,,,,,,,,,,,
271,Saracen Male,213,32,1043,34,35,36,37,38,79,0,100,80,1,8,1,1,40,12,1,0,0,100,0,103,1,0,1,1,0,0,0,0,0,0,0,0,1419,0,0,0,0,0,0,0,100,,,,,,,,,,,,,,1,,,,,,,584,3633,,3640,3635,3638,3636,3637,79,,3,,1,,101,,,,,,,,,,,,,,,,,,
272,Saracen Male,213,32,1044,34,35,36,37,38,79,0,100,80,1,8,1,1,41,12,1,0,0,100,0,103,1,0,1,1,0,0,0,0,0,0,0,0,1419,0,0,0,0,0,0,0,100,,,,,,,,,,,,,,1,,,,,,,584,3633,,3641,3635,3638,3636,3637,79,,3,,1,,101,,,,,,,,,,,,,,,,,,
273,Saracen Male,213,32,1045,34,35,36,37,38,79,0,100,80,1,8,1,1,42,12,1,0,0,100,0,103,1,0,1,1,0,0,0,0,0,0,0,0,1419,0,0,0,0,0,0,0,100,,,,,,,,,,,,,,1,,,,,,,584,3633,,3642,3635,3638,3636,3637,79,,3,,1,,101,,,,,,,,,,,,,,,,,,
274,Saracen Female,214,33,1046,34,35,36,37,38,79,0,100,78,1,11,1,1,44,12,1,0,1,98,0,98,2,0,1,1,0,0,0,0,0,0,0,0,1419,0,0,0,0,0,0,0,98,,,,,,,,,,,,,,1,,,,,,,585,3634,,3645,3635,3638,3636,3637,79,,4,,1,,97,,,,,,,,,,,,,,,,,,
275,Saracen Female,214,33,1047,34,35,36,37,38,79,0,100,78,1,11,1,1,45,12,1,0,1,98,0,98,2,0,1,1,0,0,0,0,0,0,0,0,1419,0,0,0,0,0,0,0,98,,,,,,,,,,,,,,1,,,,,,,585,3634,,3646,3635,3638,3636,3637,79,,4,,1,,97,,,,,,,,,,,,,,,,,,
276,Saracen Female,214,33,1042,34,35,36,37,38,79,0,100,78,1,11,1,1,46,12,1,0,1,98,0,98,2,0,1,1,0,0,0,0,0,0,0,0,1419,0,0,0,0,0,0,0,98,,,,,,,,,,,,,,1,,,,,,,585,3634,,3647,3635,3638,3636,3637,79,,4,,1,,97,,,,,,,,,,,,,,,,,,
277,Saracen Female,214,33,1043,34,35,36,37,38,79,0,100,78,1,11,1,1,47,12,1,0,1,98,0,98,2,0,1,1,0,0,0,0,0,0,0,0,1419,0,0,0,0,0,0,0,98,,,,,,,,,,,,,,1,,,,,,,585,3634,,3648,3635,3638,3636,3637,79,,4,,1,,97,,,,,,,,,,,,,,,,,,
278,Avalonian Male,217,49,1019,51,53,54,52,55,79,0,112,89,1,9,0,0,56,3,2,0,0,98,0,93,0,0,1,1,0,0,0,0,0,0,0,0,1419,0,0,0,0,0,0,0,98,,,,,,,,,,,,,,1,,,,,,,590,3651,,3657,3653,3656,3654,3655,79,,7,,1,,113,,,,,,,,,,,,,,,,,,
279,Avalonian Male,217,49,1030,51,53,54,52,55,79,0,112,89,1,9,0,0,57,3,2,0,0,98,0,93,0,0,1,1,0,0,0,0,0,0,0,0,1419,0,0,0,0,0,0,0,98,,,,,,,,,,,,,,1,,,,,,,590,3651,,3658,3653,3656,3654,3655,79,,7,,1,,113,,,,,,,,,,,,,,,,,,
280,Avalonian Male,217,49,1020,51,53,54,52,55,79,0,112,89,1,9,0,0,58,3,2,0,0,98,0,93,0,0,1,1,0,0,0,0,0,0,0,0,1419,0,0,0,0,0,0,0,98,,,,,,,,,,,,,,1,,,,,,,590,3651,,3659,3653,3656,3654,3655,79,,7,,1,,113,,,,,,,,,,,,,,,,,,
281,Avalonian Male,217,49,1017,51,53,54,52,55,79,0,112,89,1,9,0,0,59,3,2,0,0,98,0,93,0,0,1,1,0,0,0,0,0,0,0,0,1419,0,0,0,0,0,0,0,98,,,,,,,,,,,,,,1,,,,,,,590,3651,,3660,3653,3656,3654,3655,79,,7,,1,,113,,,,,,,,,,,,,,,,,,
282,Avalonian Female,218,50,1019,51,53,54,52,55,79,0,112,87,1,12,0,0,60,3,2,0,1,92,0,90,0,0,1,1,0,0,0,0,0,0,0,0,1419,0,0,0,0,0,0,0,92,,,,,,,,,,,,,,1,,,,,,,591,3652,,3663,3653,3656,3654,3655,79,,8,,1,,112,,,,,,,,,,,,,,,,,,
283,Avalonian Female,218,50,1030,51,53,54,52,55,79,0,112,87,1,12,0,0,61,3,2,0,1,92,0,90,0,0,1,1,0,0,0,0,0,0,0,0,1419,0,0,0,0,0,0,0,92,,,,,,,,,,,,,,1,,,,,,,591,3652,,3664,3653,3656,3654,3655,79,,8,,1,,112,,,,,,,,,,,,,,,,,,
284,Avalonian Female,218,50,1019,51,53,54,52,55,79,0,112,87,1,12,0,0,62,3,2,0,1,92,0,90,0,0,1,1,0,0,0,0,0,0,0,0,1419,0,0,0,0,0,0,0,92,,,,,,,,,,,,,,1,,,,,,,591,3652,,3665,3653,3656,3654,3655,79,,8,,1,,112,,,,,,,,,,,,,,,,,,
285,Avalonian Female,218,50,1016,51,53,54,52,55,79,0,112,87,1,12,0,0,63,3,2,0,1,92,0,90,0,0,1,1,0,0,0,0,0,0,0,0,1419,0,0,0,0,0,0,0,92,,,,,,,,,,,,,,1,,,,,,,591,3652,,3666,3653,3656,3654,3655,79,,8,,1,,112,,,,,,,,,,,,,,,,,,
286,Firbolg Male 1,254,263,1021,265,266,267,268,269,0,0,135,110,1,7,0,0,292,9,1,0,0,115,1,115,1,0,1,1,0,0,0,0,0,0,0,0,1419,0,0,0,0,0,0,0,115,,,,,,,,,,,,,,1,,,,,,,610,3759,,3766,3761,3765,3763,3764,79,,7,,1,,134,,,,,,,,,,,,,,,,,,
287,Firbolg Male 2,254,263,1025,265,266,267,268,269,0,0,135,110,1,7,0,0,293,9,1,0,0,115,1,115,1,0,1,1,0,0,0,0,0,0,0,0,1419,0,0,0,0,0,0,0,115,,,,,,,,,,,,,,1,,,,,,,610,3759,,3767,3761,3765,3763,3764,79,,7,,1,,134,,,,,,,,,,,,,,,,,,
288,Firbolg Male 3,254,263,1022,265,266,267,268,269,0,0,135,110,1,7,0,0,294,9,1,0,0,115,1,115,1,0,1,1,0,0,0,0,0,0,0,0,1419,0,0,0,0,0,0,0,115,,,,,,,,,,,,,,1,,,,,,,610,3759,,3768,3761,3765,3763,3764,79,,7,,1,,134,,,,,,,,,,,,,,,,,,
289,Firbolg Male 4,254,263,1018,265,266,267,268,269,0,0,135,110,1,7,0,0,295,9,1,0,0,115,1,115,1,0,1,1,0,0,0,0,0,0,0,0,1419,0,0,0,0,0,0,0,115,,,,,,,,,,,,,,1,,,,,,,610,3759,,3769,3761,3765,3763,3764,79,,7,,1,,134,,,,,,,,,,,,,,,,,,
290,Firbolg Male 5,254,263,1020,265,266,267,268,269,0,0,135,110,1,7,0,0,292,9,2,0,0,115,1,115,1,0,1,1,0,0,0,0,0,0,0,0,1419,0,0,0,0,0,0,0,115,,,,,,,,,,,,,,1,,,,,,,610,3759,,3770,3761,3765,3763,3764,79,,7,,1,,134,,,,,,,,,,,,,,,,,,
291,Firbolg Male 6,254,263,1030,265,266,267,268,269,0,0,135,110,1,7,0,0,293,9,2,0,0,115,1,115,1,0,1,1,0,0,0,0,0,0,0,0,1419,0,0,0,0,0,0,0,115,,,,,,,,,,,,,,1,,,,,,,610,3759,,3771,3761,3765,3763,3764,79,,7,,1,,134,,,,,,,,,,,,,,,,,,
292,Firbolg Male 7,254,263,1027,265,266,267,268,269,0,0,135,110,1,7,0,0,294,9,2,0,0,115,1,115,1,0,1,1,0,0,0,0,0,0,0,0,1419,0,0,0,0,0,0,0,115,,,,,,,,,,,,,,1,,,,,,,610,3759,,3766,3761,3765,3763,3764,79,,7,,1,,134,,,,,,,,,,,,,,,,,,
293,Firbolg Male 8,254,263,1029,265,266,267,268,269,0,0,135,110,1,7,0,0,295,9,2,0,0,115,1,115,1,0,1,1,0,0,0,0,0,0,0,0,1419,0,0,0,0,0,0,0,115,,,,,,,,,,,,,,1,,,,,,,610,3759,,3767,3761,3765,3763,3764,79,,7,,1,,134,,,,,,,,,,,,,,,,,,
294,Firbolg Female 1,255,264,1021,265,266,267,268,269,0,0,130,107,1,10,0,0,296,9,1,0,1,115,1,117,0,0,1,1,0,0,0,0,0,0,0,0,1419,0,0,0,0,0,0,0,115,,,,,,,,,,,,,,1,,,,,,,611,3760,,3772,6232,3765,3763,3764,79,,8,,1,,131,,,,,,,,,,,,,,,,,,
295,Firbolg Female 2,255,264,1022,265,266,267,268,269,0,0,130,107,1,10,0,0,297,9,1,0,1,115,1,117,0,0,1,1,0,0,0,0,0,0,0,0,1419,0,0,0,0,0,0,0,115,,,,,,,,,,,,,,1,,,,,,,611,3760,,3773,6232,3765,3763,3764,79,,8,,1,,131,,,,,,,,,,,,,,,,,,
296,Firbolg Female 3,255,264,1022,265,266,267,268,269,0,0,130,107,1,10,0,0,298,9,1,0,1,115,1,117,0,0,1,1,0,0,0,0,0,0,0,0,1419,0,0,0,0,0,0,0,115,,,,,,,,,,,,,,1,,,,,,,611,3760,,3774,6232,3765,3763,3764,79,,8,,1,,131,,,,,,,,,,,,,,,,,,
297,Firbolg Female 4,255,264,1018,265,266,267,268,269,0,0,130,107,1,10,0,0,299,9,1,0,1,115,1,117,0,0,1,1,0,0,0,0,0,0,0,0,1419,0,0,0,0,0,0,0,115,,,,,,,,,,,,,,1,,,,,,,611,3760,,3775,6232,3765,3763,3764,79,,8,,1,,131,,,,,,,,,,,,,,,,,,
298,Firbolg Female 5,255,264,1020,265,266,267,268,269,0,0,130,107,1,10,0,0,296,9,2,0,1,115,1,117,0,0,1,1,0,0,0,0,0,0,0,0,1419,0,0,0,0,0,0,0,115,,,,,,,,,,,,,,1,,,,,,,611,3760,,3776,6232,3765,3763,3764,79,,8,,1,,131,,,,,,,,,,,,,,,,,,
299,Firbolg Female 6,255,264,1030,265,266,267,268,269,0,0,130,107,1,10,0,0,297,9,2,0,1,115,1,117,0,0,1,1,0,0,0,0,0,0,0,0,1419,0,0,0,0,0,0,0,115,,,,,,,,,,,,,,1,,,,,,,611,3760,,3777,6232,3765,3763,3764,79,,8,,1,,131,,,,,,,,,,,,,,,,,,
300,Firbolg Female 7,255,264,1027,265,266,267,268,269,0,0,130,107,1,10,0,0,298,9,2,0,1,115,1,117,0,0,1,1,0,0,0,0,0,0,0,0,1419,0,0,0,0,0,0,0,115,,,,,,,,,,,,,,1,,,,,,,611,3760,,3772,6232,3765,3763,3764,79,,8,,1,,131,,,,,,,,,,,,,,,,,,
301,Firbolg Female 8,255,264,1018,265,266,267,268,269,0,0,130,95,1,10,0,0,299,9,2,0,1,115,1,117,0,0,1,1,0,0,0,0,0,0,0,0,1419,0,0,0,0,0,0,0,115,,,,,,,,,,,,,,1,,,,,,,611,3760,,3773,6232,3765,3763,3764,79,,8,1,1,,131,,,,,,,,,,,,,,,,,,
302,Celt Male 1,250,277,1021,279,280,281,282,283,0,0,100,80,1,8,0,0,1008,8,1,0,0,100,1,107,0,0,1,1,0,0,0,0,0,0,0,0,1419,0,0,0,0,0,0,0,100,,,,,,,,,,,,,,1,,,,,,,614,3669,,3675,3232,3674,3672,3673,79,,1,1,1,,101,,,,,,,,,,,,6496,,,,,,
303,Celt Male 2,250,277,1024,279,280,281,282,283,0,0,100,80,1,8,0,0,1009,8,1,0,0,100,1,107,0,0,1,1,0,0,0,0,0,0,0,0,1419,0,0,0,0,0,0,0,100,,,,,,,,,,,,,,1,,,,,,,614,3669,,3676,3232,3674,3672,3673,79,,1,1,1,,101,,,,,,,,,,,,6496,,,,,,
304,Celt Male 3,250,277,1022,279,280,281,282,283,0,0,100,80,1,8,0,0,1010,8,1,0,0,100,1,107,0,0,1,1,0,0,0,0,0,0,0,0,1419,0,0,0,0,0,0,0,100,,,,,,,,,,,,,,1,,,,,,,614,3669,,3677,3232,3674,3672,3673,79,,1,1,1,,101,,,,,,,,,,,,6496,,,,,,
305,Celt Male 4,250,277,1018,279,280,281,282,283,0,0,100,80,1,8,0,0,1011,8,1,0,0,100,1,107,0,0,1,1,0,0,0,0,0,0,0,0,1419,0,0,0,0,0,0,0,100,,,,,,,,,,,,,,1,,,,,,,614,3669,,3678,3232,3674,3672,3673,79,,1,1,1,,101,,,,,,,,,,,,6496,,,,,,
306,Celt Male 5,250,277,1020,279,280,281,282,283,0,0,100,80,1,8,0,0,1009,8,2,0,0,100,1,107,0,0,1,1,0,0,0,0,0,0,0,0,1419,0,0,0,0,0,0,0,100,,,,,,,,,,,,,,1,,,,,,,614,3669,,3679,3232,3674,3672,3673,79,,1,1,1,,101,,,,,,,,,,,,6496,,,,,,
307,Celt Male 6,250,277,1025,279,280,281,282,283,0,0,100,80,1,8,0,0,1009,8,2,0,0,100,1,107,0,0,1,1,0,0,0,0,0,0,0,0,1419,0,0,0,0,0,0,0,100,,,,,,,,,,,,,,1,,,,,,,614,3669,,3680,3232,3674,3672,3673,79,,1,1,1,,101,,,,,,,,,,,,6496,,,,,,
308,Celt Male 7,250,277,1024,279,280,281,282,283,0,0,100,80,1,8,0,0,1010,8,2,0,0,100,1,107,0,0,1,1,0,0,0,0,0,0,0,0,1419,0,0,0,0,0,0,0,100,,,,,,,,,,,,,,1,,,,,,,614,3669,,3675,3232,3674,3672,3673,79,,1,1,1,,101,,,,,,,,,,,,6496,,,,,,
309,Celt Male 8,250,277,1022,279,280,281,282,283,0,0,100,80,1,8,0,0,1011,8,2,0,0,100,1,107,0,0,1,1,0,0,0,0,0,0,0,0,1419,0,0,0,0,0,0,0,100,,,,,,,,,,,,,,1,,,,,,,614,3669,,3676,3232,3674,3672,3673,79,,1,1,1,,101,,,,,,,,,,,,6496,,,,,,
310,Celt Female 1,251,278,1025,279,280,281,282,283,0,0,100,80,1,11,0,0,1012,8,1,0,1,100,1,93,0,0,1,1,0,0,0,0,0,0,0,0,1419,0,0,0,0,0,0,0,100,,,,,,,,,,,,,,1,,,,,,,615,3670,,3681,6231,3674,3672,3673,79,,2,1,1,,96,,,,,,,,,,,,6501,,,,,,
311,Celt Female 2,251,278,1018,279,280,281,282,283,0,0,100,80,1,11,0,0,1013,8,1,0,1,100,1,93,0,0,1,1,0,0,0,0,0,0,0,0,1419,0,0,0,0,0,0,0,100,,,,,,,,,,,,,,1,,,,,,,615,3670,,3682,6231,3674,3672,3673,79,,2,1,1,,96,,,,,,,,,,,,6501,,,,,,
312,Celt Female 3,251,278,1020,279,280,281,282,283,0,0,100,80,1,11,0,0,1014,8,1,0,1,100,1,93,0,0,1,1,0,0,0,0,0,0,0,0,1419,0,0,0,0,0,0,0,100,,,,,,,,,,,,,,1,,,,,,,615,3670,,3683,6231,3674,3672,3673,79,,2,1,1,,96,,,,,,,,,,,,6501,,,,,,
313,Celt Female 4,251,278,1025,279,280,281,282,283,0,0,100,80,1,11,0,0,1015,8,1,0,1,100,1,93,0,0,1,1,0,0,0,0,0,0,0,0,1419,0,0,0,0,0,0,0,100,,,,,,,,,,,,,,1,,,,,,,615,3670,,3684,6231,3674,3672,3673,79,,2,1,1,,96,,,,,,,,,,,,6501,,,,,,
314,Celt Female 5,251,278,1024,279,280,281,282,283,0,0,100,80,1,11,0,0,1012,8,2,0,1,100,1,93,0,0,1,1,0,0,0,0,0,0,0,0,1419,0,0,0,0,0,0,0,100,,,,,,,,,,,,,,1,,,,,,,615,3670,,3685,6231,3674,3672,3673,79,,2,1,1,,96,,,,,,,,,,,,6501,,,,,,
315,Celt Female 6,251,278,1022,279,280,281,282,283,0,0,100,80,1,11,0,0,1013,8,2,0,1,100,1,93,0,0,1,1,0,0,0,0,0,0,0,0,1419,0,0,0,0,0,0,0,100,,,,,,,,,,,,,,1,,,,,,,615,3670,,3686,6231,3674,3672,3673,79,,2,1,1,,96,,,,,,,,,,,,6501,,,,,,
316,Celt Female 7,251,278,1025,279,280,281,282,283,0,0,100,80,1,11,0,0,1014,8,2,0,1,100,1,93,0,0,1,1,0,0,0,0,0,0,0,0,1419,0,0,0,0,0,0,0,100,,,,,,,,,,,,,,1,,,,,,,615,3670,,3681,6231,3674,3672,3673,79,,2,1,1,,96,,,,,,,,,,,,6501,,,,,,
317,Celt Female 8,251,278,1019,279,280,281,282,283,0,0,100,80,1,11,0,0,1015,8,2,0,1,100,1,93,0,0,1,1,0,0,0,0,0,0,0,0,1419,0,0,0,0,0,0,0,100,,,,,,,,,,,,,,1,,,,,,,615,3670,,3682,6231,3674,3672,3673,79,,2,1,1,,96,,,,,,,,,,,,6501,,,,,,
318,Lurikeen Male 1,256,270,1025,272,273,274,275,276,0,0,65,55,1,27,0,0,284,10,1,0,0,100,1,130,1,0,1,1,0,0,0,0,0,0,0,0,1419,0,0,0,0,0,0,0,100,,,,,,,,,,,,,,1,,,,,,,598,3705,,3711,3707,3710,3708,3709,79,,5,,,,63,,,,,,,,,,,,6498,,,,,,
319,Lurikeen Male 2,256,270,1030,272,273,274,275,209,0,0,65,55,1,27,0,0,285,10,1,0,0,100,1,130,1,0,1,1,0,0,0,0,0,0,0,0,1419,0,0,0,0,0,0,0,100,,,,,,,,,,,,,,1,,,,,,,598,3705,,3712,3707,3710,3708,3709,79,,5,,,,63,,,,,,,,,,,,6498,,,,,,
320,Lurikeen Male 3,256,270,1018,272,273,274,275,209,0,0,65,55,1,27,0,0,286,10,1,0,0,100,1,130,1,0,1,1,0,0,0,0,0,0,0,0,1419,0,0,0,0,0,0,0,100,,,,,,,,,,,,,,1,,,,,,,598,3705,,3713,3707,3710,3708,3709,79,,5,,,,63,,,,,,,,,,,,6498,,,,,,
321,Lurikeen Male 4,256,270,1022,272,273,274,275,209,0,0,65,55,1,27,0,0,287,10,1,0,0,100,1,130,1,0,1,1,0,0,0,0,0,0,0,0,1419,0,0,0,0,0,0,0,100,,,,,,,,,,,,,,1,,,,,,,598,3705,,3714,3707,3710,3708,3709,79,,5,,,,63,,,,,,,,,,,,6498,,,,,,
322,Lurikeen Male 5,256,270,1016,272,273,274,275,209,0,0,65,55,1,27,0,0,284,10,2,0,0,100,1,130,1,0,1,1,0,0,0,0,0,0,0,0,1419,0,0,0,0,0,0,0,100,,,,,,,,,,,,,,1,,,,,,,598,3705,,3715,3707,3710,3708,3709,79,,5,,,,63,,,,,,,,,,,,6498,,,,,,
323,Lurikeen Male 6,256,270,1023,272,273,274,275,209,0,0,65,55,1,27,0,0,285,10,2,0,0,100,1,130,1,0,1,1,0,0,0,0,0,0,0,0,1419,0,0,0,0,0,0,0,100,,,,,,,,,,,,,,1,,,,,,,598,3705,,3716,3707,3710,3708,3709,79,,5,,,,63,,,,,,,,,,,,6498,,,,,,
324,Lurikeen Male 7,256,270,1021,272,273,274,275,209,0,0,65,55,1,27,0,0,286,10,2,0,0,100,1,130,1,0,1,1,0,0,0,0,0,0,0,0,1419,0,0,0,0,0,0,0,100,,,,,,,,,,,,,,1,,,,,,,598,3705,,3711,3707,3710,3708,3709,79,,5,,,,63,,,,,,,,,,,,6498,,,,,,
325,Lurikeen Male 8,256,270,1022,272,273,274,275,209,0,0,65,55,1,27,0,0,287,10,2,0,0,100,1,130,1,0,1,1,0,0,0,0,0,0,0,0,1419,0,0,0,0,0,0,0,100,,,,,,,,,,,,,,1,,,,,,,598,3705,,3712,3707,3710,3708,3709,79,,5,,,,63,,,,,,,,,,,,6498,,,,,,
326,Lurikeen Female 1,257,271,1030,272,273,274,275,209,0,0,65,55,1,28,0,0,288,10,1,0,1,100,1,112,1,0,1,1,0,0,0,0,0,0,0,0,1419,0,0,0,0,0,0,0,100,,,,,,,,,,,,,,1,,,,,,,599,3706,,3717,3707,3710,3708,3709,79,,6,,,,63,,,,,,,,,,,,6500,,,,,,
327,Lurikeen Female 2,257,271,1023,272,273,274,275,209,0,0,65,55,1,28,0,0,289,10,1,0,1,100,1,112,1,0,1,1,0,0,0,0,0,0,0,0,1419,0,0,0,0,0,0,0,100,,,,,,,,,,,,,,1,,,,,,,599,3706,,3718,3707,3710,3708,3709,79,,6,,,,63,,,,,,,,,,,,6500,,,,,,
328,Lurikeen Female 3,257,271,1016,272,273,274,275,209,0,0,65,55,1,28,0,0,290,10,1,0,1,100,1,112,1,0,1,1,0,0,0,0,0,0,0,0,1419,0,0,0,0,0,0,0,100,,,,,,,,,,,,,,1,,,,,,,599,3706,,3719,3707,3710,3708,3709,79,,6,,,,63,,,,,,,,,,,,6500,,,,,,
329,Lurikeen Female 4,257,271,1023,272,273,274,275,209,0,0,65,55,1,28,0,0,291,10,1,0,1,100,1,112,1,0,1,1,0,0,0,0,0,0,0,0,1419,0,0,0,0,0,0,0,100,,,,,,,,,,,,,,1,,,,,,,599,3706,,3720,3707,3710,3708,3709,79,,6,,,,63,,,,,,,,,,,,6500,,,,,,
330,Lurikeen Female 5,257,271,1021,272,273,274,275,209,0,0,65,55,1,28,0,0,288,10,2,0,1,100,1,112,1,0,1,1,0,0,0,0,0,0,0,0,1419,0,0,0,0,0,0,0,100,,,,,,,,,,,,,,1,,,,,,,599,3706,,3721,3707,3710,3708,3709,79,,6,,,,63,,,,,,,,,,,,6500,,,,,,
331,Lurikeen Female 6,257,271,1022,272,273,274,275,209,0,0,65,55,1,28,0,0,289,10,2,0,1,100,1,112,1,0,1,1,0,0,0,0,0,0,0,0,1419,0,0,0,0,0,0,0,100,,,,,,,,,,,,,,1,,,,,,,599,3706,,3722,3707,3710,3708,3709,79,,6,,,,63,,,,,,,,,,,,6500,,,,,,
332,Lurikeen Female 7,257,271,1030,272,273,274,275,209,0,0,65,55,1,28,0,0,290,10,2,0,1,100,1,112,1,0,1,1,0,0,0,0,0,0,0,0,1419,0,0,0,0,0,0,0,100,,,,,,,,,,,,,,1,,,,,,,599,3706,,3717,3707,3710,3708,3709,79,,6,,,,63,,,,,,,,,,,,6500,,,,,,
333,Lurikeen Female 8,257,271,1023,272,273,274,275,209,0,0,65,55,1,28,0,0,291,10,2,0,1,100,1,112,1,0,1,1,0,0,0,0,0,0,0,0,1419,0,0,0,0,0,0,0,100,,,,,,,,,,,,,,1,,,,,,,599,3706,,3718,3707,3710,3708,3709,79,,6,,,,63,,,,,,,,,,,,6500,,,,,,
334,Elf Male 1,252,256,1028,258,259,260,261,262,0,0,108,87,1,22,0,0,1000,11,1,0,0,100,0,95,0,0,1,1,0,0,0,0,0,0,0,0,1419,0,0,0,0,0,0,0,100,,,,,,,,,,,,,,1,,,,,,,592,3687,,3693,3689,3692,3690,3691,79,,3,,1,,113,,,,,,,,,,,,,,,,,,
335,Elf Male 2,252,256,1023,258,259,260,261,262,0,0,108,87,1,22,0,0,1001,11,1,0,0,100,0,95,0,0,1,1,0,0,0,0,0,0,0,0,1419,0,0,0,0,0,0,0,100,,,,,,,,,,,,,,1,,,,,,,592,3687,,3694,3689,3692,3690,3691,79,,3,,1,,113,,,,,,,,,,,,,,,,,,
336,Elf Male 3,252,256,1016,258,259,260,261,262,0,0,108,87,1,22,0,0,1002,11,1,0,0,100,0,95,0,0,1,1,0,0,0,0,0,0,0,0,1419,0,0,0,0,0,0,0,100,,,,,,,,,,,,,,1,,,,,,,592,3687,,3695,3689,3692,3690,3691,79,,3,,1,,113,,,,,,,,,,,,,,,,,,
337,Elf Male 4,252,256,1019,258,259,260,261,262,0,0,108,87,1,22,0,0,1003,11,1,0,0,100,0,95,0,0,1,1,0,0,0,0,0,0,0,0,1419,0,0,0,0,0,0,0,100,,,,,,,,,,,,,,1,,,,,,,592,3687,,3696,3689,3692,3690,3691,79,,3,,1,,113,,,,,,,,,,,,,,,,,,
338,Elf Male 5,252,256,1026,258,259,260,261,262,0,0,108,87,1,22,0,0,1000,11,2,0,0,100,0,95,0,0,1,1,0,0,0,0,0,0,0,0,1419,0,0,0,0,0,0,0,100,,,,,,,,,,,,,,1,,,,,,,592,3687,,3697,3689,3692,3690,3691,79,,3,,1,,113,,,,,,,,,,,,,,,,,,
339,Elf Male 6,252,256,1028,258,259,260,261,262,0,0,108,87,1,22,0,0,1001,11,2,0,0,100,0,95,0,0,1,1,0,0,0,0,0,0,0,0,1419,0,0,0,0,0,0,0,100,,,,,,,,,,,,,,1,,,,,,,592,3687,,3698,3689,3692,3690,3691,79,,3,,1,,113,,,,,,,,,,,,,,,,,,
340,Elf Male 7,252,256,1023,258,259,260,261,262,0,0,108,87,1,22,0,0,1002,11,2,0,0,100,0,95,0,0,1,1,0,0,0,0,0,0,0,0,1419,0,0,0,0,0,0,0,100,,,,,,,,,,,,,,1,,,,,,,592,3687,,3693,3689,3692,3690,3691,79,,3,,1,,113,,,,,,,,,,,,,,,,,,
341,Elf Male 8,252,256,1016,258,259,260,261,262,0,0,108,87,1,22,0,0,1003,11,2,0,0,100,0,95,0,0,1,1,0,0,0,0,0,0,0,0,1419,0,0,0,0,0,0,0,100,,,,,,,,,,,,,,1,,,,,,,592,3687,,3694,3689,3692,3690,3691,79,,3,,1,,113,,,,,,,,,,,,,,,,,,
342,Elf Female,253,257,1019,258,259,260,261,262,0,0,108,82,1,23,0,0,1004,11,1,0,1,100,0,85,0,0,1,1,0,0,0,0,0,0,0,0,1419,0,0,0,0,0,0,0,100,,,,,,,,,,,,,,1,,,,,,,593,3688,,3699,3689,3692,3690,3691,79,,4,,1,,111,,,,,,,,,,,,,,,,,,
343,Elf Female 2,253,257,1026,258,259,260,261,262,0,0,108,82,1,23,0,0,1005,11,1,0,1,100,0,85,0,0,1,1,0,0,0,0,0,0,0,0,1419,0,0,0,0,0,0,0,100,,,,,,,,,,,,,,1,,,,,,,593,3688,,3700,3689,3692,3690,3691,79,,4,,1,,111,,,,,,,,,,,,,,,,,,
344,Elf Female 3,253,257,1026,258,259,260,261,262,0,0,108,82,1,23,0,0,1006,11,1,0,1,100,0,85,0,0,1,1,0,0,0,0,0,0,0,0,1419,0,0,0,0,0,0,0,100,,,,,,,,,,,,,,1,,,,,,,593,3688,,3701,3689,3692,3690,3691,79,,4,,1,,111,,,,,,,,,,,,,,,,,,
345,Elf Female 4,253,257,1028,258,259,260,261,262,0,0,108,82,1,23,0,0,1007,11,1,0,1,100,0,85,0,0,1,1,0,0,0,0,0,0,0,0,1419,0,0,0,0,0,0,0,100,,,,,,,,,,,,,,1,,,,,,,593,3688,,3702,3689,3692,3690,3691,79,,4,,1,,111,,,,,,,,,,,,,,,,,,
346,Elf Female 5,253,257,1023,258,259,260,261,262,0,0,108,82,1,23,0,0,1005,11,2,0,1,100,0,85,0,0,1,1,0,0,0,0,0,0,0,0,1419,0,0,0,0,0,0,0,100,,,,,,,,,,,,,,1,,,,,,,593,3688,,3703,3689,3692,3690,3691,79,,4,,1,,111,,,,,,,,,,,,,,,,,,
347,Elf Female 6,253,257,1016,258,259,260,261,262,0,0,108,82,1,23,0,0,1005,11,2,0,1,100,0,85,0,0,1,1,0,0,0,0,0,0,0,0,1419,0,0,0,0,0,0,0,100,,,,,,,,,,,,,,1,,,,,,,593,3688,,3704,3689,3692,3690,3691,79,,4,,1,,111,,,,,,,,,,,,,,,,,,
348,Elf Female 7,253,257,1019,258,259,260,261,262,0,0,108,82,1,23,0,0,1006,11,2,0,1,100,0,85,0,0,1,1,0,0,0,0,0,0,0,0,1419,0,0,0,0,0,0,0,100,,,,,,,,,,,,,,1,,,,,,,593,3688,,3699,3689,3692,3690,3691,79,,4,,1,,111,,,,,,,,,,,,,,,,,,
349,Elf Female 8,253,257,1026,258,259,260,261,262,0,0,108,82,1,23,0,0,1007,11,2,0,1,100,0,85,0,0,1,1,0,0,0,0,0,0,0,0,1419,0,0,0,0,0,0,0,100,,,,,,,,,,,,,,1,,,,,,,593,3688,,3700,3689,3692,3690,3691,79,,4,,1,,111,,,,,,,,,,,,,,,,,,
350,Firbolg Male shop1,254,263,1021,265,266,267,268,269,0,0,135,110,1,7,0,0,292,0,1,0,0,115,1,115,1,0,1,1,0,0,0,0,0,0,0,0,1419,0,0,0,0,0,0,0,115,,,,,,,,,,,,,,1,,,,,,,610,3759,,3767,3761,3765,3763,3764,79,,7,,,,134,,,,,,,,,,,,,,,,,,
351,Firbolg Maleshop 2,254,263,1026,265,266,267,268,269,0,0,135,110,1,7,0,0,293,0,1,0,0,115,1,115,1,0,1,1,0,0,0,0,0,0,0,0,1419,0,0,0,0,0,0,0,115,,,,,,,,,,,,,,1,,,,,,,610,3759,,3767,3761,3765,3763,3764,79,,7,,,,134,,,,,,,,,,,,,,,,,,
352,Firbolg Maleshop 3,254,263,1022,265,266,267,268,269,0,0,135,110,1,7,0,0,294,0,1,0,0,115,1,115,1,0,1,1,0,0,0,0,0,0,0,0,1419,0,0,0,0,0,0,0,115,,,,,,,,,,,,,,1,,,,,,,610,3759,,3767,3761,3765,3763,3764,79,,7,,,,134,,,,,,,,,,,,,,,,,,
353,Firbolg Maleshop 4,254,263,1018,265,266,267,268,269,0,0,135,110,1,7,0,0,295,0,1,0,0,115,1,115,1,0,1,1,0,0,0,0,0,0,0,0,1419,0,0,0,0,0,0,0,115,,,,,,,,,,,,,,1,,,,,,,610,3759,,3767,3761,3765,3763,3764,79,,7,,,,134,,,,,,,,,,,,,,,,,,
354,Firbolg Maleshop 5,254,263,1020,265,266,267,268,269,0,0,135,110,1,7,0,0,292,0,2,0,0,115,1,115,1,0,1,1,0,0,0,0,0,0,0,0,1419,0,0,0,0,0,0,0,115,,,,,,,,,,,,,,1,,,,,,,610,3759,,3767,3761,3765,3763,3764,79,,7,,,,134,,,,,,,,,,,,,,,,,,
355,Firbolg female shop 1,255,167,1030,265,266,267,268,269,0,0,130,107,1,10,0,0,298,0,1,0,1,115,1,117,0,0,1,1,0,0,0,0,0,0,0,0,1419,0,0,0,0,0,0,0,115,,,,,,,,,,,,,,1,,,,,,,611,3760,,3772,6232,3765,3763,3764,79,,8,,,,131,,,,,,,,,,,,,,,,,,
356,Firbolg female shop 2,255,264,1027,265,266,267,268,269,0,0,130,107,1,10,0,0,296,0,1,0,1,115,1,117,0,0,1,1,0,0,0,0,0,0,0,0,1419,0,0,0,0,0,0,0,115,,,,,,,,,,,,,,1,,,,,,,611,3760,,3772,6232,3765,3763,3764,79,,8,,,,131,,,,,,,,,,,,,,,,,,
357,Firbolg female shop 3,255,167,1029,265,266,267,268,269,0,0,130,107,1,10,0,0,298,0,1,0,1,115,1,117,0,0,1,1,0,0,0,0,0,0,0,0,1419,0,0,0,0,0,0,0,115,,,,,,,,,,,,,,1,,,,,,,611,3760,,3772,6232,3765,3763,3764,79,,8,,,,131,,,,,,,,,,,,,,,,,,
358,Firbolg female shop 4,255,167,1021,265,266,267,268,269,0,0,130,107,1,10,0,0,296,0,2,0,1,115,1,117,0,0,1,1,0,0,0,0,0,0,0,0,1419,0,0,0,0,0,0,0,115,,,,,,,,,,,,,,1,,,,,,,611,3760,,3772,6232,3765,3763,3764,79,,8,,,,131,,,,,,,,,,,,,,,,,,
359,Firbolg female shop 5,255,167,1022,265,266,267,268,269,0,0,130,107,1,10,0,0,297,0,2,0,1,115,1,117,0,0,1,1,0,0,0,0,0,0,0,0,1419,0,0,0,0,0,0,0,115,,,,,,,,,,,,,,1,,,,,,,611,3760,,3772,6232,3765,3763,3764,79,,8,,,,131,,,,,,,,,,,,,,,,,,
360,Celt male shop1,250,277,1021,279,280,281,282,283,0,0,100,80,1,8,0,0,1008,0,1,0,0,100,0,107,0,0,1,1,0,0,0,0,0,0,0,0,1419,0,0,0,0,0,0,0,100,,,,,,,,,,,,,,1,,,,,,,614,3669,,3676,3232,3674,3672,3673,79,,1,1,,,101,,,,,,,,,,,,6496,,,,,,
361,Celt male shop 2,250,277,1024,279,280,281,282,283,0,0,100,80,1,8,0,0,1010,0,1,0,0,100,0,107,0,0,1,1,0,0,0,0,0,0,0,0,1419,0,0,0,0,0,0,0,100,,,,,,,,,,,,,,1,,,,,,,614,3669,,3676,3232,3674,3672,3673,79,,1,1,,,101,,,,,,,,,,,,6496,,,,,,
362,Celt male shop 3,250,277,1022,279,280,281,282,283,0,0,100,80,1,8,0,0,1008,0,2,0,0,100,0,107,0,0,1,1,0,0,0,0,0,0,0,0,1419,0,0,0,0,0,0,0,100,,,,,,,,,,,,,,1,,,,,,,614,3669,,3676,3232,3674,3672,3673,79,,1,1,,,101,,,,,,,,,,,,6496,,,,,,
363,Celt male shop 4,250,277,1018,279,280,281,282,283,0,0,100,80,1,8,0,0,1009,0,2,0,0,100,0,107,0,0,1,1,0,0,0,0,0,0,0,0,1419,0,0,0,0,0,0,0,100,,,,,,,,,,,,,,1,,,,,,,614,3669,,3676,3232,3674,3672,3673,79,,1,1,,,101,,,,,,,,,,,,6496,,,,,,
364,Celt male shop 5,250,277,1020,279,280,281,282,283,0,0,100,80,1,8,0,0,1011,0,2,0,0,100,0,107,0,0,1,1,0,0,0,0,0,0,0,0,1419,0,0,0,0,0,0,0,100,,,,,,,,,,,,,,1,,,,,,,614,3669,,3676,3232,3674,3672,3673,79,,1,1,,,101,,,,,,,,,,,,6496,,,,,,
365,Celt female shop 1,251,278,1025,279,280,281,282,283,0,0,100,80,1,11,0,0,1012,0,1,0,1,100,0,93,0,0,1,1,0,0,0,0,0,0,0,0,1419,0,0,0,0,0,0,0,100,,,,,,,,,,,,,,1,,,,,,,615,3670,,3681,6231,3674,3672,3673,79,,2,1,,,96,,,,,,,,,,,,6501,,,,,,
366,Celt female shop 2,251,278,1024,279,280,281,282,283,0,0,100,80,1,11,0,0,1014,0,1,0,1,100,0,93,0,0,1,1,0,0,0,0,0,0,0,0,1419,0,0,0,0,0,0,0,100,,,,,,,,,,,,,,1,,,,,,,615,3670,,3681,6231,3674,3672,3673,79,,2,1,,,96,,,,,,,,,,,,6501,,,,,,
367,Celt female shop 3,251,278,1022,279,280,281,282,283,0,0,100,80,1,11,0,0,1012,0,2,0,1,100,0,93,0,0,1,1,0,0,0,0,0,0,0,0,1419,0,0,0,0,0,0,0,100,,,,,,,,,,,,,,1,,,,,,,615,3670,,3681,6231,3674,3672,3673,79,,2,1,,,96,,,,,,,,,,,,6501,,,,,,
368,Celt female shop 4,251,278,1025,279,280,281,282,283,0,0,100,80,1,11,0,0,1013,0,2,0,1,100,0,93,0,0,1,1,0,0,0,0,0,0,0,0,1419,0,0,0,0,0,0,0,100,,,,,,,,,,,,,,1,,,,,,,615,3670,,3681,6231,3674,3672,3673,79,,2,1,,,96,,,,,,,,,,,,6501,,,,,,
369,Celt female shop 5,251,278,1019,279,280,281,282,283,0,0,100,80,1,11,0,0,1014,0,2,0,1,100,0,93,0,0,1,1,0,0,0,0,0,0,0,0,1419,0,0,0,0,0,0,0,100,,,,,,,,,,,,,,1,,,,,,,615,3670,,3681,6231,3674,3672,3673,79,,2,1,,,96,,,,,,,,,,,,6501,,,,,,
370,Lurikeen male shop 1,256,270,1025,272,273,274,275,209,0,0,65,55,1,27,0,0,285,0,1,0,0,100,1,135,1,0,1,1,0,0,0,0,0,0,0,0,1419,0,0,0,0,0,0,0,100,,,,,,,,,,,,,,1,,,,,,,598,3705,,3712,3707,3710,3708,3709,79,,5,,,,63,,,,,,,,,,,,6498,,,,,,
371,Lurikeen male shop 2,256,270,1030,272,273,274,275,209,0,0,65,55,1,27,0,0,286,0,1,0,0,100,1,135,1,0,1,1,0,0,0,0,0,0,0,0,1419,0,0,0,0,0,0,0,100,,,,,,,,,,,,,,1,,,,,,,598,3705,,3712,3707,3710,3708,3709,79,,5,,,,63,,,,,,,,,,,,6498,,,,,,
372,Lurikeen male shop 3,256,270,1018,272,273,274,275,209,0,0,65,55,1,27,0,0,287,0,1,0,0,100,1,135,1,0,1,1,0,0,0,0,0,0,0,0,1419,0,0,0,0,0,0,0,100,,,,,,,,,,,,,,1,,,,,,,598,3705,,3712,3707,3710,3708,3709,79,,5,,,,63,,,,,,,,,,,,6498,,,,,,
373,Lurikeen male shop 4,256,270,1022,272,273,274,275,209,0,0,65,55,1,27,0,0,285,0,2,0,0,100,1,135,1,0,1,1,0,0,0,0,0,0,0,0,1419,0,0,0,0,0,0,0,100,,,,,,,,,,,,,,1,,,,,,,598,3705,,3712,3707,3710,3708,3709,79,,5,,,,63,,,,,,,,,,,,6498,,,,,,
374,Lurikeen male shop 5,256,270,1016,272,273,274,275,209,0,0,65,55,1,27,0,0,286,0,2,0,0,100,1,135,1,0,1,1,0,0,0,0,0,0,0,0,1419,0,0,0,0,0,0,0,100,,,,,,,,,,,,,,1,,,,,,,598,3705,,3712,3707,3710,3708,3709,79,,5,,,,63,,,,,,,,,,,,6498,,,,,,
375,Lurikeen Female Shop 1,257,271,1023,272,273,274,275,209,0,0,65,55,1,28,0,0,289,0,1,0,1,100,1,112,1,0,1,1,0,0,0,0,0,0,0,0,1419,0,0,0,0,0,0,0,100,,,,,,,,,,,,,,1,,,,,,,599,3706,,3717,3707,3710,3708,3709,79,,6,,,,63,,,,,,,,,,,,6500,,,,,,
376,Lurikeen Female Shop 2,257,271,1021,272,273,274,275,209,0,0,65,55,1,28,0,0,291,0,1,0,1,100,1,112,1,0,1,1,0,0,0,0,0,0,0,0,1419,0,0,0,0,0,0,0,100,,,,,,,,,,,,,,1,,,,,,,599,3706,,3717,3707,3710,3708,3709,79,,6,,,,63,,,,,,,,,,,,6500,,,,,,
377,Lurikeen Female Shop 3,257,271,1022,272,273,274,275,209,0,0,65,55,1,28,0,0,288,0,2,0,1,100,1,112,1,0,1,1,0,0,0,0,0,0,0,0,1419,0,0,0,0,0,0,0,100,,,,,,,,,,,,,,1,,,,,,,599,3706,,3717,3707,3710,3708,3709,79,,6,,,,63,,,,,,,,,,,,6500,,,,,,
378,Lurikeen Female Shop 4,257,271,1030,272,273,274,275,209,0,0,65,55,1,28,0,0,290,0,2,0,1,100,1,112,1,0,1,1,0,0,0,0,0,0,0,0,1419,0,0,0,0,0,0,0,100,,,,,,,,,,,,,,1,,,,,,,599,3706,,3717,3707,3710,3708,3709,79,,6,,,,63,,,,,,,,,,,,6500,,,,,,
379,Lurikeen Female Shop 5,257,271,1023,272,273,274,275,209,0,0,65,55,1,28,0,0,291,0,2,0,1,100,1,112,1,0,1,1,0,0,0,0,0,0,0,0,1419,0,0,0,0,0,0,0,100,,,,,,,,,,,,,,1,,,,,,,599,3706,,3717,3707,3710,3708,3709,79,,6,,,,63,,,,,,,,,,,,6500,,,,,,
380,Elf Male Shop 1,252,256,1028,258,259,260,261,262,0,0,108,87,1,22,0,0,1000,0,1,0,0,100,0,95,0,0,1,1,0,0,0,0,0,0,0,0,1419,0,0,0,0,0,0,0,100,,,,,,,,,,,,,,1,,,,,,,592,3687,,3694,3689,3692,3690,3691,79,,3,,,,113,,,,,,,,,,,,,,,,,,
381,Elf male shop 2,252,256,1023,258,259,260,261,262,0,0,108,87,1,22,0,0,1001,0,1,0,0,100,0,95,0,0,1,1,0,0,0,0,0,0,0,0,1419,0,0,0,0,0,0,0,100,,,,,,,,,,,,,,1,,,,,,,592,3687,,3694,3689,3692,3690,3691,79,,3,,,,113,,,,,,,,,,,,,,,,,,
382,Elf male shop3,252,256,1016,258,259,260,261,262,0,0,108,87,1,22,0,0,1002,0,1,0,0,100,0,95,0,0,1,1,0,0,0,0,0,0,0,0,1419,0,0,0,0,0,0,0,100,,,,,,,,,,,,,,1,,,,,,,592,3687,,3694,3689,3692,3690,3691,79,,3,,,,113,,,,,,,,,,,,,,,,,,
383,Elf male shop 4,252,256,1019,258,259,260,261,262,0,0,108,87,1,22,0,0,1002,0,2,0,0,100,0,95,0,0,1,1,0,0,0,0,0,0,0,0,1419,0,0,0,0,0,0,0,100,,,,,,,,,,,,,,1,,,,,,,592,3687,,3694,3689,3692,3690,3691,79,,3,,,,113,,,,,,,,,,,,,,,,,,
384,Elf male shop 5,252,256,1026,258,259,260,261,262,0,0,108,87,1,22,0,0,1003,0,2,0,0,100,0,95,0,0,1,1,0,0,0,0,0,0,0,0,1419,0,0,0,0,0,0,0,100,,,,,,,,,,,,,,1,,,,,,,592,3687,,3694,3689,3692,3690,3691,79,,3,,,,113,,,,,,,,,,,,,,,,,,
385,Elf female shop 1,253,257,1028,258,259,260,261,262,0,0,108,82,1,23,0,0,1004,0,1,0,1,100,0,85,0,0,1,1,0,0,0,0,0,0,0,0,1419,0,0,0,0,0,0,0,100,,,,,,,,,,,,,,1,,,,,,,593,3688,,3699,3689,3692,3690,3691,79,,4,,,,111,,,,,,,,,,,,,,,,,,
386,Elf female shop 2,253,257,1023,258,259,260,261,262,0,0,108,82,1,23,0,0,1005,0,1,0,1,100,0,85,0,0,1,1,0,0,0,0,0,0,0,0,1419,0,0,0,0,0,0,0,100,,,,,,,,,,,,,,1,,,,,,,593,3688,,3699,3689,3692,3690,3691,79,,4,,,,111,,,,,,,,,,,,,,,,,,
387,Elf female shop 3,253,257,1016,258,259,260,261,262,0,0,108,82,1,23,0,0,1006,0,1,0,1,100,0,85,0,0,1,1,0,0,0,0,0,0,0,0,1419,0,0,0,0,0,0,0,100,,,,,,,,,,,,,,1,,,,,,,593,3688,,3699,3689,3692,3690,3691,79,,4,,,,111,,,,,,,,,,,,,,,,,,
388,Elf female shop 4,253,257,1019,258,259,260,261,262,0,0,108,82,1,23,0,0,1006,0,2,0,1,100,0,85,0,0,1,1,0,0,0,0,0,0,0,0,1419,0,0,0,0,0,0,0,100,,,,,,,,,,,,,,1,,,,,,,593,3688,,3699,3689,3692,3690,3691,79,,4,,,,111,,,,,,,,,,,,,,,,,,
389,Elf female shop 5,253,257,1026,258,259,260,261,262,0,0,108,82,1,23,0,0,1007,0,2,0,1,100,0,85,0,0,1,1,0,0,0,0,0,0,0,0,1419,0,0,0,0,0,0,0,100,,,,,,,,,,,,,,1,,,,,,,593,3688,,3699,3689,3692,3690,3691,79,,4,,,,111,,,,,,,,,,,,,,,,,,
390,Celt male shop 2,250,277,1025,279,280,281,282,283,0,0,100,80,1,8,0,0,1010,0,1,0,0,100,0,107,0,0,1,1,0,0,0,0,0,0,0,0,1419,0,0,0,0,0,0,0,100,,,,,,,,,,,,,,1,,,,,,,614,3669,,3676,3671,3674,3672,3673,79,,1,,,,111,,,,,,,,,,,,,,,,,,
391,Standard Vendo,248,251,0,0,0,0,0,0,0,0,100,90,1,33,0,0,0,0,0,0,0,130,0,0,0,0,0,0,0,0,0,0,0,0,0,0,1419,0,0,0,0,0,0,0,0,,,,,,,,,,,,,,1,,,,,,,,,,,,,,,,,,,,,,,,,,,,,,,,,,,,,,,
392,Vendo Warrior,248,252,0,0,0,0,0,0,0,0,100,90,1,33,0,0,0,0,0,0,0,130,0,0,0,0,0,0,0,0,0,0,0,0,0,0,1419,0,0,0,0,0,0,0,0,,,,,,,,,,,,,,1,,,,,,,,,,,,,,,,,,,,,,,,,,,,,,,,,,,,,,,
393,vendo king,248,253,0,0,0,0,0,0,0,0,100,90,1,33,0,0,0,0,0,0,0,130,0,0,0,0,0,0,0,0,0,0,0,0,0,0,1419,0,0,0,0,0,0,0,0,,,,,,,,,,,,,,1,,,,,,,,,,,,,,,,,,,,,,,,,,,,,,,,,,,,,,,
394,vendo shaman,248,254,0,0,0,0,0,0,0,0,100,90,1,33,0,0,0,0,0,0,0,130,0,0,0,0,0,0,0,0,0,0,0,0,0,0,1419,0,0,0,0,0,0,0,0,,,,,,,,,,,,,,1,,,,,,,,,,,,,,,,,,,,,,,,,,,,,,,,,,,,,,,
395,Werewolf soldier,249,255,0,0,0,0,0,0,0,0,110,80,1,33,0,0,0,0,0,0,0,0,0,0,0,0,1,0,0,0,0,0,0,0,0,0,1419,0,0,0,0,0,0,0,0,,,,,,,,,,,,,,1,1,,,,,,,,,,,,,,,,,,,,,,,,,,,,,,,,,,,,,,
396,werewolf leader,249,1032,0,0,0,0,0,0,0,0,110,80,1,33,0,0,0,0,0,0,0,0,0,0,0,0,1,0,0,0,0,0,0,0,0,0,1419,0,0,0,0,0,0,0,0,,,,,,,,,,,,,,1,1,,,,,,,,,,,,,,,,,,,,,,,,,,,,,,,,,,,,,,
397,werewolf shaman,249,1033,0,0,0,0,0,0,0,0,110,80,1,33,0,0,0,0,0,0,0,0,0,0,0,0,1,0,0,0,0,0,0,0,0,0,1419,0,0,0,0,0,0,0,0,,,,,,,,,,,,,,1,1,,,,,,,,,,,,,,,,,,,,,,,,,,,,,,,,,,,,,,
398,ice lizard,223,1034,0,0,0,0,0,0,0,0,100,85,1,18,0,0,0,0,0,1,0,0,0,0,0,0,0,0,0,0,0,0,0,0,0,0,1419,0,0,0,0,0,0,0,0,,,,,,,,,,,,,,0,,,,,,,,,,,,,,,,,,,,,,,,,,,,,,,,,,,,,,,
399,green lizard,223,1035,0,0,0,0,0,0,0,0,100,85,1,18,0,0,0,0,0,1,0,0,0,0,0,0,0,0,0,0,0,0,0,0,0,0,1419,0,0,0,0,0,0,0,0,,,,,,,,,,,,,,0,,,,,,,,,,,,,,,,,,,,,,,,,,,,,,,,,,,,,,,
400,silver lizard,223,1036,0,0,0,0,0,0,0,0,100,85,1,18,0,0,0,0,0,1,0,0,0,0,0,0,0,0,0,0,0,0,0,0,0,0,1419,0,0,0,0,0,0,0,0,,,,,,,,,,,,,,0,,,,,,,,,,,,,,,,,,,,,,,,,,,,,,,,,,,,,,,
401,Ettin,258,1037,0,0,0,0,0,0,0,0,150,125,1,34,0,0,0,0,0,0,0,0,0,0,0,0,0,0,0,0,0,0,0,0,0,0,1419,0,0,0,0,0,0,0,0,,,,,,,,,,,,,,0,,,,,,,,,,,,,,,,,,,,,,,,,,,,,,,,,,,,,,,
402,Ogre,259,1038,0,0,0,0,0,0,0,0,200,150,1,34,0,0,0,0,0,0,0,0,0,0,0,0,0,0,0,0,0,0,0,0,0,0,1419,0,0,0,0,0,0,0,0,,,,,,,,,,,,,,1,,,,,,,,,,,,,,,,,,,,,,,,,,,,,,,,,,,,,,,
403,Cyclops,232,1039,0,0,0,0,0,0,0,0,200,150,1,29,0,0,0,0,0,0,0,0,0,0,0,0,0,0,0,0,0,0,0,0,0,0,1419,0,0,0,0,0,0,0,0,,,,,,,,,,,,,,1,,,,,,,,,,,,,,,,,,,,,,,,,,,,,,,,,,,,,,,
404,Arachite 1/Skin 1,260,1040,0,0,0,0,0,0,0,0,110,140,1,36,0,0,0,0,0,0,0,0,0,0,0,0,0,0,0,0,0,0,0,0,0,0,1419,0,0,0,0,0,0,0,0,,,,,,,,,,,,,,0,,,,,,,,,,,,,,,,,,,,,,,,,,,,,,,,,,,,,,,
405,Arachite 1/ Skin 2,260,1041,0,0,0,0,0,0,0,0,110,140,1,36,0,0,0,0,0,0,0,0,0,0,0,0,0,0,0,0,0,0,0,0,0,0,1419,0,0,0,0,0,0,0,0,,,,,,,,,,,,,,0,,,,,,,,,,,,,,,,,,,,,,,,,,,,,,,,,,,,,,,
406,Arachite 2/ Skin 1,261,1040,0,0,0,0,0,0,0,0,110,140,1,36,0,0,0,0,0,0,0,0,0,0,0,0,0,0,0,0,0,0,0,0,0,0,1419,0,0,0,0,0,0,0,0,,,,,,,,,,,,,,0,,,,,,,,,,,,,,,,,,,,,,,,,,,,,,,,,,,,,,,
407,Arachite 2/ Skin 2,261,1041,0,0,0,0,0,0,0,0,110,140,1,36,0,0,0,0,0,0,0,0,0,0,0,0,0,0,0,0,0,0,0,0,0,0,1419,0,0,0,0,0,0,0,0,,,,,,,,,,,,,,0,,,,,,,,,,,,,,,,,,,,,,,,,,,,,,,,,,,,,,,
408,Red CSR,264,0,0,0,0,0,0,0,0,0,100,70,0,0,0,0,0,0,0,0,0,0,0,0,0,0,0,0,0,0,0,0,0,0,0,0,1419,0,0,0,0,0,0,0,0,,,,,,,,,,,,,,0,,,,,,,,,,,,,,,,,,,,,,,,,,,,,,,,,,,,,,,
409,Yellow CSR,265,0,0,0,0,0,0,0,0,0,100,70,0,0,0,0,0,0,0,0,0,0,0,0,0,0,0,0,0,0,0,0,0,0,0,0,1419,0,0,0,0,0,0,0,0,,,,,,,,,,,,,,0,,,,,,,,,,,,,,,,,,,,,,,,,,,,,,,,,,,,,,,
410,Blue CSR,267,0,0,0,0,0,0,0,0,0,100,70,0,0,0,0,0,0,0,0,0,0,0,0,0,0,0,0,0,0,0,0,0,0,0,0,1419,0,0,0,0,0,0,0,0,,,,,,,,,,,,,,0,,,,,,,,,,,,,,,,,,,,,,,,,,,,,,,,,,,,,,,
411,Green CSR,266,0,0,0,0,0,0,0,0,0,100,70,0,0,0,0,0,0,0,0,0,0,0,0,0,0,0,0,0,0,0,0,0,0,0,0,1419,0,0,0,0,0,0,0,0,,,,,,,,,,,,,,0,,,,,,,,,,,,,,,,,,,,,,,,,,,,,,,,,,,,,,,
412,Scrag,263,1049,0,0,0,0,0,0,0,0,120,70,1,3,0,0,0,0,0,0,0,0,0,0,0,0,0,0,0,0,0,0,0,0,0,0,1419,0,0,0,0,0,0,0,0,,,,,,,,,,,,,,0,,,,,,,,,,,,,,,,,,,,,,,,,,,,,,,,,,,,,,,
413,Brown horse,262,1048,0,0,0,0,0,0,0,0,100,85,1,41,0,0,0,0,0,0,0,0,0,0,0,0,0,0,0,0,0,0,0,0,0,0,1419,0,0,0,0,0,0,0,0,,,,,,,,,,,,,,0,,,,,,,,,,,,,,,,,,,,,,,,,,,,,,,,,,,,,,,
414,Nightmare/Black Horse,262,1050,0,0,0,0,0,0,0,0,100,85,1,3,0,0,0,0,0,0,0,0,0,0,0,0,0,0,0,0,0,0,0,0,0,0,1419,0,0,0,0,0,0,0,0,,,,,,,,,,,,,,0,,,,,,,,,,,,,,,,,,,,,,,,,,,,,,,,,,,,,,,
415,Hib. Bandit 1,268,1061,0,0,0,0,0,0,0,0,95,75,1,8,0,0,0,0,0,0,0,0,0,0,0,0,0,0,0,0,0,0,0,0,0,0,1419,0,0,0,0,0,0,0,0,,,,,,,,,,,,,,1,,,,,,,,,,,,,,,,,,,,,,,,,,,,,,,,,,,,,,,
416,Hib. Bandit 2,269,1061,0,0,0,0,0,0,0,0,95,75,1,8,0,0,0,0,0,0,0,0,0,0,0,0,0,0,0,0,0,0,0,0,0,0,1419,0,0,0,0,0,0,0,0,,,,,,,,,,,,,,1,,,,,,,,,,,,,,,,,,,,,,,,,,,,,,,,,,,,,,,
417,Hib. Bandit Leader,270,1059,0,0,0,0,0,0,0,0,100,75,1,8,0,0,0,0,0,0,0,0,0,0,0,0,0,0,0,0,0,0,0,0,0,0,1419,0,0,0,0,0,0,0,0,,,,,,,,,,,,,,1,,,,,,,,,,,,,,,,,,,,,,,,,,,,,,,,,,,,,,,
418,Hib. Bandit Caster,269,1057,0,0,0,0,0,0,0,0,95,75,1,8,0,0,0,0,0,0,0,0,0,0,0,0,0,0,0,0,0,0,0,0,0,0,1419,0,0,0,0,0,0,0,0,,,,,,,,,,,,,,1,,,,,,,,,,,,,,,,,,,,,,,,,,,,,,,,,,,,,,,
419,Hib. Bandit Lieutenant,271,1059,0,0,0,0,0,0,0,0,100,75,1,8,0,0,0,0,0,0,0,0,0,0,0,0,0,0,0,0,0,0,0,0,0,0,1419,0,0,0,0,0,0,0,0,,,,,,,,,,,,,,1,,,,,,,,,,,,,,,,,,,,,,,,,,,,,,,,,,,,,,,
420,norse Bandit 1,268,1067,0,0,0,0,0,0,0,0,95,75,1,8,0,0,0,0,0,0,0,0,0,0,0,0,0,0,0,0,0,0,0,0,0,0,1419,0,0,0,0,0,0,0,0,,,,,,,,,,,,,,1,,,,,,,,,,,,,,,,,,,,,,,,,,,,,,,,,,,,,,,
421,norse Bandit 2,269,1067,0,0,0,0,0,0,0,0,95,75,1,8,0,0,0,0,0,0,0,0,0,0,0,0,0,0,0,0,0,0,0,0,0,0,1419,0,0,0,0,0,0,0,0,,,,,,,,,,,,,,1,,,,,,,,,,,,,,,,,,,,,,,,,,,,,,,,,,,,,,,
422,norse Bandit Leader,270,1065,0,0,0,0,0,0,0,0,100,75,1,8,0,0,0,0,0,0,0,0,0,0,0,0,0,0,0,0,0,0,0,0,0,0,1419,0,0,0,0,0,0,0,0,,,,,,,,,,,,,,1,,,,,,,,,,,,,,,,,,,,,,,,,,,,,,,,,,,,,,,
423,norse Bandit Caster,269,1063,0,0,0,0,0,0,0,0,95,75,1,8,0,0,0,0,0,0,0,0,0,0,0,0,0,0,0,0,0,0,0,0,0,0,1419,0,0,0,0,0,0,0,0,,,,,,,,,,,,,,1,,,,,,,,,,,,,,,,,,,,,,,,,,,,,,,,,,,,,,,
424,norse Bandit Lieutenant,271,1065,0,0,0,0,0,0,0,0,100,75,1,8,0,0,0,0,0,0,0,0,0,0,0,0,0,0,0,0,0,0,0,0,0,0,1419,0,0,0,0,0,0,0,0,,,,,,,,,,,,,,1,,,,,,,,,,,,,,,,,,,,,,,,,,,,,,,,,,,,,,,
425,fem Briton Bandit 1,272,1056,0,0,0,0,0,0,0,0,95,75,1,11,0,0,0,0,0,0,0,0,0,0,0,0,0,0,0,0,0,0,0,0,0,0,1419,0,0,0,0,0,0,0,0,,,,,,,,,,,,,,1,,,,,,,,,,,,,,,,,,,,,,,,,,,,,,,,,,,,,,,
426,fem Britain Bandit 2,273,1056,0,0,0,0,0,0,0,0,95,75,1,11,0,0,0,0,0,0,0,0,0,0,0,0,0,0,0,0,0,0,0,0,0,0,1419,0,0,0,0,0,0,0,0,,,,,,,,,,,,,,1,,,,,,,,,,,,,,,,,,,,,,,,,,,,,,,,,,,,,,,
427,fem Briton Bandit Leader,274,1054,0,0,0,0,0,0,0,0,100,75,1,11,0,0,0,0,0,0,0,0,0,0,0,0,0,0,0,0,0,0,0,0,0,0,1419,0,0,0,0,0,0,0,0,,,,,,,,,,,,,,1,,,,,,,,,,,,,,,,,,,,,,,,,,,,,,,,,,,,,,,
428,fem Briton Bandit Caster,273,1052,0,0,0,0,0,0,0,0,95,75,1,11,0,0,0,0,0,0,0,0,0,0,0,0,0,0,0,0,0,0,0,0,0,0,1419,0,0,0,0,0,0,0,0,,,,,,,,,,,,,,1,,,,,,,,,,,,,,,,,,,,,,,,,,,,,,,,,,,,,,,
429,femBriton Bandit Lieutenant,275,1054,0,0,0,0,0,0,0,0,100,75,1,11,0,0,0,0,0,0,0,0,0,0,0,0,0,0,0,0,0,0,0,0,0,0,1419,0,0,0,0,0,0,0,0,,,,,,,,,,,,,,1,,,,,,,,,,,,,,,,,,,,,,,,,,,,,,,,,,,,,,,
430,fem Hib Bandit 1,272,1062,0,0,0,0,0,0,0,0,95,75,1,11,0,0,0,0,0,0,0,0,0,0,0,0,0,0,0,0,0,0,0,0,0,0,1419,0,0,0,0,0,0,0,0,,,,,,,,,,,,,,1,,,,,,,,,,,,,,,,,,,,,,,,,,,,,,,,,,,,,,,
431,fem Hib Bandit 2,273,1062,0,0,0,0,0,0,0,0,95,75,1,11,0,0,0,0,0,0,0,0,0,0,0,0,0,0,0,0,0,0,0,0,0,0,1419,0,0,0,0,0,0,0,0,,,,,,,,,,,,,,1,,,,,,,,,,,,,,,,,,,,,,,,,,,,,,,,,,,,,,,
432,fem Hib Bandit Leader,274,1060,0,0,0,0,0,0,0,0,100,75,1,11,0,0,0,0,0,0,0,0,0,0,0,0,0,0,0,0,0,0,0,0,0,0,1419,0,0,0,0,0,0,0,0,,,,,,,,,,,,,,1,,,,,,,,,,,,,,,,,,,,,,,,,,,,,,,,,,,,,,,
433,fem Hib Bandit Caster,273,1058,0,0,0,0,0,0,0,0,95,75,1,11,0,0,0,0,0,0,0,0,0,0,0,0,0,0,0,0,0,0,0,0,0,0,1419,0,0,0,0,0,0,0,0,,,,,,,,,,,,,,1,,,,,,,,,,,,,,,,,,,,,,,,,,,,,,,,,,,,,,,
434,femHib Bandit Lieutenant,275,1060,0,0,0,0,0,0,0,0,100,75,1,11,0,0,0,0,0,0,0,0,0,0,0,0,0,0,0,0,0,0,0,0,0,0,1419,0,0,0,0,0,0,0,0,,,,,,,,,,,,,,1,,,,,,,,,,,,,,,,,,,,,,,,,,,,,,,,,,,,,,,
435,fem Norse Bandit 1,272,1068,0,0,0,0,0,0,0,0,95,75,1,11,0,0,0,0,0,0,0,0,0,0,0,0,0,0,0,0,0,0,0,0,0,0,1419,0,0,0,0,0,0,0,0,,,,,,,,,,,,,,1,,,,,,,,,,,,,,,,,,,,,,,,,,,,,,,,,,,,,,,
436,fem Norse Bandit 2,273,1068,0,0,0,0,0,0,0,0,95,75,1,11,0,0,0,0,0,0,0,0,0,0,0,0,0,0,0,0,0,0,0,0,0,0,1419,0,0,0,0,0,0,0,0,,,,,,,,,,,,,,1,,,,,,,,,,,,,,,,,,,,,,,,,,,,,,,,,,,,,,,
437,fem Norse Bandit Leader,274,1066,0,0,0,0,0,0,0,0,100,75,1,11,0,0,0,0,0,0,0,0,0,0,0,0,0,0,0,0,0,0,0,0,0,0,1419,0,0,0,0,0,0,0,0,,,,,,,,,,,,,,1,,,,,,,,,,,,,,,,,,,,,,,,,,,,,,,,,,,,,,,
438,fem Norse Bandit Caster,273,1064,0,0,0,0,0,0,0,0,95,75,1,11,0,0,0,0,0,0,0,0,0,0,0,0,0,0,0,0,0,0,0,0,0,0,1419,0,0,0,0,0,0,0,0,,,,,,,,,,,,,,1,,,,,,,,,,,,,,,,,,,,,,,,,,,,,,,,,,,,,,,
439,femNorse Bandit Lieutenant,275,1066,0,0,0,0,0,0,0,0,100,75,1,11,0,0,0,0,0,0,0,0,0,0,0,0,0,0,0,0,0,0,0,0,0,0,1419,0,0,0,0,0,0,0,0,,,,,,,,,,,,,,1,,,,,,,,,,,,,,,,,,,,,,,,,,,,,,,,,,,,,,,
440,Blue Wight,276,1069,0,0,0,0,0,0,0,0,75,105,1,37,0,0,0,0,0,0,0,0,0,0,0,0,0,0,0,0,0,0,0,0,0,0,1419,0,0,0,0,0,0,0,0,,,,,,,,,,,,,,1,,,,,,,,,,,,,,,,,,,,,,,,,,,,,,,,,,,,,,,
441,Lich,277,1070,0,0,0,0,0,0,0,0,75,105,1,38,0,0,0,0,0,0,0,0,0,0,0,0,0,0,0,0,0,0,0,0,0,0,1419,0,0,0,0,0,0,0,0,,,,,,,,,,,,,,1,,,,,,,,,,,,,,,,,,,,,,,,,,,,,,,,,,,,,,,
442,Norse undead Male,268,1071,0,0,0,0,0,0,0,0,100,75,1,16,0,0,0,0,0,0,0,0,0,0,0,0,0,0,0,1,0,0,0,0,0,0,1419,0,0,0,0,0,0,0,0,,,,,,,,,,,,,,1,,,,,,,,,,,,,,,,,,,,,,,,,,,,,,,,,,,,,,,
443,Norse undead Female,272,1072,0,0,0,0,0,0,0,0,100,75,1,38,0,0,0,0,0,0,0,0,0,0,0,0,0,0,0,1,0,0,0,0,0,0,1419,0,0,0,0,0,0,0,0,,,,,,,,,,,,,,1,,,,,,,,,,,,,,,,,,,,,,,,,,,,,,,,,,,,,,,
444,Troll undead Male,278,1077,0,0,0,0,0,0,0,0,100,75,1,16,0,0,0,0,0,0,0,0,0,0,0,0,0,0,0,0,0,0,0,0,0,0,1419,0,0,0,0,0,0,0,0,,,,,,,,,,,,,,1,,,,,,,,,,,,,,,,,,,,,,,,,,,,,,,,,,,,,,,
445,Hibernian undead female,280,1075,0,0,0,0,0,0,0,0,100,75,1,38,0,0,0,0,0,0,0,0,0,0,0,0,0,0,0,0,0,0,0,0,0,0,1419,0,0,0,0,0,0,0,0,,,,,,,,,,,,,,1,,,,,,,,,,,,,,,,,,,,,,,,,,,,,,,,,,,,,,,
446,Hibernian undead male,279,1076,0,0,0,0,0,0,0,0,100,75,1,16,0,0,0,0,0,0,0,0,0,0,0,0,0,0,0,0,0,0,0,0,0,0,1419,0,0,0,0,0,0,0,0,,,,,,,,,,,,,,1,,,,,,,,,,,,,,,,,,,,,,,,,,,,,,,,,,,,,,,
447,white horse,262,1078,0,0,0,0,0,0,0,0,100,85,1,41,0,0,0,0,0,0,0,0,0,0,0,0,0,0,0,0,0,0,0,0,0,0,1419,0,0,0,0,0,0,0,0,,,,,,,,,,,,,,0,,,,,,,,,,,,,,,,,,,,,,,,,,,,,,,,,,,,,,,
448,Speckled Horse,262,1079,0,0,0,0,0,0,0,0,100,85,1,41,0,0,0,0,0,0,0,0,0,0,0,0,0,0,0,0,0,0,0,0,0,0,1419,0,0,0,0,0,0,0,0,,,,,,,,,,,,,,0,,,,,,,,,,,,,,,,,,,,,,,,,,,,,,,,,,,,,,,
449,Dark Brown Horse,262,1080,0,0,0,0,0,0,0,0,100,85,1,41,0,0,0,0,0,0,0,0,0,0,0,0,0,0,0,0,0,0,0,0,0,0,1419,0,0,0,0,0,0,0,0,,,,,,,,,,,,,,0,,,,,,,,,,,,,,,,,,,,,,,,,,,,,,,,,,,,,,,
450,Black Horse,262,1081,0,0,0,0,0,0,0,0,100,85,1,41,0,0,0,0,0,0,0,0,0,0,0,0,0,0,0,0,0,0,0,0,0,0,1419,0,0,0,0,0,0,0,0,,,,,,,,,,,,,,0,,,,,,,,,,,,,,,,,,,,,,,,,,,,,,,,,,,,,,,
451,Avalonian undead female,282,1083,0,0,0,0,0,0,0,0,100,75,1,38,0,0,0,0,0,0,0,0,0,0,0,0,0,0,0,0,0,0,0,0,0,0,1419,0,0,0,0,0,0,0,0,,,,,,,,,,,,,,1,,,,,,,,,,,,,,,,,,,,,,,,,,,,,,,,,,,,,,,
452,avalonian undead male,281,1082,0,0,0,0,0,0,0,0,100,75,1,16,0,0,0,0,0,0,0,0,0,0,0,0,0,0,0,0,0,0,0,0,0,0,1419,0,0,0,0,0,0,0,0,,,,,,,,,,,,,,1,,,,,,,,,,,,,,,,,,,,,,,,,,,,,,,,,,,,,,,
453,Snow Spider,216,1085,0,0,0,0,0,0,0,0,100,50,1,14,0,0,0,0,0,1,0,0,0,0,0,0,0,0,0,0,0,0,0,0,0,0,1419,0,0,0,0,0,0,0,0,,,,,,,,,,,,,,0,,,,,,,,,,,,,,,,,,,,,,,,,,,,,,,,,,,,,,,
454,Snow Worm,233,1084,0,0,0,0,0,0,0,0,100,70,1,3,0,0,0,0,0,1,0,0,0,0,0,0,0,0,0,0,0,0,0,0,0,0,1419,0,0,0,0,0,0,0,0,,,,,,,,,,,,,,0,,,,,,,,,,,,,,,,,,,,,,,,,,,,,,,,,,,,,,,
455,Cockatrice,283,1086,0,0,0,0,0,0,0,0,30,60,1,42,0,0,0,0,0,0,0,0,0,0,0,0,0,0,0,0,0,0,0,0,0,0,1419,0,0,0,0,0,0,0,0,,,,,,,,,,,,,,0,,,,,,,,,,,,,,,,,,,,,,,,,,,,,,,,,,,,,,,
456,Wyvern,284,1087,0,0,0,0,0,0,0,0,30,60,1,42,0,0,0,0,0,0,0,0,0,0,0,0,0,0,0,0,0,0,0,0,0,0,1419,0,0,0,0,0,0,0,0,,,,,,,,,,,,,,0,,,,,,,,,,,,,,,,,,,,,,,,,,,,,,,,,,,,,,,
457,swamp worm,233,1088,0,0,0,0,0,0,0,0,100,70,1,3,0,0,0,0,0,1,0,0,0,0,0,0,0,0,0,0,0,0,0,0,0,0,1419,0,0,0,0,0,0,0,0,,,,,,,,,,,,,,0,,,,,,,,,,,,,,,,,,,,,,,,,,,,,,,,,,,,,,,
458,Earth worm,233,1089,0,0,0,0,0,0,0,0,100,70,1,3,0,0,0,0,0,1,0,0,0,0,0,0,0,0,0,0,0,0,0,0,0,0,1419,0,0,0,0,0,0,0,0,,,,,,,,,,,,,,0,,,,,,,,,,,,,,,,,,,,,,,,,,,,,,,,,,,,,,,
459,Snow Wolf,212,1090,0,0,0,0,0,0,0,0,100,65,0,15,0,0,0,0,0,0,0,0,0,0,0,0,0,0,0,0,0,0,0,0,0,0,1419,0,0,0,0,0,0,0,0,,,,,,,,,,,,,,0,,,,,,,,,,,,,,,,,,,,,,,,,,,,,,,,,,,,,,,
460,Snow Ogre,259,1091,0,0,0,0,0,0,0,0,200,150,1,34,0,0,0,0,0,0,0,0,0,0,0,0,0,0,0,0,0,0,0,0,0,0,1419,0,0,0,0,0,0,0,0,,,,,,,,,,,,,,1,,,,,,,,,,,,,,,,,,,,,,,,,,,,,,,,,,,,,,,
461,Snow Vendo,248,1092,0,0,0,0,0,0,0,0,100,90,1,33,0,0,0,0,0,0,0,0,0,0,0,0,0,0,0,0,0,0,0,0,0,0,1419,0,0,0,0,0,0,0,0,,,,,,,,,,,,,,1,,,,,,,,,,,,,,,,,,,,,,,,,,,,,,,,,,,,,,,
462,Snow Werewolf,249,1093,0,0,0,0,0,0,0,0,110,80,1,33,0,0,0,0,0,0,0,0,0,0,0,0,1,0,0,0,0,0,0,0,0,0,1419,0,0,0,0,0,0,0,0,,,,,,,,,,,,,,1,1,,,,,,,,,,,,,,,,,,,,,,,,,,,,,,,,,,,,,,
463,White Unicorn,285,1078,0,0,0,0,0,0,0,0,100,85,1,41,0,0,0,0,0,0,0,0,0,0,0,0,0,0,0,0,0,0,0,0,0,0,1419,0,0,0,0,0,0,0,0,,,,,,,,,,,,,,0,,,,,,,,,,,,,,,,,,,,,,,,,,,,,,,,,,,,,,,
464,Black Unicorn,285,1050,0,0,0,0,0,0,0,0,100,85,1,3,0,0,0,0,0,0,0,0,0,0,0,0,0,0,0,0,0,0,0,0,0,0,1419,0,0,0,0,0,0,0,0,,,,,,,,,,,,,,0,,,,,,,,,,,,,,,,,,,,,,,,,,,,,,,,,,,,,,,
465,Snow Cat,234,1094,0,0,0,0,0,0,0,0,100,65,1,30,0,0,0,0,0,0,0,0,0,0,0,0,0,0,0,0,0,0,0,0,0,0,1419,0,0,0,0,0,0,0,0,,,,,,,,,,,,,,0,,,,,,,,,,,,,,,,,,,,,,,,,,,,,,,,,,,,,,,
466,White Arachite,260,1095,0,0,0,0,0,0,0,0,110,140,1,36,0,0,0,0,0,0,0,0,0,0,0,0,0,0,0,0,0,0,0,0,0,0,1419,0,0,0,0,0,0,0,0,,,,,,,,,,,,,,0,,,,,,,,,,,,,,,,,,,,,,,,,,,,,,,,,,,,,,,
467,Briton undead male,268,1074,0,0,0,0,0,0,0,0,95,75,1,16,0,0,0,0,0,0,0,0,0,0,0,0,0,0,0,1,0,0,0,0,0,0,1419,0,0,0,0,0,0,0,0,,,,,,,,,,,,,,1,,,,,,,,,,,,,,,,,,,,,,,,,,,,,,,,,,,,,,,
468,Briton undead female,272,1073,0,0,0,0,0,0,0,0,95,75,1,38,0,0,0,0,0,0,0,0,0,0,0,0,0,0,0,1,0,0,0,0,0,0,1419,0,0,0,0,0,0,0,0,,,,,,,,,,,,,,1,,,,,,,,,,,,,,,,,,,,,,,,,,,,,,,,,,,,,,,
469,Crab,286,1096,0,0,0,0,0,0,0,0,30,80,1,14,0,0,0,0,0,1,0,0,0,0,0,0,0,0,0,0,0,0,0,0,0,0,1419,0,0,0,0,0,0,0,0,,,,,,,,,,,,,,0,,,,,,,,,,,,,,,,,,,,,,,,,,,,,,,,,,,,,,,
470,Scorpion,287,1097,0,0,0,0,0,0,0,0,30,80,1,14,0,0,0,0,0,1,0,0,0,0,0,0,0,0,0,0,0,0,0,0,0,0,1419,0,0,0,0,0,0,0,0,,,,,,,,,,,,,,0,,,,,,,,,,,,,,,,,,,,,,,,,,,,,,,,,,,,,,,
471,Briton Male,206,1,1022,3,5,6,4,7,79,0,100,80,1,8,0,0,1098,1,1,0,0,100,0,102,0,0,1,1,0,0,0,0,0,0,0,0,1419,0,0,0,0,0,0,0,100,,,,,,,,,,,,,,1,,,,,,,582,3233,,3238,3232,3235,3236,3234,79,3237,1,1,1,,100,,,,,,,,,,,,,,,,,,
472,Briton Male,206,1,1024,3,5,6,4,7,79,0,100,80,1,8,0,0,1099,1,1,0,0,100,0,102,0,0,1,1,0,0,0,0,0,0,0,0,1419,0,0,0,0,0,0,0,100,,,,,,,,,,,,,,1,,,,,,,582,3233,,3238,3232,3235,3236,3234,79,3237,1,1,1,,100,,,,,,,,,,,,,,,,,,
473,Briton Male,206,1,1018,3,5,6,4,7,79,0,100,80,1,8,0,0,1098,1,2,0,0,100,0,102,0,0,1,1,0,0,0,0,0,0,0,0,1419,0,0,0,0,0,0,0,100,,,,,,,,,,,,,,1,,,,,,,582,3233,,3238,3232,3235,3236,3234,79,3237,1,1,1,,100,,,,,,,,,,,,,,,,,,
474,Briton Male,206,1,1020,3,5,6,4,7,79,0,100,80,1,8,0,0,1099,1,2,0,0,100,0,102,0,0,1,1,0,0,0,0,0,0,0,0,1419,0,0,0,0,0,0,0,100,,,,,,,,,,,,,,1,,,,,,,582,3233,,3238,3232,3235,3236,3234,79,3237,1,1,1,,100,,,,,,,,,,,,,,,,,,
475,Briton Female,209,2,1020,3,5,6,4,7,79,0,100,78,1,11,0,0,1100,1,1,0,1,96,0,94,0,0,1,1,0,0,0,0,0,0,0,0,1419,0,0,0,0,0,0,0,96,,,,,,,,,,,,,,1,,,,,,,608,3310,,3309,6231,3235,3236,3234,79,3308,2,1,1,,96,,,,,,,,,,,,,,,,,,
476,Briton Female,209,2,1030,3,5,6,4,7,79,0,100,78,1,11,0,0,1101,1,1,0,1,96,0,94,0,0,1,1,0,0,0,0,0,0,0,0,1419,0,0,0,0,0,0,0,96,,,,,,,,,,,,,,1,,,,,,,608,3310,,3309,6231,3235,3236,3234,79,3308,2,1,1,,96,,,,,,,,,,,,,,,,,,
477,Briton Female,209,2,1017,3,5,6,4,7,79,0,100,78,1,11,0,0,1100,1,2,0,1,96,0,94,0,0,1,1,0,0,0,0,0,0,0,0,1419,0,0,0,0,0,0,0,96,,,,,,,,,,,,,,1,,,,,,,608,3310,,3309,6231,3235,3236,3234,79,3308,2,1,1,,96,,,,,,,,,,,,,,,,,,
478,Briton Female,209,2,1022,3,5,6,4,7,79,0,100,78,1,11,0,0,1101,1,2,0,1,96,0,94,0,0,1,1,0,0,0,0,0,0,0,0,1419,0,0,0,0,0,0,0,96,,,,,,,,,,,,,,1,,,,,,,608,3310,,3309,6231,3235,3236,3234,79,3308,2,1,1,,96,,,,,,,,,,,,,,,,,,
479,Saracen Male,213,32,1042,34,35,36,37,38,79,0,100,80,1,8,1,1,1102,12,1,0,0,100,0,103,1,0,1,1,0,0,0,0,0,0,0,0,1419,0,0,0,0,0,0,0,100,,,,,,,,,,,,,,1,,,,,,,584,3633,,3639,3635,3638,3636,3637,79,,3,,1,,101,,,,,,,,,,,,,,,,,,
480,Saracen Male,213,32,1043,34,35,36,37,38,79,0,100,80,1,8,1,1,1103,12,1,0,0,100,0,103,1,0,1,1,0,0,0,0,0,0,0,0,1419,0,0,0,0,0,0,0,100,,,,,,,,,,,,,,1,,,,,,,584,3633,,3640,3635,3638,3636,3637,79,,3,,1,,101,,,,,,,,,,,,,,,,,,
481,Saracen Male,213,32,1044,34,35,36,37,38,79,0,100,80,1,8,1,1,1102,13,2,0,0,100,0,103,1,0,1,1,0,0,0,0,0,0,0,0,1419,0,0,0,0,0,0,0,100,,,,,,,,,,,,,,1,,,,,,,584,3633,,3641,3635,3638,3636,3637,79,,3,,1,,101,,,,,,,,,,,,,,,,,,
482,Saracen Male,213,32,1045,34,35,36,37,38,79,0,100,80,1,8,1,1,1103,13,2,0,0,100,0,103,1,0,1,1,0,0,0,0,0,0,0,0,1419,0,0,0,0,0,0,0,100,,,,,,,,,,,,,,1,,,,,,,584,3633,,3642,3635,3638,3636,3637,79,,3,,1,,101,,,,,,,,,,,,,,,,,,
483,Saracen Female,214,33,1046,34,35,36,37,38,79,0,100,78,1,11,1,1,1104,12,1,0,1,96,0,98,2,0,1,1,0,0,0,0,0,0,0,0,1419,0,0,0,0,0,0,0,96,,,,,,,,,,,,,,1,,,,,,,585,3634,,3645,3635,3638,3636,3637,79,,4,,1,,97,,,,,,,,,,,,,,,,,,
484,Saracen Female,214,33,1047,34,35,36,37,38,79,0,100,78,1,11,1,1,1105,12,1,0,1,96,0,98,2,0,1,1,0,0,0,0,0,0,0,0,1419,0,0,0,0,0,0,0,96,,,,,,,,,,,,,,1,,,,,,,585,3634,,3646,3635,3638,3636,3637,79,,4,,1,,97,,,,,,,,,,,,,,,,,,
485,Saracen Female,214,33,1042,34,35,36,37,38,79,0,100,78,1,11,1,1,1104,13,2,0,1,96,0,98,2,0,1,1,0,0,0,0,0,0,0,0,1419,0,0,0,0,0,0,0,96,,,,,,,,,,,,,,1,,,,,,,585,3634,,3647,3635,3638,3636,3637,79,,4,,1,,97,,,,,,,,,,,,,,,,,,
486,Saracen Female,214,33,1043,34,35,36,37,38,79,0,100,78,1,11,1,1,1105,13,2,0,1,96,0,98,2,0,1,1,0,0,0,0,0,0,0,0,1419,0,0,0,0,0,0,0,96,,,,,,,,,,,,,,1,,,,,,,585,3634,,3648,3635,3638,3636,3637,79,,4,,1,,97,,,,,,,,,,,,,,,,,,
487,High Male,210,16,1021,18,19,20,21,22,79,0,109,88,1,7,1,0,1106,2,1,0,0,102,0,100,0,0,1,1,0,0,0,0,0,0,0,0,1419,0,0,0,0,0,0,0,102,,,,,,,,,,,,,,1,,,,,,,594,3597,6058,3606,3232,3602,3600,3601,79,,5,1,1,1,110,,,,,,,,,,,,,,,,,,
488,High Male,210,16,1024,18,19,20,21,22,79,0,109,88,1,7,1,0,1107,2,1,0,0,102,0,100,0,0,1,1,0,0,0,0,0,0,0,0,1419,0,0,0,0,0,0,0,102,,,,,,,,,,,,,,1,,,,,,,594,3597,6058,3606,3232,3602,3600,3601,79,,5,1,1,1,110,,,,,,,,,,,,,,,,,,
489,High Male,210,16,1018,18,19,20,21,22,79,0,109,88,1,7,1,0,1106,2,2,0,0,102,0,100,0,0,1,1,0,0,0,0,0,0,0,0,1419,0,0,0,0,0,0,0,102,,,,,,,,,,,,,,1,,,,,,,594,3597,6058,3606,3232,3602,3600,3601,79,,5,1,1,1,110,,,,,,,,,,,,,,,,,,
490,High Male,210,16,1020,18,19,20,21,22,79,0,109,88,1,7,1,0,1107,2,2,0,0,102,0,100,0,0,1,1,0,0,0,0,0,0,0,0,1419,0,0,0,0,0,0,0,102,,,,,,,,,,,,,,1,,,,,,,594,3597,6058,3606,3232,3602,3600,3601,79,,5,1,1,1,110,,,,,,,,,,,,,,,,,,
491,High Female,211,17,1025,18,19,20,21,22,79,0,109,83,1,10,1,0,1108,2,1,0,1,96,0,95,0,0,1,1,0,0,0,0,0,0,0,0,1419,0,0,0,0,0,0,0,96,,,,,,,,,,,,,,1,,,,,,,595,3598,6058,3609,6234,3602,6240,3601,79,,6,1,1,1,105,,,,,,,,,,,,,,,,,,
492,High Female,211,17,1023,18,19,20,21,22,79,0,109,83,1,10,1,0,1109,2,1,0,1,96,0,95,0,0,1,1,0,0,0,0,0,0,0,0,1419,0,0,0,0,0,0,0,96,,,,,,,,,,,,,,1,,,,,,,595,3598,6058,3609,6234,3602,6240,3601,79,,6,1,1,1,105,,,,,,,,,,,,,,,,,,
493,High Female,211,17,1021,18,19,20,21,22,79,0,109,83,1,10,1,0,1108,2,2,0,1,96,0,95,0,0,1,1,0,0,0,0,0,0,0,0,1419,0,0,0,0,0,0,0,96,,,,,,,,,,,,,,1,,,,,,,595,3598,6058,3609,6234,3602,6240,3601,79,,6,1,1,1,105,,,,,,,,,,,,,,,,,,
494,High Female,211,17,1024,18,19,20,21,22,79,0,109,83,1,10,1,0,1109,2,2,0,1,96,0,95,0,0,1,1,0,0,0,0,0,0,0,0,1419,0,0,0,0,0,0,0,96,,,,,,,,,,,,,,1,,,,,,,595,3598,6058,3609,6234,3602,6240,3601,79,,6,1,1,1,105,,,,,,,,,,,,,,,,,,
495,Avalonian Male,217,49,1019,51,53,54,52,55,79,0,112,89,1,9,0,0,1110,3,1,0,0,98,0,93,0,0,1,1,0,0,0,0,0,0,0,0,1419,0,0,0,0,0,0,0,98,,,,,,,,,,,,,,1,,,,,,,590,3651,,3657,3653,3656,3654,3655,79,,7,,1,,113,,,,,,,,,,,,,,,,,,
496,Avalonian Male,217,49,1030,51,53,54,52,55,79,0,112,89,1,9,0,0,1111,3,1,0,0,98,0,93,0,0,1,1,0,0,0,0,0,0,0,0,1419,0,0,0,0,0,0,0,98,,,,,,,,,,,,,,1,,,,,,,590,3651,,3658,3653,3656,3654,3655,79,,7,,1,,113,,,,,,,,,,,,,,,,,,
497,Avalonian Male,217,49,1020,51,53,54,52,55,79,0,112,89,1,9,0,0,1110,3,2,0,0,98,0,93,0,0,1,1,0,0,0,0,0,0,0,0,1419,0,0,0,0,0,0,0,98,,,,,,,,,,,,,,1,,,,,,,590,3651,,3659,3653,3656,3654,3655,79,,7,,1,,113,,,,,,,,,,,,,,,,,,
498,Avalonian Male,217,49,1017,51,53,54,52,55,79,0,112,89,1,9,0,0,1111,3,2,0,0,98,0,93,0,0,1,1,0,0,0,0,0,0,0,0,1419,0,0,0,0,0,0,0,98,,,,,,,,,,,,,,1,,,,,,,590,3651,,3660,3653,3656,3654,3655,79,,7,,1,,113,,,,,,,,,,,,,,,,,,
499,Avalonian Female,218,50,1019,51,53,54,52,55,79,0,112,87,1,12,0,0,1112,3,1,0,1,92,0,90,3,0,1,1,0,0,0,0,0,0,0,0,1419,0,0,0,0,0,0,0,92,,,,,,,,,,,,,,1,,,,,,,591,3652,,3663,3653,3656,3654,3655,79,,8,,1,,112,,,,,,,,,,,,,,,,,,
500,Avalonian Female,218,50,1030,51,53,54,52,55,79,0,112,87,1,12,0,0,1113,3,1,0,1,92,0,90,3,0,1,1,0,0,0,0,0,0,0,0,1419,0,0,0,0,0,0,0,92,,,,,,,,,,,,,,1,,,,,,,591,3652,,3664,3653,3656,3654,3655,79,,8,,1,,112,,,,,,,,,,,,,,,,,,
501,Avalonian Female,218,50,1019,51,53,54,52,55,79,0,112,87,1,12,0,0,1112,3,2,0,1,92,0,90,0,0,1,1,0,0,0,0,0,0,0,0,1419,0,0,0,0,0,0,0,92,,,,,,,,,,,,,,1,,,,,,,591,3652,,3665,3653,3656,3654,3655,79,,8,,1,,112,,,,,,,,,,,,,,,,,,
502,Avalonian Female,218,50,1016,51,53,54,52,55,79,0,112,87,1,12,0,0,1113,3,2,0,1,92,0,90,0,0,1,1,0,0,0,0,0,0,0,0,1419,0,0,0,0,0,0,0,92,,,,,,,,,,,,,,1,,,,,,,591,3652,,3666,3653,3656,3654,3655,79,,8,,1,,112,,,,,,,,,,,,,,,,,,
503,Norse Male,239,186,1021,187,189,190,191,188,0,0,109,87,1,19,0,0,1114,4,1,0,0,100,1,105,0,0,1,1,0,0,0,0,0,0,0,0,1419,0,0,0,0,0,0,0,100,,,,,,,,,,,,,,1,,,,,,,596,3276,,3341,3277,3280,3278,3279,79,3358,1,,1,,111,,,,,,,,,,,,,,,,,,
504,norse male,239,186,1024,187,189,190,191,188,0,0,109,87,1,19,0,0,1115,4,1,0,0,100,1,105,0,0,1,1,0,0,0,0,0,0,0,0,1419,0,0,0,0,0,0,0,100,,,,,,,,,,,,,,1,,,,,,,596,3276,,3342,3277,3280,3278,3279,79,3358,1,,1,,111,,,,,,,,,,,,,,,,,,
505,norse male,239,186,1018,187,189,190,191,188,0,0,109,87,1,19,0,0,1114,4,2,0,0,100,1,105,0,0,1,1,0,0,0,0,0,0,0,0,1419,0,0,0,0,0,0,0,100,,,,,,,,,,,,,,1,,,,,,,596,3276,,3343,3277,3280,3278,3279,79,3358,1,,1,,111,,,,,,,,,,,,,,,,,,
506,norse male,239,186,1017,187,189,190,191,188,0,0,109,87,1,19,0,0,1115,4,2,0,0,100,1,105,0,0,1,1,0,0,0,0,0,0,0,0,1419,0,0,0,0,0,0,0,100,,,,,,,,,,,,,,1,,,,,,,596,3276,,3344,3277,3280,3278,3279,79,3358,1,,1,,111,,,,,,,,,,,,,,,,,,
507,norse female 9,240,185,1021,187,189,190,191,188,0,0,109,82,1,12,0,0,1116,4,1,0,1,100,1,96,0,0,1,1,0,0,0,0,0,0,0,0,1419,0,0,0,0,0,0,0,100,,,,,,,,,,,,,,1,,,,,,,597,3307,,3306,3277,3280,3278,3279,79,3305,2,,1,,106,,,,,,,,,,,,,,,,,,
508,norse female 10,240,185,1024,187,189,190,191,188,0,0,109,82,1,12,0,0,1117,4,1,0,1,100,1,96,0,0,1,1,0,0,0,0,0,0,0,0,1419,0,0,0,0,0,0,0,100,,,,,,,,,,,,,,1,,,,,,,597,3307,,3338,3277,3280,3278,3279,79,3305,2,,1,,106,,,,,,,,,,,,,,,,,,
509,norse female 11,240,185,1018,187,189,190,191,188,0,0,109,82,1,12,0,0,1116,4,2,0,1,100,1,96,0,0,1,1,0,0,0,0,0,0,0,0,1419,0,0,0,0,0,0,0,100,,,,,,,,,,,,,,1,,,,,,,597,3307,,3339,3277,3280,3278,3279,79,3305,2,,1,,106,,,,,,,,,,,,,,,,,,
510,norse female 12,240,185,1017,187,189,190,191,188,0,0,109,82,1,12,0,0,1117,4,2,0,1,100,1,96,0,0,1,1,0,0,0,0,0,0,0,0,1419,0,0,0,0,0,0,0,100,,,,,,,,,,,,,,1,,,,,,,597,3307,,3340,3277,3280,3278,3279,79,3305,2,,1,,106,,,,,,,,,,,,,,,,,,
511,Troll Male 9,237,165,177,166,170,171,172,169,0,0,130,110,1,26,0,0,1118,7,1,0,0,115,0,125,1,0,1,1,0,0,0,0,0,0,0,0,1419,0,0,0,0,0,0,0,115,,,,,,,,,,,,,,1,,,,,,,612,3242,,3244,3243,3240,3239,3241,79,3245,7,1,1,,138,,,,,,,,,,,,,,,,,,
512,Troll Male 10,237,165,178,166,170,171,172,169,0,0,130,110,1,26,0,0,1119,7,1,0,0,115,0,125,1,0,1,1,0,0,0,0,0,0,0,0,1419,0,0,0,0,0,0,0,115,,,,,,,,,,,,,,1,,,,,,,612,3242,,3348,3243,3240,3239,3241,79,3245,7,1,1,,138,,,,,,,,,,,,,,,,,,
513,Troll Male 11,237,165,179,166,170,171,172,169,0,0,130,110,1,26,0,0,1118,7,2,0,0,115,0,125,1,0,1,1,0,0,0,0,0,0,0,0,1419,0,0,0,0,0,0,0,115,,,,,,,,,,,,,,1,,,,,,,612,3242,,3349,3243,3240,3239,3241,79,3245,7,1,1,,138,,,,,,,,,,,,,,,,,,
514,Troll Male 12,237,165,180,166,170,171,172,169,0,0,130,110,1,26,0,0,1119,7,2,0,0,115,0,125,1,0,1,1,0,0,0,0,0,0,0,0,1419,0,0,0,0,0,0,0,115,,,,,,,,,,,,,,1,,,,,,,612,3242,,3350,3243,3240,3239,3241,79,3245,7,1,1,,138,,,,,,,,,,,,,,,,,,
515,Troll Female 9,238,167,177,166,170,171,172,169,0,0,125,103,1,21,0,0,1120,7,1,0,1,115,0,117,1,0,1,1,0,0,0,0,0,0,0,0,1419,0,0,0,0,0,0,0,115,,,,,,,,,,,,,,1,,,,,,,613,3242,,3313,6237,3240,3239,3241,79,0,8,1,1,,135,,,,,,,,,,,,,,,,,,
516,Troll Female 10,238,167,178,166,170,171,172,169,0,0,125,103,1,21,0,0,1121,7,1,0,1,115,0,117,1,0,1,1,0,0,0,0,0,0,0,0,1419,0,0,0,0,0,0,0,115,,,,,,,,,,,,,,1,,,,,,,613,3242,,3345,6237,3240,3239,3241,79,0,8,1,1,,135,,,,,,,,,,,,,,,,,,
517,Troll Female 11,238,167,179,166,170,171,172,169,0,0,125,103,1,21,0,0,1120,7,2,0,1,115,0,117,1,0,1,1,0,0,0,0,0,0,0,0,1419,0,0,0,0,0,0,0,115,,,,,,,,,,,,,,1,,,,,,,613,3242,,3346,6237,3240,3239,3241,79,0,8,1,1,,135,,,,,,,,,,,,,,,,,,
518,Troll Female 12,238,167,177,166,170,171,172,169,0,0,125,103,1,21,0,0,1121,7,2,0,1,115,0,117,1,0,1,1,0,0,0,0,0,0,0,0,1419,0,0,0,0,0,0,0,115,,,,,,,,,,,,,,1,,,,,,,613,3242,,3347,6237,3240,3239,3241,79,0,8,1,1,,135,,,,,,,,,,,,,,,,,,
519,Dwarf Male 9,243,229,1021,227,231,232,233,230,0,0,75,72,1,22,0,0,1122,6,1,0,0,110,0,145,0,0,1,1,0,0,0,0,0,0,0,0,1419,0,0,0,0,0,0,0,110,,,,,,,,,,,,,,1,,,,,,,602,3269,,3268,3270,3273,3271,3272,79,3267,3,,,,80,,,,,,,,,,,,,,,,,,
520,Dwarf Male 10,243,229,1022,227,231,232,233,230,0,0,75,72,1,22,0,0,1123,6,1,0,0,110,0,145,0,0,1,1,0,0,0,0,0,0,0,0,1419,0,0,0,0,0,0,0,110,,,,,,,,,,,,,,1,,,,,,,602,3269,,3322,3270,3273,3271,3272,79,3267,3,,,,80,,,,,,,,,,,,,,,,,,
521,Dwarf Male 11,243,229,1017,227,231,232,233,230,0,0,75,72,1,22,0,0,1122,6,2,0,0,110,0,145,0,0,1,1,0,0,0,0,0,0,0,0,1419,0,0,0,0,0,0,0,110,,,,,,,,,,,,,,1,,,,,,,602,3269,,3323,3270,3273,3271,3272,79,3267,3,,,,80,,,,,,,,,,,,,,,,,,
522,Dwarf Male 12,243,229,1018,227,231,232,233,230,0,0,75,72,1,22,0,0,1123,6,2,0,0,110,0,145,0,0,1,1,0,0,0,0,0,0,0,0,1419,0,0,0,0,0,0,0,110,,,,,,,,,,,,,,1,,,,,,,602,3269,,3324,3270,3273,3271,3272,79,3267,3,,,,80,,,,,,,,,,,,,,,,,,
523,Dwarf Female 9,244,228,1018,227,231,232,233,230,0,0,70,68,1,23,0,0,1124,6,1,0,0,110,0,155,0,0,1,1,0,0,0,0,0,0,0,0,1419,0,0,0,0,0,0,0,110,,,,,,,,,,,,,,1,,,,,,,603,3374,,3318,3270,3273,3271,3272,79,3375,4,,,,74,,,,,,,,,,,,,,,,,,
524,Dwarf Female 10,244,228,1020,227,231,232,233,230,0,0,70,68,1,23,0,0,1125,6,1,0,1,110,0,155,0,0,1,1,0,0,0,0,0,0,0,0,1419,0,0,0,0,0,0,0,110,,,,,,,,,,,,,,1,,,,,,,603,3374,,3319,3270,3273,3271,3272,79,3375,4,,,,74,,,,,,,,,,,,,,,,,,
525,Dwarf Female 11,244,228,1021,227,231,232,233,230,0,0,70,68,1,23,0,0,1124,6,2,0,1,110,0,155,0,0,1,1,0,0,0,0,0,0,0,0,1419,0,0,0,0,0,0,0,110,,,,,,,,,,,,,,1,,,,,,,603,3374,,3320,3270,3273,3271,3272,79,3375,4,,,,74,,,,,,,,,,,,,,,,,,
526,Dwarf Female 12,244,228,1022,227,231,232,233,230,0,0,70,68,1,23,0,0,1125,6,2,0,1,110,0,155,0,0,1,1,0,0,0,0,0,0,0,0,1419,0,0,0,0,0,0,0,110,,,,,,,,,,,,,,1,,,,,,,603,3374,,3321,3270,3273,3271,3272,79,3375,4,,,,74,,,,,,,,,,,,,,,,,,
527,Kobold Male 9,241,208,1021,206,220,210,211,209,0,0,70,63,1,27,0,0,1126,5,1,0,0,100,0,155,3,0,1,1,0,0,0,0,0,0,0,0,1419,0,0,0,0,0,0,0,100,,,,,,,,,,,,,,1,,,,,,,600,3262,,3261,3263,3266,3264,3265,79,3260,5,1,1,1,73,,,,,,,,,,,,,,,,,,
528,Kobold Male 10,241,208,1017,206,220,210,211,209,0,0,70,63,1,27,0,0,1127,5,1,0,0,100,0,155,3,0,1,1,0,0,0,0,0,0,0,0,1419,0,0,0,0,0,0,0,100,,,,,,,,,,,,,,1,,,,,,,600,3262,,3335,3263,3266,3264,3265,79,3260,5,1,1,1,73,,,,,,,,,,,,,,,,,,
529,Kobold Male 11,241,208,1029,206,220,210,211,209,0,0,70,63,1,27,0,0,1126,5,2,0,0,100,0,155,3,0,1,1,0,0,0,0,0,0,0,0,1419,0,0,0,0,0,0,0,100,,,,,,,,,,,,,,1,,,,,,,600,3262,,3336,3263,3266,3264,3265,79,3260,5,1,1,1,73,,,,,,,,,,,,,,,,,,
530,Kobold Male 12,241,208,1024,206,220,210,211,209,0,0,70,63,1,27,0,0,1127,5,2,0,0,100,0,155,3,0,1,1,0,0,0,0,0,0,0,0,1419,0,0,0,0,0,0,0,100,,,,,,,,,,,,,,1,,,,,,,600,3262,,3337,3263,3266,3264,3265,79,3260,5,1,1,1,73,,,,,,,,,,,,,,,,,,
531,Kobold Female 9,242,207,1024,206,220,210,211,209,0,0,70,63,1,28,0,0,1128,5,1,0,1,100,0,155,3,0,1,1,0,0,0,0,0,0,0,0,1419,0,0,0,0,0,0,0,100,,,,,,,,,,,,,,1,,,,,,,601,3262,,3159,6235,3266,6230,3265,79,3160,6,1,1,1,75,,,,,,,,,,,,,,,,,,
532,Kobold Female 10,242,207,1025,206,220,210,211,209,0,0,70,63,1,28,0,0,1129,5,1,0,1,100,0,155,3,0,1,1,0,0,0,0,0,0,0,0,1419,0,0,0,0,0,0,0,100,,,,,,,,,,,,,,1,,,,,,,601,3262,,3332,6235,3266,6230,3265,79,3160,6,1,1,1,75,,,,,,,,,,,,,,,,,,
533,Kobold Female 11,242,207,1021,206,220,210,211,209,0,0,70,63,1,28,0,0,1128,5,2,0,1,100,0,155,3,0,1,1,0,0,0,0,0,0,0,0,1419,0,0,0,0,0,0,0,100,,,,,,,,,,,,,,1,,,,,,,601,3262,,3333,6235,3266,6230,3265,79,3160,6,1,1,1,75,,,,,,,,,,,,,,,,,,
534,Kobold Female 12,242,207,1017,206,220,210,211,209,0,0,70,63,1,28,0,0,1129,5,2,0,1,100,0,155,3,0,1,1,0,0,0,0,0,0,0,0,1419,0,0,0,0,0,0,0,100,,,,,,,,,,,,,,1,,,,,,,601,3262,,3334,6235,3266,6230,3265,79,3160,6,1,1,1,75,,,,,,,,,,,,,,,,,,
535,Celt Male 9,250,277,1021,279,280,281,282,283,0,0,100,80,1,8,0,0,1130,8,1,0,0,100,1,107,0,0,1,1,0,0,0,0,0,0,0,0,1419,0,0,0,0,0,0,0,100,,,,,,,,,,,,,,1,,,,,,,614,3669,,3678,3232,3674,3672,3673,79,,1,1,1,,100,,,,,,,,,,,,6496,,,,,,
536,Celt Male 10,250,277,1024,279,280,281,282,283,0,0,100,80,1,8,0,0,1131,8,1,0,0,100,1,107,0,0,1,1,0,0,0,0,0,0,0,0,1419,0,0,0,0,0,0,0,100,,,,,,,,,,,,,,1,,,,,,,614,3669,,3679,3232,3674,3672,3673,79,,1,1,1,,100,,,,,,,,,,,,6496,,,,,,
537,Celt Male 11,250,277,1022,279,280,281,282,283,0,0,100,80,1,8,0,0,1130,8,2,0,0,100,1,107,0,0,1,1,0,0,0,0,0,0,0,0,1419,0,0,0,0,0,0,0,100,,,,,,,,,,,,,,1,,,,,,,614,3669,,3680,3232,3674,3672,3673,79,,1,1,1,,100,,,,,,,,,,,,6496,,,,,,
538,Celt Male 12,250,277,1018,279,280,281,282,283,0,0,100,80,1,8,0,0,1131,8,2,0,0,100,1,107,0,0,1,1,0,0,0,0,0,0,0,0,1419,0,0,0,0,0,0,0,100,,,,,,,,,,,,,,1,,,,,,,614,3669,,3675,3232,3674,3672,3673,79,,1,1,1,,100,,,,,,,,,,,,6496,,,,,,
539,Celt Female 9,251,278,1025,279,280,281,282,283,0,0,100,80,1,11,0,0,1132,8,1,0,1,100,1,93,0,0,1,1,0,0,0,0,0,0,0,0,1419,0,0,0,0,0,0,0,100,,,,,,,,,,,,,,1,,,,,,,615,3670,,3681,6231,3674,3672,3673,79,,2,1,1,,97,,,,,,,,,,,,6501,,,,,,
540,Celt Female 10,251,278,1018,279,280,281,282,283,0,0,100,80,1,11,0,0,1133,8,1,0,1,100,1,93,0,0,1,1,0,0,0,0,0,0,0,0,1419,0,0,0,0,0,0,0,100,,,,,,,,,,,,,,1,,,,,,,615,3670,,3681,6231,3674,3672,3673,79,,2,1,1,,97,,,,,,,,,,,,6501,,,,,,
541,Celt Female 11,251,278,1020,279,280,281,282,283,0,0,100,80,1,11,0,0,1132,8,2,0,1,100,1,93,0,0,1,1,0,0,0,0,0,0,0,0,1419,0,0,0,0,0,0,0,100,,,,,,,,,,,,,,1,,,,,,,615,3670,,3682,6231,3674,3672,3673,79,,2,1,1,,97,,,,,,,,,,,,6501,,,,,,
542,Celt Female 12,251,278,1025,279,280,281,282,283,0,0,100,80,1,11,0,0,1133,8,2,0,1,100,1,93,0,0,1,1,0,0,0,0,0,0,0,0,1419,0,0,0,0,0,0,0,100,,,,,,,,,,,,,,1,,,,,,,615,3670,,3683,6231,3674,3672,3673,79,,2,1,1,,97,,,,,,,,,,,,6501,,,,,,
543,Lurikeen Male 9,256,270,1025,272,273,274,275,276,0,0,65,55,1,27,0,0,1134,10,1,0,0,100,1,135,1,0,1,1,0,0,0,0,0,0,0,0,1419,0,0,0,0,0,0,0,100,,,,,,,,,,,,,,1,,,,,,,598,3705,,3715,3707,3710,3708,3709,79,,5,,,,63,,,,,,,,,,,,6498,,,,,,
544,Lurikeen Male 10,256,270,1030,272,273,274,275,209,0,0,65,55,1,27,0,0,1135,10,1,0,0,100,1,135,1,0,1,1,0,0,0,0,0,0,0,0,1419,0,0,0,0,0,0,0,100,,,,,,,,,,,,,,1,,,,,,,598,3705,,3716,3707,3710,3708,3709,79,,5,,,,63,,,,,,,,,,,,6498,,,,,,
545,Lurikeen Male 11,256,270,1018,272,273,274,275,209,0,0,65,55,1,27,0,0,1134,10,2,0,0,100,1,135,1,0,1,1,0,0,0,0,0,0,0,0,1419,0,0,0,0,0,0,0,100,,,,,,,,,,,,,,1,,,,,,,598,3705,,3711,3707,3710,3708,3709,79,,5,,,,63,,,,,,,,,,,,6498,,,,,,
546,Lurikeen Male 12,256,270,1022,272,273,274,275,209,0,0,65,55,1,27,0,0,1135,10,2,0,0,100,1,135,1,0,1,1,0,0,0,0,0,0,0,0,1419,0,0,0,0,0,0,0,100,,,,,,,,,,,,,,1,,,,,,,598,3705,,3712,3707,3710,3708,3709,79,,5,,,,63,,,,,,,,,,,,6498,,,,,,
547,Lurikeen Female 9,257,271,1030,272,273,274,275,209,0,0,65,55,1,28,0,0,1136,10,1,0,1,100,1,112,1,0,1,1,0,0,0,0,0,0,0,0,1419,0,0,0,0,0,0,0,100,,,,,,,,,,,,,,1,,,,,,,599,3706,,3717,3707,3710,3708,3709,79,,6,,,,63,,,,,,,,,,,,6500,,,,,,
548,Lurikeen Female 10,257,271,1023,272,273,274,275,209,0,0,65,55,1,28,0,0,1137,10,1,0,1,100,1,112,1,0,1,1,0,0,0,0,0,0,0,0,1419,0,0,0,0,0,0,0,100,,,,,,,,,,,,,,1,,,,,,,599,3706,,3718,3707,3710,3708,3709,79,,6,,,,63,,,,,,,,,,,,6500,,,,,,
549,Lurikeen Female 11,257,271,1016,272,273,274,275,209,0,0,65,55,1,28,0,0,1136,10,2,0,1,100,1,112,1,0,1,1,0,0,0,0,0,0,0,0,1419,0,0,0,0,0,0,0,100,,,,,,,,,,,,,,1,,,,,,,599,3706,,3719,3707,3710,3708,3709,79,,6,,,,63,,,,,,,,,,,,6500,,,,,,
550,Lurikeen Female 12,257,271,1023,272,273,274,275,209,0,0,65,55,1,28,0,0,1137,10,2,0,1,100,1,112,1,0,1,1,0,0,0,0,0,0,0,0,1419,0,0,0,0,0,0,0,100,,,,,,,,,,,,,,1,,,,,,,599,3706,,3720,3707,3710,3708,3709,79,,6,,,,63,,,,,,,,,,,,6500,,,,,,
551,Firbolg Male,254,263,1021,265,266,267,268,269,0,0,135,110,1,7,0,0,1138,9,1,0,0,115,1,115,1,0,1,1,0,0,0,0,0,0,0,0,1419,0,0,0,0,0,0,0,115,,,,,,,,,,,,,,1,,,,,,,610,3759,,3770,3761,3765,3763,3764,79,,7,,1,,134,,,,,,,,,,,,,,,,,,
552,Firbolg Male,254,263,1025,265,266,267,268,269,0,0,135,110,1,7,0,0,1139,9,1,0,0,115,1,115,1,0,1,1,0,0,0,0,0,0,0,0,1419,0,0,0,0,0,0,0,115,,,,,,,,,,,,,,1,,,,,,,610,3759,,3771,3761,3765,3763,3764,79,,7,,1,,134,,,,,,,,,,,,,,,,,,
553,Firbolg Male,254,263,1022,265,266,267,268,269,0,0,135,110,1,7,0,0,1138,9,2,0,0,115,1,115,1,0,1,1,0,0,0,0,0,0,0,0,1419,0,0,0,0,0,0,0,115,,,,,,,,,,,,,,1,,,,,,,610,3759,,3766,3761,3765,3763,3764,79,,7,,1,,134,,,,,,,,,,,,,,,,,,
554,Firbolg Male,254,263,1018,265,266,267,268,269,0,0,135,110,1,7,0,0,1139,9,2,0,0,115,1,115,1,0,1,1,0,0,0,0,0,0,0,0,1419,0,0,0,0,0,0,0,115,,,,,,,,,,,,,,1,,,,,,,610,3759,,3767,3761,3765,3763,3764,79,,7,,1,,134,,,,,,,,,,,,,,,,,,
555,Firbolg Female,255,264,1021,265,266,267,268,269,0,0,130,107,1,10,0,0,1140,9,1,0,1,115,1,117,0,0,1,1,0,0,0,0,0,0,0,0,1419,0,0,0,0,0,0,0,115,,,,,,,,,,,,,,1,,,,,,,611,3760,,3772,6232,3765,3763,3764,79,,8,,1,,131,,,,,,,,,,,,,,,,,,
556,Firbolg Female,255,264,1022,265,266,267,268,269,0,0,130,107,1,10,0,0,1141,9,1,0,1,115,1,117,0,0,1,1,0,0,0,0,0,0,0,0,1419,0,0,0,0,0,0,0,115,,,,,,,,,,,,,,1,,,,,,,611,3760,,3773,6232,3765,3763,3764,79,,8,,1,,131,,,,,,,,,,,,,,,,,,
557,Firbolg Female,255,264,1022,265,266,267,268,269,0,0,130,107,1,10,0,0,1140,9,2,0,1,115,1,117,0,0,1,1,0,0,0,0,0,0,0,0,1419,0,0,0,0,0,0,0,115,,,,,,,,,,,,,,1,,,,,,,611,3760,,3774,6232,3765,3763,3764,79,,8,,1,,131,,,,,,,,,,,,,,,,,,
558,Firbolg Female,255,264,1018,265,266,267,268,269,0,0,130,107,1,10,0,0,1141,9,2,0,1,115,1,117,0,0,1,1,0,0,0,0,0,0,0,0,1419,0,0,0,0,0,0,0,115,,,,,,,,,,,,,,1,,,,,,,611,3760,,3775,6232,3765,3763,3764,79,,8,,1,,131,,,,,,,,,,,,,,,,,,
559,Elf Male,252,256,1028,258,259,260,261,262,0,0,108,87,1,22,0,0,1142,11,1,0,0,100,0,95,0,0,1,1,0,0,0,0,0,0,0,0,1419,0,0,0,0,0,0,0,100,,,,,,,,,,,,,,1,,,,,,,592,3687,,3697,3689,3692,3690,3691,79,,3,,1,,113,,,,,,,,,,,,,,,,,,
560,Elf Male,252,256,1023,258,259,260,261,262,0,0,108,87,1,22,0,0,1143,11,1,0,0,100,0,95,0,0,1,1,0,0,0,0,0,0,0,0,1419,0,0,0,0,0,0,0,100,,,,,,,,,,,,,,1,,,,,,,592,3687,,3698,3689,3692,3690,3691,79,,3,,1,,113,,,,,,,,,,,,,,,,,,
561,Elf Male,252,256,1016,258,259,260,261,262,0,0,108,87,1,22,0,0,1142,11,2,0,0,100,0,95,0,0,1,1,0,0,0,0,0,0,0,0,1419,0,0,0,0,0,0,0,100,,,,,,,,,,,,,,1,,,,,,,592,3687,,3693,3689,3692,3690,3691,79,,3,,1,,113,,,,,,,,,,,,,,,,,,
562,Elf Male,252,256,1019,258,259,260,261,262,0,0,108,87,1,22,0,0,1143,11,2,0,0,100,0,95,0,0,1,1,0,0,0,0,0,0,0,0,1419,0,0,0,0,0,0,0,100,,,,,,,,,,,,,,1,,,,,,,592,3687,,3694,3689,3692,3690,3691,79,,3,,1,,113,,,,,,,,,,,,,,,,,,
563,Elf Female,253,257,1019,258,259,260,261,262,0,0,108,82,1,23,0,0,1144,11,1,0,1,100,0,85,0,0,1,1,0,0,0,0,0,0,0,0,1419,0,0,0,0,0,0,0,100,,,,,,,,,,,,,,1,,,,,,,593,3688,,3699,3689,3692,3690,3691,79,,4,,1,,111,,,,,,,,,,,,,,,,,,
564,Elf Female,253,257,1026,258,259,260,261,262,0,0,108,82,1,23,0,0,1145,11,1,0,1,100,0,85,0,0,1,1,0,0,0,0,0,0,0,0,1419,0,0,0,0,0,0,0,100,,,,,,,,,,,,,,1,,,,,,,593,3688,,3700,3689,3692,3690,3691,79,,4,,1,,111,,,,,,,,,,,,,,,,,,
565,Elf Female,253,257,1026,258,259,260,261,262,0,0,108,82,1,23,0,0,1144,11,2,0,1,100,0,85,0,0,1,1,0,0,0,0,0,0,0,0,1419,0,0,0,0,0,0,0,100,,,,,,,,,,,,,,1,,,,,,,593,3688,,3701,3689,3692,3690,3691,79,,4,,1,,111,,,,,,,,,,,,,,,,,,
566,Elf Female,253,257,1028,258,259,260,261,262,0,0,108,82,1,23,0,0,1145,11,2,0,1,100,0,85,0,0,1,1,0,0,0,0,0,0,0,0,1419,0,0,0,0,0,0,0,100,,,,,,,,,,,,,,1,,,,,,,593,3688,,3702,3689,3692,3690,3691,79,,4,,1,,111,,,,,,,,,,,,,,,,,,
567,Regular Rat,288,1146,0,0,0,0,0,0,0,0,100,65,0,3,0,0,0,0,0,1,0,0,0,0,0,0,0,0,0,0,0,0,0,0,0,0,1419,0,0,0,0,0,0,0,0,,,,,,,,,,,,,,0,,,,,,,,,,,,,,,,,,,,,,,,,,,,,,,,,,,,,,,
568,Diseased Rat,288,1147,0,0,0,0,0,0,0,0,100,65,1,3,0,0,0,0,0,1,0,0,0,0,0,0,0,0,0,0,0,0,0,0,0,0,1419,0,0,0,0,0,0,0,0,,,,,,,,,,,,,,0,,,,,,,,,,,,,,,,,,,,,,,,,,,,,,,,,,,,,,,
569,Polar Bear,219,1148,0,0,0,0,0,0,0,0,100,65,1,39,0,0,0,0,0,0,0,0,0,0,0,0,0,0,0,0,0,0,0,0,0,0,1419,0,0,0,0,0,0,0,0,,,,,,,,,,,,,,0,,,,,,,,,,,,,,,,,,,,,,,,,,,,,,,,,,,,,,,
570,Knotty Fellwood,220,1149,0,0,0,0,0,0,0,0,100,100,1,24,0,0,0,0,0,0,0,0,0,0,0,0,0,0,0,0,0,0,0,0,0,0,1419,0,0,0,0,0,0,0,0,,,,,,,,,,,,,,0,,,,,,,,,,,,,,,,,,,,,,,,,,,,,,,,,,,,,,,
571,Plant Scrag,263,1150,0,0,0,0,0,0,0,0,120,70,1,3,0,0,0,0,0,0,0,0,0,0,0,0,0,0,0,0,0,0,0,0,0,0,1419,0,0,0,0,0,0,0,0,,,,,,,,,,,,,,0,,,,,,,,,,,,,,,,,,,,,,,,,,,,,,,,,,,,,,,
572,Badger,289,1151,0,0,0,0,0,0,0,0,100,65,1,39,0,0,0,0,0,1,0,0,0,0,0,0,0,0,0,0,0,0,0,0,0,0,1419,0,0,0,0,0,0,0,0,,,,,,,,,,,,,,0,,,,,,,,,,,,,,,,,,,,,,,,,,,,,,,,,,,,,,,
573,Termite,230,1152,0,0,0,0,0,0,0,0,100,85,1,14,0,0,0,0,0,1,0,0,0,0,0,0,0,0,0,0,0,0,0,0,0,0,1419,0,0,0,0,0,0,0,0,,,,,,,,,,,,,,0,,,,,,,,,,,,,,,,,,,,,,,,,,,,,,,,,,,,,,,
574,Orange Frog,231,1153,0,0,0,0,0,0,0,0,100,50,1,52,0,0,0,0,0,1,0,0,0,0,0,0,0,0,0,0,0,0,0,0,0,0,1419,0,0,0,0,0,0,0,0,,,,,,,,,,,,,,0,,,,,,,,,,,,,,,,,,,,,,,,,,,,,,,,,,,,,,,
575,Faerie Frog,231,1154,0,0,0,0,0,0,0,0,100,50,1,52,0,0,0,0,0,1,0,0,0,0,0,0,0,0,0,0,0,0,0,0,0,0,1419,0,0,0,0,0,0,0,0,,,,,,,,,,,,,,0,,,,,,,,,,,,,,,,,,,,,,,,,,,,,,,,,,,,,,,
576,Blue Faerie Drake,223,1155,0,0,0,0,0,0,0,0,100,85,1,18,0,0,0,0,0,1,0,0,0,0,0,0,0,0,0,0,0,0,0,0,0,0,1419,0,0,0,0,0,0,0,0,,,,,,,,,,,,,,0,,,,,,,,,,,,,,,,,,,,,,,,,,,,,,,,,,,,,,,
577,Black Crab,286,1156,0,0,0,0,0,0,0,0,30,80,1,14,0,0,0,0,0,1,0,0,0,0,0,0,0,0,0,0,0,0,0,0,0,0,1419,0,0,0,0,0,0,0,0,,,,,,,,,,,,,,0,,,,,,,,,,,,,,,,,,,,,,,,,,,,,,,,,,,,,,,
578,Cave Goblin Whelp,246,1169,0,0,0,0,0,0,0,0,120,80,1,31,0,0,0,0,0,0,0,0,0,0,0,0,0,0,0,0,0,0,0,0,0,0,1419,0,0,0,0,0,0,0,0,,,,,,,,,,,,,,1,,,,,,,,,,,,,,,,,,,,,,,,,,,,,,,,,,,,,,,
579,Cave Goblin Warrior,246,1158,0,0,0,0,0,0,0,0,120,80,1,31,0,0,0,0,0,0,0,0,0,0,0,0,0,0,0,0,0,0,0,0,0,0,1419,0,0,0,0,0,0,0,0,,,,,,,,,,,,,,1,,,,,,,,,,,,,,,,,,,,,,,,,,,,,,,,,,,,,,,
580,White Boar,221,1159,0,0,0,0,0,0,0,0,100,50,1,6,0,0,0,0,0,1,0,0,0,0,0,0,0,0,0,0,0,0,0,0,0,0,1419,0,0,0,0,0,0,0,0,,,,,,,,,,,,,,0,,,,,,,,,,,,,,,,,,,,,,,,,,,,,,,,,,,,,,,
581,Fire Frog,231,1160,0,0,0,0,0,0,0,0,100,50,1,52,0,0,0,0,0,1,0,0,0,0,0,0,0,0,0,0,0,0,0,0,0,0,1419,0,0,0,0,0,0,0,0,,,,,,,,,,,,,,0,,,,,,,,,,,,,,,,,,,,,,,,,,,,,,,,,,,,,,,
582,Vendo Man,290,1161,0,0,0,0,0,0,0,0,140,110,1,33,0,0,0,0,0,0,0,115,0,0,0,0,1,1,0,0,0,0,0,0,0,0,1419,0,0,0,0,0,0,0,115,,,,,,,,,,,,,,1,1,,,,,,,,,,,,,,,,,,,,,,,,,,,,,,,,,,,,,,
583,Stag Man,291,1162,0,0,0,0,0,0,0,0,140,120,1,33,0,0,0,0,0,0,0,115,0,0,0,0,1,1,0,0,0,0,0,0,0,0,1419,0,0,0,0,0,0,0,115,,,,,,,,,,,,,,1,1,,,,,,,,,,,,,,,,,,,,,,,,,,,,,,,,,,,,,,
584,Giant Mite,292,1163,0,0,0,0,0,0,0,0,100,75,1,43,0,0,0,0,0,1,0,0,0,0,0,0,0,0,0,0,0,0,0,0,0,0,1419,0,0,0,0,0,0,0,0,,,,,,,,,,,,,,0,,,,,,,,,,,,,,,,,,,,,,,,,,,,,,,,,,,,,,,
585,Weird Land Creature,293,1164,0,0,0,0,0,0,0,0,100,75,1,43,0,0,0,0,0,1,0,0,0,0,0,0,0,0,0,0,0,0,0,0,0,0,1419,0,0,0,0,0,0,0,0,,,,,,,,,,,,,,0,,,,,,,,,,,,,,,,,,,,,,,,,,,,,,,,,,,,,,,
586,Weird Sea Creature,294,1165,0,0,0,0,0,0,0,0,100,75,1,43,0,0,0,0,0,1,0,0,0,0,0,0,0,0,0,0,0,0,0,0,0,0,1419,0,0,0,0,0,0,0,0,,,,,,,,,,,,,,0,,,,,,,,,,,,,,,,,,,,,,,,,,,,,,,,,,,,,,,
587,Ant,230,1166,0,0,0,0,0,0,0,0,100,85,1,14,0,0,0,0,0,1,0,0,0,0,0,0,0,0,0,0,0,0,0,0,0,0,1419,0,0,0,0,0,0,0,0,,,,,,,,,,,,,,0,,,,,,,,,,,,,,,,,,,,,,,,,,,,,,,,,,,,,,,
588,Cave Goblin King,246,1167,0,0,0,0,0,0,0,0,120,80,1,31,0,0,0,0,0,0,0,0,0,0,0,0,0,0,0,0,0,0,0,0,0,0,1419,0,0,0,0,0,0,0,0,,,,,,,,,,,,,,1,,,,,,,,,,,,,,,,,,,,,,,,,,,,,,,,,,,,,,,
589,Cave Goblin Shaman,246,1168,0,0,0,0,0,0,0,0,120,80,1,31,0,0,0,0,0,0,0,0,0,0,0,0,0,0,0,0,0,0,0,0,0,0,1419,0,0,0,0,0,0,0,0,,,,,,,,,,,,,,1,,,,,,,,,,,,,,,,,,,,,,,,,,,,,,,,,,,,,,,
590,blue crab,286,1170,0,0,0,0,0,0,0,0,30,80,1,14,0,0,0,0,0,1,0,0,0,0,0,0,0,0,0,0,0,0,0,0,0,0,1419,0,0,0,0,0,0,0,0,,,,,,,,,,,,,,0,,,,,,,,,,,,,,,,,,,,,,,,,,,,,,,,,,,,,,,
591,rock crab,286,1171,0,0,0,0,0,0,0,0,30,80,1,14,0,0,0,0,0,1,0,0,0,0,0,0,0,0,0,0,0,0,0,0,0,0,1419,0,0,0,0,0,0,0,0,,,,,,,,,,,,,,0,,,,,,,,,,,,,,,,,,,,,,,,,,,,,,,,,,,,,,,
592,sand crab,286,1172,0,0,0,0,0,0,0,0,30,80,1,14,0,0,0,0,0,1,0,0,0,0,0,0,0,0,0,0,0,0,0,0,0,0,1419,0,0,0,0,0,0,0,0,,,,,,,,,,,,,,0,,,,,,,,,,,,,,,,,,,,,,,,,,,,,,,,,,,,,,,
593,Black Widow Crab,286,1173,0,0,0,0,0,0,0,0,30,80,1,14,0,0,0,0,0,1,0,0,0,0,0,0,0,0,0,0,0,0,0,0,0,0,1419,0,0,0,0,0,0,0,0,,,,,,,,,,,,,,0,,,,,,,,,,,,,,,,,,,,,,,,,,,,,,,,,,,,,,,
594,Rocky Frog,231,1174,0,0,0,0,0,0,0,0,100,50,1,52,0,0,0,0,0,1,0,0,0,0,0,0,0,0,0,0,0,0,0,0,0,0,1419,0,0,0,0,0,0,0,0,,,,,,,,,,,,,,0,,,,,,,,,,,,,,,,,,,,,,,,,,,,,,,,,,,,,,,
595,frostbitten huldu,235,1175,0,0,0,0,0,0,0,0,100,50,1,17,0,0,0,0,0,0,0,0,0,0,0,0,0,0,0,0,0,0,0,0,0,0,1419,0,0,0,0,0,0,0,0,,,,,,,,,,,,,,0,,,,,,,,,,,,,,,,,,,,,,,,,,,,,,,,,,,,,,,
596,frostbitten brownie,227,1175,0,0,0,0,0,0,0,0,100,50,1,17,0,0,0,0,0,0,0,0,0,0,0,0,0,0,0,0,0,0,0,0,0,0,1419,0,0,0,0,0,0,0,0,,,,,,,,,,,,,,0,,,,,,,,,,,,,,,,,,,,,,,,,,,,,,,,,,,,,,,
597,Rock Lizard,223,1176,0,0,0,0,0,0,0,0,100,85,1,18,0,0,0,0,0,1,0,0,0,0,0,0,0,0,0,0,0,0,0,0,0,0,1419,0,0,0,0,0,0,0,0,,,,,,,,,,,,,,0,,,,,,,,,,,,,,,,,,,,,,,,,,,,,,,,,,,,,,,
598,Forest Scorpion,287,1177,0,0,0,0,0,0,0,0,30,80,1,14,0,0,0,0,0,1,0,0,0,0,0,0,0,0,0,0,0,0,0,0,0,0,1419,0,0,0,0,0,0,0,0,,,,,,,,,,,,,,0,,,,,,,,,,,,,,,,,,,,,,,,,,,,,,,,,,,,,,,
599,Rock Scoprion,287,1178,0,0,0,0,0,0,0,0,30,80,1,14,0,0,0,0,0,1,0,0,0,0,0,0,0,0,0,0,0,0,0,0,0,0,1419,0,0,0,0,0,0,0,0,,,,,,,,,,,,,,0,,,,,,,,,,,,,,,,,,,,,,,,,,,,,,,,,,,,,,,
600,Alternate Troglodyte,228,1179,0,0,0,0,0,0,0,0,150,75,1,3,0,0,0,0,0,0,0,0,0,0,0,0,0,0,0,0,0,0,0,0,0,0,1419,0,0,0,0,0,0,0,0,,,,,,,,,,,,,,0,,,,,,,,,,,,,,,,,,,,,,,,,,,,,,,,,,,,,,,
601,Stone Scrag,263,1182,0,0,0,0,0,0,0,0,120,70,1,3,0,0,0,0,0,0,0,0,0,0,0,0,0,0,0,0,0,0,0,0,0,0,1419,0,0,0,0,0,0,0,0,,,,,,,,,,,,,,0,,,,,,,,,,,,,,,,,,,,,,,,,,,,,,,,,,,,,,,
602,Ice Cyclops,232,1181,0,0,0,0,0,0,0,0,200,150,1,29,0,0,0,0,0,0,0,0,0,0,0,0,0,0,0,0,0,0,0,0,0,0,1419,0,0,0,0,0,0,0,0,,,,,,,,,,,,,,1,,,,,,,,,,,,,,,,,,,,,,,,,,,,,,,,,,,,,,,
603,Pixie,295,1183,0,0,0,0,0,0,0,0,25,40,0,40,0,0,0,0,0,0,0,0,0,0,0,0,0,0,0,0,50,62,0,0,0,0,1419,0,0,0,0,0,0,0,0,,,,,,,,,,,,,,1,,,,,,,,,,,,,,,,,,,,,,,,,,,,,,,,,,,,,,,
604,Ambient Diseased Rat,288,1147,0,0,0,0,0,0,0,0,100,65,-1,3,0,0,0,0,0,1,0,0,0,0,0,0,0,0,0,0,0,0,0,0,0,0,1419,0,0,0,0,0,0,0,0,,,,,,,,,,,,,,0,,,,,,,,,,,,,,,,,,,,,,,,,,,,,,,,,,,,,,,
605,Winged Demon,297,1187,0,0,0,0,0,0,0,0,100,100,1,44,0,0,0,0,0,0,0,0,0,0,0,0,0,0,0,0,0,0,140,0,0,0,1419,0,0,0,0,0,0,0,0,,,,,,,,,,,,,,0,,,,,,,,,,,,,,,,,,,,,,,,,,,,,,,,,,,,,,,
606,Imp,298,1188,0,0,0,0,0,0,0,0,50,60,1,46,0,0,0,0,0,0,0,0,0,0,0,0,0,0,0,0,0,0,75,0,0,0,1419,0,0,0,0,0,0,0,0,,,,,,,,,,,,,,1,,,,,,,,,,,,,,,,,,,,,,,,,,,,,,,,,,,,,,,
607,Afanc,299,1190,1189,0,0,0,0,0,0,0,100,200,1,48,0,0,0,0,0,1,0,0,0,0,0,0,0,0,0,0,0,0,0,200,0,0,1419,0,0,0,0,0,0,0,0,,,,,,,,,,,,,,0,,,,,,,,,,,,,,,,,,,,,,,,,,,,,,,,,,,,,,,
608,afanc baby,300,1191,0,0,0,0,0,0,0,0,100,200,1,47,0,0,0,0,0,1,0,0,0,0,0,0,0,0,0,0,0,0,0,200,0,0,1419,0,0,0,0,0,0,0,0,,,,,,,,,,,,,,0,,,,,,,,,,,,,,,,,,,,,,,,,,,,,,,,,,,,,,,
609,Rock Ogre Boss,301,1192,0,0,0,0,0,0,0,0,200,140,1,34,0,0,0,0,0,0,0,0,0,0,0,0,0,0,0,0,0,0,0,0,0,0,1419,0,0,0,0,0,0,0,0,,,,,,,,,,,,,,1,,,,,,,,,,,,,,,,,,,,,,,,,,,,,,,,,,,,,,,
610,mid level rock ogre,301,1193,0,0,0,0,0,0,0,0,200,140,1,34,0,0,0,0,0,0,0,0,0,0,0,0,0,0,0,0,0,0,0,0,0,0,1419,0,0,0,0,0,0,0,0,,,,,,,,,,,,,,1,,,,,,,,,,,,,,,,,,,,,,,,,,,,,,,,,,,,,,,
611,Rock Ogre flunky,301,1194,0,0,0,0,0,0,0,0,200,140,1,34,0,0,0,0,0,0,0,0,0,0,0,0,0,0,0,0,0,0,0,0,0,0,1419,0,0,0,0,0,0,0,0,,,,,,,,,,,,,,1,,,,,,,,,,,,,,,,,,,,,,,,,,,,,,,,,,,,,,,
612,Midgard Wolf Dragon - Revamped,935,6988,6987,0,0,0,0,0,0,0,200,200,1,49,0,0,0,0,0,1,0,0,0,0,0,0,0,0,0,0,0,0,0,200,0,0,0,0,0,0,0,0,0,0,0,,,,,,,,,,,,,,,,,,,,,,,,,,,,,,,,,,,,,,,,,,,,,,,,,,,,,
613,Hibernian Glimmer Dragon - Revamped,937,6991,6993,0,0,0,0,0,0,0,200,200,1,51,0,0,0,0,0,1,0,0,0,0,0,6992,0,0,0,0,0,0,0,200,0,6990,0,0,0,0,0,0,0,0,0,,,,,,,,,,,,,,0,,,,,,,,,,,,,,,,,,,,,,,,,,,,,,,,,,,,,,,
614,Albion Stone Dragon - Revamped,934,6984,6985,0,0,0,0,0,0,0,200,200,1,50,0,0,0,0,0,1,0,0,0,0,0,0,0,0,0,0,0,0,0,200,0,6986,0,0,0,0,0,0,0,0,0,,,,,,,,,,,,,,,,,,,,,,,,,,,,,,,,,,,,,,,,,,,,,,,,,,,,,
615,Rock Giant (Revamped),940,6997,0,0,0,0,6998,0,0,0,100,70,1,29,0,0,0,0,0,0,0,0,0,0,0,7012,0,0,0,0,0,0,0,0,0,0,1419,0,0,0,0,0,0,0,0,,,,,,,,,,,,,,1,,,,,,1,,,,,,,,,,,,,,,,,,,,,,,,,,,,,,,,,
616,Alternate Rock Giant /w Armor (Revamp),940,6996,0,0,0,0,6998,0,0,0,100,70,1,29,0,0,0,0,0,0,0,0,0,0,0,7012,0,0,0,0,0,0,0,0,0,0,1419,0,0,0,0,0,0,0,0,,,,,,,,,,,,,,1,,,,,,1,,,,,,,,,,,,,,,,,,,,,,,,,,,,,,,,,
617,Scaley werewolf leader - Revamped,249,1201,0,0,0,0,0,0,0,0,110,80,1,33,0,0,0,0,0,0,0,0,0,0,0,0,1,1,0,0,0,0,0,0,0,0,1419,0,0,0,0,0,0,0,0,,,,,,,,,,,,,,1,1,,,,,,,,,,,,,,,,,,,,,,,,,,,,,,,,,,,,,,
618,Revamped Glimmer Caster 1,951,7000,7007,0,0,0,0,0,0,0,100,100,1,38,0,0,0,0,0,0,0,100,0,0,0,7001,0,0,0,0,0,0,0,0,0,7008,0,0,0,0,0,0,0,0,100,,,,,,,,,,,,,,1,,,,,,,,,,,,,,,,,,,,,,,,,,,,,,,,,,,,,,,
619,Glimmer Ghoul,952,7009,0,0,0,0,0,0,0,0,115,80,1,16,0,0,0,0,0,0,0,0,0,0,0,7010,0,0,0,0,0,0,0,0,0,0,1419,0,0,0,0,0,0,0,0,,,,,,,,,,,,,,1,,,,,,,,,,,,,,,,,,,,,,,,,,,,,,,,,,,,,,,
620,Glimmer Knight 1(Revamped),943,7000,0,0,0,0,0,0,0,0,120,95,1,37,0,0,0,0,0,0,0,100,0,95,0,7001,0,0,0,0,0,0,0,0,0,0,1419,0,0,0,0,0,0,0,100,,,,,,,,,,,,,,1,,,,,,,,,,,,,,,,,,,,,,,,,,,,,,,,,,,,,,,
621,Svartalf Male,306,1208,0,0,0,0,0,0,0,0,108,85,1,22,0,0,0,0,0,0,0,100,0,95,0,0,0,0,0,0,0,0,0,0,0,0,1419,0,0,0,0,0,0,0,100,,,,,,,,,,,,,,1,,,,,,,,,,,,,,,,,,,,,,,,,,,,,,,,,,,,,,,
622,Svartalf fe-Male,311,1223,0,0,0,0,0,0,0,0,108,85,1,23,0,0,0,0,0,0,0,100,0,95,0,0,0,0,0,0,0,0,0,0,0,0,1419,0,0,0,0,0,0,0,100,,,,,,,,,,,,,,1,,,,,,,,,,,,,,,,,,,,,,,,,,,,,,,,,,,,,,,
623,Bat (Player Illusion),970,7032,0,0,0,0,0,0,0,0,100,25,1,0,0,0,0,0,0,0,0,0,0,0,0,0,0,0,0,0,0,0,0,0,0,0,0,0,0,0,0,0,0,0,0,,,,,,,,,,,,,,,,,,,,,,,,,,,,,,,,,,,,,,,,,,,,,,,,,,,,,
624,Scaley Werewolf Shaman - Revamped,249,1202,0,0,0,0,0,0,0,0,110,80,1,33,0,0,0,0,0,0,0,0,0,0,0,0,1,1,0,0,0,0,0,0,0,0,1419,0,0,0,0,0,0,0,0,,,,,,,,,,,,,,1,1,,,,,,,,,,,,,,,,,,,,,,,,,,,,,,,,,,,,,,
625,Scaley werewolf Soldier - Revamped,249,1203,0,0,0,0,0,0,0,0,110,80,1,33,0,0,0,0,0,0,0,0,0,0,0,0,1,1,0,0,0,0,0,0,0,0,1419,0,0,0,0,0,0,0,0,,,,,,,,,,,,,,1,1,,,,,,,,,,,,,,,,,,,,,,,,,,,,,,,,,,,,,,
626,Wolf with Lizard Tail,305,1207,0,0,0,0,0,0,0,0,100,65,1,15,0,0,0,0,0,0,0,0,0,0,0,0,0,0,0,0,0,0,0,0,0,0,1419,0,0,0,0,0,0,0,0,,,,,,,,,,,,,,0,,,,,,,,,,,,,,,,,,,,,,,,,,,,,,,,,,,,,,,
627,Revamped Glimmer Caster 2 (Same as GC 1),951,7000,7007,0,0,0,0,0,0,0,100,100,1,38,0,0,0,0,0,0,0,100,0,0,0,7001,0,0,0,0,0,0,0,0,0,7008,0,0,0,0,0,0,0,0,100,,,,,,,,,,,,,,1,,,,,,,,,,,,,,,,,,,,,,,,,,,,,,,,,,,,,,,
628,Glimmer Knight 2(Revamped) Same as Icon 618,943,7000,0,0,0,0,0,0,0,0,120,95,1,37,0,0,0,0,0,0,0,100,0,95,0,7001,0,0,0,0,0,0,0,0,0,0,1419,0,0,0,0,0,0,0,100,,,,,,,,,,,,,,1,,,,,,,,,,,,,,,,,,,,,,,,,,,,,,,,,,,,,,,
629,Ashmonger,227,1224,0,0,0,0,0,0,0,0,100,50,1,17,0,0,0,0,0,0,0,0,0,0,0,0,0,0,0,0,0,0,0,0,0,0,1419,0,0,0,0,0,0,0,0,,,,,,,,,,,,,,1,,,,,,,,,,,,,,,,,,,,,,,,,,,,,,,,,,,,,,,
630,Garden Pixie,295,1228,0,0,0,0,0,0,0,0,25,40,0,40,0,0,0,0,0,0,0,0,0,0,0,0,0,0,0,0,50,62,0,0,0,0,1419,0,0,0,0,0,0,0,0,,,,,,,,,,,,,,1,,,,,,,,,,,,,,,,,,,,,,,,,,,,,,,,,,,,,,,
631,Fair Pixie,295,1229,0,0,0,0,0,0,0,0,25,40,0,40,0,0,0,0,0,0,0,0,0,0,0,0,0,0,0,0,50,62,0,0,0,0,1419,0,0,0,0,0,0,0,0,,,,,,,,,,,,,,1,,,,,,,,,,,,,,,,,,,,,,,,,,,,,,,,,,,,,,,
632,Flower Pixie,295,1230,0,0,0,0,0,0,0,0,25,40,0,40,0,0,0,0,0,0,0,0,0,0,0,0,0,0,0,0,50,62,0,0,0,0,1419,0,0,0,0,0,0,0,0,,,,,,,,,,,,,,1,,,,,,,,,,,,,,,,,,,,,,,,,,,,,,,,,,,,,,,
633,Evil Pixie,295,1231,0,0,0,0,0,0,0,0,25,40,0,40,0,0,0,0,0,0,0,0,0,0,0,0,0,0,0,0,50,62,0,0,0,0,1419,0,0,0,0,0,0,0,0,,,,,,,,,,,,,,1,,,,,,,,,,,,,,,,,,,,,,,,,,,,,,,,,,,,,,,
634,Legion,312,1233,1233,1233,0,0,1234,0,0,0,100,200,1,53,0,0,0,0,0,0,0,0,0,0,0,1235,0,0,0,0,0,0,0,150,1237,1236,1419,0,0,0,0,0,0,0,0,,,,,,,,,,,,,,1,,,,,,,,,,,,,,,,,,,,,,,,,,,,,,,,,,,,,,,
635,Ash Demon,297,1238,0,0,0,0,0,0,0,0,100,100,1,44,0,0,0,0,0,0,0,0,0,0,0,0,0,0,0,0,0,0,120,0,0,0,1419,0,0,0,0,0,0,0,0,,,,,,,,,,,,,,1,,,,,,,,,,,,,,,,,,,,,,,,,,,,,,,,,,,,,,,
636,Fiery Demon,297,1239,0,0,0,0,0,0,0,0,100,100,1,44,0,0,0,0,0,0,0,0,0,0,0,0,0,0,0,0,0,0,120,0,0,0,1419,0,0,0,0,0,0,0,0,,,,,,,,,,,,,,1,,,,,,,,,,,,,,,,,,,,,,,,,,,,,,,,,,,,,,,
637,Demon Caster,308,1240,0,0,0,0,0,0,0,0,70,100,1,38,0,0,0,0,0,0,0,100,0,0,0,0,0,0,0,0,0,0,0,0,0,0,1419,0,0,0,0,0,0,0,100,,,,,,,,,,,,,,1,,,,,,,,,,,,,,,,,,,,,,,,,,,,,,,,,,,,,,,
638,Golden Imp,298,1241,0,0,0,0,0,0,0,0,50,60,1,46,0,0,0,0,0,0,0,100,0,0,0,0,0,0,0,0,0,0,75,0,0,0,1419,2,0,0,0,0,0,0,0,,,,,,,,,,,,,,1,,,,,,,,,,,,,,,,,,,,,,,,,,,,,,,,,,,,,,,
639,Red Imp,298,1242,0,0,0,0,0,0,0,0,50,60,1,46,0,0,0,0,0,0,0,100,0,0,0,0,0,0,0,0,0,0,75,0,0,0,1419,2,0,0,0,0,0,0,0,,,,,,,,,,,,,,1,,,,,,,,,,,,,,,,,,,,,,,,,,,,,,,,,,,,,,,
640,Fiery Scorpion,287,1243,0,0,0,0,0,0,0,0,30,80,1,14,0,0,0,0,0,1,0,0,0,0,0,0,0,0,0,0,0,0,0,0,0,0,1419,0,0,0,0,0,0,0,0,,,,,,,,,,,,,,0,,,,,,,,,,,,,,,,,,,,,,,,,,,,,,,,,,,,,,,
641,Fiery Spider,216,1244,0,0,0,0,0,0,0,0,100,65,1,14,0,0,0,0,0,1,0,0,0,0,0,0,0,0,0,0,0,0,0,0,0,0,1419,0,0,0,0,0,0,0,0,,,,,,,,,,,,,,0,,,,,,,,,,,,,,,,,,,,,,,,,,,,,,,,,,,,,,,
642,3 Headed Demon,313,1246,1247,1245,0,0,1248,0,0,0,100,100,1,55,0,0,0,0,0,0,0,0,0,0,0,0,0,0,0,0,0,0,0,0,0,0,1419,0,0,0,0,0,0,0,0,,,,,,,,,,,,,,0,,,,,,,,,,,,,,,,,,,,,,,,,,,,,,,,,,,,,,,
643,Hag,314,1249,0,0,0,0,0,0,0,0,100,135,1,58,0,0,0,0,0,0,0,0,0,0,0,0,0,0,0,0,0,0,0,0,0,0,1419,0,0,0,0,0,0,0,0,,,,,,,,,,,,,,1,,,,,,,,,,,,,,,,,,,,,,,,,,,,,,,,,,,,,,,
644,Succubus,315,1250,0,0,0,0,0,0,0,0,100,130,1,58,0,0,0,0,0,0,0,0,0,0,0,0,0,0,0,0,50,62,140,0,0,0,1419,0,0,0,0,0,0,0,0,,,,,,,,,,,,,,1,,,,,,1,,,,,,,,,,,,,,,,,,,,,,,,,,,,,,,,,
645,Demon Svartalf Male,306,1251,0,0,0,0,0,0,0,0,108,85,1,22,0,0,0,0,0,0,0,100,0,95,0,0,0,0,0,0,0,0,0,0,0,0,1419,0,0,0,0,0,0,0,100,,,,,,,,,,,,,,1,,,,,,,,,,,,,,,,,,,,,,,,,,,,,,,,,,,,,,,
646,demon Svartalf fe-Male,311,1252,0,0,0,0,0,0,0,0,108,85,1,23,0,0,0,0,0,0,0,100,0,95,0,0,0,0,0,0,0,0,0,0,0,0,1419,0,0,0,0,0,0,0,100,,,,,,,,,,,,,,1,,,,,,,,,,,,,,,,,,,,,,,,,,,,,,,,,,,,,,,
647,Wolf 2 Base,316,1253,0,0,0,0,0,0,0,0,100,65,1,15,0,0,0,0,0,0,0,0,0,0,0,0,0,0,0,0,0,0,0,0,0,0,1419,0,0,0,0,0,0,0,0,,,,,,,,,,,,,,0,,,,,,,,,,,,,,,,,,,,,,,,,,,,,,,,,,,,,,,
648,black wolf 2,316,1254,0,0,0,0,0,0,0,0,100,65,1,15,0,0,0,0,0,0,0,0,0,0,0,0,0,0,0,0,0,0,0,0,0,0,1419,0,0,0,0,0,0,0,0,,,,,,,,,,,,,,0,,,,,,,,,,,,,,,,,,,,,,,,,,,,,,,,,,,,,,,
649,demon wolf 2,316,1255,0,0,0,0,0,0,0,0,100,65,1,15,0,0,0,0,0,0,0,0,0,0,0,0,0,0,0,0,0,0,0,0,0,0,1419,0,0,0,0,0,0,0,0,,,,,,,,,,,,,,0,,,,,,,,,,,,,,,,,,,,,,,,,,,,,,,,,,,,,,,
650,white wolf 2,316,1256,0,0,0,0,0,0,0,0,100,65,1,15,0,0,0,0,0,0,0,0,0,0,0,0,0,0,0,0,0,0,0,0,0,0,1419,0,0,0,0,0,0,0,0,,,,,,,,,,,,,,0,,,,,,,,,,,,,,,,,,,,,,,,,,,,,,,,,,,,,,,
651,zombie wolf 2,316,1257,0,0,0,0,0,0,0,0,100,65,1,15,0,0,0,0,0,0,0,0,0,0,0,0,0,0,0,0,0,0,0,0,0,0,1419,0,0,0,0,0,0,0,0,,,,,,,,,,,,,,0,,,,,,,,,,,,,,,,,,,,,,,,,,,,,,,,,,,,,,,
652,Dark Knight ,317,1259,1258,0,0,0,0,0,0,0,100,85,1,8,0,0,0,0,0,0,0,100,0,102,0,0,0,0,0,0,0,0,0,0,0,0,1419,0,0,0,0,0,0,0,100,,,,,,,,,,,,,,1,,,,,,,,,,,,,,,,,,,,,,,,,,,,,,,,,,,,,,,
653,Glowing Demon Knight,318,1260,0,0,0,0,0,0,0,0,120,95,1,44,0,0,0,0,0,0,0,100,0,95,0,1261,0,0,0,0,0,0,0,0,0,0,1419,0,0,0,0,0,0,0,100,,,,,,,,,,,,,,1,,,,,,,,,,,,,,,,,,,,,,,,,,,,,,,,,,,,,,,
654,Huge Worm,233,151,0,0,0,0,0,0,0,0,300,70,1,3,0,0,0,0,0,1,0,0,0,0,0,0,0,0,0,0,0,0,0,0,0,0,1419,0,0,0,0,0,0,0,0,,,,,,,,,,,,,,0,,,,,,,,,,,,,,,,,,,,,,,,,,,,,,,,,,,,,,,
655,Wraith,319,1262,0,0,0,0,0,0,0,0,100,170,1,59,0,0,0,0,0,0,0,0,0,0,0,0,0,0,0,0,0,0,0,0,0,0,1419,0,0,0,0,0,0,0,0,,,,,,,,,,,,,,0,,,,,,,,,,,,,,,,,,,,,,,,,,,,,,,,,,,,,,,
656,Demon Wraith,319,1263,0,0,0,0,0,0,0,0,100,170,1,59,0,0,0,0,0,0,0,0,0,0,0,0,0,0,0,0,0,0,0,0,0,0,1419,0,0,0,0,0,0,0,0,,,,,,,,,,,,,,1,,,,,,,,,,,,,,,,,,,,,,,,,,,,,,,,,,,,,,,
657,Standard Hulker,320,1264,0,0,0,0,0,0,0,0,100,70,1,57,0,0,0,0,0,0,0,0,0,0,0,0,0,0,0,0,0,0,0,0,0,0,1419,0,0,0,0,0,0,0,0,,,,,,,,,,,,,,1,,,,,,,,,,,,,,,,,,,,,,,,,,,,,,,,,,,,,,,
658,Locust Head,321,1266,1265,1268,0,0,1267,0,0,0,100,75,1,54,0,0,0,0,0,0,0,0,0,0,0,0,0,0,0,0,0,0,0,0,0,0,1419,2,0,0,0,0,0,0,0,,,,,,,,,,,,,,1,,,,,,,,,,,,,,,,,,,,,,,,,,,,,,,,,,,,,,,
659,Legless Zombie 1,342,1269,0,0,0,0,0,0,0,0,100,70,1,16,0,0,0,0,0,0,0,0,0,0,0,0,0,0,0,0,0,0,0,0,0,0,1419,0,0,0,0,0,0,0,0,,,,,,,,,,,,,,0,,,,,,,,,,,,,,,,,,,,,,,,,,,,,,,,,,,,,,,
660,Legless Zombie 2,342,1270,0,0,0,0,0,0,0,0,100,70,1,16,0,0,0,0,0,0,0,0,0,0,0,0,0,0,0,0,0,0,0,0,0,0,1419,0,0,0,0,0,0,0,0,,,,,,,,,,,,,,0,,,,,,,,,,,,,,,,,,,,,,,,,,,,,,,,,,,,,,,
661,Hulker Boss,320,1272,0,0,0,0,0,0,0,0,100,70,1,57,0,0,0,0,0,0,0,0,0,0,0,0,0,0,0,0,0,0,0,0,0,0,1419,0,0,0,0,0,0,0,0,,,,,,,,,,,,,,1,,,,,,,,,,,,,,,,,,,,,,,,,,,,,,,,,,,,,,,
662,Hulker 2,320,1271,0,0,0,0,0,0,0,0,100,70,1,57,0,0,0,0,0,0,0,0,0,0,0,0,0,0,0,0,0,0,0,0,0,0,1419,0,0,0,0,0,0,0,0,,,,,,,,,,,,,,1,,,,,,,,,,,,,,,,,,,,,,,,,,,,,,,,,,,,,,,
663,Hulker 3,320,1273,0,0,0,0,0,0,0,0,100,70,1,57,0,0,0,0,0,0,0,0,0,0,0,0,0,0,0,0,0,0,0,0,0,0,1419,0,0,0,0,0,0,0,0,,,,,,,,,,,,,,1,,,,,,,,,,,,,,,,,,,,,,,,,,,,,,,,,,,,,,,
664,Demon Hag,314,1274,0,0,0,0,0,0,0,0,100,135,1,58,0,0,0,0,0,0,0,0,0,0,0,0,0,0,0,0,0,0,0,0,0,0,1419,0,0,0,0,0,0,0,0,,,,,,,,,,,,,,1,,,,,,,,,,,,,,,,,,,,,,,,,,,,,,,,,,,,,,,
665,Invisible Warrior (Part 2),322,1,0,0,0,0,0,0,0,0,100,80,1,0,0,0,0,0,0,0,0,100,0,102,0,0,0,0,0,0,0,0,0,0,0,0,1419,0,0,0,0,0,0,0,100,,,,,,,,,,,,,,0,,,,,,,,,,,,,,,,,,,,,,,,,,,,,,,,,,,,,,,
666,Invisible Warrior (Spell FX),322,1,0,0,0,0,0,0,0,0,100,80,-1,0,0,0,0,0,0,0,0,100,0,102,0,0,0,0,0,0,0,0,0,0,0,0,1419,0,0,0,0,0,0,0,100,,,,,,,,,,,,,,0,,,,,,,,,,,,,,,,,,,,,,,,,,,,,,,,,,,,,,,
667,Invisible Warrior,322,1,0,0,0,0,0,0,0,0,100,80,1,0,0,0,0,0,0,0,0,100,0,102,0,0,0,0,0,0,0,0,0,0,0,0,1419,0,0,0,0,0,0,0,100,,,,,,,,,,,,,,0,,,,,,,,,,,,,,,,,,,,,,,,,,,,,,,,,,,,,,,
668,Beetle(Green),323,1275,0,0,0,0,0,0,0,0,40,80,1,14,0,0,0,0,0,1,0,0,0,0,0,0,0,0,0,0,0,0,0,0,0,0,1419,0,0,0,0,0,0,0,0,,,,,,,,,,,,,,0,,,,,,,,,,,,,,,,,,,,,,,,,,,,,,,,,,,,,,,
669,Beetle(Orange),323,1276,0,0,0,0,0,0,0,0,40,80,1,14,0,0,0,0,0,1,0,0,0,0,0,0,0,0,0,0,0,0,0,0,0,0,1419,0,0,0,0,0,0,0,0,,,,,,,,,,,,,,0,,,,,,,,,,,,,,,,,,,,,,,,,,,,,,,,,,,,,,,
670,Beetle(Blue),323,1277,0,0,0,0,0,0,0,0,40,80,1,14,0,0,0,0,0,1,0,0,0,0,0,0,0,0,0,0,0,0,0,0,0,0,1419,0,0,0,0,0,0,0,0,,,,,,,,,,,,,,0,,,,,,,,,,,,,,,,,,,,,,,,,,,,,,,,,,,,,,,
671,Gnome(Standard),324,1278,0,0,0,0,0,0,0,0,100,50,1,22,0,0,0,0,0,0,0,60,0,0,0,0,0,0,0,0,0,0,0,0,0,0,1419,0,0,0,0,0,0,0,60,,,,,,,,,,,,,,1,,,,,,,,,,,,,,,,,,,,,,,,,,,,,,,,,,,,,,,
672,Gnome(Variation),324,1279,0,0,0,0,0,0,0,0,100,50,1,22,0,0,0,0,0,0,0,60,0,0,0,0,0,0,0,0,0,0,0,0,0,0,1419,0,0,0,0,0,0,0,60,,,,,,,,,,,,,,1,,,,,,,,,,,,,,,,,,,,,,,,,,,,,,,,,,,,,,,
673,Gnome(Evil),324,1280,0,0,0,0,0,0,0,0,100,50,1,22,0,0,0,0,0,0,0,60,0,0,0,0,0,0,0,0,0,0,0,0,0,0,1419,0,0,0,0,0,0,0,60,,,,,,,,,,,,,,1,,,,,,,,,,,,,,,,,,,,,,,,,,,,,,,,,,,,,,,
674,Human Diseased 1(Low),268,1281,0,0,0,0,0,0,0,0,95,75,1,8,0,0,0,0,0,0,0,0,0,0,0,0,0,0,0,0,0,0,0,0,0,0,1419,0,0,0,0,0,0,0,0,,,,,,,,,,,,,,1,,,,,,,,,,,,,,,,,,,,,,,,,,,,,,,,,,,,,,,
675,Human Diseased 2(Low),269,1282,0,0,0,0,0,0,0,0,95,75,1,8,0,0,0,0,0,0,0,0,0,0,0,0,0,0,0,0,0,0,0,0,0,0,1419,0,0,0,0,0,0,0,0,,,,,,,,,,,,,,1,,,,,,,,,,,,,,,,,,,,,,,,,,,,,,,,,,,,,,,
676,Human Diseased 3(High),270,1281,0,0,0,0,0,0,0,0,95,75,1,8,0,0,0,0,0,0,0,0,0,0,0,0,0,0,0,0,0,0,0,0,0,0,1419,0,0,0,0,0,0,0,0,,,,,,,,,,,,,,1,,,,,,,,,,,,,,,,,,,,,,,,,,,,,,,,,,,,,,,
677,Human Diseased 4(High),271,1282,0,0,0,0,0,0,0,0,95,73,1,8,0,0,0,0,0,0,0,0,0,0,0,0,0,0,0,0,0,0,0,0,0,0,1419,0,0,0,0,0,0,0,0,,,,,,,,,,,,,,1,,,,,,,,,,,,,,,,,,,,,,,,,,,,,,,,,,,,,,,
678,Pixie Anger,295,1283,0,0,0,0,0,0,0,0,25,40,1,40,0,0,0,0,0,0,0,0,0,0,0,0,0,0,0,0,50,62,0,0,0,0,1419,0,0,0,0,0,0,0,0,,,,,,,,,,,,,,1,,,,,,,,,,,,,,,,,,,,,,,,,,,,,,,,,,,,,,,
679,Pixie Fair,295,1284,0,0,0,0,0,0,0,0,25,40,1,40,0,0,0,0,0,0,0,0,0,0,0,0,0,0,0,0,50,62,0,0,0,0,1419,0,0,0,0,0,0,0,0,,,,,,,,,,,,,,1,,,,,,,,,,,,,,,,,,,,,,,,,,,,,,,,,,,,,,,
680,Zombie Male Firby,325,1285,0,0,0,0,0,0,0,0,135,105,1,7,0,0,0,0,0,0,0,0,0,0,0,0,0,0,0,0,0,0,0,0,0,0,1419,0,0,0,0,0,0,0,0,,,,,,,,,,,,,,1,,,,,,,,,,,,,,,,,,,,,,,,,,,,,,,,,,,,,,,
681,Zombie Female Firby,326,1286,0,0,0,0,0,0,0,0,130,102,1,10,0,0,0,0,0,0,0,0,0,0,0,0,0,0,0,0,0,0,0,0,0,0,1419,0,0,0,0,0,0,0,0,,,,,,,,,,,,,,1,,,,,,,,,,,,,,,,,,,,,,,,,,,,,,,,,,,,,,,
682,Zombie Kobold Female,327,1287,0,0,0,0,0,0,0,0,70,60,1,28,0,0,0,0,0,0,0,0,0,0,0,0,0,0,0,0,0,0,0,0,0,0,1419,0,0,0,0,0,0,0,0,,,,,,,,,,,,,,1,,,,,,,,,,,,,,,,,,,,,,,,,,,,,,,,,,,,,,,
683,Zombie Kobold Male,328,1287,0,0,0,0,0,0,0,0,70,60,1,27,0,0,0,0,0,0,0,0,0,0,0,0,0,0,0,0,0,0,0,0,0,0,1419,0,0,0,0,0,0,0,0,,,,,,,,,,,,,,1,,,,,,,,,,,,,,,,,,,,,,,,,,,,,,,,,,,,,,,
684,Praying Mantis (Normal),329,1289,0,0,0,0,0,0,0,0,100,135,1,101,0,0,0,0,0,1,0,0,0,0,0,0,0,0,0,0,0,0,0,0,0,0,1419,0,0,0,0,0,0,0,0,,,,,,,,,,,,,,0,,,,,,,,,,,,,,,,,,,,,,,,,,,,,,,,,,,,,,,
685,Praying Mantis (Green),329,1290,0,0,0,0,0,0,0,0,100,135,1,101,0,0,0,0,0,1,0,0,0,0,0,0,0,0,0,0,0,0,0,0,0,0,1419,0,0,0,0,0,0,0,0,,,,,,,,,,,,,,0,,,,,,,,,,,,,,,,,,,,,,,,,,,,,,,,,,,,,,,
686,Praying Mantis (Red),329,1291,0,0,0,0,0,0,0,0,100,135,1,101,0,0,0,0,0,1,0,0,0,0,0,0,0,0,0,0,0,0,0,0,0,0,1419,0,0,0,0,0,0,0,0,,,,,,,,,,,,,,0,,,,,,,,,,,,,,,,,,,,,,,,,,,,,,,,,,,,,,,
687,Primitive,330,1292,0,0,0,0,0,0,0,0,100,74,1,102,0,0,0,0,0,0,0,0,0,0,0,0,0,0,0,0,0,0,0,0,0,0,1419,0,0,0,0,0,0,0,0,,,,,,,,,,,,,,1,,,,,,,,,,,,,,,,,,,,,,,,,,,,,,,,,,,,,,,
688,Two  Headed Wolf (Normal),331,1293,0,0,0,0,0,0,0,0,100,66,1,15,0,0,0,0,0,0,0,0,0,0,0,0,0,0,0,0,0,0,0,0,0,0,1419,0,0,0,0,0,0,0,0,,,,,,,,,,,,,,0,,,,,,,,,,,,,,,,,,,,,,,,,,,,,,,,,,,,,,,
689,Two  Headed Wolf (Black),331,1294,0,0,0,0,0,0,0,0,100,66,1,15,0,0,0,0,0,0,0,0,0,0,0,0,0,0,0,0,0,0,0,0,0,0,1419,0,0,0,0,0,0,0,0,,,,,,,,,,,,,,0,,,,,,,,,,,,,,,,,,,,,,,,,,,,,,,,,,,,,,,
690,Two  Headed Wolf (Demon),331,1295,0,0,0,0,0,0,0,0,100,66,1,15,0,0,0,0,0,0,0,0,0,0,0,0,0,0,0,0,0,0,0,0,0,0,1419,0,0,0,0,0,0,0,0,,,,,,,,,,,,,,0,,,,,,,,,,,,,,,,,,,,,,,,,,,,,,,,,,,,,,,
691,Two  Headed Wolf (White),331,1296,0,0,0,0,0,0,0,0,100,66,1,15,0,0,0,0,0,0,0,0,0,0,0,0,0,0,0,0,0,0,0,0,0,0,1419,0,0,0,0,0,0,0,0,,,,,,,,,,,,,,0,,,,,,,,,,,,,,,,,,,,,,,,,,,,,,,,,,,,,,,
692,Two  Headed Wolf (Zombie),331,1297,0,0,0,0,0,0,0,0,100,66,1,15,0,0,0,0,0,0,0,0,0,0,0,0,0,0,0,0,0,0,0,0,0,0,1419,0,0,0,0,0,0,0,0,,,,,,,,,,,,,,0,,,,,,,,,,,,,,,,,,,,,,,,,,,,,,,,,,,,,,,
693,Sabertooth (Normal),332,1298,0,0,0,0,0,0,0,0,100,77,1,106,0,0,0,0,0,0,0,0,0,0,0,0,0,0,0,0,0,0,0,0,0,0,1419,0,0,0,0,0,0,0,0,,,,,,,,,,,,,,0,,,,,,,,,,,,,,,,,,,,,,,,,,,,,,,,,,,,,,,
694,Sabertooth (Cave Lion),332,1299,0,0,0,0,0,0,0,0,100,77,1,106,0,0,0,0,0,0,0,0,0,0,0,0,0,0,0,0,0,0,0,0,0,0,1419,0,0,0,0,0,0,0,0,,,,,,,,,,,,,,0,,,,,,,,,,,,,,,,,,,,,,,,,,,,,,,,,,,,,,,
695,Sabertooth (Striped),332,1300,0,0,0,0,0,0,0,0,100,77,1,106,0,0,0,0,0,0,0,0,0,0,0,0,0,0,0,0,0,0,0,0,0,0,1419,0,0,0,0,0,0,0,0,,,,,,,,,,,,,,0,,,,,,,,,,,,,,,,,,,,,,,,,,,,,,,,,,,,,,,
696,Winged Gryphon 1,333,1301,1302,0,0,0,0,0,0,0,100,180,1,82,0,0,0,0,0,0,0,0,0,0,0,0,0,0,0,0,0,0,0,0,0,0,1419,0,0,0,0,0,0,0,0,,,,,,,,,,,,,,0,,,,,,,,,,,,,,,,,,,,,,,,,,,,,,,,,,,,,,,
697,Succubus w/ no Z axis by default,315,1250,0,0,0,0,0,0,0,0,100,130,1,58,0,0,0,0,0,0,0,0,0,0,0,0,0,0,0,0,0,0,140,0,0,0,1419,0,0,0,0,0,0,0,0,,,,,,,,,,,,,,1,,,,,,1,,,,,,,,,,,,,,,,,,,,,,,,,,,,,,,,,
698,Wingless Gryphon (White),334,1303,0,0,0,0,0,0,0,0,100,77,1,83,0,0,0,0,0,0,0,0,0,0,0,0,0,0,0,0,0,0,0,0,0,0,1419,0,0,0,0,0,0,0,0,,,,,,,,,,,,,,0,,,,,,,,,,,,,,,,,,,,,,,,,,,,,,,,,,,,,,,
699,Wingless Gryphon (Black),334,1304,0,0,0,0,0,0,0,0,100,77,1,82,0,0,0,0,0,0,0,0,0,0,0,0,0,0,0,0,0,0,0,0,0,0,1419,0,0,0,0,0,0,0,0,,,,,,,,,,,,,,0,,,,,,,,,,,,,,,,,,,,,,,,,,,,,,,,,,,,,,,
700,Sylvan Male 1,346,1332,1339,1334,1335,1336,1337,1338,0,0,108,85,1,114,0,0,1326,14,1,0,0,100,0,100,2,0,1,1,0,0,0,0,0,0,0,0,1419,0,0,0,0,0,0,0,100,,,,,,,,,,,,,,1,,,,,,,616,3723,,3729,3725,3728,3726,3727,79,,9,1,1,,109,,,,,,,,,,,,,,,,,,
701,Sylvan Male 2,346,1332,1340,1334,1335,1336,1337,1338,0,0,108,85,1,114,0,0,1327,14,1,0,0,100,0,100,2,0,1,1,0,0,0,0,0,0,0,0,1419,0,0,0,0,0,0,0,100,,,,,,,,,,,,,,1,,,,,,,616,3723,,3730,3725,3728,3726,3727,79,,9,1,1,,109,,,,,,,,,,,,,,,,,,
702,Sylvan Male 3,346,1332,1341,1334,1335,1336,1337,1338,0,0,108,85,1,114,0,0,1326,14,2,0,0,100,0,100,2,0,1,1,0,0,0,0,0,0,0,0,1419,0,0,0,0,0,0,0,100,,,,,,,,,,,,,,1,,,,,,,616,3723,,3731,3725,3728,3726,3727,79,,9,1,1,,109,,,,,,,,,,,,,,,,,,
703,Sylvan Male 4,346,1332,1342,1334,1335,1336,1337,1338,0,0,108,85,1,114,0,0,1327,14,2,0,0,100,0,100,2,0,1,1,0,0,0,0,0,0,0,0,1419,0,0,0,0,0,0,0,100,,,,,,,,,,,,,,1,,,,,,,616,3723,,3732,3725,3728,3726,3727,79,,9,1,1,,109,,,,,,,,,,,,,,,,,,
704,Sylvan Male 5,346,1332,1343,1334,1335,1336,1337,1338,0,0,108,85,1,114,0,0,1328,14,1,0,0,100,0,100,2,0,1,1,0,0,0,0,0,0,0,0,1419,0,0,0,0,0,0,0,100,,,,,,,,,,,,,,1,,,,,,,616,3723,,3733,3725,3728,3726,3727,79,,9,1,1,,109,,,,,,,,,,,,,,,,,,
705,Sylvan Male 6,346,1332,1339,1334,1335,1336,1337,1338,0,0,108,85,1,114,0,0,1329,14,1,0,0,100,0,100,2,0,1,1,0,0,0,0,0,0,0,0,1419,0,0,0,0,0,0,0,100,,,,,,,,,,,,,,1,,,,,,,616,3723,,3734,3725,3728,3726,3727,79,,9,1,1,,109,,,,,,,,,,,,,,,,,,
706,Sylvan Male 7,346,1332,1340,1334,1335,1336,1337,1338,0,0,108,85,1,114,0,0,1328,14,2,0,0,100,0,100,2,0,1,1,0,0,0,0,0,0,0,0,1419,0,0,0,0,0,0,0,100,,,,,,,,,,,,,,1,,,,,,,616,3723,,3729,3725,3728,3726,3727,79,,9,1,1,,109,,,,,,,,,,,,,,,,,,
707,Sylvan Male 8,346,1332,1341,1334,1335,1336,1337,1338,0,0,108,85,1,114,0,0,1329,14,2,0,0,100,0,100,2,0,1,1,0,0,0,0,0,0,0,0,1419,0,0,0,0,0,0,0,100,,,,,,,,,,,,,,1,,,,,,,616,3723,,3730,3725,3728,3726,3727,79,,9,1,1,,109,,,,,,,,,,,,,,,,,,
708,Sylvan Female 1,347,1333,1339,1334,1335,1336,1337,1338,0,0,108,80,1,113,0,0,1320,14,1,0,1,100,0,85,2,0,1,1,0,0,0,0,0,0,0,0,1419,0,0,0,0,0,0,0,100,,,,,,,,,,,,,,1,,,,,,,617,3724,,3735,6236,3728,3726,3727,79,,10,1,1,,108,,,,,,,,,,,,,,,,,,
709,Sylvan Female 2,347,1333,1340,1334,1335,1336,1337,1338,0,0,108,80,1,113,0,0,1321,14,1,0,1,100,0,85,2,0,1,1,0,0,0,0,0,0,0,0,1419,0,0,0,0,0,0,0,100,,,,,,,,,,,,,,1,,,,,,,617,3724,,3736,6236,3728,3726,3727,79,,10,1,1,,108,,,,,,,,,,,,,,,,,,
710,Sylvan Female 3,347,1333,1341,1334,1335,1336,1337,1338,0,0,108,80,1,113,0,0,1320,14,2,0,1,100,0,85,2,0,1,1,0,0,0,0,0,0,0,0,1419,0,0,0,0,0,0,0,100,,,,,,,,,,,,,,1,,,,,,,617,3724,,3737,6236,3728,3726,3727,79,,10,1,1,,108,,,,,,,,,,,,,,,,,,
711,Sylvan Female 4,347,1333,1342,1334,1335,1336,1337,1338,0,0,108,80,1,113,0,0,1321,14,2,0,1,100,0,85,2,0,1,1,0,0,0,0,0,0,0,0,1419,0,0,0,0,0,0,0,100,,,,,,,,,,,,,,1,,,,,,,617,3724,,3738,6236,3728,3726,3727,79,,10,1,1,,108,,,,,,,,,,,,,,,,,,
712,Sylvan Female 5,347,1333,1343,1334,1335,1336,1337,1338,0,0,108,80,1,113,0,0,1322,14,1,0,1,100,0,85,2,0,1,1,0,0,0,0,0,0,0,0,1419,0,0,0,0,0,0,0,100,,,,,,,,,,,,,,1,,,,,,,617,3724,,3739,6236,3728,3726,3727,79,,10,1,1,,108,,,,,,,,,,,,,,,,,,
713,Sylvan Female 6,347,1333,1339,1334,1335,1336,1337,1338,0,0,108,80,1,113,0,0,1323,14,1,0,1,100,0,85,2,0,1,1,0,0,0,0,0,0,0,0,1419,0,0,0,0,0,0,0,100,,,,,,,,,,,,,,1,,,,,,,617,3724,,3740,6236,3728,3726,3727,79,,10,1,1,,108,,,,,,,,,,,,,,,,,,
714,Sylvan Female 7,347,1333,1340,1334,1335,1336,1337,1338,0,0,108,80,1,113,0,0,1322,14,2,0,1,100,0,85,2,0,1,1,0,0,0,0,0,0,0,0,1419,0,0,0,0,0,0,0,100,,,,,,,,,,,,,,1,,,,,,,617,3724,,3735,6236,3728,3726,3727,79,,10,1,1,,108,,,,,,,,,,,,,,,,,,
715,Sylvan Female 8,347,1333,1341,1334,1335,1336,1337,1338,0,0,108,80,1,113,0,0,1323,14,2,0,1,100,0,85,2,0,1,1,0,0,0,0,0,0,0,0,1419,0,0,0,0,0,0,0,100,,,,,,,,,,,,,,1,,,,,,,617,3724,,3736,6236,3728,3726,3727,79,,10,1,1,,108,,,,,,,,,,,,,,,,,,
716, Inconnu Male 1,348,1357,1021,1358,1359,1360,1361,1362,0,0,77,71,1,88,0,0,1350,5,1,0,0,100,1,139,0,0,1,1,0,0,0,0,0,0,0,0,1419,0,0,0,0,0,0,0,100,,,,,,,,,,,,,,1,,,,,,,604,3615,,3621,3617,3620,3618,3619,79,,9,,,,87,,,,,,,,,,,,,,,,,,
717, Inconnu Male 2,348,1357,1017,1358,1359,1360,1361,1362,0,0,77,71,1,88,0,0,1351,5,1,0,0,100,1,139,0,0,1,1,0,0,0,0,0,0,0,0,1419,0,0,0,0,0,0,0,100,,,,,,,,,,,,,,1,,,,,,,604,3615,,3622,3617,3620,3618,3619,79,,9,,,,87,,,,,,,,,,,,,,,,,,
718, Inconnu Male 3,348,1357,1029,1358,1359,1360,1361,1362,0,0,77,71,1,88,0,0,1350,5,2,0,0,100,1,139,0,0,1,1,0,0,0,0,0,0,0,0,1419,0,0,0,0,0,0,0,100,,,,,,,,,,,,,,1,,,,,,,604,3615,,3623,3617,3620,3618,3619,79,,9,,,,87,,,,,,,,,,,,,,,,,,
719, Inconnu Male 4,348,1357,1024,1358,1359,1360,1361,1362,0,0,77,71,1,88,0,0,1351,5,2,0,0,100,1,139,0,0,1,1,0,0,0,0,0,0,0,0,1419,0,0,0,0,0,0,0,100,,,,,,,,,,,,,,1,,,,,,,604,3615,,3624,3617,3620,3618,3619,79,,9,,,,87,,,,,,,,,,,,,,,,,,
720, Inconnu Male 5,348,1357,1024,1358,1359,1360,1361,1362,0,0,77,71,1,88,0,0,1352,5,1,0,0,100,1,139,0,0,1,1,0,0,0,0,0,0,0,0,1419,0,0,0,0,0,0,0,100,,,,,,,,,,,,,,1,,,,,,,604,3615,,3625,3617,3620,3618,3619,79,,9,,,,87,,,,,,,,,,,,,,,,,,
721, Inconnu Male 6,348,1357,1025,1358,1359,1360,1361,1362,0,0,77,71,1,88,0,0,1353,5,1,0,0,100,1,139,0,0,1,1,0,0,0,0,0,0,0,0,1419,0,0,0,0,0,0,0,100,,,,,,,,,,,,,,1,,,,,,,604,3615,,3626,3617,3620,3618,3619,79,,9,,,,87,,,,,,,,,,,,,,,,,,
722, Inconnu Male 7,348,1357,1021,1358,1359,1360,1361,1362,0,0,77,71,1,88,0,0,1352,5,2,0,0,100,1,139,0,0,1,1,0,0,0,0,0,0,0,0,1419,0,0,0,0,0,0,0,100,,,,,,,,,,,,,,1,,,,,,,604,3615,,3621,3617,3620,3618,3619,79,,9,,,,87,,,,,,,,,,,,,,,,,,
723, Inconnu Male 8,348,1357,1017,1358,1359,1360,1361,1362,0,0,77,71,1,88,0,0,1353,5,2,0,0,100,1,139,0,0,1,1,0,0,0,0,0,0,0,0,1419,0,0,0,0,0,0,0,100,,,,,,,,,,,,,,1,,,,,,,604,3615,,3622,3617,3620,3618,3619,79,,9,,,,87,,,,,,,,,,,,,,,,,,
724, Inconnu Female 1,349,1356,1021,1358,1359,1360,1361,1362,0,0,77,71,1,87,0,0,1344,5,1,0,1,100,1,136,4,0,1,1,0,0,0,0,0,0,0,0,1419,0,0,0,0,0,0,0,100,,,,,,,,,,,,,,1,,,,,,,605,3616,,3627,3617,3620,3618,3619,79,,10,,,,87,,,,,,,,,,,,,,,,,,
725, Inconnu Female 2,349,1356,1017,1358,1359,1360,1361,1362,0,0,77,71,1,87,0,0,1345,5,1,0,1,100,1,136,4,0,1,1,0,0,0,0,0,0,0,0,1419,0,0,0,0,0,0,0,100,,,,,,,,,,,,,,1,,,,,,,605,3616,,3628,3617,3620,3618,3619,79,,10,,,,87,,,,,,,,,,,,,,,,,,
726, Inconnu Female 3,349,1356,1029,1358,1359,1360,1361,1362,0,0,77,71,1,87,0,0,1344,5,2,0,1,100,1,136,4,0,1,1,0,0,0,0,0,0,0,0,1419,0,0,0,0,0,0,0,100,,,,,,,,,,,,,,1,,,,,,,605,3616,,3629,3617,3620,3618,3619,79,,10,,,,87,,,,,,,,,,,,,,,,,,
727, Inconnu Female 4,349,1356,1024,1358,1359,1360,1361,1362,0,0,77,71,1,87,0,0,1345,5,2,0,1,100,1,136,4,0,1,1,0,0,0,0,0,0,0,0,1419,0,0,0,0,0,0,0,100,,,,,,,,,,,,,,1,,,,,,,605,3616,,3630,3617,3620,3618,3619,79,,10,,,,87,,,,,,,,,,,,,,,,,,
728, Inconnu Female 5,349,1356,1024,1358,1359,1360,1361,1362,0,0,77,71,1,87,0,0,1346,5,1,0,1,100,1,136,4,0,1,1,0,0,0,0,0,0,0,0,1419,0,0,0,0,0,0,0,100,,,,,,,,,,,,,,1,,,,,,,605,3616,,3631,3617,3620,3618,3619,79,,10,,,,87,,,,,,,,,,,,,,,,,,
729, Inconnu Female 6,349,1356,1025,1358,1359,1360,1361,1362,0,0,77,71,1,87,0,0,1347,5,1,0,1,100,1,136,4,0,1,1,0,0,0,0,0,0,0,0,1419,0,0,0,0,0,0,0,100,,,,,,,,,,,,,,1,,,,,,,605,3616,,3632,3617,3620,3618,3619,79,,10,,,,87,,,,,,,,,,,,,,,,,,
730, Inconnu Female 7,349,1356,1021,1358,1359,1360,1361,1362,0,0,77,71,1,87,0,0,1346,5,2,0,1,100,1,136,4,0,1,1,0,0,0,0,0,0,0,0,1419,0,0,0,0,0,0,0,100,,,,,,,,,,,,,,1,,,,,,,605,3616,,3627,3617,3620,3618,3619,79,,10,,,,87,,,,,,,,,,,,,,,,,,
731, Inconnu Female 8,349,1356,1017,1358,1359,1360,1361,1362,0,0,77,71,1,87,0,0,1347,5,2,0,1,100,1,136,4,0,1,1,0,0,0,0,0,0,0,0,1419,0,0,0,0,0,0,0,100,,,,,,,,,,,,,,1,,,,,,,605,3616,,3628,3617,3620,3618,3619,79,,10,,,,87,,,,,,,,,,,,,,,,,,
732,Sylvan Shopkeeper Male 1,346,1332,1339,1334,1335,1336,1337,1338,0,0,108,85,1,114,0,0,1326,0,1,0,0,100,0,100,2,0,1,1,0,0,0,0,0,0,0,0,1419,0,0,0,0,0,0,0,100,,,,,,,,,,,,,,1,,,,,,,616,3723,,3730,3725,3728,3726,3727,79,,9,1,,,109,,,,,,,,,,,,,,,,,,
733,Sylvan Shopkeeper Male 2,346,1332,1340,1334,1335,1336,1337,1338,0,0,108,85,1,114,0,0,1327,0,1,0,0,100,0,100,2,0,1,1,0,0,0,0,0,0,0,0,1419,0,0,0,0,0,0,0,100,,,,,,,,,,,,,,1,,,,,,,616,3723,,3730,3725,3728,3726,3727,79,,9,1,,,109,,,,,,,,,,,,,,,,,,
734,Sylvan Shopkeeper Male 3,346,1332,1341,1334,1335,1336,1337,1338,0,0,108,85,1,114,0,0,1328,0,2,0,0,100,0,100,2,0,1,1,0,0,0,0,0,0,0,0,1419,0,0,0,0,0,0,0,100,,,,,,,,,,,,,,1,,,,,,,616,3723,,3730,3725,3728,3726,3727,79,,9,1,,,109,,,,,,,,,,,,,,,,,,
735,Sylvan Shopkeeper Male 4,346,1332,1342,1334,1335,1336,1337,1338,0,0,108,85,1,114,0,0,1329,0,2,0,0,100,0,100,2,0,1,1,0,0,0,0,0,0,0,0,1419,0,0,0,0,0,0,0,100,,,,,,,,,,,,,,1,,,,,,,616,3723,,3730,3725,3728,3726,3727,79,,9,1,,,109,,,,,,,,,,,,,,,,,,
736,Sylvan Shopkeeper Male 5,346,1332,1343,1334,1335,1336,1337,1338,0,0,108,85,1,114,0,0,1330,0,1,0,0,100,0,100,2,0,1,1,0,0,0,0,0,0,0,0,1419,0,0,0,0,0,0,0,100,,,,,,,,,,,,,,1,,,,,,,616,3723,,3730,3725,3728,3726,3727,79,,9,1,,,109,,,,,,,,,,,,,,,,,,
737,Sylvan  ShopkeeperMale 6,346,1332,1339,1334,1335,1336,1337,1338,0,0,108,85,1,114,0,0,1331,0,1,0,0,100,0,100,2,0,1,1,0,0,0,0,0,0,0,0,1419,0,0,0,0,0,0,0,100,,,,,,,,,,,,,,1,,,,,,,616,3723,,3730,3725,3728,3726,3727,79,,9,1,,,109,,,,,,,,,,,,,,,,,,
738,Sylvan Shopkeeper Male 7,346,1332,1340,1334,1335,1336,1337,1338,0,0,108,85,1,114,0,0,1326,0,2,0,0,100,0,100,2,0,1,1,0,0,0,0,0,0,0,0,1419,0,0,0,0,0,0,0,100,,,,,,,,,,,,,,1,,,,,,,616,3723,,3730,3725,3728,3726,3727,79,,9,1,,,109,,,,,,,,,,,,,,,,,,
739,Sylvan Shopkeeper Male 8,346,1332,1341,1334,1335,1336,1337,1338,0,0,108,85,1,114,0,0,1327,0,2,0,0,100,0,100,2,0,1,1,0,0,0,0,0,0,0,0,1419,0,0,0,0,0,0,0,100,,,,,,,,,,,,,,1,,,,,,,616,3723,,3730,3725,3728,3726,3727,79,,9,1,,,109,,,,,,,,,,,,,,,,,,
740,Sylvan  ShopkeeperFemale 1,347,1333,1339,1334,1335,1336,1337,1338,0,0,108,80,1,113,0,0,1320,0,1,0,1,100,0,85,2,0,1,1,0,0,0,0,0,0,0,0,1419,0,0,0,0,0,0,0,100,,,,,,,,,,,,,,1,,,,,,,617,3724,,3735,6236,3728,3726,3727,79,,10,1,,,108,,,,,,,,,,,,,,,,,,
741,Sylvan  ShopkeeperFemale 2,347,1333,1340,1334,1335,1336,1337,1338,0,0,108,80,1,113,0,0,1321,0,1,0,1,100,0,85,2,0,1,1,0,0,0,0,0,0,0,0,1419,0,0,0,0,0,0,0,100,,,,,,,,,,,,,,1,,,,,,,617,3724,,3735,6236,3728,3726,3727,79,,10,1,,,108,,,,,,,,,,,,,,,,,,
742,Sylvan  ShopkeeperFemale 3,347,1333,1341,1334,1335,1336,1337,1338,0,0,108,80,1,113,0,0,1322,0,2,0,1,100,0,85,2,0,1,1,0,0,0,0,0,0,0,0,1419,0,0,0,0,0,0,0,100,,,,,,,,,,,,,,1,,,,,,,617,3724,,3735,6236,3728,3726,3727,79,,10,1,,,108,,,,,,,,,,,,,,,,,,
743,Sylvan Shopkeeper Female 4,347,1333,1342,1334,1335,1336,1337,1338,0,0,108,80,1,113,0,0,1323,0,2,0,1,100,0,85,2,0,1,1,0,0,0,0,0,0,0,0,1419,0,0,0,0,0,0,0,100,,,,,,,,,,,,,,1,,,,,,,617,3724,,3735,6236,3728,3726,3727,79,,10,1,,,108,,,,,,,,,,,,,,,,,,
744,Sylvan Shopkeeper Female 5,347,1333,1343,1334,1335,1336,1337,1338,0,0,108,80,1,113,0,0,1324,0,1,0,1,100,0,85,2,0,1,1,0,0,0,0,0,0,0,0,1419,0,0,0,0,0,0,0,100,,,,,,,,,,,,,,1,,,,,,,617,3724,,3735,6236,3728,3726,3727,79,,10,1,,,108,,,,,,,,,,,,,,,,,,
745,Sylvan Shopkeeper Female 6,347,1333,1339,1334,1335,1336,1337,1338,0,0,108,80,1,113,0,0,1325,0,1,0,1,100,0,85,2,0,1,1,0,0,0,0,0,0,0,0,1419,0,0,0,0,0,0,0,100,,,,,,,,,,,,,,1,,,,,,,617,3724,,3735,6236,3728,3726,3727,79,,10,1,,,108,,,,,,,,,,,,,,,,,,
746,Sylvan  ShopkeeperFemale 7,347,1333,1340,1334,1335,1336,1337,1338,0,0,108,80,1,113,0,0,1320,0,2,0,1,100,0,85,2,0,1,1,0,0,0,0,0,0,0,0,1419,0,0,0,0,0,0,0,100,,,,,,,,,,,,,,1,,,,,,,617,3724,,3735,6236,3728,3726,3727,79,,10,1,,,108,,,,,,,,,,,,,,,,,,
747,Sylvan  ShopkeeperFemale 8,347,1333,1341,1334,1335,1336,1337,1338,0,0,108,80,1,113,0,0,1321,0,2,0,1,100,0,85,2,0,1,1,0,0,0,0,0,0,0,0,1419,0,0,0,0,0,0,0,100,,,,,,,,,,,,,,1,,,,,,,617,3724,,3735,6236,3728,3726,3727,79,,10,1,,,108,,,,,,,,,,,,,,,,,,
748, Inconnu  ShopkeeperMale 1,348,1357,1021,1358,1359,1360,1361,1362,0,0,77,69,1,88,0,0,1350,0,1,0,0,100,1,139,0,0,1,1,0,0,0,0,0,0,0,0,1419,0,0,0,0,0,0,0,100,,,,,,,,,,,,,,1,,,,,,,604,3615,,3622,3617,3620,3618,3619,79,,9,1,,,83,,,,,,,,,,,,,,,,,,
749, Inconnu  ShopkeeperMale 2,348,1357,1017,1358,1359,1360,1361,1362,0,0,77,69,1,88,0,0,1351,0,1,0,0,100,1,139,0,0,1,1,0,0,0,0,0,0,0,0,1419,0,0,0,0,0,0,0,100,,,,,,,,,,,,,,1,,,,,,,604,3615,,3622,3617,3620,3618,3619,79,,9,1,,,83,,,,,,,,,,,,,,,,,,
750, Inconnu  ShopkeeperMale 3,348,1357,1029,1358,1359,1360,1361,1362,0,0,77,69,1,88,0,0,1352,0,2,0,0,100,1,139,0,0,1,1,0,0,0,0,0,0,0,0,1419,0,0,0,0,0,0,0,100,,,,,,,,,,,,,,1,,,,,,,604,3615,,3622,3617,3620,3618,3619,79,,9,1,,,83,,,,,,,,,,,,,,,,,,
751, Inconnu  ShopkeeperMale 4,348,1357,1024,1358,1359,1360,1361,1362,0,0,77,69,1,88,0,0,1353,0,2,0,0,100,1,139,0,0,1,1,0,0,0,0,0,0,0,0,1419,0,0,0,0,0,0,0,100,,,,,,,,,,,,,,1,,,,,,,604,3615,,3622,3617,3620,3618,3619,79,,9,1,,,83,,,,,,,,,,,,,,,,,,
752, Inconnu  ShopkeeperMale 5,348,1357,1024,1358,1359,1360,1361,1362,0,0,77,69,1,88,0,0,1354,0,1,0,0,100,1,139,0,0,1,1,0,0,0,0,0,0,0,0,1419,0,0,0,0,0,0,0,100,,,,,,,,,,,,,,1,,,,,,,604,3615,,3622,3617,3620,3618,3619,79,,9,1,,,83,,,,,,,,,,,,,,,,,,
753, Inconnu  ShopkeeperMale 6,348,1357,1025,1358,1359,1360,1361,1362,0,0,77,69,1,88,0,0,1355,0,1,0,0,100,1,139,0,0,1,1,0,0,0,0,0,0,0,0,1419,0,0,0,0,0,0,0,100,,,,,,,,,,,,,,1,,,,,,,604,3615,,3622,3617,3620,3618,3619,79,,9,1,,,83,,,,,,,,,,,,,,,,,,
754, Inconnu  ShopkeeperMale 7,348,1357,1021,1358,1359,1360,1361,1362,0,0,77,69,1,88,0,0,1350,0,2,0,0,100,1,139,0,0,1,1,0,0,0,0,0,0,0,0,1419,0,0,0,0,0,0,0,100,,,,,,,,,,,,,,1,,,,,,,604,3615,,3622,3617,3620,3618,3619,79,,9,1,,,83,,,,,,,,,,,,,,,,,,
755, Inconnu  ShopkeeperMale 8,348,1357,1017,1358,1359,1360,1361,1362,0,0,77,69,1,88,0,0,1351,0,2,0,0,100,1,139,0,0,1,1,0,0,0,0,0,0,0,0,1419,0,0,0,0,0,0,0,100,,,,,,,,,,,,,,1,,,,,,,604,3615,,3622,3617,3620,3618,3619,79,,9,1,,,83,,,,,,,,,,,,,,,,,,
756, Inconnu Shopkeeper Female 1,349,1356,1021,1358,1359,1360,1361,1362,0,0,77,63,1,87,0,0,1344,0,1,0,1,100,1,136,4,0,1,1,0,0,0,0,0,0,0,0,1419,0,0,0,0,0,0,0,100,,,,,,,,,,,,,,1,,,,,,,605,3616,,3627,3617,3620,3618,3619,79,,10,,,,83,,,,,,,,,,,,,,,,,,
757, Inconnu Shopkeeper Female 2,349,1356,1017,1358,1359,1360,1361,1362,0,0,77,66,1,87,0,0,1345,0,1,0,1,100,1,136,4,0,1,1,0,0,0,0,0,0,0,0,1419,0,0,0,0,0,0,0,100,,,,,,,,,,,,,,1,,,,,,,605,3616,,3627,3617,3620,3618,3619,79,,10,,,,83,,,,,,,,,,,,,,,,,,
758, Inconnu Shopkeeper Female 3,349,1356,1029,1358,1359,1360,1361,1362,0,0,77,66,1,87,0,0,1346,0,2,0,1,100,1,136,4,0,1,1,0,0,0,0,0,0,0,0,1419,0,0,0,0,0,0,0,100,,,,,,,,,,,,,,1,,,,,,,605,3616,,3627,3617,3620,3618,3619,79,,10,,,,83,,,,,,,,,,,,,,,,,,
759, Inconnu Shopkeeper Female 4,349,1356,1024,1358,1359,1360,1361,1362,0,0,77,66,1,87,0,0,1347,0,2,0,1,100,1,136,4,0,1,1,0,0,0,0,0,0,0,0,1419,0,0,0,0,0,0,0,100,,,,,,,,,,,,,,1,,,,,,,605,3616,,3627,3617,3620,3618,3619,79,,10,,,,83,,,,,,,,,,,,,,,,,,
760, Inconnu Shopkeeper Female 5,349,1356,1024,1358,1359,1360,1361,1362,0,0,77,66,1,87,0,0,1348,0,1,0,1,100,1,136,4,0,1,1,0,0,0,0,0,0,0,0,1419,0,0,0,0,0,0,0,100,,,,,,,,,,,,,,1,,,,,,,605,3616,,3627,3617,3620,3618,3619,79,,10,,,,83,,,,,,,,,,,,,,,,,,
761, Inconnu Shopkeeper Female 6,349,1356,1025,1358,1359,1360,1361,1362,0,0,77,66,1,87,0,0,1349,0,1,0,1,100,1,136,4,0,1,1,0,0,0,0,0,0,0,0,1419,0,0,0,0,0,0,0,100,,,,,,,,,,,,,,1,,,,,,,605,3616,,3627,3617,3620,3618,3619,79,,10,,,,83,,,,,,,,,,,,,,,,,,
762, Inconnu Shopkeeper Female 7,349,1356,1021,1358,1359,1360,1361,1362,0,0,77,66,1,87,0,0,1344,0,2,0,1,100,1,136,4,0,1,1,0,0,0,0,0,0,0,0,1419,0,0,0,0,0,0,0,100,,,,,,,,,,,,,,1,,,,,,,605,3616,,3627,3617,3620,3618,3619,79,,10,,,,83,,,,,,,,,,,,,,,,,,
763, Inconnu Shopkeeper Female 8,349,1356,1017,1358,1359,1360,1361,1362,0,0,77,66,1,87,0,0,1345,0,2,0,1,100,1,136,4,0,1,1,0,0,0,0,0,0,0,0,1419,0,0,0,0,0,0,0,100,,,,,,,,,,,,,,1,,,,,,,605,3616,,3627,3617,3620,3618,3619,79,,10,,,,83,,,,,,,,,,,,,,,,,,
764,Shriller,337,1309,0,0,0,0,0,0,0,0,100,77,1,108,0,0,0,0,0,1,0,0,0,0,0,0,0,0,0,0,0,0,0,0,0,0,1419,0,0,0,0,0,0,0,0,,,,,,,,,,,,,,0,,,,,,,,,,,,,,,,,,,,,,,,,,,,,,,,,,,,,,,
765,Ampheretere,338,1310,0,0,0,0,0,0,0,0,100,213,1,64,0,0,0,0,0,0,0,0,0,0,0,0,0,0,0,0,0,0,0,0,0,0,1419,0,0,0,0,0,0,0,0,,,,,,,,,,,,,,0,,,,,,,,,,,,,,,,,,,,,,,,,,,,,,,,,,,,,,,
766,Wooly Serpent,339,1311,0,0,0,0,0,0,0,0,100,77,1,127,0,0,0,0,0,1,0,0,0,0,0,0,0,0,0,0,0,0,0,0,0,0,1419,0,0,0,0,0,0,0,0,,,,,,,,,,,,,,0,,,,,,,,,,,,,,,,,,,,,,,,,,,,,,,,,,,,,,,
767,Twisted Sylvan,340,1382,0,0,0,0,0,0,0,0,140,123,1,119,0,0,0,0,0,0,0,0,0,0,0,0,0,0,0,0,0,0,0,0,0,0,1419,0,0,0,0,0,0,0,0,,,,,,,,,,,,,,1,,,,,,,,,,,,,,,,,,,,,,,,,,,,,,,,,,,,,,,
768,Fomorian,341,1383,0,0,0,0,0,0,0,0,140,99,1,76,0,0,0,0,0,0,0,0,0,0,0,0,0,0,0,0,0,0,0,0,0,0,1419,0,0,0,0,0,0,0,0,,,,,,,,,,,,,,1,,,,,,,,,,,,,,,,,,,,,,,,,,,,,,,,,,,,,,,
769,Cniogcrag,335,1307,0,0,0,0,0,0,0,0,40,80,1,70,0,0,0,0,0,0,0,0,0,0,0,0,0,0,0,0,0,0,0,0,0,0,1419,0,0,0,0,0,0,0,0,,,,,,,,,,,,,,0,,,,,,,,,,,,,,,,,,,,,,,,,,,,,,,,,,,,,,,
770,Megalocerous,336,1308,0,0,0,0,0,0,0,0,100,100,1,94,0,0,0,0,0,0,0,0,0,0,0,0,0,0,0,0,0,0,0,0,0,0,1419,0,0,0,0,0,0,0,0,,,,,,,,,,,,,,0,,,,,,,,,,,,,,,,,,,,,,,,,,,,,,,,,,,,,,,
771,Roach,323,1384,0,0,0,0,0,0,0,0,40,80,1,14,0,0,0,0,0,1,0,0,0,0,0,0,0,0,0,0,0,0,0,0,0,0,1419,0,0,0,0,0,0,0,0,,,,,,,,,,,,,,0,,,,,,,,,,,,,,,,,,,,,,,,,,,,,,,,,,,,,,,
772,Fomorian With Weapon,350,1383,0,0,0,0,0,0,0,0,140,99,1,76,0,0,0,0,0,0,0,0,0,0,0,0,0,0,0,0,0,0,0,0,0,0,1419,0,0,0,0,0,0,0,0,,,,,,,,,,,,,,1,,,,,,,,,,,,,,,,,,,,,,,,,,,,,,,,,,,,,,,
773,Valkyn Male 1,351,1365,1018,1363,1367,1368,1369,1366,0,0,100,82,1,124,0,0,1376,15,1,0,0,115,1,102,2,0,1,1,0,0,0,0,0,0,0,0,1419,0,0,0,0,0,0,0,115,,,,,,,,,,,,,,1,,,,,,,583,3246,,3248,3250,3251,3249,3252,79,3247,9,1,1,,103,,,,,,,,,,,,,,,,,,
774,Valkyn Male 2,351,1365,1021,1363,1367,1368,1369,1366,0,0,100,82,1,124,0,0,1377,15,1,0,0,115,1,102,2,0,1,1,0,0,0,0,0,0,0,0,1419,0,0,0,0,0,0,0,115,,,,,,,,,,,,,,1,,,,,,,583,3246,,3355,3250,3251,3249,3252,79,3247,9,1,1,,103,,,,,,,,,,,,,,,,,,
775,Valkyn Male 3,351,1365,1017,1363,1367,1368,1369,1366,0,0,100,82,1,124,0,0,1376,15,2,0,0,115,1,102,2,0,1,1,0,0,0,0,0,0,0,0,1419,0,0,0,0,0,0,0,115,,,,,,,,,,,,,,1,,,,,,,583,3246,,3356,3250,3251,3249,3252,79,3247,9,1,1,,103,,,,,,,,,,,,,,,,,,
776,Valkyn Male 4,351,1365,1022,1363,1367,1368,1369,1366,0,0,100,82,1,124,0,0,1377,15,2,0,0,115,1,102,2,0,1,1,0,0,0,0,0,0,0,0,1419,0,0,0,0,0,0,0,115,,,,,,,,,,,,,,1,,,,,,,583,3246,,3357,3250,3251,3249,3252,79,3247,9,1,1,,103,,,,,,,,,,,,,,,,,,
777,Valkyn Male 5,351,1365,1020,1363,1367,1368,1369,1366,0,0,100,82,1,124,0,0,1378,15,1,0,0,115,1,102,2,0,1,1,0,0,0,0,0,0,0,0,1419,0,0,0,0,0,0,0,115,,,,,,,,,,,,,,1,,,,,,,583,3246,,3248,3250,3251,3249,3252,79,3247,9,1,1,,103,,,,,,,,,,,,,,,,,,
778,Valkyn Male 6,351,1365,1024,1363,1367,1368,1369,1366,0,0,100,82,1,124,0,0,1379,15,1,0,0,115,1,102,2,0,1,1,0,0,0,0,0,0,0,0,1419,0,0,0,0,0,0,0,115,,,,,,,,,,,,,,1,,,,,,,583,3246,,3355,3250,3251,3249,3252,79,3247,9,1,1,,103,,,,,,,,,,,,,,,,,,
779,Valkyn Male 7,351,1365,1023,1363,1367,1368,1369,1366,0,0,100,82,1,124,0,0,1378,15,2,0,0,115,1,102,2,0,1,1,0,0,0,0,0,0,0,0,1419,0,0,0,0,0,0,0,115,,,,,,,,,,,,,,1,,,,,,,583,3246,,3356,3250,3251,3249,3252,79,3247,9,1,1,,103,,,,,,,,,,,,,,,,,,
780,Valkyn Male 8,351,1365,1030,1363,1367,1368,1369,1366,0,0,100,82,1,124,0,0,1379,15,2,0,0,115,1,102,2,0,1,1,0,0,0,0,0,0,0,0,1419,0,0,0,0,0,0,0,115,,,,,,,,,,,,,,1,,,,,,,583,3246,,3357,3250,3251,3249,3252,79,3247,9,1,1,,103,,,,,,,,,,,,,,,,,,
781,Valkyn Female 1,352,1364,1018,1363,1367,1368,1369,1366,0,0,100,82,1,123,0,0,1370,15,1,0,1,115,1,90,2,0,1,1,0,0,0,0,0,0,0,0,1419,0,0,0,0,0,0,0,115,,,,,,,,,,,,,,1,,,,,,,609,3359,,3351,6238,3251,3249,3252,79,3368,10,1,1,,97,,,,,,,,,,,,,,,,,,
782,Valkyn Female 2,352,1364,1021,1363,1367,1368,1369,1366,0,0,100,82,1,123,0,0,1371,15,1,0,1,115,1,90,2,0,1,1,0,0,0,0,0,0,0,0,1419,0,0,0,0,0,0,0,115,,,,,,,,,,,,,,1,,,,,,,609,3359,,3352,6238,3251,3249,3252,79,3368,10,1,1,,97,,,,,,,,,,,,,,,,,,
783,Valkyn Female 3,352,1364,1017,1363,1367,1368,1369,1366,0,0,100,82,1,123,0,0,1370,15,2,0,1,115,1,90,2,0,1,1,0,0,0,0,0,0,0,0,1419,0,0,0,0,0,0,0,115,,,,,,,,,,,,,,1,,,,,,,609,3359,,3353,6238,3251,3249,3252,79,3368,10,1,1,,97,,,,,,,,,,,,,,,,,,
784,Valkyn Female 4,352,1364,1022,1363,1367,1368,1369,1366,0,0,100,82,1,123,0,0,1371,15,2,0,1,115,1,90,2,0,1,1,0,0,0,0,0,0,0,0,1419,0,0,0,0,0,0,0,115,,,,,,,,,,,,,,1,,,,,,,609,3359,,3354,6238,3251,3249,3252,79,3368,10,1,1,,97,,,,,,,,,,,,,,,,,,
785,Valkyn Female 5,352,1364,1020,1363,1367,1368,1369,1366,0,0,100,82,1,123,0,0,1372,15,1,0,1,115,1,90,2,0,1,1,0,0,0,0,0,0,0,0,1419,0,0,0,0,0,0,0,115,,,,,,,,,,,,,,1,,,,,,,609,3359,,3351,6238,3251,3249,3252,79,3368,10,1,1,,97,,,,,,,,,,,,,,,,,,
786,Valkyn Female 6,352,1364,1024,1363,1367,1368,1369,1366,0,0,100,82,1,123,0,0,1373,15,1,0,1,115,1,90,2,0,1,1,0,0,0,0,0,0,0,0,1419,0,0,0,0,0,0,0,115,,,,,,,,,,,,,,1,,,,,,,609,3359,,3352,6238,3251,3249,3252,79,3368,10,1,1,,97,,,,,,,,,,,,,,,,,,
787,Valkyn Female 7,352,1364,1023,1363,1367,1368,1369,1366,0,0,100,82,1,123,0,0,1372,15,2,0,1,115,1,90,2,0,1,1,0,0,0,0,0,0,0,0,1419,0,0,0,0,0,0,0,115,,,,,,,,,,,,,,1,,,,,,,609,3359,,3353,6238,3251,3249,3252,79,3368,10,1,1,,97,,,,,,,,,,,,,,,,,,
788,Valkyn Female 8,352,1364,1030,1363,1367,1368,1369,1366,0,0,100,82,1,123,0,0,1373,15,2,0,1,115,1,90,2,0,1,1,0,0,0,0,0,0,0,0,1419,0,0,0,0,0,0,0,115,,,,,,,,,,,,,,1,,,,,,,609,3359,,3354,6238,3251,3249,3252,79,3368,10,1,1,,97,,,,,,,,,,,,,,,,,,
789,Valkyn Shopkeeper Male 1,351,1365,1018,1363,1367,1368,1369,1366,0,0,100,82,1,124,0,0,1376,0,1,0,0,115,1,102,2,0,1,1,0,0,0,0,0,0,0,0,1419,0,0,0,0,0,0,0,115,,,,,,,,,,,,,,1,,,,,,,583,3246,,3248,3250,3251,3249,3252,79,3247,9,1,,,103,,,,,,,,,,,,,,,,,,
790,Valkyn Shopkeeper Male 2,351,1365,1021,1363,1367,1368,1369,1366,0,0,100,82,1,124,0,0,1377,0,1,0,0,115,1,102,2,0,1,1,0,0,0,0,0,0,0,0,1419,0,0,0,0,0,0,0,115,,,,,,,,,,,,,,1,,,,,,,583,3246,,3355,3250,3251,3249,3252,79,3247,9,1,,,103,,,,,,,,,,,,,,,,,,
791,Valkyn Shopkeeper Male 3,351,1365,1017,1363,1367,1368,1369,1366,0,0,100,82,1,124,0,0,1378,0,1,0,0,115,1,102,2,0,1,1,0,0,0,0,0,0,0,0,1419,0,0,0,0,0,0,0,115,,,,,,,,,,,,,,1,,,,,,,583,3246,,3356,3250,3251,3249,3252,79,3247,9,1,,,103,,,,,,,,,,,,,,,,,,
792,Valkyn Shopkeeper Male 4,351,1365,1022,1363,1367,1368,1369,1366,0,0,100,82,1,124,0,0,1379,0,1,0,0,115,1,102,2,0,1,1,0,0,0,0,0,0,0,0,1419,0,0,0,0,0,0,0,115,,,,,,,,,,,,,,1,,,,,,,583,3246,,3357,3250,3251,3249,3252,79,3247,9,1,,,103,,,,,,,,,,,,,,,,,,
793,Valkyn Shopkeeper Male 5,351,1365,1020,1363,1367,1368,1369,1366,0,0,100,82,1,124,0,0,1380,0,2,0,0,115,1,102,2,0,1,1,0,0,0,0,0,0,0,0,1419,0,0,0,0,0,0,0,115,,,,,,,,,,,,,,1,,,,,,,583,3246,,3248,3250,3251,3249,3252,79,3247,9,1,,,103,,,,,,,,,,,,,,,,,,
794,Valkyn Shopkeeper Male 6,351,1365,1024,1363,1367,1368,1369,1366,0,0,100,82,1,124,0,0,1381,0,2,0,0,115,1,102,2,0,1,1,0,0,0,0,0,0,0,0,1419,0,0,0,0,0,0,0,115,,,,,,,,,,,,,,1,,,,,,,583,3246,,3355,3250,3251,3249,3252,79,3247,9,1,,,103,,,,,,,,,,,,,,,,,,
795,Valkyn Shopkeeper Male 7,351,1365,1023,1363,1367,1368,1369,1366,0,0,100,82,1,124,0,0,1376,0,2,0,0,115,1,102,2,0,1,1,0,0,0,0,0,0,0,0,1419,0,0,0,0,0,0,0,115,,,,,,,,,,,,,,1,,,,,,,583,3246,,3356,3250,3251,3249,3252,79,3247,9,1,,,103,,,,,,,,,,,,,,,,,,
796,Valkyn Shopkeeper Male 8,351,1365,1030,1363,1367,1368,1369,1366,0,0,100,82,1,124,0,0,1377,0,2,0,0,115,1,102,2,0,1,1,0,0,0,0,0,0,0,0,1419,0,0,0,0,0,0,0,115,,,,,,,,,,,,,,1,,,,,,,583,3246,,3357,3250,3251,3249,3252,79,3247,9,1,,,103,,,,,,,,,,,,,,,,,,
797,Valkyn Shopkeeper Female 1,352,1364,1018,1363,1367,1368,1369,1366,0,0,100,82,1,123,0,0,1370,0,1,0,1,115,1,90,2,0,1,1,0,0,0,0,0,0,0,0,1419,0,0,0,0,0,0,0,115,,,,,,,,,,,,,,1,,,,,,,609,3359,,3351,6238,3251,3249,3252,79,3368,10,1,,,97,,,,,,,,,,,,,,,,,,
798,Valkyn Shopkeeper Female 2,352,1364,1021,1363,1367,1368,1369,1366,0,0,100,82,1,123,0,0,1371,0,1,0,1,115,1,90,2,0,1,1,0,0,0,0,0,0,0,0,1419,0,0,0,0,0,0,0,115,,,,,,,,,,,,,,1,,,,,,,609,3359,,3352,6238,3251,3249,3252,79,3368,10,1,,,97,,,,,,,,,,,,,,,,,,
799,Valkyn Shopkeeper Female 3,352,1364,1017,1363,1367,1368,1369,1366,0,0,100,82,1,123,0,0,1372,0,1,0,1,115,1,90,2,0,1,1,0,0,0,0,0,0,0,0,1419,0,0,0,0,0,0,0,115,,,,,,,,,,,,,,1,,,,,,,609,3359,,3353,6238,3251,3249,3252,79,3368,10,1,,,97,,,,,,,,,,,,,,,,,,
800,Valkyn Shopkeeper Female 4,352,1364,1022,1363,1367,1368,1369,1366,0,0,100,82,1,123,0,0,1373,0,1,0,1,115,1,90,2,0,1,1,0,0,0,0,0,0,0,0,1419,0,0,0,0,0,0,0,115,,,,,,,,,,,,,,1,,,,,,,609,3359,,3354,6238,3251,3249,3252,79,3368,10,1,,,97,,,,,,,,,,,,,,,,,,
801,Valkyn Shopkeeper Female 5,352,1364,1020,1363,1367,1368,1369,1366,0,0,100,82,1,123,0,0,1374,0,2,0,1,115,1,90,2,0,1,1,0,0,0,0,0,0,0,0,1419,0,0,0,0,0,0,0,115,,,,,,,,,,,,,,1,,,,,,,609,3359,,3351,6238,3251,3249,3252,79,3368,10,1,,,97,,,,,,,,,,,,,,,,,,
802,Valkyn Shopkeeper Female 6,352,1364,1024,1363,1367,1368,1369,1366,0,0,100,82,1,123,0,0,1375,0,2,0,1,115,1,90,2,0,1,1,0,0,0,0,0,0,0,0,1419,0,0,0,0,0,0,0,115,,,,,,,,,,,,,,1,,,,,,,609,3359,,3352,6238,3251,3249,3252,79,3368,10,1,,,97,,,,,,,,,,,,,,,,,,
803,Valkyn Shopkeeper Female 7,352,1364,1023,1363,1367,1368,1369,1366,0,0,100,82,1,123,0,0,1370,0,2,0,1,115,1,90,2,0,1,1,0,0,0,0,0,0,0,0,1419,0,0,0,0,0,0,0,115,,,,,,,,,,,,,,1,,,,,,,609,3359,,3353,6238,3251,3249,3252,79,3368,10,1,,,97,,,,,,,,,,,,,,,,,,
804,Valkyn Shopkeeper Female 8,352,1364,1030,1363,1367,1368,1369,1366,0,0,100,82,1,123,0,0,1371,0,2,0,1,115,1,90,2,0,1,1,0,0,0,0,0,0,0,0,1419,0,0,0,0,0,0,0,115,,,,,,,,,,,,,,1,,,,,,,609,3359,,3354,6238,3251,3249,3252,79,3368,10,1,,,97,,,,,,,,,,,,,,,,,,
805, Inconnu Male9,348,1357,1021,1358,1359,1360,1361,1362,0,0,77,71,1,88,0,0,1354,5,1,0,0,100,1,139,0,0,1,1,0,0,0,0,0,0,0,0,1419,0,0,0,0,0,0,0,100,,,,,,,,,,,,,,1,,,,,,,604,3615,,3625,3617,3620,3618,3619,79,,9,,,,87,,,,,,,,,,,,,,,,,,
806, Inconnu Male10,348,1357,1017,1358,1359,1360,1361,1362,0,0,77,71,1,88,0,0,1355,5,1,0,0,100,1,139,0,0,1,1,0,0,0,0,0,0,0,0,1419,0,0,0,0,0,0,0,100,,,,,,,,,,,,,,1,,,,,,,604,3615,,3626,3617,3620,3618,3619,79,,9,,,,87,,,,,,,,,,,,,,,,,,
807, Inconnu Male11,348,1357,1029,1358,1359,1360,1361,1362,0,0,77,71,1,88,0,0,1354,5,2,0,0,100,1,139,0,0,1,1,0,0,0,0,0,0,0,0,1419,0,0,0,0,0,0,0,100,,,,,,,,,,,,,,1,,,,,,,604,3615,,3621,3617,3620,3618,3619,79,,9,,,,87,,,,,,,,,,,,,,,,,,
808, Inconnu Male12,348,1357,1024,1358,1359,1360,1361,1362,0,0,77,71,1,88,0,0,1355,5,2,0,0,100,1,139,0,0,1,1,0,0,0,0,0,0,0,0,1419,0,0,0,0,0,0,0,100,,,,,,,,,,,,,,1,,,,,,,604,3615,,3622,3617,3620,3618,3619,79,,9,,,,87,,,,,,,,,,,,,,,,,,
809,Inconnu Female 9,349,1356,1021,1358,1359,1360,1361,1362,0,0,77,71,1,87,0,0,1348,5,1,0,1,100,1,136,4,0,1,1,0,0,0,0,0,0,0,0,1419,0,0,0,0,0,0,0,100,,,,,,,,,,,,,,1,,,,,,,605,3616,,3627,3617,3620,3618,3619,79,,10,,,,87,,,,,,,,,,,,,,,,,,
810,Inconnu Female 10,349,1356,1017,1358,1359,1360,1361,1362,0,0,77,71,1,87,0,0,1349,5,1,0,1,100,1,136,4,0,1,1,0,0,0,0,0,0,0,0,1419,0,0,0,0,0,0,0,100,,,,,,,,,,,,,,1,,,,,,,605,3616,,3628,3617,3620,3618,3619,79,,10,,,,87,,,,,,,,,,,,,,,,,,
811,Inconnu Female 11,349,1356,1029,1358,1359,1360,1361,1362,0,0,77,71,1,87,0,0,1348,5,2,0,1,100,1,136,4,0,1,1,0,0,0,0,0,0,0,0,1419,0,0,0,0,0,0,0,100,,,,,,,,,,,,,,1,,,,,,,605,3616,,3629,3617,3620,3618,3619,79,,10,,,,87,,,,,,,,,,,,,,,,,,
812,Inconnu Female 12,349,1356,1024,1358,1359,1360,1361,1362,0,0,77,71,1,87,0,0,1349,5,2,0,1,100,1,136,4,0,1,1,0,0,0,0,0,0,0,0,1419,0,0,0,0,0,0,0,100,,,,,,,,,,,,,,1,,,,,,,605,3616,,3630,3617,3620,3618,3619,79,,10,,,,87,,,,,,,,,,,,,,,,,,
813,Gryphon 1 (Idle),353,1301,1302,0,0,0,0,0,0,0,100,85,1,82,0,0,0,0,0,1,0,0,0,0,0,0,0,0,0,0,0,0,0,0,0,0,1419,0,0,0,0,0,0,0,0,,,,,,,,,,,,,,0,,,,,,,,,,,,,,,,,,,,,,,,,,,,,,,,,,,,,,,
814,Orc,354,1392,0,0,0,0,0,0,0,0,100,108,1,100,0,0,0,0,0,0,0,0,0,0,0,0,0,0,0,0,0,0,0,0,0,0,1419,0,0,0,0,0,0,0,0,,,,,,,,,,,,,,1,,,,,,,,,,,,,,,,,,,,,,,,,,,,,,,,,,,,,,,
815,Urchin,355,1393,0,0,0,0,0,0,0,0,100,50,1,122,0,0,0,0,0,0,0,0,0,0,0,0,0,0,0,0,0,0,0,0,0,0,1419,0,0,0,0,0,0,0,0,,,,,,,,,,,,,,1,,,,,,,,,,,,,,,,,,,,,,,,,,,,,,,,,,,,,,,
816,Manta,356,1394,0,0,0,0,0,0,0,0,70,75,1,93,0,0,0,0,0,0,0,0,0,0,0,0,0,0,0,0,0,0,0,0,0,0,1419,0,0,0,0,0,0,0,0,,,,,,,,,,,,,,0,,,,,,,,,,,,,,,,,,,,,,,,,,,,,,,,,,,,,,,
817,Shrouder,357,1395,0,0,0,0,0,0,0,0,30,140,1,109,0,0,0,0,0,0,0,0,0,0,0,0,0,0,1,0,0,0,0,0,0,0,1419,0,0,0,0,0,0,0,0,,,,,,,,,,,,,,0,,,,,,,,,,,,,,,,,,,,,,,,,,,,,,,,,,,,,,,
818,Botonid,358,1396,0,0,0,0,0,0,0,0,60,180,1,66,0,0,0,0,0,0,0,0,0,0,0,0,0,0,0,0,0,0,0,0,0,0,1419,0,0,0,0,0,0,0,0,,,,,,,,,,,,,,0,,,,,,,,,,,,,,,,,,,,,,,,,,,,,,,,,,,,,,,
819,Dragonfly,359,1397,0,0,0,0,0,0,0,0,10,107,1,72,0,0,0,0,0,0,0,0,0,0,0,0,0,0,0,0,0,0,0,0,0,0,1419,0,0,0,0,0,0,0,0,,,,,,,,,,,,,,0,,,,,,,,,,,,,,,,,,,,,,,,,,,,,,,,,,,,,,,
820,Mushroom,360,1398,0,0,0,0,0,0,0,0,100,75,1,97,0,0,0,0,0,0,0,0,0,0,0,0,0,0,0,0,0,0,0,0,0,0,1419,0,0,0,0,0,0,0,0,,,,,,,,,,,,,,0,,,,,,,,,,,,,,,,,,,,,,,,,,,,,,,,,,,,,,,
821,Red Cap WITH WEAP,361,1399,0,0,0,0,0,0,0,0,100,53,1,103,0,0,0,0,0,0,0,0,0,0,0,0,0,0,0,0,0,0,0,0,0,0,1419,0,0,0,0,0,0,0,0,,,,,,,,,,,,,,1,,,,,,,,,,,,,,,,,,,,,,,,,,,,,,,,,,,,,,,
822,Necromancer Shade,369,1407,0,0,0,0,0,0,0,0,35,40,2,98,0,0,0,0,0,0,0,0,0,0,0,0,0,0,0,0,40,45,0,0,0,0,1419,0,0,0,0,0,0,0,0,,,,,,,,,,,,,,0,,,,,,,,,,,,,,,,,,,,,,,,,,,,,,,,,,,,,,,
823,Guag,362,1400,0,0,0,0,0,0,0,0,100,105,1,84,0,0,0,0,0,0,0,0,0,0,0,0,0,0,0,0,0,0,0,0,0,0,1419,0,0,0,0,0,0,0,0,,,,,,,,,,,,,,0,,,,,,,,,,,,,,,,,,,,,,,,,,,,,,,,,,,,,,,
824,Cicada,363,1401,0,0,0,0,0,0,0,0,20,200,1,67,0,0,0,0,0,0,0,0,0,0,0,0,0,0,0,0,0,0,0,0,0,0,1419,0,0,0,0,0,0,0,0,,,,,,,,,,,,,,0,,,,,,,,,,,,,,,,,,,,,,,,,,,,,,,,,,,,,,,
825,Fomorian 02,364,1402,0,0,0,0,0,0,0,0,100,73,1,77,0,0,0,0,0,0,0,0,0,0,0,0,0,0,0,0,0,0,0,0,0,0,1419,0,0,0,0,0,0,0,0,,,,,,,,,,,,,,1,,,,,,,,,,,,,,,,,,,,,,,,,,,,,,,,,,,,,,,
826,Fomorian 03,365,1403,0,0,0,0,0,0,0,0,100,77,1,78,0,0,0,0,0,0,0,0,0,0,0,0,0,0,0,0,0,0,0,0,0,0,1419,0,0,0,0,0,0,0,0,,,,,,,,,,,,,,1,,,,,,,,,,,,,,,,,,,,,,,,,,,,,,,,,,,,,,,
827,Fomorian 04,366,1404,0,0,0,0,0,0,0,0,100,77,1,79,0,0,0,0,0,0,0,0,0,0,0,0,0,0,0,0,0,0,0,0,0,0,1419,0,0,0,0,0,0,0,0,,,,,,,,,,,,,,1,,,,,,,,,,,,,,,,,,,,,,,,,,,,,,,,,,,,,,,
828,Mammoth,367,1405,0,0,0,0,0,0,0,0,100,165,1,92,0,0,0,0,0,0,0,0,0,0,0,0,0,0,0,0,0,0,0,0,0,0,1419,0,0,0,0,0,0,0,0,,,,,,,,,,,,,,0,,,,,,,,,,,,,,,,,,,,,,,,,,,,,,,,,,,,,,,
829,Lammia,368,1406,0,0,0,0,0,0,0,0,100,80,1,89,0,0,0,0,0,0,0,0,0,0,0,0,0,0,0,0,0,0,0,0,0,0,1419,0,0,0,0,0,0,0,0,,,,,,,,,,,,,,0,,,,,,,,,,,,,,,,,,,,,,,,,,,,,,,,,,,,,,,
830,Fomorian King,370,1408,1410,1409,0,0,1523,0,0,0,300,235,1,80,0,0,0,0,0,0,0,0,0,0,0,0,0,0,0,0,0,0,0,0,0,0,1419,0,0,0,0,0,0,0,0,,,,,,,,,,,,,,1,,,,,,,,,,,,,,,,,,,,,,,,,,,,,,,,,,,,,,,
831,Clock Work Troll,371,1411,0,0,0,0,0,0,0,0,100,77,1,69,0,0,0,0,0,0,0,0,0,0,0,1422,0,0,0,0,0,0,0,0,0,0,1419,0,0,0,0,0,0,0,0,,,,,,,,,,,,,,1,,,,,,,,,,,,,,,,,,,,,,,,,,,,,,,,,,,,,,,
832,Valkyn Male 9,351,1365,1018,1363,1367,1368,1369,1366,0,0,100,82,1,124,0,0,1380,15,1,0,0,115,1,102,2,0,1,1,0,0,0,0,0,0,0,0,1419,0,0,0,0,0,0,0,115,,,,,,,,,,,,,,1,,,,,,,583,3246,,3248,3250,3251,3249,3252,79,3247,9,1,1,,103,,,,,,,,,,,,,,,,,,
833,Valkyn Male 10,351,1365,1021,1363,1367,1368,1369,1366,0,0,100,82,1,124,0,0,1381,15,1,0,0,115,1,102,2,0,1,1,0,0,0,0,0,0,0,0,1419,0,0,0,0,0,0,0,115,,,,,,,,,,,,,,1,,,,,,,583,3246,,3355,3250,3251,3249,3252,79,3247,9,1,1,,103,,,,,,,,,,,,,,,,,,
834,Valkyn Male 11,351,1365,1017,1363,1367,1368,1369,1366,0,0,100,82,1,124,0,0,1380,15,2,0,0,115,1,102,2,0,1,1,0,0,0,0,0,0,0,0,1419,0,0,0,0,0,0,0,115,,,,,,,,,,,,,,1,,,,,,,583,3246,,3356,3250,3251,3249,3252,79,3247,9,1,1,,103,,,,,,,,,,,,,,,,,,
835,Valkyn Male 12,351,1365,1022,1363,1367,1368,1369,1366,0,0,100,82,1,124,0,0,1381,15,2,0,0,115,1,102,2,0,1,1,0,0,0,0,0,0,0,0,1419,0,0,0,0,0,0,0,115,,,,,,,,,,,,,,1,,,,,,,583,3246,,3357,3250,3251,3249,3252,79,3247,9,1,1,,103,,,,,,,,,,,,,,,,,,
836,Valkyn Female 9,352,1364,1020,1363,1367,1368,1369,1366,0,0,100,82,1,123,0,0,1374,15,1,0,1,115,1,90,2,0,1,1,0,0,0,0,0,0,0,0,1419,0,0,0,0,0,0,0,115,,,,,,,,,,,,,,1,,,,,,,609,3359,,3351,6238,3251,3249,3252,79,3368,10,1,1,,97,,,,,,,,,,,,,,,,,,
837,Valkyn Female 9,352,1364,1024,1363,1367,1368,1369,1366,0,0,100,82,1,123,0,0,1375,15,1,0,1,115,1,90,2,0,1,1,0,0,0,0,0,0,0,0,1419,0,0,0,0,0,0,0,115,,,,,,,,,,,,,,1,,,,,,,609,3359,,3352,6238,3251,3249,3252,79,3368,10,1,1,,97,,,,,,,,,,,,,,,,,,
838,Valkyn Female 11,352,1364,1023,1363,1367,1368,1369,1366,0,0,100,82,1,123,0,0,1374,15,2,0,1,115,1,90,2,0,1,1,0,0,0,0,0,0,0,0,1419,0,0,0,0,0,0,0,115,,,,,,,,,,,,,,1,,,,,,,609,3359,,3353,6238,3251,3249,3252,79,3368,10,1,1,,97,,,,,,,,,,,,,,,,,,
839,Valkyn Female 12,352,1364,1030,1363,1367,1368,1369,1366,0,0,100,82,1,123,0,0,1375,15,2,0,1,115,1,90,2,0,1,1,0,0,0,0,0,0,0,0,1419,0,0,0,0,0,0,0,115,,,,,,,,,,,,,,1,,,,,,,609,3359,,3354,6238,3251,3249,3252,79,3368,10,1,1,,97,,,,,,,,,,,,,,,,,,
840,Morvalt Lord Male,351,1442,1023,1437,1440,1441,1439,1443,0,0,100,82,1,96,0,0,1445,0,1,0,0,115,1,102,2,0,1,1,0,0,0,0,0,0,0,0,1419,0,0,0,0,0,0,0,115,,,,,,,,,,,,,,1,,,,,,,,,,,,,,,,,,,,,,,,,,,,,,,,,,,,,,,
841,Morvalt Lord Female,352,1438,1023,1437,1440,1441,1439,1443,0,0,100,82,1,95,0,0,1444,0,1,0,0,115,1,117,2,0,1,1,0,0,0,0,0,0,0,0,1419,0,0,0,0,0,0,0,115,,,,,,,,,,,,,,1,,,,,,,,,,,,,,,,,,,,,,,,,,,,,,,,,,,,,,,
842,Slug,372,1412,1496,0,0,0,0,0,0,0,100,85,1,110,0,0,0,0,0,1,0,0,0,0,0,0,0,0,0,0,0,0,0,200,0,0,1419,0,0,0,0,0,0,0,0,,,,,,,,,,,,,,0,,,,,,,,,,,,,,,,,,,,,,,,,,,,,,,,,,,,,,,
843,Rencan,373,1413,0,0,0,0,0,0,0,0,100,190,1,84,0,0,0,0,0,0,0,0,0,0,0,0,0,0,0,0,0,0,0,0,0,0,1419,0,0,0,0,0,0,0,0,,,,,,,,,,,,,,0,,,,,,,,,,,,,,,,,,,,,,,,,,,,,,,,,,,,,,,
844,Tree Dervish,374,1414,0,0,0,0,0,0,0,0,100,80,1,118,0,0,0,0,0,0,0,0,0,0,0,0,0,0,0,0,0,0,0,0,0,0,1419,0,0,0,0,0,0,0,0,,,,,,,,,,,,,,1,,,,,,,,,,,,,,,,,,,,,,,,,,,,,,,,,,,,,,,
845,Iarnvidur,375,1415,1517,1518,0,0,0,0,0,0,100,83,1,90,0,0,0,0,0,0,0,0,0,0,0,0,0,0,0,0,0,0,0,0,0,0,1419,0,0,0,0,0,0,0,0,,,,,,,,,,,,,,1,,,,,,,,,,,,,,,,,,,,,,,,,,,,,,,,,,,,,,,
846,Terror Bird,376,1416,0,0,0,0,0,0,0,0,100,120,1,115,0,0,0,0,0,0,0,0,0,0,0,0,0,0,0,0,0,0,0,0,0,0,1419,0,0,0,0,0,0,0,0,,,,,,,,,,,,,,0,,,,,,,,,,,,,,,,,,,,,,,,,,,,,,,,,,,,,,,
847,Clock Work Human,377,1411,0,0,0,0,0,0,0,0,100,68,1,68,0,0,0,0,0,0,0,0,0,0,0,1417,0,0,0,0,0,0,0,0,0,0,1419,0,0,0,0,0,0,0,0,,,,,,,,,,,,,,1,,,,,,,,,,,,,,,,,,,,,,,,,,,,,,,,,,,,,,,
848,Arbordon,378,1418,0,0,0,0,0,0,0,0,100,70,1,103,0,0,0,0,0,0,0,0,0,0,0,0,0,0,0,0,0,0,0,0,0,0,1419,0,0,0,0,0,0,0,0,,,,,,,,,,,,,,1,,,,,,,,,,,,,,,,,,,,,,,,,,,,,,,,,,,,,,,
849,Sylvan Male 9,346,1332,1341,1334,1335,1336,1337,1338,0,0,108,85,1,114,0,0,1330,14,1,0,0,100,0,100,2,0,1,1,0,0,0,0,0,0,0,0,1419,0,0,0,0,0,0,0,100,,,,,,,,,,,,,,1,,,,,,,616,3723,,3733,3725,3728,3726,3727,79,,9,,1,,109,,,,,,,,,,,,,,,,,,
850,Sylvan Male 10,346,1332,1341,1334,1335,1336,1337,1338,0,0,108,85,1,114,0,0,1331,14,1,0,0,100,0,100,2,0,1,1,0,0,0,0,0,0,0,0,1419,0,0,0,0,0,0,0,100,,,,,,,,,,,,,,1,,,,,,,616,3723,,3734,3725,3728,3726,3727,79,,9,,1,,109,,,,,,,,,,,,,,,,,,
851,Sylvan Male 11,346,1332,1341,1334,1335,1336,1337,1338,0,0,108,85,1,114,0,0,1330,14,2,0,0,100,0,100,2,0,1,1,0,0,0,0,0,0,0,0,1419,0,0,0,0,0,0,0,100,,,,,,,,,,,,,,1,,,,,,,616,3723,,3729,3725,3728,3726,3727,79,,9,,1,,109,,,,,,,,,,,,,,,,,,
852,Sylvan Male 12,346,1332,1341,1334,1335,1336,1337,1338,0,0,108,85,1,114,0,0,1331,14,2,0,0,100,0,100,2,0,1,1,0,0,0,0,0,0,0,0,1419,0,0,0,0,0,0,0,100,,,,,,,,,,,,,,1,,,,,,,616,3723,,3730,3725,3728,3726,3727,79,,9,,1,,109,,,,,,,,,,,,,,,,,,
853,Sylvan Female 9,347,1333,1339,1334,1335,1336,1337,1338,0,0,108,80,1,113,0,0,1324,14,1,0,1,100,0,85,2,0,1,1,0,0,0,0,0,0,0,0,1419,0,0,0,0,0,0,0,100,,,,,,,,,,,,,,1,,,,,,,617,3724,,3735,6236,3728,3726,3727,79,,10,,1,,108,,,,,,,,,,,,,,,,,,
854,Sylvan Female 10,347,1333,1339,1334,1335,1336,1337,1338,0,0,108,80,1,113,0,0,1325,14,1,0,1,100,0,85,2,0,1,1,0,0,0,0,0,0,0,0,1419,0,0,0,0,0,0,0,100,,,,,,,,,,,,,,1,,,,,,,617,3724,,3736,6236,3728,3726,3727,79,,10,,1,,108,,,,,,,,,,,,,,,,,,
855,Sylvan Female 11,347,1333,1339,1334,1335,1336,1337,1338,0,0,108,80,1,113,0,0,1324,14,2,0,1,100,0,85,2,0,1,1,0,0,0,0,0,0,0,0,1419,0,0,0,0,0,0,0,100,,,,,,,,,,,,,,1,,,,,,,617,3724,,3737,6236,3728,3726,3727,79,,10,,1,,108,,,,,,,,,,,,,,,,,,
856,Sylvan Female 12,347,1333,1339,1334,1335,1336,1337,1338,0,0,108,80,1,113,0,0,1325,14,2,0,1,100,0,85,2,0,1,1,0,0,0,0,0,0,0,0,1419,0,0,0,0,0,0,0,100,,,,,,,,,,,,,,1,,,,,,,617,3724,,3738,6236,3728,3726,3727,79,,10,,1,,108,,,,,,,,,,,,,,,,,,
857,Anglich,379,1502,1420,0,0,0,1420,0,0,0,100,105,1,65,0,0,0,0,0,0,0,0,0,0,0,0,0,0,0,0,0,0,150,0,0,0,1419,1,0,0,0,0,0,0,0,,,,,,,,,,,,,,0,,,,,,,,,,,,,,,,,,,,,,,,,,,,,,,,,,,,,,,
858,Two Headed Dragon,380,1450,1454,1457,0,0,0,0,0,0,100,120,1,44,0,0,0,0,0,0,0,0,0,0,0,0,0,0,0,0,0,0,0,0,0,0,1419,0,0,0,0,0,0,0,0,,,,,,,,,,,,,,0,,,,,,,,,,,,,,,,,,,,,,,,,,,,,,,,,,,,,,,
859,Lurikeen Stag Man,291,1162,0,0,0,0,0,0,0,0,70,60,1,33,0,0,0,0,0,0,0,115,0,0,0,0,1,1,0,0,0,0,0,0,0,0,1419,0,0,0,0,0,0,0,115,,,,,,,,,,,,,,1,1,,,,,,,,,,,,,,,,,,,,,,,,,,,,,,,,,,,,,,
860,Pet Mushroom,360,1398,0,0,0,0,0,0,0,0,100,75,1,97,0,0,0,0,0,0,0,0,0,0,0,0,0,0,0,0,0,0,0,0,0,0,1419,0,0,0,0,0,0,0,0,,,,,,,,,,,,,,0,,,,,,,,,,,,,,,,,,,,,,,,,,,,,,,,,,,,,,,
861,Ogress,381,1423,1520,1522,0,0,1521,0,0,0,100,83,1,99,0,0,0,0,0,0,0,0,0,0,0,0,0,0,0,0,0,0,0,0,0,0,1419,0,0,0,0,0,0,0,0,,,,,,,,,,,,,,1,,,,,,,,,,,,,,,,,,,,,,,,,,,,,,,,,,,,,,,
862,Root Monster,382,1424,0,1448,0,0,1449,0,0,0,100,100,1,105,0,0,0,0,0,0,0,0,0,0,0,0,0,0,0,0,0,0,0,500,0,0,1419,0,0,0,0,0,0,0,0,,,,,,,,,,,,,,0,,,,,,,,,,,,,,,,,,,,,,,,,,,,,,,,,,,,,,,
863,Hydra,383,1425,1430,0,0,0,0,0,0,0,100,300,1,49,0,0,0,0,0,0,0,0,0,0,0,0,0,0,0,0,100,100,0,200,0,0,1419,0,0,0,0,0,0,0,0,,,,,,,,,,,,,,0,,,,,,,,,,,,,,,,,,,,,,,,,,,,,,,,,,,,,,,
864,Sea Elf female,385,1426,0,0,0,0,0,0,0,0,100,75,1,23,0,0,0,0,0,0,0,0,0,0,0,0,0,0,0,0,0,0,0,0,0,0,1419,0,0,0,0,0,0,0,0,,,,,,,,,,,,,,1,,,,,,,,,,,,,,,,,,,,,,,,,,,,,,,,,,,,,,,
865,Wood Elf female,385,1427,0,0,0,0,0,0,0,0,100,75,1,23,0,0,0,0,0,0,0,0,0,0,0,0,0,0,0,0,0,0,0,0,0,0,1419,0,0,0,0,0,0,0,0,,,,,,,,,,,,,,1,,,,,,,,,,,,,,,,,,,,,,,,,,,,,,,,,,,,,,,
866,Sea Elf male,384,1428,0,0,0,0,0,0,0,0,100,75,1,22,0,0,0,0,0,0,0,0,0,0,0,0,0,0,0,0,0,0,0,0,0,0,1419,0,0,0,0,0,0,0,0,,,,,,,,,,,,,,1,,,,,,,,,,,,,,,,,,,,,,,,,,,,,,,,,,,,,,,
867,Wood Elf male,384,1429,0,0,0,0,0,0,0,0,100,75,1,22,0,0,0,0,0,0,0,0,0,0,0,0,0,0,0,0,0,0,0,0,0,0,1419,0,0,0,0,0,0,0,0,,,,,,,,,,,,,,1,,,,,,,,,,,,,,,,,,,,,,,,,,,,,,,,,,,,,,,
868,Morvalt Male Peon Leather,387,1436,0,0,0,0,0,0,0,0,100,82,1,96,0,0,0,15,0,0,0,0,0,0,0,0,0,0,0,0,0,0,0,0,0,0,1419,0,0,0,0,0,0,0,0,,,,,,,,,,,,,,1,,,,,,,,,,,,,,,,,,,,,,,,,,,,,,,,,,,,,,,
869,Morvalt Female Peon Leather ,386,1435,0,0,0,0,0,0,0,0,100,82,1,95,0,0,0,15,0,0,0,0,0,0,0,0,0,0,0,0,0,0,0,0,0,0,1419,0,0,0,0,0,0,0,0,,,,,,,,,,,,,,1,,,,,,,,,,,,,,,,,,,,,,,,,,,,,,,,,,,,,,,
870,Morvalt Male Peon Studded,387,1432,0,0,0,0,0,0,0,0,100,82,1,96,0,0,0,15,0,0,0,0,0,0,0,0,0,0,0,0,0,0,0,0,0,0,1419,0,0,0,0,0,0,0,0,,,,,,,,,,,,,,1,,,,,,,,,,,,,,,,,,,,,,,,,,,,,,,,,,,,,,,
871,Morvalt Female Peon Studded,386,1431,0,0,0,0,0,0,0,0,100,82,1,95,0,0,0,15,0,0,0,0,0,0,0,0,0,0,0,0,0,0,0,0,0,0,1419,0,0,0,0,0,0,0,0,,,,,,,,,,,,,,1,,,,,,,,,,,,,,,,,,,,,,,,,,,,,,,,,,,,,,,
872,Morvalt Male Peon Chain,387,1434,0,0,0,0,0,0,0,0,100,82,1,96,0,0,0,15,0,0,0,0,0,0,0,0,0,0,0,0,0,0,0,0,0,0,1419,0,0,0,0,0,0,0,0,,,,,,,,,,,,,,1,,,,,,,,,,,,,,,,,,,,,,,,,,,,,,,,,,,,,,,
873,Morvalt Female Peon Chain,386,1433,0,0,0,0,0,0,0,0,100,82,1,95,0,0,0,15,0,0,0,0,0,0,0,0,0,0,0,0,0,0,0,0,0,0,1419,0,0,0,0,0,0,0,0,,,,,,,,,,,,,,1,,,,,,,,,,,,,,,,,,,,,,,,,,,,,,,,,,,,,,,
874,Morvalt Male Peon Rags,387,1446,0,0,0,0,0,0,0,0,100,82,1,96,0,0,0,15,0,0,0,0,0,0,0,0,0,0,0,0,0,0,0,0,0,0,1419,0,0,0,0,0,0,0,0,,,,,,,,,,,,,,1,,,,,,,,,,,,,,,,,,,,,,,,,,,,,,,,,,,,,,,
875,Morvalt Female Peon Rags,386,1447,0,0,0,0,0,0,0,0,100,82,1,95,0,0,0,15,0,0,0,0,0,0,0,0,0,0,0,0,0,0,0,0,0,0,1419,0,0,0,0,0,0,0,0,,,,,,,,,,,,,,1,,,,,,,,,,,,,,,,,,,,,,,,,,,,,,,,,,,,,,,
876,Drakoran Warrior Lth Red,390,1464,0,0,0,0,0,0,0,0,100,115,1,74,0,0,0,0,0,0,0,120,0,0,0,0,0,0,0,0,-9,-9,0,0,0,0,1419,0,0,0,0,0,0,0,0,,,,,,,,,,,,,,1,,,,,,,,,,,,,,,,,,,,,,,,,,,,,,,,,,,,,,,
877,Drakoran Warrior Lth Green,390,1465,0,0,0,0,0,0,0,0,100,115,1,74,0,0,0,0,0,0,0,120,0,0,0,0,0,0,0,0,-9,-9,0,0,0,0,1419,0,0,0,0,0,0,0,0,,,,,,,,,,,,,,1,,,,,,,,,,,,,,,,,,,,,,,,,,,,,,,,,,,,,,,
878,Drakoran Warrior Lth Brown,390,1466,0,0,0,0,0,0,0,0,100,115,1,74,0,0,0,0,0,0,0,120,0,0,0,0,0,0,0,0,-9,-9,0,0,0,0,1419,0,0,0,0,0,0,0,0,,,,,,,,,,,,,,1,,,,,,,,,,,,,,,,,,,,,,,,,,,,,,,,,,,,,,,
879,Drakoran Warrior Lth Blue,390,1467,0,0,0,0,0,0,0,0,100,115,1,74,0,0,0,0,0,0,0,120,0,0,0,0,0,0,0,0,-9,-9,0,0,0,0,1419,0,0,0,0,0,0,0,0,,,,,,,,,,,,,,1,,,,,,,,,,,,,,,,,,,,,,,,,,,,,,,,,,,,,,,
880,Drakoran Warrior Hard Red,390,1460,0,0,0,0,0,0,0,0,100,115,1,74,0,0,0,0,0,0,0,120,0,0,0,0,0,0,0,0,-9,-9,0,0,0,0,1419,0,0,0,0,0,0,0,0,,,,,,,,,,,,,,1,,,,,,,,,,,,,,,,,,,,,,,,,,,,,,,,,,,,,,,
881,Drakoran Warrior Hard Green,390,1461,0,0,0,0,0,0,0,0,100,115,1,74,0,0,0,0,0,0,0,120,0,0,0,0,0,0,0,0,-9,-9,0,0,0,0,1419,0,0,0,0,0,0,0,0,,,,,,,,,,,,,,1,,,,,,,,,,,,,,,,,,,,,,,,,,,,,,,,,,,,,,,
882,Drakoran Warrior Hard Brown,390,1462,0,0,0,0,0,0,0,0,100,115,1,74,0,0,0,0,0,0,0,120,0,0,0,0,0,0,0,0,-9,-9,0,0,0,0,1419,0,0,0,0,0,0,0,0,,,,,,,,,,,,,,1,,,,,,,,,,,,,,,,,,,,,,,,,,,,,,,,,,,,,,,
883,Drakoran Warrior Hard Blue,390,1463,0,0,0,0,0,0,0,0,100,115,1,74,0,0,0,0,0,0,0,120,0,0,0,0,0,0,0,0,-9,-9,0,0,0,0,1419,0,0,0,0,0,0,0,0,,,,,,,,,,,,,,1,,,,,,,,,,,,,,,,,,,,,,,,,,,,,,,,,,,,,,,
884,Drakoran Warrior Shiny Red,390,1460,0,0,0,0,0,0,0,0,100,115,1,74,0,0,0,0,0,0,0,120,0,0,0,0,0,0,0,0,-9,-9,0,0,0,0,1419,0,0,0,0,0,0,0,0,,,,,,,,,,,,,,1,,,,,,,,,,,,,,,,,,,,,,,,,,,,,,,,,,,,,,,
885,Drakoran Warrior Shiny Green,390,1461,0,0,0,0,0,0,0,0,100,115,1,74,0,0,0,0,0,0,0,120,0,0,0,0,0,0,0,0,-9,-9,0,0,0,0,1419,0,0,0,0,0,0,0,0,,,,,,,,,,,,,,1,,,,,,,,,,,,,,,,,,,,,,,,,,,,,,,,,,,,,,,
886,Drakoran Warrior Shiny Brown,390,1462,0,0,0,0,0,0,0,0,100,115,1,74,0,0,0,0,0,0,0,120,0,0,0,0,0,0,0,0,-9,-9,0,0,0,0,1419,0,0,0,0,0,0,0,0,,,,,,,,,,,,,,1,,,,,,,,,,,,,,,,,,,,,,,,,,,,,,,,,,,,,,,
887,Drakoran Warrior Shiny Blue,390,1463,0,0,0,0,0,0,0,0,100,115,1,74,0,0,0,0,0,0,0,120,0,0,0,0,0,0,0,0,-9,-9,0,0,0,0,1419,0,0,0,0,0,0,0,0,,,,,,,,,,,,,,1,,,,,,,,,,,,,,,,,,,,,,,,,,,,,,,,,,,,,,,
888,Yale,391,1468,0,0,0,0,0,0,0,0,100,100,1,94,0,0,0,0,0,0,0,0,0,0,0,0,0,0,0,0,0,0,0,0,0,0,1419,1,0,0,0,0,0,0,0,,,,,,,,,,,,,,0,,,,,,,,,,,,,,,,,,,,,,,,,,,,,,,,,,,,,,,
889,Sylvan Shade Male,346,1474,1477,1476,1478,1472,1471,1473,0,0,100,82,1,114,0,0,1469,0,1,0,0,0,0,0,0,0,0,0,0,0,0,0,0,0,0,0,1419,0,0,0,0,0,0,0,0,,,,,,,,,,,,,,1,,,,,,,,,,,,,,,,,,,,,,,,,,,,,,,,,,,,,,,
890,Sylvan Shade Female,347,1475,1477,1476,1478,1472,1471,1473,0,0,100,82,1,113,0,0,1470,0,1,0,0,0,0,0,0,0,0,0,0,0,0,0,0,0,0,0,1419,0,0,0,0,0,0,0,0,,,,,,,,,,,,,,1,,,,,,,,,,,,,,,,,,,,,,,,,,,,,,,,,,,,,,,
891,Dilophasaur ,392,1479,0,0,0,0,0,0,0,0,100,200,1,84,0,0,0,0,0,0,0,0,0,0,0,0,0,0,0,0,0,0,0,0,0,0,1419,0,0,0,0,0,0,0,0,,,,,,,,,,,,,,0,,,,,,,,,,,,,,,,,,,,,,,,,,,,,,,,,,,,,,,
892,Seadog,393,1494,0,0,0,0,0,0,0,0,100,80,1,106,0,0,0,0,0,0,0,0,0,0,0,0,0,0,0,0,0,0,0,0,0,0,1419,0,0,0,0,0,0,0,0,,,,,,,,,,,,,,0,,,,,,,,,,,,,,,,,,,,,,,,,,,,,,,,,,,,,,,
893,Griffman,394,1503,0,0,0,0,0,0,0,0,100,105,1,83,0,0,0,0,0,0,0,0,0,0,0,0,0,0,0,0,0,0,0,0,0,0,1419,0,0,0,0,0,0,0,0,,,,,,,,,,,,,,1,,,,,,,,,,,,,,,,,,,,,,,,,,,,,,,,,,,,,,,
894,Drak Winged Boss Albino,388,1484,0,1480,0,0,0,0,0,0,100,125,1,74,0,0,0,0,0,0,0,130,0,0,0,0,0,0,0,0,0,0,0,0,0,0,1419,0,0,0,0,0,0,0,0,,,,,,,,,,,,,,1,,,,,,,,,,,,,,,,,,,,,,,,,,,,,,,,,,,,,,,
895,Drak Winged Boss Blue,388,1485,0,1481,0,0,0,0,0,0,100,125,1,74,0,0,0,0,0,0,0,130,0,0,0,0,0,0,0,0,0,0,0,0,0,0,1419,0,0,0,0,0,0,0,0,,,,,,,,,,,,,,1,,,,,,,,,,,,,,,,,,,,,,,,,,,,,,,,,,,,,,,
896,Drak Winged Boss Green,388,1486,0,1482,0,0,0,0,0,0,100,125,1,74,0,0,0,0,0,0,0,130,0,0,0,0,0,0,0,0,0,0,0,0,0,0,1419,0,0,0,0,0,0,0,0,,,,,,,,,,,,,,1,,,,,,,,,,,,,,,,,,,,,,,,,,,,,,,,,,,,,,,
897,Drak Winged Boss Red,388,1487,0,1483,0,0,0,0,0,0,100,125,1,74,0,0,0,0,0,0,0,130,0,0,0,0,0,0,0,0,0,0,0,0,0,0,1419,0,0,0,0,0,0,0,0,,,,,,,,,,,,,,1,,,,,,,,,,,,,,,,,,,,,,,,,,,,,,,,,,,,,,,
898,Drak Boss No Wings Albino,389,1484,0,1480,0,0,0,0,0,0,100,125,1,74,0,0,0,0,0,0,0,130,0,0,0,0,0,0,0,0,0,0,0,0,0,0,1419,0,0,0,0,0,0,0,0,,,,,,,,,,,,,,1,,,,,,,,,,,,,,,,,,,,,,,,,,,,,,,,,,,,,,,
899,Drak Boss No Wings Blue,389,1485,0,1481,0,0,0,0,0,0,100,125,1,74,0,0,0,0,0,0,0,130,0,0,0,0,0,0,0,0,0,0,0,0,0,0,1419,0,0,0,0,0,0,0,0,,,,,,,,,,,,,,1,,,,,,,,,,,,,,,,,,,,,,,,,,,,,,,,,,,,,,,
900,Drak Boss No Wings Green,389,1486,0,1482,0,0,0,0,0,0,100,125,1,74,0,0,0,0,0,0,0,130,0,0,0,0,0,0,0,0,0,0,0,0,0,0,1419,0,0,0,0,0,0,0,0,,,,,,,,,,,,,,1,,,,,,,,,,,,,,,,,,,,,,,,,,,,,,,,,,,,,,,
901,Drak Boss No Wings Red,389,1487,0,1483,0,0,0,0,0,0,100,125,1,74,0,0,0,0,0,0,0,130,0,0,0,0,0,0,0,0,0,0,0,0,0,0,1419,0,0,0,0,0,0,0,0,,,,,,,,,,,,,,1,,,,,,,,,,,,,,,,,,,,,,,,,,,,,,,,,,,,,,,
902,Ghost,395,1488,0,0,0,0,0,0,0,0,100,40,2,59,0,0,0,0,0,0,0,0,0,0,0,0,0,0,0,0,50,62,0,0,0,0,1419,0,0,0,0,0,0,0,0,,,,,,,,,,,,,,0,,,,,,,,,,,,,,,,,,,,,,,,,,,,,,,,,,,,,,,
903,Vinemass,396,1398,0,0,0,0,0,0,0,0,300,145,1,125,0,0,0,0,0,0,0,0,0,0,0,0,0,0,0,0,0,0,0,0,0,0,1419,0,0,0,0,0,0,0,0,,,,,,,,,,,,,,0,,,,,,,,,,,,,,,,,,,,,,,,,,,,,,,,,,,,,,,
904,Octonid,397,1495,0,0,0,0,0,0,0,0,100,280,1,112,0,0,0,0,0,0,0,0,0,0,0,0,0,0,0,0,0,0,0,0,0,0,1419,0,0,0,0,0,0,0,0,,,,,,,,,,,,,,0,,,,,,,,,,,,,,,,,,,,,,,,,,,,,,,,,,,,,,,
905,Stilter,398,1493,0,0,0,0,0,0,0,0,100,320,1,112,0,0,0,0,0,0,0,0,0,0,1493,0,0,0,0,0,0,0,0,0,0,0,1419,0,0,0,0,0,0,0,0,,,,,,,,,,,,,,0,,,,,,,,,,,,,,,,,,,,,,,,,,,,,,,,,,,,,,,
906,Sporite,400,1489,0,0,0,0,0,0,0,0,100,35,1,59,0,0,0,0,0,0,0,0,0,0,1491,0,0,0,0,0,50,62,0,0,0,0,1419,0,0,0,1492,0,0,0,0,,,,,,,,,,,,,,0,,,,,,,,,,,,,,,,,,,,,,,,,,,,,,,,,,,,,,,
907,Corpse Light  Dark Blue,399,0,0,0,0,0,0,0,0,0,100,40,0,137,0,0,0,0,0,0,0,0,0,0,0,0,0,0,0,0,50,62,0,0,0,0,1419,0,2,0,0,0,0,0,0,,,,,,,,,,,,,,0,,,,,,,,,,,,,,,,,,,,,,,,,,,,,,,,,,,,,,,
908,Corpse Light  Dark Red,399,0,0,0,0,0,0,0,0,0,100,40,0,137,0,0,0,0,0,0,0,0,0,0,0,0,0,0,0,0,50,62,0,0,0,0,1419,0,1,0,0,0,0,0,0,,,,,,,,,,,,,,0,,,,,,,,,,,,,,,,,,,,,,,,,,,,,,,,,,,,,,,
909,Corpse Light  Green Face,399,0,0,0,0,0,0,0,0,0,100,40,0,137,0,0,0,0,0,0,0,0,0,0,0,0,0,0,0,0,50,62,0,0,0,0,1419,0,3,0,0,0,0,0,0,,,,,,,,,,,,,,0,,,,,,,,,,,,,,,,,,,,,,,,,,,,,,,,,,,,,,,
910,Corpse Light  Red Skull,399,0,0,0,0,0,0,0,0,0,100,40,0,137,0,0,0,0,0,0,0,0,0,0,0,0,0,0,0,0,50,62,0,0,0,0,1419,0,4,0,0,0,0,0,0,,,,,,,,,,,,,,0,,,,,,,,,,,,,,,,,,,,,,,,,,,,,,,,,,,,,,,
911,Corpse Light  Red Torch,399,0,0,0,0,0,0,0,0,0,100,40,0,137,0,0,0,0,0,0,0,0,0,0,0,0,0,0,0,0,50,62,0,0,0,0,1419,0,5,0,0,0,0,0,0,,,,,,,,,,,,,,0,,,,,,,,,,,,,,,,,,,,,,,,,,,,,,,,,,,,,,,
912,Corpse Light White Prp,399,0,0,0,0,0,0,0,0,0,100,40,0,137,0,0,0,0,0,0,0,0,0,0,0,0,0,0,0,0,50,62,0,0,0,0,1419,0,6,0,0,0,0,0,0,,,,,,,,,,,,,,0,,,,,,,,,,,,,,,,,,,,,,,,,,,,,,,,,,,,,,,
913,Cloud,399,0,0,0,0,0,0,0,0,0,100,95,0,137,0,0,0,0,0,0,0,0,0,0,0,0,0,0,0,0,0,0,0,0,0,0,1419,0,7,0,0,0,0,0,0,,,,,,,,,,,,,,0,,,,,,,,,,,,,,,,,,,,,,,,,,,,,,,,,,,,,,,
914,Beckoner,401,1497,0,0,0,0,0,0,0,0,75,96,1,3,0,0,0,0,0,0,0,0,0,0,0,0,0,0,0,0,0,0,0,0,0,0,1419,0,0,0,0,0,0,0,0,,,,,,,,,,,,,,0,,,,,,,,,,,,,,,,,,,,,,,,,,,,,,,,,,,,,,,
915,Fengundar,402,1498,0,0,0,0,0,0,0,0,100,107,1,3,0,0,0,0,0,0,0,0,0,0,0,0,0,0,0,0,0,0,0,0,0,0,1419,0,0,0,0,0,0,0,0,,,,,,,,,,,,,,0,,,,,,,,,,,,,,,,,,,,,,,,,,,,,,,,,,,,,,,
916,Skeleton w/guts,403,1499,0,0,0,0,0,0,0,0,100,75,1,5,0,0,0,0,0,0,0,0,0,0,0,0,0,0,0,0,0,0,0,0,0,0,1419,0,0,0,0,0,0,0,0,,,,,,,,,,,,,,1,,,,,,,,,,,,,,,,,,,,,,,,,,,,,,,,,,,,,,,
917,Bugbear ,404,1500,0,0,0,0,0,0,0,0,120,90,1,39,0,0,0,0,0,0,0,0,0,0,0,0,0,0,0,0,0,0,0,0,0,0,1419,0,0,0,0,0,0,0,0,,,,,,,,,,,,,,1,,,,,,,,,,,,,,,,,,,,,,,,,,,,,,,,,,,,,,,
918,Frost Giant,405,1501,1504,0,0,0,0,0,0,0,300,240,1,34,0,0,0,0,0,0,0,0,0,0,0,0,0,0,0,0,0,0,0,0,0,0,1419,0,0,0,0,0,0,0,0,,,,,,,,,,,,,,1,,,,,,,,,,,,,,,,,,,,,,,,,,,,,,,,,,,,,,,
919,Thrawn Ogre,406,1507,0,0,0,0,0,0,0,0,100,83,1,84,0,0,0,0,0,0,0,0,0,0,0,0,0,0,0,0,0,0,0,0,0,0,1419,0,0,0,0,0,0,0,0,,,,,,,,,,,,,,1,,,,,,,,,,,,,,,,,,,,,,,,,,,,,,,,,,,,,,,
920,Skeleton 2002,407,1511,0,0,0,0,0,0,0,0,100,75,1,32,0,0,0,0,0,0,0,0,0,0,0,0,0,0,0,0,0,0,0,0,0,0,1419,0,0,0,0,0,0,0,0,,,,,,,,,,,,,,1,,,,,,,,,,,,,,,,,,,,,,,,,,,,,,,,,,,,,,,
921,Corpse,408,1508,0,0,0,0,0,0,0,0,100,75,1,16,0,0,0,0,0,0,0,0,0,0,0,0,0,0,0,0,0,0,0,0,0,0,1419,0,0,0,0,0,0,0,0,,,,,,,,,,,,,,1,,,,,,,,,,,,,,,,,,,,,,,,,,,,,,,,,,,,,,,
922,Headless Corpse,409,1509,0,0,0,0,0,0,0,0,100,75,1,16,0,0,0,0,0,0,0,0,0,0,0,0,0,0,0,0,-2,-2,0,0,0,0,1419,0,0,0,0,0,0,0,0,,,,,,,,,,,,,,1,,,,,,,,,,,,,,,,,,,,,,,,,,,,,,,,,,,,,,,
923,On Stomach Legless Zombie 1,410,1510,0,0,0,0,0,0,0,0,100,70,1,16,0,0,0,0,0,0,0,0,0,0,0,0,0,0,0,0,0,0,0,0,0,0,1419,0,0,0,0,0,0,0,0,,,,,,,,,,,,,,1,,,,,,,,,,,,,,,,,,,,,,,,,,,,,,,,,,,,,,,
924,Boobrie Bird,376,1512,0,0,0,0,0,0,0,0,100,120,1,115,0,0,0,0,0,0,0,0,0,0,0,0,0,0,0,0,0,0,0,0,0,0,1419,0,0,0,0,0,0,0,0,,,,,,,,,,,,,,1,,,,,,,,,,,,,,,,,,,,,,,,,,,,,,,,,,,,,,,
925,Granidon,378,1514,0,0,0,0,0,0,0,0,100,70,1,103,0,0,0,0,0,0,0,0,0,0,0,0,0,0,0,0,0,0,0,0,0,0,1419,0,0,0,0,0,0,0,0,,,,,,,,,,,,,,1,,,,,,,,,,,,,,,,,,,,,,,,,,,,,,,,,,,,,,,
926,Sanidon,378,1515,0,0,0,0,0,0,0,0,100,70,1,103,0,0,0,0,0,0,0,0,0,0,0,0,0,0,0,0,0,0,0,0,0,0,1419,0,0,0,0,0,0,0,0,,,,,,,,,,,,,,1,,,,,,,,,,,,,,,,,,,,,,,,,,,,,,,,,,,,,,,
927,Armored Skeleton,411,1516,0,0,0,0,0,0,0,0,100,75,1,32,0,0,0,0,0,0,0,0,0,0,0,0,0,0,0,0,1,1,0,0,0,0,1419,0,0,0,0,0,0,0,0,,,,,,,,,,,,,,1,,,,,,,,,,,,,,,,,,,,,,,,,,,,,,,,,,,,,,,
928,Water Elemental,399,0,0,0,0,0,0,0,0,0,200,50,0,112,0,0,0,0,0,0,0,0,0,0,0,0,0,0,0,0,50,62,0,0,0,0,1419,0,8,0,0,0,0,0,0,,,,,,,,,,,,,,0,,,,,,,,,,,,,,,,,,,,,,,,,,,,,,,,,,,,,,,
929,Spirit,395,1519,0,0,0,0,0,0,0,0,100,40,2,59,0,0,0,0,0,0,0,0,0,0,0,0,0,0,0,0,50,62,0,0,0,0,1419,0,0,0,0,0,0,0,0,,,,,,,,,,,,,,0,,,,,,,,,,,,,,,,,,,,,,,,,,,,,,,,,,,,,,,
930,GreenSlimeBlob,399,0,0,0,0,0,0,0,0,0,100,95,0,112,0,0,0,0,0,1,0,0,0,0,0,0,0,0,0,0,0,0,0,0,0,0,1419,0,11,0,0,0,0,0,0,,,,,,,,,,,,,,0,,,,,,,,,,,,,,,,,,,,,,,,,,,,,,,,,,,,,,,
931,AlgaeSlimeBlob,399,0,0,0,0,0,0,0,0,0,100,95,0,112,0,0,0,0,0,1,0,0,0,0,0,0,0,0,0,0,0,0,0,0,0,0,1419,0,9,0,0,0,0,0,0,,,,,,,,,,,,,,0,,,,,,,,,,,,,,,,,,,,,,,,,,,,,,,,,,,,,,,
932,BloodBlob,399,0,0,0,0,0,0,0,0,0,100,95,0,112,0,0,0,0,0,1,0,0,0,0,0,0,0,0,0,0,0,0,0,0,0,0,1419,0,10,0,0,0,0,0,0,,,,,,,,,,,,,,0,,,,,,,,,,,,,,,,,,,,,,,,,,,,,,,,,,,,,,,
933,MucusBlob,399,0,0,0,0,0,0,0,0,0,100,95,0,112,0,0,0,0,0,1,0,0,0,0,0,0,0,0,0,0,0,0,0,0,0,0,1419,0,12,0,0,0,0,0,0,,,,,,,,,,,,,,0,,,,,,,,,,,,,,,,,,,,,,,,,,,,,,,,,,,,,,,
934,OchreJellyBlob,399,0,0,0,0,0,0,0,0,0,100,95,0,112,0,0,0,0,0,1,0,0,0,0,0,0,0,0,0,0,0,0,0,0,0,0,1419,0,13,0,0,0,0,0,0,,,,,,,,,,,,,,0,,,,,,,,,,,,,,,,,,,,,,,,,,,,,,,,,,,,,,,
935,PinkSlimeBlob,399,0,0,0,0,0,0,0,0,0,100,95,0,112,0,0,0,0,0,1,0,0,0,0,0,0,0,0,0,0,0,0,0,0,0,0,1419,0,15,0,0,0,0,0,0,,,,,,,,,,,,,,0,,,,,,,,,,,,,,,,,,,,,,,,,,,,,,,,,,,,,,,
936,OilySlimeBlob,399,0,0,0,0,0,0,0,0,0,100,95,0,112,0,0,0,0,0,1,0,0,0,0,0,0,0,0,0,0,0,0,0,0,0,0,1419,0,14,0,0,0,0,0,0,,,,,,,,,,,,,,0,,,,,,,,,,,,,,,,,,,,,,,,,,,,,,,,,,,,,,,
937,PurpleSlimeBlob,399,0,0,0,0,0,0,0,0,0,100,95,0,112,0,0,0,0,0,1,0,0,0,0,0,0,0,0,0,0,0,0,0,0,0,0,1419,0,16,0,0,0,0,0,0,,,,,,,,,,,,,,0,,,,,,,,,,,,,,,,,,,,,,,,,,,,,,,,,,,,,,,
938,Skeleton 2002 Black,407,1523,0,0,0,0,0,0,0,0,100,75,1,32,0,0,0,0,0,0,0,0,0,0,0,0,0,0,0,0,1,1,0,0,0,0,1419,0,0,0,0,0,0,0,0,,,,,,,,,,,,,,1,,,,,,,,,,,,,,,,,,,,,,,,,,,,,,,,,,,,,,,
939,Grazer,412,1524,0,0,0,0,0,0,0,0,100,105,1,3,0,0,0,0,0,0,0,0,0,0,0,0,0,0,0,0,0,0,0,0,0,0,1419,0,0,0,0,0,0,0,0,,,,,,,,,,,,,,0,,,,,,,,,,,,,,,,,,,,,,,,,,,,,,,,,,,,,,,
940,Acid glob,399,0,0,0,0,0,0,0,0,0,100,95,0,112,0,0,0,0,0,1,0,0,0,0,0,0,0,0,0,0,0,0,0,0,0,0,1419,0,17,0,0,0,0,0,0,,,,,,,,,,,,,,0,,,,,,,,,,,,,,,,,,,,,,,,,,,,,,,,,,,,,,,
941,CorrosiveCloud,399,0,0,0,0,0,0,0,0,0,100,95,0,137,0,0,0,0,0,1,0,0,0,0,0,0,0,0,0,0,0,0,0,0,0,0,1419,0,18,0,0,0,0,0,0,,,,,,,,,,,,,,0,,,,,,,,,,,,,,,,,,,,,,,,,,,,,,,,,,,,,,,
942,Miasma,399,0,0,0,0,0,0,0,0,0,100,95,0,137,0,0,0,0,0,1,0,0,0,0,0,0,0,0,0,0,0,0,0,0,0,0,1419,0,19,0,0,0,0,0,0,,,,,,,,,,,,,,0,,,,,,,,,,,,,,,,,,,,,,,,,,,,,,,,,,,,,,,
943,NoxiousFumes,399,0,0,0,0,0,0,0,0,0,100,95,0,137,0,0,0,0,0,1,0,0,0,0,0,0,0,0,0,0,0,0,0,0,0,0,1419,0,20,0,0,0,0,0,0,,,,,,,,,,,,,,0,,,,,,,,,,,,,,,,,,,,,,,,,,,,,,,,,,,,,,,
944,SulfurCloud,399,0,0,0,0,0,0,0,0,0,100,95,0,137,0,0,0,0,0,1,0,0,0,0,0,0,0,0,0,0,0,0,0,0,0,0,1419,0,21,0,0,0,0,0,0,,,,,,,,,,,,,,0,,,,,,,,,,,,,,,,,,,,,,,,,,,,,,,,,,,,,,,
945,Ice Queen,413,1525,1534,0,0,0,0,0,0,0,100,230,0,34,0,0,0,0,0,0,0,300,0,300,0,0,0,0,0,0,0,0,0,0,0,0,1419,0,0,0,0,0,0,0,0,,,,,,,,,,,,,,1,,,,,,,,,,,,,,,,,,,,,,,,,,,,,,,,,,,,,,,
946,Treant,414,1526,1527,0,0,0,0,0,0,0,140,130,1,119,0,0,0,0,0,0,0,0,0,0,0,0,0,0,0,0,0,0,0,0,0,0,1419,1,0,0,0,0,0,0,0,,,,,,,,,,,,,,1,,,,,,,,,,,,,,,,,,,,,,,,,,,,,,,,,,,,,,,
947,Red Cap NO WEAP,415,1399,0,0,0,0,0,0,0,0,100,53,1,103,0,0,0,0,0,0,0,0,0,0,0,0,0,0,0,0,0,0,0,0,0,0,1419,0,0,0,0,0,0,0,0,,,,,,,,,,,,,,1,,,,,,,,,,,,,,,,,,,,,,,,,,,,,,,,,,,,,,,
948, Haunted Treant,414,1528,1529,0,0,0,0,0,0,0,140,130,1,119,0,0,0,0,0,0,0,0,0,0,0,0,0,0,0,0,0,0,0,0,0,0,1419,1,0,0,0,0,0,0,0,,,,,,,,,,,,,,1,,,,,,,,,,,,,,,,,,,,,,,,,,,,,,,,,,,,,,,
949,Undead Elk,416,1530,0,0,0,0,0,0,0,0,100,100,1,94,0,0,0,0,0,0,0,0,0,0,0,0,0,0,0,0,0,0,0,0,0,0,1419,0,0,0,0,0,0,0,0,,,,,,,,,,,,,,0,,,,,,,,,,,,,,,,,,,,,,,,,,,,,,,,,,,,,,,
950,Animus Giant,417,1531,0,0,0,0,0,0,0,0,300,205,1,29,0,0,0,0,0,0,0,0,0,0,0,0,0,0,0,0,0,0,0,0,0,0,1419,0,0,0,0,0,0,0,0,,,,,,,,,,,,,,1,,,,,,,,,,,,,,,,,,,,,,,,,,,,,,,,,,,,,,,
951,Rock Golem,418,1532,0,0,0,0,0,0,0,0,100,75,1,25,0,0,0,0,0,0,0,0,0,0,0,0,0,0,0,0,0,0,0,0,0,0,1419,0,0,0,0,0,0,0,0,,,,,,,,,,,,,,1,,,,,,,,,,,,,,,,,,,,,,,,,,,,,,,,,,,,,,,
952,Bone Dancer Commander,419,1533,0,0,0,0,0,0,0,0,100,80,1,32,0,0,0,0,0,0,0,0,0,0,0,0,0,0,0,0,0,0,0,0,0,0,1419,0,0,0,0,0,0,0,0,,,,,,,,,,,,,,1,,,,,,,,,,,,,,,,,,,,,,,,,,,,,,,,,,,,,,,
953,Coral Golem,418,1535,0,0,0,0,0,0,0,0,100,75,1,25,0,0,0,0,0,0,0,0,0,0,0,0,0,0,0,0,0,0,0,0,0,0,1419,0,0,0,0,0,0,0,0,,,,,,,,,,,,,,1,,,,,,,,,,,,,,,,,,,,,,,,,,,,,,,,,,,,,,,
954,Albion Old Man,420,1,1016,3,5,6,4,7,79,0,100,80,1,8,0,0,1536,0,2,0,0,100,0,102,0,0,1,1,0,0,0,0,0,0,0,0,1419,0,0,0,0,0,0,0,100,,,,,,,,,,,,,,1,,,,,,,,,,,,,,,,,,,,,,,,,,,,,,,,,,,,,,,
955,Albion Old Woman,421,2,1016,3,5,6,4,7,79,0,100,75,1,11,0,0,1537,0,1,0,1,96,0,94,0,0,1,1,0,0,0,0,0,0,0,0,1419,0,0,0,0,0,0,0,96,,,,,,,,,,,,,,1,,,,,,,,,,,,,,,,,,,,,,,,,,,,,,,,,,,,,,,
956,Hibernian Old Man,422,277,1016,279,280,281,282,283,0,0,100,75,1,8,0,0,1538,0,2,0,0,100,1,107,0,0,1,1,0,0,0,0,0,0,0,0,1419,0,0,0,0,0,0,0,100,,,,,,,,,,,,,,1,,,,,,,,,,,,,,,,,,,,,,,,,,,,,,,,,,,,,,,
957,Hibernian Old Woman,423,278,1016,279,280,281,282,283,0,0,100,75,1,11,0,0,1539,0,2,0,1,100,1,93,0,0,1,1,0,0,0,0,0,0,0,0,1419,0,0,0,0,0,0,0,100,,,,,,,,,,,,,,1,,,,,,,,,,,,,,,,,,,,,,,,,,,,,,,,,,,,,,,
958,Norse Old Man,424,186,1016,187,189,190,191,188,0,0,109,85,1,19,0,0,1540,0,1,0,0,100,1,105,0,0,1,1,0,0,0,0,0,0,0,0,1419,0,0,0,0,0,0,0,100,,,,,,,,,,,,,,1,,,,,,,,,,,,,,,,,,,,,,,,,,,,,,,,,,,,,,,
959,Norse Old Woman,425,185,1016,187,189,190,191,188,0,0,109,80,1,12,0,0,1541,0,2,0,1,100,1,96,0,0,1,1,0,0,0,0,0,0,0,0,1419,0,0,0,0,0,0,0,100,,,,,,,,,,,,,,1,,,,,,,,,,,,,,,,,,,,,,,,,,,,,,,,,,,,,,,
960,Albion Old Man,420,1,1028,3,5,6,4,7,79,0,100,80,1,8,0,0,1536,0,2,0,0,100,0,102,0,0,1,1,0,0,0,0,0,0,0,0,1419,0,0,0,0,0,0,0,100,,,,,,,,,,,,,,1,,,,,,,,,,,,,,,,,,,,,,,,,,,,,,,,,,,,,,,
961,Albion Old Woman,421,2,1028,3,5,6,4,7,79,0,100,75,1,11,0,0,1537,0,1,0,1,96,0,94,0,0,1,1,0,0,0,0,0,0,0,0,1419,0,0,0,0,0,0,0,96,,,,,,,,,,,,,,1,,,,,,,,,,,,,,,,,,,,,,,,,,,,,,,,,,,,,,,
962,Hibernian Old Man,422,277,1028,279,280,281,282,283,0,0,100,75,1,8,0,0,1538,0,2,0,0,100,1,107,0,0,1,1,0,0,0,0,0,0,0,0,1419,0,0,0,0,0,0,0,100,,,,,,,,,,,,,,1,,,,,,,,,,,,,,,,,,,,,,,,,,,,,,,,,,,,,,,
963,Hibernian Old Woman,423,278,1028,279,280,281,282,283,0,0,100,75,1,11,0,0,1539,0,2,0,1,100,1,93,0,0,1,1,0,0,0,0,0,0,0,0,1419,0,0,0,0,0,0,0,100,,,,,,,,,,,,,,1,,,,,,,,,,,,,,,,,,,,,,,,,,,,,,,,,,,,,,,
964,Norse Old Man,424,186,1028,187,189,190,191,188,0,0,109,85,1,19,0,0,1540,0,1,0,0,100,1,105,0,0,1,1,0,0,0,0,0,0,0,0,1419,0,0,0,0,0,0,0,100,,,,,,,,,,,,,,1,,,,,,,,,,,,,,,,,,,,,,,,,,,,,,,,,,,,,,,
965,Norse Old Woman,425,185,1028,187,189,190,191,188,0,0,109,80,1,12,0,0,1541,0,2,0,1,100,1,96,0,0,1,1,0,0,0,0,0,0,0,0,1419,0,0,0,0,0,0,0,100,,,,,,,,,,,,,,1,,,,,,,,,,,,,,,,,,,,,,,,,,,,,,,,,,,,,,,
966,Wisp,399,0,0,0,0,0,0,0,0,0,100,35,0,137,0,0,0,0,0,1,0,0,0,0,0,0,0,0,0,0,50,50,0,0,0,0,1419,0,22,0,0,0,0,0,0,,,,,,,,,,,,,,0,,,,,,,,,,,,,,,,,,,,,,,,,,,,,,,,,,,,,,,
967,Barracuda,426,1545,0,0,0,0,0,0,0,0,30,35,1,128,0,0,0,0,0,0,0,0,0,0,0,0,0,0,0,0,0,0,0,0,0,0,1419,0,0,0,0,0,0,0,0,,,,,,,,,,,,,,0,,,,,,,,,,,,,,,,,,,,,,,,,,,,,,,,,,,,,,,
968,Dread Shark Young,427,1547,0,0,0,0,0,0,0,0,300,105,1,130,0,0,0,0,0,0,0,0,0,0,0,1546,0,0,0,0,50,50,0,200,0,0,1419,0,0,0,0,0,0,0,0,,,,,,,,,,,,,,0,,,,,,,,,,,,,,,,,,,,,,,,,,,,,,,,,,,,,,,
969,Dread Shark Young Old,427,1548,0,0,0,0,0,0,0,0,400,120,1,130,0,0,0,0,0,0,0,0,0,0,0,1546,0,0,0,0,120,120,0,250,0,0,1419,0,0,0,0,0,0,0,0,,,,,,,,,,,,,,0,,,,,,,,,,,,,,,,,,,,,,,,,,,,,,,,,,,,,,,
970,Octopussy,428,1549,0,0,0,0,0,0,0,0,100,90,1,133,0,0,0,0,0,0,0,0,0,0,0,0,0,0,0,0,110,110,0,100,0,0,1419,0,0,0,0,0,0,0,0,,,,,,,,,,,,,,0,,,,,,,,,,,,,,,,,,,,,,,,,,,,,,,,,,,,,,,
971,Shark,429,1550,0,0,0,0,0,0,0,0,100,70,1,134,0,0,0,0,0,0,0,0,0,0,0,0,0,0,0,0,0,0,100,0,0,0,1419,0,0,0,0,0,0,0,0,,,,,,,,,,,,,,0,,,,,,,,,,,,,,,,,,,,,,,,,,,,,,,,,,,,,,,
972,Hammerhead,430,1551,0,0,0,0,0,0,0,0,100,70,1,131,0,0,0,0,0,0,0,0,0,0,0,0,0,0,0,0,0,0,0,0,0,0,1419,0,0,0,0,0,0,0,0,,,,,,,,,,,,,,0,,,,,,,,,,,,,,,,,,,,,,,,,,,,,,,,,,,,,,,
973,Cetus,431,1554,1552,1553,0,0,0,0,0,0,100,105,1,129,0,0,0,0,0,0,0,0,0,0,0,0,0,0,0,0,150,150,0,100,0,0,1419,0,0,0,0,0,0,0,0,,,,,,,,,,,,,,0,,,,,,,,,,,,,,,,,,,,,,,,,,,,,,,,,,,,,,,
974,Eel 01,437,1563,0,0,0,0,0,0,0,0,100,15,2,148,0,0,0,0,0,0,0,0,0,0,0,0,0,0,0,0,0,0,0,0,0,0,1419,0,0,0,0,0,0,0,0,,,,,,,,,,,,,,0,,,,,,,,,,,,,,,,,,,,,,,,,,,,,,,,,,,,,,,
975,Sting Ray 01,432,1555,0,0,0,0,0,0,0,0,200,35,1,135,0,0,0,0,0,0,0,0,0,0,0,0,0,0,0,0,50,62,0,0,0,0,1419,0,0,0,0,0,0,0,0,,,,,,,,,,,,,,0,,,,,,,,,,,,,,,,,,,,,,,,,,,,,,,,,,,,,,,
976,Triton 1,433,1556,0,0,0,0,0,0,0,0,100,65,1,136,0,0,0,0,0,0,0,100,0,0,0,0,0,0,0,0,60,60,0,0,0,0,1419,0,0,0,0,0,0,0,0,,,,,,,,,,,,,,0,,,,,,,,,,,,,,,,,,,,,,,,,,,,,,,,,,,,,,,
977,Triton 2,433,1557,0,0,0,0,0,0,0,0,100,65,1,136,0,0,0,0,0,0,0,100,0,0,0,0,0,0,0,0,60,60,0,0,0,0,1419,0,0,0,0,0,0,0,0,,,,,,,,,,,,,,0,,,,,,,,,,,,,,,,,,,,,,,,,,,,,,,,,,,,,,,
978,Triton 3,433,1558,0,0,0,0,0,0,0,0,100,65,1,136,0,0,0,0,0,0,0,100,0,0,0,0,0,0,0,0,60,60,0,0,0,0,1419,0,0,0,0,0,0,0,0,,,,,,,,,,,,,,0,,,,,,,,,,,,,,,,,,,,,,,,,,,,,,,,,,,,,,,
979,Triton Lt.,435,1559,0,0,0,0,0,0,0,0,100,65,1,136,0,0,0,0,0,0,0,100,0,0,0,0,0,0,0,0,60,60,0,0,0,0,1419,0,0,0,0,0,0,0,0,,,,,,,,,,,,,,0,,,,,,,,,,,,,,,,,,,,,,,,,,,,,,,,,,,,,,,
980,Nereid 1,434,1560,0,0,0,0,0,0,0,0,100,65,1,132,0,0,0,0,0,0,0,100,0,0,0,0,0,0,0,0,60,60,0,0,0,0,1419,0,0,0,0,0,0,0,0,,,,,,,,,,,,,,0,,,,,,,,,,,,,,,,,,,,,,,,,,,,,,,,,,,,,,,
981,Nereid 2,434,1561,0,0,0,0,0,0,0,0,100,65,1,132,0,0,0,0,0,0,0,100,0,0,0,0,0,0,0,0,60,60,0,0,0,0,1419,0,0,0,0,0,0,0,0,,,,,,,,,,,,,,0,,,,,,,,,,,,,,,,,,,,,,,,,,,,,,,,,,,,,,,
982,Nereid Lt,436,1562,0,0,0,0,0,0,0,0,100,65,1,132,0,0,0,0,0,0,0,100,0,0,0,0,0,0,0,0,60,60,0,0,0,0,1419,0,0,0,0,0,0,0,0,,,,,,,,,,,,,,0,,,,,,,,,,,,,,,,,,,,,,,,,,,,,,,,,,,,,,,
983,Eel 02,437,1643,0,0,0,0,0,0,0,0,100,15,2,148,0,0,0,0,0,0,0,0,0,0,0,0,0,0,0,0,0,0,0,0,0,0,1419,0,0,0,0,0,0,0,0,,,,,,,,,,,,,,0,,,,,,,,,,,,,,,,,,,,,,,,,,,,,,,,,,,,,,,
984,Amazon01,440,1564,0,0,0,0,0,0,0,0,100,130,1,138,0,0,0,0,0,0,0,0,0,0,0,1587,0,0,0,0,5,5,0,0,0,0,1419,0,0,0,0,0,0,0,0,,,,,,,,,,,,,,1,,,,,,,,,,,,,,,,,,,,,,,,,,,,,,,,,,,,,,,
985,Amazon02,440,1565,0,0,0,0,0,0,0,0,100,130,1,138,0,0,0,0,0,0,0,0,0,0,0,1587,0,0,0,0,5,5,0,0,0,0,1419,0,0,0,0,0,0,0,0,,,,,,,,,,,,,,1,,,,,,,,,,,,,,,,,,,,,,,,,,,,,,,,,,,,,,,
986,Amazon03 Bronze,467,1566,0,0,0,0,0,0,0,0,100,130,1,138,0,0,0,0,0,0,0,0,0,0,0,1569,0,0,0,0,5,5,0,0,0,0,1419,0,0,0,1590,0,0,0,0,,,,,,,1571,,,,,,,1,,,,,,,,,,,,,,,,,,,,,,,,,,,,,,,,,,,,,,,
987,Amazon04 Gold,467,1567,0,0,0,0,0,0,0,0,100,130,1,138,0,0,0,0,0,0,0,0,0,0,0,1570,0,0,0,0,5,5,0,0,0,0,1419,0,0,0,1589,0,0,0,0,,,,,,,1572,,,,,,,1,,,,,,,,,,,,,,,,,,,,,,,,,,,,,,,,,,,,,,,
988,Amazon05,440,1568,0,0,0,0,0,0,0,0,100,130,1,138,0,0,0,0,0,0,0,0,0,0,0,1588,0,0,0,0,5,5,0,0,0,0,1419,0,0,0,0,0,0,0,0,,,,,,,,,,,,,,1,,,,,,,,,,,,,,,,,,,,,,,,,,,,,,,,,,,,,,,
989,Amazon lt gold,441,1573,1576,0,0,0,0,0,0,0,100,130,1,138,0,0,0,0,0,0,0,0,0,0,0,1574,0,0,0,0,5,5,0,0,0,1587,1419,0,0,0,1589,0,0,0,0,,,,,,,1575,,,,,,,1,,,,,,,,,,,,,,,,,,,,,,,,,,,,,,,,,,,,,,,
990,Harpy 01,442,1577,0,0,0,0,0,0,0,0,100,115,1,155,0,0,0,0,0,0,0,0,0,0,0,0,0,0,0,0,0,0,0,0,0,0,1419,2,0,0,0,0,0,0,0,,,,,,,,,,,,,,0,,,,,,,,,,,,,,,,,,,,,,,,,,,,,,,,,,,,,,,
991,Harpy 02,442,1578,0,0,0,0,0,0,0,0,100,115,1,155,0,0,0,0,0,0,0,0,0,0,0,0,0,0,0,0,0,0,0,0,0,0,1419,2,0,0,0,0,0,0,0,,,,,,,,,,,,,,0,,,,,,,,,,,,,,,,,,,,,,,,,,,,,,,,,,,,,,,
992,Harpy 03,442,1579,0,0,0,0,0,0,0,0,100,115,1,155,0,0,0,0,0,0,0,0,0,0,0,0,0,0,0,0,0,0,0,0,0,0,1419,2,0,0,0,0,0,0,0,,,,,,,,,,,,,,0,,,,,,,,,,,,,,,,,,,,,,,,,,,,,,,,,,,,,,,
993,Hoplite 01,438,1580,0,0,0,0,0,0,0,0,100,130,1,157,0,0,0,0,0,0,0,0,0,0,0,1587,0,0,0,0,0,0,0,0,0,0,1419,0,0,0,0,0,0,0,0,,,,,,,,,,,,,,1,,,,,,,,,,,,,,,,,,,,,,,,,,,,,,,,,,,,,,,
994,Hoplite 02,438,1581,0,0,0,0,0,0,0,0,100,130,1,157,0,0,0,0,0,0,0,0,0,0,0,1587,0,0,0,0,0,0,0,0,0,0,1419,0,0,0,0,0,0,0,0,,,,,,,,,,,,,,1,,,,,,,,,,,,,,,,,,,,,,,,,,,,,,,,,,,,,,,
995,Hoplite 03 Bronze,466,1582,0,0,0,0,0,0,0,0,100,130,1,157,0,0,0,0,0,0,0,0,0,0,0,1585,0,0,0,0,0,0,0,0,0,0,1419,0,0,0,1590,0,0,0,0,,,,,,,1664,,,,,,,1,,,,,,,,,,,,,,,,,,,,,,,,,,,,,,,,,,,,,,,
996,Hoplite 04 Gold,466,1583,0,0,0,0,0,0,0,0,100,130,1,157,0,0,0,0,0,0,0,0,0,0,0,1586,0,0,0,0,0,0,0,0,0,0,1419,0,0,0,1589,0,0,0,0,,,,,,,1665,,,,,,,1,,,,,,,,,,,,,,,,,,,,,,,,,,,,,,,,,,,,,,,
997,Hoplite 05,438,1584,0,0,0,0,0,0,0,0,100,130,1,157,0,0,0,0,0,0,0,0,0,0,0,1588,0,0,0,0,0,0,0,0,0,0,1419,0,0,0,0,0,0,0,0,,,,,,,,,,,,,,1,,,,,,,,,,,,,,,,,,,,,,,,,,,,,,,,,,,,,,,
998,Hoplite lt gold,439,1593,1591,0,0,0,0,0,0,0,100,130,1,157,0,0,0,0,0,0,0,0,0,0,0,1587,0,0,0,0,0,0,0,0,0,1592,1419,0,0,0,0,1589,0,0,0,,,,,,,1663,,,,,,,1,,,,,,,,,,,,,,,,,,,,,,,,,,,,,,,,,,,,,,,
999,Shark Leopard,443,1598,0,0,0,0,0,0,0,0,100,65,1,93,0,0,0,0,0,0,0,0,0,0,0,0,0,0,0,0,0,0,0,0,0,0,1419,0,0,0,0,0,0,0,0,,,,,,,,,,,,,,0,,,,,,,,,,,,,,,,,,,,,,,,,,,,,,,,,,,,,,,
1000,Shark Tiger,443,1597,0,0,0,0,0,0,0,0,100,65,1,93,0,0,0,0,0,0,0,0,0,0,0,0,0,0,0,0,0,0,0,0,0,0,1419,0,0,0,0,0,0,0,0,,,,,,,,,,,,,,0,,,,,,,,,,,,,,,,,,,,,,,,,,,,,,,,,,,,,,,
1001,Fish 01,444,1596,0,0,0,0,0,0,0,0,100,65,-1,93,0,0,0,0,0,0,0,0,0,0,0,0,0,0,0,0,0,0,0,0,0,0,1419,0,0,0,0,0,0,0,0,,,,,,,,,,,,,,0,,,,,,,,,,,,,,,,,,,,,,,,,,,,,,,,,,,,,,,
1002,Fish 02,445,1596,0,0,0,0,0,0,0,0,100,65,-1,93,0,0,0,0,0,0,0,0,0,0,0,0,0,0,0,0,0,0,0,0,0,0,1419,0,0,0,0,0,0,0,0,,,,,,,,,,,,,,0,,,,,,,,,,,,,,,,,,,,,,,,,,,,,,,,,,,,,,,
1003,Fish 03,446,1596,0,0,0,0,0,0,0,0,100,65,-1,93,0,0,0,0,0,0,0,0,0,0,0,0,0,0,0,0,0,0,0,0,0,0,1419,0,0,0,0,0,0,0,0,,,,,,,,,,,,,,0,,,,,,,,,,,,,,,,,,,,,,,,,,,,,,,,,,,,,,,
1004,Fish 04,447,1596,0,0,0,0,0,0,0,0,100,65,-1,93,0,0,0,0,0,0,0,0,0,0,0,0,0,0,0,0,0,0,0,0,0,0,1419,0,0,0,0,0,0,0,0,,,,,,,,,,,,,,0,,,,,,,,,,,,,,,,,,,,,,,,,,,,,,,,,,,,,,,
1005,Sting Ray 02,432,1594,0,0,0,0,0,0,0,0,100,65,1,135,0,0,0,0,0,0,0,0,0,0,0,0,0,0,0,0,0,0,0,0,0,0,1419,0,0,0,0,0,0,0,0,,,,,,,,,,,,,,0,,,,,,,,,,,,,,,,,,,,,,,,,,,,,,,,,,,,,,,
1006,Sting Ray 03,432,1595,0,0,0,0,0,0,0,0,100,65,1,135,0,0,0,0,0,0,0,0,0,0,0,0,0,0,0,0,0,0,0,0,0,0,1419,0,0,0,0,0,0,0,0,,,,,,,,,,,,,,0,,,,,,,,,,,,,,,,,,,,,,,,,,,,,,,,,,,,,,,
1007,Atlantis Crab,448,1096,0,0,0,0,0,0,0,0,30,80,1,14,0,0,0,0,0,1,0,0,0,0,0,0,0,0,0,0,0,0,0,0,0,0,1419,0,0,0,0,0,0,0,0,,,,,,,,,,,,,,0,,,,,,,,,,,,,,,,,,,,,,,,,,,,,,,,,,,,,,,
1008,Half Ogre Male 1,449,1601,1018,1599,1603,1604,1605,1602,0,0,123,100,1,154,0,0,1612,16,1,0,0,98,0,95,0,0,1,1,0,0,0,0,0,0,0,0,1419,0,0,0,0,0,0,0,98,,,,,,,,,,,,,,1,,,,,,,606,3579,,3585,3581,3582,3583,3584,79,,11,1,1,,126,,,,,,,,,,,,,,,,,,
1009,Half Ogre Male 2,449,1601,1018,1599,1603,1604,1605,1602,0,0,123,100,1,154,0,0,1613,16,1,0,0,98,0,95,0,0,1,1,0,0,0,0,0,0,0,0,1419,0,0,0,0,0,0,0,98,,,,,,,,,,,,,,1,,,,,,,606,3579,,3586,3581,3582,3583,3584,79,,11,1,1,,126,,,,,,,,,,,,,,,,,,
1010,Half Ogre Male 3,449,1601,1018,1599,1603,1604,1605,1602,0,0,123,100,1,154,0,0,1612,16,2,0,0,98,0,95,0,0,1,1,0,0,0,0,0,0,0,0,1419,0,0,0,0,0,0,0,98,,,,,,,,,,,,,,1,,,,,,,606,3579,,3587,3581,3582,3583,3584,79,,11,1,1,,126,,,,,,,,,,,,,,,,,,
1011,Half Ogre Male 4,449,1601,1018,1599,1603,1604,1605,1602,0,0,123,100,1,154,0,0,1613,16,2,0,0,98,0,95,0,0,1,1,0,0,0,0,0,0,0,0,1419,0,0,0,0,0,0,0,98,,,,,,,,,,,,,,1,,,,,,,606,3579,,3588,3581,3582,3583,3584,79,,11,1,1,,126,,,,,,,,,,,,,,,,,,
1012,Half Ogre Male 5,449,1601,1018,1599,1603,1604,1605,1602,0,0,123,100,1,154,0,0,1614,16,1,0,0,98,0,95,0,0,1,1,0,0,0,0,0,0,0,0,1419,0,0,0,0,0,0,0,98,,,,,,,,,,,,,,1,,,,,,,606,3579,,3589,3581,3582,3583,3584,79,,11,1,1,,126,,,,,,,,,,,,,,,,,,
1013,Half Ogre Male 6,449,1601,1018,1599,1603,1604,1605,1602,0,0,123,100,1,154,0,0,1615,16,1,0,0,98,0,95,0,0,1,1,0,0,0,0,0,0,0,0,1419,0,0,0,0,0,0,0,98,,,,,,,,,,,,,,1,,,,,,,606,3579,,3590,3581,3582,3583,3584,79,,11,1,1,,126,,,,,,,,,,,,,,,,,,
1014,Half Ogre Male 7,449,1601,1018,1599,1603,1604,1605,1602,0,0,123,100,1,154,0,0,1614,16,2,0,0,98,0,95,0,0,1,1,0,0,0,0,0,0,0,0,1419,0,0,0,0,0,0,0,98,,,,,,,,,,,,,,1,,,,,,,606,3579,,3585,3581,3582,3583,3584,79,,11,1,1,,126,,,,,,,,,,,,,,,,,,
1015,Half Ogre Male 8,449,1601,1018,1599,1603,1604,1605,1602,0,0,123,100,1,154,0,0,1615,16,2,0,0,98,0,95,0,0,1,1,0,0,0,0,0,0,0,0,1419,0,0,0,0,0,0,0,98,,,,,,,,,,,,,,1,,,,,,,606,3579,,3586,3581,3582,3583,3584,79,,11,1,1,,126,,,,,,,,,,,,,,,,,,
1016,Half Ogre Male 9,449,1601,1018,1599,1603,1604,1605,1602,0,0,123,100,1,154,0,0,1616,16,1,0,0,98,0,95,0,0,1,1,0,0,0,0,0,0,0,0,1419,0,0,0,0,0,0,0,98,,,,,,,,,,,,,,1,,,,,,,606,3579,,3587,3581,3582,3583,3584,79,,11,1,1,,126,,,,,,,,,,,,,,,,,,
1017,Half Ogre Male 10,449,1601,1018,1599,1603,1604,1605,1602,0,0,123,100,1,154,0,0,1617,16,1,0,0,98,0,95,0,0,1,1,0,0,0,0,0,0,0,0,1419,0,0,0,0,0,0,0,98,,,,,,,,,,,,,,1,,,,,,,606,3579,,3588,3581,3582,3583,3584,79,,11,1,1,,126,,,,,,,,,,,,,,,,,,
1018,Half Ogre Male 11,449,1601,1018,1599,1603,1604,1605,1602,0,0,123,100,1,154,0,0,1616,16,2,0,0,98,0,95,0,0,1,1,0,0,0,0,0,0,0,0,1419,0,0,0,0,0,0,0,98,,,,,,,,,,,,,,1,,,,,,,606,3579,,3589,3581,3582,3583,3584,79,,11,1,1,,126,,,,,,,,,,,,,,,,,,
1019,Half Ogre Male 12,449,1601,1018,1599,1603,1604,1605,1602,0,0,123,100,1,154,0,0,1617,16,2,0,0,98,0,95,0,0,1,1,0,0,0,0,0,0,0,0,1419,0,0,0,0,0,0,0,98,,,,,,,,,,,,,,1,,,,,,,606,3579,,3590,3581,3582,3583,3584,79,,11,1,1,,126,,,,,,,,,,,,,,,,,,
1020,Half Ogre Female 1,450,1600,1018,1599,1603,1604,1605,1602,0,0,123,100,1,153,0,0,1606,16,1,0,1,92,0,97,0,0,1,1,0,0,0,0,0,0,0,0,1419,0,0,0,0,0,0,0,92,,,,,,,,,,,,,,1,,,,,,,607,3580,,3591,6233,3582,3583,3584,79,,12,1,1,,117,,,,,,,,,,,,,,,,,,
1021,Half Ogre Female 2,450,1600,1018,1599,1603,1604,1605,1602,0,0,123,100,1,153,0,0,1607,16,1,0,1,92,0,97,0,0,1,1,0,0,0,0,0,0,0,0,1419,0,0,0,0,0,0,0,92,,,,,,,,,,,,,,1,,,,,,,607,3580,,3592,6233,3582,3583,3584,79,,12,1,1,,117,,,,,,,,,,,,,,,,,,
1022,Half Ogre Female 3,450,1600,1018,1599,1603,1604,1605,1602,0,0,123,100,1,153,0,0,1606,16,2,0,1,92,0,97,0,0,1,1,0,0,0,0,0,0,0,0,1419,0,0,0,0,0,0,0,92,,,,,,,,,,,,,,1,,,,,,,607,3580,,3593,6233,3582,3583,3584,79,,12,1,1,,117,,,,,,,,,,,,,,,,,,
1023,Half Ogre Female 4,450,1600,1018,1599,1603,1604,1605,1602,0,0,123,100,1,153,0,0,1607,16,2,0,1,92,0,97,0,0,1,1,0,0,0,0,0,0,0,0,1419,0,0,0,0,0,0,0,92,,,,,,,,,,,,,,1,,,,,,,607,3580,,3594,6233,3582,3583,3584,79,,12,1,1,,117,,,,,,,,,,,,,,,,,,
1024,Half Ogre Female 5,450,1600,1018,1599,1603,1604,1605,1602,0,0,123,100,1,153,0,0,1608,16,1,0,1,92,0,97,0,0,1,1,0,0,0,0,0,0,0,0,1419,0,0,0,0,0,0,0,92,,,,,,,,,,,,,,1,,,,,,,607,3580,,3595,6233,3582,3583,3584,79,,12,1,1,,117,,,,,,,,,,,,,,,,,,
1025,Half Ogre Female 6,450,1600,1018,1599,1603,1604,1605,1602,0,0,123,100,1,153,0,0,1609,16,1,0,1,92,0,97,0,0,1,1,0,0,0,0,0,0,0,0,1419,0,0,0,0,0,0,0,92,,,,,,,,,,,,,,1,,,,,,,607,3580,,3596,6233,3582,3583,3584,79,,12,1,1,,117,,,,,,,,,,,,,,,,,,
1026,Half Ogre Female 7,450,1600,1018,1599,1603,1604,1605,1602,0,0,123,100,1,153,0,0,1608,16,2,0,1,92,0,97,0,0,1,1,0,0,0,0,0,0,0,0,1419,0,0,0,0,0,0,0,92,,,,,,,,,,,,,,1,,,,,,,607,3580,,3591,6233,3582,3583,3584,79,,12,1,1,,117,,,,,,,,,,,,,,,,,,
1027,Half Ogre Female 8,450,1600,1018,1599,1603,1604,1605,1602,0,0,123,100,1,153,0,0,1609,16,2,0,1,92,0,97,0,0,1,1,0,0,0,0,0,0,0,0,1419,0,0,0,0,0,0,0,92,,,,,,,,,,,,,,1,,,,,,,607,3580,,3592,6233,3582,3583,3584,79,,12,1,1,,117,,,,,,,,,,,,,,,,,,
1028,Half Ogre Female 9,450,1600,1018,1599,1603,1604,1605,1602,0,0,123,100,1,153,0,0,1610,16,1,0,1,92,0,97,0,0,1,1,0,0,0,0,0,0,0,0,1419,0,0,0,0,0,0,0,92,,,,,,,,,,,,,,1,,,,,,,607,3580,,3593,6233,3582,3583,3584,79,,12,1,1,,117,,,,,,,,,,,,,,,,,,
1029,Half Ogre Female 10,450,1600,1018,1599,1603,1604,1605,1602,0,0,123,100,1,153,0,0,1611,16,1,0,1,92,0,97,0,0,1,1,0,0,0,0,0,0,0,0,1419,0,0,0,0,0,0,0,92,,,,,,,,,,,,,,1,,,,,,,607,3580,,3594,6233,3582,3583,3584,79,,12,1,1,,117,,,,,,,,,,,,,,,,,,
1030,Half Ogre Female 11,450,1600,1018,1599,1603,1604,1605,1602,0,0,123,100,1,153,0,0,1610,16,2,0,1,92,0,97,0,0,1,1,0,0,0,0,0,0,0,0,1419,0,0,0,0,0,0,0,92,,,,,,,,,,,,,,1,,,,,,,607,3580,,3595,6233,3582,3583,3584,79,,12,1,1,,117,,,,,,,,,,,,,,,,,,
1031,Half Ogre Female 12,450,1600,1018,1599,1603,1604,1605,1602,0,0,123,100,1,153,0,0,1611,16,2,0,1,92,0,97,0,0,1,1,0,0,0,0,0,0,0,0,1419,0,0,0,0,0,0,0,92,,,,,,,,,,,,,,1,,,,,,,607,3580,,3596,6233,3582,3583,3584,79,,12,1,1,,117,,,,,,,,,,,,,,,,,,
1032,Sobekite 01 ,451,1636,0,0,0,0,0,0,0,0,100,95,1,170,0,0,0,0,0,0,0,0,0,0,0,0,0,0,0,0,0,0,0,0,0,0,1419,0,0,0,0,0,0,0,0,,,,,,,,,,,,,,1,,,,,,,,,,,,,,,,,,,,,,,,,,,,,,,,,,,,,,,
1033,Sobekite 02,451,1637,0,0,0,0,0,0,0,0,100,95,1,170,0,0,0,0,0,0,0,0,0,0,0,0,0,0,0,0,0,0,0,0,0,0,1419,0,0,0,0,0,0,0,0,,,,,,,,,,,,,,1,,,,,,,,,,,,,,,,,,,,,,,,,,,,,,,,,,,,,,,
1034,Sobekite_LT ,452,1639,0,0,0,0,0,0,0,0,100,95,1,170,0,0,0,0,0,0,0,0,0,0,0,1638,0,0,0,0,0,0,0,0,0,0,1419,0,0,0,1589,0,0,0,0,,,,,,,,,,,,,,1,,,,,,,,,,,,,,,,,,,,,,,,,,,,,,,,,,,,,,,
1035,Setian 01 ,453,1632,0,0,0,0,0,0,0,0,100,107,1,167,0,0,0,0,0,0,0,0,0,0,0,0,0,0,0,0,0,0,0,0,0,0,1419,0,0,0,0,0,0,0,0,,,,,,,,,,,,,,1,,,,,,,,,,,,,,,,,,,,,,,,,,,,,,,,,,,,,,,
1036,Setian 02,453,1633,0,0,0,0,0,0,0,0,100,107,1,167,0,0,0,0,0,0,0,0,0,0,0,0,0,0,0,0,0,0,0,0,0,0,1419,0,0,0,0,0,0,0,0,,,,,,,,,,,,,,1,,,,,,,,,,,,,,,,,,,,,,,,,,,,,,,,,,,,,,,
1037,Setian_LT ,454,1634,0,0,0,0,0,0,0,0,100,107,1,167,0,0,0,0,0,0,0,0,0,0,0,1635,0,0,0,0,0,0,0,0,0,0,1419,0,0,0,1589,0,0,0,0,,,,,,,,,,,,,,1,,,,,,,,,,,,,,,,,,,,,,,,,,,,,,,,,,,,,,,
1038,Nehebkau ,455,1618,0,0,0,0,0,0,0,0,100,121,1,162,0,0,0,0,0,0,0,0,0,0,0,0,0,0,0,0,0,0,0,0,0,0,1419,0,0,0,0,0,0,0,0,,,,,,,,,,,,,,1,,,,,,,,,,,,,,,,,,,,,,,,,,,,,,,,,,,,,,,
1039,Mau 01,456,1621,0,0,0,0,0,0,0,0,100,100,1,159,0,0,0,0,0,0,0,0,0,0,0,0,0,0,0,0,0,0,0,0,0,0,1419,0,0,0,0,0,0,0,0,,,,,,,,,,,,,,1,,,,,,,,,,,,,,,,,,,,,,,,,,,,,,,,,,,,,,,
1040,Mau 02,456,1622,0,0,0,0,0,0,0,0,100,100,1,159,0,0,0,0,0,0,0,0,0,0,0,0,0,0,0,0,0,0,0,0,0,0,1419,0,0,0,0,0,0,0,0,,,,,,,,,,,,,,1,,,,,,,,,,,,,,,,,,,,,,,,,,,,,,,,,,,,,,,
1041,Mau_LT ,457,1619,0,0,0,0,0,0,0,0,100,100,1,159,0,0,0,0,0,0,0,0,0,0,0,1620,0,0,0,0,0,0,0,0,0,0,1419,0,0,0,1589,0,0,0,0,,,,,,,,,,,,,,1,,,,,,,,,,,,,,,,,,,,,,,,,,,,,,,,,,,,,,,
1042,Horian 01 ,458,1623,0,0,0,0,0,0,0,0,100,97,1,158,0,0,0,0,0,0,0,0,0,0,0,0,0,0,0,0,0,0,0,0,0,0,1419,0,0,0,0,0,0,0,0,,,,,,,,,,,,,,1,,,,,,,,,,,,,,,,,,,,,,,,,,,,,,,,,,,,,,,
1043,Horian 01,458,1623,0,0,0,0,0,0,0,0,100,97,1,158,0,0,0,0,0,0,0,0,0,0,0,0,0,0,0,0,0,0,0,0,0,0,1419,0,0,0,0,0,0,0,0,,,,,,,,,,,,,,1,,,,,,,,,,,,,,,,,,,,,,,,,,,,,,,,,,,,,,,
1044,Horian 02,458,1623,0,0,0,0,0,0,0,0,100,97,1,158,0,0,0,0,0,0,0,0,0,0,0,0,0,0,0,0,0,0,0,0,0,0,1419,0,0,0,0,0,0,0,0,,,,,,,,,,,,,,1,,,,,,,,,,,,,,,,,,,,,,,,,,,,,,,,,,,,,,,
1045,Anubite 01,459,1624,0,0,0,0,0,0,0,0,100,97,1,140,0,0,0,0,0,0,0,0,0,0,0,0,0,0,0,0,0,0,0,0,0,0,1419,0,0,0,0,0,0,0,0,,,,,,,,,,,,,,1,,,,,,,,,,,,,,,,,,,,,,,,,,,,,,,,,,,,,,,
1046,Anubite 02,459,1625,0,0,0,0,0,0,0,0,100,97,1,140,0,0,0,0,0,0,0,0,0,0,0,0,0,0,0,0,0,0,0,0,0,0,1419,0,0,0,0,0,0,0,0,,,,,,,,,,,,,,1,,,,,,,,,,,,,,,,,,,,,,,,,,,,,,,,,,,,,,,
1047,Anubite_LT ,460,1626,0,0,0,0,0,0,0,0,100,97,1,140,0,0,0,0,0,0,0,0,0,0,0,1628,0,0,0,0,0,0,0,0,0,0,1419,0,0,0,1589,0,0,0,0,,,,,,,,,,,,,,1,,,,,,,,,,,,,,,,,,,,,,,,,,,,,,,,,,,,,,,
1048,Anubite_MUM ,461,1627,0,0,0,0,0,0,0,0,100,97,1,140,0,0,0,0,0,0,0,0,0,0,0,0,0,0,0,0,0,0,0,0,0,0,1419,0,0,0,0,0,0,0,0,,,,,,,,,,,,,,1,,,,,,,,,,,,,,,,,,,,,,,,,,,,,,,,,,,,,,,
1049,Ammut,462,1629,1630,0,0,0,1631,0,0,0,200,160,1,139,0,0,0,0,0,0,0,0,0,0,0,0,0,0,0,0,0,0,0,0,0,0,1419,0,0,0,0,0,0,0,0,,,,,,,,,,,,,,1,,,,,,,,,,,,,,,,,,,,,,,,,,,,,,,,,,,,,,,
1050,Typhon,463,1640,0,0,0,0,1641,0,0,0,100,450,1,174,0,0,0,0,0,0,0,0,0,0,0,1642,0,0,0,0,0,0,0,0,0,0,1419,0,0,1642,0,0,0,0,0,,,,,,,,,,,,,,1,,,,,,,,,,,,,,,,,,,,,,,,,,,,,,,,,,,,,,,
1051,Frostalf Male 1,464,1646,1016,1644,1648,1649,1650,1647,0,0,100,82,1,150,0,0,1657,17,1,0,0,98,0,95,0,0,1,1,0,0,0,0,0,0,0,0,1419,0,0,0,0,0,0,0,98,,,,,,,,,,,,,,1,,,,,,,586,3255,,3254,3256,3259,3257,3258,79,3253,11,,,,101,,,,,,,,,,,,,,,,,,
1052,Frostalf Male 2,464,1646,1016,1644,1648,1649,1650,1647,0,0,100,82,1,150,0,0,1658,17,1,0,0,98,0,95,0,0,1,1,0,0,0,0,0,0,0,0,1419,0,0,0,0,0,0,0,98,,,,,,,,,,,,,,1,,,,,,,586,3255,,3329,3256,3259,3257,3258,79,3253,11,,,,101,,,,,,,,,,,,,,,,,,
1053,Frostalf Male 3,464,1646,1016,1644,1648,1649,1650,1647,0,0,100,82,1,150,0,0,1657,17,2,0,0,98,0,95,0,0,1,1,0,0,0,0,0,0,0,0,1419,0,0,0,0,0,0,0,98,,,,,,,,,,,,,,1,,,,,,,586,3255,,3330,3256,3259,3257,3258,79,3253,11,,,,101,,,,,,,,,,,,,,,,,,
1054,Frostalf Male 4,464,1646,1016,1644,1648,1649,1650,1647,0,0,100,82,1,150,0,0,1658,17,2,0,0,98,0,95,0,0,1,1,0,0,0,0,0,0,0,0,1419,0,0,0,0,0,0,0,98,,,,,,,,,,,,,,1,,,,,,,586,3255,,3331,3256,3259,3257,3258,79,3253,11,,,,101,,,,,,,,,,,,,,,,,,
1055,Frostalf Male 5,464,1646,1016,1644,1648,1649,1650,1647,0,0,100,82,1,150,0,0,1659,17,1,0,0,98,0,95,0,0,1,1,0,0,0,0,0,0,0,0,1419,0,0,0,0,0,0,0,98,,,,,,,,,,,,,,1,,,,,,,586,3255,,3254,3256,3259,3257,3258,79,3253,11,,,,101,,,,,,,,,,,,,,,,,,
1056,Frostalf Male 6,464,1646,1016,1644,1648,1649,1650,1647,0,0,100,82,1,150,0,0,1660,17,1,0,0,98,0,95,0,0,1,1,0,0,0,0,0,0,0,0,1419,0,0,0,0,0,0,0,98,,,,,,,,,,,,,,1,,,,,,,586,3255,,3329,3256,3259,3257,3258,79,3253,11,,,,101,,,,,,,,,,,,,,,,,,
1057,Frostalf Male 7,464,1646,1016,1644,1648,1649,1650,1647,0,0,100,82,1,150,0,0,1659,17,2,0,0,98,0,95,0,0,1,1,0,0,0,0,0,0,0,0,1419,0,0,0,0,0,0,0,98,,,,,,,,,,,,,,1,,,,,,,586,3255,,3330,3256,3259,3257,3258,79,3253,11,,,,101,,,,,,,,,,,,,,,,,,
1058,Frostalf Male 8,464,1646,1016,1644,1648,1649,1650,1647,0,0,100,82,1,150,0,0,1660,17,2,0,0,98,0,95,0,0,1,1,0,0,0,0,0,0,0,0,1419,0,0,0,0,0,0,0,98,,,,,,,,,,,,,,1,,,,,,,586,3255,,3331,3256,3259,3257,3258,79,3253,11,,,,101,,,,,,,,,,,,,,,,,,
1059,Frostalf Male 9,464,1646,1016,1644,1648,1649,1650,1647,0,0,100,82,1,150,0,0,1661,17,1,0,0,98,0,95,0,0,1,1,0,0,0,0,0,0,0,0,1419,0,0,0,0,0,0,0,98,,,,,,,,,,,,,,1,,,,,,,586,3255,,3254,3256,3259,3257,3258,79,3253,11,,,,101,,,,,,,,,,,,,,,,,,
1060,Frostalf Male 10,464,1646,1016,1644,1648,1649,1650,1647,0,0,100,82,1,150,0,0,1662,17,1,0,0,98,0,95,0,0,1,1,0,0,0,0,0,0,0,0,1419,0,0,0,0,0,0,0,98,,,,,,,,,,,,,,1,,,,,,,586,3255,,3329,3256,3259,3257,3258,79,3253,11,,,,101,,,,,,,,,,,,,,,,,,
1061,Frostalf Male 11,464,1646,1016,1644,1648,1649,1650,1647,0,0,100,82,1,150,0,0,1661,17,2,0,0,98,0,95,0,0,1,1,0,0,0,0,0,0,0,0,1419,0,0,0,0,0,0,0,98,,,,,,,,,,,,,,1,,,,,,,586,3255,,3330,3256,3259,3257,3258,79,3253,11,,,,101,,,,,,,,,,,,,,,,,,
1062,Frostalf Male 12,464,1646,1016,1644,1648,1649,1650,1647,0,0,100,82,1,150,0,0,1662,17,2,0,0,98,0,88,0,0,1,1,0,0,0,0,0,0,0,0,1419,0,0,0,0,0,0,0,98,,,,,,,,,,,,,,1,,,,,,,586,3255,,3331,3256,3259,3257,3258,79,3253,11,,,,101,,,,,,,,,,,,,,,,,,
1063,Frostalf Female 1,465,1645,1016,1644,1648,1649,1650,1647,0,0,100,80,1,149,0,0,1651,17,1,0,1,92,0,88,0,0,1,1,0,0,0,0,0,0,0,0,1419,0,0,0,0,0,0,0,92,,,,,,,,,,,,,,1,,,,,,,587,3367,,3325,3256,3259,3257,3258,79,3253,12,,,,96,,,,,,,,,,,,,,,,,,
1064,Frostalf Female 2,465,1645,1016,1644,1648,1649,1650,1647,0,0,100,80,1,149,0,0,1652,17,1,0,1,92,0,88,0,0,1,1,0,0,0,0,0,0,0,0,1419,0,0,0,0,0,0,0,92,,,,,,,,,,,,,,1,,,,,,,587,3367,,3326,3256,3259,3257,3258,79,3253,12,,,,96,,,,,,,,,,,,,,,,,,
1065,Frostalf Female 3,465,1645,1016,1644,1648,1649,1650,1647,0,0,100,80,1,149,0,0,1651,17,2,0,1,92,0,88,0,0,1,1,0,0,0,0,0,0,0,0,1419,0,0,0,0,0,0,0,92,,,,,,,,,,,,,,1,,,,,,,587,3367,,3327,3256,3259,3257,3258,79,3253,12,,,,96,,,,,,,,,,,,,,,,,,
1066,Frostalf Female 4,465,1645,1016,1644,1648,1649,1650,1647,0,0,100,80,1,149,0,0,1652,17,2,0,1,92,0,88,0,0,1,1,0,0,0,0,0,0,0,0,1419,0,0,0,0,0,0,0,92,,,,,,,,,,,,,,1,,,,,,,587,3367,,3328,3256,3259,3257,3258,79,3253,12,,,,96,,,,,,,,,,,,,,,,,,
1067,Frostalf Female 5,465,1645,1016,1644,1648,1649,1650,1647,0,0,100,80,1,149,0,0,1653,17,1,0,1,92,0,88,0,0,1,1,0,0,0,0,0,0,0,0,1419,0,0,0,0,0,0,0,92,,,,,,,,,,,,,,1,,,,,,,587,3367,,3325,3256,3259,3257,3258,79,3253,12,,,,96,,,,,,,,,,,,,,,,,,
1068,Frostalf Female 6,465,1645,1016,1644,1648,1649,1650,1647,0,0,100,80,1,149,0,0,1654,17,1,0,1,92,0,88,0,0,1,1,0,0,0,0,0,0,0,0,1419,0,0,0,0,0,0,0,92,,,,,,,,,,,,,,1,,,,,,,587,3367,,3326,3256,3259,3257,3258,79,3253,12,,,,96,,,,,,,,,,,,,,,,,,
1069,Frostalf Female 7,465,1645,1016,1644,1648,1649,1650,1647,0,0,100,80,1,149,0,0,1653,17,2,0,1,92,0,88,0,0,1,1,0,0,0,0,0,0,0,0,1419,0,0,0,0,0,0,0,92,,,,,,,,,,,,,,1,,,,,,,587,3367,,3327,3256,3259,3257,3258,79,3253,12,,,,96,,,,,,,,,,,,,,,,,,
1070,Frostalf Female 8,465,1645,1016,1644,1648,1649,1650,1647,0,0,100,80,1,149,0,0,1654,17,2,0,1,92,0,88,0,0,1,1,0,0,0,0,0,0,0,0,1419,0,0,0,0,0,0,0,92,,,,,,,,,,,,,,1,,,,,,,587,3367,,3328,3256,3259,3257,3258,79,3253,12,,,,96,,,,,,,,,,,,,,,,,,
1071,Frostalf Female 9,465,1645,1016,1644,1648,1649,1650,1647,0,0,100,80,1,149,0,0,1655,17,1,0,1,92,0,88,0,0,1,1,0,0,0,0,0,0,0,0,1419,0,0,0,0,0,0,0,92,,,,,,,,,,,,,,1,,,,,,,587,3367,,3325,3256,3259,3257,3258,79,3253,12,,,,96,,,,,,,,,,,,,,,,,,
1072,Frostalf Female 10,465,1645,1016,1644,1648,1649,1650,1647,0,0,100,80,1,149,0,0,1656,17,1,0,1,92,0,88,0,0,1,1,0,0,0,0,0,0,0,0,1419,0,0,0,0,0,0,0,92,,,,,,,,,,,,,,1,,,,,,,587,3367,,3326,3256,3259,3257,3258,79,3253,12,,,,96,,,,,,,,,,,,,,,,,,
1073,Frostalf Female 11,465,1645,1016,1644,1648,1649,1650,1647,0,0,100,80,1,149,0,0,1655,17,2,0,1,92,0,88,0,0,1,1,0,0,0,0,0,0,0,0,1419,0,0,0,0,0,0,0,92,,,,,,,,,,,,,,1,,,,,,,587,3367,,3327,3256,3259,3257,3258,79,3253,12,,,,96,,,,,,,,,,,,,,,,,,
1074,Frostalf Female 12,465,1645,1016,1644,1648,1649,1650,1647,0,0,100,80,1,149,0,0,1656,17,2,0,1,92,0,88,0,0,1,1,0,0,0,0,0,0,0,0,1419,0,0,0,0,0,0,0,92,,,,,,,,,,,,,,1,,,,,,,587,3367,,3328,3256,3259,3257,3258,79,3253,12,,,,96,,,,,,,,,,,,,,,,,,
1075,Shar Male 1,490,1762,1752,1760,1764,1765,1766,1763,0,0,100,78,1,169,0,0,1773,18,1,0,0,97,0,95,0,0,1,1,0,0,0,0,0,0,0,0,1419,0,0,0,0,0,0,0,92,,,,,,,,,,,,,,1,,,,,,,588,3741,,3747,3743,3746,3744,3745,79,,11,1,1,,97,,,,,,,,,,,,6497,,,,,,
1076,Shar Male 2,490,1762,1753,1760,1764,1765,1766,1763,0,0,100,78,1,169,0,0,1774,18,1,0,0,97,0,95,0,0,1,1,0,0,0,0,0,0,0,0,1419,0,0,0,0,0,0,0,92,,,,,,,,,,,,,,1,,,,,,,588,3741,,3748,3743,3746,3744,3745,79,,11,1,1,,97,,,,,,,,,,,,6497,,,,,,
1077,Shar Male 3,490,1762,1754,1760,1764,1765,1766,1763,0,0,100,78,1,169,0,0,1773,18,2,0,0,97,0,95,0,0,1,1,0,0,0,0,0,0,0,0,1419,0,0,0,0,0,0,0,92,,,,,,,,,,,,,,1,,,,,,,588,3741,,3749,3743,3746,3744,3745,79,,11,1,1,,97,,,,,,,,,,,,6497,,,,,,
1078,Shar Male 4,490,1762,1755,1760,1764,1765,1766,1763,0,0,100,78,1,169,0,0,1774,18,2,0,0,97,0,95,0,0,1,1,0,0,0,0,0,0,0,0,1419,0,0,0,0,0,0,0,92,,,,,,,,,,,,,,1,,,,,,,588,3741,,3750,3743,3746,3744,3745,79,,11,1,1,,97,,,,,,,,,,,,6497,,,,,,
1079,Shar Male 5,490,1762,1756,1760,1764,1765,1766,1763,0,0,100,78,1,169,0,0,1775,18,1,0,0,97,0,95,0,0,1,1,0,0,0,0,0,0,0,0,1419,0,0,0,0,0,0,0,92,,,,,,,,,,,,,,1,,,,,,,588,3741,,3751,3743,3746,3744,3745,79,,11,1,1,,97,,,,,,,,,,,,6497,,,,,,
1080,Shar Male 6,490,1762,1757,1760,1764,1765,1766,1763,0,0,100,78,1,169,0,0,1776,18,1,0,0,97,0,95,0,0,1,1,0,0,0,0,0,0,0,0,1419,0,0,0,0,0,0,0,92,,,,,,,,,,,,,,1,,,,,,,588,3741,,3752,3743,3746,3744,3745,79,,11,1,1,,97,,,,,,,,,,,,6497,,,,,,
1081,Shar Male 7,490,1762,1758,1760,1764,1765,1766,1763,0,0,100,78,1,169,0,0,1775,18,2,0,0,97,0,95,0,0,1,1,0,0,0,0,0,0,0,0,1419,0,0,0,0,0,0,0,92,,,,,,,,,,,,,,1,,,,,,,588,3741,,3747,3743,3746,3744,3745,79,,11,1,1,,97,,,,,,,,,,,,6497,,,,,,
1082,Shar Male 8,490,1762,1759,1760,1764,1765,1766,1763,0,0,100,78,1,169,0,0,1776,18,2,0,0,97,0,95,0,0,1,1,0,0,0,0,0,0,0,0,1419,0,0,0,0,0,0,0,92,,,,,,,,,,,,,,1,,,,,,,588,3741,,3748,3743,3746,3744,3745,79,,11,1,1,,97,,,,,,,,,,,,6497,,,,,,
1083,Shar Male 9,490,1762,1752,1760,1764,1765,1766,1763,0,0,100,78,1,169,0,0,1777,18,1,0,0,97,0,95,0,0,1,1,0,0,0,0,0,0,0,0,1419,0,0,0,0,0,0,0,92,,,,,,,,,,,,,,1,,,,,,,588,3741,,3749,3743,3746,3744,3745,79,,11,1,1,,97,,,,,,,,,,,,6497,,,,,,
1084,Shar Male 10,490,1762,1753,1760,1764,1765,1766,1763,0,0,100,78,1,169,0,0,1778,18,1,0,0,97,0,95,0,0,1,1,0,0,0,0,0,0,0,0,1419,0,0,0,0,0,0,0,92,,,,,,,,,,,,,,1,,,,,,,588,3741,,3750,3743,3746,3744,3745,79,,11,1,1,,97,,,,,,,,,,,,6497,,,,,,
1085,Shar Male 11,490,1762,1754,1760,1764,1765,1766,1763,0,0,100,78,1,169,0,0,1777,18,2,0,0,97,0,95,0,0,1,1,0,0,0,0,0,0,0,0,1419,0,0,0,0,0,0,0,92,,,,,,,,,,,,,,1,,,,,,,588,3741,,3751,3743,3746,3744,3745,79,,11,1,1,,97,,,,,,,,,,,,6497,,,,,,
1086,Shar Male 12,490,1762,1755,1760,1764,1765,1766,1763,0,0,100,78,1,169,0,0,1778,18,2,0,0,97,0,95,0,0,1,1,0,0,0,0,0,0,0,0,1419,0,0,0,0,0,0,0,92,,,,,,,,,,,,,,1,,,,,,,588,3741,,3752,3743,3746,3744,3745,79,,11,1,1,,97,,,,,,,,,,,,6497,,,,,,
1087,Shar Female 1,491,1761,1752,1760,1764,1765,1766,1763,0,0,100,76,1,168,0,0,1767,18,1,0,1,92,0,92,0,0,1,1,0,0,0,0,0,0,0,0,1419,0,0,0,0,0,0,0,92,,,,,,,,,,,,,,1,,,,,,,589,3742,,3753,6258,3746,3744,3745,79,,12,1,1,,94,,,,,,,,,,,,6497,,,,,,
1088,Shar Female 2,491,1761,1753,1760,1764,1765,1766,1763,0,0,100,76,1,168,0,0,1768,18,1,0,1,92,0,92,0,0,1,1,0,0,0,0,0,0,0,0,1419,0,0,0,0,0,0,0,92,,,,,,,,,,,,,,1,,,,,,,589,3742,,3754,6258,3746,3744,3745,79,,12,1,1,,94,,,,,,,,,,,,6497,,,,,,
1089,Shar Female 3,491,1761,1754,1760,1764,1765,1766,1763,0,0,100,76,1,168,0,0,1767,18,2,0,1,92,0,92,0,0,1,1,0,0,0,0,0,0,0,0,1419,0,0,0,0,0,0,0,92,,,,,,,,,,,,,,1,,,,,,,589,3742,,3755,6258,3746,3744,3745,79,,12,1,1,,94,,,,,,,,,,,,6497,,,,,,
1090,Shar Female 4,491,1761,1755,1760,1764,1765,1766,1763,0,0,100,76,1,168,0,0,1768,18,2,0,1,92,0,92,0,0,1,1,0,0,0,0,0,0,0,0,1419,0,0,0,0,0,0,0,92,,,,,,,,,,,,,,1,,,,,,,589,3742,,3756,6258,3746,3744,3745,79,,12,1,1,,94,,,,,,,,,,,,6497,,,,,,
1091,Shar Female 5,491,1761,1756,1760,1764,1765,1766,1763,0,0,100,76,1,168,0,0,1769,18,1,0,1,92,0,92,0,0,1,1,0,0,0,0,0,0,0,0,1419,0,0,0,0,0,0,0,92,,,,,,,,,,,,,,1,,,,,,,589,3742,,3757,6258,3746,3744,3745,79,,12,1,1,,94,,,,,,,,,,,,6497,,,,,,
1092,Shar Female 6,491,1761,1757,1760,1764,1765,1766,1763,0,0,100,76,1,168,0,0,1770,18,1,0,1,92,0,92,0,0,1,1,0,0,0,0,0,0,0,0,1419,0,0,0,0,0,0,0,92,,,,,,,,,,,,,,1,,,,,,,589,3742,,3758,6258,3746,3744,3745,79,,12,1,1,,94,,,,,,,,,,,,6497,,,,,,
1093,Shar Female 7,491,1761,1758,1760,1764,1765,1766,1763,0,0,100,76,1,168,0,0,1769,18,2,0,1,92,0,92,0,0,1,1,0,0,0,0,0,0,0,0,1419,0,0,0,0,0,0,0,92,,,,,,,,,,,,,,1,,,,,,,589,3742,,3753,6258,3746,3744,3745,79,,12,1,1,,94,,,,,,,,,,,,6497,,,,,,
1094,Shar Female 8,491,1761,1759,1760,1764,1765,1766,1763,0,0,100,76,1,168,0,0,1770,18,2,0,1,92,0,92,0,0,1,1,0,0,0,0,0,0,0,0,1419,0,0,0,0,0,0,0,92,,,,,,,,,,,,,,1,,,,,,,589,3742,,3754,6258,3746,3744,3745,79,,12,1,1,,94,,,,,,,,,,,,6497,,,,,,
1095,Shar Female 9,491,1761,1752,1760,1764,1765,1766,1763,0,0,100,76,1,168,0,0,1771,18,1,0,1,92,0,92,0,0,1,1,0,0,0,0,0,0,0,0,1419,0,0,0,0,0,0,0,92,,,,,,,,,,,,,,1,,,,,,,589,3742,,3755,6258,3746,3744,3745,79,,12,1,1,,94,,,,,,,,,,,,6497,,,,,,
1096,Shar Female 10,491,1761,1753,1760,1764,1765,1766,1763,0,0,100,76,1,168,0,0,1772,18,1,0,1,92,0,92,0,0,1,1,0,0,0,0,0,0,0,0,1419,0,0,0,0,0,0,0,92,,,,,,,,,,,,,,1,,,,,,,589,3742,,3756,6258,3746,3744,3745,79,,12,1,1,,94,,,,,,,,,,,,6497,,,,,,
1097,Shar Female 11,491,1761,1754,1760,1764,1765,1766,1763,0,0,100,76,1,168,0,0,1771,18,2,0,1,92,0,92,0,0,1,1,0,0,0,0,0,0,0,0,1419,0,0,0,0,0,0,0,92,,,,,,,,,,,,,,1,,,,,,,589,3742,,3757,6258,3746,3744,3745,79,,12,1,1,,94,,,,,,,,,,,,6497,,,,,,
1098,Shar Female 12,491,1761,1755,1760,1764,1765,1766,1763,0,0,100,76,1,168,0,0,1772,18,2,0,1,92,0,92,0,0,1,1,0,0,0,0,0,0,0,0,1419,0,0,0,0,0,0,0,92,,,,,,,,,,,,,,1,,,,,,,589,3742,,3758,6258,3746,3744,3745,79,,12,1,1,,94,,,,,,,,,,,,6497,,,,,,
1099,Half Ogre Merchant Male 1,449,1601,1018,1599,1603,1604,1605,1602,0,0,123,98,1,154,0,0,1612,0,1,0,0,98,0,95,0,0,1,1,0,0,0,0,0,0,0,0,1419,0,0,0,0,0,0,0,98,,,,,,,,,,,,,,1,,,,,,,606,3579,,3590,3581,3582,3583,3584,79,,11,1,,,126,,,,,,,,,,,,,,,,,,
1100,Half Ogre Merchant Male 2,449,1601,1021,1599,1603,1604,1605,1602,0,0,123,98,1,154,0,0,1613,0,1,0,0,98,0,95,0,0,1,1,0,0,0,0,0,0,0,0,1419,0,0,0,0,0,0,0,98,,,,,,,,,,,,,,1,,,,,,,606,3579,,3590,3581,3582,3583,3584,79,,11,1,,,126,,,,,,,,,,,,,,,,,,
1101,Half Ogre Merchant Male 3,449,1601,1017,1599,1603,1604,1605,1602,0,0,123,98,1,154,0,0,1612,0,2,0,0,98,0,95,0,0,1,1,0,0,0,0,0,0,0,0,1419,0,0,0,0,0,0,0,98,,,,,,,,,,,,,,1,,,,,,,606,3579,,3590,3581,3582,3583,3584,79,,11,1,,,126,,,,,,,,,,,,,,,,,,
1102,Half Ogre Merchant Male 4,449,1601,1022,1599,1603,1604,1605,1602,0,0,123,98,1,154,0,0,1613,0,2,0,0,98,0,95,0,0,1,1,0,0,0,0,0,0,0,0,1419,0,0,0,0,0,0,0,98,,,,,,,,,,,,,,1,,,,,,,606,3579,,3590,3581,3582,3583,3584,79,,11,1,,,126,,,,,,,,,,,,,,,,,,
1103,Half Ogre Merchant Male 5,449,1601,1020,1599,1603,1604,1605,1602,0,0,123,98,1,154,0,0,1614,0,1,0,0,98,0,95,0,0,1,1,0,0,0,0,0,0,0,0,1419,0,0,0,0,0,0,0,98,,,,,,,,,,,,,,1,,,,,,,606,3579,,3590,3581,3582,3583,3584,79,,11,1,,,126,,,,,,,,,,,,,,,,,,
1104,Half Ogre Merchant Male 6,449,1601,1024,1599,1603,1604,1605,1602,0,0,123,98,1,154,0,0,1615,0,1,0,0,98,0,95,0,0,1,1,0,0,0,0,0,0,0,0,1419,0,0,0,0,0,0,0,98,,,,,,,,,,,,,,1,,,,,,,606,3579,,3590,3581,3582,3583,3584,79,,11,1,,,126,,,,,,,,,,,,,,,,,,
1105,Half Ogre Merchant Male 7,449,1601,1019,1599,1603,1604,1605,1602,0,0,123,98,1,154,0,0,1614,0,2,0,0,98,0,95,0,0,1,1,0,0,0,0,0,0,0,0,1419,0,0,0,0,0,0,0,98,,,,,,,,,,,,,,1,,,,,,,606,3579,,3590,3581,3582,3583,3584,79,,11,1,,,126,,,,,,,,,,,,,,,,,,
1106,Half Ogre Merchant Male 8,449,1601,1030,1599,1603,1604,1605,1602,0,0,123,98,1,154,0,0,1615,0,2,0,0,98,0,95,0,0,1,1,0,0,0,0,0,0,0,0,1419,0,0,0,0,0,0,0,98,,,,,,,,,,,,,,1,,,,,,,606,3579,,3590,3581,3582,3583,3584,79,,11,1,,,126,,,,,,,,,,,,,,,,,,
1107,Half Ogre Merchant Male 9,449,1601,1018,1599,1603,1604,1605,1602,0,0,123,98,1,154,0,0,1616,0,1,0,0,98,0,95,0,0,1,1,0,0,0,0,0,0,0,0,1419,0,0,0,0,0,0,0,98,,,,,,,,,,,,,,1,,,,,,,606,3579,,3590,3581,3582,3583,3584,79,,11,1,,,126,,,,,,,,,,,,,,,,,,
1108,Half Ogre Merchant Male 10,449,1601,1021,1599,1603,1604,1605,1602,0,0,123,98,1,154,0,0,1617,0,1,0,0,98,0,95,0,0,1,1,0,0,0,0,0,0,0,0,1419,0,0,0,0,0,0,0,98,,,,,,,,,,,,,,1,,,,,,,606,3579,,3590,3581,3582,3583,3584,79,,11,1,,,126,,,,,,,,,,,,,,,,,,
1109,Half Ogre Merchant Male 11,449,1601,1017,1599,1603,1604,1605,1602,0,0,123,98,1,154,0,0,1616,0,2,0,0,98,0,95,0,0,1,1,0,0,0,0,0,0,0,0,1419,0,0,0,0,0,0,0,98,,,,,,,,,,,,,,1,,,,,,,606,3579,,3590,3581,3582,3583,3584,79,,11,1,,,126,,,,,,,,,,,,,,,,,,
1110,Half Ogre Merchant Male 12,449,1601,1022,1599,1603,1604,1605,1602,0,0,123,98,1,154,0,0,1617,0,2,0,0,98,0,95,0,0,1,1,0,0,0,0,0,0,0,0,1419,0,0,0,0,0,0,0,98,,,,,,,,,,,,,,1,,,,,,,606,3579,,3590,3581,3582,3583,3584,79,,11,1,,,126,,,,,,,,,,,,,,,,,,
1111,Half Ogre Merchant Female 1,450,1600,1018,1599,1603,1604,1605,1602,0,0,123,98,1,153,0,0,1606,0,1,0,1,92,0,97,0,0,1,1,0,0,0,0,0,0,0,0,1419,0,0,0,0,0,0,0,92,,,,,,,,,,,,,,1,,,,,,,607,3580,,3591,3581,6233,3583,3584,79,,12,1,,,117,,,,,,,,,,,,,,,,,,
1112,Half Ogre Merchant Female 2,450,1600,1021,1599,1603,1604,1605,1602,0,0,123,98,1,153,0,0,1607,0,1,0,1,92,0,97,0,0,1,1,0,0,0,0,0,0,0,0,1419,0,0,0,0,0,0,0,92,,,,,,,,,,,,,,1,,,,,,,607,3580,,3591,3581,6233,3583,3584,79,,12,1,,,117,,,,,,,,,,,,,,,,,,
1113,Half Ogre Merchant Female 3,450,1600,1017,1599,1603,1604,1605,1602,0,0,123,98,1,153,0,0,1606,0,2,0,1,92,0,97,0,0,1,1,0,0,0,0,0,0,0,0,1419,0,0,0,0,0,0,0,92,,,,,,,,,,,,,,1,,,,,,,607,3580,,3591,3581,6233,3583,3584,79,,12,1,,,117,,,,,,,,,,,,,,,,,,
1114,Half Ogre Merchant Female 4,450,1600,1022,1599,1603,1604,1605,1602,0,0,123,98,1,153,0,0,1607,0,2,0,1,92,0,97,0,0,1,1,0,0,0,0,0,0,0,0,1419,0,0,0,0,0,0,0,92,,,,,,,,,,,,,,1,,,,,,,607,3580,,3591,3581,6233,3583,3584,79,,12,1,,,117,,,,,,,,,,,,,,,,,,
1115,Half Ogre Merchant Female 5,450,1600,1020,1599,1603,1604,1605,1602,0,0,123,98,1,153,0,0,1608,0,1,0,1,92,0,97,0,0,1,1,0,0,0,0,0,0,0,0,1419,0,0,0,0,0,0,0,92,,,,,,,,,,,,,,1,,,,,,,607,3580,,3591,3581,6233,3583,3584,79,,12,1,,,117,,,,,,,,,,,,,,,,,,
1116,Half Ogre Merchant Female 6,450,1600,1024,1599,1603,1604,1605,1602,0,0,123,98,1,153,0,0,1609,0,1,0,1,92,0,97,0,0,1,1,0,0,0,0,0,0,0,0,1419,0,0,0,0,0,0,0,92,,,,,,,,,,,,,,1,,,,,,,607,3580,,3591,3581,6233,3583,3584,79,,12,1,,,117,,,,,,,,,,,,,,,,,,
1117,Half Ogre Merchant Female 7,450,1600,1019,1599,1603,1604,1605,1602,0,0,123,98,1,153,0,0,1608,0,2,0,1,92,0,97,0,0,1,1,0,0,0,0,0,0,0,0,1419,0,0,0,0,0,0,0,92,,,,,,,,,,,,,,1,,,,,,,607,3580,,3591,3581,6233,3583,3584,79,,12,1,,,117,,,,,,,,,,,,,,,,,,
1118,Half Ogre Merchant Female 8,450,1600,1030,1599,1603,1604,1605,1602,0,0,123,98,1,153,0,0,1609,0,2,0,1,92,0,97,0,0,1,1,0,0,0,0,0,0,0,0,1419,0,0,0,0,0,0,0,92,,,,,,,,,,,,,,1,,,,,,,607,3580,,3591,3581,6233,3583,3584,79,,12,1,,,117,,,,,,,,,,,,,,,,,,
1119,Half Ogre Merchant Female 9,450,1600,1018,1599,1603,1604,1605,1602,0,0,123,98,1,153,0,0,1610,0,1,0,1,92,0,97,0,0,1,1,0,0,0,0,0,0,0,0,1419,0,0,0,0,0,0,0,92,,,,,,,,,,,,,,1,,,,,,,607,3580,,3591,3581,6233,3583,3584,79,,12,1,,,117,,,,,,,,,,,,,,,,,,
1120,Half Ogre Merchant Female 10,450,1600,1021,1599,1603,1604,1605,1602,0,0,123,98,1,153,0,0,1611,0,1,0,1,92,0,97,0,0,1,1,0,0,0,0,0,0,0,0,1419,0,0,0,0,0,0,0,92,,,,,,,,,,,,,,1,,,,,,,607,3580,,3591,3581,6233,3583,3584,79,,12,1,,,117,,,,,,,,,,,,,,,,,,
1121,Half Ogre Merchant Female 11,450,1600,1017,1599,1603,1604,1605,1602,0,0,123,98,1,153,0,0,1610,0,2,0,1,92,0,97,0,0,1,1,0,0,0,0,0,0,0,0,1419,0,0,0,0,0,0,0,92,,,,,,,,,,,,,,1,,,,,,,607,3580,,3591,3581,6233,3583,3584,79,,12,1,,,117,,,,,,,,,,,,,,,,,,
1122,Half Ogre Merchant Female 12,450,1600,1022,1599,1603,1604,1605,1602,0,0,123,98,1,153,0,0,1611,0,2,0,1,92,0,97,0,0,1,1,0,0,0,0,0,0,0,0,1419,0,0,0,0,0,0,0,92,,,,,,,,,,,,,,1,,,,,,,607,3580,,3591,3581,6233,3583,3584,79,,12,1,,,117,,,,,,,,,,,,,,,,,,
1123,Frostalf Merchant Male 1,464,1646,1021,1644,1648,1649,1650,1647,0,0,100,82,1,150,0,0,1657,0,1,0,0,98,0,95,0,0,1,1,0,0,0,0,0,0,0,0,1419,0,0,0,0,0,0,0,98,,,,,,,,,,,,,,1,,,,,,,586,3255,,3331,3256,3259,3257,3258,79,3253,11,,,,101,,,,,,,,,,,,,,,,,,
1124,Frostalf Merchant Male 2,464,1646,1016,1644,1648,1649,1650,1647,0,0,100,82,1,150,0,0,1658,0,1,0,0,98,0,95,0,0,1,1,0,0,0,0,0,0,0,0,1419,0,0,0,0,0,0,0,98,,,,,,,,,,,,,,1,,,,,,,586,3255,,3331,3256,3259,3257,3258,79,3253,11,,,,101,,,,,,,,,,,,,,,,,,
1125,Frostalf Merchant Male 3,464,1646,1028,1644,1648,1649,1650,1647,0,0,100,82,1,150,0,0,1657,0,2,0,0,98,0,95,0,0,1,1,0,0,0,0,0,0,0,0,1419,0,0,0,0,0,0,0,98,,,,,,,,,,,,,,1,,,,,,,586,3255,,3331,3256,3259,3257,3258,79,3253,11,,,,101,,,,,,,,,,,,,,,,,,
1126,Frostalf Merchant Male 4,464,1646,1023,1644,1648,1649,1650,1647,0,0,100,82,1,150,0,0,1658,0,2,0,0,98,0,95,0,0,1,1,0,0,0,0,0,0,0,0,1419,0,0,0,0,0,0,0,98,,,,,,,,,,,,,,1,,,,,,,586,3255,,3331,3256,3259,3257,3258,79,3253,11,,,,101,,,,,,,,,,,,,,,,,,
1127,Frostalf Merchant Male 5,464,1646,1030,1644,1648,1649,1650,1647,0,0,100,82,1,150,0,0,1659,0,1,0,0,98,0,95,0,0,1,1,0,0,0,0,0,0,0,0,1419,0,0,0,0,0,0,0,98,,,,,,,,,,,,,,1,,,,,,,586,3255,,3331,3256,3259,3257,3258,79,3253,11,,,,101,,,,,,,,,,,,,,,,,,
1128,Frostalf Merchant Male 6,464,1646,1021,1644,1648,1649,1650,1647,0,0,100,82,1,150,0,0,1660,0,1,0,0,98,0,95,0,0,1,1,0,0,0,0,0,0,0,0,1419,0,0,0,0,0,0,0,98,,,,,,,,,,,,,,1,,,,,,,586,3255,,3331,3256,3259,3257,3258,79,3253,11,,,,101,,,,,,,,,,,,,,,,,,
1129,Frostalf Merchant Male 7,464,1646,1016,1644,1648,1649,1650,1647,0,0,100,82,1,150,0,0,1659,0,2,0,0,98,0,95,0,0,1,1,0,0,0,0,0,0,0,0,1419,0,0,0,0,0,0,0,98,,,,,,,,,,,,,,1,,,,,,,586,3255,,3331,3256,3259,3257,3258,79,3253,11,,,,101,,,,,,,,,,,,,,,,,,
1130,Frostalf Merchant Male 8,464,1646,1028,1644,1648,1649,1650,1647,0,0,100,82,1,150,0,0,1660,0,2,0,0,98,0,95,0,0,1,1,0,0,0,0,0,0,0,0,1419,0,0,0,0,0,0,0,98,,,,,,,,,,,,,,1,,,,,,,586,3255,,3331,3256,3259,3257,3258,79,3253,11,,,,101,,,,,,,,,,,,,,,,,,
1131,Frostalf Merchant Male 9,464,1646,1023,1644,1648,1649,1650,1647,0,0,100,82,1,150,0,0,1661,0,1,0,0,98,0,95,0,0,1,1,0,0,0,0,0,0,0,0,1419,0,0,0,0,0,0,0,98,,,,,,,,,,,,,,1,,,,,,,586,3255,,3331,3256,3259,3257,3258,79,3253,11,,,,101,,,,,,,,,,,,,,,,,,
1132,Frostalf Merchant Male 10,464,1646,1030,1644,1648,1649,1650,1647,0,0,100,82,1,150,0,0,1662,0,1,0,0,98,0,95,0,0,1,1,0,0,0,0,0,0,0,0,1419,0,0,0,0,0,0,0,98,,,,,,,,,,,,,,1,,,,,,,586,3255,,3331,3256,3259,3257,3258,79,3253,11,,,,101,,,,,,,,,,,,,,,,,,
1133,Frostalf Merchant Male 11,464,1646,1021,1644,1648,1649,1650,1647,0,0,100,82,1,150,0,0,1661,0,2,0,0,98,0,95,0,0,1,1,0,0,0,0,0,0,0,0,1419,0,0,0,0,0,0,0,98,,,,,,,,,,,,,,1,,,,,,,586,3255,,3331,3256,3259,3257,3258,79,3253,11,,,,101,,,,,,,,,,,,,,,,,,
1134,Frostalf Merchant Male 12,464,1646,1016,1644,1648,1649,1650,1647,0,0,100,82,1,150,0,0,1662,0,2,0,0,98,0,95,0,0,1,1,0,0,0,0,0,0,0,0,1419,0,0,0,0,0,0,0,98,,,,,,,,,,,,,,1,,,,,,,586,3255,,3331,3256,3259,3257,3258,79,3253,11,,,,101,,,,,,,,,,,,,,,,,,
1135,Frostalf Merchant Female 1,465,1645,1021,1644,1648,1649,1650,1647,0,0,100,80,1,149,0,0,1651,0,1,0,1,92,0,97,0,0,1,1,0,0,0,0,0,0,0,0,1419,0,0,0,0,0,0,0,92,,,,,,,,,,,,,,1,,,,,,,587,3367,,3325,3256,3259,3257,3258,79,3253,12,,,,96,,,,,,,,,,,,,,,,,,
1136,Frostalf Merchant Female 2,465,1645,1016,1644,1648,1649,1650,1647,0,0,100,80,1,149,0,0,1652,0,1,0,1,92,0,97,0,0,1,1,0,0,0,0,0,0,0,0,1419,0,0,0,0,0,0,0,92,,,,,,,,,,,,,,1,,,,,,,587,3367,,3325,3256,3259,3257,3258,79,3253,12,,,,96,,,,,,,,,,,,,,,,,,
1137,Frostalf Merchant Female 3,465,1645,1028,1644,1648,1649,1650,1647,0,0,100,80,1,149,0,0,1651,0,2,0,1,92,0,97,0,0,1,1,0,0,0,0,0,0,0,0,1419,0,0,0,0,0,0,0,92,,,,,,,,,,,,,,1,,,,,,,587,3367,,3325,3256,3259,3257,3258,79,3253,12,,,,96,,,,,,,,,,,,,,,,,,
1138,Frostalf Merchant Female 4,465,1645,1023,1644,1648,1649,1650,1647,0,0,100,80,1,149,0,0,1652,0,2,0,1,92,0,97,0,0,1,1,0,0,0,0,0,0,0,0,1419,0,0,0,0,0,0,0,92,,,,,,,,,,,,,,1,,,,,,,587,3367,,3325,3256,3259,3257,3258,79,3253,12,,,,96,,,,,,,,,,,,,,,,,,
1139,Frostalf Merchant Female 5,465,1645,1030,1644,1648,1649,1650,1647,0,0,100,80,1,149,0,0,1653,0,1,0,1,92,0,97,0,0,1,1,0,0,0,0,0,0,0,0,1419,0,0,0,0,0,0,0,92,,,,,,,,,,,,,,1,,,,,,,587,3367,,3325,3256,3259,3257,3258,79,3253,12,,,,96,,,,,,,,,,,,,,,,,,
1140,Frostalf Merchant Female 6,465,1645,1021,1644,1648,1649,1650,1647,0,0,100,80,1,149,0,0,1654,0,1,0,1,92,0,97,0,0,1,1,0,0,0,0,0,0,0,0,1419,0,0,0,0,0,0,0,92,,,,,,,,,,,,,,1,,,,,,,587,3367,,3325,3256,3259,3257,3258,79,3253,12,,,,96,,,,,,,,,,,,,,,,,,
1141,Frostalf Merchant Female 7,465,1645,1016,1644,1648,1649,1650,1647,0,0,100,80,1,149,0,0,1653,0,2,0,1,92,0,97,0,0,1,1,0,0,0,0,0,0,0,0,1419,0,0,0,0,0,0,0,92,,,,,,,,,,,,,,1,,,,,,,587,3367,,3325,3256,3259,3257,3258,79,3253,12,,,,96,,,,,,,,,,,,,,,,,,
1142,Frostalf Merchant Female 8,465,1645,1028,1644,1648,1649,1650,1647,0,0,100,80,1,149,0,0,1654,0,2,0,1,92,0,97,0,0,1,1,0,0,0,0,0,0,0,0,1419,0,0,0,0,0,0,0,92,,,,,,,,,,,,,,1,,,,,,,587,3367,,3325,3256,3259,3257,3258,79,3253,12,,,,96,,,,,,,,,,,,,,,,,,
1143,Frostalf Merchant Female 9,465,1645,1023,1644,1648,1649,1650,1647,0,0,100,80,1,149,0,0,1655,0,1,0,1,92,0,97,0,0,1,1,0,0,0,0,0,0,0,0,1419,0,0,0,0,0,0,0,92,,,,,,,,,,,,,,1,,,,,,,587,3367,,3325,3256,3259,3257,3258,79,3253,12,,,,96,,,,,,,,,,,,,,,,,,
1144,Frostalf Merchant Female 10,465,1645,1030,1644,1648,1649,1650,1647,0,0,100,80,1,149,0,0,1656,0,1,0,1,92,0,97,0,0,1,1,0,0,0,0,0,0,0,0,1419,0,0,0,0,0,0,0,92,,,,,,,,,,,,,,1,,,,,,,587,3367,,3325,3256,3259,3257,3258,79,3253,12,,,,96,,,,,,,,,,,,,,,,,,
1145,Frostalf Merchant Female 11,465,1645,1021,1644,1648,1649,1650,1647,0,0,100,80,1,149,0,0,1655,0,2,0,1,92,0,97,0,0,1,1,0,0,0,0,0,0,0,0,1419,0,0,0,0,0,0,0,92,,,,,,,,,,,,,,1,,,,,,,587,3367,,3325,3256,3259,3257,3258,79,3253,12,,,,96,,,,,,,,,,,,,,,,,,
1146,Frostalf Merchant Female 12,465,1645,1016,1644,1648,1649,1650,1647,0,0,100,80,1,149,0,0,1656,0,2,0,1,92,0,97,0,0,1,1,0,0,0,0,0,0,0,0,1419,0,0,0,0,0,0,0,92,,,,,,,,,,,,,,1,,,,,,,587,3367,,3325,3256,3259,3257,3258,79,3253,12,,,,96,,,,,,,,,,,,,,,,,,
1147,Shar Merchant Male 1,490,1762,1752,1760,1764,1765,1766,1763,0,0,100,78,1,169,0,0,1773,0,2,0,0,92,0,97,0,0,1,1,0,0,0,0,0,0,0,0,1419,0,0,0,0,0,0,0,92,,,,,,,,,,,,,,1,,,,,,,588,3741,,3752,3743,3746,3744,3745,79,,11,,,,94,,,,,,,,,,,,6496,,,,,,
1148,Shar Merchant Male 2,490,1762,1753,1760,1764,1765,1766,1763,0,0,100,78,1,169,0,0,1774,0,2,0,0,92,0,97,0,0,1,1,0,0,0,0,0,0,0,0,1419,0,0,0,0,0,0,0,92,,,,,,,,,,,,,,1,,,,,,,588,3741,,3752,3743,3746,3744,3745,79,,11,,,,94,,,,,,,,,,,,6496,,,,,,
1149,Shar Merchant Male 3,490,1762,1754,1760,1764,1765,1766,1763,0,0,100,78,1,169,0,0,1773,0,2,0,0,92,0,97,0,0,1,1,0,0,0,0,0,0,0,0,1419,0,0,0,0,0,0,0,92,,,,,,,,,,,,,,1,,,,,,,588,3741,,3752,3743,3746,3744,3745,79,,11,,,,94,,,,,,,,,,,,6496,,,,,,
1150,Shar Merchant Male 4,490,1762,1755,1760,1764,1765,1766,1763,0,0,100,78,1,169,0,0,1774,0,2,0,0,92,0,97,0,0,1,1,0,0,0,0,0,0,0,0,1419,0,0,0,0,0,0,0,92,,,,,,,,,,,,,,1,,,,,,,588,3741,,3752,3743,3746,3744,3745,79,,11,,,,94,,,,,,,,,,,,6496,,,,,,
1151,Shar Merchant Male 5,490,1762,1756,1760,1764,1765,1766,1763,0,0,100,78,1,169,0,0,1775,0,2,0,0,92,0,97,0,0,1,1,0,0,0,0,0,0,0,0,1419,0,0,0,0,0,0,0,92,,,,,,,,,,,,,,1,,,,,,,588,3741,,3752,3743,3746,3744,3745,79,,11,,,,94,,,,,,,,,,,,6496,,,,,,
1152,Shar Merchant Male 6,490,1762,1757,1760,1764,1765,1766,1763,0,0,100,78,1,169,0,0,1776,0,2,0,0,92,0,97,0,0,1,1,0,0,0,0,0,0,0,0,1419,0,0,0,0,0,0,0,92,,,,,,,,,,,,,,1,,,,,,,588,3741,,3752,3743,3746,3744,3745,79,,11,,,,94,,,,,,,,,,,,6496,,,,,,
1153,Shar Merchant Male 7,490,1762,1758,1760,1764,1765,1766,1763,0,0,100,78,1,169,0,0,1775,0,2,0,0,92,0,97,0,0,1,1,0,0,0,0,0,0,0,0,1419,0,0,0,0,0,0,0,92,,,,,,,,,,,,,,1,,,,,,,588,3741,,3752,3743,3746,3744,3745,79,,11,,,,94,,,,,,,,,,,,6496,,,,,,
1154,Shar Merchant Male 8,490,1762,1759,1760,1764,1765,1766,1763,0,0,100,78,1,169,0,0,1776,0,2,0,0,92,0,97,0,0,1,1,0,0,0,0,0,0,0,0,1419,0,0,0,0,0,0,0,92,,,,,,,,,,,,,,1,,,,,,,588,3741,,3752,3743,3746,3744,3745,79,,11,,,,94,,,,,,,,,,,,6496,,,,,,
1155,Shar Merchant Male 9,490,1762,1752,1760,1764,1765,1766,1763,0,0,100,78,1,169,0,0,1777,0,2,0,0,92,0,97,0,0,1,1,0,0,0,0,0,0,0,0,1419,0,0,0,0,0,0,0,92,,,,,,,,,,,,,,1,,,,,,,588,3741,,3752,3743,3746,3744,3745,79,,11,,,,94,,,,,,,,,,,,6496,,,,,,
1156,Shar Merchant Male 10,490,1762,1753,1760,1764,1765,1766,1763,0,0,100,78,1,169,0,0,1778,0,2,0,0,92,0,97,0,0,1,1,0,0,0,0,0,0,0,0,1419,0,0,0,0,0,0,0,92,,,,,,,,,,,,,,1,,,,,,,588,3741,,3752,3743,3746,3744,3745,79,,11,,,,94,,,,,,,,,,,,6496,,,,,,
1157,Shar Merchant Male 11,490,1762,1754,1760,1764,1765,1766,1763,0,0,100,78,1,169,0,0,1777,0,2,0,0,92,0,97,0,0,1,1,0,0,0,0,0,0,0,0,1419,0,0,0,0,0,0,0,92,,,,,,,,,,,,,,1,,,,,,,588,3741,,3752,3743,3746,3744,3745,79,,11,,,,94,,,,,,,,,,,,6496,,,,,,
1158,Shar Merchant Male 12,490,1762,1755,1760,1764,1765,1766,1763,0,0,100,78,1,169,0,0,1778,0,2,0,0,92,0,97,0,0,1,1,0,0,0,0,0,0,0,0,1419,0,0,0,0,0,0,0,92,,,,,,,,,,,,,,1,,,,,,,588,3741,,3752,3743,3746,3744,3745,79,,11,,,,94,,,,,,,,,,,,6496,,,,,,
1159,Shar Merchant Female 1,491,1761,1752,1760,1764,1765,1766,1763,0,0,100,76,1,168,0,0,1767,0,2,0,1,92,0,97,0,0,1,1,0,0,0,0,0,0,0,0,1419,0,0,0,0,0,0,0,92,,,,,,,,,,,,,,1,,,,,,,589,3742,,3753,3743,6258,3744,3745,79,,12,,,,91,,,,,,,,,,,,6496,,,,,,
1160,Shar Merchant Female 2,491,1761,1753,1760,1764,1765,1766,1763,0,0,100,76,1,168,0,0,1768,0,2,0,1,92,0,97,0,0,1,1,0,0,0,0,0,0,0,0,1419,0,0,0,0,0,0,0,92,,,,,,,,,,,,,,1,,,,,,,589,3742,,3753,3743,6258,3744,3745,79,,12,,,,91,,,,,,,,,,,,6496,,,,,,
1161,Shar Merchant Female 3,491,1761,1754,1760,1764,1765,1766,1763,0,0,100,76,1,168,0,0,1767,0,2,0,1,92,0,97,0,0,1,1,0,0,0,0,0,0,0,0,1419,0,0,0,0,0,0,0,92,,,,,,,,,,,,,,1,,,,,,,589,3742,,3753,3743,6258,3744,3745,79,,12,,,,91,,,,,,,,,,,,6496,,,,,,
1162,Shar Merchant Female 4,491,1761,1755,1760,1764,1765,1766,1763,0,0,100,76,1,168,0,0,1768,0,2,0,1,92,0,97,0,0,1,1,0,0,0,0,0,0,0,0,1419,0,0,0,0,0,0,0,92,,,,,,,,,,,,,,1,,,,,,,589,3742,,3753,3743,6258,3744,3745,79,,12,,,,91,,,,,,,,,,,,6496,,,,,,
1163,Shar Merchant Female 5,491,1761,1756,1760,1764,1765,1766,1763,0,0,100,76,1,168,0,0,1769,0,2,0,1,92,0,97,0,0,1,1,0,0,0,0,0,0,0,0,1419,0,0,0,0,0,0,0,92,,,,,,,,,,,,,,1,,,,,,,589,3742,,3753,3743,6258,3744,3745,79,,12,,,,91,,,,,,,,,,,,6496,,,,,,
1164,Shar Merchant Female 6,491,1761,1757,1760,1764,1765,1766,1763,0,0,100,76,1,168,0,0,1770,0,2,0,1,92,0,97,0,0,1,1,0,0,0,0,0,0,0,0,1419,0,0,0,0,0,0,0,92,,,,,,,,,,,,,,1,,,,,,,589,3742,,3753,3743,6258,3744,3745,79,,12,,,,91,,,,,,,,,,,,6496,,,,,,
1165,Shar Merchant Female 7,491,1761,1758,1760,1764,1765,1766,1763,0,0,100,76,1,168,0,0,1769,0,2,0,1,92,0,97,0,0,1,1,0,0,0,0,0,0,0,0,1419,0,0,0,0,0,0,0,92,,,,,,,,,,,,,,1,,,,,,,589,3742,,3753,3743,6258,3744,3745,79,,12,,,,91,,,,,,,,,,,,6496,,,,,,
1166,Shar Merchant Female 8,491,1761,1759,1760,1764,1765,1766,1763,0,0,100,76,1,168,0,0,1770,0,2,0,1,92,0,97,0,0,1,1,0,0,0,0,0,0,0,0,1419,0,0,0,0,0,0,0,92,,,,,,,,,,,,,,1,,,,,,,589,3742,,3753,3743,6258,3744,3745,79,,12,,,,91,,,,,,,,,,,,6496,,,,,,
1167,Shar Merchant Female 9,491,1761,1752,1760,1764,1765,1766,1763,0,0,100,76,1,168,0,0,1771,0,2,0,1,92,0,97,0,0,1,1,0,0,0,0,0,0,0,0,1419,0,0,0,0,0,0,0,92,,,,,,,,,,,,,,1,,,,,,,589,3742,,3753,3743,6258,3744,3745,79,,12,,,,91,,,,,,,,,,,,6496,,,,,,
1168,Shar Merchant Female 10,491,1761,1753,1760,1764,1765,1766,1763,0,0,100,76,1,168,0,0,1772,0,2,0,1,92,0,97,0,0,1,1,0,0,0,0,0,0,0,0,1419,0,0,0,0,0,0,0,92,,,,,,,,,,,,,,1,,,,,,,589,3742,,3753,3743,6258,3744,3745,79,,12,,,,91,,,,,,,,,,,,6496,,,,,,
1169,Shar Merchant Female 11,491,1761,1754,1760,1764,1765,1766,1763,0,0,100,76,1,168,0,0,1771,0,2,0,1,92,0,97,0,0,1,1,0,0,0,0,0,0,0,0,1419,0,0,0,0,0,0,0,92,,,,,,,,,,,,,,1,,,,,,,589,3742,,3753,3743,6258,3744,3745,79,,12,,,,91,,,,,,,,,,,,6496,,,,,,
1170,Shar Merchant Female 12,491,1761,1755,1760,1764,1765,1766,1763,0,0,100,76,1,168,0,0,1772,0,2,0,1,92,0,97,0,0,1,1,0,0,0,0,0,0,0,0,1419,0,0,0,0,0,0,0,92,,,,,,,,,,,,,,1,,,,,,,589,3742,,3753,3743,6258,3744,3745,79,,12,,,,91,,,,,,,,,,,,6496,,,,,,
1171,Andro Sphinx 01,468,1666,1667,0,0,0,0,0,0,0,100,105,1,171,0,0,0,0,0,0,0,92,0,0,0,1671,0,0,0,0,0,0,0,0,0,0,1419,0,0,0,1589,0,0,0,92,,,,,,,1672,,,,,,,0,,,,,,,,,,,,,,,,,,,,,,,,,,,,,,,,,,,,,,,
1172,Andro Sphinx 02,468,1666,1668,0,0,0,0,0,0,0,100,105,1,171,0,0,0,0,0,0,0,92,0,0,0,1671,0,0,0,0,0,0,0,0,0,0,1419,0,0,0,1589,0,0,0,92,,,,,,,1672,,,,,,,0,,,,,,,,,,,,,,,,,,,,,,,,,,,,,,,,,,,,,,,
1173,Andro Sphinx 03,468,1666,1669,0,0,0,0,0,0,0,100,105,1,171,0,0,0,0,0,0,0,92,0,0,0,1671,0,0,0,0,0,0,0,0,0,0,1419,0,0,0,1589,0,0,0,92,,,,,,,1672,,,,,,,0,,,,,,,,,,,,,,,,,,,,,,,,,,,,,,,,,,,,,,,
1174,Andro Sphinx 04,468,1666,1670,0,0,0,0,0,0,0,100,105,1,171,0,0,0,0,0,0,0,92,0,0,0,1671,0,0,0,0,0,0,0,0,0,0,1419,0,0,0,1589,0,0,0,92,,,,,,,1672,,,,,,,0,,,,,,,,,,,,,,,,,,,,,,,,,,,,,,,,,,,,,,,
1175,Hieraco Sphinx 01,469,1673,1674,0,0,0,0,0,0,0,100,105,1,156,0,0,0,0,0,0,0,92,0,0,0,1676,0,0,0,0,0,0,0,0,0,1678,1419,0,0,0,1589,1589,0,0,92,,,,,,,1677,1679,,,,,,0,,,,,,,,,,,,,,,,,,,,,,,,,,,,,,,,,,,,,,,
1176,Hieraco Sphinx 02,469,1673,1675,0,0,0,0,0,0,0,100,105,1,156,0,0,0,0,0,0,0,92,0,0,0,1676,0,0,0,0,0,0,0,0,0,1678,1419,0,0,0,1589,1589,0,0,92,,,,,,,1684,1679,,,,,,0,,,,,,,,,,,,,,,,,,,,,,,,,,,,,,,,,,,,,,,
1177,Crio Sphinx 01,470,1680,1681,0,0,0,0,0,0,0,100,105,1,143,0,0,0,0,0,0,0,92,0,0,0,1683,0,0,0,0,0,0,0,0,0,1685,1419,0,0,0,1589,1589,0,0,92,,,,,,,1684,1686,,,,,,0,,,,,,,,,,,,,,,,,,,,,,,,,,,,,,,,,,,,,,,
1178,Crio Sphinx 02,470,1680,1682,0,0,0,0,0,0,0,100,105,1,143,0,0,0,0,0,0,0,92,0,0,0,1683,0,0,0,0,0,0,0,0,0,1685,1419,0,0,0,1589,1589,0,0,92,,,,,,,1684,1686,,,,,,0,,,,,,,,,,,,,,,,,,,,,,,,,,,,,,,,,,,,,,,
1179,Gyno Sphinx ,471,1687,1688,0,0,0,0,0,0,0,100,150,1,152,0,0,0,0,0,0,0,92,0,0,0,1689,0,0,0,0,0,0,0,0,0,1691,1419,0,0,0,1589,1589,0,0,92,,,,,,,1690,1692,,,,,,0,,,,,,,,,,,,,,,,,,,,,,,,,,,,,,,,,,,,,,,
1180,Chimera,472,1693,1694,0,0,0,0,0,0,0,100,220,1,142,0,0,0,0,0,0,0,92,0,0,0,1695,0,0,0,0,0,0,0,0,0,0,1419,1,0,0,0,0,0,0,92,,,,,,,,,,,,,,0,,,,,,,,,,,,,,,,,,,,,,,,,,,,,,,,,,,,,,,
1181,Talos,473,1699,1702,1696,0,0,1705,0,0,0,100,128,1,173,0,0,0,0,0,0,0,92,0,0,0,1700,0,0,0,0,0,0,0,0,1697,1703,1419,0,0,1706,1589,1589,1589,1589,92,,,,,,,1701,1704,1698,,,,1707,1,,,,,,,,,,,,,,,,,,,,,,,,,,,,,,,,,,,,,,,
1182,Gorgon 01,474,1708,1710,1712,0,0,0,0,0,0,100,87,1,151,0,0,0,0,0,0,0,92,0,0,0,0,0,0,0,0,0,0,0,0,1713,0,1419,0,0,0,0,0,0,0,92,,,,,,,,,,,,,,1,,,,,,,,,,,,,,,,,,,,,,,,,,,,,,,,,,,,,,,
1183,Gorgon 02,474,1708,1722,1712,0,0,0,0,0,0,100,87,1,151,0,0,0,0,0,0,0,92,0,0,0,0,0,0,0,0,0,0,0,0,1713,0,1419,0,0,0,0,0,0,0,92,,,,,,,,,,,,,,1,,,,,,,,,,,,,,,,,,,,,,,,,,,,,,,,,,,,,,,
1184,Gorgon 03,474,1708,1724,1712,0,0,0,0,0,0,100,87,1,151,0,0,0,0,0,0,0,92,0,0,0,0,0,0,0,0,0,0,0,0,1713,0,1419,0,0,0,0,0,0,0,92,,,,,,,,,,,,,,1,,,,,,,,,,,,,,,,,,,,,,,,,,,,,,,,,,,,,,,
1185,Gorgon Volc 01,474,1709,1711,1714,0,0,0,0,0,0,100,87,1,151,0,0,0,0,0,0,0,92,0,0,0,0,0,0,0,0,0,0,0,0,1713,0,1419,0,0,0,0,0,0,0,92,,,,,,,,,,,,,,1,,,,,,,,,,,,,,,,,,,,,,,,,,,,,,,,,,,,,,,
1186,Gorgon Volc 02,474,1709,1723,1714,0,0,0,0,0,0,100,87,1,151,0,0,0,0,0,0,0,92,0,0,0,0,0,0,0,0,0,0,0,0,1713,0,1419,0,0,0,0,0,0,0,92,,,,,,,,,,,,,,1,,,,,,,,,,,,,,,,,,,,,,,,,,,,,,,,,,,,,,,
1187,Gorgon Volc 03,474,1709,1725,1714,0,0,0,0,0,0,100,87,1,151,0,0,0,0,0,0,0,92,0,0,0,0,0,0,0,0,0,0,0,0,1713,0,1419,0,0,0,0,0,0,0,92,,,,,,,,,,,,,,1,,,,,,,,,,,,,,,,,,,,,,,,,,,,,,,,,,,,,,,
1188,Medusa,475,1715,1716,0,0,0,0,0,0,0,100,87,1,160,0,0,0,0,0,0,0,92,0,0,0,0,0,0,0,0,0,0,0,0,0,0,1419,0,0,0,0,0,0,0,92,,,,,,,,,,,,,,0,,,,,,,,,,,,,,,,,,,,,,,,,,,,,,,,,,,,,,,
1189,Medusa Volc,475,1721,1720,0,0,0,0,0,0,0,100,87,1,160,0,0,0,0,0,0,0,92,0,0,0,0,0,0,0,0,0,0,0,0,0,0,1419,0,0,0,0,0,0,0,92,,,,,,,,,,,,,,0,,,,,,,,,,,,,,,,,,,,,,,,,,,,,,,,,,,,,,,
1190,Minotaur 01,476,1717,0,0,0,0,0,0,0,0,100,112,1,161,0,0,0,0,0,0,0,92,0,0,0,0,0,0,0,0,0,0,0,0,0,0,1419,0,0,0,0,0,0,0,92,,,,,,,,,,,,,,1,,,,,,,,,,,,,,,,,,,,,,,,,,,,,,,,,,,,,,,
1191,Minotaur 02,476,1719,0,0,0,0,0,0,0,0,100,112,1,161,0,0,0,0,0,0,0,92,0,0,0,0,0,0,0,0,0,0,0,0,0,0,1419,0,0,0,0,0,0,0,92,,,,,,,,,,,,,,1,,,,,,,,,,,,,,,,,,,,,,,,,,,,,,,,,,,,,,,
1192,Minotaur_LT,477,1718,0,0,0,0,0,0,0,0,100,112,1,161,0,0,0,0,0,0,0,92,0,0,0,0,0,0,0,0,0,0,0,0,0,0,1419,0,0,0,0,0,0,0,92,,,,,,,,,,,,,,1,,,,,,,,,,,,,,,,,,,,,,,,,,,,,,,,,,,,,,,
1193,Stygian Lion,478,1726,0,0,0,0,0,0,0,0,100,60,1,172,0,0,0,0,0,0,0,92,0,0,0,0,0,0,0,0,0,0,0,0,0,0,1419,0,0,0,0,0,0,0,92,,,,,,,,,,,,,,0,,,,,,,,,,,,,,,,,,,,,,,,,,,,,,,,,,,,,,,
1194,Djinn,479,1727,0,0,0,0,0,0,0,0,100,106,1,29,0,0,0,0,0,0,0,0,0,0,0,1729,0,0,0,0,0,0,0,0,0,0,1419,1,0,0,1589,0,0,0,92,,,,,,,,,,,,,,0,,,,,,,,,,,,,,,,,,,,,,,,,,,,,,,,,,,,,,,
1195,Djinn Lt,480,1731,0,0,0,0,0,0,0,0,100,106,1,146,0,0,0,0,0,0,0,0,0,0,0,1729,0,0,0,0,0,0,0,0,0,0,1419,1,0,0,1733,0,0,0,92,,,,,,,,,,,,,,0,,,,,,,,,,,,,,,,,,,,,,,,,,,,,,,,,,,,,,,
1196,Dao,481,1734,0,0,0,0,0,0,0,0,100,106,1,29,0,0,0,0,0,0,0,0,0,0,0,0,0,0,0,0,0,0,0,0,0,0,1419,1,0,0,0,0,0,0,92,,,,,,,,,,,,,,0,,,,,,,,,,,,,,,,,,,,,,,,,,,,,,,,,,,,,,,
1197,Marid,482,1735,0,0,0,0,0,0,0,0,100,106,1,146,0,0,0,0,0,0,0,0,0,0,0,0,0,0,0,0,0,0,0,0,0,0,1419,1,0,0,0,0,0,0,92,,,,,,,,,,,,,,0,,,,,,,,,,,,,,,,,,,,,,,,,,,,,,,,,,,,,,,
1198,Jinni,483,1736,0,0,0,0,0,0,0,0,100,103,1,29,0,0,0,0,0,0,0,0,0,0,0,0,0,0,0,0,0,0,0,0,0,0,1419,1,0,0,0,0,0,0,92,,,,,,,,,,,,,,0,,,,,,,,,,,,,,,,,,,,,,,,,,,,,,,,,,,,,,,
1199,Efreeti,484,1738,0,0,0,0,0,0,0,0,100,106,1,146,0,0,0,0,0,0,0,0,0,0,0,0,0,0,0,0,0,0,0,0,0,0,1419,1,0,0,0,0,0,0,92,,,,,,,0,,,,,,,0,,,,,,,,,,,,,,,,,,,,,,,,,,,,,,,,,,,,,,,
1200,Scarab 01,485,1740,0,0,0,0,0,0,0,0,15,40,1,165,0,0,0,0,0,1,0,0,0,0,0,1741,0,0,1,0,0,0,0,0,0,0,1419,0,0,0,0,0,0,0,92,,,,,,,1742,,,,,,,0,,,,,,,,,,,,,,,,,,,,,,,,,,,,,,,,,,,,,,,
1201,Scarab 02,485,1743,0,0,0,0,0,0,0,0,15,40,1,165,0,0,0,0,0,1,0,0,0,0,0,1741,0,0,0,0,0,0,0,0,0,0,1419,0,0,0,0,0,0,0,92,,,,,,,1742,,,,,,,0,,,,,,,,,,,,,,,,,,,,,,,,,,,,,,,,,,,,,,,
1202,Scarab Alt,486,1746,0,0,0,0,0,0,0,0,15,40,1,165,0,0,0,0,0,1,0,0,0,0,0,1747,0,0,1,0,0,0,0,0,0,0,1419,0,0,0,1748,0,0,0,92,,,,,,,1749,,,,,,,0,,,,,,,,,,,,,,,,,,,,,,,,,,,,,,,,,,,,,,,
1203,Hopolite 06,487,1750,0,0,0,0,0,0,0,0,100,123,1,157,0,0,0,0,0,0,0,0,0,0,0,1587,0,0,0,0,0,0,0,0,0,0,1419,0,0,0,0,0,0,0,0,,,,,,,,,,,,,,1,,,,,,,,,,,,,,,,,,,,,,,,,,,,,,,,,,,,,,,
1204,Hopolite 07,487,1751,0,0,0,0,0,0,0,0,100,123,1,157,0,0,0,0,0,0,0,0,0,0,0,1588,0,0,0,0,0,0,0,0,0,0,1419,0,0,0,0,0,0,0,0,,,,,,,,,,,,,,1,,,,,,,,,,,,,,,,,,,,,,,,,,,,,,,,,,,,,,,
1205,Winged Scarab 01,488,1743,0,0,0,0,0,0,0,0,15,45,1,176,0,0,0,0,0,0,0,0,0,0,0,1744,0,0,1,0,0,0,0,0,0,0,1419,0,0,0,0,0,0,0,0,,,,,,,1745,,,,,,,0,,,,,,,,,,,,,,,,,,,,,,,,,,,,,,,,,,,,,,,
1206,Winged Scarab 02,488,1740,0,0,0,0,0,0,0,0,15,45,1,176,0,0,0,0,0,0,0,0,0,0,0,1747,0,0,0,0,0,0,0,0,0,0,1419,0,0,0,0,0,0,0,0,,,,,,,1749,,,,,,,0,,,,,,,,,,,,,,,,,,,,,,,,,,,,,,,,,,,,,,,
1207,Dragon Fly Mount,489,1397,0,0,0,0,0,0,0,0,15,142,1,72,0,0,0,0,0,0,0,0,0,0,0,0,0,0,0,0,0,0,0,0,0,0,1419,0,0,0,0,0,0,0,0,,,,,,,,,,,,,,0,,,,,,,,,,,,,,,,,,,,,,,,,,,,,,,,,,,,,,,
1208,Undead Mammoth,367,1779,0,0,0,0,0,0,0,0,100,192,1,92,0,0,0,0,0,0,0,0,0,0,0,0,0,0,0,0,0,0,0,0,0,0,1419,0,0,0,0,0,0,0,0,,,,,,,,,,,,,,0,,,,,,,,,,,,,,,,,,,,,,,,,,,,,,,,,,,,,,,
1209, Coral Lammia,368,1780,0,0,0,0,0,0,0,0,100,80,1,89,0,0,0,0,0,0,0,0,0,0,0,0,0,0,0,0,0,0,0,0,0,0,1419,0,0,0,0,0,0,0,0,,,,,,,,,,,,,,0,,,,,,,,,,,,,,,,,,,,,,,,,,,,,,,,,,,,,,,
1210,Undead Morvalt Male ,387,1781,0,0,0,0,0,0,0,0,100,82,1,96,0,0,0,15,0,0,0,0,0,0,0,0,0,0,0,0,0,0,0,0,0,0,1419,0,0,0,0,0,0,0,0,,,,,,,,,,,,,,1,,,,,,,,,,,,,,,,,,,,,,,,,,,,,,,,,,,,,,,
1211,Green Leafy Sylvan Shade Male,346,1783,1788,1782,1785,1786,1787,1784,0,0,100,82,1,114,0,0,1330,0,1,0,0,0,0,0,0,0,0,0,0,0,0,0,0,0,0,0,1419,0,0,0,0,0,0,0,0,,,,,,,,,,,,,,1,,,,,,,,,,,,,,,,,,,,,,,,,,,,,,,,,,,,,,,
1212,Mutated Octonid,397,1789,0,0,0,0,0,0,0,0,100,280,1,112,0,0,0,0,0,0,0,0,0,0,0,0,0,0,0,0,0,0,0,0,0,0,1419,0,0,0,0,0,0,0,0,,,,,,,,,,,,,,0,,,,,,,,,,,,,,,,,,,,,,,,,,,,,,,,,,,,,,,
1213,Centaur 01,492,1790,0,0,0,0,0,0,0,0,100,115,1,141,0,0,0,0,0,0,0,0,0,0,0,0,0,0,0,0,0,0,0,0,0,0,1419,0,0,0,0,0,0,0,0,,,,,,,,,,,,,,0,,,,,,,,,,,,,,,,,,,,,,,,,,,,,,,,,,,,,,,
1214,Centaur 02,492,1791,0,0,0,0,0,0,0,0,100,115,1,141,0,0,0,0,0,0,0,0,0,0,0,0,0,0,0,0,0,0,0,0,0,0,1419,0,0,0,0,0,0,0,0,,,,,,,,,,,,,,0,,,,,,,,,,,,,,,,,,,,,,,,,,,,,,,,,,,,,,,
1215,Centaur Lt.,493,1792,0,0,0,0,0,0,0,0,100,125,1,141,0,0,0,0,0,0,0,0,0,0,0,0,0,0,0,0,0,0,0,0,0,0,1419,0,0,0,0,0,0,0,0,,,,,,,,,,,,,,0,,,,,,,,,,,,,,,,,,,,,,,,,,,,,,,,,,,,,,,
1216,Winged Centaur 01,494,1793,0,0,0,0,0,0,0,0,100,115,1,175,0,0,0,0,0,0,0,0,0,0,0,0,0,0,0,0,0,0,0,0,0,0,1419,0,0,0,0,0,0,0,0,,,,,,,,,,,,,,0,,,,,,,,,,,,,,,,,,,,,,,,,,,,,,,,,,,,,,,
1217,Winged Centaur 02,494,1794,0,0,0,0,0,0,0,0,100,115,1,175,0,0,0,0,0,0,0,0,0,0,0,0,0,0,0,0,0,0,0,0,0,0,1419,0,0,0,0,0,0,0,0,,,,,,,,,,,,,,0,,,,,,,,,,,,,,,,,,,,,,,,,,,,,,,,,,,,,,,
1218,Winged Centaur Lt.,495,1795,0,0,0,0,0,0,0,0,100,115,1,175,0,0,0,0,0,0,0,0,0,0,0,1796,0,0,0,0,0,0,0,0,0,0,1419,0,0,0,1797,0,0,0,0,,,,,,,,,,,,,,0,,,,,,,,,,,,,,,,,,,,,,,,,,,,,,,,,,,,,,,
1219,Phoenix,496,1798,1799,1801,0,0,1800,0,0,0,300,580,1,163,0,0,0,0,0,0,0,0,0,0,0,0,0,0,0,0,0,0,0,100,0,0,1419,2,0,0,0,0,0,0,0,,,,,,,,,,,,,,,,,,,,,,,,,,,,,,,,,,,,,,,,,,,,,,,,,,,,,
1220,Cyclops 01,497,1802,1806,0,0,0,0,0,0,0,100,222,1,145,0,0,0,0,0,0,0,200,0,0,0,0,0,0,0,0,0,0,0,0,0,0,1419,0,0,0,0,0,0,0,0,,,,,,,,,,,,,,,,,,,,,,,,,,,,,,,,,,,,,,,,,,,,,,,,,,,,,
1221,Cyclops 02,497,1802,1807,0,0,0,0,0,0,0,100,222,1,145,0,0,0,0,0,0,0,200,0,0,0,0,0,0,0,0,0,0,0,0,0,0,1419,0,0,0,0,0,0,0,0,,,,,,,,,,,,,,,,,,,,,,,,,,,,,,,,,,,,,,,,,,,,,,,,,,,,,
1222,Cyclops 03,497,1802,1808,0,0,0,0,0,0,0,100,222,1,145,0,0,0,0,0,0,0,200,0,0,0,0,0,0,0,0,0,0,0,0,0,0,1419,0,0,0,0,0,0,0,0,,,,,,,,,,,,,,,,,,,,,,,,,,,,,,,,,,,,,,,,,,,,,,,,,,,,,
1223,Cyclops 04,497,1803,1806,0,0,0,0,0,0,0,100,222,1,145,0,0,0,0,0,0,0,200,0,0,0,0,0,0,0,0,0,0,0,0,0,0,1419,0,0,0,0,0,0,0,0,,,,,,,,,,,,,,,,,,,,,,,,,,,,,,,,,,,,,,,,,,,,,,,,,,,,,
1224,Cyclops 05,497,1803,1807,0,0,0,0,0,0,0,100,222,1,145,0,0,0,0,0,0,0,200,0,0,0,0,0,0,0,0,0,0,0,0,0,0,1419,0,0,0,0,0,0,0,0,,,,,,,,,,,,,,,,,,,,,,,,,,,,,,,,,,,,,,,,,,,,,,,,,,,,,
1225,Cyclops 06,497,1803,1808,0,0,0,0,0,0,0,100,222,1,145,0,0,0,0,0,0,0,200,0,0,0,0,0,0,0,0,0,0,0,0,0,0,1419,0,0,0,0,0,0,0,0,,,,,,,,,,,,,,,,,,,,,,,,,,,,,,,,,,,,,,,,,,,,,,,,,,,,,
1226,Cyclops 07,497,1804,1806,0,0,0,0,0,0,0,100,222,1,145,0,0,0,0,0,0,0,200,0,0,0,0,0,0,0,0,0,0,0,0,0,0,1419,0,0,0,0,0,0,0,0,,,,,,,,,,,,,,,,,,,,,,,,,,,,,,,,,,,,,,,,,,,,,,,,,,,,,
1227,Cyclops 08,497,1804,1807,0,0,0,0,0,0,0,100,222,1,145,0,0,0,0,0,0,0,200,0,0,0,0,0,0,0,0,0,0,0,0,0,0,1419,0,0,0,0,0,0,0,0,,,,,,,,,,,,,,,,,,,,,,,,,,,,,,,,,,,,,,,,,,,,,,,,,,,,,
1228,Cyclops 09,497,1804,1808,0,0,0,0,0,0,0,100,222,1,145,0,0,0,0,0,0,0,200,0,0,0,0,0,0,0,0,0,0,0,0,0,0,1419,0,0,0,0,0,0,0,0,,,,,,,,,,,,,,,,,,,,,,,,,,,,,,,,,,,,,,,,,,,,,,,,,,,,,
1229,Cyclops 10,497,1805,1806,0,0,0,0,0,0,0,100,222,1,145,0,0,0,0,0,0,0,200,0,0,0,0,0,0,0,0,0,0,0,0,0,0,1419,0,0,0,0,0,0,0,0,,,,,,,,,,,,,,,,,,,,,,,,,,,,,,,,,,,,,,,,,,,,,,,,,,,,,
1230,Cyclops 11,497,1805,1807,0,0,0,0,0,0,0,100,222,1,145,0,0,0,0,0,0,0,200,0,0,0,0,0,0,0,0,0,0,0,0,0,0,1419,0,0,0,0,0,0,0,0,,,,,,,,,,,,,,,,,,,,,,,,,,,,,,,,,,,,,,,,,,,,,,,,,,,,,
1231,Cyclops 12,497,1805,1808,0,0,0,0,0,0,0,100,222,1,145,0,0,0,0,0,0,0,200,0,0,0,0,0,0,0,0,0,0,0,0,0,0,1419,0,0,0,0,0,0,0,0,,,,,,,,,,,,,,,,,,,,,,,,,,,,,,,,,,,,,,,,,,,,,,,,,,,,,
1232,Cyclops Lt,498,1809,1810,0,0,0,0,0,0,0,100,222,1,145,0,0,0,0,0,0,0,200,0,0,0,0,0,0,0,0,0,0,0,0,0,0,1419,0,0,0,0,0,0,0,0,,,,,,,,,,,,,,,,,,,,,,,,,,,,,,,,,,,,,,,,,,,,,,,,,,,,,
1233,Iaculi,499,1811,0,0,0,0,0,0,0,0,100,80,1,4,0,0,0,0,0,0,0,0,0,0,0,0,0,0,0,0,0,0,0,0,0,0,1419,2,0,0,0,0,0,0,0,,,,,,,,,,,,,,,,,,,,,,,,,,,,,,,,,,,,,,,,,,,,,,,,,,,,,
1234,Uraeus,500,1812,0,0,0,0,0,0,0,0,100,80,1,4,0,0,0,0,0,0,0,0,0,0,0,0,0,0,0,0,0,0,0,0,0,0,1419,0,0,0,0,0,0,0,0,,,,,,,,,,,,,,,,,,,,,,,,,,,,,,,,,,,,,,,,,,,,,,,,,,,,,
1235,Wyvern Mount,338,1310,0,0,0,0,0,0,0,0,120,213,1,64,0,0,0,0,0,0,0,0,0,0,0,0,0,0,0,0,0,10,0,0,0,0,1419,0,0,0,0,0,0,0,0,,,,,,,,,,,,,,0,,,,,,,,,,,,,,,,,,,,,,,,,,,,,,,,,,,,,,,
1236,Gryphon  Mount,333,1301,1302,0,0,0,0,0,0,0,120,180,1,82,0,0,0,0,0,0,0,0,0,0,0,0,0,0,0,0,0,0,0,0,0,0,1419,0,0,0,0,0,0,0,0,,,,,,,,,,,,,,0,,,,,,,,,,,,,,,,,,,,,,,,,,,,,,,,,,,,,,,
1237,empty,0,0,0,0,0,0,0,0,0,0,100,75,1,0,0,0,0,0,0,0,0,0,0,0,0,0,0,0,0,0,0,0,0,0,0,0,1419,0,0,0,0,0,0,0,0,,,,,,,,,,,,,,0,,,,,,,,,,,,,,,,,,,,,,,,,,,,,,,,,,,,,,,
1255,Starry Centaur ,492,1815,0,0,0,0,0,0,0,0,100,115,1,41,0,0,0,0,0,0,0,0,0,0,0,3010,0,0,0,0,0,0,0,0,0,0,1419,0,0,0,0,0,0,0,0,,,,,,,,,,,,,,0,,,,,,,,,,,,,,,,,,,,,,,,,,,,,,,,,,,,,,,
1256,Starry Stygian Lion,478,1813,0,0,0,0,0,0,0,0,100,60,1,172,0,0,0,0,0,0,0,92,0,0,0,3011,0,0,0,0,0,0,0,0,0,0,1419,0,0,0,0,0,0,0,92,,,,,,,,,,,,,,0,,,,,,,,,,,,,,,,,,,,,,,,,,,,,,,,,,,,,,,
1257,Starry Scorpion,503,1814,0,0,0,0,0,0,0,0,350,80,1,166,0,0,0,0,0,1,0,92,0,0,0,3012,0,0,0,0,0,0,0,0,0,0,1419,0,0,0,0,0,0,0,92,,,,,,,,,,,,,,0,,,,,,,,,,,,,,,,,,,,,,,,,,,,,,,,,,,,,,,
1258,Crocodile 01,501,1816,0,0,0,0,0,0,0,0,100,20,1,144,0,0,0,0,0,0,0,92,0,0,0,0,0,0,0,0,0,0,0,0,0,0,1419,0,0,0,0,0,0,0,92,,,,,,,,,,,,,,,,,,,,,,,,,,,,,,,,,,,,,,,,,,,,,,,,,,,,,
1259,Crocodile 02,501,1817,0,0,0,0,0,0,0,0,100,20,1,144,0,0,0,0,0,0,0,92,0,0,0,0,0,0,0,0,0,0,0,0,0,0,1419,0,0,0,0,0,0,0,92,,,,,,,,,,,,,,,,,,,,,,,,,,,,,,,,,,,,,,,,,,,,,,,,,,,,,
1260,Crocodile 03,501,1818,0,0,0,0,0,0,0,0,100,20,1,144,0,0,0,0,0,0,0,92,0,0,0,0,0,0,0,0,0,0,0,0,0,0,1419,0,0,0,0,0,0,0,92,,,,,,,,,,,,,,,,,,,,,,,,,,,,,,,,,,,,,,,,,,,,,,,,,,,,,
1261,Salamander,502,1819,0,0,0,0,0,0,0,0,100,30,1,164,0,0,0,0,0,0,0,92,0,0,0,0,0,0,0,0,0,0,0,0,0,0,1419,0,0,0,0,0,0,0,92,,,,,,,,,,,,,,,,,,,,,,,,,,,,,,,,,,,,,,,,,,,,,,,,,,,,,
1262,Black Scorpion,503,1820,0,0,0,0,0,0,0,0,100,15,1,166,0,0,0,0,0,1,0,92,0,0,0,0,0,0,0,0,0,0,0,0,0,0,1419,0,0,0,0,0,0,0,92,,,,,,,,,,,,,,0,,,,,,,,,,,,,,,,,,,,,,,,,,,,,,,,,,,,,,,
1263,Tan Scorpion,503,1821,0,0,0,0,0,0,0,0,100,15,1,166,0,0,0,0,0,1,0,92,0,0,0,0,0,0,0,0,0,0,0,0,0,0,1419,0,0,0,0,0,0,0,92,,,,,,,,,,,,,,0,,,,,,,,,,,,,,,,,,,,,,,,,,,,,,,,,,,,,,,
1264,Manticore,504,1822,1823,1825,0,0,1824,0,0,0,100,82,1,30,0,0,0,0,0,0,0,0,0,0,0,0,0,0,0,0,0,0,0,0,0,0,1419,0,0,0,0,0,0,0,0,,,,,,,,,,,,,,,,,,,,,,,,,,,,,,,,,,,,,,,,,,,,,,,,,,,,,
1265,Briton Relic Guard,505,1826,1022,3,5,6,4,7,79,0,100,80,1,8,0,0,9,1,1,0,0,100,0,102,0,0,1,1,0,0,0,0,0,0,0,0,1419,0,0,0,0,0,0,0,100,,,,,,,,,,,,,,1,,,,,,,,,,,,,,,,,,,,,,,,,,,,,,,,,,,,,,,
1266,Draco,506,1828,1829,1827,0,0,1830,0,0,0,100,300,1,147,0,0,0,0,0,0,0,0,0,0,0,0,0,0,0,0,0,0,0,100,0,0,1419,0,0,0,0,0,0,0,0,,,,,,,,,,,,,,,,,,,,,,,,,,,,,,,,,,,,,,,,,,,,,,,,,,,,,
1267,Minotaur 03,476,1831,0,0,0,0,0,0,0,0,100,112,1,161,0,0,0,0,0,0,0,92,0,0,0,0,0,0,0,0,0,0,0,0,0,0,1419,0,0,0,0,0,0,0,92,,,,,,,,,,,,,,1,,,,,,,,,,,,,,,,,,,,,,,,,,,,,,,,,,,,,,,
1268,Minotaur_LT Alt,477,1832,0,0,0,0,0,0,0,0,100,112,1,161,0,0,0,0,0,0,0,92,0,0,0,0,0,0,0,0,0,0,0,0,0,0,1419,0,0,0,0,0,0,0,92,,,,,,,,,,,,,,1,,,,,,,,,,,,,,,,,,,,,,,,,,,,,,,,,,,,,,,
1269,Whirlwind,399,0,0,0,0,0,0,0,0,0,100,95,0,0,0,0,0,0,0,0,0,0,0,0,0,0,0,0,0,0,0,0,0,0,0,0,1419,0,24,0,0,0,0,0,0,,,,,,,,,,,,,,0,,,,,,,,,,,,,,,,,,,,,,,,,,,,,,,,,,,,,,,
1270,Briton Relic Scout,514,1833,1022,3,5,6,4,7,79,0,100,80,1,8,0,0,39,12,1,0,0,100,0,102,0,0,1,1,0,0,0,0,0,0,0,0,1419,0,0,0,0,0,0,0,100,,,,,,,,,,,,,,1,,,,,,,,,,,,,,,,,,,,,,,,,,,,,,,,,,,,,,,
1271,Hib Relic Guardian,513,1834,1021,279,280,281,282,283,0,0,100,80,1,8,0,0,1008,1,1,0,0,100,0,102,0,0,1,1,0,0,0,0,0,0,0,0,1419,0,0,0,0,0,0,0,100,,,,,,,,,,,,,,1,,,,,,,,,,,,,,,,,,,,,,,,,,,,,,,,,,,,,,,
1272,Hib Relic Ranger,512,1835,1028,258,259,260,261,262,0,0,100,80,1,22,0,0,1000,1,1,0,0,100,0,102,0,0,1,1,0,0,0,0,0,0,0,0,1419,0,0,0,0,0,0,0,100,,,,,,,,,,,,,,1,,,,,,,,,,,,,,,,,,,,,,,,,,,,,,,,,,,,,,,
1273,Mid Relic Archer,511,1836,1021,187,189,190,191,188,0,0,100,80,1,19,0,0,192,1,1,0,0,100,0,102,0,0,1,1,0,0,0,0,0,0,0,0,1419,0,0,0,0,0,0,0,100,,,,,,,,,,,,,,1,,,,,,,,,,,,,,,,,,,,,,,,,,,,,,,,,,,,,,,
1274,Mid Relic Jarl,511,1837,1021,187,189,190,191,188,0,0,100,80,1,19,0,0,193,1,1,0,0,100,0,102,0,0,1,1,0,0,0,0,0,0,0,0,1419,0,0,0,0,0,0,0,100,,,,,,,,,,,,,,1,,,,,,,,,,,,,,,,,,,,,,,,,,,,,,,,,,,,,,,
1275,Aurora,399,0,0,0,0,0,0,0,0,0,100,95,-1,112,0,0,0,0,0,0,0,0,0,0,0,0,0,0,0,0,0,0,0,0,0,0,1419,0,25,0,0,0,0,0,0,,,,,,,,,,,,,,0,,,,,,,,,,,,,,,,,,,,,,,,,,,,,,,,,,,,,,,
1276,Efreeti (Fire),484,1738,0,0,0,0,0,0,0,0,100,106,1,146,0,0,0,0,0,0,0,0,0,0,0,1841,0,0,0,0,0,0,0,0,0,0,1419,1,0,0,0,0,0,0,92,,,,,,,0,,,,,,,0,,,,,,,,,,,,,,,,,,,,,,,,,,,,,,,,,,,,,,,
1277, Inconnu Male Mummy ,348,1849,1016,1845,1858,1863,1864,1852,0,0,77,71,1,88,0,0,3004,0,2,0,0,100,1,139,0,0,0,1,0,0,0,0,0,0,0,0,1419,0,0,0,0,0,0,0,100,,,,,,,,,,,,,,1,,,,,,,,,,,,,,,,,,,,,,,,,,,,,,,,,,,,,,,
1278, Inconnu Female Mummy,349,1846,1016,1845,1858,1863,1864,1852,0,0,77,71,1,87,0,0,3006,0,1,0,1,100,1,136,4,0,0,1,0,0,0,0,0,0,0,0,1419,0,0,0,0,0,0,0,100,,,,,,,,,,,,,,1,,,,,,,,,,,,,,,,,,,,,,,,,,,,,,,,,,,,,,,
1279,Briton Male Mummy,206,1849,1016,1845,1858,1863,1864,1852,79,0,100,80,1,8,0,0,1854,0,1,0,0,100,0,102,0,0,0,1,0,0,0,0,0,0,0,0,1419,0,0,0,0,0,0,0,100,,,,,,,,,,,,,,1,,,,,,,,,,,,,,,,,,,,,,,,,,,,,,,,,,,,,,,
1280,Briton Female Mummy,209,1846,1016,1845,1858,1863,1864,1852,79,0,100,78,1,11,0,0,1854,0,1,0,1,96,0,94,0,0,0,1,0,0,0,0,0,0,0,0,1419,0,0,0,0,0,0,0,96,,,,,,,,,,,,,,1,,,,,,,,,,,,,,,,,,,,,,,,,,,,,,,,,,,,,,,
1281,High Male Mummy,210,1849,1016,1845,1858,1863,1864,1852,79,0,109,88,1,7,1,0,1854,0,1,0,0,102,0,100,0,0,0,1,0,0,0,0,0,0,0,0,1419,0,0,0,0,0,0,0,102,,,,,,,,,,,,,,1,,,,,,,,,,,,,,,,,,,,,,,,,,,,,,,,,,,,,,,
1282,High Female Mummy,211,1846,1016,1845,1858,1863,1864,1852,79,0,109,83,1,10,1,0,1854,0,1,0,1,96,0,95,0,0,0,1,0,0,0,0,0,0,0,0,1419,0,0,0,0,0,0,0,96,,,,,,,,,,,,,,1,,,,,,,,,,,,,,,,,,,,,,,,,,,,,,,,,,,,,,,
1283,Saracen Male Mummy,213,1849,1859,1845,1858,1863,1864,1852,79,0,100,80,1,8,1,1,1854,0,2,0,0,100,0,103,1,0,0,1,0,0,0,0,0,0,0,0,1419,0,0,0,0,0,0,0,100,,,,,,,,,,,,,,1,,,,,,,,,,,,,,,,,,,,,,,,,,,,,,,,,,,,,,,
1284,Saracen Female Mummy,214,1846,1860,1845,1858,1863,1864,1852,79,0,100,78,1,11,1,1,1854,0,2,0,1,96,0,98,2,0,0,1,0,0,0,0,0,0,0,0,1419,0,0,0,0,0,0,0,96,,,,,,,,,,,,,,1,,,,,,,,,,,,,,,,,,,,,,,,,,,,,,,,,,,,,,,
1285,Avalonian Male Mummy,217,1849,1016,1845,1858,1863,1864,1852,79,0,112,89,1,9,0,0,1854,0,1,0,0,98,0,93,0,0,0,1,0,0,0,0,0,0,0,0,1419,0,0,0,0,0,0,0,98,,,,,,,,,,,,,,1,,,,,,,,,,,,,,,,,,,,,,,,,,,,,,,,,,,,,,,
1286,Avalonian Female Mummy,218,1846,1016,1845,1858,1863,1864,1852,79,0,112,87,1,12,0,0,1854,0,1,0,1,92,0,90,3,0,0,1,0,0,0,0,0,0,0,0,1419,0,0,0,0,0,0,0,92,,,,,,,,,,,,,,1,,,,,,,,,,,,,,,,,,,,,,,,,,,,,,,,,,,,,,,
1287,Half Ogre Male Mummy ,449,1849,1016,1845,1858,1863,1864,1852,0,0,123,100,1,154,0,0,3007,0,2,0,0,98,0,95,0,0,0,1,0,0,0,0,0,0,0,0,1419,0,0,0,0,0,0,0,98,,,,,,,,,,,,,,1,,,,,,,,,,,,,,,,,,,,,,,,,,,,,,,,,,,,,,,
1288,Half Ogre Female Mummy ,450,1846,1016,1845,1858,1863,1864,1852,0,0,123,100,1,153,0,0,1861,0,1,0,1,92,0,97,0,0,0,1,0,0,0,0,0,0,0,0,1419,0,0,0,0,0,0,0,92,,,,,,,,,,,,,,1,,,,,,,,,,,,,,,,,,,,,,,,,,,,,,,,,,,,,,,
1289,Troll Male Mummy,237,1851,1871,1845,1858,1863,1864,1853,0,0,130,110,1,26,0,0,1870,0,2,0,0,115,0,125,1,0,0,1,0,0,0,0,0,0,0,0,1419,0,0,0,0,0,0,0,115,,,,,,,,,,,,,,1,,,,,,,,,,,,,,,,,,,,,,,,,,,,,,,,,,,,,,,
1290,Troll Female Mummy,238,1848,1871,1845,1858,1863,1864,1853,0,0,125,103,1,21,0,0,1870,0,1,0,1,115,0,117,1,0,0,1,0,0,0,0,0,0,0,0,1419,0,0,0,0,0,0,0,115,,,,,,,,,,,,,,1,,,,,,,,,,,,,,,,,,,,,,,,,,,,,,,,,,,,,,,
1291,Norse Male Mummy ,239,1851,1016,1845,1858,1863,1864,1853,0,0,109,87,1,19,0,0,1854,0,2,0,0,100,1,105,0,0,0,1,0,0,0,0,0,0,0,0,1419,0,0,0,0,0,0,0,100,,,,,,,,,,,,,,1,,,,,,,,,,,,,,,,,,,,,,,,,,,,,,,,,,,,,,,
1292,Norse Female Mummy ,240,1848,1016,1845,1858,1863,1864,1853,0,0,109,82,1,12,0,0,1854,0,1,0,1,100,1,96,0,0,0,1,0,0,0,0,0,0,0,0,1419,0,0,0,0,0,0,0,100,,,,,,,,,,,,,,1,,,,,,,,,,,,,,,,,,,,,,,,,,,,,,,,,,,,,,,
1293,Kobold Male Mummy ,241,1851,1016,1845,1858,1863,1864,1853,0,0,70,63,1,27,0,0,1862,0,2,0,0,100,0,155,3,0,0,1,0,0,0,0,0,0,0,0,1419,0,0,0,0,0,0,0,100,,,,,,,,,,,,,,1,,,,,,,,,,,,,,,,,,,,,,,,,,,,,,,,,,,,,,,
1294,Kobold Female Mummy ,242,1848,1016,1845,1858,1863,1864,1853,0,0,70,63,1,28,0,0,1862,0,1,0,1,100,0,155,3,0,0,1,0,0,0,0,0,0,0,0,1419,0,0,0,0,0,0,0,100,,,,,,,,,,,,,,1,,,,,,,,,,,,,,,,,,,,,,,,,,,,,,,,,,,,,,,
1295,Dwarf Male Mummy ,243,1851,1016,1845,1858,1863,1864,1853,0,0,75,72,1,22,0,0,1854,0,2,0,0,110,0,145,0,0,0,1,0,0,0,0,0,0,0,0,1419,0,0,0,0,0,0,0,110,,,,,,,,,,,,,,1,,,,,,,,,,,,,,,,,,,,,,,,,,,,,,,,,,,,,,,
1296,Dwarf Female Mummy ,244,1848,1016,1845,1858,1863,1864,1853,0,0,70,68,1,23,0,0,1854,0,1,0,1,110,0,155,0,0,0,1,0,0,0,0,0,0,0,0,1419,0,0,0,0,0,0,0,110,,,,,,,,,,,,,,1,,,,,,,,,,,,,,,,,,,,,,,,,,,,,,,,,,,,,,,
1297,Valkyn Male Mummy ,351,1851,1016,1845,1858,1863,1864,1853,0,0,100,82,1,124,0,0,3005,0,2,0,0,115,1,102,2,0,0,1,0,0,0,0,0,0,0,0,1419,0,0,0,0,0,0,0,115,,,,,,,,,,,,,,1,,,,,,,,,,,,,,,,,,,,,,,,,,,,,,,,,,,,,,,
1298,Valkyn Female Mummy ,352,1848,1016,1845,1858,1863,1864,1853,0,0,100,82,1,123,0,0,3005,0,1,0,1,115,1,90,2,0,0,1,0,0,0,0,0,0,0,0,1419,0,0,0,0,0,0,0,115,,,,,,,,,,,,,,1,,,,,,,,,,,,,,,,,,,,,,,,,,,,,,,,,,,,,,,
1299,Frostalf Male Mummy ,464,1851,1016,1845,1858,1863,1864,1853,0,0,100,82,1,150,1,0,1867,0,2,0,0,98,0,95,0,0,0,1,0,0,0,0,0,0,0,0,1419,0,0,0,0,0,0,0,98,,,,,,,,,,,,,,1,,,,,,,,,,,,,,,,,,,,,,,,,,,,,,,,,,,,,,,
1300,Frostalf Female Mummy ,465,1848,1016,1845,1858,1863,1864,1853,0,0,100,80,1,149,1,0,1867,0,1,0,1,92,0,88,0,0,0,1,0,0,0,0,0,0,0,0,1419,0,0,0,0,0,0,0,92,,,,,,,,,,,,,,1,,,,,,,,,,,,,,,,,,,,,,,,,,,,,,,,,,,,,,,
1301,Firbolg Male Mummy ,254,1850,1016,1845,1858,1863,1865,1853,0,0,135,110,1,7,0,0,1857,0,2,0,0,115,1,115,1,0,0,1,0,0,0,0,0,0,0,0,1419,0,0,0,0,0,0,0,115,,,,,,,,,,,,,,1,,,,,,,,,,,,,,,,,,,,,,,,,,,,,,,,,,,,,,,
1302,Firbolg Female Mummy ,255,1847,1016,1845,1858,1863,1865,1853,0,0,130,107,1,10,0,0,1857,0,1,0,1,115,1,117,0,0,0,1,0,0,0,0,0,0,0,0,1419,0,0,0,0,0,0,0,115,,,,,,,,,,,,,,1,,,,,,,,,,,,,,,,,,,,,,,,,,,,,,,,,,,,,,,
1303,Celt Male Mummy ,250,1850,1016,1845,1858,1863,1865,1853,0,0,100,80,1,8,0,0,1854,0,2,0,0,100,1,107,0,0,0,1,0,0,0,0,0,0,0,0,1419,0,0,0,0,0,0,0,100,,,,,,,,,,,,,,1,,,,,,,,,,,,,,,,,,,,,,,,,,,,,,,,,,,,,,,
1304,Celt Female Mummy ,251,1847,1016,1845,1858,1863,1865,1853,0,0,100,80,1,11,0,0,1854,0,1,0,1,100,1,93,0,0,0,1,0,0,0,0,0,0,0,0,1419,0,0,0,0,0,0,0,100,,,,,,,,,,,,,,1,,,,,,,,,,,,,,,,,,,,,,,,,,,,,,,,,,,,,,,
1305,Lurikeen Male Mummy ,256,1850,1016,1845,1858,1863,1865,1853,0,0,65,55,1,27,0,0,3009,0,2,0,0,100,1,130,1,0,0,1,0,0,0,0,0,0,0,0,1419,0,0,0,0,0,0,0,100,,,,,,,,,,,,,,1,,,,,,,,,,,,,,,,,,,,,,,,,,,,,,,,,,,,,,,
1306,Lurikeen Female Mummy ,257,1847,1016,1845,1858,1863,1865,1853,0,0,65,55,1,28,0,0,3008,0,1,0,1,100,1,112,1,0,0,1,0,0,0,0,0,0,0,0,1419,0,0,0,0,0,0,0,100,,,,,,,,,,,,,,1,,,,,,,,,,,,,,,,,,,,,,,,,,,,,,,,,,,,,,,
1307,Elf Male Mummy ,252,1850,1016,1845,1858,1863,1865,1853,0,0,108,87,1,22,0,0,1856,0,2,0,0,100,0,95,0,0,0,1,0,0,0,0,0,0,0,0,1419,0,0,0,0,0,0,0,100,,,,,,,,,,,,,,1,,,,,,,,,,,,,,,,,,,,,,,,,,,,,,,,,,,,,,,
1308,Elf Female Mummy,253,1847,1016,1845,1858,1863,1865,1853,0,0,108,82,1,23,0,0,1854,0,1,0,1,100,0,85,0,0,0,1,0,0,0,0,0,0,0,0,1419,0,0,0,0,0,0,0,100,,,,,,,,,,,,,,1,,,,,,,,,,,,,,,,,,,,,,,,,,,,,,,,,,,,,,,
1309,Sylvan Male Mummy ,346,1850,1868,1845,1858,1863,1865,1853,0,0,108,85,1,114,0,0,1869,0,2,0,0,100,0,100,2,0,0,1,0,0,0,0,0,0,0,0,1419,0,0,0,0,0,0,0,100,,,,,,,,,,,,,,1,,,,,,,,,,,,,,,,,,,,,,,,,,,,,,,,,,,,,,,
1310,Sylvan Female Mummy ,347,1847,1016,1845,1858,1863,1865,1853,0,0,108,80,1,113,0,0,1869,0,1,0,1,100,0,85,2,0,0,1,0,0,0,0,0,0,0,0,1419,0,0,0,0,0,0,0,100,,,,,,,,,,,,,,1,,,,,,,,,,,,,,,,,,,,,,,,,,,,,,,,,,,,,,,
1311,Shar Male Mummy,490,1850,1016,1845,1858,1863,1865,1853,0,0,100,78,1,169,0,0,1866,0,2,0,1,97,0,95,0,0,0,1,0,0,0,0,0,0,0,0,1419,0,0,0,0,0,0,0,92,,,,,,,,,,,,,,1,,,,,,,,,,,,,,,,,,,,,,,,,,,,,,,,,,,,,,,
1312,Shar Female Mummy ,491,1847,1016,1845,1858,1863,1865,1853,0,0,100,76,1,168,0,0,1866,0,1,0,1,92,0,92,0,0,0,1,0,0,0,0,0,0,0,0,1419,0,0,0,0,0,0,0,92,,,,,,,,,,,,,,1,,,,,,,,,,,,,,,,,,,,,,,,,,,,,,,,,,,,,,,
1313, Inconnu Male Stoned ,348,1882,1908,1878,1887,1888,1889,1885,1926,0,77,71,1,88,0,0,1916,0,2,0,0,100,1,139,0,0,0,1,0,0,0,0,0,0,0,0,1419,0,0,0,0,0,0,0,100,,,,,,,,,,,,,,1,,,,,,,,,,,,,,,,,,,,,,,,,,,,,,,,,,,,,,,
1314, Inconnu Female Stoned,349,1879,1908,1878,1887,1888,1889,1885,1926,0,77,71,1,87,0,0,1900,0,1,0,1,100,1,136,4,0,0,1,0,0,0,0,0,0,0,0,1419,0,0,0,0,0,0,0,100,,,,,,,,,,,,,,1,,,,,,,,,,,,,,,,,,,,,,,,,,,,,,,,,,,,,,,
1315,Briton Male Stoned,206,1882,1908,1878,1887,1888,1889,1885,1926,0,100,80,1,8,0,0,1910,0,1,0,0,100,0,102,0,0,0,1,0,0,0,0,0,0,0,0,1419,0,0,0,0,0,0,0,100,,,,,,,,,,,,,,1,,,,,,,,,,,,,,,,,,,,,,,,,,,,,,,,,,,,,,,
1316,Briton Female Stoned,209,1879,1908,1878,1887,1888,1889,1885,1926,0,100,78,1,11,0,0,1894,0,1,0,1,96,0,94,0,0,0,1,0,0,0,0,0,0,0,0,1419,0,0,0,0,0,0,0,96,,,,,,,,,,,,,,1,,,,,,,,,,,,,,,,,,,,,,,,,,,,,,,,,,,,,,,
1317,High Male Stoned,210,1882,1908,1878,1887,1888,1889,1885,1926,0,109,88,1,7,1,0,1909,0,1,0,0,102,0,100,0,0,0,1,0,0,0,0,0,0,0,0,1419,0,0,0,0,0,0,0,102,,,,,,,,,,,,,,1,,,,,,,,,,,,,,,,,,,,,,,,,,,,,,,,,,,,,,,
1318,High Female Stoned,211,1879,1908,1878,1887,1888,1889,1885,1926,0,109,83,1,10,1,0,1893,0,1,0,1,96,0,95,0,0,0,1,0,0,0,0,0,0,0,0,1419,0,0,0,0,0,0,0,96,,,,,,,,,,,,,,1,,,,,,,,,,,,,,,,,,,,,,,,,,,,,,,,,,,,,,,
1319,Saracen Male Stoned,213,1882,1908,1878,1887,1888,1889,1885,1926,0,100,80,1,8,1,1,1919,0,2,0,0,100,0,103,1,0,0,1,0,0,0,0,0,0,0,0,1419,0,0,0,0,0,0,0,100,,,,,,,,,,,,,,1,,,,,,,,,,,,,,,,,,,,,,,,,,,,,,,,,,,,,,,
1320,Saracen Female Stoned,214,1879,1908,1878,1887,1888,1889,1885,1926,0,100,78,1,11,1,1,1903,0,2,0,1,96,0,98,2,0,0,1,0,0,0,0,0,0,0,0,1419,0,0,0,0,0,0,0,96,,,,,,,,,,,,,,1,,,,,,,,,,,,,,,,,,,,,,,,,,,,,,,,,,,,,,,
1321,Avalonian Male Stoned,217,1882,1908,1878,1887,1888,1889,1885,1926,0,112,89,1,9,0,0,1909,0,1,0,0,98,0,93,0,0,0,1,0,0,0,0,0,0,0,0,1419,0,0,0,0,0,0,0,98,,,,,,,,,,,,,,1,,,,,,,,,,,,,,,,,,,,,,,,,,,,,,,,,,,,,,,
1322,Avalonian Female Stoned,218,1879,1908,1878,1887,1888,1889,1885,1926,0,112,87,1,12,0,0,1893,0,1,0,1,92,0,90,3,0,0,1,0,0,0,0,0,0,0,0,1419,0,0,0,0,0,0,0,92,,,,,,,,,,,,,,1,,,,,,,,,,,,,,,,,,,,,,,,,,,,,,,,,,,,,,,
1323,Half Ogre Male Stoned ,449,1882,1908,1878,1887,1888,1889,1885,1926,0,123,100,1,154,0,0,3002,0,2,0,0,98,0,95,0,0,0,1,0,0,0,0,0,0,0,0,1419,0,0,0,0,0,0,0,98,,,,,,,,,,,,,,1,,,,,,,,,,,,,,,,,,,,,,,,,,,,,,,,,,,,,,,
1324,Half Ogre Female Stoned ,450,1879,1908,1878,1887,1888,1889,1885,1926,0,123,100,1,153,0,0,1998,0,1,0,1,92,0,97,0,0,0,1,0,0,0,0,0,0,0,0,1419,0,0,0,0,0,0,0,92,,,,,,,,,,,,,,1,,,,,,,,,,,,,,,,,,,,,,,,,,,,,,,,,,,,,,,
1325,Troll Male Stoned,237,1884,1908,1878,1887,1888,1889,1886,1926,0,130,110,1,26,0,0,1921,0,2,0,0,115,0,125,1,0,0,1,0,0,0,0,0,0,0,0,1419,0,0,0,0,0,0,0,115,,,,,,,,,,,,,,1,,,,,,,,,,,,,,,,,,,,,,,,,,,,,,,,,,,,,,,
1326,Troll Female Stoned,238,1881,1908,1878,1887,1888,1889,1886,1926,0,125,103,1,21,0,0,1905,0,1,0,1,115,0,117,1,0,0,1,0,0,0,0,0,0,0,0,1419,0,0,0,0,0,0,0,115,,,,,,,,,,,,,,1,,,,,,,,,,,,,,,,,,,,,,,,,,,,,,,,,,,,,,,
1327,Norse Male Stoned ,239,1884,1908,1878,1887,1888,1889,1886,1926,0,109,87,1,19,0,0,1922,0,2,0,0,100,1,105,0,0,0,1,0,0,0,0,0,0,0,0,1419,0,0,0,0,0,0,0,100,,,,,,,,,,,,,,1,,,,,,,,,,,,,,,,,,,,,,,,,,,,,,,,,,,,,,,
1328,Norse Female Stoned ,240,1881,1908,1878,1887,1888,1889,1886,1926,0,109,82,1,12,0,0,1906,0,1,0,1,100,1,96,0,0,0,1,0,0,0,0,0,0,0,0,1419,0,0,0,0,0,0,0,100,,,,,,,,,,,,,,1,,,,,,,,,,,,,,,,,,,,,,,,,,,,,,,,,,,,,,,
1329,Kobold Male Stoned ,241,1884,1908,1878,1887,1888,1889,1886,1926,0,70,63,1,27,0,0,1917,0,2,0,0,100,0,155,3,0,0,1,0,0,0,0,0,0,0,0,1419,0,0,0,0,0,0,0,100,,,,,,,,,,,,,,1,,,,,,,,,,,,,,,,,,,,,,,,,,,,,,,,,,,,,,,
1330,Kobold Female Stoned ,242,1881,1908,1878,1887,1888,1889,1886,1926,0,70,63,1,28,0,0,1901,0,1,0,1,100,0,155,3,0,0,1,0,0,0,0,0,0,0,0,1419,0,0,0,0,0,0,0,100,,,,,,,,,,,,,,1,,,,,,,,,,,,,,,,,,,,,,,,,,,,,,,,,,,,,,,
1331,Dwarf Male Stoned ,243,1884,1908,1878,1887,1888,1889,1886,1926,0,75,72,1,22,0,0,1912,0,2,0,0,110,0,145,0,0,0,1,0,0,0,0,0,0,0,0,1419,0,0,0,0,0,0,0,110,,,,,,,,,,,,,,1,,,,,,,,,,,,,,,,,,,,,,,,,,,,,,,,,,,,,,,
1332,Dwarf Female Stoned ,244,1881,1908,1878,1887,1888,1889,1886,1926,0,70,68,1,23,0,0,1896,0,1,0,1,110,0,155,0,0,0,1,0,0,0,0,0,0,0,0,1419,0,0,0,0,0,0,0,110,,,,,,,,,,,,,,1,,,,,,,,,,,,,,,,,,,,,,,,,,,,,,,,,,,,,,,
1333,Valkyn Male Stoned ,351,1884,1908,1878,1887,1888,1889,1886,1926,0,100,82,1,124,0,0,1907,0,2,0,0,115,1,102,2,0,0,1,0,0,0,0,0,0,0,0,1419,0,0,0,0,0,0,0,115,,,,,,,,,,,,,,1,,,,,,,,,,,,,,,,,,,,,,,,,,,,,,,,,,,,,,,
1334,Valkyn Female Stoned ,352,1881,1908,1878,1887,1888,1889,1886,1926,0,100,82,1,123,0,0,1923,0,1,0,1,115,1,90,2,0,0,1,0,0,0,0,0,0,0,0,1419,0,0,0,0,0,0,0,115,,,,,,,,,,,,,,1,,,,,,,,,,,,,,,,,,,,,,,,,,,,,,,,,,,,,,,
1335,Frostalf Male Stoned ,464,1884,1908,1878,1887,1888,1889,1886,1926,0,100,82,1,150,1,0,1999,0,2,0,0,98,0,95,0,0,0,1,0,0,0,0,0,0,0,0,1419,0,0,0,0,0,0,0,98,,,,,,,,,,,,,,1,,,,,,,,,,,,,,,,,,,,,,,,,,,,,,,,,,,,,,,
1336,Frostalf Female Stoned ,465,1881,1908,1878,1887,1888,1889,1886,1926,0,100,80,1,149,1,0,3001,0,1,0,1,92,0,88,0,0,0,1,0,0,0,0,0,0,0,0,1419,0,0,0,0,0,0,0,92,,,,,,,,,,,,,,1,,,,,,,,,,,,,,,,,,,,,,,,,,,,,,,,,,,,,,,
1337,Firbolg Male Stoned ,254,1883,1908,1878,1887,1888,1890,1886,1926,0,135,110,1,7,0,0,1914,0,2,0,0,115,1,115,1,0,0,1,0,0,0,0,0,0,0,0,1419,0,0,0,0,0,0,0,115,,,,,,,,,,,,,,1,,,,,,,,,,,,,,,,,,,,,,,,,,,,,,,,,,,,,,,
1338,Firbolg Female Stoned ,255,1880,1908,1878,1887,1888,1890,1886,1926,0,130,107,1,10,0,0,1898,0,1,0,1,115,1,117,0,0,0,1,0,0,0,0,0,0,0,0,1419,0,0,0,0,0,0,0,115,,,,,,,,,,,,,,1,,,,,,,,,,,,,,,,,,,,,,,,,,,,,,,,,,,,,,,
1339,Celt Male Stoned ,250,1883,1908,1878,1887,1888,1890,1886,1926,0,100,80,1,8,0,0,1911,0,2,0,0,100,1,107,0,0,0,1,0,0,0,0,0,0,0,0,1419,0,0,0,0,0,0,0,100,,,,,,,,,,,,,,1,,,,,,,,,,,,,,,,,,,,,,,,,,,,,,,,,,,,,,,
1340,Celt Female Stoned ,251,1880,1908,1878,1887,1888,1890,1886,1926,0,100,80,1,11,0,0,1895,0,1,0,1,100,1,93,0,0,0,1,0,0,0,0,0,0,0,0,1419,0,0,0,0,0,0,0,100,,,,,,,,,,,,,,1,,,,,,,,,,,,,,,,,,,,,,,,,,,,,,,,,,,,,,,
1341,Lurikeen Male Stoned ,256,1883,1908,1878,1887,1888,1890,1886,1926,0,65,55,1,27,0,0,1918,0,2,0,0,100,1,130,1,0,0,1,0,0,0,0,0,0,0,0,1419,0,0,0,0,0,0,0,100,,,,,,,,,,,,,,1,,,,,,,,,,,,,,,,,,,,,,,,,,,,,,,,,,,,,,,
1342,Lurikeen Female Stoned ,257,1880,1908,1878,1887,1888,1890,1886,1926,0,65,55,1,28,0,0,1902,0,1,0,1,100,1,112,1,0,0,1,0,0,0,0,0,0,0,0,1419,0,0,0,0,0,0,0,100,,,,,,,,,,,,,,1,,,,,,,,,,,,,,,,,,,,,,,,,,,,,,,,,,,,,,,
1343,Elf Male Stoned,252,1883,1908,1878,1887,1888,1890,1886,1926,0,108,87,1,22,0,0,1913,0,2,0,0,100,0,95,0,0,0,1,0,0,0,0,0,0,0,0,1419,0,0,0,0,0,0,0,100,,,,,,,,,,,,,,1,,,,,,,,,,,,,,,,,,,,,,,,,,,,,,,,,,,,,,,
1344,Elf Female Stoned,253,1880,1908,1878,1887,1888,1890,1886,1926,0,108,82,1,23,0,0,1897,0,1,0,1,100,0,85,0,0,0,1,0,0,0,0,0,0,0,0,1419,0,0,0,0,0,0,0,100,,,,,,,,,,,,,,1,,,,,,,,,,,,,,,,,,,,,,,,,,,,,,,,,,,,,,,
1345,Sylvan Male Stoned ,346,1883,1908,1878,1887,1888,1890,1886,1926,0,108,85,1,114,0,0,1920,0,2,0,0,100,0,100,2,0,0,1,0,0,0,0,0,0,0,0,1419,0,0,0,0,0,0,0,100,,,,,,,,,,,,,,1,,,,,,,,,,,,,,,,,,,,,,,,,,,,,,,,,,,,,,,
1346,Sylvan Female Stoned ,347,1880,1908,1878,1887,1888,1890,1886,1926,0,108,80,1,113,0,0,1904,0,1,0,1,100,0,85,2,0,0,1,0,0,0,0,0,0,0,0,1419,0,0,0,0,0,0,0,100,,,,,,,,,,,,,,1,,,,,,,,,,,,,,,,,,,,,,,,,,,,,,,,,,,,,,,
1347,Shar Male Stoned ,490,1883,1908,1878,1887,1888,1890,1886,1926,0,100,78,1,169,0,0,3003,0,2,0,1,97,0,95,0,0,0,1,0,0,0,0,0,0,0,0,1419,0,0,0,0,0,0,0,92,,,,,,,,,,,,,,1,,,,,,,,,,,,,,,,,,,,,,,,,,,,,,,,,,,,,,,
1348,Shar Female Stoned ,491,1880,1908,1878,1887,1888,1890,1886,1926,0,100,76,1,168,0,0,3000,0,1,0,1,92,0,92,0,0,0,1,0,0,0,0,0,0,0,0,1419,0,0,0,0,0,0,0,92,,,,,,,,,,,,,,1,,,,,,,,,,,,,,,,,,,,,,,,,,,,,,,,,,,,,,,
1349,Fire Elemental,508,1892,0,0,0,0,0,0,0,0,100,123,1,157,0,0,0,0,0,0,0,0,0,0,0,1891,0,0,0,0,0,0,0,0,0,0,1419,0,0,0,0,0,0,0,0,,,,,,,,,,,,,,,,,,,,,,,,,,,,,,,,,,,,,,,,,,,,,,,,,,,,,
1350,Crio Sphinx Volcanus,470,1925,1924,0,0,0,0,0,0,0,100,105,1,143,0,0,0,0,0,0,0,92,0,0,0,0,0,0,0,0,0,0,0,0,0,0,1419,0,0,0,0,0,0,0,92,,,,,,,,,,,,,,0,,,,,,,,,,,,,,,,,,,,,,,,,,,,,,,,,,,,,,,
1351,Player Skeleton w/Res,407,1511,0,0,0,0,0,0,0,0,100,75,1,32,0,0,0,0,0,0,0,0,0,93,0,0,1,1,0,0,0,0,0,0,0,0,1419,0,0,0,0,0,0,0,0,,,,,,,,,,,,,,1,,,,,,,,,,,,,,,,,,,,,,,,,,,,,,,,,,,,,,,
1352,Flesh Wight used for Player Model,276,1069,0,0,0,0,0,0,0,0,100,85,1,37,0,0,0,0,0,0,0,0,0,0,0,0,0,0,0,0,0,0,0,0,0,0,1419,0,0,0,0,0,0,0,0,,,,,,,,,,,,,,1,,,,,,,,,,,,,,,,,,,,,,,,,,,,,,,,,,,,,,,
1353,Small Skeleton,207,80,80,0,0,0,0,0,0,0,75,55,1,5,0,0,0,0,0,0,0,0,0,0,0,0,0,0,0,0,0,0,0,0,0,0,1419,2,0,0,0,0,0,0,0,,,,,,,,,,,,,,1,,,,,,,,,,,,,,,,,,,,,,,,,,,,,,,,,,,,,,,
1354,Skeleton,207,81,81,0,0,0,0,0,0,0,100,75,1,32,0,0,0,0,0,0,0,0,0,0,0,0,0,0,0,0,0,0,0,0,0,0,1419,2,0,0,0,0,0,0,0,,,,,,,,,,,,,,0,,,,,,,,,,,,,,,,,,,,,,,,,,,,,,,,,,,,,,,
1355,Large Skeleton,207,82,82,0,0,0,0,0,0,0,125,100,1,32,0,0,0,0,0,0,0,0,0,0,0,0,0,0,0,0,0,0,0,0,0,0,1419,2,0,0,0,0,0,0,0,,,,,,,,,,,,,,1,,,,,,,,,,,,,,,,,,,,,,,,,,,,,,,,,,,,,,,
1356,empty,0,0,0,0,0,0,0,0,0,0,100,75,1,0,0,0,0,0,0,0,0,0,0,0,0,0,0,0,0,0,0,0,0,0,0,0,1419,0,0,0,0,0,0,0,0,,,,,,,,,,,,,,0,,,,,,,,,,,,,,,,,,,,,,,,,,,,,,,,,,,,,,,
1357,empty,0,0,0,0,0,0,0,0,0,0,100,75,1,0,0,0,0,0,0,0,0,0,0,0,0,0,0,0,0,0,0,0,0,0,0,0,1419,0,0,0,0,0,0,0,0,,,,,,,,,,,,,,0,,,,,,,,,,,,,,,,,,,,,,,,,,,,,,,,,,,,,,,
1358,empty,0,0,0,0,0,0,0,0,0,0,100,75,1,0,0,0,0,0,0,0,0,0,0,0,0,0,0,0,0,0,0,0,0,0,0,0,1419,0,0,0,0,0,0,0,0,,,,,,,,,,,,,,0,,,,,,,,,,,,,,,,,,,,,,,,,,,,,,,,,,,,,,,
1359,Small Grey Wolf,212,97,0,0,0,0,0,0,0,0,50,50,1,15,0,0,0,0,0,0,0,0,0,0,0,0,0,0,0,0,0,0,0,0,0,0,1419,0,0,0,0,0,0,0,0,,,,,,,,,,,,,,1,,,,,,,,,,,,,,,,,,,,,,,,,,,,,,,,,,,,,,,
1360,Large Grey Wolf,212,97,0,0,0,0,0,0,0,0,100,65,1,15,0,0,0,0,0,0,0,0,0,0,0,0,0,0,0,0,0,0,0,0,0,0,1419,0,0,0,0,0,0,0,0,,,,,,,,,,,,,,0,,,,,,,,,,,,,,,,,,,,,,,,,,,,,,,,,,,,,,,
1361,empty,0,0,0,0,0,0,0,0,0,0,100,75,1,0,0,0,0,0,0,0,0,0,0,0,0,0,0,0,0,0,0,0,0,0,0,0,1419,0,0,0,0,0,0,0,0,,,,,,,,,,,,,,0,,,,,,,,,,,,,,,,,,,,,,,,,,,,,,,,,,,,,,,
1362,empty,0,0,0,0,0,0,0,0,0,0,100,75,1,0,0,0,0,0,0,0,0,0,0,0,0,0,0,0,0,0,0,0,0,0,0,0,1419,0,0,0,0,0,0,0,0,,,,,,,,,,,,,,0,,,,,,,,,,,,,,,,,,,,,,,,,,,,,,,,,,,,,,,
1363,empty,0,0,0,0,0,0,0,0,0,0,100,75,1,0,0,0,0,0,0,0,0,0,0,0,0,0,0,0,0,0,0,0,0,0,0,0,1419,0,0,0,0,0,0,0,0,,,,,,,,,,,,,,0,,,,,,,,,,,,,,,,,,,,,,,,,,,,,,,,,,,,,,,
1364,empty,0,0,0,0,0,0,0,0,0,0,100,75,1,0,0,0,0,0,0,0,0,0,0,0,0,0,0,0,0,0,0,0,0,0,0,0,1419,0,0,0,0,0,0,0,0,,,,,,,,,,,,,,0,,,,,,,,,,,,,,,,,,,,,,,,,,,,,,,,,,,,,,,
1365,empty,0,0,0,0,0,0,0,0,0,0,100,75,1,0,0,0,0,0,0,0,0,0,0,0,0,0,0,0,0,0,0,0,0,0,0,0,1419,0,0,0,0,0,0,0,0,,,,,,,,,,,,,,0,,,,,,,,,,,,,,,,,,,,,,,,,,,,,,,,,,,,,,,
1366,empty,0,0,0,0,0,0,0,0,0,0,100,75,1,0,0,0,0,0,0,0,0,0,0,0,0,0,0,0,0,0,0,0,0,0,0,0,1419,0,0,0,0,0,0,0,0,,,,,,,,,,,,,,0,,,,,,,,,,,,,,,,,,,,,,,,,,,,,,,,,,,,,,,
1367,empty,0,0,0,0,0,0,0,0,0,0,100,75,1,0,0,0,0,0,0,0,0,0,0,0,0,0,0,0,0,0,0,0,0,0,0,0,1419,0,0,0,0,0,0,0,0,,,,,,,,,,,,,,0,,,,,,,,,,,,,,,,,,,,,,,,,,,,,,,,,,,,,,,
1368,empty,0,0,0,0,0,0,0,0,0,0,100,75,1,0,0,0,0,0,0,0,0,0,0,0,0,0,0,0,0,0,0,0,0,0,0,0,1419,0,0,0,0,0,0,0,0,,,,,,,,,,,,,,0,,,,,,,,,,,,,,,,,,,,,,,,,,,,,,,,,,,,,,,
1369,Black Wolf,212,98,0,0,0,0,0,0,0,0,100,65,1,15,0,0,0,0,0,0,0,0,0,0,0,0,0,0,0,0,0,0,0,0,0,0,1419,0,0,0,0,0,0,0,0,,,,,,,,,,,,,,0,,,,,,,,,,,,,,,,,,,,,,,,,,,,,,,,,,,,,,,
1370,empty,0,0,0,0,0,0,0,0,0,0,100,75,1,0,0,0,0,0,0,0,0,0,0,0,0,0,0,0,0,0,0,0,0,0,0,0,1419,0,0,0,0,0,0,0,0,,,,,,,,,,,,,,0,,,,,,,,,,,,,,,,,,,,,,,,,,,,,,,,,,,,,,,
1371,Lizard,223,113,0,0,0,0,0,0,0,0,100,85,1,18,0,0,0,0,0,1,0,0,0,0,0,0,0,0,0,0,0,0,0,0,0,0,1419,0,0,0,0,0,0,0,0,,,,,,,,,,,,,,0,,,,,,,,,,,,,,,,,,,,,,,,,,,,,,,,,,,,,,,
1372,Roman Dead,224,137,0,0,0,0,0,0,0,0,100,80,1,5,0,0,0,0,0,0,0,0,0,0,0,0,0,0,0,0,0,0,0,0,0,0,1419,0,0,0,0,0,0,0,0,,,,,,,,,,,,,,1,,,,,,,,,,,,,,,,,,,,,,,,,,,,,,,,,,,,,,,
1373,Robed Roman Dead,225,137,0,0,0,0,0,0,0,0,100,80,1,5,0,0,0,0,0,0,0,0,0,0,0,0,0,0,0,0,0,0,0,0,0,0,1419,0,0,0,0,0,0,0,0,,,,,,,,,,,,,,1,,,,,,,,,,,,,,,,,,,,,,,,,,,,,,,,,,,,,,,
1374,Grungy Roman Dead,224,138,0,0,0,0,0,0,0,0,100,80,1,5,0,0,0,0,0,0,0,0,0,0,0,0,0,0,0,0,0,0,0,0,0,0,1419,0,0,0,0,0,0,0,0,,,,,,,,,,,,,,1,,,,,,,,,,,,,,,,,,,,,,,,,,,,,,,,,,,,,,,
1375,Robed Grungy Roman Dead,225,138,0,0,0,0,0,0,0,0,100,80,1,5,0,0,0,0,0,0,0,0,0,0,0,0,0,0,0,0,0,0,0,0,0,0,1419,0,0,0,0,0,0,0,0,,,,,,,,,,,,,,1,,,,,,,,,,,,,,,,,,,,,,,,,,,,,,,,,,,,,,,
1376,Zombie,226,139,0,0,0,0,0,0,0,0,100,100,1,16,0,0,0,0,0,0,0,0,0,0,0,0,0,0,0,0,0,0,0,0,0,0,1419,0,0,0,0,0,0,0,0,,,,,,,,,,,,,,1,,,,,,,,,,,,,,,,,,,,,,,,,,,,,,,,,,,,,,,
1377,Brownie,227,140,0,0,0,0,0,0,0,0,100,50,1,17,0,0,0,0,0,0,0,0,0,0,0,0,0,0,0,0,0,0,0,0,0,0,1419,0,0,0,0,0,0,0,0,,,,,,,,,,,,,,0,,,,,,,,,,,,,,,,,,,,,,,,,,,,,,,,,,,,,,,
1378,Rock Creature,229,142,0,0,0,0,0,0,0,0,100,80,1,25,0,0,0,0,0,0,0,0,0,0,0,0,0,0,0,0,0,0,0,0,0,0,1419,0,0,0,0,0,0,0,0,,,,,,,,,,,,,,0,,,,,,,,,,,,,,,,,,,,,,,,,,,,,,,,,,,,,,,
1379,empty,0,0,0,0,0,0,0,0,0,0,100,75,1,0,0,0,0,0,0,0,0,0,0,0,0,0,0,0,0,0,0,0,0,0,0,0,1419,0,0,0,0,0,0,0,0,,,,,,,,,,,,,,0,,,,,,,,,,,,,,,,,,,,,,,,,,,,,,,,,,,,,,,
1380,Carrion Eater (spider),216,144,0,0,0,0,0,0,0,0,100,65,1,14,0,0,0,0,0,1,0,0,0,0,0,0,0,0,0,0,0,0,0,0,0,0,1419,0,0,0,0,0,0,0,0,,,,,,,,,,,,,,0,,,,,,,,,,,,,,,,,,,,,,,,,,,,,,,,,,,,,,,
1381,empty,0,0,0,0,0,0,0,0,0,0,100,75,1,0,0,0,0,0,0,0,0,0,0,0,0,0,0,0,0,0,0,0,0,0,0,0,1419,0,0,0,0,0,0,0,0,,,,,,,,,,,,,,0,,,,,,,,,,,,,,,,,,,,,,,,,,,,,,,,,,,,,,,
1382,Giant,232,147,0,0,0,0,0,0,0,0,500,400,1,29,0,0,0,0,0,0,0,0,0,0,0,0,0,0,0,0,0,0,0,0,0,0,1419,0,0,0,0,0,0,0,0,,,,,,,,,,,,,,1,,,,,,,,,,,,,,,,,,,,,,,,,,,,,,,,,,,,,,,
1383,Forest Giant,232,148,0,0,0,0,0,0,0,0,500,400,1,29,0,0,0,0,0,0,0,0,0,0,0,0,0,0,0,0,0,0,0,0,0,0,1419,0,0,0,0,0,0,0,0,,,,,,,,,,,,,,1,,,,,,,,,,,,,,,,,,,,,,,,,,,,,,,,,,,,,,,
1384,Ice Giant,232,149,0,0,0,0,0,0,0,0,500,400,1,29,0,0,0,0,0,0,0,0,0,0,0,0,0,0,0,0,0,0,0,0,0,0,1419,0,0,0,0,0,0,0,0,,,,,,,,,,,,,,1,,,,,,,,,,,,,,,,,,,,,,,,,,,,,,,,,,,,,,,
1385,Fire Giant,232,150,0,0,0,0,0,0,0,0,500,400,1,29,0,0,0,0,0,0,0,0,0,0,0,0,0,0,0,0,0,0,0,0,0,0,1419,0,0,0,0,0,0,0,0,,,,,,,,,,,,,,1,,,,,,,,,,,,,,,,,,,,,,,,,,,,,,,,,,,,,,,
1386,Worm,233,151,0,0,0,0,0,0,0,0,100,70,1,3,0,0,0,0,0,1,0,0,0,0,0,0,0,0,0,0,0,0,0,0,0,0,1419,0,0,0,0,0,0,0,0,,,,,,,,,,,,,,0,,,,,,,,,,,,,,,,,,,,,,,,,,,,,,,,,,,,,,,
1387,Mud Creature,229,156,0,0,0,0,0,0,0,0,100,80,1,25,0,0,0,0,0,0,0,0,0,0,0,0,0,0,0,0,0,0,0,0,0,0,1419,0,0,0,0,0,0,0,0,,,,,,,,,,,,,,1,,,,,,,,,,,,,,,,,,,,,,,,,,,,,,,,,,,,,,,
1388,Lava Creature,229,157,0,0,0,0,0,0,0,0,100,80,1,25,0,0,0,0,0,0,0,0,0,0,0,3982,0,0,0,0,0,0,0,0,0,0,1419,0,0,0,0,0,0,0,0,,,,,,,,,,,,,,1,,,,,,,,,,,,,,,,,,,,,,,,,,,,,,,,,,,,,,,
1389,Ice Creature,229,158,0,0,0,0,0,0,0,0,100,80,1,25,0,0,0,0,0,0,0,0,0,0,0,3977,0,0,0,0,0,0,0,0,0,0,1419,0,0,0,3979,0,0,0,0,,,,,,,3978,,,,,,,1,,,,,,,,,,,,,,,,,,,,,,,,,,,,,,,,,,,,,,,
1390,Brown Huldu,235,159,0,0,0,0,0,0,0,0,100,50,1,17,0,0,0,0,0,0,0,0,0,0,0,0,0,0,0,0,0,0,0,0,0,0,1419,0,0,0,0,0,0,0,0,,,,,,,,,,,,,,0,,,,,,,,,,,,,,,,,,,,,,,,,,,,,,,,,,,,,,,
1391,Wilding(vine) Huldu,235,160,0,0,0,0,0,0,0,0,100,50,1,17,0,0,0,0,0,0,0,0,0,0,0,0,0,0,0,0,0,0,0,0,0,0,1419,0,0,0,0,0,0,0,0,,,,,,,,,,,,,,0,,,,,,,,,,,,,,,,,,,,,,,,,,,,,,,,,,,,,,,
1392,Carrion Eater 2 (spider),216,152,0,0,0,0,0,0,0,0,100,65,1,14,0,0,0,0,0,1,0,0,0,0,0,0,0,0,0,0,0,0,0,0,0,0,1419,0,0,0,0,0,0,0,0,,,,,,,,,,,,,,0,,,,,,,,,,,,,,,,,,,,,,,,,,,,,,,,,,,,,,,
1393,Rift,399,0,0,0,0,0,0,0,0,0,100,95,-1,112,0,0,0,0,0,0,0,0,0,0,0,0,0,0,0,0,50,50,0,0,0,0,1419,0,26,0,0,0,0,0,0,,,,,,,,,,,,,,0,,,,,,,,,,,,,,,,,,,,,,,,,,,,,,,,,,,,,,,
1394,Beetle Morph,323,1277,0,0,0,0,0,0,0,0,10,80,1,14,0,0,0,0,0,1,0,0,0,0,0,0,0,0,0,0,0,0,0,0,0,0,1419,0,0,0,0,0,0,0,0,,,,,,,,,,,,,,0,,,,,,,,,,,,,,,,,,,,,,,,,,,,,,,,,,,,,,,
1395,Albion Player Minotaur 1,890,6950,0,0,0,0,0,0,0,0,120,100,1,200,0,0,0,0,0,0,0,115,0,100,0,0,2,1,0,0,0,0,0,0,0,0,0,0,0,0,0,0,0,0,110,,,,,,,,,,,,,,1,1,,,,,,863,6856,,6899,6853,6862,6865,6859,79,,0,1,,1,120,,,,,,1,,,,,,,,,,,,
1396,Albion Player Minotaur 2,890,6950,0,0,0,0,0,0,0,0,120,100,1,200,0,0,0,0,0,0,0,115,0,100,0,0,2,1,0,0,0,0,0,0,0,0,0,0,0,0,0,0,0,0,110,,,,,,,,,,,,,,1,1,,,,,,863,6856,,6900,6853,6862,6865,6859,79,,0,1,,1,120,,,,,,1,,,,,,,,,,,,
1397,Albion Player Minotaur 3,890,6950,0,0,0,0,0,0,0,0,120,100,1,200,0,0,0,0,0,0,0,115,0,100,0,0,2,1,0,0,0,0,0,0,0,0,0,0,0,0,0,0,0,0,110,,,,,,,,,,,,,,1,1,,,,,,863,6856,,6901,6853,6862,6865,6859,79,,0,1,,1,120,,,,,,1,,,,,,,,,,,,
1398,Albion Player Minotaur 4,890,6950,0,0,0,0,0,0,0,0,120,100,1,200,0,0,0,0,0,0,0,115,0,100,0,0,2,1,0,0,0,0,0,0,0,0,0,0,0,0,0,0,0,0,110,,,,,,,,,,,,,,1,1,,,,,,863,6856,,6902,6853,6862,6865,6859,79,,0,1,,1,120,,,,,,1,,,,,,,,,,,,
1399,Albion Player Minotaur 5,890,6950,0,0,0,0,0,0,0,0,120,100,1,200,0,0,0,0,0,0,0,115,0,100,0,0,2,1,0,0,0,0,0,0,0,0,0,0,0,0,0,0,0,0,110,,,,,,,,,,,,,,1,1,,,,,,863,6856,,6903,6853,6862,6865,6859,79,,0,1,,1,120,,,,,,1,,,,,,,,,,,,
1400,Albion Player Minotaur 6,890,6950,0,0,0,0,0,0,0,0,120,100,1,200,0,0,0,0,0,0,0,115,0,100,0,0,2,1,0,0,0,0,0,0,0,0,0,0,0,0,0,0,0,0,110,,,,,,,,,,,,,,1,1,,,,,,863,6856,,6904,6853,6862,6865,6859,79,,0,1,,1,120,,,,,,1,,,,,,,,,,,,
1401,Albion Player Minotaur 7,890,6950,0,0,0,0,0,0,0,0,120,100,1,200,0,0,0,0,0,0,0,115,0,100,0,0,2,1,0,0,0,0,0,0,0,0,0,0,0,0,0,0,0,0,110,,,,,,,,,,,,,,1,1,,,,,,863,6856,,6899,6853,6862,6865,6859,79,,0,1,,1,120,,,,,,1,,,,,,,,,,,,
1402,Albion Player Minotaur 8,890,6950,0,0,0,0,0,0,0,0,120,100,1,200,0,0,0,0,0,0,0,115,0,100,0,0,2,1,0,0,0,0,0,0,0,0,0,0,0,0,0,0,0,0,110,,,,,,,,,,,,,,1,1,,,,,,863,6856,,6900,6853,6862,6865,6859,79,,0,1,,1,120,,,,,,1,,,,,,,,,,,,
1403,Albion Player Minotaur 9,890,6950,0,0,0,0,0,0,0,0,120,100,1,200,0,0,0,0,0,0,0,115,0,100,0,0,2,1,0,0,0,0,0,0,0,0,0,0,0,0,0,0,0,0,110,,,,,,,,,,,,,,1,1,,,,,,863,6856,,6901,6853,6862,6865,6859,79,,0,1,,1,120,,,,,,1,,,,,,,,,,,,
1404,Albion Player Minotaur 10,890,6950,0,0,0,0,0,0,0,0,120,100,1,200,0,0,0,0,0,0,0,115,0,100,0,0,2,1,0,0,0,0,0,0,0,0,0,0,0,0,0,0,0,0,110,,,,,,,,,,,,,,1,1,,,,,,863,6856,,6902,6853,6862,6865,6859,79,,0,1,,1,120,,,,,,1,,,,,,,,,,,,
1405,Albion Player Minotaur 11,890,6950,0,0,0,0,0,0,0,0,120,100,1,200,0,0,0,0,0,0,0,115,0,100,0,0,2,1,0,0,0,0,0,0,0,0,0,0,0,0,0,0,0,0,110,,,,,,,,,,,,,,1,1,,,,,,863,6856,,6903,6853,6862,6865,6859,79,,0,1,,1,120,,,,,,1,,,,,,,,,,,,
1406,Albion Player Minotaur 12,890,6950,0,0,0,0,0,0,0,0,120,100,1,200,0,0,0,0,0,0,0,115,0,100,0,0,2,1,0,0,0,0,0,0,0,0,0,0,0,0,0,0,0,0,110,,,,,,,,,,,,,,1,1,,,,,,863,6856,,6904,6853,6862,6865,6859,79,,0,1,,1,120,,,,,,1,,,,,,,,,,,,
1407,Midgard Player Minotaur 1,891,6949,0,0,0,0,0,0,0,0,120,110,1,200,0,0,0,0,0,0,0,115,0,100,1,0,2,1,0,0,0,0,0,0,0,0,0,0,0,0,0,0,0,0,110,,,,,,,,,,,,,,1,1,,,,,,867,6858,,6913,6855,6864,6867,6861,79,,0,1,,1,120,,,,,,1,,,,,,,,,,,,
1408,Midgard Player Minotaur 2,891,6949,0,0,0,0,0,0,0,0,120,110,1,200,0,0,0,0,0,0,0,115,0,100,1,0,2,1,0,0,0,0,0,0,0,0,0,0,0,0,0,0,0,0,110,,,,,,,,,,,,,,1,1,,,,,,867,6858,,6914,6855,6864,6867,6861,79,,0,1,,1,120,,,,,,1,,,,,,,,,,,,
1409,Midgard Player Minotaur 3,891,6949,0,0,0,0,0,0,0,0,120,110,1,200,0,0,0,0,0,0,0,115,0,100,1,0,2,1,0,0,0,0,0,0,0,0,0,0,0,0,0,0,0,0,110,,,,,,,,,,,,,,1,1,,,,,,867,6858,,6915,6855,6864,6867,6861,79,,0,1,,1,120,,,,,,1,,,,,,,,,,,,
1410,Midgard Player Minotaur 4,891,6949,0,0,0,0,0,0,0,0,120,110,1,200,0,0,0,0,0,0,0,115,0,100,1,0,2,1,0,0,0,0,0,0,0,0,0,0,0,0,0,0,0,0,110,,,,,,,,,,,,,,1,1,,,,,,867,6858,,6916,6855,6864,6867,6861,79,,0,1,,1,120,,,,,,1,,,,,,,,,,,,
1411,Midgard Player Minotaur 5,891,6949,0,0,0,0,0,0,0,0,120,110,1,200,0,0,0,0,0,0,0,115,0,100,1,0,2,1,0,0,0,0,0,0,0,0,0,0,0,0,0,0,0,0,110,,,,,,,,,,,,,,1,1,,,,,,867,6858,,6917,6855,6864,6867,6861,79,,0,1,,1,120,,,,,,1,,,,,,,,,,,,
1412,Midgard Player Minotaur 6,891,6949,0,0,0,0,0,0,0,0,120,110,1,200,0,0,0,0,0,0,0,115,0,100,1,0,2,1,0,0,0,0,0,0,0,0,0,0,0,0,0,0,0,0,110,,,,,,,,,,,,,,1,1,,,,,,867,6858,,6918,6855,6864,6867,6861,79,,0,1,,1,120,,,,,,1,,,,,,,,,,,,
1413,Midgard Player Minotaur 7,891,6949,0,0,0,0,0,0,0,0,120,110,1,200,0,0,0,0,0,0,0,115,0,100,1,0,2,1,0,0,0,0,0,0,0,0,0,0,0,0,0,0,0,0,110,,,,,,,,,,,,,,1,1,,,,,,867,6858,,6913,6855,6864,6867,6861,79,,0,1,,1,120,,,,,,1,,,,,,,,,,,,
1414,Midgard Player Minotaur 8,891,6949,0,0,0,0,0,0,0,0,120,110,1,200,0,0,0,0,0,0,0,115,0,100,1,0,2,1,0,0,0,0,0,0,0,0,0,0,0,0,0,0,0,0,110,,,,,,,,,,,,,,1,1,,,,,,867,6858,,6914,6855,6864,6867,6861,79,,0,1,,1,120,,,,,,1,,,,,,,,,,,,
1415,Midgard Player Minotaur 9,891,6949,0,0,0,0,0,0,0,0,120,110,1,200,0,0,0,0,0,0,0,115,0,100,1,0,2,1,0,0,0,0,0,0,0,0,0,0,0,0,0,0,0,0,110,,,,,,,,,,,,,,1,1,,,,,,867,6858,,6915,6855,6864,6867,6861,79,,0,1,,1,120,,,,,,1,,,,,,,,,,,,
1416,Midgard Player Minotaur 10,891,6949,0,0,0,0,0,0,0,0,120,110,1,200,0,0,0,0,0,0,0,115,0,100,1,0,2,1,0,0,0,0,0,0,0,0,0,0,0,0,0,0,0,0,110,,,,,,,,,,,,,,1,1,,,,,,867,6858,,6916,6855,6864,6867,6861,79,,0,1,,1,120,,,,,,1,,,,,,,,,,,,
1417,Midgard Player Minotaur 11,891,6949,0,0,0,0,0,0,0,0,120,110,1,200,0,0,0,0,0,0,0,115,0,100,1,0,2,1,0,0,0,0,0,0,0,0,0,0,0,0,0,0,0,0,110,,,,,,,,,,,,,,1,1,,,,,,867,6858,,6917,6855,6864,6867,6861,79,,0,1,,1,120,,,,,,1,,,,,,,,,,,,
1418,Midgard Player Minotaur 12,891,6949,0,0,0,0,0,0,0,0,120,110,1,200,0,0,0,0,0,0,0,115,0,100,1,0,2,1,0,0,0,0,0,0,0,0,0,0,0,0,0,0,0,0,110,,,,,,,,,,,,,,1,1,,,,,,867,6858,,6918,6855,6864,6867,6861,79,,0,1,,1,120,,,,,,1,,,,,,,,,,,,
1419,Hibernian Player Minotaur 1,892,6951,0,0,0,0,0,0,0,0,120,110,1,200,0,0,0,0,0,0,0,115,0,100,1,0,2,1,0,0,0,0,0,0,0,0,0,0,0,0,0,0,0,0,110,,,,,,,,,,,,,,1,1,,,,,,868,6857,,6919,6854,6863,6866,6860,79,,0,1,,1,120,,,,,,1,,,,,,,,,,,,
1420,Hibernian Player Minotaur 2,892,6951,0,0,0,0,0,0,0,0,120,110,1,200,0,0,0,0,0,0,0,115,0,100,1,0,2,1,0,0,0,0,0,0,0,0,0,0,0,0,0,0,0,0,110,,,,,,,,,,,,,,1,1,,,,,,868,6857,,6920,6854,6863,6866,6860,79,,0,1,,1,120,,,,,,1,,,,,,,,,,,,
1421,Hibernian Player Minotaur 3,892,6951,0,0,0,0,0,0,0,0,120,110,1,200,0,0,0,0,0,0,0,115,0,100,1,0,2,1,0,0,0,0,0,0,0,0,0,0,0,0,0,0,0,0,110,,,,,,,,,,,,,,1,1,,,,,,868,6857,,6921,6854,6863,6866,6860,79,,0,1,,1,120,,,,,,1,,,,,,,,,,,,
1422,Hibernian Player Minotaur 4,892,6951,0,0,0,0,0,0,0,0,120,110,1,200,0,0,0,0,0,0,0,115,0,100,1,0,2,1,0,0,0,0,0,0,0,0,0,0,0,0,0,0,0,0,110,,,,,,,,,,,,,,1,1,,,,,,868,6857,,6922,6854,6863,6866,6860,79,,0,1,,1,120,,,,,,1,,,,,,,,,,,,
1423,Hibernian Player Minotaur 5,892,6951,0,0,0,0,0,0,0,0,120,110,1,200,0,0,0,0,0,0,0,115,0,100,1,0,2,1,0,0,0,0,0,0,0,0,0,0,0,0,0,0,0,0,110,,,,,,,,,,,,,,1,1,,,,,,868,6857,,6923,6854,6863,6866,6860,79,,0,1,,1,120,,,,,,1,,,,,,,,,,,,
1424,Hibernian Player Minotaur 6,892,6951,0,0,0,0,0,0,0,0,120,110,1,200,0,0,0,0,0,0,0,115,0,100,1,0,2,1,0,0,0,0,0,0,0,0,0,0,0,0,0,0,0,0,110,,,,,,,,,,,,,,1,1,,,,,,868,6857,,6924,6854,6863,6866,6860,79,,0,1,,1,120,,,,,,1,,,,,,,,,,,,
1425,Hibernian Player Minotaur 7,892,6951,0,0,0,0,0,0,0,0,120,110,1,200,0,0,0,0,0,0,0,115,0,100,1,0,2,1,0,0,0,0,0,0,0,0,0,0,0,0,0,0,0,0,110,,,,,,,,,,,,,,1,1,,,,,,868,6857,,6919,6854,6863,6866,6860,79,,0,1,,1,120,,,,,,1,,,,,,,,,,,,
1426,Hibernian Player Minotaur 8,892,6951,0,0,0,0,0,0,0,0,120,110,1,200,0,0,0,0,0,0,0,115,0,100,1,0,2,1,0,0,0,0,0,0,0,0,0,0,0,0,0,0,0,0,110,,,,,,,,,,,,,,1,1,,,,,,868,6857,,6920,6854,6863,6866,6860,79,,0,1,,1,120,,,,,,1,,,,,,,,,,,,
1427,Hibernian Player Minotaur 9,892,6951,0,0,0,0,0,0,0,0,120,110,1,200,0,0,0,0,0,0,0,115,0,100,1,0,2,1,0,0,0,0,0,0,0,0,0,0,0,0,0,0,0,0,110,,,,,,,,,,,,,,1,1,,,,,,868,6857,,6921,6854,6863,6866,6860,79,,0,1,,1,120,,,,,,1,,,,,,,,,,,,
1428,Hibernian Player Minotaur 10,892,6951,0,0,0,0,0,0,0,0,120,110,1,200,0,0,0,0,0,0,0,115,0,100,1,0,2,1,0,0,0,0,0,0,0,0,0,0,0,0,0,0,0,0,110,,,,,,,,,,,,,,1,1,,,,,,868,6857,,6922,6854,6863,6866,6860,79,,0,1,,1,120,,,,,,1,,,,,,,,,,,,
1429,Hibernian Player Minotaur 11,892,6951,0,0,0,0,0,0,0,0,120,110,1,200,0,0,0,0,0,0,0,115,0,100,1,0,2,1,0,0,0,0,0,0,0,0,0,0,0,0,0,0,0,0,110,,,,,,,,,,,,,,1,1,,,,,,868,6857,,6923,6854,6863,6866,6860,79,,0,1,,1,120,,,,,,1,,,,,,,,,,,,
1430,Hibernian Player Minotaur 12,892,6951,0,0,0,0,0,0,0,0,120,110,1,200,0,0,0,0,0,0,0,115,0,100,1,0,2,1,0,0,0,0,0,0,0,0,0,0,0,0,0,0,0,0,110,,,,,,,,,,,,,,1,1,,,,,,868,6857,,6924,6854,6863,6866,6860,79,,0,1,,1,120,,,,,,1,,,,,,,,,,,,
1431,Dead Albion Player Minotaur,910,6950,0,0,0,0,0,0,0,0,120,30,1,200,0,0,0,0,0,0,0,115,0,100,0,0,1,2,0,0,0,0,0,0,0,0,0,0,0,0,0,0,0,0,110,,,,,,,,,,,,,,1,1,,,,,,883,6856,,6899,6853,6862,6865,6859,79,,0,1,,1,120,,,,,,1,,,,,,,,,,,,
1432,Dead Midgard Player Minotaur,911,6949,0,0,0,0,0,0,0,0,120,30,1,200,0,0,0,0,0,0,0,115,0,100,1,0,1,2,0,0,0,0,0,0,0,0,0,0,0,0,0,0,0,0,110,,,,,,,,,,,,,,1,1,,,,,,884,6858,,6913,6855,6864,6867,6861,79,,0,1,,1,120,,,,,,1,,,,,,,,,,,,
1433,Dead Hibernian Player Minotaur,912,6951,0,0,0,0,0,0,0,0,120,30,1,200,0,0,0,0,0,0,0,115,0,100,1,0,1,2,0,0,0,0,0,0,0,0,0,0,0,0,0,0,0,0,110,,,,,,,,,,,,,,1,1,,,,,,885,6857,,6919,6854,6863,6866,6860,79,,0,1,,1,120,,,,,,1,,,,,,,,,,,,
1434,Labyrinth - Dead Corrupt Mino 1,905,6976,0,0,0,0,0,0,0,0,120,30,1,201,0,0,0,0,0,0,0,115,0,100,0,0,1,2,0,0,0,0,0,0,0,0,0,0,0,0,0,0,0,0,110,,,,,,,,,,,,,,1,1,,,,,,,,,,,,,,,,,,,,,,,,,,,,,,,,,,,,,,
1435,Labyrinth - Dead Corrupt Mino 2,906,6977,0,0,0,0,0,0,0,0,120,30,1,201,0,0,0,0,0,0,0,115,0,100,0,0,1,2,0,0,0,0,0,0,0,0,0,0,0,0,0,0,0,0,110,,,,,,,,,,,,,,1,1,,,,,,,,,,,,,,,,,,,,,,,,,,,,,,,,,,,,,,
1436,Labyrinth - Dead Corrupt Mino 3,907,6978,0,0,0,0,0,0,0,0,120,30,1,201,0,0,0,0,0,0,0,115,0,100,0,0,1,2,0,0,0,0,0,0,0,0,0,0,0,0,0,0,0,0,110,,,,,,,,,,,,,,1,1,,,,,,,,,,,,,,,,,,,,,,,,,,,,,,,,,,,,,,
1437,Labyrinth - Dead Undead Minotaur,909,6979,0,0,0,0,0,0,0,0,120,30,1,202,0,0,0,0,0,0,0,115,0,100,0,0,1,2,0,0,0,0,0,0,0,0,0,0,0,0,0,0,0,0,110,,,,,,,,,,,,,,1,1,,,,,,,,,,,,,,,,,,,,,,,,,,,,,,,,,,,,,,
1438,Magic Portal,399,0,0,0,0,0,0,0,0,0,100,70,0,0,0,0,0,0,0,0,0,0,0,0,0,0,0,0,0,0,50,50,0,0,0,0,1419,0,131,0,0,0,0,0,0,,,,,,,,,,,,,,0,,,,,,,,,,,,,,,,,,,,,,,,,,,,,,,,,,,,,,,
1439,Titan,526,3068,0,0,0,0,0,0,0,0,100,130,1,157,0,0,0,0,0,0,0,120,0,0,0,3122,0,0,0,0,0,0,0,0,0,0,1419,0,0,0,3121,0,0,0,0,,,,,,,3120,,,,,,,1,,,,,,,,,,,,,,,,,,,,,,,,,,,,,,,,,,,,,,,
1440,Labyrinth - Player Undead Minotaur ,908,6979,0,0,0,0,0,0,0,0,120,110,1,202,0,0,0,9,0,0,0,115,0,100,0,0,1,2,0,0,0,0,0,0,0,0,0,0,0,0,0,0,0,0,110,,,,,,,,,,,,,,1,1,,,,,,,,,,,,,,,,,,,,,,,,,,,,,,,,,,,,,,
1563,Wounded High Male,528,16,1021,18,19,20,21,22,79,0,109,88,1,7,1,0,24,2,1,0,0,102,0,100,0,0,1,1,0,0,0,0,0,0,0,0,1419,0,0,0,0,0,0,0,102,,,,,,,,,,,,,,1,,,,,,,,,,,,,,,,,,,,,,,,,,,,,,,,,,,,,,,
1564,Labyrinth - Player Corrupt Minotaur 1,902,6976,0,0,0,0,0,0,0,0,120,110,1,201,0,0,0,9,1,0,0,115,0,100,0,0,1,2,0,0,0,0,0,0,0,0,0,0,0,0,0,0,0,0,110,,,,,,,,,,,,,,1,1,,,,,,,,,,,,,,,,,,,,,,,,,,,,,,,,,,,,,,
1565,Labyrinth - Player Corrupt Minotaur 2,903,6977,0,0,0,0,0,0,0,0,120,110,1,201,0,0,0,9,1,0,0,115,0,100,0,0,1,2,0,0,0,0,0,0,0,0,0,0,0,0,0,0,0,0,110,,,,,,,,,,,,,,1,1,,,,,,,,,,,,,,,,,,,,,,,,,,,,,,,,,,,,,,
1566,Labyrinth - Player Corrupt Minotaur 3,904,6978,0,0,0,0,0,0,0,0,120,110,1,201,0,0,0,9,1,0,0,115,0,100,0,0,1,2,0,0,0,0,0,0,0,0,0,0,0,0,0,0,0,0,110,,,,,,,,,,,,,,1,1,,,,,,,,,,,,,,,,,,,,,,,,,,,,,,,,,,,,,,
1574,Albion Player Minotaur Stone,890,6950,0,0,0,0,0,0,0,0,120,100,1,200,0,0,0,0,0,0,0,115,0,100,0,0,0,2,0,0,0,0,0,0,0,0,0,0,0,0,0,0,0,0,110,,,,,,,,,,,,,,1,1,,,,,,,,,,,,,,,,,,,,,,,,,,,,,,,,,,,,,,
1575,Albion Player Minotaur Mummy,890,6950,0,0,0,0,0,0,0,0,120,100,1,200,0,0,0,0,0,0,0,115,0,100,0,0,0,2,0,0,0,0,0,0,0,0,0,0,0,0,0,0,0,0,110,,,,,,,,,,,,,,1,1,,,,,,,,,,,,,,,,,,,,,,,,,,,,,,,,,,,,,,
1576,Albion Player Minotaur Shade,890,6950,0,0,0,0,0,0,0,0,120,100,1,200,0,0,0,0,0,0,0,115,0,100,0,0,0,2,0,0,0,0,0,0,0,0,0,0,0,0,0,0,0,0,110,,,,,,,,,,,,,,1,1,,,,,,,,,,,,,,,,,,,,,,,,,,,,,,,,,,,,,,
1577,Midgard Player Minotaur Stone,891,6949,0,0,0,0,0,0,0,0,120,110,1,200,0,0,0,0,0,0,0,115,0,100,1,0,0,2,0,0,0,0,0,0,0,0,0,0,0,0,0,0,0,0,110,,,,,,,,,,,,,,1,1,,,,,,,,,,,,,,,,,,,,,,,,,,,,,,,,,,,,,,
1578,Midgard Player Minotaur Mummy,891,6949,0,0,0,0,0,0,0,0,120,110,1,200,0,0,0,0,0,0,0,115,0,100,1,0,0,2,0,0,0,0,0,0,0,0,0,0,0,0,0,0,0,0,110,,,,,,,,,,,,,,1,1,,,,,,,,,,,,,,,,,,,,,,,,,,,,,,,,,,,,,,
1579,Midgard Player Minotaur Shade,891,6949,0,0,0,0,0,0,0,0,120,110,1,200,0,0,0,0,0,0,0,115,0,100,1,0,0,2,0,0,0,0,0,0,0,0,0,0,0,0,0,0,0,0,110,,,,,,,,,,,,,,1,1,,,,,,,,,,,,,,,,,,,,,,,,,,,,,,,,,,,,,,
1580,Hibernian Player Minotaur Stone,892,6951,0,0,0,0,0,0,0,0,120,110,1,200,0,0,0,0,0,0,0,115,0,100,1,0,0,2,0,0,0,0,0,0,0,0,0,0,0,0,0,0,0,0,110,,,,,,,,,,,,,,1,1,,,,,,,,,,,,,,,,,,,,,,,,,,,,,,,,,,,,,,
1581,Hibernian Player Minotaur Mummy,892,6951,0,0,0,0,0,0,0,0,120,110,1,200,0,0,0,0,0,0,0,115,0,100,1,0,0,2,0,0,0,0,0,0,0,0,0,0,0,0,0,0,0,0,110,,,,,,,,,,,,,,1,1,,,,,,,,,,,,,,,,,,,,,,,,,,,,,,,,,,,,,,
1582,Hibernian Player Minotaur Shade,892,6951,0,0,0,0,0,0,0,0,120,110,1,200,0,0,0,0,0,0,0,115,0,100,1,0,0,2,0,0,0,0,0,0,0,0,0,0,0,0,0,0,0,0,110,,,,,,,,,,,,,,1,1,,,,,,,,,,,,,,,,,,,,,,,,,,,,,,,,,,,,,,
1583,Relic Lock Effect,399,0,0,0,0,0,0,0,0,0,100,35,0,137,0,0,0,0,0,1,0,0,0,0,0,0,0,0,0,0,50,50,0,0,0,0,0,0,163,0,0,0,0,0,0,,,,,,,,,,,,,,0,,,,,,,,,,,,,,,,,,,,,,,,,,,,,,,,,,,,,,,
1584,Cata - Wildling(vine),235,160,0,0,0,0,0,0,0,0,100,50,1,17,0,0,0,0,0,0,0,0,0,0,0,0,0,0,0,0,0,0,0,0,0,0,1419,0,0,0,0,0,0,0,0,,,,,,,,,,,,,,0,,,,,,,,,,,,,,,,,,,,,,,,,,,,,,,,,,,,,,,
1585,Cata - Huldu Brown,235,159,0,0,0,0,0,0,0,0,100,50,1,17,0,0,0,0,0,0,0,0,0,0,0,0,0,0,0,0,0,0,0,0,0,0,1419,0,0,0,0,0,0,0,0,,,,,,,,,,,,,,0,,,,,,,,,,,,,,,,,,,,,,,,,,,,,,,,,,,,,,,
1586,Cata - Ice Huldu,235,1175,0,0,0,0,0,0,0,0,100,50,1,17,0,0,0,0,0,0,0,0,0,0,0,0,0,0,0,0,0,0,0,0,0,0,1419,0,0,0,0,0,0,0,0,,,,,,,,,,,,,,0,,,,,,,,,,,,,,,,,,,,,,,,,,,,,,,,,,,,,,,
1596,Seeker Hunter Hound,550,1253,0,0,0,0,0,0,0,0,100,65,1,15,0,0,0,0,0,0,0,0,0,0,0,0,0,0,0,1,0,0,0,0,0,0,1419,0,0,0,0,0,0,0,0,,,,,,,,,,,,,,0,,,,,,,,,,,,,,,,,,,,,,,,,,,,,,,,,,,,,,,
1597,7 Legged Spider,216,1085,0,0,0,0,0,0,0,0,100,50,1,14,0,0,0,0,0,1,0,0,0,0,0,0,0,0,0,0,0,0,0,0,0,0,1419,0,0,0,0,0,0,0,0,,,,,,,,,,,,,,0,,,,,,,,,,,,,,,,,,,,,,,,,,,,,,,,,,,,,,,
1606,Cata - Sylvan Spider,518,3139,0,0,0,0,0,0,0,0,65,50,1,14,0,0,0,0,0,1,0,0,0,0,0,0,0,0,0,0,0,0,0,0,0,0,1419,0,0,0,0,0,0,0,0,,,,,,,,,,,,,,1,,,,,,,,,,,,,,,,,,,,,,,,,,,,,,,,,,,,,,,
1607,Cata - Inconni Spider,518,3140,0,0,0,0,0,0,0,0,65,50,1,14,0,0,0,0,0,1,0,0,0,0,0,0,0,0,0,0,0,0,0,0,0,0,1419,0,0,0,0,0,0,0,0,,,,,,,,,,,,,,1,,,,,,,,,,,,,,,,,,,,,,,,,,,,,,,,,,,,,,,
1623,Cata -  Albino Sprite,541,3204,0,0,0,0,0,0,0,0,100,40,1,3,0,0,0,0,0,0,0,50,0,0,0,0,0,0,0,0,0,0,0,0,0,0,1419,0,0,0,0,0,0,0,0,,,,,,,,,,,,,,0,,,,,,,,,,,,,,,,,,,,,,,,,,,,,,,,,,,,,,,
1625,Cata - E3 Evil Kobold,566,3209,3208,0,0,0,0,0,0,0,89,69,1,27,0,0,0,0,0,0,0,100,0,100,0,0,0,0,0,0,0,0,0,0,0,0,1419,0,0,0,0,0,0,0,100,,,,,,,,,,,,,,,,,,,,,,,,,,,,,,,,,,,,,,,,,,,,,,,,,,,,,
1642,Bard Shapeshift Sobekite ,451,1636,0,0,0,0,0,0,0,0,60,65,1,170,0,0,0,0,0,0,0,0,0,0,0,0,0,0,0,0,0,0,0,0,0,0,1419,0,0,0,0,0,0,0,0,,,,,,,,,,,,,,1,,,,,,,,,,,,,,,,,,,,,,,,,,,,,,,,,,,,,,,
1647,Dragonsworn Spy Shapeshift - Leather,206,301,1022,303,304,305,306,307,0,0,100,80,1,8,0,0,1011,8,1,0,0,100,1,107,0,0,1,1,0,0,0,0,0,0,0,0,1419,0,0,0,0,0,0,0,100,,,,,,,,,,,,,,1,1, , ,1,1, ,,,,,,,,,,,,,,,,,,,,,,,,,,,,,,,,,
1648,Animist RA Shapechange,360,1398,0,0,0,0,0,0,0,0,100,75,1,97,0,0,0,0,0,0,0,0,0,0,0,0,0,0,0,0,0,0,0,0,0,0,1419,0,0,0,0,0,0,0,0,,,,,,,,,,,,,,0,,,,,2,,,,,,,,,,,,,,,,,,,,,,,,,,,,,,,,,,
1649,BardRA - Celt Hero,250,835,1018,4091,4092,4089,4090,4093,0,0,100,80,1,8,0,0,1011,8,1,0,0,100,1,107,0,0,1,1,0,0,0,0,0,0,0,0,1419,0,0,0,0,0,0,0,100,,,,,,,,,,,,,,1,1,2649,3891,1,1,,,,,,,,,,,,,,,,,,,,,,,,,,,,,,,,,,
1650,BardRA - Celt Hero,251,836,1025,4091,4092,4089,4090,4093,0,0,100,80,1,11,0,0,1015,8,1,0,1,100,1,93,0,0,1,1,0,0,0,0,0,0,0,0,1419,0,0,0,0,0,0,0,100,,,,,,,,,,,,,,1,1,2649,3891,1,1,,,,,,,,,,,,,,,,,,,,,,,,,,,,,,,,,,
1651,BardRA - Firbolg BM,254,900,1030,4096,4098,4094,4095,4097,0,0,135,110,1,7,0,0,293,9,2,0,0,115,1,115,1,0,1,1,0,0,0,0,0,0,0,0,1419,0,0,0,0,0,0,0,115,,,,,,,,,,,,,,1,1,3898,3899,1,1,,,,,,,,,,,,,,,,,,,,,,,,,,,,,,,,,,
1652,BardRA - Firbolg BM,255,901,1020,4096,4098,4094,4095,4097,0,0,130,107,1,10,0,0,296,9,2,0,1,115,1,117,0,0,1,1,0,0,0,0,0,0,0,0,1419,0,0,0,0,0,0,0,115,,,,,,,,,,,,,,1,1,3898,3899,1,1,,,,,,,,,,,,,,,,,,,,,,,,,,,,,,,,,,
1653,BardRA - Shar Ranger,490,996,1758,4096,4098,4094,4095,4097,0,0,100,78,1,169,0,0,1775,18,2,0,1,97,0,95,0,0,1,1,0,0,0,0,0,0,0,0,1419,0,0,0,0,0,0,0,92,,,,,,,,,,,,,,1,1,2649,3883,1,1,,,,,,,,,,,,,,,,,,,,,,,,,,,,,,,,,,
1654,BardRA - Shar Ranger,491,997,1755,4096,4098,4094,4095,4097,0,0,100,76,1,168,0,0,1768,18,2,0,1,92,0,92,0,0,1,1,0,0,0,0,0,0,0,0,1419,0,0,0,0,0,0,0,92,,,,,,,,,,,,,,1,1,2649,3883,1,1,,,,,,,,,,,,,,,,,,,,,,,,,,,,,,,,,,
1655,Bard RA - Sylvan VW,346,2326,1339,4101,4102,4099,4100,4103,0,0,108,85,1,114,0,0,1329,14,1,0,0,100,0,100,2,0,1,1,0,0,0,0,0,0,0,0,1419,0,0,0,0,0,0,0,100,,,,,,,,,,,,,,1,1,2649,3885,1,1,,,,,,,,,,,,,,,,,,,,,,,,,,,,,,,,,,
1656,Bard RA - Sylvan VW,347,2323,1342,4101,4102,4099,4100,4103,0,0,108,80,1,113,0,0,1321,14,2,0,1,100,0,85,2,0,1,1,0,0,0,0,0,0,0,0,1419,0,0,0,0,0,0,0,100,,,,,,,,,,,,,,1,1,2649,3885,1,1,,,,,,,,,,,,,,,,,,,,,,,,,,,,,,,,,,
1657,BardRA - Celt Hero,250,2551,1018,4091,4092,4089,4090,4093,0,0,100,80,1,8,0,0,1011,8,1,0,0,100,1,107,0,0,1,1,0,0,0,0,0,0,0,0,1419,0,0,0,0,0,0,0,100,,,,,,,,,,,,,,1,1,2649,3891,1,1,,,,,,,,,,,,,,,,,,,,,,,,,,,,,,,,,,
1658,BardRA - Celt Hero,251,2548,1025,4091,4092,4089,4090,4093,0,0,100,80,1,11,0,0,1015,8,1,0,1,100,1,93,0,0,1,1,0,0,0,0,0,0,0,0,1419,0,0,0,0,0,0,0,100,,,,,,,,,,,,,,1,1,2649,3891,1,1,,,,,,,,,,,,,,,,,,,,,,,,,,,,,,,,,,
1659,BardRA - Firbolg BM,254,2551,1030,4096,4098,4094,4095,4097,0,0,135,110,1,7,0,0,293,9,2,0,0,115,1,115,1,0,1,1,0,0,0,0,0,0,0,0,1419,0,0,0,0,0,0,0,115,,,,,,,,,,,,,,1,1,3898,3899,1,1,,,,,,,,,,,,,,,,,,,,,,,,,,,,,,,,,,
1660,BardRA - Firbolg BM,255,2548,1020,4096,4098,4094,4095,4097,0,0,130,107,1,10,0,0,296,9,2,0,1,115,1,117,0,0,1,1,0,0,0,0,0,0,0,0,1419,0,0,0,0,0,0,0,115,,,,,,,,,,,,,,1,1,3898,3899,1,1,,,,,,,,,,,,,,,,,,,,,,,,,,,,,,,,,,
1661,BardRA - Shar Ranger,490,996,1758,4096,4098,4094,4095,4097,0,0,100,78,1,169,0,0,1775,18,2,0,1,97,0,95,0,0,1,1,0,0,0,0,0,0,0,0,1419,0,0,0,0,0,0,0,92,,,,,,,,,,,,,,1,1,2649,3883,1,1,,,,,,,,,,,,,,,,,,,,,,,,,,,,,,,,,,
1662,BardRA - Shar Ranger,491,997,1755,4096,4098,4094,4095,4097,0,0,100,76,1,168,0,0,1768,18,2,0,1,92,0,92,0,0,1,1,0,0,0,0,0,0,0,0,1419,0,0,0,0,0,0,0,92,,,,,,,,,,,,,,1,1,2649,3883,1,1,,,,,,,,,,,,,,,,,,,,,,,,,,,,,,,,,,
1663,Bard RA - Sylvan VW,346,2326,1339,4101,4102,4099,4100,4103,0,0,108,85,1,114,0,0,1329,14,1,0,0,100,0,100,2,0,1,1,0,0,0,0,0,0,0,0,1419,0,0,0,0,0,0,0,100,,,,,,,,,,,,,,1,1,2649,3885,1,1,,,,,,,,,,,,,,,,,,,,,,,,,,,,,,,,,,
1664,Bard RA - Sylvan VW,347,2323,1342,4101,4102,4099,4100,4103,0,0,108,80,1,113,0,0,1321,14,2,0,1,100,0,85,2,0,1,1,0,0,0,0,0,0,0,0,1419,0,0,0,0,0,0,0,100,,,,,,,,,,,,,,1,1,2649,3885,1,1,,,,,,,,,,,,,,,,,,,,,,,,,,,,,,,,,,
1665,BardRA - Firbolg Hero,254,2467,1030,4091,4092,4089,4090,4093,0,0,135,110,1,7,0,0,293,9,2,0,0,115,1,115,1,0,1,1,0,0,0,0,0,0,0,0,1419,0,0,0,0,0,0,0,115,,,,,,,,,,,,,,1,1,2649,3891,1,1,,,,,,,,,,,,,,,,,,,,,,,,,,,,,,,,,,
1666,BardRA - Firbolg Hero,255,2464,1020,4091,4092,4089,4090,4093,0,0,130,107,1,10,0,0,296,9,2,0,1,115,1,117,0,0,1,1,0,0,0,0,0,0,0,0,1419,0,0,0,0,0,0,0,115,,,,,,,,,,,,,,1,1,2649,3891,1,1,,,,,,,,,,,,,,,,,,,,,,,,,,,,,,,,,,
1667,BardRA - Celt BM,250,2467,1018,4096,4098,4094,4095,4097,0,0,100,80,1,8,0,0,1011,8,1,0,0,100,1,107,0,0,1,1,0,0,0,0,0,0,0,0,1419,0,0,0,0,0,0,0,100,,,,,,,,,,,,,,1,1,3898,3899,1,1,,,,,,,,,,,,,,,,,,,,,,,,,,,,,,,,,,
1668,BardRA - Celt BM,251,2464,1025,4096,4098,4094,4095,4097,0,0,100,80,1,11,0,0,1015,8,1,0,1,100,1,93,0,0,1,1,0,0,0,0,0,0,0,0,1419,0,0,0,0,0,0,0,100,,,,,,,,,,,,,,1,1,3898,3899,1,1,,,,,,,,,,,,,,,,,,,,,,,,,,,,,,,,,,
1669,Bonedancer RA Shapechange,407,1511,0,0,0,0,0,0,0,0,100,75,1,32,0,0,0,0,0,0,0,0,0,0,0,0,0,0,0,0,0,0,0,0,0,0,1419,0,0,0,0,0,0,0,0,,,,,,,,,,,,,,1,,,,,3,,,,,,,,,,,,,,,,,,,,,,,,,,,,,,,,,,
1670,NPC Necromancer Shade,369,1407,0,0,0,0,0,0,0,0,35,40,1,98,0,0,0,0,0,0,0,0,0,0,0,0,0,0,0,0,40,45,0,0,0,0,1419,0,0,0,0,0,0,0,0,,,,,,,,,,,,,,0,,,,,,,,,,,,,,,,,,,,,,,,,,,,,,,,,,,,,,,
1672,Mine Cart,575,3227,0,0,0,0,0,0,0,0,100,60,1,180,0,0,0,0,0,2,0,0,0,0,0,0,0,0,0,0,0,0,0,0,0,0,0,0,0,0,0,,0,0,0,,,,,,,,,,,,,,,,,,,,,,,,,,,,,,,,,,,,,,,,,,,,,,,,,,,,,
1673,Ambient - Diseased Rat,288,1147,0,0,0,0,0,0,0,0,100,65,-1,3,0,0,0,0,0,1,0,0,0,0,0,0,0,0,0,0,0,0,0,0,0,0,1419,0,0,0,0,0,0,0,0,,,,,,,,,,,,,,0,,,,,,,,,,,,,,,,,,,,,,,,,,,,,,,,,,,,,,,
1674,Ambient - Spider snow,518,3021,0,0,0,0,0,0,0,0,65,50,-1,14,0,0,0,0,0,1,0,0,0,0,0,0,0,0,0,0,0,0,0,0,0,0,1419,0,0,0,0,0,0,0,0,,,,,,,,,,,,,,1,,,,,,,,,,,,,,,,,,,,,,,,,,,,,,,,,,,,,,,
1675,Ambient Icky Spider,216,155,0,0,0,0,0,0,0,0,100,65,-1,14,0,0,0,0,0,1,0,0,0,0,0,0,0,0,0,0,0,0,0,0,0,0,1419,0,0,0,0,0,0,0,0,,,,,,,,,,,,,,0,,,,,,,,,,,,,,,,,,,,,,,,,,,,,,,,,,,,,,,
1676,Ghost,395,1488,0,0,0,0,0,0,0,0,100,40,0,59,0,0,0,0,0,0,0,0,0,0,0,0,0,0,0,0,50,62,0,0,0,0,1419,0,0,0,0,0,0,0,0,,,,,,,,,,,,,,0,,,,,,,,,,,,,,,,,,,,,,,,,,,,,,,,,,,,,,,
1681,Catapult Monster,580,3230,3231,0,0,0,0,0,0,0,100,100,1,0,0,0,0,0,0,0,0,0,0,0,0,0,0,0,0,0,0,0,0,0,0,0,1419,0,0,0,0,0,0,0,0,,,,,,,,,,,,,,,,,,,,,,,,,,,,,,,,,,,,,,,,,,,,,,,,,,,,,
1682,Ambient Roach,323,1384,0,0,0,0,0,0,0,0,40,80,-1,14,0,0,0,0,0,1,0,0,0,0,0,0,0,0,0,0,0,0,0,0,0,0,1419,0,0,0,0,0,0,0,0,,,,,,,,,,,,,,0,,,,,,,,,,,,,,,,,,,,,,,,,,,,,,,,,,,,,,,
1683,Ambient Worm,233,151,0,0,0,0,0,0,0,0,100,70,-1,3,0,0,0,0,0,1,0,0,0,0,0,0,0,0,0,0,0,0,0,0,0,0,1419,0,0,0,0,0,0,0,0,,,,,,,,,,,,,,0,,,,,,,,,,,,,,,,,,,,,,,,,,,,,,,,,,,,,,,
1684,Color swirl,399,0,0,0,0,0,0,0,0,0,100,95,-1,112,0,0,0,0,0,1,0,0,0,0,0,0,0,0,0,0,0,0,0,0,0,0,1419,0,69,0,0,0,0,0,0,,,,,,,,,,,,,,0,,,,,,,,,,,,,,,,,,,,,,,,,,,,,,,,,,,,,,,
1685,Purple Swirl,399,0,0,0,0,0,0,0,0,0,100,95,-1,112,0,0,0,0,0,1,0,0,0,0,0,0,0,0,0,0,0,0,0,0,0,0,1419,0,70,0,0,0,0,0,0,,,,,,,,,,,,,,0,,,,,,,,,,,,,,,,,,,,,,,,,,,,,,,,,,,,,,,
1686,Fire Island Rain,399,0,0,0,0,0,0,0,0,0,100,95,-1,112,0,0,0,0,0,1,0,0,0,0,0,0,0,0,0,0,0,0,0,0,0,0,1419,0,71,0,0,0,0,0,0,,,,,,,,,,,,,,0,,,,,,,,,,,,,,,,,,,,,,,,,,,,,,,,,,,,,,,
1687,Salamander,502,1819,0,0,0,0,0,0,0,0,100,30,1,164,0,0,0,0,0,0,0,92,0,0,0,0,0,0,0,0,0,0,0,0,0,0,1419,0,72,0,0,0,0,0,92,,,,,,,,,,,,,,,,,,,,,,,,,,,,,,,,,,,,,,,,,,,,,,,,,,,,,
1688,Anubite 01 with Flame Swirl,459,1625,0,0,0,0,0,0,0,0,100,97,1,140,0,0,0,0,0,0,0,0,0,0,0,0,0,0,0,0,0,0,0,0,0,0,1419,0,73,0,0,0,0,0,0,,,,,,,,,,,,,,1,,,,,,,,,,,,,,,,,,,,,,,,,,,,,,,,,,,,,,,
1689,Anubite 02 with Flame Swirl,456,1621,0,0,0,0,0,0,0,0,100,100,1,159,0,0,0,0,0,0,0,0,0,0,0,0,0,0,0,0,0,0,0,0,0,0,1419,0,71,0,0,0,0,0,0,,,,,,,,,,,,,,1,,,,,,,,,,,,,,,,,,,,,,,,,,,,,,,,,,,,,,,
1690,Terracite Minion,618,3282,0,0,0,0,0,0,0,0,150,115,1,190,0,0,0,0,0,0,0,100,0,100,0,3283,0,0,0,0,0,0,0,0,0,0,1419,0,0,0,0,0,0,0,0,,,,,,,,,,,,,,,,,,,,,,,,,,,,,,,,,,,,,,,,,,,,,,,,,,,,,
1691,Terracite Boss,619,3281,0,0,0,0,0,0,0,0,150,115,1,191,0,0,0,0,0,0,0,100,0,100,0,3283,0,0,0,0,0,0,0,0,0,0,1419,0,0,0,0,0,0,0,0,,,,,,,,,,,,,,,,,,,,,,,,,,,,,,,,,,,,,,,,,,,,,,,,,,,,,
1692,Gargoyle Mid,620,3284,0,0,0,0,0,0,0,0,200,60,1,181,0,0,0,0,0,0,0,100,0,100,0,3287,0,0,0,0,0,0,0,0,0,0,0,0,0,0,0,0,0,0,0,,,,,,,,,,,,,,,,,,,,,,,,,,,,,,,,,,,,,,,,,,,,,,,,,,,,,
1693,Gargoyle Alb,620,3285,0,0,0,0,0,0,0,0,200,60,1,181,0,0,0,0,0,0,0,100,0,100,0,0,0,0,0,0,0,0,0,0,0,0,0,0,0,0,0,0,0,0,0,,,,,,,,,,,,,,,,,,,,,,,,,,,,,,,,,,,,,,,,,,,,,,,,,,,,,
1694,Gargoyle Hib,620,3286,0,0,0,0,0,0,0,0,200,60,1,181,0,0,0,0,0,0,0,100,0,100,0,0,0,0,0,0,0,0,0,0,0,0,0,0,0,0,0,0,0,0,0,,,,,,,,,,,,,,,,,,,,,,,,,,,,,,,,,,,,,,,,,,,,,,,,,,,,,
1695,Flying Gargoyle Mid,621,3284,0,0,0,0,0,0,0,0,200,70,1,182,0,0,0,0,0,0,0,110,0,100,0,3287,0,0,0,0,0,0,100,0,0,0,0,0,0,0,0,0,0,0,0,,,,,,,,,,,,,,,,,,,,,,,,,,,,,,,,,,,,,,,,,,,,,,,,,,,,,
1696,Flying Gargoyle Alb,621,3285,0,0,0,0,0,0,0,0,200,70,1,182,0,0,0,0,0,0,0,110,0,100,0,0,0,0,0,0,0,0,100,0,0,0,0,0,0,0,0,0,0,0,0,,,,,,,,,,,,,,,,,,,,,,,,,,,,,,,,,,,,,,,,,,,,,,,,,,,,,
1697, Flying Gargoyle Hib,621,3286,0,0,0,0,0,0,0,0,200,70,1,182,0,0,0,0,0,0,0,110,0,100,0,0,0,0,0,0,0,0,100,0,0,0,0,0,0,0,0,0,0,0,0,,,,,,,,,,,,,,,,,,,,,,,,,,,,,,,,,,,,,,,,,,,,,,,,,,,,,
1698,Forest Giant 02,232,148,0,0,0,0,0,0,0,0,500,400,1,29,0,0,0,0,0,0,0,0,0,0,0,0,0,0,0,0,0,0,0,0,0,0,1419,0,0,0,0,0,0,0,0,,,,,,,,,,,,,,1,,,,,,,,,,,,,,,,,,,,,,,,,,,,,,,,,,,,,,,
1699,Cyclops 03,232,1039,0,0,0,0,0,0,0,0,200,150,1,29,0,0,0,0,0,0,0,0,0,0,0,0,0,0,0,0,0,0,0,0,0,0,1419,0,0,0,0,0,0,0,0,,,,,,,,,,,,,,1,,,,,,,,,,,,,,,,,,,,,,,,,,,,,,,,,,,,,,,
1700,Fire Giant 02,232,150,0,0,0,0,0,0,0,0,500,400,1,29,0,0,0,0,0,0,0,0,0,0,0,0,0,0,0,0,0,0,0,0,0,0,1419,0,0,0,0,0,0,0,0,,,,,,,,,,,,,,1,,,,,,,,,,,,,,,,,,,,,,,,,,,,,,,,,,,,,,,
1701,Fire Giant 03,232,150,0,0,0,0,0,0,0,0,500,400,1,29,0,0,0,0,0,0,0,0,0,0,0,0,0,0,0,0,0,0,0,0,0,0,1419,0,0,0,0,0,0,0,0,,,,,,,,,,,,,,1,,,,,,,,,,,,,,,,,,,,,,,,,,,,,,,,,,,,,,,
1702,Fellwood  02,220,107,0,0,0,0,0,0,0,0,100,100,1,24,0,0,0,0,0,0,0,0,0,0,0,0,0,0,0,0,0,0,0,0,0,0,1419,0,0,0,0,0,0,0,0,,,,,,,,,,,,,,0,,,,,,,,,,,,,,,,,,,,,,,,,,,,,,,,,,,,,,,
1703,Elder Fellwood 02,220,108,0,0,0,0,0,0,0,0,100,100,1,24,0,0,0,0,0,0,0,0,0,0,0,0,0,0,0,0,0,0,0,0,0,0,1419,0,0,0,0,0,0,0,0,,,,,,,,,,,,,,0,,,,,,,,,,,,,,,,,,,,,,,,,,,,,,,,,,,,,,,
1704,Fellwood 03,220,107,0,0,0,0,0,0,0,0,100,100,1,24,0,0,0,0,0,0,0,0,0,0,0,0,0,0,0,0,0,0,0,0,0,0,1419,0,0,0,0,0,0,0,0,,,,,,,,,,,,,,0,,,,,,,,,,,,,,,,,,,,,,,,,,,,,,,,,,,,,,,
1705,Possesed Kobold2 Naked,622,3299,3298,0,0,0,0,0,0,0,100,80,1,187,0,0,0,0,0,0,0,100,0,100,0,0,0,0,0,0,0,0,0,0,0,0,0,0,0,0,0,0,0,0,0,,,,,,,,,,,,,,,,,,,,,,,,,,,,,,,,,,,,,,,,,,,,,,,,,,,,,
1706,Possessed Kobold2 Leather 1,623,3304,3298,3299,0,0,0,0,0,0,100,80,1,187,0,0,0,0,0,0,0,100,0,100,0,0,0,0,0,0,0,0,0,0,0,0,0,0,0,0,0,0,0,0,0,,,,,,,,,,,,,,,,,,,,,,,,,,,,,,,,,,,,,,,,,,,,,,,,,,,,,
1707,Possessed Kobold2 Leather 2,623,3301,3298,3299,0,0,0,0,0,0,100,80,1,187,0,0,0,0,0,0,0,100,0,100,0,0,0,0,0,0,0,0,0,0,0,0,0,0,0,0,0,0,0,0,0,,,,,,,,,,,,,,,,,,,,,,,,,,,,,,,,,,,,,,,,,,,,,,,,,,,,,
1708,Possessed Kobold2 Leather 3,623,3289,3298,3299,0,0,0,0,0,0,100,80,1,187,0,0,0,0,0,0,0,100,0,100,0,0,0,0,0,0,0,0,0,0,0,0,0,0,0,0,0,0,0,0,0,,,,,,,,,,,,,,,,,,,,,,,,,,,,,,,,,,,,,,,,,,,,,,,,,,,,,
1709,Possessed Kobold2 Leather 4,623,3288,3298,3299,0,0,0,0,0,0,100,80,1,187,0,0,0,0,0,0,0,100,0,100,0,0,0,0,0,0,0,0,0,0,0,0,0,0,0,0,0,0,0,0,0,,,,,,,,,,,,,,,,,,,,,,,,,,,,,,,,,,,,,,,,,,,,,,,,,,,,,
1710,Possessed Kobold2 Leather 5,623,3292,3298,3299,0,0,0,0,0,0,100,80,1,187,0,0,0,0,0,0,0,100,0,100,0,0,0,0,0,0,0,0,0,0,0,0,0,0,0,0,0,0,0,0,0,,,,,,,,,,,,,,,,,,,,,,,,,,,,,,,,,,,,,,,,,,,,,,,,,,,,,
1711,Possessed Kobold2 Leather 6,623,3300,3298,3299,0,0,0,0,0,0,100,80,1,187,0,0,0,0,0,0,0,100,0,100,0,0,0,0,0,0,0,0,0,0,0,0,0,0,0,0,0,0,0,0,0,,,,,,,,,,,,,,,,,,,,,,,,,,,,,,,,,,,,,,,,,,,,,,,,,,,,,
1712,Possessed Kobold2 Leather 7,623,3301,3298,3299,0,0,0,0,0,0,100,80,1,187,0,0,0,0,0,0,0,100,0,100,0,0,0,0,0,0,0,0,0,0,0,0,0,0,0,0,0,0,0,0,0,,,,,,,,,,,,,,,,,,,,,,,,,,,,,,,,,,,,,,,,,,,,,,,,,,,,,
1713,Possessed Kobold2 Plate 1,624,3295,3298,3299,0,0,0,0,0,0,100,80,1,187,0,0,0,0,0,0,0,100,0,100,0,0,0,0,0,0,0,0,0,0,0,0,0,0,0,0,0,0,0,0,0,,,,,,,,,,,,,,,,,,,,,,,,,,,,,,,,,,,,,,,,,,,,,,,,,,,,,
1714,Possessed Kobold2 Plate 2,624,3293,3298,3299,0,0,0,0,0,0,100,80,1,187,0,0,0,0,0,0,0,100,0,100,0,0,0,0,0,0,0,0,0,0,0,0,0,0,0,0,0,0,0,0,0,,,,,,,,,,,,,,,,,,,,,,,,,,,,,,,,,,,,,,,,,,,,,,,,,,,,,
1715,Possessed Kobold2 Plate 3,624,3291,3298,3299,0,0,0,0,0,0,100,80,1,187,0,0,0,0,0,0,0,100,0,100,0,0,0,0,0,0,0,0,0,0,0,0,0,0,0,0,0,0,0,0,0,,,,,,,,,,,,,,,,,,,,,,,,,,,,,,,,,,,,,,,,,,,,,,,,,,,,,
1716,Possessed Kobold2 Plate 4,624,3295,3298,3299,0,0,0,0,0,0,100,80,1,187,0,0,0,0,0,0,0,100,0,100,0,0,0,0,0,0,0,0,0,0,0,0,0,0,0,0,0,0,0,0,0,,,,,,,,,,,,,,,,,,,,,,,,,,,,,,,,,,,,,,,,,,,,,,,,,,,,,
1717,Possessed Kobold2 Plate 5,624,3292,3298,3299,0,0,0,0,0,0,100,80,1,187,0,0,0,0,0,0,0,100,0,100,0,0,0,0,0,0,0,0,0,0,0,0,0,0,0,0,0,0,0,0,0,,,,,,,,,,,,,,,,,,,,,,,,,,,,,,,,,,,,,,,,,,,,,,,,,,,,,
1718,Possessed Kobold2 Plate 6,624,3292,3298,3299,0,0,0,0,0,0,100,80,1,187,0,0,0,0,0,0,0,100,0,100,0,0,0,0,0,0,0,0,0,0,0,0,0,0,0,0,0,0,0,0,0,,,,,,,,,,,,,,,,,,,,,,,,,,,,,,,,,,,,,,,,,,,,,,,,,,,,,
1719,Possessed Kobold3 Naked,625,3297,3296,0,0,0,0,0,0,0,100,80,1,187,0,0,0,0,0,0,0,100,0,100,0,0,0,0,0,0,0,0,0,0,0,0,0,0,0,0,0,0,0,0,0,,,,,,,,,,,,,,,,,,,,,,,,,,,,,,,,,,,,,,,,,,,,,,,,,,,,,
1720,Possessed Kobold3 Leather 1,626,3304,3296,3297,0,0,0,0,0,0,100,80,1,187,0,0,0,0,0,0,0,100,0,100,0,0,0,0,0,0,0,0,0,0,0,0,0,0,0,0,0,0,0,0,0,,,,,,,,,,,,,,,,,,,,,,,,,,,,,,,,,,,,,,,,,,,,,,,,,,,,,
1721,Possessed Kobold3 Leather 2,626,3301,3296,3297,0,0,0,0,0,0,100,80,1,187,0,0,0,0,0,0,0,100,0,100,0,0,0,0,0,0,0,0,0,0,0,0,0,0,0,0,0,0,0,0,0,,,,,,,,,,,,,,,,,,,,,,,,,,,,,,,,,,,,,,,,,,,,,,,,,,,,,
1722,Possessed Kobold3 Leather 3,626,3289,3296,3297,0,0,0,0,0,0,100,80,1,187,0,0,0,0,0,0,0,100,0,100,0,0,0,0,0,0,0,0,0,0,0,0,0,0,0,0,0,0,0,0,0,,,,,,,,,,,,,,,,,,,,,,,,,,,,,,,,,,,,,,,,,,,,,,,,,,,,,
1723,Possessed Kobold3 Leather 4,626,3288,3296,3297,0,0,0,0,0,0,100,80,1,187,0,0,0,0,0,0,0,100,0,100,0,0,0,0,0,0,0,0,0,0,0,0,0,0,0,0,0,0,0,0,0,,,,,,,,,,,,,,,,,,,,,,,,,,,,,,,,,,,,,,,,,,,,,,,,,,,,,
1724,Possessed Kobold3 Leather 5,626,3292,3296,3297,0,0,0,0,0,0,100,80,1,187,0,0,0,0,0,0,0,100,0,100,0,0,0,0,0,0,0,0,0,0,0,0,0,0,0,0,0,0,0,0,0,,,,,,,,,,,,,,,,,,,,,,,,,,,,,,,,,,,,,,,,,,,,,,,,,,,,,
1725,Possessed Kobold3 Leather 6,626,3300,3296,3297,0,0,0,0,0,0,100,80,1,187,0,0,0,0,0,0,0,100,0,100,0,0,0,0,0,0,0,0,0,0,0,0,0,0,0,0,0,0,0,0,0,,,,,,,,,,,,,,,,,,,,,,,,,,,,,,,,,,,,,,,,,,,,,,,,,,,,,
1726,Possessed Kobold3 Leather 7,626,3301,3296,3297,0,0,0,0,0,0,100,80,1,187,0,0,0,0,0,0,0,100,0,100,0,0,0,0,0,0,0,0,0,0,0,0,0,0,0,0,0,0,0,0,0,,,,,,,,,,,,,,,,,,,,,,,,,,,,,,,,,,,,,,,,,,,,,,,,,,,,,
1727,Possessed Kobold3 Plate 1,627,3295,3296,3297,0,0,0,0,0,0,100,80,1,187,0,0,0,0,0,0,0,100,0,100,0,0,0,0,0,0,0,0,0,0,0,0,0,0,0,0,0,0,0,0,0,,,,,,,,,,,,,,,,,,,,,,,,,,,,,,,,,,,,,,,,,,,,,,,,,,,,,
1728,Possessed Kobold3 Plate 2,627,3293,3296,3297,0,0,0,0,0,0,100,80,1,187,0,0,0,0,0,0,0,100,0,100,0,0,0,0,0,0,0,0,0,0,0,0,0,0,0,0,0,0,0,0,0,,,,,,,,,,,,,,,,,,,,,,,,,,,,,,,,,,,,,,,,,,,,,,,,,,,,,
1729,Possessed Kobold3 Plate 3,627,3291,3296,3297,0,0,0,0,0,0,100,80,1,187,0,0,0,0,0,0,0,100,0,100,0,0,0,0,0,0,0,0,0,0,0,0,0,0,0,0,0,0,0,0,0,,,,,,,,,,,,,,,,,,,,,,,,,,,,,,,,,,,,,,,,,,,,,,,,,,,,,
1730,Possessed Kobold3 Plate 4,627,3295,3296,3297,0,0,0,0,0,0,100,80,1,187,0,0,0,0,0,0,0,100,0,100,0,0,0,0,0,0,0,0,0,0,0,0,0,0,0,0,0,0,0,0,0,,,,,,,,,,,,,,,,,,,,,,,,,,,,,,,,,,,,,,,,,,,,,,,,,,,,,
1731,Possessed Kobold3 Plate 5,627,3292,3296,3297,0,0,0,0,0,0,100,80,1,187,0,0,0,0,0,0,0,100,0,100,0,0,0,0,0,0,0,0,0,0,0,0,0,0,0,0,0,0,0,0,0,,,,,,,,,,,,,,,,,,,,,,,,,,,,,,,,,,,,,,,,,,,,,,,,,,,,,
1732,Possessed Kobold3 Plate 6,627,3292,3296,3297,0,0,0,0,0,0,100,80,1,187,0,0,0,0,0,0,0,100,0,100,0,0,0,0,0,0,0,0,0,0,0,0,0,0,0,0,0,0,0,0,0,,,,,,,,,,,,,,,,,,,,,,,,,,,,,,,,,,,,,,,,,,,,,,,,,,,,,
1733,Half Orc,628,3311,0,0,0,0,0,0,0,0,100,80,1,185,0,0,0,0,0,0,0,100,0,100,0,0,0,0,0,0,0,0,0,0,0,0,0,0,0,0,0,0,0,0,0,,,,,,,,,,,,,,,,,,,,,,,,,,,,,,,,,,,,,,,,,,,,,,,,,,,,,
1734,Half Orc Heavy 1,629,3312,3311,0,0,0,0,0,0,0,100,80,1,185,0,0,0,0,0,0,0,100,0,100,0,0,0,0,0,0,0,0,0,0,0,0,0,0,0,0,0,0,0,0,0,,,,,,,,,,,,,,,,,,,,,,,,,,,,,,,,,,,,,,,,,,,,,,,,,,,,,
1735,Lost Half Orc,628,3416,0,0,0,0,0,0,0,0,100,80,1,185,0,0,0,0,0,0,0,100,0,100,0,0,0,0,0,0,0,0,0,0,0,0,0,0,0,0,0,0,0,0,0,,,,,,,,,,,,,,,,,,,,,,,,,,,,,,,,,,,,,,,,,,,,,,,,,,,,,
1736,Lost Half Orc Heavy 1,629,3312,3416,0,0,0,0,0,0,0,100,80,1,185,0,0,0,0,0,0,0,100,0,100,0,0,0,0,0,0,0,0,0,0,0,0,0,0,0,0,0,0,0,0,0,,,,,,,,,,,,,,,,,,,,,,,,,,,,,,,,,,,,,,,,,,,,,,,,,,,,,
1740,Half Orc Heavy 1,629,3312,3311,0,0,0,0,0,0,0,100,80,1,185,0,0,0,0,0,0,0,100,0,100,0,0,0,0,0,0,0,0,0,0,0,0,0,0,0,0,0,0,0,0,0,,,,,,,,,,,,,,,,,,,,,,,,,,,,,,,,,,,,,,,,,,,,,,,,,,,,,
1741,Crewman_Body,641,6013,6014,0,0,0,0,0,0,0,100,80,1,8,0,0,0,0,0,0,0,100,0,100,0,0,0,0,0,0,0,0,0,0,0,0,0,0,0,0,0,0,0,0,0,,,,,,,,,,,,,,,,,,,,,,,,,,,,,,,,,,,,,,,,,,,,,,,,,,,,,
1742,Initiate_Body,642,6020,6019,0,0,0,0,0,0,0,100,80,1,8,0,0,0,0,0,0,0,100,0,100,0,0,0,0,0,0,0,0,0,0,0,0,0,0,0,0,0,0,0,0,0,,,,,,,,,,,,,,,,,,,,,,,,,,,,,,,,,,,,,,,,,,,,,,,,,,,,,
1743,GraveRobber_body,642,6018,6017,0,0,0,0,0,0,0,100,80,1,8,0,0,0,0,0,0,0,100,0,100,0,0,0,0,0,0,0,0,0,0,0,0,0,0,0,0,0,0,0,0,0,,,,,,,,,,,,,,,,,,,,,,,,,,,,,,,,,,,,,,,,,,,,,,,,,,,,,
1744,Excavator_Body,642,6016,6015,0,0,0,0,0,0,0,100,80,1,8,0,0,0,0,0,0,0,100,0,100,0,0,0,0,0,0,0,0,0,0,0,0,0,0,0,0,0,0,0,0,0,,,,,,,,,,,,,,,,,,,,,,,,,,,,,,,,,,,,,,,,,,,,,,,,,,,,,
1745,shackledsoul_grey,632,3414,0,0,0,0,0,0,0,0,100,80,1,189,0,0,0,0,0,0,0,0,0,0,0,0,0,0,0,0,0,0,0,0,0,0,0,0,0,0,0,0,0,0,0,,,,,,,,,,,,,,1,,,,,,,,,,,,,,,,,,,,,,,,,,,,,,,,,,,,,,,
1746,shackledsoul_green,632,3415,0,0,0,0,0,0,0,0,100,80,1,189,0,0,0,0,0,0,0,0,0,0,0,0,0,0,0,0,0,0,0,0,0,0,0,0,0,0,0,0,0,0,0,,,,,,,,,,,,,,1,,,,,,,,,,,,,,,,,,,,,,,,,,,,,,,,,,,,,,,
1747,Possessed Hound 1,529,6003,0,0,0,0,0,0,0,0,100,65,1,192,0,0,0,0,0,0,0,0,0,0,0,0,0,0,0,0,0,0,0,0,0,0,0,0,0,0,0,0,0,0,0,,,,,,,,,,,,,,0,,,,,,,,,,,,,,,,,,,,,,,,,,,,,,,,,,,,,,,
1748,Mossy Sprite,541,3204,0,0,0,0,0,0,0,0,100,40,1,3,0,0,0,0,0,0,0,50,0,0,0,0,0,0,0,0,0,0,0,0,0,0,0,0,0,0,0,0,0,0,0,,,,,,,,,,,,,,0,,,,,,,,,,,,,,,,,,,,,,,,,,,,,,,,,,,,,,,
1749,Glashtin Tinkerer,638,3997,0,0,0,0,0,0,0,0,120,80,1,193,0,0,0,0,0,0,0,0,0,0,0,0,0,0,0,0,0,0,0,0,0,0,0,0,0,0,0,0,0,0,0,,,,,,,,,,,,,,1,,,,,,,,,,,,,,,,,,,,,,,,,,,,,,,,,,,,,,,
1750,Glashtin Worker,638,3994,0,0,0,0,0,0,0,0,120,80,1,193,0,0,0,0,0,0,0,0,0,0,0,0,0,0,0,0,0,0,0,0,0,0,0,0,0,0,0,0,0,0,0,,,,,,,,,,,,,,1,,,,,,,,,,,,,,,,,,,,,,,,,,,,,,,,,,,,,,,
1751,Possessed Kobold 1b,566,3209,3208,0,0,0,0,0,0,0,89,69,1,27,0,0,0,0,0,0,0,100,0,100,0,0,0,0,0,0,0,0,0,0,0,0,0,0,0,0,0,0,0,0,100,,,,,,,,,,,,,,,,,,,,,,,,,,,,,,,,,,,,,,,,,,,,,,,,,,,,,
1752,Overseer_Body,642,6022,6021,0,0,0,0,0,0,0,100,80,1,8,0,0,0,0,0,0,0,100,0,100,0,0,0,0,0,0,0,0,0,0,0,0,0,0,0,0,0,0,0,0,0,,,,,,,,,,,,,,,,,,,,,,,,,,,,,,,,,,,,,,,,,,,,,,,,,,,,,
1753,Village_founder_body,642,6024,6023,0,0,0,0,0,0,0,100,80,1,8,0,0,0,0,0,0,0,100,0,100,0,0,0,0,0,0,0,0,0,0,0,0,0,0,0,0,0,0,0,0,0,,,,,,,,,,,,,,,,,,,,,,,,,,,,,,,,,,,,,,,,,,,,,,,,,,,,,
1754,Possessed Kobold 1 Boss,623,3304,3298,3299,0,0,0,0,0,0,100,80,1,27,0,0,0,0,0,0,0,100,0,100,0,0,0,0,0,0,0,0,0,0,0,0,0,0,0,0,0,0,0,0,0,,,,,,,,,,,,,,,,,,,,,,,,,,,,,,,,,,,,,,,,,,,,,,,,,,,,,
1755,Possessed Kobold 2 Boss,623,3301,3298,3299,0,0,0,0,0,0,100,80,1,27,0,0,0,0,0,0,0,100,0,100,0,0,0,0,0,0,0,0,0,0,0,0,0,0,0,0,0,0,0,0,0,,,,,,,,,,,,,,,,,,,,,,,,,,,,,,,,,,,,,,,,,,,,,,,,,,,,,
1756,Possessed Kobold 3 Boss,626,3301,3296,3297,0,0,0,0,0,0,100,80,1,27,0,0,0,0,0,0,0,100,0,100,0,0,0,0,0,0,0,0,0,0,0,0,0,0,0,0,0,0,0,0,0,,,,,,,,,,,,,,,,,,,,,,,,,,,,,,,,,,,,,,,,,,,,,,,,,,,,,
1757,Glashtin Boss 1,650,6052,0,0,0,0,0,0,0,0,120,90,1,193,0,0,0,0,0,0,0,0,0,0,0,0,0,0,0,0,0,0,0,0,0,0,1419,0,0,0,0,0,0,0,0,,,,,,,,,,,,,,1,,,,,,,,,,,,,,,,,,,,,,,,,,,,,,,,,,,,,,,
1758,Glashtin Boss 2,651,6053,0,0,0,0,0,0,0,0,120,90,1,193,0,0,0,0,0,0,0,0,0,0,0,0,0,0,0,0,0,0,0,0,0,0,1419,0,0,0,0,0,0,0,0,,,,,,,,,,,,,,1,,,,,,,,,,,,,,,,,,,,,,,,,,,,,,,,,,,,,,,
1759,Fafnir - Dwarf,243,229,1021,227,231,232,233,230,0,0,75,72,1,22,0,0,234,6,1,0,0,110,0,145,0,0,1,1,0,0,0,0,0,0,0,0,1419,0,0,0,0,0,0,0,110,,,,,,,,,,,,,,1,,,,,,,,,,,,,,,,,,,,,,,,,,,,,,,,,,,,,,,
1760,Gullveig,240,185,1021,187,189,190,191,188,0,0,109,82,1,12,0,0,196,4,1,0,1,100,1,96,0,0,1,1,0,0,0,0,0,0,0,0,1419,0,0,0,0,0,0,0,100,,,,,,,,,,,,,,1,,,,,,,,,,,,,,,,,,,,,,,,,,,,,,,,,,,,,,,
1770,Ice Giant 02,232,149,0,0,0,0,0,0,0,0,500,400,1,29,0,0,0,0,0,0,0,0,0,0,0,0,0,0,0,0,0,0,0,0,0,0,1419,0,0,0,0,0,0,0,0,,,,,,,,,,,,,,1,,,,,,,,,,,,,,,,,,,,,,,,,,,,,,,,,,,,,,,
1771,shackledsoul_tan,632,3412,0,0,0,0,0,0,0,0,100,80,1,189,0,0,0,0,0,0,0,0,0,0,0,0,0,0,0,0,0,0,0,0,0,0,1419,0,0,0,0,0,0,0,0,,,,,,,,,,,,,,,,,,,,,,,,,,,,,,,,,,,,,,,,,,,,,,,,,,,,,
1772,shackledsoul_red,632,3413,0,0,0,0,0,0,0,0,100,80,1,189,0,0,0,0,0,0,0,0,0,0,0,0,0,0,0,0,0,0,0,0,0,0,1419,0,0,0,0,0,0,0,0,,,,,,,,,,,,,,,,,,,,,,,,,,,,,,,,,,,,,,,,,,,,,,,,,,,,,
1773,Gnoll scratchclaw,630,3362,0,0,0,0,0,0,0,0,100,80,1,183,0,0,0,0,0,0,0,100,0,100,0,0,0,0,0,0,0,0,0,0,0,0,0,0,0,0,0,0,0,0,0,,,,,,,,,,,,,,,,,,,,,,,,,,,,,,,,,,,,,,,,,,,,,,,,,,,,,
1774,Armored Scratchclaw Gnoll 1,631,3317,3362,0,0,0,0,0,0,0,100,80,1,183,0,0,0,0,0,0,0,100,0,100,0,0,0,0,0,0,0,0,0,0,0,0,0,0,0,0,0,0,0,0,0,,,,,,,,,,,,,,,,,,,,,,,,,,,,,,,,,,,,,,,,,,,,,,,,,,,,,
1775,Armored Scratchclaw Gnoll 2,631,3370,3362,0,0,0,0,0,0,0,100,80,1,183,0,0,0,0,0,0,0,100,0,100,0,0,0,0,0,0,0,0,0,0,0,0,0,0,0,0,0,0,0,0,0,,,,,,,,,,,,,,,,,,,,,,,,,,,,,,,,,,,,,,,,,,,,,,,,,,,,,
1776,Armored Scratchclaw Gnoll 3,631,3371,3362,0,0,0,0,0,0,0,100,80,1,183,0,0,0,0,0,0,0,100,0,100,0,0,0,0,0,0,0,0,0,0,0,0,0,0,0,0,0,0,0,0,0,,,,,,,,,,,,,,,,,,,,,,,,,,,,,,,,,,,,,,,,,,,,,,,,,,,,,
1777,Armored Scratchclaw Gnoll 4,631,3372,3362,0,0,0,0,0,0,0,100,80,1,183,0,0,0,0,0,0,0,100,0,100,0,0,0,0,0,0,0,0,0,0,0,0,0,0,0,0,0,0,0,0,0,,,,,,,,,,,,,,,,,,,,,,,,,,,,,,,,,,,,,,,,,,,,,,,,,,,,,
1778,Armored Scratchclaw Gnoll 5,631,3373,3362,0,0,0,0,0,0,0,100,80,1,183,0,0,0,0,0,0,0,100,0,100,0,0,0,0,0,0,0,0,0,0,0,0,0,0,0,0,0,0,0,0,0,,,,,,,,,,,,,,,,,,,,,,,,,,,,,,,,,,,,,,,,,,,,,,,,,,,,,
1779,Lost Gnoll scratchclaw,630,3363,0,0,0,0,0,0,0,0,100,80,1,184,0,0,0,0,0,0,0,100,0,100,0,0,0,0,0,0,0,0,0,0,0,0,0,0,0,0,0,0,0,0,0,,,,,,,,,,,,,,,,,,,,,,,,,,,,,,,,,,,,,,,,,,,,,,,,,,,,,
1780,Armored Lost Scratchclaw Gnoll 1,631,3317,3363,0,0,0,0,0,0,0,100,80,1,184,0,0,0,0,0,0,0,100,0,100,0,0,0,0,0,0,0,0,0,0,0,0,0,0,0,0,0,0,0,0,0,,,,,,,,,,,,,,,,,,,,,,,,,,,,,,,,,,,,,,,,,,,,,,,,,,,,,
1781,Armored Lost Scratchclaw Gnoll 2,631,3370,3363,0,0,0,0,0,0,0,100,80,1,184,0,0,0,0,0,0,0,100,0,100,0,0,0,0,0,0,0,0,0,0,0,0,0,0,0,0,0,0,0,0,0,,,,,,,,,,,,,,,,,,,,,,,,,,,,,,,,,,,,,,,,,,,,,,,,,,,,,
1782,Armored Lost Scratchclaw Gnoll 3,631,3371,3363,0,0,0,0,0,0,0,100,80,1,184,0,0,0,0,0,0,0,100,0,100,0,0,0,0,0,0,0,0,0,0,0,0,0,0,0,0,0,0,0,0,0,,,,,,,,,,,,,,,,,,,,,,,,,,,,,,,,,,,,,,,,,,,,,,,,,,,,,
1783,Armored Lost Scratchclaw Gnoll 4,631,3372,3363,0,0,0,0,0,0,0,100,80,1,184,0,0,0,0,0,0,0,100,0,100,0,0,0,0,0,0,0,0,0,0,0,0,0,0,0,0,0,0,0,0,0,,,,,,,,,,,,,,,,,,,,,,,,,,,,,,,,,,,,,,,,,,,,,,,,,,,,,
1784,Armored Lost Scratchclaw Gnoll 5,631,3373,3363,0,0,0,0,0,0,0,100,80,1,184,0,0,0,0,0,0,0,100,0,100,0,0,0,0,0,0,0,0,0,0,0,0,0,0,0,0,0,0,0,0,0,,,,,,,,,,,,,,,,,,,,,,,,,,,,,,,,,,,,,,,,,,,,,,,,,,,,,
1785,Green Blood Gnoll,630,3316,0,0,0,0,0,0,0,0,100,80,1,183,0,0,0,0,0,0,0,100,0,100,0,0,0,0,0,0,0,0,0,0,0,0,0,0,0,0,0,0,0,0,0,,,,,,,,,,,,,,,,,,,,,,,,,,,,,,,,,,,,,,,,,,,,,,,,,,,,,
1786,Armored GreenBlood Gnoll 1,631,3317,3316,0,0,0,0,0,0,0,100,80,1,183,0,0,0,0,0,0,0,100,0,100,0,0,0,0,0,0,0,0,0,0,0,0,0,0,0,0,0,0,0,0,0,,,,,,,,,,,,,,,,,,,,,,,,,,,,,,,,,,,,,,,,,,,,,,,,,,,,,
1787,Armored GreenBlood Gnoll 2,631,3370,3316,0,0,0,0,0,0,0,100,80,1,183,0,0,0,0,0,0,0,100,0,100,0,0,0,0,0,0,0,0,0,0,0,0,0,0,0,0,0,0,0,0,0,,,,,,,,,,,,,,,,,,,,,,,,,,,,,,,,,,,,,,,,,,,,,,,,,,,,,
1788,Armored GreenBlood Gnoll 3,631,3371,3316,0,0,0,0,0,0,0,100,80,1,183,0,0,0,0,0,0,0,100,0,100,0,0,0,0,0,0,0,0,0,0,0,0,0,0,0,0,0,0,0,0,0,,,,,,,,,,,,,,,,,,,,,,,,,,,,,,,,,,,,,,,,,,,,,,,,,,,,,
1789,Armored GreenBlood Gnoll 4,631,3372,3316,0,0,0,0,0,0,0,100,80,1,183,0,0,0,0,0,0,0,100,0,100,0,0,0,0,0,0,0,0,0,0,0,0,0,0,0,0,0,0,0,0,0,,,,,,,,,,,,,,,,,,,,,,,,,,,,,,,,,,,,,,,,,,,,,,,,,,,,,
1790,Armored GreenBlood Gnoll 5,631,3373,3316,0,0,0,0,0,0,0,100,80,1,183,0,0,0,0,0,0,0,100,0,100,0,0,0,0,0,0,0,0,0,0,0,0,0,0,0,0,0,0,0,0,0,,,,,,,,,,,,,,,,,,,,,,,,,,,,,,,,,,,,,,,,,,,,,,,,,,,,,
1791,Lost Gnoll Greenblood,630,3361,0,0,0,0,0,0,0,0,100,80,1,184,0,0,0,0,0,0,0,100,0,100,0,0,0,0,0,0,0,0,0,0,0,0,0,0,0,0,0,0,0,0,0,,,,,,,,,,,,,,,,,,,,,,,,,,,,,,,,,,,,,,,,,,,,,,,,,,,,,
1792,Armored Lost Greenblood Gnoll 1,631,3317,3361,0,0,0,0,0,0,0,100,80,1,184,0,0,0,0,0,0,0,100,0,100,0,0,0,0,0,0,0,0,0,0,0,0,0,0,0,0,0,0,0,0,0,,,,,,,,,,,,,,,,,,,,,,,,,,,,,,,,,,,,,,,,,,,,,,,,,,,,,
1793,Armored Lost Greenblood Gnoll 2,631,3370,3361,0,0,0,0,0,0,0,100,80,1,184,0,0,0,0,0,0,0,100,0,100,0,0,0,0,0,0,0,0,0,0,0,0,0,0,0,0,0,0,0,0,0,,,,,,,,,,,,,,,,,,,,,,,,,,,,,,,,,,,,,,,,,,,,,,,,,,,,,
1794,Armored Lost Greenblood Gnoll 3,631,3371,3361,0,0,0,0,0,0,0,100,80,1,184,0,0,0,0,0,0,0,100,0,100,0,0,0,0,0,0,0,0,0,0,0,0,0,0,0,0,0,0,0,0,0,,,,,,,,,,,,,,,,,,,,,,,,,,,,,,,,,,,,,,,,,,,,,,,,,,,,,
1795,Armored Lost Greenblood Gnoll 4,631,3372,3361,0,0,0,0,0,0,0,100,80,1,184,0,0,0,0,0,0,0,100,0,100,0,0,0,0,0,0,0,0,0,0,0,0,0,0,0,0,0,0,0,0,0,,,,,,,,,,,,,,,,,,,,,,,,,,,,,,,,,,,,,,,,,,,,,,,,,,,,,
1796,Armored Lost Greenblood Gnoll 5,631,3373,3361,0,0,0,0,0,0,0,100,80,1,184,0,0,0,0,0,0,0,100,0,100,0,0,0,0,0,0,0,0,0,0,0,0,0,0,0,0,0,0,0,0,0,,,,,,,,,,,,,,,,,,,,,,,,,,,,,,,,,,,,,,,,,,,,,,,,,,,,,
1797,Blackmane Gnolls,630,3360,0,0,0,0,0,0,0,0,100,80,1,183,0,0,0,0,0,0,0,100,0,100,0,0,0,0,0,0,0,0,0,0,0,0,0,0,0,0,0,0,0,0,0,,,,,,,,,,,,,,,,,,,,,,,,,,,,,,,,,,,,,,,,,,,,,,,,,,,,,
1798,Armored BlackMane Gnoll 1,631,3317,3360,0,0,0,0,0,0,0,100,80,1,183,0,0,0,0,0,0,0,100,0,100,0,0,0,0,0,0,0,0,0,0,0,0,0,0,0,0,0,0,0,0,0,,,,,,,,,,,,,,,,,,,,,,,,,,,,,,,,,,,,,,,,,,,,,,,,,,,,,
1799,Armored BlackMane Gnoll 2,631,3370,3360,0,0,0,0,0,0,0,100,80,1,183,0,0,0,0,0,0,0,100,0,100,0,0,0,0,0,0,0,0,0,0,0,0,0,0,0,0,0,0,0,0,0,,,,,,,,,,,,,,,,,,,,,,,,,,,,,,,,,,,,,,,,,,,,,,,,,,,,,
1800,Armored BlackMane Gnoll 3,631,3371,3360,0,0,0,0,0,0,0,100,80,1,183,0,0,0,0,0,0,0,100,0,100,0,0,0,0,0,0,0,0,0,0,0,0,0,0,0,0,0,0,0,0,0,,,,,,,,,,,,,,,,,,,,,,,,,,,,,,,,,,,,,,,,,,,,,,,,,,,,,
1801,Armored BlackMane Gnoll 4,631,3372,3360,0,0,0,0,0,0,0,100,80,1,183,0,0,0,0,0,0,0,100,0,100,0,0,0,0,0,0,0,0,0,0,0,0,0,0,0,0,0,0,0,0,0,,,,,,,,,,,,,,,,,,,,,,,,,,,,,,,,,,,,,,,,,,,,,,,,,,,,,
1802,Armored BlackMane Gnoll 5,631,3373,3360,0,0,0,0,0,0,0,100,80,1,183,0,0,0,0,0,0,0,100,0,100,0,0,0,0,0,0,0,0,0,0,0,0,0,0,0,0,0,0,0,0,0,,,,,,,,,,,,,,,,,,,,,,,,,,,,,,,,,,,,,,,,,,,,,,,,,,,,,
1803,Lost Gnoll BlackMane,630,3366,0,0,0,0,0,0,0,0,100,80,1,184,0,0,0,0,0,0,0,100,0,100,0,0,0,0,0,0,0,0,0,0,0,0,0,0,0,0,0,0,0,0,0,,,,,,,,,,,,,,,,,,,,,,,,,,,,,,,,,,,,,,,,,,,,,,,,,,,,,
1804,Armored Lost BlackMane Gnoll 1,631,3317,3366,0,0,0,0,0,0,0,100,80,1,184,0,0,0,0,0,0,0,100,0,100,0,0,0,0,0,0,0,0,0,0,0,0,0,0,0,0,0,0,0,0,0,,,,,,,,,,,,,,,,,,,,,,,,,,,,,,,,,,,,,,,,,,,,,,,,,,,,,
1805,Armored Lost BlackMane Gnoll 2,631,3370,3366,0,0,0,0,0,0,0,100,80,1,184,0,0,0,0,0,0,0,100,0,100,0,0,0,0,0,0,0,0,0,0,0,0,0,0,0,0,0,0,0,0,0,,,,,,,,,,,,,,,,,,,,,,,,,,,,,,,,,,,,,,,,,,,,,,,,,,,,,
1806,Armored Lost BlackMane Gnoll 3,631,3371,3366,0,0,0,0,0,0,0,100,80,1,184,0,0,0,0,0,0,0,100,0,100,0,0,0,0,0,0,0,0,0,0,0,0,0,0,0,0,0,0,0,0,0,,,,,,,,,,,,,,,,,,,,,,,,,,,,,,,,,,,,,,,,,,,,,,,,,,,,,
1807,Armored Lost BlackMane Gnoll 4,631,3372,3366,0,0,0,0,0,0,0,100,80,1,184,0,0,0,0,0,0,0,100,0,100,0,0,0,0,0,0,0,0,0,0,0,0,0,0,0,0,0,0,0,0,0,,,,,,,,,,,,,,,,,,,,,,,,,,,,,,,,,,,,,,,,,,,,,,,,,,,,,
1808,Armored Lost BlackMane Gnoll 5,631,3373,3366,0,0,0,0,0,0,0,100,80,1,184,0,0,0,0,0,0,0,100,0,100,0,0,0,0,0,0,0,0,0,0,0,0,0,0,0,0,0,0,0,0,0,,,,,,,,,,,,,,,,,,,,,,,,,,,,,,,,,,,,,,,,,,,,,,,,,,,,,
1809,Bloodmoon Gnolls,630,3365,0,0,0,0,0,0,0,0,100,80,1,183,0,0,0,0,0,0,0,100,0,100,0,0,0,0,0,0,0,0,0,0,0,0,0,0,0,0,0,0,0,0,0,,,,,,,,,,,,,,,,,,,,,,,,,,,,,,,,,,,,,,,,,,,,,,,,,,,,,
1810,Armored BloodMoon Gnoll 1,631,3317,3365,0,0,0,0,0,0,0,100,80,1,183,0,0,0,0,0,0,0,100,0,100,0,0,0,0,0,0,0,0,0,0,0,0,0,0,0,0,0,0,0,0,0,,,,,,,,,,,,,,,,,,,,,,,,,,,,,,,,,,,,,,,,,,,,,,,,,,,,,
1811,Armored BloodMoon Gnoll 2,631,3370,3365,0,0,0,0,0,0,0,100,80,1,183,0,0,0,0,0,0,0,100,0,100,0,0,0,0,0,0,0,0,0,0,0,0,0,0,0,0,0,0,0,0,0,,,,,,,,,,,,,,,,,,,,,,,,,,,,,,,,,,,,,,,,,,,,,,,,,,,,,
1812,Armored BloodMoon Gnoll 3,631,3371,3365,0,0,0,0,0,0,0,100,80,1,183,0,0,0,0,0,0,0,100,0,100,0,0,0,0,0,0,0,0,0,0,0,0,0,0,0,0,0,0,0,0,0,,,,,,,,,,,,,,,,,,,,,,,,,,,,,,,,,,,,,,,,,,,,,,,,,,,,,
1813,Armored BloodMoon Gnoll 4,631,3372,3365,0,0,0,0,0,0,0,100,80,1,183,0,0,0,0,0,0,0,100,0,100,0,0,0,0,0,0,0,0,0,0,0,0,0,0,0,0,0,0,0,0,0,,,,,,,,,,,,,,,,,,,,,,,,,,,,,,,,,,,,,,,,,,,,,,,,,,,,,
1814,Armored BloodMoon Gnoll 5,631,3373,3365,0,0,0,0,0,0,0,100,80,1,183,0,0,0,0,0,0,0,100,0,100,0,0,0,0,0,0,0,0,0,0,0,0,0,0,0,0,0,0,0,0,0,,,,,,,,,,,,,,,,,,,,,,,,,,,,,,,,,,,,,,,,,,,,,,,,,,,,,
1815,Lost Gnoll BloodMoon,630,3364,0,0,0,0,0,0,0,0,100,80,1,184,0,0,0,0,0,0,0,100,0,100,0,0,0,0,0,0,0,0,0,0,0,0,0,0,0,0,0,0,0,0,0,,,,,,,,,,,,,,,,,,,,,,,,,,,,,,,,,,,,,,,,,,,,,,,,,,,,,
1816,Armored Lost BloodMoon Gnoll 1,631,3317,3364,0,0,0,0,0,0,0,100,80,1,184,0,0,0,0,0,0,0,100,0,100,0,0,0,0,0,0,0,0,0,0,0,0,0,0,0,0,0,0,0,0,0,,,,,,,,,,,,,,,,,,,,,,,,,,,,,,,,,,,,,,,,,,,,,,,,,,,,,
1817,Armored Lost BloodMoon Gnoll 2,631,3370,3364,0,0,0,0,0,0,0,100,80,1,184,0,0,0,0,0,0,0,100,0,100,0,0,0,0,0,0,0,0,0,0,0,0,0,0,0,0,0,0,0,0,0,,,,,,,,,,,,,,,,,,,,,,,,,,,,,,,,,,,,,,,,,,,,,,,,,,,,,
1818,Armored Lost BloodMoon Gnoll 3,631,3371,3364,0,0,0,0,0,0,0,100,80,1,184,0,0,0,0,0,0,0,100,0,100,0,0,0,0,0,0,0,0,0,0,0,0,0,0,0,0,0,0,0,0,0,,,,,,,,,,,,,,,,,,,,,,,,,,,,,,,,,,,,,,,,,,,,,,,,,,,,,
1819,Armored Lost BloodMoon Gnoll 4,631,3372,3364,0,0,0,0,0,0,0,100,80,1,184,0,0,0,0,0,0,0,100,0,100,0,0,0,0,0,0,0,0,0,0,0,0,0,0,0,0,0,0,0,0,0,,,,,,,,,,,,,,,,,,,,,,,,,,,,,,,,,,,,,,,,,,,,,,,,,,,,,
1820,Armored Lost BloodMoon Gnoll 5,631,3373,3364,0,0,0,0,0,0,0,100,80,1,184,0,0,0,0,0,0,0,100,0,100,0,0,0,0,0,0,0,0,0,0,0,0,0,0,0,0,0,0,0,0,0,,,,,,,,,,,,,,,,,,,,,,,,,,,,,,,,,,,,,,,,,,,,,,,,,,,,,
1821,Heretic Shapechange (Not Used),634,139,0,0,0,0,0,0,0,0,100,75,1,16,0,0,0,0,0,0,0,0,0,0,0,0,0,0,0,0,0,0,0,0,0,0,1419,0,0,0,0,0,0,0,0,,,,,,,,,,,,,,1,,,,,,,,,,,,,,,,,,,,,,,,,,,,,,,,,,,,,,,
1822,Dark Crystal Fire,399,0,0,0,0,0,0,0,0,0,100,95,-1,112,0,0,0,0,0,1,0,0,0,0,0,0,0,0,0,0,0,0,0,0,0,0,1419,0,80,0,0,0,0,0,0,,,,,,,,,,,,,,0,,,,,,,,,,,,,,,,,,,,,,,,,,,,,,,,,,,,,,,
1823,Kobold Tele,635,3877,3878,0,0,0,0,0,0,0,100,145,1,0,0,0,0,0,0,0,0,0,0,0,0,0,0,0,0,0,0,0,0,0,0,0,0,0,0,0,0,0,0,0,0,,,,,,,,,,,,,,,,,,,,,,,,,,,,,,,,,,,,,,,,,,,,,,,,,,,,,
1824,Aulus the High Priest,642,6075,6076,0,0,0,0,0,0,0,100,80,1,8,0,0,0,0,0,0,0,100,0,102,0,0,0,0,0,0,0,0,0,0,0,0,1419,0,0,0,0,0,0,0,100,,,,,,,,,,,,,,1,,,,,,,,,,,,,,,,,,,,,,,,,,,,,,,,,,,,,,,
1825,Plutoniust Worker,642,6092,6093,0,0,0,0,0,0,0,100,80,1,8,0,0,0,0,0,0,0,100,0,102,0,0,0,0,0,0,0,0,0,0,0,0,1419,0,0,0,0,0,0,0,100,,,,,,,,,,,,,,1,,,,,,,,,,,,,,,,,,,,,,,,,,,,,,,,,,,,,,,
1826,The Sacrificer,642,6094,6095,0,0,0,0,0,0,0,100,80,1,8,0,0,0,0,0,0,0,100,0,102,0,0,0,0,0,0,0,0,0,0,0,0,1419,0,0,0,0,0,0,0,100,,,,,,,,,,,,,,1,,,,,,,,,,,,,,,,,,,,,,,,,,,,,,,,,,,,,,,
1827, Inconnu Male Shade Monster,348,1950,1977,1946,1956,1957,1958,1953,1955,0,77,71,1,88,0,0,1967,0,2,0,0,100,1,139,0,0,0,1,0,0,0,0,0,0,0,0,1419,0,0,0,0,0,0,0,100,,,,,,,,,,,,,,1,,,,,,,,,,,,,,,,,,,,,,,,,,,,,,,,,,,,,,,
1828, Inconnu Female Shade Monster,349,1947,1977,1946,1956,1957,1958,1953,1955,0,77,71,1,87,0,0,1986,0,1,0,1,100,1,136,4,0,0,1,0,0,0,0,0,0,0,0,1419,0,0,0,0,0,0,0,100,,,,,,,,,,,,,,1,,,,,,,,,,,,,,,,,,,,,,,,,,,,,,,,,,,,,,,
1829,Briton Male Shade Monster,206,1950,1977,1946,1956,1957,1958,1953,1955,0,100,80,1,8,0,0,1960,0,1,0,0,100,0,102,0,0,0,1,0,0,0,0,0,0,0,0,1419,0,0,0,0,0,0,0,100,,,,,,,,,,,,,,1,,,,,,,,,,,,,,,,,,,,,,,,,,,,,,,,,,,,,,,
1830,Briton Female Shade Monster,209,1947,1977,1946,1956,1957,1958,1953,1955,0,100,78,1,11,0,0,1979,0,1,0,1,100,0,94,0,0,0,1,0,0,0,0,0,0,0,0,1419,0,0,0,0,0,0,0,100,,,,,,,,,,,,,,1,,,,,,,,,,,,,,,,,,,,,,,,,,,,,,,,,,,,,,,
1831,High Male Shade Monster,210,1950,1977,1946,1956,1957,1958,1953,1955,0,109,88,1,7,1,0,1959,0,1,0,0,100,0,100,0,0,0,1,0,0,0,0,0,0,0,0,1419,0,0,0,0,0,0,0,100,,,,,,,,,,,,,,1,,,,,,,,,,,,,,,,,,,,,,,,,,,,,,,,,,,,,,,
1832,High Female Shade Monster,211,1947,1977,1946,1956,1957,1958,1953,1955,0,109,83,1,10,1,0,1978,0,1,0,1,100,0,95,0,0,0,1,0,0,0,0,0,0,0,0,1419,0,0,0,0,0,0,0,100,,,,,,,,,,,,,,1,,,,,,,,,,,,,,,,,,,,,,,,,,,,,,,,,,,,,,,
1833,Saracen Male Shade Monster,213,1950,1977,1946,1956,1957,1958,1953,1955,0,100,80,1,8,1,1,1970,0,2,0,0,100,0,103,1,0,0,1,0,0,0,0,0,0,0,0,1419,0,0,0,0,0,0,0,100,,,,,,,,,,,,,,1,,,,,,,,,,,,,,,,,,,,,,,,,,,,,,,,,,,,,,,
1834,Saracen Female Shade Monster,214,1947,1977,1946,1956,1957,1958,1953,1955,0,100,78,1,11,1,1,1989,0,2,0,1,100,0,98,2,0,0,1,0,0,0,0,0,0,0,0,1419,0,0,0,0,0,0,0,100,,,,,,,,,,,,,,1,,,,,,,,,,,,,,,,,,,,,,,,,,,,,,,,,,,,,,,
1835,Avalonian Male Shade Monster,217,1950,1977,1946,1956,1957,1958,1953,1955,0,112,89,1,9,0,0,1959,0,1,0,0,100,0,93,0,0,0,1,0,0,0,0,0,0,0,0,1419,0,0,0,0,0,0,0,100,,,,,,,,,,,,,,1,,,,,,,,,,,,,,,,,,,,,,,,,,,,,,,,,,,,,,,
1836,Avalonian Female Shade Monster,218,1947,1977,1946,1956,1957,1958,1953,1955,0,112,87,1,12,0,0,1978,0,1,0,1,100,0,90,3,0,0,1,0,0,0,0,0,0,0,0,1419,0,0,0,0,0,0,0,100,,,,,,,,,,,,,,1,,,,,,,,,,,,,,,,,,,,,,,,,,,,,,,,,,,,,,,
1837,Half Ogre Male Shade Monster ,449,1950,1977,1946,1956,1957,1958,1953,1955,0,123,100,1,154,0,0,1966,0,2,0,0,100,0,95,0,0,0,1,0,0,0,0,0,0,0,0,1419,0,0,0,0,0,0,0,100,,,,,,,,,,,,,,1,,,,,,,,,,,,,,,,,,,,,,,,,,,,,,,,,,,,,,,
1838,Half Ogre Female Shade Monster ,450,1947,1977,1946,1956,1957,1958,1953,1955,0,123,100,1,153,0,0,1985,0,1,0,1,100,0,97,0,0,0,1,0,0,0,0,0,0,0,0,1419,0,0,0,0,0,0,0,100,,,,,,,,,,,,,,1,,,,,,,,,,,,,,,,,,,,,,,,,,,,,,,,,,,,,,,
1839,Troll Male Shade Monster,237,1952,1977,1946,1956,1957,1958,1954,1955,0,130,110,1,26,0,0,1974,0,2,0,0,100,0,125,1,0,0,1,0,0,0,0,0,0,0,0,1419,0,0,0,0,0,0,0,100,,,,,,,,,,,,,,1,,,,,,,,,,,,,,,,,,,,,,,,,,,,,,,,,,,,,,,
1840,Troll Female Shade Monster,238,1949,1977,1946,1956,1957,1958,1954,1955,0,125,103,1,21,0,0,1993,0,1,0,1,100,0,117,1,0,0,1,0,0,0,0,0,0,0,0,1419,0,0,0,0,0,0,0,100,,,,,,,,,,,,,,1,,,,,,,,,,,,,,,,,,,,,,,,,,,,,,,,,,,,,,,
1841,Norse Male Shade Monster ,239,1952,1977,1946,1956,1957,1958,1954,1955,0,109,87,1,19,0,0,1975,0,2,0,0,100,1,105,0,0,0,1,0,0,0,0,0,0,0,0,1419,0,0,0,0,0,0,0,100,,,,,,,,,,,,,,1,,,,,,,,,,,,,,,,,,,,,,,,,,,,,,,,,,,,,,,
1842,Norse Female Shade Monster ,240,1949,1977,1946,1956,1957,1958,1954,1955,0,109,82,1,12,0,0,1994,0,1,0,1,100,1,96,0,0,0,1,0,0,0,0,0,0,0,0,1419,0,0,0,0,0,0,0,100,,,,,,,,,,,,,,1,,,,,,,,,,,,,,,,,,,,,,,,,,,,,,,,,,,,,,,
1843,Kobold Male Shade Monster ,241,1952,1977,1946,1956,1957,1958,1954,1955,0,70,63,1,27,0,0,1968,0,2,0,0,100,0,155,3,0,0,1,0,0,0,0,0,0,0,0,1419,0,0,0,0,0,0,0,100,,,,,,,,,,,,,,1,,,,,,,,,,,,,,,,,,,,,,,,,,,,,,,,,,,,,,,
1844,Kobold Female Shade Monster ,242,1949,1977,1946,1956,1957,1958,1954,1955,0,70,63,1,28,0,0,1987,0,1,0,1,100,0,155,3,0,0,1,0,0,0,0,0,0,0,0,1419,0,0,0,0,0,0,0,100,,,,,,,,,,,,,,1,,,,,,,,,,,,,,,,,,,,,,,,,,,,,,,,,,,,,,,
1845,Dwarf Male Shade Monster ,243,1952,1977,1946,1956,1957,1958,1954,1955,0,75,72,1,22,0,0,1962,0,2,0,0,100,0,145,0,0,0,1,0,0,0,0,0,0,0,0,1419,0,0,0,0,0,0,0,100,,,,,,,,,,,,,,1,,,,,,,,,,,,,,,,,,,,,,,,,,,,,,,,,,,,,,,
1846,Dwarf Female Shade Monster ,244,1949,1977,1946,1956,1957,1958,1954,1955,0,70,68,1,23,0,0,1981,0,1,0,1,100,0,155,0,0,0,1,0,0,0,0,0,0,0,0,1419,0,0,0,0,0,0,0,100,,,,,,,,,,,,,,1,,,,,,,,,,,,,,,,,,,,,,,,,,,,,,,,,,,,,,,
1847,Valkyn Male Shade Monster ,351,1952,1977,1946,1956,1957,1958,1954,1955,0,100,82,1,124,0,0,1976,0,2,0,0,100,1,102,2,0,0,1,0,0,0,0,0,0,0,0,1419,0,0,0,0,0,0,0,100,,,,,,,,,,,,,,1,,,,,,,,,,,,,,,,,,,,,,,,,,,,,,,,,,,,,,,
1848,Valkyn Female Shade Monster ,352,1949,1977,1946,1956,1957,1958,1954,1955,0,100,82,1,123,0,0,1995,0,1,0,1,100,1,90,2,0,0,1,0,0,0,0,0,0,0,0,1419,0,0,0,0,0,0,0,100,,,,,,,,,,,,,,1,,,,,,,,,,,,,,,,,,,,,,,,,,,,,,,,,,,,,,,
1849,Frostalf Male Shade Monster ,464,1952,1977,1946,1956,1957,1958,1954,1955,0,100,82,1,150,1,0,1972,0,2,0,0,100,0,95,0,0,0,1,0,0,0,0,0,0,0,0,1419,0,0,0,0,0,0,0,100,,,,,,,,,,,,,,1,,,,,,,,,,,,,,,,,,,,,,,,,,,,,,,,,,,,,,,
1850,Frostalf Female Shade Monster ,465,1949,1977,1946,1956,1957,1958,1954,1955,0,100,80,1,149,1,0,1991,0,1,0,1,100,0,88,0,0,0,1,0,0,0,0,0,0,0,0,1419,0,0,0,0,0,0,0,100,,,,,,,,,,,,,,1,,,,,,,,,,,,,,,,,,,,,,,,,,,,,,,,,,,,,,,
1851,Firbolg Male Shade Monster ,254,1951,1977,1946,1956,1957,1997,1954,1955,0,135,110,1,7,0,0,1964,0,2,0,0,100,1,115,1,0,0,1,0,0,0,0,0,0,0,0,1419,0,0,0,0,0,0,0,100,,,,,,,,,,,,,,1,,,,,,,,,,,,,,,,,,,,,,,,,,,,,,,,,,,,,,,
1852,Firbolg Female Shade Monster ,255,1948,1977,1946,1956,1957,1997,1954,1955,0,130,107,1,10,0,0,1983,0,1,0,1,100,1,117,0,0,0,1,0,0,0,0,0,0,0,0,1419,0,0,0,0,0,0,0,100,,,,,,,,,,,,,,1,,,,,,,,,,,,,,,,,,,,,,,,,,,,,,,,,,,,,,,
1853,Celt Male Shade Monster ,250,1951,1977,1946,1956,1957,1997,1954,1955,0,100,80,1,8,0,0,1961,0,2,0,0,100,1,107,0,0,0,1,0,0,0,0,0,0,0,0,1419,0,0,0,0,0,0,0,100,,,,,,,,,,,,,,1,,,,,,,,,,,,,,,,,,,,,,,,,,,,,,,,,,,,,,,
1854,Celt Female Shade Monster ,251,1948,1977,1946,1956,1957,1997,1954,1955,0,100,80,1,11,0,0,1980,0,1,0,1,100,1,93,0,0,0,1,0,0,0,0,0,0,0,0,1419,0,0,0,0,0,0,0,100,,,,,,,,,,,,,,1,,,,,,,,,,,,,,,,,,,,,,,,,,,,,,,,,,,,,,,
1855,Lurikeen Male Shade Monster ,256,1951,1977,1946,1956,1957,1997,1954,1955,0,65,55,1,27,0,0,1969,0,2,0,0,100,1,130,1,0,0,1,0,0,0,0,0,0,0,0,1419,0,0,0,0,0,0,0,100,,,,,,,,,,,,,,1,,,,,,,,,,,,,,,,,,,,,,,,,,,,,,,,,,,,,,,
1856,Lurikeen Female Shade Monster ,257,1948,1977,1946,1956,1957,1997,1954,1955,0,65,55,1,28,0,0,1988,0,1,0,1,100,1,112,1,0,0,1,0,0,0,0,0,0,0,0,1419,0,0,0,0,0,0,0,100,,,,,,,,,,,,,,1,,,,,,,,,,,,,,,,,,,,,,,,,,,,,,,,,,,,,,,
1857,Elf Male Shade Monster ,252,1951,1977,1946,1956,1957,1997,1954,1955,0,108,87,1,22,0,0,1963,0,2,0,0,100,0,95,0,0,0,1,0,0,0,0,0,0,0,0,1419,0,0,0,0,0,0,0,100,,,,,,,,,,,,,,1,,,,,,,,,,,,,,,,,,,,,,,,,,,,,,,,,,,,,,,
1858,Elf Female Shade Monster,253,1948,1977,1946,1956,1957,1997,1954,1955,0,108,82,1,23,0,0,1982,0,1,0,1,100,0,85,0,0,0,1,0,0,0,0,0,0,0,0,1419,0,0,0,0,0,0,0,100,,,,,,,,,,,,,,1,,,,,,,,,,,,,,,,,,,,,,,,,,,,,,,,,,,,,,,
1859,Sylvan Male Shade Monster ,346,1951,1977,1946,1956,1957,1997,1954,1955,0,108,85,1,114,0,0,1973,0,2,0,0,100,0,100,2,0,0,1,0,0,0,0,0,0,0,0,1419,0,0,0,0,0,0,0,100,,,,,,,,,,,,,,1,,,,,,,,,,,,,,,,,,,,,,,,,,,,,,,,,,,,,,,
1860,Sylvan Female Shade Monster ,347,1948,1977,1946,1956,1957,1997,1954,1955,0,108,80,1,113,0,0,1992,0,1,0,1,100,0,85,2,0,0,1,0,0,0,0,0,0,0,0,1419,0,0,0,0,0,0,0,100,,,,,,,,,,,,,,1,,,,,,,,,,,,,,,,,,,,,,,,,,,,,,,,,,,,,,,
1861,Shar Male Shade Monster ,490,1951,1977,1946,1956,1957,1997,1954,1955,0,100,78,1,169,0,0,1971,0,2,0,1,100,0,95,0,0,0,1,0,0,0,0,0,0,0,0,1419,0,0,0,0,0,0,0,100,,,,,,,,,,,,,,1,,,,,,,,,,,,,,,,,,,,,,,,,,,,,,,,,,,,,,,
1862,Crystal  Creature,899,3980,0,0,0,0,0,0,0,0,100,80,1,25,0,0,0,0,0,0,0,0,0,0,0,3977,0,0,0,0,0,0,0,0,0,0,1419,0,0,0,3979,0,0,0,0,,,,,,,3978,,,,,,,1,,,,,,,,,,,,,,,,,,,,,,,,,,,,,,,,,,,,,,,
1863,Shar Teleporter,637,3985,3986,3987,0,0,0,0,0,0,100,80,1,25,0,0,0,0,0,0,0,0,0,0,0,0,0,0,0,0,0,0,0,0,0,3989,0,0,83,0,0,0,0,0,0,,,,,,,3989,,,,,,,,,,,,,,,,,,,,,,,,,,,,,,,,,,,,,,,,,,,,,,
1864,Glashtin Shaman,639,3998,0,0,0,0,0,0,0,0,120,80,1,193,0,0,0,0,0,0,0,0,0,0,0,0,0,0,0,0,0,0,0,0,0,0,0,0,0,0,0,0,0,0,0,,,,,,,,,,,,,,1,,,,,,,,,,,,,,,,,,,,,,,,,,,,,,,,,,,,,,,
1865,Gargoyle_crystal,620,3999,0,0,0,0,0,0,0,0,200,60,1,181,0,0,0,0,0,0,0,100,0,100,0,3287,0,0,0,0,0,0,0,0,0,0,0,0,0,0,0,0,0,0,0,,,,,,,,,,,,,,,,,,,,,,,,,,,,,,,,,,,,,,,,,,,,,,,,,,,,,
1866,Gargoyle alb,620,6000,0,0,0,0,0,0,0,0,200,60,1,181,0,0,0,0,0,0,0,100,0,100,0,3287,0,0,0,0,0,0,0,0,0,0,0,0,0,0,0,0,0,0,0,,,,,,,,,,,,,,,,,,,,,,,,,,,,,,,,,,,,,,,,,,,,,,,,,,,,,
1867,Gargoyle mid,620,6001,0,0,0,0,0,0,0,0,200,60,1,181,0,0,0,0,0,0,0,100,0,100,0,3287,0,0,0,0,0,0,0,0,0,0,0,0,0,0,0,0,0,0,0,,,,,,,,,,,,,,,,,,,,,,,,,,,,,,,,,,,,,,,,,,,,,,,,,,,,,
1868,Gargoyle hib,620,6002,0,0,0,0,0,0,0,0,200,60,1,181,0,0,0,0,0,0,0,100,0,100,0,3287,0,0,0,0,0,0,0,0,0,0,0,0,0,0,0,0,0,0,0,,,,,,,,,,,,,,,,,,,,,,,,,,,,,,,,,,,,,,,,,,,,,,,,,,,,,
1869,Possessed Hound 2,529,6004,0,0,0,0,0,0,0,0,100,65,1,192,0,0,0,0,0,0,0,0,0,0,0,0,0,0,0,0,0,0,0,0,0,0,0,0,0,0,0,0,0,0,0,,,,,,,,,,,,,,0,,,,,,,,,,,,,,,,,,,,,,,,,,,,,,,,,,,,,,,
1870,Possessed Hound 3,529,6005,0,0,0,0,0,0,0,0,100,65,1,192,0,0,0,0,0,0,0,0,0,0,0,0,0,0,0,0,0,0,0,0,0,0,0,0,0,0,0,0,0,0,0,,,,,,,,,,,,,,0,,,,,,,,,,,,,,,,,,,,,,,,,,,,,,,,,,,,,,,
1878,Inconnu Teleporter,640,6006,6007,6008,0,0,6009,0,0,0,100,80,1,0,0,0,0,0,0,0,0,0,0,0,0,0,0,0,0,0,0,0,0,0,0,0,0,0,84,0,0,0,0,0,0,,,,,,,,,,,,, ,,,,,,,,,,,,,,,,,,,,,,,,,,,,,,,,,,,,,,,,
1879,Shapechange Roach,323,1384,0,0,0,0,0,0,0,0,5,80,1,14,0,0,0,0,0,1,0,0,0,0,0,0,0,0,0,0,0,0,0,0,0,0,0,0,0,0,0,0,0,0,0,,,,,,,,,,,,,,0,,,,,,,,,,,,,,,,,,,,,,,,,,,,,,,,,,,,,,,
1883,Bainshee Celt ,661,6070,0,0,0,0,0,0,0,0,100,115,1,11,0,0,0,0,1,0,1,100,0,0,0,0,1,0,0,0,0,0,0,0,0,0,0,0,0,0,0,0,0,0,100,,,,,,,,,,,,,,0,1,,,,,,,,,,,,,,,,,,,,,,,,,,,,,,,,,,,,,,
1884,Bainshee Lurikeen,661,6070,0,0,0,0,0,0,0,0,65,80,1,28,0,0,0,0,1,0,1,100,0,0,0,0,1,0,0,0,0,0,0,0,0,0,0,0,0,0,0,0,0,0,100,,,,,,,,,,,,,,0,1,,,,,,,,,,,,,,,,,,,,,,,,,,,,,,,,,,,,,,
1885,Bainshee Elf ,661,6070,0,0,0,0,0,0,0,0,108,120,1,23,0,0,0,0,1,0,1,100,0,0,0,0,1,0,0,0,0,0,0,0,0,0,0,0,0,0,0,0,0,0,100,,,,,,,,,,,,,,0,1,,,,,,,,,,,,,,,,,,,,,,,,,,,,,,,,,,,,,,
1886,Bat,658,6045,0,0,0,0,0,0,0,0,10,0,-1,0,0,0,0,0,0,0,0,0,0,0,0,0,0,0,0,0,15,25,0,0,0,0,0,0,0,0,0,0,0,0,0,,,,,,,,,,,,,,,,,,,,,,,,,,,,,,,,,,,,,,,,,,,,,,,,,,,,,
1887,Shapechange Worm,233,151,0,0,0,0,0,0,0,0,50,70,1,3,0,0,0,0,0,1,0,0,0,0,0,0,0,0,0,0,0,0,0,0,0,0,0,0,0,0,0,0,0,0,0,,,,,,,,,,,,,,0,,,,,,,,,,,,,,,,,,,,,,,,,,,,,,,,,,,,,,,
1888,Celt Male Vampiir,250,277,1022,279,280,281,282,283,0,0,100,80,1,8,0,0,1011,8,2,0,0,100,1,107,0,0,1,1,0,0,0,0,0,0,0,0,0,0,0,0,0,0,0,0,100,,,,,,,,,,,,,,1,,,,,,,,,,,,,,,,,,,,,,,,,,,,,,,,,,,,,,,
1889,Celt Female Vampiir,251,278,1025,279,280,281,282,283,0,0,100,80,1,11,0,0,1012,8,1,0,1,100,1,93,0,0,1,1,0,0,0,0,0,0,0,0,0,0,0,0,0,0,0,0,100,,,,,,,,,,,,,,1,,,,,,,,,,,,,,,,,,,,,,,,,,,,,,,,,,,,,,,
1890,Lurikeen Male Vampiir,256,270,1022,272,273,274,275,209,0,0,65,55,1,27,0,0,287,10,2,0,0,100,1,130,1,0,1,1,0,0,0,0,0,0,0,0,0,0,0,0,0,0,0,0,100,,,,,,,,,,,,,,1,,,,,,,,,,,,,,,,,,,,,,,,,,,,,,,,,,,,,,,
1891,Lurikeen Female Vampiir,257,271,1030,272,273,274,275,209,0,0,65,55,1,28,0,0,288,10,1,0,1,100,1,112,1,0,1,1,0,0,0,0,0,0,0,0,0,0,0,0,0,0,0,0,100,,,,,,,,,,,,,,1,,,,,,,,,,,,,,,,,,,,,,,,,,,,,,,,,,,,,,,
1892,Shar Male Vampiir,490,1762,1755,1760,1764,1765,1766,1763,0,0,100,78,1,169,0,0,1778,18,2,0,1,97,0,95,0,0,1,1,0,0,0,0,0,0,0,0,0,0,0,0,0,0,0,0,92,,,,,,,,,,,,,,1,,,,,,,,,,,,,,,,,,,,,,,,,,,,,,,,,,,,,,,
1893,Shar Female Vampiir,491,1761,1752,1760,1764,1765,1766,1763,0,0,100,76,1,168,0,0,1767,18,1,0,1,92,0,92,0,0,1,1,0,0,0,0,0,0,0,0,0,0,0,0,0,0,0,0,92,,,,,,,,,,,,,,1,,,,,,,,,,,,,,,,,,,,,,,,,,,,,,,,,,,,,,,
1894,Possessed Inconnu 1,646,6046,6047,0,0,0,0,0,0,0,100,75,1,88,0,0,0,0,0,0,0,100,0,100,0,0,0,0,0,0,0,0,0,0,0,0,0,0,0,0,0,0,0,0,100,,,,,,,,,,,,,,,,,,,,,,,,,,,,,,,,,,,,,,,,,,,,,,,,,,,,,
1895,Possessed Inconnu 2,647,6048,6049,0,0,0,0,0,0,0,100,75,1,88,0,0,0,0,0,0,0,100,0,100,0,0,0,0,0,0,0,0,0,0,0,0,0,0,0,0,0,0,0,0,100,,,,,,,,,,,,,,,,,,,,,,,,,,,,,,,,,,,,,,,,,,,,,,,,,,,,,
1896,Possessed Inconnu 3,648,6050,6051,0,0,0,0,0,0,0,100,75,1,88,0,0,0,0,0,0,0,100,0,100,0,0,0,0,0,0,0,0,0,0,0,0,0,0,0,0,0,0,0,0,100,,,,,,,,,,,,,,,,,,,,,,,,,,,,,,,,,,,,,,,,,,,,,,,,,,,,,
1897,Glashtin Forge Master,639,3995,0,0,0,0,0,0,0,0,120,80,1,193,0,0,0,0,0,0,0,0,0,0,0,0,0,0,0,0,0,0,0,0,0,0,0,0,0,0,0,0,0,0,0,,,,,,,,,,,,,,1,,,,,,,,,,,,,,,,,,,,,,,,,,,,,,,,,,,,,,,
1898,Glashtin Shift Boss,639,3996,0,0,0,0,0,0,0,0,120,80,1,193,0,0,0,0,0,0,0,0,0,0,0,0,0,0,0,0,0,0,0,0,0,0,0,0,0,0,0,0,0,0,0,,,,,,,,,,,,,,1,,,,,,,,,,,,,,,,,,,,,,,,,,,,,,,,,,,,,,,
1899,Possessed Inconnu 2 Leather,652,6048,6049,3302,0,0,0,0,0,0,100,75,1,88,0,0,0,0,0,0,0,100,0,100,0,0,0,0,0,0,0,0,0,0,0,0,0,0,0,0,0,0,0,0,100,,,,,,,,,,,,,,,,,,,,,,,,,,,,,,,,,,,,,,,,,,,,,,,,,,,,,
1900,Possessed Inconnu 2 Plate,653,6048,6049,3295,0,0,0,0,0,0,100,75,1,88,0,0,0,0,0,0,0,100,0,100,0,0,0,0,0,0,0,0,0,0,0,0,0,0,0,0,0,0,0,0,100,,,,,,,,,,,,,,,,,,,,,,,,,,,,,,,,,,,,,,,,,,,,,,,,,,,,,
1901,Possessed Inconnu 3 Leather,654,6050,6051,3302,0,0,0,0,0,0,100,75,1,88,0,0,0,0,0,0,0,100,0,100,0,0,0,0,0,0,0,0,0,0,0,0,0,0,0,0,0,0,0,0,100,,,,,,,,,,,,,,,,,,,,,,,,,,,,,,,,,,,,,,,,,,,,,,,,,,,,,
1902,Possessed Inconnu 3 Plate,655,6050,6051,3295,0,0,0,0,0,0,100,75,1,88,0,0,0,0,0,0,0,100,0,100,0,0,0,0,0,0,0,0,0,0,0,0,0,0,0,0,0,0,0,0,100,,,,,,,,,,,,,,,,,,,,,,,,,,,,,,,,,,,,,,,,,,,,,,,,,,,,,
1903,Mordred,656,6054,6055,0,0,0,0,0,0,0,100,80,1,8,0,0,0,0,0,0,0,100,0,102,0,0,1,1,0,0,0,0,0,0,0,0,0,0,0,0,0,0,0,0,100,,,,,,,,,,,,,,1,,,,,,,,,,,,,,,,,,,,,,,,,,,,,,,,,,,,,,,
1904,Morrigan,657,6056,6057,0,0,0,0,0,0,0,100,80,1,8,0,0,0,0,0,0,0,100,0,102,0,0,0,0,0,0,0,0,0,0,0,0,0,0,0,0,0,0,0,0,100,,,,,,,,,,,,,,1,,,,,,,,,,,,,,,,,,,,,,,,,,,,,,,,,,,,,,,
1905,Merlins Crystal,399,0,0,0,0,0,0,0,0,0,100,35,1,137,0,0,0,0,0,1,0,0,0,0,0,0,0,0,0,0,0,0,0,0,0,0,1419,0,85,0,0,0,0,0,0,,,,,,,,,,,,,,0,,,,,,,,,,,,,,,,,,,,,,,,,,,,,,,,,,,,,,,
1906,Merlins Crystal Destroyed,399,0,0,0,0,0,0,0,0,0,100,35,1,137,0,0,0,0,0,1,0,0,0,0,0,0,0,0,0,0,0,0,0,0,0,0,1419,0,86,0,0,0,0,0,0,,,,,,,,,,,,,,0,,,,,,,,,,,,,,,,,,,,,,,,,,,,,,,,,,,,,,,
1908,Glow Fish,561,6066,0,0,0,0,0,0,0,0,100,80,1,0,0,0,0,0,0,0,0,0,0,0,0,0,0,0,0,0,0,0,0,0,0,0,0,0,0,0,0,0,0,0,0,,,,,,,,,,,,,,,,,,,,,,,,,,,,,,,,,,,,,,,,,,,,,,,,,,,,,
1909,Gullveig,659,6067,6068,0,0,0,0,0,0,0,100,80,1,0,0,0,0,0,0,0,0,0,0,0,0,0,0,0,0,0,0,0,0,0,0,0,0,0,0,0,0,0,0,0,0,,,,,,,,,,,,,,,,,,,,,,,,,,,,,,,,,,,,,,,,,,,,,,,,,,,,,
1910,Friendly happy tree,220,107,0,0,0,0,0,0,0,0,100,110,1,24,0,0,0,0,0,0,0,0,0,0,0,0,0,0,0,0,0,0,0,0,0,0,0,0,0,0,0,0,0,0,0,,,,,,,,,,,,,,0,,,,,,,,,,,,,,,,,,,,,,,,,,,,,,,,,,,,,,,
1911,Dark Elf Castor,664,6077,6079,6078,0,0,0,0,0,0,100,80,1,23,0,0,0,0,0,0,0,100,0,100,0,0,0,0,0,0,0,0,0,0,0,0,0,0,0,0,0,0,0,0,100,,,,,,,,,,,,,,,,,,,,,,,,,,,,,,,,,,,,,,,,,,,,,,,,,,,,,
1912,Dark Elf Male,663,6086,6088,6087,0,0,0,0,0,0,100,80,1,22,0,0,0,0,0,0,0,100,0,100,0,0,0,0,0,0,0,0,0,0,0,0,0,0,0,0,0,0,0,0,100,,,,,,,,,,,,,,,,,,,,,,,,,,,,,,,,,,,,,,,,,,,,,,,,,,,,,
1913,Dark Elf Female,662,6080,6082,6081,0,0,0,0,0,0,100,80,1,23,0,0,0,0,0,0,0,100,0,100,0,0,0,0,0,0,0,0,0,0,0,0,0,0,0,0,0,0,0,0,100,,,,,,,,,,,,,,,,,,,,,,,,,,,,,,,,,,,,,,,,,,,,,,,,,,,,,
1914,Dark Elf Queen,664,6089,6091,6090,0,0,0,0,0,0,100,80,1,23,0,0,0,0,0,0,0,100,0,100,0,0,0,0,0,0,0,0,0,0,0,0,0,0,0,0,0,0,0,0,100,,,,,,,,,,,,,,,,,,,,,,,,,,,,,,,,,,,,,,,,,,,,,,,,,,,,,
1915,Dark Elf King,665,6083,6085,6084,0,0,0,0,0,0,100,80,1,22,0,0,0,0,0,0,0,100,0,100,0,0,0,0,0,0,0,0,0,0,0,0,0,0,0,0,0,0,0,0,100,,,,,,,,,,,,,,,,,,,,,,,,,,,,,,,,,,,,,,,,,,,,,,,,,,,,,
1916,Possessed Shar 1 Naked,666,6097,6096,0,0,0,0,0,0,0,100,80,1,88,0,0,0,0,0,0,0,100,0,100,0,0,0,0,0,0,0,0,0,0,0,0,0,0,0,0,0,0,0,0,100,,,,,,,,,,,,,,,,,,,,,,,,,,,,,,,,,,,,,,,,,,,,,,,,,,,,,
1917,Possed Shar 2 Naked,667,6099,6098,0,0,0,0,0,0,0,100,80,1,88,0,0,0,0,0,0,0,100,0,100,0,0,0,0,0,0,0,0,0,0,0,0,0,0,0,0,0,0,0,0,100,,,,,,,,,,,,,,,,,,,,,,,,,,,,,,,,,,,,,,,,,,,,,,,,,,,,,
1918,Possed Shar 2 Leather,668,3302,6098,6099,0,0,0,0,0,0,100,80,1,88,0,0,0,0,0,0,0,100,0,100,0,0,0,0,0,0,0,0,0,0,0,0,0,0,0,0,0,0,0,0,100,,,,,,,,,,,,,,,,,,,,,,,,,,,,,,,,,,,,,,,,,,,,,,,,,,,,,
1919,Possed Shar 2 Plate,669,3295,6098,6099,0,0,0,0,0,0,100,80,1,88,0,0,0,0,0,0,0,100,0,100,0,0,0,0,0,0,0,0,0,0,0,0,0,0,0,0,0,0,0,0,100,,,,,,,,,,,,,,,,,,,,,,,,,,,,,,,,,,,,,,,,,,,,,,,,,,,,,
1920,Possed Shar 3 Naked,670,6101,6100,0,0,0,0,0,0,0,100,80,1,88,0,0,0,0,0,0,0,100,0,100,0,0,0,0,0,0,0,0,0,0,0,0,0,0,0,0,0,0,0,0,100,,,,,,,,,,,,,,,,,,,,,,,,,,,,,,,,,,,,,,,,,,,,,,,,,,,,,
1921,Possed Shar 3 Leather,671,3302,6100,6101,0,0,0,0,0,0,100,80,1,88,0,0,0,0,0,0,0,100,0,100,0,0,0,0,0,0,0,0,0,0,0,0,0,0,0,0,0,0,0,0,100,,,,,,,,,,,,,,,,,,,,,,,,,,,,,,,,,,,,,,,,,,,,,,,,,,,,,
1922,Possed Shar 3 Plate,672,3295,6100,6101,0,0,0,0,0,0,100,80,1,88,0,0,0,0,0,0,0,100,0,100,0,0,0,0,0,0,0,0,0,0,0,0,0,0,0,0,0,0,0,0,100,,,,,,,,,,,,,,,,,,,,,,,,,,,,,,,,,,,,,,,,,,,,,,,,,,,,,
1923,Catacombs Teleport  NPC,399,0,0,0,0,0,0,0,0,0,100,35,-1,0,0,0,0,0,0,1,0,0,0,0,0,0,0,0,0,0,0,0,0,0,0,0,0,0,90,0,0,0,0,0,0,,,,,,,,,,,,,,0,,,,,,,,,,,,,,,,,,,,,,,,,,,,,,,,,,,,,,,
1924,Mine Cart 2,673,6227,0,0,0,0,0,0,0,0,100,60,1,180,0,0,0,0,0,2,0,0,0,0,0,0,0,0,0,0,0,0,0,0,0,0,0,0,0,0,0,,0,0,0,,,,,,,,,,,,,,,,,,,,,,,,,,,,,,,,,,,,,,,,,,,,,,,,,,,,,
1925,empty,0,0,0,0,0,0,0,0,0,0,100,75,1,0,0,0,0,0,0,0,0,0,0,0,0,0,0,0,0,0,0,0,0,0,0,0,1419,0,0,0,0,0,0,0,0,,,,,,,,,,,,,,0,,,,,,,,,,,,,,,,,,,,,,,,,,,,,,,,,,,,,,,
1929,Bainshee Elf ,661,6070,0,0,0,0,0,0,0,0,108,82,1,23,0,0,0,0,0,0,1,100,0,0,0,0,1,1,0,0,0,0,0,0,0,0,0,0,0,0,0,0,0,0,100,,,,,,,,,,,,,,0,1,,,,,,,,,,,,,,,,,,,,,,,,,,,,,,,,,,,,,,
1930,Dian,675,6245,6243,0,0,0,0,0,0,0,100,80,1,26,0,0,0,0,0,0,0,0,0,0,0,0,0,0,0,0,0,0,0,0,0,0,0,0,0,0,0,0,0,0,0,,,,,,,,,,,,,,,,,,,,,,,,,,,,,,,,,,,,,,,,,,,,,,,,,,,,,
1931,Dother,676,6245,6242,0,0,0,0,0,0,0,50,40,1,22,0,0,0,0,0,0,0,0,0,0,0,0,0,0,0,0,0,0,0,0,0,0,0,0,0,0,0,0,0,0,0,,,,,,,,,,,,,,,,,,,,,,,,,,,,,,,,,,,,,,,,,,,,,,,,,,,,,
1932,Dub,677,6245,6244,0,0,0,0,0,0,0,100,80,1,22,0,0,0,0,0,0,0,0,0,0,0,0,0,0,0,0,0,0,0,0,0,0,0,0,0,0,0,0,0,0,0,,,,,,,,,,,,,,,,,,,,,,,,,,,,,,,,,,,,,,,,,,,,,,,,,,,,,
1933,Fafner,678,6246,6247,0,0,0,0,0,0,0,100,80,1,22,0,0,0,0,0,0,0,0,0,0,0,0,0,0,0,0,0,0,0,0,0,0,0,0,0,0,0,0,0,0,0,,,,,,,,,,,,,,,,,,,,,,,,,,,,,,,,,,,,,,,,,,,,,,,,,,,,,
1934,empty,0,0,0,0,0,0,0,0,0,0,100,75,1,0,0,0,0,0,0,0,0,0,0,0,0,0,0,0,0,0,0,0,0,0,0,0,1419,0,0,0,0,0,0,0,0,,,,,,,,,,,,,,0,,,,,,,,,,,,,,,,,,,,,,,,,,,,,,,,,,,,,,,
1935,Morgan Le Fay,680,6256,6257,6255,0,0,0,0,0,0,100,80,1,12,0,0,0,0,0,0,0,100,0,0,0,0,0,0,0,0,0,0,0,0,0,0,,0,0,0,0,0,0,0,0,,,,,,,,,,,,,,,,,,,,,,,,,,,,,,,,,,,,,,,,,,,,,,,,,,,,,
1936,Hockey Field Marker,682,1,0,0,0,0,0,0,0,0,100,80,1,0,0,0,0,0,0,0,0,100,0,102,0,0,0,0,0,0,-14,-14,0,0,0,0,0,0,94,0,0,0,0,0,100,,,,,,,,,,,,,,0,,,,,,,,,,,,,,,,,,,,,,,,,,,,,,,,,,,,,,,
1937,Hockey Goalstick Blue,681,6528,6528,0,0,0,0,0,0,0,100,80,1,0,0,0,0,0,0,0,0,100,0,102,0,0,0,0,0,0,0,0,0,0,0,6529,0,0,0,0,0,0,0,0,100,,,,,,,,,,,,,,0,,,,,,,,,,,,,,,,,,,,,,,,,,,,,,,,,,,,,,,
1938,Brittle Guard,438,1584,0,0,0,0,0,0,0,0,100,130,1,157,0,0,0,0,0,0,0,0,0,0,0,0,0,0,0,0,0,0,0,0,0,0,0,0,0,0,0,0,0,0,0,,,,,,,,,,,,,,1,,,,,,,,,,,,,,,,,,,,,,,,,,,,,,,,,,,,,,,
1939,Hockey Goalstick Yellow,681,6528,6528,0,0,0,0,0,0,0,100,80,1,0,0,0,0,0,0,0,0,100,0,102,0,0,0,0,0,0,0,0,0,0,0,6533,0,0,0,0,0,0,0,0,100,,,,,,,,,,,,,,0,,,,,,,,,,,,,,,,,,,,,,,,,,,,,,,,,,,,,,,
1940,Hockey Goalstick Brown,681,6528,6528,0,0,0,0,0,0,0,100,80,1,0,0,0,0,0,0,0,0,100,0,102,0,0,0,0,0,0,0,0,0,0,0,6530,0,0,0,0,0,0,0,0,100,,,,,,,,,,,,,,0,,,,,,,,,,,,,,,,,,,,,,,,,,,,,,,,,,,,,,,
1941,Hockey Goalstick Green,681,6528,6528,0,0,0,0,0,0,0,100,80,1,0,0,0,0,0,0,0,0,100,0,102,0,0,0,0,0,0,0,0,0,0,0,6531,0,0,0,0,0,0,0,0,100,,,,,,,,,,,,,,0,,,,,,,,,,,,,,,,,,,,,,,,,,,,,,,,,,,,,,,
1942,Hockey Goalstick Red,681,6528,6528,0,0,0,0,0,0,0,100,80,1,0,0,0,0,0,0,0,0,100,0,102,0,0,0,0,0,0,0,0,0,0,0,6532,0,0,0,0,0,0,0,0,100,,,,,,,,,,,,,,0,,,,,,,,,,,,,,,,,,,,,,,,,,,,,,,,,,,,,,,
1943,Tutorial Freeze Monster,683,1,0,0,0,0,0,0,0,0,100,80,-1,0,0,0,0,0,0,0,0,100,0,102,0,0,0,0,0,0,0,0,0,0,0,0,1419,0,0,0,0,0,0,0,100,,,,,,,,,,,,,,0,,,,,,,,,,,,,,,,,,,,,,,,,,,,,,,,,,,,,,,
1944,Tutorial Dead Highlander,684,130,1022,133,134,20,135,136,0,0,109,30,1,7,1,0,3470,0,1,0,0,102,100,0,0,0,1,1,0,0,0,0,0,0,0,0,1419,0,0,0,0,0,0,0,102,,,,,,,,,,,,,,1,,,,,,,,,,,,,,,,,,,,,,,,,,,,,,,,,,,,,,,
1945,Tutorial Dead Half Ogre Male,686,1601,1018,1599,1603,1604,1605,1602,0,0,123,30,1,154,0,0,1617,16,2,0,0,98,0,95,0,0,1,1,0,0,0,0,0,0,0,0,1419,0,0,0,0,0,0,0,98,,,,,,,,,,,,,,1,,,,,,,,,,,,,,,,,,,,,,,,,,,,,,,,,,,,,,,
1946,Tutorial Dead Briton Male,688,1,1022,3,5,6,4,7,79,0,100,30,1,8,0,0,9,1,1,0,0,100,0,102,0,0,1,1,0,0,0,0,0,0,0,0,1419,0,0,0,0,0,0,0,100,,,,,,,,,,,,,,1,,,,,,,,,,,,,,,,,,,,,,,,,,,,,,,,,,,,,,,
1947,Tutorial Dead Saracen Male,690,32,1042,34,35,36,37,38,79,0,100,30,1,8,1,1,39,13,2,0,0,100,0,103,1,0,1,1,0,0,0,0,0,0,0,0,1419,0,0,0,0,0,0,0,100,,,,,,,,,,,,,,1,,,,,,,,,,,,,,,,,,,,,,,,,,,,,,,,,,,,,,,
1948,Tutorial Dead Norse Male,692,186,1021,187,189,190,191,188,0,0,109,30,1,19,0,0,1114,4,1,0,0,100,1,105,0,0,1,1,0,0,0,0,0,0,0,0,1419,0,0,0,0,0,0,0,100,,,,,,,,,,,,,,1,,,,,,,,,,,,,,,,,,,,,,,,,,,,,,,,,,,,,,,
1949,Tutorial Dead Troll Male,694,165,177,166,170,171,172,169,0,0,130,30,1,26,0,0,1118,7,1,0,0,115,0,125,1,0,1,1,0,0,0,0,0,0,0,0,1419,0,0,0,0,0,0,0,115,,,,,,,,,,,,,,1,,,,,,,,,,,,,,,,,,,,,,,,,,,,,,,,,,,,,,,
1950,Tutorial Dead Dwarf Male,696,229,1021,227,231,232,233,230,0,0,75,30,1,22,0,0,1122,6,1,0,0,110,0,145,0,0,1,1,0,0,0,0,0,0,0,0,1419,0,0,0,0,0,0,0,110,,,,,,,,,,,,,,1,,,,,,,,,,,,,,,,,,,,,,,,,,,,,,,,,,,,,,,
1951,Tutorial Dead Frostalf Male,698,1646,1016,1644,1648,1649,1650,1647,0,0,100,30,1,150,0,0,1662,17,1,0,0,98,0,95,0,0,1,1,0,0,0,0,0,0,0,0,1419,0,0,0,0,0,0,0,98,,,,,,,,,,,,,,1,,,,,,,,,,,,,,,,,,,,,,,,,,,,,,,,,,,,,,,
1952,Tutorial Dead Celt Male,700,277,1021,279,280,281,282,283,0,0,100,30,1,8,0,0,1008,8,1,0,0,100,1,107,0,0,1,1,0,0,0,0,0,0,0,0,1419,0,0,0,0,0,0,0,100,,,,,,,,,,,,,,1,,,,,,,,,,,,,,,,,,,,,,,,,,,,,,,,,,,,,,,
1953,Tutorial Dead Firbolg Male,702,263,1029,265,266,267,268,269,0,0,135,30,1,7,0,0,295,9,2,0,0,115,1,115,1,0,1,1,0,0,0,0,0,0,0,0,1419,0,0,0,0,0,0,0,115,,,,,,,,,,,,,,1,,,,,,,,,,,,,,,,,,,,,,,,,,,,,,,,,,,,,,,
1954,Tutorial Dead Elf Male,704,256,1016,258,259,260,261,262,0,0,108,30,1,22,0,0,1003,11,2,0,0,100,0,95,0,0,1,1,0,0,0,0,0,0,0,0,1419,0,0,0,0,0,0,0,100,,,,,,,,,,,,,,1,,,,,,,,,,,,,,,,,,,,,,,,,,,,,,,,,,,,,,,
1955,Tutorial Dead Shar Male,706,1762,1755,1760,1764,1765,1766,1763,0,0,100,30,1,169,0,0,1778,18,2,0,0,97,0,95,0,0,1,1,0,0,0,0,0,0,0,0,1419,0,0,0,0,0,0,0,92,,,,,,,,,,,,,,1,,,,,,,,,,,,,,,,,,,,,,,,,,,,,,,,,,,,,,,
1956,Tutorial Bat Bird,708,6045,0,0,0,0,0,0,0,0,10,0,0,0,0,0,0,0,0,0,0,0,0,0,0,0,0,0,0,0,15,25,0,0,0,0,0,0,0,0,0,0,0,0,0,,,,,,,,,,,,,,,,,,,,,,,,,,,,,,,,,,,,,,,,,,,,,,,,,,,,,
1957,Tutorial Dummy 1,712,6572,0,0,0,0,0,0,0,0,100,80,1,0,0,0,0,0,0,0,0,0,0,0,0,0,0,0,0,0,0,0,0,0,0,0,0,2,0,0,0,0,0,0,0,,,,,,,,,,,,,,,,,,,,,,,,,,,,,,,,,,,,,,,,,,,,,,,,,,,,,
1958,Grey Tutorial Dummy,713,6572,0,0,0,0,0,0,0,0,100,80,1,0,0,0,0,0,0,0,0,0,0,0,0,0,0,0,0,0,0,0,0,0,0,0,0,2,0,0,0,0,0,0,0,,,,,,,,,,,,,,,,,,,,,,,,,,,,,,,,,,,,,,,,,,,,,,,,,,,,,
1959,Green Tutorial Dummy,714,6572,0,0,0,0,0,0,0,0,100,80,1,0,0,0,0,0,0,0,0,0,0,0,0,0,0,0,0,0,0,0,0,0,0,0,0,2,0,0,0,0,0,0,0,,,,,,,,,,,,,,,,,,,,,,,,,,,,,,,,,,,,,,,,,,,,,,,,,,,,,
1960,Briton Male Tutorial,206,1,1018,3,5,6,4,7,79,0,100,80,1,0,0,0,11,1,1,0,0,100,0,102,0,0,1,1,0,0,0,0,0,0,0,0,1419,0,0,0,0,0,0,0,100,,,,,,,,,,,,,,1,,,,,,,582,3233,,3238,3232,3235,3236,3234,79,3237,1,1,1,,100,,,,,,,,,,,,,,,,,,
1961,Briton Female Tutorial,209,2,1020,3,5,6,4,7,79,0,100,78,1,0,0,0,12,1,1,0,1,96,0,94,0,0,1,1,0,0,0,0,0,0,0,0,1419,0,0,0,0,0,0,0,96,,,,,,,,,,,,,,1,,,,,,,608,3310,,3309,6231,3235,3236,3234,79,3308,2,1,1,,96,,,,,,,,,,,,,,,,,,
1962,High Male Tutorial,210,16,1020,18,19,20,21,22,79,0,109,88,1,0,1,0,27,2,1,0,0,102,0,100,0,0,1,1,0,0,0,0,0,0,0,0,1419,0,0,0,0,0,0,0,102,,,,,,,,,,,,,,1,,,,,,,594,3597,6058,3606,3232,3602,3600,3601,79,,5,1,1,1,110,,,,,,,,,,,,,,,,,,
1963,High Female Tutorial,211,17,1025,18,19,20,21,22,79,0,109,83,1,0,1,0,28,2,1,0,1,96,0,95,0,0,1,1,0,0,0,0,0,0,0,0,1419,0,0,0,0,0,0,0,96,,,,,,,,,,,,,,1,,,,,,,595,3598,6058,3609,6234,3602,6240,3601,79,,6,1,1,1,105,,,,,,,,,,,,,,,,,,
1964,Saracen Male Tutorial,213,32,1045,34,35,36,37,38,79,0,100,80,1,0,1,1,42,13,2,0,0,100,0,103,1,0,1,1,0,0,0,0,0,0,0,0,1419,0,0,0,0,0,0,0,100,,,,,,,,,,,,,,1,,,,,,,584,3633,,3642,3635,3638,3636,3637,79,,3,,1,,101,,,,,,,,,,,,,,,,,,
1965,Saracen Female Tutorial,214,33,1046,34,35,36,37,38,79,0,100,78,1,0,1,1,44,13,2,0,1,96,0,98,2,0,1,1,0,0,0,0,0,0,0,0,1419,0,0,0,0,0,0,0,96,,,,,,,,,,,,,,1,,,,,,,585,3634,,3645,3635,3638,3636,3637,79,,4,,1,,97,,,,,,,,,,,,,,,,,,
1966, Inconnu Male Tutorial,348,1357,1024,1358,1359,1360,1361,1362,0,0,77,71,1,0,0,0,1355,5,2,0,0,100,1,139,0,0,1,1,0,0,0,0,0,0,0,0,1419,0,0,0,0,0,0,0,100,,,,,,,,,,,,,,1,,,,,,,604,3615,,3622,3617,3620,3618,3619,79,,9,,,,87,,,,,,,,,,,,,,,,,,
1967,Inconnu Female Tutorial,349,1356,1021,1358,1359,1360,1361,1362,0,0,77,71,1,0,0,0,1348,5,1,0,1,100,1,136,4,0,1,1,0,0,0,0,0,0,0,0,1419,0,0,0,0,0,0,0,100,,,,,,,,,,,,,,1,,,,,,,605,3616,,3627,3617,3620,3618,3619,79,,10,,,,87,,,,,,,,,,,,,,,,,,
1968,Half Ogre Male Tutorial,449,1601,1018,1599,1603,1604,1605,1602,0,0,123,100,1,0,0,0,1617,16,2,0,0,98,0,95,0,0,1,1,0,0,0,0,0,0,0,0,1419,0,0,0,0,0,0,0,98,,,,,,,,,,,,,,1,,,,,,,606,3579,,3590,3581,3582,3583,3584,79,,11,1,1,,126,,,,,,,,,,,,,,,,,,
1969,Half Ogre Female Tutorial,450,1600,1018,1599,1603,1604,1605,1602,0,0,123,100,1,0,0,0,1606,16,1,0,1,92,0,97,0,0,1,1,0,0,0,0,0,0,0,0,1419,0,0,0,0,0,0,0,92,,,,,,,,,,,,,,1,,,,,,,607,3580,,3591,6233,3582,3583,3584,79,,12,1,1,,117,,,,,,,,,,,,,,,,,,
1970,Troll Male Tutorial,237,165,180,166,170,171,172,169,0,0,130,110,1,0,0,0,184,7,2,0,0,115,0,125,1,0,1,1,0,0,0,0,0,0,0,0,1419,0,0,0,0,0,0,0,115,,,,,,,,,,,,,,1,,,,,,,612,3242,,3350,3243,3240,3239,3241,79,3245,7,1,1,,138,,,,,,,,,,,,,,,,,,
1971,Troll Female Tutorial,238,167,177,166,170,171,172,169,0,0,125,103,1,0,0,0,173,7,1,0,1,115,0,117,1,0,1,1,0,0,0,0,0,0,0,0,1419,0,0,0,0,0,0,0,115,,,,,,,,,,,,,,1,,,,,,,613,3242,,3313,6237,3240,3239,3241,79,3245,8,1,1,,135,,,,,,,,,,,,,,,,,,
1972,Norse Male Tutorial,239,186,1021,187,189,190,191,188,0,0,109,87,1,0,0,0,192,4,1,0,0,100,1,105,0,0,1,1,0,0,0,0,0,0,0,0,1419,0,0,0,0,0,0,0,100,,,,,,,,,,,,,,1,,,,,,,596,3276,,3341,3277,3280,3278,3279,79,3358,1,,1,,111,,,,,,,,,,,,,,,,,,
1973,Norse Female Tutorial,240,185,1021,187,189,190,191,188,0,0,109,82,1,0,0,0,196,4,1,0,1,100,1,96,0,0,1,1,0,0,0,0,0,0,0,0,1419,0,0,0,0,0,0,0,100,,,,,,,,,,,,,,1,,,,,,,597,3307,,3306,3277,3280,3278,3279,79,3305,2,,1,,106,,,,,,,,,,,,,,,,,,
1974,Kobold Male Tutorial,241,208,1029,206,220,210,211,209,0,0,70,63,1,0,0,0,219,5,2,0,0,100,0,155,3,0,1,1,0,0,0,0,0,0,0,0,1419,0,0,0,0,0,0,0,100,,,,,,,,,,,,,,1,,,,,,,600,3262,,3337,3263,3266,3264,3265,79,3260,5,1,1,1,73,,,,,,,,,,,,,,,,,,
1975,Kobold Female Tutorial,242,207,1024,206,220,210,211,209,0,0,70,63,1,0,0,0,212,5,1,0,1,100,0,155,3,0,1,1,0,0,0,0,0,0,0,0,1419,0,0,0,0,0,0,0,100,,,,,,,,,,,,,,1,,,,,,,601,3369,,3159,6235,3266,6230,3265,79,3160,6,1,1,1,75,,,,,,,,,,,,,,,,,,
1976,Dwarf Male Tutorial,243,229,1017,227,231,232,233,230,0,0,75,72,1,0,0,0,237,6,2,0,0,110,0,145,0,0,1,1,0,0,0,0,0,0,0,0,1419,0,0,0,0,0,0,0,110,,,,,,,,,,,,,,1,,,,,,,602,3269,,3324,3270,3273,3271,3272,79,3267,3,,,,80,,,,,,,,,,,,,,,,,,
1977,Dwarf Female Tutorial,244,228,1018,227,231,232,233,230,0,0,70,68,1,0,0,0,238,6,1,0,1,110,0,155,0,0,1,1,0,0,0,0,0,0,0,0,1419,0,0,0,0,0,0,0,110,,,,,,,,,,,,,,1,,,,,,,603,3374,,3318,3270,3273,3271,3272,79,3375,4,,,,74,,,,,,,,,,,,,,,,,,
1978,Valkyn Male Tutorial,351,1365,1030,1363,1367,1368,1369,1366,0,0,100,82,1,0,0,0,1379,15,2,0,0,115,1,102,2,0,1,1,0,0,0,0,0,0,0,0,1419,0,0,0,0,0,0,0,115,,,,,,,,,,,,,,1,,,,,,,583,3246,,3357,3250,3251,3249,3252,79,3247,9,1,1,,103,,,,,,,,,,,,,,,,,,
1979,Valkyn Female Tutorial,352,1364,1018,1363,1367,1368,1369,1366,0,0,100,82,1,0,0,0,1370,15,1,0,1,115,1,90,2,0,1,1,0,0,0,0,0,0,0,0,1419,0,0,0,0,0,0,0,115,,,,,,,,,,,,,,1,,,,,,,609,3359,,3351,6238,3251,3249,3252,79,3368,10,1,1,,97,,,,,,,,,,,,,,,,,,
1980,Frostalf Male Tutorial,464,1646,1016,1644,1648,1649,1650,1647,0,0,100,82,1,0,0,0,1662,17,2,0,0,98,0,88,0,0,1,1,0,0,0,0,0,0,0,0,1419,0,0,0,0,0,0,0,98,,,,,,,,,,,,,,1,,,,,,,586,3255,,3331,3256,3259,3257,3258,79,3253,11,,,,101,,,,,,,,,,,,,,,,,,
1981,Frostalf Female Tutorial,465,1645,1016,1644,1648,1649,1650,1647,0,0,100,80,1,0,0,0,1651,17,1,0,1,92,0,88,0,0,1,1,0,0,0,0,0,0,0,0,1419,0,0,0,0,0,0,0,92,,,,,,,,,,,,,,1,,,,,,,587,3367,,3325,3256,3259,3257,3258,79,3253,12,,,,96,,,,,,,,,,,,,,,,,,
1982,Firbolg Male Tutorial,254,263,1021,265,266,267,268,269,0,0,135,110,1,0,0,0,292,9,1,0,0,115,1,115,1,0,1,1,0,0,0,0,0,0,0,0,1419,0,0,0,0,0,0,0,115,,,,,,,,,,,,,,1,,,,,,,610,3759,,3766,3761,3765,3763,3764,79,,7,,1,,134,,,,,,,,,,,,,,,,,,
1983,Firbolg Female Tutorial,255,264,1022,265,266,267,268,269,0,0,130,107,1,0,0,0,297,9,1,0,1,115,1,117,0,0,1,1,0,0,0,0,0,0,0,0,1419,0,0,0,0,0,0,0,115,,,,,,,,,,,,,,1,,,,,,,611,3760,,3773,6232,3765,3763,3764,79,,8,,1,,131,,,,,,,,,,,,,,,,,,
1984,Celt Male Tutorial,250,277,1022,279,280,281,282,283,0,0,100,80,1,0,0,0,1011,8,2,0,0,100,1,107,0,0,1,1,0,0,0,0,0,0,0,0,1419,0,0,0,0,0,0,0,100,,,,,,,,,,,,,,1,,,,,,,614,3669,,3676,3232,3674,3672,3673,79,,1,1,1,,101,,,,,,,,,,,,6496,,,,,,
1985,Celt Female Tutorial,251,278,1025,279,280,281,282,283,0,0,100,80,1,0,0,0,1012,8,1,0,1,100,1,93,0,0,1,1,0,0,0,0,0,0,0,0,1419,0,0,0,0,0,0,0,100,,,,,,,,,,,,,,1,,,,,,,615,3670,,3681,6231,3674,3672,3673,79,,2,1,1,,96,,,,,,,,,,,,6501,,,,,,
1986,Lurikeen Male Tutorial,256,270,1022,272,273,274,275,209,0,0,65,55,1,0,0,0,287,10,2,0,0,100,1,130,1,0,1,1,0,0,0,0,0,0,0,0,1419,0,0,0,0,0,0,0,100,,,,,,,,,,,,,,1,,,,,,,598,3705,,3712,3707,3710,3708,3709,79,,5,,,,63,,,,,,,,,,,,6498,,,,,,
1987,Lurikeen Female Tutorial,257,271,1030,272,273,274,275,209,0,0,65,55,1,0,0,0,288,10,1,0,1,100,1,112,1,0,1,1,0,0,0,0,0,0,0,0,1419,0,0,0,0,0,0,0,100,,,,,,,,,,,,,,1,,,,,,,599,3706,,3717,3707,3710,3708,3709,79,,6,,,,63,,,,,,,,,,,,6500,,,,,,
1988,Elf Male Tutorial,252,256,1016,258,259,260,261,262,0,0,108,87,1,0,0,0,1003,11,2,0,0,100,0,95,0,0,1,1,0,0,0,0,0,0,0,0,1419,0,0,0,0,0,0,0,100,,,,,,,,,,,,,,1,,,,,,,592,3687,,3694,3689,3692,3690,3691,79,,3,,1,,113,,,,,,,,,,,,,,,,,,
1989,Elf Female Tutorial,253,257,1019,258,259,260,261,262,0,0,108,82,1,0,0,0,1004,11,1,0,1,100,0,85,0,0,1,1,0,0,0,0,0,0,0,0,1419,0,0,0,0,0,0,0,100,,,,,,,,,,,,,,1,,,,,,,593,3688,,3699,3689,3692,3690,3691,79,,4,,1,,111,,,,,,,,,,,,,,,,,,
1990,Sylvan Male Tutorial,346,1332,1341,1334,1335,1336,1337,1338,0,0,108,85,1,0,0,0,1329,14,2,0,0,100,0,100,2,0,1,1,0,0,0,0,0,0,0,0,1419,0,0,0,0,0,0,0,100,,,,,,,,,,,,,,1,,,,,,,616,3723,,3730,3725,3728,3726,3727,79,,9,1,1,,109,,,,,,,,,,,,,,,,,,
1991,Sylvan Female Tutorial,347,1333,1339,1334,1335,1336,1337,1338,0,0,108,80,1,0,0,0,1320,14,1,0,1,100,0,85,2,0,1,1,0,0,0,0,0,0,0,0,1419,0,0,0,0,0,0,0,100,,,,,,,,,,,,,,1,,,,,,,617,3724,,3735,6236,3728,3726,3727,79,,10,1,1,,108,,,,,,,,,,,,,,,,,,
1992,Shar Male Tutorial,490,1762,1755,1760,1764,1765,1766,1763,0,0,100,78,1,0,0,0,1778,18,2,0,0,97,0,95,0,0,1,1,0,0,0,0,0,0,0,0,1419,0,0,0,0,0,0,0,92,,,,,,,,,,,,,,1,,,,,,,588,3741,,3752,3743,3746,3744,3745,79,,11,1,1,,97,,,,,,,,,,,,6497,,,,,,
1993,Shar Female Tutorial,491,1761,1752,1760,1764,1765,1766,1763,0,0,100,76,1,0,0,0,1767,18,1,0,1,92,0,92,0,0,1,1,0,0,0,0,0,0,0,0,1419,0,0,0,0,0,0,0,92,,,,,,,,,,,,,,1,,,,,,,589,3742,,3753,6258,3746,3744,3745,79,,12,1,1,,94,,,,,,,,,,,,6497,,,,,,
1994,Celt Male Tutorial Vampiir,250,277,1022,279,280,281,282,283,0,0,100,80,1,0,0,0,1011,8,2,0,0,100,1,107,0,0,1,1,0,0,0,0,0,0,0,0,0,0,0,0,0,0,0,0,100,,,,,,,,,,,,,,1,,,,,,,614,3669,,3676,3671,3674,3672,3673,79,,1,1,,,101,,,,,,,0,6496,273,1,,,,,,,,
1995,Celt Female Tutorial Vampiir,251,278,1025,279,280,281,282,283,0,0,100,80,1,0,0,0,1012,8,1,0,1,100,1,93,0,0,1,1,0,0,0,0,0,0,0,0,0,0,0,0,0,0,0,0,100,,,,,,,,,,,,,,1,,,,,,,615,3670,,3681,3671,3674,3672,3673,79,,2,1,,,96,,,,,,,0,6501,273,1,,,,,,,,
1996,Lurikeen Male Tutorial Vampiir,256,270,1022,272,273,274,275,209,0,0,65,55,1,0,0,0,287,10,2,0,0,100,1,130,1,0,1,1,0,0,0,0,0,0,0,0,0,0,0,0,0,0,0,0,100,,,,,,,,,,,,,,1,,,,,,,598,3705,,3712,3707,3710,3708,3709,79,,5,,,,63,,,,,,,0,6498,273,1,,,,,,,,
1997,Lurikeen Female Tutorial Vampiir,257,271,1030,272,273,274,275,209,0,0,65,55,1,0,0,0,288,10,1,0,1,100,1,112,1,0,1,1,0,0,0,0,0,0,0,0,0,0,0,0,0,0,0,0,100,,,,,,,,,,,,,,1,,,,,,,599,3706,,3717,3707,3710,3708,3709,79,,6,,,,63,,,,,,,0,6500,273,1,,,,,,,,
1998,Shar Male Tutorial Vampiir,490,1762,1755,1760,1764,1765,1766,1763,0,0,100,78,1,0,0,0,1778,18,2,0,1,97,0,95,0,0,1,1,0,0,0,0,0,0,0,0,0,0,0,0,0,0,0,0,92,,,,,,,,,,,,,,1,,,,,,,588,3741,,3752,3743,3746,3744,3745,79,,11,1,,,97,,,,,,,0,6496,273,1,,,,,,,,
1999,Shar Female Tutorial Vampiir,491,1761,1752,1760,1764,1765,1766,1763,0,0,100,76,1,0,0,0,1767,18,1,0,1,92,0,92,0,0,1,1,0,0,0,0,0,0,0,0,0,0,0,0,0,0,0,0,92,,,,,,,,,,,,,,1,,,,,,,589,3742,,3753,3743,3746,3744,3745,79,,12,1,,,94,,,,,,,0,6496,273,1,,,,,,,,
2000,Fire Effect,399,0,0,0,0,0,0,0,0,0,100,40,0,0,0,0,0,0,0,0,0,0,0,0,0,0,0,0,0,0,0,0,0,0,0,0,0,0,103,0,0,0,0,0,0,,,,,,,,,,,,,,0,,,,,,,,,,,,,,,,,,,,,,,,,,,,,,,,,,,,,,,
2001,puppy dark,549,1090,0,0,0,0,0,0,0,0,100,65,0,0,0,0,0,0,0,0,0,0,0,0,0,0,0,0,0,0,0,0,0,0,0,0,0,0,0,0,0,0,0,0,0,,,,,,,,,,,,,,,,,,,,,,,,,,,,,,,,,,,,,,,,,,,,,,,,,,,,,
2002,puppy blonde,549,1090,0,0,0,0,0,0,0,0,100,65,0,0,0,0,0,0,0,0,0,0,0,0,0,0,0,0,0,0,0,0,0,0,0,0,0,0,0,0,0,0,0,0,0,,,,,,,,,,,,,,,,,,,,,,,,,,,,,,,,,,,,,,,,,,,,,,,,,,,,,
2003,puppy brown,549,1090,0,0,0,0,0,0,0,0,100,65,0,0,0,0,0,0,0,0,0,0,0,0,0,0,0,0,0,0,0,0,0,0,0,0,0,0,0,0,0,0,0,0,0,,,,,,,,,,,,,,,,,,,,,,,,,,,,,,,,,,,,,,,,,,,,,,,,,,,,,
2009,Tutorial Fighting Dummy 2,713,6572,0,0,0,0,0,0,0,0,100,80,1,0,0,0,0,0,0,0,0,0,0,0,0,0,0,0,0,0,0,0,0,0,0,0,0,2,0,0,0,0,0,0,0,,,,,,,,,,,,,,,,,,,,,,,,,,,,,,,,,,,,,,,,,,,,,,,,,,,,,
2010,Tutorial Fighting Dummy 3,714,6572,0,0,0,0,0,0,0,0,100,80,1,0,0,0,0,0,0,0,0,0,0,0,0,0,0,0,0,0,0,0,0,0,0,0,0,2,0,0,0,0,0,0,0,,,,,,,,,,,,,,,,,,,,,,,,,,,,,,,,,,,,,,,,,,,,,,,,,,,,,
2011,Tutorial Fighting Dummy 4,715,6572,0,0,0,0,0,0,0,0,100,80,1,0,0,0,0,0,0,0,0,0,0,0,0,0,0,0,0,0,0,0,0,0,0,0,0,2,0,0,0,0,0,0,0,,,,,,,,,,,,,,,,,,,,,,,,,,,,,,,,,,,,,,,,,,,,,,,,,,,,,
2012,Tutorial Fighting Dummy 5,716,6572,0,0,0,0,0,0,0,0,100,80,1,0,0,0,0,0,0,0,0,0,0,0,0,0,0,0,0,0,0,0,0,0,0,0,0,2,0,0,0,0,0,0,0,,,,,,,,,,,,,,,,,,,,,,,,,,,,,,,,,,,,,,,,,,,,,,,,,,,,,
2013,Norse Smith,726,186,1021,187,189,190,191,188,0,0,109,87,1,19,0,0,192,4,1,0,0,100,1,105,0,0,1,1,0,0,0,0,0,0,0,0,0,0,0,0,0,0,0,0,100,,,,,,,,,,,,,,1,,,,,,,,,,,,,,,,,,,,,,,,,,,,,,,,,,,,,,,
2014,Briton Smith,725,1,1022,3,5,6,4,7,79,0,100,80,1,8,0,0,8,1,1,0,0,100,0,102,0,0,1,1,0,0,0,0,0,0,0,0,0,0,0,0,0,0,0,0,100,,,,,,,,,,,,,,1,,,,,,,,,,,,,,,,,,,,,,,,,,,,,,,,,,,,,,,
2015,Celt Smith,727,277,1021,279,280,281,282,283,0,0,100,80,1,8,0,0,1008,0,1,0,0,100,0,107,0,0,1,1,0,0,0,0,0,0,0,0,0,0,0,0,0,0,0,0,100,,,,,,,,,,,,,,1,,,,,,,,,,,,,,,,,,,,,,,,,,,,,,,,,,,,,,,
2016,Norse Lumber Jack,729,186,1021,187,189,190,191,188,0,0,109,87,1,19,0,0,192,4,1,0,0,100,1,105,0,0,1,1,0,0,0,0,0,0,0,0,0,0,0,0,0,0,0,0,100,,,,,,,,,,,,,,1,,,,,,,,,,,,,,,,,,,,,,,,,,,,,,,,,,,,,,,
2017,Briton Lumber Jack,728,1,1022,3,5,6,4,7,79,0,100,80,1,8,0,0,8,1,1,0,0,100,0,102,0,0,1,1,0,0,0,0,0,0,0,0,0,0,0,0,0,0,0,0,100,,,,,,,,,,,,,,1,,,,,,,,,,,,,,,,,,,,,,,,,,,,,,,,,,,,,,,
2018,Celt Lumber Jack,730,277,1021,279,280,281,282,283,0,0,100,80,1,8,0,0,1008,8,1,0,0,100,1,107,0,0,1,1,0,0,0,0,0,0,0,0,0,0,0,0,0,0,0,0,100,,,,,,,,,,,,,,1,,,,,,,,,,,,,,,,,,,,,,,,,,,,,,,,,,,,,,,
2020,Buzzing Flies,399,0,0,0,0,0,0,0,0,0,100,40,0,0,0,0,0,0,0,0,0,0,0,0,0,0,0,0,0,0,0,0,0,0,0,0,0,0,104,0,0,0,0,0,0,,,,,,,,,,,,,,0,,,,,,,,,,,,,,,,,,,,,,,,,,,,,,,,,,,,,,,
2021,Swarm of Buzzing Flies,399,0,0,0,0,0,0,0,0,0,100,40,0,0,0,0,0,0,0,0,0,0,0,0,0,0,0,0,0,0,0,0,0,0,0,0,0,0,105,0,0,0,0,0,0,,,,,,,,,,,,,,0,,,,,,,,,,,,,,,,,,,,,,,,,,,,,,,,,,,,,,,
2022,Avalonian Male,217,49,1017,51,53,54,52,55,79,0,112,89,1,0,0,0,59,3,1,0,0,98,0,93,0,0,1,1,0,0,0,0,0,0,0,0,0,0,0,0,0,0,0,0,98,,,,,,,,,,,,,,1,,,,,,,,,,,,,,,,,,,,,,,,,,,,,,,,,,,,,,,
2023,Avalonian Female,218,50,1019,51,53,54,52,55,79,0,112,87,1,0,0,0,60,3,1,0,1,92,0,90,3,0,1,1,0,0,0,0,0,0,0,0,0,0,0,0,0,0,0,0,92,,,,,,,,,,,,,,1,,,,,,,,,,,,,,,,,,,,,,,,,,,,,,,,,,,,,,,
2024,Tutorial Vendo Man,290,1161,0,0,0,0,0,0,0,0,140,110,1,0,0,0,0,0,0,0,0,115,0,0,0,0,0,0,0,0,0,0,0,0,0,0,0,0,0,0,0,0,0,0,115,,,,,,,,,,,,,,1,,,,,,,,,,,,,,,,,,,,,,,,,,,,,,,,,,,,,,,
2025,Tutorial Stag Man,291,1162,0,0,0,0,0,0,0,0,140,120,1,0,0,0,0,0,0,0,0,115,0,0,0,0,0,0,0,0,0,0,0,0,0,0,0,0,0,0,0,0,0,0,115,,,,,,,,,,,,,,1,,,,,,,,,,,,,,,,,,,,,,,,,,,,,,,,,,,,,,,
2026,Alt Blue Cabalist Pet (Repeated),245,245,0,0,0,0,0,0,0,0,100,80,1,3,0,0,0,0,0,0,0,0,0,0,0,242,0,0,0,0,0,0,0,0,0,0,0,0,0,0,0,0,0,0,0,,,,,,,,,,,,,,1,,,,,,,,,,,,,,,,,,,,,,,,,,,,,,,,,,,,,,,
2027,Horse Caravan 1,724,1048,6586,0,0,0,0,0,0,0,100,85,1,41,0,0,0,0,0,1,0,0,0,0,0,0,0,0,0,0,0,0,0,0,0,0,0,0,0,0,0,0,0,0,0,,,,,,,,,,,,,,,,,,,,,,,,,,,,,,,,,,,,,,,,,,,,,,,,,,,,,
2028,Horse Caravan 2,724,1078,6586,0,0,0,0,0,0,0,100,85,1,41,0,0,0,0,0,1,0,0,0,0,0,0,0,0,0,0,0,0,0,0,0,0,0,0,0,0,0,0,0,0,0,,,,,,,,,,,,,,,,,,,,,,,,,,,,,,,,,,,,,,,,,,,,,,,,,,,,,
2029,Horse Caravan 3,724,1079,6586,0,0,0,0,0,0,0,100,85,1,41,0,0,0,0,0,1,0,0,0,0,0,0,0,0,0,0,0,0,0,0,0,0,0,0,0,0,0,0,0,0,0,,,,,,,,,,,,,,,,,,,,,,,,,,,,,,,,,,,,,,,,,,,,,,,,,,,,,
2030,Horse Caravan 4,724,1080,6586,0,0,0,0,0,0,0,100,85,1,41,0,0,0,0,0,1,0,0,0,0,0,0,0,0,0,0,0,0,0,0,0,0,0,0,0,0,0,0,0,0,0,,,,,,,,,,,,,,,,,,,,,,,,,,,,,,,,,,,,,,,,,,,,,,,,,,,,,
2031,Horse Caravan 5,724,1081,6586,0,0,0,0,0,0,0,100,85,1,41,0,0,0,0,0,1,0,0,0,0,0,0,0,0,0,0,0,0,0,0,0,0,0,0,0,0,0,0,0,0,0,,,,,,,,,,,,,,,,,,,,,,,,,,,,,,,,,,,,,,,,,,,,,,,,,,,,,
2032,Mini Vendo Man Form,290,1161,0,0,0,0,0,0,0,0,85,110,1,33,0,0,0,0,0,0,0,115,0,0,0,0,1,1,0,0,0,0,0,0,0,0,0,0,0,0,0,0,0,0,115,,,,,,,,,,,,,,,1,,,,,,,,,,,,,,,,,,,,,,,,,,,,,,,,,,,,,,
2033,Standard - Player Mount,784,6726,0,0,0,0,0,0,79,0,100,85,1,41,0,0,0,0,0,0,0,0,0,0,0,0,1,0,0,0,0,0,0,0,0,0,0,0,0,0,0,0,0,0,0,,,,,,,,,,,,,,0,,,,,,,,,,,,,,,,,,,,,,,,,,,,,,,,,,,,,,,
2034,Nightmare - Player Mount,784,6726,0,0,0,0,0,0,0,0,100,85,1,41,0,0,0,0,0,0,0,0,0,0,0,0,0,0,0,0,0,0,0,0,0,0,0,0,115,0,0,0,0,0,0,,,,,,,,,,,,,,,,,,,,,,,,,,,,,,,,,,,,,,,,,,,,,,,,,,,,,
2035,Heavy - Player Mount,784,6726,0,0,0,0,0,0,0,0,100,85,1,41,0,0,0,0,0,0,0,0,0,0,0,0,0,0,0,0,0,0,0,0,0,0,0,0,0,0,0,0,0,0,0,,,,,,,,,,,,,,,,,,,,,,,,,,,,,,,,,,,,,,,,,,,,,,,,,,,,,
2036,Undead - Player Mount,784,6726,0,0,0,0,0,0,0,0,100,85,1,41,0,0,0,0,0,0,0,0,0,0,0,0,0,0,0,0,0,0,0,0,0,0,0,0,117,0,0,0,0,0,0,,,,,,,,,,,,,,,,,,,,,,,,,,,,,,,,,,,,,,,,,,,,,,,,,,,,,
2037,Unicorn -Player Mount,784,6726,0,0,0,0,0,0,0,0,100,85,1,41,0,0,0,0,0,0,0,0,0,0,0,0,0,0,0,0,0,0,0,0,0,0,0,0,0,0,0,0,0,0,0,,,,,,,,,,,,,,,,,,,,,,,,,,,,,,,,,,,,,,,,,,,,,,,,,,,,,
2038,DF Evil Pixie 1,295,1231,0,0,0,0,0,0,0,0,25,40,1,58,0,0,0,0,0,0,0,0,0,0,0,0,0,0,0,0,50,62,0,0,0,0,1419,0,0,0,0,0,0,0,0,,,,,,,,,,,,,,1,,,,,,,,,,,,,,,,,,,,,,,,,,,,,,,,,,,,,,,
2039,DF Evil Pixie 2,295,1231,0,0,0,0,0,0,0,0,25,40,1,58,0,0,0,0,0,0,0,0,0,0,0,0,0,0,0,0,50,62,0,0,0,0,1419,0,0,0,0,0,0,0,0,,,,,,,,,,,,,,1,,,,,,,,,,,,,,,,,,,,,,,,,,,,,,,,,,,,,,,
2040,Winged Demon Alt,297,1187,0,0,0,0,0,0,0,0,100,100,1,44,0,0,0,0,0,0,0,0,0,0,0,0,0,0,0,0,0,0,140,0,0,0,1419,0,0,0,0,0,0,0,0,,,,,,,,,,,,,,0,,,,,,,,,,,,,,,,,,,,,,,,,,,,,,,,,,,,,,,
2041,Alt Gold Imp Fly,298,1241,0,0,0,0,0,0,0,0,50,60,1,46,0,0,0,0,0,0,0,0,0,0,0,0,0,0,0,0,0,0,75,0,0,0,1419,2,0,0,0,0,0,0,0,,,,,,,,,,,,,,1,,,,,,,,,,,,,,,,,,,,,,,,,,,,,,,,,,,,,,,
2042,Alt Imp Perch,298,1241,0,0,0,0,0,0,0,0,50,60,1,46,0,0,0,0,0,0,0,0,0,0,0,0,0,0,0,0,0,0,75,0,0,0,1419,2,0,0,0,0,0,0,0,,,,,,,,,,,,,,1,,,,,,,,,,,,,,,,,,,,,,,,,,,,,,,,,,,,,,,
2043,Alt Red Imp Fly,298,1242,0,0,0,0,0,0,0,0,50,60,1,46,0,0,0,0,0,0,0,0,0,0,0,0,0,0,0,0,0,0,75,0,0,0,1419,0,0,0,0,0,0,0,0,,,,,,,,,,,,,,1,,,,,,,,,,,,,,,,,,,,,,,,,,,,,,,,,,,,,,,
2044,Epic Storm - Player Mount,784,6726,0,0,0,0,0,0,0,0,100,85,1,41,0,0,0,0,0,0,0,0,0,0,0,0,0,0,0,0,0,0,0,0,0,0,0,0,124,0,0,0,0,0,0,,,,,,,,,,,,,,,,,,,,,,,,,,,,,,,,,,,,,,,,,,,,,,,,,,,,,
2045,Celt Male Vampiir (always flying),250,277,1022,279,280,281,282,283,0,0,100,80,1,8,0,0,1011,8,2,0,0,100,1,107,0,0,1,1,0,0,0,0,0,0,0,0,0,0,0,0,0,0,0,0,100,,,,,,,,,,,,,,1,,,,,,,,,,,,,,,,,,,,,,,,,,,,,,,,,,,,,,,
2046,Flying Skeleton,407,1511,0,0,0,0,0,0,0,0,100,75,1,32,0,0,0,0,0,0,0,0,0,93,0,0,1,1,0,0,0,0,0,0,0,0,1419,0,0,0,0,0,0,0,0,,,,,,,,,,,,,,1,1, ,,,,,,,,,,,,,,,,,,,,,,,,,,,,,,,,,,,,,
2047,Sea Horse - Player Mount,784,6726,0,0,0,0,0,0,0,0,100,85,1,41,0,0,0,0,0,0,0,0,0,0,0,0,0,0,0,0,0,0,0,0,0,0,0,0,0,0,0,0,0,0,0,,,,,,,,,,,,,,,,,,,,,,,,,,,,,,,,,,,,,,,,,,,,,,,,,,,,,
2048,Demon Seal Monster,748,6638,0,0,0,0,0,0,0,0,100,40,0,0,0,0,0,0,0,0,0,0,0,0,0,0,0,0,0,0,0,0,0,0,0,0,0,0,0,0,0,0,0,0,0,,,,,,,,,,,,,,0,,,,,,,,,,,,,,,,,,,,,,,,,,,,,,,,,,,,,,,
2049,Mid Lighting Attack,399,0,0,0,0,0,0,0,0,0,100,95,1,112,0,0,0,0,0,1,0,0,0,0,0,0,0,0,0,0,75,75,0,0,0,0,0,0,106,0,0,0,0,0,0,,,,,,,,,,,,,,,,,,,,,,,,,,,,,,,,,,,,,,,,,,,,,,,,,,,,,
2054,Poison Elemental,399,0,0,0,0,0,0,0,0,0,100,95,1,137,0,0,0,0,0,1,0,0,0,0,0,0,0,0,0,0,75,75,0,0,0,0,0,0,110,0,0,0,0,0,0,,,,,,,,,,,,,,,,,,,,,,,,,,,,,,,,,,,,,,,,,,,,,,,,,,,,,
2055,Pulsating Darkness,399,0,0,0,0,0,0,0,0,0,100,95,1,137,0,0,0,0,0,1,0,0,0,0,0,0,0,0,0,0,75,75,0,0,0,0,0,0,111,0,0,0,0,0,0,,,,,,,,,,,,,,,,,,,,,,,,,,,,,,,,,,,,,,,,,,,,,,,,,,,,,
2056,Brown Unicorn No Saddle - Monster,285,1078,0,0,0,0,0,0,0,0,100,85,1,41,0,0,0,0,0,0,0,0,0,0,0,0,0,0,0,0,0,0,0,0,0,0,1419,0,0,0,0,0,0,0,0,,,,,,,,,,,,,,,,,,,,,,,,,,,,,,,,,,,,,,,,,,,,,,,,,,,,,
2057,Valk White Warhorse - w/Hvy Magical Mid,784,6726,0,0,0,0,0,0,79,0,110,85,1,41,0,0,0,0,0,0,0,0,0,0,0,0,1,0,0,0,0,0,0,0,0,0,0,0,0,0,0,0,0,0,0,,,,,,,,,,,,,,0,,,,,,,,,,,,,,,,,,,,,,,,,,,,,,,,,,,,,,,
2058,Clockwork - Player Mount,784,6726,0,0,0,0,0,0,0,0,100,85,1,41,0,0,0,0,0,0,0,0,0,0,0,0,0,0,0,0,0,0,0,0,0,0,0,0,0,0,0,0,0,0,0,,,,,,,,,,,,,,,,,,,,,,,,,,,,,,,,,,,,,,,,,,,,,,,,,,,,,
2059,Gemstone  - Player Mounth,784,6726,0,0,0,0,0,0,0,0,100,85,1,41,0,0,0,0,0,0,0,0,0,0,0,0,0,0,0,0,0,0,0,0,0,0,0,0,0,0,0,0,0,0,0,,,,,,,,,,,,,,,,,,,,,,,,,,,,,,,,,,,,,,,,,,,,,,,,,,,,,
2060,Dead Celt Female,251,278,1025,279,280,281,282,283,0,0,100,80,1,11,0,0,1012,0,1,0,1,100,0,93,0,0,1,1,0,1,0,0,0,0,0,0,1419,0,0,0,0,0,0,0,100,,,,,,,,,,,,,,1,,,,,,,,,,,,,,,,,,,,,,,,,,,,,,,,,,,,,,,
2061,Dead Briton Female,209,115,1022,116,117,118,119,120,0,0,100,30,1,11,0,0,3656,0,1,0,1,96,0,94,0,0,1,1,0,1,0,0,0,0,0,0,1419,0,0,0,0,0,0,0,96,,,,,,,,,,,,,,1,,,,,,,,,,,,,,,,,,,,,,,,,,,,,,,,,,,,,,,
2062,Dead Kobold Female,242,207,1021,206,220,210,211,209,0,0,70,30,1,28,0,0,212,0,1,0,1,125,0,155,3,0,1,1,0,1,0,0,0,0,0,0,1419,0,0,0,0,0,0,0,125,,,,,,,,,,,,,,1,,,,,,,,,,,,,,,,,,,,,,,,,,,,,,,,,,,,,,,
2063,Dead Elf Female,253,257,1028,258,259,260,261,262,0,0,108,30,1,23,0,0,1004,0,1,0,1,100,0,85,0,0,1,1,0,1,0,0,0,0,0,0,1419,0,0,0,0,0,0,0,100,,,,,,,,,,,,,,1,,,,,,,,,,,,,,,,,,,,,,,,,,,,,,,,,,,,,,,
2064,Dead Norse Female,240,185,1021,187,189,190,191,188,0,0,109,30,1,12,0,0,196,0,1,0,1,96,1,96,0,0,1,1,0,1,0,0,0,0,0,0,1419,0,0,0,0,0,0,0,96,,,,,,,,,,,,,,1,,,,,,,,,,,,,,,,,,,,,,,,,,,,,,,,,,,,,,,
2065,Dead High Female,211,115,1021,116,117,20,119,120,0,0,109,30,1,10,1,0,3606,0,1,0,1,96,0,95,0,0,1,1,0,1,0,0,0,0,0,0,1419,0,0,0,0,0,0,0,96,,,,,,,,,,,,,,1,,,,,,,,,,,,,,,,,,,,,,,,,,,,,,,,,,,,,,,
2066,Dead Avalonian Female,218,50,1019,51,53,54,52,55,79,0,112,30,1,12,0,0,1112,3,1,0,1,92,0,90,3,0,1,1,0,1,0,0,0,0,0,0,1419,0,0,0,0,0,0,0,92,,,,,,,,,,,,,,1,,,,,,,,,,,,,,,,,,,,,,,,,,,,,,,,,,,,,,,
2074,Demon Gate,399,0,0,0,0,0,0,0,0,0,100,95,1,112,0,0,0,0,0,1,0,0,0,0,0,0,0,0,0,0,-10,-10,0,0,0,0,1419,0,71,0,0,0,0,0,0,,,,,,,,,,,,,,0,,,,,,,,,,,,,,,,,,,,,,,,,,,,,,,,,,,,,,,
2075,On Stomach Legless Zombie 2 (legion skin),410,1510,0,0,0,0,0,0,0,0,100,70,1,16,0,0,0,0,0,0,0,0,0,0,0,0,0,0,0,0,0,0,0,0,0,0,1419,0,0,0,0,0,0,0,0, ,,,,,,,,,,,,,,,,,,,,,,,,,,,,,,,,,,,,,,,,,,,,,,,,,,,,
2076,KneelingMale,206,1,1022,3,5,6,4,7,79,0,100,80,1,8,0,0,8,1,1,0,0,100,0,102,0,0,1,1,0,0,0,0,0,0,0,0,1419,0,0,0,0,0,0,0,100,,,,,,,,,,,,,,1, ,,,,,,,,,,,,,,,,,,,,,,,,,,,,,,,,,,,,,,
2077,KneelingFemale,209,2,1020,3,5,6,4,7,79,0,100,78,1,11,0,0,12,1,1,0,1,96,0,94,0,0,1,1,0,0,0,0,0,0,0,0,1419,0,0,0,0,0,0,0,96,,,,,,,,,,,,,,1, ,,,,,,,,,,,,,,,,,,,,,,,,,,,,,,,,,,,,,,
2078,Bri Male Vampiir,206,1,1022,3,5,6,4,7,79,0,100,80,1,8,0,0,8,1,1,0,0,100,0,102,0,0,1,1,0,0,0,0,0,0,0,0,1419,0,0,0,0,0,0,0,100,,,,,,,,,,,,,,1,,,,,,,,,,,,,,,,,,,,,,,,,,,,,,,,,,,,,,,
2079,Briton Female Vampiir,209,2,1020,3,5,6,4,7,79,0,100,78,1,11,0,0,12,1,1,0,1,96,0,94,0,0,1,1,0,0,0,0,0,0,0,0,1419,0,0,0,0,0,0,0,96,,,,,,,,,,,,,,1,,,,,,,,,,,,,,,,,,,,,,,,,,,,,,,,,,,,,,,
2080,High Male Vampiir,210,16,1020,18,19,20,21,22,79,0,109,88,1,7,1,0,27,2,1,0,0,102,0,100,0,0,1,1,0,0,0,0,0,0,0,0,1419,0,0,0,0,0,0,0,102,,,,,,,,,,,,,,1,,,,,,,,,,,,,,,,,,,,,,,,,,,,,,,,,,,,,,,
2081,High Female Vampiir,211,17,1025,18,19,20,21,22,79,0,109,83,1,10,1,0,28,2,1,0,1,96,0,95,0,0,1,1,0,0,0,0,0,0,0,0,1419,0,0,0,0,0,0,0,96,,,,,,,,,,,,,,1,,,,,,,,,,,,,,,,,,,,,,,,,,,,,,,,,,,,,,,
2082,Saracen Male Vampiir,213,32,1042,34,35,36,37,38,79,0,100,80,1,8,1,1,39,13,2,0,0,100,0,103,1,0,1,1,0,0,0,0,0,0,0,0,1419,0,0,0,0,0,0,0,100,,,,,,,,,,,,,,1,,,,,,,,,,,,,,,,,,,,,,,,,,,,,,,,,,,,,,,
2083,Saracen Female Vampiir,214,33,1046,34,35,36,37,38,79,0,100,78,1,11,1,1,44,13,2,0,1,96,0,98,2,0,1,1,0,0,0,0,0,0,0,0,1419,0,0,0,0,0,0,0,96,,,,,,,,,,,,,,1,,,,,,,,,,,,,,,,,,,,,,,,,,,,,,,,,,,,,,,
2084,Avalonian Male Vampiir,217,49,1019,51,53,54,52,55,79,0,112,89,1,9,0,0,56,3,1,0,0,98,0,93,0,0,1,1,0,0,0,0,0,0,0,0,1419,0,0,0,0,0,0,0,98,,,,,,,,,,,,,,1,,,,,,,,,,,,,,,,,,,,,,,,,,,,,,,,,,,,,,,
2085,Avalonian Female Vampiir,218,50,1019,51,53,54,52,55,79,0,112,87,1,12,0,0,60,3,1,0,1,92,0,90,3,0,1,1,0,0,0,0,0,0,0,0,1419,0,0,0,0,0,0,0,92,,,,,,,,,,,,,,1,,,,,,,,,,,,,,,,,,,,,,,,,,,,,,,,,,,,,,,
2086,Troll Male Vampiir,237,165,180,166,170,171,172,169,0,0,130,110,1,26,0,0,184,7,2,0,0,115,0,125,1,0,1,1,0,0,0,0,0,0,0,0,1419,0,0,0,0,0,0,0,115,,,,,,,,,,,,,,1,,,,,,,,,,,,,,,,,,,,,,,,,,,,,,,,,,,,,,,
2087,Troll Female Vampiir,238,167,177,166,170,171,172,169,0,0,125,103,1,21,0,0,173,7,1,0,1,115,0,117,1,0,1,1,0,0,0,0,0,0,0,0,1419,0,0,0,0,0,0,0,115,,,,,,,,,,,,,,1,,,,,,,,,,,,,,,,,,,,,,,,,,,,,,,,,,,,,,,
2088,Norse Male Vampiir,239,186,1021,187,189,190,191,188,0,0,109,87,1,19,0,0,192,4,1,0,0,100,1,105,0,0,1,1,0,0,0,0,0,0,0,0,1419,0,0,0,0,0,0,0,100,,,,,,,,,,,,,,1,,,,,,,,,,,,,,,,,,,,,,,,,,,,,,,,,,,,,,,
2089,Norse Female Vampiir,240,185,1021,187,189,190,191,188,0,0,109,82,1,12,0,0,196,4,1,0,1,100,1,96,0,0,1,1,0,0,0,0,0,0,0,0,1419,0,0,0,0,0,0,0,100,,,,,,,,,,,,,,1,,,,,,,,,,,,,,,,,,,,,,,,,,,,,,,,,,,,,,,
2090,Kobold Male Vampiir,241,208,1029,206,220,210,211,209,0,0,70,63,1,27,0,0,219,5,2,0,0,100,0,155,3,0,1,1,0,0,0,0,0,0,0,0,1419,0,0,0,0,0,0,0,100,,,,,,,,,,,,,,1,,,,,,,,,,,,,,,,,,,,,,,,,,,,,,,,,,,,,,,
2091,Kobold Female Vampiir,242,207,1024,206,220,210,211,209,0,0,70,63,1,28,0,0,212,5,1,0,1,100,0,155,3,0,1,1,0,0,0,0,0,0,0,0,1419,0,0,0,0,0,0,0,100,,,,,,,,,,,,,,1,,,,,,,,,,,,,,,,,,,,,,,,,,,,,,,,,,,,,,,
2092,Dwarf Male Vampiir,243,229,1017,227,231,232,233,230,0,0,75,72,1,22,0,0,237,6,2,0,0,110,0,145,0,0,1,1,0,0,0,0,0,0,0,0,1419,0,0,0,0,0,0,0,110,,,,,,,,,,,,,,1,,,,,,,,,,,,,,,,,,,,,,,,,,,,,,,,,,,,,,,
2093,Dwarf Female Vampiir,244,228,1018,227,231,232,233,230,0,0,70,68,1,23,0,0,238,6,1,0,1,110,0,155,0,0,1,1,0,0,0,0,0,0,0,0,1419,0,0,0,0,0,0,0,110,,,,,,,,,,,,,,1,,,,,,,,,,,,,,,,,,,,,,,,,,,,,,,,,,,,,,,
2094,Elf Male Vampiir,252,256,1016,258,259,260,261,262,0,0,108,87,1,22,0,0,1003,11,2,0,0,100,0,95,0,0,1,1,0,0,0,0,0,0,0,0,1419,0,0,0,0,0,0,0,100,,,,,,,,,,,,,,1,,,,,,,,,,,,,,,,,,,,,,,,,,,,,,,,,,,,,,,
2095,Elf Female Vampiir,253,257,1019,258,259,260,261,262,0,0,108,82,1,23,0,0,1004,11,1,0,1,100,0,85,0,0,1,1,0,0,0,0,0,0,0,0,1419,0,0,0,0,0,0,0,100,,,,,,,,,,,,,,1,,,,,,,,,,,,,,,,,,,,,,,,,,,,,,,,,,,,,,,
2096,Firbolg Male Vampiir,254,263,1029,265,266,267,268,269,0,0,135,110,1,7,0,0,295,9,2,0,0,115,1,115,1,0,1,1,0,0,0,0,0,0,0,0,1419,0,0,0,0,0,0,0,115,,,,,,,,,,,,,,1,,,,,,,,,,,,,,,,,,,,,,,,,,,,,,,,,,,,,,,
2097,Firbolg Female Vampiir,255,264,1021,265,266,267,268,269,0,0,130,107,1,10,0,0,296,9,1,0,1,115,1,117,0,0,1,1,0,0,0,0,0,0,0,0,1419,0,0,0,0,0,0,0,115,,,,,,,,,,,,,,1,,,,,,,,,,,,,,,,,,,,,,,,,,,,,,,,,,,,,,,
2098,Albion Old Man Vampiir,420,1,1016,3,5,6,4,7,79,0,100,80,1,8,0,0,1536,0,2,0,0,100,0,102,0,0,1,1,0,0,0,0,0,0,0,0,1419,0,0,0,0,0,0,0,100,,,,,,,,,,,,,,1,,,,,,,,,,,,,,,,,,,,,,,,,,,,,,,,,,,,,,,
2099,Albion Old Woman Vampiir,421,2,1016,3,5,6,4,7,79,0,100,75,1,38,0,0,1537,0,1,0,1,96,0,94,0,0,1,1,0,0,0,0,0,0,0,0,1419,0,0,0,0,0,0,0,96,,,,,,,,,,,,,,1,,,,,,,,,,,,,,,,,,,,,,,,,,,,,,,,,,,,,,,
2100,Hibernian Old Man Vampiir,422,277,1016,279,280,281,282,283,0,0,100,75,1,8,0,0,1538,0,2,0,0,100,1,107,0,0,1,1,0,0,0,0,0,0,0,0,1419,0,0,0,0,0,0,0,100,,,,,,,,,,,,,,1,,,,,,,,,,,,,,,,,,,,,,,,,,,,,,,,,,,,,,,
2101,Hibernian Old Woman Vampiir,423,278,1016,279,280,281,282,283,0,0,100,75,1,38,0,0,1539,0,2,0,1,100,1,93,0,0,1,1,0,0,0,0,0,0,0,0,1419,0,0,0,0,0,0,0,100,,,,,,,,,,,,,,1,,,,,,,,,,,,,,,,,,,,,,,,,,,,,,,,,,,,,,,
2102,Norse Old Man Vampiir,424,186,1016,187,189,190,191,188,0,0,109,85,1,19,0,0,1540,0,1,0,0,100,1,105,0,0,1,1,0,0,0,0,0,0,0,0,1419,0,0,0,0,0,0,0,100,,,,,,,,,,,,,,1,,,,,,,,,,,,,,,,,,,,,,,,,,,,,,,,,,,,,,,
2103,Norse Old Woman Vampiir,425,185,1016,187,189,190,191,188,0,0,109,80,1,38,0,0,1541,0,2,0,1,100,1,96,0,0,1,1,0,0,0,0,0,0,0,0,1419,0,0,0,0,0,0,0,100,,,,,,,,,,,,,,1,,,,,,,,,,,,,,,,,,,,,,,,,,,,,,,,,,,,,,,
2104,Albion Old Man Vampiir,420,1,1028,3,5,6,4,7,79,0,100,80,1,8,0,0,1536,0,2,0,0,100,0,102,0,0,1,1,0,0,0,0,0,0,0,0,1419,0,0,0,0,0,0,0,100,,,,,,,,,,,,,,1,,,,,,,,,,,,,,,,,,,,,,,,,,,,,,,,,,,,,,,
2105,Albion Old Woman Vampiir,421,2,1028,3,5,6,4,7,79,0,100,75,1,38,0,0,1537,0,1,0,1,96,0,94,0,0,1,1,0,0,0,0,0,0,0,0,1419,0,0,0,0,0,0,0,96,,,,,,,,,,,,,,1,,,,,,,,,,,,,,,,,,,,,,,,,,,,,,,,,,,,,,,
2106,Hibernian Old Man Vampiir,422,277,1028,279,280,281,282,283,0,0,100,75,1,8,0,0,1538,0,2,0,0,100,1,107,0,0,1,1,0,0,0,0,0,0,0,0,1419,0,0,0,0,0,0,0,100,,,,,,,,,,,,,,1,,,,,,,,,,,,,,,,,,,,,,,,,,,,,,,,,,,,,,,
2107,Hibernian Old Woman Vampiir,423,278,1028,279,280,281,282,283,0,0,100,75,1,38,0,0,1539,0,2,0,1,100,1,93,0,0,1,1,0,0,0,0,0,0,0,0,1419,0,0,0,0,0,0,0,100,,,,,,,,,,,,,,1,,,,,,,,,,,,,,,,,,,,,,,,,,,,,,,,,,,,,,,
2108,Norse Old Man Vampiir,424,186,1028,187,189,190,191,188,0,0,109,85,1,19,0,0,1540,0,1,0,0,100,1,105,0,0,1,1,0,0,0,0,0,0,0,0,1419,0,0,0,0,0,0,0,100,,,,,,,,,,,,,,1,,,,,,,,,,,,,,,,,,,,,,,,,,,,,,,,,,,,,,,
2109,Norse Old Woman Vampiir,425,185,1028,187,189,190,191,188,0,0,109,80,1,38,0,0,1541,0,2,0,1,100,1,96,0,0,1,1,0,0,0,0,0,0,0,0,1419,0,0,0,0,0,0,0,100,,,,,,,,,,,,,,1,,,,,,,,,,,,,,,,,,,,,,,,,,,,,,,,,,,,,,,
2110,Elf Male Pale Skin,252,256,1016,258,259,260,261,262,0,0,108,87,1,22,0,0,1003,11,2,0,0,100,0,95,0,0,1,1,0,0,0,0,0,0,0,0,1419,0,0,0,0,0,0,0,100,,,,,,,,,,,,,,1,,,,,,,,,,,,,,,,,,,,,,,,,,,,,,,,,,,,,,,
2111,Elf Female Pale Skin,253,257,1019,258,259,260,261,262,0,0,108,82,1,23,0,0,1004,11,1,0,1,100,0,85,0,0,1,1,0,0,0,0,0,0,0,0,1419,0,0,0,0,0,0,0,100,,,,,,,,,,,,,,1,,,,,,,,,,,,,,,,,,,,,,,,,,,,,,,,,,,,,,,
2112,DR Albion Rebel 1,775,6691,0,0,0,0,0,0,0,0,100,80,1,8,0,0,0,0,0,0,0,100,0,102,0,0,1,0,0,0,0,0,0,0,0,0,1419,0,0,0,0,0,0,0,100,,,,,,,,,,,,,,1,1,,,,,,,,,,,,,,,,,,,,,,,,,,,,,,,,,,,,,,
2113,DR Albion Rebel 2,776,6692,0,0,0,0,0,0,0,0,100,80,1,8,0,0,0,0,0,0,0,100,0,102,0,0,1,0,0,0,0,0,0,0,0,0,1419,0,0,0,0,0,0,0,100,,,,,,,,,,,,,,1,1,,,,,,,,,,,,,,,,,,,,,,,,,,,,,,,,,,,,,,
2114,DR Albion Rebel 2b,776,6693,0,0,0,0,0,0,0,0,100,80,1,8,0,0,0,0,0,0,0,100,0,102,0,0,1,0,0,0,0,0,0,0,0,0,1419,0,0,0,0,0,0,0,100,,,,,,,,,,,,,,1,1,,,,,,,,,,,,,,,,,,,,,,,,,,,,,,,,,,,,,,
2115,DR Albion Light Armor Rebel,777,6694,0,0,0,0,0,0,0,0,100,80,1,8,0,0,0,0,0,0,0,100,0,102,0,0,1,0,0,0,0,0,0,0,0,0,1419,0,0,0,0,0,0,0,100,,,,,,,,,,,,,,1,1,,,,,,,,,,,,,,,,,,,,,,,,,,,,,,,,,,,,,,
2116,DR Albion Full Armor Rebel,778,6695,0,0,0,0,0,0,0,0,100,80,1,8,0,0,0,0,0,0,0,100,0,102,0,0,1,0,0,0,0,0,0,0,0,0,1419,0,0,0,0,0,0,0,100,,,,,,,,,,,,,,1,1,,,,,,,,,,,,,,,,,,,,,,,,,,,,,,,,,,,,,,
2117,Kobil's Sphere,399,0,0,0,0,0,0,0,0,0,100,40,0,137,0,0,0,0,0,0,0,0,0,0,0,0,0,0,0,0,120,135,0,0,0,0,1419,0,1,0,0,0,0,0,0,,,,,,,,,,,,,,0,,,,,,,,,,,,,,,,,,,,,,,,,,,,,,,,,,,,,,,
2118,Xaphan,779,6698,6696,6697,0,0,0,0,0,0,200,300,1,199,0,0,0,0,0,0,0,100,0,0,0,0,0,0,0,0,0,0,0,0,0,0,0,0,0,0,0,0,0,0,0,,,,,,,,,,,,,,,,,,,,,,,,,,,,,,,,,,,,,,,,,,,,,,,,,,,,,
2119,Inquisitor Male,306,1251,0,0,0,0,0,0,0,0,108,95,1,22,0,0,0,0,0,0,0,100,0,95,0,0,0,0,0,0,0,0,0,0,0,0,1419,0,0,0,0,0,0,0,100,,,,,,,,,,,,,,1,,,,,,,,,,,,,,,,,,,,,,,,,,,,,,,,,,,,,,,
2120,Inquisitor Female,311,1252,0,0,0,0,0,0,0,0,108,85,1,23,0,0,0,0,0,0,0,100,0,95,0,0,0,0,0,0,0,0,0,0,0,0,1419,0,0,0,0,0,0,0,100,,,,,,,,,,,,,,1,,,,,,,,,,,,,,,,,,,,,,,,,,,,,,,,,,,,,,,
2121,Astaroth,780,6699,6700,6702,0,0,6701,0,0,0,200,300,1,98,0,0,0,0,0,0,0,100,0,0,0,0,0,0,0,0,0,0,0,0,0,0,0,0,0,0,0,0,0,0,0,,,,,,,,,,,,,,,,,,,,,,,,,,,,,,,,,,,,,,,,,,,,,,,,,,,,,
2122,Albion King,850,6820,6821,0,0,0,0,0,0,0,100,80,1,0,0,0,0,0,0,0,0,100,0,102,0,0,1,1,0,0,0,0,0,0,0,0,1419,0,0,0,0,0,0,0,100,,,,,,,,,,,,,,1,1,,,,,,,,,,,,,,,,,,,,,,,,,,,,,,,,,,,,,,
2123,Midgard King,848,6817,0,0,0,0,0,0,0,0,127,90,1,0,0,0,0,0,0,0,0,100,0,102,0,0,1,1,0,0,0,0,0,0,0,0,1419,0,0,0,0,0,0,0,100,,,,,,,,,,,,,,1,1,,,,,,,,,,,,,,,,,,,,,,,,,,,,,,,,,,,,,,
2124,Admorenth,783,6718,6717,6716,0,0,0,0,0,0,200,80,1,8,0,0,0,0,0,0,0,100,0,0,0,0,0,0,0,0,50,62,0,0,0,0, ,0,127,0,0,0,0,0,0,,,,,,,,,,,,,, , ,,,,,,,,,,,,,,,,,,,,,,,,,,,,,,,,,,,,,,
2125,Hibernian King,849,6818,6819,0,0,0,0,0,0,0,108,87,1,0,0,0,0,0,0,0,0,100,0,102,0,0,1,1,0,0,0,0,0,0,0,0,1419,0,116,0,0,0,0,0,100,,,,,,,,,,,,,,1,1,,,,,,,,,,,,,,,,,,,,,,,,,,,,,,,,,,,,,,
2126,Moloch,787,6728,6729,0,0,0,0,0,0,0,100,400,1,197,0,0,0,0,0,0,0,100,0,0,0,0,0,0,0,0,0,0,0,0,0,0,0,0,119,0,0,0,0,0,0,,,,,,,,,,,,,,,,,,,,,,,,,,,,,,,,,,,,,,,,,,,,,,,,,,,,,
2127,Black Horse No Saddle - Monster,262,1081,0,0,0,0,0,0,0,0,100,85,1,41,0,0,0,0,0,0,0,0,0,0,0,0,0,0,0,0,0,0,0,0,0,0,1419,0,0,0,0,0,0,0,0,,,,,,,,,,,,,,0,,,,,,,,,,,,,,,,,,,,,,,,,,,,,,,,,,,,,,,
2128,Black Unicorn No Saddle - Monster,285,1050,0,0,0,0,0,0,0,0,100,85,1,41,0,0,0,0,0,0,0,0,0,0,0,0,0,0,0,0,0,0,0,0,0,0,1419,0,0,0,0,0,0,0,0,,,,,,,,,,,,,,,,,,,,,,,,,,,,,,,,,,,,,,,,,,,,,,,,,,,,,
2129,White Unicorn No Saddle w/SFX - Monster,285,1078,0,0,0,0,0,0,0,0,100,85,1,41,0,0,0,0,0,0,0,0,0,0,0,0,0,0,0,0,0,0,0,0,0,0,1419,0,125,0,0,0,0,0,0,,,,,,,,,,,,,,,,,,,,,,,,,,,,,,,,,,,,,,,,,,,,,,,,,,,,,
2130,Grey Unicorn No Saddle - Monster,285,1078,0,0,0,0,0,0,0,0,100,85,1,41,0,0,0,0,0,0,0,0,0,0,0,0,0,0,0,0,0,0,0,0,0,0,1419,0,0,0,0,0,0,0,0,,,,,,,,,,,,,,,,,,,,,,,,,,,,,,,,,,,,,,,,,,,,,,,,,,,,,
2131,Rainbow Unicorn No Sadde - Monster,285,1078,0,0,0,0,0,0,0,0,100,85,1,41,0,0,0,0,0,0,0,0,0,0,0,0,0,0,0,0,0,0,0,0,0,0,1419,0,0,0,0,0,0,0,0,,,,,,,,,,,,,,,,,,,,,,,,,,,,,,,,,,,,,,,,,,,,,,,,,,,,,
2132,Nightmare No Saddle w/SFX - Monster,262,1050,0,0,0,0,0,0,0,0,100,85,1,41,0,0,0,0,0,0,0,0,0,0,0,0,0,0,0,0,0,0,0,0,0,0,1419,0,115,0,0,0,0,0,0,,,,,,,,,,,,,,0,,,,,,,,,,,,,,,,,,,,,,,,,,,,,,,,,,,,,,,
2133,Bri Male Vampiir (DR Fallback),317,1259,1258,0,0,0,0,0,0,0,100,85,1,8,0,0,0,0,0,0,0,100,0,102,0,0,0,0,0,0,0,0,0,0,0,0,1419,0,0,0,0,0,0,0,100,,,,,,,,,,,,,,1,,,,,,,,,,,,,,,,,,,,,,,,,,,,,,,,,,,,,,,
2134,Belial,790,6737,6735,6738,0, ,6736,0,0,0,200,200,1,194,0,0,0,0,0,0,0,100,0,0,0,0,0,0,0,0,0,0,0,0,0,0,0,0,0,0,0,0,0,0,0,,,,,,,,,,,,,,,,,,,,,,,,,,,,,,,,,,,,,,,,,,,,,,,,,,,,,
2135,Flesh Wight,276,1069,0,0,0,0,0,0,0,0,100,85,1,37,0,0,0,0,0,0,0,0,0,0,0,0,0,0,0,0,0,0,0,0,0,0,1419,0,0,0,0,0,0,0,0,,,,,,,,,,,,,,1,,,,,,,,,,,,,,,,,,,,,,,,,,,,,,,,,,,,,,,
2136,DR Albion Peasant 1,792,6743,0,0,0,0,0,0,0,0,100,80,1,8,0,0,0,0,0,0,0,100,0,102,0,0,1,0,0,0,0,0,0,0,0,0,1419,0,0,0,0,0,0,0,100,,,,,,,,,,,,,,1,1,,,,,,,,,,,,,,,,,,,,,,,,,,,,,,,,,,,,,,
2137,DR Albion Peasant 2,792,6744,0,0,0,0,0,0,0,0,100,80,1,8,0,0,0,0,0,0,0,100,0,102,0,0,1,0,0,0,0,0,0,0,0,0,1419,0,0,0,0,0,0,0,100,,,,,,,,,,,,,,1,1,,,,,,,,,,,,,,,,,,,,,,,,,,,,,,,,,,,,,,
2138,DR Midgard Peasant 1,792,6745,0,0,0,0,0,0,0,0,100,80,1,8,0,0,0,0,0,0,0,100,0,102,0,0,1,0,0,0,0,0,0,0,0,0,1419,0,0,0,0,0,0,0,100,,,,,,,,,,,,,,1,1,,,,,,,,,,,,,,,,,,,,,,,,,,,,,,,,,,,,,,
2139,DR Midagard Peasant 1,792,6746,0,0,0,0,0,0,0,0,100,80,1,8,0,0,0,0,0,0,0,100,0,102,0,0,1,0,0,0,0,0,0,0,0,0,1419,0,0,0,0,0,0,0,100,,,,,,,,,,,,,,1,1,,,,,,,,,,,,,,,,,,,,,,,,,,,,,,,,,,,,,,
2140,DR Midgard Rebel Hooded,794,6747,0,0,0,0,0,0,0,0,100,80,1,8,0,0,0,0,0,0,0,100,0,102,0,0,1,0,0,0,0,0,0,0,0,0,1419,0,0,0,0,0,0,0,100,,,,,,,,,,,,,,1,1,,,,,,,,,,,,,,,,,,,,,,,,,,,,,,,,,,,,,,
2141,DR Midgard Rebel Masked,795,6748,0,0,0,0,0,0,0,0,100,80,1,8,0,0,0,0,0,0,0,100,0,102,0,0,1,0,0,0,0,0,0,0,0,0,1419,0,0,0,0,0,0,0,100,,,,,,,,,,,,,,1,1,,,,,,,,,,,,,,,,,,,,,,,,,,,,,,,,,,,,,,
2142,DR Midgard Rebel Helmet,796,6749,0,0,0,0,0,0,0,0,100,80,1,8,0,0,0,0,0,0,0,100,0,102,0,0,1,0,0,0,0,0,0,0,0,0,1419,0,0,0,0,0,0,0,100,,,,,,,,,,,,,,1,1,,,,,,,,,,,,,,,,,,,,,,,,,,,,,,,,,,,,,,
2143,DR Midgard Rebel Longhair,793,6750,0,0,0,0,0,0,0,0,100,80,1,8,0,0,0,0,0,0,0,100,0,102,0,0,1,0,0,0,0,0,0,0,0,0,1419,0,0,0,0,0,0,0,100,,,,,,,,,,,,,,1,1,,,,,,,,,,,,,,,,,,,,,,,,,,,,,,,,,,,,,,
2144,DR Hib Peasant 1,799,6752,0,0,0,0,0,0,0,0,100,80,1,8,0,0,0,0,0,0,0,100,0,102,0,0,1,0,0,0,0,0,0,0,0,0,1419,0,0,0,0,0,0,0,100,,,,,,,,,,,,,,1,1,,,,,,,,,,,,,,,,,,,,,,,,,,,,,,,,,,,,,,
2145,DR Hib Peasant 2,799,6751,0,0,0,0,0,0,0,0,100,80,1,8,0,0,0,0,0,0,0,100,0,102,0,0,1,0,0,0,0,0,0,0,0,0,1419,0,0,0,0,0,0,0,100,,,,,,,,,,,,,,1,1,,,,,,,,,,,,,,,,,,,,,,,,,,,,,,,,,,,,,,
2146,DR H Rebel  Private,801,6756,0,0,0,0,0,0,0,0,100,80,1,8,0,0,0,0,0,0,0,100,0,102,0,0,1,0,0,0,0,0,0,0,0,0,1419,0,0,0,0,0,0,0,100,,,,,,,,,,,,,,1,1,,,,,,,,,,,,,,,,,,,,,,,,,,,,,,,,,,,,,,
2147,DR H Rebel Serg,797,6755,0,0,0,0,0,0,0,0,100,80,1,8,0,0,0,0,0,0,0,100,0,102,0,0,1,0,0,0,0,0,0,0,0,0,1419,0,0,0,0,0,0,0,100,,,,,,,,,,,,,,1,1,,,,,,,,,,,,,,,,,,,,,,,,,,,,,,,,,,,,,,
2148,DR H Rebel Commoner,800,6753,0,0,0,0,0,0,0,0,100,80,1,8,0,0,0,0,0,0,0,100,0,102,0,0,1,0,0,0,0,0,0,0,0,0,1419,0,0,0,0,0,0,0,100,,,,,,,,,,,,,,1,1,,,,,,,,,,,,,,,,,,,,,,,,,,,,,,,,,,,,,,
2149,DR H Rebel Captain,798,6754,0,0,0,0,0,0,0,0,100,80,1,8,0,0,0,0,0,0,0,100,0,102,0,0,1,0,0,0,0,0,0,0,0,0,1419,0,0,0,0,0,0,0,100,,,,,,,,,,,,,,1,1,,,,,,,,,,,,,,,,,,,,,,,,,,,,,,,,,,,,,,
2150,DR Fiery Scorpion,287,1243,0,0,0,0,0,0,0,0,30,80,1,14,0,0,0,0,0,1,0,0,0,0,0,0,0,0,0,0,0,0,0,0,0,0,1419,0,0,0,0,0,0,0,92,,,,,,,,,,,,,,0,,,,,,,,,,,,,,,,,,,,,,,,,,,,,,,,,,,,,,,
2151,Red Demon,297,1187,0,0,0,0,0,0,0,0,100,100,1,44,0,0,0,0,0,0,0,0,0,0,0,0,0,0,0,0,0,0,120,0,0,0,1419,0,0,0,0,0,0,0,0,,,,,,,,,,,,,,1,,,,,,,,,,,,,,,,,,,,,,,,,,,,,,,,,,,,,,,
2152,Green Demon,297,1187,0,0,0,0,0,0,0,0,100,100,1,44,0,0,0,0,0,0,0,0,0,0,0,0,0,0,0,0,0,0,120,0,0,0,1419,0,0,0,0,0,0,0,0,,,,,,,,,,,,,,1,,,,,,,,,,,,,,,,,,,,,,,,,,,,,,,,,,,,,,,
2153,DR Sitting Wolf Only - For Kings,529,3077,0,0,0,0,0,0,0,0,100,65,1,15,0,0,0,0,0,0,0,0,0,0,0,0,0,0,0,0,0,0,0,0,0,0,1419,0,0,0,0,0,0,0,0,,,,,,,,,,,,,,0,,,,,,,,,,,,,,,,,,,,,,,,,,,,,,,,,,,,,,,
2154,Albion King Sitting,850,6820,6821,0,0,0,0,0,0,0,100,80,1,0,0,0,8,1,1,0,0,100,0,102,0,0,1,1,0,0,0,0,0,0,0,0,1419,0,0,0,0,0,0,0,100,,,,,,,,,,,,,,1,1,,,,,,,,,,,,,,,,,,,,,,,,,,,,,,,,,,,,,,
2155,Hibernian King Sitting,849,6818,6819,0,0,0,0,0,0,0,108,80,1,0,0,0,8,1,1,0,0,100,0,102,0,0,1,1,0,0,0,0,0,0,0,0,1419,0,116,0,0,0,0,0,100,,,,,,,,,,,,,,1,1,,,,,,,,,,,,,,,,,,,,,,,,,,,,,,,,,,,,,,
2156,Xaphan Soldier,808,6773,6774,0,0,0,0,0,0,0,100,90,1,8,0,0,0,0,0,0,0,100,0,0,0,0,0,0,0,0,0,0,0,0,0,0,0,0,0,0,0,0,0,0,0,,,,,,,,,,,,,,,,,,,,,,,,,,,,,,,,,,,,,,,,,,,,,,,,,,,,,
2157,DR Lying Wolf Only - For Kings,529,3077,0,0,0,0,0,0,0,0,100,65,1,15,0,0,0,0,0,0,0,0,0,0,0,0,0,0,0,0,0,0,0,0,0,0,1419,0,0,0,0,0,0,0,0,,,,,,,,,,,,,,0,,,,,,,,,,,,,,,,,,,,,,,,,,,,,,,,,,,,,,,
2158,Floating Eye with Crown,399,0,0,0,0,0,0,0,0,0,100,135,0,196,0,0,0,0,0,1,0,0,0,0,0,0,0,0,0,0,0,0,0,0,0,0,1419,0,120,0,0,0,0,0,0,,,,,,,,,,,,,,0,,,,,,,,,,,,,,,,,,,,,,,,,,,,,,,,,,,,,,,
2159,Epic Earth - Player Mount,784,6726,0,0,0,0,0,0,0,0,100,85,1,41,0,0,0,0,0,0,0,0,0,0,0,0,0,0,0,0,0,0,0,0,0,0,0,0,118,0,0,0,0,0,0,,,,,,,,,,,,,,,,,,,,,,,,,,,,,,,,,,,,,,,,,,,,,,,,,,,,,
2160,Epic Flame - Player Mount,784,6726,0,0,0,0,0,0,0,0,100,85,1,41,0,0,0,0,0,0,0,0,0,0,0,0,0,0,0,0,0,0,0,0,0,0,0,0,123,0,0,0,0,0,0,,,,,,,,,,,,,,,,,,,,,,,,,,,,,,,,,,,,,,,,,,,,,,,,,,,,,
2161,Epic Frost - Player Mount,784,6726,0,0,0,0,0,0,0,0,100,85,1,41,0,0,0,0,0,0,0,0,0,0,0,0,0,0,0,0,0,0,0,0,0,0,0,0,121,0,0,0,0,0,0,,,,,,,,,,,,,,,,,,,,,,,,,,,,,,,,,,,,,,,,,,,,,,,,,,,,,
2162,DR Lamia Green Armor,368,1406,0,0,0,0,0,0,0,0,100,80,1,89,0,0,0,0,0,0,0,0,0,0,0,0,0,0,0,0,0,0,0,0,0,0,1419,0,0,0,0,0,0,0,0,,,,,,,,,,,,,,0,,,,,,,,,,,,,,,,,,,,,,,,,,,,,,,,,,,,,,,
2163,DR Lamia Purple Armor,368,1406,0,0,0,0,0,0,0,0,100,80,1,89,0,0,0,0,0,0,0,0,0,0,0,0,0,0,0,0,0,0,0,0,0,0,1419,0,0,0,0,0,0,0,0,,,,,,,,,,,,,,0,,,,,,,,,,,,,,,,,,,,,,,,,,,,,,,,,,,,,,,
2164,Rainbow Unicorn - Player Mount,784,6726,0,0,0,0,0,0,0,0,100,85,1,41,0,0,0,0,0,0,0,0,0,0,0,0,0,0,0,0,0,0,0,0,0,0,0,0,122,0,0,0,0,0,0,,,,,,,,,,,,,,,,,,,,,,,,,,,,,,,,,,,,,,,,,,,,,,,,,,,,,
2165,Fire Utgard,813,6784,6786,6783,0, ,6785,0,0,0,200,150,1,198,0,0,0,0,0,0,0,100,0,0,0,6971,0,0,0,0,0,0,0,0,6969,6970,0,0,0,6972,0,0,0,0,0,,,,,,,,,,,,,,,,,,,,,,,,,,,,,,,,,,,,,,,,,,,,,,,,,,,,,
2166,Belials Children,815,6789,0,0,0,0,0,0,0,0,100,75,1,43,0,0,0,0,0,1,0,0,0,0,0,0,0,0,0,0,0,0,0,0,0,0,1419,0,0,0,0,0,0,0,0,,,,,,,,,,,,,,0,,,,,,,,,,,,,,,,,,,,,,,,,,,,,,,,,,,,,,,
2167,Diseaesd Bear,219,105,0,0,0,0,0,0,0,0,100,65,1,39,0,0,0,0,0,0,0,0,0,0,0,0,0,0,0,0,0,0,0,0,0,0,1419,0,0,0,0,0,0,0,0,,,,,,,,,,,,,,0,,,,,,,,,,,,,,,,,,,,,,,,,,,,,,,,,,,,,,,
2168,Ice Demon,297,1187,0,0,0,0,0,0,0,0,100,100,1,44,0,0,0,0,0,0,0,0,0,0,0,0,0,0,0,0,0,0,120,0,0,0,1419,0,0,0,0,0,0,0,0,,,,,,,,,,,,,,1,,,,,,,,,,,,,,,,,,,,,,,,,,,,,,,,,,,,,,,
2169,DR Svartalf Female,314,1274,0,0,0,0,0,0,0,0,100,135,1,58,0,0,0,0,0,0,0,0,0,0,0,0,0,0,0,0,0,0,0,0,0,0,1419,0,0,0,0,0,0,0,0,,,,,,,,,,,,,,1,,,,,,,,,,,,,,,,,,,,,,,,,,,,,,,,,,,,,,,
2170,DR Svartalf Female Blue,311,1252,0,0,0,0,0,0,0,0,108,145,1,23,0,0,0,0,0,0,0,100,0,95,0,0,0,0,0,0,0,0,0,0,0,0,1419,0,0,0,0,0,0,0,100,,,,,,,,,,,,,,1,,,,,,,,,,,,,,,,,,,,,,,,,,,,,,,,,,,,,,,
2171,DR Revamp Worm,233,151,0,0,0,0,0,0,0,0,100,70,1,3,0,0,0,0,0,1,0,0,0,0,0,0,0,0,0,0,0,0,0,0,0,0,1419,0,0,0,0,0,0,0,0,,,,,,,,,,,,,,0,,,,,,,,,,,,,,,,,,,,,,,,,,,,,,,,,,,,,,,
2172,Black Horse w/ Saddle - Monster,784,6726,0,0,0,0,0,0,79,0,110,85,1,41,0,0,0,0,0,0,0,0,0,0,0,0,1,0,0,0,0,0,0,0,0,0,0,0,0,0,0,0,0,0,0,,,,,,,,,,,,,,0,,,,,,,,,,,,,,,,,,,,,,,,,,,,,,,,,,,,,,,
2173,Brown Horse w/ Saddle - Monster,784,6726,0,0,0,0,0,0,79,0,110,85,1,41,0,0,0,0,0,0,0,0,0,0,0,0,1,0,0,0,0,0,0,0,0,0,0,0,0,0,0,0,0,0,0,,,,,,,,,,,,,,0,,,,,,,,,,,,,,,,,,,,,,,,,,,,,,,,,,,,,,,
2174,Grey Horse w/ Saddle - Monster,784,6726,0,0,0,0,0,0,79,0,110,85,1,41,0,0,0,0,0,0,0,0,0,0,0,0,1,0,0,0,0,0,0,0,0,0,0,0,0,0,0,0,0,0,0,,,,,,,,,,,,,,0,,,,,,,,,,,,,,,,,,,,,,,,,,,,,,,,,,,,,,,
2175,Azazel,818,6798,0,0,0, ,0,0,0,0,200,600,1,65,0,0,0,0,0,0,0,100,0,0,0,0,0,0,0,0,0,0,0,0,0,0,0,0,0,0,0,0,0,0,0,,,,,,,,,,,,,,,,,,,,,,,,,,,,,,,,,,,,,,,,,,,,,,,,,,,,,
2176,DR Necroservant,224,137,0,0,0,0,0,0,0,0,100,80,1,5,0,0,0,0,0,0,0,0,0,0,0,0,0,0,0,0,0,0,0,0,0,0,1419,0,0,0,0,0,0,0,0,,,,,,,,,,,,,,1,,,,,,,,,,,,,,,,,,,,,,,,,,,,,,,,,,,,,,,
2177,DR Greater Necroservant,276,1069,0,0,0,0,0,0,0,0,75,105,1,37,0,0,0,0,0,0,0,0,0,0,0,0,0,0,0,0,0,0,0,0,0,0,1419,0,0,0,0,0,0,0,0,,,,,,,,,,,,,,1,,,,,,,,,,,,,,,,,,,,,,,,,,,,,,,,,,,,,,,
2178,Wight /w Legion Texture,276,1069,0,0,0,0,0,0,0,0,75,105,1,37,0,0,0,0,0,0,0,0,0,0,0,0,0,0,0,0,0,0,0,0,0,0,1419,0,0,0,0,0,0,0,0,,,,,,,,,,,,,,1,,,,,,,,,,,,,,,,,,,,,,,,,,,,,,,,,,,,,,,
2179,Brown Horse w/ no Saddle - Monster,784,6726,0,0,0,0,0,0,79,0,110,85,1,41,0,0,0,0,0,0,0,0,0,0,0,0,1,0,0,0,0,0,0,0,0,0,0,0,0,0,0,0,0,0,0,,,,,,,,,,,,,,0,,,,,,,,,,,,,,,,,,,,,,,,,,,,,,,,,,,,,,,
2180,Grey Horse w/ no Saddle - Monster,784,6726,0,0,0,0,0,0,79,0,110,85,1,41,0,0,0,0,0,0,0,0,0,0,0,0,1,0,0,0,0,0,0,0,0,0,0,0,0,0,0,0,0,0,0,,,,,,,,,,,,,,0,,,,,,,,,,,,,,,,,,,,,,,,,,,,,,,,,,,,,,,
2181,Hib White War w/ hvy Heroic - Monster,784,6726,0,0,0,0,0,0,79,0,110,85,1,41,0,0,0,0,0,0,0,0,0,0,0,0,1,0,0,0,0,0,0,0,0,0,0,0,0,0,0,0,0,0,0,,,,,,,,,,,,,,0,,,,,,,,,,,,,,,,,,,,,,,,,,,,,,,,,,,,,,,
2182,Mid Black War w/ hvy Heroic - Monster,784,6726,0,0,0,0,0,0,79,0,110,85,1,41,0,0,0,0,0,0,0,0,0,0,0,0,1,0,0,0,0,0,0,0,0,0,0,0,0,0,0,0,0,0,0,,,,,,,,,,,,,,0,,,,,,,,,,,,,,,,,,,,,,,,,,,,,,,,,,,,,,,
2183,Alb Choc War w/ hvy Heroic - Monster,784,6726,0,0,0,0,0,0,79,0,110,85,1,41,0,0,0,0,0,0,0,0,0,0,0,0,1,0,0,0,0,0,0,0,0,0,0,0,0,0,0,0,0,0,0,,,,,,,,,,,,,,0,,,,,,,,,,,,,,,,,,,,,,,,,,,,,,,,,,,,,,,
2184,White Unicorn - Player Mount,784,6726,0,0,0,0,0,0,0,0,100,85,1,41,0,0,0,0,0,0,0,0,0,0,0,0,0,0,0,0,0,0,0,0,0,0,0,0,125,0,0,0,0,0,0,,,,,,,,,,,,,,,,,,,,,,,,,,,,,,,,,,,,,,,,,,,,,,,,,,,,,
2185,Ice Utgard,813,6806,6808,6805,0, ,6807,0,0,0,200,150,1,198,0,0,0,0,0,0,0,100,0,0,0,6971,0,0,0,0,0,0,0,0,6969,6970,0,0,0,6972,0,0,0,0,0,,,,,,,,,,,,,,,,,,,,,,,,,,,,,,,,,,,,,,,,,,,,,,,,,,,,,
2186,DR Reanimated Servant,268,1074,6814,0,0,0,0,0,0,0,95,85,1,16,0,0,0,0,0,0,0,0,0,0,0,0,0,0,0,1,0,0,0,0,0,0,1419,0,0,0,0,0,0,0,0,,,,,,,,,,,,,,1,,,,,,,,,,,,,,,,,,,,,,,,,,,,,,,,,,,,,,,
2187,DR Alb Demon Rebel 1 Head A,832,6691,6815,0,0,0,0,0,0,0,100,80,1,8,0,0,0,0,0,0,0,100,0,102,0,0,1,0,0,0,0,0,0,0,0,0,1419,0,0,0,0,0,0,0,100,,,,,,,,,,,,,,1,1,,,,,,,,,,,,,,,,,,,,,,,,,,,,,,,,,,,,,,
2188,DR Alb Demon Rebel 1 Head B,833,6691,6814,0,0,0,0,0,0,0,100,80,1,8,0,0,0,0,0,0,0,100,0,102,0,0,1,0,0,0,0,0,0,0,0,0,1419,0,0,0,0,0,0,0,100,,,,,,,,,,,,,,1,1,,,,,,,,,,,,,,,,,,,,,,,,,,,,,,,,,,,,,,
2189,DR Alb Demon Rebel 2 Head A,834,6692,6815,0,0,0,0,0,0,0,100,80,1,8,0,0,0,0,0,0,0,100,0,102,0,0,1,0,0,0,0,0,0,0,0,0,1419,0,0,0,0,0,0,0,100,,,,,,,,,,,,,,1,1,,,,,,,,,,,,,,,,,,,,,,,,,,,,,,,,,,,,,,
2190,DR Alb Demon Rebel 2 Head B,835,6692,6814,0,0,0,0,0,0,0,100,80,1,8,0,0,0,0,0,0,0,100,0,102,0,0,1,0,0,0,0,0,0,0,0,0,1419,0,0,0,0,0,0,0,100,,,,,,,,,,,,,,1,1,,,,,,,,,,,,,,,,,,,,,,,,,,,,,,,,,,,,,,
2191,DR Alb Demon Rebel3 Head A,836,6694,6815,0,0,0,0,0,0,0,100,80,1,8,0,0,0,0,0,0,0,100,0,102,0,0,1,0,0,0,0,0,0,0,0,0,1419,0,0,0,0,0,0,0,100,,,,,,,,,,,,,,1,1,,,,,,,,,,,,,,,,,,,,,,,,,,,,,,,,,,,,,,
2192,DR Alb Demon Rebel3 Head B,837,6694,6814,0,0,0,0,0,0,0,100,80,1,8,0,0,0,0,0,0,0,100,0,102,0,0,1,0,0,0,0,0,0,0,0,0,1419,0,0,0,0,0,0,0,100,,,,,,,,,,,,,,1,1,,,,,,,,,,,,,,,,,,,,,,,,,,,,,,,,,,,,,,
2193,DR Alb Demon Rebel 4 Head A,838,6695,6815,0,0,0,0,0,0,0,100,80,1,8,0,0,0,0,0,0,0,100,0,102,0,0,1,0,0,0,0,0,0,0,0,0,1419,0,0,0,0,0,0,0,100,,,,,,,,,,,,,,1,1,,,,,,,,,,,,,,,,,,,,,,,,,,,,,,,,,,,,,,
2194,DR Alb Demon Rebel 4 Head B,839,6695,6814,0,0,0,0,0,0,0,100,80,1,8,0,0,0,0,0,0,0,100,0,102,0,0,1,0,0,0,0,0,0,0,0,0,1419,0,0,0,0,0,0,0,100,,,,,,,,,,,,,,1,1,,,,,,,,,,,,,,,,,,,,,,,,,,,,,,,,,,,,,,
2195,DR Mid Demon Rebel 1 Head A,824,6750,6812,0,0,0,0,0,0,0,100,80,1,8,0,0,0,0,0,0,0,100,0,102,0,0,1,0,0,0,0,0,0,0,0,0,1419,0,0,0,0,0,0,0,100,,,,,,,,,,,,,,1,1,,,,,,,,,,,,,,,,,,,,,,,,,,,,,,,,,,,,,,
2196,DR Mid Demon Rebel 1 Head B,825,6750,6813,0,0,0,0,0,0,0,100,80,1,8,0,0,0,0,0,0,0,100,0,102,0,0,1,0,0,0,0,0,0,0,0,0,1419,0,0,0,0,0,0,0,100,,,,,,,,,,,,,,1,1,,,,,,,,,,,,,,,,,,,,,,,,,,,,,,,,,,,,,,
2197,DR Mid Demon Rebel 2 Head A,826,6747,6812,0,0,0,0,0,0,0,100,80,1,8,0,0,0,0,0,0,0,100,0,102,0,0,1,0,0,0,0,0,0,0,0,0,1419,0,0,0,0,0,0,0,100,,,,,,,,,,,,,,1,1,,,,,,,,,,,,,,,,,,,,,,,,,,,,,,,,,,,,,,
2198,DR Mid Demon Rebel 2 Head B,827,6747,6813,0,0,0,0,0,0,0,100,80,1,8,0,0,0,0,0,0,0,100,0,102,0,0,1,0,0,0,0,0,0,0,0,0,1419,0,0,0,0,0,0,0,100,,,,,,,,,,,,,,1,1,,,,,,,,,,,,,,,,,,,,,,,,,,,,,,,,,,,,,,
2199,DR Mid Demon Rebel 3 Head A,828,6748,6812,0,0,0,0,0,0,0,100,80,1,8,0,0,0,0,0,0,0,100,0,102,0,0,1,0,0,0,0,0,0,0,0,0,1419,0,0,0,0,0,0,0,100,,,,,,,,,,,,,,1,1,,,,,,,,,,,,,,,,,,,,,,,,,,,,,,,,,,,,,,
2200,DR Mid Demon Rebel 3 HeadB,829,6748,6813,0,0,0,0,0,0,0,100,80,1,8,0,0,0,0,0,0,0,100,0,102,0,0,1,0,0,0,0,0,0,0,0,0,1419,0,0,0,0,0,0,0,100,,,,,,,,,,,,,,1,1,,,,,,,,,,,,,,,,,,,,,,,,,,,,,,,,,,,,,,
2201,DR Mid Demon Rebel 4 HeadA,830,6749,6812,0,0,0,0,0,0,0,100,80,1,8,0,0,0,0,0,0,0,100,0,102,0,0,1,0,0,0,0,0,0,0,0,0,1419,0,0,0,0,0,0,0,100,,,,,,,,,,,,,,1,1,,,,,,,,,,,,,,,,,,,,,,,,,,,,,,,,,,,,,,
2202,DR Mid Demon Rebel 4 Head B,831,6749,6813,0,0,0,0,0,0,0,100,80,1,8,0,0,0,0,0,0,0,100,0,102,0,0,1,0,0,0,0,0,0,0,0,0,1419,0,0,0,0,0,0,0,100,,,,,,,,,,,,,,1,1,,,,,,,,,,,,,,,,,,,,,,,,,,,,,,,,,,,,,,
2203,DR Hib Demon Rebel 1 Head A,840,6753,6811,0,0,0,0,0,0,0,100,80,1,8,0,0,0,0,0,0,0,100,0,102,0,0,1,0,0,0,0,0,0,0,0,0,1419,0,0,0,0,0,0,0,100,,,,,,,,,,,,,,1,1,,,,,,,,,,,,,,,,,,,,,,,,,,,,,,,,,,,,,,
2204,DR Hib Demon Rebel 1 Head B,841,6753,6816,0,0,0,0,0,0,0,100,80,1,8,0,0,0,0,0,0,0,100,0,102,0,0,1,0,0,0,0,0,0,0,0,0,1419,0,0,0,0,0,0,0,100,,,,,,,,,,,,,,1,1,,,,,,,,,,,,,,,,,,,,,,,,,,,,,,,,,,,,,,
2205,DR Hib Demon Rebel 2 Head A,842,6756,6811,0,0,0,0,0,0,0,100,80,1,8,0,0,0,0,0,0,0,100,0,102,0,0,1,0,0,0,0,0,0,0,0,0,1419,0,0,0,0,0,0,0,100,,,,,,,,,,,,,,1,1,,,,,,,,,,,,,,,,,,,,,,,,,,,,,,,,,,,,,,
2206,DR Hib Demon Rebel 2 Head B,843,6756,6816,0,0,0,0,0,0,0,100,80,1,8,0,0,0,0,0,0,0,100,0,102,0,0,1,0,0,0,0,0,0,0,0,0,1419,0,0,0,0,0,0,0,100,,,,,,,,,,,,,,1,1,,,,,,,,,,,,,,,,,,,,,,,,,,,,,,,,,,,,,,
2207,DR Hib Demon Rebel 3 Head A,844,6755,6811,0,0,0,0,0,0,0,100,80,1,8,0,0,0,0,0,0,0,100,0,102,0,0,1,0,0,0,0,0,0,0,0,0,1419,0,0,0,0,0,0,0,100,,,,,,,,,,,,,,1,1,,,,,,,,,,,,,,,,,,,,,,,,,,,,,,,,,,,,,,
2208,DR Hib Demon Rebel 3 HeadB,845,6755,6816,0,0,0,0,0,0,0,100,80,1,8,0,0,0,0,0,0,0,100,0,102,0,0,1,0,0,0,0,0,0,0,0,0,1419,0,0,0,0,0,0,0,100,,,,,,,,,,,,,,1,1,,,,,,,,,,,,,,,,,,,,,,,,,,,,,,,,,,,,,,
2209,DR Hib Demon Rebel 4 Head A,846,6754,6811,0,0,0,0,0,0,0,100,80,1,8,0,0,0,0,0,0,0,100,0,102,0,0,1,0,0,0,0,0,0,0,0,0,1419,0,0,0,0,0,0,0,100,,,,,,,,,,,,,,1,1,,,,,,,,,,,,,,,,,,,,,,,,,,,,,,,,,,,,,,
2210,DR Hib Demon Rebel 4 HeadB,847,6754,6816,0,0,0,0,0,0,0,100,80,1,8,0,0,0,0,0,0,0,100,0,102,0,0,1,0,0,0,0,0,0,0,0,0,1419,0,0,0,0,0,0,0,100,,,,,,,,,,,,,,1,1,,,,,,,,,,,,,,,,,,,,,,,,,,,,,,,,,,,,,,
2211,Male Infernalist,206,1,1022,3,5,6,4,7,79,0,100,80,1,8,0,0,8,1,1,0,0,100,0,102,0,0,1,1,0,0,0,0,0,0,0,0,1419,0,0,0,0,0,0,0,100,,,,,,,,,,,,,,1,  ,,,,,,,,,,,,,,,,,,,,,,,,,,,,,,,,,,,,,,
2212,Female Infernalist,209,2,1020,3,5,6,4,7,79,0,100,78,1,11,0,0,12,1,1,0,1,96,0,94,0,0,1,1,0,0,0,0,0,0,0,0,1419,0,0,0,0,0,0,0,96,,,,,,,,,,,,,,1, ,,,,,,,,,,,,,,,,,,,,,,,,,,,,,,,,,,,,,,
2213,Player Skeleton,407,1511,0,0,0,0,0,0,0,0,100,75,1,32,0,0,0,0,0,0,0,0,0,93,0,0,1,1,0,0,0,0,0,0,0,0,1419,0,0,0,0,0,0,0,0,,,,,,,,,,,,,,1,1, ,,,,,,,,,,,,,,,,,,,,,,,,,,,,,,,,,,,,,
2214,Admorenth's Minion,855,6828,0,0,0,0,0,0,0,0,75,105,1,37,0,0,0,0,0,0,0,0,0,0,0,0,0,0,0,0,0,0,0,0,0,0,1419,0,0,0,0,0,0,0,0,,,,,,,,,,,,,,1,,,,,,,,,,,,,,,,,,,,,,,,,,,,,,,,,,,,,,,
2215,Valkyn Male Vampiir,351,1365,1018,1363,1367,1368,1369,1366,0,0,100,82,1,124,0,0,1376,15,1,0,0,115,1,102,2,0,1,1,0,0,0,0,0,0,0,0,1419,0,0,0,0,0,0,0,115,,,,,,,,,,,,,,1,,,,,,,,,,,,,,,,,,,,,,,,,,,,,,,,,,,,,,,
2216,Valkyn Female Vampiir,352,1364,1018,1363,1367,1368,1369,1366,0,0,100,82,1,123,0,0,1370,15,1,0,1,115,1,90,2,0,1,1,0,0,0,0,0,0,0,0,1419,0,0,0,0,0,0,0,115,,,,,,,,,,,,,,1,,,,,,,,,,,,,,,,,,,,,,,,,,,,,,,,,,,,,,,
2217,Walking Vampiir Skeleton,407,1511,0,0,0,0,0,0,0,0,100,75,1,32,0,0,0,0,0,0,0,0,0,93,0,0,1,1,0,0,0,0,0,0,0,0,1419,0,0,0,0,0,0,0,0,,,,,,,,,,,,,,1,1, ,,,,,,,,,,,,,,,,,,,,,,,,,,,,,,,,,,,,,
2218,Frostalf Male Vampiir,464,1646,1016,1644,1648,1649,1650,1647,0,0,100,82,1,150,0,0,1657,17,1,0,0,98,0,95,0,0,1,1,0,0,0,0,0,0,0,0,1419,0,0,0,0,0,0,0,98,,,,,,,,,,,,,,1,,,,,,,,,,,,,,,,,,,,,,,,,,,,,,,,,,,,,,,
2219,Frostalf Female Vampiir,465,1645,1016,1644,1648,1649,1650,1647,0,0,100,80,1,149,0,0,1651,17,1,0,1,92,0,88,0,0,1,1,0,0,0,0,0,0,0,0,1419,0,0,0,0,0,0,0,92,,,,,,,,,,,,,,1,,,,,,,,,,,,,,,,,,,,,,,,,,,,,,,,,,,,,,,
2220,New Bone Dancer Commander,419,1533,0,0,0,0,0,0,0,0,100,80,1,32,0,0,0,0,0,0,0,0,0,0,0,0,1,1,0,0,0,0,0,0,0,0,1419,0,0,0,0,0,0,0,0,,,,,,,,,,,,,,1,1,,,,,,,,,,,,,,,,,,,,,,,,,,,,,,,,,,,,,,
2221,Albion Skeleton,407,1511,0,0,0,0,0,0,0,0,100,75,1,32,0,0,0,0,0,0,0,0,0,93,0,0,1,1,0,0,0,0,0,0,0,0,1419,0,0,0,0,0,0,0,0,,,,,,,,,,,,,,1,1, ,,,,,,,,,,,,,,,,,,,,,,,,,,,,,,,,,,,,,
2222,Headless Elf,252,256,0,258,259,260,261,262,0,0,108,80,1,0,0,0,0,0,0,0,0,100,0,95,0,0,1,1,0,0,0,0,0,0,0,0,1419,0,0,0,0,0,0,0,100,,,,,,,,,,,,,,1,,,,,,,,,,,,,,,,,,,,,,,,,,,,,,,,,,,,,,,
2223,Pink Unicorn - Player Mount,784,6726,0,0,0,0,0,0,0,0,100,85,1,41,0,0,0,0,0,0,0,0,0,0,0,0,0,0,0,0,0,0,0,0,0,0,0,0,0,0,0,0,0,0,0,,,,,,,,,,,,,,,,,,,,,,,,,,,,,,,,,,,,,,,,,,,,,,,,,,,,,
2224,Nightmare/Sinister/SFX - Monster,262,1050,0,0,0,0,0,0,0,0,100,85,1,41,0,0,0,0,0,0,0,0,0,0,0,0,0,0,0,0,0,0,0,0,0,0,1419,0,115,0,0,0,0,0,0,,,,,,,,,,,,,,0,,,,,,,,,,,,,,,,,,,,,,,,,,,,,,,,,,,,,,,
2225,Ice Horse /wo SFX - Monster,262,1078,0,0,0,0,0,0,0,0,100,85,1,41,0,0,0,0,0,0,0,0,0,0,0,0,0,0,0,0,0,0,0,0,0,0,1419,0,0,0,0,0,0,0,0,,,,,,,,,,,,,,0,,,,,,,,,,,,,,,,,,,,,,,,,,,,,,,,,,,,,,,
2226,Ice Horse/w SFX - Monster,262,1078,0,0,0,0,0,0,0,0,100,85,1,41,0,0,0,0,0,0,0,0,0,0,0,0,0,0,0,0,0,0,0,0,0,0,1419,0,121,0,0,0,0,0,0,,,,,,,,,,,,,,0,,,,,,,,,,,,,,,,,,,,,,,,,,,,,,,,,,,,,,,
2227,Undead Horse /wo SFX - Monster,262,1050,0,0,0,0,0,0,0,0,100,85,1,41,0,0,0,0,0,0,0,0,0,0,0,0,0,0,0,0,0,0,0,0,0,0,1419,0,0,0,0,0,0,0,0,,,,,,,,,,,,,,0,,,,,,,,,,,,,,,,,,,,,,,,,,,,,,,,,,,,,,,
2228,Undead Horse /w SFX - Monster,262,1050,0,0,0,0,0,0,0,0,100,85,1,41,0,0,0,0,0,0,0,0,0,0,0,0,0,0,0,0,0,0,0,0,0,0,1419,0,117,0,0,0,0,0,0,,,,,,,,,,,,,,0,,,,,,,,,,,,,,,,,,,,,,,,,,,,,,,,,,,,,,,
2229,Storm Horse /wo SFX - Monster,262,1078,0,0,0,0,0,0,0,0,100,85,1,41,0,0,0,0,0,0,0,0,0,0,0,0,0,0,0,0,0,0,0,0,0,0,1419,0,0,0,0,0,0,0,0,,,,,,,,,,,,,,0,,,,,,,,,,,,,,,,,,,,,,,,,,,,,,,,,,,,,,,
2230,Storm Horse /w SFX - Monster,262,1078,0,0,0,0,0,0,0,0,100,85,1,41,0,0,0,0,0,0,0,0,0,0,0,0,0,0,0,0,0,0,0,0,0,0,1419,0,124,0,0,0,0,0,0,,,,,,,,,,,,,,0,,,,,,,,,,,,,,,,,,,,,,,,,,,,,,,,,,,,,,,
2231,Fire Horse /wo SFX - Monster,262,1050,0,0,0,0,0,0,0,0,100,85,1,41,0,0,0,0,0,0,0,0,0,0,0,0,0,0,0,0,0,0,0,0,0,0,1419,0,0,0,0,0,0,0,0,,,,,,,,,,,,,,0,,,,,,,,,,,,,,,,,,,,,,,,,,,,,,,,,,,,,,,
2232,Fire Horse /w SFX - Monster,262,1050,0,0,0,0,0,0,0,0,100,85,1,41,0,0,0,0,0,0,0,0,0,0,0,0,0,0,0,0,0,0,0,0,0,0,1419,0,123,0,0,0,0,0,0,,,,,,,,,,,,,,0,,,,,,,,,,,,,,,,,,,,,,,,,,,,,,,,,,,,,,,
2233,Earth Horse /wo SFX - Monter,262,1048,0,0,0,0,0,0,0,0,100,85,1,41,0,0,0,0,0,0,0,0,0,0,0,0,0,0,0,0,0,0,0,0,0,0,1419,0,0,0,0,0,0,0,0,,,,,,,,,,,,,,0,,,,,,,,,,,,,,,,,,,,,,,,,,,,,,,,,,,,,,,
2234,Earth Horse /w SFX - Monter,262,1048,0,0,0,0,0,0,0,0,100,85,1,41,0,0,0,0,0,0,0,0,0,0,0,0,0,0,0,0,0,0,0,0,0,0,1419,0,118,0,0,0,0,0,0,,,,,,,,,,,,,,0,,,,,,,,,,,,,,,,,,,,,,,,,,,,,,,,,,,,,,,
2235,Spotted/Splochy Horse - Monster,262,1080,0,0,0,0,0,0,0,0,100,85,1,41,0,0,0,0,0,0,0,0,0,0,0,0,0,0,0,0,0,0,0,0,0,0,1419,0,0,0,0,0,0,0,0,,,,,,,,,,,,,,0,,,,,,,,,,,,,,,,,,,,,,,,,,,,,,,,,,,,,,,
2236,Labyrinth - Winged Demon Wolf,869,6868,0,0,0,0,0,0,0,0,75,50,1,207,0,0,0,0,0,0,0,0,0,0,0,0,0,0,0,0,0,0,0,0,0,0,0,0,0,0,0,0,0,0,0,,,,,,,,,,,,,,0,,,,,,,,,,,,,,,,,,,,,,,,,,,,,,,,,,,,,,,
2237,Labyrinth - Flying Winged Demon Wolf,870,6868,0,0,0,0,0,0,0,0,75,80,1,207,0,0,0,0,0,0,0,0,0,0,0,0,0,0,0,0,0,0,0,0,0,0,0,0,0,0,0,0,0,0,0,,,,,,,,,,,,,,0,,,,,,,,,,,,,,,,,,,,,,,,,,,,,,,,,,,,,,,
2238,Labyrinth - Silver Construct,871,6869,0,0,0,0,0,0,0,0,100,110,1,209,0,0,0,0,0,0,0,0,0,0,0,0,0,0,0,0,0,0,0,0,0,0,0,0,0,0,0,0,0,0,0,,,,,,,,,,,,,,0,,,,,,,,,,,,,,,,,,,,,,,,,,,,,,,,,,,,,,,
2239,Labyrinth - Silver Construct Death,399,0,0,0,0,0,0,0,0,0,100,35,1,0,0,0,0,0,0,0,0,0,0,0,0,0,0,0,0,0,0,0,0,0,0,0,0,0,130,0,0,0,0,0,0,,,,,,,,,,,,,,0,,,,,,,,,,,,,,,,,,,,,,,,,,,,,,,,,,,,,,,
2240,Labyrinth - Copper Construct,871,6870,0,0,0,0,0,0,0,0,100,110,1,209,0,0,0,0,0,0,0,0,0,0,0,0,0,0,0,0,0,0,0,0,0,0,0,0,0,0,0,0,0,0,0,,,,,,,,,,,,,,0,,,,,,,,,,,,,,,,,,,,,,,,,,,,,,,,,,,,,,,
2241,Labyrinth - Copper Spider Construct,872,6871,0,0,0,0,0,0,0,0,100,110,1,209,0,0,0,0,0,0,0,0,0,0,0,0,0,0,0,0,0,0,0,0,0,0,0,0,0,0,0,0,0,0,0,,,,,,,,,,,,,,0,,,,,,1,,,,,,,,,,,,,,,,,,,,,,,,,,,,,,,,,
2242,Labyrinth - Silver Spider Construct,872,6872,0,0,0,0,0,0,0,0,100,110,1,209,0,0,0,0,0,0,0,0,0,0,0,0,0,0,0,0,0,0,0,0,0,0,0,0,0,0,0,0,0,0,0,,,,,,,,,,,,,,0,,,,,,1,,,,,,,,,,,,,,,,,,,,,,,,,,,,,,,,,
2243,Undead Drakoran,388,1484,0,1480,0,0,0,0,0,0,100,115,1,74,0,0,0,0,0,0,0,120,0,0,0,0,0,0,0,0,0,0,0,0,0,0,0,0,0,0,0,0,0,0,0,,,,,,,,,,,,,,1,,,,,,,,,,,,,,,,,,,,,,,,,,,,,,,,,,,,,,,
2244,Labyrinth - Corrupt Minotaur 1,902,6976,0,0,0,0,0,0,0,0,120,110,1,201,0,0,0,0,0,0,0,100,0,0,0,0,2,1,0,0,0,0,0,0,0,0,0,0,0,0,0,0,0,0,110,,,,,,,,,,,,,,1,1,,,,,,,,,,,,,,,,,,,,,,,,,,,,,,,,,,,,,,
2245,Labyrinth - Corrupt Minotaur 2,903,6977,0,0,0,0,0,0,0,0,120,110,1,201,0,0,0,0,0,0,0,100,0,0,0,0,2,1,0,0,0,0,0,0,0,0,0,0,0,0,0,0,0,0,110,,,,,,,,,,,,,,1,1,,,,,,,,,,,,,,,,,,,,,,,,,,,,,,,,,,,,,,
2246,Labyrinth - Corrupt Minotaur 3,904,6978,0,0,0,0,0,0,0,0,120,110,1,201,0,0,0,0,0,0,0,100,0,0,0,0,2,1,0,0,0,0,0,0,0,0,0,0,0,0,0,0,0,0,110,,,,,,,,,,,,,,1,1,,,,,,,,,,,,,,,,,,,,,,,,,,,,,,,,,,,,,,
2247,Labyrinth - Doppleganger Minotaur,878,6885,6888,6888,0,0,0,0,0,0,134,115,1,205,0,0,0,0,0,0,0,100,0,0,0,0,0,0,0,0,0,0,0,0,0,0,0,0,0,0,0,0,0,0,0,,,,,,,,,,,,,,1,,,,,,,,,,,,,,,,,,,,,,,,,,,,,,,,,,,,,,,
2248,Labyrinth - Doppleganger Demon,879,6886,6887,6887,0,0,0,0,0,0,134,115,1,205,0,0,0,0,0,0,0,100,0,0,0,0,0,0,0,0,0,0,0,0,0,0,0,0,0,0,0,0,0,0,0,,,,,,,,,,,,,,1,,,,,,,,,,,,,,,,,,,,,,,,,,,,,,,,,,,,,,,
2249,Labyrinth - Undead Minotaur ,908,6979,0,0,0,0,0,0,0,0,120,110,1,202,0,0,0,0,0,0,0,100,0,0,0,0,2,1,0,0,0,0,0,0,0,0,0,0,0,0,0,0,0,0,110,,,,,,,,,,,,,,1,1,,,,,,,,,,,,,,,,,,,,,,,,,,,,,,,,,,,,,,
2250,Labyrinth - Cerberus  - Boss,881,6893,6894,0,0,0,0,0,0,0,200,140,1,203,0,0,0,0,0,0,0,100,0,0,0,0,0,0,0,0,0,0,0,0,0,0,0,0,0,0,0,0,0,0,0,,,,,,,,, ,,,,,,,,,,,,,,,,,,,,,,,,,,,,,,,,,,,,,,,,,,,,
2251,Labyrinth - Mino Construct  - Boss,882,6895,6896,6897,0,0,0,0,0,0,100,250,1,208,0,0,0,0,0,0,0,100,0,0,0,0,0,0,0,0,0,0,0,0,0,0,0,0,0,0,0,0,0,0,0,,,,,,,,,6898,,,,,,,,,,,,,,,,,,,,,,,,,,,,,,,,,,,,,,,,,,,,
2252,Clockwork Cat(player preorder item only) ,886,6948,0,0,0,0,0,0,0,0,100,65,1,0,0,0,0,0,0,0,0,0,0,0,0,0,0,0,0,0,0,0,0,0,0,0,0,0,0,0,0,0,0,0,0,,,,,,,,,,,,,,0,,,,,,,,,,,,,,,,,,,,,,,,,,,,,,,,,,,,,,,
2253,Labyrinth - Black Wind w\ Mino Skull,399,0,0,0,0,0,0,0,0,0,100,600,0,0,0,0,0,0,0,0,0,0,0,0,0,0,0,0,0,0,0,0,0,0,0,0,0,0,149,0,0,0,0,0,0,,,,,,,,,,,,,,0,,,,,,,,,,,,,,,,,,,,,,,,,,,,,,,,,,,,,,,
2254,Goblin Construct,246,248,0,0,0,0,0,0,0,0,120,80,1,31,0,0,0,0,0,0,0,0,0,0,0,0,0,0,0,0,0,0,0,0,0,0,0,0,0,0,0,0,0,0,0,,,,,,,,,,,,,,1,,,,,,,,,,,,,,,,,,,,,,,,,,,,,,,,,,,,,,,
2255,Labyrinth - Metal Minotaur Golem,893,6953,0,0,0,0,0,0,0,0,300,250,1,210,0,0,0,0,0,0,0,0,0,0,0,0,0,0,0,0,0,0,0,0,0,0,0,0,0,0,0,0,0,0,0,,,,,,,,,,,,,,0,,,,,,,,,,,,,,,,,,,,,,,,,,,,,,,,,,,,,,,
2256,Labyrinth Teleporter,894,6954,0,0,0,0,0,0,0,0,100,250,1,0,0,0,0,0,0,0,0,0,0,0,0,0,0,0,0,0,0,0,0,0,0,0,0,0,83,0,0,0,0,0,0,,,,,,, ,,,,,,,,,,,,,,,,,,,,,,,,,,,,,,,,,,,,,,,,,,,,,,
2257,Sea Horse - Monster,262,1050,0,0,0,0,0,0,0,0,100,85,1,41,0,0,0,0,0,0,0,0,0,0,0,0,0,0,0,0,0,0,0,0,0,0,0,0,0,0,0,0,0,0,0,,,,,,,,,,,,,,0,,,,,,,,,,,,,,,,,,,,,,,,,,,,,,,,,,,,,,,
2258,Wood Horse - Monster,262,1048,0,0,0,0,0,0,0,0,100,85,1,41,0,0,0,0,0,0,0,0,0,0,0,0,0,0,0,0,0,0,0,0,0,0,0,0,0,0,0,0,0,0,0,,,,,,,,,,,,,,0,,,,,,,,,,,,,,,,,,,,,,,,,,,,,,,,,,,,,,,
2259,Labyrinth - Agramon - Boss,895,6962,0,0,0,0,6963,0,0,0,500,550,1,204,0,0,0,0,0,0,0,100,0,0,0,0,0,0,0,0,0,0,0,0,0,0,0,0,0,0,0,0,0,0,0,,,,,,,,,,,,,,,,,,,,,,,,,,,,,,,,,,,,,,,,,,,,,,,,,,,,,
2260,Ambient Flying Moths,399,0,0,0,0,0,0,0,0,0,10,40,0,0,0,0,0,0,0,0,0,0,0,0,0,0,0,0,0,0,50,62,0,0,0,0,0,0,156,0,0,0,0,0,0,,,,,,,,,,,,,,0,,,,,,,,,,,,,,,,,,,,,,,,,,,,,,,,,,,,,,,
2261,Ambient Butterflies,399,0,0,0,0,0,0,0,0,0,10,40,0,0,0,0,0,0,0,0,0,0,0,0,0,0,0,0,0,0,50,62,0,0,0,0,0,0,157,0,0,0,0,0,0,,,,,,,,,,,,,,0,,,,,,,,,,,,,,,,,,,,,,,,,,,,,,,,,,,,,,,
2262,Dead Player Skeleton,898,1511,0,0,0,0,0,0,0,0,100,30,1,32,0,0,0,0,0,0,0,0,0,93,0,0,1,1,0,0,0,0,0,0,0,0,0,0,0,0,0,0,0,0,0,,,,,,,,,,,,,,1,1, ,,,,,,,,,,,,,,,,,,,,,,,,,,,,,,,,,,,,,
2263,Test Ice Creature,899,3976,0,0,0,0,0,0,0,0,100,80,1,25,0,0,0,0,0,0,0,0,0,0,0,3977,0,0,0,0,0,0,0,0,0,0,0,0,0,0,3979,0,0,0,0,,,,,,,3978,,,,,,,1,,,,,,,,,,,,,,,,,,,,,,,,,,,,,,,,,,,,,,,
2264,Test Lava Creature,899,3981,0,0,0,0,0,0,0,0,100,80,1,25,0,0,0,0,0,0,0,0,0,0,0,3982,0,0,0,0,0,0,0,0,0,0,0,0,0,0,0,0,0,0,0,,,,,,,,,,,,,,1,,,,,,,,,,,,,,,,,,,,,,,,,,,,,,,,,,,,,,,
2265,Gemstone Horse - Monster,262,1048,0,0,0,0,0,0,0,0,100,85,1,41,0,0,0,0,0,0,0,0,0,0,0,0,0,0,0,0,0,0,0,0,0,0,0,0,0,0,0,0,0,0,0,,,,,,,,,,,,,,0,,,,,,,,,,,,,,,,,,,,,,,,,,,,,,,,,,,,,,,
2266,Clockwork Horse - Monster,262,1048,0,0,0,0,0,0,0,0,100,85,1,41,0,0,0,0,0,0,0,0,0,0,0,0,0,0,0,0,0,0,0,0,0,0,0,0,0,0,0,0,0,0,0,,,,,,,,,,,,,,0,,,,,,,,,,,,,,,,,,,,,,,,,,,,,,,,,,,,,,,
2267,Labyrinth - Goblin Chief - Boss,900,6966,0,6967,0,0,0,0,0,0,100,85,1,212,0,0,0,0,0,0,0,100,0,,0,0,0,0,0,0,0,0,0,0,0,0,0,0,0,0,0,0,0,0,0, , , , , , , , , , , , , ,0, , , , ,,,,,,,,,,,,,,,,,,,,,,,,,,,,,,,,,,,
2268,Labyrinth - Stone Minotaur Golem,901,6968,0,0,0,0,0,0,0,0,300,250,1,211,0,0,0,0,0,0,0,0,0,0,0,0,0,0,0,0,0,0,0,0,0,0,0,0,0,0,0,0,0,0,0,,,,,,,,,,,,,,0,,,,,,,,,,,,,,,,,,,,,,,,,,,,,,,,,,,,,,,
2269,Goblin Construct Shaman,246,248,0,0,0,0,0,0,0,0,120,80,1,31,0,0,0,0,0,0,0,0,0,0,0,0,0,0,0,0,0,0,0,0,0,0,0,0,0,0,0,0,0,0,0,,,,,,,,,,,,,,1,,,,,,,,,,,,,,,,,,,,,,,,,,,,,,,,,,,,,,,
2270,Goblin Construct Warrior,246,248,0,0,0,0,0,0,0,0,120,80,1,31,0,0,0,0,0,0,0,0,0,0,0,0,0,0,0,0,0,0,0,0,0,0,0,0,0,0,0,0,0,0,0,,,,,,,,,,,,,,1,,,,,,,,,,,,,,,,,,,,,,,,,,,,,,,,,,,,,,,
2271,Lab - Agramons Minion - Horns Down,832,6975,6815,0,0,0,0,0,0,0,100,80,1,8,0,0,0,0,0,0,0,100,0,0,0,0,0,0,0,0,0,0,0,0,0,0,0,0,0,0,0,0,0,0,100,,,,,,,,,,,,,,1,1,,,,,,,,,,,,,,,,,,,,,,,,,,,,,,,,,,,,,,
2272,Lab - Agramons Minion - Horns Up,833,6975,6814,0,0,0,0,0,0,0,100,80,1,8,0,0,0,0,0,0,0,100,0,0,0,0,0,0,0,0,0,0,0,0,0,0,0,0,0,0,0,0,0,0,100,,,,,,,,,,,,,,1,1,,,,,,,,,,,,,,,,,,,,,,,,,,,,,,,,,,,,,,
2273,Labyrinth - Black Wind w\ Scary Face,399,0,0,0,0,0,0,0,0,0,100,600,0,0,0,0,0,0,0,0,0,0,0,0,0,0,0,0,0,0,0,0,0,0,0,0,0,0,158,0,0,0,0,0,0,,,,,,,,,,,,,,0,,,,,,,,,,,,,,,,,,,,,,,,,,,,,,,,,,,,,,,
2274,Labyrinth -Flying  Undead Drakoran,913,6884,0,0,0,0,0,0,0,0,100,140,1,74,0,0,0,0,0,0,0,120,0,0,0,0,0,0,0,0,0,0,0,0,0,0,0,0,0,0,0,0,0,0,0,,,,,,,,,,,,,,1,,,,,,,,,,,,,,,,,,,,,,,,,,,,,,,,,,,,,,,
2275,Labyrinth - Flooded Stone Minotaur Golem,901,6980,0,0,0,0,0,0,0,0,300,250,1,211,0,0,0,0,0,0,0,0,0,0,0,0,0,0,0,0,0,0,0,0,0,0,0,0,0,0,0,0,0,0,0,,,,,,,,,,,,,,0,,,,,,,,,,,,,,,,,,,,,,,,,,,,,,,,,,,,,,,
2276,Labyrinth - Dracolich,914,6982,6981,0,0,0,0,0,0,0,200,400,1,206,0,0,0,0,0,0,0,0,0,0,0,0,0,0,0,0,0,0,0,400,0,0,0,0,0,0,0,0,0,0,0,,,,,,,,,,,,,,0,,,,,,,,,,,,,,,,,,,,,,,,,,,,,,,,,,,,,,,
2277,Labytinth - Dracolich Sleeping,915,6982,6981,0,0,0,0,0,0,0,200,400,1,206,0,0,0,0,0,0,0,0,0,0,0,0,0,0,0,0,0,0,0,400,0,0,0,0,0,0,0,0,0,0,0,,,,,,,,,,,,,,0,,,,,,,,,,,,,,,,,,,,,,,,,,,,,,,,,,,,,,,
2278,Labyrinth Flame,399,0,0,0,0,0,0,0,0,0,100,40,0,0,0,0,0,0,0,0,0,0,0,0,0,0,0,0,0,0,0,0,0,0,0,0,0,0,162,0,0,0,0,0,0,,,,,,,,,,,,,,0,,,,,,,,,,,,,,,,,,,,,,,,,,,,,,,,,,,,,,,
2279,Labyrinth - Rolling Boulder,399,0,0,0,0,0,0,0,0,0,100,40,0,0,0,0,0,0,0,0,0,0,0,0,0,0,0,0,0,0,0,0,0,0,0,0,0,0,164,0,0,0,0,0,0,,,,,,,,,,,,,,0,,,,,,,,,,,,,,,,,,,,,,,,,,,,,,,,,,,,,,,
2280,Ambient Red Snake,916,6983,0,0,0,0,0,0,0,0,50,60,-1,0,0,0,0,0,0,1,0,0,0,0,0,0,0,0,0,0,0,0,0,0,0,0,0,0,0,0,0,0,0,0,0,,,,,,,,,,,,,,0,,,,,,,,,,,,,,,,,,,,,,,,,,,,,,,,,,,,,,,
2281,Ambient Gray Snake,917,6983,0,0,0,0,0,0,0,0,50,60,-1,0,0,0,0,0,0,1,0,0,0,0,0,0,0,0,0,0,0,0,0,0,0,0,0,0,0,0,0,0,0,0,0,,,,,,,,,,,,,,,,,,,,,,,,,,,,,,,,,,,,,,,,,,,,,,,,,,,,,
2282,Ambient Brown Snake,918,6983,0,0,0,0,0,0,0,0,50,60,-1,0,0,0,0,0,0,1,0,0,0,0,0,0,0,0,0,0,0,0,0,0,0,0,0,0,0,0,0,0,0,0,0,,,,,,,,,,,,,,,,,,,,,,,,,,,,,,,,,,,,,,,,,,,,,,,,,,,,,
2283,Ambient Green Snake,919,6983,0,0,0,0,0,0,0,0,50,60,-1,0,0,0,0,0,0,1,0,0,0,0,0,0,0,0,0,0,0,0,0,0,0,0,0,0,0,0,0,0,0,0,0,,,,,,,,,,,,,,,,,,,,,,,,,,,,,,,,,,,,,,,,,,,,,,,,,,,,,
2284,Ambient Gray Slug,920,6983,0,0,0,0,0,0,0,0,70,60,-1,0,0,0,0,0,0,1,0,0,0,0,0,0,0,0,0,0,0,0,0,0,0,0,0,0,0,0,0,0,0,0,0,,,,,,,,,,,,,,,,,,,,,,,,,,,,,,,,,,,,,,,,,,,,,,,,,,,,,
2285,Ambient Green Slug,921,6983,0,0,0,0,0,0,0,0,70,60,-1,0,0,0,0,0,0,1,0,0,0,0,0,0,0,0,0,0,0,0,0,0,0,0,0,0,0,0,0,0,0,0,0,,,,,,,,,,,,,,,,,,,,,,,,,,,,,,,,,,,,,,,,,,,,,,,,,,,,,
2286,Ambient Brown Roach,922,6983,0,0,0,0,0,0,0,0,70,60,-1,0,0,0,0,0,0,1,0,0,0,0,0,0,0,0,0,0,0,0,0,0,0,0,0,0,0,0,0,0,0,0,0,,,,,,,,,,,,,,,,,,,,,,,,,,,,,,,,,,,,,,,,,,,,,,,,,,,,,
2287,Ambient Gray Rat,923,6983,0,0,0,0,0,0,0,0,70,60,-1,0,0,0,0,0,0,1,0,0,0,0,0,0,0,0,0,0,0,0,0,0,0,0,0,0,0,0,0,0,0,0,0,,,,,,,,,,,,,,,,,,,,,,,,,,,,,,,,,,,,,,,,,,,,,,,,,,,,,
2288,Ambient White Rat,924,6983,0,0,0,0,0,0,0,0,70,60,-1,0,0,0,0,0,0,1,0,0,0,0,0,0,0,0,0,0,0,0,0,0,0,0,0,0,0,0,0,0,0,0,0,,,,,,,,,,,,,,,,,,,,,,,,,,,,,,,,,,,,,,,,,,,,,,,,,,,,,
2289,Ambient Black Rat,925,6983,0,0,0,0,0,0,0,0,70,60,-1,0,0,0,0,0,0,1,0,0,0,0,0,0,0,0,0,0,0,0,0,0,0,0,0,0,0,0,0,0,0,0,0,,,,,,,,,,,,,,,,,,,,,,,,,,,,,,,,,,,,,,,,,,,,,,,,,,,,,
2290,Ambient Brown Rat,926,6983,0,0,0,0,0,0,0,0,70,60,-1,0,0,0,0,0,0,1,0,0,0,0,0,0,0,0,0,0,0,0,0,0,0,0,0,0,0,0,0,0,0,0,0,,,,,,,,,,,,,,,,,,,,,,,,,,,,,,,,,,,,,,,,,,,,,,,,,,,,,
2291,Ambient Brown Cricket,927,6983,0,0,0,0,0,0,0,0,70,60,-1,0,0,0,0,0,0,1,0,0,0,0,0,0,0,0,0,0,0,0,0,0,0,0,0,0,0,0,0,0,0,0,0,,,,,,,,,,,,,,,,,,,,,,,,,,,,,,,,,,,,,,,,,,,,,,,,,,,,,
2292,Ambient Green Cricket,928,6983,0,0,0,0,0,0,0,0,70,60,-1,0,0,0,0,0,0,1,0,0,0,0,0,0,0,0,0,0,0,0,0,0,0,0,0,0,0,0,0,0,0,0,0,,,,,,,,,,,,,,,,,,,,,,,,,,,,,,,,,,,,,,,,,,,,,,,,,,,,,
2293,Ambient Black Spider,929,6983,0,0,0,0,0,0,0,0,80,60,-1,0,0,0,0,0,0,1,0,0,0,0,0,0,0,0,0,0,0,0,0,0,0,0,0,0,0,0,0,0,0,0,0,,,,,,,,,,,,,,,,,,,,,,,,,,,,,,,,,,,,,,,,,,,,,,,,,,,,,
2294,Ambient White Spider,930,6983,0,0,0,0,0,0,0,0,80,60,-1,0,0,0,0,0,0,1,0,0,0,0,0,0,0,0,0,0,0,0,0,0,0,0,0,0,0,0,0,0,0,0,0,,,,,,,,,,,,,,,,,,,,,,,,,,,,,,,,,,,,,,,,,,,,,,,,,,,,,
2295,Labyrinth - Copper Construct Death,399,0,0,0,0,0,0,0,0,0,100,35,1,0,0,0,0,0,0,0,0,0,0,0,0,0,0,0,0,0,0,0,0,0,0,0,0,0,175,0,0,0,0,0,0,,,,,,,,,,,,,,0,,,,,,,,,,,,,,,,,,,,,,,,,,,,,,,,,,,,,,,
2296,Stone Dragon (always flying) - revamped,931,6984,6985,0,0,0,0,0,0,0,200,200,1,50,0,0,0,0,0,0,0,0,0,0,0,0,0,0,0,0,0,0,0,200,0,6986,0,0,0,0,0,0,0,0,0,,,,,,,,,,,,,,,,,,,,,,,,,,,,,,,,,,,,,,,,,,,,,,,,,,,,,
2297,Wolf Dragon (always flying) - revamped,932,6988,6987,0,0,0,0,0,0,0,200,200,1,49,0,0,0,0,0,0,0,0,0,0,0,0,0,0,0,0,0,0,0,200,0,0,0,0,0,0,0,0,0,0,0,,,,,,,,,,,,,,,,,,,,,,,,,,,,,,,,,,,,,,,,,,,,,,,,,,,,,
2298,Hibernian Dragon (always flying) - revamped,933,6991,6993,0,0,0,0,0,0,0,200,200,1,51,0,0,0,0,0,0,0,0,0,0,0,6992,0,0,0,0,0,0,0,200,0,6990,0,0,0,0,0,0,0,0,0,,,,,,,,,,,,,,0,,,,,,,,,,,,,,,,,,,,,,,,,,,,,,,,,,,,,,,
2299,empty,0,0,0,0,0,0,0,0,0,0,0,0,0,0,0,0,0,0,0,0,0,0,0,0,0,0,0,0,0,0,0,0,0,0,0,0,0,0,0,0,0,0,0,0,0,,,,,,,,,,,,,,,,,,,,,,,,,,,,,,,,,,,,,,,,,,,,,,,,,,,,,
2300,empty,0,0,0,0,0,0,0,0,0,0,0,0,0,0,0,0,0,0,0,0,0,0,0,0,0,0,0,0,0,0,0,0,0,0,0,0,0,0,0,0,0,0,0,0,0,,,,,,,,,,,,,,,,,,,,,,,,,,,,,,,,,,,,,,,,,,,,,,,,,,,,,
2301,Valetines Day Imp,298,1242,0,0,0,0,0,0,0,0,50,60,1,46,0,0,0,0,0,0,0,0,0,0,0,0,0,0,0,0,0,0,75,0,0,0,0,0,0,0,0,0,0,0,0,,,,,,,,,,,,,,,,,,,,,,,,,,,,,,,,,,,,,,,,,,,,,,,,,,,,,
2302,empty,0,0,0,0,0,0,0,0,0,0,0,0,0,0,0,0,0,0,0,0,0,0,0,0,0,0,0,0,0,0,0,0,0,0,0,0,0,0,0,0,0,0,0,0,0,,,,,,,,,,,,,,,,,,,,,,,,,,,,,,,,,,,,,,,,,,,,,,,,,,,,,
2303,Winged Baby Stone Dragon,941,6999,0,0,0,0,0,0,0,0,150,75,1,50,0,0,0,0,0,1,0,0,0,0,0,7013,0,0,0,0,0,0,0,0,0,0,0,0,0,0,0,0,0,0,0,,,,,,,,,,,,,,0,,,,,,,,,,,,,,,,,,,,,,,,,,,,,,,,,,,,,,,
2304,Wingless Baby Stone Dragon,942,6999,0,0,0,0,0,0,0,0,100,75,1,50,0,0,0,0,0,1,0,0,0,0,0,7013,0,0,0,0,0,0,0,0,0,0,0,0,0,0,0,0,0,0,0,,,,,,,,,,,,,,0,,,,,,,,,,,,,,,,,,,,,,,,,,,,,,,,,,,,,,,
2305,empty,0,0,0,0,0,0,0,0,0,0,0,0,0,0,0,0,0,0,0,0,0,0,0,0,0,0,0,0,0,0,0,0,0,0,0,0,0,0,0,0,0,0,0,0,0,,,,,,,,,,,,,,,,,,,,,,,,,,,,,,,,,,,,,,,,,,,,,,,,,,,,,
2306,Wingless Baby Glimmer Dragon,944,7002,0,0,0,0,0,0,0,0,100,75,1,50,0,0,0,0,0,1,0,0,0,0,0,7003,0,0,0,0,0,0,0,0,0,0,0,0,0,0,0,0,0,0,0,,,,,,,,,,,,,,0,,,,,,,,,,,,,,,,,,,,,,,,,,,,,,,,,,,,,,,
2307,Winged Baby Glimmer Dragon,945,7002,0,0,0,0,0,0,0,0,150,75,1,50,0,0,0,0,0,1,0,0,0,0,0,7003,0,0,0,0,0,0,0,0,0,0,0,0,0,0,0,0,0,0,0,,,,,,,,,,,,,,0,,,,,,,,,,,,,,,,,,,,,,,,,,,,,,,,,,,,,,,
2308,Wingless Baby Wolf Dragon,946,7004,0,0,0,0,0,0,0,0,100,75,1,50,0,0,0,0,0,1,0,0,0,0,0,0,0,0,0,0,0,0,0,0,0,0,0,0,0,0,0,0,0,0,0,,,,,,,,,,,,,,0,,,,,,,,,,,,,,,,,,,,,,,,,,,,,,,,,,,,,,,
2309,Winged Baby Wolf Dragon,947,7004,0,0,0,0,0,0,0,0,150,75,1,50,0,0,0,0,0,1,0,0,0,0,0,0,0,0,0,0,0,0,0,0,0,0,0,0,0,0,0,0,0,0,0,,,,,,,,,,,,,,0,,,,,,,,,,,,,,,,,,,,,,,,,,,,,,,,,,,,,,,
2310,Troll Male Pale Skin,237,165,180,166,170,171,172,169,0,0,130,110,1,26,0,0,184,7,2,0,0,115,0,125,1,0,1,1,0,0,0,0,0,0,0,0,0,0,0,0,0,0,0,0,115,,,,,,,,,,,,,,1,,,,,,,,,,,,,,,,,,,,,,,,,,,,,,,,,,,,,,,
2311,Troll Female Pale Skin,238,167,177,166,170,171,172,169,0,0,125,103,1,21,0,0,173,7,1,0,1,115,0,117,1,0,1,1,0,0,0,0,0,0,0,0,0,0,0,0,0,0,0,0,115,,,,,,,,,,,,,,1,,,,,,,,,,,,,,,,,,,,,,,,,,,,,,,,,,,,,,,
2312,Norse Male Pale Skin,239,186,1021,187,189,190,191,188,0,0,109,87,1,19,0,0,192,4,1,0,0,100,1,105,0,0,1,1,0,0,0,0,0,0,0,0,0,0,0,0,0,0,0,0,100,,,,,,,,,,,,,,1,,,,,,,,,,,,,,,,,,,,,,,,,,,,,,,,,,,,,,,
2313,Norse Female Pale Skin,240,185,1021,187,189,190,191,188,0,0,109,82,1,12,0,0,196,4,1,0,1,100,1,96,0,0,1,1,0,0,0,0,0,0,0,0,0,0,0,0,0,0,0,0,100,,,,,,,,,,,,,,1,,,,,,,,,,,,,,,,,,,,,,,,,,,,,,,,,,,,,,,
2314,Kobold Male Pale Skin,241,208,1029,206,220,210,211,209,0,0,70,63,1,27,0,0,219,5,2,0,0,100,0,155,3,0,1,1,0,0,0,0,0,0,0,0,0,0,0,0,0,0,0,0,100,,,,,,,,,,,,,,1,,,,,,,,,,,,,,,,,,,,,,,,,,,,,,,,,,,,,,,
2315,Kobold Female Pale Skin,242,207,1024,206,220,210,211,209,0,0,70,63,1,28,0,0,212,5,1,0,1,100,0,155,3,0,1,1,0,0,0,0,0,0,0,0,0,0,0,0,0,0,0,0,100,,,,,,,,,,,,,,1,,,,,,,,,,,,,,,,,,,,,,,,,,,,,,,,,,,,,,,
2316,Dwarf Male Pale Skin,243,229,1017,227,231,232,233,230,0,0,75,72,1,22,0,0,237,6,2,0,0,110,0,145,0,0,1,1,0,0,0,0,0,0,0,0,0,0,0,0,0,0,0,0,110,,,,,,,,,,,,,,1,,,,,,,,,,,,,,,,,,,,,,,,,,,,,,,,,,,,,,,
2317,Dwarf Female Pale Skin,244,228,1018,227,231,232,233,230,0,0,70,68,1,23,0,0,238,6,1,0,1,110,0,155,0,0,1,1,0,0,0,0,0,0,0,0,0,0,0,0,0,0,0,0,110,,,,,,,,,,,,,,1,,,,,,,,,,,,,,,,,,,,,,,,,,,,,,,,,,,,,,,
2318,Exploding Glimmer Knight Death,399,0,0,0,0,0,0,0,0,0,100,35,1,0,0,0,0,0,0,0,0,0,0,0,0,0,0,0,0,0,0,0,0,0,0,0,0,0,182,0,0,0,0,0,0,,,,,,,,,,,,,, ,,,,,,,,,,,,,,,,,,,,,,,,,,,,,,,,,,,,,,,
2319,empty,0,0,0,0,0,0,0,0,0,0,0,0,0,0,0,0,0,0,0,0,0,0,0,0,0,0,0,0,0,0,0,0,0,0,0,0,0,0,0,0,0,0,0,0,0,,,,,,,,,,,,,,,,,,,,,,,,,,,,,,,,,,,,,,,,,,,,,,,,,,,,,
2320,Dead Wingless Baby Glimmer Dragon,944,7002,0,0,0,0,0,0,0,0,100,50,1,50,0,0,0,0,0,1,0,0,0,0,0,7003,0,0,0,1,0,0,0,0,0,0,0,0,0,0,0,0,0,0,0,,,,,,,,,,,,,,0,,,,,,,,,,,,,,,,,,,,,,,,,,,,,,,,,,,,,,,
2321,Dead Winged Baby Glimmer Dragon,945,7002,0,0,0,0,0,0,0,0,150,50,1,50,0,0,0,0,0,1,0,0,0,0,0,7003,0,0,0,1,0,0,0,0,0,0,0,0,0,0,0,0,0,0,0,,,,,,,,,,,,,,0,,,,,,,,,,,,,,,,,,,,,,,,,,,,,,,,,,,,,,,
2322,Dead Wingless Baby Wolf Dragon,946,7004,0,0,0,0,0,0,0,0,100,50,1,50,0,0,0,0,0,1,0,0,0,0,0,0,0,0,0,1,0,0,0,0,0,0,0,0,0,0,0,0,0,0,0,,,,,,,,,,,,,,0,,,,,,,,,,,,,,,,,,,,,,,,,,,,,,,,,,,,,,,
2323,Dead Winged Baby Wolf Dragon,947,7004,0,0,0,0,0,0,0,0,150,50,1,50,0,0,0,0,0,1,0,0,0,0,0,0,0,0,0,1,0,0,0,0,0,0,0,0,0,0,0,0,0,0,0,,,,,,,,,,,,,,0,,,,,,,,,,,,,,,,,,,,,,,,,,,,,,,,,,,,,,,
2324,Dead Winged Baby Stone Dragon,941,6999,0,0,0,0,0,0,0,0,150,50,1,50,0,0,0,0,0,1,0,0,0,0,0,7013,0,0,0,1,0,0,0,0,0,0,0,0,0,0,0,0,0,0,0,,,,,,,,,,,,,,0,,,,,,,,,,,,,,,,,,,,,,,,,,,,,,,,,,,,,,,
2325,Dead Wingless Baby Stone Dragon,942,6999,0,0,0,0,0,0,0,0,100,50,1,50,0,0,0,0,0,1,0,0,0,0,0,7013,0,0,0,1,0,0,0,0,0,0,0,0,0,0,0,0,0,0,0,,,,,,,,,,,,,,0,,,,,,,,,,,,,,,,,,,,,,,,,,,,,,,,,,,,,,,
2326,Dead Glimmer Knight 1(Revamped),943,7000,0,0,0,0,0,0,0,0,120,40,1,37,0,0,0,0,0,0,0,100,0,95,0,7001,0,0,0,1,0,0,0,0,0,0,0,0,0,0,0,0,0,0,100,,,,,,,,,,,,,,1,,,,,,,,,,,,,,,,,,,,,,,,,,,,,,,,,,,,,,,
2327,Dead Werewolf Soldier,249,1201,0,0,0,0,0,0,0,0,110,40,1,33,0,0,0,0,0,0,0,0,0,0,0,0,1,1,0,1,0,0,0,0,0,0,0,0,0,0,0,0,0,0,0,,,,,,,,,,,,,,1,1,,,,,,,,,,,,,,,,,,,,,,,,,,,,,,,,,,,,,,
2328,Dead Alternate Rock Giant /w Armor,940,6996,1222,0,0,0,6998,0,0,0,100,40,1,29,0,0,0,0,0,0,0,0,0,0,0,7012,0,0,0,1,0,0,0,0,0,0,0,0,0,0,0,0,0,0,0,,,,,,,,,,,,,,1,,,,,,1,,,,,,,,,,,,,,,,,,,,,,,,,,,,,,,,,
2329,Dead Midgard Wolf Dragon - Revamped,935,6988,6987,0,0,0,0,0,0,0,200,200,1,49,0,0,0,0,0,0,0,0,0,0,0,0,0,0,0,1,0,0,0,200,0,0,0,0,0,0,0,0,0,0,0,,,,,,,,,,,,,,,,,,,,,,,,,,,,,,,,,,,,,,,,,,,,,,,,,,,,,
2330,Dead Hibernian Glimmer Dragon - Revamped,937,6991,6993,0,0,0,0,0,0,0,200,200,1,51,0,0,0,0,0,0,0,0,0,0,0,0,0,0,0,1,0,0,0,200,0,0,0,0,0,0,0,0,0,0,0,,,,,,,,,,,,,,0,,,,,,,,,,,,,,,,,,,,,,,,,,,,,,,,,,,,,,,
2331,Dead Albion Stone Dragon - Revamped,934,6984,6985,0,0,0,0,0,0,0,200,200,1,50,0,0,0,0,0,0,0,0,0,0,0,0,0,0,0,1,0,0,0,200,0,0,0,0,0,0,0,0,0,0,0,,,,,,,,,,,,,,,,,,,,,,,,,,,,,,,,,,,,,,,,,,,,,,,,,,,,,
2332,Hibernian Dragon Breath Effect Monster,399,0,0,0,0,0,0,0,0,0,100,40,0,0,0,0,0,0,0,0,0,0,0,0,0,0,0,0,0,0,60,72,0,0,0,0,0,0,184,0,0,0,0,0,0,,,,,,,,,,,,,,0,,,,,,,,,,,,,,,,,,,,,,,,,,,,,,,,,,,,,,,
2333,Stone Dragon (always flapping) - revamped,953,6984,6985,0,0,0,0,0,0,0,200,200,1,50,0,0,0,0,0,0,0,0,0,0,0,0,0,0,0,0,0,0,0,200,0,6986,0,0,0,0,0,0,0,0,0,,,,,,,,,,,,,,,,,,,,,,,,,,,,,,,,,,,,,,,,,,,,,,,,,,,,,
2334,Wolf Dragon (always flapping) - revamped,954,6988,6987,0,0,0,0,0,0,0,200,200,1,49,0,0,0,0,0,0,0,0,0,0,0,0,0,0,0,0,0,0,0,200,0,0,0,0,0,0,0,0,0,0,0,,,,,,,,,,,,,,,,,,,,,,,,,,,,,,,,,,,,,,,,,,,,,,,,,,,,,
2335,Hibernian Dragon (always flapping) - revamped,955,6991,6993,0,0,0,0,0,0,0,200,200,1,51,0,0,0,0,0,0,0,0,0,0,0,6992,0,0,0,0,0,0,0,200,0,6990,0,0,0,0,0,0,0,0,0,,,,,,,,,,,,,,0,,,,,,,,,,,,,,,,,,,,,,,,,,,,,,,,,,,,,,,
2336,Stone Dragon (soaring) - revamped,953,6984,6985,0,0,0,0,0,0,0,200,200,1,50,0,0,0,0,0,0,0,0,0,0,0,0,0,0,0,1,0,0,0,200,0,6986,0,0,0,0,0,0,0,0,0,,,,,,,,,,,,,,,,,,,,,,,,,,,,,,,,,,,,,,,,,,,,,,,,,,,,,
2337,Wolf Dragon (soaring) - revamped,954,6988,6987,0,0,0,0,0,0,0,200,200,1,49,0,0,0,0,0,0,0,0,0,0,0,0,0,0,0,1,0,0,0,200,0,0,0,0,0,0,0,0,0,0,0,,,,,,,,,,,,,,,,,,,,,,,,,,,,,,,,,,,,,,,,,,,,,,,,,,,,,
2338,Hibernian Dragon (soaring) - revamped,955,6991,6993,0,0,0,0,0,0,0,200,200,1,51,0,0,0,0,0,0,0,0,0,0,0,6992,0,0,0,1,0,0,0,200,0,6990,0,0,0,0,0,0,0,0,0,,,,,,,,,,,,,,0,,,,,,,,,,,,,,,,,,,,,,,,,,,,,,,,,,,,,,,
2339,Rock Critter,956,7011,0,0,0,0,0,0,0,0,100,70,1,0,0,0,0,0,0,0,0,0,0,0,0,7014,0,0,0,0,0,0,0,0,0,0,0,0,0,0,0,0,0,0,0,,,,,,,,,,,,,,,,,,,, ,,,,,,,,,,,,,,,,,,,,,,,,,,,,,,,,,
2340,Pet Wingless Baby Stone Dragon,959,6999,0,0,0,0,0,0,0,0,75,50,1,50,0,0,0,0,0,1,0,0,0,0,0,7013,0,0,0,0,0,0,0,0,0,0,0,0,0,0,0,0,0,0,0,,,,,,,,,,,,,,0,,,,,,,,,,,,,,,,,,,,,,,,,,,,,,,,,,,,,,,
2341,Pet Wingless Baby Glimmer Dragon,957,7002,0,0,0,0,0,0,0,0,75,50,1,50,0,0,0,0,0,1,0,0,0,0,0,7003,0,0,0,0,0,0,0,0,0,0,0,0,0,0,0,0,0,0,0,,,,,,,,,,,,,,0,,,,,,,,,,,,,,,,,,,,,,,,,,,,,,,,,,,,,,,
2342,Pet Wingless Baby Wolf Dragon,958,7004,0,0,0,0,0,0,0,0,75,50,1,50,0,0,0,0,0,1,0,0,0,0,0,0,0,0,0,0,0,0,0,0,0,0,0,0,0,0,0,0,0,0,0,,,,,,,,,,,,,,0,,,,,,,,,,,,,,,,,,,,,,,,,,,,,,,,,,,,,,,
2343,Dead Svartalf Male Shade Face Down,252,1951,1977,1946,1956,1957,1997,1954,0,0,108,87,1,22,0,0,1963,0,2,0,0,100,0,95,0,0,1,1,0,0,0,0,0,0,0,0,1419,0,0,0,0,0,0,0,0,,,,,,,,,,,,,,1,,,,,,,,,,,,,,,,,,,,,,,,,,,,,,,,,,,,,,,
2344,Dead Svartalf Female Shade Face Down,253,1948,1977,1946,1956,1957,1997,1954,0,0,108,82,1,23,0,0,1982,0,1,0,1,100,0,85,0,0,1,1,0,1,0,0,0,0,0,0,1419,0,0,0,0,0,0,0,0,,,,,,,,,,,,,,1,,,,,,,,,,,,,,,,,,,,,,,,,,,,,,,,,,,,,,,
2345,Dead Svartalf Male Shade Face up,252,1951,1977,1946,1956,1957,1997,1954,0,0,108,87,1,22,0,0,1963,0,2,0,0,100,0,95,0,0,1,1,0,1,0,0,0,0,0,0,1419,0,0,0,0,0,0,0,0,,,,,,,,,,,,,,1,,,,,,,,,,,,,,,,,,,,,,,,,,,,,,,,,,,,,,,
2346,Black Cat,962,7022,0,0,0,0,0,0,0,0,10,25,1,0,0,0,0,0,0,0,0,0,0,0,0,0,0,0,0,0,0,0,0,0,0,0,0,0,0,0,0,0,0,0,0,,,,,,,,,,,,,,,,,,,,,,,,,,,,,,,,,,,,,,,,,,,,,,,,,,,,,
2347,Krumpi,963,7023,0,0,0,0,0,0,0,0,100,80,1,150,0,0,0,0,0,0,0,98,0,95,0,0,0,0,0,0,0,0,0,0,0,0,0,0,0,0,0,0,0,0,98,,,,,,,,,,,,,,,,,,,,,,,,,,,,,,,,,,,,,,,,,,,,,,,,,,,,,
2348,Winterlord_A,964,7024,0,0,0,0,0,0,0,0,100,80,1,150,0,0,0,0,0,0,0,98,0,95,0,0,0,0,0,0,0,0,0,0,0,0,0,0,0,0,0,0,0,0,98,,,,,,,,,,,,,,,,,,,,,,,,,,,,,,,,,,,,,,,,,,,,,,,,,,,,,
2349,Winter_JackFrost,965,7025,0,0,0,0,0,0,0,0,100,80,1,150,0,0,0,0,0,0,0,98,0,95,0,0,0,0,0,0,0,0,0,0,0,0,0,0,0,0,0,0,0,0,98,,,,,,,,,,,,,,,,,,,,,,,,,,,,,,,,,,,,,,,,,,,,,,,,,,,,,
2350,Winterlord_B,966,7026,0,0,0,0,0,0,0,0,100,80,1,150,0,0,0,0,0,0,0,98,0,95,0,0,0,0,0,0,0,0,0,0,0,0,0,0,0,0,0,0,0,0,98,,,,,,,,,,,,,,,,,,,,,,,,,,,,,,,,,,,,,,,,,,,,,,,,,,,,,
2351,amb_rabbit,967,7027,0,0,0,0,0,0,0,0,100,25,1,0,0,0,0,0,0,0,0,0,0,0,0,0,0,0,0,0,0,0,0,0,0,0,0,0,0,0,0,0,0,0,0,,,,,,,,,,,,,,,,,,,,,,,,,,,,,,,,,,,,,,,,,,,,,,,,,,,,,
2352,amb_bird,968,7028,0,0,0,0,0,0,0,0,100,25,1,0,0,0,0,0,0,0,0,0,0,0,0,0,0,0,0,0,0,0,0,0,0,0,0,0,0,0,0,0,0,0,0,,,,,,,,,,,,,,,,,,,,,,,,,,,,,,,,,,,,,,,,,,,,,,,,,,,,,
2353,amb_bird,968,7029,0,0,0,0,0,0,0,0,100,25,1,0,0,0,0,0,0,0,0,0,0,0,0,0,0,0,0,0,0,0,0,0,0,0,0,0,0,0,0,0,0,0,0,,,,,,,,,,,,,,,,,,,,,,,,,,,,,,,,,,,,,,,,,,,,,,,,,,,,,
2354,amb_bird,968,7030,0,0,0,0,0,0,0,0,100,25,1,0,0,0,0,0,0,0,0,0,0,0,0,0,0,0,0,0,0,0,0,0,0,0,0,0,0,0,0,0,0,0,0,,,,,,,,,,,,,,,,,,,,,,,,,,,,,,,,,,,,,,,,,,,,,,,,,,,,,
2355,harbinger_of_spring,969,7031,0,0,0,0,0,0,0,0,100,25,1,0,0,0,0,0,0,0,0,0,0,0,0,0,0,0,0,0,0,0,0,0,0,0,0,0,0,0,0,0,0,0,0,,,,,,,,,,,,,,,,,,,,,,,,,,,,,,,,,,,,,,,,,,,,,,,,,,,,,
2356,amb_bat,970,7032,0,0,0,0,0,0,0,0,100,25,1,0,0,0,0,0,0,0,0,0,0,0,0,0,0,0,0,0,0,0,0,0,0,0,0,0,0,0,0,0,0,0,0,,,,,,,,,,,,,,,,,,,,,,,,,,,,,,,,,,,,,,,,,,,,,,,,,,,,,
2357,Draco_Spirit of War,506,7034,7035,7033,0,0,7036,0,0,0,100,300,1,147,0,0,0,0,0,0,0,0,0,0,0,0,0,0,0,0,0,0,0,100,0,0,1419,0,0,0,0,0,0,0,0,,,,,,,,,,,,,,,,,,,,,,,,,,,,,,,,,,,,,,,,,,,,,,,,,,,,,
2358,Black Ambient Squirrel,971,7037,0,0,0,0,0,0,0,0,100,45,1,0,0,0,0,0,0,0,0,0,0,0,0,0,0,0,0,0,0,0,0,0,0,0,0,0,0,0,0,0,0,0,0,,,,,,,,,,,,,,,,,,,,,,,,,,,,,,,,,,,,,,,,,,,,,,,,,,,,,
2359,Red Ambient Squirrel,971,7038,0,0,0,0,0,0,0,0,100,45,1,0,0,0,0,0,0,0,0,0,0,0,0,0,0,0,0,0,0,0,0,0,0,0,0,0,0,0,0,0,0,0,0,,,,,,,,,,,,,,,,,,,,,,,,,,,,,,,,,,,,,,,,,,,,,,,,,,,,,
2360,Ambient Owl,972,7039,0,0,0,0,0,0,0,0,100,75,1,0,0,0,0,0,0,0,0,0,0,0,0,0,0,0,0,0,0,0,0,0,0,0,0,0,0,0,0,0,0,0,0,,,,,,,,,,,,,,,,,,,,,,,,,,,,,,,,,,,,,,,,,,,,,,,,,,,,,
2361,Blackrat,972,7040,0,0,0,0,0,0,0,0,100,50,1,0,0,0,0,0,0,0,0,0,0,0,0,0,0,0,0,0,0,0,0,0,0,0,0,0,0,0,0,0,0,0,0,,,,,,,,,,,,,,,,,,,,,,,,,,,,,,,,,,,,,,,,,,,,,,,,,,,,,
2362,Treasure Chest,972,7041,0,0,0,0,0,0,0,0,100,50,1,0,0,0,0,0,0,0,0,0,0,0,0,0,0,0,0,0,0,0,0,0,0,0,0,0,0,0,0,0,0,0,0,,,,,,,,,,,,,,,,,,,,,,,,,,,,,,,,,,,,,,,,,,,,,,,,,,,,,
2363,Boobrie Bird,973,7042,0,0,0,0,0,0,0,0,100,120,1,115,0,0,0,0,0,0,0,0,0,0,0,0,0,0,0,0,0,0,0,0,0,0,1419,0,0,0,0,0,0,0,0,,,,,,,,,,,,,,1,,,,,,,,,,,,,,,,,,,,,,,,,,,,,,,,,,,,,,,
2364,Pict Female 1,211,17,1025,18,19,20,21,22,79,0,109,83,1,10,1,0,28,2,2,0,1,96,0,95,0,0,1,1,0,0,0,0,0,0,0,0,1419,0,0,0,0,0,0,0,96,,,,,,,,,,,,,,1,,,,,,,,,,,,,,,,,,,,,,,,,,,,,,,,,,,,,,,
2365,Pict female 2,211,17,1025,18,19,20,21,22,79,0,109,83,1,10,1,0,28,2,2,0,1,96,0,95,0,0,1,1,0,0,0,0,0,0,0,0,1419,0,0,0,0,0,0,0,96,,,,,,,,,,,,,,1,,,,,,,,,,,,,,,,,,,,,,,,,,,,,,,,,,,,,,,
2366,Pict Female 3,211,17,1025,18,19,20,21,22,79,0,109,83,1,10,1,0,28,2,2,0,1,96,0,95,0,0,1,1,0,0,0,0,0,0,0,0,1419,0,0,0,0,0,0,0,96,,,,,,,,,,,,,,1,,,,,,,,,,,,,,,,,,,,,,,,,,,,,,,,,,,,,,,
2367,Snow Pict Female 1,211,17,1025,18,19,20,21,22,79,0,109,83,1,10,1,0,28,2,2,0,1,96,0,95,0,0,1,1,0,0,0,0,0,0,0,0,1419,0,0,0,0,0,0,0,96,,,,,,,,,,,,,,1,,,,,,,,,,,,,,,,,,,,,,,,,,,,,,,,,,,,,,,
2368,Snow Pict Female 2,211,17,1025,18,19,20,21,22,79,0,109,83,1,10,1,0,28,2,2,0,1,96,0,95,0,0,1,1,0,0,0,0,0,0,0,0,1419,0,0,0,0,0,0,0,96,,,,,,,,,,,,,,1,,,,,,,,,,,,,,,,,,,,,,,,,,,,,,,,,,,,,,,
2369,Snow Pict Female 3,211,17,1025,18,19,20,21,22,79,0,109,83,1,10,1,0,28,2,2,0,1,96,0,95,0,0,1,1,0,0,0,0,0,0,0,0,1419,0,0,0,0,0,0,0,96,,,,,,,,,,,,,,1,,,,,,,,,,,,,,,,,,,,,,,,,,,,,,,,,,,,,,,
2370,Pict Male 1,210,16,1024,18,19,20,21,22,79,0,109,88,1,7,1,0,25,2,1,0,0,102,0,100,0,0,1,1,0,0,0,0,0,0,0,0,1419,0,0,0,0,0,0,0,102,,,,,,,,,,,,,,1,,,,,,,,,,,,,,,,,,,,,,,,,,,,,,,,,,,,,,,
2371,Pict Male 2,210,16,1024,18,19,20,21,22,79,0,109,88,1,7,1,0,25,2,1,0,0,102,0,100,0,0,1,1,0,0,0,0,0,0,0,0,1419,0,0,0,0,0,0,0,102,,,,,,,,,,,,,,1,,,,,,,,,,,,,,,,,,,,,,,,,,,,,,,,,,,,,,,
2372,Pict Male 3,210,16,1024,18,19,20,21,22,79,0,109,88,1,7,1,0,25,2,1,0,0,102,0,100,0,0,1,1,0,0,0,0,0,0,0,0,1419,0,0,0,0,0,0,0,102,,,,,,,,,,,,,,1,,,,,,,,,,,,,,,,,,,,,,,,,,,,,,,,,,,,,,,
2373,Snow Pict Male 1,210,16,1024,18,19,20,21,22,79,0,109,88,1,7,1,0,25,2,1,0,0,102,0,100,0,0,1,1,0,0,0,0,0,0,0,0,1419,0,0,0,0,0,0,0,102,,,,,,,,,,,,,,1,,,,,,,,,,,,,,,,,,,,,,,,,,,,,,,,,,,,,,,
2374,Snow Pict Male 1,210,16,1024,18,19,20,21,22,79,0,109,88,1,7,1,0,25,2,1,0,0,102,0,100,0,0,1,1,0,0,0,0,0,0,0,0,1419,0,0,0,0,0,0,0,102,,,,,,,,,,,,,,1,,,,,,,,,,,,,,,,,,,,,,,,,,,,,,,,,,,,,,,
2375,Snow Pict Male 1,210,16,1024,18,19,20,21,22,79,0,109,88,1,7,1,0,25,2,1,0,0,102,0,100,0,0,1,1,0,0,0,0,0,0,0,0,1419,0,0,0,0,0,0,0,102,,,,,,,,,,,,,,1,,,,,,,,,,,,,,,,,,,,,,,,,,,,,,,,,,,,,,,
2375,Snow Pict Male 1,210,16,1024,18,19,20,21,22,79,0,109,88,1,7,1,0,25,2,1,0,0,102,0,100,0,0,1,1,0,0,0,0,0,0,0,0,1419,0,0,0,0,0,0,0,102,,,,,,,,,,,,,,1,,,,,,,,,,,,,,,,,,,,,,,,,,,,,,,,,,,,,,,
2376,Quest Icon Mob,399,0,0,0,0,0,0,0,0,0,100,120,0,0,0,0,0,0,0,0,0,0,0,0,0,0,0,0,0,0,0,0,0,0,0,0,1419,0,190,0,0,0,0,0,0,,,,,,,,,,,,,,0,,,,,,,,,,,,,,,,,,,,,,,,,,,,,,,,,,,,,,,
2377,Lore Quest Icon Mob,399,0,0,0,0,0,0,0,0,0,100,120,0,0,0,0,0,0,0,0,0,0,0,0,0,0,0,0,0,0,0,0,0,0,0,0,1419,0,191,0,0,0,0,0,0,,,,,,,,,,,,,,0,,,,,,,,,,,,,,,,,,,,,,,,,,,,,,,,,,,,,,,
2378,Lesson Quest Icon Mob,399,0,0,0,0,0,0,0,0,0,100,120,0,0,0,0,0,0,0,0,0,0,0,0,0,0,0,0,0,0,0,0,0,0,0,0,1419,0,192,0,0,0,0,0,0,,,,,,,,,,,,,,0,,,,,,,,,,,,,,,,,,,,,,,,,,,,,,,,,,,,,,,
2379,Pending Quest Icon Mob,399,0,0,0,0,0,0,0,0,0,100,120,0,0,0,0,0,0,0,0,0,0,0,0,0,0,0,0,0,0,0,0,0,0,0,0,1419,0,193,0,0,0,0,0,0,,,,,,,,,,,,,,0,,,,,,,,,,,,,,,,,,,,,,,,,,,,,,,,,,,,,,,
2380,Completion Quest Icon Mob,399,0,0,0,0,0,0,0,0,0,100,120,0,0,0,0,0,0,0,0,0,0,0,0,0,0,0,0,0,0,0,0,0,0,0,0,1419,0,194,0,0,0,0,0,0,,,,,,,,,,,,,,0,,,,,,,,,,,,,,,,,,,,,,,,,,,,,,,,,,,,,,,
2381,NecromancerPet,318,1260,0,0,0,0,0,0,0,0,120,95,1,44,0,0,0,0,0,0,0,100,0,95,0,1261,0,0,0,0,0,0,0,0,0,0,1419,0,0,0,0,0,0,0,100,,,,,,,,,,,,,,1,,,,,,,,,,,,,,,,,,,,,,,,,,,,,,,,,,,,,,,
2382,Wolf Dragon,302,1195,1196,1197,0,0,0,0,0,0,200,200,0,49,0,0,0,0,0,0,0,0,0,0,0,0,0,0,0,0,0,0,0,200,0,0,1419,0,0,0,0,0,0,0,0,,,,,,,,,,,,,,,,,,,,,,,,,,,,,,,,,,,,,,,,,,,,,,,,,,,,,
2383,Glimmer Dragon,304,1204,1205,1206,0,0,0,0,0,0,200,200,0,51,0,0,0,0,0,0,0,0,0,0,0,1225,0,0,0,0,0,0,0,200,1227,1226,1419,0,0,0,0,0,0,0,0,,,,,,,,,,,,,,,,,,,,,,,,,,,,,,,,,,,,,,,,,,,,,,,,,,,,,
2384,Stone Dragon,303,1198,1199,1200,0,0,0,0,0,0,200,200,0,50,0,0,0,0,0,0,0,0,0,0,0,0,0,0,0,0,0,0,0,200,0,0,1419,0,0,0,0,0,0,0,0,,,,,,,,,,,,,,,,,,,,,,,,,,,,,,,,,,,,,,,,,,,,,,,,,,,,,
2385,Skinny Giant,310,1219,1220,0,0,0,0,0,0,0,100,70,1,29,0,0,0,0,0,0,0,0,0,0,0,0,0,0,0,0,0,0,0,0,0,0,1419,0,0,0,0,0,0,0,0,,,,,,,,,,,,,,1,,,,,,1,,,,,,,,,,,,,,,,,,,,,,,,,,,,,,,,,
2386,Alternate Skinny Giant,310,1221,1222,0,0,0,0,0,0,0,100,70,1,29,0,0,0,0,0,0,0,0,0,0,0,0,0,0,0,0,0,0,0,0,0,0,1419,0,0,0,0,0,0,0,0,,,,,,,,,,,,,,1,,,,,,1,,,,,,,,,,,,,,,,,,,,,,,,,,,,,,,,,
2387,Scaley werewolf leader,249,1201,0,0,0,0,0,0,0,0,110,80,1,33,0,0,0,0,0,0,0,0,0,0,0,0,0,0,0,0,0,0,0,0,0,0,1419,0,0,0,0,0,0,0,0,,,,,,,,,,,,,,1,,,,,,1,,,,,,,,,,,,,,,,,,,,,,,,,,,,,,,,,
2388,Glimmer Caster 1,308,1212,0,0,0,0,0,0,0,0,70,100,1,38,0,0,0,0,0,0,0,100,0,0,0,1214,0,0,0,0,0,0,0,0,0,0,1419,0,0,0,0,0,0,0,100,,,,,,,,,,,,,,1,,,,,,,,,,,,,,,,,,,,,,,,,,,,,,,,,,,,,,,
2389,Glimmer Ghoul,309,1215,0,0,0,0,0,0,0,0,115,80,1,16,0,0,0,0,0,0,0,0,0,0,0,1216,0,0,0,0,0,0,0,0,0,0,1419,0,0,0,0,0,0,0,0,,,,,,,,,,,,,,1,,,,,,,,,,,,,,,,,,,,,,,,,,,,,,,,,,,,,,,
2390,Glimmer Knight 1,307,1211,1209,0,0,0,0,0,0,0,120,85,1,37,0,0,0,0,0,0,0,100,0,95,0,1217,0,0,0,0,0,0,0,0,0,0,1419,0,0,0,0,0,0,0,100,,,,,,,,,,,,,,1,,,,,,,,,,,,,,,,,,,,,,,,,,,,,,,,,,,,,,,
2391,Scaley Werewolf Shaman,249,1202,0,0,0,0,0,0,0,0,110,80,1,33,0,0,0,0,0,0,0,0,0,0,0,0,0,0,0,0,0,0,0,0,0,0,1419,0,0,0,0,0,0,0,0,,,,,,,,,,,,,,,,,,,,,,,,,,,,,,,,,,,,,,,,,,,,,,,,,,,,,
2392,Scaley werewolf Soldier,249,1203,0,0,0,0,0,0,0,0,110,80,1,33,0,0,0,0,0,0,0,0,0,0,0,0,0,0,0,0,0,0,0,0,0,0,1419,0,0,0,0,0,0,0,0,,,,,,,,,,,,,,,,,,,,,,,,,,,,,,,,,,,,,,,,,,,,,,,,,,,,,
2393,Dragowolf,305,1207,0,0,0,0,0,0,0,0,100,65,0,15,0,0,0,0,0,0,0,0,0,0,0,0,0,0,0,0,0,0,0,0,0,0,1419,0,0,0,0,0,0,0,0,,,,,,,,,,,,,,0,,,,,,,,,,,,,,,,,,,,,,,,,,,,,,,,,,,,,,,
2394,Glimmer Caster 2,308,1213,0,0,0,0,0,0,0,0,70,100,1,38,0,0,0,0,0,1,0,100,0,0,0,1214,0,0,0,0,0,0,0,0,0,0,1419,0,0,0,0,0,0,0,100,,,,,,,,,,,,,,1,,,,,,,,,,,,,,,,,,,,,,,,,,,,,,,,,,,,,,,
2395,Glimmer Knight 2,307,1210,1209,0,0,0,0,0,0,0,120,85,1,37,0,0,0,0,0,0,0,100,0,95,0,1218,0,0,0,0,0,0,0,0,0,0,1419,0,0,0,0,0,0,0,100,,,,,,,,,,,,,,1,,,,,,,,,,,,,,,,,,,,,,,,,,,,,,,,,,,,,,,
2396,Werewolf soldier,249,255,0,0,0,0,0,0,0,0,110,80,1,33,0,0,0,0,0,0,0,0,0,0,0,0,1,0,0,0,0,0,0,0,0,0,1419,0,0,0,0,0,0,0,0,,,,,,,,,,,,,,,,,,,,,,,,,,,,,,,,,,,,,,,,,,,,,,,,,,,,,
2397,werewolf leader,249,1032,0,0,0,0,0,0,0,0,110,80,1,33,0,0,0,0,0,0,0,0,0,0,0,0,1,0,0,0,0,0,0,0,0,0,1419,0,0,0,0,0,0,0,0,,,,,,,,,,,,,,,,,,,,,,,,,,,,,,,,,,,,,,,,,,,,,,,,,,,,,
2398,werewolf shaman,249,1033,0,0,0,0,0,0,0,0,110,80,1,33,0,0,0,0,0,0,0,0,0,0,0,0,1,0,0,0,0,0,0,0,0,0,1419,0,0,0,0,0,0,0,0,,,,,,,,,,,,,,,,,,,,,,,,,,,,,,,,,,,,,,,,,,,,,,,,,,,,,
2399,Vein Spider 2,216,153,0,0,0,0,0,0,0,0,100,65,1,14,0,0,0,0,0,1,0,0,0,0,0,0,0,0,0,0,0,0,0,0,0,0,1419,0,0,0,0,0,0,0,0,,,,,,,,,,,,,,0,,,,,,,,,,,,,,,,,,,,,,,,,,,,,,,,,,,,,,,
2400,Carrion Eater 3 (spider),216,154,0,0,0,0,0,0,0,0,100,65,1,14,0,0,0,0,0,1,0,0,0,0,0,0,0,0,0,0,0,0,0,0,0,0,1419,0,0,0,0,0,0,0,0,,,,,,,,,,,,,,0,,,,,,,,,,,,,,,,,,,,,,,,,,,,,,,,,,,,,,,
2401,empty,0,0,0,0,0,0,0,0,0,0,100,75,1,0,0,0,0,0,0,0,0,0,0,0,0,0,0,0,0,0,0,0,0,0,0,0,1419,0,0,0,0,0,0,0,0,,,,,,,,,,,,,,0,,,,,,,,,,,,,,,,,,,,,,,,,,,,,,,,,,,,,,,
2402,empty,0,0,0,0,0,0,0,0,0,0,100,75,1,0,0,0,0,0,0,0,0,0,0,0,0,0,0,0,0,0,0,0,0,0,0,0,1419,0,0,0,0,0,0,0,0,,,,,,,,,,,,,,0,,,,,,,,,,,,,,,,,,,,,,,,,,,,,,,,,,,,,,,
2403,empty,0,0,0,0,0,0,0,0,0,0,100,75,1,0,0,0,0,0,0,0,0,0,0,0,0,0,0,0,0,0,0,0,0,0,0,0,1419,0,0,0,0,0,0,0,0,,,,,,,,,,,,,,0,,,,,,,,,,,,,,,,,,,,,,,,,,,,,,,,,,,,,,,
2404,Grass Lynx,234,162,0,0,0,0,0,0,0,0,100,65,1,30,0,0,0,0,0,0,0,0,0,0,0,0,0,0,0,0,0,0,0,0,0,0,1419,0,0,0,0,0,0,0,0,,,,,,,,,,,,,,0,,,,,,,,,,,,,,,,,,,,,,,,,,,,,,,,,,,,,,,
2405,Sprite,236,164,0,0,0,0,0,0,0,0,100,65,1,3,0,0,0,0,0,0,0,0,0,0,0,0,0,0,0,0,0,0,0,0,0,0,1419,0,0,0,0,0,0,0,0,,,,,,,,,,,,,,0,,,,,,,,,,,,,,,,,,,,,,,,,,,,,,,,,,,,,,,
2406,Classicmod Ruby Simulacrum,245,244,0,0,0,0,0,0,0,0,100,80,1,3,0,0,0,0,0,0,0,0,0,0,0,242,0,0,0,0,0,0,0,0,0,0,1419,0,0,0,0,0,0,0,0,,,,,,,,,,,,,,1,,,,,,,,,,,,,,,,,,,,,,,,,,,,,,,,,,,,,,,
2407,Classicmod Sapphire Simulacrum,245,245,0,0,0,0,0,0,0,0,100,80,1,3,0,0,0,0,0,0,0,0,0,0,0,242,0,0,0,0,0,0,0,0,0,0,1419,0,0,0,0,0,0,0,0,,,,,,,,,,,,,,1,,,,,,,,,,,,,,,,,,,,,,,,,,,,,,,,,,,,,,,
2408,Classicmod Green Cabalist Pet,245,246,0,0,0,0,0,0,0,0,100,80,1,3,0,0,0,0,0,0,0,0,0,0,0,242,0,0,0,0,0,0,0,0,0,0,1419,0,0,0,0,0,0,0,0,,,,,,,,,,,,,,1,,,,,,,,,,,,,,,,,,,,,,,,,,,,,,,,,,,,,,,
2409,Goblin 2,246,248,0,0,0,0,0,0,0,0,120,80,1,31,0,0,0,0,0,0,0,0,0,0,0,0,0,0,0,0,0,0,0,0,0,0,1419,0,0,0,0,0,0,0,0,,,,,,,,,,,,,,1,,,,,,,,,,,,,,,,,,,,,,,,,,,,,,,,,,,,,,,
2410,Goblin 2 Warrior,246,247,0,0,0,0,0,0,0,0,120,80,1,31,0,0,0,0,0,0,0,0,0,0,0,0,0,0,0,0,0,0,0,0,0,0,1419,0,0,0,0,0,0,0,0,,,,,,,,,,,,,,1,,,,,,,,,,,,,,,,,,,,,,,,,,,,,,,,,,,,,,,
2411,Goblin 2 Whelp,246,250,0,0,0,0,0,0,0,0,120,80,1,31,0,0,0,0,0,0,0,0,0,0,0,0,0,0,0,0,0,0,0,0,0,0,1419,0,0,0,0,0,0,0,0,,,,,,,,,,,,,,1,,,,,,,,,,,,,,,,,,,,,,,,,,,,,,,,,,,,,,,
2412,Goblin 2 Shaman,246,249,0,0,0,0,0,0,0,0,120,80,1,31,0,0,0,0,0,0,0,0,0,0,0,0,0,0,0,0,0,0,0,0,0,0,1419,0,0,0,0,0,0,0,0,,,,,,,,,,,,,,1,,,,,,,,,,,,,,,,,,,,,,,,,,,,,,,,,,,,,,,
2413,Giant with Belt,232,147,0,0,0,0,0,0,0,0,500,400,1,29,0,0,0,0,0,0,0,0,0,0,0,0,0,0,0,0,0,0,0,0,0,0,1419,0,0,0,0,0,0,0,0,,,,,,,,,,,,,,1,,,,,,,,,,,,,,,,,,,,,,,,,,,,,,,,,,,,,,,
2414,ice lizard,223,1034,0,0,0,0,0,0,0,0,100,85,1,18,0,0,0,0,0,1,0,0,0,0,0,0,0,0,0,0,0,0,0,0,0,0,1419,0,0,0,0,0,0,0,0,,,,,,,,,,,,,,0,,,,,,,,,,,,,,,,,,,,,,,,,,,,,,,,,,,,,,,
2415,green lizard,223,1035,0,0,0,0,0,0,0,0,100,85,1,18,0,0,0,0,0,1,0,0,0,0,0,0,0,0,0,0,0,0,0,0,0,0,1419,0,0,0,0,0,0,0,0,,,,,,,,,,,,,,0,,,,,,,,,,,,,,,,,,,,,,,,,,,,,,,,,,,,,,,
2416,silver lizard,223,1036,0,0,0,0,0,0,0,0,100,85,1,18,0,0,0,0,0,1,0,0,0,0,0,0,0,0,0,0,0,0,0,0,0,0,1419,0,0,0,0,0,0,0,0,,,,,,,,,,,,,,0,,,,,,,,,,,,,,,,,,,,,,,,,,,,,,,,,,,,,,,
2417,Ettin,258,1037,0,0,0,0,0,0,0,0,150,125,1,34,0,0,0,0,0,0,0,0,0,0,0,0,0,0,0,0,0,0,0,0,0,0,1419,0,0,0,0,0,0,0,0,,,,,,,,,,,,,,0,,,,,,,,,,,,,,,,,,,,,,,,,,,,,,,,,,,,,,,
2418,Ogre,259,1038,0,0,0,0,0,0,0,0,200,150,1,34,0,0,0,0,0,0,0,0,0,0,0,0,0,0,0,0,0,0,0,0,0,0,1419,0,0,0,0,0,0,0,0,,,,,,,,,,,,,,1,,,,,,,,,,,,,,,,,,,,,,,,,,,,,,,,,,,,,,,
2419,Cyclops,232,1039,0,0,0,0,0,0,0,0,200,150,1,29,0,0,0,0,0,0,0,0,0,0,0,0,0,0,0,0,0,0,0,0,0,0,1419,0,0,0,0,0,0,0,0,,,,,,,,,,,,,,1,,,,,,,,,,,,,,,,,,,,,,,,,,,,,,,,,,,,,,,
2420,Scrag,263,1049,0,0,0,0,0,0,0,0,120,70,1,3,0,0,0,0,0,0,0,0,0,0,0,0,0,0,0,0,0,0,0,0,0,0,1419,0,0,0,0,0,0,0,0,,,,,,,,,,,,,,0,,,,,,,,,,,,,,,,,,,,,,,,,,,,,,,,,,,,,,,
2421,Brown horse,262,1048,0,0,0,0,0,0,0,0,100,85,1,41,0,0,0,0,0,0,0,0,0,0,0,0,0,0,0,0,0,0,0,0,0,0,1419,0,0,0,0,0,0,0,0,,,,,,,,,,,,,,0,,,,,,,,,,,,,,,,,,,,,,,,,,,,,,,,,,,,,,,
2422,Blue Wight,276,1069,0,0,0,0,0,0,0,0,75,105,1,37,0,0,0,0,0,0,0,0,0,0,0,0,0,0,0,0,0,0,0,0,0,0,1419,0,0,0,0,0,0,0,0,,,,,,,,,,,,,,1,,,,,,,,,,,,,,,,,,,,,,,,,,,,,,,,,,,,,,,
2423,white horse,262,1078,0,0,0,0,0,0,0,0,100,85,1,41,0,0,0,0,0,0,0,0,0,0,0,0,0,0,0,0,0,0,0,0,0,0,1419,0,0,0,0,0,0,0,0,,,,,,,,,,,,,,0,,,,,,,,,,,,,,,,,,,,,,,,,,,,,,,,,,,,,,,
2424,Speckled Horse,262,1079,0,0,0,0,0,0,0,0,100,85,1,41,0,0,0,0,0,0,0,0,0,0,0,0,0,0,0,0,0,0,0,0,0,0,1419,0,0,0,0,0,0,0,0,,,,,,,,,,,,,,0,,,,,,,,,,,,,,,,,,,,,,,,,,,,,,,,,,,,,,,
2425,Dark Brown Horse,262,1080,0,0,0,0,0,0,0,0,100,85,1,41,0,0,0,0,0,0,0,0,0,0,0,0,0,0,0,0,0,0,0,0,0,0,1419,0,0,0,0,0,0,0,0,,,,,,,,,,,,,,0,,,,,,,,,,,,,,,,,,,,,,,,,,,,,,,,,,,,,,,
2426,Black Horse,262,1081,0,0,0,0,0,0,0,0,100,85,1,41,0,0,0,0,0,0,0,0,0,0,0,0,0,0,0,0,0,0,0,0,0,0,1419,0,0,0,0,0,0,0,0,,,,,,,,,,,,,,0,,,,,,,,,,,,,,,,,,,,,,,,,,,,,,,,,,,,,,,
2427,Classicmod Amber Simulacrum,245,243,0,0,0,0,0,0,0,0,100,80,1,3,0,0,0,0,0,0,0,0,0,0,0,242,0,0,0,0,0,0,0,0,0,0,1419,0,0,0,0,0,0,0,0,,,,,,,,,,,,,,1,,,,,,,,,,,,,,,,,,,,,,,,,,,,,,,,,,,,,,,
2428,Snow Worm,233,1084,0,0,0,0,0,0,0,0,100,70,1,3,0,0,0,0,0,1,0,0,0,0,0,0,0,0,0,0,0,0,0,0,0,0,1419,0,0,0,0,0,0,0,0,,,,,,,,,,,,,,0,,,,,,,,,,,,,,,,,,,,,,,,,,,,,,,,,,,,,,,
2429,swamp worm,233,1088,0,0,0,0,0,0,0,0,100,70,1,3,0,0,0,0,0,1,0,0,0,0,0,0,0,0,0,0,0,0,0,0,0,0,1419,0,0,0,0,0,0,0,0,,,,,,,,,,,,,,0,,,,,,,,,,,,,,,,,,,,,,,,,,,,,,,,,,,,,,,
2430,Earth worm,233,1089,0,0,0,0,0,0,0,0,100,70,1,3,0,0,0,0,0,1,0,0,0,0,0,0,0,0,0,0,0,0,0,0,0,0,1419,0,0,0,0,0,0,0,0,,,,,,,,,,,,,,0,,,,,,,,,,,,,,,,,,,,,,,,,,,,,,,,,,,,,,,
2431,Snow Wolf,212,1090,0,0,0,0,0,0,0,0,100,65,0,15,0,0,0,0,0,0,0,0,0,0,0,0,0,0,0,0,0,0,0,0,0,0,1419,0,0,0,0,0,0,0,0,,,,,,,,,,,,,,0,,,,,,,,,,,,,,,,,,,,,,,,,,,,,,,,,,,,,,,
2432,Snow Ogre,259,1091,0,0,0,0,0,0,0,0,200,150,1,34,0,0,0,0,0,0,0,0,0,0,0,0,0,0,0,0,0,0,0,0,0,0,1419,0,0,0,0,0,0,0,0,,,,,,,,,,,,,,1,,,,,,,,,,,,,,,,,,,,,,,,,,,,,,,,,,,,,,,
2433,Snow Werewolf,249,1093,0,0,0,0,0,0,0,0,110,80,1,33,0,0,0,0,0,0,0,0,0,0,0,0,1,0,0,0,0,0,0,0,0,0,1419,0,0,0,0,0,0,0,0,,,,,,,,,,,,,,1,,,,,,,,,,,,,,,,,,,,,,,,,,,,,,,,,,,,,,,
2434,Black Unicorn,285,1050,0,0,0,0,0,0,0,0,100,85,1,3,0,0,0,0,0,0,0,0,0,0,0,0,0,0,0,0,0,0,0,0,0,0,1419,0,0,0,0,0,0,0,0,,,,,,,,,,,,,,0,,,,,,,,,,,,,,,,,,,,,,,,,,,,,,,,,,,,,,,
2435,empty,0,0,0,0,0,0,0,0,0,0,100,75,1,0,0,0,0,0,0,0,0,0,0,0,0,0,0,0,0,0,0,0,0,0,0,0,1419,0,0,0,0,0,0,0,0,,,,,,,,,,,,,,0,,,,,,,,,,,,,,,,,,,,,,,,,,,,,,,,,,,,,,,
2436,Diseased Rat,288,1147,0,0,0,0,0,0,0,0,100,65,1,3,0,0,0,0,0,1,0,0,0,0,0,0,0,0,0,0,0,0,0,0,0,0,1419,0,0,0,0,0,0,0,0,,,,,,,,,,,,,,0,,,,,,,,,,,,,,,,,,,,,,,,,,,,,,,,,,,,,,,
2437,empty,0,0,0,0,0,0,0,0,0,0,100,75,1,0,0,0,0,0,0,0,0,0,0,0,0,0,0,0,0,0,0,0,0,0,0,0,1419,0,0,0,0,0,0,0,0,,,,,,,,,,,,,,0,,,,,,,,,,,,,,,,,,,,,,,,,,,,,,,,,,,,,,,
2438,empty,0,0,0,0,0,0,0,0,0,0,100,75,1,0,0,0,0,0,0,0,0,0,0,0,0,0,0,0,0,0,0,0,0,0,0,0,1419,0,0,0,0,0,0,0,0,,,,,,,,,,,,,,0,,,,,,,,,,,,,,,,,,,,,,,,,,,,,,,,,,,,,,,
2439,Plant Scrag,263,1150,0,0,0,0,0,0,0,0,120,70,1,3,0,0,0,0,0,0,0,0,0,0,0,0,0,0,0,0,0,0,0,0,0,0,1419,0,0,0,0,0,0,0,0,,,,,,,,,,,,,,0,,,,,,,,,,,,,,,,,,,,,,,,,,,,,,,,,,,,,,,
2440,empty,0,0,0,0,0,0,0,0,0,0,100,75,1,0,0,0,0,0,0,0,0,0,0,0,0,0,0,0,0,0,0,0,0,0,0,0,1419,0,0,0,0,0,0,0,0,,,,,,,,,,,,,,0,,,,,,,,,,,,,,,,,,,,,,,,,,,,,,,,,,,,,,,
2441,Giant Mite,292,1163,0,0,0,0,0,0,0,0,100,75,1,43,0,0,0,0,0,1,0,0,0,0,0,0,0,0,0,0,0,0,0,0,0,0,1419,0,0,0,0,0,0,0,0,,,,,,,,,,,,,,0,,,,,,,,,,,,,,,,,,,,,,,,,,,,,,,,,,,,,,,
2442,Weird Land Creature,293,1164,0,0,0,0,0,0,0,0,100,75,1,43,0,0,0,0,0,1,0,0,0,0,0,0,0,0,0,0,0,0,0,0,0,0,1419,0,0,0,0,0,0,0,0,,,,,,,,,,,,,,0,,,,,,,,,,,,,,,,,,,,,,,,,,,,,,,,,,,,,,,
2443,empty,0,0,0,0,0,0,0,0,0,0,100,75,1,0,0,0,0,0,0,0,0,0,0,0,0,0,0,0,0,0,0,0,0,0,0,0,1419,0,0,0,0,0,0,0,0,,,,,,,,,,,,,,0,,,,,,,,,,,,,,,,,,,,,,,,,,,,,,,,,,,,,,,
2444,frostbitten huldu,235,1175,0,0,0,0,0,0,0,0,100,50,1,17,0,0,0,0,0,0,0,0,0,0,0,0,0,0,0,0,0,0,0,0,0,0,1419,0,0,0,0,0,0,0,0,,,,,,,,,,,,,,0,,,,,,,,,,,,,,,,,,,,,,,,,,,,,,,,,,,,,,,
2445,frostbitten brownie,227,1175,0,0,0,0,0,0,0,0,100,50,1,17,0,0,0,0,0,0,0,0,0,0,0,0,0,0,0,0,0,0,0,0,0,0,1419,0,0,0,0,0,0,0,0,,,,,,,,,,,,,,0,,,,,,,,,,,,,,,,,,,,,,,,,,,,,,,,,,,,,,,
2446,Rock Lizard,223,1176,0,0,0,0,0,0,0,0,100,85,1,18,0,0,0,0,0,1,0,0,0,0,0,0,0,0,0,0,0,0,0,0,0,0,1419,0,0,0,0,0,0,0,0,,,,,,,,,,,,,,0,,,,,,,,,,,,,,,,,,,,,,,,,,,,,,,,,,,,,,,
2447,Stone Scrag,263,1182,0,0,0,0,0,0,0,0,120,70,1,3,0,0,0,0,0,0,0,0,0,0,0,0,0,0,0,0,0,0,0,0,0,0,1419,0,0,0,0,0,0,0,0,,,,,,,,,,,,,,0,,,,,,,,,,,,,,,,,,,,,,,,,,,,,,,,,,,,,,,
2448,Ice Cyclops,232,1181,0,0,0,0,0,0,0,0,200,150,1,29,0,0,0,0,0,0,0,0,0,0,0,0,0,0,0,0,0,0,0,0,0,0,1419,0,0,0,0,0,0,0,0,,,,,,,,,,,,,,1,,,,,,,,,,,,,,,,,,,,,,,,,,,,,,,,,,,,,,,
2449,Winged Demon,297,1187,0,0,0,0,0,0,0,0,100,100,1,44,0,0,0,0,0,0,0,0,0,0,0,0,0,0,0,0,0,0,140,0,0,0,1419,0,0,0,0,0,0,0,0,,,,,,,,,,,,,,0,,,,,,,,,,,,,,,,,,,,,,,,,,,,,,,,,,,,,,,
2450,Imp,298,1188,0,0,0,0,0,0,0,0,50,60,1,46,0,0,0,0,0,0,0,0,0,0,0,0,0,0,0,0,0,0,75,0,0,0,1419,0,0,0,0,0,0,0,0,,,,,,,,,,,,,,1,,,,,,,,,,,,,,,,,,,,,,,,,,,,,,,,,,,,,,,
2451,Rock Ogre Boss,301,1192,0,0,0,0,0,0,0,0,200,140,1,34,0,0,0,0,0,0,0,0,0,0,0,0,0,0,0,0,0,0,0,0,0,0,1419,0,0,0,0,0,0,0,0,,,,,,,,,,,,,,1,,,,,,,,,,,,,,,,,,,,,,,,,,,,,,,,,,,,,,,
2452,mid level rock ogre,301,1193,0,0,0,0,0,0,0,0,200,140,1,34,0,0,0,0,0,0,0,0,0,0,0,0,0,0,0,0,0,0,0,0,0,0,1419,0,0,0,0,0,0,0,0,,,,,,,,,,,,,,1,,,,,,,,,,,,,,,,,,,,,,,,,,,,,,,,,,,,,,,
2453,Rock Ogre flunky,301,1194,0,0,0,0,0,0,0,0,200,140,1,34,0,0,0,0,0,0,0,0,0,0,0,0,0,0,0,0,0,0,0,0,0,0,1419,0,0,0,0,0,0,0,0,,,,,,,,,,,,,,1,,,,,,,,,,,,,,,,,,,,,,,,,,,,,,,,,,,,,,,
2454,Legion,312,1233,1233,1233,0,0,1234,0,0,0,100,200,1,53,0,0,0,0,0,0,0,0,0,0,0,1235,0,0,0,0,0,0,0,150,1237,1236,1419,0,0,0,0,0,0,0,0,,,,,,,,,,,,,,1,,,,,,,,,,,,,,,,,,,,,,,,,,,,,,,,,,,,,,,
2455,Ash Demon,297,1238,0,0,0,0,0,0,0,0,100,100,1,44,0,0,0,0,0,0,0,0,0,0,0,0,0,0,0,0,0,0,120,0,0,0,1419,0,0,0,0,0,0,0,0,,,,,,,,,,,,,,1,,,,,,,,,,,,,,,,,,,,,,,,,,,,,,,,,,,,,,,
2456,Fiery Demon,297,1239,0,0,0,0,0,0,0,0,100,100,1,44,0,0,0,0,0,0,0,0,0,0,0,0,0,0,0,0,0,0,120,0,0,0,1419,0,0,0,0,0,0,0,0,,,,,,,,,,,,,,1,,,,,,,,,,,,,,,,,,,,,,,,,,,,,,,,,,,,,,,
2457,Demon Caster,308,1240,0,0,0,0,0,0,0,0,70,100,1,38,0,0,0,0,0,0,0,100,0,0,0,0,0,0,0,0,0,0,0,0,0,0,1419,0,0,0,0,0,0,0,100,,,,,,,,,,,,,,1,,,,,,,,,,,,,,,,,,,,,,,,,,,,,,,,,,,,,,,
2458,Golden Imp,298,1241,0,0,0,0,0,0,0,0,50,60,1,46,0,0,0,0,0,0,0,100,0,0,0,0,0,0,0,0,0,0,75,0,0,0,1419,2,0,0,0,0,0,0,0,,,,,,,,,,,,,,1,,,,,,,,,,,,,,,,,,,,,,,,,,,,,,,,,,,,,,,
2459,Red Imp,298,1242,0,0,0,0,0,0,0,0,50,60,1,46,0,0,0,0,0,0,0,100,0,0,0,0,0,0,0,0,0,0,75,0,0,0,1419,2,0,0,0,0,0,0,0,,,,,,,,,,,,,,1,,,,,,,,,,,,,,,,,,,,,,,,,,,,,,,,,,,,,,,
2460,empty,0,0,0,0,0,0,0,0,0,0,100,75,1,0,0,0,0,0,0,0,0,0,0,0,0,0,0,0,0,0,0,0,0,0,0,0,1419,0,0,0,0,0,0,0,0,,,,,,,,,,,,,,0,,,,,,,,,,,,,,,,,,,,,,,,,,,,,,,,,,,,,,,
2461,3 Headed Demon,313,1246,1247,1245,0,0,1248,0,0,0,100,100,1,55,0,0,0,0,0,0,0,0,0,0,0,0,0,0,0,0,0,0,0,0,0,0,1419,0,0,0,0,0,0,0,0,,,,,,,,,,,,,,0,,,,,,,,,,,,,,,,,,,,,,,,,,,,,,,,,,,,,,,
2462,Hag,314,1249,0,0,0,0,0,0,0,0,100,135,1,58,0,0,0,0,0,0,0,0,0,0,0,0,0,0,0,0,0,0,0,0,0,0,1419,0,0,0,0,0,0,0,0,,,,,,,,,,,,,,1,,,,,,,,,,,,,,,,,,,,,,,,,,,,,,,,,,,,,,,
2463,Succubus,315,1250,0,0,0,0,0,0,0,0,100,130,1,58,0,0,0,0,0,0,0,0,0,0,0,0,0,0,0,0,50,62,140,0,0,0,1419,0,0,0,0,0,0,0,0,,,,,,,,,,,,,,1,,,,,,,,,,,,,,,,,,,,,,,,,,,,,,,,,,,,,,,
2464,Wolf 2 Base,316,1253,0,0,0,0,0,0,0,0,100,65,1,15,0,0,0,0,0,0,0,0,0,0,0,0,0,0,0,0,0,0,0,0,0,0,1419,0,0,0,0,0,0,0,0,,,,,,,,,,,,,,0,,,,,,,,,,,,,,,,,,,,,,,,,,,,,,,,,,,,,,,
2465,black wolf 2,316,1254,0,0,0,0,0,0,0,0,100,65,1,15,0,0,0,0,0,0,0,0,0,0,0,0,0,0,0,0,0,0,0,0,0,0,1419,0,0,0,0,0,0,0,0,,,,,,,,,,,,,,0,,,,,,,,,,,,,,,,,,,,,,,,,,,,,,,,,,,,,,,
2466,demon wolf 2,316,1255,0,0,0,0,0,0,0,0,100,65,1,15,0,0,0,0,0,0,0,0,0,0,0,0,0,0,0,0,0,0,0,0,0,0,1419,0,0,0,0,0,0,0,0,,,,,,,,,,,,,,0,,,,,,,,,,,,,,,,,,,,,,,,,,,,,,,,,,,,,,,
2467,white wolf 2,316,1256,0,0,0,0,0,0,0,0,100,65,1,15,0,0,0,0,0,0,0,0,0,0,0,0,0,0,0,0,0,0,0,0,0,0,1419,0,0,0,0,0,0,0,0,,,,,,,,,,,,,,0,,,,,,,,,,,,,,,,,,,,,,,,,,,,,,,,,,,,,,,
2468,zombie wolf 2,316,1257,0,0,0,0,0,0,0,0,100,65,1,15,0,0,0,0,0,0,0,0,0,0,0,0,0,0,0,0,0,0,0,0,0,0,1419,0,0,0,0,0,0,0,0,,,,,,,,,,,,,,0,,,,,,,,,,,,,,,,,,,,,,,,,,,,,,,,,,,,,,,
2469,Huge Worm,233,151,0,0,0,0,0,0,0,0,300,70,1,3,0,0,0,0,0,1,0,0,0,0,0,0,0,0,0,0,0,0,0,0,0,0,1419,0,0,0,0,0,0,0,0,,,,,,,,,,,,,,0,,,,,,,,,,,,,,,,,,,,,,,,,,,,,,,,,,,,,,,
2470,Wraith,319,1262,0,0,0,0,0,0,0,0,100,170,1,59,0,0,0,0,0,0,0,0,0,0,0,0,0,0,0,0,0,0,0,0,0,0,1419,0,0,0,0,0,0,0,0,,,,,,,,,,,,,,0,,,,,,,,,,,,,,,,,,,,,,,,,,,,,,,,,,,,,,,
2471,Demon Wraith,319,1263,0,0,0,0,0,0,0,0,100,170,1,59,0,0,0,0,0,0,0,0,0,0,0,0,0,0,0,0,0,0,0,0,0,0,1419,0,0,0,0,0,0,0,0,,,,,,,,,,,,,,1,,,,,,,,,,,,,,,,,,,,,,,,,,,,,,,,,,,,,,,
2472,Standard Hulker,320,1264,0,0,0,0,0,0,0,0,100,70,1,57,0,0,0,0,0,0,0,0,0,0,0,0,0,0,0,0,0,0,0,0,0,0,1419,0,0,0,0,0,0,0,0,,,,,,,,,,,,,,1,,,,,,,,,,,,,,,,,,,,,,,,,,,,,,,,,,,,,,,
2473,Locust Head,321,1266,1265,1268,0,0,1267,0,0,0,100,75,1,54,0,0,0,0,0,0,0,0,0,0,0,0,0,0,0,0,0,0,0,0,0,0,1419,2,0,0,0,0,0,0,0,,,,,,,,,,,,,,1,,,,,,,,,,,,,,,,,,,,,,,,,,,,,,,,,,,,,,,
2474,Hulker Boss,320,1272,0,0,0,0,0,0,0,0,100,70,1,57,0,0,0,0,0,0,0,0,0,0,0,0,0,0,0,0,0,0,0,0,0,0,1419,0,0,0,0,0,0,0,0,,,,,,,,,,,,,,1,,,,,,,,,,,,,,,,,,,,,,,,,,,,,,,,,,,,,,,
2475,Hulker 3,320,1273,0,0,0,0,0,0,0,0,100,70,1,57,0,0,0,0,0,0,0,0,0,0,0,0,0,0,0,0,0,0,0,0,0,0,1419,0,0,0,0,0,0,0,0,,,,,,,,,,,,,,1,,,,,,,,,,,,,,,,,,,,,,,,,,,,,,,,,,,,,,,
2476,Demon Hag,314,1274,0,0,0,0,0,0,0,0,100,135,1,58,0,0,0,0,0,0,0,0,0,0,0,0,0,0,0,0,0,0,0,0,0,0,1419,0,0,0,0,0,0,0,0,,,,,,,,,,,,,,1,,,,,,,,,,,,,,,,,,,,,,,,,,,,,,,,,,,,,,,
2477,On Stomach Legless Zombie 1,410,1510,0,0,0,0,0,0,0,0,100,70,1,16,0,0,0,0,0,0,0,0,0,0,0,0,0,0,0,0,0,0,0,0,0,0,1419,0,0,0,0,0,0,0,0,,,,,,,,,,,,,,1,,,,,,,,,,,,,,,,,,,,,,,,,,,,,,,,,,,,,,,
2478,Forest Giant 02,232,148,0,0,0,0,0,0,0,0,500,400,1,29,0,0,0,0,0,0,0,0,0,0,0,0,0,0,0,0,0,0,0,0,0,0,1419,0,0,0,0,0,0,0,0,,,,,,,,,,,,,,1,,,,,,,,,,,,,,,,,,,,,,,,,,,,,,,,,,,,,,,
2479,Fire Giant 03,232,150,0,0,0,0,0,0,0,0,500,400,1,29,0,0,0,0,0,0,0,0,0,0,0,0,0,0,0,0,0,0,0,0,0,0,1419,0,0,0,0,0,0,0,0,,,,,,,,,,,,,,1,,,,,,,,,,,,,,,,,,,,,,,,,,,,,,,,,,,,,,,
2480,Elder Fellwood 02,220,108,0,0,0,0,0,0,0,0,100,100,1,24,0,0,0,0,0,0,0,0,0,0,0,0,0,0,0,0,0,0,0,0,0,0,1419,0,0,0,0,0,0,0,0,,,,,,,,,,,,,,0,,,,,,,,,,,,,,,,,,,,,,,,,,,,,,,,,,,,,,,
2481,Ice Giant 02,232,149,0,0,0,0,0,0,0,0,500,400,1,29,0,0,0,0,0,0,0,0,0,0,0,0,0,0,0,0,0,0,0,0,0,0,1419,0,0,0,0,0,0,0,0,,,,,,,,,,,,,,1,,,,,,,,,,,,,,,,,,,,,,,,,,,,,,,,,,,,,,,
2482,Friendly happy tree,220,107,0,0,0,0,0,0,0,0,100,110,1,24,0,0,0,0,0,0,0,0,0,0,0,0,0,0,0,0,0,0,0,0,0,0,0,0,0,0,0,0,0,0,0,,,,,,,,,,,,,,0,,,,,,,,,,,,,,,,,,,,,,,,,,,,,,,,,,,,,,,
2483,DF Evil Pixie 1,295,1231,0,0,0,0,0,0,0,0,25,40,1,58,0,0,0,0,0,0,0,0,0,0,0,0,0,0,0,0,50,62,0,0,0,0,1419,0,0,0,0,0,0,0,0,,,,,,,,,,,,,,1,,,,,,,,,,,,,,,,,,,,,,,,,,,,,,,,,,,,,,,
2484,Alt Gold Imp Fly,298,1241,0,0,0,0,0,0,0,0,50,60,1,46,0,0,0,0,0,0,0,0,0,0,0,0,0,0,0,0,0,0,75,0,0,0,1419,2,0,0,0,0,0,0,0,,,,,,,,,,,,,,1,,,,,,,,,,,,,,,,,,,,,,,,,,,,,,,,,,,,,,,
2485,Alt Red Imp Fly,298,1242,0,0,0,0,0,0,0,0,50,60,1,46,0,0,0,0,0,0,0,0,0,0,0,0,0,0,0,0,0,0,75,0,0,0,1419,0,0,0,0,0,0,0,0,,,,,,,,,,,,,,1,,,,,,,,,,,,,,,,,,,,,,,,,,,,,,,,,,,,,,,
2486,Inquisitor Male,306,1251,0,0,0,0,0,0,0,0,108,95,1,22,0,0,0,0,0,0,0,100,0,95,0,0,0,0,0,0,0,0,0,0,0,0,1419,0,0,0,0,0,0,0,100,,,,,,,,,,,,,,1,,,,,,,,,,,,,,,,,,,,,,,,,,,,,,,,,,,,,,,
2487,Inquisitor Female,311,1252,0,0,0,0,0,0,0,0,108,85,1,23,0,0,0,0,0,0,0,100,0,95,0,0,0,0,0,0,0,0,0,0,0,0,1419,0,0,0,0,0,0,0,100,,,,,,,,,,,,,,1,,,,,,,,,,,,,,,,,,,,,,,,,,,,,,,,,,,,,,,
2488,Flesh Wight,276,1069,0,0,0,0,0,0,0,0,100,85,1,37,0,0,0,0,0,0,0,0,0,0,0,0,0,0,0,0,0,0,0,0,0,0,1419,0,0,0,0,0,0,0,0,,,,,,,,,,,,,,1,,,,,,,,,,,,,,,,,,,,,,,,,,,,,,,,,,,,,,,
2489,Green Demon,297,1187,0,0,0,0,0,0,0,0,100,100,1,44,0,0,0,0,0,0,0,0,0,0,0,0,0,0,0,0,0,0,120,0,0,0,1419,0,0,0,0,0,0,0,0,,,,,,,,,,,,,,1,,,,,,,,,,,,,,,,,,,,,,,,,,,,,,,,,,,,,,,
2490,DR Svartalf Female,314,1274,0,0,0,0,0,0,0,0,100,135,1,58,0,0,0,0,0,0,0,0,0,0,0,0,0,0,0,0,0,0,0,0,0,0,1419,0,0,0,0,0,0,0,0,,,,,,,,,,,,,,1,,,,,,,,,,,,,,,,,,,,,,,,,,,,,,,,,,,,,,,
2491,DR Svartalf Female Blue,311,1252,0,0,0,0,0,0,0,0,108,145,1,23,0,0,0,0,0,0,0,100,0,95,0,0,0,0,0,0,0,0,0,0,0,0,1419,0,0,0,0,0,0,0,100,,,,,,,,,,,,,,1,,,,,,,,,,,,,,,,,,,,,,,,,,,,,,,,,,,,,,,
2492,DR Greater Necroservant,276,1069,0,0,0,0,0,0,0,0,75,105,1,37,0,0,0,0,0,0,0,0,0,0,0,0,0,0,0,0,0,0,0,0,0,0,1419,0,0,0,0,0,0,0,0,,,,,,,,,,,,,,1,,,,,,,,,,,,,,,,,,,,,,,,,,,,,,,,,,,,,,,
2493,DR Reanimated Servant,268,1074,6814,0,0,0,0,0,0,0,95,85,1,16,0,0,0,0,0,0,0,0,0,0,0,0,0,0,0,1,0,0,0,0,0,0,1419,0,0,0,0,0,0,0,0,,,,,,,,,,,,,,1,,,,,,,,,,,,,,,,,,,,,,,,,,,,,,,,,,,,,,,
