Information,,Skin,,Archive,Expansion,
ID,Textual Name,Name,MULTI,Num,Only,
1,Bri_f_Hair01.dds,Bri_f_Hair01.dds,0,1,4,
2,Bri_f_Head01.dds,Bri_f_Head01.dds,0,1,4,
3,Bri_F_MummyHead01.dds,Bri_F_MummyHead01.dds,0,1,4,
4,bri_f_ShadeHead.dds,bri_f_ShadeHead.dds,0,1,4,
5,Bri_f_stonehead.dds,Bri_f_stonehead.dds,0,1,4,
6,Bri_m_Hair01.dds,Bri_m_Hair01.dds,0,1,4,
7,Bri_m_Head01.dds,Bri_m_Head01.dds,0,1,4,
8,Bri_m_MummyHead01.dds,Bri_m_MummyHead01.dds,0,1,4,
9,bri_m_ShadeHead.dds,bri_m_ShadeHead.dds,0,1,4,
10,Bri_m_stonehead.dds,Bri_m_stonehead.dds,0,1,4,
11,b_epic_hunter_boots.dds,b_epic_hunter_boots.dds,0,25,4,
12,b_epic_hunter_gloves.dds,b_epic_hunter_gloves.dds,0,25,4,
13,CatCloak01.dds,CatCloak01.dds,0,17,4,
14,Cat_B_grd1_pvpcloak1.dds,Cat_B_grd1_pvpcloak1.dds,0,17,4,
15,Cat_cloak.dds,Cat_cloak.dds,0,17,4,
16,Cat_cloak2.dds,Cat_cloak2.dds,0,17,4,
17,Cat_cloak3.dds,Cat_cloak3.dds,0,17,4,
18,Cat_cloak_diamondlined.dds,Cat_cloak_diamondlined.dds,0,17,4,
19,Cat_cloak_lined.dds,Cat_cloak_lined.dds,0,17,4,
20,Cat_G1_cloak_A.dds,Cat_G1_cloak_A.dds,0,17,4,
21,Cat_G1_cloak_B.dds,Cat_G1_cloak_B.dds,0,17,4,
22,Cat_h_grd_pvpcloak1.dds,Cat_h_grd_pvpcloak1.dds,0,17,4,
23,Cat_mage_cloak1.dds,Cat_mage_cloak1.dds,0,17,4,
24,Cat_mage_cloak2.dds,Cat_mage_cloak2.dds,0,17,4,
25,Cat_mage_cloak3.dds,Cat_mage_cloak3.dds,0,17,4,
26,Cat_n_grd_pvpcloak1.dds,Cat_n_grd_pvpcloak1.dds,0,17,4,
27,Cat_SaintJohnsMantle.dds,Cat_SaintJohnsMantle.dds,0,17,4,
28,Cat_SimpleCloak.dds,Cat_SimpleCloak.dds,0,17,4,
29,Cat_SimpleCloak_diamondlined.dds,Cat_SimpleCloak_diamondlined.dds,0,17,4,
30,Cat_SimpleCloak_lined.dds,Cat_SimpleCloak_lined.dds,0,17,4,
31,Cat_TOA_cloak1.dds,Cat_TOA_cloak1.dds,0,17,4,
32,Cat_TOA_cloak1_diamondlined.dds,Cat_TOA_cloak1_diamondlined.dds,0,17,4,
33,Cat_TOA_cloak1_lined.dds,Cat_TOA_cloak1_lined.dds,0,17,4,
34,Cat_whitecloak_lined.dds,Cat_whitecloak_lined.dds,0,17,4,
35,chnArms01_05.dds,chnArms01_05.dds,0,10,4,
36,chnArms01_05_bump.dds,chnArms01_05_bump.dds,0,10,4,
37,chnArms01_05_gloss.dds,chnArms01_05_gloss.dds,0,10,4,
38,chnBody01_09.dds,chnBody01_09.dds,0,10,4,
39,chnBody01_09_bump.dds,chnBody01_09_bump.dds,0,10,4,
40,chnBody01_09_gloss.dds,chnBody01_09_gloss.dds,0,10,4,
41,chnBody04_Epic_Shaman_f.dds,cthBody01_Epic_Shaman_f.dds,0,27,4,
42,chnBody04_Epic_Shaman_m.dds,cthBody01_Epic_Shaman_m.dds,0,27,4,
43,chnBody04_Epic_Thane_f.dds,chnBody04_Epic_Thane_f.dds,0,10,4,
44,chnBody04_Epic_Thane_m.dds,chnBody04_Epic_Thane_m.dds,0,10,4,
45,chnBody04_Epic_Warrior_f.dds,chnBody04_Epic_Warrior_f.dds,0,10,4,
46,chnBody04_Epic_Warrior_m.dds,chnBody04_Epic_Warrior_m.dds,0,10,4,
47,chnBody05_01_f.dds,chnBody05_01_f.dds,0,10,4,
48,chnBody05_01_m.dds,chnBody05_01_m.dds,0,10,4,
49,chnBody05_02_f.dds,chnBody05_02_f.dds,0,10,4,
50,chnBody05_02_m.dds,chnBody05_02_m.dds,0,10,4,
51,chnBody05_03_f.dds,chnBody05_03_f.dds,0,10,4,
52,chnBody05_03_m.dds,chnBody05_03_m.dds,0,10,4,
53,chnBody05_04_f.dds,chnBody05_04_f.dds,0,10,4,
54,chnBody05_04_m.dds,chnBody05_04_m.dds,0,10,4,
55,chnBody05_05_f.dds,chnBody05_05_f.dds,0,10,4,
56,chnBody05_05_m.dds,chnBody05_05_m.dds,0,10,4,
57,chnBody05_06_f.dds,chnBody05_06_f.dds,0,10,4,
58,chnBody05_06_m.dds,chnBody05_06_m.dds,0,10,4,
59,chnBody05_07_f.dds,chnBody05_07_f.dds,0,10,4,
60,chnBody05_07_m.dds,chnBody05_07_m.dds,0,10,4,
61,chnBody05_08_f.dds,chnBody05_08_f.dds,0,10,4,
62,chnBody05_08_m.dds,chnBody05_08_m.dds,0,10,4,
63,chnBody05_09_f.dds,chnBody05_09_f.dds,0,10,4,
64,chnBody05_09_m.dds,chnBody05_09_m.dds,0,10,4,
65,chnBody05_10_f.dds,chnBody05_10_f.dds,0,10,4,
66,chnBody05_10_m.dds,chnBody05_10_m.dds,0,10,4,
67,chnBody05_11_f.dds,chnBody05_11_f.dds,0,10,4,
68,chnBody05_11_m.dds,chnBody05_11_m.dds,0,10,4,
69,chnbody1_09.dds,chnbody1_09.dds,0,10,4,
70,chnBoots01_01.dds,chnBoots01_01.dds,0,10,4,
71,chnBoots01_01_bump.dds,chnBoots01_01_bump.dds,0,10,4,
72,chnBoots01_01_gloss.dds,chnBoots01_01_gloss.dds,0,10,4,
73,chnBoots01_02.dds,chnBoots01_02.dds,0,10,4,
74,chnBoots01_03.dds,chnBoots01_03.dds,0,10,4,
75,chnBoots01_04.dds,chnBoots01_04.dds,0,10,4,
76,chnBoots01_05.dds,chnBoots01_05.dds,0,10,4,
77,chnBoots01_06.dds,chnBoots01_06.dds,0,10,4,
78,chnBoots01_07.dds,chnBoots01_07.dds,0,10,4,
79,chnBoots01_08.dds,chnBoots01_08.dds,0,10,4,
80,chnBoots01_09.dds,chnBoots01_09.dds,0,10,4,
81,chnBoots01_10.dds,chnBoots01_10.dds,0,10,4,
82,chnBoots01_11.dds,chnBoots01_11.dds,0,10,4,
83,chnBoots01_Epic_Shaman.dds,chnBoots01_Epic_Shaman.dds,0,10,4,
84,chnBoots01_Epic_Thane.dds,chnBoots01_Epic_Thane.dds,0,10,4,
85,chnBoots01_Epic_Warrior.dds,chnBoots01_Epic_Warrior.dds,0,10,4,
86,chnGloves01_01.dds,chnGloves01_01.dds,0,10,4,
87,chnGloves01_01_bump.dds,chnGloves01_01_bump.dds,0,10,4,
88,chnGloves01_01_gloss.dds,chnGloves01_01_gloss.dds,0,10,4,
89,chnGloves01_02.dds,chnGloves01_02.dds,0,10,4,
90,chnGloves01_03.dds,chnGloves01_03.dds,0,10,4,
91,chnGloves01_04.dds,chnGloves01_04.dds,0,10,4,
92,chnGloves01_05.dds,chnGloves01_05.dds,0,10,4,
93,chnGloves01_06.dds,chnGloves01_06.dds,0,10,4,
94,chnGloves01_07.dds,chnGloves01_07.dds,0,10,4,
95,chnGloves01_08.dds,chnGloves01_08.dds,0,10,4,
96,chnGloves01_09.dds,chnGloves01_09.dds,0,10,4,
97,chnGloves01_10.dds,chnGloves01_10.dds,0,10,4,
98,chnGloves01_11.dds,chnGloves01_11.dds,0,10,4,
99,chnGloves01_Epic_Shaman.dds,chnGloves01_Epic_Shaman.dds,0,10,4,
100,chnGloves01_Epic_Thane.dds,chnGloves01_Epic_Thane.dds,0,10,4,
101,chnGloves01_Epic_Warrior.dds,chnGloves01_Epic_Warrior.dds,0,10,4,
102,chnLeg1_05.dds,chnLeg1_05.dds,0,10,4,
103,chnLegs01_05.dds,chnLegs01_05.dds,0,10,4,
104,chnLegs01_05_bump.dds,chnLegs01_05_bump.dds,0,10,4,
105,chnLegs01_05_gloss.dds,chnLegs01_05_gloss.dds,0,10,4,
111,cthArm01_lea01_TOA_A.dds,cthArm01_lea01_TOA_A.dds,0,11,4,
112,cthArms01_01.dds,cthArms01_01.dds,0,11,4,
113,ctharms01_02.dds,ctharms01_02.dds,0,11,4,
114,ctharms01_03.dds,ctharms01_03.dds,0,11,4,
115,ctharms01_04.dds,ctharms01_04.dds,0,11,4,
116,ctharms01_05.dds,ctharms01_05.dds,0,11,4,
117,cthArms01_chn01.dds,cthArms01_chn01.dds,0,11,4,
118,cthArms01_chn01_TOA_A.dds,cthArms01_chn01_TOA_A.dds,0,11,4,
119,cthArms01_chn01_TOA_O.dds,cthArms01_chn01_TOA_O.dds,0,11,4,
120,cthArms01_chn01_TOA_S.dds,cthArms01_chn01_TOA_S.dds,0,11,4,
121,cthArms01_chn01_TOA_V.dds,cthArms01_chn01_TOA_V.dds,0,11,4,
122,cthArms01_chn02.dds,cthArms01_chn02.dds,0,11,4,
123,cthArms01_chn03.dds,cthArms01_chn03.dds,0,11,4,
124,cthArms01_chn04.dds,cthArms01_chn04.dds,0,11,4,
125,cthArms01_chn05.dds,cthArms01_chn05.dds,0,11,4,
126,cthArms01_chn06.dds,cthArms01_chn06.dds,0,11,4,
127,cthArms01_chn07.dds,cthArms01_chn07.dds,0,11,4,
128,cthArms01_chn08.dds,cthArms01_chn08.dds,0,11,4,
129,cthArms01_chn09.dds,cthArms01_chn09.dds,0,11,4,
130,cthArms01_chn10.dds,cthArms01_chn10.dds,0,11,4,
131,cthArms01_chn11.dds,cthArms01_chn11.dds,0,11,4,
132,ctharms01_eirene_TOA_O.dds,ctharms01_eirene_TOA_O.dds,0,11,4,
133,cthArms01_Epic_Armsman.dds,cthArms01_Epic_Armsman.dds,0,11,4,
134,ctharms01_Epic_Bard.dds,ctharms01_Epic_Bard.dds,0,11,4,
135,cthArms01_Epic_Bezerker.dds,cthArms01_Epic_Bezerker.dds,0,11,4,
136,cthArms01_Epic_Blademaster.dds,cthArms01_Epic_Blademaster.dds,0,11,4,
137,cthArms01_Epic_Champion.dds,cthArms01_Epic_Champion.dds,0,11,4,
138,cthArms01_Epic_Cleric.dds,cthArms01_Epic_Cleric.dds,0,11,4,
139,cthArms01_Epic_Druid.dds,cthArms01_Epic_Druid.dds,0,11,4,
140,cthArms01_Epic_Healer.dds,cthArms01_Epic_Healer.dds,0,11,4,
141,cthArms01_Epic_Hero.dds,cthArms01_Epic_Hero.dds,0,11,4,
142,cthArms01_Epic_Hunter.dds,cthArms01_Epic_Hunter.dds,0,11,4,
143,cthArms01_Epic_Infiltrator.dds,cthArms01_Epic_Infiltrator.dds,0,11,4,
144,cthArms01_Epic_merc.dds,cthArms01_Epic_merc.dds,0,11,4,
145,cthArms01_Epic_Minstrel.dds,cthArms01_Epic_Minstrel.dds,0,11,4,
146,cthArms01_Epic_nitshade.dds,cthArms01_Epic_nitshade.dds,0,11,4,
147,cthArms01_Epic_Paladin.dds,cthArms01_Epic_Paladin.dds,0,11,4,
148,cthArms01_Epic_Ranger.dds,cthArms01_Epic_Ranger.dds,0,11,4,
149,cthArms01_Epic_Reaver.dds,cthArms01_Epic_Reaver.dds,0,11,4,
150,cthArms01_Epic_savage.dds,cthArms01_Epic_savage.dds,0,11,4,
151,cthArms01_Epic_SBlade.dds,cthArms01_Epic_SBlade.dds,0,11,4,
152,cthArms01_Epic_Scout.dds,cthArms01_Epic_Scout.dds,0,11,4,
153,cthArms01_Epic_Shaman.dds,cthArms01_Epic_Shaman.dds,0,11,4,
154,cthArms01_Epic_Skald.dds,cthArms01_Epic_Skald.dds,0,11,4,
155,cthArms01_Epic_Thane.dds,cthArms01_Epic_Thane.dds,0,11,4,
156,cthArms01_Epic_Warden.dds,cthArms01_Epic_Warden.dds,0,11,4,
157,cthArms01_Epic_Warrior.dds,cthArms01_Epic_Warrior.dds,0,11,4,
158,ctharms01_fop_TOA_A.dds,ctharms01_fop_TOA_A.dds,0,30,4,
159,cthArms01_lea01.dds,cthArms01_lea01.dds,0,11,4,
160,cthArms01_lea01_TOA_O.dds,cthArms01_lea01_TOA_O.dds,0,11,4,
161,cthArms01_lea01_TOA_S.dds,cthArms01_lea01_TOA_S.dds,0,11,4,
162,cthArms01_lea01_TOA_V.dds,cthArms01_lea01_TOA_V.dds,0,11,4,
163,cthArms01_lea02.dds,cthArms01_lea02.dds,0,11,4,
164,cthArms01_lea03.dds,cthArms01_lea03.dds,0,11,4,
165,cthArms01_lea04.dds,cthArms01_lea04.dds,0,11,4,
166,cthArms01_lea05.dds,cthArms01_lea05.dds,0,11,4,
167,cthArms01_lea06.dds,cthArms01_lea06.dds,0,11,4,
168,cthArms01_lea07.dds,cthArms01_lea07.dds,0,11,4,
169,cthArms01_lea08.dds,cthArms01_lea08.dds,0,11,4,
170,cthArms01_lea09.dds,cthArms01_lea09.dds,0,11,4,
171,cthArms01_lea10.dds,cthArms01_lea10.dds,0,11,4,
172,cthArms01_lea11.dds,cthArms01_lea11.dds,0,11,4,
173,cthArms01_lea12.dds,cthArms01_lea12.dds,0,11,4,
174,cthArms01_plt01.dds,cthArms01_plt01.dds,0,11,4,
175,cthArms01_plt01_TOA_A.dds,cthArms01_plt01_TOA_A.dds,0,11,4,
176,cthArms01_plt01_TOA_S.dds,cthArms01_plt01_TOA_S.dds,0,11,4,
177,cthArms01_plt01_TOA_V.dds,cthArms01_plt01_TOA_V.dds,0,11,4,
178,cthArms01_plt02.dds,cthArms01_plt02.dds,0,11,4,
179,cthArms01_plt03.dds,cthArms01_plt03.dds,0,11,4,
180,cthArms01_plt04.dds,cthArms01_plt04.dds,0,11,4,
181,cthArms01_plt05.dds,cthArms01_plt05.dds,0,11,4,
182,cthArms01_ren01.dds,cthArms01_ren01.dds,0,11,4,
183,cthArms01_ren02.dds,cthArms01_ren02.dds,0,11,4,
184,cthArms01_ren03.dds,cthArms01_ren03.dds,0,11,4,
185,cthArms01_ren04.dds,cthArms01_ren04.dds,0,11,4,
186,ctharms01_scl01.dds,ctharms01_scl01.dds,0,11,4,
187,cthArms01_scl01_TOA_A.dds,cthArms01_scl01_TOA_A.dds,0,11,4,
188,cthArms01_scl01_TOA_O.dds,cthArms01_scl01_TOA_O.dds,0,11,4,
189,cthArms01_scl01_TOA_S.dds,cthArms01_scl01_TOA_S.dds,0,11,4,
190,cthArms01_scl01_TOA_V.dds,cthArms01_scl01_TOA_V.dds,0,11,4,
191,ctharms01_scl02.dds,ctharms01_scl02.dds,0,11,4,
192,ctharms01_scl03.dds,ctharms01_scl03.dds,0,11,4,
193,ctharms01_scl04.dds,ctharms01_scl04.dds,0,11,4,
194,cthArms01_ss_Bri.dds,cthArms01_ss_Bri.dds,0,11,4,
195,CthArms01_SS_Dwa.dds,CthArms01_SS_Dwa.dds,0,11,4,
196,cthArms01_SS_Fro.dds,cthArms01_SS_Fro.dds,0,11,4,
197,cthArms01_SS_Kob.dds,cthArms01_SS_Kob.dds,0,11,4,
198,cthArms01_SS_Nor.dds,cthArms01_SS_Nor.dds,0,11,4,
199,cthArms01_ss_Tro.dds,cthArms01_ss_Tro.dds,0,11,4,
200,CthArms01_SS_Val.dds,CthArms01_SS_Val.dds,0,11,4,
201,cthArms01_std01.dds,cthArms01_std01.dds,0,11,4,
202,cthArms01_std01_TOA_A.dds,cthArms01_std01_TOA_A.dds,0,11,4,
203,cthArms01_std01_TOA_O.dds,cthArms01_std01_TOA_O.dds,0,11,4,
204,cthArms01_std01_TOA_S.dds,cthArms01_std01_TOA_S.dds,0,11,4,
205,cthArms01_std01_TOA_V.dds,cthArms01_std01_TOA_V.dds,0,11,4,
206,cthArms01_std02.dds,cthArms01_std02.dds,0,11,4,
207,cthArms01_std03.dds,cthArms01_std03.dds,0,11,4,
208,cthArms01_std04.dds,cthArms01_std04.dds,0,11,4,
209,cthArms01_std05.dds,cthArms01_std05.dds,0,48,4,
210,cthArms01_std06.dds,cthArms01_std06.dds,0,11,4,
211,cthArms01_TOA_mummy.dds,cthArms01_TOA_mummy.dds,0,11,4,
212,cthArms01_TOA_O.dds,cthArms01_TOA_O.dds,0,11,4,
213,cthArms01_TOA_S.dds,cthArms01_TOA_S.dds,0,11,4,
214,cthArms01_TOA_shade.dds,cthArms01_TOA_shade.dds,0,53,4,
215,cthArms01_TOA_V.dds,cthArms01_TOA_V.dds,0,11,4,
216,ctharms01_winds_TOA_O.dds,ctharms01_winds_TOA_O.dds,0,11,4,
217,cthbody01_01_f.dds,cthbody01_01_f.dds,0,12,4,
218,cthbody01_01_m.dds,cthbody01_01_m.dds,0,12,4,
219,cthbody01_02_f.dds,cthbody01_02_f.dds,0,12,4,
220,cthbody01_02_m.dds,cthbody01_01_m.dds,0,12,4,
221,cthbody01_03_f.dds,cthbody01_03_f.dds,0,12,4,
222,cthbody01_03_m.dds,cthbody01_03_m.dds,0,12,4,
223,cthbody01_04_f.dds,cthbody01_04_f.dds,0,12,4,
224,cthbody01_04_m.dds,cthbody01_04_m.dds,0,12,4,
225,cthbody01_05_f.dds,cthbody01_05_f.dds,0,12,4,
226,cthbody01_05_m.dds,cthbody01_05_m.dds,0,12,4,
227,cthbody01_06_f.dds,cthbody01_06_f.dds,0,12,4,
228,cthbody01_06_m.dds,cthbody01_06_m.dds,0,12,4,
229,cthbody01_07_f.dds,cthbody01_07_f.dds,0,12,4,
230,cthbody01_07_m.dds,cthbody01_07_m.dds,0,12,4,
231,cthbody01_08_f.dds,cthbody01_08_f.dds,0,12,4,
232,cthbody01_08_m.dds,cthbody01_08_m.dds,0,12,4,
233,cthbody01_12_f.dds,cthbody01_12_f.dds,0,12,4,
234,cthbody01_12_m.dds,cthbody01_12_m.dds,0,12,4,
235,cthBody01_Epic_Bonedancer_f.dds,cthBody01_Epic_Bonedancer_f.dds,0,12,4,
236,cthBody01_Epic_Bonedancer_m.dds,cthBody01_Epic_Bonedancer_m.dds,0,12,4,
237,cthBody01_Scarab_TOA_S.dds,cthBody01_Scarab_TOA_S_m.dds,0,27,4,
238,CthBody01_ss_Bri_F.dds,CthBody01_ss_Bri_F.dds,0,12,4,
239,CthBody01_ss_bri_M.dds,CthBody01_ss_bri_M.dds,0,12,4,
240,CthBody01_SS_Dwa_F.dds,CthBody01_SS_Dwa_F.dds,0,12,4,
241,CthBody01_SS_Dwa_M.dds,CthBody01_SS_Dwa_M.dds,0,12,4,
242,cthBody01_SS_Fro_F.dds,cthBody01_SS_Fro_F.dds,0,12,4,
243,cthBody01_SS_Fro_M.dds,cthBody01_SS_Fro_M.dds,0,12,4,
244,cthBody01_SS_Kob_F.dds,cthBody01_SS_Kob_F.dds,0,12,4,
245,cthBody01_SS_Kob_M.dds,cthBody01_SS_Kob_M.dds,0,12,4,
246,cthBody01_SS_Nor_F.dds,cthBody01_SS_Nor_F.dds,0,12,4,
247,cthBody01_SS_Nor_M.dds,cthBody01_SS_Nor_M.dds,0,12,4,
248,CthBody01_SS_Tro_F.dds,CthBody01_SS_Tro_F.dds,0,12,4,
249,CthBody01_SS_Tro_M.dds,CthBody01_SS_Tro_M.dds,0,12,4,
250,CthBody01_SS_Val_f.dds,CthBody01_SS_Val_f.dds,0,12,4,
251,CthBody01_SS_Val_m.dds,CthBody01_SS_Val_m.dds,0,12,4,
252,cthBody01_TOA_mummy_F.dds,cthBody01_TOA_mummy_F.dds,0,12,4,
253,cthBody01_TOA_mummy_m.dds,cthBody01_TOA_mummy_m.dds,0,12,4,
254,cthBody01_TOA_shade_f.dds,cthBody01_TOA_shade_f.dds,0,53,4,
255,cthBody01_TOA_shade_m.dds,cthBody01_TOA_shade_m.dds,0,53,4,
256,cthboost01_rsch_TOA_N.dds,cthboost01_rsch_TOA_N.dds,0,13,4,
257,cthBoot01_01.dds,cthBoot01_01.dds,0,13,4,
258,cthBoot01_02.dds,cthboot01_02.dds,0,13,4,
259,cthBoot01_03.dds,cthBoot01_03.dds,0,13,4,
260,cthBoot01_04.dds,cthBoot01_04.dds,0,13,4,
261,cthBoot01_05.dds,cthBoot01_05.dds,0,13,4,
262,cthBoot01_06.dds,cthBoot01_06.dds,0,29,4,
263,cthBoot01_07.dds,cthBoot01_07.dds,0,13,4,
264,cthBoot01_08.dds,cthBoot01_08.dds,0,13,4,
265,cthBoot01_09.dds,cthBoot01_09.dds,0,13,4,
266,cthboot01_10.dds,cthboot01_10.dds,0,13,4,
267,cthboot01_rsch_TOA_A.dds,cthboot01_rsch_TOA_A.dds,0,13,4,
268,cthboot01_rsch_TOA_H.dds,cthboot01_rsch_TOA_H.dds,0,13,4,
269,cthboot01_rsch_TOA_N.dds,cthboot01_rsch_TOA_N.dds,0,13,4,
270,cthBoots01_01.dds,cthBoot01_01.dds,0,13,4,
271,cthBoots01_02.dds,cthBoot01_02.dds,0,13,4,
272,cthBoots01_03.dds,cthBoot01_03.dds,0,13,4,
273,cthBoots01_04.dds,cthBoot01_04.dds,0,13,4,
274,cthBoots01_05.dds,cthBoot01_05.dds,0,13,4,
275,cthBoots01_06.dds,cthBoot01_06.dds,0,13,4,
276,cthBoots01_07.dds,cthBoot01_07.dds,0,13,4,
277,cthBoots01_08.dds,cthBoot01_08.dds,0,13,4,
278,cthBoots01_09.dds,cthBoot01_09.dds,0,13,4,
279,cthboots01_10.dds,cthboot01_10.dds,0,13,4,
280,cthBoots01_Epic_Bonedancer.dds,cthBoots01_Epic_Bonedancer.dds,0,13,4,
281,cthboots01_rsch_TOA_A.dds,cthboots01_rsch_TOA_A.dds,0,13,4,
282,cthboots01_rsch_TOA_H.dds,cthboots01_rsch_TOA_H.dds,0,13,4,
283,CthBoots01_ss_bri.dds,CthBoots01_ss_bri.dds,0,13,4,
284,CthBoots01_SS_Dwa.dds,CthBoots01_SS_Dwa.dds,0,13,4,
285,cthBoots01_SS_Fro.dds,cthBoots01_SS_Fro.dds,0,13,4,
286,cthBoots01_SS_Kob.dds,cthBoots01_SS_Kob.dds,0,13,4,
287,cthBoots01_SS_Nor.dds,cthBoots01_SS_Nor.dds,0,13,4,
288,CthBoots01_SS_Tro.dds,CthBoots01_SS_Tro.dds,0,13,4,
289,CthBoots01_SS_Val.dds,CthBoots01_SS_Val.dds,0,13,4,
290,cthboots01_TOA_A.dds,cthBoots01_TOA_A.dds,0,29,4,
291,cthBoots01_TOA_mummy.dds,cthBoots01_TOA_mummy.dds,0,53,4,
292,cthBoots01_TOA_O.dds,cthBoots01_TOA_O.dds,0,29,4,
293,cthBoots01_TOA_S.dds,cthBoots01_TOA_S.dds,0,29,4,
294,cthBoots01_TOA_shade.dds,cthBoots01_TOA_shade.dds,0,53,4,
295,cthBoots01_TOA_V.dds,cthBoots01_TOA_V.dds,0,29,4,
296,cthBoots_Epic_Reaver.dds,cthBoots_Epic_Reaver.dds,0,13,4,
297,cthgloves01_01.dds,cthgloves01_01.dds,0,13,4,
298,cthgloves01_02.dds,cthgloves01_02.dds,0,13,4,
299,cthgloves01_03.dds,cthgloves01_03.dds,0,13,4,
300,cthgloves01_04.dds,cthgloves01_04.dds,0,13,4,
301,cthgloves01_05.dds,cthgloves01_05.dds,0,13,4,
302,cthgloves01_06.dds,cthgloves01_06.dds,0,29,4,
303,cthgloves01_07.dds,cthgloves01_07.dds,0,13,4,
304,cthgloves01_08.dds,cthgloves01_08.dds,0,13,4,
305,cthgloves01_09.dds,cthboots01_Epic_Runemaster.dds,0,39,4,
306,cthgloves01_10.dds,cthgloves01_10.dds,0,13,4,
307,cthGloves01_Epic_Bonedancer.dds,cthGloves01_Epic_Bonedancer.dds,0,13,4,
308,cthgloves01_rsch_TOA_A.dds,cthgloves01_rsch_TOA_A.dds,0,13,4,
309,cthgloves01_rsch_TOA_H.dds,cthgloves01_rsch_TOA_H.dds,0,13,4,
310,CthGloves01_ss_bri.dds,cthGloves01_SS_Bri.dds,0,39,4,
311,CthGloves01_SS_Dwa.dds,CthGloves01_SS_Dwa.dds,0,13,4,
312,cthGloves01_SS_Fro.dds,cthGloves01_SS_Fro.dds,0,13,4,
313,cthGloves01_SS_Kob.dds,cthGloves01_SS_Kob.dds,0,39,4,
314,cthGloves01_SS_Nor.dds,cthGloves01_SS_Nor.dds,0,39,4,
315,CthGloves01_SS_Tro.dds,CthGloves01_SS_Tro.dds,0,39,4,
316,CthGloves01_SS_Val.dds,CthGloves01_SS_Val.dds,0,39,4,
317,cthgloves01_TOA_A.dds,cthGloves01_TOA_A.dds,0,29,4,
318,cthGloves01_TOA_mummy.dds,cthGloves01_TOA_mummy.dds,0,53,4,
319,cthGloves01_TOA_O.dds,cthGloves01_TOA_O.dds,0,29,4,
320,cthgloves01_TOA_rsch_H.dds,cthgloves01_TOA_rsch_H.dds,0,13,4,
321,cthGloves01_TOA_S.dds,cthGloves01_TOA_S.dds,0,29,4,
322,cthGloves01_TOA_shade.dds,cthGloves01_TOA_shade.dds,0,53,4,
323,cthGloves01_TOA_V.dds,cthGloves01_TOA_V.dds,0,29,4,
324,cthLeg01_lea01_TOA_A.dds,cthLeg01_lea01_TOA_A.dds,0,14,4,
325,cthlegs01_01.dds,cthlegs01_01.dds,0,14,4,
326,cthlegs01_02.dds,cthlegs01_02.dds,0,14,4,
327,cthlegs01_03.dds,cthlegs01_03.dds,0,14,4,
328,cthlegs01_04.dds,cthlegs01_04.dds,0,14,4,
329,cthlegs01_05.dds,cthlegs01_05.dds,0,14,4,
330,cthlegs01_06.dds,cthlegs01_06.dds,0,14,4,
331,cthlegs01_07.dds,cthlegs01_07.dds,0,14,4,
332,cthlegs01_08.dds,cthlegs01_08.dds,0,14,4,
333,cthLegs01_09.dds,cthLegs01_09.dds,0,14,4,
334,cthlegs01_alvarus_TOA_O.dds,cthlegs01_alvarus_TOA_O.dds,0,14,4,
335,cthlegs01_chn01.dds,cthlegs01_chn01.dds,0,14,4,
336,cthLegs01_chn01_TOA_A.dds,cthLegs01_chn01_TOA_A.dds,0,14,4,
337,cthLegs01_chn01_TOA_O.dds,cthLegs01_chn01_TOA_O.dds,0,14,4,
338,cthLegs01_chn01_TOA_S.dds,cthLegs01_chn01_TOA_S.dds,0,14,4,
339,cthLegs01_chn01_TOA_V.dds,cthLegs01_chn01_TOA_V.dds,0,14,4,
340,cthlegs01_chn02.dds,cthlegs01_chn02.dds,0,14,4,
341,cthlegs01_chn03.dds,cthlegs01_chn03.dds,0,14,4,
342,cthlegs01_chn04.dds,cthlegs01_chn04.dds,0,14,4,
343,cthlegs01_chn05.dds,cthlegs01_chn05.dds,0,14,4,
344,cthlegs01_chn06.dds,cthlegs01_chn06.dds,0,14,4,
345,cthlegs01_chn07.dds,cthlegs01_chn07.dds,0,14,4,
346,cthlegs01_chn08.dds,cthlegs01_chn08.dds,0,14,4,
347,cthlegs01_chn09.dds,cthlegs01_chn09.dds,0,14,4,
348,cthlegs01_chn10.dds,cthlegs01_chn10.dds,0,14,4,
349,cthlegs01_chn11.dds,cthlegs01_chn11.dds,0,14,4,
350,cthLegs01_Epic_Armsman.dds,cthLegs01_Epic_Armsman.dds,0,14,4,
351,cthLegs01_Epic_Bard.dds,cthLegs01_Epic_Bard.dds,0,14,4,
352,cthLegs01_Epic_Bezerker.dds,cthLegs01_Epic_Bezerker.dds,0,14,4,
353,cthLegs01_Epic_Blademaster.dds,cthLegs01_Epic_Blademaster.dds,0,14,4,
354,cthLegs01_Epic_Bonedancer.dds,cthLegs01_Epic_Bonedancer.dds,0,14,4,
355,cthLegs01_Epic_Champion.dds,cthLegs01_Epic_Champion.dds,0,14,4,
356,cthLegs01_Epic_Cleric.dds,cthLegs01_Epic_Cleric.dds,0,14,4,
357,cthLegs01_Epic_Druid.dds,cthLegs01_Epic_Druid.dds,0,14,4,
358,cthLegs01_Epic_Healer.dds,cthLegs01_Epic_Healer.dds,0,14,4,
359,cthLegs01_Epic_Hero.dds,cthLegs01_Epic_Hero.dds,0,14,4,
360,cthLegs01_Epic_Hunter.dds,cthLegs01_Epic_Hunter.dds,0,14,4,
361,cthLegs01_Epic_Infiltrator.dds,cthLegs01_Epic_Infiltrator.dds,0,14,4,
362,cthLegs01_Epic_merc.dds,cthLegs01_Epic_merc.dds,0,14,4,
363,cthLegs01_Epic_Minstrel.dds,cthLegs01_Epic_Minstrel.dds,0,14,4,
364,cthLegs01_Epic_nitshade.dds,cthLegs01_Epic_nitshade.dds,0,14,4,
365,cthLegs01_Epic_Paladin.dds,cthLegs01_Epic_Paladin.dds,0,14,4,
366,cthLegs01_Epic_Ranger.dds,cthLegs01_Epic_Ranger.dds,0,14,4,
367,cthLegs01_Epic_savage.dds,cthLegs01_Epic_savage.dds,0,14,4,
368,cthLegs01_Epic_SBlade.dds,cthLegs01_Epic_SBlade.dds,0,14,4,
369,cthLegs01_Epic_Scout.dds,cthLegs01_Epic_Scout.dds,0,14,4,
370,cthLegs01_Epic_Shaman.dds,cthLegs01_Epic_Shaman.dds,0,14,4,
371,cthLegs01_Epic_Skald.dds,cthLegs01_Epic_Skald.dds,0,14,4,
372,cthLegs01_Epic_Thane.dds,cthLegs01_Epic_Thane.dds,0,14,4,
373,cthLegs01_Epic_Warden.dds,cthLegs01_Epic_Warden.dds,0,14,4,
374,cthLegs01_Epic_Warrior.dds,cthLegs01_Epic_Warrior.dds,0,14,4,
375,cthLegs01_lea01.dds,cthLegs01_lea01.dds,0,14,4,
376,cthLegs01_lea01_TOA_O.dds,cthLegs01_lea01_TOA_O.dds,0,14,4,
377,cthLegs01_lea01_TOA_S.dds,cthLegs01_lea01_TOA_S.dds,0,14,4,
378,cthLegs01_lea01_TOA_V.dds,cthLegs01_lea01_TOA_V.dds,0,14,4,
379,cthLegs01_lea02.dds,cthLegs01_lea02.dds,0,14,4,
380,cthLegs01_lea03.dds,cthLegs01_lea03.dds,0,14,4,
381,cthLegs01_lea04.dds,cthLegs01_lea04.dds,0,14,4,
382,cthLegs01_lea05.dds,cthLegs01_lea05.dds,0,14,4,
383,cthLegs01_lea06.dds,cthLegs01_lea06.dds,0,14,4,
384,cthLegs01_lea07.dds,cthLegs01_lea07.dds,0,14,4,
385,cthLegs01_lea08.dds,cthLegs01_lea08.dds,0,14,4,
386,cthLegs01_lea09.dds,cthLegs01_lea09.dds,0,14,4,
387,cthLegs01_lea10.dds,cthLegs01_lea10.dds,0,14,4,
388,cthLegs01_lea11.dds,cthLegs01_lea11.dds,0,14,4,
389,cthLegs01_lea12.dds,cthLegs01_lea12.dds,0,14,4,
390,cthLegs01_plt01_TOA_A.dds,cthLegs01_plt01_TOA_A.dds,0,14,4,
391,cthLegs01_plt01_TOA_S.dds,cthLegs01_plt01_TOA_S.dds,0,14,4,
392,cthLegs01_plt01_TOA_V.dds,cthLegs01_plt01_TOA_V.dds,0,14,4,
393,cthLegs01_ren01.dds,cthLegs01_ren01.dds,0,14,4,
394,cthLegs01_ren02.dds,cthLegs01_ren02.dds,0,14,4,
395,cthLegs01_ren03.dds,cthLegs01_ren03.dds,0,14,4,
396,cthLegs01_ren04.dds,cthLegs01_ren04.dds,0,14,4,
397,cthLegs01_scl01.dds,cthLegs01_scl01.dds,0,14,4,
398,cthLegs01_scl01_TOA_A.dds,cthLegs01_scl01_TOA_A.dds,0,14,4,
399,cthLegs01_scl01_TOA_O.dds,cthLegs01_scl01_TOA_O.dds,0,14,4,
400,cthLegs01_scl01_TOA_S.dds,cthLegs01_scl01_TOA_S.dds,0,14,4,
401,cthLegs01_scl01_TOA_V.dds,cthLegs01_scl01_TOA_V.dds,0,14,4,
402,cthLegs01_scl02.dds,cthLegs01_scl02.dds,0,14,4,
403,cthLegs01_scl03.dds,cthLegs01_scl03.dds,0,14,4,
404,cthLegs01_scl04.dds,cthLegs01_scl04.dds,0,14,4,
405,cthLegs01_ss_Bri.dds,cthLegs01_ss_Bri.dds,0,14,4,
406,CthLegs01_SS_Dwa.dds,CthLegs01_SS_Dwa.dds,0,14,4,
407,cthLegs01_SS_Fro.dds,cthLegs01_SS_Fro.dds,0,14,4,
408,cthLegs01_SS_Kob.dds,cthLegs01_SS_Kob.dds,0,14,4,
409,cthLegs01_SS_Nor.dds,cthLegs01_SS_Nor.dds,0,14,4,
410,cthLegs01_ss_Tro.dds,cthLegs01_ss_Tro.dds,0,14,4,
411,CthLegs01_SS_Val.dds,CthLegs01_SS_Val.dds,0,14,4,
412,cthLegs01_std01.dds,cthLegs01_std01.dds,0,14,4,
413,cthLegs01_std01_TOA_A.dds,cthLegs01_std01_TOA_A.dds,0,14,4,
414,cthLegs01_std01_TOA_O.dds,cthLegs01_std01_TOA_O.dds,0,14,4,
415,cthLegs01_std01_TOA_S.dds,cthLegs01_std01_TOA_S.dds,0,14,4,
416,cthLegs01_std01_TOA_V.dds,cthLegs01_std01_TOA_V.dds,0,14,4,
417,cthLegs01_std02.dds,cthLegs01_std02.dds,0,14,4,
418,cthLegs01_std03.dds,cthLegs01_std03.dds,0,14,4,
419,cthLegs01_std04.dds,cthLegs01_std04.dds,0,14,4,
420,cthLegs01_std05.dds,cthLegs01_std05.dds,0,14,4,
421,cthLegs01_std06.dds,cthLegs01_std06.dds,0,14,4,
422,cthLegs01_TOA_mummy.dds,cthLegs01_TOA_mummy.dds,0,14,4,
423,cthLegs01_TOA_O.dds,cthLegs01_TOA_O.dds,0,14,4,
424,cthLegs01_TOA_S.dds,cthLegs01_TOA_S.dds,0,14,4,
425,cthLegs01_TOA_shade.dds,cthLegs01_TOA_shade.dds,0,53,4,
426,cthLegs01_TOA_V.dds,cthLegs01_TOA_V.dds,0,14,4,
427,cthlegs01_Wings_TOA_A.dds,cthlegs01_Wings_TOA_A.dds,0,14,4,
428,cthLegs_Epic_Reaver.dds,cthLegs_Epic_Reaver.dds,0,14,4,
429,Dwa_f_Hair01.dds,Dwa_f_Hair01.dds,0,2,4,
430,dwa_f_Hair02.dds,dwa_f_Hair02.dds,0,2,4,
431,Dwa_f_Head01.dds,Dwa_f_Head01.dds,0,2,4,
432,Dwa_f_Head02.dds,Dwa_f_Head02.dds,0,2,4,
433,Dwa_f_Head03.dds,Dwa_f_Head03.dds,0,2,4,
434,Dwa_f_Head04.dds,Dwa_f_Head04.dds,0,2,4,
435,Dwa_f_Head05.dds,Dwa_f_Head05.dds,0,2,4,
436,Dwa_f_Head06.dds,Dwa_f_Head06.dds,0,2,4,
437,Dwa_f_MummyHead01.dds,Dwa_f_MummyHead01.dds,0,2,4,
438,Dwa_f_stonehead.dds,Dwa_f_stonehead.dds,0,2,4,
439,Dwa_m_Hair01.dds,Dwa_m_Hair01.dds,0,2,4,
440,Dwa_m_hair02.dds,Dwa_m_hair02.dds,0,2,4,
441,Dwa_m_Head01.dds,Dwa_m_Head01.dds,0,2,4,
442,Dwa_m_Head02.dds,Dwa_m_Head02.dds,0,2,4,
443,Dwa_m_Head03.dds,Dwa_m_Head03.dds,0,2,4,
444,Dwa_m_Head04.dds,Dwa_m_Head04.dds,0,41,4,
445,Dwa_m_Head05.dds,Dwa_m_Head05.dds,0,2,4,
446,Dwa_m_Head06.dds,Dwa_m_Head06.dds,0,2,4,
447,Dwa_m_MummyHead01.dds,Dwa_m_MummyHead01.dds,0,2,4,
448,Dwa_m_stonehead.dds,Dwa_m_stonehead.dds,0,2,4,
449,dwf_f_ShadeHead.dds,dwf_f_ShadeHead.dds,0,2,4,
450,dwf_m_ShadeHead.dds,dwf_m_ShadeHead.dds,0,2,4,
451,Elf_F_MummyHead01.dds,Elf_F_MummyHead01.dds,0,3,4,
452,elf_f_ShadeHead.dds,elf_f_ShadeHead.dds,0,3,4,
453,Elf_f_stonehead.dds,Elf_f_stonehead.dds,0,3,4,
454,Elf_m_MummyHead01.dds,Elf_m_MummyHead01.dds,0,3,4,
455,elf_m_ShadeHead.dds,elf_m_ShadeHead.dds,0,3,4,
456,Elf_m_stonehead.dds,Elf_m_stonehead.dds,0,3,4,
457,epiArms01_champion.dds,epiArms01_champion.dds,0,15,4,
458,epiArms01_champion_bump.dds,epiArms01_champion_bump.dds,0,15,4,
459,epiArms01_champion_gloss.dds,epiArms01_champion_gloss.dds,0,15,4,
460,epiArms01_champion_tint.dds,epiArms01_champion_tint.dds,0,15,4,
461,epiArms01_paladin.dds,epiArms01_paladin.dds,0,15,4,
462,epiArms01_paladin_bump.dds,epiArms01_paladin_bump.dds,0,15,4,
463,epiArms01_paladin_gloss.dds,epiArms01_paladin_gloss.dds,0,15,4,
464,epiArms01_paladin_tint.dds,epiArms01_paladin_tint.dds,0,15,4,
465,epiArms01_warrior.dds,epiArms01_warrior.dds,0,15,4,
466,epiArms01_warrior_bump.dds,epiArms01_warrior_bump.dds,0,15,4,
467,epiArms01_warrior_gloss.dds,epiArms01_warrior_gloss.dds,0,15,4,
468,epiArms01_warrior_tint.dds,epiArms01_warrior_tint.dds,0,15,4,
469,epiBody01_paladin.dds,epiBody01_paladin.dds,0,15,4,
470,epiBody01_paladin_bump.dds,epiBody01_paladin_bump.dds,0,15,4,
471,epiBody01_paladin_gloss.dds,epiBody01_paladin_gloss.dds,0,15,4,
472,epiBody01_paladin_tint.dds,epiBody01_paladin_tint.dds,0,15,4,
473,epiBody02_champion.dds,epiBody02_champion.dds,0,15,4,
474,epiBody02_champion_bump.dds,epiBody02_champion_bump.dds,0,15,4,
475,epiBody02_champion_gloss.dds,epiBody02_champion_gloss.dds,0,15,4,
476,epiBody02_champion_tint.dds,epiBody02_champion_tint.dds,0,15,4,
477,epiBody03_warrior.dds,epiBody03_warrior.dds,0,15,4,
478,epiBody03_warrior_bump.dds,epiBody03_warrior_bump.dds,0,15,4,
479,epiBody03_warrior_gloss.dds,epiBody03_warrior_gloss.dds,0,15,4,
480,epiBody03_warrior_tint.dds,epiBody03_warrior_tint.dds,0,15,4,
481,epiBoots01_paladin.dds,epiBoots01_paladin.dds,0,15,4,
482,epiBoots01_paladin_gloss.dds,epiBoots01_paladin_gloss.dds,0,15,4,
483,epiBoots01_paladin_tint.dds,epiBoots01_paladin_tint.dds,0,15,4,
484,epiBoots02_champion.dds,epiBoots02_champion.dds,0,15,4,
485,epiBoots02_champion_bump.dds,epiBoots02_champion_bump.dds,0,15,4,
486,epiBoots02_champion_gloss.dds,epiBoots02_champion_gloss.dds,0,15,4,
487,epiBoots02_champion_tint.dds,epiBoots02_champion_tint.dds,0,15,4,
488,epiBoots03_warrior.dds,epiBoots03_warrior.dds,0,15,4,
489,epiBoots03_warrior_bump.dds,epiBoots03_warrior_bump.dds,0,15,4,
490,epiBoots03_warrior_gloss.dds,epiBoots03_warrior_gloss.dds,0,15,4,
491,epiBoots03_warrior_tint.dds,epiBoots03_warrior_tint.dds,0,15,4,
492,epiGloves01_paladin.dds,epiGloves01_paladin.dds,0,15,4,
493,epiGloves01_paladin_bump.dds,epiGloves01_paladin_bump.dds,0,15,4,
494,epiGloves01_paladin_gloss.dds,epiGloves01_paladin_gloss.dds,0,15,4,
495,epiGloves01_paladin_tint.dds,epiGloves01_paladin_tint.dds,0,15,4,
496,epiGloves01_warrior.dds,epiGloves01_warrior.dds,0,15,4,
497,epiGloves01_warrior_bump.dds,epiGloves01_warrior_bump.dds,0,15,4,
498,epiGloves01_warrior_gloss.dds,epiGloves01_warrior_gloss.dds,0,15,4,
499,epiGloves01_warrior_tint.dds,epiGloves01_warrior_tint.dds,0,15,4,
500,epiGloves02_champion.dds,epiGloves02_champion.dds,0,15,4,
501,epiGloves02_champion_bump.dds,epiGloves02_champion_bump.dds,0,15,4,
502,epiGloves02_champion_gloss.dds,epiGloves02_champion_gloss.dds,0,15,4,
503,epiGloves02_champion_tint.dds,epiGloves02_champion_tint.dds,0,15,4,
504,epiLegs01_champion.dds,epiLegs01_champion.dds,0,15,4,
505,epiLegs01_champion_bump.dds,epiLegs01_champion_bump.dds,0,15,4,
506,epiLegs01_champion_gloss.dds,epiLegs01_champion_gloss.dds,0,15,4,
507,epiLegs01_champion_tint.dds,epiLegs01_champion_tint.dds,0,15,4,
508,epiLegs01_paladin.dds,epiLegs01_paladin.dds,0,15,4,
509,epiLegs01_paladin_bump.dds,epiLegs01_paladin_bump.dds,0,15,4,
510,epiLegs01_paladin_gloss.dds,epiLegs01_paladin_gloss.dds,0,15,4,
511,epiLegs01_paladin_tint.dds,epiLegs01_paladin_tint.dds,0,15,4,
512,epiLegs01_warrior.dds,epiLegs01_warrior.dds,0,15,4,
513,epiLegs01_warrior_bump.dds,epiLegs01_warrior_bump.dds,0,15,4,
514,epiLegs01_warrior_gloss.dds,epiLegs01_warrior_gloss.dds,0,15,4,
515,epiLegs01_warrior_tint.dds,epiLegs01_warrior_tint.dds,0,15,4,
516,fro_f_hair02.dds,fro_f_hair02.dds,0,3,4,
517,fro_f_hair03.dds,fro_f_hair03.dds,0,3,4,
518,Fro_f_Head01.dds,Fro_f_Head01.dds,0,3,4,
519,Fro_f_Head02.dds,Fro_f_Head02.dds,0,3,4,
520,Fro_f_Head03.dds,Fro_f_Head03.dds,0,3,4,
521,Fro_f_Head04.dds,Fro_f_Head04.dds,0,3,4,
522,Fro_f_Head05.dds,Fro_f_Head05.dds,0,3,4,
523,Fro_f_Head06.dds,Fro_f_Head06.dds,0,3,4,
524,Fro_f_MummyHead01.dds,Fro_f_MummyHead01.dds,0,3,4,
525,Fro_m_Hair01.dds,Fro_m_Hair01.dds,0,3,4,
526,fro_m_hair02.dds,fro_m_hair02.dds,0,3,4,
527,Fro_m_Head01.dds,Fro_m_Head01.dds,0,3,4,
528,Fro_m_Head02.dds,Fro_m_Head02.dds,0,3,4,
529,Fro_m_Head03.dds,Fro_m_Head03.dds,0,3,4,
530,Fro_m_Head04.dds,Fro_m_Head04.dds,0,3,4,
531,Fro_m_Head05.dds,Fro_m_Head05.dds,0,3,4,
532,Fro_m_Head06.dds,Fro_m_Head06.dds,0,3,4,
533,Fro_m_MummyHead01.dds,Fro_m_MummyHead01.dds,0,3,4,
534,Hal_m_MummyHead01.dds,Hal_m_MummyHead01.dds,0,4,4,
535,Hig_F_MummyHead01.dds,Hig_F_MummyHead01.dds,0,4,4,
536,Hig_m_MummyHead01.dds,Hig_m_MummyHead01.dds,0,53,4,
537,Ico_f_MummyHead01.dds,Ico_f_MummyHead01.dds,0,5,4,
538,ico_f_ShadeHead.dds,ico_f_ShadeHead.dds,0,5,4,
539,Ico_f_stonehead.dds,Ico_f_stonehead.dds,0,5,4,
540,Ico_m_MummyHead01.dds,Ico_m_MummyHead01.dds,0,5,4,
541,ico_m_ShadeHead.dds,ico_m_ShadeHead.dds,0,5,4,
542,Ico_m_stonehead.dds,Ico_m_stonehead.dds,0,5,4,
543,Kob_f_Hair01.dds,Kob_f_Hair01.dds,0,6,4,
544,kob_f_hair02.dds,kob_f_hair02.dds,0,6,4,
545,Kob_f_Head01.dds,Kob_f_Head01.dds,0,6,4,
546,Kob_f_Head02.dds,Kob_f_Head02.dds,0,6,4,
547,Kob_f_Head03.dds,Kob_f_Head03.dds,0,6,4,
548,Kob_f_Head04.dds,Kob_f_Head04.dds,0,6,4,
549,Kob_f_Head05.dds,Kob_f_Head05.dds,0,6,4,
550,Kob_f_Head06.dds,Kob_f_Head06.dds,0,6,4,
551,Kob_f_MummyHead01.dds,Kob_f_MummyHead01.dds,0,6,4,
552,kob_f_ShadeHead.dds,kob_f_ShadeHead.dds,0,6,4,
553,kob_f_stonehead.dds,kob_f_stonehead.dds,0,6,4,
554,Kob_m_Hair01.dds,Kob_m_Hair01.dds,0,6,4,
555,Kob_m_Hair03.dds,Kob_m_Hair03.dds,0,6,4,
556,Kob_m_Head01.dds,Kob_m_Head01.dds,0,6,4,
557,Kob_m_Head02.dds,Kob_m_Head02.dds,0,6,4,
558,Kob_m_Head03.dds,Kob_m_Head03.dds,0,6,4,
559,Kob_m_Head04.dds,Kob_m_Head04.dds,0,6,4,
560,Kob_m_Head05.dds,Kob_m_Head05.dds,0,6,4,
561,Kob_m_Head06.dds,Kob_m_Head06.dds,0,6,4,
562,Kob_m_MummyHead01.dds,Kob_m_MummyHead01.dds,0,6,4,
563,kob_m_ShadeHead.dds,kob_m_ShadeHead.dds,0,53,4,
564,kob_m_stonehead.dds,kob_m_stonehead.dds,0,53,4,
565,leaArms01_02.dds,leaArms01_02.dds,0,15,4,
566,leaArms01_02_tint.dds,leaArms01_02_tint.dds,0,15,4,
567,leaArms01_11.dds,leaArms01_11.dds,0,15,4,
568,leaArms01_11_tint.dds,leaArms01_11_tint.dds,0,15,4,
569,leaBody01_01.dds,leaBody01_01.dds,0,16,4,
570,leaBody01_01_F.dds,leaBody01_01_F.dds,0,16,4,
571,leaBody01_01_M.dds,leaBody01_01_M.dds,0,16,4,
572,leaBody01_01_tint.dds,leaBody01_01_tint.dds,0,16,4,
573,leaBody01_02_F.dds,leaBody01_02_F.dds,0,16,4,
574,leaBody01_02_M.dds,leaBody01_02_M.dds,0,16,4,
575,leaBody01_Epic_Bard_f.dds,leaBody01_Epic_Bard_f.dds,0,16,4,
576,leaBody01_Epic_Bard_m.dds,leaBody01_Epic_Bard_m.dds,0,16,4,
577,leaBody01_Epic_Infiltrator_f.dds,leaBody01_Epic_Infiltrator_f.dds,0,16,4,
578,leaBody01_Epic_Infiltrator_m.dds,leaBody01_Epic_Infiltrator_m.dds,0,16,4,
579,leaBody01_Epic_nitshad_f.dds,leaBody01_Epic_nitshad_f.dds,0,16,4,
580,leaBody01_Epic_nitshad_m.dds,leaBody01_Epic_nitshad_m.dds,0,16,4,
581,leaBody01_Epic_savage_f.dds,leaBody01_Epic_savage_f.dds,0,16,4,
582,leaBody01_Epic_savage_m.dds,leaBody01_Epic_savage_m.dds,0,16,4,
583,leaBody01_Epic_SBlade_f.dds,leaBody01_Epic_SBlade_f.dds,0,16,4,
584,leaBody01_Epic_SBlade_m.dds,leaBody01_Epic_SBlade_m.dds,0,16,4,
585,leaBody02_01_F.dds,leaBody02_01_F.dds,0,16,4,
586,leaBody02_01_M.dds,leaBody02_01_M.dds,0,16,4,
587,leaBody02_Epic_Scout.dds,leaBody02_Epic_Scout.dds,0,16,4,
588,leaBody03_01_F.dds,leaBody03_01_F.dds,0,16,4,
589,leaBody03_01_M.dds,leaBody03_01_M.dds,0,16,4,
590,leaBody03_02_F.dds,leaBody03_02_F.dds,0,16,4,
591,leaBody03_02_M.dds,leaBody03_02_M.dds,0,16,4,
592,leaBody04_01_F.dds,leaBody04_01_F.dds,0,16,4,
593,leaBody04_01_M.dds,leaBody04_01_M.dds,0,16,4,
594,leaBody04_02_F.dds,leaBody04_02_F.dds,0,16,4,
595,leaBody04_02_M.dds,leaBody04_02_M.dds,0,16,4,
596,leaBody04_03.dds,leaBody04_03.dds,0,16,4,
597,leaBody04_03_F.dds,leaBody04_03_F.dds,0,16,4,
598,leaBody04_03_M.dds,leaBody04_03_M.dds,0,16,4,
599,leaBody04_03_tint.dds,leaBody04_03_tint.dds,0,16,4,
600,leaBody04_04_F.dds,leaBody04_04_F.dds,0,16,4,
601,leaBody04_04_M.dds,leaBody04_04_M.dds,0,16,4,
602,leaBody05_Epic_Bezerker_f.dds,leaBody05_Epic_Bezerker_f.dds,0,16,4,
603,leaBody05_Epic_Bezerker_m.dds,leaBody05_Epic_Bezerker_m.dds,0,16,4,
604,leaBody05_Epic_Hunter_f.dds,leaBody05_Epic_Hunter_f.dds,0,16,4,
605,leaBody05_Epic_Hunter_m.dds,leaBody05_Epic_Hunter_m.dds,0,16,4,
606,leaBody05_Epic_Ranger_f.dds,leaBody05_Epic_Ranger_f.dds,0,16,4,
607,leaBody05_Epic_Ranger_m.dds,leaBody05_Epic_Ranger_m.dds,0,16,4,
608,leaBody05_ren01_F.dds,leaBody05_ren01_F.dds,0,16,4,
609,leaBody05_ren01_M.dds,leaBody05_ren01_M.dds,0,16,4,
610,leaBody05_ren02_F.dds,leaBody05_ren02_F.dds,0,16,4,
611,leaBody05_std01_TOA_O_f.dds,leaBody05_std01_TOA_O_f.dds,0,16,4,
612,leaBody05_std01_TOA_O_m.dds,leaBody05_std01_TOA_O_m.dds,0,16,4,
613,leaBody05_std01_TOA_S_F.dds,leaBody05_std01_TOA_S_F.dds,0,27,4,
614,leaBody05_std01_TOA_S_m.dds,leaBody05_std01_TOA_S_m.dds,0,27,4,
615,leaBody05_std01_TOA_V_f.dds,leaBody05_std01_TOA_V_f.dds,0,27,4,
616,leaBody05_std01_TOA_V_m.dds,leaBody05_std01_TOA_V_m.dds,0,27,4,
617,leaBody05_TOA_O_f.dds,leaBody05_TOA_O_f.dds,0,16,4,
618,leaBody05_TOA_O_m.dds,leaBody05_TOA_O_m.dds,0,16,4,
619,leaBody05_TOA_S_F.dds,leaBody05_TOA_S_F.dds,0,16,4,
620,leaBody05_TOA_S_m.dds,leaBody05_TOA_S_m.dds,0,16,4,
621,leaBody05_TOA_V_f.dds,leaBody05_TOA_V_f.dds,0,27,4,
622,leaBody05_TOA_V_m.dds,leaBody05_TOA_V_m.dds,0,27,4,
623,leaboot01_Enyalio_TOA.dds,leaboots01_Enyalio_TOA.dds,0,29,4,
624,leaboot01_Flame_TOA.dds,leaboots01_Flame_TOA.dds,0,28,4,
625,leaBoot01_TOA_A.dds,leaBoots01_TOA_A.dds,0,29,4,
626,leaBoots01_01.dds,leaBoots01_01.dds,0,15,4,
627,leaBoots01_02.dds,leaBoots01_02.dds,0,15,4,
628,leaBoots01_02_tint.dds,leaBoots01_02_tint.dds,0,15,4,
629,leaBoots01_03.dds,leaBoots01_03.dds,0,15,4,
630,leaBoots01_03_tint.dds,leaBoots01_03_tint.dds,0,15,4,
631,leaBoots01_04.dds,leaBoots01_04.dds,0,15,4,
632,leaBoots01_05.dds,leaBoots01_06.dds,0,15,4,
633,leaBoots01_06.dds,leaBoots01_06.dds,0,15,4,
634,leaBoots01_07.dds,leaBoots01_07.dds,0,15,4,
635,leaBoots01_08.dds,leaBoots01_08.dds,0,15,4,
636,leaBoots01_09.dds,leaBoots01_09.dds,0,15,4,
637,leaBoots01_10.dds,leaBoots01_10.dds,0,15,4,
638,leaBoots01_11.dds,leaBoots01_11.dds,0,15,4,
639,leaBoots01_12.dds,leaBoots01_12.dds,0,15,4,
640,leaBoots01_13.dds,leaBoots01_13.dds,0,15,4,
641,leaBoots01_14.dds,leaBoots01_14.dds,0,15,4,
642,leaBoots01_15.dds,leaBoots01_15.dds,0,15,4,
643,leaBoots01_16.dds,leaBoots01_16.dds,0,15,4,
644,leaBoots01_Epic_Bard.dds,leaBoots01_Epic_Bard.dds,0,15,4,
645,leaBoots01_Epic_Bezerker.dds,leaBoots01_Epic_Bezerker.dds,0,15,4,
646,leaBoots01_Epic_Blademaster.dds,leaBoots01_Epic_Blademaster.dds,0,15,4,
647,leaBoots01_Epic_Infiltrator.dds,leaBoots01_Epic_Infiltrator.dds,0,15,4,
648,leaBoots01_Epic_nitshade.dds,leaBoots01_Epic_nitshade.dds,0,15,4,
649,leaBoots01_Epic_Ranger.dds,leaBoots01_Epic_Ranger.dds,0,15,4,
650,leaBoots01_Epic_savage.dds,leaBoots01_Epic_savage.dds,0,15,4,
651,leaBoots01_Epic_SBlade.dds,leaBoots01_Epic_SBlade.dds,0,15,4,
652,leaBoots01_Epic_Scou.dds,leaBoots01_Epic_Scou.dds,0,15,4,
653,leaBoots01_ren01.dds,leaBoots01_ren01.dds,0,15,4,
654,leaBoots01_ren02.dds,leaBoots01_ren02.dds,0,15,4,
655,leaBoots01_ren03.dds,leaBoots01_ren03.dds,0,15,4,
656,leaBoots01_ren04.dds,leaBoots01_ren04.dds,0,15,4,
657,leaBoots01_ren05.dds,leaBoots01_ren05.dds,0,15,4,
658,leaBoots01_std01.dds,leaBoots01_std01.dds,0,15,4,
659,leaBoots01_std01_TOA_A.dds,leaBoots01_std01_TOA_A.dds,0,29,4,
660,leaBoots01_std01_TOA_O.dds,leaBoots01_std01_TOA_O.dds,0,28,4,
661,leaBoots01_std01_TOA_S.dds,leaBoots01_std01_TOA_S.dds,0,28,4,
662,leaBoots01_std01_TOA_V.dds,leaBoots01_std01_TOA_V.dds,0,28,4,
663,leaBoots01_std02.dds,leaBoots01_std02.dds,0,15,4,
664,leaBoots01_std03.dds,leaBoots01_std03.dds,0,15,4,
665,leaBoots01_std04.dds,leaBoots01_std04.dds,0,15,4,
666,leaBoots01_std05.dds,leaBoots01_std05.dds,0,15,4,
667,leaBoots01_std06.dds,leaBoots01_std06.dds,0,15,4,
668,leaBoots01_std07.dds,leaBoots01_std07.dds,0,15,4,
669,leaBoots01_TOA_O.dds,leaBoots01_TOA_O.dds,0,28,4,
670,leaBoots01_TOA_S.dds,leaBoots01_TOA_S.dds,0,28,4,
671,leaBoots01_TOA_V.dds,leaBoots01_TOA_V.dds,0,28,4,
672,leaGlove01_TOA_A.dds,leaGlove01_TOA_A.dds,0,17,4,
673,leaGloves01_01.dds,leaGloves01_01.dds,0,17,4,
674,leaGloves01_02.dds,leaGloves01_02.dds,0,17,4,
675,leaGloves01_02_tint.dds,leaGloves01_02_tint.dds,0,17,4,
676,leaGloves01_03.dds,leaGloves01_03.dds,0,17,4,
677,leaGloves01_03_tint.dds,leaGloves01_03_tint.dds,0,17,4,
678,leaGloves01_04.dds,leaGloves01_04.dds,0,17,4,
679,leaGloves01_05.dds,leaGloves01_05.dds,0,17,4,
680,leaGloves01_06.dds,leaGloves01_06.dds,0,17,4,
681,leaGloves01_07.dds,leaGloves01_07.dds,0,17,4,
682,leaGloves01_08.dds,leaGloves01_08.dds,0,17,4,
683,leaGloves01_09.dds,leaGloves01_09.dds,0,17,4,
684,leaGloves01_10.dds,leaGloves01_10.dds,0,17,4,
685,leaGloves01_11.dds,leaGloves01_11.dds,0,17,4,
686,leaGloves01_12.dds,leaGloves01_12.dds,0,17,4,
687,leaGloves01_13.dds,leaGloves01_13.dds,0,17,4,
688,leaGloves01_14.dds,leaGloves01_14.dds,0,17,4,
689,leaGloves01_15.dds,leaGloves01_15.dds,0,17,4,
690,leaGloves01_16.dds,leaGloves01_16.dds,0,17,4,
691,leaGloves01_Epic_Bard.dds,leaGloves01_Epic_Bard.dds,0,17,4,
692,leaGloves01_Epic_Bezerker.dds,leaGloves01_Epic_Bezerker.dds,0,17,4,
693,leaGloves01_Epic_Blademaster.dds,leaGloves01_Epic_Blademaster.dds,0,17,4,
694,leaGloves01_Epic_Infiltrator.dds,leaGloves01_Epic_Infiltrator.dds,0,17,4,
695,leaGloves01_Epic_nitshade.dds,leaGloves01_Epic_nitshade.dds,0,17,4,
696,leaGloves01_Epic_Ranger.dds,leaGloves01_Epic_Ranger.dds,0,17,4,
697,leaGloves01_Epic_savage.dds,leaGloves01_Epic_savage.dds,0,17,4,
698,leaGloves01_Epic_SBlade.dds,leaGloves01_Epic_SBlade.dds,0,17,4,
699,leaGloves01_Epic_Scout.dds,leaGloves01_Epic_Scout.dds,0,17,4,
700,leaGloves01_ren01.dds,leaGloves01_ren01.dds,0,17,4,
701,leaGloves01_ren02.dds,leaGloves01_ren02.dds,0,17,4,
702,leaGloves01_ren03.dds,leaGloves01_ren03.dds,0,17,4,
703,leaGloves01_ren04.dds,leaGloves01_ren04.dds,0,17,4,
704,leaGloves01_ren05.dds,leaGloves01_ren05.dds,0,17,4,
705,leagloves01_Shark_TOA_O.dds,leagloves01_Shark_TOA_O.dds,0,28,4,
706,leaGloves01_std01.dds,leaGloves01_std01.dds,0,17,4,
707,leaGloves01_std01_TOA_A.dds,leaGloves01_std01_TOA_A.dds,0,29,4,
708,leaGloves01_std01_TOA_O.dds,leaGloves01_std01_TOA_O.dds,0,28,4,
709,leaGloves01_std01_TOA_S.dds,leaGloves01_std01_TOA_S.dds,0,28,4,
710,leaGloves01_std01_TOA_V.dds,leaGloves01_std01_TOA_V.dds,0,28,4,
711,leaGloves01_std02.dds,leaGloves01_std02.dds,0,17,4,
712,leaGloves01_std03.dds,leaGloves01_std03.dds,0,17,4,
713,leaGloves01_std04.dds,leaGloves01_std04.dds,0,17,4,
714,leaGloves01_std05.dds,leaGloves01_std05.dds,0,17,4,
715,leaGloves01_std06.dds,leaGloves01_std06.dds,0,17,4,
716,leaGloves01_std07.dds,leaGloves01_std07.dds,0,17,4,
717,leaGloves01_std08.dds,leaGloves01_std08.dds,0,17,4,
718,leaGloves01_TOA_O.dds,leaGloves01_TOA_O.dds,0,28,4,
719,leaGloves01_TOA_S.dds,leaGloves01_TOA_S.dds,0,28,4,
720,leaGloves01_TOA_V.dds,leaGloves01_TOA_V.dds,0,28,4,
721,leagloves01__Scalar_TOA_V.dds,leagloves01_Scalar_TOA_V.dds,0,28,4,
722,leaLegs01_01.dds,leaLegs01_01.dds,0,17,4,
723,leaLegs01_01_tint.dds,leaLegs01_01_tint.dds,0,17,4,
724,leaLegs02_02.dds,leaLegs02_02.dds,0,17,4,
725,leaLegs02_02_tint.dds,leaLegs02_02_tint.dds,0,17,4,
726,Lur_f_MummyHead01.dds,Lur_f_MummyHead01.dds,0,6,4,
727,lur_f_ShadeHead.dds,lur_f_ShadeHead.dds,0,6,4,
728,lur_f_stonehead.dds,lur_f_stonehead.dds,0,6,4,
729,Lur_m_MummyHead01.dds,Lur_m_MummyHead01.dds,0,6,4,
730,lur_m_ShadeHead.dds,lur_m_ShadeHead.dds,0,6,4,
731,lur_m_stonehead.dds,lur_m_stonehead.dds,0,6,4,
732,Nor_f_Hair01.dds,Nor_f_Hair01.dds,0,7,4,
733,Nor_f_Hair02.dds,Nor_f_Hair02.dds,0,7,4,
734,Nor_f_Head01.dds,Nor_f_Head01.dds,0,7,4,
735,Nor_f_Head02.dds,Nor_f_Head02.dds,0,7,4,
736,Nor_f_Head03.dds,Nor_f_Head03.dds,0,7,4,
737,Nor_f_Head04.dds,Nor_f_Head04.dds,0,7,4,
738,Nor_f_Head05.dds,Nor_f_Head05.dds,0,7,4,
739,Nor_f_Head06.dds,Nor_f_Head06.dds,0,7,4,
740,Nor_F_MummyHead01.dds,Nor_F_MummyHead01.dds,0,7,4,
741,Nor_m_Hair01.dds,Nor_m_Hair01.dds,0,7,4,
742,Nor_m_Hair02.dds,Nor_m_Hair02.dds,0,7,4,
743,Nor_m_Head01.dds,Nor_m_Head01.dds,0,30,4,
744,Nor_m_Head02.dds,Nor_m_Head02.dds,0,30,4,
745,Nor_m_Head03.dds,Nor_m_Head03.dds,0,30,4,
746,Nor_m_Head04.dds,Nor_m_Head04.dds,0,30,4,
747,Nor_m_Head05.dds,Nor_m_Head05.dds,0,30,4,
748,Nor_m_Head06.dds,Nor_m_Head06.dds,0,30,4,
749,Nor_m_MummyHead01.dds,Nor_m_MummyHead01.dds,0,53,4,
750,paladin_epic_arm.dds,paladin_epic_arm.dds,0,17,4,
751,pltBody01_01_f.dds,pltBody01_01_f.dds,0,18,4,
752,pltBody01_01_m.dds,pltBody01_01_m.dds,0,18,4,
753,pltBody01_02_f.dds,pltBody01_02_f.dds,0,18,4,
754,pltBody01_02_m.dds,pltBody01_02_m.dds,0,18,4,
755,pltBody01_03_f.dds,pltBody01_03_f.dds,0,18,4,
756,pltBody01_03_m.dds,pltBody01_03_m.dds,0,18,4,
757,pltBody01_04_f.dds,pltBody01_04_f.dds,0,18,4,
758,pltBody01_04_m.dds,pltBody01_04_m.dds,0,18,4,
759,pltBody01_05_f.dds,pltBody01_05_f.dds,0,18,4,
760,pltBody01_05_m.dds,pltBody01_05_m.dds,0,18,4,
761,pltBody01_chn01_TOA_A_f.dds,pltBody01_chn01_TOA_A_f.dds,0,18,4,
762,pltBody01_chn01_TOA_A_m.dds,pltBody01_chn01_TOA_A_m.dds,0,18,4,
763,pltBody01_chn01_TOA_O_f.dds,pltBody01_chn01_TOA_O_f.dds,0,18,4,
764,pltBody01_chn01_TOA_O_m.dds,pltBody01_chn01_TOA_O_m.dds,0,18,4,
765,pltBody01_chn01_TOA_S_f.dds,pltBody01_chn01_TOA_S_f.dds,0,18,4,
766,pltBody01_chn01_TOA_S_m.dds,pltBody01_chn01_TOA_S_m.dds,0,18,4,
767,pltBody01_chn01_TOA_V_f.dds,pltBody01_chn01_TOA_V_f.dds,0,18,4,
768,pltBody01_chn01_TOA_V_m.dds,pltBody01_chn01_TOA_V_m.dds,0,18,4,
769,pltBody01_eirene_TOA_O.dds,pltBody01_eirene_TOA_O_m.dds,0,27,4,
770,pltBody01_Epic_Armsman_f.dds,pltBody01_Epic_Armsman_f.dds,0,18,4,
771,pltBody01_Epic_Armsman_m.dds,pltBody01_Epic_Armsman_m.dds,0,18,4,
772,pltbody01_Epic_Cleric_f.dds,pltbody01_Epic_Cleric_f.dds,0,18,4,
773,pltbody01_Epic_Cleric_m.dds,pltbody01_Epic_Cleric_m.dds,0,18,4,
774,pltBody01_Epic_Healer_f.dds,pltBody01_Epic_Healer_f.dds,0,18,4,
775,pltBody01_Epic_Healer_m.dds,pltBody01_Epic_Healer_m.dds,0,18,4,
776,pltBody01_Epic_Merc_f.dds,pltBody01_Epic_Merc_f.dds,0,18,4,
777,pltBody01_Epic_Merc_m.dds,pltBody01_Epic_Merc_m.dds,0,18,4,
778,pltBody01_Epic_Minstrel_m.dds,pltBody01_Epic_Minstrel_m.dds,0,18,4,
779,pltBody01_Epic_Paladin.dds,pltBody01_Epic_Paladin.dds,0,18,4,
780,pltBody01_Epic_Reaver_f.dds,pltBody01_Epic_Reaver_f.dds,0,18,4,
781,pltBody01_Epic_Reaver_m.dds,pltBody01_Epic_Reaver_m.dds,0,18,4,
782,pltBody01_Epic_Skald_f.dds,pltBody01_Epic_Skald_f.dds,0,18,4,
783,pltBody01_Epic_Skald_m.dds,pltBody01_Epic_Skald_m.dds,0,18,4,
784,pltBody01_gift_TOA_A_f.dds,pltBody01_gift_TOA_A_f.dds,0,28,4,
785,pltBody01_gift_TOA_A_m.dds,pltBody01_gift_TOA_A_m.dds,0,27,4,
786,pltBody01_scl01_TOA_A_f.dds,pltBody01_scl01_TOA_A_f.dds,0,27,4,
787,pltBody01_scl01_TOA_A_m.dds,pltBody01_scl01_TOA_A_m.dds,0,27,4,
788,pltBody01_scl01_TOA_O_f.dds,pltBody01_scl01_TOA_O_f.dds,0,29,4,
789,pltBody01_scl01_TOA_O_m.dds,pltBody01_scl01_TOA_O_m.dds,0,29,4,
790,pltBody01_scl01_TOA_S_f.dds,pltBody01_scl01_TOA_S_f.dds,0,18,4,
791,pltBody01_scl01_TOA_S_m.dds,pltBody01_scl01_TOA_S_m.dds,0,18,4,
792,pltBody01_scl01_TOA_V_f.dds,pltBody01_scl01_TOA_V_f.dds,0,18,4,
793,pltBody01_scl01_TOA_V_m.dds,pltBody01_scl01_TOA_V_m.dds,0,18,4,
794,pltBody01_TOA_A_f.dds,pltBody01_TOA_A_f.dds,0,18,4,
795,pltBody01_TOA_A_m.dds,pltBody01_TOA_A_m.dds,0,18,4,
796,pltBody01_TOA_O_f.dds,pltBody01_TOA_O_f.dds,0,18,4,
797,pltBody01_TOA_O_m.dds,pltBody01_TOA_O_m.dds,0,18,4,
798,pltBody01_TOA_S_f.dds,pltBody01_TOA_S_f.dds,0,18,4,
799,pltBody01_TOA_S_m.dds,pltBody01_TOA_S_m.dds,0,18,4,
800,pltBody01_TOA_V_f.dds,pltBody01_TOA_V_f.dds,0,18,4,
801,pltBody01_TOA_V_m.dds,pltBody01_TOA_V_m.dds,0,18,4,
802,pltBoot01_Epic_Paladin.dds,pltBoot01_Epic_Paladin.dds,0,19,4,
803,pltBoots01_01.dds,pltBoots01_01.dds,0,19,4,
804,pltBoots01_02.dds,pltBoots01_02.dds,0,19,4,
805,pltBoots01_03.dds,pltBoots01_03.dds,0,19,4,
806,pltBoots01_04.dds,pltBoots01_04.dds,0,19,4,
807,pltBoots01_05.dds,pltBoots01_05.dds,0,19,4,
808,pltBoots01_chn01_TOA_A.dds,pltBoots01_chn01_TOA_A.dds,0,28,4,
809,pltBoots01_chn01_TOA_O.dds,pltBoots01_chn01_TOA_O.dds,0,28,4,
810,pltBoots01_chn01_TOA_S.dds,pltBoots01_chn01_TOA_S.dds,0,28,4,
811,pltBoots01_chn01_TOA_V.dds,pltBoots01_chn01_TOA_V.dds,0,28,4,
812,pltBoots01_eirene_TOA_O.dds,pltBoots01_eirene_TOA_O.dds,0,19,4,
813,pltBoots01_Epic_Armsman.dds,pltBoots01_Epic_Armsman.dds,0,19,4,
814,pltboots01_Epic_Cleric.dds,pltboots01_Epic_Cleric.dds,0,19,4,
815,pltBoots01_Epic_Healer.dds,pltBoots01_Epic_Healer.dds,0,19,4,
816,pltBoots01_Epic_Merc.dds,pltBoots01_Epic_Merc.dds,0,19,4,
817,pltBoots01_Epic_Minstrel.dds,pltBoots01_Epic_Minstrel.dds,0,19,4,
818,pltBoots01_Epic_Skald.dds,pltBoots01_Epic_Skald.dds,0,19,4,
819,pltBoots01_scl01_TOA_A.dds,pltBoots01_scl01_TOA_A.dds,0,28,4,
820,pltBoots01_scl01_TOA_O.dds,pltBoots01_scl01_TOA_O.dds,0,28,4,
821,pltBoots01_scl01_TOA_S.dds,pltBoots01_scl01_TOA_S.dds,0,28,4,
822,pltBoots01_scl01_TOA_V.dds,pltBoots01_scl01_TOA_V.dds,0,28,4,
823,pltBoots01_TOA_A.dds,pltBoots01_TOA_A.dds,0,28,4,
824,pltBoots01_TOA_O.dds,pltBoots01_TOA_O.dds,0,28,4,
825,pltBoots01_TOA_S.dds,pltBoots01_TOA_S.dds,0,28,4,
826,pltBoots01_TOA_V.dds,pltBoots01_TOA_V.dds,0,28,4,
827,pltGloves01_01.dds,pltGloves01_01.dds,0,19,4,
828,pltGloves01_02.dds,pltGloves01_02.dds,0,19,4,
829,pltGloves01_03.dds,pltGloves01_03.dds,0,19,4,
830,pltGloves01_04.dds,pltGloves01_04.dds,0,19,4,
831,pltGloves01_05.dds,pltGloves01_05.dds,0,19,4,
832,pltGloves01_chn01_TOA_A.dds,pltGloves01_chn01_TOA_A.dds,0,28,4,
833,pltGloves01_chn01_TOA_O.dds,pltGloves01_chn01_TOA_O.dds,0,28,4,
834,pltGloves01_chn01_TOA_S.dds,pltGloves01_chn01_TOA_S.dds,0,28,4,
835,pltGloves01_chn01_TOA_V.dds,pltGloves01_chn01_TOA_V.dds,0,28,4,
836,pltGloves01_eirene_TOA_O.dds,pltGloves01_eirene_TOA_O.dds,0,19,4,
837,pltGloves01_Epic_Armsman.dds,pltGloves01_Epic_Armsman.dds,0,19,4,
838,pltGloves01_Epic_Cleric.dds,pltGloves01_Epic_Cleric.dds,0,19,4,
839,pltGloves01_Epic_Healer.dds,pltGloves01_Epic_Healer.dds,0,19,4,
840,pltGloves01_Epic_Merc.dds,pltGloves01_Epic_Merc.dds,0,19,4,
841,pltGloves01_Epic_Minstrel.dds,pltGloves01_Epic_Minstrel.dds,0,19,4,
842,pltGloves01_Epic_Paladin.dds,pltGloves01_Epic_Paladin.dds,0,19,4,
843,pltGloves01_Epic_Skald.dds,pltGloves01_Epic_Skald.dds,0,19,4,
844,pltGloves01_scl01_TOA_A.dds,pltGloves01_scl01_TOA_A.dds,0,28,4,
845,pltGloves01_scl01_TOA_O.dds,pltGloves01_scl01_TOA_O.dds,0,28,4,
846,pltGloves01_scl01_TOA_S.dds,pltGloves01_scl01_TOA_S.dds,0,28,4,
847,pltGloves01_scl01_TOA_V.dds,pltGloves01_scl01_TOA_V.dds,0,28,4,
848,pltGloves01_TOA_A.dds,pltGloves01_TOA_A.dds,0,28,4,
849,pltGloves01_TOA_O.dds,pltGloves01_TOA_O.dds,0,28,4,
850,pltGloves01_TOA_S.dds,pltGloves01_TOA_S.dds,0,28,4,
851,pltGloves01_TOA_V.dds,pltGloves01_TOA_V.dds,0,28,4,
852,pltGloves_Epic_Reaver.dds,pltGloves_Epic_Reaver.dds,0,19,4,
853,pltLegs01_04.dds,pltLegs01_04.dds,0,19,4,
854,pltlegs01_eirene_TOA_O.dds,pltlegs01_eirene_TOA_O.dds,0,19,4,
855,renBody01_01_F.dds,renBody01_01_F.dds,0,23,4,
856,renBody01_01_M.dds,renBody01_01_M.dds,0,23,4,
857,renBody01_02_F.dds,renBody01_02_F.dds,0,23,4,
858,renBody01_02_M.dds,renBody01_02_M.dds,0,23,4,
859,renBody02_01_F.dds,renBody02_01_F.dds,0,23,4,
860,renBody02_01_M.dds,renBody02_01_M.dds,0,23,4,
861,renBody02_02_M.dds,renBody02_02_M.dds,0,23,4,
862,renBody03_01_F.dds,renBody03_01_F.dds,0,23,4,
863,renBody03_01_M.dds,renBody03_01_M.dds,0,23,4,
864,renBody03_Epic_Blademaster_f.dds,renBody03_Epic_Blademaster_f.dds,0,23,4,
865,renBody03_Epic_Blademaster_m.dds,renBody03_Epic_Blademaster_m.dds,0,23,4,
866,robBody01_01.dds,robBody01_01.dds,0,20,4,
867,robBody01_01_f.dds,robBody01_01_f.dds,0,20,4,
868,robBody01_02.dds,robBody01_02.dds,0,20,4,
869,robBody01_02_f.dds,robBody01_02_f.dds,0,20,4,
870,robBody01_02_m.dds,robBody01_02_m.dds,0,20,4,
871,robBody01_03.dds,robBody01_03.dds,0,20,4,
872,robBody01_03_f.dds,robBody01_03_f.dds,0,20,4,
873,robBody01_03_m.dds,robBody01_03_m.dds,0,20,4,
874,robBody01_04.dds,robBody01_04.dds,0,20,4,
875,robBody01_04_f.dds,robBody01_04_f.dds,0,20,4,
876,robBody01_04_m.dds,robBody01_04_m.dds,0,20,4,
877,robBody01_05.dds,robBody01_05.dds,0,20,4,
878,robBody01_05_f.dds,robBody01_05_f.dds,0,20,4,
879,robBody01_05_m.dds,robBody01_05_m.dds,0,20,4,
880,robBody01_06.dds,robBody01_06.dds,0,20,4,
881,robBody01_06_f.dds,robBody01_06_f.dds,0,20,4,
882,robBody01_06_m.dds,robBody01_06_m.dds,0,20,4,
883,robBody01_07.dds,robBody01_07.dds,0,20,4,
884,robBody01_07_f.dds,robBody01_07_f.dds,0,20,4,
885,robBody01_07_m.dds,robBody01_07_m.dds,0,20,4,
886,robBody01_08.dds,robBody01_08.dds,0,20,4,
887,robBody01_08_f.dds,robBody01_08_f.dds,0,20,4,
888,robBody01_08_m.dds,robBody01_08_m.dds,0,20,4,
889,robBody01_09.dds,robBody01_09.dds,0,20,4,
890,robBody01_09_f.dds,robBody01_09_f.dds,0,20,4,
891,robBody01_09_m.dds,robBody01_09_m.dds,0,20,4,
892,robBody01_10.dds,robBody01_10.dds,0,20,4,
893,robBody01_10_f.dds,robBody01_10_f.dds,0,20,4,
894,robBody01_10_m.dds,robBody01_10_m.dds,0,20,4,
895,robBody01_11.dds,robBody01_11.dds,0,21,4,
896,robBody01_11_f.dds,robBody01_11_f.dds,0,21,4,
897,robBody01_11_m.dds,robBody01_11_m.dds,0,21,4,
898,robBody01_12.dds,robBody01_12.dds,0,21,4,
899,robBody01_12_f.dds,robBody01_12_f.dds,0,21,4,
900,robBody01_12_m.dds,robBody01_12_m.dds,0,21,4,
901,robBody01_13.dds,robBody01_13.dds,0,21,4,
902,robBody01_13_f.dds,robBody01_13_f.dds,0,21,4,
903,robBody01_13_m.dds,robBody01_13_m.dds,0,21,4,
904,robBody01_14.dds,robBody01_14.dds,0,21,4,
905,robBody01_14_f.dds,robBody01_14_f.dds,0,25,4,
906,robBody01_14_m.dds,robBody01_14_m.dds,0,25,4,
907,robBody01_15.dds,robBody01_15.dds,0,25,4,
908,robBody01_15_f.dds,cthbody_01_15_f.dds,0,12,4,
909,robBody01_15_m.dds,cthbody_01_15_m.dds,0,12,4,
910,robBody01_16.dds,robBody01_16.dds,0,25,4,
911,cthbody01_16_m.dds,cthbody_01_16_m.dds,0,12,4,
912,cthbody01_16_f.dds,cthbody_01_16_f.dds,0,12,4,
913,robBody01_17.dds,robBody01_17.dds,0,21,4,
914,cthbody01_09_f.dds,cthbody01_09_f.dds,0,12,4,
915,cthbody01_09_m.dds,cthbody01_09_m.dds,0,12,4,
916,robBody01_18.dds,robBody01_18.dds,0,21,4,
917,robBody01_18_f.dds,cthbody01_11_f.dds,0,12,4,
918,robBody01_18_m.dds,cthbody01_11_m.dds,0,12,4,
919,robBody01_cth01_TOA_A_m.dds,robBody01_cth01_TOA_A_m.dds,0,33,4,
920,robBody01_cth01_TOA_O_m.dds,robBody01_cth01_TOA_O_m.dds,0,33,4,
921,robBody01_cth01_TOA_S_m.dds,robBody01_cth01_TOA_S_m.dds,0,33,4,
922,robBody01_cth01_TOA_V_m.dds,robBody01_cth01_TOA_V_m.dds,0,33,4,
923,robBody01_Epic_Animist.dds,robBody01_Epic_Animist.dds,0,22,4,
924,robBody01_Epic_Cabalist_m.dds,robBody01_Epic_Cabalist_m.dds,0,22,4,
925,robBody01_Epic_Eldritch_m.dds,robBody01_Epic_Eldritch_m.dds,0,22,4,
926,robBody01_Epic_Enchanter_f.dds,robBody01_Epic_Enchanter_f.dds,0,22,4,
927,robBody01_Epic_Enchanter_m.dds,robBody01_Epic_Enchanter_m.dds,0,22,4,
928,robBody01_Epic_Mentalist_m.dds,robBody01_Epic_Mentalist_m.dds,0,22,4,
929,robBody01_Epic_Necromancer_m.dds,robBody01_Epic_Necromancer_m.dds,0,22,4,
930,robBody01_Epic_Theurgist_m.dds,robBody01_Epic_Theurgist_m.dds,0,30,4,
931,robBody01_Epic_Vale_m.dds,robBody01_Epic_Vale_m.dds,0,22,4,
932,robBody01_Epic_Wizard.dds,robBody01_Epic_Wizard.dds,0,22,4,
933,robBody01_lea01_TOA_A_m.dds,robBody01_lea01_TOA_A_m.dds,0,33,4,
934,robBody01_lea01_TOA_O_m.dds,robBody01_lea01_TOA_O_m.dds,0,33,4,
935,robBody01_lea01_TOA_S_m.dds,robBody01_lea01_TOA_S_m.dds,0,33,4,
936,robBody01_lea01_TOA_V_m.dds,robBody01_lea01_TOA_V_m.dds,0,33,4,
937,robBody01_naliah_TOA_S_m.dds,robBody01_naliah_TOA_S_m.dds,0,22,4,
938,robBody01_rsch_TOA_A.dds,robBody01_rsch_TOA_A.dds,0,23,4,
939,robBody01_rsch_TOA_H.dds,robBody01_rsch_TOA_H.dds,0,23,4,
940,robBody01_rsch_TOA_N.dds,robBody01_rsch_TOA_N.dds,0,23,4,
941,robBoot01_Epic_Eldritch.dds,robBoot01_Epic_Eldritch.dds,0,23,4,
942,robBoot01_Epic_Necromancer.dds,robBoot01_Epic_Necromancer.dds,0,23,4,
943,robBoots01_Epic_Animist.dds,robBoots01_Epic_Animist.dds,0,23,4,
944,robBoots01_Epic_Cabalist.dds,robBoots01_Epic_Cabalist.dds,0,23,4,
945,robBoots01_Epic_Enchanter.dds,robBoots01_Epic_Enchanter.dds,0,23,4,
946,robBoots01_Epic_Mentalist.dds,robBoots01_Epic_Mentalist.dds,0,23,4,
947,robBoots01_Epic_Theurgist.dds,robBoots01_Epic_Theurgist.dds,0,23,4,
948,robBoots01_Epic_Vale.dds,robBoots01_Epic_Vale.dds,0,23,4,
949,robBoots01_Epic_Wizard.dds,robBoots01_Epic_Wizard.dds,0,23,4,
950,robGlove01_Epic_Eldritch.dds,robGlove01_Epic_Eldritch.dds,0,23,4,
951,robGlove01_Epic_Necromancer.dds,robGlove01_Epic_Necromancer.dds,0,23,4,
952,robGloves01_Epic_Animist.dds,robGloves01_Epic_Animist.dds,0,23,4,
953,robGloves01_Epic_Cabalist.dds,robGloves01_Epic_Cabalist.dds,0,23,4,
954,robGloves01_Epic_Enchanter.dds,robGloves01_Epic_Enchanter.dds,0,23,4,
955,robGloves01_Epic_Mentalist.dds,robGloves01_Epic_Mentalist.dds,0,23,4,
956,robGloves01_Epic_Theurgist.dds,robGloves01_Epic_Theurgist.dds,0,23,4,
957,robGloves01_Epic_Vale.dds,robGloves01_Epic_Vale.dds,0,23,4,
958,robGloves01_Epic_Wizard.dds,robGloves01_Epic_Wizard.dds,0,23,4,
959,Sar_f_MummyHead01.dds,Sar_f_MummyHead01.dds,0,7,4,
960,sar_f_ShadeHead.dds,sar_f_ShadeHead.dds,0,7,4,
961,sar_f_stonehead.dds,sar_f_stonehead.dds,0,7,4,
962,Sar_m_MummyHead01.dds,Sar_m_MummyHead01.dds,0,7,4,
963,sar_m_ShadeHead.dds,sar_m_ShadeHead.dds,0,7,4,
964,Sar_m_stonehead.dds,Sar_m_stonehead.dds,0,7,4,
965,sclbody01_01_F.dds,sclbody01_01_F.dds,0,24,4,
966,sclbody01_01_M.dds,sclbody01_01_M.dds,0,24,4,
967,sclbody01_02_M.dds,sclbody01_02_M.dds,0,24,4,
968,sclBody01_03_F.dds,sclBody01_03_F.dds,0,24,4,
969,sclBody01_03_M.dds,sclBody01_03_M.dds,0,24,4,
970,sclBody01_04_F.dds,sclBody01_04_F.dds,0,24,4,
971,sclBody01_04_M.dds,sclBody01_04_M.dds,0,24,4,
972,sclBody01_Epic_Champion_f.dds,sclBody01_Epic_Champion_f.dds,0,24,4,
973,sclBody01_Epic_Champion_m.dds,sclBody01_Epic_Champion_m.dds,0,24,4,
974,sclBody01_Epic_Druid_f.dds,sclBody01_Epic_Druid_f.dds,0,24,4,
975,sclBody01_Epic_Druid_m.dds,sclBody01_Epic_Druid_m.dds,0,24,4,
976,sclBody01_Epic_Hero_f.dds,sclBody01_Epic_Hero_f.dds,0,24,4,
977,sclBody01_Epic_Hero_m.dds,sclBody01_Epic_Hero_m.dds,0,24,4,
978,sclBody01_Epic_Warden_f.dds,sclBody01_Epic_Warden_f.dds,0,24,4,
979,sclBody01_Epic_Warden_m.dds,sclBody01_Epic_Warden_m.dds,0,24,4,
980,sclBoots01_01.dds,sclBoots01_01.dds,0,24,4,
981,sclBoots01_02.dds,sclBoots01_02.dds,0,24,4,
982,sclBoots01_03.dds,sclBoots01_03.dds,0,24,4,
983,sclBoots01_04.dds,sclBoots01_04.dds,0,24,4,
984,sclBoots01_Epic_Champion.dds,sclBoots01_Epic_Champion.dds,0,24,4,
985,sclBoots01_Epic_Druid.dds,sclBoots01_Epic_Druid.dds,0,24,4,
986,sclBoots01_Epic_Hero.dds,sclBoots01_Epic_Hero.dds,0,24,4,
987,sclBoots01_Epic_Warden.dds,sclBoots01_Epic_Warden.dds,0,24,4,
988,sclGloves01_01.dds,sclGloves01_01.dds,0,24,4,
989,sclGloves01_02.dds,sclGloves01_02.dds,0,24,4,
990,sclGloves01_03.dds,sclGloves01_03.dds,0,24,4,
991,sclGloves01_04.dds,sclGloves01_04.dds,0,24,4,
992,sclGloves01_Epic_Champion.dds,sclGloves01_Epic_Champion.dds,0,24,4,
993,sclGloves01_Epic_Druid.dds,sclGloves01_Epic_Druid.dds,0,24,4,
994,sclGloves01_Epic_Hero.dds,sclGloves01_Epic_Hero.dds,0,24,4,
995,sclGloves01_Epic_Warden.dds,sclGloves01_Epic_Warden.dds,0,24,4,
996,Sha_f_MummyHead01.dds,Sha_f_MummyHead01.dds,0,8,4,
997,sha_f_ShadeHead.dds,sha_f_ShadeHead.dds,0,8,4,
998,sha_f_stonehead.dds,sha_f_stonehead.dds,0,8,4,
999,Sha_m_MummyHead01.dds,Sha_m_MummyHead01.dds,0,8,4,
1000,sha_m_ShadeHead.dds,sha_m_ShadeHead.dds,0,8,4,
1001,sha_m_stonehead.dds,sha_m_stonehead.dds,0,8,4,
1002,stdBody01_01_f.dds,stdBody01_01_f.dds,0,24,4,
1003,stdBody01_01_m.dds,stdBody01_02_m.dds,0,24,4,
1004,stdBody01_02_f.dds,stdBody01_02_f.dds,0,24,4,
1005,stdBody01_02_m.dds,stdBody01_02_m.dds,0,24,4,
1006,stdBody01_03_f.dds,stdBody01_03_f.dds,0,24,4,
1007,stdBody01_03_m.dds,stdBody01_03_m.dds,0,24,4,
1008,stdBody01_04_f.dds,stdBody01_04_f.dds,0,24,4,
1009,stdBody01_04_m.dds,stdBody01_04_m.dds,0,24,4,
1010,stdBody02_01_f.dds,stdBody02_01_f.dds,0,24,4,
1011,stdBody02_01_m.dds,stdBody02_01_m.dds,0,24,4,
1012,stdBody02_02_f.dds,stdBody02_02_f.dds,0,24,4,
1013,stdBody02_02_m.dds,stdBody02_02_m.dds,0,24,4,
1014,stdBody02_lea01_F.dds,stdBody02_lea01_F.dds,0,24,4,
1015,stdBody02_lea01_M.dds,stdBody02_lea01_M.dds,0,24,4,
1016,stdBody02_lea02_F.dds,stdBody02_lea02_F.dds,0,24,4,
1017,stdBody02_lea02_M.dds,stdBody02_lea02_M.dds,0,24,4,
1018,stdBody02_lea03_F.dds,stdBody02_lea03_F.dds,0,24,4,
1019,stdBody02_lea03_M.dds,stdBody02_lea03_M.dds,0,24,4,
1020,stdBody02_lea04_F.dds,stdBody02_lea04_F.dds,0,24,4,
1021,stdBody02_lea04_M.dds,stdBody02_lea04_M.dds,0,24,4,
1022,stdBody02_lea05_F.dds,stdBody02_lea05_F.dds,0,24,4,
1023,stdBody02_lea05_M.dds,stdBody02_lea05_M.dds,0,24,4,
1024,stdBody02_lea06_F.dds,stdBody02_lea06_F.dds,0,24,4,
1025,stdBody02_lea06_M.dds,stdBody02_lea06_M.dds,0,24,4,
1026,stdBody03_01_f.dds,stdBody01_04_f.dds ,0,24,4,
1027,stdBody03_01_m.dds,stdBody01_04_mdds ,0,24,4,
1028,Syl_F_MummyHead01.dds,Syl_F_MummyHead01.dds,0,8,4,
1029,Syl_m_MummyHead01.dds,Syl_m_MummyHead01.dds,0,8,4,
1030,syl_m_ShadeHead.dds,syl_m_ShadeHead.dds,0,8,4,
1031,syl_m_stonehead.dds,syl_m_stonehead.dds,0,8,4,
1032,TOA_Stone.dds,TOA_Stone.dds,0,25,4,
1033,tro_f_decal01_blue.dds,tro_f_decal01_blue.dds,0,9,4,
1034,tro_f_decal01_red.dds,tro_f_decal01_red.dds,0,9,4,
1035,tro_f_decal01_yellow.dds,tro_f_decal01_yellow.dds,0,9,4,
1036,tro_f_decal02_blue.dds,tro_f_decal02_blue.dds,0,9,4,
1037,tro_f_decal02_red.dds,tro_f_decal02_red.dds,0,9,4,
1038,tro_f_decal02_yellow.dds,tro_f_decal02_yellow.dds,0,9,4,
1039,tro_f_decal03_blue.dds,tro_f_decal03_blue.dds,0,9,4,
1040,tro_f_decal03_red.dds,tro_f_decal03_red.dds,0,9,4,
1041,tro_f_decal03_yellow.dds,tro_f_decal03_yellow.dds,0,9,4,
1042,tro_f_decal04_blue.dds,tro_f_decal04_blue.dds,0,9,4,
1043,tro_f_decal04_red.dds,tro_f_decal04_red.dds,0,9,4,
1044,tro_f_decal04_yellow.dds,tro_f_decal04_yellow.dds,0,9,4,
1045,tro_f_decal05_blue.dds,tro_f_decal05_blue.dds,0,9,4,
1046,tro_f_decal05_red.dds,tro_f_decal05_red.dds,0,9,4,
1047,tro_f_decal05_yellow.dds,tro_f_decal05_yellow.dds,0,9,4,
1048,tro_f_decal06_blue.dds,tro_f_decal06_blue.dds,0,9,4,
1049,tro_f_decal06_red.dds,tro_f_decal06_red.dds,0,9,4,
1050,tro_f_decal06_yellow.dds,tro_f_decal06_yellow.dds,0,9,4,
1051,tro_f_decal07_blue.dds,tro_f_decal07_blue.dds,0,9,4,
1052,tro_f_decal07_red.dds,tro_f_decal07_red.dds,0,9,4,
1053,tro_f_decal07_yellow.dds,tro_f_decal07_yellow.dds,0,9,4,
1054,tro_f_Head01.dds,tro_f_Head01.dds,0,9,4,
1055,tro_f_Head02.dds,tro_f_Head02.dds,0,9,4,
1056,tro_f_Head03.dds,tro_f_Head03.dds,0,9,4,
1057,tro_f_Head04.dds,tro_f_Head04.dds,0,9,4,
1058,tro_f_Head05.dds,tro_f_Head05.dds,0,9,4,
1059,tro_f_Head06.dds,tro_f_Head06.dds,0,9,4,
1060,tro_f_MummyHead01.dds,tro_f_MummyHead01.dds,0,9,4,
1061,tro_f_ShadeHead.dds,tro_f_ShadeHead.dds,0,9,4,
1062,tro_f_stonehead.dds,tro_f_stonehead.dds,0,9,4,
1063,tro_m_decal01_blue.dds,tro_m_decal01_blue.dds,0,9,4,
1064,tro_m_decal01_red.dds,tro_m_decal01_red.dds,0,9,4,
1065,tro_m_decal01_yellow.dds,tro_m_decal01_yellow.dds,0,9,4,
1066,tro_m_decal02_blue.dds,tro_m_decal02_blue.dds,0,9,4,
1067,tro_m_decal02_red.dds,tro_m_decal02_red.dds,0,9,4,
1068,tro_m_decal02_yellow.dds,tro_m_decal02_yellow.dds,0,9,4,
1069,tro_m_decal03_blue.dds,tro_m_decal03_blue.dds,0,9,4,
1070,tro_m_decal03_red.dds,tro_m_decal03_red.dds,0,9,4,
1071,tro_m_decal03_yellow.dds,tro_m_decal03_yellow.dds,0,9,4,
1072,tro_m_decal04_blue.dds,tro_m_decal04_blue.dds,0,9,4,
1073,tro_m_decal04_red.dds,tro_m_decal04_red.dds,0,9,4,
1074,tro_m_decal04_yellow.dds,tro_m_decal04_yellow.dds,0,9,4,
1075,tro_m_decal05_blue.dds,tro_m_decal05_blue.dds,0,9,4,
1076,tro_m_decal05_red.dds,tro_m_decal05_red.dds,0,9,4,
1077,tro_m_decal05_yellow.dds,tro_m_decal05_yellow.dds,0,9,4,
1078,tro_m_decal06_blue.dds,tro_m_decal06_blue.dds,0,9,4,
1079,tro_m_decal06_red.dds,tro_m_decal06_red.dds,0,9,4,
1080,tro_m_decal06_yellow.dds,tro_m_decal06_yellow.dds,0,9,4,
1081,tro_m_decal07_blue.dds,tro_m_decal07_blue.dds,0,9,4,
1082,tro_m_decal07_red.dds,tro_m_decal07_red.dds,0,9,4,
1083,tro_m_decal07_yellow.dds,tro_m_decal07_yellow.dds,0,9,4,
1084,tro_m_Head01.dds,tro_m_Head01.dds,0,9,4,
1085,tro_m_Head02.dds,tro_m_Head02.dds,0,9,4,
1086,tro_m_Head03.dds,tro_m_Head03.dds,0,9,4,
1087,tro_m_Head04.dds,tro_m_Head04.dds,0,9,4,
1088,tro_m_Head05.dds,tro_m_Head05.dds,0,9,4,
1089,tro_m_Head06.dds,tro_m_Head06.dds,0,9,4,
1090,tro_m_MummyHead01.dds,tro_m_MummyHead01.dds,0,9,4,
1091,tro_m_ShadeHead.dds,tro_m_ShadeHead.dds,0,9,4,
1092,tro_m_stonehead.dds,tro_m_stonehead.dds,0,9,4,
1093,Val_f_Hair01.dds,Val_f_Hair01.dds,0,9,4,
1094,val_f_hair02.dds,val_f_hair02.dds,0,9,4,
1095,Val_f_Head01.dds,Val_f_Head01.dds,0,9,4,
1096,Val_f_Head02.dds,Val_f_Head02.dds,0,9,4,
1097,Val_f_Head03.dds,Val_f_Head03.dds,0,9,4,
1098,Val_f_Head04.dds,Val_f_Head04.dds,0,9,4,
1099,Val_f_Head05.dds,Val_f_Head05.dds,0,9,4,
1100,Val_f_Head06.dds,Val_f_Head06.dds,0,9,4,
1101,Val_f_MummyHead01.dds,Val_f_MummyHead01.dds,0,9,4,
1102,val_f_ShadeHead.dds,val_f_ShadeHead.dds,0,9,4,
1103,val_f_stonehead.dds,val_f_stonehead.dds,0,9,4,
1104,Val_m_Hair01.dds,Val_m_Hair01.dds,0,9,4,
1105,val_m_hair02.dds,val_m_hair02.dds,0,9,4,
1106,Val_m_Head01.dds,Val_m_Head01.dds,0,9,4,
1107,Val_m_Head02.dds,Val_m_Head02.dds,0,9,4,
1108,Val_m_Head03.dds,Val_m_Head03.dds,0,9,4,
1109,Val_m_Head04.dds,Val_m_Head04.dds,0,9,4,
1110,Val_m_Head05.dds,Val_m_Head05.dds,0,9,4,
1111,Val_m_Head06.dds,Val_m_Head06.dds,0,9,4,
1112,Val_m_MummyHead01.dds,Val_m_MummyHead01.dds,0,9,4,
1113,val_m_ShadeHead.dds,val_m_ShadeHead.dds,0,9,4,
1114,val_m_stonehead.dds,val_m_stonehead.dds,0,9,4,
1116,epiBody02_champion_bump.tga,epiBody02_champion_bump.tga,0,15,4,
1119,nor_m_hair02_blonde.dds,nor_m_hair02_blonde.dds,0,34,4,
1120,nor_m_hair02_bluebase.dds,nor_m_hair02_bluebase.dds,0,34,4,
1121,nor_m_hair02_dkbrown.dds,nor_m_hair02_dkbrown.dds,0,34,4,
1122,nor_m_hair02_white.dds,nor_m_hair02_white.dds,0,34,4,
1123,nor_m_hair04_blonde.dds,nor_m_hair04_blonde.dds,0,7,4,
1124,nor_m_hair04_bluebase.dds,nor_m_hair04_bluebase.dds,0,7,4,
1125,nor_m_hair04_dkbrown.dds,nor_m_hair04_dkbrown.dds,0,7,4,
1126,nor_m_hair04_white.dds,nor_m_hair04_white.dds,0,7,4,
1127,nor f hair01 blonde,nor_f_hair01_blonde.dds,0,30,4,
1128,nor f hair01 bluebase,nor_f_hair01_bluebase.dds,0,30,4,
1129,nor f hair01 dkbrown,nor_f_hair01_dkbrown.dds,0,30,4,
1130,nor f hair01 white,nor_f_hair01_white.dds,0,30,4,
1131,nor f hair04 blonde,nor_f_hair04_blonde.dds,0,36,4,
1132,nor f hair04 bluebase,nor_f_hair04_bluebase.dds,0,36,4,
1133,nor f hair04 dkbrown,nor_f_hair04_dkbrown.dds,0,36,4,
1134,nor f hair04 white,nor_f_hair04_white.dds,0,36,4,
1135,Fro f hair02 blonde,Fro_f_hair02_blonde.dds,0,36,4,
1136,Fro f hair02 bluebase,Fro_f_hair02_bluebase.dds,0,36,4,
1137,Fro f hair02 dkbrown,Fro_f_hair02_dkbrown.dds,0,36,4,
1138,Fro f hair02 white,Fro_f_hair02_white.dds,0,36,4,
1139,Fro m Hair01 blonde,Fro_m_Hair01_blonde.dds,0,34,4,
1140,Fro m Hair01 bluebase,Fro_m_Hair01_bluebase.dds,0,34,4,
1141,Fro m Hair01 dkbrown,Fro_m_Hair01_dkbrown.dds,0,34,4,
1142,Fro m Hair01 white,Fro_m_Hair01_white.dds,0,34,4,
1143,fro m hair02 blonde,fro_m_hair02_blonde.dds,0,3,4,
1144,fro m hair02 bluebase,fro_m_hair02_bluebase.dds,0,3,4,
1145,fro m hair02 dkbrown,fro_m_hair02_dkbrown.dds,0,3,4,
1146,fro m hair02 white,fro_m_hair02_white.dds,0,3,4,
1147,fro m hair03 blonde,fro_m_hair03_blonde.dds,0,3,4,
1148,fro m hair03 bluebase,fro_m_hair03_bluebase.dds,0,3,4,
1149,fro m hair03 dkbrown,fro_m_hair03_dkbrown.dds,0,3,4,
1150,fro m hair03 white,fro_m_hair03_white.dds,0,3,4,
1151,Fro f hair03 blonde,Fro_f_hair03_blonde.dds,0,3,4,
1152,Fro f hair03 bluebase,Fro_f_hair03_bluebase.dds,0,3,4,
1153,Fro f hair03 dkbrown,Fro_f_hair03_dkbrown.dds,0,3,4,
1154,Fro f hair03 white,Fro_f_hair03_white.dds,0,3,4,
1155,kob m hair02 blonde,kob_m_hair02_blonde.dds,0,36,4,
1156,kob m hair02 bluebase,kob_m_hair02_bluebase.dds,0,36,4,
1157,kob m hair02 dkbrown,kob_m_hair02_dkbrown.dds,0,36,4,
1158,kob m hair02 white,kob_m_hair02_white.dds,0,36,4,
1159,kob m hair04 blonde,kob_m_hair04_blonde.dds,0,6,4,
1160,kob m hair04 bluebase,kob_m_hair04_bluebase.dds,0,6,4,
1161,kob m hair04 dkbrown,kob_m_hair04_dkbrown.dds,0,6,4,
1162,kob m hair04 white,kob_m_hair04_white.dds,0,6,4,
1163,kob m hair05 blonde,kob_m_hair05_blonde.dds,0,36,4,
1164,kob m hair05 bluebase,kob_m_hair05_bluebase.dds,0,36,4,
1165,kob m hair05 dkbrown,kob_m_hair05_dkbrown.dds,0,36,4,
1166,kob m hair05 white,kob_m_hair05_white.dds,0,36,4,
1167,kob f hair02 blonde,kob_f_hair02_blonde.dds,0,36,4,
1168,kob f hair02 bluebase,kob_f_hair02_bluebase.dds,0,36,4,
1169,kob f hair02 dkbrown,kob_f_hair02_dkbrown.dds,0,36,4,
1170,kob f hair02 white,kob_f_hair02_white.dds,0,36,4,
1171,kob f hair04 blonde,kob_f_hair04_blonde.dds,0,36,4,
1172,kob f hair04 bluebase,kob_f_hair04_bluebase.dds,0,36,4,
1173,kob f hair04 dkbrown,kob_f_hair04_dkbrown.dds,0,36,4,
1174,kob f hair04 white,kob_f_hair04_white.dds,0,36,4,
1175,kob f hair01 blonde,kob_f_hair01_blonde.dds,0,6,4,
1176,kob f hair01 bluebase,kob_f_hair01_bluebase.dds,0,6,4,
1177,kob f hair01 dkbrown,kob_f_hair01_dkbrown.dds,0,6,4,
1178,kob f hair01 white,kob_f_hair01_white.dds,0,6,4,
1179,Dwa m Hair02 blonde,Dwa_m_Hair02_blonde.dds,0,2,4,
1180,Dwa m Hair02 bluebase,Dwa_m_Hair02_bluebase.dds,0,2,4,
1181,Dwa m Hair02 dkbrown,Dwa_m_Hair02_dkbrown.dds,0,2,4,
1182,Dwa m Hair02 white,Dwa_m_Hair02_white.dds,0,2,4,
1183,Dwa m hair04 blonde,Dwa_m_hair04_blonde.dds,0,36,4,
1184,Dwa m hair04 bluebase,Dwa_m_hair04_bluebase.dds,0,36,4,
1185,Dwa m hair04 dkbrown,Dwa_m_hair04_dkbrown.dds,0,36,4,
1186,Dwa m hair04 white,Dwa_m_hair04_white.dds,0,36,4,
1187,Dwa m hair05 blonde,Dwa_m_hair05_blonde.dds,0,36,4,
1188,Dwa m hair05 bluebase,Dwa_m_hair05_bluebase.dds,0,36,4,
1189,Dwa m hair05 dkbrown,Dwa_m_hair05_dkbrown.dds,0,36,4,
1190,Dwa m hair05 white,Dwa_m_hair05_white.dds,0,36,4,
1191,Val m Hair01 Blonde,Val_m_Hair01_Blonde.dds,0,9,4,
1192,Val m Hair01 Bluebase,Val_m_Hair01_Bluebase.dds,0,9,4,
1193,Val m Hair01 dkBrown,Val_m_Hair01_dkBrown.dds,0,9,4,
1194,Val m Hair01 white,Val_m_Hair01_white.dds,0,9,4,
1195,val m hair02 blonde,val_m_hair02_blonde.dds,0,36,4,
1196,val m hair02 bluebase,val_m_hair02_bluebase.dds,0,36,4,
1197,val m hair02 dkbrown,val_m_hair02_dkbrown.dds,0,36,4,
1198,val m hair02 white,val_m_hair02_white.dds,0,36,4,
1199,val m hair04 blonde,val_m_hair04_blonde.dds,0,9,4,
1200,val m hair04 bluebase,val_m_hair04_bluebase.dds,0,9,4,
1201,val m hair04 dkbrown,val_m_hair04_dkbrown.dds,0,9,4,
1202,val m hair04 white,val_m_hair04_white.dds,0,9,4,
1203,Val f Hair01 blonde,Val_f_Hair01_blonde.dds,0,9,4,
1204,Val f Hair01 bluebase,Val_f_Hair01_bluebase.dds,0,9,4,
1205,Val f Hair01 dkbrown,Val_f_Hair01_dkbrown.dds,0,9,4,
1206,Val f Hair01 white,Val_f_Hair01_white.dds,0,9,4,
1207,val f hair02 blonde,val_f_hair02_blonde.dds,0,9,4,
1208,val f hair02 bluebase,val_f_hair02_bluebase.dds,0,9,4,
1209,val f hair02 dkbrown,val_f_hair02_dkbrown.dds,0,9,4,
1210,val f hair02 white,val_f_hair02_white.dds,0,9,4,
1211,val f hair03 blonde,val_f_hair03_blonde.dds,0,40,4,
1212,val f hair03 bluebase,val_f_hair03_bluebase.dds,0,40,4,
1213,val f hair03 dkbrown,val_f_hair03_dkbrown.dds,0,40,4,
1214,val f hair03 white,val_f_hair03_white.dds,0,40,4,
1215,Dwa f Hair01 blonde,Dwa_f_Hair01_blonde.dds,0,2,4,
1216,Dwa f Hair01 bluebase,Dwa_f_Hair01_bluebase.dds,0,2,4,
1217,Dwa f Hair01 dkbrown,Dwa_f_Hair01_dkbrown.dds,0,2,4,
1218,Dwa f Hair01 white,Dwa_f_Hair01_white.dds,0,2,4,
1262,Fro f hair04 blonde,Fro_f_hair04_blonde.dds,0,36,4,
1263,Fro f hair04 bluebase,Fro_f_hair04_bluebase.dds,0,36,4,
1264,Fro f hair04 dkbrown,Fro_f_hair04_dkbrown.dds,0,36,4,
1265,Fro f hair04 white,Fro_f_hair04_white.dds,0,36,4,
1266,leaBody05 05 m,leaBody05_05_m.dds,0,16,4,
1267,leaBody05 05 f,leaBody05_05_f.dds,0,16,4,
1268,leaGloves01 17,leaGloves01_13.dds,0,17,4,
1269,robBody01 Epic Runemaster f,robBody01_Epic_Runemaster_f.dds,0,39,4,
1270,robBody01 Epic Runemaster m,robBody01_Epic_Runemaster_m.dds,0,39,4,
1271,kob f hair02 blonde,kob_f_hair02_blonde.dds,0,6,4,
1272,kob f hair02 bluebase,kob_f_hair02_bluebase.dds,0,6,4,
1273,kob f hair02 dkbrown,kob_f_hair02_dkbrown.dds,0,6,4,
1274,kob f hair02 white,kob_f_hair02_white.dds,0,6,4,
1275,cthLegs01 plt03,cthLegs01_plt03.dds,0,14,4,
1276,stdBody01 lea01 m,stdBody01_lea01_m.dds,0,24,4,
1277,stdBody01 lea01 f,stdBody01_lea01_f.dds,0,24,4,
1278,cthLegs01 10,cthLegs01_10.dds,0,14,4,
1279,cthLegs01 plt04,cthLegs01_plt04.dds,0,14,4,
1280,cthArms01 06,cthArms01_06.dds,0,11,4,
1281,leaBody05 06 m,leaBody05_06_m.dds,0,16,4,
1282,leaBody05 06 f,leaBody05_06_f.dds,0,16,4,
1283,leaBoots01 17,leaBoots01_05.dds,0,15,4,
1284,cthgloves01 06,cthgloves01_06.dds,0,13,4,
1285,sclBody01 02 f,sclBody01_02_f.dds,0,24,4,
1286,robBody01 Epic Cabalist f,robBody01_Epic_Cabalist_f.dds,0,22,4,
1287,robBody01 01 m,robBody01_01_m.dds,0,20,4,
1288,pltBody01 Epic Paladin m,pltBody01_Epic_Paladin_m.dds,0,18,4,
1289,pltBody01 Epic Paladin f,pltBody01_Epic_Paladin_f.dds,0,18,4,
1290,pltBoots01 Epic Paladin,pltBoots01_Epic_Paladin.dds,0,19,4,
1291,cthLegs01 Epic Runemaster,cthLegs01_Epic_Runemaster.dds,0,39,4,
1292,pltBody01 Epic minstrel f,pltBody01_Epic_minstrel_f.dds,0,18,4,
1293,leaBody02 Epic Scout m,leaBody02_Epic_Scout_m.dds,0,16,4,
1294,leaBody02 Epic Scout f,leaBody02_Epic_Scout_f.dds,0,16,4,
1295,robBody01 Epic Theurgist f,robBody01_Epic_Theurgist_f.dds,0,22,4,
1296,leaBoots01 Epic scout,leaBoots01_Epic_scout.dds,0,15,4,
1297,robBody01 Epic Eldritch f,robBody01_Epic_Eldritch_f.dds,0,22,4,
1298,robBody01 Epic Mentalist f,robBody01_Epic_Mentalist_f.dds,0,22,4,
1299,cthLegs01 Epic nitshad,cthLegs01_Epic_nitshade.dds,0,14,4,
1300,cthArms01 Epic nitshad,cthArms01_Epic_nitshade.dds,0,11,4,
1301,leaGloves01 Epic nitshad,leaGloves01_Epic_nitshade.dds,0,17,4,
1302,leaBoots01 Epic nitshad,leaBoots01_Epic_nitshade.dds,0,15,4,
1303,leaGloves01 Epic Hunter,leaGloves01_Epic_Hunter.dds,0,17,4,
1304,leaBoots01 Epic Hunter,leaBoots01_Epic_Hunter.dds,0,15,4,
1305,robBody01 Epic Friar f,robBody01_Epic_Friar_f.dds,0,30,4,
1306,robBody01 Epic Friar m,robBody01_Epic_Friar_m.dds,0,30,4,
1307,robBody01 Epic Wizard m,robBody01_Epic_Wizard_m.dds,0,22,4,
1308,robBody01 Epic Wizard f,robBody01_Epic_Wizard_f.dds,0,22,4,
1309,robBody01 Epic Runemaster m,RobBody01_Epic_spiritmaster_m.dds,0,22,4,
1310,robBody01 Epic Runemaster f,RobBody01_Epic_spiritmaster_f.dds,0,22,4,
1311,cthLegs01 Epic Runemaster,cthLegs01_Epic_Runemaster.dds,0,14,4,
1312,cthGloves01 Epic Runemaster,cthGloves01_Epic_spiritmaster.dds,0,13,4,
1313,cthBoots01 Epic Runemaster,cthBoots01_Epic_spiritmaster.dds,0,13,4,
1314,robBody01 Epic Sorcerer m,robBody01_Epic_Sorcerer_m.dds,0,30,4,
1315,robBody01 Epic Sorcerer m,robBody01_Epic_Sorcerer_f.dds,0,30,4,
1316,renBody03 Epic Ranger m,renBody03_Epic_Ranger_m.dds,0,23,4,
1317,renBody03 Epic Ranger f,renBody03_Epic_Ranger_f.dds,0,23,4,
1318,robBody01 Epic Bonedancer f,robBody01_Epic_Bonedancer_f.dds,0,22,4,
1319,robBody01 Epic Bonedancer m,robBody01_Epic_Bonedancer_m.dds,0,22,4,
1320,leaBoots01 Epic savage,leaBoots01_Epic_savage.dds,0,15,4,
1321,leaGloves01 Epic savage,leaGloves01_Epic_savage.dds,0,17,4,
1322,robBody01 Epic Animist f,robBody01_Epic_Animist_f.dds,0,22,4,
1323,robBody01 Epic Animist m,robBody01_Epic_Animist_m.dds,0,22,4,
1324,robBody01 Epic Vale f,robBody01_Epic_Vale_f.dds,0,22,4,
1325,cthLegs01 Epic Reaver,cthLegs01_Epic_Reaver.dds,0,14,4,
1326,pltGloves01 Epic Reaver,pltGloves01_Epic_Reaver.dds,0,19,4,
1327,pltBoots01 Epic Reaver,pltBoots01_Epic_Reaver.dds,0,19,4,
1328,robBody01 Epic necro m,robBody01_Epic_necro_m.dds,0,30,4,
1329,robBody01 Epic necro f,robBody01_Epic_necro_f.dds,0,30,4,
1330,cthLegs01 plt05,cthLegs01_plt05.dds,0,14,4,
1331,cthArms01 07,cthArms01_07.dds,0,11,4,
1332,cthArms01 09,cthArms01_09.dds,0,11,4,
1333,cthArms01 08,cthArms01_08.dds,0,11,4,
1334,robBody01 19 f,cthbody01_10_f.dds,0,12,4,
1335,robBody01 19 m,cthbody01_10_m.dds,0,12,4,
1336,robBody01 Epic Bonedancer f,robBody01_Epic_Bonedancer_f.dds,0,22,4,
1337,robBody01 Epic Bonedancer m,robBody01_Epic_Bonedancer_m.dds,0,22,4,
1338,robBody01 cth01 TOA O f,robBody01_cth01_TOA_O_f.dds,0,33,4,
1339,leaBody05 TOA O,leaBody05_TOA_O_f.dds,0,16,4,
1340,cthArms01 plt01 TOA O,cthArms01_plt01_TOA_O.dds,0,29,4,
1341,cthLegs01 plt01 TOA O,cthLegs01_plt01_TOA_O.dds,0,14,4,
1342,robBody01 cth01 TOA S f,robBody01_cth01_TOA_S_f.dds,0,33,4,
1343,robBody01 cth01 TOA V f,robBody01_cth01_TOA_V_f.dds,0,33,4,
1344,robBody01 cth01 TOA A f,robBody01_cth01_TOA_A_f.dds,0,33,4,
1345,cthLegs01 TOA A,cthLegs01_TOA_A.dds,0,29,4,
1346,cthArms01 lea01 TOA A,cthArms01_lea01_TOA_A.dds,0,29,4,
1347,leaBody05 TOA A,leaBody05_TOA_A.dds,0,16,4,
1348,leaBody05 TOA A f,leaBody05_TOA_A_f.dds,0,29,4,
1349,leaBody05 TOA A,leaBody05_TOA_A.dds,0,16,4,
1350,leaBody05 TOA A m,leaBody05_TOA_A_m.dds,0,29,4,
1351,leaBoots01 TOA A,leaBoots01_TOA_A.dds,0,29,4,
1352,leaGloves01 TOA A,leaGloves01_toa_A.dds,0,28,4,
1353,cthLegs01 lea01 TOA A,cthLegs01_lea01_TOA_A.dds,0,14,4,
1354,leaBody05 std01 TOA A,leaBody05_std01_TOA_A.dds,0,16,4,
1355,leaBody05 std01 TOA A f,leaBody05_std01_TOA_A_f.dds,0,27,4,
1356,leaBody05 std01 TOA A,leaBody05_std01_TOA_A.dds,0,16,4,
1357,leaBody05 std01 TOA A m,leaBody05_std01_TOA_A_m.dds,0,27,4,
1358,leaboots01 Enyalio TOA,leaboots01_Enyalio_TOA.dds,0,29,4,
1359,leaboots01 Enyalio TOA,leaboots01_Enyalio_TOA.dds,0,29,4,
1360,leaboots01 Flame TOA,leaboots01_Flame_TOA.dds,0,28,4,
1361,leaboots01 Flame TOA,leaboots01_Flame_TOA.dds,0,28,4,
1362,robBody01 naliah TOA S f,robBody01_naliah_TOA_S_f.dds,0,22,4,
1363,ctharms01 winds TOA A,ctharms01_winds_TOA_O.dds,0,11,4,
1364,robBody01 rsch TOA A f,robBody01_rsch_TOA_A_f.dds,0,30,4,
1365,robBody01 rsch TOA A m,robBody01_rsch_TOA_A_m.dds,0,30,4,
1366,cthGlovess01 rsch TOA H,cthGlovess01_rsch_TOA_H.dds,0,13,4,
1367,robBody01 rsch TOA N f,robBody01_rsch_TOA_N_f.dds,0,23,4,
1368,robBody01 rsch TOA N m,robBody01_rsch_TOA_N_m.dds,0,23,4,
1369,cthboots01 rsch TOA N,cthboots01_rsch_TOA_N.dds,0,29,4,
1370,robBody01 rsch TOA H m,robBody01_rsch_TOA_H_m.dds,0,23,4,
1371,robBody01 rsch TOA H f,robBody01_rsch_TOA_H_f.dds,0,23,4,
1372,cthLegs01 plt01,cthLegs01_plt01.dds,0,14,4,
1373,kob f hair03 blonde,kob_f_hair03_blonde.dds,0,36,4,
1374,kob f hair03 bluebase,kob_f_hair03_bluebase.dds,0,36,4,
1375,kob f hair03 dkbrown,kob_f_hair03_dkbrown.dds,0,36,4,
1376,kob f hair03 white,kob_f_hair03_white.dds,0,36,4,
1377,TOA V cth1 arm1,TOA_V_cth1_arm1.dds,0,25,4,
1378,TOA V cth1 leg1 am,TOA_V_cth1_leg1_am.dds,0,25,4,
1379,TOA N rsch arm1 m,TOA_N_rsch_arm1_m.dds,0,25,4,
1380,TOA N rsch leg1 m,TOA_N_rsch_leg1_m.dds,0,25,4,
1381,cthGloves01 rsch TOA N,cthgloves01_rsch_TOA_N.dds,0,29,4,
1382,TOA O cth1 arm1,TOA_O_cth1_arm1.dds,0,25,4,
1383,m epic bone arm1,m_epic_bone_arm1.dds,0,17,4,
1384,Cat B cloak,Cat_B_cloak.dds,0,17,4,
1385,Hig m Hair1 blonde,Hig_m_Hair1_blonde.dds,0,4,4,
1386,Hig m Hair1 bluebase,Hig_m_Hair1_bluebase.dds,0,4,4,
1387,Hig m Hair1 dkbrown,Hig_m_Hair1_dkbrown.dds,0,4,4,
1388,Hig m Hair1 white,Hig_m_Hair1_white.dds,0,4,4,
1389,Hig m Hair2 Blonde,Hig_m_Hair2_Blonde.dds,0,4,4,
1390,Hig m Hair2 Bluebase,Hig_m_Hair2_Bluebase.dds,0,4,4,
1391,Hig m Hair2 dkbrown,Hig_m_Hair2_dkbrown.dds,0,4,4,
1392,Hig m Hair2 White,Hig_m_Hair2_White.dds,0,4,4,
1393,Nor m Hair01 white,Nor_m_Hair01_white.dds,0,36,4,
1394,Nor m Hair01 blonde,Nor_m_Hair01_blonde.dds,0,36,4,
1395,Nor m Hair01 bluebase,Nor_m_Hair01_bluebase.dds,0,36,4,
1396,Nor m Hair01 dkbrown,Nor_m_Hair01_dkbrown.dds,0,36,4,
1397,cthBody01 SS Hal M,cthBody01_SS_Hal_M.dds,0,12,4,
1398,cthBody01 SS Hal F,cthBody01_SS_Hal_F.dds,0,12,4,
1399,cthArms01 SS Hal M,cthArms01_SS_Hal.dds,0,11,4,
1400,cthGloves01 SS Hal M,cthGloves01_SS_Hal.dds,0,39,4,
1401,cthLegs01 SS Hal M,cthLegs01_SS_Hal.dds,0,14,4,
1402,cthBoots01 SS Hal M,cthBoots01_SS_Hal.dds,0,13,4,
1403,Hal m Head01,Hal_m_Head01.dds,0,4,4,
1404,Hal m Head02,Hal_m_Head02.dds,0,4,4,
1405,Hal m Head03,Hal_m_Head03.dds,0,4,4,
1406,Hal m Head04,Hal_m_Head04.dds,0,4,4,
1407,Hal m Head05,Hal_m_Head05.dds,0,4,4,
1408,Hal m Head06,Hal_m_Head06.dds,0,4,4,
1409,Hal f Head01,Hal_f_Head01.dds,0,4,4,
1410,Hal f Head02,Hal_f_Head02.dds,0,4,4,
1411,Hal f Head03,Hal_f_Head03.dds,0,4,4,
1412,Hal f Head04,Hal_f_Head04.dds,0,4,4,
1413,Hal f Head05,Hal_f_Head05.dds,0,4,4,
1414,Hal f Head06,Hal_f_Head06.dds,0,4,4,
1415,cthBody01 SS Hig M,cthBody01_SS_Hig_M.dds,0,12,4,
1416,cthBody01 SS Hig F,cthBody01_SS_Hig_F.dds,0,12,4,
1417,cthArms01 SS Hig,cthArms01_SS_Hig.dds,0,11,4,
1418,cthLegs01 SS Hig,cthLegs01_ss_Hig_M.dds,0,38,4,
1419,cthBoots01 SS Hig,cthBoots01_SS_Hig.dds,0,13,4,
1420,cthGloves01 SS Hig,cthGloves01_SS_Hig.dds,0,39,4,
1421,Hig m Head01,Hig_m_Head01.dds,0,36,4,
1422,Hig m Head02,Hig_m_Head02.dds,0,36,4,
1423,Hig m Head03,Hig_m_Head03.dds,0,36,4,
1424,Hig m Head04,Hig_m_Head04.dds,0,36,4,
1425,Hig m Head05,Hig_m_Head05.dds,0,40,4,
1426,Hig m Head06,Hig_m_Head06.dds,0,36,4,
1427,Hig f Head01,Hig_f_Head01.dds,0,4,4,
1428,Hig f Head02,Hig_f_Head02.dds,0,4,4,
1429,Hig f Head03,Hig_f_Head03.dds,0,4,4,
1430,Hig f Head04,Hig_f_Head04.dds,0,4,4,
1431,Hig f Head05,Hig_f_Head05.dds,0,4,4,
1432,Hig f Head06,Hig_f_Head06.dds,0,4,4,
1433,cthBody01 ss Ico M,cthBody01_ss_Inc_M.dds,0,12,4,
1434,cthBody01 ss Ico F,cthBody01_ss_Inc_F.dds,0,12,4,
1435,cthArms01 SS Ico,cthArms01_SS_Inc.dds,0,11,4,
1436,cthLegs01 SS Ico,cthLegs01_SS_Inc.dds,0,14,4,
1437,cthBoots01 SS Ico,cthBoots01_SS_Inc.dds,0,13,4,
1438,cthGloves01 SS Ico,cthGloves01_SS_Inc.dds,0,13,4,
1439,Ico m Head01,Inc_m_Head01.dds,0,5,4,
1440,Ico m Head02,Inc_m_Head02.dds,0,5,4,
1441,Ico m Head03,Inc_m_Head03.dds,0,5,4,
1442,Ico m Head04,Inc_m_Head04.dds,0,5,4,
1443,Ico m Head05,Inc_m_Head05.dds,0,5,4,
1444,Ico m Head06,Inc_m_Head06.dds,0,5,4,
1445,Ico f Head01,Inc_f_Head01.dds,0,5,4,
1446,Ico f Head02,Inc_f_Head02.dds,0,5,4,
1447,Ico f Head03,Inc_f_Head03.dds,0,5,4,
1448,Ico f Head04,Inc_f_Head04.dds,0,5,4,
1449,Ico f Head05,Inc_f_Head05.dds,0,40,4,
1450,Ico f Head06,Inc_f_Head06.dds,0,40,4,
1451,cthBody01 SS Sar M,cthBody01_SS_Sar_M.dds,0,12,4,
1452,cthBody01 SS Sar F,cthBody01_SS_Sar_F.dds,0,12,4,
1453,cthArms01 SS Sar,cthArms01_SS_Sar.dds,0,11,4,
1454,cthLegs01 SS Sar,cthLegs01_SS_Sar.dds,0,14,4,
1455,cthBoots01 SS Sar,cthBoots01_SS_Sar.dds,0,13,4,
1456,cthGloves01 SS Sar,cthGloves01_SS_Sar.dds,0,39,4,
1457,Sar m Head01,Sar_m_Head01.dds,0,7,4,
1458,Sar m Head02,Sar_m_Head02.dds,0,7,4,
1459,Sar m Head03,Sar_m_Head03.dds,0,7,4,
1460,Sar m Head04,Sar_m_Head04.dds,0,40,4,
1461,Sar m Head05,Sar_m_Head05.dds,0,7,4,
1462,Sar m Head06,Sar_m_Head06.dds,0,7,4,
1463,Sar f Head01,Sar_f_Head01.dds,0,7,4,
1464,Sar f Head02,Sar_f_Head02.dds,0,7,4,
1465,Sar f Head03,Sar_f_Head03.dds,0,41,4,
1466,Sar f Head04,Sar_f_Head04.dds,0,41,4,
1467,Sar f Head05,Sar_f_Head05.dds,0,7,4,
1468,Sar f Head06,Sar_f_Head06.dds,0,7,4,
1469,cthBody01 ss Ava M,cthBody01_ss_Ava_M.dds,0,12,4,
1470,cthBody01 ss Ava F,cthBody01_ss_Ava_F.dds,0,12,4,
1471,cthArms01 SS Ava,cthArms01_SS_Ava.dds,0,11,4,
1472,cthLegs01 SS Ava,cthLegs01_SS_Ava.dds,0,14,4,
1473,cthBoots01 SS Ava,cthBoots01_SS_Ava.dds,0,13,4,
1474,cthGloves01 SS Ava,cthGloves01_SS_Ava.dds,0,39,4,
1475,Ava m Head01,Ava_m_Head01.dds,0,41,4,
1476,Ava m Head02,Ava_m_Head02.dds,0,41,4,
1477,Ava m Head03,Ava_m_Head03.dds,0,41,4,
1478,Ava m Head04,Ava_m_Head04.dds,0,1,4,
1479,Ava m Head05,Ava_m_Head05.dds,0,1,4,
1480,Ava m Head06,Ava_m_Head06.dds,0,1,4,
1481,Ava f Head01,Ava_f_Head01.dds,0,1,4,
1482,Ava f Head02,Ava_f_Head02.dds,0,1,4,
1483,Ava f Head03,Ava_f_Head03.dds,0,1,4,
1484,Ava f Head04,Ava_f_Head04.dds,0,1,4,
1485,Ava f Head05,Ava_f_Head05.dds,0,1,4,
1486,Ava f Head06,Ava_f_Head06.dds,0,41,4,
1487,cthBody01 SS Cel M,cthBody01_SS_Cel_M.dds,0,38,4,
1488,cthBody01 SS Cel F,cthBody01_SS_Cel_F.dds,0,38,4,
1489,cthArms01 SS Cel,cthArms01_SS_Cel.dds,0,11,4,
1490,cthLegs01 SS Cel,cthLegs01_SS_Cel.dds,0,14,4,
1491,cthBoots01 SS Cel,cthBoots01_SS_Cel.dds,0,13,4,
1492,cthGloves01 SS Cel,cthGloves01_SS_Cel.dds,0,39,4,
1493,Cel m Head01,Cel_m_Head01.dds,0,2,4,
1494,Cel m Head02,Cel_m_Head02.dds,0,2,4,
1495,Cel m Head03,Cel_m_Head03.dds,0,2,4,
1496,Cel m Head04,Cel_m_Head04.dds,0,2,4,
1497,Cel m Head05,Cel_m_Head05.dds,0,40,4,
1498,Cel m Head06,Cel_m_Head06.dds,0,2,4,
1499,Cel f Head01,Cel_f_Head01.dds,0,2,4,
1500,Cel f Head02,Cel_f_Head02.dds,0,2,4,
1501,Cel f Head03,Cel_f_Head03.dds,0,2,4,
1502,Cel f Head04,Cel_f_Head04.dds,0,2,4,
1503,Cel f Head05,Cel_f_Head05.dds,0,2,4,
1504,Cel f Head06,Cel_f_Head06.dds,0,2,4,
1505,cthBody01 ss Elf M,cthBody01_ss_Elf_M.dds,0,12,4,
1506,cthBody01 ss Elf F,cthBody01_ss_Elf_F.dds,0,12,4,
1507,cthArms01 SS Elf,cthArms01_SS_Elf.dds,0,11,4,
1508,cthLegs01 SS Elf,cthLegs01_SS_Elf.dds,0,14,4,
1509,cthBoots01 SS Elf,cthBoots01_SS_Elf.dds,0,13,4,
1510,cthGloves01 SS Elf,cthGloves01_SS_Elf.dds,0,39,4,
1511,Elf m Head01,Elf_m_Head01.dds,0,3,4,
1512,Elf m Head02,Elf_m_Head02.dds,0,3,4,
1513,Elf m Head03,Elf_m_Head03.dds,0,3,4,
1514,Elf m Head04,Elf_m_Head04.dds,0,3,4,
1515,Elf m Head05,Elf_m_Head05.dds,0,3,4,
1516,Elf m Head06,Elf_m_Head06.dds,0,3,4,
1517,Elf f Head01,Elf_f_Head01.dds,0,3,4,
1518,Elf f Head02,Elf_f_Head02.dds,0,3,4,
1519,Elf f Head03,Elf_f_Head03.dds,0,41,4,
1520,Elf f Head04,Elf_f_Head04.dds,0,3,4,
1521,Elf f Head05,Elf_f_Head05.dds,0,3,4,
1522,Elf f Head06,Elf_f_Head06.dds,0,3,4,
1523,cthBody01 ss Lur M,cthBody01_ss_Lur_M.dds,0,12,4,
1524,cthBody01 ss Lur F,cthBody01_ss_Lur_F.dds,0,12,4,
1525,cthArms01 SS Lur,cthArms01_SS_Lur.dds,0,11,4,
1526,cthLegs01 SS Lur,cthLegs01_SS_Lur.dds,0,14,4,
1527,cthBoots01 SS Lur,cthBoots01_SS_Lur.dds,0,13,4,
1528,cthGloves01 SS Lur,cthGloves01_SS_Lur.dds,0,13,4,
1529,Lur m Head01,Lur_m_Head01.dds,0,6,4,
1530,Lur m Head02,Lur_m_Head02.dds,0,6,4,
1531,Lur m Head03,Lur_m_Head03.dds,0,6,4,
1532,Lur m Head04,Lur_m_Head04.dds,0,6,4,
1533,Lur m Head05,Lur_m_Head05.dds,0,6,4,
1534,Lur m Head06,Lur_m_Head06.dds,0,6,4,
1535,Lur f Head01,Lur_f_Head01.dds,0,6,4,
1536,Lur f Head02,Lur_f_Head02.dds,0,6,4,
1537,Lur f Head03,Lur_f_Head03.dds,0,6,4,
1538,Lur f Head04,Lur_f_Head04.dds,0,6,4,
1539,Lur f Head05,Lur_f_Head05.dds,0,6,4,
1540,Lur f Head06,Lur_f_Head06.dds,0,6,4,
1541,cthBody01 ss Syl M,cthBody01_ss_Syl_M.dds,0,12,4,
1542,cthBody01 ss Syl F,cthBody01_ss_Syl_F.dds,0,12,4,
1543,cthArms01 SS Syl,cthArms01_SS_Syl.dds,0,11,4,
1544,cthLegs01 SS Syl,cthLegs01_SS_Syl.dds,0,14,4,
1545,cthBoots01 SS Syl,cthBoots01_SS_Syl.dds,0,13,4,
1546,cthGloves01 SS Syl,cthGloves01_SS_Syl.dds,0,39,4,
1547,Syl m Head01,Syl_m_Head01.dds,0,8,4,
1548,Syl m Head02,Syl_m_Head02.dds,0,8,4,
1549,Syl m Head03,Syl_m_Head03.dds,0,8,4,
1550,Syl m Head04,Syl_m_Head04.dds,0,8,4,
1551,Syl m Head05,Syl_m_Head05.dds,0,8,4,
1552,Syl m Head06,Syl_m_Head06.dds,0,8,4,
1553,Syl f Head01,Syl_f_Head01.dds,0,8,4,
1554,Syl f Head02,Syl_f_Head02.dds,0,8,4,
1555,Syl f Head03,Syl_f_Head03.dds,0,8,4,
1556,Syl f Head04,Syl_f_Head04.dds,0,8,4,
1557,Syl f Head05,Syl_f_Head05.dds,0,8,4,
1558,Syl f Head06,Syl_f_Head06.dds,0,8,4,
1559,cthbody01 SS Sha M,cthbody01_SS_Sha_M.dds,0,12,4,
1560,cthbody01 SS Sha F,cthbody01_SS_Sha_F.dds,0,12,4,
1561,cthArms01 SS Sha,cthArms01_ss_sha_m.dds,0,36,4,
1562,cthLegs01 SS Sha,cthLegs01_SS_Sha.dds,0,14,4,
1563,cthBoots01 SS Sha,cthBoots01_SS_Sha.dds,0,13,4,
1564,cthGloves01 SS Sha,cthGloves01_SS_Sha.dds,0,39,4,
1565,Sha m Head01,Sha_m_Head01.dds,0,8,4,
1566,Sha m Head02,Sha_m_Head02.dds,0,8,4,
1567,Sha m Head03,Sha_m_Head03.dds,0,8,4,
1568,Sha m Head04,Sha_m_Head04.dds,0,8,4,
1569,Sha m Head05,Sha_m_Head05.dds,0,8,4,
1570,Sha m Head06,Sha_m_Head06.dds,0,8,4,
1571,Sha f Head01,Sha_f_Head01.dds,0,8,4,
1572,Sha f Head02,Sha_f_Head02.dds,0,8,4,
1573,Sha f Head03,Sha_f_Head03.dds,0,8,4,
1574,Sha f Head04,Sha_f_Head04.dds,0,8,4,
1575,Sha f Head05,Sha_f_Head05.dds,0,8,4,
1576,Sha f Head06,Sha_f_Head06.dds,0,8,4,
1577,cthbody01_SS_Fir_M.dds,cthbody01_SS_Fir_M.dds,0,38,4,
1578,cthbody01_SS_Fir_F.dds,cthbody01_SS_Fir_F.dds,0,38,4,
1579,cthArms01_SS_Fir_M.dds,cthArms01_SS_Fir_M.dds,0,38,4,
1581,cthLegs01_SS_Fir.dds,cthLegs01_SS_Fir.dds,0,14,4,
1582,cthBoots01_SS_Fir.dds,cthBoots01_SS_Fir.dds,0,13,4,
1583,cthGloves01_SS_Fir.dds,cthGloves01_SS_Fir.dds,0,39,4,
1584,Firbolg m Head01.dds,Fir_m_Head01.dds,0,3,4,
1585,Firbolg m Head02.dds,Fir_m_Head02.dds,0,3,4,
1586,Firbolg m Head03.dds,Fir_m_Head03.dds,0,41,4,
1587,Firbolg m Head04.dds,Fir_m_Head04.dds,0,3,4,
1588,Firbolg m Head05.dds,Fir_m_Head05.dds,0,3,4,
1589,Firbolg m Head06.dds,Fir_m_Head06.dds,0,40,4,
1590,Firbolg f Head01.dds,Fir_f_Head01.dds,0,36,4,
1591,Firbolg f Head02.dds,Fir_f_Head02.dds,0,36,4,
1592,Firbolg f Head03.dds,Fir_f_Head03.dds,0,36,4,
1593,Firbolg f Head04.dds,Fir_f_Head04.dds,0,36,4,
1594,Firbolg f Head05.dds,Fir_f_Head05.dds,0,36,4,
1595,Firbolg f Head06.dds,Fir_f_Head06.dds,0,36,4,
1596,Britain m Head02.dds,Bri_m_Head02.dds,0,1,4,
1597,Britain m Head03.dds,Bri_m_Head03.dds,0,1,4,
1598,Britain m Head04.dds,Bri_m_Head04.dds,0,40,4,
1599,Britain m Head05.dds,Bri_m_Head05.dds,0,1,4,
1600,Britain m Head06.dds,Bri_m_Head06.dds,0,1,4,
1601,Britain f Head02.dds,Bri_f_Head02.dds,0,1,4,
1602,Britain f Head03.dds,Bri_f_Head03.dds,0,1,4,
1603,Britain f Head04.dds,Bri_f_Head04.dds,0,1,4,
1604,Britain f Head05.dds,Bri_f_Head05.dds,0,1,4,
1605,Britain f Head06.dds,Bri_f_Head06.dds,0,1,4,
1606,Britain f hair01 blonde.dds,bri_f_hair01_blonde.dds,0,34,4,
1607,Britain f hair01 bluebase.dds,bri_f_hair01_bluebase.dds,0,34,4,
1608,Britain f hair01 dkbrown.dds,bri_f_hair01_dkbrown.dds,0,34,4,
1609,Britain f hair01 white.dds,bri_f_hair01_white.dds,0,34,4,
1610,Britain f hair02 blonde.dds,bri_f_hair02_blonde.dds,0,39,4,
1611,Britain f hair02 bluebase.dds,bri_f_hair02_bluebase.dds,0,39,4,
1612,Britain f hair02 dkbrown.dds,bri_f_hair02_dkbrown.dds,0,39,4,
1613,Britain f hair02 white.dds,bri_f_hair02_white.dds,0,39,4,
1614,Britain f hair03 blonde.dds,bri_f_hair03_blonde.dds,0,35,4,
1615,Britain f hair03 bluebase.dds,bri_f_hair03_bluebase.dds,0,35,4,
1616,Britain f hair03 dkbrown.dds,bri_f_hair03_dkbrown.dds,0,35,4,
1617,Britain f hair03 white.dds,bri_f_hair03_white.dds,0,35,4,
1618,Britain f hair04 blonde.dds,bri_f_hair04_blonde.dds,0,39,4,
1619,Britain f hair04 bluebase.dds,bri_f_hair04_bluebase.dds,0,39,4,
1620,Britain f hair04 dkbrown.dds,bri_f_hair04_dkbrown.dds,0,39,4,
1621,Britain f hair04 white.dds,bri_f_hair04_white.dds,0,39,4,
1622,Britain m Hair01 blonde.dds,Bri_m_Hair01_blonde.dds,0,35,4,
1623,Britain m Hair01 bluebase.dds,Bri_m_Hair01_bluebase.dds,0,35,4,
1624,Britain m Hair01 dkbrown.dds,Bri_m_Hair01_dkbrown.dds,0,35,4,
1625,Britain m Hair01 white.dds,Bri_m_Hair01_white.dds,0,35,4,
1626,Britain m hair02 blonde.dds,bri_m_hair02_blonde.dds,0,35,4,
1627,Britain m hair02 bluebase.dds,bri_m_hair02_bluebase.dds,0,35,4,
1628,Britain m hair02 dkbrown.dds,bri_m_hair02_dkbrown.dds,0,35,4,
1629,Britain m hair02 white.dds,bri_m_hair02_white.dds,0,35,4,
1630,Britain m hair03 blonde.dds,bri_m_hair03_blonde.dds,0,35,4,
1631,Britain m hair03 bluebase.dds,bri_m_hair03_bluebase.dds,0,35,4,
1632,Britain m hair03 dkbrown.dds,bri_m_hair03_dkbrown.dds,0,35,4,
1633,Britain m hair03 white.dds,bri_m_hair03_white.dds,0,35,4,
1634,Saracen f hair01 blonde,sar_f_hair01_blonde.dds,0,37,4,
1635,Saracen f Hair01 bluebase,Sar_f_Hair01_bluebase.dds,0,37,4,
1636,Saracen f Hair01 dkbrown,Sar_f_Hair01_dkbrown.dds,0,37,4,
1637,Saracen f Hair01 white,Sar_f_Hair01_white.dds,0,37,4,
1638,Saracen f hair04 blonde,sar_f_hair04_blonde.dds,0,7,4,
1639,Saracen f hair04 bluebase,sar_f_hair04_bluebase.dds,0,7,4,
1640,Saracen f hair04 dkbrown,sar_f_hair04_dkbrown.dds,0,7,4,
1641,Saracen f hair04 white,sar_f_hair04_white.dds,0,7,4,
1642,Saracen m Hair01 blonde,Sar_m_Hair01_blonde.dds,0,40,4,
1643,Saracen m Hair01 bluebase,Sar_m_Hair01_bluebase.dds,0,40,4,
1644,Saracen m Hair01 dkbrown,Sar_m_Hair01_dkbrown.dds,0,40,4,
1645,Saracen m Hair01 white,Sar_m_Hair01_white.dds,0,40,4,
1646,Saracen m hair02 blonde,sar_m_hair02_blonde.dds,0,37,4,
1647,Saracen m hair02 bluebase,sar_m_hair02_bluebase.dds,0,37,4,
1648,Saracen m hair02 dkbrown,sar_m_hair02_dkbrown.dds,0,37,4,
1649,Saracen m hair02 white,sar_m_hair02_white.dds,0,37,4,
1650,Saracen m hair03 blonde,sar_m_hair03_blonde.dds,0,37,4,
1651,Saracen m hair03 bluebase,sar_m_hair03_bluebase.dds,0,37,4,
1652,Saracen m hair03 dkbrown,sar_m_hair03_dkbrown.dds,0,37,4,
1653,Saracen m hair03 white,sar_m_hair03_white.dds,0,37,4,
1654,Inconnuf  Hair02 1 blonde,Inc_f_Hair01_blonde.dds,0,5,4,
1655,Inconnuf  Hair02 1 bluebase,Inc_f_Hair01_bluebase.dds,0,5,4,
1656,Inconnuf  Hair02 1 dkbrown,Inc_f_Hair01_dkbrown.dds,0,5,4,
1657,Inconnuf  Hair02 1 white,Inc_f_Hair01_white.dds,0,5,4,
1658,Inconnuf Hair02 2Blonde,Inc_f_Hair02_Blonde.dds,0,36,4,
1659,Inconnuf Hair02 2Bluebase,Inc_f_Hair02_Bluebase.dds,0,36,4,
1660,Inconnuf Hair02 2dkBrown,Inc_f_Hair02_dkBrown.dds,0,36,4,
1661,Inconnuf Hair02 2white,Inc_f_Hair02_white.dds,0,36,4,
1662,Inconnuf Hair02 3blonde,Inc_f_Hair03_blonde.dds,0,5,4,
1663,Inconnuf Hair02 3bluebase,Inc_f_Hair03_bluebase.dds,0,5,4,
1664,Inconnuf Hair02 3dkbrown,Inc_f_Hair03_dkbrown.dds,0,5,4,
1665,Inconnuf Hair02 3white,Inc_f_Hair03_white.dds,0,5,4,
1666,Inconnum Hair02 3blonde,inc_m_Hair03_blonde.dds,0,5,4,
1667,Inconnum Hair02 3bluebase,inc_m_Hair03_bluebase.dds,0,5,4,
1668,Inconnum Hair02 3dkbrown,inc_m_Hair03_dkbrown.dds,0,5,4,
1669,Inconnum Hair02 3white,inc_m_Hair03_white.dds,0,5,4,
1670,hig_f_hair02_blonde,hig_f_hair02_blonde.dds,0,30,4,
1671,hig_f_hair02_bluebase,hig_f_hair02_bluebase.dds,0,30,4,
1672,hig_f_hair02_dkbrown,hig_f_hair02_dkbrown.dds,0,30,4,
1673,hig_f_hair02_white,hig_f_hair02_white.dds,0,30,4,
1674,hig_f_hair04_blonde,hig_f_hair04_blonde.dds,0,30,4,
1675,hig_f_hair04_bluebase,hig_f_hair04_bluebase.dds,0,30,4,
1676,hig_f_hair04_dkbrown,hig_f_hair04_dkbrown.dds,0,30,4,
1677,hig_f_hair04_white,hig_f_hair04_white.dds,0,30,4,
1678,hal_f_hair01_blonde,hal_f_hair01_blonde.dds,0,35,4,
1679,hal_f_hair01_bluebase,hal_f_hair01_bluebase.dds,0,35,4,
1680,hal_f_hair01_dkbrown,hal_f_hair01_dkbrown.dds,0,35,4,
1681,hal_f_hair01_white,hal_f_hair01_white.dds,0,35,4,
1682,Hal_m_Hair01_blonde,Hal_m_Hair01_blonde.dds,0,35,4,
1683,Hal_m_Hair01_bluebase,Hal_m_Hair01_bluebase.dds,0,35,4,
1684,Hal_m_Hair01_dkbrown,Hal_m_Hair01_dkbrown.dds,0,35,4,
1685,Hal_m_Hair01_white,Hal_m_Hair01_white.dds,0,35,4,
1686,Hal_m_Hair02_blonde,Hal_m_Hair02_blonde.dds,0,39,4,
1687,Hal_m_Hair02_bluebase,Hal_m_Hair02_bluebase.dds,0,39,4,
1688,Hal_m_Hair02_dkbrown,Hal_m_Hair02_dkbrown.dds,0,39,4,
1689,Hal_m_Hair02_white,Hal_m_Hair02_white.dds,0,39,4,
1690,Ava_f_Hair03_blonde,Ava_f_Hair03_blonde.dds,0,37,4,
1691,Ava_f_Hair03_bluebase,Ava_f_Hair03_bluebase.dds,0,37,4,
1692,Ava_f_Hair03_dkbrown,Ava_f_Hair03_dkbrown.dds,0,37,4,
1693,Ava_f_Hair03_white,Ava_f_Hair03_white.dds,0,37,4,
1694,Elf_f_Hair01,Elf_f_Hair01.dds,0,3,4,
1695,cthArms01_TOA_A,cthArms01_TOA_A.dds,0,29,4,
1696,Ava_F_Hair02_blonde,Ava_F_Hair02_blonde.dds,0,1,4,
1697,Ava_F_Hair02_bluebase,Ava_F_Hair02_bluebase.dds,0,1,4,
1698,Ava_F_Hair02_dkbrown,Ava_F_Hair02_dkbrown.dds,0,1,4,
1699,Ava_F_Hair02_white,Ava_F_Hair02_white.dds,0,1,4,
1700,ava_m_Hair04_blonde,ava_m_Hair04_blonde.dds,0,40,4,
1701,ava_m_Hair04_bluebase,ava_m_Hair04_bluebase.dds,0,40,4,
1702,ava_m_Hair04_dkbrown,ava_m_Hair04_dkbrown.dds,0,40,4,
1703,ava_m_Hair04_white,ava_m_Hair04_white.dds,0,40,4,
1704,inc_m_Hair02_blonde,inc_m_Hair02_blonde.dds,0,38,4,
1705,inc_m_Hair02_bluebase,inc_m_Hair02_bluebase.dds,0,38,4,
1706,inc_m_Hair02_darkbrown,inc_m_Hair02_dkbrown.DDS,0,38,4,
1707,inc_m_Hair02_white,inc_m_Hair02_white.dds,0,38,4,
1708,inc_m_Hair04_blonde,inc_m_Hair04_blonde.dds,0,5,4,
1709,inc_m_Hair04_bluebase,inc_m_Hair04_bluebase.dds,0,5,4,
1710,inc_m_Hair04_darkbrown,inc_m_Hair04_darkbrown.dds,0,5,4,
1711,inc_m_Hair04_white,inc_m_Hair04_white.dds,0,5,4,
1712,cthLbody01_kilt01,cthLbody01_kilt01.dds,0,14,4,
1713,Fir_m_Hair01_blonde,Fir_m_Hair01_blonde.dds,0,34,4,
1714,Fir_m_Hair01_bluebase,Fir_m_Hair01_bluebase.dds,0,34,4,
1715,Fir_m_Hair01_dkbrown,Fir_m_Hair01_dkbrown.dds,0,34,4,
1716,Fir_m_Hair01_white,Fir_m_Hair01_white.dds,0,34,4,
1717,Elf_m_Hair02_blonde,Elf_m_Hair02_blonde.dds,0,38,4,
1718,Elf_m_Hair02_bluebase,Elf_m_Hair02_bluebase.dds,0,38,4,
1719,Elf_m_Hair02_dkbrown,Elf_m_Hair02_dkbrown.dds,0,38,4,
1720,Elf_m_Hair02_white,Elf_m_Hair02_white.dds,0,38,4,
1721,Elf_m_Hair01_blonde,Elf_m_Hair01_blonde.dds,0,3,4,
1722,Elf_m_Hair01_bluebase,Elf_m_Hair01_bluebase.dds,0,3,4,
1723,Elf_m_Hair01_dkbrown,Elf_m_Hair01_dkbrown.dds,0,3,4,
1724,Elf_m_Hair01_white,Elf_m_Hair01_white.dds,0,3,4,
1725,Elf_F_Hair01_blonde,Elf_F_Hair01_blonde.dds,0,3,4,
1726,Elf_F_Hair01_bluebase,Elf_F_Hair01_bluebase.dds,0,3,4,
1727,Elf_F_Hair01_dkbrown,Elf_F_Hair01_dkbrown.dds,0,3,4,
1728,Elf_F_Hair01_white,Elf_F_Hair01_white.dds,0,3,4,
1729,cel_m_hair01_blonde,cel_m_hair01_blonde.dds,0,34,4,
1730,cel_m_hair01_bluebase,cel_m_hair01_bluebase.dds,0,34,4,
1731,cel_m_hair01_dkbrown,cel_m_hair01_dkbrown.dds,0,34,4,
1732,cel_m_hair01_white,cel_m_hair01_white.dds,0,34,4,
1733,Lur_f_Hair01_blonde,Lur_f_Hair01_blonde.dds,0,6,4,
1734,Lur_f_Hair01_bluebase,Lur_f_Hair01_bluebase.dds,0,6,4,
1735,Lur_f_Hair01_dkbrown,Lur_f_Hair01_dkbrown.dds,0,6,4,
1736,Lur_f_Hair01_white,Lur_f_Hair01_white.dds,0,6,4,
1737,Lur_f_hair02_blonde,Lur_f_hair02_blonde.dds,0,6,4,
1738,Lur_f_hair02_bluebase,Lur_f_hair02_bluebase.dds,0,6,4,
1739,Lur_f_hair02_dkbrown,Lur_f_hair02_dkbrown.dds,0,6,4,
1740,Lur_f_hair02_white,Lur_f_hair02_white.dds,0,6,4,
1741,Lur_m_Hair01_blonde,Lur_m_Hair01_blonde.dds,0,40,4,
1742,Lur_m_Hair01_bluebase,Lur_m_Hair01_bluebase.dds,0,40,4,
1743,Lur_m_Hair01_dkbrown,Lur_m_Hair01_dkbrown.dds,0,40,4,
1744,Lur_m_Hair01_white,Lur_m_Hair01_white.dds,0,40,4,
1745,Lur_m_hair02_blonde,Lur_m_hair02_blonde.dds,0,35,4,
1746,Lur_m_hair02_bluebase,Lur_m_hair02_bluebase.dds,0,35,4,
1747,Lur_m_hair02_dkbrown,Lur_m_hair02_dkbrown.dds,0,35,4,
1748,Lur_m_hair02_white,Lur_m_hair02_white.dds,0,35,4,
1749,Lur_m_hair04_blonde,Lur_m_hair04_blonde.dds,0,41,4,
1750,Lur_m_hair04_bluebase,Lur_m_hair04_bluebase.dds,0,41,4,
1751,Lur_m_hair04_dkbrown,Lur_m_hair04_dkbrown.dds,0,41,4,
1752,Lur_m_hair04_white,Lur_m_hair04_white.dds,0,41,4,
1753,Syl_m_Hair01_green,Syl_m_Hair01_green.dds,0,8,4,
1754,Syl_m_Hair01_red,Syl_m_Hair01_red.dds,0,8,4,
1755,Syl_m_Hair01_white,Syl_m_Hair01_white.dds,0,8,4,
1756,Syl_m_Hair01_yellow,Syl_m_Hair01_yellow.dds,0,8,4,
1757,Syl_m_Hair02_green,Syl_m_Hair02_green.dds,0,8,4,
1758,Syl_m_Hair02_red,Syl_m_Hair02_red.dds,0,8,4,
1759,Syl_m_Hair02_white,Syl_m_Hair02_white.dds,0,8,4,
1760,Syl_m_Hair02_yellow,Syl_m_Hair02_yellow.dds,0,8,4,
1761,Syl_m_Hair03_green,Syl_m_Hair03_green.dds,0,8,4,
1762,Syl_m_Hair03_red,Syl_m_Hair03_red.dds,0,8,4,
1763,Syl_m_Hair03_white,Syl_m_Hair03_white.dds,0,8,4,
1764,Syl_m_Hair03_yellow,Syl_m_Hair03_yellow.dds,0,8,4,
1765,sha_f_hair03_blonde,sha_f_hair03_blonde.dds,0,43,4,
1766,sha_f_hair03_bluebase,sha_f_hair03_bluebase.dds,0,43,4,
1767,sha_f_hair03_dkbrown,sha_f_hair03_dkbrown.dds,0,43,4,
1768,sha_f_hair03_white,sha_f_hair03_white.dds,0,43,4,
1769,sha_m_hair01_blonde,sha_m_hair01_blonde.dds,0,34,4,
1770,sha_m_hair01_bluebase,sha_m_hair01_bluebase.dds,0,34,4,
1771,sha_m_hair01_dkbrown,sha_m_hair01_dkbrown.dds,0,34,4,
1772,sha_m_hair01_white,sha_m_hair01_white.dds,0,34,4,
1773,sha_m_hair02_blonde,sha_m_hair02_blonde.dds,0,43,4,
1774,sha_m_hair02_bluebase,sha_m_hair02_bluebase.dds,0,43,4,
1775,sha_m_hair02_dkbrown,sha_m_hair02_dkbrown.dds,0,43,4,
1776,sha_m_hair02_white,sha_m_hair02_white.dds,0,43,4,
1777,sha_m_hair03_blonde,sha_m_hair03_blonde.dds,0,34,4,
1778,sha_m_hair03_bluebase,sha_m_hair03_bluebase.dds,0,34,4,
1779,sha_m_hair03_dkbrown,sha_m_hair03_dkbrown.dds,0,34,4,
1780,sha_m_hair03_white,sha_m_hair03_white.dds,0,34,4,
1781,sha_m_hair04_blonde,sha_m_hair04_blonde.dds,0,34,4,
1782,sha_m_hair04_bluebase,sha_m_hair04_bluebase.dds,0,34,4,
1783,sha_m_hair04_dkbrown,sha_m_hair04_dkbrown.dds,0,34,4,
1784,sha_m_hair04_white,sha_m_hair04_white.dds,0,34,4,
1785,Fir_f_Hair01_blonde,Fir_f_Hair01_blonde.dds,0,34,4,
1786,Fir_f_Hair01_bluebase,Fir_f_Hair01_bluebase.dds,0,34,4,
1787,Fir_f_Hair01_dkbrown,Fir_f_Hair01_dkbrown.dds,0,34,4,
1788,Fir_f_Hair01_white,Fir_f_Hair01_white.dds,0,34,4,
1789,fir_f_Hair03_blonde,fir_f_Hair03_blonde.dds,0,43,4,
1790,fir_f_Hair03_bluebase,fir_f_Hair03_bluebase.dds,0,43,4,
1791,fir_f_Hair03_dkbrown,fir_f_Hair03_dkbrown.dds,0,43,4,
1792,fir_f_Hair03_white,fir_f_Hair03_white.dds,0,43,4,
1793,sha_f_hair01_blonde,sha_f_hair01_blonde.dds,0,43,4,
1794,sha_f_hair01_bluebase,sha_f_hair01_bluebase.dds,0,43,4,
1795,sha_f_hair01_dkbrown,sha_f_hair01_dkbrown.dds,0,43,4,
1796,sha_f_hair01_white,sha_f_hair01_white.dds,0,43,4,
1797,BainsheeHair01,BainsheeHair01.dds,0,25,4,
1798,bainsheeArms01,bainsheeArms01.DDS,0,25,4,
1799,Bainsheelegs01,Bainsheelegs01.dds,0,25,4,
1800,bainsheeLuriArms01,bainsheeLuriArms01.dds,0,25,4,
1801,bainsheeCeltArms01,bainsheeCeltArms01.dds,0,25,4,
1802,bainsheeElfArms01,bainsheeElfArms01.dds,0,25,4,
1803,cat_h_grd_sclBody1_f,cat_h_grd_sclBody1_f.dds,0,25,4,
1804,cat_h_grd_sclBody1_m,cat_h_grd_sclBody1_m.dds,0,25,4,
1805,cat_b_cth1_kilt01,cat_b_cth1_kilt01.dds,0,25,4,
1806,cat_b_cth1_kilt02,cat_b_cth1_kilt02.dds,0,25,4,
1807,cat_b_cth1_kilt03,cat_b_cth1_kilt03.dds,0,25,4,
1808,cat_b_cth1_kilt04,cat_b_cth1_kilt04.dds,0,25,4,
1809,cat_b_cth1_kilt05,cat_b_cth1_kilt05.dds,0,25,4,
1810,cat_b_cth1_kilt06,cat_b_cth1_kilt06.dds,0,25,4,
1811,cat_b_cth1_kilt07,cat_b_cth1_kilt07.dds,0,25,4,
1812,cat_b_cth1_kilt08,cat_b_cth1_kilt08.dds,0,25,4,
1813,cthBody01_Scarab_TOA_S_f,cthBody01_Scarab_TOA_S_f.dds,0,27,4,
1814,pltBody01_eirene_TOA_O_f,pltBody01_eirene_TOA_O_f.dds,0,27,4,
1815,pltBody01_gift_TOA_A,pltBody01_gift_TOA_A.dds,0,29,4,
1816,Dwa_m_hair06_blonde,Dwa_m_hair06_blonde.dds,0,29,4,
1817,Dwa_m_hair06_bluebase,Dwa_m_hair06_bluebase.dds,0,29,4,
1818,Dwa_m_hair06_dkbrown,Dwa_m_hair06_dkbrown.dds,0,29,4,
1819,Dwa_m_hair06_white,Dwa_m_hair06_white.dds,0,29,4,
1820,chnarms05_10,chnarms05_10.dds,0,10,4,
1821,chnBoots05_10,chnBoots05_10.dds,0,10,4,
1822,chngloves05_10,chngloves05_10.dds,0,10,4,
1823,chnlegs05_10,chnlegs05_10.dds,0,10,4,
1824,Nor_m_Head07,Nor_m_Head07.dds,0,30,4,
1825,cthArms01_CATA_pkevil.dds,cthArms01_CATA_pkevil.dds,0,31,4,
1826,cthArms01_CATA_pkgood.dds,cthArms01_CATA_pkgood.dds,0,31,4,
1827,cthArms01_chn_CATA_pkevil.dds,cthArms01_chn_CATA_pkevil.dds,0,31,4,
1828,cthArms01_chn_CATA_pkgood.dds,cthArms01_chn_CATA_pkgood.dds,0,31,4,
1829,cthArms01_lea_CATA_pkevil.dds,cthArms01_lea_CATA_pkevil.dds,0,31,4,
1830,cthArms01_lea_CATA_pkgood.dds,cthArms01_lea_CATA_pkgood.dds,0,31,4,
1831,cthArms01_plt_CATA_pkevil.dds,cthArms01_plt_CATA_pkevil.dds,0,31,4,
1832,cthBody01_CATA_pkevil_f.dds,cthBody01_CATA_pkevil_f.dds,0,31,4,
1833,cthBody01_CATA_pkevil_m.dds,cthBody01_CATA_pkevil_m.dds,0,31,4,
1834,cthBody01_CATA_pkgood_f.dds,cthBody01_CATA_pkgood_f.dds,0,31,4,
1835,cthBody01_CATA_pkgood_M.dds,cthBody01_CATA_pkgood_M.dds,0,31,4,
1836,cthBoots01_CATA_pkevil.dds,cthBoots01_CATA_pkevil.dds,0,31,4,
1837,cthBoots01_CATA_pkgood.dds,cthBoots01_CATA_pkgood.dds,0,31,4,
1838,cthGloves01_CATA_pkevil.dds,cthGloves01_CATA_pkevil.dds,0,31,4,
1839,cthGloves01_CATA_pkgood.dds,cthGloves01_CATA_pkgood.dds,0,31,4,
1840,cthLegs01_CATA_pkevil.dds,cthLegs01_CATA_pkevil.dds,0,31,4,
1841,cthLegs01_CATA_pkgood.dds,cthLegs01_CATA_pkgood.dds,0,31,4,
1842,cthLegs01_chn_CATA_pkgevil.dds,cthLegs01_chn_CATA_pkgevil.dds,0,31,4,
1843,cthLegs01_chn_CATA_pkgood.dds,cthLegs01_chn_CATA_pkgood.dds,0,31,4,
1844,cthLegs01_lea_CATA_pkevil.dds,cthLegs01_lea_CATA_pkevil.dds,0,31,4,
1845,cthLegs01_lea_CATA_pkgood.dds,cthLegs01_lea_CATA_pkgood.dds,0,31,4,
1846,cthLegs01_plt_CATA_pkevil.dds,cthLegs01_plt_CATA_pkevil.dds,0,31,4,
1847,leaBody05_CATA_pkevil_f.dds,leaBody05_CATA_pkevil_f.dds,0,31,4,
1848,leaBody05_CATA_pkevil_m.dds,leaBody05_CATA_pkevil_m.dds,0,31,4,
1849,leaBody05_CATA_pkgood_f.dds,leaBody05_CATA_pkgood_f.dds,0,31,4,
1850,leaBody05_CATA_pkgood_m.dds,leaBody05_CATA_pkgood_m.dds,0,31,4,
1851,leaBoots01_CATA_pkevil.dds,leaBoots01_CATA_pkevil.dds,0,31,4,
1852,leaBoots01_CATA_pkgood.dds,leaBoots01_CATA_pkgood.dds,0,31,4,
1853,leaGloves01_CATA_pkevil.dds,leaGloves01_CATA_pkevil.dds,0,31,4,
1854,leaGloves01_CATA_pkgood.dds,leaGloves01_CATA_pkgood.dds,0,31,4,
1855,pltBody01_CATA_pkevil_f.dds,pltBody01_CATA_pkevil_f.dds,0,31,4,
1856,pltBody01_CATA_pkevil_m.dds,pltBody01_CATA_pkevil_m.dds,0,31,4,
1857,pltBody01_chn_CATA_pkevil_f.dds,pltBody01_chn_CATA_pkevil_f.dds,0,31,4,
1858,pltBody01_chn_CATA_pkevil_m.dds,pltBody01_chn_CATA_pkevil_m.dds,0,31,4,
1859,pltBody01_chn_CATA_pkgood_f.dds,pltBody01_chn_CATA_pkgood_f.dds,0,31,4,
1860,pltBody01_chn_CATA_pkgood_m.dds,pltBody01_chn_CATA_pkgood_m.dds,0,31,4,
1861,pltBoots01_CATA_pkevil.dds,pltBoots01_CATA_pkevil.dds,0,31,4,
1862,pltBoots01_chn_CATA_pkevil.dds,pltBoots01_chn_CATA_pkevil.dds,0,31,4,
1863,pltBoots01_chn_CATA_pkgood.dds,pltBoots01_chn_CATA_pkgood.dds,0,31,4,
1864,pltGloves01_CATA_pkevil.dds,pltGloves01_CATA_pkevil.dds,0,31,4,
1865,pltGloves01_chn_CATA_pkevil.dds,pltGloves01_chn_CATA_pkevil.dds,0,31,4,
1866,pltGloves01_chn_CATA_pkgood.dds,pltGloves01_chn_CATA_pkgood.dds,0,31,4,
1867,stdGloves05_CATA_pkevil_m.dds,stdGloves05_CATA_pkevil_m.dds,0,32,4,
1868,cthArms01_scl_CATA_pkevil.dds,cthArms01_scl_CATA_pkevil.dds,0,32,4,
1869,cthArms01_std_CATA_pkevil.dds,cthArms01_std_CATA_pkevil.dds,0,32,4,
1870,cthlegs01_scl_CATA_pkevil.dds,cthlegs01_scl_CATA_pkevil.dds,0,32,4,
1871,cthLegs01_std_CATA_pkevil.dds,cthLegs01_std_CATA_pkevil.dds,0,32,4,
1872,pltBody01_scl_CATA_pkevil_f.dds,pltBody01_scl_CATA_pkevil_f.dds,0,32,4,
1873,pltBody01_scl_CATA_pkevil_m.dds,pltBody01_scl_CATA_pkevil_m.dds,0,32,4,
1874,pltBoots01_scl_CATA_pkevil_m.dds,pltBoots01_scl_CATA_pkevil_m.dds,0,32,4,
1875,pltGloves01_scl_CATA_pkevil_m.dds,pltGloves01_scl_CATA_pkevil_m.dds,0,32,4,
1876,stdBody05_CATA_pkevil_f.dds,stdBody05_CATA_pkevil_f.dds,0,32,4,
1877,stdBody05_CATA_pkevil_m.dds,stdBody05_CATA_pkevil_m.dds,0,32,4,
1878,stdBoots05_CATA_pkevil_m.dds,stdBoots05_CATA_pkevil_m.dds,0,32,4,
1879,cthArms01_plt_CATA_pkgood.dds,cthArms01_plt_CATA_pkgood.dds,0,32,4,
1880,cthArms01_scl_CATA_pkgood.dds,cthArms01_scl_CATA_pkgood.dds,0,32,4,
1881,cthArms01_std_CATA_pkgood.dds,cthArms01_std_CATA_pkgood.dds,0,32,4,
1882,cthLegs01_plt_CATA_pkgood.dds,cthLegs01_plt_CATA_pkgood.dds,0,32,4,
1883,cthLegs01_scl_CATA_pkgood.dds,cthLegs01_scl_CATA_pkgood.dds,0,32,4,
1884,cthLegs01_std_CATA_pkgood.dds,cthLegs01_std_CATA_pkgood.dds,0,32,4,
1885,leaBody05_std_CATA_pkgood_f.dds,leaBody05_std_CATA_pkgood_f.dds,0,32,4,
1886,leaBody05_std_CATA_pkgood_m.dds,leaBody05_std_CATA_pkgood_m.dds,0,32,4,
1887,leaBoots01_std_CATA_pkgood.dds,leaBoots01_std_CATA_pkgood.dds,0,32,4,
1888,leaGloves01_std_CATA_pkgood.dds,leaGloves01_std_CATA_pkgood.dds,0,32,4,
1889,pltBody01_CATA_pkgood_f.dds,pltBody01_CATA_pkgood_f.dds,0,32,4,
1890,pltBody01_CATA_pkgood_m.dds,pltBody01_CATA_pkgood_m.dds,0,32,4,
1891,pltBody01_scl_CATA_pkgood_f.dds,pltBody01_scl_CATA_pkgood_f.dds,0,32,4,
1892,pltBody01_scl_CATA_pkgood_m.dds,pltBody01_scl_CATA_pkgood_m.dds,0,32,4,
1893,pltBoots01_CATA_pkgood.dds,pltBoots01_CATA_pkgood.dds,0,32,4,
1894,pltBoots01_scl_CATA_pkgood.dds,pltBoots01_scl_CATA_pkgood.dds,0,32,4,
1895,pltGloves01_CATA_pkgood.dds,pltGloves01_CATA_pkgood.dds,0,32,4,
1896,pltgloves01_scl_CATA_pkgood.dds,pltgloves01_scl_CATA_pkgood.dds,0,32,4,
1897,cthBody01_Naliah_TOA_S_F.dds,cthBody01_Naliah_TOA_S_F.dds,0,33,4,
1898,cthBody01_Naliah_TOA_S_m.dds,cthBody01_Naliah_TOA_S_m.dds,0,33,4,
1899,cthbody01_TOA_A_F.dds,cthbody01_TOA_A_F.dds,0,33,4,
1900,cthbody01_TOA_A_m.dds,cthbody01_TOA_A_m.dds,0,33,4,
1901,cthbody01_TOA_O_F.dds,cthbody01_TOA_O_F.dds,0,33,4,
1902,cthbody01_TOA_O_m.dds,cthbody01_TOA_O_m.dds,0,33,4,
1903,cthbody01_TOA_S_F.dds,cthbody01_TOA_S_F.dds,0,33,4,
1904,cthbody01_TOA_S_m.dds,cthbody01_TOA_S_m.dds,0,33,4,
1905,cthbody01_TOA_V_F.dds,cthbody01_TOA_V_F.dds,0,33,4,
1906,cthbody01_TOA_V_m.dds,cthbody01_TOA_V_m.dds,0,33,4,
1907,leaBody05_TOA_A_f.dds,leaBody05_TOA_A_f.dds,0,33,4,
1908,leaBody05_TOA_A_m.dds,leaBody05_TOA_A_m.dds,0,33,4,
1909,robBody01_lea01_TOA_A_f.dds,robBody01_lea01_TOA_A_f.dds,0,33,4,
1910,robBody01_lea01_TOA_O_f.dds,robBody01_lea01_TOA_O_f.dds,0,33,4,
1911,robBody01_lea01_TOA_S_f.dds,robBody01_lea01_TOA_S_f.dds,0,33,4,
1912,robBody01_lea01_TOA_V_f.dds,robBody01_lea01_TOA_V_f.dds,0,33,4,
1913,robBody01_lea01_TOA_A_m.dds,robBody01_lea01_TOA_A_m.dds,0,33,4,
1914,robBody01_lea01_TOA_V_m.dds,robBody01_lea01_TOA_V_m.dds,0,33,4,
1915,robBody01_lea01_TOA_O_m.dds,robBody01_lea01_TOA_O_m.dds,0,33,4,
1916,robBody01_lea01_TOA_S_m.dds,robBody01_lea01_TOA_S_m.dds,0,33,4,
1917,cthLegs01_SS_Kob_F.dds,cthLegs01_SS_Kob_F.dds,0,36,4,
1918,cthArms01_ss_Bri_f.dds,cthArms01_ss_Bri_f.dds,0,36,4,
1919,cthArms01_SS_Fir_F.dds,cthArms01_SS_Fir_F.dds,0,36,4,
1920,cthArms01_SS_Hal_F.dds,cthArms01_SS_Hal_F.dds,0,36,4,
1921,cthArms01_ss_Hig_f.dds,cthArms01_ss_Hig_f.dds,0,36,4,
1922,cthArms01_SS_Kob_F.dds,cthArms01_SS_Kob_F.dds,0,36,4,
1923,cthArms01_ss_Syl_F.dds,cthArms01_ss_Syl_F.dds,0,36,4,
1924,cthArms01_ss_Tro_f.dds,cthArms01_ss_Tro_f.dds,0,36,4,
1925,cthArms01_ss_Val_f.dds,cthArms01_ss_Val_f.dds,0,36,4,
1926,cthLegs01_ss_Bri_f.dds,cthLegs01_ss_Bri_f.dds,0,36,4,
1927,cthLegs01_ss_Hig_f.dds,cthLegs01_ss_Hig_f.dds,0,36,4,
1928,stagform_01.dds,stagform_01.dds,0,36,4,
1929,robBody01_epic_Warlock_M.dds,robBody01_epic_Warlock_M.dds,0,37,4,
1930,robBody01_epic_Warlock_F.dds,robBody01_epic_Warlock_F.dds,0,37,4,
1931,cthLegs01_epic_Warlock.dds,cthLegs01_epic_Warlock.dds,0,37,4,
1932,cthGloves01_epic_Warlock.dds,cthGloves01_epic_Warlock.dds,0,37,4,
1933,cthBoots01_epic_Warlock.dds,cthBoots01_epic_Warlock.dds,0,37,4,
1934,robBody01_epic_Bainshee_F.dds,robBody01_epic_Bainshee_F.dds,0,37,4,
1935,cthArms01_epic_Bainshee.dds,cthArms01_epic_Bainshee.dds,0,37,4,
1936,cthBoots01_epic_Bainshee.dds,cthBoots01_epic_Bainshee.dds,0,37,4,
1937,cthGloves01_epic_Bainshee.dds,cthGloves01_epic_Bainshee.dds,0,37,4,
1938,cthLegs01_epic_Bainshee.dds,cthLegs01_epic_Bainshee.dds,0,37,4,
1939,ava_f_shadehead.dds,ava_f_shadehead.dds,0,37,4,
1940,ava_m_shadehead.dds,ava_m_shadehead.dds,0,37,4,
1941,Cel_f_ShadeHead.dds,Cel_f_ShadeHead.dds,0,37,4,
1942,Cel_m_ShadeHead.dds,Cel_m_ShadeHead.dds,0,37,4,
1943,Fro_F_shadehead.dds,Fro_F_shadehead.dds,0,37,4,
1944,Fro_M_shadehead.dds,Fro_M_shadehead.dds,0,37,4,
1945,Hal_F_shadeHead01.dds,Hal_F_shadeHead01.dds,0,37,4,
1946,Hal_M_shadeHead01.dds,Hal_M_shadeHead01.dds,0,37,4,
1947,hig_f_shadehead.dds,hig_f_shadehead.dds,0,37,4,
1948,hig_m_shadehead.dds,hig_m_shadehead.dds,0,53,4,
1949,nor_f_shadehead.dds,nor_f_shadehead.dds,0,37,4,
1950,Nor_M_shadehead.dds,Nor_M_shadehead.dds,0,37,4,
1951,syl_f_ShadeHead.dds,syl_f_ShadeHead.dds,0,37,4,
1952,Ava_M_MummyHead01.dds,Ava_M_MummyHead01.dds,0,37,4,
1953,Ava_F_MummyHead01.dds,Ava_F_MummyHead01.dds,0,37,4,
1954,Cel_F_MummyHead01.dds,Cel_F_MummyHead01.dds,0,37,4,
1955,Cel_m_MummyHead01.dds,Cel_m_MummyHead01.dds,0,37,4,
1956,Fir_F_MummyHead01.dds,Fir_F_MummyHead01.dds,0,37,4,
1957,Fir_M_MummyHead01.dds,Fir_M_MummyHead01.dds,0,37,4,
1958,Hal_F_MummyHead01.dds,Hal_F_MummyHead01.dds,0,37,4,
1959,ava_f_stonehead.dds,ava_f_stonehead.dds,0,37,4,
1960,ava_m_stonehead.dds,ava_m_stonehead.dds,0,37,4,
1961,Cel_f_stonehead.dds,Cel_f_stonehead.dds,0,37,4,
1962,Cel_m_stonehead.dds,Cel_m_stonehead.dds,0,37,4,
1963,fir_f_stonehead.dds,fir_f_stonehead.dds,0,37,4,
1964,fir_m_stonehead.dds,fir_m_stonehead.dds,0,37,4,
1965,Fro_f_stonehead.dds,Fro_f_stonehead.dds,0,37,4,
1966,Fro_M_stonehead.dds,Fro_M_stonehead.dds,0,37,4,
1967,hig_f_stonehead.dds,hig_f_stonehead.dds,0,37,4,
1968,hig_m_stonehead.dds,hig_m_stonehead.dds,0,53,4,
1969,nor_f_stonehead.dds,nor_f_stonehead.dds,0,37,4,
1970,Nor_M_stonehead.dds,Nor_M_stonehead.dds,0,37,4,
1971,leaBody01_Epic_Vampyre_M.dds,leaBody01_Epic_Vampyre_M.dds,0,37,4,
1972,leaBody01_Epic_Vampyre_F.dds,leaBody01_Epic_Vampyre_F.dds,0,37,4,
1973,leaBoots_Epic_Vampyre.dds,leaBoots_Epic_Vampyre.dds,0,37,4,
1974,leaGloves01_Epic_Vampyre.dds,leaGloves01_Epic_Vampyre.dds,0,37,4,
1975,cthArms01_Epic_Vampyre.dds,cthArms01_Epic_Vampyre.dds,0,37,4,
1976,cthLegs01_Epic_Vampyre.dds,cthLegs01_Epic_Vampyre.dds,0,37,4,
1977,cthGloves01_TOA_stone.dds,cthGloves01_TOA_stone.dds,0,37,4,
1978,cthBoots01_TOA_stone.dds,cthBoots01_TOA_stone.dds,0,37,4,
1979,cthBody01_TOA_stone_f.dds,cthBody01_TOA_stone_f.dds,0,37,4,
1980,cthBody01_TOA_stone_m.dds,cthBody01_TOA_stone_m.dds,0,37,4,
1981,cthLegs01_TOA_stone.dds,cthLegs01_TOA_stone.dds,0,37,4,
1982,cthArms01_TOA_stone.dds,cthArms01_TOA_stone.dds,0,37,4,
1983,Hig_m_Head07.dds,Hig_m_Head07.dds,0,36,4,
1984,syl_f_stonehead.dds,syl_f_stonehead.dds,0,37,4,
1985,sha_f_stonehead.dds,sha_f_stonehead.dds,0,37,4,
1986,sha_m_stonehead.dds,sha_m_stonehead.dds,0,37,4,
1987,fir_f_ShadeHead.dds,fir_f_ShadeHead.dds,0,37,4,
1988,fir_m_ShadeHead.dds,fir_m_ShadeHead.dds,0,37,4,
1989,hal_f_stonehead.dds,hal_f_stonehead.dds,0,37,4,
1990,hal_m_stonehead.dds,hal_m_stonehead.dds,0,37,4,
1991,bearform_01.dds,bearform_01.dds,0,39,4,
1992,robBody01_epic_Heretic_F.dds,robBody01_epic_Heretic_F.dds,0,38,4,
1993,robBody01_epic_Heretic_M.dds,robBody01_epic_Heretic_M.dds,0,38,4,
1994,chnBody04_Epic_Valkyrie_f.dds,chnBody04_Epic_Valkyrie_f.dds,0,38,4,
1995,cthLegs01_Epic_Valkyrie.dds,cthLegs01_Epic_Valkyrie.dds,0,38,4,
1996,cthArms01_Epic_Valkyrie.dds,cthArms01_Epic_Valkyrie.dds,0,38,4,
1997,chnGloves01_Epic_Valkyrie.dds,chnGloves01_Epic_Valkyrie.dds,0,38,4,
1998,chnBoots01_Epic_Valkyrie.dds,chnBoots01_Epic_Valkyrie.dds,0,38,4,
1999,cthArms01_ss_sha_f.dds,cthArms01_ss_sha_f.dds,0,36,4,
2000,Dwa_m_hair06_blonde.dds,Dwa_m_hair06_blonde.dds,0,39,4,
2001,Dwa_m_hair06_bluebase.dds,Dwa_m_hair06_bluebase.dds,0,39,4,
2002,Dwa_m_hair06_dkbrown.dds,Dwa_m_hair06_dkbrown.dds,0,39,4,
2003,Dwa_m_hair06_white.dds,Dwa_m_hair06_white.dds,0,39,4,
2004,Runemaster gloves,cthGloves01_Epic_Runemaster.dds,0,39,4,
2005,Runemaster sleeves,ctharms01_Epic_Runemaster.dds,0,39,4,
2006,ctharms01_Epic_SpiritMaster.dds,ctharms01_Epic_SpiritMaster.dds,0,39,4,
2007,cthLegs01_Epic_SpiritMaster.dds,cthLegs01_Epic_SpiritMaster.dds,0,39,4,
2008,Ava_F_Head07.dds,Ava_F_Head07.dds,0,41,4,
2009,ava_m_Head07.dds,ava_m_Head07.dds,0,40,4,
2010,Bri_f_Head07.dds,Bri_f_Head07.dds,0,40,4,
2011,Bri_m_Head07.dds,Bri_m_Head07.dds,0,40,4,
2012,Dwa_f_Head07.dds,Dwa_f_Head07.dds,0,41,4,
2013,Dwa_m_Head07.dds,Dwa_m_Head07.dds,0,40,4,
2014,Fro_f_Head07.dds,Fro_f_Head07.dds,0,40,4,
2015,Fro_m_Head07.dds,Fro_m_Head07.dds,0,40,4,
2016,Hal_f_Head07.dds,Hal_f_Head07.dds,0,40,4,
2017,Hal_m_Head07.dds,Hal_m_Head07.dds,0,40,4,
2018,Hig_f_Head07.dds,Hig_f_Head07.dds,0,41,4,
2019,Hig_m_Head07.dds,Hig_m_Head07.dds,0,40,4,
2020,Ico_f_Head07.dds,Ico_f_Head07.dds,0,40,4,
2021,Ico_m_Head07.dds,Ico_m_Head07.dds,0,40,4,
2022,Kob_f_Head07.dds,Kob_f_Head07.dds,0,40,4,
2023,Kob_m_Head07.dds,Kob_m_Head07.dds,0,40,4,
2024,Nor_f_Head07.dds,Nor_f_Head07.dds,0,41,4,
2025,Nor_m_Head07.dds,Nor_m_Head07.dds,0,40,4,
2026,Sar_f_Head07.dds,Sar_f_Head07.dds,0,41,4,
2027,Sar_m_Head07.dds,Sar_m_Head07.dds,0,40,4,
2028,tro_f_Head07.dds,tro_f_Head07.dds,0,40,4,
2029,tro_m_Head07.dds,tro_m_Head07.dds,0,40,4,
2030,Val_f_Head07.dds,Val_f_Head07.dds,0,40,4,
2031,ValkynM_Head07.dds,ValkynM_Head07.dds,0,40,4,
2032,Cel_f_Head07.dds,Cel_f_Head07.dds,0,40,4,
2033,Cel_m_Head07.dds,Cel_m_Head07.dds,0,40,4,
2034,Elf_F_Head07.dds,Elf_F_Head07.dds,0,40,4,
2035,Elf_m_Head07.dds,Elf_m_Head07.dds,0,40,4,
2036,Fir_f_Head07.dds,Fir_f_Head07.dds,0,40,4,
2037,Fir_m_head07.dds,Fir_m_head07.dds,0,41,4,
2038,Lur_f_Head07.dds,Lur_f_Head07.dds,0,40,4,
2039,Lur_m_Head07.dds,Lur_m_Head07.dds,0,40,4,
2040,Sha_f_Head07.dds,Sha_f_Head07.dds,0,40,4,
2041,Sha_m_Head07.dds,Sha_m_Head07.dds,0,40,4,
2042,Syl_f_Head07.dds,Syl_f_Head07.dds,0,40,4,
2043,Syl_m_Head07.dds,Syl_m_Head07.dds,0,40,4,
2044,cthLegs_CATA_PSgood.dds,cthLegs_CATA_PSgood.dds,0,42,4,
2045,cthGloves_CATA_PSgood.dds,cthGloves_CATA_PSgood.dds,0,42,4,
2046,stdArms_CATA_PSgood.dds,stdArms_CATA_PSgood.dds,0,42,4,
2047,stdBoots_CATA_PSgood.dds,stdBoots_CATA_PSgood.dds,0,42,4,
2048,stdLegs_CATA_PSgood.dds,stdLegs_CATA_PSgood.dds,0,42,4,
2049,stdGloves_CATA_PSgood.dds,stdGloves_CATA_PSgood.dds,0,42,4,
2050,stdBody_CATA_PSgood_F.dds,stdBody_CATA_PSgood_F.dds,0,42,4,
2051,stdBody_CATA_PSgood_M.dds,stdBody_CATA_PSgood_M.dds,0,42,4,
2052,sclArms_CATA_PSgood.dds,sclArms_CATA_PSgood.dds,0,42,4,
2053,sclBoots_CATA_PSgood.dds,sclBoots_CATA_PSgood.dds,0,42,4,
2054,sclGloves_CATA_PSgood.dds,sclGloves_CATA_PSgood.dds,0,42,4,
2055,sclLegs_CATA_PSgood.dds,sclLegs_CATA_PSgood.dds,0,42,4,
2056,sclBody_CATA_PSgood_F.dds,sclBody_CATA_PSgood_F.dds,0,42,4,
2057,sclBody_CATA_PSgood_M.dds,sclBody_CATA_PSgood_M.dds,0,42,4,
2058,pltBody_CATA_PSgood_F.dds,pltBody_CATA_PSgood_F.dds,0,42,4,
2059,pltBody_CATA_PSgood_M.dds,pltBody_CATA_PSgood_M.dds,0,42,4,
2060,pltArms_CATA_PSgood.dds,pltArms_CATA_PSgood.dds,0,42,4,
2061,pltBoots_CATA_PSgood.dds,pltBoots_CATA_PSgood.dds,0,42,4,
2062,pltGloves_CATA_PSgood.dds,pltGloves_CATA_PSgood.dds,0,42,4,
2063,plt_Legs_CATA_PSgood.dds,plt_Legs_CATA_PSgood.dds,0,42,4,
2064,leaBody_CATA_PSgood_M.dds,leaBody_CATA_PSgood_M.dds,0,42,4,
2065,leaBoots_CATA_PSgood.dds,leaBoots_CATA_PSgood.dds,0,42,4,
2066,leaArms_CATA_PSgood.dds,leaArms_CATA_PSgood.dds,0,42,4,
2067,leaLegs_CATA_PSgood.dds,leaLegs_CATA_PSgood.dds,0,42,4,
2068,leaGloves_CATA_PSgood.dds,leaGloves_CATA_PSgood.dds,0,42,4,
2069,leaBody_CATA_PSgood_F.dds,leaBody_CATA_PSgood_F.dds,0,42,4,
2070,chnArms_CATA_PSgood.dds,chnArms_CATA_PSgood.dds,0,42,4,
2071,chnBoots_CATA_PSgood.dds,chnBoots_CATA_PSgood.dds,0,42,4,
2072,chnGloves_CATA_PSgood.dds,chnGloves_CATA_PSgood.dds,0,42,4,
2073,chnLegs_CATA_PSgood.dds,chnLegs_CATA_PSgood.dds,0,42,4,
2074,chnBody_CATA_PSgood_F.dds,chnBody_CATA_PSgood_F.dds,0,42,4,
2075,chnBody_CATA_PSgood_M.dds,chnBody_CATA_PSgood_M.dds,0,42,4,
2076,robBody_CATA_PSgood_F.dds,robBody_CATA_PSgood_F.dds,0,42,4,
2077,robBody_CATA_PSgood_M.dds,robBody_CATA_PSgood_M.dds,0,42,4,
2078,cthArms_CATA_PSgood.dds,cthArms_CATA_PSgood.dds,0,42,4,
2079,cthBoots_CATA_PSgood.dds,cthBoots_CATA_PSgood.dds,0,42,4,
2080,cthBody_CATA_PSgood_M.dds,cthBody_CATA_PSgood_M.dds,0,42,4,
2081,cthBody_CATA_PSgood_F.dds,cthBody_CATA_PSgood_F.dds,0,42,4,
2082,chnArms_CATA_PIbad.dds,chnArms_CATA_PIbad.dds,0,43,4,
2083,chnArms_CATA_PIgood.dds,chnArms_CATA_PIgood.dds,0,43,4,
2084,chnBody_CATA_PIbad_F.dds,chnBody_CATA_PIbad_F.dds,0,43,4,
2085,chnBody_CATA_PIbad_M.dds,chnBody_CATA_PIbad_M.dds,0,43,4,
2086,chnBody_CATA_PIgood_F.dds,chnBody_CATA_PIgood_F.dds,0,43,4,
2087,chnBody_CATA_PIgood_M.dds,chnBody_CATA_PIgood_M.dds,0,43,4,
2088,chnBoots_CATA_PIbad.dds,chnBoots_CATA_PIbad.dds,0,43,4,
2089,chnBoots_CATA_PIgood.dds,chnBoots_CATA_PIgood.dds,0,43,4,
2090,chnGloves_CATA_PIbad.dds,chnGloves_CATA_PIbad.dds,0,43,4,
2091,chnGloves_CATA_PIgood.dds,chnGloves_CATA_PIgood.dds,0,43,4,
2092,chnLegs_CATA_PIbad.dds,chnLegs_CATA_PIbad.dds,0,43,4,
2093,chnLegs_CATA_PIgood.dds,chnLegs_CATA_PIgood.dds,0,43,4,
2094,pltArms_CATA_PIBad.dds,pltArms_CATA_PIBad.dds,0,43,4,
2095,pltArms_CATA_PIgood.dds,pltArms_CATA_PIgood.dds,0,43,4,
2096,pltBody_CATA_PIBad_F.dds,pltBody_CATA_PIBad_F.dds,0,43,4,
2097,pltBody_CATA_PIBad_M.dds,pltBody_CATA_PIBad_M.dds,0,43,4,
2098,pltBody_CATA_PIgood_F.dds,pltBody_CATA_PIgood_F.dds,0,43,4,
2099,pltBody_CATA_PIgood_M.dds,pltBody_CATA_PIgood_M.dds,0,43,4,
2100,pltBoots_CATA_PIBad.dds,pltBoots_CATA_PIBad.dds,0,43,4,
2101,pltBoots_CATA_PIgood.dds,pltBoots_CATA_PIgood.dds,0,43,4,
2102,pltGloves_CATA_PIBad.dds,pltGloves_CATA_PIBad.dds,0,43,4,
2103,pltGloves_CATA_PIgood.dds,pltGloves_CATA_PIgood.dds,0,43,4,
2104,pltLegs_CATA_PIBad.dds,pltLegs_CATA_PIBad.dds,0,43,4,
2105,pltLegs_CATA_PIgood.dds,pltLegs_CATA_PIgood.dds,0,43,4,
2106,sclArms_CATA_Pibad.dds,sclArms_CATA_Pibad.dds,0,43,4,
2107,sclArms_CATA_PIgood.dds,sclArms_CATA_PIgood.dds,0,43,4,
2108,sclBody_CATA_Pibad_F.dds,sclBody_CATA_Pibad_F.dds,0,43,4,
2109,sclBody_CATA_Pibad_M.dds,sclBody_CATA_Pibad_M.dds,0,43,4,
2110,sclBody_CATA_PIgood_F.dds,sclBody_CATA_PIgood_F.dds,0,43,4,
2111,sclBody_CATA_PIgood_M.dds,sclBody_CATA_PIgood_M.dds,0,43,4,
2112,sclBoots_CATA_Pibad.dds,sclBoots_CATA_Pibad.dds,0,43,4,
2113,sclBoots_CATA_PIgood.dds,sclBoots_CATA_PIgood.dds,0,43,4,
2114,sclGloves_CATA_Pibad.dds,sclGloves_CATA_Pibad.dds,0,43,4,
2115,sclGloves_CATA_PIgood.dds,sclGloves_CATA_PIgood.dds,0,43,4,
2116,sclLegs_CATA_Pibad.dds,sclLegs_CATA_Pibad.dds,0,43,4,
2117,sclLegs_CATA_PIgood.dds,sclLegs_CATA_PIgood.dds,0,43,4,
2118,leaLegs_CATA_Pigood.dds,leaLegs_CATA_Pigood.dds,0,44,4,
2119,leaArms_CATA_PiCorrupt.dds,leaArms_CATA_PiCorrupt.dds,0,44,4,
2120,leaArms_CATA_Pigood.dds,leaArms_CATA_Pigood.dds,0,44,4,
2121,leaBody_CATA_PiCorrupt_F.dds,leaBody_CATA_PiCorrupt_F.dds,0,44,4,
2122,leaBody_CATA_PiCorrupt_M.dds,leaBody_CATA_PiCorrupt_M.dds,0,44,4,
2123,leaBody_CATA_Pigood_F.dds,leaBody_CATA_Pigood_F.dds,0,44,4,
2124,leaBody_CATA_Pigood_M.dds,leaBody_CATA_Pigood_M.dds,0,44,4,
2125,leaBoots_CATA_PiCorrupt.dds,leaBoots_CATA_PiCorrupt.dds,0,44,4,
2126,leaBoots_CATA_Pigood.dds,leaBoots_CATA_Pigood.dds,0,44,4,
2127,leaGloves_CATA_PiCorrupt.dds,leaGloves_CATA_PiCorrupt.dds,0,44,4,
2128,leaGloves_CATA_Pigood.dds,leaGloves_CATA_Pigood.dds,0,44,4,
2129,leaLegs_CATA_PiCorrupt.dds,leaLegs_CATA_PiCorrupt.dds,0,44,4,
2130,CthLegs_CATA_Pigood.dds,CthLegs_CATA_Pigood.dds,0,44,4,
2131,CthArms_CATA_PiCorrupt.dds,CthArms_CATA_PiCorrupt.dds,0,44,4,
2132,CthArms_CATA_Pigood.dds,CthArms_CATA_Pigood.dds,0,44,4,
2133,CthBody_CATA_PiCorrupt_F.dds,CthBody_CATA_PiCorrupt_F.dds,0,44,4,
2134,CthBody_CATA_PiCorrupt_M.dds,CthBody_CATA_PiCorrupt_M.dds,0,44,4,
2135,CthBody_CATA_Pigood_F.dds,CthBody_CATA_Pigood_F.dds,0,44,4,
2136,CthBody_CATA_Pigood_M.dds,CthBody_CATA_Pigood_M.dds,0,44,4,
2137,CthBoots_CATA_PiCorrupt.dds,CthBoots_CATA_PiCorrupt.dds,0,44,4,
2138,CthBoots_CATA_Pigood.dds,CthBoots_CATA_Pigood.dds,0,44,4,
2139,CthGloves_CATA_PiCorrupt.dds,CthGloves_CATA_PiCorrupt.dds,0,44,4,
2140,CthGloves_CATA_Pigood.dds,CthGloves_CATA_Pigood.dds,0,44,4,
2141,CthLegs_CATA_PiCorrupt.dds,CthLegs_CATA_PiCorrupt.dds,0,44,4,
2142,RobBody_CATA_Pigood_F.dds,RobBody_CATA_Pigood_F.dds,0,44,4,
2143,RobBody_CATA_Pigood_M.dds,RobBody_CATA_Pigood_M.dds,0,44,4,
2144,chnArms_CATA_PSevil.dds,chnArms_CATA_PSevil.dds,0,45,4,
2145,chnBody_CATA_PSevil_F.dds,chnBody_CATA_PSevil_F.dds,0,45,4,
2146,chnBody_CATA_PSevil_M.dds,chnBody_CATA_PSevil_M.dds,0,45,4,
2147,chnBoots_CATA_PSevil.dds,chnBoots_CATA_PSevil.dds,0,45,4,
2148,chnGloves_CATA_PSevil.dds,chnGloves_CATA_PSevil.dds,0,45,4,
2149,chnLegs_CATA_PSevil.dds,chnLegs_CATA_PSevil.dds,0,45,4,
2150,cthArms_CATA_PSevil.dds,cthArms_CATA_PSevil.dds,0,45,4,
2151,cthBody_CATA_PSevil_F.dds,cthBody_CATA_PSevil_F.dds,0,45,4,
2152,cthBody_CATA_PSevil_M.dds,cthBody_CATA_PSevil_M.dds,0,45,4,
2153,cthBoots_CATA_PSevil.dds,cthBoots_CATA_PSevil.dds,0,45,4,
2154,cthGloves_CATA_PSevil.dds,cthGloves_CATA_PSevil.dds,0,45,4,
2155,cthLegs_CATA_PSevil.dds,cthLegs_CATA_PSevil.dds,0,45,4,
2156,leaArms_CATA_PSevil.dds,leaArms_CATA_PSevil.dds,0,45,4,
2157,leaBody_CATA_PSevil_F.dds,leaBody_CATA_PSevil_F.dds,0,45,4,
2158,leaBody_CATA_PSevil_M.dds,leaBody_CATA_PSevil_M.dds,0,45,4,
2159,leaBoots_CATA_PSevil.dds,leaBoots_CATA_PSevil.dds,0,45,4,
2160,leaGloves_CATA_PSevil.dds,leaGloves_CATA_PSevil.dds,0,45,4,
2161,leaLegs_CATA_PSevil.dds,leaLegs_CATA_PSevil.dds,0,45,4,
2162,plt_Legs_CATA_PSevil.dds,plt_Legs_CATA_PSevil.dds,0,45,4,
2163,pltArms_CATA_PSevil.dds,pltArms_CATA_PSevil.dds,0,45,4,
2164,pltBody_CATA_PSevil_F.dds,pltBody_CATA_PSevil_F.dds,0,45,4,
2165,pltBody_CATA_PSevil_M.dds,pltBody_CATA_PSevil_M.dds,0,45,4,
2166,pltBoots_CATA_PSevil.dds,pltBoots_CATA_PSevil.dds,0,45,4,
2167,pltGloves_CATA_PSevil.dds,pltGloves_CATA_PSevil.dds,0,45,4,
2168,robBody_CATA_PSevil_F.dds,robBody_CATA_PSevil_F.dds,0,45,4,
2169,robBody_CATA_PSevil_M.dds,robBody_CATA_PSevil_M.dds,0,45,4,
2170,sclArms_CATA_PSevil.dds,sclArms_CATA_PSevil.dds,0,45,4,
2171,sclBody_CATA_PSevil_F.dds,sclBody_CATA_PSevil_F.dds,0,45,4,
2172,sclBody_CATA_PSevil_M.dds,sclBody_CATA_PSevil_M.dds,0,45,4,
2173,sclBoots_CATA_PSevil.dds,sclBoots_CATA_PSevil.dds,0,45,4,
2174,sclGloves_CATA_PSevil.dds,sclGloves_CATA_PSevil.dds,0,45,4,
2175,sclLegs_CATA_PSevil.dds,sclLegs_CATA_PSevil.dds,0,45,4,
2176,stdArms_CATA_PSevil.dds,stdArms_CATA_PSevil.dds,0,45,4,
2177,stdBody_CATA_PSevil_F.dds,stdBody_CATA_PSevil_F.dds,0,45,4,
2178,stdBody_CATA_PSevil_M.dds,stdBody_CATA_PSevil_M.dds,0,45,4,
2179,stdBoots_CATA_PSevil.dds,stdBoots_CATA_PSevil.dds,0,45,4,
2180,stdGloves_CATA_PSevil.dds,stdGloves_CATA_PSevil.dds,0,45,4,
2181,stdLegs_CATA_PSevil.dds,stdLegs_CATA_PSevil.dds,0,45,4,
2182,Nor_m_head_Old01.dds,Nor_m_head_Old01.dds,0,44,4,
2183,Bri_f_head_Old01.dds,Bri_f_head_Old01.dds,0,44,4,
2184,Bri_m_head_Old01.dds,Bri_m_head_Old01.dds,0,44,4,
2185,Cel_f_head_Old01.dds,Cel_f_head_Old01.dds,0,44,4,
2186,Cel_m_head_Old01.dds,Cel_m_head_Old01.dds,0,44,4,
2187,Nor_f_head_Old01.dds,Nor_f_head_Old01.dds,0,44,4,
2188,stdLegs_CATA_Pigood.dds,stdLegs_CATA_Pigood.dds,0,45,4,
2189,stdArms_CATA_Pigood.dds,stdArms_CATA_Pigood.dds,0,45,4,
2190,stdBody_CATA_Pigood_F.dds,stdBody_CATA_Pigood_F.dds,0,45,4,
2191,stdBody_CATA_Pigood_M.dds,stdBody_CATA_Pigood_M.dds,0,45,4,
2192,stdBoots_CATA_Pigood.dds,stdBoots_CATA_Pigood.dds,0,45,4,
2193,stdGloves_CATA_Pigood.dds,stdGloves_CATA_Pigood.dds,0,45,4,
2194,stdBody_CATA_Pievil_F.dds,stdBody_CATA_Pievil_F.dds,0,45,4,
2195,stdBody_CATA_Pievil_M.dds,stdBody_CATA_Pievil_M.dds,0,45,4,
2196,stdLegs_CATA_Pievil.dds,stdLegs_CATA_Pievil.dds,0,45,4,
2197,stdArms_CATA_Pievil.dds,stdArms_CATA_Pievil.dds,0,45,4,
2198,stdBoots_CATA_Pievil.dds,stdBoots_CATA_Pievil.dds,0,45,4,
2199,stdGloves_CATA_Pievil.dds,stdGloves_CATA_Pievil.dds,0,45,4,
2200,Armor_Saddle_Starter.dds,Armor_Saddle_Starter.dds,0,46,4,
2201,Barding_Medium_Yellow.dds,Barding_Medium_Yellow.dds,0,46,4,
2202,Horse_Medium_Black.dds,Horse_Medium_Black.dds,0,47,4,
2203,Horse_Medium_Brown.dds,Horse_Medium_Brown.dds,0,47,4,
2204,Horse_Medium_White.dds,Horse_Medium_White.dds,0,47,4,
2205,Barding_Medium_HalfSock_Guild.dds,Barding_Medium_HalfSock_Guild.dds,0,46,4,
2206,Barding_Medium_Blanket_Guild.dds,Barding_Medium_Blanket_Guild.dds,0,46,4,
2207,Barding_Medium_FullSock_Guild.dds,Barding_Medium_FullSock_Guild.dds,0,46,4,
2208,Armor_Saddle_Starter.dds,Saddle_Starter_Decal.dds,1,46,4,
2209,Horse_medium_White_Tack.dds,Horse_medium_White_Tack.dds,0,46,4,
2210,Horse_medium_Black_Tack.dds,Horse_medium_Black_Tack.dds,0,46,4,
2211,Horse_medium_Brown_Tack.dds,Horse_medium_Brown_Tack.dds,0,46,4,
2212,Horse_Billboard.dds,Horse_Billboard.dds,0,46,4,
2213,TreeHuggers.dds,TreeHuggers.dds,0,46,4,
2214,WSerpents.dds,WSerpents.dds,0,46,4,
2215,NHighlanders.dds,NHighlanders.dds,0,46,4,
2216,PurpleCourage.dds,PurpleCourage.dds,0,46,4,
2217,RedDragons.dds,RedDragons.dds,0,46,4,
2218,headless_arms01.dds,headless_arms01.dds,0,53,4,
2219,cthArms01_M1.dds,cthArms01_M1.dds,0,46,5,
2220,cthArms01_M2.dds,cthArms01_M2.dds,0,46,5,
2221,cthArms01_M3.dds,cthArms01_M3.dds,0,46,5,
2222,cthBody01_M1_F.dds,cthBody01_M1_F.dds,0,46,5,
2223,cthBody01_M1_M.dds,cthBody01_M1_M.dds,0,46,5,
2224,cthBody01_M2_F.dds,cthBody01_M2_F.dds,0,46,5,
2225,cthBody01_M2_M.dds,cthBody01_M2_M.dds,0,46,5,
2226,cthBody01_M3_F.dds,cthBody01_M3_F.dds,0,46,5,
2227,cthBody01_M3_M.dds,cthBody01_M3_M.dds,0,46,5,
2228,cthBoots01_M1.dds,cthBoots01_M1.dds,0,46,5,
2229,cthBoots01_M2.dds,cthBoots01_M2.dds,0,46,5,
2230,cthBoots01_M3.dds,cthBoots01_M3.dds,0,46,5,
2231,cthGloves01_M1.dds,cthGloves01_M1.dds,0,46,5,
2232,cthGloves01_M2.dds,cthGloves01_M2.dds,0,46,5,
2233,cthLegs01_M1.dds,cthLegs01_M1.dds,0,46,5,
2234,cthLegs01_M2.dds,cthLegs01_M2.dds,0,46,5,
2235,cthLegs01_M3.dds,cthLegs01_M3.dds,0,46,5,
2236,Horse_Medium_Pink.dds,Horse_Medium_Pink.dds,0,52,4,
2237,Armor_Mount_PlainSaddle.dds,Armor_Mount_PlainSaddle.dds,0,46,4,
2238,Horse_Spotted.dds,Horse_Spotted.dds,0,47,4,
2239,Horse_Medium_palamino.dds,Horse_Medium_palamino.dds,0,47,4,
2240,Horse_Medium_Gray.dds,Horse_Medium_Gray.dds,0,47,4,
2241,empty, , , , ,
2242,Horse_Medium_Choclate.dds,Horse_Medium_Choclate.dds,0,47,4,
2243,Horse_Heavy_Clydesdale.dds,Horse_Heavy_Clydesdale.dds,0,47,4,
2244,Horse_Medium_Rainbow.dds,Horse_Medium_Rainbow.dds,0,47,4,
2245,empty, , , , ,
2246,Horse_nightmare.dds,Horse_nightmare.dds,0,48,4,
2247,Mount_Armor_HibHeroic.dds,Mount_Armor_HibHeroic.dds,0,48,4,
2248,Horse_Medium_ShireDappled.dds,Horse_Medium_ShireDappled.dds,0,48,4,
2249,Horse_Medium_RedDun.dds,Horse_Medium_RedDun.dds,0,48,4,
2250,Horse_Medium_Appaloosa.dds,Horse_Medium_Appaloosa.dds,0,48,4,
2251,Horse_Medium_DappledGrey.dds,Horse_Medium_DappledGrey.dds,0,48,4,
2252,Horse_Medium_PrimativeDun.dds,Horse_Medium_PrimativeDun.dds,0,48,4,
2253,Horse_Medium_Lepoard.dds,Horse_Medium_Lepoard.dds,0,48,4,
2254,Empty,,0,,,
2255,Horse_Medium_StrawberryRoan.dds,Horse_Medium_StrawberryRoan.dds,0,48,4,
2256,Horse_Epic_Earth.dds,Horse_Epic_Earth.dds,0,48,4,
2257,Horse_Epic_Storm.dds,Horse_Epic_Storm.dds,0,48,4,
2258,Horse_Epic_Frost.dds,Horse_Epic_Frost.dds,0,48,4,
2259,Horse_Epic_Flame.dds,Horse_Epic_Flame.dds,0,48,4,
2260,Mount_Armor_HibSinister.dds,Mount_Armor_HibSinister.dds,0,48,4,
2261,Mount_armor_HibMagical.dds,Mount_armor_HibMagical.dds,0,48,4,
2262,Mount_Armor_HibPreorder.dds,Mount_Armor_HibPreorder.dds,0,48,4,
2263,Mount_Armor_HibSaddle.dds,Mount_Armor_HibSaddle.dds,0,48,4,
2264,Mount_Armor_MidHeroic.dds,Mount_Armor_MidHeroic.dds,0,48,4,
2265,Mount_Armor_MidSinister.dds,Mount_Armor_MidSinister.dds,0,48,4,
2266,Mount_Armor_MidMagical.dds ,Mount_Armor_MidMagical.dds,0,48,4,
2267,Mount_Armor_MidPreorder.dds,Mount_Armor_MidPreorder.dds,0,48,4,
2268,Mount_Armor_MidSaddle.dds,Mount_Armor_MidSaddle.dds,0,48,4,
2269,Mount_Armor_AlbPreorder.dds,Mount_Armor_AlbPreorder.dds,0,48,4,
2270,Mount_Armor_AlbMagical.dds,Mount_Armor_AlbMagical.dds,0,48,4,
2271,Mount_Armor_AlbHeroic.dds,Mount_Armor_AlbHeroic.dds,0,48,4,
2272,Mount_Armor_AlbSinister.dds,Mount_Armor_AlbSinister.dds,0,48,4,
2273,Armor_Mount_PlainSaddle.dds,Armor_Mount_PlainSaddle.dds,0,48,4,
2274,Constaintine_Body.dds,Constaintine_Body.dds,0,50,5,
2275,Constaintine_Boots.dds,Constaintine_Boots.dds,0,50,5,
2276,Constaintine_Cloak.dds,Constaintine_Cloak.dds,0,50,5,
2277,Constaintine_Gloves.dds,Constaintine_Gloves.dds,0,50,5,
2278,Constaintine_Head.dds,Constaintine_Head.dds,0,50,5,
2279,Constaintine_Helmet.dds,Constaintine_Helmet.dds,0,50,5,
2280,Constaintine_ShoulderPads.dds,Constaintine_ShoulderPads.dds,0,50,5,
2281,KingViking_Arms.dds,KingViking_Arms.dds,0,50,5,
2282,KingViking_Body.dds,KingViking_Body.dds,0,50,5,
2283,KingViking_Head.dds,KingViking_Head.dds,0,50,5,
2284,KingViking_Helmet.dds,KingViking_Helmet.dds,0,50,5,
2285,KingViking_Legs.dds,KingViking_Legs.dds,0,50,5,
2286,KingViking_ShoulderArmour.dds,KingViking_ShoulderArmour.dds,0,50,5,
2287,New Albion Sorcerer Epic Boot,Sorcerer_boot.dds,0,49,4,
2288,New Albion Sorcerer Epic Gloves,Sorcerer_glove.dds,0,49,4,
2289,empty,,,,,
2290,KingLug_boots.dds,KingLug_boots.dds,0,50,5,
2291,KingLug_head.dds,KingLug_head.dds,0,50,5,
2292,KingLug_helmet.dds,KingLug_helmet.dds,0,50,5,
2293,KingLug_shoulderpiece.dds,KingLug_shoulderpiece.dds,0,50,5,
2294,KingLug_arms.dds,KingLug_arms.dds,0,50,5,
2295,KingLug_body.dds,KingLug_body.dds,0,50,5,
2296,Horse_undead.dds,Horse_undead.dds,0,47,4,
2297,New Albion Epic Sorcerer Robe - F,robBody01_Epic_Sorcerer_f.dds,0,49,4,
2298,New Albion Epic Sorcerer Robe - M,robBody01_Epic_Sorcerer_m.dds,0,49,4,
2299,New Midgard Thane Epic Gloves,chnGloves01_Epic_Thane.dds,0,49,4,
2300,New Midgard Bezerker Epic Arms,cthArms01_Epic_Bezerker.dds,0,49,4,
2301,New Hibernian Blademaster Epic Arms,cthArms01_Epic_Blademaster.dds,0,49,4,
2302,New Midgard Hunter Epic Arms,cthArms01_Epic_Hunter.dds,0,49,4,
2303,New Albion Minstrel Epic Arms,cthArms01_Epic_Minstrel.dds,0,49,4,
2304,New Midgard Thane Epic Arms,cthArms01_Epic_Thane.dds,0,49,4,
2305,New Midgard Bezerker Epic Legs,cthLegs01_Epic_Bezerker.dds,0,49,4,
2306,New Hibernian Blademaster Epic Legs,cthLegs01_Epic_Blademaster.dds,0,49,4,
2307,New Midgard Hunter Epic Legs,cthLegs01_Epic_Hunter.dds,0,49,4,
2308,New Albion Minstrel Epic Legs,cthLegs01_Epic_Minstrel.dds,0,49,4,
2309,New Midgard Thane Epic Legs,cthLegs01_Epic_Thane.dds,0,49,4,
2310,New Midgard Bezerker Epic Vest - F,leaBody05_Epic_Bezerker_f.dds,0,49,4,
2311,New Midgard Bezerker Epic Vest - M,leaBody05_Epic_Bezerker_m.dds,0,49,4,
2312,New Midgard Hunter Epic Vest - F,leaBody05_Epic_Hunter_f.dds,0,49,4,
2313,New Midgard Hunter Epic Vest - M,leaBody05_Epic_Hunter_m.dds,0,49,4,
2314,New Midgard Bezerker Epic Boots,leaBoots01_Epic_Bezerker.dds,0,49,4,
2315,New Hibernian Blademaster Epic Boots,leaBoots01_Epic_Blademaster.dds,0,49,4,
2316,New Midgard Hunter Epic Boots,leaBoots01_Epic_Hunter.dds,0,49,4,
2317,New Midgard Bezerker Epic Gloves,leaGloves01_Epic_Bezerker.dds,0,49,4,
2318,New Hibernian Blademaster Epic Gloves,leaGloves01_Epic_Blademaster.dds,0,49,4,
2319,New Midgard Hunter Epic Gloves,leaGloves01_Epic_Hunter.dds,0,49,4,
2320,New Albion Minstrel Epic Vest - F,pltBody01_Epic_minstrel_f.dds,0,49,4,
2321,New Albion Minstrel Epic Vest - M,pltBody01_Epic_Minstrel_m.dds,0,49,4,
2322,New Albion Minstrel Epic Boots,pltBoots01_Epic_Minstrel.dds,0,49,4,
2323,New Albion Minstrel Epic Gloves,pltGloves01_Epic_Minstrel.dds,0,49,4,
2324,New Hibernian Blademaster Epic Vest - F,renBody03_Epic_Blademaster_f.dds,0,49,4,
2325,New Hibernian Blademaster Epic Vest - M,renBody03_Epic_Blademaster_m.dds,0,49,4,
2326,New Midgard Thane Epic Vest - F,chnBody04_Epic_Thane_f.dds,0,49,4,
2327,New Midgard Thane Epic Vest - M,chnBody04_Epic_Thane_m.dds,0,49,4,
2328,New Midgard Thane Epic Boots,chnBoots01_Epic_Thane.dds,0,49,4,
2329,Albion_skeleton_head01.dds,Albion_skeleton_head01.dds,0,51,4,
2330,body01_Albion_skeleton.dds,body01_Albion_skeleton.dds,0,51,4,
2331,boots01_Albion_skeleton.dds,boots01_Albion_skeleton.dds,0,51,4,
2332,gloves01_Albion_skeleton.dds,gloves01_Albion_skeleton.dds,0,51,4,
2333,Body01_Starter_skeleton.dds,Body01_Starter_skeleton.dds,0,51,4,
2334,Headless_Head01.dds,Headless_Head01.dds,0,53,4,
2335,cthArms01_SS_Min_A.dds,cthArms01_SS_Min_A.dds,0,56,4,
2336,cthArms01_SS_Min_H.dds,cthArms01_SS_Min_H.dds,0,56,4,
2337,cthArms01_SS_Min_M.dds,cthArms01_SS_Min_M.dds,0,56,4,
2338,cthBody01_SS_Min_A.dds,cthBody01_SS_Min_A.dds,0,56,4,
2339,cthBody01_SS_Min_H.dds,cthBody01_SS_Min_H.dds,0,56,4,
2340,cthBody01_SS_Min_M.dds,cthBody01_SS_Min_M.dds,0,56,4,
2341,cthBoots01_SS_Min_A.dds,cthBoots01_SS_Min_A.dds,0,56,4,
2342,cthBoots01_SS_Min_H.dds,cthBoots01_SS_Min_H.dds,0,56,4,
2343,cthBoots01_SS_Min_M.dds,cthBoots01_SS_Min_M.dds,0,56,4,
2344,cthGloves01_SS_Min_A.dds,cthGloves01_SS_Min_A.dds,0,56,4,
2345,cthGloves01_SS_Min_H.dds,cthGloves01_SS_Min_H.dds,0,56,4,
2346,cthGloves01_SS_Min_M.dds,cthGloves01_SS_Min_M.dds,0,56,4,
2347,cthLegs01_SS_Min_A.dds,cthLegs01_SS_Min_A.dds,0,56,4,
2348,cthLegs01_SS_Min_H.dds,cthLegs01_SS_Min_H.dds,0,56,4,
2349,cthLegs01_SS_Min_M.dds,cthLegs01_SS_Min_M.dds,0,56,4,
2350,Catatoa_shade_hair.dds,Catatoa_shade_hair.dds,0,53,4,
2351,Catatoa_stone_hair1.dds,Catatoa_stone_hair1.dds,0,53,4,
2352,Corrupt_legs_02.dds,Corrupt_legs_02.dds,0,55,6,
2353,Corrupt_legs_03.dds,Corrupt_legs_03.dds,0,55,6,
2354,Corrupt_arms_01.dds,Corrupt_arms_01.dds,0,55,6,
2355,Corrupt_arms_02.dds,Corrupt_arms_02.dds,0,55,6,
2356,Corrupt_arms_03.dds,Corrupt_arms_03.dds,0,55,6,
2357,Corrupt_head_01.dds,Corrupt_head_01.dds,0,55,6,
2358,Corrupt_head_02.dds,Corrupt_head_02.dds,0,55,6,
2359,Corrupt_head_03.dds,Corrupt_head_03.dds,0,55,6,
2360,Corrupt_legs_01.dds,Corrupt_legs_01.dds,0,55,6,
2361,CataKilt_shade_high.dds,CataKilt_shade_high.dds,0,53,4,
2362,mino_skeleton_head.dds,mino_skeleton_head.dds,0,55,6,
2363,mino_skeleton_legs.dds,mino_skeleton_legs.dds,0,55,6,
2364,mino_skeleton_arms.dds,mino_skeleton_arms.dds,0,55,6,
2365,MinoA_m_Head01.dds,MinoA_m_Head01.dds,,54,4,
2366,MinoA_m_Head02.dds,MinoA_m_Head02.dds,,54,4,
2367,MinoA_m_Head03.dds,MinoA_m_Head03.dds,,54,4,
2368,MinoA_m_Head04.dds,MinoA_m_Head04.dds,,54,4,
2369,MinoA_m_Head05.dds,MinoA_m_Head05.dds,,54,4,
2370,MinoA_m_Head06.dds,MinoA_m_Head06.dds,,54,4,
2371,cthBody01_SS_Min_A.dds,cthBody01_SS_Min_A.dds,,56,4,
2372,cthBody01_SS_Min_H.dds,cthBody01_SS_Min_H.dds,,56,4,
2373,cthBody01_SS_Min_M.dds,cthBody01_SS_Min_M.dds,,56,4,
2374,cthBoots01_SS_Min_A.dds,cthBoots01_SS_Min_A.dds,,56,4,
2375,cthBoots01_SS_Min_H.dds,cthBoots01_SS_Min_H.dds,,56,4,
2376,cthBoots01_SS_Min_M.dds,cthBoots01_SS_Min_M.dds,,56,4,
2377,cthGloves01_SS_Min_A.dds,cthGloves01_SS_Min_A.dds,,56,4,
2378,cthGloves01_SS_Min_H.dds,cthGloves01_SS_Min_H.dds,,56,4,
2379,MinoM_m_Head01.dds,MinoM_m_Head01.dds,,54,4,
2380,MinoM_m_Head02.dds,MinoM_m_Head02.dds,,54,4,
2381,MinoM_m_Head03.dds,MinoM_m_Head03.dds,,54,4,
2382,MinoM_m_Head04.dds,MinoM_m_Head04.dds,,54,4,
2383,MinoM_m_Head05.dds,MinoM_m_Head05.dds,,54,4,
2384,MinoM_m_Head06.dds,MinoM_m_Head06.dds,,54,4,
2385,MinoH_m_Head01.dds,MinoH_m_Head01.dds,,54,4,
2386,MinoH_m_Head02.dds,MinoH_m_Head02.dds,,54,4,
2387,MinoH_m_Head03.dds,MinoH_m_Head03.dds,,54,4,
2388,MinoH_m_Head04.dds,MinoH_m_Head04.dds,,54,4,
2389,MinoH_m_Head05.dds,MinoH_m_Head05.dds,,54,4,
2390,MinoH_m_Head06.dds,MinoH_m_Head06.dds,,54,4,
2391,MinoM_m_Head07.dds,MinoM_m_Head07.dds,,54,4,
2392,MinoA_m_Head07.dds,MinoA_m_Head07.dds,,54,4,
2393,MinoH_m_Head07.dds,MinoH_m_Head07.dds,,54,4,
2394,MinA_m_hair01.dds,MinA_m_hair01.dds,,56,4,
2395,MinA_m_hair02.dds,MinA_m_hair02.dds,,56,4,
2396,MinA_m_hair03.dds,MinA_m_hair03.dds,,56,4,
2397,MinA_m_hair04.dds,MinA_m_hair04.dds,,56,4,
2398,MinM_m_hair01.dds,MinM_m_hair01.dds,,56,4,
2399,MinM_m_hair02.dds,MinM_m_hair02.dds,,56,4,
2400,MinM_m_hair03.dds,MinM_m_hair03.dds,,56,4,
2401,MinM_m_hair04.dds,MinM_m_hair04.dds,,56,4,
2402,MinH_m_hair01.dds,MinH_m_hair01.dds,,56,4,
2403,MinH_m_hair02.dds,MinH_m_hair02.dds,,56,4,
2404,MinH_m_hair03.dds,MinH_m_hair03.dds,,56,4,
2405,MinH_m_hair04.dds,MinH_m_hair04.dds,,56,4,
2406,Mino_M_mummyHead01.dds,Mino_M_mummyHead01.dds,,53,4,
2407,Mino_M_ShadeHead01.dds,Mino_M_ShadeHead01.dds,,53,4,
2408,MinoA_M_mummyhair01.dds,MinoA_M_mummyhair01.dds,,53,4,
2409,MinoH_M_mummyhair01.dds,MinoH_M_mummyhair01.dds,,53,4,
2410,MinoM_M_mummyhair01.dds,MinoM_M_mummyhair01.dds,,53,4,
2411,Sea_Horse.dds,Sea_Horse.dds,,52,4,
2412,Arboreal_Horse.dds,Arboreal_Horse.dds,,52,4,
2413,Horse_Clockwork.dds,Horse_Clockwork.dds,,52,4,
2414,Horse_Gemstone.dds,Horse_Gemstone.dds,,52,4,
2415,Hib Mauler Epic Gloves,Lab_Epic_Hib_Mauler_Lea1_gloves.dds,,57,4, 
2416,Hib Mauler Epic Legs,Lab_Epic_Hib_Mauler_Lea1_legs.dds,,57,4, 
2417,Hib Mauler Epic Arms,Lab_Epic_Hib_Mauler_Lea1_arms.dds,,57,4, 
2418,Hib Mauler Epic Body Female,Lab_Epic_Hib_Mauler_Lea1_body1f.dds,,57,4, 
2419,Hib Mauler Epic Body Male,Lab_Epic_Hib_Mauler_Lea1_body1m.dds,,57,4, 
2420,Hib Mauler Epic Boots,Lab_Epic_Hib_Mauler_Lea1_boots.dds,,57,4, 
2421,Mid Mauler Epic Arms,Lab_Epic_Mid_Mauler_Lea1_Arms.dds,,57,4,
2422,Mid Mauler Epic Body Female,Lab_Epic_Mid_Mauler_Lea1_body1f.dds,,57,4,
2423,Mid Mauler Epic Body Male,Lab_Epic_Mid_Mauler_Lea1_body1m.dds,,57,4,
2424,Mid Mauler Epic Body Boots,Lab_Epic_Mid_Mauler_Lea1_boots.dds,,57,4,
2425,Mid Mauler Epic Gloves,Lab_Epic_Mid_Mauler_Lea1_gloves.dds,,57,4,
2426,Mid Mauler Epic Legs,Lab_Epic_Mid_Mauler_Lea1_legs.dds,,57,4,
2427,Corrupt Chain Female Body,lab_corruptmino_chn1_body1f.dds,,58,4,
2428,Corrupt Chain Male Body,lab_corruptmino_chn1_body1m.dds,,58,4,
2429,Corrupt Chain Boots,lab_corruptmino_chn1_boot1.dds,,58,4,
2430,Corrupt Chain Gloves,lab_corruptmino_chn1_glove1.dds,,58,4,
2431,Corrupt Chain Legs,lab_corruptmino_chn1_leg1.dds,,58,4,
2432,Corrupt Chain Arms,lab_corruptmino_chn1_arm1.dds,,58,4,
2433,Corrupt Leather Arms,lab_corruptmino_lea1_arm1.dds,,58,4,
2434,Corrupt Leather Female Body,lab_corruptmino_lea1_body1f.dds,,58,4,
2435,Corrupt Leather Male Body,lab_corruptmino_lea1_body1m.dds,,58,4,
2436,Corrupt Leather Boots,lab_corruptmino_lea1_boot1.dds,,58,4,
2437,Corrupt Leather Gloves,lab_corruptmino_lea1_glove1.dds,,58,4,
2438,Corrupt Leather Legs,lab_corruptmino_lea1_leg1.dds,,58,4,
2439,Corrupt Plate Arms,lab_corruptmino_plt1_arm1.dds,,58,4,
2440,Corrupt Plate Female Body,lab_corruptmino_plt1_body1f.dds,,58,4,
2441,Corrupt Plate Male Body,lab_corruptmino_plt1_body1m.dds,,58,4,
2442,Corrupt Plate Boots,lab_corruptmino_plt1_boot1.dds,,58,4,
2443,Corrupt Plate Gloves,lab_corruptmino_plt1_glove1.dds,,58,4,
2444,Corrupt Plate Legs,lab_corruptmino_plt1_leg1.dds,,58,4,
2445,Corrupt Robe Female,lab_corruptmino_rob1_body1f.dds,,58,4,
2446,Corrupt Robe Male,lab_corruptmino_rob1_body1m.dds,,58,4,
2447,Corrupt Scale Female Body,lab_corruptmino_scl1_body1f.dds,,58,4,
2448,Corrupt Scale Male Body,lab_corruptmino_scl1_body1m.dds,,58,4,
2449,Corrupt Scale Boots,lab_corruptmino_scl1_boot1.dds,,58,4,
2450,Corrupt Scale Gloves,lab_corruptmino_scl1_glove1.dds,,58,4,
2451,Corrupt Scale Legs,lab_corruptmino_scl1_leg1.dds,,58,4,
2452,Corrupt Scale Arms,lab_corruptmino_scl1_arm1.dds,,58,4,
2453,Corrupt Studded Arms,lab_corruptmino_std1_arm1.dds,,58,4,
2454,Corrupt Studded Female Body,lab_corruptmino_std1_body1f.dds,,58,4,
2455,Corrupt Studded Male Body,lab_corruptmino_std1_body1m.dds,,58,4,
2456,Corrupt Studded Boots,lab_corruptmino_std1_boot1.dds,,58,4,
2457,Corrupt Studded Gloves,lab_corruptmino_std1_glove1.dds,,58,4,
2458,Corrupt Studded Legs,lab_corruptmino_std1_leg1.dds,,58,4,
2459,Mino Plate Female Body,lab_mino_plt1_body1f.dds,,58,4,
2460,Mino Plate Male Body,lab_mino_plt1_body1m.dds,,58,4,
2461,Mino Plate Boots,lab_mino_plt1_boot1.dds,,58,4,
2462,Mino Plate Gloves,lab_mino_plt1_glove1.dds,,58,4,
2463,Mino Plate Legs,lab_mino_plt1_leg1.dds,,58,4,
2464,Mino Plate Arms,lab_mino_plt1_arm1.dds,,58,4,
2465,Mino Robe Female,lab_mino_rob1_body1f.dds,,58,4,
2466,Mino Robe Male,lab_mino_rob1_body1m.dds,,58,4,
2467,Mino Scale Arms,lab_mino_scl1_arm1.dds,,58,4,
2468,Mino Scale Female Body,lab_mino_scl1_body1f.dds,,58,4,
2469,Mino Scale Male Body,lab_mino_scl1_body1m.dds,,58,4,
2470,Mino Scale Boots,lab_mino_scl1_boot1.dds,,58,4,
2471,Mino Scale Gloves,lab_mino_scl1_glove1.dds,,58,4,
2472,Mino Scale Legs,lab_mino_scl1_leg1.dds,,58,4,
2473,Mino Studded Arms,lab_mino_std1_arm1.dds,,58,4,
2474,Mino Studded Female Body,lab_mino_std1_body1f.dds,,58,4,
2475,Mino Studded Male Body,lab_mino_std1_body1m.dds,,58,4,
2476,Mino Studded Boots,lab_mino_std1_boot1.dds,,58,4,
2477,Mino Studded Gloves,lab_mino_std1_glove1.dds,,58,4,
2478,Mino Studded Legs,lab_mino_std1_leg1.dds,,58,4,
2479,Mino Chain Arms,lab_mino_chn1_arm1.dds,,58,4,
2480,Mino Chain Female Body,lab_mino_chn1_body1f.dds,,58,4,
2481,Mino Chain Male Body,lab_mino_chn1_body1m.dds,,58,4,
2482,Mino Chain Boots,lab_mino_chn1_boot1.dds,,58,4,
2483,Mino Chain Gloves,lab_mino_chn1_glove1.dds,,58,4,
2484,Mino Chain Legs,lab_mino_chn1_leg1.dds,,58,4,
2485,Mino Leather Arms,lab_mino_lea1_arm1.dds,,58,4,
2486,Mino Leather Body Female,lab_mino_lea1_body1f.dds,,58,4,
2487,Mino Leather Body Male,lab_mino_lea1_body1m.dds,,58,4,
2488,Mino Leather Boots,lab_mino_lea1_boot1.dds,,58,4,
2489,Mino Leather Gloves,lab_mino_lea1_glove1.dds,,58,4,
2490,Mino Leather Legs,lab_mino_lea1_leg1.dds,,58,4,
2491,Mid Mauler Epic Body Male,Lab_Epic_Alb_Mauler_Lea1_body1m.dds,,57,4,
2492,Mid Mauler Epic Body Boots,Lab_Epic_Alb_Mauler_Lea1_boots.dds,,57,4,
2493,Mid Mauler Epic Gloves,Lab_Epic_Alb_Mauler_Lea1_gloves.dds,,57,4,
2494,Mid Mauler Epic Legs,Lab_Epic_Alb_Mauler_Lea1_legs.dds,,57,4,
2495,Mid Mauler Epic Arms,Lab_Epic_Alb_Mauler_Lea1_arms.dds,,57,4,
2496,Mid Mauler Epic Body Female,Lab_Epic_Alb_Mauler_Lea1_body1f.dds,,57,4,
2497,Mino Cloth Arms,lab_mino_cth1_arm1.dds,,58,4,
2498,Mino Cloth Legs,lab_mino_cth1_leg1.dds,,58,4,
2499,Mino Cloth Gloves,lab_mino_cth1_glove1.dds,,58,4,
2500,Mino Cloth Boots,lab_mino_cth1_boot1.dds,,58,4,
2501,Corrupt Cloth Mino Boots,lab_corruptmino_cth1_boot1.dds,,58,4,
2502,Corrupt Cloth Mino Arms,lab_corruptmino_cth1_arm1.dds,,58,4,
2503,Corrupt Cloth Mino Legs,lab_corruptmino_cth1_leg1.dds,,58,4,
2504,Corrupt Cloth Mino Gloves,lab_corruptmino_cth1_glove1.dds,,58,4,
2505,Corrupt Mino Cloth Body Female,lab_corruptmino_cth1_body1f.dds,,58,4,
2506,Corrupt Mino Cloth Body Male,lab_corruptmino_cth1_body1m.dds,,58,4,
2507,Mino Cloth Body Female,lab_mino_cth1_body1f.dds,,58,4,
2508,Mino Cloth Body Male,lab_mino_cth1_body1m.dds,,58,4,
2509,bainshee_startvest01.dds,bainshee_startvest01.dds,,51,4,
2510,werewolf_drakulv,werewolf_drakulv.dds,,59,4,
2511,werewolf_brown,werewolf_brown.dds,,59,4,
2512,ADR_werewolf_startskin.dds,ADR_werewolf_startskin.dds,,59,4,
2513,ADR_DragonSworn_cth01_body01m.dds,ADR_DragonSworn_cth01_body01m.dds,,60,4,
2514,ADR_DragonSworn_cth01_boots01.dds,ADR_DragonSworn_cth01_boots01.dds,,60,4,
2515,ADR_DragonSworn_cth01_gloves01.dds,ADR_DragonSworn_cth01_gloves01.dds,,60,4,
2516,ADR_DragonSworn_cth01_legs01.dds,ADR_DragonSworn_cth01_legs01.dds,,60,4,
2517,ADR_DragonSworn_cth01_arms01.dds,ADR_DragonSworn_cth01_arms01.dds,,60,4,
2518,ADR_DragonSworn_cth01_body01f.dds,ADR_DragonSworn_cth01_body01f.dds,,60,4,
2519,ADR_DragonSworn_lea01_arms01.dds,ADR_DragonSworn_lea01_arms01.dds,,60,4,
2520,ADR_DragonSworn_lea01_body01f.dds,ADR_DragonSworn_lea01_body01f.dds,,60,4,
2521,ADR_DragonSworn_lea01_body01m.dds,ADR_DragonSworn_lea01_body01m.dds,,60,4,
2522,ADR_DragonSworn_lea01_boots01.dds,ADR_DragonSworn_lea01_boots01.dds,,60,4,
2523,ADR_DragonSworn_lea01_gloves01.dds,ADR_DragonSworn_lea01_gloves01.dds,,60,4,
2524,ADR_DragonSworn_lea01_legs01.dds,ADR_DragonSworn_lea01_legs01.dds,,60,4,
2525,ADR_DragonSworn_std01_arms01.dds,ADR_DragonSworn_std01_arms01.dds,,60,4,
2526,ADR_DragonSworn_std01_body01f.dds,ADR_DragonSworn_std01_body01f.dds,,60,4,
2527,ADR_DragonSworn_std01_body01m.dds,ADR_DragonSworn_std01_body01m.dds,,60,4,
2528,ADR_DragonSworn_std01_boots01.dds,ADR_DragonSworn_std01_boots01.dds,,60,4,
2529,ADR_DragonSworn_std01_gloves01.dds,ADR_DragonSworn_std01_gloves01.dds,,60,4,
2530,ADR_DragonSworn_std01_legs01.dds,ADR_DragonSworn_std01_legs01.dds,,60,4,
2531,ADR_DragonSworn_scl01_arms1.dds,ADR_DragonSworn_scl01_arms1.dds,,60,4,
2532,ADR_DragonSworn_scl01_body1f.dds,ADR_DragonSworn_scl01_body1f.dds,,60,4,
2533,ADR_DragonSworn_scl01_body1m.dds,ADR_DragonSworn_scl01_body1m.dds,,60,4,
2534,ADR_DragonSworn_scl01_boots1.dds,ADR_DragonSworn_scl01_boots1.dds,,60,4,
2535,ADR_DragonSworn_scl01_gloves1.dds,ADR_DragonSworn_scl01_gloves1.dds,,60,4,
2536,ADR_DragonSworn_scl01_legs1.dds,ADR_DragonSworn_scl01_legs1.dds,,60,4,
2537,ADR_DragonSworn_chn01_arms01.dds,ADR_DragonSworn_chn01_arms01.dds,,60,4,
2538,ADR_DragonSworn_chn01_body01f.dds,ADR_DragonSworn_chn01_body01f.dds,,60,4,
2539,ADR_DragonSworn_chn01_body01m.dds,ADR_DragonSworn_chn01_body01m.dds,,60,4,
2540,ADR_DragonSworn_chn01_boots01.dds,ADR_DragonSworn_chn01_boots01.dds,,60,4,
2541,ADR_DragonSworn_chn01_gloves01.dds,ADR_DragonSworn_chn01_gloves01.dds,,60,4,
2542,ADR_DragonSworn_chn01_legs01.dds,ADR_DragonSworn_chn01_legs01.dds,,60,4,
2543,ADR_DragonSworn_plt01_arms01.dds,ADR_DragonSworn_plt01_arms01.dds,,60,4,
2544,ADR_DragonSworn_plt01_body01f.dds,ADR_DragonSworn_plt01_body01f.dds,,60,4,
2545,ADR_DragonSworn_plt01_body01m.dds,ADR_DragonSworn_plt01_body01m.dds,,60,4,
2546,ADR_DragonSworn_plt01_boots01.dds,ADR_DragonSworn_plt01_boots01.dds,,60,4,
2547,ADR_DragonSworn_plt01_gloves01.dds,ADR_DragonSworn_plt01_gloves01.dds,,60,4,
2548,ADR_DragonSworn_plt01_legs01.dds,ADR_DragonSworn_plt01_legs01.dds,,60,4,
2549,ADR_DragonSworn_rob01_body01f.dds,ADR_DragonSworn_rob01_body01f.dds,,60,4,
2550,ADR_DragonSworn_rob01_body01m.dds,ADR_DragonSworn_rob01_body01m.dds,,60,4,
2551,werewolf_white.dds,werewolf_white.dds,,59,4,
2552,ADR_DragonSlayer_Albion_plt01_body01f.dds,ADR_DragonSlayer_Albion_plt01_body01f.dds,,61,4,
2553,ADR_DragonSlayer_Albion_plt01_body01m.dds,ADR_DragonSlayer_Albion_plt01_body01m.dds,,61,4,
2554,ADR_DragonSlayer_Albion_plt01_boots01.dds,ADR_DragonSlayer_Albion_plt01_boots01.dds,,61,4,
2555,ADR_DragonSlayer_Albion_plt01_gloves01.dds,ADR_DragonSlayer_Albion_plt01_gloves01.dds,,61,4,
2556,ADR_DragonSlayer_Albion_plt01_arms01.dds,ADR_DragonSlayer_Albion_plt01_arms01.dds,,61,4,
2557,ADR_DragonSlayer_Albion_plt01_legs01.dds,ADR_DragonSlayer_Albion_plt01_legs01.dds,,61,4,
2558,ADR_DragonSlayer_Albion_std01_body01f.dds,ADR_DragonSlayer_Albion_std01_body01f.dds,,61,4,
2559,ADR_DragonSlayer_Albion_std01_body01m.dds,ADR_DragonSlayer_Albion_std01_body01m.dds,,61,4,
2560,ADR_DragonSlayer_Albion_std01_boots01.dds,ADR_DragonSlayer_Albion_std01_boots01.dds,,61,4,
2561,ADR_DragonSlayer_Albion_std01_gloves01.dds,ADR_DragonSlayer_Albion_std01_gloves01.dds,,61,4,
2562,ADR_DragonSlayer_Albion_std01_arms01.dds,ADR_DragonSlayer_Albion_std01_arms01.dds,,61,4,
2563,ADR_DragonSlayer_Albion_std01_legs01.dds,ADR_DragonSlayer_Albion_std01_legs01.dds,,61,4,
2564,ADR_DragonSlayer_Albion_scl01_body01f.dds,ADR_DragonSlayer_Albion_scl01_body01f.dds,,61,4,
2565,ADR_DragonSlayer_Albion_scl01_body01m.dds,ADR_DragonSlayer_Albion_scl01_body01m.dds,,61,4,
2566,ADR_DragonSlayer_Albion_scl01_boots01.dds,ADR_DragonSlayer_Albion_scl01_boots01.dds,,61,4,
2567,ADR_DragonSlayer_Albion_scl01_gloves01.dds,ADR_DragonSlayer_Albion_scl01_gloves01.dds,,61,4,
2568,ADR_DragonSlayer_Albion_scl01_arms01.dds,ADR_DragonSlayer_Albion_scl01_arms01.dds,,61,4,
2569,ADR_DragonSlayer_Albion_scl01_legs01.dds,ADR_DragonSlayer_Albion_scl01_legs01.dds,,61,4,
2570,ADR_DragonSlayer_Albion_lea01_body01f.dds,ADR_DragonSlayer_Albion_lea01_body01f.dds,,61,4,
2571,ADR_DragonSlayer_Albion_lea01_body01m.dds,ADR_DragonSlayer_Albion_lea01_body01m.dds,,61,4,
2572,ADR_DragonSlayer_Albion_lea01_boots01.dds,ADR_DragonSlayer_Albion_lea01_boots01.dds,,61,4,
2573,ADR_DragonSlayer_Albion_lea01_gloves01.dds,ADR_DragonSlayer_Albion_lea01_gloves01.dds,,61,4,
2574,ADR_DragonSlayer_Albion_lea01_arms01.dds,ADR_DragonSlayer_Albion_lea01_arms01.dds,,61,4,
2575,ADR_DragonSlayer_Albion_lea01_legs01.dds,ADR_DragonSlayer_Albion_lea01_legs01.dds,,61,4,
2576,ADR_DragonSlayer_Albion_chn01_body01f.dds,ADR_DragonSlayer_Albion_chn01_body01f.dds,,61,4,
2577,ADR_DragonSlayer_Albion_chn01_body01m.dds,ADR_DragonSlayer_Albion_chn01_body01m.dds,,61,4,
2578,ADR_DragonSlayer_Albion_chn01_boots01.dds,ADR_DragonSlayer_Albion_chn01_boots01.dds,,61,4,
2579,ADR_DragonSlayer_Albion_chn01_gloves01.dds,ADR_DragonSlayer_Albion_chn01_gloves01.dds,,61,4,
2580,ADR_DragonSlayer_Albion_chn01_arms01.dds,ADR_DragonSlayer_Albion_chn01_arms01.dds,,61,4,
2581,ADR_DragonSlayer_Albion_chn01_legs01.dds,ADR_DragonSlayer_Albion_chn01_legs01.dds,,61,4,
2582,ADR_DragonSlayer_Albion_rob01_body01f.dds,ADR_DragonSlayer_Albion_rob01_body01f.dds,,61,4,
2583,ADR_DragonSlayer_Albion_rob01_body01m.dds,ADR_DragonSlayer_Albion_rob01_body01m.dds,,61,4,
2584,ADR_DragonSlayer_Albion_rob01_boots01.dds,ADR_DragonSlayer_Albion_rob01_boots01.dds,,61,4,
2585,ADR_DragonSlayer_Albion_rob01_gloves01.dds,ADR_DragonSlayer_Albion_rob01_gloves01.dds,,61,4,
2586,ADR_DragonSlayer_Albion_rob01_arms01.dds,ADR_DragonSlayer_Albion_rob01_arms01.dds,,61,4,
2587,ADR_DragonSlayer_Albion_rob01_legs01.dds,ADR_DragonSlayer_Albion_rob01_legs01.dds,,61,4,
2588,ADR_DragonSlayer_Albion_cth01_body01f.dds,ADR_DragonSlayer_Albion_cth01_body01f.dds,,61,4,
2589,ADR_DragonSlayer_Albion_cth01_body01m.dds,ADR_DragonSlayer_Albion_cth01_body01m.dds,,61,4,
2590,ADR_DragonSlayer_Mid_plt01_body01f.dds,ADR_DragonSlayer_Mid_plt01_body01f.dds,,61,4,
2591,ADR_DragonSlayer_Mid_plt01_body01m.dds,ADR_DragonSlayer_Mid_plt01_body01m.dds,,61,4,
2592,ADR_DragonSlayer_Mid_plt01_boots01.dds,ADR_DragonSlayer_Mid_plt01_boots01.dds,,61,4,
2593,ADR_DragonSlayer_Mid_plt01_gloves01.dds,ADR_DragonSlayer_Mid_plt01_gloves01.dds,,61,4,
2594,ADR_DragonSlayer_Mid_plt01_arms01.dds,ADR_DragonSlayer_Mid_plt01_arms01.dds,,61,4,
2595,ADR_DragonSlayer_Mid_plt01_legs01.dds,ADR_DragonSlayer_Mid_plt01_legs01.dds,,61,4,
2596,ADR_DragonSlayer_Mid_std01_body01f.dds,ADR_DragonSlayer_Mid_std01_body01f.dds,,61,4,
2597,ADR_DragonSlayer_Mid_std01_body01m.dds,ADR_DragonSlayer_Mid_std01_body01m.dds,,61,4,
2598,ADR_DragonSlayer_Mid_std01_boots01.dds,ADR_DragonSlayer_Mid_std01_boots01.dds,,61,4,
2599,ADR_DragonSlayer_Mid_std01_gloves01.dds,ADR_DragonSlayer_Mid_std01_gloves01.dds,,61,4,
2600,ADR_DragonSlayer_Mid_std01_arms01.dds,ADR_DragonSlayer_Mid_std01_arms01.dds,,61,4,
2601,ADR_DragonSlayer_Mid_std01_legs01.dds,ADR_DragonSlayer_Mid_std01_legs01.dds,,61,4,
2602,ADR_DragonSlayer_Mid_scl01_body01f.dds,ADR_DragonSlayer_Mid_scl01_body01f.dds,,61,4,
2603,ADR_DragonSlayer_Mid_scl01_body01m.dds,ADR_DragonSlayer_Mid_scl01_body01m.dds,,61,4,
2604,ADR_DragonSlayer_Mid_scl01_boots01.dds,ADR_DragonSlayer_Mid_scl01_boots01.dds,,61,4,
2605,ADR_DragonSlayer_Mid_scl01_gloves01.dds,ADR_DragonSlayer_Mid_scl01_gloves01.dds,,61,4,
2606,ADR_DragonSlayer_Mid_scl01_arms01.dds,ADR_DragonSlayer_Mid_scl01_arms01.dds,,61,4,
2607,ADR_DragonSlayer_Mid_scl01_legs01.dds,ADR_DragonSlayer_Mid_scl01_legs01.dds,,61,4,
2608,ADR_DragonSlayer_Mid_lea01_body01f.dds,ADR_DragonSlayer_Mid_lea01_body01f.dds,,61,4,
2609,ADR_DragonSlayer_Mid_lea01_body01m.dds,ADR_DragonSlayer_Mid_lea01_body01m.dds,,61,4,
2610,ADR_DragonSlayer_Mid_lea01_boots01.dds,ADR_DragonSlayer_Mid_lea01_boots01.dds,,61,4,
2611,ADR_DragonSlayer_Mid_lea01_gloves01.dds,ADR_DragonSlayer_Mid_lea01_gloves01.dds,,61,4,
2612,ADR_DragonSlayer_Mid_lea01_arms01.dds,ADR_DragonSlayer_Mid_lea01_arms01.dds,,61,4,
2613,ADR_DragonSlayer_Mid_lea01_legs01.dds,ADR_DragonSlayer_Mid_lea01_legs01.dds,,61,4,
2614,ADR_DragonSlayer_Mid_chn01_body01f.dds,ADR_DragonSlayer_Mid_chn01_body01f.dds,,61,4,
2615,ADR_DragonSlayer_Mid_chn01_body01m.dds,ADR_DragonSlayer_Mid_chn01_body01m.dds,,61,4,
2616,ADR_DragonSlayer_Mid_chn01_boots01.dds,ADR_DragonSlayer_Mid_chn01_boots01.dds,,61,4,
2617,ADR_DragonSlayer_Mid_chn01_gloves01.dds,ADR_DragonSlayer_Mid_chn01_gloves01.dds,,61,4,
2618,ADR_DragonSlayer_Mid_chn01_arms01.dds,ADR_DragonSlayer_Mid_chn01_arms01.dds,,61,4,
2619,ADR_DragonSlayer_Mid_chn01_legs01.dds,ADR_DragonSlayer_Mid_chn01_legs01.dds,,61,4,
2620,ADR_DragonSlayer_Mid_rob01_body01f.dds,ADR_DragonSlayer_Mid_rob01_body01f.dds,,61,4,
2621,ADR_DragonSlayer_Mid_rob01_body01m.dds,ADR_DragonSlayer_Mid_rob01_body01m.dds,,61,4,
2622,ADR_DragonSlayer_Mid_rob01_boots01.dds,ADR_DragonSlayer_Mid_rob01_boots01.dds,,61,4,
2623,ADR_DragonSlayer_Mid_rob01_gloves01.dds,ADR_DragonSlayer_Mid_rob01_gloves01.dds,,61,4,
2624,ADR_DragonSlayer_Mid_rob01_arms01.dds,ADR_DragonSlayer_Mid_rob01_arms01.dds,,61,4,
2625,ADR_DragonSlayer_Mid_rob01_legs01.dds,ADR_DragonSlayer_Mid_rob01_legs01.dds,,61,4,
2626,ADR_DragonSlayer_Mid_cth01_body01f.dds,ADR_DragonSlayer_Mid_cth01_body01f.dds,,61,4,
2627,ADR_DragonSlayer_Mid_cth01_body01m.dds,ADR_DragonSlayer_Mid_cth01_body01m.dds,,61,4,
2628,ADR_DragonSlayer_Hib_plt01_body01f.dds,ADR_DragonSlayer_Hib_plt01_body01f.dds,,62,4,
2629,ADR_DragonSlayer_Hib_plt01_body01m.dds,ADR_DragonSlayer_Hib_plt01_body01m.dds,,62,4,
2630,ADR_DragonSlayer_Hib_plt01_boots01.dds,ADR_DragonSlayer_Hib_plt01_boots01.dds,,62,4,
2631,ADR_DragonSlayer_Hib_plt01_gloves01.dds,ADR_DragonSlayer_Hib_plt01_gloves01.dds,,62,4,
2632,ADR_DragonSlayer_Hib_plt01_arms01.dds,ADR_DragonSlayer_Hib_plt01_arms01.dds,,62,4,
2633,ADR_DragonSlayer_Hib_plt01_legs01.dds,ADR_DragonSlayer_Hib_plt01_legs01.dds,,62,4,
2634,ADR_DragonSlayer_Hib_std01_body01f.dds,ADR_DragonSlayer_Hib_std01_body01f.dds,,62,4,
2635,ADR_DragonSlayer_Hib_std01_body01m.dds,ADR_DragonSlayer_Hib_std01_body01m.dds,,62,4,
2636,ADR_DragonSlayer_Hib_std01_boots01.dds,ADR_DragonSlayer_Hib_std01_boots01.dds,,62,4,
2637,ADR_DragonSlayer_Hib_std01_gloves01.dds,ADR_DragonSlayer_Hib_std01_gloves01.dds,,62,4,
2638,ADR_DragonSlayer_Hib_std01_arms01.dds,ADR_DragonSlayer_Hib_std01_arms01.dds,,62,4,
2639,ADR_DragonSlayer_Hib_std01_legs01.dds,ADR_DragonSlayer_Hib_std01_legs01.dds,,62,4,
2640,ADR_DragonSlayer_Hib_scl01_body01f.dds,ADR_DragonSlayer_Hib_scl01_body01f.dds,,62,4,
2641,ADR_DragonSlayer_Hib_scl01_body01m.dds,ADR_DragonSlayer_Hib_scl01_body01m.dds,,62,4,
2642,ADR_DragonSlayer_Hib_scl01_boots01.dds,ADR_DragonSlayer_Hib_scl01_boots01.dds,,62,4,
2643,ADR_DragonSlayer_Hib_scl01_gloves01.dds,ADR_DragonSlayer_Hib_scl01_gloves01.dds,,62,4,
2644,ADR_DragonSlayer_Hib_scl01_arms01.dds,ADR_DragonSlayer_Hib_scl01_arms01.dds,,62,4,
2645,ADR_DragonSlayer_Hib_scl01_legs01.dds,ADR_DragonSlayer_Hib_scl01_legs01.dds,,62,4,
2646,ADR_DragonSlayer_Hib_lea01_body01f.dds,ADR_DragonSlayer_Hib_lea01_body01f.dds,,62,4,
2647,ADR_DragonSlayer_Hib_lea01_body01m.dds,ADR_DragonSlayer_Hib_lea01_body01m.dds,,62,4,
2648,ADR_DragonSlayer_Hib_lea01_boots01.dds,ADR_DragonSlayer_Hib_lea01_boots01.dds,,62,4,
2649,ADR_DragonSlayer_Hib_lea01_gloves01.dds,ADR_DragonSlayer_Hib_lea01_gloves01.dds,,62,4,
2650,ADR_DragonSlayer_Hib_lea01_arms01.dds,ADR_DragonSlayer_Hib_lea01_arms01.dds,,62,4,
2651,ADR_DragonSlayer_Hib_lea01_legs01.dds,ADR_DragonSlayer_Hib_lea01_legs01.dds,,62,4,
2652,ADR_DragonSlayer_Hib_chn01_body01f.dds,ADR_DragonSlayer_Hib_chn01_body01f.dds,,62,4,
2653,ADR_DragonSlayer_Hib_chn01_body01m.dds,ADR_DragonSlayer_Hib_chn01_body01m.dds,,62,4,
2654,ADR_DragonSlayer_Hib_chn01_boots01.dds,ADR_DragonSlayer_Hib_chn01_boots01.dds,,62,4,
2655,ADR_DragonSlayer_Hib_chn01_gloves01.dds,ADR_DragonSlayer_Hib_chn01_gloves01.dds,,62,4,
2656,ADR_DragonSlayer_Hib_chn01_arms01.dds,ADR_DragonSlayer_Hib_chn01_arms01.dds,,62,4,
2657,ADR_DragonSlayer_Hib_chn01_legs01.dds,ADR_DragonSlayer_Hib_chn01_legs01.dds,,62,4,
2658,ADR_DragonSlayer_Hib_rob01_body01f.dds,ADR_DragonSlayer_Hib_rob01_body01f.dds,,62,4,
2659,ADR_DragonSlayer_Hib_rob01_body01m.dds,ADR_DragonSlayer_Hib_rob01_body01m.dds,,62,4,
2660,ADR_DragonSlayer_Hib_rob01_boots01.dds,ADR_DragonSlayer_Hib_rob01_boots01.dds,,62,4,
2661,ADR_DragonSlayer_Hib_rob01_gloves01.dds,ADR_DragonSlayer_Hib_rob01_gloves01.dds,,62,4,
2662,ADR_DragonSlayer_Hib_rob01_arms01.dds,ADR_DragonSlayer_Hib_rob01_arms01.dds,,62,4,
2663,ADR_DragonSlayer_Hib_rob01_legs01.dds,ADR_DragonSlayer_Hib_rob01_legs01.dds,,62,4,
2664,ADR_DragonSlayer_Hib_cth01_body01f.dds,ADR_DragonSlayer_Hib_cth01_body01f.dds,,62,4,
2665,ADR_DragonSlayer_Hib_cth01_body01m.dds,ADR_DragonSlayer_Hib_cth01_body01m.dds,,62,4,
2666,ADR_Dragonsworn_Helm_Chain_Mid.dds,ADR_Dragonsworn_Helm_Chain_Mid.dds,,63,4,
2667,ADR_Dragonsworn_Helm_Cloth_Robe.dds,ADR_Dragonsworn_Helm_Cloth_Robe.dds,,63,4,
2668,ADR_Dragonsworn_Helm_Leather.dds,ADR_Dragonsworn_Helm_Leather.dds,,63,4,
2669,ADR_Dragonsworn_Helm_Plate.dds,ADR_Dragonsworn_Helm_Plate.dds,,63,4,
2670,ADR_Dragonsworn_Helm_Scale.dds,ADR_Dragonsworn_Helm_Scale.dds,,63,4,
2671,ADR_Dragonsworn_Helm_St_Leather.dds,ADR_Dragonsworn_Helm_St_Leather.dds,,63,4,
2672,ADR_Dragonsworn_Helm_Chain_Alb.dds,ADR_Dragonsworn_Helm_Chain_Alb.dds,,63,4,
2673,cthBody01_SS_PIC_F_W.dds,cthBody01_SS_PIC_F_W.dds,0,64,4,
2674,PIC_cthLbody01_kilt01_W.dds,PIC_cthLbody01_kilt01_W.dds,0,64,4,
2675,PIC_f_Head01_W.dds,PIC_f_Head01_W.dds,0,64,4,
2676,cthArms01_ss_PIC_f_W.dds,cthArms01_ss_PIC_f_W.dds,0,64,4,
2677,PIC_f_Head02_W.dds,PIC_f_Head02_W.dds,0,64,4,
2678,PIC_f_Head03_W.dds,PIC_f_Head03_W.dds,0,64,4,
2679,cthBody01_SS_PIC_F_S.dds,cthBody01_SS_PIC_F_S.dds,0,64,4,
2680,PIC_F_cthLbody01_kilt01_S.dds,PIC_F_cthLbody01_kilt01_S.dds,0,64,4,
2681,PIC_f_Head01_S.dds,PIC_f_Head01_S.dds,0,64,4,
2682,PIC_f_Head02_S.dds,PIC_f_Head02_S.dds,0,64,4,
2683,PIC_f_Head03_S.dds,PIC_f_Head03_S.dds,0,64,4,
2684,cthArms01_ss_PIC_f_S.dds,cthArms01_ss_PIC_f_S.dds,0,64,4,
2685,cthBody01_SS_PIC_m_W.dds,cthBody01_SS_PIC_m_W.dds,0,64,4,
2686,PIC_M_cthLbody01_kilt01_W.dds,PIC_M_cthLbody01_kilt01_W.dds,0,64,4,
2687,PIC_m_Head01_W.dds,PIC_m_Head01_W.dds,0,64,4,
2688,cthArms01_ss_PIC_m_W.dds,cthArms01_ss_PIC_m_W.dds,0,64,4,
2689,PIC_m_Head02_W.dds,PIC_m_Head02_W.dds,0,64,4,
2690,PIC_m_Head03_W.dds,PIC_m_Head03_W.dds,0,64,4,
2691,cthBody01_SS_PIC_m_S.dds,cthBody01_SS_PIC_m_S.dds,0,64,4,
2692,PIC_cthLbody01_kilt01_S.dds,PIC_cthLbody01_kilt01_S.dds,0,64,4,
2693,PIC_m_Head01_S.dds,PIC_m_Head01_S.dds,0,64,4,
2694,PIC_m_Head02_S.dds,PIC_m_Head02_S.dds,0,64,4,
2695,PIC_m_Head03_S.dds,PIC_m_Head03_S.dds,0,64,4,
2696,cthArms01_ss_PIC_m_S.dds,cthArms01_ss_PIC_m_S.dds,0,64,4,
