Information,,NIF,Icon,Skins,Fem,,,,,,,,Head,Body,Lbody,Cloak,On,,Combat,Left,Sound,Apply,Show,Alternate,Use,Siege,detail,Alternate,Alternate,Alternate,Alternate,Arms,Gloves,Legs,Boots,HouseItem,Fem,Fem,Fem,Fem,Fem,Fem,House,Garden House,Length,Width,X Offset,Y Off Set,Multi 1,Multi 2,Env Map,Colideable,Object Idle,Object Run,Object,Alb Realm,Mid Realm,Hib Realm,Siege,Siege,Siege,# Small,# Large,Player,Cata,CataSkin,CataSkin,CataSkin,CataSkin,CataSkin,CataSkin,CataSkin,Cata,Cata,Cata,Cata,Cata,Cata,Cata,Cata,Cata,Cata,Cata,Cata,Cata,Cata,Cata,Cata,Cata,Cata,Cata Helm,RVR,Weapon,Weapon,Ground,Full Helm,Ignore Cata
ID,name,#,#,Body,Body,Arms,Gloves,Lbody,Legs,Boots,Cloak,Helm,#,#,#,#,Belt,Shield,Stance,Hand,Set,Texture,Name,NIF,Emblem,Equipment,texture,Nif 2,Nif 3,Nif 4,Nif 5,#,#,#,#,Nif,Body#,Lbody#,Arms#,Gloves#,Legs#,Boots#,Collide,Height,,,,,,,,,Anim,Anim,Effect,Effect,Effect,Effect,Load,Fire,Effect,Siege,Siege,Boat Flag,Status,Body,Fbody,Arms,Gloves,Legs,Boots,Cloak,Body#,Gloves#,Boots#,Arms#,Legs#,Cloak#,Nif1,Nif2,Nif3,Nif4,Nif5,Nif6,Nif7,Nif8,Nif9,Nif10,Nif11,Nif12,Texture,Precache,Effect,Post Scale,Nif,Head Swap,NoArmor Helm
1,briton dagger,166,201,0,0,0,0,0,0,0,0,0,0,0,0,0,1,0,1,0,21,0,0,0,0,0,0,0,0,0,0,0,0,0,0,0,0,0,0,0,0,0,,0,,,,,,,,,,,,,,,,,,,,,,,,,,,,,,,,,,,,,,,,,,,,,,,,,,,,,
2,Briton hand axe,168,200,0,0,0,0,0,0,0,0,0,0,0,0,0,1,0,1,0,4,0,0,0,0,0,0,0,0,0,0,0,0,0,0,0,0,0,0,0,0,0,,0,,,,,,,,,,,,,,,,,,,,,,,,,,,,,,,,,,,,,,,,,,,,,,,,,,,,,
3,Briton short sword,167,201,0,0,0,0,0,0,0,0,0,0,0,0,0,1,0,1,0,1,0,0,0,0,0,0,0,0,0,0,0,0,0,0,0,0,0,0,0,0,0,,0,,,,,,,,,,,,,,,,,,,,,,,,,,,,,,,,,,,,,,,,,,,,,,,,,,,,,
4,briton longsword,171,202,0,0,0,0,0,0,0,0,0,0,0,0,0,1,0,1,0,1,0,0,0,0,0,0,0,0,0,0,0,0,0,0,0,0,0,0,0,0,0,,0,,,,,,,,,,,,,,,,,,,,,,,,,,,,,,,,,,,,,,,,,,,,,,,,,,,,,
5,briton boradsword,169,202,0,0,0,0,0,0,0,0,0,0,0,0,0,1,0,1,0,1,0,0,0,0,0,0,0,0,0,0,0,0,0,0,0,0,0,0,0,0,0,,0,,,,,,,,,,,,,,,,,,,,,,,,,,,,,,,,,,,,,,,,,,,,,,,,,,,,,
6,briton 2h sword,183,203,0,0,0,0,0,0,0,0,0,0,0,0,0,1,0,2,0,1,0,0,0,0,0,0,0,0,0,0,0,0,0,0,0,0,0,0,0,0,0,,0,,,,,,,,,,,,,,,,,,,,,,,,,,,,,,,,,,,,,,,,,,,,,,,,,,,,,
7,Great Sword,187,203,0,0,0,0,0,0,0,0,0,0,0,0,0,1,0,2,0,1,0,0,0,0,0,0,0,0,0,0,0,0,0,0,0,0,0,0,0,0,0,,0,,,,,,,,,,,,,,,,,,,,,,,,,,,,,,,,,,,,,,,,,,,,,,,,,,,,,
8,Scimitar,170,204,0,0,0,0,0,0,0,0,0,0,0,0,0,1,0,1,0,1,0,0,0,0,0,0,0,0,0,0,0,0,0,0,0,0,0,0,0,0,0,,0,,,,,,,,,,,,,,,,,,,,,,,,,,,,,,,,,,,,,,,,,,,,,,,,,,,,,
9,Battle Axe,184,217,0,0,0,0,0,0,0,0,0,0,0,0,0,1,0,2,0,4,0,0,0,0,0,0,0,0,0,0,0,0,0,0,0,0,0,0,0,0,0,,0,,,,,,,,,,,,,,,,,,,,,,,,,,,,,,,,,,,,,,,,,,,,,,,,,,,,,
10,Bastard Sword,172,202,0,0,0,0,0,0,0,0,0,0,0,0,0,1,0,1,0,1,0,0,0,0,0,0,0,0,0,0,0,0,0,0,0,0,0,0,0,0,0,,0,,,,,,,,,,,,,,,,,,,,,,,,,,,,,,,,,,,,,,,,,,,,,,,,,,,,,
11,Club,11,218,0,0,0,0,0,0,0,0,0,0,0,0,0,1,0,1,0,6,0,0,0,0,0,0,0,0,0,0,0,0,0,0,0,0,0,0,0,0,0,,0,,,,,,,,,,,,,,,,,,,,,,,,,,,,,,,,,,,,,,,,,,,,,,,,,,,,,
12,Hammer,173,210,0,0,0,0,0,0,0,0,0,0,0,0,0,1,0,1,0,5,0,0,0,0,0,0,0,0,0,0,0,0,0,0,0,0,0,0,0,0,0,,0,,,,,,,,,,,,,,,,,,,,,,,,,,,,,,,,,,,,,,,,,,,,,,,,,,,,,
13,Mace,174,211,0,0,0,0,0,0,0,0,0,0,0,0,0,1,0,1,0,5,0,0,0,0,0,0,0,0,0,0,0,0,0,0,0,0,0,0,0,0,0,,0,,,,,,,,,,,,,,,,,,,,,,,,,,,,,,,,,,,,,,,,,,,,,,,,,,,,,
14,Flanged Mace,175,212,0,0,0,0,0,0,0,0,0,0,0,0,0,1,0,1,0,5,0,0,0,0,0,0,0,0,0,0,0,0,0,0,0,0,0,0,0,0,0,,0,,,,,,,,,,,,,,,,,,,,,,,,,,,,,,,,,,,,,,,,,,,,,,,,,,,,,
15,War Hammer,177,210,0,0,0,0,0,0,0,0,0,0,0,0,0,1,0,1,0,5,0,0,0,0,0,0,0,0,0,0,0,0,0,0,0,0,0,0,0,0,0,,0,,,,,,,,,,,,,,,,,,,,,,,,,,,,,,,,,,,,,,,,,,,,,,,,,,,,,
16,War Mattock,188,215,0,0,0,0,0,0,0,0,0,0,0,0,0,1,0,2,0,6,0,0,0,0,0,0,0,0,0,0,0,0,0,0,0,0,0,0,0,0,0,,0,,,,,,,,,,,,,,,,,,,,,,,,,,,,,,,,,,,,,,,,,,,,,,,,,,,,,
17,Great Hammer,186,214,0,0,0,0,0,0,0,0,0,0,0,0,0,1,0,2,0,6,0,0,0,0,0,0,0,0,0,0,0,0,0,0,0,0,0,0,0,0,0,,0,,,,,,,,,,,,,,,,,,,,,,,,,,,,,,,,,,,,,,,,,,,,,,,,,,,,,
18,mornign star (not used),11,212,0,0,0,0,0,0,0,0,0,0,0,0,0,1,0,1,0,5,0,0,0,0,0,0,0,0,0,0,0,0,0,0,0,0,0,0,0,0,0,,0,,,,,,,,,,,,,,,,,,,,,,,,,,,,,,,,,,,,,,,,,,,,,,,,,,,,,
19,Briton mage staff,197,209,0,0,0,0,0,0,0,0,0,0,0,0,0,0,0,4,1,6,0,0,0,0,0,0,0,0,0,0,0,0,0,0,0,0,0,0,0,0,0,,0,,,,,,,,,,,,,,,,,,,,,,,,,,,,,,,,,,,,,,,,,,,,,,,,,,,,,
20,Spiked Mace,176,213,0,0,0,0,0,0,0,0,0,0,0,0,0,1,0,1,0,5,0,0,0,0,0,0,0,0,0,0,0,0,0,0,0,0,0,0,0,0,0,,0,,,,,,,,,,,,,,,,,,,,,,,,,,,,,,,,,,,,,,,,,,,,,,,,,,,,,
21,Dirk,178,205,0,0,0,0,0,0,0,0,0,0,0,0,0,1,0,7,0,1,0,0,0,0,0,0,0,0,0,0,0,0,0,0,0,0,0,0,0,0,0,,0,,,,,,,,,,,,,,,,,,,,,,,,,,,,,,,,,,,,,,,,,,,,,,,,,,,,,
22,Rapier,180,206,0,0,0,0,0,0,0,0,0,0,0,0,0,1,0,7,0,1,0,0,0,0,0,0,0,0,0,0,0,0,0,0,0,0,0,0,0,0,0,,0,,,,,,,,,,,,,,,,,,,,,,,,,,,,,,,,,,,,,,,,,,,,,,,,,,,,,
23,Javelin,181,207,0,0,0,0,0,0,0,0,0,0,0,0,0,1,0,7,0,1,0,0,0,0,0,0,0,0,0,0,0,0,0,0,0,0,0,0,0,0,0,,0,,,,,,,,,,,,,,,,,,,,,,,,,,,,,,,,,,,,,,,,,,,,,,,,,,,,,
24,Epee,180,22,0,0,0,0,0,0,0,0,0,0,0,0,0,1,0,7,0,1,0,0,0,0,0,0,0,0,0,0,0,0,0,0,0,0,0,0,0,0,0,,0,,,,,,,,,,,,,,,,,,,,,,,,,,,,,,,,,,,,,,,,,,,,,,,,,,,,,
25,main Gauche,181,205,0,0,0,0,0,0,0,0,0,0,0,0,0,1,0,7,0,1,0,0,0,0,0,0,0,0,0,0,0,0,0,0,0,0,0,0,0,0,0,,0,,,,,,,,,,,,,,,,,,,,,,,,,,,,,,,,,,,,,,,,,,,,,,,,,,,,,
26,briton bill,191,220,0,,0,0,0,0,0,0,0,0,0,0,0,0,0,3,2,4,0,0,0,0,0,0,0,0,0,0,0,0,0,0,0,0,0,0,0,0,0,,0,,,,,,,,,,,,,,,,,,,,,,,,,,,,,,,,,,,,,,,,,,,,,,,,,,,,,
27,Lance,181,23,0,0,0,0,0,0,0,0,0,0,0,0,0,1,0,3,0,4,0,0,0,0,0,0,0,0,0,0,0,0,0,0,0,0,0,0,0,0,0,,0,,,,,,,,,,,,,,,,,,,,,,,,,,,,,,,,,,,,,,,,,,,,,,,,,,,,,
28,main Gauche,181,25,0,0,0,0,0,0,0,0,0,0,0,0,0,1,0,7,0,1,0,0,0,0,0,0,0,0,0,0,0,0,0,0,0,0,0,0,0,0,0,,0,,,,,,,,,,,,,,,,,,,,,,,,,,,,,,,,,,,,,,,,,,,,,,,,,,,,,
29,Foil,180,22,0,0,0,0,0,0,0,0,0,0,0,0,0,1,0,7,0,1,0,0,0,0,0,0,0,0,0,0,0,0,0,0,0,0,0,0,0,0,0,,0,,,,,,,,,,,,,,,,,,,,,,,,,,,,,,,,,,,,,,,,,,,,,,,,,,,,,
30,Gladius,182,205,0,0,0,0,0,0,0,0,0,0,0,0,0,1,0,7,0,1,0,0,0,0,0,0,0,0,0,0,0,0,0,0,0,0,0,0,0,0,0,,0,,,,,,,,,,,,,,,,,,,,,,,,,,,,,,,,,,,,,,,,,,,,,,,,,,,,,
31,Leather Tunic,1,105,308,309,0,0,312,0,0,0,0,0,2,1,0,0,0,0,0,0,0,0,0,0,0,0,0,0,0,0,0,0,0,0,0,0,0,0,0,0,0,,0,,,,,,,,,,,,,,,,,,,,,1,4006,4007,,,,,,7,,,1,1,,,,,,,,,,,,,,,,,,,,
32,Leather Leggings,1,121,0,0,0,0,0,313,0,0,0,0,0,0,0,0,0,0,0,0,0,0,0,0,0,0,0,0,0,0,0,0,0,0,0,0,0,0,0,0,0,,0,,,,,,,,,,,,,,,,,,,,,1,,,,,4010,,,,,,,,,,,,,,,,,,,,,,,,,,,
33,Leather Arms,1,111,0,0,310,0,0,0,0,0,0,0,0,0,0,0,0,0,0,0,0,0,0,0,0,0,0,0,0,0,0,0,0,0,0,0,0,0,0,0,0,,0,,,,,,,,,,,,,,,,,,,,,1,,,4008,,,,,,,,,,,,,,,,,,,,,,,,,,,,,
34,Leather Gloves,1,115,0,0,0,311,0,0,0,0,0,0,0,0,0,0,0,0,0,0,0,0,0,0,0,0,0,0,0,0,0,0,0,0,0,0,0,0,0,0,0,,0,,,,,,,,,,,,,,,,,,,,,1,,,,4009,,,,,2,,,,,,,,,,,,,,,,,,,,,,,
35,Leather Cap,1,100,0,0,0,0,0,0,0,0,0,0,0,0,0,0,0,0,0,0,0,0,0,0,0,0,0,0,0,0,0,0,0,0,0,0,0,0,0,0,0,,0,,,,,,,,,,,,,,,,,,,,,,,,,,,,,,,,,,,,,,,,,,,,,,,,,,,,,
36,Hard Leather Vest,1,105,301,302,0,0,305,0,0,0,0,0,1,1,0,0,0,0,0,0,0,0,0,0,0,0,0,0,0,0,0,0,0,0,0,0,0,0,0,0,0,,0,,,,,,,,,,,,,,,,,,,,,1,4000,4001,,,,,,,,,,,,,,,,,,,,,,,,,,,,,,
37,Hard Leather Legs,1,121,0,0,0,0,0,306,0,0,0,0,0,0,0,0,0,0,0,0,0,0,0,0,0,0,0,0,0,0,0,0,0,0,0,0,0,0,0,0,0,,0,,,,,,,,,,,,,,,,,,,,,1,,,,,4004,,,,,,,,,,,,,,,,,,,,,,,,,,,
38,Hard Leather Arms,1,111,0,0,303,0,0,0,0,0,0,0,0,0,0,0,0,0,0,0,0,0,0,0,0,0,0,0,0,0,0,0,0,0,0,0,0,0,0,0,0,,0,,,,,,,,,,,,,,,,,,,,,1,,,4002,,,,,,,,,,,,,,,,,,,,,,,,,,,,,
39,Hard Leather Gloves,1,115,0,0,0,304,0,0,0,0,0,0,0,0,0,0,0,0,0,0,0,0,0,0,0,0,0,0,0,0,0,0,0,0,0,0,0,0,0,0,0,,0,,,,,,,,,,,,,,,,,,,,,1,,,,4003,,,,,2,,,,,,,,,,,,,,,,,,,,,,,
40,Hard Leather Boots,1,125,0,0,0,0,0,0,307,0,0,0,0,0,0,0,0,0,0,0,0,0,0,0,0,0,0,0,0,0,0,0,0,0,0,0,0,0,0,0,0,,0,,,,,,,,,,,,,,,,,,,,,1,,,,,,4005,,,,2,,,,,,,,,,,,,,,,,,,,,,
41,Chain Hauberk,1,106,337,338,0,0,341,0,0,0,0,0,2,1,0,0,0,0,0,0,0,0,0,0,0,0,0,0,0,0,0,0,0,0,0,0,0,0,0,0,0,,0,,,,,,,,,,,,,,,,,,,,,1,4030,4031,,,,,,6,,,1,1,,,,,,,,,,,,,,,,,,,,
42,Chain Leggings,1,122,0,0,0,0,0,342,0,0,0,0,0,0,0,0,0,0,0,0,0,0,0,0,0,0,0,0,0,0,0,0,0,0,0,0,0,0,0,0,0,,0,,,,,,,,,,,,,,,,,,,,,1,,,,,4034,,,,,,,,,,,,,,,,,,,,,,,,,,,
43,Chain Arms,1,112,0,0,339,0,0,0,0,0,0,0,0,0,0,0,0,0,0,0,0,0,0,0,0,0,0,0,0,0,0,0,0,0,0,0,0,0,0,0,0,,0,,,,,,,,,,,,,,,,,,,,,1,,,4032,,,,,,,,,,,,,,,,,,,,,,,,,,,,,
44,Chain Gloves,1,116,0,0,0,340,0,0,0,0,0,0,0,0,0,0,0,0,0,0,0,0,0,0,0,0,0,0,0,0,0,0,0,0,0,0,0,0,0,0,0,,0,,,,,,,,,,,,,,,,,,,,,1,,,,4033,,,,,2,,,,,,,,,,,,,,,,,,,,,,,
45,Chain Boots,1,126,0,0,0,0,0,0,343,0,0,0,0,0,0,0,0,0,0,0,0,0,0,0,0,0,0,0,0,0,0,0,0,0,0,0,0,0,0,0,0,,0,,,,,,,,,,,,,,,,,,,,,1,,,,,,4035,,,,2,,,,,,,,,,,,,,,,,,,,,,
46,Alb Plate 1 Breast,1,109,345,346,0,0,349,0,0,0,0,0,1,1,0,0,0,0,0,0,0,0,0,0,0,0,0,0,0,0,0,0,0,0,0,0,0,0,0,0,0,,0,,,,,,,,,,,,,,,,,,,,,1,4036,4037,,,,,,12,,,1,1,,,,,,,,,,,,,,,,,,,,
47,Alb Plate 1 Legs,1,123,0,0,0,0,0,350,0,0,0,0,0,0,0,0,0,0,0,0,0,0,0,0,0,0,0,0,0,0,0,0,0,0,0,0,0,0,0,0,0,,0,,,,,,,,,,,,,,,,,,,,,1,,,,,4040,,,,,,,,,,,,,,,,,,,,,,,,,,,
48,Alb Plate 1 Arms,1,113,0,0,347,0,0,0,0,0,0,0,0,0,0,0,0,0,0,0,0,0,0,0,0,0,0,0,0,0,0,0,0,0,0,0,0,0,0,0,0,,0,,,,,,,,,,,,,,,,,,,,,1,,,4038,,,,,,,,,,,,,,,,,,,,,,,,,,,,,
49,Alb Plate 1 Gloves,1,117,0,0,0,348,0,0,0,0,0,0,0,0,0,0,0,0,0,0,0,0,0,0,0,0,0,0,0,0,0,0,0,0,0,0,0,0,0,0,0,,0,,,,,,,,,,,,,,,,,,,,,1,,,,4039,,,,,4,,,,,,,,,,,,,,,,,,,,,,,
50,Alb Plate 1 Boots,1,127,0,0,0,0,0,0,351,0,0,0,0,0,0,0,0,0,0,0,0,0,0,0,0,0,0,0,0,0,0,0,0,0,0,0,0,0,0,0,0,,0,,,,,,,,,,,,,,,,,,,,,1,,,,,,4041,,,,4,,,,,,,,,,,,,,,,,,,,,,
51,Riveted (Studded) armor,1,161,323,324,0,0,327,0,0,0,0,0,2,1,0,0,0,0,0,0,0,0,0,0,0,0,0,0,0,0,0,0,0,0,0,0,0,0,0,0,0,,0,,,,,,,,,,,,,,,,,,,,,1,4018,4019,,,,,,19,,,1,1,,,,,,,,,,,,,,,,,,,,
52,riveted (studded) legs,1,166,0,0,0,0,0,328,0,0,0,0,0,0,0,0,0,0,0,0,0,0,0,0,0,0,0,0,0,0,0,0,0,0,0,0,0,0,0,0,0,,0,,,,,,,,,,,,,,,,,,,,,1,,,,,4022,,,,,,,,,,,,,,,,,,,,,,1,,,,,
53,riveted (studded) arms,1,164,0,0,325,0,0,0,0,0,0,0,0,0,0,0,0,0,0,0,0,0,0,0,0,0,0,0,0,0,0,0,0,0,0,0,0,0,0,0,0,,0,,,,,,,,,,,,,,,,,,,,,1,,,4020,,,,,,,,,,,,,,,,,,,,,,,,1,,,,,
54,riveted (studded) boots,1,167,0,0,0,0,0,0,329,0,0,0,0,0,0,0,0,0,0,0,0,0,0,0,0,0,0,0,0,0,0,0,0,0,0,0,0,0,0,0,0,,0,,,,,,,,,,,,,,,,,,,,,1,,,,,,4023,,,,3,,,,,,,,,,,,,,,,,,,,,,
57,Cloak,1,119,0,0,0,0,0,0,0,362,0,0,0,0,1,0,0,0,0,0,0,0,0,0,0,0,0,0,0,0,0,0,0,0,0,0,0,0,0,0,0,,0,,,,,,,,,,,,,,,,,,,,,,,,,,,,4972,,,,,,,,,,,,,,,,,,,,,,,,,
58,Robe 1,1,118,363,364,366,0,365,0,0,0,0,0,3,3,0,0,0,0,0,0,0,0,0,0,0,0,0,0,0,0,0,0,0,0,0,0,0,0,0,0,0,,0,,,,,,,,,,,,,,,,,,,,,1,4048,4049,,,,,,16,5,5,-1,-1,,,,,,,,,,,,,,,,,,,,
59,Round wooden shield,28,226,0,0,0,0,0,0,0,0,0,0,0,0,0,0,1,0,0,1,760,0,0,1,0,0,0,0,0,0,0,0,0,0,0,0,0,0,0,0,0,,0,,,,,,,,,,,,,,,,,,,,,,,,,,,,,,,,,,,,,,,,,,,,,,,,1,,,,,
60,Heater Shield,29,226,0,0,0,0,0,0,0,0,0,0,0,0,0,0,1,0,0,1,761,0,0,1,0,0,0,0,0,0,0,0,0,0,0,0,0,0,0,0,0,,0,,,,,,,,,,,,,,,,,,,,,,,,,,,,,,,,,,,,,,,,,,,,,,,,,,,,,
61,Tower Shield,30,226,0,0,0,0,0,0,0,0,0,0,0,0,0,0,1,0,0,1,761,0,0,1,0,0,0,0,0,0,0,0,0,0,0,0,0,0,0,0,0,,0,,,,,,,,,,,,,,,,,,,,,,,,,,,,,,,,,,,,,,,,,,,,,,,,1,,,,,
62,Albion Leather Helm 1,403,100,0,0,0,0,0,0,0,0,315,2,0,0,0,0,0,0,0,0,315,0,0,0,0,0,0,0,0,0,0,0,0,0,0,0,0,0,0,0,0,,0,,,,,,,,,,,,,,,,,,,,,,,,,,,,,,,,,,,1242,1246,1222,1226,1238,1259,1267,1271,1230,1234,1263,1275,,,,,,,
63,Albion Chain Helmet 1 (Cap),401,101,0,0,0,0,0,0,0,0,344,4,0,0,0,0,0,0,0,0,344,0,0,0,0,0,0,0,0,0,0,0,0,0,0,0,0,0,0,0,0,,0,,,,,,,,,,,,,,,,,,,,,,,,,,,,,,,,,,,1240,1244,1220,1224,1236,1257,1265,1269,1228,1232,1261,1273,,,,,,,
64,Albion Plate Helmet 1(Cap),403,102,0,0,0,0,0,0,0,0,352,2,0,0,0,0,0,0,0,0,352,0,0,0,0,0,0,0,0,0,0,0,0,0,0,0,0,0,0,0,0,,0,,,,,,,,,,,,,,,,,,,,,,,,,,,,,,,,,,,1242,1246,1222,1226,1238,1259,1267,1271,1230,1234,1263,1275,,,,,,,
65,Robe 2,1,118,367,368,370,0,369,0,0,0,0,0,3,3,0,0,0,0,0,0,0,0,0,0,0,0,0,0,0,0,0,0,0,0,0,0,0,0,0,0,0,,0,,,,,,,,,,,,,,,,,,,,,1,4050,4051,,,,,,16,5,5,-1,-1,,,,,,,,,,,,,,,,,,,,
66,Robe 3,1,118,371,372,374,0,373,0,0,0,0,0,3,3,0,0,0,0,0,0,0,0,0,0,0,0,0,0,0,0,0,0,0,0,0,0,0,0,0,0,0,,0,,,,,,,,,,,,,,,,,,,,,1,4052,4053,,,,,,16,5,5,-1,-1,,,,,,,,,,,,,,,,,,,,
67,Halberd,193,221,0,0,0,0,0,0,0,0,0,0,0,0,0,0,0,3,2,4,0,0,0,0,0,0,0,0,0,0,0,0,0,0,0,0,0,0,0,0,0,,0,,,,,,,,,,,,,,,,,,,,,,,,,,,,,,,,,,,,,,,,,,,,,,,,,,,,,
68,Lochaber Axe,190,222,0,0,0,0,0,0,0,0,0,0,0,0,0,0,0,3,2,4,0,0,0,0,0,0,0,0,0,0,0,0,0,0,0,0,0,0,0,0,0,,0,,,,,,,,,,,,,,,,,,,,,,,,,,,,,,,,,,,,,,,,,,,,,,,,,,,,,
69,Pike,189,207,0,0,0,0,0,0,0,0,0,0,0,0,0,0,0,3,2,4,0,0,0,0,0,0,0,0,0,0,0,0,0,0,0,0,0,0,0,0,0,,0,,,,,,,,,,,,,,,,,,,,,,,,,,,,,,,,,,,,,,,,,,,,,,,,,,,,,
70,Lucerne Hammer,192,219,0,0,0,0,0,0,0,0,0,0,0,0,0,0,0,3,2,5,0,0,0,0,0,0,0,0,0,0,0,0,0,0,0,0,0,0,0,0,0,,0,,,,,,,,,,,,,,,,,,,,,,,,,,,,,,,,,,,,,,,,,,,,,,,,,,,,,
71,Stilletto,179,205,0,0,0,0,0,0,0,0,0,0,0,0,0,1,0,1,0,1,0,0,0,0,0,0,0,0,0,0,0,0,0,0,0,0,0,0,0,0,0,,0,,,,,,,,,,,,,,,,,,,,,,,,,,,,,,,,,,,,,,,,,,,,,,,,,,,,,
72,Great Axe,185,217,0,0,0,0,0,0,0,0,0,0,0,0,0,1,0,2,0,4,0,0,0,0,0,0,0,0,0,0,0,0,0,0,0,0,0,0,0,0,0,,0,,,,,,,,,,,,,,,,,,,,,,,,,,,,,,,,,,,,,,,,,,,,,,,,,,,,,
73,War Axe,185,216,0,0,0,0,0,0,0,0,0,0,0,0,0,1,0,2,0,4,0,0,0,0,0,0,0,0,0,0,0,0,0,0,0,0,0,0,0,0,0,,0,,,,,,,,,,,,,,,,,,,,,,,,,,,,,,,,,,,,,,,,,,,,,,,,,,,,,
74,Rein. Leather Vest,1,105,316,317,0,0,320,0,0,0,0,0,1,1,0,0,0,0,0,0,0,0,0,0,0,0,0,0,0,0,0,0,0,0,0,0,0,0,0,0,0,,0,,,,,,,,,,,,,,,,,,,,,1,4012,4013,,,,,,19,,,1,1,,,,,,,,,,,,,,,,,,,,
75,Reinf. Leather Legs,1,121,0,0,0,0,0,321,0,0,0,0,0,0,0,0,0,0,0,0,0,0,0,0,0,0,0,0,0,0,0,0,0,0,0,0,0,0,0,0,0,,0,,,,,,,,,,,,,,,,,,,,,1,,,,,4016,,,,,,,,,,,,,,,,,,,,,,,,,,,
76,Reinf. Leather Arms,1,111,0,0,318,0,0,0,0,0,0,0,0,0,0,0,0,0,0,0,0,0,0,0,0,0,0,0,0,0,0,0,0,0,0,0,0,0,0,0,0,,0,,,,,,,,,,,,,,,,,,,,,1,,,4014,,,,,,,,,,,,,,,,,,,,,,,,,,,,,
77,Reinf. Leather Gloves,1,115,0,0,0,319,0,0,0,0,0,0,0,0,0,0,0,0,0,0,0,0,0,0,0,0,0,0,0,0,0,0,0,0,0,0,0,0,0,0,0,,0,,,,,,,,,,,,,,,,,,,,,1,,,,4015,,,,,3,,,,,,,,,,,,,,,,,,,,,,,
78,Reinf. Leather Boots,1,125,0,0,0,0,0,0,322,0,0,0,0,0,0,0,0,0,0,0,0,0,0,0,0,0,0,0,0,0,0,0,0,0,0,0,0,0,0,0,0,,0,,,,,,,,,,,,,,,,,,,,,1,,,,,,4017,,,,3,,,,,,,,,,,,,,,,,,,,,,
79,Tower Shield,31,226,0,0,0,0,0,0,0,0,0,0,0,0,0,0,1,0,0,1,761,0,0,1,0,0,0,0,0,0,0,0,0,0,0,0,0,0,0,0,0,,0,,,,,,,,,,,,,,,,,,,,,,,,,,,,,,,,,,,,,,,,,,,,,,,,1,,,,,
80,riveted(studded) gloves,1,165,0,0,0,326,0,0,0,0,0,0,0,0,0,0,0,0,0,0,0,0,0,0,0,0,0,0,0,0,0,0,0,0,0,0,0,0,0,0,0,,0,,,,,,,,,,,,,,,,,,,,,1,,,,4021,,,,,3,,,,,,,,,,,,,,,,,,,,,,,
81,Studded Studs Vest,1,161,330,331,0,0,334,0,0,0,0,0,2,1,0,0,0,0,0,0,0,0,0,0,0,0,0,0,0,0,0,0,0,0,0,0,0,0,0,0,0,,0,,,,,,,,,,,,,,,,,,,,,1,4024,4025,,,,,,19,,,1,1,,,,,,,,,,,,,,,,,,,,
82,Studded Studs Legs,1,166,0,0,0,0,0,335,0,0,0,0,0,0,0,0,0,0,0,0,0,0,0,0,0,0,0,0,0,0,0,0,0,0,0,0,0,0,0,0,0,,0,,,,,,,,,,,,,,,,,,,,,1,,,,,4028,,,,,,,,,,,,,,,,,,,,,,,,,,,
83,Studded Studs Arms,1,164,0,0,332,0,0,0,0,0,0,0,0,0,0,0,0,0,0,0,0,0,0,0,0,0,0,0,0,0,0,0,0,0,0,0,0,0,0,0,0,,0,,,,,,,,,,,,,,,,,,,,,1,,,4026,,,,,,,,,,,,,,,,,,,,,,,,,,,,,
84,Studded Studs Boots,1,167,0,0,0,0,0,0,336,0,0,0,0,0,0,0,0,0,0,0,0,0,0,0,0,0,0,0,0,0,0,0,0,0,0,0,0,0,0,0,0,,0,,,,,,,,,,,,,,,,,,,,,1,,,,,,4029,,,,3,,,,,,,,,,,,,,,,,,,,,,
85,Studded Studs Gloves,1,165,0,0,0,333,0,0,0,0,0,0,0,0,0,0,0,0,0,0,0,0,0,0,0,0,0,0,0,0,0,0,0,0,0,0,0,0,0,0,0,,0,,,,,,,,,,,,,,,,,,,,,1,,,,4027,,,,,3,,,,,,,,,,,,,,,,,,,,,,,
86,Alb Plate 2 Breast,1,109,2125,2124,0,0,2128,0,0,0,0,0,1,1,0,0,0,0,0,0,0,0,0,0,0,0,0,0,0,0,0,0,0,0,0,0,0,0,0,0,0,,0,,,,,,,,,,,,,,,,,,,,,1,4605,4604,,,,,,12,,,1,1,,,,,,,,,,,,,,,1,,,,,
87,Alb Plate 2 Legs,1,123,0,0,0,0,0,2129,0,0,0,0,0,0,0,0,0,0,0,0,0,0,0,0,0,0,0,0,0,0,0,0,0,0,0,0,0,0,0,0,0,,0,,,,,,,,,,,,,,,,,,,,,1,,,,,4608,,,,,,,,,,,,,,,,,,,,,,1,,,,,
88,Alb Plate 2 Arms,1,113,0,0,2123,0,0,0,0,0,0,0,0,0,0,0,0,0,0,0,0,0,0,0,0,0,0,0,0,0,0,0,0,0,0,0,0,0,0,0,0,,0,,,,,,,,,,,,,,,,,,,,,1,,,4603,,,,,,,,,,,,,,,,,,,,,,,,1,,,,,
89,Alb Plate 2 Gloves,1,117,0,0,0,2127,0,0,0,0,0,0,0,0,0,0,0,0,0,0,0,0,0,0,0,0,0,0,0,0,0,0,0,0,0,0,0,0,0,0,0,,0,,,,,,,,,,,,,,,,,,,,,1,,,,4607,,,,,4,,,,,,,,,,,,,,,,,,1,,,,,
90,Alb Plate 2 Boots,1,127,0,0,0,0,0,0,2126,0,0,0,0,0,0,0,0,0,0,0,0,0,0,0,0,0,0,0,0,0,0,0,0,0,0,0,0,0,0,0,0,,0,,,,,,,,,,,,,,,,,,,,,1,,,,,,4606,,,,4,,,,,,,,,,,,,,,,,,,,,,
91,Guard Cloak (Briton),1,119,0,0,0,0,0,0,0,380,0,0,0,0,1,0,0,0,0,0,0,0,0,0,0,0,0,0,0,0,0,0,0,0,0,0,0,0,0,0,0,,0,,,,,,,,,,,,,,,,,,,,,,,,,,,,4980,,,,,,,,,,,,,,,,,,,,,,,,,
92,Guard Cloak (Avalonian),1,119,0,0,0,0,0,0,0,379,0,0,0,0,1,0,0,0,0,0,0,0,0,0,0,0,0,0,0,0,0,0,0,0,0,0,0,0,0,0,0,,0,,,,,,,,,,,,,,,,,,,,,,,,,,,,4981,,,,,,,,,,,,,,,,,,,,,,,,,
93,Albion Plate Helmet 2 (Full),402,103,0,0,0,0,0,0,0,0,353,3,0,0,0,0,0,0,0,0,1,0,0,0,0,0,0,0,0,0,0,0,0,0,0,0,0,0,0,0,0,,0,,,,,,,,,,,468,,,,,,,,,,,,,,,,,,,,,,,,1241,1241,1241,1241,1241,1241,1241,1241,1241,1241,1241,1241,,,,,,,
94,Albion Guard Plate Helmet 1 (Cap),403,102,0,0,0,0,0,0,0,0,381,2,0,0,0,0,0,0,0,0,1,0,0,0,0,0,0,0,0,0,0,0,0,0,0,0,0,0,0,0,0,,0,,,,,,,,,,,,,,,,,,,,,,,,,,,,,,,,,,,1242,1246,1222,1226,1238,1259,1267,1271,1230,1234,1263,1275,,,,,,,
95,Albion Guard Plate Helmet 2 (full),402,103,0,0,0,0,0,0,0,0,382,3,0,0,0,0,0,0,0,0,1,0,0,0,0,0,0,0,0,0,0,0,0,0,0,0,0,0,0,0,0,,0,,,,,,,,,,,,,,,,,,,,,,,,,,,,,,,,,,,1241,1245,1221,1225,1237,1258,1266,1270,1229,1233,1262,1274,,,,,,,
96,Hooded Cloak,1,119,0,0,0,0,0,0,0,362,0,5,0,0,2,0,0,0,0,0,0,0,0,0,0,0,0,0,0,0,0,0,0,0,0,0,0,0,0,0,0,,0,,,,,,,,,,,,,,,,,,,,,,,,,,,,4972,,,,,,,,,,,,,,,,,,,,,,,,,
97,Fancy Robe #2,1,118,375,376,374,0,373,0,0,0,0,0,3,3,0,0,0,0,0,0,0,0,0,0,0,0,0,0,0,0,0,0,0,0,0,0,0,0,0,0,0,,0,,,,,,,,,,,,,,,,,,,,,1,4054,4055,,,,,,16,5,5,-1,-1,,,,,,,,,,,,,,,,,,,,
98,Fance Robe #3,1,118,377,378,374,0,373,0,0,0,0,0,3,3,0,0,0,0,0,0,0,0,0,0,0,0,0,0,0,0,0,0,0,0,0,0,0,0,0,0,0,,0,,,,,,,,,,,,,,,,,,,,,1,4056,4057,,,,,,16,5,5,-1,-1,,,,,,,,,,,,,,,1,,,,,
99,Potion/Flask,1,137,0,0,0,0,0,0,0,0,0,0,0,0,0,0,0,0,0,0,0,0,0,0,0,0,0,0,0,0,0,0,0,0,0,0,0,0,0,0,0,,0,,,,,,,,,,,,,,,,,,,,,,,,,,,,,,,,,,,,,,,,,,,,,,,,,,,,,
100,Animal Skin,1,140,0,0,0,0,0,0,0,0,0,0,0,0,0,0,0,0,0,0,0,0,0,0,0,0,0,0,0,0,0,0,0,0,0,0,0,0,0,0,0,,0,,,,,,,,,,,,,,,,,,,,,,,,,,,,,,,,,,,,,,,,,,,,,,,,,,,,,
101,Necklace,1,141,0,0,0,0,0,0,0,0,0,0,0,0,0,0,0,0,0,0,0,0,0,0,0,0,0,0,0,0,0,0,0,0,0,0,0,0,0,0,0,,0,,,,,,,,,,,,,,,,,,,,,,,,,,,,,,,,,,,,,,,,,,,,,,,,,,,,,
102,Meat,1,142,0,0,0,0,0,0,0,0,0,0,0,0,0,0,0,0,0,0,0,0,0,0,0,0,0,0,0,0,0,0,0,0,0,0,0,0,0,0,0,,0,,,,,,,,,,,,,,,,,,,,,,,,,,,,,,,,,,,,,,,,,,,,,,,,,,,,,
103,Ring,1,143,0,0,0,0,0,0,0,0,0,0,0,0,0,0,0,0,0,0,0,0,0,0,0,0,0,0,0,0,0,0,0,0,0,0,0,0,0,0,0,,0,,,,,,,,,,,,,,,,,,,,,,,,,,,,,,,,,,,,,,,,,,,,,,,,,,,,,
104,Totem,1,144,0,0,0,0,0,0,0,0,0,0,0,0,0,0,0,0,0,0,0,0,0,0,0,0,0,0,0,0,0,0,0,0,0,0,0,0,0,0,0,,0,,,,,,,,,,,,,,,,,,,,,,,,,,,,,,,,,,,,,,,,,,,,,,,,,,,,,
105,Bones,1,145,0,0,0,0,0,0,0,0,0,0,0,0,0,0,0,0,0,0,0,0,0,0,0,0,0,0,0,0,0,0,0,0,0,0,0,0,0,0,0,,0,,,,,,,,,,,,,,,,,,,,,,,,,,,,,,,,,,,,,,,,,,,,,,,,,,,,,
106,Tooth/Claw,1,146,0,0,0,0,0,0,0,0,0,0,0,0,0,0,0,0,0,0,0,0,0,0,0,0,0,0,0,0,0,0,0,0,0,0,0,0,0,0,0,,0,,,,,,,,,,,,,,,,,,,,,,,,,,,,,,,,,,,,,,,,,,,,,,,,,,,,,
107,Snakeskin,1,147,0,0,0,0,0,0,0,0,0,0,0,0,0,0,0,0,0,0,0,0,0,0,0,0,0,0,0,0,0,0,0,0,0,0,0,0,0,0,0,,0,,,,,,,,,,,,,,,,,,,,,,,,,,,,,,,,,,,,,,,,,,,,,,,,,,,,,
108,Spider Legs,1,148,0,0,0,0,0,0,0,0,0,0,0,0,0,0,0,0,0,0,0,0,0,0,0,0,0,0,0,0,0,0,0,0,0,0,0,0,0,0,0,,0,,,,,,,,,,,,,,,,,,,,,,,,,,,,,,,,,,,,,,,,,,,,,,,,,,,,,
109,Dog Collar,1,149,0,0,0,0,0,0,0,0,0,0,0,0,0,0,0,0,0,0,0,0,0,0,0,0,0,0,0,0,0,0,0,0,0,0,0,0,0,0,0,,0,,,,,,,,,,,,,,,,,,,,,,,,,,,,,,,,,,,,,,,,,,,,,,,,,,,,,
110,Red Gem,1,150,0,0,0,0,0,0,0,0,0,0,0,0,0,0,0,0,0,0,0,0,0,0,0,0,0,0,0,0,0,0,0,0,0,0,0,0,0,0,0,,0,,,,,,,,,,,,,,,,,,,,,,,,,,,,,,,,,,,,,,,,,,,,,,,,,,,,,
111,Orange Gem,1,151,0,0,0,0,0,0,0,0,0,0,0,0,0,0,0,0,0,0,0,0,0,0,0,0,0,0,0,0,0,0,0,0,0,0,0,0,0,0,0,,0,,,,,,,,,,,,,,,,,,,,,,,,,,,,,,,,,,,,,,,,,,,,,,,,,,,,,
112,Yellow Gem,1,152,0,0,0,0,0,0,0,0,0,0,0,0,0,0,0,0,0,0,0,0,0,0,0,0,0,0,0,0,0,0,0,0,0,0,0,0,0,0,0,,0,,,,,,,,,,,,,,,,,,,,,,,,,,,,,,,,,,,,,,,,,,,,,,,,,,,,,
113,Green Gem,1,153,0,0,0,0,0,0,0,0,0,0,0,0,0,0,0,0,0,0,0,0,0,0,0,0,0,0,0,0,0,0,0,0,0,0,0,0,0,0,0,,0,,,,,,,,,,,,,,,,,,,,,,,,,,,,,,,,,,,,,,,,,,,,,,,,,,,,,
114,Turquoise Gem,1,154,0,0,0,0,0,0,0,0,0,0,0,0,0,0,0,0,0,0,0,0,0,0,0,0,0,0,0,0,0,0,0,0,0,0,0,0,0,0,0,,0,,,,,,,,,,,,,,,,,,,,,,,,,,,,,,,,,,,,,,,,,,,,,,,,,,,,,
115,Blue Gem,1,155,0,0,0,0,0,0,0,0,0,0,0,0,0,0,0,0,0,0,0,0,0,0,0,0,0,0,0,0,0,0,0,0,0,0,0,0,0,0,0,,0,,,,,,,,,,,,,,,,,,,,,,,,,,,,,,,,,,,,,,,,,,,,,,,,,,,,,
116,Purple Gem,1,156,0,0,0,0,0,0,0,0,0,0,0,0,0,0,0,0,0,0,0,0,0,0,0,0,0,0,0,0,0,0,0,0,0,0,0,0,0,0,0,,0,,,,,,,,,,,,,,,,,,,,,,,,,,,,,,,,,,,,,,,,,,,,,,,,,,,,,
117,White Gem,1,157,0,0,0,0,0,0,0,0,0,0,0,0,0,0,0,0,0,0,0,0,0,0,0,0,0,0,0,0,0,0,0,0,0,0,0,0,0,0,0,,0,,,,,,,,,,,,,,,,,,,,,,,,,,,,,,,,,,,,,,,,,,,,,,,,,,,,,
118,Black Gem,1,158,0,0,0,0,0,0,0,0,0,0,0,0,0,0,0,0,0,0,0,0,0,0,0,0,0,0,0,0,0,0,0,0,0,0,0,0,0,0,0,,0,,,,,,,,,,,,,,,,,,,,,,,,,,,,,,,,,,,,,,,,,,,,,,,,,,,,,
119,Yellow Gem,1,159,0,0,0,0,0,0,0,0,0,0,0,0,0,0,0,0,0,0,0,0,0,0,0,0,0,0,0,0,0,0,0,0,0,0,0,0,0,0,0,,0,,,,,,,,,,,,,,,,,,,,,,,,,,,,,,,,,,,,,,,,,,,,,,,,,,,,,
120,Leather Shoulder Armor,1,111,0,0,0,0,0,0,0,0,0,0,0,0,0,0,0,0,0,0,0,0,0,0,0,0,0,0,0,0,0,0,0,0,0,0,0,0,0,0,0,,0,,,,,,,,,,,,,,,,,,,,,,,,,,,,,,,,,,,,,,,,,,,,,,,,,,,,,
121,Leather Bracers,1,111,0,0,0,0,0,0,0,0,0,0,0,0,0,0,0,0,0,0,0,0,0,0,0,0,0,0,0,0,0,0,0,0,0,0,0,0,0,0,0,,0,,,,,,,,,,,,,,,,,,,,,,,,,,,,,,,,,,,,,,,,,,,,,,,,,,,,,
122,Leather Neck Armor,1,111,0,0,0,0,0,0,0,0,0,0,0,0,0,0,0,0,0,0,0,0,0,0,0,0,0,0,0,0,0,0,0,0,0,0,0,0,0,0,0,,0,,,,,,,,,,,,,,,,,,,,,,,,,,,,,,,,,,,,,,,,,,,,,,,,,,,,,
123,Studded Shoulder Armor,1,111,0,0,0,0,0,0,0,0,0,0,0,0,0,0,0,0,0,0,0,0,0,0,0,0,0,0,0,0,0,0,0,0,0,0,0,0,0,0,0,,0,,,,,,,,,,,,,,,,,,,,,,,,,,,,,,,,,,,,,,,,,,,,,,,,,,,,,
124,Studded Bracers,1,111,0,0,0,0,0,0,0,0,0,0,0,0,0,0,0,0,0,0,0,0,0,0,0,0,0,0,0,0,0,0,0,0,0,0,0,0,0,0,0,,0,,,,,,,,,,,,,,,,,,,,,,,,,,,,,,,,,,,,,,,,,,,,,,,,,,,,,
125,Studded Neck Armor,1,111,0,0,0,0,0,0,0,0,0,0,0,0,0,0,0,0,0,0,0,0,0,0,0,0,0,0,0,0,0,0,0,0,0,0,0,0,0,0,0,,0,,,,,,,,,,,,,,,,,,,,,,,,,,,,,,,,,,,,,,,,,,,,,,,,,,,,,
126,Chain Shoulder Armor,1,112,0,0,0,0,0,0,0,0,0,0,0,0,0,0,0,0,0,0,0,0,0,0,0,0,0,0,0,0,0,0,0,0,0,0,0,0,0,0,0,,0,,,,,,,,,,,,,,,,,,,,,,,,,,,,,,,,,,,,,,,,,,,,,,,,,,,,,
127,Chain Bracers,1,112,0,0,0,0,0,0,0,0,0,0,0,0,0,0,0,0,0,0,0,0,0,0,0,0,0,0,0,0,0,0,0,0,0,0,0,0,0,0,0,,0,,,,,,,,,,,,,,,,,,,,,,,,,,,,,,,,,,,,,,,,,,,,,,,,,,,,,
128,Chain Neck Armor,1,112,0,0,0,0,0,0,0,0,0,0,0,0,0,0,0,0,0,0,0,0,0,0,0,0,0,0,0,0,0,0,0,0,0,0,0,0,0,0,0,,0,,,,,,,,,,,,,,,,,,,,,,,,,,,,,,,,,,,,,,,,,,,,,,,,,,,,,
129,Plate Shoulder Armor,1,113,0,0,0,0,0,0,0,0,0,0,0,0,0,0,0,0,0,0,0,0,0,0,0,0,0,0,0,0,0,0,0,0,0,0,0,0,0,0,0,,0,,,,,,,,,,,,,,,,,,,,,,,,,,,,,,,,,,,,,,,,,,,,,,,,,,,,,
130,Plate Bracers,1,113,0,0,0,0,0,0,0,0,0,0,0,0,0,0,0,0,0,0,0,0,0,0,0,0,0,0,0,0,0,0,0,0,0,0,0,0,0,0,0,,0,,,,,,,,,,,,,,,,,,,,,,,,,,,,,,,,,,,,,,,,,,,,,,,,,,,,,
131,Plate Neck Armor,1,113,0,0,0,0,0,0,0,0,0,0,0,0,0,0,0,0,0,0,0,0,0,0,0,0,0,0,0,0,0,0,0,0,0,0,0,0,0,0,0,,0,,,,,,,,,,,,,,,,,,,,,,,,,,,,,,,,,,,,,,,,,,,,,,,,,,,,,
132,briton longbow,194,223,0,0,0,0,0,0,0,0,0,0,0,0,0,0,0,5,1,7,0,0,0,0,0,0,0,0,0,0,0,0,0,0,0,0,0,0,0,0,0,,0,,,,,,,,,,,,,,,,,,,,,,,,,,,,,,,,,,,,,,,,,,,,,,,,,,,,,
133,Leather Boots,1,125,0,0,0,0,0,0,314,0,0,0,0,0,0,0,0,0,0,0,0,0,0,0,0,0,0,0,0,0,0,0,0,0,0,0,0,0,0,0,0,,0,,,,,,,,,,,,,,,,,,,,,1,,,,,,4011,,,,2,,,,,,,,,,,,,,,,,,,,,,
134,Patterned Leather Vest,1,105,316,317,0,0,320,0,0,0,0,0,1,1,0,0,0,0,0,0,0,0,0,0,0,0,0,0,0,0,0,0,0,0,0,0,0,0,0,0,0,,0,,,,,,,,,,,,,,,,,,,,,1,4012,4013,,,,,,19,,,1,1,,,,,,,,,,,,,,,1,,,,,
135,Patterned Leather Legs,1,121,0,0,0,0,0,321,0,0,0,0,0,0,0,0,0,0,0,0,0,0,0,0,0,0,0,0,0,0,0,0,0,0,0,0,0,0,0,0,0,,0,,,,,,,,,,,,,,,,,,,,,1,,,,,4016,,,,,,,,,,,,,,,,,,,,,,1,,,,,
136,Patterned Leather Arms,1,111,0,0,318,0,0,0,0,0,0,0,0,0,0,0,0,0,0,0,0,0,0,0,0,0,0,0,0,0,0,0,0,0,0,0,0,0,0,0,0,,0,,,,,,,,,,,,,,,,,,,,,1,,,4014,,,,,,,,,,,,,,,,,,,,,,,,1,,,,,
137,Patterned Leather Gloves,1,115,0,0,0,311,0,0,0,0,0,0,0,0,0,0,0,0,0,0,0,0,0,0,0,0,0,0,0,0,0,0,0,0,0,0,0,0,0,0,0,,0,,,,,,,,,,,,,,,,,,,,,1,,,,4009,,,,,2,,,,,,,,,,,,,,,,,,1,,,,,
138,Patterned Leather Boots,1,125,0,0,0,0,0,0,322,0,0,0,0,0,0,0,0,0,0,0,0,0,0,0,0,0,0,0,0,0,0,0,0,0,0,0,0,0,0,0,0,,0,,,,,,,,,,,,,,,,,,,,,1,,,,,,4017,,,,2,,,,,,,,,,,,,,,,,,,,,,
139,Cloth Vest,1,104,385,384,0,0,388,0,0,0,0,0,1,1,0,0,0,0,0,0,0,0,0,0,0,0,0,0,0,0,0,0,0,0,0,0,0,0,0,0,0,,0,,,,,,,,,,,,,,,,,,,,,1,4060,4059,,,,,,1,,,1,1,,,,,,,,,,,,,,,,,,,,
140,Cloth Legs,1,120,0,0,0,0,0,389,0,0,0,0,0,0,0,0,0,0,0,0,0,0,0,0,0,0,0,0,0,0,0,0,0,0,0,0,0,0,0,0,0,,0,,,,,,,,,,,,,,,,,,,,,1,,,,,4063,,,,,,,,,,,,,,,,,,,,,,1,,,,,
141,Cloth Arms,1,110,0,0,383,0,0,0,0,0,0,0,0,0,0,0,0,0,0,0,0,0,0,0,0,0,0,0,0,0,0,0,0,0,0,0,0,0,0,0,0,,0,,,,,,,,,,,,,,,,,,,,,1,,,4058,,,,,,,,,,,,,,,,,,,,,,,,1,,,,,
142,Cloth Gloves,1,114,0,0,0,387,0,0,0,0,0,0,0,0,0,0,0,0,0,0,0,0,0,0,0,0,0,0,0,0,0,0,0,0,0,0,0,0,0,0,0,,0,,,,,,,,,,,,,,,,,,,,,1,,,,4062,,,,,7,,,,,,,,,,,,,,,,,,1,,,,,
143,Cloth Boots,1,124,0,0,0,0,0,0,386,0,0,0,0,0,0,0,0,0,0,0,0,0,0,0,0,0,0,0,0,0,0,0,0,0,0,0,0,0,0,0,0,,0,,,,,,,,,,,,,,,,,,,,,1,,,,,,4061,,,,7,,,,,,,,,,,,,,,,,,,,,,
144,Guardian Cloak,1,119,0,0,0,0,0,0,0,390,0,0,0,0,1,0,0,0,0,0,0,0,0,0,0,0,0,0,0,0,0,0,0,0,0,0,0,0,0,0,0,,0,,,,,,,,,,,,,,,,,,,,,,,,,,,,4974,,,,,,,,,,,,,,,,,,,,,,,,,
145,Albion Gravestone,40,200,0,0,0,0,0,0,0,0,0,0,0,0,0,0,0,0,0,0,0,1,0,0,0,0,0,0,0,0,0,0,0,0,0,0,0,0,0,0,0,,0,,,,,,,,,,,,,,,,,,,,,,,,,,,,,,,,,,,,,,,,,,,,,,,,,,,,,
146,Crude Leather Vest,1,105,391,392,0,0,395,0,0,0,0,0,1,1,0,0,0,0,0,0,0,0,0,0,0,0,0,0,0,0,0,0,0,0,0,0,0,0,0,0,0,,0,,,,,,,,,,,,,,,,,,,,,1,4064,4065,,,,,,11,,,1,1,,,,,,,,,,,,,,,,,,,,
147,Crude Leather Legs,1,121,0,0,0,0,0,396,0,0,0,0,0,0,0,0,0,0,0,0,0,0,0,0,0,0,0,0,0,0,0,0,0,0,0,0,0,0,0,0,0,,0,,,,,,,,,,,,,,,,,,,,,1,,,,,4068,,,,,,,,,,,,,,,,,,,,,,,,,,,
148,Crude Leather Arms,1,111,0,0,393,0,0,0,0,0,0,0,0,0,0,0,0,0,0,0,0,0,0,0,0,0,0,0,0,0,0,0,0,0,0,0,0,0,0,0,0,,0,,,,,,,,,,,,,,,,,,,,,1,,,4066,,,,,,,,,,,,,,,,,,,,,,,,,,,,,
149,Crude Leather Gloves,1,115,0,0,0,394,0,0,0,0,0,0,0,0,0,0,0,0,0,0,0,0,0,0,0,0,0,0,0,0,0,0,0,0,0,0,0,0,0,0,0,,0,,,,,,,,,,,,,,,,,,,,,1,,,,4067,,,,,2,,,,,,,,,,,,,,,,,,,,,,,
150,Crude Leather Boots,1,125,0,0,0,0,0,0,397,0,0,0,0,0,0,0,0,0,0,0,0,0,0,0,0,0,0,0,0,0,0,0,0,0,0,0,0,0,0,0,0,,0,,,,,,,,,,,,,,,,,,,,,1,,,,,,4069,,,,2,,,,,,,,,,,,,,,,,,,,,,
151,Quilted (cloth) vest,1,104,#REF!,#REF!,0,0,#REF!,0,0,0,0,0,1,1,0,0,0,0,0,0,0,0,0,0,0,0,0,0,0,0,0,0,0,0,0,0,0,0,0,0,0,,0,,,,,,,,,,,,,,,,,,,,,,,,,,,,,,,,,,,,,,,,,,,,,,,,,,,,,
152,Quilted (cloth) Legs,1,120,0,0,0,0,0,#REF!,0,0,0,0,0,0,0,0,0,0,0,0,0,0,0,0,0,0,0,0,0,0,0,0,0,0,0,0,0,0,0,0,0,,0,,,,,,,,,,,,,,,,,,,,,,,,,,,,,,,,,,,,,,,,,,,,,,,,,,,,,
153,Quilted (cloth) Arms,1,110,0,0,#REF!,0,0,0,0,0,0,0,0,0,0,0,0,0,0,0,0,0,0,0,0,0,0,0,0,0,0,0,0,0,0,0,0,0,0,0,0,,0,,,,,,,,,,,,,,,,,,,,,,,,,,,,,,,,,,,,,,,,,,,,,,,,,,,,,
154,Quilted (cloth) Gloves,1,114,0,0,0,#REF!,0,0,0,0,0,0,0,0,0,0,0,0,0,0,0,0,0,0,0,0,0,0,0,0,0,0,0,0,0,0,0,0,0,0,0,,0,,,,,,,,,,,,,,,,,,,,,,,,,,,,,,,,,,,,,,,,,,,,,,,,,,,,,
155,Quilted (cloth) Boots,1,124,0,0,0,0,0,0,#REF!,0,0,0,0,0,0,0,0,0,0,0,0,0,0,0,0,0,0,0,0,0,0,0,0,0,0,0,0,0,0,0,0,,0,,,,,,,,,,,,,,,,,,,,,,,,,,,,,,,,,,,,,,,,,,,,,,,,,,,,,
156,Heavy Studded Vest,1,163,398,399,0,0,402,0,0,0,0,0,1,1,0,0,0,0,0,0,0,0,0,0,0,0,0,0,0,0,0,0,0,0,0,0,0,0,0,0,0,,0,,,,,,,,,,,,,,,,,,,,,1,4070,4071,,,,,,19,,,1,1,,,,,,,,,,,,,,,,,,,,
157,Heavy Studded Legs,1,166,0,0,0,0,0,403,0,0,0,0,0,0,0,0,0,0,0,0,0,0,0,0,0,0,0,0,0,0,0,0,0,0,0,0,0,0,0,0,0,,0,,,,,,,,,,,,,,,,,,,,,1,,,,,4074,,,,,,,,,,,,,,,,,,,,,,,,,,,
158,Heavy Studded Arms,1,164,0,0,400,0,0,0,0,0,0,0,0,0,0,0,0,0,0,0,0,0,0,0,0,0,0,0,0,0,0,0,0,0,0,0,0,0,0,0,0,,0,,,,,,,,,,,,,,,,,,,,,1,,,4072,,,,,,,,,,,,,,,,,,,,,,,,,,,,,
159,Heavy Studded Gloves,1,165,0,0,0,401,0,0,0,0,0,0,0,0,0,0,0,0,0,0,0,0,0,0,0,0,0,0,0,0,0,0,0,0,0,0,0,0,0,0,0,,0,,,,,,,,,,,,,,,,,,,,,1,,,,4073,,,,,3,,,,,,,,,,,,,,,,,,,,,,,
160,Heavy Studded Boots,1,167,0,0,0,0,0,0,404,0,0,0,0,0,0,0,0,0,0,0,0,0,0,0,0,0,0,0,0,0,0,0,0,0,0,0,0,0,0,0,0,,0,,,,,,,,,,,,,,,,,,,,,1,,,,,,4075,,,,3,,,,,,,,,,,,,,,,,,,,,,
161,New Cloth 3 Vest,1,104,#REF!,#REF!,0,0,#REF!,0,0,0,0,0,1,1,0,0,0,0,0,0,0,0,0,0,0,0,0,0,0,0,0,0,0,0,0,0,0,0,0,0,0,,0,,,,,,,,,,,,,,,,,,,,,,,,,,,,,,,,,,,,,,,,,,,,,,,,,,,,,
162,New Cloth 3 Legs,1,120,0,0,0,0,0,#REF!,0,0,0,0,0,0,0,0,0,0,0,0,0,0,0,0,0,0,0,0,0,0,0,0,0,0,0,0,0,0,0,0,0,,0,,,,,,,,,,,,,,,,,,,,,,,,,,,,,,,,,,,,,,,,,,,,,,,,,,,,,
163,New Cloth 3 Arms,1,110,0,0,#REF!,0,0,0,0,0,0,0,0,0,0,0,0,0,0,0,0,0,0,0,0,0,0,0,0,0,0,0,0,0,0,0,0,0,0,0,0,,0,,,,,,,,,,,,,,,,,,,,,,,,,,,,,,,,,,,,,,,,,,,,,,,,,,,,,
164,New Cloth 3 Gloves,1,114,0,0,0,#REF!,0,0,0,0,0,0,0,0,0,0,0,0,0,0,0,0,0,0,0,0,0,0,0,0,0,0,0,0,0,0,0,0,0,0,0,,0,,,,,,,,,,,,,,,,,,,,,,,,,,,,,,,,,,,,,,,,,,,,,,,,,,,,,
165,New Cloth 3 Boots,1,124,0,0,0,0,0,0,#REF!,0,0,0,0,0,0,0,0,0,0,0,0,0,0,0,0,0,0,0,0,0,0,0,0,0,0,0,0,0,0,0,0,,0,,,,,,,,,,,,,,,,,,,,,,,,,,,,,,,,,,,,,,,,,,,,,,,,,,,,,
166,New Cloth 4 Vest,1,104,#REF!,#REF!,0,0,#REF!,0,0,0,0,0,1,1,0,0,0,0,0,0,0,0,0,0,0,0,0,0,0,0,0,0,0,0,0,0,0,0,0,0,0,,0,,,,,,,,,,,,,,,,,,,,,,,,,,,,,,,,,,,,,,,,,,,,,,,,,,,,,
167,New Cloth 4 Legs,1,120,0,0,0,0,0,#REF!,0,0,0,0,0,0,0,0,0,0,0,0,0,0,0,0,0,0,0,0,0,0,0,0,0,0,0,0,0,0,0,0,0,,0,,,,,,,,,,,,,,,,,,,,,,,,,,,,,,,,,,,,,,,,,,,,,,,,,,,,,
168,New Cloth 4 Arms,1,110,0,0,#REF!,0,0,0,0,0,0,0,0,0,0,0,0,0,0,0,0,0,0,0,0,0,0,0,0,0,0,0,0,0,0,0,0,0,0,0,0,,0,,,,,,,,,,,,,,,,,,,,,,,,,,,,,,,,,,,,,,,,,,,,,,,,,,,,,
169,New Cloth 4 Gloves,1,114,0,0,0,#REF!,0,0,0,0,0,0,0,0,0,0,0,0,0,0,0,0,0,0,0,0,0,0,0,0,0,0,0,0,0,0,0,0,0,0,0,,0,,,,,,,,,,,,,,,,,,,,,,,,,,,,,,,,,,,,,,,,,,,,,,,,,,,,,
170,New Cloth 4 Boots,1,124,0,0,0,0,0,0,#REF!,0,0,0,0,0,0,0,0,0,0,0,0,0,0,0,0,0,0,0,0,0,0,0,0,0,0,0,0,0,0,0,0,,0,,,,,,,,,,,,,,,,,,,,,,,,,,,,,,,,,,,,,,,,,,,,,,,,,,,,,
171,Special Cloth Vest,1,104,#REF!,#REF!,0,0,#REF!,0,0,0,0,0,1,1,0,0,0,0,0,0,0,0,0,0,0,0,0,0,0,0,0,0,0,0,0,0,0,0,0,0,0,,0,,,,,,,,,,,,,,,,,,,,,,,,,,,,,,,,,,,,,,,,,,,,,,,,,,,,,
172,Special Cloth Legs,1,120,0,0,0,0,0,#REF!,0,0,0,0,0,0,0,0,0,0,0,0,0,0,0,0,0,0,0,0,0,0,0,0,0,0,0,0,0,0,0,0,0,,0,,,,,,,,,,,,,,,,,,,,,,,,,,,,,,,,,,,,,,,,,,,,,,,,,,,,,
173,Special Cloth Arms,1,110,0,0,#REF!,0,0,0,0,0,0,0,0,0,0,0,0,0,0,0,0,0,0,0,0,0,0,0,0,0,0,0,0,0,0,0,0,0,0,0,0,,0,,,,,,,,,,,,,,,,,,,,,,,,,,,,,,,,,,,,,,,,,,,,,,,,,,,,,
174,Special Cloth Gloves,1,114,0,0,0,#REF!,0,0,0,0,0,0,0,0,0,0,0,0,0,0,0,0,0,0,0,0,0,0,0,0,0,0,0,0,0,0,0,0,0,0,0,,0,,,,,,,,,,,,,,,,,,,,,,,,,,,,,,,,,,,,,,,,,,,,,,,,,,,,,
175,Special Cloth Boots,1,124,0,0,0,0,0,0,#REF!,0,0,0,0,0,0,0,0,0,0,0,0,0,0,0,0,0,0,0,0,0,0,0,0,0,0,0,0,0,0,0,0,,0,,,,,,,,,,,,,,,,,,,,,,,,,,,,,,,,,,,,,,,,,,,,,,,,,,,,,
176,Special Leather Vest,1,105,433,434,0,0,437,0,0,0,0,0,1,1,0,0,0,0,0,0,0,0,0,0,0,0,0,0,0,0,0,0,0,0,0,0,0,0,0,0,0,,0,,,,,,,,,,,,,,,,,,,,,1,4076,4077,,,,,,11,,,1,1,,,,,,,,,,,,,,,,,,,,
177,Special Leather Legs,1,121,0,0,0,0,0,438,0,0,0,0,0,0,0,0,0,0,0,0,0,0,0,0,0,0,0,0,0,0,0,0,0,0,0,0,0,0,0,0,0,,0,,,,,,,,,,,,,,,,,,,,,1,,,,,4080,,,,,,,,,,,,,,,,,,,,,,,,,,,
178,Special Leather Arms,1,111,0,0,435,0,0,0,0,0,0,0,0,0,0,0,0,0,0,0,0,0,0,0,0,0,0,0,0,0,0,0,0,0,0,0,0,0,0,0,0,,0,,,,,,,,,,,,,,,,,,,,,1,,,4078,,,,,,,,,,,,,,,,,,,,,,,,,,,,,
179,Special Leather Gloves,1,115,0,0,0,436,0,0,0,0,0,0,0,0,0,0,0,0,0,0,0,0,0,0,0,0,0,0,0,0,0,0,0,0,0,0,0,0,0,0,0,,0,,,,,,,,,,,,,,,,,,,,,1,,,,4079,,,,,2,,,,,,,,,,,,,,,,,,,,,,,
180,Special Leather Boots,1,125,0,0,0,0,0,0,439,0,0,0,0,0,0,0,0,0,0,0,0,0,0,0,0,0,0,0,0,0,0,0,0,0,0,0,0,0,0,0,0,,0,,,,,,,,,,,,,,,,,,,,,1,,,,,,4081,,,,2,,,,,,,,,,,,,,,,,,,,,,
181,Chain 2 Hauberk,1,106,440,441,0,0,444,0,0,0,0,0,2,1,0,0,0,0,0,0,0,0,0,0,0,0,0,0,0,0,0,0,0,0,0,0,0,0,0,0,0,,0,,,,,,,,,,,,,,,,,,,,,1,4082,4083,,,,,,6,,,1,1,,,,,,,,,,,,,,,1,,,,,
182,Chain 2 Leggings,1,122,0,0,0,0,0,445,0,0,0,0,0,0,0,0,0,0,0,0,0,0,0,0,0,0,0,0,0,0,0,0,0,0,0,0,0,0,0,0,0,,0,,,,,,,,,,,,,,,,,,,,,1,,,,,4086,,,,,,,,,,,,,,,,,,,,,,1,,,,,
183,Chain 2 Arms,1,112,0,0,442,0,0,0,0,0,0,0,0,0,0,0,0,0,0,0,0,0,0,0,0,0,0,0,0,0,0,0,0,0,0,0,0,0,0,0,0,,0,,,,,,,,,,,,,,,,,,,,,1,,,4084,,,,,,,,,,,,,,,,,,,,,,,,1,,,,,
184,Chain 2 Gloves,1,116,0,0,0,443,0,0,0,0,0,0,0,0,0,0,0,0,0,0,0,0,0,0,0,0,0,0,0,0,0,0,0,0,0,0,0,0,0,0,0,,0,,,,,,,,,,,,,,,,,,,,,1,,,,4085,,,,,2,,,,,,,,,,,,,,,,,,1,,,,,
185,Chain 2 Boots,1,126,0,0,0,0,0,0,446,0,0,0,0,0,0,0,0,0,0,0,0,0,0,0,0,0,0,0,0,0,0,0,0,0,0,0,0,0,0,0,0,,0,,,,,,,,,,,,,,,,,,,,,1,,,,,,4087,,,,2,,,,,,,,,,,,,,,,,,,,,,
186,Chain 3 Hauberk,1,106,447,448,0,0,451,0,0,0,0,0,2,2,0,0,0,0,0,0,0,0,0,0,0,0,0,0,0,0,0,0,0,0,0,0,0,0,0,0,0,,0,,,,,,,,,,,,,,,,,,,,,1,4088,4089,,,,,,6,,,1,1,,,,,,,,,,,,,,,,,,,,
187,Chain 3 Leggings,1,122,0,0,0,0,0,452,0,0,0,0,0,0,0,0,0,0,0,0,0,0,0,0,0,0,0,0,0,0,0,0,0,0,0,0,0,0,0,0,0,,0,,,,,,,,,,,,,,,,,,,,,1,,,,,4092,,,,,,,,,,,,,,,,,,,,,,,,,,,
188,Chain 3 Arms,1,112,0,0,449,0,0,0,0,0,0,0,0,0,0,0,0,0,0,0,0,0,0,0,0,0,0,0,0,0,0,0,0,0,0,0,0,0,0,0,0,,0,,,,,,,,,,,,,,,,,,,,,1,,,4090,,,,,,,,,,,,,,,,,,,,,,,,,,,,,
189,Chain 3 Gloves,1,116,0,0,0,450,0,0,0,0,0,0,0,0,0,0,0,0,0,0,0,0,0,0,0,0,0,0,0,0,0,0,0,0,0,0,0,0,0,0,0,,0,,,,,,,,,,,,,,,,,,,,,1,,,,4091,,,,,2,,,,,,,,,,,,,,,,,,,,,,,
190,Chain 3 Boots,1,126,0,0,0,0,0,0,453,0,0,0,0,0,0,0,0,0,0,0,0,0,0,0,0,0,0,0,0,0,0,0,0,0,0,0,0,0,0,0,0,,0,,,,,,,,,,,,,,,,,,,,,1,,,,,,4093,,,,2,,,,,,,,,,,,,,,,,,,,,,
191,Chain 4 Hauberk,1,106,454,455,0,0,458,0,0,0,0,0,2,1,0,0,0,0,0,0,0,0,0,0,0,0,0,0,0,0,0,0,0,0,0,0,0,0,0,0,0,,0,,,,,,,,,,,,,,,,,,,,,1,4094,4095,,,,,,6,,,1,1,,,,,,,,,,,,,,,,,,,,
192,Chain 4 Leggings,1,122,0,0,0,0,0,459,0,0,0,0,0,0,0,0,0,0,0,0,0,0,0,0,0,0,0,0,0,0,0,0,0,0,0,0,0,0,0,0,0,,0,,,,,,,,,,,,,,,,,,,,,1,,,,,4098,,,,,,,,,,,,,,,,,,,,,,,,,,,
193,Chain 4 Arms,1,112,0,0,456,0,0,0,0,0,0,0,0,0,0,0,0,0,0,0,0,0,0,0,0,0,0,0,0,0,0,0,0,0,0,0,0,0,0,0,0,,0,,,,,,,,,,,,,,,,,,,,,1,,,4096,,,,,,,,,,,,,,,,,,,,,,,,,,,,,
194,Chain 4 Gloves,1,116,0,0,0,457,0,0,0,0,0,0,0,0,0,0,0,0,0,0,0,0,0,0,0,0,0,0,0,0,0,0,0,0,0,0,0,0,0,0,0,,0,,,,,,,,,,,,,,,,,,,,,1,,,,4097,,,,,2,,,,,,,,,,,,,,,,,,,,,,,
195,Chain 4 Boots,1,126,0,0,0,0,0,0,460,0,0,0,0,0,0,0,0,0,0,0,0,0,0,0,0,0,0,0,0,0,0,0,0,0,0,0,0,0,0,0,0,,0,,,,,,,,,,,,,,,,,,,,,1,,,,,,4099,,,,2,,,,,,,,,,,,,,,,,,,,,,
196,Special Chain Hauberk,1,106,461,462,0,0,465,0,0,0,0,0,2,1,0,0,0,0,0,0,0,0,0,0,0,0,0,0,0,0,0,0,0,0,0,0,0,0,0,0,0,,0,,,,,,,,,,,,,,,,,,,,,1,4100,4101,,,,,,6,,,1,1,,,,,,,,,,,,,,,,,,,,
197,Special Chain Leggings,1,122,0,0,0,0,0,466,0,0,0,0,0,0,0,0,0,0,0,0,0,0,0,0,0,0,0,0,0,0,0,0,0,0,0,0,0,0,0,0,0,,0,,,,,,,,,,,,,,,,,,,,,1,,,,,4104,,,,,,,,,,,,,,,,,,,,,,,,,,,
198,Special Chain Arms,1,112,0,0,463,0,0,0,0,0,0,0,0,0,0,0,0,0,0,0,0,0,0,0,0,0,0,0,0,0,0,0,0,0,0,0,0,0,0,0,0,,0,,,,,,,,,,,,,,,,,,,,,1,,,4102,,,,,,,,,,,,,,,,,,,,,,,,,,,,,
199,Special Chain Gloves,1,116,0,0,0,464,0,0,0,0,0,0,0,0,0,0,0,0,0,0,0,0,0,0,0,0,0,0,0,0,0,0,0,0,0,0,0,0,0,0,0,,0,,,,,,,,,,,,,,,,,,,,,1,,,,4103,,,,,2,,,,,,,,,,,,,,,,,,,,,,,
200,Special Chain Boots,1,126,0,0,0,0,0,0,467,0,0,0,0,0,0,0,0,0,0,0,0,0,0,0,0,0,0,0,0,0,0,0,0,0,0,0,0,0,0,0,0,,0,,,,,,,,,,,,,,,,,,,,,1,,,,,,4105,,,,2,,,,,,,,,,,,,,,,,,,,,,
201,Plate 3 Breast,1,109,468,469,0,0,472,0,0,0,0,0,1,1,0,0,0,0,0,0,0,0,0,0,0,0,0,0,0,0,0,0,0,0,0,0,0,0,0,0,0,,0,,,,,,,,,,,,,,,,,,,,,1,4106,4107,,,,,,12,,,1,1,,,,,,,,,,,,,,,,,,,,
202,Plate 3 Legs,1,123,0,0,0,0,0,473,0,0,0,0,0,0,0,0,0,0,0,0,0,0,0,0,0,0,0,0,0,0,0,0,0,0,0,0,0,0,0,0,0,,0,,,,,,,,,,,,,,,,,,,,,1,,,,,4110,,,,,,,,,,,,,,,,,,,,,,,,,,,
203,Plate 3 Arms,1,113,0,0,470,0,0,0,0,0,0,0,0,0,0,0,0,0,0,0,0,0,0,0,0,0,0,0,0,0,0,0,0,0,0,0,0,0,0,0,0,,0,,,,,,,,,,,,,,,,,,,,,1,,,4108,,,,,,,,,,,,,,,,,,,,,,,,,,,,,
204,Plate 3 Gloves,1,117,0,0,0,471,0,0,0,0,0,0,0,0,0,0,0,0,0,0,0,0,0,0,0,0,0,0,0,0,0,0,0,0,0,0,0,0,0,0,0,,0,,,,,,,,,,,,,,,,,,,,,1,,,,4109,,,,,4,,,,,,,,,,,,,,,,,,,,,,,
205,Plate 3 Boots,1,127,0,0,0,0,0,0,474,0,0,0,0,0,0,0,0,0,0,0,0,0,0,0,0,0,0,0,0,0,0,0,0,0,0,0,0,0,0,0,0,,0,,,,,,,,,,,,,,,,,,,,,1,,,,,,4111,,,,4,,,,,,,,,,,,,,,,,,,,,,
206,Plate 4 Breast,1,109,475,476,0,0,479,0,0,0,0,0,1,1,0,0,0,0,0,0,0,0,0,0,0,0,0,0,0,0,0,0,0,0,0,0,0,0,0,0,0,,0,,,,,,,,,,,,,,,,,,,,,1,4112,4113,,,,,,12,,,1,1,,,,,,,,,,,,,,,,,,,,
207,Plate 4 Legs,1,123,0,0,0,0,0,480,0,0,0,0,0,0,0,0,0,0,0,0,0,0,0,0,0,0,0,0,0,0,0,0,0,0,0,0,0,0,0,0,0,,0,,,,,,,,,,,,,,,,,,,,,1,,,,,4116,,,,,,,,,,,,,,,,,,,,,,,,,,,
208,Plate 4 Arms,1,113,0,0,477,0,0,0,0,0,0,0,0,0,0,0,0,0,0,0,0,0,0,0,0,0,0,0,0,0,0,0,0,0,0,0,0,0,0,0,0,,0,,,,,,,,,,,,,,,,,,,,,1,,,4114,,,,,,,,,,,,,,,,,,,,,,,,,,,,,
209,Plate 4 Gloves,1,117,0,0,0,478,0,0,0,0,0,0,0,0,0,0,0,0,0,0,0,0,0,0,0,0,0,0,0,0,0,0,0,0,0,0,0,0,0,0,0,,0,,,,,,,,,,,,,,,,,,,,,1,,,,4115,,,,,4,,,,,,,,,,,,,,,,,,,,,,,
210,Plate 4 Boots,1,127,0,0,0,0,0,0,481,0,0,0,0,0,0,0,0,0,0,0,0,0,0,0,0,0,0,0,0,0,0,0,0,0,0,0,0,0,0,0,0,,0,,,,,,,,,,,,,,,,,,,,,1,,,,,,4117,,,,4,,,,,,,,,,,,,,,,,,,,,,
211,Special Plate Breast,1,109,482,483,0,0,486,0,0,0,0,0,1,1,0,0,0,0,0,0,0,0,0,0,0,0,0,0,0,0,0,0,0,0,0,0,0,0,0,0,0,,0,,,,,,,,,,,,,,,,,,,,,1,4118,4119,,,,,,12,,,1,1,,,,,,,,,,,,,,,,,,,,
212,Special Plate Legs,1,123,0,0,0,0,0,487,0,0,0,0,0,0,0,0,0,0,0,0,0,0,0,0,0,0,0,0,0,0,0,0,0,0,0,0,0,0,0,0,0,,0,,,,,,,,,,,,,,,,,,,,,1,,,,,4122,,,,,,,,,,,,,,,,,,,,,,,,,,,
213,Special Plate Arms,1,113,0,0,484,0,0,0,0,0,0,0,0,0,0,0,0,0,0,0,0,0,0,0,0,0,0,0,0,0,0,0,0,0,0,0,0,0,0,0,0,,0,,,,,,,,,,,,,,,,,,,,,1,,,4120,,,,,,,,,,,,,,,,,,,,,,,,,,,,,
214,Special Plate Gloves,1,117,0,0,0,485,0,0,0,0,0,0,0,0,0,0,0,0,0,0,0,0,0,0,0,0,0,0,0,0,0,0,0,0,0,0,0,0,0,0,0,,0,,,,,,,,,,,,,,,,,,,,,1,,,,4121,,,,,4,,,,,,,,,,,,,,,,,,,,,,,
215,Special Plate Boots,1,127,0,0,0,0,0,0,488,0,0,0,0,0,0,0,0,0,0,0,0,0,0,0,0,0,0,0,0,0,0,0,0,0,0,0,0,0,0,0,0,,0,,,,,,,,,,,,,,,,,,,,,1,,,,,,4123,,,,4,,,,,,,,,,,,,,,,,,,,,,
216,Studded 4 Vest,1,163,489,490,0,0,493,0,0,0,0,0,1,1,0,0,0,0,0,0,0,0,0,0,0,0,0,0,0,0,0,0,0,0,0,0,0,0,0,0,0,,0,,,,,,,,,,,,,,,,,,,,,1,4124,4125,,,,,,19,,,1,1,,,,,,,,,,,,,,,,,,,,
217,Studded 4 Legs,1,166,0,0,0,0,0,494,0,0,0,0,0,0,0,0,0,0,0,0,0,0,0,0,0,0,0,0,0,0,0,0,0,0,0,0,0,0,0,0,0,,0,,,,,,,,,,,,,,,,,,,,,1,,,,,4128,,,,,,,,,,,,,,,,,,,,,,,,,,,
218,Studded 4 Arms,1,164,0,0,491,0,0,0,0,0,0,0,0,0,0,0,0,0,0,0,0,0,0,0,0,0,0,0,0,0,0,0,0,0,0,0,0,0,0,0,0,,0,,,,,,,,,,,,,,,,,,,,,1,,,4126,,,,,,,,,,,,,,,,,,,,,,,,,,,,,
219,Studded 4 Gloves,1,165,0,0,0,492,0,0,0,0,0,0,0,0,0,0,0,0,0,0,0,0,0,0,0,0,0,0,0,0,0,0,0,0,0,0,0,0,0,0,0,,0,,,,,,,,,,,,,,,,,,,,,1,,,,4127,,,,,3,,,,,,,,,,,,,,,,,,,,,,,
220,Studded 4 Boots,1,167,0,0,0,0,0,0,495,0,0,0,0,0,0,0,0,0,0,0,0,0,0,0,0,0,0,0,0,0,0,0,0,0,0,0,0,0,0,0,0,,0,,,,,,,,,,,,,,,,,,,,,1,,,,,,4129,,,,3,,,,,,,,,,,,,,,,,,,,,,
221,Special Studded Vest,1,163,496,497,0,0,500,0,0,0,0,0,1,1,0,0,0,0,0,0,0,0,0,0,0,0,0,0,0,0,0,0,0,0,0,0,0,0,0,0,0,,0,,,,,,,,,,,,,,,,,,,,,1,4130,4131,,,,,,19,,,1,1,,,,,,,,,,,,,,,,,,,,
222,Special Studded Legs,1,166,0,0,0,0,0,501,0,0,0,0,0,0,0,0,0,0,0,0,0,0,0,0,0,0,0,0,0,0,0,0,0,0,0,0,0,0,0,0,0,,0,,,,,,,,,,,,,,,,,,,,,1,,,,,4134,,,,,,,,,,,,,,,,,,,,,,,,,,,
223,Special Studded Arms,1,164,0,0,498,0,0,0,0,0,0,0,0,0,0,0,0,0,0,0,0,0,0,0,0,0,0,0,0,0,0,0,0,0,0,0,0,0,0,0,0,,0,,,,,,,,,,,,,,,,,,,,,1,,,4132,,,,,,,,,,,,,,,,,,,,,,,,,,,,,
224,Special Studded Gloves,1,165,0,0,0,499,0,0,0,0,0,0,0,0,0,0,0,0,0,0,0,0,0,0,0,0,0,0,0,0,0,0,0,0,0,0,0,0,0,0,0,,0,,,,,,,,,,,,,,,,,,,,,1,,,,4133,,,,,3,,,,,,,,,,,,,,,,,,,,,,,
225,Special Studded Boots,1,167,0,0,0,0,0,0,502,0,0,0,0,0,0,0,0,0,0,0,0,0,0,0,0,0,0,0,0,0,0,0,0,0,0,0,0,0,0,0,0,,0,,,,,,,,,,,,,,,,,,,,,1,,,,,,4135,,,,3,,,,,,,,,,,,,,,,,,,,,,
226,Crossbow,41,227,0,0,0,0,0,0,0,0,0,0,0,0,0,0,0,6,1,3,0,0,0,0,0,0,0,0,0,0,0,0,0,0,0,0,0,0,0,0,0,,0,,,,,,,,,,,,,,,,,,,,,,,,,,,,,,,,,,,,,,,,,,,,,,,,,,,,,
227,Lute,42,228,0,0,0,0,0,0,0,0,0,0,0,0,0,0,0,0,1,0,0,0,0,0,0,0,0,0,0,0,0,0,0,0,0,0,0,0,0,0,0,,0,,,,,,,,,,,,,,,,,,,,,,,,,,,,,,,,,,,,,,,,,,,,,,,,1,,,,,
228,Drum,43,229,0,0,0,0,0,0,0,0,0,0,0,0,0,0,0,0,1,0,0,0,0,0,0,0,0,0,0,0,0,0,0,0,0,0,0,0,0,0,0,,0,,,,,,,,,,,,,,,,,,,,,,,,,,,,,,,,,,,,,,,,,,,,,,,,1,,,,,
229,Dyes,1,168,0,0,0,0,0,0,0,0,0,0,0,0,0,0,0,0,0,0,0,0,0,0,0,0,0,0,0,0,0,0,0,0,0,0,0,0,0,0,0,,0,,,,,,,,,,,,,,,,,,,,,,,,,,,,,,,,,,,,,,,,,,,,,,,,,,,,,
230,Norse Studded Vest,1,163,503,504,0,0,507,0,0,0,0,0,1,1,0,0,0,0,0,0,0,0,0,0,0,0,0,0,0,0,0,0,0,0,0,0,0,0,0,0,0,,0,,,,,,,,,,,,,,,,,,,,,1,4136,4137,,,,,,20,,,1,1,,,,,,,,,,,,,,,,,,,,
231,Norse Studded Legs,1,166,0,0,0,0,0,508,0,0,0,0,0,0,0,0,0,0,0,0,0,0,0,0,0,0,0,0,0,0,0,0,0,0,0,0,0,0,0,0,0,,0,,,,,,,,,,,,,,,,,,,,,1,,,,,4140,,,,,,,,,,,,,,,,,,,,,,,,,,,
232,Norse Studded Arms,1,164,0,0,505,0,0,0,0,0,0,0,0,0,0,0,0,0,0,0,0,0,0,0,0,0,0,0,0,0,0,0,0,0,0,0,0,0,0,0,0,,0,,,,,,,,,,,,,,,,,,,,,1,,,4138,,,,,,,,,,,,,,,,,,,,,,,,,,,,,
233,Norse Studded Gloves,1,165,0,0,0,506,0,0,0,0,0,0,0,0,0,0,0,0,0,0,0,0,0,0,0,0,0,0,0,0,0,0,0,0,0,0,0,0,0,0,0,,0,,,,,,,,,,,,,,,,,,,,,1,,,,4139,,,,,3,,,,,,,,,,,,,,,,,,,,,,,
234,Norse Studded Boots,1,167,0,0,0,0,0,0,509,0,0,0,0,0,0,0,0,0,0,0,0,0,0,0,0,0,0,0,0,0,0,0,0,0,0,0,0,0,0,0,0,,0,,,,,,,,,,,,,,,,,,,,,1,,,,,,4141,,,,3,,,,,,,,,,,,,,,,,,,,,,
235,Norse Chain Vest,1,106,510,511,0,0,514,0,0,0,0,0,2,2,0,0,0,0,0,0,0,0,0,0,0,0,0,0,0,0,0,0,0,0,0,0,0,0,0,0,0,,0,,,,,,,,,,,,,,,,,,,,,1,4142,2739,,,,,,6,,,1,1,,,,,,,,,,,,,,,,,,,,
236,Norse Chain Legs,1,122,0,0,0,0,0,515,0,0,0,0,0,0,0,0,0,0,0,0,0,0,0,0,0,0,0,0,0,0,0,0,0,0,0,0,0,0,0,0,0,,0,,,,,,,,,,,,,,,,,,,,,1,,,,,4146,,,,,,,,,,,,,,,,,,,,,,,,,,,
237,Norse Chain Arms,1,112,0,0,512,0,0,0,0,0,0,0,0,0,0,0,0,0,0,0,0,0,0,0,0,0,0,0,0,0,0,0,0,0,0,0,0,0,0,0,0,,0,,,,,,,,,,,,,,,,,,,,,1,,,4144,,,,,,,,,,,,,,,,,,,,,,,,,,,,,
238,Norse Chain Gloves,1,116,0,0,0,513,0,0,0,0,0,0,0,0,0,0,0,0,0,0,0,0,0,0,0,0,0,0,0,0,0,0,0,0,0,0,0,0,0,0,0,,0,,,,,,,,,,,,,,,,,,,,,1,,,,4145,,,,,2,,,,,,,,,,,,,,,,,,,,,,,
239,Norse Chain Boots,1,126,0,0,0,0,0,0,516,0,0,0,0,0,0,0,0,0,0,0,0,0,0,0,0,0,0,0,0,0,0,0,0,0,0,0,0,0,0,0,0,,0,,,,,,,,,,,,,,,,,,,,,1,,,,,,4147,,,,2,,,,,,,,,,,,,,,,,,,,,,
240,Norse Leather Vest,1,105,517,518,0,0,521,0,0,0,0,0,1,1,0,0,0,0,0,0,0,0,0,0,0,0,0,0,0,0,0,0,0,0,0,0,0,0,0,0,0,,0,,,,,,,,,,,,,,,,,,,,,1,4148,4149,,,,,,11,,,1,1,,,,,,,,,,,,,,,,,,,,
241,Norse Leather Legs,1,121,0,0,0,0,0,522,0,0,0,0,0,0,0,0,0,0,0,0,0,0,0,0,0,0,0,0,0,0,0,0,0,0,0,0,0,0,0,0,0,,0,,,,,,,,,,,,,,,,,,,,,1,,,,,4152,,,,,,,,,,,,,,,,,,,,,,,,,,,
242,Norse Leather Arms,1,111,0,0,519,0,0,0,0,0,0,0,0,0,0,0,0,0,0,0,0,0,0,0,0,0,0,0,0,0,0,0,0,0,0,0,0,0,0,0,0,,0,,,,,,,,,,,,,,,,,,,,,1,,,4150,,,,,,,,,,,,,,,,,,,,,,,,,,,,,
243,Norse Leather Gloves,1,115,0,0,0,520,0,0,0,0,0,0,0,0,0,0,0,0,0,0,0,0,0,0,0,0,0,0,0,0,0,0,0,0,0,0,0,0,0,0,0,,0,,,,,,,,,,,,,,,,,,,,,1,,,,4151,,,,,2,,,,,,,,,,,,,,,,,,,,,,,
244,Norse Leather Boots,1,125,0,0,0,0,0,0,523,0,0,0,0,0,0,0,0,0,0,0,0,0,0,0,0,0,0,0,0,0,0,0,0,0,0,0,0,0,0,0,0,,0,,,,,,,,,,,,,,,,,,,,,1,,,,,,4153,,,,3,,,,,,,,,,,,,,,,,,,,,,
245,Norse Cloth Vest,1,104,525,524,0,0,528,0,0,0,0,0,1,1,0,0,0,0,0,0,0,0,0,0,0,0,0,0,0,0,0,0,0,0,0,0,0,0,0,0,0,,0,,,,,,,,,,,,,,,,,,,,,1,4155,4154,,,,,,1,,,1,1,,,,,,,,,,,,,,,,,,,,
246,Norse Cloth Legs,1,120,0,0,0,0,0,529,0,0,0,0,0,0,0,0,0,0,0,0,0,0,0,0,0,0,0,0,0,0,0,0,0,0,0,0,0,0,0,0,0,,0,,,,,,,,,,,,,,,,,,,,,1,,,,,4158,,,,,,,,,,,,,,,,,,,,,,1,,,,,
247,Norse Cloth Arms,1,110,0,0,530,0,0,0,0,0,0,0,0,0,0,0,0,0,0,0,0,0,0,0,0,0,0,0,0,0,0,0,0,0,0,0,0,0,0,0,0,,0,,,,,,,,,,,,,,,,,,,,,1,,,4159,,,,,,,,,,,,,,,,,,,,,,,,1,,,,,
248,Norse Cloth Gloves,1,114,0,0,0,527,0,0,0,0,0,0,0,0,0,0,0,0,0,0,0,0,0,0,0,0,0,0,0,0,0,0,0,0,0,0,0,0,0,0,0,,0,,,,,,,,,,,,,,,,,,,,,1,,,,4157,,,,,7,,,,,,,,,,,,,,,,,,1,,,,,
249,Norse Cloth Boots,1,124,0,0,0,0,0,0,526,0,0,0,0,0,0,0,0,0,0,0,0,0,0,0,0,0,0,0,0,0,0,0,0,0,0,0,0,0,0,0,0,,0,,,,,,,,,,,,,,,,,,,,,1,,,,,,4156,,,,7,,,,,,,,,,,,,,,,,,,,,,
250,Norse Studded 2 Vest,1,163,531,532,0,0,535,0,0,0,0,0,1,1,0,0,0,0,0,0,0,0,0,0,0,0,0,0,0,0,0,0,0,0,0,0,0,0,0,0,0,,0,,,,,,,,,,,,,,,,,,,,,1,4160,4161,,,,,,20,,,1,1,,,,,,,,,,,,,,,,,,,,
251,Norse Studded 2 Legs,1,166,0,0,0,0,0,536,0,0,0,0,0,0,0,0,0,0,0,0,0,0,0,0,0,0,0,0,0,0,0,0,0,0,0,0,0,0,0,0,0,,0,,,,,,,,,,,,,,,,,,,,,1,,,,,4164,,,,,,,,,,,,,,,,,,,,,,,,,,,
252,Norse Studded 2 Arms,1,164,0,0,533,0,0,0,0,0,0,0,0,0,0,0,0,0,0,0,0,0,0,0,0,0,0,0,0,0,0,0,0,0,0,0,0,0,0,0,0,,0,,,,,,,,,,,,,,,,,,,,,1,,,4162,,,,,,,,,,,,,,,,,,,,,,,,,,,,,
253,Norse Studded 2 Gloves,1,165,0,0,0,534,0,0,0,0,0,0,0,0,0,0,0,0,0,0,0,0,0,0,0,0,0,0,0,0,0,0,0,0,0,0,0,0,0,0,0,,0,,,,,,,,,,,,,,,,,,,,,1,,,,4163,,,,,3,,,,,,,,,,,,,,,,,,,,,,,
254,Norse Studded 2 Boots,1,167,0,0,0,0,0,0,537,0,0,0,0,0,0,0,0,0,0,0,0,0,0,0,0,0,0,0,0,0,0,0,0,0,0,0,0,0,0,0,0,,0,,,,,,,,,,,,,,,,,,,,,1,,,,,,4165,,,,3,,,,,,,,,,,,,,,,,,,,,,
255,Norse Chain 2 Vest,1,106,538,539,0,0,542,0,0,0,0,0,2,2,0,0,0,0,0,0,0,0,0,0,0,0,0,0,0,0,0,0,0,0,0,0,0,0,0,0,0,,0,,,,,,,,,,,,,,,,,,,,,1,4166,4167,,,,,,6,,,1,1,,,,,,,,,,,,,,,,,,,,
256,Norse Chain 2 Legs,1,122,0,0,0,0,0,543,0,0,0,0,0,0,0,0,0,0,0,0,0,0,0,0,0,0,0,0,0,0,0,0,0,0,0,0,0,0,0,0,0,,0,,,,,,,,,,,,,,,,,,,,,1,,,,,4170,,,,,,,,,,,,,,,,,,,,,,,,,,,
257,Norse Chain 2 Arms,1,112,0,0,540,0,0,0,0,0,0,0,0,0,0,0,0,0,0,0,0,0,0,0,0,0,0,0,0,0,0,0,0,0,0,0,0,0,0,0,0,,0,,,,,,,,,,,,,,,,,,,,,1,,,4168,,,,,,,,,,,,,,,,,,,,,,,,,,,,,
258,Norse Chain 2 Gloves,1,116,0,0,0,541,0,0,0,0,0,0,0,0,0,0,0,0,0,0,0,0,0,0,0,0,0,0,0,0,0,0,0,0,0,0,0,0,0,0,0,,0,,,,,,,,,,,,,,,,,,,,,1,,,,4169,,,,,2,,,,,,,,,,,,,,,,,,,,,,,
259,Norse Chain 2 Boots,1,126,0,0,0,0,0,0,544,0,0,0,0,0,0,0,0,0,0,0,0,0,0,0,0,0,0,0,0,0,0,0,0,0,0,0,0,0,0,0,0,,0,,,,,,,,,,,,,,,,,,,,,1,,,,,,4171,,,,2,,,,,,,,,,,,,,,,,,,,,,
260,Norse Leather 2 Vest,1,105,545,546,0,0,549,0,0,0,0,0,1,1,0,0,0,0,0,0,0,0,0,0,0,0,0,0,0,0,0,0,0,0,0,0,0,0,0,0,0,,0,,,,,,,,,,,,,,,,,,,,,1,4172,4173,,,,,,20,,,1,1,,,,,,,,,,,,,,,,,,,,
261,Norse Leather 2 Legs,1,121,0,0,0,0,0,550,0,0,0,0,0,0,0,0,0,0,0,0,0,0,0,0,0,0,0,0,0,0,0,0,0,0,0,0,0,0,0,0,0,,0,,,,,,,,,,,,,,,,,,,,,1,,,,,4176,,,,,,,,,,,,,,,,,,,,,,,,,,,
262,Norse Leather 2 Arms,1,111,0,0,547,0,0,0,0,0,0,0,0,0,0,0,0,0,0,0,0,0,0,0,0,0,0,0,0,0,0,0,0,0,0,0,0,0,0,0,0,,0,,,,,,,,,,,,,,,,,,,,,1,,,4174,,,,,,,,,,,,,,,,,,,,,,,,,,,,,
263,Norse Leather 2 Gloves,1,115,0,0,0,548,0,0,0,0,0,0,0,0,0,0,0,0,0,0,0,0,0,0,0,0,0,0,0,0,0,0,0,0,0,0,0,0,0,0,0,,0,,,,,,,,,,,,,,,,,,,,,1,,,,4175,,,,,2,,,,,,,,,,,,,,,,,,,,,,,
264,Norse Leather 2 Boots,1,125,0,0,0,0,0,0,551,0,0,0,0,0,0,0,0,0,0,0,0,0,0,0,0,0,0,0,0,0,0,0,0,0,0,0,0,0,0,0,0,,0,,,,,,,,,,,,,,,,,,,,,1,,,,,,4177,,,,3,,,,,,,,,,,,,,,,,,,,,,
265,Norse Cloth 2 Vest,1,104,553,552,0,0,556,0,0,0,0,0,1,1,0,0,0,0,0,0,0,0,0,0,0,0,0,0,0,0,0,0,0,0,0,0,0,0,0,0,0,,0,,,,,,,,,,,,,,,,,,,,,1,4179,4178,,,,,,1,,,1,1,,,,,,,,,,,,,,,,,,,,
266,Norse Cloth 2 Legs,1,120,0,0,0,0,0,557,0,0,0,0,0,0,0,0,0,0,0,0,0,0,0,0,0,0,0,0,0,0,0,0,0,0,0,0,0,0,0,0,0,,0,,,,,,,,,,,,,,,,,,,,,1,,,,,4182,,,,,,,,,,,,,,,,,,,,,,,,,,,
267,Norse Cloth 2 Arms,1,110,0,0,558,0,0,0,0,0,0,0,0,0,0,0,0,0,0,0,0,0,0,0,0,0,0,0,0,0,0,0,0,0,0,0,0,0,0,0,0,,0,,,,,,,,,,,,,,,,,,,,,1,,,4183,,,,,,,,,,,,,,,,,,,,,,,,,,,,,
268,Norse Cloth 2 Gloves,1,114,0,0,0,555,0,0,0,0,0,0,0,0,0,0,0,0,0,0,0,0,0,0,0,0,0,0,0,0,0,0,0,0,0,0,0,0,0,0,0,,0,,,,,,,,,,,,,,,,,,,,,1,,,,4181,,,,,7,,,,,,,,,,,,,,,,,,,,,,,
269,Norse Cloth 2 Boots,1,124,0,0,0,0,0,0,554,0,0,0,0,0,0,0,0,0,0,0,0,0,0,0,0,0,0,0,0,0,0,0,0,0,0,0,0,0,0,0,0,,0,,,,,,,,,,,,,,,,,,,,,1,,,,,,4180,,,,7,,,,,,,,,,,,,,,,,,,,,,
270,Norse Studded 3 Vest,1,163,559,560,0,0,563,0,0,0,0,0,1,1,0,0,0,0,0,0,0,0,0,0,0,0,0,0,0,0,0,0,0,0,0,0,0,0,0,0,0,,0,,,,,,,,,,,,,,,,,,,,,1,4184,4185,,,,,,19,,,1,1,,,,,,,,,,,,,,,,,,,,
271,Norse Studded 3 Legs,1,166,0,0,0,0,0,564,0,0,0,0,0,0,0,0,0,0,0,0,0,0,0,0,0,0,0,0,0,0,0,0,0,0,0,0,0,0,0,0,0,,0,,,,,,,,,,,,,,,,,,,,,1,,,,,4188,,,,,,,,,,,,,,,,,,,,,,1,,,,,
272,Norse Studded 3 Arms,1,164,0,0,561,0,0,0,0,0,0,0,0,0,0,0,0,0,0,0,0,0,0,0,0,0,0,0,0,0,0,0,0,0,0,0,0,0,0,0,0,,0,,,,,,,,,,,,,,,,,,,,,1,,,4186,,,,,,,,,,,,,,,,,,,,,,,,1,,,,,
273,Norse Studded 3 Gloves,1,165,0,0,0,562,0,0,0,0,0,0,0,0,0,0,0,0,0,0,0,0,0,0,0,0,0,0,0,0,0,0,0,0,0,0,0,0,0,0,0,,0,,,,,,,,,,,,,,,,,,,,,1,,,,4187,,,,,3,,,,,,,,,,,,,,,,,,,,,,,
274,Norse Studded 3 Boots,1,167,0,0,0,0,0,0,565,0,0,0,0,0,0,0,0,0,0,0,0,0,0,0,0,0,0,0,0,0,0,0,0,0,0,0,0,0,0,0,0,,0,,,,,,,,,,,,,,,,,,,,,1,,,,,,4189,,,,3,,,,,,,,,,,,,,,,,,,,,,
275,Norse Chain 3 Vest,1,106,566,567,0,0,570,0,0,0,0,0,2,2,0,0,0,0,0,0,0,0,0,0,0,0,0,0,0,0,0,0,0,0,0,0,0,0,0,0,0,,0,,,,,,,,,,,,,,,,,,,,,1,4592,4593,,,,,,6,,,1,1,,,,,,,,,,,,,,,1,,,,,
276,Norse Chain 3 Legs,1,122,0,0,0,0,0,571,0,0,0,0,0,0,0,0,0,0,0,0,0,0,0,0,0,0,0,0,0,0,0,0,0,0,0,0,0,0,0,0,0,,0,,,,,,,,,,,,,,,,,,,,,1,,,,,4194,,,,,,,,,,,,,,,,,,,,,,1,,,,,
277,Norse Chain 3 Arms,1,112,0,0,568,0,0,0,0,0,0,0,0,0,0,0,0,0,0,0,0,0,0,0,0,0,0,0,0,0,0,0,0,0,0,0,0,0,0,0,0,,0,,,,,,,,,,,,,,,,,,,,,1,,,4192,,,,,,,,,,,,,,,,,,,,,,,,1,,,,,
278,Norse Chain 3 Gloves,1,116,0,0,0,569,0,0,0,0,0,0,0,0,0,0,0,0,0,0,0,0,0,0,0,0,0,0,0,0,0,0,0,0,0,0,0,0,0,0,0,,0,,,,,,,,,,,,,,,,,,,,,1,,,,4193,,,,,2,,,,,,,,,,,,,,,,,,1,,,,,
279,Norse Chain 3 Boots,1,126,0,0,0,0,0,0,572,0,0,0,0,0,0,0,0,0,0,0,0,0,0,0,0,0,0,0,0,0,0,0,0,0,0,0,0,0,0,0,0,,0,,,,,,,,,,,,,,,,,,,,,1,,,,,,4195,,,,2,,,,,,,,,,,,,,,,,,,,,,
280,Norse Leather 3 Vest,1,105,573,574,0,0,577,0,0,0,0,0,1,1,0,0,0,0,0,0,0,0,0,0,0,0,0,0,0,0,0,0,0,0,0,0,0,0,0,0,0,,0,,,,,,,,,,,,,,,,,,,,,1,4196,4197,,,,,,20,,,1,1,,,,,,,,,,,,,,,,,,,,
281,Norse Leather 3 Legs,1,121,0,0,0,0,0,578,0,0,0,0,0,0,0,0,0,0,0,0,0,0,0,0,0,0,0,0,0,0,0,0,0,0,0,0,0,0,0,0,0,,0,,,,,,,,,,,,,,,,,,,,,1,,,,,4200,,,,,,,,,,,,,,,,,,,,,,1,,,,,
282,Norse Leather 3 Arms,1,111,0,0,575,0,0,0,0,0,0,0,0,0,0,0,0,0,0,0,0,0,0,0,0,0,0,0,0,0,0,0,0,0,0,0,0,0,0,0,0,,0,,,,,,,,,,,,,,,,,,,,,1,,,4198,,,,,,,,,,,,,,,,,,,,,,,,1,,,,,
283,Norse Leather 3 Gloves,1,115,0,0,0,576,0,0,0,0,0,0,0,0,0,0,0,0,0,0,0,0,0,0,0,0,0,0,0,0,0,0,0,0,0,0,0,0,0,0,0,,0,,,,,,,,,,,,,,,,,,,,,1,,,,4199,,,,,2,,,,,,,,,,,,,,,,,,1,,,,,
284,Norse Leather 3 Boots,1,125,0,0,0,0,0,0,579,0,0,0,0,0,0,0,0,0,0,0,0,0,0,0,0,0,0,0,0,0,0,0,0,0,0,0,0,0,0,0,0,,0,,,,,,,,,,,,,,,,,,,,,1,,,,,,4201,,,,3,,,,,,,,,,,,,,,,,,,,,,
285,Norse Cloth 3 Vest,1,104,581,580,0,0,584,0,0,0,0,0,1,1,0,0,0,0,0,0,0,0,0,0,0,0,0,0,0,0,0,0,0,0,0,0,0,0,0,0,0,,0,,,,,,,,,,,,,,,,,,,,,1,4203,4202,,,,,,1,,,1,1,,,,,,,,,,,,,,,,,,,,
286,Norse Cloth 3 Legs,1,120,0,0,0,0,0,585,0,0,0,0,0,0,0,0,0,0,0,0,0,0,0,0,0,0,0,0,0,0,0,0,0,0,0,0,0,0,0,0,0,,0,,,,,,,,,,,,,,,,,,,,,1,,,,,4206,,,,,,,,,,,,,,,,,,,,,,,,,,,
287,Norse Cloth 3 Arms,1,110,0,0,586,0,0,0,0,0,0,0,0,0,0,0,0,0,0,0,0,0,0,0,0,0,0,0,0,0,0,0,0,0,0,0,0,0,0,0,0,,0,,,,,,,,,,,,,,,,,,,,,1,,,4207,,,,,,,,,,,,,,,,,,,,,,,,,,,,,
288,Norse Cloth 3 Gloves,1,114,0,0,0,583,0,0,0,0,0,0,0,0,0,0,0,0,0,0,0,0,0,0,0,0,0,0,0,0,0,0,0,0,0,0,0,0,0,0,0,,0,,,,,,,,,,,,,,,,,,,,,1,,,,4205,,,,,7,,,,,,,,,,,,,,,,,,,,,,,
289,Norse Cloth 3 Boots,1,124,0,0,0,0,0,0,582,0,0,0,0,0,0,0,0,0,0,0,0,0,0,0,0,0,0,0,0,0,0,0,0,0,0,0,0,0,0,0,0,,0,,,,,,,,,,,,,,,,,,,,,1,,,,,,4204,,,,7,,,,,,,,,,,,,,,,,,,,,,
290,Norse Studded Special Vest,1,163,587,588,0,0,591,0,0,0,0,0,1,1,0,0,0,0,0,0,0,0,0,0,0,0,0,0,0,0,0,0,0,0,0,0,0,0,0,0,0,,0,,,,,,,,,,,,,,,,,,,,,1,4208,4209,,,,,,11,,,1,1,,,,,,,,,,,,,,,,,,,,
291,Norse Studded Special Legs,1,166,0,0,0,0,0,592,0,0,0,0,0,0,0,0,0,0,0,0,0,0,0,0,0,0,0,0,0,0,0,0,0,0,0,0,0,0,0,0,0,,0,,,,,,,,,,,,,,,,,,,,,1,,,,,4212,,,,,,,,,,,,,,,,,,,,,,,,,,,
292,Norse Studded Special Arms,1,164,0,0,589,0,0,0,0,0,0,0,0,0,0,0,0,0,0,0,0,0,0,0,0,0,0,0,0,0,0,0,0,0,0,0,0,0,0,0,0,,0,,,,,,,,,,,,,,,,,,,,,1,,,4210,,,,,,,,,,,,,,,,,,,,,,,,,,,,,
293,Norse Studded Special Gloves,1,165,0,0,0,590,0,0,0,0,0,0,0,0,0,0,0,0,0,0,0,0,0,0,0,0,0,0,0,0,0,0,0,0,0,0,0,0,0,0,0,,0,,,,,,,,,,,,,,,,,,,,,1,,,,4211,,,,,3,,,,,,,,,,,,,,,,,,,,,,,
294,Norse Studded Special Boots,1,167,0,0,0,0,0,0,593,0,0,0,0,0,0,0,0,0,0,0,0,0,0,0,0,0,0,0,0,0,0,0,0,0,0,0,0,0,0,0,0,,0,,,,,,,,,,,,,,,,,,,,,1,,,,,,4213,,,,3,,,,,,,,,,,,,,,,,,,,,,
295,Norse Chain Special Vest,1,106,594,595,0,0,598,0,0,0,0,0,2,2,0,0,0,0,0,0,0,0,0,0,0,0,0,0,0,0,0,0,0,0,0,0,0,0,0,0,0,,0,,,,,,,,,,,,,,,,,,,,,1,4214,4215,,,,,,6,,,1,1,,,,,,,,,,,,,,,,,,,,
296,Norse Chain Special Legs,1,122,0,0,0,0,0,599,0,0,0,0,0,0,0,0,0,0,0,0,0,0,0,0,0,0,0,0,0,0,0,0,0,0,0,0,0,0,0,0,0,,0,,,,,,,,,,,,,,,,,,,,,1,,,,,4218,,,,,,,,,,,,,,,,,,,,,,,,,,,
297,Norse Chain Special Arms,1,112,0,0,596,0,0,0,0,0,0,0,0,0,0,0,0,0,0,0,0,0,0,0,0,0,0,0,0,0,0,0,0,0,0,0,0,0,0,0,0,,0,,,,,,,,,,,,,,,,,,,,,1,,,4216,,,,,,,,,,,,,,,,,,,,,,,,,,,,,
298,Norse Chain Special Gloves,1,116,0,0,0,597,0,0,0,0,0,0,0,0,0,0,0,0,0,0,0,0,0,0,0,0,0,0,0,0,0,0,0,0,0,0,0,0,0,0,0,,0,,,,,,,,,,,,,,,,,,,,,1,,,,4217,,,,,2,,,,,,,,,,,,,,,,,,,,,,,
299,Norse Chain Special Boots,1,126,0,0,0,0,0,0,600,0,0,0,0,0,0,0,0,0,0,0,0,0,0,0,0,0,0,0,0,0,0,0,0,0,0,0,0,0,0,0,0,,0,,,,,,,,,,,,,,,,,,,,,1,,,,,,4219,,,,2,,,,,,,,,,,,,,,,,,,,,,
300,Norse Leather Special Vest,1,105,601,602,0,0,605,0,0,0,0,0,1,1,0,0,0,0,0,0,0,0,0,0,0,0,0,0,0,0,0,0,0,0,0,0,0,0,0,0,0,,0,,,,,,,,,,,,,,,,,,,,,1,4220,4221,,,,,,20,,,1,1,,,,,,,,,,,,,,,,,,,,
301,Norse Leather Special Legs,1,121,0,0,0,0,0,606,0,0,0,0,0,0,0,0,0,0,0,0,0,0,0,0,0,0,0,0,0,0,0,0,0,0,0,0,0,0,0,0,0,,0,,,,,,,,,,,,,,,,,,,,,1,,,,,4224,,,,,,,,,,,,,,,,,,,,,,,,,,,
302,Norse Leather Special Arms,1,111,0,0,603,0,0,0,0,0,0,0,0,0,0,0,0,0,0,0,0,0,0,0,0,0,0,0,0,0,0,0,0,0,0,0,0,0,0,0,0,,0,,,,,,,,,,,,,,,,,,,,,1,,,4222,,,,,,,,,,,,,,,,,,,,,,,,,,,,,
303,Norse Leather Special Gloves,1,115,0,0,0,604,0,0,0,0,0,0,0,0,0,0,0,0,0,0,0,0,0,0,0,0,0,0,0,0,0,0,0,0,0,0,0,0,0,0,0,,0,,,,,,,,,,,,,,,,,,,,,1,,,,4223,,,,,2,,,,,,,,,,,,,,,,,,,,,,,
304,Norse Leather Special Boots,1,125,0,0,0,0,0,0,607,0,0,0,0,0,0,0,0,0,0,0,0,0,0,0,0,0,0,0,0,0,0,0,0,0,0,0,0,0,0,0,0,,0,,,,,,,,,,,,,,,,,,,,,1,,,,,,4225,,,,2,,,,,,,,,,,,,,,,,,,,,,
305,Norse Cloth Special Vest,1,104,609,608,0,0,612,0,0,0,0,0,1,1,0,0,0,0,0,0,0,0,0,0,0,0,0,0,0,0,0,0,0,0,0,0,0,0,0,0,0,,0,,,,,,,,,,,,,,,,,,,,,1,4227,4226,,,,,,1,,,1,1,,,,,,,,,,,,,,,,,,,,
306,Norse Cloth Special Legs,1,120,0,0,0,0,0,613,0,0,0,0,0,0,0,0,0,0,0,0,0,0,0,0,0,0,0,0,0,0,0,0,0,0,0,0,0,0,0,0,0,,0,,,,,,,,,,,,,,,,,,,,,1,,,,,4230,,,,,,,,,,,,,,,,,,,,,,,,,,,
307,Norse Cloth Special Arms,1,110,0,0,614,0,0,0,0,0,0,0,0,0,0,0,0,0,0,0,0,0,0,0,0,0,0,0,0,0,0,0,0,0,0,0,0,0,0,0,0,,0,,,,,,,,,,,,,,,,,,,,,1,,,4231,,,,,,,,,,,,,,,,,,,,,,,,,,,,,
308,Norse Cloth Special Gloves,1,114,0,0,0,611,0,0,0,0,0,0,0,0,0,0,0,0,0,0,0,0,0,0,0,0,0,0,0,0,0,0,0,0,0,0,0,0,0,0,0,,0,,,,,,,,,,,,,,,,,,,,,1,,,,4229,,,,,7,,,,,,,,,,,,,,,,,,,,,,,
309,Norse Cloth Special Boots,1,124,0,0,0,0,0,0,610,0,0,0,0,0,0,0,0,0,0,0,0,0,0,0,0,0,0,0,0,0,0,0,0,0,0,0,0,0,0,0,0,,0,,,,,,,,,,,,,,,,,,,,,1,,,,,,4228,,,,7,,,,,,,,,,,,,,,,,,,,,,
310,Norse Long Sword,131,202,0,0,0,0,0,0,0,0,0,0,0,0,0,1,0,1,0,1,0,0,0,0,0,0,0,0,0,0,0,0,0,0,0,0,0,0,0,0,0,,0,,,,,,,,,,,,,,,,,,,,,,,,,,,,,,,,,,,,,,,,,,,,,,,,,,,,,
311,Norse Short Sword,129,201,0,0,0,0,0,0,0,0,0,0,0,0,0,1,0,1,0,1,0,0,0,0,0,0,0,0,0,0,0,0,0,0,0,0,0,0,0,0,0,,0,,,,,,,,,,,,,,,,,,,,,,,,,,,,,,,,,,,,,,,,,,,,,,,,,,,,,
312,Norse Broad Sword,130,201,0,0,0,0,0,0,0,0,0,0,0,0,0,1,0,1,0,1,0,0,0,0,0,0,0,0,0,0,0,0,0,0,0,0,0,0,0,0,0,,0,,,,,,,,,,,,,,,,,,,,,,,,,,,,,,,,,,,,,,,,,,,,,,,,,,,,,
313,Norse Bastard Sword,132,202,0,0,0,0,0,0,0,0,0,0,0,0,0,1,0,1,0,1,0,0,0,0,0,0,0,0,0,0,0,0,0,0,0,0,0,0,0,0,0,,0,,,,,,,,,,,,,,,,,,,,,,,,,,,,,,,,,,,,,,,,,,,,,,,,,,,,,
314,Norse Two Sword,133,203,0,0,0,0,0,0,0,0,0,0,0,0,0,1,0,2,0,1,0,0,0,0,0,0,0,0,0,0,0,0,0,0,0,0,0,0,0,0,0,,0,,,,,,,,,,,,,,,,,,,,,,,,,,,,,,,,,,,,,,,,,,,,,,,,,,,,,
315,Norse Spiked axe,137,200,0,0,0,0,0,0,0,0,0,0,0,0,0,1,0,1,0,4,0,0,0,0,0,0,0,0,0,0,0,0,0,0,0,0,0,0,0,0,0,,0,,,,,,,,,,,,,,,,,,,,,,,,,,,,,,,,,,,,,,,,,,,,,,,,,,,,,
316,Norse Bearded Axe,135,200,0,0,0,0,0,0,0,0,0,0,0,0,0,1,0,1,0,4,0,0,0,0,0,0,0,0,0,0,0,0,0,0,0,0,0,0,0,0,0,,0,,,,,,,,,,,,,,,,,,,,,,,,,,,,,,,,,,,,,,,,,,,,,,,,,,,,,
317,Norse Great Axe,140,217,0,0,0,0,0,0,0,0,0,0,0,0,0,1,0,2,0,4,0,0,0,0,0,0,0,0,0,0,0,0,0,0,0,0,0,0,0,0,0,,0,,,,,,,,,,,,,,,,,,,,,,,,,,,,,,,,,,,,,,,,,,,,,,,,,,,,,
318,Norse Large Axe,138,217,0,0,0,0,0,0,0,0,0,0,0,0,0,1,0,2,0,4,0,0,0,0,0,0,0,0,0,0,0,0,0,0,0,0,0,0,0,0,0,,0,,,,,,,,,,,,,,,,,,,,,,,,,,,,,,,,,,,,,,,,,,,,,,,,,,,,,
319,Norse War Axe,136,216,0,0,0,0,0,0,0,0,0,0,0,0,0,1,0,1,0,4,0,0,0,0,0,0,0,0,0,0,0,0,0,0,0,0,0,0,0,0,0,,0,,,,,,,,,,,,,,,,,,,,,,,,,,,,,,,,,,,,,,,,,,,,,,,,,,,,,
320,Norse small hammer 1H,141,210,0,0,0,0,0,0,0,0,0,0,0,0,0,1,0,1,0,5,0,0,0,0,0,0,0,0,0,0,0,0,0,0,0,0,0,0,0,0,0,,0,,,,,,,,,,,,,,,,,,,,,,,,,,,,,,,,,,,,,,,,,,,,,,,,,,,,,
321,norse hammer 1H,142,210,0,0,0,0,0,0,0,0,0,0,0,0,0,1,0,1,0,5,0,0,0,0,0,0,0,0,0,0,0,0,0,0,0,0,0,0,0,0,0,,0,,,,,,,,,,,,,,,,,,,,,,,,,,,,,,,,,,,,,,,,,,,,,,,,,,,,,
322,norse warhammer 1H,143,210,0,0,0,0,0,0,0,0,0,0,0,0,0,1,0,1,0,5,0,0,0,0,0,0,0,0,0,0,0,0,0,0,0,0,0,0,0,0,0,,0,,,,,,,,,,,,,,,,,,,,,,,,,,,,,,,,,,,,,,,,,,,,,,,,,,,,,
323,norse pickhammer 1H,144,210,0,0,0,0,0,0,0,0,0,0,0,0,0,1,0,1,0,5,0,0,0,0,0,0,0,0,0,0,0,0,0,0,0,0,0,0,0,0,0,,0,,,,,,,,,,,,,,,,,,,,,,,,,,,,,,,,,,,,,,,,,,,,,,,,,,,,,
324,norse greathammer 1H,145,210,0,0,0,0,0,0,0,0,0,0,0,0,0,1,0,1,0,5,0,0,0,0,0,0,0,0,0,0,0,0,0,0,0,0,0,0,0,0,0,,0,,,,,,,,,,,,,,,,,,,,,,,,,,,,,,,,,,,,,,,,,,,,,,,,,,,,,
325,Flute,59,230,0,0,0,0,0,0,0,0,0,0,0,0,0,0,0,0,1,0,0,0,0,0,0,0,0,0,0,0,0,0,0,0,0,0,0,0,0,0,0,,0,,,,,,,,,,,,,,,,,,,,,,,,,,,,,,,,,,,,,,,,,,,,,,,,,,,,,
326,Norse Cloak,1,119,0,0,0,0,0,0,0,618,0,0,0,0,1,0,0,0,0,0,0,0,0,0,0,0,0,0,0,0,0,0,0,0,0,0,0,0,0,0,0,,0,,,,,,,,,,,,,,,,,,,,,,,,,,,,4972,,,,,,,,,,,,,,,,,,,,,,,,,
327,Norse staff,155,209,0,0,0,0,0,0,0,0,0,0,0,0,0,0,0,4,1,6,0,0,0,0,0,0,0,0,0,0,0,0,0,0,0,0,0,0,0,0,0,,0,,,,,,,,,,,,,,,,,,,,,,,,,,,,,,,,,,,,,,,,,,,,,,,,,,,,,
328,Norse Simple Spear,150,207,0,0,0,0,0,0,0,0,0,0,0,0,0,0,0,3,2,21,0,0,0,0,0,0,0,0,0,0,0,0,0,0,0,0,0,0,0,0,0,,0,,,,,,,,,,,,,,,,,,,,,,,,,,,,,,,,,,,,,,,,,,,,,,,,,,,,,
329,Norse Long Spear,151,207,0,0,0,0,0,0,0,0,0,0,0,0,0,0,0,3,2,21,0,0,0,0,0,0,0,0,0,0,0,0,0,0,0,0,0,0,0,0,0,,0,,,,,,,,,,,,,,,,,,,,,,,,,,,,,,,,,,,,,,,,,,,,,,,,,,,,,
330,Norse Trident,152,207,0,0,0,0,0,0,0,0,0,0,0,0,0,0,0,3,2,21,0,0,0,0,0,0,0,0,0,0,0,0,0,0,0,0,0,0,0,0,0,,0,,,,,,,,,,,,,,,,,,,,,,,,,,,,,,,,,,,,,,,,,,,,,,,,,,,,,
331,Norse Bill Spear,153,207,0,0,0,0,0,0,0,0,0,0,0,0,0,0,0,3,2,21,0,0,0,0,0,0,0,0,0,0,0,0,0,0,0,0,0,0,0,0,0,,0,,,,,,,,,,,,,,,,,,,,,,,,,,,,,,,,,,,,,,,,,,,,,,,,,,,,,
332,Norse Big Spear,154,207,0,0,0,0,0,0,0,0,0,0,0,0,0,0,0,3,2,21,0,0,0,0,0,0,0,0,0,0,0,0,0,0,0,0,0,0,0,0,0,,0,,,,,,,,,,,,,,,,,,,,,,,,,,,,,,,,,,,,,,,,,,,,,,,,,,,,,
333,Norse Throwing Axe,135,200,0,0,0,0,0,0,0,0,0,0,0,0,0,0,0,8,0,4,0,0,0,0,0,0,0,0,0,0,0,0,0,0,0,0,0,0,0,0,0,,0,,,,,,,,,,,,,,,,,,,,,,,,,,,,,,,,,,,,,,,,,,,,,,,,,,,,,
334,Norse Throwing Hammer,141,210,0,0,0,0,0,0,0,0,0,0,0,0,0,0,0,8,0,5,0,0,0,0,0,0,0,0,0,0,0,0,0,0,0,0,0,0,0,0,0,,0,,,,,,,,,,,,,,,,,,,,,,,,,,,,,,,,,,,,,,,,,,,,,,,,,,,,,
335,Norse Leather Helm 1,391,100,0,0,0,0,0,0,0,0,315,2,0,0,0,0,0,0,0,0,315,0,397,0,0,0,394,397,0,0,0,0,0,0,0,0,0,0,0,0,0,,0,,,,,,,,,,,,,,,,,,,,,,,,,,,,,,,,,,,1120,1119,1114,1113,1118,1117,1122,1121,1124,1123,1116,1115,,,,,,,
336,Norse Leather Helm 2,390,100,0,0,0,0,0,0,0,0,315,4,0,0,0,0,0,0,0,0,315,0,396,0,0,0,393,396,0,0,0,0,0,0,0,0,0,0,0,0,0,,0,,,,,,,,,,,,,,,,,,,,,,,,,,,,,,,,,,,1132,1131,1126,1125,1130,1129,1134,1133,1136,1135,1128,1127,,,,,,,
337,Norse Leather Helm 3,389,100,0,0,0,0,0,0,0,0,315,4,0,0,0,0,0,0,0,0,315,0,395,0,0,0,392,395,0,0,0,0,0,0,0,0,0,0,0,0,0,,0,,,,,,,,,,,,,,,,,,,,,,,,,,,,,,,,,,,1144,1143,1138,1137,1142,1141,1146,1145,1148,1147,1140,1139,,,,,,,
338,Celtic Cloth Special Vest,1,104,619,620,0,0,623,0,0,0,0,0,1,1,0,0,0,0,0,0,0,0,0,0,0,0,0,0,0,0,0,0,0,0,0,0,0,0,0,0,0,,0,,,,,,,,,,,,,,,,,,,,,1,4233,4232,,,,,,1,,,1,1,,,,,,,,,,,,,,,,,,,,
339,Celtic Cloth Special Legs,1,120,0,0,0,0,0,624,0,0,0,0,0,0,0,0,0,0,0,0,0,0,0,0,0,0,0,0,0,0,0,0,0,0,0,0,0,0,0,0,0,,0,,,,,,,,,,,,,,,,,,,,,1,,,,,4236,,,,,,,,,,,,,,,,,,,,,,,,,,,
340,Celtic Cloth Special Arms,1,110,0,0,621,0,0,0,0,0,0,0,0,0,0,0,0,0,0,0,0,0,0,0,0,0,0,0,0,0,0,0,0,0,0,0,0,0,0,0,0,,0,,,,,,,,,,,,,,,,,,,,,1,,,4234,,,,,,,,,,,,,,,,,,,,,,,,,,,,,
341,Celtic Cloth Special Gloves,1,114,0,0,0,622,0,0,0,0,0,0,0,0,0,0,0,0,0,0,0,0,0,0,0,0,0,0,0,0,0,0,0,0,0,0,0,0,0,0,0,,0,,,,,,,,,,,,,,,,,,,,,1,,,,4235,,,,,7,,,,,,,,,,,,,,,,,,,,,,,
342,Celtic Cloth Special Boots,1,124,0,0,0,0,0,0,625,0,0,0,0,0,0,0,0,0,0,0,0,0,0,0,0,0,0,0,0,0,0,0,0,0,0,0,0,0,0,0,0,,0,,,,,,,,,,,,,,,,,,,,,1,,,,,,4237,,,,7,,,,,,,,,,,,,,,,,,,,,,
343,Celtic Reinforced Special Vest,1,161,626,627,0,0,630,0,0,0,0,0,1,1,0,0,0,0,0,0,0,0,0,0,0,0,0,0,0,0,0,0,0,0,0,0,0,0,0,0,0,,0,,,,,,,,,,,,,,,,,,,,,1,4238,4239,,,,,,14,,,1,1,,,,,,,,,,,,,,,,,,,,
344,Celtic Reinforced Special Legs,1,166,0,0,0,0,0,631,0,0,0,0,0,0,0,0,0,0,0,0,0,0,0,0,0,0,0,0,0,0,0,0,0,0,0,0,0,0,0,0,0,,0,,,,,,,,,,,,,,,,,,,,,1,,,,,4242,,,,,,,,,,,,,,,,,,,,,,,,,,,
345,Celtic Reinforced Special Arms,1,164,0,0,628,0,0,0,0,0,0,0,0,0,0,0,0,0,0,0,0,0,0,0,0,0,0,0,0,0,0,0,0,0,0,0,0,0,0,0,0,,0,,,,,,,,,,,,,,,,,,,,,1,,,4240,,,,,,,,,,,,,,,,,,,,,,,,,,,,,
346,Celtic Reinforced Special Gloves,1,165,0,0,0,629,0,0,0,0,0,0,0,0,0,0,0,0,0,0,0,0,0,0,0,0,0,0,0,0,0,0,0,0,0,0,0,0,0,0,0,,0,,,,,,,,,,,,,,,,,,,,,1,,,,4241,,,,,3,,,,,,,,,,,,,,,,,,,,,,,
347,Celtic Reinforced Special Boots,1,167,0,0,0,0,0,0,632,0,0,0,0,0,0,0,0,0,0,0,0,0,0,0,0,0,0,0,0,0,0,0,0,0,0,0,0,0,0,0,0,,0,,,,,,,,,,,,,,,,,,,,,1,,,,,,4243,,,,3,,,,,,,,,,,,,,,,,,,,,,
348,Celtic Scaled Special Vest,1,106,633,634,0,0,637,0,0,0,0,0,1,1,0,0,0,0,0,0,0,0,0,0,0,0,0,0,0,0,0,0,0,0,0,0,0,0,0,0,0,,0,,,,,,,,,,,,,,,,,,,,,1,4244,4245,,,,,,18,,,1,1,,,,,,,,,,,,,,,,,,,,
349,Celtic Scaled Special Legs,1,122,0,0,0,0,0,638,0,0,0,0,0,0,0,0,0,0,0,0,0,0,0,0,0,0,0,0,0,0,0,0,0,0,0,0,0,0,0,0,0,,0,,,,,,,,,,,,,,,,,,,,,1,,,,,4248,,,,,,,,,,,,,,,,,,,,,,,,,,,
350,Celtic Scaled Special Arms,1,112,0,0,635,0,0,0,0,0,0,0,0,0,0,0,0,0,0,0,0,0,0,0,0,0,0,0,0,0,0,0,0,0,0,0,0,0,0,0,0,,0,,,,,,,,,,,,,,,,,,,,,1,,,4246,,,,,,,,,,,,,,,,,,,,,,,,,,,,,
351,Celtic Scaled Special Gloves,1,116,0,0,0,636,0,0,0,0,0,0,0,0,0,0,0,0,0,0,0,0,0,0,0,0,0,0,0,0,0,0,0,0,0,0,0,0,0,0,0,,0,,,,,,,,,,,,,,,,,,,,,1,,,,4247,,,,,6,,,,,,,,,,,,,,,,,,,,,,,
352,Celtic Scaled Special Boots,1,126,0,0,0,0,0,0,639,0,0,0,0,0,0,0,0,0,0,0,0,0,0,0,0,0,0,0,0,0,0,0,0,0,0,0,0,0,0,0,0,,0,,,,,,,,,,,,,,,,,,,,,1,,,,,,4249,,,,6,,,,,,,,,,,,,,,,,,,,,,
353,Celtic Leather Special Vest,1,105,640,641,0,0,644,0,0,0,0,0,1,1,0,0,0,0,0,0,0,0,0,0,0,0,0,0,0,0,0,0,0,0,0,0,0,0,0,0,0,,0,,,,,,,,,,,,,,,,,,,,,1,4250,4251,,,,,,9,,,1,1,,,,,,,,,,,,,,,,,,,,
354,Celtic Leather Special Legs,1,121,0,0,0,0,0,645,0,0,0,0,0,0,0,0,0,0,0,0,0,0,0,0,0,0,0,0,0,0,0,0,0,0,0,0,0,0,0,0,0,,0,,,,,,,,,,,,,,,,,,,,,1,,,,,4254,,,,,,,,,,,,,,,,,,,,,,,,,,,
355,Celtic Leather Special Arms,1,111,0,0,642,0,0,0,0,0,0,0,0,0,0,0,0,0,0,0,0,0,0,0,0,0,0,0,0,0,0,0,0,0,0,0,0,0,0,0,0,,0,,,,,,,,,,,,,,,,,,,,,1,,,4252,,,,,,,,,,,,,,,,,,,,,,,,,,,,,
356,Celtic Leather Special Gloves,1,115,0,0,0,643,0,0,0,0,0,0,0,0,0,0,0,0,0,0,0,0,0,0,0,0,0,0,0,0,0,0,0,0,0,0,0,0,0,0,0,,0,,,,,,,,,,,,,,,,,,,,,1,,,,4253,,,,,3,,,,,,,,,,,,,,,,,,,,,,,
357,Celtic Leather Special Boots,1,125,0,0,0,0,0,0,646,0,0,0,0,0,0,0,0,0,0,0,0,0,0,0,0,0,0,0,0,0,0,0,0,0,0,0,0,0,0,0,0,,0,,,,,,,,,,,,,,,,,,,,,1,,,,,,4255,,,,3,,,,,,,,,,,,,,,,,,,,,,
358,Celtic Cloth Worn Vest,1,104,647,648,0,0,651,0,0,0,0,0,1,1,0,0,0,0,0,0,0,0,0,0,0,0,0,0,0,0,0,0,0,0,0,0,0,0,0,0,0,,0,,,,,,,,,,,,,,,,,,,,,1,4257,4256,,,,,,1,,,1,1,,,,,,,,,,,,,,,,,,,,
359,Celtic Cloth Worn Legs,1,120,0,0,0,0,0,652,0,0,0,0,0,0,0,0,0,0,0,0,0,0,0,0,0,0,0,0,0,0,0,0,0,0,0,0,0,0,0,0,0,,0,,,,,,,,,,,,,,,,,,,,,1,,,,,4260,,,,,,,,,,,,,,,,,,,,,,,,,,,
360,Celtic Cloth Worn Arms,1,110,0,0,649,0,0,0,0,0,0,0,0,0,0,0,0,0,0,0,0,0,0,0,0,0,0,0,0,0,0,0,0,0,0,0,0,0,0,0,0,,0,,,,,,,,,,,,,,,,,,,,,1,,,4258,,,,,,,,,,,,,,,,,,,,,,,,,,,,,
361,Celtic Cloth Worn Gloves,1,114,0,0,0,650,0,0,0,0,0,0,0,0,0,0,0,0,0,0,0,0,0,0,0,0,0,0,0,0,0,0,0,0,0,0,0,0,0,0,0,,0,,,,,,,,,,,,,,,,,,,,,1,,,,4259,,,,,7,,,,,,,,,,,,,,,,,,,,,,,
362,Celtic Cloth Worn Boots,1,124,0,0,0,0,0,0,653,0,0,0,0,0,0,0,0,0,0,0,0,0,0,0,0,0,0,0,0,0,0,0,0,0,0,0,0,0,0,0,0,,0,,,,,,,,,,,,,,,,,,,,,1,,,,,,4261,,,,7,,,,,,,,,,,,,,,,,,,,,,
363,Celtic Reinforced Worn Vest,1,161,654,655,0,0,658,0,0,0,0,0,1,1,0,0,0,0,0,0,0,0,0,0,0,0,0,0,0,0,0,0,0,0,0,0,0,0,0,0,0,,0,,,,,,,,,,,,,,,,,,,,,1,4262,4263,,,,,,14,,,1,1,,,,,,,,,,,,,,,,,,,,
364,Celtic Reinforced Worn Legs,1,166,0,0,0,0,0,659,0,0,0,0,0,0,0,0,0,0,0,0,0,0,0,0,0,0,0,0,0,0,0,0,0,0,0,0,0,0,0,0,0,,0,,,,,,,,,,,,,,,,,,,,,1,,,,,4266,,,,,,,,,,,,,,,,,,,,,,,,,,,
365,Celtic Reinforced Worn Arms,1,164,0,0,656,0,0,0,0,0,0,0,0,0,0,0,0,0,0,0,0,0,0,0,0,0,0,0,0,0,0,0,0,0,0,0,0,0,0,0,0,,0,,,,,,,,,,,,,,,,,,,,,1,,,4264,,,,,,,,,,,,,,,,,,,,,,,,,,,,,
366,Celtic Reinforced Worn Gloves,1,165,0,0,0,657,0,0,0,0,0,0,0,0,0,0,0,0,0,0,0,0,0,0,0,0,0,0,0,0,0,0,0,0,0,0,0,0,0,0,0,,0,,,,,,,,,,,,,,,,,,,,,1,,,,4265,,,,,3,,,,,,,,,,,,,,,,,,,,,,,
367,Celtic Reinforced Worn Boots,1,167,0,0,0,0,0,0,660,0,0,0,0,0,0,0,0,0,0,0,0,0,0,0,0,0,0,0,0,0,0,0,0,0,0,0,0,0,0,0,0,,0,,,,,,,,,,,,,,,,,,,,,1,,,,,,4267,,,,3,,,,,,,,,,,,,,,,,,,,,,
368,Celtic Scaled Worn Vest,1,106,661,662,0,0,665,0,0,0,0,0,1,1,0,0,0,0,0,0,0,0,0,0,0,0,0,0,0,0,0,0,0,0,0,0,0,0,0,0,0,,0,,,,,,,,,,,,,,,,,,,,,1,4268,4269,,,,,,18,,,1,1,,,,,,,,,,,,,,,,,,,,
369,Celtic Scaled Worn Legs,1,122,0,0,0,0,0,666,0,0,0,0,0,0,0,0,0,0,0,0,0,0,0,0,0,0,0,0,0,0,0,0,0,0,0,0,0,0,0,0,0,,0,,,,,,,,,,,,,,,,,,,,,1,,,,,4272,,,,,,,,,,,,,,,,,,,,,,,,,,,
370,Celtic Scaled Worn Arms,1,112,0,0,663,0,0,0,0,0,0,0,0,0,0,0,0,0,0,0,0,0,0,0,0,0,0,0,0,0,0,0,0,0,0,0,0,0,0,0,0,,0,,,,,,,,,,,,,,,,,,,,,1,,,4270,,,,,,,,,,,,,,,,,,,,,,,,,,,,,
371,Celtic Scaled Worn Gloves,1,116,0,0,0,664,0,0,0,0,0,0,0,0,0,0,0,0,0,0,0,0,0,0,0,0,0,0,0,0,0,0,0,0,0,0,0,0,0,0,0,,0,,,,,,,,,,,,,,,,,,,,,1,,,,4271,,,,,6,,,,,,,,,,,,,,,,,,,,,,,
372,Celtic Scaled Worn Boots,1,126,0,0,0,0,0,0,667,0,0,0,0,0,0,0,0,0,0,0,0,0,0,0,0,0,0,0,0,0,0,0,0,0,0,0,0,0,0,0,0,,0,,,,,,,,,,,,,,,,,,,,,1,,,,,,4273,,,,6,,,,,,,,,,,,,,,,,,,,,,
373,Celtic Leather Worn Vest,1,105,668,669,0,0,672,0,0,0,0,0,1,1,0,0,0,0,0,0,0,0,0,0,0,0,0,0,0,0,0,0,0,0,0,0,0,0,0,0,0,,0,,,,,,,,,,,,,,,,,,,,,1,4274,4275,,,,,,9,,,1,1,,,,,,,,,,,,,,,,,,,,
374,Celtic Leather Worn Legs,1,121,0,0,0,0,0,673,0,0,0,0,0,0,0,0,0,0,0,0,0,0,0,0,0,0,0,0,0,0,0,0,0,0,0,0,0,0,0,0,0,,0,,,,,,,,,,,,,,,,,,,,,1,,,,,4278,,,,,,,,,,,,,,,,,,,,,,,,,,,
375,Celtic Leather Worn Arms,1,111,0,0,670,0,0,0,0,0,0,0,0,0,0,0,0,0,0,0,0,0,0,0,0,0,0,0,0,0,0,0,0,0,0,0,0,0,0,0,0,,0,,,,,,,,,,,,,,,,,,,,,1,,,4276,,,,,,,,,,,,,,,,,,,,,,,,,,,,,
376,Celtic Leather Worn Gloves,1,115,0,0,0,671,0,0,0,0,0,0,0,0,0,0,0,0,0,0,0,0,0,0,0,0,0,0,0,0,0,0,0,0,0,0,0,0,0,0,0,,0,,,,,,,,,,,,,,,,,,,,,1,,,,4277,,,,,3,,,,,,,,,,,,,,,,,,,,,,,
377,Celtic Leather Worn Boots,1,125,0,0,0,0,0,0,674,0,0,0,0,0,0,0,0,0,0,0,0,0,0,0,0,0,0,0,0,0,0,0,0,0,0,0,0,0,0,0,0,,0,,,,,,,,,,,,,,,,,,,,,1,,,,,,4279,,,,3,,,,,,,,,,,,,,,,,,,,,,
378,Celtic Cloth 1 Vest,1,104,675,676,0,0,679,0,0,0,0,0,1,1,0,0,0,0,0,0,0,0,0,0,0,0,0,0,0,0,0,0,0,0,0,0,0,0,0,0,0,,0,,,,,,,,,,,,,,,,,,,,,1,4281,4280,,,,,,1,,,1,1,,,,,,,,,,,,,,,,,,,,
379,Celtic Cloth 1 Legs,1,120,0,0,0,0,0,680,0,0,0,0,0,0,0,0,0,0,0,0,0,0,0,0,0,0,0,0,0,0,0,0,0,0,0,0,0,0,0,0,0,,0,,,,,,,,,,,,,,,,,,,,,1,,,,,4284,,,,,,,,,,,,,,,,,,,,,,1,,,,,
380,Celtic Cloth 1 Arms,1,110,0,0,677,0,0,0,0,0,0,0,0,0,0,0,0,0,0,0,0,0,0,0,0,0,0,0,0,0,0,0,0,0,0,0,0,0,0,0,0,,0,,,,,,,,,,,,,,,,,,,,,1,,,4282,,,,,,,,,,,,,,,,,,,,,,,,1,,,,,
381,Celtic Cloth 1 Gloves,1,114,0,0,0,678,0,0,0,0,0,0,0,0,0,0,0,0,0,0,0,0,0,0,0,0,0,0,0,0,0,0,0,0,0,0,0,0,0,0,0,,0,,,,,,,,,,,,,,,,,,,,,1,,,,4283,,,,,7,,,,,,,,,,,,,,,,,,1,,,,,
382,Celtic Cloth 1 Boots,1,124,0,0,0,0,0,0,681,0,0,0,0,0,0,0,0,0,0,0,0,0,0,0,0,0,0,0,0,0,0,0,0,0,0,0,0,0,0,0,0,,0,,,,,,,,,,,,,,,,,,,,,1,,,,,,4285,,,,7,,,,,,,,,,,,,,,,,,,,,,
383,Celtic Reinforced 1 Vest,1,161,682,683,0,0,686,0,0,0,0,0,1,1,0,0,0,0,0,0,0,0,0,0,0,0,0,0,0,0,0,0,0,0,0,0,0,0,0,0,0,,0,,,,,,,,,,,,,,,,,,,,,1,4286,4287,,,,,,14,,,1,1,,,,,,,,,,,,,,,,,,,,
384,Celtic Reinforced 1 Legs,1,166,0,0,0,0,0,687,0,0,0,0,0,0,0,0,0,0,0,0,0,0,0,0,0,0,0,0,0,0,0,0,0,0,0,0,0,0,0,0,0,,0,,,,,,,,,,,,,,,,,,,,,1,,,,,4290,,,,,,,,,,,,,,,,,,,,,,,,,,,
385,Celtic Reinforced 1 Arms,1,164,0,0,684,0,0,0,0,0,0,0,0,0,0,0,0,0,0,0,0,0,0,0,0,0,0,0,0,0,0,0,0,0,0,0,0,0,0,0,0,,0,,,,,,,,,,,,,,,,,,,,,1,,,4288,,,,,,,,,,,,,,,,,,,,,,,,,,,,,
386,Celtic Reinforced 1 Gloves,1,165,0,0,0,685,0,0,0,0,0,0,0,0,0,0,0,0,0,0,0,0,0,0,0,0,0,0,0,0,0,0,0,0,0,0,0,0,0,0,0,,0,,,,,,,,,,,,,,,,,,,,,1,,,,4289,,,,,3,,,,,,,,,,,,,,,,,,,,,,,
387,Celtic Reinforced 1 Boots,1,167,0,0,0,0,0,0,688,0,0,0,0,0,0,0,0,0,0,0,0,0,0,0,0,0,0,0,0,0,0,0,0,0,0,0,0,0,0,0,0,,0,,,,,,,,,,,,,,,,,,,,,1,,,,,,4291,,,,3,,,,,,,,,,,,,,,,,,,,,,
388,Celtic Scaled 1 Vest,1,106,689,690,0,0,693,0,0,0,0,0,1,1,0,0,0,0,0,0,0,0,0,0,0,0,0,0,0,0,0,0,0,0,0,0,0,0,0,0,0,,0,,,,,,,,,,,,,,,,,,,,,1,4292,4293,,,,,,18,,,1,1,,,,,,,,,,,,,,,,,,,,
389,Celtic Scaled 1 Legs,1,122,0,0,0,0,0,694,0,0,0,0,0,0,0,0,0,0,0,0,0,0,0,0,0,0,0,0,0,0,0,0,0,0,0,0,0,0,0,0,0,,0,,,,,,,,,,,,,,,,,,,,,1,,,,,4296,,,,,,,,,,,,,,,,,,,,,,,,,,,
390,Celtic Scaled 1 Arms,1,112,0,0,691,0,0,0,0,0,0,0,0,0,0,0,0,0,0,0,0,0,0,0,0,0,0,0,0,0,0,0,0,0,0,0,0,0,0,0,0,,0,,,,,,,,,,,,,,,,,,,,,1,,,4294,,,,,,,,,,,,,,,,,,,,,,,,,,,,,
391,Celtic Scaled 1 Gloves,1,116,0,0,0,692,0,0,0,0,0,0,0,0,0,0,0,0,0,0,0,0,0,0,0,0,0,0,0,0,0,0,0,0,0,0,0,0,0,0,0,,0,,,,,,,,,,,,,,,,,,,,,1,,,,4295,,,,,6,,,,,,,,,,,,,,,,,,,,,,,
392,Celtic Scaled 1 Boots,1,126,0,0,0,0,0,0,695,0,0,0,0,0,0,0,0,0,0,0,0,0,0,0,0,0,0,0,0,0,0,0,0,0,0,0,0,0,0,0,0,,0,,,,,,,,,,,,,,,,,,,,,1,,,,,,4297,,,,6,,,,,,,,,,,,,,,,,,,,,,
393,Celtic Leather 1 Vest,1,105,696,697,0,0,700,0,0,0,0,0,1,1,0,0,0,0,0,0,0,0,0,0,0,0,0,0,0,0,0,0,0,0,0,0,0,0,0,0,0,,0,,,,,,,,,,,,,,,,,,,,,1,4298,4299,,,,,,9,,,1,1,,,,,,,,,,,,,,,,,,,,
394,Celtic Leather 1 Legs,1,121,0,0,0,0,0,701,0,0,0,0,0,0,0,0,0,0,0,0,0,0,0,0,0,0,0,0,0,0,0,0,0,0,0,0,0,0,0,0,0,,0,,,,,,,,,,,,,,,,,,,,,1,,,,,4302,,,,,,,,,,,,,,,,,,,,,,,,,,,
395,Celtic Leather 1 Arms,1,111,0,0,698,0,0,0,0,0,0,0,0,0,0,0,0,0,0,0,0,0,0,0,0,0,0,0,0,0,0,0,0,0,0,0,0,0,0,0,0,,0,,,,,,,,,,,,,,,,,,,,,1,,,4300,,,,,,,,,,,,,,,,,,,,,,,,,,,,,
396,Celtic Leather 1 Gloves,1,115,0,0,0,699,0,0,0,0,0,0,0,0,0,0,0,0,0,0,0,0,0,0,0,0,0,0,0,0,0,0,0,0,0,0,0,0,0,0,0,,0,,,,,,,,,,,,,,,,,,,,,1,,,,4301,,,,,3,,,,,,,,,,,,,,,,,,,,,,,
397,Celtic Leather 1 Boots,1,125,0,0,0,0,0,0,702,0,0,0,0,0,0,0,0,0,0,0,0,0,0,0,0,0,0,0,0,0,0,0,0,0,0,0,0,0,0,0,0,,0,,,,,,,,,,,,,,,,,,,,,1,,,,,,4303,,,,3,,,,,,,,,,,,,,,,,,,,,,
398,Celtic Cloth 2 Vest,1,104,703,704,0,0,#REF!,0,0,0,0,0,1,1,0,0,0,0,0,0,0,0,0,0,0,0,0,0,0,0,0,0,0,0,0,0,0,0,0,0,0,,0,,,,,,,,,,,,,,,,,,,,,1,4233,4232,,,,,,1,,,1,1,,,,,,,,,,,,,,,,,,,,
399,Celtic Cloth 2 Legs,1,120,0,0,0,0,0,#REF!,0,0,0,0,0,0,0,0,0,0,0,0,0,0,0,0,0,0,0,0,0,0,0,0,0,0,0,0,0,0,0,0,0,,0,,,,,,,,,,,,,,,,,,,,,,,,,,4236,,,,,,,,,,,,,,,,,,,,,,,,,,,
400,Celtic Cloth 2 Arms,1,110,0,0,#REF!,0,0,0,0,0,0,0,0,0,0,0,0,0,0,0,0,0,0,0,0,0,0,0,0,0,0,0,0,0,0,0,0,0,0,0,0,,0,,,,,,,,,,,,,,,,,,,,,,,,4234,,,,,,,,,,,,,,,,,,,,,,,,,,,,,
401,Celtic Cloth 2 Gloves,1,114,0,0,0,#REF!,0,0,0,0,0,0,0,0,0,0,0,0,0,0,0,0,0,0,0,0,0,0,0,0,0,0,0,0,0,0,0,0,0,0,0,,0,,,,,,,,,,,,,,,,,,,,,,,,,4235,,,,,,,,,,,,,,,,,,,,,,,,,,,,
402,Celtic Cloth 2 Boots,1,124,0,0,0,0,0,0,#REF!,0,0,0,0,0,0,0,0,0,0,0,0,0,0,0,0,0,0,0,0,0,0,0,0,0,0,0,0,0,0,0,0,,0,,,,,,,,,,,,,,,,,,,,,,,,,,,4237,,,,,,,,,,,,,,,,,,,,,,,,,,
403,Celtic Reinforced 2 Vest,1,161,710,711,0,0,714,0,0,0,0,0,1,1,0,0,0,0,0,0,0,0,0,0,0,0,0,0,0,0,0,0,0,0,0,0,0,0,0,0,0,,0,,,,,,,,,,,,,,,,,,,,,1,4306,4307,,,,,,15,,,1,1,,,,,,,,,,,,,,,,,,,,
404,Celtic Reinforced 2 Legs,1,166,0,0,0,0,0,715,0,0,0,0,0,0,0,0,0,0,0,0,0,0,0,0,0,0,0,0,0,0,0,0,0,0,0,0,0,0,0,0,0,,0,,,,,,,,,,,,,,,,,,,,,1,,,,,4310,,,,,,,,,,,,,,,,,,,,,,,,,,,
405,Celtic Reinforced 2 Arms,1,164,0,0,712,0,0,0,0,0,0,0,0,0,0,0,0,0,0,0,0,0,0,0,0,0,0,0,0,0,0,0,0,0,0,0,0,0,0,0,0,,0,,,,,,,,,,,,,,,,,,,,,1,,,4308,,,,,,,,,,,,,,,,,,,,,,,,,,,,,
406,Celtic Reinforced 2 Gloves,1,165,0,0,0,713,0,0,0,0,0,0,0,0,0,0,0,0,0,0,0,0,0,0,0,0,0,0,0,0,0,0,0,0,0,0,0,0,0,0,0,,0,,,,,,,,,,,,,,,,,,,,,1,,,,4309,,,,,3,,,,,,,,,,,,,,,,,,,,,,,
407,Celtic Reinforced 2 Boots,1,167,0,0,0,0,0,0,716,0,0,0,0,0,0,0,0,0,0,0,0,0,0,0,0,0,0,0,0,0,0,0,0,0,0,0,0,0,0,0,0,,0,,,,,,,,,,,,,,,,,,,,,1,,,,,,4311,,,,3,,,,,,,,,,,,,,,,,,,,,,
408,Celtic Scaled 2 Vest,1,106,717,718,0,0,721,0,0,0,0,0,1,1,0,0,0,0,0,0,0,0,0,0,0,0,0,0,0,0,0,0,0,0,0,0,0,0,0,0,0,,0,,,,,,,,,,,,,,,,,,,,,1,4312,4313,,,,,,18,,,1,1,,,,,,,,,,,,,,,,,,,,
409,Celtic Scaled 2 Legs,1,122,0,0,0,0,0,722,0,0,0,0,0,0,0,0,0,0,0,0,0,0,0,0,0,0,0,0,0,0,0,0,0,0,0,0,0,0,0,0,0,,0,,,,,,,,,,,,,,,,,,,,,1,,,,,4316,,,,,,,,,,,,,,,,,,,,,,,,,,,
410,Celtic Scaled 2 Arms,1,112,0,0,719,0,0,0,0,0,0,0,0,0,0,0,0,0,0,0,0,0,0,0,0,0,0,0,0,0,0,0,0,0,0,0,0,0,0,0,0,,0,,,,,,,,,,,,,,,,,,,,,1,,,4314,,,,,,,,,,,,,,,,,,,,,,,,,,,,,
411,Celtic Scaled 2 Gloves,1,116,0,0,0,720,0,0,0,0,0,0,0,0,0,0,0,0,0,0,0,0,0,0,0,0,0,0,0,0,0,0,0,0,0,0,0,0,0,0,0,,0,,,,,,,,,,,,,,,,,,,,,1,,,,4315,,,,,6,,,,,,,,,,,,,,,,,,,,,,,
412,Celtic Scaled 2 Boots,1,126,0,0,0,0,0,0,723,0,0,0,0,0,0,0,0,0,0,0,0,0,0,0,0,0,0,0,0,0,0,0,0,0,0,0,0,0,0,0,0,,0,,,,,,,,,,,,,,,,,,,,,1,,,,,,4317,,,,6,,,,,,,,,,,,,,,,,,,,,,
413,Celtic Leather 2 Vest,1,105,724,725,0,0,728,0,0,0,0,0,1,1,0,0,0,0,0,0,0,0,0,0,0,0,0,0,0,0,0,0,0,0,0,0,0,0,0,0,0,,0,,,,,,,,,,,,,,,,,,,,,1,4318,4319,,,,,,8,,,1,1,,,,,,,,,,,,,,,,,,,,
414,Celtic Leather 2 Legs,1,121,0,0,0,0,0,729,0,0,0,0,0,0,0,0,0,0,0,0,0,0,0,0,0,0,0,0,0,0,0,0,0,0,0,0,0,0,0,0,0,,0,,,,,,,,,,,,,,,,,,,,,1,,,,,4322,,,,,,,,,,,,,,,,,,,,,,,,,,,
415,Celtic Leather 2 Arms,1,111,0,0,726,0,0,0,0,0,0,0,0,0,0,0,0,0,0,0,0,0,0,0,0,0,0,0,0,0,0,0,0,0,0,0,0,0,0,0,0,,0,,,,,,,,,,,,,,,,,,,,,1,,,4320,,,,,,,,,,,,,,,,,,,,,,,,,,,,,
416,Celtic Leather 2 Gloves,1,115,0,0,0,727,0,0,0,0,0,0,0,0,0,0,0,0,0,0,0,0,0,0,0,0,0,0,0,0,0,0,0,0,0,0,0,0,0,0,0,,0,,,,,,,,,,,,,,,,,,,,,1,,,,4321,,,,,3,,,,,,,,,,,,,,,,,,,,,,,
417,Celtic Leather 2 Boots,1,125,0,0,0,0,0,0,730,0,0,0,0,0,0,0,0,0,0,0,0,0,0,0,0,0,0,0,0,0,0,0,0,0,0,0,0,0,0,0,0,,0,,,,,,,,,,,,,,,,,,,,,1,,,,,,4323,,,,3,,,,,,,,,,,,,,,,,,,,,,
418,Celtic Cloth 3 Vest,1,104,#REF!,#REF!,0,0,#REF!,0,0,0,0,0,1,1,0,0,0,0,0,0,0,0,0,0,0,0,0,0,0,0,0,0,0,0,0,0,0,0,0,0,0,,0,,,,,,,,,,,,,,,,,,,,,,4233,4232,,,,,,,,,,,,,,,,,,,,,,,,,,,,,,
419,Celtic Cloth 3 Legs,1,120,0,0,0,0,0,#REF!,0,0,0,0,0,0,0,0,0,0,0,0,0,0,0,0,0,0,0,0,0,0,0,0,0,0,0,0,0,0,0,0,0,,0,,,,,,,,,,,,,,,,,,,,,,,,,,4236,,,,,,,,,,,,,,,,,,,,,,,,,,,
420,Celtic Cloth 3 Arms,1,110,0,0,#REF!,0,0,0,0,0,0,0,0,0,0,0,0,0,0,0,0,0,0,0,0,0,0,0,0,0,0,0,0,0,0,0,0,0,0,0,0,,0,,,,,,,,,,,,,,,,,,,,,,,,4234,,,,,,,,,,,,,,,,,,,,,,,,,,,,,
421,Celtic Cloth 3 Gloves,1,114,0,0,0,#REF!,0,0,0,0,0,0,0,0,0,0,0,0,0,0,0,0,0,0,0,0,0,0,0,0,0,0,0,0,0,0,0,0,0,0,0,,0,,,,,,,,,,,,,,,,,,,,,,,,,4235,,,,,,,,,,,,,,,,,,,,,,,,,,,,
422,Celtic Cloth 3 Boots,1,124,0,0,0,0,0,0,#REF!,0,0,0,0,0,0,0,0,0,0,0,0,0,0,0,0,0,0,0,0,0,0,0,0,0,0,0,0,0,0,0,0,,0,,,,,,,,,,,,,,,,,,,,,,,,,,,4237,,,,,,,,,,,,,,,,,,,,,,,,,,
423,Celtic Reinforced 3 Vest,1,161,738,739,0,0,742,0,0,0,0,0,1,1,0,0,0,0,0,0,0,0,0,0,0,0,0,0,0,0,0,0,0,0,0,0,0,0,0,0,0,,0,,,,,,,,,,,,,,,,,,,,,1,4324,4325,,,,,,13,,,1,1,,,,,,,,,,,,,,,1,,,,,
424,Celtic Reinforced 3 Legs,1,166,0,0,0,0,0,743,0,0,0,0,0,0,0,0,0,0,0,0,0,0,0,0,0,0,0,0,0,0,0,0,0,0,0,0,0,0,0,0,0,,0,,,,,,,,,,,,,,,,,,,,,1,,,,,4328,,,,,,,,,,,,,,,,,,,,,,1,,,,,
425,Celtic Reinforced 3 Arms,1,164,0,0,740,0,0,0,0,0,0,0,0,0,0,0,0,0,0,0,0,0,0,0,0,0,0,0,0,0,0,0,0,0,0,0,0,0,0,0,0,,0,,,,,,,,,,,,,,,,,,,,,1,,,4326,,,,,,,,,,,,,,,,,,,,,,,,1,,,,,
426,Celtic Reinforced 3 Gloves,1,165,0,0,0,741,0,0,0,0,0,0,0,0,0,0,0,0,0,0,0,0,0,0,0,0,0,0,0,0,0,0,0,0,0,0,0,0,0,0,0,,0,,,,,,,,,,,,,,,,,,,,,1,,,,4327,,,,,3,,,,,,,,,,,,,,,,,,1,,,,,
427,Celtic Reinforced 3 Boots,1,167,0,0,0,0,0,0,744,0,0,0,0,0,0,0,0,0,0,0,0,0,0,0,0,0,0,0,0,0,0,0,0,0,0,0,0,0,0,0,0,,0,,,,,,,,,,,,,,,,,,,,,1,,,,,,4329,,,,3,,,,,,,,,,,,,,,,,,,,,,
428,Celtic Scaled 3 Vest,1,106,745,746,0,0,749,0,0,0,0,0,1,1,0,0,0,0,0,0,0,0,0,0,0,0,0,0,0,0,0,0,0,0,0,0,0,0,0,0,0,,0,,,,,,,,,,,,,,,,,,,,,1,4330,4331,,,,,,18,,,1,1,,,,,,,,,,,,,,,1,,,,,
429,Celtic Scaled 3 Legs,1,122,0,0,0,0,0,750,0,0,0,0,0,0,0,0,0,0,0,0,0,0,0,0,0,0,0,0,0,0,0,0,0,0,0,0,0,0,0,0,0,,0,,,,,,,,,,,,,,,,,,,,,1,,,,,4334,,,,,,,,,,,,,,,,,,,,,,1,,,,,
430,Celtic Scaled 3 Arms,1,112,0,0,747,0,0,0,0,0,0,0,0,0,0,0,0,0,0,0,0,0,0,0,0,0,0,0,0,0,0,0,0,0,0,0,0,0,0,0,0,,0,,,,,,,,,,,,,,,,,,,,,1,,,4332,,,,,,,,,,,,,,,,,,,,,,,,1,,,,,
431,Celtic Scaled 3 Gloves,1,116,0,0,0,748,0,0,0,0,0,0,0,0,0,0,0,0,0,0,0,0,0,0,0,0,0,0,0,0,0,0,0,0,0,0,0,0,0,0,0,,0,,,,,,,,,,,,,,,,,,,,,1,,,,4333,,,,,6,,,,,,,,,,,,,,,,,,1,,,,,
432,Celtic Scaled 3 Boots,1,126,0,0,0,0,0,0,751,0,0,0,0,0,0,0,0,0,0,0,0,0,0,0,0,0,0,0,0,0,0,0,0,0,0,0,0,0,0,0,0,,0,,,,,,,,,,,,,,,,,,,,,1,,,,,,4335,,,,6,,,,,,,,,,,,,,,,,,,,,,
433,Celtic Leather 3 Vest,1,105,752,753,0,0,756,0,0,0,0,0,1,1,0,0,0,0,0,0,0,0,0,0,0,0,0,0,0,0,0,0,0,0,0,0,0,0,0,0,0,,0,,,,,,,,,,,,,,,,,,,,,1,4336,4337,,,,,,20,,,1,1,,,,,,,,,,,,,,,,,,,,
434,Celtic Leather 3 Legs,1,121,0,0,0,0,0,757,0,0,0,0,0,0,0,0,0,0,0,0,0,0,0,0,0,0,0,0,0,0,0,0,0,0,0,0,0,0,0,0,0,,0,,,,,,,,,,,,,,,,,,,,,1,,,,,4340,,,,,,,,,,,,,,,,,,,,,,1,,,,,
435,Celtic Leather 3 Arms,1,111,0,0,754,0,0,0,0,0,0,0,0,0,0,0,0,0,0,0,0,0,0,0,0,0,0,0,0,0,0,0,0,0,0,0,0,0,0,0,0,,0,,,,,,,,,,,,,,,,,,,,,1,,,4338,,,,,,,,,,,,,,,,,,,,,,,,1,,,,,
436,Celtic Leather 3 Gloves,1,115,0,0,0,755,0,0,0,0,0,0,0,0,0,0,0,0,0,0,0,0,0,0,0,0,0,0,0,0,0,0,0,0,0,0,0,0,0,0,0,,0,,,,,,,,,,,,,,,,,,,,,1,,,,4339,,,,,3,,,,,,,,,,,,,,,,,,1,,,,,
437,Celtic Leather 3 Boots,1,125,0,0,0,0,0,0,758,0,0,0,0,0,0,0,0,0,0,0,0,0,0,0,0,0,0,0,0,0,0,0,0,0,0,0,0,0,0,0,0,,0,,,,,,,,,,,,,,,,,,,,,1,,,,,,4341,,,,3,,,,,,,,,,,,,,,,,,,,,,
438,Celtic Leather helm 1,409,100,0,0,0,0,0,0,0,0,315,2,0,0,0,0,0,0,0,0,315,0,400,0,0,0,406,0,0,0,0,0,0,0,0,0,0,0,0,0,0,,0,,,,,,,,,,,,,,,,,,,,,,,,,,,,,,,,,,,1283,1282,1285,1284,1289,1288,1287,1286,1293,1292,1291,1290,,,,,,,
439,Celtic Leather helm 2,408,100,0,0,0,0,0,0,0,0,315,4,0,0,0,0,0,0,0,0,315,0,399,0,0,0,405,0,0,0,0,0,0,0,0,0,0,0,0,0,0,,0,,,,,,,,,,,,,,,,,,,,,,,,,,,,,,,,,,,1295,1294,1297,1296,1301,1300,1299,1298,1305,1304,1303,1302,,,,,,,
440,Celtic Leather helm 3,407,100,0,0,0,0,0,0,0,0,315,4,0,0,0,0,0,0,0,0,315,0,398,0,0,0,404,0,0,0,0,0,0,0,0,0,0,0,0,0,0,,0,,,,,,,,,,,,,,,,,,,,,,,,,,,,,,,,,,,1307,1306,1309,1308,1313,1312,1311,1310,1317,1316,1315,1314,,,,,,,
441,Friar Robe (Robe 6),1,105,783,784,786,0,785,0,0,0,0,0,3,3,0,0,0,0,0,0,0,0,0,0,0,0,0,0,0,0,0,0,0,0,0,0,0,0,0,0,0,,0,,,,,,,,,,,,,,,,,,,,,1,4352,4353,,,,,,16,3,3,-1,-1,,,,,,,,,,,,,,,,,,,,
442,Quarterstaff,198,209,0,0,0,0,0,0,0,0,0,0,0,0,0,0,0,4,1,6,0,0,0,0,0,0,0,0,0,0,0,0,0,0,0,0,0,0,0,0,0,,0,,,,,,,,,,,,,,,,,,,,,,,,,,,,,,,,,,,,,,,,,,,,,,,,,,,,,
443,Mage Cloak,1,119,0,0,0,0,0,0,0,759,0,0,0,0,1,0,0,0,0,0,0,0,0,0,0,0,0,0,0,0,0,0,0,0,0,0,0,0,0,0,0,,0,,,,,,,,,,,,,,,,,,,,,,,,,,,,4983,,,,,,,,,,,,,,,,,,,,,,,,,
444,Celtic Falcata,93,204,0,0,0,0,0,0,0,0,0,0,0,0,0,1,0,1,0,1,0,0,0,0,0,0,0,0,0,0,0,0,0,0,0,0,0,0,0,0,0,,0,,,,,,,,,,,,,,,,,,,,,,,,,,,,,,,,,,,,,,,,,,,,,,,,,,,,,
445,Celtic Short Sword,92,201,0,0,0,0,0,0,0,0,0,0,0,0,0,1,0,1,0,1,0,0,0,0,0,0,0,0,0,0,0,0,0,0,0,0,0,0,0,0,0,,0,,,,,,,,,,,,,,,,,,,,,,,,,,,,,,,,,,,,,,,,,,,,,,,,,,,,,
446,Celtic Longsword,104,203,0,0,0,0,0,0,0,0,0,0,0,0,0,1,0,1,0,1,0,0,0,0,0,0,0,0,0,0,0,0,0,0,0,0,0,0,0,0,0,,0,,,,,,,,,,,,,,,,,,,,,,,,,,,,,,,,,,,,,,,,,,,,,,,,,,,,,
447,Celtic Broadsword,97,202,0,0,0,0,0,0,0,0,0,0,0,0,0,1,0,1,0,1,0,0,0,0,0,0,0,0,0,0,0,0,0,0,0,0,0,0,0,0,0,,0,,,,,,,,,,,,,,,,,,,,,,,,,,,,,,,,,,,,,,,,,,,,,,,,,,,,,
448,Celtic Great Sword,107,203,0,0,0,0,0,0,0,0,0,0,0,0,0,1,0,2,2,1,0,0,0,0,0,0,0,0,0,0,0,0,0,0,0,0,0,0,0,0,0,,0,,,,,,,,,,,,,,,,,,,,,,,,,,,,,,,,,,,,,,,,,,,,,,,,,,,,,
449,Celtic Club,101,212,0,0,0,0,0,0,0,0,0,0,0,0,0,1,0,1,0,5,0,0,0,0,0,0,0,0,0,0,0,0,0,0,0,0,0,0,0,0,0,,0,,,,,,,,,,,,,,,,,,,,,,,,,,,,,,,,,,,,,,,,,,,,,,,,,,,,,
450,Celtic Mace,102,213,0,0,0,0,0,0,0,0,0,0,0,0,0,1,0,1,0,5,0,0,0,0,0,0,0,0,0,0,0,0,0,0,0,0,0,0,0,0,0,,0,,,,,,,,,,,,,,,,,,,,,,,,,,,,,,,,,,,,,,,,,,,,,,,,,,,,,
451,Celtic Spiked mace,106,212,0,0,0,0,0,0,0,0,0,0,0,0,0,1,0,1,0,5,0,0,0,0,0,0,0,0,0,0,0,0,0,0,0,0,0,0,0,0,0,,0,,,,,,,,,,,,,,,,,,,,,,,,,,,,,,,,,,,,,,,,,,,,,,,,,,,,,
452,Spiked Club,105,211,0,0,0,0,0,0,0,0,0,0,0,0,0,1,0,1,0,5,0,0,0,0,0,0,0,0,0,0,0,0,0,0,0,0,0,0,0,0,0,,0,,,,,,,,,,,,,,,,,,,,,,,,,,,,,,,,,,,,,,,,,,,,,,,,,,,,,
453,Celtic Sickle,118,201,0,0,0,0,0,0,0,0,0,0,0,0,0,1,0,1,0,1,0,0,0,0,0,0,0,0,0,0,0,0,0,0,0,0,0,0,0,0,0,,0,,,,,,,,,,,,,,,,,,,,,,,,,,,,,,,,,,,,,,,,,,,,,,,,,,,,,
454,Celtic Dirk,111,205,0,0,0,0,0,0,0,0,0,0,0,0,0,1,0,7,0,1,0,0,0,0,0,0,0,0,0,0,0,0,0,0,0,0,0,0,0,0,0,,0,,,,,,,,,,,,,,,,,,,,,,,,,,,,,,,,,,,,,,,,,,,,,,,,,,,,,
455,Celtic Rapier,112,206,0,0,0,0,0,0,0,0,0,0,0,0,0,1,0,7,0,1,0,0,0,0,0,0,0,0,0,0,0,0,0,0,0,0,0,0,0,0,0,,0,,,,,,,,,,,,,,,,,,,,,,,,,,,,,,,,,,,,,,,,,,,,,,,,,,,,,
456,Celtic Stilletto,95,205,0,0,0,0,0,0,0,0,0,0,0,0,0,1,0,7,0,1,0,0,0,0,0,0,0,0,0,0,0,0,0,0,0,0,0,0,0,0,0,,0,,,,,,,,,,,,,,,,,,,,,,,,,,,,,,,,,,,,,,,,,,,,,,,,,,,,,
457,Curved Dagger,113,205,0,0,0,0,0,0,0,0,0,0,0,0,0,1,0,7,0,21,0,0,0,0,0,0,0,0,0,0,0,0,0,0,0,0,0,0,0,0,0,,0,,,,,,,,,,,,,,,,,,,,,,,,,,,,,,,,,,,,,,,,,,,,,,,,,,,,,
458,Trident,16,208,0,0,0,0,0,0,0,0,0,0,0,0,0,0,0,3,2,5,0,0,0,0,0,0,0,0,0,0,0,0,0,0,0,0,0,0,0,0,0,,0,,,,,,,,,,,,,,,,,,,,,,,,,,,,,,,,,,,,,,,,,,,,,,,,,,,,,
459,Celtic Two Handed Sword,100,203,0,0,0,0,0,0,0,0,0,0,0,0,0,1,0,2,0,1,0,0,0,0,0,0,0,0,0,0,0,0,0,0,0,0,0,0,0,0,0,,0,,,,,,,,,,,,,,,,,,,,,,,,,,,,,,,,,,,,,,,,,,,,,,,,,,,,,
460,Celtick hooked sword,117,201,0,0,0,0,0,0,0,0,0,0,0,0,0,1,0,1,0,1,0,0,0,0,0,0,0,0,0,0,0,0,0,0,0,0,0,0,0,0,0,,0,,,,,,,,,,,,,,,,,,,,,,,,,,,,,,,,,,,,,,,,,,,,,,,,,,,,,
461,Celtic hammer,103,210,0,0,0,0,0,0,0,0,0,0,0,0,0,1,0,1,0,5,0,0,0,0,0,0,0,0,0,0,0,0,0,0,0,0,0,0,0,0,0,,0,,,,,,,,,,,,,,,,,,,,,,,,,,,,,,,,,,,,,,,,,,,,,,,,,,,,,
462,Celtic Great Hammer,108,215,0,0,0,0,0,0,0,0,0,0,0,0,0,1,0,2,2,5,0,0,0,0,0,0,0,0,0,0,0,0,0,0,0,0,0,0,0,0,0,,0,,,,,,,,,,,,,,,,,,,,,,,,,,,,,,,,,,,,,,,,,,,,,,,,,,,,,
463,2H spiked mace,110,212,0,0,0,0,0,0,0,0,0,0,0,0,0,1,0,2,0,5,0,0,0,0,0,0,0,0,0,0,0,0,0,0,0,0,0,0,0,0,0,,0,,,,,,,,,,,,,,,,,,,,,,,,,,,,,,,,,,,,,,,,,,,,,,,,,,,,,
464,Albion Pennant,83,0,0,0,0,0,0,0,0,0,0,0,0,0,0,0,0,0,0,0,0,0,0,0,0,0,0,0,0,0,0,0,0,0,0,0,0,0,0,0,0,,0,,,,,,,,,,,,,,,,,,,,,,,,,,,,,,,,,,,,,,,,,,,,,,,,,,,,,
465,Midgard Pennant,84,0,0,0,0,0,0,0,0,0,0,0,0,0,0,0,0,0,0,0,0,0,0,0,0,0,0,0,0,0,0,0,0,0,0,0,0,0,0,0,0,,0,,,,,,,,,,,,,,,,,,,,,,,,,,,,,,,,,,,,,,,,,,,,,,,,,,,,,
466,Hibernian Pennant,85,0,0,0,0,0,0,0,0,0,0,0,0,0,0,0,0,0,0,0,0,0,0,0,0,0,0,0,0,0,0,0,0,0,0,0,0,0,0,0,0,,0,,,,,,,,,,,,,,,,,,,,,,,,,,,,,,,,,,,,,,,,,,,,,,,,,,,,,
467,Celtic Cloak,1,119,0,0,0,0,0,0,0,618,0,0,0,0,1,0,0,0,0,0,0,0,0,0,0,0,0,0,0,0,0,0,0,0,0,0,0,0,0,0,0,,0,,,,,,,,,,,,,,,,,,,,,,,,,,,,4972,,,,,,,,,,,,,,,,,,,,,,,,,
468,Celtic staff,124,209,0,0,0,0,0,0,0,0,0,0,0,0,0,0,0,4,1,6,0,0,0,0,0,0,0,0,0,0,0,0,0,0,0,0,0,0,0,0,0,,0,,,,,,,,,,,,,,,,,,,,,,,,,,,,,,,,,,,,,,,,,,,,,,,,,,,,,
469,Celtic Spear,99,207,0,0,0,0,0,0,0,0,0,0,0,0,0,0,0,3,2,21,0,0,0,0,0,0,0,0,0,0,0,0,0,0,0,0,0,0,0,0,0,,0,,,,,,,,,,,,,,,,,,,,,,,,,,,,,,,,,,,,,,,,,,,,,,,,,,,,,
470,Celtic Short Spear,98,207,0,0,0,0,0,0,0,0,0,0,0,0,0,0,0,3,2,21,0,0,0,0,0,0,0,0,0,0,0,0,0,0,0,0,0,0,0,0,0,,0,,,,,,,,,,,,,,,,,,,,,,,,,,,,,,,,,,,,,,,,,,,,,,,,,,,,,
471,Recurve Bow,36,224,0,0,0,0,0,0,0,0,0,0,0,0,0,0,0,5,1,7,0,0,0,0,0,0,0,0,0,0,0,0,0,0,0,0,0,0,0,0,0,,0,,,,,,,,,,,,,,,,,,,,,,,,,,,,,,,,,,,,,,,,,,,,,,,,,,,,,
472,Celtic Dagger,94,201,0,0,0,0,0,0,0,0,0,0,0,0,0,1,0,7,0,21,0,0,0,0,0,0,0,0,0,0,0,0,0,0,0,0,0,0,0,0,0,,0,,,,,,,,,,,,,,,,,,,,,,,,,,,,,,,,,,,,,,,,,,,,,,,,,,,,,
473,Celtic Bastard Sword,96,203,0,0,0,0,0,0,0,0,0,0,0,0,0,1,0,1,0,1,0,0,0,0,0,0,0,0,0,0,0,0,0,0,0,0,0,0,0,0,0,,0,,,,,,,,,,,,,,,,,,,,,,,,,,,,,,,,,,,,,,,,,,,,,,,,,,,,,
474,2H Shilelaugh,109,216,0,0,0,0,0,0,0,0,0,0,0,0,0,1,0,2,2,5,0,0,0,0,0,0,0,0,0,0,0,0,0,0,0,0,0,0,0,0,0,,0,,,,,,,,,,,,,,,,,,,,,,,,,,,,,,,,,,,,,,,,,,,,,,,,,,,,,
475,Celtic barbed Spear,114,207,0,0,0,0,0,0,0,0,0,0,0,0,0,0,0,3,2,21,0,0,0,0,0,0,0,0,0,0,0,0,0,0,0,0,0,0,0,0,0,,0,,,,,,,,,,,,,,,,,,,,,,,,,,,,,,,,,,,,,,,,,,,,,,,,,,,,,
476,Celtic Long spear,115,207,0,0,0,0,0,0,0,0,0,0,0,0,0,0,0,3,2,21,0,0,0,0,0,0,0,0,0,0,0,0,0,0,0,0,0,0,0,0,0,,0,,,,,,,,,,,,,,,,,,,,,,,,,,,,,,,,,,,,,,,,,,,,,,,,,,,,,
477,Celtic war spear,116,207,0,0,0,0,0,0,0,0,0,0,0,0,0,0,0,3,2,21,0,0,0,0,0,0,0,0,0,0,0,0,0,0,0,0,0,0,0,0,0,,0,,,,,,,,,,,,,,,,,,,,,,,,,,,,,,,,,,,,,,,,,,,,,,,,,,,,,
478,Forge,119,0,0,0,0,0,0,0,0,0,0,0,0,0,0,0,0,0,0,0,0,0,0,0,0,0,0,0,0,0,0,0,0,0,0,0,0,0,0,0,0,,0,,,,,,,,,,,,,,,,,,,,,,,,,,,,,,,,,,,,,,,,,,,,,,,,,,,,,
479,Stretcher,120,0,0,0,0,0,0,0,0,0,0,0,0,0,0,0,0,0,0,0,0,0,0,0,0,0,0,0,0,0,0,0,0,0,0,0,0,0,0,0,0,,0,,,,,,,,,,,,,,,,,,,,,,,,,,,,,,,,,,,,,,,,,,,,,,,,,,,,,
480,Loom,121,0,0,0,0,0,0,0,0,0,0,0,0,0,0,0,0,0,0,0,0,0,0,0,0,0,0,0,0,0,0,0,0,0,0,0,0,0,0,0,0,,0,,,,,,,,,,,,,,,,,,,,,,,,,,,,,,,,,,,,,,,,,,,,,,,,,,,,,
481,Lathe,122,0,0,0,0,0,0,0,0,0,0,0,0,0,0,0,0,0,0,0,0,0,0,0,0,0,0,0,0,0,0,0,0,0,0,0,0,0,0,0,0,,0,,,,,,,,,,,,,,,,,,,,,,,,,,,,,,,,,,,,,,,,,,,,,,,,,,,,,
482,Trebutchet,123,0,0,0,0,0,0,0,0,0,0,0,0,0,0,0,0,0,0,0,0,0,0,0,0,0,0,0,0,0,0,0,0,0,0,0,0,0,0,0,0,,0,,,,,,,,,,,,,,,,,,,,,,,,,,,,,,,,,,,,,,,,,,,,,,,,,,,,,
483,Coin (copper),1,130,0,0,0,0,0,0,0,0,0,0,0,0,0,0,0,0,0,0,0,0,0,0,0,0,0,0,0,0,0,0,0,0,0,0,0,0,0,0,0,,0,,,,,,,,,,,,,,,,,,,,,,,,,,,,,,,,,,,,,,,,,,,,,,,,,,,,,
484,Coin (silver),1,131,0,0,0,0,0,0,0,0,0,0,0,0,0,0,0,0,0,0,0,0,0,0,0,0,0,0,0,0,0,0,0,0,0,0,0,0,0,0,0,,0,,,,,,,,,,,,,,,,,,,,,,,,,,,,,,,,,,,,,,,,,,,,,,,,,,,,,
485,Coin (gold),1,132,0,0,0,0,0,0,0,0,0,0,0,0,0,0,0,0,0,0,0,0,0,0,0,0,0,0,0,0,0,0,0,0,0,0,0,0,0,0,0,,0,,,,,,,,,,,,,,,,,,,,,,,,,,,,,,,,,,,,,,,,,,,,,,,,,,,,,
486,Coin (platinum),1,133,0,0,0,0,0,0,0,0,0,0,0,0,0,0,0,0,0,0,0,0,0,0,0,0,0,0,0,0,0,0,0,0,0,0,0,0,0,0,0,,0,,,,,,,,,,,,,,,,,,,,,,,,,,,,,,,,,,,,,,,,,,,,,,,,,,,,,
487,Coin (mithril),1,134,0,0,0,0,0,0,0,0,0,0,0,0,0,0,0,0,0,0,0,0,0,0,0,0,0,0,0,0,0,0,0,0,0,0,0,0,0,0,0,,0,,,,,,,,,,,,,,,,,,,,,,,,,,,,,,,,,,,,,,,,,,,,,,,,,,,,,
488,All purpose bag,1,135,0,0,0,0,0,0,0,0,0,0,0,0,0,0,0,0,0,0,0,0,0,0,0,0,0,0,0,0,0,0,0,0,0,0,0,0,0,0,0,,0,,,,,,,,,,,,,,,,,,,,,,,,,,,,,,,,,,,,,,,,,,,,,,,,,,,,,
489,Water skin,1,136,0,0,0,0,0,0,0,0,0,0,0,0,0,0,0,0,0,0,0,0,0,0,0,0,0,0,0,0,0,0,0,0,0,0,0,0,0,0,0,,0,,,,,,,,,,,,,,,,,,,,,,,,,,,,,,,,,,,,,,,,,,,,,,,,,,,,,
490,Potion/Flask,1,137,0,0,0,0,0,0,0,0,0,0,0,0,0,0,0,0,0,0,0,0,0,0,0,0,0,0,0,0,0,0,0,0,0,0,0,0,0,0,0,,0,,,,,,,,,,,,,,,,,,,,,,,,,,,,,,,,,,,,,,,,,,,,,,,,,,,,,
491,Full helmet leather,1,138,0,0,0,0,0,0,0,0,0,0,0,0,0,0,0,0,0,0,0,0,0,0,0,0,0,0,0,0,0,0,0,0,0,0,0,0,0,0,0,,0,,,,,,,,,,,,,,,,,,,,,,,,,,,,,,,,,,,,,,,,,,,,,,,,,,,,,
492,Full helmet studded,1,139,0,0,0,0,0,0,0,0,0,0,0,0,0,0,0,0,0,0,0,0,0,0,0,0,0,0,0,0,0,0,0,0,0,0,0,0,0,0,0,,0,,,,,,,,,,,,,,,,,,,,,,,,,,,,,,,,,,,,,,,,,,,,,,,,,,,,,
493,Full helmet chain,1,160,0,0,0,0,0,0,0,0,0,0,0,0,0,0,0,0,0,0,0,0,0,0,0,0,0,0,0,0,0,0,0,0,0,0,0,0,0,0,0,,0,,,,,,,,,,,,,,,,,,,,,,,,,,,,,,,,,,,,,,,,,,,,,,,,,,,,,
494,Dye pack,1,168,0,0,0,0,0,0,0,0,0,0,0,0,0,0,0,0,0,0,0,0,0,0,0,0,0,0,0,0,0,0,0,0,0,0,0,0,0,0,0,,0,,,,,,,,,,,,,,,,,,,,,,,,,,,,,,,,,,,,,,,,,,,,,,,,,,,,,
495,Dye pack,1,169,0,0,0,0,0,0,0,0,0,0,0,0,0,0,0,0,0,0,0,0,0,0,0,0,0,0,0,0,0,0,0,0,0,0,0,0,0,0,0,,0,,,,,,,,,,,,,,,,,,,,,,,,,,,,,,,,,,,,,,,,,,,,,,,,,,,,,
496,Eyeball,1,170,0,0,0,0,0,0,0,0,0,0,0,0,0,0,0,0,0,0,0,0,0,0,0,0,0,0,0,0,0,0,0,0,0,0,0,0,0,0,0,,0,,,,,,,,,,,,,,,,,,,,,,,,,,,,,,,,,,,,,,,,,,,,,,,,,,,,,
497,Bone,1,171,0,0,0,0,0,0,0,0,0,0,0,0,0,0,0,0,0,0,0,0,0,0,0,0,0,0,0,0,0,0,0,0,0,0,0,0,0,0,0,,0,,,,,,,,,,,,,,,,,,,,,,,,,,,,,,,,,,,,,,,,,,,,,,,,,,,,,
498,Note,1,172,0,0,0,0,0,0,0,0,0,0,0,0,0,0,0,0,0,0,0,0,0,0,0,0,0,0,0,0,0,0,0,0,0,0,0,0,0,0,0,,0,,,,,,,,,,,,,,,,,,,,,,,,,,,,,,,,,,,,,,,,,,,,,,,,,,,,,
499,Scroll,1,173,0,0,0,0,0,0,0,0,0,0,0,0,0,0,0,0,0,0,0,0,0,0,0,0,0,0,0,0,0,0,0,0,0,0,0,0,0,0,0,,0,,,,,,,,,,,,,,,,,,,,,,,,,,,,,,,,,,,,,,,,,,,,,,,,,,,,,
500,Book,1,174,0,0,0,0,0,0,0,0,0,0,0,0,0,0,0,0,0,0,0,0,0,0,0,0,0,0,0,0,0,0,0,0,0,0,0,0,0,0,0,,0,,,,,,,,,,,,,,,,,,,,,,,,,,,,,,,,,,,,,,,,,,,,,,,,,,,,,
501,Ear (animal),1,175,0,0,0,0,0,0,0,0,0,0,0,0,0,0,0,0,0,0,0,0,0,0,0,0,0,0,0,0,0,0,0,0,0,0,0,0,0,0,0,,0,,,,,,,,,,,,,,,,,,,,,,,,,,,,,,,,,,,,,,,,,,,,,,,,,,,,,
502,Ear (human),1,176,0,0,0,0,0,0,0,0,0,0,0,0,0,0,0,0,0,0,0,0,0,0,0,0,0,0,0,0,0,0,0,0,0,0,0,0,0,0,0,,0,,,,,,,,,,,,,,,,,,,,,,,,,,,,,,,,,,,,,,,,,,,,,,,,,,,,,
503,Head,1,177,0,0,0,0,0,0,0,0,0,0,0,0,0,0,0,0,0,0,0,0,0,0,0,0,0,0,0,0,0,0,0,0,0,0,0,0,0,0,0,,0,,,,,,,,,,,,,,,,,,,,,,,,,,,,,,,,,,,,,,,,,,,,,,,,,,,,,
504,Basket,1,178,0,0,0,0,0,0,0,0,0,0,0,0,0,0,0,0,0,0,0,0,0,0,0,0,0,0,0,0,0,0,0,0,0,0,0,0,0,0,0,,0,,,,,,,,,,,,,,,,,,,,,,,,,,,,,,,,,,,,,,,,,,,,,,,,,,,,,
505,Chest,1,179,0,0,0,0,0,0,0,0,0,0,0,0,0,0,0,0,0,0,0,0,0,0,0,0,0,0,0,0,0,0,0,0,0,0,0,0,0,0,0,,0,,,,,,,,,,,,,,,,,,,,,,,,,,,,,,,,,,,,,,,,,,,,,,,,,,,,,
506,Hair,1,180,0,0,0,0,0,0,0,0,0,0,0,0,0,0,0,0,0,0,0,0,0,0,0,0,0,0,0,0,0,0,0,0,0,0,0,0,0,0,0,,0,,,,,,,,,,,,,,,,,,,,,,,,,,,,,,,,,,,,,,,,,,,,,,,,,,,,,
507,Scrap of cloth,1,181,0,0,0,0,0,0,0,0,0,0,0,0,0,0,0,0,0,0,0,0,0,0,0,0,0,0,0,0,0,0,0,0,0,0,0,0,0,0,0,,0,,,,,,,,,,,,,,,,,,,,,,,,,,,,,,,,,,,,,,,,,,,,,,,,,,,,,
508,Toe,1,182,0,0,0,0,0,0,0,0,0,0,0,0,0,0,0,0,0,0,0,0,0,0,0,0,0,0,0,0,0,0,0,0,0,0,0,0,0,0,0,,0,,,,,,,,,,,,,,,,,,,,,,,,,,,,,,,,,,,,,,,,,,,,,,,,,,,,,
509,Broach/ pin,1,183,0,0,0,0,0,0,0,0,0,0,0,0,0,0,0,0,0,0,0,0,0,0,0,0,0,0,0,0,0,0,0,0,0,0,0,0,0,0,0,,0,,,,,,,,,,,,,,,,,,,,,,,,,,,,,,,,,,,,,,,,,,,,,,,,,,,,,
510,Hammer,1,184,0,0,0,0,0,0,0,0,0,0,0,0,0,0,0,0,0,0,0,0,0,0,0,0,0,0,0,0,0,0,0,0,0,0,0,0,0,0,0,,0,,,,,,,,,,,,,,,,,,,,,,,,,,,,,,,,,,,,,,,,,,,,,,,,,,,,,
511,Crown,1,185,0,0,0,0,0,0,0,0,0,0,0,0,0,0,0,0,0,0,0,0,0,0,0,0,0,0,0,0,0,0,0,0,0,0,0,0,0,0,0,,0,,,,,,,,,,,,,,,,,,,,,,,,,,,,,,,,,,,,,,,,,,,,,,,,,,,,,
512,Arrows,235,186,0,0,0,0,0,0,0,0,0,0,0,0,0,0,0,0,0,0,0,0,0,0,0,0,0,0,0,0,0,0,0,0,0,0,0,0,0,0,0,,0,,,,,,,,,,,,,,,,,,,,,,,,,,,,,,,,,,,,,,,,,,,,,,,,,,,,,
513,Bolts,1,187,0,0,0,0,0,0,0,0,0,0,0,0,0,0,0,0,0,0,0,0,0,0,0,0,0,0,0,0,0,0,0,0,0,0,0,0,0,0,0,,0,,,,,,,,,,,,,,,,,,,,,,,,,,,,,,,,,,,,,,,,,,,,,,,,,,,,,
514,Stone,1,188,0,0,0,0,0,0,0,0,0,0,0,0,0,0,0,0,0,0,0,0,0,0,0,0,0,0,0,0,0,0,0,0,0,0,0,0,0,0,0,,0,,,,,,,,,,,,,,,,,,,,,,,,,,,,,,,,,,,,,,,,,,,,,,,,,,,,,
515,Tail,1,189,0,0,0,0,0,0,0,0,0,0,0,0,0,0,0,0,0,0,0,0,0,0,0,0,0,0,0,0,0,0,0,0,0,0,0,0,0,0,0,,0,,,,,,,,,,,,,,,,,,,,,,,,,,,,,,,,,,,,,,,,,,,,,,,,,,,,,
516,Carapace (ant-like),1,190,0,0,0,0,0,0,0,0,0,0,0,0,0,0,0,0,0,0,0,0,0,0,0,0,0,0,0,0,0,0,0,0,0,0,0,0,0,0,0,,0,,,,,,,,,,,,,,,,,,,,,,,,,,,,,,,,,,,,,,,,,,,,,,,,,,,,,
517,Carapace (beetle-like),1,191,0,0,0,0,0,0,0,0,0,0,0,0,0,0,0,0,0,0,0,0,0,0,0,0,0,0,0,0,0,0,0,0,0,0,0,0,0,0,0,,0,,,,,,,,,,,,,,,,,,,,,,,,,,,,,,,,,,,,,,,,,,,,,,,,,,,,,
518,Hoof,1,192,0,0,0,0,0,0,0,0,0,0,0,0,0,0,0,0,0,0,0,0,0,0,0,0,0,0,0,0,0,0,0,0,0,0,0,0,0,0,0,,0,,,,,,,,,,,,,,,,,,,,,,,,,,,,,,,,,,,,,,,,,,,,,,,,,,,,,
519,Metal bars,1,193,0,0,0,0,0,0,0,0,0,0,0,0,0,0,0,0,0,0,0,0,0,0,0,0,0,0,0,0,0,0,0,0,0,0,0,0,0,0,0,,0,,,,,,,,,,,,,,,,,,,,,,,,,,,,,,,,,,,,,,,,,,,,,,,,,,,,,
520,Wooden boards,1,194,0,0,0,0,0,0,0,0,0,0,0,0,0,0,0,0,0,0,0,0,0,0,0,0,0,0,0,0,0,0,0,0,0,0,0,0,0,0,0,,0,,,,,,,,,,,,,,,,,,,,,,,,,,,,,,,,,,,,,,,,,,,,,,,,,,,,,
521,Square of leather,1,195,0,0,0,0,0,0,0,0,0,0,0,0,0,0,0,0,0,0,0,0,0,0,0,0,0,0,0,0,0,0,0,0,0,0,0,0,0,0,0,,0,,,,,,,,,,,,,,,,,,,,,,,,,,,,,,,,,,,,,,,,,,,,,,,,,,,,,
522,Roll of cloth,1,196,0,0,0,0,0,0,0,0,0,0,0,0,0,0,0,0,0,0,0,0,0,0,0,0,0,0,0,0,0,0,0,0,0,0,0,0,0,0,0,,0,,,,,,,,,,,,,,,,,,,,,,,,,,,,,,,,,,,,,,,,,,,,,,,,,,,,,
523,Blue orb,1,197,0,0,0,0,0,0,0,0,0,0,0,0,0,0,0,0,0,0,0,0,0,0,0,0,0,0,0,0,0,0,0,0,0,0,0,0,0,0,0,,0,,,,,,,,,,,,,,,,,,,,,,,,,,,,,,,,,,,,,,,,,,,,,,,,,,,,,
524,Red orb,1,198,0,0,0,0,0,0,0,0,0,0,0,0,0,0,0,0,0,0,0,0,0,0,0,0,0,0,0,0,0,0,0,0,0,0,0,0,0,0,0,,0,,,,,,,,,,,,,,,,,,,,,,,,,,,,,,,,,,,,,,,,,,,,,,,,,,,,,
525,Silver orb,1,199,0,0,0,0,0,0,0,0,0,0,0,0,0,0,0,0,0,0,0,0,0,0,0,0,0,0,0,0,0,0,0,0,0,0,0,0,0,0,0,,0,,,,,,,,,,,,,,,,,,,,,,,,,,,,,,,,,,,,,,,,,,,,,,,,,,,,,
526,Green vial,1,500,0,0,0,0,0,0,0,0,0,0,0,0,0,0,0,0,0,0,0,0,0,0,0,0,0,0,0,0,0,0,0,0,0,0,0,0,0,0,0,,0,,,,,,,,,,,,,,,,,,,,,,,,,,,,,,,,,,,,,,,,,,,,,,,,,,,,,
527,Orange vial,1,501,0,0,0,0,0,0,0,0,0,0,0,0,0,0,0,0,0,0,0,0,0,0,0,0,0,0,0,0,0,0,0,0,0,0,0,0,0,0,0,,0,,,,,,,,,,,,,,,,,,,,,,,,,,,,,,,,,,,,,,,,,,,,,,,,,,,,,
528,Cyan vial,1,502,0,0,0,0,0,0,0,0,0,0,0,0,0,0,0,0,0,0,0,0,0,0,0,0,0,0,0,0,0,0,0,0,0,0,0,0,0,0,0,,0,,,,,,,,,,,,,,,,,,,,,,,,,,,,,,,,,,,,,,,,,,,,,,,,,,,,,
529,Red vial,1,503,0,0,0,0,0,0,0,0,0,0,0,0,0,0,0,0,0,0,0,0,0,0,0,0,0,0,0,0,0,0,0,0,0,0,0,0,0,0,0,,0,,,,,,,,,,,,,,,,,,,,,,,,,,,,,,,,,,,,,,,,,,,,,,,,,,,,,
530,Blue vial,1,504,0,0,0,0,0,0,0,0,0,0,0,0,0,0,0,0,0,0,0,0,0,0,0,0,0,0,0,0,0,0,0,0,0,0,0,0,0,0,0,,0,,,,,,,,,,,,,,,,,,,,,,,,,,,,,,,,,,,,,,,,,,,,,,,,,,,,,
531,Purple vial,1,505,0,0,0,0,0,0,0,0,0,0,0,0,0,0,0,0,0,0,0,0,0,0,0,0,0,0,0,0,0,0,0,0,0,0,0,0,0,0,0,,0,,,,,,,,,,,,,,,,,,,,,,,,,,,,,,,,,,,,,,,,,,,,,,,,,,,,,
532,Yellow vial,1,506,0,0,0,0,0,0,0,0,0,0,0,0,0,0,0,0,0,0,0,0,0,0,0,0,0,0,0,0,0,0,0,0,0,0,0,0,0,0,0,,0,,,,,,,,,,,,,,,,,,,,,,,,,,,,,,,,,,,,,,,,,,,,,,,,,,,,,
533,Pitcher,1,507,0,0,0,0,0,0,0,0,0,0,0,0,0,0,0,0,0,0,0,0,0,0,0,0,0,0,0,0,0,0,0,0,0,0,0,0,0,0,0,,0,,,,,,,,,,,,,,,,,,,,,,,,,,,,,,,,,,,,,,,,,,,,,,,,,,,,,
534,Mortar and pestle,1,508,0,0,0,0,0,0,0,0,0,0,0,0,0,0,0,0,0,0,0,0,0,0,0,0,0,0,0,0,0,0,0,0,0,0,0,0,0,0,0,,0,,,,,,,,,,,,,,,,,,,,,,,,,,,,,,,,,,,,,,,,,,,,,,,,,,,,,
535,Herbs,1,509,0,0,0,0,0,0,0,0,0,0,0,0,0,0,0,0,0,0,0,0,0,0,0,0,0,0,0,0,0,0,0,0,0,0,0,0,0,0,0,,0,,,,,,,,,,,,,,,,,,,,,,,,,,,,,,,,,,,,,,,,,,,,,,,,,,,,,
536,Rivets,1,510,0,0,0,0,0,0,0,0,0,0,0,0,0,0,0,0,0,0,0,0,0,0,0,0,0,0,0,0,0,0,0,0,0,0,0,0,0,0,0,,0,,,,,,,,,,,,,,,,,,,,,,,,,,,,,,,,,,,,,,,,,,,,,,,,,,,,,
537,Needle and thread,1,511,0,0,0,0,0,0,0,0,0,0,0,0,0,0,0,0,0,0,0,0,0,0,0,0,0,0,0,0,0,0,0,0,0,0,0,0,0,0,0,,0,,,,,,,,,,,,,,,,,,,,,,,,,,,,,,,,,,,,,,,,,,,,,,,,,,,,,
538,Dye pot,1,512,0,0,0,0,0,0,0,0,0,0,0,0,0,0,0,0,0,0,0,0,0,0,0,0,0,0,0,0,0,0,0,0,0,0,0,0,0,0,0,,0,,,,,,,,,,,,,,,,,,,,,,,,,,,,,,,,,,,,,,,,,,,,,,,,,,,,,
539,Dice,1,513,0,0,0,0,0,0,0,0,0,0,0,0,0,0,0,0,0,0,0,0,0,0,0,0,0,0,0,0,0,0,0,0,0,0,0,0,0,0,0,,0,,,,,,,,,,,,,,,,,,,,,,,,,,,,,,,,,,,,,,,,,,,,,,,,,,,,,
540,Skull,1,514,0,0,0,0,0,0,0,0,0,0,0,0,0,0,0,0,0,0,0,0,0,0,0,0,0,0,0,0,0,0,0,0,0,0,0,0,0,0,0,,0,,,,,,,,,,,,,,,,,,,,,,,,,,,,,,,,,,,,,,,,,,,,,,,,,,,,,
541,Pile of dirt/ dust,1,515,0,0,0,0,0,0,0,0,0,0,0,0,0,0,0,0,0,0,0,0,0,0,0,0,0,0,0,0,0,0,0,0,0,0,0,0,0,0,0,,0,,,,,,,,,,,,,,,,,,,,,,,,,,,,,,,,,,,,,,,,,,,,,,,,,,,,,
542,Paw,1,516,0,0,0,0,0,0,0,0,0,0,0,0,0,0,0,0,0,0,0,0,0,0,0,0,0,0,0,0,0,0,0,0,0,0,0,0,0,0,0,,0,,,,,,,,,,,,,,,,,,,,,,,,,,,,,,,,,,,,,,,,,,,,,,,,,,,,,
543,Tree branch,1,517,0,0,0,0,0,0,0,0,0,0,0,0,0,0,0,0,0,0,0,0,0,0,0,0,0,0,0,0,0,0,0,0,0,0,0,0,0,0,0,,0,,,,,,,,,,,,,,,,,,,,,,,,,,,,,,,,,,,,,,,,,,,,,,,,,,,,,
544,Small fish,1,518,0,0,0,0,0,0,0,0,0,0,0,0,0,0,0,0,0,0,0,0,0,0,0,0,0,0,0,0,0,0,0,0,0,0,0,0,0,0,0,,0,,,,,,,,,,,,,,,,,,,,,,,,,,,,,,,,,,,,,,,,,,,,,,,,,,,,,
545,Large fish,1,519,0,0,0,0,0,0,0,0,0,0,0,0,0,0,0,0,0,0,0,0,0,0,0,0,0,0,0,0,0,0,0,0,0,0,0,0,0,0,0,,0,,,,,,,,,,,,,,,,,,,,,,,,,,,,,,,,,,,,,,,,,,,,,,,,,,,,,
546,Mushroom,1,520,0,0,0,0,0,0,0,0,0,0,0,0,0,0,0,0,0,0,0,0,0,0,0,0,0,0,0,0,0,0,0,0,0,0,0,0,0,0,0,,0,,,,,,,,,,,,,,,,,,,,,,,,,,,,,,,,,,,,,,,,,,,,,,,,,,,,,
547,Cask/ barrel,1,521,0,0,0,0,0,0,0,0,0,0,0,0,0,0,0,0,0,0,0,0,0,0,0,0,0,0,0,0,0,0,0,0,0,0,0,0,0,0,0,,0,,,,,,,,,,,,,,,,,,,,,,,,,,,,,,,,,,,,,,,,,,,,,,,,,,,,,
548,Cake slice,1,522,0,0,0,0,0,0,0,0,0,0,0,0,0,0,0,0,0,0,0,0,0,0,0,0,0,0,0,0,0,0,0,0,0,0,0,0,0,0,0,,0,,,,,,,,,,,,,,,,,,,,,,,,,,,,,,,,,,,,,,,,,,,,,,,,,,,,,
549,Drinking glass,1,523,0,0,0,0,0,0,0,0,0,0,0,0,0,0,0,0,0,0,0,0,0,0,0,0,0,0,0,0,0,0,0,0,0,0,0,0,0,0,0,,0,,,,,,,,,,,,,,,,,,,,,,,,,,,,,,,,,,,,,,,,,,,,,,,,,,,,,
550,Bowl/ plate,1,524,0,0,0,0,0,0,0,0,0,0,0,0,0,0,0,0,0,0,0,0,0,0,0,0,0,0,0,0,0,0,0,0,0,0,0,0,0,0,0,,0,,,,,,,,,,,,,,,,,,,,,,,,,,,,,,,,,,,,,,,,,,,,,,,,,,,,,
551,Wings,1,525,0,0,0,0,0,0,0,0,0,0,0,0,0,0,0,0,0,0,0,0,0,0,0,0,0,0,0,0,0,0,0,0,0,0,0,0,0,0,0,,0,,,,,,,,,,,,,,,,,,,,,,,,,,,,,,,,,,,,,,,,,,,,,,,,,,,,,
552,Wand,1,526,0,0,0,0,0,0,0,0,0,0,0,0,0,0,0,0,0,0,0,0,0,0,0,0,0,0,0,0,0,0,0,0,0,0,0,0,0,0,0,,0,,,,,,,,,,,,,,,,,,,,,,,,,,,,,,,,,,,,,,,,,,,,,,,,,,,,,
553,Glop of slime,1,527,0,0,0,0,0,0,0,0,0,0,0,0,0,0,0,0,0,0,0,0,0,0,0,0,0,0,0,0,0,0,0,0,0,0,0,0,0,0,0,,0,,,,,,,,,,,,,,,,,,,,,,,,,,,,,,,,,,,,,,,,,,,,,,,,,,,,,
554,Bottle,1,528,0,0,0,0,0,0,0,0,0,0,0,0,0,0,0,0,0,0,0,0,0,0,0,0,0,0,0,0,0,0,0,0,0,0,0,0,0,0,0,,0,,,,,,,,,,,,,,,,,,,,,,,,,,,,,,,,,,,,,,,,,,,,,,,,,,,,,
555,Banner,1,529,0,0,0,0,0,0,0,0,0,0,0,0,0,0,0,0,0,0,0,0,0,0,0,0,0,0,0,0,0,0,0,0,0,0,0,0,0,0,0,,0,,,,,,,,,,,,,,,,,,,,,,,,,,,,,,,,,,,,,,,,,,,,,,,,,,,,,
556,Special hibernian spear,60,207,0,0,0,0,0,0,0,0,0,0,0,0,0,0,0,3,2,21,0,0,0,0,0,0,0,0,0,0,0,0,0,0,0,0,0,0,0,0,0,,0,,,,,,,,,,,,,,,,,,,,,,,,,,,,,,,,,,,,,,,,,,,,,,,,,,,,,
557,Mage Cloak 2,1,119,0,0,0,0,0,0,0,763,0,0,0,0,1,0,0,0,0,0,0,0,0,0,0,0,0,0,0,0,0,0,0,0,0,0,0,0,0,0,0,,0,,,,,,,,,,,,,,,,,,,,,,,,,,,,4984,,,,,,,,,,,,,,,,,,,,,,,,,
558,Mage Cloak 3,1,119,0,0,0,0,0,0,0,764,0,0,0,0,1,0,0,0,0,0,0,0,0,0,0,0,0,0,0,0,0,0,0,0,0,0,0,0,0,0,0,,0,,,,,,,,,,,,,,,,,,,,,,,,,,,,4985,,,,,,,,,,,,,,,,,,,,,,,,,
559,Cloak 2,1,119,0,0,0,0,0,0,0,762,0,0,0,0,1,0,0,0,0,0,0,0,0,0,0,0,0,0,0,0,0,0,0,0,0,0,0,0,0,0,0,,0,,,,,,,,,,,,,,,,,,,,,,,,,,,,4976,,,,,,,,,,,,,,,,,,,,,,,,,
560,Cloak 3,1,119,0,0,0,0,0,0,0,765,0,0,0,0,1,0,0,0,0,0,0,0,0,0,0,0,0,0,0,0,0,0,0,0,0,0,0,0,0,0,0,,0,,,,,,,,,,,,,,,,,,,,,,,,,,,,4977,,,,,,,,,,,,,,,,,,,,,,,,,
561,Ballista,125,0,0,0,0,0,0,0,0,0,0,0,0,0,0,0,0,0,0,0,0,0,0,0,1,0,0,0,0,0,0,0,0,0,0,0,0,0,0,0,0,,0,,,,,,,,,,,,,,,,,,,,,,,,,,,,,,,,,,,,,,,,,,,,,,,,,,,,,
562,Ram,127,0,0,0,0,0,0,0,0,0,0,0,0,0,0,0,0,0,0,0,0,0,0,0,2,0,0,0,0,0,0,0,0,0,0,0,0,0,0,0,0,,0,,,,,,,,,,,,,,,,,,,,,,,,,,,,,,,,,,,,,,,,,,,,,,,,,,,,,
563,Mangonel,126,0,0,0,0,0,0,0,0,0,0,0,0,0,0,0,0,0,0,0,0,0,0,0,3,0,0,0,0,0,0,0,0,0,0,0,0,0,0,0,0,,0,,,,,,,,,,,,,,,,,,,,,,,,,,,,,,,,,,,,,,,,,,,,,,,,,,,,,
564,Norse Composite bow,149,223,0,0,0,0,0,0,0,0,0,0,0,0,0,0,0,5,1,7,0,0,0,0,0,0,0,0,0,0,0,0,0,0,0,0,0,0,0,0,0,,0,,,,,,,,,,,,,,,,,,,,,,,,,,,,,,,,,,,,,,,,,,,,,,,,,,,,,
565,norse shod staff,156,209,0,0,0,0,0,0,0,0,0,0,0,0,0,0,0,4,1,6,0,0,0,0,0,0,0,0,0,0,0,0,0,0,0,0,0,0,0,0,0,,0,,,,,,,,,,,,,,,,,,,,,,,,,,,,,,,,,,,,,,,,,,,,,,,,,,,,,
566,norse focus staff,157,209,0,0,0,0,0,0,0,0,0,0,0,0,0,0,0,4,1,6,0,0,0,0,0,0,0,0,0,0,0,0,0,0,0,0,0,0,0,0,0,,0,,,,,,,,,,,,,,,,,,,,,,,,,,,,,,,,,,,,,,,,,,,,,,,,,,,,,
567,Briton Shod quarterstaff,199,209,0,0,0,0,0,0,0,0,0,0,0,0,0,0,0,4,1,6,0,0,0,0,0,0,0,0,0,0,0,0,0,0,0,0,0,0,0,0,0,,0,,,,,,,,,,,,,,,,,,,,,,,,,,,,,,,,,,,,,,,,,,,,,,,,,,,,,
568,Briton focus staff,200,209,0,0,0,0,0,0,0,0,0,0,0,0,0,0,0,4,1,6,0,0,0,0,0,0,0,0,0,0,0,0,0,0,0,0,0,0,0,0,0,,0,,,,,,,,,,,,,,,,,,,,,,,,,,,,,,,,,,,,,,,,,,,,,,,,,,,,,
569,Briton shortbow,195,223,0,0,0,0,0,0,0,0,0,0,0,0,0,0,0,5,1,7,0,0,0,0,0,0,0,0,0,0,0,0,0,0,0,0,0,0,0,0,0,,0,,,,,,,,,,,,,,,,,,,,,,,,,,,,,,,,,,,,,,,,,,,,,,,,,,,,,
570,Briton greatbow,196,223,0,0,0,0,0,0,0,0,0,0,0,0,0,0,0,5,1,7,0,0,0,0,0,0,0,0,0,0,0,0,0,0,0,0,0,0,0,0,0,,0,,,,,,,,,,,,,,,,,,,,,,,,,,,,,,,,,,,,,,,,,,,,,,,,,,,,,
571,Norse Dagger,128,201,0,0,0,0,0,0,0,0,0,0,0,0,0,1,0,1,0,21,0,0,0,0,0,0,0,0,0,0,0,0,0,0,0,0,0,0,0,0,0,,0,,,,,,,,,,,,,,,,,,,,,,,,,,,,,,,,,,,,,,,,,,,,,,,,,,,,,
572,Norse Great Sword,134,203,0,0,0,0,0,0,0,0,0,0,0,0,0,1,0,2,0,1,0,0,0,0,0,0,0,0,0,0,0,0,0,0,0,0,0,0,0,0,0,,0,,,,,,,,,,,,,,,,,,,,,,,,,,,,,,,,,,,,,,,,,,,,,,,,,,,,,
573,Norse 1h double axe,138,200,0,0,0,0,0,0,0,0,0,0,0,0,0,1,0,1,0,4,0,0,0,0,0,0,0,0,0,0,0,0,0,0,0,0,0,0,0,0,0,,0,,,,,,,,,,,,,,,,,,,,,,,,,,,,,,,,,,,,,,,,,,,,,,,,,,,,,
574,norse 2h hammer,146,215,0,0,0,0,0,0,0,0,0,0,0,0,0,1,0,2,0,5,0,0,0,0,0,0,0,0,0,0,0,0,0,0,0,0,0,0,0,0,0,,0,,,,,,,,,,,,,,,,,,,,,,,,,,,,,,,,,,,,,,,,,,,,,,,,,,,,,
575,norse 2h warhammer,147,215,0,0,0,0,0,0,0,0,0,0,0,0,0,1,0,2,0,5,0,0,0,0,0,0,0,0,0,0,0,0,0,0,0,0,0,0,0,0,0,,0,,,,,,,,,,,,,,,,,,,,,,,,,,,,,,,,,,,,,,,,,,,,,,,,,,,,,
576,norse 2h greathammer,148,215,0,0,0,0,0,0,0,0,0,0,0,0,0,1,0,2,0,5,0,0,0,0,0,0,0,0,0,0,0,0,0,0,0,0,0,0,0,0,0,,0,,,,,,,,,,,,,,,,,,,,,,,,,,,,,,,,,,,,,,,,,,,,,,,,,,,,,
577,Norse 2h battleaxe,139,217,0,0,0,0,0,0,0,0,0,0,0,0,0,1,0,2,0,4,0,0,0,0,0,0,0,0,0,0,0,0,0,0,0,0,0,0,0,0,0,,0,,,,,,,,,,,,,,,,,,,,,,,,,,,,,,,,,,,,,,,,,,,,,,,,,,,,,
578,Norse Hand Axe,201,200,0,0,0,0,0,0,0,0,0,0,0,0,0,1,0,1,0,4,0,0,0,0,0,0,0,0,0,0,0,0,0,0,0,0,0,0,0,0,0,,0,,,,,,,,,,,,,,,,,,,,,,,,,,,,,,,,,,,,,,,,,,,,,,,,,,,,,
580,fishing pole,1,530,0,0,0,0,0,0,0,0,0,0,0,0,0,0,0,0,0,0,0,0,0,0,0,0,0,0,0,0,0,0,0,0,0,0,0,0,0,0,0,,0,,,,,,,,,,,,,,,,,,,,,,,,,,,,,,,,,,,,,,,,,,,,,,,,,,,,,
581,fishing hooks,1,531,0,0,0,0,0,0,0,0,0,0,0,0,0,0,0,0,0,0,0,0,0,0,0,0,0,0,0,0,0,0,0,0,0,0,0,0,0,0,0,,0,,,,,,,,,,,,,,,,,,,,,,,,,,,,,,,,,,,,,,,,,,,,,,,,,,,,,
582,can of bait,1,532,0,0,0,0,0,0,0,0,0,0,0,0,0,0,0,0,0,0,0,0,0,0,0,0,0,0,0,0,0,0,0,0,0,0,0,0,0,0,0,,0,,,,,,,,,,,,,,,,,,,,,,,,,,,,,,,,,,,,,,,,,,,,,,,,,,,,,
583,gold key,1,533,0,0,0,0,0,0,0,0,0,0,0,0,0,0,0,0,0,0,0,0,0,0,0,0,0,0,0,0,0,0,0,0,0,0,0,0,0,0,0,,0,,,,,,,,,,,,,,,,,,,,,,,,,,,,,,,,,,,,,,,,,,,,,,,,,,,,,
584,silver key,1,534,0,0,0,0,0,0,0,0,0,0,0,0,0,0,0,0,0,0,0,0,0,0,0,0,0,0,0,0,0,0,0,0,0,0,0,0,0,0,0,,0,,,,,,,,,,,,,,,,,,,,,,,,,,,,,,,,,,,,,,,,,,,,,,,,,,,,,
585,bronze key,1,535,0,0,0,0,0,0,0,0,0,0,0,0,0,0,0,0,0,0,0,0,0,0,0,0,0,0,0,0,0,0,0,0,0,0,0,0,0,0,0,,0,,,,,,,,,,,,,,,,,,,,,,,,,,,,,,,,,,,,,,,,,,,,,,,,,,,,,
586,drining horn,1,536,0,0,0,0,0,0,0,0,0,0,0,0,0,0,0,0,0,0,0,0,0,0,0,0,0,0,0,0,0,0,0,0,0,0,0,0,0,0,0,,0,,,,,,,,,,,,,,,,,,,,,,,,,,,,,,,,,,,,,,,,,,,,,,,,,,,,,
587,egg,1,537,0,0,0,0,0,0,0,0,0,0,0,0,0,0,0,0,0,0,0,0,0,0,0,0,0,0,0,0,0,0,0,0,0,0,0,0,0,0,0,,0,,,,,,,,,,,,,,,,,,,,,,,,,,,,,,,,,,,,,,,,,,,,,,,,,,,,,
588,human hand,1,538,0,0,0,0,0,0,0,0,0,0,0,0,0,0,0,0,0,0,0,0,0,0,0,0,0,0,0,0,0,0,0,0,0,0,0,0,0,0,0,,0,,,,,,,,,,,,,,,,,,,,,,,,,,,,,,,,,,,,,,,,,,,,,,,,,,,,,
589,human leg,1,539,0,0,0,0,0,0,0,0,0,0,0,0,0,0,0,0,0,0,0,0,0,0,0,0,0,0,0,0,0,0,0,0,0,0,0,0,0,0,0,,0,,,,,,,,,,,,,,,,,,,,,,,,,,,,,,,,,,,,,,,,,,,,,,,,,,,,,
590,poison sac,1,540,0,0,0,0,0,0,0,0,0,0,0,0,0,0,0,0,0,0,0,0,0,0,0,0,0,0,0,0,0,0,0,0,0,0,0,0,0,0,0,,0,,,,,,,,,,,,,,,,,,,,,,,,,,,,,,,,,,,,,,,,,,,,,,,,,,,,,
591,gland,1,541,0,0,0,0,0,0,0,0,0,0,0,0,0,0,0,0,0,0,0,0,0,0,0,0,0,0,0,0,0,0,0,0,0,0,0,0,0,0,0,,0,,,,,,,,,,,,,,,,,,,,,,,,,,,,,,,,,,,,,,,,,,,,,,,,,,,,,
592,mirror,1,542,0,0,0,0,0,0,0,0,0,0,0,0,0,0,0,0,0,0,0,0,0,0,0,0,0,0,0,0,0,0,0,0,0,0,0,0,0,0,0,,0,,,,,,,,,,,,,,,,,,,,,,,,,,,,,,,,,,,,,,,,,,,,,,,,,,,,,
593,humanoid statue,1,543,0,0,0,0,0,0,0,0,0,0,0,0,0,0,0,0,0,0,0,0,0,0,0,0,0,0,0,0,0,0,0,0,0,0,0,0,0,0,0,,0,,,,,,,,,,,,,,,,,,,,,,,,,,,,,,,,,,,,,,,,,,,,,,,,,,,,,
594,animal statue,1,544,0,0,0,0,0,0,0,0,0,0,0,0,0,0,0,0,0,0,0,0,0,0,0,0,0,0,0,0,0,0,0,0,0,0,0,0,0,0,0,,0,,,,,,,,,,,,,,,,,,,,,,,,,,,,,,,,,,,,,,,,,,,,,,,,,,,,,
595,heart,1,545,0,0,0,0,0,0,0,0,0,0,0,0,0,0,0,0,0,0,0,0,0,0,0,0,0,0,0,0,0,0,0,0,0,0,0,0,0,0,0,,0,,,,,,,,,,,,,,,,,,,,,,,,,,,,,,,,,,,,,,,,,,,,,,,,,,,,,
596,circlet,1,546,0,0,0,0,0,0,0,0,0,0,0,0,0,0,0,0,0,0,0,0,0,0,0,0,0,0,0,0,0,0,0,0,0,0,0,0,0,0,0,,0,,,,,,,,,,,,,,,,,,,,,,,,,,,,,,,,,,,,,,,,,,,,,,,,,,,,,
597,belt,1,547,0,0,0,0,0,0,0,0,0,0,0,0,0,0,0,0,0,0,0,0,0,0,0,0,0,0,0,0,0,0,0,0,0,0,0,0,0,0,0,,0,,,,,,,,,,,,,,,,,,,,,,,,,,,,,,,,,,,,,,,,,,,,,,,,,,,,,
598,bracer,1,548,0,0,0,0,0,0,0,0,0,0,0,0,0,0,0,0,0,0,0,0,0,0,0,0,0,0,0,0,0,0,0,0,0,0,0,0,0,0,0,,0,,,,,,,,,,,,,,,,,,,,,,,,,,,,,,,,,,,,,,,,,,,,,,,,,,,,,
599,spool of wire,1,549,0,0,0,0,0,0,0,0,0,0,0,0,0,0,0,0,0,0,0,0,0,0,0,0,0,0,0,0,0,0,0,0,0,0,0,0,0,0,0,,0,,,,,,,,,,,,,,,,,,,,,,,,,,,,,,,,,,,,,,,,,,,,,,,,,,,,,
600,strapping,1,550,0,0,0,0,0,0,0,0,0,0,0,0,0,0,0,0,0,0,0,0,0,0,0,0,0,0,0,0,0,0,0,0,0,0,0,0,0,0,0,,0,,,,,,,,,,,,,,,,,,,,,,,,,,,,,,,,,,,,,,,,,,,,,,,,,,,,,
601,torch,1,551,0,0,0,0,0,0,0,0,0,0,0,0,0,0,0,0,0,0,0,0,0,0,0,0,0,0,0,0,0,0,0,0,0,0,0,0,0,0,0,,0,,,,,,,,,,,,,,,,,,,,,,,,,,,,,,,,,,,,,,,,,,,,,,,,,,,,,
602,wooden box,1,552,0,0,0,0,0,0,0,0,0,0,0,0,0,0,0,0,0,0,0,0,0,0,0,0,0,0,0,0,0,0,0,0,0,0,0,0,0,0,0,,0,,,,,,,,,,,,,,,,,,,,,,,,,,,,,,,,,,,,,,,,,,,,,,,,,,,,,
603,scroll tube,1,553,0,0,0,0,0,0,0,0,0,0,0,0,0,0,0,0,0,0,0,0,0,0,0,0,0,0,0,0,0,0,0,0,0,0,0,0,0,0,0,,0,,,,,,,,,,,,,,,,,,,,,,,,,,,,,,,,,,,,,,,,,,,,,,,,,,,,,
604,rope,1,554,0,0,0,0,0,0,0,0,0,0,0,0,0,0,0,0,0,0,0,0,0,0,0,0,0,0,0,0,0,0,0,0,0,0,0,0,0,0,0,,0,,,,,,,,,,,,,,,,,,,,,,,,,,,,,,,,,,,,,,,,,,,,,,,,,,,,,
605,empty vial,1,555,0,0,0,0,0,0,0,0,0,0,0,0,0,0,0,0,0,0,0,0,0,0,0,0,0,0,0,0,0,0,0,0,0,0,0,0,0,0,0,,0,,,,,,,,,,,,,,,,,,,,,,,,,,,,,,,,,,,,,,,,,,,,,,,,,,,,,
606,silver orb,1,556,0,0,0,0,0,0,0,0,0,0,0,0,0,0,0,0,0,0,0,0,0,0,0,0,0,0,0,0,0,0,0,0,0,0,0,0,0,0,0,,0,,,,,,,,,,,,,,,,,,,,,,,,,,,,,,,,,,,,,,,,,,,,,,,,,,,,,
607,four leaf clover,1,557,0,0,0,0,0,0,0,0,0,0,0,0,0,0,0,0,0,0,0,0,0,0,0,0,0,0,0,0,0,0,0,0,0,0,0,0,0,0,0,,0,,,,,,,,,,,,,,,,,,,,,,,,,,,,,,,,,,,,,,,,,,,,,,,,,,,,,
608,rabbits foot,1,558,0,0,0,0,0,0,0,0,0,0,0,0,0,0,0,0,0,0,0,0,0,0,0,0,0,0,0,0,0,0,0,0,0,0,0,0,0,0,0,,0,,,,,,,,,,,,,,,,,,,,,,,,,,,,,,,,,,,,,,,,,,,,,,,,,,,,,
609,pile of coins,1,559,0,0,0,0,0,0,0,0,0,0,0,0,0,0,0,0,0,0,0,0,0,0,0,0,0,0,0,0,0,0,0,0,0,0,0,0,0,0,0,,0,,,,,,,,,,,,,,,,,,,,,,,,,,,,,,,,,,,,,,,,,,,,,,,,,,,,,
610,backpack,1,560,0,0,0,0,0,0,0,0,0,0,0,0,0,0,0,0,0,0,0,0,0,0,0,0,0,0,0,0,0,0,0,0,0,0,0,0,0,0,0,,0,,,,,,,,,,,,,,,,,,,,,,,,,,,,,,,,,,,,,,,,,,,,,,,,,,,,,
611,vine,1,561,0,0,0,0,0,0,0,0,0,0,0,0,0,0,0,0,0,0,0,0,0,0,0,0,0,0,0,0,0,0,0,0,0,0,0,0,0,0,0,,0,,,,,,,,,,,,,,,,,,,,,,,,,,,,,,,,,,,,,,,,,,,,,,,,,,,,,
612,splinter,1,562,0,0,0,0,0,0,0,0,0,0,0,0,0,0,0,0,0,0,0,0,0,0,0,0,0,0,0,0,0,0,0,0,0,0,0,0,0,0,0,,0,,,,,,,,,,,,,,,,,,,,,,,,,,,,,,,,,,,,,,,,,,,,,,,,,,,,,
613,Spiked Club,1,563,0,0,0,0,0,0,0,0,0,0,0,0,0,0,0,0,0,0,0,0,0,0,0,0,0,0,0,0,0,0,0,0,0,0,0,0,0,0,0,,0,,,,,,,,,,,,,,,,,,,,,,,,,,,,,,,,,,,,,,,,,,,,,,,,,,,,,
614,mandible,1,564,0,0,0,0,0,0,0,0,0,0,0,0,0,0,0,0,0,0,0,0,0,0,0,0,0,0,0,0,0,0,0,0,0,0,0,0,0,0,0,,0,,,,,,,,,,,,,,,,,,,,,,,,,,,,,,,,,,,,,,,,,,,,,,,,,,,,,
615,tusk,1,565,0,0,0,0,0,0,0,0,0,0,0,0,0,0,0,0,0,0,0,0,0,0,0,0,0,0,0,0,0,0,0,0,0,0,0,0,0,0,0,,0,,,,,,,,,,,,,,,,,,,,,,,,,,,,,,,,,,,,,,,,,,,,,,,,,,,,,
616,flower yellow,1,566,0,0,0,0,0,0,0,0,0,0,0,0,0,0,0,0,0,0,0,0,0,0,0,0,0,0,0,0,0,0,0,0,0,0,0,0,0,0,0,,0,,,,,,,,,,,,,,,,,,,,,,,,,,,,,,,,,,,,,,,,,,,,,,,,,,,,,
617,flower blue,1,567,0,0,0,0,0,0,0,0,0,0,0,0,0,0,0,0,0,0,0,0,0,0,0,0,0,0,0,0,0,0,0,0,0,0,0,0,0,0,0,,0,,,,,,,,,,,,,,,,,,,,,,,,,,,,,,,,,,,,,,,,,,,,,,,,,,,,,
618,flower red,1,568,0,0,0,0,0,0,0,0,0,0,0,0,0,0,0,0,0,0,0,0,0,0,0,0,0,0,0,0,0,0,0,0,0,0,0,0,0,0,0,,0,,,,,,,,,,,,,,,,,,,,,,,,,,,,,,,,,,,,,,,,,,,,,,,,,,,,,
619,silver bracelet,1,569,0,0,0,0,0,0,0,0,0,0,0,0,0,0,0,0,0,0,0,0,0,0,0,0,0,0,0,0,0,0,0,0,0,0,0,0,0,0,0,,0,,,,,,,,,,,,,,,,,,,,,,,,,,,,,,,,,,,,,,,,,,,,,,,,,,,,,
620,gold earring,1,570,0,0,0,0,0,0,0,0,0,0,0,0,0,0,0,0,0,0,0,0,0,0,0,0,0,0,0,0,0,0,0,0,0,0,0,0,0,0,0,,0,,,,,,,,,,,,,,,,,,,,,,,,,,,,,,,,,,,,,,,,,,,,,,,,,,,,,
621,silver earring,1,571,0,0,0,0,0,0,0,0,0,0,0,0,0,0,0,0,0,0,0,0,0,0,0,0,0,0,0,0,0,0,0,0,0,0,0,0,0,0,0,,0,,,,,,,,,,,,,,,,,,,,,,,,,,,,,,,,,,,,,,,,,,,,,,,,,,,,,
622,gold bracelet,1,572,0,0,0,0,0,0,0,0,0,0,0,0,0,0,0,0,0,0,0,0,0,0,0,0,0,0,0,0,0,0,0,0,0,0,0,0,0,0,0,,0,,,,,,,,,,,,,,,,,,,,,,,,,,,,,,,,,,,,,,,,,,,,,,,,,,,,,
623,gold necklace,1,573,0,0,0,0,0,0,0,0,0,0,0,0,0,0,0,0,0,0,0,0,0,0,0,0,0,0,0,0,0,0,0,0,0,0,0,0,0,0,0,,0,,,,,,,,,,,,,,,,,,,,,,,,,,,,,,,,,,,,,,,,,,,,,,,,,,,,,
624,silver necklace,1,574,0,0,0,0,0,0,0,0,0,0,0,0,0,0,0,0,0,0,0,0,0,0,0,0,0,0,0,0,0,0,0,0,0,0,0,0,0,0,0,,0,,,,,,,,,,,,,,,,,,,,,,,,,,,,,,,,,,,,,,,,,,,,,,,,,,,,,
625,animal trap,1,575,0,0,0,0,0,0,0,0,0,0,0,0,0,0,0,0,0,0,0,0,0,0,0,0,0,0,0,0,0,0,0,0,0,0,0,0,0,0,0,,0,,,,,,,,,,,,,,,,,,,,,,,,,,,,,,,,,,,,,,,,,,,,,,,,,,,,,
626,chitin leg tip,1,576,0,0,0,0,0,0,0,0,0,0,0,0,0,0,0,0,0,0,0,0,0,0,0,0,0,0,0,0,0,0,0,0,0,0,0,0,0,0,0,,0,,,,,,,,,,,,,,,,,,,,,,,,,,,,,,,,,,,,,,,,,,,,,,,,,,,,,
627,tiara,1,577,0,0,0,0,0,0,0,0,0,0,0,0,0,0,0,0,0,0,0,0,0,0,0,0,0,0,0,0,0,0,0,0,0,0,0,0,0,0,0,,0,,,,,,,,,,,,,,,,,,,,,,,,,,,,,,,,,,,,,,,,,,,,,,,,,,,,,
628,baldric,1,578,0,0,0,0,0,0,0,0,0,0,0,0,0,0,0,0,0,0,0,0,0,0,0,0,0,0,0,0,0,0,0,0,0,0,0,0,0,0,0,,0,,,,,,,,,,,,,,,,,,,,,,,,,,,,,,,,,,,,,,,,,,,,,,,,,,,,,
629,scrap of skin,1,579,0,0,0,0,0,0,0,0,0,0,0,0,0,0,0,0,0,0,0,0,0,0,0,0,0,0,0,0,0,0,0,0,0,0,0,0,0,0,0,,0,,,,,,,,,,,,,,,,,,,,,,,,,,,,,,,,,,,,,,,,,,,,,,,,,,,,,
630,Albion Relic Staff,206,198,0,0,0,0,0,0,0,0,0,0,0,0,0,0,0,0,0,0,0,0,0,0,0,0,0,0,0,0,0,0,0,0,0,0,0,0,0,0,0,,0,,,,,,,,,,,,,,,,,,,,,,,,,,,,,,,,,,,,,,,,,,,,,,,,,,,,,
631,Albion Relic Scabbard,207,521,0,0,0,0,0,0,0,0,0,0,0,0,0,0,0,0,0,0,0,0,0,0,0,0,0,0,0,0,0,0,0,0,0,0,0,0,0,0,0,,0,,,,,,,,,,,,,,,,,,,,,,,,,,,,,,,,,,,,,,,,,,,,,,,,,,,,,
632,Hiberniean Relic Cauldron,208,550,0,0,0,0,0,0,0,0,0,0,0,0,0,0,0,0,0,0,0,0,0,0,0,0,0,0,0,0,0,0,0,0,0,0,0,0,0,0,0,,0,,,,,,,,,,,,,,,,,,,,,,,,,,,,,,,,,,,,,,,,,,,,,,,,,,,,,
633,Hibernian Relic Spear,209,207,0,0,0,0,0,0,0,0,0,0,0,0,0,0,0,0,0,0,0,0,0,0,0,0,0,0,0,0,0,0,0,0,0,0,0,0,0,0,0,,0,,,,,,,,,,,,,,,,,,,,,,,,,,,,,,,,,,,,,,,,,,,,,,,,,,,,,
634,Norse Relic Hammer,210,214,0,0,0,0,0,0,0,0,0,0,0,0,0,0,0,0,0,0,0,0,0,0,0,0,0,0,0,0,0,0,0,0,0,0,0,0,0,0,0,,0,,,,,,,,,,,,,,,,,,,,,,,,,,,,,,,,,,,,,,,,,,,,,,,,,,,,,
635,Norse Relic Horn,211,586,0,0,0,0,0,0,0,0,0,0,0,0,0,0,0,0,0,0,0,0,0,0,0,0,0,0,0,0,0,0,0,0,0,0,0,0,0,0,0,,0,,,,,,,,,,,,,,,,,,,,,,,,,,,,,,,,,,,,,,,,,,,,,,,,,,,,,
636,norse gravestone,203,200,0,0,0,0,0,0,0,0,0,0,0,0,0,0,0,0,0,0,0,1,0,0,0,0,0,0,0,0,0,0,0,0,0,0,0,0,0,0,0,,0,,,,,,,,,,,,,,,,,,,,,,,,,,,,,,,,,,,,,,,,,,,,,,,,,,,,,
637,hibernian gravestone,204,200,0,0,0,0,0,0,0,0,0,0,0,0,0,0,0,0,0,0,0,1,0,0,0,0,0,0,0,0,0,0,0,0,0,0,0,0,0,0,0,,0,,,,,,,,,,,,,,,,,,,,,,,,,,,,,,,,,,,,,,,,,,,,,,,,,,,,,
638,Norse Throwing Dagger,205,205,0,0,0,0,0,0,0,0,0,0,0,0,0,0,0,8,0,21,0,0,0,0,0,0,0,0,0,0,0,0,0,0,0,0,0,0,0,0,0,,0,,,,,,,,,,,,,,,,,,,,,,,,,,,,,,,,,,,,,,,,,,,,,,,,,,,,,
639,Celtic Great Falcata,212,204,0,0,0,0,0,0,0,0,0,0,0,0,0,1,0,2,2,1,0,0,0,0,0,0,0,0,0,0,0,0,0,0,0,0,0,0,0,0,0,,0,,,,,,,,,,,,,,,,,,,,,,,,,,,,,,,,,,,,,,,,,,,,,,,,,,,,,
640,Celtic Sledgehammer,213,216,0,0,0,0,0,0,0,0,0,0,0,0,0,0,0,2,2,5,0,0,0,0,0,0,0,0,0,0,0,0,0,0,0,0,0,0,0,0,0,,0,,,,,,,,,,,,,,,,,,,,,,,,,,,,,,,,,,,,,,,,,,,,,,,,,,,,,
641,Celtic Pickhammer,214,210,0,0,0,0,0,0,0,0,0,0,0,0,0,1,0,1,0,5,0,0,0,0,0,0,0,0,0,0,0,0,0,0,0,0,0,0,0,0,0,,0,,,,,,,,,,,,,,,,,,,,,,,,,,,,,,,,,,,,,,,,,,,,,,,,,,,,,
642,Celtic Hooked spear,215,207,0,0,0,0,0,0,0,0,0,0,0,0,0,0,0,3,2,21,0,0,0,0,0,0,0,0,0,0,0,0,0,0,0,0,0,0,0,0,0,,0,,,,,,,,,,,,,,,,,,,,,,,,,,,,,,,,,,,,,,,,,,,,,,,,,,,,,
643,Celtic guarded rapier,216,206,0,0,0,0,0,0,0,0,0,0,0,0,0,1,0,7,0,1,0,0,0,0,0,0,0,0,0,0,0,0,0,0,0,0,0,0,0,0,0,,0,,,,,,,,,,,,,,,,,,,,,,,,,,,,,,,,,,,,,,,,,,,,,,,,,,,,,
644,Briton 2h arch mace,217,214,0,0,0,0,0,0,0,0,0,0,0,0,0,1,0,2,0,5,0,0,0,0,0,0,0,0,0,0,0,0,0,0,0,0,0,0,0,0,0,,0,,,,,,,,,,,,,,,,,,,,,,,,,,,,,,,,,,,,,,,,,,,,,,,,,,,,,
645,briton 2h scimitar,218,204,0,0,0,0,0,0,0,0,0,0,0,0,0,1,0,2,0,1,0,0,0,0,0,0,0,0,0,0,0,0,0,0,0,0,0,0,0,0,0,,0,,,,,,,,,,,,,,,,,,,,,,,,,,,,,,,,,,,,,,,,,,,,,,,,,,,,,
646,Briton 2h War pick,219,215,0,0,0,0,0,0,0,0,0,0,0,0,0,1,0,2,0,21,0,0,0,0,0,0,0,0,0,0,0,0,0,0,0,0,0,0,0,0,0,,0,,,,,,,,,,,,,,,,,,,,,,,,,,,,,,,,,,,,,,,,,,,,,,,,,,,,,
647,Briton 1h Special mace,220,211,0,0,0,0,0,0,0,0,0,0,0,0,0,1,0,1,0,5,0,0,0,0,0,0,0,0,0,0,0,0,0,0,0,0,0,0,0,0,0,,0,,,,,,,,,,,,,,,,,,,,,,,,,,,,,,,,,,,,,,,,,,,,,,,,,,,,,
648,Briton bardiche,221,221,0,0,0,0,0,0,0,0,0,0,0,0,0,0,0,3,2,21,0,0,0,0,0,0,0,0,0,0,0,0,0,0,0,0,0,0,0,0,0,,0,,,,,,,,,,,,,,,,,,,,,,,,,,,,,,,,,,,,,,,,,,,,,,,,,,,,,
649,Briton Poleaxe,222,221,0,0,0,0,0,0,0,0,0,0,0,0,0,0,0,3,2,4,0,0,0,0,0,0,0,0,0,0,0,0,0,0,0,0,0,0,0,0,0,,0,,,,,,,,,,,,,,,,,,,,,,,,,,,,,,,,,,,,,,,,,,,,,,,,,,,,,
650,Briton spikedhammer,223,219,0,0,0,0,0,0,0,0,0,0,0,0,0,0,0,3,2,5,0,0,0,0,0,0,0,0,0,0,0,0,0,0,0,0,0,0,0,0,0,,0,,,,,,,,,,,,,,,,,,,,,,,,,,,,,,,,,,,,,,,,,,,,,,,,,,,,,
651,Briton Jambiya,224,204,0,0,0,0,0,0,0,0,0,0,0,0,0,1,0,1,0,1,0,0,0,0,0,0,0,0,0,0,0,0,0,0,0,0,0,0,0,0,0,,0,,,,,,,,,,,,,,,,,,,,,,,,,,,,,,,,,,,,,,,,,,,,,,,,,,,,,
652,Briton Sabre,225,204,0,0,0,0,0,0,0,0,0,0,0,0,0,1,0,1,0,1,0,0,0,0,0,0,0,0,0,0,0,0,0,0,0,0,0,0,0,0,0,,0,,,,,,,,,,,,,,,,,,,,,,,,,,,,,,,,,,,,,,,,,,,,,,,,,,,,,
653,Briton Guarded Rapier,226,206,0,0,0,0,0,0,0,0,0,0,0,0,0,1,0,7,0,1,0,0,0,0,0,0,0,0,0,0,0,0,0,0,0,0,0,0,0,0,0,,0,,,,,,,,,,,,,,,,,,,,,,,,,,,,,,,,,,,,,,,,,,,,,,,,,,,,,
654,Norse Cleaver,227,200,0,0,0,0,0,0,0,0,0,0,0,0,0,1,0,1,0,1,0,0,0,0,0,0,0,0,0,0,0,0,0,0,0,0,0,0,0,0,0,,0,,,,,,,,,,,,,,,,,,,,,,,,,,,,,,,,,,,,,,,,,,,,,,,,,,,,,
655,Norse Dwarven Short Sword,228,201,0,0,0,0,0,0,0,0,0,0,0,0,0,1,0,1,0,1,0,0,0,0,0,0,0,0,0,0,0,0,0,0,0,0,0,0,0,0,0,,0,,,,,,,,,,,,,,,,,,,,,,,,,,,,,,,,,,,,,,,,,,,,,,,,,,,,,
656,norse spiked hammer,229,210,0,0,0,0,0,0,0,0,0,0,0,0,0,1,0,1,0,5,0,0,0,0,0,0,0,0,0,0,0,0,0,0,0,0,0,0,0,0,0,,0,,,,,,,,,,,,,,,,,,,,,,,,,,,,,,,,,,,,,,,,,,,,,,,,,,,,,
657,Norse battle spear,230,207,0,0,0,0,0,0,0,0,0,0,0,0,0,0,0,3,2,21,0,0,0,0,0,0,0,0,0,0,0,0,0,0,0,0,0,0,0,0,0,,0,,,,,,,,,,,,,,,,,,,,,,,,,,,,,,,,,,,,,,,,,,,,,,,,,,,,,
658,Norse dwarven 2h sword,231,203,0,0,0,0,0,0,0,0,0,0,0,0,0,1,0,2,0,1,0,0,0,0,0,0,0,0,0,0,0,0,0,0,0,0,0,0,0,0,0,,0,,,,,,,,,,,,,,,,,,,,,,,,,,,,,,,,,,,,,,,,,,,,,,,,,,,,,
659,Norse 2h spiked hammer,232,214,0,0,0,0,0,0,0,0,0,0,0,0,0,1,0,2,0,5,0,0,0,0,0,0,0,0,0,0,0,0,0,0,0,0,0,0,0,0,0,,0,,,,,,,,,,,,,,,,,,,,,,,,,,,,,,,,,,,,,,,,,,,,,,,,,,,,,
660,Norse 2h war cleaver,233,217,0,0,0,0,0,0,0,0,0,0,0,0,0,1,0,2,0,1,0,0,0,0,0,0,0,0,0,0,0,0,0,0,0,0,0,0,0,0,0,,0,,,,,,,,,,,,,,,,,,,,,,,,,,,,,,,,,,,,,,,,,,,,,,,,,,,,,
661,Briton Partizan,234,207,0,0,0,0,0,0,0,0,0,0,0,0,0,0,0,3,2,21,0,0,0,0,0,0,0,0,0,0,0,0,0,0,0,0,0,0,0,0,0,,0,,,,,,,,,,,,,,,,,,,,,,,,,,,,,,,,,,,,,,,,,,,,,,,,,,,,,
662,Briton Guard breastplate,1,109,766,767,0,0,770,0,0,0,0,0,1,1,0,0,0,0,0,0,0,0,0,0,0,0,0,0,0,0,0,0,0,0,0,0,0,0,0,0,0,,0,,,,,,,,,,,,,,,,,,,,,1,4342,4343,,,,,,12,,,1,1,,,,,,,,,,,,,,,,,,,,
663,Briton Guard legs,1,123,0,0,0,0,0,771,0,0,0,0,0,0,0,0,0,0,0,0,0,0,0,0,0,0,0,0,0,0,0,0,0,0,0,0,0,0,0,0,0,,0,,,,,,,,,,,,,,,,,,,,,1,,,,,4346,,,,,,,,,,,,,,,,,,,,,,,,,,,
664,Briton guard arms,1,113,0,0,768,0,0,0,0,0,0,0,0,0,0,0,0,0,0,0,0,0,0,0,0,0,0,0,0,0,0,0,0,0,0,0,0,0,0,0,0,,0,,,,,,,,,,,,,,,,,,,,,1,,,4344,,,,,,,,,,,,,,,,,,,,,,,,,,,,,
665,briton guard gloves,1,117,0,0,0,769,0,0,0,0,0,0,0,0,0,0,0,0,0,0,0,0,0,0,0,0,0,0,0,0,0,0,0,0,0,0,0,0,0,0,0,,0,,,,,,,,,,,,,,,,,,,,,1,,,,4345,,,,,4,,,,,,,,,,,,,,,,,,,,,,,
666,briton guard boots,1,127,0,0,0,0,0,0,772,0,0,0,0,0,0,0,0,0,0,0,0,0,0,0,0,0,0,0,0,0,0,0,0,0,0,0,0,0,0,0,0,,0,,,,,,,,,,,,,,,,,,,,,1,,,,,,4347,,,,4,,,,,,,,,,,,,,,,,,,,,,
667,Hibernian Guard Breastplate,1,109,774,773,0,0,775,0,0,0,0,0,1,1,0,0,0,0,0,0,0,0,0,0,0,0,0,0,0,0,0,0,0,0,0,0,0,0,0,0,0,,0,,,,,,,,,,,,,,,,,,,,,1,4349,4348,,,,,,,,,,,,,,,,,,,,,,,,,,,,,,
668,Norse Guard Breastplate,1,109,777,776,0,0,778,0,0,0,0,0,1,1,0,0,0,0,0,0,0,0,0,0,0,0,0,0,0,0,0,0,0,0,0,0,0,0,0,0,0,,0,,,,,,,,,,,,,,,,,,,,,1,4351,4350,,,,,,6,,,1,1,,,,,,,,,,,,,,,,,,,,
669,collar cloak,1,119,0,0,0,0,0,0,0,362,0,0,0,0,3,0,0,0,0,0,0,0,0,0,0,0,0,0,0,0,0,0,0,0,0,0,0,0,0,0,0,,0,,,,,,,,,,,,,,,,,,,,,,,,,,,,4972,,,,,,,,,,,,,,,,,,,,,,,,,
670,Norse longsword hilt,238,202,0,0,0,0,0,0,0,0,0,0,0,0,0,1,0,1,0,1,0,0,0,0,0,0,0,0,0,0,0,0,0,0,0,0,0,0,0,0,0,,0,,,,,,,,,,,,,,,,,,,,,,,,,,,,,,,,,,,,,,,,,,,,,,,,,,,,,
671,Norse 2h sword hilt,239,203,0,0,0,0,0,0,0,0,0,0,0,0,0,1,0,2,0,1,0,0,0,0,0,0,0,0,0,0,0,0,0,0,0,0,0,0,0,0,0,,0,,,,,,,,,,,,,,,,,,,,,,,,,,,,,,,,,,,,,,,,,,,,,,,,,,,,,
672,briton 2h sword hilt,236,203,0,0,0,0,0,0,0,0,0,0,0,0,0,1,0,2,0,1,0,0,0,0,0,0,0,0,0,0,0,0,0,0,0,0,0,0,0,0,0,,0,,,,,,,,,,,,,,,,,,,,,,,,,,,,,,,,,,,,,,,,,,,,,,,,,,,,,
673,briton longsword hilt,237,202,0,0,0,0,0,0,0,0,0,0,0,0,0,1,0,1,0,1,0,0,0,0,0,0,0,0,0,0,0,0,0,0,0,0,0,0,0,0,0,,0,,,,,,,,,,,,,,,,,,,,,,,,,,,,,,,,,,,,,,,,,,,,,,,,,,,,,
674,Celtic Longsword hilt,240,203,0,0,0,0,0,0,0,0,0,0,0,0,0,1,0,1,0,1,0,0,0,0,0,0,0,0,0,0,0,0,0,0,0,0,0,0,0,0,0,,0,,,,,,,,,,,,,,,,,,,,,,,,,,,,,,,,,,,,,,,,,,,,,,,,,,,,,
675,Celtic Great Sword hilt,241,203,0,0,0,0,0,0,0,0,0,0,0,0,0,1,0,2,2,1,0,0,0,0,0,0,0,0,0,0,0,0,0,0,0,0,0,0,0,0,0,,0,,,,,,,,,,,,,,,,,,,,,,,,,,,,,,,,,,,,,,,,,,,,,,,,,,,,,
676,PVP Guard Cloak (Briton),1,119,0,0,0,0,0,0,0,779,0,0,0,0,3,0,0,0,0,0,0,0,0,1,0,362,0,0,0,0,0,0,0,0,0,0,0,0,0,0,0,,0,,,,,,,,,,,,,,,,,,,,,,,,,,,,4975,,,,,,,,,,,,,,,,,,,,,,,,,
677,PvP Guard Cloak (Midgard),1,119,0,0,0,0,0,0,0,780,0,0,0,0,3,0,0,0,0,0,0,0,0,1,0,362,0,0,0,0,0,0,0,0,0,0,0,0,0,0,0,,0,,,,,,,,,,,,,,,,,,,,,,,,,,,,4986,,,,,,,,,,,,,,,,,,,,,,,,,
678,PvPGuard Cloak (Hibernia),1,119,0,0,0,0,0,0,0,781,0,0,0,0,3,0,0,0,0,0,0,0,0,1,0,362,0,0,0,0,0,0,0,0,0,0,0,0,0,0,0,,0,,,,,,,,,,,,,,,,,,,,,,,,,,,,4982,,,,,,,,,,,,,,,,,,,,,,,,,
679,Briton Guild Banner,242,529,0,0,0,0,0,0,0,0,0,0,0,0,0,0,0,0,0,0,782,0,0,1,0,0,0,0,0,0,0,0,0,0,0,0,0,0,0,0,0,,0,,,,,,,,,,,,,,,,,,,,,,,,,,,,,,,,,,,,,,,,,,,,,,,,,,,,,
680,Hibernian Guild Banner,243,529,0,0,0,0,0,0,0,0,0,0,0,0,0,0,0,0,0,0,782,0,0,1,0,0,0,0,0,0,0,0,0,0,0,0,0,0,0,0,0,,0,,,,,,,,,,,,,,,,,,,,,,,,,,,,,,,,,,,,,,,,,,,,,,,,,,,,,
681,Norse Guild Banner,244,529,0,0,0,0,0,0,0,0,0,0,0,0,0,0,0,0,0,0,782,0,0,1,0,0,0,0,0,0,0,0,0,0,0,0,0,0,0,0,0,,0,,,,,,,,,,,,,,,,,,,,,,,,,,,,,,,,,,,,,,,,,,,,,,,,,,,,,
682,Albion Cabalist (Robe 7),1,118,787,788,790,0,789,0,0,0,0,0,3,3,0,0,0,0,0,0,0,0,0,0,0,0,0,0,0,0,0,0,0,0,0,0,0,0,0,0,0,,0,,,,,,,,,,,,,,,,,,,,,1,4354,4355,,,,,,16,5,5,-1,-1,,,,,,,,,,,,,,,,,,,,
683,Robe 0,1,118,795,796,798,0,797,0,0,0,0,0,3,3,0,0,0,0,0,0,0,0,0,0,0,0,0,0,0,0,0,0,0,0,0,0,0,0,0,0,0,,0,,,,,,,,,,,,,,,,,,,,,1,4356,4357,,,,,,16,5,5,-1,-1,,,,,,,,,,,,,,,,,,,,
684,Robe 4,1,118,375,376,792,0,791,0,0,0,0,0,3,3,0,0,0,0,0,0,0,0,0,0,0,0,0,0,0,0,0,0,0,0,0,0,0,0,0,0,0,,0,,,,,,,,,,,,,,,,,,,,,1,4054,4055,,,,,,16,5,5,-1,-1,,,,,,,,,,,,,,,,,,,,
685,Robe 5,1,118,377,378,794,0,793,0,0,0,0,0,3,3,0,0,0,0,0,0,0,0,0,0,0,0,0,0,0,0,0,0,0,0,0,0,0,0,0,0,0,,0,,,,,,,,,,,,,,,,,,,,,1,4056,4057,,,,,,16,5,5,-1,-1,,,,,,,,,,,,,,,,,,,,
686,Friar Robe 2 (Robe 8),1,105,799,800,802,0,801,0,0,0,0,0,3,3,0,0,0,0,0,0,0,0,0,0,0,0,0,0,0,0,0,0,0,0,0,0,0,0,0,0,0,,0,,,,,,,,,,,,,,,,,,,,,1,4358,4359,,,,,,16,5,5,-1,-1,,,,,,,,,,,,,,,,,,,,
687,Friar Robe 3 (Robe 9),1,105,803,804,806,0,805,0,0,0,0,0,3,3,0,0,0,0,0,0,0,0,0,0,0,0,0,0,0,0,0,0,0,0,0,0,0,0,0,0,0,,0,,,,,,,,,,,,,,,,,,,,,1,4360,4361,,,,,,16,5,5,-1,-1,,,,,,,,,,,,,,,,,,,,
688,Albion Armsman 50  Breast,1,109,808,809,0,0,812,0,0,0,0,0,2,1,0,0,0,0,0,0,0,0,0,0,0,0,0,0,0,0,0,0,0,0,0,0,0,0,0,0,0,,0,,,,,,,,,,,,,,,,,,,,,1,4363,4364,,,,,,12,,,1,1,,,,,,,,,,,,,,,,,,,,
689,Albion Armsman 50  Legs,1,123,0,0,0,0,0,813,0,0,0,0,0,0,0,0,0,0,0,0,0,0,0,0,0,0,0,0,0,0,0,0,0,0,0,0,0,0,0,0,0,,0,,,,,,,,,,,,,,,,,,,,,1,,,,,4367,,,,,,,,,,,,,,,,,,,,,,,,,,,
690,Albion Armsman 50  Arms,1,113,0,0,807,0,0,0,0,0,0,0,0,0,0,0,0,0,0,0,0,0,0,0,0,0,0,0,0,0,0,0,0,0,0,0,0,0,0,0,0,,0,,,,,,,,,,,,,,,,,,,,,1,,,4362,,,,,,,,,,,,,,,,,,,,,,,,,,,,,
691,Albion Armsman 50  Gloves,1,117,0,0,0,811,0,0,0,0,0,0,0,0,0,0,0,0,0,0,0,0,0,0,0,0,0,0,0,0,0,0,0,0,0,0,0,0,0,0,0,,0,,,,,,,,,,,,,,,,,,,,,1,,,,4366,,,,,4,,,,,,,,,,,,,,,,,,,,,,,
692,Albion Armsman 50  Boots,1,127,0,0,0,0,0,0,810,0,0,0,0,0,0,0,0,0,0,0,0,0,0,0,0,0,0,0,0,0,0,0,0,0,0,0,0,0,0,0,0,,0,,,,,,,,,,,,,,,,,,,,,1,,,,,,4365,,,,4,,,,,,,,,,,,,,,,,,,,,,
693,Albion Paladin 50  Breast,1,109,815,816,0,0,819,0,0,0,0,0,2,1,0,0,0,0,0,0,0,0,0,0,0,0,0,0,0,0,0,0,0,0,0,0,0,0,0,0,0,,0,,,,,,,,,,,,,,,,,,,,,1,4369,4370,,,,,,12,,,1,1,,,,,,,,,,,,,,,,,,,,
694,Albion Paladin 50  Legs,1,123,0,0,0,0,0,820,0,0,0,0,0,0,0,0,0,0,0,0,0,0,0,0,0,0,0,0,0,0,0,0,0,0,0,0,0,0,0,0,0,,0,,,,,,,,,,,,,,,,,,,,,1,,,,,4373,,,,,,,,,,,,,,,,,,,,,,,,,,,
695,Albion Paladin 50  Arms,1,113,0,0,814,0,0,0,0,0,0,0,0,0,0,0,0,0,0,0,0,0,0,0,0,0,0,0,0,0,0,0,0,0,0,0,0,0,0,0,0,,0,,,,,,,,,,,,,,,,,,,,,1,,,4368,,,,,,,,,,,,,,,,,,,,,,,,,,,,,
696,Albion Paladin 50  Gloves,1,117,0,0,0,818,0,0,0,0,0,0,0,0,0,0,0,0,0,0,0,0,0,0,0,0,0,0,0,0,0,0,0,0,0,0,0,0,0,0,0,,0,,,,,,,,,,,,,,,,,,,,,1,,,,4372,,,,,4,,,,,,,,,,,,,,,,,,,,,,,
697,Albion Paladin 50  Boots,1,127,0,0,0,0,0,0,817,0,0,0,0,0,0,0,0,0,0,0,0,0,0,0,0,0,0,0,0,0,0,0,0,0,0,0,0,0,0,0,0,,0,,,,,,,,,,,,,,,,,,,,,1,,,,,,4371,,,,4,,,,,,,,,,,,,,,,,,,,,,
698,Midgard Healer Vest,1,106,822,823,0,0,826,0,0,0,0,0,2,2,0,0,0,0,0,0,0,0,0,0,0,0,0,0,0,0,0,0,0,0,0,0,0,0,0,0,0,,0,,,,,,,,,,,,,,,,,,,,,1,4375,4376,,,,,,12,,,1,1,,,,,,,,,,,,,,,,,,,,
699,Midgard Healer Legs,1,122,0,0,0,0,0,827,0,0,0,0,0,0,0,0,0,0,0,0,0,0,0,0,0,0,0,0,0,0,0,0,0,0,0,0,0,0,0,0,0,,0,,,,,,,,,,,,,,,,,,,,,1,,,,,4379,,,,,,,,,,,,,,,,,,,,,,,,,,,
700,Midgard Healer Arms,1,112,0,0,821,0,0,0,0,0,0,0,0,0,0,0,0,0,0,0,0,0,0,0,0,0,0,0,0,0,0,0,0,0,0,0,0,0,0,0,0,,0,,,,,,,,,,,,,,,,,,,,,1,,,4374,,,,,,,,,,,,,,,,,,,,,,,,,,,,,
701,Midgard Healer Gloves,1,116,0,0,0,825,0,0,0,0,0,0,0,0,0,0,0,0,0,0,0,0,0,0,0,0,0,0,0,0,0,0,0,0,0,0,0,0,0,0,0,,0,,,,,,,,,,,,,,,,,,,,,1,,,,4378,,,,,4,,,,,,,,,,,,,,,,,,,,,,,
702,Midgard Healer Boots,1,126,0,0,0,0,0,0,824,0,0,0,0,0,0,0,0,0,0,0,0,0,0,0,0,0,0,0,0,0,0,0,0,0,0,0,0,0,0,0,0,,0,,,,,,,,,,,,,,,,,,,,,1,,,,,,4377,,,,4,,,,,,,,,,,,,,,,,,,,,,
703,Midgard Runemaster Cloth Vest,1,104,829,828,0,0,832,0,0,0,0,0,2,2,0,0,0,0,0,0,0,0,0,0,0,0,0,0,0,0,0,0,0,0,0,0,0,0,0,0,0,,0,,,,,,,,,,,,,,,,,,,,,1,4381,4380,,,,,,16,5,5,-1,-1,,,,,,,,,,,,,,,,,,,,
704,Midgard Runemaster Cloth Legs,1,120,0,0,0,0,0,833,0,0,0,0,0,0,0,0,0,0,0,0,0,0,0,0,0,0,0,0,0,0,0,0,0,0,0,0,0,0,0,0,0,,0,,,,,,,,,,,,,,,,,,,,,1,,,,,4384,,,,,,,,,,,,,,,,,,,,,,,,,,,
705,Midgard Runemaster Cloth Arms,1,110,0,0,830,0,0,0,0,0,0,0,0,0,0,0,0,0,0,0,0,0,0,0,0,0,0,0,0,0,0,0,0,0,0,0,0,0,0,0,0,,0,,,,,,,,,,,,,,,,,,,,,1,,,5146,,,,,,,,,,,,,,,,,,,,,,,,,,,,,
706,Midgard Runemaster Cloth Gloves,1,114,0,0,0,831,0,0,0,0,0,0,0,0,0,0,0,0,0,0,0,0,0,0,0,0,0,0,0,0,0,0,0,0,0,0,0,0,0,0,0,,0,,,,,,,,,,,,,,,,,,,,,1,,,,4382,,,,,7,,,,,,,,,,,,,,,,,,,,,,,
707,Midgard Runemaster Cloth Boots,1,124,0,0,0,0,0,0,830,0,0,0,0,0,0,0,0,0,0,0,0,0,0,0,0,0,0,0,0,0,0,0,0,0,0,0,0,0,0,0,0,,0,,,,,,,,,,,,,,,,,,,,,1,,,,,,4383,,,,7,,,,,,,,,,,,,,,,,,,,,,
708,Hibernian Hero Scaled Vest,1,106,835,836,0,0,839,0,0,0,0,0,2,1,0,0,0,0,0,0,0,0,0,0,0,0,0,0,0,0,0,0,0,0,0,0,0,0,0,0,0,,0,,,,,,,,,,,,,,,,,,,,,1,4385,4386,,,,,,18,,,1,1,,,,,,,,,,,,,,,,,,,,
709,Hibernian Hero Scaled Legs,1,122,0,0,0,0,0,840,0,0,0,0,0,0,0,0,0,0,0,0,0,0,0,0,0,0,0,0,0,0,0,0,0,0,0,0,0,0,0,0,0,,0,,,,,,,,,,,,,,,,,,,,,1,,,,,4389,,,,,,,,,,,,,,,,,,,,,,,,,,,
710,Hibernian Hero Scaled Arms,1,112,0,0,837,0,0,0,0,0,0,0,0,0,0,0,0,0,0,0,0,0,0,0,0,0,0,0,0,0,0,0,0,0,0,0,0,0,0,0,0,,0,,,,,,,,,,,,,,,,,,,,,1,,,4387,,,,,,,,,,,,,,,,,,,,,,,,,,,,,
711,Hibernian Hero Scaled Gloves,1,116,0,0,0,838,0,0,0,0,0,0,0,0,0,0,0,0,0,0,0,0,0,0,0,0,0,0,0,0,0,0,0,0,0,0,0,0,0,0,0,,0,,,,,,,,,,,,,,,,,,,,,1,,,,4388,,,,,6,,,,,,,,,,,,,,,,,,,,,,,
712,Hibernian Hero Scaled Boots,1,126,0,0,0,0,0,0,841,0,0,0,0,0,0,0,0,0,0,0,0,0,0,0,0,0,0,0,0,0,0,0,0,0,0,0,0,0,0,0,0,,0,,,,,,,,,,,,,,,,,,,,,1,,,,,,4390,,,,6,,,,,,,,,,,,,,,,,,,,,,
713,Albion Cleric Vest,1,106,842,843,0,0,847,0,0,0,0,0,2,2,0,0,0,0,0,0,0,0,0,0,0,0,0,0,0,0,0,0,0,0,0,0,0,0,0,0,0,,0,,,,,,,,,,,,,,,,,,,,,1,4391,4392,,,,,,12,,,1,1,,,,,,,,,,,,,,,,,,,,
714,Albion Cleric Legs,1,122,0,0,0,0,0,848,0,0,0,0,0,0,0,0,0,0,0,0,0,0,0,0,0,0,0,0,0,0,0,0,0,0,0,0,0,0,0,0,0,,0,,,,,,,,,,,,,,,,,,,,,1,,,,,4396,,,,,,,,,,,,,,,,,,,,,,,,,,,
715,Albion Cleric Arms,1,112,0,0,844,0,0,0,0,0,0,0,0,0,0,0,0,0,0,0,0,0,0,0,0,0,0,0,0,0,0,0,0,0,0,0,0,0,0,0,0,,0,,,,,,,,,,,,,,,,,,,,,1,,,4393,,,,,,,,,,,,,,,,,,,,,,,,,,,,,
716,Albion Cleric Gloves,1,116,0,0,0,846,0,0,0,0,0,0,0,0,0,0,0,0,0,0,0,0,0,0,0,0,0,0,0,0,0,0,0,0,0,0,0,0,0,0,0,,0,,,,,,,,,,,,,,,,,,,,,1,,,,4395,,,,,4,,,,,,,,,,,,,,,,,,,,,,,
717,Albion Cleric Boots,1,126,0,0,0,0,0,0,845,0,0,0,0,0,0,0,0,0,0,0,0,0,0,0,0,0,0,0,0,0,0,0,0,0,0,0,0,0,0,0,0,,0,,,,,,,,,,,,,,,,,,,,,1,,,,,,4394,,,,4,,,,,,,,,,,,,,,,,,,,,,
718,Albion Mercenary Vest,1,106,849,850,0,0,854,0,0,0,0,0,2,2,0,0,0,0,0,0,0,0,0,0,0,0,0,0,0,0,0,0,0,0,0,0,0,0,0,0,0,,0,,,,,,,,,,,,,,,,,,,,,1,4397,4398,,,,,,12,,,1,1,,,,,,,,,,,,,,,,,,,,
719,Albion Mercenary Legs,1,122,0,0,0,0,0,855,0,0,0,0,0,0,0,0,0,0,0,0,0,0,0,0,0,0,0,0,0,0,0,0,0,0,0,0,0,0,0,0,0,,0,,,,,,,,,,,,,,,,,,,,,1,,,,,4402,,,,,,,,,,,,,,,,,,,,,,,,,,,
720,Albion Mercenary Arms,1,112,0,0,851,0,0,0,0,0,0,0,0,0,0,0,0,0,0,0,0,0,0,0,0,0,0,0,0,0,0,0,0,0,0,0,0,0,0,0,0,,0,,,,,,,,,,,,,,,,,,,,,1,,,4399,,,,,,,,,,,,,,,,,,,,,,,,,,,,,
721,Albion Mercenary Gloves,1,116,0,0,0,853,0,0,0,0,0,0,0,0,0,0,0,0,0,0,0,0,0,0,0,0,0,0,0,0,0,0,0,0,0,0,0,0,0,0,0,,0,,,,,,,,,,,,,,,,,,,,,1,,,,4401,,,,,4,,,,,,,,,,,,,,,,,,,,,,,
722,Albion Mercenary Boots,1,126,0,0,0,0,0,0,852,0,0,0,0,0,0,0,0,0,0,0,0,0,0,0,0,0,0,0,0,0,0,0,0,0,0,0,0,0,0,0,0,,0,,,,,,,,,,,,,,,,,,,,,1,,,,,,4400,,,,4,,,,,,,,,,,,,,,,,,,,,,
723,Albion Minstrel Vest,1,106,856,857,0,0,861,0,0,0,0,0,2,2,0,0,0,0,0,0,0,0,0,0,0,0,0,0,0,0,0,0,0,0,0,0,0,0,0,0,0,,0,,,,,,,,,,,,,,,,,,,,,1,4403,4404,,,,,,12,,,1,1,,,,,,,,,,,,,,,,,,,,
724,Albion Minstrel Legs,1,122,0,0,0,0,0,862,0,0,0,0,0,0,0,0,0,0,0,0,0,0,0,0,0,0,0,0,0,0,0,0,0,0,0,0,0,0,0,0,0,,0,,,,,,,,,,,,,,,,,,,,,1,,,,,4408,,,,,,,,,,,,,,,,,,,,,,,,,,,
725,Albion Minstrel Arms,1,112,0,0,858,0,0,0,0,0,0,0,0,0,0,0,0,0,0,0,0,0,0,0,0,0,0,0,0,0,0,0,0,0,0,0,0,0,0,0,0,,0,,,,,,,,,,,,,,,,,,,,,1,,,4405,,,,,,,,,,,,,,,,,,,,,,,,,,,,,
726,Albion Minstrel Gloves,1,116,0,0,0,860,0,0,0,0,0,0,0,0,0,0,0,0,0,0,0,0,0,0,0,0,0,0,0,0,0,0,0,0,0,0,0,0,0,0,0,,0,,,,,,,,,,,,,,,,,,,,,1,,,,4407,,,,,4,,,,,,,,,,,,,,,,,,,,,,,
727,Albion Minstrel Boots,1,126,0,0,0,0,0,0,859,0,0,0,0,0,0,0,0,0,0,0,0,0,0,0,0,0,0,0,0,0,0,0,0,0,0,0,0,0,0,0,0,,0,,,,,,,,,,,,,,,,,,,,,1,,,,,,4406,,,,4,,,,,,,,,,,,,,,,,,,,,,
728,Albion Scout Vest,1,161,863,864,0,0,868,0,0,0,0,0,2,1,0,0,0,0,0,0,0,0,0,0,0,0,0,0,0,0,0,0,0,0,0,0,0,0,0,0,0,,0,,,,,,,,,,,,,,,,,,,,,1,4409,4410,,,,,,8,,,1,1,,,,,,,,,,,,,,,,,,,,
729,Albion Scout Legs,1,166,0,0,0,0,0,869,0,0,0,0,0,0,0,0,0,0,0,0,0,0,0,0,0,0,0,0,0,0,0,0,0,0,0,0,0,0,0,0,0,,0,,,,,,,,,,,,,,,,,,,,,1,,,,,4414,,,,,,,,,,,,,,,,,,,,,,,,,,,
730,Albion Scout Arms,1,164,0,0,865,0,0,0,0,0,0,0,0,0,0,0,0,0,0,0,0,0,0,0,0,0,0,0,0,0,0,0,0,0,0,0,0,0,0,0,0,,0,,,,,,,,,,,,,,,,,,,,,1,,,4411,,,,,,,,,,,,,,,,,,,,,,,,,,,,,
731,Albion Scout Boots,1,167,0,0,0,0,0,0,866,0,0,0,0,0,0,0,0,0,0,0,0,0,0,0,0,0,0,0,0,0,0,0,0,0,0,0,0,0,0,0,0,,0,,,,,,,,,,,,,,,,,,,,,1,,,,,,4412,,,,3,,,,,,,,,,,,,,,,,,,,,,
732,Albion Scout Gloves,1,165,0,0,0,867,0,0,0,0,0,0,0,0,0,0,0,0,0,0,0,0,0,0,0,0,0,0,0,0,0,0,0,0,0,0,0,0,0,0,0,,0,,,,,,,,,,,,,,,,,,,,,1,,,,4413,,,,,3,,,,,,,,,,,,,,,,,,,,,,,
733,Albion Theurgist (Robe 10),1,118,872,871,870,0,873,0,0,0,0,0,3,3,0,0,0,0,0,0,0,0,0,0,0,0,0,0,0,0,0,0,0,0,0,0,0,0,0,0,0,,0,,,,,,,,,,,,,,,,,,,,,1,4416,4415,,,,,,16,5,5,-1,-1,,,,,,,,,,,,,,,,,,,,
734,Hibernian Bard Vest,1,161,874,875,0,0,876,0,0,0,0,0,1,1,0,0,0,0,0,0,0,0,0,0,0,0,0,0,0,0,0,0,0,0,0,0,0,0,0,0,0,,0,,,,,,,,,,,,,,,,,,,,,1,4417,4418,,,,,,7,,,1,1,,,,,,,,,,,,,,,,,,,,
735,Hibernian Bard Legs,1,166,0,0,0,0,0,877,0,0,0,0,0,0,0,0,0,0,0,0,0,0,0,0,0,0,0,0,0,0,0,0,0,0,0,0,0,0,0,0,0,,0,,,,,,,,,,,,,,,,,,,,,1,,,,,4419,,,,,,,,,,,,,,,,,,,,,,,,,,,
736,Hibernian Bard Arms,1,164,0,0,878,0,0,0,0,0,0,0,0,0,0,0,0,0,0,0,0,0,0,0,0,0,0,0,0,0,0,0,0,0,0,0,0,0,0,0,0,,0,,,,,,,,,,,,,,,,,,,,,1,,,4420,,,,,,,,,,,,,,,,,,,,,,,,,,,,,
737,Hibernian Bard Gloves,1,165,0,0,0,879,0,0,0,0,0,0,0,0,0,0,0,0,0,0,0,0,0,0,0,0,0,0,0,0,0,0,0,0,0,0,0,0,0,0,0,,0,,,,,,,,,,,,,,,,,,,,,1,,,,4421,,,,,3,,,,,,,,,,,,,,,,,,,,,,,
738,Hibernian Bard Boots,1,167,0,0,0,0,0,0,880,0,0,0,0,0,0,0,0,0,0,0,0,0,0,0,0,0,0,0,0,0,0,0,0,0,0,0,0,0,0,0,0,,0,,,,,,,,,,,,,,,,,,,,,1,,,,,,4422,,,,3,,,,,,,,,,,,,,,,,,,,,,
739,Hibernian Druid Vest,1,106,881,882,0,0,883,0,0,0,0,0,1,1,0,0,0,0,0,0,0,0,0,0,0,0,0,0,0,0,0,0,0,0,0,0,0,0,0,0,0,,0,,,,,,,,,,,,,,,,,,,,,1,4423,4424,,,,,,18,,,1,1,,,,,,,,,,,,,,,,,,,,
740,Hibernian Druid Legs,1,122,0,0,0,0,0,884,0,0,0,0,0,0,0,0,0,0,0,0,0,0,0,0,0,0,0,0,0,0,0,0,0,0,0,0,0,0,0,0,0,,0,,,,,,,,,,,,,,,,,,,,,1,,,,,4425,,,,,,,,,,,,,,,,,,,,,,,,,,,
741,Hibernian Druid Arms,1,112,0,0,885,0,0,0,0,0,0,0,0,0,0,0,0,0,0,0,0,0,0,0,0,0,0,0,0,0,0,0,0,0,0,0,0,0,0,0,0,,0,,,,,,,,,,,,,,,,,,,,,1,,,4426,,,,,,,,,,,,,,,,,,,,,,,,,,,,,
742,Hibernian Druid Gloves,1,116,0,0,0,886,0,0,0,0,0,0,0,0,0,0,0,0,0,0,0,0,0,0,0,0,0,0,0,0,0,0,0,0,0,0,0,0,0,0,0,,0,,,,,,,,,,,,,,,,,,,,,1,,,,4427,,,,,6,,,,,,,,,,,,,,,,,,,,,,,
743,Hibernian Druid Boots,1,126,0,0,0,0,0,0,887,0,0,0,0,0,0,0,0,0,0,0,0,0,0,0,0,0,0,0,0,0,0,0,0,0,0,0,0,0,0,0,0,,0,,,,,,,,,,,,,,,,,,,,,1,,,,,,4428,,,,6,,,,,,,,,,,,,,,,,,,,,,
744,Hibernian Eldritch,1,118,890,889,888,0,891,0,0,0,0,0,3,3,0,0,0,0,0,0,0,0,0,0,0,0,0,0,0,0,0,0,0,0,0,0,0,0,0,0,0,,0,,,,,,,,,,,,,,,,,,,,,1,4430,4429,,,,,,16,5,5,-1,-1,,,,,,,,,,,,,,,,,,,,
745,Hibernian Mentalist,1,118,896,897,898,0,899,0,0,0,0,0,3,3,0,0,0,0,0,0,0,0,0,0,0,0,0,0,0,0,0,0,0,0,0,0,0,0,0,0,0,,0,,,,,,,,,,,,,,,,,,,,,1,4433,4434,,,,,,16,5,5,-1,-1,,,,,,,,,,,,,,,,,,,,
746,Hibernian Nightshade Vest,1,105,907,908,0,0,909,0,0,0,0,0,1,1,0,0,0,0,0,0,0,0,0,0,0,0,0,0,0,0,0,0,0,0,0,0,0,0,0,0,0,,0,,,,,,,,,,,,,,,,,,,,,1,4441,4442,,,,,,7,,,1,1,,,,,,,,,,,,,,,,,,,,
747,Hibernian Nightshade Legs,1,121,0,0,0,0,0,910,0,0,0,0,0,0,0,0,0,0,0,0,0,0,0,0,0,0,0,0,0,0,0,0,0,0,0,0,0,0,0,0,0,,0,,,,,,,,,,,,,,,,,,,,,1,,,,,4443,,,,,,,,,,,,,,,,,,,,,,,,,,,
748,Hibernian Nightshade Arms,1,111,0,0,911,0,0,0,0,0,0,0,0,0,0,0,0,0,0,0,0,0,0,0,0,0,0,0,0,0,0,0,0,0,0,0,0,0,0,0,0,,0,,,,,,,,,,,,,,,,,,,,,1,,,4444,,,,,,,,,,,,,,,,,,,,,,,,,,,,,
749,Hibernian Nightshade Gloves,1,115,0,0,0,912,0,0,0,0,0,0,0,0,0,0,0,0,0,0,0,0,0,0,0,0,0,0,0,0,0,0,0,0,0,0,0,0,0,0,0,,0,,,,,,,,,,,,,,,,,,,,,1,,,,4445,,,,,3,,,,,,,,,,,,,,,,,,,,,,,
750,Hibernian Nightshade Boots,1,125,0,0,0,0,0,0,913,0,0,0,0,0,0,0,0,0,0,0,0,0,0,0,0,0,0,0,0,0,0,0,0,0,0,0,0,0,0,0,0,,0,,,,,,,,,,,,,,,,,,,,,1,,,,,,4446,,,,3,,,,,,,,,,,,,,,,,,,,,,
751,Midgard Berserker Vest,1,163,914,915,0,0,916,0,0,0,0,0,1,1,0,0,0,0,0,0,0,0,0,0,0,0,0,0,0,0,0,0,0,0,0,0,0,0,0,0,0,,0,,,,,,,,,,,,,,,,,,,,,1,4447,4448,,,,,,11,,,1,1,,,,,,,,,,,,,,,,,,,,
752,Midgard Berserker Legs,1,166,0,0,0,0,0,917,0,0,0,0,0,0,0,0,0,0,0,0,0,0,0,0,0,0,0,0,0,0,0,0,0,0,0,0,0,0,0,0,0,,0,,,,,,,,,,,,,,,,,,,,,1,,,,,4449,,,,,,,,,,,,,,,,,,,,,,,,,,,
753,Midgard Berserker Arms,1,164,0,0,918,0,0,0,0,0,0,0,0,0,0,0,0,0,0,0,0,0,0,0,0,0,0,0,0,0,0,0,0,0,0,0,0,0,0,0,0,,0,,,,,,,,,,,,,,,,,,,,,1,,,4450,,,,,,,,,,,,,,,,,,,,,,,,,,,,,
754,Midgard Berserker Gloves,1,165,0,0,0,919,0,0,0,0,0,0,0,0,0,0,0,0,0,0,0,0,0,0,0,0,0,0,0,0,0,0,0,0,0,0,0,0,0,0,0,,0,,,,,,,,,,,,,,,,,,,,,1,,,,4451,,,,,3,,,,,,,,,,,,,,,,,,,,,,,
755,Midgard Berserker Boots,1,167,0,0,0,0,0,0,920,0,0,0,0,0,0,0,0,0,0,0,0,0,0,0,0,0,0,0,0,0,0,0,0,0,0,0,0,0,0,0,0,,0,,,,,,,,,,,,,,,,,,,,,1,,,,,,4452,,,,3,,,,,,,,,,,,,,,,,,,,,,
756,Midgard Hunter Vest,1,161,928,929,0,0,930,0,0,0,0,0,1,1,0,0,0,0,0,0,0,0,0,0,0,0,0,0,0,0,0,0,0,0,0,0,0,0,0,0,0,,0,,,,,,,,,,,,,,,,,,,,,1,4459,4460,,,,,,11,,,1,1,,,,,,,,,,,,,,,,,,,,
757,Midgard Hunter Legs,1,166,0,0,0,0,0,931,0,0,0,0,0,0,0,0,0,0,0,0,0,0,0,0,0,0,0,0,0,0,0,0,0,0,0,0,0,0,0,0,0,,0,,,,,,,,,,,,,,,,,,,,,1,,,,,4461,,,,,,,,,,,,,,,,,,,,,,,,,,,
758,Midgard Hunter Arms,1,164,0,0,932,0,0,0,0,0,0,0,0,0,0,0,0,0,0,0,0,0,0,0,0,0,0,0,0,0,0,0,0,0,0,0,0,0,0,0,0,,0,,,,,,,,,,,,,,,,,,,,,1,,,4462,,,,,,,,,,,,,,,,,,,,,,,,,,,,,
759,Midgard Hunter Gloves,1,165,0,0,0,933,0,0,0,0,0,0,0,0,0,0,0,0,0,0,0,0,0,0,0,0,0,0,0,0,0,0,0,0,0,0,0,0,0,0,0,,0,,,,,,,,,,,,,,,,,,,,,1,,,,4463,,,,,3,,,,,,,,,,,,,,,,,,,,,,,
760,Midgard Hunter Boots,1,167,0,0,0,0,0,0,934,0,0,0,0,0,0,0,0,0,0,0,0,0,0,0,0,0,0,0,0,0,0,0,0,0,0,0,0,0,0,0,0,,0,,,,,,,,,,,,,,,,,,,,,1,,,,,,4464,,,,3,,,,,,,,,,,,,,,,,,,,,,
761,Midgard Shadowblade Vest,1,105,942,943,0,0,944,0,0,0,0,0,1,1,0,0,0,0,0,0,0,0,0,0,0,0,0,0,0,0,0,0,0,0,0,0,0,0,0,0,0,,0,,,,,,,,,,,,,,,,,,,,,1,4471,4472,,,,,,7,,,1,1,,,,,,,,,,,,,,,,,,,,
762,Midgard Shadowblade Legs,1,121,0,0,0,0,0,945,0,0,0,0,0,0,0,0,0,0,0,0,0,0,0,0,0,0,0,0,0,0,0,0,0,0,0,0,0,0,0,0,0,,0,,,,,,,,,,,,,,,,,,,,,1,,,,,4473,,,,,,,,,,,,,,,,,,,,,,,,,,,
763,Midgard Shadowblade Arms,1,111,0,0,946,0,0,0,0,0,0,0,0,0,0,0,0,0,0,0,0,0,0,0,0,0,0,0,0,0,0,0,0,0,0,0,0,0,0,0,0,,0,,,,,,,,,,,,,,,,,,,,,1,,,4474,,,,,,,,,,,,,,,,,,,,,,,,,,,,,
764,Midgard Shadowblade Gloves,1,115,0,0,0,947,0,0,0,0,0,0,0,0,0,0,0,0,0,0,0,0,0,0,0,0,0,0,0,0,0,0,0,0,0,0,0,0,0,0,0,,0,,,,,,,,,,,,,,,,,,,,,1,,,,4475,,,,,2,,,,,,,,,,,,,,,,,,,,,,,
765,Midgard Shadowblade Boots,1,125,0,0,0,0,0,0,948,0,0,0,0,0,0,0,0,0,0,0,0,0,0,0,0,0,0,0,0,0,0,0,0,0,0,0,0,0,0,0,0,,0,,,,,,,,,,,,,,,,,,,,,1,,,,,,4476,,,,3,,,,,,,,,,,,,,,,,,,,,,
766,Midgard Shaman Vest,1,106,949,950,0,0,951,0,0,0,0,0,2,1,0,0,0,0,0,0,0,0,0,0,0,0,0,0,0,0,0,0,0,0,0,0,0,0,0,0,0,,0,,,,,,,,,,,,,,,,,,,,,1,4477,4478,,,,,,5,,,1,1,,,,,,,,,,,,,,,,,,,,
767,Midgard Shaman Legs,1,122,0,0,0,0,0,952,0,0,0,0,0,0,0,0,0,0,0,0,0,0,0,0,0,0,0,0,0,0,0,0,0,0,0,0,0,0,0,0,0,,0,,,,,,,,,,,,,,,,,,,,,1,,,,,4479,,,,,,,,,,,,,,,,,,,,,,,,,,,
768,Midgard Shaman Arms,1,112,0,0,953,0,0,0,0,0,0,0,2,0,0,0,0,0,0,0,0,0,0,0,0,0,0,0,0,0,0,0,0,0,0,0,0,0,0,0,0,,0,,,,,,,,,,,,,,,,,,,,,1,,,4480,,,,,,,,,,,,,,,,,,,,,,,,,,,,,
769,Midgard Shaman Gloves,1,116,0,0,0,954,0,0,0,0,0,0,0,0,0,0,0,0,0,0,0,0,0,0,0,0,0,0,0,0,0,0,0,0,0,0,0,0,0,0,0,,0,,,,,,,,,,,,,,,,,,,,,1,,,,4481,,,,,2,,,,,,,,,,,,,,,,,,,,,,,
770,Midgard Shaman Boots,1,126,0,0,0,0,0,0,955,0,0,0,0,0,0,0,0,0,0,0,0,0,0,0,0,0,0,0,0,0,0,0,0,0,0,0,0,0,0,0,0,,0,,,,,,,,,,,,,,,,,,,,,1,,,,,,4482,,,,2,,,,,,,,,,,,,,,,,,,,,,
771,Midgard Skald Vest,1,106,956,957,0,0,958,0,0,0,0,0,1,1,0,0,0,0,0,0,0,0,0,0,0,0,0,0,0,0,0,0,0,0,0,0,0,0,0,0,0,,0,,,,,,,,,,,,,,,,,,,,,1,4483,4484,,,,,,12,,,1,1,,,,,,,,,,,,,,,,,,,,
772,Midgard Skald Legs,1,122,0,0,0,0,0,959,0,0,0,0,0,0,0,0,0,0,0,0,0,0,0,0,0,0,0,0,0,0,0,0,0,0,0,0,0,0,0,0,0,,0,,,,,,,,,,,,,,,,,,,,,1,,,,,4485,,,,,,,,,,,,,,,,,,,,,,,,,,,
773,Midgard Skald Arms,1,112,0,0,960,0,0,0,0,0,0,0,0,0,0,0,0,0,0,0,0,0,0,0,0,0,0,0,0,0,0,0,0,0,0,0,0,0,0,0,0,,0,,,,,,,,,,,,,,,,,,,,,1,,,4486,,,,,,,,,,,,,,,,,,,,,,,,,,,,,
774,Midgard Skald Gloves,1,116,0,0,0,961,0,0,0,0,0,0,0,0,0,0,0,0,0,0,0,0,0,0,0,0,0,0,0,0,0,0,0,0,0,0,0,0,0,0,0,,0,,,,,,,,,,,,,,,,,,,,,1,,,,4487,,,,,4,,,,,,,,,,,,,,,,,,,,,,,
775,Midgard Skald Boots,1,126,0,0,0,0,0,0,962,0,0,0,0,0,0,0,0,0,0,0,0,0,0,0,0,0,0,0,0,0,0,0,0,0,0,0,0,0,0,0,0,,0,,,,,,,,,,,,,,,,,,,,,1,,,,,,4488,,,,4,,,,,,,,,,,,,,,,,,,,,,
776,Midgard Warrior Vest,1,106,963,964,0,0,965,0,0,0,0,0,1,1,0,0,0,0,0,0,0,0,0,0,0,0,0,0,0,0,0,0,0,0,0,0,0,0,0,0,0,,0,,,,,,,,,,,,,,,,,,,,,1,4489,4490,,,,,,5,,,1,1,,,,,,,,,,,,,,,,,,,,
777,Midgard Warrior Legs,1,122,0,0,0,0,0,966,0,0,0,0,0,0,0,0,0,0,0,0,0,0,0,0,0,0,0,0,0,0,0,0,0,0,0,0,0,0,0,0,0,,0,,,,,,,,,,,,,,,,,,,,,1,,,,,4491,,,,,,,,,,,,,,,,,,,,,,,,,,,
778,Midgard Warrior Arms,1,112,0,0,967,0,0,0,0,0,0,0,0,0,0,0,0,0,0,0,0,0,0,0,0,0,0,0,0,0,0,0,0,0,0,0,0,0,0,0,0,,0,,,,,,,,,,,,,,,,,,,,,1,,,4492,,,,,,,,,,,,,,,,,,,,,,,,,,,,,
779,Midgard Warrior Gloves,1,116,0,0,0,968,0,0,0,0,0,0,0,0,0,0,0,0,0,0,0,0,0,0,0,0,0,0,0,0,0,0,0,0,0,0,0,0,0,0,0,,0,,,,,,,,,,,,,,,,,,,,,1,,,,4493,,,,,2,,,,,,,,,,,,,,,,,,,,,,,
780,Midgard Warrior Boots,1,126,0,0,0,0,0,0,969,0,0,0,0,0,0,0,0,0,0,0,0,0,0,0,0,0,0,0,0,0,0,0,0,0,0,0,0,0,0,0,0,,0,,,,,,,,,,,,,,,,,,,,,1,,,,,,4494,,,,2,,,,,,,,,,,,,,,,,,,,,,
781,Hibernian Enchanter,1,118,892,893,894,0,895,0,0,0,0,0,3,3,0,0,0,0,0,0,0,0,0,0,0,0,0,0,0,0,0,0,0,0,0,0,0,0,0,0,0,,0,,,,,,,,,,,,,,,,,,,,,1,4431,4432,,,,,,16,5,5,-1,-1,,,,,,,,,,,,,,,,,,,,
782,Hibernian Blademaster Vest,1,161,900,901,0,0,902,0,0,0,0,0,1,1,0,0,0,0,0,0,0,0,0,0,0,0,0,0,0,0,0,0,0,0,0,0,0,0,0,0,0,,0,,,,,,,,,,,,,,,,,,,,,1,4435,4436,,,,,,15,,,1,1,,,,,,,,,,,,,,,,,,,,
783,Hibernian Blademaster Legs,1,166,0,0,0,0,0,903,0,0,0,0,0,0,0,0,0,0,0,0,0,0,0,0,0,0,0,0,0,0,0,0,0,0,0,0,0,0,0,0,0,,0,,,,,,,,,,,,,,,,,,,,,1,,,,,4437,,,,,,,,,,,,,,,,,,,,,,,,,,,
784,Hibernian Blademaster Arms,1,164,0,0,904,0,0,0,0,0,0,0,0,0,0,0,0,0,0,0,0,0,0,0,0,0,0,0,0,0,0,0,0,0,0,0,0,0,0,0,0,,0,,,,,,,,,,,,,,,,,,,,,1,,,4438,,,,,,,,,,,,,,,,,,,,,,,,,,,,,
785,Hibernian Blademaster Gloves,1,165,0,0,0,905,0,0,0,0,0,0,0,0,0,0,0,0,0,0,0,0,0,0,0,0,0,0,0,0,0,0,0,0,0,0,0,0,0,0,0,,0,,,,,,,,,,,,,,,,,,,,,1,,,,4439,,,,,3,,,,,,,,,,,,,,,,,,,,,,,
786,Hibernian Blademaster Boots,1,167,0,0,0,0,0,0,906,0,0,0,0,0,0,0,0,0,0,0,0,0,0,0,0,0,0,0,0,0,0,0,0,0,0,0,0,0,0,0,0,,0,,,,,,,,,,,,,,,,,,,,,1,,,,,,4440,,,,3,,,,,,,,,,,,,,,,,,,,,,
787,Midgard Thane Vest,1,106,921,922,0,0,923,0,0,0,0,0,1,1,0,0,0,0,0,0,0,0,0,0,0,0,0,0,0,0,0,0,0,0,0,0,0,0,0,0,0,,0,,,,,,,,,,,,,,,,,,,,,1,4453,4454,,,,,,5,,,1,1,,,,,,,,,,,,,,,,,,,,
788,Midgard Thane Legs,1,122,0,0,0,0,0,924,0,0,0,0,0,0,0,0,0,0,0,0,0,0,0,0,0,0,0,0,0,0,0,0,0,0,0,0,0,0,0,0,0,,0,,,,,,,,,,,,,,,,,,,,,1,,,,,4455,,,,,,,,,,,,,,,,,,,,,,,,,,,
789,Midgard Thane Arms,1,112,0,0,925,0,0,0,0,0,0,0,0,0,0,0,0,0,0,0,0,0,0,0,0,0,0,0,0,0,0,0,0,0,0,0,0,0,0,0,0,,0,,,,,,,,,,,,,,,,,,,,,1,,,4456,,,,,,,,,,,,,,,,,,,,,,,,,,,,,
790,Midgard Thane Gloves,1,116,0,0,0,926,0,0,0,0,0,0,0,0,0,0,0,0,0,0,0,0,0,0,0,0,0,0,0,0,0,0,0,0,0,0,0,0,0,0,0,,0,,,,,,,,,,,,,,,,,,,,,1,,,,4457,,,,,2,,,,,,,,,,,,,,,,,,,,,,,
791,Midgard Thane Boots,1,126,0,0,0,0,0,0,927,0,0,0,0,0,0,0,0,0,0,0,0,0,0,0,0,0,0,0,0,0,0,0,0,0,0,0,0,0,0,0,0,,0,,,,,,,,,,,,,,,,,,,,,1,,,,,,4458,,,,2,,,,,,,,,,,,,,,,,,,,,,
792,Albion Infiltrator Vest,1,105,935,936,0,0,937,0,0,0,0,0,1,1,0,0,0,0,0,0,0,0,0,0,0,0,0,0,0,0,0,0,0,0,0,0,0,0,0,0,0,,0,,,,,,,,,,,,,,,,,,,,,1,4465,4466,,,,,,7,,,1,1,,,,,,,,,,,,,,,,,,,,
793,Albion Infiltrator Legs,1,121,0,0,0,0,0,938,0,0,0,0,0,0,0,0,0,0,0,0,0,0,0,0,0,0,0,0,0,0,0,0,0,0,0,0,0,0,0,0,0,,0,,,,,,,,,,,,,,,,,,,,,1,,,,,4467,,,,,,,,,,,,,,,,,,,,,,,,,,,
794,Albion Infiltrator Arms,1,111,0,0,939,0,0,0,0,0,0,0,0,0,0,0,0,0,0,0,0,0,0,0,0,0,0,0,0,0,0,0,0,0,0,0,0,0,0,0,0,,0,,,,,,,,,,,,,,,,,,,,,1,,,4468,,,,,,,,,,,,,,,,,,,,,,,,,,,,,
795,Albion Infiltrator Gloves,1,115,0,0,0,940,0,0,0,0,0,0,0,0,0,0,0,0,0,0,0,0,0,0,0,0,0,0,0,0,0,0,0,0,0,0,0,0,0,0,0,,0,,,,,,,,,,,,,,,,,,,,,1,,,,4469,,,,,3,,,,,,,,,,,,,,,,,,,,,,,
796,Albion Infiltrator Boots,1,125,0,0,0,0,0,0,941,0,0,0,0,0,0,0,0,0,0,0,0,0,0,0,0,0,0,0,0,0,0,0,0,0,0,0,0,0,0,0,0,,0,,,,,,,,,,,,,,,,,,,,,1,,,,,,4470,,,,3,,,,,,,,,,,,,,,,,,,,,,
797,Albion Friar,1,105,973,971,970,0,972,0,0,0,0,0,3,3,0,0,0,0,0,0,0,0,0,0,0,0,0,0,0,0,0,0,0,0,0,0,0,0,0,0,0,,0,,,,,,,,,,,,,,,,,,,,,1,4496,4495,,,,,,16,5,5,-1,-1,,,,,,,,,,,,,,,,,,,,
798,Albion Wizard (robe 11),1,118,974,975,976,0,977,0,0,0,0,0,3,3,0,0,0,0,0,0,0,0,0,0,0,0,0,0,0,0,0,0,0,0,0,0,0,0,0,0,0,,0,,,,,,,,,,,,,,,,,,,,,1,4497,4498,,,,,,16,5,5,-1,-1,,,,,,,,,,,,,,,,,,,,
799,Midgard Spiritmaster Cloth Vest,1,104,978,979,0,0,980,0,0,0,0,0,2,2,0,0,0,0,0,0,0,0,0,0,0,0,0,0,0,0,0,0,0,0,0,0,0,0,0,0,0,,0,,,,,,,,,,,,,,,,,,,,,1,4499,4500,,,,,,16,5,5,-1,-1,,,,,,,,,,,,,,,,,,,,
800,Midgard Spiritmaster Cloth Legs,1,120,0,0,0,0,0,981,0,0,0,0,0,0,0,0,0,0,0,0,0,0,0,0,0,0,0,0,0,0,0,0,0,0,0,0,0,0,0,0,0,,0,,,,,,,,,,,,,,,,,,,,,1,,,,,5148,,,,,,,,,,,,,,,,,,,,,,,,,,,
801,Midgard Spiritmaster Cloth Arms,1,110,0,0,982,0,0,0,0,0,0,0,2,0,0,0,0,0,0,0,0,0,0,0,0,0,0,0,0,0,0,0,0,0,0,0,0,0,0,0,0,,0,,,,,,,,,,,,,,,,,,,,,1,,,5147,,,,,,,,,,,,,,,,,,,,,,,,,,,,,
802,Midgard Spiritmaster Cloth Gloves,1,114,0,0,0,983,0,0,0,0,0,0,0,0,0,0,0,0,0,0,0,0,0,0,0,0,0,0,0,0,0,0,0,0,0,0,0,0,0,0,0,,0,,,,,,,,,,,,,,,,,,,,,1,,,,4502,,,,,1,,,,,,,,,,,,,,,,,,,,,,,
803,Midgard Spiritmaster Cloth Boots,1,124,0,0,0,0,0,0,984,0,0,0,0,0,0,0,0,0,0,0,0,0,0,0,0,0,0,0,0,0,0,0,0,0,0,0,0,0,0,0,0,,0,,,,,,,,,,,,,,,,,,,,,1,,,,,,4503,,,,1,,,,,,,,,,,,,,,,,,,,,,
804,Albion Sorcerer (rob12),1,118,985,986,987,0,988,0,0,0,0,0,3,3,0,0,0,0,0,0,0,0,0,0,0,0,0,0,0,0,0,0,0,0,0,0,0,0,0,0,0,,0,,,,,,,,,,,,,,,,,,,,,1,4504,4505,,,,,,16,5,5,-1,-1,,,,,,,,,,,,,,,,,,,,
805,Hibernian Warden Vest,1,106,989,990,0,0,991,0,0,0,0,0,1,1,0,0,0,0,0,0,0,0,0,0,0,0,0,0,0,0,0,0,0,0,0,0,0,0,0,0,0,,0,,,,,,,,,,,,,,,,,,,,,1,4506,4507,,,,,,18,,,1,1,,,,,,,,,,,,,,,,,,,,
806,Hibernian Warden Legs,1,122,0,0,0,0,0,992,0,0,0,0,0,0,0,0,0,0,0,0,0,0,0,0,0,0,0,0,0,0,0,0,0,0,0,0,0,0,0,0,0,,0,,,,,,,,,,,,,,,,,,,,,1,,,,,4508,,,,,,,,,,,,,,,,,,,,,,,,,,,
807,Hibernian Warden Arms,1,112,0,0,993,0,0,0,0,0,0,0,0,0,0,0,0,0,0,0,0,0,0,0,0,0,0,0,0,0,0,0,0,0,0,0,0,0,0,0,0,,0,,,,,,,,,,,,,,,,,,,,,1,,,4509,,,,,,,,,,,,,,,,,,,,,,,,,,,,,
808,Hibernian Warden Gloves,1,116,0,0,0,994,0,0,0,0,0,0,0,0,0,0,0,0,0,0,0,0,0,0,0,0,0,0,0,0,0,0,0,0,0,0,0,0,0,0,0,,0,,,,,,,,,,,,,,,,,,,,,1,,,,4510,,,,,6,,,,,,,,,,,,,,,,,,,,,,,
809,Hibernian Warden Boots,1,126,0,0,0,0,0,0,995,0,0,0,0,0,0,0,0,0,0,0,0,0,0,0,0,0,0,0,0,0,0,0,0,0,0,0,0,0,0,0,0,,0,,,,,,,,,,,,,,,,,,,,,1,,,,,,4511,,,,6,,,,,,,,,,,,,,,,,,,,,,
810,Hibernian Champion Vest,1,106,2003,2004,0,0,2005,0,0,0,0,0,2,1,0,0,0,0,0,0,0,0,0,0,0,0,0,0,0,0,0,0,0,0,0,0,0,0,0,0,0,,0,,,,,,,,,,,,,,,,,,,,,1,4518,4519,,,,,,18,,,1,1,,,,,,,,,,,,,,,,,,,,
811,Hibernian Champion Legs,1,122,0,0,0,0,0,2006,0,0,0,0,0,0,0,0,0,0,0,0,0,0,0,0,0,0,0,0,0,0,0,0,0,0,0,0,0,0,0,0,0,,0,,,,,,,,,,,,,,,,,,,,,1,,,,,4520,,,,,,,,,,,,,,,,,,,,,,,,,,,
812,Hibernian Champion Arms,1,112,0,0,2007,0,0,0,0,0,0,0,2,0,0,0,0,0,0,0,0,0,0,0,0,0,0,0,0,0,0,0,0,0,0,0,0,0,0,0,0,,0,,,,,,,,,,,,,,,,,,,,,1,,,4521,,,,,,,,,,,,,,,,,,,,,,,,,,,,,
813,Hibernian Champion Gloves,1,116,0,0,0,2008,0,0,0,0,0,0,0,0,0,0,0,0,0,0,0,0,0,0,0,0,0,0,0,0,0,0,0,0,0,0,0,0,0,0,0,,0,,,,,,,,,,,,,,,,,,,,,1,,,,4522,,,,,6,,,,,,,,,,,,,,,,,,,,,,,
814,Hibernian Champion Boots,1,126,0,0,0,0,0,0,2009,0,0,0,0,0,0,0,0,0,0,0,0,0,0,0,0,0,0,0,0,0,0,0,0,0,0,0,0,0,0,0,0,,0,,,,,,,,,,,,,,,,,,,,,1,,,,,,4523,,,,6,,,,,,,,,,,,,,,,,,,,,,
815,Hibernian Ranger Vest,1,161,996,997,0,0,998,0,0,0,0,0,1,1,0,0,0,0,0,0,0,0,0,0,0,0,0,0,0,0,0,0,0,0,0,0,0,0,0,0,0,,0,,,,,,,,,,,,,,,,,,,,,1,4512,4513,,,,,,15,,,1,1,,,,,,,,,,,,,,,,,,,,
816,Hibernian Ranger Legs,1,166,0,0,0,0,0,999,0,0,0,0,0,0,0,0,0,0,0,0,0,0,0,0,0,0,0,0,0,0,0,0,0,0,0,0,0,0,0,0,0,,0,,,,,,,,,,,,,,,,,,,,,1,,,,,4514,,,,,,,,,,,,,,,,,,,,,,,,,,,
817,Hibernian Ranger Arms,1,164,0,0,2000,0,0,0,0,0,0,0,0,0,0,0,0,0,0,0,0,0,0,0,0,0,0,0,0,0,0,0,0,0,0,0,0,0,0,0,0,,0,,,,,,,,,,,,,,,,,,,,,1,,,4515,,,,,,,,,,,,,,,,,,,,,,,,,,,,,
818,Hibernian Ranger Gloves,1,165,0,0,0,2001,0,0,0,0,0,0,0,0,0,0,0,0,0,0,0,0,0,0,0,0,0,0,0,0,0,0,0,0,0,0,0,0,0,0,0,,0,,,,,,,,,,,,,,,,,,,,,1,,,,4516,,,,,3,,,,,,,,,,,,,,,,,,,,,,,
819,Hibernian Ranger Boots,1,167,0,0,0,0,0,0,2002,0,0,0,0,0,0,0,0,0,0,0,0,0,0,0,0,0,0,0,0,0,0,0,0,0,0,0,0,0,0,0,0,,0,,,,,,,,,,,,,,,,,,,,,1,,,,,,4517,,,,3,,,,,,,,,,,,,,,,,,,,,,
820,Alchemist Table,245,0,0,0,0,0,0,0,0,0,0,0,0,0,0,0,0,0,0,0,0,0,0,0,0,0,0,0,0,0,0,0,0,0,0,0,0,0,0,0,0,,0,,,,,,,,,,,,,,,,,,,,,,,,,,,,,,,,,,,,,,,,,,,,,,,,,,,,,
821,Necro Staff,246,209,0,0,0,0,0,0,0,0,0,0,0,0,0,0,0,4,1,6,0,0,0,0,0,0,0,0,0,0,0,0,0,0,0,0,0,0,0,0,0,,0,,,,,,,,,,,,,,,,,,,,,,,,,,,,,,,,,,,,,,,,,,,,,,,,,,,,,
822,Albion Cloth Cap,1,128,0,0,0,0,0,0,0,0,0,0,0,0,0,0,0,0,0,0,0,0,0,0,0,0,0,0,0,0,0,0,0,0,0,0,0,0,0,0,0,,0,,,,,,,,,,,,,,,,,,,,,,,,,,,,,,,,,,,,,,,,,,,,,,,,,,,,,
823,Albion Cloth Helm,403,128,0,0,0,0,0,0,0,0,315,2,0,0,0,0,0,0,0,0,315,0,0,0,0,0,0,0,0,0,0,0,0,0,0,0,0,0,0,0,0,,0,,,,,,,,,,,,,,,,,,,,,,,,,,,,,,,,,,,1242,1246,1222,1226,1238,1259,1267,1271,1230,1234,1263,1275,,,,,,,
824,Albion Studded Helm,403,129,0,0,0,0,0,0,0,0,315,2,0,0,0,0,0,0,0,0,315,0,0,0,0,0,0,0,0,0,0,0,0,0,0,0,0,0,0,0,0,,0,,,,,,,,,,,,,,,,,,,,,,,,,,,,,,,,,,,1242,1246,1222,1226,1238,1259,1267,1271,1230,1234,1263,1275,,,,,,,
825,Norse Cloth Cap,391,128,0,0,0,0,0,0,0,0,315,2,0,0,0,0,0,0,0,0,615,0,397,0,0,0,394,397,0,0,0,0,0,0,0,0,0,0,0,0,0,,0,,,,,,,,,,,,,,,,,,,,,,,,,,,,,,,,,,,1120,1119,1114,1113,1118,1117,1122,1121,1124,1123,1116,1115,,,,,,,
826,Celtic Cloth Cap 1,409,128,0,0,0,0,0,0,0,0,2030,2,0,0,0,0,0,0,0,0,615,0,399,0,0,0,405,0,0,0,0,0,0,0,0,0,0,0,0,0,0,,0,,,,,,,,,,,,,,,,,,,,,,,,,,,,,,,,,,,1283,1282,1285,1284,1289,1288,1287,1286,1293,1292,1291,1290,,,,,,,
827,Hibernia Studded Cap,407,129,0,0,0,0,0,0,0,0,2028,4,0,0,0,0,0,0,0,0,2030,0,398,0,0,0,404,0,0,0,0,0,0,0,0,0,0,0,0,0,0,,0,,,,,,,,,,,,,,,,,,,,,,,,,,,,,,,,,,,1307,1306,1309,1308,1313,1312,1311,1310,1317,1316,1315,1314,,,,,,,
828,Claw Hand Staff,246,209,0,0,0,0,0,0,0,0,0,0,0,0,0,0,0,4,1,6,0,0,0,0,0,0,0,0,0,0,0,0,0,0,0,0,0,0,0,0,0,,0,,,,,,,,,,,,,,,,,,,,,,,,,,,,,,,,,,,,,,,,,,,,,,,,,,,,,
829,Norse studded helm 1,391,129,0,0,0,0,0,0,0,0,2029,2,0,0,0,0,0,0,0,0,2029,0,397,0,0,0,394,397,0,0,0,0,0,0,0,0,0,0,0,0,0,,0,,,,,,,,,,,,,,,,,,,,,,,,,,,,,,,,,,,1120,1119,1114,1113,1118,1117,1122,1121,1124,1123,1116,1115,,,,,,,
830,Norse studded helm 2,390,129,0,0,0,0,0,0,0,0,2029,4,0,0,0,0,0,0,0,0,2029,0,396,0,0,0,393,396,0,0,0,0,0,0,0,0,0,0,0,0,0,,0,,,,,,,,,,,,,,,,,,,,,,,,,,,,,,,,,,,1132,1131,1126,1125,1130,1129,1134,1133,1136,1135,1128,1127,,,,,,,
831,Norse studded helm 3,389,129,0,0,0,0,0,0,0,0,2029,4,0,0,0,0,0,0,0,0,2029,0,395,0,0,0,392,395,0,0,0,0,0,0,0,0,0,0,0,0,0,,0,,,,,,,,,,,,,,,,,,,,,,,,,,,,,,,,,,,1144,1143,1138,1137,1142,1141,1146,1145,1148,1147,1140,1139,,,,,,,
832,Norse chain helm 1,391,101,0,0,0,0,0,0,0,0,615,2,0,0,0,0,0,0,0,0,615,0,397,0,0,0,394,397,0,0,0,0,0,0,0,0,0,0,0,0,0,,0,,,,,,,,,,,,,,,,,,,,,,,,,,,,,,,,,,,1120,1119,1114,1113,1118,1117,1122,1121,1124,1123,1116,1115,,,,,,,
833,Norse chain helm 2,390,101,0,0,0,0,0,0,0,0,615,4,0,0,0,0,0,0,0,0,615,0,396,0,0,0,393,396,0,0,0,0,0,0,0,0,0,0,0,0,0,,0,,,,,,,,,,,,,,,,,,,,,,,,,,,,,,,,,,,1132,1131,1126,1125,1130,1129,1134,1133,1136,1135,1128,1127,,,,,,,
834,Norse chain helm 3,389,101,0,0,0,0,0,0,0,0,615,4,0,0,0,0,0,0,0,0,615,0,395,0,0,0,392,395,0,0,0,0,0,0,0,0,0,0,0,0,0,,0,,,,,,,,,,,,,,,,,,,,,,,,,,,,,,,,,,,1144,1143,1138,1137,1142,1141,1146,1145,1148,1147,1140,1139,,,,,,,
835,Celtic reinforced helm 1,409,129,0,0,0,0,0,0,0,0,2028,2,0,0,0,0,0,0,0,0,615,0,400,0,0,0,406,0,0,0,0,0,0,0,0,0,0,0,0,0,0,,0,,,,,,,,,,,,,,,,,,,,,,,,,,,,,,,,,,,1283,1282,1285,1284,1289,1288,1287,1286,1293,1292,1291,1290,,,,,,,
836,Celtic reinforced helm 2,408,129,0,0,0,0,0,0,0,0,2028,4,0,0,0,0,0,0,0,0,615,0,399,0,0,0,405,0,0,0,0,0,0,0,0,0,0,0,0,0,0,,0,,,,,,,,,,,,,,,,,,,,,,,,,,,,,,,,,,,1295,1294,1297,1296,1301,1300,1299,1298,1305,1304,1303,1302,,,,,,,
837,Celtic reinforced helm 3,407,129,0,0,0,0,0,0,0,0,2028,4,0,0,0,0,0,0,0,0,615,0,398,0,0,0,404,0,0,0,0,0,0,0,0,0,0,0,0,0,0,,0,,,,,,,,,,,,,,,,,,,,,,,,,,,,,,,,,,,1307,1306,1309,1308,1313,1312,1311,1310,1317,1316,1315,1314,,,,,,,
838,Celtic scale helm 1,409,101,0,0,0,0,0,0,0,0,2027,2,0,0,0,0,0,0,0,0,615,0,400,0,0,0,406,0,0,0,0,0,0,0,0,0,0,0,0,0,0,,0,,,,,,,,,,,,,,,,,,,,,,,,,,,,,,,,,,,1283,1282,1285,1284,1289,1288,1287,1286,1293,1292,1291,1290,,,,,,,
839,Celtic scale helm 2,408,101,0,0,0,0,0,0,0,0,2027,4,0,0,0,0,0,0,0,0,615,0,399,0,0,0,405,0,0,0,0,0,0,0,0,0,0,0,0,0,0,,0,,,,,,,,,,,,,,,,,,,,,,,,,,,,,,,,,,,1295,1294,1297,1296,1301,1300,1299,1298,1305,1304,1303,1302,,,,,,,
840,Celtic scale helm 3,407,101,0,0,0,0,0,0,0,0,2027,4,0,0,0,0,0,0,0,0,615,0,398,0,0,0,404,0,0,0,0,0,0,0,0,0,0,0,0,0,0,,0,,,,,,,,,,,,,,,,,,,,,,,,,,,,,,,,,,,1307,1306,1309,1308,1313,1312,1311,1310,1317,1316,1315,1314,,,,,,,
841,Alb 2H Slash,247,203,0,0,0,0,0,0,0,0,0,0,0,0,0,1,0,2,2,1,0,0,0,0,0,0,0,0,0,0,0,0,0,0,0,0,0,0,0,0,0,,0,,,,,,,,,,,,,,,,,,,,,,,,,,,,,,,,,,,,,,,,,,,,,,,,,,,,,
842,Alb 2H Blunt,248,214,0,0,0,0,0,0,0,0,0,0,0,0,0,1,0,2,2,5,0,0,0,0,0,0,0,0,0,0,0,0,0,0,0,0,0,0,0,0,0,,0,,,,,,,,,,,,,,,,,,,,,,,,,,,,,,,,,,,,,,,,,,,,,,,,,,,,,
843,Alb 2H Slash,249,203,0,0,0,0,0,0,0,0,0,0,0,0,0,1,0,2,2,1,0,0,0,0,0,0,0,0,0,0,0,0,0,0,0,0,0,0,0,0,0,,0,,,,,,,,,,,,,,,,,,,,,,,,,,,,,,,,,,,,,,,,,,,,,,,,,,,,,
844,Alb 2H Blunt,250,214,0,0,0,0,0,0,0,0,0,0,0,0,0,1,0,2,2,5,0,0,0,0,0,0,0,0,0,0,0,0,0,0,0,0,0,0,0,0,0,,0,,,,,,,,,,,,,,,,,,,,,,,,,,,,,,,,,,,,,,,,,,,,,,,,,,,,,
845,Alb 2H Slash,251,217,0,0,0,0,0,0,0,0,0,0,0,0,0,1,0,2,2,1,0,0,0,0,0,0,0,0,0,0,0,0,0,0,0,0,0,0,0,0,0,,0,,,,,,,,,,,,,,,,,,,,,,,,,,,,,,,,,,,,,,,,,,,,,,,,,,,,,
846,Alb 2H Thrust,252,215,0,0,0,0,0,0,0,0,0,0,0,0,0,1,0,2,2,1,0,0,0,0,0,0,0,0,0,0,0,0,0,0,0,0,0,0,0,0,0,,0,,,,,,,,,,,,,,,,,,,,,,,,,,,,,,,,,,,,,,,,,,,,,,,,,,,,,
847,Alb 2H Slash,253,203,0,0,0,0,0,0,0,0,0,0,0,0,0,1,0,2,2,1,0,0,0,0,0,0,0,0,0,0,0,0,0,0,0,0,0,0,0,0,0,,0,,,,,,,,,,,,,,,,,,,,,,,,,,,,,,,,,,,,,,,,,,,,,,,,,,,,,
848,Alb Brawlers Bow,254,223,0,0,0,0,0,0,0,0,0,0,0,0,0,0,0,5,1,7,0,0,0,0,0,0,0,0,0,0,0,0,0,0,0,0,0,0,0,0,0,,0,,,,,,,,,,,,,,,,,,,,,,,,,,,,,,,,,,,,,,,,,,,,,,,,,,,,,
849,Alb Saracen Long Bow,255,223,0,0,0,0,0,0,0,0,0,0,0,0,0,0,0,5,1,7,0,0,0,0,0,0,0,0,0,0,0,0,0,0,0,0,0,0,0,0,0,,0,,,,,,,,,,,,,,,,,,,,,,,,,,,,,,,,,,,,,,,,,,,,,,,,,,,,,
850,Alb Saracen Short Bow,256,223,0,0,0,0,0,0,0,0,0,0,0,0,0,0,0,5,1,7,0,0,0,0,0,0,0,0,0,0,0,0,0,0,0,0,0,0,0,0,0,,0,,,,,,,,,,,,,,,,,,,,,,,,,,,,,,,,,,,,,,,,,,,,,,,,,,,,,
851,Alb Skinners Bow,257,223,0,0,0,0,0,0,0,0,0,0,0,0,0,0,0,5,1,7,0,0,0,0,0,0,0,0,0,0,0,0,0,0,0,0,0,0,0,0,0,,0,,,,,,,,,,,,,,,,,,,,,,,,,,,,,,,,,,,,,,,,,,,,,,,,,,,,,
852,Alb Thorn Bow,258,223,0,0,0,0,0,0,0,0,0,0,0,0,0,0,0,5,1,7,0,0,0,0,0,0,0,0,0,0,0,0,0,0,0,0,0,0,0,0,0,,0,,,,,,,,,,,,,,,,,,,,,,,,,,,,,,,,,,,,,,,,,,,,,,,,,,,,,
853,Alb Avalonian Mace,259,211,0,0,0,0,0,0,0,0,0,0,0,0,0,1,0,1,0,5,0,0,0,0,0,0,0,0,0,0,0,0,0,0,0,0,0,0,0,0,0,,0,,,,,,,,,,,,,,,,,,,,,,,,,,,,,,,,,,,,,,,,,,,,,,,,,,,,,
854,Alb BishopsMace,260,211,0,0,0,0,0,0,0,0,0,0,0,0,0,1,0,1,0,5,0,0,0,0,0,0,0,0,0,0,0,0,0,0,0,0,0,0,0,0,0,,0,,,,,,,,,,,,,,,,,,,,,,,,,,,,,,,,,,,,,,,,,,,,,,,,,,,,,
855,Alb Coffin Hammer Mace,261,210,0,0,0,0,0,0,0,0,0,0,0,0,0,1,0,1,0,5,0,0,0,0,0,0,0,0,0,0,0,0,0,0,0,0,0,0,0,0,0,,0,,,,,,,,,,,,,,,,,,,,,,,,,,,,,,,,,,,,,,,,,,,,,,,,,,,,,
856,Alb Coffin Mace Mace,262,211,0,0,0,0,0,0,0,0,0,0,0,0,0,1,0,1,0,5,0,0,0,0,0,0,0,0,0,0,0,0,0,0,0,0,0,0,0,0,0,,0,,,,,,,,,,,,,,,,,,,,,,,,,,,,,,,,,,,,,,,,,,,,,,,,1,,,,,
857,Alb Flex Chain,263,231,0,0,0,0,0,0,0,0,0,0,0,0,0,1,0,9,0,20,0,0,0,0,0,0,0,0,0,0,0,0,0,0,0,0,0,0,0,0,0,,0,,,,,,,,,,,,,,,,,,,,,,,,,,,,,,,,,,,,,,,,,,,,,,,,,,,,,
858,Alb Flex Chain Saw,264,231,0,0,0,0,0,0,0,0,0,0,0,0,0,1,0,9,0,20,0,0,0,0,0,0,0,0,0,0,0,0,0,0,0,0,0,0,0,0,0,,0,,,,,,,,,,,,,,,,,,,,,,,,,,,,,,,,,,,,,,,,,,,,,,,,,,,,,
859,Alb Flex Chain Whip,265,231,0,0,0,0,0,0,0,0,0,0,0,0,0,1,0,11,0,20,0,0,0,0,0,0,0,0,0,0,0,0,0,0,0,0,0,0,0,0,0,,0,,,,,,,,,,,,,,,,,,,,,,,,,,,,,,,,,,,,,,,,,,,,,,,,,,,,,
860,Alb Flex Dagger Flail,266,231,0,0,0,0,0,0,0,0,0,0,0,0,0,1,0,10,0,20,0,0,0,0,0,0,0,0,0,0,0,0,0,0,0,0,0,0,0,0,0,,0,,,,,,,,,,,,,,,,,,,,,,,,,,,,,,,,,,,,,,,,,,,,,,,,,,,,,
861,Alb Flex Flail,267,231,0,0,0,0,0,0,0,0,0,0,0,0,0,1,0,10,0,20,0,0,0,0,0,0,0,0,0,0,0,0,0,0,0,0,0,0,0,0,0,,0,,,,,,,,,,,,,,,,,,,,,,,,,,,,,,,,,,,,,,,,,,,,,,,,,,,,,
862,Alb Flex Morning Star,268,231,0,0,0,0,0,0,0,0,0,0,0,0,0,1,0,10,0,20,0,0,0,0,0,0,0,0,0,0,0,0,0,0,0,0,0,0,0,0,0,,0,,,,,,,,,,,,,,,,,,,,,,,,,,,,,,,,,,,,,,,,,,,,,,,,,,,,,
863,Alb Flex Pick Flail,269,231,0,0,0,0,0,0,0,0,0,0,0,0,0,1,0,10,0,20,0,0,0,0,0,0,0,0,0,0,0,0,0,0,0,0,0,0,0,0,0,,0,,,,,,,,,,,,,,,,,,,,,,,,,,,,,,,,,,,,,,,,,,,,,,,,,,,,,
864,Alb Flex Spiked Flail,270,231,0,0,0,0,0,0,0,0,0,0,0,0,0,1,0,10,0,20,0,0,0,0,0,0,0,0,0,0,0,0,0,0,0,0,0,0,0,0,0,,0,,,,,,,,,,,,,,,,,,,,,,,,,,,,,,,,,,,,,,,,,,,,,,,,,,,,,
865,Alb Flex Spiked Whip,271,231,0,0,0,0,0,0,0,0,0,0,0,0,0,1,0,11,0,8,0,0,0,0,0,0,0,0,0,0,0,0,0,0,0,0,0,0,0,0,0,,0,,,,,,,,,,,,,,,,,,,,,,,,,,,,,,,,,,,,,,,,,,,,,,,,,,,,,
866,Alb Flex War Chain,272,231,0,0,0,0,0,0,0,0,0,0,0,0,0,1,0,9,0,20,0,0,0,0,0,0,0,0,0,0,0,0,0,0,0,0,0,0,0,0,0,,0,,,,,,,,,,,,,,,,,,,,,,,,,,,,,,,,,,,,,,,,,,,,,,,,,,,,,
867,Alb Flex Whip,273,231,0,0,0,0,0,0,0,0,0,0,0,0,0,1,0,10,0,8,0,0,0,0,0,0,0,0,0,0,0,0,0,0,0,0,0,0,0,0,0,,0,,,,,,,,,,,,,,,,,,,,,,,,,,,,,,,,,,,,,,,,,,,,,,,,,,,,,
868,Alb Flex Whip Dagger,274,231,0,0,0,0,0,0,0,0,0,0,0,0,0,1,0,11,0,20,0,0,0,0,0,0,0,0,0,0,0,0,0,0,0,0,0,0,0,0,0,,0,,,,,,,,,,,,,,,,,,,,,,,,,,,,,,,,,,,,,,,,,,,,,,,,,,,,,
869,Alb Flex Whip Mace,275,231,0,0,0,0,0,0,0,0,0,0,0,0,0,1,0,11,0,20,0,0,0,0,0,0,0,0,0,0,0,0,0,0,0,0,0,0,0,0,0,,0,,,,,,,,,,,,,,,,,,,,,,,,,,,,,,,,,,,,,,,,,,,,,,,,,,,,,
870,Alb Bishops Reach,276,219,0,0,0,0,0,0,0,0,0,0,0,0,0,0,0,3,2,6,0,0,0,0,0,0,0,0,0,0,0,0,0,0,0,0,0,0,0,0,0,,0,,,,,,,,,,,,,,,,,,,,,,,,,,,,,,,,,,,,,,,,,,,,,,,,,,,,,
871,Alb Footmans Pick,277,215,0,0,0,0,0,0,0,0,0,0,0,0,0,0,0,3,2,21,0,0,0,0,0,0,0,0,0,0,0,0,0,0,0,0,0,0,0,0,0,,0,,,,,,,,,,,,,,,,,,,,,,,,,,,,,,,,,,,,,,,,,,,,,,,,,,,,,
872,Alb Military Fork,278,208,0,0,0,0,0,0,0,0,0,0,0,0,0,0,0,3,2,21,0,0,0,0,0,0,0,0,0,0,0,0,0,0,0,0,0,0,0,0,0,,0,,,,,,,,,,,,,,,,,,,,,,,,,,,,,,,,,,,,,,,,,,,,,,,,,,,,,
873,Alb Sabre Axe,279,217,0,0,0,0,0,0,0,0,0,0,0,0,0,0,0,3,2,4,0,0,0,0,0,0,0,0,0,0,0,0,0,0,0,0,0,0,0,0,0,,0,,,,,,,,,,,,,,,,,,,,,,,,,,,,,,,,,,,,,,,,,,,,,,,,,,,,,
874,Alb Saracen Glaive,280,221,0,0,0,0,0,0,0,0,0,0,0,0,0,0,0,3,2,21,0,0,0,0,0,0,0,0,0,0,0,0,0,0,0,0,0,0,0,0,0,,0,,,,,,,,,,,,,,,,,,,,,,,,,,,,,,,,,,,,,,,,,,,,,,,,,,,,,
875,Alb Tall Hammer,281,210,0,0,0,0,0,0,0,0,0,0,0,0,0,0,0,3,2,5,0,0,0,0,0,0,0,0,0,0,0,0,0,0,0,0,0,0,0,0,0,,0,,,,,,,,,,,,,,,,,,,,,,,,,,,,,,,,,,,,,,,,,,,,,,,,,,,,,
876,Alb Breton Toothpick,282,201,0,0,0,0,0,0,0,0,0,0,0,0,0,1,0,1,0,1,0,0,0,0,0,0,0,0,0,0,0,0,0,0,0,0,0,0,0,0,0,,0,,,,,,,,,,,,,,,,,,,,,,,,,,,,,,,,,,,,,,,,,,,,,,,,,,,,,
877,Alb Cinquedea,283,201,0,0,0,0,0,0,0,0,0,0,0,0,0,1,0,1,0,1,0,0,0,0,0,0,0,0,0,0,0,0,0,0,0,0,0,0,0,0,0,,0,,,,,,,,,,,,,,,,,,,,,,,,,,,,,,,,,,,,,,,,,,,,,,,,,,,,,
878,Alb Coffin Axe,284,217,0,0,0,0,0,0,0,0,0,0,0,0,0,1,0,1,0,4,0,0,0,0,0,0,0,0,0,0,0,0,0,0,0,0,0,0,0,0,0,,0,,,,,,,,,,,,,,,,,,,,,,,,,,,,,,,,,,,,,,,,,,,,,,,,,,,,,
879,Alb Falchion,285,202,0,0,0,0,0,0,0,0,0,0,0,0,0,1,0,1,0,1,0,0,0,0,0,0,0,0,0,0,0,0,0,0,0,0,0,0,0,0,0,,0,,,,,,,,,,,,,,,,,,,,,,,,,,,,,,,,,,,,,,,,,,,,,,,,,,,,,
880,Alb War Axe,286,217,0,0,0,0,0,0,0,0,0,0,0,0,0,1,0,1,0,4,0,0,0,0,0,0,0,0,0,0,0,0,0,0,0,0,0,0,0,0,0,,0,,,,,,,,,,,,,,,,,,,,,,,,,,,,,,,,,,,,,,,,,,,,,,,,,,,,,
881,Alb Bishops Reach Staff,287,209,0,0,0,0,0,0,0,0,0,0,0,0,0,0,0,4,1,6,0,0,0,0,0,0,0,0,0,0,0,0,0,0,0,0,0,0,0,0,0,,0,,,,,,,,,,,,,,,,,,,,,,,,,,,,,,,,,,,,,,,,,,,,,,,,,,,,,
882,Alb Spiked Staff,288,209,0,0,0,0,0,0,0,0,0,0,0,0,0,0,0,4,1,6,0,0,0,0,0,0,0,0,0,0,0,0,0,0,0,0,0,0,0,0,0,,0,,,,,,,,,,,,,,,,,,,,,,,,,,,,,,,,,,,,,,,,,,,,,,,,,,,,,
883,Alb Spiked Staff Mace,289,209,0,0,0,0,0,0,0,0,0,0,0,0,0,0,0,4,1,6,0,0,0,0,0,0,0,0,0,0,0,0,0,0,0,0,0,0,0,0,0,,0,,,,,,,,,,,,,,,,,,,,,,,,,,,,,,,,,,,,,,,,,,,,,,,,,,,,,
884,Alb Staff Mace,290,209,0,0,0,0,0,0,0,0,0,0,0,0,0,0,0,4,1,6,0,0,0,0,0,0,0,0,0,0,0,0,0,0,0,0,0,0,0,0,0,,0,,,,,,,,,,,,,,,,,,,,,,,,,,,,,,,,,,,,,,,,,,,,,,,,,,,,,
885,Alb Duelists Dagger,291,201,0,0,0,0,0,0,0,0,0,0,0,0,0,1,0,1,0,21,0,0,0,0,0,0,0,0,0,0,0,0,0,0,0,0,0,0,0,0,0,,0,,,,,,,,,,,,,,,,,,,,,,,,,,,,,,,,,,,,,,,,,,,,,,,,,,,,,
886,Alb Duelists Rapier,292,206,0,0,0,0,0,0,0,0,0,0,0,0,0,1,0,1,0,1,0,0,0,0,0,0,0,0,0,0,0,0,0,0,0,0,0,0,0,0,0,,0,,,,,,,,,,,,,,,,,,,,,,,,,,,,,,,,,,,,,,,,,,,,,,,,,,,,,
887,Alb Parrying Dagger,293,201,0,0,0,0,0,0,0,0,0,0,0,0,0,1,0,1,0,21,0,0,0,0,0,0,0,0,0,0,0,0,0,0,0,0,0,0,0,0,0,,0,,,,,,,,,,,,,,,,,,,,,,,,,,,,,,,,,,,,,,,,,,,,,,,,,,,,,
888,Alb Parrying Rapier,294,206,0,0,0,0,0,0,0,0,0,0,0,0,0,1,0,1,0,1,0,0,0,0,0,0,0,0,0,0,0,0,0,0,0,0,0,0,0,0,0,,0,,,,,,,,,,,,,,,,,,,,,,,,,,,,,,,,,,,,,,,,,,,,,,,,,,,,,
889,Alb Highlander Dirk,295,205,0,0,0,0,0,0,0,0,0,0,0,0,0,1,0,1,0,1,0,0,0,0,0,0,0,0,0,0,0,0,0,0,0,0,0,0,0,0,0,,0,,,,,,,,,,,,,,,,,,,,,,,,,,,,,,,,,,,,,,,,,,,,,,,,,,,,,
890,Alb Assault Crossbow,296,227,0,0,0,0,0,0,0,0,0,0,0,0,0,0,0,6,1,3,0,0,0,0,0,0,0,0,0,0,0,0,0,0,0,0,0,0,0,0,0,,0,,,,,,,,,,,,,,,,,,,,,,,,,,,,,,,,,,,,,,,,,,,,,,,,,,,,,
891,Alb Brawlers Crossbow,297,227,0,0,0,0,0,0,0,0,0,0,0,0,0,0,0,6,1,3,0,0,0,0,0,0,0,0,0,0,0,0,0,0,0,0,0,0,0,0,0,,0,,,,,,,,,,,,,,,,,,,,,,,,,,,,,,,,,,,,,,,,,,,,,,,,,,,,,
892,Alb Xbo Crossbow,298,227,0,0,0,0,0,0,0,0,0,0,0,0,0,0,0,6,1,3,0,0,0,0,0,0,0,0,0,0,0,0,0,0,0,0,0,0,0,0,0,,0,,,,,,,,,,,,,,,,,,,,,,,,,,,,,,,,,,,,,,,,,,,,,,,,,,,,,
893,Alb Xbo Skinners Crossbow,299,227,0,0,0,0,0,0,0,0,0,0,0,0,0,0,0,6,1,3,0,0,0,0,0,0,0,0,0,0,0,0,0,0,0,0,0,0,0,0,0,,0,,,,,,,,,,,,,,,,,,,,,,,,,,,,,,,,,,,,,,,,,,,,,,,,,,,,,
894,Alb Xbo Steel Crossbow,300,227,0,0,0,0,0,0,0,0,0,0,0,0,0,0,0,6,1,3,0,0,0,0,0,0,0,0,0,0,0,0,0,0,0,0,0,0,0,0,0,,0,,,,,,,,,,,,,,,,,,,,,,,,,,,,,,,,,,,,,,,,,,,,,,,,,,,,,
895,Hib Elven Dagger,301,201,0,0,0,0,0,0,0,0,0,0,0,0,0,1,0,1,0,21,0,0,0,0,0,0,0,0,0,0,0,0,0,0,0,0,0,0,0,0,0,,0,,,,,,,,,,,,,,,,,,,,,,,,,,,,,,,,,,,,,,,,,,,,,,,,,,,,,
896,Hib Elven Long Sword,302,202,0,0,0,0,0,0,0,0,0,0,0,0,0,1,0,1,0,1,0,0,0,0,0,0,0,0,0,0,0,0,0,0,0,0,0,0,0,0,0,,0,,,,,,,,,,,,,,,,,,,,,,,,,,,,,,,,,,,,,,,,,,,,,,,,,,,,,
897,Hib Elven Short Sword,303,201,0,0,0,0,0,0,0,0,0,0,0,0,0,1,0,1,0,1,0,0,0,0,0,0,0,0,0,0,0,0,0,0,0,0,0,0,0,0,0,,0,,,,,,,,,,,,,,,,,,,,,,,,,,,,,,,,,,,,,,,,,,,,,,,,,,,,,
898,Hib Elven Firbolg Dagger,304,201,0,0,0,0,0,0,0,0,0,0,0,0,0,1,0,1,0,21,0,0,0,0,0,0,0,0,0,0,0,0,0,0,0,0,0,0,0,0,0,,0,,,,,,,,,,,,,,,,,,,,,,,,,,,,,,,,,,,,,,,,,,,,,,,,,,,,,
899,Hib Elven Firbolg L Sword,305,202,0,0,0,0,0,0,0,0,0,0,0,0,0,1,0,1,0,1,0,0,0,0,0,0,0,0,0,0,0,0,0,0,0,0,0,0,0,0,0,,0,,,,,,,,,,,,,,,,,,,,,,,,,,,,,,,,,,,,,,,,,,,,,,,,,,,,,
900,Hib Elven Firbolg S Sword,306,201,0,0,0,0,0,0,0,0,0,0,0,0,0,1,0,1,0,1,0,0,0,0,0,0,0,0,0,0,0,0,0,0,0,0,0,0,0,0,0,,0,,,,,,,,,,,,,,,,,,,,,,,,,,,,,,,,,,,,,,,,,,,,,,,,,,,,,
901,Hib Leaf Point Broadsword,307,202,0,0,0,0,0,0,0,0,0,0,0,0,0,1,0,1,0,1,0,0,0,0,0,0,0,0,0,0,0,0,0,0,0,0,0,0,0,0,0,,0,,,,,,,,,,,,,,,,,,,,,,,,,,,,,,,,,,,,,,,,,,,,,,,,,,,,,
902,Hib Leaf Point Dagger,308,201,0,0,0,0,0,0,0,0,0,0,0,0,0,1,0,1,0,21,0,0,0,0,0,0,0,0,0,0,0,0,0,0,0,0,0,0,0,0,0,,0,,,,,,,,,,,,,,,,,,,,,,,,,,,,,,,,,,,,,,,,,,,,,,,,,,,,,
903,Hib Leaf Short Sword,309,201,0,0,0,0,0,0,0,0,0,0,0,0,0,1,0,1,0,1,0,0,0,0,0,0,0,0,0,0,0,0,0,0,0,0,0,0,0,0,0,,0,,,,,,,,,,,,,,,,,,,,,,,,,,,,,,,,,,,,,,,,,,,,,,,,,,,,,
904,Hib 2H Hammer,310,210,0,0,0,0,0,0,0,0,0,0,0,0,0,1,0,2,2,5,0,0,0,0,0,0,0,0,0,0,0,0,0,0,0,0,0,0,0,0,0,,0,,,,,,,,,,,,,,,,,,,,,,,,,,,,,,,,,,,,,,,,,,,,,,,,,,,,,
905,Hib 2H Mace,311,212,0,0,0,0,0,0,0,0,0,0,0,0,0,1,0,2,2,5,0,0,0,0,0,0,0,0,0,0,0,0,0,0,0,0,0,0,0,0,0,,0,,,,,,,,,,,,,,,,,,,,,,,,,,,,,,,,,,,,,,,,,,,,,,,,,,,,,
906,Hib 2H Dire Club,312,212,0,0,0,0,0,0,0,0,0,0,0,0,0,1,0,2,2,6,0,0,0,0,0,0,0,0,0,0,0,0,0,0,0,0,0,0,0,0,0,,0,,,,,,,,,,,,,,,,,,,,,,,,,,,,,,,,,,,,,,,,,,,,,,,,,,,,,
907,Hib 2H Elf Great Sword,313,203,0,0,0,0,0,0,0,0,0,0,0,0,0,1,0,2,2,1,0,0,0,0,0,0,0,0,0,0,0,0,0,0,0,0,0,0,0,0,0,,0,,,,,,,,,,,,,,,,,,,,,,,,,,,,,,,,,,,,,,,,,,,,,,,,,,,,,
908,Hib 2H Firbolg Hammer,314,215,0,0,0,0,0,0,0,0,0,0,0,0,0,1,0,2,2,5,0,0,0,0,0,0,0,0,0,0,0,0,0,0,0,0,0,0,0,0,0,,0,,,,,,,,,,,,,,,,,,,,,,,,,,,,,,,,,,,,,,,,,,,,,,,,,,,,,
909,Hib 2H Firbolg Mace,315,212,0,0,0,0,0,0,0,0,0,0,0,0,0,1,0,2,2,5,0,0,0,0,0,0,0,0,0,0,0,0,0,0,0,0,0,0,0,0,0,,0,,,,,,,,,,,,,,,,,,,,,,,,,,,,,,,,,,,,,,,,,,,,,,,,,,,,,
910,Hib 2H Firbolg Troll Splitter,316,203,0,0,0,0,0,0,0,0,0,0,0,0,0,1,0,2,2,1,0,0,0,0,0,0,0,0,0,0,0,0,0,0,0,0,0,0,0,0,0,,0,,,,,,,,,,,,,,,,,,,,,,,,,,,,,,,,,,,,,,,,,,,,,,,,,,,,,
911,Hib 2H Leaf Point Sword,317,203,0,0,0,0,0,0,0,0,0,0,0,0,0,1,0,2,2,1,0,0,0,0,0,0,0,0,0,0,0,0,0,0,0,0,0,0,0,0,0,,0,,,,,,,,,,,,,,,,,,,,,,,,,,,,,,,,,,,,,,,,,,,,,,,,,,,,,
912,Hib 2H Shod Shilelagh,318,210,0,0,0,0,0,0,0,0,0,0,0,0,0,1,0,2,2,5,0,0,0,0,0,0,0,0,0,0,0,0,0,0,0,0,0,0,0,0,0,,0,,,,,,,,,,,,,,,,,,,,,,,,,,,,,,,,,,,,,,,,,,,,,,,,,,,,,
913,Hib Celtic Hammer,319,210,0,0,0,0,0,0,0,0,0,0,0,0,0,1,0,1,0,5,0,0,0,0,0,0,0,0,0,0,0,0,0,0,0,0,0,0,0,0,0,,0,,,,,,,,,,,,,,,,,,,,,,,,,,,,,,,,,,,,,,,,,,,,,,,,,,,,,
914,Hib Celtic Mace,320,212,0,0,0,0,0,0,0,0,0,0,0,0,0,1,0,1,0,5,0,0,0,0,0,0,0,0,0,0,0,0,0,0,0,0,0,0,0,0,0,,0,,,,,,,,,,,,,,,,,,,,,,,,,,,,,,,,,,,,,,,,,,,,,,,,,,,,,
915,Hib Dire Mace,321,212,0,0,0,0,0,0,0,0,0,0,0,0,0,1,0,1,0,5,0,0,0,0,0,0,0,0,0,0,0,0,0,0,0,0,0,0,0,0,0,,0,,,,,,,,,,,,,,,,,,,,,,,,,,,,,,,,,,,,,,,,,,,,,,,,,,,,,
916,Hib Firbolg Hammer,322,210,0,0,0,0,0,0,0,0,0,0,0,0,0,1,0,1,0,5,0,0,0,0,0,0,0,0,0,0,0,0,0,0,0,0,0,0,0,0,0,,0,,,,,,,,,,,,,,,,,,,,,,,,,,,,,,,,,,,,,,,,,,,,,,,,,,,,,
917,Hib Firbolg 2H Mace,323,212,0,0,0,0,0,0,0,0,0,0,0,0,0,1,0,2,0,5,0,0,0,0,0,0,0,0,0,0,0,0,0,0,0,0,0,0,0,0,0,,0,,,,,,,,,,,,,,,,,,,,,,,,,,,,,,,,,,,,,,,,,,,,,,,,,,,,,
918,Hib Brawlers Bow,324,223,0,0,0,0,0,0,0,0,0,0,0,0,0,0,0,5,1,7,0,0,0,0,0,0,0,0,0,0,0,0,0,0,0,0,0,0,0,0,0,,0,,,,,,,,,,,,,,,,,,,,,,,,,,,,,,,,,,,,,,,,,,,,,,,,,,,,,
919,Hib Celtic Great Bow,325,223,0,0,0,0,0,0,0,0,0,0,0,0,0,0,0,5,1,7,0,0,0,0,0,0,0,0,0,0,0,0,0,0,0,0,0,0,0,0,0,,0,,,,,,,,,,,,,,,,,,,,,,,,,,,,,,,,,,,,,,,,,,,,,,,,,,,,,
920,Hib Cutters Bow,326,223,0,0,0,0,0,0,0,0,0,0,0,0,0,0,0,5,1,7,0,0,0,0,0,0,0,0,0,0,0,0,0,0,0,0,0,0,0,0,0,,0,,,,,,,,,,,,,,,,,,,,,,,,,,,,,,,,,,,,,,,,,,,,,,,,,,,,,
921,Hib Elven Long Bow,327,223,0,0,0,0,0,0,0,0,0,0,0,0,0,0,0,5,1,7,0,0,0,0,0,0,0,0,0,0,0,0,0,0,0,0,0,0,0,0,0,,0,,,,,,,,,,,,,,,,,,,,,,,,,,,,,,,,,,,,,,,,,,,,,,,,,,,,,
922,Hib Elven Short Bow,328,223,0,0,0,0,0,0,0,0,0,0,0,0,0,0,0,5,1,7,0,0,0,0,0,0,0,0,0,0,0,0,0,0,0,0,0,0,0,0,0,,0,,,,,,,,,,,,,,,,,,,,,,,,,,,,,,,,,,,,,,,,,,,,,,,,,,,,,
923,Hib Lurikeen Thorn Bow,329,223,0,0,0,0,0,0,0,0,0,0,0,0,0,0,0,5,1,7,0,0,0,0,0,0,0,0,0,0,0,0,0,0,0,0,0,0,0,0,0,,0,,,,,,,,,,,,,,,,,,,,,,,,,,,,,,,,,,,,,,,,,,,,,,,,,,,,,
924,Hib Recurve Bow,330,223,0,0,0,0,0,0,0,0,0,0,0,0,0,0,0,5,1,7,0,0,0,0,0,0,0,0,0,0,0,0,0,0,0,0,0,0,0,0,0,,0,,,,,,,,,,,,,,,,,,,,,,,,,,,,,,,,,,,,,,,,,,,,,,,,,,,,,
925,Hib Recurve Long Bow,331,223,0,0,0,0,0,0,0,0,0,0,0,0,0,0,0,5,1,7,0,0,0,0,0,0,0,0,0,0,0,0,0,0,0,0,0,0,0,0,0,,0,,,,,,,,,,,,,,,,,,,,,,,,,,,,,,,,,,,,,,,,,,,,,,,,,,,,,
926,Hib Firbolg Great Scythe,332,232,0,0,0,0,0,0,0,0,0,0,0,0,0,0,0,14,0,2,0,0,0,0,0,0,0,0,0,0,0,0,0,0,0,0,0,0,0,0,0,,0,,,,,,,,,,,,,,,,,,,,,,,,,,,,,,,,,,,,,,,,,,,,,,,,,,,,,
927,Hib Firbolg Scythe,333,232,0,0,0,0,0,0,0,0,0,0,0,0,0,0,0,14,0,2,0,0,0,0,0,0,0,0,0,0,0,0,0,0,0,0,0,0,0,0,0,,0,,,,,,,,,,,,,,,,,,,,,,,,,,,,,,,,,,,,,,,,,,,,,,,,,,,,,
928,Hib Greatwar Scythe,334,232,0,0,0,0,0,0,0,0,0,0,0,0,0,0,0,14,0,2,0,0,0,0,0,0,0,0,0,0,0,0,0,0,0,0,0,0,0,0,0,,0,,,,,,,,,,,,,,,,,,,,,,,,,,,,,,,,,,,,,,,,,,,,,,,,,,,,,
929,Hib Harvest Scythe,335,232,0,0,0,0,0,0,0,0,0,0,0,0,0,0,0,14,0,2,0,0,0,0,0,0,0,0,0,0,0,0,0,0,0,0,0,0,0,0,0,,0,,,,,,,,,,,,,,,,,,,,,,,,,,,,,,,,,,,,,,,,,,,,,,,,,,,,,
930,Hib Martial Scythe,336,232,0,0,0,0,0,0,0,0,0,0,0,0,0,0,0,14,0,2,0,0,0,0,0,0,0,0,0,0,0,0,0,0,0,0,0,0,0,0,0,,0,,,,,,,,,,,,,,,,,,,,,,,,,,,,,,,,,,,,,,,,,,,,,,,,,,,,,
931,Hib Scythe,337,232,0,0,0,0,0,0,0,0,0,0,0,0,0,0,0,14,0,2,0,0,0,0,0,0,0,0,0,0,0,0,0,0,0,0,0,0,0,0,0,,0,,,,,,,,,,,,,,,,,,,,,,,,,,,,,,,,,,,,,,,,,,,,,,,,,,,,,
932,Hib War Scythe,338,232,0,0,0,0,0,0,0,0,0,0,0,0,0,0,0,14,0,2,0,0,0,0,0,0,0,0,0,0,0,0,0,0,0,0,0,0,0,0,0,,0,,,,,,,,,,,,,,,,,,,,,,,,,,,,,,,,,,,,,,,,,,,,,,,,,,,,,
933,Hib Arrowhead Spear,339,207,0,0,0,0,0,0,0,0,0,0,0,0,0,0,0,3,2,21,0,0,0,0,0,0,0,0,0,0,0,0,0,0,0,0,0,0,0,0,0,,0,,,,,,,,,,,,,,,,,,,,,,,,,,,,,,,,,,,,,,,,,,,,,,,,,,,,,
934,Hib Cruel Spear,340,207,0,0,0,0,0,0,0,0,0,0,0,0,0,0,0,3,2,21,0,0,0,0,0,0,0,0,0,0,0,0,0,0,0,0,0,0,0,0,0,,0,,,,,,,,,,,,,,,,,,,,,,,,,,,,,,,,,,,,,,,,,,,,,,,,,,,,,
935,Hib Elven Spear,341,207,0,0,0,0,0,0,0,0,0,0,0,0,0,0,0,3,2,21,0,0,0,0,0,0,0,0,0,0,0,0,0,0,0,0,0,0,0,0,0,,0,,,,,,,,,,,,,,,,,,,,,,,,,,,,,,,,,,,,,,,,,,,,,,,,,,,,,
936,Hib Firbolg Spear,342,207,0,0,0,0,0,0,0,0,0,0,0,0,0,0,0,3,2,21,0,0,0,0,0,0,0,0,0,0,0,0,0,0,0,0,0,0,0,0,0,,0,,,,,,,,,,,,,,,,,,,,,,,,,,,,,,,,,,,,,,,,,,,,,,,,,,,,,
937,Hib Harpoon,343,207,0,0,0,0,0,0,0,0,0,0,0,0,0,0,0,3,2,21,0,0,0,0,0,0,0,0,0,0,0,0,0,0,0,0,0,0,0,0,0,,0,,,,,,,,,,,,,,,,,,,,,,,,,,,,,,,,,,,,,,,,,,,,,,,,,,,,,
938,Hib Ribcatcher,344,207,0,0,0,0,0,0,0,0,0,0,0,0,0,0,0,3,2,21,0,0,0,0,0,0,0,0,0,0,0,0,0,0,0,0,0,0,0,0,0,,0,,,,,,,,,,,,,,,,,,,,,,,,,,,,,,,,,,,,,,,,,,,,,,,,,,,,,
939,Hib Twisted Spear,345,207,0,0,0,0,0,0,0,0,0,0,0,0,0,0,0,3,2,21,0,0,0,0,0,0,0,0,0,0,0,0,0,0,0,0,0,0,0,0,0,,0,,,,,,,,,,,,,,,,,,,,,,,,,,,,,,,,,,,,,,,,,,,,,,,,,,,,,
940,Hib Adze,346,215,0,0,0,0,0,0,0,0,0,0,0,0,0,1,0,1,0,1,0,0,0,0,0,0,0,0,0,0,0,0,0,0,0,0,0,0,0,0,0,,0,,,,,,,,,,,,,,,,,,,,,,,,,,,,,,,,,,,,,,,,,,,,,,,,,,,,,
941,Hib Barbed Adze,347,215,0,0,0,0,0,0,0,0,0,0,0,0,0,1,0,1,0,1,0,0,0,0,0,0,0,0,0,0,0,0,0,0,0,0,0,0,0,0,0,,0,,,,,,,,,,,,,,,,,,,,,,,,,,,,,,,,,,,,,,,,,,,,,,,,,,,,,
942,Hib Firbolg Adze,348,215,0,0,0,0,0,0,0,0,0,0,0,0,0,1,0,1,0,1,0,0,0,0,0,0,0,0,0,0,0,0,0,0,0,0,0,0,0,0,0,,0,,,,,,,,,,,,,,,,,,,,,,,,,,,,,,,,,,,,,,,,,,,,,,,,,,,,,
943,Hib Lurikeen Dagger,349,201,0,0,0,0,0,0,0,0,0,0,0,0,0,1,0,7,0,21,0,0,0,0,0,0,0,0,0,0,0,0,0,0,0,0,0,0,0,0,0,,0,,,,,,,,,,,,,,,,,,,,,,,,,,,,,,,,,,,,,,,,,,,,,,,,,,,,,
944,Hib Lurkeen Duel Dagger,350,201,0,0,0,0,0,0,0,0,0,0,0,0,0,1,0,7,0,21,0,0,0,0,0,0,0,0,0,0,0,0,0,0,0,0,0,0,0,0,0,,0,,,,,,,,,,,,,,,,,,,,,,,,,,,,,,,,,,,,,,,,,,,,,,,,,,,,,
945,Hib Lurkeen Duel Rapier,351,206,0,0,0,0,0,0,0,0,0,0,0,0,0,1,0,7,0,1,0,0,0,0,0,0,0,0,0,0,0,0,0,0,0,0,0,0,0,0,0,,0,,,,,,,,,,,,,,,,,,,,,,,,,,,,,,,,,,,,,,,,,,,,,,,,,,,,,
946,Hib Lurikeen Rapier,352,206,0,0,0,0,0,0,0,0,0,0,0,0,0,1,0,7,0,1,0,0,0,0,0,0,0,0,0,0,0,0,0,0,0,0,0,0,0,0,0,,0,,,,,,,,,,,,,,,,,,,,,,,,,,,,,,,,,,,,,,,,,,,,,,,,,,,,,
947,Hib War Adze,353,215,0,0,0,0,0,0,0,0,0,0,0,0,0,1,0,1,0,1,0,0,0,0,0,0,0,0,0,0,0,0,0,0,0,0,0,0,0,0,0,,0,,,,,,,,,,,,,,,,,,,,,,,,,,,,,,,,,,,,,,,,,,,,,,,,,,,,,
948,TrollBroadSword,354,201,0,0,0,0,0,0,0,0,0,0,0,0,0,1,0,1,0,1,0,0,0,0,0,0,0,0,0,0,0,0,0,0,0,0,0,0,0,0,0,,0,,,,,,,,,,,,,,,,,,,,,,,,,,,,,,,,,,,,,,,,,,,,,,,,,,,,,
949,TrollDagger,355,202,0,0,0,0,0,0,0,0,0,0,0,0,0,1,0,1,0,21,0,0,0,0,0,0,0,0,0,0,0,0,0,0,0,0,0,0,0,0,0,,0,,,,,,,,,,,,,,,,,,,,,,,,,,,,,,,,,,,,,,,,,,,,,,,,,,,,,
950,TrollHammer,356,210,0,0,0,0,0,0,0,0,0,0,0,0,0,1,0,1,0,5,0,0,0,0,0,0,0,0,0,0,0,0,0,0,0,0,0,0,0,0,0,,0,,,,,,,,,,,,,,,,,,,,,,,,,,,,,,,,,,,,,,,,,,,,,,,,,,,,,
951,TrollHandAxe,357,200,0,0,0,0,0,0,0,0,0,0,0,0,0,1,0,1,0,4,0,0,0,0,0,0,0,0,0,0,0,0,0,0,0,0,0,0,0,0,0,,0,,,,,,,,,,,,,,,,,,,,,,,,,,,,,,,,,,,,,,,,,,,,,,,,,,,,,
952,TrollShortSword,358,201,0,0,0,0,0,0,0,0,0,0,0,0,0,1,0,1,0,1,0,0,0,0,0,0,0,0,0,0,0,0,0,0,0,0,0,0,0,0,0,,0,,,,,,,,,,,,,,,,,,,,,,,,,,,,,,,,,,,,,,,,,,,,,,,,,,,,,
953,TrollWarAxe,359,216,0,0,0,0,0,0,0,0,0,0,0,0,0,1,0,1,0,4,0,0,0,0,0,0,0,0,0,0,0,0,0,0,0,0,0,0,0,0,0,,0,,,,,,,,,,,,,,,,,,,,,,,,,,,,,,,,,,,,,,,,,,,,,,,,,,,,,
954,TrollWarHammer,360,210,0,0,0,0,0,0,0,0,0,0,0,0,0,1,0,1,0,5,0,0,0,0,0,0,0,0,0,0,0,0,0,0,0,0,0,0,0,0,0,,0,,,,,,,,,,,,,,,,,,,,,,,,,,,,,,,,,,,,,,,,,,,,,,,,,,,,,
955,TrollGreatAxe,361,217,0,0,0,0,0,0,0,0,0,0,0,0,0,1,0,2,0,4,0,0,0,0,0,0,0,0,0,0,0,0,0,0,0,0,0,0,0,0,0,,0,,,,,,,,,,,,,,,,,,,,,,,,,,,,,,,,,,,,,,,,,,,,,,,,,,,,,
956,TrollGreatHammer,362,214,0,0,0,0,0,0,0,0,0,0,0,0,0,1,0,2,0,5,0,0,0,0,0,0,0,0,0,0,0,0,0,0,0,0,0,0,0,0,0,,0,,,,,,,,,,,,,,,,,,,,,,,,,,,,,,,,,,,,,,,,,,,,,,,,,,,,,
957,TrollGreatSword,363,203,0,0,0,0,0,0,0,0,0,0,0,0,0,1,0,2,0,1,0,0,0,0,0,0,0,0,0,0,0,0,0,0,0,0,0,0,0,0,0,,0,,,,,,,,,,,,,,,,,,,,,,,,,,,,,,,,,,,,,,,,,,,,,,,,,,,,,
958,TrollSpear,364,207,0,0,0,0,0,0,0,0,0,0,0,0,0,0,0,3,2,21,0,0,0,0,0,0,0,0,0,0,0,0,0,0,0,0,0,0,0,0,0,,0,,,,,,,,,,,,,,,,,,,,,,,,,,,,,,,,,,,,,,,,,,,,,,,,,,,,,
959,BladedClawGreave,365,233,0,0,0,0,0,0,0,0,0,0,0,0,0,0,1,13,0,1,0,0,0,0,0,0,0,0,0,0,0,0,0,0,0,0,0,0,0,0,0,,0,,,,,,,,,,,,,,,,,,,,,,,,,,,,,,,,,,,,,,,,,,,,,,,,,,,,,
960,BladedFangGreave,366,233,0,0,0,0,0,0,0,0,0,0,0,0,0,0,1,13,0,1,0,0,0,0,0,0,0,0,0,0,0,0,0,0,0,0,0,0,0,0,0,,0,,,,,,,,,,,,,,,,,,,,,,,,,,,,,,,,,,,,,,,,,,,,,,,,,,,,,
961,BladedMoonClaw,367,233,0,0,0,0,0,0,0,0,0,0,0,0,0,0,0,13,0,1,0,0,0,0,0,0,0,0,0,0,0,0,0,0,0,0,0,0,0,0,0,,0,,,,,,,,,,,,,,,,,,,,,,,,,,,,,,,,,,,,,,,,,,,,,,,,,,,,,
962,BladedMoonFang,368,233,0,0,0,0,0,0,0,0,0,0,0,0,0,0,0,13,0,1,0,0,0,0,0,0,0,0,0,0,0,0,0,0,0,0,0,0,0,0,0,,0,,,,,,,,,,,,,,,,,,,,,,,,,,,,,,,,,,,,,,,,,,,,,,,,,,,,,
963,ClawGreave,369,233,0,0,0,0,0,0,0,0,0,0,0,0,0,0,1,13,0,1,0,0,0,0,0,0,0,0,0,0,0,0,0,0,0,0,0,0,0,0,0,,0,,,,,,,,,,,,,,,,,,,,,,,,,,,,,,,,,,,,,,,,,,,,,,,,,,,,,
964,FangGreave,370,233,0,0,0,0,0,0,0,0,0,0,0,0,0,0,1,13,0,1,0,0,0,0,0,0,0,0,0,0,0,0,0,0,0,0,0,0,0,0,0,,0,,,,,,,,,,,,,,,,,,,,,,,,,,,,,,,,,,,,,,,,,,,,,,,,,,,,,
965,GreatBladedClawGreave,371,233,0,0,0,0,0,0,0,0,0,0,0,0,0,0,1,13,0,1,0,0,0,0,0,0,0,0,0,0,0,0,0,0,0,0,0,0,0,0,0,,0,,,,,,,,,,,,,,,,,,,,,,,,,,,,,,,,,,,,,,,,,,,,,,,,,,,,,
966,GreatBladedFangGreave,372,233,0,0,0,0,0,0,0,0,0,0,0,0,0,0,1,13,0,1,0,0,0,0,0,0,0,0,0,0,0,0,0,0,0,0,0,0,0,0,0,,0,,,,,,,,,,,,,,,,,,,,,,,,,,,,,,,,,,,,,,,,,,,,,,,,,,,,,
967,GreatBladedMoonClaw,373,233,0,0,0,0,0,0,0,0,0,0,0,0,0,0,0,13,0,1,0,0,0,0,0,0,0,0,0,0,0,0,0,0,0,0,0,0,0,0,0,,0,,,,,,,,,,,,,,,,,,,,,,,,,,,,,,,,,,,,,,,,,,,,,,,,,,,,,
968,GreatBladedMoonFang,374,233,0,0,0,0,0,0,0,0,0,0,0,0,0,0,0,13,0,1,0,0,0,0,0,0,0,0,0,0,0,0,0,0,0,0,0,0,0,0,0,,0,,,,,,,,,,,,,,,,,,,,,,,,,,,,,,,,,,,,,,,,,,,,,,,,,,,,,
969,GreatClawGreave,375,233,0,0,0,0,0,0,0,0,0,0,0,0,0,0,1,13,0,1,0,0,0,0,0,0,0,0,0,0,0,0,0,0,0,0,0,0,0,0,0,,0,,,,,,,,,,,,,,,,,,,,,,,,,,,,,,,,,,,,,,,,,,,,,,,,,,,,,
970,GreatFangGreave,376,233,0,0,0,0,0,0,0,0,0,0,0,0,0,0,1,13,0,1,0,0,0,0,0,0,0,0,0,0,0,0,0,0,0,0,0,0,0,0,0,,0,,,,,,,,,,,,,,,,,,,,,,,,,,,,,,,,,,,,,,,,,,,,,,,,,,,,,
971,GreatMoonClaw,377,233,0,0,0,0,0,0,0,0,0,0,0,0,0,0,0,13,0,1,0,0,0,0,0,0,0,0,0,0,0,0,0,0,0,0,0,0,0,0,0,,0,,,,,,,,,,,,,,,,,,,,,,,,,,,,,,,,,,,,,,,,,,,,,,,,,,85,,,
972,GreatMoonFang,378,233,0,0,0,0,0,0,0,0,0,0,0,0,0,0,0,13,0,1,0,0,0,0,0,0,0,0,0,0,0,0,0,0,0,0,0,0,0,0,0,,0,,,,,,,,,,,,,,,,,,,,,,,,,,,,,,,,,,,,,,,,,,,,,,,,,,,,,
973,LargeBladedClawGreave,379,233,0,0,0,0,0,0,0,0,0,0,0,0,0,0,1,13,0,1,0,0,0,0,0,0,0,0,0,0,0,0,0,0,0,0,0,0,0,0,0,,0,,,,,,,,,,,,,,,,,,,,,,,,,,,,,,,,,,,,,,,,,,,,,,,,,,,,,
974,LargeBladedFangGreave,380,233,0,0,0,0,0,0,0,0,0,0,0,0,0,0,1,13,0,1,0,0,0,0,0,0,0,0,0,0,0,0,0,0,0,0,0,0,0,0,0,,0,,,,,,,,,,,,,,,,,,,,,,,,,,,,,,,,,,,,,,,,,,,,,,,,,,,,,
975,LargeBladedMoonClaw,381,233,0,0,0,0,0,0,0,0,0,0,0,0,0,0,0,13,0,1,0,0,0,0,0,0,0,0,0,0,0,0,0,0,0,0,0,0,0,0,0,,0,,,,,,,,,,,,,,,,,,,,,,,,,,,,,,,,,,,,,,,,,,,,,,,,,,,,,
976,LargeBladedMoonFang,382,233,0,0,0,0,0,0,0,0,0,0,0,0,0,0,0,13,0,1,0,0,0,0,0,0,0,0,0,0,0,0,0,0,0,0,0,0,0,0,0,,0,,,,,,,,,,,,,,,,,,,,,,,,,,,,,,,,,,,,,,,,,,,,,,,,,,,,,
977,LargeClawGreave,383,233,0,0,0,0,0,0,0,0,0,0,0,0,0,0,1,13,0,1,0,0,0,0,0,0,0,0,0,0,0,0,0,0,0,0,0,0,0,0,0,,0,,,,,,,,,,,,,,,,,,,,,,,,,,,,,,,,,,,,,,,,,,,,,,,,,,,,,
978,LargeFangGreave,384,233,0,0,0,0,0,0,0,0,0,0,0,0,0,0,1,13,0,1,0,0,0,0,0,0,0,0,0,0,0,0,0,0,0,0,0,0,0,0,0,,0,,,,,,,,,,,,,,,,,,,,,,,,,,,,,,,,,,,,,,,,,,,,,,,,,,,,,
979,LargeMoonClaw,385,233,0,0,0,0,0,0,0,0,0,0,0,0,0,0,0,13,0,1,0,0,0,0,0,0,0,0,0,0,0,0,0,0,0,0,0,0,0,0,0,,0,,,,,,,,,,,,,,,,,,,,,,,,,,,,,,,,,,,,,,,,,,,,,,,,,,,,,
980,LargeMoonFang,386,233,0,0,0,0,0,0,0,0,0,0,0,0,0,0,0,13,0,1,0,0,0,0,0,0,0,0,0,0,0,0,0,0,0,0,0,0,0,0,0,,0,,,,,,,,,,,,,,,,,,,,,,,,,,,,,,,,,,,,,,,,,,,,,,,,,,,,,
981,MoonClaw,387,233,0,0,0,0,0,0,0,0,0,0,0,0,0,0,0,13,0,1,0,0,0,0,0,0,0,0,0,0,0,0,0,0,0,0,0,0,0,0,0,,0,,,,,,,,,,,,,,,,,,,,,,,,,,,,,,,,,,,,,,,,,,,,,,,,,,,,,
982,MoonFang,388,233,0,0,0,0,0,0,0,0,0,0,0,0,0,0,0,13,0,1,0,0,0,0,0,0,0,0,0,0,0,0,0,0,0,0,0,0,0,0,0,,0,,,,,,,,,,,,,,,,,,,,,,,,,,,,,,,,,,,,,,,,,,,,,,,,,,,,,
983,Norse Isles Cloth Vest,1,104,2054,2053,0,0,2057,0,0,0,0,0,1,1,0,0,0,0,0,0,0,0,0,0,0,0,0,0,0,0,0,0,0,0,0,0,0,0,0,0,0,,0,,,,,,,,,,,,,,,,,,,,,1,4547,4546,,,,,,1,,,1,1,,,,,,,,,,,,,,,,,,,,
984,Norse Isles Cloth Legs,1,120,0,0,0,0,0,2058,0,0,0,0,0,0,0,0,0,0,0,0,0,0,0,0,0,0,0,0,0,0,0,0,0,0,0,0,0,0,0,0,0,,0,,,,,,,,,,,,,,,,,,,,,1,,,,,4550,,,,,,,,,,,,,,,,,,,,,,,,,,,
985,Norse Isles Cloth Arms,1,110,0,0,2052,0,0,0,0,0,0,0,0,0,0,0,0,0,0,0,0,0,0,0,0,0,0,0,0,0,0,0,0,0,0,0,0,0,0,0,0,,0,,,,,,,,,,,,,,,,,,,,,1,,,4545,,,,,,,,,,,,,,,,,,,,,,,,,,,,,
986,Norse Isles Cloth Gloves,1,114,0,0,0,2056,0,0,0,0,0,0,0,0,0,0,0,0,0,0,0,0,0,0,0,0,0,0,0,0,0,0,0,0,0,0,0,0,0,0,0,,0,,,,,,,,,,,,,,,,,,,,,1,,,,4549,,,,,7,,,,,,,,,,,,,,,,,,,,,,,
987,Norse Isles Cloth Boots,1,124,0,0,0,0,0,0,2055,0,0,0,0,0,0,0,0,0,0,0,0,0,0,0,0,0,0,0,0,0,0,0,0,0,0,0,0,0,0,0,0,,0,,,,,,,,,,,,,,,,,,,,,1,,,,,,4548,,,,7,,,,,,,,,,,,,,,,,,,,,,
988,Isles Hib Scaled 1 Vest,1,106,2061,2060,0,0,2064,0,0,0,0,0,1,1,0,0,0,0,0,0,0,0,0,0,0,0,0,0,0,0,0,0,0,0,0,0,0,0,0,0,0,,0,,,,,,,,,,,,,,,,,,,,,1,4553,4552,,,,,,18,,,1,1,,,,,,,,,,,,,,,,,,,,
989,Isles Hib Scaled 1 Legs,1,122,0,0,0,0,0,2065,0,0,0,0,0,0,0,0,0,0,0,0,0,0,0,0,0,0,0,0,0,0,0,0,0,0,0,0,0,0,0,0,0,,0,,,,,,,,,,,,,,,,,,,,,1,,,,,4556,,,,,,,,,,,,,,,,,,,,,,,,,,,
990,Isles Hib Scaled 1 Arms,1,112,0,0,2059,0,0,0,0,0,0,0,0,0,0,0,0,0,0,0,0,0,0,0,0,0,0,0,0,0,0,0,0,0,0,0,0,0,0,0,0,,0,,,,,,,,,,,,,,,,,,,,,1,,,4551,,,,,,,,,,,,,,,,,,,,,,,,,,,,,
991,Isles Hib Scaled 1 Gloves,1,116,0,0,0,2063,0,0,0,0,0,0,0,0,0,0,0,0,0,0,0,0,0,0,0,0,0,0,0,0,0,0,0,0,0,0,0,0,0,0,0,,0,,,,,,,,,,,,,,,,,,,,,1,,,,4555,,,,,6,,,,,,,,,,,,,,,,,,,,,,,
992,Isles Hib Scaled 1 Boots,1,126,0,0,0,0,0,0,2062,0,0,0,0,0,0,0,0,0,0,0,0,0,0,0,0,0,0,0,0,0,0,0,0,0,0,0,0,0,0,0,0,,0,,,,,,,,,,,,,,,,,,,,,1,,,,,,4554,,,,6,,,,,,,,,,,,,,,,,,,,,,
993,Norse Isles Cloth 4 Vest,1,104,2070,2071,0,0,2067,0,0,0,0,0,1,1,0,0,0,0,0,0,0,0,0,0,0,0,0,0,0,0,0,0,0,0,0,0,0,0,0,0,0,,0,,,,,,,,,,,,,,,,,,,,,1,4560,4561,,,,,,1,,,1,1,,,,,,,,,,,,,,,,,,,,
994,Norse Isles Cloth 4 Legs,1,120,0,0,0,0,0,2066,0,0,0,0,0,0,0,0,0,0,0,0,0,0,0,0,0,0,0,0,0,0,0,0,0,0,0,0,0,0,0,0,0,,0,,,,,,,,,,,,,,,,,,,,,1,,,,,4557,,,,,,,,,,,,,,,,,,,,,,,,,,,
995,Norse Isles Cloth 4 Arms,1,110,0,0,2072,0,0,0,0,0,0,0,0,0,0,0,0,0,0,0,0,0,0,0,0,0,0,0,0,0,0,0,0,0,0,0,0,0,0,0,0,,0,,,,,,,,,,,,,,,,,,,,,1,,,4562,,,,,,,,,,,,,,,,,,,,,,,,,,,,,
996,Norse Isles Cloth 4 Gloves,1,114,0,0,0,2068,0,0,0,0,0,0,0,0,0,0,0,0,0,0,0,0,0,0,0,0,0,0,0,0,0,0,0,0,0,0,0,0,0,0,0,,0,,,,,,,,,,,,,,,,,,,,,1,,,,4558,,,,,7,,,,,,,,,,,,,,,,,,,,,,,
997,Norse Isles Cloth 4 Boots,1,124,0,0,0,0,0,0,2069,0,0,0,0,0,0,0,0,0,0,0,0,0,0,0,0,0,0,0,0,0,0,0,0,0,0,0,0,0,0,0,0,,0,,,,,,,,,,,,,,,,,,,,,1,,,,,,4559,,,,7,,,,,,,,,,,,,,,,,,,,,,
998,Norse Chain 3 Legs,1,122,0,0,0,0,0,2073,0,0,0,0,0,0,0,0,0,0,0,0,0,0,0,0,0,0,0,0,0,0,0,0,0,0,0,0,0,0,0,0,0,,0,,,,,,,,,,,,,,,,,,,,,1,,,,,4563,,,,,,,,,,,,,,,,,,,,,,,,,,,
999,Norse Chain 3 Tunic,1,106,2077,2078,0,0,2074,0,0,0,0,0,1,0,0,0,0,0,0,0,0,0,0,0,0,0,0,0,0,0,0,0,0,0,0,0,0,0,0,0,0,,0,,,,,,,,,,,,,,,,,,,,,1,4566,4567,,,,,,6,,,1,1,,,,,,,,,,,,,,,,,,,,
1000,Norse Chain 3 Gloves,1,116,0,0,0,2075,0,0,0,0,0,0,0,0,0,0,0,0,0,0,0,0,0,0,0,0,0,0,0,0,0,0,0,0,0,0,0,0,0,0,0,,0,,,,,,,,,,,,,,,,,,,,,1,,,,4564,,,,,2,,,,,,,,,,,,,,,,,,,,,,,
1001,Norse Chain 3 Boots,1,126,0,0,0,0,0,0,2076,0,0,0,0,0,0,0,0,0,0,0,0,0,0,0,0,0,0,0,0,0,0,0,0,0,0,0,0,0,0,0,0,,0,,,,,,,,,,,,,,,,,,,,,1,,,,,,4565,,,,2,,,,,,,,,,,,,,,,,,,,,,
1002,Norse Chain 3 Ar ms,1,112,0,0,2079,0,0,0,0,0,0,0,0,0,0,0,0,0,0,0,0,0,0,0,0,0,0,0,0,0,0,0,0,0,0,0,0,0,0,0,0,,0,,,,,,,,,,,,,,,,,,,,,1,,,4568,,,,,,,,,,,,,,,,,,,,,,,,,,,,,
1003,Valewalker Epic,1,118,2089,2088,2087,0,2090,0,0,0,0,0,3,3,0,0,0,0,0,0,0,0,0,0,0,0,0,0,0,0,0,0,0,0,0,0,0,0,0,0,0,,0,,,,,,,,,,,,,,,,,,,,,1,4576,4575,,,,,,16,5,5,-1,-1,,,,,,,,,,,,,,,,,,,,
1004,1 Handed Trident,152,207,0,0,0,0,0,0,0,0,0,0,0,0,0,0,0,3,2,21,0,0,0,0,0,0,0,0,0,0,0,0,0,0,0,0,0,0,0,0,0,,0,,,,,,,,,,,,,,,,,,,,,,,,,,,,,,,,,,,,,,,,,,,,,,,,,,,,,
1005,Briton Isles  Robe 1,1,118,2013,2012,2011,0,2014,0,0,0,0,0,3,3,0,0,0,0,0,0,0,0,0,0,0,0,0,0,0,0,0,0,0,0,0,0,0,0,0,0,0,,0,,,,,,,,,,,,,,,,,,,,,1,4525,4524,,,,,,16,5,5,-1,-1,,,,,,,,,,,,,,,,,,,,
1006,Briton Isles  Robe 2,1,118,2017,2016,2015,0,2018,0,0,0,0,0,3,3,0,0,0,0,0,0,0,0,0,0,0,0,0,0,0,0,0,0,0,0,0,0,0,0,0,0,0,,0,,,,,,,,,,,,,,,,,,,,,1,4527,4526,,,,,,16,5,5,-1,-1,,,,,,,,,,,,,,,,,,,,
1007,Hibernia Isles  Robe 1,1,118,2021,2020,2019,0,2022,0,0,0,0,0,3,3,0,0,0,0,0,0,0,0,0,0,0,0,0,0,0,0,0,0,0,0,0,0,0,0,0,0,0,,0,,,,,,,,,,,,,,,,,,,,,1,4529,4528,,,,,,16,5,5,-1,-1,,,,,,,,,,,,,,,,,,,,
1008,Hibernia Isles  Robe 2,1,118,2025,2024,2023,0,2026,0,0,0,0,0,3,3,0,0,0,0,0,0,0,0,0,0,0,0,0,0,0,0,0,0,0,0,0,0,0,0,0,0,0,,0,,,,,,,,,,,,,,,,,,,,,1,4531,4530,,,,,,16,5,5,-1,-1,,,,,,,,,,,,,,,,,,,,
1009,Dwarven 1H Hammer,410,210,0,0,0,0,0,0,0,0,0,0,0,0,0,1,0,1,0,5,0,0,0,0,0,0,0,0,0,0,0,0,0,0,0,0,0,0,0,0,0,,0,,,,,,,,,,,,,,,,,,,,,,,,,,,,,,,,,,,,,,,,,,,,,,,,,,,,,
1010,Dwarven 1H Hand Axe,411,200,0,0,0,0,0,0,0,0,0,0,0,0,0,1,0,1,0,4,0,0,0,0,0,0,0,0,0,0,0,0,0,0,0,0,0,0,0,0,0,,0,,,,,,,,,,,,,,,,,,,,,,,,,,,,,,,,,,,,,,,,,,,,,,,,,,,,,
1011,Dwarven 1H War Axe,412,200,0,0,0,0,0,0,0,0,0,0,0,0,0,1,0,1,0,4,0,0,0,0,0,0,0,0,0,0,0,0,0,0,0,0,0,0,0,0,0,,0,,,,,,,,,,,,,,,,,,,,,,,,,,,,,,,,,,,,,,,,,,,,,,,,,,,,,
1012,Dwarven 1H War Hammer,413,210,0,0,0,0,0,0,0,0,0,0,0,0,0,1,0,1,0,5,0,0,0,0,0,0,0,0,0,0,0,0,0,0,0,0,0,0,0,0,0,,0,,,,,,,,,,,,,,,,,,,,,,,,,,,,,,,,,,,,,,,,,,,,,,,,,,,,,
1013,Kobold Dagger,414,202,0,0,0,0,0,0,0,0,0,0,0,0,0,1,0,1,0,21,0,0,0,0,0,0,0,0,0,0,0,0,0,0,0,0,0,0,0,0,0,,0,,,,,,,,,,,,,,,,,,,,,,,,,,,,,,,,,,,,,,,,,,,,,,,,,,,,,
1014,Kobold Hand Axe,415,200,0,0,0,0,0,0,0,0,0,0,0,0,0,1,0,1,0,4,0,0,0,0,0,0,0,0,0,0,0,0,0,0,0,0,0,0,0,0,0,,0,,,,,,,,,,,,,,,,,,,,,,,,,,,,,,,,,,,,,,,,,,,,,,,,,,,,,
1015,Kobold Long Sword,416,201,0,0,0,0,0,0,0,0,0,0,0,0,0,1,0,1,0,1,0,0,0,0,0,0,0,0,0,0,0,0,0,0,0,0,0,0,0,0,0,,0,,,,,,,,,,,,,,,,,,,,,,,,,,,,,,,,,,,,,,,,,,,,,,,,,,,,,
1016,Kobold Sap,417,218,0,0,0,0,0,0,0,0,0,0,0,0,0,1,0,1,0,5,0,0,0,0,0,0,0,0,0,0,0,0,0,0,0,0,0,0,0,0,0,,0,,,,,,,,,,,,,,,,,,,,,,,,,,,,,,,,,,,,,,,,,,,,,,,,,,,,,
1017,Kobold Short Sword,418,202,0,0,0,0,0,0,0,0,0,0,0,0,0,1,0,1,0,1,0,0,0,0,0,0,0,0,0,0,0,0,0,0,0,0,0,0,0,0,0,,0,,,,,,,,,,,,,,,,,,,,,,,,,,,,,,,,,,,,,,,,,,,,,,,,,,,,,
1018,Kobold War Axe,419,200,0,0,0,0,0,0,0,0,0,0,0,0,0,1,0,1,0,4,0,0,0,0,0,0,0,0,0,0,0,0,0,0,0,0,0,0,0,0,0,,0,,,,,,,,,,,,,,,,,,,,,,,,,,,,,,,,,,,,,,,,,,,,,,,,,,85,,,
1019,Kobold War Club,420,218,0,0,0,0,0,0,0,0,0,0,0,0,0,1,0,1,0,5,0,0,0,0,0,0,0,0,0,0,0,0,0,0,0,0,0,0,0,0,0,,0,,,,,,,,,,,,,,,,,,,,,,,,,,,,,,,,,,,,,,,,,,,,,,,,1,,,,,
1020,Troll 1H Broad Sword,421,201,0,0,0,0,0,0,0,0,0,0,0,0,0,1,0,1,0,1,0,0,0,0,0,0,0,0,0,0,0,0,0,0,0,0,0,0,0,0,0,,0,,,,,,,,,,,,,,,,,,,,,,,,,,,,,,,,,,,,,,,,,,,,,,,,,,,,,
1021,Troll Dagger,422,201,0,0,0,0,0,0,0,0,0,0,0,0,0,1,0,1,0,21,0,0,0,0,0,0,0,0,0,0,0,0,0,0,0,0,0,0,0,0,0,,0,,,,,,,,,,,,,,,,,,,,,,,,,,,,,,,,,,,,,,,,,,,,,,,,,,,,,
1022,Troll 1H Hammer,423,210,0,0,0,0,0,0,0,0,0,0,0,0,0,1,0,1,0,5,0,0,0,0,0,0,0,0,0,0,0,0,0,0,0,0,0,0,0,0,0,,0,,,,,,,,,,,,,,,,,,,,,,,,,,,,,,,,,,,,,,,,,,,,,,,,,,,,,
1023,Troll Hand Axe,424,200,0,0,0,0,0,0,0,0,0,0,0,0,0,1,0,1,0,4,0,0,0,0,0,0,0,0,0,0,0,0,0,0,0,0,0,0,0,0,0,,0,,,,,,,,,,,,,,,,,,,,,,,,,,,,,,,,,,,,,,,,,,,,,,,,,,,,,
1024,Troll Short Sword,425,202,0,0,0,0,0,0,0,0,0,0,0,0,0,1,0,1,0,1,0,0,0,0,0,0,0,0,0,0,0,0,0,0,0,0,0,0,0,0,0,,0,,,,,,,,,,,,,,,,,,,,,,,,,,,,,,,,,,,,,,,,,,,,,,,,,,,,,
1025,Troll 1H War Axe,426,200,0,0,0,0,0,0,0,0,0,0,0,0,0,1,0,1,0,4,0,0,0,0,0,0,0,0,0,0,0,0,0,0,0,0,0,0,0,0,0,,0,,,,,,,,,,,,,,,,,,,,,,,,,,,,,,,,,,,,,,,,,,,,,,,,,,,,,
1026,Troll 1H War Hammer,427,210,0,0,0,0,0,0,0,0,0,0,0,0,0,1,0,1,0,5,0,0,0,0,0,0,0,0,0,0,0,0,0,0,0,0,0,0,0,0,0,,0,,,,,,,,,,,,,,,,,,,,,,,,,,,,,,,,,,,,,,,,,,,,,,,,,,85,,,
1027,Dwarven 2H Great Axe,428,217,0,0,0,0,0,0,0,0,0,0,0,0,0,1,0,2,0,4,0,0,0,0,0,0,0,0,0,0,0,0,0,0,0,0,0,0,0,0,0,,0,,,,,,,,,,,,,,,,,,,,,,,,,,,,,,,,,,,,,,,,,,,,,,,,,,,,,
1028,Dwarven Great Hammer,429,214,0,0,0,0,0,0,0,0,0,0,0,0,0,1,0,2,0,5,0,0,0,0,0,0,0,0,0,0,0,0,0,0,0,0,0,0,0,0,0,,0,,,,,,,,,,,,,,,,,,,,,,,,,,,,,,,,,,,,,,,,,,,,,,,,,,,,,
1029,Dwarven Spear,430,207,0,0,0,0,0,0,0,0,0,0,0,0,0,0,0,3,2,21,0,0,0,0,0,0,0,0,0,0,0,0,0,0,0,0,0,0,0,0,0,,0,,,,,,,,,,,,,,,,,,,,,,,,,,,,,,,,,,,,,,,,,,,,,,,,,,,,,
1030,Kobold Great Axe,431,217,0,0,0,0,0,0,0,0,0,0,0,0,0,1,0,2,0,4,0,0,0,0,0,0,0,0,0,0,0,0,0,0,0,0,0,0,0,0,0,,0,,,,,,,,,,,,,,,,,,,,,,,,,,,,,,,,,,,,,,,,,,,,,,,,,,,,,
1031,Kobold 2H Great Club,432,212,0,0,0,0,0,0,0,0,0,0,0,0,0,1,0,2,2,5,0,0,0,0,0,0,0,0,0,0,0,0,0,0,0,0,0,0,0,0,0,,0,,,,,,,,,,,,,,,,,,,,,,,,,,,,,,,,,,,,,,,,,,,,,,,,,,,,,
1032,Kobold Great Sword,433,203,0,0,0,0,0,0,0,0,0,0,0,0,0,1,0,2,0,1,0,0,0,0,0,0,0,0,0,0,0,0,0,0,0,0,0,0,0,0,0,,0,,,,,,,,,,,,,,,,,,,,,,,,,,,,,,,,,,,,,,,,,,,,,,,,,,,,,
1033,Troll Great Axe,434,217,0,0,0,0,0,0,0,0,0,0,0,0,0,1,0,2,0,4,0,0,0,0,0,0,0,0,0,0,0,0,0,0,0,0,0,0,0,0,0,,0,,,,,,,,,,,,,,,,,,,,,,,,,,,,,,,,,,,,,,,,,,,,,,,,,,,,,
1034,Troll Great Hammer,435,214,0,0,0,0,0,0,0,0,0,0,0,0,0,1,0,2,0,5,0,0,0,0,0,0,0,0,0,0,0,0,0,0,0,0,0,0,0,0,0,,0,,,,,,,,,,,,,,,,,,,,,,,,,,,,,,,,,,,,,,,,,,,,,,,,,,,,,
1035,Troll Great Sword,436,203,0,0,0,0,0,0,0,0,0,0,0,0,0,1,0,2,0,1,0,0,0,0,0,0,0,0,0,0,0,0,0,0,0,0,0,0,0,0,0,,0,,,,,,,,,,,,,,,,,,,,,,,,,,,,,,,,,,,,,,,,,,,,,,,,,,,,,
1036,Troll Spear,437,207,0,0,0,0,0,0,0,0,0,0,0,0,0,0,0,3,2,21,0,0,0,0,0,0,0,0,0,0,0,0,0,0,0,0,0,0,0,0,0,,0,,,,,,,,,,,,,,,,,,,,,,,,,,,,,,,,,,,,,,,,,,,,,,,,,,,,,
1037,Dwarven Crushing Bow,438,224,0,0,0,0,0,0,0,0,0,0,0,0,0,0,0,5,1,7,0,0,0,0,0,0,0,0,0,0,0,0,0,0,0,0,0,0,0,0,0,,0,,,,,,,,,,,,,,,,,,,,,,,,,,,,,,,,,,,,,,,,,,,,,,,,,,,,,
1038,Kobold Fang Bow,439,224,0,0,0,0,0,0,0,0,0,0,0,0,0,0,0,5,1,7,0,0,0,0,0,0,0,0,0,0,0,0,0,0,0,0,0,0,0,0,0,,0,,,,,,,,,,,,,,,,,,,,,,,,,,,,,,,,,,,,,,,,,,,,,,,,,,,,,
1039,Viking Beared Bow,440,224,0,0,0,0,0,0,0,0,0,0,0,0,0,0,0,5,1,7,0,0,0,0,0,0,0,0,0,0,0,0,0,0,0,0,0,0,0,0,0,,0,,,,,,,,,,,,,,,,,,,,,,,,,,,,,,,,,,,,,,,,,,,,,,,,,,,,,
1040,Alb  Leather Buckler,461,226,0,0,0,0,0,0,0,0,0,0,0,0,0,0,1,0,0,1,2049,0,0,1,0,0,0,0,0,0,0,0,0,0,0,0,0,0,0,0,0,,0,,,,,,,,,,,,,,,,,,,,,,,,,,,,,,,,,,,,,,,,,,,,,,,,,,,,,
1041,Alb  Metal Buckler,461,226,0,0,0,0,0,0,0,0,0,0,0,0,0,0,1,0,0,1,2050,0,0,1,0,0,0,0,0,0,0,0,0,0,0,0,0,0,0,0,0,,0,,,,,,,,,,,,,,,,,,,,,,,,,,,,,,,,,,,,,,,,,,,,,,,,,,,,,
1042,Alb  Wood Buckler,461,226,0,0,0,0,0,0,0,0,0,0,0,0,0,0,1,0,0,1,2051,0,0,1,0,0,0,0,0,0,0,0,0,0,0,0,0,0,0,0,0,,0,,,,,,,,,,,,,,,,,,,,,,,,,,,,,,,,,,,,,,,,,,,,,,,,,,,,,
1043,Mid  Leather Buckler,461,226,0,0,0,0,0,0,0,0,0,0,0,0,0,0,1,0,0,1,2049,0,0,1,0,0,0,0,0,0,0,0,0,0,0,0,0,0,0,0,0,,0,,,,,,,,,,,,,,,,,,,,,,,,,,,,,,,,,,,,,,,,,,,,,,,,,,,,,
1044,Mid  Metal Buckler,461,226,0,0,0,0,0,0,0,0,0,0,0,0,0,0,1,0,0,1,2050,0,0,1,0,0,0,0,0,0,0,0,0,0,0,0,0,0,0,0,0,,0,,,,,,,,,,,,,,,,,,,,,,,,,,,,,,,,,,,,,,,,,,,,,,,,,,,,,
1045,MId  Wood Buckler,461,226,0,0,0,0,0,0,0,0,0,0,0,0,0,0,1,0,0,1,2051,0,0,1,0,0,0,0,0,0,0,0,0,0,0,0,0,0,0,0,0,,0,,,,,,,,,,,,,,,,,,,,,,,,,,,,,,,,,,,,,,,,,,,,,,,,,,,,,
1046,Hib  Leather Buckler,461,226,0,0,0,0,0,0,0,0,0,0,0,0,0,0,1,0,0,1,2049,0,0,1,0,0,0,0,0,0,0,0,0,0,0,0,0,0,0,0,0,,0,,,,,,,,,,,,,,,,,,,,,,,,,,,,,,,,,,,,,,,,,,,,,,,,,,,,,
1047,Hib  Metal Buckler,461,226,0,0,0,0,0,0,0,0,0,0,0,0,0,0,1,0,0,1,2050,0,0,1,0,0,0,0,0,0,0,0,0,0,0,0,0,0,0,0,0,,0,,,,,,,,,,,,,,,,,,,,,,,,,,,,,,,,,,,,,,,,,,,,,,,,,,,,,
1048,Hib  Wood Buckler,461,226,0,0,0,0,0,0,0,0,0,0,0,0,0,0,1,0,0,1,2051,0,0,1,0,0,0,0,0,0,0,0,0,0,0,0,0,0,0,0,0,,0,,,,,,,,,,,,,,,,,,,,,,,,,,,,,,,,,,,,,,,,,,,,,,,,,,,,,
1049,Alb  Leather Heater,462,226,0,0,0,0,0,0,0,0,0,0,0,0,0,0,1,0,0,1,2049,0,0,1,0,0,0,0,0,0,0,0,0,0,0,0,0,0,0,0,0,,0,,,,,,,,,,,,,,,,,,,,,,,,,,,,,,,,,,,,,,,,,,,,,,,,,,,,,
1050,Alb  Metal Heater,462,226,0,0,0,0,0,0,0,0,0,0,0,0,0,0,1,0,0,1,2050,0,0,1,0,0,0,0,0,0,0,0,0,0,0,0,0,0,0,0,0,,0,,,,,,,,,,,,,,,,,,,,,,,,,,,,,,,,,,,,,,,,,,,,,,,,,,,,,
1051,Alb  Wood Heater,462,226,0,0,0,0,0,0,0,0,0,0,0,0,0,0,1,0,0,1,2051,0,0,1,0,0,0,0,0,0,0,0,0,0,0,0,0,0,0,0,0,,0,,,,,,,,,,,,,,,,,,,,,,,,,,,,,,,,,,,,,,,,,,,,,,,,,,,,,
1052,Mid  Leather Heater,462,226,0,0,0,0,0,0,0,0,0,0,0,0,0,0,1,0,0,1,2049,0,0,1,0,0,0,0,0,0,0,0,0,0,0,0,0,0,0,0,0,,0,,,,,,,,,,,,,,,,,,,,,,,,,,,,,,,,,,,,,,,,,,,,,,,,,,,,,
1053,Mid  Metal Heater,462,226,0,0,0,0,0,0,0,0,0,0,0,0,0,0,1,0,0,1,2050,0,0,1,0,0,0,0,0,0,0,0,0,0,0,0,0,0,0,0,0,,0,,,,,,,,,,,,,,,,,,,,,,,,,,,,,,,,,,,,,,,,,,,,,,,,,,,,,
1054,MId  Wood Heater,462,226,0,0,0,0,0,0,0,0,0,0,0,0,0,0,1,0,0,1,2051,0,0,1,0,0,0,0,0,0,0,0,0,0,0,0,0,0,0,0,0,,0,,,,,,,,,,,,,,,,,,,,,,,,,,,,,,,,,,,,,,,,,,,,,,,,,,,,,
1055,Hib  Leather Heater,462,226,0,0,0,0,0,0,0,0,0,0,0,0,0,0,1,0,0,1,2049,0,0,1,0,0,0,0,0,0,0,0,0,0,0,0,0,0,0,0,0,,0,,,,,,,,,,,,,,,,,,,,,,,,,,,,,,,,,,,,,,,,,,,,,,,,,,,,,
1056,Hib  Metal Heater,462,226,0,0,0,0,0,0,0,0,0,0,0,0,0,0,1,0,0,1,2050,0,0,1,0,0,0,0,0,0,0,0,0,0,0,0,0,0,0,0,0,,0,,,,,,,,,,,,,,,,,,,,,,,,,,,,,,,,,,,,,,,,,,,,,,,,,,,,,
1057,Hib  Wood Heater,462,226,0,0,0,0,0,0,0,0,0,0,0,0,0,0,1,0,0,1,2051,0,0,1,0,0,0,0,0,0,0,0,0,0,0,0,0,0,0,0,0,,0,,,,,,,,,,,,,,,,,,,,,,,,,,,,,,,,,,,,,,,,,,,,,,,,,,,,,
1058,Alb  Leather LBlock,463,226,0,0,0,0,0,0,0,0,0,0,0,0,0,0,1,0,0,1,2049,0,0,1,0,0,0,0,0,0,0,0,0,0,0,0,0,0,0,0,0,,0,,,,,,,,,,,,,,,,,,,,,,,,,,,,,,,,,,,,,,,,,,,,,,,,,,,,,
1059,Alb  Metal LBlock,463,226,0,0,0,0,0,0,0,0,0,0,0,0,0,0,1,0,0,1,2050,0,0,1,0,0,0,0,0,0,0,0,0,0,0,0,0,0,0,0,0,,0,,,,,,,,,,,,,,,,,,,,,,,,,,,,,,,,,,,,,,,,,,,,,,,,,,,,,
1060,Alb  Wood LBlock,463,226,0,0,0,0,0,0,0,0,0,0,0,0,0,0,1,0,0,1,2051,0,0,1,0,0,0,0,0,0,0,0,0,0,0,0,0,0,0,0,0,,0,,,,,,,,,,,,,,,,,,,,,,,,,,,,,,,,,,,,,,,,,,,,,,,,,,,,,
1061,Mid  Leather LBlock,463,226,0,0,0,0,0,0,0,0,0,0,0,0,0,0,1,0,0,1,2049,0,0,1,0,0,0,0,0,0,0,0,0,0,0,0,0,0,0,0,0,,0,,,,,,,,,,,,,,,,,,,,,,,,,,,,,,,,,,,,,,,,,,,,,,,,,,,,,
1062,Mid  Metal LBlock,463,226,0,0,0,0,0,0,0,0,0,0,0,0,0,0,1,0,0,1,2050,0,0,1,0,0,0,0,0,0,0,0,0,0,0,0,0,0,0,0,0,,0,,,,,,,,,,,,,,,,,,,,,,,,,,,,,,,,,,,,,,,,,,,,,,,,,,,,,
1063,MId  Wood LBlock,463,226,0,0,0,0,0,0,0,0,0,0,0,0,0,0,1,0,0,1,2051,0,0,1,0,0,0,0,0,0,0,0,0,0,0,0,0,0,0,0,0,,0,,,,,,,,,,,,,,,,,,,,,,,,,,,,,,,,,,,,,,,,,,,,,,,,,,,,,
1064,Hib  Leather LBlock,463,226,0,0,0,0,0,0,0,0,0,0,0,0,0,0,1,0,0,1,2049,0,0,1,0,0,0,0,0,0,0,0,0,0,0,0,0,0,0,0,0,,0,,,,,,,,,,,,,,,,,,,,,,,,,,,,,,,,,,,,,,,,,,,,,,,,,,,,,
1065,Hib  Metal LBlock,463,226,0,0,0,0,0,0,0,0,0,0,0,0,0,0,1,0,0,1,2050,0,0,1,0,0,0,0,0,0,0,0,0,0,0,0,0,0,0,0,0,,0,,,,,,,,,,,,,,,,,,,,,,,,,,,,,,,,,,,,,,,,,,,,,,,,,,,,,
1066,Hib  Wood LBlock,463,226,0,0,0,0,0,0,0,0,0,0,0,0,0,0,1,0,0,1,2051,0,0,1,0,0,0,0,0,0,0,0,0,0,0,0,0,0,0,0,0,,0,,,,,,,,,,,,,,,,,,,,,,,,,,,,,,,,,,,,,,,,,,,,,,,,,,,,,
1067,Alb  Leather LHeater,464,226,0,0,0,0,0,0,0,0,0,0,0,0,0,0,1,0,0,1,2049,0,0,1,0,0,0,0,0,0,0,0,0,0,0,0,0,0,0,0,0,,0,,,,,,,,,,,,,,,,,,,,,,,,,,,,,,,,,,,,,,,,,,,,,,,,,,,,,
1068,Alb  Metal LHeater,464,226,0,0,0,0,0,0,0,0,0,0,0,0,0,0,1,0,0,1,2050,0,0,1,0,0,0,0,0,0,0,0,0,0,0,0,0,0,0,0,0,,0,,,,,,,,,,,,,,,,,,,,,,,,,,,,,,,,,,,,,,,,,,,,,,,,,,,,,
1069,Alb  Wood LHeater,464,226,0,0,0,0,0,0,0,0,0,0,0,0,0,0,1,0,0,1,2051,0,0,1,0,0,0,0,0,0,0,0,0,0,0,0,0,0,0,0,0,,0,,,,,,,,,,,,,,,,,,,,,,,,,,,,,,,,,,,,,,,,,,,,,,,,,,,,,
1070,Mid  Leather LHeater,464,226,0,0,0,0,0,0,0,0,0,0,0,0,0,0,1,0,0,1,2049,0,0,1,0,0,0,0,0,0,0,0,0,0,0,0,0,0,0,0,0,,0,,,,,,,,,,,,,,,,,,,,,,,,,,,,,,,,,,,,,,,,,,,,,,,,,,,,,
1071,Mid  Metal LHeater,464,226,0,0,0,0,0,0,0,0,0,0,0,0,0,0,1,0,0,1,2050,0,0,1,0,0,0,0,0,0,0,0,0,0,0,0,0,0,0,0,0,,0,,,,,,,,,,,,,,,,,,,,,,,,,,,,,,,,,,,,,,,,,,,,,,,,,,,,,
1072,MId  Wood LHeater,464,226,0,0,0,0,0,0,0,0,0,0,0,0,0,0,1,0,0,1,2051,0,0,1,0,0,0,0,0,0,0,0,0,0,0,0,0,0,0,0,0,,0,,,,,,,,,,,,,,,,,,,,,,,,,,,,,,,,,,,,,,,,,,,,,,,,,,,,,
1073,Hib  Leather LHeater,464,226,0,0,0,0,0,0,0,0,0,0,0,0,0,0,1,0,0,1,2049,0,0,1,0,0,0,0,0,0,0,0,0,0,0,0,0,0,0,0,0,,0,,,,,,,,,,,,,,,,,,,,,,,,,,,,,,,,,,,,,,,,,,,,,,,,,,,,,
1074,Hib  Metal LHeater,464,226,0,0,0,0,0,0,0,0,0,0,0,0,0,0,1,0,0,1,2050,0,0,1,0,0,0,0,0,0,0,0,0,0,0,0,0,0,0,0,0,,0,,,,,,,,,,,,,,,,,,,,,,,,,,,,,,,,,,,,,,,,,,,,,,,,,,,,,
1075,Hib  Wood LHeater,464,226,0,0,0,0,0,0,0,0,0,0,0,0,0,0,1,0,0,1,2051,0,0,1,0,0,0,0,0,0,0,0,0,0,0,0,0,0,0,0,0,,0,,,,,,,,,,,,,,,,,,,,,,,,,,,,,,,,,,,,,,,,,,,,,,,,,,,,,
1076,Alb  Leather LRound,465,226,0,0,0,0,0,0,0,0,0,0,0,0,0,0,1,0,0,1,2049,0,0,1,0,0,0,0,0,0,0,0,0,0,0,0,0,0,0,0,0,,0,,,,,,,,,,,,,,,,,,,,,,,,,,,,,,,,,,,,,,,,,,,,,,,,,,,,,
1077,Alb  Metal LRound,465,226,0,0,0,0,0,0,0,0,0,0,0,0,0,0,1,0,0,1,2050,0,0,1,0,0,0,0,0,0,0,0,0,0,0,0,0,0,0,0,0,,0,,,,,,,,,,,,,,,,,,,,,,,,,,,,,,,,,,,,,,,,,,,,,,,,,,,,,
1078,Alb  Wood LRound,465,226,0,0,0,0,0,0,0,0,0,0,0,0,0,0,1,0,0,1,2051,0,0,1,0,0,0,0,0,0,0,0,0,0,0,0,0,0,0,0,0,,0,,,,,,,,,,,,,,,,,,,,,,,,,,,,,,,,,,,,,,,,,,,,,,,,,,,,,
1079,Mid  Leather LRound,465,226,0,0,0,0,0,0,0,0,0,0,0,0,0,0,1,0,0,1,2049,0,0,1,0,0,0,0,0,0,0,0,0,0,0,0,0,0,0,0,0,,0,,,,,,,,,,,,,,,,,,,,,,,,,,,,,,,,,,,,,,,,,,,,,,,,,,,,,
1080,Mid  Metal LRound,465,226,0,0,0,0,0,0,0,0,0,0,0,0,0,0,1,0,0,1,2050,0,0,1,0,0,0,0,0,0,0,0,0,0,0,0,0,0,0,0,0,,0,,,,,,,,,,,,,,,,,,,,,,,,,,,,,,,,,,,,,,,,,,,,,,,,,,,,,
1081,MId  Wood LRound,465,226,0,0,0,0,0,0,0,0,0,0,0,0,0,0,1,0,0,1,2051,0,0,1,0,0,0,0,0,0,0,0,0,0,0,0,0,0,0,0,0,,0,,,,,,,,,,,,,,,,,,,,,,,,,,,,,,,,,,,,,,,,,,,,,,,,,,,,,
1082,Hib  Leather LRound,465,226,0,0,0,0,0,0,0,0,0,0,0,0,0,0,1,0,0,1,2049,0,0,1,0,0,0,0,0,0,0,0,0,0,0,0,0,0,0,0,0,,0,,,,,,,,,,,,,,,,,,,,,,,,,,,,,,,,,,,,,,,,,,,,,,,,,,,,,
1083,Hib  Metal LRound,465,226,0,0,0,0,0,0,0,0,0,0,0,0,0,0,1,0,0,1,2050,0,0,1,0,0,0,0,0,0,0,0,0,0,0,0,0,0,0,0,0,,0,,,,,,,,,,,,,,,,,,,,,,,,,,,,,,,,,,,,,,,,,,,,,,,,,,,,,
1084,Hib  Wood LRound,465,226,0,0,0,0,0,0,0,0,0,0,0,0,0,0,1,0,0,1,2051,0,0,1,0,0,0,0,0,0,0,0,0,0,0,0,0,0,0,0,0,,0,,,,,,,,,,,,,,,,,,,,,,,,,,,,,,,,,,,,,,,,,,,,,,,,,,,,,
1085,Alb  Leather MBlock,466,226,0,0,0,0,0,0,0,0,0,0,0,0,0,0,1,0,0,1,2049,0,0,1,0,0,0,0,0,0,0,0,0,0,0,0,0,0,0,0,0,,0,,,,,,,,,,,,,,,,,,,,,,,,,,,,,,,,,,,,,,,,,,,,,,,,,,,,,
1086,Alb  Metal MBlock,466,226,0,0,0,0,0,0,0,0,0,0,0,0,0,0,1,0,0,1,2050,0,0,1,0,0,0,0,0,0,0,0,0,0,0,0,0,0,0,0,0,,0,,,,,,,,,,,,,,,,,,,,,,,,,,,,,,,,,,,,,,,,,,,,,,,,,,,,,
1087,Alb  Wood MBlock,466,226,0,0,0,0,0,0,0,0,0,0,0,0,0,0,1,0,0,1,2051,0,0,1,0,0,0,0,0,0,0,0,0,0,0,0,0,0,0,0,0,,0,,,,,,,,,,,,,,,,,,,,,,,,,,,,,,,,,,,,,,,,,,,,,,,,,,,,,
1088,Mid  Leather MBlock,466,226,0,0,0,0,0,0,0,0,0,0,0,0,0,0,1,0,0,1,2049,0,0,1,0,0,0,0,0,0,0,0,0,0,0,0,0,0,0,0,0,,0,,,,,,,,,,,,,,,,,,,,,,,,,,,,,,,,,,,,,,,,,,,,,,,,,,,,,
1089,Mid  Metal MBlock,466,226,0,0,0,0,0,0,0,0,0,0,0,0,0,0,1,0,0,1,2050,0,0,1,0,0,0,0,0,0,0,0,0,0,0,0,0,0,0,0,0,,0,,,,,,,,,,,,,,,,,,,,,,,,,,,,,,,,,,,,,,,,,,,,,,,,,,,,,
1090,MId  Wood MBlock,466,226,0,0,0,0,0,0,0,0,0,0,0,0,0,0,1,0,0,1,2051,0,0,1,0,0,0,0,0,0,0,0,0,0,0,0,0,0,0,0,0,,0,,,,,,,,,,,,,,,,,,,,,,,,,,,,,,,,,,,,,,,,,,,,,,,,,,,,,
1091,Hib  Leather MBlock,466,226,0,0,0,0,0,0,0,0,0,0,0,0,0,0,1,0,0,1,2049,0,0,1,0,0,0,0,0,0,0,0,0,0,0,0,0,0,0,0,0,,0,,,,,,,,,,,,,,,,,,,,,,,,,,,,,,,,,,,,,,,,,,,,,,,,,,,,,
1092,Hib  Metal MBlock,466,226,0,0,0,0,0,0,0,0,0,0,0,0,0,0,1,0,0,1,2050,0,0,1,0,0,0,0,0,0,0,0,0,0,0,0,0,0,0,0,0,,0,,,,,,,,,,,,,,,,,,,,,,,,,,,,,,,,,,,,,,,,,,,,,,,,,,,,,
1093,Hib  Wood MBlock,466,226,0,0,0,0,0,0,0,0,0,0,0,0,0,0,1,0,0,1,2051,0,0,1,0,0,0,0,0,0,0,0,0,0,0,0,0,0,0,0,0,,0,,,,,,,,,,,,,,,,,,,,,,,,,,,,,,,,,,,,,,,,,,,,,,,,,,,,,
1094,Alb  Leather MRound,467,226,0,0,0,0,0,0,0,0,0,0,0,0,0,0,1,0,0,1,2049,0,0,1,0,0,0,0,0,0,0,0,0,0,0,0,0,0,0,0,0,,0,,,,,,,,,,,,,,,,,,,,,,,,,,,,,,,,,,,,,,,,,,,,,,,,,,,,,
1095,Alb  Metal MRound,467,226,0,0,0,0,0,0,0,0,0,0,0,0,0,0,1,0,0,1,2050,0,0,1,0,0,0,0,0,0,0,0,0,0,0,0,0,0,0,0,0,,0,,,,,,,,,,,,,,,,,,,,,,,,,,,,,,,,,,,,,,,,,,,,,,,,,,,,,
1096,Alb  Wood MRound,467,226,0,0,0,0,0,0,0,0,0,0,0,0,0,0,1,0,0,1,2051,0,0,1,0,0,0,0,0,0,0,0,0,0,0,0,0,0,0,0,0,,0,,,,,,,,,,,,,,,,,,,,,,,,,,,,,,,,,,,,,,,,,,,,,,,,,,,,,
1097,Mid  Leather MRound,467,226,0,0,0,0,0,0,0,0,0,0,0,0,0,0,1,0,0,1,2049,0,0,1,0,0,0,0,0,0,0,0,0,0,0,0,0,0,0,0,0,,0,,,,,,,,,,,,,,,,,,,,,,,,,,,,,,,,,,,,,,,,,,,,,,,,,,,,,
1098,Mid  Metal MRound,467,226,0,0,0,0,0,0,0,0,0,0,0,0,0,0,1,0,0,1,2050,0,0,1,0,0,0,0,0,0,0,0,0,0,0,0,0,0,0,0,0,,0,,,,,,,,,,,,,,,,,,,,,,,,,,,,,,,,,,,,,,,,,,,,,,,,,,,,,
1099,MId  Wood MRound,467,226,0,0,0,0,0,0,0,0,0,0,0,0,0,0,1,0,0,1,2051,0,0,1,0,0,0,0,0,0,0,0,0,0,0,0,0,0,0,0,0,,0,,,,,,,,,,,,,,,,,,,,,,,,,,,,,,,,,,,,,,,,,,,,,,,,,,,,,
1100,Hib  Leather MRound,467,226,0,0,0,0,0,0,0,0,0,0,0,0,0,0,1,0,0,1,2049,0,0,1,0,0,0,0,0,0,0,0,0,0,0,0,0,0,0,0,0,,0,,,,,,,,,,,,,,,,,,,,,,,,,,,,,,,,,,,,,,,,,,,,,,,,,,,,,
1101,Hib  Metal MRound,467,226,0,0,0,0,0,0,0,0,0,0,0,0,0,0,1,0,0,1,2050,0,0,1,0,0,0,0,0,0,0,0,0,0,0,0,0,0,0,0,0,,0,,,,,,,,,,,,,,,,,,,,,,,,,,,,,,,,,,,,,,,,,,,,,,,,,,,,,
1102,Hib  Wood MRound,467,226,0,0,0,0,0,0,0,0,0,0,0,0,0,0,1,0,0,1,2051,0,0,1,0,0,0,0,0,0,0,0,0,0,0,0,0,0,0,0,0,,0,,,,,,,,,,,,,,,,,,,,,,,,,,,,,,,,,,,,,,,,,,,,,,,,,,,,,
1103,Alb Buckler Leather,468,226,0,0,0,0,0,0,0,0,0,0,0,0,0,0,1,0,0,1,2049,0,0,1,0,0,0,0,0,0,0,0,0,0,0,0,0,0,0,0,0,,0,,,,,,,,,,,,,,,,,,,,,,,,,,,,,,,,,,,,,,,,,,,,,,,,,,,,,
1104,Alb Buckler Wood,468,226,0,0,0,0,0,0,0,0,0,0,0,0,0,0,1,0,0,1,2050,0,0,1,0,0,0,0,0,0,0,0,0,0,0,0,0,0,0,0,0,,0,,,,,,,,,,,,,,,,,,,,,,,,,,,,,,,,,,,,,,,,,,,,,,,,,,,,,
1105,Alb Buckler Metal,468,226,0,0,0,0,0,0,0,0,0,0,0,0,0,0,1,0,0,1,2051,0,0,1,0,0,0,0,0,0,0,0,0,0,0,0,0,0,0,0,0,,0,,,,,,,,,,,,,,,,,,,,,,,,,,,,,,,,,,,,,,,,,,,,,,,,,,,,,
1106,Alb Great Horned Leather,469,226,0,0,0,0,0,0,0,0,0,0,0,0,0,0,1,0,0,1,2049,0,0,1,0,0,0,0,0,0,0,0,0,0,0,0,0,0,0,0,0,,0,,,,,,,,,,,,,,,,,,,,,,,,,,,,,,,,,,,,,,,,,,,,,,,,,,,,,
1107,Alb Great Horned Wood,469,226,0,0,0,0,0,0,0,0,0,0,0,0,0,0,1,0,0,1,2050,0,0,1,0,0,0,0,0,0,0,0,0,0,0,0,0,0,0,0,0,,0,,,,,,,,,,,,,,,,,,,,,,,,,,,,,,,,,,,,,,,,,,,,,,,,,,,,,
1108,Alb Great Horned Metal,469,226,0,0,0,0,0,0,0,0,0,0,0,0,0,0,1,0,0,1,2051,0,0,1,0,0,0,0,0,0,0,0,0,0,0,0,0,0,0,0,0,,0,,,,,,,,,,,,,,,,,,,,,,,,,,,,,,,,,,,,,,,,,,,,,,,,,,,,,
1109,Alb Great Kite Leather,470,226,0,0,0,0,0,0,0,0,0,0,0,0,0,0,1,0,0,1,2049,0,0,1,0,0,0,0,0,0,0,0,0,0,0,0,0,0,0,0,0,,0,,,,,,,,,,,,,,,,,,,,,,,,,,,,,,,,,,,,,,,,,,,,,,,,,,,,,
1110,Alb Great Kite Wood,470,226,0,0,0,0,0,0,0,0,0,0,0,0,0,0,1,0,0,1,2050,0,0,1,0,0,0,0,0,0,0,0,0,0,0,0,0,0,0,0,0,,0,,,,,,,,,,,,,,,,,,,,,,,,,,,,,,,,,,,,,,,,,,,,,,,,,,,,,
1111,Alb Great Kite Metal,470,226,0,0,0,0,0,0,0,0,0,0,0,0,0,0,1,0,0,1,2051,0,0,1,0,0,0,0,0,0,0,0,0,0,0,0,0,0,0,0,0,,0,,,,,,,,,,,,,,,,,,,,,,,,,,,,,,,,,,,,,,,,,,,,,,,,,,,,,
1112,Alb Horned Shield Leather,471,226,0,0,0,0,0,0,0,0,0,0,0,0,0,0,1,0,0,1,2049,0,0,1,0,0,0,0,0,0,0,0,0,0,0,0,0,0,0,0,0,,0,,,,,,,,,,,,,,,,,,,,,,,,,,,,,,,,,,,,,,,,,,,,,,,,,,,,,
1113,Alb Horned Shield Wood,471,226,0,0,0,0,0,0,0,0,0,0,0,0,0,0,1,0,0,1,2050,0,0,1,0,0,0,0,0,0,0,0,0,0,0,0,0,0,0,0,0,,0,,,,,,,,,,,,,,,,,,,,,,,,,,,,,,,,,,,,,,,,,,,,,,,,,,,,,
1114,Alb Horned Shield Metal,471,226,0,0,0,0,0,0,0,0,0,0,0,0,0,0,1,0,0,1,2051,0,0,1,0,0,0,0,0,0,0,0,0,0,0,0,0,0,0,0,0,,0,,,,,,,,,,,,,,,,,,,,,,,,,,,,,,,,,,,,,,,,,,,,,,,,,,,,,
1115,Alb Kite Shield Leather,472,226,0,0,0,0,0,0,0,0,0,0,0,0,0,0,1,0,0,1,2049,0,0,1,0,0,0,0,0,0,0,0,0,0,0,0,0,0,0,0,0,,0,,,,,,,,,,,,,,,,,,,,,,,,,,,,,,,,,,,,,,,,,,,,,,,,,,,,,
1116,Alb Kite Shield Wood,472,226,0,0,0,0,0,0,0,0,0,0,0,0,0,0,1,0,0,1,2050,0,0,1,0,0,0,0,0,0,0,0,0,0,0,0,0,0,0,0,0,,0,,,,,,,,,,,,,,,,,,,,,,,,,,,,,,,,,,,,,,,,,,,,,,,,,,,,,
1117,Alb Kite Shield Metal,472,226,0,0,0,0,0,0,0,0,0,0,0,0,0,0,1,0,0,1,2051,0,0,1,0,0,0,0,0,0,0,0,0,0,0,0,0,0,0,0,0,,0,,,,,,,,,,,,,,,,,,,,,,,,,,,,,,,,,,,,,,,,,,,,,,,,,,,,,
1118,Alb Kite Buckler Leather,473,226,0,0,0,0,0,0,0,0,0,0,0,0,0,0,1,0,0,1,2049,0,0,1,0,0,0,0,0,0,0,0,0,0,0,0,0,0,0,0,0,,0,,,,,,,,,,,,,,,,,,,,,,,,,,,,,,,,,,,,,,,,,,,,,,,,,,,,,
1119,Alb Kite Buckler Wood,473,226,0,0,0,0,0,0,0,0,0,0,0,0,0,0,1,0,0,1,2050,0,0,1,0,0,0,0,0,0,0,0,0,0,0,0,0,0,0,0,0,,0,,,,,,,,,,,,,,,,,,,,,,,,,,,,,,,,,,,,,,,,,,,,,,,,,,,,,
1120,Alb Kite Buckler Metal,473,226,0,0,0,0,0,0,0,0,0,0,0,0,0,0,1,0,0,1,2051,0,0,1,0,0,0,0,0,0,0,0,0,0,0,0,0,0,0,0,0,,0,,,,,,,,,,,,,,,,,,,,,,,,,,,,,,,,,,,,,,,,,,,,,,,,,,,,,
1121,Alb Tower Shield Leather,474,226,0,0,0,0,0,0,0,0,0,0,0,0,0,0,1,0,0,1,2049,0,0,1,0,0,0,0,0,0,0,0,0,0,0,0,0,0,0,0,0,,0,,,,,,,,,,,,,,,,,,,,,,,,,,,,,,,,,,,,,,,,,,,,,,,,,,,,,
1122,Alb Tower Shield Wood,474,226,0,0,0,0,0,0,0,0,0,0,0,0,0,0,1,0,0,1,2050,0,0,1,0,0,0,0,0,0,0,0,0,0,0,0,0,0,0,0,0,,0,,,,,,,,,,,,,,,,,,,,,,,,,,,,,,,,,,,,,,,,,,,,,,,,,,,,,
1123,Alb Tower Shield Metal,474,226,0,0,0,0,0,0,0,0,0,0,0,0,0,0,1,0,0,1,2051,0,0,1,0,0,0,0,0,0,0,0,0,0,0,0,0,0,0,0,0,,0,,,,,,,,,,,,,,,,,,,,,,,,,,,,,,,,,,,,,,,,,,,,,,,,,,,,,
1124,Mid Crescent Shield Leather,475,226,0,0,0,0,0,0,0,0,0,0,0,0,0,0,1,0,0,1,2049,0,0,1,0,0,0,0,0,0,0,0,0,0,0,0,0,0,0,0,0,,0,,,,,,,,,,,,,,,,,,,,,,,,,,,,,,,,,,,,,,,,,,,,,,,,,,,,,
1125,Mid Crescent Shield Wood,475,226,0,0,0,0,0,0,0,0,0,0,0,0,0,0,1,0,0,1,2050,0,0,1,0,0,0,0,0,0,0,0,0,0,0,0,0,0,0,0,0,,0,,,,,,,,,,,,,,,,,,,,,,,,,,,,,,,,,,,,,,,,,,,,,,,,,,,,,
1126,Mid Crescent Shield Metal,475,226,0,0,0,0,0,0,0,0,0,0,0,0,0,0,1,0,0,1,2051,0,0,1,0,0,0,0,0,0,0,0,0,0,0,0,0,0,0,0,0,,0,,,,,,,,,,,,,,,,,,,,,,,,,,,,,,,,,,,,,,,,,,,,,,,,,,,,,
1127,Mid Grave Shield Leather,476,226,0,0,0,0,0,0,0,0,0,0,0,0,0,0,1,0,0,1,2049,0,0,1,0,0,0,0,0,0,0,0,0,0,0,0,0,0,0,0,0,,0,,,,,,,,,,,,,,,,,,,,,,,,,,,,,,,,,,,,,,,,,,,,,,,,,,,,,
1128,Mid Grave Shield Wood,476,226,0,0,0,0,0,0,0,0,0,0,0,0,0,0,1,0,0,1,2050,0,0,1,0,0,0,0,0,0,0,0,0,0,0,0,0,0,0,0,0,,0,,,,,,,,,,,,,,,,,,,,,,,,,,,,,,,,,,,,,,,,,,,,,,,,,,,,,
1129,Mid Grave Shield Metal,476,226,0,0,0,0,0,0,0,0,0,0,0,0,0,0,1,0,0,1,2051,0,0,1,0,0,0,0,0,0,0,0,0,0,0,0,0,0,0,0,0,,0,,,,,,,,,,,,,,,,,,,,,,,,,,,,,,,,,,,,,,,,,,,,,,,,,,,,,
1130,Mid Grave Buckler Leather,477,226,0,0,0,0,0,0,0,0,0,0,0,0,0,0,1,0,0,1,2049,0,0,1,0,0,0,0,0,0,0,0,0,0,0,0,0,0,0,0,0,,0,,,,,,,,,,,,,,,,,,,,,,,,,,,,,,,,,,,,,,,,,,,,,,,,,,,,,
1131,Mid Grave Buckler Wood,477,226,0,0,0,0,0,0,0,0,0,0,0,0,0,0,1,0,0,1,2050,0,0,1,0,0,0,0,0,0,0,0,0,0,0,0,0,0,0,0,0,,0,,,,,,,,,,,,,,,,,,,,,,,,,,,,,,,,,,,,,,,,,,,,,,,,,,,,,
1132,Mid Grave Buckler Metal,477,226,0,0,0,0,0,0,0,0,0,0,0,0,0,0,1,0,0,1,2051,0,0,1,0,0,0,0,0,0,0,0,0,0,0,0,0,0,0,0,0,,0,,,,,,,,,,,,,,,,,,,,,,,,,,,,,,,,,,,,,,,,,,,,,,,,,,,,,
1133,Mid Great Crescent Shield Leather,478,226,0,0,0,0,0,0,0,0,0,0,0,0,0,0,1,0,0,1,2049,0,0,1,0,0,0,0,0,0,0,0,0,0,0,0,0,0,0,0,0,,0,,,,,,,,,,,,,,,,,,,,,,,,,,,,,,,,,,,,,,,,,,,,,,,,,,,,,
1134,Mid Great Crescent Shield Wood,478,226,0,0,0,0,0,0,0,0,0,0,0,0,0,0,1,0,0,1,2050,0,0,1,0,0,0,0,0,0,0,0,0,0,0,0,0,0,0,0,0,,0,,,,,,,,,,,,,,,,,,,,,,,,,,,,,,,,,,,,,,,,,,,,,,,,,,,,,
1135,Mid Great Crescent Shield Metal,478,226,0,0,0,0,0,0,0,0,0,0,0,0,0,0,1,0,0,1,2051,0,0,1,0,0,0,0,0,0,0,0,0,0,0,0,0,0,0,0,0,,0,,,,,,,,,,,,,,,,,,,,,,,,,,,,,,,,,,,,,,,,,,,,,,,,,,,,,
1136,Mid Great Grave Shield Leather,479,226,0,0,0,0,0,0,0,0,0,0,0,0,0,0,1,0,0,1,2049,0,0,1,0,0,0,0,0,0,0,0,0,0,0,0,0,0,0,0,0,,0,,,,,,,,,,,,,,,,,,,,,,,,,,,,,,,,,,,,,,,,,,,,,,,,,,,,,
1137,Mid Great Grave Shield Wood,479,226,0,0,0,0,0,0,0,0,0,0,0,0,0,0,1,0,0,1,2050,0,0,1,0,0,0,0,0,0,0,0,0,0,0,0,0,0,0,0,0,,0,,,,,,,,,,,,,,,,,,,,,,,,,,,,,,,,,,,,,,,,,,,,,,,,,,,,,
1138,Mid Great Grave Shield Metal,479,226,0,0,0,0,0,0,0,0,0,0,0,0,0,0,1,0,0,1,2051,0,0,1,0,0,0,0,0,0,0,0,0,0,0,0,0,0,0,0,0,,0,,,,,,,,,,,,,,,,,,,,,,,,,,,,,,,,,,,,,,,,,,,,,,,,,,,,,
1139,Mid Norse Buckler Shield Leather,480,226,0,0,0,0,0,0,0,0,0,0,0,0,0,0,1,0,0,1,2049,0,0,1,0,0,0,0,0,0,0,0,0,0,0,0,0,0,0,0,0,,0,,,,,,,,,,,,,,,,,,,,,,,,,,,,,,,,,,,,,,,,,,,,,,,,,,,,,
1140,Mid Norse Buckler Shield Wood,480,226,0,0,0,0,0,0,0,0,0,0,0,0,0,0,1,0,0,1,2050,0,0,1,0,0,0,0,0,0,0,0,0,0,0,0,0,0,0,0,0,,0,,,,,,,,,,,,,,,,,,,,,,,,,,,,,,,,,,,,,,,,,,,,,,,,,,,,,
1141,Mid Norse Buckler Shield Metal,480,226,0,0,0,0,0,0,0,0,0,0,0,0,0,0,1,0,0,1,2051,0,0,1,0,0,0,0,0,0,0,0,0,0,0,0,0,0,0,0,0,,0,,,,,,,,,,,,,,,,,,,,,,,,,,,,,,,,,,,,,,,,,,,,,,,,,,,,,
1142,Mid Norse Tower Shield Leather,481,226,0,0,0,0,0,0,0,0,0,0,0,0,0,0,1,0,0,1,2049,0,0,1,0,0,0,0,0,0,0,0,0,0,0,0,0,0,0,0,0,,0,,,,,,,,,,,,,,,,,,,,,,,,,,,,,,,,,,,,,,,,,,,,,,,,,,,,,
1143,Mid Norse Tower Shield Wood,481,226,0,0,0,0,0,0,0,0,0,0,0,0,0,0,1,0,0,1,2050,0,0,1,0,0,0,0,0,0,0,0,0,0,0,0,0,0,0,0,0,,0,,,,,,,,,,,,,,,,,,,,,,,,,,,,,,,,,,,,,,,,,,,,,,,,,,,,,
1144,Mid Norse Tower Shield Metal,481,226,0,0,0,0,0,0,0,0,0,0,0,0,0,0,1,0,0,1,2051,0,0,1,0,0,0,0,0,0,0,0,0,0,0,0,0,0,0,0,0,,0,,,,,,,,,,,,,,,,,,,,,,,,,,,,,,,,,,,,,,,,,,,,,,,,,,,,,
1145,Hib Celtic Shield Leather,482,226,0,0,0,0,0,0,0,0,0,0,0,0,0,0,1,0,0,1,2049,0,0,1,0,0,0,0,0,0,0,0,0,0,0,0,0,0,0,0,0,,0,,,,,,,,,,,,,,,,,,,,,,,,,,,,,,,,,,,,,,,,,,,,,,,,,,,,,
1146,Hib Celtic Shield Wood,482,226,0,0,0,0,0,0,0,0,0,0,0,0,0,0,1,0,0,1,2050,0,0,1,0,0,0,0,0,0,0,0,0,0,0,0,0,0,0,0,0,,0,,,,,,,,,,,,,,,,,,,,,,,,,,,,,,,,,,,,,,,,,,,,,,,,,,,,,
1147,Hib Celtic Shield Metal,482,226,0,0,0,0,0,0,0,0,0,0,0,0,0,0,1,0,0,1,2051,0,0,1,0,0,0,0,0,0,0,0,0,0,0,0,0,0,0,0,0,,0,,,,,,,,,,,,,,,,,,,,,,,,,,,,,,,,,,,,,,,,,,,,,,,,,,,,,
1148,Hib Celtic Buckler Leather,483,226,0,0,0,0,0,0,0,0,0,0,0,0,0,0,1,0,0,1,2049,0,0,1,0,0,0,0,0,0,0,0,0,0,0,0,0,0,0,0,0,,0,,,,,,,,,,,,,,,,,,,,,,,,,,,,,,,,,,,,,,,,,,,,,,,,,,,,,
1149,Hib Celtic Buckler Wood,483,226,0,0,0,0,0,0,0,0,0,0,0,0,0,0,1,0,0,1,2050,0,0,1,0,0,0,0,0,0,0,0,0,0,0,0,0,0,0,0,0,,0,,,,,,,,,,,,,,,,,,,,,,,,,,,,,,,,,,,,,,,,,,,,,,,,,,,,,
1150,Hib Celtic Buckler Metal,483,226,0,0,0,0,0,0,0,0,0,0,0,0,0,0,1,0,0,1,2051,0,0,1,0,0,0,0,0,0,0,0,0,0,0,0,0,0,0,0,0,,0,,,,,,,,,,,,,,,,,,,,,,,,,,,,,,,,,,,,,,,,,,,,,,,,,,,,,
1151,Hib Celtic Tower Shield Leather,484,226,0,0,0,0,0,0,0,0,0,0,0,0,0,0,1,0,0,1,2049,0,0,1,0,0,0,0,0,0,0,0,0,0,0,0,0,0,0,0,0,,0,,,,,,,,,,,,,,,,,,,,,,,,,,,,,,,,,,,,,,,,,,,,,,,,,,,,,
1152,Hib Celtic Tower Shield Wood,484,226,0,0,0,0,0,0,0,0,0,0,0,0,0,0,1,0,0,1,2050,0,0,1,0,0,0,0,0,0,0,0,0,0,0,0,0,0,0,0,0,,0,,,,,,,,,,,,,,,,,,,,,,,,,,,,,,,,,,,,,,,,,,,,,,,,,,,,,
1153,Hib Celtic Tower Shield Metal,484,226,0,0,0,0,0,0,0,0,0,0,0,0,0,0,1,0,0,1,2051,0,0,1,0,0,0,0,0,0,0,0,0,0,0,0,0,0,0,0,0,,0,,,,,,,,,,,,,,,,,,,,,,,,,,,,,,,,,,,,,,,,,,,,,,,,,,,,,
1154,Hib Great Celtic Shield Leather,485,226,0,0,0,0,0,0,0,0,0,0,0,0,0,0,1,0,0,1,2049,0,0,1,0,0,0,0,0,0,0,0,0,0,0,0,0,0,0,0,0,,0,,,,,,,,,,,,,,,,,,,,,,,,,,,,,,,,,,,,,,,,,,,,,,,,,,,,,
1155,Hib Great Celtic Shield Wood,485,226,0,0,0,0,0,0,0,0,0,0,0,0,0,0,1,0,0,1,2050,0,0,1,0,0,0,0,0,0,0,0,0,0,0,0,0,0,0,0,0,,0,,,,,,,,,,,,,,,,,,,,,,,,,,,,,,,,,,,,,,,,,,,,,,,,,,,,,
1156,Hib Great Celtic Shield Metal,485,226,0,0,0,0,0,0,0,0,0,0,0,0,0,0,1,0,0,1,2051,0,0,1,0,0,0,0,0,0,0,0,0,0,0,0,0,0,0,0,0,,0,,,,,,,,,,,,,,,,,,,,,,,,,,,,,,,,,,,,,,,,,,,,,,,,,,,,,
1157,Hib Great Leaf Shield Leather,486,226,0,0,0,0,0,0,0,0,0,0,0,0,0,0,1,0,0,1,2049,0,0,1,0,0,0,0,0,0,0,0,0,0,0,0,0,0,0,0,0,,0,,,,,,,,,,,,,,,,,,,,,,,,,,,,,,,,,,,,,,,,,,,,,,,,,,,,,
1158,Hib Great Leaf Shield Wood,486,226,0,0,0,0,0,0,0,0,0,0,0,0,0,0,1,0,0,1,2050,0,0,1,0,0,0,0,0,0,0,0,0,0,0,0,0,0,0,0,0,,0,,,,,,,,,,,,,,,,,,,,,,,,,,,,,,,,,,,,,,,,,,,,,,,,,,,,,
1159,Hib Great Leaf Shield Metal,486,226,0,0,0,0,0,0,0,0,0,0,0,0,0,0,1,0,0,1,2051,0,0,1,0,0,0,0,0,0,0,0,0,0,0,0,0,0,0,0,0,,0,,,,,,,,,,,,,,,,,,,,,,,,,,,,,,,,,,,,,,,,,,,,,,,,,,,,,
1160,Hib Leaf Point Shield Leather,487,226,0,0,0,0,0,0,0,0,0,0,0,0,0,0,1,0,0,1,2049,0,0,1,0,0,0,0,0,0,0,0,0,0,0,0,0,0,0,0,0,,0,,,,,,,,,,,,,,,,,,,,,,,,,,,,,,,,,,,,,,,,,,,,,,,,,,,,,
1161,Hib Leaf Point Shield Wood,487,226,0,0,0,0,0,0,0,0,0,0,0,0,0,0,1,0,0,1,2050,0,0,1,0,0,0,0,0,0,0,0,0,0,0,0,0,0,0,0,0,,0,,,,,,,,,,,,,,,,,,,,,,,,,,,,,,,,,,,,,,,,,,,,,,,,,,,,,
1162,Hib Leaf Point Shield Metal,487,226,0,0,0,0,0,0,0,0,0,0,0,0,0,0,1,0,0,1,2051,0,0,1,0,0,0,0,0,0,0,0,0,0,0,0,0,0,0,0,0,,0,,,,,,,,,,,,,,,,,,,,,,,,,,,,,,,,,,,,,,,,,,,,,,,,,,,,,
1163,Hib Leaf Buckler Leather,488,226,0,0,0,0,0,0,0,0,0,0,0,0,0,0,1,0,0,1,2049,0,0,1,0,0,0,0,0,0,0,0,0,0,0,0,0,0,0,0,0,,0,,,,,,,,,,,,,,,,,,,,,,,,,,,,,,,,,,,,,,,,,,,,,,,,1,,,,,
1164,Hib Leaf Buckler Wood,488,226,0,0,0,0,0,0,0,0,0,0,0,0,0,0,1,0,0,1,2050,0,0,1,0,0,0,0,0,0,0,0,0,0,0,0,0,0,0,0,0,,0,,,,,,,,,,,,,,,,,,,,,,,,,,,,,,,,,,,,,,,,,,,,,,,,,,,,,
1165,Hib Leaf Buckler Metal,488,226,0,0,0,0,0,0,0,0,0,0,0,0,0,0,1,0,0,1,2051,0,0,1,0,0,0,0,0,0,0,0,0,0,0,0,0,0,0,0,0,,0,,,,,,,,,,,,,,,,,,,,,,,,,,,,,,,,,,,,,,,,,,,,,,,,,,,,,
1166,Albion Mage Staff 01,441,209,0,0,0,0,0,0,0,0,0,0,0,0,0,0,0,4,1,6,0,0,0,0,0,0,0,0,0,0,0,0,0,0,0,0,0,0,0,0,0,,0,,,,,,,,,,,,,,,,,,,,,,,,,,,,,,,,,,,,,,,,,,,,,,,,,,,,,
1167,Albion Mage Staff 02,442,209,0,0,0,0,0,0,0,0,0,0,0,0,0,0,0,4,1,6,0,0,0,0,0,0,0,0,0,0,0,0,0,0,0,0,0,0,0,0,0,,0,,,,,,,,,,,,,,,,,,,,,,,,,,,,,,,,,,,,,,,,,,,,,,,,,,,,,
1168,Albion Mage Staff 03,443,209,0,0,0,0,0,0,0,0,0,0,0,0,0,0,0,4,1,6,0,0,0,0,0,0,0,0,0,0,0,0,0,0,0,0,0,0,0,0,0,,0,,,,,,,,,,,,,,,,,,,,,,,,,,,,,,,,,,,,,,,,,,,,,,,,,,,,,
1169,Albion Mage Staff 04,444,209,0,0,0,0,0,0,0,0,0,0,0,0,0,0,0,4,1,6,0,0,0,0,0,0,0,0,0,0,0,0,0,0,0,0,0,0,0,0,0,,0,,,,,,,,,,,,,,,,,,,,,,,,,,,,,,,,,,,,,,,,,,,,,,,,,,,,,
1170,Albion Mage Staff 05,445,209,0,0,0,0,0,0,0,0,0,0,0,0,0,0,0,4,1,6,0,0,0,0,0,0,0,0,0,0,0,0,0,0,0,0,0,0,0,0,0,,0,,,,,,,,,,,,,,,,,,,,,,,,,,,,,,,,,,,,,,,,,,,,,,,,,,,,,
1171,Necro Staff 01,446,209,0,0,0,0,0,0,0,0,0,0,0,0,0,0,0,4,1,6,0,0,0,0,0,0,0,0,0,0,0,0,0,0,0,0,0,0,0,0,0,,0,,,,,,,,,,,,,,,,,,,,,,,,,,,,,,,,,,,,,,,,,,,,,,,,,,,,,
1172,Necro Staff 02,447,209,0,0,0,0,0,0,0,0,0,0,0,0,0,0,0,4,1,6,0,0,0,0,0,0,0,0,0,0,0,0,0,0,0,0,0,0,0,0,0,,0,,,,,,,,,,,,,,,,,,,,,,,,,,,,,,,,,,,,,,,,,,,,,,,,,,,,,
1173,Hib Staff 01,448,209,0,0,0,0,0,0,0,0,0,0,0,0,0,0,0,4,1,6,0,0,0,0,0,0,0,0,0,0,0,0,0,0,0,0,0,0,0,0,0,,0,,,,,,,,,,,,,,,,,,,,,,,,,,,,,,,,,,,,,,,,,,,,,,,,,,,,,
1174,Hib Staff 02,449,209,0,0,0,0,0,0,0,0,0,0,0,0,0,0,0,4,1,6,0,0,0,0,0,0,0,0,0,0,0,0,0,0,0,0,0,0,0,0,0,,0,,,,,,,,,,,,,,,,,,,,,,,,,,,,,,,,,,,,,,,,,,,,,,,,,,,,,
1175,Hib Staff 03,450,209,0,0,0,0,0,0,0,0,0,0,0,0,0,0,0,4,1,6,0,0,0,0,0,0,0,0,0,0,0,0,0,0,0,0,0,0,0,0,0,,0,,,,,,,,,,,,,,,,,,,,,,,,,,,,,,,,,,,,,,,,,,,,,,,,,,,,,
1176,Hib Staff 04,451,209,0,0,0,0,0,0,0,0,0,0,0,0,0,0,0,4,1,6,0,0,0,0,0,0,0,0,0,0,0,0,0,0,0,0,0,0,0,0,0,,0,,,,,,,,,,,,,,,,,,,,,,,,,,,,,,,,,,,,,,,,,,,,,,,,,,,,,
1177,Hib Staff 05,452,209,0,0,0,0,0,0,0,0,0,0,0,0,0,0,0,4,1,6,0,0,0,0,0,0,0,0,0,0,0,0,0,0,0,0,0,0,0,0,0,,0,,,,,,,,,,,,,,,,,,,,,,,,,,,,,,,,,,,,,,,,,,,,,,,,,,,,,
1178,Hib Staff 06,453,209,0,0,0,0,0,0,0,0,0,0,0,0,0,0,0,4,1,6,0,0,0,0,0,0,0,0,0,0,0,0,0,0,0,0,0,0,0,0,0,,0,,,,,,,,,,,,,,,,,,,,,,,,,,,,,,,,,,,,,,,,,,,,,,,,,,,,,
1179,Hib Staff 07,454,209,0,0,0,0,0,0,0,0,0,0,0,0,0,0,0,4,1,6,0,0,0,0,0,0,0,0,0,0,0,0,0,0,0,0,0,0,0,0,0,,0,,,,,,,,,,,,,,,,,,,,,,,,,,,,,,,,,,,,,,,,,,,,,,,,,,,,,
1180,Hib Staff 08,455,209,0,0,0,0,0,0,0,0,0,0,0,0,0,0,0,4,1,6,0,0,0,0,0,0,0,0,0,0,0,0,0,0,0,0,0,0,0,0,0,,0,,,,,,,,,,,,,,,,,,,,,,,,,,,,,,,,,,,,,,,,,,,,,,,,,,,,,
1181,Hib Staff 09,456,209,0,0,0,0,0,0,0,0,0,0,0,0,0,0,0,4,1,6,0,0,0,0,0,0,0,0,0,0,0,0,0,0,0,0,0,0,0,0,0,,0,,,,,,,,,,,,,,,,,,,,,,,,,,,,,,,,,,,,,,,,,,,,,,,,,,,,,
1182,Hib Staff 10,457,209,0,0,0,0,0,0,0,0,0,0,0,0,0,0,0,4,1,6,0,0,0,0,0,0,0,0,0,0,0,0,0,0,0,0,0,0,0,0,0,,0,,,,,,,,,,,,,,,,,,,,,,,,,,,,,,,,,,,,,,,,,,,,,,,,,,,,,
1183,Hib Staff 11,458,209,0,0,0,0,0,0,0,0,0,0,0,0,0,0,0,4,1,6,0,0,0,0,0,0,0,0,0,0,0,0,0,0,0,0,0,0,0,0,0,,0,,,,,,,,,,,,,,,,,,,,,,,,,,,,,,,,,,,,,,,,,,,,,,,,,,,,,
1184,Hib Staff 12,459,209,0,0,0,0,0,0,0,0,0,0,0,0,0,0,0,4,1,6,0,0,0,0,0,0,0,0,0,0,0,0,0,0,0,0,0,0,0,0,0,,0,,,,,,,,,,,,,,,,,,,,,,,,,,,,,,,,,,,,,,,,,,,,,,,,,,,,,
1185,Hib Staff 13,460,209,0,0,0,0,0,0,0,0,0,0,0,0,0,0,0,4,1,6,0,0,0,0,0,0,0,0,0,0,0,0,0,0,0,0,0,0,0,0,0,,0,,,,,,,,,,,,,,,,,,,,,,,,,,,,,,,,,,,,,,,,,,,,,,,,,,,,,
1186,Animist Epic,1,118,2047,2046,2045,0,2048,0,0,0,0,0,3,3,0,0,0,0,0,0,0,0,0,0,0,0,0,0,0,0,0,0,0,0,0,0,0,0,0,0,0,,0,,,,,,,,,,,,,,,,,,,,,1,4544,4543,,,,,,16,5,5,-1,-1,,,,,,,,,,,,,,,,,,,,
1187,Bone Dancer Vest,1,104,2033,2032,0,0,2036,0,0,0,0,0,1,0,0,0,0,0,0,0,0,0,0,0,0,0,0,0,0,0,0,0,0,0,0,0,0,0,0,0,0,,0,,,,,,,,,,,,,,,,,,,,,1,4533,4532,,,,,,16,5,5,-1,-1,,,,,,,,,,,,,,,,,,,,
1188,Bone Dancer Legs,1,120,0,0,0,0,0,2037,0,0,0,0,0,0,0,0,0,0,0,0,0,0,0,0,0,0,0,0,0,0,0,0,0,0,0,0,0,0,0,0,0,,0,,,,,,,,,,,,,,,,,,,,,1,,,,,4536,,,,,,,,,,,,,,,,,,,,,,,,,,,
1189,Bone Dancer Arms- Using placeholder cata text,1,110,0,0,2031,0,0,0,0,0,0,0,0,0,0,0,0,0,0,0,0,0,0,0,0,0,0,0,0,0,3,0,0,0,0,0,0,0,0,0,0,,0,,,,,,,,,,,,,,,,,,,,,1,,,4537,,,,,,,,,,,,,,,,,,,,,,,,,,,,,
1190,Bone Dancer Boot,1,124,0,0,0,0,0,0,2034,0,0,0,0,0,0,0,0,0,0,0,0,0,0,0,0,0,0,0,0,0,0,0,0,0,0,0,0,0,0,0,0,,0,,,,,,,,,,,,,,,,,,,,,1,,,,,,4534,,,,1,,,,,,,,,,,,,,,,,,,,,,
1191,Bone Dancer Glove,1,114,0,0,0,2035,0,0,0,0,0,0,0,0,0,0,0,0,0,0,0,0,0,0,0,0,0,0,0,0,0,0,0,0,0,0,0,0,0,0,0,,0,,,,,,,,,,,,,,,,,,,,,1,,,,4535,,,,,1,,,,,,,,,,,,,,,,,,,,,,,
1192,Savage Epic Vest,1,163,2040,2039,0,0,2043,0,0,0,0,0,1,0,0,0,0,0,0,0,0,0,0,0,0,0,0,0,0,0,0,0,0,0,0,0,0,0,0,0,0,,0,,,,,,,,,,,,,,,,,,,,,1,4539,4538,,,,,,7,,,1,1,,,,,,,,,,,,,,,,,,,,
1193,Savage Epic Legs,1,166,0,0,0,0,0,2044,0,0,0,0,0,0,0,0,0,0,0,0,0,0,0,0,0,0,0,0,0,0,0,0,0,0,0,0,0,0,0,0,0,,0,,,,,,,,,,,,,,,,,,,,,1,,,,,4542,,,,,,,,,,,,,,,,,,,,,,,,,,,
1194,Savage Epic Arms,1,164,0,0,2038,0,0,0,0,0,0,0,0,0,0,0,0,0,0,0,0,0,0,0,0,0,0,0,0,0,0,0,0,0,0,0,0,0,0,0,0,,0,,,,,,,,,,,,,,,,,,,,,1,,,4537,,,,,,,,,,,,,,,,,,,,,,,,,,,,,
1195,Savage Epic Gloves,1,165,0,0,0,2042,0,0,0,0,0,0,0,0,0,0,0,0,0,0,0,0,0,0,0,0,0,0,0,0,0,0,0,0,0,0,0,0,0,0,0,,0,,,,,,,,,,,,,,,,,,,,,1,,,,4541,,,,,7,,,,,,,,,,,,,,,,,,,,,,,
1196,Savage Epic Boots,1,167,0,0,0,0,0,0,2041,0,0,0,0,0,0,0,0,0,0,0,0,0,0,0,0,0,0,0,0,0,0,0,0,0,0,0,0,0,0,0,0,,0,,,,,,,,,,,,,,,,,,,,,1,,,,,,4540,,,,7,,,,,,,,,,,,,,,,,,,,,,
1197,Celtic Cloth Helm 2,409,128,0,0,0,0,0,0,0,0,2030,4,0,0,0,0,0,0,0,0,2030,0,399,0,0,0,405,0,0,0,0,0,0,0,0,0,0,0,0,0,0,,0,,,,,,,,,,,,,,,,,,,,,,,,,,,,,,,,,,,1283,1282,1285,1284,1289,1288,1287,1286,1293,1292,1291,1290,,,,,,,
1198,Celtic Leather Helm 4,489,100,0,0,0,0,0,0,0,0,315,4,0,0,0,0,0,0,0,0,315,0,493,0,0,0,490,0,0,0,0,0,0,0,0,0,0,0,0,0,0,,0,,,,,,,,,,,,,,,,,,,,,,,,,,,,,,,,,,,1319,1318,1321,1320,1325,1324,1323,1322,1329,1328,1327,1326,,,,,,,
1199,Celtic Reinforced Helm 4,489,129,0,0,0,0,0,0,0,0,2028,4,0,0,0,0,0,0,0,0,2028,0,493,0,0,0,490,0,0,0,0,0,0,0,0,0,0,0,0,0,0,,0,,,,,,,,,,,,,,,,,,,,,,,,,,,,,,,,,,,1319,1318,1321,1320,1325,1324,1323,1322,1329,1328,1327,1326,,,,,,,
1200,Celtic Scale Helm 4,489,101,0,0,0,0,0,0,0,0,2027,4,0,0,0,0,0,0,0,0,2027,0,493,0,0,0,490,0,0,0,0,0,0,0,0,0,0,0,0,0,0,,0,,,,,,,,,,,,,,,,,,,,,,,,,,,,,,,,,,,1319,1318,1321,1320,1325,1324,1323,1322,1329,1328,1327,1326,,,,,,,
1201,Celtic Scale/Plate  Helm 1,409,101,0,0,0,0,0,0,0,0,352,2,0,0,0,0,0,0,0,0,352,0,400,0,0,0,406,0,0,0,0,0,0,0,0,0,0,0,0,0,0,,0,,,,,,,,,,,,,,,,,,,,,,,,,,,,,,,,,,,1283,1282,1285,1284,1289,1288,1287,1286,1293,1292,1291,1290,,,,,,,
1202,Celtic Scale/Plate  Helm 2,408,101,0,0,0,0,0,0,0,0,352,4,0,0,0,0,0,0,0,0,352,0,399,0,0,0,405,0,0,0,0,0,0,0,0,0,0,0,0,0,0,,0,,,,,,,,,,,,,,,,,,,,,,,,,,,,,,,,,,,1295,1294,1297,1296,1301,1300,1299,1298,1305,1304,1303,1302,,,,,,,
1203,Celtic Scale/Plate  Helm 3,407,101,0,0,0,0,0,0,0,0,352,4,0,0,0,0,0,0,0,0,352,0,398,0,0,0,404,0,0,0,0,0,0,0,0,0,0,0,0,0,0,,0,,,,,,,,,,,,,,,,,,,,,,,,,,,,,,,,,,,1307,1306,1309,1308,1313,1312,1311,1310,1317,1316,1315,1314,,,,,,,
1204,Celtic Scale/Plate  Helm 4,489,101,0,0,0,0,0,0,0,0,352,4,0,0,0,0,0,0,0,0,352,0,493,0,0,0,490,0,0,0,0,0,0,0,0,0,0,0,0,0,0,,0,,,,,,,,,,,,,,,,,,,,,,,,,,,,,,,,,,,1319,1318,1321,1320,1325,1324,1323,1322,1329,1328,1327,1326,,,,,,,
1205,Celtic Guard Scale Helm 1,409,101,0,0,0,0,0,0,0,0,381,2,0,0,0,0,0,0,0,0,2027,0,400,0,0,0,406,0,0,0,0,0,0,0,0,0,0,0,0,0,0,,0,,,,,,,,,,,,,,,,,,,,,,,,,,,,,,,,,,,1283,1282,1285,1284,1289,1288,1287,1286,1293,1292,1291,1290,,,,,,,
1206,Celtic Guard Scale Helm 2,408,101,0,0,0,0,0,0,0,0,381,4,0,0,0,0,0,0,0,0,2027,0,399,0,0,0,405,0,0,0,0,0,0,0,0,0,0,0,0,0,0,,0,,,,,,,,,,,,,,,,,,,,,,,,,,,,,,,,,,,1295,1294,1297,1296,1301,1300,1299,1298,1305,1304,1303,1302,,,,,,,
1207,Celtic Guard Scale Helm 3,407,101,0,0,0,0,0,0,0,0,381,4,0,0,0,0,0,0,0,0,2027,0,398,0,0,0,404,0,0,0,0,0,0,0,0,0,0,0,0,0,0,,0,,,,,,,,,,,,,,,,,,,,,,,,,,,,,,,,,,,1307,1306,1309,1308,1313,1312,1311,1310,1317,1316,1315,1314,,,,,,,
1208,Celtic Guard Scale Helm 4,489,101,0,0,0,0,0,0,0,0,381,4,0,0,0,0,0,0,0,0,2027,0,493,0,0,0,490,0,0,0,0,0,0,0,0,0,0,0,0,0,0,,0,,,,,,,,,,,,,,,,,,,,,,,,,,,,,,,,,,,1319,1318,1321,1320,1325,1324,1323,1322,1329,1328,1327,1326,,,,,,,
1209,Celtic Guard Scale/Plate Helm 1,409,101,0,0,0,0,0,0,0,0,381,2,0,0,0,0,0,0,0,0,352,0,400,0,0,0,406,0,0,0,0,0,0,0,0,0,0,0,0,0,0,,0,,,,,,,,,,,,,,,,,,,,,,,,,,,,,,,,,,,1283,1282,1285,1284,1289,1288,1287,1286,1293,1292,1291,1290,,,,,,,
1210,Celtic Guard Scale/Plate Helm 2,408,101,0,0,0,0,0,0,0,0,381,4,0,0,0,0,0,0,0,0,352,0,399,0,0,0,405,0,0,0,0,0,0,0,0,0,0,0,0,0,0,,0,,,,,,,,,,,,,,,,,,,,,,,,,,,,,,,,,,,1295,1294,1297,1296,1301,1300,1299,1298,1305,1304,1303,1302,,,,,,,
1211,Celtic Guard Scale/Plate Helm 3,407,101,0,0,0,0,0,0,0,0,381,4,0,0,0,0,0,0,0,0,352,0,398,0,0,0,404,0,0,0,0,0,0,0,0,0,0,0,0,0,0,,0,,,,,,,,,,,,,,,,,,,,,,,,,,,,,,,,,,,1307,1306,1309,1308,1313,1312,1311,1310,1317,1316,1315,1314,,,,,,,
1212,Celtic Guard Scale/Plate Helm 4,489,101,0,0,0,0,0,0,0,0,381,4,0,0,0,0,0,0,0,0,352,0,493,0,0,0,490,0,0,0,0,0,0,0,0,0,0,0,0,0,0,,0,,,,,,,,,,,,,,,,,,,,,,,,,,,,,,,,,,,1319,1318,1321,1320,1325,1324,1323,1322,1329,1328,1327,1326,,,,,,,
1213,Norse Cloth Helm 2,390,128,0,0,0,0,0,0,0,0,2030,4,0,0,0,0,0,0,0,0,352,0,396,0,0,0,393,396,0,0,0,0,0,0,0,0,0,0,0,0,0,,0,,,,,,,,,,,,,,,,,,,,,,,,,,,,,,,,,,,1132,1131,1126,1125,1130,1129,1134,1133,1136,1135,1128,1127,,,,,,,
1214,Norse Leather Helm 4,389,100,0,0,0,0,0,0,0,0,615,4,0,0,0,0,0,0,0,0,615,0,494,0,0,0,495,494,0,0,0,0,0,0,0,0,0,0,0,0,0,,0,,,,,,,,,,,,,,,,,,,,,,,,,,,,,,,,,,,1156,1155,1150,1149,1154,1153,1158,1157,1160,1159,1152,1151,,,,,,,
1215,Norse Studded Helm 4,389,129,0,0,0,0,0,0,0,0,2029,4,0,0,0,0,0,0,0,0,2029,0,494,0,0,0,495,494,0,0,0,0,0,0,0,0,0,0,0,0,0,,0,,,,,,,,,,,,,,,,,,,,,,,,,,,,,,,,,,,1156,1155,1150,1149,1154,1153,1158,1157,1160,1159,1152,1151,,,,,,,
1216,Norse Chain Helm 4,389,101,0,0,0,0,0,0,0,0,615,4,0,0,0,0,0,0,0,0,615,0,395,0,0,0,392,395,0,0,0,0,0,0,0,0,0,0,0,0,0,,0,,,,,,,,,,,,,,,,,,,,,,,,,,,,,,,,,,,1156,1155,1150,1149,1154,1153,1158,1157,1160,1159,1152,1151,,,,,,,
1217,Norse Chain/Plate 1,391,101,0,0,0,0,0,0,0,0,352,2,0,0,0,0,0,0,0,0,615,0,397,0,0,0,394,397,0,0,0,0,0,0,0,0,0,0,0,0,0,,0,,,,,,,,,,,,,,,,,,,,,,,,,,,,,,,,,,,1120,1119,1114,1113,1118,1117,1122,1121,1124,1123,1116,1115,,,,,,,
1218,Norse Chain/Plate 2,390,101,0,0,0,0,0,0,0,0,352,4,0,0,0,0,0,0,0,0,615,0,396,0,0,0,393,396,0,0,0,0,0,0,0,0,0,0,0,0,0,,0,,,,,,,,,,,,,,,,,,,,,,,,,,,,,,,,,,,1132,1131,1126,1125,1130,1129,1134,1133,1136,1135,1128,1127,,,,,,,
1219,Norse Chain/Plate 3,389,101,0,0,0,0,0,0,0,0,352,4,0,0,0,0,0,0,0,0,615,0,395,0,0,0,392,395,0,0,0,0,0,0,0,0,0,0,0,0,0,,0,,,,,,,,,,,,,,,,,,,,,,,,,,,,,,,,,,,1144,1143,1138,1137,1142,1141,1146,1145,1148,1147,1140,1139,,,,,,,
1220,Norse Chain/Plate 4,496,101,0,0,0,0,0,0,0,0,352,4,0,0,0,0,0,0,0,0,615,0,395,0,0,0,392,395,0,0,0,0,0,0,0,0,0,0,0,0,0,,0,,,,,,,,,,,,,,,,,,,,,,,,,,,,,,,,,,,1156,1155,1150,1149,1154,1153,1158,1157,1160,1159,1152,1151,,,,,,,
1221,Norse Guard Chain Helm 1,391,101,0,0,0,0,0,0,0,0,381,2,0,0,0,0,0,0,0,0,615,0,397,0,0,0,394,397,0,0,0,0,0,0,0,0,0,0,0,0,0,,0,,,,,,,,,,,,,,,,,,,,,,,,,,,,,,,,,,,1120,1119,1114,1113,1118,1117,1122,1121,1124,1123,1116,1115,,,,,,,
1222,Norse Guard Chain Helm 2,390,101,0,0,0,0,0,0,0,0,381,4,0,0,0,0,0,0,0,0,615,0,396,0,0,0,393,396,0,0,0,0,0,0,0,0,0,0,0,0,0,,0,,,,,,,,,,,,,,,,,,,,,,,,,,,,,,,,,,,1132,1131,1126,1125,1130,1129,1134,1133,1136,1135,1128,1127,,,,,,,
1223,Norse Guard Chain Helm 3,389,101,0,0,0,0,0,0,0,0,381,4,0,0,0,0,0,0,0,0,615,0,395,0,0,0,392,395,0,0,0,0,0,0,0,0,0,0,0,0,0,,0,,,,,,,,,,,,,,,,,,,,,,,,,,,,,,,,,,,1144,1143,1138,1137,1142,1141,1146,1145,1148,1147,1140,1139,,,,,,,
1224,Norse Guard Chain Helm 4,496,101,0,0,0,0,0,0,0,0,381,4,0,0,0,0,0,0,0,0,615,0,494,0,0,0,495,494,0,0,0,0,0,0,0,0,0,0,0,0,0,,0,,,,,,,,,,,,,,,,,,,,,,,,,,,,,,,,,,,1156,1155,1150,1149,1154,1153,1158,1157,1160,1159,1152,1151,,,,,,,
1225,Norse Guard Chain/Plate Helm 1,391,101,0,0,0,0,0,0,0,0,381,2,0,0,0,0,0,0,0,0,352,0,397,0,0,0,394,397,0,0,0,0,0,0,0,0,0,0,0,0,0,,0,,,,,,,,,,,,,,,,,,,,,,,,,,,,,,,,,,,1120,1119,1114,1113,1118,1117,1122,1121,1124,1123,1116,1115,,,,,,,
1226,Norse Guard Chain/Plate Helm 2,390,101,0,0,0,0,0,0,0,0,381,4,0,0,0,0,0,0,0,0,352,0,396,0,0,0,393,396,0,0,0,0,0,0,0,0,0,0,0,0,0,,0,,,,,,,,,,,,,,,,,,,,,,,,,,,,,,,,,,,1132,1131,1126,1125,1130,1129,1134,1133,1136,1135,1128,1127,,,,,,,
1227,Norse Guard Chain/Plate Helm 3,389,101,0,0,0,0,0,0,0,0,381,4,0,0,0,0,0,0,0,0,352,0,395,0,0,0,392,395,0,0,0,0,0,0,0,0,0,0,0,0,0,,0,,,,,,,,,,,,,,,,,,,,,,,,,,,,,,,,,,,1144,1143,1138,1137,1142,1141,1146,1145,1148,1147,1140,1139,,,,,,,
1228,Norse Guard Chain/Plate Helm 4,496,101,0,0,0,0,0,0,0,0,381,4,0,0,0,0,0,0,0,0,352,0,494,0,0,0,495,494,0,0,0,0,0,0,0,0,0,0,0,0,0,,0,,,,,,,,,,,,,,,,,,,,,,,,,,,,,,,,,,,1156,1155,1150,1149,1154,1153,1158,1157,1160,1159,1152,1151,,,,,,,
1229,Albion Cloth Helm 1,403,128,0,0,0,0,0,0,0,0,2030,2,0,0,0,0,0,0,0,0,2030,0,0,0,0,0,0,0,0,0,0,0,0,0,0,0,0,0,0,0,0,,0,,,,,,,,,,,,,,,,,,,,,,,,,,,,,,,,,,,1242,1246,1222,1226,1238,1259,1267,1271,1230,1234,1263,1275,,,,,,,
1230,Albion Cloth Helm 2,403,128,0,0,0,0,0,0,0,0,2030,2,0,0,0,0,0,0,0,0,2030,0,0,0,0,0,0,0,0,0,0,0,0,0,0,0,0,0,0,0,0,,0,,,,,,,,,,,,,,,,,,,,,,,,,,,,,,,,,,,1242,1246,1222,1226,1238,1259,1267,1271,1230,1234,1263,1275,,,,,,,
1231,Albion Leather Helm 3,401,100,0,0,0,0,0,0,0,0,315,4,0,0,0,0,0,0,0,0,315,0,0,0,0,0,0,0,0,0,0,0,0,0,0,0,0,0,0,0,0,,0,,,,,,,,,,,,,,,,,,,,,,,,,,,,,,,,,,,1240,1244,1220,1224,1236,1257,1265,1269,1228,1232,1261,1273,,,,,,,
1232,Albion Leather Helm 5,492,100,0,0,0,0,0,0,0,0,2030,4,0,0,0,0,0,0,0,0,315,0,0,0,0,0,0,0,0,0,0,0,0,0,0,0,0,0,0,0,0,,0,,,,,,,,,,,,,,,,,,,,,,,,,,,,,,,,,,,1239,1243,1219,1223,1235,1256,1264,1268,1227,1231,1260,1272,,,,,,,
1233,Albion Studded Helm 1,403,129,0,0,0,0,0,0,0,0,2029,2,0,0,0,0,0,0,0,0,2029,0,0,0,0,0,0,0,0,0,0,0,0,0,0,0,0,0,0,0,0,,0,,,,,,,,,,,,,,,,,,,,,,,,,,,,,,,,,,,1242,1246,1222,1226,1238,1259,1267,1271,1230,1234,1263,1275,,,,,,,
1234,Albion Studded Helm 3,401,129,0,0,0,0,0,0,0,0,2029,4,0,0,0,0,0,0,0,0,2029,0,0,0,0,0,0,0,0,0,0,0,0,0,0,0,0,0,0,0,0,,0,,,,,,,,,,,,,,,,,,,,,,,,,,,,,,,,,,,1240,1244,1220,1224,1236,1257,1265,1269,1228,1232,1261,1273,,,,,,,
1235,Albion Studded Helm 5,492,129,0,0,0,0,0,0,0,0,2029,4,0,0,0,0,0,0,0,0,2029,0,0,0,0,0,0,0,0,0,0,0,0,0,0,0,0,0,0,0,0,,0,,,,,,,,,,,,,,,,,,,,,,,,,,,,,,,,,,,1239,1243,1219,1223,1235,1256,1264,1268,1227,1231,1260,1272,,,,,,,
1236,Albion Chain Helm 3,403,101,0,0,0,0,0,0,0,0,615,2,0,0,0,0,0,0,0,0,615,0,0,0,0,0,0,0,0,0,0,0,0,0,0,0,0,0,0,0,0,,0,,,,,,,,,,,,,,,,,,,,,,,,,,,,,,,,,,,1242,1246,1222,1226,1238,1259,1267,1271,1230,1234,1263,1275,,,,,,,
1237,Albion Chain Helm 5,492,101,0,0,0,0,0,0,0,0,353,4,0,0,0,0,0,0,0,0,353,0,0,0,0,0,0,0,0,0,0,0,0,0,0,0,0,0,0,0,0,,0,,,,,,,,,,,,,,,,,,,,,,,,,,,,,,,,,,,1239,1243,1219,1223,1235,1256,1264,1268,1227,1231,1260,1272,,,,,,,
1238,Albion Plate Helm 3,401,103,0,0,0,0,0,0,0,0,352,4,0,0,0,0,0,0,0,0,352,0,0,0,0,0,0,0,0,0,0,0,0,0,0,0,0,0,0,0,0,,0,,,,,,,,,,,,,,,,,,,,,,,,,,,,,,,,,,,1240,1244,1220,1224,1236,1257,1265,1269,1228,1232,1261,1273,,,,,,,
1239,Albion Plate Helm 4,491,103,0,0,0,0,0,0,0,0,353,3,0,0,0,0,0,0,0,0,352,0,0,0,0,0,0,0,0,0,0,0,0,0,0,0,0,0,0,0,0,,0,,,,,,,,,,,,,,,,,,,,,,,,,,,,,,,,,,,1239,1243,1219,1223,1235,1256,1264,1268,1227,1231,1260,1272,352,,,,,,
1240,Albion Plate Helm 5,492,103,0,0,0,0,0,0,0,0,352,4,0,0,0,0,0,0,0,0,352,0,0,0,0,0,0,0,0,0,0,0,0,0,0,0,0,0,0,0,0,,0,,,,,,,,,,,,,,,,,,,,,,,,,,,,,,,,,,,1239,1243,1219,1223,1235,1256,1264,1268,1227,1231,1260,1272,,,,,,,
1241,Albion Guard Chain Helm 1,403,101,0,0,0,0,0,0,0,0,381,2,0,0,0,0,0,0,0,0,381,0,0,0,0,0,0,0,0,0,0,0,0,0,0,0,0,0,0,0,0,,0,,,,,,,,,,,,,,,,,,,,,,,,,,,,,,,,,,,1242,1246,1222,1226,1238,1259,1267,1271,1230,1234,1263,1275,,,,,,,
1242,Albion Guard Chain Helm 3,401,101,0,0,0,0,0,0,0,0,381,4,0,0,0,0,0,0,0,0,381,0,0,0,0,0,0,0,0,0,0,0,0,0,0,0,0,0,0,0,0,,0,,,,,,,,,,,,,,,,,,,,,,,,,,,,,,,,,,,1240,1244,1220,1224,1236,1257,1265,1269,1228,1232,1261,1273,,,,,,,
1243,Albion Guard Chain Helm 5,492,101,0,0,0,0,0,0,0,0,382,4,0,0,0,0,0,0,0,0,382,0,0,0,0,0,0,0,0,0,0,0,0,0,0,0,0,0,0,0,0,,0,,,,,,,,,,,,,,,,,,,,,,,,,,,,,,,,,,,1239,1243,1219,1223,1235,1256,1264,1268,1227,1231,1260,1272,,,,,,,
1244,Albion Guard Plate Helm 3,401,103,0,0,0,0,0,0,0,0,381,4,0,0,0,0,0,0,0,0,381,0,0,0,0,0,0,0,0,0,0,0,0,0,0,0,0,0,0,0,0,,0,,,,,,,,,,,,,,,,,,,,,,,,,,,,,,,,,,,1240,1244,1220,1224,1236,1257,1265,1269,1228,1232,1261,1273,,,,,,,
1245,Albion Guard Plate Helm 5,492,103,0,0,0,0,0,0,0,0,381,4,0,0,0,0,0,0,0,0,381,0,0,0,0,0,0,0,0,0,0,0,0,0,0,0,0,0,0,0,0,,0,,,,,,,,,,,,,,,,,,,,,,,,,,,,,,,,,,,1239,1243,1219,1223,1235,1256,1264,1268,1227,1231,1260,1272,,,,,,,
1246,Albion Chain 3 Hauberk,1,106,2082,2081,0,0,2085,0,0,0,0,0,1,0,0,0,0,0,0,0,0,0,0,0,0,0,0,0,0,0,0,0,0,0,0,0,0,0,0,0,0,,0,,,,,,,,,,,,,,,,,,,,,1,4571,4570,,,,,,6,,,1,1,,,,,,,,,,,,,,,,,,,,
1247,Albion Chain 3 Leggings,1,122,0,0,0,0,0,2086,0,0,0,0,0,0,0,0,0,0,0,0,0,0,0,0,0,0,0,0,0,0,0,0,0,0,0,0,0,0,0,0,0,,0,,,,,,,,,,,,,,,,,,,,,1,,,,,4574,,,,,,,,,,,,,,,,,,,,,,,,,,,
1248,Albion Chain 3 Arms,1,112,0,0,2080,0,0,0,0,0,0,0,0,0,0,0,0,0,0,0,0,0,0,0,0,0,0,0,0,0,0,0,0,0,0,0,0,0,0,0,0,,0,,,,,,,,,,,,,,,,,,,,,1,,,4569,,,,,,,,,,,,,,,,,,,,,,,,,,,,,
1249,Albion Chain 3 Gloves,1,116,0,0,0,2084,0,0,0,0,0,0,0,0,0,0,0,0,0,0,0,0,0,0,0,0,0,0,0,0,0,0,0,0,0,0,0,0,0,0,0,,0,,,,,,,,,,,,,,,,,,,,,1,,,,4573,,,,,2,,,,,,,,,,,,,,,,,,,,,,,
1250,Albion Chain 3 Boots,1,126,0,0,0,0,0,0,2083,0,0,0,0,0,0,0,0,0,0,0,0,0,0,0,0,0,0,0,0,0,0,0,0,0,0,0,0,0,0,0,0,,0,,,,,,,,,,,,,,,,,,,,,1,,,,,,4572,,,,2,,,,,,,,,,,,,,,,,,,,,,
1251,Albion Chain 4 Hauberk,1,106,2093,2092,0,0,2096,0,0,0,0,0,1,0,0,0,0,0,0,0,0,0,0,0,0,0,0,0,0,0,0,0,0,0,0,0,0,0,0,0,0,,0,,,,,,,,,,,,,,,,,,,,,1,4579,4578,,,,,,6,,,1,1,,,,,,,,,,,,,,,,,,,,
1252,Albion Chain 4 Leggings,1,122,0,0,0,0,0,2097,0,0,0,0,0,0,0,0,0,0,0,0,0,0,0,0,0,0,0,0,0,0,0,0,0,0,0,0,0,0,0,0,0,,0,,,,,,,,,,,,,,,,,,,,,1,,,,,4582,,,,,,,,,,,,,,,,,,,,,,,,,,,
1253,Albion Chain 4 Arms,1,112,0,0,2091,0,0,0,0,0,0,0,0,0,0,0,0,0,0,0,0,0,0,0,0,0,0,0,0,0,0,0,0,0,0,0,0,0,0,0,0,,0,,,,,,,,,,,,,,,,,,,,,1,,,4577,,,,,,,,,,,,,,,,,,,,,,,,,,,,,
1254,Albion Chain 4 Gloves,1,116,0,0,0,2095,0,0,0,0,0,0,0,0,0,0,0,0,0,0,0,0,0,0,0,0,0,0,0,0,0,0,0,0,0,0,0,0,0,0,0,,0,,,,,,,,,,,,,,,,,,,,,1,,,,4581,,,,,2,,,,,,,,,,,,,,,,,,,,,,,
1255,Albion Chain 4 Boots,1,126,0,0,0,0,0,0,2094,0,0,0,0,0,0,0,0,0,0,0,0,0,0,0,0,0,0,0,0,0,0,0,0,0,0,0,0,0,0,0,0,,0,,,,,,,,,,,,,,,,,,,,,1,,,,,,4580,,,,2,,,,,,,,,,,,,,,,,,,,,,
1256,Hib Reinforced Leather Vest,1,161,2100,2099,0,0,2103,0,0,0,0,0,1,1,0,0,0,0,0,0,0,0,0,0,0,0,0,0,0,0,0,0,0,0,0,0,0,0,0,0,0,,0,,,,,,,,,,,,,,,,,,,,,1,4585,4584,,,,,,13,,,1,1,,,,,,,,,,,,,,,,,,,,
1257,Hib Reinforced Leather Legs,1,166,0,0,0,0,0,2104,0,0,0,0,0,0,0,0,0,0,0,0,0,0,0,0,0,0,0,0,0,0,0,0,0,0,0,0,0,0,0,0,0,,0,,,,,,,,,,,,,,,,,,,,,1,,,,,4588,,,,,,,,,,,,,,,,,,,,,,,,,,,
1258,Hib Reinforced Leather Arms,1,164,0,0,2098,0,0,0,0,0,0,0,0,0,0,0,0,0,0,0,0,0,0,0,0,0,0,0,0,0,0,0,0,0,0,0,0,0,0,0,0,,0,,,,,,,,,,,,,,,,,,,,,1,,,4583,,,,,,,,,,,,,,,,,,,,,,,,,,,,,
1259,Hib Reinforced Leather Gloves,1,165,0,0,0,2102,0,0,0,0,0,0,0,0,0,0,0,0,0,0,0,0,0,0,0,0,0,0,0,0,0,0,0,0,0,0,0,0,0,0,0,,0,,,,,,,,,,,,,,,,,,,,,1,,,,4587,,,,,3,,,,,,,,,,,,,,,,,,,,,,,
1260,Hib Reinforced Leather Boots,1,167,0,0,0,0,0,0,2101,0,0,0,0,0,0,0,0,0,0,0,0,0,0,0,0,0,0,0,0,0,0,0,0,0,0,0,0,0,0,0,0,,0,,,,,,,,,,,,,,,,,,,,,1,,,,,,4586,,,,3,,,,,,,,,,,,,,,,,,,,,,
1261,Norse Chain 4 Legs,1,122,0,0,0,0,0,2105,0,0,0,0,0,0,0,0,0,0,0,0,0,0,0,0,0,0,0,0,0,0,0,0,0,0,0,0,0,0,0,0,0,,0,,,,,,,,,,,,,,,,,,,,,1,,,,,4589,,,,,,,,,,,,,,,,,,,,,,,,,,,
1262,Norse Chain 4 Tunic,1,106,2109,2110,0,0,2106,0,0,0,0,0,1,0,0,0,0,0,0,0,0,0,0,0,0,0,0,0,0,0,0,0,0,0,0,0,0,0,0,0,0,,0,,,,,,,,,,,,,,,,,,,,,1,4592,4593,,,,,,6,,,1,1,,,,,,,,,,,,,,,,,,,,
1263,Norse Chain 4 Gloves,1,116,0,0,0,2107,0,0,0,0,0,0,0,0,0,0,0,0,0,0,0,0,0,0,0,0,0,0,0,0,0,0,0,0,0,0,0,0,0,0,0,,0,,,,,,,,,,,,,,,,,,,,,1,,,,4590,,,,,2,,,,,,,,,,,,,,,,,,,,,,,
1264,Norse Chain 4 Boots,1,126,0,0,0,0,0,0,2108,0,0,0,0,0,0,0,0,0,0,0,0,0,0,0,0,0,0,0,0,0,0,0,0,0,0,0,0,0,0,0,0,,0,,,,,,,,,,,,,,,,,,,,,1,,,,,,4591,,,,2,,,,,,,,,,,,,,,,,,,,,,
1265,Norse Chain 4 Ar ms,1,112,0,0,2111,0,0,0,0,0,0,0,0,0,0,0,0,0,0,0,0,0,0,0,0,0,0,0,0,0,0,0,0,0,0,0,0,0,0,0,0,,0,,,,,,,,,,,,,,,,,,,,,1,,,4594,,,,,,,,,,,,,,,,,,,,,,,,,,,,,
1266,Necro Epic,1,118,2120,2121,2122,0,2119,0,0,0,0,0,3,3,0,0,0,0,0,0,0,0,0,0,0,0,0,0,0,0,0,0,0,0,0,0,0,0,0,0,0,,0,,,,,,,,,,,,,,,,,,,,,1,4601,4602,,,,,,16,5,5,-1,-1,,,,,,,,,,,,,,,,,,,,
1267,Reaver Vest,1,106,2116,2117,0,0,2113,,,0,0,0,1,0,0,0,0,0,0,0,0,0,0,0,0,0,0,0,0,0,0,0,0,0,0,0,0,0,0,0,0,,0,,,,,,,,,,,,,,,,,,,,,1,4598,4599,,,,,,12,,,1,1,,,,,,,,,,,,,,,,,,,,
1268,Reaver Legs,1,122,0,0,0,0,0,2112,0,0,0,0,0,0,0,0,0,0,0,0,0,0,0,0,0,0,0,0,0,0,0,0,0,0,0,0,0,0,0,0,0,,0,,,,,,,,,,,,,,,,,,,,,1,,,,,4595,,,,,,,,,,,,,,,,,,,,,,,,,,,
1269,Reaver Arms,1,112,0,0,2118,0,0,0,0,0,0,0,0,0,0,0,0,0,0,0,0,0,0,0,0,0,0,0,0,0,0,0,0,0,0,0,0,0,0,0,0,,0,,,,,,,,,,,,,,,,,,,,,1,,,4600,,,,,,,,,,,,,,,,,,,,,,,,,,,,,
1270,Reaver Boot,1,126,0,0,0,0,0,0,2115,0,0,0,0,0,0,0,0,0,0,0,0,0,0,0,0,0,0,0,0,0,0,0,0,0,0,0,0,0,0,0,0,,0,,,,,,,,,,,,,,,,,,,,,1,,,,,,4597,,,,4,,,,,,,,,,,,,,,,,,,,,,
1271,Reaver Glove,1,116,0,0,0,2114,0,0,0,0,0,0,0,0,0,0,0,0,0,0,0,0,0,0,0,0,0,0,0,0,0,0,0,0,0,0,0,0,0,0,0,,0,,,,,,,,,,,,,,,,,,,,,1,,,,4596,,,,,4,,,,,,,,,,,,,,,,,,,,,,,
1272,Alb Plate 3 (Scale) Breast,1,109,354,355,0,0,358,0,0,0,0,0,1,1,0,0,0,0,0,0,0,0,0,0,0,0,0,0,0,0,0,0,0,0,0,0,0,0,0,0,0,,0,,,,,,,,,,,,,,,,,,,,,1,4042,4043,,,,,,12,,,1,1,,,,,,,,,,,,,,,,,,,,
1273,Alb Plate 3 (Scale) Legs,1,123,0,0,0,0,0,359,0,0,0,0,0,0,0,0,0,0,0,0,0,0,0,0,0,0,0,0,0,0,0,0,0,0,0,0,0,0,0,0,0,,0,,,,,,,,,,,,,,,,,,,,,1,,,,,4046,,,,,,,,,,,,,,,,,,,,,,,,,,,
1274,Alb Plate 3 (Scale) Arms,1,113,0,0,356,0,0,0,0,0,0,0,0,0,0,0,0,0,0,0,0,0,0,0,0,0,0,0,0,0,0,0,0,0,0,0,0,0,0,0,0,,0,,,,,,,,,,,,,,,,,,,,,1,,,4044,,,,,,,,,,,,,,,,,,,,,,,,,,,,,
1275,Alb Plate 3 (Scale) Gloves,1,117,0,0,0,357,0,0,0,0,0,0,0,0,0,0,0,0,0,0,0,0,0,0,0,0,0,0,0,0,0,0,0,0,0,0,0,0,0,0,0,,0,,,,,,,,,,,,,,,,,,,,,1,,,,4045,,,,,4,,,,,,,,,,,,,,,,,,,,,,,
1276,Alb Plate 3 (Scale) Boots,1,127,0,0,0,0,0,0,360,0,0,0,0,0,0,0,0,0,0,0,0,0,0,0,0,0,0,0,0,0,0,0,0,0,0,0,0,0,0,0,0,,0,,,,,,,,,,,,,,,,,,,,,1,,,,,,4047,,,,4,,,,,,,,,,,,,,,,,,,,,,
1277,Ice Queen Ice Crown(MON ONLY),497,100,0,0,0,0,0,0,0,0,0,2,0,0,0,0,0,0,0,0,0,0,0,0,0,0,0,0,0,0,0,0,0,0,0,0,0,0,0,0,0,,0,,,,,,,,,,,,,,,,,,,,,,,,,,,,,,,,,,,,,,,,,,,,,,,,,,,,,
1278,Gandalf Hat Albion,498,587,0,0,0,0,0,0,0,0,2130,2,0,0,0,0,0,0,0,0,2130,0,0,0,0,0,0,0,0,0,0,0,0,0,0,0,0,0,0,0,0,,0,,,,,,,,,,,,,,,,,,,,,,,,,,,,,,,,,,,1369,1368,1377,1376,1373,1372,1367,1366,1375,1374,1371,1370,5007,,,,,,
1279,Gandalf Hat Hibernia,499,587,0,0,0,0,0,0,0,0,2135,2,0,0,0,0,0,0,0,0,2135,0,500,0,0,0,501,0,0,0,0,0,0,0,0,0,0,0,0,0,0,,0,,,,,,,,,,,,,,,,,,,,,,,,,,,,,,,,,,,1427,1426,1429,1428,1433,1432,1431,1430,1437,1436,1435,1434,5007,,,,,,
1280,Gandalf Hat Midgard,502,587,0,0,0,0,0,0,0,0,2140,2,0,0,0,0,0,0,0,0,2140,0,503,0,0,0,505,504,0,0,0,0,0,0,0,0,0,0,0,0,0,,0,,,,,,,,,,,,,,,,,,,,,,,,,,,,,,,,,,,1493,1492,1487,1486,1491,1490,1495,1494,1497,1496,1489,1488,5007,,,,,,
1281,Robin Hood Hat - Alb,515,582,0,0,0,0,0,0,0,0,2132,2,0,0,0,0,0,0,0,0,2132,0,0,0,0,0,0,0,0,0,0,0,0,0,0,0,0,0,0,0,0,,0,,,,,,,,,,,,,,,,,,,,,,,,,,,,,,,,,,,1381,1380,1389,1388,1385,1384,1379,1378,1387,1386,1383,1382,5008,,,,,,
1282,Robin Hood Hat - Hib,516,582,0,0,0,0,0,0,0,0,2137,2,0,0,0,0,0,0,0,0,2137,0,516,0,0,0,517,516,0,0,0,0,0,0,0,0,0,0,0,0,0,,0,,,,,,,,,,,,,,,,,,,,,,,,,,,,,,,,,,,1439,1438,1441,1440,1445,1444,1443,1442,1449,1448,1447,1446,5008,,,,,,
1283,Fur Cap Mid,518,588,0,0,0,0,0,0,0,0,2142,2,0,0,0,0,0,0,0,0,2142,0,518,0,0,0,520,519,0,0,0,0,0,0,0,0,0,0,0,0,0,,0,,,,,,,,,,,,,,,,,,,,,,,,,,,,,,,,,,,1505,1504,1499,1498,1503,1502,1507,1506,1509,1508,1501,1500,5014,,,,,,
1284,Alb- Tarboosh,521,589,0,0,0,0,0,0,0,0,2133,2,0,0,0,0,0,0,0,0,2133,0,0,0,0,0,0,0,0,0,0,0,0,0,0,0,0,0,0,0,0,,0,,,,,,,,,,,,,,,,,,,,,,,,,,,,,,,,,,,1393,1392,1401,1400,1397,1396,1391,1390,1399,1398,1395,1394,5009,,,,,,
1285,Hib Leaf Hat,522,583,0,0,0,0,0,0,0,0,2138,1,0,0,0,0,0,0,0,0,2138,0,523,0,0,0,524,0,0,0,0,0,0,0,0,0,0,0,0,0,0,,0,,,,,,,,,,,,,,,,,,,,,,,,,,,,,,,,,,,1451,1450,1453,1452,1457,1456,1455,1454,1461,1460,1459,1458,5011,,,,,,
1286,Mid Wing Hat,527,584,0,0,0,0,0,0,0,0,2143,2,0,0,0,0,0,0,0,0,2143,0,527,0,0,0,525,526,0,0,0,0,0,0,0,0,0,0,0,0,0,,0,,,,,,,,,,,,,,,,,,,,,,,,,,,,,,,,,,,1517,1516,1511,1510,1515,1514,1519,1518,1521,1520,1513,1512,5015,,,,,,
1287,Alb Jester Hat,528,585,0,0,0,0,0,0,0,0,2134,2,0,0,0,0,0,0,0,0,2134,0,0,0,0,0,0,0,0,0,0,0,0,0,0,0,0,0,0,0,0,,0,,,,,,,,,,,,,,,,,,,,,,,,,,,,,,,,,,,1405,1404,1413,1412,1409,1408,1403,1402,1411,1410,1407,1406,5010,,,,,,
1288,Hib Stag Helm,529,586,0,0,0,0,0,0,0,0,2139,2,0,0,0,0,0,0,0,0,2134,0,530,0,0,0,531,0,0,0,0,0,0,0,0,0,0,0,0,0,0,,0,,,,,,,,,,,,,,,,,,,,,,,,,,,,,,,,,,,1463,1462,1465,1464,1469,1468,1467,1466,1473,1472,1471,1470,5012,,,,,,
1289,Mid Wolf Helm,535,590,0,0,0,0,0,0,0,0,2144,2,0,0,0,0,0,0,0,0,2144,0,534,0,0,0,532,533,0,0,0,0,0,0,0,0,0,0,0,0,0,,0,,,,,,,,,,,,,,,,,,,,,,,,,,,,,,,,,,,1529,1528,1523,1522,1527,1526,1531,1530,1533,1532,1525,1524,5016,,,,,,
1290,Tiara - Alb,540,591,0,0,0,0,0,0,0,0,2145,1,0,0,0,0,0,0,0,0,2145,0,549,0,0,0,548,550,551,0,0,0,0,0,0,0,0,0,0,0,0,,0,,,,,,,,,,,,,,,,,,,,,,,,,,,,,,,,,,,1417,1416,1425,1424,1421,1420,1415,1414,1423,1422,1419,1418,5013,,,,,,
1291,Tiara - Mid,536,591,0,0,0,0,0,0,0,0,2146,1,0,0,0,0,0,0,0,0,2146,0,536,0,0,0,541,542,0,0,0,0,0,0,0,0,0,0,0,0,0,,0,,,,,,,,,,,,,,,,,,,,,,,,,,,,,,,,,,,1541,1540,1535,1534,1539,1538,1543,1542,1545,1544,1537,1536,5017,,,,,,
1292,Tiara - Hib,538,592,0,0,0,0,0,0,0,0,2147,1,0,0,0,0,0,0,0,0,2147,0,539,0,0,0,537,0,0,0,0,0,0,0,0,0,0,0,0,0,0,,0,,,,,,,,,,,,,,,,,,,,,,,,,,,,,,,,,,,1475,1474,1477,1476,1481,1480,1479,1478,1485,1484,1483,1482,5013,,,,,,
1293,Ground Target,544,1,0,0,0,0,0,0,0,0,0,0,0,0,0,0,0,0,0,0,0,0,0,0,0,0,0,0,0,0,0,0,0,0,0,0,0,0,0,0,0,,0,,,,,,,,,,,,,,,,,,,,,,,,,,,,,,,,,,,,,,,,,,,,,,,,,,,,,
1294,Tiara Cloth - Alb,540,591,0,0,0,0,0,0,0,0,2148,1,0,0,0,0,0,0,0,0,2148,0,549,0,0,0,548,550,551,0,0,0,0,0,0,0,0,0,0,0,0,,0,,,,,,,,,,,,,,,,,,,,,,,,,,,,,,,,,,,1417,1416,1425,1424,1421,1420,1415,1414,1423,1422,1419,1418,,,,,,,
1295,Tiara  Leather - Alb,540,591,0,0,0,0,0,0,0,0,2149,1,0,0,0,0,0,0,0,0,2149,0,549,0,0,0,548,550,551,0,0,0,0,0,0,0,0,0,0,0,0,,0,,,,,,,,,,,,,,,,,,,,,,,,,,,,,,,,,,,1417,1416,1425,1424,1421,1420,1415,1414,1423,1422,1419,1418,,,,,,,
1296,Tiara Cloth  - Mid,543,591,0,0,0,0,0,0,0,0,2152,1,0,0,0,0,0,0,0,0,2150,0,536,0,0,0,541,542,0,0,0,0,0,0,0,0,0,0,0,0,0,,0,,,,,,,,,,,,,,,,,,,,,,,,,,,,,,,,,,,1541,1540,1535,1534,1539,1538,1543,1542,1545,1544,1537,1536,,,,,,,
1297,Tiara Leather- Mid,543,591,0,0,0,0,0,0,0,0,2153,1,0,0,0,0,0,0,0,0,2151,0,536,0,0,0,541,542,0,0,0,0,0,0,0,0,0,0,0,0,0,,0,,,,,,,,,,,,,,,,,,,,,,,,,,,,,,,,,,,1541,1540,1535,1534,1539,1538,1543,1542,1545,1544,1537,1536,,,,,,,
1298,Tiara Cloth - Hib,538,592,0,0,0,0,0,0,0,0,2150,1,0,0,0,0,0,0,0,0,2152,0,539,0,0,0,537,0,0,0,0,0,0,0,0,0,0,0,0,0,0,,0,,,,,,,,,,,,,,,,,,,,,,,,,,,,,,,,,,,1475,1474,1477,1476,1481,1480,1479,1478,1485,1484,1483,1482,,,,,,,
1299,Tiara  Leather- Hib,538,592,0,0,0,0,0,0,0,0,2151,1,0,0,0,0,0,0,0,0,2153,0,539,0,0,0,537,0,0,0,0,0,0,0,0,0,0,0,0,0,0,,0,,,,,,,,,,,,,,,,,,,,,,,,,,,,,,,,,,,1475,1474,1477,1476,1481,1480,1479,1478,1485,1484,1483,1482,,,,,,,
1300,Mid Rp Basic Set 1 Tunic,1,104,2156,2155,2154,0,2159,0,0,0,0,0,5,1,0,0,0,0,0,0,0,0,0,0,0,0,0,0,0,0,6,2,1,1,0,5,3,6,2,99,2,,0,,,,,,,,,,,,,,,,,,,,,1,4611,4610,4609,,,,,1,,,1,1,,,,,,,,,,,,,,,,,,,,
1301,Mid Rp Basic Set 1 Boots,1,124,0,0,0,0,0,0,2157,0,0,0,0,0,0,0,0,0,0,0,0,0,0,0,0,0,0,0,0,0,0,0,0,0,0,0,0,0,0,0,0,,0,,,,,,,,,,,,,,,,,,,,,1,,,,,,4612,,,,7,,,,,,,,,,,,,,,,,,,,,,
1302,Mid Rp Basic Set 1 Gloves,1,114,0,0,0,2158,0,0,0,0,0,0,0,0,0,0,0,0,0,0,0,0,0,0,0,0,0,0,0,0,0,0,0,0,0,0,0,0,0,0,0,,0,,,,,,,,,,,,,,,,,,,,,1,,,,4613,,,,,7,,,,,,,,,,,,,,,,,,,,,,,
1303,Mid Rp Basic Set 1 Legs,1,120,0,0,0,0,0,2160,0,0,0,0,0,0,0,0,0,0,0,0,0,0,0,0,0,0,0,0,0,0,0,0,0,0,0,0,0,0,0,0,0,,0,,,,,,,,,,,,,,,,,,,,,1,,,,,4614,,,,,,,,,,,,,,,,,,,,,,,,,,,
1304,Mid Rp Basic Set 2 Tunic,1,104,2163,2162,2161,0,2164,0,0,0,0,0,5,1,0,0,0,0,0,0,0,0,0,0,0,0,0,0,0,0,6,2,1,1,0,5,3,6,2,99,2,,0,,,,,,,,,,,,,,,,,,,,,1,4617,4616,4615,,,,,1,,,1,1,,,,,,,,,,,,,,,,,,,,
1305,Mid Rp Basic Set 3 Tunic,1,104,2167,2166,2165,0,2168,0,0,0,0,0,5,1,0,0,0,0,0,0,0,0,0,0,0,0,0,0,0,0,6,2,1,1,0,5,3,6,2,99,2,,0,,,,,,,,,,,,,,,,,,,,,1,4620,4619,4618,,,,,1,,,1,1,,,,,,,,,,,,,,,,,,,,
1306,Midgard PHouse Lot,566,1,0,0,0,0,0,0,0,0,0,0,0,0,0,0,0,0,0,0,0,0,0,0,0,0,0,0,0,0,0,0,0,0,0,0,0,0,0,0,0,,0,,,,,,,,,,,,,,,,,,,,,,,,,,,,,,,,,,,,,,,,,,,,,,,,,,,,,
1307,Hibernia PHouse Lot,567,1,0,0,0,0,0,0,0,0,0,0,0,0,0,0,0,0,0,0,0,0,0,0,0,0,0,0,0,0,0,0,0,0,0,0,0,0,0,0,0,,0,,,,,,,,,,,,,,,,,,,,,,,,,,,,,,,,,,,,,,,,,,,,,,,,,,,,,
1308,Albion PHouse Lot,568,1,0,0,0,0,0,0,0,0,0,0,0,0,0,0,0,0,0,0,0,0,0,0,0,0,0,0,0,0,0,0,0,0,0,0,0,0,0,0,0,,0,,,,,,,,,,,,,,,,,,,,,,,,,,,,,,,,,,,,,,,,,,,,,,,,,,,,,
1309,Alb Rp Basic Set 1 Tunic,1,105,2171,2170,2169,0,2174,0,0,0,0,0,4,1,0,0,0,0,0,0,0,0,0,0,0,0,0,0,0,0,6,2,1,1,0,1,3,3,2,99,2,,0,,,,,,,,,,,,,,,,,,,,,1,4627,4626,,,,,,1,5,5,-1,-1,,,,,,,,,,,,,,,,,,,,
1310,Alb Rp Basic Set 1 Boots,1,125,0,0,0,0,0,0,2172,0,0,0,0,0,0,0,0,0,0,0,0,0,0,0,0,0,0,0,0,0,0,0,0,0,0,0,0,0,0,0,0,,0,,,,,,,,,,,,,,,,,,,,,1,,,,,,4623,,,,7,,,,,,,,,,,,,,,,,,,,,,
1311,Alb Rp Basic Set 1 Gloves,1,115,0,0,0,2173,0,0,0,0,0,0,0,0,0,0,0,0,0,0,0,0,0,0,0,0,0,0,0,0,0,0,0,0,0,0,0,0,0,0,0,,0,,,,,,,,,,,,,,,,,,,,,1,,,,4624,,,,,7,,,,,,,,,,,,,,,,,,,,,,,
1312,Alb Rp Basic Set 1 Legs,1,121,0,0,0,0,0,2175,0,0,0,0,0,0,0,0,0,0,0,0,0,0,0,0,0,0,0,0,0,0,0,0,0,0,0,0,0,0,0,0,0,,0,,,,,,,,,,,,,,,,,,,,,1,,,,,4625,,,,,,,,,,,,,,,,,,,,,,,,,,,
1313,Alb Rp Basic Set 2 Tunic,1,105,2178,2177,2176,0,2179,0,0,0,0,0,4,1,0,0,0,0,0,0,0,0,0,0,0,0,0,0,0,0,6,2,1,1,0,1,3,3,2,99,2,,0,,,,,,,,,,,,,,,,,,,,,1,4628,4629,,,,,,16,5,5,-1,-1,,,,,,,,,,,,,,,,,,,,
1314,Alb Rp Basic Set 3 Robe,1,105,2182,2181,2180,0,2183,0,0,0,0,0,4,3,0,0,0,0,0,0,0,0,0,0,0,0,0,0,0,0,6,2,1,1,0,1,3,3,2,99,2,,0,,,,,,,,,,,,,,,,,,,,,1,4622,4621,,,,,,16,5,5,-1,-1,,,,,,,,,,,,,,,,,,,,
1315,Exterior Bench 1,1,593,0,0,0,0,0,0,0,0,0,0,0,0,0,0,0,0,0,0,0,0,0,0,0,0,0,0,0,0,0,0,0,0,552,0,0,0,0,0,0,,0,1,1,,,,,,,,,,,,,,,,,,,,,,,,,,,,,,,,,,,,,,,,,,,,,,,,,,,
1316,Exterior Bench 2,1,593,0,0,0,0,0,0,0,0,0,0,0,0,0,0,0,0,0,0,0,0,0,0,0,0,0,0,0,0,0,0,0,0,553,0,0,0,0,0,0,,0,1,1,,,,,,,,,,,,,,,,,,,,,,,,,,,,,,,,,,,,,,,,,,,,,,,,,,,
1317,Exterior Birdbath,1,594,0,0,0,0,0,0,0,0,0,0,0,0,0,0,0,0,0,0,0,0,0,0,0,0,0,0,0,0,0,0,0,0,554,0,0,0,0,0,0,,0,1,1,,,,,,,,,,,,,,,,,,,,,,,,,,,,,,,,,,,,,,,,,,,,,,,,,,,
1318,Exterior Fountain 01,1,594,0,0,0,0,0,0,0,0,0,0,0,0,0,0,0,0,0,0,0,0,0,0,0,0,0,0,0,0,0,0,0,0,555,0,0,0,0,0,0,,0,1,1,,,,,,,,,,,,,,,,,,,,,,,,,,,,,,,,,,,,,,,,,,,,,,,,,,,
1319,Exterior Fountain 02,1,594,0,0,0,0,0,0,0,0,0,0,0,0,0,0,0,0,0,0,0,0,0,0,0,0,0,0,0,0,0,0,0,0,556,0,0,0,0,0,0,,0,1,1,,,,,,,,,,,,,,,,,,,,,,,,,,,,,,,,,,,,,,,,,,,,,,,,,,,
1320,Exterior Fountain 03,1,594,0,0,0,0,0,0,0,0,0,0,0,0,0,0,0,0,0,0,0,0,0,0,0,0,0,0,0,0,0,0,0,0,557,0,0,0,0,0,0,,0,3,2,0,1,,,,,,,,,,,,,,,,,,,,,,,,,,,,,,,,,,,,,,,,,,,,,,,,,
1321,Exterior Fountain 04,1,594,0,0,0,0,0,0,0,0,0,0,0,0,0,0,0,0,0,0,0,0,0,0,0,0,0,0,0,0,0,0,0,0,558,0,0,0,0,0,0,,0,3,3,1,1,,,,,,,,,,,,,,,,,,,,,,,,,,,,,,,,,,,,,,,,,,,,,,,,,
1322,Exterior Garden 01,1,566,0,0,0,0,0,0,0,0,0,0,0,0,0,0,0,0,0,0,0,0,0,0,0,0,0,0,0,0,0,0,0,0,559,0,0,0,0,0,0,,0,1,1,,,,,,,,,,,,,,,,,,,,,,,,,,,,,,,,,,,,,,,,,,,,,,,,,,,
1323,Exterior Garden 02,1,566,0,0,0,0,0,0,0,0,0,0,0,0,0,0,0,0,0,0,0,0,0,0,0,0,0,0,0,0,0,0,0,0,560,0,0,0,0,0,0,,0,3,2,0,1,,,,,,,,,,,,,,,,,,,,,,,,,,,,,,,,,,,,,,,,,,,,,,,,,
1324,Exterior Garden 03,1,566,0,0,0,0,0,0,0,0,0,0,0,0,0,0,0,0,0,0,0,0,0,0,0,0,0,0,0,0,0,0,0,0,561,0,0,0,0,0,0,,0,3,3,1,1,,,,,,,,,,,,,,,,,,,,,,,,,,,,,,,,,,,,,,,,,,,,,,,,,
1325,Exterior Hedge 01,1,595,0,0,0,0,0,0,0,0,0,0,0,0,0,0,0,0,0,0,0,0,0,0,0,0,0,0,0,0,0,0,0,0,562,0,0,0,0,0,0,,0,1,1,,,,,,,,,,,,,,,,,,,,,,,,,,,,,,,,,,,,,,,,,,,,,,,,,,,
1326,Exterior Plant 01,1,566,0,0,0,0,0,0,0,0,0,0,0,0,0,0,0,0,0,0,0,0,0,0,0,0,0,0,0,0,0,0,0,0,563,0,0,0,0,0,0,,0,1,1,,,,,,,,,,,,,,,,,,,,,,,,,,,,,,,,,,,,,,,,,,,,,,,,,,,
1327,Exterior Plant 02,1,566,0,0,0,0,0,0,0,0,0,0,0,0,0,0,0,0,0,0,0,0,0,0,0,0,0,0,0,0,0,0,0,0,564,0,0,0,0,0,0,,0,1,1,,,,,,,,,,,,,,,,,,,,,,,,,,,,,,,,,,,,,,,,,,,,,,,,,,,
1328,Exterior Sundial,1,594,0,0,0,0,0,0,0,0,0,0,0,0,0,0,0,0,0,0,0,0,0,0,0,0,0,0,0,0,0,0,0,0,565,0,0,0,0,0,0,,0,1,1,,,,,,,,,,,,,,,,,,,,,,,,,,,,,,,,,,,,,,,,,,,,,,,,,,,
1329,Long Wall 1,1,596,0,0,0,0,0,0,0,0,0,0,0,0,0,0,0,0,0,0,0,0,0,0,0,0,0,0,0,0,0,0,0,0,545,0,0,0,0,0,0,,1,1,14,,,,,,,,,,,,,,,,,,,,,,,,,,,,,,,,,,,,,,,,,,,,,,,,,,,
1330,Wall 2 (Corner),1,596,0,0,0,0,0,0,0,0,0,0,0,0,0,0,0,0,0,0,0,0,0,0,0,0,0,0,0,0,0,0,0,0,546,0,0,0,0,0,0,,1,1,1,,,,,,,,,,,,,,,,,,,,,,,,,,,,,,,,,,,,,,,,,,,,,,,,,,,
1331,Short Wall 3,1,596,0,0,0,0,0,0,0,0,0,0,0,0,0,0,0,0,0,0,0,0,0,0,0,0,0,0,0,0,0,0,0,0,547,0,0,0,0,0,0,,1,1,4,,,,,,,,,,,,,,,,,,,,,,,,,,,,,,,,,,,,,,,,,,,,,,,,,,,
1332,Hib Rp Basic Set 1 Tunic,1,104,2186,2185,2184,0,2189,0,0,0,0,0,4,1,0,0,0,0,0,0,0,0,0,0,0,0,0,0,0,0,6,2,1,1,0,4,3,3,2,99,2,,0,,,,,,,,,,,,,,,,,,,,,1,4631,4630,,,,,,16,5,5,-1,-1,,,,,,,,,,,,,,,,,,,,
1333,Hib Rp Basic Set 1 Boots,1,125,0,0,0,0,0,0,2187,0,0,0,0,0,0,0,0,0,0,0,0,0,0,0,0,0,0,0,0,0,0,0,0,0,0,0,0,0,0,0,0,,0,,,,,,,,,,,,,,,,,,,,,1,,,,,,4632,,,,7,,,,,,,,,,,,,,,,,,,,,,
1334,Hib Rp Basic Set 1 Gloves,1,115,0,0,0,2188,0,0,0,0,0,0,0,0,0,0,0,0,0,0,0,0,0,0,0,0,0,0,0,0,0,0,0,0,0,0,0,0,0,0,0,,0,,,,,,,,,,,,,,,,,,,,,1,,,,4633,,,,,7,,,,,,,,,,,,,,,,,,,,,,,
1335,Hib Rp Basic Set 1 Legs,1,121,0,0,0,0,0,2190,0,0,0,0,0,0,0,0,0,0,0,0,0,0,0,0,0,0,0,0,0,0,0,0,0,0,0,0,0,0,0,0,0,,0,,,,,,,,,,,,,,,,,,,,,1,,,,,4634,,,,,,,,,,,,,,,,,,,,,,,,,,,
1336,Hib Rp Basic Set 2 Tunic,1,104,2193,2192,2191,0,2194,0,0,0,0,0,4,1,0,0,0,0,0,0,0,0,0,0,0,0,0,0,0,0,6,2,1,1,0,4,3,3,2,99,2,,0,,,,,,,,,,,,,,,,,,,,,1,4636,4635,,,,,,16,5,5,-1,-1,,,,,,,,,,,,,,,,,,,,
1337,Hib Rp Basic Set 3 Tunic,1,104,2197,2196,2195,0,2198,0,0,0,0,0,4,1,0,0,0,0,0,0,0,0,0,0,0,0,0,0,0,0,6,2,1,1,0,4,3,3,2,99,2,,0,,,,,,,,,,,,,,,,,,,,,1,4638,4637,,,,,,16,5,5,-1,-1,,,,,,,,,,,,,,,,,,,,
1338,Barrel,1,521,0,0,0,0,0,0,0,0,0,0,0,0,0,0,0,0,0,0,0,0,0,0,0,0,0,0,0,0,0,0,0,0,569,0,0,0,0,0,0,1,0,,,,,,,,,,,,,,,,,,,,,,,,,,,,,,,,,,,,,,,,,,,,,,,,,,,,,
1339,Bed 01,1,597,0,0,0,0,0,0,0,0,0,0,0,0,0,0,0,0,0,0,0,0,0,0,0,0,0,0,0,0,0,0,0,0,570,0,0,0,0,0,0,1,0,,,,,,,,,,,,,,,,,,,,,,,,,,,,,,,,,,,,,,,,,,,,,,,,,,,,,
1340,Bed 02,1,597,0,0,0,0,0,0,0,0,0,0,0,0,0,0,0,0,0,0,0,0,0,0,0,0,0,0,0,0,0,0,0,0,571,0,0,0,0,0,0,1,0,,,,,,,,,,,,,,,,,,,,,,,,,,,,,,,,,,,,,,,,,,,,,,,,,,,,,
1341,Bed 03,1,597,0,0,0,0,0,0,0,0,0,0,0,0,0,0,0,0,0,0,0,0,0,0,0,0,0,0,0,0,0,0,0,0,572,0,0,0,0,0,0,1,0,,,,,,,,,,,,,,,,,,,,,,,,,,,,,,,,,,,,,,,,,,,,,,,,,,,,,
1342,Bench 01,1,593,0,0,0,0,0,0,0,0,0,0,0,0,0,0,0,0,0,0,0,0,0,0,0,0,0,0,0,0,0,0,0,0,573,0,0,0,0,0,0,1,0,,,,,,,,,,,,,,,,,,,,,,,,,,,,,,,,,,,,,,,,,,,,,,,,,,,,,
1343,Bench 02,1,593,0,0,0,0,0,0,0,0,0,0,0,0,0,0,0,0,0,0,0,0,0,0,0,0,0,0,0,0,0,0,0,0,574,0,0,0,0,0,0,1,0,,,,,,,,,,,,,,,,,,,,,,,,,,,,,,,,,,,,,,,,,,,,,,,,,,,,,
1344,Bench 03,1,593,0,0,0,0,0,0,0,0,0,0,0,0,0,0,0,0,0,0,0,0,0,0,0,0,0,0,0,0,0,0,0,0,575,0,0,0,0,0,0,1,0,,,,,,,,,,,,,,,,,,,,,,,,,,,,,,,,,,,,,,,,,,,,,,,,,,,,,
1345,Bookshelf 01,1,174,0,0,0,0,0,0,0,0,0,0,0,0,0,0,0,0,0,0,0,0,0,0,0,0,0,0,0,0,0,0,0,0,576,0,0,0,0,0,0,1,0,,,,,,,,,,,,,,,,,,,,,,,,,,,,,,,,,,,,,,,,,,,,,,,,,,,,,
1346,Bookshelf 02,1,174,0,0,0,0,0,0,0,0,0,0,0,0,0,0,0,0,0,0,0,0,0,0,0,0,0,0,0,0,0,0,0,0,577,0,0,0,0,0,0,1,0,,,,,,,,,,,,,,,,,,,,,,,,,,,,,,,,,,,,,,,,,,,,,,,,,,,,,
1347,Box,1,552,0,0,0,0,0,0,0,0,0,0,0,0,0,0,0,0,0,0,0,0,0,0,0,0,0,0,0,0,0,0,0,0,578,0,0,0,0,0,0,1,0,,,,,,,,,,,,,,,,,,,,,,,,,,,,,,,,,,,,,,,,,,,,,,,,,,,,,
1348,Chair 01,1,2204,0,0,0,0,0,0,0,0,0,0,0,0,0,0,0,0,0,0,0,0,0,0,0,0,0,0,0,0,0,0,0,0,579,0,0,0,0,0,0,1,0,,,,,,,,,,,,,,,,,,,,,,,,,,,,,,,,,,,,,,,,,,,,,,,,,,,,,
1349,Chair 02,1,2204,0,0,0,0,0,0,0,0,0,0,0,0,0,0,0,0,0,0,0,0,0,0,0,0,0,0,0,0,0,0,0,0,580,0,0,0,0,0,0,1,0,,,,,,,,,,,,,,,,,,,,,,,,,,,,,,,,,,,,,,,,,,,,,,,,,,,,,
1350,Chair 03,1,2204,0,0,0,0,0,0,0,0,0,0,0,0,0,0,0,0,0,0,0,0,0,0,0,0,0,0,0,0,0,0,0,0,581,0,0,0,0,0,0,1,0,,,,,,,,,,,,,,,,,,,,,,,,,,,,,,,,,,,,,,,,,,,,,,,,,,,,,
1351,Chair 04,1,2204,0,0,0,0,0,0,0,0,0,0,0,0,0,0,0,0,0,0,0,0,0,0,0,0,0,0,0,0,0,0,0,0,582,0,0,0,0,0,0,1,0,,,,,,,,,,,,,,,,,,,,,,,,,,,,,,,,,,,,,,,,,,,,,,,,,,,,,
1352,Chair 05,1,2204,0,0,0,0,0,0,0,0,0,0,0,0,0,0,0,0,0,0,0,0,0,0,0,0,0,0,0,0,0,0,0,0,583,0,0,0,0,0,0,1,0,,,,,,,,,,,,,,,,,,,,,,,,,,,,,,,,,,,,,,,,,,,,,,,,,,,,,
1353,Chair 06,1,2204,0,0,0,0,0,0,0,0,0,0,0,0,0,0,0,0,0,0,0,0,0,0,0,0,0,0,0,0,0,0,0,0,584,0,0,0,0,0,0,1,0,,,,,,,,,,,,,,,,,,,,,,,,,,,,,,,,,,,,,,,,,,,,,,,,,,,,,
1354,Chest 01,1,179,0,0,0,0,0,0,0,0,0,0,0,0,0,0,0,0,0,0,0,0,0,0,0,0,0,0,0,0,0,0,0,0,585,0,0,0,0,0,0,1,0,,,,,,,,,,,,,,,,,,,,,,,,,,,,,,,,,,,,,,,,,,,,,,,,,,,,,
1355,Chest 02,1,179,0,0,0,0,0,0,0,0,0,0,0,0,0,0,0,0,0,0,0,0,0,0,0,0,0,0,0,0,0,0,0,0,586,0,0,0,0,0,0,1,0,,,,,,,,,,,,,,,,,,,,,,,,,,,,,,,,,,,,,,,,,,,,,,,,,,,,,
1356,Chest 03,1,179,0,0,0,0,0,0,0,0,0,0,0,0,0,0,0,0,0,0,0,0,0,0,0,0,0,0,0,0,0,0,0,0,587,0,0,0,0,0,0,1,0,,,,,,,,,,,,,,,,,,,,,,,,,,,,,,,,,,,,,,,,,,,,,,,,,,,,,
1357,Desk 01,1,599,0,0,0,0,0,0,0,0,0,0,0,0,0,0,0,0,0,0,0,0,0,0,0,0,0,0,0,0,0,0,0,0,588,0,0,0,0,0,0,1,0,,,,,,,,,,,,,,,,,,,,,,,,,,,,,,,,,,,,,,,,,,,,,,,,,,,,,
1358,Desk 02,1,599,0,0,0,0,0,0,0,0,0,0,0,0,0,0,0,0,0,0,0,0,0,0,0,0,0,0,0,0,0,0,0,0,589,0,0,0,0,0,0,1,0,,,,,,,,,,,,,,,,,,,,,,,,,,,,,,,,,,,,,,,,,,,,,,,,,,,,,
1359,Desk 03,1,599,0,0,0,0,0,0,0,0,0,0,0,0,0,0,0,0,0,0,0,0,0,0,0,0,0,0,0,0,0,0,0,0,590,0,0,0,0,0,0,1,0,,,,,,,,,,,,,,,,,,,,,,,,,,,,,,,,,,,,,,,,,,,,,,,,,,,,,
1360,Rnd Table 01,1,598,0,0,0,0,0,0,0,0,0,0,0,0,0,0,0,0,0,0,0,0,0,0,0,0,0,0,0,0,0,0,0,0,591,0,0,0,0,0,0,1,0,,,,,,,,,,,,,,,,,,,,,,,,,,,,,,,,,,,,,,,,,,,,,,,,,,,,,
1361,Rnd Table 02,1,598,0,0,0,0,0,0,0,0,0,0,0,0,0,0,0,0,0,0,0,0,0,0,0,0,0,0,0,0,0,0,0,0,592,0,0,0,0,0,0,1,0,,,,,,,,,,,,,,,,,,,,,,,,,,,,,,,,,,,,,,,,,,,,,,,,,,,,,
1362,Square Table 01,1,599,0,0,0,0,0,0,0,0,0,0,0,0,0,0,0,0,0,0,0,0,0,0,0,0,0,0,0,0,0,0,0,0,593,0,0,0,0,0,0,1,0,,,,,,,,,,,,,,,,,,,,,,,,,,,,,,,,,,,,,,,,,,,,,,,,,,,,,
1363,Square Table 02,1,599,0,0,0,0,0,0,0,0,0,0,0,0,0,0,0,0,0,0,0,0,0,0,0,0,0,0,0,0,0,0,0,0,594,0,0,0,0,0,0,1,0,,,,,,,,,,,,,,,,,,,,,,,,,,,,,,,,,,,,,,,,,,,,,,,,,,,,,
1364,Ant Trophy,1,544,0,0,0,0,0,0,0,0,0,0,0,0,0,0,0,0,0,0,0,0,0,0,0,0,0,0,0,0,0,0,0,0,595,0,0,0,0,0,0,1,0,,,,,,,,,,,,,,,,,,,,,,,,,,,,,,,,,,,,,,,,,,,,,,,,,,,,,
1365,Badger Trophy,1,544,0,0,0,0,0,0,0,0,0,0,0,0,0,0,0,0,0,0,0,0,0,0,0,0,0,0,0,0,0,0,0,0,596,0,0,0,0,0,0,1,0,,,,,,,,,,,,,,,,,,,,,,,,,,,,,,,,,,,,,,,,,,,,,,,,,,,,,
1366,Wolf Trophy,1,544,0,0,0,0,0,0,0,0,0,0,0,0,0,0,0,0,0,0,0,0,0,0,0,0,0,0,0,0,0,0,0,0,597,0,0,0,0,0,0,1,0,,,,,,,,,,,,,,,,,,,,,,,,,,,,,,,,,,,,,,,,,,,,,,,,,,,,,
1367,Boar Trophy,1,544,0,0,0,0,0,0,0,0,0,0,0,0,0,0,0,0,0,0,0,0,0,0,0,0,0,0,0,0,0,0,0,0,598,0,0,0,0,0,0,1,0,,,,,,,,,,,,,,,,,,,,,,,,,,,,,,,,,,,,,,,,,,,,,,,,,,,,,
1368,Cock Trophy,1,544,0,0,0,0,0,0,0,0,0,0,0,0,0,0,0,0,0,0,0,0,0,0,0,0,0,0,0,0,0,0,0,0,599,0,0,0,0,0,0,1,0,,,,,,,,,,,,,,,,,,,,,,,,,,,,,,,,,,,,,,,,,,,,,,,,,,,,,
1369,Frog Trophy,1,544,0,0,0,0,0,0,0,0,0,0,0,0,0,0,0,0,0,0,0,0,0,0,0,0,0,0,0,0,0,0,0,0,600,0,0,0,0,0,0,1,0,,,,,,,,,,,,,,,,,,,,,,,,,,,,,,,,,,,,,,,,,,,,,,,,,,,,,
1370,Lizard Trophy,1,544,0,0,0,0,0,0,0,0,0,0,0,0,0,0,0,0,0,0,0,0,0,0,0,0,0,0,0,0,0,0,0,0,601,0,0,0,0,0,0,1,0,,,,,,,,,,,,,,,,,,,,,,,,,,,,,,,,,,,,,,,,,,,,,,,,,,,,,
1371,Manta Trophy,1,544,0,0,0,0,0,0,0,0,0,0,0,0,0,0,0,0,0,0,0,0,0,0,0,0,0,0,0,0,0,0,0,0,602,0,0,0,0,0,0,1,0,,,,,,,,,,,,,,,,,,,,,,,,,,,,,,,,,,,,,,,,,,,,,,,,,,,,,
1372,Mantis Trophy,1,544,0,0,0,0,0,0,0,0,0,0,0,0,0,0,0,0,0,0,0,0,0,0,0,0,0,0,0,0,0,0,0,0,603,0,0,0,0,0,0,1,0,,,,,,,,,,,,,,,,,,,,,,,,,,,,,,,,,,,,,,,,,,,,,,,,,,,,,
1373,Skele Trophy,1,544,0,0,0,0,0,0,0,0,0,0,0,0,0,0,0,0,0,0,0,0,0,0,0,0,0,0,0,0,0,0,0,0,604,0,0,0,0,0,0,1,0,,,,,,,,,,,,,,,,,,,,,,,,,,,,,,,,,,,,,,,,,,,,,,,,,,,,,
1374,Cat Trophy,1,544,0,0,0,0,0,0,0,0,0,0,0,0,0,0,0,0,0,0,0,0,0,0,0,0,0,0,0,0,0,0,0,0,605,0,0,0,0,0,0,1,0,,,,,,,,,,,,,,,,,,,,,,,,,,,,,,,,,,,,,,,,,,,,,,,,,,,,,
1375,Spider Trophy,1,544,0,0,0,0,0,0,0,0,0,0,0,0,0,0,0,0,0,0,0,0,0,0,0,0,0,0,0,0,0,0,0,0,606,0,0,0,0,0,0,1,0,,,,,,,,,,,,,,,,,,,,,,,,,,,,,,,,,,,,,,,,,,,,,,,,,,,,,
1376,Lion Trophy,1,544,0,0,0,0,0,0,0,0,0,0,0,0,0,0,0,0,0,0,0,0,0,0,0,0,0,0,0,0,0,0,0,0,607,0,0,0,0,0,0,1,0,,,,,,,,,,,,,,,,,,,,,,,,,,,,,,,,,,,,,,,,,,,,,,,,,,,,,
1377,Bird Trophy,1,544,0,0,0,0,0,0,0,0,0,0,0,0,0,0,0,0,0,0,0,0,0,0,0,0,0,0,0,0,0,0,0,0,608,0,0,0,0,0,0,1,0,,,,,,,,,,,,,,,,,,,,,,,,,,,,,,,,,,,,,,,,,,,,,,,,,,,,,
1378,Vengo Trophy,1,543,0,0,0,0,0,0,0,0,0,0,0,0,0,0,0,0,0,0,0,0,0,0,0,0,0,0,0,0,0,0,0,0,609,0,0,0,0,0,0,1,0,,,,,,,,,,,,,,,,,,,,,,,,,,,,,,,,,,,,,,,,,,,,,,,,,,,,,
1379,Alb Wall Map,1,172,0,0,0,0,0,0,0,0,0,0,0,0,0,0,0,0,0,0,0,0,0,0,0,0,0,0,0,0,0,0,0,0,610,0,0,0,0,0,0,,0,,,,,,,,,,,,,,,,,,,,,,,,,,,,,,,,,,,,,,,,,,,,,,,,,,,,,
1380,Hib Wall Map,1,172,0,0,0,0,0,0,0,0,0,0,0,0,0,0,0,0,0,0,0,0,0,0,0,0,0,0,0,0,0,0,0,0,611,0,0,0,0,0,0,,0,,,,,,,,,,,,,,,,,,,,,,,,,,,,,,,,,,,,,,,,,,,,,,,,,,,,,
1381,Mid Wall Map,1,172,0,0,0,0,0,0,0,0,0,0,0,0,0,0,0,0,0,0,0,0,0,0,0,0,0,0,0,0,0,0,0,0,612,0,0,0,0,0,0,,0,,,,,,,,,,,,,,,,,,,,,,,,,,,,,,,,,,,,,,,,,,,,,,,,,,,,,
1382,Alb Painting 01,1,2201,0,0,0,0,0,0,0,0,0,0,0,0,0,0,0,0,0,0,0,0,0,0,0,0,0,0,0,0,0,0,0,0,613,0,0,0,0,0,0,,0,,,,,,,,,,,,,,,,,,,,,,,,,,,,,,,,,,,,,,,,,,,,,,,,,,,,,
1383,Alb Painting 02,1,2201,0,0,0,0,0,0,0,0,0,0,0,0,0,0,0,0,0,0,0,0,0,0,0,0,0,0,0,0,0,0,0,0,614,0,0,0,0,0,0,,0,,,,,,,,,,,,,,,,,,,,,,,,,,,,,,,,,,,,,,,,,,,,,,,,,,,,,
1384,Alb Painting 03,1,2201,0,0,0,0,0,0,0,0,0,0,0,0,0,0,0,0,0,0,0,0,0,0,0,0,0,0,0,0,0,0,0,0,615,0,0,0,0,0,0,,0,,,,,,,,,,,,,,,,,,,,,,,,,,,,,,,,,,,,,,,,,,,,,,,,,,,,,
1385,Alb Painting 04,1,2201,0,0,0,0,0,0,0,0,0,0,0,0,0,0,0,0,0,0,0,0,0,0,0,0,0,0,0,0,0,0,0,0,616,0,0,0,0,0,0,,0,,,,,,,,,,,,,,,,,,,,,,,,,,,,,,,,,,,,,,,,,,,,,,,,,,,,,
1386,Alb Painting 05,1,2201,0,0,0,0,0,0,0,0,0,0,0,0,0,0,0,0,0,0,0,0,0,0,0,0,0,0,0,0,0,0,0,0,617,0,0,0,0,0,0,,0,,,,,,,,,,,,,,,,,,,,,,,,,,,,,,,,,,,,,,,,,,,,,,,,,,,,,
1387,Alb Painting 06,1,2201,0,0,0,0,0,0,0,0,0,0,0,0,0,0,0,0,0,0,0,0,0,0,0,0,0,0,0,0,0,0,0,0,618,0,0,0,0,0,0,,0,,,,,,,,,,,,,,,,,,,,,,,,,,,,,,,,,,,,,,,,,,,,,,,,,,,,,
1388,Alb Painting 07,1,2201,0,0,0,0,0,0,0,0,0,0,0,0,0,0,0,0,0,0,0,0,0,0,0,0,0,0,0,0,0,0,0,0,619,0,0,0,0,0,0,,0,,,,,,,,,,,,,,,,,,,,,,,,,,,,,,,,,,,,,,,,,,,,,,,,,,,,,
1389,Alb Painting 08,1,2201,0,0,0,0,0,0,0,0,0,0,0,0,0,0,0,0,0,0,0,0,0,0,0,0,0,0,0,0,0,0,0,0,620,0,0,0,0,0,0,,0,,,,,,,,,,,,,,,,,,,,,,,,,,,,,,,,,,,,,,,,,,,,,,,,,,,,,
1390,Alb Painting 09,1,2201,0,0,0,0,0,0,0,0,0,0,0,0,0,0,0,0,0,0,0,0,0,0,0,0,0,0,0,0,0,0,0,0,621,0,0,0,0,0,0,,0,,,,,,,,,,,,,,,,,,,,,,,,,,,,,,,,,,,,,,,,,,,,,,,,,,,,,
1391,Alb Painting 10,1,2201,0,0,0,0,0,0,0,0,0,0,0,0,0,0,0,0,0,0,0,0,0,0,0,0,0,0,0,0,0,0,0,0,622,0,0,0,0,0,0,,0,,,,,,,,,,,,,,,,,,,,,,,,,,,,,,,,,,,,,,,,,,,,,,,,,,,,,
1392,Hib Painting 01,1,2201,0,0,0,0,0,0,0,0,0,0,0,0,0,0,0,0,0,0,0,0,0,0,0,0,0,0,0,0,0,0,0,0,623,0,0,0,0,0,0,,0,,,,,,,,,,,,,,,,,,,,,,,,,,,,,,,,,,,,,,,,,,,,,,,,,,,,,
1393,Hib Painting 02,1,2201,0,0,0,0,0,0,0,0,0,0,0,0,0,0,0,0,0,0,0,0,0,0,0,0,0,0,0,0,0,0,0,0,624,0,0,0,0,0,0,,0,,,,,,,,,,,,,,,,,,,,,,,,,,,,,,,,,,,,,,,,,,,,,,,,,,,,,
1394,Hib Painting 03,1,2201,0,0,0,0,0,0,0,0,0,0,0,0,0,0,0,0,0,0,0,0,0,0,0,0,0,0,0,0,0,0,0,0,625,0,0,0,0,0,0,,0,,,,,,,,,,,,,,,,,,,,,,,,,,,,,,,,,,,,,,,,,,,,,,,,,,,,,
1395,Hib Painting 04,1,2201,0,0,0,0,0,0,0,0,0,0,0,0,0,0,0,0,0,0,0,0,0,0,0,0,0,0,0,0,0,0,0,0,626,0,0,0,0,0,0,,0,,,,,,,,,,,,,,,,,,,,,,,,,,,,,,,,,,,,,,,,,,,,,,,,,,,,,
1396,Hib Painting 05,1,2201,0,0,0,0,0,0,0,0,0,0,0,0,0,0,0,0,0,0,0,0,0,0,0,0,0,0,0,0,0,0,0,0,627,0,0,0,0,0,0,,0,,,,,,,,,,,,,,,,,,,,,,,,,,,,,,,,,,,,,,,,,,,,,,,,,,,,,
1397,Hib Painting 06,1,2201,0,0,0,0,0,0,0,0,0,0,0,0,0,0,0,0,0,0,0,0,0,0,0,0,0,0,0,0,0,0,0,0,628,0,0,0,0,0,0,,0,,,,,,,,,,,,,,,,,,,,,,,,,,,,,,,,,,,,,,,,,,,,,,,,,,,,,
1398,Hib Painting 07,1,2201,0,0,0,0,0,0,0,0,0,0,0,0,0,0,0,0,0,0,0,0,0,0,0,0,0,0,0,0,0,0,0,0,629,0,0,0,0,0,0,,0,,,,,,,,,,,,,,,,,,,,,,,,,,,,,,,,,,,,,,,,,,,,,,,,,,,,,
1399,Hib Painting 08,1,2201,0,0,0,0,0,0,0,0,0,0,0,0,0,0,0,0,0,0,0,0,0,0,0,0,0,0,0,0,0,0,0,0,630,0,0,0,0,0,0,,0,,,,,,,,,,,,,,,,,,,,,,,,,,,,,,,,,,,,,,,,,,,,,,,,,,,,,
1400,Hib Painting 09,1,2201,0,0,0,0,0,0,0,0,0,0,0,0,0,0,0,0,0,0,0,0,0,0,0,0,0,0,0,0,0,0,0,0,631,0,0,0,0,0,0,,0,,,,,,,,,,,,,,,,,,,,,,,,,,,,,,,,,,,,,,,,,,,,,,,,,,,,,
1401,Hib Painting 10,1,2201,0,0,0,0,0,0,0,0,0,0,0,0,0,0,0,0,0,0,0,0,0,0,0,0,0,0,0,0,0,0,0,0,632,0,0,0,0,0,0,,0,,,,,,,,,,,,,,,,,,,,,,,,,,,,,,,,,,,,,,,,,,,,,,,,,,,,,
1402,Mid Painting 01,1,2201,0,0,0,0,0,0,0,0,0,0,0,0,0,0,0,0,0,0,0,0,0,0,0,0,0,0,0,0,0,0,0,0,633,0,0,0,0,0,0,,0,,,,,,,,,,,,,,,,,,,,,,,,,,,,,,,,,,,,,,,,,,,,,,,,,,,,,
1403,Mid Painting 02,1,2201,0,0,0,0,0,0,0,0,0,0,0,0,0,0,0,0,0,0,0,0,0,0,0,0,0,0,0,0,0,0,0,0,634,0,0,0,0,0,0,,0,,,,,,,,,,,,,,,,,,,,,,,,,,,,,,,,,,,,,,,,,,,,,,,,,,,,,
1404,Mid Painting 03,1,2201,0,0,0,0,0,0,0,0,0,0,0,0,0,0,0,0,0,0,0,0,0,0,0,0,0,0,0,0,0,0,0,0,635,0,0,0,0,0,0,,0,,,,,,,,,,,,,,,,,,,,,,,,,,,,,,,,,,,,,,,,,,,,,,,,,,,,,
1405,Mid Painting 04,1,2201,0,0,0,0,0,0,0,0,0,0,0,0,0,0,0,0,0,0,0,0,0,0,0,0,0,0,0,0,0,0,0,0,636,0,0,0,0,0,0,,0,,,,,,,,,,,,,,,,,,,,,,,,,,,,,,,,,,,,,,,,,,,,,,,,,,,,,
1406,Mid Painting 05,1,2201,0,0,0,0,0,0,0,0,0,0,0,0,0,0,0,0,0,0,0,0,0,0,0,0,0,0,0,0,0,0,0,0,637,0,0,0,0,0,0,,0,,,,,,,,,,,,,,,,,,,,,,,,,,,,,,,,,,,,,,,,,,,,,,,,,,,,,
1407,Mid Painting 06,1,2201,0,0,0,0,0,0,0,0,0,0,0,0,0,0,0,0,0,0,0,0,0,0,0,0,0,0,0,0,0,0,0,0,638,0,0,0,0,0,0,,0,,,,,,,,,,,,,,,,,,,,,,,,,,,,,,,,,,,,,,,,,,,,,,,,,,,,,
1408,Mid Painting 07,1,2201,0,0,0,0,0,0,0,0,0,0,0,0,0,0,0,0,0,0,0,0,0,0,0,0,0,0,0,0,0,0,0,0,639,0,0,0,0,0,0,,0,,,,,,,,,,,,,,,,,,,,,,,,,,,,,,,,,,,,,,,,,,,,,,,,,,,,,
1409,Mid Painting 08,1,2201,0,0,0,0,0,0,0,0,0,0,0,0,0,0,0,0,0,0,0,0,0,0,0,0,0,0,0,0,0,0,0,0,640,0,0,0,0,0,0,,0,,,,,,,,,,,,,,,,,,,,,,,,,,,,,,,,,,,,,,,,,,,,,,,,,,,,,
1410,Mid Painting 09,1,2201,0,0,0,0,0,0,0,0,0,0,0,0,0,0,0,0,0,0,0,0,0,0,0,0,0,0,0,0,0,0,0,0,641,0,0,0,0,0,0,,0,,,,,,,,,,,,,,,,,,,,,,,,,,,,,,,,,,,,,,,,,,,,,,,,,,,,,
1411,Mid Painting 10,1,2201,0,0,0,0,0,0,0,0,0,0,0,0,0,0,0,0,0,0,0,0,0,0,0,0,0,0,0,0,0,0,0,0,642,0,0,0,0,0,0,,0,,,,,,,,,,,,,,,,,,,,,,,,,,,,,,,,,,,,,,,,,,,,,,,,,,,,,
1412,Torch 01,1,551,0,0,0,0,0,0,0,0,0,0,0,0,0,0,0,0,0,0,0,0,0,0,0,0,0,0,0,0,0,0,0,0,643,0,0,0,0,0,0,,0,,,,,,,,,,,,,,,,,,,,,,,,,,,,,,,,,,,,,,,,,,,,,,,,,,,,,
1413,Torch 02,1,551,0,0,0,0,0,0,0,0,0,0,0,0,0,0,0,0,0,0,0,0,0,0,0,0,0,0,0,0,0,0,0,0,644,0,0,0,0,0,0,,0,,,,,,,,,,,,,,,,,,,,,,,,,,,,,,,,,,,,,,,,,,,,,,,,,,,,,
1414,Torch 03,1,551,0,0,0,0,0,0,0,0,0,0,0,0,0,0,0,0,0,0,0,0,0,0,0,0,0,0,0,0,0,0,0,0,645,0,0,0,0,0,0,,0,,,,,,,,,,,,,,,,,,,,,,,,,,,,,,,,,,,,,,,,,,,,,,,,,,,,,
1415,Torch 04,1,551,0,0,0,0,0,0,0,0,0,0,0,0,0,0,0,0,0,0,0,0,0,0,0,0,0,0,0,0,0,0,0,0,646,0,0,0,0,0,0,,0,,,,,,,,,,,,,,,,,,,,,,,,,,,,,,,,,,,,,,,,,,,,,,,,,,,,,
1416,2HDrag Trophy,1,544,0,0,0,0,0,0,0,0,0,0,0,0,0,0,0,0,0,0,0,0,0,0,0,0,0,0,0,0,0,0,0,0,647,0,0,0,0,0,0,1,0,,,,,,,,,,,,,,,,,,,,,,,,,,,,,,,,,,,,,,,,,,,,,,,,,,,,,
1417,Alb Drag Trophy,1,544,0,0,0,0,0,0,0,0,0,0,0,0,0,0,0,0,0,0,0,0,0,0,0,0,0,0,0,0,0,0,0,0,648,0,0,0,0,0,0,1,0,,,,,,,,,,,,,,,,,,,,,,,,,,,,,,,,,,,,,,,,,,,,,,,,,,,,,
1418,Drak Trophy,1,543,0,0,0,0,0,0,0,0,0,0,0,0,0,0,0,0,0,0,0,0,0,0,0,0,0,0,0,0,0,0,0,0,649,0,0,0,0,0,0,1,0,,,,,,,,,,,,,,,,,,,,,,,,,,,,,,,,,,,,,,,,,,,,,,,,,,,,,
1419,Fking Trophy,1,543,0,0,0,0,0,0,0,0,0,0,0,0,0,0,0,0,0,0,0,0,0,0,0,0,0,0,0,0,0,0,0,0,650,0,0,0,0,0,0,1,0,,,,,,,,,,,,,,,,,,,,,,,,,,,,,,,,,,,,,,,,,,,,,,,,,,,,,
1420,Griff Trophy,1,544,0,0,0,0,0,0,0,0,0,0,0,0,0,0,0,0,0,0,0,0,0,0,0,0,0,0,0,0,0,0,0,0,651,0,0,0,0,0,0,1,0,,,,,,,,,,,,,,,,,,,,,,,,,,,,,,,,,,,,,,,,,,,,,,,,,,,,,
1421,Hib Drag Trophy,1,544,0,0,0,0,0,0,0,0,0,0,0,0,0,0,0,0,0,0,0,0,0,0,0,0,0,0,0,0,0,0,0,0,652,0,0,0,0,0,0,1,0,,,,,,,,,,,,,,,,,,,,,,,,,,,,,,,,,,,,,,,,,,,,,,,,,,,,,
1422,Mantis Trophy,1,544,0,0,0,0,0,0,0,0,0,0,0,0,0,0,0,0,0,0,0,0,0,0,0,0,0,0,0,0,0,0,0,0,653,0,0,0,0,0,0,1,0,,,,,,,,,,,,,,,,,,,,,,,,,,,,,,,,,,,,,,,,,,,,,,,,,,,,,
1423,Mega Trophy,1,544,0,0,0,0,0,0,0,0,0,0,0,0,0,0,0,0,0,0,0,0,0,0,0,0,0,0,0,0,0,0,0,0,654,0,0,0,0,0,0,1,0,,,,,,,,,,,,,,,,,,,,,,,,,,,,,,,,,,,,,,,,,,,,,,,,,,,,,
1424,MidDrag Trophy,1,544,0,0,0,0,0,0,0,0,0,0,0,0,0,0,0,0,0,0,0,0,0,0,0,0,0,0,0,0,0,0,0,0,655,0,0,0,0,0,0,1,0,,,,,,,,,,,,,,,,,,,,,,,,,,,,,,,,,,,,,,,,,,,,,,,,,,,,,
1425,Pixie Trophy 01,1,543,0,0,0,0,0,0,0,0,0,0,0,0,0,0,0,0,0,0,0,0,0,0,0,0,0,0,0,0,0,0,0,0,656,0,0,0,0,0,0,1,0,,,,,,,,,,,,,,,,,,,,,,,,,,,,,,,,,,,,,,,,,,,,,,,,,,,,,
1426,Pixie Trophy 02,1,543,0,0,0,0,0,0,0,0,0,0,0,0,0,0,0,0,0,0,0,0,0,0,0,0,0,0,0,0,0,0,0,0,657,0,0,0,0,0,0,1,0,,,,,,,,,,,,,,,,,,,,,,,,,,,,,,,,,,,,,,,,,,,,,,,,,,,,,
1427,Pixie Trophy 03,1,543,0,0,0,0,0,0,0,0,0,0,0,0,0,0,0,0,0,0,0,0,0,0,0,0,0,0,0,0,0,0,0,0,658,0,0,0,0,0,0,1,0,,,,,,,,,,,,,,,,,,,,,,,,,,,,,,,,,,,,,,,,,,,,,,,,,,,,,
1428,Pixie Trophy 04,1,543,0,0,0,0,0,0,0,0,0,0,0,0,0,0,0,0,0,0,0,0,0,0,0,0,0,0,0,0,0,0,0,0,659,0,0,0,0,0,0,1,0,,,,,,,,,,,,,,,,,,,,,,,,,,,,,,,,,,,,,,,,,,,,,,,,,,,,,
1429,Pixie Trophy 05,1,543,0,0,0,0,0,0,0,0,0,0,0,0,0,0,0,0,0,0,0,0,0,0,0,0,0,0,0,0,0,0,0,0,660,0,0,0,0,0,0,1,0,,,,,,,,,,,,,,,,,,,,,,,,,,,,,,,,,,,,,,,,,,,,,,,,,,,,,
1430,Pixie Trophy 06,1,543,0,0,0,0,0,0,0,0,0,0,0,0,0,0,0,0,0,0,0,0,0,0,0,0,0,0,0,0,0,0,0,0,661,0,0,0,0,0,0,1,0,,,,,,,,,,,,,,,,,,,,,,,,,,,,,,,,,,,,,,,,,,,,,,,,,,,,,
1431,Pixie Trophy 07,1,543,0,0,0,0,0,0,0,0,0,0,0,0,0,0,0,0,0,0,0,0,0,0,0,0,0,0,0,0,0,0,0,0,662,0,0,0,0,0,0,1,0,,,,,,,,,,,,,,,,,,,,,,,,,,,,,,,,,,,,,,,,,,,,,,,,,,,,,
1432,Pixie Trophy 08,1,543,0,0,0,0,0,0,0,0,0,0,0,0,0,0,0,0,0,0,0,0,0,0,0,0,0,0,0,0,0,0,0,0,663,0,0,0,0,0,0,1,0,,,,,,,,,,,,,,,,,,,,,,,,,,,,,,,,,,,,,,,,,,,,,,,,,,,,,
1433,Pixie Trophy 09,1,543,0,0,0,0,0,0,0,0,0,0,0,0,0,0,0,0,0,0,0,0,0,0,0,0,0,0,0,0,0,0,0,0,664,0,0,0,0,0,0,1,0,,,,,,,,,,,,,,,,,,,,,,,,,,,,,,,,,,,,,,,,,,,,,,,,,,,,,
1434,Pixie Trophy 10,1,543,0,0,0,0,0,0,0,0,0,0,0,0,0,0,0,0,0,0,0,0,0,0,0,0,0,0,0,0,0,0,0,0,665,0,0,0,0,0,0,1,0,,,,,,,,,,,,,,,,,,,,,,,,,,,,,,,,,,,,,,,,,,,,,,,,,,,,,
1435,Pixie Trophy 11,1,543,0,0,0,0,0,0,0,0,0,0,0,0,0,0,0,0,0,0,0,0,0,0,0,0,0,0,0,0,0,0,0,0,666,0,0,0,0,0,0,1,0,,,,,,,,,,,,,,,,,,,,,,,,,,,,,,,,,,,,,,,,,,,,,,,,,,,,,
1436,Saber Trophy,1,544,0,0,0,0,0,0,0,0,0,0,0,0,0,0,0,0,0,0,0,0,0,0,0,0,0,0,0,0,0,0,0,0,667,0,0,0,0,0,0,1,0,,,,,,,,,,,,,,,,,,,,,,,,,,,,,,,,,,,,,,,,,,,,,,,,,,,,,
1437,Wooly Trophy,1,544,0,0,0,0,0,0,0,0,0,0,0,0,0,0,0,0,0,0,0,0,0,0,0,0,0,0,0,0,0,0,0,0,668,0,0,0,0,0,0,1,0,,,,,,,,,,,,,,,,,,,,,,,,,,,,,,,,,,,,,,,,,,,,,,,,,,,,,
1438,Alb Bindstone,1,188,0,0,0,0,0,0,0,0,0,0,0,0,0,0,0,0,0,0,0,0,0,0,0,0,0,0,0,0,0,0,0,0,669,0,0,0,0,0,0,,0,,,,,,,,,,,,,,,,,,,,,,,,,,,,,,,,,,,,,,,,,,,,,,,,,,,,,
1439,Alb Vault,1,179,0,0,0,0,0,0,0,0,0,0,0,0,0,0,0,0,0,0,0,0,0,0,0,0,0,0,0,0,0,0,0,0,670,0,0,0,0,0,0,,0,,,,,,,,,,,,,,,,,,,,,,,,,,,,,,,,,,,,,,,,,,,,,,,,,,,,,
1440,Hib Bindstone,1,517,0,0,0,0,0,0,0,0,0,0,0,0,0,0,0,0,0,0,0,0,0,0,0,0,0,0,0,0,0,0,0,0,671,0,0,0,0,0,0,,0,,,,,,,,,,,,,,,,,,,,,,,,,,,,,,,,,,,,,,,,,,,,,,,,,,,,,
1441,Hib Vault,1,179,0,0,0,0,0,0,0,0,0,0,0,0,0,0,0,0,0,0,0,0,0,0,0,0,0,0,0,0,0,0,0,0,672,0,0,0,0,0,0,,0,,,,,,,,,,,,,,,,,,,,,,,,,,,,,,,,,,,,,,,,,,,,,,,,,,,,,
1442,Mid Bindstone,1,188,0,0,0,0,0,0,0,0,0,0,0,0,0,0,0,0,0,0,0,0,0,0,0,0,0,0,0,0,0,0,0,0,673,0,0,0,0,0,0,,0,,,,,,,,,,,,,,,,,,,,,,,,,,,,,,,,,,,,,,,,,,,,,,,,,,,,,
1443,Mid Vault,1,179,0,0,0,0,0,0,0,0,0,0,0,0,0,0,0,0,0,0,0,0,0,0,0,0,0,0,0,0,0,0,0,0,674,0,0,0,0,0,0,,0,,,,,,,,,,,,,,,,,,,,,,,,,,,,,,,,,,,,,,,,,,,,,,,,,,,,,
1444,PlayH Alchemy,1,599,0,0,0,0,0,0,0,0,0,0,0,0,0,0,0,0,0,0,0,0,0,0,0,0,0,0,0,0,0,0,0,0,675,0,0,0,0,0,0,,0,,,,,,,,,,,,,,,,,,,,,,,,,,,,,,,,,,,,,,,,,,,,,,,,,,,,,
1445,PlayH Forge,1,2203,0,0,0,0,0,0,0,0,0,0,0,0,0,0,0,0,0,0,0,0,0,0,0,0,0,0,0,0,0,0,0,0,676,0,0,0,0,0,0,,0,,,,,,,,,,,,,,,,,,,,,,,,,,,,,,,,,,,,,,,,,,,,,,,,,,,,,
1446,PlayH Lathe,1,2202,0,0,0,0,0,0,0,0,0,0,0,0,0,0,0,0,0,0,0,0,0,0,0,0,0,0,0,0,0,0,0,0,677,0,0,0,0,0,0,,0,,,,,,,,,,,,,,,,,,,,,,,,,,,,,,,,,,,,,,,,,,,,,,,,,,,,,
1447,PlayH Leather,1,140,0,0,0,0,0,0,0,0,0,0,0,0,0,0,0,0,0,0,0,0,0,0,0,0,0,0,0,0,0,0,0,0,678,0,0,0,0,0,0,,0,,,,,,,,,,,,,,,,,,,,,,,,,,,,,,,,,,,,,,,,,,,,,,,,,,,,,
1449,Ext Garden 03A,1,566,0,0,0,0,0,0,0,0,0,0,0,0,0,0,0,0,0,0,0,0,0,0,0,0,0,0,0,0,0,0,0,0,680,0,0,0,0,0,0,,0,3,3,1,1,,,,,,,,,,,,,,,,,,,,,,,,,,,,,,,,,,,,,,,,,,,,,,,,,
1450,Ext Tile 01,1,188,0,0,0,0,0,0,0,0,0,0,0,0,0,0,0,0,0,0,0,0,0,0,0,0,0,0,0,0,0,0,0,0,681,0,0,0,0,0,0,,0,1,1,,,,,,,,,,,,,,,,,,,,,,,,,,,,,,,,,,,,,,,,,,,,,,,,,,,
1451,Ext Tile 02,1,188,0,0,0,0,0,0,0,0,0,0,0,0,0,0,0,0,0,0,0,0,0,0,0,0,0,0,0,0,0,0,0,0,682,0,0,0,0,0,0,,0,1,1,,,,,,,,,,,,,,,,,,,,,,,,,,,,,,,,,,,,,,,,,,,,,,,,,,,
1452,Ext Fount 4A,1,594,0,0,0,0,0,0,0,0,0,0,0,0,0,0,0,0,0,0,0,0,0,0,0,0,0,0,0,0,0,0,0,0,683,0,0,0,0,0,0,,0,3,3,1,1,,,,,,,,,,,,,,,,,,,,,,,,,,,,,,,,,,,,,,,,,,,,,,,,,
1453,ext Arch 01,1,2200,0,0,0,0,0,0,0,0,0,0,0,0,0,0,0,0,0,0,0,0,0,0,0,0,0,0,0,0,0,0,0,0,684,0,0,0,0,0,0,,0,1,4,,,,,,,,,,,,,,,,,,,,,,,,,,,,,,,,,,,,,,,,,,,,,,,,,,,
1454,ext hedge 02,1,595,0,0,0,0,0,0,0,0,0,0,0,0,0,0,0,0,0,0,0,0,0,0,0,0,0,0,0,0,0,0,0,0,685,0,0,0,0,0,0,,0,1,1,,,,,,,,,,,,,,,,,,,,,,,,,,,,,,,,,,,,,,,,,,,,,,,,,,,
1455,ext hedge 03,1,595,0,0,0,0,0,0,0,0,0,0,0,0,0,0,0,0,0,0,0,0,0,0,0,0,0,0,0,0,0,0,0,0,686,0,0,0,0,0,0,,0,1,1,,,,,,,,,,,,,,,,,,,,,,,,,,,,,,,,,,,,,,,,,,,,,,,,,,,
1456,ext hedge 04,1,595,0,0,0,0,0,0,0,0,0,0,0,0,0,0,0,0,0,0,0,0,0,0,0,0,0,0,0,0,0,0,0,0,687,0,0,0,0,0,0,,0,1,1,,,,,,,,,,,,,,,,,,,,,,,,,,,,,,,,,,,,,,,,,,,,,,,,,,,
1457,ext flowers 01,1,566,0,0,0,0,0,0,0,0,0,0,0,0,0,0,0,0,0,0,0,0,0,0,0,0,0,0,0,0,0,0,0,0,688,0,0,0,0,0,0,,0,2,2,,,,,,,,,,,,,,,,,,,,,,,,,,,,,,,,,,,,,,,,,,,,,,,,,,,
1458,ext flowers 02,1,566,0,0,0,0,0,0,0,0,0,0,0,0,0,0,0,0,0,0,0,0,0,0,0,0,0,0,0,0,0,0,0,0,689,0,0,0,0,0,0,,0,2,2,,,,,,,,,,,,,,,,,,,,,,,,,,,,,,,,,,,,,,,,,,,,,,,,,,,
1459,ext flowers 03,1,566,0,0,0,0,0,0,0,0,0,0,0,0,0,0,0,0,0,0,0,0,0,0,0,0,0,0,0,0,0,0,0,0,690,0,0,0,0,0,0,,0,1,1,,,,,,,,,,,,,,,,,,,,,,,,,,,,,,,,,,,,,,,,,,,,,,,,,,,
1460,ext flowers 04,1,566,0,0,0,0,0,0,0,0,0,0,0,0,0,0,0,0,0,0,0,0,0,0,0,0,0,0,0,0,0,0,0,0,691,0,0,0,0,0,0,,0,1,1,,,,,,,,,,,,,,,,,,,,,,,,,,,,,,,,,,,,,,,,,,,,,,,,,,,
1461,ext urn 01,1,523,0,0,0,0,0,0,0,0,0,0,0,0,0,0,0,0,0,0,0,0,0,0,0,0,0,0,0,0,0,0,0,0,692,0,0,0,0,0,0,,0,1,1,,,,,,,,,,,,,,,,,,,,,,,,,,,,,,,,,,,,,,,,,,,,,,,,,,,
1462,ext urn 02,1,523,0,0,0,0,0,0,0,0,0,0,0,0,0,0,0,0,0,0,0,0,0,0,0,0,0,0,0,0,0,0,0,0,693,0,0,0,0,0,0,,0,1,1,,,,,,,,,,,,,,,,,,,,,,,,,,,,,,,,,,,,,,,,,,,,,,,,,,,
1463,ext arch 01 wall,1,596,0,0,0,0,0,0,0,0,0,0,0,0,0,0,0,0,0,0,0,0,0,0,0,0,0,0,0,0,0,0,0,0,694,0,0,0,0,0,0,,0,1,14,,,,,,,,,,,,,,,,,,,,,,,,,,,,,,,,,,,,,,,,,,,,,,,,,,,
1464,ext arch 02,1,2200,0,0,0,0,0,0,0,0,0,0,0,0,0,0,0,0,0,0,0,0,0,0,0,0,0,0,0,0,0,0,0,0,695,0,0,0,0,0,0,,0,1,4,,,,,,,,,,,,,,,,,,,,,,,,,,,,,,,,,,,,,,,,,,,,,,,,,,,
1465,ext arch 02 wall,1,596,0,0,0,0,0,0,0,0,0,0,0,0,0,0,0,0,0,0,0,0,0,0,0,0,0,0,0,0,0,0,0,0,696,0,0,0,0,0,0,,0,1,14,,,,,,,,,,,,,,,,,,,,,,,,,,,,,,,,,,,,,,,,,,,,,,,,,,,
1466,ext arch 03,1,2200,0,0,0,0,0,0,0,0,0,0,0,0,0,0,0,0,0,0,0,0,0,0,0,0,0,0,0,0,0,0,0,0,697,0,0,0,0,0,0,,0,1,3,,,,,,,,,,,,,,,,,,,,,,,,,,,,,,,,,,,,,,,,,,,,,,,,,,,
1467,ext arch 03 wall,1,596,0,0,0,0,0,0,0,0,0,0,0,0,0,0,0,0,0,0,0,0,0,0,0,0,0,0,0,0,0,0,0,0,698,0,0,0,0,0,0,,0,1,14,,,,,,,,,,,,,,,,,,,,,,,,,,,,,,,,,,,,,,,,,,,,,,,,,,,
1468,ext stone 01,1,188,0,0,0,0,0,0,0,0,0,0,0,0,0,0,0,0,0,0,0,0,0,0,0,0,0,0,0,0,0,0,0,0,699,0,0,0,0,0,0,,0,1,1,,,,,,,,,,,,,,,,,,,,,,,,,,,,,,,,,,,,,,,,,,,,,,,,,,,
1469,ext stone 02,1,188,0,0,0,0,0,0,0,0,0,0,0,0,0,0,0,0,0,0,0,0,0,0,0,0,0,0,0,0,0,0,0,0,700,0,0,0,0,0,0,,0,1,1,,,,,,,,,,,,,,,,,,,,,,,,,,,,,,,,,,,,,,,,,,,,,,,,,,,
1470,ext stone 03,1,188,0,0,0,0,0,0,0,0,0,0,0,0,0,0,0,0,0,0,0,0,0,0,0,0,0,0,0,0,0,0,0,0,701,0,0,0,0,0,0,,0,1,1,,,,,,,,,,,,,,,,,,,,,,,,,,,,,,,,,,,,,,,,,,,,,,,,,,,
1471,ext stone 04,1,188,0,0,0,0,0,0,0,0,0,0,0,0,0,0,0,0,0,0,0,0,0,0,0,0,0,0,0,0,0,0,0,0,702,0,0,0,0,0,0,,0,2,2,,,,,,,,,,,,,,,,,,,,,,,,,,,,,,,,,,,,,,,,,,,,,,,,,,,
1472,ext statue 01,1,543,0,0,0,0,0,0,0,0,0,0,0,0,0,0,0,0,0,0,0,0,0,0,0,0,0,0,0,0,0,0,0,0,703,0,0,0,0,0,0,,0,1,1,,,,,,,,,,,,,,,,,,,,,,,,,,,,,,,,,,,,,,,,,,,,,,,,,,,
1473,ext tree 01,1,517,0,0,0,0,0,0,0,0,0,0,0,0,0,0,0,0,0,0,0,0,0,0,0,0,0,0,0,0,0,0,0,0,704,0,0,0,0,0,0,,0,1,1,,,,,,,,,,,,,,,,,,,,,,,,,,,,,,,,,,,,,,,,,,,,,,,,,,,
1474,ext tree 02,1,517,0,0,0,0,0,0,0,0,0,0,0,0,0,0,0,0,0,0,0,0,0,0,0,0,0,0,0,0,0,0,0,0,705,0,0,0,0,0,0,,0,1,1,,,,,,,,,,,,,,,,,,,,,,,,,,,,,,,,,,,,,,,,,,,,,,,,,,,
1475,ext tree 03,1,517,0,0,0,0,0,0,0,0,0,0,0,0,0,0,0,0,0,0,0,0,0,0,0,0,0,0,0,0,0,0,0,0,706,0,0,0,0,0,0,,0,1,1,,,,,,,,,,,,,,,,,,,,,,,,,,,,,,,,,,,,,,,,,,,,,,,,,,,
1476,Hedge Wall Long 1,1,595,0,0,0,0,0,0,0,0,0,0,0,0,0,0,0,0,0,0,0,0,0,0,0,0,0,0,0,0,0,0,0,0,707,0,0,0,0,0,0,,0,1,14,,,,,,,,,,,,,,,,,,,,,,,,,,,,,,,,,,,,,,,,,,,,,,,,,,,
1477,Hedge Wall  Short 1,1,595,0,0,0,0,0,0,0,0,0,0,0,0,0,0,0,0,0,0,0,0,0,0,0,0,0,0,0,0,0,0,0,0,708,0,0,0,0,0,0,,0,1,4,,,,,,,,,,,,,,,,,,,,,,,,,,,,,,,,,,,,,,,,,,,,,,,,,,,
1478,Hedge Wall Long 2,1,595,0,0,0,0,0,0,0,0,0,0,0,0,0,0,0,0,0,0,0,0,0,0,0,0,0,0,0,0,0,0,0,0,709,0,0,0,0,0,0,,0,1,14,,,,,,,,,,,,,,,,,,,,,,,,,,,,,,,,,,,,,,,,,,,,,,,,,,,
1479,Hedge Wall  Short 2,1,595,0,0,0,0,0,0,0,0,0,0,0,0,0,0,0,0,0,0,0,0,0,0,0,0,0,0,0,0,0,0,0,0,710,0,0,0,0,0,0,,0,1,4,,,,,,,,,,,,,,,,,,,,,,,,,,,,,,,,,,,,,,,,,,,,,,,,,,,
1480,Hedge Wall Long 3,1,595,0,0,0,0,0,0,0,0,0,0,0,0,0,0,0,0,0,0,0,0,0,0,0,0,0,0,0,0,0,0,0,0,711,0,0,0,0,0,0,,0,1,14,,,,,,,,,,,,,,,,,,,,,,,,,,,,,,,,,,,,,,,,,,,,,,,,,,,
1481,Hedge Wall  Short 3,1,595,0,0,0,0,0,0,0,0,0,0,0,0,0,0,0,0,0,0,0,0,0,0,0,0,0,0,0,0,0,0,0,0,712,0,0,0,0,0,0,,0,1,4,,,,,,,,,,,,,,,,,,,,,,,,,,,,,,,,,,,,,,,,,,,,,,,,,,,
1482,Hedge Wall Long 4,1,595,0,0,0,0,0,0,0,0,0,0,0,0,0,0,0,0,0,0,0,0,0,0,0,0,0,0,0,0,0,0,0,0,713,0,0,0,0,0,0,,0,1,14,,,,,,,,,,,,,,,,,,,,,,,,,,,,,,,,,,,,,,,,,,,,,,,,,,,
1483,Hedge Wall  Short 4,1,595,0,0,0,0,0,0,0,0,0,0,0,0,0,0,0,0,0,0,0,0,0,0,0,0,0,0,0,0,0,0,0,0,714,0,0,0,0,0,0,,0,1,4,,,,,,,,,,,,,,,,,,,,,,,,,,,,,,,,,,,,,,,,,,,,,,,,,,,
1484,Single Pixie Trophie Red,1,543,0,0,0,0,0,0,0,0,0,0,0,0,0,0,0,0,0,0,0,0,0,0,0,0,0,0,0,0,0,0,0,0,719,0,0,0,0,0,0,,0,,,,,,,,,,,,,,,,,,,,,,,,,,,,,,,,,,,,,,,,,,,,,,,,,,,,,
1485,Single Pixie Trophie Blue,1,543,0,0,0,0,0,0,0,0,0,0,0,0,0,0,0,0,0,0,0,0,0,0,0,0,0,0,0,0,0,0,0,0,720,0,0,0,0,0,0,,0,,,,,,,,,,,,,,,,,,,,,,,,,,,,,,,,,,,,,,,,,,,,,,,,,,,,,
1486,Single Pixie Trophie White,1,543,0,0,0,0,0,0,0,0,0,0,0,0,0,0,0,0,0,0,0,0,0,0,0,0,0,0,0,0,0,0,0,0,721,0,0,0,0,0,0,,0,,,,,,,,,,,,,,,,,,,,,,,,,,,,,,,,,,,,,,,,,,,,,,,,,,,,,
1487,Single Pixie Trophie Green,1,543,0,0,0,0,0,0,0,0,0,0,0,0,0,0,0,0,0,0,0,0,0,0,0,0,0,0,0,0,0,0,0,0,722,0,0,0,0,0,0,,0,,,,,,,,,,,,,,,,,,,,,,,,,,,,,,,,,,,,,,,,,,,,,,,,,,,,,
1488,PlayH - Alb Bindstone,669,188,0,0,0,0,0,0,0,0,0,0,0,0,0,0,0,0,0,0,0,0,0,0,0,0,0,0,0,0,0,0,0,0,669,0,0,0,0,0,0,,0,,,,,,,,,,,,,,,,,,,,,,,,,,,,,,,,,,,,,,,,,,,,,,,,,,,,,
1489,PlayH - Alb Vault,670,179,0,0,0,0,0,0,0,0,0,0,0,0,0,0,0,0,0,0,0,0,0,0,0,0,0,0,0,0,0,0,0,0,670,0,0,0,0,0,0,,0,,,,,,,,,,,,,,,,,,,,,,,,,,,,,,,,,,,,,,,,,,,,,,,,,,,,,
1490,PlayH - Hib Bindstone,671,517,0,0,0,0,0,0,0,0,0,0,0,0,0,0,0,0,0,0,0,0,0,0,0,0,0,0,0,0,0,0,0,0,671,0,0,0,0,0,0,,0,,,,,,,,,,,,,,,,,,,,,,,,,,,,,,,,,,,,,,,,,,,,,,,,,,,,,
1491,PlayH - Hib Vault,672,179,0,0,0,0,0,0,0,0,0,0,0,0,0,0,0,0,0,0,0,0,0,0,0,0,0,0,0,0,0,0,0,0,672,0,0,0,0,0,0,,0,,,,,,,,,,,,,,,,,,,,,,,,,,,,,,,,,,,,,,,,,,,,,,,,,,,,,
1492,PlayH - Mid Bindstone,673,188,0,0,0,0,0,0,0,0,0,0,0,0,0,0,0,0,0,0,0,0,0,0,0,0,0,0,0,0,0,0,0,0,673,0,0,0,0,0,0,,0,,,,,,,,,,,,,,,,,,,,,,,,,,,,,,,,,,,,,,,,,,,,,,,,,,,,,
1493,PlayH - Mid Vault,674,179,0,0,0,0,0,0,0,0,0,0,0,0,0,0,0,0,0,0,0,0,0,0,0,0,0,0,0,0,0,0,0,0,674,0,0,0,0,0,0,,0,,,,,,,,,,,,,,,,,,,,,,,,,,,,,,,,,,,,,,,,,,,,,,,,,,,,,
1494,PlayH Alchemy,675,599,0,0,0,0,0,0,0,0,0,0,0,0,0,0,0,0,0,0,0,0,0,0,0,0,0,0,0,0,0,0,0,0,675,0,0,0,0,0,0,,0,,,,,,,,,,,,,,,,,,,,,,,,,,,,,,,,,,,,,,,,,,,,,,,,,,,,,
1495,PlayH Forge,676,2203,0,0,0,0,0,0,0,0,0,0,0,0,0,0,0,0,0,0,0,0,0,0,0,0,0,0,0,0,0,0,0,0,676,0,0,0,0,0,0,,0,,,,,,,,,,,,,,,,,,,,,,,,,,,,,,,,,,,,,,,,,,,,,,,,,,,,,
1496,PlayH Lathe,677,2202,0,0,0,0,0,0,0,0,0,0,0,0,0,0,0,0,0,0,0,0,0,0,0,0,0,0,0,0,0,0,0,0,677,0,0,0,0,0,0,,0,,,,,,,,,,,,,,,,,,,,,,,,,,,,,,,,,,,,,,,,,,,,,,,,,,,,,
1497,Sign Siegecraft Use,1,529,0,0,0,0,0,0,0,0,0,0,0,0,0,0,0,0,0,0,0,0,0,0,0,0,0,0,0,0,0,0,0,0,727,0,0,0,0,0,0,,0,1,1,,,,,,,,,,,,,,,,,,,,,,,,,,,,,,,,,,,,,,,,,,,,,,,,,,,
1498,Sign Siegecraft Buy,1,529,0,0,0,0,0,0,0,0,0,0,0,0,0,0,0,0,0,0,0,0,0,0,0,0,0,0,0,0,0,0,0,0,728,0,0,0,0,0,0,,0,1,1,,,,,,,,,,,,,,,,,,,,,,,,,,,,,,,,,,,,,,,,,,,,,,,,,,,
1499,Sign ClothWork Use,1,529,0,0,0,0,0,0,0,0,0,0,0,0,0,0,0,0,0,0,0,0,0,0,0,0,0,0,0,0,0,0,0,0,729,0,0,0,0,0,0,,0,1,1,,,,,,,,,,,,,,,,,,,,,,,,,,,,,,,,,,,,,,,,,,,,,,,,,,,
1500,Sign ClothWork Buy,1,529,0,0,0,0,0,0,0,0,0,0,0,0,0,0,0,0,0,0,0,0,0,0,0,0,0,0,0,0,0,0,0,0,730,0,0,0,0,0,0,,0,1,1,,,,,,,,,,,,,,,,,,,,,,,,,,,,,,,,,,,,,,,,,,,,,,,,,,,
1501,Sign WoodWork Use,1,529,0,0,0,0,0,0,0,0,0,0,0,0,0,0,0,0,0,0,0,0,0,0,0,0,0,0,0,0,0,0,0,0,731,0,0,0,0,0,0,,0,1,1,,,,,,,,,,,,,,,,,,,,,,,,,,,,,,,,,,,,,,,,,,,,,,,,,,,
1502,Sign WoodWork Buy,1,529,0,0,0,0,0,0,0,0,0,0,0,0,0,0,0,0,0,0,0,0,0,0,0,0,0,0,0,0,0,0,0,0,732,0,0,0,0,0,0,,0,1,1,,,,,,,,,,,,,,,,,,,,,,,,,,,,,,,,,,,,,,,,,,,,,,,,,,,
1503,Sign WeaponCrafting Use,1,529,0,0,0,0,0,0,0,0,0,0,0,0,0,0,0,0,0,0,0,0,0,0,0,0,0,0,0,0,0,0,0,0,733,0,0,0,0,0,0,,0,1,1,,,,,,,,,,,,,,,,,,,,,,,,,,,,,,,,,,,,,,,,,,,,,,,,,,,
1504,Sign WeaponCrafting Buy,1,529,0,0,0,0,0,0,0,0,0,0,0,0,0,0,0,0,0,0,0,0,0,0,0,0,0,0,0,0,0,0,0,0,734,0,0,0,0,0,0,,0,1,1,,,,,,,,,,,,,,,,,,,,,,,,,,,,,,,,,,,,,,,,,,,,,,,,,,,
1505,Sign Tailoring Use,1,529,0,0,0,0,0,0,0,0,0,0,0,0,0,0,0,0,0,0,0,0,0,0,0,0,0,0,0,0,0,0,0,0,735,0,0,0,0,0,0,,0,1,1,,,,,,,,,,,,,,,,,,,,,,,,,,,,,,,,,,,,,,,,,,,,,,,,,,,
1506,Sign Tailoring Buy,1,529,0,0,0,0,0,0,0,0,0,0,0,0,0,0,0,0,0,0,0,0,0,0,0,0,0,0,0,0,0,0,0,0,736,0,0,0,0,0,0,,0,1,1,,,,,,,,,,,,,,,,,,,,,,,,,,,,,,,,,,,,,,,,,,,,,,,,,,,
1507,Sign SpellCrafting Use,1,529,0,0,0,0,0,0,0,0,0,0,0,0,0,0,0,0,0,0,0,0,0,0,0,0,0,0,0,0,0,0,0,0,737,0,0,0,0,0,0,,0,1,1,,,,,,,,,,,,,,,,,,,,,,,,,,,,,,,,,,,,,,,,,,,,,,,,,,,
1508,Sign SpellCrafting Buy,1,529,0,0,0,0,0,0,0,0,0,0,0,0,0,0,0,0,0,0,0,0,0,0,0,0,0,0,0,0,0,0,0,0,738,0,0,0,0,0,0,,0,1,1,,,,,,,,,,,,,,,,,,,,,,,,,,,,,,,,,,,,,,,,,,,,,,,,,,,
1509,Sign MetalWork Use,1,529,0,0,0,0,0,0,0,0,0,0,0,0,0,0,0,0,0,0,0,0,0,0,0,0,0,0,0,0,0,0,0,0,739,0,0,0,0,0,0,,0,1,1,,,,,,,,,,,,,,,,,,,,,,,,,,,,,,,,,,,,,,,,,,,,,,,,,,,
1510,Sign MetalWork Buy,1,529,0,0,0,0,0,0,0,0,0,0,0,0,0,0,0,0,0,0,0,0,0,0,0,0,0,0,0,0,0,0,0,0,740,0,0,0,0,0,0,,0,1,1,,,,,,,,,,,,,,,,,,,,,,,,,,,,,,,,,,,,,,,,,,,,,,,,,,,
1511,Sign LeatherWork Use,1,529,0,0,0,0,0,0,0,0,0,0,0,0,0,0,0,0,0,0,0,0,0,0,0,0,0,0,0,0,0,0,0,0,741,0,0,0,0,0,0,,0,1,1,,,,,,,,,,,,,,,,,,,,,,,,,,,,,,,,,,,,,,,,,,,,,,,,,,,
1512,Sign LeatherWork Buy,1,529,0,0,0,0,0,0,0,0,0,0,0,0,0,0,0,0,0,0,0,0,0,0,0,0,0,0,0,0,0,0,0,0,742,0,0,0,0,0,0,,0,1,1,,,,,,,,,,,,,,,,,,,,,,,,,,,,,,,,,,,,,,,,,,,,,,,,,,,
1513,Sign Fletching Use,1,529,0,0,0,0,0,0,0,0,0,0,0,0,0,0,0,0,0,0,0,0,0,0,0,0,0,0,0,0,0,0,0,0,743,0,0,0,0,0,0,,0,1,1,,,,,,,,,,,,,,,,,,,,,,,,,,,,,,,,,,,,,,,,,,,,,,,,,,,
1514,Sign Fletching Buy,1,529,0,0,0,0,0,0,0,0,0,0,0,0,0,0,0,0,0,0,0,0,0,0,0,0,0,0,0,0,0,0,0,0,744,0,0,0,0,0,0,,0,1,1,,,,,,,,,,,,,,,,,,,,,,,,,,,,,,,,,,,,,,,,,,,,,,,,,,,
1515,Sign ArmorCrafting Use,1,529,0,0,0,0,0,0,0,0,0,0,0,0,0,0,0,0,0,0,0,0,0,0,0,0,0,0,0,0,0,0,0,0,745,0,0,0,0,0,0,,0,1,1,,,,,,,,,,,,,,,,,,,,,,,,,,,,,,,,,,,,,,,,,,,,,,,,,,,
1516,Sign ArmorCrafting Buy,1,529,0,0,0,0,0,0,0,0,0,0,0,0,0,0,0,0,0,0,0,0,0,0,0,0,0,0,0,0,0,0,0,0,746,0,0,0,0,0,0,,0,1,1,,,,,,,,,,,,,,,,,,,,,,,,,,,,,,,,,,,,,,,,,,,,,,,,,,,
1517,Sign Alchemy Use,1,529,0,0,0,0,0,0,0,0,0,0,0,0,0,0,0,0,0,0,0,0,0,0,0,0,0,0,0,0,0,0,0,0,747,0,0,0,0,0,0,,0,1,1,,,,,,,,,,,,,,,,,,,,,,,,,,,,,,,,,,,,,,,,,,,,,,,,,,,
1518,Sign Alchemy Buy,1,529,0,0,0,0,0,0,0,0,0,0,0,0,0,0,0,0,0,0,0,0,0,0,0,0,0,0,0,0,0,0,0,0,748,0,0,0,0,0,0,,0,1,1,,,,,,,,,,,,,,,,,,,,,,,,,,,,,,,,,,,,,,,,,,,,,,,,,,,
1519,int wall trophy orborax,1,543,0,0,0,0,0,0,0,0,0,0,0,0,0,0,0,0,0,0,0,0,0,0,0,0,0,0,0,0,0,0,0,0,749,0,0,0,0,0,0,0,0,,,,,,,,,,,,,,,,,,,,,,,,,,,,,,,,,,,,,,,,,,,,,,,,,,,,,
1520,Long Tile 1,1,188,0,0,0,0,0,0,0,0,0,0,0,0,0,0,0,0,0,0,0,0,0,0,0,0,0,0,0,0,0,0,0,0,750,0,0,0,0,0,0,0,0,1,3,,,,,,,,,,,,,,,,,,,,,,,,,,,,,,,,,,,,,,,,,,,,,,,,,,,
1521,Long Tile 2,1,188,0,0,0,0,0,0,0,0,0,0,0,0,0,0,0,0,0,0,0,0,0,0,0,0,0,0,0,0,0,0,0,0,751,0,0,0,0,0,0,0,0,1,3,,,,,,,,,,,,,,,,,,,,,,,,,,,,,,,,,,,,,,,,,,,,,,,,,,,
1522,ext fountain 05(frog),1,594,0,0,0,0,0,0,0,0,0,0,0,0,0,0,0,0,0,0,0,0,0,0,0,0,0,0,0,0,0,0,0,0,752,0,0,0,0,0,0,0,0,3,3,1,1,,,,,,,,,,,,,,,,,,,,,,,,,,,,,,,,,,,,,,,,,,,,,,,,,
1523,ext statue 01 01,1,543,0,0,0,0,0,0,0,0,0,0,0,0,0,0,0,0,0,0,0,0,0,0,0,0,0,0,0,0,0,0,0,0,753,0,0,0,0,0,0,0,0,1,1,,,,,,,,,,,,,,,,,,,,,,,,,,,,,,,,,,,,,,,,,,,,,,,,,,,
1524,ext wishing well,1,523,0,0,0,0,0,0,0,0,0,0,0,0,0,0,0,0,0,0,0,0,0,0,0,0,0,0,0,0,0,0,0,0,754,0,0,0,0,0,0,0,0,3,3,1,1,,,,,,,,,,,,,,,,,,,,,,,,,,,,,,,,,,,,,,,,,,,,,,,,,
1525,int floor chair 03 blk,1,2204,0,0,0,0,0,0,0,0,0,0,0,0,0,0,0,0,0,0,0,0,0,0,0,0,0,0,0,0,0,0,0,0,755,0,0,0,0,0,0,0,0,,,,,,,,,,,,,,,,,,,,,,,,,,,,,,,,,,,,,,,,,,,,,,,,,,,,,
1526,int floor chair 03 green,1,2204,0,0,0,0,0,0,0,0,0,0,0,0,0,0,0,0,0,0,0,0,0,0,0,0,0,0,0,0,0,0,0,0,756,0,0,0,0,0,0,0,0,,,,,,,,,,,,,,,,,,,,,,,,,,,,,,,,,,,,,,,,,,,,,,,,,,,,,
1527,int floor chair 03 purp,1,2204,0,0,0,0,0,0,0,0,0,0,0,0,0,0,0,0,0,0,0,0,0,0,0,0,0,0,0,0,0,0,0,0,757,0,0,0,0,0,0,0,0,,,,,,,,,,,,,,,,,,,,,,,,,,,,,,,,,,,,,,,,,,,,,,,,,,,,,
1528,int floor chair 03 red,1,2204,0,0,0,0,0,0,0,0,0,0,0,0,0,0,0,0,0,0,0,0,0,0,0,0,0,0,0,0,0,0,0,0,758,0,0,0,0,0,0,0,0,,,,,,,,,,,,,,,,,,,,,,,,,,,,,,,,,,,,,,,,,,,,,,,,,,,,,
1529,int floor chair 03 yel,1,2204,0,0,0,0,0,0,0,0,0,0,0,0,0,0,0,0,0,0,0,0,0,0,0,0,0,0,0,0,0,0,0,0,759,0,0,0,0,0,0,0,0,,,,,,,,,,,,,,,,,,,,,,,,,,,,,,,,,,,,,,,,,,,,,,,,,,,,,
1530,int floor chair 04 blk,1,2204,0,0,0,0,0,0,0,0,0,0,0,0,0,0,0,0,0,0,0,0,0,0,0,0,0,0,0,0,0,0,0,0,760,0,0,0,0,0,0,0,0,,,,,,,,,,,,,,,,,,,,,,,,,,,,,,,,,,,,,,,,,,,,,,,,,,,,,
1531,int floor chair 04 green,1,2204,0,0,0,0,0,0,0,0,0,0,0,0,0,0,0,0,0,0,0,0,0,0,0,0,0,0,0,0,0,0,0,0,761,0,0,0,0,0,0,0,0,,,,,,,,,,,,,,,,,,,,,,,,,,,,,,,,,,,,,,,,,,,,,,,,,,,,,
1532,int floor chair 04 purp,1,2204,0,0,0,0,0,0,0,0,0,0,0,0,0,0,0,0,0,0,0,0,0,0,0,0,0,0,0,0,0,0,0,0,762,0,0,0,0,0,0,0,0,,,,,,,,,,,,,,,,,,,,,,,,,,,,,,,,,,,,,,,,,,,,,,,,,,,,,
1533,int floor chair 04 red,1,2204,0,0,0,0,0,0,0,0,0,0,0,0,0,0,0,0,0,0,0,0,0,0,0,0,0,0,0,0,0,0,0,0,763,0,0,0,0,0,0,0,0,,,,,,,,,,,,,,,,,,,,,,,,,,,,,,,,,,,,,,,,,,,,,,,,,,,,,
1534,int floor chair 04 yel,1,2204,0,0,0,0,0,0,0,0,0,0,0,0,0,0,0,0,0,0,0,0,0,0,0,0,0,0,0,0,0,0,0,0,764,0,0,0,0,0,0,0,0,,,,,,,,,,,,,,,,,,,,,,,,,,,,,,,,,,,,,,,,,,,,,,,,,,,,,
1535,int floor chair 07,1,2204,0,0,0,0,0,0,0,0,0,0,0,0,0,0,0,0,0,0,0,0,0,0,0,0,0,0,0,0,0,0,0,0,765,0,0,0,0,0,0,0,0,,,,,,,,,,,,,,,,,,,,,,,,,,,,,,,,,,,,,,,,,,,,,,,,,,,,,
1536,int wall bookshelf 01,1,174,0,0,0,0,0,0,0,0,0,0,0,0,0,0,0,0,0,0,0,0,0,0,0,0,0,0,0,0,0,0,0,0,766,0,0,0,0,0,0,0,0,,,,,,,,,,,,,,,,,,,,,,,,,,,,,,,,,,,,,,,,,,,,,,,,,,,,,
1537,int wall bookshelf 02,1,174,0,0,0,0,0,0,0,0,0,0,0,0,0,0,0,0,0,0,0,0,0,0,0,0,0,0,0,0,0,0,0,0,767,0,0,0,0,0,0,0,0,,,,,,,,,,,,,,,,,,,,,,,,,,,,,,,,,,,,,,,,,,,,,,,,,,,,,
1538,int floor bookshelf 03,1,174,0,0,0,0,0,0,0,0,0,0,0,0,0,0,0,0,0,0,0,0,0,0,0,0,0,0,0,0,0,0,0,0,768,0,0,0,0,0,0,0,0,,,,,,,,,,,,,,,,,,,,,,,,,,,,,,,,,,,,,,,,,,,,,,,,,,,,,
1539,ext archery target,1,2201,0,0,0,0,0,0,0,0,0,0,0,0,0,0,0,0,0,0,0,0,0,0,0,0,0,0,0,0,0,0,0,0,769,0,0,0,0,0,0,0,0,1,1,,,,,,,,,,,,,,,,,,,,,,,,,,,,,,,,,,,,,,,,,,,,,,,,,,,
1540,int wall dartboard,1,2201,0,0,0,0,0,0,0,0,0,0,0,0,0,0,0,0,0,0,0,0,0,0,0,0,0,0,0,0,0,0,0,0,770,0,0,0,0,0,0,0,0,,,,,,,,,,,,,,,,,,,,,,,,,,,,,,,,,,,,,,,,,,,,,,,,,,,,,
1541,ext barrel 03,1,521,0,0,0,0,0,0,0,0,0,0,0,0,0,0,0,0,0,0,0,0,0,0,0,0,0,0,0,0,0,0,0,0,771,0,0,0,0,0,0,0,0,1,1,,,,,,,,,,,,,,,,,,,,,,,,,,,,,,,,,,,,,,,,,,,,,,,,,,,
1542,ext barrel 01,1,521,0,0,0,0,0,0,0,0,0,0,0,0,0,0,0,0,0,0,0,0,0,0,0,0,0,0,0,0,0,0,0,0,772,0,0,0,0,0,0,0,0,1,1,,,,,,,,,,,,,,,,,,,,,,,,,,,,,,,,,,,,,,,,,,,,,,,,,,,
1543,ext barrel 02,1,521,0,0,0,0,0,0,0,0,0,0,0,0,0,0,0,0,0,0,0,0,0,0,0,0,0,0,0,0,0,0,0,0,773,0,0,0,0,0,0,0,0,1,1,,,,,,,,,,,,,,,,,,,,,,,,,,,,,,,,,,,,,,,,,,,,,,,,,,,
1544,ext garden 04,1,566,0,0,0,0,0,0,0,0,0,0,0,0,0,0,0,0,0,0,0,0,0,0,0,0,0,0,0,0,0,0,0,0,774,0,0,0,0,0,0,0,0,1,3,,,,,,,,,,,,,,,,,,,,,,,,,,,,,,,,,,,,,,,,,,,,,,,,,,,
1545,dartboard 02,1,2201,0,0,0,0,0,0,0,0,0,0,0,0,0,0,0,0,0,0,0,0,0,0,0,0,0,0,0,0,0,0,0,0,775,0,0,0,0,0,0,0,0,,,,,,,,,,,,,,,,,,,,,,,,,,,,,,,,,,,,,,,,,,,,,,,,,,,,,
1546,ext outhouse alb,1,552,0,0,0,0,0,0,0,0,0,0,0,0,0,0,0,0,0,0,0,0,0,0,0,0,0,0,0,0,0,0,0,0,776,0,0,0,0,0,0,0,0,2,2,,,,,,,,,,,,,,,,,,,,,,,,,,,,,,,,,,,,,,,,,,,,,,,,,,,
1547,ext outhouse hib,1,552,0,0,0,0,0,0,0,0,0,0,0,0,0,0,0,0,0,0,0,0,0,0,0,0,0,0,0,0,0,0,0,0,777,0,0,0,0,0,0,0,0,2,2,,,,,,,,,,,,,,,,,,,,,,,,,,,,,,,,,,,,,,,,,,,,,,,,,,,
1548,ext outhouse mid,1,552,0,0,0,0,0,0,0,0,0,0,0,0,0,0,0,0,0,0,0,0,0,0,0,0,0,0,0,0,0,0,0,0,778,0,0,0,0,0,0,0,0,2,2,,,,,,,,,,,,,,,,,,,,,,,,,,,,,,,,,,,,,,,,,,,,,,,,,,,
1549,Trellis,1,552,0,0,0,0,0,0,0,0,0,0,0,0,0,0,0,0,0,0,0,0,0,0,0,0,0,0,0,0,0,0,0,0,779,0,0,0,0,0,0,0,0,1,3,,,,,,,,,,,,,,,,,,,,,,,,,,,,,,,,,,,,,,,,,,,,,,,,,,,
1550,int floor foot stool,1,2204,0,0,0,0,0,0,0,0,0,0,0,0,0,0,0,0,0,0,0,0,0,0,0,0,0,0,0,0,0,0,0,0,780,0,0,0,0,0,0,0,0,,,,,,,,,,,,,,,,,,,,,,,,,,,,,,,,,,,,,,,,,,,,,,,,,,,,,
1551,int floor table round 02,1,598,0,0,0,0,0,0,0,0,0,0,0,0,0,0,0,0,0,0,0,0,0,0,0,0,0,0,0,0,0,0,0,0,781,0,0,0,0,0,0,0,0,,,,,,,,,,,,,,,,,,,,,,,,,,,,,,,,,,,,,,,,,,,,,,,,,,,,,
1552,picnic bench,1,599,0,0,0,0,0,0,0,0,0,0,0,0,0,0,0,0,0,0,0,0,0,0,0,0,0,0,0,0,0,0,0,0,782,0,0,0,0,0,0,0,0,1,2,,,,,,,,,,,,,,,,,,,,,,,,,,,,,,,,,,,,,,,,,,,,,,,,,,,
1553,chess table,1,599,0,0,0,0,0,0,0,0,0,0,0,0,0,0,0,0,0,0,0,0,0,0,0,0,0,0,0,0,0,0,0,0,783,0,0,0,0,0,0,0,0,1,1,,,,,,,,,,,,,,,,,,,,,,,,,,,,,,,,,,,,,,,,,,,,,,,,,,,
1554,Old Bone Dancer Vest,1,104,2201,2200,0,0,2204,0,0,0,0,0,1,0,0,0,0,0,0,0,0,0,0,0,0,0,0,0,0,0,0,0,0,0,0,0,0,0,0,0,0,,0,,,,,,,,,,,,,,,,,,,,,1,4640,4639,,,,,,16,5,5,-1,-1,,,,,,,,,,,,,,,,,,,,
1555,Old Bone Dancer Legs,1,120,0,0,0,0,0,2205,0,0,0,0,0,0,0,0,0,0,0,0,0,0,0,0,0,0,0,0,0,0,0,0,0,0,0,0,0,0,0,0,0,,0,,,,,,,,,,,,,,,,,,,,,1,,,,,4643,,,,,,,,,,,,,,,,,,,,,,,,,,,
1556,Old Bone Dancer Arms,1,110,0,0,2199,0,0,0,0,0,0,0,0,0,0,0,0,0,0,0,0,0,0,0,0,0,0,0,0,0,3,0,0,0,0,0,0,0,0,0,0,,0,,,,,,,,,,,,,,,,,,,,,1,,,,,,,,,,,,,,,,,,,,,,,,,,,,,,,,
1557,Old Bone Dancer Boot,1,124,0,0,0,0,0,0,2202,0,0,0,0,0,0,0,0,0,0,0,0,0,0,0,0,0,0,0,0,0,0,0,0,0,0,0,0,0,0,0,0,,0,,,,,,,,,,,,,,,,,,,,,1,,,,,,4641,,,,1,,,,,,,,,,,,,,,,,,,,,,
1558,Old Bone Dancer Glove,1,114,0,0,0,2203,0,0,0,0,0,0,0,0,0,0,0,0,0,0,0,0,0,0,0,0,0,0,0,0,0,0,0,0,0,0,0,0,0,0,0,,0,,,,,,,,,,,,,,,,,,,,,1,,,,4642,,,,,1,,,,,,,,,,,,,,,,,,,,,,,
1559,int floor keg stack,1,521,0,0,0,0,0,0,0,0,0,0,0,0,0,0,0,0,0,0,0,0,0,0,0,0,0,0,0,0,0,0,0,0,784,0,0,0,0,0,0,0,0,,,,,,,,,,,,,,,,,,,,,,,,,,,,,,,,,,,,,,,,,,,,,,,,,,,,,
1560,int floor keg,1,521,0,0,0,0,0,0,0,0,0,0,0,0,0,0,0,0,0,0,0,0,0,0,0,0,0,0,0,0,0,0,0,0,785,0,0,0,0,0,0,0,0,,,,,,,,,,,,,,,,,,,,,,,,,,,,,,,,,,,,,,,,,,,,,,,,,,,,,
1561,ext tiki torch,1,551,0,0,0,0,0,0,0,0,0,0,0,0,0,0,0,0,0,0,0,0,0,0,0,0,0,0,0,0,0,0,0,0,786,0,0,0,0,0,0,0,0,1,1,,,,,,,,,,,,,,,,,,,,,,,,,,,,,,,,,,,,,,,,,,,,,,,,,,,
1562,int chess table,1,599,0,0,0,0,0,0,0,0,0,0,0,0,0,0,0,0,0,0,0,0,0,0,0,0,0,0,0,0,0,0,0,0,787,0,0,0,0,0,0,0,0,,,,,,,,,,,,,,,,,,,,,,,,,,,,,,,,,,,,,,,,,,,,,,,,,,,,,
1563,int floor fur rug 01,1,181,0,0,0,0,0,0,0,0,0,0,0,0,0,0,0,0,0,0,0,0,0,0,0,0,0,0,0,0,0,0,0,0,788,0,0,0,0,0,0,0,0,,,,,,,,,,,,,,,,,,,,,,,,,,,,,,,,,,,,,,,,,,,,,,,,,,,,,
1564,int floor fur rug 02,1,181,0,0,0,0,0,0,0,0,0,0,0,0,0,0,0,0,0,0,0,0,0,0,0,0,0,0,0,0,0,0,0,0,789,0,0,0,0,0,0,0,0,,,,,,,,,,,,,,,,,,,,,,,,,,,,,,,,,,,,,,,,,,,,,,,,,,,,,
1565,int floor fur rug 03,1,181,0,0,0,0,0,0,0,0,0,0,0,0,0,0,0,0,0,0,0,0,0,0,0,0,0,0,0,0,0,0,0,0,790,0,0,0,0,0,0,0,0,,,,,,,,,,,,,,,,,,,,,,,,,,,,,,,,,,,,,,,,,,,,,,,,,,,,,
1566,int floor fur rug 04,1,181,0,0,0,0,0,0,0,0,0,0,0,0,0,0,0,0,0,0,0,0,0,0,0,0,0,0,0,0,0,0,0,0,791,0,0,0,0,0,0,0,0,,,,,,,,,,,,,,,,,,,,,,,,,,,,,,,,,,,,,,,,,,,,,,,,,,,,,
1567,int floor fur rug 05,1,181,0,0,0,0,0,0,0,0,0,0,0,0,0,0,0,0,0,0,0,0,0,0,0,0,0,0,0,0,0,0,0,0,792,0,0,0,0,0,0,0,0,,,,,,,,,,,,,,,,,,,,,,,,,,,,,,,,,,,,,,,,,,,,,,,,,,,,,
1568,ext hitching post,1,526,0,0,0,0,0,0,0,0,0,0,0,0,0,0,0,0,0,0,0,0,0,0,0,0,0,0,0,0,0,0,0,0,793,0,0,0,0,0,0,0,0,1,1,,,,,,,,,,,,,,,,,,,,,,,,,,,,,,,,,,,,,,,,,,,,,,,,,,,
1569,int fish tank,1,518,0,0,0,0,0,0,0,0,0,0,0,0,0,0,0,0,0,0,0,0,0,0,0,0,0,0,0,0,0,0,0,0,794,0,0,0,0,0,0,0,0,,,,,,,,,,,,,,,,,,,,,,,,,,,,,,,,,,,,,,,,,,,,,,,,,,,,,
1570,ext lion statue,1,544,0,0,0,0,0,0,0,0,0,0,0,0,0,0,0,0,0,0,0,0,0,0,0,0,0,0,0,0,0,0,0,0,795,0,0,0,0,0,0,0,0,1,1,,,,,,,,,,,,,,,,,,,,,,,,,,,,,,,,,,,,,,,,,,,,,,,,,,,
1571,int card table,1,599,0,0,0,0,0,0,0,0,0,0,0,0,0,0,0,0,0,0,0,0,0,0,0,0,0,0,0,0,0,0,0,0,796,0,0,0,0,0,0,0,0,,,,,,,,,,,,,,,,,,,,,,,,,,,,,,,,,,,,,,,,,,,,,,,,,,,,,
1572,int wall tapestry 01,1,181,0,0,0,0,0,0,0,0,0,0,0,0,0,0,0,0,0,0,0,0,0,0,0,0,0,0,0,0,0,0,0,0,797,0,0,0,0,0,0,0,0,,,,,,,,,,,,,,,,,,,,,,,,,,,,,,,,,,,,,,,,,,,,,,,,,,,,,
1573,int wall tapestry 02,1,181,0,0,0,0,0,0,0,0,0,0,0,0,0,0,0,0,0,0,0,0,0,0,0,0,0,0,0,0,0,0,0,0,798,0,0,0,0,0,0,0,0,,,,,,,,,,,,,,,,,,,,,,,,,,,,,,,,,,,,,,,,,,,,,,,,,,,,,
1574,int wall tapestry 03,1,181,0,0,0,0,0,0,0,0,0,0,0,0,0,0,0,0,0,0,0,0,0,0,0,0,0,0,0,0,0,0,0,0,799,0,0,0,0,0,0,0,0,,,,,,,,,,,,,,,,,,,,,,,,,,,,,,,,,,,,,,,,,,,,,,,,,,,,,
1575,ext_rose_trellis,1,552,0,0,0,0,0,0,0,0,0,0,0,0,0,0,0,0,0,0,0,0,0,0,0,0,0,0,0,0,0,0,0,0,800,0,0,0,0,0,0,0,0,1,3,,,,,,,,,,,,,,,,,,,,,,,,,,,,,,,,,,,,,,,,,,,,,,,,,,,
1576,int_wall_tapestry_01a,1,181,0,0,0,0,0,0,0,0,0,0,0,0,0,0,0,0,0,0,0,0,0,0,0,0,0,0,0,0,0,0,0,0,801,0,0,0,0,0,0,0,0,,,,,,,,,,,,,,,,,,,,,,,,,,,,,,,,,,,,,,,,,,,,,,,,,,,,,
1577,int_wall_tapestry_01b,1,181,0,0,0,0,0,0,0,0,0,0,0,0,0,0,0,0,0,0,0,0,0,0,0,0,0,0,0,0,0,0,0,0,802,0,0,0,0,0,0,0,0,,,,,,,,,,,,,,,,,,,,,,,,,,,,,,,,,,,,,,,,,,,,,,,,,,,,,
1578,chamber pot,1,524,0,0,0,0,0,0,0,0,0,0,0,0,0,0,0,0,0,0,0,0,0,0,0,0,0,0,0,0,0,0,0,0,803,0,0,0,0,0,0,0,0,,,,,,,,,,,,,,,,,,,,,,,,,,,,,,,,,,,,,,,,,,,,,,,,,,,,,
1579,Sidewalk 01 6x1,1,188,0,0,0,0,0,0,0,0,0,0,0,0,0,0,0,0,0,0,0,0,0,0,0,0,0,0,0,0,0,0,0,0,804,0,0,0,0,0,0,0,0,1,6,,,,,,,,,,,,,,,,,,,,,,,,,,,,,,,,,,,,,,,,,,,,,,,,,,,
1580,Sidewalk 01 14x1,1,188,0,0,0,0,0,0,0,0,0,0,0,0,0,0,0,0,0,0,0,0,0,0,0,0,0,0,0,0,0,0,0,0,805,0,0,0,0,0,0,0,0,1,14,,,,,,,,,,,,,,,,,,,,,,,,,,,,,,,,,,,,,,,,,,,,,,,,,,,
1581,Sidewalk 01 2x2,1,188,0,0,0,0,0,0,0,0,0,0,0,0,0,0,0,0,0,0,0,0,0,0,0,0,0,0,0,0,0,0,0,0,806,0,0,0,0,0,0,0,0,2,2,,,,,,,,,,,,,,,,,,,,,,,,,,,,,,,,,,,,,,,,,,,,,,,,,,,
1582,Sidewalk 01 3x1,1,188,0,0,0,0,0,0,0,0,0,0,0,0,0,0,0,0,0,0,0,0,0,0,0,0,0,0,0,0,0,0,0,0,807,0,0,0,0,0,0,0,0,1,3,,,,,,,,,,,,,,,,,,,,,,,,,,,,,,,,,,,,,,,,,,,,,,,,,,,
1583,Sidewalk 02 14x1,1,188,0,0,0,0,0,0,0,0,0,0,0,0,0,0,0,0,0,0,0,0,0,0,0,0,0,0,0,0,0,0,0,0,808,0,0,0,0,0,0,0,0,1,14,,,,,,,,,,,,,,,,,,,,,,,,,,,,,,,,,,,,,,,,,,,,,,,,,,,
1584,Sidewalk 02 2x2,1,188,0,0,0,0,0,0,0,0,0,0,0,0,0,0,0,0,0,0,0,0,0,0,0,0,0,0,0,0,0,0,0,0,809,0,0,0,0,0,0,0,0,2,2,,,,,,,,,,,,,,,,,,,,,,,,,,,,,,,,,,,,,,,,,,,,,,,,,,,
1585,Sidewalk 02 3x1,1,188,0,0,0,0,0,0,0,0,0,0,0,0,0,0,0,0,0,0,0,0,0,0,0,0,0,0,0,0,0,0,0,0,810,0,0,0,0,0,0,0,0,1,3,,,,,,,,,,,,,,,,,,,,,,,,,,,,,,,,,,,,,,,,,,,,,,,,,,,
1586,Sidewalk 02 6x1,1,188,0,0,0,0,0,0,0,0,0,0,0,0,0,0,0,0,0,0,0,0,0,0,0,0,0,0,0,0,0,0,0,0,811,0,0,0,0,0,0,0,0,1,6,,,,,,,,,,,,,,,,,,,,,,,,,,,,,,,,,,,,,,,,,,,,,,,,,,,
1587,Wagon Wheel,1,599,0,0,0,0,0,0,0,0,0,0,0,0,0,0,0,0,0,0,0,0,0,0,0,0,0,0,0,0,0,0,0,0,812,0,0,0,0,0,0,0,0,1,1,,,,,,,,,,,,,,,,,,,,,,,,,,,,,,,,,,,,,,,,,,,,,,,,,,,
1588,Gazebo,1,552,0,0,0,0,0,0,0,0,0,0,0,0,0,0,0,0,0,0,0,0,0,0,0,0,0,0,0,0,0,0,0,0,813,0,0,0,0,0,0,0,0,3,3,1,1,,,,,,,,,,,,,,,,,,,,,,,,,,,,,,,,,,,,,,,,,,,,,,,,,
1589,Corn Field,1,566,0,0,0,0,0,0,0,0,0,0,0,0,0,0,0,0,0,0,0,0,0,0,0,0,0,0,0,0,0,0,0,0,814,0,0,0,0,0,0,0,0,1,3,,,,,,,,,,,,,,,,,,,,,,,,,,,,,,,,,,,,,,,,,,,,,,,,,,,
1590,Corn Field 2,1,566,0,0,0,0,0,0,0,0,0,0,0,0,0,0,0,0,0,0,0,0,0,0,0,0,0,0,0,0,0,0,0,0,815,0,0,0,0,0,0,0,0,1,3,,,,,,,,,,,,,,,,,,,,,,,,,,,,,,,,,,,,,,,,,,,,,,,,,,,
1591,Pumpkin Patch,1,566,0,0,0,0,0,0,0,0,0,0,0,0,0,0,0,0,0,0,0,0,0,0,0,0,0,0,0,0,0,0,0,0,816,0,0,0,0,0,0,0,0,1,3,,,,,,,,,,,,,,,,,,,,,,,,,,,,,,,,,,,,,,,,,,,,,,,,,,,
1592,int wall tapestry 02a,1,181,0,0,0,0,0,0,0,0,0,0,0,0,0,0,0,0,0,0,0,0,0,0,0,0,0,0,0,0,0,0,0,0,817,0,0,0,0,0,0,0,0,,,,,,,,,,,,,,,,,,,,,,,,,,,,,,,,,,,,,,,,,,,,,,,,,,,,,
1593,int wall tapestry 02b,1,181,0,0,0,0,0,0,0,0,0,0,0,0,0,0,0,0,0,0,0,0,0,0,0,0,0,0,0,0,0,0,0,0,818,0,0,0,0,0,0,0,0,,,,,,,,,,,,,,,,,,,,,,,,,,,,,,,,,,,,,,,,,,,,,,,,,,,,,
1594,int floor bar,1,599,0,0,0,0,0,0,0,0,0,0,0,0,0,0,0,0,0,0,0,0,0,0,0,0,0,0,0,0,0,0,0,0,819,0,0,0,0,0,0,0,0,,,,,,,,,,,,,,,,,,,,,,,,,,,,,,,,,,,,,,,,,,,,,,,,,,,,,
1595,PS Long Ship,820,2222,0,0,0,0,0,0,0,0,0,0,0,0,0,0,0,0,0,0,0,0,0,0,0,0,0,0,0,0,0,0,0,0,0,0,0,0,0,0,0,0,0,,,,,,,,,,,,,,,,,,,,,,,,,,,,,,,,,,,,,,,,,,,,,,,,,,,,,
1596,Treasure Chest,821,179,0,0,0,0,0,0,0,0,0,0,0,0,0,0,0,0,0,0,0,0,0,0,0,0,0,0,0,0,0,0,0,0,0,0,0,0,0,0,0,0,0,,,,,,,,1,,,,,,,,,,,,,,,,,,,,,,,,,,,,,,,,,,,,,,,,,,,,,
1597,ext for sale sign,1,529,0,0,0,0,0,0,0,0,0,0,0,0,0,0,0,0,0,0,0,0,0,0,0,0,0,0,0,0,0,0,0,0,822,0,0,0,0,0,0,0,0,1,1,,,,,,,,,,,,,,,,,,,,,,,,,,,,,,,,,,,,,,,,,,,,,,,,,,,
1598,ext monster loot sign,1,529,0,0,0,0,0,0,0,0,0,0,0,0,0,0,0,0,0,0,0,0,0,0,0,0,0,0,0,0,0,0,0,0,823,0,0,0,0,0,0,0,0,1,1,,,,,,,,,,,,,,,,,,,,,,,,,,,,,,,,,,,,,,,,,,,,,,,,,,,
1599,ext message board,824,0,0,0,0,0,0,0,0,0,0,0,0,0,0,0,0,0,0,0,0,0,0,0,0,0,0,0,0,0,0,0,0,0,824,0,0,0,0,0,0,0,0,,,,,,,,,,,,,,,,,,,,,,,,,,,,,,,,,,,,,,,,,,,,,,,,,,,,,
1600,Mau Tent,825,0,0,0,0,0,0,0,0,0,0,0,0,0,0,0,0,0,0,0,0,0,0,0,0,0,0,0,0,0,0,0,0,0,0,0,0,0,0,0,0,0,0,,,,,,,,,,,,,,,,,,,,,,,,,,,,,,,,,,,,,,,,,,,,,,,,,,,,,
1601,belt bejeweled 01,826,547,0,0,0,0,0,0,0,0,0,0,0,0,0,0,0,0,0,0,0,0,0,0,0,0,0,0,0,0,0,0,0,0,0,0,0,0,0,0,0,0,0,,,,,,,,,,,,,,,,,,,,,,,,,,,,,,,,,,,,,,,,,,,,,,,,,,,,,
1602,plant_eternal_01,827,0,0,0,0,0,0,0,0,0,0,0,0,0,0,0,0,0,0,0,0,0,0,0,0,0,0,0,0,0,0,0,0,0,0,0,0,0,0,0,0,0,0,,,,,,,,,,,,,,,,,,,,,,,,,,,,,,,,,,,,,,,,,,,,,,,,,,,,,
1603,trident_of_gods_01,828,208,0,0,0,0,0,0,0,0,0,0,0,0,0,0,0,0,0,0,0,0,0,0,0,0,0,0,0,0,0,0,0,0,0,0,0,0,0,0,0,0,0,,,,,,,,1,,,,,,,,,,,,,,,,,,,,,,,,,,,,,,,,,,,,,,,,,,,,,
1604,Harpy fallen,829,0,0,0,0,0,0,0,0,0,0,0,0,0,0,0,0,0,0,0,0,0,0,0,0,0,0,0,0,0,0,0,0,0,0,0,0,0,0,0,0,0,0,,,,,,,,1,,,,,,,,,,,,,,,,,,,,,,,,,,,,,,,,,,,,,,,,,,,,,
1605,Harpy nest,830,0,0,0,0,0,0,0,0,0,0,0,0,0,0,0,0,0,0,0,0,0,0,0,0,0,0,0,0,0,0,0,0,0,0,0,0,0,0,0,0,0,0,,,,,,,,1,,,,,,,,,,,,,,,,,,,,,,,,,,,,,,,,,,,,,,,,,,,,,
1606,Jeweled Egg,831,0,0,0,0,0,0,0,0,0,0,0,0,0,0,0,0,0,0,0,0,0,0,0,0,0,0,0,0,0,0,0,0,0,0,0,0,0,0,0,0,0,0,,,,,,,,,,,,,,,,,,,,,,,,,,,,,,,,,,,,,,,,,,,,,,,,,,,,,
1607,Spring Arms,1,2208,0,0,0,0,0,0,0,0,0,0,0,0,0,0,0,0,0,0,0,0,0,0,0,0,0,0,0,0,0,0,0,0,0,0,0,0,0,0,0,0,0,,,,,,,,,,,,,,,,,,,,,,,,,,,,,,,,,,,,,,,,,,,,,,,,,,,,,
1608,Arm Cushion,1,2209,0,0,0,0,0,0,0,0,0,0,0,0,0,0,0,0,0,0,0,0,0,0,0,0,0,0,0,0,0,0,0,0,0,0,0,0,0,0,0,0,0,,,,,,,,,,,,,,,,,,,,,,,,,,,,,,,,,,,,,,,,,,,,,,,,,,,,,
1609,Pivot,1,2213,0,0,0,0,0,0,0,0,0,0,0,0,0,0,0,0,0,0,0,0,0,0,0,0,0,0,0,0,0,0,0,0,0,0,0,0,0,0,0,0,0,,,,,,,,,,,,,,,,,,,,,,,,,,,,,,,,,,,,,,,,,,,,,,,,,,,,,
1610,Ammo Bucket,1,2217,0,0,0,0,0,0,0,0,0,0,0,0,0,0,0,0,0,0,0,0,0,0,0,0,0,0,0,0,0,0,0,0,0,0,0,0,0,0,0,0,0,,,,,,,,,,,,,,,,,,,,,,,,,,,,,,,,,,,,,,,,,,,,,,,,,,,,,
1611,Ram Beak,1,186,0,0,0,0,0,0,0,0,0,0,0,0,0,0,0,0,0,0,0,0,0,0,0,0,0,0,0,0,0,0,0,0,0,0,0,0,0,0,0,0,0,,,,,,,,,,,,,,,,,,,,,,,,,,,,,,,,,,,,,,,,,,,,,,,,,,,,,
1612,Stygian Boat,832,2225,0,0,0,0,0,0,0,0,0,0,0,0,0,0,0,0,0,0,0,0,0,0,0,0,0,0,0,0,0,0,0,0,0,0,0,0,0,0,0,0,0,,,,,,,,,,,,,,,,,,,,,,,,,,,,,,,,,,,,,,,,,,,,,,,,,,,,,
1613,Atlantean Boat 01,833,2221,0,0,0,0,0,0,0,0,0,0,0,0,0,0,0,0,0,0,0,0,0,0,0,0,0,0,0,0,0,0,0,0,0,0,0,0,0,0,0,0,0,,,,,,,,,2117,2116,23,,,,,,,,,,,,,,,,,,,,,,,,,,,,,,,,,,,,,,,,,,
1614,Cogship,834,2223,0,0,0,0,0,0,0,0,0,0,0,0,0,0,0,0,0,0,0,0,0,0,0,0,0,0,0,0,0,0,0,0,0,0,0,0,0,0,0,0,0,,,,,,,,,2121,2120,,,,,,,,,,,,,,,,,,,,,,,,,,,,,,,,,,,,,,,,,,,
1615,Longship,835,2222,0,0,0,0,0,0,0,0,0,0,0,0,0,0,0,0,0,0,0,0,0,0,0,0,0,0,0,0,0,0,0,0,0,0,0,0,0,0,0,0,0,,,,,,,,,2119,2118,,,,,,,,,,,,,,,,,,,,,,,,,,,,,,,,,,,,,,,,,,,
1616,8 Man,836,2220,0,0,0,0,0,0,0,0,0,0,0,0,0,0,0,0,0,0,0,0,0,0,0,0,0,0,0,0,0,0,0,0,0,0,0,0,0,0,0,0,0,,,,,,,,,2104,2103,,,,,,,,,,,,,,,,,,,,,,,,,,,,,,,,,,,,,,,,,,,
1617,Bowsprit alb 01,1,2228,0,0,0,0,0,0,0,0,0,0,0,0,0,0,0,0,0,0,0,0,0,0,0,0,0,0,0,0,0,0,0,0,837,0,0,0,0,0,0,0,0,,,,,,,,,,,,,,,,,,,,,,,,,,,,,,,,,,,,,,,,,,,,,,,,,,,,,
1618,Bowsprit mid 01,1,2226,0,0,0,0,0,0,0,0,0,0,0,0,0,0,0,0,0,0,0,0,0,0,0,0,0,0,0,0,0,0,0,0,838,0,0,0,0,0,0,0,0,,,,,,,,,,,,,,,,,,,,,,,,,,,,,,,,,,,,,,,,,,,,,,,,,,,,,
1619,Albion Oceanus Cloth Robe 01,1,118,2212,2209,2207,0,2219,0,0,0,0,0,3,3,0,0,0,0,0,0,0,0,0,0,0,0,0,0,0,0,0,0,0,0,0,0,0,0,0,0,0,0,0,,,,,,,,,,,,,,,,,,,,,1,4647,4644,,,,,,16,5,5,-1,-1,,,,,,,,,,,,,,,,,,,,
1620,Albion Oceanus Cloth Gloves 01,1,114,0,0,0,2217,0,0,0,0,0,0,0,0,0,0,0,0,0,0,0,0,0,0,0,0,0,0,0,0,0,0,0,0,0,0,0,0,0,0,0,0,0,,,,,,,,,,,,,,,,,,,,,1,,,,4652,,,,,1,,,,,,,,,,,,,,,,,,,,,,,
1621,Midgard Oceanus Cloth Robe 01,1,118,2214,2211,2207,0,2219,0,0,0,0,0,3,3,0,0,0,0,0,0,0,0,0,0,0,0,0,0,0,0,0,0,0,0,0,0,0,0,0,0,0,0,0,,,,,,,,,,,,,,,,,,,,,1,4649,4646,,,,,,16,5,5,-1,-1,,,,,,,,,,,,,,,,,,,,
1622,Midgard Oceanus Cloth Gloves 01,1,114,0,0,0,2217,0,0,0,0,0,0,0,0,0,0,0,0,0,0,0,0,0,0,0,0,0,0,0,0,0,0,0,0,0,0,0,0,0,0,0,0,0,,,,,,,,,,,,,,,,,,,,,1,,,,4652,,,,,1,,,,,,,,,,,,,,,,,,,,,,,
1623,Hibernia Oceanus Cloth Robe 01,1,118,2213,2210,2207,0,2219,0,0,0,0,0,3,3,0,0,0,0,0,0,0,0,0,0,0,0,0,0,0,0,0,0,0,0,0,0,0,0,0,0,0,0,0,,,,,,,,,,,,,,,,,,,,,1,4648,4645,,,,,,16,5,5,-1,-1,,,,,,,,,,,,,,,,,,,,
1624,Hibernia Oceanus Cloth Gloves 01,1,114,0,0,0,2217,0,0,0,0,0,0,0,0,0,0,0,0,0,0,0,0,0,0,0,0,0,0,0,0,0,0,0,0,0,0,0,0,0,0,0,0,0,,,,,,,,,,,,,,,,,,,,,1,,,,4652,,,,,1,,,,,,,,,,,,,,,,,,,,,,,
1625,Oceanus Cloth Arms (All realms)- Using place holder cata texture,1,110,0,0,2206,0,0,0,0,0,0,0,0,0,0,0,0,0,0,0,0,0,0,0,0,0,0,0,0,0,0,0,0,0,0,0,0,0,0,0,0,0,0,,,,,,,,,,,,,,,,,,,,,1,,,4995,,,,,,,,,,,,,,,,,,,,,,,,1,,,,,
1626,Oceanus Cloth Tunic Alb,1,104,2212,2209,0,0,2218,0,0,0,0,0,1,0,0,0,0,0,0,0,0,0,0,0,0,0,0,0,0,0,0,0,0,0,0,0,0,0,0,0,0,0,0,,,,,,,,,,,,,,,,,,,,,1,5107,5106,,,,,,16,5,5,-1,-1,,,,,,,,,,,,,,,,,,,,
1627,Oceanus Cloth Tunic Mid,1,104,2214,2211,0,0,2218,0,0,0,0,0,1,0,0,0,0,0,0,0,0,0,0,0,0,0,0,0,0,0,0,0,0,0,0,0,0,0,0,0,0,0,0,,,,,,,,,,,,,,,,,,,,,1,5107,5106,,,,,,16,5,5,-1,-1,,,,,,,,,,,,,,,,,,,,
1628,Oceanus ClothTunic Hib,1,104,2213,2210,0,0,2218,0,0,0,0,0,1,0,0,0,0,0,0,0,0,0,0,0,0,0,0,0,0,0,0,0,0,0,0,0,0,0,0,0,0,0,0,,,,,,,,,,,,,,,,,,,,,1,5107,5106,,,,,,16,5,5,-1,-1,,,,,,,,,,,,,,,,,,,,
1629,Oceanus Cloth Boots Albion,1,124,0,0,0,0,0,0,2215,0,0,0,0,0,0,0,0,0,0,0,0,0,0,0,0,0,0,0,0,0,0,0,0,0,0,0,0,0,0,0,0,0,0,,,,,,,,,,,,,,,,,,,,,1,,,,,,4650,,,,1,,,,,,,,,,,,,,,,,1,,,,,
1630,Oceanus Cloth Boots Hib/Mid,1,124,0,0,0,0,0,0,2216,0,0,0,0,0,0,0,0,0,0,0,0,0,0,0,0,0,0,0,0,0,0,0,0,0,0,0,0,0,0,0,0,0,0,,,,,,,,,,,,,,,,,,,,,1,,,,,,4651,,,,1,,,,,,,,,,,,,,,,,,,,,,
1631,Oceanus Cloth Legs Alb/Mid,1,120,0,0,0,0,0,2220,0,0,0,0,0,0,0,0,0,0,0,0,0,0,0,0,0,0,0,0,0,0,0,0,0,0,0,0,0,0,0,0,0,0,0,,,,,,,,,,,,,,,,,,,,,1,,,,,4653,,,,,,,,,,,,,,,,,,,,,,1,,,,,
1632,Oceanus Cloth Legs Hib,1,120,0,0,0,0,0,2221,0,0,0,0,0,0,0,0,0,0,0,0,0,0,0,0,0,0,0,0,0,0,0,0,0,0,0,0,0,0,0,0,0,0,0,,,,,,,,,,,,,,,,,,,,,1,,,,,4653,,,,,,,,,,,,,,,,,,,,,,1,,,,,
1633,Slashing Arrow,235,234,0,0,0,0,0,0,0,0,0,0,0,0,0,0,0,0,0,0,0,0,0,0,0,0,0,0,0,0,0,0,0,0,0,0,0,0,0,0,0,0,0,,,,,,,,,,,,,,,,,,,,,,,,,,,,,,,,,,,,,,,,,,,,,,,,,,,,,
1634,Piercing Arrow,235,235,0,0,0,0,0,0,0,0,0,0,0,0,0,0,0,0,0,0,0,0,0,0,0,0,0,0,0,0,0,0,0,0,0,0,0,0,0,0,0,0,0,,,,,,,,,,,,,,,,,,,,,,,,,,,,,,,,,,,,,,,,,,,,,,,,,,,,,
1635,Blunt Arrow,235,236,0,0,0,0,0,0,0,0,0,0,0,0,0,0,0,0,0,0,0,0,0,0,0,0,0,0,0,0,0,0,0,0,0,0,0,0,0,0,0,0,0,,,,,,,,,,,,,,,,,,,,,,,,,,,,,,,,,,,,,,,,,,,,,,,,,,,,,
1636,Slashing Bolt,235,237,0,0,0,0,0,0,0,0,0,0,0,0,0,0,0,0,0,0,0,0,0,0,0,0,0,0,0,0,0,0,0,0,0,0,0,0,0,0,0,0,0,,,,,,,,,,,,,,,,,,,,,,,,,,,,,,,,,,,,,,,,,,,,,,,,,,,,,
1637,Piercing Bolt,235,238,0,0,0,0,0,0,0,0,0,0,0,0,0,0,0,0,0,0,0,0,0,0,0,0,0,0,0,0,0,0,0,0,0,0,0,0,0,0,0,0,0,,,,,,,,,,,,,,,,,,,,,,,,,,,,,,,,,,,,,,,,,,,,,,,,,,,,,
1638,Blunt Bolt,235,239,0,0,0,0,0,0,0,0,0,0,0,0,0,0,0,0,0,0,0,0,0,0,0,0,0,0,0,0,0,0,0,0,0,0,0,0,0,0,0,0,0,,,,,,,,,,,,,,,,,,,,,,,,,,,,,,,,,,,,,,,,,,,,,,,,,,,,,
1639,Oceanus Leather Arm (All Realms),1,111,0,0,2222,0,0,0,0,0,0,0,0,0,0,0,0,0,0,0,0,0,0,0,0,0,0,0,0,0,0,0,0,0,0,0,0,0,0,0,0,0,0,,,,,,,,,,,,,,,,,,,,,1,,,4654,,,,,,,,,,,,,,,,,,,,,,,,,,,,,
1640,Oceanus Leather Tunic Alb,1,105,2226,2223,0,0,2232,0,0,0,0,0,1,0,0,0,0,0,0,0,0,0,0,0,0,0,0,0,0,0,0,0,0,0,0,0,0,0,0,0,0,0,0,,,,,,,,,,,,,,,,,,,,,1,4658,4655,,,,,,11,,,1,1,,,,,,,,,,,,,,,,,,,,
1641,Oceanus Leather Tunic Mid,1,105,2228,2225,0,0,2232,0,0,0,0,0,1,0,0,0,0,0,0,0,0,0,0,0,0,0,0,0,0,0,0,0,0,0,0,0,0,0,0,0,0,0,0,,,,,,,,,,,,,,,,,,,,,1,4660,4657,,,,,,11,,,1,1,,,,,,,,,,,,,,,,,,,,
1642,Oceanus Leather Tunic Hib,1,105,2227,2224,0,0,2232,0,0,0,0,0,1,0,0,0,0,0,0,0,0,0,0,0,0,0,0,0,0,0,0,0,0,0,0,0,0,0,0,0,0,0,0,,,,,,,,,,,,,,,,,,,,,1,4659,4656,,,,,,11,,,1,1,,,,,,,,,,,,,,,,,,,,
1643,Oceanus Leather Boot Alb,1,125,0,0,0,0,0,0,2229,0,0,0,0,0,0,0,0,0,0,0,0,0,0,0,0,0,0,0,0,0,0,0,0,0,0,0,0,0,0,0,0,0,0,,,,,,,,,,,,,,,,,,,,,1,,,,,,4661,,,,3,,,,,,,,,,,,,,,,,,,,,,
1644,Oceanus Leather Boot Mid/Hib,1,125,0,0,0,0,0,0,2230,0,0,0,0,0,0,0,0,0,0,0,0,0,0,0,0,0,0,0,0,0,0,0,0,0,0,0,0,0,0,0,0,0,0,,,,,,,,,,,,,,,,,,,,,1,,,,,,4662,,,,2,,,,,,,,,,,,,,,,,,,,,,
1645,Oceanus Leather Gloves (All Realms),1,115,0,0,0,2231,0,0,0,0,0,0,0,0,0,0,0,0,0,0,0,0,0,0,0,0,0,0,0,0,0,0,0,0,0,0,0,0,0,0,0,0,0,,,,,,,,,,,,,,,,,,,,,1,,,,4663,,,,,2,,,,,,,,,,,,,,,,,,,,,,,
1646,Oceanus Leather Legs Albion/Mid,1,121,0,0,0,0,0,2233,0,0,0,0,0,0,0,0,0,0,0,0,0,0,0,0,0,0,0,0,0,0,0,0,0,0,0,0,0,0,0,0,0,0,0,,,,,,,,,,,,,,,,,,,,,1,,,,,4664,,,,,,,,,,,,,,,,,,,,,,,,,,,
1647,Oceanus Leather Legs Hib,1,121,0,0,0,0,0,2234,0,0,0,0,0,0,0,0,0,0,0,0,0,0,0,0,0,0,0,0,0,0,0,0,0,0,0,0,0,0,0,0,0,0,0,,,,,,,,,,,,,,,,,,,,,1,,,,,4665,,,,,,,,,,,,,,,,,,,,,,,,,,,
1648,Feather,1,581,0,0,0,0,0,0,0,0,0,0,0,0,0,0,0,0,0,0,0,0,0,0,0,0,0,0,0,0,0,0,0,0,0,0,0,0,0,0,0,0,0,,,,,,,,,,,,,,,,,,,,,,,,,,,,,,,,,,,,,,,,,,,,,,,,,,,,,
1649,Pick,1,580,0,0,0,0,0,0,0,0,0,0,0,0,0,0,0,0,0,0,0,0,0,0,0,0,0,0,0,0,0,0,0,0,0,0,0,0,0,0,0,0,0,,,,,,,,,,,,,,,,,,,,,,,,,,,,,,,,,,,,,,,,,,,,,,,,,,,,,
1650,Bowsprit hib 01,1,2227,0,0,0,0,0,0,0,0,0,0,0,0,0,0,0,0,0,0,0,0,0,0,0,0,0,0,0,0,0,0,0,0,839,0,0,0,0,0,0,0,0,,,,,,,,,,,,,,,,,,,,,,,,,,,,,,,,,,,,,,,,,,,,,,,,,,,,,
1651,Bowsprit alb 02,1,2228,0,0,0,0,0,0,0,0,0,0,0,0,0,0,0,0,0,0,0,0,0,0,0,0,0,0,0,0,0,0,0,0,840,0,0,0,0,0,0,0,0,,,,,,,,,,,,,,,,,,,,,,,,,,,,,,,,,,,,,,,,,,,,,,,,,,,,,
1652,Bowsprit mid 02,1,2226,0,0,0,0,0,0,0,0,0,0,0,0,0,0,0,0,0,0,0,0,0,0,0,0,0,0,0,0,0,0,0,0,841,0,0,0,0,0,0,0,0,,,,,,,,,,,,,,,,,,,,,,,,,,,,,,,,,,,,,,,,,,,,,,,,,,,,,
1653,Bowsprit hib 02,1,2227,0,0,0,0,0,0,0,0,0,0,0,0,0,0,0,0,0,0,0,0,0,0,0,0,0,0,0,0,0,0,0,0,842,0,0,0,0,0,0,0,0,,,,,,,,,,,,,,,,,,,,,,,,,,,,,,,,,,,,,,,,,,,,,,,,,,,,,
1654,Bowsprit alb 03,1,2228,0,0,0,0,0,0,0,0,0,0,0,0,0,0,0,0,0,0,0,0,0,0,0,0,0,0,0,0,0,0,0,0,843,0,0,0,0,0,0,0,0,,,,,,,,,,,,,,,,,,,,,,,,,,,,,,,,,,,,,,,,,,,,,,,,,,,,,
1655,Bowsprit mid 03,1,2226,0,0,0,0,0,0,0,0,0,0,0,0,0,0,0,0,0,0,0,0,0,0,0,0,0,0,0,0,0,0,0,0,844,0,0,0,0,0,0,0,0,,,,,,,,,,,,,,,,,,,,,,,,,,,,,,,,,,,,,,,,,,,,,,,,,,,,,
1656,Bowsprit hib 03,1,2227,0,0,0,0,0,0,0,0,0,0,0,0,0,0,0,0,0,0,0,0,0,0,0,0,0,0,0,0,0,0,0,0,845,0,0,0,0,0,0,0,0,,,,,,,,,,,,,,,,,,,,,,,,,,,,,,,,,,,,,,,,,,,,,,,,,,,,,
1657,Caravel,846,2224,0,0,0,0,0,0,0,0,0,0,0,0,0,0,0,0,0,0,0,0,0,0,0,0,0,0,0,0,0,0,0,0,846,0,0,0,0,0,0,0,0,,,,,,,,,2122,2123,,,,,,,,,,,,,,,,,,,,,,,,,,,,,,,,,,,,,,,,,,,
1658,StaffoftheOracle 01,847,2282,0,0,0,0,0,0,0,0,0,0,0,0,0,0,0,4,1,6,2235,0,0,0,0,0,0,0,0,0,0,0,0,0,0,0,0,0,0,0,0,0,0,,,,,2236,,2573,,,,,,,,,,,,,,,,,,,,,,,,,,,,,,,,,,,,,,,,,1,,,,,
1659,TartarosGift 01,848,2280,0,0,0,0,0,0,0,0,0,0,0,0,0,0,0,4,1,6,2237,0,0,0,0,0,0,0,0,0,0,0,0,0,0,0,0,0,0,0,0,0,0,,,,,2575,,,,,,,,,,,,,,,,,,,,,,,,,,,,,,,,,,,,,,,,,,,1,,,,,
1660,TridentoftheGods 01,849,2281,0,0,0,0,0,0,0,0,0,0,0,0,0,0,0,4,1,21,2238,0,0,0,0,0,0,0,0,0,0,0,0,0,0,0,0,0,0,0,0,0,0,,,,,2239,,2574,,,,,,,,,,,,,,,,,,,,,,,,,,,,,,,,,,,,,,,,,,,,,,
1661,SpearofKings 01,850,2283,0,0,0,0,0,0,0,0,0,0,0,0,0,0,0,3,2,21,2240,0,0,0,0,0,0,0,0,0,0,0,0,0,0,0,0,0,0,0,0,0,0,,,,,2241,,2574,,,,,,,,,,,,,,,,,,,,,,,,,,,,,,,,,,,,,,,,,,,,,,
1662,GoldenSpear 01,851,2284,0,0,0,0,0,0,0,0,0,0,0,0,0,0,0,3,2,21,2242,0,0,0,0,0,0,0,0,0,0,0,0,0,0,0,0,0,0,0,0,0,0,,,,,2243,,2574,,,,,,,,,,,,,,,,,,,,,,,,,,,,,,,,,,,,,,,,,,,,,,
1663,AtenSheild 01,852,2298,0,0,0,0,0,0,0,0,0,0,0,0,0,0,1,0,0,1,2244,0,0,0,0,0,0,0,0,0,0,0,0,0,0,0,0,0,0,0,0,0,0,,,,,2245,2246,2574,,,,,,,,,,,,,,,,,,,,,,,,,,,,,,,,,,,,,,,,,1,,,,,
1664,CyclopsEye 01,853,2299,0,0,0,0,0,0,0,0,0,0,0,0,0,0,1,0,0,1,2247,0,0,0,0,0,0,0,0,0,0,0,0,0,0,0,0,0,0,0,0,0,0,,,,,2248,2249,2572,,,,,,,,,,,,,,,,,,,,,,,,,,,,,,,,,,,,,,,,,1,,,,,
1665,ShieldofKhaos 01,854,2297,0,0,0,0,0,0,0,0,0,0,0,0,0,0,1,0,0,1,2250,0,0,0,0,0,0,0,0,0,0,0,0,0,0,0,0,0,0,0,0,0,0,,,,,2251,2252,2572,,,,,,,,,,,,,,,,,,,,,,,,,,,,,,,,,,,,,,,,,,,,,,
1666,FoolsBow 01,855,2294,0,0,0,0,0,0,0,0,0,0,0,0,0,0,0,5,1,7,2253,0,0,0,0,0,0,0,0,0,0,0,0,0,0,0,0,0,0,0,0,0,0,,,,,,,,,,,,,,,,,,,,,,,,,,,,,,,,,,,,,,,,,,,,,,,,,,,,,
1667,BraggartsBow 01,856,2293,0,0,0,0,0,0,0,0,0,0,0,0,0,0,0,5,1,7,2254,0,0,0,0,0,0,0,0,0,0,0,0,0,0,0,0,0,0,0,0,0,0,,,,,,,,,,,,,,,,,,,,,,,,,,,,,,,,,,,,,,,,,,,,,,,,,,,,,
1668,TraitorsDagger 01,857,2279,0,0,0,0,0,0,0,0,0,0,0,0,0,1,0,7,0,21,2255,0,0,0,0,0,0,0,0,0,0,0,0,0,0,0,0,0,0,0,0,0,0,,,,,2256,,2572,,,,,,,,,,,,,,,,,,,,,,,,,,,,,,,,,,,,,,,,,1,,,,,
1669,CrocodilesTooth 01,858,2276,0,0,0,0,0,0,0,0,0,0,0,0,0,1,0,7,0,1,2257,0,0,0,0,0,0,0,0,0,0,0,0,0,0,0,0,0,0,0,0,0,0,,,,,,,,,,,,,,,,,,,,,,,,,,,,,,,,,,,,,,,,,,,,,,,,1,,,,,
1670,BattlerSword 01,859,2287,0,0,0,0,0,0,0,0,0,0,0,0,0,1,0,2,0,1,2258,0,0,0,0,0,0,0,0,0,0,0,0,0,0,0,0,0,0,0,0,0,0,,,,,2259,2260,2572,,,,,,,,,,,,,,,,,,,,,,,,,,,,,,,,,,,,,,,,,1,,,,,
1671,BruiserHammer 01,860,2292,0,0,0,0,0,0,0,0,0,0,0,0,0,1,0,1,0,5,2261,0,0,0,0,0,0,0,0,0,0,0,0,0,0,0,0,0,0,0,0,0,0,,,,,2262,2263,2572,,,,,,,,,,,,,,,,,,,,,,,,,,,,,,,,,,,,,,,,,,,,,,
1672,ScepterMeritorious 01,861,2285,0,0,0,0,0,0,0,0,0,0,0,0,0,1,0,1,0,5,2264,0,0,0,0,0,0,0,0,0,0,0,0,0,0,0,0,0,0,0,0,0,0,,,,,2265,2266,2572,,,,,,,,,,,,,,,,,,,,,,,,,,,,,,,,,,,,,,,,,1,,,,,
1673,trebuchet,862,2247,0,0,0,0,0,0,0,0,0,0,0,0,0,0,0,0,0,0,0,0,0,0,4,0,0,0,0,0,0,0,0,0,0,0,0,0,0,0,0,0,0,,,,,,,,,,,,,,,,,,,,,,,,,,,,,,,,,,,,,,,,,,,,,,,,,,,,,
1674,Ballista Low,863,2245,0,0,0,0,0,0,0,0,0,0,0,0,0,0,0,0,0,0,0,0,0,0,5,0,0,0,0,0,0,0,0,0,0,0,0,0,0,0,0,0,0,,,,,,,,,,,,,,,,,,,,,,,,,,,,,,,,,,,,,,,,,,,,,,,,,,,,,
1675,Ballista High,864,2245,0,0,0,0,0,0,0,0,0,0,0,0,0,0,0,0,0,0,0,0,0,0,6,0,0,0,0,0,0,0,0,0,0,0,0,0,0,0,0,0,0,,,,,,,,,,,,,,,,,,,,,,,,,,,,,,,,,,,,,,,,,,,,,,,,,,,,,
1676,Catapult W,865,2238,0,0,0,0,0,0,0,0,0,0,0,0,0,0,0,0,0,0,0,0,0,0,7,0,0,0,0,0,0,0,0,0,0,0,0,0,0,0,0,0,0,,,,,,,,,,,,,,,,,,,,,,,,,,,,,,,,,,,,,,,,,,,,,,,,,,,,,
1677,Catapult G,866,2248,0,0,0,0,0,0,0,0,0,0,0,0,0,0,0,0,0,0,0,0,0,0,8,0,0,0,0,0,0,0,0,0,0,0,0,0,0,0,0,0,0,,,,,,,,,,,,,,,,,,,,,,,,,,,,,,,,,,,,,,,,,,,,,,,,,,,,,
1678,Ram High,867,2246,0,0,0,0,0,0,0,0,0,0,0,0,0,0,0,0,0,0,0,0,0,0,9,0,0,0,0,0,0,0,0,0,0,0,0,0,0,0,0,0,0,,,,,,,,,,,,,,,,,,,,,,,,,,,,,,,,,,,,,,,,,,,,,,,,,,,,,
1679,Ram Mid,868,2246,0,0,0,0,0,0,0,0,0,0,0,0,0,0,0,0,0,0,0,0,0,0,10,0,0,0,0,0,0,0,0,0,0,0,0,0,0,0,0,0,0,,,,,,,,,,,,,,,,,,,,,,,,,,,,,,,,,,,,,,,,,,,,,,,,,,,,,
1680,Ram Low,869,2246,0,0,0,0,0,0,0,0,0,0,0,0,0,0,0,0,0,0,0,0,0,0,11,0,0,0,0,0,0,0,0,0,0,0,0,0,0,0,0,0,0,,,,,,,,,,,,,,,,,,,,,,,,,,,,,,,,,,,,,,,,,,,,,,,,,,,,,
1681,Siege rock,870,556,0,0,0,0,0,0,0,0,0,0,0,0,0,0,0,0,0,0,0,0,0,0,0,0,0,0,0,0,0,0,0,0,0,0,0,0,0,0,0,0,0,,,,,,,,,,,,,,,,,,,,,,,,,,,,,,,,,,,,,,,,,,,,,,,,,,,,,
1682,Ballista Low bolt,871,186,0,0,0,0,0,0,0,0,0,0,0,0,0,0,0,0,0,0,0,0,0,0,0,0,0,0,0,0,0,0,0,0,0,0,0,0,0,0,0,0,0,,,,,,,,,,,,,,,,,,,,,,,,,,,,,,,,,,,,,,,,,,,,,,,,,,,,,
1683,Scarab Vest (Ground),983,109,0,0,0,0,0,0,0,0,0,0,0,0,0,0,0,0,0,0,2587,0,0,0,0,0,0,0,0,0,0,0,0,0,0,0,0,0,0,0,0,0,0,,,,,,,,,,,,,,,,,,,,,,,,,,,,,,,,,,,,,,,,,,,,,,,,,,,,,
1684,Aerus Plate Arms(All Realm),1,113,0,0,2559,0,0,0,0,0,0,0,0,0,0,0,0,0,0,0,0,0,0,0,0,0,0,0,0,0,0,0,0,0,0,0,0,0,0,0,0,,0,,,,,,,,,,,,,,,,,,,,,1,,,4913,,,,,,,,,,,,,,,,,,,,,,,,,,,,,
1685,Aerus Plate Body(Alb),1,109,2563,2560,0,0,2569,0,0,0,0,0,1,1,0,0,0,0,0,0,0,0,0,0,0,0,0,0,0,0,0,0,0,0,0,0,0,0,0,0,0,,0,,,,,,,,,,,,,,,,,,,,,1,4917,4914,,,,,,12,,,1,1,,,,,,,,,,,,,,,,,,,,
1686,Aerus Plate Body(Mid),1,109,2565,2562,0,0,2569,0,0,0,0,0,1,0,0,0,0,0,0,0,0,0,0,0,0,0,0,0,0,0,0,0,0,0,0,0,0,0,0,0,0,,0,,,,,,,,,,,,,,,,,,,,,1,4919,4916,,,,,,12,,,1,1,,,,,,,,,,,,,,,,,,,,
1687,Aerus Plate Body(Hib),1,109,2564,2561,0,0,2569,0,0,0,0,0,1,0,0,0,0,0,0,0,0,0,0,0,0,0,0,0,0,0,0,0,0,0,0,0,0,0,0,0,0,,0,,,,,,,,,,,,,,,,,,,,,1,4918,4915,,,,,,12,,,1,1,,,,,,,,,,,,,,,,,,,,
1688,Aerus Plate Boots(Alb),1,127,0,0,0,0,0,0,2566,0,0,0,0,0,0,0,0,0,0,0,0,0,0,0,0,0,0,0,0,0,0,0,0,0,0,0,0,0,0,0,0,,0,,,,,,,,,,,,,,,,,,,,,1,,,,,,4920,,,,4,,,,,,,,,,,,,,,,,,,,,,
1689,Aerus Plate Boots(Mid/Hib),1,127,0,0,0,0,0,0,2567,0,0,0,0,0,0,0,0,0,0,0,0,0,0,0,0,0,0,0,0,0,0,0,0,0,0,0,0,0,0,0,0,,0,,,,,,,,,,,,,,,,,,,,,1,,,,,,4921,,,,4,,,,,,,,,,,,,,,,,,,,,,
1690,Aerus Plate Glove(All Realms),1,117,0,0,0,2568,0,0,0,0,0,0,0,0,0,0,0,0,0,0,0,0,0,0,0,0,0,0,0,0,0,0,0,0,0,0,0,0,0,0,0,,0,,,,,,,,,,,,,,,,,,,,,1,,,,4922,,,,,4,,,,,,,,,,,,,,,,,,,,,,,
1691,Aerus Plate Legs(Alb/Mid),1,123,0,0,0,0,0,2570,0,0,0,0,0,0,0,0,0,0,0,0,0,0,0,0,0,0,0,0,0,0,0,0,0,0,0,0,0,0,0,0,0,,0,,,,,,,,,,,,,,,,,,,,,1,,,,,4923,,,,,,,,,,,,,,,,,,,,,,,,,,,
1692,Aerus Plate Legs(Hib),1,123,0,0,0,0,0,2571,0,0,0,0,0,0,0,0,0,0,0,0,0,0,0,0,0,0,0,0,0,0,0,0,0,0,0,0,0,0,0,0,0,,0,,,,,,,,,,,,,,,,,,,,,1,,,,,4924,,,,,,,,,,,,,,,,,,,,,,,,,,,
1693,Volcanus Chain Arms(All Realm),1,112,0,0,2448,0,0,0,0,0,0,0,0,0,0,0,0,0,0,0,0,0,0,0,0,0,0,0,0,0,0,0,0,0,0,0,0,0,0,0,0,,0,,,,,,,,,,,,,,,,,,,,,1,,,4819,,,,,,,,,,,,,,,,,,,,,,,,1,,,,,
1694,Volcanus Chain Body(Alb),1,106,2452,2449,0,0,2458,0,0,0,0,0,1,1,0,0,0,0,0,0,0,0,0,0,0,0,0,0,0,0,0,0,0,0,0,0,0,0,0,0,0,,0,,,,,,,,,,,,,,,,,,,,,1,4823,4820,,,,,,12,,,1,1,,,,,,,,,,,,,,,,,,,,
1695,Volcanus Chain Body(Mid),1,106,2454,2451,0,0,2458,0,0,0,0,0,1,0,0,0,0,0,0,0,0,0,0,0,0,0,0,0,0,0,0,0,0,0,0,0,0,0,0,0,0,,0,,,,,,,,,,,,,,,,,,,,,1,4825,4822,,,,,,12,,,1,1,,,,,,,,,,,,,,,,,,,,
1696,Volcanus Chain Body(Hib),1,106,2453,2450,0,0,2458,0,0,0,0,0,1,0,0,0,0,0,0,0,0,0,0,0,0,0,0,0,0,0,0,0,0,0,0,0,0,0,0,0,0,,0,,,,,,,,,,,,,,,,,,,,,1,4824,4821,,,,,,12,,,1,1,,,,,,,,,,,,,,,,,,,,
1697,Volcanus Chain Boots(Alb),1,126,0,0,0,0,0,0,2455,0,0,0,0,0,0,0,0,0,0,0,0,0,0,0,0,0,0,0,0,0,0,0,0,0,0,0,0,0,0,0,0,,0,,,,,,,,,,,,,,,,,,,,,1,,,,,,4826,,,,4,,,,,,,,,,,,,,,,,,,,,,
1698,Volcanus Chain Boots(Mid/Hib),1,126,0,0,0,0,0,0,2456,0,0,0,0,0,0,0,0,0,0,0,0,0,0,0,0,0,0,0,0,0,0,0,0,0,0,0,0,0,0,0,0,,0,,,,,,,,,,,,,,,,,,,,,1,,,,,,4827,,,,4,,,,,,,,,,,,,,,,,,,,,,
1699,Volcanus Chain Glove(All Realms),1,116,0,0,0,2457,0,0,0,0,0,0,0,0,0,0,0,0,0,0,0,0,0,0,0,0,0,0,0,0,0,0,0,0,0,0,0,0,0,0,0,,0,,,,,,,,,,,,,,,,,,,,,1,,,,4828,,,,,4,,,,,,,,,,,,,,,,,,,,,,,
1700,Volcanus Chain Legs(Alb/Mid),1,122,0,0,0,0,0,2459,0,0,0,0,0,0,0,0,0,0,0,0,0,0,0,0,0,0,0,0,0,0,0,0,0,0,0,0,0,0,0,0,0,,0,,,,,,,,,,,,,,,,,,,,,1,,,,,4829,,,,,,,,,,,,,,,,,,,,,,,,,,,
1701,Volcanus Chain Legs(Hib),1,122,0,0,0,0,0,2460,0,0,0,0,0,0,0,0,0,0,0,0,0,0,0,0,0,0,0,0,0,0,0,0,0,0,0,0,0,0,0,0,0,,0,,,,,,,,,,,,,,,,,,,,,1,,,,,4830,,,,,,,,,,,,,,,,,,,,,,,,,,,
1702,Volcanus Plate Arms(All Realm),1,113,0,0,2475,0,0,0,0,0,0,0,0,0,0,0,0,0,0,0,0,0,0,0,0,0,0,0,0,0,0,0,0,0,0,0,0,0,0,0,0,,0,,,,,,,,,,,,,,,,,,,,,1,,,4843,,,,,,,,,,,,,,,,,,,,,,,,,,,,,
1703,Volcanus Plate Body(Alb),1,109,2479,2476,0,0,2485,0,0,0,0,0,1,1,0,0,0,0,0,0,0,0,0,0,0,0,0,0,0,0,0,0,0,0,0,0,0,0,0,0,0,,0,,,,,,,,,,,,,,,,,,,,,1,4847,4844,,,,,,12,,,1,1,,,,,,,,,,,,,,,,,,,,
1704,Volcanus Plate Body(Mid),1,109,2481,2478,0,0,2485,0,0,0,0,0,1,0,0,0,0,0,0,0,0,0,0,0,0,0,0,0,0,0,0,0,0,0,0,0,0,0,0,0,0,,0,,,,,,,,,,,,,,,,,,,,,1,4849,4846,,,,,,12,,,1,1,,,,,,,,,,,,,,,,,,,,
1705,Volcanus Plate Body(Hib),1,109,2480,2477,0,0,2485,0,0,0,0,0,1,0,0,0,0,0,0,0,0,0,0,0,0,0,0,0,0,0,0,0,0,0,0,0,0,0,0,0,0,,0,,,,,,,,,,,,,,,,,,,,,1,4848,4845,,,,,,12,,,1,1,,,,,,,,,,,,,,,,,,,,
1706,Volcanus Plate Boots(Alb),1,127,0,0,0,0,0,0,2482,0,0,0,0,0,0,0,0,0,0,0,0,0,0,0,0,0,0,0,0,0,0,0,0,0,0,0,0,0,0,0,0,,0,,,,,,,,,,,,,,,,,,,,,1,,,,,,4850,,,,4,,,,,,,,,,,,,,,,,,,,,,
1707,Volcanus Plate Boots(Mid/Hib),1,127,0,0,0,0,0,0,2483,0,0,0,0,0,0,0,0,0,0,0,0,0,0,0,0,0,0,0,0,0,0,0,0,0,0,0,0,0,0,0,0,,0,,,,,,,,,,,,,,,,,,,,,1,,,,,,4851,,,,4,,,,,,,,,,,,,,,,,,,,,,
1708,Volcanus Plate Glove(All Realms),1,117,0,0,0,2484,0,0,0,0,0,0,0,0,0,0,0,0,0,0,0,0,0,0,0,0,0,0,0,0,0,0,0,0,0,0,0,0,0,0,0,,0,,,,,,,,,,,,,,,,,,,,,1,,,,4852,,,,,4,,,,,,,,,,,,,,,,,,,,,,,
1709,Volcanus Plate Legs(Alb/Mid),1,123,0,0,0,0,0,2486,0,0,0,0,0,0,0,0,0,0,0,0,0,0,0,0,0,0,0,0,0,0,0,0,0,0,0,0,0,0,0,0,0,,0,,,,,,,,,,,,,,,,,,,,,1,,,,,4853,,,,,,,,,,,,,,,,,,,,,,,,,,,
1710,Volcanus Plate Legs(Hib),1,123,0,0,0,0,0,2487,0,0,0,0,0,0,0,0,0,0,0,0,0,0,0,0,0,0,0,0,0,0,0,0,0,0,0,0,0,0,0,0,0,,0,,,,,,,,,,,,,,,,,,,,,1,,,,,4854,,,,,,,,,,,,,,,,,,,,,,,,,,,
1711,Volcanus Scale Arms(All Realm),1,112,0,0,2462,0,0,0,0,0,0,0,0,0,0,0,0,0,0,0,0,0,0,0,0,0,0,0,0,0,0,0,0,0,0,0,0,0,0,0,0,,0,,,,,,,,,,,,,,,,,,,,,1,,,4831,,,,,,,,,,,,,,,,,,,,,,,,,,,,,
1712,Volcanus Scale Body(Alb),1,106,2466,2463,0,0,2472,0,0,0,0,0,1,1,0,0,0,0,0,0,0,0,0,0,0,0,0,0,0,0,0,0,0,0,0,0,0,0,0,0,0,,0,,,,,,,,,,,,,,,,,,,,,1,4835,4832,,,,,,12,,,1,1,,,,,,,,,,,,,,,,,,,,
1713,Volcanus Scale Body(Mid),1,106,2468,2465,0,0,2472,0,0,0,0,0,1,0,0,0,0,0,0,0,0,0,0,0,0,0,0,0,0,0,0,0,0,0,0,0,0,0,0,0,0,,0,,,,,,,,,,,,,,,,,,,,,1,4837,4834,,,,,,12,,,1,1,,,,,,,,,,,,,,,,,,,,
1714,Volcanus Scale Body(Hib),1,106,2467,2464,0,0,2472,0,0,0,0,0,1,0,0,0,0,0,0,0,0,0,0,0,0,0,0,0,0,0,0,0,0,0,0,0,0,0,0,0,0,,0,,,,,,,,,,,,,,,,,,,,,1,4836,4833,,,,,,12,,,1,1,,,,,,,,,,,,,,,,,,,,
1715,Volcanus Scale Boots(Alb),1,126,0,0,0,0,0,0,2469,0,0,0,0,0,0,0,0,0,0,0,0,0,0,0,0,0,0,0,0,0,0,0,0,0,0,0,0,0,0,0,0,,0,,,,,,,,,,,,,,,,,,,,,1,,,,,,4838,,,,4,,,,,,,,,,,,,,,,,,,,,,
1716,Volcanus Scale Boots(Mid/Hib),1,126,0,0,0,0,0,0,2470,0,0,0,0,0,0,0,0,0,0,0,0,0,0,0,0,0,0,0,0,0,0,0,0,0,0,0,0,0,0,0,0,,0,,,,,,,,,,,,,,,,,,,,,1,,,,,,4839,,,,4,,,,,,,,,,,,,,,,,,,,,,
1717,Volcanus Scale Glove(All Realms),1,116,0,0,0,2471,0,0,0,0,0,0,0,0,0,0,0,0,0,0,0,0,0,0,0,0,0,0,0,0,0,0,0,0,0,0,0,0,0,0,0,,0,,,,,,,,,,,,,,,,,,,,,1,,,,4840,,,,,4,,,,,,,,,,,,,,,,,,,,,,,
1718,Volcanus Scale Legs(Alb/Mid),1,122,0,0,0,0,0,2473,0,0,0,0,0,0,0,0,0,0,0,0,0,0,0,0,0,0,0,0,0,0,0,0,0,0,0,0,0,0,0,0,0,,0,,,,,,,,,,,,,,,,,,,,,1,,,,,4841,,,,,,,,,,,,,,,,,,,,,,,,,,,
1719,Volcanus Scale Legs(Hib),1,122,0,0,0,0,0,2474,0,0,0,0,0,0,0,0,0,0,0,0,0,0,0,0,0,0,0,0,0,0,0,0,0,0,0,0,0,0,0,0,0,,0,,,,,,,,,,,,,,,,,,,,,1,,,,,4842,,,,,,,,,,,,,,,,,,,,,,,,,,,
1720,TOA A Feather Cloak,1,119,0,0,0,0,0,0,0,2637,0,0,0,0,1,0,0,0,0,0,0,0,0,0,0,0,0,0,0,0,0,0,0,0,0,0,0,0,0,0,0,,0,,,,,,,,,,,,,,,,,,,,,,,,,,,,5024,,,,,,,,,,,,,,,,,,,,,,,,,
1721,TOA O Harpy Cloak,1,2815,0,0,0,0,0,0,0,2638,0,0,0,0,1,0,0,0,0,0,0,0,0,0,0,0,0,0,0,0,0,0,0,0,0,0,0,0,0,0,0,,0,,,,,,,,,,,,,,,,,,,,,,,,,,,,5025,,,,,,,,,,,,,,,,,,,,,,,,,
1722,TOA O Scaled Cloak,1,119,0,0,0,0,0,0,0,2639,0,0,0,0,1,0,0,0,0,0,0,0,0,0,0,0,0,0,0,0,0,0,0,0,0,0,0,0,0,0,0,,0,,,,,,,,,,,,,,,,,,,,,,,,,,,,5029,,,,,,,,,,,,,,,,,,,,,,,,,
1723,TOA S Healing Cloak,1,2815,0,0,0,0,0,0,0,2640,0,0,0,0,1,0,0,0,0,0,0,0,0,0,0,0,0,0,0,0,0,0,0,0,0,0,0,0,0,0,0,,0,,,,,,,,,,,,,,,,,,,,,,,,,,,,5026,,,,,,,,,,,,,,,,,,,,,,,,,
1724,TOA S Stygian Cloak,1,119,0,0,0,0,0,0,0,2641,0,0,0,0,1,0,0,0,0,0,0,0,0,0,0,0,0,0,0,0,0,0,0,0,0,0,0,0,0,0,0,,0,,,,,,,,,,,,,,,,,,,,,,,,,,,,5022,,,,,,,,,,,,,,,,,,,,,,,,,
1725,TOA V Magma Cloak,1,119,0,0,0,0,0,0,0,2642,0,0,0,0,1,0,0,0,0,0,0,0,0,0,0,0,0,0,0,0,0,0,0,0,0,0,0,0,0,0,0,,0,,,,,,,,,,,,,,,,,,,,,,,,,,,,5027,,,,,,,,,,,,,,,,,,,,,,,,,
1726,TOA V Mist Cloak,1,2815,0,0,0,0,0,0,0,2643,0,0,0,0,1,0,0,0,0,0,0,0,0,0,0,0,0,0,0,0,0,0,0,0,0,0,0,0,0,0,0,,0,,,,,,,,,,,,,,,,,,,,,,,,,,,,5028,,,,,,,,,,,,,,,,,,,,,,,,,
1727,TOA A Cloud Cloak,1,2815,0,0,0,0,0,0,0,2644,0,0,0,0,1,0,0,0,0,0,0,0,0,0,0,0,0,0,0,0,0,0,0,0,0,0,0,0,0,0,0,,0,,,,,,,,,,,,,,,,,,,,,,,,,,,,5023,,,,,,,,,,,,,,,,,,,,,,,,,
1728,TOA Aerus enyalio boot3 a,1,2837,0,0,0,0,0,0,2645,0,0,0,0,0,0,0,0,0,0,0,0,0,0,0,0,0,0,0,0,0,0,0,0,0,0,0,0,0,0,0,0,,0,,,,,,,,,,,,,,,,,,,,,1,,,,,,4943,,,,3,,,,,,,,,,,,,,,,,,,,,,
1729,TOA Aerus enyalio boot3 hm,1,2837,0,0,0,0,0,0,2646,0,0,0,0,0,0,0,0,0,0,0,0,0,0,0,0,0,0,0,0,0,0,0,0,0,0,0,0,0,0,0,0,,0,,,,,,,,,,,,,,,,,,,,,1,,,,,,4944,,,,7,,,,,,,,,,,,,,,,,,,,,,
1730,TOA Aerus flame boot3 a,1,2835,0,0,0,0,0,0,2647,0,0,0,0,0,0,0,0,0,0,0,0,0,0,0,0,0,0,0,0,0,0,0,0,0,0,0,0,0,0,0,0,,0,,,,,,,,,,,,,,,,,,,,,1,,,,,,4945,,,,3,,,,,,,,,,,,,,,,,,,,,,
1731,TOA Aerus flame boot3 hm,1,2835,0,0,0,0,0,0,2648,0,0,0,0,0,0,0,0,0,0,0,0,0,0,0,0,0,0,0,0,0,0,0,0,0,0,0,0,0,0,0,0,,0,,,,,,,,,,,,,,,,,,,,,1,,,,,,4946,,,,7,,,,,,,,,,,,,,,,,,,,,,
1732,TOA Aerus fop arm,1,2820,0,0,2649,0,0,0,0,0,0,0,0,0,0,0,0,0,0,0,0,0,0,0,0,0,0,0,0,0,0,0,0,0,0,0,0,0,0,0,0,,0,,,,,,,,,,,,,,,,,,,,,1,,,4947,,,,,,,,,,,,,,,,,,,,,,,,,,,,,
1733,TOA Oceanus winds arm,1,2822,0,0,2650,0,0,0,0,0,0,0,0,0,0,0,0,0,0,0,0,0,0,0,0,0,0,0,0,0,0,0,0,0,0,0,0,0,0,0,0,,0,,,,,,,,,,,,,,,,,,,,,1,,,4948,,,,,,,,,,,,,,,,,,,,,,,,,,,,,
1734,TOA Oceanus shark gloves,1,2829,0,0,0,2651,0,0,0,0,0,0,0,0,0,0,0,0,0,0,0,0,0,0,0,0,0,0,0,0,0,0,0,0,0,0,0,0,0,0,0,,0,,,,,,,,,,,,,,,,,,,,,1,,,,4949,,,,,3,,,,,,,,,,,,,,,,,,1,,,,,
1735,Aerus Chain Arms(All Realm),1,112,0,0,2532,0,0,0,0,0,0,0,0,0,0,0,0,0,0,0,0,0,0,0,0,0,0,0,0,0,0,0,0,0,0,0,0,0,0,0,0,,0,,,,,,,,,,,,,,,,,,,,,1,,,4889,,,,,,,,,,,,,,,,,,,,,,,,1,,,,,
1736,Aerus Chain Body(Alb),1,106,2536,2533,0,0,2542,0,0,0,0,0,1,1,0,0,0,0,0,0,0,0,0,0,0,0,0,0,0,0,0,0,0,0,0,0,0,0,0,0,0,,0,,,,,,,,,,,,,,,,,,,,,1,4893,4890,,,,,,12,,,1,1,,,,,,,,,,,,,,,,,,,,
1737,Aerus Chain Body(Mid),1,106,2538,2535,0,0,2542,0,0,0,0,0,1,0,0,0,0,0,0,0,0,0,0,0,0,0,0,0,0,0,0,0,0,0,0,0,0,0,0,0,0,,0,,,,,,,,,,,,,,,,,,,,,1,4895,4892,,,,,,12,,,1,1,,,,,,,,,,,,,,,,,,,,
1738,Aerus Chain Body(Hib),1,106,2537,2534,0,0,2542,0,0,0,0,0,1,0,0,0,0,0,0,0,0,0,0,0,0,0,0,0,0,0,0,0,0,0,0,0,0,0,0,0,0,,0,,,,,,,,,,,,,,,,,,,,,1,4894,4891,,,,,,12,,,1,1,,,,,,,,,,,,,,,,,,,,
1739,Aerus Chain Boots(Alb),1,126,0,0,0,0,0,0,2539,0,0,0,0,0,0,0,0,0,0,0,0,0,0,0,0,0,0,0,0,0,0,0,0,0,0,0,0,0,0,0,0,,0,,,,,,,,,,,,,,,,,,,,,1,,,,,,4896,,,,4,,,,,,,,,,,,,,,,,,,,,,
1740,Aerus Chain Boots(Mid/Hib),1,126,0,0,0,0,0,0,2540,0,0,0,0,0,0,0,0,0,0,0,0,0,0,0,0,0,0,0,0,0,0,0,0,0,0,0,0,0,0,0,0,,0,,,,,,,,,,,,,,,,,,,,,1,,,,,,4897,,,,4,,,,,,,,,,,,,,,,,,,,,,
1741,Aerus Chain Glove(All Realms),1,116,0,0,0,2541,0,0,0,0,0,0,0,0,0,0,0,0,0,0,0,0,0,0,0,0,0,0,0,0,0,0,0,0,0,0,0,0,0,0,0,,0,,,,,,,,,,,,,,,,,,,,,1,,,,4898,,,,,4,,,,,,,,,,,,,,,,,,1,,,,,
1742,Aerus Chain Legs(Alb/Mid),1,122,0,0,0,0,0,2543,0,0,0,0,0,0,0,0,0,0,0,0,0,0,0,0,0,0,0,0,0,0,0,0,0,0,0,0,0,0,0,0,0,,0,,,,,,,,,,,,,,,,,,,,,1,,,,,4899,,,,,,,,,,,,,,,,,,,,,,1,,,,,
1743,Aerus Chain Legs(Hib),1,122,0,0,0,0,0,2544,0,0,0,0,0,0,0,0,0,0,0,0,0,0,0,0,0,0,0,0,0,0,0,0,0,0,0,0,0,0,0,0,0,,0,,,,,,,,,,,,,,,,,,,,,1,,,,,4900,,,,,,,,,,,,,,,,,,,,,,,,,,,
1744,Alvarus Legs (Alb/Mid),1,2832,0,0,0,0,0,2652,0,0,0,0,0,0,0,0,0,0,0,0,0,0,0,0,0,0,0,0,0,0,0,0,0,0,0,0,0,0,0,0,0,,0,,,,,,,,,,,,,,,,,,,,,1,,,,,4950,,,,,,,,,,,,,,,,,,,,,,,,,,,
1745,Alvarus Legs (Hib),1,2832,0,0,0,0,0,2653,0,0,0,0,0,0,0,0,0,0,0,0,0,0,0,0,0,0,0,0,0,0,0,0,0,0,0,0,0,0,0,0,0,,0,,,,,,,,,,,,,,,,,,,,,1,,,,,4950,,,,,,,,,,,,,,,,,,,,,,,,,,,
1746,Scalar Gloves,1,2828,0,0,0,2654,0,0,0,0,0,0,0,0,0,0,0,0,0,0,0,0,0,0,0,0,0,0,0,0,0,0,0,0,0,0,0,0,0,0,0,,0,,,,,,,,,,,,,,,,,,,,,1,,,,4951,,,,,3,,,,,,,,,,,,,,,,,,,,,,,
1747,Aerus Scale Arms(All Realm),1,112,0,0,2546,0,0,0,0,0,0,0,0,0,0,0,0,0,0,0,0,0,0,0,0,0,0,0,0,0,0,0,0,0,0,0,0,0,0,0,0,,0,,,,,,,,,,,,,,,,,,,,,1,,,4901,,,,,,,,,,,,,,,,,,,,,,,,1,,,,,
1748,Aerus Scale Body(Alb),1,106,2550,2547,0,0,2556,0,0,0,0,0,1,1,0,0,0,0,0,0,0,0,0,0,0,0,0,0,0,0,0,0,0,0,0,0,0,0,0,0,0,,0,,,,,,,,,,,,,,,,,,,,,1,4905,4902,,,,,,12,,,1,1,,,,,,,,,,,,,,,,,,,,
1749,Aerus Scale Body(Mid),1,106,2552,2549,0,0,2556,0,0,0,0,0,1,0,0,0,0,0,0,0,0,0,0,0,0,0,0,0,0,0,0,0,0,0,0,0,0,0,0,0,0,,0,,,,,,,,,,,,,,,,,,,,,1,4907,4904,,,,,,12,,,1,1,,,,,,,,,,,,,,,,,,,,
1750,Aerus Scale Body(Hib),1,106,2551,2548,0,0,2556,0,0,0,0,0,1,0,0,0,0,0,0,0,0,0,0,0,0,0,0,0,0,0,0,0,0,0,0,0,0,0,0,0,0,,0,,,,,,,,,,,,,,,,,,,,,1,4906,4903,,,,,,12,,,1,1,,,,,,,,,,,,,,,,,,,,
1751,Aerus Scale Boots(Alb),1,126,0,0,0,0,0,0,2553,0,0,0,0,0,0,0,0,0,0,0,0,0,0,0,0,0,0,0,0,0,0,0,0,0,0,0,0,0,0,0,0,,0,,,,,,,,,,,,,,,,,,,,,1,,,,,,4908,,,,4,,,,,,,,,,,,,,,,,,,,,,
1752,Aerus Scale Boots(Mid/Hib),1,126,0,0,0,0,0,0,2554,0,0,0,0,0,0,0,0,0,0,0,0,0,0,0,0,0,0,0,0,0,0,0,0,0,0,0,0,0,0,0,0,,0,,,,,,,,,,,,,,,,,,,,,1,,,,,,4909,,,,4,,,,,,,,,,,,,,,,,,,,,,
1753,Aerus Scale Glove(All Realms),1,116,0,0,0,2555,0,0,0,0,0,0,0,0,0,0,0,0,0,0,0,0,0,0,0,0,0,0,0,0,0,0,0,0,0,0,0,0,0,0,0,,0,,,,,,,,,,,,,,,,,,,,,1,,,,4910,,,,,4,,,,,,,,,,,,,,,,,,1,,,,,
1754,Aerus Scale Legs(Alb/Mid),1,122,0,0,0,0,0,2557,0,0,0,0,0,0,0,0,0,0,0,0,0,0,0,0,0,0,0,0,0,0,0,0,0,0,0,0,0,0,0,0,0,,0,,,,,,,,,,,,,,,,,,,,,1,,,,,4911,,,,,,,,,,,,,,,,,,,,,,,,,,,
1755,Aerus Scale Legs(Hib),1,122,0,0,0,0,0,2558,0,0,0,0,0,0,0,0,0,0,0,0,0,0,0,0,0,0,0,0,0,0,0,0,0,0,0,0,0,0,0,0,0,,0,,,,,,,,,,,,,,,,,,,,,1,,,,,4912,,,,,,,,,,,,,,,,,,,,,,1,,,,,
1756,Stygia Studded Arm (All Realms),1,164,0,0,2350,0,0,0,0,0,0,0,0,0,0,0,0,0,0,0,0,0,0,0,0,0,0,0,0,0,0,0,0,0,0,0,0,0,0,0,0,,0,,,,,,,,,,,,,,,,,,,,,1,,,4738,,,,,,,,,,,,,,,,,,,,,,,,,,,,,
1757,Stygia Studded Body Albion,1,161,2354,2351,0,0,2360,0,0,0,0,0,1,0,0,0,0,0,0,0,0,0,0,0,0,0,0,0,0,0,0,0,0,0,0,0,0,0,0,0,0,,0,,,,,,,,,,,,,,,,,,,,,1,4742,4739,,,,,,11,,,1,1,,,,,,,,,,,,,,,,,,,,
1758,Stygia Studded Body Midgard,1,161,2356,2353,0,0,2360,0,0,0,0,0,1,0,0,0,0,0,0,0,0,0,0,0,0,0,0,0,0,0,0,0,0,0,0,0,0,0,0,0,0,,0,,,,,,,,,,,,,,,,,,,,,1,4744,4741,,,,,,11,,,1,1,,,,,,,,,,,,,,,,,,,,
1759,Stygia Studded Body Hibernia,1,161,2355,2354,0,0,2360,0,0,0,0,0,1,0,0,0,0,0,0,0,0,0,0,0,0,0,0,0,0,0,0,0,0,0,0,0,0,0,0,0,0,,0,,,,,,,,,,,,,,,,,,,,,1,4743,4741,,,,,,11,,,1,1,,,,,,,,,,,,,,,,,,,,
1760,Stygia Studded Boot Albion,1,167,0,0,0,0,0,0,2357,0,0,0,0,0,0,0,0,0,0,0,0,0,0,0,0,0,0,0,0,0,0,0,0,0,0,0,0,0,0,0,0,,0,,,,,,,,,,,,,,,,,,,,,1,,,,,,4745,,,,3,,,,,,,,,,,,,,,,,,,,,,
1761,Stygia Studded Boot Hib/Mid,1,167,0,0,0,0,0,0,2358,0,0,0,0,0,0,0,0,0,0,0,0,0,0,0,0,0,0,0,0,0,0,0,0,0,0,0,0,0,0,0,0,,0,,,,,,,,,,,,,,,,,,,,,1,,,,,,4746,,,,3,,,,,,,,,,,,,,,,,,,,,,
1762,Stygia Studded Gloves(All Realms),1,165,0,0,0,2359,0,0,0,0,0,0,0,0,0,0,0,0,0,0,0,0,0,0,0,0,0,0,0,0,0,0,0,0,0,0,0,0,0,0,0,,0,,,,,,,,,,,,,,,,,,,,,1,,,,4747,,,,,3,,,,,,,,,,,,,,,,,,,,,,,
1763,Stygia Studded Leg Alb/Mid,1,166,0,0,0,0,0,2361,0,0,0,0,0,0,0,0,0,0,0,0,0,0,0,0,0,0,0,0,0,0,0,0,0,0,0,0,0,0,0,0,0,,0,,,,,,,,,,,,,,,,,,,,,1,,,,,4748,,,,,,,,,,,,,,,,,,,,,,,,,,,
1764,Stygia Studded Leg Hibernia,1,166,0,0,0,0,0,2362,0,0,0,0,0,0,0,0,0,0,0,0,0,0,0,0,0,0,0,0,0,0,0,0,0,0,0,0,0,0,0,0,0,,0,,,,,,,,,,,,,,,,,,,,,1,,,,,4749,,,,,,,,,,,,,,,,,,,,,,,,,,,
1765,Volcanus orb grn,984,1,0,0,0,0,0,0,0,0,0,0,0,0,0,0,0,0,0,0,0,0,0,0,0,0,0,0,0,0,0,0,0,0,0,0,0,0,0,0,0,,0,,,,,,,,,,,,,,,,,,,,,,,,,,,,,,,,,,,,,,,,,,,,,,,,,,,,,
1766,Volcanus orb red,985,1,0,0,0,0,0,0,0,0,0,0,0,0,0,0,0,0,0,0,0,0,0,0,0,0,0,0,0,0,0,0,0,0,0,0,0,0,0,0,0,,0,,,,,,,,,,,,,,,,,,,,,,,,,,,,,,,,,,,,,,,,,,,,,,,,,,,,,
1767,TOA Aerus Wings leg (Alb/Mid),1,2834,0,0,0,0,0,2655,0,0,0,0,0,0,0,0,0,0,0,0,0,0,0,0,0,0,0,0,0,0,0,0,0,0,0,0,0,0,0,0,0,,0,,,,,,,,,,,,,,,,,,,,,1,,,,,4952,,,,,,,,,,,,,,,,,,,,,,,,,,,
1768,TOA Aerus Wings leg (Hib),1,2834,0,0,0,0,0,2656,0,0,0,0,0,0,0,0,0,0,0,0,0,0,0,0,0,0,0,0,0,0,0,0,0,0,0,0,0,0,0,0,0,,0,,,,,,,,,,,,,,,,,,,,,1,,,,,4952,,,,,,,,,,,,,,,,,,,,,,,,,,,
1770,Oceanus Scale Arms(All Realm),1,112,0,0,2294,0,0,0,0,0,0,0,0,0,0,0,0,0,0,0,0,0,0,0,0,0,0,0,0,0,0,0,0,0,0,0,0,0,0,0,0,,0,,,,,,,,,,,,,,,,,,,,,1,,,4690,,,,,,,,,,,,,,,,,,,,,,,,1,,,,,
1771,Oceanus Scale Body(Alb),1,106,2298,2295,0,0,2304,0,0,0,0,0,1,1,0,0,0,0,0,0,0,0,0,0,0,0,0,0,0,0,0,0,0,0,0,0,0,0,0,0,0,,0,,,,,,,,,,,,,,,,,,,,,1,4694,4691,,,,,,12,,,1,1,,,,,,,,,,,,,,,,,,,,
1772,Oceanus Scale Body(Mid),1,106,2300,2297,0,0,2304,0,0,0,0,0,1,0,0,0,0,0,0,0,0,0,0,0,0,0,0,0,0,0,0,0,0,0,0,0,0,0,0,0,0,,0,,,,,,,,,,,,,,,,,,,,,1,4696,4693,,,,,,12,,,1,1,,,,,,,,,,,,,,,,,,,,
1773,Oceanus Scale Body(Hib),1,106,2299,2296,0,0,2304,0,0,0,0,0,1,0,0,0,0,0,0,0,0,0,0,0,0,0,0,0,0,0,0,0,0,0,0,0,0,0,0,0,0,,0,,,,,,,,,,,,,,,,,,,,,1,4695,4692,,,,,,12,,,1,1,,,,,,,,,,,,,,,1,,,,,
1774,Oceanus Scale Boots(Alb),1,126,0,0,0,0,0,0,2301,0,0,0,0,0,0,0,0,0,0,0,0,0,0,0,0,0,0,0,0,0,0,0,0,0,0,0,0,0,0,0,0,,0,,,,,,,,,,,,,,,,,,,,,1,,,,,,4697,,,,4,,,,,,,,,,,,,,,,,,,,,,
1775,Oceanus Scale Boots(Mid/Hib),1,126,0,0,0,0,0,0,2302,0,0,0,0,0,0,0,0,0,0,0,0,0,0,0,0,0,0,0,0,0,0,0,0,0,0,0,0,0,0,0,0,,0,,,,,,,,,,,,,,,,,,,,,1,,,,,,4698,,,,4,,,,,,,,,,,,,,,,,,,,,,
1776,Oceanus Scale Glove(All Realms),1,116,0,0,0,2303,0,0,0,0,0,0,0,0,0,0,0,0,0,0,0,0,0,0,0,0,0,0,0,0,0,0,0,0,0,0,0,0,0,0,0,,0,,,,,,,,,,,,,,,,,,,,,1,,,,4699,,,,,4,,,,,,,,,,,,,,,,,,,,,,,
1777,Oceanus Scale Legs(Alb/Mid),1,122,0,0,0,0,0,2305,0,0,0,0,0,0,0,0,0,0,0,0,0,0,0,0,0,0,0,0,0,0,0,0,0,0,0,0,0,0,0,0,0,,0,,,,,,,,,,,,,,,,,,,,,1,,,,,4700,,,,,,,,,,,,,,,,,,,,,,,,,,,
1778,Oceanus Scale Legs(Hib),1,122,0,0,0,0,0,2306,0,0,0,0,0,0,0,0,0,0,0,0,0,0,0,0,0,0,0,0,0,0,0,0,0,0,0,0,0,0,0,0,0,,0,,,,,,,,,,,,,,,,,,,,,1,,,,,4701,,,,,,,,,,,,,,,,,,,,,,1,,,,,
1779,Volcanus Studded Arm (All Realms),1,164,0,0,2434,0,0,0,0,0,0,0,0,0,0,0,0,0,0,0,0,0,0,0,0,0,0,0,0,0,0,0,0,0,0,0,0,0,0,0,0,,0,,,,,,,,,,,,,,,,,,,,,1,,,4807,,,,,,,,,,,,,,,,,,,,,,,,1,,,,,
1780,Volcanus Studded Body Albion,1,161,2438,2435,0,0,2444,0,0,0,0,0,1,0,0,0,0,0,0,0,0,0,0,0,0,0,0,0,0,0,0,0,0,0,0,0,0,0,0,0,0,,0,,,,,,,,,,,,,,,,,,,,,1,4811,4808,,,,,,11,,,1,1,,,,,,,,,,,,,,,,,,,,
1781,Volcanus Studded Body Midgard,1,161,2440,2437,0,0,2444,0,0,0,0,0,1,0,0,0,0,0,0,0,0,0,0,0,0,0,0,0,0,0,0,0,0,0,0,0,0,0,0,0,0,,0,,,,,,,,,,,,,,,,,,,,,1,4813,4810,,,,,,11,,,1,1,,,,,,,,,,,,,,,,,,,,
1782,Volcanus Studded Body Hibernia,1,161,2439,2436,0,0,2444,0,0,0,0,0,1,0,0,0,0,0,0,0,0,0,0,0,0,0,0,0,0,0,0,0,0,0,0,0,0,0,0,0,0,,0,,,,,,,,,,,,,,,,,,,,,1,4812,4809,,,,,,11,,,1,1,,,,,,,,,,,,,,,,,,,,
1783,Volcanus Studded Boot Albion,1,167,0,0,0,0,0,0,2441,0,0,0,0,0,0,0,0,0,0,0,0,0,0,0,0,0,0,0,0,0,0,0,0,0,0,0,0,0,0,0,0,,0,,,,,,,,,,,,,,,,,,,,,1,,,,,,4814,,,,3,,,,,,,,,,,,,,,,,,,,,,
1784,Volcanus Studded Boot Hib/Mid,1,167,0,0,0,0,0,0,2442,0,0,0,0,0,0,0,0,0,0,0,0,0,0,0,0,0,0,0,0,0,0,0,0,0,0,0,0,0,0,0,0,,0,,,,,,,,,,,,,,,,,,,,,1,,,,,,4815,,,,3,,,,,,,,,,,,,,,,,,,,,,
1785,Volcanus Studded Gloves(All Realms),1,165,0,0,0,2443,0,0,0,0,0,0,0,0,0,0,0,0,0,0,0,0,0,0,0,0,0,0,0,0,0,0,0,0,0,0,0,0,0,0,0,,0,,,,,,,,,,,,,,,,,,,,,1,,,,4816,,,,,3,,,,,,,,,,,,,,,,,,,,,,,
1786,Volcanus Studded Leg Alb/Mid,1,166,0,0,0,0,0,2445,0,0,0,0,0,0,0,0,0,0,0,0,0,0,0,0,0,0,0,0,0,0,0,0,0,0,0,0,0,0,0,0,0,,0,,,,,,,,,,,,,,,,,,,,,1,,,,,4817,,,,,,,,,,,,,,,,,,,,,,,,,,,
1787,Volcanus Studded Leg Hibernia,1,166,0,0,0,0,0,2446,0,0,0,0,0,0,0,0,0,0,0,0,0,0,0,0,0,0,0,0,0,0,0,0,0,0,0,0,0,0,0,0,0,,0,,,,,,,,,,,,,,,,,,,,,1,,,,,4818,,,,,,,,,,,,,,,,,,,,,,,,,,,
1788,Stygia Scale Arms(All Realm),1,112,0,0,2378,0,0,0,0,0,0,0,0,0,0,0,0,0,0,0,0,0,0,0,0,0,0,0,0,0,0,0,0,0,0,0,0,0,0,0,0,,0,,,,,,,,,,,,,,,,,,,,,1,,,4762,,,,,,,,,,,,,,,,,,,,,,,,,,,,,
1789,Stygia Scale Body(Alb),1,106,2382,2379,0,0,2388,0,0,0,0,0,1,1,0,0,0,0,0,0,0,0,0,0,0,0,0,0,0,0,0,0,0,0,0,0,0,0,0,0,0,,0,,,,,,,,,,,,,,,,,,,,,1,4766,4763,,,,,,12,,,1,1,,,,,,,,,,,,,,,,,,,,
1790,Stygia Scale Body(Mid),1,106,2384,2381,0,0,2388,0,0,0,0,0,1,0,0,0,0,0,0,0,0,0,0,0,0,0,0,0,0,0,0,0,0,0,0,0,0,0,0,0,0,,0,,,,,,,,,,,,,,,,,,,,,1,4768,4765,,,,,,12,,,1,1,,,,,,,,,,,,,,,,,,,,
1791,Stygia Scale Body(Hib),1,106,2383,2380,0,0,2388,0,0,0,0,0,1,0,0,0,0,0,0,0,0,0,0,0,0,0,0,0,0,0,0,0,0,0,0,0,0,0,0,0,0,,0,,,,,,,,,,,,,,,,,,,,,1,4767,4764,,,,,,12,,,1,1,,,,,,,,,,,,,,,,,,,,
1792,Stygia Scale Boots(Alb),1,126,0,0,0,0,0,0,2385,0,0,0,0,0,0,0,0,0,0,0,0,0,0,0,0,0,0,0,0,0,0,0,0,0,0,0,0,0,0,0,0,,0,,,,,,,,,,,,,,,,,,,,,1,,,,,,4769,,,,4,,,,,,,,,,,,,,,,,,,,,,
1793,Stygia Scale Boots(Mid/Hib),1,126,0,0,0,0,0,0,2386,0,0,0,0,0,0,0,0,0,0,0,0,0,0,0,0,0,0,0,0,0,0,0,0,0,0,0,0,0,0,0,0,,0,,,,,,,,,,,,,,,,,,,,,1,,,,,,4770,,,,4,,,,,,,,,,,,,,,,,,,,,,
1794,Stygia Scale Glove(All Realms),1,116,0,0,0,2387,0,0,0,0,0,0,0,0,0,0,0,0,0,0,0,0,0,0,0,0,0,0,0,0,0,0,0,0,0,0,0,0,0,0,0,,0,,,,,,,,,,,,,,,,,,,,,1,,,,4771,,,,,4,,,,,,,,,,,,,,,,,,,,,,,
1795,Stygia Scale Legs(Alb/Mid),1,122,0,0,0,0,0,2389,0,0,0,0,0,0,0,0,0,0,0,0,0,0,0,0,0,0,0,0,0,0,0,0,0,0,0,0,0,0,0,0,0,,0,,,,,,,,,,,,,,,,,,,,,1,,,,,4772,,,,,,,,,,,,,,,,,,,,,,,,,,,
1796,Stygia Scale Legs(Hib),1,122,0,0,0,0,0,2390,0,0,0,0,0,0,0,0,0,0,0,0,0,0,0,0,0,0,0,0,0,0,0,0,0,0,0,0,0,0,0,0,0,,0,,,,,,,,,,,,,,,,,,,,,1,,,,,4773,,,,,,,,,,,,,,,,,,,,,,,,,,,
1797,Aerus Studded Arm (All Realms),1,164,0,0,2518,0,0,0,0,0,0,0,0,0,0,0,0,0,0,0,0,0,0,0,0,0,0,0,0,0,0,0,0,0,0,0,0,0,0,0,0,,0,,,,,,,,,,,,,,,,,,,,,1,,,4877,,,,,,,,,,,,,,,,,,,,,,,,1,,,,,
1798,Aerus Studded Body Albion,1,161,2522,2519,0,0,2528,0,0,0,0,0,1,0,0,0,0,0,0,0,0,0,0,0,0,0,0,0,0,0,0,0,0,0,0,0,0,0,0,0,0,,0,,,,,,,,,,,,,,,,,,,,,1,4881,4879,,,,,,11,,,1,1,,,,,,,,,,,,,,,,,,,,
1799,Aerus Studded Body Midgard,1,161,2523,2521,0,0,2528,0,0,0,0,0,1,0,0,0,0,0,0,0,0,0,0,0,0,0,0,0,0,0,0,0,0,0,0,0,0,0,0,0,0,,0,,,,,,,,,,,,,,,,,,,,,1,4882,4880,,,,,,11,,,1,1,,,,,,,,,,,,,,,,,,,,
1800,Aerus Studded Body Hibernia,1,161,2522,2520,0,0,2528,0,0,0,0,0,1,0,0,0,0,0,0,0,0,0,0,0,0,0,0,0,0,0,0,0,0,0,0,0,0,0,0,0,0,,0,,,,,,,,,,,,,,,,,,,,,1,4881,4879,,,,,,11,,,1,1,,,,,,,,,,,,,,,,,,,,
1801,Aerus Studded Boot Albion,1,167,0,0,0,0,0,0,2525,0,0,0,0,0,0,0,0,0,0,0,0,0,0,0,0,0,0,0,0,0,0,0,0,0,0,0,0,0,0,0,0,,0,,,,,,,,,,,,,,,,,,,,,1,,,,,,4884,,,,3,,,,,,,,,,,,,,,,,,,,,,
1802,Aerus Studded Boot Hib/Mid,1,167,0,0,0,0,0,0,2526,0,0,0,0,0,0,0,0,0,0,0,0,0,0,0,0,0,0,0,0,0,0,0,0,0,0,0,0,0,0,0,0,,0,,,,,,,,,,,,,,,,,,,,,1,,,,,,4885,,,,3,,,,,,,,,,,,,,,,,1,,,,,
1803,Aerus Studded Gloves(All Realms),1,165,0,0,0,2527,0,0,0,0,0,0,0,0,0,0,0,0,0,0,0,0,0,0,0,0,0,0,0,0,0,0,0,0,0,0,0,0,0,0,0,,0,,,,,,,,,,,,,,,,,,,,,1,,,,4886,,,,,3,,,,,,,,,,,,,,,,,,,,,,,
1804,Aerus Studded Leg Alb/Mid,1,166,0,0,0,0,0,2529,0,0,0,0,0,0,0,0,0,0,0,0,0,0,0,0,0,0,0,0,0,0,0,0,0,0,0,0,0,0,0,0,0,,0,,,,,,,,,,,,,,,,,,,,,1,,,,,4887,,,,,,,,,,,,,,,,,,,,,,,,,,,
1805,Aerus Studded Leg Hibernia,1,166,0,0,0,0,0,2530,0,0,0,0,0,0,0,0,0,0,0,0,0,0,0,0,0,0,0,0,0,0,0,0,0,0,0,0,0,0,0,0,0,,0,,,,,,,,,,,,,,,,,,,,,1,,,,,4888,,,,,,,,,,,,,,,,,,,,,,,,,,,
1807,GoldenSpear 1H,851,2284,0,0,0,0,0,0,0,0,0,0,0,0,0,0,0,7,2,21,2242,0,0,0,0,0,0,0,0,0,0,0,0,0,0,0,0,0,0,0,0,0,0,,,,,2243,,2574,,,,,,,,,,,,,,,,,,,,,,,,,,,,,,,,,,,,,,,,,1,,,,,
1808,Stygia Chain Arms(All Realm),1,112,0,0,2364,0,0,0,0,0,0,0,0,0,0,0,0,0,0,0,0,0,0,0,0,0,0,0,0,0,0,0,0,0,0,0,0,0,0,0,0,,0,,,,,,,,,,,,,,,,,,,,,1,,,4750,,,,,,,,,,,,,,,,,,,,,,,,1,,,,,
1809,Stygia Chain Body(Alb),1,106,2368,2365,0,0,2374,0,0,0,0,0,1,1,0,0,0,0,0,0,0,0,0,0,0,0,0,0,0,0,0,0,0,0,0,0,0,0,0,0,0,,0,,,,,,,,,,,,,,,,,,,,,1,4754,4751,,,,,,12,,,1,1,,,,,,,,,,,,,,,,,,,,
1810,Stygia Chain Body(Mid),1,106,2370,2367,0,0,2374,0,0,0,0,0,3,0,0,0,0,0,0,0,0,0,0,0,0,0,0,0,0,0,0,0,0,0,0,0,0,0,0,0,0,,0,,,,,,,,,,,,,,,,,,,,,1,4756,4753,,,,,,12,,,1,1,,,,,,,,,,,,,,,,,,,,
1811,Stygia Chain Body(Hib),1,106,2369,2366,0,0,2374,0,0,0,0,0,1,0,0,0,0,0,0,0,0,0,0,0,0,0,0,0,0,0,0,0,0,0,0,0,0,0,0,0,0,,0,,,,,,,,,,,,,,,,,,,,,1,4755,4752,,,,,,12,,,1,1,,,,,,,,,,,,,,,,,,,,
1812,Stygia Chain Boots(Alb),1,126,0,0,0,0,0,0,2371,0,0,0,0,0,0,0,0,0,0,0,0,0,0,0,0,0,0,0,0,0,0,0,0,0,0,0,0,0,0,0,0,,0,,,,,,,,,,,,,,,,,,,,,1,,,,,,4757,,,,4,,,,,,,,,,,,,,,,,,,,,,
1813,Stygia Chain Boots(Mid/Hib),1,126,0,0,0,0,0,0,2372,0,0,0,0,0,0,0,0,0,0,0,0,0,0,0,0,0,0,0,0,0,0,0,0,0,0,0,0,0,0,0,0,,0,,,,,,,,,,,,,,,,,,,,,1,,,,,,4758,,,,4,,,,,,,,,,,,,,,,,,,,,,
1814,Stygia Chain Glove(All Realms),1,116,0,0,0,2373,0,0,0,0,0,0,0,0,0,0,0,0,0,0,0,0,0,0,0,0,0,0,0,0,0,0,0,0,0,0,0,0,0,0,0,,0,,,,,,,,,,,,,,,,,,,,,1,,,,4759,,,,,4,,,,,,,,,,,,,,,,,,,,,,,
1815,Stygia Chain Legs(Alb/Mid),1,122,0,0,0,0,0,2375,0,0,0,0,0,0,0,0,0,0,0,0,0,0,0,0,0,0,0,0,0,0,0,0,0,0,0,0,0,0,0,0,0,,0,,,,,,,,,,,,,,,,,,,,,1,,,,,4760,,,,,,,,,,,,,,,,,,,,,,,,,,,
1816,Stygia Chain Legs(Hib),1,122,0,0,0,0,0,2376,0,0,0,0,0,0,0,0,0,0,0,0,0,0,0,0,0,0,0,0,0,0,0,0,0,0,0,0,0,0,0,0,0,,0,,,,,,,,,,,,,,,,,,,,,1,,,,,4761,,,,,,,,,,,,,,,,,,,,,,,,,,,
1839,toa A Crownofzahur,1007,2295,0,0,0,0,0,0,0,0,2680,0,0,0,0,0,0,0,0,0,2680,0,0,0,0,0,0,0,0,0,0,0,0,0,0,0,0,0,0,0,0,,0,,,,,,,,,,,,,,,,,,,,,,,,,,,,,,,,,,,1583,1582,1589,1588,1587,1586,1581,1580,1617,1616,1585,1584,,,,,,,
1840,toa H Crownofzahur,1008,2295,0,0,0,0,0,0,0,0,2680,2,0,0,0,0,0,0,0,0,2680,0,1010,0,0,0,1009,0,0,0,0,0,0,0,0,0,0,0,0,0,0,,0,,,,,,,,,,,,,,,,,,,,,,,,,,,,,,,,,,,1603,1602,1605,1604,1609,1608,1607,1606,1612,1611,1610,1613,,,,,,,
1841,toa N Crownofzahur,1011,2295,0,0,0,0,0,0,0,0,2680,0,0,0,0,0,0,0,0,0,2680,0,1012,0,0,0,1013,0,0,0,0,0,0,0,0,0,0,0,0,0,0,,0,,,,,,,,,,,,,,,,,,,,,,,,,,,,,,,,,,,1565,1564,1559,1558,1563,1562,1567,1566,1569,1568,1561,1560,,,,,,,
1842,toa A Coral Crown,1007,185,0,0,0,0,0,0,0,0,2679,0,0,0,0,0,0,0,0,0,2679,0,0,0,0,0,0,0,0,0,0,0,0,0,0,0,0,0,0,0,0,,0,,,,,,,,,,,,,,,,,,,,,,,,,,,,,,,,,,,1583,1582,1589,1588,1587,1586,1581,1582,1617,1616,1585,1584,,,,,,,
1843,toa H Coral Crown,1008,185,0,0,0,0,0,0,0,0,2679,0,0,0,0,0,0,0,0,0,2679,0,0,0,0,0,0,0,0,0,0,0,0,0,0,0,0,0,0,0,0,,0,,,,,,,,,,,,,,,,,,,,,,,,,,,,,,,,,,,1603,1602,1605,1604,1609,1608,1607,1606,1612,1611,1610,1613,,,,,,,
1844,toa N Coral Crown,1011,185,0,0,0,0,0,0,0,0,2679,0,0,0,0,0,0,0,0,0,2679,0,0,0,0,0,0,0,0,0,0,0,0,0,0,0,0,0,0,0,0,,0,,,,,,,,,,,,,,,,,,,,,,,,,,,,,,,,,,,1565,1564,1559,1558,1563,1562,1567,1566,1569,1568,1561,1560,,,,,,,
1847,Oceanus Studded Arm (All Realms),1,164,0,0,2267,0,0,0,0,0,0,0,0,0,0,0,0,0,0,0,0,0,0,0,0,0,0,0,0,0,0,0,0,0,0,0,0,0,0,0,0,,0,,,,,,,,,,,,,,,,,,,,,1,,,4666,,,,,,,,,,,,,,,,,,,,,,,,,,,,,
1848,Oceanus Studded Body Albion,1,161,2270,2268,0,0,2276,0,0,0,0,0,1,0,0,0,0,0,0,0,0,0,0,0,0,0,0,0,0,0,0,0,0,0,0,0,0,0,0,0,0,,0,,,,,,,,,,,,,,,,,,,,,1,4669,4667,,,,,,11,,,1,1,,,,,,,,,,,,,,,,,,,,
1849,Oceanus Studded Body Midgard,1,161,2272,2279,0,0,2276,0,0,0,0,0,1,0,0,0,0,0,0,0,0,0,0,0,0,0,0,0,0,0,0,0,0,0,0,0,0,0,0,0,0,,0,,,,,,,,,,,,,,,,,,,,,1,4671,4677,,,,,,11,,,1,1,,,,,,,,,,,,,,,,,,,,
1850,Oceanus Studded Body Hibernia,1,161,2271,2269,0,0,2276,0,0,0,0,0,1,0,0,0,0,0,0,0,0,0,0,0,0,0,0,0,0,0,0,0,0,0,0,0,0,0,0,0,0,,0,,,,,,,,,,,,,,,,,,,,,1,4670,4668,,,,,,11,,,1,1,,,,,,,,,,,,,,,1,,,,,
1851,Oceanus Studded Boot Albion,1,167,0,0,0,0,0,0,2273,0,0,0,0,0,0,0,0,0,0,0,0,0,0,0,0,0,0,0,0,0,0,0,0,0,0,0,0,0,0,0,0,,0,,,,,,,,,,,,,,,,,,,,,1,,,,,,4672,,,,3,,,,,,,,,,,,,,,,,,,,,,
1852,Oceanus Studded Boot Hib/Mid,1,167,0,0,0,0,0,0,2274,0,0,0,0,0,0,0,0,0,0,0,0,0,0,0,0,0,0,0,0,0,0,0,0,0,0,0,0,0,0,0,0,,0,,,,,,,,,,,,,,,,,,,,,1,,,,,,4673,,,,3,,,,,,,,,,,,,,,,,,,,,,
1853,Oceanus Studded Gloves(All Realms),1,165,0,0,0,2275,0,0,0,0,0,0,0,0,0,0,0,0,0,0,0,0,0,0,0,0,0,0,0,0,0,0,0,0,0,0,0,0,0,0,0,,0,,,,,,,,,,,,,,,,,,,,,1,,,,4674,,,,,3,,,,,,,,,,,,,,,,,,,,,,,
1854,Oceanus Studded Leg Alb/Mid,1,166,0,0,0,0,0,2277,0,0,0,0,0,0,0,0,0,0,0,0,0,0,0,0,0,0,0,0,0,0,0,0,0,0,0,0,0,0,0,0,0,,0,,,,,,,,,,,,,,,,,,,,,1,,,,,4675,,,,,,,,,,,,,,,,,,,,,,1,,,,,
1855,Oceanus Studded Leg Hibernia,1,166,0,0,0,0,0,2278,0,0,0,0,0,0,0,0,0,0,0,0,0,0,0,0,0,0,0,0,0,0,0,0,0,0,0,0,0,0,0,0,0,,0,,,,,,,,,,,,,,,,,,,,,1,,,,,4676,,,,,,,,,,,,,,,,,,,,,,1,,,,,
1856,Norse Rod 1,158,209,0,0,0,0,0,0,0,0,0,0,0,0,0,1,0,1,0,5,0,0,0,0,0,0,0,0,0,0,0,0,0,0,0,0,0,0,0,0,0,,0,,,,,,,,,,,,,,,,,,,,,,,,,,,,,,,,,,,,,,,,,,,,,,,,,,,,,
1857,Norse Rod 2,159,209,0,0,0,0,0,0,0,0,0,0,0,0,0,1,0,1,0,5,0,0,0,0,0,0,0,0,0,0,0,0,0,0,0,0,0,0,0,0,0,,0,,,,,,,,,,,,,,,,,,,,,,,,,,,,,,,,,,,,,,,,,,,,,,,,,,,,,
1858,Norse Rod 3,160,209,0,0,0,0,0,0,0,0,0,0,0,0,0,1,0,1,0,5,0,0,0,0,0,0,0,0,0,0,0,0,0,0,0,0,0,0,0,0,0,,0,,,,,,,,,,,,,,,,,,,,,,,,,,,,,,,,,,,,,,,,,,,,,,,,,,,,,
1859,Norse Wand 1,161,209,0,0,0,0,0,0,0,0,0,0,0,0,0,1,0,1,0,5,0,0,0,0,0,0,0,0,0,0,0,0,0,0,0,0,0,0,0,0,0,,0,,,,,,,,,,,,,,,,,,,,,,,,,,,,,,,,,,,,,,,,,,,,,,,,,,,,,
1860,Norse Wand 2,162,209,0,0,0,0,0,0,0,0,0,0,0,0,0,1,0,1,0,5,0,0,0,0,0,0,0,0,0,0,0,0,0,0,0,0,0,0,0,0,0,,0,,,,,,,,,,,,,,,,,,,,,,,,,,,,,,,,,,,,,,,,,,,,,,,,,,,,,
1861,Norse Wand 3,163,209,0,0,0,0,0,0,0,0,0,0,0,0,0,1,0,1,0,5,0,0,0,0,0,0,0,0,0,0,0,0,0,0,0,0,0,0,0,0,0,,0,,,,,,,,,,,,,,,,,,,,,,,,,,,,,,,,,,,,,,,,,,,,,,,,,,,,,
1862,Stone Arch,1,2200,0,0,0,0,0,0,0,0,0,0,0,0,0,0,0,0,0,0,0,0,0,0,0,0,0,0,0,0,0,0,0,0,0,0,0,0,0,0,0,,,,,,,,,,,,,,,,,,,,,,,,,,,,,,,,,,,,,,,,,,,,,,,,,,,,,,,
1863,Painting,1,2201,0,0,0,0,0,0,0,0,0,0,0,0,0,0,0,0,0,0,0,0,0,0,0,0,0,0,0,0,0,0,0,0,0,0,0,0,0,0,0,,,,,,,,,,,,,,,,,,,,,,,,,,,,,,,,,,,,,,,,,,,,,,,,,,,,,,,
1864,ram cladding,1,2205,0,0,0,0,0,0,0,0,0,0,0,0,0,0,0,0,0,0,0,0,0,0,0,0,0,0,0,0,0,0,0,0,0,0,0,0,0,0,0,,,,,,,,,,,,,,,,,,,,,,,,,,,,,,,,,,,,,,,,,,,,,,,,,,,,,,,
1865,swing harness,1,2207,0,0,0,0,0,0,0,0,0,0,0,0,0,0,0,0,0,0,0,0,0,0,0,0,0,0,0,0,0,0,0,0,0,0,0,0,0,0,0,,,,,,,,,,,,,,,,,,,,,,,,,,,,,,,,,,,,,,,,,,,,,,,,,,,,,,,
1866,counter weight,1,2210,0,0,0,0,0,0,0,0,0,0,0,0,0,0,0,0,0,0,0,0,0,0,0,0,0,0,0,0,0,0,0,0,0,0,0,0,0,0,0,,,,,,,,,,,,,,,,,,,,,,,,,,,,,,,,,,,,,,,,,,,,,,,,,,,,,,,
1867,torsion cable,1,2211,0,0,0,0,0,0,0,0,0,0,0,0,0,0,0,0,0,0,0,0,0,0,0,0,0,0,0,0,0,0,0,0,0,0,0,0,0,0,0,,,,,,,,,,,,,,,,,,,,,,,,,,,,,,,,,,,,,,,,,,,,,,,,,,,,,,,
1868,gimbal,1,2212,0,0,0,0,0,0,0,0,0,0,0,0,0,0,0,0,0,0,0,0,0,0,0,0,0,0,0,0,0,0,0,0,0,0,0,0,0,0,0,,,,,,,,,,,,,,,,,,,,,,,,,,,,,,,,,,,,,,,,,,,,,,,,,,,,,,,
1869,lemon,0,2214,0,0,0,0,0,0,0,0,0,0,0,0,0,0,0,0,0,0,0,0,0,0,0,0,0,0,0,0,0,0,0,0,0,0,0,0,0,0,0,,,,,,,,,,,,,,,,,,,,,,,,,,,,,,,,,,,,,,,,,,,,,,,,,,,,,,,
1870,bowl,1,2217,0,0,0,0,0,0,0,0,0,0,0,0,0,0,0,0,0,0,0,0,0,0,0,0,0,0,0,0,0,0,0,0,0,0,0,0,0,0,0,,,,,,,,,,,,,,,,,,,,,,,,,,,,,,,,,,,,,,,,,,,,,,,,,,,,,,,
1871,bow,1,2218,0,0,0,0,0,0,0,0,0,0,0,0,0,0,0,0,0,0,0,0,0,0,0,0,0,0,0,0,0,0,0,0,0,0,0,0,0,0,0,,,,,,,,,,,,,,,,,,,,,,,,,,,,,,,,,,,,,,,,,,,,,,,,,,,,,,,
1872,riding crop,1,2219,0,0,0,0,0,0,0,0,0,0,0,0,0,0,0,0,0,0,0,0,0,0,0,0,0,0,0,0,0,0,0,0,0,0,0,0,0,0,0,,,,,,,,,,,,,,,,,,,,,,,,,,,,,,,,,,,,,,,,,,,,,,,,,,,,,,,
1873,orb,1,2219,0,0,0,0,0,0,0,0,0,0,0,0,0,0,0,0,0,0,0,0,0,0,0,0,0,0,0,0,0,0,0,0,0,0,0,0,0,0,0,,,,,,,,,,,,,,,,,,,,,,,,,,,,,,,,,,,,,,,,,,,,,,,,,,,,,,,
1874,whistle,1,2230,0,0,0,0,0,0,0,0,0,0,0,0,0,0,0,0,0,0,0,0,0,0,0,0,0,0,0,0,0,0,0,0,0,0,0,0,0,0,0,,,,,,,,,,,,,,,,,,,,,,,,,,,,,,,,,,,,,,,,,,,,,,,,,,,,,,,
1875,toy sword,1,2231,0,0,0,0,0,0,0,0,0,0,0,0,0,0,0,0,0,0,0,0,0,0,0,0,0,0,0,0,0,0,0,0,0,0,0,0,0,0,0,,,,,,,,,,,,,,,,,,,,,,,,,,,,,,,,,,,,,,,,,,,,,,,,,,,,,,,
1876,lamp,1,2232,0,0,0,0,0,0,0,0,0,0,0,0,0,0,0,0,0,0,0,0,0,0,0,0,0,0,0,0,0,0,0,0,0,0,0,0,0,0,0,,,,,,,,,,,,,,,,,,,,,,,,,,,,,,,,,,,,,,,,,,,,,,,,,,,,,,,
1877,shelf bracket,1,2233,0,0,0,0,0,0,0,0,0,0,0,0,0,0,0,0,0,0,0,0,0,0,0,0,0,0,0,0,0,0,0,0,0,0,0,0,0,0,0,,,,,,,,,,,,,,,,,,,,,,,,,,,,,,,,,,,,,,,,,,,,,,,,,,,,,,,
1878,hinge,1,2234,0,0,0,0,0,0,0,0,0,0,0,0,0,0,0,0,0,0,0,0,0,0,0,0,0,0,0,0,0,0,0,0,0,0,0,0,0,0,0,,,,,,,,,,,,,,,,,,,,,,,,,,,,,,,,,,,,,,,,,,,,,,,,,,,,,,,
1879,rag doll,1,2235,0,0,0,0,0,0,0,0,0,0,0,0,0,0,0,0,0,0,0,0,0,0,0,0,0,0,0,0,0,0,0,0,0,0,0,0,0,0,0,,,,,,,,,,,,,,,,,,,,,,,,,,,,,,,,,,,,,,,,,,,,,,,,,,,,,,,
1880,marionette,1,2236,0,0,0,0,0,0,0,0,0,0,0,0,0,0,0,0,0,0,0,0,0,0,0,0,0,0,0,0,0,0,0,0,0,0,0,0,0,0,0,,,,,,,,,,,,,,,,,,,,,,,,,,,,,,,,,,,,,,,,,,,,,,,,,,,,,,,
1881,scarf,1,2237,0,0,0,0,0,0,0,0,0,0,0,0,0,0,0,0,0,0,0,0,0,0,0,0,0,0,0,0,0,0,0,0,0,0,0,0,0,0,0,,,,,,,,,,,,,,,,,,,,,,,,,,,,,,,,,,,,,,,,,,,,,,,,,,,,,,,
1882,bedroll pillow,1,2238,0,0,0,0,0,0,0,0,0,0,0,0,0,0,0,0,0,0,0,0,0,0,0,0,0,0,0,0,0,0,0,0,0,0,0,0,0,0,0,,,,,,,,,,,,,,,,,,,,,,,,,,,,,,,,,,,,,,,,,,,,,,,,,,,,,,,
1883,bloodstone,1,2239,0,0,0,0,0,0,0,0,0,0,0,0,0,0,0,0,0,0,0,0,0,0,0,0,0,0,0,0,0,0,0,0,0,0,0,0,0,0,0,,,,,,,,,,,,,,,,,,,,,,,,,,,,,,,,,,,,,,,,,,,,,,,,,,,,,,,
1884,Atlantean Belt,1,2240,0,0,0,0,0,0,0,0,0,0,0,0,0,0,0,0,0,0,0,0,0,0,0,0,0,0,0,0,0,0,0,0,0,0,0,0,0,0,0,,,,,,,,,,,,,,,,,,,,,,,,,,,,,,,,,,,,,,,,,,,,,,,,,,,,,,,
1885,Atlantean Bracer,1,2241,0,0,0,0,0,0,0,0,0,0,0,0,0,0,0,0,0,0,0,0,0,0,0,0,0,0,0,0,0,0,0,0,0,0,0,0,0,0,0,,,,,,,,,,,,,,,,,,,,,,,,,,,,,,,,,,,,,,,,,,,,,,,,,,,,,,,
1886,Atlantean Jewel,1,2242,0,0,0,0,0,0,0,0,0,0,0,0,0,0,0,0,0,0,0,0,0,0,0,0,0,0,0,0,0,0,0,0,0,0,0,0,0,0,0,,,,,,,,,,,,,,,,,,,,,,,,,,,,,,,,,,,,,,,,,,,,,,,,,,,,,,,
1887,Atlantean Necklace,1,2243,0,0,0,0,0,0,0,0,0,0,0,0,0,0,0,0,0,0,0,0,0,0,0,0,0,0,0,0,0,0,0,0,0,0,0,0,0,0,0,,,,,,,,,,,,,,,,,,,,,,,,,,,,,,,,,,,,,,,,,,,,,,,,,,,,,,,
1888,Atlantean Ring,1,2244,0,0,0,0,0,0,0,0,0,0,0,0,0,0,0,0,0,0,0,0,0,0,0,0,0,0,0,0,0,0,0,0,0,0,0,0,0,0,0,,,,,,,,,,,,,,,,,,,,,,,,,,,,,,,,,,,,,,,,,,,,,,,,,,,,,,,
1889,Ram beak,1,2206,0,0,0,0,0,0,0,0,0,0,0,0,0,0,0,0,0,0,0,0,0,0,0,0,0,0,0,0,0,0,0,0,0,0,0,0,0,0,0,,,,,,,,,,,,,,,,,,,,,,,,,,,,,,,,,,,,,,,,,,,,,,,,,,,,,,,
1890,ToA pouch_item,872,560,0,0,0,0,0,0,0,0,0,0,0,0,0,0,0,0,0,0,0,0,0,0,0,0,0,0,0,0,0,0,0,0,0,0,0,0,0,0,0,,,,,,,,,,,,,,,,,,,,,,,,,,,,,,,,,,,,,,,,,,,,,,,,,,,,,,,
1891,ToA Ring_item,873,143,0,0,0,0,0,0,0,0,0,0,0,0,0,0,0,0,0,0,0,0,0,0,0,0,0,0,0,0,0,0,0,0,0,0,0,0,0,0,0,,,,,,,,,,,,,,,,,,,,,,,,,,,,,,,,,,,,,,,,,,,,,,,,,,,,,,,
1892,forgehammer_item,874,210,0,0,0,0,0,0,0,0,0,0,0,0,0,0,0,0,0,0,0,0,0,0,0,0,0,0,0,0,0,0,0,0,0,0,0,0,0,0,0,,,,,,,,,,,,,,,,,,,,,,,,,,,,,,,,,,,,,,,,,,,,,,,,,,,,,,,
1893,Alb 2H Blunt Air,875,240,0,0,0,0,0,0,0,0,0,0,0,0,0,1,0,2,2,5,2591,0,0,0,0,0,0,0,0,0,0,0,0,0,0,0,0,0,0,0,0,,0,,,,,2595,2596,2611,,,,,,,,,,,,,,,,,,,,,,,,,,,,,,,,,,,,,,,,,,,,,,
1894,Alb 2H Blunt Earth,875,241,0,0,0,0,0,0,0,0,0,0,0,0,0,1,0,2,2,5,2592,0,0,0,0,0,0,0,0,0,0,0,0,0,0,0,0,0,0,0,0,,0,,,,,2595,2596,2612,,,,,,,,,,,,,,,,,,,,,,,,,,,,,,,,,,,,,,,,,,,,,,
1895,Alb 2H Blunt Fire,875,242,0,0,0,0,0,0,0,0,0,0,0,0,0,1,0,2,2,5,2593,0,0,0,0,0,0,0,0,0,0,0,0,0,0,0,0,0,0,0,0,,0,,,,,2595,2596,5672,,,,,,,,,,,,,,,,,,,,,,,,,,,,,,,,,,,,,,,,,,,,,,
1896,Alb 2H Blunt Water,875,243,0,0,0,0,0,0,0,0,0,0,0,0,0,1,0,2,2,5,2594,0,0,0,0,0,0,0,0,0,0,0,0,0,0,0,0,0,0,0,0,,0,,,,,2595,2596,2609,,,,,,,,,,,,,,,,,,,,,,,,,,,,,,,,,,,,,,,,,,,,,,
1897,Alb 2H Thrust Air,876,244,0,0,0,0,0,0,0,0,0,0,0,0,0,1,0,2,2,1,2591,0,0,0,0,0,0,0,0,0,0,0,0,0,0,0,0,0,0,0,0,,0,,,,,2595,2596,2611,,,,,,,,,,,,,,,,,,,,,,,,,,,,,,,,,,,,,,,,,,,,,,
1898,Alb 2H Thrust Earth,876,245,0,0,0,0,0,0,0,0,0,0,0,0,0,1,0,2,2,1,2592,0,0,0,0,0,0,0,0,0,0,0,0,0,0,0,0,0,0,0,0,,0,,,,,2595,2596,2612,,,,,,,,,,,,,,,,,,,,,,,,,,,,,,,,,,,,,,,,,,,,,,
1899,Alb 2H Thrust Fire,876,246,0,0,0,0,0,0,0,0,0,0,0,0,0,1,0,2,2,1,2593,0,0,0,0,0,0,0,0,0,0,0,0,0,0,0,0,0,0,0,0,,0,,,,,2595,2596,5672,,,,,,,,,,,,,,,,,,,,,,,,,,,,,,,,,,,,,,,,,,,,,,
1900,Alb 2H Thrust Water,876,247,0,0,0,0,0,0,0,0,0,0,0,0,0,1,0,2,2,1,2594,0,0,0,0,0,0,0,0,0,0,0,0,0,0,0,0,0,0,0,0,,0,,,,,2595,2596,2609,,,,,,,,,,,,,,,,,,,,,,,,,,,,,,,,,,,,,,,,,,,,,,
1901,Alb 2H Slash Air,877,248,0,0,0,0,0,0,0,0,0,0,0,0,0,1,0,2,2,1,2591,0,0,0,0,0,0,0,0,0,0,0,0,0,0,0,0,0,0,0,0,,0,,,,,2595,2596,2611,,,,,,,,,,,,,,,,,,,,,,,,,,,,,,,,,,,,,,,,,,,,,,
1902,Alb 2H Slash Earth,877,249,0,0,0,0,0,0,0,0,0,0,0,0,0,1,0,2,2,1,2592,0,0,0,0,0,0,0,0,0,0,0,0,0,0,0,0,0,0,0,0,,0,,,,,2595,2596,2612,,,,,,,,,,,,,,,,,,,,,,,,,,,,,,,,,,,,,,,,,,,,,,
1903,Alb 2H Slash Fire,877,250,0,0,0,0,0,0,0,0,0,0,0,0,0,1,0,2,2,1,2593,0,0,0,0,0,0,0,0,0,0,0,0,0,0,0,0,0,0,0,0,,0,,,,,2595,2596,5672,,,,,,,,,,,,,,,,,,,,,,,,,,,,,,,,,,,,,,,,,,,,,,
1904,Alb 2H Slash Water,877,251,0,0,0,0,0,0,0,0,0,0,0,0,0,1,0,2,2,1,2594,0,0,0,0,0,0,0,0,0,0,0,0,0,0,0,0,0,0,0,0,,0,,,,,2595,2596,2609,,,,,,,,,,,,,,,,,,,,,,,,,,,,,,,,,,,,,,,,,,,,,,
1905,Alb Saracen Short Bow Air,2470,252,0,0,0,0,0,0,0,0,0,0,0,0,0,0,0,5,1,7,0,0,0,0,0,0,0,0,0,0,0,0,0,0,0,0,0,0,0,0,0,,0,,,,,2595,2596,2611,,,,,,,,,,,,,,,,,,,,,,,,,,,,,,,,,,,,,,,,,,,,,,
1906,Alb Saracen Short Bow Earth,2476,253,0,0,0,0,0,0,0,0,0,0,0,0,0,0,0,5,1,7,0,0,0,0,0,0,0,0,0,0,0,0,0,0,0,0,0,0,0,0,0,,0,,,,,2595,2596,2612,,,,,,,,,,,,,,,,,,,,,,,,,,,,,,,,,,,,,,,,,,,,,,
1907,Alb Saracen Short Bow Fire,2482,254,0,0,0,0,0,0,0,0,0,0,0,0,0,0,0,5,1,7,0,0,0,0,0,0,0,0,0,0,0,0,0,0,0,0,0,0,0,0,0,,0,,,,,2595,2596,5672,,,,,,,,,,,,,,,,,,,,,,,,,,,,,,,,,,,,,,,,,,,,,,
1908,Alb Saracen Short Bow Water,2488,255,0,0,0,0,0,0,0,0,0,0,0,0,0,0,0,5,1,7,0,0,0,0,0,0,0,0,0,0,0,0,0,0,0,0,0,0,0,0,0,,0,,,,,2595,2596,2609,,,,,,,,,,,,,,,,,,,,,,,,,,,,,,,,,,,,,,,,,,,,,,
1909,Alb Thorn Bow Air,2475,256,0,0,0,0,0,0,0,0,0,0,0,0,0,0,0,5,1,7,0,0,0,0,0,0,0,0,0,0,0,0,0,0,0,0,0,0,0,0,0,,0,,,,,2595,2596,2611,,,,,,,,,,,,,,,,,,,,,,,,,,,,,,,,,,,,,,,,,,,,,,
1910,Alb Thorn Bow Earth,2481,257,0,0,0,0,0,0,0,0,0,0,0,0,0,0,0,5,1,7,0,0,0,0,0,0,0,0,0,0,0,0,0,0,0,0,0,0,0,0,0,,0,,,,,2595,2596,2612,,,,,,,,,,,,,,,,,,,,,,,,,,,,,,,,,,,,,,,,,,,,,,
1911,Alb Thorn Bow Fire,2487,258,0,0,0,0,0,0,0,0,0,0,0,0,0,0,0,5,1,7,0,0,0,0,0,0,0,0,0,0,0,0,0,0,0,0,0,0,0,0,0,,0,,,,,2595,2596,5672,,,,,,,,,,,,,,,,,,,,,,,,,,,,,,,,,,,,,,,,,,,,,,
1912,Alb Thorn Bow Water,2493,259,0,0,0,0,0,0,0,0,0,0,0,0,0,0,0,5,1,7,0,0,0,0,0,0,0,0,0,0,0,0,0,0,0,0,0,0,0,0,0,,0,,,,,2595,2596,2609,,,,,,,,,,,,,,,,,,,,,,,,,,,,,,,,,,,,,,,,,,,,,,
1913,Alb BishopsMace Air,880,260,0,0,0,0,0,0,0,0,0,0,0,0,0,1,0,1,0,5,2591,0,0,0,0,0,0,0,0,0,0,0,0,0,0,0,0,0,0,0,0,,0,,,,,2595,2596,2611,,,,,,,,,,,,,,,,,,,,,,,,,,,,,,,,,,,,,,,,,,,,,,
1914,Alb BishopsMace Earth,880,261,0,0,0,0,0,0,0,0,0,0,0,0,0,1,0,1,0,5,2592,0,0,0,0,0,0,0,0,0,0,0,0,0,0,0,0,0,0,0,0,,0,,,,,2595,2596,2612,,,,,,,,,,,,,,,,,,,,,,,,,,,,,,,,,,,,,,,,,,,,,,
1915,Alb BishopsMace Fire,880,262,0,0,0,0,0,0,0,0,0,0,0,0,0,1,0,1,0,5,2593,0,0,0,0,0,0,0,0,0,0,0,0,0,0,0,0,0,0,0,0,,0,,,,,2595,2596,5672,,,,,,,,,,,,,,,,,,,,,,,,,,,,,,,,,,,,,,,,,,,,,,
1916,Alb BishopsMace Water,880,263,0,0,0,0,0,0,0,0,0,0,0,0,0,1,0,1,0,5,2594,0,0,0,0,0,0,0,0,0,0,0,0,0,0,0,0,0,0,0,0,,0,,,,,2595,2596,2609,,,,,,,,,,,,,,,,,,,,,,,,,,,,,,,,,,,,,,,,,,,,,,
1917,Alb Coffin Mace Mace Air,881,264,0,0,0,0,0,0,0,0,0,0,0,0,0,1,0,1,0,5,2591,0,0,0,0,0,0,0,0,0,0,0,0,0,0,0,0,0,0,0,0,,0,,,,,2595,2596,2611,,,,,,,,,,,,,,,,,,,,,,,,,,,,,,,,,,,,,,,,,,,,,,
1918,Alb Coffin Mace Mace Earth,881,265,0,0,0,0,0,0,0,0,0,0,0,0,0,1,0,1,0,5,2592,0,0,0,0,0,0,0,0,0,0,0,0,0,0,0,0,0,0,0,0,,0,,,,,2595,2596,2612,,,,,,,,,,,,,,,,,,,,,,,,,,,,,,,,,,,,,,,,,,,,,,
1919,Alb Coffin Mace Fire,881,266,0,0,0,0,0,0,0,0,0,0,0,0,0,1,0,1,0,5,2593,0,0,0,0,0,0,0,0,0,0,0,0,0,0,0,0,0,0,0,0,,0,,,,,2595,2596,5672,,,,,,,,,,,,,,,,,,,,,,,,,,,,,,,,,,,,,,,,,,,,,,
1920,Alb Coffin Mace Water,881,267,0,0,0,0,0,0,0,0,0,0,0,0,0,1,0,1,0,5,2594,0,0,0,0,0,0,0,0,0,0,0,0,0,0,0,0,0,0,0,0,,0,,,,,2595,2596,2609,,,,,,,,,,,,,,,,,,,,,,,,,,,,,,,,,,,,,,,,,,,,,,
1921,Alb Flex Spiked Flail Air,882,268,0,0,0,0,0,0,0,0,0,0,0,0,0,1,0,10,0,20,2591,0,0,0,0,0,0,0,0,0,0,0,0,0,0,0,0,0,0,0,0,,0,,,,,2595,2596,2611,,,,,,,,,,,,,,,,,,,,,,,,,,,,,,,,,,,,,,,,,,,,,,
1922,Alb Flex Spiked Flail Earth,882,269,0,0,0,0,0,0,0,0,0,0,0,0,0,1,0,10,0,20,2592,0,0,0,0,0,0,0,0,0,0,0,0,0,0,0,0,0,0,0,0,,0,,,,,2595,2596,2612,,,,,,,,,,,,,,,,,,,,,,,,,,,,,,,,,,,,,,,,,,,,,,
1923,Alb Flex Spiked Flail Fire,882,270,0,0,0,0,0,0,0,0,0,0,0,0,0,1,0,10,0,20,2593,0,0,0,0,0,0,0,0,0,0,0,0,0,0,0,0,0,0,0,0,,0,,,,,2595,2596,5672,,,,,,,,,,,,,,,,,,,,,,,,,,,,,,,,,,,,,,,,,,,,,,
1924,Alb Flex Spiked Flail Water,882,271,0,0,0,0,0,0,0,0,0,0,0,0,0,1,0,10,0,20,2594,0,0,0,0,0,0,0,0,0,0,0,0,0,0,0,0,0,0,0,0,,0,,,,,2595,2596,2609,,,,,,,,,,,,,,,,,,,,,,,,,,,,,,,,,,,,,,,,,,,,,,
1925,Alb Flex Spiked Whip Air,1023,272,0,0,0,0,0,0,0,0,0,0,0,0,0,1,0,11,0,1,2591,0,0,0,0,0,0,0,0,0,0,0,0,0,0,0,0,0,0,0,0,,0,,,,,2595,2596,2611,,,,,,,,,,,,,,,,,,,,,,,,,,,,,,,,,,,,,,,,,,,,,,
1926,Alb Flex Spiked Whip Earth,1023,273,0,0,0,0,0,0,0,0,0,0,0,0,0,1,0,11,0,1,2592,0,0,0,0,0,0,0,0,0,0,0,0,0,0,0,0,0,0,0,0,,0,,,,,2595,2596,2612,,,,,,,,,,,,,,,,,,,,,,,,,,,,,,,,,,,,,,,,,,,,,,
1927,Alb Flex Spiked Whip Fire,1023,274,0,0,0,0,0,0,0,0,0,0,0,0,0,1,0,11,0,1,2593,0,0,0,0,0,0,0,0,0,0,0,0,0,0,0,0,0,0,0,0,,0,,,,,2595,2596,5672,,,,,,,,,,,,,,,,,,,,,,,,,,,,,,,,,,,,,,,,,,,,,,
1928,Alb Flex Spiked Whip Water,1023,275,0,0,0,0,0,0,0,0,0,0,0,0,0,1,0,11,0,1,2594,0,0,0,0,0,0,0,0,0,0,0,0,0,0,0,0,0,0,0,0,,0,,,,,2595,2596,2609,,,,,,,,,,,,,,,,,,,,,,,,,,,,,,,,,,,,,,,,,,,,,,
1929,Alb Military Fork Air,884,276,0,0,0,0,0,0,0,0,0,0,0,0,0,0,0,3,2,21,2591,0,0,0,0,0,0,0,0,0,0,0,0,0,0,0,0,0,0,0,0,,0,,,,,2595,2596,2611,,,,,,,,,,,,,,,,,,,,,,,,,,,,,,,,,,,,,,,,,,,,,,
1930,Alb Military Fork Earth,884,277,0,0,0,0,0,0,0,0,0,0,0,0,0,0,0,3,2,21,2592,0,0,0,0,0,0,0,0,0,0,0,0,0,0,0,0,0,0,0,0,,0,,,,,2595,2596,2612,,,,,,,,,,,,,,,,,,,,,,,,,,,,,,,,,,,,,,,,,,,,,,
1931,Alb Military Fork Fire,884,278,0,0,0,0,0,0,0,0,0,0,0,0,0,0,0,3,2,21,2593,0,0,0,0,0,0,0,0,0,0,0,0,0,0,0,0,0,0,0,0,,0,,,,,2595,2596,5672,,,,,,,,,,,,,,,,,,,,,,,,,,,,,,,,,,,,,,,,,,,,,,
1932,Alb Military Fork Water,884,279,0,0,0,0,0,0,0,0,0,0,0,0,0,0,0,3,2,21,2594,0,0,0,0,0,0,0,0,0,0,0,0,0,0,0,0,0,0,0,0,,0,,,,,2595,2596,2609,,,,,,,,,,,,,,,,,,,,,,,,,,,,,,,,,,,,,,,,,,,,,,
1933,Alb Saracen Glaive Air,885,280,0,0,0,0,0,0,0,0,0,0,0,0,0,0,0,3,2,21,2591,0,0,0,0,0,0,0,0,0,0,0,0,0,0,0,0,0,0,0,0,,0,,,,,2595,2596,2611,,,,,,,,,,,,,,,,,,,,,,,,,,,,,,,,,,,,,,,,,,,,,,
1934,Alb Saracen Glaive Earth,885,281,0,0,0,0,0,0,0,0,0,0,0,0,0,0,0,3,2,21,2592,0,0,0,0,0,0,0,0,0,0,0,0,0,0,0,0,0,0,0,0,,0,,,,,2595,2596,2612,,,,,,,,,,,,,,,,,,,,,,,,,,,,,,,,,,,,,,,,,,,,,,
1935,Alb Saracen Glaive Fire,885,282,0,0,0,0,0,0,0,0,0,0,0,0,0,0,0,3,2,21,2593,0,0,0,0,0,0,0,0,0,0,0,0,0,0,0,0,0,0,0,0,,0,,,,,2595,2596,5672,,,,,,,,,,,,,,,,,,,,,,,,,,,,,,,,,,,,,,,,,,,,,,
1936,Alb Saracen Glaive Water,885,283,0,0,0,0,0,0,0,0,0,0,0,0,0,0,0,3,2,21,2594,0,0,0,0,0,0,0,0,0,0,0,0,0,0,0,0,0,0,0,0,,0,,,,,2595,2596,2609,,,,,,,,,,,,,,,,,,,,,,,,,,,,,,,,,,,,,,,,,,,,,,
1937,Alb Tall Hammer Air,886,284,0,0,0,0,0,0,0,0,0,0,0,0,0,0,0,3,2,5,2591,0,0,0,0,0,0,0,0,0,0,0,0,0,0,0,0,0,0,0,0,,0,,,,,2595,2596,2611,,,,,,,,,,,,,,,,,,,,,,,,,,,,,,,,,,,,,,,,,,,,,,
1938,Alb Tall Hammer Earth,886,285,0,0,0,0,0,0,0,0,0,0,0,0,0,0,0,3,2,5,2592,0,0,0,0,0,0,0,0,0,0,0,0,0,0,0,0,0,0,0,0,,0,,,,,2595,2596,2612,,,,,,,,,,,,,,,,,,,,,,,,,,,,,,,,,,,,,,,,,,,,,,
1939,Alb Tall Hammer Fire,886,286,0,0,0,0,0,0,0,0,0,0,0,0,0,0,0,3,2,5,2593,0,0,0,0,0,0,0,0,0,0,0,0,0,0,0,0,0,0,0,0,,0,,,,,2595,2596,5672,,,,,,,,,,,,,,,,,,,,,,,,,,,,,,,,,,,,,,,,,,,,,,
1940,Alb Tall Hammer Water,886,287,0,0,0,0,0,0,0,0,0,0,0,0,0,0,0,3,2,5,2594,0,0,0,0,0,0,0,0,0,0,0,0,0,0,0,0,0,0,0,0,,0,,,,,2595,2596,2609,,,,,,,,,,,,,,,,,,,,,,,,,,,,,,,,,,,,,,,,,,,,,,
1941,Alb Cinquedea Air,887,288,0,0,0,0,0,0,0,0,0,0,0,0,0,1,0,1,0,1,2591,0,0,0,0,0,0,0,0,0,0,0,0,0,0,0,0,0,0,0,0,,0,,,,,2595,2596,2611,,,,,,,,,,,,,,,,,,,,,,,,,,,,,,,,,,,,,,,,,,,,,,
1942,Alb Cinquedea Earth,887,289,0,0,0,0,0,0,0,0,0,0,0,0,0,1,0,1,0,1,2592,0,0,0,0,0,0,0,0,0,0,0,0,0,0,0,0,0,0,0,0,,0,,,,,2595,2596,2612,,,,,,,,,,,,,,,,,,,,,,,,,,,,,,,,,,,,,,,,,,,,,,
1943,Alb Cinquedea Fire,887,290,0,0,0,0,0,0,0,0,0,0,0,0,0,1,0,1,0,1,2593,0,0,0,0,0,0,0,0,0,0,0,0,0,0,0,0,0,0,0,0,,0,,,,,2595,2596,5672,,,,,,,,,,,,,,,,,,,,,,,,,,,,,,,,,,,,,,,,,,,,,,
1944,Alb Cinquedea Water,887,291,0,0,0,0,0,0,0,0,0,0,0,0,0,1,0,1,0,1,2594,0,0,0,0,0,0,0,0,0,0,0,0,0,0,0,0,0,0,0,0,,0,,,,,2595,2596,2609,,,,,,,,,,,,,,,,,,,,,,,,,,,,,,,,,,,,,,,,,,,,,,
1945,Alb Falchion Air,888,292,0,0,0,0,0,0,0,0,0,0,0,0,0,1,0,1,0,1,2591,0,0,0,0,0,0,0,0,0,0,0,0,0,0,0,0,0,0,0,0,,0,,,,,2595,2596,2611,,,,,,,,,,,,,,,,,,,,,,,,,,,,,,,,,,,,,,,,,,,,,,
1946,Alb Falchion Earth,888,293,0,0,0,0,0,0,0,0,0,0,0,0,0,1,0,1,0,1,2592,0,0,0,0,0,0,0,0,0,0,0,0,0,0,0,0,0,0,0,0,,0,,,,,2595,2596,2612,,,,,,,,,,,,,,,,,,,,,,,,,,,,,,,,,,,,,,,,,,,,,,
1947,Alb Falchion Fire,888,294,0,0,0,0,0,0,0,0,0,0,0,0,0,1,0,1,0,1,2593,0,0,0,0,0,0,0,0,0,0,0,0,0,0,0,0,0,0,0,0,,0,,,,,2595,2596,5672,,,,,,,,,,,,,,,,,,,,,,,,,,,,,,,,,,,,,,,,,,,,,,
1948,Alb Falchion Water,888,295,0,0,0,0,0,0,0,0,0,0,0,0,0,1,0,1,0,1,2594,0,0,0,0,0,0,0,0,0,0,0,0,0,0,0,0,0,0,0,0,,0,,,,,2595,2596,2609,,,,,,,,,,,,,,,,,,,,,,,,,,,,,,,,,,,,,,,,,,,,,,
1949,Alb Spiked Staff Mace Air,889,296,0,0,0,0,0,0,0,0,0,0,0,0,0,0,0,4,1,6,2591,0,0,0,0,0,0,0,0,0,0,0,0,0,0,0,0,0,0,0,0,,0,,,,,2595,2596,2611,,,,,,,,,,,,,,,,,,,,,,,,,,,,,,,,,,,,,,,,,,,,,,
1950,Alb Spiked Staff Mace Earth,889,297,0,0,0,0,0,0,0,0,0,0,0,0,0,0,0,4,1,6,2592,0,0,0,0,0,0,0,0,0,0,0,0,0,0,0,0,0,0,0,0,,0,,,,,2595,2596,2612,,,,,,,,,,,,,,,,,,,,,,,,,,,,,,,,,,,,,,,,,,,,,,
1951,Alb Spiked Staff Mace Fire,889,298,0,0,0,0,0,0,0,0,0,0,0,0,0,0,0,4,1,6,2593,0,0,0,0,0,0,0,0,0,0,0,0,0,0,0,0,0,0,0,0,,0,,,,,2595,2596,5672,,,,,,,,,,,,,,,,,,,,,,,,,,,,,,,,,,,,,,,,,,,,,,
1952,Alb Spiked Staff Mace Water,889,299,0,0,0,0,0,0,0,0,0,0,0,0,0,0,0,4,1,6,2594,0,0,0,0,0,0,0,0,0,0,0,0,0,0,0,0,0,0,0,0,,0,,,,,2595,2596,2609,,,,,,,,,,,,,,,,,,,,,,,,,,,,,,,,,,,,,,,,,,,,,,
1953,Alb Duelists Dagger Air,890,2400,0,0,0,0,0,0,0,0,0,0,0,0,0,1,0,1,0,21,2591,0,0,0,0,0,0,0,0,0,0,0,0,0,0,0,0,0,0,0,0,,0,,,,,2595,2596,2611,,,,,,,,,,,,,,,,,,,,,,,,,,,,,,,,,,,,,,,,,,,,,,
1954,Alb Duelists Dagger Earth,890,2401,0,0,0,0,0,0,0,0,0,0,0,0,0,1,0,1,0,21,2592,0,0,0,0,0,0,0,0,0,0,0,0,0,0,0,0,0,0,0,0,,0,,,,,2595,2596,2612,,,,,,,,,,,,,,,,,,,,,,,,,,,,,,,,,,,,,,,,,,,,,,
1955,Alb Duelists Dagger Fire,890,2402,0,0,0,0,0,0,0,0,0,0,0,0,0,1,0,1,0,21,2593,0,0,0,0,0,0,0,0,0,0,0,0,0,0,0,0,0,0,0,0,,0,,,,,2595,2596,5672,,,,,,,,,,,,,,,,,,,,,,,,,,,,,,,,,,,,,,,,,,,,,,
1956,Alb Duelists Dagger Water,890,2403,0,0,0,0,0,0,0,0,0,0,0,0,0,1,0,1,0,21,2594,0,0,0,0,0,0,0,0,0,0,0,0,0,0,0,0,0,0,0,0,,0,,,,,2595,2596,2609,,,,,,,,,,,,,,,,,,,,,,,,,,,,,,,,,,,,,,,,,,,,,,
1957,Alb Duelists Rapier Air,891,2404,0,0,0,0,0,0,0,0,0,0,0,0,0,1,0,1,0,1,2591,0,0,0,0,0,0,0,0,0,0,0,0,0,0,0,0,0,0,0,0,,0,,,,,2595,2596,2611,,,,,,,,,,,,,,,,,,,,,,,,,,,,,,,,,,,,,,,,,,,,,,
1958,Alb Duelists Rapier Earth,891,2405,0,0,0,0,0,0,0,0,0,0,0,0,0,1,0,1,0,1,2592,0,0,0,0,0,0,0,0,0,0,0,0,0,0,0,0,0,0,0,0,,0,,,,,2595,2596,2612,,,,,,,,,,,,,,,,,,,,,,,,,,,,,,,,,,,,,,,,,,,,,,
1959,Alb Duelists Rapier Fire,891,2406,0,0,0,0,0,0,0,0,0,0,0,0,0,1,0,1,0,1,2593,0,0,0,0,0,0,0,0,0,0,0,0,0,0,0,0,0,0,0,0,,0,,,,,2595,2596,5672,,,,,,,,,,,,,,,,,,,,,,,,,,,,,,,,,,,,,,,,,,,,,,
1960,Alb Duelists Rapier Water,891,2407,0,0,0,0,0,0,0,0,0,0,0,0,0,1,0,1,0,1,2594,0,0,0,0,0,0,0,0,0,0,0,0,0,0,0,0,0,0,0,0,,0,,,,,2595,2596,2609,,,,,,,,,,,,,,,,,,,,,,,,,,,,,,,,,,,,,,,,,,,,,,
1961,Alb Xbo Skinners Crossbow Air,2474,2408,0,0,0,0,0,0,0,0,0,0,0,0,0,0,0,6,1,3,0,0,0,0,0,0,0,0,0,0,0,0,0,0,0,0,0,0,0,0,0,,0,,,,,2595,2596,2611,,,,,,,,,,,,,,,,,,,,,,,,,,,,,,,,,,,,,,,,,,,,,,
1962,Alb Xbo Skinners Crossbow Earth,2480,2409,0,0,0,0,0,0,0,0,0,0,0,0,0,0,0,6,1,3,0,0,0,0,0,0,0,0,0,0,0,0,0,0,0,0,0,0,0,0,0,,0,,,,,2595,2596,2612,,,,,,,,,,,,,,,,,,,,,,,,,,,,,,,,,,,,,,,,,,,,,,
1963,Alb Xbo Skinners Crossbow Fire,2486,2410,0,0,0,0,0,0,0,0,0,0,0,0,0,0,0,6,1,3,0,0,0,0,0,0,0,0,0,0,0,0,0,0,0,0,0,0,0,0,0,,0,,,,,2595,2596,5672,,,,,,,,,,,,,,,,,,,,,,,,,,,,,,,,,,,,,,,,,,,,,,
1964,Alb Xbo Skinners Crossbow Water,2492,2411,0,0,0,0,0,0,0,0,0,0,0,0,0,0,0,6,1,3,0,0,0,0,0,0,0,0,0,0,0,0,0,0,0,0,0,0,0,0,0,,0,,,,,2595,2596,2609,,,,,,,,,,,,,,,,,,,,,,,,,,,,,,,,,,,,,,,,,,,,,,
1965,Albion Mage Staff 01 Air,893,2412,0,0,0,0,0,0,0,0,0,0,0,0,0,0,0,4,1,6,2591,0,0,0,0,0,0,0,0,0,0,0,0,0,0,0,0,0,0,0,0,,0,,,,,2595,2596,2611,,,,,,,,,,,,,,,,,,,,,,,,,,,,,,,,,,,,,,,,,,,,,,
1966,Albion Mage Staff 01 Earth,893,2413,0,0,0,0,0,0,0,0,0,0,0,0,0,0,0,4,1,6,2592,0,0,0,0,0,0,0,0,0,0,0,0,0,0,0,0,0,0,0,0,,0,,,,,2595,2596,2612,,,,,,,,,,,,,,,,,,,,,,,,,,,,,,,,,,,,,,,,,,,,,,
1967,Albion Mage Staff 01 Fire,893,2414,0,0,0,0,0,0,0,0,0,0,0,0,0,0,0,4,1,6,2593,0,0,0,0,0,0,0,0,0,0,0,0,0,0,0,0,0,0,0,0,,0,,,,,2595,2596,5672,,,,,,,,,,,,,,,,,,,,,,,,,,,,,,,,,,,,,,,,,,,,,,
1968,Albion Mage Staff 01 Water,893,2415,0,0,0,0,0,0,0,0,0,0,0,0,0,0,0,4,1,6,2594,0,0,0,0,0,0,0,0,0,0,0,0,0,0,0,0,0,0,0,0,,0,,,,,2595,2596,2609,,,,,,,,,,,,,,,,,,,,,,,,,,,,,,,,,,,,,,,,,,,,,,
1969,Hib Elven Firbolg L Sword Air,894,2416,0,0,0,0,0,0,0,0,0,0,0,0,0,1,0,1,0,1,2603,0,0,0,0,0,0,0,0,0,0,0,0,0,0,0,0,0,0,0,0,,0,,,,,2607,2608,2611,,,,,,,,,,,,,,,,,,,,,,,,,,,,,,,,,,,,,,,,,,,,,,
1970,Hib Elven Firbolg L Sword Earth,894,2417,0,0,0,0,0,0,0,0,0,0,0,0,0,1,0,1,0,1,2604,0,0,0,0,0,0,0,0,0,0,0,0,0,0,0,0,0,0,0,0,,0,,,,,2607,2608,2612,,,,,,,,,,,,,,,,,,,,,,,,,,,,,,,,,,,,,,,,,,,,,,
1971,Hib Elven Firbolg L Sword Fire,894,2418,0,0,0,0,0,0,0,0,0,0,0,0,0,1,0,1,0,1,2605,0,0,0,0,0,0,0,0,0,0,0,0,0,0,0,0,0,0,0,0,,0,,,,,2607,2608,5672,,,,,,,,,,,,,,,,,,,,,,,,,,,,,,,,,,,,,,,,,,,,,,
1972,Hib Elven Firbolg L Sword Water,894,2419,0,0,0,0,0,0,0,0,0,0,0,0,0,1,0,1,0,1,2606,0,0,0,0,0,0,0,0,0,0,0,0,0,0,0,0,0,0,0,0,,0,,,,,2607,2608,2609,,,,,,,,,,,,,,,,,,,,,,,,,,,,,,,,,,,,,,,,,,,,,,
1973,Hib Elven Firbolg S Sword Air,895,2420,0,0,0,0,0,0,0,0,0,0,0,0,0,1,0,1,0,1,2603,0,0,0,0,0,0,0,0,0,0,0,0,0,0,0,0,0,0,0,0,,0,,,,,2607,2608,2611,,,,,,,,,,,,,,,,,,,,,,,,,,,,,,,,,,,,,,,,,,,,,,
1974,Hib Elven Firbolg S Sword Earth,895,2421,0,0,0,0,0,0,0,0,0,0,0,0,0,1,0,1,0,1,2604,0,0,0,0,0,0,0,0,0,0,0,0,0,0,0,0,0,0,0,0,,0,,,,,2607,2608,2612,,,,,,,,,,,,,,,,,,,,,,,,,,,,,,,,,,,,,,,,,,,,,,
1975,Hib Elven Firbolg S Sword Fire,895,2422,0,0,0,0,0,0,0,0,0,0,0,0,0,1,0,1,0,1,2605,0,0,0,0,0,0,0,0,0,0,0,0,0,0,0,0,0,0,0,0,,0,,,,,2607,2608,5672,,,,,,,,,,,,,,,,,,,,,,,,,,,,,,,,,,,,,,,,,,,,,,
1976,Hib Elven Firbolg S Sword Water,895,2423,0,0,0,0,0,0,0,0,0,0,0,0,0,1,0,1,0,1,2606,0,0,0,0,0,0,0,0,0,0,0,0,0,0,0,0,0,0,0,0,,0,,,,,2607,2608,2609,,,,,,,,,,,,,,,,,,,,,,,,,,,,,,,,,,,,,,,,,,,,,,
1977,Hib 2H Firbolg Hammer Air,896,2424,0,0,0,0,0,0,0,0,0,0,0,0,0,1,0,2,2,5,2603,0,0,0,0,0,0,0,0,0,0,0,0,0,0,0,0,0,0,0,0,,0,,,,,2607,2608,2611,,,,,,,,,,,,,,,,,,,,,,,,,,,,,,,,,,,,,,,,,,,,,,
1978,Hib 2H Firbolg Hammer Earth,896,2425,0,0,0,0,0,0,0,0,0,0,0,0,0,1,0,2,2,5,2604,0,0,0,0,0,0,0,0,0,0,0,0,0,0,0,0,0,0,0,0,,0,,,,,2607,2608,2612,,,,,,,,,,,,,,,,,,,,,,,,,,,,,,,,,,,,,,,,,,,,,,
1979,Hib 2H Firbolg Hammer Fire,896,2426,0,0,0,0,0,0,0,0,0,0,0,0,0,1,0,2,2,5,2605,0,0,0,0,0,0,0,0,0,0,0,0,0,0,0,0,0,0,0,0,,0,,,,,2607,2608,5672,,,,,,,,,,,,,,,,,,,,,,,,,,,,,,,,,,,,,,,,,,,,,,
1980,Hib 2H Firbolg Hammer Water,896,2427,0,0,0,0,0,0,0,0,0,0,0,0,0,1,0,2,2,5,2606,0,0,0,0,0,0,0,0,0,0,0,0,0,0,0,0,0,0,0,0,,0,,,,,2607,2608,2609,,,,,,,,,,,,,,,,,,,,,,,,,,,,,,,,,,,,,,,,,,,,,,
1981,Hib 2H Firbolg Troll Splitter Air,897,2428,0,0,0,0,0,0,0,0,0,0,0,0,0,1,0,2,2,1,2603,0,0,0,0,0,0,0,0,0,0,0,0,0,0,0,0,0,0,0,0,,0,,,,,2607,2608,2611,,,,,,,,,,,,,,,,,,,,,,,,,,,,,,,,,,,,,,,,,,,,,,
1982,Hib 2H Firbolg Troll Splitter Earth,897,2429,0,0,0,0,0,0,0,0,0,0,0,0,0,1,0,2,2,1,2604,0,0,0,0,0,0,0,0,0,0,0,0,0,0,0,0,0,0,0,0,,0,,,,,2607,2608,2612,,,,,,,,,,,,,,,,,,,,,,,,,,,,,,,,,,,,,,,,,,,,,,
1983,Hib 2H Firbolg Troll Splitter Fire,897,2430,0,0,0,0,0,0,0,0,0,0,0,0,0,1,0,2,2,1,2605,0,0,0,0,0,0,0,0,0,0,0,0,0,0,0,0,0,0,0,0,,0,,,,,2607,2608,5672,,,,,,,,,,,,,,,,,,,,,,,,,,,,,,,,,,,,,,,,,,,,,,
1984,Hib 2H Firbolg Troll Splitter Water,897,2431,0,0,0,0,0,0,0,0,0,0,0,0,0,1,0,2,2,1,2606,0,0,0,0,0,0,0,0,0,0,0,0,0,0,0,0,0,0,0,0,,0,,,,,2607,2608,2609,,,,,,,,,,,,,,,,,,,,,,,,,,,,,,,,,,,,,,,,,,,,,,
1985,Hib Celtic Hammer Air,898,2432,0,0,0,0,0,0,0,0,0,0,0,0,0,1,0,1,0,5,2603,0,0,0,0,0,0,0,0,0,0,0,0,0,0,0,0,0,0,0,0,,0,,,,,2607,2608,2611,,,,,,,,,,,,,,,,,,,,,,,,,,,,,,,,,,,,,,,,,,,,,,
1986,Hib Celtic Hammer Earth,898,2433,0,0,0,0,0,0,0,0,0,0,0,0,0,1,0,1,0,5,2604,0,0,0,0,0,0,0,0,0,0,0,0,0,0,0,0,0,0,0,0,,0,,,,,2607,2608,2612,,,,,,,,,,,,,,,,,,,,,,,,,,,,,,,,,,,,,,,,,,,,,,
1987,Hib Celtic Hammer Fire,898,2434,0,0,0,0,0,0,0,0,0,0,0,0,0,1,0,1,0,5,2605,0,0,0,0,0,0,0,0,0,0,0,0,0,0,0,0,0,0,0,0,,0,,,,,2607,2608,5672,,,,,,,,,,,,,,,,,,,,,,,,,,,,,,,,,,,,,,,,,,,,,,
1988,Hib Celtic Hammer Water,898,2435,0,0,0,0,0,0,0,0,0,0,0,0,0,1,0,1,0,5,2606,0,0,0,0,0,0,0,0,0,0,0,0,0,0,0,0,0,0,0,0,,0,,,,,2607,2608,2609,,,,,,,,,,,,,,,,,,,,,,,,,,,,,,,,,,,,,,,,,,,,,,
1989,Hib Firbolg Hammer Air,899,2436,0,0,0,0,0,0,0,0,0,0,0,0,0,1,0,1,0,5,2603,0,0,0,0,0,0,0,0,0,0,0,0,0,0,0,0,0,0,0,0,,0,,,,,2607,2608,2611,,,,,,,,,,,,,,,,,,,,,,,,,,,,,,,,,,,,,,,,,,,,,,
1990,Hib Firbolg Hammer Earth,899,2437,0,0,0,0,0,0,0,0,0,0,0,0,0,1,0,1,0,5,2604,0,0,0,0,0,0,0,0,0,0,0,0,0,0,0,0,0,0,0,0,,0,,,,,2607,2608,2612,,,,,,,,,,,,,,,,,,,,,,,,,,,,,,,,,,,,,,,,,,,,,,
1991,Hib Firbolg Hammer Fire,899,2438,0,0,0,0,0,0,0,0,0,0,0,0,0,1,0,1,0,5,2605,0,0,0,0,0,0,0,0,0,0,0,0,0,0,0,0,0,0,0,0,,0,,,,,2607,2608,5672,,,,,,,,,,,,,,,,,,,,,,,,,,,,,,,,,,,,,,,,,,,,,,
1992,Hib Firbolg Hammer Water,899,2439,0,0,0,0,0,0,0,0,0,0,0,0,0,1,0,1,0,5,2606,0,0,0,0,0,0,0,0,0,0,0,0,0,0,0,0,0,0,0,0,,0,,,,,2607,2608,2609,,,,,,,,,,,,,,,,,,,,,,,,,,,,,,,,,,,,,,,,,,,,,,
1993,Hib Elven Long Bow Air,2473,2440,0,0,0,0,0,0,0,0,0,0,0,0,0,0,0,5,1,7,0,0,0,0,0,0,0,0,0,0,0,0,0,0,0,0,0,0,0,0,0,,0,,,,,2607,2608,2611,,,,,,,,,,,,,,,,,,,,,,,,,,,,,,,,,,,,,,,,,,,,,,
1994,Hib Elven Long Bow Earth,2479,2441,0,0,0,0,0,0,0,0,0,0,0,0,0,0,0,5,1,7,0,0,0,0,0,0,0,0,0,0,0,0,0,0,0,0,0,0,0,0,0,,0,,,,,2607,2608,2612,,,,,,,,,,,,,,,,,,,,,,,,,,,,,,,,,,,,,,,,,,,,,,
1995,Hib Elven Long Bow Fire,2485,2442,0,0,0,0,0,0,0,0,0,0,0,0,0,0,0,5,1,7,0,0,0,0,0,0,0,0,0,0,0,0,0,0,0,0,0,0,0,0,0,,0,,,,,2607,2608,5672,,,,,,,,,,,,,,,,,,,,,,,,,,,,,,,,,,,,,,,,,,,,,,
1996,Hib Elven Long Bow Water,2491,2443,0,0,0,0,0,0,0,0,0,0,0,0,0,0,0,5,1,7,0,0,0,0,0,0,0,0,0,0,0,0,0,0,0,0,0,0,0,0,0,,0,,,,,2607,2608,2609,,,,,,,,,,,,,,,,,,,,,,,,,,,,,,,,,,,,,,,,,,,,,,
1997,Hib Elven Short Bow Air,2471,2444,0,0,0,0,0,0,0,0,0,0,0,0,0,0,0,5,1,7,0,0,0,0,0,0,0,0,0,0,0,0,0,0,0,0,0,0,0,0,0,,0,,,,,2607,2608,2611,,,,,,,,,,,,,,,,,,,,,,,,,,,,,,,,,,,,,,,,,,,,,,
1998,Hib Elven Short Bow Earth,2478,2445,0,0,0,0,0,0,0,0,0,0,0,0,0,0,0,5,1,7,0,0,0,0,0,0,0,0,0,0,0,0,0,0,0,0,0,0,0,0,0,,0,,,,,2607,2608,2612,,,,,,,,,,,,,,,,,,,,,,,,,,,,,,,,,,,,,,,,,,,,,,
1999,Hib Elven Short Bow Fire,2484,2446,0,0,0,0,0,0,0,0,0,0,0,0,0,0,0,5,1,7,0,0,0,0,0,0,0,0,0,0,0,0,0,0,0,0,0,0,0,0,0,,0,,,,,2607,2608,5672,,,,,,,,,,,,,,,,,,,,,,,,,,,,,,,,,,,,,,,,,,,,,,
2000,Hib Elven Short Bow Water,2490,2447,0,0,0,0,0,0,0,0,0,0,0,0,0,0,0,5,1,7,0,0,0,0,0,0,0,0,0,0,0,0,0,0,0,0,0,0,0,0,0,,0,,,,,2607,2608,2609,,,,,,,,,,,,,,,,,,,,,,,,,,,,,,,,,,,,,,,,,,,,,,
2001,Hib Firbolg Scythe Air,902,2448,0,0,0,0,0,0,0,0,0,0,0,0,0,0,0,14,0,2,2603,0,0,0,0,0,0,0,0,0,0,0,0,0,0,0,0,0,0,0,0,,0,,,,,2607,2608,2611,,,,,,,,,,,,,,,,,,,,,,,,,,,,,,,,,,,,,,,,,,,,,,
2002,Hib Firbolg Scythe Earth,902,2449,0,0,0,0,0,0,0,0,0,0,0,0,0,0,0,14,0,2,2604,0,0,0,0,0,0,0,0,0,0,0,0,0,0,0,0,0,0,0,0,,0,,,,,2607,2608,2612,,,,,,,,,,,,,,,,,,,,,,,,,,,,,,,,,,,,,,,,,,,,,,
2003,Hib Firbolg Scythe Fire,902,2450,0,0,0,0,0,0,0,0,0,0,0,0,0,0,0,14,0,2,2605,0,0,0,0,0,0,0,0,0,0,0,0,0,0,0,0,0,0,0,0,,0,,,,,2607,2608,5672,,,,,,,,,,,,,,,,,,,,,,,,,,,,,,,,,,,,,,,,,,,,,,
2004,Hib Firbolg Scythe Water,902,2451,0,0,0,0,0,0,0,0,0,0,0,0,0,0,0,14,0,2,2606,0,0,0,0,0,0,0,0,0,0,0,0,0,0,0,0,0,0,0,0,,0,,,,,2607,2608,2609,,,,,,,,,,,,,,,,,,,,,,,,,,,,,,,,,,,,,,,,,,,,,,
2005,Hib Firbolg Spear Air,903,2452,0,0,0,0,0,0,0,0,0,0,0,0,0,0,0,3,2,21,2603,0,0,0,0,0,0,0,0,0,0,0,0,0,0,0,0,0,0,0,0,,0,,,,,2608,2607,2611,,,,,,,,,,,,,,,,,,,,,,,,,,,,,,,,,,,,,,,,,,,,,,
2006,Hib Firbolg Spear Earth,903,2453,0,0,0,0,0,0,0,0,0,0,0,0,0,0,0,3,2,21,2604,0,0,0,0,0,0,0,0,0,0,0,0,0,0,0,0,0,0,0,0,,0,,,,,2608,2607,2612,,,,,,,,,,,,,,,,,,,,,,,,,,,,,,,,,,,,,,,,,,,,,,
2007,Hib Firbolg Spear Fire,903,2454,0,0,0,0,0,0,0,0,0,0,0,0,0,0,0,3,2,21,2605,0,0,0,0,0,0,0,0,0,0,0,0,0,0,0,0,0,0,0,0,,0,,,,,2608,2607,5672,,,,,,,,,,,,,,,,,,,,,,,,,,,,,,,,,,,,,,,,,,,,,,
2008,Hib Firbolg Spear Water,903,2455,0,0,0,0,0,0,0,0,0,0,0,0,0,0,0,3,2,21,2606,0,0,0,0,0,0,0,0,0,0,0,0,0,0,0,0,0,0,0,0,,0,,,,,2608,2607,2609,,,,,,,,,,,,,,,,,,,,,,,,,,,,,,,,,,,,,,,,,,,,,,
2009,Hib Firbolg Adze Air,904,2456,0,0,0,0,0,0,0,0,0,0,0,0,0,1,0,1,0,1,2603,0,0,0,0,0,0,0,0,0,0,0,0,0,0,0,0,0,0,0,0,,0,,,,,2608,2607,2611,,,,,,,,,,,,,,,,,,,,,,,,,,,,,,,,,,,,,,,,,,,,,,
2010,Hib Firbolg Adze Earth,904,2457,0,0,0,0,0,0,0,0,0,0,0,0,0,1,0,1,0,1,2604,0,0,0,0,0,0,0,0,0,0,0,0,0,0,0,0,0,0,0,0,,0,,,,,2608,2607,2612,,,,,,,,,,,,,,,,,,,,,,,,,,,,,,,,,,,,,,,,,,,,,,
2011,Hib Firbolg Adze Fire,904,2458,0,0,0,0,0,0,0,0,0,0,0,0,0,1,0,1,0,1,2605,0,0,0,0,0,0,0,0,0,0,0,0,0,0,0,0,0,0,0,0,,0,,,,,2608,2607,5672,,,,,,,,,,,,,,,,,,,,,,,,,,,,,,,,,,,,,,,,,,,,,,
2012,Hib Firbolg Adze Water,904,2459,0,0,0,0,0,0,0,0,0,0,0,0,0,1,0,1,0,1,2606,0,0,0,0,0,0,0,0,0,0,0,0,0,0,0,0,0,0,0,0,,0,,,,,2608,2607,2609,,,,,,,,,,,,,,,,,,,,,,,,,,,,,,,,,,,,,,,,,,,,,,
2013,Hib War Adze Air,905,2460,0,0,0,0,0,0,0,0,0,0,0,0,0,1,0,1,0,1,2603,0,0,0,0,0,0,0,0,0,0,0,0,0,0,0,0,0,0,0,0,,0,,,,,2607,2608,2611,,,,,,,,,,,,,,,,,,,,,,,,,,,,,,,,,,,,,,,,,,,,,,
2014,Hib War Adze Earth,905,2461,0,0,0,0,0,0,0,0,0,0,0,0,0,1,0,1,0,1,2604,0,0,0,0,0,0,0,0,0,0,0,0,0,0,0,0,0,0,0,0,,0,,,,,2607,2608,2612,,,,,,,,,,,,,,,,,,,,,,,,,,,,,,,,,,,,,,,,,,,,,,
2015,Hib War Adze Fire,905,2462,0,0,0,0,0,0,0,0,0,0,0,0,0,1,0,1,0,1,2605,0,0,0,0,0,0,0,0,0,0,0,0,0,0,0,0,0,0,0,0,,0,,,,,2607,2608,5672,,,,,,,,,,,,,,,,,,,,,,,,,,,,,,,,,,,,,,,,,,,,,,
2016,Hib War Adze Water,905,2463,0,0,0,0,0,0,0,0,0,0,0,0,0,1,0,1,0,1,2606,0,0,0,0,0,0,0,0,0,0,0,0,0,0,0,0,0,0,0,0,,0,,,,,2607,2608,2609,,,,,,,,,,,,,,,,,,,,,,,,,,,,,,,,,,,,,,,,,,,,,,
2017,Hib Staff 06 Air,906,2464,0,0,0,0,0,0,0,0,0,0,0,0,0,0,0,4,1,6,2603,0,0,0,0,0,0,0,0,0,0,0,0,0,0,0,0,0,0,0,0,,0,,,,,2607,2608,2611,,,,,,,,,,,,,,,,,,,,,,,,,,,,,,,,,,,,,,,,,,,,,,
2018,Hib Staff 06 Earth,906,2465,0,0,0,0,0,0,0,0,0,0,0,0,0,0,0,4,1,6,2604,0,0,0,0,0,0,0,0,0,0,0,0,0,0,0,0,0,0,0,0,,0,,,,,2607,2608,2612,,,,,,,,,,,,,,,,,,,,,,,,,,,,,,,,,,,,,,,,,,,,,,
2019,Hib Staff 06 Fire,906,2466,0,0,0,0,0,0,0,0,0,0,0,0,0,0,0,4,1,6,2605,0,0,0,0,0,0,0,0,0,0,0,0,0,0,0,0,0,0,0,0,,0,,,,,2607,2608,5672,,,,,,,,,,,,,,,,,,,,,,,,,,,,,,,,,,,,,,,,,,,,,,
2020,Hib Staff 06 Water,906,2467,0,0,0,0,0,0,0,0,0,0,0,0,0,0,0,4,1,6,2606,0,0,0,0,0,0,0,0,0,0,0,0,0,0,0,0,0,0,0,0,,0,,,,,2607,2608,2609,,,,,,,,,,,,,,,,,,,,,,,,,,,,,,,,,,,,,,,,,,,,,,
2021,GreatBladedClawGreave Air,907,2468,0,0,0,0,0,0,0,0,0,0,0,0,0,0,1,13,0,1,2597,0,0,0,0,0,0,0,0,0,0,0,0,0,0,0,0,0,0,0,0,,0,,,,,2601,2602,2611,,,,,,,,,,,,,,,,,,,,,,,,,,,,,,,,,,,,,,,,,,,,,,
2022,GreatBladedClawGreave Earth,907,2469,0,0,0,0,0,0,0,0,0,0,0,0,0,0,1,13,0,1,2598,0,0,0,0,0,0,0,0,0,0,0,0,0,0,0,0,0,0,0,0,,0,,,,,2601,2602,2612,,,,,,,,,,,,,,,,,,,,,,,,,,,,,,,,,,,,,,,,,,,,,,
2023,GreatBladedClawGreave Fire,907,2470,0,0,0,0,0,0,0,0,0,0,0,0,0,0,1,13,0,1,2599,0,0,0,0,0,0,0,0,0,0,0,0,0,0,0,0,0,0,0,0,,0,,,,,2601,2602,5672,,,,,,,,,,,,,,,,,,,,,,,,,,,,,,,,,,,,,,,,,,,,,,
2024,GreatBladedClawGreave Water,907,2471,0,0,0,0,0,0,0,0,0,0,0,0,0,0,1,13,0,1,2600,0,0,0,0,0,0,0,0,0,0,0,0,0,0,0,0,0,0,0,0,,0,,,,,2601,2602,2609,,,,,,,,,,,,,,,,,,,,,,,,,,,,,,,,,,,,,,,,,,,,,,
2025,GreatBladedFangGreave Air,908,2472,0,0,0,0,0,0,0,0,0,0,0,0,0,0,1,13,0,1,2597,0,0,0,0,0,0,0,0,0,0,0,0,0,0,0,0,0,0,0,0,,0,,,,,2601,2602,2611,,,,,,,,,,,,,,,,,,,,,,,,,,,,,,,,,,,,,,,,,,,,,,
2026,GreatBladedFangGreave Earth,908,2473,0,0,0,0,0,0,0,0,0,0,0,0,0,0,1,13,0,1,2598,0,0,0,0,0,0,0,0,0,0,0,0,0,0,0,0,0,0,0,0,,0,,,,,2601,2602,2612,,,,,,,,,,,,,,,,,,,,,,,,,,,,,,,,,,,,,,,,,,,,,,
2027,GreatBladedFangGreave Fire,908,2474,0,0,0,0,0,0,0,0,0,0,0,0,0,0,1,13,0,1,2599,0,0,0,0,0,0,0,0,0,0,0,0,0,0,0,0,0,0,0,0,,0,,,,,2601,2602,5672,,,,,,,,,,,,,,,,,,,,,,,,,,,,,,,,,,,,,,,,,,,,,,
2028,GreatBladedFangGreave Water,908,2475,0,0,0,0,0,0,0,0,0,0,0,0,0,0,1,13,0,1,2600,0,0,0,0,0,0,0,0,0,0,0,0,0,0,0,0,0,0,0,0,,0,,,,,2601,2602,2609,,,,,,,,,,,,,,,,,,,,,,,,,,,,,,,,,,,,,,,,,,,,,,
2029,Dwarven 1H War Axe Air,909,2476,0,0,0,0,0,0,0,0,0,0,0,0,0,1,0,1,0,4,2597,0,0,0,0,0,0,0,0,0,0,0,0,0,0,0,0,0,0,0,0,,0,,,,,2601,2602,2611,,,,,,,,,,,,,,,,,,,,,,,,,,,,,,,,,,,,,,,,,,,,,,
2030,Dwarven 1H War Axe Earth,909,2477,0,0,0,0,0,0,0,0,0,0,0,0,0,1,0,1,0,4,2598,0,0,0,0,0,0,0,0,0,0,0,0,0,0,0,0,0,0,0,0,,0,,,,,2601,2602,2612,,,,,,,,,,,,,,,,,,,,,,,,,,,,,,,,,,,,,,,,,,,,,,
2031,Dwarven 1H War Fire,909,2478,0,0,0,0,0,0,0,0,0,0,0,0,0,1,0,1,0,4,2599,0,0,0,0,0,0,0,0,0,0,0,0,0,0,0,0,0,0,0,0,,0,,,,,2601,2602,5672,,,,,,,,,,,,,,,,,,,,,,,,,,,,,,,,,,,,,,,,,,,,,,
2032,Dwarven 1H War Water,909,2479,0,0,0,0,0,0,0,0,0,0,0,0,0,1,0,1,0,4,2600,0,0,0,0,0,0,0,0,0,0,0,0,0,0,0,0,0,0,0,0,,0,,,,,2601,2602,2609,,,,,,,,,,,,,,,,,,,,,,,,,,,,,,,,,,,,,,,,,,,,,,
2033,Troll 1H Broad Sword Air,910,2480,0,0,0,0,0,0,0,0,0,0,0,0,0,1,0,1,0,1,2597,0,0,0,0,0,0,0,0,0,0,0,0,0,0,0,0,0,0,0,0,,0,,,,,2601,2602,2611,,,,,,,,,,,,,,,,,,,,,,,,,,,,,,,,,,,,,,,,,,,,,,
2034,Troll 1H Broad Sword Earth,910,2481,0,0,0,0,0,0,0,0,0,0,0,0,0,1,0,1,0,1,2598,0,0,0,0,0,0,0,0,0,0,0,0,0,0,0,0,0,0,0,0,,0,,,,,2601,2602,2612,,,,,,,,,,,,,,,,,,,,,,,,,,,,,,,,,,,,,,,,,,,,,,
2035,Troll 1H Broad Sword Fire,910,2482,0,0,0,0,0,0,0,0,0,0,0,0,0,1,0,1,0,1,2599,0,0,0,0,0,0,0,0,0,0,0,0,0,0,0,0,0,0,0,0,,0,,,,,2601,2602,5672,,,,,,,,,,,,,,,,,,,,,,,,,,,,,,,,,,,,,,,,,,,,,,
2036,Troll 1H Broad Sword Water,910,2483,0,0,0,0,0,0,0,0,0,0,0,0,0,1,0,1,0,1,2600,0,0,0,0,0,0,0,0,0,0,0,0,0,0,0,0,0,0,0,0,,0,,,,,2601,2602,2609,,,,,,,,,,,,,,,,,,,,,,,,,,,,,,,,,,,,,,,,,,,,,,
2037,Troll 1H War Axe Air,911,2484,0,0,0,0,0,0,0,0,0,0,0,0,0,1,0,1,0,4,2597,0,0,0,0,0,0,0,0,0,0,0,0,0,0,0,0,0,0,0,0,,0,,,,,2601,2602,2611,,,,,,,,,,,,,,,,,,,,,,,,,,,,,,,,,,,,,,,,,,,,,,
2038,Troll 1H War Axe Earth,911,2485,0,0,0,0,0,0,0,0,0,0,0,0,0,1,0,1,0,4,2598,0,0,0,0,0,0,0,0,0,0,0,0,0,0,0,0,0,0,0,0,,0,,,,,2601,2602,2612,,,,,,,,,,,,,,,,,,,,,,,,,,,,,,,,,,,,,,,,,,,,,,
2039,Troll 1H War Axe Fire,911,2486,0,0,0,0,0,0,0,0,0,0,0,0,0,1,0,1,0,4,2599,0,0,0,0,0,0,0,0,0,0,0,0,0,0,0,0,0,0,0,0,,0,,,,,2601,2602,5672,,,,,,,,,,,,,,,,,,,,,,,,,,,,,,,,,,,,,,,,,,,,,,
2040,Troll 1H War Axe Water,911,2487,0,0,0,0,0,0,0,0,0,0,0,0,0,1,0,1,0,4,2600,0,0,0,0,0,0,0,0,0,0,0,0,0,0,0,0,0,0,0,0,,0,,,,,2601,2602,2609,,,,,,,,,,,,,,,,,,,,,,,,,,,,,,,,,,,,,,,,,,,,,,
2041,Troll 1H War Hammer Air,912,2488,0,0,0,0,0,0,0,0,0,0,0,0,0,1,0,1,0,5,2597,0,0,0,0,0,0,0,0,0,0,0,0,0,0,0,0,0,0,0,0,,0,,,,,2601,2602,2611,,,,,,,,,,,,,,,,,,,,,,,,,,,,,,,,,,,,,,,,,,,,,,
2042,Troll 1H War Hammer Earth,912,2489,0,0,0,0,0,0,0,0,0,0,0,0,0,1,0,1,0,5,2598,0,0,0,0,0,0,0,0,0,0,0,0,0,0,0,0,0,0,0,0,,0,,,,,2601,2602,2612,,,,,,,,,,,,,,,,,,,,,,,,,,,,,,,,,,,,,,,,,,,,,,
2043,Troll 1H War Hammer Fire,912,2490,0,0,0,0,0,0,0,0,0,0,0,0,0,1,0,1,0,5,2599,0,0,0,0,0,0,0,0,0,0,0,0,0,0,0,0,0,0,0,0,,0,,,,,2601,2602,5672,,,,,,,,,,,,,,,,,,,,,,,,,,,,,,,,,,,,,,,,,,,,,,
2044,Troll 1H War Hammer Water,912,2491,0,0,0,0,0,0,0,0,0,0,0,0,0,1,0,1,0,5,2600,0,0,0,0,0,0,0,0,0,0,0,0,0,0,0,0,0,0,0,0,,0,,,,,2601,2602,2609,,,,,,,,,,,,,,,,,,,,,,,,,,,,,,,,,,,,,,,,,,,,,,
2045,Dwarven Spear Air,913,2492,0,0,0,0,0,0,0,0,0,0,0,0,0,0,0,3,2,21,2597,0,0,0,0,0,0,0,0,0,0,0,0,0,0,0,0,0,0,0,0,,0,,,,,2601,2602,2611,,,,,,,,,,,,,,,,,,,,,,,,,,,,,,,,,,,,,,,,,,,,,,
2046,Dwarven Spear Earth,913,2493,0,0,0,0,0,0,0,0,0,0,0,0,0,0,0,3,2,21,2598,0,0,0,0,0,0,0,0,0,0,0,0,0,0,0,0,0,0,0,0,,0,,,,,2601,2602,2612,,,,,,,,,,,,,,,,,,,,,,,,,,,,,,,,,,,,,,,,,,,,,,
2047,Dwarven Spear Fire,913,2494,0,0,0,0,0,0,0,0,0,0,0,0,0,0,0,3,2,21,2599,0,0,0,0,0,0,0,0,0,0,0,0,0,0,0,0,0,0,0,0,,0,,,,,2601,2602,5672,,,,,,,,,,,,,,,,,,,,,,,,,,,,,,,,,,,,,,,,,,,,,,
2048,Dwarven Spear Water,913,2495,0,0,0,0,0,0,0,0,0,0,0,0,0,0,0,3,2,21,2600,0,0,0,0,0,0,0,0,0,0,0,0,0,0,0,0,0,0,0,0,,0,,,,,2601,2602,2609,,,,,,,,,,,,,,,,,,,,,,,,,,,,,,,,,,,,,,,,,,,,,,
2049,Kobold Great Axe Air,914,2496,0,0,0,0,0,0,0,0,0,0,0,0,0,1,0,2,0,4,2597,0,0,0,0,0,0,0,0,0,0,0,0,0,0,0,0,0,0,0,0,,0,,,,,2602,2601,2611,,,,,,,,,,,,,,,,,,,,,,,,,,,,,,,,,,,,,,,,,,,,,,
2050,Kobold Great Earth,914,2497,0,0,0,0,0,0,0,0,0,0,0,0,0,1,0,2,0,4,2598,0,0,0,0,0,0,0,0,0,0,0,0,0,0,0,0,0,0,0,0,,0,,,,,2602,2601,2612,,,,,,,,,,,,,,,,,,,,,,,,,,,,,,,,,,,,,,,,,,,,,,
2051,Kobold Great Axe Fire,914,2498,0,0,0,0,0,0,0,0,0,0,0,0,0,1,0,2,0,4,2599,0,0,0,0,0,0,0,0,0,0,0,0,0,0,0,0,0,0,0,0,,0,,,,,2602,2601,5672,,,,,,,,,,,,,,,,,,,,,,,,,,,,,,,,,,,,,,,,,,,,,,
2052,Kobold Great Water,914,2499,0,0,0,0,0,0,0,0,0,0,0,0,0,1,0,2,0,4,2600,0,0,0,0,0,0,0,0,0,0,0,0,0,0,0,0,0,0,0,0,,0,,,,,2602,2601,2609,,,,,,,,,,,,,,,,,,,,,,,,,,,,,,,,,,,,,,,,,,,,,,
2053,Kobold 2H Great Club Air,915,2500,0,0,0,0,0,0,0,0,0,0,0,0,0,1,0,2,2,5,2597,0,0,0,0,0,0,0,0,0,0,0,0,0,0,0,0,0,0,0,0,,0,,,,,2601,2602,2611,,,,,,,,,,,,,,,,,,,,,,,,,,,,,,,,,,,,,,,,,,,,,,
2054,Kobold 2H Great Club Earth,915,2501,0,0,0,0,0,0,0,0,0,0,0,0,0,1,0,2,2,5,2598,0,0,0,0,0,0,0,0,0,0,0,0,0,0,0,0,0,0,0,0,,0,,,,,2601,2602,2612,,,,,,,,,,,,,,,,,,,,,,,,,,,,,,,,,,,,,,,,,,,,,,
2055,Kobold 2H Great Club Fire,915,2502,0,0,0,0,0,0,0,0,0,0,0,0,0,1,0,2,2,5,2599,0,0,0,0,0,0,0,0,0,0,0,0,0,0,0,0,0,0,0,0,,0,,,,,2601,2602,5672,,,,,,,,,,,,,,,,,,,,,,,,,,,,,,,,,,,,,,,,,,,,,,
2056,Kobold 2H Great Club Water,915,2503,0,0,0,0,0,0,0,0,0,0,0,0,0,1,0,2,2,5,2600,0,0,0,0,0,0,0,0,0,0,0,0,0,0,0,0,0,0,0,0,,0,,,,,2601,2602,2609,,,,,,,,,,,,,,,,,,,,,,,,,,,,,,,,,,,,,,,,,,,,,,
2057,Kobold Great Sword Air,916,2504,0,0,0,0,0,0,0,0,0,0,0,0,0,1,0,2,0,1,2597,0,0,0,0,0,0,0,0,0,0,0,0,0,0,0,0,0,0,0,0,,0,,,,,2601,2602,2611,,,,,,,,,,,,,,,,,,,,,,,,,,,,,,,,,,,,,,,,,,,,,,
2058,Kobold Great Sword Earth,916,2505,0,0,0,0,0,0,0,0,0,0,0,0,0,1,0,2,0,1,2598,0,0,0,0,0,0,0,0,0,0,0,0,0,0,0,0,0,0,0,0,,0,,,,,2601,2602,2612,,,,,,,,,,,,,,,,,,,,,,,,,,,,,,,,,,,,,,,,,,,,,,
2059,Kobold Great Sword Fire,916,2506,0,0,0,0,0,0,0,0,0,0,0,0,0,1,0,2,0,1,2599,0,0,0,0,0,0,0,0,0,0,0,0,0,0,0,0,0,0,0,0,,0,,,,,2601,2602,5672,,,,,,,,,,,,,,,,,,,,,,,,,,,,,,,,,,,,,,,,,,,,,,
2060,Kobold Great Sword Water,916,2507,0,0,0,0,0,0,0,0,0,0,0,0,0,1,0,2,0,1,2600,0,0,0,0,0,0,0,0,0,0,0,0,0,0,0,0,0,0,0,0,,0,,,,,2601,2602,2609,,,,,,,,,,,,,,,,,,,,,,,,,,,,,,,,,,,,,,,,,,,,,,
2061,Viking Beared Bow Air,2472,2508,0,0,0,0,0,0,0,0,0,0,0,0,0,0,0,5,1,7,0,0,0,0,0,0,0,0,0,0,0,0,0,0,0,0,0,0,0,0,0,,0,,,,,2601,2602,2611,,,,,,,,,,,,,,,,,,,,,,,,,,,,,,,,,,,,,,,,,,,,,,
2062,Viking Beared Bow Earth,2477,2509,0,0,0,0,0,0,0,0,0,0,0,0,0,0,0,5,1,7,0,0,0,0,0,0,0,0,0,0,0,0,0,0,0,0,0,0,0,0,0,,0,,,,,2601,2602,2612,,,,,,,,,,,,,,,,,,,,,,,,,,,,,,,,,,,,,,,,,,,,,,
2063,Viking Beared Bow Fire,2483,2510,0,0,0,0,0,0,0,0,0,0,0,0,0,0,0,5,1,7,0,0,0,0,0,0,0,0,0,0,0,0,0,0,0,0,0,0,0,0,0,,0,,,,,2601,2602,5672,,,,,,,,,,,,,,,,,,,,,,,,,,,,,,,,,,,,,,,,,,,,,,
2064,Viking Beared Bow Water,2489,2511,0,0,0,0,0,0,0,0,0,0,0,0,0,0,0,5,1,7,0,0,0,0,0,0,0,0,0,0,0,0,0,0,0,0,0,0,0,0,0,,0,,,,,2601,2602,2609,,,,,,,,,,,,,,,,,,,,,,,,,,,,,,,,,,,,,,,,,,,,,,
2065,Mid Staff 04 Air,918,2512,0,0,0,0,0,0,0,0,0,0,0,0,0,0,0,4,1,6,2597,0,0,0,0,0,0,0,0,0,0,0,0,0,0,0,0,0,0,0,0,,0,,,,,2601,2602,2611,,,,,,,,,,,,,,,,,,,,,,,,,,,,,,,,,,,,,,,,,,,,,,
2066,Mid Staff 04 Earth,918,2513,0,0,0,0,0,0,0,0,0,0,0,0,0,0,0,4,1,6,2598,0,0,0,0,0,0,0,0,0,0,0,0,0,0,0,0,0,0,0,0,,0,,,,,2601,2602,2612,,,,,,,,,,,,,,,,,,,,,,,,,,,,,,,,,,,,,,,,,,,,,,
2067,Mid Staff 04 Fire,918,2514,0,0,0,0,0,0,0,0,0,0,0,0,0,0,0,4,1,6,2599,0,0,0,0,0,0,0,0,0,0,0,0,0,0,0,0,0,0,0,0,,0,,,,,2601,2602,5672,,,,,,,,,,,,,,,,,,,,,,,,,,,,,,,,,,,,,,,,,,,,,,
2068,Mid Staff 04 Water,918,2515,0,0,0,0,0,0,0,0,0,0,0,0,0,0,0,4,1,6,2600,0,0,0,0,0,0,0,0,0,0,0,0,0,0,0,0,0,0,0,0,,0,,,,,2601,2602,2609,,,,,,,,,,,,,,,,,,,,,,,,,,,,,,,,,,,,,,,,,,,,,,
2069,neg blackmarker,919,1,0,0,0,0,0,0,0,0,0,0,0,0,0,0,0,0,0,0,0,0,0,0,0,0,0,0,0,0,0,0,0,0,0,0,0,0,0,0,0,,0,,,,,,,,,,,,,,,,,,,,,,,,,,,,,,,,,,,,,,,,,,,,,,,,,,,,,
2070,neg blackmarker area,920,1,0,0,0,0,0,0,0,0,0,0,0,0,0,0,0,0,0,0,0,0,0,0,0,0,0,0,0,0,0,0,0,0,0,0,0,0,0,0,0,,0,,,,,,,,,,,,,,,,,,,,,,,,,,,,,,,,,,,,,,,,,,,,,,,,,,,,,
2071,neg blackmarker bound,921,1,0,0,0,0,0,0,0,0,0,0,0,0,0,0,0,0,0,0,0,0,0,0,0,0,0,0,0,0,0,0,0,0,0,0,0,0,0,0,0,,0,,,,,,,,,,,,,,,,,,,,,,,,,,,,,,,,,,,,,,,,,,,,,,,,,,,,,
2072,neg goldmarker,922,1,0,0,0,0,0,0,0,0,0,0,0,0,0,0,0,0,0,0,0,0,0,0,0,0,0,0,0,0,0,0,0,0,0,0,0,0,0,0,0,,0,,,,,,,,,,,,,,,,,,,,,,,,,,,,,,,,,,,,,,,,,,,,,,,,,,,,,
2073,neg goldmarker area,923,1,0,0,0,0,0,0,0,0,0,0,0,0,0,0,0,0,0,0,0,0,0,0,0,0,0,0,0,0,0,0,0,0,0,0,0,0,0,0,0,,0,,,,,,,,,,,,,,,,,,,,,,,,,,,,,,,,,,,,,,,,,,,,,,,,,,,,,
2074,neg goldmarker bound,924,1,0,0,0,0,0,0,0,0,0,0,0,0,0,0,0,0,0,0,0,0,0,0,0,0,0,0,0,0,0,0,0,0,0,0,0,0,0,0,0,,0,,,,,,,,,,,,,,,,,,,,,,,,,,,,,,,,,,,,,,,,,,,,,,,,,,,,,
2075,neg redmarker,925,1,0,0,0,0,0,0,0,0,0,0,0,0,0,0,0,0,0,0,0,0,0,0,0,0,0,0,0,0,0,0,0,0,0,0,0,0,0,0,0,,0,,,,,,,,,,,,,,,,,,,,,,,,,,,,,,,,,,,,,,,,,,,,,,,,,,,,,
2076,neg redmarker area,926,1,0,0,0,0,0,0,0,0,0,0,0,0,0,0,0,0,0,0,0,0,0,0,0,0,0,0,0,0,0,0,0,0,0,0,0,0,0,0,0,,0,,,,,,,,,,,,,,,,,,,,,,,,,,,,,,,,,,,,,,,,,,,,,,,,,,,,,
2077,neg redmarker bound,927,1,0,0,0,0,0,0,0,0,0,0,0,0,0,0,0,0,0,0,0,0,0,0,0,0,0,0,0,0,0,0,0,0,0,0,0,0,0,0,0,,0,,,,,,,,,,,,,,,,,,,,,,,,,,,,,,,,,,,,,,,,,,,,,,,,,,,,,
2078,pos bluemarker,928,1,0,0,0,0,0,0,0,0,0,0,0,0,0,0,0,0,0,0,0,0,0,0,0,0,0,0,0,0,0,0,0,0,0,0,0,0,0,0,0,,0,,,,,,,,,,,,,,,,,,,,,,,,,,,,,,,,,,,,,,,,,,,,,,,,,,,,,
2079,pos bluemarker area,929,1,0,0,0,0,0,0,0,0,0,0,0,0,0,0,0,0,0,0,0,0,0,0,0,0,0,0,0,0,0,0,0,0,0,0,0,0,0,0,0,,0,,,,,,,,,,,,,,,,,,,,,,,,,,,,,,,,,,,,,,,,,,,,,,,,,,,,,
2080,pos bluemarker bound,930,1,0,0,0,0,0,0,0,0,0,0,0,0,0,0,0,0,0,0,0,0,0,0,0,0,0,0,0,0,0,0,0,0,0,0,0,0,0,0,0,,0,,,,,,,,,,,,,,,,,,,,,,,,,,,,,,,,,,,,,,,,,,,,,,,,,,,,,
2081,pos greenmarker,931,1,0,0,0,0,0,0,0,0,0,0,0,0,0,0,0,0,0,0,0,0,0,0,0,0,0,0,0,0,0,0,0,0,0,0,0,0,0,0,0,,0,,,,,,,,,,,,,,,,,,,,,,,,,,,,,,,,,,,,,,,,,,,,,,,,,,,,,
2082,pos greenmarker area,932,1,0,0,0,0,0,0,0,0,0,0,0,0,0,0,0,0,0,0,0,0,0,0,0,0,0,0,0,0,0,0,0,0,0,0,0,0,0,0,0,,0,,,,,,,,,,,,,,,,,,,,,,,,,,,,,,,,,,,,,,,,,,,,,,,,,,,,,
2083,pos greenmarker bound,933,1,0,0,0,0,0,0,0,0,0,0,0,0,0,0,0,0,0,0,0,0,0,0,0,0,0,0,0,0,0,0,0,0,0,0,0,0,0,0,0,,0,,,,,,,,,,,,,,,,,,,,,,,,,,,,,,,,,,,,,,,,,,,,,,,,,,,,,
2084,pos whitemarker,934,1,0,0,0,0,0,0,0,0,0,0,0,0,0,0,0,0,0,0,0,0,0,0,0,0,0,0,0,0,0,0,0,0,0,0,0,0,0,0,0,,0,,,,,,,,,,,,,,,,,,,,,,,,,,,,,,,,,,,,,,,,,,,,,,,,,,,,,
2085,pos whitemarker area,935,1,0,0,0,0,0,0,0,0,0,0,0,0,0,0,0,0,0,0,0,0,0,0,0,0,0,0,0,0,0,0,0,0,0,0,0,0,0,0,0,,0,,,,,,,,,,,,,,,,,,,,,,,,,,,,,,,,,,,,,,,,,,,,,,,,,,,,,
2086,pos whitemarker bound,936,1,0,0,0,0,0,0,0,0,0,0,0,0,0,0,0,0,0,0,0,0,0,0,0,0,0,0,0,0,0,0,0,0,0,0,0,0,0,0,0,,0,,,,,,,,,,,,,,,,,,,,,,,,,,,,,,,,,,,,,,,,,,,,,,,,,,,,,
2087,rune fatdrain,937,1,0,0,0,0,0,0,0,0,0,0,0,0,0,0,0,0,0,0,0,0,0,0,0,0,0,0,0,0,0,0,0,0,0,0,0,0,0,0,0,,0,,,,,,,,,,,,,,,,,,,,,,,,,,,,,,,,,,,,,,,,,,,,,,,,,,,,,
2088,rune poison,938,1,0,0,0,0,0,0,0,0,0,0,0,0,0,0,0,0,0,0,0,0,0,0,0,0,0,0,0,0,0,0,0,0,0,0,0,0,0,0,0,,0,,,,,,,,,,,,,,,,,,,,,,,,,,,,,,,,,,,,,,,,,,,,,,,,,,,,,
2089,rune pwrdrain,939,1,0,0,0,0,0,0,0,0,0,0,0,0,0,0,0,0,0,0,0,0,0,0,0,0,0,0,0,0,0,0,0,0,0,0,0,0,0,0,0,,0,,,,,,,,,,,,,,,,,,,,,,,,,,,,,,,,,,,,,,,,,,,,,,,,,,,,,
2090,rune snare,940,1,0,0,0,0,0,0,0,0,0,0,0,0,0,0,0,0,0,0,0,0,0,0,0,0,0,0,0,0,0,0,0,0,0,0,0,0,0,0,0,,0,,,,,,,,,,,,,,,,,,,,,,,,,,,,,,,,,,,,,,,,,,,,,,,,,,,,,
2091,Oceanus Plate Arms(All Realm),1,113,0,0,2307,0,0,0,0,0,0,0,0,0,0,0,0,0,0,0,0,0,0,0,0,0,0,0,0,0,0,0,0,0,0,0,0,0,0,0,0,,0,,,,,,,,,,,,,,,,,,,,,1,,,4702,,,,,,,,,,,,,,,,,,,,,,,,,,,,,
2092,Oceanus Plate Body(Alb),1,109,2311,2308,0,0,2317,0,0,0,0,0,1,1,0,0,0,0,0,0,0,0,0,0,0,0,0,0,0,0,0,0,0,0,0,0,0,0,0,0,0,,0,,,,,,,,,,,,,,,,,,,,,1,4706,4703,,,,,,12,,,1,1,,,,,,,,,,,,,,,,,,,,
2093,Oceanus Plate Body(Mid),1,109,2313,2310,0,0,2317,0,0,0,0,0,1,0,0,0,0,0,0,0,0,0,0,0,0,0,0,0,0,0,0,0,0,0,0,0,0,0,0,0,0,,0,,,,,,,,,,,,,,,,,,,,,1,4708,4705,,,,,,12,,,1,1,,,,,,,,,,,,,,,,,,,,
2094,Oceanus Plate Body(Hib),1,109,2312,2309,0,0,2317,0,0,0,0,0,1,0,0,0,0,0,0,0,0,0,0,0,0,0,0,0,0,0,0,0,0,0,0,0,0,0,0,0,0,,0,,,,,,,,,,,,,,,,,,,,,1,4707,4704,,,,,,12,,,1,1,,,,,,,,,,,,,,,,,,,,
2095,Oceanus Plate Boots(Alb),1,127,0,0,0,0,0,0,2314,0,0,0,0,0,0,0,0,0,0,0,0,0,0,0,0,0,0,0,0,0,0,0,0,0,0,0,0,0,0,0,0,,0,,,,,,,,,,,,,,,,,,,,,1,,,,,,4709,,,,4,,,,,,,,,,,,,,,,,,,,,,
2096,Oceanus Plate Boots(Mid/Hib),1,127,0,0,0,0,0,0,2315,0,0,0,0,0,0,0,0,0,0,0,0,0,0,0,0,0,0,0,0,0,0,0,0,0,0,0,0,0,0,0,0,,0,,,,,,,,,,,,,,,,,,,,,1,,,,,,4710,,,,4,,,,,,,,,,,,,,,,,,,,,,
2097,Oceanus Plate Glove(All Realms),1,117,0,0,0,2316,0,0,0,0,0,0,0,0,0,0,0,0,0,0,0,0,0,0,0,0,0,0,0,0,0,0,0,0,0,0,0,0,0,0,0,,0,,,,,,,,,,,,,,,,,,,,,1,,,,4711,,,,,4,,,,,,,,,,,,,,,,,,,,,,,
2098,Oceanus Plate Legs(Alb/Mid),1,123,0,0,0,0,0,2318,0,0,0,0,0,0,0,0,0,0,0,0,0,0,0,0,0,0,0,0,0,0,0,0,0,0,0,0,0,0,0,0,0,,0,,,,,,,,,,,,,,,,,,,,,1,,,,,4712,,,,,,,,,,,,,,,,,,,,,,1,,,,,
2099,Oceanus Plate Legs(Hib),1,123,0,0,0,0,0,2319,0,0,0,0,0,0,0,0,0,0,0,0,0,0,0,0,0,0,0,0,0,0,0,0,0,0,0,0,0,0,0,0,0,,0,,,,,,,,,,,,,,,,,,,,,1,,,,,4713,,,,,,,,,,,,,,,,,,,,,,,,,,,
2100,Oceanus Chain Arms(All Realm),1,112,0,0,2280,0,0,0,0,0,0,0,0,0,0,0,0,0,0,0,0,0,0,0,0,0,0,0,0,0,0,0,0,0,0,0,0,0,0,0,0,,0,,,,,,,,,,,,,,,,,,,,,1,,,4678,,,,,,,,,,,,,,,,,,,,,,,,1,,,,,
2101,Oceanus Chain Body(Alb),1,106,2284,2281,0,0,2290,0,0,0,0,0,1,1,0,0,0,0,0,0,0,0,0,0,0,0,0,0,0,0,0,0,0,0,0,0,0,0,0,0,0,,0,,,,,,,,,,,,,,,,,,,,,1,4682,4679,,,,,,12,,,1,1,,,,,,,,,,,,,,,1,,,,,
2102,Oceanus Chain Body(Mid),1,106,2286,2283,0,0,2290,0,0,0,0,0,1,0,0,0,0,0,0,0,0,0,0,0,0,0,0,0,0,0,0,0,0,0,0,0,0,0,0,0,0,,0,,,,,,,,,,,,,,,,,,,,,1,4684,4681,,,,,,12,,,1,1,,,,,,,,,,,,,,,1,,,,,
2103,Oceanus Chain Body(Hib),1,106,2285,2282,0,0,2290,0,0,0,0,0,1,0,0,0,0,0,0,0,0,0,0,0,0,0,0,0,0,0,0,0,0,0,0,0,0,0,0,0,0,,0,,,,,,,,,,,,,,,,,,,,,1,4683,4680,,,,,,12,,,1,1,,,,,,,,,,,,,,,,,,,,
2104,Oceanus Chain Boots(Alb),1,126,0,0,0,0,0,0,2287,0,0,0,0,0,0,0,0,0,0,0,0,0,0,0,0,0,0,0,0,0,0,0,0,0,0,0,0,0,0,0,0,,0,,,,,,,,,,,,,,,,,,,,,1,,,,,,4685,,,,4,,,,,,,,,,,,,,,,,,,,,,
2105,Oceanus Chain Boots(Mid/Hib),1,126,0,0,0,0,0,0,2288,0,0,0,0,0,0,0,0,0,0,0,0,0,0,0,0,0,0,0,0,0,0,0,0,0,0,0,0,0,0,0,0,,0,,,,,,,,,,,,,,,,,,,,,1,,,,,,4686,,,,4,,,,,,,,,,,,,,,,,,,,,,
2106,Oceanus Chain Glove(All Realms),1,116,0,0,0,2289,0,0,0,0,0,0,0,0,0,0,0,0,0,0,0,0,0,0,0,0,0,0,0,0,0,0,0,0,0,0,0,0,0,0,0,,0,,,,,,,,,,,,,,,,,,,,,1,,,,4687,,,,,4,,,,,,,,,,,,,,,,,,1,,,,,
2107,Oceanus Chain Legs(Alb/Mid),1,122,0,0,0,0,0,2291,0,0,0,0,0,0,0,0,0,0,0,0,0,0,0,0,0,0,0,0,0,0,0,0,0,0,0,0,0,0,0,0,0,,0,,,,,,,,,,,,,,,,,,,,,1,,,,,4688,,,,,,,,,,,,,,,,,,,,,,1,,,,,
2108,Oceanus Chain Legs(Hib),1,122,0,0,0,0,0,2292,0,0,0,0,0,0,0,0,0,0,0,0,0,0,0,0,0,0,0,0,0,0,0,0,0,0,0,0,0,0,0,0,0,,0,,,,,,,,,,,,,,,,,,,,,1,,,,,4689,,,,,,,,,,,,,,,,,,,,,,,,,,,
2109,ToA Malice Ax 1H,941,2290,0,0,0,0,0,0,0,0,0,0,0,0,0,1,0,1,0,4,2613,0,0,0,0,0,0,0,0,0,0,0,0,0,0,0,0,0,0,0,0,,0,,,,,2614,2615,,,,,,,,,,,,,,,,,,,,,,,,,,,,,,,,,,,,,,,,,,1,,,,,
2110,ToA Malice Ax 2H,942,2289,0,0,0,0,0,0,0,0,0,0,0,0,0,1,0,2,0,4,2613,0,0,0,0,0,0,0,0,0,0,0,0,0,0,0,0,0,0,0,0,,0,,,,,2614,2615,,,,,,,,,,,,,,,,,,,,,,,,,,,,,,,,,,,,,,,,,,1,,,,,
2111,Serpent Scythe,943,2288,0,0,0,0,0,0,0,0,0,0,0,0,0,0,0,14,0,2,2616,0,0,0,0,0,0,0,0,0,0,0,0,0,0,0,0,0,0,0,0,,0,,,,,2617,2618,,,,,,,,,,,,,,,,,,,,,,,,,,,,,,,,,,,,,,,,,,,,,,,
2112,BattlerSword 1H,981,2287,0,0,0,0,0,0,0,0,0,0,0,0,0,1,0,1,0,1,2258,0,0,0,0,0,0,0,0,0,0,0,0,0,0,0,0,0,0,0,0,,0,,,,,2259,2260,2574,,,,,,,,,,,,,,,,,,,,,,,,,,,,,,,,,,,,,,,,,1,,,,,
2113,BruiserHammer 2H,982,2291,0,0,0,0,0,0,0,0,0,0,0,0,0,1,0,2,0,5,2261,0,0,0,0,0,0,0,0,0,0,0,0,0,0,0,0,0,0,0,0,,0,,,,,2262,2263,2574,,,,,,,,,,,,,,,,,,,,,,,,,,,,,,,,,,,,,,,,,,,,,,
2114,TOA_In_Drum,944,229,0,0,0,0,0,0,0,0,0,0,0,0,0,0,0,0,1,0,2619,0,0,0,0,0,0,0,0,0,0,0,0,0,0,0,0,0,0,0,0,,0,,,,,,,,,,,,,,,,,,,,,,,,,,,,,,,,,,,,,,,,,,,,,,,,,,,,,
2115,TOA_In_Flute,945,230,0,0,0,0,0,0,0,0,0,0,0,0,0,0,0,0,1,0,2620,0,0,0,0,0,0,0,0,0,0,0,0,0,0,0,0,0,0,0,0,,0,,,,,,,,,,,,,,,,,,,,,,,,,,,,,,,,,,,,,,,,,,,,,,,,,,,,,
2116,TOA_In_Harp,946,2516,0,0,0,0,0,0,0,0,0,0,0,0,0,0,0,0,1,0,2621,0,0,0,0,0,0,0,0,0,0,0,0,0,0,0,0,0,0,0,0,,0,,,,,,,,,,,,,,,,,,,,,,,,,,,,,,,,,,,,,,,,,,,,,,,,,,,,,
2117,TOA_In_Lute,947,228,0,0,0,0,0,0,0,0,0,0,0,0,0,0,0,0,1,0,2622,0,0,0,0,0,0,0,0,0,0,0,0,0,0,0,0,0,0,0,0,,0,,,,,,,,,,,,,,,,,,,,,,,,,,,,,,,,,,,,,,,,,,,,,,,,,,,,,
2119,TOA Afct Serpent Whip,949,2277,0,0,0,0,0,0,0,0,0,0,0,0,0,1,0,11,0,8,2624,0,0,0,0,0,0,0,0,0,0,0,0,0,0,0,0,0,0,0,0,,0,,,,,,,,,,,,,,,,,,,,,,,,,,,,,,,,,,,,,,,,,,,,,,,,,,,,,
2120,ToA Aerus Gift Tunic(Alb),1,2810,2628,2625,0,0,2631,0,0,0,0,0,1,0,0,0,0,0,0,0,0,0,0,0,0,0,0,0,0,0,0,0,0,0,0,0,0,0,0,0,0,,0,,,,,,,,,,,,,,,,,,,,,1,4940,4937,,,,,,12,,,1,1,,,,,,,,,,,,,,,,,,,,
2121,ToA Aerus Gift Tunic(Mid),1,2810,2630,2627,0,0,2631,0,0,0,0,0,1,0,0,0,0,0,0,0,0,0,0,0,0,0,0,0,0,0,0,0,0,0,0,0,0,0,0,0,0,,0,,,,,,,,,,,,,,,,,,,,,1,4942,4939,,,,,,12,,,1,1,,,,,,,,,,,,,,,,,,,,
2122,ToA Aerus Gift Tunic(Hib),1,2810,2629,2626,0,0,2631,0,0,0,0,0,1,0,0,0,0,0,0,0,0,0,0,0,0,0,0,0,0,0,0,0,0,0,0,0,0,0,0,0,0,,0,,,,,,,,,,,,,,,,,,,,,1,4941,4938,,,,,,12,,,1,1,,,,,,,,,,,,,,,1,,,,,
2123,Stygia Plate Arms(All Realm),1,113,0,0,2391,0,0,0,0,0,0,0,0,0,0,0,0,0,0,0,0,0,0,0,0,0,0,0,0,0,0,0,0,0,0,0,0,0,0,0,0,,0,,,,,,,,,,,,,,,,,,,,,1,,,4774,,,,,,,,,,,,,,,,,,,,,,,,,,,,,
2124,Stygia Plate Body(Alb),1,109,2395,2392,0,0,2401,0,0,0,0,0,1,0,0,0,0,0,0,0,0,0,0,0,0,0,0,0,0,0,0,0,0,0,0,0,0,0,0,0,0,,0,,,,,,,,,,,,,,,,,,,,,1,4778,4775,,,,,,12,,,1,1,,,,,,,,,,,,,,,,,,,,
2125,Stygia Plate Body(Mid),1,109,2397,2394,0,0,2401,0,0,0,0,0,1,0,0,0,0,0,0,0,0,0,0,0,0,0,0,0,0,0,0,0,0,0,0,0,0,0,0,0,0,,0,,,,,,,,,,,,,,,,,,,,,1,4780,4777,,,,,,12,,,1,1,,,,,,,,,,,,,,,,,,,,
2126,Stygia Plate Body(Hib),1,109,2396,2393,0,0,2401,0,0,0,0,0,1,0,0,0,0,0,0,0,0,0,0,0,0,0,0,0,0,0,0,0,0,0,0,0,0,0,0,0,0,,0,,,,,,,,,,,,,,,,,,,,,1,4779,4776,,,,,,12,,,1,1,,,,,,,,,,,,,,,,,,,,
2127,Stygia Plate Boots(Alb),1,127,0,0,0,0,0,0,2398,0,0,0,0,0,0,0,0,0,0,0,0,0,0,0,0,0,0,0,0,0,0,0,0,0,0,0,0,0,0,0,0,,0,,,,,,,,,,,,,,,,,,,,,1,,,,,,4781,,,,4,,,,,,,,,,,,,,,,,,,,,,
2128,Stygia Plate Boots(Mid/Hib),1,127,0,0,0,0,0,0,2399,0,0,0,0,0,0,0,0,0,0,0,0,0,0,0,0,0,0,0,0,0,0,0,0,0,0,0,0,0,0,0,0,,0,,,,,,,,,,,,,,,,,,,,,1,,,,,,4782,,,,4,,,,,,,,,,,,,,,,,,,,,,
2129,Stygia Plate Glove(All Realms),1,117,0,0,0,2400,0,0,0,0,0,0,0,0,0,0,0,0,0,0,0,0,0,0,0,0,0,0,0,0,0,0,0,0,0,0,0,0,0,0,0,,0,,,,,,,,,,,,,,,,,,,,,1,,,,4783,,,,,4,,,,,,,,,,,,,,,,,,,,,,,
2130,Stygia Plate Legs(Alb/Mid),1,123,0,0,0,0,0,2402,0,0,0,0,0,0,0,0,0,0,0,0,0,0,0,0,0,0,0,0,0,0,0,0,0,0,0,0,0,0,0,0,0,,0,,,,,,,,,,,,,,,,,,,,,1,,,,,4784,,,,,,,,,,,,,,,,,,,,,,,,,,,
2131,Stygia Plate Legs(Hib),1,123,0,0,0,0,0,2403,0,0,0,0,0,0,0,0,0,0,0,0,0,0,0,0,0,0,0,0,0,0,0,0,0,0,0,0,0,0,0,0,0,,0,,,,,,,,,,,,,,,,,,,,,1,,,,,4785,,,,,,,,,,,,,,,,,,,,,,,,,,,
2132,Scorpion Flex Mace,948,231,0,0,0,0,0,0,0,0,0,0,0,0,0,1,0,1,0,20,2634,0,0,0,0,0,0,0,0,0,0,0,0,0,0,0,0,0,0,0,0,,0,,,,,,,,,,,,,,,,,,,,,,,,,,,,,,,,,,,,,,,,,,,,,,,,,,,,,
2134,Stygia Leather Arms(All Realm),1,111,0,0,2336,0,0,0,0,0,0,0,0,0,0,0,0,0,0,0,0,0,0,0,0,0,0,0,0,0,0,0,0,0,0,0,0,0,0,0,0,,0,,,,,,,,,,,,,,,,,,,,,1,,,4726,,,,,,,,,,,,,,,,,,,,,,,,,,,,,
2135,Stygia Leather Body(Alb),1,105,2340,2337,0,0,2346,0,0,0,0,0,1,0,0,0,0,0,0,0,0,0,0,0,0,0,0,0,0,0,0,0,0,0,0,0,0,0,0,0,0,,0,,,,,,,,,,,,,,,,,,,,,1,4730,4727,,,,,,11,,,1,1,,,,,,,,,,,,,,,,,,,,
2136,Stygia Leather Body(Mid),1,105,2342,2339,0,0,2346,0,0,0,0,0,1,0,0,0,0,0,0,0,0,0,0,0,0,0,0,0,0,0,0,0,0,0,0,0,0,0,0,0,0,,0,,,,,,,,,,,,,,,,,,,,,1,4732,4729,,,,,,11,,,1,1,,,,,,,,,,,,,,,,,,,,
2137,Stygia Leather Body(Hib),1,105,2341,2338,0,0,2346,0,0,0,0,0,1,0,0,0,0,0,0,0,0,0,0,0,0,0,0,0,0,0,0,0,0,0,0,0,0,0,0,0,0,,0,,,,,,,,,,,,,,,,,,,,,1,4731,4728,,,,,,11,,,1,1,,,,,,,,,,,,,,,,,,,,
2138,Stygia Leather Boots(Alb),1,125,0,0,0,0,0,0,2343,0,0,0,0,0,0,0,0,0,0,0,0,0,0,0,0,0,0,0,0,0,0,0,0,0,0,0,0,0,0,0,0,,0,,,,,,,,,,,,,,,,,,,,,1,,,,,,4733,,,,3,,,,,,,,,,,,,,,,,,,,,,
2139,Stygia Leather Boots(Mid/Hib),1,125,0,0,0,0,0,0,2344,0,0,0,0,0,0,0,0,0,0,0,0,0,0,0,0,0,0,0,0,0,0,0,0,0,0,0,0,0,0,0,0,,0,,,,,,,,,,,,,,,,,,,,,1,,,,,,4734,,,,2,,,,,,,,,,,,,,,,,,,,,,
2140,Stygia Leather Glove(All Realms),1,115,0,0,0,2345,0,0,0,0,0,0,0,0,0,0,0,0,0,0,0,0,0,0,0,0,0,0,0,0,0,0,0,0,0,0,0,0,0,0,0,,0,,,,,,,,,,,,,,,,,,,,,1,,,,4735,,,,,2,,,,,,,,,,,,,,,,,,,,,,,
2141,Stygia Leather Legs(Alb/Mid),1,121,0,0,0,0,0,2347,0,0,0,0,0,0,0,0,0,0,0,0,0,0,0,0,0,0,0,0,0,0,0,0,0,0,0,0,0,0,0,0,0,,0,,,,,,,,,,,,,,,,,,,,,1,,,,,4736,,,,,,,,,,,,,,,,,,,,,,,,,,,
2142,Stygia Leather Legs(Hib),1,121,0,0,0,0,0,2348,0,0,0,0,0,0,0,0,0,0,0,0,0,0,0,0,0,0,0,0,0,0,0,0,0,0,0,0,0,0,0,0,0,,0,,,,,,,,,,,,,,,,,,,,,1,,,,,4737,,,,,,,,,,,,,,,,,,,,,,,,,,,
2143,Aerus Leather Arms(All Realm),1,111,0,0,2504,0,0,0,0,0,0,0,0,0,0,0,0,0,0,0,0,0,0,0,0,0,0,0,0,0,0,0,0,0,0,0,0,0,0,0,0,,0,,,,,,,,,,,,,,,,,,,,,1,,,4865,,,,,,,,,,,,,,,,,,,,,,,,1,,,,,
2144,Aerus Leather Body(Alb),1,105,2508,2505,0,0,2514,0,0,0,0,0,1,0,0,0,0,0,0,0,0,0,0,0,0,0,0,0,0,0,0,0,0,0,0,0,0,0,0,0,0,,0,,,,,,,,,,,,,,,,,,,,,1,5113,5112,,,,,,11,,,1,1,,,,,,,,,,,,,,,,,,,,
2145,Aerus Leather Body(Mid),1,105,2510,2507,0,0,2514,0,0,0,0,0,1,0,0,0,0,0,0,0,0,0,0,0,0,0,0,0,0,0,0,0,0,0,0,0,0,0,0,0,0,,0,,,,,,,,,,,,,,,,,,,,,1,5113,5112,,,,,,11,,,1,1,,,,,,,,,,,,,,,,,,,,
2146,Aerus Leather Body(Hib),1,105,2509,2506,0,0,2514,0,0,0,0,0,1,0,0,0,0,0,0,0,0,0,0,0,0,0,0,0,0,0,0,0,0,0,0,0,0,0,0,0,0,,0,,,,,,,,,,,,,,,,,,,,,1,5113,5112,,,,,,11,,,1,1,,,,,,,,,,,,,,,,,,,,
2147,Aerus Leather Boots(Alb),1,125,0,0,0,0,0,0,2511,0,0,0,0,0,0,0,0,0,0,0,0,0,0,0,0,0,0,0,0,0,0,0,0,0,0,0,0,0,0,0,0,,0,,,,,,,,,,,,,,,,,,,,,1,,,,,,4872,,,,3,,,,,,,,,,,,,,,,,,,,,,
2148,Aerus Leather Boots(Mid/Hib),1,125,0,0,0,0,0,0,2512,0,0,0,0,0,0,0,0,0,0,0,0,0,0,0,0,0,0,0,0,0,0,0,0,0,0,0,0,0,0,0,0,,0,,,,,,,,,,,,,,,,,,,,,1,,,,,,4873,,,,2,,,,,,,,,,,,,,,,,,,,,,
2149,Aerus Leather Glove(All Realms),1,115,0,0,0,2513,0,0,0,0,0,0,0,0,0,0,0,0,0,0,0,0,0,0,0,0,0,0,0,0,0,0,0,0,0,0,0,0,0,0,0,,0,,,,,,,,,,,,,,,,,,,,,1,,,,4874,,,,,2,,,,,,,,,,,,,,,,,,,,,,,
2150,Aerus Leather Legs(Alb/Mid),1,121,0,0,0,0,0,2515,0,0,0,0,0,0,0,0,0,0,0,0,0,0,0,0,0,0,0,0,0,0,0,0,0,0,0,0,0,0,0,0,0,,0,,,,,,,,,,,,,,,,,,,,,1,,,,,4875,,,,,,,,,,,,,,,,,,,,,,,,,,,
2151,Aerus Leather Legs(Hib),1,121,0,0,0,0,0,2516,0,0,0,0,0,0,0,0,0,0,0,0,0,0,0,0,0,0,0,0,0,0,0,0,0,0,0,0,0,0,0,0,0,,0,,,,,,,,,,,,,,,,,,,,,1,,,,,4876,,,,,,,,,,,,,,,,,,,,,,,,,,,
2152,Stygia Cloth Arms (All realms),1,110,0,0,2320,0,0,0,0,0,0,0,0,0,0,0,0,0,0,0,0,0,0,0,0,0,0,0,0,0,0,0,0,0,0,0,0,0,0,0,0,,0,,,,,,,,,,,,,,,,,,,,,1,,,4714,,,,,,,,,,,,,,,,,,,,,,,,1,,,,,
2153,Stygia Cloth Tunic Alb,1,104,2325,2322,0,0,2331,0,0,0,0,0,1,0,0,0,0,0,0,0,0,0,0,0,0,0,0,0,0,0,0,0,0,0,0,0,0,0,0,0,0,,0,,,,,,,,,,,,,,,,,,,,,1,5109,5108,,,,,,16,5,5,-1,-1,,,,,,,,,,,,,,,,,,,,
2154,Stygia Cloth Tunic Mid,1,104,2327,2324,0,0,2331,0,0,0,0,0,1,0,0,0,0,0,0,0,0,0,0,0,0,0,0,0,0,0,0,0,0,0,0,0,0,0,0,0,0,,0,,,,,,,,,,,,,,,,,,,,,1,5109,5108,,,,,,16,5,5,-1,-1,,,,,,,,,,,,,,,,,,,,
2155,Stygia ClothTunic Hib,1,104,2326,2323,0,0,2331,0,0,0,0,0,1,0,0,0,0,0,0,0,0,0,0,0,0,0,0,0,0,0,0,0,0,0,0,0,0,0,0,0,0,,0,,,,,,,,,,,,,,,,,,,,,1,5109,5108,,,,,,16,5,5,-1,-1,,,,,,,,,,,,,,,,,,,,
2156,Stygia Cloth Boots Albion,1,124,0,0,0,0,0,0,2328,0,0,0,0,0,0,0,0,0,0,0,0,0,0,0,0,0,0,0,0,0,0,0,0,0,0,0,0,0,0,0,0,,0,,,,,,,,,,,,,,,,,,,,,1,,,,,,4721,,,,1,,,,,,,,,,,,,,,,,,,,,,
2157,Stygia Cloth Boots Hib/Mid,1,124,0,0,0,0,0,0,2329,0,0,0,0,0,0,0,0,0,0,0,0,0,0,0,0,0,0,0,0,0,0,0,0,0,0,0,0,0,0,0,0,,0,,,,,,,,,,,,,,,,,,,,,1,,,,,,4722,,,,1,,,,,,,,,,,,,,,,,,,,,,
2158,Stygia Cloth Legs Alb/Mid,1,120,0,0,0,0,0,2333,0,0,0,0,0,0,0,0,0,0,0,0,0,0,0,0,0,0,0,0,0,0,0,0,0,0,0,0,0,0,0,0,0,,0,,,,,,,,,,,,,,,,,,,,,1,,,,,4724,,,,,,,,,,,,,,,,,,,,,,,,,,,
2159,Stygia Cloth Legs Hib,1,120,0,0,0,0,0,2334,0,0,0,0,0,0,0,0,0,0,0,0,0,0,0,0,0,0,0,0,0,0,0,0,0,0,0,0,0,0,0,0,0,,0,,,,,,,,,,,,,,,,,,,,,1,,,,,4725,,,,,,,,,,,,,,,,,,,,,,,,,,,
2160,Stygia Cloth Robe(Alb),1,118,2325,2322,2320,0,2331,2333,0,0,0,0,3,3,0,0,0,0,0,0,0,0,0,0,0,0,0,0,0,0,0,0,,0,0,0,0,0,0,0,0,,0,,,,,,,,,,,,,,,,,,,,,1,4718,4715,4714,,4724,,,16,5,5,-1,-1,,,,,,,,,,,,,,,,,,,,
2161,Volcanus Cloth Arms (All realms)Using a placeholder for Cata,1,110,0,0,2404,0,0,0,0,0,0,0,0,0,0,0,0,0,0,0,0,0,0,0,0,0,0,0,0,0,0,0,0,0,0,0,0,0,0,0,0,,0,,,,,,,,,,,,,,,,,,,,,1,,,4999,,,,,,,,,,,,,,,,,,,,,,,,1,,,,,
2162,Volcanus Cloth Tunic Alb,1,104,2409,2406,0,0,2415,0,0,0,0,0,1,0,0,0,0,0,0,0,0,0,0,0,0,0,0,0,0,0,0,0,0,0,0,0,0,0,0,0,0,,0,,,,,,,,,,,,,,,,,,,,,1,5111,5110,,,,,,16,5,5,-1,-1,,,,,,,,,,,,,,,,,,,,
2163,Volcanus Cloth Tunic Mid,1,104,2411,2408,0,0,2415,0,0,0,0,0,1,0,0,0,0,0,0,0,0,0,0,0,0,0,0,0,0,0,0,0,0,0,0,0,0,0,0,0,0,,0,,,,,,,,,,,,,,,,,,,,,1,5111,5110,,,,,,16,5,5,-1,-1,,,,,,,,,,,,,,,,,,,,
2164,Volcanus ClothTunic Hib,1,104,2410,2407,0,0,2415,0,0,0,0,0,1,0,0,0,0,0,0,0,0,0,0,0,0,0,0,0,0,0,0,0,0,0,0,0,0,0,0,0,0,,0,,,,,,,,,,,,,,,,,,,,,1,5111,5110,,,,,,16,5,5,-1,-1,,,,,,,,,,,,,,,,,,,,
2165,Volcanus Cloth Boots Albion,1,124,0,0,0,0,0,0,2412,0,0,0,0,0,0,0,0,0,0,0,0,0,0,0,0,0,0,0,0,0,0,0,0,0,0,0,0,0,0,0,0,,0,,,,,,,,,,,,,,,,,,,,,1,,,,,,4792,,,,1,,,,,,,,,,,,,,,,,,,,,,
2166,Volcanus Cloth Boots Hib/Mid,1,124,0,0,0,0,0,0,2413,0,0,0,0,0,0,0,0,0,0,0,0,0,0,0,0,0,0,0,0,0,0,0,0,0,0,0,0,0,0,0,0,,0,,,,,,,,,,,,,,,,,,,,,1,,,,,,4793,,,,1,,,,,,,,,,,,,,,,,,,,,,
2167,Volcanus Cloth Legs Alb/Mid,1,120,0,0,0,0,0,2417,0,0,0,0,0,0,0,0,0,0,0,0,0,0,0,0,0,0,0,0,0,0,0,0,0,0,0,0,0,0,0,0,0,,0,,,,,,,,,,,,,,,,,,,,,1,,,,,4795,,,,,,,,,,,,,,,,,,,,,,,,,,,
2168,Volcanus Cloth Legs Hib,1,120,0,0,0,0,0,2418,0,0,0,0,0,0,0,0,0,0,0,0,0,0,0,0,0,0,0,0,0,0,0,0,0,0,0,0,0,0,0,0,0,,0,,,,,,,,,,,,,,,,,,,,,1,,,,,4795,,,,,,,,,,,,,,,,,,,,,,,,,,,
2169,Volcanus Cloth Robe(Alb),1,118,2409,2406,2404,0,2415,2417,0,0,0,0,3,3,0,0,0,0,0,0,0,0,0,0,0,0,0,0,0,0,0,0,0,0,0,0,0,0,0,0,0,,0,,,,,,,,,,,,,,,,,,,,,1,4789,4786,,,,,,16,5,5,-1,-1,,,,,,,,,,,,,,,,,,,,
2170,Volcanus Cloth Robe(Mid),1,118,2411,2408,2404,0,2415,2417,0,0,0,0,1,0,0,0,0,0,0,0,0,0,0,0,0,0,0,0,0,0,0,0,0,0,0,0,0,0,0,0,0,,0,,,,,,,,,,,,,,,,,,,,,1,4791,4788,,,,,,16,5,5,-1,-1,,,,,,,,,,,,,,,,,,,,
2171,Volcanus Cloth Robe(Hib),1,118,2410,2407,2404,0,2415,2418,0,0,0,0,3,3,0,0,0,0,0,0,0,0,0,0,0,0,0,0,0,0,0,0,0,0,0,0,0,0,0,0,0,,0,,,,,,,,,,,,,,,,,,,,,1,4790,4787,,,4795,,,16,5,5,-1,-1,,,,,,,,,,,,,,,,,,,,
2172,Oceanus Cloth Robe(Alb),1,118,2212,2209,2207,0,2218,2220,0,0,0,0,3,3,0,0,0,0,0,0,0,0,0,0,0,0,0,0,0,0,0,0,0,0,0,0,0,0,0,0,0,,0,,,,,,,,,,,,,,,,,,,,,1,4647,4644,,,,,,16,5,5,-1,-1,,,,,,,,,,,,,,,,,,,,
2173,Oceanus Cloth Robe(Mid),1,118,2214,2211,2207,0,2218,2220,0,0,0,0,3,3,0,0,0,0,0,0,0,0,0,0,0,0,0,0,0,0,0,0,0,0,0,0,0,0,0,0,0,,0,,,,,,,,,,,,,,,,,,,,,1,4649,4646,,,,,,16,5,5,-1,-1,,,,,,,,,,,,,,,,,,,,
2174,Oceanus Cloth Robe(Hib),1,118,2213,2210,2207,0,2218,2221,0,0,0,0,3,3,0,0,0,0,0,0,0,0,0,0,0,0,0,0,0,0,0,0,0,0,0,0,0,0,0,0,0,,0,,,,,,,,,,,,,,,,,,,,,1,4648,4645,,,4653,,,16,5,5,-1,-1,,,,,,,,,,,,,,,,,,,,
2175,Volcanus Leather Arms(All Realm),1,111,0,0,2420,0,0,0,0,0,0,0,0,0,0,0,0,0,0,0,0,0,0,0,0,0,0,0,0,0,0,0,0,0,0,0,0,0,0,0,0,,0,,,,,,,,,,,,,,,,,,,,,1,,,4796,,,,,,,,,,,,,,,,,,,,,,,,,,,,,
2176,Volcanus Leather Body(Alb),1,105,2424,2421,0,0,2430,0,0,0,0,0,1,0,0,0,0,0,0,0,0,0,0,0,0,0,0,0,0,0,0,0,0,0,0,0,0,0,0,0,0,,0,,,,,,,,,,,,,,,,,,,,,1,4799,4798,,,,,,11,,,1,1,,,,,,,,,,,,,,,,,,,,
2177,Volcanus Leather Body(Mid),1,105,2426,2423,0,0,2430,0,0,0,0,0,1,0,0,0,0,0,0,0,0,0,0,0,0,0,0,0,0,0,0,0,0,0,0,0,0,0,0,0,0,,0,,,,,,,,,,,,,,,,,,,,,1,4801,4798,,,,,,11,,,1,1,,,,,,,,,,,,,,,,,,,,
2178,Volcanus Leather Body(Hib),1,105,2425,2422,0,0,2430,0,0,0,0,0,1,0,0,0,0,0,0,0,0,0,0,0,0,0,0,0,0,0,0,0,0,0,0,0,0,0,0,0,0,,0,,,,,,,,,,,,,,,,,,,,,1,4800,4797,,,,,,11,,,1,1,,,,,,,,,,,,,,,,,,,,
2179,Volcanus Leather Boots(Alb),1,125,0,0,0,0,0,0,2427,0,0,0,0,0,0,0,0,0,0,0,0,0,0,0,0,0,0,0,0,0,0,0,0,0,0,0,0,0,0,0,0,,0,,,,,,,,,,,,,,,,,,,,,1,,,,,,4802,,,,3,,,,,,,,,,,,,,,,,,,,,,
2180,Volcanus Leather Boots(Mid/Hib),1,125,0,0,0,0,0,0,2428,0,0,0,0,0,0,0,0,0,0,0,0,0,0,0,0,0,0,0,0,0,0,0,0,0,0,0,0,0,0,0,0,,0,,,,,,,,,,,,,,,,,,,,,1,,,,,,4803,,,,3,,,,,,,,,,,,,,,,,,,,,,
2181,Volcanus Leather Glove(All Realms),1,115,0,0,0,2429,0,0,0,0,0,0,0,0,0,0,0,0,0,0,0,0,0,0,0,0,0,0,0,0,0,0,0,0,0,0,0,0,0,0,0,,0,,,,,,,,,,,,,,,,,,,,,1,,,,4804,,,,,3,,,,,,,,,,,,,,,,,,,,,,,
2182,Volcanus Leather Legs(Alb/Mid),1,121,0,0,0,0,0,2431,0,0,0,0,0,0,0,0,0,0,0,0,0,0,0,0,0,0,0,0,0,0,0,0,0,0,0,0,0,0,0,0,0,,0,,,,,,,,,,,,,,,,,,,,,1,,,,,4805,,,,,,,,,,,,,,,,,,,,,,,,,,,
2183,Volcanus Leather Legs(Hib),1,121,0,0,0,0,0,2432,0,0,0,0,0,0,0,0,0,0,0,0,0,0,0,0,0,0,0,0,0,0,0,0,0,0,0,0,0,0,0,0,0,,0,,,,,,,,,,,,,,,,,,,,,1,,,,,4806,,,,,,,,,,,,,,,,,,,,,,,,,,,
2184,Stygia Naliah Chest(Alb),1,104,2580,2577,0,0,2583,0,0,0,0,0,1,0,0,0,0,0,0,0,0,0,0,0,0,0,0,0,0,0,0,0,0,0,0,0,0,0,0,0,0,,0,,,,,,,,,,,,,,,,,,,,,1,5103,5102,,,,,,16,5,5,-1,-1,,,,,,,,,,,,,,,,,,,,
2185,Stygia Naliah Chest(Mid),1,2810,2582,2579,0,0,2583,0,0,0,0,0,1,0,0,0,0,0,0,0,0,0,0,0,0,0,0,0,0,0,0,0,0,0,0,0,0,0,0,0,0,,0,,,,,,,,,,,,,,,,,,,,,1,5103,5102,,,,,,16,5,5,-1,-1,,,,,,,,,,,,,,,1,,,,,
2186,Stygia Naliah Chest(Hib),1,104,2581,2578,0,0,2583,0,0,0,0,0,1,0,0,0,0,0,0,0,0,0,0,0,0,0,0,0,0,0,0,0,0,0,0,0,0,0,0,0,0,,0,,,,,,,,,,,,,,,,,,,,,1,5103,5102,,,,,,16,5,5,-1,-1,,,,,,,,,,,,,,,,,,,,
2187,Stygia Scarab Chest(Alb),1,2811,2587,2584,0,0,2590,0,0,0,0,0,1,0,0,0,0,0,0,0,0,0,0,0,0,0,0,0,0,0,0,0,0,0,0,0,0,0,0,0,0,,0,,,,,,,,,,,,,,,,,,,,,1,4936,4933,,,,,,1,,,1,1,,,,,,,,,,,,,,,,,,,,
2188,Stygia Scarab Chest(Mid),1,2811,2589,2586,0,0,2583,0,0,0,0,0,1,0,0,0,0,0,0,0,0,0,0,0,0,0,0,0,0,0,0,0,0,0,0,0,0,0,0,0,0,,0,,,,,,,,,,,,,,,,,,,,,1,4936,4933,,,,,,1,,,1,1,,,,,,,,,,,,,,,,,,,,
2189,Stygia Scarab Chest(Hib),1,2811,2588,2585,0,0,2583,0,0,0,0,0,1,0,0,0,0,0,0,0,0,0,0,0,0,0,0,0,0,0,0,0,0,0,0,0,0,0,0,0,0,,0,,,,,,,,,,,,,,,,,,,,,1,4936,4933,,,,,,1,,,1,1,,,,,,,,,,,,,,,,,,,,
2190,TOA O po 1hTrident01,950,207,0,0,0,0,0,0,0,0,0,0,0,0,0,0,0,7,2,6,2633,0,0,0,0,0,0,0,0,0,0,0,0,0,0,0,0,0,0,0,0,,0,,,,,,,,,,,,,,,,,,,,,,,,,,,,,,,,,,,,,,,,,,,,,,,,,,,,,
2191,TOA O po 2hTrident01,951,207,0,0,0,0,0,0,0,0,0,0,0,0,0,0,0,3,2,6,2633,0,0,0,0,0,0,0,0,0,0,0,0,0,0,0,0,0,0,0,0,,0,,,,,,,,,,,,,,,,,,,,,,,,,,,,,,,,,,,,,,,,,,,,,,,,,,,,,
2192,TOA O Shield SmallNautilus01,952,226,0,0,0,0,0,0,0,0,0,0,0,0,0,0,1,0,0,1,2633,0,0,0,0,0,0,0,0,0,0,0,0,0,0,0,0,0,0,0,0,,0,,,,,,,,,,,,,,,,,,,,,,,,,,,,,,,,,,,,,,,,,,,,,,,,,,,,,
2193,TOA O Shield SmallNautilus01,953,226,0,0,0,0,0,0,0,0,0,0,0,0,0,0,1,0,0,1,2633,0,0,0,0,0,0,0,0,0,0,0,0,0,0,0,0,0,0,0,0,,0,,,,,,,,,,,,,,,,,,,,,,,,,,,,,,,,,,,,,,,,,,,,,,,,,,,,,
2194,TOA O Shield SmallNautilus01,954,226,0,0,0,0,0,0,0,0,0,0,0,0,0,0,1,0,0,1,2633,0,0,0,0,0,0,0,0,0,0,0,0,0,0,0,0,0,0,0,0,,0,,,,,,,,,,,,,,,,,,,,,,,,,,,,,,,,,,,,,,,,,,,,,,,,,,,,,
2195,TOA_S_1h_Kopesh01,955,202,0,0,0,0,0,0,0,0,0,0,0,0,0,1,0,1,0,1,2634,0,0,0,0,0,0,0,0,0,0,0,0,0,0,0,0,0,0,0,0,,0,,,,,,,,,,,,,,,,,,,,,,,,,,,,,,,,,,,,,,,,,,,,,,,,,,,,,
2196,TOA_S_2h_Kopesh01,956,202,0,0,0,0,0,0,0,0,0,0,0,0,0,1,0,2,0,1,2634,0,0,0,0,0,0,0,0,0,0,0,0,0,0,0,0,0,0,0,0,,0,,,,,,,,,,,,,,,,,,,,,,,,,,,,,,,,,,,,,,,,,,,,,,,,,,,,,
2197,TOA_S_hth_ScorpionGreaves01,957,2278,0,0,0,0,0,0,0,0,0,0,0,0,0,0,0,13,0,1,2634,0,0,0,0,0,0,0,0,0,0,0,0,0,0,0,0,0,0,0,0,,0,,,,,,,,,,,,,,,,,,,,,,,,,,,,,,,,,,,,,,,,,,,,,,,,,,,,,
2198,TOA_S_Cr_SymbolScepter01,958,211,0,0,0,0,0,0,0,0,0,0,0,0,0,1,0,1,0,1,2634,0,0,0,0,0,0,0,0,0,0,0,0,0,0,0,0,0,0,0,0,,0,,,,,,,,,,,,,,,,,,,,,,,,,,,,,,,,,,,,,,,,,,,,,,,,,,,,,
2199,TOA_S_bl_SymbolStaff01,959,209,0,0,0,0,0,0,0,0,0,0,0,0,0,0,0,4,1,6,2634,0,0,0,0,0,0,0,0,0,0,0,0,0,0,0,0,0,0,0,0,,0,,,,,,,,,,,,,,,,,,,,,,,,,,,,,,,,,,,,,,,,,,,,,,,,,,,,,
2200,TOA_S_Shield_SmallSymbolShield01,960,226,0,0,0,0,0,0,0,0,0,0,0,0,0,0,1,0,0,1,2634,0,0,0,0,0,0,0,0,0,0,0,0,0,0,0,0,0,0,0,0,,0,,,,,,,,,,,,,,,,,,,,,,,,,,,,,,,,,,,,,,,,,,,,,,,,,,,,,
2201,TOA_S_Shield_MediumSymbolShield01,961,226,0,0,0,0,0,0,0,0,0,0,0,0,0,0,1,0,0,1,2634,0,0,0,0,0,0,0,0,0,0,0,0,0,0,0,0,0,0,0,0,,0,,,,,,,,,,,,,,,,,,,,,,,,,,,,,,,,,,,,,,,,,,,,,,,,,,,,,
2202,TOA_S_Shield_LargeSymbolShield01,962,226,0,0,0,0,0,0,0,0,0,0,0,0,0,0,1,0,0,1,2634,0,0,0,0,0,0,0,0,0,0,0,0,0,0,0,0,0,0,0,0,,0,,,,,,,,,,,,,,,,,,,,,,,,,,,,,,,,,,,,,,,,,,,,,,,,,,,,,
2203,TOA_A_1h_AerusSword01,963,202,0,0,0,0,0,0,0,0,0,0,0,0,0,1,0,1,0,1,2635,0,0,0,0,0,0,0,0,0,0,0,0,0,0,0,0,0,0,0,0,,0,,,,,,,,,,,,,,,,,,,,,,,,,,,,,,,,,,,,,,,,,,,,,,,,,,,,,
2204,TOA_A_2h_AerusSword01,964,203,0,0,0,0,0,0,0,0,0,0,0,0,0,1,0,2,0,1,2635,0,0,0,0,0,0,0,0,0,0,0,0,0,0,0,0,0,0,0,0,,0,,,,,,,,,,,,,,,,,,,,,,,,,,,,,,,,,,,,,,,,,,,,,,,,,,,,,
2205,TOA_A_Cr_AerusMace01,965,213,0,0,0,0,0,0,0,0,0,0,0,0,0,1,0,1,0,5,2635,0,0,0,0,0,0,0,0,0,0,0,0,0,0,0,0,0,0,0,0,,0,,,,,,,,,,,,,,,,,,,,,,,,,,,,,,,,,,,,,,,,,,,,,,,,,,,,,
2206,TOA_A_2h_AerusMace01,966,213,0,0,0,0,0,0,0,0,0,0,0,0,0,1,0,2,0,5,2635,0,0,0,0,0,0,0,0,0,0,0,0,0,0,0,0,0,0,0,0,,0,,,,,,,,,,,,,,,,,,,,,,,,,,,,,,,,,,,,,,,,,,,,,,,,,,,,,
2207,TOA_A_2h_AerusBow01,967,223,0,0,0,0,0,0,0,0,0,0,0,0,0,0,0,5,1,7,2635,0,0,0,0,0,0,0,0,0,0,0,0,0,0,0,0,0,0,0,0,,0,,,,,,,,,,,,,,,,,,,,,,,,,,,,,,,,,,,,,,,,,,,,,,,,,,,,,
2208,TOA_A_2h_Katana01,968,202,0,0,0,0,0,0,0,0,0,0,0,0,0,1,0,2,0,1,2635,0,0,0,0,0,0,0,0,0,0,0,0,0,0,0,0,0,0,0,0,,0,,,,,,,,,,,,,,,,,,,,,,,,,,,,,,,,,,,,,,,,,,,,,,,,,,,,,
2209,TOA_A_1h_Wakazashi01,969,202,0,0,0,0,0,0,0,0,0,0,0,0,0,1,0,1,0,1,2635,0,0,0,0,0,0,0,0,0,0,0,0,0,0,0,0,0,0,0,0,,0,,,,,,,,,,,,,,,,,,,,,,,,,,,,,,,,,,,,,,,,,,,,,,,,,,,,,
2210,TOA_A_Shield_SmallAerusShield01,970,226,0,0,0,0,0,0,0,0,0,0,0,0,0,0,1,0,0,1,2635,0,0,0,0,0,0,0,0,0,0,0,0,0,0,0,0,0,0,0,0,,0,,,,,,,,,,,,,,,,,,,,,,,,,,,,,,,,,,,,,,,,,,,,,,,,1,,,,,
2211,TOA_A_Shield_MediumAerusShield01,971,226,0,0,0,0,0,0,0,0,0,0,0,0,0,0,1,0,0,1,2635,0,0,0,0,0,0,0,0,0,0,0,0,0,0,0,0,0,0,0,0,,0,,,,,,,,,,,,,,,,,,,,,,,,,,,,,,,,,,,,,,,,,,,,,,,,1,,,,,
2212,TOA_A_Shield_LargeAerusShield01,972,226,0,0,0,0,0,0,0,0,0,0,0,0,0,0,1,0,0,1,2635,0,0,0,0,0,0,0,0,0,0,0,0,0,0,0,0,0,0,0,0,,0,,,,,,,,,,,,,,,,,,,,,,,,,,,,,,,,,,,,,,,,,,,,,,,,,,,,,
2213,TOA_V_sc_MagmaScythe01,973,232,0,0,0,0,0,0,0,0,0,0,0,0,0,0,0,14,0,2,2636,0,0,0,0,0,0,0,0,0,0,0,0,0,0,0,0,0,0,0,0,,0,,,,,,,,,,,,,,,,,,,,,,,,,,,,,,,,,,,,,,,,,,,,,,,,,,,,,
2214,TOA_V_1h_MagmaHammer01,974,210,0,0,0,0,0,0,0,0,0,0,0,0,0,1,0,1,0,5,2636,0,0,0,0,0,0,0,0,0,0,0,0,0,0,0,0,0,0,0,0,,0,,,,,,,,,,,,,,,,,,,,,,,,,,,,,,,,,,,,,,,,,,,,,,,,,,,,,
2215,TOA_V_2h_MagmaHammer01,975,214,0,0,0,0,0,0,0,0,0,0,0,0,0,1,0,2,0,5,2636,0,0,0,0,0,0,0,0,0,0,0,0,0,0,0,0,0,0,0,0,,0,,,,,,,,,,,,,,,,,,,,,,,,,,,,,,,,,,,,,,,,,,,,,,,,,,,,,
2216,TOA_V_1h_MagmaAxe01,976,200,0,0,0,0,0,0,0,0,0,0,0,0,0,1,0,1,0,4,2636,0,0,0,0,0,0,0,0,0,0,0,0,0,0,0,0,0,0,0,0,,0,,,,,,,,,,,,,,,,,,,,,,,,,,,,,,,,,,,,,,,,,,,,,,,,,,85,,,
2217,TOA_V_2h_MagmaAxe01,977,217,0,0,0,0,0,0,0,0,0,0,0,0,0,1,0,2,0,4,2636,0,0,0,0,0,0,0,0,0,0,0,0,0,0,0,0,0,0,0,0,,0,,,,,,,,,,,,,,,,,,,,,,,,,,,,,,,,,,,,,,,,,,,,,,,,,,,,,
2218,TOA_V_Shield_SmallMagma01,978,226,0,0,0,0,0,0,0,0,0,0,0,0,0,0,1,0,0,1,2636,0,0,0,0,0,0,0,0,0,0,0,0,0,0,0,0,0,0,0,0,,0,,,,,,,,,,,,,,,,,,,,,,,,,,,,,,,,,,,,,,,,,,,,,,,,1,,,,,
2219,TOA_V_Shield_MediumMagma01,979,226,0,0,0,0,0,0,0,0,0,0,0,0,0,0,1,0,0,1,2636,0,0,0,0,0,0,0,0,0,0,0,0,0,0,0,0,0,0,0,0,,0,,,,,,,,,,,,,,,,,,,,,,,,,,,,,,,,,,,,,,,,,,,,,,,,,,,,,
2220,TOA_V_Shield_LargeMagma01,980,226,0,0,0,0,0,0,0,0,0,0,0,0,0,0,1,0,0,1,2636,0,0,0,0,0,0,0,0,0,0,0,0,0,0,0,0,0,0,0,0,,0,,,,,,,,,,,,,,,,,,,,,,,,,,,,,,,,,,,,,,,,,,,,,,,,,,,,,
2221,Stygia Cloth Robe(Mid),1,118,2327,2324,2321,0,2331,2333,0,0,0,0,3,3,0,0,0,0,0,0,0,0,0,0,0,0,0,0,0,0,0,0,0,0,0,0,0,0,0,0,0,,0,,,,,,,,,,,,,,,,,,,,,1,4720,4717,,,4724,,,16,5,5,-1,-1,,,,,,,,,,,,,,,,,,,,
2222,Stygia Cloth Robe(Hib),1,118,2326,2323,2321,0,2331,2334,0,0,0,0,3,3,0,0,0,0,0,0,0,0,0,0,0,0,0,0,0,0,0,0,0,0,0,0,0,0,0,0,0,,0,,,,,,,,,,,,,,,,,,,,,1,4719,4716,,,4725,,,16,5,5,-1,-1,,,,,,,,,,,,,,,,,,,,
2223,ToA Winged Helm (Alb),1014,2296,0,0,0,0,0,0,0,0,2683,2,0,0,0,0,0,0,0,0,2683,0,0,0,0,0,0,0,0,0,0,0,0,0,0,0,0,0,0,0,0,,0,,,,,,,,,,,,,,,,,,,,,,,,,,,,,,,,,,,1573,1572,1579,1578,1577,1576,1571,1570,1615,1614,1575,1574,,,,,,,
2224,ToA Winged Helm (Mid),1020,2296,0,0,0,0,0,0,0,0,2683,2,0,0,0,0,0,0,0,0,2683,0,1017,0,0,0,1019,0,0,0,0,0,0,0,0,0,0,0,0,0,0,,0,,,,,,,,,,,,,,,,,,,,,,,,,,,,,,,,,,,1553,1552,1547,1546,1551,1550,1555,1554,1557,1556,1549,1548,,,,,,,
2225,ToA Winged Helm (Hib),1016,2296,0,0,0,0,0,0,0,0,2683,2,0,0,0,0,0,0,0,0,2683,0,1018,0,0,0,1015,0,0,0,0,0,0,0,0,0,0,0,0,0,0,,0,,,,,,,,,,,,,,,,,,,,,,,,,,,,,,,,,,,1591,1590,1593,1592,1597,1596,1595,1594,1601,1600,1599,1598,,,,,,,
2226,ToA Oceanus Eirene Chestplate (Alb),1,2808,2687,2684,0,0,2690,0,0,0,0,0,5,0,0,0,0,0,0,0,0,0,0,0,0,0,0,0,0,0,2,0,0,0,0,0,0,0,0,0,0,,0,,,,,,,,,,,,,,,,,,,,,1,4958,4955,,,,,,12,,,1,1,,,,,,,,,,,,,,,,,,,,
2227,ToA Oceanus Eirene Chestplate (Mid) Chain,1,2807,2689,2686,0,0,2690,0,0,0,0,0,5,0,0,0,0,0,0,0,0,0,0,0,0,0,0,0,0,0,2,0,0,0,0,0,0,0,0,0,0,,0,,,,,,,,,,,,,,,,,,,,,1,4958,4955,,,,,,12,,,1,1,,,,,,,,,,,,,,,,,,,,
2228,ToA Oceanus Eirene Chestplate (Hib) Chain,1,2807,2688,2685,0,0,2690,0,0,0,0,0,5,0,0,0,0,0,0,0,0,0,0,0,0,0,0,0,0,0,2,0,0,0,0,0,0,0,0,0,0,,0,,,,,,,,,,,,,,,,,,,,,1,4958,4955,,,,,,12,,,1,1,,,,,,,,,,,,,,,,,,,,
2229,Researcher Cloth Arms (All realms),1,110,0,0,2404,0,0,0,0,0,0,0,0,0,0,0,0,0,0,0,0,0,0,0,0,0,0,0,0,0,0,0,0,0,0,0,0,0,0,0,0,,0,,,,,,,,,,,,,,,,,,,,,1,,,4996,,,,,,,,,,,,,,,,,,,,,,,,,,,,,
2230,Researcher Cloth Robe Alb,1,118,2693,2692,2691,2695,2696,0,2694,0,0,0,3,3,0,0,0,0,0,0,0,0,0,0,0,0,0,0,0,0,0,0,0,0,0,0,0,0,0,0,0,,0,,,,,,,,,,,,,,,,,,,,,1,4960,4959,,4062,,4061,,16,1,1,-1,-1,,,,,,,,,,,,,,,,,,,,
2231,Researcher Cloth Robe Hib,1,118,2707,2709,2706,2698,2708,0,2697,0,0,0,3,3,0,0,0,0,0,0,0,0,0,0,0,0,0,0,0,0,0,0,0,0,0,0,0,0,0,0,0,,0,,,,,,,,,,,,,,,,,,,,,1,4960,4959,,4062,,4061,,16,7,7,-1,-1,,,,,,,,,,,,,,,,,,,,
2232,Researcher Cloth Tunic Mid,1,104,2701,2700,0,0,2704,0,0,0,0,0,2,2,0,0,0,0,0,0,0,0,0,0,0,0,0,0,0,0,0,0,0,0,0,0,0,0,0,0,0,,0,,,,,,,,,,,,,,,,,,,,,1,4966,4965,,,,,,16,5,5,-1,-1,,,,,,,,,,,,,,,,,,,,
2233,Researcher Cloth ArmsMid,1,110,0,0,2699,0,0,0,0,0,0,0,0,0,0,0,0,0,0,0,0,0,0,0,0,0,0,0,0,0,0,0,0,0,0,0,0,0,0,0,0,,0,,,,,,,,,,,,,,,,,,,,,1,,,4996,,,,,,,,,,,,,,,,,,,,,,,,,,,,,
2234,Researcher Cloth Legs Mid Placeholder,1,120,0,0,0,0,0,2705,0,0,0,0,0,0,0,0,0,0,0,0,0,0,0,0,0,0,0,0,0,0,0,0,0,0,0,0,0,0,0,0,0,,0,,,,,,,,,,,,,,,,,,,,,1,,,,,4997,,,,,,,,,,,,,,,,,,,,,,,,,,,
2235,Researcher Cloth Gloves Mid Placeholder,1,114,0,0,0,2703,0,0,0,0,0,0,0,0,0,0,0,0,0,0,0,0,0,0,0,0,0,0,0,0,0,0,0,0,0,0,0,0,0,0,0,,0,,,,,,,,,,,,,,,,,,,,,1,,,,4062,,,,,7,,,,,,,,,,,,,,,,,,,,,,,
2236,Researcher Cloth Boots Mid,1,124,0,0,0,0,0,0,2702,0,0,0,0,0,0,0,0,0,0,0,0,0,0,0,0,0,0,0,0,0,0,0,0,0,0,0,0,0,0,0,0,,0,,,,,,,,,,,,,,,,,,,,,1,,,,,,4967,,,,1,,,,,,,,,,,,,,,,,,,,,,
2237,Aerus Cloth Arms (All realms),1,110,0,0,2488,0,0,0,0,0,0,0,0,0,0,0,0,0,0,0,0,0,0,0,0,0,0,0,0,0,0,0,0,0,0,0,0,0,0,0,0,,0,,,,,,,,,,,,,,,,,,,,,1,,,4994,,,,,,,,,,,,,,,,,,,,,,,,1,,,,,
2238,Aerus Cloth Tunic Alb,1,104,2493,2490,0,0,2499,0,0,0,0,0,1,0,0,0,0,0,0,0,0,0,0,0,0,0,0,0,0,0,0,0,0,0,0,0,0,0,0,0,0,,0,,,,,,,,,,,,,,,,,,,,,1,5105,5104,,,,,,16,5,5,-1,-1,,,,,,,,,,,,,,,,,,,,
2239,Aerus Cloth Tunic Mid,1,104,2495,2492,0,0,2499,0,0,0,0,0,1,0,0,0,0,0,0,0,0,0,0,0,0,0,0,0,0,0,0,0,0,0,0,0,0,0,0,0,0,,0,,,,,,,,,,,,,,,,,,,,,1,4860,4857,,,,,,1,5,5,-1,-1,,,,,,,,,,,,,,,,,,,,
2240,Aerus ClothTunic Hib,1,104,2494,2491,0,0,2499,0,0,0,0,0,1,0,0,0,0,0,0,0,0,0,0,0,0,0,0,0,0,0,0,0,0,0,0,0,0,0,0,0,0,,0,,,,,,,,,,,,,,,,,,,,,1,5105,5104,,,,,,16,5,5,-1,-1,,,,,,,,,,,,,,,,,,,,
2241,Aerus Cloth Boots Albion,1,124,0,0,0,0,0,0,2496,0,0,0,0,0,0,0,0,0,0,0,0,0,0,0,0,0,0,0,0,0,0,0,0,0,0,0,0,0,0,0,0,,0,,,,,,,,,,,,,,,,,,,,,1,,,,,,4861,,,,1,,,,,,,,,,,,,,,,,,,,,,
2242,Aerus Cloth Boots Hib/Mid,1,124,0,0,0,0,0,0,2497,0,0,0,0,0,0,0,0,0,0,0,0,0,0,0,0,0,0,0,0,0,0,0,0,0,0,0,0,0,0,0,0,,0,,,,,,,,,,,,,,,,,,,,,1,,,,,,4862,,,,1,,,,,,,,,,,,,,,,,,,,,,
2243,Aerus Cloth Legs Alb/Mid,1,120,0,0,0,0,0,2501,0,0,0,0,0,0,0,0,0,0,0,0,0,0,0,0,0,0,0,0,0,0,0,0,0,0,0,0,0,0,0,0,0,,0,,,,,,,,,,,,,,,,,,,,,1,,,,,4864,,,,,,,,,,,,,,,,,,,,,,1,,,,,
2244,Aerus Cloth Legs Hib,1,120,0,0,0,0,0,2502,0,0,0,0,0,0,0,0,0,0,0,0,0,0,0,0,0,0,0,0,0,0,0,0,0,0,0,0,0,0,0,0,0,,0,,,,,,,,,,,,,,,,,,,,,1,,,,,4864,,,,,,,,,,,,,,,,,,,,,,1,,,,,
2245,Aerus Cloth  Robe Alb,1,118,2493,2490,2489,0,2500,0,0,0,0,0,3,3,0,0,0,0,0,0,0,0,0,0,0,0,0,0,0,0,0,0,0,0,0,0,0,0,0,0,0,,0,,,,,,,,,,,,,,,,,,,,,1,4860,4857,,,,,,16,5,5,-1,-1,,,,,,,,,,,,,,,,,,,,
2246,Aerus Cloth Robe Hib,1,118,2495,2492,2489,0,2500,0,0,0,0,0,3,3,0,0,0,0,0,0,0,0,0,0,0,0,0,0,0,0,0,0,0,0,0,0,0,0,0,0,0,,0,,,,,,,,,,,,,,,,,,,,,1,4860,4857,,,,,,16,5,5,-1,-1,,,,,,,,,,,,,,,1,,,,,
2247,Aerus Cloth Tunic Mid,1,104,2494,2491,2489,0,2500,0,0,0,0,0,2,2,0,0,0,0,0,0,0,0,0,0,0,0,0,0,0,0,0,0,0,0,0,0,0,0,0,0,0,,0,,,,,,,,,,,,,,,,,,,,,1,5105,5104,,,,,,16,5,5,-1,-1,,,,,,,,,,,,,,,,,,,,
2248,Stygia Cloth Glove,1,114,0,0,0,2330,0,0,0,0,0,0,0,0,0,0,0,0,0,0,0,0,0,0,0,0,0,0,0,0,0,0,0,0,0,0,0,0,0,0,0,,0,,,,,,,,,,,,,,,,,,,,,1,,,,4723,,,,,1,,,,,,,,,,,,,,,,,,,,,,,
2249,Volcanus Cloth Glove,1,114,0,0,0,2414,0,0,0,0,0,0,0,0,0,0,0,0,0,0,0,0,0,0,0,0,0,0,0,0,0,0,0,0,0,0,0,0,0,0,0,,0,,,,,,,,,,,,,,,,,,,,,1,,,,4794,,,,,1,,,,,,,,,,,,,,,,,,1,,,,,
2250,Aerus Cloth Glove,1,114,0,0,0,2498,0,0,0,0,0,0,0,0,0,0,0,0,0,0,0,0,0,0,0,0,0,0,0,0,0,0,0,0,0,0,0,0,0,0,0,,0,,,,,,,,,,,,,,,,,,,,,1,,,,4863,,,,,1,,,,,,,,,,,,,,,,,,1,,,,,
2251,TOA Oceanus Cloth Helm 1 (Alb),986,128,0,0,0,0,0,0,0,0,2667,2,0,0,0,0,0,0,0,0,2667,0,0,0,0,0,0,0,0,0,0,0,0,0,0,0,0,0,0,0,0,,0,,,,,,,,,,,,,,,,,,,,,,,,,,,,,,,,,,,1218,1212,1193,1196,1205,1207,1252,1255,1199,1202,1249,1215,,,,,,,
2252,TOA OceanusCloth Helm 2 (Alb),987,128,0,0,0,0,0,0,0,0,2667,4,0,0,0,0,0,0,0,0,2667,0,0,0,0,0,0,0,0,0,0,0,0,0,0,0,0,0,0,0,0,,0,,,,,,,,,,,,,,,,,,,,,,,,,,,,,,,,,,,1217,1211,1192,1195,1204,1208,1251,1254,1198,1201,1248,1214,,,,,,,
2253,TOA Oceanus Cloth Helm 3 (Alb),988,128,0,0,0,0,0,0,0,0,2667,4,0,0,0,0,0,0,0,0,2667,0,0,0,0,0,0,0,0,0,0,0,0,0,0,0,0,0,0,0,0,,0,,,,,,,,,,,,,,,,,,,,,,,,,,,,,,,,,,,1216,1210,1191,1194,1203,1206,1250,1253,1197,1200,1247,1213,,,,,,,
2254,TOA Oceanus Leather Helm 1 (Alb),986,100,0,0,0,0,0,0,0,0,2669,2,0,0,0,0,0,0,0,0,2669,0,0,0,0,0,0,0,0,0,0,0,0,0,0,0,0,0,0,0,0,,0,,,,,,,,,,,,,,,,,,,,,,,,,,,,,,,,,,,1218,1212,1193,1196,1205,1207,1252,1255,1199,1202,1249,1215,,,,,,,
2255,TOA Oceanus Leather Helm 2 (Alb),987,100,0,0,0,0,0,0,0,0,2669,4,0,0,0,0,0,0,0,0,2669,0,0,0,0,0,0,0,0,0,0,0,0,0,0,0,0,0,0,0,0,,0,,,,,,,,,,,,,,,,,,,,,,,,,,,,,,,,,,,1217,1211,1192,1195,1204,1208,1251,1254,1198,1201,1248,1214,,,,,,,
2256,TOA Oceanus Leather Helm 3 (Alb),988,100,0,0,0,0,0,0,0,0,2669,4,0,0,0,0,0,0,0,0,2669,0,0,0,0,0,0,0,0,0,0,0,0,0,0,0,0,0,0,0,0,,0,,,,,,,,,,,,,,,,,,,,,,,,,,,,,,,,,,,1216,1210,1191,1194,1203,1206,1250,1253,1197,1200,1247,1213,,,,,,,
2257,TOA Oceanus Chain Helm 1 (Alb),986,101,0,0,0,0,0,0,0,0,2676,2,0,0,0,0,0,0,0,0,2676,0,0,0,0,0,0,0,0,0,0,0,0,0,0,0,0,0,0,0,0,,0,,,,,,,,,,,,,,,,,,,,,,,,,,,,,,,,,,,1218,1212,1193,1196,1205,1207,1252,1255,1199,1202,1249,1215,,,,,,,
2258,TOA Oceanus Chain Helm 2 (Alb),987,101,0,0,0,0,0,0,0,0,2676,4,0,0,0,0,0,0,0,0,2676,0,0,0,0,0,0,0,0,0,0,0,0,0,0,0,0,0,0,0,0,,0,,,,,,,,,,,,,,,,,,,,,,,,,,,,,,,,,,,1217,1211,1192,1195,1204,1208,1251,1254,1198,1201,1248,1214,,,,,,,
2259,TOA Oceanus Chain Helm 3 (Alb),988,101,0,0,0,0,0,0,0,0,2676,4,0,0,0,0,0,0,0,0,2676,0,0,0,0,0,0,0,0,0,0,0,0,0,0,0,0,0,0,0,0,,0,,,,,,,,,,,,,,,,,,,,,,,,,,,,,,,,,,,1216,1210,1191,1194,1203,1206,1250,1253,1197,1200,1247,1213,,,,,,,
2260,TOA Oceanus Studded Helm 1 (Alb),986,129,0,0,0,0,0,0,0,0,2670,2,0,0,0,0,0,0,0,0,2670,0,0,0,0,0,0,0,0,0,0,0,0,0,0,0,0,0,0,0,0,,0,,,,,,,,,,,,,,,,,,,,,,,,,,,,,,,,,,,1218,1212,1193,1196,1205,1207,1252,1255,1199,1202,1249,1215,,,,,,,
2261,TOA Oceanus Studded Helm 2 (Alb),987,129,0,0,0,0,0,0,0,0,2670,4,0,0,0,0,0,0,0,0,2670,0,0,0,0,0,0,0,0,0,0,0,0,0,0,0,0,0,0,0,0,,0,,,,,,,,,,,,,,,,,,,,,,,,,,,,,,,,,,,1217,1211,1192,1195,1204,1208,1251,1254,1198,1201,1248,1214,,,,,,,
2262,TOA Oceanus Studded Helm 3 (Alb),988,129,0,0,0,0,0,0,0,0,2670,4,0,0,0,0,0,0,0,0,2670,0,0,0,0,0,0,0,0,0,0,0,0,0,0,0,0,0,0,0,0,,0,,,,,,,,,,,,,,,,,,,,,,,,,,,,,,,,,,,1216,1210,1191,1194,1203,1206,1250,1253,1197,1200,1247,1213,,,,,,,
2263,TOA Oceanus Scale Helm 1 (Alb),986,101,0,0,0,0,0,0,0,0,2678,2,0,0,0,0,0,0,0,0,2678,0,0,0,0,0,0,0,0,0,0,0,0,0,0,0,0,0,0,0,0,,0,,,,,,,,,,,,,,,,,,,,,,,,,,,,,,,,,,,1218,1212,1193,1196,1205,1207,1252,1255,1199,1202,1249,1215,,,,,,,
2264,TOA Oceanus Scale Helm 2 (Alb),987,101,0,0,0,0,0,0,0,0,2678,4,0,0,0,0,0,0,0,0,2678,0,0,0,0,0,0,0,0,0,0,0,0,0,0,0,0,0,0,0,0,,0,,,,,,,,,,,,,,,,,,,,,,,,,,,,,,,,,,,1217,1211,1192,1195,1204,1208,1251,1254,1198,1201,1248,1214,,,,,,,
2265,TOA Oceanus Scale Helm 3 (Alb),988,101,0,0,0,0,0,0,0,0,2678,4,0,0,0,0,0,0,0,0,2678,0,0,0,0,0,0,0,0,0,0,0,0,0,0,0,0,0,0,0,0,,0,,,,,,,,,,,,,,,,,,,,,,,,,,,,,,,,,,,1216,1210,1191,1194,1203,1206,1250,1253,1197,1200,1247,1213,,,,,,,
2266,TOA Oceanus Plate Helm 1 (Alb),986,102,0,0,0,0,0,0,0,0,2677,2,0,0,0,0,0,0,0,0,2677,0,0,0,0,0,0,0,0,0,0,0,0,0,0,0,0,0,0,0,0,,0,,,,,,,,,,,,,,,,,,,,,,,,,,,,,,,,,,,1218,1212,1193,1196,1205,1207,1252,1255,1199,1202,1249,1215,,,,,,,
2267,TOA Oceanus Plate Helm 2 (Alb),987,102,0,0,0,0,0,0,0,0,2677,4,0,0,0,0,0,0,0,0,2677,0,0,0,0,0,0,0,0,0,0,0,0,0,0,0,0,0,0,0,0,,0,,,,,,,,,,,,,,,,,,,,,,,,,,,,,,,,,,,1217,1211,1192,1195,1204,1208,1251,1254,1198,1201,1248,1214,,,,,,,
2268,TOA Oceanus Plate Helm 3 (Alb),988,102,0,0,0,0,0,0,0,0,2677,4,0,0,0,0,0,0,0,0,2677,0,0,0,0,0,0,0,0,0,0,0,0,0,0,0,0,0,0,0,0,,0,,,,,,,,,,,,,,,,,,,,,,,,,,,,,,,,,,,1216,1210,1191,1194,1203,1206,1250,1253,1197,1200,1247,1213,,,,,,,
2269,TOA Oceanus Cloth Helm 1 (Mid),1004,128,0,0,0,0,0,0,0,0,2667,2,0,0,0,0,0,0,0,0,2667,0,998,0,0,0,1001,0,0,0,0,0,0,0,0,0,0,0,0,0,0,,0,,,,,,,,,,,,,,,,,,,,,,,,,,,,,,,,,,,1276,1279,1162,1161,1166,1165,1168,1167,1170,1169,1164,1163,,,,,,,
2270,TOA OceanusCloth Helm 2 (Mid),1005,128,0,0,0,0,0,0,0,0,2667,4,0,0,0,0,0,0,0,0,2667,0,999,0,0,0,1002,0,0,0,0,0,0,0,0,0,0,0,0,0,0,,0,,,,,,,,,,,,,,,,,,,,,,,,,,,,,,,,,,,1277,1280,1172,1171,1176,1175,1178,1177,1180,1179,1174,1173,,,,,,,
2271,TOA Oceanus Cloth Helm 3 (Mid),1006,128,0,0,0,0,0,0,0,0,2667,4,0,0,0,0,0,0,0,0,2667,0,1000,0,0,0,1003,0,0,0,0,0,0,0,0,0,0,0,0,0,0,,0,,,,,,,,,,,,,,,,,,,,,,,,,,,,,,,,,,,1278,1281,1182,1181,1186,1185,1188,1187,1190,1189,1184,1183,,,,,,,
2272,TOA Oceanus Leather Helm 1 (Mid),1004,100,0,0,0,0,0,0,0,0,2669,2,0,0,0,0,0,0,0,0,2669,0,998,0,0,0,1001,0,0,0,0,0,0,0,0,0,0,0,0,0,0,,0,,,,,,,,,,,,,,,,,,,,,,,,,,,,,,,,,,,1276,1279,1162,1161,1166,1165,1168,1167,1170,1169,1164,1163,,,,,,,
2273,TOA Oceanus Leather Helm 2 (Mid),1005,100,0,0,0,0,0,0,0,0,2669,4,0,0,0,0,0,0,0,0,2669,0,999,0,0,0,1002,0,0,0,0,0,0,0,0,0,0,0,0,0,0,,0,,,,,,,,,,,,,,,,,,,,,,,,,,,,,,,,,,,1277,1280,1172,1171,1176,1175,1178,1177,1180,1179,1174,1173,,,,,,,
2274,TOA Oceanus Leather Helm 3 (Mid),1006,100,0,0,0,0,0,0,0,0,2669,4,0,0,0,0,0,0,0,0,2669,0,1000,0,0,0,1003,0,0,0,0,0,0,0,0,0,0,0,0,0,0,,0,,,,,,,,,,,,,,,,,,,,,,,,,,,,,,,,,,,1278,1281,1182,1181,1186,1185,1188,1187,1190,1189,1184,1183,,,,,,,
2275,TOA Oceanus Chain Helm 1 (Mid),1004,101,0,0,0,0,0,0,0,0,2676,2,0,0,0,0,0,0,0,0,2676,0,998,0,0,0,1001,0,0,0,0,0,0,0,0,0,0,0,0,0,0,,0,,,,,,,,,,,,,,,,,,,,,,,,,,,,,,,,,,,1276,1279,1162,1161,1166,1165,1168,1167,1170,1169,1164,1163,,,,,,,
2276,TOA Oceanus Chain Helm 2 (Mid),1005,101,0,0,0,0,0,0,0,0,2676,4,0,0,0,0,0,0,0,0,2676,0,999,0,0,0,1002,0,0,0,0,0,0,0,0,0,0,0,0,0,0,,0,,,,,,,,,,,,,,,,,,,,,,,,,,,,,,,,,,,1277,1280,1172,1171,1176,1175,1178,1177,1180,1179,1174,1173,,,,,,,
2277,TOA Oceanus Chain Helm 3 (Mid),1006,101,0,0,0,0,0,0,0,0,2676,4,0,0,0,0,0,0,0,0,2676,0,1000,0,0,0,1003,0,0,0,0,0,0,0,0,0,0,0,0,0,0,,0,,,,,,,,,,,,,,,,,,,,,,,,,,,,,,,,,,,1278,1281,1182,1181,1186,1185,1188,1187,1190,1189,1184,1183,,,,,,,
2278,TOA Oceanus Studded Helm 1 (Mid),1004,129,0,0,0,0,0,0,0,0,2670,2,0,0,0,0,0,0,0,0,2670,0,998,0,0,0,1001,0,0,0,0,0,0,0,0,0,0,0,0,0,0,,0,,,,,,,,,,,,,,,,,,,,,,,,,,,,,,,,,,,1276,1279,1162,1161,1166,1165,1168,1167,1170,1169,1164,1163,,,,,,,
2279,TOA Oceanus Studded Helm 2 (Mid),1005,129,0,0,0,0,0,0,0,0,2670,4,0,0,0,0,0,0,0,0,2670,0,999,0,0,0,1002,0,0,0,0,0,0,0,0,0,0,0,0,0,0,,0,,,,,,,,,,,,,,,,,,,,,,,,,,,,,,,,,,,1277,1280,1172,1171,1176,1175,1178,1177,1180,1179,1174,1173,,,,,,,
2280,TOA Oceanus Studded Helm 3 (Mid),1006,129,0,0,0,0,0,0,0,0,2670,4,0,0,0,0,0,0,0,0,2670,0,1000,0,0,0,1003,0,0,0,0,0,0,0,0,0,0,0,0,0,0,,0,,,,,,,,,,,,,,,,,,,,,,,,,,,,,,,,,,,1278,1281,1182,1181,1186,1185,1188,1187,1190,1189,1184,1183,,,,,,,
2281,TOA Oceanus Scale Helm 1 (Mid),1004,101,0,0,0,0,0,0,0,0,2678,2,0,0,0,0,0,0,0,0,2678,0,998,0,0,0,1001,0,0,0,0,0,0,0,0,0,0,0,0,0,0,,0,,,,,,,,,,,,,,,,,,,,,,,,,,,,,,,,,,,1276,1279,1162,1161,1166,1165,1168,1167,1170,1169,1164,1163,,,,,,,
2282,TOA Oceanus Scale Helm 2 (Mid),1005,101,0,0,0,0,0,0,0,0,2678,4,0,0,0,0,0,0,0,0,2678,0,999,0,0,0,1002,0,0,0,0,0,0,0,0,0,0,0,0,0,0,,0,,,,,,,,,,,,,,,,,,,,,,,,,,,,,,,,,,,1277,1280,1172,1171,1176,1175,1178,1177,1180,1179,1174,1173,,,,,,,
2283,TOA Oceanus Scale Helm 3 (Mid),1006,101,0,0,0,0,0,0,0,0,2678,4,0,0,0,0,0,0,0,0,2678,0,1000,0,0,0,1003,0,0,0,0,0,0,0,0,0,0,0,0,0,0,,0,,,,,,,,,,,,,,,,,,,,,,,,,,,,,,,,,,,1278,1281,1182,1181,1186,1185,1188,1187,1190,1189,1184,1183,,,,,,,
2284,TOA Oceanus Plate Helm 1 (Mid),1004,102,0,0,0,0,0,0,0,0,2677,2,0,0,0,0,0,0,0,0,2677,0,998,0,0,0,1001,0,0,0,0,0,0,0,0,0,0,0,0,0,0,,0,,,,,,,,,,,,,,,,,,,,,,,,,,,,,,,,,,,1276,1279,1162,1161,1166,1165,1168,1167,1170,1169,1164,1163,,,,,,,
2285,TOA Oceanus Plate Helm 2 (Mid),1005,102,0,0,0,0,0,0,0,0,2677,4,0,0,0,0,0,0,0,0,2677,0,999,0,0,0,1002,0,0,0,0,0,0,0,0,0,0,0,0,0,0,,0,,,,,,,,,,,,,,,,,,,,,,,,,,,,,,,,,,,1277,1280,1172,1171,1176,1175,1178,1177,1180,1179,1174,1173,,,,,,,
2286,TOA Oceanus Plate Helm 3 (Mid),1006,102,0,0,0,0,0,0,0,0,2677,4,0,0,0,0,0,0,0,0,2677,0,1000,0,0,0,1003,0,0,0,0,0,0,0,0,0,0,0,0,0,0,,0,,,,,,,,,,,,,,,,,,,,,,,,,,,,,,,,,,,1278,1281,1182,1181,1186,1185,1188,1187,1190,1189,1184,1183,,,,,,,
2287,TOA Oceanus Cloth Helm 1 (Hib),989,128,0,0,0,0,0,0,0,0,2667,2,0,0,0,0,0,0,0,0,2667,0,995,0,0,0,992,0,0,0,0,0,0,0,0,0,0,0,0,0,0,,0,,,,,,,,,,,,,,,,,,,,,,,,,,,,,,,,,,,1331,1330,1333,1332,1337,1336,1335,1334,1341,1340,1339,1338,,,,,,,
2288,TOA OceanusCloth Helm 2 (Hib),990,128,0,0,0,0,0,0,0,0,2667,4,0,0,0,0,0,0,0,0,2667,0,996,0,0,0,993,0,0,0,0,0,0,0,0,0,0,0,0,0,0,,0,,,,,,,,,,,,,,,,,,,,,,,,,,,,,,,,,,,1343,1342,1345,1344,1349,1348,1347,1346,1353,1352,1351,1350,,,,,,,
2289,TOA Oceanus Cloth Helm 3 (Hib),991,128,0,0,0,0,0,0,0,0,2667,4,0,0,0,0,0,0,0,0,2667,0,997,0,0,0,994,0,0,0,0,0,0,0,0,0,0,0,0,0,0,,0,,,,,,,,,,,,,,,,,,,,,,,,,,,,,,,,,,,1355,1354,1357,1356,1361,1360,1359,1358,1365,1364,1363,1362,,,,,,,
2290,TOA Oceanus Leather Helm 1 (Hib),989,100,0,0,0,0,0,0,0,0,2669,2,0,0,0,0,0,0,0,0,2669,0,995,0,0,0,992,0,0,0,0,0,0,0,0,0,0,0,0,0,0,,0,,,,,,,,,,,,,,,,,,,,,,,,,,,,,,,,,,,1331,1330,1333,1332,1337,1336,1335,1334,1341,1340,1339,1338,,,,,,,
2291,TOA Oceanus Leather Helm 2 (Hib),990,100,0,0,0,0,0,0,0,0,2669,4,0,0,0,0,0,0,0,0,2669,0,996,0,0,0,993,0,0,0,0,0,0,0,0,0,0,0,0,0,0,,0,,,,,,,,,,,,,,,,,,,,,,,,,,,,,,,,,,,1343,1342,1345,1344,1349,1348,1347,1346,1353,1352,1351,1350,,,,,,,
2292,TOA Oceanus Leather Helm 3 (Hib),991,100,0,0,0,0,0,0,0,0,2669,4,0,0,0,0,0,0,0,0,2669,0,997,0,0,0,994,0,0,0,0,0,0,0,0,0,0,0,0,0,0,,0,,,,,,,,,,,,,,,,,,,,,,,,,,,,,,,,,,,1355,1354,1357,1356,1361,1360,1359,1358,1365,1364,1363,1362,,,,,,,
2293,TOA Oceanus Chain Helm 1 (Hib),989,101,0,0,0,0,0,0,0,0,2676,2,0,0,0,0,0,0,0,0,2676,0,995,0,0,0,992,0,0,0,0,0,0,0,0,0,0,0,0,0,0,,0,,,,,,,,,,,,,,,,,,,,,,,,,,,,,,,,,,,1331,1330,1333,1332,1337,1336,1335,1334,1341,1340,1339,1338,,,,,,,
2294,TOA Oceanus Chain Helm 2 (Hib),990,101,0,0,0,0,0,0,0,0,2676,4,0,0,0,0,0,0,0,0,2676,0,996,0,0,0,993,0,0,0,0,0,0,0,0,0,0,0,0,0,0,,0,,,,,,,,,,,,,,,,,,,,,,,,,,,,,,,,,,,1343,1342,1345,1344,1349,1348,1347,1346,1353,1352,1351,1350,,,,,,,
2295,TOA Oceanus Chain Helm 3 (Hib),991,101,0,0,0,0,0,0,0,0,2676,4,0,0,0,0,0,0,0,0,2676,0,997,0,0,0,994,0,0,0,0,0,0,0,0,0,0,0,0,0,0,,0,,,,,,,,,,,,,,,,,,,,,,,,,,,,,,,,,,,1355,1354,1357,1356,1361,1360,1359,1358,1365,1364,1363,1362,,,,,,,
2296,TOA Oceanus Studded Helm 1 (Hib),989,129,0,0,0,0,0,0,0,0,2670,2,0,0,0,0,0,0,0,0,2670,0,995,0,0,0,992,0,0,0,0,0,0,0,0,0,0,0,0,0,0,,0,,,,,,,,,,,,,,,,,,,,,,,,,,,,,,,,,,,1331,1330,1333,1332,1337,1336,1335,1334,1341,1340,1339,1338,,,,,,,
2297,TOA Oceanus Studded Helm 2 (Hib),990,129,0,0,0,0,0,0,0,0,2670,4,0,0,0,0,0,0,0,0,2670,0,996,0,0,0,993,0,0,0,0,0,0,0,0,0,0,0,0,0,0,,0,,,,,,,,,,,,,,,,,,,,,,,,,,,,,,,,,,,1343,1342,1345,1344,1349,1348,1347,1346,1353,1352,1351,1350,,,,,,,
2298,TOA Oceanus Studded Helm 3 (Hib),991,129,0,0,0,0,0,0,0,0,2670,4,0,0,0,0,0,0,0,0,2670,0,997,0,0,0,994,0,0,0,0,0,0,0,0,0,0,0,0,0,0,,0,,,,,,,,,,,,,,,,,,,,,,,,,,,,,,,,,,,1355,1354,1357,1356,1361,1360,1359,1358,1365,1364,1363,1362,,,,,,,
2299,TOA Oceanus Scale Helm 1 (Hib),989,101,0,0,0,0,0,0,0,0,2678,2,0,0,0,0,0,0,0,0,2678,0,995,0,0,0,992,0,0,0,0,0,0,0,0,0,0,0,0,0,0,,0,,,,,,,,,,,,,,,,,,,,,,,,,,,,,,,,,,,1331,1330,1333,1332,1337,1336,1335,1334,1341,1340,1339,1338,,,,,,,
2300,TOA Oceanus Scale Helm 2 (Hib),990,101,0,0,0,0,0,0,0,0,2678,4,0,0,0,0,0,0,0,0,2678,0,996,0,0,0,993,0,0,0,0,0,0,0,0,0,0,0,0,0,0,,0,,,,,,,,,,,,,,,,,,,,,,,,,,,,,,,,,,,1343,1342,1345,1344,1349,1348,1347,1346,1353,1352,1351,1350,,,,,,,
2301,TOA Oceanus Scale Helm 3 (Hib),991,101,0,0,0,0,0,0,0,0,2678,4,0,0,0,0,0,0,0,0,2678,0,997,0,0,0,994,0,0,0,0,0,0,0,0,0,0,0,0,0,0,,0,,,,,,,,,,,,,,,,,,,,,,,,,,,,,,,,,,,1355,1354,1357,1356,1361,1360,1359,1358,1365,1364,1363,1362,,,,,,,
2302,TOA Oceanus Plate Helm 1 (Hib),989,102,0,0,0,0,0,0,0,0,2677,2,0,0,0,0,0,0,0,0,2677,0,995,0,0,0,992,0,0,0,0,0,0,0,0,0,0,0,0,0,0,,0,,,,,,,,,,,,,,,,,,,,,,,,,,,,,,,,,,,1331,1330,1333,1332,1337,1336,1335,1334,1341,1340,1339,1338,,,,,,,
2303,TOA Oceanus Plate Helm 2 (Hib),990,102,0,0,0,0,0,0,0,0,2677,4,0,0,0,0,0,0,0,0,2677,0,996,0,0,0,993,0,0,0,0,0,0,0,0,0,0,0,0,0,0,,0,,,,,,,,,,,,,,,,,,,,,,,,,,,,,,,,,,,1343,1342,1345,1344,1349,1348,1347,1346,1353,1352,1351,1350,,,,,,,
2304,TOA Oceanus Plate Helm 3 (Hib),991,102,0,0,0,0,0,0,0,0,2677,4,0,0,0,0,0,0,0,0,2677,0,997,0,0,0,994,0,0,0,0,0,0,0,0,0,0,0,0,0,0,,0,,,,,,,,,,,,,,,,,,,,,,,,,,,,,,,,,,,1355,1354,1357,1356,1361,1360,1359,1358,1365,1364,1363,1362,,,,,,,
2305,TOA Stygia Cloth Helm 1 (Alb),986,128,0,0,0,0,0,0,0,0,2657,2,0,0,0,0,0,0,0,0,2657,0,0,0,0,0,0,0,0,0,0,0,0,0,0,0,0,0,0,0,0,,0,,,,,,,,,,,,,,,,,,,,,,,,,,,,,,,,,,,1218,1212,1193,1196,1205,1207,1252,1255,1199,1202,1249,1215,,,,,,,
2306,TOA StygiaCloth Helm 2 (Alb),987,128,0,0,0,0,0,0,0,0,2657,4,0,0,0,0,0,0,0,0,2657,0,0,0,0,0,0,0,0,0,0,0,0,0,0,0,0,0,0,0,0,,0,,,,,,,,,,,,,,,,,,,,,,,,,,,,,,,,,,,1217,1211,1192,1195,1204,1208,1251,1254,1198,1201,1248,1214,,,,,,,
2307,TOA Stygia Cloth Helm 3 (Alb),988,128,0,0,0,0,0,0,0,0,2657,4,0,0,0,0,0,0,0,0,2657,0,0,0,0,0,0,0,0,0,0,0,0,0,0,0,0,0,0,0,0,,0,,,,,,,,,,,,,,,,,,,,,,,,,,,,,,,,,,,1216,1210,1191,1194,1203,1206,1250,1253,1197,1200,1247,1213,,,,,,,
2308,TOA Stygia Leather Helm 1 (Alb),986,100,0,0,0,0,0,0,0,0,2658,2,0,0,0,0,0,0,0,0,2658,0,0,0,0,0,0,0,0,0,0,0,0,0,0,0,0,0,0,0,0,,0,,,,,,,,,,,,,,,,,,,,,,,,,,,,,,,,,,,1218,1212,1193,1196,1205,1207,1252,1255,1199,1202,1249,1215,,,,,,,
2309,TOA Stygia Leather Helm 2 (Alb),987,100,0,0,0,0,0,0,0,0,2658,4,0,0,0,0,0,0,0,0,2658,0,0,0,0,0,0,0,0,0,0,0,0,0,0,0,0,0,0,0,0,,0,,,,,,,,,,,,,,,,,,,,,,,,,,,,,,,,,,,1217,1211,1192,1195,1204,1208,1251,1254,1198,1201,1248,1214,,,,,,,
2310,TOA Stygia Leather Helm 3 (Alb),988,100,0,0,0,0,0,0,0,0,2658,4,0,0,0,0,0,0,0,0,2658,0,0,0,0,0,0,0,0,0,0,0,0,0,0,0,0,0,0,0,0,,0,,,,,,,,,,,,,,,,,,,,,,,,,,,,,,,,,,,1216,1210,1191,1194,1203,1206,1250,1253,1197,1200,1247,1213,,,,,,,
2311,TOA Stygia Chain Helm 1 (Alb),986,101,0,0,0,0,0,0,0,0,2671,2,0,0,0,0,0,0,0,0,2671,0,0,0,0,0,0,0,0,0,0,0,0,0,0,0,0,0,0,0,0,,0,,,,,,,,,,,,,,,,,,,,,,,,,,,,,,,,,,,1218,1212,1193,1196,1205,1207,1252,1255,1199,1202,1249,1215,,,,,,,
2312,TOA Stygia Chain Helm 2 (Alb),987,101,0,0,0,0,0,0,0,0,2671,4,0,0,0,0,0,0,0,0,2671,0,0,0,0,0,0,0,0,0,0,0,0,0,0,0,0,0,0,0,0,,0,,,,,,,,,,,,,,,,,,,,,,,,,,,,,,,,,,,1217,1211,1192,1195,1204,1208,1251,1254,1198,1201,1248,1214,,,,,,,
2313,TOA Stygia Chain Helm 3 (Alb),988,101,0,0,0,0,0,0,0,0,2671,4,0,0,0,0,0,0,0,0,2671,0,0,0,0,0,0,0,0,0,0,0,0,0,0,0,0,0,0,0,0,,0,,,,,,,,,,,,,,,,,,,,,,,,,,,,,,,,,,,1216,1210,1191,1194,1203,1206,1250,1253,1197,1200,1247,1213,,,,,,,
2314,TOA Stygia Studded Helm 1 (Alb),986,129,0,0,0,0,0,0,0,0,2660,2,0,0,0,0,0,0,0,0,2660,0,0,0,0,0,0,0,0,0,0,0,0,0,0,0,0,0,0,0,0,,0,,,,,,,,,,,,,,,,,,,,,,,,,,,,,,,,,,,1218,1212,1193,1196,1205,1207,1252,1255,1199,1202,1249,1215,,,,,,,
2315,TOA Stygia Studded Helm 2 (Alb),987,129,0,0,0,0,0,0,0,0,2660,4,0,0,0,0,0,0,0,0,2660,0,0,0,0,0,0,0,0,0,0,0,0,0,0,0,0,0,0,0,0,,0,,,,,,,,,,,,,,,,,,,,,,,,,,,,,,,,,,,1217,1211,1192,1195,1204,1208,1251,1254,1198,1201,1248,1214,,,,,,,
2316,TOA Stygia Studded Helm 3 (Alb),988,129,0,0,0,0,0,0,0,0,2660,4,0,0,0,0,0,0,0,0,2660,0,0,0,0,0,0,0,0,0,0,0,0,0,0,0,0,0,0,0,0,,0,,,,,,,,,,,,,,,,,,,,,,,,,,,,,,,,,,,1216,1210,1191,1194,1203,1206,1250,1253,1197,1200,1247,1213,,,,,,,
2317,TOA Stygia Scale Helm 1 (Alb),986,101,0,0,0,0,0,0,0,0,2672,2,0,0,0,0,0,0,0,0,2672,0,0,0,0,0,0,0,0,0,0,0,0,0,0,0,0,0,0,0,0,,0,,,,,,,,,,,,,,,,,,,,,,,,,,,,,,,,,,,1218,1212,1193,1196,1205,1207,1252,1255,1199,1202,1249,1215,,,,,,,
2318,TOA Stygia Scale Helm 2 (Alb),987,101,0,0,0,0,0,0,0,0,2672,4,0,0,0,0,0,0,0,0,2672,0,0,0,0,0,0,0,0,0,0,0,0,0,0,0,0,0,0,0,0,,0,,,,,,,,,,,,,,,,,,,,,,,,,,,,,,,,,,,1217,1211,1192,1195,1204,1208,1251,1254,1198,1201,1248,1214,,,,,,,
2319,TOA Stygia Scale Helm 3 (Alb),988,101,0,0,0,0,0,0,0,0,2672,4,0,0,0,0,0,0,0,0,2672,0,0,0,0,0,0,0,0,0,0,0,0,0,0,0,0,0,0,0,0,,0,,,,,,,,,,,,,,,,,,,,,,,,,,,,,,,,,,,1216,1210,1191,1194,1203,1206,1250,1253,1197,1200,1247,1213,,,,,,,
2320,TOA Stygia Plate Helm 1 (Alb),986,102,0,0,0,0,0,0,0,0,2659,2,0,0,0,0,0,0,0,0,2659,0,0,0,0,0,0,0,0,0,0,0,0,0,0,0,0,0,0,0,0,,0,,,,,,,,,,,,,,,,,,,,,,,,,,,,,,,,,,,1218,1212,1193,1196,1205,1207,1252,1255,1199,1202,1249,1215,,,,,,,
2321,TOA Stygia Plate Helm 2 (Alb),987,102,0,0,0,0,0,0,0,0,2659,4,0,0,0,0,0,0,0,0,2659,0,0,0,0,0,0,0,0,0,0,0,0,0,0,0,0,0,0,0,0,,0,,,,,,,,,,,,,,,,,,,,,,,,,,,,,,,,,,,1217,1211,1192,1195,1204,1208,1251,1254,1198,1201,1248,1214,,,,,,,
2322,TOA Stygia Plate Helm 3 (Alb),988,102,0,0,0,0,0,0,0,0,2659,4,0,0,0,0,0,0,0,0,2659,0,0,0,0,0,0,0,0,0,0,0,0,0,0,0,0,0,0,0,0,,0,,,,,,,,,,,,,,,,,,,,,,,,,,,,,,,,,,,1216,1210,1191,1194,1203,1206,1250,1253,1197,1200,1247,1213,,,,,,,
2323,TOA Stygia Cloth Helm 1 (Mid),1004,128,0,0,0,0,0,0,0,0,2657,2,0,0,0,0,0,0,0,0,2657,0,998,0,0,0,1001,0,0,0,0,0,0,0,0,0,0,0,0,0,0,,0,,,,,,,,,,,,,,,,,,,,,,,,,,,,,,,,,,,1276,1279,1162,1161,1166,1165,1168,1167,1170,1169,1164,1163,,,,,,,
2324,TOA StygiaCloth Helm 2 (Mid),1005,128,0,0,0,0,0,0,0,0,2657,4,0,0,0,0,0,0,0,0,2657,0,999,0,0,0,1002,0,0,0,0,0,0,0,0,0,0,0,0,0,0,,0,,,,,,,,,,,,,,,,,,,,,,,,,,,,,,,,,,,1277,1280,1172,1171,1176,1175,1178,1177,1180,1179,1174,1173,,,,,,,
2325,TOA Stygia Cloth Helm 3 (Mid),1006,128,0,0,0,0,0,0,0,0,2657,4,0,0,0,0,0,0,0,0,2657,0,1000,0,0,0,1003,0,0,0,0,0,0,0,0,0,0,0,0,0,0,,0,,,,,,,,,,,,,,,,,,,,,,,,,,,,,,,,,,,1278,1281,1182,1181,1186,1185,1188,1187,1190,1189,1184,1183,,,,,,,
2326,TOA Stygia Leather Helm 1 (Mid),1004,100,0,0,0,0,0,0,0,0,2658,2,0,0,0,0,0,0,0,0,2658,0,998,0,0,0,1001,0,0,0,0,0,0,0,0,0,0,0,0,0,0,,0,,,,,,,,,,,,,,,,,,,,,,,,,,,,,,,,,,,1276,1279,1162,1161,1166,1165,1168,1167,1170,1169,1164,1163,,,,,,,
2327,TOA Stygia Leather Helm 2 (Mid),1005,100,0,0,0,0,0,0,0,0,2658,4,0,0,0,0,0,0,0,0,2658,0,999,0,0,0,1002,0,0,0,0,0,0,0,0,0,0,0,0,0,0,,0,,,,,,,,,,,,,,,,,,,,,,,,,,,,,,,,,,,1277,1280,1172,1171,1176,1175,1178,1177,1180,1179,1174,1173,,,,,,,
2328,TOA Stygia Leather Helm 3 (Mid),1006,100,0,0,0,0,0,0,0,0,2658,4,0,0,0,0,0,0,0,0,2658,0,1000,0,0,0,1003,0,0,0,0,0,0,0,0,0,0,0,0,0,0,,0,,,,,,,,,,,,,,,,,,,,,,,,,,,,,,,,,,,1278,1281,1182,1181,1186,1185,1188,1187,1190,1189,1184,1183,,,,,,,
2329,TOA Stygia Chain Helm 1 (Mid),1004,101,0,0,0,0,0,0,0,0,2671,2,0,0,0,0,0,0,0,0,2671,0,998,0,0,0,1001,0,0,0,0,0,0,0,0,0,0,0,0,0,0,,0,,,,,,,,,,,,,,,,,,,,,,,,,,,,,,,,,,,1276,1279,1162,1161,1166,1165,1168,1167,1170,1169,1164,1163,,,,,,,
2330,TOA Stygia Chain Helm 2 (Mid),1005,101,0,0,0,0,0,0,0,0,2671,4,0,0,0,0,0,0,0,0,2671,0,999,0,0,0,1002,0,0,0,0,0,0,0,0,0,0,0,0,0,0,,0,,,,,,,,,,,,,,,,,,,,,,,,,,,,,,,,,,,1277,1280,1172,1171,1176,1175,1178,1177,1180,1179,1174,1173,,,,,,,
2331,TOA Stygia Chain Helm 3 (Mid),1006,101,0,0,0,0,0,0,0,0,2671,4,0,0,0,0,0,0,0,0,2671,0,1000,0,0,0,1003,0,0,0,0,0,0,0,0,0,0,0,0,0,0,,0,,,,,,,,,,,,,,,,,,,,,,,,,,,,,,,,,,,1278,1281,1182,1181,1186,1185,1188,1187,1190,1189,1184,1183,,,,,,,
2332,TOA Stygia Studded Helm 1 (Mid),1004,129,0,0,0,0,0,0,0,0,2660,2,0,0,0,0,0,0,0,0,2660,0,998,0,0,0,1001,0,0,0,0,0,0,0,0,0,0,0,0,0,0,,0,,,,,,,,,,,,,,,,,,,,,,,,,,,,,,,,,,,1276,1279,1162,1161,1166,1165,1168,1167,1170,1169,1164,1163,,,,,,,
2333,TOA Stygia Studded Helm 2 (Mid),1005,129,0,0,0,0,0,0,0,0,2660,4,0,0,0,0,0,0,0,0,2660,0,999,0,0,0,1002,0,0,0,0,0,0,0,0,0,0,0,0,0,0,,0,,,,,,,,,,,,,,,,,,,,,,,,,,,,,,,,,,,1277,1280,1172,1171,1176,1175,1178,1177,1180,1179,1174,1173,,,,,,,
2334,TOA Stygia Studded Helm 3 (Mid),1006,129,0,0,0,0,0,0,0,0,2660,4,0,0,0,0,0,0,0,0,2660,0,1000,0,0,0,1003,0,0,0,0,0,0,0,0,0,0,0,0,0,0,,0,,,,,,,,,,,,,,,,,,,,,,,,,,,,,,,,,,,1278,1281,1182,1181,1186,1185,1188,1187,1190,1189,1184,1183,,,,,,,
2335,TOA Stygia Scale Helm 1 (Mid),1004,101,0,0,0,0,0,0,0,0,2672,2,0,0,0,0,0,0,0,0,2672,0,998,0,0,0,1001,0,0,0,0,0,0,0,0,0,0,0,0,0,0,,0,,,,,,,,,,,,,,,,,,,,,,,,,,,,,,,,,,,1276,1279,1162,1161,1166,1165,1168,1167,1170,1169,1164,1163,,,,,,,
2336,TOA Stygia Scale Helm 2 (Mid),1005,101,0,0,0,0,0,0,0,0,2672,4,0,0,0,0,0,0,0,0,2672,0,999,0,0,0,1002,0,0,0,0,0,0,0,0,0,0,0,0,0,0,,0,,,,,,,,,,,,,,,,,,,,,,,,,,,,,,,,,,,1277,1280,1172,1171,1176,1175,1178,1177,1180,1179,1174,1173,,,,,,,
2337,TOA Stygia Scale Helm 3 (Mid),1006,101,0,0,0,0,0,0,0,0,2672,4,0,0,0,0,0,0,0,0,2672,0,1000,0,0,0,1003,0,0,0,0,0,0,0,0,0,0,0,0,0,0,,0,,,,,,,,,,,,,,,,,,,,,,,,,,,,,,,,,,,1278,1281,1182,1181,1186,1185,1188,1187,1190,1189,1184,1183,,,,,,,
2338,TOA Stygia Plate Helm 1 (Mid),1004,102,0,0,0,0,0,0,0,0,2659,2,0,0,0,0,0,0,0,0,2659,0,998,0,0,0,1001,0,0,0,0,0,0,0,0,0,0,0,0,0,0,,0,,,,,,,,,,,,,,,,,,,,,,,,,,,,,,,,,,,1276,1279,1162,1161,1166,1165,1168,1167,1170,1169,1164,1163,,,,,,,
2339,TOA Stygia Plate Helm 2 (Mid),1005,102,0,0,0,0,0,0,0,0,2659,4,0,0,0,0,0,0,0,0,2659,0,999,0,0,0,1002,0,0,0,0,0,0,0,0,0,0,0,0,0,0,,0,,,,,,,,,,,,,,,,,,,,,,,,,,,,,,,,,,,1277,1280,1172,1171,1176,1175,1178,1177,1180,1179,1174,1173,,,,,,,
2340,TOA Stygia Plate Helm 3 (Mid),1006,102,0,0,0,0,0,0,0,0,2659,4,0,0,0,0,0,0,0,0,2659,0,1000,0,0,0,1003,0,0,0,0,0,0,0,0,0,0,0,0,0,0,,0,,,,,,,,,,,,,,,,,,,,,,,,,,,,,,,,,,,1278,1281,1182,1181,1186,1185,1188,1187,1190,1189,1184,1183,,,,,,,
2341,TOA Stygia Cloth Helm 1 (Hib),989,128,0,0,0,0,0,0,0,0,2657,2,0,0,0,0,0,0,0,0,2657,0,995,0,0,0,992,0,0,0,0,0,0,0,0,0,0,0,0,0,0,,0,,,,,,,,,,,,,,,,,,,,,,,,,,,,,,,,,,,1331,1330,1333,1332,1337,1336,1335,1334,1341,1340,1339,1338,,,,,,,
2342,TOA StygiaCloth Helm 2 (Hib),990,128,0,0,0,0,0,0,0,0,2657,4,0,0,0,0,0,0,0,0,2657,0,996,0,0,0,993,0,0,0,0,0,0,0,0,0,0,0,0,0,0,,0,,,,,,,,,,,,,,,,,,,,,,,,,,,,,,,,,,,1343,1342,1345,1344,1349,1348,1347,1346,1353,1352,1351,1350,,,,,,,
2343,TOA Stygia Cloth Helm 3 (Hib),991,128,0,0,0,0,0,0,0,0,2657,4,0,0,0,0,0,0,0,0,2657,0,997,0,0,0,994,0,0,0,0,0,0,0,0,0,0,0,0,0,0,,0,,,,,,,,,,,,,,,,,,,,,,,,,,,,,,,,,,,1355,1354,1357,1356,1361,1360,1359,1358,1365,1364,1363,1362,,,,,,,
2344,TOA Stygia Leather Helm 1 (Hib),989,100,0,0,0,0,0,0,0,0,2658,2,0,0,0,0,0,0,0,0,2658,0,995,0,0,0,992,0,0,0,0,0,0,0,0,0,0,0,0,0,0,,0,,,,,,,,,,,,,,,,,,,,,,,,,,,,,,,,,,,1331,1330,1333,1332,1337,1336,1335,1334,1341,1340,1339,1338,,,,,,,
2345,TOA Stygia Leather Helm 2 (Hib),990,100,0,0,0,0,0,0,0,0,2658,4,0,0,0,0,0,0,0,0,2658,0,996,0,0,0,993,0,0,0,0,0,0,0,0,0,0,0,0,0,0,,0,,,,,,,,,,,,,,,,,,,,,,,,,,,,,,,,,,,1343,1342,1345,1344,1349,1348,1347,1346,1353,1352,1351,1350,,,,,,,
2346,TOA Stygia Leather Helm 3 (Hib),991,100,0,0,0,0,0,0,0,0,2658,4,0,0,0,0,0,0,0,0,2658,0,997,0,0,0,994,0,0,0,0,0,0,0,0,0,0,0,0,0,0,,0,,,,,,,,,,,,,,,,,,,,,,,,,,,,,,,,,,,1355,1354,1357,1356,1361,1360,1359,1358,1365,1364,1363,1362,,,,,,,
2347,TOA Stygia Chain Helm 1 (Hib),989,101,0,0,0,0,0,0,0,0,2671,2,0,0,0,0,0,0,0,0,2671,0,995,0,0,0,992,0,0,0,0,0,0,0,0,0,0,0,0,0,0,,0,,,,,,,,,,,,,,,,,,,,,,,,,,,,,,,,,,,1331,1330,1333,1332,1337,1336,1335,1334,1341,1340,1339,1338,,,,,,,
2348,TOA Stygia Chain Helm 2 (Hib),990,101,0,0,0,0,0,0,0,0,2671,4,0,0,0,0,0,0,0,0,2671,0,996,0,0,0,993,0,0,0,0,0,0,0,0,0,0,0,0,0,0,,0,,,,,,,,,,,,,,,,,,,,,,,,,,,,,,,,,,,1343,1342,1345,1344,1349,1348,1347,1346,1353,1352,1351,1350,,,,,,,
2349,TOA Stygia Chain Helm 3 (Hib),991,101,0,0,0,0,0,0,0,0,2671,4,0,0,0,0,0,0,0,0,2671,0,997,0,0,0,994,0,0,0,0,0,0,0,0,0,0,0,0,0,0,,0,,,,,,,,,,,,,,,,,,,,,,,,,,,,,,,,,,,1355,1354,1357,1356,1361,1360,1359,1358,1365,1364,1363,1362,,,,,,,
2350,TOA Stygia Studded Helm 1 (Hib),989,129,0,0,0,0,0,0,0,0,2660,2,0,0,0,0,0,0,0,0,2660,0,995,0,0,0,992,0,0,0,0,0,0,0,0,0,0,0,0,0,0,,0,,,,,,,,,,,,,,,,,,,,,,,,,,,,,,,,,,,1331,1330,1333,1332,1337,1336,1335,1334,1341,1340,1339,1338,,,,,,,
2351,TOA Stygia Studded Helm 2 (Hib),990,129,0,0,0,0,0,0,0,0,2660,4,0,0,0,0,0,0,0,0,2660,0,996,0,0,0,993,0,0,0,0,0,0,0,0,0,0,0,0,0,0,,0,,,,,,,,,,,,,,,,,,,,,,,,,,,,,,,,,,,1343,1342,1345,1344,1349,1348,1347,1346,1353,1352,1351,1350,,,,,,,
2352,TOA Stygia Studded Helm 3 (Hib),991,129,0,0,0,0,0,0,0,0,2660,4,0,0,0,0,0,0,0,0,2660,0,997,0,0,0,994,0,0,0,0,0,0,0,0,0,0,0,0,0,0,,0,,,,,,,,,,,,,,,,,,,,,,,,,,,,,,,,,,,1355,1354,1357,1356,1361,1360,1359,1358,1365,1364,1363,1362,,,,,,,
2353,TOA Stygia Scale Helm 1 (Hib),989,101,0,0,0,0,0,0,0,0,2672,2,0,0,0,0,0,0,0,0,2672,0,995,0,0,0,992,0,0,0,0,0,0,0,0,0,0,0,0,0,0,,0,,,,,,,,,,,,,,,,,,,,,,,,,,,,,,,,,,,1331,1330,1333,1332,1337,1336,1335,1334,1341,1340,1339,1338,,,,,,,
2354,TOA Stygia Scale Helm 2 (Hib),990,101,0,0,0,0,0,0,0,0,2672,4,0,0,0,0,0,0,0,0,2672,0,996,0,0,0,993,0,0,0,0,0,0,0,0,0,0,0,0,0,0,,0,,,,,,,,,,,,,,,,,,,,,,,,,,,,,,,,,,,1343,1342,1345,1344,1349,1348,1347,1346,1353,1352,1351,1350,,,,,,,
2355,TOA Stygia Scale Helm 3 (Hib),991,101,0,0,0,0,0,0,0,0,2672,4,0,0,0,0,0,0,0,0,2672,0,997,0,0,0,994,0,0,0,0,0,0,0,0,0,0,0,0,0,0,,0,,,,,,,,,,,,,,,,,,,,,,,,,,,,,,,,,,,1355,1354,1357,1356,1361,1360,1359,1358,1365,1364,1363,1362,,,,,,,
2356,TOA Stygia Plate Helm 1 (Hib),989,102,0,0,0,0,0,0,0,0,2659,2,0,0,0,0,0,0,0,0,2659,0,995,0,0,0,992,0,0,0,0,0,0,0,0,0,0,0,0,0,0,,0,,,,,,,,,,,,,,,,,,,,,,,,,,,,,,,,,,,1331,1330,1333,1332,1337,1336,1335,1334,1341,1340,1339,1338,,,,,,,
2357,TOA Stygia Plate Helm 2 (Hib),990,102,0,0,0,0,0,0,0,0,2659,4,0,0,0,0,0,0,0,0,2659,0,996,0,0,0,993,0,0,0,0,0,0,0,0,0,0,0,0,0,0,,0,,,,,,,,,,,,,,,,,,,,,,,,,,,,,,,,,,,1343,1342,1345,1344,1349,1348,1347,1346,1353,1352,1351,1350,,,,,,,
2358,TOA Stygia Plate Helm 3 (Hib),991,102,0,0,0,0,0,0,0,0,2659,4,0,0,0,0,0,0,0,0,2659,0,997,0,0,0,994,0,0,0,0,0,0,0,0,0,0,0,0,0,0,,0,,,,,,,,,,,,,,,,,,,,,,,,,,,,,,,,,,,1355,1354,1357,1356,1361,1360,1359,1358,1365,1364,1363,1362,,,,,,,
2359,TOA Volcanus Cloth Helm 1 (Alb),986,128,0,0,0,0,0,0,0,0,2662,2,0,0,0,0,0,0,0,0,2662,0,0,0,0,0,0,0,0,0,0,0,0,0,0,0,0,0,0,0,0,,0,,,,,,,,,,,,,,,,,,,,,,,,,,,,,,,,,,,1218,1212,1193,1196,1205,1207,1252,1255,1199,1202,1249,1215,,,,,,,
2360,TOA VolcanusCloth Helm 2 (Alb),987,128,0,0,0,0,0,0,0,0,2662,4,0,0,0,0,0,0,0,0,2662,0,0,0,0,0,0,0,0,0,0,0,0,0,0,0,0,0,0,0,0,,0,,,,,,,,,,,,,,,,,,,,,,,,,,,,,,,,,,,1217,1211,1192,1195,1204,1208,1251,1254,1198,1201,1248,1214,,,,,,,
2361,TOA Volcanus Cloth Helm 3 (Alb),988,128,0,0,0,0,0,0,0,0,2662,4,0,0,0,0,0,0,0,0,2662,0,0,0,0,0,0,0,0,0,0,0,0,0,0,0,0,0,0,0,0,,0,,,,,,,,,,,,,,,,,,,,,,,,,,,,,,,,,,,1216,1210,1191,1194,1203,1206,1250,1253,1197,1200,1247,1213,,,,,,,
2362,TOA Volcanus Leather Helm 1 (Alb),986,100,0,0,0,0,0,0,0,0,2663,2,0,0,0,0,0,0,0,0,2663,0,0,0,0,0,0,0,0,0,0,0,0,0,0,0,0,0,0,0,0,,0,,,,,,,,,,,,,,,,,,,,,,,,,,,,,,,,,,,1218,1212,1193,1196,1205,1207,1252,1255,1199,1202,1249,1215,,,,,,,
2363,TOA Volcanus Leather Helm 2 (Alb),987,100,0,0,0,0,0,0,0,0,2663,4,0,0,0,0,0,0,0,0,2663,0,0,0,0,0,0,0,0,0,0,0,0,0,0,0,0,0,0,0,0,,0,,,,,,,,,,,,,,,,,,,,,,,,,,,,,,,,,,,1217,1211,1192,1195,1204,1208,1251,1254,1198,1201,1248,1214,,,,,,,
2364,TOA Volcanus Leather Helm 3 (Alb),988,100,0,0,0,0,0,0,0,0,2663,4,0,0,0,0,0,0,0,0,2663,0,0,0,0,0,0,0,0,0,0,0,0,0,0,0,0,0,0,0,0,,0,,,,,,,,,,,,,,,,,,,,,,,,,,,,,,,,,,,1216,1210,1191,1194,1203,1206,1250,1253,1197,1200,1247,1213,,,,,,,
2365,TOA Volcanus Chain Helm 1 (Alb),986,101,0,0,0,0,0,0,0,0,2661,2,0,0,0,0,0,0,0,0,2661,0,0,0,0,0,0,0,0,0,0,0,0,0,0,0,0,0,0,0,0,,0,,,,,,,,,,,,,,,,,,,,,,,,,,,,,,,,,,,1218,1212,1193,1196,1205,1207,1252,1255,1199,1202,1249,1215,,,,,,,
2366,TOA Volcanus Chain Helm 2 (Alb),987,101,0,0,0,0,0,0,0,0,2661,4,0,0,0,0,0,0,0,0,2661,0,0,0,0,0,0,0,0,0,0,0,0,0,0,0,0,0,0,0,0,,0,,,,,,,,,,,,,,,,,,,,,,,,,,,,,,,,,,,1217,1211,1192,1195,1204,1208,1251,1254,1198,1201,1248,1214,,,,,,,
2367,TOA Volcanus Chain Helm 3 (Alb),988,101,0,0,0,0,0,0,0,0,2661,4,0,0,0,0,0,0,0,0,2661,0,0,0,0,0,0,0,0,0,0,0,0,0,0,0,0,0,0,0,0,,0,,,,,,,,,,,,,,,,,,,,,,,,,,,,,,,,,,,1216,1210,1191,1194,1203,1206,1250,1253,1197,1200,1247,1213,,,,,,,
2368,TOA Volcanus Studded Helm 1 (Alb),986,129,0,0,0,0,0,0,0,0,2666,2,0,0,0,0,0,0,0,0,2666,0,0,0,0,0,0,0,0,0,0,0,0,0,0,0,0,0,0,0,0,,0,,,,,,,,,,,,,,,,,,,,,,,,,,,,,,,,,,,1218,1212,1193,1196,1205,1207,1252,1255,1199,1202,1249,1215,,,,,,,
2369,TOA Volcanus Studded Helm 2 (Alb),987,129,0,0,0,0,0,0,0,0,2666,4,0,0,0,0,0,0,0,0,2666,0,0,0,0,0,0,0,0,0,0,0,0,0,0,0,0,0,0,0,0,,0,,,,,,,,,,,,,,,,,,,,,,,,,,,,,,,,,,,1217,1211,1192,1195,1204,1208,1251,1254,1198,1201,1248,1214,,,,,,,
2370,TOA Volcanus Studded Helm 3 (Alb),988,129,0,0,0,0,0,0,0,0,2666,4,0,0,0,0,0,0,0,0,2666,0,0,0,0,0,0,0,0,0,0,0,0,0,0,0,0,0,0,0,0,,0,,,,,,,,,,,,,,,,,,,,,,,,,,,,,,,,,,,1216,1210,1191,1194,1203,1206,1250,1253,1197,1200,1247,1213,,,,,,,
2371,TOA Volcanus Scale Helm 1 (Alb),986,101,0,0,0,0,0,0,0,0,2665,2,0,0,0,0,0,0,0,0,2665,0,0,0,0,0,0,0,0,0,0,0,0,0,0,0,0,0,0,0,0,,0,,,,,,,,,,,,,,,,,,,,,,,,,,,,,,,,,,,1218,1212,1193,1196,1205,1207,1252,1255,1199,1202,1249,1215,,,,,,,
2372,TOA Volcanus Scale Helm 2 (Alb),987,101,0,0,0,0,0,0,0,0,2665,4,0,0,0,0,0,0,0,0,2665,0,0,0,0,0,0,0,0,0,0,0,0,0,0,0,0,0,0,0,0,,0,,,,,,,,,,,,,,,,,,,,,,,,,,,,,,,,,,,1217,1211,1192,1195,1204,1208,1251,1254,1198,1201,1248,1214,,,,,,,
2373,TOA Volcanus Scale Helm 3 (Alb),988,101,0,0,0,0,0,0,0,0,2665,4,0,0,0,0,0,0,0,0,2665,0,0,0,0,0,0,0,0,0,0,0,0,0,0,0,0,0,0,0,0,,0,,,,,,,,,,,,,,,,,,,,,,,,,,,,,,,,,,,1216,1210,1191,1194,1203,1206,1250,1253,1197,1200,1247,1213,,,,,,,
2374,TOA Volcanus Plate Helm 1 (Alb),986,102,0,0,0,0,0,0,0,0,2664,2,0,0,0,0,0,0,0,0,2664,0,0,0,0,0,0,0,0,0,0,0,0,0,0,0,0,0,0,0,0,,0,,,,,,,,,,,,,,,,,,,,,,,,,,,,,,,,,,,1218,1212,1193,1196,1205,1207,1252,1255,1199,1202,1249,1215,,,,,,,
2375,TOA Volcanus Plate Helm 2 (Alb),987,102,0,0,0,0,0,0,0,0,2664,4,0,0,0,0,0,0,0,0,2664,0,0,0,0,0,0,0,0,0,0,0,0,0,0,0,0,0,0,0,0,,0,,,,,,,,,,,,,,,,,,,,,,,,,,,,,,,,,,,1217,1211,1192,1195,1204,1208,1251,1254,1198,1201,1248,1214,,,,,,,
2376,TOA Volcanus Plate Helm 3 (Alb),988,102,0,0,0,0,0,0,0,0,2664,4,0,0,0,0,0,0,0,0,2664,0,0,0,0,0,0,0,0,0,0,0,0,0,0,0,0,0,0,0,0,,0,,,,,,,,,,,,,,,,,,,,,,,,,,,,,,,,,,,1216,1210,1191,1194,1203,1206,1250,1253,1197,1200,1247,1213,,,,,,,
2377,TOA Volcanus Cloth Helm 1 (Mid),1004,128,0,0,0,0,0,0,0,0,2662,2,0,0,0,0,0,0,0,0,2662,0,998,0,0,0,1001,0,0,0,0,0,0,0,0,0,0,0,0,0,0,,0,,,,,,,,,,,,,,,,,,,,,,,,,,,,,,,,,,,1276,1279,1162,1161,1166,1165,1168,1167,1170,1169,1164,1163,,,,,,,
2378,TOA VolcanusCloth Helm 2 (Mid),1005,128,0,0,0,0,0,0,0,0,2662,4,0,0,0,0,0,0,0,0,2662,0,999,0,0,0,1002,0,0,0,0,0,0,0,0,0,0,0,0,0,0,,0,,,,,,,,,,,,,,,,,,,,,,,,,,,,,,,,,,,1277,1280,1172,1171,1176,1175,1178,1177,1180,1179,1174,1173,,,,,,,
2379,TOA Volcanus Cloth Helm 3 (Mid),1006,128,0,0,0,0,0,0,0,0,2662,4,0,0,0,0,0,0,0,0,2662,0,1000,0,0,0,1003,0,0,0,0,0,0,0,0,0,0,0,0,0,0,,0,,,,,,,,,,,,,,,,,,,,,,,,,,,,,,,,,,,1278,1281,1182,1181,1186,1185,1188,1187,1190,1189,1184,1183,,,,,,,
2380,TOA Volcanus Leather Helm 1 (Mid),1004,100,0,0,0,0,0,0,0,0,2663,2,0,0,0,0,0,0,0,0,2663,0,998,0,0,0,1001,0,0,0,0,0,0,0,0,0,0,0,0,0,0,,0,,,,,,,,,,,,,,,,,,,,,,,,,,,,,,,,,,,1276,1279,1162,1161,1166,1165,1168,1167,1170,1169,1164,1163,,,,,,,
2381,TOA Volcanus Leather Helm 2 (Mid),1005,100,0,0,0,0,0,0,0,0,2663,4,0,0,0,0,0,0,0,0,2663,0,999,0,0,0,1002,0,0,0,0,0,0,0,0,0,0,0,0,0,0,,0,,,,,,,,,,,,,,,,,,,,,,,,,,,,,,,,,,,1277,1280,1172,1171,1176,1175,1178,1177,1180,1179,1174,1173,,,,,,,
2382,TOA Volcanus Leather Helm 3 (Mid),1006,100,0,0,0,0,0,0,0,0,2663,4,0,0,0,0,0,0,0,0,2663,0,1000,0,0,0,1003,0,0,0,0,0,0,0,0,0,0,0,0,0,0,,0,,,,,,,,,,,,,,,,,,,,,,,,,,,,,,,,,,,1278,1281,1182,1181,1186,1185,1188,1187,1190,1189,1184,1183,,,,,,,
2383,TOA Volcanus Chain Helm 1 (Mid),1004,101,0,0,0,0,0,0,0,0,2661,2,0,0,0,0,0,0,0,0,2661,0,998,0,0,0,1001,0,0,0,0,0,0,0,0,0,0,0,0,0,0,,0,,,,,,,,,,,,,,,,,,,,,,,,,,,,,,,,,,,1276,1279,1162,1161,1166,1165,1168,1167,1170,1169,1164,1163,,,,,,,
2384,TOA Volcanus Chain Helm 2 (Mid),1005,101,0,0,0,0,0,0,0,0,2661,4,0,0,0,0,0,0,0,0,2661,0,999,0,0,0,1002,0,0,0,0,0,0,0,0,0,0,0,0,0,0,,0,,,,,,,,,,,,,,,,,,,,,,,,,,,,,,,,,,,1277,1280,1172,1171,1176,1175,1178,1177,1180,1179,1174,1173,,,,,,,
2385,TOA Volcanus Chain Helm 3 (Mid),1006,101,0,0,0,0,0,0,0,0,2661,4,0,0,0,0,0,0,0,0,2661,0,1000,0,0,0,1003,0,0,0,0,0,0,0,0,0,0,0,0,0,0,,0,,,,,,,,,,,,,,,,,,,,,,,,,,,,,,,,,,,1278,1281,1182,1181,1186,1185,1188,1187,1190,1189,1184,1183,,,,,,,
2386,TOA Volcanus Studded Helm 1 (Mid),1004,129,0,0,0,0,0,0,0,0,2666,2,0,0,0,0,0,0,0,0,2666,0,998,0,0,0,1001,0,0,0,0,0,0,0,0,0,0,0,0,0,0,,0,,,,,,,,,,,,,,,,,,,,,,,,,,,,,,,,,,,1276,1279,1162,1161,1166,1165,1168,1167,1170,1169,1164,1163,,,,,,,
2387,TOA Volcanus Studded Helm 2 (Mid),1005,129,0,0,0,0,0,0,0,0,2666,4,0,0,0,0,0,0,0,0,2666,0,999,0,0,0,1002,0,0,0,0,0,0,0,0,0,0,0,0,0,0,,0,,,,,,,,,,,,,,,,,,,,,,,,,,,,,,,,,,,1277,1280,1172,1171,1176,1175,1178,1177,1180,1179,1174,1173,,,,,,,
2388,TOA Volcanus Studded Helm 3 (Mid),1006,129,0,0,0,0,0,0,0,0,2666,4,0,0,0,0,0,0,0,0,2666,0,1000,0,0,0,1003,0,0,0,0,0,0,0,0,0,0,0,0,0,0,,0,,,,,,,,,,,,,,,,,,,,,,,,,,,,,,,,,,,1278,1281,1182,1181,1186,1185,1188,1187,1190,1189,1184,1183,,,,,,,
2389,TOA Volcanus Scale Helm 1 (Mid),1004,101,0,0,0,0,0,0,0,0,2665,2,0,0,0,0,0,0,0,0,2665,0,998,0,0,0,1001,0,0,0,0,0,0,0,0,0,0,0,0,0,0,,0,,,,,,,,,,,,,,,,,,,,,,,,,,,,,,,,,,,1276,1279,1162,1161,1166,1165,1168,1167,1170,1169,1164,1163,,,,,,,
2390,TOA Volcanus Scale Helm 2 (Mid),1005,101,0,0,0,0,0,0,0,0,2665,4,0,0,0,0,0,0,0,0,2665,0,999,0,0,0,1002,0,0,0,0,0,0,0,0,0,0,0,0,0,0,,0,,,,,,,,,,,,,,,,,,,,,,,,,,,,,,,,,,,1277,1280,1172,1171,1176,1175,1178,1177,1180,1179,1174,1173,,,,,,,
2391,TOA Volcanus Scale Helm 3 (Mid),1006,101,0,0,0,0,0,0,0,0,2665,4,0,0,0,0,0,0,0,0,2665,0,1000,0,0,0,1003,0,0,0,0,0,0,0,0,0,0,0,0,0,0,,0,,,,,,,,,,,,,,,,,,,,,,,,,,,,,,,,,,,1278,1281,1182,1181,1186,1185,1188,1187,1190,1189,1184,1183,,,,,,,
2392,TOA Volcanus Plate Helm 1 (Mid),1004,102,0,0,0,0,0,0,0,0,2664,2,0,0,0,0,0,0,0,0,2664,0,998,0,0,0,1001,0,0,0,0,0,0,0,0,0,0,0,0,0,0,,0,,,,,,,,,,,,,,,,,,,,,,,,,,,,,,,,,,,1276,1279,1162,1161,1166,1165,1168,1167,1170,1169,1164,1163,,,,,,,
2393,TOA Volcanus Plate Helm 2 (Mid),1005,102,0,0,0,0,0,0,0,0,2664,4,0,0,0,0,0,0,0,0,2664,0,999,0,0,0,1002,0,0,0,0,0,0,0,0,0,0,0,0,0,0,,0,,,,,,,,,,,,,,,,,,,,,,,,,,,,,,,,,,,1277,1280,1172,1171,1176,1175,1178,1177,1180,1179,1174,1173,,,,,,,
2394,TOA Volcanus Plate Helm 3 (Mid),1006,102,0,0,0,0,0,0,0,0,2664,4,0,0,0,0,0,0,0,0,2664,0,1000,0,0,0,1003,0,0,0,0,0,0,0,0,0,0,0,0,0,0,,0,,,,,,,,,,,,,,,,,,,,,,,,,,,,,,,,,,,1278,1281,1182,1181,1186,1185,1188,1187,1190,1189,1184,1183,,,,,,,
2395,TOA Volcanus Cloth Helm 1 (Hib),989,128,0,0,0,0,0,0,0,0,2662,2,0,0,0,0,0,0,0,0,2662,0,995,0,0,0,992,0,0,0,0,0,0,0,0,0,0,0,0,0,0,,0,,,,,,,,,,,,,,,,,,,,,,,,,,,,,,,,,,,1331,1330,1333,1332,1337,1336,1335,1334,1341,1340,1339,1338,,,,,,,
2396,TOA VolcanusCloth Helm 2 (Hib),990,128,0,0,0,0,0,0,0,0,2662,4,0,0,0,0,0,0,0,0,2662,0,996,0,0,0,993,0,0,0,0,0,0,0,0,0,0,0,0,0,0,,0,,,,,,,,,,,,,,,,,,,,,,,,,,,,,,,,,,,1343,1342,1345,1344,1349,1348,1347,1346,1353,1352,1351,1350,,,,,,,
2397,TOA Volcanus Cloth Helm 3 (Hib),991,128,0,0,0,0,0,0,0,0,2662,4,0,0,0,0,0,0,0,0,2662,0,997,0,0,0,994,0,0,0,0,0,0,0,0,0,0,0,0,0,0,,0,,,,,,,,,,,,,,,,,,,,,,,,,,,,,,,,,,,1355,1354,1357,1356,1361,1360,1359,1358,1365,1364,1363,1362,,,,,,,
2398,TOA Volcanus Leather Helm 1 (Hib),989,100,0,0,0,0,0,0,0,0,2663,2,0,0,0,0,0,0,0,0,2663,0,995,0,0,0,992,0,0,0,0,0,0,0,0,0,0,0,0,0,0,,0,,,,,,,,,,,,,,,,,,,,,,,,,,,,,,,,,,,1331,1330,1333,1332,1337,1336,1335,1334,1341,1340,1339,1338,,,,,,,
2399,TOA Volcanus Leather Helm 2 (Hib),990,100,0,0,0,0,0,0,0,0,2663,4,0,0,0,0,0,0,0,0,2663,0,996,0,0,0,993,0,0,0,0,0,0,0,0,0,0,0,0,0,0,,0,,,,,,,,,,,,,,,,,,,,,,,,,,,,,,,,,,,1343,1342,1345,1344,1349,1348,1347,1346,1353,1352,1351,1350,,,,,,,
2400,TOA Volcanus Leather Helm 3 (Hib),991,100,0,0,0,0,0,0,0,0,2663,4,0,0,0,0,0,0,0,0,2663,0,997,0,0,0,994,0,0,0,0,0,0,0,0,0,0,0,0,0,0,,0,,,,,,,,,,,,,,,,,,,,,,,,,,,,,,,,,,,1355,1354,1357,1356,1361,1360,1359,1358,1365,1364,1363,1362,,,,,,,
2401,TOA Volcanus Chain Helm 1 (Hib),989,101,0,0,0,0,0,0,0,0,2661,2,0,0,0,0,0,0,0,0,2661,0,995,0,0,0,992,0,0,0,0,0,0,0,0,0,0,0,0,0,0,,0,,,,,,,,,,,,,,,,,,,,,,,,,,,,,,,,,,,1331,1330,1333,1332,1337,1336,1335,1334,1341,1340,1339,1338,,,,,,,
2402,TOA Volcanus Chain Helm 2 (Hib),990,101,0,0,0,0,0,0,0,0,2661,4,0,0,0,0,0,0,0,0,2661,0,996,0,0,0,993,0,0,0,0,0,0,0,0,0,0,0,0,0,0,,0,,,,,,,,,,,,,,,,,,,,,,,,,,,,,,,,,,,1343,1342,1345,1344,1349,1348,1347,1346,1353,1352,1351,1350,,,,,,,
2403,TOA Volcanus Chain Helm 3 (Hib),991,101,0,0,0,0,0,0,0,0,2661,4,0,0,0,0,0,0,0,0,2661,0,997,0,0,0,994,0,0,0,0,0,0,0,0,0,0,0,0,0,0,,0,,,,,,,,,,,,,,,,,,,,,,,,,,,,,,,,,,,1355,1354,1357,1356,1361,1360,1359,1358,1365,1364,1363,1362,,,,,,,
2404,TOA Volcanus Studded Helm 1 (Hib),989,129,0,0,0,0,0,0,0,0,2666,2,0,0,0,0,0,0,0,0,2666,0,995,0,0,0,992,0,0,0,0,0,0,0,0,0,0,0,0,0,0,,0,,,,,,,,,,,,,,,,,,,,,,,,,,,,,,,,,,,1331,1330,1333,1332,1337,1336,1335,1334,1341,1340,1339,1338,,,,,,,
2405,TOA Volcanus Studded Helm 2 (Hib),990,129,0,0,0,0,0,0,0,0,2666,4,0,0,0,0,0,0,0,0,2666,0,996,0,0,0,993,0,0,0,0,0,0,0,0,0,0,0,0,0,0,,0,,,,,,,,,,,,,,,,,,,,,,,,,,,,,,,,,,,1343,1342,1345,1344,1349,1348,1347,1346,1353,1352,1351,1350,,,,,,,
2406,TOA Volcanus Studded Helm 3 (Hib),991,129,0,0,0,0,0,0,0,0,2666,4,0,0,0,0,0,0,0,0,2666,0,997,0,0,0,994,0,0,0,0,0,0,0,0,0,0,0,0,0,0,,0,,,,,,,,,,,,,,,,,,,,,,,,,,,,,,,,,,,1355,1354,1357,1356,1361,1360,1359,1358,1365,1364,1363,1362,,,,,,,
2407,TOA Volcanus Scale Helm 1 (Hib),989,101,0,0,0,0,0,0,0,0,2665,2,0,0,0,0,0,0,0,0,2665,0,995,0,0,0,992,0,0,0,0,0,0,0,0,0,0,0,0,0,0,,0,,,,,,,,,,,,,,,,,,,,,,,,,,,,,,,,,,,1331,1330,1333,1332,1337,1336,1335,1334,1341,1340,1339,1338,,,,,,,
2408,TOA Volcanus Scale Helm 2 (Hib),990,101,0,0,0,0,0,0,0,0,2665,4,0,0,0,0,0,0,0,0,2665,0,996,0,0,0,993,0,0,0,0,0,0,0,0,0,0,0,0,0,0,,0,,,,,,,,,,,,,,,,,,,,,,,,,,,,,,,,,,,1343,1342,1345,1344,1349,1348,1347,1346,1353,1352,1351,1350,,,,,,,
2409,TOA Volcanus Scale Helm 3 (Hib),991,101,0,0,0,0,0,0,0,0,2665,4,0,0,0,0,0,0,0,0,2665,0,997,0,0,0,994,0,0,0,0,0,0,0,0,0,0,0,0,0,0,,0,,,,,,,,,,,,,,,,,,,,,,,,,,,,,,,,,,,1355,1354,1357,1356,1361,1360,1359,1358,1365,1364,1363,1362,,,,,,,
2410,TOA Volcanus Plate Helm 1 (Hib),989,102,0,0,0,0,0,0,0,0,2664,2,0,0,0,0,0,0,0,0,2664,0,995,0,0,0,992,0,0,0,0,0,0,0,0,0,0,0,0,0,0,,0,,,,,,,,,,,,,,,,,,,,,,,,,,,,,,,,,,,1331,1330,1333,1332,1337,1336,1335,1334,1341,1340,1339,1338,,,,,,,
2411,TOA Volcanus Plate Helm 2 (Hib),990,102,0,0,0,0,0,0,0,0,2664,4,0,0,0,0,0,0,0,0,2664,0,996,0,0,0,993,0,0,0,0,0,0,0,0,0,0,0,0,0,0,,0,,,,,,,,,,,,,,,,,,,,,,,,,,,,,,,,,,,1343,1342,1345,1344,1349,1348,1347,1346,1353,1352,1351,1350,,,,,,,
2412,TOA Volcanus Plate Helm 3 (Hib),991,102,0,0,0,0,0,0,0,0,2664,4,0,0,0,0,0,0,0,0,2664,0,997,0,0,0,994,0,0,0,0,0,0,0,0,0,0,0,0,0,0,,0,,,,,,,,,,,,,,,,,,,,,,,,,,,,,,,,,,,1355,1354,1357,1356,1361,1360,1359,1358,1365,1364,1363,1362,,,,,,,
2413,TOA Aerus Cloth Helm 1 (Alb),986,128,0,0,0,0,0,0,0,0,2668,2,0,0,0,0,0,0,0,0,2668,0,0,0,0,0,0,0,0,0,0,0,0,0,0,0,0,0,0,0,0,,0,,,,,,,,,,,,,,,,,,,,,,,,,,,,,,,,,,,1218,1212,1193,1196,1205,1207,1252,1255,1199,1202,1249,1215,,,,,,,
2414,TOA AerusCloth Helm 2 (Alb),987,128,0,0,0,0,0,0,0,0,2668,4,0,0,0,0,0,0,0,0,2668,0,0,0,0,0,0,0,0,0,0,0,0,0,0,0,0,0,0,0,0,,0,,,,,,,,,,,,,,,,,,,,,,,,,,,,,,,,,,,1217,1211,1192,1195,1204,1208,1251,1254,1198,1201,1248,1214,,,,,,,
2415,TOA Aerus Cloth Helm 3 (Alb),988,128,0,0,0,0,0,0,0,0,2668,4,0,0,0,0,0,0,0,0,2668,0,0,0,0,0,0,0,0,0,0,0,0,0,0,0,0,0,0,0,0,,0,,,,,,,,,,,,,,,,,,,,,,,,,,,,,,,,,,,1216,1210,1191,1194,1203,1206,1250,1253,1197,1200,1247,1213,,,,,,,
2416,TOA Aerus Leather Helm 1 (Alb),986,100,0,0,0,0,0,0,0,0,2681,2,0,0,0,0,0,0,0,0,2681,0,0,0,0,0,0,0,0,0,0,0,0,0,0,0,0,0,0,0,0,,0,,,,,,,,,,,,,,,,,,,,,,,,,,,,,,,,,,,1218,1212,1193,1196,1205,1207,1252,1255,1199,1202,1249,1215,,,,,,,
2417,TOA Aerus Leather Helm 2 (Alb),987,100,0,0,0,0,0,0,0,0,2681,4,0,0,0,0,0,0,0,0,2681,0,0,0,0,0,0,0,0,0,0,0,0,0,0,0,0,0,0,0,0,,0,,,,,,,,,,,,,,,,,,,,,,,,,,,,,,,,,,,1217,1211,1192,1195,1204,1208,1251,1254,1198,1201,1248,1214,,,,,,,
2418,TOA Aerus Leather Helm 3 (Alb),988,100,0,0,0,0,0,0,0,0,2681,4,0,0,0,0,0,0,0,0,2681,0,0,0,0,0,0,0,0,0,0,0,0,0,0,0,0,0,0,0,0,,0,,,,,,,,,,,,,,,,,,,,,,,,,,,,,,,,,,,1216,1210,1191,1194,1203,1206,1250,1253,1197,1200,1247,1213,,,,,,,
2419,TOA Aerus Chain Helm 1 (Alb),986,101,0,0,0,0,0,0,0,0,2682,2,0,0,0,0,0,0,0,0,2682,0,0,0,0,0,0,0,0,0,0,0,0,0,0,0,0,0,0,0,0,,0,,,,,,,,,,,,,,,,,,,,,,,,,,,,,,,,,,,1218,1212,1193,1196,1205,1207,1252,1255,1199,1202,1249,1215,,,,,,,
2420,TOA Aerus Chain Helm 2 (Alb),987,101,0,0,0,0,0,0,0,0,2682,4,0,0,0,0,0,0,0,0,2682,0,0,0,0,0,0,0,0,0,0,0,0,0,0,0,0,0,0,0,0,,0,,,,,,,,,,,,,,,,,,,,,,,,,,,,,,,,,,,1217,1211,1192,1195,1204,1208,1251,1254,1198,1201,1248,1214,,,,,,,
2421,TOA Aerus Chain Helm 3 (Alb),988,101,0,0,0,0,0,0,0,0,2682,4,0,0,0,0,0,0,0,0,2682,0,0,0,0,0,0,0,0,0,0,0,0,0,0,0,0,0,0,0,0,,0,,,,,,,,,,,,,,,,,,,,,,,,,,,,,,,,,,,1216,1210,1191,1194,1203,1206,1250,1253,1197,1200,1247,1213,,,,,,,
2422,TOA Aerus Studded Helm 1 (Alb),986,129,0,0,0,0,0,0,0,0,2673,2,0,0,0,0,0,0,0,0,2673,0,0,0,0,0,0,0,0,0,0,0,0,0,0,0,0,0,0,0,0,,0,,,,,,,,,,,,,,,,,,,,,,,,,,,,,,,,,,,1218,1212,1193,1196,1205,1207,1252,1255,1199,1202,1249,1215,,,,,,,
2423,TOA Aerus Studded Helm 2 (Alb),987,129,0,0,0,0,0,0,0,0,2673,4,0,0,0,0,0,0,0,0,2673,0,0,0,0,0,0,0,0,0,0,0,0,0,0,0,0,0,0,0,0,,0,,,,,,,,,,,,,,,,,,,,,,,,,,,,,,,,,,,1217,1211,1192,1195,1204,1208,1251,1254,1198,1201,1248,1214,,,,,,,
2424,TOA Aerus Studded Helm 3 (Alb),988,129,0,0,0,0,0,0,0,0,2673,4,0,0,0,0,0,0,0,0,2673,0,0,0,0,0,0,0,0,0,0,0,0,0,0,0,0,0,0,0,0,,0,,,,,,,,,,,,,,,,,,,,,,,,,,,,,,,,,,,1216,1210,1191,1194,1203,1206,1250,1253,1197,1200,1247,1213,,,,,,,
2425,TOA Aerus Scale Helm 1 (Alb),986,101,0,0,0,0,0,0,0,0,2675,2,0,0,0,0,0,0,0,0,2675,0,0,0,0,0,0,0,0,0,0,0,0,0,0,0,0,0,0,0,0,,0,,,,,,,,,,,,,,,,,,,,,,,,,,,,,,,,,,,1218,1212,1193,1196,1205,1207,1252,1255,1199,1202,1249,1215,,,,,,,
2426,TOA Aerus Scale Helm 2 (Alb),987,101,0,0,0,0,0,0,0,0,2675,4,0,0,0,0,0,0,0,0,2675,0,0,0,0,0,0,0,0,0,0,0,0,0,0,0,0,0,0,0,0,,0,,,,,,,,,,,,,,,,,,,,,,,,,,,,,,,,,,,1217,1211,1192,1195,1204,1208,1251,1254,1198,1201,1248,1214,,,,,,,
2427,TOA Aerus Scale Helm 3 (Alb),988,101,0,0,0,0,0,0,0,0,2675,4,0,0,0,0,0,0,0,0,2675,0,0,0,0,0,0,0,0,0,0,0,0,0,0,0,0,0,0,0,0,,0,,,,,,,,,,,,,,,,,,,,,,,,,,,,,,,,,,,1216,1210,1191,1194,1203,1206,1250,1253,1197,1200,1247,1213,,,,,,,
2428,TOA Aerus Plate Helm 1 (Alb),986,102,0,0,0,0,0,0,0,0,2674,2,0,0,0,0,0,0,0,0,2674,0,0,0,0,0,0,0,0,0,0,0,0,0,0,0,0,0,0,0,0,,0,,,,,,,,,,,,,,,,,,,,,,,,,,,,,,,,,,,1218,1212,1193,1196,1205,1207,1252,1255,1199,1202,1249,1215,,,,,,,
2429,TOA Aerus Plate Helm 2 (Alb),987,102,0,0,0,0,0,0,0,0,2674,4,0,0,0,0,0,0,0,0,2674,0,0,0,0,0,0,0,0,0,0,0,0,0,0,0,0,0,0,0,0,,0,,,,,,,,,,,,,,,,,,,,,,,,,,,,,,,,,,,1217,1211,1192,1195,1204,1208,1251,1254,1198,1201,1248,1214,,,,,,,
2430,TOA Aerus Plate Helm 3 (Alb),988,102,0,0,0,0,0,0,0,0,2674,4,0,0,0,0,0,0,0,0,2674,0,0,0,0,0,0,0,0,0,0,0,0,0,0,0,0,0,0,0,0,,0,,,,,,,,,,,,,,,,,,,,,,,,,,,,,,,,,,,1216,1210,1191,1194,1203,1206,1250,1253,1197,1200,1247,1213,,,,,,,
2431,TOA Aerus Cloth Helm 1 (Mid),1004,128,0,0,0,0,0,0,0,0,2668,2,0,0,0,0,0,0,0,0,2668,0,998,0,0,0,1001,0,0,0,0,0,0,0,0,0,0,0,0,0,0,,0,,,,,,,,,,,,,,,,,,,,,,,,,,,,,,,,,,,1276,1279,1162,1161,1166,1165,1168,1167,1170,1169,1164,1163,,,,,,,
2432,TOA AerusCloth Helm 2 (Mid),1005,128,0,0,0,0,0,0,0,0,2668,4,0,0,0,0,0,0,0,0,2668,0,999,0,0,0,1002,0,0,0,0,0,0,0,0,0,0,0,0,0,0,,0,,,,,,,,,,,,,,,,,,,,,,,,,,,,,,,,,,,1277,1280,1172,1171,1176,1175,1178,1177,1180,1179,1174,1173,,,,,,,
2433,TOA Aerus Cloth Helm 3 (Mid),1006,128,0,0,0,0,0,0,0,0,2668,4,0,0,0,0,0,0,0,0,2668,0,1000,0,0,0,1003,0,0,0,0,0,0,0,0,0,0,0,0,0,0,,0,,,,,,,,,,,,,,,,,,,,,,,,,,,,,,,,,,,1278,1281,1182,1181,1186,1185,1188,1187,1190,1189,1184,1183,,,,,,,
2434,TOA Aerus Leather Helm 1 (Mid),1004,100,0,0,0,0,0,0,0,0,2681,2,0,0,0,0,0,0,0,0,2681,0,998,0,0,0,1001,0,0,0,0,0,0,0,0,0,0,0,0,0,0,,0,,,,,,,,,,,,,,,,,,,,,,,,,,,,,,,,,,,1276,1279,1162,1161,1166,1165,1168,1167,1170,1169,1164,1163,,,,,,,
2435,TOA Aerus Leather Helm 2 (Mid),1005,100,0,0,0,0,0,0,0,0,2681,4,0,0,0,0,0,0,0,0,2681,0,999,0,0,0,1002,0,0,0,0,0,0,0,0,0,0,0,0,0,0,,0,,,,,,,,,,,,,,,,,,,,,,,,,,,,,,,,,,,1277,1280,1172,1171,1176,1175,1178,1177,1180,1179,1174,1173,,,,,,,
2436,TOA Aerus Leather Helm 3 (Mid),1006,100,0,0,0,0,0,0,0,0,2681,4,0,0,0,0,0,0,0,0,2681,0,1000,0,0,0,1003,0,0,0,0,0,0,0,0,0,0,0,0,0,0,,0,,,,,,,,,,,,,,,,,,,,,,,,,,,,,,,,,,,1278,1281,1182,1181,1186,1185,1188,1187,1190,1189,1184,1183,,,,,,,
2437,TOA Aerus Chain Helm 1 (Mid),1004,101,0,0,0,0,0,0,0,0,2682,2,0,0,0,0,0,0,0,0,2682,0,998,0,0,0,1001,0,0,0,0,0,0,0,0,0,0,0,0,0,0,,0,,,,,,,,,,,,,,,,,,,,,,,,,,,,,,,,,,,1276,1279,1162,1161,1166,1165,1168,1167,1170,1169,1164,1163,,,,,,,
2438,TOA Aerus Chain Helm 2 (Mid),1005,101,0,0,0,0,0,0,0,0,2682,4,0,0,0,0,0,0,0,0,2682,0,999,0,0,0,1002,0,0,0,0,0,0,0,0,0,0,0,0,0,0,,0,,,,,,,,,,,,,,,,,,,,,,,,,,,,,,,,,,,1277,1280,1172,1171,1176,1175,1178,1177,1180,1179,1174,1173,,,,,,,
2439,TOA Aerus Chain Helm 3 (Mid),1006,101,0,0,0,0,0,0,0,0,2682,4,0,0,0,0,0,0,0,0,2682,0,1000,0,0,0,1003,0,0,0,0,0,0,0,0,0,0,0,0,0,0,,0,,,,,,,,,,,,,,,,,,,,,,,,,,,,,,,,,,,1278,1281,1182,1181,1186,1185,1188,1187,1190,1189,1184,1183,,,,,,,
2440,TOA Aerus Studded Helm 1 (Mid),1004,129,0,0,0,0,0,0,0,0,2673,2,0,0,0,0,0,0,0,0,2673,0,998,0,0,0,1001,0,0,0,0,0,0,0,0,0,0,0,0,0,0,,0,,,,,,,,,,,,,,,,,,,,,,,,,,,,,,,,,,,1276,1279,1162,1161,1166,1165,1168,1167,1170,1169,1164,1163,,,,,,,
2441,TOA Aerus Studded Helm 2 (Mid),1005,129,0,0,0,0,0,0,0,0,2673,4,0,0,0,0,0,0,0,0,2673,0,999,0,0,0,1002,0,0,0,0,0,0,0,0,0,0,0,0,0,0,,0,,,,,,,,,,,,,,,,,,,,,,,,,,,,,,,,,,,1277,1280,1172,1171,1176,1175,1178,1177,1180,1179,1174,1173,,,,,,,
2442,TOA Aerus Studded Helm 3 (Mid),1006,129,0,0,0,0,0,0,0,0,2673,4,0,0,0,0,0,0,0,0,2673,0,1000,0,0,0,1003,0,0,0,0,0,0,0,0,0,0,0,0,0,0,,0,,,,,,,,,,,,,,,,,,,,,,,,,,,,,,,,,,,1278,1281,1182,1181,1186,1185,1188,1187,1190,1189,1184,1183,,,,,,,
2443,TOA Aerus Scale Helm 1 (Mid),1004,101,0,0,0,0,0,0,0,0,2675,2,0,0,0,0,0,0,0,0,2675,0,998,0,0,0,1001,0,0,0,0,0,0,0,0,0,0,0,0,0,0,,0,,,,,,,,,,,,,,,,,,,,,,,,,,,,,,,,,,,1276,1279,1162,1161,1166,1165,1168,1167,1170,1169,1164,1163,,,,,,,
2444,TOA Aerus Scale Helm 2 (Mid),1005,101,0,0,0,0,0,0,0,0,2675,4,0,0,0,0,0,0,0,0,2675,0,999,0,0,0,1002,0,0,0,0,0,0,0,0,0,0,0,0,0,0,,0,,,,,,,,,,,,,,,,,,,,,,,,,,,,,,,,,,,1277,1280,1172,1171,1176,1175,1178,1177,1180,1179,1174,1173,,,,,,,
2445,TOA Aerus Scale Helm 3 (Mid),1006,101,0,0,0,0,0,0,0,0,2675,4,0,0,0,0,0,0,0,0,2675,0,1000,0,0,0,1003,0,0,0,0,0,0,0,0,0,0,0,0,0,0,,0,,,,,,,,,,,,,,,,,,,,,,,,,,,,,,,,,,,1278,1281,1182,1181,1186,1185,1188,1187,1190,1189,1184,1183,,,,,,,
2446,TOA Aerus Plate Helm 1 (Mid),1004,102,0,0,0,0,0,0,0,0,2674,2,0,0,0,0,0,0,0,0,2674,0,998,0,0,0,1001,0,0,0,0,0,0,0,0,0,0,0,0,0,0,,0,,,,,,,,,,,,,,,,,,,,,,,,,,,,,,,,,,,1276,1279,1162,1161,1166,1165,1168,1167,1170,1169,1164,1163,,,,,,,
2447,TOA Aerus Plate Helm 2 (Mid),1005,102,0,0,0,0,0,0,0,0,2674,4,0,0,0,0,0,0,0,0,2674,0,999,0,0,0,1002,0,0,0,0,0,0,0,0,0,0,0,0,0,0,,0,,,,,,,,,,,,,,,,,,,,,,,,,,,,,,,,,,,1277,1280,1172,1171,1176,1175,1178,1177,1180,1179,1174,1173,,,,,,,
2448,TOA Aerus Plate Helm 3 (Mid),1006,102,0,0,0,0,0,0,0,0,2674,4,0,0,0,0,0,0,0,0,2674,0,1000,0,0,0,1003,0,0,0,0,0,0,0,0,0,0,0,0,0,0,,0,,,,,,,,,,,,,,,,,,,,,,,,,,,,,,,,,,,1278,1281,1182,1181,1186,1185,1188,1187,1190,1189,1184,1183,,,,,,,
2449,TOA Aerus Cloth Helm 1 (Hib),989,128,0,0,0,0,0,0,0,0,2668,2,0,0,0,0,0,0,0,0,2668,0,995,0,0,0,992,0,0,0,0,0,0,0,0,0,0,0,0,0,0,,0,,,,,,,,,,,,,,,,,,,,,,,,,,,,,,,,,,,1331,1330,1333,1332,1337,1336,1335,1334,1341,1340,1339,1338,,,,,,,
2450,TOA AerusCloth Helm 2 (Hib),990,128,0,0,0,0,0,0,0,0,2668,4,0,0,0,0,0,0,0,0,2668,0,996,0,0,0,993,0,0,0,0,0,0,0,0,0,0,0,0,0,0,,0,,,,,,,,,,,,,,,,,,,,,,,,,,,,,,,,,,,1343,1342,1345,1344,1349,1348,1347,1346,1353,1352,1351,1350,,,,,,,
2451,TOA Aerus Cloth Helm 3 (Hib),991,128,0,0,0,0,0,0,0,0,2668,4,0,0,0,0,0,0,0,0,2668,0,997,0,0,0,994,0,0,0,0,0,0,0,0,0,0,0,0,0,0,,0,,,,,,,,,,,,,,,,,,,,,,,,,,,,,,,,,,,1355,1354,1357,1356,1361,1360,1359,1358,1365,1364,1363,1362,,,,,,,
2452,TOA Aerus Leather Helm 1 (Hib),989,100,0,0,0,0,0,0,0,0,2681,2,0,0,0,0,0,0,0,0,2681,0,995,0,0,0,992,0,0,0,0,0,0,0,0,0,0,0,0,0,0,,0,,,,,,,,,,,,,,,,,,,,,,,,,,,,,,,,,,,1331,1330,1333,1332,1337,1336,1335,1334,1341,1340,1339,1338,,,,,,,
2453,TOA Aerus Leather Helm 2 (Hib),990,100,0,0,0,0,0,0,0,0,2681,4,0,0,0,0,0,0,0,0,2681,0,996,0,0,0,993,0,0,0,0,0,0,0,0,0,0,0,0,0,0,,0,,,,,,,,,,,,,,,,,,,,,,,,,,,,,,,,,,,1343,1342,1345,1344,1349,1348,1347,1346,1353,1352,1351,1350,,,,,,,
2454,TOA Aerus Leather Helm 3 (Hib),991,100,0,0,0,0,0,0,0,0,2681,4,0,0,0,0,0,0,0,0,2681,0,997,0,0,0,994,0,0,0,0,0,0,0,0,0,0,0,0,0,0,,0,,,,,,,,,,,,,,,,,,,,,,,,,,,,,,,,,,,1355,1354,1357,1356,1361,1360,1359,1358,1365,1364,1363,1362,,,,,,,
2455,TOA Aerus Chain Helm 1 (Hib),989,101,0,0,0,0,0,0,0,0,2682,2,0,0,0,0,0,0,0,0,2682,0,995,0,0,0,992,0,0,0,0,0,0,0,0,0,0,0,0,0,0,,0,,,,,,,,,,,,,,,,,,,,,,,,,,,,,,,,,,,1331,1330,1333,1332,1337,1336,1335,1334,1341,1340,1339,1338,,,,,,,
2456,TOA Aerus Chain Helm 2 (Hib),990,101,0,0,0,0,0,0,0,0,2682,4,0,0,0,0,0,0,0,0,2682,0,996,0,0,0,993,0,0,0,0,0,0,0,0,0,0,0,0,0,0,,0,,,,,,,,,,,,,,,,,,,,,,,,,,,,,,,,,,,1343,1342,1345,1344,1349,1348,1347,1346,1353,1352,1351,1350,,,,,,,
2457,TOA Aerus Chain Helm 3 (Hib),991,101,0,0,0,0,0,0,0,0,2682,4,0,0,0,0,0,0,0,0,2682,0,997,0,0,0,994,0,0,0,0,0,0,0,0,0,0,0,0,0,0,,0,,,,,,,,,,,,,,,,,,,,,,,,,,,,,,,,,,,1355,1354,1357,1356,1361,1360,1359,1358,1365,1364,1363,1362,,,,,,,
2458,TOA Aerus Studded Helm 1 (Hib),989,129,0,0,0,0,0,0,0,0,2673,2,0,0,0,0,0,0,0,0,2673,0,995,0,0,0,992,0,0,0,0,0,0,0,0,0,0,0,0,0,0,,0,,,,,,,,,,,,,,,,,,,,,,,,,,,,,,,,,,,1331,1330,1333,1332,1337,1336,1335,1334,1341,1340,1339,1338,,,,,,,
2459,TOA Aerus Studded Helm 2 (Hib),990,129,0,0,0,0,0,0,0,0,2673,4,0,0,0,0,0,0,0,0,2673,0,996,0,0,0,993,0,0,0,0,0,0,0,0,0,0,0,0,0,0,,0,,,,,,,,,,,,,,,,,,,,,,,,,,,,,,,,,,,1343,1342,1345,1344,1349,1348,1347,1346,1353,1352,1351,1350,,,,,,,
2460,TOA Aerus Studded Helm 3 (Hib),991,129,0,0,0,0,0,0,0,0,2673,4,0,0,0,0,0,0,0,0,2673,0,997,0,0,0,994,0,0,0,0,0,0,0,0,0,0,0,0,0,0,,0,,,,,,,,,,,,,,,,,,,,,,,,,,,,,,,,,,,1355,1354,1357,1356,1361,1360,1359,1358,1365,1364,1363,1362,,,,,,,
2461,TOA Aerus Scale Helm 1 (Hib),989,101,0,0,0,0,0,0,0,0,2675,2,0,0,0,0,0,0,0,0,2675,0,995,0,0,0,992,0,0,0,0,0,0,0,0,0,0,0,0,0,0,,0,,,,,,,,,,,,,,,,,,,,,,,,,,,,,,,,,,,1331,1330,1333,1332,1337,1336,1335,1334,1341,1340,1339,1338,,,,,,,
2462,TOA Aerus Scale Helm 2 (Hib),990,101,0,0,0,0,0,0,0,0,2675,4,0,0,0,0,0,0,0,0,2675,0,996,0,0,0,993,0,0,0,0,0,0,0,0,0,0,0,0,0,0,,0,,,,,,,,,,,,,,,,,,,,,,,,,,,,,,,,,,,1343,1342,1345,1344,1349,1348,1347,1346,1353,1352,1351,1350,,,,,,,
2463,TOA Aerus Scale Helm 3 (Hib),991,101,0,0,0,0,0,0,0,0,2675,4,0,0,0,0,0,0,0,0,2675,0,997,0,0,0,994,0,0,0,0,0,0,0,0,0,0,0,0,0,0,,0,,,,,,,,,,,,,,,,,,,,,,,,,,,,,,,,,,,1355,1354,1357,1356,1361,1360,1359,1358,1365,1364,1363,1362,,,,,,,
2464,TOA Aerus Plate Helm 1 (Hib),989,102,0,0,0,0,0,0,0,0,2674,2,0,0,0,0,0,0,0,0,2674,0,995,0,0,0,992,0,0,0,0,0,0,0,0,0,0,0,0,0,0,,0,,,,,,,,,,,,,,,,,,,,,,,,,,,,,,,,,,,1331,1330,1333,1332,1337,1336,1335,1334,1341,1340,1339,1338,,,,,,,
2465,TOA Aerus Plate Helm 2 (Hib),990,102,0,0,0,0,0,0,0,0,2674,4,0,0,0,0,0,0,0,0,2674,0,996,0,0,0,993,0,0,0,0,0,0,0,0,0,0,0,0,0,0,,0,,,,,,,,,,,,,,,,,,,,,,,,,,,,,,,,,,,1343,1342,1345,1344,1349,1348,1347,1346,1353,1352,1351,1350,,,,,,,
2466,TOA Aerus Plate Helm 3 (Hib),991,102,0,0,0,0,0,0,0,0,2674,4,0,0,0,0,0,0,0,0,2674,0,997,0,0,0,994,0,0,0,0,0,0,0,0,0,0,0,0,0,0,,0,,,,,,,,,,,,,,,,,,,,,,,,,,,,,,,,,,,1355,1354,1357,1356,1361,1360,1359,1358,1365,1364,1363,1362,,,,,,,
2467,TridentoftheGods 01 (1H),849,2281,0,0,0,0,0,0,0,0,0,0,0,0,0,0,0,4,1,21,2238,0,0,0,0,0,0,0,0,0,0,0,0,0,0,0,0,0,0,0,0,,0,,,,,2239,,2574,,,,,,,,,,,,,,,,,,,,,,,,,,,,,,,,,,,,,,,,,,,,,,
2468,SpearofKings 01 (1H),850,2283,0,0,0,0,0,0,0,0,0,0,0,0,0,0,0,7,2,21,2240,0,0,0,0,0,0,0,0,0,0,0,0,0,0,0,0,0,0,0,0,,0,,,,,2241,,2574,,,,,,,,,,,,,,,,,,,,,,,,,,,,,,,,,,,,,,,,,,,,,,
2469,Serpent Greaves,1021,2278,0,0,0,0,0,0,0,0,0,0,0,0,0,0,1,13,0,1,2623,0,0,0,0,0,0,0,0,0,0,0,0,0,0,0,0,0,0,0,0,,0,,,,,,,,,,,,,,,,,,,,,,,,,,,,,,,,,,,,,,,,,,,,,,,,,,,,,
2470,ToA Aerus Gift Tunic(Alb) Leather,1,2811,2628,2625,0,0,2631,0,0,0,0,0,1,0,0,0,0,0,0,0,0,0,0,0,0,0,0,0,0,0,0,0,0,0,0,0,0,0,0,0,0,,0,,,,,,,,,,,,,,,,,,,,,1,4942,4939,,,,,,12,,,1,1,,,,,,,,,,,,,,,,,,,,
2471,ToA Aerus Gift Tunic(Mid) Leather,1,2811,2630,2627,0,0,2631,0,0,0,0,0,1,0,0,0,0,0,0,0,0,0,0,0,0,0,0,0,0,0,0,0,0,0,0,0,0,0,0,0,0,,0,,,,,,,,,,,,,,,,,,,,,1,4942,4939,,,,,,12,,,1,1,,,,,,,,,,,,,,,,,,,,
2472,ToA Aerus Gift Tunic(Hib) Leather,1,2811,2629,2626,0,0,2631,0,0,0,0,0,1,0,0,0,0,0,0,0,0,0,0,0,0,0,0,0,0,0,0,0,0,0,0,0,0,0,0,0,0,,0,,,,,,,,,,,,,,,,,,,,,1,4942,4939,,,,,,12,,,1,1,,,,,,,,,,,,,,,,,,,,
2473,ToA Aerus Gift Tunic(Alb) Studded,1,2813,2628,2625,0,0,2631,0,0,0,0,0,1,0,0,0,0,0,0,0,0,0,0,0,0,0,0,0,0,0,0,0,0,0,0,0,0,0,0,0,0,,0,,,,,,,,,,,,,,,,,,,,,1,4940,4937,,,,,,12,,,1,1,,,,,,,,,,,,,,,,,,,,
2474,ToA Aerus Gift Tunic(Mid) Studded,1,2813,2630,2627,0,0,2631,0,0,0,0,0,1,0,0,0,0,0,0,0,0,0,0,0,0,0,0,0,0,0,0,0,0,0,0,0,0,0,0,0,0,,0,,,,,,,,,,,,,,,,,,,,,1,4940,4937,,,,,,12,,,1,1,,,,,,,,,,,,,,,,,,,,
2475,ToA Aerus Gift Tunic(Hib) Studded,1,2813,2629,2626,0,0,2631,0,0,0,0,0,1,0,0,0,0,0,0,0,0,0,0,0,0,0,0,0,0,0,0,0,0,0,0,0,0,0,0,0,0,,0,,,,,,,,,,,,,,,,,,,,,1,4940,4937,,,,,,12,,,1,1,,,,,,,,,,,,,,,,,,,,
2476,ToA Aerus Gift Tunic(Alb) Chain,1,2812,2628,2625,0,0,2631,0,0,0,0,0,1,0,0,0,0,0,0,0,0,0,0,0,0,0,0,0,0,0,0,0,0,0,0,0,0,0,0,0,0,,0,,,,,,,,,,,,,,,,,,,,,1,4940,4937,,,,,,12,,,1,1,,,,,,,,,,,,,,,,,,,,
2477,ToA Aerus Gift Tunic(Mid) Chain,1,2812,2630,2627,0,0,2631,0,0,0,0,0,1,0,0,0,0,0,0,0,0,0,0,0,0,0,0,0,0,0,0,0,0,0,0,0,0,0,0,0,0,,0,,,,,,,,,,,,,,,,,,,,,1,4942,4939,,,,,,12,,,1,1,,,,,,,,,,,,,,,,,,,,
2478,ToA Aerus Gift Tunic(Hib) Chain,1,2812,2629,2626,0,0,2631,0,0,0,0,0,1,0,0,0,0,0,0,0,0,0,0,0,0,0,0,0,0,0,0,0,0,0,0,0,0,0,0,0,0,,0,,,,,,,,,,,,,,,,,,,,,1,4941,4938,,,,,,12,,,1,1,,,,,,,,,,,,,,,,,,,,
2479,ToA Aerus Gift Tunic(Alb) Plate,1,2808,2628,2625,0,0,2631,0,0,0,0,0,1,0,0,0,0,0,0,0,0,0,0,0,0,0,0,0,0,0,0,0,0,0,0,0,0,0,0,0,0,,0,,,,,,,,,,,,,,,,,,,,,1,4940,4937,,,,,,12,,,1,1,,,,,,,,,,,,,,,,,,,,
2480,ToA Aerus Gift Tunic(Hib) Scale,1,2812,2629,2626,0,0,2631,0,0,0,0,0,1,0,0,0,0,0,0,0,0,0,0,0,0,0,0,0,0,0,0,0,0,0,0,0,0,0,0,0,0,,0,,,,,,,,,,,,,,,,,,,,,1,4941,4938,,,,,,12,,,1,1,,,,,,,,,,,,,,,1,,,,,
2481,TOA Aerus Wings leg (Alb/Mid) Chain,1,2832,0,0,0,0,0,2655,0,0,0,0,0,0,0,0,0,0,0,0,0,0,0,0,0,0,0,0,0,0,0,0,0,0,0,0,0,0,0,0,0,,0,,,,,,,,,,,,,,,,,,,,,1,,,,,4952,,,,,,,,,,,,,,,,,,,,,,,,,,,
2482,TOA Aerus Wings leg (Hib) Chain,1,2832,0,0,0,0,0,2656,0,0,0,0,0,0,0,0,0,0,0,0,0,0,0,0,0,0,0,0,0,0,0,0,0,0,0,0,0,0,0,0,0,,0,,,,,,,,,,,,,,,,,,,,,1,,,,,4952,,,,,,,,,,,,,,,,,,,,,,,,,,,
2483,TOA Aerus Wings leg (Alb/Mid) Plate,1,2833,0,0,0,0,0,2655,0,0,0,0,0,0,0,0,0,0,0,0,0,0,0,0,0,0,0,0,0,0,0,0,0,0,0,0,0,0,0,0,0,,0,,,,,,,,,,,,,,,,,,,,,1,,,,,4952,,,,,,,,,,,,,,,,,,,,,,,,,,,
2484,TOA Aerus Wings leg (Hib) Scale,1,2832,0,0,0,0,0,2656,0,0,0,0,0,0,0,0,0,0,0,0,0,0,0,0,0,0,0,0,0,0,0,0,0,0,0,0,0,0,0,0,0,,0,,,,,,,,,,,,,,,,,,,,,1,,,,,4952,,,,,,,,,,,,,,,,,,,,,,,,,,,
2485,TOA Aerus flame boot3 a Leather,1,2836,0,0,0,0,0,0,2647,0,0,0,0,0,0,0,0,0,0,0,0,0,0,0,0,0,0,0,0,0,0,0,0,0,0,0,0,0,0,0,0,,0,,,,,,,,,,,,,,,,,,,,,1,,,,,,4945,,,,3,,,,,,,,,,,,,,,,,,,,,,
2486,TOA Aerus flame boot3 hm Leather,1,2836,0,0,0,0,0,0,2648,0,0,0,0,0,0,0,0,0,0,0,0,0,0,0,0,0,0,0,0,0,0,0,0,0,0,0,0,0,0,0,0,,0,,,,,,,,,,,,,,,,,,,,,1,,,,,,4946,,,,2,,,,,,,,,,,,,,,,,,,,,,
2487,TOA Aerus enyalio boot3 a Plate,1,2838,0,0,0,0,0,0,2645,0,0,0,0,0,0,0,0,0,0,0,0,0,0,0,0,0,0,0,0,0,0,0,0,0,0,0,0,0,0,0,0,,0,,,,,,,,,,,,,,,,,,,,,1,,,,,,4943,,,,3,,,,,,,,,,,,,,,,,,,,,,
2488,TOA Aerus enyalio boot3 hm Studded,1,2839,0,0,0,0,0,0,2646,0,0,0,0,0,0,0,0,0,0,0,0,0,0,0,0,0,0,0,0,0,0,0,0,0,0,0,0,0,0,0,0,,0,,,,,,,,,,,,,,,,,,,,,1,,,,,,4944,,,,7,,,,,,,,,,,,,,,,,,,,,,
2489,TOA Aerus enyalio boot3 a Plate Studded,1,2839,0,0,0,0,0,0,2645,0,0,0,0,0,0,0,0,0,0,0,0,0,0,0,0,0,0,0,0,0,0,0,0,0,0,0,0,0,0,0,0,,0,,,,,,,,,,,,,,,,,,,,,1,,,,,,4943,,,,3,,,,,,,,,,,,,,,,,,,,,,
2490,TOA Aerus fop arm Leather,1,2821,0,0,2649,0,0,0,0,0,0,0,0,0,0,0,0,0,0,0,0,0,0,0,0,0,0,0,0,0,0,0,0,0,0,0,0,0,0,0,0,,0,,,,,,,,,,,,,,,,,,,,,1,,,4947,,,,,,,,,,,,,,,,,,,,,,,,,,,,,
2491,TOA Aerus fop arm Studded,1,2824,0,0,2649,0,0,0,0,0,0,0,0,0,0,0,0,0,0,0,0,0,0,0,0,0,0,0,0,0,0,0,0,0,0,0,0,0,0,0,0,,0,,,,,,,,,,,,,,,,,,,,,1,,,4947,,,,,,,,,,,,,,,,,,,,,,,,,,,,,
2492,Scalar Gloves Cloth,1,2825,0,0,0,2654,0,0,0,0,0,0,0,0,0,0,0,0,0,0,0,0,0,0,0,0,0,0,0,0,0,0,0,0,0,0,0,0,0,0,0,,0,,,,,,,,,,,,,,,,,,,,,1,,,,4951,,,,,3,,,,,,,,,,,,,,,,,,1,,,,,
2493,Scalar Gloves Leather,1,2826,0,0,0,2654,0,0,0,0,0,0,0,0,0,0,0,0,0,0,0,0,0,0,0,0,0,0,0,0,0,0,0,0,0,0,0,0,0,0,0,,0,,,,,,,,,,,,,,,,,,,,,1,,,,4951,,,,,3,,,,,,,,,,,,,,,,,,,,,,,
2494,Scalar Gloves Studded,1,2829,0,0,0,2654,0,0,0,0,0,0,0,0,0,0,0,0,0,0,0,0,0,0,0,0,0,0,0,0,0,0,0,0,0,0,0,0,0,0,0,,0,,,,,,,,,,,,,,,,,,,,,1,,,,4951,,,,,3,,,,,,,,,,,,,,,,,,,,,,,
2495,Scalar Gloves Chain,1,2827,0,0,0,2654,0,0,0,0,0,0,0,0,0,0,0,0,0,0,0,0,0,0,0,0,0,0,0,0,0,0,0,0,0,0,0,0,0,0,0,,0,,,,,,,,,,,,,,,,,,,,,1,,,,4951,,,,,3,,,,,,,,,,,,,,,,,,1,,,,,
2496,Stygia Scarab Chest(Alb) Studded,1,2813,2587,2584,0,0,2590,0,0,0,0,0,1,0,0,0,0,0,0,0,0,0,0,0,0,0,0,0,0,0,0,0,0,0,0,0,0,0,0,0,0,,0,,,,,,,,,,,,,,,,,,,,,1,4935,4933,,,,,,1,,,1,1,,,,,,,,,,,,,,,1,,,,,
2497,Stygia Scarab Chest(Mid) Studded,1,2813,2589,2586,0,0,2583,0,0,0,0,0,1,0,0,0,0,0,0,0,0,0,0,0,0,0,0,0,0,0,0,0,0,0,0,0,0,0,0,0,0,,0,,,,,,,,,,,,,,,,,,,,,1,4935,4933,,,,,,1,,,1,1,,,,,,,,,,,,,,,1,,,,,
2498,Stygia Scarab Chest(Hib) Studded,1,2813,2588,2585,0,0,2583,0,0,0,0,0,1,0,0,0,0,0,0,0,0,0,0,0,0,0,0,0,0,0,0,0,0,0,0,0,0,0,0,0,0,,0,,,,,,,,,,,,,,,,,,,,,1,4935,4933,,,,,,1,,,1,1,,,,,,,,,,,,,,,1,,,,,
2499,Stygia Naliah Chest(Alb) Leather,1,105,2580,2577,0,0,2583,0,0,0,0,0,1,0,0,0,0,0,0,0,0,0,0,0,0,0,0,0,0,0,0,0,0,0,0,0,0,0,0,0,0,,0,,,,,,,,,,,,,,,,,,,,,1,5103,5102,,,,,,16,5,5,-1,-1,,,,,,,,,,,,,,,,,,,,
2500,TOA Oceanus winds arm Cloth,1,2820,0,0,2650,0,0,0,0,0,0,0,0,0,0,0,0,0,0,0,0,0,0,0,0,0,0,0,0,0,0,0,0,0,0,0,0,0,0,0,0,,0,,,,,,,,,,,,,,,,,,,,,1,,,4948,,,,,,,,,,,,,,,,,,,,,,,,,,,,,
2501,TOA Oceanus winds arm Leather,1,2821,0,0,2650,0,0,0,0,0,0,0,0,0,0,0,0,0,0,0,0,0,0,0,0,0,0,0,0,0,0,0,0,0,0,0,0,0,0,0,0,,0,,,,,,,,,,,,,,,,,,,,,1,,,4948,,,,,,,,,,,,,,,,,,,,,,,,,,,,,
2502,TOA Oceanus winds arm Studded,1,2824,0,0,2650,0,0,0,0,0,0,0,0,0,0,0,0,0,0,0,0,0,0,0,0,0,0,0,0,0,0,0,0,0,0,0,0,0,0,0,0,,0,,,,,,,,,,,,,,,,,,,,,1,,,4948,,,,,,,,,,,,,,,,,,,,,,,,,,,,,
2503,TOA Oceanus winds arm Plate,1,2823,0,0,2650,0,0,0,0,0,0,0,0,0,0,0,0,0,0,0,0,0,0,0,0,0,0,0,0,0,0,0,0,0,0,0,0,0,0,0,0,,0,,,,,,,,,,,,,,,,,,,,,1,,,4948,,,,,,,,,,,,,,,,,,,,,,,,,,,,,
2504,Alvarus Legs (Alb/Mid) Cloth,1,2830,0,0,0,0,0,2652,0,0,0,0,0,0,0,0,0,0,0,0,0,0,0,0,0,0,0,0,0,0,0,0,0,0,0,0,0,0,0,0,0,,0,,,,,,,,,,,,,,,,,,,,,1,,,,,4950,,,,,,,,,,,,,,,,,,,,,,,,,,,
2505,Alvarus Legs (Hib) Cloth,1,2830,0,0,0,0,0,2653,0,0,0,0,0,0,0,0,0,0,0,0,0,0,0,0,0,0,0,0,0,0,0,0,0,0,0,0,0,0,0,0,0,,0,,,,,,,,,,,,,,,,,,,,,1,,,,,4950,,,,,,,,,,,,,,,,,,,,,,,,,,,
2506,Alvarus Legs (Alb/Mid) Leather,1,2831,0,0,0,0,0,2652,0,0,0,0,0,0,0,0,0,0,0,0,0,0,0,0,0,0,0,0,0,0,0,0,0,0,0,0,0,0,0,0,0,,0,,,,,,,,,,,,,,,,,,,,,1,,,,,4950,,,,,,,,,,,,,,,,,,,,,,,,,,,
2507,Alvarus Legs (Hib) Leather,1,2831,0,0,0,0,0,2653,0,0,0,0,0,0,0,0,0,0,0,0,0,0,0,0,0,0,0,0,0,0,0,0,0,0,0,0,0,0,0,0,0,,0,,,,,,,,,,,,,,,,,,,,,1,,,,,4950,,,,,,,,,,,,,,,,,,,,,,,,,,,
2508,Alvarus Legs (Alb/Mid) Studded,1,2834,0,0,0,0,0,2652,0,0,0,0,0,0,0,0,0,0,0,0,0,0,0,0,0,0,0,0,0,0,0,0,0,0,0,0,0,0,0,0,0,,0,,,,,,,,,,,,,,,,,,,,,1,,,,,4950,,,,,,,,,,,,,,,,,,,,,,,,,,,
2509,Alvarus Legs (Hib) Studded,1,2834,0,0,0,0,0,2653,0,0,0,0,0,0,0,0,0,0,0,0,0,0,0,0,0,0,0,0,0,0,0,0,0,0,0,0,0,0,0,0,0,,0,,,,,,,,,,,,,,,,,,,,,1,,,,,4950,,,,,,,,,,,,,,,,,,,,,,,,,,,
2510,Alvarus Legs (Alb/Mid) Plate,1,2833,0,0,0,0,0,2652,0,0,0,0,0,0,0,0,0,0,0,0,0,0,0,0,0,0,0,0,0,0,0,0,0,0,0,0,0,0,0,0,0,,0,,,,,,,,,,,,,,,,,,,,,1,,,,,4950,,,,,,,,,,,,,,,,,,,,,,,,,,,
2511,ToA Oceanus Eirene Chestplate (Alb) Chain,1,2812,2687,2684,0,0,2690,0,0,0,0,0,5,0,0,0,0,0,0,0,0,0,0,0,0,0,0,0,0,0,2,0,0,0,0,0,0,0,0,0,0,,0,,,,,,,,,,,,,,,,,,,,,1,4956,4955,,,,,,12,,,1,1,,,,,,,,,,,,,,,,,,,,
2512,Aerus Leather Robe(Alb),1,105,2508,2505,2710,0,2711,0,0,0,0,0,3,3,0,0,0,0,0,0,0,0,0,0,0,0,0,0,0,0,0,0,0,0,0,0,0,0,0,0,0,,0,,,,,,,,,,,,,,,,,,,,,1,5118,5114,,,,,,21,,,1,1,,,,,,,,,,,,,,,,,,,,
2513,Volcanus Leather Robe(Alb),1,105,2424,2421,2718,0,2719,0,0,0,0,0,3,3,0,0,0,0,0,0,0,0,0,0,0,0,0,0,0,0,0,0,0,0,0,0,0,0,0,0,0,,0,,,,,,,,,,,,,,,,,,,,,1,5119,5117,,,,,,21,,,1,1,,,,,,,,,,,,,,,,,,,,
2514,Oceanus Leather Robe Alb,1,105,2226,2223,2712,0,2713,0,0,0,0,0,3,3,0,0,0,0,0,0,0,0,0,0,0,0,0,0,0,0,0,0,0,0,0,0,0,0,0,0,0,,0,,,,,,,,,,,,,,,,,,,,,1,5120,5115,,,,,,21,,,1,1,,,,,,,,,,,,,,,,,,,,
2515,Stygia Leather Robe(Alb),1,105,2340,2337,2714,0,2715,0,0,0,0,0,3,3,0,0,0,0,0,0,0,0,0,0,0,0,0,0,0,0,0,0,0,0,0,0,0,0,0,0,0,,0,,,,,,,,,,,,,,,,,,,,,1,5121,5116,,,,,,21,,,1,1,,,,,,,,,,,,,,,,,,,,
2516,Stygia Naliah Robe(Alb) Cloth,1,2814,2580,2577,2716,0,2717,0,0,0,0,0,3,3,0,0,0,0,0,0,0,0,0,0,0,0,0,0,0,0,0,0,0,0,0,0,0,0,0,0,0,,0,,,,,,,,,,,,,,,,,,,,,1,4928,4925,,,,,,16,5,5,-1,-1,,,,,,,,,,,,,,,1,,,,,
2517,Stygia Naliah Robe(Hib) Cloth,1,2814,2581,2578,2716,0,2717,0,0,0,0,0,3,3,0,0,0,0,0,0,0,0,0,0,0,0,0,0,0,0,0,0,0,0,0,0,0,0,0,0,0,,0,,,,,,,,,,,,,,,,,,,,,1,4929,4926,,,,,,16,5,5,-1,-1,,,,,,,,,,,,,,,1,,,,,
2518,Stygia Naliah Robe(Alb) Leather,1,2814,2580,2577,2716,0,2717,0,0,0,0,0,3,3,0,0,0,0,0,0,0,0,0,0,0,0,0,0,0,0,0,0,0,0,0,0,0,0,0,0,0,,0,,,,,,,,,,,,,,,,,,,,,1,4928,4925,,,,,,16,5,5,-1,-1,,,,,,,,,,,,,,,,,,,,
2519,Atlantis Teleporter,1022,1,0,0,0,0,0,0,0,0,0,0,0,0,0,0,0,0,0,0,0,0,0,0,0,0,0,0,0,0,0,0,0,0,0,0,0,0,0,0,0,,0,,,,,,,,1,,,,,,,,,,,,,,,,,,,,,,,,,,,,,,,,,,,,,,,,,,,,,
2520,Green Ring,1,2249,0,0,0,0,0,0,0,0,0,0,0,0,0,0,0,0,0,0,0,0,0,0,0,0,0,0,0,0,0,0,0,0,0,0,0,0,0,0,0,,0,,,,,,,,,,,,,,,,,,,,,,,,,,,,,,,,,,,,,,,,,,,,,,,,,,,,,
2521,Red Ring,1,2250,0,0,0,0,0,0,0,0,0,0,0,0,0,0,0,0,0,0,0,0,0,0,0,0,0,0,0,0,0,0,0,0,0,0,0,0,0,0,0,,0,,,,,,,,,,,,,,,,,,,,,,,,,,,,,,,,,,,,,,,,,,,,,,,,,,,,,
2522,Blue Ring,1,2251,0,0,0,0,0,0,0,0,0,0,0,0,0,0,0,0,0,0,0,0,0,0,0,0,0,0,0,0,0,0,0,0,0,0,0,0,0,0,0,,0,,,,,,,,,,,,,,,,,,,,,,,,,,,,,,,,,,,,,,,,,,,,,,,,,,,,,
2523,White Ring,1,2252,0,0,0,0,0,0,0,0,0,0,0,0,0,0,0,0,0,0,0,0,0,0,0,0,0,0,0,0,0,0,0,0,0,0,0,0,0,0,0,,0,,,,,,,,,,,,,,,,,,,,,,,,,,,,,,,,,,,,,,,,,,,,,,,,,,,,,
2524,Purple Ring,1,2253,0,0,0,0,0,0,0,0,0,0,0,0,0,0,0,0,0,0,0,0,0,0,0,0,0,0,0,0,0,0,0,0,0,0,0,0,0,0,0,,0,,,,,,,,,,,,,,,,,,,,,,,,,,,,,,,,,,,,,,,,,,,,,,,,,,,,,
2525,Yellow Ring,1,2254,0,0,0,0,0,0,0,0,0,0,0,0,0,0,0,0,0,0,0,0,0,0,0,0,0,0,0,0,0,0,0,0,0,0,0,0,0,0,0,,0,,,,,,,,,,,,,,,,,,,,,,,,,,,,,,,,,,,,,,,,,,,,,,,,,,,,,
2526,Pearlescent Ring,1,2255,0,0,0,0,0,0,0,0,0,0,0,0,0,0,0,0,0,0,0,0,0,0,0,0,0,0,0,0,0,0,0,0,0,0,0,0,0,0,0,,0,,,,,,,,,,,,,,,,,,,,,,,,,,,,,,,,,,,,,,,,,,,,,,,,,,,,,
2527,Transient Rune,1024,1,0,0,0,0,0,0,0,0,0,0,0,0,0,0,0,0,0,0,0,0,0,0,0,0,0,0,0,0,0,0,0,0,0,0,0,0,0,0,0,,0,,,,,,,,,,,,,,,,,,,,,,,,,,,,,,,,,,,,,,,,,,,,,,,,,,,,,
2528,trophy cetus,1,544,0,0,0,0,0,0,0,0,0,0,0,0,0,0,0,0,0,0,0,0,0,0,0,0,0,0,0,0,0,0,0,0,1025,0,0,0,0,0,0,1,0,,,,,,,,,,,,,,,,,,,,,,,,,,,,,,,,,,,,,,,,,,,,,,,,,,,,,
2529,trophy manticor,1,544,0,0,0,0,0,0,0,0,0,0,0,0,0,0,0,0,0,0,0,0,0,0,0,0,0,0,0,0,0,0,0,0,1026,0,0,0,0,0,0,1,0,,,,,,,,,,,,,,,,,,,,,,,,,,,,,,,,,,,,,,,,,,,,,,,,,,,,,
2530,trophy talos,1,544,0,0,0,0,0,0,0,0,0,0,0,0,0,0,0,0,0,0,0,0,0,0,0,0,0,0,0,0,0,0,0,0,1027,0,0,0,0,0,0,1,0,,,,,,,,,,,,,,,,,,,,,,,,,,,,,,,,,,,,,,,,,,,,,,,,,,,,,
2531,trophy typhon,1,544,0,0,0,0,0,0,0,0,0,0,0,0,0,0,0,0,0,0,0,0,0,0,0,0,0,0,0,0,0,0,0,0,1028,0,0,0,0,0,0,1,0,,,,,,,,,,,,,,,,,,,,,,,,,,,,,,,,,,,,,,,,,,,,,,,,,,,,,
2532,trophy ammut,1,544,0,0,0,0,0,0,0,0,0,0,0,0,0,0,0,0,0,0,0,0,0,0,0,0,0,0,0,0,0,0,0,0,1029,0,0,0,0,0,0,1,0,,,,,,,,,,,,,,,,,,,,,,,,,,,,,,,,,,,,,,,,,,,,,,,,,,,,,
2533,trophy barracuda,1,544,0,0,0,0,0,0,0,0,0,0,0,0,0,0,0,0,0,0,0,0,0,0,0,0,0,0,0,0,0,0,0,0,1030,0,0,0,0,0,0,1,0,,,,,,,,,,,,,,,,,,,,,,,,,,,,,,,,,,,,,,,,,,,,,,,,,,,,,
2534,trophy Chimera,1,544,0,0,0,0,0,0,0,0,0,0,0,0,0,0,0,0,0,0,0,0,0,0,0,0,0,0,0,0,0,0,0,0,1031,0,0,0,0,0,0,1,0,,,,,,,,,,,,,,,,,,,,,,,,,,,,,,,,,,,,,,,,,,,,,,,,,,,,,
2535,trophy medusa,1,544,0,0,0,0,0,0,0,0,0,0,0,0,0,0,0,0,0,0,0,0,0,0,0,0,0,0,0,0,0,0,0,0,1032,0,0,0,0,0,0,1,0,,,,,,,,,,,,,,,,,,,,,,,,,,,,,,,,,,,,,,,,,,,,,,,,,,,,,
2536,trophy phoenix,1,544,0,0,0,0,0,0,0,0,0,0,0,0,0,0,0,0,0,0,0,0,0,0,0,0,0,0,0,0,0,0,0,0,1033,0,0,0,0,0,0,1,0,,,,,,,,,,,,,,,,,,,,,,,,,,,,,,,,,,,,,,,,,,,,,,,,,,,,,
2537,trophy runihura,1,544,0,0,0,0,0,0,0,0,0,0,0,0,0,0,0,0,0,0,0,0,0,0,0,0,0,0,0,0,0,0,0,0,1034,0,0,0,0,0,0,1,0,,,,,,,,,,,,,,,,,,,,,,,,,,,,,,,,,,,,,,,,,,,,,,,,,,,,,
2538,�� Black poison,1,2256,0,0,0,0,0,0,0,0,0,0,0,0,0,0,0,0,0,0,0,0,0,0,0,0,0,0,0,0,0,0,0,0,0,0,0,0,0,0,0,0,0,,,,,,,,,,,,,,,,,,,,,,,,,,,,,,,,,,,,,,,,,,,,,,,,,,,,,
2539,�� Purple poison,1,2257,0,0,0,0,0,0,0,0,0,0,0,0,0,0,0,0,0,0,0,0,0,0,0,0,0,0,0,0,0,0,0,0,0,0,0,0,0,0,0,0,0,,,,,,,,,,,,,,,,,,,,,,,,,,,,,,,,,,,,,,,,,,,,,,,,,,,,,
2540,Yellow poison,1,2258,0,0,0,0,0,0,0,0,0,0,0,0,0,0,0,0,0,0,0,0,0,0,0,0,0,0,0,0,0,0,0,0,0,0,0,0,0,0,0,0,0,,,,,,,,,,,,,,,,,,,,,,,,,,,,,,,,,,,,,,,,,,,,,,,,,,,,,
2541,Blue poison,1,2259,0,0,0,0,0,0,0,0,0,0,0,0,0,0,0,0,0,0,0,0,0,0,0,0,0,0,0,0,0,0,0,0,0,0,0,0,0,0,0,0,0,,,,,,,,,,,,,,,,,,,,,,,,,,,,,,,,,,,,,,,,,,,,,,,,,,,,,
2542,�� Aqua poison,1,2260,0,0,0,0,0,0,0,0,0,0,0,0,0,0,0,0,0,0,0,0,0,0,0,0,0,0,0,0,0,0,0,0,0,0,0,0,0,0,0,0,0,,,,,,,,,,,,,,,,,,,,,,,,,,,,,,,,,,,,,,,,,,,,,,,,,,,,,
2543,�� clear potion,1,2261,0,0,0,0,0,0,0,0,0,0,0,0,0,0,0,0,0,0,0,0,0,0,0,0,0,0,0,0,0,0,0,0,0,0,0,0,0,0,0,0,0,,,,,,,,,,,,,,,,,,,,,,,,,,,,,,,,,,,,,,,,,,,,,,,,,,,,,
2544,�� green potion,1,2262,0,0,0,0,0,0,0,0,0,0,0,0,0,0,0,0,0,0,0,0,0,0,0,0,0,0,0,0,0,0,0,0,0,0,0,0,0,0,0,0,0,,,,,,,,,,,,,,,,,,,,,,,,,,,,,,,,,,,,,,,,,,,,,,,,,,,,,
2545,���� yellow potion,1,2263,0,0,0,0,0,0,0,0,0,0,0,0,0,0,0,0,0,0,0,0,0,0,0,0,0,0,0,0,0,0,0,0,0,0,0,0,0,0,0,0,0,,,,,,,,,,,,,,,,,,,,,,,,,,,,,,,,,,,,,,,,,,,,,,,,,,,,,
2546,orange potion,1,2264,0,0,0,0,0,0,0,0,0,0,0,0,0,0,0,0,0,0,0,0,0,0,0,0,0,0,0,0,0,0,0,0,0,0,0,0,0,0,0,0,0,,,,,,,,,,,,,,,,,,,,,,,,,,,,,,,,,,,,,,,,,,,,,,,,,,,,,
2547,red potion,1,2265,0,0,0,0,0,0,0,0,0,0,0,0,0,0,0,0,0,0,0,0,0,0,0,0,0,0,0,0,0,0,0,0,0,0,0,0,0,0,0,0,0,,,,,,,,,,,,,,,,,,,,,,,,,,,,,,,,,,,,,,,,,,,,,,,,,,,,,
2548,�� purple potion,1,2266,0,0,0,0,0,0,0,0,0,0,0,0,0,0,0,0,0,0,0,0,0,0,0,0,0,0,0,0,0,0,0,0,0,0,0,0,0,0,0,0,0,,,,,,,,,,,,,,,,,,,,,,,,,,,,,,,,,,,,,,,,,,,,,,,,,,,,,
2549,�� blue potion,1,2267,0,0,0,0,0,0,0,0,0,0,0,0,0,0,0,0,0,0,0,0,0,0,0,0,0,0,0,0,0,0,0,0,0,0,0,0,0,0,0,0,0,,,,,,,,,,,,,,,,,,,,,,,,,,,,,,,,,,,,,,,,,,,,,,,,,,,,,
2550,rainbow potion,1,2268,0,0,0,0,0,0,0,0,0,0,0,0,0,0,0,0,0,0,0,0,0,0,0,0,0,0,0,0,0,0,0,0,0,0,0,0,0,0,0,0,0,,,,,,,,,,,,,,,,,,,,,,,,,,,,,,,,,,,,,,,,,,,,,,,,,,,,,
2567,TOA_A_Cr_AerusMace01(Midgard),965,210,0,0,0,0,0,0,0,0,0,0,0,0,0,1,0,1,0,5,2635,0,0,0,0,0,0,0,0,0,0,0,0,0,0,0,0,0,0,0,0,0,0,,,,,,,,,,,,,,,,,,,,,,,,,,,,,,,,,,,,,,,,,,,,,,,,,,,,,
2568,trophy cyclops,1,544,0,0,0,0,0,0,0,0,0,0,0,0,0,0,0,0,0,0,0,0,0,0,0,0,0,0,0,0,0,0,0,0,1051,0,0,0,0,0,0,1,0,,,,,,,,,,,,,,,,,,,,,,,,,,,,,,,,,,,,,,,,,,,,,,,,,,,,,
2569,trophy Octopus,1,544,0,0,0,0,0,0,0,0,0,0,0,0,0,0,0,0,0,0,0,0,0,0,0,0,0,0,0,0,0,0,0,0,1052,0,0,0,0,0,0,1,0,,,,,,,,,,,,,,,,,,,,,,,,,,,,,,,,,,,,,,,,,,,,,,,,,,,,,
2570,trophy samut,1,544,0,0,0,0,0,0,0,0,0,0,0,0,0,0,0,0,0,0,0,0,0,0,0,0,0,0,0,0,0,0,0,0,1053,0,0,0,0,0,0,1,0,,,,,,,,,,,,,,,,,,,,,,,,,,,,,,,,,,,,,,,,,,,,,,,,,,,,,
2571,trophy scarab,1,544,0,0,0,0,0,0,0,0,0,0,0,0,0,0,0,0,0,0,0,0,0,0,0,0,0,0,0,0,0,0,0,0,1054,0,0,0,0,0,0,1,0,,,,,,,,,,,,,,,,,,,,,,,,,,,,,,,,,,,,,,,,,,,,,,,,,,,,,
2572,trophy stygian lion,1,544,0,0,0,0,0,0,0,0,0,0,0,0,0,0,0,0,0,0,0,0,0,0,0,0,0,0,0,0,0,0,0,0,1055,0,0,0,0,0,0,1,0,,,,,,,,,,,,,,,,,,,,,,,,,,,,,,,,,,,,,,,,,,,,,,,,,,,,,
2573,trophy Gorgon,1,543,0,0,0,0,0,0,0,0,0,0,0,0,0,0,0,0,0,0,0,0,0,0,0,0,0,0,0,0,0,0,0,0,1056,0,0,0,0,0,0,1,0,,,,,,,,,,,,,,,,,,,,,,,,,,,,,,,,,,,,,,,,,,,,,,,,,,,,,
2574,trophy iaculi,1,544,0,0,0,0,0,0,0,0,0,0,0,0,0,0,0,0,0,0,0,0,0,0,0,0,0,0,0,0,0,0,0,0,1057,0,0,0,0,0,0,1,0,,,,,,,,,,,,,,,,,,,,,,,,,,,,,,,,,,,,,,,,,,,,,,,,,,,,,
2575,trophy Minotaur lt,1,543,0,0,0,0,0,0,0,0,0,0,0,0,0,0,0,0,0,0,0,0,0,0,0,0,0,0,0,0,0,0,0,0,1058,0,0,0,0,0,0,1,0,,,,,,,,,,,,,,,,,,,,,,,,,,,,,,,,,,,,,,,,,,,,,,,,,,,,,
2576,trophy Nereid lt,1,544,0,0,0,0,0,0,0,0,0,0,0,0,0,0,0,0,0,0,0,0,0,0,0,0,0,0,0,0,0,0,0,0,1059,0,0,0,0,0,0,1,0,,,,,,,,,,,,,,,,,,,,,,,,,,,,,,,,,,,,,,,,,,,,,,,,,,,,,
2577,trophy qebeh,1,544,0,0,0,0,0,0,0,0,0,0,0,0,0,0,0,0,0,0,0,0,0,0,0,0,0,0,0,0,0,0,0,0,1060,0,0,0,0,0,0,1,0,,,,,,,,,,,,,,,,,,,,,,,,,,,,,,,,,,,,,,,,,,,,,,,,,,,,,
2578,trophy stingray,1,544,0,0,0,0,0,0,0,0,0,0,0,0,0,0,0,0,0,0,0,0,0,0,0,0,0,0,0,0,0,0,0,0,1061,0,0,0,0,0,0,1,0,,,,,,,,,,,,,,,,,,,,,,,,,,,,,,,,,,,,,,,,,,,,,,,,,,,,,
2579,trophy triton lt,1,544,0,0,0,0,0,0,0,0,0,0,0,0,0,0,0,0,0,0,0,0,0,0,0,0,0,0,0,0,0,0,0,0,1062,0,0,0,0,0,0,1,0,,,,,,,,,,,,,,,,,,,,,,,,,,,,,,,,,,,,,,,,,,,,,,,,,,,,,
2580,trophy Uraeus,1,544,0,0,0,0,0,0,0,0,0,0,0,0,0,0,0,0,0,0,0,0,0,0,0,0,0,0,0,0,0,0,0,0,1063,0,0,0,0,0,0,1,0,,,,,,,,,,,,,,,,,,,,,,,,,,,,,,,,,,,,,,,,,,,,,,,,,,,,,
2581,Ward - Determination,1064,1,0,0,0,0,0,0,0,0,0,0,0,0,0,0,0,0,0,0,0,0,0,0,0,0,0,0,0,0,0,0,0,0,0,0,0,0,0,0,0,0,0,,,,,,,,,,,,27,28,29,,,,,,,,,,,,,,,,,,,,,,,,,,,,,,,,,,,,,,,
2582,Ward - Dissonating,1064,1,0,0,0,0,0,0,0,0,0,0,0,0,0,0,0,0,0,0,0,0,0,0,0,0,0,0,0,0,0,0,0,0,0,0,0,0,0,0,0,0,0,,,,,,,,,,,,30,31,32,,,,,,,,,,,,,,,,,,,,,,,,,,,,,,,,,,,,,,,
2583,Ward - FontofPower,1064,1,0,0,0,0,0,0,0,0,0,0,0,0,0,0,0,0,0,0,0,0,0,0,0,0,0,0,0,0,0,0,0,0,0,0,0,0,0,0,0,0,0,,,,,,,,,,,,33,34,35,,,,,,,,,,,,,,,,,,,,,,,,,,,,,,,,,,,,,,,
2584,Ward - Prescience,1064,1,0,0,0,0,0,0,0,0,0,0,0,0,0,0,0,0,0,0,0,0,0,0,0,0,0,0,0,0,0,0,0,0,0,0,0,0,0,0,0,0,0,,,,,,,,,,,,36,37,38,,,,,,,,,,,,,,,,,,,,,,,,,,,,,,,,,,,,,,,
2585,Ward - Rejuvenation,1064,1,0,0,0,0,0,0,0,0,0,0,0,0,0,0,0,0,0,0,0,0,0,0,0,0,0,0,0,0,0,0,0,0,0,0,0,0,0,0,0,0,0,,,,,,,,,,,,39,40,41,,,,,,,,,,,,,,,,,,,,,,,,,,,,,,,,,,,,,,,
2586,Ward - Speedwarp,1064,1,0,0,0,0,0,0,0,0,0,0,0,0,0,0,0,0,0,0,0,0,0,0,0,0,0,0,0,0,0,0,0,0,0,0,0,0,0,0,0,0,0,,,,,,,,,,,,42,43,44,,,,,,,,,,,,,,,,,,,,,,,,,,,,,,,,,,,,,,,
2587,Shark Trophy,1,544,0,0,0,0,0,0,0,0,0,0,0,0,0,0,0,0,0,0,0,0,0,0,0,0,0,0,0,0,0,0,0,0,1065,0,0,0,0,0,0,0,0,,,,,,,,,,,,,,,,,,,,,,,,,,,,,,,,,,,,,,,,,,,,,,,,,,,,,
2588,Rune - Dissonancetrap,1067,1,0,0,0,0,0,0,0,0,0,0,0,0,0,0,0,0,0,0,0,0,0,0,0,0,0,0,0,0,0,0,0,0,0,0,0,0,0,0,0,0,0,,,,,,,,,,,,45,47,46,,,,,,,,,,,,,,,,,,,,,,,,,,,,,,,,,,,,,,,
2589,Rune - Poisonspike,1067,1,0,0,0,0,0,0,0,0,0,0,0,0,0,0,0,0,0,0,0,0,0,0,0,0,0,0,0,0,0,0,0,0,0,0,0,0,0,0,0,0,0,,,,,,,,,,,,48,50,49,,,,,,,,,,,,,,,,,,,,,,,,,,,,,,,,,,,,,,,
2590,Rune - Powertrap,1067,1,0,0,0,0,0,0,0,0,0,0,0,0,0,0,0,0,0,0,0,0,0,0,0,0,0,0,0,0,0,0,0,0,0,0,0,0,0,0,0,0,0,,,,,,,,,,,,51,53,52,,,,,,,,,,,,,,,,,,,,,,,,,,,,,,,,,,,,,,,
2591,Rune - Siegewrecker,1067,1,0,0,0,0,0,0,0,0,0,0,0,0,0,0,0,0,0,0,0,0,0,0,0,0,0,0,0,0,0,0,0,0,0,0,0,0,0,0,0,0,0,,,,,,,,,,,,54,56,55,,,,,,,,,,,,,,,,,,,,,,,,,,,,,,,,,,,,,,,
2592,Rune - Tanglesnare,1067,1,0,0,0,0,0,0,0,0,0,0,0,0,0,0,0,0,0,0,0,0,0,0,0,0,0,0,0,0,0,0,0,0,0,0,0,0,0,0,0,0,0,,,,,,,,,,,,57,59,58,,,,,,,,,,,,,,,,,,,,,,,,,,,,,,,,,,,,,,,
2594,Frontiers Mounted Ballista,1069,2245,0,0,0,0,0,0,0,0,0,0,0,0,0,0,0,0,0,16,0,0,0,0,0,0,0,0,0,0,0,0,0,0,1069,0,0,0,0,0,0,0,0,,,,,,,,,2394,2394,,,,,2395,2396,1,,,,,,,,,,,,,,,,,,,,,,,,,,,,,,,,,,,,
2595,Serpent Artifact Icon,1,2275,0,0,0,0,0,0,0,0,0,0,0,0,0,0,0,0,0,0,0,0,0,0,0,0,0,0,0,0,0,0,0,0,0,0,0,0,0,0,0,0,0,,,,,,,,,,,,,,,,,,,,,,,,,,,,,,,,,,,,,,,,,,,,,,,,,,,,,
2596,Frontiers Ranged Ballista,1070,2245,0,0,0,0,0,0,0,0,0,0,0,0,0,0,0,0,0,16,0,0,0,0,0,0,0,0,0,0,0,0,0,0,1070,0,0,0,0,0,0,0,0,,,,,,,,,2401,2403,,,,,2402,2400,1,,,,,,,,,,,,,,,,,,,,,,,,,,,,,,,,,,,,
2597,Frontiers Mounted Catapult,1071,2248,0,0,0,0,0,0,0,0,0,0,0,0,0,0,0,0,0,17,0,0,0,0,0,0,0,0,0,0,0,0,0,0,1071,0,0,0,0,0,0,0,0,,,,,,,,,2399,2399,,,,,2397,2398,2,,,,,,,,,,,,,,,,,,,,,,,,,,,,,,,,,,,,
2598,Ranged Catapult,1072,2248,0,0,0,0,0,0,0,0,0,0,0,0,0,0,0,0,0,17,0,0,0,0,0,0,0,0,0,0,0,0,0,0,1072,0,0,0,0,0,0,0,0,,,,,,,,,2405,2407,,,,,2406,2404,2,,,,,,,,,,,,,,,,,,,,,,,,,,,,,,,,,,,,
2599,Frontiers Ranged Trebuchet,1073,2247,0,0,0,0,0,0,0,0,0,0,0,0,0,0,0,0,0,18,0,0,0,0,0,0,0,0,0,0,0,0,0,0,1073,0,0,0,0,0,0,0,0,,,,,,,,,2410,2409,,,,,2408,2411,3,,,,,,,,,,,,,,,,,,,,,,,,,,,,,,,,,,,,
2600,Light Siege Ram,1074,2246,0,0,0,0,0,0,0,0,0,0,0,0,0,0,0,0,0,12,0,0,0,0,0,0,0,0,0,0,0,0,0,0,1074,0,0,0,0,0,0,0,0,,,,,,,,,2414,2417,,,,,2415,2416,,,,,,,,,,,,,,,,,,,,,,,,,,,,,,,,,,,,,
2601,Medium Siege Ram,1075,2246,0,0,0,0,0,0,0,0,0,0,0,0,0,0,0,0,0,12,0,0,0,0,0,0,0,0,0,0,0,0,0,0,1075,0,0,0,0,0,0,0,0,,,,,,,,,2414,2417,,,,,2415,2416,,,,,,,,,,,,,,,,,,,,,,,,,,,,,,,,,,,,,
2602,Heavy Siege Ram,1076,2246,0,0,0,0,0,0,0,0,0,0,0,0,0,0,0,0,0,12,0,0,0,0,0,0,0,0,0,0,0,0,0,0,1076,0,0,0,0,0,0,0,0,,,,,,,,,2414,2417,,,,,2415,2416,,,,,,,,,,,,,,,,,,,,,,,,,,,,,,,,,,,,,
2603,Frontiers Portal Stone,1077,1,0,0,0,0,0,0,0,0,0,0,0,0,0,0,0,0,0,0,0,0,0,0,0,0,0,0,0,0,0,0,0,0,0,0,0,0,0,0,0,0,0,,,,,,,,1,,,,,,,,,,,,,,,,,,,,,,,,,,,,,,,,,,,,,,,,,,,,,
2604,Frontiers Scorpion,1078,2245,0,0,0,0,0,0,0,0,0,0,0,0,0,0,0,0,0,15,0,0,0,0,0,0,0,0,0,0,0,0,0,0,0,0,0,0,0,0,0,0,0,,,,,,,,,2419,2419,,,,,2418,2420,4,,,,,,,,,,,,,,,,,,,,,,,,,,,,,,,,,,,,
2605,Frontiers Mini Ram,1079,2246,0,0,0,0,0,0,0,0,0,0,0,0,0,0,0,0,0,12,0,0,0,0,0,0,0,0,0,0,0,0,0,0,0,0,0,0,0,0,0,0,0,,,,,,,,,2414,2417,,,,,2415,2416,,,,,,,,,,,,,,,,,,,,,,,,,,,,,,,,,,,,,
2606,Frontiers Mounted Trebuchet,1080,2247,0,0,0,0,0,0,0,0,0,0,0,0,0,0,0,0,0,18,0,0,0,0,0,0,0,0,0,0,0,0,0,0,1073,0,0,0,0,0,0,0,0,,,,,,,,,2492,2409,,,,,2491,2493,3,,,,,,,,,,,,,,,,,,,,,,,,,,,,,,,,,,,,
2607,Frontiers Boiling Oil,1081,2273,0,0,0,0,0,0,0,0,0,0,0,0,0,0,0,0,0,11,0,0,0,0,0,0,0,0,0,0,0,0,0,0,1081,0,0,0,0,0,0,0,0,,,,,,,,1,2427,2427,,,,,2427,2428,5,,,,,,,,,,,,,,,,,,,,,,,,,,,,,,,,,,,,
2608,Briton Chain Test,1,104,2720,2720,0,0,0,0,0,0,0,0,1,0,0,0,0,0,0,0,0,0,0,0,0,0,0,0,0,0,0,0,0,0,0,0,0,0,0,0,0,0,0,,,,,,,,,,,,,,,,,,,,,1,,,,,,,,,,,,,,,,,,,,,,,,,,,,,,,,
2609,Badger Trophy,1,544,0,0,0,0,0,0,0,0,0,0,0,0,0,0,0,0,0,0,0,0,0,0,0,0,0,0,0,0,0,0,0,0,1082,0,0,0,0,0,0,1,0,,,,,,,,,,,,,,,,,,,,,,,,,,,,,,,,,,,,,,,,,,,,,,,,,,,,,
2610,Glacier Trophy,1,544,0,0,0,0,0,0,0,0,0,0,0,0,0,0,0,0,0,0,0,0,0,0,0,0,0,0,0,0,0,0,0,0,1083,0,0,0,0,0,0,1,0,,,,,,,,,,,,,,,,,,,,,,,,,,,,,,,,,,,,,,,,,,,,,,,,,,,,,
2611,Glimmer Trophy,1,544,0,0,0,0,0,0,0,0,0,0,0,0,0,0,0,0,0,0,0,0,0,0,0,0,0,0,0,0,0,0,0,0,1084,0,0,0,0,0,0,1,0,,,,,,,,,,,,,,,,,,,,,,,,,,,,,,,,,,,,,,,,,,,,,,,,,,,,,
2612,Abdin Trophy,1,544,0,0,0,0,0,0,0,0,0,0,0,0,0,0,0,0,0,0,0,0,0,0,0,0,0,0,0,0,0,0,0,0,1085,0,0,0,0,0,0,1,0,,,,,,,,,,,,,,,,,,,,,,,,,,,,,,,,,,,,,,,,,,,,,,,,,,,,,
2613,BaAlorien Trophy,1,544,0,0,0,0,0,0,0,0,0,0,0,0,0,0,0,0,0,0,0,0,0,0,0,0,0,0,0,0,0,0,0,0,1086,0,0,0,0,0,0,1,0,,,,,,,,,,,,,,,,,,,,,,,,,,,,,,,,,,,,,,,,,,,,,,,,,,,,,
2614,Evern Trophy,1,544,0,0,0,0,0,0,0,0,0,0,0,0,0,0,0,0,0,0,0,0,0,0,0,0,0,0,0,0,0,0,0,0,1087,0,0,0,0,0,0,1,0,,,,,,,,,,,,,,,,,,,,,,,,,,,,,,,,,,,,,,,,,,,,,,,,,,,,,
2615,Green Knight  Trophy,1,544,0,0,0,0,0,0,0,0,0,0,0,0,0,0,0,0,0,0,0,0,0,0,0,0,0,0,0,0,0,0,0,0,1088,0,0,0,0,0,0,1,0,,,,,,,,,,,,,,,,,,,,,,,,,,,,,,,,,,,,,,,,,,,,,,,,,,,,,
2616,Orey Eyed Trophy,1,544,0,0,0,0,0,0,0,0,0,0,0,0,0,0,0,0,0,0,0,0,0,0,0,0,0,0,0,0,0,0,0,0,1089,0,0,0,0,0,0,1,0,,,,,,,,,,,,,,,,,,,,,,,,,,,,,,,,,,,,,,,,,,,,,,,,,,,,,
2617,Stanga Trophy,1,544,0,0,0,0,0,0,0,0,0,0,0,0,0,0,0,0,0,0,0,0,0,0,0,0,0,0,0,0,0,0,0,0,1090,0,0,0,0,0,0,1,0,,,,,,,,,,,,,,,,,,,,,,,,,,,,,,,,,,,,,,,,,,,,,,,,,,,,,
2618,Ulor Trophy,1,544,0,0,0,0,0,0,0,0,0,0,0,0,0,0,0,0,0,0,0,0,0,0,0,0,0,0,0,0,0,0,0,0,1091,0,0,0,0,0,0,1,0,,,,,,,,,,,,,,,,,,,,,,,,,,,,,,,,,,,,,,,,,,,,,,,,,,,,,
2619,Werewolf Trophy,1,544,0,0,0,0,0,0,0,0,0,0,0,0,0,0,0,0,0,0,0,0,0,0,0,0,0,0,0,0,0,0,0,0,1092,0,0,0,0,0,0,1,0,,,,,,,,,,,,,,,,,,,,,,,,,,,,,,,,,,,,,,,,,,,,,,,,,,,,,
2620,Greek Fire,1,2270,0,0,0,0,0,0,0,0,0,0,0,0,0,0,0,0,0,0,0,0,0,0,0,0,0,0,0,0,0,0,0,0,0,0,0,0,0,0,0,0,0,,,,,,,,,,,,,,,,,,,,,,,,,,,,,,,,,,,,,,,,,,,,,,,,,,,,,
2621,Ice Bounder Ammo,1,2271,0,0,0,0,0,0,0,0,0,0,0,0,0,0,0,0,0,0,0,0,0,0,0,0,0,0,0,0,0,0,0,0,0,0,0,0,0,0,0,0,0,,,,,,,,,,,,,,,,,,,,,,,,,,,,,,,,,,,,,,,,,,,,,,,,,,,,,
2622,Carcass Ammo,1,2272,0,0,0,0,0,0,0,0,0,0,0,0,0,0,0,0,0,0,0,0,0,0,0,0,0,0,0,0,0,0,0,0,0,0,0,0,0,0,0,0,0,,,,,,,,,,,,,,,,,,,,,,,,,,,,,,,,,,,,,,,,,,,,,,,,,,,,,
2623,archer,1,2840,0,0,0,0,0,0,0,0,0,0,0,0,0,0,0,0,0,0,0,0,0,0,0,0,0,0,0,0,0,0,0,0,0,0,0,0,0,0,0,0,0,,,,,,,,,,,,,,,,,,,,,,,,,,,,,,,,,,,,,,,,,,,,,,,,,,,,,
2624,melee,1,2841,0,0,0,0,0,0,0,0,0,0,0,0,0,0,0,0,0,0,0,0,0,0,0,0,0,0,0,0,0,0,0,0,0,0,0,0,0,0,0,0,0,,,,,,,,,,,,,,,,,,,,,,,,,,,,,,,,,,,,,,,,,,,,,,,,,,,,,
2625,caster,1,2842,0,0,0,0,0,0,0,0,0,0,0,0,0,0,0,0,0,0,0,0,0,0,0,0,0,0,0,0,0,0,0,0,0,0,0,0,0,0,0,0,0,,,,,,,,,,,,,,,,,,,,,,,,,,,,,,,,,,,,,,,,,,,,,,,,,,,,,
2626,wiz,1,2843,0,0,0,0,0,0,0,0,0,0,0,0,0,0,0,0,0,0,0,0,0,0,0,0,0,0,0,0,0,0,0,0,0,0,0,0,0,0,0,0,0,,,,,,,,,,,,,,,,,,,,,,,,,,,,,,,,,,,,,,,,,,,,,,,,,,,,,
2627,stealther,1,2844,0,0,0,0,0,0,0,0,0,0,0,0,0,0,0,0,0,0,0,0,0,0,0,0,0,0,0,0,0,0,0,0,0,0,0,0,0,0,0,0,0,,,,,,,,,,,,,,,,,,,,,,,,,,,,,,,,,,,,,,,,,,,,,,,,,,,,,
2628,healer,1,2845,0,0,0,0,0,0,0,0,0,0,0,0,0,0,0,0,0,0,0,0,0,0,0,0,0,0,0,0,0,0,0,0,0,0,0,0,0,0,0,0,0,,,,,,,,,,,,,,,,,,,,,,,,,,,,,,,,,,,,,,,,,,,,,,,,,,,,,
2629,Kobold Teleporter,1093,1,0,0,0,0,0,0,0,0,0,0,0,0,0,0,0,0,0,0,0,0,0,0,0,0,0,0,0,0,0,0,0,0,0,0,0,0,0,0,0,0,0,,,,,,,,1,,,,,,,,,,,,,,,,,,,,,,,,,,,,,,,,,,,,,,,,,,,,,
2645,Frontiers Ranged Scorpion,1094,2245,0,0,0,0,0,0,0,0,0,0,0,0,0,0,0,0,0,15,0,0,0,0,0,0,0,0,0,0,0,0,0,0,0,0,0,0,0,0,0,0,0,,,,,,,,,2488,2488,,,,,2489,2490,4,,,,,,,,,,,,,,,,,,,,,,,,,,,,,,,,,,,,
2646,Med Boat,1095,2220,0,0,0,0,0,0,0,0,0,0,0,0,0,0,0,0,0,0,0,0,0,0,0,0,0,0,0,0,0,0,0,0,0,0,0,0,0,0,0,0,0,,,,,,,,,2484,2485,,,,,,,,2,0,1,,,,,,,,,,,,,,,,,,,,,,,,,,,,,,,,,
2647,Large Boat,1096,2220,0,0,0,0,0,0,0,0,0,0,0,0,0,0,0,0,0,0,0,0,0,0,0,0,0,0,0,0,0,0,0,0,0,0,0,0,0,0,0,0,0,,,,,,,,,2482,2483,,,,,,,,2,2,1,,,,,,,,,,,,,,,,,,,,,,,,,,,,,,,,,
2648,Small Boat,1097,2220,0,0,0,0,0,0,0,0,0,0,0,0,0,0,0,0,0,0,0,0,0,0,0,0,0,0,0,0,0,0,0,0,0,0,0,0,0,0,0,0,0,,,,,,,,,2486,2487,,,,,,,,0,0,1,,,,,,,,,,,,,,,,,,,,,,,,,,,,,,,,,
2649,Blank,1064,1,,,,,,,,,,,,,,,,,,,,,,,,,,,,,,,,,,,,,,,,,,,,,,,,,,,,,,,,,,,,,,,,,,,,,,,,,,,,,,,,,,,,,,,,,,,,,,
2650,Horse Boat,1098,2220,0,0,0,0,0,0,0,0,0,0,0,0,0,0,0,0,0,0,0,0,0,0,0,0,0,0,0,0,0,0,0,0,0,0,0,0,0,0,0,0,0,,,,,,,,,2486,2487,,,,,,,,,,,,,,,,,,,,,,,,,,,,,,,,,,,,,,,,,,,
2651,Wall of Flame,1067,1,0,0,0,0,0,0,0,0,0,0,0,0,0,0,0,0,0,0,0,0,0,0,0,0,0,0,0,0,0,0,0,0,0,0,0,0,0,0,0,0,0,,,,,,,,,,,,63,63,63,,,,,,,,,,,,,,,,,,,,,,,,,,,,,,,,,,,,,,,
2652,Mine Cart,1099,2246,0,0,0,0,0,0,0,0,0,0,0,0,0,0,0,0,0,12,0,0,0,0,0,0,0,0,0,0,0,0,0,0,0,0,0,0,0,0,0,0,0,,,,,,,,,2414,2417,,,,,2415,2416,,,,,,,,,,,,,,,,,,,,,,,,,,,,,,,,,,,,,
2653,Thornweed Field,1064,1,0,0,0,0,0,0,0,0,0,0,0,0,0,0,0,0,0,0,0,0,0,0,0,0,0,0,0,0,0,0,0,0,0,0,0,0,0,0,0,0,0,,,,,,,,,,,,64,65,66,,,,,,,,,,,,,,,,,,,,,,,,,,,,,,,,,,,,,,,
2654,Static Tempest,1067,1,0,0,0,0,0,0,0,0,0,0,0,0,0,0,0,0,0,0,0,0,0,0,0,0,0,0,0,0,0,0,0,0,0,0,0,0,0,0,0,0,0,,,,,,,,,,,,67,88,89,,,,,,,,,,,,,,,,,,,,,,,,,,,,,,,,,,,,,,,
2655,Relic Pad,1100,1,0,0,0,0,0,0,0,0,0,0,0,0,0,0,0,0,0,0,0,0,0,0,0,0,0,0,0,0,0,0,0,0,0,0,0,0,0,0,0,0,0,,,,,,,,,,,,68,68,68,,,,,,,,,,,,,,,,,,,,,,,,,,,,,,,,,,,,,,,
2656,Campfire,1064,552,0,0,0,0,0,0,0,0,0,0,0,0,0,0,0,0,0,0,0,0,0,0,0,0,0,0,0,0,0,0,0,0,0,0,0,0,0,0,0,0,0,,,,,,,,,,,,74,74,74,,,,,,,,,,,,,,,,,,,,,,,,,,,,,,,,,,,,,,,
2657,Alb Placeholder Slash,286,217,0,0,0,0,0,0,0,0,0,0,0,0,0,1,0,1,0,1,0,0,0,0,0,0,0,0,0,0,0,0,0,0,0,0,0,0,0,0,0,,0,,,,,,,,,,,,,,,,,,,,,,,,,,,,,,,,,,,,,,,,,,,,,,,,,,,,,
2658,Alb Placeholder thrust,292,206,0,0,0,0,0,0,0,0,0,0,0,0,0,1,0,1,0,1,0,0,0,0,0,0,0,0,0,0,0,0,0,0,0,0,0,0,0,0,0,,0,,,,,,,,,,,,,,,,,,,,,,,,,,,,,,,,,,,,,,,,,,,,,,,,,,,,,
2659,Alb Placeholder crush,262,211,0,0,0,0,0,0,0,0,0,0,0,0,0,1,0,1,0,5,0,0,0,0,0,0,0,0,0,0,0,0,0,0,0,0,0,0,0,0,0,,0,,,,,,,,,,,,,,,,,,,,,,,,,,,,,,,,,,,,,,,,,,,,,,,,,,,,,
2660,Alb Placeholder two handed slash,247,203,0,0,0,0,0,0,0,0,0,0,0,0,0,1,0,2,2,1,0,0,0,0,0,0,0,0,0,0,0,0,0,0,0,0,0,0,0,0,0,,0,,,,,,,,,,,,,,,,,,,,,,,,,,,,,,,,,,,,,,,,,,,,,,,,,,,,,
2661,Alb Placeholder two handed thrust,252,215,0,0,0,0,0,0,0,0,0,0,0,0,0,1,0,2,2,1,0,0,0,0,0,0,0,0,0,0,0,0,0,0,0,0,0,0,0,0,0,,0,,,,,,,,,,,,,,,,,,,,,,,,,,,,,,,,,,,,,,,,,,,,,,,,,,,,,
2662,Alb Placeholder two handed crush,248,214,0,0,0,0,0,0,0,0,0,0,0,0,0,1,0,2,2,5,0,0,0,0,0,0,0,0,0,0,0,0,0,0,0,0,0,0,0,0,0,,0,,,,,,,,,,,,,,,,,,,,,,,,,,,,,,,,,,,,,,,,,,,,,,,,,,,,,
2663,Alb Placeholder polearm slash,279,217,0,0,0,0,0,0,0,0,0,0,0,0,0,0,0,3,2,4,0,0,0,0,0,0,0,0,0,0,0,0,0,0,0,0,0,0,0,0,0,,0,,,,,,,,,,,,,,,,,,,,,,,,,,,,,,,,,,,,,,,,,,,,,,,,,,,,,
2664,Alb Placeholder polearm crush,276,219,0,0,0,0,0,0,0,0,0,0,0,0,0,0,0,3,2,4,0,0,0,0,0,0,0,0,0,0,0,0,0,0,0,0,0,0,0,0,0,,0,,,,,,,,,,,,,,,,,,,,,,,,,,,,,,,,,,,,,,,,,,,,,,,,,,,,,
2665,Alb Placeholder polearm thrust,277,215,0,0,0,0,0,0,0,0,0,0,0,0,0,0,0,3,2,4,0,0,0,0,0,0,0,0,0,0,0,0,0,0,0,0,0,0,0,0,0,,0,,,,,,,,,,,,,,,,,,,,,,,,,,,,,,,,,,,,,,,,,,,,,,,,,,,,,
2666,Alb Placeholder friar staff,289,209,0,0,0,0,0,0,0,0,0,0,0,0,0,0,0,4,1,6,0,0,0,0,0,0,0,0,0,0,0,0,0,0,0,0,0,0,0,0,0,,0,,,,,,,,,,,,,,,,,,,,,,,,,,,,,,,,,,,,,,,,,,,,,,,,,,,,,
2667,Alb Placeholder caster staff,445,209,0,0,0,0,0,0,0,0,0,0,0,0,0,0,0,4,1,6,0,0,0,0,0,0,0,0,0,0,0,0,0,0,0,0,0,0,0,0,0,,0,,,,,,,,,,,,,,,,,,,,,,,,,,,,,,,,,,,,,,,,,,,,,,,,,,,,,
2668,Alb Placeholder longbow,255,223,0,0,0,0,0,0,0,0,0,0,0,0,0,0,0,5,1,7,0,0,0,0,0,0,0,0,0,0,0,0,0,0,0,0,0,0,0,0,0,,0,,,,,,,,,,,,,,,,,,,,,,,,,,,,,,,,,,,,,,,,,,,,,,,,,,,,,
2669,Alb Placeholder flex crush,270,231,0,0,0,0,0,0,0,0,0,0,0,0,0,1,0,10,0,20,0,0,0,0,0,0,0,0,0,0,0,0,0,0,0,0,0,0,0,0,0,,0,,,,,,,,,,,,,,,,,,,,,,,,,,,,,,,,,,,,,,,,,,,,,,,,,,,,,
2670,Alb Placeholder flex slash,271,231,0,0,0,0,0,0,0,0,0,0,0,0,0,1,0,11,0,20,0,0,0,0,0,0,0,0,0,0,0,0,0,0,0,0,0,0,0,0,0,,0,,,,,,,,,,,,,,,,,,,,,,,,,,,,,,,,,,,,,,,,,,,,,,,,,,,,,
2671,Mid Placeholder sword,354,201,0,0,0,0,0,0,0,0,0,0,0,0,0,1,0,1,0,1,0,0,0,0,0,0,0,0,0,0,0,0,0,0,0,0,0,0,0,0,0,,0,,,,,,,,,,,,,,,,,,,,,,,,,,,,,,,,,,,,,,,,,,,,,,,,,,,,,
2672,Mid Placeholder axe,357,200,0,0,0,0,0,0,0,0,0,0,0,0,0,1,0,1,0,4,0,0,0,0,0,0,0,0,0,0,0,0,0,0,0,0,0,0,0,0,0,,0,,,,,,,,,,,,,,,,,,,,,,,,,,,,,,,,,,,,,,,,,,,,,,,,,,,,,
2673,Mid Placeholder hammer,410,210,0,0,0,0,0,0,0,0,0,0,0,0,0,1,0,1,0,5,0,0,0,0,0,0,0,0,0,0,0,0,0,0,0,0,0,0,0,0,0,,0,,,,,,,,,,,,,,,,,,,,,,,,,,,,,,,,,,,,,,,,,,,,,,,,,,,,,
2674,Mid Placeholder two handed sword,436,203,0,0,0,0,0,0,0,0,0,0,0,0,0,1,0,2,0,1,0,0,0,0,0,0,0,0,0,0,0,0,0,0,0,0,0,0,0,0,0,,0,,,,,,,,,,,,,,,,,,,,,,,,,,,,,,,,,,,,,,,,,,,,,,,,,,,,,
2675,Mid Placeholder two handed axe,428,217,0,0,0,0,0,0,0,0,0,0,0,0,0,1,0,2,0,4,0,0,0,0,0,0,0,0,0,0,0,0,0,0,0,0,0,0,0,0,0,,0,,,,,,,,,,,,,,,,,,,,,,,,,,,,,,,,,,,,,,,,,,,,,,,,,,,,,
2676,Mid Placeholder two handed hammer,435,214,0,0,0,0,0,0,0,0,0,0,0,0,0,1,0,2,0,5,0,0,0,0,0,0,0,0,0,0,0,0,0,0,0,0,0,0,0,0,0,,0,,,,,,,,,,,,,,,,,,,,,,,,,,,,,,,,,,,,,,,,,,,,,,,,,,,,,
2677,Mid Placeholder spear,364,207,0,0,0,0,0,0,0,0,0,0,0,0,0,0,0,3,2,21,0,0,0,0,0,0,0,0,0,0,0,0,0,0,0,0,0,0,0,0,0,,0,,,,,,,,,,,,,,,,,,,,,,,,,,,,,,,,,,,,,,,,,,,,,,,,,,,,,
2678,Mid Placeholder hand to hand slash,388,233,0,0,0,0,0,0,0,0,0,0,0,0,0,0,0,13,0,1,0,0,0,0,0,0,0,0,0,0,0,0,0,0,0,0,0,0,0,0,0,,0,,,,,,,,,,,,,,,,,,,,,,,,,,,,,,,,,,,,,,,,,,,,,,,,,,,,,
2679,Mid Placeholder hand to hand thrust,370,233,0,0,0,0,0,0,0,0,0,0,0,0,0,0,1,13,0,1,0,0,0,0,0,0,0,0,0,0,0,0,0,0,0,0,0,0,0,0,0,,0,,,,,,,,,,,,,,,,,,,,,,,,,,,,,,,,,,,,,,,,,,,,,,,,,,,,,
2680,Mid Placeholder composite bow,438,224,0,0,0,0,0,0,0,0,0,0,0,0,0,0,0,5,1,7,0,0,0,0,0,0,0,0,0,0,0,0,0,0,0,0,0,0,0,0,0,,0,,,,,,,,,,,,,,,,,,,,,,,,,,,,,,,,,,,,,,,,,,,,,,,,,,,,,
2681,Mid Placeholder caster staff,458,209,0,0,0,0,0,0,0,0,0,0,0,0,0,0,0,4,1,6,0,0,0,0,0,0,0,0,0,0,0,0,0,0,0,0,0,0,0,0,0,,0,,,,,,,,,,,,,,,,,,,,,,,,,,,,,,,,,,,,,,,,,,,,,,,,,,,,,
2682,Hib Placeholder 1 hd blade,305,202,0,0,0,0,0,0,0,0,0,0,0,0,0,1,0,1,0,1,0,0,0,0,0,0,0,0,0,0,0,0,0,0,0,0,0,0,0,0,0,,0,,,,,,,,,,,,,,,,,,,,,,,,,,,,,,,,,,,,,,,,,,,,,,,,,,,,,
2683,Hib Placeholder 1 hd blunt,321,212,0,0,0,0,0,0,0,0,0,0,0,0,0,1,0,1,0,5,0,0,0,0,0,0,0,0,0,0,0,0,0,0,0,0,0,0,0,0,0,,0,,,,,,,,,,,,,,,,,,,,,,,,,,,,,,,,,,,,,,,,,,,,,,,,,,,,,
2684,Hib Placeholder 1 hd pierce,346,215,0,0,0,0,0,0,0,0,0,0,0,0,0,1,0,1,0,1,0,0,0,0,0,0,0,0,0,0,0,0,0,0,0,0,0,0,0,0,0,,0,,,,,,,,,,,,,,,,,,,,,,,,,,,,,,,,,,,,,,,,,,,,,,,,,,,,,
2685,Hib Placeholder 1hd pierce - vampiir unique,350,201,0,0,0,0,0,0,0,0,0,0,0,0,0,1,0,7,0,1,0,0,0,0,0,0,0,0,0,0,0,0,0,0,0,0,0,0,0,0,0,,0,,,,,,,,,,,,,,,,,,,,,,,,,,,,,,,,,,,,,,,,,,,,,,,,,,,,,
2686,Hib Placeholder 1hd pierce - vampiir unique,352,206,0,0,0,0,0,0,0,0,0,0,0,0,0,1,0,7,0,1,0,0,0,0,0,0,0,0,0,0,0,0,0,0,0,0,0,0,0,0,0,,0,,,,,,,,,,,,,,,,,,,,,,,,,,,,,,,,,,,,,,,,,,,,,,,,,,,,,
2687,Hib Placeholder 1hd pierce - vampiir unique,351,206,0,0,0,0,0,0,0,0,0,0,0,0,0,1,0,7,0,1,0,0,0,0,0,0,0,0,0,0,0,0,0,0,0,0,0,0,0,0,0,,0,,,,,,,,,,,,,,,,,,,,,,,,,,,,,,,,,,,,,,,,,,,,,,,,,,,,,
2688,Hib Placeholder caster staff,456,209,0,0,0,0,0,0,0,0,0,0,0,0,0,0,0,4,1,6,0,0,0,0,0,0,0,0,0,0,0,0,0,0,0,0,0,0,0,0,0,,0,,,,,,,,,,,,,,,,,,,,,,,,,,,,,,,,,,,,,,,,,,,,,,,,,,,,,
2689,Hib Placeholder celtic spear,344,207,0,0,0,0,0,0,0,0,0,0,0,0,0,0,0,3,2,21,0,0,0,0,0,0,0,0,0,0,0,0,0,0,0,0,0,0,0,0,0,,0,,,,,,,,,,,,,,,,,,,,,,,,,,,,,,,,,,,,,,,,,,,,,,,,,,,,,
2690,Hib Placeholder large weapon blade,317,203,0,0,0,0,0,0,0,0,0,0,0,0,0,1,0,2,2,1,0,0,0,0,0,0,0,0,0,0,0,0,0,0,0,0,0,0,0,0,0,,0,,,,,,,,,,,,,,,,,,,,,,,,,,,,,,,,,,,,,,,,,,,,,,,,,,,,,
2691,Hib Placeholder large weapon blunt,315,212,0,0,0,0,0,0,0,0,0,0,0,0,0,1,0,2,2,5,0,0,0,0,0,0,0,0,0,0,0,0,0,0,0,0,0,0,0,0,0,,0,,,,,,,,,,,,,,,,,,,,,,,,,,,,,,,,,,,,,,,,,,,,,,,,,,,,,
2692,Hib Placeholder recurve bow,325,223,0,0,0,0,0,0,0,0,0,0,0,0,0,0,0,5,1,7,0,0,0,0,0,0,0,0,0,0,0,0,0,0,0,0,0,0,0,0,0,,0,,,,,,,,,,,,,,,,,,,,,,,,,,,,,,,,,,,,,,,,,,,,,,,,,,,,,
2693,Hib Placeholder scythe,332,232,0,0,0,0,0,0,0,0,0,0,0,0,0,0,0,14,0,2,0,0,0,0,0,0,0,0,0,0,0,0,0,0,0,0,0,0,0,0,0,,0,,,,,,,,,,,,,,,,,,,,,,,,,,,,,,,,,,,,,,,,,,,,,,,,,,,,,
2694,Possessed Midgard cloth chest (alb/hib/mid),1,104,525,524,0,0,528,0,0,0,0,0,1,1,0,0,0,0,0,0,0,0,0,0,0,0,0,0,0,0,0,0,0,0,0,0,0,0,0,0,0,,0,,,,,,,,,,,,,,,,,,,,,1,5038,5037,,,,,,1,,,1,1,,,,,,,,,,,,,,,,,,,,
2695,Possessed Midgard cloth robe (alb/hib),1,118,377,378,374,0,373,0,0,0,0,0,3,3,0,0,0,0,0,0,0,0,0,0,0,0,0,0,0,0,0,0,0,0,0,0,0,0,0,0,0,,0,,,,,,,,,,,,,,,,,,,,,1,4056,4057,,,,,,16,5,5,-1,-1,,,,,,,,,,,,,,,,,,,,
2696,Possessed Midgard cloth pants,1,120,0,0,0,0,0,389,0,0,0,0,0,0,0,0,0,0,0,0,0,0,0,0,0,0,0,0,0,0,0,0,0,0,0,0,0,0,0,0,0,,0,,,,,,,,,,,,,,,,,,,,,1,,,,,5045,,,,,,,,,,,,,,,,,,,,,,,,,,,
2697,Possessed Midgard cloth sleeves,1,110,0,0,383,0,0,0,0,0,0,0,0,0,0,0,0,0,0,0,0,0,0,0,0,0,0,0,0,0,0,0,0,0,0,0,0,0,0,0,0,,0,,,,,,,,,,,,,,,,,,,,,1,,,5030,,,,,,,,,,,,,,,,,,,,,,,,,,,,,
2698,Possessed Midgard cloth helm,391,128,0,0,0,0,0,0,0,0,2029,2,0,0,0,0,0,0,0,0,2029,0,397,0,0,0,394,397,0,0,0,0,0,0,0,0,0,0,0,0,0,,0,,,,,,,,,,,,,,,,,,,,,,,,,,,,,,,,,,,1120,1119,1114,1113,1118,1117,1122,1121,1124,1123,1116,1115,,,,,,,
2699,Possessed Midgard cloth boots,1,124,0,0,0,0,0,0,386,0,0,0,0,0,0,0,0,0,0,0,0,0,0,0,0,0,0,0,0,0,0,0,0,0,0,0,0,0,0,0,0,,0,,,,,,,,,,,,,,,,,,,,,1,,,,,,5041,,,,7,,,,,,,,,,,,,,,,,,,,,,
2700,Possessed Midgard cloth gloves,1,114,0,0,0,387,0,0,0,0,0,0,0,0,0,0,0,0,0,0,0,0,0,0,0,0,0,0,0,0,0,0,0,0,0,0,0,0,0,0,0,,0,,,,,,,,,,,,,,,,,,,,,1,,,,5043,,,,,7,,,,,,,,,,,,,,,,,,,,,,,
2701,Possessed Midgard leather chest,1,105,316,317,0,0,320,0,0,0,0,0,1,1,0,0,0,0,0,0,0,0,0,0,0,0,0,0,0,0,0,0,0,0,0,0,0,0,0,0,0,,0,,,,,,,,,,,,,,,,,,,,,1,5053,5052,,,,,,19,,,1,1,,,,,,,,,,,,,,,,,,,,
2702,Possessed Midgard leather pants,1,121,0,0,0,0,0,321,0,0,0,0,0,0,0,0,0,0,0,0,0,0,0,0,0,0,0,0,0,0,0,0,0,0,0,0,0,0,0,0,0,,0,,,,,,,,,,,,,,,,,,,,,1,,,,,5049,,,,,,,,,,,,,,,,,,,,,,,,,,,
2703,Possessed Midgard leather sleeves,1,111,0,0,318,0,0,0,0,0,0,0,0,0,0,0,0,0,0,0,0,0,0,0,0,0,0,0,0,0,0,0,0,0,0,0,0,0,0,0,0,,0,,,,,,,,,,,,,,,,,,,,,1,,,5034,,,,,,,,,,,,,,,,,,,,,,,,,,,,,
2704,Possessed Midgard leather helm,402,103,0,0,0,0,0,0,0,0,353,3,0,0,0,0,0,0,0,0,1,0,0,0,0,0,0,0,0,0,0,0,0,0,0,0,0,0,0,0,0,,0,,,,,,,,,,,,,,,,,,,,,,,,,,,,,,,,,,,1241,1245,1221,1225,1237,1258,1266,1270,1229,1233,1262,1274,,,,,,,
2705,Possessed Midgard leather boots,1,125,0,0,0,0,0,0,322,0,0,0,0,0,0,0,0,0,0,0,0,0,0,0,0,0,0,0,0,0,0,0,0,0,0,0,0,0,0,0,0,,0,,,,,,,,,,,,,,,,,,,,,1,,,,,,5056,,,,2,,,,,,,,,,,,,,,,,,,,,,
2706,Possessed Midgard leather gloves,1,115,0,0,0,311,0,0,0,0,0,0,0,0,0,0,0,0,0,0,0,0,0,0,0,0,0,0,0,0,0,0,0,0,0,0,0,0,0,0,0,,0,,,,,,,,,,,,,,,,,,,,,1,,,,5058,,,,,2,,,,,,,,,,,,,,,,,,,,,,,
2707,Possessed Midgard studded/reinforced chest,1,163,398,399,0,0,402,0,0,0,0,0,1,1,0,0,0,0,0,0,0,0,0,0,0,0,0,0,0,0,0,0,0,0,0,0,0,0,0,0,0,,0,,,,,,,,,,,,,,,,,,,,,1,5082,5081,,,,,,19,,,1,1,,,,,,,,,,,,,,,,,,,,
2708,Possessed Midgard studded/reinforced pants,1,166,0,0,0,0,0,403,0,0,0,0,0,0,0,0,0,0,0,0,0,0,0,0,0,0,0,0,0,0,0,0,0,0,0,0,0,0,0,0,0,,0,,,,,,,,,,,,,,,,,,,,,1,,,,,5076,,,,,,,,,,,,,,,,,,,,,,,,,,,
2709,Possessed Midgard studded/reinforced sleeves,1,164,0,0,400,0,0,0,0,0,0,0,0,0,0,0,0,0,0,0,0,0,0,0,0,0,0,0,0,0,0,0,0,0,0,0,0,0,0,0,0,,0,,,,,,,,,,,,,,,,,,,,,1,,,5074,,,,,,,,,,,,,,,,,,,,,,,,,,,,,
2710,Possessed Midgard studded/reinforced helm,403,129,0,0,0,0,0,0,0,0,315,2,0,0,0,0,0,0,0,0,315,0,0,0,0,0,0,0,0,0,0,0,0,0,0,0,0,0,0,0,0,,0,,,,,,,,,,,,,,,,,,,,,,,,,,,,,,,,,,,1242,1246,1222,1226,1238,1259,1267,1271,1230,1234,1263,1275,,,,,,,
2711,Possessed Midgard studded/reinforced boots,1,167,0,0,0,0,0,0,404,0,0,0,0,0,0,0,0,0,0,0,0,0,0,0,0,0,0,0,0,0,0,0,0,0,0,0,0,0,0,0,0,,0,,,,,,,,,,,,,,,,,,,,,1,,,,,,5083,,,,3,,,,,,,,,,,,,,,,,,,,,,
2712,Possessed Midgard studded/reinforced gauntlets,1,165,0,0,0,401,0,0,0,0,0,0,0,0,0,0,0,0,0,0,0,0,0,0,0,0,0,0,0,0,0,0,0,0,0,0,0,0,0,0,0,,0,,,,,,,,,,,,,,,,,,,,,1,,,,5072,,,,,3,,,,,,,,,,,,,,,,,,,,,,,
2713,Possessed Midgard chain/scale chest,1,106,440,441,0,0,444,0,0,0,0,0,2,1,0,0,0,0,0,0,0,0,0,0,0,0,0,0,0,0,0,0,0,0,0,0,0,0,0,0,0,,0,,,,,,,,,,,,,,,,,,,,,1,5078,5077,,,,,,6,,,1,1,,,,,,,,,,,,,,,,,,,,
2714,Possessed Midgard chain/scale leggings,1,122,0,0,0,0,0,445,0,0,0,0,0,0,0,0,0,0,0,0,0,0,0,0,0,0,0,0,0,0,0,0,0,0,0,0,0,0,0,0,0,,0,,,,,,,,,,,,,,,,,,,,,1,,,,,5075,,,,,,,,,,,,,,,,,,,,,,,,,,,
2715,Possessed Midgard chain/scale sleeves,1,112,0,0,442,0,0,0,0,0,0,0,0,0,0,0,0,0,0,0,0,0,0,0,0,0,0,0,0,0,0,0,0,0,0,0,0,0,0,0,0,,0,,,,,,,,,,,,,,,,,,,,,1,,,5073,,,,,,,,,,,,,,,,,,,,,,,,,,,,,
2716,Possessed Midgard chain/scale helm,401,101,0,0,0,0,0,0,0,0,344,4,0,0,0,0,0,0,0,0,344,0,0,0,0,0,0,0,0,0,0,0,0,0,0,0,0,0,0,0,0,,0,,,,,,,,,,,,,,,,,,,,,,,,,,,,,,,,,,,1240,1244,1220,1224,1236,1257,1265,1269,1228,1232,1261,1273,,,,,,,
2717,Possessed Midgard chain/scale boots,1,126,0,0,0,0,0,0,446,0,0,0,0,0,0,0,0,0,0,0,0,0,0,0,0,0,0,0,0,0,0,0,0,0,0,0,0,0,0,0,0,,0,,,,,,,,,,,,,,,,,,,,,1,,,,,,5079,,,,2,,,,,,,,,,,,,,,,,,,,,,
2718,Possessed Midgard chain/scale gauntlets,1,116,0,0,0,443,0,0,0,0,0,0,0,0,0,0,0,0,0,0,0,0,0,0,0,0,0,0,0,0,0,0,0,0,0,0,0,0,0,0,0,,0,,,,,,,,,,,,,,,,,,,,,1,,,,5080,,,,,2,,,,,,,,,,,,,,,,,,,,,,,
2719,Possessed Midgard plate chest,1,109,345,346,0,0,349,0,0,0,0,0,1,1,0,0,0,0,0,0,0,0,0,0,0,0,0,0,0,0,0,0,0,0,0,0,0,0,0,0,0,,0,,,,,,,,,,,,,,,,,,,,,1,5061,5060,,,,,,12,,,1,1,,,,,,,,,,,,,,,,,,,,
2720,Possessed Midgard plate leggings,1,123,0,0,0,0,0,350,0,0,0,0,0,0,0,0,0,0,0,0,0,0,0,0,0,0,0,0,0,0,0,0,0,0,0,0,0,0,0,0,0,,0,,,,,,,,,,,,,,,,,,,,,1,,,,,5051,,,,,,,,,,,,,,,,,,,,,,,,,,,
2721,Possessed Midgard plate sleeves,1,113,0,0,347,0,0,0,0,0,0,0,0,0,0,0,0,0,0,0,0,0,0,0,0,0,0,0,0,0,0,0,0,0,0,0,0,0,0,0,0,,0,,,,,,,,,,,,,,,,,,,,,1,,,5036,,,,,,,,,,,,,,,,,,,,,,,,,,,,,
2722,Possessed Midgard plate helm,403,102,0,0,0,0,0,0,0,0,352,2,0,0,0,0,0,0,0,0,352,0,0,0,0,0,0,0,0,0,0,0,0,0,0,0,0,0,0,0,0,,0,,,,,,,,,,,,,,,,,,,,,,,,,,,,,,,,,,,1242,1246,1222,1226,1263,1259,1267,1271,1230,1234,1263,1275,,,,,,,
2723,Possessed Midgard plate boots,1,127,0,0,0,0,0,0,351,0,0,0,0,0,0,0,0,0,0,0,0,0,0,0,0,0,0,0,0,0,0,0,0,0,0,0,0,0,0,0,0,,0,,,,,,,,,,,,,,,,,,,,,1,,,,,,5066,,,,4,,,,,,,,,,,,,,,,,,,,,,
2724,Possessed Midgard plate gauntlets,1,117,0,0,0,348,0,0,0,0,0,0,0,0,0,0,0,0,0,0,0,0,0,0,0,0,0,0,0,0,0,0,0,0,0,0,0,0,0,0,0,,0,,,,,,,,,,,,,,,,,,,,,1,,,,5069,,,,,4,,,,,,,,,,,,,,,,,,,,,,,
2725,Possessed Midgard small shield,28,226,0,0,0,0,0,0,0,0,0,0,0,0,0,0,1,0,0,1,760,0,0,1,0,0,0,0,0,0,0,0,0,0,0,0,0,0,0,0,0,,0,,,,,,,,,,,,,,,,,,,,,,,,,,,,,,,,,,,,,,,,,,,,,,,,,,,,,
2726,Possessed Midgard medium shield,30,226,0,0,0,0,0,0,0,0,0,0,0,0,0,0,1,0,0,1,761,0,0,1,0,0,0,0,0,0,0,0,0,0,0,0,0,0,0,0,0,,0,,,,,,,,,,,,,,,,,,,,,,,,,,,,,,,,,,,,,,,,,,,,,,,,,,,,,
2727,Possessed Midgard large shield,29,226,0,0,0,0,0,0,0,0,0,0,0,0,0,0,1,0,0,1,761,0,0,1,0,0,0,0,0,0,0,0,0,0,0,0,0,0,0,0,0,,0,,,,,,,,,,,,,,,,,,,,,,,,,,,,,,,,,,,,,,,,,,,,,,,,,,,,,
2728,Possessed Albion cloth chest (alb/hib/mid),1,104,385,384,0,0,388,0,0,0,0,0,1,1,0,0,0,0,0,0,0,0,0,0,0,0,0,0,0,0,0,0,0,0,0,0,0,0,0,0,0,,0,,,,,,,,,,,,,,,,,,,,,1,5038,5037,,,,,,1,,,1,1,,,,,,,,,,,,,,,,,,,,
2729,Possessed Albion cloth robe (alb/hib),1,118,377,378,374,0,373,0,0,0,0,0,3,3,0,0,0,0,0,0,0,0,0,0,0,0,0,0,0,0,0,0,0,0,0,0,0,0,0,0,0,,0,,,,,,,,,,,,,,,,,,,,,1,4056,4057,,,,,,16,5,5,-1,-1,,,,,,,,,,,,,,,,,,,,
2730,Possessed Albion cloth pants,1,120,0,0,0,0,0,389,0,0,0,0,0,0,0,0,0,0,0,0,0,0,0,0,0,0,0,0,0,0,0,0,0,0,0,0,0,0,0,0,0,,0,,,,,,,,,,,,,,,,,,,,,1,,,,,5045,,,,,,,,,,,,,,,,,,,,,,,,,,,
2731,Possessed Albion cloth sleeves,1,110,0,0,383,0,0,0,0,0,0,0,0,0,0,0,0,0,0,0,0,0,0,0,0,0,0,0,0,0,0,0,0,0,0,0,0,0,0,0,0,,0,,,,,,,,,,,,,,,,,,,,,1,,,5030,,,,,,,,,,,,,,,,,,,,,,,,,,,,,
2732,Possessed Albion cloth helm,1,128,0,0,0,0,0,0,0,0,0,0,0,0,0,0,0,0,0,0,0,0,0,0,0,0,0,0,0,0,0,0,0,0,0,0,0,0,0,0,0,,0,,,,,,,,,,,,,,,,,,,,,,,,,,,,,,,,,,,1242,1246,1222,1226,1238,1259,1267,1271,1230,1234,1263,1275,,,,,,,
2733,Possessed Albion cloth boots,1,124,0,0,0,0,0,0,386,0,0,0,0,0,0,0,0,0,0,0,0,0,0,0,0,0,0,0,0,0,0,0,0,0,0,0,0,0,0,0,0,,0,,,,,,,,,,,,,,,,,,,,,1,,,,,,5041,,,,7,,,,,,,,,,,,,,,,,,,,,,
2734,Possessed Albion cloth gloves,1,114,0,0,0,387,0,0,0,0,0,0,0,0,0,0,0,0,0,0,0,0,0,0,0,0,0,0,0,0,0,0,0,0,0,0,0,0,0,0,0,,0,,,,,,,,,,,,,,,,,,,,,1,,,,5043,,,,,7,,,,,,,,,,,,,,,,,,,,,,,
2735,Possessed Albion leather chest,1,105,316,317,0,0,320,0,0,0,0,0,1,1,0,0,0,0,0,0,0,0,0,0,0,0,0,0,0,0,0,0,0,0,0,0,0,0,0,0,0,,0,,,,,,,,,,,,,,,,,,,,,1,5053,5052,,,,,,19,,,1,1,,,,,,,,,,,,,,,,,,,,
2736,Possessed Albion leather pants,1,121,0,0,0,0,0,321,0,0,0,0,0,0,0,0,0,0,0,0,0,0,0,0,0,0,0,0,0,0,0,0,0,0,0,0,0,0,0,0,0,,0,,,,,,,,,,,,,,,,,,,,,1,,,,,5049,,,,,,,,,,,,,,,,,,,,,,,,,,,
2737,Possessed Albion leather sleeves,1,111,0,0,318,0,0,0,0,0,0,0,0,0,0,0,0,0,0,0,0,0,0,0,0,0,0,0,0,0,0,0,0,0,0,0,0,0,0,0,0,,0,,,,,,,,,,,,,,,,,,,,,1,,,5034,,,,,,,,,,,,,,,,,,,,,,,,,,,,,
2738,Possessed Albion leather helm,402,103,0,0,0,0,0,0,0,0,353,3,0,0,0,0,0,0,0,0,1,0,0,0,0,0,0,0,0,0,0,0,0,0,0,0,0,0,0,0,0,,0,,,,,,,,,,,,,,,,,,,,,,,,,,,,,,,,,,,1242,1246,1222,1226,1238,1259,1267,1271,1230,1234,1263,1275,,,,,,,
2739,Possessed Albion leather boots,1,125,0,0,0,0,0,0,322,0,0,0,0,0,0,0,0,0,0,0,0,0,0,0,0,0,0,0,0,0,0,0,0,0,0,0,0,0,0,0,0,,0,,,,,,,,,,,,,,,,,,,,,1,,,,,,5056,,,,2,,,,,,,,,,,,,,,,,,,,,,
2740,Possessed Albion leather gloves,1,115,0,0,0,311,0,0,0,0,0,0,0,0,0,0,0,0,0,0,0,0,0,0,0,0,0,0,0,0,0,0,0,0,0,0,0,0,0,0,0,,0,,,,,,,,,,,,,,,,,,,,,1,,,,5058,,,,,2,,,,,,,,,,,,,,,,,,,,,,,
2741,Possessed Albion studded/reinforced chest,1,163,398,399,0,0,402,0,0,0,0,0,1,1,0,0,0,0,0,0,0,0,0,0,0,0,0,0,0,0,0,0,0,0,0,0,0,0,0,0,0,,0,,,,,,,,,,,,,,,,,,,,,1,5082,5081,,,,,,19,,,1,1,,,,,,,,,,,,,,,,,,,,
2742,Possessed Albion studded/reinforced pants,1,166,0,0,0,0,0,403,0,0,0,0,0,0,0,0,0,0,0,0,0,0,0,0,0,0,0,0,0,0,0,0,0,0,0,0,0,0,0,0,0,,0,,,,,,,,,,,,,,,,,,,,,1,,,,,5076,,,,,,,,,,,,,,,,,,,,,,,,,,,
2743,Possessed Albion studded/reinforced sleeves,1,164,0,0,400,0,0,0,0,0,0,0,0,0,0,0,0,0,0,0,0,0,0,0,0,0,0,0,0,0,0,0,0,0,0,0,0,0,0,0,0,,0,,,,,,,,,,,,,,,,,,,,,1,,,5074,,,,,,,,,,,,,,,,,,,,,,,,,,,,,
2744,Possessed Albion studded/reinforced helm,403,129,0,0,0,0,0,0,0,0,315,2,0,0,0,0,0,0,0,0,315,0,0,0,0,0,0,0,0,0,0,0,0,0,0,0,0,0,0,0,0,,0,,,,,,,,,,,,,,,,,,,,,,,,,,,,,,,,,,,1242,1246,1222,1226,1238,1259,1267,1271,1230,1234,1263,1275,,,,,,,
2745,Possessed Albion studded/reinforced boots,1,167,0,0,0,0,0,0,404,0,0,0,0,0,0,0,0,0,0,0,0,0,0,0,0,0,0,0,0,0,0,0,0,0,0,0,0,0,0,0,0,,0,,,,,,,,,,,,,,,,,,,,,1,,,,,,5083,,,,3,,,,,,,,,,,,,,,,,,,,,,
2746,Possessed Albion studded/reinforced gauntlets,1,165,0,0,0,401,0,0,0,0,0,0,0,0,0,0,0,0,0,0,0,0,0,0,0,0,0,0,0,0,0,0,0,0,0,0,0,0,0,0,0,,0,,,,,,,,,,,,,,,,,,,,,1,,,,5072,,,,,3,,,,,,,,,,,,,,,,,,,,,,,
2747,Possessed Albion chain/scale chest,1,106,440,441,0,0,444,0,0,0,0,0,2,1,0,0,0,0,0,0,0,0,0,0,0,0,0,0,0,0,0,0,0,0,0,0,0,0,0,0,0,,0,,,,,,,,,,,,,,,,,,,,,1,5078,5077,,,,,,6,,,1,1,,,,,,,,,,,,,,,,,,,,
2748,Possessed Albion chain/scale leggings,1,122,0,0,0,0,0,445,0,0,0,0,0,0,0,0,0,0,0,0,0,0,0,0,0,0,0,0,0,0,0,0,0,0,0,0,0,0,0,0,0,,0,,,,,,,,,,,,,,,,,,,,,1,,,,,5075,,,,,,,,,,,,,,,,,,,,,,,,,,,
2749,Possessed Albion chain/scale sleeves,1,112,0,0,442,0,0,0,0,0,0,0,0,0,0,0,0,0,0,0,0,0,0,0,0,0,0,0,0,0,0,0,0,0,0,0,0,0,0,0,0,,0,,,,,,,,,,,,,,,,,,,,,1,,,5073,,,,,,,,,,,,,,,,,,,,,,,,,,,,,
2750,Possessed Albion chain/scale helm,401,101,0,0,0,0,0,0,0,0,344,4,0,0,0,0,0,0,0,0,344,0,0,0,0,0,0,0,0,0,0,0,0,0,0,0,0,0,0,0,0,,0,,,,,,,,,,,,,,,,,,,,,,,,,,,,,,,,,,,1240,1244,1220,1224,1236,1257,1265,1269,1228,1232,1261,1273,,,,,,,
2751,Possessed Albion chain/scale boots,1,126,0,0,0,0,0,0,446,0,0,0,0,0,0,0,0,0,0,0,0,0,0,0,0,0,0,0,0,0,0,0,0,0,0,0,0,0,0,0,0,,0,,,,,,,,,,,,,,,,,,,,,1,,,,,,5079,,,,2,,,,,,,,,,,,,,,,,,,,,,
2752,Possessed Albion chain/scale gauntlets,1,116,0,0,0,443,0,0,0,0,0,0,0,0,0,0,0,0,0,0,0,0,0,0,0,0,0,0,0,0,0,0,0,0,0,0,0,0,0,0,0,,0,,,,,,,,,,,,,,,,,,,,,1,,,,5080,,,,,2,,,,,,,,,,,,,,,,,,,,,,,
2753,Possessed Albion plate chest,1,109,345,346,0,0,349,0,0,0,0,0,1,1,0,0,0,0,0,0,0,0,0,0,0,0,0,0,0,0,0,0,0,0,0,0,0,0,0,0,0,,0,,,,,,,,,,,,,,,,,,,,,1,5061,5060,,,,,,12,,,1,1,,,,,,,,,,,,,,,,,,,,
2754,Possessed Albion plate leggings,1,123,0,0,0,0,0,350,0,0,0,0,0,0,0,0,0,0,0,0,0,0,0,0,0,0,0,0,0,0,0,0,0,0,0,0,0,0,0,0,0,,0,,,,,,,,,,,,,,,,,,,,,1,,,,,5051,,,,,,,,,,,,,,,,,,,,,,,,,,,
2755,Possessed Albion plate sleeves,1,113,0,0,347,0,0,0,0,0,0,0,0,0,0,0,0,0,0,0,0,0,0,0,0,0,0,0,0,0,0,0,0,0,0,0,0,0,0,0,0,,0,,,,,,,,,,,,,,,,,,,,,1,,,5036,,,,,,,,,,,,,,,,,,,,,,,,,,,,,
2756,Possessed Albion plate helm,403,102,0,0,0,0,0,0,0,0,352,2,0,0,0,0,0,0,0,0,352,0,0,0,0,0,0,0,0,0,0,0,0,0,0,0,0,0,0,0,0,,0,,,,,,,,,,,,,,,,,,,,,,,,,,,,,,,,,,,1242,1246,1222,1226,1238,1259,1267,1271,1230,1234,1263,1275,,,,,,,
2757,Possessed Albion plate boots,1,127,0,0,0,0,0,0,351,0,0,0,0,0,0,0,0,0,0,0,0,0,0,0,0,0,0,0,0,0,0,0,0,0,0,0,0,0,0,0,0,,0,,,,,,,,,,,,,,,,,,,,,1,,,,,,5066,,,,4,,,,,,,,,,,,,,,,,,,,,,
2758,Possessed Albion plate gauntlets,1,117,0,0,0,348,0,0,0,0,0,0,0,0,0,0,0,0,0,0,0,0,0,0,0,0,0,0,0,0,0,0,0,0,0,0,0,0,0,0,0,,0,,,,,,,,,,,,,,,,,,,,,1,,,,5069,,,,,4,,,,,,,,,,,,,,,,,,,,,,,
2759,Possessed Hibernia cloth chest (alb/hib/mid),1,104,675,676,0,0,679,0,0,0,0,0,1,1,0,0,0,0,0,0,0,0,0,0,0,0,0,0,0,0,0,0,0,0,0,0,0,0,0,0,0,,0,,,,,,,,,,,,,,,,,,,,,1,5038,5037,,,,,,1,,,1,1,,,,,,,,,,,,,,,,,,,,
2760,Possessed Hibernia cloth robe (alb/hib),1,118,377,378,374,0,373,0,0,0,0,0,3,3,0,0,0,0,0,0,0,0,0,0,0,0,0,0,0,0,0,0,0,0,0,0,0,0,0,0,0,,0,,,,,,,,,,,,,,,,,,,,,1,4056,4057,,,,,,16,5,5,-1,-1,,,,,,,,,,,,,,,,,,,,
2761,Possessed Hibernia cloth pants,1,120,0,0,0,0,0,680,0,0,0,0,0,0,0,0,0,0,0,0,0,0,0,0,0,0,0,0,0,0,0,0,0,0,0,0,0,0,0,0,0,,0,,,,,,,,,,,,,,,,,,,,,1,,,,,5045,,,,,,,,,,,,,,,,,,,,,,,,,,,
2762,Possessed Hibernia cloth sleeves,1,110,0,0,677,0,0,0,0,0,0,0,0,0,0,0,0,0,0,0,0,0,0,0,0,0,0,0,0,0,0,0,0,0,0,0,0,0,0,0,0,,0,,,,,,,,,,,,,,,,,,,,,1,,,5030,,,,,,,,,,,,,,,,,,,,,,,,,,,,,
2763,Possessed Hibernia cloth helm,409,128,0,0,0,0,0,0,0,0,2030,2,0,0,0,0,0,0,0,0,615,0,399,0,0,0,405,0,0,0,0,0,0,0,0,0,0,0,0,0,0,,0,,,,,,,,,,,,,,,,,,,,,,,,,,,,,,,,,,,1283,1282,1285,1284,1289,1288,1287,1286,1293,1292,1291,1290,,,,,,,
2764,Possessed Hibernia cloth boots,1,124,0,0,0,0,0,0,681,0,0,0,0,0,0,0,0,0,0,0,0,0,0,0,0,0,0,0,0,0,0,0,0,0,0,0,0,0,0,0,0,,0,,,,,,,,,,,,,,,,,,,,,1,,,,,,5041,,,,7,,,,,,,,,,,,,,,,,,,,,,
2765,Possessed Hibernia cloth gloves,1,114,0,0,0,678,0,0,0,0,0,0,0,0,0,0,0,0,0,0,0,0,0,0,0,0,0,0,0,0,0,0,0,0,0,0,0,0,0,0,0,,0,,,,,,,,,,,,,,,,,,,,,1,,,,5043,,,,,7,,,,,,,,,,,,,,,,,,,,,,,
2766,Possessed Hibernia leather chest,1,105,752,753,0,0,756,0,0,0,0,0,1,1,0,0,0,0,0,0,0,0,0,0,0,0,0,0,0,0,0,0,0,0,0,0,0,0,0,0,0,,0,,,,,,,,,,,,,,,,,,,,,1,5053,5052,,,,,,19,,,1,1,,,,,,,,,,,,,,,,,,,,
2767,Possessed Hibernia leather pants,1,121,0,0,0,0,0,757,0,0,0,0,0,0,0,0,0,0,0,0,0,0,0,0,0,0,0,0,0,0,0,0,0,0,0,0,0,0,0,0,0,,0,,,,,,,,,,,,,,,,,,,,,1,,,,,5049,,,,,,,,,,,,,,,,,,,,,,,,,,,
2768,Possessed Hibernia leather sleeves,1,111,0,0,754,0,0,0,0,0,0,0,0,0,0,0,0,0,0,0,0,0,0,0,0,0,0,0,0,0,0,0,0,0,0,0,0,0,0,0,0,,0,,,,,,,,,,,,,,,,,,,,,1,,,5034,,,,,,,,,,,,,,,,,,,,,,,,,,,,,
2769,Possessed Hibernia leather helm,407,100,0,0,0,0,0,0,0,0,315,4,0,0,0,0,0,0,0,0,315,0,398,0,0,0,404,0,0,0,0,0,0,0,0,0,0,0,0,0,0,,0,,,,,,,,,,,,,,,,,,,,,,,,,,,,,,,,,,,1307,1306,1309,1308,1313,1312,1311,1310,1317,1316,1315,1314,,,,,,,
2770,Possessed Hibernia leather boots,1,125,0,0,0,0,0,0,758,0,0,0,0,0,0,0,0,0,0,0,0,0,0,0,0,0,0,0,0,0,0,0,0,0,0,0,0,0,0,0,0,,0,,,,,,,,,,,,,,,,,,,,,1,,,,,,5056,,,,2,,,,,,,,,,,,,,,,,,,,,,
2771,Possessed Hibernia leather gloves,1,115,0,0,0,755,0,0,0,0,0,0,0,0,0,0,0,0,0,0,0,0,0,0,0,0,0,0,0,0,0,0,0,0,0,0,0,0,0,0,0,,0,,,,,,,,,,,,,,,,,,,,,1,,,,5058,,,,,2,,,,,,,,,,,,,,,,,,,,,,,
2772,Possessed Hibernia studded/reinforced chest,1,161,738,739,0,0,742,0,0,0,0,0,1,1,0,0,0,0,0,0,0,0,0,0,0,0,0,0,0,0,0,0,0,0,0,0,0,0,0,0,0,,0,,,,,,,,,,,,,,,,,,,,,1,5082,5081,,,,,,19,,,1,1,,,,,,,,,,,,,,,,,,,,
2773,Possessed Hibernia studded/reinforced pants,1,166,0,0,0,0,0,743,0,0,0,0,0,0,0,0,0,0,0,0,0,0,0,0,0,0,0,0,0,0,0,0,0,0,0,0,0,0,0,0,0,,0,,,,,,,,,,,,,,,,,,,,,1,,,,,5076,,,,,,,,,,,,,,,,,,,,,,,,,,,
2774,Possessed Hibernia studded/reinforced sleeves,1,164,0,0,740,0,0,0,0,0,0,0,0,0,0,0,0,0,0,0,0,0,0,0,0,0,0,0,0,0,0,0,0,0,0,0,0,0,0,0,0,,0,,,,,,,,,,,,,,,,,,,,,1,,,5074,,,,,,,,,,,,,,,,,,,,,,,,,,,,,
2775,Possessed Hibernia studded/reinforced helm,407,129,0,0,0,0,0,0,0,0,2028,4,0,0,0,0,0,0,0,0,615,0,398,0,0,0,404,0,0,0,0,0,0,0,0,0,0,0,0,0,0,,0,,,,,,,,,,,,,,,,,,,,,,,,,,,,,,,,,,,1307,1306,1309,1308,1313,1312,1311,1310,1317,1316,1315,1314,,,,,,,
2776,Possessed Hibernia studded/reinforced boots,1,167,0,0,0,0,0,0,744,0,0,0,0,0,0,0,0,0,0,0,0,0,0,0,0,0,0,0,0,0,0,0,0,0,0,0,0,0,0,0,0,,0,,,,,,,,,,,,,,,,,,,,,1,,,,,,5083,,,,3,,,,,,,,,,,,,,,,,,,,,,
2777,Possessed Hibernia studded/reinforced gauntlets,1,165,0,0,0,741,0,0,0,0,0,0,0,0,0,0,0,0,0,0,0,0,0,0,0,0,0,0,0,0,0,0,0,0,0,0,0,0,0,0,0,,0,,,,,,,,,,,,,,,,,,,,,1,,,,5072,,,,,3,,,,,,,,,,,,,,,,,,,,,,,
2778,Possessed Hibernia chain/scale chest,1,106,745,746,0,0,749,0,0,0,0,0,1,1,0,0,0,0,0,0,0,0,0,0,0,0,0,0,0,0,0,0,0,0,0,0,0,0,0,0,0,,0,,,,,,,,,,,,,,,,,,,,,1,5078,5077,,,,,,6,,,1,1,,,,,,,,,,,,,,,,,,,,
2779,Possessed Hibernia chain/scale leggings,1,122,0,0,0,0,0,750,0,0,0,0,0,0,0,0,0,0,0,0,0,0,0,0,0,0,0,0,0,0,0,0,0,0,0,0,0,0,0,0,0,,0,,,,,,,,,,,,,,,,,,,,,1,,,,,5075,,,,,,,,,,,,,,,,,,,,,,,,,,,
2780,Possessed Hibernia chain/scale sleeves,1,112,0,0,747,0,0,0,0,0,0,0,0,0,0,0,0,0,0,0,0,0,0,0,0,0,0,0,0,0,0,0,0,0,0,0,0,0,0,0,0,,0,,,,,,,,,,,,,,,,,,,,,1,,,5073,,,,,,,,,,,,,,,,,,,,,,,,,,,,,
2781,Possessed Hibernia chain/scale helm,407,101,0,0,0,0,0,0,0,0,2027,4,0,0,0,0,0,0,0,0,615,0,398,0,0,0,404,0,0,0,0,0,0,0,0,0,0,0,0,0,0,,0,,,,,,,,,,,,,,,,,,,,,,,,,,,,,,,,,,,1307,1306,1309,1308,1313,1312,1311,1310,1317,1316,1315,1314,,,,,,,
2782,Possessed Hibernia chain/scale boots,1,126,0,0,0,0,0,0,751,0,0,0,0,0,0,0,0,0,0,0,0,0,0,0,0,0,0,0,0,0,0,0,0,0,0,0,0,0,0,0,0,,0,,,,,,,,,,,,,,,,,,,,,1,,,,,,5079,,,,2,,,,,,,,,,,,,,,,,,,,,,
2783,Possessed Hibernia chain/scale gauntlets,1,116,0,0,0,748,0,0,0,0,0,0,0,0,0,0,0,0,0,0,0,0,0,0,0,0,0,0,0,0,0,0,0,0,0,0,0,0,0,0,0,,0,,,,,,,,,,,,,,,,,,,,,1,,,,5080,,,,,2,,,,,,,,,,,,,,,,,,,,,,,
2784,Possessed Hibernia plate chest,1,106,745,746,0,0,749,0,0,0,0,0,1,1,0,0,0,0,0,0,0,0,0,0,0,0,0,0,0,0,0,0,0,0,0,0,0,0,0,0,0,,0,,,,,,,,,,,,,,,,,,,,,1,5061,5060,,,,,,12,,,1,1,,,,,,,,,,,,,,,,,,,,
2785,Possessed Hibernia plate leggings,1,122,0,0,0,0,0,750,0,0,0,0,0,0,0,0,0,0,0,0,0,0,0,0,0,0,0,0,0,0,0,0,0,0,0,0,0,0,0,0,0,,0,,,,,,,,,,,,,,,,,,,,,1,,,,,5051,,,,,,,,,,,,,,,,,,,,,,,,,,,
2786,Possessed Hibernia plate sleeves,1,112,0,0,747,0,0,0,0,0,0,0,0,0,0,0,0,0,0,0,0,0,0,0,0,0,0,0,0,0,0,0,0,0,0,0,0,0,0,0,0,,0,,,,,,,,,,,,,,,,,,,,,1,,,5036,,,,,,,,,,,,,,,,,,,,,,,,,,,,,
2787,Possessed Hibernia plate helm,407,101,0,0,0,0,0,0,0,0,2027,4,0,0,0,0,0,0,0,0,615,0,398,0,0,0,404,0,0,0,0,0,0,0,0,0,0,0,0,0,0,,0,,,,,,,,,,,,,,,,,,,,,,,,,,,,,,,,,,,1307,1306,1309,1308,1313,1312,1311,1310,1317,1316,1315,1314,,,,,,,
2788,Possessed Hibernia plate boots,1,126,0,0,0,0,0,0,751,0,0,0,0,0,0,0,0,0,0,0,0,0,0,0,0,0,0,0,0,0,0,0,0,0,0,0,0,0,0,0,0,,0,,,,,,,,,,,,,,,,,,,,,1,,,,,,5066,,,,4,,,,,,,,,,,,,,,,,,,,,,
2789,Possessed Hibernia plate gauntlets,1,116,0,0,0,748,0,0,0,0,0,0,0,0,0,0,0,0,0,0,0,0,0,0,0,0,0,0,0,0,0,0,0,0,0,0,0,0,0,0,0,,0,,,,,,,,,,,,,,,,,,,,,1,,,,5069,,,,,4,,,,,,,,,,,,,,,,,,,,,,,
2790,Good Albion cloth chest (alb/hib/mid),1,104,385,384,0,0,388,0,0,0,0,0,1,1,0,0,0,0,0,0,0,0,0,0,0,0,0,0,0,0,0,0,0,0,0,0,0,0,0,0,0,,0,,,,,,,,,,,,,,,,,,,,,1,5040,5039,,,,,,16,5,5,-1,-1,,,,,,,,,,,,,,,,,,,,
2791,Good Albion cloth robe (alb/hib),1,118,377,378,374,0,373,0,0,0,0,0,3,3,0,0,0,0,0,0,0,0,0,0,0,0,0,0,0,0,0,0,0,0,0,0,0,0,0,0,0,,0,,,,,,,,,,,,,,,,,,,,,1,4647,4644,,,,,,16,5,5,-1,-1,,,,,,,,,,,,,,,,,,,,
2792,Good Albion cloth pants,1,120,0,0,0,0,0,389,0,0,0,0,0,0,0,0,0,0,0,0,0,0,0,0,0,0,0,0,0,0,0,0,0,0,0,0,0,0,0,0,0,,0,,,,,,,,,,,,,,,,,,,,,1,,,,,5046,,,,,,,,,,,,,,,,,,,,,,,,,,,
2793,Good Albion cloth sleeves,1,110,0,0,383,0,0,0,0,0,0,0,0,0,0,0,0,0,0,0,0,0,0,0,0,0,0,0,0,0,0,0,0,0,0,0,0,0,0,0,0,,0,,,,,,,,,,,,,,,,,,,,,1,,,5031,,,,,,,,,,,,,,,,,,,,,,,,,,,,,
2794,Good Albion cloth helm,1,128,0,0,0,0,0,0,0,0,0,0,0,0,0,0,0,0,0,0,0,0,0,0,0,0,0,0,0,0,0,0,0,0,0,0,0,0,0,0,0,,0,,,,,,,,,,,,,,,,,,,,,,,,,,,,,,,,,,,1242,1246,1222,1226,1238,1259,1267,1271,1230,1234,1263,1275,,,,,,,
2795,Good Albion cloth boots,1,124,0,0,0,0,0,0,386,0,0,0,0,0,0,0,0,0,0,0,0,0,0,0,0,0,0,0,0,0,0,0,0,0,0,0,0,0,0,0,0,,0,,,,,,,,,,,,,,,,,,,,,1,,,,,,5042,,,,1,,,,,,,,,,,,,,,,,,,,,,
2796,Good Albion cloth gloves,1,114,0,0,0,387,0,0,0,0,0,0,0,0,0,0,0,0,0,0,0,0,0,0,0,0,0,0,0,0,0,0,0,0,0,0,0,0,0,0,0,,0,,,,,,,,,,,,,,,,,,,,,1,,,,5044,,,,,1,,,,,,,,,,,,,,,,,,,,,,,
2797,Good Albion leather chest,1,105,316,317,0,0,320,0,0,0,0,0,1,1,0,0,0,0,0,0,0,0,0,0,0,0,0,0,0,0,0,0,0,0,0,0,0,0,0,0,0,,0,,,,,,,,,,,,,,,,,,,,,1,5055,4655,,,,,,11,,,1,1,,,,,,,,,,,,,,,,,,,,
2798,Good Albion leather pants,1,121,0,0,0,0,0,321,0,0,0,0,0,0,0,0,0,0,0,0,0,0,0,0,0,0,0,0,0,0,0,0,0,0,0,0,0,0,0,0,0,,0,,,,,,,,,,,,,,,,,,,,,1,,,,,5050,,,,,,,,,,,,,,,,,,,,,,,,,,,
2799,Good Albion leather sleeves,1,111,0,0,318,0,0,0,0,0,0,0,0,0,0,0,0,0,0,0,0,0,0,0,0,0,0,0,0,0,0,0,0,0,0,0,0,0,0,0,0,,0,,,,,,,,,,,,,,,,,,,,,1,,,5035,,,,,,,,,,,,,,,,,,,,,,,,,,,,,
2800,Good Albion leather helm,401,100,0,0,0,0,0,0,0,0,315,4,0,0,0,0,0,0,0,0,315,0,0,0,0,0,0,0,0,0,0,0,0,0,0,0,0,0,0,0,0,,0,,,,,,,,,,,,,,,,,,,,,,,,,,,,,,,,,,,1240,1244,1220,1224,1236,1257,1265,1269,1228,1232,1261,1273,,,,,,,
2801,Good Albion leather boots,1,125,0,0,0,0,0,0,322,0,0,0,0,0,0,0,0,0,0,0,0,0,0,0,0,0,0,0,0,0,0,0,0,0,0,0,0,0,0,0,0,,0,,,,,,,,,,,,,,,,,,,,,1,,,,,,5057,,,,3,,,,,,,,,,,,,,,,,,,,,,
2802,Good Albion leather gloves,1,115,0,0,0,311,0,0,0,0,0,0,0,0,0,0,0,0,0,0,0,0,0,0,0,0,0,0,0,0,0,0,0,0,0,0,0,0,0,0,0,,0,,,,,,,,,,,,,,,,,,,,,1,,,,5059,,,,,3,,,,,,,,,,,,,,,,,,,,,,,
2803,Good Albion studded/reinforced chest,1,163,398,399,0,0,402,0,0,0,0,0,1,1,0,0,0,0,0,0,0,0,0,0,0,0,0,0,0,0,0,0,0,0,0,0,0,0,0,0,0,,0,,,,,,,,,,,,,,,,,,,,,1,5091,5090,,,,,,11,,,1,1,,,,,,,,,,,,,,,,,,,,
2804,Good Albion studded/reinforced pants,1,166,0,0,0,0,0,403,0,0,0,0,0,0,0,0,0,0,0,0,0,0,0,0,0,0,0,0,0,0,0,0,0,0,0,0,0,0,0,0,0,,0,,,,,,,,,,,,,,,,,,,,,1,,,,,5089,,,,,,,,,,,,,,,,,,,,,,,,,,,
2805,Good Albion studded/reinforced sleeves,1,164,0,0,400,0,0,0,0,0,0,0,0,0,0,0,0,0,0,0,0,0,0,0,0,0,0,0,0,0,0,0,0,0,0,0,0,0,0,0,0,,0,,,,,,,,,,,,,,,,,,,,,1,,,5086,,,,,,,,,,,,,,,,,,,,,,,,,,,,,
2806,Good Albion studded/reinforced helm,403,129,0,0,0,0,0,0,0,0,315,2,0,0,0,0,0,0,0,0,315,0,0,0,0,0,0,0,0,0,0,0,0,0,0,0,0,0,0,0,0,,0,,,,,,,,,,,,,,,,,,,,,,,,,,,,,,,,,,,1242,1246,1222,1226,1238,1259,1267,1271,1230,1234,1263,1275,,,,,,,
2807,Good Albion studded/reinforced boots,1,167,0,0,0,0,0,0,404,0,0,0,0,0,0,0,0,0,0,0,0,0,0,0,0,0,0,0,0,0,0,0,0,0,0,0,0,0,0,0,0,,0,,,,,,,,,,,,,,,,,,,,,1,,,,,,5092,,,,3,,,,,,,,,,,,,,,,,,,,,,
2808,Good Albion studded/reinforced gauntlets,1,165,0,0,0,401,0,0,0,0,0,0,0,0,0,0,0,0,0,0,0,0,0,0,0,0,0,0,0,0,0,0,0,0,0,0,0,0,0,0,0,,0,,,,,,,,,,,,,,,,,,,,,1,,,,5093,,,,,3,,,,,,,,,,,,,,,,,,,,,,,
2809,Good Albion chain/scale chest,1,106,440,441,0,0,444,0,0,0,0,0,2,1,0,0,0,0,0,0,0,0,0,0,0,0,0,0,0,0,0,0,0,0,0,0,0,0,0,0,0,,0,,,,,,,,,,,,,,,,,,,,,1,5097,5096,,,,,,12,,,1,1,,,,,,,,,,,,,,,,,,,,
2810,Good Albion chain/scale leggings,1,122,0,0,0,0,0,445,0,0,0,0,0,0,0,0,0,0,0,0,0,0,0,0,0,0,0,0,0,0,0,0,0,0,0,0,0,0,0,0,0,,0,,,,,,,,,,,,,,,,,,,,,1,,,,,5088,,,,,,,,,,,,,,,,,,,,,,,,,,,
2811,Good Albion chain/scale sleeves,1,112,0,0,442,0,0,0,0,0,0,0,0,0,0,0,0,0,0,0,0,0,0,0,0,0,0,0,0,0,0,0,0,0,0,0,0,0,0,0,0,,0,,,,,,,,,,,,,,,,,,,,,1,,,5085,,,,,,,,,,,,,,,,,,,,,,,,,,,,,
2812,Good Albion chain/scale helm,401,101,0,0,0,0,0,0,0,0,344,4,0,0,0,0,0,0,0,0,344,0,0,0,0,0,0,0,0,0,0,0,0,0,0,0,0,0,0,0,0,,0,,,,,,,,,,,,,,,,,,,,,,,,,,,,,,,,,,,1240,1244,1220,1224,1236,1257,1265,1269,1228,1232,1261,1273,,,,,,,
2813,Good Albion chain/scale boots,1,126,0,0,0,0,0,0,446,0,0,0,0,0,0,0,0,0,0,0,0,0,0,0,0,0,0,0,0,0,0,0,0,0,0,0,0,0,0,0,0,,0,,,,,,,,,,,,,,,,,,,,,1,,,,,,5099,,,,4,,,,,,,,,,,,,,,,,,,,,,
2814,Good Albion chain/scale gauntlets,1,116,0,0,0,443,0,0,0,0,0,0,0,0,0,0,0,0,0,0,0,0,0,0,0,0,0,0,0,0,0,0,0,0,0,0,0,0,0,0,0,,0,,,,,,,,,,,,,,,,,,,,,1,,,,5101,,,,,4,,,,,,,,,,,,,,,,,,,,,,,
2815,Good Albion plate chest,1,109,345,346,0,0,349,0,0,0,0,0,1,1,0,0,0,0,0,0,0,0,0,0,0,0,0,0,0,0,0,0,0,0,0,0,0,0,0,0,0,,0,,,,,,,,,,,,,,,,,,,,,1,5095,5094,,,,,,12,,,1,1,,,,,,,,,,,,,,,,,,,,
2816,Good Albion plate leggings,1,123,0,0,0,0,0,350,0,0,0,0,0,0,0,0,0,0,0,0,0,0,0,0,0,0,0,0,0,0,0,0,0,0,0,0,0,0,0,0,0,,0,,,,,,,,,,,,,,,,,,,,,1,,,,,5087,,,,,,,,,,,,,,,,,,,,,,,,,,,
2817,Good Albion plate sleeves,1,113,0,0,347,0,0,0,0,0,0,0,0,0,0,0,0,0,0,0,0,0,0,0,0,0,0,0,0,0,0,0,0,0,0,0,0,0,0,0,0,,0,,,,,,,,,,,,,,,,,,,,,1,,,5084,,,,,,,,,,,,,,,,,,,,,,,,,,,,,
2818,Good Albion plate helm,403,102,0,0,0,0,0,0,0,0,352,2,0,0,0,0,0,0,0,0,352,0,0,0,0,0,0,0,0,0,0,0,0,0,0,0,0,0,0,0,0,,0,,,,,,,,,,,,,,,,,,,,,,,,,,,,,,,,,,,1242,1246,1222,1226,1263,1259,1267,1271,1230,1234,1263,1275,,,,,,,
2819,Good Albion plate boots,1,127,0,0,0,0,0,0,351,0,0,0,0,0,0,0,0,0,0,0,0,0,0,0,0,0,0,0,0,0,0,0,0,0,0,0,0,0,0,0,0,,0,,,,,,,,,,,,,,,,,,,,,1,,,,,,5098,,,,4,,,,,,,,,,,,,,,,,,,,,,
2820,Good Albion plate gauntlets,1,117,0,0,0,348,0,0,0,0,0,0,0,0,0,0,0,0,0,0,0,0,0,0,0,0,0,0,0,0,0,0,0,0,0,0,0,0,0,0,0,,0,,,,,,,,,,,,,,,,,,,,,1,,,,5100,,,,,4,,,,,,,,,,,,,,,,,,,,,,,
2821,Good Hibernia cloth chest (alb/hib/mid),1,104,675,676,0,0,679,0,0,0,0,0,1,1,0,0,0,0,0,0,0,0,0,0,0,0,0,0,0,0,0,0,0,0,0,0,0,0,0,0,0,,0,,,,,,,,,,,,,,,,,,,,,1,5040,5039,,,,,,16,5,5,-1,-1,,,,,,,,,,,,,,,,,,,,
2822,Good Hibernia cloth robe (alb/hib),1,118,377,378,374,0,373,0,0,0,0,0,3,3,0,0,0,0,0,0,0,0,0,0,0,0,0,0,0,0,0,0,0,0,0,0,0,0,0,0,0,,0,,,,,,,,,,,,,,,,,,,,,1,4647,4644,,,,,,16,5,5,-1,-1,,,,,,,,,,,,,,,,,,,,
2823,Good Hibernia cloth pants,1,120,0,0,0,0,0,680,0,0,0,0,0,0,0,0,0,0,0,0,0,0,0,0,0,0,0,0,0,0,0,0,0,0,0,0,0,0,0,0,0,,0,,,,,,,,,,,,,,,,,,,,,1,,,,,5046,,,,,,,,,,,,,,,,,,,,,,,,,,,
2824,Good Hibernia cloth sleeves,1,110,0,0,677,0,0,0,0,0,0,0,0,0,0,0,0,0,0,0,0,0,0,0,0,0,0,0,0,0,0,0,0,0,0,0,0,0,0,0,0,,0,,,,,,,,,,,,,,,,,,,,,1,,,5031,,,,,,,,,,,,,,,,,,,,,,,,,,,,,
2825,Good Hibernia cloth helm,409,128,0,0,0,0,0,0,0,0,2030,2,0,0,0,0,0,0,0,0,615,0,399,0,0,0,405,0,0,0,0,0,0,0,0,0,0,0,0,0,0,,0,,,,,,,,,,,,,,,,,,,,,,,,,,,,,,,,,,,1283,1282,1285,1284,1289,1288,1287,1286,1293,1292,1291,1290,,,,,,,
2826,Good Hibernia cloth boots,1,124,0,0,0,0,0,0,681,0,0,0,0,0,0,0,0,0,0,0,0,0,0,0,0,0,0,0,0,0,0,0,0,0,0,0,0,0,0,0,0,,0,,,,,,,,,,,,,,,,,,,,,1,,,,,,5042,,,,1,,,,,,,,,,,,,,,,,,,,,,
2827,Good Hibernia cloth gloves,1,114,0,0,0,678,0,0,0,0,0,0,0,0,0,0,0,0,0,0,0,0,0,0,0,0,0,0,0,0,0,0,0,0,0,0,0,0,0,0,0,,0,,,,,,,,,,,,,,,,,,,,,1,,,,5044,,,,,1,,,,,,,,,,,,,,,,,,,,,,,
2828,Good Hibernia leather chest,1,105,752,753,0,0,756,0,0,0,0,0,1,1,0,0,0,0,0,0,0,0,0,0,0,0,0,0,0,0,0,0,0,0,0,0,0,0,0,0,0,,0,,,,,,,,,,,,,,,,,,,,,1,5055,5054,,,,,,11,,,1,1,,,,,,,,,,,,,,,,,,,,
2829,Good Hibernia leather pants,1,121,0,0,0,0,0,757,0,0,0,0,0,0,0,0,0,0,0,0,0,0,0,0,0,0,0,0,0,0,0,0,0,0,0,0,0,0,0,0,0,,0,,,,,,,,,,,,,,,,,,,,,1,,,,,5050,,,,,,,,,,,,,,,,,,,,,,,,,,,
2830,Good Hibernia leather sleeves,1,111,0,0,754,0,0,0,0,0,0,0,0,0,0,0,0,0,0,0,0,0,0,0,0,0,0,0,0,0,0,0,0,0,0,0,0,0,0,0,0,,0,,,,,,,,,,,,,,,,,,,,,1,,,5035,,,,,,,,,,,,,,,,,,,,,,,,,,,,,
2831,Good Hibernia leather helm,407,103,0,0,0,0,0,0,0,0,315,4,0,0,0,0,0,0,0,0,315,0,398,0,0,0,404,0,0,0,0,0,0,0,0,0,0,0,0,0,0,,0,,,,,,,,,,,,,,,,,,,,,,,,,,,,,,,,,,,1307,1306,1309,1308,1313,1312,1311,1310,1317,1316,1315,1314,,,,,,,
2832,Good Hibernia leather boots,1,125,0,0,0,0,0,0,758,0,0,0,0,0,0,0,0,0,0,0,0,0,0,0,0,0,0,0,0,0,0,0,0,0,0,0,0,0,0,0,0,,0,,,,,,,,,,,,,,,,,,,,,1,,,,,,5057,,,,3,,,,,,,,,,,,,,,,,,,,,,
2833,Good Hibernia leather gloves,1,115,0,0,0,755,0,0,0,0,0,0,0,0,0,0,0,0,0,0,0,0,0,0,0,0,0,0,0,0,0,0,0,0,0,0,0,0,0,0,0,,0,,,,,,,,,,,,,,,,,,,,,1,,,,5059,,,,,3,,,,,,,,,,,,,,,,,,,,,,,
2834,Good Hibernia studded/reinforced chest,1,163,738,739,0,0,742,0,0,0,0,0,1,1,0,0,0,0,0,0,0,0,0,0,0,0,0,0,0,0,0,0,0,0,0,0,0,0,0,0,0,,0,,,,,,,,,,,,,,,,,,,,,1,5091,5090,,,,,,11,,,1,1,,,,,,,,,,,,,,,,,,,,
2835,Good Hibernia studded/reinforced pants,1,166,0,0,0,0,0,743,0,0,0,0,0,0,0,0,0,0,0,0,0,0,0,0,0,0,0,0,0,0,0,0,0,0,0,0,0,0,0,0,0,,0,,,,,,,,,,,,,,,,,,,,,1,,,,,5089,,,,,,,,,,,,,,,,,,,,,,,,,,,
2836,Good Hibernia studded/reinforced sleeves,1,164,0,0,740,0,0,0,0,0,0,0,0,0,0,0,0,0,0,0,0,0,0,0,0,0,0,0,0,0,0,0,0,0,0,0,0,0,0,0,0,,0,,,,,,,,,,,,,,,,,,,,,1,,,5086,,,,,,,,,,,,,,,,,,,,,,,,,,,,,
2837,Good Hibernia studded/reinforced helm,407,129,0,0,0,0,0,0,0,0,2028,4,0,0,0,0,0,0,0,0,615,0,398,0,0,0,404,0,0,0,0,0,0,0,0,0,0,0,0,0,0,,0,,,,,,,,,,,,,,,,,,,,,,,,,,,,,,,,,,,1307,1306,1309,1308,1313,1312,1311,1310,1317,1316,1315,1314,,,,,,,
2838,Good Hibernia studded/reinforced boots,1,167,0,0,0,0,0,0,744,0,0,0,0,0,0,0,0,0,0,0,0,0,0,0,0,0,0,0,0,0,0,0,0,0,0,0,0,0,0,0,0,,0,,,,,,,,,,,,,,,,,,,,,1,,,,,,5092,,,,3,,,,,,,,,,,,,,,,,,,,,,
2839,Good Hibernia studded/reinforced gauntlets,1,165,0,0,0,741,0,0,0,0,0,0,0,0,0,0,0,0,0,0,0,0,0,0,0,0,0,0,0,0,0,0,0,0,0,0,0,0,0,0,0,,0,,,,,,,,,,,,,,,,,,,,,1,,,,5093,,,,,3,,,,,,,,,,,,,,,,,,,,,,,
2840,Good Hibernia chain/scale chest,1,106,745,746,0,0,749,0,0,0,0,0,1,1,0,0,0,0,0,0,0,0,0,0,0,0,0,0,0,0,0,0,0,0,0,0,0,0,0,0,0,,0,,,,,,,,,,,,,,,,,,,,,1,5097,5096,,,,,,12,,,1,1,,,,,,,,,,,,,,,,,,,,
2841,Good Hibernia chain/scale leggings,1,122,0,0,0,0,0,750,0,0,0,0,0,0,0,0,0,0,0,0,0,0,0,0,0,0,0,0,0,0,0,0,0,0,0,0,0,0,0,0,0,,0,,,,,,,,,,,,,,,,,,,,,1,,,,,5088,,,,,,,,,,,,,,,,,,,,,,,,,,,
2842,Good Hibernia chain/scale sleeves,1,112,0,0,747,0,0,0,0,0,0,0,0,0,0,0,0,0,0,0,0,0,0,0,0,0,0,0,0,0,0,0,0,0,0,0,0,0,0,0,0,,0,,,,,,,,,,,,,,,,,,,,,1,,,5085,,,,,,,,,,,,,,,,,,,,,,,,,,,,,
2843,Good Hibernia chain/scale helm,407,101,0,0,0,0,0,0,0,0,2027,4,0,0,0,0,0,0,0,0,615,0,398,0,0,0,404,0,0,0,0,0,0,0,0,0,0,0,0,0,0,,0,,,,,,,,,,,,,,,,,,,,,,,,,,,,,,,,,,,1307,1306,1309,1308,1313,1312,1311,1310,1317,1316,1315,1314,,,,,,,
2844,Good Hibernia chain/scale boots,1,126,0,0,0,0,0,0,751,0,0,0,0,0,0,0,0,0,0,0,0,0,0,0,0,0,0,0,0,0,0,0,0,0,0,0,0,0,0,0,0,,0,,,,,,,,,,,,,,,,,,,,,1,,,,,,5099,,,,4,,,,,,,,,,,,,,,,,,,,,,
2845,Good Hibernia chain/scale gauntlets,1,116,0,0,0,748,0,0,0,0,0,0,0,0,0,0,0,0,0,0,0,0,0,0,0,0,0,0,0,0,0,0,0,0,0,0,0,0,0,0,0,,0,,,,,,,,,,,,,,,,,,,,,1,,,,5101,,,,,4,,,,,,,,,,,,,,,,,,,,,,,
2846,Good Hibernia plate chest,1,109,745,746,0,0,749,0,0,0,0,0,1,1,0,0,0,0,0,0,0,0,0,0,0,0,0,0,0,0,0,0,0,0,0,0,0,0,0,0,0,,0,,,,,,,,,,,,,,,,,,,,,1,5095,5094,,,,,,12,,,1,1,,,,,,,,,,,,,,,,,,,,
2847,Good Hibernia plate leggings,1,123,0,0,0,0,0,750,0,0,0,0,0,0,0,0,0,0,0,0,0,0,0,0,0,0,0,0,0,0,0,0,0,0,0,0,0,0,0,0,0,,0,,,,,,,,,,,,,,,,,,,,,1,,,,,5087,,,,,,,,,,,,,,,,,,,,,,,,,,,
2848,Good Hibernia plate sleeves,1,113,0,0,747,0,0,0,0,0,0,0,0,0,0,0,0,0,0,0,0,0,0,0,0,0,0,0,0,0,0,0,0,0,0,0,0,0,0,0,0,,0,,,,,,,,,,,,,,,,,,,,,1,,,5084,,,,,,,,,,,,,,,,,,,,,,,,,,,,,
2849,Good Hibernia plate helm,407,102,0,0,0,0,0,0,0,0,2027,4,0,0,0,0,0,0,0,0,615,0,398,0,0,0,404,0,0,0,0,0,0,0,0,0,0,0,0,0,0,,0,,,,,,,,,,,,,,,,,,,,,,,,,,,,,,,,,,,1307,1306,1309,1308,1313,1312,1311,1310,1317,1316,1315,1314,,,,,,,
2850,Good Hibernia plate boots,1,127,0,0,0,0,0,0,751,0,0,0,0,0,0,0,0,0,0,0,0,0,0,0,0,0,0,0,0,0,0,0,0,0,0,0,0,0,0,0,0,,0,,,,,,,,,,,,,,,,,,,,,1,,,,,,5098,,,,4,,,,,,,,,,,,,,,,,,,,,,
2851,Good Hibernia plate gauntlets,1,117,0,0,0,748,0,0,0,0,0,0,0,0,0,0,0,0,0,0,0,0,0,0,0,0,0,0,0,0,0,0,0,0,0,0,0,0,0,0,0,,0,,,,,,,,,,,,,,,,,,,,,1,,,,5100,,,,,4,,,,,,,,,,,,,,,,,,,,,,,
2852,Good Midgard cloth chest (alb/hib/mid),1,104,581,580,0,0,584,0,0,0,0,0,1,1,0,0,0,0,0,0,0,0,0,0,0,0,0,0,0,0,0,0,0,0,0,0,0,0,0,0,0,,0,,,,,,,,,,,,,,,,,,,,,1,5040,5039,,,,,,16,5,5,-1,1,,,,,,,,,,,,,,,,,,,,
2853,Good Midgard cloth robe (alb/hib),1,118,377,378,374,0,373,0,0,0,0,0,3,3,0,0,0,0,0,0,0,0,0,0,0,0,0,0,0,0,0,0,0,0,0,0,0,0,0,0,0,,0,,,,,,,,,,,,,,,,,,,,,1,4647,4644,,,,,,16,5,5,-1,-1,,,,,,,,,,,,,,,,,,,,
2854,Good Midgard cloth pants,1,120,0,0,0,0,0,585,0,0,0,0,0,0,0,0,0,0,0,0,0,0,0,0,0,0,0,0,0,0,0,0,0,0,0,0,0,0,0,0,0,,0,,,,,,,,,,,,,,,,,,,,,1,,,,,5046,,,,,,,,,,,,,,,,,,,,,,,,,,,
2855,Good Midgard cloth sleeves,1,110,0,0,586,0,0,0,0,0,0,0,0,0,0,0,0,0,0,0,0,0,0,0,0,0,0,0,0,0,0,0,0,0,0,0,0,0,0,0,0,,0,,,,,,,,,,,,,,,,,,,,,1,,,5031,,,,,,,,,,,,,,,,,,,,,,,,,,,,,
2856,Good Midgard cloth helm,391,128,0,0,0,0,0,0,0,0,315,2,0,0,0,0,0,0,0,0,615,0,397,0,0,0,394,397,0,0,0,0,0,0,0,0,0,0,0,0,0,,0,,,,,,,,,,,,,,,,,,,,,,,,,,,,,,,,,,,1120,1119,1114,1113,1118,1117,1122,1121,1124,1123,1116,1115,,,,,,,
2857,Good Midgard cloth boots,1,124,0,0,0,0,0,0,582,0,0,0,0,0,0,0,0,0,0,0,0,0,0,0,0,0,0,0,0,0,0,0,0,0,0,0,0,0,0,0,0,,0,,,,,,,,,,,,,,,,,,,,,1,,,,,,5042,,,,1,,,,,,,,,,,,,,,,,,,,,,
2858,Good Midgard cloth gloves,1,114,0,0,0,583,0,0,0,0,0,0,0,0,0,0,0,0,0,0,0,0,0,0,0,0,0,0,0,0,0,0,0,0,0,0,0,0,0,0,0,,0,,,,,,,,,,,,,,,,,,,,,1,,,,5044,,,,,1,,,,,,,,,,,,,,,,,,,,,,,
2859,Good Midgard leather chest,1,105,573,574,0,0,577,0,0,0,0,0,1,1,0,0,0,0,0,0,0,0,0,0,0,0,0,0,0,0,0,0,0,0,0,0,0,0,0,0,0,,0,,,,,,,,,,,,,,,,,,,,,1,5055,5054,,,,,,11,,,1,1,,,,,,,,,,,,,,,,,,,,
2860,Good Midgard leather pants,1,121,0,0,0,0,0,578,0,0,0,0,0,0,0,0,0,0,0,0,0,0,0,0,0,0,0,0,0,0,0,0,0,0,0,0,0,0,0,0,0,,0,,,,,,,,,,,,,,,,,,,,,1,,,,,5050,,,,,,,,,,,,,,,,,,,,,,,,,,,
2861,Good Midgard leather sleeves,1,111,0,0,575,0,0,0,0,0,0,0,0,0,0,0,0,0,0,0,0,0,0,0,0,0,0,0,0,0,0,0,0,0,0,0,0,0,0,0,0,,0,,,,,,,,,,,,,,,,,,,,,1,,,5035,,,,,,,,,,,,,,,,,,,,,,,,,,,,,
2862,Good Midgard leather helm,389,103,0,0,0,0,0,0,0,0,315,4,0,0,0,0,0,0,0,0,315,0,395,0,0,0,392,395,0,0,0,0,0,0,0,0,0,0,0,0,0,,0,,,,,,,,,,,,,,,,,,,,,,,,,,,,,,,,,,,1144,1143,1138,1137,1142,1141,1146,1145,1148,1147,1140,1139,,,,,,,
2863,Good Midgard leather boots,1,125,0,0,0,0,0,0,579,0,0,0,0,0,0,0,0,0,0,0,0,0,0,0,0,0,0,0,0,0,0,0,0,0,0,0,0,0,0,0,0,,0,,,,,,,,,,,,,,,,,,,,,1,,,,,,5057,,,,3,,,,,,,,,,,,,,,,,,,,,,
2864,Good Midgard leather gloves,1,115,0,0,0,576,0,0,0,0,0,0,0,0,0,0,0,0,0,0,0,0,0,0,0,0,0,0,0,0,0,0,0,0,0,0,0,0,0,0,0,,0,,,,,,,,,,,,,,,,,,,,,1,,,,5059,,,,,3,,,,,,,,,,,,,,,,,,,,,,,
2865,Good Midgard studded/reinforced chest,1,163,559,560,0,0,563,0,0,0,0,0,1,1,0,0,0,0,0,0,0,0,0,0,0,0,0,0,0,0,0,0,0,0,0,0,0,0,0,0,0,,0,,,,,,,,,,,,,,,,,,,,,1,5091,5090,,,,,,11,,,1,1,,,,,,,,,,,,,,,,,,,,
2866,Good Midgard studded/reinforced pants,1,166,0,0,0,0,0,564,0,0,0,0,0,0,0,0,0,0,0,0,0,0,0,0,0,0,0,0,0,0,0,0,0,0,0,0,0,0,0,0,0,,0,,,,,,,,,,,,,,,,,,,,,1,,,,,5089,,,,,,,,,,,,,,,,,,,,,,,,,,,
2867,Good Midgard studded/reinforced sleeves,1,164,0,0,561,0,0,0,0,0,0,0,0,0,0,0,0,0,0,0,0,0,0,0,0,0,0,0,0,0,0,0,0,0,0,0,0,0,0,0,0,,0,,,,,,,,,,,,,,,,,,,,,1,,,5086,,,,,,,,,,,,,,,,,,,,,,,,,,,,,
2868,Good Midgard studded/reinforced helm,389,129,0,0,0,0,0,0,0,0,2029,4,0,0,0,0,0,0,0,0,2029,0,395,0,0,0,392,395,0,0,0,0,0,0,0,0,0,0,0,0,0,,0,,,,,,,,,,,,,,,,,,,,,,,,,,,,,,,,,,,1144,1143,1138,1137,1142,1141,1146,1145,1148,1147,1140,1139,,,,,,,
2869,Good Midgard studded/reinforced boots,1,167,0,0,0,0,0,0,565,0,0,0,0,0,0,0,0,0,0,0,0,0,0,0,0,0,0,0,0,0,0,0,0,0,0,0,0,0,0,0,0,,0,,,,,,,,,,,,,,,,,,,,,1,,,,,,5092,,,,3,,,,,,,,,,,,,,,,,,,,,,
2870,Good Midgard studded/reinforced gauntlets,1,165,0,0,0,562,0,0,0,0,0,0,0,0,0,0,0,0,0,0,0,0,0,0,0,0,0,0,0,0,0,0,0,0,0,0,0,0,0,0,0,,0,,,,,,,,,,,,,,,,,,,,,1,,,,5093,,,,,3,,,,,,,,,,,,,,,,,,,,,,,
2871,Good Midgard chain/scale chest,1,106,566,567,0,0,570,0,0,0,0,0,2,2,0,0,0,0,0,0,0,0,0,0,0,0,0,0,0,0,0,0,0,0,0,0,0,0,0,0,0,,0,,,,,,,,,,,,,,,,,,,,,1,5097,5096,,,,,,12,,,1,1,,,,,,,,,,,,,,,,,,,,
2872,Good Midgard chain/scale leggings,1,122,0,0,0,0,0,571,0,0,0,0,0,0,0,0,0,0,0,0,0,0,0,0,0,0,0,0,0,0,0,0,0,0,0,0,0,0,0,0,0,,0,,,,,,,,,,,,,,,,,,,,,1,,,,,5088,,,,,,,,,,,,,,,,,,,,,,,,,,,
2873,Good Midgard chain/scale sleeves,1,112,0,0,568,0,0,0,0,0,0,0,0,0,0,0,0,0,0,0,0,0,0,0,0,0,0,0,0,0,0,0,0,0,0,0,0,0,0,0,0,,0,,,,,,,,,,,,,,,,,,,,,1,,,5085,,,,,,,,,,,,,,,,,,,,,,,,,,,,,
2874,Good Midgard chain/scale helm,389,101,0,0,0,0,0,0,0,0,615,4,0,0,0,0,0,0,0,0,615,0,395,0,0,0,392,395,0,0,0,0,0,0,0,0,0,0,0,0,0,,0,,,,,,,,,,,,,,,,,,,,,,,,,,,,,,,,,,,1144,1143,1138,1137,1142,1141,1146,1145,1148,1147,1140,1139,,,,,,,
2875,Good Midgard chain/scale boots,1,126,0,0,0,0,0,0,572,0,0,0,0,0,0,0,0,0,0,0,0,0,0,0,0,0,0,0,0,0,0,0,0,0,0,0,0,0,0,0,0,,0,,,,,,,,,,,,,,,,,,,,,1,,,,,,5099,,,,4,,,,,,,,,,,,,,,,,,,,,,
2876,Good Midgard chain/scale gauntlets,1,116,0,0,0,569,0,0,0,0,0,0,0,0,0,0,0,0,0,0,0,0,0,0,0,0,0,0,0,0,0,0,0,0,0,0,0,0,0,0,0,,0,,,,,,,,,,,,,,,,,,,,,1,,,,5101,,,,,4,,,,,,,,,,,,,,,,,,,,,,,
2877,Good Midgard plate chest,1,109,566,567,0,0,570,0,0,0,0,0,2,2,0,0,0,0,0,0,0,0,0,0,0,0,0,0,0,0,0,0,0,0,0,0,0,0,0,0,0,,0,,,,,,,,,,,,,,,,,,,,,1,5095,5094,,,,,,12,,,1,1,,,,,,,,,,,,,,,,,,,,
2878,Good Midgard plate leggings,1,123,0,0,0,0,0,571,0,0,0,0,0,0,0,0,0,0,0,0,0,0,0,0,0,0,0,0,0,0,0,0,0,0,0,0,0,0,0,0,0,,0,,,,,,,,,,,,,,,,,,,,,1,,,,,5087,,,,,,,,,,,,,,,,,,,,,,,,,,,
2879,Good Midgard plate sleeves,1,113,0,0,568,0,0,0,0,0,0,0,0,0,0,0,0,0,0,0,0,0,0,0,0,0,0,0,0,0,0,0,0,0,0,0,0,0,0,0,0,,0,,,,,,,,,,,,,,,,,,,,,1,,,5084,,,,,,,,,,,,,,,,,,,,,,,,,,,,,
2880,Good Midgard plate helm,389,102,0,0,0,0,0,0,0,0,615,4,0,0,0,0,0,0,0,0,615,0,395,0,0,0,392,395,0,0,0,0,0,0,0,0,0,0,0,0,0,,0,,,,,,,,,,,,,,,,,,,,,,,,,,,,,,,,,,,1144,1143,1138,1137,1142,1141,1146,1145,1148,1147,1140,1139,,,,,,,
2881,Good Midgard plate boots,1,127,0,0,0,0,0,0,572,0,0,0,0,0,0,0,0,0,0,0,0,0,0,0,0,0,0,0,0,0,0,0,0,0,0,0,0,0,0,0,0,,0,,,,,,,,,,,,,,,,,,,,,1,,,,,,5098,,,,4,,,,,,,,,,,,,,,,,,,,,,
2882,Good Midgard plate gauntlets,1,117,0,0,0,569,0,0,0,0,0,0,0,0,0,0,0,0,0,0,0,0,0,0,0,0,0,0,0,0,0,0,0,0,0,0,0,0,0,0,0,,0,,,,,,,,,,,,,,,,,,,,,1,,,,5100,,,,,4,,,,,,,,,,,,,,,,,,,,,,,
2898,Small Evil Tent,1102,0,0,0,0,0,0,0,0,0,0,0,0,0,0,0,0,0,0,0,0,0,0,0,0,0,0,0,0,0,0,0,0,0,0,0,0,0,0,0,0,,0,,,,,,,,1,,,,,,,,,,,,,,,,,,,,,,,,,,,,,,,,,,,,,,,,,,,,,
2899,Large Evil Tent,1101,0,0,0,0,0,0,0,0,0,0,0,0,0,0,0,0,0,0,0,0,0,0,0,0,0,0,0,0,0,0,0,0,0,0,0,0,0,0,0,0,,0,,,,,,,,1,,,,,,,,,,,,,,,,,,,,,,,,,,,,,,,,,,,,,,,,,,,,,
2900,Grave Tomb Plain,1103,0,0,0,0,0,0,0,0,0,0,0,0,0,0,0,0,0,0,0,0,0,0,0,0,0,0,0,0,0,0,0,0,0,0,0,0,0,0,0,0,0,0,,,,,,,,1,,,,,,,,,,,,,,,,,,,,,,,,,,,,,,,,,,,,,,,,,,,,,
2901,Crypt Capped,1104,0,0,0,0,0,0,0,0,0,0,0,0,0,0,0,0,0,0,0,0,0,0,0,0,0,0,0,0,0,0,0,0,0,0,0,0,0,0,0,0,0,0,,,,,,,,1,,,,,,,,,,,,,,,,,,,,,,,,,,,,,,,,,,,,,,,,,,,,,
2902,Crypt Coffin,1105,0,0,0,0,0,0,0,0,0,0,0,0,0,0,0,0,0,0,0,0,0,0,0,0,0,0,0,0,0,0,0,0,0,0,0,0,0,0,0,0,0,0,,,,,,,,1,,,,,,,,,,,,,,,,,,,,,,,,,,,,,,,,,,,,,,,,,,,,,
2903,Crypt Curved,1106,0,0,0,0,0,0,0,0,0,0,0,0,0,0,0,0,0,0,0,0,0,0,0,0,0,0,0,0,0,0,0,0,0,0,0,0,0,0,0,0,0,0,,,,,,,,1,,,,,,,,,,,,,,,,,,,,,,,,,,,,,,,,,,,,,,,,,,,,,
2904,Crypt Flat,1107,0,0,0,0,0,0,0,0,0,0,0,0,0,0,0,0,0,0,0,0,0,0,0,0,0,0,0,0,0,0,0,0,0,0,0,0,0,0,0,0,0,0,,,,,,,,1,,,,,,,,,,,,,,,,,,,,,,,,,,,,,,,,,,,,,,,,,,,,,
2905,Crypt Pointed,1108,0,0,0,0,0,0,0,0,0,0,0,0,0,0,0,0,0,0,0,0,0,0,0,0,0,0,0,0,0,0,0,0,0,0,0,0,0,0,0,0,0,0,,,,,,,,1,,,,,,,,,,,,,,,,,,,,,,,,,,,,,,,,,,,,,,,,,,,,,
2906,Grave Column,1109,0,0,0,0,0,0,0,0,0,0,0,0,0,0,0,0,0,0,0,0,0,0,0,0,0,0,0,0,0,0,0,0,0,0,0,0,0,0,0,0,0,0,,,,,,,,1,,,,,,,,,,,,,,,,,,,,,,,,,,,,,,,,,,,,,,,,,,,,,
2907,Grave Mausoleum,1110,0,0,0,0,0,0,0,0,0,0,0,0,0,0,0,0,0,0,0,0,0,0,0,0,0,0,0,0,0,0,0,0,0,0,0,0,0,0,0,0,0,0,,,,,,,,1,,,,,,,,,,,,,,,,,,,,,,,,,,,,,,,,,,,,,,,,,,,,,
2908,Grave Tomb Carved,1111,0,0,0,0,0,0,0,0,0,0,0,0,0,0,0,0,0,0,0,0,0,0,0,0,0,0,0,0,0,0,0,0,0,0,0,0,0,0,0,0,0,0,,,,,,,,1,,,,,,,,,,,,,,,,,,,,,,,,,,,,,,,,,,,,,,,,,,,,,
2909,Invisible Object,0,0,0,0,0,0,0,0,0,0,0,0,0,0,0,0,0,0,0,0,0,0,0,0,0,0,0,0,0,0,0,0,0,0,0,0,0,0,0,0,0,0,0,,,,,,,,,,,,,,,,,,,,,,,,,,,,,,,,,,,,,,,,,,,,,,,,,,,,,
2910,Gold Pickaxe Trophy,1,580,0,0,0,0,0,0,0,0,0,0,0,0,0,0,0,0,0,0,0,0,0,0,0,0,0,0,0,0,0,0,0,0,1112,0,0,0,0,0,0,1,0,,,,,,,,,,,,,,,,,,,,,,,,,,,,,,,,,,,,,,,,,,,,,,,,,,,,,
2911,Saddle Bags,1,560,0,0,0,0,0,0,0,0,0,0,0,0,0,0,0,0,0,0,0,0,0,0,0,0,0,0,0,0,0,0,0,0,0,0,0,0,0,0,0,,0,,,,,,,,,,,,,,,,,,,,,,,,,,,,,,,,,,,,,,,,,,,,,,,,,,,,,
2912,Horse,1,2846,0,0,0,0,0,0,0,0,0,0,0,0,0,0,0,0,0,0,0,0,0,0,0,0,0,0,0,0,0,0,0,0,0,0,0,0,0,0,0,1,0,,,,,,,,,,,,,,,,,,,,,,,,,,,,,,,,,,,,,,,,,,,,,,,,,,,,,
2913,Horse Armor,1,2847,0,0,0,0,0,0,0,0,0,0,0,0,0,0,0,0,0,0,0,0,0,0,0,0,0,0,0,0,0,0,0,0,0,0,0,0,0,0,0,0,0,,,,,,,,,,,,,,,,,,,,,,,,,,,,,,,,,,,,,,,,,,,,,,,,,,,,,
2914,Horse Barding,1,2848,0,0,0,0,0,0,0,0,0,0,0,0,0,0,0,0,0,0,0,0,0,0,0,0,0,0,0,0,0,0,0,0,0,0,0,0,0,0,0,,0,,,,,,,,,,,,,,,,,,,,,,,,,,,,,,,,,,,,,,,,,,,,,,,,,,,,,
2920,Dark Crystal Fire,1064,1,0,0,0,0,0,0,0,0,0,0,0,0,0,0,0,0,0,0,0,0,0,0,0,0,0,0,0,0,0,0,0,0,0,0,0,0,0,0,0,0,0,,,,,,,,,,,,80,80,80,,,,,,,,,,,,,,,,,,,,,,,,,,,,,,,,,,,,,,,
2921,Heretic Epic Robe,1,118,2120,2121,2122,0,2119,0,0,0,0,0,3,3,0,0,0,0,0,0,0,0,0,0,0,0,0,0,0,0,0,0,0,0,0,0,0,0,0,0,0,,0,,,,,,,,,,,,,,,,,,,,,1,5140,5139,,,,,,16,5,5,-1,-1,,,,,,,,,,,,,,,,,,,,
2922,Bainshee Epic Robe,1,118,892,893,894,0,895,0,0,0,0,0,3,3,0,0,0,0,0,0,0,0,0,0,0,0,0,0,0,0,0,0,0,0,0,0,0,0,0,0,0,,0,,,,,,,,,,,,,,,,,,,,,1,5127,5127,,,,,,16,5,5,-1,-1,,,,,,,,,,,,,,,,,,,,
2923,Vampiir Epic Vest,1,105,907,908,0,0,909,0,0,0,0,0,1,1,0,0,0,0,0,0,0,0,0,0,0,0,0,0,0,0,0,0,0,0,0,0,0,0,0,0,0,,0,,,,,,,,,,,,,,,,,,,,,1,5132,5133,,,,,,7,,,1,1,,,,,,,,,,,,,,,,,,,,
2924,Vampiir Epic Legs,1,121,0,0,0,0,0,910,0,0,0,0,0,0,0,0,0,0,0,0,0,0,0,0,0,0,0,0,0,0,0,0,0,0,0,0,0,0,0,0,0,,0,,,,,,,,,,,,,,,,,,,,,1,,,,,5137,,,,,,,,,,,,,,,,,,,,,,,,,,,
2925,Vampiir Epic Arms,1,111,0,0,911,0,0,0,0,0,0,0,0,0,0,0,0,0,0,0,0,0,0,0,0,0,0,0,0,0,0,0,0,0,0,0,0,0,0,0,0,,0,,,,,,,,,,,,,,,,,,,,,1,,,5136,,,,,,,,,,,,,,,,,,,,,,,,,,,,,
2926,Vampiir Epic Gloves,1,115,0,0,0,912,0,0,0,0,0,0,0,0,0,0,0,0,0,0,0,0,0,0,0,0,0,0,0,0,0,0,0,0,0,0,0,0,0,0,0,,0,,,,,,,,,,,,,,,,,,,,,1,,,,5135,,,,,3,,,,,,,,,,,,,,,,,,,,,,,
2927,Vampiir Epic Boots,1,125,0,0,0,0,0,0,913,0,0,0,0,0,0,0,0,0,0,0,0,0,0,0,0,0,0,0,0,0,0,0,0,0,0,0,0,0,0,0,0,,0,,,,,,,,,,,,,,,,,,,,,1,,,,,,5134,,,,3,,,,,,,,,,,,,,,,,,,,,,
2928,Valkyrie Epic Vest,1,106,921,922,0,0,923,0,0,0,0,0,1,1,0,0,0,0,0,0,0,0,0,0,0,0,0,0,0,0,0,0,0,0,0,0,0,0,0,0,0,,0,,,,,,,,,,,,,,,,,,,,,1,5141,5141,,,,,,5,,,1,1,,,,,,,,,,,,,,,,,,,,
2929,Valkyrie Epic Legs,1,122,0,0,0,0,0,924,0,0,0,0,0,0,0,0,0,0,0,0,0,0,0,0,0,0,0,0,0,0,0,0,0,0,0,0,0,0,0,0,0,,0,,,,,,,,,,,,,,,,,,,,,1,,,,,5142,,,,,,,,,,,,,,,,,,,,,,,,,,,
2930,Valkyrie Epic Arms,1,112,0,0,925,0,0,0,0,0,0,0,0,0,0,0,0,0,0,0,0,0,0,0,0,0,0,0,0,0,0,0,0,0,0,0,0,0,0,0,0,,0,,,,,,,,,,,,,,,,,,,,,1,,,5143,,,,,,,,,,,,,,,,,,,,,,,,,,,,,
2931,Valkyrie Epic Gloves,1,116,0,0,0,926,0,0,0,0,0,0,0,0,0,0,0,0,0,0,0,0,0,0,0,0,0,0,0,0,0,0,0,0,0,0,0,0,0,0,0,,0,,,,,,,,,,,,,,,,,,,,,1,,,,5144,,,,,2,,,,,,,,,,,,,,,,,,,,,,,
2932,Valkyrie Epic Boots,1,126,0,0,0,0,0,0,927,0,0,0,0,0,0,0,0,0,0,0,0,0,0,0,0,0,0,0,0,0,0,0,0,0,0,0,0,0,0,0,0,,0,,,,,,,,,,,,,,,,,,,,,1,,,,,,5145,,,,2,,,,,,,,,,,,,,,,,,,,,,
2933,Warlock Epic Cloth Vest,1,104,978,979,0,0,980,0,0,0,0,0,2,2,0,0,0,0,0,0,0,0,0,0,0,0,0,0,0,0,0,0,0,0,0,0,0,0,0,0,0,,0,,,,,,,,,,,,,,,,,,,,,1,5122,5123,,,,,,16,5,5,-1,-1,,,,,,,,,,,,,,,,,,,,
2934,Warlock Epic Cloth Legs,1,120,0,0,0,0,0,981,0,0,0,0,0,0,0,0,0,0,0,0,0,0,0,0,0,0,0,0,0,0,0,0,0,0,0,0,0,0,0,0,0,,0,,,,,,,,,,,,,,,,,,,,,1,,,,,5124,,,,,,,,,,,,,,,,,,,,,,,,,,,
2936,Warlock Epic Cloth Gloves,1,114,0,0,0,983,0,0,0,0,0,0,0,0,0,0,0,0,0,0,0,0,0,0,0,0,0,0,0,0,0,0,0,0,0,0,0,0,0,0,0,,0,,,,,,,,,,,,,,,,,,,,,1,,,,5125,,,,,1,,,,,,,,,,,,,,,,,,,,,,,
2937,Warlock Epic Cloth Boots,1,124,0,0,0,0,0,0,984,0,0,0,0,0,0,0,0,0,0,0,0,0,0,0,0,0,0,0,0,0,0,0,0,0,0,0,0,0,0,0,0,,0,,,,,,,,,,,,,,,,,,,,,1,,,,,,5126,,,,1,,,,,,,,,,,,,,,,,,,,,,
2938,Rediscovered Chain Hauberk,1,106,5003,5002,0,0,5006,0,0,0,0,0,2,1,0,0,0,0,0,0,0,0,0,0,0,0,0,0,0,0,0,0,0,0,0,0,0,0,0,0,0,,0,,,,,,,,,,,,,,,,,,,,,1,4030,4031,,,,,,6,,,1,1,,,,,,,,,,,,,,,,,,,,
2939,Rediscovered Chain Leggings,1,122,0,0,0,0,0,5000,0,0,0,0,0,0,0,0,0,0,0,0,0,0,0,0,0,0,0,0,0,0,0,0,0,0,0,0,0,0,0,0,0,,0,,,,,,,,,,,,,,,,,,,,,1,,,,,4034,,,,,,,,,,,,,,,,,,,,,,,,,,,
2940,Rediscovered Chain Arms,1,112,0,0,5001,0,0,0,0,0,0,0,0,0,0,0,0,0,0,0,0,0,0,0,0,0,0,0,0,0,0,0,0,0,0,0,0,0,0,0,0,,0,,,,,,,,,,,,,,,,,,,,,1,,,4032,,,,,,,,,,,,,,,,,,,,,,,,,,,,,
2941,Rediscovered Chain Gloves,1,116,0,0,0,5005,0,0,0,0,0,0,0,0,0,0,0,0,0,0,0,0,0,0,0,0,0,0,0,0,0,0,0,0,0,0,0,0,0,0,0,,0,,,,,,,,,,,,,,,,,,,,,1,,,,4033,,,,,2,,,,,,,,,,,,,,,,,,,,,,,
2942,Rediscovered Chain Boots,1,126,0,0,0,0,0,0,5004,0,0,0,0,0,0,0,0,0,0,0,0,0,0,0,0,0,0,0,0,0,0,0,0,0,0,0,0,0,0,0,0,,0,,,,,,,,,,,,,,,,,,,,,1,,,,,,4035,,,,2,,,,,,,,,,,,,,,,,,,,,,
2943,Catacomb Norse Guard Chain 3 Legs,1,122,0,0,0,0,0,571,0,0,0,0,0,0,0,0,0,0,0,0,0,0,0,0,0,0,0,0,0,0,0,0,0,0,0,0,0,0,0,0,0,,0,,,,,,,,,,,,,,,,,,,,,1,,,,,5021,,,,,,,,,,,,,,,,,,,,,,,,,,,
2944,Catacomb Norse Guard Chain 3 Arms,1,112,0,0,568,0,0,0,0,0,0,0,0,0,0,0,0,0,0,0,0,0,0,0,0,0,0,0,0,0,0,0,0,0,0,0,0,0,0,0,0,,0,,,,,,,,,,,,,,,,,,,,,1,,,5018,,,,,,,,,,,,,,,,,,,,,,,,,,,,,
2945,Catacomb Norse Guard Chain 3 Gloves,1,116,0,0,0,569,0,0,0,0,0,0,0,0,0,0,0,0,0,0,0,0,0,0,0,0,0,0,0,0,0,0,0,0,0,0,0,0,0,0,0,,0,,,,,,,,,,,,,,,,,,,,,1,,,,5020,,,,,2,,,,,,,,,,,,,,,,,,,,,,,
2946,Catacomb Norse Guard Chain 3 Boots,1,126,0,0,0,0,0,0,572,0,0,0,0,0,0,0,0,0,0,0,0,0,0,0,0,0,0,0,0,0,0,0,0,0,0,0,0,0,0,0,0,,0,,,,,,,,,,,,,,,,,,,,,1,,,,,,5019,,,,2,,,,,,,,,,,,,,,,,,,,,,
2947,Warlock Cauldron Thingy,1067,1,0,0,0,0,0,0,0,0,0,0,0,0,0,0,0,0,0,0,0,0,0,0,0,0,0,0,0,0,0,0,0,0,0,0,0,0,0,0,0,,0,,,,,,,,,,,,91,91,91,,,,,,,,,,,,,,,,,,,,,,,,,,,,,,,,,,,,,,,
2948,Bainshee Epic Arms,1,110,0,0,383,0,0,0,0,0,0,0,0,0,0,0,0,0,0,0,0,0,0,0,0,0,0,0,0,0,0,0,0,0,0,0,0,0,0,0,0,,0,,,,,,,,,,,,,,,,,,,,,1,,,5128,,,,,,,,,,,,,,,,,,,,,,,,,,,,,
2949,Bainshee Epic Legs,1,120,0,0,0,0,0,389,0,0,0,0,0,0,0,0,0,0,0,0,0,0,0,0,0,0,0,0,0,0,0,0,0,0,0,0,0,0,0,0,0,,0,,,,,,,,,,,,,,,,,,,,,1,,,,,5131,,,,,,,,,,,,,,,,,,,,,,,,,,,
2950,Bainshee Epic Gloves,1,114,0,0,0,387,0,0,0,0,0,0,0,0,0,0,0,0,0,0,0,0,0,0,0,0,0,0,0,0,0,0,0,0,0,0,0,0,0,0,0,,0,,,,,,,,,,,,,,,,,,,,,1,,,,5130,,,,,7,,,,,,,,,,,,,,,,,,,,,,,
2951,Winged Valk Helm,1020,2296,0,0,0,0,0,0,0,0,2683,2,0,0,0,0,0,0,0,0,2683,0,1017,0,0,0,1015,0,0,0,0,0,0,0,0,0,0,0,0,0,0,,0,,,,,,,,,,,,,,,,,,,,,,,,,,,,,,,,,,,1553,1618,1547,1619,1551,1550,1555,1554,1557,1556,1549,1620,5138,,,,,,
2952,Bainshee Epic Boots,1,124,0,0,0,0,0,0,386,0,0,0,0,0,0,0,0,0,0,0,0,0,0,0,0,0,0,0,0,0,0,0,0,0,0,0,0,0,0,0,0,,0,,,,,,,,,,,,,,,,,,,,,1,,,,,,5129,,,,7,,,,,,,,,,,,,,,,,,,,,,
2953,Player Appreciaton Green,1621,199,0,0,0,0,0,0,0,0,0,0,0,0,0,0,0,0,0,0,0,0,0,0,0,0,0,0,0,0,0,0,0,0,0,0,0,0,0,0,0,,,,,,,,,,,,,,,,,,,,,,,,,,,,,,,,,,,,,,,,,,,,,,,,,,,,,,,
2954,Player Appreciaton Red,1622,199,0,0,0,0,0,0,0,0,0,0,0,0,0,0,0,0,0,0,0,0,0,0,0,0,0,0,0,0,0,0,0,0,0,0,0,0,0,0,0,,,,,,,,,,,,,,,,,,,,,,,,,,,,,,,,,,,,,,,,,,,,,,,,,,,,,,,
2955,Player Appreciaton Blue,1623,199,0,0,0,0,0,0,0,0,0,0,0,0,0,0,0,0,0,0,0,0,0,0,0,0,0,0,0,0,0,0,0,0,0,0,0,0,0,0,0,,,,,,,,,,,,,,,,,,,,,,,,,,,,,,,,,,,,,,,,,,,,,,,,,,,,,,,
2958,Hockey_rack,1625,1,0,0,0,0,0,0,0,0,0,0,0,0,0,0,0,0,0,0,0,0,0,0,0,0,0,0,0,0,0,0,0,0,0,0,0,0,0,0,0,,,,,,,,,,,,,,,,,,,,,,,,,,,,,,,,,,,,,,,,,,,,,,,,,,,,,,,
2959,Hockey Stick,1626,209,0,0,0,0,0,0,0,0,0,0,0,0,0,0,0,0,0,0,0,0,0,0,0,0,0,0,0,0,0,0,0,0,0,0,0,0,0,0,0,,,,,,,,,,,,,,,,,,,,,,,,,,,,,,,,,,,,,,,,,,,,,,,,,,,,,,,
2960,Blue Hockey Scoreboard Pole Closed,1624,1,0,0,0,0,0,0,0,0,0,0,0,0,0,0,0,0,0,0,0,0,0,0,0,0,0,0,0,0,0,0,0,0,0,0,0,0,0,0,0,,,,,,,,,,,,,,92,92,92,,,,,,,,,,,,,,,,,,,,,,,,,,,,,,,,,,,,,,,
2961,Blue Hockey Scoreboard Pole Open,1624,1,0,0,0,0,0,0,0,0,0,0,0,0,0,0,0,0,0,0,0,0,0,0,0,0,0,0,0,0,0,0,0,0,0,0,0,0,0,0,0,,,,,,,,,,,,,,93,93,93,,,,,,,,,,,,,,,,,,,,,,,,,,,,,,,,,,,,,,,
2962,Yellow Hockey Scoreboard Pole Closed,1624,1,0,0,0,0,0,0,0,0,0,0,0,0,0,0,0,0,0,0,0,0,0,0,0,0,0,0,0,0,0,0,0,0,0,0,0,0,0,0,0,,,,,,,,,,,,,,95,95,95,,,,,,,,,,,,,,,,,,,,,,,,,,,,,,,,,,,,,,,
2963,Yellow Hockey Scoreboard Pole Open,1624,1,0,0,0,0,0,0,0,0,0,0,0,0,0,0,0,0,0,0,0,0,0,0,0,0,0,0,0,0,0,0,0,0,0,0,0,0,0,0,0,,,,,,,,,,,,,,96,96,96,,,,,,,,,,,,,,,,,,,,,,,,,,,,,,,,,,,,,,,
2964,Brown Hockey Scoreboard Pole Closed,1624,1,0,0,0,0,0,0,0,0,0,0,0,0,0,0,0,0,0,0,0,0,0,0,0,0,0,0,0,0,0,0,0,0,0,0,0,0,0,0,0,,,,,,,,,,,,,,97,97,97,,,,,,,,,,,,,,,,,,,,,,,,,,,,,,,,,,,,,,,
2965,Brown Hockey Scoreboard Pole Open,1624,1,0,0,0,0,0,0,0,0,0,0,0,0,0,0,0,0,0,0,0,0,0,0,0,0,0,0,0,0,0,0,0,0,0,0,0,0,0,0,0,,,,,,,,,,,,,,98,98,98,,,,,,,,,,,,,,,,,,,,,,,,,,,,,,,,,,,,,,,
2966,Green Hockey Scoreboard Pole Closed,1624,1,0,0,0,0,0,0,0,0,0,0,0,0,0,0,0,0,0,0,0,0,0,0,0,0,0,0,0,0,0,0,0,0,0,0,0,0,0,0,0,,,,,,,,,,,,,,99,99,99,,,,,,,,,,,,,,,,,,,,,,,,,,,,,,,,,,,,,,,
2967,Green Hockey Scoreboard Pole Open,1624,1,0,0,0,0,0,0,0,0,0,0,0,0,0,0,0,0,0,0,0,0,0,0,0,0,0,0,0,0,0,0,0,0,0,0,0,0,0,0,0,,,,,,,,,,,,,,100,100,100,,,,,,,,,,,,,,,,,,,,,,,,,,,,,,,,,,,,,,,
2968,Red Hockey Scoreboard Pole Closed,1624,1,0,0,0,0,0,0,0,0,0,0,0,0,0,0,0,0,0,0,0,0,0,0,0,0,0,0,0,0,0,0,0,0,0,0,0,0,0,0,0,,,,,,,,,,,,,,101,101,101,,,,,,,,,,,,,,,,,,,,,,,,,,,,,,,,,,,,,,,
2969,Red Hockey Scoreboard Pole Open,1624,1,0,0,0,0,0,0,0,0,0,0,0,0,0,0,0,0,0,0,0,0,0,0,0,0,0,0,0,0,0,0,0,0,0,0,0,0,0,0,0,,,,,,,,,,,,,,102,102,102,,,,,,,,,,,,,,,,,,,,,,,,,,,,,,,,,,,,,,,
2970,Base_Lute.dds,1627,228,0,0,0,0,0,0,0,0,0,0,0,0,0,0,0,0,1,0,5149,0,0,0,0,0,0,0,0,0,0,0,0,0,0,0,0,0,0,0,0,,0,,,,,,,,,,,,,,,,,,,,,,,,,,,,,,,,,,,,,,,,,,,,,,,,,,,,,
2971,Base_drum.dds,1628,229,0,0,0,0,0,0,0,0,0,0,0,0,0,0,0,0,1,0,5150,0,0,0,0,0,0,0,0,0,0,0,0,0,0,0,0,0,0,0,0,,0,,,,,,,,,,,,,,,,,,,,,,,,,,,,,,,,,,,,,,,,,,,,,,,,,,,,,
2972,Base_flute.dds,1629,230,0,0,0,0,0,0,0,0,0,0,0,0,0,0,0,0,1,0,5151,0,0,0,0,0,0,0,0,0,0,0,0,0,0,0,0,0,0,0,0,,0,,,,,,,,,,,,,,,,,,,,,,,,,,,,,,,,,,,,,,,,,,,,,,,,,,,,,
2973,Old_Lute.dds,1627,228,0,0,0,0,0,0,0,0,0,0,0,0,0,0,0,0,1,0,5152,0,0,0,0,0,0,0,0,0,0,0,0,0,0,0,0,0,0,0,0,,0,,,,,,,,,,,,,,,,,,,,,,,,,,,,,,,,,,,,,,,,,,,,,,,,,,,,,
2974,Old_drum.dds,1628,229,0,0,0,0,0,0,0,0,0,0,0,0,0,0,0,0,1,0,5153,0,0,0,0,0,0,0,0,0,0,0,0,0,0,0,0,0,0,0,0,,0,,,,,,,,,,,,,,,,,,,,,,,,,,,,,,,,,,,,,,,,,,,,,,,,,,,,,
2975,Old_flute.dds,1629,230,0,0,0,0,0,0,0,0,0,0,0,0,0,0,0,0,1,0,5154,0,0,0,0,0,0,0,0,0,0,0,0,0,0,0,0,0,0,0,0,,0,,,,,,,,,,,,,,,,,,,,,,,,,,,,,,,,,,,,,,,,,,,,,,,,,,,,,
2976,Albion_Lute.dds,1627,228,0,0,0,0,0,0,0,0,0,0,0,0,0,0,0,0,1,0,5155,0,0,0,0,0,0,0,0,0,0,0,0,0,0,0,0,0,0,0,0,,0,,,,,,,,,,,,,,,,,,,,,,,,,,,,,,,,,,,,,,,,,,,,,,,,,,,,,
2977,Albion_drum.dds,1628,229,0,0,0,0,0,0,0,0,0,0,0,0,0,0,0,0,1,0,5156,0,0,0,0,0,0,0,0,0,0,0,0,0,0,0,0,0,0,0,0,,0,,,,,,,,,,,,,,,,,,,,,,,,,,,,,,,,,,,,,,,,,,,,,,,,,,,,,
2978,Albion_flute.dds,1629,230,0,0,0,0,0,0,0,0,0,0,0,0,0,0,0,0,1,0,5157,0,0,0,0,0,0,0,0,0,0,0,0,0,0,0,0,0,0,0,0,,0,,,,,,,,,,,,,,,,,,,,,,,,,,,,,,,,,,,,,,,,,,,,,,,,,,,,,
2979,Hibernia_Lute.dds,1627,228,0,0,0,0,0,0,0,0,0,0,0,0,0,0,0,0,1,0,5158,0,0,0,0,0,0,0,0,0,0,0,0,0,0,0,0,0,0,0,0,,0,,,,,,,,,,,,,,,,,,,,,,,,,,,,,,,,,,,,,,,,,,,,,,,,,,,,,
2980,Hibernia_drum.dds,1628,229,0,0,0,0,0,0,0,0,0,0,0,0,0,0,0,0,1,0,5159,0,0,0,0,0,0,0,0,0,0,0,0,0,0,0,0,0,0,0,0,,0,,,,,,,,,,,,,,,,,,,,,,,,,,,,,,,,,,,,,,,,,,,,,,,,,,,,,
2981,Hibernia_flute.dds,1629,230,0,0,0,0,0,0,0,0,0,0,0,0,0,0,0,0,1,0,5160,0,0,0,0,0,0,0,0,0,0,0,0,0,0,0,0,0,0,0,0,,0,,,,,,,,,,,,,,,,,,,,,,,,,,,,,,,,,,,,,,,,,,,,,,,,,,,,,
2982,Hammer,1630,210,0,0,0,0,0,0,0,0,0,0,0,0,0,0,0,1,0,24,0,0,0,0,0,0,0,0,0,0,0,0,0,0,0,0,0,0,0,0,0,,0,,,,,,,,,,,,,,,,,,,,,,,,,,,,,,,,,,,,,,,,,,,,,,,,,,,,,
2983,Pick Axe,1631,217,0,0,0,0,0,0,0,0,0,0,0,0,0,0,0,2,0,23,0,0,0,0,0,0,0,0,0,0,0,0,0,0,0,0,0,0,0,0,0,,0,,,,,,,,,,,,,,,,,,,,,,,,,,,,,,,,,,,,,,,,,,,,,,,,,,,,,
2984,Hot Metal Bar,1632,210,0,0,0,0,0,0,0,0,0,0,0,0,0,0,0,1,1,24,0,0,0,0,0,0,0,0,0,0,0,0,0,0,0,0,0,0,0,0,0,,0,,,,,5161,,,,,,,,,,,,,,,,,,,,,,,,,,,,,,,,,,,,,,,,,,,,,,,,
2985,Battle Axe,184,217,0,0,0,0,0,0,0,0,0,0,0,0,0,1,0,2,0,22,0,0,0,0,0,0,0,0,0,0,0,0,0,0,0,0,0,0,0,0,0,,0,,,,,,,,,,,,,,,,,,,,,,,,,,,,,,,,,,,,,,,,,,,,,,,,,,,,,
2986,The Round Table,1,598,0,0,0,0,0,0,0,0,0,0,0,0,0,0,0,0,0,0,0,0,0,0,0,0,0,0,0,0,0,0,0,0,1633,0,0,0,0,0,0,1,0,,,,,,,,,,,,,,,,,,,,,,,,,,,,,,,,,,,,,,,,,,,,,,,,,,,,,
2987,Norse Tutorial Hand Axe,201,200,0,0,0,0,0,0,0,0,0,0,0,0,0,1,0,1,1,4,0,0,0,0,0,0,0,0,0,0,0,0,0,0,0,0,0,0,0,0,0,,0,,,,,,,,,,,,,,,,,,,,,,,,,,,,,,,,,,,,,,,,,,,,,,,,,,,,,
2988,Good Shar leather chest,1,105,752,753,0,0,756,0,0,0,0,0,1,1,0,0,0,0,0,0,0,0,0,0,0,0,0,0,0,0,0,0,0,0,0,0,0,0,0,0,0,,0,,,,,,,,,,,,,,,,,,,,,1,5182,5187,,,,,,19,,,1,1,,,,,,,,,,,,,,,,,,,,
2989,Good Shar leather pants,1,121,0,0,0,0,0,757,0,0,0,0,0,0,0,0,0,0,0,0,0,0,0,0,0,0,0,0,0,0,0,0,0,0,0,0,0,0,0,0,0,,0,,,,,,,,,,,,,,,,,,,,,1,,,,,5185,,,,,,,,,,,,,,,,,,,,,,,,,,,
2990,Good Shar leather sleeves,1,111,0,0,754,0,0,0,0,0,0,0,0,0,0,0,0,0,0,0,0,0,0,0,0,0,0,0,0,0,0,0,0,0,0,0,0,0,0,0,0,,0,,,,,,,,,,,,,,,,,,,,,1,,,5184,,,,,,,,,,,,,,,,,,,,,,,,,,,,,
2992,Good Shar leather boots,1,125,0,0,0,0,0,0,758,0,0,0,0,0,0,0,0,0,0,0,0,0,0,0,0,0,0,0,0,0,0,0,0,0,0,0,0,0,0,0,0,,0,,,,,,,,,,,,,,,,,,,,,1,,,,,,5183,,,,2,,,,,,,,,,,,,,,,,,,,,,
2993,Good Shar leather gloves,1,115,0,0,0,755,0,0,0,0,0,0,0,0,0,0,0,0,0,0,0,0,0,0,0,0,0,0,0,0,0,0,0,0,0,0,0,0,0,0,0,,0,,,,,,,,,,,,,,,,,,,,,1,,,,5186,,,,,2,,,,,,,,,,,,,,,,,,,,,,,
2994,Good Shar Chain chest,1,106,738,739,0,0,742,0,0,0,0,0,1,1,0,0,0,0,0,0,0,0,0,0,0,0,0,0,0,0,0,0,0,0,0,0,0,0,0,0,0,,0,,,,,,,,,,,,,,,,,,,,,1,5193,5192,,,,,,19,,,1,1,,,,,,,,,,,,,,,,,,,,
2995,Good Shar Chain pants,1,122,0,0,0,0,0,743,0,0,0,0,0,0,0,0,0,0,0,0,0,0,0,0,0,0,0,0,0,0,0,0,0,0,0,0,0,0,0,0,0,,0,,,,,,,,,,,,,,,,,,,,,1,,,,,5191,,,,,,,,,,,,,,,,,,,,,,,,,,,
2996,Good Shar Chain sleeves,1,112,0,0,740,0,0,0,0,0,0,0,0,0,0,0,0,0,0,0,0,0,0,0,0,0,0,0,0,0,0,0,0,0,0,0,0,0,0,0,0,,0,,,,,,,,,,,,,,,,,,,,,1,,,5188,,,,,,,,,,,,,,,,,,,,,,,,,,,,,
2998,Good Shar Chain boots,1,126,0,0,0,0,0,0,744,0,0,0,0,0,0,0,0,0,0,0,0,0,0,0,0,0,0,0,0,0,0,0,0,0,0,0,0,0,0,0,0,,0,,,,,,,,,,,,,,,,,,,,,1,,,,,,5189,,,,3,,,,,,,,,,,,,,,,,,,,,,
2999,Good Shar Chain gauntlets,1,116,0,0,0,741,0,0,0,0,0,0,0,0,0,0,0,0,0,0,0,0,0,0,0,0,0,0,0,0,0,0,0,0,0,0,0,0,0,0,0,,0,,,,,,,,,,,,,,,,,,,,,1,,,,5190,,,,,3,,,,,,,,,,,,,,,,,,,,,,,
3000,Good Shar Scale chest,1,106,745,746,0,0,749,0,0,0,0,0,1,1,0,0,0,0,0,0,0,0,0,0,0,0,0,0,0,0,0,0,0,0,0,0,0,0,0,0,0,,0,,,,,,,,,,,,,,,,,,,,,1,5175,5174,,,,,,6,,,1,1,,,,,,,,,,,,,,,,,,,,
3001,Good Shar Scale leggings,1,122,0,0,0,0,0,750,0,0,0,0,0,0,0,0,0,0,0,0,0,0,0,0,0,0,0,0,0,0,0,0,0,0,0,0,0,0,0,0,0,,0,,,,,,,,,,,,,,,,,,,,,1,,,,,5173,,,,,,,,,,,,,,,,,,,,,,,,,,,
3002,Good Shar Scale sleeves,1,112,0,0,747,0,0,0,0,0,0,0,0,0,0,0,0,0,0,0,0,0,0,0,0,0,0,0,0,0,0,0,0,0,0,0,0,0,0,0,0,,0,,,,,,,,,,,,,,,,,,,,,1,,,5170,,,,,,,,,,,,,,,,,,,,,,,,,,,,,
3004,Good Shar Scale boots,1,126,0,0,0,0,0,0,751,0,0,0,0,0,0,0,0,0,0,0,0,0,0,0,0,0,0,0,0,0,0,0,0,0,0,0,0,0,0,0,0,,0,,,,,,,,,,,,,,,,,,,,,1,,,,,,5171,,,,2,,,,,,,,,,,,,,,,,,,,,,
3005,Good Shar Scale gauntlets,1,116,0,0,0,748,0,0,0,0,0,0,0,0,0,0,0,0,0,0,0,0,0,0,0,0,0,0,0,0,0,0,0,0,0,0,0,0,0,0,0,,0,,,,,,,,,,,,,,,,,,,,,1,,,,5172,,,,,2,,,,,,,,,,,,,,,,,,,,,,,
3006,Good Shar plate chest,1,106,745,746,0,0,749,0,0,0,0,0,1,1,0,0,0,0,0,0,0,0,0,0,0,0,0,0,0,0,0,0,0,0,0,0,0,0,0,0,0,,0,,,,,,,,,,,,,,,,,,,,,1,5177,5176,,,,,,12,,,1,1,,,,,,,,,,,,,,,,,,,,
3007,Good Shar plate leggings,1,122,0,0,0,0,0,750,0,0,0,0,0,0,0,0,0,0,0,0,0,0,0,0,0,0,0,0,0,0,0,0,0,0,0,0,0,0,0,0,0,,0,,,,,,,,,,,,,,,,,,,,,1,,,,,5181,,,,,,,,,,,,,,,,,,,,,,,,,,,
3008,Good Shar plate sleeves,1,112,0,0,747,0,0,0,0,0,0,0,0,0,0,0,0,0,0,0,0,0,0,0,0,0,0,0,0,0,0,0,0,0,0,0,0,0,0,0,0,,0,,,,,,,,,,,,,,,,,,,,,1,,,5178,,,,,,,,,,,,,,,,,,,,,,,,,,,,,
3010,Good Shar plate boots,1,126,0,0,0,0,0,0,751,0,0,0,0,0,0,0,0,0,0,0,0,0,0,0,0,0,0,0,0,0,0,0,0,0,0,0,0,0,0,0,0,,0,,,,,,,,,,,,,,,,,,,,,1,,,,,,5179,,,,4,,,,,,,,,,,,,,,,,,,,,,
3011,Good Shar plate gauntlets,1,116,0,0,0,748,0,0,0,0,0,0,0,0,0,0,0,0,0,0,0,0,0,0,0,0,0,0,0,0,0,0,0,0,0,0,0,0,0,0,0,,0,,,,,,,,,,,,,,,,,,,,,1,,,,5180,,,,,4,,,,,,,,,,,,,,,,,,,,,,,
3012,Good Shar studded/reinforced chest,1,163,738,739,0,0,742,0,0,0,0,0,1,1,0,0,0,0,0,0,0,0,0,0,0,0,0,0,0,0,0,0,0,0,0,0,0,0,0,0,0,,0,,,,,,,,,,,,,,,,,,,,,1,5169,5168,,,,,,11,,,1,1,,,,,,,,,,,,,,,,,,,,
3013,Good Shar studded/reinforced pants,1,166,0,0,0,0,0,743,0,0,0,0,0,0,0,0,0,0,0,0,0,0,0,0,0,0,0,0,0,0,0,0,0,0,0,0,0,0,0,0,0,,0,,,,,,,,,,,,,,,,,,,,,1,,,,,5166,,,,,,,,,,,,,,,,,,,,,,,,,,,
3014,Good Shar studded/reinforced sleeves,1,164,0,0,740,0,0,0,0,0,0,0,0,0,0,0,0,0,0,0,0,0,0,0,0,0,0,0,0,0,0,0,0,0,0,0,0,0,0,0,0,,0,,,,,,,,,,,,,,,,,,,,,1,,,5164,,,,,,,,,,,,,,,,,,,,,,,,,,,,,
3015,Good Shar studded/reinforced boots,1,167,0,0,0,0,0,0,744,0,0,0,0,0,0,0,0,0,0,0,0,0,0,0,0,0,0,0,0,0,0,0,0,0,0,0,0,0,0,0,0,,0,,,,,,,,,,,,,,,,,,,,,1,,,,,,5165,,,,3,,,,,,,,,,,,,,,,,,,,,,
3016,Good Shar studded/reinforced gauntlets,1,165,0,0,0,741,0,0,0,0,0,0,0,0,0,0,0,0,0,0,0,0,0,0,0,0,0,0,0,0,0,0,0,0,0,0,0,0,0,0,0,,0,,,,,,,,,,,,,,,,,,,,,1,,,,5167,,,,,3,,,,,,,,,,,,,,,,,,,,,,,
3017,Good Shar cloth chest,1,104,675,676,0,0,679,0,0,0,0,0,1,1,0,0,0,0,0,0,0,0,0,0,0,0,0,0,0,0,0,0,0,0,0,0,0,0,0,0,0,,0,,,,,,,,,,,,,,,,,,,,,1,5198,5199,,,,,,16,5,5,-1,-1,,,,,,,,,,,,,,,,,,,,
3018,Good Shar cloth robe,1,118,377,378,374,0,373,0,0,0,0,0,3,3,0,0,0,0,0,0,0,0,0,0,0,0,0,0,0,0,0,0,0,0,0,0,0,0,0,0,0,,0,,,,,,,,,,,,,,,,,,,,,1,5195,5194,,,,,,16,5,5,-1,-1,,,,,,,,,,,,,,,,,,,,
3019,Good Shar cloth pants,1,120,0,0,0,0,0,680,0,0,0,0,0,0,0,0,0,0,0,0,0,0,0,0,0,0,0,0,0,0,0,0,0,0,0,0,0,0,0,0,0,,0,,,,,,,,,,,,,,,,,,,,,1,,,,,5162,,,,,,,,,,,,,,,,,,,,,,,,,,,
3020,Good Shar cloth sleeves,1,110,0,0,677,0,0,0,0,0,0,0,0,0,0,0,0,0,0,0,0,0,0,0,0,0,0,0,0,0,0,0,0,0,0,0,0,0,0,0,0,,0,,,,,,,,,,,,,,,,,,,,,1,,,5196,,,,,,,,,,,,,,,,,,,,,,,,,,,,,
3021,Good Shar cloth boots,1,124,0,0,0,0,0,0,681,0,0,0,0,0,0,0,0,0,0,0,0,0,0,0,0,0,0,0,0,0,0,0,0,0,0,0,0,0,0,0,0,,0,,,,,,,,,,,,,,,,,,,,,1,,,,,,5197,,,,1,,,,,,,,,,,,,,,,,,,,,,
3022,Good Shar cloth gloves,1,114,0,0,0,678,0,0,0,0,0,0,0,0,0,0,0,0,0,0,0,0,0,0,0,0,0,0,0,0,0,0,0,0,0,0,0,0,0,0,0,,0,,,,,,,,,,,,,,,,,,,,,1,,,,5163,,,,,1,,,,,,,,,,,,,,,,,,,,,,,
3023,Floor trophy Dub,1,544,0,0,0,0,0,0,0,0,0,0,0,0,0,0,0,0,0,0,0,0,0,0,0,0,0,0,0,0,0,0,0,0,1634,0,0,0,0,0,0,1,0,,,,,,,,,,,,,,,,,,,,,,,,,,,,,,,,,,,,,,,,,,,,,,,,,,,,,
3024,Floor  trophy fafner,1,544,0,0,0,0,0,0,0,0,0,0,0,0,0,0,0,0,0,0,0,0,0,0,0,0,0,0,0,0,0,0,0,0,1635,0,0,0,0,0,0,1,0,,,,,,,,,,,,,,,,,,,,,,,,,,,,,,,,,,,,,,,,,,,,,,,,,,,,,
3025,Floor  trophy gargoyle,1,544,0,0,0,0,0,0,0,0,0,0,0,0,0,0,0,0,0,0,0,0,0,0,0,0,0,0,0,0,0,0,0,0,1636,0,0,0,0,0,0,1,0,,,,,,,,,,,,,,,,,,,,,,,,,,,,,,,,,,,,,,,,,,,,,,,,,,,,,
3026,Floor  trophy mordred,1,544,0,0,0,0,0,0,0,0,0,0,0,0,0,0,0,0,0,0,0,0,0,0,0,0,0,0,0,0,0,0,0,0,1637,0,0,0,0,0,0,1,0,,,,,,,,,,,,,,,,,,,,,,,,,,,,,,,,,,,,,,,,,,,,,,,,,,,,,
3027,Floor  trophy terracite bose,1,544,0,0,0,0,0,0,0,0,0,0,0,0,0,0,0,0,0,0,0,0,0,0,0,0,0,0,0,0,0,0,0,0,1638,0,0,0,0,0,0,1,0,,,,,,,,,,,,,,,,,,,,,,,,,,,,,,,,,,,,,,,,,,,,,,,,,,,,,
3028,Possesed Inconnu chain chest,1,106,440,441,0,0,444,0,0,0,0,0,2,1,0,0,0,0,0,0,0,0,0,0,0,0,0,0,0,0,0,0,0,0,0,0,0,0,0,0,0,,0,,,,,,,,,,,,,,,,,,,,,1,5203,5202,,,,,,6,,,1,1,,,,,,,,,,,,,,,,,,,,
3029,Possesed Inconnu chain leggings,1,122,0,0,0,0,0,445,0,0,0,0,0,0,0,0,0,0,0,0,0,0,0,0,0,0,0,0,0,0,0,0,0,0,0,0,0,0,0,0,0,,0,,,,,,,,,,,,,,,,,,,,,1,,,,,5210,,,,,,,,,,,,,,,,,,,,,,,,,,,
3030,Possesed Inconnu chain sleeves,1,112,0,0,442,0,0,0,0,0,0,0,0,0,0,0,0,0,0,0,0,0,0,0,0,0,0,0,0,0,0,0,0,0,0,0,0,0,0,0,0,,0,,,,,,,,,,,,,,,,,,,,,1,,,5200,,,,,,,,,,,,,,,,,,,,,,,,,,,,,
3031,Possesed Inconnu chain boots,1,126,0,0,0,0,0,0,446,0,0,0,0,0,0,0,0,0,0,0,0,0,0,0,0,0,0,0,0,0,0,0,0,0,0,0,0,0,0,0,0,,0,,,,,,,,,,,,,,,,,,,,,1,,,,,,5206,,,,2,,,,,,,,,,,,,,,,,,,,,,
3032,Possesed Inconnu chain gauntlets,1,116,0,0,0,443,0,0,0,0,0,0,0,0,0,0,0,0,0,0,0,0,0,0,0,0,0,0,0,0,0,0,0,0,0,0,0,0,0,0,0,,0,,,,,,,,,,,,,,,,,,,,,1,,,,5208,,,,,2,,,,,,,,,,,,,,,,,,,,,,,
3033,Possesed Inconnu scale chest,1,106,440,441,0,0,444,0,0,0,0,0,2,1,0,0,0,0,0,0,0,0,0,0,0,0,0,0,0,0,0,0,0,0,0,0,0,0,0,0,0,,0,,,,,,,,,,,,,,,,,,,,,1,5227,5226,,,,,,6,,,1,1,,,,,,,,,,,,,,,,,,,,
3034,Possesed Inconnu scale leggings,1,122,0,0,0,0,0,445,0,0,0,0,0,0,0,0,0,0,0,0,0,0,0,0,0,0,0,0,0,0,0,0,0,0,0,0,0,0,0,0,0,,0,,,,,,,,,,,,,,,,,,,,,1,,,,,5234,,,,,,,,,,,,,,,,,,,,,,,,,,,
3035,Possesed Inconnu scale sleeves,1,112,0,0,442,0,0,0,0,0,0,0,0,0,0,0,0,0,0,0,0,0,0,0,0,0,0,0,0,0,0,0,0,0,0,0,0,0,0,0,0,,0,,,,,,,,,,,,,,,,,,,,,1,,,5224,,,,,,,,,,,,,,,,,,,,,,,,,,,,,
3036,Possesed Inconnu scale boots,1,126,0,0,0,0,0,0,446,0,0,0,0,0,0,0,0,0,0,0,0,0,0,0,0,0,0,0,0,0,0,0,0,0,0,0,0,0,0,0,0,,0,,,,,,,,,,,,,,,,,,,,,1,,,,,,5230,,,,2,,,,,,,,,,,,,,,,,,,,,,
3037,Possesed Inconnu scale gauntlets,1,116,0,0,0,443,0,0,0,0,0,0,0,0,0,0,0,0,0,0,0,0,0,0,0,0,0,0,0,0,0,0,0,0,0,0,0,0,0,0,0,,0,,,,,,,,,,,,,,,,,,,,,1,,,,5232,,,,,2,,,,,,,,,,,,,,,,,,,,,,,
3038,Possesed Inconnu plate chest,1,109,345,346,0,0,349,0,0,0,0,0,1,1,0,0,0,0,0,0,0,0,0,0,0,0,0,0,0,0,0,0,0,0,0,0,0,0,0,0,0,,0,,,,,,,,,,,,,,,,,,,,,1,5215,5214,,,,,,12,,,1,1,,,,,,,,,,,,,,,,,,,,
3039,Possesed Inconnu plate leggings,1,123,0,0,0,0,0,350,0,0,0,0,0,0,0,0,0,0,0,0,0,0,0,0,0,0,0,0,0,0,0,0,0,0,0,0,0,0,0,0,0,,0,,,,,,,,,,,,,,,,,,,,,1,,,,,5222,,,,,,,,,,,,,,,,,,,,,,,,,,,
3040,Possesed Inconnu plate sleeves,1,113,0,0,347,0,0,0,0,0,0,0,0,0,0,0,0,0,0,0,0,0,0,0,0,0,0,0,0,0,0,0,0,0,0,0,0,0,0,0,0,,0,,,,,,,,,,,,,,,,,,,,,1,,,5212,,,,,,,,,,,,,,,,,,,,,,,,,,,,,
3041,Possesed Inconnu plate boots,1,127,0,0,0,0,0,0,351,0,0,0,0,0,0,0,0,0,0,0,0,0,0,0,0,0,0,0,0,0,0,0,0,0,0,0,0,0,0,0,0,,0,,,,,,,,,,,,,,,,,,,,,1,,,,,,5218,,,,4,,,,,,,,,,,,,,,,,,,,,,
3042,Possessed Inconnu plate gauntlets,1,117,0,0,0,348,0,0,0,0,0,0,0,0,0,0,0,0,0,0,0,0,0,0,0,0,0,0,0,0,0,0,0,0,0,0,0,0,0,0,0,,0,,,,,,,,,,,,,,,,,,,,,1,,,,5220,,,,,4,,,,,,,,,,,,,,,,,,,,,,,
3043,Good Inconnu chain chest,1,106,440,441,0,0,444,0,0,0,0,0,2,1,0,0,0,0,0,0,0,0,0,0,0,0,0,0,0,0,0,0,0,0,0,0,0,0,0,0,0,,0,,,,,,,,,,,,,,,,,,,,,1,5205,5204,,,,,,12,,,1,1,,,,,,,,,,,,,,,,,,,,
3044,Good Inconnu chain leggings,1,122,0,0,0,0,0,445,0,0,0,0,0,0,0,0,0,0,0,0,0,0,0,0,0,0,0,0,0,0,0,0,0,0,0,0,0,0,0,0,0,,0,,,,,,,,,,,,,,,,,,,,,1,,,,,5211,,,,,,,,,,,,,,,,,,,,,,,,,,,
3045,Good Inconnu chain sleeves,1,112,0,0,442,0,0,0,0,0,0,0,0,0,0,0,0,0,0,0,0,0,0,0,0,0,0,0,0,0,0,0,0,0,0,0,0,0,0,0,0,,0,,,,,,,,,,,,,,,,,,,,,1,,,5201,,,,,,,,,,,,,,,,,,,,,,,,,,,,,
3046,Good Inconnu chain boots,1,126,0,0,0,0,0,0,446,0,0,0,0,0,0,0,0,0,0,0,0,0,0,0,0,0,0,0,0,0,0,0,0,0,0,0,0,0,0,0,0,,0,,,,,,,,,,,,,,,,,,,,,1,,,,,,5207,,,,4,,,,,,,,,,,,,,,,,,,,,,
3047,Good Inconnu chain gauntlets,1,116,0,0,0,443,0,0,0,0,0,0,0,0,0,0,0,0,0,0,0,0,0,0,0,0,0,0,0,0,0,0,0,0,0,0,0,0,0,0,0,,0,,,,,,,,,,,,,,,,,,,,,1,,,,5209,,,,,4,,,,,,,,,,,,,,,,,,,,,,,
3048,Good Inconnu scale chest,1,106,440,441,0,0,444,0,0,0,0,0,2,1,0,0,0,0,0,0,0,0,0,0,0,0,0,0,0,0,0,0,0,0,0,0,0,0,0,0,0,,0,,,,,,,,,,,,,,,,,,,,,1,5229,5228,,,,,,12,,,1,1,,,,,,,,,,,,,,,,,,,,
3049,Good Inconnu scale leggings,1,122,0,0,0,0,0,445,0,0,0,0,0,0,0,0,0,0,0,0,0,0,0,0,0,0,0,0,0,0,0,0,0,0,0,0,0,0,0,0,0,,0,,,,,,,,,,,,,,,,,,,,,1,,,,,5235,,,,,,,,,,,,,,,,,,,,,,,,,,,
3050,Good Inconnu scale sleeves,1,112,0,0,442,0,0,0,0,0,0,0,0,0,0,0,0,0,0,0,0,0,0,0,0,0,0,0,0,0,0,0,0,0,0,0,0,0,0,0,0,,0,,,,,,,,,,,,,,,,,,,,,1,,,5225,,,,,,,,,,,,,,,,,,,,,,,,,,,,,
3051,Good Inconnu scale boots,1,126,0,0,0,0,0,0,446,0,0,0,0,0,0,0,0,0,0,0,0,0,0,0,0,0,0,0,0,0,0,0,0,0,0,0,0,0,0,0,0,,0,,,,,,,,,,,,,,,,,,,,,1,,,,,,5231,,,,4,,,,,,,,,,,,,,,,,,,,,,
3052,Good Inconnu scale gauntlets,1,116,0,0,0,443,0,0,0,0,0,0,0,0,0,0,0,0,0,0,0,0,0,0,0,0,0,0,0,0,0,0,0,0,0,0,0,0,0,0,0,,0,,,,,,,,,,,,,,,,,,,,,1,,,,5233,,,,,4,,,,,,,,,,,,,,,,,,,,,,,
3053,Good Inconnu plate chest,1,109,345,346,0,0,349,0,0,0,0,0,1,1,0,0,0,0,0,0,0,0,0,0,0,0,0,0,0,0,0,0,0,0,0,0,0,0,0,0,0,,0,,,,,,,,,,,,,,,,,,,,,1,5217,5216,,,,,,12,,,1,1,,,,,,,,,,,,,,,,,,,,
3054,Good Inconnu plate leggings,1,123,0,0,0,0,0,350,0,0,0,0,0,0,0,0,0,0,0,0,0,0,0,0,0,0,0,0,0,0,0,0,0,0,0,0,0,0,0,0,0,,0,,,,,,,,,,,,,,,,,,,,,1,,,,,5223,,,,,,,,,,,,,,,,,,,,,,,,,,,
3055,Good Inconnu plate sleeves,1,113,0,0,347,0,0,0,0,0,0,0,0,0,0,0,0,0,0,0,0,0,0,0,0,0,0,0,0,0,0,0,0,0,0,0,0,0,0,0,0,,0,,,,,,,,,,,,,,,,,,,,,1,,,5213,,,,,,,,,,,,,,,,,,,,,,,,,,,,,
3056,Good Inconnu plate boots,1,127,0,0,0,0,0,0,351,0,0,0,0,0,0,0,0,0,0,0,0,0,0,0,0,0,0,0,0,0,0,0,0,0,0,0,0,0,0,0,0,,0,,,,,,,,,,,,,,,,,,,,,1,,,,,,5219,,,,4,,,,,,,,,,,,,,,,,,,,,,
3057,Good Inconnu plate gauntlets,1,117,0,0,0,348,0,0,0,0,0,0,0,0,0,0,0,0,0,0,0,0,0,0,0,0,0,0,0,0,0,0,0,0,0,0,0,0,0,0,0,,0,,,,,,,,,,,,,,,,,,,,,1,,,,5221,,,,,4,,,,,,,,,,,,,,,,,,,,,,,
3058,Good Inconnu cloth chest,1,104,385,384,0,0,388,0,0,0,0,0,1,1,0,0,0,0,0,0,0,0,0,0,0,0,0,0,0,0,0,0,0,0,0,0,0,0,0,0,0,,0,,,,,,,,,,,,,,,,,,,,,1,5254,5253,,,,,,16,5,5,-1,-1,,,,,,,,,,,,,,,,,,,,
3059,Good Inconnu cloth robe (alb/hib),1,118,377,378,374,0,373,0,0,0,0,0,3,3,0,0,0,0,0,0,0,0,0,0,0,0,0,0,0,0,0,0,0,0,0,0,0,0,0,0,0,,0,,,,,,,,,,,,,,,,,,,,,1,5261,5260,,,,,,16,5,5,-1,-1,,,,,,,,,,,,,,,,,,,,
3060,Good Inconnu cloth pants,1,120,0,0,0,0,0,389,0,0,0,0,0,0,0,0,0,0,0,0,0,0,0,0,0,0,0,0,0,0,0,0,0,0,0,0,0,0,0,0,0,,0,,,,,,,,,,,,,,,,,,,,,1,,,,,5248,,,,,,,,,,,,,,,,,,,,,,,,,,,
3061,Good Inconnu cloth sleeves,1,110,0,0,383,0,0,0,0,0,0,0,0,0,0,0,0,0,0,0,0,0,0,0,0,0,0,0,0,0,0,0,0,0,0,0,0,0,0,0,0,,0,,,,,,,,,,,,,,,,,,,,,1,,,5250,,,,,,,,,,,,,,,,,,,,,,,,,,,,,
3062,Good Inconnu cloth boots,1,124,0,0,0,0,0,0,386,0,0,0,0,0,0,0,0,0,0,0,0,0,0,0,0,0,0,0,0,0,0,0,0,0,0,0,0,0,0,0,0,,0,,,,,,,,,,,,,,,,,,,,,1,,,,,,5256,,,,1,,,,,,,,,,,,,,,,,,,,,,
3063,Good Inconnu cloth gloves,1,114,0,0,0,387,0,0,0,0,0,0,0,0,0,0,0,0,0,0,0,0,0,0,0,0,0,0,0,0,0,0,0,0,0,0,0,0,0,0,0,,0,,,,,,,,,,,,,,,,,,,,,1,,,,5258,,,,,1,,,,,,,,,,,,,,,,,,,,,,,
3064,Good Inconnu leather chest,1,105,316,317,0,0,320,0,0,0,0,0,1,1,0,0,0,0,0,0,0,0,0,0,0,0,0,0,0,0,0,0,0,0,0,0,0,0,0,0,0,,0,,,,,,,,,,,,,,,,,,,,,1,5242,5241,,,,,,11,,,1,1,,,,,,,,,,,,,,,,,,,,
3065,Good Inconnu leather pants,1,121,0,0,0,0,0,321,0,0,0,0,0,0,0,0,0,0,0,0,0,0,0,0,0,0,0,0,0,0,0,0,0,0,0,0,0,0,0,0,0,,0,,,,,,,,,,,,,,,,,,,,,1,,,,,5236,,,,,,,,,,,,,,,,,,,,,,,,,,,
3066,Good Inconnu leather sleeves,1,111,0,0,318,0,0,0,0,0,0,0,0,0,0,0,0,0,0,0,0,0,0,0,0,0,0,0,0,0,0,0,0,0,0,0,0,0,0,0,0,,0,,,,,,,,,,,,,,,,,,,,,1,,,5238,,,,,,,,,,,,,,,,,,,,,,,,,,,,,
3067,Good Inconnu leather boots,1,125,0,0,0,0,0,0,322,0,0,0,0,0,0,0,0,0,0,0,0,0,0,0,0,0,0,0,0,0,0,0,0,0,0,0,0,0,0,0,0,,0,,,,,,,,,,,,,,,,,,,,,1,,,,,,5244,,,,3,,,,,,,,,,,,,,,,,,,,,,
3068,Good Inconnu leather gloves,1,115,0,0,0,311,0,0,0,0,0,0,0,0,0,0,0,0,0,0,0,0,0,0,0,0,0,0,0,0,0,0,0,0,0,0,0,0,0,0,0,,0,,,,,,,,,,,,,,,,,,,,,1,,,,5246,,,,,3,,,,,,,,,,,,,,,,,,,,,,,
3069,Possessed Inconnu cloth chest,1,104,385,384,0,0,388,0,0,0,0,0,1,1,0,0,0,0,0,0,0,0,0,0,0,0,0,0,0,0,0,0,0,0,0,0,0,0,0,0,0,,0,,,,,,,,,,,,,,,,,,,,,1,5252,5251,,,,,,1,,,1,1,,,,,,,,,,,,,,,,,,,,
3071,Possessed Inconnu cloth pants,1,120,0,0,0,0,0,389,0,0,0,0,0,0,0,0,0,0,0,0,0,0,0,0,0,0,0,0,0,0,0,0,0,0,0,0,0,0,0,0,0,,0,,,,,,,,,,,,,,,,,,,,,1,,,,,5259,,,,,,,,,,,,,,,,,,,,,,,,,,,
3072,Possessed Inconnu cloth sleeves,1,110,0,0,383,0,0,0,0,0,0,0,0,0,0,0,0,0,0,0,0,0,0,0,0,0,0,0,0,0,0,0,0,0,0,0,0,0,0,0,0,,0,,,,,,,,,,,,,,,,,,,,,1,,,5249,,,,,,,,,,,,,,,,,,,,,,,,,,,,,
3073,Possessed Inconnu cloth boots,1,124,0,0,0,0,0,0,386,0,0,0,0,0,0,0,0,0,0,0,0,0,0,0,0,0,0,0,0,0,0,0,0,0,0,0,0,0,0,0,0,,0,,,,,,,,,,,,,,,,,,,,,1,,,,,,5255,,,,7,,,,,,,,,,,,,,,,,,,,,,
3074,Possessed Inconnu cloth gloves,1,114,0,0,0,387,0,0,0,0,0,0,0,0,0,0,0,0,0,0,0,0,0,0,0,0,0,0,0,0,0,0,0,0,0,0,0,0,0,0,0,,0,,,,,,,,,,,,,,,,,,,,,1,,,,5257,,,,,7,,,,,,,,,,,,,,,,,,,,,,,
3075,Possessed Inconnu leather chest,1,105,316,317,0,0,320,0,0,0,0,0,1,1,0,0,0,0,0,0,0,0,0,0,0,0,0,0,0,0,0,0,0,0,0,0,0,0,0,0,0,,0,,,,,,,,,,,,,,,,,,,,,1,5240,5239,,,,,,19,,,1,1,,,,,,,,,,,,,,,,,,,,
3076,Possessed Inconnu leather pants,1,121,0,0,0,0,0,321,0,0,0,0,0,0,0,0,0,0,0,0,0,0,0,0,0,0,0,0,0,0,0,0,0,0,0,0,0,0,0,0,0,,0,,,,,,,,,,,,,,,,,,,,,1,,,,,5247,,,,,,,,,,,,,,,,,,,,,,,,,,,
3077,Possessed Inconnu leather sleeves,1,111,0,0,318,0,0,0,0,0,0,0,0,0,0,0,0,0,0,0,0,0,0,0,0,0,0,0,0,0,0,0,0,0,0,0,0,0,0,0,0,,0,,,,,,,,,,,,,,,,,,,,,1,,,5237,,,,,,,,,,,,,,,,,,,,,,,,,,,,,
3078,Possessed Inconnu leather boots,1,125,0,0,0,0,0,0,322,0,0,0,0,0,0,0,0,0,0,0,0,0,0,0,0,0,0,0,0,0,0,0,0,0,0,0,0,0,0,0,0,,0,,,,,,,,,,,,,,,,,,,,,1,,,,,,5243,,,,2,,,,,,,,,,,,,,,,,,,,,,
3079,Possessed Inconnu leather gloves,1,115,0,0,0,311,0,0,0,0,0,0,0,0,0,0,0,0,0,0,0,0,0,0,0,0,0,0,0,0,0,0,0,0,0,0,0,0,0,0,0,,0,,,,,,,,,,,,,,,,,,,,,1,,,,5245,,,,,2,,,,,,,,,,,,,,,,,,,,,,,
3080,Possessed Shar cloth chest (alb/hib/mid),1,104,675,676,0,0,679,0,0,0,0,0,1,1,0,0,0,0,0,0,0,0,0,0,0,0,0,0,0,0,0,0,0,0,0,0,0,0,0,0,0,,0,,,,,,,,,,,,,,,,,,,,,1,5270,5269,,,,,,1,,,1,1,,,,,,,,,,,,,,,,,,,,
3081,Possessed Shar cloth robe (alb/hib),1,118,377,378,374,0,373,0,0,0,0,0,3,3,0,0,0,0,0,0,0,0,0,0,0,0,0,0,0,0,0,0,0,0,0,0,0,0,0,0,0,,0,,,,,,,,,,,,,,,,,,,,,1,5287,5286,,,,,,16,5,5,-1,-1,,,,,,,,,,,,,,,,,,,,
3082,Possessed Shar cloth pants,1,120,0,0,0,0,0,680,0,0,0,0,0,0,0,0,0,0,0,0,0,0,0,0,0,0,0,0,0,0,0,0,0,0,0,0,0,0,0,0,0,,0,,,,,,,,,,,,,,,,,,,,,1,,,,,5273,,,,,,,,,,,,,,,,,,,,,,,,,,,
3083,Possessed Shar cloth sleeves,1,110,0,0,677,0,0,0,0,0,0,0,0,0,0,0,0,0,0,0,0,0,0,0,0,0,0,0,0,0,0,0,0,0,0,0,0,0,0,0,0,,0,,,,,,,,,,,,,,,,,,,,,1,,,5268,,,,,,,,,,,,,,,,,,,,,,,,,,,,,
3084,Possessed Shar cloth boots,1,124,0,0,0,0,0,0,681,0,0,0,0,0,0,0,0,0,0,0,0,0,0,0,0,0,0,0,0,0,0,0,0,0,0,0,0,0,0,0,0,,0,,,,,,,,,,,,,,,,,,,,,1,,,,,,5271,,,,7,,,,,,,,,,,,,,,,,,,,,,
3085,Possessed Shar cloth gloves,1,114,0,0,0,678,0,0,0,0,0,0,0,0,0,0,0,0,0,0,0,0,0,0,0,0,0,0,0,0,0,0,0,0,0,0,0,0,0,0,0,,0,,,,,,,,,,,,,,,,,,,,,1,,,,5272,,,,,7,,,,,,,,,,,,,,,,,,,,,,,
3086,Possessed Shar leather chest,1,105,752,753,0,0,756,0,0,0,0,0,1,1,0,0,0,0,0,0,0,0,0,0,0,0,0,0,0,0,0,0,0,0,0,0,0,0,0,0,0,,0,,,,,,,,,,,,,,,,,,,,,1,5276,5275,,,,,,19,,,1,1,,,,,,,,,,,,,,,,,,,,
3087,Possessed Shar leather pants,1,121,0,0,0,0,0,757,0,0,0,0,0,0,0,0,0,0,0,0,0,0,0,0,0,0,0,0,0,0,0,0,0,0,0,0,0,0,0,0,0,,0,,,,,,,,,,,,,,,,,,,,,1,,,,,5279,,,,,,,,,,,,,,,,,,,,,,,,,,,
3088,Possessed Shar leather sleeves,1,111,0,0,754,0,0,0,0,0,0,0,0,0,0,0,0,0,0,0,0,0,0,0,0,0,0,0,0,0,0,0,0,0,0,0,0,0,0,0,0,,0,,,,,,,,,,,,,,,,,,,,,1,,,5274,,,,,,,,,,,,,,,,,,,,,,,,,,,,,
3089,Possessed Shar leather boots,1,125,0,0,0,0,0,0,758,0,0,0,0,0,0,0,0,0,0,0,0,0,0,0,0,0,0,0,0,0,0,0,0,0,0,0,0,0,0,0,0,,0,,,,,,,,,,,,,,,,,,,,,1,,,,,,5277,,,,2,,,,,,,,,,,,,,,,,,,,,,
3090,Possessed Shar leather gloves,1,115,0,0,0,755,0,0,0,0,0,0,0,0,0,0,0,0,0,0,0,0,0,0,0,0,0,0,0,0,0,0,0,0,0,0,0,0,0,0,0,,0,,,,,,,,,,,,,,,,,,,,,1,,,,5278,,,,,2,,,,,,,,,,,,,,,,,,,,,,,
3091,Possessed Shar reinforced chest,1,161,738,739,0,0,742,0,0,0,0,0,1,1,0,0,0,0,0,0,0,0,0,0,0,0,0,0,0,0,0,0,0,0,0,0,0,0,0,0,0,,0,,,,,,,,,,,,,,,,,,,,,1,5296,5295,,,,,,19,,,1,1,,,,,,,,,,,,,,,,,,,,
3092,Possessed Shar reinforced pants,1,166,0,0,0,0,0,743,0,0,0,0,0,0,0,0,0,0,0,0,0,0,0,0,0,0,0,0,0,0,0,0,0,0,0,0,0,0,0,0,0,,0,,,,,,,,,,,,,,,,,,,,,1,,,,,5299,,,,,,,,,,,,,,,,,,,,,,,,,,,
3093,Possessed Shar reinforced sleeves,1,164,0,0,740,0,0,0,0,0,0,0,0,0,0,0,0,0,0,0,0,0,0,0,0,0,0,0,0,0,0,0,0,0,0,0,0,0,0,0,0,,0,,,,,,,,,,,,,,,,,,,,,1,,,5294,,,,,,,,,,,,,,,,,,,,,,,,,,,,,
3094,Possessed Shar reinforced boots,1,167,0,0,0,0,0,0,744,0,0,0,0,0,0,0,0,0,0,0,0,0,0,0,0,0,0,0,0,0,0,0,0,0,0,0,0,0,0,0,0,,0,,,,,,,,,,,,,,,,,,,,,1,,,,,,5297,,,,3,,,,,,,,,,,,,,,,,,,,,,
3095,Possessed Shar reinforced gauntlets,1,165,0,0,0,741,0,0,0,0,0,0,0,0,0,0,0,0,0,0,0,0,0,0,0,0,0,0,0,0,0,0,0,0,0,0,0,0,0,0,0,,0,,,,,,,,,,,,,,,,,,,,,1,,,,5298,,,,,3,,,,,,,,,,,,,,,,,,,,,,,
3096,Possessed Shar scale chest,1,106,745,746,0,0,749,0,0,0,0,0,1,1,0,0,0,0,0,0,0,0,0,0,0,0,0,0,0,0,0,0,0,0,0,0,0,0,0,0,0,,0,,,,,,,,,,,,,,,,,,,,,1,5290,5289,,,,,,6,,,1,1,,,,,,,,,,,,,,,,,,,,
3097,Possessed Shar scale leggings,1,122,0,0,0,0,0,750,0,0,0,0,0,0,0,0,0,0,0,0,0,0,0,0,0,0,0,0,0,0,0,0,0,0,0,0,0,0,0,0,0,,0,,,,,,,,,,,,,,,,,,,,,1,,,,,5293,,,,,,,,,,,,,,,,,,,,,,,,,,,
3098,Possessed Shar scale sleeves,1,112,0,0,747,0,0,0,0,0,0,0,0,0,0,0,0,0,0,0,0,0,0,0,0,0,0,0,0,0,0,0,0,0,0,0,0,0,0,0,0,,0,,,,,,,,,,,,,,,,,,,,,1,,,5288,,,,,,,,,,,,,,,,,,,,,,,,,,,,,
3099,Possessed Shar scale boots,1,126,0,0,0,0,0,0,751,0,0,0,0,0,0,0,0,0,0,0,0,0,0,0,0,0,0,0,0,0,0,0,0,0,0,0,0,0,0,0,0,,0,,,,,,,,,,,,,,,,,,,,,1,,,,,,5291,,,,2,,,,,,,,,,,,,,,,,,,,,,
3100,Possessed Shar scale gauntlets,1,116,0,0,0,748,0,0,0,0,0,0,0,0,0,0,0,0,0,0,0,0,0,0,0,0,0,0,0,0,0,0,0,0,0,0,0,0,0,0,0,,0,,,,,,,,,,,,,,,,,,,,,1,,,,5292,,,,,2,,,,,,,,,,,,,,,,,,,,,,,
3101,Possessed Shar plate chest,1,106,745,746,0,0,749,0,0,0,0,0,1,1,0,0,0,0,0,0,0,0,0,0,0,0,0,0,0,0,0,0,0,0,0,0,0,0,0,0,0,,0,,,,,,,,,,,,,,,,,,,,,1,5283,5282,,,,,,12,,,1,1,,,,,,,,,,,,,,,,,,,,
3102,Possessed Shar plate leggings,1,122,0,0,0,0,0,750,0,0,0,0,0,0,0,0,0,0,0,0,0,0,0,0,0,0,0,0,0,0,0,0,0,0,0,0,0,0,0,0,0,,0,,,,,,,,,,,,,,,,,,,,,1,,,,,5280,,,,,,,,,,,,,,,,,,,,,,,,,,,
3103,Possessed Shar plate sleeves,1,112,0,0,747,0,0,0,0,0,0,0,0,0,0,0,0,0,0,0,0,0,0,0,0,0,0,0,0,0,0,0,0,0,0,0,0,0,0,0,0,,0,,,,,,,,,,,,,,,,,,,,,1,,,5281,,,,,,,,,,,,,,,,,,,,,,,,,,,,,
3104,Possessed Shar plate boots,1,126,0,0,0,0,0,0,751,0,0,0,0,0,0,0,0,0,0,0,0,0,0,0,0,0,0,0,0,0,0,0,0,0,0,0,0,0,0,0,0,,0,,,,,,,,,,,,,,,,,,,,,1,,,,,,5284,,,,4,,,,,,,,,,,,,,,,,,,,,,
3105,Possessed Shar plate gauntlets,1,116,0,0,0,748,0,0,0,0,0,0,0,0,0,0,0,0,0,0,0,0,0,0,0,0,0,0,0,0,0,0,0,0,0,0,0,0,0,0,0,,0,,,,,,,,,,,,,,,,,,,,,1,,,,5285,,,,,4,,,,,,,,,,,,,,,,,,,,,,,
3106,Possessed Shar chain chest,1,106,745,746,0,0,749,0,0,0,0,0,1,1,0,0,0,0,0,0,0,0,0,0,0,0,0,0,0,0,0,0,0,0,0,0,0,0,0,0,0,,0,,,,,,,,,,,,,,,,,,,,,1,5264,5263,,,,,,6,,,1,1,,,,,,,,,,,,,,,,,,,,
3107,Possessed Shar chain leggings,1,122,0,0,0,0,0,750,0,0,0,0,0,0,0,0,0,0,0,0,0,0,0,0,0,0,0,0,0,0,0,0,0,0,0,0,0,0,0,0,0,,0,,,,,,,,,,,,,,,,,,,,,1,,,,,5267,,,,,,,,,,,,,,,,,,,,,,,,,,,
3108,Possessed Shar chain sleeves,1,112,0,0,747,0,0,0,0,0,0,0,0,0,0,0,0,0,0,0,0,0,0,0,0,0,0,0,0,0,0,0,0,0,0,0,0,0,0,0,0,,0,,,,,,,,,,,,,,,,,,,,,1,,,5262,,,,,,,,,,,,,,,,,,,,,,,,,,,,,
3109,Possessed Shar chain boots,1,126,0,0,0,0,0,0,751,0,0,0,0,0,0,0,0,0,0,0,0,0,0,0,0,0,0,0,0,0,0,0,0,0,0,0,0,0,0,0,0,,0,,,,,,,,,,,,,,,,,,,,,1,,,,,,5265,,,,2,,,,,,,,,,,,,,,,,,,,,,
3110,Possessed Shar chain gauntlets,1,116,0,0,0,748,0,0,0,0,0,0,0,0,0,0,0,0,0,0,0,0,0,0,0,0,0,0,0,0,0,0,0,0,0,0,0,0,0,0,0,,0,,,,,,,,,,,,,,,,,,,,,1,,,,5266,,,,,2,,,,,,,,,,,,,,,,,,,,,,,
3111,Possessed Inconnu studded chest,1,161,738,739,0,0,742,0,0,0,0,0,1,1,0,0,0,0,0,0,0,0,0,0,0,0,0,0,0,0,0,0,0,0,0,0,0,0,0,0,0,,0,,,,,,,,,,,,,,,,,,,,,1,5307,5306,,,,,,19,,,1,1,,,,,,,,,,,,,,,,,,,,
3112,Possessed Inconnu studded pants,1,166,0,0,0,0,0,743,0,0,0,0,0,0,0,0,0,0,0,0,0,0,0,0,0,0,0,0,0,0,0,0,0,0,0,0,0,0,0,0,0,,0,,,,,,,,,,,,,,,,,,,,,1,,,,,5308,,,,,,,,,,,,,,,,,,,,,,,,,,,
3113,Possessed Inconnu studded sleeves,1,164,0,0,740,0,0,0,0,0,0,0,0,0,0,0,0,0,0,0,0,0,0,0,0,0,0,0,0,0,0,0,0,0,0,0,0,0,0,0,0,,0,,,,,,,,,,,,,,,,,,,,,1,,,5309,,,,,,,,,,,,,,,,,,,,,,,,,,,,,
3114,Possessed Inconnu studded boots,1,167,0,0,0,0,0,0,744,0,0,0,0,0,0,0,0,0,0,0,0,0,0,0,0,0,0,0,0,0,0,0,0,0,0,0,0,0,0,0,0,,0,,,,,,,,,,,,,,,,,,,,,1,,,,,,5310,,,,3,,,,,,,,,,,,,,,,,,,,,,
3115,Possessed Inconnu studded gauntlets,1,165,0,0,0,741,0,0,0,0,0,0,0,0,0,0,0,0,0,0,0,0,0,0,0,0,0,0,0,0,0,0,0,0,0,0,0,0,0,0,0,,0,,,,,,,,,,,,,,,,,,,,,1,,,,5311,,,,,3,,,,,,,,,,,,,,,,,,,,,,,
3116,Good Inconnu studded chest,1,163,738,739,0,0,742,0,0,0,0,0,1,1,0,0,0,0,0,0,0,0,0,0,0,0,0,0,0,0,0,0,0,0,0,0,0,0,0,0,0,,0,,,,,,,,,,,,,,,,,,,,,1,5303,5302,,,,,,11,,,1,1,,,,,,,,,,,,,,,,,,,,
3117,Good Inconnu studded pants,1,166,0,0,0,0,0,743,0,0,0,0,0,0,0,0,0,0,0,0,0,0,0,0,0,0,0,0,0,0,0,0,0,0,0,0,0,0,0,0,0,,0,,,,,,,,,,,,,,,,,,,,,1,,,,,5300,,,,,,,,,,,,,,,,,,,,,,,,,,,
3118,Good Inconnu studded sleeves,1,164,0,0,740,0,0,0,0,0,0,0,0,0,0,0,0,0,0,0,0,0,0,0,0,0,0,0,0,0,0,0,0,0,0,0,0,0,0,0,0,,0,,,,,,,,,,,,,,,,,,,,,1,,,5301,,,,,,,,,,,,,,,,,,,,,,,,,,,,,
3119,Good Inconnu studded boots,1,167,0,0,0,0,0,0,744,0,0,0,0,0,0,0,0,0,0,0,0,0,0,0,0,0,0,0,0,0,0,0,0,0,0,0,0,0,0,0,0,,0,,,,,,,,,,,,,,,,,,,,,1,,,,,,5304,,,,3,,,,,,,,,,,,,,,,,,,,,,
3120,Good Inconnu studded gauntlets,1,165,0,0,0,741,0,0,0,0,0,0,0,0,0,0,0,0,0,0,0,0,0,0,0,0,0,0,0,0,0,0,0,0,0,0,0,0,0,0,0,,0,,,,,,,,,,,,,,,,,,,,,1,,,,5305,,,,,3,,,,,,,,,,,,,,,,,,,,,,,
3121,Poss Inconnu Hib cloth chest,1,104,675,676,0,0,679,0,0,0,0,0,1,1,0,0,0,0,0,0,0,0,0,0,0,0,0,0,0,0,0,0,0,0,0,0,0,0,0,0,0,,0,,,,,,,,,,,,,,,,,,,,,1,5252,5251,,,,,,1,,,1,1,,,,,,,,,,,,,,,,,,,,
3122,Poss Inconnu Hib cloth pants,1,120,0,0,0,0,0,680,0,0,0,0,0,0,0,0,0,0,0,0,0,0,0,0,0,0,0,0,0,0,0,0,0,0,0,0,0,0,0,0,0,,0,,,,,,,,,,,,,,,,,,,,,1,,,,,5259,,,,,,,,,,,,,,,,,,,,,,,,,,,
3123,Poss Inconnu Hib cloth sleeves,1,110,0,0,677,0,0,0,0,0,0,0,0,0,0,0,0,0,0,0,0,0,0,0,0,0,0,0,0,0,0,0,0,0,0,0,0,0,0,0,0,,0,,,,,,,,,,,,,,,,,,,,,1,,,5249,,,,,,,,,,,,,,,,,,,,,,,,,,,,,
3124,Poss Inconnu Hib cloth boots,1,124,0,0,0,0,0,0,681,0,0,0,0,0,0,0,0,0,0,0,0,0,0,0,0,0,0,0,0,0,0,0,0,0,0,0,0,0,0,0,0,,0,,,,,,,,,,,,,,,,,,,,,1,,,,,,5255,,,,7,,,,,,,,,,,,,,,,,,,,,,
3125,Poss Inconnu Hib cloth gloves,1,114,0,0,0,678,0,0,0,0,0,0,0,0,0,0,0,0,0,0,0,0,0,0,0,0,0,0,0,0,0,0,0,0,0,0,0,0,0,0,0,,0,,,,,,,,,,,,,,,,,,,,,1,,,,5257,,,,,7,,,,,,,,,,,,,,,,,,,,,,,
3126,Poss Inconnu Hib leather chest,1,105,752,753,0,0,756,0,0,0,0,0,1,1,0,0,0,0,0,0,0,0,0,0,0,0,0,0,0,0,0,0,0,0,0,0,0,0,0,0,0,,0,,,,,,,,,,,,,,,,,,,,,1,5240,5239,,,,,,19,,,1,1,,,,,,,,,,,,,,,,,,,,
3127,Poss Inconnu Hib leather pants,1,121,0,0,0,0,0,757,0,0,0,0,0,0,0,0,0,0,0,0,0,0,0,0,0,0,0,0,0,0,0,0,0,0,0,0,0,0,0,0,0,,0,,,,,,,,,,,,,,,,,,,,,1,,,,,5247,,,,,,,,,,,,,,,,,,,,,,,,,,,
3128,Poss Inconnu Hib leather sleeves,1,111,0,0,754,0,0,0,0,0,0,0,0,0,0,0,0,0,0,0,0,0,0,0,0,0,0,0,0,0,0,0,0,0,0,0,0,0,0,0,0,,0,,,,,,,,,,,,,,,,,,,,,1,,,5237,,,,,,,,,,,,,,,,,,,,,,,,,,,,,
3129,Poss Inconnu Hib leather boots,1,125,0,0,0,0,0,0,758,0,0,0,0,0,0,0,0,0,0,0,0,0,0,0,0,0,0,0,0,0,0,0,0,0,0,0,0,0,0,0,0,,0,,,,,,,,,,,,,,,,,,,,,1,,,,,,5243,,,,2,,,,,,,,,,,,,,,,,,,,,,
3130,Poss Inconnu Hib leather gloves,1,115,0,0,0,755,0,0,0,0,0,0,0,0,0,0,0,0,0,0,0,0,0,0,0,0,0,0,0,0,0,0,0,0,0,0,0,0,0,0,0,,0,,,,,,,,,,,,,,,,,,,,,1,,,,5245,,,,,2,,,,,,,,,,,,,,,,,,,,,,,
3131,Poss Inconnu Hib studded chest,1,163,738,739,0,0,742,0,0,0,0,0,1,1,0,0,0,0,0,0,0,0,0,0,0,0,0,0,0,0,0,0,0,0,0,0,0,0,0,0,0,,0,,,,,,,,,,,,,,,,,,,,,1,5307,5306,,,,,,19,,,1,1,,,,,,,,,,,,,,,,,,,,
3132,Poss Inconnu Hib studded pants,1,166,0,0,0,0,0,743,0,0,0,0,0,0,0,0,0,0,0,0,0,0,0,0,0,0,0,0,0,0,0,0,0,0,0,0,0,0,0,0,0,,0,,,,,,,,,,,,,,,,,,,,,1,,,,,5308,,,,,,,,,,,,,,,,,,,,,,,,,,,
3133,Poss Inconnu Hib studded sleeves,1,164,0,0,740,0,0,0,0,0,0,0,0,0,0,0,0,0,0,0,0,0,0,0,0,0,0,0,0,0,0,0,0,0,0,0,0,0,0,0,0,,0,,,,,,,,,,,,,,,,,,,,,1,,,5309,,,,,,,,,,,,,,,,,,,,,,,,,,,,,
3134,Poss Inconnu Hib studded boots,1,167,0,0,0,0,0,0,744,0,0,0,0,0,0,0,0,0,0,0,0,0,0,0,0,0,0,0,0,0,0,0,0,0,0,0,0,0,0,0,0,,0,,,,,,,,,,,,,,,,,,,,,1,,,,,,5310,,,,3,,,,,,,,,,,,,,,,,,,,,,
3135,Poss Inconnu Hib studded gauntlets,1,165,0,0,0,741,0,0,0,0,0,0,0,0,0,0,0,0,0,0,0,0,0,0,0,0,0,0,0,0,0,0,0,0,0,0,0,0,0,0,0,,0,,,,,,,,,,,,,,,,,,,,,1,,,,5311,,,,,3,,,,,,,,,,,,,,,,,,,,,,,
3136,Poss Inconnu Hib scale chest,1,106,745,746,0,0,749,0,0,0,0,0,1,1,0,0,0,0,0,0,0,0,0,0,0,0,0,0,0,0,0,0,0,0,0,0,0,0,0,0,0,,0,,,,,,,,,,,,,,,,,,,,,1,5227,5226,,,,,,6,,,1,1,,,,,,,,,,,,,,,,,,,,
3137,Poss Inconnu Hib scale leggings,1,122,0,0,0,0,0,750,0,0,0,0,0,0,0,0,0,0,0,0,0,0,0,0,0,0,0,0,0,0,0,0,0,0,0,0,0,0,0,0,0,,0,,,,,,,,,,,,,,,,,,,,,1,,,,,5234,,,,,,,,,,,,,,,,,,,,,,,,,,,
3138,Poss Inconnu Hib scale sleeves,1,112,0,0,747,0,0,0,0,0,0,0,0,0,0,0,0,0,0,0,0,0,0,0,0,0,0,0,0,0,0,0,0,0,0,0,0,0,0,0,0,,0,,,,,,,,,,,,,,,,,,,,,1,,,5224,,,,,,,,,,,,,,,,,,,,,,,,,,,,,
3139,Poss Inconnu Hib scale boots,1,126,0,0,0,0,0,0,751,0,0,0,0,0,0,0,0,0,0,0,0,0,0,0,0,0,0,0,0,0,0,0,0,0,0,0,0,0,0,0,0,,0,,,,,,,,,,,,,,,,,,,,,1,,,,,,5230,,,,2,,,,,,,,,,,,,,,,,,,,,,
3140,Poss Inconnu Hib scale gauntlets,1,116,0,0,0,748,0,0,0,0,0,0,0,0,0,0,0,0,0,0,0,0,0,0,0,0,0,0,0,0,0,0,0,0,0,0,0,0,0,0,0,,0,,,,,,,,,,,,,,,,,,,,,1,,,,5232,,,,,2,,,,,,,,,,,,,,,,,,,,,,,
3141,Poss Inconnu Mid cloth chest,1,104,581,580,0,0,584,0,0,0,0,0,1,1,0,0,0,0,0,0,0,0,0,0,0,0,0,0,0,0,0,0,0,0,0,0,0,0,0,0,0,,0,,,,,,,,,,,,,,,,,,,,,1,5252,5251,,,,,,1,,,1,1,,,,,,,,,,,,,,,,,,,,
3142,Poss Inconnu Mid cloth pants,1,120,0,0,0,0,0,585,0,0,0,0,0,0,0,0,0,0,0,0,0,0,0,0,0,0,0,0,0,0,0,0,0,0,0,0,0,0,0,0,0,,0,,,,,,,,,,,,,,,,,,,,,1,,,,,5259,,,,,,,,,,,,,,,,,,,,,,,,,,,
3143,Poss Inconnu Mid cloth sleeves,1,110,0,0,586,0,0,0,0,0,0,0,0,0,0,0,0,0,0,0,0,0,0,0,0,0,0,0,0,0,0,0,0,0,0,0,0,0,0,0,0,,0,,,,,,,,,,,,,,,,,,,,,1,,,5249,,,,,,,,,,,,,,,,,,,,,,,,,,,,,
3144,Poss Inconnu Mid cloth boots,1,124,0,0,0,0,0,0,582,0,0,0,0,0,0,0,0,0,0,0,0,0,0,0,0,0,0,0,0,0,0,0,0,0,0,0,0,0,0,0,0,,0,,,,,,,,,,,,,,,,,,,,,1,,,,,,5255,,,,7,,,,,,,,,,,,,,,,,,,,,,
3145,Poss Inconnu Mid cloth gloves,1,114,0,0,0,583,0,0,0,0,0,0,0,0,0,0,0,0,0,0,0,0,0,0,0,0,0,0,0,0,0,0,0,0,0,0,0,0,0,0,0,,0,,,,,,,,,,,,,,,,,,,,,1,,,,5257,,,,,7,,,,,,,,,,,,,,,,,,,,,,,
3146,Poss Inconnu Mid leather chest,1,105,573,574,0,0,577,0,0,0,0,0,1,1,0,0,0,0,0,0,0,0,0,0,0,0,0,0,0,0,0,0,0,0,0,0,0,0,0,0,0,,0,,,,,,,,,,,,,,,,,,,,,1,5240,5239,,,,,,19,,,1,1,,,,,,,,,,,,,,,,,,,,
3147,Poss Inconnu Mid leather pants,1,121,0,0,0,0,0,578,0,0,0,0,0,0,0,0,0,0,0,0,0,0,0,0,0,0,0,0,0,0,0,0,0,0,0,0,0,0,0,0,0,,0,,,,,,,,,,,,,,,,,,,,,1,,,,,5247,,,,,,,,,,,,,,,,,,,,,,,,,,,
3148,Poss Inconnu Mid leather sleeves,1,111,0,0,575,0,0,0,0,0,0,0,0,0,0,0,0,0,0,0,0,0,0,0,0,0,0,0,0,0,0,0,0,0,0,0,0,0,0,0,0,,0,,,,,,,,,,,,,,,,,,,,,1,,,5237,,,,,,,,,,,,,,,,,,,,,,,,,,,,,
3149,Poss Inconnu Mid leather boots,1,125,0,0,0,0,0,0,579,0,0,0,0,0,0,0,0,0,0,0,0,0,0,0,0,0,0,0,0,0,0,0,0,0,0,0,0,0,0,0,0,,0,,,,,,,,,,,,,,,,,,,,,1,,,,,,5243,,,,2,,,,,,,,,,,,,,,,,,,,,,
3150,Poss Inconnu Mid leather gloves,1,115,0,0,0,576,0,0,0,0,0,0,0,0,0,0,0,0,0,0,0,0,0,0,0,0,0,0,0,0,0,0,0,0,0,0,0,0,0,0,0,,0,,,,,,,,,,,,,,,,,,,,,1,,,,5245,,,,,2,,,,,,,,,,,,,,,,,,,,,,,
3151,Poss Inconnu Mid studded chest,1,163,559,560,0,0,563,0,0,0,0,0,1,1,0,0,0,0,0,0,0,0,0,0,0,0,0,0,0,0,0,0,0,0,0,0,0,0,0,0,0,,0,,,,,,,,,,,,,,,,,,,,,1,5307,5306,,,,,,19,,,1,1,,,,,,,,,,,,,,,,,,,,
3152,Poss Inconnu Mid studded pants,1,166,0,0,0,0,0,564,0,0,0,0,0,0,0,0,0,0,0,0,0,0,0,0,0,0,0,0,0,0,0,0,0,0,0,0,0,0,0,0,0,,0,,,,,,,,,,,,,,,,,,,,,1,,,,,5308,,,,,,,,,,,,,,,,,,,,,,,,,,,
3153,Poss Inconnu Mid studded sleeves,1,164,0,0,561,0,0,0,0,0,0,0,0,0,0,0,0,0,0,0,0,0,0,0,0,0,0,0,0,0,0,0,0,0,0,0,0,0,0,0,0,,0,,,,,,,,,,,,,,,,,,,,,1,,,5309,,,,,,,,,,,,,,,,,,,,,,,,,,,,,
3154,Poss Inconnu Mid studded boots,1,167,0,0,0,0,0,0,565,0,0,0,0,0,0,0,0,0,0,0,0,0,0,0,0,0,0,0,0,0,0,0,0,0,0,0,0,0,0,0,0,,0,,,,,,,,,,,,,,,,,,,,,1,,,,,,5310,,,,3,,,,,,,,,,,,,,,,,,,,,,
3155,Poss Inconnu Mid studded gauntlets,1,165,0,0,0,562,0,0,0,0,0,0,0,0,0,0,0,0,0,0,0,0,0,0,0,0,0,0,0,0,0,0,0,0,0,0,0,0,0,0,0,,0,,,,,,,,,,,,,,,,,,,,,1,,,,5311,,,,,3,,,,,,,,,,,,,,,,,,,,,,,
3156,Poss Inconnu Mid chain chest,1,106,566,567,0,0,570,0,0,0,0,0,2,2,0,0,0,0,0,0,0,0,0,0,0,0,0,0,0,0,0,0,0,0,0,0,0,0,0,0,0,,0,,,,,,,,,,,,,,,,,,,,,1,5203,5202,,,,,,6,,,1,1,,,,,,,,,,,,,,,,,,,,
3157,Poss Inconnu Mid chain leggings,1,122,0,0,0,0,0,571,0,0,0,0,0,0,0,0,0,0,0,0,0,0,0,0,0,0,0,0,0,0,0,0,0,0,0,0,0,0,0,0,0,,0,,,,,,,,,,,,,,,,,,,,,1,,,,,5210,,,,,,,,,,,,,,,,,,,,,,,,,,,
3158,Poss Inconnu Mid chain sleeves,1,112,0,0,568,0,0,0,0,0,0,0,0,0,0,0,0,0,0,0,0,0,0,0,0,0,0,0,0,0,0,0,0,0,0,0,0,0,0,0,0,,0,,,,,,,,,,,,,,,,,,,,,1,,,5200,,,,,,,,,,,,,,,,,,,,,,,,,,,,,
3159,Poss Inconnu Mid chain boots,1,126,0,0,0,0,0,0,572,0,0,0,0,0,0,0,0,0,0,0,0,0,0,0,0,0,0,0,0,0,0,0,0,0,0,0,0,0,0,0,0,,0,,,,,,,,,,,,,,,,,,,,,1,,,,,,5206,,,,2,,,,,,,,,,,,,,,,,,,,,,
3160,Poss Inconnu Mid chain gauntlets,1,116,0,0,0,569,0,0,0,0,0,0,0,0,0,0,0,0,0,0,0,0,0,0,0,0,0,0,0,0,0,0,0,0,0,0,0,0,0,0,0,,0,,,,,,,,,,,,,,,,,,,,,1,,,,5208,,,,,2,,,,,,,,,,,,,,,,,,,,,,,
3161,Possessed Shar Alb cloth chest,1,104,385,384,0,0,388,0,0,0,0,0,1,1,0,0,0,0,0,0,0,0,0,0,0,0,0,0,0,0,0,0,0,0,0,0,0,0,0,0,0,,0,,,,,,,,,,,,,,,,,,,,,1,5270,5269,,,,,,1,,,1,1,,,,,,,,,,,,,,,,,,,,
3162,Possessed Shar Alb cloth robe,1,118,377,378,374,0,373,0,0,0,0,0,3,3,0,0,0,0,0,0,0,0,0,0,0,0,0,0,0,0,0,0,0,0,0,0,0,0,0,0,0,,0,,,,,,,,,,,,,,,,,,,,,1,5287,5286,,,,,,16,5,5,-1,-1,,,,,,,,,,,,,,,,,,,,
3163,Possessed Shar Alb cloth pants,1,120,0,0,0,0,0,389,0,0,0,0,0,0,0,0,0,0,0,0,0,0,0,0,0,0,0,0,0,0,0,0,0,0,0,0,0,0,0,0,0,,0,,,,,,,,,,,,,,,,,,,,,1,,,,,5273,,,,,,,,,,,,,,,,,,,,,,,,,,,
3164,Possessed Shar Alb cloth sleeves,1,110,0,0,383,0,0,0,0,0,0,0,0,0,0,0,0,0,0,0,0,0,0,0,0,0,0,0,0,0,0,0,0,0,0,0,0,0,0,0,0,,0,,,,,,,,,,,,,,,,,,,,,1,,,5268,,,,,,,,,,,,,,,,,,,,,,,,,,,,,
3165,Possessed Shar Alb cloth boots,1,124,0,0,0,0,0,0,386,0,0,0,0,0,0,0,0,0,0,0,0,0,0,0,0,0,0,0,0,0,0,0,0,0,0,0,0,0,0,0,0,,0,,,,,,,,,,,,,,,,,,,,,1,,,,,,5271,,,,7,,,,,,,,,,,,,,,,,,,,,,
3166,Possessed Shar Alb cloth gloves,1,114,0,0,0,387,0,0,0,0,0,0,0,0,0,0,0,0,0,0,0,0,0,0,0,0,0,0,0,0,0,0,0,0,0,0,0,0,0,0,0,,0,,,,,,,,,,,,,,,,,,,,,1,,,,5272,,,,,7,,,,,,,,,,,,,,,,,,,,,,,
3167,Possessed Shar Alb leather chest,1,105,316,317,0,0,320,0,0,0,0,0,1,1,0,0,0,0,0,0,0,0,0,0,0,0,0,0,0,0,0,0,0,0,0,0,0,0,0,0,0,,0,,,,,,,,,,,,,,,,,,,,,1,5276,5275,,,,,,19,,,1,1,,,,,,,,,,,,,,,,,,,,
3168,Possessed Shar Alb leather pants,1,121,0,0,0,0,0,321,0,0,0,0,0,0,0,0,0,0,0,0,0,0,0,0,0,0,0,0,0,0,0,0,0,0,0,0,0,0,0,0,0,,0,,,,,,,,,,,,,,,,,,,,,1,,,,,5279,,,,,,,,,,,,,,,,,,,,,,,,,,,
3169,Possessed Shar Alb leather sleeves,1,111,0,0,318,0,0,0,0,0,0,0,0,0,0,0,0,0,0,0,0,0,0,0,0,0,0,0,0,0,0,0,0,0,0,0,0,0,0,0,0,,0,,,,,,,,,,,,,,,,,,,,,1,,,5274,,,,,,,,,,,,,,,,,,,,,,,,,,,,,
3170,Possessed Shar Alb leather boots,1,125,0,0,0,0,0,0,322,0,0,0,0,0,0,0,0,0,0,0,0,0,0,0,0,0,0,0,0,0,0,0,0,0,0,0,0,0,0,0,0,,0,,,,,,,,,,,,,,,,,,,,,1,,,,,,5277,,,,2,,,,,,,,,,,,,,,,,,,,,,
3171,Possessed Shar Alb leather gloves,1,115,0,0,0,311,0,0,0,0,0,0,0,0,0,0,0,0,0,0,0,0,0,0,0,0,0,0,0,0,0,0,0,0,0,0,0,0,0,0,0,,0,,,,,,,,,,,,,,,,,,,,,1,,,,5278,,,,,2,,,,,,,,,,,,,,,,,,,,,,,
3172,Possessed Shar Alb studded chest,1,163,398,399,0,0,402,0,0,0,0,0,1,1,0,0,0,0,0,0,0,0,0,0,0,0,0,0,0,0,0,0,0,0,0,0,0,0,0,0,0,,0,,,,,,,,,,,,,,,,,,,,,1,5296,5295,,,,,,19,,,1,1,,,,,,,,,,,,,,,,,,,,
3173,Possessed Shar Alb studded pants,1,166,0,0,0,0,0,403,0,0,0,0,0,0,0,0,0,0,0,0,0,0,0,0,0,0,0,0,0,0,0,0,0,0,0,0,0,0,0,0,0,,0,,,,,,,,,,,,,,,,,,,,,1,,,,,5299,,,,,,,,,,,,,,,,,,,,,,,,,,,
3174,Possessed Shar Alb studded sleeves,1,164,0,0,400,0,0,0,0,0,0,0,0,0,0,0,0,0,0,0,0,0,0,0,0,0,0,0,0,0,0,0,0,0,0,0,0,0,0,0,0,,0,,,,,,,,,,,,,,,,,,,,,1,,,5294,,,,,,,,,,,,,,,,,,,,,,,,,,,,,
3175,Possessed Shar Alb studded boots,1,167,0,0,0,0,0,0,404,0,0,0,0,0,0,0,0,0,0,0,0,0,0,0,0,0,0,0,0,0,0,0,0,0,0,0,0,0,0,0,0,,0,,,,,,,,,,,,,,,,,,,,,1,,,,,,5297,,,,3,,,,,,,,,,,,,,,,,,,,,,
3176,Possessed Shar Alb studded gauntlets,1,165,0,0,0,401,0,0,0,0,0,0,0,0,0,0,0,0,0,0,0,0,0,0,0,0,0,0,0,0,0,0,0,0,0,0,0,0,0,0,0,,0,,,,,,,,,,,,,,,,,,,,,1,,,,5298,,,,,3,,,,,,,,,,,,,,,,,,,,,,,
3177,Possessed Shar Alb chain chest,1,106,440,441,0,0,444,0,0,0,0,0,2,1,0,0,0,0,0,0,0,0,0,0,0,0,0,0,0,0,0,0,0,0,0,0,0,0,0,0,0,,0,,,,,,,,,,,,,,,,,,,,,1,5264,5263,,,,,,6,,,1,1,,,,,,,,,,,,,,,,,,,,
3178,Possessed Shar Alb chain leggings,1,122,0,0,0,0,0,445,0,0,0,0,0,0,0,0,0,0,0,0,0,0,0,0,0,0,0,0,0,0,0,0,0,0,0,0,0,0,0,0,0,,0,,,,,,,,,,,,,,,,,,,,,1,,,,,5267,,,,,,,,,,,,,,,,,,,,,,,,,,,
3179,Possessed Shar Alb chain sleeves,1,112,0,0,442,0,0,0,0,0,0,0,0,0,0,0,0,0,0,0,0,0,0,0,0,0,0,0,0,0,0,0,0,0,0,0,0,0,0,0,0,,0,,,,,,,,,,,,,,,,,,,,,1,,,5262,,,,,,,,,,,,,,,,,,,,,,,,,,,,,
3180,Possessed Shar Alb chain boots,1,126,0,0,0,0,0,0,446,0,0,0,0,0,0,0,0,0,0,0,0,0,0,0,0,0,0,0,0,0,0,0,0,0,0,0,0,0,0,0,0,,0,,,,,,,,,,,,,,,,,,,,,1,,,,,,5265,,,,2,,,,,,,,,,,,,,,,,,,,,,
3181,Possessed Shar Alb chain gauntlets,1,116,0,0,0,443,0,0,0,0,0,0,0,0,0,0,0,0,0,0,0,0,0,0,0,0,0,0,0,0,0,0,0,0,0,0,0,0,0,0,0,,0,,,,,,,,,,,,,,,,,,,,,1,,,,5266,,,,,2,,,,,,,,,,,,,,,,,,,,,,,
3182,Possessed Shar Alb plate chest,1,109,345,346,0,0,349,0,0,0,0,0,1,1,0,0,0,0,0,0,0,0,0,0,0,0,0,0,0,0,0,0,0,0,0,0,0,0,0,0,0,,0,,,,,,,,,,,,,,,,,,,,,1,5283,5282,,,,,,12,,,1,1,,,,,,,,,,,,,,,,,,,,
3183,Possessed Shar Alb plate leggings,1,123,0,0,0,0,0,350,0,0,0,0,0,0,0,0,0,0,0,0,0,0,0,0,0,0,0,0,0,0,0,0,0,0,0,0,0,0,0,0,0,,0,,,,,,,,,,,,,,,,,,,,,1,,,,,5280,,,,,,,,,,,,,,,,,,,,,,,,,,,
3184,Possessed Shar Alb plate sleeves,1,113,0,0,347,0,0,0,0,0,0,0,0,0,0,0,0,0,0,0,0,0,0,0,0,0,0,0,0,0,0,0,0,0,0,0,0,0,0,0,0,,0,,,,,,,,,,,,,,,,,,,,,1,,,5281,,,,,,,,,,,,,,,,,,,,,,,,,,,,,
3185,Possessed Shar Alb plate boots,1,127,0,0,0,0,0,0,351,0,0,0,0,0,0,0,0,0,0,0,0,0,0,0,0,0,0,0,0,0,0,0,0,0,0,0,0,0,0,0,0,,0,,,,,,,,,,,,,,,,,,,,,1,,,,,,5284,,,,4,,,,,,,,,,,,,,,,,,,,,,
3186,Possessed Shar Alb plate gauntlets,1,117,0,0,0,348,0,0,0,0,0,0,0,0,0,0,0,0,0,0,0,0,0,0,0,0,0,0,0,0,0,0,0,0,0,0,0,0,0,0,0,,0,,,,,,,,,,,,,,,,,,,,,1,,,,5285,,,,,4,,,,,,,,,,,,,,,,,,,,,,,
3187,Possessed Shar Mid cloth chest,1,104,581,580,0,0,584,0,0,0,0,0,1,1,0,0,0,0,0,0,0,0,0,0,0,0,0,0,0,0,0,0,0,0,0,0,0,0,0,0,0,,0,,,,,,,,,,,,,,,,,,,,,1,5270,5269,,,,,,1,,,1,1,,,,,,,,,,,,,,,,,,,,
3188,Possessed Shar Mid cloth robe,1,118,377,378,374,0,373,0,0,0,0,0,3,3,0,0,0,0,0,0,0,0,0,0,0,0,0,0,0,0,0,0,0,0,0,0,0,0,0,0,0,,0,,,,,,,,,,,,,,,,,,,,,1,5287,5286,,,,,,16,5,5,-1,-1,,,,,,,,,,,,,,,,,,,,
3189,Possessed Shar Mid cloth pants,1,120,0,0,0,0,0,585,0,0,0,0,0,0,0,0,0,0,0,0,0,0,0,0,0,0,0,0,0,0,0,0,0,0,0,0,0,0,0,0,0,,0,,,,,,,,,,,,,,,,,,,,,1,,,,,5273,,,,,,,,,,,,,,,,,,,,,,,,,,,
3190,Possessed Shar Mid cloth sleeves,1,110,0,0,586,0,0,0,0,0,0,0,0,0,0,0,0,0,0,0,0,0,0,0,0,0,0,0,0,0,0,0,0,0,0,0,0,0,0,0,0,,0,,,,,,,,,,,,,,,,,,,,,1,,,5268,,,,,,,,,,,,,,,,,,,,,,,,,,,,,
3191,Possessed Shar Mid cloth boots,1,124,0,0,0,0,0,0,582,0,0,0,0,0,0,0,0,0,0,0,0,0,0,0,0,0,0,0,0,0,0,0,0,0,0,0,0,0,0,0,0,,0,,,,,,,,,,,,,,,,,,,,,1,,,,,,5271,,,,7,,,,,,,,,,,,,,,,,,,,,,
3192,Possessed Shar Mid cloth gloves,1,114,0,0,0,583,0,0,0,0,0,0,0,0,0,0,0,0,0,0,0,0,0,0,0,0,0,0,0,0,0,0,0,0,0,0,0,0,0,0,0,,0,,,,,,,,,,,,,,,,,,,,,1,,,,5272,,,,,7,,,,,,,,,,,,,,,,,,,,,,,
3193,Possessed Shar Mid leather chest,1,105,573,574,0,0,577,0,0,0,0,0,1,1,0,0,0,0,0,0,0,0,0,0,0,0,0,0,0,0,0,0,0,0,0,0,0,0,0,0,0,,0,,,,,,,,,,,,,,,,,,,,,1,5276,5275,,,,,,19,,,1,1,,,,,,,,,,,,,,,,,,,,
3194,Possessed Shar Mid leather pants,1,121,0,0,0,0,0,578,0,0,0,0,0,0,0,0,0,0,0,0,0,0,0,0,0,0,0,0,0,0,0,0,0,0,0,0,0,0,0,0,0,,0,,,,,,,,,,,,,,,,,,,,,1,,,,,5279,,,,,,,,,,,,,,,,,,,,,,,,,,,
3195,Possessed Shar Mid leather sleeves,1,111,0,0,575,0,0,0,0,0,0,0,0,0,0,0,0,0,0,0,0,0,0,0,0,0,0,0,0,0,0,0,0,0,0,0,0,0,0,0,0,,0,,,,,,,,,,,,,,,,,,,,,1,,,5274,,,,,,,,,,,,,,,,,,,,,,,,,,,,,
3196,Possessed Shar Mid leather boots,1,125,0,0,0,0,0,0,579,0,0,0,0,0,0,0,0,0,0,0,0,0,0,0,0,0,0,0,0,0,0,0,0,0,0,0,0,0,0,0,0,,0,,,,,,,,,,,,,,,,,,,,,1,,,,,,5277,,,,2,,,,,,,,,,,,,,,,,,,,,,
3197,Possessed Shar Mid leather gloves,1,115,0,0,0,576,0,0,0,0,0,0,0,0,0,0,0,0,0,0,0,0,0,0,0,0,0,0,0,0,0,0,0,0,0,0,0,0,0,0,0,,0,,,,,,,,,,,,,,,,,,,,,1,,,,5278,,,,,2,,,,,,,,,,,,,,,,,,,,,,,
3198,Possessed Shar Mid studded chest,1,163,559,560,0,0,563,0,0,0,0,0,1,1,0,0,0,0,0,0,0,0,0,0,0,0,0,0,0,0,0,0,0,0,0,0,0,0,0,0,0,,0,,,,,,,,,,,,,,,,,,,,,1,5296,5295,,,,,,19,,,1,1,,,,,,,,,,,,,,,,,,,,
3199,Possessed Shar Mid studded pants,1,166,0,0,0,0,0,564,0,0,0,0,0,0,0,0,0,0,0,0,0,0,0,0,0,0,0,0,0,0,0,0,0,0,0,0,0,0,0,0,0,,0,,,,,,,,,,,,,,,,,,,,,1,,,,,5299,,,,,,,,,,,,,,,,,,,,,,,,,,,
3200,Possessed Shar Mid studded sleeves,1,164,0,0,561,0,0,0,0,0,0,0,0,0,0,0,0,0,0,0,0,0,0,0,0,0,0,0,0,0,0,0,0,0,0,0,0,0,0,0,0,,0,,,,,,,,,,,,,,,,,,,,,1,,,5294,,,,,,,,,,,,,,,,,,,,,,,,,,,,,
3201,Possessed Shar Mid studded boots,1,167,0,0,0,0,0,0,565,0,0,0,0,0,0,0,0,0,0,0,0,0,0,0,0,0,0,0,0,0,0,0,0,0,0,0,0,0,0,0,0,,0,,,,,,,,,,,,,,,,,,,,,1,,,,,,5297,,,,3,,,,,,,,,,,,,,,,,,,,,,
3202,Possessed Shar Mid studded gauntlets,1,165,0,0,0,562,0,0,0,0,0,0,0,0,0,0,0,0,0,0,0,0,0,0,0,0,0,0,0,0,0,0,0,0,0,0,0,0,0,0,0,,0,,,,,,,,,,,,,,,,,,,,,1,,,,5298,,,,,3,,,,,,,,,,,,,,,,,,,,,,,
3203,Possessed Shar Mid chain chest,1,106,566,567,0,0,570,0,0,0,0,0,2,2,0,0,0,0,0,0,0,0,0,0,0,0,0,0,0,0,0,0,0,0,0,0,0,0,0,0,0,,0,,,,,,,,,,,,,,,,,,,,,1,5264,5263,,,,,,6,,,1,1,,,,,,,,,,,,,,,,,,,,
3204,Possessed Shar Mid chain leggings,1,122,0,0,0,0,0,571,0,0,0,0,0,0,0,0,0,0,0,0,0,0,0,0,0,0,0,0,0,0,0,0,0,0,0,0,0,0,0,0,0,,0,,,,,,,,,,,,,,,,,,,,,1,,,,,5267,,,,,,,,,,,,,,,,,,,,,,,,,,,
3205,Possessed Shar Mid chain sleeves,1,112,0,0,568,0,0,0,0,0,0,0,0,0,0,0,0,0,0,0,0,0,0,0,0,0,0,0,0,0,0,0,0,0,0,0,0,0,0,0,0,,0,,,,,,,,,,,,,,,,,,,,,1,,,5262,,,,,,,,,,,,,,,,,,,,,,,,,,,,,
3206,Possessed Shar Mid chain boots,1,126,0,0,0,0,0,0,572,0,0,0,0,0,0,0,0,0,0,0,0,0,0,0,0,0,0,0,0,0,0,0,0,0,0,0,0,0,0,0,0,,0,,,,,,,,,,,,,,,,,,,,,1,,,,,,5265,,,,2,,,,,,,,,,,,,,,,,,,,,,
3207,Possessed Shar Mid chain gauntlets,1,116,0,0,0,569,0,0,0,0,0,0,0,0,0,0,0,0,0,0,0,0,0,0,0,0,0,0,0,0,0,0,0,0,0,0,0,0,0,0,0,,0,,,,,,,,,,,,,,,,,,,,,1,,,,5266,,,,,2,,,,,,,,,,,,,,,,,,,,,,,
3209,Merchant Cloth 1 Vest,1,104,385,384,0,0,388,0,0,0,0,0,1,1,0,0,0,0,0,0,0,0,0,0,0,0,0,0,0,0,0,0,0,0,0,0,0,0,0,0,0,,0,,,,,,,,,,,,,,,,,,,,,1,5316,5315,,,,,,1,,,1,1,,,,,,,,,,,,,,,,,,,,
3210,Merchant Cloth 1 Legs,1,120,0,0,0,0,0,389,0,0,0,0,0,0,0,0,0,0,0,0,0,0,0,0,0,0,0,0,0,0,0,0,0,0,0,0,0,0,0,0,0,,0,,,,,,,,,,,,,,,,,,,,,1,,,,,5326,,,,,,,,,,,,,,,,,,,,,,,,,,,
3211,Merchant Cloth 1 Arms,1,110,0,0,383,0,0,0,0,0,0,0,0,0,0,0,0,0,0,0,0,0,0,0,0,0,0,0,0,0,0,0,0,0,0,0,0,0,0,0,0,,0,,,,,,,,,,,,,,,,,,,,,1,,,5312,,,,,,,,,,,,,,,,,,,,,,,,,,,,,
3212,Merchant Cloth 1 Gloves,1,114,0,0,0,387,0,0,0,0,0,0,0,0,0,0,0,0,0,0,0,0,0,0,0,0,0,0,0,0,0,0,0,0,0,0,0,0,0,0,0,,0,,,,,,,,,,,,,,,,,,,,,1,,,,5324,,,,,7,,,,,,,,,,,,,,,,,,,,,,,
3213,Merchant Cloth 1 Boots,1,124,0,0,0,0,0,0,386,0,0,0,0,0,0,0,0,0,0,0,0,0,0,0,0,0,0,0,0,0,0,0,0,0,0,0,0,0,0,0,0,,0,,,,,,,,,,,,,,,,,,,,,1,,,,,,5321,,,,7,,,,,,,,,,,,,,,,,,,,,,
3214,Merchant Cloth 2 Vest,1,104,385,384,0,0,388,0,0,0,0,0,1,1,0,0,0,0,0,0,0,0,0,0,0,0,0,0,0,0,0,0,0,0,0,0,0,0,0,0,0,,0,,,,,,,,,,,,,,,,,,,,,1,5318,5317,,,,,,1,,,1,1,,,,,,,,,,,,,,,,,,,,
3215,Merchant Cloth 2 Legs,1,120,0,0,0,0,0,389,0,0,0,0,0,0,0,0,0,0,0,0,0,0,0,0,0,0,0,0,0,0,0,0,0,0,0,0,0,0,0,0,0,,0,,,,,,,,,,,,,,,,,,,,,1,,,,,5327,,,,,,,,,,,,,,,,,,,,,,,,,,,
3216,Merchant Cloth 2 Arms,1,110,0,0,383,0,0,0,0,0,0,0,0,0,0,0,0,0,0,0,0,0,0,0,0,0,0,0,0,0,0,0,0,0,0,0,0,0,0,0,0,,0,,,,,,,,,,,,,,,,,,,,,1,,,5313,,,,,,,,,,,,,,,,,,,,,,,,,,,,,
3217,Merchant Cloth 2 Gloves,1,114,0,0,0,387,0,0,0,0,0,0,0,0,0,0,0,0,0,0,0,0,0,0,0,0,0,0,0,0,0,0,0,0,0,0,0,0,0,0,0,,0,,,,,,,,,,,,,,,,,,,,,1,,,,5325,,,,,7,,,,,,,,,,,,,,,,,,,,,,,
3218,Merchant Cloth 2 Boots,1,124,0,0,0,0,0,0,386,0,0,0,0,0,0,0,0,0,0,0,0,0,0,0,0,0,0,0,0,0,0,0,0,0,0,0,0,0,0,0,0,,0,,,,,,,,,,,,,,,,,,,,,1,,,,,,5322,,,,7,,,,,,,,,,,,,,,,,,,,,,
3219,Merchant Cloth 3 Vest,1,104,385,384,0,0,388,0,0,0,0,0,1,1,0,0,0,0,0,0,0,0,0,0,0,0,0,0,0,0,0,0,0,0,0,0,0,0,0,0,0,,0,,,,,,,,,,,,,,,,,,,,,1,5320,5319,,,,,,1,,,1,1,,,,,,,,,,,,,,,,,,,,
3220,Merchant Cloth 3 Legs,1,120,0,0,0,0,0,389,0,0,0,0,0,0,0,0,0,0,0,0,0,0,0,0,0,0,0,0,0,0,0,0,0,0,0,0,0,0,0,0,0,,0,,,,,,,,,,,,,,,,,,,,,1,,,,,5327,,,,,,,,,,,,,,,,,,,,,,,,,,,
3221,Merchant Cloth 3 Arms,1,110,0,0,383,0,0,0,0,0,0,0,0,0,0,0,0,0,0,0,0,0,0,0,0,0,0,0,0,0,0,0,0,0,0,0,0,0,0,0,0,,0,,,,,,,,,,,,,,,,,,,,,1,,,5313,,,,,,,,,,,,,,,,,,,,,,,,,,,,,
3222,Merchant Cloth 3 Boots,1,124,0,0,0,0,0,0,386,0,0,0,0,0,0,0,0,0,0,0,0,0,0,0,0,0,0,0,0,0,0,0,0,0,0,0,0,0,0,0,0,,0,,,,,,,,,,,,,,,,,,,,,1,,,,,,5323,,,,7,,,,,,,,,,,,,,,,,,,,,,
3223,Guild Banner Albion,1651,529,0,0,0,0,0,0,0,0,0,0,0,0,0,0,0,0,0,0,5329,0,0,1,0,0,0,0,0,0,0,0,0,0,0,0,0,0,0,0,0,,0,,,,,,,,,,,,,,,,,,,,,,,,,,,,,,,,,,,,,,,,,,,,,,,,,,,,,
3224,Guild Banner Midgard,1652,529,0,0,0,0,0,0,0,0,0,0,0,0,0,0,0,0,0,0,5329,0,0,1,0,0,0,0,0,0,0,0,0,0,0,0,0,0,0,0,0,,0,,,,,,,,,,,,,,,,,,,,,,,,,,,,,,,,,,,,,,,,,,,,,,,,,,,,,
3225,Guild Banner Hibernia,1650,529,0,0,0,0,0,0,0,0,0,0,0,0,0,0,0,0,0,0,5329,0,0,1,0,0,0,0,0,0,0,0,0,0,0,0,0,0,0,0,0,,0,,,,,,,,,,,,,,,,,,,,,,,,,,,,,,,,,,,,,,,,,,,,,,,,,,,,,
3226,Eldritch Epic Staff,1745,209,0,0,0,0,0,0,0,0,0,0,0,0,0,0,0,4,1,6,0,0,0,0,0,0,0,0,0,0,0,0,0,0,0,0,0,0,0,0,0,,0,,,,,,,,,,,,,,,,,,,,,,,,,,,,,,,,,,,,,,,,,,,,,,,,,342,,,,
3227,Enchanter Epic Staff,1746,209,0,0,0,0,0,0,0,0,0,0,0,0,0,0,0,4,1,6,0,0,0,0,0,0,0,0,0,0,0,0,0,0,0,0,0,0,0,0,0,,0,,,,,,,,,,,,,,,,,,,,,,,,,,,,,,,,,,,,,,,,,,,,,,,,,343,,,,
3228,Mentalist Epic Staff,1756,209,0,0,0,0,0,0,0,0,0,0,0,0,0,0,0,4,1,6,0,0,0,0,0,0,0,0,0,0,0,0,0,0,0,0,0,0,0,0,0,,0,,,,,,,,,,,,,,,,,,,,,,,,,,,,,,,,,,,,,,,,,,,,,,,,,348,,,,
3229,Animist Epic Staff,1743,209,0,0,0,0,0,0,0,0,0,0,0,0,0,0,0,4,1,6,0,0,0,0,0,0,0,0,0,0,0,0,0,0,0,0,0,0,0,0,0,,0,,,,,,,,,,,,,,,,,,,,,,,,,,,,,,,,,,,,,,,,,,,,,,,,,341,,,,
3230,Bainshee Epic Staff,1744,209,0,0,0,0,0,0,0,0,0,0,0,0,0,0,0,4,1,6,0,0,0,0,0,0,0,0,0,0,0,0,0,0,0,0,0,0,0,0,0,,0,,,,,,,,,,,,,,,,,,,,,,,,,,,,,,,,,,,,,,,,,,,,,,,,,340,,,,
3231,Valewalker Epic Scythe,1759,232,0,0,0,0,0,0,0,0,0,0,0,0,0,0,0,14,0,2,0,0,0,0,0,0,0,0,0,0,0,0,0,0,0,0,0,0,0,0,0,,0,,,,,,,,,,,,,,,,,,,,,,,,,,,,,,,,,,,,,,,,,,,,,,,,,349,,,,
3232,Vampiir Epic Pierce,1757,206,0,0,0,0,0,0,0,0,0,0,0,0,0,1,0,7,0,1,0,0,0,0,0,0,0,0,0,0,0,0,0,0,0,0,0,0,0,0,0,,0,,,,,,,,,,,,,,,,,,,,,,,,,,,,,,,,,,,,,,,,,,,,,,,,,357,,,,
3233,Nightshade Epic Blade,1786,202,0,0,0,0,0,0,0,0,0,0,0,0,0,1,0,1,0,1,0,0,0,0,0,0,0,0,0,0,0,0,0,0,0,0,0,0,0,0,0,,0,,,,,,,,,,,,,,,,,,,,,,,,,,,,,,,,,,,,,,,,,,,,,,,,,370,,,,
3234,Nightshade Epic Pierce,1785,206,0,0,0,0,0,0,0,0,0,0,0,0,0,1,0,7,0,1,0,0,0,0,0,0,0,0,0,0,0,0,0,0,0,0,0,0,0,0,0,,0,,,,,,,,,,,,,,,,,,,,,,,,,,,,,,,,,,,,,,,,,,,,,,,,,369,,,,
3235,Bard Epic Blade,1788,202,0,0,0,0,0,0,0,0,0,0,0,0,0,1,0,1,0,1,0,0,0,0,0,0,0,0,0,0,0,0,0,0,0,0,0,0,0,0,0,,0,,,,,,,,,,,,,,,,,,,,,,,,,,,,,,,,,,,,,,,,,,,,,,,,,377,,,,
3236,Bard Epic Blunt,1789,212,0,0,0,0,0,0,0,0,0,0,0,0,0,1,0,1,0,5,0,0,0,0,0,0,0,0,0,0,0,0,0,0,0,0,0,0,0,0,0,,0,,,,,,,,,,,,,,,,,,,,,,,,,,,,,,,,,,,,,,,,,,,,,,,,,378,,,,
3237,Bard Epic Drum,944,229,0,0,0,0,0,0,0,0,0,0,0,0,0,0,0,0,1,0,0,0,0,0,0,0,0,0,0,0,0,0,0,0,0,0,0,0,0,0,0,,0,,,,,,,,,,,,,,,,,,,,,,,,,,,,,,,,,,,,,,,,,,,,,,,,,,,,,
3238,Bard Epic Flute,945,230,0,0,0,0,0,0,0,0,0,0,0,0,0,0,0,0,1,0,0,0,0,0,0,0,0,0,0,0,0,0,0,0,0,0,0,0,0,0,0,,0,,,,,,,,,,,,,,,,,,,,,,,,,,,,,,,,,,,,,,,,,,,,,,,,,,,,,
3239,Bard Epic Harp,1790,2516,0,0,0,0,0,0,0,0,0,0,0,0,0,0,0,0,1,0,0,0,0,0,0,0,0,0,0,0,0,0,0,0,0,0,0,0,0,0,0,,0,,,,,,,,,,,,,,,,,,,,,,,,,,,,,,,,,,,,,,,,,,,,,,,,,379,75,,,
3240,Bard Epic Lute,947,228,0,0,0,0,0,0,0,0,0,0,0,0,0,0,0,0,1,0,0,0,0,0,0,0,0,0,0,0,0,0,0,0,0,0,0,0,0,0,0,,0,,,,,,,,,,,,,,,,,,,,,,,,,,,,,,,,,,,,,,,,,,,,,,,,,,,,,
3241,Ranger Epic Pierce,1724,206,0,0,0,0,0,0,0,0,0,0,0,0,0,1,0,1,0,1,0,0,0,0,0,0,0,0,0,0,0,0,0,0,0,0,0,0,0,0,0,,0,,,,,,,,,,,,,,,,,,,,,,,,,,,,,,,,,,,,,,,,,,,,,,,,,326,80,,,
3242,Ranger Epic Blade,1723,202,0,0,0,0,0,0,0,0,0,0,0,0,0,1,0,7,0,1,0,0,0,0,0,0,0,0,0,0,0,0,0,0,0,0,0,0,0,0,0,,0,,,,,,,,,,,,,,,,,,,,,,,,,,,,,,,,,,,,,,,,,,,,,,,,,325,,,,
3243,Hib Recurve Bow,1722,223,0,0,0,0,0,0,0,0,0,0,0,0,0,0,0,5,1,7,0,0,0,0,0,0,0,0,0,0,0,0,0,0,0,0,0,0,0,0,0,,0,,,,,,,,,,,,,,,,,,,,,,,,,,,,,,,,,,,,,,,,,,,,,,,,,324,,,,
3244,Blademaster Epic Blade,1735,202,0,0,0,0,0,0,0,0,0,0,0,0,0,1,0,1,0,1,0,0,0,0,0,0,0,0,0,0,0,0,0,0,0,0,0,0,0,0,0,,0,,,,,,,,,,,,,,,,,,,,,,,,,,,,,,,,,,,,,,,,,,,,,,,,,334,80,,,
3245,Blademaster Epic Pierce,1737,206,0,0,0,0,0,0,0,0,0,0,0,0,0,1,0,7,0,1,0,0,0,0,0,0,0,0,0,0,0,0,0,0,0,0,0,0,0,0,0,,0,,,,,,,,,,,,,,,,,,,,,,,,,,,,,,,,,,,,,,,,,,,,,,,,,333,80,,,
3246,Blademaster Epic Blunt,1736,212,0,0,0,0,0,0,0,0,0,0,0,0,0,1,0,1,0,5,0,0,0,0,0,0,0,0,0,0,0,0,0,0,0,0,0,0,0,0,0,,0,,,,,,,,,,,,,,,,,,,,,,,,,,,,,,,,,,,,,,,,,,,,,,,,,335,90,,,
3247,Druid Epic Blade,1698,202,0,0,0,0,0,0,0,0,0,0,0,0,0,1,0,1,0,1,0,0,0,0,0,0,0,0,0,0,0,0,0,0,0,0,0,0,0,0,0,,0,,,,,,,,,,,,,,,,,,,,,,,,,,,,,,,,,,,,,,,,,,,,,,,,,310,80,,,
3248,Druid Epic Blunt,1697,212,0,0,0,0,0,0,0,0,0,0,0,0,0,1,0,1,0,5,0,0,0,0,0,0,0,0,0,0,0,0,0,0,0,0,0,0,0,0,0,,0,,,,,,,,,,,,,,,,,,,,,,,,,,,,,,,,,,,,,,,,,,,,,,,,,309,80,,,
3249,Warden Epic Blade,1703,202,0,0,0,0,0,0,0,0,0,0,0,0,0,1,0,1,0,1,0,0,0,0,0,0,0,0,0,0,0,0,0,0,0,0,0,0,0,0,0,,0,,,,,,,,,,,,,,,,,,,,,,,,,,,,,,,,,,,,,,,,,,,,,,,,,314,80,,,
3250,Warden Epic Blunt,1704,212,0,0,0,0,0,0,0,0,0,0,0,0,0,1,0,1,0,5,0,0,0,0,0,0,0,0,0,0,0,0,0,0,0,0,0,0,0,0,0,,0,,,,,,,,,,,,,,,,,,,,,,,,,,,,,,,,,,,,,,,,,,,,,,,,,315,,,,
3251,Champion Epic Blade,1767,202,0,0,0,0,0,0,0,0,0,0,0,0,0,1,0,1,0,1,0,0,0,0,0,0,0,0,0,0,0,0,0,0,0,0,0,0,0,0,0,,0,,,,,,,,,,,,,,,,,,,,,,,,,,,,,,,,,,,,,,,,,,,,,,,,,365,90,,,
3252,Champion Epic Pierce,1766,206,0,0,0,0,0,0,0,0,0,0,0,0,0,1,0,7,0,1,0,0,0,0,0,0,0,0,0,0,0,0,0,0,0,0,0,0,0,0,0,,0,,,,,,,,,,,,,,,,,,,,,,,,,,,,,,,,,,,,,,,,,,,,,,,,,366,,,,
3253,Champion Epic Blunt,1769,212,0,0,0,0,0,0,0,0,0,0,0,0,0,1,0,1,0,5,0,0,0,0,0,0,0,0,0,0,0,0,0,0,0,0,0,0,0,0,0,,0,,,,,,,,,,,,,,,,,,,,,,,,,,,,,,,,,,,,,,,,,,,,,,,,,368,,,,
3254,Champion Epic Large Blade,1768,203,0,0,0,0,0,0,0,0,0,0,0,0,0,1,0,2,2,1,0,0,0,0,0,0,0,0,0,0,0,0,0,0,0,0,0,0,0,0,0,,0,,,,,,,,,,,,,,,,,,,,,,,,,,,,,,,,,,,,,,,,,,,,,,,,,364,,,,
3255,Champion Epic Large Blunt,1765,212,0,0,0,0,0,0,0,0,0,0,0,0,0,1,0,2,2,5,0,0,0,0,0,0,0,0,0,0,0,0,0,0,0,0,0,0,0,0,0,,0,,,,,,,,,,,,,,,,,,,,,,,,,,,,,,,,,,,,,,,,,,,,,,,,,367,,,,
3256,Hero Epic Blade,1653,202,0,0,0,0,0,0,0,0,0,0,0,0,0,1,0,1,0,1,0,0,0,0,0,0,0,0,0,0,0,0,0,0,0,0,0,0,0,0,0,,0,,,,,,,,,,,,,,,,,,,,,,,,,,,,,,,,,,,,,,,,,,,,,,,,,265,90,,,
3257,Hero Epic Pierce,1657,206,0,0,0,0,0,0,0,0,0,0,0,0,0,1,0,7,0,1,0,0,0,0,0,0,0,0,0,0,0,0,0,0,0,0,0,0,0,0,0,,0,,,,,,,,,,,,,,,,,,,,,,,,,,,,,,,,,,,,,,,,,,,,,,,,,262,,,,
3258,Hero Epic Blunt,1655,212,0,0,0,0,0,0,0,0,0,0,0,0,0,1,0,1,0,5,0,0,0,0,0,0,0,0,0,0,0,0,0,0,0,0,0,0,0,0,0,,0,,,,,,,,,,,,,,,,,,,,,,,,,,,,,,,,,,,,,,,,,,,,,,,,,257,80,,,
3259,Hero Epic Large Blade,1654,203,0,0,0,0,0,0,0,0,0,0,0,0,0,1,0,2,2,1,0,0,0,0,0,0,0,0,0,0,0,0,0,0,0,0,0,0,0,0,0,,0,,,,,,,,,,,,,,,,,,,,,,,,,,,,,,,,,,,,,,,,,,,,,,,,,264,,,,
3260,Hero Epic Large Blunt,1656,212,0,0,0,0,0,0,0,0,0,0,0,0,0,1,0,2,2,5,0,0,0,0,0,0,0,0,0,0,0,0,0,0,0,0,0,0,0,0,0,,0,,,,,,,,,,,,,,,,,,,,,,,,,,,,,,,,,,,,,,,,,,,,,,,,,263,,,,
3261,Hero Epic Large Pierce,1658,203,0,0,0,0,0,0,0,0,0,0,0,0,0,1,0,2,2,1,0,0,0,0,0,0,0,0,0,0,0,0,0,0,0,0,0,0,0,0,0,,0,,,,,,,,,,,,,,,,,,,,,,,,,,,,,,,,,,,,,,,,,,,,,,,,,259,,,,
3262,Hero Epic Celtic Spear,1659,207,0,0,0,0,0,0,0,0,0,0,0,0,0,0,0,3,2,21,0,0,0,0,0,0,0,0,0,0,0,0,0,0,0,0,0,0,0,0,0,,0,,,,,,,,,,,,,,,,,,,,,,,,,,,,,,,,,,,,,,,,,,,,,,,,,261,,,,
3263,Hero Epic Celtic 2H Spear,1660,207,0,0,0,0,0,0,0,0,0,0,0,0,0,0,0,3,2,21,0,0,0,0,0,0,0,0,0,0,0,0,0,0,0,0,0,0,0,0,0,,0,,,,,,,,,,,,,,,,,,,,,,,,,,,,,,,,,,,,,,,,,,,,,,,,,260,,,,
3264,Cabalist Epic Staff,1758,209,0,0,0,0,0,0,0,0,0,0,0,0,0,0,0,4,1,6,0,0,0,0,0,0,0,0,0,0,0,0,0,0,0,0,0,0,0,0,0,,0,,,,,,,,,,,,,,,,,,,,,,,,,,,,,,,,,,,,,,,,,,,,,,,,,355,90,,,
3265,Sorcerer Epic Staff,1727,209,0,0,0,0,0,0,0,0,0,0,0,0,0,0,0,4,1,6,0,0,0,0,0,0,0,0,0,0,0,0,0,0,0,0,0,0,0,0,0,,0,,,,,,,,,,,,,,,,,,,,,,,,,,,,,,,,,,,,,,,,,,,,,,,,,328,,,,
3266,Theurgist Epic Staff,1750,209,0,0,0,0,0,0,0,0,0,0,0,0,0,0,0,4,1,6,0,0,0,0,0,0,0,0,0,0,0,0,0,0,0,0,0,0,0,0,0,,0,,,,,,,,,,,,,,,,,,,,,,,,,,,,,,,,,,,,,,,,,,,,,,,,,356,,,,
3267,Wizard Epic Staff,1751,209,0,0,0,0,0,0,0,0,0,0,0,0,0,0,0,4,1,6,0,0,0,0,0,0,0,0,0,0,0,0,0,0,0,0,0,0,0,0,0,,0,,,,,,,,,,,,,,,,,,,,,,,,,,,,,,,,,,,,,,,,,,,,,,,,,358,,,,
3268,Necromancer Epic Staff,1707,209,0,0,0,0,0,0,0,0,0,0,0,0,0,0,0,4,1,6,0,0,0,0,0,0,0,0,0,0,0,0,0,0,0,0,0,0,0,0,0,,0,,,,,,,,,,,,,,,,,,,,,,,,,,,,,,,,,,,,,,,,,,,,,,,,,317,,,,
3269,Infiltrator Epic Slash,1676,202,0,0,0,0,0,0,0,0,0,0,0,0,0,1,0,1,0,1,0,0,0,0,0,0,0,0,0,0,0,0,0,0,0,0,0,0,0,0,0,,0,,,,,,,,,,,,,,,,,,,,,,,,,,,,,,,,,,,,,,,,,,,,,,,,,294,,,,
3270,Infiltrator Epic Thrust,1677,206,0,0,0,0,0,0,0,0,0,0,0,0,0,1,0,1,0,1,0,0,0,0,0,0,0,0,0,0,0,0,0,0,0,0,0,0,0,0,0,,0,,,,,,,,,,,,,,,,,,,,,,,,,,,,,,,,,,,,,,,,,,,,,,,,,293,,,,
3271,Friar Epic Staff,1705,209,0,0,0,0,0,0,0,0,0,0,0,0,0,0,0,4,1,6,0,0,0,0,0,0,0,0,0,0,0,0,0,0,0,0,0,0,0,0,0,,0,,,,,,,,,,,,,,,,,,,,,,,,,,,,,,,,,,,,,,,,,,,,,,,,,316,120,,,
3272,Friar Epic Crush,1706,211,0,0,0,0,0,0,0,0,0,0,0,0,0,1,0,1,0,5,0,0,0,0,0,0,0,0,0,0,0,0,0,0,0,0,0,0,0,0,0,,0,,,,,,,,,,,,,,,,,,,,,,,,,,,,,,,,,,,,,,,,,,,,,,,,,316,,,,
3273,Scout Epic Slash,1687,202,0,0,0,0,0,0,0,0,0,0,0,0,0,1,0,1,0,1,0,0,0,0,0,0,0,0,0,0,0,0,0,0,0,0,0,0,0,0,0,,0,,,,,,,,,,,,,,,,,,,,,,,,,,,,,,,,,,,,,,,,,,,,,,,,,302,,,,
3274,Scout Epic Thrust,1688,206,0,0,0,0,0,0,0,0,0,0,0,0,0,1,0,1,0,1,0,0,0,0,0,0,0,0,0,0,0,0,0,0,0,0,0,0,0,0,0,,0,,,,,,,,,,,,,,,,,,,,,,,,,,,,,,,,,,,,,,,,,,,,,,,,,301,,,,
3275,Scout Epic Longbow,1689,223,0,0,0,0,0,0,0,0,0,0,0,0,0,0,0,5,1,7,0,0,0,0,0,0,0,0,0,0,0,0,0,0,0,0,0,0,0,0,0,,0,,,,,,,,,,,,,,,,,,,,,,,,,,,,,,,,,,,,,,,,,,,,,,,,,300,,,,
3276,Minstrel Epic Slash,1682,202,0,0,0,0,0,0,0,0,0,0,0,0,0,1,0,1,0,1,0,0,0,0,0,0,0,0,0,0,0,0,0,0,0,0,0,0,0,0,0,,0,,,,,,,,,,,,,,,,,,,,,,,,,,,,,,,,,,,,,,,,,,,,,,,,,291,90,,,
3277,Minstrel Epic Thrust,1675,206,0,0,0,0,0,0,0,0,0,0,0,0,0,1,0,1,0,1,0,0,0,0,0,0,0,0,0,0,0,0,0,0,0,0,0,0,0,0,0,,0,,,,,,,,,,,,,,,,,,,,,,,,,,,,,,,,,,,,,,,,,,,,,,,,,290,,,,
3278,Minstrel Epic Drum,944,229,0,0,0,0,0,0,0,0,0,0,0,0,0,0,0,0,1,0,0,0,0,0,0,0,0,0,0,0,0,0,0,0,0,0,0,0,0,0,0,,0,,,,,,,,,,,,,,,,,,,,,,,,,,,,,,,,,,,,,,,,,,,,,,,,,,,,,
3279,Minstrel Epic Flute,945,230,0,0,0,0,0,0,0,0,0,0,0,0,0,0,0,0,1,0,0,0,0,0,0,0,0,0,0,0,0,0,0,0,0,0,0,0,0,0,0,,0,,,,,,,,,,,,,,,,,,,,,,,,,,,,,,,,,,,,,,,,,,,,,,,,,,,,,
3280,Minstrel Epic Harp,1681,2516,0,0,0,0,0,0,0,0,0,0,0,0,0,0,0,0,1,0,0,0,0,0,0,0,0,0,0,0,0,0,0,0,0,0,0,0,0,0,0,,0,,,,,,,,,,,,,,,,,,,,,,,,,,,,,,,,,,,,,,,,,,,,,,,,,292,75,,,
3281,Minstrel Epic Lute,947,228,0,0,0,0,0,0,0,0,0,0,0,0,0,0,0,0,1,0,0,0,0,0,0,0,0,0,0,0,0,0,0,0,0,0,0,0,0,0,0,,0,,,,,,,,,,,,,,,,,,,,,,,,,,,,,,,,,,,,,,,,,,,,,,,,,,,,,
3282,Cleric Epic Crush,1690,211,0,0,0,0,0,0,0,0,0,0,0,0,0,1,0,1,0,5,0,0,0,0,0,0,0,0,0,0,0,0,0,0,0,0,0,0,0,0,0,,0,,,,,,,,,,,,,,,,,,,,,,,,,,,,,,,,,,,,,,,,,,,,,,,,,299,,,,
3283,Mercenary Epic Crush,1678,211,0,0,0,0,0,0,0,0,0,0,0,0,0,1,0,1,0,5,0,0,0,0,0,0,0,0,0,0,0,0,0,0,0,0,0,0,0,0,0,,0,,,,,,,,,,,,,,,,,,,,,,,,,,,,,,,,,,,,,,,,,,,,,,,,,288,80,,,
3284,Mercenary Epic Slash,1679,202,0,0,0,0,0,0,0,0,0,0,0,0,0,1,0,1,0,1,0,0,0,0,0,0,0,0,0,0,0,0,0,0,0,0,0,0,0,0,0,,0,,,,,,,,,,,,,,,,,,,,,,,,,,,,,,,,,,,,,,,,,,,,,,,,,289,80,,,
3285,Mercenary Epic Thrust,1680,206,0,0,0,0,0,0,0,0,0,0,0,0,0,1,0,1,0,1,0,0,0,0,0,0,0,0,0,0,0,0,0,0,0,0,0,0,0,0,0,,0,,,,,,,,,,,,,,,,,,,,,,,,,,,,,,,,,,,,,,,,,,,,,,,,,287,80,,,
3286,Heretic Epic Crush,1684,211,0,0,0,0,0,0,0,0,0,0,0,0,0,1,0,1,0,5,0,0,0,0,0,0,0,0,0,0,0,0,0,0,0,0,0,0,0,0,0,,0,,,,,,,,,,,,,,,,,,,,,,,,,,,,,,,,,,,,,,,,,,,,,,,,,297,80,,,
3287,Heretic Epic Flex Crush,1685,231,0,0,0,0,0,0,0,0,0,0,0,0,0,1,0,10,0,20,0,0,0,0,0,0,0,0,0,0,0,0,0,0,0,0,0,0,0,0,0,,0,,,,,,,,,,,,,,,,,,,,,,,,,,,,,,,,,,,,,,,,,,,,,,,,,298,,,,
3288,Heretic Epic Flex Slash,1686,231,0,0,0,0,0,0,0,0,0,0,0,0,0,1,0,11,0,20,0,0,0,0,0,0,0,0,0,0,0,0,0,0,0,0,0,0,0,0,0,,0,,,,,,,,,,,,,,,,,,,,,,,,,,,,,,,,,,,,,,,,,,,,,,,,,296,,,,
3289,Reaver Epic Crush,1752,211,0,0,0,0,0,0,0,0,0,0,0,0,0,1,0,1,0,5,0,0,0,0,0,0,0,0,0,0,0,0,0,0,0,0,0,0,0,0,0,,0,,,,,,,,,,,,,,,,,,,,,,,,,,,,,,,,,,,,,,,,,,,,,,,,,271,,,,
3290,Reaver Epic Slash,1754,202,0,0,0,0,0,0,0,0,0,0,0,0,0,1,0,1,0,1,0,0,0,0,0,0,0,0,0,0,0,0,0,0,0,0,0,0,0,0,0,,0,,,,,,,,,,,,,,,,,,,,,,,,,,,,,,,,,,,,,,,,,,,,,,,,,266,90,,,
3291,Reaver Epic Thrust,1755,206,0,0,0,0,0,0,0,0,0,0,0,0,0,1,0,1,0,1,0,0,0,0,0,0,0,0,0,0,0,0,0,0,0,0,0,0,0,0,0,,0,,,,,,,,,,,,,,,,,,,,,,,,,,,,,,,,,,,,,,,,,,,,,,,,,270,,,,
3292,Reaver Epic Flex Crush,1753,231,0,0,0,0,0,0,0,0,0,0,0,0,0,1,0,10,0,20,0,0,0,0,0,0,0,0,0,0,0,0,0,0,0,0,0,0,0,0,0,,0,,,,,,,,,,,,,,,,,,,,,,,,,,,,,,,,,,,,,,,,,,,,,,,,,277,,,,
3293,Reaver Epic Flex Crush,1753,231,0,0,0,0,0,0,0,0,0,0,0,0,0,1,0,11,0,20,0,0,0,0,0,0,0,0,0,0,0,0,0,0,0,0,0,0,0,0,0,,0,,,,,,,,,,,,,,,,,,,,,,,,,,,,,,,,,,,,,,,,,,,,,,,,,277,,,,
3294,Armsmen Epic Crush,1667,211,0,0,0,0,0,0,0,0,0,0,0,0,0,1,0,1,0,5,0,0,0,0,0,0,0,0,0,0,0,0,0,0,0,0,0,0,0,0,0,,0,,,,,,,,,,,,,,,,,,,,,,,,,,,,,,,,,,,,,,,,,,,,,,,,,281,,,,
3295,Armsmen Epic Slash,1671,202,0,0,0,0,0,0,0,0,0,0,0,0,0,1,0,1,0,1,0,0,0,0,0,0,0,0,0,0,0,0,0,0,0,0,0,0,0,0,0,,0,,,,,,,,,,,,,,,,,,,,,,,,,,,,,,,,,,,,,,,,,,,,,,,,,284,,,,
3296,Armsmen Epic Thrust,1669,206,0,0,0,0,0,0,0,0,0,0,0,0,0,1,0,1,0,1,0,0,0,0,0,0,0,0,0,0,0,0,0,0,0,0,0,0,0,0,0,,0,,,,,,,,,,,,,,,,,,,,,,,,,,,,,,,,,,,,,,,,,,,,,,,,,286,,,,
3297,Armsmen Epic Polearm Slash,1673,217,0,0,0,0,0,0,0,0,0,0,0,0,0,0,0,3,2,4,0,0,0,0,0,0,0,0,0,0,0,0,0,0,0,0,0,0,0,0,0,,0,,,,,,,,,,,,,,,,,,,,,,,,,,,,,,,,,,,,,,,,,,,,,,,,,283,,,,
3298,Armsmen Epic Polearm Crush,1674,219,0,0,0,0,0,0,0,0,0,0,0,0,0,0,0,3,2,4,0,0,0,0,0,0,0,0,0,0,0,0,0,0,0,0,0,0,0,0,0,,0,,,,,,,,,,,,,,,,,,,,,,,,,,,,,,,,,,,,,,,,,,,,,,,,,295,,,,
3299,Duplicate of Slash - Armsmen Epic Polearm Thrust,1673,217,0,0,0,0,0,0,0,0,0,0,0,0,0,0,0,3,2,4,0,0,0,0,0,0,0,0,0,0,0,0,0,0,0,0,0,0,0,0,0,,0,,,,,,,,,,,,,,,,,,,,,,,,,,,,,,,,,,,,,,,,,,,,,,,,,283,,,,
3300,Armsmen Epic Two Handed Slash,1672,203,0,0,0,0,0,0,0,0,0,0,0,0,0,1,0,2,2,1,0,0,0,0,0,0,0,0,0,0,0,0,0,0,0,0,0,0,0,0,0,,0,,,,,,,,,,,,,,,,,,,,,,,,,,,,,,,,,,,,,,,,,,,,,,,,,285,,,,
3301,Armsmen Epic Two Handed Thrust,1670,215,0,0,0,0,0,0,0,0,0,0,0,0,0,1,0,2,2,1,0,0,0,0,0,0,0,0,0,0,0,0,0,0,0,0,0,0,0,0,0,,0,,,,,,,,,,,,,,,,,,,,,,,,,,,,,,,,,,,,,,,,,,,,,,,,,280,,,,
3302,Armsmen Epic Two Handed Crush,1668,214,0,0,0,0,0,0,0,0,0,0,0,0,0,1,0,2,2,5,0,0,0,0,0,0,0,0,0,0,0,0,0,0,0,0,0,0,0,0,0,,0,,,,,,,,,,,,,,,,,,,,,,,,,,,,,,,,,,,,,,,,,,,,,,,,,282,,,,
3303,Paladin Epic Crush,1649,211,0,0,0,0,0,0,0,0,0,0,0,0,0,1,0,1,0,5,0,0,0,0,0,0,0,0,0,0,0,0,0,0,0,0,0,0,0,0,0,,0,,,,,,,,,,,,,,,,,,,,,,,,,,,,,,,,,,,,,,,,,,,,,,,,,279,,,,
3304,Paladin Epic Slash,1647,202,0,0,0,0,0,0,0,0,0,0,0,0,0,1,0,1,0,1,0,0,0,0,0,0,0,0,0,0,0,0,0,0,0,0,0,0,0,0,0,,0,,,,,,,,,,,,,,,,,,,,,,,,,,,,,,,,,,,,,,,,,,,,,,,,,267,90,,,
3305,Paladin Epic Thrust,1645,206,0,0,0,0,0,0,0,0,0,0,0,0,0,1,0,1,0,1,0,0,0,0,0,0,0,0,0,0,0,0,0,0,0,0,0,0,0,0,0,,0,,,,,,,,,,,,,,,,,,,,,,,,,,,,,,,,,,,,,,,,,,,,,,,,,269,,,,
3306,Paladin Epic Two Handed Slash,1646,203,0,0,0,0,0,0,0,0,0,0,0,0,0,1,0,2,2,1,0,0,0,0,0,0,0,0,0,0,0,0,0,0,0,0,0,0,0,0,0,,0,,,,,,,,,,,,,,,,,,,,,,,,,,,,,,,,,,,,,,,,,,,,,,,,,256,,,,
3307,Paladin Epic Two Handed Thrust,1644,215,0,0,0,0,0,0,0,0,0,0,0,0,0,1,0,2,2,1,0,0,0,0,0,0,0,0,0,0,0,0,0,0,0,0,0,0,0,0,0,,0,,,,,,,,,,,,,,,,,,,,,,,,,,,,,,,,,,,,,,,,,,,,,,,,,268,,,,
3308,Paladin Epic Two Handed Crush,1648,214,0,0,0,0,0,0,0,0,0,0,0,0,0,1,0,2,2,5,0,0,0,0,0,0,0,0,0,0,0,0,0,0,0,0,0,0,0,0,0,,0,,,,,,,,,,,,,,,,,,,,,,,,,,,,,,,,,,,,,,,,,,,,,,,,,278,,,,
3309,Runemaster Epic Staff,1738,2512,0,0,0,0,0,0,0,0,0,0,0,0,0,0,0,4,1,6,0,0,0,0,0,0,0,0,0,0,0,0,0,0,0,0,0,0,0,0,0,,0,,,,,,,,,,,,,,,,,,,,,,,,,,,,,,,,,,,,,,,,,,,,,,,,,359,,,,
3310,Spirit Master Epic Staff,1747,2512,0,0,0,0,0,0,0,0,0,0,0,0,0,0,0,4,1,6,0,0,0,0,0,0,0,0,0,0,0,0,0,0,0,0,0,0,0,0,0,,0,,,,,,,,,,,,,,,,,,,,,,,,,,,,,,,,,,,,,,,,,,,,,,,,,354,,,,
3311,Bonedancer Epic Staff,1762,2512,0,0,0,0,0,0,0,0,0,0,0,0,0,0,0,4,1,6,0,0,0,0,0,0,0,0,0,0,0,0,0,0,0,0,0,0,0,0,0,,0,,,,,,,,,,,,,,,,,,,,,,,,,,,,,,,,,,,,,,,,,,,,,,,,,361,,,,
3312,Warlock Epic Staff,1760,2512,0,0,0,0,0,0,0,0,0,0,0,0,0,0,0,4,1,6,0,0,0,0,0,0,0,0,0,0,0,0,0,0,0,0,0,0,0,0,0,,0,,,,,,,,,,,,,,,,,,,,,,,,,,,,,,,,,,,,,,,,,,,,,,,,,362,,,,
3313,Shadowblade Epic Sword,1742,201,0,0,0,0,0,0,0,0,0,0,0,0,0,1,0,1,0,1,0,0,0,0,0,0,0,0,0,0,0,0,0,0,0,0,0,0,0,0,0,,0,,,,,,,,,,,,,,,,,,,,,,,,,,,,,,,,,,,,,,,,,,,,,,,,,347,,,,
3314,Shadowblade Epic Two Handed Sword,1741,203,0,0,0,0,0,0,0,0,0,0,0,0,0,1,0,2,0,1,0,0,0,0,0,0,0,0,0,0,0,0,0,0,0,0,0,0,0,0,0,,0,,,,,,,,,,,,,,,,,,,,,,,,,,,,,,,,,,,,,,,,,,,,,,,,,346,,,,
3315,Shadowblade Epic Axe,1749,200,0,0,0,0,0,0,0,0,0,0,0,0,0,1,0,1,0,4,0,0,0,0,0,0,0,0,0,0,0,0,0,0,0,0,0,0,0,0,0,,0,,,,,,,,,,,,,,,,,,,,,,,,,,,,,,,,,,,,,,,,,,,,,,,,,350,,,,
3316,Shadowblade Epic Two Handed Axe,1748,217,0,0,0,0,0,0,0,0,0,0,0,0,0,1,0,2,0,4,0,0,0,0,0,0,0,0,0,0,0,0,0,0,0,0,0,0,0,0,0,,0,,,,,,,,,,,,,,,,,,,,,,,,,,,,,,,,,,,,,,,,,,,,,,,,,351,,,,
3317,Hunter Epic Sword,1720,201,0,0,0,0,0,0,0,0,0,0,0,0,0,1,0,1,0,1,0,0,0,0,0,0,0,0,0,0,0,0,0,0,0,0,0,0,0,0,0,,0,,,,,,,,,,,,,,,,,,,,,,,,,,,,,,,,,,,,,,,,,,,,,,,,,330,,,,
3318,Hunter Epic Two Handed Sword,1721,203,0,0,0,0,0,0,0,0,0,0,0,0,0,1,0,2,0,1,0,0,0,0,0,0,0,0,0,0,0,0,0,0,0,0,0,0,0,0,0,,0,,,,,,,,,,,,,,,,,,,,,,,,,,,,,,,,,,,,,,,,,,,,,,,,,329,95,,,
3319,Hunter Epic Spear Thrust,1725,207,0,0,0,0,0,0,0,0,0,0,0,0,0,0,0,3,2,21,0,0,0,0,0,0,0,0,0,0,0,0,0,0,0,0,0,0,0,0,0,,0,,,,,,,,,,,,,,,,,,,,,,,,,,,,,,,,,,,,,,,,,,,,,,,,,331,85,,,
3320,Hunter Epic Spear Slash,1725,207,0,0,0,0,0,0,0,0,0,0,0,0,0,0,0,3,2,21,0,0,0,0,0,0,0,0,0,0,0,0,0,0,0,0,0,0,0,0,0,,0,,,,,,,,,,,,,,,,,,,,,,,,,,,,,,,,,,,,,,,,,,,,,,,,,331,85,,,
3321,Berzerker Epic Axe,1734,200,0,0,0,0,0,0,0,0,0,0,0,0,0,1,0,1,0,4,0,0,0,0,0,0,0,0,0,0,0,0,0,0,0,0,0,0,0,0,0,,0,,,,,,,,,,,,,,,,,,,,,,,,,,,,,,,,,,,,,,,,,,,,,,,,,372,,,,
3322,Berzerker Epic Two Handed Axe,1733,217,0,0,0,0,0,0,0,0,0,0,0,0,0,1,0,2,0,4,0,0,0,0,0,0,0,0,0,0,0,0,0,0,0,0,0,0,0,0,0,,0,,,,,,,,,,,,,,,,,,,,,,,,,,,,,,,,,,,,,,,,,,,,,,,,,371,125,,,
3323,Berzerker Epic Hammer,1730,210,0,0,0,0,0,0,0,0,0,0,0,0,0,1,0,1,0,5,0,0,0,0,0,0,0,0,0,0,0,0,0,0,0,0,0,0,0,0,0,,0,,,,,,,,,,,,,,,,,,,,,,,,,,,,,,,,,,,,,,,,,,,,,,,,,376,,,,
3324,Berzerker Epic Two Handed Hammer,1729,214,0,0,0,0,0,0,0,0,0,0,0,0,0,1,0,2,0,5,0,0,0,0,0,0,0,0,0,0,0,0,0,0,0,0,0,0,0,0,0,,0,,,,,,,,,,,,,,,,,,,,,,,,,,,,,,,,,,,,,,,,,,,,,,,,,375,125,,,
3325,Berzerker Epic Sword,1731,201,0,0,0,0,0,0,0,0,0,0,0,0,0,1,0,1,0,1,0,0,0,0,0,0,0,0,0,0,0,0,0,0,0,0,0,0,0,0,0,,0,,,,,,,,,,,,,,,,,,,,,,,,,,,,,,,,,,,,,,,,,,,,,,,,,374,,,,
3326,Berzerker Epic Two Handed Sword,1732,203,0,0,0,0,0,0,0,0,0,0,0,0,0,1,0,2,0,1,0,0,0,0,0,0,0,0,0,0,0,0,0,0,0,0,0,0,0,0,0,,0,,,,,,,,,,,,,,,,,,,,,,,,,,,,,,,,,,,,,,,,,,,,,,,,,373,110,,,
3327,Savage Epic Axe,1702,200,0,0,0,0,0,0,0,0,0,0,0,0,0,1,0,1,0,4,0,0,0,0,0,0,0,0,0,0,0,0,0,0,0,0,0,0,0,0,0,,0,,,,,,,,,,,,,,,,,,,,,,,,,,,,,,,,,,,,,,,,,,,,,,,,,313,85,,,
3328,Savage Epic Two Handed Axe,1701,217,0,0,0,0,0,0,0,0,0,0,0,0,0,1,0,2,0,4,0,0,0,0,0,0,0,0,0,0,0,0,0,0,0,0,0,0,0,0,0,,0,,,,,,,,,,,,,,,,,,,,,,,,,,,,,,,,,,,,,,,,,,,,,,,,,318,85,,,
3329,Savage Epic Hammer,1718,210,0,0,0,0,0,0,0,0,0,0,0,0,0,1,0,1,0,5,0,0,0,0,0,0,0,0,0,0,0,0,0,0,0,0,0,0,0,0,0,,0,,,,,,,,,,,,,,,,,,,,,,,,,,,,,,,,,,,,,,,,,,,,,,,,,320,65,,,
3330,Savage Epic Two Handed Hammer,1719,214,0,0,0,0,0,0,0,0,0,0,0,0,0,1,0,2,0,5,0,0,0,0,0,0,0,0,0,0,0,0,0,0,0,0,0,0,0,0,0,,0,,,,,,,,,,,,,,,,,,,,,,,,,,,,,,,,,,,,,,,,,,,,,,,,,321,85,,,
3331,Savage Epic Sword,1699,201,0,0,0,0,0,0,0,0,0,0,0,0,0,1,0,1,0,1,0,0,0,0,0,0,0,0,0,0,0,0,0,0,0,0,0,0,0,0,0,,0,,,,,,,,,,,,,,,,,,,,,,,,,,,,,,,,,,,,,,,,,,,,,,,,,311,,,,
3332,Savage Epic Two Handed Sword,1700,203,0,0,0,0,0,0,0,0,0,0,0,0,0,1,0,2,0,1,0,0,0,0,0,0,0,0,0,0,0,0,0,0,0,0,0,0,0,0,0,,0,,,,,,,,,,,,,,,,,,,,,,,,,,,,,,,,,,,,,,,,,,,,,,,,,312,90,,,
3333,Savage Epic Hand to Hand Slash,1708,233,0,0,0,0,0,0,0,0,0,0,0,0,0,0,1,13,0,1,0,0,0,0,0,0,0,0,0,0,0,0,0,0,0,0,0,0,0,0,0,,0,,,,,,,,,,,,,,,,,,,,,,,,,,,,,,,,,,,,,,,,,,,,,,,,,319,,,,
3334,Savage Epic Hand to Hand Crush,1708,233,0,0,0,0,0,0,0,0,0,0,0,0,0,0,1,13,0,1,0,0,0,0,0,0,0,0,0,0,0,0,0,0,0,0,0,0,0,0,0,,0,,,,,,,,,,,,,,,,,,,,,,,,,,,,,,,,,,,,,,,,,,,,,,,,,319,,,,
3335,Healer Epic Hammer,1740,210,0,0,0,0,0,0,0,0,0,0,0,0,0,1,0,1,0,5,0,0,0,0,0,0,0,0,0,0,0,0,0,0,0,0,0,0,0,0,0,,0,,,,,,,,,,,,,,,,,,,,,,,,,,,,,,,,,,,,,,,,,,,,,,,,,353,,,,
3336,Healer Epic Two Handed Hammer,1739,214,0,0,0,0,0,0,0,0,0,0,0,0,0,1,0,2,0,5,0,0,0,0,0,0,0,0,0,0,0,0,0,0,0,0,0,0,0,0,0,,0,,,,,,,,,,,,,,,,,,,,,,,,,,,,,,,,,,,,,,,,,,,,,,,,,352,125,,,
3337,Shaman Epic Hammer,1763,210,0,0,0,0,0,0,0,0,0,0,0,0,0,1,0,1,0,5,0,0,0,0,0,0,0,0,0,0,0,0,0,0,0,0,0,0,0,0,0,,0,,,,,,,,,,,,,,,,,,,,,,,,,,,,,,,,,,,,,,,,,,,,,,,,,360,,,,
3338,Shaman Epic Two Handed Hammer,1764,214,0,0,0,0,0,0,0,0,0,0,0,0,0,1,0,2,0,5,0,0,0,0,0,0,0,0,0,0,0,0,0,0,0,0,0,0,0,0,0,,0,,,,,,,,,,,,,,,,,,,,,,,,,,,,,,,,,,,,,,,,,,,,,,,,,363,125,,,
3339,Skald Epic Axe,1696,200,0,0,0,0,0,0,0,0,0,0,0,0,0,1,0,1,0,4,0,0,0,0,0,0,0,0,0,0,0,0,0,0,0,0,0,0,0,0,0,,0,,,,,,,,,,,,,,,,,,,,,,,,,,,,,,,,,,,,,,,,,,,,,,,,,303,,,,
3340,Skald Epic Two Handed Axe,1695,217,0,0,0,0,0,0,0,0,0,0,0,0,0,1,0,2,0,4,0,0,0,0,0,0,0,0,0,0,0,0,0,0,0,0,0,0,0,0,0,,0,,,,,,,,,,,,,,,,,,,,,,,,,,,,,,,,,,,,,,,,,,,,,,,,,307,,,,
3341,Skald Epic Hammer,1692,210,0,0,0,0,0,0,0,0,0,0,0,0,0,1,0,1,0,5,0,0,0,0,0,0,0,0,0,0,0,0,0,0,0,0,0,0,0,0,0,,0,,,,,,,,,,,,,,,,,,,,,,,,,,,,,,,,,,,,,,,,,,,,,,,,,304,,,,
3342,Skald Epic Two Handed Hammer,1693,214,0,0,0,0,0,0,0,0,0,0,0,0,0,1,0,2,0,5,0,0,0,0,0,0,0,0,0,0,0,0,0,0,0,0,0,0,0,0,0,,0,,,,,,,,,,,,,,,,,,,,,,,,,,,,,,,,,,,,,,,,,,,,,,,,,306,,,,
3343,Skald Epic Sword,1694,201,0,0,0,0,0,0,0,0,0,0,0,0,0,1,0,1,0,1,0,0,0,0,0,0,0,0,0,0,0,0,0,0,0,0,0,0,0,0,0,,0,,,,,,,,,,,,,,,,,,,,,,,,,,,,,,,,,,,,,,,,,,,,,,,,,305,,,,
3344,Skald Epic Two Handed Sword,1691,203,0,0,0,0,0,0,0,0,0,0,0,0,0,1,0,2,0,1,0,0,0,0,0,0,0,0,0,0,0,0,0,0,0,0,0,0,0,0,0,,0,,,,,,,,,,,,,,,,,,,,,,,,,,,,,,,,,,,,,,,,,,,,,,,,,308,,,,
3345,Thane Epic Axe,1714,200,0,0,0,0,0,0,0,0,0,0,0,0,0,1,0,1,0,4,0,0,0,0,0,0,0,0,0,0,0,0,0,0,0,0,0,0,0,0,0,,0,,,,,,,,,,,,,,,,,,,,,,,,,,,,,,,,,,,,,,,,,,,,,,,,,339,,,,
3346,Thane Epic Two Handed Axe,1715,217,0,0,0,0,0,0,0,0,0,0,0,0,0,1,0,2,0,4,0,0,0,0,0,0,0,0,0,0,0,0,0,0,0,0,0,0,0,0,0,,0,,,,,,,,,,,,,,,,,,,,,,,,,,,,,,,,,,,,,,,,,,,,,,,,,338,,,,
3347,Thane Epic Hammer,1716,210,0,0,0,0,0,0,0,0,0,0,0,0,0,1,0,1,0,5,0,0,0,0,0,0,0,0,0,0,0,0,0,0,0,0,0,0,0,0,0,,0,,,,,,,,,,,,,,,,,,,,,,,,,,,,,,,,,,,,,,,,,,,,,,,,,345,,,,
3348,Thane Epic Two Handed Hammer,1717,214,0,0,0,0,0,0,0,0,0,0,0,0,0,1,0,2,0,5,0,0,0,0,0,0,0,0,0,0,0,0,0,0,0,0,0,0,0,0,0,,0,,,,,,,,,,,,,,,,,,,,,,,,,,,,,,,,,,,,,,,,,,,,,,,,,344,110,,,
3349,Thane Epic Sword,1712,201,0,0,0,0,0,0,0,0,0,0,0,0,0,1,0,1,0,1,0,0,0,0,0,0,0,0,0,0,0,0,0,0,0,0,0,0,0,0,0,,0,,,,,,,,,,,,,,,,,,,,,,,,,,,,,,,,,,,,,,,,,,,,,,,,,337,,,,
3350,Thane Epic Two Handed Sword,1713,203,0,0,0,0,0,0,0,0,0,0,0,0,0,1,0,2,0,1,0,0,0,0,0,0,0,0,0,0,0,0,0,0,0,0,0,0,0,0,0,,0,,,,,,,,,,,,,,,,,,,,,,,,,,,,,,,,,,,,,,,,,,,,,,,,,336,140,,,
3351,Warrior Epic Axe,1665,200,0,0,0,0,0,0,0,0,0,0,0,0,0,1,0,1,0,4,0,0,0,0,0,0,0,0,0,0,0,0,0,0,0,0,0,0,0,0,0,,0,,,,,,,,,,,,,,,,,,,,,,,,,,,,,,,,,,,,,,,,,,,,,,,,,258,90,,,
3352,Warrior Epic Two Handed Axe,1666,217,0,0,0,0,0,0,0,0,0,0,0,0,0,1,0,2,0,4,0,0,0,0,0,0,0,0,0,0,0,0,0,0,0,0,0,0,0,0,0,,0,,,,,,,,,,,,,,,,,,,,,,,,,,,,,,,,,,,,,,,,,,,,,,,,,275,,,,
3353,Warrior Epic Hammer,1663,210,0,0,0,0,0,0,0,0,0,0,0,0,0,1,0,1,0,5,0,0,0,0,0,0,0,0,0,0,0,0,0,0,0,0,0,0,0,0,0,,0,,,,,,,,,,,,,,,,,,,,,,,,,,,,,,,,,,,,,,,,,,,,,,,,,274,90,,,
3354,Warrior Epic Two Handed Hammer,1664,214,0,0,0,0,0,0,0,0,0,0,0,0,0,1,0,2,0,5,0,0,0,0,0,0,0,0,0,0,0,0,0,0,0,0,0,0,0,0,0,,0,,,,,,,,,,,,,,,,,,,,,,,,,,,,,,,,,,,,,,,,,,,,,,,,,273,,,,
3355,Warrior Epic Sword,1661,201,0,0,0,0,0,0,0,0,0,0,0,0,0,1,0,1,0,1,0,0,0,0,0,0,0,0,0,0,0,0,0,0,0,0,0,0,0,0,0,,0,,,,,,,,,,,,,,,,,,,,,,,,,,,,,,,,,,,,,,,,,,,,,,,,,272,90,,,
3356,Warrior Epic Two Handed Sword,1662,203,0,0,0,0,0,0,0,0,0,0,0,0,0,1,0,2,0,1,0,0,0,0,0,0,0,0,0,0,0,0,0,0,0,0,0,0,0,0,0,,0,,,,,,,,,,,,,,,,,,,,,,,,,,,,,,,,,,,,,,,,,,,,,,,,,276,,,,
3357,Valkyrie Epic Sword,1710,201,0,0,0,0,0,0,0,0,0,0,0,0,0,1,0,1,0,1,0,0,0,0,0,0,0,0,0,0,0,0,0,0,0,0,0,0,0,0,0,,0,,,,,,,,,,,,,,,,,,,,,,,,,,,,,,,,,,,,,,,,,,,,,,,,,322,,,,
3358,Valkyrie Epic Two Handed Sword,1711,203,0,0,0,0,0,0,0,0,0,0,0,0,0,1,0,2,0,1,0,0,0,0,0,0,0,0,0,0,0,0,0,0,0,0,0,0,0,0,0,,0,,,,,,,,,,,,,,,,,,,,,,,,,,,,,,,,,,,,,,,,,,,,,,,,,323,130,,,
3359,Housing Guild Banner Albion,1,529,0,0,0,0,0,0,0,0,0,0,0,0,0,0,0,0,0,0,5329,0,0,1,0,0,0,0,0,0,0,0,0,0,1641,0,0,0,0,0,0,,0,,,,,,,,,,,112,,,,,,,,,,,,,,,,,,,,,,,,,,,,,,,,,,,,,,,,,,
3360,Housing Guild Banner Hibernia,1,529,0,0,0,0,0,0,0,0,0,0,0,0,0,0,0,0,0,0,5329,0,0,1,0,0,0,0,0,0,0,0,0,0,1643,0,0,0,0,0,0,,0,,,,,,,,,,,114,,,,,,,,,,,,,,,,,,,,,,,,,,,,,,,,,,,,,,,,,,
3361,Housing Guild Banner Midgard,1,529,0,0,0,0,0,0,0,0,0,0,0,0,0,0,0,0,0,0,5329,0,0,1,0,0,0,0,0,0,0,0,0,0,1642,0,0,0,0,0,0,,0,,,,,,,,,,,113,,,,,,,,,,,,,,,,,,,,,,,,,,,,,,,,,,,,,,,,,,
3362,Valkyrie Epic Spear Thrust,1709,207,0,0,0,0,0,0,0,0,0,0,0,0,0,0,0,3,2,21,0,0,0,0,0,0,0,0,0,0,0,0,0,0,0,0,0,0,0,0,0,,0,,,,,,,,,,,,,,,,,,,,,,,,,,,,,,,,,,,,,,,,,,,,,,,,,327,,,,
3363,Valkyrie Epic Spear Slash,1709,207,0,0,0,0,0,0,0,0,0,0,0,0,0,0,0,3,2,21,0,0,0,0,0,0,0,0,0,0,0,0,0,0,0,0,0,0,0,0,0,,0,,,,,,,,,,,,,,,,,,,,,,,,,,,,,,,,,,,,,,,,,,,,,,,,,327,,,,
3364,DR demonseal Prop,1683,1,0,0,0,0,0,0,0,0,0,0,0,0,0,0,0,0,0,0,0,0,0,0,0,0,0,0,0,0,0,0,0,0,0,0,0,0,0,0,0,,0,,,,,,,,1,,,,,,,,,,,,,,,,,,,,,,,,,,,,,,,,,,,,,,,,,,,,,
3365,Hunter Epic Longbow,1726,223,0,0,0,0,0,0,0,0,0,0,0,0,0,0,0,5,1,7,0,0,0,0,0,0,0,0,0,0,0,0,0,0,0,0,0,0,0,0,0,,0,,,,,,,,,,,,,,,,,,,,,,,,,,,,,,,,,,,,,,,,,,,,,,,,,332,,,,
3366,Sorc Epic Boots,1,124,0,0,0,0,0,0,386,0,0,0,0,0,0,0,0,0,0,0,0,0,0,0,0,0,0,0,0,0,0,0,0,0,0,0,0,0,0,0,0,,0,,,,,,,,,,,,,,,,,,,,,1,,,,,,5331,,,,7,,,,,,,,,,,,,,,,,,,,,,
3367,Sorc Epic Gloves,1,114,0,0,0,387,0,0,0,0,0,0,0,0,0,0,0,0,0,0,0,0,0,0,0,0,0,0,0,0,0,0,0,0,0,0,0,0,0,0,0,,0,,,,,,,,,,,,,,,,,,,,,1,,,,5332,,,,,7,,,,,,,,,,,,,,,,,,1,,,,,
3368,Admorenth Staff,1728,209,0,0,0,0,0,0,0,0,0,0,0,0,0,0,0,0,0,0,0,0,0,0,0,0,0,0,0,0,0,0,0,0,0,0,0,0,0,0,0,,,,,,,,,,,,,,,,,,,,,,,,,,,,,,,,,,,,,,,,,,,,,,,,,,,,,,,
3369,Albion Sorcerer (rob12),1,118,985,986,987,0,988,0,0,0,0,0,3,3,0,0,0,0,0,0,0,0,0,0,0,0,0,0,0,0,0,0,0,0,0,0,0,0,0,0,0,,0,,,,,,,,,,,,,,,,,,,,,1,5335,5334,,,,,,16,5,5,-1,-1,,,,,,,,,,,,,,,,,,,,
3370,Midgard Thane Vest,1,106,921,922,0,0,923,0,0,0,0,0,1,1,0,0,0,0,0,0,0,0,0,0,0,0,0,0,0,0,0,0,0,0,0,0,0,0,0,0,0,,0,,,,,,,,,,,,,,,,,,,,,1,5364,5363,,,,,,5,,,1,1,,,,,,,,,,,,,,,,,,,,
3371,Midgard Thane Legs,1,122,0,0,0,0,0,924,0,0,0,0,0,0,0,0,0,0,0,0,0,0,0,0,0,0,0,0,0,0,0,0,0,0,0,0,0,0,0,0,0,,0,,,,,,,,,,,,,,,,,,,,,1,,,,,5346,,,,,,,,,,,,,,,,,,,,,,,,,,,
3372,Midgard Thane Arms,1,112,0,0,925,0,0,0,0,0,0,0,0,0,0,0,0,0,0,0,0,0,0,0,0,0,0,0,0,0,0,0,0,0,0,0,0,0,0,0,0,,0,,,,,,,,,,,,,,,,,,,,,1,,,5341,,,,,,,,,,,,,,,,,,,,,,,,,,,,,
3373,Midgard Thane Gloves,1,116,0,0,0,926,0,0,0,0,0,0,0,0,0,0,0,0,0,0,0,0,0,0,0,0,0,0,0,0,0,0,0,0,0,0,0,0,0,0,0,,0,,,,,,,,,,,,,,,,,,,,,1,,,,5336,,,,,2,,,,,,,,,,,,,,,,,,,,,,,
3374,Midgard Thane Boots,1,126,0,0,0,0,0,0,927,0,0,0,0,0,0,0,0,0,0,0,0,0,0,0,0,0,0,0,0,0,0,0,0,0,0,0,0,0,0,0,0,,0,,,,,,,,,,,,,,,,,,,,,1,,,,,,5365,,,,2,,,,,,,,,,,,,,,,,,,,,,
3375,Midgard Berserker Vest,1,163,914,915,0,0,916,0,0,0,0,0,1,1,0,0,0,0,0,0,0,0,0,0,0,0,0,0,0,0,0,0,0,0,0,0,0,0,0,0,0,,0,,,,,,,,,,,,,,,,,,,,,1,5348,5347,,,,,,11,,,1,1,,,,,,,,,,,,,,,,,,,,
3376,Midgard Berserker Legs,1,166,0,0,0,0,0,917,0,0,0,0,0,0,0,0,0,0,0,0,0,0,0,0,0,0,0,0,0,0,0,0,0,0,0,0,0,0,0,0,0,,0,,,,,,,,,,,,,,,,,,,,,1,,,,,5342,,,,,,,,,,,,,,,,,,,,,,,,,,,
3377,Midgard Berserker Arms,1,164,0,0,918,0,0,0,0,0,0,0,0,0,0,0,0,0,0,0,0,0,0,0,0,0,0,0,0,0,0,0,0,0,0,0,0,0,0,0,0,,0,,,,,,,,,,,,,,,,,,,,,1,,,5337,,,,,,,,,,,,,,,,,,,,,,,,,,,,,
3378,Midgard Berserker Gloves,1,165,0,0,0,919,0,0,0,0,0,0,0,0,0,0,0,0,0,0,0,0,0,0,0,0,0,0,0,0,0,0,0,0,0,0,0,0,0,0,0,,0,,,,,,,,,,,,,,,,,,,,,1,,,,5354,,,,,3,,,,,,,,,,,,,,,,,,,,,,,
3379,Midgard Berserker Boots,1,167,0,0,0,0,0,0,920,0,0,0,0,0,0,0,0,0,0,0,0,0,0,0,0,0,0,0,0,0,0,0,0,0,0,0,0,0,0,0,0,,0,,,,,,,,,,,,,,,,,,,,,1,,,,,,5351,,,,3,,,,,,,,,,,,,,,,,,,,,,
3380,Albion Minstrel Vest,1,106,856,857,0,0,861,0,0,0,0,0,2,2,0,0,0,0,0,0,0,0,0,0,0,0,0,0,0,0,0,0,0,0,0,0,0,0,0,0,0,,0,,,,,,,,,,,,,,,,,,,,,1,5358,5357,,,,,,12,,,1,1,,,,,,,,,,,,,,,,,,,,
3381,Albion Minstrel Legs,1,122,0,0,0,0,0,862,0,0,0,0,0,0,0,0,0,0,0,0,0,0,0,0,0,0,0,0,0,0,0,0,0,0,0,0,0,0,0,0,0,,0,,,,,,,,,,,,,,,,,,,,,1,,,,,5345,,,,,,,,,,,,,,,,,,,,,,,,,,,
3382,Albion Minstrel Arms,1,112,0,0,858,0,0,0,0,0,0,0,0,0,0,0,0,0,0,0,0,0,0,0,0,0,0,0,0,0,0,0,0,0,0,0,0,0,0,0,0,,0,,,,,,,,,,,,,,,,,,,,,1,,,5340,,,,,,,,,,,,,,,,,,,,,,,,,,,,,
3383,Albion Minstrel Gloves,1,116,0,0,0,860,0,0,0,0,0,0,0,0,0,0,0,0,0,0,0,0,0,0,0,0,0,0,0,0,0,0,0,0,0,0,0,0,0,0,0,,0,,,,,,,,,,,,,,,,,,,,,1,,,,5360,,,,,4,,,,,,,,,,,,,,,,,,,,,,,
3384,Albion Minstrel Boots,1,126,0,0,0,0,0,0,859,0,0,0,0,0,0,0,0,0,0,0,0,0,0,0,0,0,0,0,0,0,0,0,0,0,0,0,0,0,0,0,0,,0,,,,,,,,,,,,,,,,,,,,,1,,,,,,5359,,,,4,,,,,,,,,,,,,,,,,,,,,,
3385,Midgard Hunter Vest,1,161,928,929,0,0,930,0,0,0,0,0,1,1,0,0,0,0,0,0,0,0,0,0,0,0,0,0,0,0,0,0,0,0,0,0,0,0,0,0,0,,0,,,,,,,,,,,,,,,,,,,,,1,5350,5349,,,,,,11,,,1,1,,,,,,,,,,,,,,,,,,,,
3386,Midgard Hunter Legs,1,166,0,0,0,0,0,931,0,0,0,0,0,0,0,0,0,0,0,0,0,0,0,0,0,0,0,0,0,0,0,0,0,0,0,0,0,0,0,0,0,,0,,,,,,,,,,,,,,,,,,,,,1,,,,,5344,,,,,,,,,,,,,,,,,,,,,,,,,,,
3387,Midgard Hunter Arms,1,164,0,0,932,0,0,0,0,0,0,0,0,0,0,0,0,0,0,0,0,0,0,0,0,0,0,0,0,0,0,0,0,0,0,0,0,0,0,0,0,,0,,,,,,,,,,,,,,,,,,,,,1,,,5339,,,,,,,,,,,,,,,,,,,,,,,,,,,,,
3388,Midgard Hunter Gloves,1,165,0,0,0,933,0,0,0,0,0,0,0,0,0,0,0,0,0,0,0,0,0,0,0,0,0,0,0,0,0,0,0,0,0,0,0,0,0,0,0,,0,,,,,,,,,,,,,,,,,,,,,1,,,,5356,,,,,3,,,,,,,,,,,,,,,,,,,,,,,
3389,Midgard Hunter Boots,1,167,0,0,0,0,0,0,934,0,0,0,0,0,0,0,0,0,0,0,0,0,0,0,0,0,0,0,0,0,0,0,0,0,0,0,0,0,0,0,0,,0,,,,,,,,,,,,,,,,,,,,,1,,,,,,5353,,,,3,,,,,,,,,,,,,,,,,,,,,,
3390,Hibernian Blademaster Vest,1,161,900,901,0,0,902,0,0,0,0,0,1,1,0,0,0,0,0,0,0,0,0,0,0,0,0,0,0,0,0,0,0,0,0,0,0,0,0,0,0,,0,,,,,,,,,,,,,,,,,,,,,1,5362,5361,,,,,,15,,,1,1,,,,,,,,,,,,,,,,,,,,
3391,Hibernian Blademaster Legs,1,166,0,0,0,0,0,903,0,0,0,0,0,0,0,0,0,0,0,0,0,0,0,0,0,0,0,0,0,0,0,0,0,0,0,0,0,0,0,0,0,,0,,,,,,,,,,,,,,,,,,,,,1,,,,,5343,,,,,,,,,,,,,,,,,,,,,,,,,,,
3392,Hibernian Blademaster Arms,1,164,0,0,904,0,0,0,0,0,0,0,0,0,0,0,0,0,0,0,0,0,0,0,0,0,0,0,0,0,0,0,0,0,0,0,0,0,0,0,0,,0,,,,,,,,,,,,,,,,,,,,,1,,,5338,,,,,,,,,,,,,,,,,,,,,,,,,,,,,
3393,Hibernian Blademaster Gloves,1,165,0,0,0,905,0,0,0,0,0,0,0,0,0,0,0,0,0,0,0,0,0,0,0,0,0,0,0,0,0,0,0,0,0,0,0,0,0,0,0,,0,,,,,,,,,,,,,,,,,,,,,1,,,,5355,,,,,3,,,,,,,,,,,,,,,,,,,,,,,
3394,Hibernian Blademaster Boots,1,167,0,0,0,0,0,0,906,0,0,0,0,0,0,0,0,0,0,0,0,0,0,0,0,0,0,0,0,0,0,0,0,0,0,0,0,0,0,0,0,,0,,,,,,,,,,,,,,,,,,,,,1,,,,,,5352,,,,3,,,,,,,,,,,,,,,,,,,,,,
3395,Gargoyle Trophy - For Round Table,1,544,0,0,0,0,0,0,0,0,0,0,0,0,0,0,0,0,0,0,0,0,0,0,0,0,0,0,0,0,0,0,0,0,1761,0,0,0,0,0,0,1,0,,,,,,,,,,,,,,,,,,,,,,,,,,,,,,,,,,,,,,,,,,,,,,,,,,,,,
3396,Belial Trophy,1,544,0,0,0,0,0,0,0,0,0,0,0,0,0,0,0,0,0,0,0,0,0,0,0,0,0,0,0,0,0,0,0,0,1770,0,0,0,0,0,0,1,0,,,,,,,,,,,,,,,,,,,,,,,,,,,,,,,,,,,,,,,,,,,,,,,,,,,,,
3397,Astoroth Trophy,1,544,0,0,0,0,0,0,0,0,0,0,0,0,0,0,0,0,0,0,0,0,0,0,0,0,0,0,0,0,0,0,0,0,1771,0,0,0,0,0,0,1,0,,,,,,,,,,,,,,,,,,,,,,,,,,,,,,,,,,,,,,,,,,,,,,,,,,,,,
3398,Fest_Mid_TentRound,1772,1,0,0,0,0,0,0,0,0,0,0,0,0,0,0,0,0,0,0,0,0,0,0,0,0,0,0,0,0,0,0,0,0,0,0,0,0,0,0,0,0,0,,,,,,,,1,,,,,,,,,,,,,,,,,,,,,,,,,,,,,,,,,,,,,,,,,,,,,
3399,Fest_Mid_Tentsmall,1773,1,0,0,0,0,0,0,0,0,0,0,0,0,0,0,0,0,0,0,0,0,0,0,0,0,0,0,0,0,0,0,0,0,0,0,0,0,0,0,0,0,0,,,,,,,,1,,,,,,,,,,,,,,,,,,,,,,,,,,,,,,,,,,,,,,,,,,,,,
3400,Fest_N-fence1,1774,1,0,0,0,0,0,0,0,0,0,0,0,0,0,0,0,0,0,0,0,0,0,0,0,0,0,0,0,0,0,0,0,0,0,0,0,0,0,0,0,0,0,,,,,,,,1,,,,,,,,,,,,,,,,,,,,,,,,,,,,,,,,,,,,,,,,,,,,,
3401,Fest_refugeetent,1775,1,0,0,0,0,0,0,0,0,0,0,0,0,0,0,0,0,0,0,0,0,0,0,0,0,0,0,0,0,0,0,0,0,0,0,0,0,0,0,0,0,0,,,,,,,,,,,,,,,,,,,,,,,,,,,,,,,,,,,,,,,,,,,,,,,,,,,,,
3402,Fest_Alb_Tentbig,1776,1,0,0,0,0,0,0,0,0,0,0,0,0,0,0,0,0,0,0,0,0,0,0,0,0,0,0,0,0,0,0,0,0,0,0,0,0,0,0,0,0,0,,,,,,,,1,,,,,,,,,,,,,,,,,,,,,,,,,,,,,,,,,,,,,,,,,,,,,
3403,Fest_Alb_TentRound,1777,1,0,0,0,0,0,0,0,0,0,0,0,0,0,0,0,0,0,0,0,0,0,0,0,0,0,0,0,0,0,0,0,0,0,0,0,0,0,0,0,0,0,,,,,,,,1,,,,,,,,,,,,,,,,,,,,,,,,,,,,,,,,,,,,,,,,,,,,,
3404,Fest_Alb_Tentsmall,1778,1,0,0,0,0,0,0,0,0,0,0,0,0,0,0,0,0,0,0,0,0,0,0,0,0,0,0,0,0,0,0,0,0,0,0,0,0,0,0,0,0,0,,,,,,,,1,,,,,,,,,,,,,,,,,,,,,,,,,,,,,,,,,,,,,,,,,,,,,
3405,Fest_cart1,1779,1,0,0,0,0,0,0,0,0,0,0,0,0,0,0,0,0,0,0,0,0,0,0,0,0,0,0,0,0,0,0,0,0,0,0,0,0,0,0,0,0,0,,,,,,,,1,,,,,,,,,,,,,,,,,,,,,,,,,,,,,,,,,,,,,,,,,,,,,
3406,Fest_Hcart,1780,1,0,0,0,0,0,0,0,0,0,0,0,0,0,0,0,0,0,0,0,0,0,0,0,0,0,0,0,0,0,0,0,0,0,0,0,0,0,0,0,0,0,,,,,,,,1,,,,,,,,,,,,,,,,,,,,,,,,,,,,,,,,,,,,,,,,,,,,,
3407,Fest_Hib_Tentbig,1781,1,0,0,0,0,0,0,0,0,0,0,0,0,0,0,0,0,0,0,0,0,0,0,0,0,0,0,0,0,0,0,0,0,0,0,0,0,0,0,0,0,0,,,,,,,,1,,,,,,,,,,,,,,,,,,,,,,,,,,,,,,,,,,,,,,,,,,,,,
3408,Fest_Hib_TentRound,1782,1,0,0,0,0,0,0,0,0,0,0,0,0,0,0,0,0,0,0,0,0,0,0,0,0,0,0,0,0,0,0,0,0,0,0,0,0,0,0,0,0,0,,,,,,,,1,,,,,,,,,,,,,,,,,,,,,,,,,,,,,,,,,,,,,,,,,,,,,
3409,Fest_Hib_Tentsmall,1783,1,0,0,0,0,0,0,0,0,0,0,0,0,0,0,0,0,0,0,0,0,0,0,0,0,0,0,0,0,0,0,0,0,0,0,0,0,0,0,0,0,0,,,,,,,,1,,,,,,,,,,,,,,,,,,,,,,,,,,,,,,,,,,,,,,,,,,,,,
3410,Fest_Mid_Tentbig,1784,1,0,0,0,0,0,0,0,0,0,0,0,0,0,0,0,0,0,0,0,0,0,0,0,0,0,0,0,0,0,0,0,0,0,0,0,0,0,0,0,0,0,,,,,,,,1,,,,,,,,,,,,,,,,,,,,,,,,,,,,,,,,,,,,,,,,,,,,,
3411,Fest_dtrash01,1787,1,0,0,0,0,0,0,0,0,0,0,0,0,0,0,0,0,0,0,0,0,0,0,0,0,0,0,0,0,0,0,0,0,0,0,0,0,0,0,0,0,0,,,,,,,,1,,,,,,,,,,,,,,,,,,,,,,,,,,,,,,,,,,,,,,,,,,,,,
3412,Utgard Trophy,1,544,0,0,0,0,0,0,0,0,0,0,0,0,0,0,0,0,0,0,0,0,0,0,0,0,0,0,0,0,0,0,0,0,1791,0,0,0,0,0,0,1,0,,,,,,,,,,,,,,,,,,,,,,,,,,,,,,,,,,,,,,,,,,,,,,,,,,,,,
3413,Trophy_Admorenth,1,544,0,0,0,0,0,0,0,0,0,0,0,0,0,0,0,0,0,0,0,0,0,0,0,0,0,0,0,0,0,0,0,0,1792,0,0,0,0,0,0,1,0,,,,,,,,,,,,,,,,,,,,,,,,,,,,,,,,,,,,,,,,,,,,,,,,,,,,,
3414,trophy_azazel,1,544,0,0,0,0,0,0,0,0,0,0,0,0,0,0,0,0,0,0,0,0,0,0,0,0,0,0,0,0,0,0,0,0,1793,0,0,0,0,0,0,1,0,,,,,,,,,,,,,,,,,,,,,,,,,,,,,,,,,,,,,,,,,,,,,,,,,,,,,
3415,Trophy_Xaphan,1,544,0,0,0,0,0,0,0,0,0,0,0,0,0,0,0,0,0,0,0,0,0,0,0,0,0,0,0,0,0,0,0,0,1794,0,0,0,0,0,0,1,0,,,,,,,,,,,,,,,,,,,,,,,,,,,,,,,,,,,,,,,,,,,,,,,,,,,,,
3416,Fest_Mid_TentRound,1772,196,0,0,0,0,0,0,0,0,0,0,0,0,0,0,0,0,0,0,0,0,0,0,0,0,0,0,0,0,0,0,0,0,0,0,0,0,0,0,0,0,0,,,,,,,,,,,,,,,,,,,,,,,,,,,,,,,,,,,,,,,,,,,,,,,,,,,,,
3417,Fest_Mid_Tentsmall,1773,196,0,0,0,0,0,0,0,0,0,0,0,0,0,0,0,0,0,0,0,0,0,0,0,0,0,0,0,0,0,0,0,0,0,0,0,0,0,0,0,0,0,,,,,,,,,,,,,,,,,,,,,,,,,,,,,,,,,,,,,,,,,,,,,,,,,,,,,
3418,Fest_N-fence1,1774,194,0,0,0,0,0,0,0,0,0,0,0,0,0,0,0,0,0,0,0,0,0,0,0,0,0,0,0,0,0,0,0,0,0,0,0,0,0,0,0,0,0,,,,,,,,,,,,,,,,,,,,,,,,,,,,,,,,,,,,,,,,,,,,,,,,,,,,,
3419,Fest_refugeetent,1775,196,0,0,0,0,0,0,0,0,0,0,0,0,0,0,0,0,0,0,0,0,0,0,0,0,0,0,0,0,0,0,0,0,0,0,0,0,0,0,0,0,0,,,,,,,,,,,,,,,,,,,,,,,,,,,,,,,,,,,,,,,,,,,,,,,,,,,,,
3420,Fest_Alb_Tentbig,1776,196,0,0,0,0,0,0,0,0,0,0,0,0,0,0,0,0,0,0,0,0,0,0,0,0,0,0,0,0,0,0,0,0,0,0,0,0,0,0,0,0,0,,,,,,,,,,,,,,,,,,,,,,,,,,,,,,,,,,,,,,,,,,,,,,,,,,,,,
3421,Fest_Alb_TentRound,1777,196,0,0,0,0,0,0,0,0,0,0,0,0,0,0,0,0,0,0,0,0,0,0,0,0,0,0,0,0,0,0,0,0,0,0,0,0,0,0,0,0,0,,,,,,,,,,,,,,,,,,,,,,,,,,,,,,,,,,,,,,,,,,,,,,,,,,,,,
3422,Fest_Alb_Tentsmall,1778,196,0,0,0,0,0,0,0,0,0,0,0,0,0,0,0,0,0,0,0,0,0,0,0,0,0,0,0,0,0,0,0,0,0,0,0,0,0,0,0,0,0,,,,,,,,,,,,,,,,,,,,,,,,,,,,,,,,,,,,,,,,,,,,,,,,,,,,,
3423,Fest_cart1,1779,575,0,0,0,0,0,0,0,0,0,0,0,0,0,0,0,0,0,0,0,0,0,0,0,0,0,0,0,0,0,0,0,0,0,0,0,0,0,0,0,0,0,,,,,,,,,,,,,,,,,,,,,,,,,,,,,,,,,,,,,,,,,,,,,,,,,,,,,
3424,Fest_Hcart,1780,1,0,0,0,0,0,0,0,0,0,0,0,0,0,0,0,0,0,0,0,0,0,0,0,0,0,0,0,0,0,0,0,0,0,0,0,0,0,0,0,0,0,,,,,,,,,,,,,,,,,,,,,,,,,,,,,,,,,,,,,,,,,,,,,,,,,,,,,
3425,Fest_Hib_Tentbig,1781,196,0,0,0,0,0,0,0,0,0,0,0,0,0,0,0,0,0,0,0,0,0,0,0,0,0,0,0,0,0,0,0,0,0,0,0,0,0,0,0,0,0,,,,,,,,,,,,,,,,,,,,,,,,,,,,,,,,,,,,,,,,,,,,,,,,,,,,,
3426,Fest_Hib_TentRound,1782,196,0,0,0,0,0,0,0,0,0,0,0,0,0,0,0,0,0,0,0,0,0,0,0,0,0,0,0,0,0,0,0,0,0,0,0,0,0,0,0,0,0,,,,,,,,,,,,,,,,,,,,,,,,,,,,,,,,,,,,,,,,,,,,,,,,,,,,,
3427,Fest_Hib_Tentsmall,1783,196,0,0,0,0,0,0,0,0,0,0,0,0,0,0,0,0,0,0,0,0,0,0,0,0,0,0,0,0,0,0,0,0,0,0,0,0,0,0,0,0,0,,,,,,,,,,,,,,,,,,,,,,,,,,,,,,,,,,,,,,,,,,,,,,,,,,,,,
3428,Fest_Mid_Tentbig,1784,196,0,0,0,0,0,0,0,0,0,0,0,0,0,0,0,0,0,0,0,0,0,0,0,0,0,0,0,0,0,0,0,0,0,0,0,0,0,0,0,0,0,,,,,,,,,,,,,,,,,,,,,,,,,,,,,,,,,,,,,,,,,,,,,,,,,,,,,
3429,Fest_dtrash01,1787,179,0,0,0,0,0,0,0,0,0,0,0,0,0,0,0,0,0,0,0,0,0,0,0,0,0,0,0,0,0,0,0,0,0,0,0,0,0,0,0,0,0,,,,,,,,,,,,,,,,,,,,,,,,,,,,,,,,,,,,,,,,,,,,,,,,,,,,,
3430,Trophy_Moloch,1,544,0,0,0,0,0,0,0,0,0,0,0,0,0,0,0,0,0,0,0,0,0,0,0,0,0,0,0,0,0,0,0,0,1795,0,0,0,0,0,0,1,0,,,,,,,,,,,,,,,,,,,,,,,,,,,,,,,,,,,,,,,,,,,,,,,,,,,,,
3431,Saddle,1,2849,0,0,0,0,0,0,0,0,0,0,0,0,0,0,0,0,0,0,0,0,0,0,0,0,0,0,0,0,0,0,0,0,0,0,0,0,0,0,0,1,0,,,,,,,,,,,,,,,,,,,,,,,,,,,,,,,,,,,,,,,,,,,,,,,,,,,,,
3432,stirrups,1,2850,0,0,0,0,0,0,0,0,0,0,0,0,0,0,0,0,0,0,0,0,0,0,0,0,0,0,0,0,0,0,0,0,0,0,0,0,0,0,0,1,0,,,,,,,,,,,,,,,,,,,,,,,,,,,,,,,,,,,,,,,,,,,,,,,,,,,,,
3433,reins,1,2851,0,0,0,0,0,0,0,0,0,0,0,0,0,0,0,0,0,0,0,0,0,0,0,0,0,0,0,0,0,0,0,0,0,0,0,0,0,0,0,1,0,,,,,,,,,,,,,,,,,,,,,,,,,,,,,,,,,,,,,,,,,,,,,,,,,,,,,
3434,spool of ribbon,1,2852,0,0,0,0,0,0,0,0,0,0,0,0,0,0,0,0,0,0,0,0,0,0,0,0,0,0,0,0,0,0,0,0,0,0,0,0,0,0,0,1,0,,,,,,,,,,,,,,,,,,,,,,,,,,,,,,,,,,,,,,,,,,,,,,,,,,,,,
3435,Aurulite,1,2269,0,0,0,0,0,0,0,0,0,0,0,0,0,0,0,0,0,0,0,0,0,0,0,0,0,0,0,0,0,0,0,0,0,0,0,0,0,0,0,,0,,,,,,,,,,,,,,,,,,,,,,,,,,,,,,,,,,,,,,,,,,,,,,,,,,,,,
3436,Hib Role play Pitcher,1796,2887,0,0,0,0,0,0,0,0,0,0,0,0,0,0,0,1,0,0,0,0,0,0,0,0,0,0,0,0,0,0,0,0,0,0,0,0,0,0,0,0,0,,,,,,,,,,,,,,,,,,,,,,,,,,,,,,,,,,,,,,,,,,,,,,,,,,,,,
3437,Hib Role Play Mug,1797,2887,0,0,0,0,0,0,0,0,0,0,0,0,0,0,0,1,0,0,0,0,0,0,0,0,0,0,0,0,0,0,0,0,0,0,0,0,0,0,0,0,0,,,,,,,,,,,,,,,,,,,,,,,,,,,,,,,,,,,,,,,,,,,,,,,,,,,,,
3438,Hib Role Play Stein,1798,2887,0,0,0,0,0,0,0,0,0,0,0,0,0,0,0,1,0,0,0,0,0,0,0,0,0,0,0,0,0,0,0,0,0,0,0,0,0,0,0,0,0,,,,,,,,,,,,,,,,,,,,,,,,,,,,,,,,,,,,,,,,,,,,,,,,,,,,,
3439,Role Play Flowers,1799,566,0,0,0,0,0,0,0,0,0,0,0,0,0,0,0,1,0,0,0,0,0,0,0,0,0,0,0,0,0,0,0,0,0,0,0,0,0,0,0,0,0,,,,,,,,,,,,,,,,,,,,,,,,,,,,,,,,,,,,,,,,,,,,,,,,,,,,,
3440,Briton Role Play Stein,1800,2887,0,0,0,0,0,0,0,0,0,0,0,0,0,0,0,1,0,0,0,0,0,0,0,0,0,0,0,0,0,0,0,0,0,0,0,0,0,0,0,0,0,,,,,,,,,,,,,,,,,,,,,,,,,,,,,,,,,,,,,,,,,,,,,,,,,,,,,
3441,Briton Role Play Pitcher,1801,2887,0,0,0,0,0,0,0,0,0,0,0,0,0,0,0,1,0,0,0,0,0,0,0,0,0,0,0,0,0,0,0,0,0,0,0,0,0,0,0,0,0,,,,,,,,,,,,,,,,,,,,,,,,,,,,,,,,,,,,,,,,,,,,,,,,,,,,,
3442,Briton Role Play Mug,1802,2887,0,0,0,0,0,0,0,0,0,0,0,0,0,0,0,1,0,0,0,0,0,0,0,0,0,0,0,0,0,0,0,0,0,0,0,0,0,0,0,0,0,,,,,,,,,,,,,,,,,,,,,,,,,,,,,,,,,,,,,,,,,,,,,,,,,,,,,
3443,Mid Role Play Stein,1803,2887,0,0,0,0,0,0,0,0,0,0,0,0,0,0,0,1,0,0,0,0,0,0,0,0,0,0,0,0,0,0,0,0,0,0,0,0,0,0,0,0,0,,,,,,,,,,,,,,,,,,,,,,,,,,,,,,,,,,,,,,,,,,,,,,,,,,,,,
3444,Mid Role Play Pitcher,1804,2887,0,0,0,0,0,0,0,0,0,0,0,0,0,0,0,1,0,0,0,0,0,0,0,0,0,0,0,0,0,0,0,0,0,0,0,0,0,0,0,0,0,,,,,,,,,,,,,,,,,,,,,,,,,,,,,,,,,,,,,,,,,,,,,,,,,,,,,
3445,Mid Role Play Mug,1805,2887,0,0,0,0,0,0,0,0,0,0,0,0,0,0,0,1,0,0,0,0,0,0,0,0,0,0,0,0,0,0,0,0,0,0,0,0,0,0,0,0,0,,,,,,,,,,,,,,,,,,,,,,,,,,,,,,,,,,,,,,,,,,,,,,,,,,,,,
3446,Placeable Magic Portal,1064,197,0,0,0,0,0,0,0,0,0,0,0,0,0,0,0,0,0,0,0,0,0,0,0,0,0,0,0,0,0,0,0,0,0,0,0,0,0,0,0,0,0,,,,,,,,,,,128,,,,,,,,,,,,,,,,,,,,,,,,,,,,,,,,,,,,,,,,,,
3447,Malice Hammer 1 Handed,1806,2292,0,0,0,0,0,0,0,0,0,0,0,0,0,1,0,1,0,5,0,0,0,0,0,0,0,0,0,0,0,0,0,0,0,0,0,0,0,0,0,0,0,,,,,5369,,,,,,,,,,,,,,,,,,,,,,,,,,,,,,,,,,,,,,,,,,,,,60,,,
3448,Battler Hammer 2 handed,1807,2291,0,0,0,0,0,0,0,0,0,0,0,0,0,1,0,2,0,5,0,0,0,0,0,0,0,0,0,0,0,0,0,0,0,0,0,0,0,0,0,0,0,,,,,5366,,,,,,,,,,,,,,,,,,,,,,,,,,,,,,,,,,,,,,,,,,,1,,0,,,
3449,Malice Hammer 2 handed,1808,2291,0,0,0,0,0,0,0,0,0,0,0,0,0,1,0,2,0,5,0,0,0,0,0,0,0,0,0,0,0,0,0,0,0,0,0,0,0,0,0,0,0,,,,,5369,,,,,,,,,,,,,,,,,,,,,,,,,,,,,,,,,,,,,,,,,,,1,,0,,,
3450,Spear of the King Scythe,1809,2288,0,0,0,0,0,0,0,0,0,0,0,0,0,0,0,14,0,2,0,0,0,0,0,0,0,0,0,0,0,0,0,0,0,0,0,0,0,0,0,0,0,,,,,5370,,,,,,,,,,,,,,,,,,,,,,,,,,,,,,,,,,,,,,,,,,,1,,,,,
3451,Croc Tooth Axe,1810,2290,0,0,0,0,0,0,0,0,0,0,0,0,0,1,0,1,0,4,0,0,0,0,0,0,0,0,0,0,0,0,0,0,0,0,0,0,0,0,0,0,0,,,,,5368,,,,,,,,,,,,,,,,,,,,,,,,,,,,,,,,,,,,,,,,,,,1,,,,,
3452,Traitors Axe,1811,2290,0,0,0,0,0,0,0,0,0,0,0,0,0,1,0,1,0,4,0,0,0,0,0,0,0,0,0,0,0,0,0,0,0,0,0,0,0,0,0,0,0,,,,,5367,,,,,,,,,,,,,,,,,,,,,,,,,,,,,,,,,,,,,,,,,,,1,,,,,
3453,Battler Hammer 1 handed,1812,2292,0,0,0,0,0,0,0,0,0,0,0,0,0,1,0,1,0,5,0,0,0,0,0,0,0,0,0,0,0,0,0,0,0,0,0,0,0,0,0,0,0,,,,,5366,,,,,,,,,,,,,,,,,,,,,,,,,,,,,,,,,,,,,,,,,,,1,,70,,,
3454,Role Play Turkey Leg,1814,142,0,0,0,0,0,0,0,0,0,0,0,0,0,0,0,1,0,0,0,0,0,0,0,0,0,0,0,0,0,0,0,0,0,0,0,0,0,0,0,0,0,,,,,,,,,,,,,,,,,,,,,,,,,,,,,,,,,,,,,,,,,,,,,,,,,,,,,
3455,Role Play Key,1813,533,0,0,0,0,0,0,0,0,0,0,0,0,0,0,0,1,0,0,0,0,0,0,0,0,0,0,0,0,0,0,0,0,0,0,0,0,0,0,0,0,0,,,,,,,,,,,,,,,,,,,,,,,,,,,,,,,,,,,,,,,,,,,,,,,,,,,,,
3456,Warlock RR 5 Boiling Oil,1067,1,0,0,0,0,0,0,0,0,0,0,0,0,0,0,0,0,0,0,0,0,0,0,0,0,0,0,0,0,0,0,0,0,0,0,0,0,0,0,0,0,0,,,,,,,,,,,,91,91,91,,,,,,,,,,,,,,,,,,,,,,,,,,,,,,,,,,,,,,,
3457,Storm Ground Target,1815,1,0,0,0,0,0,0,0,0,0,0,0,0,0,0,0,0,0,0,0,0,0,0,0,0,0,0,0,0,0,0,0,0,0,0,0,0,0,0,0,,0,,,,,,,,,,,,60,61,62,,,,,,,,,,,,,,,,,,,,,,,,,,,,,,,,,,,,,,,
3458,Role Play Rolling Pin,1816,519,0,0,0,0,0,0,0,0,0,0,0,0,0,0,0,1,0,0,0,0,0,0,0,0,0,0,0,0,0,0,0,0,0,0,0,0,0,0,0,0,0,,,,,,,,,,,,,,,,,,,,,,,,,,,,,,,,,,,,,,,,,,,,,,,,,,,,,
3459,Role Play Scroll,1817,173,0,0,0,0,0,0,0,0,0,0,0,0,0,0,0,1,0,0,0,0,0,0,0,0,0,0,0,0,0,0,0,0,0,0,0,0,0,0,0,0,0,,,,,,,,,,,,,,,,,,,,,,,,,,,,,,,,,,,,,,,,,,,,,,,,,,,,,
3460,Magic Campfire,1064,194,0,0,0,0,0,0,0,0,0,0,0,0,0,0,0,0,0,0,0,0,0,0,0,0,0,0,0,0,0,0,0,0,0,0,0,0,0,0,0,0,0,,,,,,,,,,,,129,129,129,,,,,,,,,,,,,,,,,,,,,,,,,,,,,,,,,,,,,,,
3461,Bonedancer Commander ONLY Helm,401,101,0,0,0,0,0,0,0,0,344,4,0,0,0,0,0,0,0,0,344,0,0,0,0,0,0,0,0,0,0,0,0,0,0,0,0,0,0,0,0,0,0,,,,,,,,,,,,,,,,,,,,,,,,,,,,,,,,,,,1818,1818,1818,1818,1818,1818,1818,1818,1818,1818,1818,1818,5371,,,,,,
3462,Bonedancer 2 handed sword,1819,203,0,0,0,0,0,0,0,0,0,0,0,0,0,1,0,2,0,1,0,0,0,0,0,0,0,0,0,0,0,0,0,0,0,0,0,0,0,0,0,,0,,,,,,,,,,,,,,,,,,,,,,,,,,,,,,,,,,,,,,,,,,,,,,,,,,,,,
3463,Bonedancer 1 handed sword,1820,201,0,0,0,0,0,0,0,0,0,0,0,0,0,1,0,1,0,1,0,0,0,0,0,0,0,0,0,0,0,0,0,0,0,0,0,0,0,0,0,,0,,,,,,,,,,,,,,,,,,,,,,,,,,,,,,,,,,,,,,,,,,,,,,,,,,,,,
3464,Bonedancer Staff,1821,209,0,0,0,0,0,0,0,0,0,0,0,0,0,0,0,4,1,6,0,0,0,0,0,0,0,0,0,0,0,0,0,0,0,0,0,0,0,0,0,,0,,,,,,,,,,,,,,,,,,,,,,,,,,,,,,,,,,,,,,,,,,,,,,,,,,,,,
3465,Bonedancer 2 handed hammer,1822,215,0,0,0,0,0,0,0,0,0,0,0,0,0,1,0,2,0,5,0,0,0,0,0,0,0,0,0,0,0,0,0,0,0,0,0,0,0,0,0,,0,,,,,,,,,,,,,,,,,,,,,,,,,,,,,,,,,,,,,,,,,,,,,,,,,,,,,
3466,Bonedancer 1 handed hammer,1823,210,0,0,0,0,0,0,0,0,0,0,0,0,0,1,0,1,0,5,0,0,0,0,0,0,0,0,0,0,0,0,0,0,0,0,0,0,0,0,0,,0,,,,,,,,,,,,,,,,,,,,,,,,,,,,,,,,,,,,,,,,,,,,,,,,,,,,,
3467,Bonedancer Bow,1824,223,0,0,0,0,0,0,0,0,0,0,0,0,0,0,0,5,1,7,0,0,0,0,0,0,0,0,0,0,0,0,0,0,0,0,0,0,0,0,0,,0,,,,,,,,,,,,,,,,,,,,,,,,,,,,,,,,,,,,,,,,,,,,,,,,,,,,,
3468,Bonedancer 2 handed axe,1825,217,0,0,0,0,0,0,0,0,0,0,0,0,0,1,0,2,0,4,0,0,0,0,0,0,0,0,0,0,0,0,0,0,0,0,0,0,0,0,0,,0,,,,,,,,,,,,,,,,,,,,,,,,,,,,,,,,,,,,,,,,,,,,,,,,,,,,,
3469,Bonedancer 1 handed axe,1826,200,0,0,0,0,0,0,0,0,0,0,0,0,0,1,0,1,0,4,0,0,0,0,0,0,0,0,0,0,0,0,0,0,0,0,0,0,0,0,0,0,0,,,,,,,,,,,,,,,,,,,,,,,,,,,,,,,,,,,,,,,,,,,,,,,,,,,,,
3470,Grain sack Prop,1827,135,0,0,0,0,0,0,0,0,0,0,0,0,0,0,0,0,0,0,0,0,0,0,0,0,0,0,0,0,0,0,0,0,0,0,0,0,0,0,0,0,0,,,,,,,,,,,,,,,,,,,,,,,,,,,,,,,,,,,,,,,,,,,,,,,,,,,,,
3471,Role Play Torch,1828,551,0,0,0,0,0,0,0,0,0,0,0,0,0,0,0,1,0,0,0,0,0,0,0,0,0,0,0,0,0,0,0,0,0,0,0,0,0,0,0,0,0,,,,,,,,,,,,,,,,,,,,,,,,,,,,,,,,,,,,,,,,,,,,,,,,,,,,,
3472,Role Play Quill,1829,581,0,0,0,0,0,0,0,0,0,0,0,0,0,0,0,1,0,0,0,0,0,0,0,0,0,0,0,0,0,0,0,0,0,0,0,0,0,0,0,0,0,,,,,,,,,,,,,,,,,,,,,,,,,,,,,,,,,,,,,,,,,,,,,,,,,,,,,
3473,Crate Prop,1830,552,0,0,0,0,0,0,0,0,0,0,0,0,0,0,0,0,0,0,0,0,0,0,0,0,0,0,0,0,0,0,0,0,0,0,0,0,0,0,0,0,0,,,,,,,,1,,,,,,,,,,,,,,,,,,,,,,,,,,,,,,,,,,,,,,,,,,,,,
3474,Chest Prop,1831,179,0,0,0,0,0,0,0,0,0,0,0,0,0,0,0,0,0,0,0,0,0,0,0,0,0,0,0,0,0,0,0,0,0,0,0,0,0,0,0,0,0,,,,,,,,1,,,,,,,,,,,,,,,,,,,,,,,,,,,,,,,,,,,,,,,,,,,,,
3475,Large Relic Cauldron,1832,550,0,0,0,0,0,0,0,0,0,0,0,0,0,0,0,0,0,0,0,0,0,0,0,0,0,0,0,0,0,0,0,0,0,0,0,0,0,0,0,,0,,,,,,,,,,,,,,,,,,,,,,,,,,,,,,,,,,,,,,,,,,,,,,,,,,,,,
3476,Fist Wrap - Small,1833,2547,0,0,0,0,0,0,0,0,0,0,0,0,0,0,0,13,0,25,0,0,0,0,0,0,0,0,0,0,0,0,0,0,0,0,0,0,0,0,0,,0,,,,,,,,,,,,,,,,,,,,,,,,,,,,,,,,,,,,,,,,,,,,,,,,,,100,1,,
3477,Fist Wrap - Med,1833,2547,0,0,0,0,0,0,0,0,0,0,0,0,0,0,0,13,0,25,0,0,0,0,0,0,0,0,0,0,0,0,0,0,0,0,0,0,0,0,0,,0,,,,,,,,,,,,,,,,,,,,,,,,,,,,,,,,,,,,,,,,,,,,,,,,,,150,1,,
3478,Fist Wrap - Large,1833,2547,0,0,0,0,0,0,0,0,0,0,0,0,0,0,0,13,0,25,0,0,0,0,0,0,0,0,0,0,0,0,0,0,0,0,0,0,0,0,0,,0,,,,,,,,,,,,,,,,,,,,,,,,,,,,,,,,,,,,,,,,,,,,,,,,,,200,1,,
3479,Lumber Prop,1835,194,0,0,0,0,0,0,0,0,0,0,0,0,0,0,0,0,0,0,0,0,0,0,0,0,0,0,0,0,0,0,0,0,0,0,0,0,0,0,0,0,0,,,,,,,,1,,,,,,,,,,,,,,,,,,,,,,,,,,,,,,,,,,,,,,,,,,,,,
3480,Haystack Prop,1834,1,0,0,0,0,0,0,0,0,0,0,0,0,0,0,0,0,0,0,0,0,0,0,0,0,0,0,0,0,0,0,0,0,0,0,0,0,0,0,0,0,0,,,,,,,,1,,,,,,,,,,,,,,,,,,,,,,,,,,,,,,,,,,,,,,,,,,,,,
3481,Angel Statue Prop,1836,543,0,0,0,0,0,0,0,0,0,0,0,0,0,0,0,0,0,0,0,0,0,0,0,0,0,0,0,0,0,0,0,0,0,0,0,0,0,0,0,0,0,,,,,,,,1,,,,,,,,,,,,,,,,,,,,,,,,,,,,,,,,,,,,,,,,,,,,,
3482,Dirt Prop,1837,515,0,0,0,0,0,0,0,0,0,0,0,0,0,0,0,0,0,0,0,0,0,0,0,0,0,0,0,0,0,0,0,0,0,0,0,0,0,0,0,0,0,,,,,,,,1,,,,,,,,,,,,,,,,,,,,,,,,,,,,,,,,,,,,,,,,,,,,,
3483,Cart Prop,1850,1,0,0,0,0,0,0,0,0,0,0,0,0,0,0,0,0,0,0,0,0,0,0,0,0,0,0,0,0,0,0,0,0,0,0,0,0,0,0,0,0,0,,,,,,,,1,,,,,,,,,,,,,,,,,,,,,,,,,,,,,,,,,,,,,,,,,,,,,
3484,Relic Staff of Unity,1838,2858,0,0,0,0,0,0,0,0,0,0,0,0,0,0,0,0,0,0,0,0,0,0,0,0,0,0,0,0,0,0,0,0,0,0,0,0,0,0,0,0,0,,,,,,,,,,,140,,,,,,,,,,,,,,,,,,,,,,,,,,,,,,,,,,,,,,,,,,
3485,Relic Scroll of Unity,1838,2878,0,0,0,0,0,0,0,0,0,0,0,0,0,0,0,0,0,0,0,0,0,0,0,0,0,0,0,0,0,0,0,0,0,0,0,0,0,0,0,0,0,,,,,,,,,,,141,,,,,,,,,,,,,,,,,,,,,,,,,,,,,,,,,,,,,,,,,,
3486,Relic Health Brazier,1838,2872,0,0,0,0,0,0,0,0,0,0,0,0,0,0,0,0,0,0,0,0,0,0,0,0,0,0,0,0,0,0,0,0,0,0,0,0,0,0,0,0,0,,,,,,,,,,,142,,,,,,,,,,,,,,,,,,,,,,,,,,,,,,,,,,,,,,,,,,
3487,Relic Health Amulet,1838,2871,0,0,0,0,0,0,0,0,0,0,0,0,0,0,0,0,0,0,0,0,0,0,0,0,0,0,0,0,0,0,0,0,0,0,0,0,0,0,0,0,0,,,,,,,,,,,132,,,,,,,,,,,,,,,,,,,,,,,,,,,,,,,,,,,,,,,,,,
3488,Relic Earth Runestone,1838,2861,0,0,0,0,0,0,0,0,0,0,0,0,0,0,0,0,0,0,0,0,0,0,0,0,0,0,0,0,0,0,0,0,0,0,0,0,0,0,0,0,0,,,,,,,,,,,133,,,,,,,,,,,,,,,,,,,,,,,,,,,,,,,,,,,,,,,,,,
3489,Relic Earth Razestone,1838,2869,0,0,0,0,0,0,0,0,0,0,0,0,0,0,0,0,0,0,0,0,0,0,0,0,0,0,0,0,0,0,0,0,0,0,0,0,0,0,0,0,0,,,,,,,,,,,134,,,,,,,,,,,,,,,,,,,,,,,,,,,,,,,,,,,,,,,,,,
3490,Relic Death Skull,1838,2868,0,0,0,0,0,0,0,0,0,0,0,0,0,0,0,0,0,0,0,0,0,0,0,0,0,0,0,0,0,0,0,0,0,0,0,0,0,0,0,0,0,,,,,,,,,,,135,,,,,,,,,,,,,,,,,,,,,,,,,,,,,,,,,,,,,,,,,,
3491,Relic Death Mask,1838,2867,0,0,0,0,0,0,0,0,0,0,0,0,0,0,0,0,0,0,0,0,0,0,0,0,0,0,0,0,0,0,0,0,0,0,0,0,0,0,0,0,0,,,,,,,,,,,136,,,,,,,,,,,,,,,,,,,,,,,,,,,,,,,,,,,,,,,,,,
3492,Relic Death Blade,1838,2864,0,0,0,0,0,0,0,0,0,0,0,0,0,0,0,0,0,0,0,0,0,0,0,0,0,0,0,0,0,0,0,0,0,0,0,0,0,0,0,0,0,,,,,,,,,,,137,,,,,,,,,,,,,,,,,,,,,,,,,,,,,,,,,,,,,,,,,,
3493,Relic Artisan Shield,1838,2860,0,0,0,0,0,0,0,0,0,0,0,0,0,0,0,0,0,0,0,0,0,0,0,0,0,0,0,0,0,0,0,0,0,0,0,0,0,0,0,0,0,,,,,,,,,,,138,,,,,,,,,,,,,,,,,,,,,,,,,,,,,,,,,,,,,,,,,,
3494,Relic Artisan Gear,1838,2863,0,0,0,0,0,0,0,0,0,0,0,0,0,0,0,0,0,0,0,0,0,0,0,0,0,0,0,0,0,0,0,0,0,0,0,0,0,0,0,0,0,,,,,,,,,,,139,,,,,,,,,,,,,,,,,,,,,,,,,,,,,,,,,,,,,,,,,,
3495,Relic Forge Flame,1838,2879,0,0,0,0,0,0,0,0,0,0,0,0,0,0,0,0,0,0,0,0,0,0,0,0,0,0,0,0,0,0,0,0,0,0,0,0,0,0,0,0,0,,,,,,,,,,,143,,,,,,,,,,,,,,,,,,,,,,,,,,,,,,,,,,,,,,,,,,
3496,Relic Ruler Bracer,1838,2873,0,0,0,0,0,0,0,0,0,0,0,0,0,0,0,0,0,0,0,0,0,0,0,0,0,0,0,0,0,0,0,0,0,0,0,0,0,0,0,0,0,,,,,,,,,,,144,,,,,,,,,,,,,,,,,,,,,,,,,,,,,,,,,,,,,,,,,,
3497,Relic Storm Orrery,1838,2875,0,0,0,0,0,0,0,0,0,0,0,0,0,0,0,0,0,0,0,0,0,0,0,0,0,0,0,0,0,0,0,0,0,0,0,0,0,0,0,0,0,,,,,,,,,,,145,,,,,,,,,,,,,,,,,,,,,,,,,,,,,,,,,,,,,,,,,,
3498,Relic Storm Palantir,1838,2877,0,0,0,0,0,0,0,0,0,0,0,0,0,0,0,0,0,0,0,0,0,0,0,0,0,0,0,0,0,0,0,0,0,0,0,0,0,0,0,0,0,,,,,,,,,,,146,,,,,,,,,,,,,,,,,,,,,,,,,,,,,,,,,,,,,,,,,,
3499,Relic Forge Anvil,1838,2870,0,0,0,0,0,0,0,0,0,0,0,0,0,0,0,0,0,0,0,0,0,0,0,0,0,0,0,0,0,0,0,0,0,0,0,0,0,0,0,0,0,,,,,,,,,,,147,,,,,,,,,,,,,,,,,,,,,,,,,,,,,,,,,,,,,,,,,,
3500,Relic Cow Bell,1838,2866,0,0,0,0,0,0,0,0,0,0,0,0,0,0,0,0,0,0,0,0,0,0,0,0,0,0,0,0,0,0,0,0,0,0,0,0,0,0,0,0,0,,,,,,,,,,,148,,,,,,,,,,,,,,,,,,,,,,,,,,,,,,,,,,,,,,,,,,
3501,Lab Bronze_statue_broken_01,1839,543,0,0,0,0,0,0,0,0,0,0,0,0,0,0,0,0,0,0,0,0,0,0,0,0,0,0,0,0,0,0,0,0,0,0,0,0,0,0,0,0,0,,,,,,,,1,,,,,,,,,,,,,,,,,,,,,,,,,,,,,,,,,,,,,,,,,,,,,
3502,Lab Bronze_statue_broken_02,1840,543,0,0,0,0,0,0,0,0,0,0,0,0,0,0,0,0,0,0,0,0,0,0,0,0,0,0,0,0,0,0,0,0,0,0,0,0,0,0,0,0,0,,,,,,,,1,,,,,,,,,,,,,,,,,,,,,,,,,,,,,,,,,,,,,,,,,,,,,
3503,Lab Bronze_statue_broken_03,1841,543,0,0,0,0,0,0,0,0,0,0,0,0,0,0,0,0,0,0,0,0,0,0,0,0,0,0,0,0,0,0,0,0,0,0,0,0,0,0,0,0,0,,,,,,,,1,,,,,,,,,,,,,,,,,,,,,,,,,,,,,,,,,,,,,,,,,,,,,
3504,Lab Bronze_statue_broken_04,1842,543,0,0,0,0,0,0,0,0,0,0,0,0,0,0,0,0,0,0,0,0,0,0,0,0,0,0,0,0,0,0,0,0,0,0,0,0,0,0,0,0,0,,,,,,,,1,,,,,,,,,,,,,,,,,,,,,,,,,,,,,,,,,,,,,,,,,,,,,
3505,Lab Bronze_statue_broken_05,1843,543,0,0,0,0,0,0,0,0,0,0,0,0,0,0,0,0,0,0,0,0,0,0,0,0,0,0,0,0,0,0,0,0,0,0,0,0,0,0,0,0,0,,,,,,,,1,,,,,,,,,,,,,,,,,,,,,,,,,,,,,,,,,,,,,,,,,,,,,
3506,Lab Bronze_statue_broken_06,1844,543,0,0,0,0,0,0,0,0,0,0,0,0,0,0,0,0,0,0,0,0,0,0,0,0,0,0,0,0,0,0,0,0,0,0,0,0,0,0,0,0,0,,,,,,,,1,,,,,,,,,,,,,,,,,,,,,,,,,,,,,,,,,,,,,,,,,,,,,
3507,Lab Bronze_statue_broken_05,1845,543,0,0,0,0,0,0,0,0,0,0,0,0,0,0,0,0,0,0,0,0,0,0,0,0,0,0,0,0,0,0,0,0,0,0,0,0,0,0,0,0,0,,,,,,,,1,,,,,,,,,,,,,,,,,,,,,,,,,,,,,,,,,,,,,,,,,,,,,
3508,Lab Bronze_statue_broken_06,1846,543,0,0,0,0,0,0,0,0,0,0,0,0,0,0,0,0,0,0,0,0,0,0,0,0,0,0,0,0,0,0,0,0,0,0,0,0,0,0,0,0,0,,,,,,,,1,,,,,,,,,,,,,,,,,,,,,,,,,,,,,,,,,,,,,,,,,,,,,
3509,Lab Bronze_statue_broken_no_base_01,1847,543,0,0,0,0,0,0,0,0,0,0,0,0,0,0,0,0,0,0,0,0,0,0,0,0,0,0,0,0,0,0,0,0,0,0,0,0,0,0,0,0,0,,,,,,,,1,,,,,,,,,,,,,,,,,,,,,,,,,,,,,,,,,,,,,,,,,,,,,
3510,Lab Bronze_statue_broken_no_base_02,1848,543,0,0,0,0,0,0,0,0,0,0,0,0,0,0,0,0,0,0,0,0,0,0,0,0,0,0,0,0,0,0,0,0,0,0,0,0,0,0,0,0,0,,,,,,,,1,,,,,,,,,,,,,,,,,,,,,,,,,,,,,,,,,,,,,,,,,,,,,
3511,Lab Bronze_statue_broken_no_base_03,1849,543,0,0,0,0,0,0,0,0,0,0,0,0,0,0,0,0,0,0,0,0,0,0,0,0,0,0,0,0,0,0,0,0,0,0,0,0,0,0,0,0,0,,,,,,,,1,,,,,,,,,,,,,,,,,,,,,,,,,,,,,,,,,,,,,,,,,,,,,
3512,Shrub Prop,1851,517,0,0,0,0,0,0,0,0,0,0,0,0,0,0,0,0,0,0,0,1,0,0,0,0,0,0,0,0,0,0,0,0,0,0,0,0,0,0,0,0,0,,,,,,,,1,,,,,,,,,,,,,,,,,,,,,,,,,,,,,,,,,,,,,,,,,,,,,
3513,Bronze_statue_01,1852,543,0,0,0,0,0,0,0,0,0,0,0,0,0,0,0,0,0,0,0,0,0,0,0,0,0,0,0,0,0,0,0,0,0,0,0,0,0,0,0,0,0,,,,,,,,1,,,,,,,,,,,,,,,,,,,,,,,,,,,,,,,,,,,,,,,,,,,,,
3514,Bronze_statue_02,1853,543,0,0,0,0,0,0,0,0,0,0,0,0,0,0,0,0,0,0,0,0,0,0,0,0,0,0,0,0,0,0,0,0,0,0,0,0,0,0,0,0,0,,,,,,,,1,,,,,,,,,,,,,,,,,,,,,,,,,,,,,,,,,,,,,,,,,,,,,
3515,Bronze_statue_03,1854,543,0,0,0,0,0,0,0,0,0,0,0,0,0,0,0,0,0,0,0,0,0,0,0,0,0,0,0,0,0,0,0,0,0,0,0,0,0,0,0,0,0,,,,,,,,1,,,,,,,,,,,,,,,,,,,,,,,,,,,,,,,,,,,,,,,,,,,,,
3516,Bronze_statue_04,1855,543,0,0,0,0,0,0,0,0,0,0,0,0,0,0,0,0,0,0,0,0,0,0,0,0,0,0,0,0,0,0,0,0,0,0,0,0,0,0,0,0,0,,,,,,,,1,,,,,,,,,,,,,,,,,,,,,,,,,,,,,,,,,,,,,,,,,,,,,
3517,Bronze_statue_05,1856,543,0,0,0,0,0,0,0,0,0,0,0,0,0,0,0,0,0,0,0,0,0,0,0,0,0,0,0,0,0,0,0,0,0,0,0,0,0,0,0,0,0,,,,,,,,1,,,,,,,,,,,,,,,,,,,,,,,,,,,,,,,,,,,,,,,,,,,,,
3518,Bronze_statue_06,1857,543,0,0,0,0,0,0,0,0,0,0,0,0,0,0,0,0,0,0,0,0,0,0,0,0,0,0,0,0,0,0,0,0,0,0,0,0,0,0,0,0,0,,,,,,,,1,,,,,,,,,,,,,,,,,,,,,,,,,,,,,,,,,,,,,,,,,,,,,
3519,Bronze_statue_07,1858,543,0,0,0,0,0,0,0,0,0,0,0,0,0,0,0,0,0,0,0,0,0,0,0,0,0,0,0,0,0,0,0,0,0,0,0,0,0,0,0,0,0,,,,,,,,1,,,,,,,,,,,,,,,,,,,,,,,,,,,,,,,,,,,,,,,,,,,,,
3520,Bronze_statue_08,1859,543,0,0,0,0,0,0,0,0,0,0,0,0,0,0,0,0,0,0,0,0,0,0,0,0,0,0,0,0,0,0,0,0,0,0,0,0,0,0,0,0,0,,,,,,,,1,,,,,,,,,,,,,,,,,,,,,,,,,,,,,,,,,,,,,,,,,,,,,
3521,Bronze_statue_09,1860,543,0,0,0,0,0,0,0,0,0,0,0,0,0,0,0,0,0,0,0,0,0,0,0,0,0,0,0,0,0,0,0,0,0,0,0,0,0,0,0,0,0,,,,,,,,1,,,,,,,,,,,,,,,,,,,,,,,,,,,,,,,,,,,,,,,,,,,,,
3522,Bronze_statue_no_base_01,1861,543,0,0,0,0,0,0,0,0,0,0,0,0,0,0,0,0,0,0,0,0,0,0,0,0,0,0,0,0,0,0,0,0,0,0,0,0,0,0,0,0,0,,,,,,,,1,,,,,,,,,,,,,,,,,,,,,,,,,,,,,,,,,,,,,,,,,,,,,
3523,Bronze_statue_no_base_02,1862,543,0,0,0,0,0,0,0,0,0,0,0,0,0,0,0,0,0,0,0,0,0,0,0,0,0,0,0,0,0,0,0,0,0,0,0,0,0,0,0,0,0,,,,,,,,1,,,,,,,,,,,,,,,,,,,,,,,,,,,,,,,,,,,,,,,,,,,,,
3524,Bronze_statue_no_base_03,1863,543,0,0,0,0,0,0,0,0,0,0,0,0,0,0,0,0,0,0,0,0,0,0,0,0,0,0,0,0,0,0,0,0,0,0,0,0,0,0,0,0,0,,,,,,,,1,,,,,,,,,,,,,,,,,,,,,,,,,,,,,,,,,,,,,,,,,,,,,
3525,Bronze_statue_no_base_04,1864,543,0,0,0,0,0,0,0,0,0,0,0,0,0,0,0,0,0,0,0,0,0,0,0,0,0,0,0,0,0,0,0,0,0,0,0,0,0,0,0,0,0,,,,,,,,1,,,,,,,,,,,,,,,,,,,,,,,,,,,,,,,,,,,,,,,,,,,,,
3526,Bronze_statue_no_base_05,1865,543,0,0,0,0,0,0,0,0,0,0,0,0,0,0,0,0,0,0,0,0,0,0,0,0,0,0,0,0,0,0,0,0,0,0,0,0,0,0,0,0,0,,,,,,,,1,,,,,,,,,,,,,,,,,,,,,,,,,,,,,,,,,,,,,,,,,,,,,
3527,Bronze_statue_no_base_06,1866,543,0,0,0,0,0,0,0,0,0,0,0,0,0,0,0,0,0,0,0,0,0,0,0,0,0,0,0,0,0,0,0,0,0,0,0,0,0,0,0,0,0,,,,,,,,1,,,,,,,,,,,,,,,,,,,,,,,,,,,,,,,,,,,,,,,,,,,,,
3528,Bronze_statue_no_base_07,1867,543,0,0,0,0,0,0,0,0,0,0,0,0,0,0,0,0,0,0,0,0,0,0,0,0,0,0,0,0,0,0,0,0,0,0,0,0,0,0,0,0,0,,,,,,,,1,,,,,,,,,,,,,,,,,,,,,,,,,,,,,,,,,,,,,,,,,,,,,
3529,Bronze_statue_no_base_08,1868,543,0,0,0,0,0,0,0,0,0,0,0,0,0,0,0,0,0,0,0,0,0,0,0,0,0,0,0,0,0,0,0,0,0,0,0,0,0,0,0,0,0,,,,,,,,1,,,,,,,,,,,,,,,,,,,,,,,,,,,,,,,,,,,,,,,,,,,,,
3530,Bronze_statue_no_base_09,1869,543,0,0,0,0,0,0,0,0,0,0,0,0,0,0,0,0,0,0,0,0,0,0,0,0,0,0,0,0,0,0,0,0,0,0,0,0,0,0,0,0,0,,,,,,,,1,,,,,,,,,,,,,,,,,,,,,,,,,,,,,,,,,,,,,,,,,,,,,
3531,Bronze_statue_rubble_01,1870,543,0,0,0,0,0,0,0,0,0,0,0,0,0,0,0,0,0,0,0,0,0,0,0,0,0,0,0,0,0,0,0,0,0,0,0,0,0,0,0,0,0,,,,,,,,1,,,,,,,,,,,,,,,,,,,,,,,,,,,,,,,,,,,,,,,,,,,,,
3532,Bronze_statue_rubble_02,1871,543,0,0,0,0,0,0,0,0,0,0,0,0,0,0,0,0,0,0,0,0,0,0,0,0,0,0,0,0,0,0,0,0,0,0,0,0,0,0,0,0,0,,,,,,,,1,,,,,,,,,,,,,,,,,,,,,,,,,,,,,,,,,,,,,,,,,,,,,
3533,Bronze_statue_rubble_03,1872,543,0,0,0,0,0,0,0,0,0,0,0,0,0,0,0,0,0,0,0,0,0,0,0,0,0,0,0,0,0,0,0,0,0,0,0,0,0,0,0,0,0,,,,,,,,1,,,,,,,,,,,,,,,,,,,,,,,,,,,,,,,,,,,,,,,,,,,,,
3534,Bronze_statue_rubble_04,1873,543,0,0,0,0,0,0,0,0,0,0,0,0,0,0,0,0,0,0,0,0,0,0,0,0,0,0,0,0,0,0,0,0,0,0,0,0,0,0,0,0,0,,,,,,,,1,,,,,,,,,,,,,,,,,,,,,,,,,,,,,,,,,,,,,,,,,,,,,
3535,Relic Ruler Wreath,1838,2876,0,0,0,0,0,0,0,0,0,0,0,0,0,0,0,0,0,0,0,0,0,0,0,0,0,0,0,0,0,0,0,0,0,0,0,0,0,0,0,0,0,,,,,,,,,,,150,,,,,,,,,,,,,,,,,,,,,,,,,,,,,,,,,,,,,,,,,,
3536,Skeleton Prop,1874,1,0,0,0,0,0,0,0,0,0,0,0,0,0,0,0,0,0,0,0,0,0,0,0,0,0,0,0,0,0,0,0,0,0,0,0,0,0,0,0,0,0,,,,,,,,1,,,,,,,,,,,,,,,,,,,,,,,,,,,,,,,,,,,,,,,,,,,,,
3537,Relic Battle Trident,1838,2859,0,0,0,0,0,0,0,0,0,0,0,0,0,0,0,0,0,0,0,0,0,0,0,0,0,0,0,0,0,0,0,0,0,0,0,0,0,0,0,0,0,,,,,,,,,,,151,,,,,,,,,,,,,,,,,,,,,,,,,,,,,,,,,,,,,,,,,,
3538,Relic Battle Statue,1838,2865,0,0,0,0,0,0,0,0,0,0,0,0,0,0,0,0,0,0,0,0,0,0,0,0,0,0,0,0,0,0,0,0,0,0,0,0,0,0,0,0,0,,,,,,,,,,,152,,,,,,,,,,,,,,,,,,,,,,,,,,,,,,,,,,,,,,,,,,
3539,Relic Ruler Statue,1838,2874,0,0,0,0,0,0,0,0,0,0,0,0,0,0,0,0,0,0,0,0,0,0,0,0,0,0,0,0,0,0,0,0,0,0,0,0,0,0,0,0,0,,,,,,,,,,,153,,,,,,,,,,,,,,,,,,,,,,,,,,,,,,,,,,,,,,,,,,
3540,06Roundtable Item,1,544,0,0,0,0,0,0,0,0,0,0,0,0,0,0,0,0,0,0,0,0,0,0,0,0,0,0,0,0,0,0,0,0,1875,0,0,0,0,0,0,1,0,,,,,,,,,,,,,,,,,,,,,,,,,,,,,,,,,,,,,,,,,,,,,,,,,,,,,
3541,Labyrinth Teleporter,1876,1,0,0,0,0,0,0,0,0,0,0,0,0,0,0,0,0,0,0,0,0,0,0,0,0,0,0,0,0,0,0,0,0,0,0,0,0,0,0,0,0,0,,,,,,,,1,,,83,,,,,,,,,,,,,,,,,,,,,,,,,,,,,,,,,,,,,,,,,,
3542,Labyrinth Broken Teleporter,1877,1,0,0,0,0,0,0,0,0,0,0,0,0,0,0,0,0,0,0,0,0,0,0,0,0,0,0,0,0,0,0,0,0,0,0,0,0,0,0,0,0,0,,,,,,,,1,,,,,,,,,,,,,,,,,,,,,,,,,,,,,,,,,,,,,,,,,,,,,
3543,Large Rockpile Prop,1878,1,0,0,0,0,0,0,0,0,0,0,0,0,0,0,0,0,0,0,0,0,0,0,0,0,0,0,0,0,0,0,0,0,0,0,0,0,0,0,0,0,0,,,,,,,,1,,,,,,,,,,,,,,,,,,,,,,,,,,,,,,,,,,,,,,,,,,,,,
3544,Small Rockpile Prop,1879,1,0,0,0,0,0,0,0,0,0,0,0,0,0,0,0,0,0,0,0,0,0,0,0,0,0,0,0,0,0,0,0,0,0,0,0,0,0,0,0,0,0,,,,,,,,1,,,,,,,,,,,,,,,,,,,,,,,,,,,,,,,,,,,,,,,,,,,,,
3545,Relic Warhorn,1838,2862,0,0,0,0,0,0,0,0,0,0,0,0,0,0,0,0,0,0,0,0,0,0,0,0,0,0,0,0,0,0,0,0,0,0,0,0,0,0,0,0,0,,,,,,,,,,,154,,,,,,,,,,,,,,,,,,,,,,,,,,,,,,,,,,,,,,,,,,
3546,Relic Pedestal Minotaur,1880,1,0,0,0,0,0,0,0,0,0,0,0,0,0,0,0,0,0,0,0,0,0,0,0,0,0,0,0,0,0,0,0,0,0,0,0,0,0,0,0,0,0,,,,,,,,1,,,,,,,,,,,,,,,,,,,,,,,,,,,,,,,,,,,,,,,,,,,,,
3547,Relic Pedestal Overland,1881,1,0,0,0,0,0,0,0,0,0,0,0,0,0,0,0,0,0,0,0,0,0,0,0,0,0,0,0,0,0,0,0,0,0,0,0,0,0,0,0,0,0,,,,,,,,1,,,,,,,,,,,,,,,,,,,,,,,,,,,,,,,,,,,,,,,,,,,,,
3548,Hib Mauler Champion Staff,1882,209,0,0,0,0,0,0,0,0,0,0,0,0,0,0,0,4,1,6,0,0,0,0,0,0,0,0,0,0,0,0,0,0,0,0,0,0,0,0,0,,0,,,,,,,,,,,,,,,,,,,,,,,,,,,,,,,,,,,,,,,,,,,,,,,,,381,,,,
3549,Fire Effect,1064,1,0,0,0,0,0,0,0,0,0,0,0,0,0,0,0,0,0,0,0,0,0,0,0,0,0,0,0,0,0,0,0,0,0,0,0,0,0,0,0,0,0,,,,,,,,,,,155,,,,,,,,,,,,,,,,,,,,,,,,,,,,,,,,,,,,,,,,,,
3550,Hib Mauler Champion Glove,1883,2546,0,0,0,0,0,0,0,0,0,0,0,0,0,0,1,13,0,1,0,0,0,0,0,0,0,0,0,0,0,0,0,0,0,0,0,0,0,0,0,,0,,,,,,,,,,,,,,,,,,,,,,,,,,,,,,,,,,,,,,,,,,,,,,,,,384,,,,
3551,Mythical Slot Item Tier 1,1,2856,0,0,0,0,0,0,0,0,0,0,0,0,0,0,0,0,0,0,0,0,0,0,0,0,0,0,0,0,0,0,0,0,0,0,0,0,0,0,0,,0,,,,,,,,,,,,,,,,,,,,,,,,,,,,,,,,,,,,,,,,,,,,,,,,,,,,,
3552,Mythical Slot Item Tier 2,1,2857,0,0,0,0,0,0,0,0,0,0,0,0,0,0,0,0,0,0,0,0,0,0,0,0,0,0,0,0,0,0,0,0,0,0,0,0,0,0,0,,0,,,,,,,,,,,,,,,,,,,,,,,,,,,,,,,,,,,,,,,,,,,,,,,,,,,,,
3553,Mythical Slot Item Tier 3,1,2855,0,0,0,0,0,0,0,0,0,0,0,0,0,0,0,0,0,0,0,0,0,0,0,0,0,0,0,0,0,0,0,0,0,0,0,0,0,0,0,,0,,,,,,,,,,,,,,,,,,,,,,,,,,,,,,,,,,,,,,,,,,,,,,,,,,,,,
3554,Clockwork MinoSkull Shield,1884,226,0,0,0,0,0,0,0,0,0,0,0,0,0,0,1,0,0,1,0,0,0,0,0,0,0,0,0,0,0,0,0,0,0,0,0,0,0,0,0,,0,,,,,,,,,,,,,,,,,,,,,,,,,,,,,,,,,,,,,,,,,,,,,,,,1,,,,,
3555,Trophy Agramon,1,544,0,0,0,0,0,0,0,0,0,0,0,0,0,0,0,0,0,0,0,0,0,0,0,0,0,0,0,0,0,0,0,0,1885,0,0,0,0,0,0,1,0,,,,,,,,,,,,,,,,,,,,,,,,,,,,,,,,,,,,,,,,,,,,,,,,,,,,,
3556,Trophy Cerberus,1,544,0,0,0,0,0,0,0,0,0,0,0,0,0,0,0,0,0,0,0,0,0,0,0,0,0,0,0,0,0,0,0,0,1886,0,0,0,0,0,0,1,0,,,,,,,,,,,,,,,,,,,,,,,,,,,,,,,,,,,,,,,,,,,,,,,,,,,,,
3557,Trophy Mino Construct,1,543,0,0,0,0,0,0,0,0,0,0,0,0,0,0,0,0,0,0,0,0,0,0,0,0,0,0,0,0,0,0,0,0,1887,0,0,0,0,0,0,1,0,,,,,,,,,,,,,,,,,,,,,,,,,,,,,,,,,,,,,,,,,,,,,,,,,,,,,
3558,Trophy Goblin Chief,1,543,0,0,0,0,0,0,0,0,0,0,0,0,0,0,0,0,0,0,0,0,0,0,0,0,0,0,0,0,0,0,0,0,1888,0,0,0,0,0,0,1,0,,,,,,,,,,,,,,,,,,,,,,,,,,,,,,,,,,,,,,,,,,,,,,,,,,,,,
3559,Desk and Chair Prop,1889,1,0,0,0,0,0,0,0,0,0,0,0,0,0,0,0,0,0,0,0,0,0,0,0,0,0,0,0,0,0,0,0,0,0,0,0,0,0,0,0,0,0,,,,,,,,1,,,,,,,,,,,,,,,,,,,,,,,,,,,,,,,,,,,,,,,,,,,,,
3560,Hib Mauler Epic Vest,1,105,308,309,0,0,312,0,0,0,0,0,1,0,0,0,0,0,0,0,0,0,0,0,0,0,0,0,0,0,0,0,0,0,0,0,0,0,0,0,0,,0,,,,,,,,,,,,,,,,,,,,,1,5376,5375,,,,,,7,,,1,1,,,,,,,,,,,,,,,,,,,,
3561,Hib Mauler Epic Legs,1,121,0,0,0,0,0,313,0,0,0,0,0,0,0,0,0,0,0,0,0,0,0,0,0,0,0,0,0,0,0,0,0,0,0,0,0,0,0,0,0,,0,,,,,,,,,,,,,,,,,,,,,1,,,,,5373,,,,,,,,,,,,,,,,,,,,,,,,,,,
3562,Hib Mauler Epic Arms,1,111,0,0,310,0,0,0,0,0,0,0,0,0,0,0,0,0,0,0,0,0,0,0,0,0,0,0,0,0,0,0,0,0,0,0,0,0,0,0,0,,0,,,,,,,,,,,,,,,,,,,,,1,,,5374,,,,,,,,,,,,,,,,,,,,,,,,,,,,,
3563,Hib Mauler Epic Gloves,1,115,0,0,0,311,0,0,0,0,0,0,0,0,0,0,0,0,0,0,0,0,0,0,0,0,0,0,0,0,0,0,0,0,0,0,0,0,0,0,0,,0,,,,,,,,,,,,,,,,,,,,,1,,,,5372,,,,,7,,,,,,,,,,,,,,,,,,,,,,,
3564,Hib Mauler Epic Boots,1,125,0,0,0,0,0,0,307,0,0,0,0,0,0,0,0,0,0,0,0,0,0,0,0,0,0,0,0,0,0,0,0,0,0,0,0,0,0,0,0,,0,,,,,,,,,,,,,,,,,,,,,1,,,,,,5377,,,,7,,,,,,,,,,,,,,,,,,,,,,
3565,Alb Mauler Champion Staff,1891,209,0,0,0,0,0,0,0,0,0,0,0,0,0,0,0,4,1,6,0,0,0,0,0,0,0,0,0,0,0,0,0,0,0,0,0,0,0,0,0,,0,,,,,,,,,,,,,,,,,,,,,,,,,,,,,,,,,,,,,,,,,,,,,,,,,380,,,,
3566,Alb Mauler Champion Glove,1890,2546,0,0,0,0,0,0,0,0,0,0,0,0,0,0,1,13,0,1,0,0,0,0,0,0,0,0,0,0,0,0,0,0,0,0,0,0,0,0,0,,0,,,,,,,,,,,,,,,,,,,,,,,,,,,,,,,,,,,,,,,,,,,,,,,,,385,,,,
3567,Mid Mauler Champion Staff,1892,209,0,0,0,0,0,0,0,0,0,0,0,0,0,0,0,4,1,6,0,0,0,0,0,0,0,0,0,0,0,0,0,0,0,0,0,0,0,0,0,,0,,,,,,,,,,,,,,,,,,,,,,,,,,,,,,,,,,,,,,,,,,,,,,,,,382,,,,
3568,Mid Mauler Champion Glove,1893,2546,0,0,0,0,0,0,0,0,0,0,0,0,0,0,1,13,0,1,0,0,0,0,0,0,0,0,0,0,0,0,0,0,0,0,0,0,0,0,0,,0,,,,,,,,,,,,,,,,,,,,,,,,,,,,,,,,,,,,,,,,,,,,,,,,,383,,,,
3569,Destroyed Desk and Chair Prop,1894,1,0,0,0,0,0,0,0,0,0,0,0,0,0,0,0,0,0,0,0,0,0,0,0,0,0,0,0,0,0,0,0,0,0,0,0,0,0,0,0,0,0,,,,,,,,1,,,,,,,,,,,,,,,,,,,,,,,,,,,,,,,,,,,,,,,,,,,,,
3570,Mid Mauler Epic Vest,1,105,308,309,0,0,312,0,0,0,0,0,1,0,0,0,0,0,0,0,0,0,0,0,0,0,0,0,0,0,0,0,0,0,0,0,0,0,0,0,0,,0,,,,,,,,,,,,,,,,,,,,,1,5380,5379,,,,,,7,,,1,1,,,,,,,,,,,,,,,,,,,,
3571,Mid Mauler Epic Legs,1,121,0,0,0,0,0,313,0,0,0,0,0,0,0,0,0,0,0,0,0,0,0,0,0,0,0,0,0,0,0,0,0,0,0,0,0,0,0,0,0,,0,,,,,,,,,,,,,,,,,,,,,1,,,,,5383,,,,,,,,,,,,,,,,,,,,,,,,,,,
3572,Mid Mauler Epic Arms,1,111,0,0,310,0,0,0,0,0,0,0,0,0,0,0,0,0,0,0,0,0,0,0,0,0,0,0,0,0,0,0,0,0,0,0,0,0,0,0,0,,0,,,,,,,,,,,,,,,,,,,,,1,,,5378,,,,,,,,,,,,,,,,,,,,,,,,,,,,,
3573,Mid Mauler Epic Gloves,1,115,0,0,0,311,0,0,0,0,0,0,0,0,0,0,0,0,0,0,0,0,0,0,0,0,0,0,0,0,0,0,0,0,0,0,0,0,0,0,0,,0,,,,,,,,,,,,,,,,,,,,,1,,,,5382,,,,,7,,,,,,,,,,,,,,,,,,,,,,,
3574,Mid Mauler Epic Boots,1,125,0,0,0,0,0,0,307,0,0,0,0,0,0,0,0,0,0,0,0,0,0,0,0,0,0,0,0,0,0,0,0,0,0,0,0,0,0,0,0,,0,,,,,,,,,,,,,,,,,,,,,1,,,,,,5381,,,,7,,,,,,,,,,,,,,,,,,,,,,
3575,Serpent Fist Wrap,1021,2854,0,0,0,0,0,0,0,0,0,0,0,0,0,0,1,13,0,25,2063,0,0,0,0,0,0,0,0,0,0,0,0,0,0,0,0,0,0,0,0,,0,,,,,,,,,,,,,,,,,,,,,,,,,,,,,,,,,,,,,,,,,,,,,,,,,,,,,
3576,FistWrapGreave Air,1833,2542,0,0,0,0,0,0,0,0,0,0,0,0,0,0,0,13,0,25,0,0,0,0,0,0,0,0,0,0,0,0,0,0,0,0,0,0,0,0,0,,0,,,,,,,,,,,,,,,,,,,,,,,,,,,,,,,,,,,,,,,,,,,,,,,,,,150,1,,
3577,FistWrapGreave Earth,1833,2543,0,0,0,0,0,0,0,0,0,0,0,0,0,0,0,13,0,25,0,0,0,0,0,0,0,0,0,0,0,0,0,0,0,0,0,0,0,0,0,,0,,,,,,,,,,,,,,,,,,,,,,,,,,,,,,,,,,,,,,,,,,,,,,,,,,150,1,,
3578,FistWrapGreave Fire,1833,2544,0,0,0,0,0,0,0,0,0,0,0,0,0,0,0,13,0,25,0,0,0,0,0,0,0,0,0,0,0,0,0,0,0,0,0,0,0,0,0,,0,,,,,,,,,,,,,,,,,,,,,,,,,,,,,,,,,,,,,,,,,,,,,,,,,,150,1,,
3579,FistWrapGreave Water,1833,2545,0,0,0,0,0,0,0,0,0,0,0,0,0,0,0,13,0,25,0,0,0,0,0,0,0,0,0,0,0,0,0,0,0,0,0,0,0,0,0,,0,,,,,,,,,,,,,,,,,,,,,,,,,,,,,,,,,,,,,,,,,,,,,,,,,,150,1,,
3580,Corrupt Leather Vest,1,105,301,302,0,0,305,0,0,0,0,0,1,1,0,0,0,0,0,0,0,0,0,0,0,0,0,0,0,0,0,0,0,0,0,0,0,0,0,0,0,,0,,,,,,,,,,,,,,,,,,,,,1,5392,5391,,,,,,,,,,,,,,,,,,,,,,,,,,,,,,
3581,Corrupt Leather Legs,1,121,0,0,0,0,0,306,0,0,0,0,0,0,0,0,0,0,0,0,0,0,0,0,0,0,0,0,0,0,0,0,0,0,0,0,0,0,0,0,0,,0,,,,,,,,,,,,,,,,,,,,,1,,,,,5395,,,,,,,,,,,,,,,,,,,,,,,,,,,
3582,Corrupt Leather Arms,1,111,0,0,303,0,0,0,0,0,0,0,0,0,0,0,0,0,0,0,0,0,0,0,0,0,0,0,0,0,0,0,0,0,0,0,0,0,0,0,0,,0,,,,,,,,,,,,,,,,,,,,,1,,,5390,,,,,,,,,,,,,,,,,,,,,,,,,,,,,
3583,Corrupt Leather Gloves,1,115,0,0,0,304,0,0,0,0,0,0,0,0,0,0,0,0,0,0,0,0,0,0,0,0,0,0,0,0,0,0,0,0,0,0,0,0,0,0,0,,0,,,,,,,,,,,,,,,,,,,,,1,,,,5394,,,,,2,,,,,,,,,,,,,,,,,,,,,,,
3584,Corrupt Leather Boots,1,125,0,0,0,0,0,0,307,0,0,0,0,0,0,0,0,0,0,0,0,0,0,0,0,0,0,0,0,0,0,0,0,0,0,0,0,0,0,0,0,,0,,,,,,,,,,,,,,,,,,,,,1,,,,,,5393,,,,2,,,,,,,,,,,,,,,,,,,,,,
3585,Corrupt Chain Vest,1,106,337,338,0,0,341,0,0,0,0,0,2,1,0,0,0,0,0,0,0,0,0,0,0,0,0,0,0,0,0,0,0,0,0,0,0,0,0,0,0,,0,,,,,,,,,,,,,,,,,,,,,1,5385,5384,,,,,,6,,,1,1,,,,,,,,,,,,,,,,,,,,
3586,Corrupt Chain Legs,1,122,0,0,0,0,0,342,0,0,0,0,0,0,0,0,0,0,0,0,0,0,0,0,0,0,0,0,0,0,0,0,0,0,0,0,0,0,0,0,0,,0,,,,,,,,,,,,,,,,,,,,,1,,,,,5388,,,,,,,,,,,,,,,,,,,,,,,,,,,
3587,Corrupt Chain Arms,1,112,0,0,339,0,0,0,0,0,0,0,0,0,0,0,0,0,0,0,0,0,0,0,0,0,0,0,0,0,0,0,0,0,0,0,0,0,0,0,0,,0,,,,,,,,,,,,,,,,,,,,,1,,,5389,,,,,,,,,,,,,,,,,,,,,,,,,,,,,
3588,Corrupt Chain Gloves,1,116,0,0,0,340,0,0,0,0,0,0,0,0,0,0,0,0,0,0,0,0,0,0,0,0,0,0,0,0,0,0,0,0,0,0,0,0,0,0,0,,0,,,,,,,,,,,,,,,,,,,,,1,,,,5387,,,,,2,,,,,,,,,,,,,,,,,,,,,,,
3589,Corrupt Chain Boots,1,126,0,0,0,0,0,0,343,0,0,0,0,0,0,0,0,0,0,0,0,0,0,0,0,0,0,0,0,0,0,0,0,0,0,0,0,0,0,0,0,,0,,,,,,,,,,,,,,,,,,,,,1,,,,,,5386,,,,2,,,,,,,,,,,,,,,,,,,,,,
3590,Corrupt Plate Chest,1,109,345,346,0,0,349,0,0,0,0,0,1,1,0,0,0,0,0,0,0,0,0,0,0,0,0,0,0,0,0,0,0,0,0,0,0,0,0,0,0,,0,,,,,,,,,,,,,,,,,,,,,1,5398,5397,,,,,,12,,,1,1,,,,,,,,,,,,,,,,,,,,
3591,Corrupt Plate Legs,1,123,0,0,0,0,0,350,0,0,0,0,0,0,0,0,0,0,0,0,0,0,0,0,0,0,0,0,0,0,0,0,0,0,0,0,0,0,0,0,0,,0,,,,,,,,,,,,,,,,,,,,,1,,,,,5401,,,,,,,,,,,,,,,,,,,,,,,,,,,
3592,Corrupt Plate Arms,1,113,0,0,347,0,0,0,0,0,0,0,0,0,0,0,0,0,0,0,0,0,0,0,0,0,0,0,0,0,0,0,0,0,0,0,0,0,0,0,0,,0,,,,,,,,,,,,,,,,,,,,,1,,,5396,,,,,,,,,,,,,,,,,,,,,,,,,,,,,
3593,Corrupt Plate Gloves,1,117,0,0,0,348,0,0,0,0,0,0,0,0,0,0,0,0,0,0,0,0,0,0,0,0,0,0,0,0,0,0,0,0,0,0,0,0,0,0,0,,0,,,,,,,,,,,,,,,,,,,,,1,,,,5400,,,,,4,,,,,,,,,,,,,,,,,,,,,,,
3594,Corrupt Plate Boots,1,127,0,0,0,0,0,0,351,0,0,0,0,0,0,0,0,0,0,0,0,0,0,0,0,0,0,0,0,0,0,0,0,0,0,0,0,0,0,0,0,,0,,,,,,,,,,,,,,,,,,,,,1,,,,,,5399,,,,4,,,,,,,,,,,,,,,,,,,,,,
3595,Corrupt Scale Vest,1,106,689,690,0,0,693,0,0,0,0,0,1,1,0,0,0,0,0,0,0,0,0,0,0,0,0,0,0,0,0,0,0,0,0,0,0,0,0,0,0,,0,,,,,,,,,,,,,,,,,,,,,1,5405,5404,,,,,,18,,,1,1,,,,,,,,,,,,,,,,,,,,
3596,Corrupt Scale Legs,1,122,0,0,0,0,0,694,0,0,0,0,0,0,0,0,0,0,0,0,0,0,0,0,0,0,0,0,0,0,0,0,0,0,0,0,0,0,0,0,0,,0,,,,,,,,,,,,,,,,,,,,,1,,,,,5408,,,,,,,,,,,,,,,,,,,,,,,,,,,
3597,Corrupt Scale Arms,1,112,0,0,691,0,0,0,0,0,0,0,0,0,0,0,0,0,0,0,0,0,0,0,0,0,0,0,0,0,0,0,0,0,0,0,0,0,0,0,0,,0,,,,,,,,,,,,,,,,,,,,,1,,,5409,,,,,,,,,,,,,,,,,,,,,,,,,,,,,
3598,Corrupt Scale Gloves,1,116,0,0,0,692,0,0,0,0,0,0,0,0,0,0,0,0,0,0,0,0,0,0,0,0,0,0,0,0,0,0,0,0,0,0,0,0,0,0,0,,0,,,,,,,,,,,,,,,,,,,,,1,,,,5407,,,,,6,,,,,,,,,,,,,,,,,,,,,,,
3599,Corrupt Scale Boots,1,126,0,0,0,0,0,0,695,0,0,0,0,0,0,0,0,0,0,0,0,0,0,0,0,0,0,0,0,0,0,0,0,0,0,0,0,0,0,0,0,,0,,,,,,,,,,,,,,,,,,,,,1,,,,,,5406,,,,6,,,,,,,,,,,,,,,,,,,,,,
3600,Corrupt studded Vest,1,161,330,331,0,0,334,0,0,0,0,0,2,1,0,0,0,0,0,0,0,0,0,0,0,0,0,0,0,0,0,0,0,0,0,0,0,0,0,0,0,,0,,,,,,,,,,,,,,,,,,,,,1,5412,5411,,,,,,19,,,1,1,,,,,,,,,,,,,,,,,,,,
3601,Corrupt studded Legs,1,166,0,0,0,0,0,335,0,0,0,0,0,0,0,0,0,0,0,0,0,0,0,0,0,0,0,0,0,0,0,0,0,0,0,0,0,0,0,0,0,,0,,,,,,,,,,,,,,,,,,,,,1,,,,,5415,,,,,,,,,,,,,,,,,,,,,,,,,,,
3602,Corrupt studded Arms,1,164,0,0,332,0,0,0,0,0,0,0,0,0,0,0,0,0,0,0,0,0,0,0,0,0,0,0,0,0,0,0,0,0,0,0,0,0,0,0,0,,0,,,,,,,,,,,,,,,,,,,,,1,,,5410,,,,,,,,,,,,,,,,,,,,,,,,,,,,,
3603,Corrupt studded Boots,1,167,0,0,0,0,0,0,336,0,0,0,0,0,0,0,0,0,0,0,0,0,0,0,0,0,0,0,0,0,0,0,0,0,0,0,0,0,0,0,0,,0,,,,,,,,,,,,,,,,,,,,,1,,,,,,5413,,,,3,,,,,,,,,,,,,,,,,,,,,,
3604,Corrupt studded Gloves,1,165,0,0,0,333,0,0,0,0,0,0,0,0,0,0,0,0,0,0,0,0,0,0,0,0,0,0,0,0,0,0,0,0,0,0,0,0,0,0,0,,0,,,,,,,,,,,,,,,,,,,,,1,,,,5414,,,,,3,,,,,,,,,,,,,,,,,,,,,,,
3605,Corrupt Robe,1,118,363,364,366,0,365,0,0,0,0,0,3,3,0,0,0,0,0,0,0,0,0,0,0,0,0,0,0,0,0,0,0,0,0,0,0,0,0,0,0,,0,,,,,,,,,,,,,,,,,,,,,1,5403,5402,,,,,,16,5,5,-1,-1,,,,,,,,,,,,,,,,,,,,
3606,Mino Leather Vest,1,105,301,302,0,0,305,0,0,0,0,0,1,1,0,0,0,0,0,0,0,0,0,0,0,0,0,0,0,0,0,0,0,0,0,0,0,0,0,0,0,,0,,,,,,,,,,,,,,,,,,,,,1,5444,5443,,,,,,,,,,,,,,,,,,,,,,,,,,,,,,
3607,Mino Leather Legs,1,121,0,0,0,0,0,306,0,0,0,0,0,0,0,0,0,0,0,0,0,0,0,0,0,0,0,0,0,0,0,0,0,0,0,0,0,0,0,0,0,,0,,,,,,,,,,,,,,,,,,,,,1,,,,,5447,,,,,,,,,,,,,,,,,,,,,,,,,,,
3608,Mino Leather Arms,1,111,0,0,303,0,0,0,0,0,0,0,0,0,0,0,0,0,0,0,0,0,0,0,0,0,0,0,0,0,0,0,0,0,0,0,0,0,0,0,0,,0,,,,,,,,,,,,,,,,,,,,,1,,,5442,,,,,,,,,,,,,,,,,,,,,,,,,,,,,
3609,Mino Leather Gloves,1,115,0,0,0,304,0,0,0,0,0,0,0,0,0,0,0,0,0,0,0,0,0,0,0,0,0,0,0,0,0,0,0,0,0,0,0,0,0,0,0,,0,,,,,,,,,,,,,,,,,,,,,1,,,,5446,,,,,2,,,,,,,,,,,,,,,,,,,,,,,
3610,Mino Leather Boots,1,125,0,0,0,0,0,0,307,0,0,0,0,0,0,0,0,0,0,0,0,0,0,0,0,0,0,0,0,0,0,0,0,0,0,0,0,0,0,0,0,,0,,,,,,,,,,,,,,,,,,,,,1,,,,,,5445,,,,2,,,,,,,,,,,,,,,,,,,,,,
3611,Mino Chain Vest,1,106,337,338,0,0,341,0,0,0,0,0,2,1,0,0,0,0,0,0,0,0,0,0,0,0,0,0,0,0,0,0,0,0,0,0,0,0,0,0,0,,0,,,,,,,,,,,,,,,,,,,,,1,5438,5437,,,,,,6,,,1,1,,,,,,,,,,,,,,,,,,,,
3612,Mino Chain Legs,1,122,0,0,0,0,0,342,0,0,0,0,0,0,0,0,0,0,0,0,0,0,0,0,0,0,0,0,0,0,0,0,0,0,0,0,0,0,0,0,0,,0,,,,,,,,,,,,,,,,,,,,,1,,,,,5441,,,,,,,,,,,,,,,,,,,,,,,,,,,
3613,Mino Chain Arms,1,112,0,0,339,0,0,0,0,0,0,0,0,0,0,0,0,0,0,0,0,0,0,0,0,0,0,0,0,0,0,0,0,0,0,0,0,0,0,0,0,,0,,,,,,,,,,,,,,,,,,,,,1,,,5436,,,,,,,,,,,,,,,,,,,,,,,,,,,,,
3614,Mino Chain Gloves,1,116,0,0,0,340,0,0,0,0,0,0,0,0,0,0,0,0,0,0,0,0,0,0,0,0,0,0,0,0,0,0,0,0,0,0,0,0,0,0,0,,0,,,,,,,,,,,,,,,,,,,,,1,,,,5440,,,,,2,,,,,,,,,,,,,,,,,,,,,,,
3615,Mino Chain Boots,1,126,0,0,0,0,0,0,343,0,0,0,0,0,0,0,0,0,0,0,0,0,0,0,0,0,0,0,0,0,0,0,0,0,0,0,0,0,0,0,0,,0,,,,,,,,,,,,,,,,,,,,,1,,,,,,5439,,,,2,,,,,,,,,,,,,,,,,,,,,,
3616,Mino Plate Chest,1,109,345,346,0,0,349,0,0,0,0,0,1,1,0,0,0,0,0,0,0,0,0,0,0,0,0,0,0,0,0,0,0,0,0,0,0,0,0,0,0,,0,,,,,,,,,,,,,,,,,,,,,1,5417,5416,,,,,,12,,,1,1,,,,,,,,,,,,,,,,,,,,
3617,Mino Plate Legs,1,123,0,0,0,0,0,350,0,0,0,0,0,0,0,0,0,0,0,0,0,0,0,0,0,0,0,0,0,0,0,0,0,0,0,0,0,0,0,0,0,,0,,,,,,,,,,,,,,,,,,,,,1,,,,,5420,,,,,,,,,,,,,,,,,,,,,,,,,,,
3618,Mino Plate Arms,1,113,0,0,347,0,0,0,0,0,0,0,0,0,0,0,0,0,0,0,0,0,0,0,0,0,0,0,0,0,0,0,0,0,0,0,0,0,0,0,0,,0,,,,,,,,,,,,,,,,,,,,,1,,,5421,,,,,,,,,,,,,,,,,,,,,,,,,,,,,
3619,Mino Plate Gloves,1,117,0,0,0,348,0,0,0,0,0,0,0,0,0,0,0,0,0,0,0,0,0,0,0,0,0,0,0,0,0,0,0,0,0,0,0,0,0,0,0,,0,,,,,,,,,,,,,,,,,,,,,1,,,,5419,,,,,4,,,,,,,,,,,,,,,,,,,,,,,
3620,Mino Plate Boots,1,127,0,0,0,0,0,0,351,0,0,0,0,0,0,0,0,0,0,0,0,0,0,0,0,0,0,0,0,0,0,0,0,0,0,0,0,0,0,0,0,,0,,,,,,,,,,,,,,,,,,,,,1,,,,,,5418,,,,4,,,,,,,,,,,,,,,,,,,,,,
3621,Mino Scale Vest,1,106,689,690,0,0,693,0,0,0,0,0,1,1,0,0,0,0,0,0,0,0,0,0,0,0,0,0,0,0,0,0,0,0,0,0,0,0,0,0,0,,0,,,,,,,,,,,,,,,,,,,,,1,5426,5425,,,,,,18,,,1,1,,,,,,,,,,,,,,,,,,,,
3622,Mino Scale Legs,1,122,0,0,0,0,0,694,0,0,0,0,0,0,0,0,0,0,0,0,0,0,0,0,0,0,0,0,0,0,0,0,0,0,0,0,0,0,0,0,0,,0,,,,,,,,,,,,,,,,,,,,,1,,,,,5429,,,,,,,,,,,,,,,,,,,,,,,,,,,
3623,Mino Scale Arms,1,112,0,0,691,0,0,0,0,0,0,0,0,0,0,0,0,0,0,0,0,0,0,0,0,0,0,0,0,0,0,0,0,0,0,0,0,0,0,0,0,,0,,,,,,,,,,,,,,,,,,,,,1,,,5430,,,,,,,,,,,,,,,,,,,,,,,,,,,,,
3624,Mino Scale Gloves,1,116,0,0,0,692,0,0,0,0,0,0,0,0,0,0,0,0,0,0,0,0,0,0,0,0,0,0,0,0,0,0,0,0,0,0,0,0,0,0,0,,0,,,,,,,,,,,,,,,,,,,,,1,,,,5428,,,,,6,,,,,,,,,,,,,,,,,,,,,,,
3625,Mino Scale Boots,1,126,0,0,0,0,0,0,695,0,0,0,0,0,0,0,0,0,0,0,0,0,0,0,0,0,0,0,0,0,0,0,0,0,0,0,0,0,0,0,0,,0,,,,,,,,,,,,,,,,,,,,,1,,,,,,5427,,,,6,,,,,,,,,,,,,,,,,,,,,,
3626,Mino studded Vest,1,161,330,331,0,0,334,0,0,0,0,0,2,1,0,0,0,0,0,0,0,0,0,0,0,0,0,0,0,0,0,0,0,0,0,0,0,0,0,0,0,,0,,,,,,,,,,,,,,,,,,,,,1,5432,5431,,,,,,19,,,1,1,,,,,,,,,,,,,,,,,,,,
3627,Mino studded Legs,1,166,0,0,0,0,0,335,0,0,0,0,0,0,0,0,0,0,0,0,0,0,0,0,0,0,0,0,0,0,0,0,0,0,0,0,0,0,0,0,0,,0,,,,,,,,,,,,,,,,,,,,,1,,,,,5435,,,,,,,,,,,,,,,,,,,,,,,,,,,
3628,Mino studded Arms,1,164,0,0,332,0,0,0,0,0,0,0,0,0,0,0,0,0,0,0,0,0,0,0,0,0,0,0,0,0,0,0,0,0,0,0,0,0,0,0,0,,0,,,,,,,,,,,,,,,,,,,,,1,,,5430,,,,,,,,,,,,,,,,,,,,,,,,,,,,,
3629,Mino studded Boots,1,167,0,0,0,0,0,0,336,0,0,0,0,0,0,0,0,0,0,0,0,0,0,0,0,0,0,0,0,0,0,0,0,0,0,0,0,0,0,0,0,,0,,,,,,,,,,,,,,,,,,,,,1,,,,,,5433,,,,3,,,,,,,,,,,,,,,,,,,,,,
3630,Mino studded Gloves,1,165,0,0,0,333,0,0,0,0,0,0,0,0,0,0,0,0,0,0,0,0,0,0,0,0,0,0,0,0,0,0,0,0,0,0,0,0,0,0,0,,0,,,,,,,,,,,,,,,,,,,,,1,,,,5434,,,,,3,,,,,,,,,,,,,,,,,,,,,,,
3631,Mino Robe,1,118,363,364,366,0,365,0,0,0,0,0,3,3,0,0,0,0,0,0,0,0,0,0,0,0,0,0,0,0,0,0,0,0,0,0,0,0,0,0,0,,0,,,,,,,,,,,,,,,,,,,,,1,5423,5422,,,,,,16,5,5,-1,-1,,,,,,,,,,,,,,,,,,,,
3632,Corrupt Mino Cloak 1,1,119,0,0,0,0,0,0,0,362,0,0,0,0,1,0,0,0,0,0,0,0,0,0,0,0,0,0,0,0,0,0,0,0,0,0,0,0,0,0,0,,0,,,,,,,,,,,,,,,,,,,,,,,,,,,,5448,,,,,,,,,,,,,,,,,,,,,,,,,
3633,Corrupt Mino Cloak 2,1,119,0,0,0,0,0,0,0,362,0,0,0,0,1,0,0,0,0,0,0,0,0,0,0,0,0,0,0,0,0,0,0,0,0,0,0,0,0,0,0,,0,,,,,,,,,,,,,,,,,,,,,,,,,,,,5449,,,,,,,,,,,,,,,,,,,,,,,,,
3634,Corrupt Mino Cloak 3,1,119,0,0,0,0,0,0,0,362,0,0,0,0,1,0,0,0,0,0,0,0,0,0,0,0,0,0,0,0,0,0,0,0,0,0,0,0,0,0,0,,0,,,,,,,,,,,,,,,,,,,,,,,,,,,,5450,,,,,,,,,,,,,,,,,,,,,,,,,
3635,Regular Mino Cloak 1,1,119,0,0,0,0,0,0,0,362,0,0,0,0,1,0,0,0,0,0,0,0,0,0,0,0,0,0,0,0,0,0,0,0,0,0,0,0,0,0,0,,0,,,,,,,,,,,,,,,,,,,,,,,,,,,,5451,,,,,,,,,,,,,,,,,,,,,,,,,
3636,Regular Mino Cloak 2,1,119,0,0,0,0,0,0,0,362,0,0,0,0,1,0,0,0,0,0,0,0,0,0,0,0,0,0,0,0,0,0,0,0,0,0,0,0,0,0,0,,0,,,,,,,,,,,,,,,,,,,,,,,,,,,,5452,,,,,,,,,,,,,,,,,,,,,,,,,
3637,Regular Mino Cloak 3,1,119,0,0,0,0,0,0,0,362,0,0,0,0,1,0,0,0,0,0,0,0,0,0,0,0,0,0,0,0,0,0,0,0,0,0,0,0,0,0,0,,0,,,,,,,,,,,,,,,,,,,,,,,,,,,,5453,,,,,,,,,,,,,,,,,,,,,,,,,
3638,Alb Mauler Epic Vest,1,105,308,309,0,0,312,0,0,0,0,0,1,0,0,0,0,0,0,0,0,0,0,0,0,0,0,0,0,0,0,0,0,0,0,0,0,0,0,0,0,,0,,,,,,,,,,,,,,,,,,,,,1,5454,5459,,,,,,7,,,1,1,,,,,,,,,,,,,,,,,,,,
3639,Alb Mauler Epic Legs,1,121,0,0,0,0,0,313,0,0,0,0,0,0,0,0,0,0,0,0,0,0,0,0,0,0,0,0,0,0,0,0,0,0,0,0,0,0,0,0,0,,0,,,,,,,,,,,,,,,,,,,,,1,,,,,5457,,,,,,,,,,,,,,,,,,,,,,,,,,,
3640,Alb Mauler Epic Arms,1,111,0,0,310,0,0,0,0,0,0,0,0,0,0,0,0,0,0,0,0,0,0,0,0,0,0,0,0,0,0,0,0,0,0,0,0,0,0,0,0,,0,,,,,,,,,,,,,,,,,,,,,1,,,5458,,,,,,,,,,,,,,,,,,,,,,,,,,,,,
3641,Alb Mauler Epic Gloves,1,115,0,0,0,311,0,0,0,0,0,0,0,0,0,0,0,0,0,0,0,0,0,0,0,0,0,0,0,0,0,0,0,0,0,0,0,0,0,0,0,,0,,,,,,,,,,,,,,,,,,,,,1,,,,5456,,,,,7,,,,,,,,,,,,,,,,,,,,,,,
3642,Alb Mauler Epic Boots,1,125,0,0,0,0,0,0,307,0,0,0,0,0,0,0,0,0,0,0,0,0,0,0,0,0,0,0,0,0,0,0,0,0,0,0,0,0,0,0,0,,0,,,,,,,,,,,,,,,,,,,,,1,,,,,,5455,,,,7,,,,,,,,,,,,,,,,,,,,,,
3643,Mino Cloth Legs,1,120,0,0,0,0,0,529,0,0,0,0,0,0,0,0,0,0,0,0,0,0,0,0,0,0,0,0,0,0,0,0,0,0,0,0,0,0,0,0,0,,0,,,,,,,,,,,,,,,,,,,,,1,,,,,5461,,,,,,,,,,,,,,,,,,,,,,1,,,,,
3644,Mino Cloth Arms,1,110,0,0,530,0,0,0,0,0,0,0,0,0,0,0,0,0,0,0,0,0,0,0,0,0,0,0,0,0,0,0,0,0,0,0,0,0,0,0,0,,0,,,,,,,,,,,,,,,,,,,,,1,,,5460,,,,,,,,,,,,,,,,,,,,,,,,1,,,,,
3645,Mino Cloth Gloves,1,114,0,0,0,527,0,0,0,0,0,0,0,0,0,0,0,0,0,0,0,0,0,0,0,0,0,0,0,0,0,0,0,0,0,0,0,0,0,0,0,,0,,,,,,,,,,,,,,,,,,,,,1,,,,5462,,,,,7,,,,,,,,,,,,,,,,,,1,,,,,
3646,Mino Cloth Boots,1,124,0,0,0,0,0,0,527,0,0,0,0,0,0,0,0,0,0,0,0,0,0,0,0,0,0,0,0,0,0,0,0,0,0,0,0,0,0,0,0,,0,,,,,,,,,,,,,,,,,,,,,1,,,,,,5463,,,,7,,,,,,,,,,,,,,,,,,,,,,
3647,Corrupt Cloth Legs,1,120,0,0,0,0,0,529,0,0,0,0,0,0,0,0,0,0,0,0,0,0,0,0,0,0,0,0,0,0,0,0,0,0,0,0,0,0,0,0,0,,0,,,,,,,,,,,,,,,,,,,,,1,,,,,5466,,,,,,,,,,,,,,,,,,,,,,1,,,,,
3648,Corrupt Cloth Arms,1,110,0,0,530,0,0,0,0,0,0,0,0,0,0,0,0,0,0,0,0,0,0,0,0,0,0,0,0,0,0,0,0,0,0,0,0,0,0,0,0,,0,,,,,,,,,,,,,,,,,,,,,1,,,5465,,,,,,,,,,,,,,,,,,,,,,,,1,,,,,
3649,Corrupt Cloth Gloves,1,114,0,0,0,527,0,0,0,0,0,0,0,0,0,0,0,0,0,0,0,0,0,0,0,0,0,0,0,0,0,0,0,0,0,0,0,0,0,0,0,,0,,,,,,,,,,,,,,,,,,,,,1,,,,5467,,,,,7,,,,,,,,,,,,,,,,,,1,,,,,
3650,Corrupt Cloth Boots,1,124,0,0,0,0,0,0,526,0,0,0,0,0,0,0,0,0,0,0,0,0,0,0,0,0,0,0,0,0,0,0,0,0,0,0,0,0,0,0,0,,0,,,,,,,,,,,,,,,,,,,,,1,,,,,,5464,,,,7,,,,,,,,,,,,,,,,,,,,,,
3651,Mino Cloth Vest,1,104,525,524,0,0,528,0,0,0,0,0,1,1,0,0,0,0,0,0,0,0,0,0,0,0,0,0,0,0,0,0,0,0,0,0,0,0,0,0,0,,0,,,,,,,,,,,,,,,,,,,,,1,5471,5470,,,,,,1,,,1,1,,,,,,,,,,,,,,,1,,,,,
3652,Corrupt Cloth Vest,1,104,525,524,0,0,528,0,0,0,0,0,1,1,0,0,0,0,0,0,0,0,0,0,0,0,0,0,0,0,0,0,0,0,0,0,0,0,0,0,0,,0,,,,,,,,,,,,,,,,,,,,,1,5469,5468,,,,,,1,,,1,1,,,,,,,,,,,,,,,1,,,,,
3653,Lab Flex Blunt,1897,231,0,0,0,0,0,0,0,0,0,0,0,0,0,1,0,9,0,20,0,0,0,0,0,0,0,0,0,0,0,0,0,0,0,0,0,0,0,0,0,,0,,,,,,,,,,,,,,,,,,,,,,,,,,,,,,,,,,,,,,,,,,,,,,,,,,,,,
3654,Lab Flex Slash,1896,231,0,0,0,0,0,0,0,0,0,0,0,0,0,1,0,9,0,20,0,0,0,0,0,0,0,0,0,0,0,0,0,0,0,0,0,0,0,0,0,,0,,,,,,,,,,,,,,,,,,,,,,,,,,,,,,,,,,,,,,,,,,,,,,,,,,,,,
3655,Lab Flex Thrust,1895,231,0,0,0,0,0,0,0,0,0,0,0,0,0,1,0,11,0,20,0,0,0,0,0,0,0,0,0,0,0,0,0,0,0,0,0,0,0,0,0,,0,,,,,,,,,,,,,,,,,,,,,,,,,,,,,,,,,,,,,,,,,,,,,,,,,,,,,
3656,Lab Crossbow,1898,227,0,0,0,0,0,0,0,0,0,0,0,0,0,0,0,6,1,3,0,0,0,0,0,0,0,0,0,0,0,0,0,0,0,0,0,0,0,0,0,,0,,,,,,,,,,,,,,,,,,,,,,,,,,,,,,,,,,,,,,,,,,,,,,,,,,,,,
3657,Lab 2 Handed Sword Thrust,1899,203,0,0,0,0,0,0,0,0,0,0,0,0,0,1,0,2,0,1,0,0,0,0,0,0,0,0,0,0,0,0,0,0,0,0,0,0,0,0,0,,0,,,,,,,,,,,,,,,,,,,,,,,,,,,,,,,,,,,,,,,,,,,,,,,,,,,,,
3658,Lab 2 Handed Sword Slash,1900,203,0,0,0,0,0,0,0,0,0,0,0,0,0,1,0,2,0,1,0,0,0,0,0,0,0,0,0,0,0,0,0,0,0,0,0,0,0,0,0,,0,,,,,,,,,,,,,,,,,,,,,,,,,,,,,,,,,,,,,,,,,,,,,,,,,,,,,
3659,Lab 2 Handed Spear Thrust,1901,207,0,0,0,0,0,0,0,0,0,0,0,0,0,0,0,3,2,21,0,0,0,0,0,0,0,0,0,0,0,0,0,0,0,0,0,0,0,0,0,,0,,,,,,,,,,,,,,,,,,,,,,,,,,,,,,,,,,,,,,,,,,,,,,,,,,,,,
3660,Lab 2 Handed Spear Slash,1902,207,0,0,0,0,0,0,0,0,0,0,0,0,0,0,0,3,2,21,0,0,0,0,0,0,0,0,0,0,0,0,0,0,0,0,0,0,0,0,0,,0,,,,,,,,,,,,,,,,,,,,,,,,,,,,,,,,,,,,,,,,,,,,,,,,,,,,,
3661,Lab 2 Handed Hammer,1903,215,0,0,0,0,0,0,0,0,0,0,0,0,0,1,0,2,0,5,0,0,0,0,0,0,0,0,0,0,0,0,0,0,0,0,0,0,0,0,0,,0,,,,,,,,,,,,,,,,,,,,,,,,,,,,,,,,,,,,,,,,,,,,,,,,,,,,,
3662,Lab 2 Handed Axe,1904,217,0,0,0,0,0,0,0,0,0,0,0,0,0,1,0,2,0,4,0,0,0,0,0,0,0,0,0,0,0,0,0,0,0,0,0,0,0,0,0,,0,,,,,,,,,,,,,,,,,,,,,,,,,,,,,,,,,,,,,,,,,,,,,,,,,,,,,
3663,Lab Long Bow,1906,223,0,0,0,0,0,0,0,0,0,0,0,0,0,0,0,5,1,7,0,0,0,0,0,0,0,0,0,0,0,0,0,0,0,0,0,0,0,0,0,,0,,,,,,,,,,,,,,,,,,,,,,,,,,,,,,,,,,,,,,,,,,,,,,,,,,,,,
3664,Lab Short Bow,1905,223,0,0,0,0,0,0,0,0,0,0,0,0,0,0,0,5,1,7,0,0,0,0,0,0,0,0,0,0,0,0,0,0,0,0,0,0,0,0,0,,0,,,,,,,,,,,,,,,,,,,,,,,,,,,,,,,,,,,,,,,,,,,,,,,,,,,,,
3665,Lab Scythe,1907,232,0,0,0,0,0,0,0,0,0,0,0,0,0,0,0,14,0,2,0,0,0,0,0,0,0,0,0,0,0,0,0,0,0,0,0,0,0,0,0,,0,,,,,,,,,,,,,,,,,,,,,,,,,,,,,,,,,,,,,,,,,,,,,,,,,,,,,
3666,Lab Quarter Staff,1908,209,0,0,0,0,0,0,0,0,0,0,0,0,0,0,0,4,1,6,0,0,0,0,0,0,0,0,0,0,0,0,0,0,0,0,0,0,0,0,0,,0,,,,,,,,,,,,,,,,,,,,,,,,,,,,,,,,,,,,,,,,,,,,,,,,,,,,,
3667,Lab Mage Staff,1909,209,0,0,0,0,0,0,0,0,0,0,0,0,0,0,0,4,1,6,0,0,0,0,0,0,0,0,0,0,0,0,0,0,0,0,0,0,0,0,0,,0,,,,,,,,,,,,,,,,,,,,,,,,,,,,,,,,,,,,,,,,,,,,,,,,,,,,,
3668,Lab Small Shield,1912,226,0,0,0,0,0,0,0,0,0,0,0,0,0,0,1,0,0,1,0,0,0,1,0,0,0,0,0,0,0,0,0,0,0,0,0,0,0,0,0,,0,,,,,,,,,,,,,,,,,,,,,,,,,,,,,,,,,,,,,,,,,,,,,,,,1,,,,,
3669,Lab Large Shield,1911,226,0,0,0,0,0,0,0,0,0,0,0,0,0,0,1,0,0,1,0,0,0,1,0,0,0,0,0,0,0,0,0,0,0,0,0,0,0,0,0,,0,,,,,,,,,,,,,,,,,,,,,,,,,,,,,,,,,,,,,,,,,,,,,,,,,,,,,
3670,Lab XL Shield,1910,226,0,0,0,0,0,0,0,0,0,0,0,0,0,0,1,0,0,1,0,0,0,1,0,0,0,0,0,0,0,0,0,0,0,0,0,0,0,0,0,,0,,,,,,,,,,,,,,,,,,,,,,,,,,,,,,,,,,,,,,,,,,,,,,,,1,,,,,
3671,Lab Polearm Thrust,1913,221,0,0,0,0,0,0,0,0,0,0,0,0,0,0,0,3,2,4,0,0,0,0,0,0,0,0,0,0,0,0,0,0,0,0,0,0,0,0,0,,0,,,,,,,,,,,,,,,,,,,,,,,,,,,,,,,,,,,,,,,,,,,,,,,,,,,,,
3672,Lab Polearm Slash,1914,221,0,0,0,0,0,0,0,0,0,0,0,0,0,0,0,3,2,4,0,0,0,0,0,0,0,0,0,0,0,0,0,0,0,0,0,0,0,0,0,,0,,,,,,,,,,,,,,,,,,,,,,,,,,,,,,,,,,,,,,,,,,,,,,,,,,,,,
3673,Lab Polearm Blunt,1915,221,0,0,0,0,0,0,0,0,0,0,0,0,0,0,0,3,2,4,0,0,0,0,0,0,0,0,0,0,0,0,0,0,0,0,0,0,0,0,0,,0,,,,,,,,,,,,,,,,,,,,,,,,,,,,,,,,,,,,,,,,,,,,,,,,,,,,,
3674,Lab 1h Slash Offhand,1916,201,0,0,0,0,0,0,0,0,0,0,0,0,0,1,0,1,0,1,0,0,0,0,0,0,0,0,0,0,0,0,0,0,0,0,0,0,0,0,0,,0,,,,,,,,,,,,,,,,,,,,,,,,,,,,,,,,,,,,,,,,,,,,,,,,,,,,,
3675,Lab 1h Slash Mainhand,1917,202,0,0,0,0,0,0,0,0,0,0,0,0,0,1,0,1,0,1,0,0,0,0,0,0,0,0,0,0,0,0,0,0,0,0,0,0,0,0,0,,0,,,,,,,,,,,,,,,,,,,,,,,,,,,,,,,,,,,,,,,,,,,,,,,,,,,,,
3676,Lab 1h hammer offhand,1918,210,0,0,0,0,0,0,0,0,0,0,0,0,0,1,0,1,0,5,0,0,0,0,0,0,0,0,0,0,0,0,0,0,0,0,0,0,0,0,0,,0,,,,,,,,,,,,,,,,,,,,,,,,,,,,,,,,,,,,,,,,,,,,,,,,,,,,,
3677,Lab 1h hammer mainhand,1919,210,0,0,0,0,0,0,0,0,0,0,0,0,0,1,0,1,0,5,0,0,0,0,0,0,0,0,0,0,0,0,0,0,0,0,0,0,0,0,0,,0,,,,,,,,,,,,,,,,,,,,,,,,,,,,,,,,,,,,,,,,,,,,,,,,,,,,,
3678,Lab 1h sword thrust offhand,1920,201,0,0,0,0,0,0,0,0,0,0,0,0,0,1,0,1,0,1,0,0,0,0,0,0,0,0,0,0,0,0,0,0,0,0,0,0,0,0,0,,0,,,,,,,,,,,,,,,,,,,,,,,,,,,,,,,,,,,,,,,,,,,,,,,,,,,,,
3679,Lab 1h sword thrust mainhand,1921,206,0,0,0,0,0,0,0,0,0,0,0,0,0,1,0,1,0,1,0,0,0,0,0,0,0,0,0,0,0,0,0,0,0,0,0,0,0,0,0,,0,,,,,,,,,,,,,,,,,,,,,,,,,,,,,,,,,,,,,,,,,,,,,,,,,,,,,
3680,Lab 1h axe offhand,1922,200,0,0,0,0,0,0,0,0,0,0,0,0,0,1,0,1,0,4,0,0,0,0,0,0,0,0,0,0,0,0,0,0,0,0,0,0,0,0,0,,0,,,,,,,,,,,,,,,,,,,,,,,,,,,,,,,,,,,,,,,,,,,,,,,,,,,,,
3681,Lab 1h axe mainhand,1923,200,0,0,0,0,0,0,0,0,0,0,0,0,0,1,0,1,0,4,0,0,0,0,0,0,0,0,0,0,0,0,0,0,0,0,0,0,0,0,0,,0,,,,,,,,,,,,,,,,,,,,,,,,,,,,,,,,,,,,,,,,,,,,,,,,,,,,,
3682,Lab h2h slash offhand,1924,233,0,0,0,0,0,0,0,0,0,0,0,0,0,0,0,13,0,1,0,0,0,0,0,0,0,0,0,0,0,0,0,0,0,0,0,0,0,0,0,,0,,,,,,,,,,,,,,,,,,,,,,,,,,,,,,,,,,,,,,,,,,,,,,,,,,85,,,
3683,Lab h2h slash mainhand,1925,233,0,0,0,0,0,0,0,0,0,0,0,0,0,0,0,13,0,1,0,0,0,0,0,0,0,0,0,0,0,0,0,0,0,0,0,0,0,0,0,,0,,,,,,,,,,,,,,,,,,,,,,,,,,,,,,,,,,,,,,,,,,,,,,,,,,85,,,
3684,Lab h2h blunt offhand,1926,2546,0,0,0,0,0,0,0,0,0,0,0,0,0,0,0,13,0,1,0,0,0,0,0,0,0,0,0,0,0,0,0,0,0,0,0,0,0,0,0,,0,,,,,,,,,,,,,,,,,,,,,,,,,,,,,,,,,,,,,,,,,,,,,,,,,,85,,,
3685,Lab h2h blunt mainhand,1927,2546,0,0,0,0,0,0,0,0,0,0,0,0,0,0,0,13,0,1,0,0,0,0,0,0,0,0,0,0,0,0,0,0,0,0,0,0,0,0,0,,0,,,,,,,,,,,,,,,,,,,,,,,,,,,,,,,,,,,,,,,,,,,,,,,,,,85,,,
3686,Lab h2h thrust offhand,1928,233,0,0,0,0,0,0,0,0,0,0,0,0,0,0,0,13,0,1,0,0,0,0,0,0,0,0,0,0,0,0,0,0,0,0,0,0,0,0,0,,0,,,,,,,,,,,,,,,,,,,,,,,,,,,,,,,,,,,,,,,,,,,,,,,,,,85,,,
3687,Lab h2h thrust mainhand,1929,233,0,0,0,0,0,0,0,0,0,0,0,0,0,0,0,13,0,1,0,0,0,0,0,0,0,0,0,0,0,0,0,0,0,0,0,0,0,0,0,,0,,,,,,,,,,,,,,,,,,,,,,,,,,,,,,,,,,,,,,,,,,,,,,,,,,85,,,
3688,Lab Harp,1930,2516,0,0,0,0,0,0,0,0,0,0,0,0,0,0,0,0,1,0,0,0,0,0,0,0,0,0,0,0,0,0,0,0,0,0,0,0,0,0,0,,0,,,,,,,,,,,,,,,,,,,,,,,,,,,,,,,,,,,,,,,,,,,,,,,,,,,,,
3689,Alb 5 Year Horse Trophy,1,544,0,0,0,0,0,0,0,0,0,0,0,0,0,0,0,0,0,0,0,0,0,0,0,0,0,0,0,0,0,0,0,0,1931,0,0,0,0,0,0,,0,1,1,,,,,,,,,,,,,,,,,,,,,,,,,,,,,,,,,,,,,,,,,,,,,,,,,,,
3690,Hib 5 Year Horse Trophy,1,544,0,0,0,0,0,0,0,0,0,0,0,0,0,0,0,0,0,0,0,0,0,0,0,0,0,0,0,0,0,0,0,0,1932,0,0,0,0,0,0,,0,1,1,,,,,,,,,,,,,,,,,,,,,,,,,,,,,,,,,,,,,,,,,,,,,,,,,,,
3691,Mid 5 Year Horse Trophy,1,544,0,0,0,0,0,0,0,0,0,0,0,0,0,0,0,0,0,0,0,0,0,0,0,0,0,0,0,0,0,0,0,0,1933,0,0,0,0,0,0,,0,1,1,,,,,,,,,,,,,,,,,,,,,,,,,,,,,,,,,,,,,,,,,,,,,,,,,,,
3692,Trophy Dracolich,1,544,0,0,0,0,0,0,0,0,0,0,0,0,0,0,0,0,0,0,0,0,0,0,0,0,0,0,0,0,0,0,0,0,1934,0,0,0,0,0,0,1,0,,,,,,,,,,,,,,,,,,,,,,,,,,,,,,,,,,,,,,,,,,,,,,,,,,,,,
3693,Camelot 5 Year Wall Trophy,1,544,0,0,0,0,0,0,0,0,0,0,0,0,0,0,0,0,0,0,0,0,0,0,0,0,0,0,0,0,0,0,0,0,1935,0,0,0,0,0,0,1,0,,,,,,,,,,,,,,,,,,,,,,,,,,,,,,,,,,,,,,,,,,,,,,,,,,,,,
3694,Midgard Mino Caster Vest,1,104,525,524,0,0,528,0,0,0,0,0,1,1,0,0,0,0,0,0,0,0,0,0,0,0,0,0,0,0,0,0,0,0,0,0,0,0,0,0,0,,0,,,,,,,,,,,,,,,,,,,,,1,5423,5422,,,,,,1,,,1,1,,,,,,,,,,,,,,,1,,,,,
3695,Midgard Corrupt Caster Vest,1,104,525,524,0,0,528,0,0,0,0,0,1,1,0,0,0,0,0,0,0,0,0,0,0,0,0,0,0,0,0,0,0,0,0,0,0,0,0,0,0,,0,,,,,,,,,,,,,,,,,,,,,1,5403,5402,,,,,,1,,,1,1,,,,,,,,,,,,,,,1,,,,,
3696,Scorched Lab Flex Blunt,1938,231,0,0,0,0,0,0,0,0,0,0,0,0,0,1,0,9,0,20,0,0,0,0,0,0,0,0,0,0,0,0,0,0,0,0,0,0,0,0,0,,0,,,,,,,,,,,,,,,,,,,,,,,,,,,,,,,,,,,,,,,,,,,,,,,,,,,,,
3697,Scorched Lab Flex Slash,1937,231,0,0,0,0,0,0,0,0,0,0,0,0,0,1,0,9,0,20,0,0,0,0,0,0,0,0,0,0,0,0,0,0,0,0,0,0,0,0,0,,0,,,,,,,,,,,,,,,,,,,,,,,,,,,,,,,,,,,,,,,,,,,,,,,,,,,,,
3698,Scorched Lab Flex Thrust,1936,231,0,0,0,0,0,0,0,0,0,0,0,0,0,1,0,11,0,20,0,0,0,0,0,0,0,0,0,0,0,0,0,0,0,0,0,0,0,0,0,,0,,,,,,,,,,,,,,,,,,,,,,,,,,,,,,,,,,,,,,,,,,,,,,,,,,,,,
3699,Scorched Lab Crossbow,1939,227,0,0,0,0,0,0,0,0,0,0,0,0,0,0,0,6,1,3,0,0,0,0,0,0,0,0,0,0,0,0,0,0,0,0,0,0,0,0,0,,0,,,,,,,,,,,,,,,,,,,,,,,,,,,,,,,,,,,,,,,,,,,,,,,,,,,,,
3700,Scorched Lab 2 Handed Sword Thrust,1942,203,0,0,0,0,0,0,0,0,0,0,0,0,0,1,0,2,0,1,0,0,0,0,0,0,0,0,0,0,0,0,0,0,0,0,0,0,0,0,0,,0,,,,,,,,,,,,,,,,,,,,,,,,,,,,,,,,,,,,,,,,,,,,,,,,,,,,,
3701,Scorched Lab 2 Handed Sword Slash,1943,203,0,0,0,0,0,0,0,0,0,0,0,0,0,1,0,2,0,1,0,0,0,0,0,0,0,0,0,0,0,0,0,0,0,0,0,0,0,0,0,,0,,,,,,,,,,,,,,,,,,,,,,,,,,,,,,,,,,,,,,,,,,,,,,,,,,,,,
3702,Scorched Lab 2 Handed Spear Thrust,1951,207,0,0,0,0,0,0,0,0,0,0,0,0,0,0,0,3,2,21,0,0,0,0,0,0,0,0,0,0,0,0,0,0,0,0,0,0,0,0,0,,0,,,,,,,,,,,,,,,,,,,,,,,,,,,,,,,,,,,,,,,,,,,,,,,,,,,,,
3703,Scorched Lab 2 Handed Spear Slash,1953,207,0,0,0,0,0,0,0,0,0,0,0,0,0,0,0,3,2,21,0,0,0,0,0,0,0,0,0,0,0,0,0,0,0,0,0,0,0,0,0,,0,,,,,,,,,,,,,,,,,,,,,,,,,,,,,,,,,,,,,,,,,,,,,,,,,,,,,
3704,Scorched Lab 2 Handed Hammer,1944,215,0,0,0,0,0,0,0,0,0,0,0,0,0,1,0,2,0,5,0,0,0,0,0,0,0,0,0,0,0,0,0,0,0,0,0,0,0,0,0,,0,,,,,,,,,,,,,,,,,,,,,,,,,,,,,,,,,,,,,,,,,,,,,,,,,,,,,
3705,Scorched Lab 2 Handed Axe,1945,217,0,0,0,0,0,0,0,0,0,0,0,0,0,1,0,2,0,4,0,0,0,0,0,0,0,0,0,0,0,0,0,0,0,0,0,0,0,0,0,,0,,,,,,,,,,,,,,,,,,,,,,,,,,,,,,,,,,,,,,,,,,,,,,,,,,,,,
3706,Scorched Lab Long Bow,1941,223,0,0,0,0,0,0,0,0,0,0,0,0,0,0,0,5,1,7,0,0,0,0,0,0,0,0,0,0,0,0,0,0,0,0,0,0,0,0,0,,0,,,,,,,,,,,,,,,,,,,,,,,,,,,,,,,,,,,,,,,,,,,,,,,,,,,,,
3707,Scorched Lab Short Bow,1940,223,0,0,0,0,0,0,0,0,0,0,0,0,0,0,0,5,1,7,0,0,0,0,0,0,0,0,0,0,0,0,0,0,0,0,0,0,0,0,0,,0,,,,,,,,,,,,,,,,,,,,,,,,,,,,,,,,,,,,,,,,,,,,,,,,,,,,,
3708,Scorched Lab Scythe,1949,232,0,0,0,0,0,0,0,0,0,0,0,0,0,0,0,14,0,2,0,0,0,0,0,0,0,0,0,0,0,0,0,0,0,0,0,0,0,0,0,,0,,,,,,,,,,,,,,,,,,,,,,,,,,,,,,,,,,,,,,,,,,,,,,,,,,,,,
3709,Scorched Lab Quarter Staff,1950,209,0,0,0,0,0,0,0,0,0,0,0,0,0,0,0,4,1,6,0,0,0,0,0,0,0,0,0,0,0,0,0,0,0,0,0,0,0,0,0,,0,,,,,,,,,,,,,,,,,,,,,,,,,,,,,,,,,,,,,,,,,,,,,,,,,,,,,
3710,Scorched Lab Mage Staff,1964,209,0,0,0,0,0,0,0,0,0,0,0,0,0,0,0,4,1,6,0,0,0,0,0,0,0,0,0,0,0,0,0,0,0,0,0,0,0,0,0,,0,,,,,,,,,,,,,,,,,,,,,,,,,,,,,,,,,,,,,,,,,,,,,,,,,,,,,
3711,Scorched Lab Small Shield,1947,226,0,0,0,0,0,0,0,0,0,0,0,0,0,0,1,0,0,1,0,0,0,1,0,0,0,0,0,0,0,0,0,0,0,0,0,0,0,0,0,,0,,,,,,,,,,,,,,,,,,,,,,,,,,,,,,,,,,,,,,,,,,,,,,,,1,,,,,
3712,Scorched Lab Large Shield,1948,226,0,0,0,0,0,0,0,0,0,0,0,0,0,0,1,0,0,1,0,0,0,1,0,0,0,0,0,0,0,0,0,0,0,0,0,0,0,0,0,,0,,,,,,,,,,,,,,,,,,,,,,,,,,,,,,,,,,,,,,,,,,,,,,,,,,,,,
3713,Scorched Lab XL Shield,1946,226,0,0,0,0,0,0,0,0,0,0,0,0,0,0,1,0,0,1,0,0,0,1,0,0,0,0,0,0,0,0,0,0,0,0,0,0,0,0,0,,0,,,,,,,,,,,,,,,,,,,,,,,,,,,,,,,,,,,,,,,,,,,,,,,,1,,,,,
3714,Scorched Lab Polearm Thrust,1952,221,0,0,0,0,0,0,0,0,0,0,0,0,0,0,0,3,2,4,0,0,0,0,0,0,0,0,0,0,0,0,0,0,0,0,0,0,0,0,0,,0,,,,,,,,,,,,,,,,,,,,,,,,,,,,,,,,,,,,,,,,,,,,,,,,,,,,,
3715,Scorched Lab Polearm Slash,1954,221,0,0,0,0,0,0,0,0,0,0,0,0,0,0,0,3,2,4,0,0,0,0,0,0,0,0,0,0,0,0,0,0,0,0,0,0,0,0,0,,0,,,,,,,,,,,,,,,,,,,,,,,,,,,,,,,,,,,,,,,,,,,,,,,,,,,,,
3716,Scorched Lab Polearm Blunt,1955,221,0,0,0,0,0,0,0,0,0,0,0,0,0,0,0,3,2,4,0,0,0,0,0,0,0,0,0,0,0,0,0,0,0,0,0,0,0,0,0,,0,,,,,,,,,,,,,,,,,,,,,,,,,,,,,,,,,,,,,,,,,,,,,,,,,,,,,
3717,Scorched Lab 1h Slash Offhand,1957,201,0,0,0,0,0,0,0,0,0,0,0,0,0,1,0,1,0,1,0,0,0,0,0,0,0,0,0,0,0,0,0,0,0,0,0,0,0,0,0,,0,,,,,,,,,,,,,,,,,,,,,,,,,,,,,,,,,,,,,,,,,,,,,,,,,,,,,
3718,Scorched Lab 1h Slash Mainhand,1961,202,0,0,0,0,0,0,0,0,0,0,0,0,0,1,0,1,0,1,0,0,0,0,0,0,0,0,0,0,0,0,0,0,0,0,0,0,0,0,0,,0,,,,,,,,,,,,,,,,,,,,,,,,,,,,,,,,,,,,,,,,,,,,,,,,,,,,,
3719,Scorched Lab 1h hammer offhand,1958,210,0,0,0,0,0,0,0,0,0,0,0,0,0,1,0,1,0,5,0,0,0,0,0,0,0,0,0,0,0,0,0,0,0,0,0,0,0,0,0,,0,,,,,,,,,,,,,,,,,,,,,,,,,,,,,,,,,,,,,,,,,,,,,,,,,,,,,
3720,Scorched Lab 1h hammer mainhand,1962,210,0,0,0,0,0,0,0,0,0,0,0,0,0,1,0,1,0,5,0,0,0,0,0,0,0,0,0,0,0,0,0,0,0,0,0,0,0,0,0,,0,,,,,,,,,,,,,,,,,,,,,,,,,,,,,,,,,,,,,,,,,,,,,,,,,,,,,
3721,Scorched Lab 1h sword thrust offhand,1956,201,0,0,0,0,0,0,0,0,0,0,0,0,0,1,0,1,0,1,0,0,0,0,0,0,0,0,0,0,0,0,0,0,0,0,0,0,0,0,0,,0,,,,,,,,,,,,,,,,,,,,,,,,,,,,,,,,,,,,,,,,,,,,,,,,,,,,,
3722,Scorched Lab 1h sword thrust mainhand,1960,206,0,0,0,0,0,0,0,0,0,0,0,0,0,1,0,1,0,1,0,0,0,0,0,0,0,0,0,0,0,0,0,0,0,0,0,0,0,0,0,,0,,,,,,,,,,,,,,,,,,,,,,,,,,,,,,,,,,,,,,,,,,,,,,,,,,,,,
3723,Scorched Lab 1h axe offhand,1959,200,0,0,0,0,0,0,0,0,0,0,0,0,0,1,0,1,0,4,0,0,0,0,0,0,0,0,0,0,0,0,0,0,0,0,0,0,0,0,0,,0,,,,,,,,,,,,,,,,,,,,,,,,,,,,,,,,,,,,,,,,,,,,,,,,,,,,,
3724,Scorched Lab 1h axe mainhand,1963,200,0,0,0,0,0,0,0,0,0,0,0,0,0,1,0,1,0,4,0,0,0,0,0,0,0,0,0,0,0,0,0,0,0,0,0,0,0,0,0,,0,,,,,,,,,,,,,,,,,,,,,,,,,,,,,,,,,,,,,,,,,,,,,,,,,,,,,
3725,Scorched Lab h2h slash offhand,1968,233,0,0,0,0,0,0,0,0,0,0,0,0,0,0,0,13,0,1,0,0,0,0,0,0,0,0,0,0,0,0,0,0,0,0,0,0,0,0,0,,0,,,,,,,,,,,,,,,,,,,,,,,,,,,,,,,,,,,,,,,,,,,,,,,,,,85,,,
3726,Scorched Lab h2h slash mainhand,1969,233,0,0,0,0,0,0,0,0,0,0,0,0,0,0,0,13,0,1,0,0,0,0,0,0,0,0,0,0,0,0,0,0,0,0,0,0,0,0,0,,0,,,,,,,,,,,,,,,,,,,,,,,,,,,,,,,,,,,,,,,,,,,,,,,,,,85,,,
3727,Scorched Lab h2h hand wrap (offhand),1970,2546,0,0,0,0,0,0,0,0,0,0,0,0,0,0,0,13,0,1,0,0,0,0,0,0,0,0,0,0,0,0,0,0,0,0,0,0,0,0,0,,0,,,,,,,,,,,,,,,,,,,,,,,,,,,,,,,,,,,,,,,,,,,,,,,,,,85,,,
3728,Scorched Lab h2h fist wrap (mainhand),1971,2546,0,0,0,0,0,0,0,0,0,0,0,0,0,0,0,13,0,1,0,0,0,0,0,0,0,0,0,0,0,0,0,0,0,0,0,0,0,0,0,,0,,,,,,,,,,,,,,,,,,,,,,,,,,,,,,,,,,,,,,,,,,,,,,,,,,85,,,
3729,Scorched Lab h2h thrust offhand,1966,233,0,0,0,0,0,0,0,0,0,0,0,0,0,0,0,13,0,1,0,0,0,0,0,0,0,0,0,0,0,0,0,0,0,0,0,0,0,0,0,,0,,,,,,,,,,,,,,,,,,,,,,,,,,,,,,,,,,,,,,,,,,,,,,,,,,85,,,
3730,Scorched Lab h2h thrust mainhand,1967,233,0,0,0,0,0,0,0,0,0,0,0,0,0,0,0,13,0,1,0,0,0,0,0,0,0,0,0,0,0,0,0,0,0,0,0,0,0,0,0,,0,,,,,,,,,,,,,,,,,,,,,,,,,,,,,,,,,,,,,,,,,,,,,,,,,,85,,,
3731,Scorched Lab Harp,1965,2516,0,0,0,0,0,0,0,0,0,0,0,0,0,0,0,0,1,0,0,0,0,0,0,0,0,0,0,0,0,0,0,0,0,0,0,0,0,0,0,,0,,,,,,,,,,,,,,,,,,,,,,,,,,,,,,,,,,,,,,,,,,,,,,,,,,,,,
3732,Inside Mauler Unlock Trophy,1,544,0,0,0,0,0,0,0,0,0,0,0,0,0,0,0,0,0,0,0,0,0,0,0,0,0,0,0,0,0,0,0,0,1972,0,0,0,0,0,0,1,0,,,,,,,,,,,,,,,,,,,,,,,,,,,,,,,,,,,,,,,,,,,,,,,,,,,,,
3733,Outside Mauler Unlock Trophy,1,544,0,0,0,0,0,0,0,0,0,0,0,0,0,0,0,0,0,0,0,0,0,0,0,0,0,0,0,0,0,0,0,0,1972,0,0,0,0,0,0,1,0,1,1,,,,,,,,,,,,,,,,,,,,,,,,,,,,,,,,,,,,,,,,,,,,,,,,,,,
3734,Destroyed Demon Seal Prop,1973,1,0,0,0,0,0,0,0,0,0,0,0,0,0,0,0,0,0,0,0,0,0,0,0,0,0,0,0,0,0,0,0,0,0,0,0,0,0,0,0,0,0,,,,,,,,1,,,,,,,,,,,,,,,,,,,,,,,,,,,,,,,,,,,,,,,,,,,,,
3735,Return to Bind Effect - Alb,1064,1,0,0,0,0,0,0,0,0,0,0,0,0,0,0,0,0,0,0,0,0,0,0,0,0,0,0,0,0,0,0,0,0,0,0,0,0,0,0,0,0,0,,,,,,,,,,,176,,,,,,,,,,,,,,,,,,,,,,,,,,,,,,,,,,,,,,,,,,
3736,Return to Bind Effect - Mid,1064,1,0,0,0,0,0,0,0,0,0,0,0,0,0,0,0,0,0,0,0,0,0,0,0,0,0,0,0,0,0,0,0,0,0,0,0,0,0,0,0,0,0,,,,,,,,,,,177,,,,,,,,,,,,,,,,,,,,,,,,,,,,,,,,,,,,,,,,,,
3737,Return to Bind Effect - Hib,1064,1,0,0,0,0,0,0,0,0,0,0,0,0,0,0,0,0,0,0,0,0,0,0,0,0,0,0,0,0,0,0,0,0,0,0,0,0,0,0,0,0,0,,,,,,,,,,,178,,,,,,,,,,,,,,,,,,,,,,,,,,,,,,,,,,,,,,,,,,
3738,Negative Maelstrom,1067,1,0,0,0,0,0,0,0,0,0,0,0,0,0,0,0,0,0,0,0,0,0,0,0,0,0,0,0,0,0,0,0,0,0,0,0,0,0,0,0,0,0,,,,,,,,,,,,179,180,181,,,,,,,,,,,,,,,,,,,,,,,,,,,,,,,,,,,,,,,
3739,Hibernian Dragon Egg,1974,2883,0,0,0,0,0,0,0,0,0,0,0,0,0,0,0,0,0,0,0,0,0,0,0,0,0,0,0,0,0,0,0,0,0,0,0,0,0,0,0,0,0,,,,,,,,1,,,,,,,,,,,,,,,,,,,,,,,,,,,,,,,,,,,,,,,,,,,,,
3740,Midgard Dragon Egg,1975,2883,0,0,0,0,0,0,0,0,0,0,0,0,0,0,0,0,0,0,0,0,0,0,0,0,0,0,0,0,0,0,0,0,0,0,0,0,0,0,0,0,0,,,,,,,,1,,,,,,,,,,,,,,,,,,,,,,,,,,,,,,,,,,,,,,,,,,,,,
3741,Albion Dragon Egg,1976,2883,0,0,0,0,0,0,0,0,0,0,0,0,0,0,0,0,0,0,0,0,0,0,0,0,0,0,0,0,0,0,0,0,0,0,0,0,0,0,0,0,0,,,,,,,,1,,,,,,,,,,,,,,,,,,,,,,,,,,,,,,,,,,,,,,,,,,,,,
3742,Charred Skeleton Prop,1977,1,0,0,0,0,0,0,0,0,0,0,0,0,0,0,0,0,0,0,0,0,0,0,0,0,0,0,0,0,0,0,0,0,0,0,0,0,0,0,0,0,0,,,,,,,,1,,,,,,,,,,,,,,,,,,,,,,,,,,,,,,,,,,,,,,,,,,,,,
3743,Valentines Day Card,1,2880,0,0,0,0,0,0,0,0,0,0,0,0,0,0,0,0,0,0,0,0,0,0,0,0,0,0,0,0,0,0,0,0,0,0,0,0,0,0,0,,0,,,,,,,,,,,,,,,,,,,,,,,,,,,,,,,,,,,,,,,,,,,,,,,,,,,,,
3744,Valentines Day Kiss,1,2881,0,0,0,0,0,0,0,0,0,0,0,0,0,0,0,0,0,0,0,0,0,0,0,0,0,0,0,0,0,0,0,0,0,0,0,0,0,0,0,,0,,,,,,,,,,,,,,,,,,,,,,,,,,,,,,,,,,,,,,,,,,,,,,,,,,,,,
3745,Valentines Day Heart Box,1,2882,0,0,0,0,0,0,0,0,0,0,0,0,0,0,0,0,0,0,0,0,0,0,0,0,0,0,0,0,0,0,0,0,0,0,0,0,0,0,0,,0,,,,,,,,,,,,,,,,,,,,,,,,,,,,,,,,,,,,,,,,,,,,,,,,,,,,,
3746,Broken Alb Dragon Egg,1978,2884,0,0,0,0,0,0,0,0,0,0,0,0,0,0,0,0,0,0,0,0,0,0,0,0,0,0,0,0,0,0,0,0,0,0,0,0,0,0,0,0,0,,,,,,,,1,,,,,,,,,,,,,,,,,,,,,,,,,,,,,,,,,,,,,,,,,,,,,
3747,Cracked Alb Dragon Egg,1979,2884,0,0,0,0,0,0,0,0,0,0,0,0,0,0,0,0,0,0,0,0,0,0,0,0,0,0,0,0,0,0,0,0,0,0,0,0,0,0,0,0,0,,,,,,,,1,,,,,,,,,,,,,,,,,,,,,,,,,,,,,,,,,,,,,,,,,,,,,
3748,Broken Hib Dragon Egg,1980,2884,0,0,0,0,0,0,0,0,0,0,0,0,0,0,0,0,0,0,0,0,0,0,0,0,0,0,0,0,0,0,0,0,0,0,0,0,0,0,0,0,0,,,,,,,,1,,,,,,,,,,,,,,,,,,,,,,,,,,,,,,,,,,,,,,,,,,,,,
3749,Cracked Hib Dragon Egg,1981,2884,0,0,0,0,0,0,0,0,0,0,0,0,0,0,0,0,0,0,0,0,0,0,0,0,0,0,0,0,0,0,0,0,0,0,0,0,0,0,0,0,0,,,,,,,,1,,,,,,,,,,,,,,,,,,,,,,,,,,,,,,,,,,,,,,,,,,,,,
3750,Broken Mid Dragon Egg,1982,2884,0,0,0,0,0,0,0,0,0,0,0,0,0,0,0,0,0,0,0,0,0,0,0,0,0,0,0,0,0,0,0,0,0,0,0,0,0,0,0,0,0,,,,,,,,1,,,,,,,,,,,,,,,,,,,,,,,,,,,,,,,,,,,,,,,,,,,,,
3751,Cracked Mid Dragon Egg,1983,2884,0,0,0,0,0,0,0,0,0,0,0,0,0,0,0,0,0,0,0,0,0,0,0,0,0,0,0,0,0,0,0,0,0,0,0,0,0,0,0,0,0,,,,,,,,1,,,,,,,,,,,,,,,,,,,,,,,,,,,,,,,,,,,,,,,,,,,,,
3752,Valentines Day Cloak,1,119,0,0,0,0,0,0,0,362,0,0,0,0,1,0,0,0,0,0,0,0,0,0,0,0,0,0,0,0,0,0,0,0,0,0,0,0,0,0,0,,0,,,,,,,,,,,,,,,,,,,,,,,,,,,,5473,,,,,,,,,,,,,,,,,,,,,,,,,
3753,Four Leaf Clover,1,2286,0,0,0,0,0,0,0,0,0,0,0,0,0,0,0,0,0,0,0,0,0,0,0,0,0,0,0,0,0,0,0,0,0,0,0,0,0,0,0,,0,,,,,,,,,,,,,,,,,,,,,,,,,,,,,,,,,,,,,,,,,,,,,,,,,,,,,
3754,Easter Egg,1,2888,0,0,0,0,0,0,0,0,0,0,0,0,0,0,0,0,0,0,0,0,0,0,0,0,0,0,0,0,0,0,0,0,0,0,0,0,0,0,0,,0,,,,,,,,,,,,,,,,,,,,,,,,,,,,,,,,,,,,,,,,,,,,,,,,,,,,,
3755,Pot of Gold,1,2285,0,0,0,0,0,0,0,0,0,0,0,0,0,0,0,0,0,0,0,0,0,0,0,0,0,0,0,0,0,0,0,0,0,0,0,0,0,0,0,,0,,,,,,,,,,,,,,,,,,,,,,,,,,,,,,,,,,,,,,,,,,,,,,,,,,,,,
3756,Four Leaf Clover Necklace,1,2890,0,0,0,0,0,0,0,0,0,0,0,0,0,0,0,0,0,0,0,0,0,0,0,0,0,0,0,0,0,0,0,0,0,0,0,0,0,0,0,,0,,,,,,,,,,,,,,,,,,,,,,,,,,,,,,,,,,,,,,,,,,,,,,,,,,,,,
3757,Three Leaf Clover,1,2891,0,0,0,0,0,0,0,0,0,0,0,0,0,0,0,0,0,0,0,0,0,0,0,0,0,0,0,0,0,0,0,0,0,0,0,0,0,0,0,,0,,,,,,,,,,,,,,,,,,,,,,,,,,,,,,,,,,,,,,,,,,,,,,,,,,,,,
3758,Dragonsworn Leather Vest,1,105,301,302,0,0,305,0,0,0,0,0,1,1,0,0,0,0,0,0,0,0,0,0,0,0,0,0,0,0,0,0,0,0,0,0,0,0,0,0,0,,0,,,,,,,,,,,,,,,,,,,,,1,5483,5482,,,,,,,,,,,,,,,,,,,,,,,,,,,,,,
3759,Dragonsworn Leather Legs,1,121,0,0,0,0,0,306,0,0,0,0,0,0,0,0,0,0,0,0,0,0,0,0,0,0,0,0,0,0,0,0,0,0,0,0,0,0,0,0,0,,0,,,,,,,,,,,,,,,,,,,,,1,,,,,5486,,,,,,,,,,,,,,,,,,,,,,,,,,,
3760,Dragonsworn Leather Arms,1,111,0,0,303,0,0,0,0,0,0,0,0,0,0,0,0,0,0,0,0,0,0,0,0,0,0,0,0,0,0,0,0,0,0,0,0,0,0,0,0,,0,,,,,,,,,,,,,,,,,,,,,1,,,5481,,,,,,,,,,,,,,,,,,,,,,,,,,,,,
3761,Dragonsworn Leather Gloves,1,115,0,0,0,304,0,0,0,0,0,0,0,0,0,0,0,0,0,0,0,0,0,0,0,0,0,0,0,0,0,0,0,0,0,0,0,0,0,0,0,,0,,,,,,,,,,,,,,,,,,,,,1,,,,5485,,,,,2,,,,,,,,,,,,,,,,,,,,,,,
3762,Dragonsworn Leather Boots,1,125,0,0,0,0,0,0,307,0,0,0,0,0,0,0,0,0,0,0,0,0,0,0,0,0,0,0,0,0,0,0,0,0,0,0,0,0,0,0,0,,0,,,,,,,,,,,,,,,,,,,,,1,,,,,,5484,,,,2,,,,,,,,,,,,,,,,,,,,,,
3763,Dragonsworn Chain Vest,1,106,337,338,0,0,341,0,0,0,0,0,2,1,0,0,0,0,0,0,0,0,0,0,0,0,0,0,0,0,0,0,0,0,0,0,0,0,0,0,0,,0,,,,,,,,,,,,,,,,,,,,,1,5501,5500,,,,,,6,,,1,1,,,,,,,,,,,,,,,,,,,,
3764,Dragonsworn Chain Legs,1,122,0,0,0,0,0,342,0,0,0,0,0,0,0,0,0,0,0,0,0,0,0,0,0,0,0,0,0,0,0,0,0,0,0,0,0,0,0,0,0,,0,,,,,,,,,,,,,,,,,,,,,1,,,,,5504,,,,,,,,,,,,,,,,,,,,,,,,,,,
3765,Dragonsworn Chain Arms,1,112,0,0,339,0,0,0,0,0,0,0,0,0,0,0,0,0,0,0,0,0,0,0,0,0,0,0,0,0,0,0,0,0,0,0,0,0,0,0,0,,0,,,,,,,,,,,,,,,,,,,,,1,,,5499,,,,,,,,,,,,,,,,,,,,,,,,,,,,,
3766,Dragonsworn Chain Gloves,1,116,0,0,0,340,0,0,0,0,0,0,0,0,0,0,0,0,0,0,0,0,0,0,0,0,0,0,0,0,0,0,0,0,0,0,0,0,0,0,0,,0,,,,,,,,,,,,,,,,,,,,,1,,,,5503,,,,,2,,,,,,,,,,,,,,,,,,,,,,,
3767,Dragonsworn Chain Boots,1,126,0,0,0,0,0,0,343,0,0,0,0,0,0,0,0,0,0,0,0,0,0,0,0,0,0,0,0,0,0,0,0,0,0,0,0,0,0,0,0,,0,,,,,,,,,,,,,,,,,,,,,1,,,,,,5502,,,,2,,,,,,,,,,,,,,,,,,,,,,
3768,Dragonsworn Plate Chest,1,109,345,346,0,0,349,0,0,0,0,0,1,1,0,0,0,0,0,0,0,0,0,0,0,0,0,0,0,0,0,0,0,0,0,0,0,0,0,0,0,,0,,,,,,,,,,,,,,,,,,,,,1,5507,5506,,,,,,12,,,1,1,,,,,,,,,,,,,,,,,,,,
3769,Dragonsworn Plate Legs,1,123,0,0,0,0,0,350,0,0,0,0,0,0,0,0,0,0,0,0,0,0,0,0,0,0,0,0,0,0,0,0,0,0,0,0,0,0,0,0,0,,0,,,,,,,,,,,,,,,,,,,,,1,,,,,5510,,,,,,,,,,,,,,,,,,,,,,,,,,,
3770,Dragonsworn Plate Arms,1,113,0,0,347,0,0,0,0,0,0,0,0,0,0,0,0,0,0,0,0,0,0,0,0,0,0,0,0,0,0,0,0,0,0,0,0,0,0,0,0,,0,,,,,,,,,,,,,,,,,,,,,1,,,5505,,,,,,,,,,,,,,,,,,,,,,,,,,,,,
3771,Dragonsworn Plate Gloves,1,117,0,0,0,348,0,0,0,0,0,0,0,0,0,0,0,0,0,0,0,0,0,0,0,0,0,0,0,0,0,0,0,0,0,0,0,0,0,0,0,,0,,,,,,,,,,,,,,,,,,,,,1,,,,5509,,,,,4,,,,,,,,,,,,,,,,,,,,,,,
3772,Dragonsworn Plate Boots,1,127,0,0,0,0,0,0,351,0,0,0,0,0,0,0,0,0,0,0,0,0,0,0,0,0,0,0,0,0,0,0,0,0,0,0,0,0,0,0,0,,0,,,,,,,,,,,,,,,,,,,,,1,,,,,,5508,,,,4,,,,,,,,,,,,,,,,,,,,,,
3773,Dragonsworn Scale Vest,1,106,689,690,0,0,693,0,0,0,0,0,1,1,0,0,0,0,0,0,0,0,0,0,0,0,0,0,0,0,0,0,0,0,0,0,0,0,0,0,0,,0,,,,,,,,,,,,,,,,,,,,,1,5495,5494,,,,,,18,,,1,1,,,,,,,,,,,,,,,,,,,,
3774,Dragonsworn Scale Legs,1,122,0,0,0,0,0,694,0,0,0,0,0,0,0,0,0,0,0,0,0,0,0,0,0,0,0,0,0,0,0,0,0,0,0,0,0,0,0,0,0,,0,,,,,,,,,,,,,,,,,,,,,1,,,,,5478,,,,,,,,,,,,,,,,,,,,,,,,,,,
3775,Dragonsworn Scale Arms,1,112,0,0,691,0,0,0,0,0,0,0,0,0,0,0,0,0,0,0,0,0,0,0,0,0,0,0,0,0,0,0,0,0,0,0,0,0,0,0,0,,0,,,,,,,,,,,,,,,,,,,,,1,,,5493,,,,,,,,,,,,,,,,,,,,,,,,,,,,,
3776,Dragonsworn Scale Gloves,1,116,0,0,0,692,0,0,0,0,0,0,0,0,0,0,0,0,0,0,0,0,0,0,0,0,0,0,0,0,0,0,0,0,0,0,0,0,0,0,0,,0,,,,,,,,,,,,,,,,,,,,,1,,,,5497,,,,,6,,,,,,,,,,,,,,,,,,,,,,,
3777,Dragonsworn Scale Boots,1,126,0,0,0,0,0,0,695,0,0,0,0,0,0,0,0,0,0,0,0,0,0,0,0,0,0,0,0,0,0,0,0,0,0,0,0,0,0,0,0,,0,,,,,,,,,,,,,,,,,,,,,1,,,,,,5496,,,,6,,,,,,,,,,,,,,,,,,,,,,
3778,Dragonsworn studded Vest,1,161,330,331,0,0,334,0,0,0,0,0,2,1,0,0,0,0,0,0,0,0,0,0,0,0,0,0,0,0,0,0,0,0,0,0,0,0,0,0,0,,0,,,,,,,,,,,,,,,,,,,,,1,5489,5488,,,,,,19,,,1,1,,,,,,,,,,,,,,,,,,,,
3779,Dragonsworn studded Legs,1,166,0,0,0,0,0,335,0,0,0,0,0,0,0,0,0,0,0,0,0,0,0,0,0,0,0,0,0,0,0,0,0,0,0,0,0,0,0,0,0,,0,,,,,,,,,,,,,,,,,,,,,1,,,,,5486,,,,,,,,,,,,,,,,,,,,,,,,,,,
3780,Dragonsworn studded Arms,1,164,0,0,332,0,0,0,0,0,0,0,0,0,0,0,0,0,0,0,0,0,0,0,0,0,0,0,0,0,0,0,0,0,0,0,0,0,0,0,0,,0,,,,,,,,,,,,,,,,,,,,,1,,,5487,,,,,,,,,,,,,,,,,,,,,,,,,,,,,
3781,Dragonsworn studded Boots,1,167,0,0,0,0,0,0,336,0,0,0,0,0,0,0,0,0,0,0,0,0,0,0,0,0,0,0,0,0,0,0,0,0,0,0,0,0,0,0,0,,0,,,,,,,,,,,,,,,,,,,,,1,,,,,,5490,,,,3,,,,,,,,,,,,,,,,,,,,,,
3782,Dragonsworn studded Gloves,1,165,0,0,0,333,0,0,0,0,0,0,0,0,0,0,0,0,0,0,0,0,0,0,0,0,0,0,0,0,0,0,0,0,0,0,0,0,0,0,0,,0,,,,,,,,,,,,,,,,,,,,,1,,,,5491,,,,,3,,,,,,,,,,,,,,,,,,,,,,,
3783,Dragonsworn Robe,1,118,363,364,366,0,365,0,0,0,0,0,3,3,0,0,0,0,0,0,0,0,0,0,0,0,0,0,0,0,0,0,0,0,0,0,0,0,0,0,0,,0,,,,,,,,,,,,,,,,,,,,,1,5512,5511,,,,,,16,5,5,-1,-1,,,,,,,,,,,,,,,,,,,,
3784,Dragonsworn Cloth Legs,1,120,0,0,0,0,0,529,0,0,0,0,0,0,0,0,0,0,0,0,0,0,0,0,0,0,0,0,0,0,0,0,0,0,0,0,0,0,0,0,0,,0,,,,,,,,,,,,,,,,,,,,,1,,,,,5478,,,,,,,,,,,,,,,,,,,,,,1,,,,,
3785,Dragonsworn Cloth Arms,1,110,0,0,530,0,0,0,0,0,0,0,0,0,0,0,0,0,0,0,0,0,0,0,0,0,0,0,0,0,0,0,0,0,0,0,0,0,0,0,0,,0,,,,,,,,,,,,,,,,,,,,,1,,,5479,,,,,,,,,,,,,,,,,,,,,,,,1,,,,,
3786,Dragonsworn Cloth Gloves,1,114,0,0,0,527,0,0,0,0,0,0,0,0,0,0,0,0,0,0,0,0,0,0,0,0,0,0,0,0,0,0,0,0,0,0,0,0,0,0,0,,0,,,,,,,,,,,,,,,,,,,,,1,,,,5477,,,,,7,,,,,,,,,,,,,,,,,,1,,,,,
3787,Dragonsworn Cloth Boots,1,124,0,0,0,0,0,0,527,0,0,0,0,0,0,0,0,0,0,0,0,0,0,0,0,0,0,0,0,0,0,0,0,0,0,0,0,0,0,0,0,,0,,,,,,,,,,,,,,,,,,,,,1,,,,,,5476,,,,7,,,,,,,,,,,,,,,,,,,,,,
3788,Dragonsworn Cloth Vest,1,104,525,524,0,0,528,0,0,0,0,0,1,1,0,0,0,0,0,0,0,0,0,0,0,0,0,0,0,0,0,0,0,0,0,0,0,0,0,0,0,,0,,,,,,,,,,,,,,,,,,,,,1,5475,5480,,,,,,1,,,1,1,,,,,,,,,,,,,,,1,,,,,
3789,Dragonsworn Cloak Emblem,1,119,0,0,0,0,0,0,0,362,0,0,0,0,1,0,0,0,0,0,0,0,0,0,0,0,0,0,0,0,0,0,0,0,0,0,0,0,0,0,0,,0,,,,,,,,,,,,,,,,,,,,,,,,,,,,5515,,,,,,,,,,,,,,,,,,,,,,,,,
3790,Dragonsworn Cloak Ornate,1,119,0,0,0,0,0,0,0,362,0,0,0,0,1,0,0,0,0,0,0,0,0,0,0,0,0,0,0,0,0,0,0,0,0,0,0,0,0,0,0,,0,,,,,,,,,,,,,,,,,,,,,,,,,,,,5513,,,,,,,,,,,,,,,,,,,,,,,,,
3791,Dragonsworn Cloak Standard,1,119,0,0,0,0,0,0,0,362,0,0,0,0,1,0,0,0,0,0,0,0,0,0,0,0,0,0,0,0,0,0,0,0,0,0,0,0,0,0,0,,0,,,,,,,,,,,,,,,,,,,,,,,,,,,,5514,,,,,,,,,,,,,,,,,,,,,,,,,
3792,Easter Egg Basket,1,2889,0,0,0,0,0,0,0,0,0,0,0,0,0,0,0,0,0,0,0,0,0,0,0,0,0,0,0,0,0,0,0,0,0,0,0,0,0,0,0,,0,,,,,,,,,,,,,,,,,,,,,,,,,,,,,,,,,,,,,,,,,,,,,,,,,,,,,
3793,Dragonsworn Midgard Robe,1,104,363,364,366,0,365,0,0,0,0,0,2,2,0,0,0,0,0,0,0,0,0,0,0,0,0,0,0,0,0,0,0,0,0,0,0,0,0,0,0,,0,,,,,,,,,,,,,,,,,,,,,1,5512,5511,,,,,,16,5,5,-1,-1,,,,,,,,,,,,,,,,,,,,
3794,Robe 1 - Midgard Version of Icon 58,1,118,363,364,366,0,365,0,0,0,0,0,2,2,0,0,0,0,0,0,0,0,0,0,0,0,0,0,0,0,0,0,0,0,0,0,0,0,0,0,0,,0,,,,,,,,,,,,,,,,,,,,,1,4048,4049,,,,,,16,5,5,-1,-1,,,,,,,,,,,,,,,,,,,,
3795,Robe 2 - Midgard Version of Icon 65,1,118,367,368,370,0,369,0,0,0,0,0,2,2,0,0,0,0,0,0,0,0,0,0,0,0,0,0,0,0,0,0,0,0,0,0,0,0,0,0,0,,0,,,,,,,,,,,,,,,,,,,,,1,4050,4051,,,,,,16,5,5,-1,-1,,,,,,,,,,,,,,,,,,,,
3796,Robe 3 - Midgard Version of Icon 66,1,118,371,372,374,0,373,0,0,0,0,0,2,2,0,0,0,0,0,0,0,0,0,0,0,0,0,0,0,0,0,0,0,0,0,0,0,0,0,0,0,,0,,,,,,,,,,,,,,,,,,,,,1,4052,4053,,,,,,16,5,5,-1,-1,,,,,,,,,,,,,,,,,,,,
3797,Robe 0 - Midgard Version of Icon 683,1,118,795,796,798,0,797,0,0,0,0,0,2,2,0,0,0,0,0,0,0,0,0,0,0,0,0,0,0,0,0,0,0,0,0,0,0,0,0,0,0,,0,,,,,,,,,,,,,,,,,,,,,1,4356,4357,,,,,,16,5,5,-1,-1,,,,,,,,,,,,,,,,,,,,
3798,Robe 4 - Midgard Version of Icon 684,1,118,375,376,792,0,791,0,0,0,0,0,2,2,0,0,0,0,0,0,0,0,0,0,0,0,0,0,0,0,0,0,0,0,0,0,0,0,0,0,0,,0,,,,,,,,,,,,,,,,,,,,,1,4054,4055,,,,,,16,5,5,-1,-1,,,,,,,,,,,,,,,,,,,,
3799,Robe 5 - Midgard Version of Icon 685,1,118,377,378,794,0,793,0,0,0,0,0,2,2,0,0,0,0,0,0,0,0,0,0,0,0,0,0,0,0,0,0,0,0,0,0,0,0,0,0,0,,0,,,,,,,,,,,,,,,,,,,,,1,4056,4057,,,,,,16,5,5,-1,-1,,,,,,,,,,,,,,,,,,,,
3800,Albion Realm Cloak,1,119,0,0,0,0,0,0,0,362,0,0,0,0,1,0,0,0,0,0,0,0,0,0,0,0,0,0,0,0,0,0,0,0,0,0,0,0,0,0,0,,0,,,,,,,,,,,,,,,,,,,,,,,,,,,,5517,,,,,,,,,,,,,,,,,,,,,,,,,
3801,Midgard Realm Cloak,1,119,0,0,0,0,0,0,0,362,0,0,0,0,1,0,0,0,0,0,0,0,0,0,0,0,0,0,0,0,0,0,0,0,0,0,0,0,0,0,0,,0,,,,,,,,,,,,,,,,,,,,,,,,,,,,5518,,,,,,,,,,,,,,,,,,,,,,,,,
3802,Hibernian Realm Cloak,1,119,0,0,0,0,0,0,0,362,0,0,0,0,1,0,0,0,0,0,0,0,0,0,0,0,0,0,0,0,0,0,0,0,0,0,0,0,0,0,0,,0,,,,,,,,,,,,,,,,,,,,,,,,,,,,5516,,,,,,,,,,,,,,,,,,,,,,,,,
3803,Saw Horse Prop,1984,1,0,0,0,0,0,0,0,0,0,0,0,0,0,0,0,0,0,0,0,0,0,0,0,0,0,0,0,0,0,0,0,0,0,0,0,0,0,0,0,0,0,,,,,,,,1,,,,,,,,,,,,,,,,,,,,,,,,,,,,,,,,,,,,,,,,,,,,,
3804,Dragonsworn Medallion,1,2892,0,0,0,0,0,0,0,0,0,0,0,0,0,0,0,0,0,0,0,0,0,0,0,0,0,0,0,0,0,0,0,0,0,0,0,0,0,0,0,,0,,,,,,,,,,,,,,,,,,,,,,,,,,,,,,,,,,,,,,,,,,,,,,,,,,,,,
3805,Flawed Dragonsworn Weapons,1,2893,0,0,0,0,0,0,0,0,0,0,0,0,0,0,0,0,0,0,0,0,0,0,0,0,0,0,0,0,0,0,0,0,0,0,0,0,0,0,0,,0,,,,,,,,,,,,,,,,,,,,,,,,,,,,,,,,,,,,,,,,,,,,,,,,,,,,,
3806,Flawed Dragonsworn Armor,1,2894,0,0,0,0,0,0,0,0,0,0,0,0,0,0,0,0,0,0,0,0,0,0,0,0,0,0,0,0,0,0,0,0,0,0,0,0,0,0,0,,0,,,,,,,,,,,,,,,,,,,,,,,,,,,,,,,,,,,,,,,,,,,,,,,,,,,,,
3807,Albion Medal of Honor,1,2895,0,0,0,0,0,0,0,0,0,0,0,0,0,0,0,0,0,0,0,0,0,0,0,0,0,0,0,0,0,0,0,0,0,0,0,0,0,0,0,,0,,,,,,,,,,,,,,,,,,,,,,,,,,,,,,,,,,,,,,,,,,,,,,,,,,,,,
3808,Midgard Medal of Honor,1,2896,0,0,0,0,0,0,0,0,0,0,0,0,0,0,0,0,0,0,0,0,0,0,0,0,0,0,0,0,0,0,0,0,0,0,0,0,0,0,0,,0,,,,,,,,,,,,,,,,,,,,,,,,,,,,,,,,,,,,,,,,,,,,,,,,,,,,,
3809,Hibernia Medal of Honor,1,2897,0,0,0,0,0,0,0,0,0,0,0,0,0,0,0,0,0,0,0,0,0,0,0,0,0,0,0,0,0,0,0,0,0,0,0,0,0,0,0,,0,,,,,,,,,,,,,,,,,,,,,,,,,,,,,,,,,,,,,,,,,,,,,,,,,,,,,
3810,Small Scaffolding Prop,1985,1,0,0,0,0,0,0,0,0,0,0,0,0,0,0,0,0,0,0,0,0,0,0,0,0,0,0,0,0,0,0,0,0,0,0,0,0,0,0,0,0,0,,,,,,,,1,,,,,,,,,,,,,,,,,,,,,,,,,,,,,,,,,,,,,,,,,,,,,
3811,Medium Scaffolding Prop,1986,1,0,0,0,0,0,0,0,0,0,0,0,0,0,0,0,0,0,0,0,0,0,0,0,0,0,0,0,0,0,0,0,0,0,0,0,0,0,0,0,0,0,,,,,,,,1,,,,,,,,,,,,,,,,,,,,,,,,,,,,,,,,,,,,,,,,,,,,,
3812,Large Scaffolding Prop,1987,1,0,0,0,0,0,0,0,0,0,0,0,0,0,0,0,0,0,0,0,0,0,0,0,0,0,0,0,0,0,0,0,0,0,0,0,0,0,0,0,0,0,,,,,,,,1,,,,,,,,,,,,,,,,,,,,,,,,,,,,,,,,,,,,,,,,,,,,,
3813,Dragonsworn Flex Thrust,1989,231,0,0,0,0,0,0,0,0,0,0,0,0,0,1,0,9,0,20,0,0,0,0,0,0,0,0,0,0,0,0,0,0,0,0,0,0,0,0,0,,0,,,,,,,,,,,,,,,,,,,,,,,,,,,,,,,,,,,,,,,,,,,,,,,,,,,,,
3814,Dragonsworn Flex Slash,1990,231,0,0,0,0,0,0,0,0,0,0,0,0,0,1,0,9,0,20,0,0,0,0,0,0,0,0,0,0,0,0,0,0,0,0,0,0,0,0,0,,0,,,,,,,,,,,,,,,,,,,,,,,,,,,,,,,,,,,,,,,,,,,,,,,,,,,,,
3815,Dragonsworn Flex Crush,1991,231,0,0,0,0,0,0,0,0,0,0,0,0,0,1,0,11,0,20,0,0,0,0,0,0,0,0,0,0,0,0,0,0,0,0,0,0,0,0,0,,0,,,,,,,,,,,,,,,,,,,,,,,,,,,,,,,,,,,,,,,,,,,,,,,,,,,,,
3816,Dragonsworn Crossbow,2020,227,0,0,0,0,0,0,0,0,0,0,0,0,0,0,0,6,1,3,0,0,0,0,0,0,0,0,0,0,0,0,0,0,0,0,0,0,0,0,0,,0,,,,,,,,,,,,,,,,,,,,,,,,,,,,,,,,,,,,,,,,,,,,,,,,,,,,,
3817,Dragonsworn 2 Handed Sword Thrust,2019,203,0,0,0,0,0,0,0,0,0,0,0,0,0,1,0,2,0,1,0,0,0,0,0,0,0,0,0,0,0,0,0,0,0,0,0,0,0,0,0,,0,,,,,,,,,,,,,,,,,,,,,,,,,,,,,,,,,,,,,,,,,,,,,,,,,,,,,
3818,Dragonsworn 2 Handed Sword Slash,2018,203,0,0,0,0,0,0,0,0,0,0,0,0,0,1,0,2,0,1,0,0,0,0,0,0,0,0,0,0,0,0,0,0,0,0,0,0,0,0,0,,0,,,,,,,,,,,,,,,,,,,,,,,,,,,,,,,,,,,,,,,,,,,,,,,,,,,,,
3819,Dragonsworn 2 Handed Spear Thrust,2002,207,0,0,0,0,0,0,0,0,0,0,0,0,0,0,0,3,2,21,0,0,0,0,0,0,0,0,0,0,0,0,0,0,0,0,0,0,0,0,0,,0,,,,,,,,,,,,,,,,,,,,,,,,,,,,,,,,,,,,,,,,,,,,,,,,,,,,,
3820,Dragonsworn 2 Handed Spear Slash,2001,207,0,0,0,0,0,0,0,0,0,0,0,0,0,0,0,3,2,21,0,0,0,0,0,0,0,0,0,0,0,0,0,0,0,0,0,0,0,0,0,,0,,,,,,,,,,,,,,,,,,,,,,,,,,,,,,,,,,,,,,,,,,,,,,,,,,,,,
3821,Dragonsworn 2 Handed Hammer,2017,219,0,0,0,0,0,0,0,0,0,0,0,0,0,1,0,2,0,5,0,0,0,0,0,0,0,0,0,0,0,0,0,0,0,0,0,0,0,0,0,,0,,,,,,,,,,,,,,,,,,,,,,,,,,,,,,,,,,,,,,,,,,,,,,,,,,,,,
3822,Dragonsworn 2 Handed Axe,2016,217,0,0,0,0,0,0,0,0,0,0,0,0,0,1,0,2,0,4,0,0,0,0,0,0,0,0,0,0,0,0,0,0,0,0,0,0,0,0,0,,0,,,,,,,,,,,,,,,,,,,,,,,,,,,,,,,,,,,,,,,,,,,,,,,,,,,,,
3823,Dragonsworn Long Bow,2021,223,0,0,0,0,0,0,0,0,0,0,0,0,0,0,0,5,1,7,0,0,0,0,0,0,0,0,0,0,0,0,0,0,0,0,0,0,0,0,0,,0,,,,,,,,,,,,,,,,,,,,,,,,,,,,,,,,,,,,,,,,,,,,,,,,,,,,,
3824,Dragonsworn Short Bow,1988,223,0,0,0,0,0,0,0,0,0,0,0,0,0,0,0,5,1,7,0,0,0,0,0,0,0,0,0,0,0,0,0,0,0,0,0,0,0,0,0,,0,,,,,,,,,,,,,,,,,,,,,,,,,,,,,,,,,,,,,,,,,,,,,,,,,,,,,
3825,Dragonsworn Scythe,2004,232,0,0,0,0,0,0,0,0,0,0,0,0,0,0,0,14,0,2,0,0,0,0,0,0,0,0,0,0,0,0,0,0,0,0,0,0,0,0,0,,0,,,,,,,,,,,,,,,,,,,,,,,,,,,,,,,,,,,,,,,,,,,,,,,,,,,,,
3826,Dragonsworn Quarter Staff,2003,209,0,0,0,0,0,0,0,0,0,0,0,0,0,0,0,4,1,6,0,0,0,0,0,0,0,0,0,0,0,0,0,0,0,0,0,0,0,0,0,,0,,,,,,,,,,,,,,,,,,,,,,,,,,,,,,,,,,,,,,,,,,,,,,,,,,,,,
3827,Dragonsworn Mage Staff,1999,209,0,0,0,0,0,0,0,0,0,0,0,0,0,0,0,4,1,6,0,0,0,0,0,0,0,0,0,0,0,0,0,0,0,0,0,0,0,0,0,,0,,,,,,,,,,,,,,,,,,,,,,,,,,,,,,,,,,,,,,,,,,,,,,,,,,,,,
3828,Dragonsworn Small Shield,2007,226,0,0,0,0,0,0,0,0,0,0,0,0,0,0,1,0,0,1,0,0,0,1,0,0,0,0,0,0,0,0,0,0,0,0,0,0,0,0,0,,0,,,,,,,,,,,,,,,,,,,,,,,,,,,,,,,,,,,,,,,,,,,,,,,,1,,,,,
3829,Dragonsworn Medium Shield,2006,226,0,0,0,0,0,0,0,0,0,0,0,0,0,0,1,0,0,1,0,0,0,1,0,0,0,0,0,0,0,0,0,0,0,0,0,0,0,0,0,,0,,,,,,,,,,,,,,,,,,,,,,,,,,,,,,,,,,,,,,,,,,,,,,,,,,,,,
3830,Dragonsworn Large Shield,2005,226,0,0,0,0,0,0,0,0,0,0,0,0,0,0,1,0,0,1,0,0,0,1,0,0,0,0,0,0,0,0,0,0,0,0,0,0,0,0,0,,0,,,,,,,,,,,,,,,,,,,,,,,,,,,,,,,,,,,,,,,,,,,,,,,,1,,,,,
3831,Dragonsworn Polearm Thrust,2002,207,0,0,0,0,0,0,0,0,0,0,0,0,0,0,0,3,2,4,0,0,0,0,0,0,0,0,0,0,0,0,0,0,0,0,0,0,0,0,0,,0,,,,,,,,,,,,,,,,,,,,,,,,,,,,,,,,,,,,,,,,,,,,,,,,,,,,,
3832,Dragonsworn Polearm Slash,2001,221,0,0,0,0,0,0,0,0,0,0,0,0,0,0,0,3,2,4,0,0,0,0,0,0,0,0,0,0,0,0,0,0,0,0,0,0,0,0,0,,0,,,,,,,,,,,,,,,,,,,,,,,,,,,,,,,,,,,,,,,,,,,,,,,,,,,,,
3833,Dragonsworn Polearm Blunt,2000,219,0,0,0,0,0,0,0,0,0,0,0,0,0,0,0,3,2,4,0,0,0,0,0,0,0,0,0,0,0,0,0,0,0,0,0,0,0,0,0,,0,,,,,,,,,,,,,,,,,,,,,,,,,,,,,,,,,,,,,,,,,,,,,,,,,,,,,
3834,Dragonsworn 1h slash Offhand,2013,201,0,0,0,0,0,0,0,0,0,0,0,0,0,1,0,1,0,1,0,0,0,0,0,0,0,0,0,0,0,0,0,0,0,0,0,0,0,0,0,,0,,,,,,,,,,,,,,,,,,,,,,,,,,,,,,,,,,,,,,,,,,,,,,,,,,,,,
3835,Dragonsworn 1h slash Mainhand,2012,202,0,0,0,0,0,0,0,0,0,0,0,0,0,1,0,1,0,1,0,0,0,0,0,0,0,0,0,0,0,0,0,0,0,0,0,0,0,0,0,,0,,,,,,,,,,,,,,,,,,,,,,,,,,,,,,,,,,,,,,,,,,,,,,,,,,,,,
3836,Dragonsworn 1h hammer offhand,2011,210,0,0,0,0,0,0,0,0,0,0,0,0,0,1,0,1,0,5,0,0,0,0,0,0,0,0,0,0,0,0,0,0,0,0,0,0,0,0,0,,0,,,,,,,,,,,,,,,,,,,,,,,,,,,,,,,,,,,,,,,,,,,,,,,,,,,,,
3837,Dragonsworn 1h hammer mainhand,2010,210,0,0,0,0,0,0,0,0,0,0,0,0,0,1,0,1,0,5,0,0,0,0,0,0,0,0,0,0,0,0,0,0,0,0,0,0,0,0,0,,0,,,,,,,,,,,,,,,,,,,,,,,,,,,,,,,,,,,,,,,,,,,,,,,,,,,,,
3838,Dragonsworn 1h thrust offhand,2015,205,0,0,0,0,0,0,0,0,0,0,0,0,0,1,0,1,0,1,0,0,0,0,0,0,0,0,0,0,0,0,0,0,0,0,0,0,0,0,0,,0,,,,,,,,,,,,,,,,,,,,,,,,,,,,,,,,,,,,,,,,,,,,,,,,,,,,,
3839,Dragonsworn 1h thrust mainhand,2014,206,0,0,0,0,0,0,0,0,0,0,0,0,0,1,0,1,0,1,0,0,0,0,0,0,0,0,0,0,0,0,0,0,0,0,0,0,0,0,0,,0,,,,,,,,,,,,,,,,,,,,,,,,,,,,,,,,,,,,,,,,,,,,,,,,,,,,,
3840,Dragonsworn 1h axe offhand,2009,200,0,0,0,0,0,0,0,0,0,0,0,0,0,1,0,1,0,4,0,0,0,0,0,0,0,0,0,0,0,0,0,0,0,0,0,0,0,0,0,,0,,,,,,,,,,,,,,,,,,,,,,,,,,,,,,,,,,,,,,,,,,,,,,,,,,,,,
3841,Dragonsworn 1h axe mainhand,2008,200,0,0,0,0,0,0,0,0,0,0,0,0,0,1,0,1,0,4,0,0,0,0,0,0,0,0,0,0,0,0,0,0,0,0,0,0,0,0,0,,0,,,,,,,,,,,,,,,,,,,,,,,,,,,,,,,,,,,,,,,,,,,,,,,,,,,,,
3842,Dragonsworn h2h slash offhand,1995,233,0,0,0,0,0,0,0,0,0,0,0,0,0,0,0,13,0,1,0,0,0,0,0,0,0,0,0,0,0,0,0,0,0,0,0,0,0,0,0,,0,,,,,,,,,,,,,,,,,,,,,,,,,,,,,,,,,,,,,,,,,,,,,,,,,,,,,
3843,Dragonsworn h2h slash mainhand,1994,233,0,0,0,0,0,0,0,0,0,0,0,0,0,0,0,13,0,1,0,0,0,0,0,0,0,0,0,0,0,0,0,0,0,0,0,0,0,0,0,,0,,,,,,,,,,,,,,,,,,,,,,,,,,,,,,,,,,,,,,,,,,,,,,,,,,,,,
3844,Dragonsworn hand wrap (offhand),1993,2546,0,0,0,0,0,0,0,0,0,0,0,0,0,0,0,13,0,1,0,0,0,0,0,0,0,0,0,0,0,0,0,0,0,0,0,0,0,0,0,,0,,,,,,,,,,,,,,,,,,,,,,,,,,,,,,,,,,,,,,,,,,,,,,,,,,,,,
3845,Dragonsworn fist wrap (mainhand),1992,2546,0,0,0,0,0,0,0,0,0,0,0,0,0,0,0,13,0,1,0,0,0,0,0,0,0,0,0,0,0,0,0,0,0,0,0,0,0,0,0,,0,,,,,,,,,,,,,,,,,,,,,,,,,,,,,,,,,,,,,,,,,,,,,,,,,,,,,
3846,Dragonsworn  h2h thrust offhand,1997,233,0,0,0,0,0,0,0,0,0,0,0,0,0,0,0,13,0,1,0,0,0,0,0,0,0,0,0,0,0,0,0,0,0,0,0,0,0,0,0,,0,,,,,,,,,,,,,,,,,,,,,,,,,,,,,,,,,,,,,,,,,,,,,,,,,,,,,
3847,Dragonsworn h2h thrust mainhand,1996,233,0,0,0,0,0,0,0,0,0,0,0,0,0,0,0,13,0,1,0,0,0,0,0,0,0,0,0,0,0,0,0,0,0,0,0,0,0,0,0,,0,,,,,,,,,,,,,,,,,,,,,,,,,,,,,,,,,,,,,,,,,,,,,,,,,,,,,
3848,Dragonworn Mandolin,1998,228,0,0,0,0,0,0,0,0,0,0,0,0,0,0,0,0,1,0,0,0,0,0,0,0,0,0,0,0,0,0,0,0,0,0,0,0,0,0,0,,0,,,,,,,,,,,,,,,,,,,,,,,,,,,,,,,,,,,,,,,,,,,,,,,,,,,,,
3849,Burned Lumber Prop 2,2022,194,0,0,0,0,0,0,0,0,0,0,0,0,0,0,0,0,0,0,0,0,0,0,0,0,0,0,0,0,0,0,0,0,0,0,0,0,0,0,0,0,0,,,,,,,,1,,,,,,,,,,,,,,,,,,,,,,,,,,,,,,,,,,,,,,,,,,,,,
3850,Burned Lumber Prop 1,2023,194,0,0,0,0,0,0,0,0,0,0,0,0,0,0,0,0,0,0,0,0,0,0,0,0,0,0,0,0,0,0,0,0,0,0,0,0,0,0,0,0,0,,,,,,,,1,,,,,,,,,,,,,,,,,,,,,,,,,,,,,,,,,,,,,,,,,,,,,
3851,Plagued Skeleton,2024,1,0,0,0,0,0,0,0,0,0,0,0,0,0,0,0,0,0,0,0,0,0,0,0,0,0,0,0,0,0,0,0,0,0,0,0,0,0,0,0,0,0,,,,,,,,1,,,,,,,,,,,,,,,,,,,,,,,,,,,,,,,,,,,,,,,,,,,,,
3852,Frozen Skeleton Prop,2025,1,0,0,0,0,0,0,0,0,0,0,0,0,0,0,0,0,0,0,0,0,0,0,0,0,0,0,0,0,0,0,0,0,0,0,0,0,0,0,0,0,0,,,,,,,,1,,,,,,,,,,,,,,,,,,,,,,,,,,,,,,,,,,,,,,,,,,,,,
3853,Single Log Prop,2026,1,0,0,0,0,0,0,0,0,0,0,0,0,0,0,0,0,0,0,0,0,0,0,0,0,0,0,0,0,0,0,0,0,0,0,0,0,0,0,0,0,0,,,,,,,,1,,,,,,,,,,,,,,,,,,,,,,,,,,,,,,,,,,,,,,,,,,,,,
3854,Sign Prop Medal of Honor,2027,1,0,0,0,0,0,0,0,0,0,0,0,0,0,0,0,0,0,0,0,0,0,0,0,0,0,0,0,0,0,0,0,0,0,0,0,0,0,0,0,0,0,,,,,,,,1,,,,,,,,,,,,,,,,,,,,,,,,,,,,,,,,,,,,,,,,,,,,,
3855,Sign Prop Need for Speed,2028,1,0,0,0,0,0,0,0,0,0,0,0,0,0,0,0,0,0,0,0,0,0,0,0,0,0,0,0,0,0,0,0,0,0,0,0,0,0,0,0,0,0,,,,,,,,1,,,,,,,,,,,,,,,,,,,,,,,,,,,,,,,,,,,,,,,,,,,,,
3856,Sign Prop Sim City,2029,1,0,0,0,0,0,0,0,0,0,0,0,0,0,0,0,0,0,0,0,0,0,0,0,0,0,0,0,0,0,0,0,0,0,0,0,0,0,0,0,0,0,,,,,,,,1,,,,,,,,,,,,,,,,,,,,,,,,,,,,,,,,,,,,,,,,,,,,,
3857,Sign Prop Army of Two,2030,1,0,0,0,0,0,0,0,0,0,0,0,0,0,0,0,0,0,0,0,0,0,0,0,0,0,0,0,0,0,0,0,0,0,0,0,0,0,0,0,0,0,,,,,,,,1,,,,,,,,,,,,,,,,,,,,,,,,,,,,,,,,,,,,,,,,,,,,,
3858,Sign Prop BF1042,2031,1,0,0,0,0,0,0,0,0,0,0,0,0,0,0,0,0,0,0,0,0,0,0,0,0,0,0,0,0,0,0,0,0,0,0,0,0,0,0,0,0,0,,,,,,,,1,,,,,,,,,,,,,,,,,,,,,,,,,,,,,,,,,,,,,,,,,,,,,
3859,Sign Prop Madden,2032,1,0,0,0,0,0,0,0,0,0,0,0,0,0,0,0,0,0,0,0,0,0,0,0,0,0,0,0,0,0,0,0,0,0,0,0,0,0,0,0,0,0,,,,,,,,1,,,,,,,,,,,,,,,,,,,,,,,,,,,,,,,,,,,,,,,,,,,,,
3860,Test Quiver,2033,489,0,0,0,0,0,0,0,0,0,0,0,0,0,1,0,2,0,5,0,0,0,0,0,0,0,0,0,0,0,0,0,0,0,0,0,0,0,0,0,0,0,,,,,,,,,,,,,,,,,,,,,,,,,,,,,,,,,,,,,,,,,,,,,,,,1,,,,,
3861,Dragonsworn Albion Plate Full Helm,0,4102,0,0,0,0,0,0,0,0,5520,0,0,0,0,0,0,0,0,0,0,0,0,0,0,0,0,0,0,0,0,0,0,0,0,0,0,0,0,0,0,0,0,,,,,,,,,,,,,,,,,,,,,,,,,,,,,,,,,,,,,,,,,,,,,,,,,,,1,1,
3862,Dragonsworn Leather Full Helm,0,2899,0,0,0,0,0,0,0,0,5519,1,0,0,0,0,0,0,0,0,0,0,0,0,0,0,0,0,0,0,0,0,0,0,0,0,0,0,0,0,0,0,0,,,,,,,,,,,,,,,,,,,,,,,,,,,,,,,,,,,,,,,,,,,,,,,,,,,1,1,
3863,Dragonsworn Stud Leather Full Helm,0,2899,0,0,0,0,0,0,0,0,5522,1,0,0,0,0,0,0,0,0,0,0,0,0,0,0,0,0,0,0,0,0,0,0,0,0,0,0,0,0,0,0,0,,,,,,,,,,,,,,,,,,,,,,,,,,,,,,,,,,,,,,,,,,,,,,,,,,,1,1,
3864,Dragonsworn Cloth Full Helm,0,2898,0,0,0,0,0,0,0,0,5525,2,0,0,0,0,0,0,0,0,0,0,0,0,0,0,0,0,0,0,0,0,0,0,0,0,0,0,0,0,0,0,0,,,,,,,,,,,,,,,,,,,,,,,,,,,,,,,,,,,,,,,,,,,,,,,,,,,1,1,
3865,Dragonsworn Midgard Chain Full Helm,0,4100,0,0,0,0,0,0,0,0,5524,0,0,0,0,0,0,0,0,0,0,0,0,0,0,0,0,0,0,0,0,0,0,0,0,0,0,0,0,0,0,0,0,,,,,,,,,,,,,,,,,,,,,,,,,,,,,,,,,,,,,,,,,,,,,,,,,,,1,1,
3866,Dragonsworn Albion Chain Full Helm,0,4100,0,0,0,0,0,0,0,0,5523,1,0,0,0,0,0,0,0,0,0,0,0,0,0,0,0,0,0,0,0,0,0,0,0,0,0,0,0,0,0,0,0,,,,,,,,,,,,,,,,,,,,,,,,,,,,,,,,,,,,,,,,,,,,,,,,,,,1,1,
3867,Dragonsworn Hibernian Scale Full Helm,0,4101,0,0,0,0,0,0,0,0,5521,0,0,0,0,0,0,0,0,0,0,0,0,0,0,0,0,0,0,0,0,0,0,0,0,0,0,0,0,0,0,0,0,,,,,,,,,,,,,,,,,,,,,,,,,,,,,,,,,,,,,,,,,,,,,,,,,,,1,1,
3868,Ice Block Prop,2034,1,0,0,0,0,0,0,0,0,0,0,0,0,0,0,0,0,0,0,0,0,0,0,0,0,0,0,0,0,0,0,0,0,0,0,0,0,0,0,0,0,0,,,,,,,,,,,,,,,,,,,,,,,,,,,,,,,,,,,,,,,,,,,,,,,,,,,,,
3869,Cot Prop,2035,1,0,0,0,0,0,0,0,0,0,0,0,0,0,0,0,0,0,0,0,0,0,0,0,0,0,0,0,0,0,0,0,0,0,0,0,0,0,0,0,0,0,,,,,,,,1,,,,,,,,,,,,,,,,,,,,,,,,,,,,,,,,,,,,,,,,,,,,,
3870,Revamped Alb Drag Trophy,1,544,0,0,0,0,0,0,0,0,0,0,0,0,0,0,0,0,0,0,0,0,0,0,0,0,0,0,0,0,0,0,0,0,2038,0,0,0,0,0,0,1,0,,,,,,,,,,,,,,,,,,,,,,,,,,,,,,,,,,,,,,,,,,,,,,,,,,,,,
3871,Revamped Mid Drag Trophy,1,544,0,0,0,0,0,0,0,0,0,0,0,0,0,0,0,0,0,0,0,0,0,0,0,0,0,0,0,0,0,0,0,0,2036,0,0,0,0,0,0,1,0,,,,,,,,,,,,,,,,,,,,,,,,,,,,,,,,,,,,,,,,,,,,,,,,,,,,,
3872,Revamped Hib Drag Trophy,1,544,0,0,0,0,0,0,0,0,0,0,0,0,0,0,0,0,0,0,0,0,0,0,0,0,0,0,0,0,0,0,0,0,2037,0,0,0,0,0,0,1,0,,,,,,,,,,,,,,,,,,,,,,,,,,,,,,,,,,,,,,,,,,,,,,,,,,,,,
3873,Hib DragonSlayer Flex Thrust,2072,231,0,0,0,0,0,0,0,0,0,0,0,0,0,1,0,9,0,20,0,0,0,0,0,0,0,0,0,0,0,0,0,0,0,0,0,0,0,0,0,,0,,,,,,,,,,,,,,,,,,,,,,,,,,,,,,,,,,,,,,,,,,,,,,,,,,,,,
3874,Hib DragonSlayer Flex Slash,2073,231,0,0,0,0,0,0,0,0,0,0,0,0,0,1,0,9,0,20,0,0,0,0,0,0,0,0,0,0,0,0,0,0,0,0,0,0,0,0,0,,0,,,,,,,,,,,,,,,,,,,,,,,,,,,,,,,,,,,,,,,,,,,,,,,,,,,,,
3875,Hib DragonSlayer Flex Crush,2039,231,0,0,0,0,0,0,0,0,0,0,0,0,0,1,0,11,0,20,0,0,0,0,0,0,0,0,0,0,0,0,0,0,0,0,0,0,0,0,0,,0,,,,,,,,,,,,,,,,,,,,,,,,,,,,,,,,,,,,,,,,,,,,,,,,,,,,,
3876,Hib DragonSlayer Crossbow,2042,227,0,0,0,0,0,0,0,0,0,0,0,0,0,0,0,6,1,3,0,0,0,0,0,0,0,0,0,0,0,0,0,0,0,0,0,0,0,0,0,,0,,,,,,,,,,,,,,,,,,,,,,,,,,,,,,,,,,,,,,,,,,,,,,,,,,,,,
3877,Hib DragonSlayer 2 Handed Sword Thrust,2043,203,0,0,0,0,0,0,0,0,0,0,0,0,0,1,0,2,0,1,0,0,0,0,0,0,0,0,0,0,0,0,0,0,0,0,0,0,0,0,0,,0,,,,,,,,,,,,,,,,,,,,,,,,,,,,,,,,,,,,,,,,,,,,,,,,,,,,,
3878,Hib DragonSlayer 2 Handed Sword Slash,2044,203,0,0,0,0,0,0,0,0,0,0,0,0,0,1,0,2,0,1,0,0,0,0,0,0,0,0,0,0,0,0,0,0,0,0,0,0,0,0,0,,0,,,,,,,,,,,,,,,,,,,,,,,,,,,,,,,,,,,,,,,,,,,,,,,,,,,,,
3879,Hib DragonSlayer 2 Handed Spear Thrust,2061,207,0,0,0,0,0,0,0,0,0,0,0,0,0,0,0,3,2,21,0,0,0,0,0,0,0,0,0,0,0,0,0,0,0,0,0,0,0,0,0,,0,,,,,,,,,,,,,,,,,,,,,,,,,,,,,,,,,,,,,,,,,,,,,,,,,,,,,
3880,Hib DragonSlayer 2 Handed Spear Slash,2062,207,0,0,0,0,0,0,0,0,0,0,0,0,0,0,0,3,2,21,0,0,0,0,0,0,0,0,0,0,0,0,0,0,0,0,0,0,0,0,0,,0,,,,,,,,,,,,,,,,,,,,,,,,,,,,,,,,,,,,,,,,,,,,,,,,,,,,,
3881,Hib DragonSlayer 2 Handed Hammer,2045,219,0,0,0,0,0,0,0,0,0,0,0,0,0,1,0,2,0,5,0,0,0,0,0,0,0,0,0,0,0,0,0,0,0,0,0,0,0,0,0,,0,,,,,,,,,,,,,,,,,,,,,,,,,,,,,,,,,,,,,,,,,,,,,,,,,,,,,
3882,Hib DragonSlayer 2 Handed Axe,2046,217,0,0,0,0,0,0,0,0,0,0,0,0,0,1,0,2,0,4,0,0,0,0,0,0,0,0,0,0,0,0,0,0,0,0,0,0,0,0,0,,0,,,,,,,,,,,,,,,,,,,,,,,,,,,,,,,,,,,,,,,,,,,,,,,,,,,,,
3883,Hib DragonSlayer Long Bow,2041,223,0,0,0,0,0,0,0,0,0,0,0,0,0,0,0,5,1,7,0,0,0,0,0,0,0,0,0,0,0,0,0,0,0,0,0,0,0,0,0,,0,,,,,,,,,,,,,,,,,,,,,,,,,,,,,,,,,,,,,,,,,,,,,,,,,,,,,
3884,Hib DragonSlayer Short Bow,2040,223,0,0,0,0,0,0,0,0,0,0,0,0,0,0,0,5,1,7,0,0,0,0,0,0,0,0,0,0,0,0,0,0,0,0,0,0,0,0,0,,0,,,,,,,,,,,,,,,,,,,,,,,,,,,,,,,,,,,,,,,,,,,,,,,,,,,,,
3885,Hib DragonSlayer Scythe,2058,232,0,0,0,0,0,0,0,0,0,0,0,0,0,0,0,14,0,2,0,0,0,0,0,0,0,0,0,0,0,0,0,0,0,0,0,0,0,0,0,,0,,,,,,,,,,,,,,,,,,,,,,,,,,,,,,,,,,,,,,,,,,,,,,,,,,,,,
3886,Hib DragonSlayer Quarter Staff,2060,209,0,0,0,0,0,0,0,0,0,0,0,0,0,0,0,4,1,6,0,0,0,0,0,0,0,0,0,0,0,0,0,0,0,0,0,0,0,0,0,,0,,,,,,,,,,,,,,,,,,,,,,,,,,,,,,,,,,,,,,,,,,,,,,,,,,,,,
3887,Hib DragonSlayer Mage Staff,2064,209,0,0,0,0,0,0,0,0,0,0,0,0,0,0,0,4,1,6,0,0,0,0,0,0,0,0,0,0,0,0,0,0,0,0,0,0,0,0,0,,0,,,,,,,,,,,,,,,,,,,,,,,,,,,,,,,,,,,,,,,,,,,,,,,,,,,,,
3888,Hib DragonSlayer Small Shield,2055,226,0,0,0,0,0,0,0,0,0,0,0,0,0,0,1,0,0,1,0,0,0,1,0,0,0,0,0,0,0,0,0,0,0,0,0,0,0,0,0,,0,,,,,,,,,,,,,,,,,,,,,,,,,,,,,,,,,,,,,,,,,,,,,,,,1,,,,,
3889,Hib DragonSlayer Medium Shield,2056,226,0,0,0,0,0,0,0,0,0,0,0,0,0,0,1,0,0,1,0,0,0,1,0,0,0,0,0,0,0,0,0,0,0,0,0,0,0,0,0,,0,,,,,,,,,,,,,,,,,,,,,,,,,,,,,,,,,,,,,,,,,,,,,,,,,,,,,
3890,Hib DragonSlayer Large Shield,2057,226,0,0,0,0,0,0,0,0,0,0,0,0,0,0,1,0,0,1,0,0,0,1,0,0,0,0,0,0,0,0,0,0,0,0,0,0,0,0,0,,0,,,,,,,,,,,,,,,,,,,,,,,,,,,,,,,,,,,,,,,,,,,,,,,,1,,,,,
3891,Hib DragonSlayer Polearm Thrust,2061,207,0,0,0,0,0,0,0,0,0,0,0,0,0,0,0,3,2,4,0,0,0,0,0,0,0,0,0,0,0,0,0,0,0,0,0,0,0,0,0,,0,,,,,,,,,,,,,,,,,,,,,,,,,,,,,,,,,,,,,,,,,,,,,,,,,,,,,
3892,Hib DragonSlayer Polearm Slash,2062,221,0,0,0,0,0,0,0,0,0,0,0,0,0,0,0,3,2,4,0,0,0,0,0,0,0,0,0,0,0,0,0,0,0,0,0,0,0,0,0,,0,,,,,,,,,,,,,,,,,,,,,,,,,,,,,,,,,,,,,,,,,,,,,,,,,,,,,
3893,Hib DragonSlayer Polearm Crush,2063,219,0,0,0,0,0,0,0,0,0,0,0,0,0,0,0,3,2,4,0,0,0,0,0,0,0,0,0,0,0,0,0,0,0,0,0,0,0,0,0,,0,,,,,,,,,,,,,,,,,,,,,,,,,,,,,,,,,,,,,,,,,,,,,,,,,,,,,
3894,Hib DragonSlayer 1h Slash (offhand),2049,201,0,0,0,0,0,0,0,0,0,0,0,0,0,1,0,1,0,1,0,0,0,0,0,0,0,0,0,0,0,0,0,0,0,0,0,0,0,0,0,,0,,,,,,,,,,,,,,,,,,,,,,,,,,,,,,,,,,,,,,,,,,,,,,,,,,,,,
3895,Hib DragonSlayer 1h Slash (mainhand),2050,202,0,0,0,0,0,0,0,0,0,0,0,0,0,1,0,1,0,1,0,0,0,0,0,0,0,0,0,0,0,0,0,0,0,0,0,0,0,0,0,,0,,,,,,,,,,,,,,,,,,,,,,,,,,,,,,,,,,,,,,,,,,,,,,,,,,,,,
3896,Hib DragonSlayer 1h hammer (offhand),2051,210,0,0,0,0,0,0,0,0,0,0,0,0,0,1,0,1,0,5,0,0,0,0,0,0,0,0,0,0,0,0,0,0,0,0,0,0,0,0,0,,0,,,,,,,,,,,,,,,,,,,,,,,,,,,,,,,,,,,,,,,,,,,,,,,,,,,,,
3897,Hib DragonSlayer 1h hammer (mainhand),2052,210,0,0,0,0,0,0,0,0,0,0,0,0,0,1,0,1,0,5,0,0,0,0,0,0,0,0,0,0,0,0,0,0,0,0,0,0,0,0,0,,0,,,,,,,,,,,,,,,,,,,,,,,,,,,,,,,,,,,,,,,,,,,,,,,,,,,,,
3898,Hib DragonSlayer 1h Thrust (offhand),2047,205,0,0,0,0,0,0,0,0,0,0,0,0,0,1,0,1,0,1,0,0,0,0,0,0,0,0,0,0,0,0,0,0,0,0,0,0,0,0,0,,0,,,,,,,,,,,,,,,,,,,,,,,,,,,,,,,,,,,,,,,,,,,,,,,,,,,,,
3899,Hib DragonSlayer 1h Thrust (mainhand),2048,206,0,0,0,0,0,0,0,0,0,0,0,0,0,1,0,1,0,1,0,0,0,0,0,0,0,0,0,0,0,0,0,0,0,0,0,0,0,0,0,,0,,,,,,,,,,,,,,,,,,,,,,,,,,,,,,,,,,,,,,,,,,,,,,,,,,,,,
3900,Hib DragonSlayer 1h axe (offhand),2053,200,0,0,0,0,0,0,0,0,0,0,0,0,0,1,0,1,0,4,0,0,0,0,0,0,0,0,0,0,0,0,0,0,0,0,0,0,0,0,0,,0,,,,,,,,,,,,,,,,,,,,,,,,,,,,,,,,,,,,,,,,,,,,,,,,,,,,,
3901,Hib DragonSlayer 1h axe (mainhand),2054,200,0,0,0,0,0,0,0,0,0,0,0,0,0,1,0,1,0,4,0,0,0,0,0,0,0,0,0,0,0,0,0,0,0,0,0,0,0,0,0,,0,,,,,,,,,,,,,,,,,,,,,,,,,,,,,,,,,,,,,,,,,,,,,,,,,,,,,
3902,Hib DragonSlayer h2h Slash (offhand),2068,233,0,0,0,0,0,0,0,0,0,0,0,0,0,0,0,13,0,1,0,0,0,0,0,0,0,0,0,0,0,0,0,0,0,0,0,0,0,0,0,,0,,,,,,,,,,,,,,,,,,,,,,,,,,,,,,,,,,,,,,,,,,,,,,,,,,,,,
3903,Hib DragonSlayer h2h Slash (mainhand),2069,233,0,0,0,0,0,0,0,0,0,0,0,0,0,0,0,13,0,1,0,0,0,0,0,0,0,0,0,0,0,0,0,0,0,0,0,0,0,0,0,,0,,,,,,,,,,,,,,,,,,,,,,,,,,,,,,,,,,,,,,,,,,,,,,,,,,,,,
3904,Hib DragonSlayer h2h Crush (offhand),2070,2546,0,0,0,0,0,0,0,0,0,0,0,0,0,0,0,13,0,1,0,0,0,0,0,0,0,0,0,0,0,0,0,0,0,0,0,0,0,0,0,,0,,,,,,,,,,,,,,,,,,,,,,,,,,,,,,,,,,,,,,,,,,,,,,,,,,,,,
3905,Hib DragonSlayer h2h Crush (mainhand),2071,2546,0,0,0,0,0,0,0,0,0,0,0,0,0,0,0,13,0,1,0,0,0,0,0,0,0,0,0,0,0,0,0,0,0,0,0,0,0,0,0,,0,,,,,,,,,,,,,,,,,,,,,,,,,,,,,,,,,,,,,,,,,,,,,,,,,,,,,
3906,Hib DragonSlayer  h2h Thrust (offhand),2066,233,0,0,0,0,0,0,0,0,0,0,0,0,0,0,0,13,0,1,0,0,0,0,0,0,0,0,0,0,0,0,0,0,0,0,0,0,0,0,0,,0,,,,,,,,,,,,,,,,,,,,,,,,,,,,,,,,,,,,,,,,,,,,,,,,,,,,,
3907,Hib DragonSlayer h2h Thrust (mainhand),2067,233,0,0,0,0,0,0,0,0,0,0,0,0,0,0,0,13,0,1,0,0,0,0,0,0,0,0,0,0,0,0,0,0,0,0,0,0,0,0,0,,0,,,,,,,,,,,,,,,,,,,,,,,,,,,,,,,,,,,,,,,,,,,,,,,,,,,,,
3908,Hib Dragonslayer Harp,2065,2516,0,0,0,0,0,0,0,0,0,0,0,0,0,0,0,0,1,0,0,0,0,0,0,0,0,0,0,0,0,0,0,0,0,0,0,0,0,0,0,,0,,,,,,,,,,,,,,,,,,,,,,,,,,,,,,,,,,,,,,,,,,,,,,,,,,,,,
3909,Placeable Fire Prop 1,1064,552,0,0,0,0,0,0,0,0,0,0,0,0,0,0,0,0,0,0,0,0,0,0,0,0,0,0,0,0,0,0,0,0,0,0,0,0,0,0,0,0,0,,,,,,,,,,,183,,,,,,,,,,,,,,,,,,,,,,,,,,,,,,,,,,,,,,,,,,
3910,Crystal Purple Prop,2074,2269,0,0,0,0,0,0,0,0,0,0,0,0,0,0,0,0,0,0,0,0,0,0,0,0,0,0,0,0,0,0,0,0,0,0,0,0,0,0,0,0,0,,,,,,,,1,,,,,,,,,,,,,,,,,,,,,,,,,,,,,,,,,,,,,,,,,,,,,
3911,Crystal Yellow Prop,2075,2269,0,0,0,0,0,0,0,0,0,0,0,0,0,0,0,0,0,0,0,0,0,0,0,0,0,0,0,0,0,0,0,0,0,0,0,0,0,0,0,0,0,,,,,,,,1,,,,,,,,,,,,,,,,,,,,,,,,,,,,,,,,,,,,,,,,,,,,,
3912,Crystal Blue Prop,2076,2269,0,0,0,0,0,0,0,0,0,0,0,0,0,0,0,0,0,0,0,0,0,0,0,0,0,0,0,0,0,0,0,0,0,0,0,0,0,0,0,0,0,,,,,,,,1,,,,,,,,,,,,,,,,,,,,,,,,,,,,,,,,,,,,,,,,,,,,,
3913,Crystal Green Prop,2077,2269,0,0,0,0,0,0,0,0,0,0,0,0,0,0,0,0,0,0,0,0,0,0,0,0,0,0,0,0,0,0,0,0,0,0,0,0,0,0,0,0,0,,,,,,,,1,,,,,,,,,,,,,,,,,,,,,,,,,,,,,,,,,,,,,,,,,,,,,
3914,Mid DragonSlayer Flex Thrust,2111,231,0,0,0,0,0,0,0,0,0,0,0,0,0,1,0,9,0,20,0,0,0,0,0,0,0,0,0,0,0,0,0,0,0,0,0,0,0,0,0,,0,,,,,,,,,,,,,,,,,,,,,,,,,,,,,,,,,,,,,,,,,,,,,,,,,,,,,
3915,Mid DragonSlayer Flex Slash,2112,231,0,0,0,0,0,0,0,0,0,0,0,0,0,1,0,9,0,20,0,0,0,0,0,0,0,0,0,0,0,0,0,0,0,0,0,0,0,0,0,,0,,,,,,,,,,,,,,,,,,,,,,,,,,,,,,,,,,,,,,,,,,,,,,,,,,,,,
3916,Mid DragonSlayer Flex Crush,2078,231,0,0,0,0,0,0,0,0,0,0,0,0,0,1,0,11,0,20,0,0,0,0,0,0,0,0,0,0,0,0,0,0,0,0,0,0,0,0,0,,0,,,,,,,,,,,,,,,,,,,,,,,,,,,,,,,,,,,,,,,,,,,,,,,,,,,,,
3917,Mid DragonSlayer Crossbow,2081,227,0,0,0,0,0,0,0,0,0,0,0,0,0,0,0,6,1,3,0,0,0,0,0,0,0,0,0,0,0,0,0,0,0,0,0,0,0,0,0,,0,,,,,,,,,,,,,,,,,,,,,,,,,,,,,,,,,,,,,,,,,,,,,,,,,,,,,
3918,Mid DragonSlayer 2 Handed Sword Thrust,2082,203,0,0,0,0,0,0,0,0,0,0,0,0,0,1,0,2,0,1,0,0,0,0,0,0,0,0,0,0,0,0,0,0,0,0,0,0,0,0,0,,0,,,,,,,,,,,,,,,,,,,,,,,,,,,,,,,,,,,,,,,,,,,,,,,,,,,,,
3919,Mid DragonSlayer 2 Handed Sword Slash,2083,203,0,0,0,0,0,0,0,0,0,0,0,0,0,1,0,2,0,1,0,0,0,0,0,0,0,0,0,0,0,0,0,0,0,0,0,0,0,0,0,,0,,,,,,,,,,,,,,,,,,,,,,,,,,,,,,,,,,,,,,,,,,,,,,,,,,,,,
3920,Mid DragonSlayer 2 Handed Spear Thrust,2100,207,0,0,0,0,0,0,0,0,0,0,0,0,0,0,0,3,2,21,0,0,0,0,0,0,0,0,0,0,0,0,0,0,0,0,0,0,0,0,0,,0,,,,,,,,,,,,,,,,,,,,,,,,,,,,,,,,,,,,,,,,,,,,,,,,,,,,,
3921,Mid DragonSlayer 2 Handed Spear Slash,2101,207,0,0,0,0,0,0,0,0,0,0,0,0,0,0,0,3,2,21,0,0,0,0,0,0,0,0,0,0,0,0,0,0,0,0,0,0,0,0,0,,0,,,,,,,,,,,,,,,,,,,,,,,,,,,,,,,,,,,,,,,,,,,,,,,,,,,,,
3922,Mid DragonSlayer 2 Handed Hammer,2084,219,0,0,0,0,0,0,0,0,0,0,0,0,0,1,0,2,0,5,0,0,0,0,0,0,0,0,0,0,0,0,0,0,0,0,0,0,0,0,0,,0,,,,,,,,,,,,,,,,,,,,,,,,,,,,,,,,,,,,,,,,,,,,,,,,,,,,,
3923,Mid DragonSlayer 2 Handed Axe,2085,217,0,0,0,0,0,0,0,0,0,0,0,0,0,1,0,2,0,4,0,0,0,0,0,0,0,0,0,0,0,0,0,0,0,0,0,0,0,0,0,,0,,,,,,,,,,,,,,,,,,,,,,,,,,,,,,,,,,,,,,,,,,,,,,,,,,,,,
3924,Mid DragonSlayer Long Bow,2080,223,0,0,0,0,0,0,0,0,0,0,0,0,0,0,0,5,1,7,0,0,0,0,0,0,0,0,0,0,0,0,0,0,0,0,0,0,0,0,0,,0,,,,,,,,,,,,,,,,,,,,,,,,,,,,,,,,,,,,,,,,,,,,,,,,,,,,,
3925,Mid DragonSlayer Short Bow,2079,223,0,0,0,0,0,0,0,0,0,0,0,0,0,0,0,5,1,7,0,0,0,0,0,0,0,0,0,0,0,0,0,0,0,0,0,0,0,0,0,,0,,,,,,,,,,,,,,,,,,,,,,,,,,,,,,,,,,,,,,,,,,,,,,,,,,,,,
3926,Mid DragonSlayer Scythe,2097,232,0,0,0,0,0,0,0,0,0,0,0,0,0,0,0,14,0,2,0,0,0,0,0,0,0,0,0,0,0,0,0,0,0,0,0,0,0,0,0,,0,,,,,,,,,,,,,,,,,,,,,,,,,,,,,,,,,,,,,,,,,,,,,,,,,,,,,
3927,Mid DragonSlayer Quarter Staff,2099,209,0,0,0,0,0,0,0,0,0,0,0,0,0,0,0,4,1,6,0,0,0,0,0,0,0,0,0,0,0,0,0,0,0,0,0,0,0,0,0,,0,,,,,,,,,,,,,,,,,,,,,,,,,,,,,,,,,,,,,,,,,,,,,,,,,,,,,
3928,Mid DragonSlayer Mage Staff,2103,209,0,0,0,0,0,0,0,0,0,0,0,0,0,0,0,4,1,6,0,0,0,0,0,0,0,0,0,0,0,0,0,0,0,0,0,0,0,0,0,,0,,,,,,,,,,,,,,,,,,,,,,,,,,,,,,,,,,,,,,,,,,,,,,,,,,,,,
3929,Mid DragonSlayer Small Shield,2094,226,0,0,0,0,0,0,0,0,0,0,0,0,0,0,1,0,0,1,0,0,0,1,0,0,0,0,0,0,0,0,0,0,0,0,0,0,0,0,0,,0,,,,,,,,,,,,,,,,,,,,,,,,,,,,,,,,,,,,,,,,,,,,,,,,1,,,,,
3930,Mid DragonSlayer Medium Shield,2095,226,0,0,0,0,0,0,0,0,0,0,0,0,0,0,1,0,0,1,0,0,0,1,0,0,0,0,0,0,0,0,0,0,0,0,0,0,0,0,0,,0,,,,,,,,,,,,,,,,,,,,,,,,,,,,,,,,,,,,,,,,,,,,,,,,,,,,,
3931,Mid DragonSlayer Large Shield,2096,226,0,0,0,0,0,0,0,0,0,0,0,0,0,0,1,0,0,1,0,0,0,1,0,0,0,0,0,0,0,0,0,0,0,0,0,0,0,0,0,,0,,,,,,,,,,,,,,,,,,,,,,,,,,,,,,,,,,,,,,,,,,,,,,,,1,,,,,
3932,Mid DragonSlayer Polearm Thrust,2100,207,0,0,0,0,0,0,0,0,0,0,0,0,0,0,0,3,2,4,0,0,0,0,0,0,0,0,0,0,0,0,0,0,0,0,0,0,0,0,0,,0,,,,,,,,,,,,,,,,,,,,,,,,,,,,,,,,,,,,,,,,,,,,,,,,,,,,,
3933,Mid DragonSlayer Polearm Slash,2101,221,0,0,0,0,0,0,0,0,0,0,0,0,0,0,0,3,2,4,0,0,0,0,0,0,0,0,0,0,0,0,0,0,0,0,0,0,0,0,0,,0,,,,,,,,,,,,,,,,,,,,,,,,,,,,,,,,,,,,,,,,,,,,,,,,,,,,,
3934,Mid DragonSlayer Polearm Crush,2102,219,0,0,0,0,0,0,0,0,0,0,0,0,0,0,0,3,2,4,0,0,0,0,0,0,0,0,0,0,0,0,0,0,0,0,0,0,0,0,0,,0,,,,,,,,,,,,,,,,,,,,,,,,,,,,,,,,,,,,,,,,,,,,,,,,,,,,,
3935,Mid DragonSlayer 1h Slash (offhand),2088,201,0,0,0,0,0,0,0,0,0,0,0,0,0,1,0,1,0,1,0,0,0,0,0,0,0,0,0,0,0,0,0,0,0,0,0,0,0,0,0,,0,,,,,,,,,,,,,,,,,,,,,,,,,,,,,,,,,,,,,,,,,,,,,,,,,,,,,
3936,Mid DragonSlayer 1h Slash (mainhand),2089,202,0,0,0,0,0,0,0,0,0,0,0,0,0,1,0,1,0,1,0,0,0,0,0,0,0,0,0,0,0,0,0,0,0,0,0,0,0,0,0,,0,,,,,,,,,,,,,,,,,,,,,,,,,,,,,,,,,,,,,,,,,,,,,,,,,,,,,
3937,Mid DragonSlayer 1h hammer (offhand),2090,210,0,0,0,0,0,0,0,0,0,0,0,0,0,1,0,1,0,5,0,0,0,0,0,0,0,0,0,0,0,0,0,0,0,0,0,0,0,0,0,,0,,,,,,,,,,,,,,,,,,,,,,,,,,,,,,,,,,,,,,,,,,,,,,,,,,,,,
3938,Mid DragonSlayer 1h hammer (mainhand),2091,210,0,0,0,0,0,0,0,0,0,0,0,0,0,1,0,1,0,5,0,0,0,0,0,0,0,0,0,0,0,0,0,0,0,0,0,0,0,0,0,,0,,,,,,,,,,,,,,,,,,,,,,,,,,,,,,,,,,,,,,,,,,,,,,,,,,,,,
3939,Mid DragonSlayer 1h Thrust (offhand),2086,205,0,0,0,0,0,0,0,0,0,0,0,0,0,1,0,1,0,1,0,0,0,0,0,0,0,0,0,0,0,0,0,0,0,0,0,0,0,0,0,,0,,,,,,,,,,,,,,,,,,,,,,,,,,,,,,,,,,,,,,,,,,,,,,,,,,,,,
3940,Mid DragonSlayer 1h Thrust (mainhand),2087,206,0,0,0,0,0,0,0,0,0,0,0,0,0,1,0,1,0,1,0,0,0,0,0,0,0,0,0,0,0,0,0,0,0,0,0,0,0,0,0,,0,,,,,,,,,,,,,,,,,,,,,,,,,,,,,,,,,,,,,,,,,,,,,,,,,,,,,
3941,Mid DragonSlayer 1h axe (offhand),2092,200,0,0,0,0,0,0,0,0,0,0,0,0,0,1,0,1,0,4,0,0,0,0,0,0,0,0,0,0,0,0,0,0,0,0,0,0,0,0,0,,0,,,,,,,,,,,,,,,,,,,,,,,,,,,,,,,,,,,,,,,,,,,,,,,,,,,,,
3942,Mid DragonSlayer 1h axe (mainhand),2093,200,0,0,0,0,0,0,0,0,0,0,0,0,0,1,0,1,0,4,0,0,0,0,0,0,0,0,0,0,0,0,0,0,0,0,0,0,0,0,0,,0,,,,,,,,,,,,,,,,,,,,,,,,,,,,,,,,,,,,,,,,,,,,,,,,,,,,,
3943,Mid DragonSlayer h2h Slash (offhand),2107,233,0,0,0,0,0,0,0,0,0,0,0,0,0,0,0,13,0,1,0,0,0,0,0,0,0,0,0,0,0,0,0,0,0,0,0,0,0,0,0,,0,,,,,,,,,,,,,,,,,,,,,,,,,,,,,,,,,,,,,,,,,,,,,,,,,,,,,
3944,Mid DragonSlayer h2h Slash (mainhand),2108,233,0,0,0,0,0,0,0,0,0,0,0,0,0,0,0,13,0,1,0,0,0,0,0,0,0,0,0,0,0,0,0,0,0,0,0,0,0,0,0,,0,,,,,,,,,,,,,,,,,,,,,,,,,,,,,,,,,,,,,,,,,,,,,,,,,,,,,
3945,Mid DragonSlayer h2h Crush (offhand),2109,2546,0,0,0,0,0,0,0,0,0,0,0,0,0,0,0,13,0,1,0,0,0,0,0,0,0,0,0,0,0,0,0,0,0,0,0,0,0,0,0,,0,,,,,,,,,,,,,,,,,,,,,,,,,,,,,,,,,,,,,,,,,,,,,,,,,,,,,
3946,Mid DragonSlayer h2h Crush (mainhand),2110,2546,0,0,0,0,0,0,0,0,0,0,0,0,0,0,0,13,0,1,0,0,0,0,0,0,0,0,0,0,0,0,0,0,0,0,0,0,0,0,0,,0,,,,,,,,,,,,,,,,,,,,,,,,,,,,,,,,,,,,,,,,,,,,,,,,,,,,,
3947,Mid DragonSlayer  h2h Thrust (offhand),2105,233,0,0,0,0,0,0,0,0,0,0,0,0,0,0,0,13,0,1,0,0,0,0,0,0,0,0,0,0,0,0,0,0,0,0,0,0,0,0,0,,0,,,,,,,,,,,,,,,,,,,,,,,,,,,,,,,,,,,,,,,,,,,,,,,,,,,,,
3948,Mid DragonSlayer h2h Thrust (mainhand),2106,233,0,0,0,0,0,0,0,0,0,0,0,0,0,0,0,13,0,1,0,0,0,0,0,0,0,0,0,0,0,0,0,0,0,0,0,0,0,0,0,,0,,,,,,,,,,,,,,,,,,,,,,,,,,,,,,,,,,,,,,,,,,,,,,,,,,,,,
3949,Mid Dragonslayer Harp,2104,2516,0,0,0,0,0,0,0,0,0,0,0,0,0,0,0,0,1,0,0,0,0,0,0,0,0,0,0,0,0,0,0,0,0,0,0,0,0,0,0,,0,,,,,,,,,,,,,,,,,,,,,,,,,,,,,,,,,,,,,,,,,,,,,,,,,,,,,
3950,Alb DragonSlayer Flex Thrust,2146,231,0,0,0,0,0,0,0,0,0,0,0,0,0,1,0,9,0,20,0,0,0,0,0,0,0,0,0,0,0,0,0,0,0,0,0,0,0,0,0,,0,,,,,,,,,,,,,,,,,,,,,,,,,,,,,,,,,,,,,,,,,,,,,,,,,,,,,
3951,Alb DragonSlayer Flex Slash,2147,231,0,0,0,0,0,0,0,0,0,0,0,0,0,1,0,9,0,20,0,0,0,0,0,0,0,0,0,0,0,0,0,0,0,0,0,0,0,0,0,,0,,,,,,,,,,,,,,,,,,,,,,,,,,,,,,,,,,,,,,,,,,,,,,,,,,,,,
3952,Alb DragonSlayer Flex Crush,2113,231,0,0,0,0,0,0,0,0,0,0,0,0,0,1,0,11,0,20,0,0,0,0,0,0,0,0,0,0,0,0,0,0,0,0,0,0,0,0,0,,0,,,,,,,,,,,,,,,,,,,,,,,,,,,,,,,,,,,,,,,,,,,,,,,,,,,,,
3953,Alb DragonSlayer Crossbow,2116,227,0,0,0,0,0,0,0,0,0,0,0,0,0,0,0,6,1,3,0,0,0,0,0,0,0,0,0,0,0,0,0,0,0,0,0,0,0,0,0,,0,,,,,,,,,,,,,,,,,,,,,,,,,,,,,,,,,,,,,,,,,,,,,,,,,,,,,
3954,Alb DragonSlayer 2 Handed Sword Thrust,2117,203,0,0,0,0,0,0,0,0,0,0,0,0,0,1,0,2,0,1,0,0,0,0,0,0,0,0,0,0,0,0,0,0,0,0,0,0,0,0,0,,0,,,,,,,,,,,,,,,,,,,,,,,,,,,,,,,,,,,,,,,,,,,,,,,,,,,,,
3955,Alb DragonSlayer 2 Handed Sword Slash,2118,203,0,0,0,0,0,0,0,0,0,0,0,0,0,1,0,2,0,1,0,0,0,0,0,0,0,0,0,0,0,0,0,0,0,0,0,0,0,0,0,,0,,,,,,,,,,,,,,,,,,,,,,,,,,,,,,,,,,,,,,,,,,,,,,,,,,,,,
3956,Alb DragonSlayer 2 Handed Spear Thrust,2135,207,0,0,0,0,0,0,0,0,0,0,0,0,0,0,0,3,2,21,0,0,0,0,0,0,0,0,0,0,0,0,0,0,0,0,0,0,0,0,0,,0,,,,,,,,,,,,,,,,,,,,,,,,,,,,,,,,,,,,,,,,,,,,,,,,,,,,,
3957,Alb DragonSlayer 2 Handed Spear Slash,2136,207,0,0,0,0,0,0,0,0,0,0,0,0,0,0,0,3,2,21,0,0,0,0,0,0,0,0,0,0,0,0,0,0,0,0,0,0,0,0,0,,0,,,,,,,,,,,,,,,,,,,,,,,,,,,,,,,,,,,,,,,,,,,,,,,,,,,,,
3958,Alb DragonSlayer 2 Handed Hammer,2119,219,0,0,0,0,0,0,0,0,0,0,0,0,0,1,0,2,0,5,0,0,0,0,0,0,0,0,0,0,0,0,0,0,0,0,0,0,0,0,0,,0,,,,,,,,,,,,,,,,,,,,,,,,,,,,,,,,,,,,,,,,,,,,,,,,,,,,,
3959,Alb DragonSlayer 2 Handed Axe,2120,217,0,0,0,0,0,0,0,0,0,0,0,0,0,1,0,2,0,4,0,0,0,0,0,0,0,0,0,0,0,0,0,0,0,0,0,0,0,0,0,,0,,,,,,,,,,,,,,,,,,,,,,,,,,,,,,,,,,,,,,,,,,,,,,,,,,,,,
3960,Alb DragonSlayer Long Bow,2115,223,0,0,0,0,0,0,0,0,0,0,0,0,0,0,0,5,1,7,0,0,0,0,0,0,0,0,0,0,0,0,0,0,0,0,0,0,0,0,0,,0,,,,,,,,,,,,,,,,,,,,,,,,,,,,,,,,,,,,,,,,,,,,,,,,,,,,,
3961,Alb DragonSlayer Short Bow,2114,223,0,0,0,0,0,0,0,0,0,0,0,0,0,0,0,5,1,7,0,0,0,0,0,0,0,0,0,0,0,0,0,0,0,0,0,0,0,0,0,,0,,,,,,,,,,,,,,,,,,,,,,,,,,,,,,,,,,,,,,,,,,,,,,,,,,,,,
3962,Alb DragonSlayer Scythe,2132,232,0,0,0,0,0,0,0,0,0,0,0,0,0,0,0,14,0,2,0,0,0,0,0,0,0,0,0,0,0,0,0,0,0,0,0,0,0,0,0,,0,,,,,,,,,,,,,,,,,,,,,,,,,,,,,,,,,,,,,,,,,,,,,,,,,,,,,
3963,Alb DragonSlayer Quarter Staff,2134,209,0,0,0,0,0,0,0,0,0,0,0,0,0,0,0,4,1,6,0,0,0,0,0,0,0,0,0,0,0,0,0,0,0,0,0,0,0,0,0,,0,,,,,,,,,,,,,,,,,,,,,,,,,,,,,,,,,,,,,,,,,,,,,,,,,,,,,
3964,Alb DragonSlayer Mage Staff,2138,209,0,0,0,0,0,0,0,0,0,0,0,0,0,0,0,4,1,6,0,0,0,0,0,0,0,0,0,0,0,0,0,0,0,0,0,0,0,0,0,,0,,,,,,,,,,,,,,,,,,,,,,,,,,,,,,,,,,,,,,,,,,,,,,,,,,,,,
3965,Alb DragonSlayer Small Shield,2129,226,0,0,0,0,0,0,0,0,0,0,0,0,0,0,1,0,0,1,0,0,0,1,0,0,0,0,0,0,0,0,0,0,0,0,0,0,0,0,0,,0,,,,,,,,,,,,,,,,,,,,,,,,,,,,,,,,,,,,,,,,,,,,,,,,1,,,,,
3966,Alb DragonSlayer Medium Shield,2130,226,0,0,0,0,0,0,0,0,0,0,0,0,0,0,1,0,0,1,0,0,0,1,0,0,0,0,0,0,0,0,0,0,0,0,0,0,0,0,0,,0,,,,,,,,,,,,,,,,,,,,,,,,,,,,,,,,,,,,,,,,,,,,,,,,,,,,,
3967,Alb DragonSlayer Large Shield,2131,226,0,0,0,0,0,0,0,0,0,0,0,0,0,0,1,0,0,1,0,0,0,1,0,0,0,0,0,0,0,0,0,0,0,0,0,0,0,0,0,,0,,,,,,,,,,,,,,,,,,,,,,,,,,,,,,,,,,,,,,,,,,,,,,,,1,,,,,
3968,Alb DragonSlayer Polearm Thrust,2135,207,0,0,0,0,0,0,0,0,0,0,0,0,0,0,0,3,2,4,0,0,0,0,0,0,0,0,0,0,0,0,0,0,0,0,0,0,0,0,0,,0,,,,,,,,,,,,,,,,,,,,,,,,,,,,,,,,,,,,,,,,,,,,,,,,,,,,,
3969,Alb DragonSlayer Polearm Slash,2136,221,0,0,0,0,0,0,0,0,0,0,0,0,0,0,0,3,2,4,0,0,0,0,0,0,0,0,0,0,0,0,0,0,0,0,0,0,0,0,0,,0,,,,,,,,,,,,,,,,,,,,,,,,,,,,,,,,,,,,,,,,,,,,,,,,,,,,,
3970,Alb DragonSlayer Polearm Crush,2137,219,0,0,0,0,0,0,0,0,0,0,0,0,0,0,0,3,2,4,0,0,0,0,0,0,0,0,0,0,0,0,0,0,0,0,0,0,0,0,0,,0,,,,,,,,,,,,,,,,,,,,,,,,,,,,,,,,,,,,,,,,,,,,,,,,,,,,,
3971,Alb DragonSlayer 1h Slash (offhand),2123,201,0,0,0,0,0,0,0,0,0,0,0,0,0,1,0,1,0,1,0,0,0,0,0,0,0,0,0,0,0,0,0,0,0,0,0,0,0,0,0,,0,,,,,,,,,,,,,,,,,,,,,,,,,,,,,,,,,,,,,,,,,,,,,,,,,,,,,
3972,Alb DragonSlayer 1h Slash (mainhand),2124,202,0,0,0,0,0,0,0,0,0,0,0,0,0,1,0,1,0,1,0,0,0,0,0,0,0,0,0,0,0,0,0,0,0,0,0,0,0,0,0,,0,,,,,,,,,,,,,,,,,,,,,,,,,,,,,,,,,,,,,,,,,,,,,,,,,,,,,
3973,Alb DragonSlayer 1h hammer (offhand),2125,210,0,0,0,0,0,0,0,0,0,0,0,0,0,1,0,1,0,5,0,0,0,0,0,0,0,0,0,0,0,0,0,0,0,0,0,0,0,0,0,,0,,,,,,,,,,,,,,,,,,,,,,,,,,,,,,,,,,,,,,,,,,,,,,,,,,,,,
3974,Alb DragonSlayer 1h hammer (mainhand),2126,210,0,0,0,0,0,0,0,0,0,0,0,0,0,1,0,1,0,5,0,0,0,0,0,0,0,0,0,0,0,0,0,0,0,0,0,0,0,0,0,,0,,,,,,,,,,,,,,,,,,,,,,,,,,,,,,,,,,,,,,,,,,,,,,,,,,,,,
3975,Alb DragonSlayer 1h Thrust (offhand),2121,205,0,0,0,0,0,0,0,0,0,0,0,0,0,1,0,1,0,1,0,0,0,0,0,0,0,0,0,0,0,0,0,0,0,0,0,0,0,0,0,,0,,,,,,,,,,,,,,,,,,,,,,,,,,,,,,,,,,,,,,,,,,,,,,,,,,,,,
3976,Alb DragonSlayer 1h Thrust (mainhand),2122,206,0,0,0,0,0,0,0,0,0,0,0,0,0,1,0,1,0,1,0,0,0,0,0,0,0,0,0,0,0,0,0,0,0,0,0,0,0,0,0,,0,,,,,,,,,,,,,,,,,,,,,,,,,,,,,,,,,,,,,,,,,,,,,,,,,,,,,
3977,Alb DragonSlayer 1h axe (offhand),2127,200,0,0,0,0,0,0,0,0,0,0,0,0,0,1,0,1,0,4,0,0,0,0,0,0,0,0,0,0,0,0,0,0,0,0,0,0,0,0,0,,0,,,,,,,,,,,,,,,,,,,,,,,,,,,,,,,,,,,,,,,,,,,,,,,,,,,,,
3978,Alb DragonSlayer 1h axe (mainhand),2128,200,0,0,0,0,0,0,0,0,0,0,0,0,0,1,0,1,0,4,0,0,0,0,0,0,0,0,0,0,0,0,0,0,0,0,0,0,0,0,0,,0,,,,,,,,,,,,,,,,,,,,,,,,,,,,,,,,,,,,,,,,,,,,,,,,,,,,,
3979,Alb DragonSlayer h2h Slash (offhand),2142,233,0,0,0,0,0,0,0,0,0,0,0,0,0,0,0,13,0,1,0,0,0,0,0,0,0,0,0,0,0,0,0,0,0,0,0,0,0,0,0,,0,,,,,,,,,,,,,,,,,,,,,,,,,,,,,,,,,,,,,,,,,,,,,,,,,,,,,
3980,Alb DragonSlayer h2h Slash (mainhand),2143,233,0,0,0,0,0,0,0,0,0,0,0,0,0,0,0,13,0,1,0,0,0,0,0,0,0,0,0,0,0,0,0,0,0,0,0,0,0,0,0,,0,,,,,,,,,,,,,,,,,,,,,,,,,,,,,,,,,,,,,,,,,,,,,,,,,,,,,
3981,Alb DragonSlayer h2h Crush (offhand),2144,2546,0,0,0,0,0,0,0,0,0,0,0,0,0,0,0,13,0,1,0,0,0,0,0,0,0,0,0,0,0,0,0,0,0,0,0,0,0,0,0,,0,,,,,,,,,,,,,,,,,,,,,,,,,,,,,,,,,,,,,,,,,,,,,,,,,,,,,
3982,Alb DragonSlayer h2h Crush (mainhand),2145,2546,0,0,0,0,0,0,0,0,0,0,0,0,0,0,0,13,0,1,0,0,0,0,0,0,0,0,0,0,0,0,0,0,0,0,0,0,0,0,0,,0,,,,,,,,,,,,,,,,,,,,,,,,,,,,,,,,,,,,,,,,,,,,,,,,,,,,,
3983,Alb DragonSlayer  h2h Thrust (offhand),2140,233,0,0,0,0,0,0,0,0,0,0,0,0,0,0,0,13,0,1,0,0,0,0,0,0,0,0,0,0,0,0,0,0,0,0,0,0,0,0,0,,0,,,,,,,,,,,,,,,,,,,,,,,,,,,,,,,,,,,,,,,,,,,,,,,,,,,,,
3984,Alb DragonSlayer h2h Thrust (mainhand),2141,233,0,0,0,0,0,0,0,0,0,0,0,0,0,0,0,13,0,1,0,0,0,0,0,0,0,0,0,0,0,0,0,0,0,0,0,0,0,0,0,,0,,,,,,,,,,,,,,,,,,,,,,,,,,,,,,,,,,,,,,,,,,,,,,,,,,,,,
3985,Alb Dragonslayer Harp,2139,2516,0,0,0,0,0,0,0,0,0,0,0,0,0,0,0,0,1,0,0,0,0,0,0,0,0,0,0,0,0,0,0,0,0,0,0,0,0,0,0,,0,,,,,,,,,,,,,,,,,,,,,,,,,,,,,,,,,,,,,,,,,,,,,,,,,,,,,
3986,Placeable Black Fire Effect,1064,552,0,0,0,0,0,0,0,0,0,0,0,0,0,0,0,0,0,0,0,0,0,0,0,0,0,0,0,0,0,0,0,0,0,0,0,0,0,0,0,0,0,,,,,,,,,,,185,,,,,,,,,,,,,,,,,,,,,,,,,,,,,,,,,,,,,,,,,,
3987,Albion Dragon Egg Trophy,1,544,0,0,0,0,0,0,0,0,0,0,0,0,0,0,0,0,0,0,0,0,0,0,0,0,0,0,0,0,0,0,0,0,2148,0,0,0,0,0,0,1,0,,,,,,,,,,,,,,,,,,,,,,,,,,,,,,,,,,,,,,,,,,,,,,,,,,,,,
3988,Midgard Dragon Egg Trophy,1,544,0,0,0,0,0,0,0,0,0,0,0,0,0,0,0,0,0,0,0,0,0,0,0,0,0,0,0,0,0,0,0,0,2149,0,0,0,0,0,0,1,0,,,,,,,,,,,,,,,,,,,,,,,,,,,,,,,,,,,,,,,,,,,,,,,,,,,,,
3989,Hibernia Dragon Egg Trophy,1,544,0,0,0,0,0,0,0,0,0,0,0,0,0,0,0,0,0,0,0,0,0,0,0,0,0,0,0,0,0,0,0,0,2150,0,0,0,0,0,0,1,0,,,,,,,,,,,,,,,,,,,,,,,,,,,,,,,,,,,,,,,,,,,,,,,,,,,,,
3990,Alb Dragonslayer Leather Vest,1,105,301,302,0,0,305,0,0,0,0,0,1,1,0,0,0,0,0,0,0,0,0,0,0,0,0,0,0,0,0,0,0,0,0,0,0,0,0,0,0,,0,,,,,,,,,,,,,,,,,,,,,1,5545,5544,,,,,,,,,,,,,,,,,,,,,,,,,,,,,,
3991,Alb Dragonslayer Leather Legs,1,121,0,0,0,0,0,306,0,0,0,0,0,0,0,0,0,0,0,0,0,0,0,0,0,0,0,0,0,0,0,0,0,0,0,0,0,0,0,0,0,,0,,,,,,,,,,,,,,,,,,,,,1,,,,,5549,,,,,,,,,,,,,,,,,,,,,,,,,,,
3992,Alb Dragonslayer Leather Arms,1,111,0,0,303,0,0,0,0,0,0,0,0,0,0,0,0,0,0,0,0,0,0,0,0,0,0,0,0,0,0,0,0,0,0,0,0,0,0,0,0,,0,,,,,,,,,,,,,,,,,,,,,1,,,5548,,,,,,,,,,,,,,,,,,,,,,,,,,,,,
3993,Alb Dragonslayer Leather Gloves,1,115,0,0,0,304,0,0,0,0,0,0,0,0,0,0,0,0,0,0,0,0,0,0,0,0,0,0,0,0,0,0,0,0,0,0,0,0,0,0,0,,0,,,,,,,,,,,,,,,,,,,,,1,,,,5547,,,,,2,,,,,,,,,,,,,,,,,,,,,,,
3994,Alb Dragonslayer Leather Boots,1,125,0,0,0,0,0,0,307,0,0,0,0,0,0,0,0,0,0,0,0,0,0,0,0,0,0,0,0,0,0,0,0,0,0,0,0,0,0,0,0,,0,,,,,,,,,,,,,,,,,,,,,1,,,,,,5546,,,,2,,,,,,,,,,,,,,,,,,,,,,
3995,Alb Dragonslayer Chain Vest,1,106,337,338,0,0,341,0,0,0,0,0,2,1,0,0,0,0,0,0,0,0,0,0,0,0,0,0,0,0,0,0,0,0,0,0,0,0,0,0,0,,0,,,,,,,,,,,,,,,,,,,,,1,5551,5550,,,,,,6,,,1,1,,,,,,,,,,,,,,,,,,,,
3996,Alb Dragonslayer Chain Legs,1,122,0,0,0,0,0,342,0,0,0,0,0,0,0,0,0,0,0,0,0,0,0,0,0,0,0,0,0,0,0,0,0,0,0,0,0,0,0,0,0,,0,,,,,,,,,,,,,,,,,,,,,1,,,,,5555,,,,,,,,,,,,,,,,,,,,,,,,,,,
3997,Alb Dragonslayer Chain Arms,1,112,0,0,339,0,0,0,0,0,0,0,0,0,0,0,0,0,0,0,0,0,0,0,0,0,0,0,0,0,0,0,0,0,0,0,0,0,0,0,0,,0,,,,,,,,,,,,,,,,,,,,,1,,,5554,,,,,,,,,,,,,,,,,,,,,,,,,,,,,
3998,Alb Dragonslayer Chain Gloves,1,116,0,0,0,340,0,0,0,0,0,0,0,0,0,0,0,0,0,0,0,0,0,0,0,0,0,0,0,0,0,0,0,0,0,0,0,0,0,0,0,,0,,,,,,,,,,,,,,,,,,,,,1,,,,5553,,,,,2,,,,,,,,,,,,,,,,,,,,,,,
3999,Alb Dragonslayer Chain Boots,1,126,0,0,0,0,0,0,343,0,0,0,0,0,0,0,0,0,0,0,0,0,0,0,0,0,0,0,0,0,0,0,0,0,0,0,0,0,0,0,0,,0,,,,,,,,,,,,,,,,,,,,,1,,,,,,5552,,,,2,,,,,,,,,,,,,,,,,,,,,,
4000,Alb Dragonslayer Plate Chest,1,109,345,346,0,0,349,0,0,0,0,0,1,1,0,0,0,0,0,0,0,0,0,0,0,0,0,0,0,0,0,0,0,0,0,0,0,0,0,0,0,,0,,,,,,,,,,,,,,,,,,,,,1,5527,5526,,,,,,12,,,1,1,,,,,,,,,,,,,,,,,,,,
4001,Alb Dragonslayer Plate Legs,1,123,0,0,0,0,0,350,0,0,0,0,0,0,0,0,0,0,0,0,0,0,0,0,0,0,0,0,0,0,0,0,0,0,0,0,0,0,0,0,0,,0,,,,,,,,,,,,,,,,,,,,,1,,,,,5531,,,,,,,,,,,,,,,,,,,,,,,,,,,
4002,Alb Dragonslayer Plate Arms,1,113,0,0,347,0,0,0,0,0,0,0,0,0,0,0,0,0,0,0,0,0,0,0,0,0,0,0,0,0,0,0,0,0,0,0,0,0,0,0,0,,0,,,,,,,,,,,,,,,,,,,,,1,,,5530,,,,,,,,,,,,,,,,,,,,,,,,,,,,,
4003,Alb Dragonslayer Plate Gloves,1,117,0,0,0,348,0,0,0,0,0,0,0,0,0,0,0,0,0,0,0,0,0,0,0,0,0,0,0,0,0,0,0,0,0,0,0,0,0,0,0,,0,,,,,,,,,,,,,,,,,,,,,1,,,,5529,,,,,4,,,,,,,,,,,,,,,,,,,,,,,
4004,Alb Dragonslayer Plate Boots,1,127,0,0,0,0,0,0,351,0,0,0,0,0,0,0,0,0,0,0,0,0,0,0,0,0,0,0,0,0,0,0,0,0,0,0,0,0,0,0,0,,0,,,,,,,,,,,,,,,,,,,,,1,,,,,,5528,,,,4,,,,,,,,,,,,,,,,,,,,,,
4005,Alb Dragonslayer Scale Vest,1,106,689,690,0,0,693,0,0,0,0,0,1,1,0,0,0,0,0,0,0,0,0,0,0,0,0,0,0,0,0,0,0,0,0,0,0,0,0,0,0,,0,,,,,,,,,,,,,,,,,,,,,1,5539,5538,,,,,,18,,,1,1,,,,,,,,,,,,,,,,,,,,
4006,Alb Dragonslayer Scale Legs,1,122,0,0,0,0,0,694,0,0,0,0,0,0,0,0,0,0,0,0,0,0,0,0,0,0,0,0,0,0,0,0,0,0,0,0,0,0,0,0,0,,0,,,,,,,,,,,,,,,,,,,,,1,,,,,5543,,,,,,,,,,,,,,,,,,,,,,,,,,,
4007,Alb Dragonslayer Scale Arms,1,112,0,0,691,0,0,0,0,0,0,0,0,0,0,0,0,0,0,0,0,0,0,0,0,0,0,0,0,0,0,0,0,0,0,0,0,0,0,0,0,,0,,,,,,,,,,,,,,,,,,,,,1,,,5542,,,,,,,,,,,,,,,,,,,,,,,,,,,,,
4008,Alb Dragonslayer Scale Gloves,1,116,0,0,0,692,0,0,0,0,0,0,0,0,0,0,0,0,0,0,0,0,0,0,0,0,0,0,0,0,0,0,0,0,0,0,0,0,0,0,0,,0,,,,,,,,,,,,,,,,,,,,,1,,,,5541,,,,,6,,,,,,,,,,,,,,,,,,,,,,,
4009,Alb Dragonslayer Scale Boots,1,126,0,0,0,0,0,0,695,0,0,0,0,0,0,0,0,0,0,0,0,0,0,0,0,0,0,0,0,0,0,0,0,0,0,0,0,0,0,0,0,,0,,,,,,,,,,,,,,,,,,,,,1,,,,,,5540,,,,6,,,,,,,,,,,,,,,,,,,,,,
4010,Alb Dragonslayer studded Vest,1,161,330,331,0,0,334,0,0,0,0,0,2,1,0,0,0,0,0,0,0,0,0,0,0,0,0,0,0,0,0,0,0,0,0,0,0,0,0,0,0,,0,,,,,,,,,,,,,,,,,,,,,1,5533,5532,,,,,,19,,,1,1,,,,,,,,,,,,,,,,,,,,
4011,Alb Dragonslayer studded Legs,1,166,0,0,0,0,0,335,0,0,0,0,0,0,0,0,0,0,0,0,0,0,0,0,0,0,0,0,0,0,0,0,0,0,0,0,0,0,0,0,0,,0,,,,,,,,,,,,,,,,,,,,,1,,,,,5537,,,,,,,,,,,,,,,,,,,,,,,,,,,
4012,Alb Dragonslayer studded Arms,1,164,0,0,332,0,0,0,0,0,0,0,0,0,0,0,0,0,0,0,0,0,0,0,0,0,0,0,0,0,0,0,0,0,0,0,0,0,0,0,0,,0,,,,,,,,,,,,,,,,,,,,,1,,,5536,,,,,,,,,,,,,,,,,,,,,,,,,,,,,
4013,Alb Dragonslayer studded Boots,1,167,0,0,0,0,0,0,336,0,0,0,0,0,0,0,0,0,0,0,0,0,0,0,0,0,0,0,0,0,0,0,0,0,0,0,0,0,0,0,0,,0,,,,,,,,,,,,,,,,,,,,,1,,,,,,5534,,,,3,,,,,,,,,,,,,,,,,,,,,,
4014,Alb Dragonslayer studded Gloves,1,165,0,0,0,333,0,0,0,0,0,0,0,0,0,0,0,0,0,0,0,0,0,0,0,0,0,0,0,0,0,0,0,0,0,0,0,0,0,0,0,,0,,,,,,,,,,,,,,,,,,,,,1,,,,5535,,,,,3,,,,,,,,,,,,,,,,,,,,,,,
4015,Alb Dragonslayer Robe,1,118,363,364,366,0,365,0,0,0,0,0,3,3,0,0,0,0,0,0,0,0,0,0,0,0,0,0,0,0,0,0,0,0,0,0,0,0,0,0,0,,0,,,,,,,,,,,,,,,,,,,,,1,5557,5556,,,,,,16,5,5,-1,-1,,,,,,,,,,,,,,,,,,,,
4016,Alb Dragonslayer Cloth Legs,1,120,0,0,0,0,0,529,0,0,0,0,0,0,0,0,0,0,0,0,0,0,0,0,0,0,0,0,0,0,0,0,0,0,0,0,0,0,0,0,0,,0,,,,,,,,,,,,,,,,,,,,,1,,,,,5561,,,,,,,,,,,,,,,,,,,,,,1,,,,,
4017,Alb Dragonslayer Cloth Arms,1,110,0,0,530,0,0,0,0,0,0,0,0,0,0,0,0,0,0,0,0,0,0,0,0,0,0,0,0,0,0,0,0,0,0,0,0,0,0,0,0,,0,,,,,,,,,,,,,,,,,,,,,1,,,5560,,,,,,,,,,,,,,,,,,,,,,,,1,,,,,
4018,Alb Dragonslayer Cloth Gloves,1,114,0,0,0,527,0,0,0,0,0,0,0,0,0,0,0,0,0,0,0,0,0,0,0,0,0,0,0,0,0,0,0,0,0,0,0,0,0,0,0,,0,,,,,,,,,,,,,,,,,,,,,1,,,,5559,,,,,7,,,,,,,,,,,,,,,,,,1,,,,,
4019,Alb Dragonslayer Cloth Boots,1,124,0,0,0,0,0,0,527,0,0,0,0,0,0,0,0,0,0,0,0,0,0,0,0,0,0,0,0,0,0,0,0,0,0,0,0,0,0,0,0,,0,,,,,,,,,,,,,,,,,,,,,1,,,,,,5558,,,,7,,,,,,,,,,,,,,,,,,,,,,
4020,Alb Dragonslayer Cloth Vest,1,104,525,524,0,0,528,0,0,0,0,0,1,1,0,0,0,0,0,0,0,0,0,0,0,0,0,0,0,0,0,0,0,0,0,0,0,0,0,0,0,,0,,,,,,,,,,,,,,,,,,,,,1,5563,5562,,,,,,1,,,1,1,,,,,,,,,,,,,,,1,,,,,
4021,Mid Dragonslayer Leather Vest,1,105,301,302,0,0,305,0,0,0,0,0,1,1,0,0,0,0,0,0,0,0,0,0,0,0,0,0,0,0,0,0,0,0,0,0,0,0,0,0,0,,0,,,,,,,,,,,,,,,,,,,,,1,5582,5583,,,,,,,,,,,,,,,,,,,,,,,,,,,,,,
4022,Mid Dragonslayer Leather Legs,1,121,0,0,0,0,0,306,0,0,0,0,0,0,0,0,0,0,0,0,0,0,0,0,0,0,0,0,0,0,0,0,0,0,0,0,0,0,0,0,0,,0,,,,,,,,,,,,,,,,,,,,,1,,,,,5587,,,,,,,,,,,,,,,,,,,,,,,,,,,
4023,Mid Dragonslayer Leather Arms,1,111,0,0,303,0,0,0,0,0,0,0,0,0,0,0,0,0,0,0,0,0,0,0,0,0,0,0,0,0,0,0,0,0,0,0,0,0,0,0,0,,0,,,,,,,,,,,,,,,,,,,,,1,,,5586,,,,,,,,,,,,,,,,,,,,,,,,,,,,,
4024,Mid Dragonslayer Leather Gloves,1,115,0,0,0,304,0,0,0,0,0,0,0,0,0,0,0,0,0,0,0,0,0,0,0,0,0,0,0,0,0,0,0,0,0,0,0,0,0,0,0,,0,,,,,,,,,,,,,,,,,,,,,1,,,,5585,,,,,2,,,,,,,,,,,,,,,,,,,,,,,
4025,Mid Dragonslayer Leather Boots,1,125,0,0,0,0,0,0,307,0,0,0,0,0,0,0,0,0,0,0,0,0,0,0,0,0,0,0,0,0,0,0,0,0,0,0,0,0,0,0,0,,0,,,,,,,,,,,,,,,,,,,,,1,,,,,,5584,,,,2,,,,,,,,,,,,,,,,,,,,,,
4026,Mid Dragonslayer Chain Vest,1,106,337,338,0,0,341,0,0,0,0,0,2,1,0,0,0,0,0,0,0,0,0,0,0,0,0,0,0,0,0,0,0,0,0,0,0,0,0,0,0,,0,,,,,,,,,,,,,,,,,,,,,1,5589,5588,,,,,,6,,,1,1,,,,,,,,,,,,,,,,,,,,
4027,Mid Dragonslayer Chain Legs,1,122,0,0,0,0,0,342,0,0,0,0,0,0,0,0,0,0,0,0,0,0,0,0,0,0,0,0,0,0,0,0,0,0,0,0,0,0,0,0,0,,0,,,,,,,,,,,,,,,,,,,,,1,,,,,5593,,,,,,,,,,,,,,,,,,,,,,,,,,,
4028,Mid Dragonslayer Chain Arms,1,112,0,0,339,0,0,0,0,0,0,0,0,0,0,0,0,0,0,0,0,0,0,0,0,0,0,0,0,0,0,0,0,0,0,0,0,0,0,0,0,,0,,,,,,,,,,,,,,,,,,,,,1,,,5592,,,,,,,,,,,,,,,,,,,,,,,,,,,,,
4029,Mid Dragonslayer Chain Gloves,1,116,0,0,0,340,0,0,0,0,0,0,0,0,0,0,0,0,0,0,0,0,0,0,0,0,0,0,0,0,0,0,0,0,0,0,0,0,0,0,0,,0,,,,,,,,,,,,,,,,,,,,,1,,,,5591,,,,,2,,,,,,,,,,,,,,,,,,,,,,,
4030,Mid Dragonslayer Chain Boots,1,126,0,0,0,0,0,0,343,0,0,0,0,0,0,0,0,0,0,0,0,0,0,0,0,0,0,0,0,0,0,0,0,0,0,0,0,0,0,0,0,,0,,,,,,,,,,,,,,,,,,,,,1,,,,,,5590,,,,2,,,,,,,,,,,,,,,,,,,,,,
4031,Mid Dragonslayer Plate Chest,1,109,345,346,0,0,349,0,0,0,0,0,1,1,0,0,0,0,0,0,0,0,0,0,0,0,0,0,0,0,0,0,0,0,0,0,0,0,0,0,0,,0,,,,,,,,,,,,,,,,,,,,,1,5565,5564,,,,,,12,,,1,1,,,,,,,,,,,,,,,,,,,,
4032,Mid Dragonslayer Plate Legs,1,123,0,0,0,0,0,350,0,0,0,0,0,0,0,0,0,0,0,0,0,0,0,0,0,0,0,0,0,0,0,0,0,0,0,0,0,0,0,0,0,,0,,,,,,,,,,,,,,,,,,,,,1,,,,,5569,,,,,,,,,,,,,,,,,,,,,,,,,,,
4033,Mid Dragonslayer Plate Arms,1,113,0,0,347,0,0,0,0,0,0,0,0,0,0,0,0,0,0,0,0,0,0,0,0,0,0,0,0,0,0,0,0,0,0,0,0,0,0,0,0,,0,,,,,,,,,,,,,,,,,,,,,1,,,5568,,,,,,,,,,,,,,,,,,,,,,,,,,,,,
4034,Mid Dragonslayer Plate Gloves,1,117,0,0,0,348,0,0,0,0,0,0,0,0,0,0,0,0,0,0,0,0,0,0,0,0,0,0,0,0,0,0,0,0,0,0,0,0,0,0,0,,0,,,,,,,,,,,,,,,,,,,,,1,,,,5567,,,,,4,,,,,,,,,,,,,,,,,,,,,,,
4035,Mid Dragonslayer Plate Boots,1,127,0,0,0,0,0,0,351,0,0,0,0,0,0,0,0,0,0,0,0,0,0,0,0,0,0,0,0,0,0,0,0,0,0,0,0,0,0,0,0,,0,,,,,,,,,,,,,,,,,,,,,1,,,,,,5566,,,,4,,,,,,,,,,,,,,,,,,,,,,
4036,Mid Dragonslayer Scale Vest,1,106,689,690,0,0,693,0,0,0,0,0,1,1,0,0,0,0,0,0,0,0,0,0,0,0,0,0,0,0,0,0,0,0,0,0,0,0,0,0,0,,0,,,,,,,,,,,,,,,,,,,,,1,5577,5576,,,,,,18,,,1,1,,,,,,,,,,,,,,,,,,,,
4037,Mid Dragonslayer Scale Legs,1,122,0,0,0,0,0,694,0,0,0,0,0,0,0,0,0,0,0,0,0,0,0,0,0,0,0,0,0,0,0,0,0,0,0,0,0,0,0,0,0,,0,,,,,,,,,,,,,,,,,,,,,1,,,,,5581,,,,,,,,,,,,,,,,,,,,,,,,,,,
4038,Mid Dragonslayer Scale Arms,1,112,0,0,691,0,0,0,0,0,0,0,0,0,0,0,0,0,0,0,0,0,0,0,0,0,0,0,0,0,0,0,0,0,0,0,0,0,0,0,0,,0,,,,,,,,,,,,,,,,,,,,,1,,,5580,,,,,,,,,,,,,,,,,,,,,,,,,,,,,
4039,Mid Dragonslayer Scale Gloves,1,116,0,0,0,692,0,0,0,0,0,0,0,0,0,0,0,0,0,0,0,0,0,0,0,0,0,0,0,0,0,0,0,0,0,0,0,0,0,0,0,,0,,,,,,,,,,,,,,,,,,,,,1,,,,5579,,,,,6,,,,,,,,,,,,,,,,,,,,,,,
4040,Mid Dragonslayer Scale Boots,1,126,0,0,0,0,0,0,695,0,0,0,0,0,0,0,0,0,0,0,0,0,0,0,0,0,0,0,0,0,0,0,0,0,0,0,0,0,0,0,0,,0,,,,,,,,,,,,,,,,,,,,,1,,,,,,5578,,,,6,,,,,,,,,,,,,,,,,,,,,,
4041,Mid Dragonslayer studded Vest,1,161,330,331,0,0,334,0,0,0,0,0,2,1,0,0,0,0,0,0,0,0,0,0,0,0,0,0,0,0,0,0,0,0,0,0,0,0,0,0,0,,0,,,,,,,,,,,,,,,,,,,,,1,5571,5570,,,,,,19,,,1,1,,,,,,,,,,,,,,,,,,,,
4042,Mid Dragonslayer studded Legs,1,166,0,0,0,0,0,335,0,0,0,0,0,0,0,0,0,0,0,0,0,0,0,0,0,0,0,0,0,0,0,0,0,0,0,0,0,0,0,0,0,,0,,,,,,,,,,,,,,,,,,,,,1,,,,,5575,,,,,,,,,,,,,,,,,,,,,,,,,,,
4043,Mid Dragonslayer studded Arms,1,164,0,0,332,0,0,0,0,0,0,0,0,0,0,0,0,0,0,0,0,0,0,0,0,0,0,0,0,0,0,0,0,0,0,0,0,0,0,0,0,,0,,,,,,,,,,,,,,,,,,,,,1,,,5574,,,,,,,,,,,,,,,,,,,,,,,,,,,,,
4044,Mid Dragonslayer studded Boots,1,167,0,0,0,0,0,0,336,0,0,0,0,0,0,0,0,0,0,0,0,0,0,0,0,0,0,0,0,0,0,0,0,0,0,0,0,0,0,0,0,,0,,,,,,,,,,,,,,,,,,,,,1,,,,,,5572,,,,3,,,,,,,,,,,,,,,,,,,,,,
4045,Mid Dragonslayer studded Gloves,1,165,0,0,0,333,0,0,0,0,0,0,0,0,0,0,0,0,0,0,0,0,0,0,0,0,0,0,0,0,0,0,0,0,0,0,0,0,0,0,0,,0,,,,,,,,,,,,,,,,,,,,,1,,,,5573,,,,,3,,,,,,,,,,,,,,,,,,,,,,,
4046,Mid Dragonslayer Robe,1,118,363,364,366,0,365,0,0,0,0,0,3,3,0,0,0,0,0,0,0,0,0,0,0,0,0,0,0,0,0,0,0,0,0,0,0,0,0,0,0,,0,,,,,,,,,,,,,,,,,,,,,1,5595,5594,,,,,,16,5,5,-1,-1,,,,,,,,,,,,,,,,,,,,
4047,Mid Dragonslayer Cloth Legs,1,120,0,0,0,0,0,529,0,0,0,0,0,0,0,0,0,0,0,0,0,0,0,0,0,0,0,0,0,0,0,0,0,0,0,0,0,0,0,0,0,,0,,,,,,,,,,,,,,,,,,,,,1,,,,,5599,,,,,,,,,,,,,,,,,,,,,,1,,,,,
4048,Mid Dragonslayer Cloth Arms,1,110,0,0,530,0,0,0,0,0,0,0,0,0,0,0,0,0,0,0,0,0,0,0,0,0,0,0,0,0,0,0,0,0,0,0,0,0,0,0,0,,0,,,,,,,,,,,,,,,,,,,,,1,,,5598,,,,,,,,,,,,,,,,,,,,,,,,1,,,,,
4049,Mid Dragonslayer Cloth Gloves,1,114,0,0,0,527,0,0,0,0,0,0,0,0,0,0,0,0,0,0,0,0,0,0,0,0,0,0,0,0,0,0,0,0,0,0,0,0,0,0,0,,0,,,,,,,,,,,,,,,,,,,,,1,,,,5597,,,,,7,,,,,,,,,,,,,,,,,,1,,,,,
4050,Mid Dragonslayer Cloth Boots,1,124,0,0,0,0,0,0,527,0,0,0,0,0,0,0,0,0,0,0,0,0,0,0,0,0,0,0,0,0,0,0,0,0,0,0,0,0,0,0,0,,0,,,,,,,,,,,,,,,,,,,,,1,,,,,,5596,,,,7,,,,,,,,,,,,,,,,,,,,,,
4051,Mid Dragonslayer Cloth Vest,1,104,525,524,0,0,528,0,0,0,0,0,1,1,0,0,0,0,0,0,0,0,0,0,0,0,0,0,0,0,0,0,0,0,0,0,0,0,0,0,0,,0,,,,,,,,,,,,,,,,,,,,,1,5601,5600,,,,,,1,,,1,1,,,,,,,,,,,,,,,1,,,,,
4052,Mid Dragonslayer Half-Robe,1,104,363,364,366,0,365,0,0,0,0,0,2,2,0,0,0,0,0,0,0,0,0,0,0,0,0,0,0,0,0,0,0,0,0,0,0,0,0,0,0,,0,,,,,,,,,,,,,,,,,,,,,1,5595,5594,,,,,,16,5,5,-1,-1,,,,,,,,,,,,,,,,,,,,
4053,Albion Dragonslayer Plate Full Helm,0,4102,0,0,0,0,0,0,0,0,5602,3,0,0,0,0,0,0,0,0,0,0,0,0,0,0,0,0,0,0,0,0,0,0,0,0,0,0,0,0,0,0,0,,,,,,,,,,,,,,,,,,,,,,,,,,,,,,,,,,,,,,,,,,,,,,,,,,,1,1,
4054,Albion DragonSlayer Leather Full Helm,0,2899,0,0,0,0,0,0,0,0,5607,6,0,0,0,0,0,0,0,0,0,0,0,0,0,0,0,0,0,0,0,0,0,0,0,0,0,0,0,0,0,0,0,,,,,,,,,,,,,,,,,,,,,,,,,,,,,,,,,,,,,,,,,,,,,,,,,,,1,1,
4055,Albion Dragonslayer Stud Leather Full Helm,0,2899,0,0,0,0,0,0,0,0,5605,6,0,0,0,0,0,0,0,0,0,0,0,0,0,0,0,0,0,0,0,0,0,0,0,0,0,0,0,0,0,0,0,,,,,,,,,,,,,,,,,,,,,,,,,,,,,,,,,,,,,,,,,,,,,,,,,,,1,1,
4056,Albion DragonSlayer Cloth Full Helm,0,2898,0,0,0,0,0,0,0,0,5603,9,0,0,0,0,0,0,0,0,0,0,0,0,0,0,0,0,0,0,0,0,0,0,0,0,0,0,0,0,0,0,0,,,,,,,,,,,,,,,,,,,,,,,,,,,,,,,,,,,,,,,,,,,,,,,,,,,1,1,
4057,Albion Dragonslayer Alb Chain Full Helm,0,4100,0,0,0,0,0,0,0,0,5606,6,0,0,0,0,0,0,0,0,0,0,0,0,0,0,0,0,0,0,0,0,0,0,0,0,0,0,0,0,0,0,0,,,,,,,,,,,,,,,,,,,,,,,,,,,,,,,,,,,,,,,,,,,,,,,,,,,1,1,
4058,Albion Dragonslayer Mid Chain Full Helm,0,4100,0,0,0,0,0,0,0,0,5606,3,0,0,0,0,0,0,0,0,0,0,0,0,0,0,0,0,0,0,0,0,0,0,0,0,0,0,0,0,0,0,0,,,,,,,,,,,,,,,,,,,,,,,,,,,,,,,,,,,,,,,,,,,,,,,,,,,1,1,
4059,Albion Dragonslayer Scale Full Helm,0,4101,0,0,0,0,0,0,0,0,5604,3,0,0,0,0,0,0,0,0,0,0,0,0,0,0,0,0,0,0,0,0,0,0,0,0,0,0,0,0,0,0,0,,,,,,,,,,,,,,,,,,,,,,,,,,,,,,,,,,,,,,,,,,,,,,,,,,,1,1,
4060,Hib Dragonslayer Plate Full Helm,0,4102,0,0,0,0,0,0,0,0,5612,4,0,0,0,0,0,0,0,0,0,0,0,0,0,0,0,0,0,0,0,0,0,0,0,0,0,0,0,0,0,0,0,,,,,,,,,,,,,,,,,,,,,,,,,,,,,,,,,,,,,,,,,,,,,,,,,,,1,1,
4061,Hib DragonSlayer Leather Full Helm,0,2899,0,0,0,0,0,0,0,0,5611,7,0,0,0,0,0,0,0,0,0,0,0,0,0,0,0,0,0,0,0,0,0,0,0,0,0,0,0,0,0,0,0,,,,,,,,,,,,,,,,,,,,,,,,,,,,,,,,,,,,,,,,,,,,,,,,,,,1,1,
4062,Hib Dragonslayer Stud Leather Full Helm,0,2899,0,0,0,0,0,0,0,0,5614,7,0,0,0,0,0,0,0,0,0,0,0,0,0,0,0,0,0,0,0,0,0,0,0,0,0,0,0,0,0,0,0,,,,,,,,,,,,,,,,,,,,,,,,,,,,,,,,,,,,,,,,,,,,,,,,,,,1,1,
4063,Hib DragonSlayer Cloth Full Helm,0,2898,0,0,0,0,0,0,0,0,5610,10,0,0,0,0,0,0,0,0,0,0,0,0,0,0,0,0,0,0,0,0,0,0,0,0,0,0,0,0,0,0,0,,,,,,,,,,,,,,,,,,,,,,,,,,,,,,,,,,,,,,,,,,,,,,,,,,,1,1,
4064,Hib Dragonslayer Albion Chain Full Helm,0,4100,0,0,0,0,0,0,0,0,5608,7,0,0,0,0,0,0,0,0,0,0,0,0,0,0,0,0,0,0,0,0,0,0,0,0,0,0,0,0,0,0,0,,,,,,,,,,,,,,,,,,,,,,,,,,,,,,,,,,,,,,,,,,,,,,,,,,,1,1,
4065,Hib Dragonslayer Midgard Chain Full Helm,0,4100,0,0,0,0,0,0,0,0,5609,4,0,0,0,0,0,0,0,0,0,0,0,0,0,0,0,0,0,0,0,0,0,0,0,0,0,0,0,0,0,0,0,,,,,,,,,,,,,,,,,,,,,,,,,,,,,,,,,,,,,,,,,,,,,,,,,,,1,1,
4066,Hib Dragonslayer Scale Full Helm,0,4101,0,0,0,0,0,0,0,0,5613,4,0,0,0,0,0,0,0,0,0,0,0,0,0,0,0,0,0,0,0,0,0,0,0,0,0,0,0,0,0,0,0,,,,,,,,,,,,,,,,,,,,,,,,,,,,,,,,,,,,,,,,,,,,,,,,,,,1,1,
4067,Mid Dragonslayer Plate Full Helm,0,4102,0,0,0,0,0,0,0,0,5619,5,0,0,0,0,0,0,0,0,0,0,0,0,0,0,0,0,0,0,0,0,0,0,0,0,0,0,0,0,0,0,0,,,,,,,,,,,,,,,,,,,,,,,,,,,,,,,,,,,,,,,,,,,,,,,,,,,1,1,
4068,Mid DragonSlayer Leather Full Helm,0,2899,0,0,0,0,0,0,0,0,5618,8,0,0,0,0,0,0,0,0,0,0,0,0,0,0,0,0,0,0,0,0,0,0,0,0,0,0,0,0,0,0,0,,,,,,,,,,,,,,,,,,,,,,,,,,,,,,,,,,,,,,,,,,,,,,,,,,,1,1,
4069,Mid Dragonslayer Stud Leather Full Helm,0,2899,0,0,0,0,0,0,0,0,5621,8,0,0,0,0,0,0,0,0,0,0,0,0,0,0,0,0,0,0,0,0,0,0,0,0,0,0,0,0,0,0,0,,,,,,,,,,,,,,,,,,,,,,,,,,,,,,,,,,,,,,,,,,,,,,,,,,,1,1,
4070,Mid DragonSlayer Cloth Full Helm,0,2898,0,0,0,0,0,0,0,0,5617,11,0,0,0,0,0,0,0,0,0,0,0,0,0,0,0,0,0,0,0,0,0,0,0,0,0,0,0,0,0,0,0,,,,,,,,,,,,,,,,,,,,,,,,,,,,,,,,,,,,,,,,,,,,,,,,,,,1,1,
4071,Mid Dragonslayer Alb Chain Full Helm,0,4100,0,0,0,0,0,0,0,0,5615,8,0,0,0,0,0,0,0,0,0,0,0,0,0,0,0,0,0,0,0,0,0,0,0,0,0,0,0,0,0,0,0,,,,,,,,,,,,,,,,,,,,,,,,,,,,,,,,,,,,,,,,,,,,,,,,,,,1,1,
4072,Mid Dragonslayer Mid Chain Full Helm,0,4100,0,0,0,0,0,0,0,0,5616,5,0,0,0,0,0,0,0,0,0,0,0,0,0,0,0,0,0,0,0,0,0,0,0,0,0,0,0,0,0,0,0,,,,,,,,,,,,,,,,,,,,,,,,,,,,,,,,,,,,,,,,,,,,,,,,,,,1,1,
4073,Mid Dragonslayer Scale Full Helm,0,4101,0,0,0,0,0,0,0,0,5620,5,0,0,0,0,0,0,0,0,0,0,0,0,0,0,0,0,0,0,0,0,0,0,0,0,0,0,0,0,0,0,0,,,,,,,,,,,,,,,,,,,,,,,,,,,,,,,,,,,,,,,,,,,,,,,,,,,1,1,
4074,Hib Dragonslayer Leather Vest,1,105,301,302,0,0,305,0,0,0,0,0,1,1,0,0,0,0,0,0,0,0,0,0,0,0,0,0,0,0,0,0,0,0,0,0,0,0,0,0,0,,0,,,,,,,,,,,,,,,,,,,,,1,5641,5640,,,,,,,,,,,,,,,,,,,,,,,,,,,,,,
4075,Hib Dragonslayer Leather Legs,1,121,0,0,0,0,0,306,0,0,0,0,0,0,0,0,0,0,0,0,0,0,0,0,0,0,0,0,0,0,0,0,0,0,0,0,0,0,0,0,0,,0,,,,,,,,,,,,,,,,,,,,,1,,,,,5645,,,,,,,,,,,,,,,,,,,,,,,,,,,
4076,Hib Dragonslayer Leather Arms,1,111,0,0,303,0,0,0,0,0,0,0,0,0,0,0,0,0,0,0,0,0,0,0,0,0,0,0,0,0,0,0,0,0,0,0,0,0,0,0,0,,0,,,,,,,,,,,,,,,,,,,,,1,,,5644,,,,,,,,,,,,,,,,,,,,,,,,,,,,,
4077,Hib Dragonslayer Leather Gloves,1,115,0,0,0,304,0,0,0,0,0,0,0,0,0,0,0,0,0,0,0,0,0,0,0,0,0,0,0,0,0,0,0,0,0,0,0,0,0,0,0,,0,,,,,,,,,,,,,,,,,,,,,1,,,,5643,,,,,2,,,,,,,,,,,,,,,,,,,,,,,
4078,Hib Dragonslayer Leather Boots,1,125,0,0,0,0,0,0,307,0,0,0,0,0,0,0,0,0,0,0,0,0,0,0,0,0,0,0,0,0,0,0,0,0,0,0,0,0,0,0,0,,0,,,,,,,,,,,,,,,,,,,,,1,,,,,,5642,,,,2,,,,,,,,,,,,,,,,,,,,,,
4079,Hib Dragonslayer Chain Vest,1,106,337,338,0,0,341,0,0,0,0,0,2,1,0,0,0,0,0,0,0,0,0,0,0,0,0,0,0,0,0,0,0,0,0,0,0,0,0,0,0,,0,,,,,,,,,,,,,,,,,,,,,1,5647,5646,,,,,,6,,,1,1,,,,,,,,,,,,,,,,,,,,
4080,Hib Dragonslayer Chain Legs,1,122,0,0,0,0,0,342,0,0,0,0,0,0,0,0,0,0,0,0,0,0,0,0,0,0,0,0,0,0,0,0,0,0,0,0,0,0,0,0,0,,0,,,,,,,,,,,,,,,,,,,,,1,,,,,5651,,,,,,,,,,,,,,,,,,,,,,,,,,,
4081,Hib Dragonslayer Chain Arms,1,112,0,0,339,0,0,0,0,0,0,0,0,0,0,0,0,0,0,0,0,0,0,0,0,0,0,0,0,0,0,0,0,0,0,0,0,0,0,0,0,,0,,,,,,,,,,,,,,,,,,,,,1,,,5650,,,,,,,,,,,,,,,,,,,,,,,,,,,,,
4082,Hib Dragonslayer Chain Gloves,1,116,0,0,0,340,0,0,0,0,0,0,0,0,0,0,0,0,0,0,0,0,0,0,0,0,0,0,0,0,0,0,0,0,0,0,0,0,0,0,0,,0,,,,,,,,,,,,,,,,,,,,,1,,,,5649,,,,,2,,,,,,,,,,,,,,,,,,,,,,,
4083,Hib Dragonslayer Chain Boots,1,126,0,0,0,0,0,0,343,0,0,0,0,0,0,0,0,0,0,0,0,0,0,0,0,0,0,0,0,0,0,0,0,0,0,0,0,0,0,0,0,,0,,,,,,,,,,,,,,,,,,,,,1,,,,,,5648,,,,2,,,,,,,,,,,,,,,,,,,,,,
4084,Hib Dragonslayer Plate Chest,1,109,345,346,0,0,349,0,0,0,0,0,1,1,0,0,0,0,0,0,0,0,0,0,0,0,0,0,0,0,0,0,0,0,0,0,0,0,0,0,0,,0,,,,,,,,,,,,,,,,,,,,,1,5623,5622,,,,,,12,,,1,1,,,,,,,,,,,,,,,,,,,,
4085,Hib Dragonslayer Plate Legs,1,123,0,0,0,0,0,350,0,0,0,0,0,0,0,0,0,0,0,0,0,0,0,0,0,0,0,0,0,0,0,0,0,0,0,0,0,0,0,0,0,,0,,,,,,,,,,,,,,,,,,,,,1,,,,,5627,,,,,,,,,,,,,,,,,,,,,,,,,,,
4086,Hib Dragonslayer Plate Arms,1,113,0,0,347,0,0,0,0,0,0,0,0,0,0,0,0,0,0,0,0,0,0,0,0,0,0,0,0,0,0,0,0,0,0,0,0,0,0,0,0,,0,,,,,,,,,,,,,,,,,,,,,1,,,5626,,,,,,,,,,,,,,,,,,,,,,,,,,,,,
4087,Hib Dragonslayer Plate Gloves,1,117,0,0,0,348,0,0,0,0,0,0,0,0,0,0,0,0,0,0,0,0,0,0,0,0,0,0,0,0,0,0,0,0,0,0,0,0,0,0,0,,0,,,,,,,,,,,,,,,,,,,,,1,,,,5625,,,,,4,,,,,,,,,,,,,,,,,,,,,,,
4088,Hib Dragonslayer Plate Boots,1,127,0,0,0,0,0,0,351,0,0,0,0,0,0,0,0,0,0,0,0,0,0,0,0,0,0,0,0,0,0,0,0,0,0,0,0,0,0,0,0,,0,,,,,,,,,,,,,,,,,,,,,1,,,,,,5624,,,,4,,,,,,,,,,,,,,,,,,,,,,
4089,Hib Dragonslayer Scale Vest,1,106,689,690,0,0,693,0,0,0,0,0,1,1,0,0,0,0,0,0,0,0,0,0,0,0,0,0,0,0,0,0,0,0,0,0,0,0,0,0,0,,0,,,,,,,,,,,,,,,,,,,,,1,5635,5634,,,,,,18,,,1,1,,,,,,,,,,,,,,,,,,,,
4090,Hib Dragonslayer Scale Legs,1,122,0,0,0,0,0,694,0,0,0,0,0,0,0,0,0,0,0,0,0,0,0,0,0,0,0,0,0,0,0,0,0,0,0,0,0,0,0,0,0,,0,,,,,,,,,,,,,,,,,,,,,1,,,,,5639,,,,,,,,,,,,,,,,,,,,,,,,,,,
4091,Hib Dragonslayer Scale Arms,1,112,0,0,691,0,0,0,0,0,0,0,0,0,0,0,0,0,0,0,0,0,0,0,0,0,0,0,0,0,0,0,0,0,0,0,0,0,0,0,0,,0,,,,,,,,,,,,,,,,,,,,,1,,,5638,,,,,,,,,,,,,,,,,,,,,,,,,,,,,
4092,Hib Dragonslayer Scale Gloves,1,116,0,0,0,692,0,0,0,0,0,0,0,0,0,0,0,0,0,0,0,0,0,0,0,0,0,0,0,0,0,0,0,0,0,0,0,0,0,0,0,,0,,,,,,,,,,,,,,,,,,,,,1,,,,5637,,,,,6,,,,,,,,,,,,,,,,,,,,,,,
4093,Hib Dragonslayer Scale Boots,1,126,0,0,0,0,0,0,695,0,0,0,0,0,0,0,0,0,0,0,0,0,0,0,0,0,0,0,0,0,0,0,0,0,0,0,0,0,0,0,0,,0,,,,,,,,,,,,,,,,,,,,,1,,,,,,5636,,,,6,,,,,,,,,,,,,,,,,,,,,,
4094,Hib Dragonslayer studded Vest,1,161,330,331,0,0,334,0,0,0,0,0,2,1,0,0,0,0,0,0,0,0,0,0,0,0,0,0,0,0,0,0,0,0,0,0,0,0,0,0,0,,0,,,,,,,,,,,,,,,,,,,,,1,5629,5628,,,,,,19,,,1,1,,,,,,,,,,,,,,,,,,,,
4095,Hib Dragonslayer studded Legs,1,166,0,0,0,0,0,335,0,0,0,0,0,0,0,0,0,0,0,0,0,0,0,0,0,0,0,0,0,0,0,0,0,0,0,0,0,0,0,0,0,,0,,,,,,,,,,,,,,,,,,,,,1,,,,,5633,,,,,,,,,,,,,,,,,,,,,,,,,,,
4096,Hib Dragonslayer studded Arms,1,164,0,0,332,0,0,0,0,0,0,0,0,0,0,0,0,0,0,0,0,0,0,0,0,0,0,0,0,0,0,0,0,0,0,0,0,0,0,0,0,,0,,,,,,,,,,,,,,,,,,,,,1,,,5632,,,,,,,,,,,,,,,,,,,,,,,,,,,,,
4097,Hib Dragonslayer studded Boots,1,167,0,0,0,0,0,0,336,0,0,0,0,0,0,0,0,0,0,0,0,0,0,0,0,0,0,0,0,0,0,0,0,0,0,0,0,0,0,0,0,,0,,,,,,,,,,,,,,,,,,,,,1,,,,,,5630,,,,3,,,,,,,,,,,,,,,,,,,,,,
4098,Hib Dragonslayer studded Gloves,1,165,0,0,0,333,0,0,0,0,0,0,0,0,0,0,0,0,0,0,0,0,0,0,0,0,0,0,0,0,0,0,0,0,0,0,0,0,0,0,0,,0,,,,,,,,,,,,,,,,,,,,,1,,,,5631,,,,,3,,,,,,,,,,,,,,,,,,,,,,,
4099,Hib Dragonslayer Robe,1,118,363,364,366,0,365,0,0,0,0,0,3,3,0,0,0,0,0,0,0,0,0,0,0,0,0,0,0,0,0,0,0,0,0,0,0,0,0,0,0,,0,,,,,,,,,,,,,,,,,,,,,1,5653,5652,,,,,,16,5,5,-1,-1,,,,,,,,,,,,,,,,,,,,
4100,Hib Dragonslayer Cloth Legs,1,120,0,0,0,0,0,529,0,0,0,0,0,0,0,0,0,0,0,0,0,0,0,0,0,0,0,0,0,0,0,0,0,0,0,0,0,0,0,0,0,,0,,,,,,,,,,,,,,,,,,,,,1,,,,,5657,,,,,,,,,,,,,,,,,,,,,,1,,,,,
4101,Hib Dragonslayer Cloth Arms,1,110,0,0,530,0,0,0,0,0,0,0,0,0,0,0,0,0,0,0,0,0,0,0,0,0,0,0,0,0,0,0,0,0,0,0,0,0,0,0,0,,0,,,,,,,,,,,,,,,,,,,,,1,,,5656,,,,,,,,,,,,,,,,,,,,,,,,1,,,,,
4102,Hib Dragonslayer Cloth Gloves,1,114,0,0,0,527,0,0,0,0,0,0,0,0,0,0,0,0,0,0,0,0,0,0,0,0,0,0,0,0,0,0,0,0,0,0,0,0,0,0,0,,0,,,,,,,,,,,,,,,,,,,,,1,,,,5655,,,,,7,,,,,,,,,,,,,,,,,,1,,,,,
4103,Hib Dragonslayer Cloth Boots,1,124,0,0,0,0,0,0,527,0,0,0,0,0,0,0,0,0,0,0,0,0,0,0,0,0,0,0,0,0,0,0,0,0,0,0,0,0,0,0,0,,0,,,,,,,,,,,,,,,,,,,,,1,,,,,,5654,,,,7,,,,,,,,,,,,,,,,,,,,,,
4104,Hib Dragonslayer Cloth Vest,1,104,525,524,0,0,528,0,0,0,0,0,1,1,0,0,0,0,0,0,0,0,0,0,0,0,0,0,0,0,0,0,0,0,0,0,0,0,0,0,0,,0,,,,,,,,,,,,,,,,,,,,,1,5659,5658,,,,,,1,,,1,1,,,,,,,,,,,,,,,1,,,,,
4105,Albion Dragonslayer Ornate Cloak,1,119,0,0,0,0,0,0,0,362,0,0,0,0,1,0,0,0,0,0,0,0,0,0,0,0,0,0,0,0,0,0,0,0,0,0,0,0,0,0,0,,0,,,,,,,,,,,,,,,,,,,,,,,,,,,,5662,,,,,,,,,,,,,,,,,,,,,,,,,
4106,Albion Dragonlslayer Simple Cloak,1,119,0,0,0,0,0,0,0,362,0,0,0,0,1,0,0,0,0,0,0,0,0,0,0,0,0,0,0,0,0,0,0,0,0,0,0,0,0,0,0,,0,,,,,,,,,,,,,,,,,,,,,,,,,,,,5663,,,,,,,,,,,,,,,,,,,,,,,,,
4107,Midgard Dragonslayer Ornate Cloak,1,119,0,0,0,0,0,0,0,362,0,0,0,0,1,0,0,0,0,0,0,0,0,0,0,0,0,0,0,0,0,0,0,0,0,0,0,0,0,0,0,,0,,,,,,,,,,,,,,,,,,,,,,,,,,,,5664,,,,,,,,,,,,,,,,,,,,,,,,,
4108,Midgard Dragonlslayer Simple Cloak,1,119,0,0,0,0,0,0,0,362,0,0,0,0,1,0,0,0,0,0,0,0,0,0,0,0,0,0,0,0,0,0,0,0,0,0,0,0,0,0,0,,0,,,,,,,,,,,,,,,,,,,,,,,,,,,,5665,,,,,,,,,,,,,,,,,,,,,,,,,
4109,Hibernia Dragonslayer Ornate Cloak,1,119,0,0,0,0,0,0,0,362,0,0,0,0,1,0,0,0,0,0,0,0,0,0,0,0,0,0,0,0,0,0,0,0,0,0,0,0,0,0,0,,0,,,,,,,,,,,,,,,,,,,,,,,,,,,,5660,,,,,,,,,,,,,,,,,,,,,,,,,
4110,Hibernia Dragonlslayer Simple Cloak,1,119,0,0,0,0,0,0,0,362,0,0,0,0,1,0,0,0,0,0,0,0,0,0,0,0,0,0,0,0,0,0,0,0,0,0,0,0,0,0,0,,0,,,,,,,,,,,,,,,,,,,,,,,,,,,,5661,,,,,,,,,,,,,,,,,,,,,,,,,
4111,Glimmer Knight Trophy,1,544,0,0,0,0,0,0,0,0,0,0,0,0,0,0,0,0,0,0,0,0,0,0,0,0,0,0,0,0,0,0,0,0,2151,0,0,0,0,0,0,1,0,,,,,,,,,,,,,,,,,,,,,,,,,,,,,,,,,,,,,,,,,,,,,,,,,,,,,
4112,RevampWerewolf Trophy,1,544,0,0,0,0,0,0,0,0,0,0,0,0,0,0,0,0,0,0,0,0,0,0,0,0,0,0,0,0,0,0,0,0,2152,0,0,0,0,0,0,1,0,,,,,,,,,,,,,,,,,,,,,,,,,,,,,,,,,,,,,,,,,,,,,,,,,,,,,
4113,Revamped Rockgiant Trophy,1,544,0,0,0,0,0,0,0,0,0,0,0,0,0,0,0,0,0,0,0,0,0,0,0,0,0,0,0,0,0,0,0,0,2153,0,0,0,0,0,0,1,0,,,,,,,,,,,,,,,,,,,,,,,,,,,,,,,,,,,,,,,,,,,,,,,,,,,,,
4114,Pumpkin Patch,2154,566,0,0,0,0,0,0,0,0,0,0,0,0,0,0,0,0,0,0,0,0,0,0,0,0,0,0,0,0,0,0,0,0,0,0,0,0,0,0,0,0,0,1,1,,,,,,1,,,,,,,,,,,,,,,,,,,,,,,,,,,,,,,,,,,,,,,,,,,,,
4115,White Star Winter Cloak,1,119,0,0,0,0,0,0,0,362,0,0,0,0,1,0,0,0,0,0,0,0,0,0,0,0,0,0,0,0,0,0,0,0,0,0,0,0,0,0,0,,0,,,,,,,,,,,,,,,,,,,,,,,,,,,,5666,,,,,,,,,,,,,,,,,,,,,,,,,
4116,Winter Tree Alb,2155,1,0,0,0,0,0,0,0,0,0,0,0,0,0,0,0,0,0,0,0,0,0,0,0,0,0,0,0,0,0,0,0,0,0,0,0,0,0,0,0,0,0,1,1,,,,,,1,,,,,,,,,,,,,,,,,,,,,,,,,,,,,,,,,,,,,,,,,,,,,
4117,Winter Tree Mid,2156,1,0,0,0,0,0,0,0,0,0,0,0,0,0,0,0,0,0,0,0,0,0,0,0,0,0,0,0,0,0,0,0,0,0,0,0,0,0,0,0,0,0,1,1,,,,,,1,,,,,,,,,,,,,,,,,,,,,,,,,,,,,,,,,,,,,,,,,,,,,
4118,Winter Tree Hib,2157,1,0,0,0,0,0,0,0,0,0,0,0,0,0,0,0,0,0,0,0,0,0,0,0,0,0,0,0,0,0,0,0,0,0,0,0,0,0,0,0,0,0,1,1,,,,,,1,,,,,,,,,,,,,,,,,,,,,,,,,,,,,,,,,,,,,,,,,,,,,
4119,Winter Present Tall,2158,1,0,0,0,0,0,0,0,0,0,0,0,0,0,0,0,0,0,0,0,0,0,0,0,0,0,0,0,0,0,0,0,0,0,0,0,0,0,0,0,0,0,1,1,,,,,,1,,,,,,,,,,,,,,,,,,,,,,,,,,,,,,,,,,,,,,,,,,,,,
4120,Winter Present Small,2159,1,0,0,0,0,0,0,0,0,0,0,0,0,0,0,0,0,0,0,0,0,0,0,0,0,0,0,0,0,0,0,0,0,0,0,0,0,0,0,0,0,0,1,1,,,,,,1,,,,,,,,,,,,,,,,,,,,,,,,,,,,,,,,,,,,,,,,,,,,,
4121,WinterTent_Square,2160,1,0,0,0,0,0,0,0,0,0,0,0,0,0,0,0,0,0,0,0,0,0,0,0,0,0,0,0,0,0,0,0,0,0,0,0,0,0,0,0,0,0,1,1,,,,,,1,,,,,,,,,,,,,,,,,,,,,,,,,,,,,,,,,,,,,,,,,,,,,
4122,Winter_banner_Alb,2161,1,0,0,0,0,0,0,0,0,0,0,0,0,0,0,0,0,0,0,0,0,0,0,0,0,0,0,0,0,0,0,0,0,0,0,0,0,0,0,0,0,0,1,1,,,,,,1,,,,,,,,,,,,,,,,,,,,,,,,,,,,,,,,,,,,,,,,,,,,,
4123,Winter_banner_hib,2162,1,0,0,0,0,0,0,0,0,0,0,0,0,0,0,0,0,0,0,0,0,0,0,0,0,0,0,0,0,0,0,0,0,0,0,0,0,0,0,0,0,0,1,1,,,,,,1,,,,,,,,,,,,,,,,,,,,,,,,,,,,,,,,,,,,,,,,,,,,,
4124,Winter_banner_Mid,2163,1,0,0,0,0,0,0,0,0,0,0,0,0,0,0,0,0,0,0,0,0,0,0,0,0,0,0,0,0,0,0,0,0,0,0,0,0,0,0,0,0,0,1,1,,,,,,1,,,,,,,,,,,,,,,,,,,,,,,,,,,,,,,,,,,,,,,,,,,,,
4125,Winter_lootbag,2164,1,0,0,0,0,0,0,0,0,0,0,0,0,0,0,0,0,0,0,0,0,0,0,0,0,0,0,0,0,0,0,0,0,0,0,0,0,0,0,0,0,0,1,1,,,,,,1,,,,,,,,,,,,,,,,,,,,,,,,,,,,,,,,,,,,,,,,,,,,,
4126,WinterTent_Round,2165,1,0,0,0,0,0,0,0,0,0,0,0,0,0,0,0,0,0,0,0,0,0,0,0,0,0,0,0,0,0,0,0,0,0,0,0,0,0,0,0,0,0,1,1,,,,,,1,,,,,,,,,,,,,,,,,,,,,,,,,,,,,,,,,,,,,,,,,,,,,
4127,WinterTent_Round_empty,2166,1,0,0,0,0,0,0,0,0,0,0,0,0,0,0,0,0,0,0,0,0,0,0,0,0,0,0,0,0,0,0,0,0,0,0,0,0,0,0,0,0,0,1,1,,,,,,1,,,,,,,,,,,,,,,,,,,,,,,,,,,,,,,,,,,,,,,,,,,,,
4128,Int_wall_trophy_WreathSnow,1,543,0,0,0,0,0,0,0,0,0,0,0,0,0,0,0,0,0,0,0,0,0,0,0,0,0,0,0,0,0,0,0,0,2167,0,0,0,0,0,0,0,0,,,,,,,,,,,,,,,,,,,,,,,,,,,,,,,,,,,,,,,,,,,,,,,,,,,,,
4129,Int_wall_trophy_WreathSpray,1,543,0,0,0,0,0,0,0,0,0,0,0,0,0,0,0,0,0,0,0,0,0,0,0,0,0,0,0,0,0,0,0,0,2168,0,0,0,0,0,0,0,0,,,,,,,,,,,,,,,,,,,,,,,,,,,,,,,,,,,,,,,,,,,,,,,,,,,,,
4130,Int_wall_trophy_WreathSwag,1,543,0,0,0,0,0,0,0,0,0,0,0,0,0,0,0,0,0,0,0,0,0,0,0,0,0,0,0,0,0,0,0,0,2169,0,0,0,0,0,0,0,0,,,,,,,,,,,,,,,,,,,,,,,,,,,,,,,,,,,,,,,,,,,,,,,,,,,,,
4131,Int_wall_trophy_WreathGold,1,543,0,0,0,0,0,0,0,0,0,0,0,0,0,0,0,0,0,0,0,0,0,0,0,0,0,0,0,0,0,0,0,0,2170,0,0,0,0,0,0,0,0,,,,,,,,,,,,,,,,,,,,,,,,,,,,,,,,,,,,,,,,,,,,,,,,,,,,,
4132,Int_wall_trophy_WreathKnot,1,543,0,0,0,0,0,0,0,0,0,0,0,0,0,0,0,0,0,0,0,0,0,0,0,0,0,0,0,0,0,0,0,0,2171,0,0,0,0,0,0,0,0,,,,,,,,,,,,,,,,,,,,,,,,,,,,,,,,,,,,,,,,,,,,,,,,,,,,,
4133,Int_wall_trophy_WreathRed,1,543,0,0,0,0,0,0,0,0,0,0,0,0,0,0,0,0,0,0,0,0,0,0,0,0,0,0,0,0,0,0,0,0,2172,0,0,0,0,0,0,0,0,,,,,,,,,,,,,,,,,,,,,,,,,,,,,,,,,,,,,,,,,,,,,,,,,,,,,
4134,Int_wall_trophy_knotCandle,1,543,0,0,0,0,0,0,0,0,0,0,0,0,0,0,0,0,0,0,0,0,0,0,0,0,0,0,0,0,0,0,0,0,2173,0,0,0,0,0,0,0,0,,,,,,,,,,,,,,,,,,,,,,,,,,,,,,,,,,,,,,,,,,,,,,,,,,,,,
4135,Winter_Yulefire,2174,1,0,0,0,0,0,0,0,0,0,0,0,0,0,0,0,0,0,0,0,0,0,0,0,0,0,0,0,0,0,0,0,0,0,0,0,0,0,0,0,0,0,1,1,,,,,,1,,,,,,,,,,,,,,,,,,,,,,,,,,,,,,,,,,,,,,,,,,,,,
4136,Winter_Sleigh,2175,1,0,0,0,0,0,0,0,0,0,0,0,0,0,0,0,0,0,0,0,0,0,0,0,0,0,0,0,0,0,0,0,0,0,0,0,0,0,0,0,0,0,1,1,,,,,,1,,,,,,,,,,,,,,,,,,,,,,,,,,,,,,,,,,,,,,,,,,,,,
4137,Winter_BrazierMid,1,543,0,0,0,0,0,0,0,0,0,0,0,0,0,0,0,0,0,0,0,0,0,0,0,0,0,0,0,0,0,0,0,0,0,0,0,0,0,0,0,0,0,,,,,,,,,,,,,,,,,,,,,,,,,,,,,,,,,,,,,,,,,,,,,,,,,,,,,
4138,Int_floor_Trophy_WinterBrazier,1,544,0,0,0,0,0,0,0,0,0,0,0,0,0,0,0,0,0,0,0,0,0,0,0,0,0,0,0,0,0,0,0,0,2177,0,0,0,0,0,0,0,0,,,,,,,,,,,,,,,,,,,,,,,,,,,,,,,,,,,,,,,,,,,,,,,,,,,,,
4139,int_floor_Trophy_WinterCandleStand,1,544,0,0,0,0,0,0,0,0,0,0,0,0,0,0,0,0,0,0,0,0,0,0,0,0,0,0,0,0,0,0,0,0,2178,0,0,0,0,0,0,0,0,,,,,,,,,,,,,,,,,,,,,,,,,,,,,,,,,,,,,,,,,,,,,,,,,,,,,
4140,int_floor_Trophy_WinterLight,1,544,0,0,0,0,0,0,0,0,0,0,0,0,0,0,0,0,0,0,0,0,0,0,0,0,0,0,0,0,0,0,0,0,2180,0,0,0,0,0,0,0,0,,,,,,,,,,,,,,,,,,,,,,,,,,,,,,,,,,,,,,,,,,,,,,,,,,,,,
4141,int_floor_trophy_winterTreeAlb,1,544,0,0,0,0,0,0,0,0,0,0,0,0,0,0,0,0,0,0,0,0,0,0,0,0,0,0,0,0,0,0,0,0,2180,0,0,0,0,0,0,0,0,,,,,,,,,,,,,,,,,,,,,,,,,,,,,,,,,,,,,,,,,,,,,,,,,,,,,
4142,int_floor_trophy_winterTreeHib,1,544,0,0,0,0,0,0,0,0,0,0,0,0,0,0,0,0,0,0,0,0,0,0,0,0,0,0,0,0,0,0,0,0,2181,0,0,0,0,0,0,0,0,,,,,,,,,,,,,,,,,,,,,,,,,,,,,,,,,,,,,,,,,,,,,,,,,,,,,
4143,int_floor_trophy_winterTreeMid,1,544,0,0,0,0,0,0,0,0,0,0,0,0,0,0,0,0,0,0,0,0,0,0,0,0,0,0,0,0,0,0,0,0,2182,0,0,0,0,0,0,0,0,,,,,,,,,,,,,,,,,,,,,,,,,,,,,,,,,,,,,,,,,,,,,,,,,,,,,
4144,Winter_Tree_alb,2183,1,0,0,0,0,0,0,0,0,0,0,0,0,0,0,0,0,0,0,0,0,0,0,0,0,0,0,0,0,0,0,0,0,0,0,0,0,0,0,0,0,0,1,1,,,,,,1,,,,,,,,,,,,,,,,,,,,,,,,,,,,,,,,,,,,,,,,,,,,,
4145,Winter_Tree_albSm,2184,1,0,0,0,0,0,0,0,0,0,0,0,0,0,0,0,0,0,0,0,0,0,0,0,0,0,0,0,0,0,0,0,0,0,0,0,0,0,0,0,0,0,1,1,,,,,,1,,,,,,,,,,,,,,,,,,,,,,,,,,,,,,,,,,,,,,,,,,,,,
4146,Winter_Tree_hib,2185,1,0,0,0,0,0,0,0,0,0,0,0,0,0,0,0,0,0,0,0,0,0,0,0,0,0,0,0,0,0,0,0,0,0,0,0,0,0,0,0,0,0,1,1,,,,,,1,,,,,,,,,,,,,,,,,,,,,,,,,,,,,,,,,,,,,,,,,,,,,
4147,Winter_Tree_hibSm,2186,1,0,0,0,0,0,0,0,0,0,0,0,0,0,0,0,0,0,0,0,0,0,0,0,0,0,0,0,0,0,0,0,0,0,0,0,0,0,0,0,0,0,1,1,,,,,,1,,,,,,,,,,,,,,,,,,,,,,,,,,,,,,,,,,,,,,,,,,,,,
4148,Winter_Tree_mid,2187,1,0,0,0,0,0,0,0,0,0,0,0,0,0,0,0,0,0,0,0,0,0,0,0,0,0,0,0,0,0,0,0,0,0,0,0,0,0,0,0,0,0,1,1,,,,,,1,,,,,,,,,,,,,,,,,,,,,,,,,,,,,,,,,,,,,,,,,,,,,
4149,Winter_Tree_midSm,2188,1,0,0,0,0,0,0,0,0,0,0,0,0,0,0,0,0,0,0,0,0,0,0,0,0,0,0,0,0,0,0,0,0,0,0,0,0,0,0,0,0,0,1,1,,,,,,1,,,,,,,,,,,,,,,,,,,,,,,,,,,,,,,,,,,,,,,,,,,,,
4150,Winter_FeastTable,2189,1,0,0,0,0,0,0,0,0,0,0,0,0,0,0,0,0,0,0,0,0,0,0,0,0,0,0,0,0,0,0,0,0,0,0,0,0,0,0,0,0,0,1,1,,,,,,1,,,,,,,,,,,,,,,,,,,,,,,,,,,,,,,,,,,,,,,,,,,,,
4151,ext_Winterbanner_Alb,1,544,0,0,0,0,0,0,0,0,0,0,0,0,0,0,0,0,0,0,0,0,0,0,0,0,0,0,0,0,0,0,0,0,2190,0,0,0,0,0,0,0,0,,,,,,,,,,,,,,,,,,,,,,,,,,,,,,,,,,,,,,,,,,,,,,,,,,,,,
4152,ext_Winterbanner_Hib,1,544,0,0,0,0,0,0,0,0,0,0,0,0,0,0,0,0,0,0,0,0,0,0,0,0,0,0,0,0,0,0,0,0,2191,0,0,0,0,0,0,0,0,,,,,,,,,,,,,,,,,,,,,,,,,,,,,,,,,,,,,,,,,,,,,,,,,,,,,
4153,ext_Winterbanner_Mid,1,544,0,0,0,0,0,0,0,0,0,0,0,0,0,0,0,0,0,0,0,0,0,0,0,0,0,0,0,0,0,0,0,0,2192,0,0,0,0,0,0,0,0,,,,,,,,,,,,,,,,,,,,,,,,,,,,,,,,,,,,,,,,,,,,,,,,,,,,,
4154,ext_WinterCandleStand,1,544,0,0,0,0,0,0,0,0,0,0,0,0,0,0,0,0,0,0,0,0,0,0,0,0,0,0,0,0,0,0,0,0,2193,0,0,0,0,0,0,0,0,,,,,,,,,,,,,,,,,,,,,,,,,,,,,,,,,,,,,,,,,,,,,,,,,,,,,
4155,ext_WinterPresents_lg,1,543,0,0,0,0,0,0,0,0,0,0,0,0,0,0,0,0,0,0,0,0,0,0,0,0,0,0,0,0,0,0,0,0,2194,0,0,0,0,0,0,0,0,,,,,,,,,,,,,,,,,,,,,,,,,,,,,,,,,,,,,,,,,,,,,,,,,,,,,
4156,ext_WinterPresents_sm,1,543,0,0,0,0,0,0,0,0,0,0,0,0,0,0,0,0,0,0,0,0,0,0,0,0,0,0,0,0,0,0,0,0,2195,0,0,0,0,0,0,0,0,,,,,,,,,,,,,,,,,,,,,,,,,,,,,,,,,,,,,,,,,,,,,,,,,,,,,
4157,ext_WinterSleigh,1,543,0,0,0,0,0,0,0,0,0,0,0,0,0,0,0,0,0,0,0,0,0,0,0,0,0,0,0,0,0,0,0,0,2196,0,0,0,0,0,0,0,0,,,,,,,,,,,,,,,,,,,,,,,,,,,,,,,,,,,,,,,,,,,,,,,,,,,,,
4158,ext_WinterTree_alb,1,543,0,0,0,0,0,0,0,0,0,0,0,0,0,0,0,0,0,0,0,0,0,0,0,0,0,0,0,0,0,0,0,0,2197,0,0,0,0,0,0,0,0,,,,,,,,,,,,,,,,,,,,,,,,,,,,,,,,,,,,,,,,,,,,,,,,,,,,,
4159,ext_WinterTree_hib,1,543,0,0,0,0,0,0,0,0,0,0,0,0,0,0,0,0,0,0,0,0,0,0,0,0,0,0,0,0,0,0,0,0,2198,0,0,0,0,0,0,0,0,,,,,,,,,,,,,,,,,,,,,,,,,,,,,,,,,,,,,,,,,,,,,,,,,,,,,
4160,ext_WinterTree_mid,1,543,0,0,0,0,0,0,0,0,0,0,0,0,0,0,0,0,0,0,0,0,0,0,0,0,0,0,0,0,0,0,0,0,2199,0,0,0,0,0,0,0,0,,,,,,,,,,,,,,,,,,,,,,,,,,,,,,,,,,,,,,,,,,,,,,,,,,,,,
4161,int_floor_trophy_winterTreeTall_A,1,543,0,0,0,0,0,0,0,0,0,0,0,0,0,0,0,0,0,0,0,0,0,0,0,0,0,0,0,0,0,0,0,0,2200,0,0,0,0,0,0,0,0,,,,,,,,,,,,,,,,,,,,,,,,,,,,,,,,,,,,,,,,,,,,,,,,,,,,,
4162,int_floor_trophy_winterTreeTall_H,1,543,0,0,0,0,0,0,0,0,0,0,0,0,0,0,0,0,0,0,0,0,0,0,0,0,0,0,0,0,0,0,0,0,2201,0,0,0,0,0,0,0,0,,,,,,,,,,,,,,,,,,,,,,,,,,,,,,,,,,,,,,,,,,,,,,,,,,,,,
4163,int_floor_trophy_winterTreeTall_M,1,543,0,0,0,0,0,0,0,0,0,0,0,0,0,0,0,0,0,0,0,0,0,0,0,0,0,0,0,0,0,0,0,0,2202,0,0,0,0,0,0,0,0,,,,,,,,,,,,,,,,,,,,,,,,,,,,,,,,,,,,,,,,,,,,,,,,,,,,,
4164,int_floor_WinterPresents_lg,1,543,0,0,0,0,0,0,0,0,0,0,0,0,0,0,0,0,0,0,0,0,0,0,0,0,0,0,0,0,0,0,0,0,2203,0,0,0,0,0,0,0,0,,,,,,,,,,,,,,,,,,,,,,,,,,,,,,,,,,,,,,,,,,,,,,,,,,,,,
4165,int_floor_WinterPresents_sm,1,543,0,0,0,0,0,0,0,0,0,0,0,0,0,0,0,0,0,0,0,0,0,0,0,0,0,0,0,0,0,0,0,0,2204,0,0,0,0,0,0,0,0,,,,,,,,,,,,,,,,,,,,,,,,,,,,,,,,,,,,,,,,,,,,,,,,,,,,,
4166,Int_wall_trophy_WreathGold,1,543,0,0,0,0,0,0,0,0,0,0,0,0,0,0,0,0,0,0,0,0,0,0,0,0,0,0,0,0,0,0,0,0,2205,0,0,0,0,0,0,0,0,,,,,,,,,,,,,,,,,,,,,,,,,,,,,,,,,,,,,,,,,,,,,,,,,,,,,
4167,Int_wall_trophy_WreathRed,1,543,0,0,0,0,0,0,0,0,0,0,0,0,0,0,0,0,0,0,0,0,0,0,0,0,0,0,0,0,0,0,0,0,2206,0,0,0,0,0,0,0,0,,,,,,,,,,,,,,,,,,,,,,,,,,,,,,,,,,,,,,,,,,,,,,,,,,,,,
4168,Int_wall_trophy_WreathSnow,1,543,0,0,0,0,0,0,0,0,0,0,0,0,0,0,0,0,0,0,0,0,0,0,0,0,0,0,0,0,0,0,0,0,2207,0,0,0,0,0,0,0,0,,,,,,,,,,,,,,,,,,,,,,,,,,,,,,,,,,,,,,,,,,,,,,,,,,,,,
4169,midrp_nor_m_windercandlehat,536,591,0,0,0,0,0,0,0,0,2146,1,0,0,0,0,0,0,0,0,2146,0,536,0,0,0,541,542,0,0,0,0,0,0,0,0,0,0,0,0,0,,0,,,,,,,,,,,,,,,,,,,,,,,,,,,,,,,,,,,2208,2208,,,,,,,,,,,5667,,,,,,
4170,crystal_green_prop,2209,1,0,0,0,0,0,0,0,0,0,0,0,0,0,0,0,0,0,0,0,1,0,0,0,0,0,0,0,0,0,0,0,0,0,0,0,0,0,0,0,0,0,1,1,,,,,,1,,,,,,,,,,,,,,,,,,,,,,,,,,,,,,,,,,,,,,,,,,,,,
4171,crystal_red_prop,2210,1,0,0,0,0,0,0,0,0,0,0,0,0,0,0,0,0,0,0,0,1,0,0,0,0,0,0,0,0,0,0,0,0,0,0,0,0,0,0,0,0,0,1,1,,,,,,1,,,,,,,,,,,,,,,,,,,,,,,,,,,,,,,,,,,,,,,,,,,,,
4172,Plant_Oats,2211,517,0,0,0,0,0,0,0,0,0,0,0,0,0,0,0,0,0,0,0,1,0,0,0,0,0,0,0,0,0,0,0,0,0,0,0,0,0,0,0,0,0,,,,,,,,,,,,,,,,,,,,,,,,,,,,,,,,,,,,,,,,,,,,,,,,,,,,,
4173,int_floor_trophy_cupid,1,543,0,0,0,0,0,0,0,0,0,0,0,0,0,0,0,0,0,0,0,0,0,0,0,0,0,0,0,0,0,0,0,0,2212,0,0,0,0,0,0,0,0,,,,,,,,,,,,,,,,,,,,,,,,,,,,,,,,,,,,,,,,,,,,,,,,,,,,,
4174,int_wall_trophy_hydrabase,1,543,0,0,0,0,0,0,0,0,0,0,0,0,0,0,0,0,0,0,0,0,0,0,0,0,0,0,0,0,0,0,0,0,2213,0,0,0,0,0,0,0,0,,,,,,,,,,,,,,,,,,,,,,,,,,,,,,,,,,,,,,,,,,,,,,,,,,,,,
4175,ext_statue_cupid,1,543,0,0,0,0,0,0,0,0,0,0,0,0,0,0,0,0,0,0,0,0,0,0,0,0,0,0,0,0,0,0,0,0,2214,0,0,0,0,0,0,0,0,,,,,,,,,,,,,,,,,,,,,,,,,,,,,,,,,,,,,,,,,,,,,,,,,,,,,
4176,Plant_Driftwood_Lg,2215,517,0,0,0,0,0,0,0,0,0,0,0,0,0,0,0,0,0,0,0,0,0,0,0,0,0,0,0,0,0,0,0,0,0,0,0,0,0,0,0,0,0,1,1,,,,,,1,,,,,,,,,,,,,,,,,,,,,,,,,,,,,,,,,,,,,,,,,,,,,
4177,Plant_Driftwood_sm,2216,517,0,0,0,0,0,0,0,0,0,0,0,0,0,0,0,0,0,0,0,0,0,0,0,0,0,0,0,0,0,0,0,0,0,0,0,0,0,0,0,0,0,1,1,,,,,,1,,,,,,,,,,,,,,,,,,,,,,,,,,,,,,,,,,,,,,,,,,,,,
4178,Plant_Driftwood_Pile,2217,517,0,0,0,0,0,0,0,0,0,0,0,0,0,0,0,0,0,0,0,0,0,0,0,0,0,0,0,0,0,0,0,0,0,0,0,0,0,0,0,0,0,1,1,,,,,,1,,,,,,,,,,,,,,,,,,,,,,,,,,,,,,,,,,,,,,,,,,,,,
4179,cookfire_Logs,2218,1,0,0,0,0,0,0,0,0,0,0,0,0,0,0,0,0,0,0,0,0,0,0,0,0,0,0,0,0,0,0,0,0,0,0,0,0,0,0,0,0,0,1,1,,,,,,1,,,,,,,,,,,,,,,,,,,,,,,,,,,,,,,,,,,,,,,,,,,,,
4180,cookfire_forked,2219,1,0,0,0,0,0,0,0,0,0,0,0,0,0,0,0,0,0,0,0,0,0,0,0,0,0,0,0,0,0,0,0,0,0,0,0,0,0,0,0,0,0,1,1,,,,,,1,,,,,,,,,,,,,,,,,,,,,,,,,,,,,,,,,,,,,,,,,,,,,
4181,cookfire_Tri_low,2220,1,0,0,0,0,0,0,0,0,0,0,0,0,0,0,0,0,0,0,0,0,0,0,0,0,0,0,0,0,0,0,0,0,0,0,0,0,0,0,0,0,0,1,1,,,,,,1,,,,,,,,,,,,,,,,,,,,,,,,,,,,,,,,,,,,,,,,,,,,,
4182,Wooden Chest (alb vault),670,179,0,0,0,0,0,0,0,0,0,0,0,0,0,0,0,0,0,0,0,0,0,0,0,0,0,0,0,0,0,0,0,0,670,0,0,0,0,0,0,,0,,,,,,,,1,,,,,,,,,,,,,,,,,,,,,,,,,,,,,,,,,,,,,,,,,,,,,
4183,Footlocker Chest (mid vault),672,179,0,0,0,0,0,0,0,0,0,0,0,0,0,0,0,0,0,0,0,0,0,0,0,0,0,0,0,0,0,0,0,0,672,0,0,0,0,0,0,,0,,,,,,,,1,,,,,,,,,,,,,,,,,,,,,,,,,,,,,,,,,,,,,,,,,,,,,
4184,Crypt Chest (hib vault),674,179,0,0,0,0,0,0,0,0,0,0,0,0,0,0,0,0,0,0,0,0,0,0,0,0,0,0,0,0,0,0,0,0,674,0,0,0,0,0,0,,0,,,,,,,,1,,,,,,,,,,,,,,,,,,,,,,,,,,,,,,,,,,,,,,,,,,,,,
4185,Spring_NestEgg,2224,2888,0,0,0,0,0,0,0,0,0,0,0,0,0,0,0,0,0,0,0,0,0,0,0,0,0,0,0,0,0,0,0,0,0,0,0,0,0,0,0,0,0,,,,,,,,1,,,,,,,,,,,,,,,,,,,,,,,,,,,,,,,,,,,,,,,,,,,,,
4186,Spring_NestEgg_Gold,2225,2889,0,0,0,0,0,0,0,0,0,0,0,0,0,0,0,0,0,0,0,0,0,0,0,0,0,0,0,0,0,0,0,0,0,0,0,0,0,0,0,0,0,,,,,,,,1,,,,,,,,,,,,,,,,,,,,,,,,,,,,,,,,,,,,,,,,,,,,,
4187,Spring_Bench,2226,0,0,0,0,0,0,0,0,0,0,0,0,0,0,0,0,0,0,0,0,0,0,0,0,0,0,0,0,0,0,0,0,0,0,0,0,0,0,0,0,0,0,0,,,,,,,1,,,,,,,,,,,,,,,,,,,,,,,,,,,,,,,,,,,,,,,,,,,,,
4188,Spring_FlowerBoxes,2227,0,0,0,0,0,0,0,0,0,0,0,0,0,0,0,0,0,0,0,0,0,0,0,0,0,0,0,0,0,0,0,0,0,0,0,0,0,0,0,0,0,0,0,,,,,,,1,,,,,,,,,,,,,,,,,,,,,,,,,,,,,,,,,,,,,,,,,,,,,
4189,Spring_FlowerLantern,2228,0,0,0,0,0,0,0,0,0,0,0,0,0,0,0,0,0,0,0,0,0,0,0,0,0,0,0,0,0,0,0,0,0,0,0,0,0,0,0,0,0,0,0,,,,,,,1,,,,,,,,,,,,,,,,,,,,,,,,,,,,,,,,,,,,,,,,,,,,,
4190,Spring_FlowerLantern_pole,2229,0,0,0,0,0,0,0,0,0,0,0,0,0,0,0,0,0,0,0,0,0,0,0,0,0,0,0,0,0,0,0,0,0,0,0,0,0,0,0,0,0,0,0,,,,,,,1,,,,,,,,,,,,,,,,,,,,,,,,,,,,,,,,,,,,,,,,,,,,,
4191,Spring_flowers,2230,0,0,0,0,0,0,0,0,0,0,0,0,0,0,0,0,0,0,0,0,0,0,0,0,0,0,0,0,0,0,0,0,0,0,0,0,0,0,0,0,0,0,0,,,,,,,1,,,,,,,,,,,,,,,,,,,,,,,,,,,,,,,,,,,,,,,,,,,,,
4192,Spring_TentRound,2231,0,0,0,0,0,0,0,0,0,0,0,0,0,0,0,0,0,0,0,0,0,0,0,0,0,0,0,0,0,0,0,0,0,0,0,0,0,0,0,0,0,0,0,,,,,,,1,,,,,,,,,,,,,,,,,,,,,,,,,,,,,,,,,,,,,,,,,,,,,
4193,Spring_TentSquare,2232,0,0,0,0,0,0,0,0,0,0,0,0,0,0,0,0,0,0,0,0,0,0,0,0,0,0,0,0,0,0,0,0,0,0,0,0,0,0,0,0,0,0,0,,,,,,,1,,,,,,,,,,,,,,,,,,,,,,,,,,,,,,,,,,,,,,,,,,,,,
4194,applebasket,2233,0,0,0,0,0,0,0,0,0,0,0,0,0,0,0,0,0,0,0,0,0,0,0,0,0,0,0,0,0,0,0,0,0,0,0,0,0,0,0,0,0,0,0,,,,,,,1,,,,,,,,,,,,,,,,,,,,,,,,,,,,,,,,,,,,,,,,,,,,,
4195,int_floor_trophy_goldeneggs,1,543,0,0,0,0,0,0,0,0,0,0,0,0,0,0,0,0,0,0,0,0,0,0,0,0,0,0,0,0,0,0,0,0,2234,0,0,0,0,0,0,0,0,0,0,,,,,,,,,,,,,,,,,,,,,,,,,,,,,,,,,,,,,,,,,,,,,,,,,,,
4196,int_floor_trophy_Springbunny,1,543,0,0,0,0,0,0,0,0,0,0,0,0,0,0,0,0,0,0,0,0,0,0,0,0,0,0,0,0,0,0,0,0,2235,0,0,0,0,0,0,0,0,0,0,,,,,,,,,,,,,,,,,,,,,,,,,,,,,,,,,,,,,,,,,,,,,,,,,,,
4197,int_wall_SpringGarland,1,543,0,0,0,0,0,0,0,0,0,0,0,0,0,0,0,0,0,0,0,0,0,0,0,0,0,0,0,0,0,0,0,0,2236,0,0,0,0,0,0,0,0,0,0,,,,,,,,,,,,,,,,,,,,,,,,,,,,,,,,,,,,,,,,,,,,,,,,,,,
4198,ext_ SpringNestEgg,1,544,0,0,0,0,0,0,0,0,0,0,0,0,0,0,0,0,0,0,0,0,0,0,0,0,0,0,0,0,0,0,0,0,2237,0,0,0,0,0,0,0,0,0,0,,,,,,,,,,,,,,,,,,,,,,,,,,,,,,,,,,,,,,,,,,,,,,,,,,,
4199,ext_Springbench,1,544,0,0,0,0,0,0,0,0,0,0,0,0,0,0,0,0,0,0,0,0,0,0,0,0,0,0,0,0,0,0,0,0,2238,0,0,0,0,0,0,0,0,0,0,,,,,,,,,,,,,,,,,,,,,,,,,,,,,,,,,,,,,,,,,,,,,,,,,,,
4200,ext_SpringFlowerBox,1,544,0,0,0,0,0,0,0,0,0,0,0,0,0,0,0,0,0,0,0,0,0,0,0,0,0,0,0,0,0,0,0,0,2239,0,0,0,0,0,0,0,0,0,0,,,,,,,,,,,,,,,,,,,,,,,,,,,,,,,,,,,,,,,,,,,,,,,,,,,
4201,ext_SpringFowers,1,544,0,0,0,0,0,0,0,0,0,0,0,0,0,0,0,0,0,0,0,0,0,0,0,0,0,0,0,0,0,0,0,0,2240,0,0,0,0,0,0,0,0,0,0,,,,,,,,,,,,,,,,,,,,,,,,,,,,,,,,,,,,,,,,,,,,,,,,,,,
4202,int_floor_Springbench,1,543,0,0,0,0,0,0,0,0,0,0,0,0,0,0,0,0,0,0,0,0,0,0,0,0,0,0,0,0,0,0,0,0,2241,0,0,0,0,0,0,0,0,0,0,,,,,,,,,,,,,,,,,,,,,,,,,,,,,,,,,,,,,,,,,,,,,,,,,,,
4203,PotofGold,2242,1,0,0,0,0,0,0,0,0,0,0,0,0,0,0,0,0,0,0,0,0,0,0,0,0,0,0,0,0,0,0,0,0,0,0,0,0,0,0,0,0,0,0,0,,,,,,1,,,,,,,,,,,,,,,,,,,,,,,,,,,,,,,,,,,,,,,,,,,,,
4204,int_floor_SpringTree,1,543,0,0,0,0,0,0,0,0,0,0,0,0,0,0,0,0,0,0,0,0,0,0,0,0,0,0,0,0,0,0,0,0,2243,0,0,0,0,0,0,0,0,0,0,,,,,,,,,,,,,,,,,,,,,,,,,,,,,,,,,,,,,,,,,,,,,,,,,,,
4205,ext_SpringShrubWhite,1,544,0,0,0,0,0,0,0,0,0,0,0,0,0,0,0,0,0,0,0,0,0,0,0,0,0,0,0,0,0,0,0,0,2244,0,0,0,0,0,0,0,0,0,0,,,,,,,,,,,,,,,,,,,,,,,,,,,,,,,,,,,,,,,,,,,,,,,,,,,
4206,ext_SpringShrubYellow,1,544,0,0,0,0,0,0,0,0,0,0,0,0,0,0,0,0,0,0,0,0,0,0,0,0,0,0,0,0,0,0,0,0,2245,0,0,0,0,0,0,0,0,0,0,,,,,,,,,,,,,,,,,,,,,,,,,,,,,,,,,,,,,,,,,,,,,,,,,,,
4207,ext_SpringTreePink,1,544,0,0,0,0,0,0,0,0,0,0,0,0,0,0,0,0,0,0,0,0,0,0,0,0,0,0,0,0,0,0,0,0,2246,0,0,0,0,0,0,0,0,0,0,,,,,,,,,,,,,,,,,,,,,,,,,,,,,,,,,,,,,,,,,,,,,,,,,,,
4208,ext_SpringTreeWhite,1,544,0,0,0,0,0,0,0,0,0,0,0,0,0,0,0,0,0,0,0,0,0,0,0,0,0,0,0,0,0,0,0,0,2247,0,0,0,0,0,0,0,0,0,0,,,,,,,,,,,,,,,,,,,,,,,,,,,,,,,,,,,,,,,,,,,,,,,,,,,
4209,bucket,2248,0,0,0,0,0,0,0,0,0,0,0,0,0,0,0,0,0,0,0,0,0,0,0,0,0,0,0,0,0,0,0,0,0,0,0,0,0,0,0,0,0,0,0,0,,,,,,1,,,,,,,,,,,,,,,,,,,,,,,,,,,,,,,,,,,,,,,,,,,,,
4210,Spring_TreeWhite,2249,0,0,0,0,0,0,0,0,0,0,0,0,0,0,0,0,0,0,0,0,0,0,0,0,0,0,0,0,0,0,0,0,0,0,0,0,0,0,0,0,0,0,0,,,,,,,1,,,,,,,,,,,,,,,,,,,,,,,,,,,,,,,,,,,,,,,,,,,,,
4211,Spring_ShrubWhite,2250,0,0,0,0,0,0,0,0,0,0,0,0,0,0,0,0,0,0,0,0,0,0,0,0,0,0,0,0,0,0,0,0,0,0,0,0,0,0,0,0,0,0,0,,,,,,,1,,,,,,,,,,,,,,,,,,,,,,,,,,,,,,,,,,,,,,,,,,,,,
4212,Spring_ShrubYellow,2251,0,0,0,0,0,0,0,0,0,0,0,0,0,0,0,0,0,0,0,0,0,0,0,0,0,0,0,0,0,0,0,0,0,0,0,0,0,0,0,0,0,0,0,,,,,,,1,,,,,,,,,,,,,,,,,,,,,,,,,,,,,,,,,,,,,,,,,,,,,
4213,Spring_TreePink,2252,0,0,0,0,0,0,0,0,0,0,0,0,0,0,0,0,0,0,0,0,0,0,0,0,0,0,0,0,0,0,0,0,0,0,0,0,0,0,0,0,0,0,0,,,,,,,1,,,,,,,,,,,,,,,,,,,,,,,,,,,,,,,,,,,,,,,,,,,,,
4214,int_floor_springtree_tall,1,543,0,0,0,0,0,0,0,0,0,0,0,0,0,0,0,0,0,0,0,0,0,0,0,0,0,0,0,0,0,0,0,0,2253,0,0,0,0,0,0,0,0,0,0,,,,,,,,,,,,,,,,,,,,,,,,,,,,,,,,,,,,,,,,,,,,,,,,,,,
4215,int_floor_SpringTree_pink,1,543,0,0,0,0,0,0,0,0,0,0,0,0,0,0,0,0,0,0,0,0,0,0,0,0,0,0,0,0,0,0,0,0,2254,0,0,0,0,0,0,0,0,0,0,,,,,,,,,,,,,,,,,,,,,,,,,,,,,,,,,,,,,,,,,,,,,,,,,,,
4216,Fence_rockLt_broken,2255,0,0,0,0,0,0,0,0,0,0,0,0,0,0,0,0,0,0,0,0,0,0,0,0,0,0,0,0,0,0,0,0,0,0,0,0,0,0,0,0,0,0,0,,,,,,,1,,,,,,,,,,,,,,,,,,,,,,,,,,,,,,,,,,,,,,,,,,,,,
4217,Fence_rockLt_corner,2256,0,0,0,0,0,0,0,0,0,0,0,0,0,0,0,0,0,0,0,0,0,0,0,0,0,0,0,0,0,0,0,0,0,0,0,0,0,0,0,0,0,0,0,,,,,,,1,,,,,,,,,,,,,,,,,,,,,,,,,,,,,,,,,,,,,,,,,,,,,
4218,Fence_vine,2257,0,0,0,0,0,0,0,0,0,0,0,0,0,0,0,0,0,0,0,0,0,0,0,0,0,0,0,0,0,0,0,0,0,0,0,0,0,0,0,0,0,0,0,,,,,,,1,,,,,,,,,,,,,,,,,,,,,,,,,,,,,,,,,,,,,,,,,,,,,
4219,Fence_vine_broken,2258,0,0,0,0,0,0,0,0,0,0,0,0,0,0,0,0,0,0,0,0,0,0,0,0,0,0,0,0,0,0,0,0,0,0,0,0,0,0,0,0,0,0,0,,,,,,,1,,,,,,,,,,,,,,,,,,,,,,,,,,,,,,,,,,,,,,,,,,,,,
4220,Fence_Vine_corner,2259,0,0,0,0,0,0,0,0,0,0,0,0,0,0,0,0,0,0,0,0,0,0,0,0,0,0,0,0,0,0,0,0,0,0,0,0,0,0,0,0,0,0,0,,,,,,,1,,,,,,,,,,,,,,,,,,,,,,,,,,,,,,,,,,,,,,,,,,,,,
4221,Fence_log,2260,0,0,0,0,0,0,0,0,0,0,0,0,0,0,0,0,0,0,0,0,0,0,0,0,0,0,0,0,0,0,0,0,0,0,0,0,0,0,0,0,0,0,0,,,,,,,1,,,,,,,,,,,,,,,,,,,,,,,,,,,,,,,,,,,,,,,,,,,,,
4222,Fence_log_Broken,2261,0,0,0,0,0,0,0,0,0,0,0,0,0,0,0,0,0,0,0,0,0,0,0,0,0,0,0,0,0,0,0,0,0,0,0,0,0,0,0,0,0,0,0,,,,,,,1,,,,,,,,,,,,,,,,,,,,,,,,,,,,,,,,,,,,,,,,,,,,,
4223,Fence_log_Corner,2262,0,0,0,0,0,0,0,0,0,0,0,0,0,0,0,0,0,0,0,0,0,0,0,0,0,0,0,0,0,0,0,0,0,0,0,0,0,0,0,0,0,0,0,,,,,,,1,,,,,,,,,,,,,,,,,,,,,,,,,,,,,,,,,,,,,,,,,,,,,
4224,Fence_rockDk,2263,0,0,0,0,0,0,0,0,0,0,0,0,0,0,0,0,0,0,0,0,0,0,0,0,0,0,0,0,0,0,0,0,0,0,0,0,0,0,0,0,0,0,0,,,,,,,1,,,,,,,,,,,,,,,,,,,,,,,,,,,,,,,,,,,,,,,,,,,,,
4225,Fence_rockDk_broken,2264,0,0,0,0,0,0,0,0,0,0,0,0,0,0,0,0,0,0,0,0,0,0,0,0,0,0,0,0,0,0,0,0,0,0,0,0,0,0,0,0,0,0,0,,,,,,,1,,,,,,,,,,,,,,,,,,,,,,,,,,,,,,,,,,,,,,,,,,,,,
4226,Fence_rockDk_corner,2265,0,0,0,0,0,0,0,0,0,0,0,0,0,0,0,0,0,0,0,0,0,0,0,0,0,0,0,0,0,0,0,0,0,0,0,0,0,0,0,0,0,0,0,,,,,,,1,,,,,,,,,,,,,,,,,,,,,,,,,,,,,,,,,,,,,,,,,,,,,
4227,Fence_rockLt,2266,0,0,0,0,0,0,0,0,0,0,0,0,0,0,0,0,0,0,0,0,0,0,0,0,0,0,0,0,0,0,0,0,0,0,0,0,0,0,0,0,0,0,0,,,,,,,1,,,,,,,,,,,,,,,,,,,,,,,,,,,,,,,,,,,,,,,,,,,,,
4228,midrp_nor_m,536,591,0,0,0,0,0,0,0,0,2153,1,0,0,0,0,0,0,0,0,2151,0,536,0,0,0,541,542,0,0,0,0,0,0,0,0,0,0,0,0,0,,0,,,,,,,,,,,,,,,,,,,,,,,,,,,,,,,,,,,1541,1540,1535,1534,1539,1538,1543,1542,1545,1544,1537,1536,5668,,,,,,
4229,midrp_nor_m,536,591,0,0,0,0,0,0,0,0,2153,1,0,0,0,0,0,0,0,0,2151,0,536,0,0,0,541,542,0,0,0,0,0,0,0,0,0,0,0,0,0,,0,,,,,,,,,,,,,,,,,,,,,,,,,,,,,,,,,,,1541,1540,1535,1534,1539,1538,1543,1542,1545,1544,1537,1536,5669,,,,,,
4230,midrp_nor_m,536,591,0,0,0,0,0,0,0,0,2153,1,0,0,0,0,0,0,0,0,2151,0,536,0,0,0,541,542,0,0,0,0,0,0,0,0,0,0,0,0,0,,0,,,,,,,,,,,,,,,,,,,,,,,,,,,,,,,,,,,1541,1540,1535,1534,1539,1538,1543,1542,1545,1544,1537,1536,5670,,,,,,
4231,midrp_nor_m,536,591,0,0,0,0,0,0,0,0,2153,1,0,0,0,0,0,0,0,0,2151,0,536,0,0,0,541,542,0,0,0,0,0,0,0,0,0,0,0,0,0,,0,,,,,,,,,,,,,,,,,,,,,,,,,,,,,,,,,,,1541,1540,1535,1534,1539,1538,1543,1542,1545,1544,1537,1536,5671,,,,,,
4232,Sign Prop Danger,2268,1,0,0,0,0,0,0,0,0,0,0,0,0,0,0,0,0,0,0,0,0,0,0,0,0,0,0,0,0,0,0,0,0,0,0,0,0,0,0,0,0,0,,,,,,,,1,,,,,,,,,,,,,,,,,,,,,,,,,,,,,,,,,,,,,,,,,,,,,
4233,Crystal Red Prop (no name display),2210,2269,0,0,0,0,0,0,0,0,0,0,0,0,0,0,0,0,0,0,0,0,0,0,0,0,0,0,0,0,0,0,0,0,0,0,0,0,0,0,0,0,0,,,,,,,,1,,,,,,,,,,,,,,,,,,,,,,,,,,,,,,,,,,,,,,,,,,,,,
4234,Summer_appleBob,2269,0,0,0,0,0,0,0,0,0,0,0,0,0,0,0,0,0,0,0,0,0,0,0,0,0,0,0,0,0,0,0,0,0,0,0,0,0,0,0,,0,0,0,,,,,,,1,,,,,,,,,,,,,,,,,,,,,,,,,,,,,,,,,,,,,,,,,,,,,
4235,Summer_fishBasket,2270,0,0,0,0,0,0,0,0,0,0,0,0,0,0,0,0,0,0,0,0,0,0,0,0,0,0,0,0,0,0,0,0,0,0,0,0,0,0,0,,0,0,0,,,,,,,1,,,,,,,,,,,,,,,,,,,,,,,,,,,,,,,,,,,,,,,,,,,,,
4236,Summer_fishingRod,2271,0,0,0,0,0,0,0,0,0,0,0,0,0,0,0,0,0,0,0,0,0,0,0,0,0,0,0,0,0,0,0,0,0,0,0,0,0,0,0,,0,0,0,,,,,,,1,,,,,,,,,,,,,,,,,,,,,,,,,,,,,,,,,,,,,,,,,,,,,
4237,Summer_tentRound,2272,0,0,0,0,0,0,0,0,0,0,0,0,0,0,0,0,0,0,0,0,0,0,0,0,0,0,0,0,0,0,0,0,0,0,0,0,0,0,0,,0,0,0,,,,,,,1,,,,,,,,,,,,,,,,,,,,,,,,,,,,,,,,,,,,,,,,,,,,,
4238,Summer_tentSquare,2273,0,0,0,0,0,0,0,0,0,0,0,0,0,0,0,0,0,0,0,0,0,0,0,0,0,0,0,0,0,0,0,0,0,0,0,0,0,0,0,,0,0,0,,,,,,,1,,,,,,,,,,,,,,,,,,,,,,,,,,,,,,,,,,,,,,,,,,,,,
4239,Summer_market_stalls,2274,0,0,0,0,0,0,0,0,0,0,0,0,0,0,0,0,0,0,0,0,0,0,0,0,0,0,0,0,0,0,0,0,0,0,0,0,0,0,0,,0,0,0,,,,,,,1,,,,,,,,,,,,,,,,,,,,,,,,,,,,,,,,,,,,,,,,,,,,,
4240,Summer_market_meat,2275,0,0,0,0,0,0,0,0,0,0,0,0,0,0,0,0,0,0,0,0,0,0,0,0,0,0,0,0,0,0,0,0,0,0,0,0,0,0,0,,0,0,0,,,,,,,1,,,,,,,,,,,,,,,,,,,,,,,,,,,,,,,,,,,,,,,,,,,,,
4241,Summer_market_baker,2276,0,0,0,0,0,0,0,0,0,0,0,0,0,0,0,0,0,0,0,0,0,0,0,0,0,0,0,0,0,0,0,0,0,0,0,0,0,0,0,,0,0,0,,,,,,,1,,,,,,,,,,,,,,,,,,,,,,,,,,,,,,,,,,,,,,,,,,,,,
4242,int_wall_trophy_fishing,1,543,0,0,0,0,0,0,0,0,0,0,0,0,0,0,0,0,0,0,0,0,0,0,0,0,0,0,0,0,0,0,0,0,2277,0,0,0,0,0,,0,0,0,,,,,,,1,,,,,,,,,,,,,,,,,,,,,,,,,,,,,,,,,,,,,,,,,,,,,
4243,int_floor_trophy_pie,1,543,0,0,0,0,0,0,0,0,0,0,0,0,0,0,0,0,0,0,0,0,0,0,0,0,0,0,0,0,0,0,0,0,2278,0,0,0,0,0,,0,0,0,,,,,,,1,,,,,,,,,,,,,,,,,,,,,,,,,,,,,,,,,,,,,,,,,,,,,
4244,int_floor_trophy_marketbasket,1,543,0,0,0,0,0,0,0,0,0,0,0,0,0,0,0,0,0,0,0,0,0,0,0,0,0,0,0,0,0,0,0,0,2279,0,0,0,0,0,,0,0,0,,,,,,,1,,,,,,,,,,,,,,,,,,,,,,,,,,,,,,,,,,,,,,,,,,,,,
4245,int_floor_trophy_fishbasket,1,543,0,0,0,0,0,0,0,0,0,0,0,0,0,0,0,0,0,0,0,0,0,0,0,0,0,0,0,0,0,0,0,0,2280,0,0,0,0,0,,0,0,0,,,,,,,1,,,,,,,,,,,,,,,,,,,,,,,,,,,,,,,,,,,,,,,,,,,,,
4246,ext_market_barrow,1,544,0,0,0,0,0,0,0,0,0,0,0,0,0,0,0,0,0,0,0,0,0,0,0,0,0,0,0,0,0,0,0,0,2281,0,0,0,0,0,,0,0,0,,,,,,,1,,,,,,,,,,,,,,,,,,,,,,,,,,,,,,,,,,,,,,,,,,,,,
4247,ext_fishbasket,1,544,0,0,0,0,0,0,0,0,0,0,0,0,0,0,0,0,0,0,0,0,0,0,0,0,0,0,0,0,0,0,0,0,2282,0,0,0,0,0,,0,0,0,,,,,,,1,,,,,,,,,,,,,,,,,,,,,,,,,,,,,,,,,,,,,,,,,,,,,
4248,int_wall_7yrTrophyknot,1,543,0,0,0,0,0,0,0,0,0,0,0,0,0,0,0,0,0,0,0,0,0,0,0,0,0,0,0,0,0,0,0,0,2283,0,0,0,0,0,,0,0,0,,,,,,,1,,,,,,,,,,,,,,,,,,,,,,,,,,,,,,,,,,,,,,,,,,,,,
4249,Dragon Mythical Slot,1,4197,0,0,0,0,0,0,0,0,0,0,0,0,0,0,0,0,0,0,0,0,0,0,0,0,0,0,0,0,0,0,0,0,0,0,0,0,0,0,0,,,,,,,,,,,,,,,,,,,,,,,,,,,,,,,,,,,,,,,,,,,,,,,,,,,,,,,
4250,Alb Quiver,2133,489,0,0,0,0,0,0,0,0,0,0,0,0,0,1,0,2,0,5,0,0,0,0,0,0,0,0,0,0,0,0,0,0,0,0,0,0,0,0,0,0,0,,,,,,,,,,,,,,,,,,,,,,,,,,,,,,,,,,,,,,,,,,,,,,,,1,,,,,
4251,Mid Quiver,2098,489,0,0,0,0,0,0,0,0,0,0,0,0,0,1,0,2,0,5,0,0,0,0,0,0,0,0,0,0,0,0,0,0,0,0,0,0,0,0,0,0,0,,,,,,,,,,,,,,,,,,,,,,,,,,,,,,,,,,,,,,,,,,,,,,,,1,,,,,
4252,Hib Quiver,2059,489,0,0,0,0,0,0,0,0,0,0,0,0,0,1,0,2,0,5,0,0,0,0,0,0,0,0,0,0,0,0,0,0,0,0,0,0,0,0,0,0,0,,,,,,,,,,,,,,,,,,,,,,,,,,,,,,,,,,,,,,,,,,,,,,,,1,,,,,
4253,Midgard Bindstone,2284,1,0,0,0,0,0,0,0,0,0,0,0,0,0,0,0,0,0,0,0,0,0,0,0,0,0,0,0,0,0,0,0,0,0,0,0,0,0,0,,,,,,,,,,,1,,,,,,,,,,,,,,,,,,,,,,,,,,,,,,,,,,,,,,,,,,,,,
4254,Vendo Tent 1,2285,1,0,0,0,0,0,0,0,0,0,0,0,0,0,0,0,0,0,0,0,0,0,0,0,0,0,0,0,0,0,0,0,0,0,0,0,0,0,0,,,,,,,,,,,,,,,,,,,,,,,,,,,,,,,,,,,,,,,,,,,,,,,,,,,,,,,,
4255,Vendo Tent 2,2286,1,0,0,0,0,0,0,0,0,0,0,0,0,0,0,0,0,0,0,0,0,0,0,0,0,0,0,0,0,0,0,0,0,0,0,0,0,0,0,,,,,,,,,,,1,,,,,,,,,,,,,,,,,,,,,,,,,,,,,,,,,,,,,,,,,,,,,
4256,Vendo Tent 3,2287,1,0,0,0,0,0,0,0,0,0,0,0,0,0,0,0,0,0,0,0,0,0,0,0,0,0,0,0,0,0,0,0,0,0,0,0,0,0,0,,,,,,,,,,,,,,,,,,,,,,,,,,,,,,,,,,,,,,,,,,,,,,,,,,,,,,,,
4257,Vendo Rockpile,2288,1,0,0,0,0,0,0,0,0,0,0,0,0,0,0,0,0,0,0,0,0,0,0,0,0,0,0,0,0,0,0,0,0,0,0,0,0,0,0,,,,,,,,,,,1,,,,,,,,,,,,,,,,,,,,,,,,,,,,,,,,,,,,,,,,,,,,,
4258,Vendo Tusk Arch,2289,1,0,0,0,0,0,0,0,0,0,0,0,0,0,0,0,0,0,0,0,0,0,0,0,0,0,0,0,0,0,0,0,0,0,0,0,0,0,0,,,,,,,,,,,1,,,,,,,,,,,,,,,,,,,,,,,,,,,,,,,,,,,,,,,,,,,,,
4259,Vendo Stake,2290,1,0,0,0,0,0,0,0,0,0,0,0,0,0,0,0,0,0,0,0,0,0,0,0,0,0,0,0,0,0,0,0,0,0,0,0,0,0,0,,,,,,,,,,,1,,,,,,,,,,,,,,,,,,,,,,,,,,,,,,,,,,,,,,,,,,,,,
4260,Green Poison,1,1846,0,0,0,0,0,0,0,0,0,0,0,0,0,0,0,0,0,0,0,0,0,0,0,0,0,0,0,0,0,0,0,0,0,0,0,0,0,0,0,0,0,,,,,,,,,,,,,,,,,,,,,,,,,,,,,,,,,,,,,,,,,,,,,,,,,,,,,
4261,Red Poison,1,1847,0,0,0,0,0,0,0,0,0,0,0,0,0,0,0,0,0,0,0,0,0,0,0,0,0,0,0,0,0,0,0,0,0,0,0,0,0,0,0,0,0,,,,,,,,,,,,,,,,,,,,,,,,,,,,,,,,,,,,,,,,,,,,,,,,,,,,,
4262,Orange Poison,1,1848,0,0,0,0,0,0,0,0,0,0,0,0,0,0,0,0,0,0,0,0,0,0,0,0,0,0,0,0,0,0,0,0,0,0,0,0,0,0,0,0,0,,,,,,,,,,,,,,,,,,,,,,,,,,,,,,,,,,,,,,,,,,,,,,,,,,,,,
4263,Longship Wreck,2292,1,0,0,0,0,0,0,0,0,0,0,0,0,0,0,0,0,0,0,0,0,0,0,0,0,0,0,0,0,0,0,0,0,0,0,0,0,0,0,,,,,,,,,,,1,,,,,,,,,,,,,,,,,,,,,,,,,,,,,,,,,,,,,,,,,,,,,
4264,Dell Crystal,2293,1,0,0,0,0,0,0,0,0,0,0,0,0,0,0,0,0,0,0,0,0,0,0,0,0,0,0,0,0,0,0,0,0,0,0,0,0,0,0,,,,,,,,,,,1,,,,,,,,,,,,,,,,,,,,,,,,,,,,,,,,,,,,,,,,,,,,,
4265,Khizan's Nest,2294,1,0,0,0,0,0,0,0,0,0,0,0,0,0,0,0,0,0,0,0,0,0,0,0,0,0,0,0,0,0,0,0,0,0,0,0,0,0,0,,,,,,,,,,,1,,,,,,,,,,,,,,,,,,,,,,,,,,,,,,,,,,,,,,,,,,,,,
4266,Weapon Hut,2295,1,0,0,0,0,0,0,0,0,0,0,0,0,0,0,0,0,0,0,0,0,0,0,0,0,0,0,0,0,0,0,0,0,0,0,0,0,0,0,,,,,,,,,,,1,,,,,,,,,,,,,,,,,,,,,,,,,,,,,,,,,,,,,,,,,,,,,
4267,Red RvR Mythirian,1,448,0,0,0,0,0,0,0,0,0,0,0,0,0,0,0,0,0,0,0,0,0,0,0,0,0,0,0,0,0,0,0,0,0,0,0,0,0,0,0,,0,,,,,,,,,,,,,,,,,,,,,,,,,,,,,,,,,,,,,,,,,,,,,,,,,,,,,
4268,Blue RvR Mythirian,1,449,0,0,0,0,0,0,0,0,0,0,0,0,0,0,0,0,0,0,0,0,0,0,0,0,0,0,0,0,0,0,0,0,0,0,0,0,0,0,0,,0,,,,,,,,,,,,,,,,,,,,,,,,,,,,,,,,,,,,,,,,,,,,,,,,,,,,,
4269,Green RvR Mythirian,1,450,0,0,0,0,0,0,0,0,0,0,0,0,0,0,0,0,0,0,0,0,0,0,0,0,0,0,0,0,0,0,0,0,0,0,0,0,0,0,0,,0,,,,,,,,,,,,,,,,,,,,,,,,,,,,,,,,,,,,,,,,,,,,,,,,,,,,,
4270,Yellow RvR Mythirian,1,451,0,0,0,0,0,0,0,0,0,0,0,0,0,0,0,0,0,0,0,0,0,0,0,0,0,0,0,0,0,0,0,0,0,0,0,0,0,0,0,,0,,,,,,,,,,,,,,,,,,,,,,,,,,,,,,,,,,,,,,,,,,,,,,,,,,,,,
4271,Brown RvR Mythirian,1,452,0,0,0,0,0,0,0,0,0,0,0,0,0,0,0,0,0,0,0,0,0,0,0,0,0,0,0,0,0,0,0,0,0,0,0,0,0,0,0,,0,,,,,,,,,,,,,,,,,,,,,,,,,,,,,,,,,,,,,,,,,,,,,,,,,,,,,
4272,Blue PvE Mythirian,1,453,0,0,0,0,0,0,0,0,0,0,0,0,0,0,0,0,0,0,0,0,0,0,0,0,0,0,0,0,0,0,0,0,0,0,0,0,0,0,0,,0,,,,,,,,,,,,,,,,,,,,,,,,,,,,,,,,,,,,,,,,,,,,,,,,,,,,,
4273,Green PvE Mythirian,1,454,0,0,0,0,0,0,0,0,0,0,0,0,0,0,0,0,0,0,0,0,0,0,0,0,0,0,0,0,0,0,0,0,0,0,0,0,0,0,0,,0,,,,,,,,,,,,,,,,,,,,,,,,,,,,,,,,,,,,,,,,,,,,,,,,,,,,,
4274,Red PvE Mythirian,1,455,0,0,0,0,0,0,0,0,0,0,0,0,0,0,0,0,0,0,0,0,0,0,0,0,0,0,0,0,0,0,0,0,0,0,0,0,0,0,0,,0,,,,,,,,,,,,,,,,,,,,,,,,,,,,,,,,,,,,,,,,,,,,,,,,,,,,,
4275,Pict Banner (Snow),2296,1,0,0,0,0,0,0,0,0,0,0,0,0,0,0,0,0,0,0,0,0,0,0,0,0,0,0,0,0,0,0,0,0,0,0,0,0,0,0,,,,,,,,,,,,,,,,,,,,,,,,,,,,,,,,,,,,,,,,,,,,,,,,,,,,,,,,
4276,Pict Banner (Wood),2297,1,0,0,0,0,0,0,0,0,0,0,0,0,0,0,0,0,0,0,0,0,0,0,0,0,0,0,0,0,0,0,0,0,0,0,0,0,0,0,,,,,,,,,,,,,,,,,,,,,,,,,,,,,,,,,,,,,,,,,,,,,,,,,,,,,,,,
4277,Sacrificial Knife Item,1,1849,0,0,0,0,0,0,0,0,0,0,0,0,0,0,0,0,0,0,0,0,0,0,0,0,0,0,0,0,0,0,0,0,0,0,0,0,0,0,0,,0,,,,,,,,,,,,,,,,,,,,,,,,,,,,,,,,,,,,,,,,,,,,,,,,,,,,,
4278,Pict Flex Thrust,2331,231,0,0,0,0,0,0,0,0,0,0,0,0,0,1,0,9,0,20,0,0,0,0,0,0,0,0,0,0,0,0,0,0,0,0,0,0,0,0,0,,0,,,,,,,,,,,,,,,,,,,,,,,,,,,,,,,,,,,,,,,,,,,,,,,,,,,,,
4279,Pict Flex Slash,2332,231,0,0,0,0,0,0,0,0,0,0,0,0,0,1,0,9,0,20,0,0,0,0,0,0,0,0,0,0,0,0,0,0,0,0,0,0,0,0,0,,0,,,,,,,,,,,,,,,,,,,,,,,,,,,,,,,,,,,,,,,,,,,,,,,,,,,,,
4280,Pict Flex Crush,2298,231,0,0,0,0,0,0,0,0,0,0,0,0,0,1,0,11,0,20,0,0,0,0,0,0,0,0,0,0,0,0,0,0,0,0,0,0,0,0,0,,0,,,,,,,,,,,,,,,,,,,,,,,,,,,,,,,,,,,,,,,,,,,,,,,,,,,,,
4281,Pict Crossbow,2301,227,0,0,0,0,0,0,0,0,0,0,0,0,0,0,0,6,1,3,0,0,0,0,0,0,0,0,0,0,0,0,0,0,0,0,0,0,0,0,0,,0,,,,,,,,,,,,,,,,,,,,,,,,,,,,,,,,,,,,,,,,,,,,,,,,,,,,,
4282,Pict 2 Handed Sword Thrust,2302,203,0,0,0,0,0,0,0,0,0,0,0,0,0,1,0,2,0,1,0,0,0,0,0,0,0,0,0,0,0,0,0,0,0,0,0,0,0,0,0,,0,,,,,,,,,,,,,,,,,,,,,,,,,,,,,,,,,,,,,,,,,,,,,,,,,,,,,
4283,Pict 2 Handed Sword Slash,2303,203,0,0,0,0,0,0,0,0,0,0,0,0,0,1,0,2,0,1,0,0,0,0,0,0,0,0,0,0,0,0,0,0,0,0,0,0,0,0,0,,0,,,,,,,,,,,,,,,,,,,,,,,,,,,,,,,,,,,,,,,,,,,,,,,,,,,,,
4284,Pict 2 Handed Spear Thrust,2320,207,0,0,0,0,0,0,0,0,0,0,0,0,0,0,0,3,2,21,0,0,0,0,0,0,0,0,0,0,0,0,0,0,0,0,0,0,0,0,0,,0,,,,,,,,,,,,,,,,,,,,,,,,,,,,,,,,,,,,,,,,,,,,,,,,,,,,,
4285,Pict 2 Handed Spear Slash,2321,207,0,0,0,0,0,0,0,0,0,0,0,0,0,0,0,3,2,21,0,0,0,0,0,0,0,0,0,0,0,0,0,0,0,0,0,0,0,0,0,,0,,,,,,,,,,,,,,,,,,,,,,,,,,,,,,,,,,,,,,,,,,,,,,,,,,,,,
4286,Pict 2 Handed Hammer,2304,219,0,0,0,0,0,0,0,0,0,0,0,0,0,1,0,2,0,5,0,0,0,0,0,0,0,0,0,0,0,0,0,0,0,0,0,0,0,0,0,,0,,,,,,,,,,,,,,,,,,,,,,,,,,,,,,,,,,,,,,,,,,,,,,,,,,,,,
4287,Pict 2 Handed Axe,2305,217,0,0,0,0,0,0,0,0,0,0,0,0,0,1,0,2,0,4,0,0,0,0,0,0,0,0,0,0,0,0,0,0,0,0,0,0,0,0,0,,0,,,,,,,,,,,,,,,,,,,,,,,,,,,,,,,,,,,,,,,,,,,,,,,,,,,,,
4288,Pict Long Bow,2300,223,0,0,0,0,0,0,0,0,0,0,0,0,0,0,0,5,1,7,0,0,0,0,0,0,0,0,0,0,0,0,0,0,0,0,0,0,0,0,0,,0,,,,,,,,,,,,,,,,,,,,,,,,,,,,,,,,,,,,,,,,,,,,,,,,,,,,,
4289,Pict Short Bow,2299,223,0,0,0,0,0,0,0,0,0,0,0,0,0,0,0,5,1,7,0,0,0,0,0,0,0,0,0,0,0,0,0,0,0,0,0,0,0,0,0,,0,,,,,,,,,,,,,,,,,,,,,,,,,,,,,,,,,,,,,,,,,,,,,,,,,,,,,
4290,Pict Scythe,2317,232,0,0,0,0,0,0,0,0,0,0,0,0,0,0,0,14,0,2,0,0,0,0,0,0,0,0,0,0,0,0,0,0,0,0,0,0,0,0,0,,0,,,,,,,,,,,,,,,,,,,,,,,,,,,,,,,,,,,,,,,,,,,,,,,,,,,,,
4291,Pict Quarter Staff,2319,209,0,0,0,0,0,0,0,0,0,0,0,0,0,0,0,4,1,6,0,0,0,0,0,0,0,0,0,0,0,0,0,0,0,0,0,0,0,0,0,,0,,,,,,,,,,,,,,,,,,,,,,,,,,,,,,,,,,,,,,,,,,,,,,,,,,,,,
4292,Pict Mage Staff,2323,209,0,0,0,0,0,0,0,0,0,0,0,0,0,0,0,4,1,6,0,0,0,0,0,0,0,0,0,0,0,0,0,0,0,0,0,0,0,0,0,,0,,,,,,,,,,,,,,,,,,,,,,,,,,,,,,,,,,,,,,,,,,,,,,,,,,,,,
4293,Pict Small Shield,2314,226,0,0,0,0,0,0,0,0,0,0,0,0,0,0,1,0,0,1,0,0,0,1,0,0,0,0,0,0,0,0,0,0,0,0,0,0,0,0,0,,0,,,,,,,,,,,,,,,,,,,,,,,,,,,,,,,,,,,,,,,,,,,,,,,,1,,,,,
4294,Pict Medium Shield,2315,226,0,0,0,0,0,0,0,0,0,0,0,0,0,0,1,0,0,1,0,0,0,1,0,0,0,0,0,0,0,0,0,0,0,0,0,0,0,0,0,,0,,,,,,,,,,,,,,,,,,,,,,,,,,,,,,,,,,,,,,,,,,,,,,,,,,,,,
4295,Pict Large Shield,2316,226,0,0,0,0,0,0,0,0,0,0,0,0,0,0,1,0,0,1,0,0,0,1,0,0,0,0,0,0,0,0,0,0,0,0,0,0,0,0,0,,0,,,,,,,,,,,,,,,,,,,,,,,,,,,,,,,,,,,,,,,,,,,,,,,,1,,,,,
4296,Pict Polearm Thrust,2320,207,0,0,0,0,0,0,0,0,0,0,0,0,0,0,0,3,2,4,0,0,0,0,0,0,0,0,0,0,0,0,0,0,0,0,0,0,0,0,0,,0,,,,,,,,,,,,,,,,,,,,,,,,,,,,,,,,,,,,,,,,,,,,,,,,,,,,,
4297,Pict Polearm Slash,2321,221,0,0,0,0,0,0,0,0,0,0,0,0,0,0,0,3,2,4,0,0,0,0,0,0,0,0,0,0,0,0,0,0,0,0,0,0,0,0,0,,0,,,,,,,,,,,,,,,,,,,,,,,,,,,,,,,,,,,,,,,,,,,,,,,,,,,,,
4298,Pict Polearm Crush,2322,219,0,0,0,0,0,0,0,0,0,0,0,0,0,0,0,3,2,4,0,0,0,0,0,0,0,0,0,0,0,0,0,0,0,0,0,0,0,0,0,,0,,,,,,,,,,,,,,,,,,,,,,,,,,,,,,,,,,,,,,,,,,,,,,,,,,,,,
4299,Pict 1h Slash (offhand),2308,201,0,0,0,0,0,0,0,0,0,0,0,0,0,1,0,1,0,1,0,0,0,0,0,0,0,0,0,0,0,0,0,0,0,0,0,0,0,0,0,,0,,,,,,,,,,,,,,,,,,,,,,,,,,,,,,,,,,,,,,,,,,,,,,,,,,,,,
4300,Pict 1h Slash (mainhand),2309,202,0,0,0,0,0,0,0,0,0,0,0,0,0,1,0,1,0,1,0,0,0,0,0,0,0,0,0,0,0,0,0,0,0,0,0,0,0,0,0,,0,,,,,,,,,,,,,,,,,,,,,,,,,,,,,,,,,,,,,,,,,,,,,,,,,,,,,
4301,Pict 1h hammer (offhand),2310,210,0,0,0,0,0,0,0,0,0,0,0,0,0,1,0,1,0,5,0,0,0,0,0,0,0,0,0,0,0,0,0,0,0,0,0,0,0,0,0,,0,,,,,,,,,,,,,,,,,,,,,,,,,,,,,,,,,,,,,,,,,,,,,,,,,,,,,
4302,Pict 1h hammer (mainhand),2311,210,0,0,0,0,0,0,0,0,0,0,0,0,0,1,0,1,0,5,0,0,0,0,0,0,0,0,0,0,0,0,0,0,0,0,0,0,0,0,0,,0,,,,,,,,,,,,,,,,,,,,,,,,,,,,,,,,,,,,,,,,,,,,,,,,,,,,,
4303,Pict 1h Thrust (offhand),2306,205,0,0,0,0,0,0,0,0,0,0,0,0,0,1,0,1,0,1,0,0,0,0,0,0,0,0,0,0,0,0,0,0,0,0,0,0,0,0,0,,0,,,,,,,,,,,,,,,,,,,,,,,,,,,,,,,,,,,,,,,,,,,,,,,,,,,,,
4304,Pict 1h Thrust (mainhand),2307,206,0,0,0,0,0,0,0,0,0,0,0,0,0,1,0,1,0,1,0,0,0,0,0,0,0,0,0,0,0,0,0,0,0,0,0,0,0,0,0,,0,,,,,,,,,,,,,,,,,,,,,,,,,,,,,,,,,,,,,,,,,,,,,,,,,,,,,
4305,Pict 1h axe (offhand),2312,200,0,0,0,0,0,0,0,0,0,0,0,0,0,1,0,1,0,4,0,0,0,0,0,0,0,0,0,0,0,0,0,0,0,0,0,0,0,0,0,,0,,,,,,,,,,,,,,,,,,,,,,,,,,,,,,,,,,,,,,,,,,,,,,,,,,,,,
4306,Pict 1h axe (mainhand),2313,200,0,0,0,0,0,0,0,0,0,0,0,0,0,1,0,1,0,4,0,0,0,0,0,0,0,0,0,0,0,0,0,0,0,0,0,0,0,0,0,,0,,,,,,,,,,,,,,,,,,,,,,,,,,,,,,,,,,,,,,,,,,,,,,,,,,,,,
4307,Pict h2h Slash (offhand),2327,233,0,0,0,0,0,0,0,0,0,0,0,0,0,0,0,13,0,1,0,0,0,0,0,0,0,0,0,0,0,0,0,0,0,0,0,0,0,0,0,,0,,,,,,,,,,,,,,,,,,,,,,,,,,,,,,,,,,,,,,,,,,,,,,,,,,,,,
4308,Pict h2h Slash (mainhand),2328,233,0,0,0,0,0,0,0,0,0,0,0,0,0,0,0,13,0,1,0,0,0,0,0,0,0,0,0,0,0,0,0,0,0,0,0,0,0,0,0,,0,,,,,,,,,,,,,,,,,,,,,,,,,,,,,,,,,,,,,,,,,,,,,,,,,,,,,
4309,Pict h2h Crush (offhand),2329,2546,0,0,0,0,0,0,0,0,0,0,0,0,0,0,0,13,0,1,0,0,0,0,0,0,0,0,0,0,0,0,0,0,0,0,0,0,0,0,0,,0,,,,,,,,,,,,,,,,,,,,,,,,,,,,,,,,,,,,,,,,,,,,,,,,,,,,,
4310,Pict h2h Crush (mainhand),2330,2546,0,0,0,0,0,0,0,0,0,0,0,0,0,0,0,13,0,1,0,0,0,0,0,0,0,0,0,0,0,0,0,0,0,0,0,0,0,0,0,,0,,,,,,,,,,,,,,,,,,,,,,,,,,,,,,,,,,,,,,,,,,,,,,,,,,,,,
4311,Pict  h2h Thrust (offhand),2325,233,0,0,0,0,0,0,0,0,0,0,0,0,0,0,0,13,0,1,0,0,0,0,0,0,0,0,0,0,0,0,0,0,0,0,0,0,0,0,0,,0,,,,,,,,,,,,,,,,,,,,,,,,,,,,,,,,,,,,,,,,,,,,,,,,,,,,,
4312,Pict h2h Thrust (mainhand),2326,233,0,0,0,0,0,0,0,0,0,0,0,0,0,0,0,13,0,1,0,0,0,0,0,0,0,0,0,0,0,0,0,0,0,0,0,0,0,0,0,,0,,,,,,,,,,,,,,,,,,,,,,,,,,,,,,,,,,,,,,,,,,,,,,,,,,,,,
4313,Pict Harp,2324,2516,0,0,0,0,0,0,0,0,0,0,0,0,0,0,0,0,1,0,0,0,0,0,0,0,0,0,0,0,0,0,0,0,0,0,0,0,0,0,0,,0,,,,,,,,,,,,,,,,,,,,,,,,,,,,,,,,,,,,,,,,,,,,,,,,,,,,,
4314,Camelot 10 Year Wall Trophy,1,544,0,0,0,0,0,0,0,0,0,0,0,0,0,0,0,0,0,0,0,0,0,0,0,0,0,0,0,0,0,0,0,0,2333,0,0,0,0,0,0,1,0,,,,,,,,,,,,,,,,,,,,,,,,,,,,,,,,,,,,,,,,,,,,,,,,,,,,,
4315,Bonedancer Totem Yellow,1064,1,0,0,0,0,0,0,0,0,0,0,0,0,0,0,0,0,0,0,0,0,0,0,0,0,0,0,0,0,0,0,0,0,0,0,0,0,0,0,0,0,0,,,,,,,,,,,,192,192,192,,,,,,,,,,,,,,,,,,,,,,,,,,,,,,,,,,,,,,,
4316,Bonedancer Totem Purple,1064,1,0,0,0,0,0,0,0,0,0,0,0,0,0,0,0,0,0,0,0,0,0,0,0,0,0,0,0,0,0,0,0,0,0,0,0,0,0,0,0,0,0,,,,,,,,,,,,193,193,193,,,,,,,,,,,,,,,,,,,,,,,,,,,,,,,,,,,,,,,
4317,Bonedancer Totem Blue,1064,1,0,0,0,0,0,0,0,0,0,0,0,0,0,0,0,0,0,0,0,0,0,0,0,0,0,0,0,0,0,0,0,0,0,0,0,0,0,0,0,0,0,,,,,,,,,,,,194,194,194,,,,,,,,,,,,,,,,,,,,,,,,,,,,,,,,,,,,,,,
4318,Ward - Siegeward,1064,1,0,0,0,0,0,0,0,0,0,0,0,0,0,0,0,0,0,0,0,0,0,0,0,0,0,0,0,0,0,0,0,0,0,0,0,0,0,0,0,0,0,,,,,,,,,,,,195,196,197,,,,,,,,,,,,,,,,,,,,,,,,,,,,,,,,,,,,,,,
4319,Caledonia Portal,2334,1,0,0,0,0,0,0,0,0,0,0,0,0,0,0,0,0,0,0,0,0,0,0,0,0,0,0,0,0,0,0,0,0,0,0,0,0,0,0,0,0,0,,,,,,,,1,,,,,,,,,,,,,,,,,,,,,,,,,,,,,,,,,,,,,,,,,,,,,
4320,Armsmen Epic Crush -DF,2335,211,0,0,0,0,0,0,0,0,0,0,0,0,0,1,0,1,0,5,0,0,0,0,0,0,0,0,0,0,0,0,0,0,0,0,0,0,0,0,0,,0,,,,,,,,,,,,,,,,,,,,,,,,,,,,,,,,,,,,,,,,,,,,,,,,,387,,,,
4321,Armsmen Epic Slash -DF,2339,202,0,0,0,0,0,0,0,0,0,0,0,0,0,1,0,1,0,1,0,0,0,0,0,0,0,0,0,0,0,0,0,0,0,0,0,0,0,0,0,,0,,,,,,,,,,,,,,,,,,,,,,,,,,,,,,,,,,,,,,,,,,,,,,,,,391,,,,
4322,Armsmen Epic Thrust -DF,2341,206,0,0,0,0,0,0,0,0,0,0,0,0,0,1,0,1,0,1,0,0,0,0,0,0,0,0,0,0,0,0,0,0,0,0,0,0,0,0,0,,0,,,,,,,,,,,,,,,,,,,,,,,,,,,,,,,,,,,,,,,,,,,,,,,,,393,,,,
4323,Armsmen Epic Polearm Slash -DF,2338,217,0,0,0,0,0,0,0,0,0,0,0,0,0,0,0,3,2,4,0,0,0,0,0,0,0,0,0,0,0,0,0,0,0,0,0,0,0,0,0,,0,,,,,,,,,,,,,,,,,,,,,,,,,,,,,,,,,,,,,,,,,,,,,,,,,390,,,,
4324,Armsmen Epic Polearm Crush -DF,2337,219,0,0,0,0,0,0,0,0,0,0,0,0,0,0,0,3,2,4,0,0,0,0,0,0,0,0,0,0,0,0,0,0,0,0,0,0,0,0,0,,0,,,,,,,,,,,,,,,,,,,,,,,,,,,,,,,,,,,,,,,,,,,,,,,,,389,,,,
4325,Duplicate of Slash - Armsmen Epic Polearm Thrust -DF,2338,217,0,0,0,0,0,0,0,0,0,0,0,0,0,0,0,3,2,4,0,0,0,0,0,0,0,0,0,0,0,0,0,0,0,0,0,0,0,0,0,,0,,,,,,,,,,,,,,,,,,,,,,,,,,,,,,,,,,,,,,,,,,,,,,,,,390,,,,
4326,Armsmen Epic Two Handed Slash -DF,2340,203,0,0,0,0,0,0,0,0,0,0,0,0,0,1,0,2,2,1,0,0,0,0,0,0,0,0,0,0,0,0,0,0,0,0,0,0,0,0,0,,0,,,,,,,,,,,,,,,,,,,,,,,,,,,,,,,,,,,,,,,,,,,,,,,,,392,,,,
4327,Armsmen Epic Two Handed Thrust -DF,2342,215,0,0,0,0,0,0,0,0,0,0,0,0,0,1,0,2,2,1,0,0,0,0,0,0,0,0,0,0,0,0,0,0,0,0,0,0,0,0,0,,0,,,,,,,,,,,,,,,,,,,,,,,,,,,,,,,,,,,,,,,,,,,,,,,,,386,,,,
4328,Armsmen Epic Two Handed Crush -DF,2336,214,0,0,0,0,0,0,0,0,0,0,0,0,0,1,0,2,2,5,0,0,0,0,0,0,0,0,0,0,0,0,0,0,0,0,0,0,0,0,0,,0,,,,,,,,,,,,,,,,,,,,,,,,,,,,,,,,,,,,,,,,,,,,,,,,,388,,,,
4329,int wall tapestry 04,1,181,0,0,0,0,0,0,0,0,0,0,0,0,0,0,0,0,0,0,0,0,0,0,0,0,0,0,0,0,0,0,0,0,2343,0,0,0,0,0,0,0,0,,,,,,,,,,,,,,,,,,,,,,,,,,,,,,,,,,,,,,,,,,,,,,,,,,,,,
4330,tournament statue 01,2344,1,0,0,0,0,0,0,0,0,0,0,0,0,0,0,0,0,0,0,0,0,0,0,0,0,0,0,0,0,0,0,0,0,0,0,0,0,0,0,0,0,0,,,,,,,,1,,,,,,,,,,,,,,,,,,,,,,,,,,,,,,,,,,,,,,,,,,,,,
4331,Paladin Epic Crush -DF,2350,211,0,0,0,0,0,0,0,0,0,0,0,0,0,1,0,1,0,5,0,0,0,0,0,0,0,0,0,0,0,0,0,0,0,0,0,0,0,0,0,,0,,,,,,,,,,,,,,,,,,,,,,,,,,,,,,,,,,,,,,,,,,,,,,,,,399,,,,
4332,Paladin Epic Slash -DF,2348,202,0,0,0,0,0,0,0,0,0,0,0,0,0,1,0,1,0,1,0,0,0,0,0,0,0,0,0,0,0,0,0,0,0,0,0,0,0,0,0,,0,,,,,,,,,,,,,,,,,,,,,,,,,,,,,,,,,,,,,,,,,,,,,,,,,397,,,,
4333,Paladin Epic Thrust -DF,2346,206,0,0,0,0,0,0,0,0,0,0,0,0,0,1,0,1,0,1,0,0,0,0,0,0,0,0,0,0,0,0,0,0,0,0,0,0,0,0,0,,0,,,,,,,,,,,,,,,,,,,,,,,,,,,,,,,,,,,,,,,,,,,,,,,,,395,,,,
4334,Paladin Epic Two Handed Slash -DF,2347,203,0,0,0,0,0,0,0,0,0,0,0,0,0,1,0,2,2,1,0,0,0,0,0,0,0,0,0,0,0,0,0,0,0,0,0,0,0,0,0,,0,,,,,,,,,,,,,,,,,,,,,,,,,,,,,,,,,,,,,,,,,,,,,,,,,396,,,,
4335,Paladin Epic Two Handed Thrust -DF,2345,215,0,0,0,0,0,0,0,0,0,0,0,0,0,1,0,2,2,1,0,0,0,0,0,0,0,0,0,0,0,0,0,0,0,0,0,0,0,0,0,,0,,,,,,,,,,,,,,,,,,,,,,,,,,,,,,,,,,,,,,,,,,,,,,,,,394,,,,
4336,Paladin Epic Two Handed Crush -DF,2349,214,0,0,0,0,0,0,0,0,0,0,0,0,0,1,0,2,2,5,0,0,0,0,0,0,0,0,0,0,0,0,0,0,0,0,0,0,0,0,0,,0,,,,,,,,,,,,,,,,,,,,,,,,,,,,,,,,,,,,,,,,,,,,,,,,,398,,,,
4337,Eldritch Epic Staff DF,2433,209,0,0,0,0,0,0,0,0,0,0,0,0,0,0,0,4,1,6,0,0,0,0,0,0,0,0,0,0,0,0,0,0,0,0,0,0,0,0,0,,0,,,,,,,,,,,,,,,,,,,,,,,,,,,,,,,,,,,,,,,,,,,,,,,,,400,,,,
4338,Enchanter Epic Staff DF,2434,209,0,0,0,0,0,0,0,0,0,0,0,0,0,0,0,4,1,6,0,0,0,0,0,0,0,0,0,0,0,0,0,0,0,0,0,0,0,0,0,,0,,,,,,,,,,,,,,,,,,,,,,,,,,,,,,,,,,,,,,,,,,,,,,,,,401,,,,
4339,Mentalist Epic Staff DF,2444,209,0,0,0,0,0,0,0,0,0,0,0,0,0,0,0,4,1,6,0,0,0,0,0,0,0,0,0,0,0,0,0,0,0,0,0,0,0,0,0,,0,,,,,,,,,,,,,,,,,,,,,,,,,,,,,,,,,,,,,,,,,,,,,,,,,402,,,,
4340,Animist Epic Staff DF,2431,209,0,0,0,0,0,0,0,0,0,0,0,0,0,0,0,4,1,6,0,0,0,0,0,0,0,0,0,0,0,0,0,0,0,0,0,0,0,0,0,,0,,,,,,,,,,,,,,,,,,,,,,,,,,,,,,,,,,,,,,,,,,,,,,,,,403,,,,
4341,Bainshee Epic Staff DF,2432,209,0,0,0,0,0,0,0,0,0,0,0,0,0,0,0,4,1,6,0,0,0,0,0,0,0,0,0,0,0,0,0,0,0,0,0,0,0,0,0,,0,,,,,,,,,,,,,,,,,,,,,,,,,,,,,,,,,,,,,,,,,,,,,,,,,404,,,,
4342,Valewalker Epic Scythe DF,2447,232,0,0,0,0,0,0,0,0,0,0,0,0,0,0,0,14,0,2,0,0,0,0,0,0,0,0,0,0,0,0,0,0,0,0,0,0,0,0,0,,0,,,,,,,,,,,,,,,,,,,,,,,,,,,,,,,,,,,,,,,,,,,,,,,,,405,,,,
4343,Vampiir Epic Pierce DF,2445,206,0,0,0,0,0,0,0,0,0,0,0,0,0,1,0,7,0,1,0,0,0,0,0,0,0,0,0,0,0,0,0,0,0,0,0,0,0,0,0,,0,,,,,,,,,,,,,,,,,,,,,,,,,,,,,,,,,,,,,,,,,,,,,,,,,406,,,,
4344,Nightshade Epic Blade DF,2458,202,0,0,0,0,0,0,0,0,0,0,0,0,0,1,0,1,0,1,0,0,0,0,0,0,0,0,0,0,0,0,0,0,0,0,0,0,0,0,0,,0,,,,,,,,,,,,,,,,,,,,,,,,,,,,,,,,,,,,,,,,,,,,,,,,,407,,,,
4345,Nightshade Epic Pierce DF,2457,206,0,0,0,0,0,0,0,0,0,0,0,0,0,1,0,7,0,1,0,0,0,0,0,0,0,0,0,0,0,0,0,0,0,0,0,0,0,0,0,,0,,,,,,,,,,,,,,,,,,,,,,,,,,,,,,,,,,,,,,,,,,,,,,,,,408,,,,
4346,Bard Epic Blade DF,2459,202,0,0,0,0,0,0,0,0,0,0,0,0,0,1,0,1,0,1,0,0,0,0,0,0,0,0,0,0,0,0,0,0,0,0,0,0,0,0,0,,0,,,,,,,,,,,,,,,,,,,,,,,,,,,,,,,,,,,,,,,,,,,,,,,,,409,,,,
4347,Bard Epic Blunt DF,2460,212,0,0,0,0,0,0,0,0,0,0,0,0,0,1,0,1,0,5,0,0,0,0,0,0,0,0,0,0,0,0,0,0,0,0,0,0,0,0,0,,0,,,,,,,,,,,,,,,,,,,,,,,,,,,,,,,,,,,,,,,,,,,,,,,,,410,,,,
4348,Bard Epic Drum DF,,229,0,0,0,0,0,0,0,0,0,0,0,0,0,0,0,0,1,0,0,0,0,0,0,0,0,0,0,0,0,0,0,0,0,0,0,0,0,0,0,,0,,,,,,,,,,,,,,,,,,,,,,,,,,,,,,,,,,,,,,,,,,,,,,,,,,,,,
4349,Bard Epic Flute DF,,230,0,0,0,0,0,0,0,0,0,0,0,0,0,0,0,0,1,0,0,0,0,0,0,0,0,0,0,0,0,0,0,0,0,0,0,0,0,0,0,,0,,,,,,,,,,,,,,,,,,,,,,,,,,,,,,,,,,,,,,,,,,,,,,,,,,,,,
4350,Bard Epic Harp DF,2461,2516,0,0,0,0,0,0,0,0,0,0,0,0,0,0,0,0,1,0,0,0,0,0,0,0,0,0,0,0,0,0,0,0,0,0,0,0,0,0,0,,0,,,,,,,,,,,,,,,,,,,,,,,,,,,,,,,,,,,,,,,,,,,,,,,,,413,75,,,
4351,Bard Epic Lute DF,,228,0,0,0,0,0,0,0,0,0,0,0,0,0,0,0,0,1,0,0,0,0,0,0,0,0,0,0,0,0,0,0,0,0,0,0,0,0,0,0,,0,,,,,,,,,,,,,,,,,,,,,,,,,,,,,,,,,,,,,,,,,,,,,,,,,,,,,
4352,Ranger Epic Pierce DF,2412,206,0,0,0,0,0,0,0,0,0,0,0,0,0,1,0,1,0,1,0,0,0,0,0,0,0,0,0,0,0,0,0,0,0,0,0,0,0,0,0,,0,,,,,,,,,,,,,,,,,,,,,,,,,,,,,,,,,,,,,,,,,,,,,,,,,415,80,,,
4353,Ranger Epic Blade DF,2413,202,0,0,0,0,0,0,0,0,0,0,0,0,0,1,0,7,0,1,0,0,0,0,0,0,0,0,0,0,0,0,0,0,0,0,0,0,0,0,0,,0,,,,,,,,,,,,,,,,,,,,,,,,,,,,,,,,,,,,,,,,,,,,,,,,,416,,,,
4354,Ranger Epic Recurve Bow DF,2411,223,0,0,0,0,0,0,0,0,0,0,0,0,0,0,0,5,1,7,0,0,0,0,0,0,0,0,0,0,0,0,0,0,0,0,0,0,0,0,0,,0,,,,,,,,,,,,,,,,,,,,,,,,,,,,,,,,,,,,,,,,,,,,,,,,,417,,,,
4355,Blademaster Epic Blade DF,2423,202,0,0,0,0,0,0,0,0,0,0,0,0,0,1,0,1,0,1,0,0,0,0,0,0,0,0,0,0,0,0,0,0,0,0,0,0,0,0,0,,0,,,,,,,,,,,,,,,,,,,,,,,,,,,,,,,,,,,,,,,,,,,,,,,,,418,80,,,
4356,Blademaster Epic Pierce DF,2425,206,0,0,0,0,0,0,0,0,0,0,0,0,0,1,0,7,0,1,0,0,0,0,0,0,0,0,0,0,0,0,0,0,0,0,0,0,0,0,0,,0,,,,,,,,,,,,,,,,,,,,,,,,,,,,,,,,,,,,,,,,,,,,,,,,,419,80,,,
4357,Blademaster Epic Blunt DF,2424,212,0,0,0,0,0,0,0,0,0,0,0,0,0,1,0,1,0,5,0,0,0,0,0,0,0,0,0,0,0,0,0,0,0,0,0,0,0,0,0,,0,,,,,,,,,,,,,,,,,,,,,,,,,,,,,,,,,,,,,,,,,,,,,,,,,420,90,,,
4358,Druid Epic Blade DF,2387,202,0,0,0,0,0,0,0,0,0,0,0,0,0,1,0,1,0,1,0,0,0,0,0,0,0,0,0,0,0,0,0,0,0,0,0,0,0,0,0,,0,,,,,,,,,,,,,,,,,,,,,,,,,,,,,,,,,,,,,,,,,,,,,,,,,421,80,,,
4359,Druid Epic Blunt DF,2386,212,0,0,0,0,0,0,0,0,0,0,0,0,0,1,0,1,0,5,0,0,0,0,0,0,0,0,0,0,0,0,0,0,0,0,0,0,0,0,0,,0,,,,,,,,,,,,,,,,,,,,,,,,,,,,,,,,,,,,,,,,,,,,,,,,,422,80,,,
4360,Warden Epic Blade DF,2392,202,0,0,0,0,0,0,0,0,0,0,0,0,0,1,0,1,0,1,0,0,0,0,0,0,0,0,0,0,0,0,0,0,0,0,0,0,0,0,0,,0,,,,,,,,,,,,,,,,,,,,,,,,,,,,,,,,,,,,,,,,,,,,,,,,,423,80,,,
4361,Warden Epic Blunt DF,2393,212,0,0,0,0,0,0,0,0,0,0,0,0,0,1,0,1,0,5,0,0,0,0,0,0,0,0,0,0,0,0,0,0,0,0,0,0,0,0,0,,0,,,,,,,,,,,,,,,,,,,,,,,,,,,,,,,,,,,,,,,,,,,,,,,,,424,,,,
4362,Champion Epic Blade DF,2454,202,0,0,0,0,0,0,0,0,0,0,0,0,0,1,0,1,0,1,0,0,0,0,0,0,0,0,0,0,0,0,0,0,0,0,0,0,0,0,0,,0,,,,,,,,,,,,,,,,,,,,,,,,,,,,,,,,,,,,,,,,,,,,,,,,,425,90,,,
4363,Champion Epic Pierce DF,2453,206,0,0,0,0,0,0,0,0,0,0,0,0,0,1,0,7,0,1,0,0,0,0,0,0,0,0,0,0,0,0,0,0,0,0,0,0,0,0,0,,0,,,,,,,,,,,,,,,,,,,,,,,,,,,,,,,,,,,,,,,,,,,,,,,,,426,,,,
4364,Champion Epic Blunt DF,2456,212,0,0,0,0,0,0,0,0,0,0,0,0,0,1,0,1,0,5,0,0,0,0,0,0,0,0,0,0,0,0,0,0,0,0,0,0,0,0,0,,0,,,,,,,,,,,,,,,,,,,,,,,,,,,,,,,,,,,,,,,,,,,,,,,,,427,,,,
4365,Champion Epic Large Blade DF,2455,203,0,0,0,0,0,0,0,0,0,0,0,0,0,1,0,2,2,1,0,0,0,0,0,0,0,0,0,0,0,0,0,0,0,0,0,0,0,0,0,,0,,,,,,,,,,,,,,,,,,,,,,,,,,,,,,,,,,,,,,,,,,,,,,,,,428,,,,
4366,Champion Epic Large Blunt DF,2452,212,0,0,0,0,0,0,0,0,0,0,0,0,0,1,0,2,2,5,0,0,0,0,0,0,0,0,0,0,0,0,0,0,0,0,0,0,0,0,0,,0,,,,,,,,,,,,,,,,,,,,,,,,,,,,,,,,,,,,,,,,,,,,,,,,,429,,,,
4367,Hero Epic Blade DF,2351,202,0,0,0,0,0,0,0,0,0,0,0,0,0,1,0,1,0,1,0,0,0,0,0,0,0,0,0,0,0,0,0,0,0,0,0,0,0,0,0,,0,,,,,,,,,,,,,,,,,,,,,,,,,,,,,,,,,,,,,,,,,,,,,,,,,430,,,,
4368,Hero Epic Pierce DF,2355,206,0,0,0,0,0,0,0,0,0,0,0,0,0,1,0,7,0,1,0,0,0,0,0,0,0,0,0,0,0,0,0,0,0,0,0,0,0,0,0,,0,,,,,,,,,,,,,,,,,,,,,,,,,,,,,,,,,,,,,,,,,,,,,,,,,431,,,,
4369,Hero Epic Blunt DF,2353,212,0,0,0,0,0,0,0,0,0,0,0,0,0,1,0,1,0,5,0,0,0,0,0,0,0,0,0,0,0,0,0,0,0,0,0,0,0,0,0,,0,,,,,,,,,,,,,,,,,,,,,,,,,,,,,,,,,,,,,,,,,,,,,,,,,432,,,,
4370,Hero Epic Large Blade DF,2352,203,0,0,0,0,0,0,0,0,0,0,0,0,0,1,0,2,2,1,0,0,0,0,0,0,0,0,0,0,0,0,0,0,0,0,0,0,0,0,0,,0,,,,,,,,,,,,,,,,,,,,,,,,,,,,,,,,,,,,,,,,,,,,,,,,,433,,,,
4371,Hero Epic Large Blunt DF,2354,212,0,0,0,0,0,0,0,0,0,0,0,0,0,1,0,2,2,5,0,0,0,0,0,0,0,0,0,0,0,0,0,0,0,0,0,0,0,0,0,,0,,,,,,,,,,,,,,,,,,,,,,,,,,,,,,,,,,,,,,,,,,,,,,,,,434,,,,
4372,Hero Epic Large Pierce DF,2356,203,0,0,0,0,0,0,0,0,0,0,0,0,0,1,0,2,2,1,0,0,0,0,0,0,0,0,0,0,0,0,0,0,0,0,0,0,0,0,0,,0,,,,,,,,,,,,,,,,,,,,,,,,,,,,,,,,,,,,,,,,,,,,,,,,,435,,,,
4373,Hero Epic Celtic Spear DF,2357,207,0,0,0,0,0,0,0,0,0,0,0,0,0,0,0,3,2,21,0,0,0,0,0,0,0,0,0,0,0,0,0,0,0,0,0,0,0,0,0,,0,,,,,,,,,,,,,,,,,,,,,,,,,,,,,,,,,,,,,,,,,,,,,,,,,436,,,,
4374,Hero Epic Celtic 2H Spear DF,2358,207,0,0,0,0,0,0,0,0,0,0,0,0,0,0,0,3,2,21,0,0,0,0,0,0,0,0,0,0,0,0,0,0,0,0,0,0,0,0,0,,0,,,,,,,,,,,,,,,,,,,,,,,,,,,,,,,,,,,,,,,,,,,,,,,,,437,,,,
4375,Cabalist Epic Staff DF,2446,209,0,0,0,0,0,0,0,0,0,0,0,0,0,0,0,4,1,6,0,0,0,0,0,0,0,0,0,0,0,0,0,0,0,0,0,0,0,0,0,,0,,,,,,,,,,,,,,,,,,,,,,,,,,,,,,,,,,,,,,,,,,,,,,,,,438,90,,,
4376,Sorcerer Epic Staff DF,2416,209,0,0,0,0,0,0,0,0,0,0,0,0,0,0,0,4,1,6,0,0,0,0,0,0,0,0,0,0,0,0,0,0,0,0,0,0,0,0,0,,0,,,,,,,,,,,,,,,,,,,,,,,,,,,,,,,,,,,,,,,,,,,,,,,,,439,,,,
4377,Theurgist Epic Staff DF,2438,209,0,0,0,0,0,0,0,0,0,0,0,0,0,0,0,4,1,6,0,0,0,0,0,0,0,0,0,0,0,0,0,0,0,0,0,0,0,0,0,,0,,,,,,,,,,,,,,,,,,,,,,,,,,,,,,,,,,,,,,,,,,,,,,,,,440,,,,
4378,Wizard Epic Staff DF,2439,209,0,0,0,0,0,0,0,0,0,0,0,0,0,0,0,4,1,6,0,0,0,0,0,0,0,0,0,0,0,0,0,0,0,0,0,0,0,0,0,,0,,,,,,,,,,,,,,,,,,,,,,,,,,,,,,,,,,,,,,,,,,,,,,,,,441,,,,
4379,Necromancer Epic Staff DF,2396,209,0,0,0,0,0,0,0,0,0,0,0,0,0,0,0,4,1,6,0,0,0,0,0,0,0,0,0,0,0,0,0,0,0,0,0,0,0,0,0,,0,,,,,,,,,,,,,,,,,,,,,,,,,,,,,,,,,,,,,,,,,,,,,,,,,442,,,,
4380,Infiltrator Epic Slash DF,2366,202,0,0,0,0,0,0,0,0,0,0,0,0,0,1,0,1,0,1,0,0,0,0,0,0,0,0,0,0,0,0,0,0,0,0,0,0,0,0,0,,0,,,,,,,,,,,,,,,,,,,,,,,,,,,,,,,,,,,,,,,,,,,,,,,,,443,,,,
4381,Infiltrator Epic Thrust DF,2367,206,0,0,0,0,0,0,0,0,0,0,0,0,0,1,0,1,0,1,0,0,0,0,0,0,0,0,0,0,0,0,0,0,0,0,0,0,0,0,0,,0,,,,,,,,,,,,,,,,,,,,,,,,,,,,,,,,,,,,,,,,,,,,,,,,,444,,,,
4382,Friar Epic Staff DF,2394,209,0,0,0,0,0,0,0,0,0,0,0,0,0,0,0,4,1,6,0,0,0,0,0,0,0,0,0,0,0,0,0,0,0,0,0,0,0,0,0,,0,,,,,,,,,,,,,,,,,,,,,,,,,,,,,,,,,,,,,,,,,,,,,,,,,445,120,,,
4383,Friar Epic Crush DF,2395,211,0,0,0,0,0,0,0,0,0,0,0,0,0,1,0,1,0,5,0,0,0,0,0,0,0,0,0,0,0,0,0,0,0,0,0,0,0,0,0,,0,,,,,,,,,,,,,,,,,,,,,,,,,,,,,,,,,,,,,,,,,,,,,,,,,446,,,,
4384,Scout Epic Slash DF,2376,202,0,0,0,0,0,0,0,0,0,0,0,0,0,1,0,1,0,1,0,0,0,0,0,0,0,0,0,0,0,0,0,0,0,0,0,0,0,0,0,,0,,,,,,,,,,,,,,,,,,,,,,,,,,,,,,,,,,,,,,,,,,,,,,,,,447,,,,
4385,Scout Epic Thrust DF,2377,206,0,0,0,0,0,0,0,0,0,0,0,0,0,1,0,1,0,1,0,0,0,0,0,0,0,0,0,0,0,0,0,0,0,0,0,0,0,0,0,,0,,,,,,,,,,,,,,,,,,,,,,,,,,,,,,,,,,,,,,,,,,,,,,,,,448,,,,
4386,Scout Epic Longbow DF,2378,223,0,0,0,0,0,0,0,0,0,0,0,0,0,0,0,5,1,7,0,0,0,0,0,0,0,0,0,0,0,0,0,0,0,0,0,0,0,0,0,,0,,,,,,,,,,,,,,,,,,,,,,,,,,,,,,,,,,,,,,,,,,,,,,,,,449,,,,
4387,Minstrel Epic Slash DF,2372,202,0,0,0,0,0,0,0,0,0,0,0,0,0,1,0,1,0,1,0,0,0,0,0,0,0,0,0,0,0,0,0,0,0,0,0,0,0,0,0,,0,,,,,,,,,,,,,,,,,,,,,,,,,,,,,,,,,,,,,,,,,,,,,,,,,450,90,,,
4388,Minstrel Epic Thrust DF,2365,206,0,0,0,0,0,0,0,0,0,0,0,0,0,1,0,1,0,1,0,0,0,0,0,0,0,0,0,0,0,0,0,0,0,0,0,0,0,0,0,,0,,,,,,,,,,,,,,,,,,,,,,,,,,,,,,,,,,,,,,,,,,,,,,,,,451,,,,
4389,Minstrel Epic Drum DF,,229,0,0,0,0,0,0,0,0,0,0,0,0,0,0,0,0,1,0,0,0,0,0,0,0,0,0,0,0,0,0,0,0,0,0,0,0,0,0,0,,0,,,,,,,,,,,,,,,,,,,,,,,,,,,,,,,,,,,,,,,,,,,,,,,,,,,,,
4390,Minstrel Epic Flute DF,,230,0,0,0,0,0,0,0,0,0,0,0,0,0,0,0,0,1,0,0,0,0,0,0,0,0,0,0,0,0,0,0,0,0,0,0,0,0,0,0,,0,,,,,,,,,,,,,,,,,,,,,,,,,,,,,,,,,,,,,,,,,,,,,,,,,,,,,
4391,Minstrel Epic Harp DF,2371,2516,0,0,0,0,0,0,0,0,0,0,0,0,0,0,0,0,1,0,0,0,0,0,0,0,0,0,0,0,0,0,0,0,0,0,0,0,0,0,0,,0,,,,,,,,,,,,,,,,,,,,,,,,,,,,,,,,,,,,,,,,,,,,,,,,,454,75,,,
4392,Minstrel Epic Lute DF,,228,0,0,0,0,0,0,0,0,0,0,0,0,0,0,0,0,1,0,0,0,0,0,0,0,0,0,0,0,0,0,0,0,0,0,0,0,0,0,0,,0,,,,,,,,,,,,,,,,,,,,,,,,,,,,,,,,,,,,,,,,,,,,,,,,,,,,,
4393,Cleric Epic Crush DF,2379,211,0,0,0,0,0,0,0,0,0,0,0,0,0,1,0,1,0,5,0,0,0,0,0,0,0,0,0,0,0,0,0,0,0,0,0,0,0,0,0,,0,,,,,,,,,,,,,,,,,,,,,,,,,,,,,,,,,,,,,,,,,,,,,,,,,456,,,,
4394,Mercenary Epic Crush DF,2368,211,0,0,0,0,0,0,0,0,0,0,0,0,0,1,0,1,0,5,0,0,0,0,0,0,0,0,0,0,0,0,0,0,0,0,0,0,0,0,0,,0,,,,,,,,,,,,,,,,,,,,,,,,,,,,,,,,,,,,,,,,,,,,,,,,,457,80,,,
4395,Mercenary Epic Slash DF,2369,202,0,0,0,0,0,0,0,0,0,0,0,0,0,1,0,1,0,1,0,0,0,0,0,0,0,0,0,0,0,0,0,0,0,0,0,0,0,0,0,,0,,,,,,,,,,,,,,,,,,,,,,,,,,,,,,,,,,,,,,,,,,,,,,,,,458,80,,,
4396,Mercenary Epic Thrust DF,2370,206,0,0,0,0,0,0,0,0,0,0,0,0,0,1,0,1,0,1,0,0,0,0,0,0,0,0,0,0,0,0,0,0,0,0,0,0,0,0,0,,0,,,,,,,,,,,,,,,,,,,,,,,,,,,,,,,,,,,,,,,,,,,,,,,,,459,80,,,
4397,Heretic Epic Crush DF,2373,211,0,0,0,0,0,0,0,0,0,0,0,0,0,1,0,1,0,5,0,0,0,0,0,0,0,0,0,0,0,0,0,0,0,0,0,0,0,0,0,,0,,,,,,,,,,,,,,,,,,,,,,,,,,,,,,,,,,,,,,,,,,,,,,,,,460,80,,,
4398,Heretic Epic Flex Crush DF,2374,231,0,0,0,0,0,0,0,0,0,0,0,0,0,1,0,10,0,20,0,0,0,0,0,0,0,0,0,0,0,0,0,0,0,0,0,0,0,0,0,,0,,,,,,,,,,,,,,,,,,,,,,,,,,,,,,,,,,,,,,,,,,,,,,,,,461,,,,
4399,Heretic Epic Flex Slash DF,2375,231,0,0,0,0,0,0,0,0,0,0,0,0,0,1,0,11,0,20,0,0,0,0,0,0,0,0,0,0,0,0,0,0,0,0,0,0,0,0,0,,0,,,,,,,,,,,,,,,,,,,,,,,,,,,,,,,,,,,,,,,,,,,,,,,,,462,,,,
4400,Reaver Epic Crush DF,2440,211,0,0,0,0,0,0,0,0,0,0,0,0,0,1,0,1,0,5,0,0,0,0,0,0,0,0,0,0,0,0,0,0,0,0,0,0,0,0,0,,0,,,,,,,,,,,,,,,,,,,,,,,,,,,,,,,,,,,,,,,,,,,,,,,,,463,,,,
4401,Reaver Epic Slash DF,2442,202,0,0,0,0,0,0,0,0,0,0,0,0,0,1,0,1,0,1,0,0,0,0,0,0,0,0,0,0,0,0,0,0,0,0,0,0,0,0,0,,0,,,,,,,,,,,,,,,,,,,,,,,,,,,,,,,,,,,,,,,,,,,,,,,,,464,90,,,
4402,Reaver Epic Thrust DF,2443,206,0,0,0,0,0,0,0,0,0,0,0,0,0,1,0,1,0,1,0,0,0,0,0,0,0,0,0,0,0,0,0,0,0,0,0,0,0,0,0,,0,,,,,,,,,,,,,,,,,,,,,,,,,,,,,,,,,,,,,,,,,,,,,,,,,465,,,,
4403,Reaver Epic Flex Crush DF,2441,231,0,0,0,0,0,0,0,0,0,0,0,0,0,1,0,10,0,20,0,0,0,0,0,0,0,0,0,0,0,0,0,0,0,0,0,0,0,0,0,,0,,,,,,,,,,,,,,,,,,,,,,,,,,,,,,,,,,,,,,,,,,,,,,,,,466,,,,
4404,Reaver Epic Flex Slash DF,2441,231,0,0,0,0,0,0,0,0,0,0,0,0,0,1,0,11,0,20,0,0,0,0,0,0,0,0,0,0,0,0,0,0,0,0,0,0,0,0,0,,0,,,,,,,,,,,,,,,,,,,,,,,,,,,,,,,,,,,,,,,,,,,,,,,,,467,,,,
4405,Runemaster Epic Staff DF,2426,2512,0,0,0,0,0,0,0,0,0,0,0,0,0,0,0,4,1,6,0,0,0,0,0,0,0,0,0,0,0,0,0,0,0,0,0,0,0,0,0,,0,,,,,,,,,,,,,,,,,,,,,,,,,,,,,,,,,,,,,,,,,,,,,,,,,468,,,,
4406,Spirit Master Epic Staff DF,2435,2512,0,0,0,0,0,0,0,0,0,0,0,0,0,0,0,4,1,6,0,0,0,0,0,0,0,0,0,0,0,0,0,0,0,0,0,0,0,0,0,,0,,,,,,,,,,,,,,,,,,,,,,,,,,,,,,,,,,,,,,,,,,,,,,,,,469,,,,
4407,Bonedancer Epic Staff DF,2449,2512,0,0,0,0,0,0,0,0,0,0,0,0,0,0,0,4,1,6,0,0,0,0,0,0,0,0,0,0,0,0,0,0,0,0,0,0,0,0,0,,0,,,,,,,,,,,,,,,,,,,,,,,,,,,,,,,,,,,,,,,,,,,,,,,,,470,,,,
4408,Warlock Epic Staff DF,2448,2512,0,0,0,0,0,0,0,0,0,0,0,0,0,0,0,4,1,6,0,0,0,0,0,0,0,0,0,0,0,0,0,0,0,0,0,0,0,0,0,,0,,,,,,,,,,,,,,,,,,,,,,,,,,,,,,,,,,,,,,,,,,,,,,,,,471,,,,
4409,Shadowblade Epic Sword DF,2430,201,0,0,0,0,0,0,0,0,0,0,0,0,0,1,0,1,0,1,0,0,0,0,0,0,0,0,0,0,0,0,0,0,0,0,0,0,0,0,0,,0,,,,,,,,,,,,,,,,,,,,,,,,,,,,,,,,,,,,,,,,,,,,,,,,,472,,,,
4410,Shadowblade Epic Two Handed Sword DF,2429,203,0,0,0,0,0,0,0,0,0,0,0,0,0,1,0,2,0,1,0,0,0,0,0,0,0,0,0,0,0,0,0,0,0,0,0,0,0,0,0,,0,,,,,,,,,,,,,,,,,,,,,,,,,,,,,,,,,,,,,,,,,,,,,,,,,473,,,,
4411,Shadowblade Epic Axe DF,2437,200,0,0,0,0,0,0,0,0,0,0,0,0,0,1,0,1,0,4,0,0,0,0,0,0,0,0,0,0,0,0,0,0,0,0,0,0,0,0,0,,0,,,,,,,,,,,,,,,,,,,,,,,,,,,,,,,,,,,,,,,,,,,,,,,,,474,,,,
4412,Shadowblade Epic Two Handed Axe DF,2436,217,0,0,0,0,0,0,0,0,0,0,0,0,0,1,0,2,0,4,0,0,0,0,0,0,0,0,0,0,0,0,0,0,0,0,0,0,0,0,0,,0,,,,,,,,,,,,,,,,,,,,,,,,,,,,,,,,,,,,,,,,,,,,,,,,,475,,,,
4413,Hunter Epic Sword DF,2409,201,0,0,0,0,0,0,0,0,0,0,0,0,0,1,0,1,0,1,0,0,0,0,0,0,0,0,0,0,0,0,0,0,0,0,0,0,0,0,0,,0,,,,,,,,,,,,,,,,,,,,,,,,,,,,,,,,,,,,,,,,,,,,,,,,,476,,,,
4414,Hunter Epic Two Handed Sword DF,2410,203,0,0,0,0,0,0,0,0,0,0,0,0,0,1,0,2,0,1,0,0,0,0,0,0,0,0,0,0,0,0,0,0,0,0,0,0,0,0,0,,0,,,,,,,,,,,,,,,,,,,,,,,,,,,,,,,,,,,,,,,,,,,,,,,,,477,95,,,
4415,Hunter Epic Spear Thrust DF,2414,207,0,0,0,0,0,0,0,0,0,0,0,0,0,0,0,3,2,21,0,0,0,0,0,0,0,0,0,0,0,0,0,0,0,0,0,0,0,0,0,,0,,,,,,,,,,,,,,,,,,,,,,,,,,,,,,,,,,,,,,,,,,,,,,,,,478,85,,,
4416,Hunter Epic Spear Slash DF,2414,207,0,0,0,0,0,0,0,0,0,0,0,0,0,0,0,3,2,21,0,0,0,0,0,0,0,0,0,0,0,0,0,0,0,0,0,0,0,0,0,,0,,,,,,,,,,,,,,,,,,,,,,,,,,,,,,,,,,,,,,,,,,,,,,,,,479,85,,,
4417,Berzerker Epic Axe DF,2422,200,0,0,0,0,0,0,0,0,0,0,0,0,0,1,0,1,0,4,0,0,0,0,0,0,0,0,0,0,0,0,0,0,0,0,0,0,0,0,0,,0,,,,,,,,,,,,,,,,,,,,,,,,,,,,,,,,,,,,,,,,,,,,,,,,,480,,,,
4418,Berzerker Epic Two Handed Axe DF,2421,217,0,0,0,0,0,0,0,0,0,0,0,0,0,1,0,2,0,4,0,0,0,0,0,0,0,0,0,0,0,0,0,0,0,0,0,0,0,0,0,,0,,,,,,,,,,,,,,,,,,,,,,,,,,,,,,,,,,,,,,,,,,,,,,,,,481,125,,,
4419,Berzerker Epic Hammer DF,2418,210,0,0,0,0,0,0,0,0,0,0,0,0,0,1,0,1,0,5,0,0,0,0,0,0,0,0,0,0,0,0,0,0,0,0,0,0,0,0,0,,0,,,,,,,,,,,,,,,,,,,,,,,,,,,,,,,,,,,,,,,,,,,,,,,,,482,,,,
4420,Berzerker Epic Two Handed Hammer DF,2417,214,0,0,0,0,0,0,0,0,0,0,0,0,0,1,0,2,0,5,0,0,0,0,0,0,0,0,0,0,0,0,0,0,0,0,0,0,0,0,0,,0,,,,,,,,,,,,,,,,,,,,,,,,,,,,,,,,,,,,,,,,,,,,,,,,,483,125,,,
4421,Berzerker Epic Sword DF,2419,201,0,0,0,0,0,0,0,0,0,0,0,0,0,1,0,1,0,1,0,0,0,0,0,0,0,0,0,0,0,0,0,0,0,0,0,0,0,0,0,,0,,,,,,,,,,,,,,,,,,,,,,,,,,,,,,,,,,,,,,,,,,,,,,,,,484,,,,
4422,Berzerker Epic Two Handed Sword DF,2420,203,0,0,0,0,0,0,0,0,0,0,0,0,0,1,0,2,0,1,0,0,0,0,0,0,0,0,0,0,0,0,0,0,0,0,0,0,0,0,0,,0,,,,,,,,,,,,,,,,,,,,,,,,,,,,,,,,,,,,,,,,,,,,,,,,,485,110,,,
4423,Savage Epic Axe DF,2391,200,0,0,0,0,0,0,0,0,0,0,0,0,0,1,0,1,0,4,0,0,0,0,0,0,0,0,0,0,0,0,0,0,0,0,0,0,0,0,0,,0,,,,,,,,,,,,,,,,,,,,,,,,,,,,,,,,,,,,,,,,,,,,,,,,,486,85,,,
4424,Savage Epic Two Handed Axe DF,2390,217,0,0,0,0,0,0,0,0,0,0,0,0,0,1,0,2,0,4,0,0,0,0,0,0,0,0,0,0,0,0,0,0,0,0,0,0,0,0,0,,0,,,,,,,,,,,,,,,,,,,,,,,,,,,,,,,,,,,,,,,,,,,,,,,,,487,85,,,
4425,Savage Epic Hammer DF,2407,210,0,0,0,0,0,0,0,0,0,0,0,0,0,1,0,1,0,5,0,0,0,0,0,0,0,0,0,0,0,0,0,0,0,0,0,0,0,0,0,,0,,,,,,,,,,,,,,,,,,,,,,,,,,,,,,,,,,,,,,,,,,,,,,,,,488,65,,,
4426,Savage Epic Two Handed Hammer DF,2408,214,0,0,0,0,0,0,0,0,0,0,0,0,0,1,0,2,0,5,0,0,0,0,0,0,0,0,0,0,0,0,0,0,0,0,0,0,0,0,0,,0,,,,,,,,,,,,,,,,,,,,,,,,,,,,,,,,,,,,,,,,,,,,,,,,,489,85,,,
4427,Savage Epic Sword DF,2388,201,0,0,0,0,0,0,0,0,0,0,0,0,0,1,0,1,0,1,0,0,0,0,0,0,0,0,0,0,0,0,0,0,0,0,0,0,0,0,0,,0,,,,,,,,,,,,,,,,,,,,,,,,,,,,,,,,,,,,,,,,,,,,,,,,,490,,,,
4428,Savage Epic Two Handed Sword DF,2389,203,0,0,0,0,0,0,0,0,0,0,0,0,0,1,0,2,0,1,0,0,0,0,0,0,0,0,0,0,0,0,0,0,0,0,0,0,0,0,0,,0,,,,,,,,,,,,,,,,,,,,,,,,,,,,,,,,,,,,,,,,,,,,,,,,,491,90,,,
4429,Savage Epic Hand to Hand Slash DF,2397,233,0,0,0,0,0,0,0,0,0,0,0,0,0,0,1,13,0,1,0,0,0,0,0,0,0,0,0,0,0,0,0,0,0,0,0,0,0,0,0,,0,,,,,,,,,,,,,,,,,,,,,,,,,,,,,,,,,,,,,,,,,,,,,,,,,492,,,,
4430,Savage Epic Hand to Hand Crush DF,2397,233,0,0,0,0,0,0,0,0,0,0,0,0,0,0,1,13,0,1,0,0,0,0,0,0,0,0,0,0,0,0,0,0,0,0,0,0,0,0,0,,0,,,,,,,,,,,,,,,,,,,,,,,,,,,,,,,,,,,,,,,,,,,,,,,,,493,,,,
4431,Healer Epic Hammer DF,2428,210,0,0,0,0,0,0,0,0,0,0,0,0,0,1,0,1,0,5,0,0,0,0,0,0,0,0,0,0,0,0,0,0,0,0,0,0,0,0,0,,0,,,,,,,,,,,,,,,,,,,,,,,,,,,,,,,,,,,,,,,,,,,,,,,,,494,,,,
4432,Healer Epic Two Handed Hammer DF,2427,214,0,0,0,0,0,0,0,0,0,0,0,0,0,1,0,2,0,5,0,0,0,0,0,0,0,0,0,0,0,0,0,0,0,0,0,0,0,0,0,,0,,,,,,,,,,,,,,,,,,,,,,,,,,,,,,,,,,,,,,,,,,,,,,,,,495,125,,,
4433,Shaman Epic Hammer DF,2450,210,0,0,0,0,0,0,0,0,0,0,0,0,0,1,0,1,0,5,0,0,0,0,0,0,0,0,0,0,0,0,0,0,0,0,0,0,0,0,0,,0,,,,,,,,,,,,,,,,,,,,,,,,,,,,,,,,,,,,,,,,,,,,,,,,,496,,,,
4434,Shaman Epic Two Handed Hammer DF,2451,214,0,0,0,0,0,0,0,0,0,0,0,0,0,1,0,2,0,5,0,0,0,0,0,0,0,0,0,0,0,0,0,0,0,0,0,0,0,0,0,,0,,,,,,,,,,,,,,,,,,,,,,,,,,,,,,,,,,,,,,,,,,,,,,,,,497,125,,,
4435,Skald Epic Axe DF,2385,200,0,0,0,0,0,0,0,0,0,0,0,0,0,1,0,1,0,4,0,0,0,0,0,0,0,0,0,0,0,0,0,0,0,0,0,0,0,0,0,,0,,,,,,,,,,,,,,,,,,,,,,,,,,,,,,,,,,,,,,,,,,,,,,,,,498,,,,
4436,Skald Epic Two Handed Axe DF,2384,217,0,0,0,0,0,0,0,0,0,0,0,0,0,1,0,2,0,4,0,0,0,0,0,0,0,0,0,0,0,0,0,0,0,0,0,0,0,0,0,,0,,,,,,,,,,,,,,,,,,,,,,,,,,,,,,,,,,,,,,,,,,,,,,,,,499,,,,
4437,Skald Epic Hammer DF,2381,210,0,0,0,0,0,0,0,0,0,0,0,0,0,1,0,1,0,5,0,0,0,0,0,0,0,0,0,0,0,0,0,0,0,0,0,0,0,0,0,,0,,,,,,,,,,,,,,,,,,,,,,,,,,,,,,,,,,,,,,,,,,,,,,,,,500,,,,
4438,Skald Epic Two Handed Hammer DF,2382,214,0,0,0,0,0,0,0,0,0,0,0,0,0,1,0,2,0,5,0,0,0,0,0,0,0,0,0,0,0,0,0,0,0,0,0,0,0,0,0,,0,,,,,,,,,,,,,,,,,,,,,,,,,,,,,,,,,,,,,,,,,,,,,,,,,501,,,,
4439,Skald Epic Sword DF,2383,201,0,0,0,0,0,0,0,0,0,0,0,0,0,1,0,1,0,1,0,0,0,0,0,0,0,0,0,0,0,0,0,0,0,0,0,0,0,0,0,,0,,,,,,,,,,,,,,,,,,,,,,,,,,,,,,,,,,,,,,,,,,,,,,,,,502,,,,
4440,Skald Epic Two Handed Sword DF,2380,203,0,0,0,0,0,0,0,0,0,0,0,0,0,1,0,2,0,1,0,0,0,0,0,0,0,0,0,0,0,0,0,0,0,0,0,0,0,0,0,,0,,,,,,,,,,,,,,,,,,,,,,,,,,,,,,,,,,,,,,,,,,,,,,,,,503,,,,
4441,Thane Epic Axe DF,2403,200,0,0,0,0,0,0,0,0,0,0,0,0,0,1,0,1,0,4,0,0,0,0,0,0,0,0,0,0,0,0,0,0,0,0,0,0,0,0,0,,0,,,,,,,,,,,,,,,,,,,,,,,,,,,,,,,,,,,,,,,,,,,,,,,,,504,,,,
4442,Thane Epic Two Handed Axe DF,2404,217,0,0,0,0,0,0,0,0,0,0,0,0,0,1,0,2,0,4,0,0,0,0,0,0,0,0,0,0,0,0,0,0,0,0,0,0,0,0,0,,0,,,,,,,,,,,,,,,,,,,,,,,,,,,,,,,,,,,,,,,,,,,,,,,,,505,,,,
4443,Thane Epic Hammer DF,2405,210,0,0,0,0,0,0,0,0,0,0,0,0,0,1,0,1,0,5,0,0,0,0,0,0,0,0,0,0,0,0,0,0,0,0,0,0,0,0,0,,0,,,,,,,,,,,,,,,,,,,,,,,,,,,,,,,,,,,,,,,,,,,,,,,,,506,,,,
4444,Thane Epic Two Handed Hammer DF,2406,214,0,0,0,0,0,0,0,0,0,0,0,0,0,1,0,2,0,5,0,0,0,0,0,0,0,0,0,0,0,0,0,0,0,0,0,0,0,0,0,,0,,,,,,,,,,,,,,,,,,,,,,,,,,,,,,,,,,,,,,,,,,,,,,,,,507,110,,,
4445,Thane Epic Sword DF,2401,201,0,0,0,0,0,0,0,0,0,0,0,0,0,1,0,1,0,1,0,0,0,0,0,0,0,0,0,0,0,0,0,0,0,0,0,0,0,0,0,,0,,,,,,,,,,,,,,,,,,,,,,,,,,,,,,,,,,,,,,,,,,,,,,,,,508,,,,
4446,Thane Epic Two Handed Sword DF,2402,203,0,0,0,0,0,0,0,0,0,0,0,0,0,1,0,2,0,1,0,0,0,0,0,0,0,0,0,0,0,0,0,0,0,0,0,0,0,0,0,,0,,,,,,,,,,,,,,,,,,,,,,,,,,,,,,,,,,,,,,,,,,,,,,,,,509,140,,,
4447,Warrior Epic Axe DF,2363,200,0,0,0,0,0,0,0,0,0,0,0,0,0,1,0,1,0,4,0,0,0,0,0,0,0,0,0,0,0,0,0,0,0,0,0,0,0,0,0,,0,,,,,,,,,,,,,,,,,,,,,,,,,,,,,,,,,,,,,,,,,,,,,,,,,510,90,,,
4448,Warrior Epic Two Handed Axe DF,2364,217,0,0,0,0,0,0,0,0,0,0,0,0,0,1,0,2,0,4,0,0,0,0,0,0,0,0,0,0,0,0,0,0,0,0,0,0,0,0,0,,0,,,,,,,,,,,,,,,,,,,,,,,,,,,,,,,,,,,,,,,,,,,,,,,,,511,,,,
4449,Warrior Epic Hammer DF,2361,210,0,0,0,0,0,0,0,0,0,0,0,0,0,1,0,1,0,5,0,0,0,0,0,0,0,0,0,0,0,0,0,0,0,0,0,0,0,0,0,,0,,,,,,,,,,,,,,,,,,,,,,,,,,,,,,,,,,,,,,,,,,,,,,,,,512,90,,,
4450,Warrior Epic Two Handed Hammer DF,2362,214,0,0,0,0,0,0,0,0,0,0,0,0,0,1,0,2,0,5,0,0,0,0,0,0,0,0,0,0,0,0,0,0,0,0,0,0,0,0,0,,0,,,,,,,,,,,,,,,,,,,,,,,,,,,,,,,,,,,,,,,,,,,,,,,,,513,,,,
4451,Warrior Epic Sword DF,2359,201,0,0,0,0,0,0,0,0,0,0,0,0,0,1,0,1,0,1,0,0,0,0,0,0,0,0,0,0,0,0,0,0,0,0,0,0,0,0,0,,0,,,,,,,,,,,,,,,,,,,,,,,,,,,,,,,,,,,,,,,,,,,,,,,,,514,90,,,
4452,Warrior Epic Two Handed Sword DF,2360,203,0,0,0,0,0,0,0,0,0,0,0,0,0,1,0,2,0,1,0,0,0,0,0,0,0,0,0,0,0,0,0,0,0,0,0,0,0,0,0,,0,,,,,,,,,,,,,,,,,,,,,,,,,,,,,,,,,,,,,,,,,,,,,,,,,515,,,,
4453,Valkyrie Epic Sword DF,2399,201,0,0,0,0,0,0,0,0,0,0,0,0,0,1,0,1,0,1,0,0,0,0,0,0,0,0,0,0,0,0,0,0,0,0,0,0,0,0,0,,0,,,,,,,,,,,,,,,,,,,,,,,,,,,,,,,,,,,,,,,,,,,,,,,,,516,,,,
4454,Valkyrie Epic Two Handed Sword DF,2400,203,0,0,0,0,0,0,0,0,0,0,0,0,0,1,0,2,0,1,0,0,0,0,0,0,0,0,0,0,0,0,0,0,0,0,0,0,0,0,0,,0,,,,,,,,,,,,,,,,,,,,,,,,,,,,,,,,,,,,,,,,,,,,,,,,,517,130,,,
4455,Valkyrie Epic Spear Thrust DF,2398,207,0,0,0,0,0,0,0,0,0,0,0,0,0,0,0,3,2,21,0,0,0,0,0,0,0,0,0,0,0,0,0,0,0,0,0,0,0,0,0,,0,,,,,,,,,,,,,,,,,,,,,,,,,,,,,,,,,,,,,,,,,,,,,,,,,518,,,,
4456,Valkyrie Epic Spear Slash DF,2398,207,0,0,0,0,0,0,0,0,0,0,0,0,0,0,0,3,2,21,0,0,0,0,0,0,0,0,0,0,0,0,0,0,0,0,0,0,0,0,0,,0,,,,,,,,,,,,,,,,,,,,,,,,,,,,,,,,,,,,,,,,,,,,,,,,,519,,,,
4457,Hunter Epic Longbow DF,2415,223,0,0,0,0,0,0,0,0,0,0,0,0,0,0,0,5,1,7,5675,0,0,0,0,0,0,0,0,0,0,0,0,0,0,0,0,0,0,0,0,,0,,,,,,,,,,,,,,,,,,,,,,,,,,,,,,,,,,,,,,,,,,,,,,,,,479,,,,
4458,Hib Mauler Champion Staff DF,2462,209,0,0,0,0,0,0,0,0,0,0,0,0,0,0,0,4,1,6,0,0,0,0,0,0,0,0,0,0,0,0,0,0,0,0,0,0,0,0,0,,0,,,,,,,,,,,,,,,,,,,,,,,,,,,,,,,,,,,,,,,,,,,,,,,,,524,,,,
4459,Hib Mauler Champion Glove DF,2463,2546,0,0,0,0,0,0,0,0,0,0,0,0,0,0,1,13,0,1,0,0,0,0,0,0,0,0,0,0,0,0,0,0,0,0,0,0,0,0,0,,0,,,,,,,,,,,,,,,,,,,,,,,,,,,,,,,,,,,,,,,,,,,,,,,,,523,,,,
4460,Alb Mauler Champion Staff DF,2465,209,0,0,0,0,0,0,0,0,0,0,0,0,0,0,0,4,1,6,0,0,0,0,0,0,0,0,0,0,0,0,0,0,0,0,0,0,0,0,0,,0,,,,,,,,,,,,,,,,,,,,,,,,,,,,,,,,,,,,,,,,,,,,,,,,,522,,,,
4461,Alb Mauler Champion Glove DF,2464,2546,0,0,0,0,0,0,0,0,0,0,0,0,0,0,1,13,0,1,0,0,0,0,0,0,0,0,0,0,0,0,0,0,0,0,0,0,0,0,0,,0,,,,,,,,,,,,,,,,,,,,,,,,,,,,,,,,,,,,,,,,,,,,,,,,,521,,,,
4462,Mid Mauler Champion Staff DF,2466,209,0,0,0,0,0,0,0,0,0,0,0,0,0,0,0,4,1,6,0,0,0,0,0,0,0,0,0,0,0,0,0,0,0,0,0,0,0,0,0,,0,,,,,,,,,,,,,,,,,,,,,,,,,,,,,,,,,,,,,,,,,,,,,,,,,520,,,,
4463,Mid Mauler Champion Glove DF,2467,2546,0,0,0,0,0,0,0,0,0,0,0,0,0,0,1,13,0,1,0,0,0,0,0,0,0,0,0,0,0,0,0,0,0,0,0,0,0,0,0,,0,,,,,,,,,,,,,,,,,,,,,,,,,,,,,,,,,,,,,,,,,,,,,,,,,525,,,,
4464,VFX Test Cloak,1,119,,,,,,,,362,,,,,1,,,,,,,,,,,,,,,,,,,,,,,,,,,,,,,,,,,,,,,,,,,,,,,,,,,,,,,,5662,,,,,,2468,,,,,,,,,,,,,,,518,,,,
4465,VFX Test Tiara - Mid,536,591,0,0,0,0,0,0,0,0,2146,1,0,0,0,0,0,0,0,0,2146,0,536,0,0,0,541,542,0,0,0,0,0,0,0,0,0,0,0,0,0,,0,,,,,,,,,,,,,,,,,,,,,,,,,,,,,,,,,,,1541,1540,1535,1534,1539,1538,1543,1542,1545,1544,1537,1536,5017,,518,,,,
4466,Blue crystal rocks,2469,155,0,0,0,0,0,0,0,0,0,0,0,0,0,1,0,2,0,1,0,0,0,0,0,0,0,0,0,0,0,0,0,0,0,0,0,0,0,0,0,,0,,,,,,,,,,,,,,,,,,,,,,,,,,,,,,,,,,,,,,,,,,,,,,,,,,,,,
4467,Alb 2H Blunt Body,875,4221,0,0,0,0,0,0,0,0,0,0,0,0,0,1,0,2,2,5,5675,0,0,0,0,0,0,0,0,0,0,0,0,0,0,0,0,0,0,0,0,,0,,,,,2595,2596,5680,,,,,,,,,,,,,,,,,,,,,,,,,,,,,,,,,,,,,,,,,,,,,,
4468,Alb 2H Blunt Energy,875,4222,0,0,0,0,0,0,0,0,0,0,0,0,0,1,0,2,2,5,5676,0,0,0,0,0,0,0,0,0,0,0,0,0,0,0,0,0,0,0,0,,0,,,,,2595,2596,5679,,,,,,,,,,,,,,,,,,,,,,,,,,,,,,,,,,,,,,,,,,,,,,
4469,Alb 2H Thrust Body,876,4223,0,0,0,0,0,0,0,0,0,0,0,0,0,1,0,2,2,1,5675,0,0,0,0,0,0,0,0,0,0,0,0,0,0,0,0,0,0,0,0,,0,,,,,2595,2596,5680,,,,,,,,,,,,,,,,,,,,,,,,,,,,,,,,,,,,,,,,,,,,,,
4470,Alb 2H Thrust Energy,876,4224,0,0,0,0,0,0,0,0,0,0,0,0,0,1,0,2,2,1,5676,0,0,0,0,0,0,0,0,0,0,0,0,0,0,0,0,0,0,0,0,,0,,,,,2595,2596,5679,,,,,,,,,,,,,,,,,,,,,,,,,,,,,,,,,,,,,,,,,,,,,,
4471,Alb 2H Slash Body,877,4225,0,0,0,0,0,0,0,0,0,0,0,0,0,1,0,2,2,1,5675,0,0,0,0,0,0,0,0,0,0,0,0,0,0,0,0,0,0,0,0,,0,,,,,2595,2596,5680,,,,,,,,,,,,,,,,,,,,,,,,,,,,,,,,,,,,,,,,,,,,,,
4472,Alb 2H Slash Energy,877,4226,0,0,0,0,0,0,0,0,0,0,0,0,0,1,0,2,2,1,5676,0,0,0,0,0,0,0,0,0,0,0,0,0,0,0,0,0,0,0,0,,0,,,,,2595,2596,5679,,,,,,,,,,,,,,,,,,,,,,,,,,,,,,,,,,,,,,,,,,,,,,
4473,Alb Saracen Short Bow Body,2494,4227,0,0,0,0,0,0,0,0,0,0,0,0,0,0,0,5,1,7,0,0,0,0,0,0,0,0,0,0,0,0,0,0,0,0,0,0,0,0,0,,0,,,,,2595,2596,5680,,,,,,,,,,,,,,,,,,,,,,,,,,,,,,,,,,,,,,,,,,,,,,
4474,Alb Saracen Short Bow Energy,79,4228,0,0,0,0,0,0,0,0,0,0,0,0,0,0,0,5,1,7,0,0,0,0,0,0,0,0,0,0,0,0,0,0,0,0,0,0,0,0,0,,0,,,,,2595,2596,5679,,,,,,,,,,,,,,,,,,,,,,,,,,,,,,,,,,,,,,,,,,,,,,
4475,Alb Thorn Bow body,2499,4229,0,0,0,0,0,0,0,0,0,0,0,0,0,0,0,5,1,7,0,0,0,0,0,0,0,0,0,0,0,0,0,0,0,0,0,0,0,0,0,,0,,,,,2595,2596,5680,,,,,,,,,,,,,,,,,,,,,,,,,,,,,,,,,,,,,,,,,,,,,,
4476,Alb Thorn Bow Energy,2223,4230,0,0,0,0,0,0,0,0,0,0,0,0,0,0,0,5,1,7,0,0,0,0,0,0,0,0,0,0,0,0,0,0,0,0,0,0,0,0,0,,0,,,,,2595,2596,5679,,,,,,,,,,,,,,,,,,,,,,,,,,,,,,,,,,,,,,,,,,,,,,
4477,Alb BishopsMace body,880,4231,0,0,0,0,0,0,0,0,0,0,0,0,0,1,0,1,0,5,5675,0,0,0,0,0,0,0,0,0,0,0,0,0,0,0,0,0,0,0,0,,0,,,,,2595,2596,5680,,,,,,,,,,,,,,,,,,,,,,,,,,,,,,,,,,,,,,,,,,,,,,
4478,Alb BishopsMace Energy,880,4232,0,0,0,0,0,0,0,0,0,0,0,0,0,1,0,1,0,5,5676,0,0,0,0,0,0,0,0,0,0,0,0,0,0,0,0,0,0,0,0,,0,,,,,2595,2596,5679,,,,,,,,,,,,,,,,,,,,,,,,,,,,,,,,,,,,,,,,,,,,,,
4479,Alb Coffin Mace body,881,4233,0,0,0,0,0,0,0,0,0,0,0,0,0,1,0,1,0,5,5675,0,0,0,0,0,0,0,0,0,0,0,0,0,0,0,0,0,0,0,0,,0,,,,,2595,2596,5680,,,,,,,,,,,,,,,,,,,,,,,,,,,,,,,,,,,,,,,,,,,,,,
4480,Alb Coffin Mace Energy,881,4234,0,0,0,0,0,0,0,0,0,0,0,0,0,1,0,1,0,5,5676,0,0,0,0,0,0,0,0,0,0,0,0,0,0,0,0,0,0,0,0,,0,,,,,2595,2596,5679,,,,,,,,,,,,,,,,,,,,,,,,,,,,,,,,,,,,,,,,,,,,,,
4481,Alb Flex Spiked Flail body,882,4235,0,0,0,0,0,0,0,0,0,0,0,0,0,1,0,10,0,20,5675,0,0,0,0,0,0,0,0,0,0,0,0,0,0,0,0,0,0,0,0,,0,,,,,2595,2596,5680,,,,,,,,,,,,,,,,,,,,,,,,,,,,,,,,,,,,,,,,,,,,,,
4482,Alb Flex Spiked Flail Energy,882,4236,0,0,0,0,0,0,0,0,0,0,0,0,0,1,0,10,0,20,5676,0,0,0,0,0,0,0,0,0,0,0,0,0,0,0,0,0,0,0,0,,0,,,,,2595,2596,5679,,,,,,,,,,,,,,,,,,,,,,,,,,,,,,,,,,,,,,,,,,,,,,
4483,Alb Flex Spiked Whip body,1023,4237,0,0,0,0,0,0,0,0,0,0,0,0,0,1,0,11,0,1,5675,0,0,0,0,0,0,0,0,0,0,0,0,0,0,0,0,0,0,0,0,,0,,,,,2595,2596,5680,,,,,,,,,,,,,,,,,,,,,,,,,,,,,,,,,,,,,,,,,,,,,,
4484,Alb Flex Spiked Whip Energy,1023,4238,0,0,0,0,0,0,0,0,0,0,0,0,0,1,0,11,0,1,5676,0,0,0,0,0,0,0,0,0,0,0,0,0,0,0,0,0,0,0,0,,0,,,,,2595,2596,5679,,,,,,,,,,,,,,,,,,,,,,,,,,,,,,,,,,,,,,,,,,,,,,
4485,Alb Military Fork Body,884,4239,0,0,0,0,0,0,0,0,0,0,0,0,0,0,0,3,2,21,5675,0,0,0,0,0,0,0,0,0,0,0,0,0,0,0,0,0,0,0,0,,0,,,,,2595,2596,5680,,,,,,,,,,,,,,,,,,,,,,,,,,,,,,,,,,,,,,,,,,,,,,
4486,Alb Military Fork Energy,884,4240,0,0,0,0,0,0,0,0,0,0,0,0,0,0,0,3,2,21,5676,0,0,0,0,0,0,0,0,0,0,0,0,0,0,0,0,0,0,0,0,,0,,,,,2595,2596,5679,,,,,,,,,,,,,,,,,,,,,,,,,,,,,,,,,,,,,,,,,,,,,,
4487,Alb Saracen Glaive Body,885,4241,0,0,0,0,0,0,0,0,0,0,0,0,0,0,0,3,2,21,5675,0,0,0,0,0,0,0,0,0,0,0,0,0,0,0,0,0,0,0,0,,0,,,,,2595,2596,5680,,,,,,,,,,,,,,,,,,,,,,,,,,,,,,,,,,,,,,,,,,,,,,
4488,Alb Saracen Glaive Energy,885,4242,0,0,0,0,0,0,0,0,0,0,0,0,0,0,0,3,2,21,5676,0,0,0,0,0,0,0,0,0,0,0,0,0,0,0,0,0,0,0,0,,0,,,,,2595,2596,5679,,,,,,,,,,,,,,,,,,,,,,,,,,,,,,,,,,,,,,,,,,,,,,
4489,Alb Tall Hammer Body,886,4243,0,0,0,0,0,0,0,0,0,0,0,0,0,0,0,3,2,5,5675,0,0,0,0,0,0,0,0,0,0,0,0,0,0,0,0,0,0,0,0,,0,,,,,2595,2596,5680,,,,,,,,,,,,,,,,,,,,,,,,,,,,,,,,,,,,,,,,,,,,,,
4490,Alb Tall Hammer Energy,886,4244,0,0,0,0,0,0,0,0,0,0,0,0,0,0,0,3,2,5,5676,0,0,0,0,0,0,0,0,0,0,0,0,0,0,0,0,0,0,0,0,,0,,,,,2595,2596,5679,,,,,,,,,,,,,,,,,,,,,,,,,,,,,,,,,,,,,,,,,,,,,,
4491,Alb Cinquedea Body,887,4245,0,0,0,0,0,0,0,0,0,0,0,0,0,1,0,1,0,1,5675,0,0,0,0,0,0,0,0,0,0,0,0,0,0,0,0,0,0,0,0,,0,,,,,2595,2596,5680,,,,,,,,,,,,,,,,,,,,,,,,,,,,,,,,,,,,,,,,,,,,,,
4492,Alb Cinquedea Energy,887,4246,0,0,0,0,0,0,0,0,0,0,0,0,0,1,0,1,0,1,5676,0,0,0,0,0,0,0,0,0,0,0,0,0,0,0,0,0,0,0,0,,0,,,,,2595,2596,5679,,,,,,,,,,,,,,,,,,,,,,,,,,,,,,,,,,,,,,,,,,,,,,
4493,Alb Falchion Body,888,4247,0,0,0,0,0,0,0,0,0,0,0,0,0,1,0,1,0,1,5675,0,0,0,0,0,0,0,0,0,0,0,0,0,0,0,0,0,0,0,0,,0,,,,,2595,2596,5680,,,,,,,,,,,,,,,,,,,,,,,,,,,,,,,,,,,,,,,,,,,,,,
4494,Alb Falchion Energy,888,4248,0,0,0,0,0,0,0,0,0,0,0,0,0,1,0,1,0,1,5676,0,0,0,0,0,0,0,0,0,0,0,0,0,0,0,0,0,0,0,0,,0,,,,,2595,2596,5679,,,,,,,,,,,,,,,,,,,,,,,,,,,,,,,,,,,,,,,,,,,,,,
4495,Alb Spiked Staff Mace Body,889,4249,0,0,0,0,0,0,0,0,0,0,0,0,0,0,0,4,1,6,5675,0,0,0,0,0,0,0,0,0,0,0,0,0,0,0,0,0,0,0,0,,0,,,,,2595,2596,5680,,,,,,,,,,,,,,,,,,,,,,,,,,,,,,,,,,,,,,,,,,,,,,
4496,Alb Spiked Staff Mace Energy,889,4250,0,0,0,0,0,0,0,0,0,0,0,0,0,0,0,4,1,6,5676,0,0,0,0,0,0,0,0,0,0,0,0,0,0,0,0,0,0,0,0,,0,,,,,2595,2596,5679,,,,,,,,,,,,,,,,,,,,,,,,,,,,,,,,,,,,,,,,,,,,,,
4497,Alb Duelists Dagger Body,890,4251,0,0,0,0,0,0,0,0,0,0,0,0,0,1,0,1,0,21,5675,0,0,0,0,0,0,0,0,0,0,0,0,0,0,0,0,0,0,0,0,,0,,,,,2595,2596,5680,,,,,,,,,,,,,,,,,,,,,,,,,,,,,,,,,,,,,,,,,,,,,,
4498,Alb Duelists Dagger Energy,890,4252,0,0,0,0,0,0,0,0,0,0,0,0,0,1,0,1,0,21,5676,0,0,0,0,0,0,0,0,0,0,0,0,0,0,0,0,0,0,0,0,,0,,,,,2595,2596,5679,,,,,,,,,,,,,,,,,,,,,,,,,,,,,,,,,,,,,,,,,,,,,,
4499,Alb Duelists Rapier Body,891,4253,0,0,0,0,0,0,0,0,0,0,0,0,0,1,0,1,0,1,5675,0,0,0,0,0,0,0,0,0,0,0,0,0,0,0,0,0,0,0,0,,0,,,,,2595,2596,5680,,,,,,,,,,,,,,,,,,,,,,,,,,,,,,,,,,,,,,,,,,,,,,
4500,Alb Duelists Rapier Energy,891,4254,0,0,0,0,0,0,0,0,0,0,0,0,0,1,0,1,0,1,5676,0,0,0,0,0,0,0,0,0,0,0,0,0,0,0,0,0,0,0,0,,0,,,,,2595,2596,5679,,,,,,,,,,,,,,,,,,,,,,,,,,,,,,,,,,,,,,,,,,,,,,
4501,Alb Xbo Skinners Crossbow Body,2498,4255,0,0,0,0,0,0,0,0,0,0,0,0,0,0,0,6,1,3,0,0,0,0,0,0,0,0,0,0,0,0,0,0,0,0,0,0,0,0,0,,0,,,,,2595,2596,5680,,,,,,,,,,,,,,,,,,,,,,,,,,,,,,,,,,,,,,,,,,,,,,
4502,Alb Xbo Skinners Crossbow Energy,2222,4256,0,0,0,0,0,0,0,0,0,0,0,0,0,0,0,6,1,3,0,0,0,0,0,0,0,0,0,0,0,0,0,0,0,0,0,0,0,0,0,,0,,,,,2595,2596,5679,,,,,,,,,,,,,,,,,,,,,,,,,,,,,,,,,,,,,,,,,,,,,,
4503,Albion Mage Staff 01 Body,893,4257,0,0,0,0,0,0,0,0,0,0,0,0,0,0,0,4,1,6,5675,0,0,0,0,0,0,0,0,0,0,0,0,0,0,0,0,0,0,0,0,,0,,,,,2595,2596,5680,,,,,,,,,,,,,,,,,,,,,,,,,,,,,,,,,,,,,,,,,,,,,,
4504,Albion Mage Staff 01 Energy,893,4258,0,0,0,0,0,0,0,0,0,0,0,0,0,0,0,4,1,6,5676,0,0,0,0,0,0,0,0,0,0,0,0,0,0,0,0,0,0,0,0,,0,,,,,2595,2596,5679,,,,,,,,,,,,,,,,,,,,,,,,,,,,,,,,,,,,,,,,,,,,,,
4505,Hib Elven Firbolg L Sword Body,894,4259,0,0,0,0,0,0,0,0,0,0,0,0,0,1,0,1,0,1,5677,0,0,0,0,0,0,0,0,0,0,0,0,0,0,0,0,0,0,0,0,,0,,,,,2607,2608,5680,,,,,,,,,,,,,,,,,,,,,,,,,,,,,,,,,,,,,,,,,,,,,,
4506,Hib Elven Firbolg L Sword Energy,894,4260,0,0,0,0,0,0,0,0,0,0,0,0,0,1,0,1,0,1,5678,0,0,0,0,0,0,0,0,0,0,0,0,0,0,0,0,0,0,0,0,,0,,,,,2607,2608,5679,,,,,,,,,,,,,,,,,,,,,,,,,,,,,,,,,,,,,,,,,,,,,,
4507,Hib Elven Firbolg S Sword Body,895,4261,0,0,0,0,0,0,0,0,0,0,0,0,0,1,0,1,0,1,5677,0,0,0,0,0,0,0,0,0,0,0,0,0,0,0,0,0,0,0,0,,0,,,,,2607,2608,5680,,,,,,,,,,,,,,,,,,,,,,,,,,,,,,,,,,,,,,,,,,,,,,
4508,Hib Elven Firbolg S Sword Energy,895,4262,0,0,0,0,0,0,0,0,0,0,0,0,0,1,0,1,0,1,5678,0,0,0,0,0,0,0,0,0,0,0,0,0,0,0,0,0,0,0,0,,0,,,,,2607,2608,5679,,,,,,,,,,,,,,,,,,,,,,,,,,,,,,,,,,,,,,,,,,,,,,
4509,Hib 2H Firbolg Hammer Body,896,4263,0,0,0,0,0,0,0,0,0,0,0,0,0,1,0,2,2,5,5677,0,0,0,0,0,0,0,0,0,0,0,0,0,0,0,0,0,0,0,0,,0,,,,,2607,2608,5680,,,,,,,,,,,,,,,,,,,,,,,,,,,,,,,,,,,,,,,,,,,,,,
4510,Hib 2H Firbolg Hammer Energy,896,4264,0,0,0,0,0,0,0,0,0,0,0,0,0,1,0,2,2,5,5678,0,0,0,0,0,0,0,0,0,0,0,0,0,0,0,0,0,0,0,0,,0,,,,,2607,2608,5679,,,,,,,,,,,,,,,,,,,,,,,,,,,,,,,,,,,,,,,,,,,,,,
4511,Hib 2H Firbolg Troll Splitter Body,897,4265,0,0,0,0,0,0,0,0,0,0,0,0,0,1,0,2,2,1,5677,0,0,0,0,0,0,0,0,0,0,0,0,0,0,0,0,0,0,0,0,,0,,,,,2607,2608,5680,,,,,,,,,,,,,,,,,,,,,,,,,,,,,,,,,,,,,,,,,,,,,,
4512,Hib 2H Firbolg Troll Splitter Energy,897,4266,0,0,0,0,0,0,0,0,0,0,0,0,0,1,0,2,2,1,5678,0,0,0,0,0,0,0,0,0,0,0,0,0,0,0,0,0,0,0,0,,0,,,,,2607,2608,5679,,,,,,,,,,,,,,,,,,,,,,,,,,,,,,,,,,,,,,,,,,,,,,
4513,Hib Celtic Hammer Body,898,4267,0,0,0,0,0,0,0,0,0,0,0,0,0,1,0,1,0,5,5677,0,0,0,0,0,0,0,0,0,0,0,0,0,0,0,0,0,0,0,0,,0,,,,,2607,2608,5680,,,,,,,,,,,,,,,,,,,,,,,,,,,,,,,,,,,,,,,,,,,,,,
4514,Hib Celtic Hammer Energy,898,4268,0,0,0,0,0,0,0,0,0,0,0,0,0,1,0,1,0,5,5678,0,0,0,0,0,0,0,0,0,0,0,0,0,0,0,0,0,0,0,0,,0,,,,,2607,2608,5679,,,,,,,,,,,,,,,,,,,,,,,,,,,,,,,,,,,,,,,,,,,,,,
4515,Hib Firbolg Hammer Body,899,4269,0,0,0,0,0,0,0,0,0,0,0,0,0,1,0,1,0,5,5677,0,0,0,0,0,0,0,0,0,0,0,0,0,0,0,0,0,0,0,0,,0,,,,,2607,2608,5680,,,,,,,,,,,,,,,,,,,,,,,,,,,,,,,,,,,,,,,,,,,,,,
4516,Hib Firbolg Hammer Energy,899,4270,0,0,0,0,0,0,0,0,0,0,0,0,0,1,0,1,0,5,5678,0,0,0,0,0,0,0,0,0,0,0,0,0,0,0,0,0,0,0,0,,0,,,,,2607,2608,5679,,,,,,,,,,,,,,,,,,,,,,,,,,,,,,,,,,,,,,,,,,,,,,
4517,Hib Elven Long Bow Body,2497,4271,0,0,0,0,0,0,0,0,0,0,0,0,0,0,0,5,1,7,0,0,0,0,0,0,0,0,0,0,0,0,0,0,0,0,0,0,0,0,0,,0,,,,,2607,2608,5680,,,,,,,,,,,,,,,,,,,,,,,,,,,,,,,,,,,,,,,,,,,,,,
4518,Hib Elven Long Bow Energy,81,4272,0,0,0,0,0,0,0,0,0,0,0,0,0,0,0,5,1,7,0,0,0,0,0,0,0,0,0,0,0,0,0,0,0,0,0,0,0,0,0,,0,,,,,2607,2608,5679,,,,,,,,,,,,,,,,,,,,,,,,,,,,,,,,,,,,,,,,,,,,,,
4519,Hib Elven Short Bow Body,2496,4273,0,0,0,0,0,0,0,0,0,0,0,0,0,0,0,5,1,7,0,0,0,0,0,0,0,0,0,0,0,0,0,0,0,0,0,0,0,0,0,,0,,,,,2607,2608,5680,,,,,,,,,,,,,,,,,,,,,,,,,,,,,,,,,,,,,,,,,,,,,,
4520,Hib Elven Short Bow Energy,82,4274,0,0,0,0,0,0,0,0,0,0,0,0,0,0,0,5,1,7,0,0,0,0,0,0,0,0,0,0,0,0,0,0,0,0,0,0,0,0,0,,0,,,,,2607,2608,5679,,,,,,,,,,,,,,,,,,,,,,,,,,,,,,,,,,,,,,,,,,,,,,
4521,Hib Firbolg Scythe Body,902,4275,0,0,0,0,0,0,0,0,0,0,0,0,0,0,0,14,0,2,5677,0,0,0,0,0,0,0,0,0,0,0,0,0,0,0,0,0,0,0,0,,0,,,,,2607,2608,5680,,,,,,,,,,,,,,,,,,,,,,,,,,,,,,,,,,,,,,,,,,,,,,
4522,Hib Firbolg Scythe Energy,902,4276,0,0,0,0,0,0,0,0,0,0,0,0,0,0,0,14,0,2,5678,0,0,0,0,0,0,0,0,0,0,0,0,0,0,0,0,0,0,0,0,,0,,,,,2607,2608,5679,,,,,,,,,,,,,,,,,,,,,,,,,,,,,,,,,,,,,,,,,,,,,,
4523,Hib Firbolg Spear Body,903,4277,0,0,0,0,0,0,0,0,0,0,0,0,0,0,0,3,2,21,5677,0,0,0,0,0,0,0,0,0,0,0,0,0,0,0,0,0,0,0,0,,0,,,,,2608,2607,5680,,,,,,,,,,,,,,,,,,,,,,,,,,,,,,,,,,,,,,,,,,,,,,
4524,Hib Firbolg Spear Energy,903,4278,0,0,0,0,0,0,0,0,0,0,0,0,0,0,0,3,2,21,5678,0,0,0,0,0,0,0,0,0,0,0,0,0,0,0,0,0,0,0,0,,0,,,,,2608,2607,5679,,,,,,,,,,,,,,,,,,,,,,,,,,,,,,,,,,,,,,,,,,,,,,
4525,Hib Firbolg Adze Body,904,4279,0,0,0,0,0,0,0,0,0,0,0,0,0,1,0,1,0,1,5677,0,0,0,0,0,0,0,0,0,0,0,0,0,0,0,0,0,0,0,0,,0,,,,,2608,2607,5680,,,,,,,,,,,,,,,,,,,,,,,,,,,,,,,,,,,,,,,,,,,,,,
4526,Hib Firbolg Adze Energy,904,4280,0,0,0,0,0,0,0,0,0,0,0,0,0,1,0,1,0,1,5678,0,0,0,0,0,0,0,0,0,0,0,0,0,0,0,0,0,0,0,0,,0,,,,,2608,2607,5679,,,,,,,,,,,,,,,,,,,,,,,,,,,,,,,,,,,,,,,,,,,,,,
4527,Hib War Adze Body,905,4281,0,0,0,0,0,0,0,0,0,0,0,0,0,1,0,1,0,1,5677,0,0,0,0,0,0,0,0,0,0,0,0,0,0,0,0,0,0,0,0,,0,,,,,2607,2608,5680,,,,,,,,,,,,,,,,,,,,,,,,,,,,,,,,,,,,,,,,,,,,,,
4528,Hib War Adze Energy,905,4282,0,0,0,0,0,0,0,0,0,0,0,0,0,1,0,1,0,1,5678,0,0,0,0,0,0,0,0,0,0,0,0,0,0,0,0,0,0,0,0,,0,,,,,2607,2608,5679,,,,,,,,,,,,,,,,,,,,,,,,,,,,,,,,,,,,,,,,,,,,,,
4529,Hib Staff 06 Body,906,4283,0,0,0,0,0,0,0,0,0,0,0,0,0,0,0,4,1,6,5677,0,0,0,0,0,0,0,0,0,0,0,0,0,0,0,0,0,0,0,0,,0,,,,,2607,2608,5680,,,,,,,,,,,,,,,,,,,,,,,,,,,,,,,,,,,,,,,,,,,,,,
4530,Hib Staff 06 Energy,906,4284,0,0,0,0,0,0,0,0,0,0,0,0,0,0,0,4,1,6,5678,0,0,0,0,0,0,0,0,0,0,0,0,0,0,0,0,0,0,0,0,,0,,,,,2607,2608,5679,,,,,,,,,,,,,,,,,,,,,,,,,,,,,,,,,,,,,,,,,,,,,,
4531,GreatBladedClawGreave Body,907,4285,0,0,0,0,0,0,0,0,0,0,0,0,0,0,1,13,0,1,5673,0,0,0,0,0,0,0,0,0,0,0,0,0,0,0,0,0,0,0,0,,0,,,,,2601,2602,5680,,,,,,,,,,,,,,,,,,,,,,,,,,,,,,,,,,,,,,,,,,,,,,
4532,GreatBladedClawGreave Energy,907,4286,0,0,0,0,0,0,0,0,0,0,0,0,0,0,1,13,0,1,5674,0,0,0,0,0,0,0,0,0,0,0,0,0,0,0,0,0,0,0,0,,0,,,,,2601,2602,5679,,,,,,,,,,,,,,,,,,,,,,,,,,,,,,,,,,,,,,,,,,,,,,
4533,GreatBladedFangGreave Body,908,4287,0,0,0,0,0,0,0,0,0,0,0,0,0,0,1,13,0,1,5673,0,0,0,0,0,0,0,0,0,0,0,0,0,0,0,0,0,0,0,0,,0,,,,,2601,2602,5680,,,,,,,,,,,,,,,,,,,,,,,,,,,,,,,,,,,,,,,,,,,,,,
4534,GreatBladedFangGreave Energy,908,4288,0,0,0,0,0,0,0,0,0,0,0,0,0,0,1,13,0,1,5674,0,0,0,0,0,0,0,0,0,0,0,0,0,0,0,0,0,0,0,0,,0,,,,,2601,2602,5679,,,,,,,,,,,,,,,,,,,,,,,,,,,,,,,,,,,,,,,,,,,,,,
4535,Dwarven 1H War Body,909,4289,0,0,0,0,0,0,0,0,0,0,0,0,0,1,0,1,0,4,5673,0,0,0,0,0,0,0,0,0,0,0,0,0,0,0,0,0,0,0,0,,0,,,,,2601,2602,5680,,,,,,,,,,,,,,,,,,,,,,,,,,,,,,,,,,,,,,,,,,,,,,
4536,Dwarven 1H War Energy,909,4290,0,0,0,0,0,0,0,0,0,0,0,0,0,1,0,1,0,4,5674,0,0,0,0,0,0,0,0,0,0,0,0,0,0,0,0,0,0,0,0,,0,,,,,2601,2602,5679,,,,,,,,,,,,,,,,,,,,,,,,,,,,,,,,,,,,,,,,,,,,,,
4537,Troll 1H Broad Sword Body,910,4291,0,0,0,0,0,0,0,0,0,0,0,0,0,1,0,1,0,1,5673,0,0,0,0,0,0,0,0,0,0,0,0,0,0,0,0,0,0,0,0,,0,,,,,2601,2602,5680,,,,,,,,,,,,,,,,,,,,,,,,,,,,,,,,,,,,,,,,,,,,,,
4538,Troll 1H Broad Sword Energy,910,4292,0,0,0,0,0,0,0,0,0,0,0,0,0,1,0,1,0,1,5674,0,0,0,0,0,0,0,0,0,0,0,0,0,0,0,0,0,0,0,0,,0,,,,,2601,2602,5679,,,,,,,,,,,,,,,,,,,,,,,,,,,,,,,,,,,,,,,,,,,,,,
4539,Troll 1H War Axe Body,911,4293,0,0,0,0,0,0,0,0,0,0,0,0,0,1,0,1,0,4,5673,0,0,0,0,0,0,0,0,0,0,0,0,0,0,0,0,0,0,0,0,,0,,,,,2601,2602,5680,,,,,,,,,,,,,,,,,,,,,,,,,,,,,,,,,,,,,,,,,,,,,,
4540,Troll 1H War Axe Energy,911,4294,0,0,0,0,0,0,0,0,0,0,0,0,0,1,0,1,0,4,5674,0,0,0,0,0,0,0,0,0,0,0,0,0,0,0,0,0,0,0,0,,0,,,,,2601,2602,5679,,,,,,,,,,,,,,,,,,,,,,,,,,,,,,,,,,,,,,,,,,,,,,
4541,Troll 1H War Hammer Body,912,4295,0,0,0,0,0,0,0,0,0,0,0,0,0,1,0,1,0,5,5673,0,0,0,0,0,0,0,0,0,0,0,0,0,0,0,0,0,0,0,0,,0,,,,,2601,2602,5680,,,,,,,,,,,,,,,,,,,,,,,,,,,,,,,,,,,,,,,,,,,,,,
4542,Troll 1H War Hammer Energy,912,4296,0,0,0,0,0,0,0,0,0,0,0,0,0,1,0,1,0,5,5674,0,0,0,0,0,0,0,0,0,0,0,0,0,0,0,0,0,0,0,0,,0,,,,,2601,2602,5679,,,,,,,,,,,,,,,,,,,,,,,,,,,,,,,,,,,,,,,,,,,,,,
4543,Dwarven Spear Body,913,4297,0,0,0,0,0,0,0,0,0,0,0,0,0,0,0,3,2,21,5673,0,0,0,0,0,0,0,0,0,0,0,0,0,0,0,0,0,0,0,0,,0,,,,,2601,2602,5680,,,,,,,,,,,,,,,,,,,,,,,,,,,,,,,,,,,,,,,,,,,,,,
4544,Dwarven Spear Energy,913,4298,0,0,0,0,0,0,0,0,0,0,0,0,0,0,0,3,2,21,5674,0,0,0,0,0,0,0,0,0,0,0,0,0,0,0,0,0,0,0,0,,0,,,,,2601,2602,5679,,,,,,,,,,,,,,,,,,,,,,,,,,,,,,,,,,,,,,,,,,,,,,
4545,Kobold Great Axe Body,914,4299,0,0,0,0,0,0,0,0,0,0,0,0,0,1,0,2,0,4,5673,0,0,0,0,0,0,0,0,0,0,0,0,0,0,0,0,0,0,0,0,,0,,,,,2602,2601,5680,,,,,,,,,,,,,,,,,,,,,,,,,,,,,,,,,,,,,,,,,,,,,,
4546,Kobold Great Axe Energy,914,4300,0,0,0,0,0,0,0,0,0,0,0,0,0,1,0,2,0,4,5674,0,0,0,0,0,0,0,0,0,0,0,0,0,0,0,0,0,0,0,0,,0,,,,,2602,2601,5679,,,,,,,,,,,,,,,,,,,,,,,,,,,,,,,,,,,,,,,,,,,,,,
4547,Kobold 2H Great Club Body,915,4301,0,0,0,0,0,0,0,0,0,0,0,0,0,1,0,2,2,5,5673,0,0,0,0,0,0,0,0,0,0,0,0,0,0,0,0,0,0,0,0,,0,,,,,2601,2602,5680,,,,,,,,,,,,,,,,,,,,,,,,,,,,,,,,,,,,,,,,,,,,,,
4548,Kobold 2H Great Club Energy,915,4302,0,0,0,0,0,0,0,0,0,0,0,0,0,1,0,2,2,5,5674,0,0,0,0,0,0,0,0,0,0,0,0,0,0,0,0,0,0,0,0,,0,,,,,2601,2602,5679,,,,,,,,,,,,,,,,,,,,,,,,,,,,,,,,,,,,,,,,,,,,,,
4549,Kobold Great Sword Body,916,4303,0,0,0,0,0,0,0,0,0,0,0,0,0,1,0,2,0,1,5673,0,0,0,0,0,0,0,0,0,0,0,0,0,0,0,0,0,0,0,0,,0,,,,,2601,2602,5680,,,,,,,,,,,,,,,,,,,,,,,,,,,,,,,,,,,,,,,,,,,,,,
4550,Kobold Great Sword Energy,916,4304,0,0,0,0,0,0,0,0,0,0,0,0,0,1,0,2,0,1,5674,0,0,0,0,0,0,0,0,0,0,0,0,0,0,0,0,0,0,0,0,,0,,,,,2601,2602,5679,,,,,,,,,,,,,,,,,,,,,,,,,,,,,,,,,,,,,,,,,,,,,,
4551,Viking Beared Bow Body,2495,4305,0,0,0,0,0,0,0,0,0,0,0,0,0,0,0,5,1,7,0,0,0,0,0,0,0,0,0,0,0,0,0,0,0,0,0,0,0,0,0,,0,,,,,2601,2602,5680,,,,,,,,,,,,,,,,,,,,,,,,,,,,,,,,,,,,,,,,,,,,,,
4552,Viking Beared Bow Energy,80,4306,0,0,0,0,0,0,0,0,0,0,0,0,0,0,0,5,1,7,0,0,0,0,0,0,0,0,0,0,0,0,0,0,0,0,0,0,0,0,0,,0,,,,,2601,2602,5679,,,,,,,,,,,,,,,,,,,,,,,,,,,,,,,,,,,,,,,,,,,,,,
4553,Mid Staff 04 Body,918,4307,0,0,0,0,0,0,0,0,0,0,0,0,0,0,0,4,1,6,5673,0,0,0,0,0,0,0,0,0,0,0,0,0,0,0,0,0,0,0,0,,0,,,,,2601,2602,5680,,,,,,,,,,,,,,,,,,,,,,,,,,,,,,,,,,,,,,,,,,,,,,
4554,Mid Staff 04 Energy,918,4308,0,0,0,0,0,0,0,0,0,0,0,0,0,0,0,4,1,6,5674,0,0,0,0,0,0,0,0,0,0,0,0,0,0,0,0,0,0,0,0,,0,,,,,2601,2602,5679,,,,,,,,,,,,,,,,,,,,,,,,,,,,,,,,,,,,,,,,,,,,,,
4555,FistWrapGreave Body,1833,4309,0,0,0,0,0,0,0,0,0,0,0,0,0,0,0,13,0,25,0,0,0,0,0,0,0,0,0,0,0,0,0,0,0,0,0,0,0,0,0,,0,,,,,2601,2602,5680,,,,,,,,,,,,,,,,,,,,,,,,,,,,,,,,,,,,,,,,,,,150,1,,
4556,FistWrapGreave Energy,1833,4310,0,0,0,0,0,0,0,0,0,0,0,0,0,0,0,13,0,25,0,0,0,0,0,0,0,0,0,0,0,0,0,0,0,0,0,0,0,0,0,,0,,,,,2601,2602,5679,,,,,,,,,,,,,,,,,,,,,,,,,,,,,,,,,,,,,,,,,,,150,1,,
4557,Albion Otherworldly Cloak,1,119,0,0,0,0,0,0,0,362,0,0,0,0,1,0,0,0,0,0,0,0,0,0,0,0,0,0,0,0,0,0,0,0,0,0,0,0,0,0,0,,0,,,,,,,,,,,,,,,,,,,,,,,,,,,,5681,,,,,,,,,,,,,,,,,,,,,,,,,
4558,Midgard Otherworldly Cloak,1,119,0,0,0,0,0,0,0,362,0,0,0,0,1,0,0,0,0,0,0,0,0,0,0,0,0,0,0,0,0,0,0,0,0,0,0,0,0,0,0,,0,,,,,,,,,,,,,,,,,,,,,,,,,,,,5682,,,,,,,,,,,,,,,,,,,,,,,,,
4559,Hibernian Otherworldly Cloak,1,119,0,0,0,0,0,0,0,362,0,0,0,0,1,0,0,0,0,0,0,0,0,0,0,0,0,0,0,0,0,0,0,0,0,0,0,0,0,0,0,,0,,,,,,,,,,,,,,,,,,,,,,,,,,,,5683,,,,,,,,,,,,,,,,,,,,,,,,,
4600,Head VFX -Eyes- Alb,1035,198,0,0,0,0,0,0,0,0,2145,1,0,0,0,0,0,0,0,0,2147,0,549,0,0,0,548,550,551,0,0,0,0,0,0,0,0,0,0,0,0,,0,,,,,,,,,,,,,,,,,,,,,,,,,,,,,,,,,,,1038,1039,1044,1045,1046,1047,1036,1037,1048,1049,1050,1066,5013,,,,1622,,
4601,Head VFx - Eyes -Mid,1035,197,0,0,0,0,0,0,0,0,2145,1,0,0,0,0,0,0,0,0,2147,0,549,0,0,0,548,550,551,0,0,0,0,0,0,0,0,0,0,0,0,,0,,,,,,,,,,,,,,,,,,,,,,,,,,,,,,,,,,,1038,1039,1042,1043,717,718,1040,1041,510,511,506,507,5013,,,,1623,,
4602,Head VFX - Eyes-  hib,1035,199,0,0,0,0,0,0,0,0,2145,1,0,0,0,0,0,0,0,0,2147,0,549,0,0,0,548,550,551,0,0,0,0,0,0,0,0,0,0,0,0,,0,,,,,,,,,,,,,,,,,,,,,,,,,,,,,,,,,,,73,74,715,716,508,509,514,497,512,513,202,72,5013,,,,1621,,
4603,Head VFX ,1035,198,0,0,0,0,0,0,0,0,2145,1,0,0,0,0,0,0,0,0,2147,0,549,0,0,0,548,550,551,0,0,0,0,0,0,0,0,0,0,0,0,,0,,,,,,,,,,,,,,,,,,,,,,,,,,,,,,,,,,,1035,1035,1035,1035,1035,1035,1035,1035,1035,1035,1035,1035,5013,,,,1622,,
4604,cloak_wizard_Epic01,1,119,0,0,0,0,0,0,0,362,0,0,0,0,1,0,0,0,0,0,0,0,0,0,0,0,0,0,0,0,0,0,0,0,0,0,0,0,0,0,0,,0,,,,,,,,,,,,,,,,,,,,,,,,,,,,5684,,,,,,,,,,,,,,,,,,,,,,,,,
4605,cloak_animist_Epic01,1,119,0,0,0,0,0,0,0,362,0,0,0,0,1,0,0,0,0,0,0,0,0,0,0,0,0,0,0,0,0,0,0,0,0,0,0,0,0,0,0,,0,,,,,,,,,,,,,,,,,,,,,,,,,,,,5685,,,,,,,,,,,,,,,,,,,,,,,,,
4606,cloak_armsman_Epic01,1,119,0,0,0,0,0,0,0,362,0,0,0,0,1,0,0,0,0,0,0,0,0,0,0,0,0,0,0,0,0,0,0,0,0,0,0,0,0,0,0,,0,,,,,,,,,,,,,,,,,,,,,,,,,,,,5686,,,,,,,,,,,,,,,,,,,,,,,,,
4607,cloak_bainshee_Epic01,1,119,0,0,0,0,0,0,0,362,0,0,0,0,1,0,0,0,0,0,0,0,0,0,0,0,0,0,0,0,0,0,0,0,0,0,0,0,0,0,0,,0,,,,,,,,,,,,,,,,,,,,,,,,,,,,5687,,,,,,,,,,,,,,,,,,,,,,,,,
4608,cloak_bard_Epic01,1,119,0,0,0,0,0,0,0,362,0,0,0,0,1,0,0,0,0,0,0,0,0,0,0,0,0,0,0,0,0,0,0,0,0,0,0,0,0,0,0,,0,,,,,,,,,,,,,,,,,,,,,,,,,,,,5688,,,,,,,,,,,,,,,,,,,,,,,,,
4609,cloak_berserker_Epic01,1,119,0,0,0,0,0,0,0,362,0,0,0,0,1,0,0,0,0,0,0,0,0,0,0,0,0,0,0,0,0,0,0,0,0,0,0,0,0,0,0,,0,,,,,,,,,,,,,,,,,,,,,,,,,,,,5689,,,,,,,,,,,,,,,,,,,,,,,,,
4610,cloak_blademaster_Epic01,1,119,0,0,0,0,0,0,0,362,0,0,0,0,1,0,0,0,0,0,0,0,0,0,0,0,0,0,0,0,0,0,0,0,0,0,0,0,0,0,0,,0,,,,,,,,,,,,,,,,,,,,,,,,,,,,5690,,,,,,,,,,,,,,,,,,,,,,,,,
4611,cloak_bonedancer_Epic01,1,119,0,0,0,0,0,0,0,362,0,0,0,0,1,0,0,0,0,0,0,0,0,0,0,0,0,0,0,0,0,0,0,0,0,0,0,0,0,0,0,,0,,,,,,,,,,,,,,,,,,,,,,,,,,,,5691,,,,,,,,,,,,,,,,,,,,,,,,,
4612,cloak_cabalist_Epic01,1,119,0,0,0,0,0,0,0,362,0,0,0,0,1,0,0,0,0,0,0,0,0,0,0,0,0,0,0,0,0,0,0,0,0,0,0,0,0,0,0,,0,,,,,,,,,,,,,,,,,,,,,,,,,,,,5692,,,,,,,,,,,,,,,,,,,,,,,,,
4613,cloak_champion_Epic01,1,119,0,0,0,0,0,0,0,362,0,0,0,0,1,0,0,0,0,0,0,0,0,0,0,0,0,0,0,0,0,0,0,0,0,0,0,0,0,0,0,,0,,,,,,,,,,,,,,,,,,,,,,,,,,,,5693,,,,,,,,,,,,,,,,,,,,,,,,,
4614,cloak_cleric_Epic01,1,119,0,0,0,0,0,0,0,362,0,0,0,0,1,0,0,0,0,0,0,0,0,0,0,0,0,0,0,0,0,0,0,0,0,0,0,0,0,0,0,,0,,,,,,,,,,,,,,,,,,,,,,,,,,,,5694,,,,,,,,,,,,,,,,,,,,,,,,,
4615,cloak_druid_Epic01,1,119,0,0,0,0,0,0,0,362,0,0,0,0,1,0,0,0,0,0,0,0,0,0,0,0,0,0,0,0,0,0,0,0,0,0,0,0,0,0,0,,0,,,,,,,,,,,,,,,,,,,,,,,,,,,,5695,,,,,,,,,,,,,,,,,,,,,,,,,
4616,cloak_eldritch_Epic01,1,119,0,0,0,0,0,0,0,362,0,0,0,0,1,0,0,0,0,0,0,0,0,0,0,0,0,0,0,0,0,0,0,0,0,0,0,0,0,0,0,,0,,,,,,,,,,,,,,,,,,,,,,,,,,,,5696,,,,,,,,,,,,,,,,,,,,,,,,,
4617,cloak_enchanter_Epic01,1,119,0,0,0,0,0,0,0,362,0,0,0,0,1,0,0,0,0,0,0,0,0,0,0,0,0,0,0,0,0,0,0,0,0,0,0,0,0,0,0,,0,,,,,,,,,,,,,,,,,,,,,,,,,,,,5697,,,,,,,,,,,,,,,,,,,,,,,,,
4618,cloak_friar_Epic01,1,119,0,0,0,0,0,0,0,362,0,0,0,0,1,0,0,0,0,0,0,0,0,0,0,0,0,0,0,0,0,0,0,0,0,0,0,0,0,0,0,,0,,,,,,,,,,,,,,,,,,,,,,,,,,,,5698,,,,,,,,,,,,,,,,,,,,,,,,,
4619,cloak_healer_Epic01,1,119,0,0,0,0,0,0,0,362,0,0,0,0,1,0,0,0,0,0,0,0,0,0,0,0,0,0,0,0,0,0,0,0,0,0,0,0,0,0,0,,0,,,,,,,,,,,,,,,,,,,,,,,,,,,,5699,,,,,,,,,,,,,,,,,,,,,,,,,
4620,cloak_heretic_Epic01,1,119,0,0,0,0,0,0,0,362,0,0,0,0,1,0,0,0,0,0,0,0,0,0,0,0,0,0,0,0,0,0,0,0,0,0,0,0,0,0,0,,0,,,,,,,,,,,,,,,,,,,,,,,,,,,,5700,,,,,,,,,,,,,,,,,,,,,,,,,
4621,cloak_hero_Epic01,1,119,0,0,0,0,0,0,0,362,0,0,0,0,1,0,0,0,0,0,0,0,0,0,0,0,0,0,0,0,0,0,0,0,0,0,0,0,0,0,0,,0,,,,,,,,,,,,,,,,,,,,,,,,,,,,5701,,,,,,,,,,,,,,,,,,,,,,,,,
4622,cloak_hunter_Epic01,1,119,0,0,0,0,0,0,0,362,0,0,0,0,1,0,0,0,0,0,0,0,0,0,0,0,0,0,0,0,0,0,0,0,0,0,0,0,0,0,0,,0,,,,,,,,,,,,,,,,,,,,,,,,,,,,5702,,,,,,,,,,,,,,,,,,,,,,,,,
4623,cloak_infiltrator_Epic01,1,119,0,0,0,0,0,0,0,362,0,0,0,0,1,0,0,0,0,0,0,0,0,0,0,0,0,0,0,0,0,0,0,0,0,0,0,0,0,0,0,,0,,,,,,,,,,,,,,,,,,,,,,,,,,,,5703,,,,,,,,,,,,,,,,,,,,,,,,,
4624,cloak_mentalist_Epic01,1,119,0,0,0,0,0,0,0,362,0,0,0,0,1,0,0,0,0,0,0,0,0,0,0,0,0,0,0,0,0,0,0,0,0,0,0,0,0,0,0,,0,,,,,,,,,,,,,,,,,,,,,,,,,,,,5704,,,,,,,,,,,,,,,,,,,,,,,,,
4625,cloak_mercenary_Epic01,1,119,0,0,0,0,0,0,0,362,0,0,0,0,1,0,0,0,0,0,0,0,0,0,0,0,0,0,0,0,0,0,0,0,0,0,0,0,0,0,0,,0,,,,,,,,,,,,,,,,,,,,,,,,,,,,5705,,,,,,,,,,,,,,,,,,,,,,,,,
4626,cloak_minstrel_Epic01,1,119,0,0,0,0,0,0,0,362,0,0,0,0,1,0,0,0,0,0,0,0,0,0,0,0,0,0,0,0,0,0,0,0,0,0,0,0,0,0,0,,0,,,,,,,,,,,,,,,,,,,,,,,,,,,,5706,,,,,,,,,,,,,,,,,,,,,,,,,
4627,cloak_necromancer_Epic01,1,119,0,0,0,0,0,0,0,362,0,0,0,0,1,0,0,0,0,0,0,0,0,0,0,0,0,0,0,0,0,0,0,0,0,0,0,0,0,0,0,,0,,,,,,,,,,,,,,,,,,,,,,,,,,,,5707,,,,,,,,,,,,,,,,,,,,,,,,,
4628,cloak_nightshade_Epic01,1,119,0,0,0,0,0,0,0,362,0,0,0,0,1,0,0,0,0,0,0,0,0,0,0,0,0,0,0,0,0,0,0,0,0,0,0,0,0,0,0,,0,,,,,,,,,,,,,,,,,,,,,,,,,,,,5708,,,,,,,,,,,,,,,,,,,,,,,,,
4629,cloak_paladin_Epic01,1,119,0,0,0,0,0,0,0,362,0,0,0,0,1,0,0,0,0,0,0,0,0,0,0,0,0,0,0,0,0,0,0,0,0,0,0,0,0,0,0,,0,,,,,,,,,,,,,,,,,,,,,,,,,,,,5709,,,,,,,,,,,,,,,,,,,,,,,,,
4630,cloak_ranger_Epic01,1,119,0,0,0,0,0,0,0,362,0,0,0,0,1,0,0,0,0,0,0,0,0,0,0,0,0,0,0,0,0,0,0,0,0,0,0,0,0,0,0,,0,,,,,,,,,,,,,,,,,,,,,,,,,,,,5710,,,,,,,,,,,,,,,,,,,,,,,,,
4631,cloak_reaver_Epic01,1,119,0,0,0,0,0,0,0,362,0,0,0,0,1,0,0,0,0,0,0,0,0,0,0,0,0,0,0,0,0,0,0,0,0,0,0,0,0,0,0,,0,,,,,,,,,,,,,,,,,,,,,,,,,,,,5711,,,,,,,,,,,,,,,,,,,,,,,,,
4632,cloak_runemaster_Epic01,1,119,0,0,0,0,0,0,0,362,0,0,0,0,1,0,0,0,0,0,0,0,0,0,0,0,0,0,0,0,0,0,0,0,0,0,0,0,0,0,0,,0,,,,,,,,,,,,,,,,,,,,,,,,,,,,5712,,,,,,,,,,,,,,,,,,,,,,,,,
4633,cloak_savage_Epic01,1,119,0,0,0,0,0,0,0,362,0,0,0,0,1,0,0,0,0,0,0,0,0,0,0,0,0,0,0,0,0,0,0,0,0,0,0,0,0,0,0,,0,,,,,,,,,,,,,,,,,,,,,,,,,,,,5713,,,,,,,,,,,,,,,,,,,,,,,,,
4634,cloak_scout_Epic01,1,119,0,0,0,0,0,0,0,362,0,0,0,0,1,0,0,0,0,0,0,0,0,0,0,0,0,0,0,0,0,0,0,0,0,0,0,0,0,0,0,,0,,,,,,,,,,,,,,,,,,,,,,,,,,,,5714,,,,,,,,,,,,,,,,,,,,,,,,,
4635,cloak_shadowblade_Epic01,1,119,0,0,0,0,0,0,0,362,0,0,0,0,1,0,0,0,0,0,0,0,0,0,0,0,0,0,0,0,0,0,0,0,0,0,0,0,0,0,0,,0,,,,,,,,,,,,,,,,,,,,,,,,,,,,5715,,,,,,,,,,,,,,,,,,,,,,,,,
4636,cloak_shaman_Epic01,1,119,0,0,0,0,0,0,0,362,0,0,0,0,1,0,0,0,0,0,0,0,0,0,0,0,0,0,0,0,0,0,0,0,0,0,0,0,0,0,0,,0,,,,,,,,,,,,,,,,,,,,,,,,,,,,5716,,,,,,,,,,,,,,,,,,,,,,,,,
4637,cloak_skald_Epic01,1,119,0,0,0,0,0,0,0,362,0,0,0,0,1,0,0,0,0,0,0,0,0,0,0,0,0,0,0,0,0,0,0,0,0,0,0,0,0,0,0,,0,,,,,,,,,,,,,,,,,,,,,,,,,,,,5717,,,,,,,,,,,,,,,,,,,,,,,,,
4638,cloak_sorcerer_Epic01,1,119,0,0,0,0,0,0,0,362,0,0,0,0,1,0,0,0,0,0,0,0,0,0,0,0,0,0,0,0,0,0,0,0,0,0,0,0,0,0,0,,0,,,,,,,,,,,,,,,,,,,,,,,,,,,,5718,,,,,,,,,,,,,,,,,,,,,,,,,
4639,cloak_spiritmaster_Epic01,1,119,0,0,0,0,0,0,0,362,0,0,0,0,1,0,0,0,0,0,0,0,0,0,0,0,0,0,0,0,0,0,0,0,0,0,0,0,0,0,0,,0,,,,,,,,,,,,,,,,,,,,,,,,,,,,5719,,,,,,,,,,,,,,,,,,,,,,,,,
4640,cloak_theurgist_Epic01,1,119,0,0,0,0,0,0,0,362,0,0,0,0,1,0,0,0,0,0,0,0,0,0,0,0,0,0,0,0,0,0,0,0,0,0,0,0,0,0,0,,0,,,,,,,,,,,,,,,,,,,,,,,,,,,,5720,,,,,,,,,,,,,,,,,,,,,,,,,
4641,cloak_valewalker_Epic01,1,119,0,0,0,0,0,0,0,362,0,0,0,0,1,0,0,0,0,0,0,0,0,0,0,0,0,0,0,0,0,0,0,0,0,0,0,0,0,0,0,,0,,,,,,,,,,,,,,,,,,,,,,,,,,,,5721,,,,,,,,,,,,,,,,,,,,,,,,,
4642,cloak_vampire_Epic01,1,119,0,0,0,0,0,0,0,362,0,0,0,0,1,0,0,0,0,0,0,0,0,0,0,0,0,0,0,0,0,0,0,0,0,0,0,0,0,0,0,,0,,,,,,,,,,,,,,,,,,,,,,,,,,,,5722,,,,,,,,,,,,,,,,,,,,,,,,,
4643,cloak_warden_Epic01,1,119,0,0,0,0,0,0,0,362,0,0,0,0,1,0,0,0,0,0,0,0,0,0,0,0,0,0,0,0,0,0,0,0,0,0,0,0,0,0,0,,0,,,,,,,,,,,,,,,,,,,,,,,,,,,,5723,,,,,,,,,,,,,,,,,,,,,,,,,
4644,cloak_Thane_Epic01,1,119,0,0,0,0,0,0,0,362,0,0,0,0,1,0,0,0,0,0,0,0,0,0,0,0,0,0,0,0,0,0,0,0,0,0,0,0,0,0,0,,0,,,,,,,,,,,,,,,,,,,,,,,,,,,,5724,,,,,,,,,,,,,,,,,,,,,,,,,
4645,cloak_Valkyrie_Epic01,1,119,0,0,0,0,0,0,0,362,0,0,0,0,1,0,0,0,0,0,0,0,0,0,0,0,0,0,0,0,0,0,0,0,0,0,0,0,0,0,0,,0,,,,,,,,,,,,,,,,,,,,,,,,,,,,5725,,,,,,,,,,,,,,,,,,,,,,,,,
4646,cloak_Warlock_Epic01,1,119,0,0,0,0,0,0,0,362,0,0,0,0,1,0,0,0,0,0,0,0,0,0,0,0,0,0,0,0,0,0,0,0,0,0,0,0,0,0,0,,0,,,,,,,,,,,,,,,,,,,,,,,,,,,,5726,,,,,,,,,,,,,,,,,,,,,,,,,
4647,cloak_Warrior_Epic01,1,119,0,0,0,0,0,0,0,362,0,0,0,0,1,0,0,0,0,0,0,0,0,0,0,0,0,0,0,0,0,0,0,0,0,0,0,0,0,0,0,,0,,,,,,,,,,,,,,,,,,,,,,,,,,,,5727,,,,,,,,,,,,,,,,,,,,,,,,,
4648,cloak_MaulerALB_Epic01,1,119,0,0,0,0,0,0,0,362,0,0,0,0,1,0,0,0,0,0,0,0,0,0,0,0,0,0,0,0,0,0,0,0,0,0,0,0,0,0,0,,0,,,,,,,,,,,,,,,,,,,,,,,,,,,,5728,,,,,,,,,,,,,,,,,,,,,,,,,
4649,cloak_MaulerMID_Epic01,1,119,0,0,0,0,0,0,0,362,0,0,0,0,1,0,0,0,0,0,0,0,0,0,0,0,0,0,0,0,0,0,0,0,0,0,0,0,0,0,0,,0,,,,,,,,,,,,,,,,,,,,,,,,,,,,5729,,,,,,,,,,,,,,,,,,,,,,,,,
4650,cloak_MaulerHIB_Epic01,1,119,0,0,0,0,0,0,0,362,0,0,0,0,1,0,0,0,0,0,0,0,0,0,0,0,0,0,0,0,0,0,0,0,0,0,0,0,0,0,0,,0,,,,,,,,,,,,,,,,,,,,,,,,,,,,5730,,,,,,,,,,,,,,,,,,,,,,,,,
4651,15 Year Statue (Housing),1,544,0,0,0,0,0,0,0,0,0,0,0,0,0,0,0,0,0,0,0,0,0,0,0,0,0,0,0,0,0,0,0,0,1209,0,0,0,0,0,0,1,0,3,3,1,1,,,,,,,,,,,,,,,,,,,,,,,,,,,,,,,,,,,,,,,,,,,,,,,,,
4652,Invisible Blocker,2500,0,0,0,0,0,0,0,0,0,0,0,0,0,0,0,0,0,0,0,0,0,0,0,0,0,0,0,0,0,0,0,0,0,0,0,0,0,0,0,0,0,0,,,,,,,,1,,,,,,,,,,,,,,,,,,,,,,,,,,,,,,,,,,,,,,,,,,,,,
4653,eye Mask (Alb),2535,185,0,0,0,0,0,0,0,0,5738,0,0,0,0,0,0,0,0,0,5738,0,0,0,0,0,0,0,0,0,0,0,0,0,0,0,0,0,0,0,0,,0,,,,,,,,,,,,,,,,,,,,,,,,,,,,,,,,,,,2501,2502,2503,2504,2505,2506,2507,2508,2509,2510,2511,2512,,,,,,,
4654,eye Mask(Mid),2535,185,0,0,0,0,0,0,0,0,5738,0,0,0,0,0,0,0,0,0,5738,0,0,0,0,0,0,0,0,0,0,0,0,0,0,0,0,0,0,0,0,,0,,,,,,,,,,,,,,,,,,,,,,,,,,,,,,,,,,,2513,2514,2515,2516,2517,2518,2519,2520,2521,2522,2523,2524,,,,,,,
4655,eye Mask (Hib),2535,185,0,0,0,0,0,0,0,0,5738,0,0,0,0,0,0,0,0,0,5738,0,0,0,0,0,0,0,0,0,0,0,0,0,0,0,0,0,0,0,0,,0,,,,,,,,,,,,,,,,,,,,,,,,,,,,,,,,,,,2525,2526,2527,2528,2529,2530,2531,2532,2533,2534,2535,2536,,,,,,,
4656,eye Mask Minotaur,2537,185,0,0,0,0,0,0,0,0,5738,0,0,0,0,0,0,0,0,0,5738,0,0,0,0,0,0,0,0,0,0,0,0,0,0,0,0,0,0,0,0,,0,,,,,,,,,,,,,,,,,,,,,,,,,,,,,,,,,,,,,,,,,,,,,,,,,,,,,1
4657,mask horned(Alb),2550,185,0,0,0,0,0,0,0,0,5739,0,0,0,0,0,0,0,0,0,5739,0,0,0,0,0,0,0,0,0,0,0,0,0,0,0,0,0,0,0,0,,0,,,,,,,,,,,,,,,,,,,,,,,,,,,,,,,,,,,2538,2539,2540,2541,2542,2543,2544,2545,2546,2547,2548,2549,,,,,,,
4658,mask horned(Mid),2550,185,0,0,0,0,0,0,0,0,5739,0,0,0,0,0,0,0,0,0,5739,0,0,0,0,0,0,0,0,0,0,0,0,0,0,0,0,0,0,0,0,,0,,,,,,,,,,,,,,,,,,,,,,,,,,,,,,,,,,,2550,2551,2552,2553,2554,2555,2556,2557,2558,2559,2560,2561,,,,,,,
4659,mask horned (Hib),2562,185,0,0,0,0,0,0,0,0,5739,0,0,0,0,0,0,0,0,0,5739,0,0,0,0,0,0,0,0,0,0,0,0,0,0,0,0,0,0,0,0,,0,,,,,,,,,,,,,,,,,,,,,,,,,,,,,,,,,,,2562,2563,2564,2565,2566,2567,2568,2569,2570,2571,2572,2573,,,,,,,
4660,mask horned Minotaur,2574,185,0,0,0,0,0,0,0,0,5739,0,0,0,0,0,0,0,0,0,5739,0,0,0,0,0,0,0,0,0,0,0,0,0,0,0,0,0,0,0,0,,0,,,,,,,,,,,,,,,,,,,,,,,,,,,,,,,,,,,,,,,,,,,,,,,,,,,,,1
4661,mask slitted01 (Alb),2575,185,0,0,0,0,0,0,0,0,5734,0,0,0,0,0,0,0,0,0,5734,0,0,0,0,0,0,0,0,0,0,0,0,0,0,0,0,0,0,0,0,,0,,,,,,,,,,,,,,,,,,,,,,,,,,,,,,,,,,,2575,2576,2577,2578,2579,2580,2581,2582,2583,2584,2585,2586,,,,,,,
4662,mask slitted01 (Mid),2587,185,0,0,0,0,0,0,0,0,5734,0,0,0,0,0,0,0,0,0,5734,0,0,0,0,0,0,0,0,0,0,0,0,0,0,0,0,0,0,0,0,,0,,,,,,,,,,,,,,,,,,,,,,,,,,,,,,,,,,,2587,2588,2589,2590,2591,2592,2593,2594,2595,2596,2597,2598,,,,,,,
4663,mask slitted01 (Hib),2599,185,0,0,0,0,0,0,0,0,5734,0,0,0,0,0,0,0,0,0,5734,0,0,0,0,0,0,0,0,0,0,0,0,0,0,0,0,0,0,0,0,,0,,,,,,,,,,,,,,,,,,,,,,,,,,,,,,,,,,,2599,2600,2601,2602,2603,2604,2605,2606,2607,2608,2609,2610,,,,,,,
4664,mask slitted01 Minotaur,2611,185,0,0,0,0,0,0,0,0,5734,0,0,0,0,0,0,0,0,0,5734,0,0,0,0,0,0,0,0,0,0,0,0,0,0,0,0,0,0,0,0,,0,,,,,,,,,,,,,,,,,,,,,,,,,,,,,,,,,,,,,,,,,,,,,,,,,,,,,1
4665,mask SKULL01 (Alb),2612,185,0,0,0,0,0,0,0,0,5733,0,0,0,0,0,0,0,0,0,5734,0,0,0,0,0,0,0,0,0,0,0,0,0,0,0,0,0,0,0,0,,0,,,,,,,,,,,,,,,,,,,,,,,,,,,,,,,,,,,2612,2613,2614,2615,2616,2617,2618,2619,2620,2621,2622,2623,,,,,,,
4666,mask SKULL01 (Mid),2624,185,0,0,0,0,0,0,0,0,5733,0,0,0,0,0,0,0,0,0,5734,0,0,0,0,0,0,0,0,0,0,0,0,0,0,0,0,0,0,0,0,,0,,,,,,,,,,,,,,,,,,,,,,,,,,,,,,,,,,,2624,2625,2626,2627,2628,2629,2630,2631,2632,2633,2634,2635,,,,,,,
4667,mask SKULL01 (Hib),2636,185,0,0,0,0,0,0,0,0,5733,0,0,0,0,0,0,0,0,0,5734,0,0,0,0,0,0,0,0,0,0,0,0,0,0,0,0,0,0,0,0,,0,,,,,,,,,,,,,,,,,,,,,,,,,,,,,,,,,,,2636,2637,2638,2639,2640,2641,2642,2643,2644,2645,2646,2647,,,,,,,
4668,mask SKULL01 Minotaur,2648,185,0,0,0,0,0,0,0,0,5733,0,0,0,0,0,0,0,0,0,5734,0,0,0,0,0,0,0,0,0,0,0,0,0,0,0,0,0,0,0,0,,0,,,,,,,,,,,,,,,,,,,,,,,,,,,,,,,,,,,,,,,,,,,,,,,,,,,,,1
4669,mask plague01 (Alb),2649,185,0,0,0,0,0,0,0,0,5731,0,0,0,0,0,0,0,0,0,5731,0,0,0,0,0,0,0,0,0,0,0,0,0,0,0,0,0,0,0,0,,0,,,,,,,,,,,,,,,,,,,,,,,,,,,,,,,,,,,2649,2650,2651,2652,2653,2654,2655,2656,2657,2658,2659,2660,,,,,,,
4670,mask plague01 (Mid),2661,185,0,0,0,0,0,0,0,0,5731,0,0,0,0,0,0,0,0,0,5731,0,0,0,0,0,0,0,0,0,0,0,0,0,0,0,0,0,0,0,0,,0,,,,,,,,,,,,,,,,,,,,,,,,,,,,,,,,,,,2661,2662,2663,2664,2665,2666,2667,2668,2669,2670,2671,2672,,,,,,,
4671,mask plague01 (Hib),2673,185,0,0,0,0,0,0,0,0,5731,0,0,0,0,0,0,0,0,0,5731,0,0,0,0,0,0,0,0,0,0,0,0,0,0,0,0,0,0,0,0,,0,,,,,,,,,,,,,,,,,,,,,,,,,,,,,,,,,,,2673,2674,2675,2676,2677,2678,2679,2680,2681,2682,2683,2684,,,,,,,
4672,mask plague01 Minotaur,2685,185,0,0,0,0,0,0,0,0,5731,0,0,0,0,0,0,0,0,0,5731,0,0,0,0,0,0,0,0,0,0,0,0,0,0,0,0,0,0,0,0,,0,,,,,,,,,,,,,,,,,,,,,,,,,,,,,,,,,,,,,,,,,,,,,,,,,,,,,1
4673,mask beast01 (Alb),2686,185,0,0,0,0,0,0,0,0,5737,0,0,0,0,0,0,0,0,0,5737,0,0,0,0,0,0,0,0,0,0,0,0,0,0,0,0,0,0,0,0,,0,,,,,,,,,,,,,,,,,,,,,,,,,,,,,,,,,,,2686,2687,2688,2689,2690,2691,2692,2693,2694,2695,2696,2697,,,,,,,
4674,mask beast01 (Mid),2698,185,0,0,0,0,0,0,0,0,5737,0,0,0,0,0,0,0,0,0,5737,0,0,0,0,0,0,0,0,0,0,0,0,0,0,0,0,0,0,0,0,,0,,,,,,,,,,,,,,,,,,,,,,,,,,,,,,,,,,,2698,2699,2700,2701,2702,2703,2704,2705,2706,2707,2708,2709,,,,,,,
4675,mask beast01 (Hib),2710,185,0,0,0,0,0,0,0,0,5737,0,0,0,0,0,0,0,0,0,5737,0,0,0,0,0,0,0,0,0,0,0,0,0,0,0,0,0,0,0,0,,0,,,,,,,,,,,,,,,,,,,,,,,,,,,,,,,,,,,2710,2711,2712,2713,2714,2715,2716,2717,2718,2719,2720,2721,,,,,,,
4676,mask beast01 Minotaur,2722,185,0,0,0,0,0,0,0,0,5737,0,0,0,0,0,0,0,0,0,5737,0,0,0,0,0,0,0,0,0,0,0,0,0,0,0,0,0,0,0,0,,0,,,,,,,,,,,,,,,,,,,,,,,,,,,,,,,,,,,,,,,,,,,,,,,,,,,,,1
4677,mask devour01 (Alb),2723,185,0,0,0,0,0,0,0,0,5736,0,0,0,0,0,0,0,0,0,5736,0,0,0,0,0,0,0,0,0,0,0,0,0,0,0,0,0,0,0,0,,0,,,,,,,,,,,,,,,,,,,,,,,,,,,,,,,,,,,2723,2724,2725,2726,2727,2728,2729,2730,2731,2732,2733,2734,,,,,,,
4678,mask devour01 (Mid),2735,185,0,0,0,0,0,0,0,0,5736,0,0,0,0,0,0,0,0,0,5736,0,0,0,0,0,0,0,0,0,0,0,0,0,0,0,0,0,0,0,0,,0,,,,,,,,,,,,,,,,,,,,,,,,,,,,,,,,,,,2735,2736,2737,2738,2739,2740,2741,2742,2743,2744,2745,2746,,,,,,,
4679,mask devour01 (Hib),2747,185,0,0,0,0,0,0,0,0,5736,0,0,0,0,0,0,0,0,0,5736,0,0,0,0,0,0,0,0,0,0,0,0,0,0,0,0,0,0,0,0,,0,,,,,,,,,,,,,,,,,,,,,,,,,,,,,,,,,,,2747,2748,2749,2750,2751,2752,2753,2754,2755,2756,2757,2758,,,,,,,
4680,mask devour01 Minotaur,2759,185,0,0,0,0,0,0,0,0,5736,0,0,0,0,0,0,0,0,0,5736,0,0,0,0,0,0,0,0,0,0,0,0,0,0,0,0,0,0,0,0,,0,,,,,,,,,,,,,,,,,,,,,,,,,,,,,,,,,,,,,,,,,,,,,,,,,,,,,1
4681,mask satyr01 (Alb),2760,185,0,0,0,0,0,0,0,0,5732,0,0,0,0,0,0,0,0,0,5732,0,0,0,0,0,0,0,0,0,0,0,0,0,0,0,0,0,0,0,0,,0,,,,,,,,,,,,,,,,,,,,,,,,,,,,,,,,,,,2760,2761,2762,2763,2764,2765,2766,2767,2768,2769,2770,2771,,,,,,,
4682,mask satyr01 (Mid),2772,185,0,0,0,0,0,0,0,0,5732,0,0,0,0,0,0,0,0,0,5732,0,0,0,0,0,0,0,0,0,0,0,0,0,0,0,0,0,0,0,0,,0,,,,,,,,,,,,,,,,,,,,,,,,,,,,,,,,,,,2772,2773,2774,2775,2776,2777,2778,2779,2780,2781,2782,2783,,,,,,,
4683,mask satyr01 (Hib),2784,185,0,0,0,0,0,0,0,0,5732,0,0,0,0,0,0,0,0,0,5732,0,0,0,0,0,0,0,0,0,0,0,0,0,0,0,0,0,0,0,0,,0,,,,,,,,,,,,,,,,,,,,,,,,,,,,,,,,,,,2784,2785,2786,2787,2788,2789,2790,2791,2792,2793,2794,2795,,,,,,,
4684,mask satyr01 Minotaur,2796,185,0,0,0,0,0,0,0,0,5732,0,0,0,0,0,0,0,0,0,5732,0,0,0,0,0,0,0,0,0,0,0,0,0,0,0,0,0,0,0,0,,0,,,,,,,,,,,,,,,,,,,,,,,,,,,,,,,,,,,,,,,,,,,,,,,,,,,,,1
4685,mask death01 (Alb),2797,185,0,0,0,0,0,0,0,0,5735,0,0,0,0,0,0,0,0,0,5735,0,0,0,0,0,0,0,0,0,0,0,0,0,0,0,0,0,0,0,0,,0,,,,,,,,,,,,,,,,,,,,,,,,,,,,,,,,,,,2797,2798,2799,2800,2801,2802,2803,2804,2805,2806,2807,2808,,,,,,,
4686,mask death01 (Mid),2809,185,0,0,0,0,0,0,0,0,5735,0,0,0,0,0,0,0,0,0,5735,0,0,0,0,0,0,0,0,0,0,0,0,0,0,0,0,0,0,0,0,,0,,,,,,,,,,,,,,,,,,,,,,,,,,,,,,,,,,,2809,2810,2811,2812,2813,2814,2815,2816,2817,2818,2819,2820,,,,,,,
4687,mask death01 (Hib),2821,185,0,0,0,0,0,0,0,0,5735,0,0,0,0,0,0,0,0,0,5735,0,0,0,0,0,0,0,0,0,0,0,0,0,0,0,0,0,0,0,0,,0,,,,,,,,,,,,,,,,,,,,,,,,,,,,,,,,,,,2821,2822,2823,2824,2825,2826,2827,2828,2829,2830,2831,2832,,,,,,,
4688,mask death01 Minotaur,2833,185,0,0,0,0,0,0,0,0,5735,0,0,0,0,0,0,0,0,0,5735,0,0,0,0,0,0,0,0,0,0,0,0,0,0,0,0,0,0,0,0,,0,,,,,,,,,,,,,,,,,,,,,,,,,,,,,,,,,,,,,,,,,,,,,,,,,,,,,1
4689,Hib gem Leather Gloves -Life,1,115,0,0,0,304,0,0,0,0,0,0,0,0,0,0,0,0,0,0,0,0,0,0,0,0,0,0,0,0,0,0,0,0,0,0,0,0,0,0,0,,0,,,,,,,,,,,,,,,,,,,,,1,,,,5740,,,,,2,,,,,,,,,,,,,,,,,,,,,,,
4690,Hib gem Chain Gloves -Life,1,116,0,0,0,340,0,0,0,0,0,0,0,0,0,0,0,0,0,0,0,0,0,0,0,0,0,0,0,0,0,0,0,0,0,0,0,0,0,0,0,,0,,,,,,,,,,,,,,,,,,,,,1,,,,5740,,,,,2,,,,,,,,,,,,,,,,,,,,,,,
4691,Hib gem Plate Gloves -Life,1,117,0,0,0,348,0,0,0,0,0,0,0,0,0,0,0,0,0,0,0,0,0,0,0,0,0,0,0,0,0,0,0,0,0,0,0,0,0,0,0,,0,,,,,,,,,,,,,,,,,,,,,1,,,,5740,,,,,4,,,,,,,,,,,,,,,,,,,,,,,
4692,Hib gem Scale Gloves -Life,1,116,0,0,0,692,0,0,0,0,0,0,0,0,0,0,0,0,0,0,0,0,0,0,0,0,0,0,0,0,0,0,0,0,0,0,0,0,0,0,0,,0,,,,,,,,,,,,,,,,,,,,,1,,,,5740,,,,,6,,,,,,,,,,,,,,,,,,,,,,,
4693,Hib gem studded Gloves -Life,1,165,0,0,0,333,0,0,0,0,0,0,0,0,0,0,0,0,0,0,0,0,0,0,0,0,0,0,0,0,0,0,0,0,0,0,0,0,0,0,0,,0,,,,,,,,,,,,,,,,,,,,,1,,,,5740,,,,,3,,,,,,,,,,,,,,,,,,,,,,,
4694,Hib gem Cloth Gloves -Life,1,114,0,0,0,527,0,0,0,0,0,0,0,0,0,0,0,0,0,0,0,0,0,0,0,0,0,0,0,0,0,0,0,0,0,0,0,0,0,0,0,,0,,,,,,,,,,,,,,,,,,,,,1,,,,5740,,,,,7,,,,,,,,,,,,,,,,,,1,,,,,
4695,Alb gem Leather Gloves -Life,1,115,0,0,0,304,0,0,0,0,0,0,0,0,0,0,0,0,0,0,0,0,0,0,0,0,0,0,0,0,0,0,0,0,0,0,0,0,0,0,0,,0,,,,,,,,,,,,,,,,,,,,,1,,,,5745,,,,,2,,,,,,,,,,,,,,,,,,,,,,,
4696,Alb gem Chain Gloves -Life,1,116,0,0,0,340,0,0,0,0,0,0,0,0,0,0,0,0,0,0,0,0,0,0,0,0,0,0,0,0,0,0,0,0,0,0,0,0,0,0,0,,0,,,,,,,,,,,,,,,,,,,,,1,,,,5745,,,,,2,,,,,,,,,,,,,,,,,,,,,,,
4697,Alb gem Plate Gloves -Life,1,117,0,0,0,348,0,0,0,0,0,0,0,0,0,0,0,0,0,0,0,0,0,0,0,0,0,0,0,0,0,0,0,0,0,0,0,0,0,0,0,,0,,,,,,,,,,,,,,,,,,,,,1,,,,5745,,,,,4,,,,,,,,,,,,,,,,,,,,,,,
4698,Alb gem Scale Gloves -Life,1,116,0,0,0,692,0,0,0,0,0,0,0,0,0,0,0,0,0,0,0,0,0,0,0,0,0,0,0,0,0,0,0,0,0,0,0,0,0,0,0,,0,,,,,,,,,,,,,,,,,,,,,1,,,,5745,,,,,6,,,,,,,,,,,,,,,,,,,,,,,
4699,Alb gem studded Gloves -Life,1,165,0,0,0,333,0,0,0,0,0,0,0,0,0,0,0,0,0,0,0,0,0,0,0,0,0,0,0,0,0,0,0,0,0,0,0,0,0,0,0,,0,,,,,,,,,,,,,,,,,,,,,1,,,,5745,,,,,3,,,,,,,,,,,,,,,,,,,,,,,
4700,Alb gem Cloth Gloves -Life,1,114,0,0,0,527,0,0,0,0,0,0,0,0,0,0,0,0,0,0,0,0,0,0,0,0,0,0,0,0,0,0,0,0,0,0,0,0,0,0,0,,0,,,,,,,,,,,,,,,,,,,,,1,,,,5745,,,,,7,,,,,,,,,,,,,,,,,,1,,,,,
4701,Mid gem Leather Gloves -Life,1,115,0,0,0,304,0,0,0,0,0,0,0,0,0,0,0,0,0,0,0,0,0,0,0,0,0,0,0,0,0,0,0,0,0,0,0,0,0,0,0,,0,,,,,,,,,,,,,,,,,,,,,1,,,,5750,,,,,2,,,,,,,,,,,,,,,,,,,,,,,
4702,Mid gem Chain Gloves -Life,1,116,0,0,0,340,0,0,0,0,0,0,0,0,0,0,0,0,0,0,0,0,0,0,0,0,0,0,0,0,0,0,0,0,0,0,0,0,0,0,0,,0,,,,,,,,,,,,,,,,,,,,,1,,,,5750,,,,,2,,,,,,,,,,,,,,,,,,,,,,,
4703,Mid gem Plate Gloves -Life,1,117,0,0,0,348,0,0,0,0,0,0,0,0,0,0,0,0,0,0,0,0,0,0,0,0,0,0,0,0,0,0,0,0,0,0,0,0,0,0,0,,0,,,,,,,,,,,,,,,,,,,,,1,,,,5750,,,,,4,,,,,,,,,,,,,,,,,,,,,,,
4704,Mid gem Scale Gloves -Life,1,116,0,0,0,692,0,0,0,0,0,0,0,0,0,0,0,0,0,0,0,0,0,0,0,0,0,0,0,0,0,0,0,0,0,0,0,0,0,0,0,,0,,,,,,,,,,,,,,,,,,,,,1,,,,5750,,,,,6,,,,,,,,,,,,,,,,,,,,,,,
4705,Mid gem studded Gloves -Life,1,165,0,0,0,333,0,0,0,0,0,0,0,0,0,0,0,0,0,0,0,0,0,0,0,0,0,0,0,0,0,0,0,0,0,0,0,0,0,0,0,,0,,,,,,,,,,,,,,,,,,,,,1,,,,5750,,,,,3,,,,,,,,,,,,,,,,,,,,,,,
4706,Mid gem Cloth Gloves -Life,1,114,0,0,0,527,0,0,0,0,0,0,0,0,0,0,0,0,0,0,0,0,0,0,0,0,0,0,0,0,0,0,0,0,0,0,0,0,0,0,0,,0,,,,,,,,,,,,,,,,,,,,,1,,,,5750,,,,,7,,,,,,,,,,,,,,,,,,1,,,,,
4707,Hib gem Leather Gloves -Dream,1,115,0,0,0,304,0,0,0,0,0,0,0,0,0,0,0,0,0,0,0,0,0,0,0,0,0,0,0,0,0,0,0,0,0,0,0,0,0,0,0,,0,,,,,,,,,,,,,,,,,,,,,1,,,,5741,,,,,2,,,,,,,,,,,,,,,,,,,,,,,
4708,Hib gem Chain Gloves -Dream,1,116,0,0,0,340,0,0,0,0,0,0,0,0,0,0,0,0,0,0,0,0,0,0,0,0,0,0,0,0,0,0,0,0,0,0,0,0,0,0,0,,0,,,,,,,,,,,,,,,,,,,,,1,,,,5741,,,,,2,,,,,,,,,,,,,,,,,,,,,,,
4709,Hib gem Plate Gloves -Dream,1,117,0,0,0,348,0,0,0,0,0,0,0,0,0,0,0,0,0,0,0,0,0,0,0,0,0,0,0,0,0,0,0,0,0,0,0,0,0,0,0,,0,,,,,,,,,,,,,,,,,,,,,1,,,,5741,,,,,4,,,,,,,,,,,,,,,,,,,,,,,
4710,Hib gem Scale Gloves -Dream,1,116,0,0,0,692,0,0,0,0,0,0,0,0,0,0,0,0,0,0,0,0,0,0,0,0,0,0,0,0,0,0,0,0,0,0,0,0,0,0,0,,0,,,,,,,,,,,,,,,,,,,,,1,,,,5741,,,,,6,,,,,,,,,,,,,,,,,,,,,,,
4711,Hib gem studded Gloves -Dream,1,165,0,0,0,333,0,0,0,0,0,0,0,0,0,0,0,0,0,0,0,0,0,0,0,0,0,0,0,0,0,0,0,0,0,0,0,0,0,0,0,,0,,,,,,,,,,,,,,,,,,,,,1,,,,5741,,,,,3,,,,,,,,,,,,,,,,,,,,,,,
4712,Hib gem Cloth Gloves -Dream,1,114,0,0,0,527,0,0,0,0,0,0,0,0,0,0,0,0,0,0,0,0,0,0,0,0,0,0,0,0,0,0,0,0,0,0,0,0,0,0,0,,0,,,,,,,,,,,,,,,,,,,,,1,,,,5741,,,,,7,,,,,,,,,,,,,,,,,,1,,,,,
4713,Alb gem Leather Gloves -Dream,1,115,0,0,0,304,0,0,0,0,0,0,0,0,0,0,0,0,0,0,0,0,0,0,0,0,0,0,0,0,0,0,0,0,0,0,0,0,0,0,0,,0,,,,,,,,,,,,,,,,,,,,,1,,,,5746,,,,,2,,,,,,,,,,,,,,,,,,,,,,,
4714,Alb gem Chain Gloves -Dream,1,116,0,0,0,340,0,0,0,0,0,0,0,0,0,0,0,0,0,0,0,0,0,0,0,0,0,0,0,0,0,0,0,0,0,0,0,0,0,0,0,,0,,,,,,,,,,,,,,,,,,,,,1,,,,5746,,,,,2,,,,,,,,,,,,,,,,,,,,,,,
4715,Alb gem Plate Gloves -Dream,1,117,0,0,0,348,0,0,0,0,0,0,0,0,0,0,0,0,0,0,0,0,0,0,0,0,0,0,0,0,0,0,0,0,0,0,0,0,0,0,0,,0,,,,,,,,,,,,,,,,,,,,,1,,,,5746,,,,,4,,,,,,,,,,,,,,,,,,,,,,,
4716,Alb gem Scale Gloves -Dream,1,116,0,0,0,692,0,0,0,0,0,0,0,0,0,0,0,0,0,0,0,0,0,0,0,0,0,0,0,0,0,0,0,0,0,0,0,0,0,0,0,,0,,,,,,,,,,,,,,,,,,,,,1,,,,5746,,,,,6,,,,,,,,,,,,,,,,,,,,,,,
4717,Alb gem studded Gloves -Dream,1,165,0,0,0,333,0,0,0,0,0,0,0,0,0,0,0,0,0,0,0,0,0,0,0,0,0,0,0,0,0,0,0,0,0,0,0,0,0,0,0,,0,,,,,,,,,,,,,,,,,,,,,1,,,,5746,,,,,3,,,,,,,,,,,,,,,,,,,,,,,
4718,Alb gem Cloth Gloves -Dream,1,114,0,0,0,527,0,0,0,0,0,0,0,0,0,0,0,0,0,0,0,0,0,0,0,0,0,0,0,0,0,0,0,0,0,0,0,0,0,0,0,,0,,,,,,,,,,,,,,,,,,,,,1,,,,5746,,,,,7,,,,,,,,,,,,,,,,,,1,,,,,
4719,Mid gem Leather Gloves -Dream,1,115,0,0,0,304,0,0,0,0,0,0,0,0,0,0,0,0,0,0,0,0,0,0,0,0,0,0,0,0,0,0,0,0,0,0,0,0,0,0,0,,0,,,,,,,,,,,,,,,,,,,,,1,,,,5751,,,,,2,,,,,,,,,,,,,,,,,,,,,,,
4720,Mid gem Chain Gloves -Dream,1,116,0,0,0,340,0,0,0,0,0,0,0,0,0,0,0,0,0,0,0,0,0,0,0,0,0,0,0,0,0,0,0,0,0,0,0,0,0,0,0,,0,,,,,,,,,,,,,,,,,,,,,1,,,,5751,,,,,2,,,,,,,,,,,,,,,,,,,,,,,
4721,Mid gem Plate Gloves -Dream,1,117,0,0,0,348,0,0,0,0,0,0,0,0,0,0,0,0,0,0,0,0,0,0,0,0,0,0,0,0,0,0,0,0,0,0,0,0,0,0,0,,0,,,,,,,,,,,,,,,,,,,,,1,,,,5751,,,,,4,,,,,,,,,,,,,,,,,,,,,,,
4722,Mid gem Scale Gloves -Dream,1,116,0,0,0,692,0,0,0,0,0,0,0,0,0,0,0,0,0,0,0,0,0,0,0,0,0,0,0,0,0,0,0,0,0,0,0,0,0,0,0,,0,,,,,,,,,,,,,,,,,,,,,1,,,,5751,,,,,6,,,,,,,,,,,,,,,,,,,,,,,
4723,Mid gem studded Gloves -Dream,1,165,0,0,0,333,0,0,0,0,0,0,0,0,0,0,0,0,0,0,0,0,0,0,0,0,0,0,0,0,0,0,0,0,0,0,0,0,0,0,0,,0,,,,,,,,,,,,,,,,,,,,,1,,,,5751,,,,,3,,,,,,,,,,,,,,,,,,,,,,,
4724,Mid gem Cloth Gloves -Dream,1,114,0,0,0,527,0,0,0,0,0,0,0,0,0,0,0,0,0,0,0,0,0,0,0,0,0,0,0,0,0,0,0,0,0,0,0,0,0,0,0,,0,,,,,,,,,,,,,,,,,,,,,1,,,,5751,,,,,7,,,,,,,,,,,,,,,,,,1,,,,,
4725,Hib gem Leather Gloves -Dragon,1,115,0,0,0,304,0,0,0,0,0,0,0,0,0,0,0,0,0,0,0,0,0,0,0,0,0,0,0,0,0,0,0,0,0,0,0,0,0,0,0,,0,,,,,,,,,,,,,,,,,,,,,1,,,,5742,,,,,2,,,,,,,,,,,,,,,,,,,,,,,
4726,Hib gem Chain Gloves -Dragon,1,116,0,0,0,340,0,0,0,0,0,0,0,0,0,0,0,0,0,0,0,0,0,0,0,0,0,0,0,0,0,0,0,0,0,0,0,0,0,0,0,,0,,,,,,,,,,,,,,,,,,,,,1,,,,5742,,,,,2,,,,,,,,,,,,,,,,,,,,,,,
4727,Hib gem Plate Gloves -Dragon,1,117,0,0,0,348,0,0,0,0,0,0,0,0,0,0,0,0,0,0,0,0,0,0,0,0,0,0,0,0,0,0,0,0,0,0,0,0,0,0,0,,0,,,,,,,,,,,,,,,,,,,,,1,,,,5742,,,,,4,,,,,,,,,,,,,,,,,,,,,,,
4728,Hib gem Scale Gloves -Dragon,1,116,0,0,0,692,0,0,0,0,0,0,0,0,0,0,0,0,0,0,0,0,0,0,0,0,0,0,0,0,0,0,0,0,0,0,0,0,0,0,0,,0,,,,,,,,,,,,,,,,,,,,,1,,,,5742,,,,,6,,,,,,,,,,,,,,,,,,,,,,,
4729,Hib gem studded Gloves -Dragon,1,165,0,0,0,333,0,0,0,0,0,0,0,0,0,0,0,0,0,0,0,0,0,0,0,0,0,0,0,0,0,0,0,0,0,0,0,0,0,0,0,,0,,,,,,,,,,,,,,,,,,,,,1,,,,5742,,,,,3,,,,,,,,,,,,,,,,,,,,,,,
4730,Hib gem Cloth Gloves -Dragon,1,114,0,0,0,527,0,0,0,0,0,0,0,0,0,0,0,0,0,0,0,0,0,0,0,0,0,0,0,0,0,0,0,0,0,0,0,0,0,0,0,,0,,,,,,,,,,,,,,,,,,,,,1,,,,5742,,,,,7,,,,,,,,,,,,,,,,,,1,,,,,
4731,Alb gem Leather Gloves -Dragon,1,115,0,0,0,304,0,0,0,0,0,0,0,0,0,0,0,0,0,0,0,0,0,0,0,0,0,0,0,0,0,0,0,0,0,0,0,0,0,0,0,,0,,,,,,,,,,,,,,,,,,,,,1,,,,5747,,,,,2,,,,,,,,,,,,,,,,,,,,,,,
4732,Alb gem Chain Gloves -Dragon,1,116,0,0,0,340,0,0,0,0,0,0,0,0,0,0,0,0,0,0,0,0,0,0,0,0,0,0,0,0,0,0,0,0,0,0,0,0,0,0,0,,0,,,,,,,,,,,,,,,,,,,,,1,,,,5747,,,,,2,,,,,,,,,,,,,,,,,,,,,,,
4733,Alb gem Plate Gloves -Dragon,1,117,0,0,0,348,0,0,0,0,0,0,0,0,0,0,0,0,0,0,0,0,0,0,0,0,0,0,0,0,0,0,0,0,0,0,0,0,0,0,0,,0,,,,,,,,,,,,,,,,,,,,,1,,,,5747,,,,,4,,,,,,,,,,,,,,,,,,,,,,,
4734,Alb gem Scale Gloves -Dragon,1,116,0,0,0,692,0,0,0,0,0,0,0,0,0,0,0,0,0,0,0,0,0,0,0,0,0,0,0,0,0,0,0,0,0,0,0,0,0,0,0,,0,,,,,,,,,,,,,,,,,,,,,1,,,,5747,,,,,6,,,,,,,,,,,,,,,,,,,,,,,
4735,Alb gem studded Gloves -Dragon,1,165,0,0,0,333,0,0,0,0,0,0,0,0,0,0,0,0,0,0,0,0,0,0,0,0,0,0,0,0,0,0,0,0,0,0,0,0,0,0,0,,0,,,,,,,,,,,,,,,,,,,,,1,,,,5747,,,,,3,,,,,,,,,,,,,,,,,,,,,,,
4736,Alb gem Cloth Gloves -Dragon,1,114,0,0,0,527,0,0,0,0,0,0,0,0,0,0,0,0,0,0,0,0,0,0,0,0,0,0,0,0,0,0,0,0,0,0,0,0,0,0,0,,0,,,,,,,,,,,,,,,,,,,,,1,,,,5747,,,,,7,,,,,,,,,,,,,,,,,,1,,,,,
4737,Mid gem Leather Gloves -Dragon,1,115,0,0,0,304,0,0,0,0,0,0,0,0,0,0,0,0,0,0,0,0,0,0,0,0,0,0,0,0,0,0,0,0,0,0,0,0,0,0,0,,0,,,,,,,,,,,,,,,,,,,,,1,,,,5752,,,,,2,,,,,,,,,,,,,,,,,,,,,,,
4738,Mid gem Chain Gloves -Dragon,1,116,0,0,0,340,0,0,0,0,0,0,0,0,0,0,0,0,0,0,0,0,0,0,0,0,0,0,0,0,0,0,0,0,0,0,0,0,0,0,0,,0,,,,,,,,,,,,,,,,,,,,,1,,,,5752,,,,,2,,,,,,,,,,,,,,,,,,,,,,,
4739,Mid gem Plate Gloves -Dragon,1,117,0,0,0,348,0,0,0,0,0,0,0,0,0,0,0,0,0,0,0,0,0,0,0,0,0,0,0,0,0,0,0,0,0,0,0,0,0,0,0,,0,,,,,,,,,,,,,,,,,,,,,1,,,,5752,,,,,4,,,,,,,,,,,,,,,,,,,,,,,
4740,Mid gem Scale Gloves -Dragon,1,116,0,0,0,692,0,0,0,0,0,0,0,0,0,0,0,0,0,0,0,0,0,0,0,0,0,0,0,0,0,0,0,0,0,0,0,0,0,0,0,,0,,,,,,,,,,,,,,,,,,,,,1,,,,5752,,,,,6,,,,,,,,,,,,,,,,,,,,,,,
4741,Mid gem studded Gloves -Dragon,1,165,0,0,0,333,0,0,0,0,0,0,0,0,0,0,0,0,0,0,0,0,0,0,0,0,0,0,0,0,0,0,0,0,0,0,0,0,0,0,0,,0,,,,,,,,,,,,,,,,,,,,,1,,,,5752,,,,,3,,,,,,,,,,,,,,,,,,,,,,,
4742,Mid gem Cloth Gloves -Dragon,1,114,0,0,0,527,0,0,0,0,0,0,0,0,0,0,0,0,0,0,0,0,0,0,0,0,0,0,0,0,0,0,0,0,0,0,0,0,0,0,0,,0,,,,,,,,,,,,,,,,,,,,,1,,,,5752,,,,,7,,,,,,,,,,,,,,,,,,1,,,,,
4743,Hib gem Leather Gloves -Soul,1,115,0,0,0,304,0,0,0,0,0,0,0,0,0,0,0,0,0,0,0,0,0,0,0,0,0,0,0,0,0,0,0,0,0,0,0,0,0,0,0,,0,,,,,,,,,,,,,,,,,,,,,1,,,,5743,,,,,2,,,,,,,,,,,,,,,,,,,,,,,
4744,Hib gem Chain Gloves -Soul,1,116,0,0,0,340,0,0,0,0,0,0,0,0,0,0,0,0,0,0,0,0,0,0,0,0,0,0,0,0,0,0,0,0,0,0,0,0,0,0,0,,0,,,,,,,,,,,,,,,,,,,,,1,,,,5743,,,,,2,,,,,,,,,,,,,,,,,,,,,,,
4745,Hib gem Plate Gloves -Soul,1,117,0,0,0,348,0,0,0,0,0,0,0,0,0,0,0,0,0,0,0,0,0,0,0,0,0,0,0,0,0,0,0,0,0,0,0,0,0,0,0,,0,,,,,,,,,,,,,,,,,,,,,1,,,,5743,,,,,4,,,,,,,,,,,,,,,,,,,,,,,
4746,Hib gem Scale Gloves -Soul,1,116,0,0,0,692,0,0,0,0,0,0,0,0,0,0,0,0,0,0,0,0,0,0,0,0,0,0,0,0,0,0,0,0,0,0,0,0,0,0,0,,0,,,,,,,,,,,,,,,,,,,,,1,,,,5743,,,,,6,,,,,,,,,,,,,,,,,,,,,,,
4747,Hib gem studded Gloves -Soul,1,165,0,0,0,333,0,0,0,0,0,0,0,0,0,0,0,0,0,0,0,0,0,0,0,0,0,0,0,0,0,0,0,0,0,0,0,0,0,0,0,,0,,,,,,,,,,,,,,,,,,,,,1,,,,5743,,,,,3,,,,,,,,,,,,,,,,,,,,,,,
4748,Hib gem Cloth Gloves -Soul,1,114,0,0,0,527,0,0,0,0,0,0,0,0,0,0,0,0,0,0,0,0,0,0,0,0,0,0,0,0,0,0,0,0,0,0,0,0,0,0,0,,0,,,,,,,,,,,,,,,,,,,,,1,,,,5743,,,,,7,,,,,,,,,,,,,,,,,,1,,,,,
4749,Alb gem Leather Gloves -Soul,1,115,0,0,0,304,0,0,0,0,0,0,0,0,0,0,0,0,0,0,0,0,0,0,0,0,0,0,0,0,0,0,0,0,0,0,0,0,0,0,0,,0,,,,,,,,,,,,,,,,,,,,,1,,,,5748,,,,,2,,,,,,,,,,,,,,,,,,,,,,,
4750,Alb gem Chain Gloves -Soul,1,116,0,0,0,340,0,0,0,0,0,0,0,0,0,0,0,0,0,0,0,0,0,0,0,0,0,0,0,0,0,0,0,0,0,0,0,0,0,0,0,,0,,,,,,,,,,,,,,,,,,,,,1,,,,5748,,,,,2,,,,,,,,,,,,,,,,,,,,,,,
4751,Alb gem Plate Gloves -Soul,1,117,0,0,0,348,0,0,0,0,0,0,0,0,0,0,0,0,0,0,0,0,0,0,0,0,0,0,0,0,0,0,0,0,0,0,0,0,0,0,0,,0,,,,,,,,,,,,,,,,,,,,,1,,,,5748,,,,,4,,,,,,,,,,,,,,,,,,,,,,,
4752,Alb gem Scale Gloves -Soul,1,116,0,0,0,692,0,0,0,0,0,0,0,0,0,0,0,0,0,0,0,0,0,0,0,0,0,0,0,0,0,0,0,0,0,0,0,0,0,0,0,,0,,,,,,,,,,,,,,,,,,,,,1,,,,5748,,,,,6,,,,,,,,,,,,,,,,,,,,,,,
4753,Alb gem studded Gloves -Soul,1,165,0,0,0,333,0,0,0,0,0,0,0,0,0,0,0,0,0,0,0,0,0,0,0,0,0,0,0,0,0,0,0,0,0,0,0,0,0,0,0,,0,,,,,,,,,,,,,,,,,,,,,1,,,,5748,,,,,3,,,,,,,,,,,,,,,,,,,,,,,
4754,Alb gem Cloth Gloves -Soul,1,114,0,0,0,527,0,0,0,0,0,0,0,0,0,0,0,0,0,0,0,0,0,0,0,0,0,0,0,0,0,0,0,0,0,0,0,0,0,0,0,,0,,,,,,,,,,,,,,,,,,,,,1,,,,5748,,,,,7,,,,,,,,,,,,,,,,,,1,,,,,
4755,Mid gem Leather Gloves -Soul,1,115,0,0,0,304,0,0,0,0,0,0,0,0,0,0,0,0,0,0,0,0,0,0,0,0,0,0,0,0,0,0,0,0,0,0,0,0,0,0,0,,0,,,,,,,,,,,,,,,,,,,,,1,,,,5753,,,,,2,,,,,,,,,,,,,,,,,,,,,,,
4756,Mid gem Chain Gloves -Soul,1,116,0,0,0,340,0,0,0,0,0,0,0,0,0,0,0,0,0,0,0,0,0,0,0,0,0,0,0,0,0,0,0,0,0,0,0,0,0,0,0,,0,,,,,,,,,,,,,,,,,,,,,1,,,,5753,,,,,2,,,,,,,,,,,,,,,,,,,,,,,
4757,Mid gem Plate Gloves -Soul,1,117,0,0,0,348,0,0,0,0,0,0,0,0,0,0,0,0,0,0,0,0,0,0,0,0,0,0,0,0,0,0,0,0,0,0,0,0,0,0,0,,0,,,,,,,,,,,,,,,,,,,,,1,,,,5753,,,,,4,,,,,,,,,,,,,,,,,,,,,,,
4758,Mid gem Scale Gloves -Soul,1,116,0,0,0,692,0,0,0,0,0,0,0,0,0,0,0,0,0,0,0,0,0,0,0,0,0,0,0,0,0,0,0,0,0,0,0,0,0,0,0,,0,,,,,,,,,,,,,,,,,,,,,1,,,,5753,,,,,6,,,,,,,,,,,,,,,,,,,,,,,
4759,Mid gem studded Gloves -Soul,1,165,0,0,0,333,0,0,0,0,0,0,0,0,0,0,0,0,0,0,0,0,0,0,0,0,0,0,0,0,0,0,0,0,0,0,0,0,0,0,0,,0,,,,,,,,,,,,,,,,,,,,,1,,,,5753,,,,,3,,,,,,,,,,,,,,,,,,,,,,,
4760,Mid gem Cloth Gloves -Soul,1,114,0,0,0,527,0,0,0,0,0,0,0,0,0,0,0,0,0,0,0,0,0,0,0,0,0,0,0,0,0,0,0,0,0,0,0,0,0,0,0,,0,,,,,,,,,,,,,,,,,,,,,1,,,,5753,,,,,7,,,,,,,,,,,,,,,,,,1,,,,,
4761,Hib gem Leather Gloves -Blood,1,115,0,0,0,304,0,0,0,0,0,0,0,0,0,0,0,0,0,0,0,0,0,0,0,0,0,0,0,0,0,0,0,0,0,0,0,0,0,0,0,,0,,,,,,,,,,,,,,,,,,,,,1,,,,5744,,,,,2,,,,,,,,,,,,,,,,,,,,,,,
4762,Hib gem Chain Gloves -Blood,1,116,0,0,0,340,0,0,0,0,0,0,0,0,0,0,0,0,0,0,0,0,0,0,0,0,0,0,0,0,0,0,0,0,0,0,0,0,0,0,0,,0,,,,,,,,,,,,,,,,,,,,,1,,,,5744,,,,,2,,,,,,,,,,,,,,,,,,,,,,,
4763,Hib gem Plate Gloves -Blood,1,117,0,0,0,348,0,0,0,0,0,0,0,0,0,0,0,0,0,0,0,0,0,0,0,0,0,0,0,0,0,0,0,0,0,0,0,0,0,0,0,,0,,,,,,,,,,,,,,,,,,,,,1,,,,5744,,,,,4,,,,,,,,,,,,,,,,,,,,,,,
4764,Hib gem Scale Gloves -Blood,1,116,0,0,0,692,0,0,0,0,0,0,0,0,0,0,0,0,0,0,0,0,0,0,0,0,0,0,0,0,0,0,0,0,0,0,0,0,0,0,0,,0,,,,,,,,,,,,,,,,,,,,,1,,,,5744,,,,,6,,,,,,,,,,,,,,,,,,,,,,,
4765,Hib gem studded Gloves -Blood,1,165,0,0,0,333,0,0,0,0,0,0,0,0,0,0,0,0,0,0,0,0,0,0,0,0,0,0,0,0,0,0,0,0,0,0,0,0,0,0,0,,0,,,,,,,,,,,,,,,,,,,,,1,,,,5744,,,,,3,,,,,,,,,,,,,,,,,,,,,,,
4766,Hib gem Cloth Gloves -Blood,1,114,0,0,0,527,0,0,0,0,0,0,0,0,0,0,0,0,0,0,0,0,0,0,0,0,0,0,0,0,0,0,0,0,0,0,0,0,0,0,0,,0,,,,,,,,,,,,,,,,,,,,,1,,,,5744,,,,,7,,,,,,,,,,,,,,,,,,1,,,,,
4767,Alb gem Leather Gloves -Blood,1,115,0,0,0,304,0,0,0,0,0,0,0,0,0,0,0,0,0,0,0,0,0,0,0,0,0,0,0,0,0,0,0,0,0,0,0,0,0,0,0,,0,,,,,,,,,,,,,,,,,,,,,1,,,,5749,,,,,2,,,,,,,,,,,,,,,,,,,,,,,
4768,Alb gem Chain Gloves -Blood,1,116,0,0,0,340,0,0,0,0,0,0,0,0,0,0,0,0,0,0,0,0,0,0,0,0,0,0,0,0,0,0,0,0,0,0,0,0,0,0,0,,0,,,,,,,,,,,,,,,,,,,,,1,,,,5749,,,,,2,,,,,,,,,,,,,,,,,,,,,,,
4769,Alb gem Plate Gloves -Blood,1,117,0,0,0,348,0,0,0,0,0,0,0,0,0,0,0,0,0,0,0,0,0,0,0,0,0,0,0,0,0,0,0,0,0,0,0,0,0,0,0,,0,,,,,,,,,,,,,,,,,,,,,1,,,,5749,,,,,4,,,,,,,,,,,,,,,,,,,,,,,
4770,Alb gem Scale Gloves -Blood,1,116,0,0,0,692,0,0,0,0,0,0,0,0,0,0,0,0,0,0,0,0,0,0,0,0,0,0,0,0,0,0,0,0,0,0,0,0,0,0,0,,0,,,,,,,,,,,,,,,,,,,,,1,,,,5749,,,,,6,,,,,,,,,,,,,,,,,,,,,,,
4771,Alb gem studded Gloves -Blood,1,165,0,0,0,333,0,0,0,0,0,0,0,0,0,0,0,0,0,0,0,0,0,0,0,0,0,0,0,0,0,0,0,0,0,0,0,0,0,0,0,,0,,,,,,,,,,,,,,,,,,,,,1,,,,5749,,,,,3,,,,,,,,,,,,,,,,,,,,,,,
4772,Alb gem Cloth Gloves -Blood,1,114,0,0,0,527,0,0,0,0,0,0,0,0,0,0,0,0,0,0,0,0,0,0,0,0,0,0,0,0,0,0,0,0,0,0,0,0,0,0,0,,0,,,,,,,,,,,,,,,,,,,,,1,,,,5749,,,,,7,,,,,,,,,,,,,,,,,,1,,,,,
4773,Mid gem Leather Gloves -Blood,1,115,0,0,0,304,0,0,0,0,0,0,0,0,0,0,0,0,0,0,0,0,0,0,0,0,0,0,0,0,0,0,0,0,0,0,0,0,0,0,0,,0,,,,,,,,,,,,,,,,,,,,,1,,,,5754,,,,,2,,,,,,,,,,,,,,,,,,,,,,,
4774,Mid gem Chain Gloves -Blood,1,116,0,0,0,340,0,0,0,0,0,0,0,0,0,0,0,0,0,0,0,0,0,0,0,0,0,0,0,0,0,0,0,0,0,0,0,0,0,0,0,,0,,,,,,,,,,,,,,,,,,,,,1,,,,5754,,,,,2,,,,,,,,,,,,,,,,,,,,,,,
4775,Mid gem Plate Gloves -Blood,1,117,0,0,0,348,0,0,0,0,0,0,0,0,0,0,0,0,0,0,0,0,0,0,0,0,0,0,0,0,0,0,0,0,0,0,0,0,0,0,0,,0,,,,,,,,,,,,,,,,,,,,,1,,,,5754,,,,,4,,,,,,,,,,,,,,,,,,,,,,,
4776,Mid gem Scale Gloves -Blood,1,116,0,0,0,692,0,0,0,0,0,0,0,0,0,0,0,0,0,0,0,0,0,0,0,0,0,0,0,0,0,0,0,0,0,0,0,0,0,0,0,,0,,,,,,,,,,,,,,,,,,,,,1,,,,5754,,,,,6,,,,,,,,,,,,,,,,,,,,,,,
4777,Mid gem studded Gloves -Blood,1,165,0,0,0,333,0,0,0,0,0,0,0,0,0,0,0,0,0,0,0,0,0,0,0,0,0,0,0,0,0,0,0,0,0,0,0,0,0,0,0,,0,,,,,,,,,,,,,,,,,,,,,1,,,,5754,,,,,3,,,,,,,,,,,,,,,,,,,,,,,
4778,Mid gem Cloth Gloves -Blood,1,114,0,0,0,527,0,0,0,0,0,0,0,0,0,0,0,0,0,0,0,0,0,0,0,0,0,0,0,0,0,0,0,0,0,0,0,0,0,0,0,,0,,,,,,,,,,,,,,,,,,,,,1,,,,5754,,,,,7,,,,,,,,,,,,,,,,,,1,,,,,
4779,mask plague01 (Alb) -bird,2649,185,0,0,0,0,0,0,0,0,5755,0,0,0,0,0,0,0,0,0,5731,0,0,0,0,0,0,0,0,0,0,0,0,0,0,0,0,0,0,0,0,,0,,,,,,,,,,,,,,,,,,,,,,,,,,,,,,,,,,,2649,2650,2651,2652,2653,2654,2655,2656,2657,2658,2659,2660,,,,,,,
4780,mask plague01 (Mid) -bird,2661,185,0,0,0,0,0,0,0,0,5755,0,0,0,0,0,0,0,0,0,5731,0,0,0,0,0,0,0,0,0,0,0,0,0,0,0,0,0,0,0,0,,0,,,,,,,,,,,,,,,,,,,,,,,,,,,,,,,,,,,2661,2662,2663,2664,2665,2666,2667,2668,2669,2670,2671,2672,,,,,,,
4781,mask plague01 (Hib) -bird,2673,185,0,0,0,0,0,0,0,0,5755,0,0,0,0,0,0,0,0,0,5731,0,0,0,0,0,0,0,0,0,0,0,0,0,0,0,0,0,0,0,0,,0,,,,,,,,,,,,,,,,,,,,,,,,,,,,,,,,,,,2673,2674,2675,2676,2677,2678,2679,2680,2681,2682,2683,2684,,,,,,,
4782,mask plague01 Minotaur -bird,2685,185,0,0,0,0,0,0,0,0,5755,0,0,0,0,0,0,0,0,0,5731,0,0,0,0,0,0,0,0,0,0,0,0,0,0,0,0,0,0,0,0,,0,,,,,,,,,,,,,,,,,,,,,,,,,,,,,,,,,,,,,,,,,,,,,,,,,,,,,1
4783,mask beast01 (Alb) -leopard,2686,185,0,0,0,0,0,0,0,0,5756,0,0,0,0,0,0,0,0,0,5737,0,0,0,0,0,0,0,0,0,0,0,0,0,0,0,0,0,0,0,0,,0,,,,,,,,,,,,,,,,,,,,,,,,,,,,,,,,,,,2686,2687,2688,2689,2690,2691,2692,2693,2694,2695,2696,2697,,,,,,,
4784,mask beast01 (Mid)-leopard,2698,185,0,0,0,0,0,0,0,0,5756,0,0,0,0,0,0,0,0,0,5737,0,0,0,0,0,0,0,0,0,0,0,0,0,0,0,0,0,0,0,0,,0,,,,,,,,,,,,,,,,,,,,,,,,,,,,,,,,,,,2698,2699,2700,2701,2702,2703,2704,2705,2706,2707,2708,2709,,,,,,,
4785,mask beast01 (Hib) -leopard,2710,185,0,0,0,0,0,0,0,0,5756,0,0,0,0,0,0,0,0,0,5737,0,0,0,0,0,0,0,0,0,0,0,0,0,0,0,0,0,0,0,0,,0,,,,,,,,,,,,,,,,,,,,,,,,,,,,,,,,,,,2710,2711,2712,2713,2714,2715,2716,2717,2718,2719,2720,2721,,,,,,,
4786,mask beast01 Minotaur -leopard,2722,185,0,0,0,0,0,0,0,0,5756,0,0,0,0,0,0,0,0,0,5737,0,0,0,0,0,0,0,0,0,0,0,0,0,0,0,0,0,0,0,0,,0,,,,,,,,,,,,,,,,,,,,,,,,,,,,,,,,,,,,,,,,,,,,,,,,,,,,,1
4787,mask satyr01 (Alb) -tracery,2760,185,0,0,0,0,0,0,0,0,5759,0,0,0,0,0,0,0,0,0,5732,0,0,0,0,0,0,0,0,0,0,0,0,0,0,0,0,0,0,0,0,,0,,,,,,,,,,,,,,,,,,,,,,,,,,,,,,,,,,,2760,2761,2762,2763,2764,2765,2766,2767,2768,2769,2770,2771,,,,,,,
4788,mask satyr01 (Mid) -tracery,2772,185,0,0,0,0,0,0,0,0,5757,0,0,0,0,0,0,0,0,0,5732,0,0,0,0,0,0,0,0,0,0,0,0,0,0,0,0,0,0,0,0,,0,,,,,,,,,,,,,,,,,,,,,,,,,,,,,,,,,,,2772,2773,2774,2775,2776,2777,2778,2779,2780,2781,2782,2783,,,,,,,
4789,mask satyr01 (Hib) -tracery,2784,185,0,0,0,0,0,0,0,0,5758,0,0,0,0,0,0,0,0,0,5732,0,0,0,0,0,0,0,0,0,0,0,0,0,0,0,0,0,0,0,0,,0,,,,,,,,,,,,,,,,,,,,,,,,,,,,,,,,,,,2784,2785,2786,2787,2788,2789,2790,2791,2792,2793,2794,2795,,,,,,,
4790,mask satyr01 Minotaur -tracery,2796,185,0,0,0,0,0,0,0,0,5761,0,0,0,0,0,0,0,0,0,5732,0,0,0,0,0,0,0,0,0,0,0,0,0,0,0,0,0,0,0,0,,0,,,,,,,,,,,,,,,,,,,,,,,,,,,,,,,,,,,,,,,,,,,,,,,,,,,,,1
4791,mask SKULL01 (Alb) -glyphs,2612,185,0,0,0,0,0,0,0,0,5760,0,0,0,0,0,0,0,0,0,5734,0,0,0,0,0,0,0,0,0,0,0,0,0,0,0,0,0,0,0,0,,0,,,,,,,,,,,,,,,,,,,,,,,,,,,,,,,,,,,2612,2613,2614,2615,2616,2617,2618,2619,2620,2621,2622,2623,,,,,2164,,
4792,mask SKULL01 (Mid) - -glyphs,2624,185,0,0,0,0,0,0,0,0,5760,0,0,0,0,0,0,0,0,0,5734,0,0,0,0,0,0,0,0,0,0,0,0,0,0,0,0,0,0,0,0,,0,,,,,,,,,,,,,,,,,,,,,,,,,,,,,,,,,,,2624,2625,2626,2627,2628,2629,2630,2631,2632,2633,2634,2635,,,,,2164,,
4793,mask SKULL01 (Hib)  -glyphs,2636,185,0,0,0,0,0,0,0,0,5760,0,0,0,0,0,0,0,0,0,5734,0,0,0,0,0,0,0,0,0,0,0,0,0,0,0,0,0,0,0,0,,0,,,,,,,,,,,,,,,,,,,,,,,,,,,,,,,,,,,2636,2637,2638,2639,2640,2641,2642,2643,2644,2645,2646,2647,,,,,2164,,
4794,mask SKULL01 Minotaur  -glyphs,2648,185,0,0,0,0,0,0,0,0,5760,0,0,0,0,0,0,0,0,0,5734,0,0,0,0,0,0,0,0,0,0,0,0,0,0,0,0,0,0,0,0,,0,,,,,,,,,,,,,,,,,,,,,,,,,,,,,,,,,,,,,,,,,,,,,,,,,,,,,1
4795,Bounty Stardust,1,2875,0,0,0,0,0,0,0,0,0,0,0,0,0,0,0,0,0,0,0,0,0,0,0,0,0,0,0,0,0,0,0,0,0,0,0,0,0,0,0,,0,,,,,,,,,,,,,,,,,,,,,,,,,,,,,,,,,,,,,,,,,,,,,,,,,,,,,
4796,Bounty Recipe Template,1,2878,0,0,0,0,0,0,0,0,0,0,0,0,0,0,0,0,0,0,0,0,0,0,0,0,0,0,0,0,0,0,0,0,0,0,0,0,0,0,0,,0,,,,,,,,,,,,,,,,,,,,,,,,,,,,,,,,,,,,,,,,,,,,,,,,,,,,,
4797,Bounty Weapon Mold,1,2870,0,0,0,0,0,0,0,0,0,0,0,0,0,0,0,0,0,0,0,0,0,0,0,0,0,0,0,0,0,0,0,0,0,0,0,0,0,0,0,,0,,,,,,,,,,,,,,,,,,,,,,,,,,,,,,,,,,,,,,,,,,,,,,,,,,,,,
4798,Bounty Armor Mold,1,2873,0,0,0,0,0,0,0,0,0,0,0,0,0,0,0,0,0,0,0,0,0,0,0,0,0,0,0,0,0,0,0,0,0,0,0,0,0,0,0,,0,,,,,,,,,,,,,,,,,,,,,,,,,,,,,,,,,,,,,,,,,,,,,,,,,,,,,
4799,Bounty Accessory Mold,1,2869,0,0,0,0,0,0,0,0,0,0,0,0,0,0,0,0,0,0,0,0,0,0,0,0,0,0,0,0,0,0,0,0,0,0,0,0,0,0,0,,0,,,,,,,,,,,,,,,,,,,,,,,,,,,,,,,,,,,,,,,,,,,,,,,,,,,,,
4800,Large barrel Prop,569,521,0,0,0,0,0,0,0,0,0,0,0,0,0,0,0,0,0,0,0,0,0,0,0,0,0,0,0,0,0,0,0,0,0,0,0,0,0,0,0,,0,,,,,,,,1,,,,,,,,,,,,,,,,,,,,,,,,,,,,,,,,,,,,,,,,,,,,,
4801,Small barrel Prop,772,521,0,0,0,0,0,0,0,0,0,0,0,0,0,0,0,0,0,0,0,0,0,0,0,0,0,0,0,0,0,0,0,0,0,0,0,0,0,0,0,,0,,,,,,,,1,,,,,,,,,,,,,,,,,,,,,,,,,,,,,,,,,,,,,,,,,,,,,
4802,Table_Frontier_MID,1,598,0,0,0,0,0,0,0,0,0,0,0,0,0,0,0,0,0,0,0,0,2147,0,549,0,0,0,548,550,551,0,0,0,2834,0,0,0,0,0,0,1,0,,,,,,,,,,,,,,,,,,,,,,,,,,,,,,,,,,,,,,,,,,,,,,,,,,,,,
4803,Table_Frontier_HIB,1,598,0,0,0,0,0,0,0,0,0,0,0,0,0,0,0,0,0,0,0,0,2147,0,549,0,0,0,548,550,551,0,0,0,2835,0,0,0,0,0,0,1,0,,,,,,,,,,,,,,,,,,,,,,,,,,,,,,,,,,,,,,,,,,,,,,,,,,,,,
4804,Table_Frontier_ALB,1,598,0,0,0,0,0,0,0,0,0,0,0,0,0,0,0,0,0,0,0,0,2147,0,549,0,0,0,548,550,551,0,0,0,2836,0,0,0,0,0,0,1,0,,,,,,,,,,,,,,,,,,,,,,,,,,,,,,,,,,,,,,,,,,,,,,,,,,,,,
4805,Table_Frontier_ellan_Vannin,1,598,0,0,0,0,0,0,0,0,0,0,0,0,0,0,0,0,0,0,0,0,2147,0,549,0,0,0,548,550,551,0,0,0,2837,0,0,0,0,0,0,1,0,,,,,,,,,,,,,,,,,,,,,,,,,,,,,,,,,,,,,,,,,,,,,,,,,,,,,
4809,Head Pumpkin -Alb,0,5350,0,0,0,0,0,0,0,0,2145,1,0,0,0,0,0,0,0,0,2147,0,549,0,0,0,548,550,551,0,0,0,0,0,0,0,0,0,0,0,0,,0,,,,,,,,,,,,,,,,,,,,,,,,,,,,,,,,,,,2838,2839,2840,2839,2838,2839,2841,2839,2842,2842,2842,2842,,,,,2851,,
4810,Head Pumpkin -Mid,0,5350,0,0,0,0,0,0,0,0,2145,1,0,0,0,0,0,0,0,0,2147,0,549,0,0,0,548,550,551,0,0,0,0,0,0,0,0,0,0,0,0,,0,,,,,,,,,,,,,,,,,,,,,,,,,,,,,,,,,,,2838,2839,2848,2842,2847,2847,2844,2845,2849,2838,2840,2839,,,,,2851,,
4811,Head Pumpkin -Hib,0,5350,0,0,0,0,0,0,0,0,2145,1,0,0,0,0,0,0,0,0,2147,0,549,0,0,0,548,550,551,0,0,0,0,0,0,0,0,0,0,0,0,,0,,,,,,,,,,,,,,,,,,,,,,,,,,,,,,,,,,,2841,2839,2839,2839,2838,2840,2850,2839,2838,2839,2838,2838,,,,,2851,,
4812,Head pumpkin -Minotaur,2843,5350,0,0,0,0,0,0,0,0,2145,1,0,0,0,0,0,0,0,0,2147,0,549,0,0,0,548,550,551,0,0,0,0,0,0,0,0,0,0,0,0,,0,,,,,,,,,,,,,,,,,,,,,,,,,,,,,,,,,,,,,,,,,,,,,,,,,,,2851,,1
4813,Yule Hat -Alb,2854,587,0,0,0,0,0,0,0,0,5762,0,0,0,0,0,0,0,0,0,5762,,,,,,,,,,,,,,,,,,,,,,,,,,,,,,,,,,,,,,,,,,,,,,,,,,,,,,,,,2864,2864,2864,2864,2864,2864,2864,2853,2858,2858,2857,2858,,,,,,,
4814,Yule Hat -Mid,2854,587,0,0,0,0,0,0,0,0,5762,0,0,0,0,0,0,0,0,0,5762,,,,,,,,,,,,,,,,,,,,,,,,,,,,,,,,,,,,,,,,,,,,,,,,,,,,,,,,,2864,2864,2855,2855,2859,2866,2863,2865,2852,2864,2864,2864,,,,,,,
4815,Yule Hat -Hib,2854,587,0,0,0,0,0,0,0,0,5762,0,0,0,0,0,0,0,0,0,5762,,,,,,,,,,,,,,,,,,,,,,,,,,,,,,,,,,,,,,,,,,,,,,,,,,,,,,,,,2864,2864,2854,2864,2860,2867,2856,2868,2862,2862,2864,2864,,,,,,,
4816,headless ,0,587,0,0,0,0,0,0,0,0,5763,11,0,0,0,0,0,0,0,0,5763,,,,,,,,,,,,,,,,,,,,,,,,,,,,,,,,,,,,,,,,,,,,,,,,,,,,,,,,,,,,,,,,,,,,,,,,,1,1,
4817,krampus,0,587,0,0,0,0,0,0,0,0,5764,0,0,0,0,0,0,0,0,0,0,,,,,,,,,,,,,,,,,,,,,,,,,,,,,,,,,,,,,,,,,,,,,,,,,,,,,,,,,,,,,,,,,,,,,,,,,1,1,
4818,Tentacled Mask -Alb,0,5350,0,0,0,0,0,0,0,0,2145,1,0,0,0,0,0,0,0,0,2147,0,549,0,0,0,548,550,551,0,0,0,0,0,0,0,0,0,0,0,0,,0,,,,,,,,,,,,,,,,,,,,,,,,,,,,,,,,,,,2869,2870,2870,2870,2896,2870,2875,2876,2877,2877,2878,2879,,,,,2851,,
4819,Tentacled Mask -Mid,0,5350,0,0,0,0,0,0,0,0,2145,1,0,0,0,0,0,0,0,0,2147,0,549,0,0,0,548,550,551,0,0,0,0,0,0,0,0,0,0,0,0,,0,,,,,,,,,,,,,,,,,,,,,,,,,,,,,,,,,,,2880,2870,2881,2882,2883,2843,2884,2885,2886,2879,2887,2887,,,,,2851,,
4820,Tentacled Mask-Hib,0,5350,0,0,0,0,0,0,0,0,2145,1,0,0,0,0,0,0,0,0,2147,0,549,0,0,0,548,550,551,0,0,0,0,0,0,0,0,0,0,0,0,,0,,,,,,,,,,,,,,,,,,,,,,,,,,,,,,,,,,,2887,2870,2876,2875,2895,2894,2891,2892,2838,2893,2838,2838,,,,,2851,,
4821,Egg shield,2897,537,0,0,0,0,0,0,0,0,0,0,0,0,0,0,1,0,0,1,5765,0,0,1,0,0,0,0,0,0,0,0,0,0,0,0,0,0,0,0,0,,0,,,,,,,,,,,,,,,,,,,,,,,,,,,,,,,,,,,,,,,,,,,,,,,,1,,,,,
