Information,,Skin,Multi,Archive,Expansion,Material,Material,Material
ID,Textual Name,Name,,Num,Only,BaseTex,Tint Chan,Pass Alpha
301,Hard Leather,b_lea1_body1m.tga,0,1,0,0,,
302,Hard Leather,b_lea1_body1f.tga,0,1,0,0,,
303,Hard Leather,b_lea1_arm1.tga,0,1,0,0,,
304,Hard Leather,b_lea1_glov1.tga,0,1,0,0,,
305,Hard Leather,b_lea1_lbody1.tga,0,1,0,0,,
306,Hard Leather,b_lea1_leg1.tga,0,1,0,0,,
307,Hard Leather,b_lea1_boot1.tga,0,1,0,0,,
308,Padded Leather,b_lea2_body1m.tga,0,1,0,0,,
309,Padded Leather,b_lea2_body1f.tga,0,1,0,0,,
310,Padded Leather,b_lea2_arm1.tga,0,1,0,0,,
311,Padded Leather,b_lea2_glov1.tga,0,1,0,0,,
312,Padded Leather,b_lea2_lbody1.tga,0,1,0,0,,
313,Padded Leather,b_lea2_leg1.tga,0,1,0,0,,
314,Padded Leather,b_lea2_boot1.tga,0,1,0,0,,
315,Padded Leather,b_lea2_helm1.tga,0,7,0,0,,
316,Reinforced Leather,b_lea3_body1m.tga,0,1,0,0,,
317,Reinforced Leather,b_lea3_body1f.tga,0,1,0,0,,
318,Reinforced Leather,b_lea3_arm1.tga,0,1,0,0,,
319,Reinforced Leather,b_lea3_glov1.tga,0,1,0,0,,
320,Reinforced Leather,b_lea3_lbody1.tga,0,1,0,0,,
321,Reinforced Leather,b_lea3_leg1.tga,0,1,0,0,,
322,Reinforced Leather,b_lea3_boot1.tga,0,1,0,0,,
323,Plated Studded,b_std1_body1m.tga,0,1,0,0,,
324,Plated Studded,b_std1_body1f.tga,0,1,0,0,,
325,Plated Studded,b_std1_arm1.tga,0,1,0,0,,
326,Plated Studded,b_std1_glov1.tga,0,1,0,0,,
327,Plated Studded,b_std1_lbody1.tga,0,1,0,0,,
328,Plated Studded,b_std1_leg1.tga,0,1,0,0,,
329,Plated Studded,b_std1_boot1.tga,0,1,0,0,,
330,Studded,b_std2_body1m.tga,0,1,0,0,,
331,Studded,b_std2_body1f.tga,0,1,0,0,,
332,Studded,b_std2_arm1.tga,0,1,0,0,,
333,Studded,b_std2_glov1.tga,0,1,0,0,,
334,Studded,b_std2_lbody1.tga,0,1,0,0,,
335,Studded,b_std2_leg1.tga,0,1,0,0,,
336,Studded,b_std2_boot1.tga,0,1,0,0,,
337,Chain,b_chn1_body1m.tga,0,1,0,0,,
338,Chain,b_chn1_body1f.tga,0,1,0,0,,
339,Chain,b_chn1_arm1.tga,0,1,0,0,,
340,Chain,b_chn1_glov1.tga,0,1,0,0,,
341,Chain,b_chn1_lbody1.tga,0,1,0,0,,
342,Chain,b_chn1_leg1.tga,0,1,0,0,,
343,Chain,b_chn1_boot1.tga,0,1,0,0,,
344,Chain,b_chn1_helm1.tga,0,7,0,0,,
345,Plate,b_plt1_body1m.tga,0,2,0,0,,
346,Plate,b_plt1_body1f.tga,0,2,0,0,,
347,Plate,b_plt1_arm1.tga,0,2,0,0,,
348,Plate,b_plt1_glov1.tga,0,2,0,0,,
349,Plate,b_plt1_lbody1.tga,0,2,0,0,,
350,Plate,b_plt1_leg1.tga,0,2,0,0,,
351,Plate,b_plt1_boot1.tga,0,2,0,0,,
352,Plate,b_plt1_helm1.tga,0,7,0,0,,
353,Plate,b_plt1_helm2.tga,0,7,0,0,,
354,Ribbed Plate,b_plt2_body1m.tga,0,10,0,0,,
355,Ribbed Plate,b_plt2_body1f.tga,0,10,0,0,,
356,Ribbed Plate,b_plt2_arm1.tga,0,10,0,0,,
357,Ribbed Plate,b_plt2_glov1.tga,0,10,0,0,,
358,Ribbed Plate,b_plt2_lbody1.tga,0,10,0,0,,
359,Ribbed Plate,b_plt2_leg1.tga,0,10,0,0,,
360,Ribbed Plate,b_plt2_boot1.tga,0,10,0,0,,
361,cloak guy stuff,cloak.tga,0,1,0,0,,
362,New Cloak,cloak.tga,0,1,0,0,,
363,Robe 1 body,b_rob1_body3m.tga,0,3,0,0,,
364,Robe 1 Body female,b_rob1_body3f.tga,0,3,0,0,,
365,Robe 1 Lower Body,b_rob1_lbody3.tga,0,3,0,0,,
366,Robe 1 Arms,b_rob1_arm3.tga,0,3,0,0,,
367,Robe 2 Body,b_rob2_body3m.tga,0,3,0,0,,
368,Robe 2 body Female,b_rob2_body3f.tga,0,3,0,0,,
369,Robe 2 Lower Body,b_rob2_lbody3.tga,0,3,0,0,,
370,Robe 2 Arms,b_rob2_arm3.tga,0,3,0,0,,
371,Robe 3 Body,b_rob3_body3m.tga,0,3,0,0,,
372,Robe 3 Body Female,b_rob3_body3f.tga,0,3,0,0,,
373,Robe 3 Lower Body,b_rob3_lbody3.tga,0,3,0,0,,
374,Robe 3 Arms,b_rob3_arm3.tga,0,3,0,0,,
375,Robe 4 Body,b_rob4_body3m.tga,0,3,0,0,,
376,Robe 4 body F,b_rob4_body3f.tga,0,3,0,0,,
377,Robe 5 Body,b_rob5_body3m.tga,0,3,0,0,,
378,Robe 5 body F,b_rob5_body3f.tga,0,3,0,0,,
379,Guard,g1_cloak_a.tga,0,1,0,0,,
380,Guard,g1_cloak_b.tga,0,1,0,0,,
381,Guard,g1_helm1.tga,0,6,0,0,,
382,Guard,g1_helm2.tga,0,6,0,0,,
383,Cloth,B_cth2_arm1.tga,0,1,0,0,,
384,Cloth,B_cth2_body1F.tga,0,1,0,0,,
385,Cloth,B_cth2_body1M.tga,0,1,0,0,,
386,Cloth,B_cth2_boot1.tga,0,1,0,0,,
387,Cloth,B_cth2_glov1.tga,0,1,0,0,,
388,Cloth,B_cth2_Lbody1.tga,0,1,0,0,,
389,Cloth,B_cth2_leg1.tga,0,1,0,0,,
390,Green-Gold Cloak,B_cloak1.tga,0,1,0,0,,
391,Crude Leather,b_lea0_body1m.tga,0,1,0,0,,
392,Crude Leather,b_lea0_body1f.tga,0,1,0,0,,
393,Crude Leather,b_lea0_arm1.tga,0,1,0,0,,
394,Crude Leather,b_lea0_glov1.tga,0,1,0,0,,
395,Crude Leather,b_lea0_lbody1.tga,0,1,0,0,,
396,Crude Leather,b_lea0_leg1.tga,0,1,0,0,,
397,Crude Leather,b_lea0_boot1.tga,0,1,0,0,,
398,Heavy Studded,b_std3_body1m.tga,0,1,0,0,,
399,Heavy Studded,b_std3_body1f.tga,0,1,0,0,,
400,Heavy Studded,b_std3_arm1.tga,0,1,0,0,,
401,Heavy Studded,b_std3_glov1.tga,0,1,0,0,,
402,Heavy Studded,b_std3_lbody1.tga,0,1,0,0,,
403,Heavy Studded,b_std3_leg1.tga,0,1,0,0,,
404,Heavy Studded,b_std3_boot1.tga,0,1,0,0,,
433,Special Leather,b_lea0_body1m.tga,0,1,0,0,,
434,Special Leather,b_lea0_body1f.tga,0,1,0,0,,
435,Special Leather,b_lea0_arm1.tga,0,1,0,0,,
436,Special Leather,b_lea0_glov1.tga,0,1,0,0,,
437,Special Leather,b_lea0_lbody1.tga,0,1,0,0,,
438,Special Leather,b_lea0_leg1.tga,0,1,0,0,,
439,Special Leather,b_lea0_boot1.tga,0,1,0,0,,
440,New Chain 2,b_chn2_body1m.tga,0,1,0,0,,
441,New Chain 2,b_chn2_body1f.tga,0,1,0,0,,
442,New Chain 2,b_chn2_arm1.tga,0,1,0,0,,
443,New Chain 2,b_chn2_glov1.tga,0,1,0,0,,
444,New Chain 2,b_chn2_lbody1.tga,0,1,0,0,,
445,New Chain 2,b_chn2_leg1.tga,0,1,0,0,,
446,New Chain 2,b_chn2_boot1.tga,0,1,0,0,,
447,New Chain 3,b_chn2_body1m.tga,0,1,0,0,,
448,New Chain 3,b_chn2_body1f.tga,0,1,0,0,,
449,New Chain 3,b_chn2_arm1.tga,0,1,0,0,,
450,New Chain 3,b_chn2_glov1.tga,0,1,0,0,,
451,New Chain 3,b_chn2_lbody1.tga,0,1,0,0,,
452,New Chain 3,b_chn2_leg1.tga,0,1,0,0,,
453,New Chain 3,b_chn2_boot1.tga,0,1,0,0,,
454,New Chain 4,b_chn2_body1m.tga,0,1,0,0,,
455,New Chain 4,b_chn2_body1f.tga,0,1,0,0,,
456,New Chain 4,b_chn2_arm1.tga,0,1,0,0,,
457,New Chain 4,b_chn2_glov1.tga,0,1,0,0,,
458,New Chain 4,b_chn2_lbody1.tga,0,1,0,0,,
459,New Chain 4,b_chn2_leg1.tga,0,1,0,0,,
460,New Chain 4,b_chn2_boot1.tga,0,1,0,0,,
461,Special Chain,b_chn2_body1m.tga,0,1,0,0,,
462,Special Chain,b_chn2_body1f.tga,0,1,0,0,,
463,Special Chain,b_chn2_arm1.tga,0,1,0,0,,
464,Special Chain,b_chn2_glov1.tga,0,1,0,0,,
465,Special Chain,b_chn2_lbody1.tga,0,1,0,0,,
466,Special Chain,b_chn2_leg1.tga,0,1,0,0,,
467,Special Chain,b_chn2_boot1.tga,0,1,0,0,,
468,New Plate 3,b_plt1_body1m.tga,0,1,0,0,,
469,New Plate 3,b_plt1_body1f.tga,0,1,0,0,,
470,New Plate 3,b_plt1_arm1.tga,0,1,0,0,,
471,New Plate 3,b_plt1_glov1.tga,0,1,0,0,,
472,New Plate 3,b_plt1_lbody1.tga,0,1,0,0,,
473,New Plate 3,b_plt1_leg1.tga,0,1,0,0,,
474,New Plate 3,b_plt1_boot1.tga,0,1,0,0,,
475,New Plate 4,b_plt1_body1m.tga,0,1,0,0,,
476,New Plate 4,b_plt1_body1f.tga,0,1,0,0,,
477,New Plate 4,b_plt1_arm1.tga,0,1,0,0,,
478,New Plate 4,b_plt1_glov1.tga,0,1,0,0,,
479,New Plate 4,b_plt1_lbody1.tga,0,1,0,0,,
480,New Plate 4,b_plt1_leg1.tga,0,1,0,0,,
481,New Plate 4,b_plt1_boot1.tga,0,1,0,0,,
482,Special Plate,b_plt1_body1m.tga,0,1,0,0,,
483,Special Plate,b_plt1_body1f.tga,0,1,0,0,,
484,Special Plate,b_plt1_arm1.tga,0,1,0,0,,
485,Special Plate,b_plt1_glov1.tga,0,1,0,0,,
486,Special Plate,b_plt1_lbody1.tga,0,1,0,0,,
487,Special Plate,b_plt1_leg1.tga,0,1,0,0,,
488,Special Plate,b_plt1_boot1.tga,0,1,0,0,,
489,New Studded 4,b_std2_body1m.tga,0,1,0,0,,
490,New Studded 4,b_std2_body1f.tga,0,1,0,0,,
491,New Studded 4,b_std2_arm1.tga,0,1,0,0,,
492,New Studded 4,b_std2_glov1.tga,0,1,0,0,,
493,New Studded 4,b_std2_lbody1.tga,0,1,0,0,,
494,New Studded 4,b_std2_leg1.tga,0,1,0,0,,
495,New Studded 4,b_std2_boot1.tga,0,1,0,0,,
496,Special Studded,b_std3_body1m.tga,0,1,0,0,,
497,Special Studded,b_std3_body1f.tga,0,1,0,0,,
498,Special Studded,b_std3_arm1.tga,0,1,0,0,,
499,Special Studded,b_std3_glov1.tga,0,1,0,0,,
500,Special Studded,b_std3_lbody1.tga,0,1,0,0,,
501,Special Studded,b_std3_leg1.tga,0,1,0,0,,
502,Special Studded,b_std3_boot1.tga,0,1,0,0,,
503,Norse Studded,n_std0_body1m.tga,0,1,0,0,,
504,Norse Studded,n_std0_body1f.tga,0,1,0,0,,
505,Norse Studded,n_std0_arm1.tga,0,1,0,0,,
506,Norse Studded,n_std0_glov1.tga,0,1,0,0,,
507,Norse Studded,n_std0_lbody1.tga,0,1,0,0,,
508,Norse Studded,n_std0_leg1.tga,0,1,0,0,,
509,Norse Studded,n_std0_boot1.tga,0,1,0,0,,
510,Norse Chain,n_chn0_body1m.tga,0,1,0,0,,
511,Norse Chain,b_chn1_body1f.tga,0,1,0,0,,
512,Norse Chain,n_chn0_arm1.tga,0,1,0,0,,
513,Norse Chain,n_chn0_glov1.tga,0,1,0,0,,
514,Norse Chain,n_chn0_lbody1.tga,0,1,0,0,,
515,Norse Chain,n_chn0_leg1.tga,0,1,0,0,,
516,Norse Chain,n_chn0_boot1.tga,0,1,0,0,,
517,Norse Leather,n_lea0_body1m.tga,0,1,0,0,,
518,Norse Leather,n_lea0_body1f.tga,0,1,0,0,,
519,Norse Leather,n_lea0_arm1.tga,0,1,0,0,,
520,Norse Leather,n_lea0_glov1.tga,0,1,0,0,,
521,Norse Leather,n_lea0_lbody1.tga,0,1,0,0,,
522,Norse Leather,n_lea0_leg1.tga,0,1,0,0,,
523,Norse Leather,n_lea0_boot1.tga,0,1,0,0,,
524,Norse Cloth,n_cth1_body1F.tga,0,1,0,0,,
525,Norse Cloth,n_cth1_body1M.tga,0,1,0,0,,
526,Norse Cloth,n_cth1_boot1.tga,0,1,0,0,,
527,Norse Cloth,n_cth1_glov1.tga,0,1,0,0,,
528,Norse Cloth,n_cth1_Lbody1.tga,0,1,0,0,,
529,Norse Cloth,n_cth1_leg1.tga,0,1,0,0,,
530,Norse Cloth,n_cth1_arm1.tga,0,1,0,0,,
531,Norse Studded 2,n_std2_body1m.tga,0,1,0,0,,
532,Norse Studded 2,n_std2_body1f.tga,0,1,0,0,,
533,Norse Studded 2,n_std2_arm1.tga,0,1,0,0,,
534,Norse Studded 2,n_std2_glov1.tga,0,1,0,0,,
535,Norse Studded 2,n_std2_lbody1.tga,0,1,0,0,,
536,Norse Studded 2,n_std2_leg1.tga,0,1,0,0,,
537,Norse Studded 2,n_std2_boot1.tga,0,1,0,0,,
538,Norse Chain 2,n_chn1_body1m.tga,0,1,0,0,,
539,Norse Chain 2,n_chn1_body1f.tga,0,1,0,0,,
540,Norse Chain 2,n_chn1_arm1.tga,0,1,0,0,,
541,Norse Chain 2,n_chn1_glov1.tga,0,1,0,0,,
542,Norse Chain 2,n_chn1_lbody1.tga,0,1,0,0,,
543,Norse Chain 2,n_chn1_leg1.tga,0,1,0,0,,
544,Norse Chain 2,n_chn1_boot1.tga,0,1,0,0,,
545,Norse Leather 2,n_lea1_body1m.tga,0,1,0,0,,
546,Norse Leather 2,n_lea1_body1f.tga,0,1,0,0,,
547,Norse Leather 2,n_lea1_arm1.tga,0,1,0,0,,
548,Norse Leather 2,n_lea1_glov1.tga,0,1,0,0,,
549,Norse Leather 2,n_lea1_lbody1.tga,0,8,0,0,,
550,Norse Leather 2,n_lea1_leg1.tga,0,1,0,0,,
551,Norse Leather 2,n_lea1_boot1.tga,0,1,0,0,,
552,Norse Cloth 2,n_cth2_body1F.tga,0,3,0,0,,
553,Norse Cloth 2,n_cth2_body1M.tga,0,3,0,0,,
554,Norse Cloth 2,n_cth2_boot1.tga,0,3,0,0,,
555,Norse Cloth 2,n_cth2_glov1.tga,0,3,0,0,,
556,Norse Cloth 2,n_cth2_Lbody1.tga,0,3,0,0,,
557,Norse Cloth 2,n_cth2_leg1.tga,0,3,0,0,,
558,Norse Cloth 2,n_cth2_arm1.tga,0,3,0,0,,
559,Norse Studded 3,n_std3_body1m.tga,0,1,0,0,,
560,Norse Studded 3,n_std3_body1f.tga,0,1,0,0,,
561,Norse Studded 3,n_std3_arm1.tga,0,1,0,0,,
562,Norse Studded 3,n_std3_glov1.tga,0,1,0,0,,
563,Norse Studded 3,n_std3_lbody1.tga,0,1,0,0,,
564,Norse Studded 3,n_std3_leg1.tga,0,1,0,0,,
565,Norse Studded 3,n_std3_boot1.tga,0,1,0,0,,
566,Norse Chain 3,n_chn2_body1m.tga,0,1,0,0,,
567,Norse Chain 3,b_chn2_body1f.tga,0,1,0,0,,
568,Norse Chain 3,n_chn2_arm1.tga,0,1,0,0,,
569,Norse Chain 3,n_chn2_glov1.tga,0,1,0,0,,
570,Norse Chain 3,n_chn2_lbody1.tga,0,1,0,0,,
571,Norse Chain 3,n_chn2_leg1.tga,0,1,0,0,,
572,Norse Chain 3,n_chn2_boot1.tga,0,1,0,0,,
573,Norse Leather 3,n_lea2_body1m.tga,0,1,0,0,,
574,Norse Leather 3,n_lea2_body1f.tga,0,1,0,0,,
575,Norse Leather 3,n_lea2_arm1.tga,0,1,0,0,,
576,Norse Leather 3,n_lea2_glov1.tga,0,1,0,0,,
577,Norse Leather 3,n_lea2_lbody1.tga,0,1,0,0,,
578,Norse Leather 3,n_lea2_leg1.tga,0,1,0,0,,
579,Norse Leather 3,n_lea2_boot1.tga,0,1,0,0,,
580,Norse Cloth 3,n_cth1_body1F.tga,0,1,0,0,,
581,Norse Cloth 3,n_cth1_body1M.tga,0,1,0,0,,
582,Norse Cloth 3,n_cth1_boot1.tga,0,1,0,0,,
583,Norse Cloth 3,n_cth1_glov1.tga,0,1,0,0,,
584,Norse Cloth 3,n_cth1_Lbody1.tga,0,1,0,0,,
585,Norse Cloth 3,n_cth1_leg1.tga,0,1,0,0,,
586,Norse Cloth 3,n_cth1_arm1.tga,0,1,0,0,,
587,Norse Special Studded,n_std3_body1m.tga,0,1,0,0,,
588,Norse Special Studded,n_std3_body1f.tga,0,1,0,0,,
589,Norse Special Studded,n_std3_arm1.tga,0,1,0,0,,
590,Norse Special Studded,n_std3_glov1.tga,0,1,0,0,,
591,Norse Special Studded,n_std3_lbody1.tga,0,1,0,0,,
592,Norse Special Studded,n_std3_leg1.tga,0,1,0,0,,
593,Norse Special Studded,n_std3_boot1.tga,0,1,0,0,,
594,Norse Special Chain,n_chn2_body1m.tga,0,1,0,0,,
595,Norse Special Chain,b_chn2_body1f.tga,0,1,0,0,,
596,Norse Special Chain,n_chn2_arm1.tga,0,1,0,0,,
597,Norse Special Chain,n_chn2_glov1.tga,0,1,0,0,,
598,Norse Special Chain,n_chn2_lbody1.tga,0,1,0,0,,
599,Norse Special Chain,n_chn2_leg1.tga,0,1,0,0,,
600,Norse Special Chain,n_chn2_boot1.tga,0,1,0,0,,
601,Norse Special Leather,n_lea3_body1m.tga,0,1,0,0,,
602,Norse Special Leather,n_lea3_body1f.tga,0,1,0,0,,
603,Norse Special Leather,n_lea3_arm1.tga,0,1,0,0,,
604,Norse Special Leather,n_lea3_glov1.tga,0,1,0,0,,
605,Norse Special Leather,n_lea3_lbody1.tga,0,1,0,0,,
606,Norse Special Leather,n_lea3_leg1.tga,0,1,0,0,,
607,Norse Special Leather,n_lea3_boot1.tga,0,1,0,0,,
608,Norse Special Cloth,n_cth1_body1F.tga,0,1,0,0,,
609,Norse Special Cloth,n_cth1_body1M.tga,0,1,0,0,,
610,Norse Special Cloth,n_cth1_boot1.tga,0,1,0,0,,
611,Norse Special Cloth,n_cth1_glov1.tga,0,1,0,0,,
612,Norse Special Cloth,n_cth1_Lbody1.tga,0,1,0,0,,
613,Norse Special Cloth,n_cth1_leg1.tga,0,1,0,0,,
614,Norse Special Cloth,n_cth1_arm1.tga,0,1,0,0,,
615,Norse Helm Texture,N_helm.tga,0,7,0,0,,
618,Norse Cloak Texture,t_cloak.tga,0,1,0,0,,
619,Celtic Special Cloth,h_cth1_body1F.tga,0,1,0,0,,
620,Celtic Special Cloth,h_cth1_body1M.tga,0,1,0,0,,
621,Celtic Special Cloth,h_cth1_arm1.tga,0,1,0,0,,
622,Celtic Special Cloth,h_cth1_glov1.tga,0,1,0,0,,
623,Celtic Special Cloth,h_cth1_Lbody1.tga,0,1,0,0,,
624,Celtic Special Cloth,h_cth1_leg1.tga,0,1,0,0,,
625,Celtic Special Cloth,h_cth1_boot1.tga,0,1,0,0,,
626,Celtic Special Reinforced,h_ren1_body1m.tga,0,1,0,0,,
627,Celtic Special Reinforced,h_ren1_body1f.tga,0,1,0,0,,
628,Celtic Special Reinforced,h_ren1_arm1.tga,0,1,0,0,,
629,Celtic Special Reinforced,h_ren1_glov1.tga,0,1,0,0,,
630,Celtic Special Reinforced,h_ren1_lbody1.tga,0,1,0,0,,
631,Celtic Special Reinforced,h_ren1_leg1.tga,0,1,0,0,,
632,Celtic Special Reinforced,h_ren1_boot1.tga,0,1,0,0,,
633,Celtic Special Scaled,h_scl1_body1m.tga,0,1,0,0,,
634,Celtic Special Scaled,h_scl1_body1f.tga,0,1,0,0,,
635,Celtic Special Scaled,h_scl1_arm1.tga,0,1,0,0,,
636,Celtic Special Scaled,h_scl1_glov1.tga,0,1,0,0,,
637,Celtic Special Scaled,h_scl1_lbody1.tga,0,1,0,0,,
638,Celtic Special Scaled,h_scl1_leg1.tga,0,1,0,0,,
639,Celtic Special Scaled,h_scl1_boot1.tga,0,1,0,0,,
640,Celtic Special Leather,h_lea1_body1m.tga,0,1,0,0,,
641,Celtic Special Leather,h_lea1_body1f.tga,0,1,0,0,,
642,Celtic Special Leather,h_lea1_arm1.tga,0,1,0,0,,
643,Celtic Special Leather,h_lea1_glov1.tga,0,1,0,0,,
644,Celtic Special Leather,h_lea1_lbody1.tga,0,1,0,0,,
645,Celtic Special Leather,h_lea1_leg1.tga,0,1,0,0,,
646,Celtic Special Leather,h_lea1_boot1.tga,0,1,0,0,,
647,Celtic Worn Cloth,h_cth1_body1F.tga,0,1,0,0,,
648,Celtic Worn Cloth,h_cth1_body1M.tga,0,1,0,0,,
649,Celtic Worn Cloth,h_cth1_arm1.tga,0,1,0,0,,
650,Celtic Worn Cloth,h_cth1_glov1.tga,0,1,0,0,,
651,Celtic Worn Cloth,h_cth1_Lbody1.tga,0,1,0,0,,
652,Celtic Worn Cloth,h_cth1_leg1.tga,0,1,0,0,,
653,Celtic Worn Cloth,h_cth1_boot1.tga,0,1,0,0,,
654,Celtic Worn Reinforced,h_ren1_body1m.tga,0,1,0,0,,
655,Celtic Worn Reinforced,h_ren1_body1f.tga,0,1,0,0,,
656,Celtic Worn Reinforced,h_ren1_arm1.tga,0,1,0,0,,
657,Celtic Worn Reinforced,h_ren1_glov1.tga,0,1,0,0,,
658,Celtic Worn Reinforced,h_ren1_lbody1.tga,0,1,0,0,,
659,Celtic Worn Reinforced,h_ren1_leg1.tga,0,1,0,0,,
660,Celtic Worn Reinforced,h_ren1_boot1.tga,0,1,0,0,,
661,Celtic Worn Scaled,h_scl1_body1m.tga,0,1,0,0,,
662,Celtic Worn Scaled,h_scl1_body1f.tga,0,1,0,0,,
663,Celtic Worn Scaled,h_scl1_arm1.tga,0,1,0,0,,
664,Celtic Worn Scaled,h_scl1_glov1.tga,0,1,0,0,,
665,Celtic Worn Scaled,h_scl1_lbody1.tga,0,1,0,0,,
666,Celtic Worn Scaled,h_scl1_leg1.tga,0,1,0,0,,
667,Celtic Worn Scaled,h_scl1_boot1.tga,0,1,0,0,,
668,Celtic Worn Leather,h_lea0_body1m.tga,0,1,0,0,,
669,Celtic Worn Leather,h_lea0_body1f.tga,0,1,0,0,,
670,Celtic Worn Leather,h_lea0_arm1.tga,0,1,0,0,,
671,Celtic Worn Leather,h_lea0_glov1.tga,0,1,0,0,,
672,Celtic Worn Leather,h_lea0_lbody1.tga,0,1,0,0,,
673,Celtic Worn Leather,h_lea0_leg1.tga,0,1,0,0,,
674,Celtic Worn Leather,h_lea0_boot1.tga,0,1,0,0,,
675,Celtic Cloth 1,h_cth1_body1F.tga,0,1,0,0,,
676,Celtic Cloth 1,h_cth1_body1M.tga,0,1,0,0,,
677,Celtic Cloth 1,h_cth1_arm1.tga,0,1,0,0,,
678,Celtic Cloth 1,h_cth1_glov1.tga,0,1,0,0,,
679,Celtic Cloth 1,h_cth1_Lbody1.tga,0,1,0,0,,
680,Celtic Cloth 1,h_cth1_leg1.tga,0,1,0,0,,
681,Celtic Cloth 1,h_cth1_boot1.tga,0,1,0,0,,
682,Celtic Reinforced 1,h_ren1_body1m.tga,0,1,0,0,,
683,Celtic Reinforced 1,h_ren1_body1f.tga,0,1,0,0,,
684,Celtic Reinforced 1,h_ren1_arm1.tga,0,1,0,0,,
685,Celtic Reinforced 1,h_ren1_glov1.tga,0,1,0,0,,
686,Celtic Reinforced 1,h_ren1_lbody1.tga,0,1,0,0,,
687,Celtic Reinforced 1,h_ren1_leg1.tga,0,1,0,0,,
688,Celtic Reinforced 1,h_ren1_boot1.tga,0,1,0,0,,
689,Celtic Scaled 1,h_scl1_body1m.tga,0,1,0,0,,
690,Celtic Scaled 1,h_scl1_body1f.tga,0,1,0,0,,
691,Celtic Scaled 1,h_scl1_arm1.tga,0,1,0,0,,
692,Celtic Scaled 1,h_scl1_glov1.tga,0,1,0,0,,
693,Celtic Scaled 1,h_scl1_lbody1.tga,0,1,0,0,,
694,Celtic Scaled 1,h_scl1_leg1.tga,0,1,0,0,,
695,Celtic Scaled 1,h_scl1_boot1.tga,0,1,0,0,,
696,Celtic Leather 1,h_lea1_body1m.tga,0,1,0,0,,
697,Celtic Leather 1,h_lea1_body1f.tga,0,1,0,0,,
698,Celtic Leather 1,h_lea1_arm1.tga,0,1,0,0,,
699,Celtic Leather 1,h_lea1_glov1.tga,0,1,0,0,,
700,Celtic Leather 1,h_lea1_lbody1.tga,0,1,0,0,,
701,Celtic Leather 1,h_lea1_leg1.tga,0,1,0,0,,
702,Celtic Leather 1,h_lea1_boot1.tga,0,1,0,0,,
703,Celtic Cloth 2,h_cth1_body1F.tga,0,1,0,0,,
704,Celtic Cloth 2,h_cth1_body1M.tga,0,1,0,0,,
710,Celtic Reinforced 2,h_ren2_body1m.tga,0,1,0,0,,
711,Celtic Reinforced 2,h_ren2_body1f.tga,0,1,0,0,,
712,Celtic Reinforced 2,h_ren2_arm1.tga,0,1,0,0,,
713,Celtic Reinforced 2,h_ren2_glov1.tga,0,1,0,0,,
714,Celtic Reinforced 2,h_ren2_lbody1.tga,0,1,0,0,,
715,Celtic Reinforced 2,h_ren2_leg1.tga,0,1,0,0,,
716,Celtic Reinforced 2,h_ren2_boot1.tga,0,1,0,0,,
717,Celtic Scaled 2,h_scl2_body1m.tga,0,1,0,0,,
718,Celtic Scaled 2,h_scl2_body1f.tga,0,1,0,0,,
719,Celtic Scaled 2,h_scl2_arm1.tga,0,1,0,0,,
720,Celtic Scaled 2,h_scl2_glov1.tga,0,1,0,0,,
721,Celtic Scaled 2,h_scl2_lbody1.tga,0,1,0,0,,
722,Celtic Scaled 2,h_scl2_leg1.tga,0,1,0,0,,
723,Celtic Scaled 2,h_scl2_boot1.tga,0,1,0,0,,
724,Celtic Leather 2,h_lea2_body1m.tga,0,1,0,0,,
725,Celtic Leather 2,h_lea2_body1f.tga,0,1,0,0,,
726,Celtic Leather 2,h_lea2_arm1.tga,0,1,0,0,,
727,Celtic Leather 2,h_lea2_glov1.tga,0,1,0,0,,
728,Celtic Leather 2,h_lea2_lbody1.tga,0,1,0,0,,
729,Celtic Leather 2,h_lea2_leg1.tga,0,1,0,0,,
730,Celtic Leather 2,h_lea2_boot1.tga,0,1,0,0,,
738,Celtic Reinforced 3,h_ren3_body1m.tga,0,1,0,0,,
739,Celtic Reinforced 3,h_ren3_body1f.tga,0,1,0,0,,
740,Celtic Reinforced 3,h_ren3_arm1.tga,0,1,0,0,,
741,Celtic Reinforced 3,h_ren3_glov1.tga,0,1,0,0,,
742,Celtic Reinforced 3,h_ren3_lbody1.tga,0,1,0,0,,
743,Celtic Reinforced 3,h_ren3_leg1.tga,0,1,0,0,,
744,Celtic Reinforced 3,h_ren3_boot1.tga,0,1,0,0,,
745,Celtic Scaled 3,h_scl3_body1m.tga,0,1,0,0,,
746,Celtic Scaled 3,h_scl3_body1f.tga,0,1,0,0,,
747,Celtic Scaled 3,h_scl3_arm1.tga,0,1,0,0,,
748,Celtic Scaled 3,h_scl3_glov1.tga,0,1,0,0,,
749,Celtic Scaled 3,h_scl3_lbody1.tga,0,1,0,0,,
750,Celtic Scaled 3,h_scl3_leg1.tga,0,1,0,0,,
751,Celtic Scaled 3,h_scl3_boot1.tga,0,1,0,0,,
752,Celtic Leather 3,h_lea3_body1m.tga,0,1,0,0,,
753,Celtic Leather 3,h_lea3_body1f.tga,0,1,0,0,,
754,Celtic Leather 3,h_lea3_arm1.tga,0,1,0,0,,
755,Celtic Leather 3,h_lea3_glov1.tga,0,1,0,0,,
756,Celtic Leather 3,h_lea3_lbody1.tga,0,1,0,0,,
757,Celtic Leather 3,h_lea3_leg1.tga,0,1,0,0,,
758,Celtic Leather 3,h_lea3_boot1.tga,0,1,0,0,,
759,Mage Cloak,mage_cloak1.tga,0,1,0,0,,
760,shield wood,sh_wood01.tga,0,1,0,0,,
761,shield metal,sh_metal01.tga,0,1,0,0,,
762,Cloak 2,cloak2.tga,0,1,0,0,,
763,Mage Cloak 2,mage_cloak2.tga,0,1,0,0,,
764,Mage Cloak 3,mage_cloak3.tga,0,1,0,0,,
765,Cloak3,cloak3.tga,0,1,0,0,,
766,Briton Guard Armor,b_grd1b_body1m.tga,0,8,0,0,,
767,Briton Guard Armor,b_grd1b_body1f.tga,0,8,0,0,,
768,Briton Guard Armor,b_grd1_arm1.tga,0,2,0,0,,
769,Briton Guard Armor,b_grd1_glov1.tga,0,2,0,0,,
770,Briton Guard Armor,b_grd1_lbody1.tga,0,2,0,0,,
771,Briton Guard Armor,b_grd1_leg1.tga,0,2,0,0,,
772,Briton Guard Armor,b_grd1_boot1.tga,0,2,0,0,,
773,Hibernian Guard Armor,h_grd1_body1f.tga,0,2,0,0,,
774,Hibernian Guard Armor,h_grd1_body1m.tga,0,2,0,0,,
775,Hibernian Guard Armor,h_grd1_lbody1.tga,0,2,0,0,,
776,Norse Guard Armor,n_grd1_body1f.tga,0,2,0,0,,
777,Norse Guard Armor,n_grd1_body1m.tga,0,2,0,0,,
778,Norse Guard Armor,n_grd1_lbody1.tga,0,2,0,0,,
779,Briton PVP Guard Cloak,b_grd1_pvpcloak1.tga,0,3,0,0,,
780,Norse PVP Guard Cloak,n_grd1_pvpcloak1.tga,0,3,0,0,,
781,Hibernian PVP Guard Cloak,h_grd1_pvpcloak1.tga,0,3,0,0,,
782,Guild Banner default,bannercloth.tga,0,3,0,0,,
783,Friar robe 1 Body,b_rob6_body3m.tga,0,3,0,0,,
784,Friar robe 1 Body F,b_rob6_body3f.tga,0,3,0,0,,
785,Friar robe 1 Lower Body,b_rob6_lbody3.tga,0,3,0,0,,
786,Friar robe 1 Arms,b_rob6_arm3.tga,0,3,0,0,,
787,Cabalist Robe  Body,b_rob7_body3m.tga,0,3,0,0,,
788,Cabalist Robe  Body,b_rob7_body3f.tga,0,3,0,0,,
789,Cabalist Robe  Lower Body,b_rob7_lbody3.tga,0,3,0,0,,
790,Cabalist Robe  Arms,b_rob7_arm3.tga,0,3,0,0,,
791,mage robe 4  Lower Body,b_rob4_lbody3.tga,0,3,0,0,,
792,mage robe 4  Arms,b_rob4_arm3.tga,0,3,0,0,,
793,mage robe 5  Lower Body,b_rob5_lbody3.tga,0,3,0,0,,
794,mage robe 5  Arms,b_rob5_arm3.tga,0,3,0,0,,
795,Robe 0 body,b_rob0_body3m.tga,0,3,0,0,,
796,Robe 0 Body female,b_rob0_body3f.tga,0,3,0,0,,
797,Robe 0 Lower Body,b_rob0_lbody3.tga,0,3,0,0,,
798,Robe 0 Arms,b_rob0_arm3.tga,0,3,0,0,,
799,Friar robe 2 body,b_rob8_body3m.tga,0,3,0,0,,
800,Friar robe 2 Body female,b_rob8_body3f.tga,0,3,0,0,,
801,Friar robe 2 Lower Body,b_rob8_lbody3.tga,0,3,0,0,,
802,Friar robe 2 Arms,b_rob8_arm3.tga,0,3,0,0,,
803,Friar Robe 3 body,b_rob9_body3m.tga,0,3,0,0,,
804,Friar Robe 3 Fem Body,b_rob9_body3f.tga,0,3,0,0,,
805,Friar Robe 3 lbody,b_rob9_lbody3.tga,0,3,0,0,,
806,Friar robe 3 arms,b_rob9_arm3.tga,0,3,0,0,,
807,Plate 7 arms,b_plt7_arm1.tga,0,4,0,0,,
808,plate 7 male body,b_plt7_body1m.tga,0,4,0,0,,
809,plate 7 female body,b_plt7_body1f.tga,0,4,0,0,,
810,plate 7 boots,b_plt7_boot1.tga,0,4,0,0,,
811,plate 7 gloves,b_plt7_glov1.tga,0,4,0,0,,
812,plate 7 lower body,b_plt7_lbody1.tga,0,4,0,0,,
813,plate 7 legs,b_plt7_leg1.tga,0,4,0,0,,
814,Paladin Plate arms,b_plt6_arm1.tga,0,4,0,0,,
815,Paladin Plate male body,b_plt6_body1m.tga,0,4,0,0,,
816,Paladin Plate female body,b_plt6_body1f.tga,0,4,0,0,,
817,Paladin Plate boots,b_plt6_boot1.tga,0,4,0,0,,
818,Paladin Plate gloves,b_plt6_glov1.tga,0,4,0,0,,
819,Paladin Plate lower body,b_plt6_lbody1.tga,0,4,0,0,,
820,Paladin Plate legs,b_plt6_leg1.tga,0,4,0,0,,
821,Healer Chain arms,n_chn7_arm1.tga,0,4,0,0,,
822,Healer Chain male body,n_chn7_body1m.tga,0,4,0,0,,
823,Healer Chain female body,n_chn7_body1f.tga,0,4,0,0,,
824,Healer Chain boots,n_chn7_boot1.tga,0,4,0,0,,
825,Healer Chain gloves,n_chn7_glov1.tga,0,4,0,0,,
826,Healer Chain lower body,n_chn7_lbody1.tga,0,4,0,0,,
827,Healer Chain legs,n_chn7_leg1.tga,0,4,0,0,,
828,Norse Runemaster Cloth,n_cth7_body1F.tga,0,4,0,0,,
829,Norse Runemaster Cloth,n_cth7_body1M.tga,0,4,0,0,,
830,Norse Runemaster Cloth,n_cth7_boot1.tga,0,4,0,0,,
831,Norse Runemaster Cloth,n_cth7_glov1.tga,0,4,0,0,,
832,Norse Runemaster Cloth,n_cth7_Lbody1.tga,0,4,0,0,,
833,Norse Runemaster Cloth,n_cth7_leg1.tga,0,4,0,0,,
834,Norse Runemaster Cloth,n_cth7_arm1.tga,0,4,0,0,,
835,Hibernian Hero Scaled,h_scl7_body1m.tga,0,4,0,0,,
836,Hibernian Hero Scaled,h_scl7_body1f.tga,0,4,0,0,,
837,Hibernian Hero Scaled,h_scl7_arm1.tga,0,4,0,0,,
838,Hibernian Hero Scaled,h_scl7_glov1.tga,0,4,0,0,,
839,Hibernian Hero Scaled,h_scl7_lbody1.tga,0,4,0,0,,
840,Hibernian Hero Scaled,h_scl7_leg1.tga,0,4,0,0,,
841,Hibernian Hero Scaled,h_scl7_boot1.tga,0,4,0,0,,
842,Albion Cleric,b_epic_cleric_mbody.tga,0,5,0,0,,
843,Albion Cleric,b_epic_cleric_fbody.tga,0,5,0,0,,
844,Albion Cleric,b_epic_cleric_arm1.tga,0,5,0,0,,
845,Albion Cleric,b_epic_cleric_boots.tga,0,5,0,0,,
846,Albion Cleric,b_epic_cleric_gloves.tga,0,5,0,0,,
847,Albion Cleric,b_epic_cleric_lbody.tga,0,5,0,0,,
848,Albion Cleric,b_epic_cleric_leg1.tga,0,5,0,0,,
849,Albion mercenary,b_epic_merc_mbody.tga,0,5,0,0,,
850,Albion mercenary,b_epic_merc_fbody.tga,0,5,0,0,,
851,Albion mercenary,b_epic_merc_arms.tga,0,5,0,0,,
852,Albion mercenary,b_epic_merc_boots.tga,0,5,0,0,,
853,Albion mercenary,b_epic_merc_gloves.tga,0,5,0,0,,
854,Albion mercenary,b_epic_merc_lbody.tga,0,5,0,0,,
855,Albion mercenary,b_epic_merc_legs.tga,0,5,0,0,,
856,Albion Minstrel,b_epic_minstrel_mbody.tga,0,5,0,0,,
857,Albion Minstrel,b_epic_minstrel_fbody.tga,0,5,0,0,,
858,Albion Minstrel,b_epic_minstrel_arms.tga,0,5,0,0,,
859,Albion Minstrel,b_epic_minstrel_boots.tga,0,5,0,0,,
860,Albion Minstrel,b_epic_minstrel_gloves.tga,0,5,0,0,,
861,Albion Minstrel,b_epic_minstrel_lbody.tga,0,5,0,0,,
862,Albion Minstrel,b_epic_minstrel_legs.tga,0,5,0,0,,
863,Albion scout,b_epic_scout_mbody.tga,0,5,0,0,,
864,Albion scout,b_epic_scout_fbody.tga,0,5,0,0,,
865,Albion scout,b_epic_scout_arms.tga,0,5,0,0,,
866,Albion scout,b_epic_scout_boots.tga,0,5,0,0,,
867,Albion scout,b_epic_scout_gloves.tga,0,5,0,0,,
868,Albion scout,b_epic_scout_lbody.tga,0,5,0,0,,
869,Albion scout,b_epic_scout_legs.tga,0,5,0,0,,
870,Albion theurgist,b_rob10_arm1.tga,0,5,0,0,,
871,Albion theurgist,b_rob10_body1f.tga,0,5,0,0,,
872,Albion theurgist,b_rob10_body1m.tga,0,5,0,0,,
873,Albion theurgist,b_rob10_lbody1.tga,0,5,0,0,,
874,Hibernian Bard,h_ren7_body1m.tga,0,5,0,0,,
875,Hibernian Bard,h_ren7_body1f.tga,0,5,0,0,,
876,Hibernian Bard,h_ren7_lbody1.tga,0,5,0,0,,
877,Hibernian Bard,h_ren7_leg1.tga,0,5,0,0,,
878,Hibernian Bard,h_ren7_arm1.tga,0,5,0,0,,
879,Hibernian Bard,h_ren7_glov1.tga,0,5,0,0,,
880,Hibernian Bard,h_ren7_boot1.tga,0,5,0,0,,
881,Hibernian Druid,h_scl8_body1m.tga,0,5,0,0,,
882,Hibernian Druid,h_scl8_body1f.tga,0,5,0,0,,
883,Hibernian Druid,h_scl8_lbody1.tga,0,5,0,0,,
884,Hibernian Druid,h_scl8_leg1.tga,0,5,0,0,,
885,Hibernian Druid,h_scl8_arm1.tga,0,5,0,0,,
886,Hibernian Druid,h_scl8_glov1.tga,0,5,0,0,,
887,Hibernian Druid,h_scl8_boot1.tga,0,5,0,0,,
888,Hibernian Eldritch,h_rob7_arm1.tga,0,5,0,0,,
889,Hibernian Eldritch,h_rob7_body1f.tga,0,5,0,0,,
890,Hibernian Eldritch,h_rob7_body1m.tga,0,5,0,0,,
891,Hibernian Eldritch,h_rob7_lbody1.tga,0,5,0,0,,
892,Hibernian Enchanter,h_rob9_body1m.tga,0,5,0,0,,
893,Hibernian Enchanter,h_rob9_body1f.tga,0,5,0,0,,
894,Hibernian Enchanter,h_rob9_arm1.tga,0,5,0,0,,
895,Hibernian Enchanter,h_rob9_lbody1.tga,0,5,0,0,,
896,Hibernian Mentalist,h_rob8_body1m.tga,0,5,0,0,,
897,Hibernian Mentalist,h_rob8_body1f.tga,0,5,0,0,,
898,Hibernian Mentalist,h_rob8_arm1.tga,0,5,0,0,,
899,Hibernian Mentalist,h_rob8_lbody1.tga,0,5,0,0,,
900,Hibernian Blademaster,h_ren8_body1m.tga,0,5,0,0,,
901,Hibernian Blademaster,h_ren8_body1f.tga,0,5,0,0,,
902,Hibernian Blademaster,h_ren8_lbody1.tga,0,5,0,0,,
903,Hibernian Blademaster,h_ren8_leg1.tga,0,5,0,0,,
904,Hibernian Blademaster,h_ren8_arm1.tga,0,5,0,0,,
905,Hibernian Blademaster,h_ren8_glove1.tga,0,5,0,0,,
906,Hibernian Blademaster,h_ren8_boot1.tga,0,5,0,0,,
907,Hibernian Nightshade,h_epic_nitshad_mbody.tga,0,5,0,0,,
908,Hibernian Nightshade,h_epic_nitshad_fbody.tga,0,5,0,0,,
909,Hibernian Nightshade,h_epic_nitshad_lbody.tga,0,5,0,0,,
910,Hibernian Nightshade,h_epic_nitshad_legs.tga,0,5,0,0,,
911,Hibernian Nightshade,h_epic_nitshad_arms.tga,0,5,0,0,,
912,Hibernian Nightshade,h_epic_nitshad_gloves.tga,0,5,0,0,,
913,Hibernian Nightshade,h_epic_nitshad_boots.tga,0,5,0,0,,
914,Midgard Berserker,m_epic_bexerker_mbody.tga,0,5,0,0,,
915,Midgard Berserker,m_epic_bexerker_fbody.tga,0,5,0,0,,
916,Midgard Berserker,m_epic_bexerker_lbody.tga,0,5,0,0,,
917,Midgard Berserker,m_epic_bexerker_legs.tga,0,5,0,0,,
918,Midgard Berserker,m_epic_bexerker_arms.tga,0,5,0,0,,
919,Midgard Berserker,m_epic_bexerker_gloves.tga,0,5,0,0,,
920,Midgard Berserker,m_epic_bexerker_boots.tga,0,5,0,0,,
921,Midgard Thane,m_epic_Thane_mbody.tga,0,5,0,0,,
922,Midgard Thane,m_epic_Thane_fbody.tga,0,5,0,0,,
923,Midgard Thane,m_epic_Thane_lbody.tga,0,5,0,0,,
924,Midgard Thane,m_epic_Thane_legs.tga,0,5,0,0,,
925,Midgard Thane,m_epic_Thane_arms.tga,0,5,0,0,,
926,Midgard Thane,m_epic_Thane_gloves.tga,0,5,0,0,,
927,Midgard Thane,m_epic_Thane_boots.tga,0,5,0,0,,
928,Midgard Hunter,b_epic_hunter_mbody.tga,0,5,0,0,,
929,Midgard Hunter,b_epic_hunter_fbody.tga,0,5,0,0,,
930,Midgard Hunter,b_epic_hunter_lbody.tga,0,5,0,0,,
931,Midgard Hunter,b_epic_hunter_legs.tga,0,5,0,0,,
932,Midgard Hunter,b_epic_hunter_arms.tga,0,5,0,0,,
933,Midgard Hunter,b_epic_hunter_gloves.tga,0,5,0,0,,
934,Midgard Hunter,b_epic_hunter_boots.tga,0,5,0,0,,
935,Albion Infiltrator,b_epic_nfltratr_mbody.tga,0,5,0,0,,
936,Albion Infiltrator,b_epic_nfltratr_fbody.tga,0,5,0,0,,
937,Albion Infiltrator,b_epic_nfltratr_lbody.tga,0,5,0,0,,
938,Albion Infiltrator,b_epic_nfltratr_legs.tga,0,5,0,0,,
939,Albion Infiltrator,b_epic_nfltratr_arms.tga,0,5,0,0,,
940,Albion Infiltrator,b_epic_nfltratr_gloves.tga,0,5,0,0,,
941,Albion Infiltrator,b_epic_nfltratr_boots.tga,0,5,0,0,,
942,Midgard Shadowblade,m_epic_sblade_mbody.tga,0,5,0,0,,
943,Midgard Shadowblade,m_epic_sblade_fbody.tga,0,5,0,0,,
944,Midgard Shadowblade,m_epic_sblade_lbody.tga,0,5,0,0,,
945,Midgard Shadowblade,m_epic_sblade_leg.tga,0,5,0,0,,
946,Midgard Shadowblade,m_epic_sblade_arm.tga,0,5,0,0,,
947,Midgard Shadowblade,m_epic_sblade_gloves.tga,0,5,0,0,,
948,Midgard Shadowblade,m_epic_sblade_boots.tga,0,5,0,0,,
949,Midgard Shaman,n_chn8_body1m.tga,0,5,0,0,,
950,Midgard Shaman,n_chn8_body1f.tga,0,5,0,0,,
951,Midgard Shaman,n_chn8_lbody1.tga,0,5,0,0,,
952,Midgard Shaman,n_chn8_leg1.tga,0,5,0,0,,
953,Midgard Shaman,n_chn8_arm1.tga,0,5,0,0,,
954,Midgard Shaman,n_chn8_glov1.tga,0,5,0,0,,
955,Midgard Shaman,n_chn8_boot1.tga,0,5,0,0,,
956,Midgard Skald,m_epic_Skald_mbody.tga,0,5,0,0,,
957,Midgard Skald,m_epic_Skald_fbody.tga,0,5,0,0,,
958,Midgard Skald,m_epic_Skald_lbody.tga,0,6,0,0,,
959,Midgard Skald,m_epic_Skald_legs.tga,0,5,0,0,,
960,Midgard Skald,m_epic_Skald_arms.tga,0,5,0,0,,
961,Midgard Skald,m_epic_Skald_gloves.tga,0,5,0,0,,
962,Midgard Skald,m_epic_Skald_boots.tga,0,5,0,0,,
963,Midgard Warrior,n_chn9_body1m.tga,0,5,0,0,,
964,Midgard Warrior,n_chn9_body1f.tga,0,5,0,0,,
965,Midgard Warrior,n_chn9_lbody1.tga,0,5,0,0,,
966,Midgard Warrior,n_chn9_leg1.tga,0,5,0,0,,
967,Midgard Warrior,n_chn9_arm1.tga,0,5,0,0,,
968,Midgard Warrior,n_chn9_glov1.tga,0,5,0,0,,
969,Midgard Warrior,n_chn9_boot1.tga,0,5,0,0,,
970,Albion Friar,b_epic_friar_arms.tga,0,5,0,0,,
971,Albion Friar,b_epic_friar_fbody.tga,0,5,0,0,,
972,Albion Friar,b_epic_friar_lbody.tga,0,5,0,0,,
973,Albion Friar,b_epic_friar_mbody.tga,0,5,0,0,,
974,Albion Wizard,b_rob11_body1m.tga,0,5,0,0,,
975,Albion Wizard,b_rob11_body1f.tga,0,5,0,0,,
976,Albion Wizard,b_rob11_arm1.tga,0,5,0,0,,
977,Albion Wizard,b_rob11_lbody1.tga,0,5,0,0,,
978,Midgard Spiritmaster,m_epic_smaster_mbody.tga,0,5,0,0,,
979,Midgard Spiritmaster,m_epic_smaster_fbody.tga,0,5,0,0,,
980,Midgard Spiritmaster,m_epic_smaster_lbody.tga,0,5,0,0,,
981,Midgard Spiritmaster,m_epic_smaster_legs.tga,0,5,0,0,,
982,Midgard Spiritmaster,m_epic_smaster_arms.tga,0,5,0,0,,
983,Midgard Spiritmaster,m_epic_smaster_gloves.tga,0,5,0,0,,
984,Midgard Spiritmaster,m_epic_smaster_boots.tga,0,5,0,0,,
985,Albion Sorcerer,b_rob12_body1m.tga,0,5,0,0,,
986,Albion Sorcerer,b_rob12_body1f.tga,0,5,0,0,,
987,Albion Sorcerer,b_rob12_arm1.tga,0,5,0,0,,
988,Albion Sorcerer,b_rob12_lbody1.tga,0,5,0,0,,
989,Hibernian Warden,h_scl9_body1m.tga,0,5,0,0,,
990,Hibernian Warden,h_scl9_body1f.tga,0,5,0,0,,
991,Hibernian Warden,h_scl9_lbody1.tga,0,5,0,0,,
992,Hibernian Warden,h_scl9_leg1.tga,0,5,0,0,,
993,Hibernian Warden,h_scl9_arm1.tga,0,5,0,0,,
994,Hibernian Warden,h_scl9_glov1.tga,0,5,0,0,,
995,Hibernian Warden,h_scl9_boot1.tga,0,5,0,0,,
996,Hibernian Ranger,h_ren9_body1m.tga,0,5,0,0,,
997,Hibernian Ranger,h_ren9_body1f.tga,0,5,0,0,,
998,Hibernian Ranger,h_ren9_lbody1.tga,0,5,0,0,,
999,Hibernian Ranger,h_ren9_leg1.tga,0,5,0,0,,
2000,Hibernian Ranger,h_ren9_arm1.tga,0,5,0,0,,
2001,Hibernian Ranger,h_ren9_glove1.tga,0,5,0,0,,
2002,Hibernian Ranger,h_ren9_boot1.tga,0,5,0,0,,
2003,Hibernian Champion,h_scl10_body1m.tga,0,5,0,0,,
2004,Hibernian Champion,h_scl10_body1f.tga,0,5,0,0,,
2005,Hibernian Champion,h_scl10_lbody1.tga,0,5,0,0,,
2006,Hibernian Champion,h_scl10_leg1.tga,0,5,0,0,,
2007,Hibernian Champion,h_scl10_arm1.tga,0,5,0,0,,
2008,Hibernian Champion,h_scl10_glov1.tga,0,5,0,0,,
2009,Hibernian Champion,h_scl10_boot1.tga,0,5,0,0,,
2010,Alb Weapons,B_weapons01_.tga,0,20,1,0,,
2011,Briton Isles Robe,b_rob13_arm1.tga,0,6,0,0,,
2012,Briton Isles Robe,b_rob13_body1f.tga,0,6,0,0,,
2013,Briton Isles Robe,b_rob13_body1m.tga,0,6,0,0,,
2014,Briton Isles Robe,b_rob13_lbody1.tga,0,6,0,0,,
2015,Briton Isles Robe,b_rob14_arm1.tga,0,6,0,0,,
2016,Briton Isles Robe,b_rob14_body1f.tga,0,6,0,0,,
2017,Briton Isles Robe,b_rob14_body1m.tga,0,6,0,0,,
2018,Briton Isles Robe,b_rob14_lbody1.tga,0,6,0,0,,
2019,Hib Isles Robe,h_rob10_arm1.tga,0,6,0,0,,
2020,Hib Isles Robe,h_rob10_body1f.tga,0,6,0,0,,
2021,Hib Isles Robe,h_rob10_body1m.tga,0,6,0,0,,
2022,Hib Isles Robe,h_rob10_lbody1.tga,0,6,0,0,,
2023,Hib Isles Robe,h_rob11_arm1.tga,0,6,0,0,,
2024,Hib Isles Robe,h_rob11_body1f.tga,0,6,0,0,,
2025,Hib Isles Robe,h_rob11_body1m.tga,0,6,0,0,,
2026,Hib Isles Robe,h_rob11_lbody1.tga,0,6,0,0,,
2027,Hib Isles Scale Helm,H_scl1_helm1.tga,0,7,0,0,,
2028,Hib Isles Reinforced Helm,H_ren2_helm1.tga,0,7,0,0,,
2029,Briton Studded Helm 1,B_std1_helm1.tga,0,7,0,0,,
2030,Cloth Helm Texture,B_cth1_helm1.tga,0,8,0,0,,
2031,Bonedancer Epic Armor,m_epic_bone_arm1.tga,0,14,0,0,,
2032,Bonedancer Epic Armor,m_epic_bone_body1f.tga,0,14,0,0,,
2033,Bonedancer Epic Armor,m_epic_bone_body1m.tga,0,14,0,0,,
2034,Bonedancer Epic Armor,m_epic_bone_boot1.tga,0,14,0,0,,
2035,Bonedancer Epic Armor,m_epic_bone_glov1.tga,0,14,0,0,,
2036,Bonedancer Epic Armor,m_epic_bone_lbody1.tga,0,14,0,0,,
2037,Bonedancer Epic Armor,m_epic_bone_leg1.tga,0,14,0,0,,
2038,Savage Epic Armor,n_epic_savage_arm1.tga,0,6,0,0,,
2039,Savage Epic Armor,n_epic_savage_body1f.tga,0,6,0,0,,
2040,Savage Epic Armor,n_epic_savage_body1m.tga,0,6,0,0,,
2041,Savage Epic Armor,n_epic_savage_boot1.tga,0,6,0,0,,
2042,Savage Epic Armor,n_epic_savage_glov1.tga,0,6,0,0,,
2043,Savage Epic Armor,n_epic_savage_lbody1.tga,0,6,0,0,,
2044,Savage Epic Armor,n_epic_savage_leg1.tga,0,6,0,0,,
2045,Animist Epic Arm,h_epic_animist_arm1.tga,0,6,0,0,,
2046,Animist Body Female,h_epic_animist_body1f.tga,0,6,0,0,,
2047,Animist Epic Male,h_epic_animist_body1m.tga,0,6,0,0,,
2048,Animist Epic Lbody,h_epic_animist_lbody1.tga,0,6,0,0,,
2049,Isles Shield Leather,Shield_Leather.tga,0,6,0,0,,
2050,Isles Shield Metal,Shield_Metal.tga,0,6,0,0,,
2051,Isles Shield Wood,Shield_Wood.tga,0,6,0,0,,
2052,Mid Isles Cloth Arm,n_cth3_arm1.tga,0,7,0,0,,
2053,Mid Isles Cloth Body F,n_cth3_body1f.tga,0,7,0,0,,
2054,Mid Isles Cloth Body M,n_cth3_body1m.tga,0,7,0,0,,
2055,Mid Isles Cloth Boot,n_cth3_boot1.tga,0,7,0,0,,
2056,Mid Isles Cloth Glove,n_cth3_glov1.tga,0,7,0,0,,
2057,Mid Isles Cloth Lbody,n_cth3_lbody1.tga,0,7,0,0,,
2058,Mid Isles Cloth Leg,n_cth3_leg1.tga,0,7,0,0,,
2059,Hib Isles Scale Arms,h_scl11_arm1.tga,0,7,0,0,,
2060,Hib Isles Scale Body F,h_scl11_body1f.tga,0,7,0,0,,
2061,Hib Isles Scale Body M,h_scl11_body1m.tga,0,7,0,0,,
2062,Hib Isles Scale Boot,h_scl11_boot1.tga,0,7,0,0,,
2063,Hib Isles Scale Gloves,h_scl11_glov1.tga,0,7,0,0,,
2064,Hib Isles Scale Lbody,h_scl11_lbody1.tga,0,7,0,0,,
2065,Hib Isles Scale Legs,h_scl11_leg1.tga,0,7,0,0,,
2066,Mid Cloth 4 Legs,N_cth4_leg1.tga,0,7,0,0,,
2067,Mid Cloth 4 Lbody,N_cth4_lbody1.tga,0,7,0,0,,
2068,Mid Cloth 4 Gloves,N_cth4_glov1.tga,0,7,0,0,,
2069,Mid Cloth 4 Boot,N_cth4_boot1.tga,0,7,0,0,,
2070,Mid Cloth 4 Body M,N_cth4_body1m.tga,0,7,0,0,,
2071,Mid Cloth 4 Body F,N_cth4_body1f.tga,0,7,0,0,,
2072,Mid Cloth 4 Arms,N_cth4_arm1.tga,0,7,0,0,,
2073,Mid Chain 3  Legs,n_chn3_leg1.tga,0,8,0,0,,
2074,Mid Chain 3  Lbody,n_chn3_lbody1.tga,0,8,0,0,,
2075,Mid Chain 3  Gloves,n_chn3_glov1.tga,0,8,0,0,,
2076,Mid Chain 3  Boot,n_chn3_boot1.tga,0,8,0,0,,
2077,Mid Chain 3  Body M,n_chn3_body1m.tga,0,8,0,0,,
2078,Mid Chain 3  Body F,n_chn3_body1f.tga,0,8,0,0,,
2079,Mid Chain 3  Arms,n_chn3_arm1.tga,0,8,0,0,,
2080,Brit Chain 3 Arms,B_chn3_arm1.tga,0,8,0,0,,
2081,Brit Chain 3 Body F,B_chn3_body1f.tga,0,8,0,0,,
2082,Brit Chain 3 Body M,B_chn3_body1m.tga,0,8,0,0,,
2083,Brit Chain 3 Boots,B_chn3_boot1.tga,0,8,0,0,,
2084,Brit Chain 3 Gloves,B_chn3_glov1.tga,0,8,0,0,,
2085,Brit Chain 3 Lbody,B_chn3_lbody1.tga,0,8,0,0,,
2086,Brit Chain 3 Legs,B_chn3_leg1.tga,0,8,0,0,,
2087,ValeWalker Epic Arms,h_epic_vale_arm1.tga,0,8,0,0,,
2088,ValeWalker Epic Body F,h_epic_vale_body1f.tga,0,8,0,0,,
2089,ValeWalker Epic Body M,h_epic_vale_body1m.tga,0,8,0,0,,
2090,ValeWalker Epic Lbody,h_epic_vale_lbody1.tga,0,8,0,0,,
2091,Brit Chain 4 Arms,b_chn4_arm1.tga,0,8,0,0,,
2092,Brit Chain 4 Body F,b_chn4_body1f.tga,0,8,0,0,,
2093,Brit Chain 4 Body M,b_chn4_body1m.tga,0,8,0,0,,
2094,Brit Chain 4 Boots,b_chn4_boot1.tga,0,8,0,0,,
2095,Brit Chain 4 Gloves,b_chn4_glov1.tga,0,8,0,0,,
2096,Brit Chain 4 Lbody,b_chn4_lbody1.tga,0,8,0,0,,
2097,Brit Chain 4 Legs,b_chn4_leg1.tga,0,8,0,0,,
2098,Hib Reinforced Arms,h_ren10_arm1.tga,0,8,0,0,,
2099,Hib Reinforced Body F,h_ren10_body1f.tga,0,8,0,0,,
2100,Hib Reinforced Body M,h_ren10_body1m.tga,0,8,0,0,,
2101,Hib Reinforced Boots,h_ren10_boot1.tga,0,8,0,0,,
2102,Hib Reinforced Gloves,h_ren10_glov1.tga,0,8,0,0,,
2103,Hib Reinforced Lbody,h_ren10_lbody1.tga,0,8,0,0,,
2104,Hib Reinforced Legs,h_ren10_leg1.tga,0,8,0,0,,
2105,Norse Chain 4 Legs,n_chn4_leg1.tga,0,9,0,0,,
2106,Norse Chain 4 Lbody,n_chn4_lbody1.tga,0,9,0,0,,
2107,Norse Chain 4 Gloves,n_chn4_glov1.tga,0,9,0,0,,
2108,Norse Chain 4 Boots,n_chn4_boot1.tga,0,9,0,0,,
2109,Norse Chain 4 Body M,n_chn4_body1m.tga,0,9,0,0,,
2110,Norse Chain 4 Body F,n_chn4_body1f.tga,0,9,0,0,,
2111,Norse Chain 4 Arms,n_chn4_arm1.tga,0,9,0,0,,
2112,Reaver Epic Legs,b_epic_reaver_leg1.tga,0,9,0,0,,
2113,Reaver Epic Lbody,b_epic_reaver_lbody1.tga,0,9,0,0,,
2114,Reaver Epic Gloves,b_epic_reaver_glov1.tga,0,9,0,0,,
2115,Reaver Epic Boots,b_epic_reaver_boot1.tga,0,9,0,0,,
2116,Reaver Epic Body M,b_epic_reaver_body1m.tga,0,9,0,0,,
2117,Reaver Epic Body F,b_epic_reaver_body1f.tga,0,9,0,0,,
2118,Reaver Epic Arms,b_epic_reaver_arm1.tga,0,9,0,0,,
2119,Necro Epic Lbody,b_epic_necro_lbody1.tga,0,9,0,0,,
2120,Necro Epic BodyM,b_epic_necro_body1m.tga,0,9,0,0,,
2121,Necro Epic BodyF,b_epic_necro_body1f.tga,0,9,0,0,,
2122,Necro Epic Arms,b_epic_necro_arm1.tga,0,9,0,0,,
2123,Alb Plate 3 Arms,B_plt3_arm1.tga,0,10,0,0,,
2124,Alb Plate 3 Body F,B_plt3_body1f.tga,0,10,0,0,,
2125,Alb Plate 3 Body M,B_plt3_body1m.tga,0,10,0,0,,
2126,Alb Plate 3 Boots,B_plt3_boot1.tga,0,10,0,0,,
2127,Alb Plate 3 Gloves,B_plt3_glov1.tga,0,10,0,0,,
2128,Alb Plate 3 Lbody,B_plt3_lbody1.tga,0,10,0,0,,
2129,Alb Plate 3 Legs,B_plt3_leg1.tga,0,10,0,0,,
2130,Alb Dress Hat 01,b_hat01.tga,0,11,0,0,,
2131,Alb Dress Hat 02,b_hat02.tga,0,11,0,0,,
2132,Alb Dress Hat 03,b_hat03.tga,0,11,0,0,,
2133,Alb Dress Hat 04,b_hat04.tga,0,11,0,0,,
2134,Alb Dress Hat 05,b_hat05.tga,0,11,0,0,,
2135,Hibernia Dress Hat 01,h_hat01.tga,0,11,0,0,,
2136,Hibernia Dress Hat 02,h_hat02.tga,0,11,0,0,,
2137,Hibernia Dress Hat 03,h_hat03.tga,0,11,0,0,,
2138,Hibernia Dress Hat 04,h_hat04.tga,0,11,0,0,,
2139,Hibernia Dress Hat 05,h_hat05.tga,0,11,0,0,,
2140,Midgard Dress Hat 01,n_hat01.tga,0,11,0,0,,
2141,Midgard Dress Hat 02,n_hat02.tga,0,11,0,0,,
2142,Midgard Dress Hat 03,n_hat03.tga,0,11,0,0,,
2143,Midgard Dress Hat 04,n_hat04.tga,0,11,0,0,,
2144,Midgard Dress Hat 05,n_hat05.tga,0,11,0,0,,
2145,Alb Dress Hat 06,b_hat06.tga,0,11,0,0,,
2146,Mid Dress Hat 06,n_hat06.tga,0,11,0,0,,
2147,Hib Dress Hat 06,h_hat06.tga,0,11,0,0,,
2148,Alb Cloth Tiara,b_hat06c.tga,0,11,0,0,,
2149,Alb Leather Tiara,b_hat06l.tga,0,11,0,0,,
2150,Hib Cloth Tiara,h_hat06c.tga,0,11,0,0,,
2151,Hib Leather Tiara,h_hat06l.tga,0,11,0,0,,
2152,Mid Cloth Tiara,n_hat06c.tga,0,11,0,0,,
2153,Mid Leather Tiara,n_hat06l.tga,0,11,0,0,,
2154,Mid RP Clothes 01,n_rpbasic1_arm1.tga,0,12,0,0,,
2155,Mid RP Clothes 01,n_rpbasic1_body1f.tga,0,12,0,0,,
2156,Mid RP Clothes 01,n_rpbasic1_body1m.tga,0,12,0,0,,
2157,Mid RP Clothes 01,n_rpbasic1_boot1.tga,0,12,0,0,,
2158,Mid RP Clothes 01,n_rpbasic1_glove1.tga,0,12,0,0,,
2159,Mid RP Clothes 01,n_rpbasic1_lbody1.tga,0,12,0,0,,
2160,Mid RP Clothes 01,n_rpbasic1_leg1.tga,0,12,0,0,,
2161,Mid RP Clothes 02,n_rpbasic2_arm1.tga,0,12,0,0,,
2162,Mid RP Clothes 02,n_rpbasic2_body1f.tga,0,12,0,0,,
2163,Mid RP Clothes 02,n_rpbasic2_body1m.tga,0,12,0,0,,
2164,Mid RP Clothes 02,n_rpbasic2_lbody1.tga,0,12,0,0,,
2165,Mid RP Clothes 03,n_rpbasic3_arm1.tga,0,12,0,0,,
2166,Mid RP Clothes 03,n_rpbasic3_body1f.tga,0,12,0,0,,
2167,Mid RP Clothes 03,n_rpbasic3_body1m.tga,0,12,0,0,,
2168,Mid RP Clothes 03,n_rpbasic3_lbody1.tga,0,12,0,0,,
2169,Alb RP Clothes 01,b_rpbasic1_arm1.tga,0,12,0,0,,
2170,Alb RP Clothes 01,b_rpbasic1_body1f.tga,0,12,0,0,,
2171,Alb RP Clothes 01,b_rpbasic1_body1m.tga,0,12,0,0,,
2172,Alb RP Clothes 01,b_rpbasic1_boot1.tga,0,12,0,0,,
2173,Alb RP Clothes 01,b_rpbasic1_glove1.tga,0,12,0,0,,
2174,Alb RP Clothes 01,b_rpbasic1_lbody1.tga,0,12,0,0,,
2175,Alb RP Clothes 01,b_rpbasic1_leg1.tga,0,12,0,0,,
2176,Alb RP Clothes 02,b_rpbasic2_arm1.tga,0,12,0,0,,
2177,Alb RP Clothes 02,b_rpbasic2_body1f.tga,0,12,0,0,,
2178,Alb RP Clothes 02,b_rpbasic2_body1m.tga,0,12,0,0,,
2179,Alb RP Clothes 02,b_rpbasic2_lbody1.tga,0,12,0,0,,
2180,Alb RP Clothes 03,b_rpbasic3_arm1.tga,0,12,0,0,,
2181,Alb RP Clothes 03,b_rpbasic3_body1f.tga,0,12,0,0,,
2182,Alb RP Clothes 03,b_rpbasic3_body1m.tga,0,12,0,0,,
2183,Alb RP Clothes 03,b_rpbasic3_lbody1.tga,0,12,0,0,,
2184,Hib RP Clothes 01,h_rpbasic1_arm1.tga,0,13,0,0,,
2185,Hib RP Clothes 01,h_rpbasic1_body1f.tga,0,13,0,0,,
2186,Hib RP Clothes 01,h_rpbasic1_body1m.tga,0,13,0,0,,
2187,Hib RP Clothes 01,h_rpbasic1_boot1.tga,0,13,0,0,,
2188,Hib RP Clothes 01,h_rpbasic1_glove1.tga,0,13,0,0,,
2189,Hib RP Clothes 01,h_rpbasic1_lbody.tga,0,13,0,0,,
2190,Hib RP Clothes 01,h_rpbasic1_leg1.tga,0,13,0,0,,
2191,Hib RP Clothes 02,h_rpbasic2_arm1.tga,0,13,0,0,,
2192,Hib RP Clothes 02,h_rpbasic2_body1f.tga,0,13,0,0,,
2193,Hib RP Clothes 02,h_rpbasic2_body1m.tga,0,13,0,0,,
2194,Hib RP Clothes 02,h_rpbasic2_lbody.tga,0,13,0,0,,
2195,Hib RP Clothes 03,h_rpbasic3_arm1.tga,0,13,0,0,,
2196,Hib RP Clothes 03,h_rpbasic3_body1f.tga,0,13,0,0,,
2197,Hib RP Clothes 03,h_rpbasic3_body1m.tga,0,13,0,0,,
2198,Hib RP Clothes 03,h_rpbasic3_lbody.tga,0,13,0,0,,
2199,Old Bonedancer Epic Armor,m_epic_bone_arm1.tga,0,6,0,0,,
2200,Old Bonedancer Epic Armor,m_epic_bone_body1f.tga,0,6,0,0,,
2201,Old Bonedancer Epic Armor,m_epic_bone_body1m.tga,0,6,0,0,,
2202,Old Bonedancer Epic Armor,m_epic_bone_boot1.tga,0,6,0,0,,
2203,Old Bonedancer Epic Armor,m_epic_bone_glov1.tga,0,6,0,0,,
2204,Old Bonedancer Epic Armor,m_epic_bone_lbody1.tga,0,6,0,0,,
2205,Old Bonedancer Epic Armor,m_epic_bone_leg1.tga,0,6,0,0,,
2206,Oceanus Armor 01,TOA_O_cth1_arm1.tga,0,15,0,0,,
2207,Oceanus Armor 01,TOA_O_cth1_arm3.tga,0,15,0,0,,
2208,Boat Sail Detail Map,OCMsail.tga,0,15,2,0,,
2209,Oceanus Armor 01,TOA_O_cth1_body1f_a.tga,0,15,0,0,,
2210,Oceanus Armor 01,TOA_O_cth1_body1f_h.tga,0,15,0,0,,
2211,Oceanus Armor 01,TOA_O_cth1_body1f_m.tga,0,15,0,0,,
2212,Oceanus Armor 01,TOA_O_cth1_body1m_a.tga,0,15,0,0,,
2213,Oceanus Armor 01,TOA_O_cth1_body1m_h.tga,0,15,0,0,,
2214,Oceanus Armor 01,TOA_O_cth1_body1m_m.tga,0,15,0,0,,
2215,Oceanus Armor 01,TOA_O_cth1_boot1_a.tga,0,15,0,0,,
2216,Oceanus Armor 01,TOA_O_cth1_boot1_hm.tga,0,15,0,0,,
2217,Oceanus Armor 01,TOA_O_cth1_glov1.tga,0,15,0,0,,
2218,Oceanus Armor 01,TOA_O_cth1_lbody1.tga,0,15,0,0,,
2219,Oceanus Armor 01,TOA_O_cth1_lbody3.tga,0,15,0,0,,
2220,Oceanus Armor 01,TOA_O_cth1_leg1_am.tga,0,15,0,0,,
2221,Oceanus Armor 01,TOA_O_cth1_leg1_h.tga,0,15,0,0,,
2222,Oceanus lea1 arm1,TOA_O_lea1_arm1.tga,0,15,0,0,,
2223,Oceanus lea1 body1f a,TOA_O_lea1_body1f_a.tga,0,15,0,0,,
2224,Oceanus lea1 body1f h,TOA_O_lea1_body1f_h.tga,0,15,0,0,,
2225,Oceanus lea1 body1f m,TOA_O_lea1_body1f_m.tga,0,15,0,0,,
2226,Oceanus lea1 body1m a,TOA_O_lea1_body1m_a.tga,0,15,0,0,,
2227,Oceanus lea1 body1m h,TOA_O_lea1_body1m_h.tga,0,15,0,0,,
2228,Oceanus lea1 body1m m,TOA_O_lea1_body1m_m.tga,0,15,0,0,,
2229,Oceanus lea1 boot1 a,TOA_O_lea1_boot1_a.tga,0,15,0,0,,
2230,Oceanus lea1 boot1 hm,TOA_O_lea1_boot1_hm.tga,0,15,0,0,,
2231,Oceanus lea1 glov1,TOA_O_lea1_glov1.tga,0,15,0,0,,
2232,Oceanus lea1 lbody1,TOA_O_lea1_lbody1.tga,0,15,0,0,,
2233,Oceanus lea1 leg1 am,TOA_O_lea1_leg1_am.tga,0,15,0,0,,
2234,Oceanus lea1 leg1 h,TOA_O_lea1_leg1_h.tga,0,15,0,0,,
2235,Staff of the oracle,TOA_Afct_Staffoftheoracle.tga,0,15,0,0,,
2236,Staffoftheoracle gloss,TOA_Afct_Staffoftheoracle_gloss.tga,4,15,1,0,,
2237,Tatarosgift,TOA_Afct_Tatarosgift.tga,0,15,0,0,,
2238,TridentoftheGods,TOA_Afct_TridentoftheGods.tga,0,15,0,0,,
2239,TridentoftheGods gloss,TOA_Afct_TridentoftheGods_gloss.tga,4,15,1,0,,
2240,Spearofkings,TOA_Afct_Spearofkings.tga,0,15,0,0,,
2241,Spearofkings gloss,TOA_Afct_Spearofkings_gloss.tga,4,15,1,0,,
2242,Goldenspear,TOA_Afct_Goldenspear.tga,0,15,0,0,,
2243,Goldenspear gloss,TOA_Afct_Goldenspear_gloss.tga,4,15,1,0,,
2244,AtenShield,TOA_Afct_AtenShield.tga,0,15,0,0,,
2245,AtenShield gloss,TOA_Afct_AtenShield_gloss.tga,4,15,1,0,,
2246,AtenShield bump,TOA_Afct_AtenShield_bump.tga,6,15,1,0,,
2247,CyclopsEye,TOA_Afct_CyclopsEye.tga,0,15,0,0,,
2248,CyclopsEye gloss,TOA_Afct_CyclopsEye_gloss.tga,4,15,1,0,,
2249,CyclopsEye bump,TOA_Afct_CyclopsEye_bump.tga,6,15,1,0,,
2250,Shieldofkhaos,TOA_Afct_Shieldofkhaos.tga,0,15,0,0,,
2251,Shieldofkhaos gloss,TOA_Afct_Shieldofkhaos_gloss.tga,4,15,1,0,,
2252,Shieldofkhaos bump,TOA_Afct_Shieldofkhaos_bump.tga,6,15,1,0,,
2253,FoolsBow,TOA_Afct_FoolsBow.tga,0,15,0,0,,
2254,BraggartsBow,TOA_Afct_BraggartsBow.tga,0,15,0,0,,
2255,Traitorsdagger,TOA_Afct_Traitorsdagger.tga,0,15,0,0,,
2256,Traitorsdagger gloss,TOA_Afct_Traitorsdagger_gloss.tga,4,15,1,0,,
2257,Crocodilestooth,TOA_Afct_Crocodilestooth.tga,0,15,0,0,,
2258,Battlersword,TOA_Afct_Battlersword.tga,0,15,0,0,,
2259,Battlersword gloss,TOA_Afct_Battlersword_gloss.tga,4,15,1,0,,
2260,Battlersword bump,TOA_Afct_Battlersword_bump.tga,6,15,1,0,,
2261,Bruiserhammer,TOA_Afct_Bruiserhammer.tga,0,15,0,0,,
2262,Bruiserhammer gloss,TOA_Afct_Bruiserhammer_gloss.tga,4,15,1,0,,
2263,Bruiserhammer bump,TOA_Afct_Bruiserhammer_bump.tga,6,15,1,0,,
2264,ScepterMeritorious,TOA_Afct_ScepterMeritorious.tga,0,15,0,0,,
2265,ScepterMeritorious gloss,TOA_Afct_ScepterMeritorious_gloss.tga,4,15,1,0,,
2266,ScepterMeritorious bump,TOA_Afct_ScepterMeritorious_bump.tga,6,15,1,0,,
2267,std1 arm1,toa_o_std1_arm1.tga,0,16,0,0,,
2268,std1 body1f a,toa_o_std1_body1f_a.tga,0,16,0,0,,
2269,std1 body1f h,toa_o_std1_body1f_h.tga,0,16,0,0,,
2270,std1 body1m a,toa_o_std1_body1m_a.tga,0,16,0,0,,
2271,std1 body1m h,toa_o_std1_body1m_h.tga,0,16,0,0,,
2272,std1 body1m m,toa_o_std1_body1m_m.tga,0,16,0,0,,
2273,std1 boot1 a,toa_o_std1_boot1_a.tga,0,16,0,0,,
2274,std1 boot1 hm,toa_o_std1_boot1_hm.tga,0,16,0,0,,
2275,std1 glov1,toa_o_std1_glov1.tga,0,16,0,0,,
2276,std1 lbody1,toa_o_std1_lbody1.tga,0,16,0,0,,
2277,std1 leg1 am,toa_o_std1_leg1_am.tga,0,16,0,0,,
2278,std1 leg1 h,toa_o_std1_leg1_h.tga,0,16,0,0,,
2279,std1 bodyf M,toa_o_std1_body1f_m.tga,0,16,0,0,,
2280,TOA O chn1 arm1,TOA_O_chn1_arm1.tga,0,26,0,0,,
2281,TOA O chn1 body1f a,TOA_O_chn1_body1f_a.tga,0,26,0,0,,
2282,TOA O chn1 body1f h,TOA_O_chn1_body1f_h.tga,0,26,0,0,,
2283,TOA O chn1 body1f m,TOA_O_chn1_body1f_m.tga,0,26,0,0,,
2284,TOA O chn1 body1m a,TOA_O_chn1_body1m_a.tga,0,26,0,0,,
2285,TOA O chn1 body1m h,TOA_O_chn1_body1m_h.tga,0,26,0,0,,
2286,TOA O chn1 body1m m,TOA_O_chn1_body1m_m.tga,0,26,0,0,,
2287,TOA O chn1 boot1 a,TOA_O_chn1_boot1_a.tga,0,26,0,0,,
2288,TOA O chn1 boot1 mh,TOA_O_chn1_boot1_hm.tga,0,26,0,0,,
2289,TOA O chn1 glov1,TOA_O_chn1_glov1.tga,0,26,0,0,,
2290,TOA O chn1 lbody1,TOA_O_chn1_lbody1.tga,0,26,0,0,,
2291,TOA O chn1 leg1 am,TOA_O_chn1_leg1_am.tga,0,26,0,0,,
2292,TOA O chn1 leg1 h,TOA_O_chn1_leg1_h.tga,0,26,0,0,,
2293,TOA O chn1 helm,TOA_O_chn1_helm.tga,0,26,0,0,,
2294,TOA O scl1 arm1,TOA_O_scl1_arm1.tga,0,23,0,0,,
2295,TOA O scl1 body1f a,TOA_O_scl1_body1f_a.tga,0,23,0,0,,
2296,TOA O scl1 body1f h,TOA_O_scl1_body1f_h.tga,0,23,0,0,,
2297,TOA O scl1 body1f m,TOA_O_scl1_body1f_m.tga,0,23,0,0,,
2298,TOA O scl1 body1m a,TOA_O_scl1_body1m_a.tga,0,23,0,0,,
2299,TOA O scl1 body1m h,TOA_O_scl1_body1m_h.tga,0,23,0,0,,
2300,TOA O scl1 body1m m,TOA_O_scl1_body1m_m.tga,0,23,0,0,,
2301,TOA O scl1 boot1 a,TOA_O_scl1_boot1_a.tga,0,23,0,0,,
2302,TOA O scl1 boot1 mh,TOA_O_scl1_boot1_hm.tga,0,23,0,0,,
2303,TOA O scl1 glov1,TOA_O_scl1_glov1.tga,0,23,0,0,,
2304,TOA O scl1 lbody1,TOA_O_scl1_lbody1.tga,0,23,0,0,,
2305,TOA O scl1 leg1 am,TOA_O_scl1_leg1_am.tga,0,23,0,0,,
2306,TOA O scl1 leg1 h,TOA_O_scl1_leg1_h.tga,0,23,0,0,,
2307,TOA O plt1 arm1,TOA_O_plt1_arm1.tga,0,26,0,0,,
2308,TOA O plt1 body1f a,TOA_O_plt1_body1f_a.tga,0,26,0,0,,
2309,TOA O plt1 body1f h,TOA_O_plt1_body1f_h.tga,0,26,0,0,,
2310,TOA O plt1 body1f m,TOA_O_plt1_body1f_m.tga,0,26,0,0,,
2311,TOA O plt1 body1m a,TOA_O_plt1_body1m_a.tga,0,26,0,0,,
2312,TOA O plt1 body1m h,TOA_O_plt1_body1m_h.tga,0,26,0,0,,
2313,TOA O plt1 body1m m,TOA_O_plt1_body1m_m.tga,0,26,0,0,,
2314,TOA O plt1 boot1 a,TOA_O_plt1_boot1_a.tga,0,26,0,0,,
2315,TOA O plt1 boot1 mh,TOA_O_plt1_boot1_hm.tga,0,26,0,0,,
2316,TOA O plt1 glov1,TOA_O_plt1_glov1.tga,0,26,0,0,,
2317,TOA O plt1 lbody1,TOA_O_plt1_lbody1.tga,0,26,0,0,,
2318,TOA O plt1 leg1 am,TOA_O_plt1_leg1_am.tga,0,26,0,0,,
2319,TOA O plt1 leg1 h,TOA_O_plt1_leg1_h.tga,0,26,0,0,,
2320,TOA S cth1 arm1,TOA_S_cth1_arm1.tga,0,17,0,0,,
2321,TOA S cth1 arm3,TOA_S_cth1_arm3.tga,0,17,0,0,,
2322,TOA S cth1 body1f a,TOA_S_cth1_body1f_a.tga,0,17,0,0,,
2323,TOA S cth1 body1f h,TOA_S_cth1_body1f_h.tga,0,17,0,0,,
2324,TOA S cth1 body1f m,TOA_S_cth1_body1f_m.tga,0,17,0,0,,
2325,TOA S cth1 body1m a,TOA_S_cth1_body1m_a.tga,0,17,0,0,,
2326,TOA S cth1 body1m h,TOA_S_cth1_body1m_h.tga,0,17,0,0,,
2327,TOA S cth1 body1m m,TOA_S_cth1_body1m_m.tga,0,17,0,0,,
2328,TOA S cth1 boot1 a,TOA_S_cth1_boot1_a.tga,0,17,0,0,,
2329,TOA S cth1 boot1 mh,TOA_S_cth1_boot1_mh.tga,0,17,0,0,,
2330,TOA S cth1 glov1,TOA_S_cth1_glov1.tga,0,17,0,0,,
2331,TOA S cth1 lbody1,TOA_S_cth1_lbody1.tga,0,17,0,0,,
2332,TOA S cth1 lbody3,TOA_S_cth1_lbody3.tga,0,17,0,0,,
2333,TOA S cth1 leg1 am,TOA_S_cth1_leg1_am.tga,0,17,0,0,,
2334,TOA S cth1 leg1 h,TOA_S_cth1_leg1_h.tga,0,17,0,0,,
2335,TOA S cth1 helm,TOA_S_cth1_helm.tga,0,17,0,0,,
2336,TOA S lea1 arm1,TOA_S_lea1_arm1.tga,0,17,0,0,,
2337,TOA S lea1 body1f a,TOA_S_lea1_body1f_a.tga,0,17,0,0,,
2338,TOA S lea1 body1f h,TOA_S_lea1_body1f_h.tga,0,17,0,0,,
2339,TOA S lea1 body1f m,TOA_S_lea1_body1f_m.tga,0,17,0,0,,
2340,TOA S lea1 body1m a,TOA_S_lea1_body1m_a.tga,0,17,0,0,,
2341,TOA S lea1 body1m h,TOA_S_lea1_body1m_h.tga,0,17,0,0,,
2342,TOA S lea1 body1m m,TOA_S_lea1_body1m_m.tga,0,17,0,0,,
2343,TOA S lea1 boot1 a,TOA_S_lea1_boot1_a.tga,0,17,0,0,,
2344,TOA S lea1 boot1 mh,TOA_S_lea1_boot1_mh.tga,0,17,0,0,,
2345,TOA S lea1 glov1,TOA_S_lea1_glov1.tga,0,17,0,0,,
2346,TOA S lea1 lbody1,TOA_S_lea1_lbody1.tga,0,17,0,0,,
2347,TOA S lea1 leg1 am,TOA_S_lea1_leg1_am.tga,0,17,0,0,,
2348,TOA S lea1 leg1 h,TOA_S_lea1_leg1_h.tga,0,17,0,0,,
2349,TOA S lea1 helm,TOA_S_lea1_helm.tga,0,17,0,0,,
2350,TOA S std1 arm1,TOA_S_std1_arm1.tga,0,22,0,0,,
2351,TOA S std1 body1f a,TOA_S_std1_body1f_a.tga,0,22,0,0,,
2352,TOA S std1 body1f h,TOA_S_std1_body1f_h.tga,0,22,0,0,,
2353,TOA S std1 body1f m,TOA_S_std1_body1f_m.tga,0,22,0,0,,
2354,TOA S std1 body1m a,TOA_S_std1_body1m_a.tga,0,22,0,0,,
2355,TOA S std1 body1m h,TOA_S_std1_body1m_h.tga,0,22,0,0,,
2356,TOA S std1 body1m m,TOA_S_std1_body1m_m.tga,0,22,0,0,,
2357,TOA S std1 boot1 a,TOA_S_std1_boot1_a.tga,0,22,0,0,,
2358,TOA S std1 boot1 mh,TOA_S_std1_boot1_mh.tga,0,22,0,0,,
2359,TOA S std1 glov1,TOA_S_std1_glov1.tga,0,22,0,0,,
2360,TOA S std1 lbody1,TOA_S_std1_lbody1.tga,0,22,0,0,,
2361,TOA S std1 leg1 am,TOA_S_std1_leg1_am.tga,0,22,0,0,,
2362,TOA S std1 leg1 h,TOA_S_std1_leg1_h.tga,0,22,0,0,,
2363,TOA S std1 helm,TOA_S_std1_helm.tga,0,22,0,0,,
2364,TOA S chn1 arm1,TOA_S_chn1_arm1.tga,0,18,0,0,,
2365,TOA S chn1 body1f a,TOA_S_chn1_body1f_a.tga,0,18,0,0,,
2366,TOA S chn1 body1f h,TOA_S_chn1_body1f_h.tga,0,18,0,0,,
2367,TOA S chn1 body1f m,TOA_S_chn1_body1f_m.tga,0,18,0,0,,
2368,TOA S chn1 body1m a,TOA_S_chn1_body1m_a.tga,0,18,0,0,,
2369,TOA S chn1 body1m h,TOA_S_chn1_body1m_h.tga,0,18,0,0,,
2370,TOA S chn1 body1m m,TOA_S_chn1_body1m_m.tga,0,18,0,0,,
2371,TOA S chn1 boot1 a,TOA_S_chn1_boot1_a.tga,0,18,0,0,,
2372,TOA S chn1 boot1 mh,TOA_S_chn1_boot1_mh.tga,0,18,0,0,,
2373,TOA S chn1 glov1,TOA_S_chn1_glov1.tga,0,18,0,0,,
2374,TOA S chn1 lbody1,TOA_S_chn1_lbody1.tga,0,18,0,0,,
2375,TOA S chn1 leg1 am,TOA_S_chn1_leg1_am.tga,0,18,0,0,,
2376,TOA S chn1 leg1 h,TOA_S_chn1_leg1_h.tga,0,18,0,0,,
2377,TOA S chn1 helm,TOA_S_chn1_helm.tga,0,18,0,0,,
2378,TOA S scl1 arm1,TOA_S_scl1_arm1.tga,0,23,0,0,,
2379,TOA S scl1 body1f a,TOA_S_scl1_body1f_a.tga,0,23,0,0,,
2380,TOA S scl1 body1f h,TOA_S_scl1_body1f_h.tga,0,23,0,0,,
2381,TOA S scl1 body1f m,TOA_S_scl1_body1f_m.tga,0,23,0,0,,
2382,TOA S scl1 body1m a,TOA_S_scl1_body1m_a.tga,0,23,0,0,,
2383,TOA S scl1 body1m h,TOA_S_scl1_body1m_h.tga,0,23,0,0,,
2384,TOA S scl1 body1m m,TOA_S_scl1_body1m_m.tga,0,23,0,0,,
2385,TOA S scl1 boot1 a,TOA_S_scl1_boot1_a.tga,0,23,0,0,,
2386,TOA S scl1 boot1 mh,TOA_S_scl1_boot1_mh.tga,0,23,0,0,,
2387,TOA S scl1 glov1,TOA_S_scl1_glov1.tga,0,23,0,0,,
2388,TOA S scl1 lbody1,TOA_S_scl1_lbody1.tga,0,23,0,0,,
2389,TOA S scl1 leg1 am,TOA_S_scl1_leg1_am.tga,0,23,0,0,,
2390,TOA S scl1 leg1 h,TOA_S_scl1_leg1_h.tga,0,23,0,0,,
2391,TOA S plt1 arm1,TOA_S_plt1_arm1.tga,0,17,0,0,,
2392,TOA S plt1 body1f a,TOA_S_plt1_body1f_a.tga,0,17,0,0,,
2393,TOA S plt1 body1f h,TOA_S_plt1_body1f_h.tga,0,17,0,0,,
2394,TOA S plt1 body1f m,TOA_S_plt1_body1f_m.tga,0,17,0,0,,
2395,TOA S plt1 body1m a,TOA_S_plt1_body1m_a.tga,0,17,0,0,,
2396,TOA S plt1 body1m h,TOA_S_plt1_body1m_h.tga,0,17,0,0,,
2397,TOA S plt1 body1m m,TOA_S_plt1_body1m_m.tga,0,17,0,0,,
2398,TOA S plt1 boot1 a,TOA_S_plt1_boot1_a.tga,0,17,0,0,,
2399,TOA S plt1 boot1 mh,TOA_S_plt1_boot1_mh.tga,0,17,0,0,,
2400,TOA S plt1 glov1,TOA_S_plt1_glov1.tga,0,17,0,0,,
2401,TOA S plt1 lbody1,TOA_S_plt1_lbody1.tga,0,17,0,0,,
2402,TOA S plt1 leg1 am,TOA_S_plt1_leg1_am.tga,0,17,0,0,,
2403,TOA S plt1 leg1 h,TOA_S_plt1_leg1_h.tga,0,17,0,0,,
2404,TOA V cth1 arm1,TOA_V_cth1_arm1.tga,0,18,0,0,,
2405,TOA V cth1 arm3,TOA_V_cth1_arm3.tga,0,18,0,0,,
2406,TOA V cth1 body1f a,TOA_V_cth1_body1f_a.tga,0,18,0,0,,
2407,TOA V cth1 body1f h,TOA_V_cth1_body1f_h.tga,0,18,0,0,,
2408,TOA V cth1 body1f m,TOA_V_cth1_body1f_m.tga,0,18,0,0,,
2409,TOA V cth1 body1m a,TOA_V_cth1_body1m_a.tga,0,18,0,0,,
2410,TOA V cth1 body1m h,TOA_V_cth1_body1m_h.tga,0,18,0,0,,
2411,TOA V cth1 body1m m,TOA_V_cth1_body1m_m.tga,0,18,0,0,,
2412,TOA V cth1 boot1 a,TOA_V_cth1_boot1_a.tga,0,18,0,0,,
2413,TOA V cth1 boot1 mh,TOA_V_cth1_boot1_hm.tga,0,18,0,0,,
2414,TOA V cth1 glov1,TOA_V_cth1_glov1.tga,0,18,0,0,,
2415,TOA V cth1 lbody1,TOA_V_cth1_lbody1.tga,0,18,0,0,,
2416,TOA V cth1 lbody3,TOA_V_cth1_lbody3.tga,0,18,0,0,,
2417,TOA V cth1 leg1 am,TOA_V_cth1_leg1_am.tga,0,18,0,0,,
2418,TOA V cth1 leg1 h,TOA_V_cth1_leg1_h.tga,0,18,0,0,,
2419,TOA V cth1 helm,TOA_V_cth1_helm.tga,0,18,0,0,,
2420,TOA V lea1 arm1,TOA_V_lea1_arm1.tga,0,19,0,0,,
2421,TOA V lea1 body1f a,TOA_V_lea1_body1f_a.tga,0,19,0,0,,
2422,TOA V lea1 body1f h,TOA_V_lea1_body1f_h.tga,0,19,0,0,,
2423,TOA V lea1 body1f m,TOA_V_lea1_body1f_m.tga,0,19,0,0,,
2424,TOA V lea1 body1m a,TOA_V_lea1_body1m_a.tga,0,19,0,0,,
2425,TOA V lea1 body1m h,TOA_V_lea1_body1m_h.tga,0,19,0,0,,
2426,TOA V lea1 body1m m,TOA_V_lea1_body1m_m.tga,0,19,0,0,,
2427,TOA V lea1 boot1 a,TOA_V_lea1_boot1_a.tga,0,19,0,0,,
2428,TOA V lea1 boot1 mh,TOA_V_lea1_boot1_hm.tga,0,19,0,0,,
2429,TOA V lea1 glov1,TOA_V_lea1_glov1.tga,0,19,0,0,,
2430,TOA V lea1 lbody1,TOA_V_lea1_lbody1.tga,0,19,0,0,,
2431,TOA V lea1 leg1 am,TOA_V_lea1_leg1_am.tga,0,19,0,0,,
2432,TOA V lea1 leg1 h,TOA_V_lea1_leg1_h.tga,0,19,0,0,,
2433,TOA V lea1 helm,TOA_V_lea1_helm.tga,0,17,0,0,,
2434,TOA V std1 arm1,TOA_V_std1_arm1.tga,0,23,0,0,,
2435,TOA V std1 body1f a,TOA_V_std1_body1f_a.tga,0,23,0,0,,
2436,TOA V std1 body1f h,TOA_V_std1_body1f_h.tga,0,23,0,0,,
2437,TOA V std1 body1f m,TOA_V_std1_body1f_m.tga,0,23,0,0,,
2438,TOA V std1 body1m a,TOA_V_std1_body1m_a.tga,0,23,0,0,,
2439,TOA V std1 body1m h,TOA_V_std1_body1m_h.tga,0,23,0,0,,
2440,TOA V std1 body1m m,TOA_V_std1_body1m_m.tga,0,23,0,0,,
2441,TOA V std1 boot1 a,TOA_V_std1_boot1_a.tga,0,23,0,0,,
2442,TOA V std1 boot1 mh,TOA_V_std1_boot1_hm.tga,0,23,0,0,,
2443,TOA V std1 glov1,TOA_V_std1_glov1.tga,0,23,0,0,,
2444,TOA V std1 lbody1,TOA_V_std1_lbody1.tga,0,23,0,0,,
2445,TOA V std1 leg1 am,TOA_V_std1_leg1_am.tga,0,23,0,0,,
2446,TOA V std1 leg1 h,TOA_V_std1_leg1_h.tga,0,23,0,0,,
2447,TOA V std1 helm,TOA_V_std1_helm.tga,0,23,0,0,,
2448,TOA V chn1 arm1,TOA_V_chn1_arm1.tga,0,16,0,0,,
2449,TOA V chn1 body1f a,TOA_V_chn1_body1f_a.tga,0,16,0,0,,
2450,TOA V chn1 body1f h,TOA_V_chn1_body1f_h.tga,0,16,0,0,,
2451,TOA V chn1 body1f m,TOA_V_chn1_body1f_m.tga,0,16,0,0,,
2452,TOA V chn1 body1m a,TOA_V_chn1_body1m_a.tga,0,16,0,0,,
2453,TOA V chn1 body1m h,TOA_V_chn1_body1m_h.tga,0,16,0,0,,
2454,TOA V chn1 body1m m,TOA_V_chn1_body1m_m.tga,0,16,0,0,,
2455,TOA V chn1 boot1 a,TOA_V_chn1_boot1_a.tga,0,16,0,0,,
2456,TOA V chn1 boot1 mh,TOA_V_chn1_boot1_hm.tga,0,16,0,0,,
2457,TOA V chn1 glov1,TOA_V_chn1_glov1.tga,0,16,0,0,,
2458,TOA V chn1 lbody1,TOA_V_chn1_lbody1.tga,0,16,0,0,,
2459,TOA V chn1 leg1 am,TOA_V_chn1_leg1_am.tga,0,16,0,0,,
2460,TOA V chn1 leg1 h,TOA_V_chn1_leg1_h.tga,0,16,0,0,,
2461,TOA V chn1 helm,TOA_V_chn1_helm.tga,0,16,0,0,,
2462,TOA V scl1 arm1,TOA_V_scl1_arm1.tga,0,16,0,0,,
2463,TOA V scl1 body1f a,TOA_V_scl1_body1f_a.tga,0,16,0,0,,
2464,TOA V scl1 body1f h,TOA_V_scl1_body1f_h.tga,0,16,0,0,,
2465,TOA V scl1 body1f m,TOA_V_scl1_body1f_m.tga,0,16,0,0,,
2466,TOA V scl1 body1m a,TOA_V_scl1_body1m_a.tga,0,16,0,0,,
2467,TOA V scl1 body1m h,TOA_V_scl1_body1m_h.tga,0,16,0,0,,
2468,TOA V scl1 body1m m,TOA_V_scl1_body1m_m.tga,0,16,0,0,,
2469,TOA V scl1 boot1 a,TOA_V_scl1_boot1_a.tga,0,16,0,0,,
2470,TOA V scl1 boot1 mh,TOA_V_scl1_boot1_hm.tga,0,16,0,0,,
2471,TOA V scl1 glov1,TOA_V_scl1_glov1.tga,0,16,0,0,,
2472,TOA V scl1 lbody1,TOA_V_scl1_lbody1.tga,0,16,0,0,,
2473,TOA V scl1 leg1 am,TOA_V_scl1_leg1_am.tga,0,16,0,0,,
2474,TOA V scl1 leg1 h,TOA_V_scl1_leg1_h.tga,0,16,0,0,,
2475,TOA V plt1 arm1,TOA_V_plt1_arm1.tga,0,16,0,0,,
2476,TOA V plt1 body1f a,TOA_V_plt1_body1f_a.tga,0,16,0,0,,
2477,TOA V plt1 body1f h,TOA_V_plt1_body1f_h.tga,0,16,0,0,,
2478,TOA V plt1 body1f m,TOA_V_plt1_body1f_m.tga,0,16,0,0,,
2479,TOA V plt1 body1m a,TOA_V_plt1_body1m_a.tga,0,16,0,0,,
2480,TOA V plt1 body1m h,TOA_V_plt1_body1m_h.tga,0,16,0,0,,
2481,TOA V plt1 body1m m,TOA_V_plt1_body1m_m.tga,0,16,0,0,,
2482,TOA V plt1 boot1 a,TOA_V_plt1_boot1_a.tga,0,16,0,0,,
2483,TOA V plt1 boot1 mh,TOA_V_plt1_boot1_hm.tga,0,16,0,0,,
2484,TOA V plt1 glov1,TOA_V_plt1_glov1.tga,0,16,0,0,,
2485,TOA V plt1 lbody1,TOA_V_plt1_lbody1.tga,0,16,0,0,,
2486,TOA V plt1 leg1 am,TOA_V_plt1_leg1_am.tga,0,16,0,0,,
2487,TOA V plt1 leg1 h,TOA_V_plt1_leg1_h.tga,0,16,0,0,,
2488,TOA A cth1 arm1,TOA_A_cth1_arm1.tga,0,18,0,0,,
2489,TOA A cth1 arm3,TOA_A_cth1_arm3.tga,0,18,0,0,,
2490,TOA A cth1 body1f a,TOA_A_cth1_body1f_a.tga,0,18,0,0,,
2491,TOA A cth1 body1f h,TOA_A_cth1_body1f_h.tga,0,18,0,0,,
2492,TOA A cth1 body1f m,TOA_A_cth1_body1f_m.tga,0,18,0,0,,
2493,TOA A cth1 body1m a,TOA_A_cth1_body1m_a.tga,0,18,0,0,,
2494,TOA A cth1 body1m h,TOA_A_cth1_body1m_h.tga,0,18,0,0,,
2495,TOA A cth1 body1m m,TOA_A_cth1_body1m_m.tga,0,18,0,0,,
2496,TOA A cth1 boot1 a,TOA_A_cth1_boot1_a.tga,0,18,0,0,,
2497,TOA A cth1 boot1 mh,TOA_A_cth1_boot1_hm.tga,0,18,0,0,,
2498,TOA A cth1 glov1,TOA_A_cth1_glov1.tga,0,18,0,0,,
2499,TOA A cth1 lbody1,TOA_A_cth1_lbody1.tga,0,18,0,0,,
2500,TOA A cth1 lbody3,TOA_A_cth1_lbody3.tga,0,18,0,0,,
2501,TOA A cth1 leg1 am,TOA_A_cth1_leg1_am.tga,0,18,0,0,,
2502,TOA A cth1 leg1 h,TOA_A_cth1_leg1_h.tga,0,18,0,0,,
2503,TOA A cth1 helm,TOA_A_cth1_helm.tga,0,18,0,0,,
2504,TOA A lea1 arm1,TOA_A_lea1_arm1.tga,0,18,0,0,,
2505,TOA A lea1 body1f a,TOA_A_lea1_body1f_a.tga,0,18,0,0,,
2506,TOA A lea1 body1f h,TOA_A_lea1_body1f_h.tga,0,18,0,0,,
2507,TOA A lea1 body1f m,TOA_A_lea1_body1f_m.tga,0,18,0,0,,
2508,TOA A lea1 body1m a,TOA_A_lea1_body1m_a.tga,0,18,0,0,,
2509,TOA A lea1 body1m h,TOA_A_lea1_body1m_h.tga,0,18,0,0,,
2510,TOA A lea1 body1m m,TOA_A_lea1_body1m_m.tga,0,18,0,0,,
2511,TOA A lea1 boot1 a,TOA_A_lea1_boot1_a.tga,0,18,0,0,,
2512,TOA A lea1 boot1 mh,TOA_A_lea1_boot1_hm.tga,0,18,0,0,,
2513,TOA A lea1 glov1,TOA_A_lea1_glov1.tga,0,18,0,0,,
2514,TOA A lea1 lbody1,TOA_A_lea1_lbody1.tga,0,18,0,0,,
2515,TOA A lea1 leg1 am,TOA_A_lea1_leg1_am.tga,0,18,0,0,,
2516,TOA A lea1 leg1 h,TOA_A_lea1_leg1_h.tga,0,18,0,0,,
2517,TOA A lea1 helm,TOA_A_lea1_helm.tga,0,18,0,0,,
2518,TOA A std1 arm1,TOA_A_std1_arm1.tga,0,28,0,0,,
2519,TOA A std1 body1f a,TOA_A_std1_body1f_a.tga,0,28,0,0,,
2520,TOA A std1 body1f h,TOA_A_std1_body1f_h.tga,0,28,0,0,,
2521,TOA A std1 body1f m,TOA_A_std1_body1f_m.tga,0,28,0,0,,
2522,TOA A std1 body1m a,TOA_A_std1_body1m_a.tga,0,28,0,0,,
2523,TOA A std1 body1m h,TOA_A_std1_body1m_h.tga,0,28,0,0,,
2524,TOA A std1 body1m m,TOA_A_std1_body1m_m.tga,0,28,0,0,,
2525,TOA A std1 boot1 a,TOA_A_std1_boot1_a.tga,0,28,0,0,,
2526,TOA A std1 boot1 mh,TOA_A_std1_boot1_hm.tga,0,28,0,0,,
2527,TOA A std1 glov1,TOA_A_std1_glov1.tga,0,28,0,0,,
2528,TOA A std1 lbody1,TOA_A_std1_lbody1.tga,0,28,0,0,,
2529,TOA A std1 leg1 am,TOA_A_std1_leg1_am.tga,0,28,0,0,,
2530,TOA A std1 leg1 h,TOA_A_std1_leg1_h.tga,0,28,0,0,,
2531,TOA A std1 helm,TOA_A_std1_helm.tga,0,28,0,0,,
2532,TOA A chn1 arm1,TOA_A_chn1_arm1.tga,0,19,0,0,,
2533,TOA A chn1 body1f a,TOA_A_chn1_body1f_a.tga,0,19,0,0,,
2534,TOA A chn1 body1f h,TOA_A_chn1_body1f_h.tga,0,19,0,0,,
2535,TOA A chn1 body1f m,TOA_A_chn1_body1f_m.tga,0,19,0,0,,
2536,TOA A chn1 body1m a,TOA_A_chn1_body1m_a.tga,0,19,0,0,,
2537,TOA A chn1 body1m h,TOA_A_chn1_body1m_h.tga,0,19,0,0,,
2538,TOA A chn1 body1m m,TOA_A_chn1_body1m_m.tga,0,19,0,0,,
2539,TOA A chn1 boot1 a,TOA_A_chn1_boot1_a.tga,0,19,0,0,,
2540,TOA A chn1 boot1 mh,TOA_A_chn1_boot1_hm.tga,0,19,0,0,,
2541,TOA A chn1 glov1,TOA_A_chn1_glov1.tga,0,19,0,0,,
2542,TOA A chn1 lbody1,TOA_A_chn1_lbody1.tga,0,19,0,0,,
2543,TOA A chn1 leg1 am,TOA_A_chn1_leg1_am.tga,0,19,0,0,,
2544,TOA A chn1 leg1 h,TOA_A_chn1_leg1_h.tga,0,19,0,0,,
2545,TOA A chn1 helm,TOA_A_chn1_helm.tga,0,19,0,0,,
2546,TOA A scl1 arm1,TOA_A_scl1_arm1.tga,0,22,0,0,,
2547,TOA A scl1 body1f a,TOA_A_scl1_body1f_a.tga,0,22,0,0,,
2548,TOA A scl1 body1f h,TOA_A_scl1_body1f_h.tga,0,22,0,0,,
2549,TOA A scl1 body1f m,TOA_A_scl1_body1f_m.tga,0,22,0,0,,
2550,TOA A scl1 body1m a,TOA_A_scl1_body1m_a.tga,0,22,0,0,,
2551,TOA A scl1 body1m h,TOA_A_scl1_body1m_h.tga,0,22,0,0,,
2552,TOA A scl1 body1m m,TOA_A_scl1_body1m_m.tga,0,22,0,0,,
2553,TOA A scl1 boot1 a,TOA_A_scl1_boot1_a.tga,0,22,0,0,,
2554,TOA A scl1 boot1 mh,TOA_A_scl1_boot1_hm.tga,0,22,0,0,,
2555,TOA A scl1 glov1,TOA_A_scl1_glov1.tga,0,22,0,0,,
2556,TOA A scl1 lbody1,TOA_A_scl1_lbody1.tga,0,22,0,0,,
2557,TOA A scl1 leg1 am,TOA_A_scl1_leg1_am.tga,0,22,0,0,,
2558,TOA A scl1 leg1 h,TOA_A_scl1_leg1_h.tga,0,22,0,0,,
2559,TOA A plt1 arm1,TOA_A_plt1_arm1.tga,0,16,0,0,,
2560,TOA A plt1 body1f a,TOA_A_plt1_body1f_a.tga,0,16,0,0,,
2561,TOA A plt1 body1f h,TOA_A_plt1_body1f_h.tga,0,16,0,0,,
2562,TOA A plt1 body1f m,TOA_A_plt1_body1f_m.tga,0,16,0,0,,
2563,TOA A plt1 body1m a,TOA_A_plt1_body1m_a.tga,0,16,0,0,,
2564,TOA A plt1 body1m h,TOA_A_plt1_body1m_h.tga,0,16,0,0,,
2565,TOA A plt1 body1m m,TOA_A_plt1_body1m_m.tga,0,16,0,0,,
2566,TOA A plt1 boot1 a,TOA_A_plt1_boot1_a.tga,0,16,0,0,,
2567,TOA A plt1 boot1 mh,TOA_A_plt1_boot1_hm.tga,0,16,0,0,,
2568,TOA A plt1 glov1,TOA_A_plt1_glov1.tga,0,16,0,0,,
2569,TOA A plt1 lbody1,TOA_A_plt1_lbody1.tga,0,16,0,0,,
2570,TOA A plt1 leg1 am,TOA_A_plt1_leg1_am.tga,0,16,0,0,,
2571,TOA A plt1 leg1 h,TOA_A_plt1_leg1_h.tga,0,16,0,0,,
2572,envmap woods,envmap_woods.tga,5,15,1,0,,
2573,envmap gem,envmap_gem.tga,5,15,1,0,,
2574,Hoplite envmapligh,Hoplite_envmapligh.tga,5,15,1,0,,
2575,TOA Afct Tatarosgift glow,TOA_Afct_Tatarosgift_glow.tga,3,15,1,0,,
2576,toa s lea1 arm3,toa_s_lea1_arm3.tga,0,17,0,0,,
2577,TOA S naliah body3f a,TOA_S_naliah_body3f_a.tga,0,19,0,0,,
2578,TOA S naliah body3f h,TOA_S_naliah_body3f_h.tga,0,19,0,0,,
2579,TOA S naliah body3f m,TOA_S_naliah_body3f_m.tga,0,19,0,0,,
2580,TOA S naliah body3m a,TOA_S_naliah_body3m_a.tga,0,19,0,0,,
2581,TOA S naliah body3m h,TOA_S_naliah_body3m_h.tga,0,19,0,0,,
2582,TOA S naliah body3m m,TOA_S_naliah_body3m_m.tga,0,19,0,0,,
2583,TOA S naliah lbody1,TOA_S_naliah_lbody1.tga,0,19,0,0,,
2584,TOA S scarab body2f a,TOA_S_scarab_body2f_a.tga,0,19,0,0,,
2585,TOA S scarab body2f h,TOA_S_scarab_body2f_h.tga,0,19,0,0,,
2586,TOA S scarab body2f m,TOA_S_scarab_body2f_m.tga,0,19,0,0,,
2587,TOA S scarab body2m a,TOA_S_scarab_body2m_a.tga,0,19,0,0,,
2588,TOA S scarab body2m h,TOA_S_scarab_body2m_h.tga,0,19,0,0,,
2589,TOA S scarab body2m m,TOA_S_scarab_body2m_m.tga,0,19,0,0,,
2590,TOA S scarab lbody1,TOA_S_scarab_lbody1.tga,0,19,0,0,,
2591,TOA B Weapons Air,TOA_B_Weapons_Air.tga,0,20,0,0,,
2592,TOA B Weapons Earth,TOA_B_Weapons_Earth.tga,0,20,0,0,,
2593,TOA B Weapons Fire,TOA_B_Weapons_Fire.tga,0,20,0,0,,
2594,TOA B Weapons Water,TOA_B_Weapons_Water.tga,0,20,0,0,,
2595,TOA B Weapons Gloss,TOA_B_Weapons_Gloss.tga,4,20,1,0,,
2596,TOA B Weapons Bump,TOA_B_Weapons_Bump.tga,6,20,1,0,,
2597,TOA N Weapons Air,TOA_N_Weapons_Air.tga,0,20,0,0,,
2598,TOA N Weapons Earth,TOA_N_Weapons_Earth.tga,0,20,0,0,,
2599,TOA N Weapons Fire,TOA_N_Weapons_Fire.tga,0,20,0,0,,
2600,TOA N Weapons Water,TOA_N_Weapons_Water.tga,0,20,0,0,,
2601,TOA N Weapons Gloss,TOA_N_Weapons_Gloss.tga,4,20,1,0,,
2602,TOA N Weapons Bump,TOA_N_Weapons_Bump.tga,6,20,1,0,,
2603,TOA H Weapons Air,TOA_H_Weapons_Air.tga,0,20,0,0,,
2604,TOA H Weapons Earth,TOA_H_Weapons_Earth.tga,0,20,0,0,,
2605,TOA H Weapons Fire,TOA_H_Weapons_Fire.tga,0,20,0,0,,
2606,TOA H Weapons Water,TOA_H_Weapons_Water.tga,0,20,0,0,,
2607,TOA H Weapons Gloss,TOA_H_Weapons_Gloss.tga,4,20,1,0,,
2608,TOA H Weapons Bump,TOA_H_Weapons_Bump.tga,6,20,1,0,,
2609,cloudemap,cloudemap.tga,5,20,1,0,,
2610,fieryemap,fieryemap.tga,5,20,1,0,,
2611,pearlmap3,pearlmap3.tga,5,20,1,0,,
2612,topazmap,topazmap.tga,5,20,1,0,,
2613,MaliceAxe,TOA_Afct_MaliceAxe.tga,0,20,0,0,,
2614,MaliceAxe bump,TOA_Afct_MaliceAxe_bump.tga,0,20,1,0,,
2615,MaliceAxe gloss,TOA_Afct_MaliceAxe_gloss.tga,0,20,1,0,,
2616,SerpentScythe,TOA_Afct_SerpentScythe.tga,0,20,0,0,,
2617,SerpentScythe bump,TOA_Afct_SerpentScythe_bump.tga,0,20,1,0,,
2618,SerpentScythe gloss,TOA_Afct_SerpentScythe_gloss.tga,0,20,1,0,,
2619,TOA In Drum,TOA_In_Drum.tga,0,21,0,0,,
2620,TOA In Flute,TOA_In_Flute.tga,0,21,0,0,,
2621,TOA In Harp,TOA_In_Harp.tga,0,30,0,0,,
2622,TOA In Lute,TOA_In_Lute.tga,0,30,0,0,,
2623,TOA Afct SerpentGreaves,TOA_Afct_SerpentGreaves.tga,0,20,0,0,,
2624,TOA Afct SerpentWhip,TOA_Afct_SerpentWhip.tga,0,20,0,0,,
2625,TOA A gift1 body1f a,TOA_A_gift1_body1f_a.tga,0,20,0,0,,
2626,TOA A gift1 body1f h,TOA_A_gift1_body1f_h.tga,0,20,0,0,,
2627,TOA A gift1 body1f m,TOA_A_gift1_body1f_m.tga,0,20,0,0,,
2628,TOA A gift1 body1m a,TOA_A_gift1_body1m_a.tga,0,20,0,0,,
2629,TOA A gift1 body1m h,TOA_A_gift1_body1m_h.tga,0,20,0,0,,
2630,TOA A gift1 body1m m,TOA_A_gift1_body1m_m.tga,0,20,0,0,,
2631,TOA A gift1 lbody1,TOA_A_gift1_lbody1.tga,0,20,0,0,,
2632,toa s lea1 boot1 hm,toa_s_lea1_boot1_hm.tga,0,20,0,0,,
2633,TOA O Weapons,TOA_O_Weapons.tga,0,21,0,0,,
2634,TOA S Weapons,TOA_S_Weapons.tga,0,21,0,0,,
2635,TOA A Weapons,TOA_A_Weapons.tga,0,21,0,0,,
2636,TOA V Weapons,TOA_V_Weapons.tga,0,21,0,0,,
2637,TOA A Feather Cloak,TOA_A_Feather_Cloak.tga,0,21,0,0,,
2638,TOA O Harpy Cloak,TOA_O_Harpy_Cloak.tga,0,21,0,0,,
2639,TOA O Scaled Cloak,TOA_O_Scaled_Cloak.tga,0,21,0,0,,
2640,TOA S Healing Cloak,TOA_S_Healing_Cloak.tga,0,21,0,0,,
2641,TOA S Stygian Cloak,TOA_S_Stygian_Cloak.tga,0,21,0,0,,
2642,TOA V Magma Cloak,TOA_V_Magma_Cloak.tga,0,21,0,0,,
2643,TOA V Mist Cloak,TOA_V_Mist_Cloak.tga,0,21,0,0,,
2644,TOA A Cloud Cloak,TOA_A_Cloud_Cloak.tga,0,21,0,0,,
2645,TOA A enyalio boot3 a,TOA_A_enyalio_boot3_a.tga,0,21,0,0,,
2646,TOA A enyalio boot3 hm,TOA_A_enyalio_boot3_hm.tga,0,21,0,0,,
2647,TOA A flame boot3 a,TOA_A_flame_boot3_a.tga,0,21,0,0,,
2648,TOA A flame boot3 hm,TOA_A_flame_boot3_hm.tga,0,21,0,0,,
2649,TOA A fop arm1,TOA_A_fop_arm1.tga,0,21,0,0,,
2650,TOA O winds arm1,TOA_O_winds_arm1.tga,0,21,0,0,,
2651,TOA O shark glov3,TOA_O_shark_glov3.tga,0,21,0,0,,
2652,TOA_O_alvarus_leg1_am,TOA_O_alvarus_leg1_am.tga,0,21,0,0,,
2653,TOA_O_alvarus_leg1_h,TOA_O_alvarus_leg1_h.tga,0,21,0,0,,
2654,TOA V scalar glov3,TOA_V_scalar_glov3.tga,0,21,0,0,,
2655,TOA A wings leg1 am,TOA_A_wings_leg1_am.tga,0,22,0,0,,
2656,TOA A wings leg1 h,TOA_A_wings_leg1_h.tga,0,22,0,0,,
2657,TOA S cth1 helm1,TOA_S_cth1_helm1.tga,0,22,0,0,,
2658,Stygian Leather Helm,TOA_S_lea1_helm1.tga,0,22,0,0,,
2659,TOA S plt1 helm1,TOA_S_plt1_helm1.tga,0,27,0,0,,
2660,TOA S std1 helm1,TOA_S_std1_helm1.tga,0,27,0,0,,
2661,TOA V chn1 Helm1,TOA_V_chn1_Helm1.tga,0,27,0,0,,
2662,TOA V cth1 Helm1,TOA_V_cth1_Helm1.tga,0,27,0,0,,
2663,TOA V lea1 Helm1,TOA_V_lea1_Helm1.tga,0,27,0,0,,
2664,TOA V plt1 Helm1,TOA_V_plt1_Helm1.tga,0,27,0,0,,
2665,TOA V scl1 Helm1,TOA_V_scl1_Helm1.tga,0,27,0,0,,
2666,TOA V std1 Helm1,TOA_V_std1_Helm1.tga,0,27,0,0,,
2667,TOA O cth1 helm1,TOA_O_cth1_helm1.tga,0,27,0,0,,
2668,TOA A cth1 helm1,TOA_A_cth1_helm1.tga,0,27,0,0,,
2669,TOA O lea1 helm1,TOA_O_lea1_helm1.tga,0,27,0,0,,
2670,toa o std1 helm1,toa_o_std1_helm1.tga,0,27,0,0,,
2671,TOA S chn1 helm1,TOA_S_chn1_helm1.tga,0,27,0,0,,
2672,TOA S scl1 helm1,TOA_S_scl1_helm1.tga,0,27,0,0,,
2673,TOA A chn1 helm1,TOA_A_chn1_helm1.tga,0,27,0,0,,
2674,TOA A plt1 helm1,TOA_A_plt1_helm1.tga,0,27,0,0,,
2675,TOA A scl1 helm1,TOA_A_scl1_helm1.tga,0,27,0,0,,
2676,TOA O chn1 helm1,TOA_O_chn1_helm1.tga,0,27,0,0,,
2677,TOA O plt1 helm1,TOA_O_plt1_helm1.tga,0,27,0,0,,
2678,TOA O scl1 helm1,TOA_O_scl1_helm1.tga,0,27,0,0,,
2679,TOA Afct CoralCrown,TOA_Afct_CoralCrown.tga,0,27,0,0,,
2680,TOA Afct CrownofZahur,TOA_Afct_CrownofZahur.tga,0,27,0,0,,
2681,TOA A lea1 helm1,TOA_A_lea1_helm1.tga,0,27,0,0,,
2682,TOA A std1 helm1,TOA_A_std1_helm1.tga,0,27,0,0,,
2683,Winged Helm,TOA_Afct_Wingedhelm.tga,0,27,0,0,,
2684,TOA O eirene body5f a,TOA_O_eirene_body5f_a.tga,0,27,0,0,,
2685,TOA O eirene body5f h,TOA_O_eirene_body5f_h.tga,0,27,0,0,,
2686,TOA O eirene body5f m,TOA_O_eirene_body5f_m.tga,0,27,0,0,,
2687,TOA O eirene body5m a,TOA_O_eirene_body5m_a.tga,0,27,0,0,,
2688,TOA O eirene body5m h,TOA_O_eirene_body5m_h.tga,0,27,0,0,,
2689,TOA O eirene body5m m,TOA_O_eirene_body5m_m.tga,0,27,0,0,,
2690,TOA O eirene lbody1,TOA_O_eirene_lbody1.tga,0,27,0,0,,
2691,TOA A rsch arm3 a,TOA_A_rsch_arm3_a.tga,0,27,0,0,,
2692,TOA A rsch body1f a,TOA_A_rsch_body1f_a.tga,0,27,0,0,,
2693,TOA A rsch body1m a,TOA_A_rsch_body1m_a.tga,0,27,0,0,,
2694,TOA A rsch boot1 a,TOA_A_rsch_boot1_a.tga,0,27,0,0,,
2695,TOA A rsch glov1 a,TOA_A_rsch_glov1_a.tga,0,27,0,0,,
2696,TOA A rsch lbody3 a,TOA_A_rsch_lbody3_a.tga,0,27,0,0,,
2697,TOA H rsch boot1 h,TOA_H_rsch_boot1_h.tga,0,27,0,0,,
2698,TOA H rsch glov1 h,TOA_H_rsch_glov1_h.tga,0,27,0,0,,
2699,TOA N rsch arm1 m,TOA_N_rsch_arm1_m.tga,0,27,0,0,,
2700,TOA N rsch body1f m,TOA_N_rsch_body1f_m.tga,0,27,0,0,,
2701,TOA N rsch body1m m,TOA_N_rsch_body1m_m.tga,0,27,0,0,,
2702,TOA N rsch boot1 m,TOA_N_rsch_boot1_m.tga,0,27,0,0,,
2703,TOA N rsch glov1 m,TOA_N_rsch_glov1_m.dds,0,27,0,0,,
2704,TOA N rsch lbody3 m,TOA_N_rsch_lbody3_m.tga,0,27,0,0,,
2705,TOA N rsch leg1 m,TOA_N_rsch_leg1_m.tga,0,27,0,0,,
2706,TOA H rsch arm3 h,TOA_H_rsch_arm3_h.tga,0,27,0,0,,
2707,TOA H rsch body1m h,TOA_H_rsch_body1m_h.tga,0,27,0,0,,
2708,TOA H rsch lbody1 h,TOA_H_rsch_lbody1_h.tga,0,27,0,0,,
2709,TOA H rsch body1f h,TOA_H_rsch_body1f_h.tga,0,27,0,0,,
2710,toa a lea1 arm3,toa_a_lea1_arm3.tga,0,29,0,0,,
2711,toa a lea1 lbody3,toa_a_lea1_lbody3.tga,0,29,0,0,,
2712,toa o lea1 arm3,toa_o_lea1_arm3.tga,0,29,0,0,,
2713,toa o lea1 lbody3,toa_o_lea1_lbody3.tga,0,29,0,0,,
2714,toa s lea1 arm3,toa_s_lea1_arm3.tga,0,29,0,0,,
2715,toa s lea1 lbody3,toa_s_lea1_lbody3.tga,0,29,0,0,,
2716,toa s naliah arm3,toa_s_naliah_arm3.tga,0,29,0,0,,
2717,toa s naliah lbody3,toa_s_naliah_lbody3.tga,0,29,0,0,,
2718,toa v lea1 arm3,toa_v_lea1_arm3.tga,0,29,0,0,,
2719,toa v lea1 lbody3 ,toa_v_lea1_lbody3.tga,0,29,0,0,,
2720,Chain Tset,chaintest.dds,0,35,0,0,,
2721,Paladin Epic Gloves,epiGloves01_paladin.dds,0,145,3,0,,
2722,Paladin Epic Legs,epiLegs01_paladin.dds,0,145,3,0,,
2723,Paladin Epic Arms,epiArms01_paladin.dds,0,145,3,0,,
2724,Paladin Epic Body,epiBody01_paladin.dds,0,145,3,0,,
2725,Paladin Epic Boots,epiBoots01_paladin.dds,0,145,3,0,,
2726,Warrior Arms,epiArms01_warrior.dds,0,145,3,0,,
2727,Warrior Body,epiBody03_warrior.dds,0,145,3,0,,
2728,Warrior Gloves,epiGloves01_warrior.dds,0,145,3,0,,
2729,Warrior Boots,epiBoots03_warrior.dds,0,145,3,0,,
2730,Warrior Legs,epiLegs01_warrior.dds,0,145,3,0,,
2731,Champion Legs,epiLegs01_champion.dds,0,145,3,0,,
2732,Champion Gloves,epiGloves02_champion.dds,0,35,3,0,,
2733,Champion Boots,epiBoots02_champion.dds,0,35,3,0,,
2734,Champion Body,epiBody02_champion.dds,0,35,3,0,,
2735,Champion Arms,epiArms01_champion.dds,0,35,3,457,,
2736,Cata Hard Leather Body,leaBody01_01_m.dds,0,0,3,571,,
2737,Cata Leather Body Brit Male,leaBody02_01_m.dds,0,0,3,586,,
2738,Cata Leather Body Valk Male,leaBody05_TOA_V_m.dds,0,0,3,622,,
2739,Cata Norse Chain 5 Female,chnBody05_01_f.dds,0,0,3,47,,
4000,Cata Hard Leather,leaBody01_01_m.dds,0,0,0,571,,
4001,Cata Hard Leather,leaBody01_01_f.dds,0,0,0,570,,
4002,Cata Hard Leather,cthArms01_lea02.dds,0,0,0,163,,
4003,Cata Hard Leather,leaGloves01_03.dds,0,0,0,676,,
4004,Cata Hard Leather,cthLegs01_lea01.dds,0,0,0,375,,
4005,Cata Hard Leather,leaBoots01_06.dds,0,0,0,632,,
4006,Cata Padded Leather,leaBody01_02_m.dds,0,0,0,574,,
4007,Cata Padded Leather,leaBody01_02_f.dds,0,0,0,573,,
4008,Cata Padded Leather,cthArms01_lea03.dds,0,0,0,164,,
4009,Cata Padded Leather,leaGloves01_07.dds,0,0,0,681,,
4010,Cata Padded Leather,cthLegs01_lea02.dds,0,0,0,379,,
4011,Cata Padded Leather,leaBoots01_07.dds,0,0,0,634,,
4012,Cata Reinforced Leather,stdBody01_lea01_m.dds,0,0,0,1276,,
4013,Cata Reinforced Leather,stdBody01_lea01_f.dds,0,0,0,1277,,
4014,Cata Reinforced Leather,cthArms01_lea04.dds,0,0,0,165,,
4015,Cata Reinforced Leather,leaGloves01_08.dds,0,0,0,682,,
4016,Cata Reinforced Leather,cthLegs01_lea03.dds,0,0,0,380,,
4017,Cata Reinforced Leather,leaBoots01_08.dds,0,0,0,635,,
4018,Cata Plated Studded,stdBody01_03_m.dds,0,0,0,1007,,
4019,Cata Plated Studded,stdBody01_03_f.dds,0,0,0,1006,,
4020,Cata Plated Studded,cthArms01_std02.dds,0,0,0,206,,
4021,Cata Plated Studded,leaGloves01_std01.dds,0,0,0,706,,
4022,Cata Plated Studded,cthLegs01_std06.dds,0,0,0,421,,
4023,Cata Plated Studded,leaboots01_std01.dds,0,0,0,658,,
4024,Cata Studded,stdBody01_02_m.dds,0,0,0,1003,,
4025,Cata Studded,stdBody01_02_f.dds,0,0,0,1004,,
4026,Cata Studded,cthArms01_std04.dds,0,0,0,208,,
4027,Cata Studded,leaGloves01_std02.dds,0,0,0,711,,
4028,Cata Studded,cthLegs01_std01.dds,0,0,0,412,,
4029,Cata Studded,leaboots01_std02.dds,0,0,0,663,,
4030,Cata Chain,chnBody05_02_m.dds,0,0,0,50,,
4031,Cata Chain,chnBody05_02_f.dds,0,0,0,49,,
4032,Cata Chain,cthArms01_chn02.dds,0,0,0,122,,
4033,Cata Chain,chnGloves01_02.dds,0,0,0,89,,
4034,Cata Chain,cthLegs01_chn02.dds,0,0,0,340,,
4035,Cata Chain,chnBoots01_02.dds,0,0,0,73,,
4036,Cata Plate,pltBody01_03_m.dds,0,0,0,756,,
4037,Cata Plate,pltBody01_03_f.dds,0,0,0,755,,
4038,Cata Plate,cthArms01_plt03.dds,0,0,0,179,,
4039,Cata Plate,pltGloves01_03.dds,0,0,0,829,,
4040,Cata Plate,cthLegs01_plt03.dds,0,0,0,1275,,
4041,Cata Plate,pltBoots01_03.dds,0,0,0,805,,
4042,Cata Ribbed Plate,pltBody01_05_m.dds,0,0,0,760,,
4043,Cata Ribbed Plate,pltBody01_05_f.dds,0,0,0,759,,
4044,Cata Ribbed Plate,cthArms01_plt04.dds,0,0,0,180,,
4045,Cata Ribbed Plate,pltGloves01_04.dds,0,0,0,830,,
4046,Cata Ribbed Plate,cthLegs01_plt04.dds,0,0,0,1279,,
4047,Cata Ribbed Plate,pltBoots01_04.dds,0,0,0,806,,
4048,Cata Robe 1 body,robBody01_02_m.dds,0,0,0,870,,
4049,Cata Robe 1 Body female,robBody01_02_f.dds,0,0,0,869,,
4050,Cata Robe 2 Body,robBody01_03_m.dds,0,0,0,873,,
4051,Cata Robe 2 body Female,robBody01_03_f.dds,0,0,0,872,,
4052,Cata Robe 3 Body,robBody01_04_m.dds,0,0,0,876,,
4053,Cata Robe 3 Body Female,robBody01_04_f.dds,0,0,0,875,,
4054,Cata Robe 4 Body,robBody01_05_m.dds,0,0,0,879,,
4055,Cata Robe 4 body F,robBody01_05_f.dds,0,0,0,878,,
4056,Cata Robe 5 Body,robBody01_06_m.dds,0,0,0,882,,
4057,Cata Robe 5 body F,robBody01_06_f.dds,0,0,0,881,,
4058,Cata Cloth,cthArms01_06.dds,0,0,0,1280,,
4059,Cata Cloth,cthbody01_12_f.dds,0,0,0,233,,
4060,Cata Cloth,cthbody01_12_m.dds,0,0,0,234,,
4061,Cata Cloth,cthboot01_01.dds,0,0,0,257,,
4062,Cata Cloth,cthgloves01_01.dds,0,0,0,297,,
4063,Cata Cloth,cthLegs01_10.dds,0,0,0,1278,,
4064,Cata Crude Leather,leaBody05_06_m.dds,0,0,0,1281,,
4065,Cata Crude Leather,leaBody05_06_f.dds,0,0,0,1282,,
4066,Cata Crude Leather,cthArms01_lea01.dds,0,0,0,159,,
4067,Cata Crude Leather,leaGloves01_05.dds,0,0,0,679,,
4068,Cata Crude Leather,cthLegs01_lea08.dds,0,0,0,385,,
4069,Cata Crude Leather,leaBoots01_05.dds,0,0,0,1283,,
4070,Cata Heavy Studded,stdBody01_01_m.dds,0,0,0,1003,,
4071,Cata Heavy Studded,stdBody01_01_f.dds,0,0,0,1002,,
4072,Cata Heavy Studded,cthArms01_std03.dds,0,0,0,207,,
4073,Cata Heavy Studded,leaGloves01_std03.dds,0,0,0,712,,
4074,Cata Heavy Studded,cthLegs01_std03.dds,0,0,0,418,,
4075,Cata Heavy Studded,leaboots01_std07.dds,0,0,0,668,,
4076,Cata Special Leather,leaBody05_06_m.dds,0,0,0,1281,,
4077,Cata Special Leather,leaBody05_06_f.dds,0,0,0,1282,,
4078,Cata Special Leather,cthArms01_lea01.dds,0,0,0,159,,
4079,Cata Special Leather,leaGloves01_05.dds,0,0,0,679,,
4080,Cata Special Leather,cthLegs01_lea08.dds,0,0,0,385,,
4081,Cata Special Leather,leaBoots01_05.dds,0,0,0,1283,,
4082,Cata New Chain 2,chnBody05_11_m.dds,0,0,0,68,,
4083,Cata New Chain 2,chnBody05_11_f.dds,0,0,0,67,,
4084,Cata New Chain 2,cthArms01_chn11.dds,0,0,0,131,,
4085,Cata New Chain 2,chnGloves01_11.dds,0,0,0,98,,
4086,Cata New Chain 2,cthLegs01_chn11.dds,0,0,0,349,,
4087,Cata New Chain 2,chnBoots01_11.dds,0,0,0,82,,
4088,Cata New Chain 3,chnBody05_11_m.dds,0,0,0,68,,
4089,Cata New Chain 3,chnBody05_11_f.dds,0,0,0,67,,
4090,Cata New Chain 3,cthArms01_chn11.dds,0,0,0,131,,
4091,Cata New Chain 3,chnGloves01_11.dds,0,0,0,98,,
4092,Cata New Chain 3,cthLegs01_chn11.dds,0,0,0,349,,
4093,Cata New Chain 3,chnBoots01_11.dds,0,0,0,82,,
4094,Cata New Chain 4,chnBody05_11_m.dds,0,0,0,68,,
4095,Cata New Chain 4,chnBody05_11_f.dds,0,0,0,67,,
4096,Cata New Chain 4,cthArms01_chn11.dds,0,0,0,131,,
4097,Cata New Chain 4,chnGloves01_11.dds,0,0,0,98,,
4098,Cata New Chain 4,cthLegs01_chn11.dds,0,0,0,349,,
4099,Cata New Chain 4,chnBoots01_11.dds,0,0,0,82,,
4100,Cata Special Chain,chnBody05_11_m.dds,0,0,0,68,,
4101,Cata Special Chain,chnBody05_11_f.dds,0,0,0,67,,
4102,Cata Special Chain,cthArms01_chn11.dds,0,0,0,131,,
4103,Cata Special Chain,chnGloves01_11.dds,0,0,0,98,,
4104,Cata Special Chain,cthLegs01_chn11.dds,0,0,0,349,,
4105,Cata Special Chain,chnBoots01_11.dds,0,0,0,82,,
4106,Cata New Plate 3,pltBody01_03_m.dds,0,0,0,756,,
4107,Cata New Plate 3,pltBody01_03_f.dds,0,0,0,755,,
4108,Cata New Plate 3,cthArms01_plt03.dds,0,0,0,179,,
4109,Cata New Plate 3,pltGloves01_03.dds,0,0,0,829,,
4110,Cata New Plate 3,cthLegs01_plt03.dds,0,0,0,1275,,
4111,Cata New Plate 3,pltBoots01_03.dds,0,0,0,805,,
4112,Cata New Plate 4,pltBody01_03_m.dds,0,0,0,756,,
4113,Cata New Plate 4,pltBody01_03_f.dds,0,0,0,755,,
4114,Cata New Plate 4,cthArms01_plt03.dds,0,0,0,179,,
4115,Cata New Plate 4,pltGloves01_03.dds,0,0,0,829,,
4116,Cata New Plate 4,cthLegs01_plt03.dds,0,0,0,1275,,
4117,Cata New Plate 4,pltBoots01_03.dds,0,0,0,805,,
4118,Cata Special Plate,pltBody01_03_m.dds,0,0,0,756,,
4119,Cata Special Plate,pltBody01_03_f.dds,0,0,0,755,,
4120,Cata Special Plate,cthArms01_plt03.dds,0,0,0,179,,
4121,Cata Special Plate,pltGloves01_03.dds,0,0,0,829,,
4122,Cata Special Plate,cthLegs01_plt03.dds,0,0,0,1275,,
4123,Cata Special Plate,pltBoots01_03.dds,0,0,0,805,,
4124,Cata New Studded 4,stdBody01_02_m.dds,0,0,0,1003,,
4125,Cata New Studded 4,stdBody01_02_f.dds,0,0,0,1004,,
4126,Cata New Studded 4,cthArms01_std04.dds,0,0,0,208,,
4127,Cata New Studded 4,leaGloves01_std02.dds,0,0,0,711,,
4128,Cata New Studded 4,cthLegs01_std01.dds,0,0,0,412,,
4129,Cata New Studded 4,leaboots01_std02.dds,0,0,0,663,,
4130,Cata Special Studded,stdBody01_01_m.dds,0,0,0,1003,,
4131,Cata Special Studded,stdBody01_01_f.dds,0,0,0,1002,,
4132,Cata Special Studded,cthArms01_std03.dds,0,0,0,207,,
4133,Cata Special Studded,leaGloves01_std03.dds,0,0,0,712,,
4134,Cata Special Studded,cthLegs01_std03.dds,0,0,0,418,,
4135,Cata Special Studded,leaboots01_std07.dds,0,0,0,668,,
4136,Cata Norse Studded,stdBody02_01_m.dds,0,0,0,1011,,
4137,Cata Norse Studded,stdBody02_01_f.dds,0,0,0,1010,,
4138,Cata Norse Studded,cthArms01_std06.dds,0,0,0,210,,
4139,Cata Norse Studded,leaGloves01_std04.dds,0,0,0,713,,
4140,Cata Norse Studded,cthLegs01_std02.dds,0,0,0,417,,
4141,Cata Norse Studded,leaboots01_std04.dds,0,0,0,665,,
4142,Cata Norse Chain,chnBody05_01_m.dds,0,0,0,48,,
4143,Cata Norse Chain,chnBody05_02_f.dds,0,0,0,49,,
4144,Cata Norse Chain,cthArms01_chn01.dds,0,0,0,117,,
4145,Cata Norse Chain,chnGloves01_01.dds,0,0,0,86,,
4146,Cata Norse Chain,cthLegs01_chn01.dds,0,0,0,335,,
4147,Cata Norse Chain,chnBoots01_01.dds,0,0,0,70,,
4148,Cata Norse Leather,leaBody05_05_m.dds,0,0,0,1266,,
4149,Cata Norse Leather,leaBody05_05_f.dds,0,0,0,1267,,
4150,Cata Norse Leather,cthArms01_lea09.dds,0,0,0,170,,
4151,Cata Norse Leather,leaGloves01_13.dds,0,0,0,1268,,
4152,Cata Norse Leather,cthLegs01_lea06.dds,0,0,0,383,,
4153,Cata Norse Leather,leaBoots01_13.dds,0,0,0,640,,
4154,Cata Norse Cloth,cthbody01_02_f.dds,0,0,0,219,,
4155,Cata Norse Cloth,cthbody01_02_m.dds,0,0,0,220,,
4156,Cata Norse Cloth,cthboots01_05.dds,0,0,0,274,,
4157,Cata Norse Cloth,cthgloves01_05.dds,0,0,0,301,,
4158,Cata Norse Cloth,cthLegs01_04.dds,0,0,0,328,,
4159,Cata Norse Cloth,cthArms01_02.dds,0,0,0,113,,
4160,Cata Norse Studded 2,stdBody02_02_m.dds,0,0,0,1013,,
4161,Cata Norse Studded 2,stdBody02_02_f.dds,0,0,0,1012,,
4162,Cata Norse Studded 2,cthArms01_std01.dds,0,0,0,201,,
4163,Cata Norse Studded 2,leaGloves01_std08.dds,0,0,0,717,,
4164,Cata Norse Studded 2,cthLegs01_std04.dds,0,0,0,419,,
4165,Cata Norse Studded 2,leaboots01_std05.dds,0,0,0,666,,
4166,Cata Norse Chain 2,chnBody05_04_m.dds,0,0,0,54,,
4167,Cata Norse Chain 2,chnBody05_04_f.dds,0,0,0,53,,
4168,Cata Norse Chain 2,cthArms01_chn04.dds,0,0,0,124,,
4169,Cata Norse Chain 2,chnGloves01_04.dds,0,0,0,91,,
4170,Cata Norse Chain 2,cthLegs01_chn04.dds,0,0,0,342,,
4171,Cata Norse Chain 2,chnBoots01_04.dds,0,0,0,75,,
4172,Cata Norse Leather 2,stdbody02_lea02_M.dds,0,0,0,1017,,
4173,Cata Norse Leather 2,stdbody02_lea02_F.dds,0,0,0,1016,,
4174,Cata Norse Leather 2,cthArms01_lea10.dds,0,0,0,171,,
4175,Cata Norse Leather 2,leaGloves01_14.dds,0,0,0,688,,
4176,Cata Norse Leather 2,cthLegs01_lea11.dds,0,0,0,388,,
4177,Cata Norse Leather 2,leaBoots01_14.dds,0,0,0,641,,
4178,Cata Norse Cloth 2,cthbody01_03_f.dds,0,0,0,221,,
4179,Cata Norse Cloth 2,cthbody01_03_M.dds,0,0,0,222,,
4180,Cata Norse Cloth 2,cthboot01_06.dds,0,0,0,262,,
4181,Cata Norse Cloth 2,cthgloves01_06.dds,0,0,0,1284,,
4182,Cata Norse Cloth 2,cthLegs01_05.dds,0,0,0,329,,
4183,Cata Norse Cloth 2,cthArms01_03.dds,0,0,0,114,,
4184,Cata Norse Studded 3,stdBody01_04_m.dds,0,0,0,1009,,
4185,Cata Norse Studded 3,stdBody01_04_f.dds,0,0,0,1008,,
4186,Cata Norse Studded 3,cthArms01_std05.dds,0,0,0,209,,
4187,Cata Norse Studded 3,leaGloves01_std06.dds,0,0,0,715,,
4188,Cata Norse Studded 3,cthLegs01_std05.dds,0,0,0,420,,
4189,Cata Norse Studded 3,leaboots01_std06.dds,0,0,0,667,,
4190,Cata Norse Chain 3,chnBody05_07_m.dds,0,0,0,60,,
4191,Cata Norse Chain 3,chnBody05_11_f.dds,0,0,0,67,,
4192,Cata Norse Chain 3,cthArms01_chn07.dds,0,0,0,127,,
4193,Cata Norse Chain 3,chnGloves01_07.dds,0,0,0,94,,
4194,Cata Norse Chain 3,cthLegs01_chn07.dds,0,0,0,345,,
4195,Cata Norse Chain 3,chnBoots01_07.dds,0,0,0,78,,
4196,Cata Norse Leather 3,stdBody02_lea04_m.dds,0,0,0,1021,,
4197,Cata Norse Leather 3,stdBody02_lea04_f.dds,0,0,0,1020,,
4198,Cata Norse Leather 3,cthArms01_lea11.dds,0,0,0,172,,
4199,Cata Norse Leather 3,leaGloves01_15.dds,0,0,0,689,,
4200,Cata Norse Leather 3,cthLegs01_lea10.dds,0,0,0,387,,
4201,Cata Norse Leather 3,leaBoots01_15.dds,0,0,0,642,,
4202,Cata Norse Cloth 3,cthbody01_02_f.dds,0,0,0,219,,
4203,Cata Norse Cloth 3,cthbody01_02_m.dds,0,0,0,220,,
4204,Cata Norse Cloth 3,cthboot01_05.dds,0,0,0,261,,
4205,Cata Norse Cloth 3,cthgloves01_05.dds,0,0,0,301,,
4206,Cata Norse Cloth 3,cthLegs01_04.dds,0,0,0,328,,
4207,Cata Norse Cloth 3,cthArms01_02.dds,0,0,0,113,,
4208,Cata Norse Special Studded,stdBody01_04_m.dds ,0,0,0,1027,,
4209,Cata Norse Special Studded,stdBody01_04_f.dds ,0,0,0,1026,,
4210,Cata Norse Special Studded,cthArms01_std05.dds,0,0,0,209,,
4211,Cata Norse Special Studded,leaGloves01_std06.dds,0,0,0,715,,
4212,Cata Norse Special Studded,cthLegs01_std05.dds,0,0,0,420,,
4213,Cata Norse Special Studded,leaboots01_std06.dds,0,0,0,667,,
4214,Cata Norse Special Chain,chnBody05_07_m.dds,0,0,0,60,,
4215,Cata Norse Special Chain,chnBody05_11_f.dds,0,0,0,67,,
4216,Cata Norse Special Chain,cthArms01_chn07.dds,0,0,0,127,,
4217,Cata Norse Special Chain,chnGloves01_07.dds,0,0,0,94,,
4218,Cata Norse Special Chain,cthLegs01_chn07.dds,0,0,0,345,,
4219,Cata Norse Special Chain,chnBoots01_07.dds,0,0,0,78,,
4220,Cata Norse Special Leather,leaBody04_04_m.dds,0,0,0,601,,
4221,Cata Norse Special Leather,leaBody04_04_f.dds,0,0,0,600,,
4222,Cata Norse Special Leather,cthArms01_lea12.dds,0,0,0,173,,
4223,Cata Norse Special Leather,leaGloves01_16.dds,0,0,0,690,,
4224,Cata Norse Special Leather,cthLegs01_lea07.dds,0,0,0,384,,
4225,Cata Norse Special Leather,leaBoots01_16.dds,0,0,0,643,,
4226,Cata Norse Special Cloth,cthbody01_02_f.dds,0,0,0,219,,
4227,Cata Norse Special Cloth,cthbody01_02_m.dds,0,0,0,220,,
4228,Cata Norse Special Cloth,cthboot01_05.dds,0,0,0,261,,
4229,Cata Norse Special Cloth,cthgloves01_05.dds,0,0,0,301,,
4230,Cata Norse Special Cloth,cthLegs01_04.dds,0,0,0,328,,
4231,Cata Norse Special Cloth,cthArms01_02.dds,0,0,0,113,,
4232,Cata Celtic Special Cloth,cthbody01_01_f.dds,0,0,0,217,,
4233,Cata Celtic Special Cloth,cthbody01_01_m.dds,0,0,0,220,,
4234,Cata Celtic Special Cloth,cthArms01_01.dds,0,0,0,112,,
4235,Cata Celtic Special Cloth,cthgloves01_03.dds,0,0,0,299,,
4236,Cata Celtic Special Cloth,cthLegs01_02.dds,0,0,0,326,,
4237,Cata Celtic Special Cloth,cthboot01_03.dds,0,0,0,259,,
4238,Cata Celtic Special Reinforced,renBody02_01_m.dds,0,0,0,860,,
4239,Cata Celtic Special Reinforced,renBody02_01_f.dds,0,0,0,859,,
4240,Cata Celtic Special Reinforced,cthArms01_ren04.dds,0,0,0,185,,
4241,Cata Celtic Special Reinforced,leaGloves01_ren01.dds,0,0,0,700,,
4242,Cata Celtic Special Reinforced,cthLegs01_ren02.dds,0,0,0,394,,
4243,Cata Celtic Special Reinforced,leaBoots01_ren01.dds,0,0,0,653,,
4244,Cata Celtic Special Scaled,sclBody01_01_m.dds,0,0,0,966,,
4245,Cata Celtic Special Scaled,sclBody01_01_f.dds,0,0,0,965,,
4246,Cata Celtic Special Scaled,cthArms01_scl01.dds,0,0,0,186,,
4247,Cata Celtic Special Scaled,sclGloves01_01.dds,0,0,0,988,,
4248,Cata Celtic Special Scaled,cthLegs01_scl01.dds,0,0,0,397,,
4249,Cata Celtic Special Scaled,sclBoots01_01.dds,0,0,0,980,,
4250,Cata Celtic Special Leather,leaBody03_02_m.dds,0,0,0,591,,
4251,Cata Celtic Special Leather,leaBody03_02_f.dds,0,0,0,590,,
4252,Cata Celtic Special Leather,cthArms01_lea06.dds,0,0,0,167,,
4253,Cata Celtic Special Leather,leaGloves01_01.dds,0,0,0,673,,
4254,Cata Celtic Special Leather,cthLegs01_lea11.dds,0,0,0,388,,
4255,Cata Celtic Special Leather,leaBoots01_01.dds,0,0,0,626,,
4256,Cata Celtic Worn Cloth,cthbody01_01_f.dds,0,0,0,217,,
4257,Cata Celtic Worn Cloth,cthbody01_01_m.dds,0,0,0,220,,
4258,Cata Celtic Worn Cloth,cthArms01_01.dds,0,0,0,112,,
4259,Cata Celtic Worn Cloth,cthgloves01_03.dds,0,0,0,299,,
4260,Cata Celtic Worn Cloth,cthLegs01_02.dds,0,0,0,326,,
4261,Cata Celtic Worn Cloth,cthboot01_03.dds,0,0,0,259,,
4262,Cata Celtic Worn Reinforced,renBody02_01_m.dds,0,0,0,860,,
4263,Cata Celtic Worn Reinforced,renBody02_01_f.dds,0,0,0,859,,
4264,Cata Celtic Worn Reinforced,cthArms01_ren04.dds,0,0,0,185,,
4265,Cata Celtic Worn Reinforced,leaGloves01_ren01.dds,0,0,0,700,,
4266,Cata Celtic Worn Reinforced,cthLegs01_ren02.dds,0,0,0,394,,
4267,Cata Celtic Worn Reinforced,leaBoots01_ren01.dds,0,0,0,653,,
4268,Cata Celtic Worn Scaled,sclBody01_01_m.dds,0,0,0,966,,
4269,Cata Celtic Worn Scaled,sclBody01_01_f.dds,0,0,0,965,,
4270,Cata Celtic Worn Scaled,cthArms01_scl01.dds,0,0,0,186,,
4271,Cata Celtic Worn Scaled,sclGloves01_01.dds,0,0,0,988,,
4272,Cata Celtic Worn Scaled,cthLegs01_scl01.dds,0,0,0,397,,
4273,Cata Celtic Worn Scaled,sclBoots01_01.dds,0,0,0,980,,
4274,Cata Celtic Worn Leather,leaBody03_01_m.dds,0,0,0,589,,
4275,Cata Celtic Worn Leather,leaBody03_01_f.dds,0,0,0,588,,
4276,Cata Celtic Worn Leather,cthArms01_lea05.dds,0,0,0,166,,
4277,Cata Celtic Worn Leather,leaGloves01_09.dds,0,0,0,683,,
4278,Cata Celtic Worn Leather,cthLegs01_lea09.dds,0,0,0,386,,
4279,Cata Celtic Worn Leather,leaBoots01_09.dds,0,0,0,636,,
4280,Cata Celtic Cloth 1,cthbody01_01_f.dds,0,0,0,217,,
4281,Cata Celtic Cloth 1,cthbody01_01_m.dds,0,0,0,220,,
4282,Cata Celtic Cloth 1,cthArms01_01.dds,0,0,0,112,,
4283,Cata Celtic Cloth 1,cthgloves01_03.dds,0,0,0,299,,
4284,Cata Celtic Cloth 1,cthLegs01_02.dds,0,0,0,326,,
4285,Cata Celtic Cloth 1,cthboot01_03.dds,0,0,0,259,,
4286,Cata Celtic Reinforced 1,renBody02_01_m.dds,0,0,0,860,,
4287,Cata Celtic Reinforced 1,renBody02_01_f.dds,0,0,0,859,,
4288,Cata Celtic Reinforced 1,cthArms01_ren04.dds,0,0,0,185,,
4289,Cata Celtic Reinforced 1,leaGloves01_ren01.dds,0,0,0,700,,
4290,Cata Celtic Reinforced 1,cthLegs01_ren02.dds,0,0,0,394,,
4291,Cata Celtic Reinforced 1,leaBoots01_ren01.dds,0,0,0,653,,
4292,Cata Celtic Scaled 1,sclBody01_01_m.dds,0,0,0,966,,
4293,Cata Celtic Scaled 1,sclBody01_01_f.dds,0,0,0,965,,
4294,Cata Celtic Scaled 1,cthArms01_scl01.dds,0,0,0,186,,
4295,Cata Celtic Scaled 1,sclGloves01_01.dds,0,0,0,988,,
4296,Cata Celtic Scaled 1,cthLegs01_scl01.dds,0,0,0,397,,
4297,Cata Celtic Scaled 1,sclBoots01_01.dds,0,0,0,980,,
4298,Cata Celtic Leather 1,leaBody03_02_m.dds,0,0,0,591,,
4299,Cata Celtic Leather 1,leaBody03_02_f.dds,0,0,0,590,,
4300,Cata Celtic Leather 1,cthArms01_lea06.dds,0,0,0,167,,
4301,Cata Celtic Leather 1,leaGloves01_01.dds,0,0,0,673,,
4302,Cata Celtic Leather 1,cthLegs01_lea11.dds,0,0,0,388,,
4303,Cata Celtic Leather 1,leaBoots01_01.dds,0,0,0,626,,
4304,Cata Celtic Cloth 2,cthbody01_01_f.dds,0,0,0,217,,
4305,Cata Celtic Cloth 2,cthbody01_01_m.dds,0,0,0,220,,
4306,Cata Celtic Reinforced 2,renBody03_01_m.dds,0,0,0,863,,
4307,Cata Celtic Reinforced 2,renBody03_01_f.dds,0,0,0,862,,
4308,Cata Celtic Reinforced 2,cthArms01_ren02.dds,0,0,0,183,,
4309,Cata Celtic Reinforced 2,leaGloves01_ren02.dds,0,0,0,701,,
4310,Cata Celtic Reinforced 2,cthLegs01_ren01.dds,0,0,0,393,,
4311,Cata Celtic Reinforced 2,leaBoots01_ren02.dds,0,0,0,654,,
4312,Cata Celtic Scaled 2,sclBody01_02_m.dds,0,0,0,967,,
4313,Cata Celtic Scaled 2,sclBody01_02_f.dds,0,0,0,1285,,
4314,Cata Celtic Scaled 2,cthArms01_scl02.dds,0,0,0,191,,
4315,Cata Celtic Scaled 2,sclGloves01_02.dds,0,0,0,989,,
4316,Cata Celtic Scaled 2,cthLegs01_scl02.dds,0,0,0,402,,
4317,Cata Celtic Scaled 2,sclBoots01_02.dds,0,0,0,981,,
4318,Cata Celtic Leather 2,leaBody02_01_m.dds,0,0,0,586,,
4319,Cata Celtic Leather 2,leaBody02_01_f.dds,0,0,0,585,,
4320,Cata Celtic Leather 2,cthArms01_lea07.dds,0,0,0,168,,
4321,Cata Celtic Leather 2,leaGloves01_04.dds,0,0,0,678,,
4322,Cata Celtic Leather 2,cthLegs01_lea04.dds,0,0,0,381,,
4323,Cata Celtic Leather 2,leaBoots01_11.dds,0,0,0,638,,
4324,Cata Celtic Reinforced 3,renBody01_02_m.dds,0,0,0,858,,
4325,Cata Celtic Reinforced 3,renBody01_02_f.dds,0,0,0,857,,
4326,Cata Celtic Reinforced 3,cthArms01_ren03.dds,0,0,0,184,,
4327,Cata Celtic Reinforced 3,leaGloves01_ren03.dds,0,0,0,702,,
4328,Cata Celtic Reinforced 3,cthLegs01_ren04.dds,0,0,0,396,,
4329,Cata Celtic Reinforced 3,leaBoots01_ren03.dds,0,0,0,655,,
4330,Cata Celtic Scaled 3,sclBody01_03_m.dds,0,0,0,969,,
4331,Cata Celtic Scaled 3,sclBody01_03_f.dds,0,0,0,968,,
4332,Cata Celtic Scaled 3,cthArms01_scl03.dds,0,0,0,192,,
4333,Cata Celtic Scaled 3,sclGloves01_03.dds,0,0,0,990,,
4334,Cata Celtic Scaled 3,cthLegs01_scl03.dds,0,0,0,403,,
4335,Cata Celtic Scaled 3,sclBoots01_03.dds,0,0,0,982,,
4336,Cata Celtic Leather 3,leaBody04_01_m.dds,0,0,0,593,,
4337,Cata Celtic Leather 3,leaBody04_01_f.dds,0,0,0,592,,
4338,Cata Celtic Leather 3,cthArms01_lea08.dds,0,0,0,169,,
4339,Cata Celtic Leather 3,leaGloves01_12.dds,0,0,0,686,,
4340,Cata Celtic Leather 3,cthLegs01_lea05.dds,0,0,0,382,,
4341,Cata Celtic Leather 3,leaBoots01_12.dds,0,0,0,639,,
4342,Cata Briton Guard Armor,pltBody01_02_m.dds,0,0,0,754,,
4343,Cata Briton Guard Armor,pltBody01_02_f.dds,0,0,0,753,,
4344,Cata Briton Guard Armor,cthArms01_plt01.dds,0,0,0,174,,
4345,Cata Briton Guard Armor,pltGloves01_01.dds,0,0,0,827,,
4346,Cata Briton Guard Armor,cthLegs01_plt01.dds,0,0,0,1372,,
4347,Cata Briton Guard Armor,pltBoots01_01.dds,0,0,0,803,,
4348,Cata Hibernian Guard Armor,cat_h_grd_sclBody1_f.dds,0,0,0,1803,,
4349,Cata Hibernian Guard Armor,cat_h_grd_sclBody1_m.dds,0,0,0,1804,,
4350,Cata Norse Guard Armor,chnBody05_10_f.dds,0,0,0,65,,
4351,Cata Norse Guard Armor,chnBody05_10_m.dds,0,0,0,66,,
4352,Cata Friar robe 1 Body,robBody01_07_m.dds,0,0,0,885,,
4353,Cata Friar robe 1 Body F,robBody01_07_f.dds,0,0,0,884,,
4354,Cata Cabalist Robe  Body,robBody01_Epic_Cabalist_m.dds,0,0,0,924,,
4355,Cata Cabalist Robe  Body,robBody01_Epic_Cabalist_f.dds,0,0,0,1286,,
4356,Cata Robe 0 body,robBody01_01_m.dds,0,0,0,1287,,
4357,Cata Robe 0 Body female,robBody01_01_f.dds,0,0,0,867,,
4358,Cata Friar robe 2 body,robBody01_08_m.dds,0,0,0,888,,
4359,Cata Friar robe 2 Body female,robBody01_08_f.dds,0,0,0,887,,
4360,Cata Friar Robe 3 body,robBody01_09_m.dds,0,0,0,891,,
4361,Cata Friar Robe 3 Fem Body,robBody01_09_f.dds,0,0,0,890,,
4362,Cata Plate 7 arms,cthArms01_Epic_Armsman.dds,0,0,0,133,,
4363,Cata plate 7 male body,pltBody01_Epic_Armsman_m.dds,0,0,0,771,,
4364,Cata plate 7 female body,pltBody01_Epic_Armsman_f.dds,0,0,0,770,,pltBody01_Epic_Armsman_f
4365,Cata plate 7 boots,pltBoots01_Epic_Armsman.dds,0,0,0,813,,
4366,Cata plate 7 gloves,pltGloves01_Epic_Armsman.dds,0,0,0,837,,
4367,Cata plate 7 legs,cthLegs01_Epic_Armsman.dds,0,0,0,350,,
4368,Cata Paladin Plate arms,cthArms01_Epic_Paladin.dds,0,0,0,147,,
4369,Cata Paladin Plate male body,pltBody01_Epic_Paladin_m.dds,0,0,0,1288,,
4370,Cata Paladin Plate female body,pltBody01_Epic_Paladin_f.dds,0,0,0,1289,,
4371,Cata Paladin Plate boots,pltBoots01_Epic_Paladin.dds,0,0,0,1290,,
4372,Cata Paladin Plate gloves,pltGloves01_Epic_Paladin.dds,0,0,0,842,,
4373,Cata Paladin Plate legs,cthLegs01_Epic_Paladin.dds,0,0,0,365,,
4374,Cata Healer Chain arms,cthArms01_Epic_Healer.dds,0,0,0,140,,
4375,Cata Healer Chain male body,pltBody01_Epic_healer_m.dds,0,0,0,775,,
4376,Cata Healer Chain female body,pltBody01_Epic_healer_f.dds,0,0,0,774,,
4377,Cata Healer Chain boots,pltBoots01_Epic_Healer.dds,0,0,0,815,,
4378,Cata Healer Chain gloves,pltGloves01_Epic_Healer.dds,0,0,0,839,,
4379,Cata Healer Chain legs,cthLegs01_Epic_Healer.dds,0,0,0,358,,
4380,Cata Norse Runemaster Cloth,robBody01_Epic_Runemaster_f.dds,0,0,0,1269,,
4381,Cata Norse Runemaster Cloth,robBody01_Epic_Runemaster_m.dds,0,0,0,1270,,
4382,Cata Norse Runemaster Cloth,cthGloves01_Epic_Runemaster.dds,0,0,0,2004,,
4383,Cata Norse Runemaster Cloth,cthboots01_Epic_Runemaster.dds,0,0,0,305,,
4384,Cata Norse Runemaster Cloth,cthLegs01_Epic_Runemaster.dds,0,0,0,1291,,
4385,Cata Hibernian Hero Scaled,sclBody01_Epic_Hero_m.dds,0,0,0,977,,
4386,Cata Hibernian Hero Scaled,sclBody01_Epic_Hero_f.dds,0,0,0,976,,
4387,Cata Hibernian Hero Scaled,cthArms01_Epic_Hero.dds,0,0,0,141,,
4388,Cata Hibernian Hero Scaled,sclGloves01_Epic_Hero.dds,0,0,0,994,,
4389,Cata Hibernian Hero Scaled,cthLegs01_Epic_Hero.dds,0,0,0,359,,
4390,Cata Hibernian Hero Scaled,sclBoots01_Epic_Hero.dds,0,0,0,986,,
4391,Cata Albion Cleric,pltBody01_Epic_Cleric_m.dds,0,0,0,773,,
4392,Cata Albion Cleric,pltBody01_Epic_Cleric_f.dds,0,0,0,772,,
4393,Cata Albion Cleric,cthArms01_Epic_Cleric.dds,0,0,0,138,,
4394,Cata Albion Cleric,pltBoots01_Epic_Cleric.dds,0,0,0,814,,
4395,Cata Albion Cleric,pltGloves01_Epic_Cleric.dds,0,0,0,838,,
4396,Cata Albion Cleric,cthLegs01_Epic_Cleric.dds,0,0,0,356,,
4397,Cata Albion mercenary,pltBody01_Epic_merc_m.dds,0,0,0,777,,
4398,Cata Albion mercenary,pltBody01_Epic_merc_f.dds,0,0,0,776,,
4399,Cata Albion mercenary,cthArms01_Epic_merc.dds,0,0,0,144,,
4400,Cata Albion mercenary,pltBoots01_Epic_merc.dds,0,0,0,816,,
4401,Cata Albion mercenary,pltGloves01_Epic_merc.dds,0,0,0,840,,
4402,Cata Albion mercenary,cthLegs01_Epic_merc.dds,0,0,0,362,,
4403,Cata Albion Minstrel,pltBody01_Epic_minstrel_m.dds,0,0,0,778,,
4404,Cata Albion Minstrel,pltBody01_Epic_minstrel_f.dds,0,0,0,1292,,
4405,Cata Albion Minstrel,cthArms01_Epic_minstrel.dds,0,0,0,145,,
4406,Cata Albion Minstrel,pltBoots01_Epic_minstrel.dds,0,0,0,817,,
4407,Cata Albion Minstrel,pltGloves01_Epic_minstrel.dds,0,0,0,841,,
4408,Cata Albion Minstrel,cthLegs01_Epic_minstrel.dds,0,0,0,363,,
4409,Cata Albion scout,leaBody02_Epic_Scout_m.dds,0,0,0,1293,,
4410,Cata Albion scout,leaBody02_Epic_Scout_f.dds,0,0,0,1294,,
4411,Cata Albion scout,cthArms01_Epic_Scout.dds,0,0,0,152,,
4412,Cata Albion scout,leaBoots01_Epic_scout.dds,0,0,0,1296,,
4413,Cata Albion scout,leaGloves01_Epic_Scout.dds,0,0,0,699,,
4414,Cata Albion scout,cthLegs01_Epic_Scout.dds,0,0,0,369,,
4415,Cata Albion theurgist,robBody01_Epic_Theurgist_f.dds,0,0,0,1295,,
4416,Cata Albion theurgist,robBody01_Epic_Theurgist_m.dds,0,0,0,930,,
4417,Cata Hibernian Bard,leaBody01_Epic_Bard_m.dds,0,0,0,576,,
4418,Cata Hibernian Bard,leaBody01_Epic_Bard_f.dds,0,0,0,575,,
4419,Cata Hibernian Bard,cthLegs01_Epic_Bard.dds,0,0,0,351,,
4420,Cata Hibernian Bard,cthArms01_Epic_Bard.dds,0,0,0,134,,
4421,Cata Hibernian Bard,leaGloves01_Epic_Bard.dds,0,0,0,691,,
4422,Cata Hibernian Bard,leaBoots01_Epic_Bard.dds,0,0,0,644,,
4423,Cata Hibernian Druid,sclBody01_Epic_Druid_m.dds,0,0,0,975,,
4424,Cata Hibernian Druid,sclBody01_Epic_Druid_f.dds,0,0,0,974,,
4425,Cata Hibernian Druid,cthLegs01_Epic_Druid.dds,0,0,0,357,,
4426,Cata Hibernian Druid,cthArms01_Epic_Druid.dds,0,0,0,139,,
4427,Cata Hibernian Druid,sclGloves01_Epic_Druid.dds,0,0,0,993,,
4428,Cata Hibernian Druid,sclBoots01_Epic_Druid.dds,0,0,0,985,,
4429,Cata Hibernian Eldritch,robBody01_Epic_Eldritch_f.dds,0,0,0,1297,,
4430,Cata Hibernian Eldritch,robBody01_Epic_Eldritch_m.dds,0,0,0,925,,
4431,Cata Hibernian Enchanter,robBody01_Epic_Enchanter_m.dds,0,0,0,927,,
4432,Cata Hibernian Enchanter,robBody01_Epic_Enchanter_f.dds,0,0,0,926,,
4433,Cata Hibernian Mentalist,robBody01_Epic_Mentalist_m.dds,0,0,0,928,,
4434,Cata Hibernian Mentalist,robBody01_Epic_Mentalist_f.dds,0,0,0,1298,,
4435,Cata Hibernian Blademaster,renBody03_Epic_Blademaster_m.dds,0,0,0,865,,
4436,Cata Hibernian Blademaster,renBody03_Epic_Blademaster_f.dds,0,0,0,864,,
4437,Cata Hibernian Blademaster,cthLegs01_Epic_Blademaster.dds,0,0,0,353,,
4438,Cata Hibernian Blademaster,cthArms01_Epic_Blademaster.dds,0,0,0,136,,
4439,Cata Hibernian Blademaster,leaGloves01_Epic_Blademaster.dds,0,0,0,693,,
4440,Cata Hibernian Blademaster,leaBoots01_Epic_Blademaster.dds,0,0,0,646,,
4441,Cata Hibernian Nightshade,leaBody01_Epic_nitshad_m.dds,0,0,0,580,,
4442,Cata Hibernian Nightshade,leaBody01_Epic_nitshad_f.dds,0,0,0,579,,
4443,Cata Hibernian Nightshade,cthLegs01_Epic_nitshade.dds,0,0,0,1299,,
4444,Cata Hibernian Nightshade,cthArms01_Epic_nitshade.dds,0,0,0,1300,,
4445,Cata Hibernian Nightshade,leaGloves01_Epic_nitshade.dds,0,0,0,1301,,
4446,Cata Hibernian Nightshade,leaBoots01_Epic_nitshade.dds,0,0,0,1302,,
4447,Cata Midgard Berserker,leaBody05_Epic_Bezerker_m.dds,0,0,0,603,,
4448,Cata Midgard Berserker,leaBody05_Epic_Bezerker_f.dds,0,0,0,602,,
4449,Cata Midgard Berserker,cthLegs01_Epic_Bezerker.dds,0,0,0,352,,
4450,Cata Midgard Berserker,cthArms01_Epic_Bezerker.dds,0,0,0,135,,
4451,Cata Midgard Berserker,leaGloves01_Epic_Bezerker.dds,0,0,0,692,,
4452,Cata Midgard Berserker,leaBoots01_Epic_Bezerker.dds,0,0,0,645,,
4453,Cata Midgard Thane,chnBody04_Epic_Thane_m.dds,0,0,0,44,,
4454,Cata Midgard Thane,chnBody04_Epic_Thane_f.dds,0,0,0,43,,
4455,Cata Midgard Thane,cthLegs01_Epic_Thane.dds,0,0,0,372,,
4456,Cata Midgard Thane,cthArms01_Epic_Thane.dds,0,0,0,155,,
4457,Cata Midgard Thane,chnGloves01_Epic_Thane.dds,0,0,0,100,,
4458,Cata Midgard Thane,chnBoots01_Epic_Thane.dds,0,0,0,84,,
4459,Cata Midgard Hunter,leaBody05_Epic_Hunter_m.dds,0,0,0,605,,
4460,Cata Midgard Hunter,leaBody05_Epic_Hunter_f.dds,0,0,0,604,,
4461,Cata Midgard Hunter,cthLegs01_Epic_Hunter.dds,0,0,0,360,,
4462,Cata Midgard Hunter,cthArms01_Epic_Hunter.dds,0,0,0,142,,
4463,Cata Midgard Hunter,leaGloves01_Epic_Hunter.dds,0,0,0,1303,,
4464,Cata Midgard Hunter,leaBoots01_Epic_Hunter.dds,0,0,0,1304,,
4465,Cata Albion Infiltrator,leaBody01_Epic_Infiltrator_m.dds,0,0,0,578,,
4466,Cata Albion Infiltrator,leaBody01_Epic_Infiltrator_f.dds,0,0,0,577,,
4467,Cata Albion Infiltrator,cthLegs01_Epic_Infiltrator.dds,0,0,0,361,,
4468,Cata Albion Infiltrator,cthArms01_Epic_Infiltrator.dds,0,0,0,143,,
4469,Cata Albion Infiltrator,leaGloves01_Epic_Infiltrator.dds,0,0,0,694,,
4470,Cata Albion Infiltrator,leaBoots01_Epic_Infiltrator.dds,0,0,0,647,,
4471,Cata Midgard Shadowblade,leaBody01_Epic_SBlade_m.dds,0,0,0,584,,
4472,Cata Midgard Shadowblade,leaBody01_Epic_SBlade_f.dds,0,0,0,583,,
4473,Cata Midgard Shadowblade,cthLegs01_Epic_SBlade.dds,0,0,0,368,,
4474,Cata Midgard Shadowblade,cthArms01_Epic_SBlade.dds,0,0,0,151,,
4475,Cata Midgard Shadowblade,leaGloves01_Epic_SBlade.dds,0,0,0,698,,
4476,Cata Midgard Shadowblade,leaBoots01_Epic_SBlade.dds,0,0,0,651,,
4477,Cata Midgard Shaman,cthBody01_Epic_Shaman_m.dds,0,0,0,42,,
4478,Cata Midgard Shaman,cthBody01_Epic_Shaman_f.dds,0,0,0,41,,
4479,Cata Midgard Shaman,cthLegs01_Epic_Shaman.dds,0,0,0,370,,
4480,Cata Midgard Shaman,cthArms01_Epic_Shaman.dds,0,0,0,153,,
4481,Cata Midgard Shaman,chnGloves01_Epic_Shaman.dds,0,0,0,99,,
4482,Cata Midgard Shaman,chnBoots01_Epic_Shaman.dds,0,0,0,83,,
4483,Cata Midgard Skald,pltBody01_Epic_Skald_m.dds,0,0,0,783,,
4484,Cata Midgard Skald,pltBody01_Epic_Skald_f.dds,0,0,0,782,,
4485,Cata Midgard Skald,cthLegs01_Epic_Skald.dds,0,0,0,371,,
4486,Cata Midgard Skald,cthArms01_Epic_Skald.dds,0,0,0,154,,
4487,Cata Midgard Skald,pltGloves01_Epic_Skald.dds,0,0,0,843,,
4488,Cata Midgard Skald,pltBoots01_Epic_Skald.dds,0,0,0,818,,
4489,Cata Midgard Warrior,chnBody04_Epic_Warrior_m.dds,0,0,0,46,,
4490,Cata Midgard Warrior,chnBody04_Epic_Warrior_f.dds,0,0,0,45,,
4491,Cata Midgard Warrior,cthLegs01_Epic_Warrior.dds,0,0,0,374,,
4492,Cata Midgard Warrior,cthArms01_Epic_Warrior.dds,0,0,0,157,,
4493,Cata Midgard Warrior,chnGloves01_Epic_Warrior.dds,0,0,0,101,,
4494,Cata Midgard Warrior,chnBoots01_Epic_Warrior.dds,0,0,0,85,,
4495,Cata Albion Friar,robBody01_Epic_Friar_f.dds,0,0,0,1305,,
4496,Cata Albion Friar,robBody01_Epic_Friar_m.dds,0,0,0,1306,,
4497,Cata Albion Wizard,robBody01_Epic_Wizard_m.dds,0,0,0,1307,,
4498,Cata Albion Wizard,robBody01_Epic_Wizard_f.dds,0,0,0,1308,,
4499,Cata Midgard Spiritmaster,RobBody01_Epic_spiritmaster_m.dds,0,0,0,1309,,
4500,Cata Midgard Spiritmaster,RobBody01_Epic_spiritmaster_f.dds,0,0,0,1310,,
4501,Cata Midgard Spiritmaster,cthLegs01_Epic_Runemaster.dds,0,0,0,1311,,
4502,Cata Midgard Spiritmaster,cthGloves01_Epic_spiritmaster.dds,0,0,0,1312,,
4503,Cata Midgard Spiritmaster,cthBoots01_Epic_spiritmaster.dds,0,0,0,1313,,
4504,Cata Albion Sorcerer,robBody01_Epic_Sorcerer_m.dds,0,0,0,1314,,
4505,Cata Albion Sorcerer,robBody01_Epic_Sorcerer_f.dds,0,0,0,1315,,
4506,Cata Hibernian Warden,sclBody01_Epic_Warden_m.dds,0,0,0,979,,
4507,Cata Hibernian Warden,sclBody01_Epic_Warden_f.dds,0,0,0,978,,
4508,Cata Hibernian Warden,cthLegs01_Epic_Warden.dds,0,0,0,373,,
4509,Cata Hibernian Warden,cthArms01_Epic_Warden.dds,0,0,0,156,,
4510,Cata Hibernian Warden,sclGloves01_Epic_Warden.dds,0,0,0,995,,
4511,Cata Hibernian Warden,sclBoots01_Epic_Warden.dds,0,0,0,987,,
4512,Cata Hibernian Ranger,renBody03_Epic_Ranger_m.dds,0,0,0,1316,,
4513,Cata Hibernian Ranger,renBody03_Epic_Ranger_f.dds,0,0,0,1317,,
4514,Cata Hibernian Ranger,cthLegs01_Epic_Ranger.dds,0,0,0,366,,
4515,Cata Hibernian Ranger,cthArms01_Epic_Ranger.dds,0,0,0,148,,
4516,Cata Hibernian Ranger,leaGloves01_Epic_Ranger.dds,0,0,0,696,,
4517,Cata Hibernian Ranger,leaBoots01_Epic_Ranger.dds,0,0,0,649,,
4518,Cata Hibernian Champion,sclBody01_Epic_Champion_m.dds,0,0,0,973,,
4519,Cata Hibernian Champion,sclBody01_Epic_Champion_f.dds,0,0,0,972,,
4520,Cata Hibernian Champion,cthLegs01_Epic_Champion.dds,0,0,0,355,,
4521,Cata Hibernian Champion,cthArms01_Epic_Champion.dds,0,0,0,137,,
4522,Cata Hibernian Champion,sclGloves01_Epic_Champion.dds,0,0,0,992,,
4523,Cata Hibernian Champion,sclBoots01_Epic_Champion.dds,0,0,0,984,,
4524,Cata Briton Isles Robe,robBody01_12_f.dds,0,0,0,899,,
4525,Cata Briton Isles Robe,robBody01_12_m.dds,0,0,0,900,,
4526,Cata Briton Isles Robe,robBody01_13_f.dds,0,0,0,902,,
4527,Cata Briton Isles Robe,robBody01_13_m.dds,0,0,0,903,,
4528,Cata Hib Isles Robe,robBody01_10_f.dds,0,0,0,893,,
4529,Cata Hib Isles Robe,robBody01_10_m.dds,0,0,0,894,,
4530,Cata Hib Isles Robe,robBody01_11_f.dds,0,0,0,896,,
4531,Cata Hib Isles Robe,robBody01_11_m.dds,0,0,0,897,,
4532,Cata Bonedancer Epic Armor,robBody01_Epic_Bonedancer_f.dds,0,0,0,1318,,
4533,Cata Bonedancer Epic Armor,robBody01_Epic_Bonedancer_m.dds,0,0,0,1319,,
4534,Cata Bonedancer Epic Armor,cthBoots01_Epic_Bonedancer.dds,0,0,0,280,,
4535,Cata Bonedancer Epic Armor,cthGloves01_Epic_Bonedancer.dds,0,0,0,307,,
4536,Cata Bonedancer Epic Armor,cthLegs01_Epic_Bonedancer.dds,0,0,0,354,,
4537,Cata Savage Epic Armor,cthArms01_Epic_savage.dds,0,0,0,150,,
4538,Cata Savage Epic Armor,leaBody01_Epic_savage_f.dds,0,0,0,581,,
4539,Cata Savage Epic Armor,leaBody01_Epic_savage_m.dds,0,0,0,582,,
4540,Cata Savage Epic Armor,leaBoots01_Epic_savage.dds,0,0,0,1320,,
4541,Cata Savage Epic Armor,leaGloves01_Epic_savage.dds,0,0,0,1321,,
4542,Cata Savage Epic Armor,cthLegs01_Epic_savage.dds,0,0,0,367,,
4543,Cata Animist Body Female,robBody01_Epic_Animist_f.dds,0,0,0,1322,,
4544,Cata Animist Epic Male,robBody01_Epic_Animist_m.dds,0,0,0,1323,,
4545,Cata Mid Isles Cloth Arm,cthArms01_04.dds,0,0,0,115,,
4546,Cata Mid Isles Cloth Body F,cthbody01_04_f.dds,0,0,0,223,,
4547,Cata Mid Isles Cloth Body M,cthbody01_04_m.dds,0,0,0,224,,
4548,Cata Mid Isles Cloth Boot,cthboot01_07.dds,0,0,0,263,,
4549,Cata Mid Isles Cloth Glove,cthgloves01_07.dds,0,0,0,303,,
4550,Cata Mid Isles Cloth Leg,cthLegs01_06.dds,0,0,0,330,,
4551,Cata Hib Isles Scale Arms,cthArms01_scl04.dds,0,0,0,193,,
4552,Cata Hib Isles Scale Body F,sclBody01_04_f.dds,0,0,0,970,,
4553,Cata Hib Isles Scale Body M,sclBody01_04_m.dds,0,0,0,971,,
4554,Cata Hib Isles Scale Boot,sclBoots01_04.dds,0,0,0,983,,
4555,Cata Hib Isles Scale Gloves,sclGloves01_04.dds,0,0,0,991,,
4556,Cata Hib Isles Scale Legs,cthLegs01_scl04.dds,0,0,0,404,,
4557,Cata Mid Cloth 4 Legs,cthLegs01_07.dds,0,0,0,331,,
4558,Cata Mid Cloth 4 Gloves,cthgloves01_08.dds,0,0,0,304,,
4559,Cata Mid Cloth 4 Boot,cthboot01_08.dds,0,0,0,264,,
4560,Cata Mid Cloth 4 Body M,cthbody01_05_m.dds,0,0,0,226,,
4561,Cata Mid Cloth 4 Body F,cthbody01_05_f.dds,0,0,0,225,,
4562,Cata Mid Cloth 4 Arms,cthArms01_05.dds,0,0,0,116,,
4563,Cata Mid Chain 3  Legs,cthLegs01_chn05.dds,0,0,0,343,,
4564,Cata Mid Chain 3  Gloves,chnGloves01_05.dds,0,0,0,92,,
4565,Cata Mid Chain 3  Boot,chnBoots01_05.dds,0,0,0,76,,
4566,Cata Mid Chain 3  Body M,chnBody05_05_m.dds,0,0,0,56,,
4567,Cata Mid Chain 3  Body F,chnBody05_05_f.dds,0,0,0,55,,
4568,Cata Mid Chain 3  Arms,cthArms01_chn05.dds,0,0,0,125,,
4569,Cata Brit Chain 3 Arms,cthArms01_chn03.dds,0,0,0,123,,
4570,Cata Brit Chain 3 Body F,chnBody05_03_f.dds,0,0,0,51,,
4571,Cata Brit Chain 3 Body M,chnBody05_03_m.dds,0,0,0,52,,
4572,Cata Brit Chain 3 Boots,chnBoots01_03.dds,0,0,0,74,,
4573,Cata Brit Chain 3 Gloves,chnGloves01_03.dds,0,0,0,90,,
4574,Cata Brit Chain 3 Legs,cthLegs01_chn03.dds,0,0,0,341,,
4575,Cata ValeWalker Epic Body F,robBody01_Epic_Vale_f.dds,0,0,0,1324,,
4576,Cata ValeWalker Epic Body M,robBody01_Epic_Vale_m.dds,0,0,0,931,,
4577,Cata Brit Chain 4 Arms,cthArms01_chn09.dds,0,0,0,129,,
4578,Cata Brit Chain 4 Body F,chnBody05_09_f.dds,0,0,0,63,,
4579,Cata Brit Chain 4 Body M,chnBody05_09_m.dds,0,0,0,64,,
4580,Cata Brit Chain 4 Boots,chnBoots01_09.dds,0,0,0,80,,
4581,Cata Brit Chain 4 Gloves,chnGloves01_09.dds,0,0,0,96,,
4582,Cata Brit Chain 4 Legs,cthLegs01_chn09.dds,0,0,0,347,,
4583,Cata Hib Reinforced Arms,cthArms01_ren04.dds,0,0,0,185,,
4584,Cata Hib Reinforced Body F,renBody01_01_f.dds,0,0,0,855,,
4585,Cata Hib Reinforced Body M,renBody01_01_m.dds,0,0,0,856,,
4586,Cata Hib Reinforced Boots,leaBoots01_ren05.dds,0,0,0,657,,
4587,Cata Hib Reinforced Gloves,leaGloves01_ren05.dds,0,0,0,704,,
4588,Cata Hib Reinforced Legs,cthLegs01_ren03.dds,0,0,0,395,,
4589,Cata Norse Chain 4 Legs,cthLegs01_chn08.dds,0,0,0,346,,
4590,Cata Norse Chain 4 Gloves,chnGloves01_08.dds,0,0,0,95,,
4591,Cata Norse Chain 4 Boots,chnBoots01_08.dds,0,0,0,79,,
4592,Cata Norse Chain 4 Body M,chnBody05_08_m.dds,0,0,0,62,,
4593,Cata Norse Chain 4 Body F,chnBody05_08_f.dds,0,0,0,61,,
4594,Cata Norse Chain 4 Arms,cthArms01_chn08.dds,0,0,0,128,,
4595,Cata Reaver Epic Legs,cthLegs01_Epic_Reaver.dds,0,0,0,1325,,
4596,Cata Reaver Epic Gloves,pltGloves01_Epic_Reaver.dds,0,0,0,1326,,
4597,Cata Reaver Epic Boots,pltBoots01_Epic_Reaver.dds,0,0,0,1327,,
4598,Cata Reaver Epic Body M,pltBody01_Epic_Reaver_m.dds,0,0,0,781,,
4599,Cata Reaver Epic Body F,pltBody01_Epic_Reaver_f.dds,0,0,0,780,,
4600,Cata Reaver Epic Arms,cthArms01_Epic_Reaver.dds,0,0,0,149,,
4601,Cata Necro Epic BodyM,robBody01_Epic_necro_m.dds,0,0,0,1328,,
4602,Cata Necro Epic BodyF,robBody01_Epic_necro_f.dds,0,0,0,1329,,
4603,Cata Alb Plate 3 Arms,cthArms01_plt05.dds,0,0,0,181,,
4604,Cata Alb Plate 3 Body F,pltBody01_04_m.dds,0,0,0,758,,
4605,Cata Alb Plate 3 Body M,pltBody01_04_m.dds,0,0,0,758,,
4606,Cata Alb Plate 3 Boots,pltBoots01_05.dds,0,0,0,807,,
4607,Cata Alb Plate 3 Gloves,pltGloves01_05.dds,0,0,0,831,,
4608,Cata Alb Plate 3 Legs,cthLegs01_plt05.dds,0,0,0,1330,,
4609,Cata Mid RP Clothes 01,cthArms01_07.dds,0,0,0,1331,,
4610,Cata Mid RP Clothes 01,cthbody01_06_f.dds,0,0,0,227,,
4611,Cata Mid RP Clothes 01,cthbody01_06_m.dds,0,0,0,228,,
4612,Cata Mid RP Clothes 01,cthboot01_10.dds,0,0,0,266,,
4613,Cata Mid RP Clothes 01,cthgloves01_10.dds,0,0,0,306,,
4614,Cata Mid RP Clothes 01,cthLegs01_08.dds,0,0,0,332,,
4615,Cata Mid RP Clothes 02,cthArms01_08.dds,0,0,0,1333,,
4616,Cata Mid RP Clothes 02,cthbody01_07_f.dds,0,0,0,229,,
4617,Cata Mid RP Clothes 02,cthbody01_07_m.dds,0,0,0,230,,
4618,Cata Mid RP Clothes 03,cthArms01_09.dds,0,0,0,1332,,
4619,Cata Mid RP Clothes 03,cthbody01_08_f.dds,0,0,0,231,,
4620,Cata Mid RP Clothes 03,cthbody01_08_m.dds,0,0,0,232,,
4621,Cata Alb RP Clothes 01,robBody01_14_f.dds,0,0,0,905,,
4622,Cata Alb RP Clothes 01,robBody01_14_m.dds,0,0,0,906,,
4623,Cata Alb RP Clothes 01,cthboot01_02.dds,0,0,0,258,,
4624,Cata Alb RP Clothes 01,cthgloves01_02.dds,0,0,0,298,,
4625,Cata Alb RP Clothes 01,cthLegs01_01.dds,0,0,0,325,,
4626,Cata Alb RP Clothes 02,cthbody_01_15_f.dds,0,0,0,908,,
4627,Cata Alb RP Clothes 02,cthbody_01_15_m.dds,0,0,0,909,,
4628,Cata Alb RP Clothes 03,cthbody01_16_m.dds,0,0,0,911,,
4629,Cata Alb RP Clothes 03,cthbody01_16_f.dds,0,0,0,912,,
4630,Cata Hib RP Clothes 01,cthbody01_09_f.dds,0,0,0,914,,
4631,Cata Hib RP Clothes 01,cthbody01_09_m.dds,0,0,0,915,,
4632,Cata Hib RP Clothes 01,cthboot01_04.dds,0,0,0,260,,
4633,Cata Hib RP Clothes 01,cthgloves01_04.dds,0,0,0,300,,
4634,Cata Hib RP Clothes 01,cthLegs01_09.dds,0,0,0,333,,
4635,Cata Hib RP Clothes 02,cthbody01_10_f.dds,0,0,0,1334,,
4636,Cata Hib RP Clothes 02,cthbody01_10_m.dds,0,0,0,1335,,
4637,Cata Hib RP Clothes 03,cthbody01_11_f.dds,0,0,0,917,,
4638,Cata Hib RP Clothes 03,cthbody01_11_m.dds,0,0,0,918,,
4639,Cata Old Bonedancer Epic Armor,robBody01_Epic_Bonedancer_f.dds,0,0,0,1336,,
4640,Cata Old Bonedancer Epic Armor,robBody01_Epic_Bonedancer_m.dds,0,0,0,1337,,
4641,Cata Old Bonedancer Epic Armor,cthBoots01_Epic_Bonedancer.dds,0,0,0,280,,
4642,Cata Old Bonedancer Epic Armor,cthGloves01_Epic_Bonedancer.dds,0,0,0,307,,
4643,Cata Old Bonedancer Epic Armor,cthLegs01_Epic_Bonedancer.dds,0,0,0,354,,
4644,Cata Oceanus Armor 01,robBody01_cth01_TOA_O_f.dds,0,0,0,1338,,
4645,Cata Oceanus Armor 01,robBody01_cth01_TOA_O_f.dds,0,0,0,1338,,
4646,Cata Oceanus Armor 01,robBody01_cth01_TOA_O_f.dds,0,0,0,1338,,
4647,Cata Oceanus Armor 01,robBody01_cth01_TOA_O_m.dds,0,0,0,920,,
4648,Cata Oceanus Armor 01,robBody01_cth01_TOA_O_m.dds,0,0,0,920,,
4649,Cata Oceanus Armor 01,robBody01_cth01_TOA_O_m.dds,0,0,0,920,,
4650,Cata Oceanus Armor 01,cthBoots01_TOA_O.dds,0,0,0,292,,
4651,Cata Oceanus Armor 01,cthBoots01_TOA_O.dds,0,0,0,292,,
4652,Cata Oceanus Armor 01,cthGloves01_TOA_O.dds,0,0,0,319,,
4653,Cata Oceanus Armor 01,cthLegs01_TOA_O.dds,0,0,0,423,,
4654,Cata Oceanus lea1 arm1,cthArms01_lea01_TOA_O.dds,0,0,0,160,,
4655,Cata Oceanus lea1 body1f a,leaBody05_TOA_O_f.dds,0,0,0,1339,,
4656,Cata Oceanus lea1 body1f h,leaBody05_TOA_O_f.dds,0,0,0,617,,
4657,Cata Oceanus lea1 body1f m,leaBody05_TOA_O_f.dds,0,0,0,617,,
4658,Cata Oceanus lea1 body1m a,leaBody05_TOA_O_m.dds,0,0,0,618,,
4659,Cata Oceanus lea1 body1m h,leaBody05_TOA_O_m.dds,0,0,0,618,,
4660,Cata Oceanus lea1 body1m m,leaBody05_TOA_O_m.dds,0,0,0,618,,
4661,Cata Oceanus lea1 boot1 a,leaBoots01_TOA_O.dds,0,0,0,669,,
4662,Cata Oceanus lea1 boot1 hm,leaBoots01_TOA_O.dds,0,0,0,669,,
4663,Cata Oceanus lea1 glov1,leaGloves01_TOA_O.dds,0,0,0,718,,
4664,Cata Oceanus lea1 leg1 am,cthLegs01_lea01_TOA_O.dds,0,0,0,376,,
4665,Cata Oceanus lea1 leg1 h,cthLegs01_lea01_TOA_O.dds,0,0,0,376,,
4666,Cata std1 arm1,cthArms01_std01_TOA_O.dds,0,0,0,203,,
4667,Cata std1 body1f a,leaBody05_std01_TOA_O_f.dds,0,0,0,611,,
4668,Cata std1 body1f h,leaBody05_std01_TOA_O_f.dds,0,0,0,611,,
4669,Cata std1 body1m a,leaBody05_std01_TOA_O_m.dds,0,0,0,612,,
4670,Cata std1 body1m h,leaBody05_std01_TOA_O_m.dds,0,0,0,612,,
4671,Cata std1 body1m m,leaBody05_std01_TOA_O_m.dds,0,0,0,612,,
4672,Cata std1 boot1 a,leaBoots01_std01_TOA_O.dds,0,0,0,660,,
4673,Cata std1 boot1 hm,leaBoots01_std01_TOA_O.dds,0,0,0,660,,
4674,Cata std1 glov1,leaGloves01_std01_TOA_O.dds,0,0,0,708,,
4675,Cata std1 leg1 am,cthLegs01_std01_TOA_O.dds,0,0,0,414,,
4676,Cata std1 leg1 h,cthLegs01_std01_TOA_O.dds,0,0,0,414,,
4677,Cata std1 bodyf M,leaBody05_std01_TOA_O_f.dds,0,0,0,611,,
4678,Cata TOA O chn1 arm1,cthArms01_chn01_TOA_O.dds,0,0,0,119,,
4679,Cata TOA O chn1 body1f a,pltBody01_chn01_TOA_O_f.dds,0,0,0,763,,
4680,Cata TOA O chn1 body1f h,pltBody01_chn01_TOA_O_f.dds,0,0,0,763,,
4681,Cata TOA O chn1 body1f m,pltBody01_chn01_TOA_O_f.dds,0,0,0,763,,
4682,Cata TOA O chn1 body1m a,pltBody01_chn01_TOA_O_m.dds,0,0,0,764,,
4683,Cata TOA O chn1 body1m h,pltBody01_chn01_TOA_O_m.dds,0,0,0,764,,
4684,Cata TOA O chn1 body1m m,pltBody01_chn01_TOA_O_m.dds,0,0,0,764,,
4685,Cata TOA O chn1 boot1 a,pltBoots01_chn01_TOA_O.dds,0,0,0,809,,
4686,Cata TOA O chn1 boot1 mh,pltBoots01_chn01_TOA_O.dds,0,0,0,809,,
4687,Cata TOA O chn1 glov1,pltGloves01_chn01_TOA_O.dds,0,0,0,833,,
4688,Cata TOA O chn1 leg1 am,cthLegs01_chn01_TOA_O.dds,0,0,0,337,,
4689,Cata TOA O chn1 leg1 h,cthLegs01_chn01_TOA_O.dds,0,0,0,337,,
4690,Cata TOA O scl1 arm1,cthArms01_scl01_TOA_O.dds,0,0,0,188,,
4691,Cata TOA O scl1 body1f a,pltBody01_scl01_TOA_O_f.dds,0,0,0,788,,
4692,Cata TOA O scl1 body1f h,pltBody01_scl01_TOA_O_f.dds,0,0,0,788,,
4693,Cata TOA O scl1 body1f m,pltBody01_scl01_TOA_O_f.dds,0,0,0,788,,
4694,Cata TOA O scl1 body1m a,pltBody01_scl01_TOA_O_m.dds,0,0,0,789,,
4695,Cata TOA O scl1 body1m h,pltBody01_scl01_TOA_O_m.dds,0,0,0,789,,
4696,Cata TOA O scl1 body1m m,pltBody01_scl01_TOA_O_m.dds,0,0,0,789,,
4697,Cata TOA O scl1 boot1 a,pltBoots01_scl01_TOA_O.dds,0,0,0,820,,
4698,Cata TOA O scl1 boot1 mh,pltBoots01_scl01_TOA_O.dds,0,0,0,820,,
4699,Cata TOA O scl1 glov1,pltGloves01_scl01_TOA_O.dds,0,0,0,845,,
4700,Cata TOA O scl1 leg1 am,cthLegs01_scl01_TOA_O.dds,0,0,0,399,,
4701,Cata TOA O scl1 leg1 h,cthLegs01_scl01_TOA_O.dds,0,0,0,399,,
4702,Cata TOA O plt1 arm1,cthArms01_plt01_TOA_O.dds,0,0,0,1340,,
4703,Cata TOA O plt1 body1f a,pltBody01_TOA_O_f.dds,0,0,0,796,,
4704,Cata TOA O plt1 body1f h,pltBody01_TOA_O_f.dds,0,0,0,796,,
4705,Cata TOA O plt1 body1f m,pltBody01_TOA_O_f.dds,0,0,0,796,,
4706,Cata TOA O plt1 body1m a,pltBody01_TOA_O_m.dds,0,0,0,797,,
4707,Cata TOA O plt1 body1m h,pltBody01_TOA_O_m.dds,0,0,0,797,,
4708,Cata TOA O plt1 body1m m,pltBody01_TOA_O_m.dds,0,0,0,797,,
4709,Cata TOA O plt1 boot1 a,pltBoots01_TOA_O.dds,0,0,0,824,,
4710,Cata TOA O plt1 boot1 mh,pltBoots01_TOA_O.dds,0,0,0,824,,
4711,Cata TOA O plt1 glov1,pltGloves01_TOA_O.dds,0,0,0,849,,
4712,Cata TOA O plt1 leg1 am,cthLegs01_plt01_TOA_O.dds,0,0,0,1341,,
4713,Cata TOA O plt1 leg1 h,cthLegs01_plt01_TOA_O.dds,0,0,0,1341,,
4714,Cata TOA S cth1 arm1,cthArms01_TOA_S.dds,0,0,0,213,,
4715,Cata TOA S cth1 body1f a,robBody01_cth01_TOA_S_f.dds,0,0,0,1342,,
4716,Cata TOA S cth1 body1f h,robBody01_cth01_TOA_S_f.dds,0,0,0,1342,,
4717,Cata TOA S cth1 body1f m,robBody01_cth01_TOA_S_f.dds,0,0,0,1342,,
4718,Cata TOA S cth1 body1m a,robBody01_cth01_TOA_S_m.dds,0,0,0,921,,
4719,Cata TOA S cth1 body1m h,robBody01_cth01_TOA_S_m.dds,0,0,0,921,,
4720,Cata TOA S cth1 body1m m,robBody01_cth01_TOA_S_m.dds,0,0,0,921,,
4721,Cata TOA S cth1 boot1 a,cthBoots01_TOA_S.dds,0,0,0,293,,
4722,Cata TOA S cth1 boot1 mh,cthBoots01_TOA_S.dds,0,0,0,293,,
4723,Cata TOA S cth1 glov1,cthGloves01_TOA_S.dds,0,0,0,321,,
4724,Cata TOA S cth1 leg1 am,cthLegs01_TOA_S.dds,0,0,0,424,,
4725,Cata TOA S cth1 leg1 h,cthLegs01_TOA_S.dds,0,0,0,424,,
4726,Cata TOA S lea1 arm1,cthArms01_lea01_TOA_S.dds,0,0,0,161,,
4727,Cata TOA S lea1 body1f a,leaBody05_TOA_S_f.dds,0,0,0,619,,
4728,Cata TOA S lea1 body1f h,leaBody05_TOA_S_f.dds,0,0,0,619,,
4729,Cata TOA S lea1 body1f m,leaBody05_TOA_S_f.dds,0,0,0,619,,
4730,Cata TOA S lea1 body1m a,leaBody05_TOA_S_m.dds,0,0,0,620,,
4731,Cata TOA S lea1 body1m h,leaBody05_TOA_S_m.dds,0,0,0,620,,
4732,Cata TOA S lea1 body1m m,leaBody05_TOA_S_m.dds,0,0,0,620,,
4733,Cata TOA S lea1 boot1 a,leaBoots01_TOA_S.dds,0,0,0,670,,
4734,Cata TOA S lea1 boot1 mh,leaBoots01_TOA_S.dds,0,0,0,670,,
4735,Cata TOA S lea1 glov1,leaGloves01_TOA_S.dds,0,0,0,719,,
4736,Cata TOA S lea1 leg1 am,cthLegs01_lea01_TOA_S.dds,0,0,0,377,,
4737,Cata TOA S lea1 leg1 h,cthLegs01_lea01_TOA_S.dds,0,0,0,377,,
4738,Cata TOA S std1 arm1,cthArms01_std01_TOA_S.dds,0,0,0,204,,
4739,Cata TOA S std1 body1f a,leaBody05_std01_TOA_S_f.dds,0,0,0,613,,
4740,Cata TOA S std1 body1f h,leaBody05_std01_TOA_S_f.dds,0,0,0,613,,
4741,Cata TOA S std1 body1f m,leaBody05_std01_TOA_S_f.dds,0,0,0,613,,
4742,Cata TOA S std1 body1m a,leaBody05_std01_TOA_S_m.dds,0,0,0,614,,
4743,Cata TOA S std1 body1m h,leaBody05_std01_TOA_S_m.dds,0,0,0,614,,
4744,Cata TOA S std1 body1m m,leaBody05_std01_TOA_S_m.dds,0,0,0,614,,
4745,Cata TOA S std1 boot1 a,leaBoots01_std01_TOA_S.dds,0,0,0,661,,
4746,Cata TOA S std1 boot1 mh,leaBoots01_std01_TOA_S.dds,0,0,0,661,,
4747,Cata TOA S std1 glov1,leaGloves01_std01_TOA_S.dds,0,0,0,709,,
4748,Cata TOA S std1 leg1 am,cthLegs01_std01_TOA_S.dds,0,0,0,415,,
4749,Cata TOA S std1 leg1 h,cthLegs01_std01_TOA_S.dds,0,0,0,415,,
4750,Cata TOA S chn1 arm1,cthArms01_chn01_TOA_S.dds,0,0,0,120,,
4751,Cata TOA S chn1 body1f a,pltBody01_chn01_TOA_S_f.dds,0,0,0,765,,
4752,Cata TOA S chn1 body1f h,pltBody01_chn01_TOA_S_f.dds,0,0,0,765,,
4753,Cata TOA S chn1 body1f m,pltBody01_chn01_TOA_S_f.dds,0,0,0,765,,
4754,Cata TOA S chn1 body1m a,pltBody01_chn01_TOA_S_m.dds,0,0,0,766,,
4755,Cata TOA S chn1 body1m h,pltBody01_chn01_TOA_S_m.dds,0,0,0,766,,
4756,Cata TOA S chn1 body1m m,pltBody01_chn01_TOA_S_m.dds,0,0,0,766,,
4757,Cata TOA S chn1 boot1 a,pltBoots01_chn01_TOA_S.dds,0,0,0,810,,
4758,Cata TOA S chn1 boot1 mh,pltBoots01_chn01_TOA_S.dds,0,0,0,810,,
4759,Cata TOA S chn1 glov1,pltGloves01_chn01_TOA_S.dds,0,0,0,834,,
4760,Cata TOA S chn1 leg1 am,cthLegs01_chn01_TOA_S.dds,0,0,0,338,,
4761,Cata TOA S chn1 leg1 h,cthLegs01_chn01_TOA_S.dds,0,0,0,338,,
4762,Cata TOA S scl1 arm1,cthArms01_scl01_TOA_S.dds,0,0,0,189,,
4763,Cata TOA S scl1 body1f a,pltBody01_scl01_TOA_S_f.dds,0,0,0,790,,
4764,Cata TOA S scl1 body1f h,pltBody01_scl01_TOA_S_f.dds,0,0,0,790,,
4765,Cata TOA S scl1 body1f m,pltBody01_scl01_TOA_S_f.dds,0,0,0,790,,
4766,Cata TOA S scl1 body1m a,pltBody01_scl01_TOA_S_m.dds,0,0,0,791,,
4767,Cata TOA S scl1 body1m h,pltBody01_scl01_TOA_S_m.dds,0,0,0,791,,
4768,Cata TOA S scl1 body1m m,pltBody01_scl01_TOA_S_m.dds,0,0,0,791,,
4769,Cata TOA S scl1 boot1 a,pltBoots01_scl01_TOA_S.dds,0,0,0,821,,
4770,Cata TOA S scl1 boot1 mh,pltBoots01_scl01_TOA_S.dds,0,0,0,821,,
4771,Cata TOA S scl1 glov1,pltGloves01_scl01_TOA_S.dds,0,0,0,846,,
4772,Cata TOA S scl1 leg1 am,cthLegs01_scl01_TOA_S.dds,0,0,0,400,,
4773,Cata TOA S scl1 leg1 h,cthLegs01_scl01_TOA_S.dds,0,0,0,400,,
4774,Cata TOA S plt1 arm1,cthArms01_plt01_TOA_S.dds,0,0,0,176,,
4775,Cata TOA S plt1 body1f a,pltBody01_TOA_S_f.dds,0,0,0,798,,
4776,Cata TOA S plt1 body1f h,pltBody01_TOA_S_f.dds,0,0,0,798,,
4777,Cata TOA S plt1 body1f m,pltBody01_TOA_S_f.dds,0,0,0,798,,
4778,Cata TOA S plt1 body1m a,pltBody01_TOA_S_m.dds,0,0,0,799,,
4779,Cata TOA S plt1 body1m h,pltBody01_TOA_S_m.dds,0,0,0,799,,
4780,Cata TOA S plt1 body1m m,pltBody01_TOA_S_m.dds,0,0,0,799,,
4781,Cata TOA S plt1 boot1 a,pltBoots01_TOA_S.dds,0,0,0,825,,
4782,Cata TOA S plt1 boot1 mh,pltBoots01_TOA_S.dds,0,0,0,825,,
4783,Cata TOA S plt1 glov1,pltGloves01_TOA_S.dds,0,0,0,850,,
4784,Cata TOA S plt1 leg1 am,cthLegs01_plt01_TOA_S.dds,0,0,0,391,,
4785,Cata TOA S plt1 leg1 h,cthLegs01_plt01_TOA_S.dds,0,0,0,391,,
4786,Cata TOA V cth1 body1f a,robBody01_cth01_TOA_V_f.dds,0,0,0,1343,,
4787,Cata TOA V cth1 body1f h,robBody01_cth01_TOA_V_f.dds,0,0,0,1343,,
4788,Cata TOA V cth1 body1f m,robBody01_cth01_TOA_V_f.dds,0,0,0,1343,,
4789,Cata TOA V cth1 body1m a,robBody01_cth01_TOA_V_m.dds,0,0,0,922,,
4790,Cata TOA V cth1 body1m h,robBody01_cth01_TOA_V_m.dds,0,0,0,922,,
4791,Cata TOA V cth1 body1m m,robBody01_cth01_TOA_V_m.dds,0,0,0,922,,
4792,Cata TOA V cth1 boot1 a,cthBoots01_TOA_V.dds,0,0,0,295,,
4793,Cata TOA V cth1 boot1 mh,cthBoots01_TOA_V.dds,0,0,0,295,,
4794,Cata TOA V cth1 glov1,cthGloves01_TOA_V.dds,0,0,0,323,,
4795,Cata TOA V cth1 leg1 h,cthLegs01_TOA_V.dds,0,0,0,426,,
4796,Cata TOA V lea1 arm1,cthArms01_lea01_TOA_V.dds,0,0,0,162,,
4797,Cata TOA V lea1 body1f h,leaBody05_TOA_V_f.dds,0,0,0,621,,
4798,Cata TOA V lea1 body1f m,leaBody05_TOA_V_f.dds,0,0,0,621,,
4799,Cata TOA V lea1 body1m a,leaBody05_TOA_V_m.dds,0,0,0,622,,
4800,Cata TOA V lea1 body1m h,leaBody05_TOA_V_m.dds,0,0,0,622,,
4801,Cata TOA V lea1 body1m m,leaBody05_TOA_V_m.dds,0,0,0,622,,
4802,Cata TOA V lea1 boot1 a,leaBoots01_TOA_V.dds,0,0,0,671,,
4803,Cata TOA V lea1 boot1 mh,leaBoots01_TOA_V.dds,0,0,0,671,,
4804,Cata TOA V lea1 glov1,leaGloves01_TOA_V.dds,0,0,0,720,,
4805,Cata TOA V lea1 leg1 am,cthLegs01_lea01_TOA_V.dds,0,0,0,378,,
4806,Cata TOA V lea1 leg1 h,cthLegs01_lea01_TOA_V.dds,0,0,0,378,,
4807,Cata TOA V std1 arm1,cthArms01_std01_TOA_V.dds,0,0,0,205,,
4808,Cata TOA V std1 body1f a,leaBody05_std01_TOA_V_f.dds,0,0,0,615,,
4809,Cata TOA V std1 body1f h,leaBody05_std01_TOA_V_f.dds,0,0,0,615,,
4810,Cata TOA V std1 body1f m,leaBody05_std01_TOA_V_f.dds,0,0,0,615,,
4811,Cata TOA V std1 body1m a,leaBody05_std01_TOA_V_m.dds,0,0,0,616,,
4812,Cata TOA V std1 body1m h,leaBody05_std01_TOA_V_m.dds,0,0,0,616,,
4813,Cata TOA V std1 body1m m,leaBody05_std01_TOA_V_m.dds,0,0,0,616,,
4814,Cata TOA V std1 boot1 a,leaBoots01_std01_TOA_V.dds,0,0,0,662,,
4815,Cata TOA V std1 boot1 mh,leaBoots01_std01_TOA_V.dds,0,0,0,662,,
4816,Cata TOA V std1 glov1,leaGloves01_std01_TOA_V.dds,0,0,0,710,,
4817,Cata TOA V std1 leg1 am,cthLegs01_std01_TOA_V.dds,0,0,0,416,,
4818,Cata TOA V std1 leg1 h,cthLegs01_std01_TOA_V.dds,0,0,0,416,,
4819,Cata TOA V chn1 arm1,cthArms01_chn01_TOA_V.dds,0,0,0,121,,
4820,Cata TOA V chn1 body1f a,pltBody01_chn01_TOA_V_f.dds,0,0,0,767,,
4821,Cata TOA V chn1 body1f h,pltBody01_chn01_TOA_V_f.dds,0,0,0,767,,
4822,Cata TOA V chn1 body1f m,pltBody01_chn01_TOA_V_f.dds,0,0,0,767,,
4823,Cata TOA V chn1 body1m a,pltBody01_chn01_TOA_V_m.dds,0,0,0,768,,
4824,Cata TOA V chn1 body1m h,pltBody01_chn01_TOA_V_m.dds,0,0,0,768,,
4825,Cata TOA V chn1 body1m m,pltBody01_chn01_TOA_V_m.dds,0,0,0,768,,
4826,Cata TOA V chn1 boot1 a,pltBoots01_chn01_TOA_V.dds,0,0,0,811,,
4827,Cata TOA V chn1 boot1 mh,pltBoots01_chn01_TOA_V.dds,0,0,0,811,,
4828,Cata TOA V chn1 glov1,pltGloves01_chn01_TOA_V.dds,0,0,0,835,,
4829,Cata TOA V chn1 leg1 am,cthLegs01_chn01_TOA_V.dds,0,0,0,339,,
4830,Cata TOA V chn1 leg1 h,cthLegs01_chn01_TOA_V.dds,0,0,0,339,,
4831,Cata TOA V scl1 arm1,cthArms01_scl01_TOA_V.dds,0,0,0,190,,
4832,Cata TOA V scl1 body1f a,pltBody01_scl01_TOA_V_f.dds,0,0,0,792,,
4833,Cata TOA V scl1 body1f h,pltBody01_scl01_TOA_V_f.dds,0,0,0,792,,
4834,Cata TOA V scl1 body1f m,pltBody01_scl01_TOA_V_f.dds,0,0,0,792,,
4835,Cata TOA V scl1 body1m a,pltBody01_scl01_TOA_V_m.dds,0,0,0,793,,
4836,Cata TOA V scl1 body1m h,pltBody01_scl01_TOA_V_m.dds,0,0,0,793,,
4837,Cata TOA V scl1 body1m m,pltBody01_scl01_TOA_V_m.dds,0,0,0,793,,
4838,Cata TOA V scl1 boot1 a,pltBoots01_scl01_TOA_V.dds,0,0,0,822,,
4839,Cata TOA V scl1 boot1 mh,pltBoots01_scl01_TOA_V.dds,0,0,0,822,,
4840,Cata TOA V scl1 glov1,pltGloves01_scl01_TOA_V.dds,0,0,0,847,,
4841,Cata TOA V scl1 leg1 am,cthLegs01_scl01_TOA_V.dds,0,0,0,401,,
4842,Cata TOA V scl1 leg1 h,cthLegs01_scl01_TOA_V.dds,0,0,0,401,,
4843,Cata TOA V plt1 arm1,cthArms01_plt01_TOA_V.dds,0,0,0,177,,
4844,Cata TOA V plt1 body1f a,pltBody01_TOA_V_f.dds,0,0,0,800,,
4845,Cata TOA V plt1 body1f h,pltBody01_TOA_V_f.dds,0,0,0,800,,
4846,Cata TOA V plt1 body1f m,pltBody01_TOA_V_f.dds,0,0,0,800,,
4847,Cata TOA V plt1 body1m a,pltBody01_TOA_V_m.dds,0,0,0,801,,
4848,Cata TOA V plt1 body1m h,pltBody01_TOA_V_m.dds,0,0,0,801,,
4849,Cata TOA V plt1 body1m m,pltBody01_TOA_V_m.dds,0,0,0,801,,
4850,Cata TOA V plt1 boot1 a,pltBoots01_TOA_V.dds,0,0,0,826,,
4851,Cata TOA V plt1 boot1 mh,pltBoots01_TOA_V.dds,0,0,0,826,,
4852,Cata TOA V plt1 glov1,pltGloves01_TOA_V.dds,0,0,0,851,,
4853,Cata TOA V plt1 leg1 am,cthLegs01_plt01_TOA_V.dds,0,0,0,392,,
4854,Cata TOA V plt1 leg1 h,cthLegs01_plt01_TOA_V.dds,0,0,0,392,,
4855,Cata TOA A cth1 body1f a,robBody01_cth01_TOA_A_f.dds,0,0,0,1344,,
4856,Cata TOA A cth1 body1f h,robBody01_cth01_TOA_A_f.dds,0,0,0,1344,,
4857,Cata TOA A cth1 body1f m,robBody01_cth01_TOA_A_f.dds,0,0,0,1344,,
4858,Cata TOA A cth1 body1m a,robBody01_cth01_TOA_A_m.dds,0,0,0,919,,
4859,Cata TOA A cth1 body1m h,robBody01_cth01_TOA_A_m.dds,0,0,0,919,,
4860,Cata TOA A cth1 body1m m,robBody01_cth01_TOA_A_m.dds,0,0,0,919,,
4861,Cata TOA A cth1 boot1 a,cthBoots01_TOA_A.dds,0,0,0,290,,
4862,Cata TOA A cth1 boot1 mh,cthBoots01_TOA_A.dds,0,0,0,290,,
4863,Cata TOA A cth1 glov1,cthGloves01_TOA_A.dds,0,0,0,317,,
4864,Cata TOA A cth1 leg1 h,cthLegs01_TOA_A.dds,0,0,0,1345,,
4865,Cata TOA A lea1 arm1,cthArms01_lea01_TOA_A.dds,0,0,0,1346,,
4866,Cata TOA A lea1 body1f a,leaBody05_TOA_A.dds,0,0,0,1347,,
4867,Cata TOA A lea1 body1f h,leaBody05_TOA_A_f.dds,0,0,0,1348,,
4868,Cata TOA A lea1 body1f m,leaBody05_TOA_A_f.dds,0,0,0,1348,,
4869,Cata TOA A lea1 body1m a,leaBody05_TOA_A.dds,0,0,0,1349,,
4870,Cata TOA A lea1 body1m h,leaBody05_TOA_A_m.dds,0,0,0,1350,,
4871,Cata TOA A lea1 body1m m,leaBody05_TOA_A_m.dds,0,0,0,1350,,
4872,Cata TOA A lea1 boot1 a,leaBoots01_TOA_A.dds,0,0,0,1351,,
4873,Cata TOA A lea1 boot1 mh,leaBoots01_TOA_A.dds,0,0,0,1351,,
4874,Cata TOA A lea1 glov1,leaGloves01_toa_A.dds,0,0,0,1352,,
4875,Cata TOA A lea1 leg1 am,cthLegs01_lea01_TOA_A.dds,0,0,0,1353,,
4876,Cata TOA A lea1 leg1 h,cthLegs01_lea01_TOA_A.dds,0,0,0,1353,,
4877,Cata TOA A std1 arm1,cthArms01_std01_TOA_A.dds,0,0,0,202,,
4878,Cata TOA A std1 body1f a,leaBody05_std01_TOA_A.dds,0,0,0,1354,,
4879,Cata TOA A std1 body1f h,leaBody05_std01_TOA_A_f.dds,0,0,0,1355,,
4880,Cata TOA A std1 body1f m,leaBody05_std01_TOA_A_f.dds,0,0,0,1355,,
4881,Cata TOA A std1 body1m a,leaBody05_std01_TOA_A_m.dds,0,0,0,1357,,
4882,Cata TOA A std1 body1m h,leaBody05_std01_TOA_A_m.dds,0,0,0,1357,,
4883,Cata TOA A std1 body1m m,leaBody05_std01_TOA_A_m.dds,0,0,0,1357,,
4884,Cata TOA A std1 boot1 a,leaBoots01_std01_TOA_A.dds,0,0,0,659,,
4885,Cata TOA A std1 boot1 mh,leaBoots01_std01_TOA_A.dds,0,0,0,659,,
4886,Cata TOA A std1 glov1,leaGloves01_std01_TOA_A.dds,0,0,0,707,,
4887,Cata TOA A std1 leg1 am,cthLegs01_std01_TOA_A.dds,0,0,0,413,,
4888,Cata TOA A std1 leg1 h,cthLegs01_std01_TOA_A.dds,0,0,0,413,,
4889,Cata TOA A chn1 arm1,cthArms01_chn01_TOA_A.dds,0,0,0,118,,
4890,Cata TOA A chn1 body1f a,pltBody01_chn01_TOA_A_f.dds,0,0,0,761,,
4891,Cata TOA A chn1 body1f h,pltBody01_chn01_TOA_A_f.dds,0,0,0,761,,
4892,Cata TOA A chn1 body1f m,pltBody01_chn01_TOA_A_f.dds,0,0,0,761,,
4893,Cata TOA A chn1 body1m a,pltBody01_chn01_TOA_A_m.dds,0,0,0,762,,
4894,Cata TOA A chn1 body1m h,pltBody01_chn01_TOA_A_m.dds,0,0,0,762,,
4895,Cata TOA A chn1 body1m m,pltBody01_chn01_TOA_A_m.dds,0,0,0,762,,
4896,Cata TOA A chn1 boot1 a,pltBoots01_chn01_TOA_A.dds,0,0,0,808,,
4897,Cata TOA A chn1 boot1 mh,pltBoots01_chn01_TOA_A.dds,0,0,0,808,,
4898,Cata TOA A chn1 glov1,pltGloves01_chn01_TOA_A.dds,0,0,0,832,,
4899,Cata TOA A chn1 leg1 am,cthLegs01_chn01_TOA_A.dds,0,0,0,336,,
4900,Cata TOA A chn1 leg1 h,cthLegs01_chn01_TOA_A.dds,0,0,0,336,,
4901,Cata TOA A scl1 arm1,cthArms01_scl01_TOA_A.dds,0,0,0,187,,
4902,Cata TOA A scl1 body1f a,pltBody01_scl01_TOA_A_f.dds,0,0,0,786,,
4903,Cata TOA A scl1 body1f h,pltBody01_scl01_TOA_A_f.dds,0,0,0,786,,
4904,Cata TOA A scl1 body1f m,pltBody01_scl01_TOA_A_f.dds,0,0,0,786,,
4905,Cata TOA A scl1 body1m a,pltBody01_scl01_TOA_A_m.dds,0,0,0,787,,
4906,Cata TOA A scl1 body1m h,pltBody01_scl01_TOA_A_m.dds,0,0,0,787,,
4907,Cata TOA A scl1 body1m m,pltBody01_scl01_TOA_A_m.dds,0,0,0,787,,
4908,Cata TOA A scl1 boot1 a,pltBoots01_scl01_TOA_A.dds,0,0,0,819,,
4909,Cata TOA A scl1 boot1 mh,pltBoots01_scl01_TOA_A.dds,0,0,0,819,,
4910,Cata TOA A scl1 glov1,pltGloves01_scl01_TOA_A.dds,0,0,0,844,,
4911,Cata TOA A scl1 leg1 am,cthLegs01_scl01_TOA_A.dds,0,0,0,398,,
4912,Cata TOA A scl1 leg1 h,cthLegs01_scl01_TOA_A.dds,0,0,0,398,,
4913,Cata TOA A plt1 arm1,cthArms01_plt01_TOA_A.dds,0,0,0,175,,
4914,Cata TOA A plt1 body1f a,pltBody01_TOA_A_f.dds,0,0,0,794,,
4915,Cata TOA A plt1 body1f h,pltBody01_TOA_A_f.dds,0,0,0,794,,
4916,Cata TOA A plt1 body1f m,pltBody01_TOA_A_f.dds,0,0,0,794,,
4917,Cata TOA A plt1 body1m a,pltBody01_TOA_A_m.dds,0,0,0,795,,
4918,Cata TOA A plt1 body1m h,pltBody01_TOA_A_m.dds,0,0,0,795,,
4919,Cata TOA A plt1 body1m m,pltBody01_TOA_A_m.dds,0,0,0,795,,
4920,Cata TOA A plt1 boot1 a,pltBoots01_TOA_A.dds,0,0,0,823,,
4921,Cata TOA A plt1 boot1 mh,pltBoots01_TOA_A.dds,0,0,0,823,,
4922,Cata TOA A plt1 glov1,pltGloves01_TOA_A.dds,0,0,0,848,,
4923,Cata TOA A plt1 leg1 am,cthLegs01_plt01_TOA_A.dds,0,0,0,390,,
4924,Cata TOA A plt1 leg1 h,cthLegs01_plt01_TOA_A.dds,0,0,0,390,,
4925,Cata TOA S naliah body3f a,robBody01_naliah_TOA_S_f.dds,0,0,0,1362,,
4926,Cata TOA S naliah body3f h,robBody01_naliah_TOA_S_f.dds,0,0,0,1362,,
4927,Cata TOA S naliah body3f m,robBody01_naliah_TOA_S_f.dds,0,0,0,1362,,
4928,Cata TOA S naliah body3m a,robBody01_naliah_TOA_S_m.dds,0,0,0,937,,
4929,Cata TOA S naliah body3m h,robBody01_naliah_TOA_S_m.dds,0,0,0,937,,
4930,Cata TOA S naliah body3m m,robBody01_naliah_TOA_S_m.dds,0,0,0,937,,
4931,Cata TOA S scarab body2f a,cthBody01_Scarab_TOA_S_f.dds,0,0,0,237,,
4932,Cata TOA S scarab body2f h,cthBody01_Scarab_TOA_S_f.dds,0,0,0,237,,
4933,Cata TOA S scarab body2f m,cthBody01_Scarab_TOA_S_f.dds,0,0,0,1813,,
4934,Cata TOA S scarab body2m a,cthBody01_Scarab_TOA_S_m.dds,0,0,0,237,,
4935,Cata TOA S scarab body2m h,cthBody01_Scarab_TOA_S_m.dds,0,0,0,237,,
4936,Cata TOA S scarab body2m m,cthBody01_Scarab_TOA_S_m.dds,0,0,0,237,,
4937,Cata TOA A gift1 body1f a,pltBody01_gift_TOA_A_f.dds,0,0,0,784,,
4938,Cata TOA A gift1 body1f h,pltBody01_gift_TOA_A_f.dds,0,0,0,785,,
4939,Cata TOA A gift1 body1f m,pltBody01_gift_TOA_A_f.dds,0,0,0,784,,
4940,Cata TOA A gift1 body1m a,pltBody01_gift_TOA_A_m.dds,0,0,0,785,,
4941,Cata TOA A gift1 body1m h,pltBody01_gift_TOA_A_m.dds,0,0,0,785,,
4942,Cata TOA A gift1 body1m m,pltBody01_gift_TOA_A_m.dds,0,0,0,785,,
4943,Cata TOA A enyalio boot3 a,leaboots01_Enyalio_TOA.dds,0,0,0,1358,,
4944,Cata TOA A enyalio boot3 hm,leaboots01_Enyalio_TOA.dds,0,0,0,1359,,
4945,Cata TOA A flame boot3 a,leaboots01_Flame_TOA.dds,0,0,0,1360,,
4946,Cata TOA A flame boot3 hm,leaboots01_Flame_TOA.dds,0,0,0,1361,,
4947,Cata TOA A fop arm1,ctharms01_fop_TOA_A.dds,0,0,0,158,,
4948,Cata TOA O winds arm1,ctharms01_winds_TOA_O.dds,0,0,0,1363,,
4949,Cata TOA O shark glov3,leagloves01_Shark_TOA_O.dds,0,0,0,705,,
4950,Cata TOA_O_alvarus_leg1_am,cthlegs01_alvarus_TOA_O.dds,0,0,0,334,,
4951,Cata TOA V scalar glov3,leagloves01_Scalar_TOA_V.dds,0,0,0,721,,
4952,Cata TOA A wings leg1 am,cthlegs01_Wings_TOA_A.dds,0,0,0,427,,
4953,Cata TOA O eirene body5f a,pltBody01_eirene_TOA_O_f.dds,0,0,0,1814,,
4954,Cata TOA O eirene body5f h,pltBody01_eirene_TOA_O_f.dds,0,0,0,1814,,
4955,Cata TOA O eirene body5f m,pltBody01_eirene_TOA_O_f.dds,0,0,0,1814,,
4956,Cata TOA O eirene body5m a,pltBody01_eirene_TOA_O_m.dds,0,0,0,769,,
4957,Cata TOA O eirene body5m h,pltBody01_eirene_TOA_O_m.dds,0,0,0,769,,
4958,Cata TOA O eirene body5m m,pltBody01_eirene_TOA_O_m.dds,0,0,0,769,,
4959,Cata TOA A rsch body1f a,robBody01_rsch_TOA_A_f.dds,0,0,0,1364,,
4960,Cata TOA A rsch body1m a,robBody01_rsch_TOA_A_m.dds,0,0,0,1365,,
4961,Cata TOA A rsch boot1 a,cthboots01_rsch_TOA_A.dds,0,0,0,281,,
4962,Cata TOA A rsch glov1 a,cthgloves01_rsch_TOA_A.dds,0,0,0,308,,
4963,Cata TOA H rsch boot1 h,cthboost01_rsch_TOA_H.dds,0,0,0,1366,,
4964,Cata TOA H rsch glov1 h,cthGlovess01_rsch_TOA_H.dds,0,0,0,1366,,
4965,Cata TOA N rsch body1f m,robBody01_rsch_TOA_N_f.dds,0,0,0,1367,,
4966,Cata TOA N rsch body1m m,robBody01_rsch_TOA_N_m.dds,0,0,0,1368,,
4967,Cata TOA N rsch boot1 m,cthboots01_rsch_TOA_N.dds,0,0,0,1369,,
4968,Cata TOA N rsch glov1 m,cthGloves01_rsch_TOA_N.dds,0,0,0,1381,,
4969,Cata TOA H rsch body1m h,robBody01_rsch_TOA_H_m.dds,0,0,0,1370,,
4970,Cata TOA H rsch body1f h,robBody01_rsch_TOA_H_f.dds,0,0,0,1371,,
4971,Cata Cloak 1,catcloak01.dds,0,41,4,0,,
4972,Cata Cloak,Cat_cloak.dds,0,41,4,0,,
4973,Cat_TOA_cloak1.dds,Cat_TOA_cloak1.dds,0,41,4,0,,
4974,Cat_B_cloak.dds,Cat_B_cloak.dds,0,41,4,0,,
4975,Cat_B_grd1_pvpcloak1.dds,Cat_B_grd1_pvpcloak1.dds,0,41,4,0,,
4976,Cat_cloak2.dds,Cat_cloak2.dds,0,41,4,0,,
4977,Cat_cloak3.dds,Cat_cloak3.dds,0,41,4,0,,
4978,Cat_cloak_diamondlined.dds,Cat_cloak_diamondlined.dds,0,41,4,0,,
4979,Cat_cloak_lined.dds,Cat_cloak_lined.dds,0,41,4,0,,
4980,Cat_G1_cloak_A.dds,Cat_G1_cloak_A.dds,0,41,4,0,,
4981,Cat_G1_cloak_B.dds,Cat_G1_cloak_B.dds,0,41,4,0,,
4982,Cat_h_grd_pvpcloak1.dds,Cat_h_grd_pvpcloak1.dds,0,41,4,0,,
4983,Cat_mage_cloak1.dds,Cat_mage_cloak1.dds,0,41,4,0,,
4984,Cat_mage_cloak2.dds,Cat_mage_cloak2.dds,0,41,4,0,,
4985,Cat_mage_cloak3.dds,Cat_mage_cloak3.dds,0,41,4,0,,
4986,Cat_n_grd_pvpcloak1.dds,Cat_n_grd_pvpcloak1.dds,0,41,4,0,,
4987,Cat_SaintJohnsMantle.dds,Cat_SaintJohnsMantle.dds,0,41,4,0,,
4988,Cat_SimpleCloak.dds,Cat_SimpleCloak.dds,0,41,4,0,,
4989,Cat_SimpleCloak_diamondlined.dds,Cat_SimpleCloak_diamondlined.dds,0,41,4,0,,
4990,Cat_SimpleCloak_lined.dds,Cat_SimpleCloak_lined.dds,0,41,4,0,,
4991,Cat_TOA_Harpy_Cloak_O.dds,Cat_TOA_Harpy_Cloak_O.dds,0,42,4,0,,
4992,Cat_TOA_cloak1_lined.dds,Cat_TOA_cloak1_lined.dds,0,41,4,0,,
4993,Cat_whitecloak_lined.dds,Cat_whitecloak_lined.dds,0,41,4,0,,
4994,cthArms01_TOA_A.dds,cthArms01_TOA_A.dds,0,0,4,1695,,
4995,TOA_O_cth1_arm1.dds,TOA_O_cth1_arm1.dds,0,0,4,1382,,
4996,TOA_N_rsch_arm1_m.dds,TOA_N_rsch_arm1_m.dds,0,0,4,1379,,
4997,TOA_N_rsch_leg1_m.dds,TOA_N_rsch_leg1_m.dds,0,0,4,1380,,
4998,cthgloves01_rsch_TOA_N.dds,cthgloves01_rsch_TOA_N.dds,0,0,4,1381,,
4999,TOA_V_cth1_arm1.tga,TOA_V_cth1_arm1.tga,0,0,4,1377,,
5000,Rediscovered Chain Leg,B_chn0_leg1.tga,0,1,0,0,,
5001,Rediscovered Chain Arm,B_chn0_arm1.tga,0,1,0,0,,
5002,Rediscovered Chain Body F,B_chn0_body1f.tga,0,1,0,0,,
5003,Rediscovered Chain Body M,B_chn0_body1m.tga,0,1,0,0,,
5004,Rediscovered Chain Boot,B_chn0_boot1.tga,0,1,0,0,,
5005,Rediscovered Chain Glove,B_chn0_glov1.tga,0,1,0,0,,
5006,Rediscovered Chain Lbody,B_chn0_lbody1.tga,0,1,0,0,,
5007,Role playing helm texture,b_hat01.dds,0,42,4,0,,
5008,Role playing helm texture,b_hat03.dds,0,42,4,0,,
5009,Role playing helm texture,b_hat04.dds,0,42,4,0,,
5010,Role playing helm texture,b_hat05.dds,0,42,4,0,,
5011,Role playing helm texture,h_hat04.dds,0,42,4,0,,
5012,Role playing helm texture,h_hat05.dds,0,42,4,0,,
5013,Role playing helm texture,h_hat06.dds,0,42,4,0,,
5014,Role playing helm texture,n_hat03.dds,0,42,4,0,,
5015,Role playing helm texture,n_hat04.dds,0,42,4,0,,
5016,Role playing helm texture,n_hat05.dds,0,42,4,0,,
5017,Role playing helm texture,n_hat06.dds,0,42,4,0,,
5018,chnarms05_10.dds,chnarms05_10.dds,0,0,4,1820,,
5019,chnBoots05_10.dds,chnBoots05_10.dds,0,0,4,1821,,
5020,chngloves05_10.dds,chngloves05_10.dds,0,0,4,1822,,
5021,chnlegs05_10.dds,chnlegs05_10.dds,0,0,4,1823,,
5022,CAT_TOA_Stygian_Cloak_S.dds,CAT_TOA_Stygian_Cloak_S.dds,0,42,4,0,,
5023,CAT_TOA_Cloud_Cloak_A.dds,CAT_TOA_Cloud_Cloak_A.dds,0,42,4,0,,
5024,CAT_TOA_Feather_Cloak_A.dds,CAT_TOA_Feather_Cloak_A.dds,0,42,4,0,,
5025,CAT_TOA_Harpy_Cloak_O.dds,CAT_TOA_Harpy_Cloak_O.dds,0,42,4,0,,
5026,CAT_TOA_Healing_Cloak_S.dds,CAT_TOA_Healing_Cloak_S.dds,0,42,4,0,,
5027,CAT_TOA_Magma_Cloak_V.dds,CAT_TOA_Magma_Cloak_V.dds,0,42,4,0,,
5028,CAT_TOA_Mist_Cloak_V.dds,CAT_TOA_Mist_Cloak_V.dds,0,42,4,0,,
5029,CAT_TOA_Scaled_Cloak_O.dds,CAT_TOA_Scaled_Cloak_O.dds,0,42,4,0,,
5030,cthArms01_CATA_pkevil.dds,cthArms01_CATA_pkevil.dds,0,0,4,1825,,
5031,cthArms01_CATA_pkgood.dds,cthArms01_CATA_pkgood.dds,0,0,4,1826,,
5032,cthArms01_chn_CATA_pkevil.dds,cthArms01_chn_CATA_pkevil.dds,0,0,4,1827,,
5033,cthArms01_chn_CATA_pkgood.dds,cthArms01_chn_CATA_pkgood.dds,0,0,4,1828,,
5034,cthArms01_lea_CATA_pkevil.dds,cthArms01_lea_CATA_pkevil.dds,0,0,4,1829,,
5035,cthArms01_lea_CATA_pkgood.dds,cthArms01_lea_CATA_pkgood.dds,0,0,4,1830,,
5036,cthArms01_plt_CATA_pkevil.dds,cthArms01_plt_CATA_pkevil.dds,0,0,4,1831,,
5037,cthBody01_CATA_pkevil_f.dds,cthBody01_CATA_pkevil_f.dds,0,0,4,1832,,
5038,cthBody01_CATA_pkevil_m.dds,cthBody01_CATA_pkevil_m.dds,0,0,4,1833,,
5039,cthBody01_CATA_pkgood_f.dds,cthBody01_CATA_pkgood_f.dds,0,0,4,1834,,
5040,cthBody01_CATA_pkgood_M.dds,cthBody01_CATA_pkgood_M.dds,0,0,4,1835,,
5041,cthBoots01_CATA_pkevil.dds,cthBoots01_CATA_pkevil.dds,0,0,4,1836,,
5042,cthBoots01_CATA_pkgood.dds,cthBoots01_CATA_pkgood.dds,0,0,4,1837,,
5043,cthGloves01_CATA_pkevil.dds,cthGloves01_CATA_pkevil.dds,0,0,4,1838,,
5044,cthGloves01_CATA_pkgood.dds,cthGloves01_CATA_pkgood.dds,0,0,4,1839,,
5045,cthLegs01_CATA_pkevil.dds,cthLegs01_CATA_pkevil.dds,0,0,4,1840,,
5046,cthLegs01_CATA_pkgood.dds,cthLegs01_CATA_pkgood.dds,0,0,4,1841,,
5047,cthLegs01_chn_CATA_pkgevil.dds,cthLegs01_chn_CATA_pkgevil.dds,0,0,4,1842,,
5048,cthLegs01_chn_CATA_pkgood.dds,cthLegs01_chn_CATA_pkgood.dds,0,0,4,1843,,
5049,cthLegs01_lea_CATA_pkevil.dds,cthLegs01_lea_CATA_pkevil.dds,0,0,4,1844,,
5050,cthLegs01_lea_CATA_pkgood.dds,cthLegs01_lea_CATA_pkgood.dds,0,0,4,1845,,
5051,cthLegs01_plt_CATA_pkevil.dds,cthLegs01_plt_CATA_pkevil.dds,0,0,4,1846,,
5052,leaBody05_CATA_pkevil_f.dds,leaBody05_CATA_pkevil_f.dds,0,0,4,1847,,
5053,leaBody05_CATA_pkevil_m.dds,leaBody05_CATA_pkevil_m.dds,0,0,4,1848,,
5054,leaBody05_CATA_pkgood_f.dds,leaBody05_CATA_pkgood_f.dds,0,0,4,1849,,
5055,leaBody05_CATA_pkgood_m.dds,leaBody05_CATA_pkgood_m.dds,0,0,4,1850,,
5056,leaBoots01_CATA_pkevil.dds,leaBoots01_CATA_pkevil.dds,0,0,4,1851,,
5057,leaBoots01_CATA_pkgood.dds,leaBoots01_CATA_pkgood.dds,0,0,4,1852,,
5058,leaGloves01_CATA_pkevil.dds,leaGloves01_CATA_pkevil.dds,0,0,4,1853,,
5059,leaGloves01_CATA_pkgood.dds,leaGloves01_CATA_pkgood.dds,0,0,4,1854,,
5060,pltBody01_CATA_pkevil_f.dds,pltBody01_CATA_pkevil_f.dds,0,0,4,1855,,
5061,pltBody01_CATA_pkevil_m.dds,pltBody01_CATA_pkevil_m.dds,0,0,4,1856,,
5062,pltBody01_chn_CATA_pkevil_f.dds,pltBody01_chn_CATA_pkevil_f.dds,0,0,4,1857,,
5063,pltBody01_chn_CATA_pkevil_m.dds,pltBody01_chn_CATA_pkevil_m.dds,0,0,4,1858,,
5064,pltBody01_chn_CATA_pkgood_f.dds,pltBody01_chn_CATA_pkgood_f.dds,0,0,4,1859,,
5065,pltBody01_chn_CATA_pkgood_m.dds,pltBody01_chn_CATA_pkgood_m.dds,0,0,4,1860,,
5066,pltBoots01_CATA_pkevil.dds,pltBoots01_CATA_pkevil.dds,0,0,4,1861,,
5067,pltBoots01_chn_CATA_pkevil.dds,pltBoots01_chn_CATA_pkevil.dds,0,0,4,1862,,
5068,pltBoots01_chn_CATA_pkgood.dds,pltBoots01_chn_CATA_pkgood.dds,0,0,4,1863,,
5069,pltGloves01_CATA_pkevil.dds,pltGloves01_CATA_pkevil.dds,0,0,4,1864,,
5070,pltGloves01_chn_CATA_pkevil.dds,pltGloves01_chn_CATA_pkevil.dds,0,0,4,1865,,
5071,pltGloves01_chn_CATA_pkgood.dds,pltGloves01_chn_CATA_pkgood.dds,0,0,4,1866,,
5072,stdGloves05_CATA_pkevil_m.dds,stdGloves05_CATA_pkevil_m.dds,0,0,4,1867,,
5073,cthArms01_scl_CATA_pkevil.dds,cthArms01_scl_CATA_pkevil.dds,0,0,4,1868,,
5074,cthArms01_std_CATA_pkevil.dds,cthArms01_std_CATA_pkevil.dds,0,0,4,1869,,
5075,cthlegs01_scl_CATA_pkevil.dds,cthlegs01_scl_CATA_pkevil.dds,0,0,4,1870,,
5076,cthLegs01_std_CATA_pkevil.dds,cthLegs01_std_CATA_pkevil.dds,0,0,4,1871,,
5077,pltBody01_scl_CATA_pkevil_f.dds,pltBody01_scl_CATA_pkevil_f.dds,0,0,4,1872,,
5078,pltBody01_scl_CATA_pkevil_m.dds,pltBody01_scl_CATA_pkevil_m.dds,0,0,4,1873,,
5079,pltBoots01_scl_CATA_pkevil_m.dds,pltBoots01_scl_CATA_pkevil_m.dds,0,0,4,1874,,
5080,pltGloves01_scl_CATA_pkevil_m.dds,pltGloves01_scl_CATA_pkevil_m.dds,0,0,4,1875,,
5081,stdBody05_CATA_pkevil_f.dds,stdBody05_CATA_pkevil_f.dds,0,0,4,1876,,
5082,stdBody05_CATA_pkevil_m.dds,stdBody05_CATA_pkevil_m.dds,0,0,4,1877,,
5083,stdBoots05_CATA_pkevil_m.dds,stdBoots05_CATA_pkevil_m.dds,0,0,4,1878,,
5084,cthArms01_plt_CATA_pkgood.dds,cthArms01_plt_CATA_pkgood.dds,0,0,4,1879,,
5085,cthArms01_scl_CATA_pkgood.dds,cthArms01_scl_CATA_pkgood.dds,0,0,4,1880,,
5086,cthArms01_std_CATA_pkgood.dds,cthArms01_std_CATA_pkgood.dds,0,0,4,1881,,
5087,cthLegs01_plt_CATA_pkgood.dds,cthLegs01_plt_CATA_pkgood.dds,0,0,4,1882,,
5088,cthLegs01_scl_CATA_pkgood.dds,cthLegs01_scl_CATA_pkgood.dds,0,0,4,1883,,
5089,cthLegs01_std_CATA_pkgood.dds,cthLegs01_std_CATA_pkgood.dds,0,0,4,1884,,
5090,leaBody05_std_CATA_pkgood_f.dds,leaBody05_std_CATA_pkgood_f.dds,0,0,4,1885,,
5091,leaBody05_std_CATA_pkgood_m.dds,leaBody05_std_CATA_pkgood_m.dds,0,0,4,1886,,
5092,leaBoots01_std_CATA_pkgood.dds,leaBoots01_std_CATA_pkgood.dds,0,0,4,1887,,
5093,leaGloves01_std_CATA_pkgood.dds,leaGloves01_std_CATA_pkgood.dds,0,0,4,1888,,
5094,pltBody01_CATA_pkgood_f.dds,pltBody01_CATA_pkgood_f.dds,0,0,4,1889,,
5095,pltBody01_CATA_pkgood_m.dds,pltBody01_CATA_pkgood_m.dds,0,0,4,1890,,
5096,pltBody01_scl_CATA_pkgood_f.dds,pltBody01_scl_CATA_pkgood_f.dds,0,0,4,1891,,
5097,pltBody01_scl_CATA_pkgood_m.dds,pltBody01_scl_CATA_pkgood_m.dds,0,0,4,1892,,
5098,pltBoots01_CATA_pkgood.dds,pltBoots01_CATA_pkgood.dds,0,0,4,1893,,
5099,pltBoots01_scl_CATA_pkgood.dds,pltBoots01_scl_CATA_pkgood.dds,0,0,4,1894,,
5100,pltGloves01_CATA_pkgood.dds,pltGloves01_CATA_pkgood.dds,0,0,4,1895,,
5101,pltgloves01_scl_CATA_pkgood.dds,pltgloves01_scl_CATA_pkgood.dds,0,0,4,1896,,
5102,cthBody01_Naliah_TOA_S_F.dds,cthBody01_Naliah_TOA_S_F.dds,0,0,4,1897,,
5103,cthBody01_Naliah_TOA_S_m.dds,cthBody01_Naliah_TOA_S_m.dds,0,0,4,1898,,
5104,cthbody01_TOA_A_F.dds,cthbody01_TOA_A_F.dds,0,0,4,1899,,
5105,cthbody01_TOA_A_m.dds,cthbody01_TOA_A_m.dds,0,0,4,1900,,
5106,cthbody01_TOA_O_F.dds,cthbody01_TOA_O_F.dds,0,0,4,1901,,
5107,cthbody01_TOA_O_m.dds,cthbody01_TOA_O_m.dds,0,0,4,1902,,
5108,cthbody01_TOA_S_F.dds,cthbody01_TOA_S_F.dds,0,0,4,1903,,
5109,cthbody01_TOA_S_m.dds,cthbody01_TOA_S_m.dds,0,0,4,1904,,
5110,cthbody01_TOA_V_F.dds,cthbody01_TOA_V_F.dds,0,0,4,1905,,
5111,cthbody01_TOA_V_m.dds,cthbody01_TOA_V_m.dds,0,0,4,1906,,
5112,leaBody05_TOA_A_f.dds,leaBody05_TOA_A_f.dds,0,0,4,1907,,
5113,leaBody05_TOA_A_m.dds,leaBody05_TOA_A_m.dds,0,0,4,1908,,
5114,robBody01_lea01_TOA_A_f.dds,robBody01_lea01_TOA_A_f.dds,0,0,4,1909,,
5115,robBody01_lea01_TOA_O_f.dds,robBody01_lea01_TOA_O_f.dds,0,0,4,1910,,
5116,robBody01_lea01_TOA_S_f.dds,robBody01_lea01_TOA_S_f.dds,0,0,4,1911,,
5117,robBody01_lea01_TOA_V_f.dds,robBody01_lea01_TOA_V_f.dds,0,0,4,1912,,
5118,robBody01_lea01_TOA_A_mdds,robBody01_lea01_TOA_A_mdds,0,0,4,1913,,
5119,robBody01_lea01_TOA_V_m.dds,robBody01_lea01_TOA_V_m.dds,0,0,4,1914,,
5120,robBody01_lea01_TOA_O_m.dds,robBody01_lea01_TOA_O_m.dds,0,0,4,1915,,
5121,robBody01_lea01_TOA_S_m.dds,robBody01_lea01_TOA_S_m.dds,0,0,4,1916,,
5122,robBody01_epic_Warlock_M.dds,robBody01_epic_Warlock_M.dds,0,0,4,1929,,
5123,robBody01_epic_Warlock_F.dds,robBody01_epic_Warlock_F.dds,0,0,4,1930,,
5124,cthLegs01_epic_Warlock.dds,cthLegs01_epic_Warlock.dds,0,0,4,1931,,
5125,cthGloves01_epic_Warlock.dds,cthGloves01_epic_Warlock.dds,0,0,4,1932,,
5126,cthBoots01_epic_Warlock.dds,cthBoots01_epic_Warlock.dds,0,0,4,1933,,
5127,robBody01_epic_Bainshee_F.dds,robBody01_epic_Bainshee_F.dds,0,0,4,1934,,
5128,cthArms01_epic_Bainshee.dds,cthArms01_epic_Bainshee.dds,0,0,4,1935,,
5129,cthBoots01_epic_Bainshee.dds,cthBoots01_epic_Bainshee.dds,0,0,4,1936,,
5130,cthGloves01_epic_Bainshee.dds,cthGloves01_epic_Bainshee.dds,0,0,4,1937,,
5131,cthLegs01_epic_Bainshee.dds,cthLegs01_epic_Bainshee.dds,0,0,4,1938,,
5132,leaBody01_Epic_Vampyre_M.dds,leaBody01_Epic_Vampyre_M.dds,0,0,4,1971,,
5133,leaBody01_Epic_Vampyre_F.dds,leaBody01_Epic_Vampyre_F.dds,0,0,4,1972,,
5134,leaBoots_Epic_Vampyre.dds,leaBoots_Epic_Vampyre.dds,0,0,4,1973,,
5135,leaGloves01_Epic_Vampyre.dds,leaGloves01_Epic_Vampyre.dds,0,0,4,1974,,
5136,cthArms01_Epic_Vampyre.dds,cthArms01_Epic_Vampyre.dds,0,0,4,1975,,
5137,cthLegs01_Epic_Vampyre.dds,cthLegs01_Epic_Vampyre.dds,0,0,4,1976,,
5138,Role playing helm texture,WingedHelmet_Epic_Valkyrie.dds,0,42,4,0,,
5139,robBody01_epic_Heretic_F.dds,robBody01_epic_Heretic_F.dds,0,0,4,1992,,
5140,robBody01_epic_Heretic_M.dds,robBody01_epic_Heretic_M.dds,0,0,4,1993,,
5141,chnBody04_Epic_Valkyrie_f.dds,chnBody04_Epic_Valkyrie_f.dds,0,0,4,1994,,
5142,cthLegs01_Epic_Valkyrie.dds,cthLegs01_Epic_Valkyrie.dds,0,0,4,1995,,
5143,cthArms01_Epic_Valkyrie.dds,cthArms01_Epic_Valkyrie.dds,0,0,4,1996,,
5144,chnGloves01_Epic_Valkyrie.dds,chnGloves01_Epic_Valkyrie.dds,0,0,4,1997,,
5145,chnBoots01_Epic_Valkyrie.dds,chnBoots01_Epic_Valkyrie.dds,0,0,4,1998,,
5146,ctharms01_Epic_Runemaster.dds,ctharms01_Epic_Runemaster.dds,0,0,4,2005,,
5147,ctharms01_Epic_SpiritMaster.dds,ctharms01_Epic_SpiritMaster.dds,0,0,4,2006,,
5148,cthLegs01_Epic_SpiritMaster.dds,cthLegs01_Epic_SpiritMaster.dds,0,0,4,2007,,
5149,Base_Lute,Base_Lute.dds,0,43,1,,,
5150,Base_drum,Base_drum.dds,0,43,1,,,
5151,Base_flute,Base_flute.dds,0,43,1,,,
5152,Old_Lute,Old_Lute.dds,0,43,1,,,
5153,Old_drum,Old_drum.dds,0,43,1,,,
5154,Old_flute,Old_flute.dds,0,43,1,,,
5155,Albion_Lute,Albion_Lute.dds,0,43,1,,,
5156,Albion_drum,Albion_drum.dds,0,43,1,,,
5157,Albion_flute,Albion_flute.dds,0,43,1,,,
5158,Hibernia_Lute,Hibernia_Lute.dds,0,43,1,,,
5159,Hibernia_drum,Hibernia_drum.dds,0,43,1,,,
5160,Hibernia_flute,Hibernia_flute.dds,0,43,1,,,
5161,bar_glow,bar_glow.dds,3,43,1,,,
5162,cthLegs_CATA_PSgood,cthLegs_CATA_PSgood.dds,0,0,4,2044,,
5163,cthGloves_CATA_PSgood,cthGloves_CATA_PSgood.dds,0,0,4,2045,,
5164,stdArms_CATA_PSgood,stdArms_CATA_PSgood.dds,0,0,4,2046,,
5165,stdBoots_CATA_PSgood,stdBoots_CATA_PSgood.dds,0,0,4,2047,,
5166,stdLegs_CATA_PSgood,stdLegs_CATA_PSgood.dds,0,0,4,2048,,
5167,stdGloves_CATA_PSgood,stdGloves_CATA_PSgood.dds,0,0,4,2049,,
5168,stdBody_CATA_PSgood_F,stdBody_CATA_PSgood_F.dds,0,0,4,2050,,
5169,stdBody_CATA_PSgood_M,stdBody_CATA_PSgood_M.dds,0,0,4,2051,,
5170,sclArms_CATA_PSgood,sclArms_CATA_PSgood.dds,0,0,4,2052,,
5171,sclBoots_CATA_PSgood,sclBoots_CATA_PSgood.dds,0,0,4,2053,,
5172,sclGloves_CATA_PSgood,sclGloves_CATA_PSgood.dds,0,0,4,2054,,
5173,sclLegs_CATA_PSgood,sclLegs_CATA_PSgood.dds,0,0,4,2055,,
5174,sclBody_CATA_PSgood_F,sclBody_CATA_PSgood_F.dds,0,0,4,2056,,
5175,sclBody_CATA_PSgood_M,sclBody_CATA_PSgood_M.dds,0,0,4,2057,,
5176,pltBody_CATA_PSgood_F,pltBody_CATA_PSgood_F.dds,0,0,4,2058,,
5177,pltBody_CATA_PSgood_M,pltBody_CATA_PSgood_M.dds,0,0,4,2059,,
5178,pltArms_CATA_PSgood,pltArms_CATA_PSgood.dds,0,0,4,2060,,
5179,pltBoots_CATA_PSgood,pltBoots_CATA_PSgood.dds,0,0,4,2061,,
5180,pltGloves_CATA_PSgood,pltGloves_CATA_PSgood.dds,0,0,4,2062,,
5181,plt_Legs_CATA_PSgood,plt_Legs_CATA_PSgood.dds,0,0,4,2063,,
5182,leaBody_CATA_PSgood_M,leaBody_CATA_PSgood_M.dds,0,0,4,2064,,
5183,leaBoots_CATA_PSgood,leaBoots_CATA_PSgood.dds,0,0,4,2065,,
5184,leaArms_CATA_PSgood,leaArms_CATA_PSgood.dds,0,0,4,2066,,
5185,leaLegs_CATA_PSgood,leaLegs_CATA_PSgood.dds,0,0,4,2067,,
5186,leaGloves_CATA_PSgood,leaGloves_CATA_PSgood.dds,0,0,4,2068,,
5187,leaBody_CATA_PSgood_F,leaBody_CATA_PSgood_F.dds,0,0,4,2069,,
5188,chnArms_CATA_PSgood,chnArms_CATA_PSgood.dds,0,0,4,2070,,
5189,chnBoots_CATA_PSgood,chnBoots_CATA_PSgood.dds,0,0,4,2071,,
5190,chnGloves_CATA_PSgood,chnGloves_CATA_PSgood.dds,0,0,4,2072,,
5191,chnLegs_CATA_PSgood,chnLegs_CATA_PSgood.dds,0,0,4,2073,,
5192,chnBody_CATA_PSgood_F,chnBody_CATA_PSgood_F.dds,0,0,4,2074,,
5193,chnBody_CATA_PSgood_M,chnBody_CATA_PSgood_M.dds,0,0,4,2075,,
5194,robBody_CATA_PSgood_F,robBody_CATA_PSgood_F.dds,0,0,4,2076,,
5195,robBody_CATA_PSgood_M,robBody_CATA_PSgood_M.dds,0,0,4,2077,,
5196,cthArms_CATA_PSgood,cthArms_CATA_PSgood.dds,0,0,4,2078,,
5197,cthBoots_CATA_PSgood,cthBoots_CATA_PSgood.dds,0,0,4,2079,,
5198,cthBody_CATA_PSgood_M,cthBody_CATA_PSgood_M.dds,0,0,4,2080,,
5199,cthBody_CATA_PSgood_F,cthBody_CATA_PSgood_F.dds,0,0,4,2081,,
5200,chnArms_CATA_PIbad,chnArms_CATA_PIbad.dds,0,0,4,2082,,
5201,chnArms_CATA_PIgood,chnArms_CATA_PIgood.dds,0,0,4,2083,,
5202,chnBody_CATA_PIbad_F,chnBody_CATA_PIbad_F.dds,0,0,4,2084,,
5203,chnBody_CATA_PIbad_M,chnBody_CATA_PIbad_M.dds,0,0,4,2085,,
5204,chnBody_CATA_PIgood_F,chnBody_CATA_PIgood_F.dds,0,0,4,2086,,
5205,chnBody_CATA_PIgood_M,chnBody_CATA_PIgood_M.dds,0,0,4,2087,,
5206,chnBoots_CATA_PIbad,chnBoots_CATA_PIbad.dds,0,0,4,2088,,
5207,chnBoots_CATA_PIgood,chnBoots_CATA_PIgood.dds,0,0,4,2089,,
5208,chnGloves_CATA_PIbad,chnGloves_CATA_PIbad.dds,0,0,4,2090,,
5209,chnGloves_CATA_PIgood,chnGloves_CATA_PIgood.dds,0,0,4,2091,,
5210,chnLegs_CATA_PIbad,chnLegs_CATA_PIbad.dds,0,0,4,2092,,
5211,chnLegs_CATA_PIgood,chnLegs_CATA_PIgood.dds,0,0,4,2093,,
5212,pltArms_CATA_PIBad,pltArms_CATA_PIBad.dds,0,0,4,2094,,
5213,pltArms_CATA_PIgood,pltArms_CATA_PIgood.dds,0,0,4,2095,,
5214,pltBody_CATA_PIBad_F,pltBody_CATA_PIBad_F.dds,0,0,4,2096,,
5215,pltBody_CATA_PIBad_M,pltBody_CATA_PIBad_M.dds,0,0,4,2097,,
5216,pltBody_CATA_PIgood_F,pltBody_CATA_PIgood_F.dds,0,0,4,2098,,
5217,pltBody_CATA_PIgood_M,pltBody_CATA_PIgood_M.dds,0,0,4,2099,,
5218,pltBoots_CATA_PIBad,pltBoots_CATA_PIBad.dds,0,0,4,2100,,
5219,pltBoots_CATA_PIgood,pltBoots_CATA_PIgood.dds,0,0,4,2101,,
5220,pltGloves_CATA_PIBad,pltGloves_CATA_PIBad.dds,0,0,4,2102,,
5221,pltGloves_CATA_PIgood,pltGloves_CATA_PIgood.dds,0,0,4,2103,,
5222,pltLegs_CATA_PIBad,pltLegs_CATA_PIBad.dds,0,0,4,2104,,
5223,pltLegs_CATA_PIgood,pltLegs_CATA_PIgood.dds,0,0,4,2105,,
5224,sclArms_CATA_Pibad,sclArms_CATA_Pibad.dds,0,0,4,2106,,
5225,sclArms_CATA_PIgood,sclArms_CATA_PIgood.dds,0,0,4,2107,,
5226,sclBody_CATA_Pibad_F,sclBody_CATA_Pibad_F.dds,0,0,4,2108,,
5227,sclBody_CATA_Pibad_M,sclBody_CATA_Pibad_M.dds,0,0,4,2109,,
5228,sclBody_CATA_PIgood_F,sclBody_CATA_PIgood_F.dds,0,0,4,2110,,
5229,sclBody_CATA_PIgood_M,sclBody_CATA_PIgood_M.dds,0,0,4,2111,,
5230,sclBoots_CATA_Pibad,sclBoots_CATA_Pibad.dds,0,0,4,2112,,
5231,sclBoots_CATA_PIgood,sclBoots_CATA_PIgood.dds,0,0,4,2113,,
5232,sclGloves_CATA_Pibad,sclGloves_CATA_Pibad.dds,0,0,4,2114,,
5233,sclGloves_CATA_PIgood,sclGloves_CATA_PIgood.dds,0,0,4,2115,,
5234,sclLegs_CATA_Pibad,sclLegs_CATA_Pibad.dds,0,0,4,2116,,
5235,sclLegs_CATA_PIgood,sclLegs_CATA_PIgood.dds,0,0,4,2117,,
5236,leaLegs_CATA_Pigood.dds,leaLegs_CATA_Pigood.dds,0,0,4,2118,,
5237,leaArms_CATA_PiCorrupt.dds,leaArms_CATA_PiCorrupt.dds,0,0,4,2119,,
5238,leaArms_CATA_Pigood.dds,leaArms_CATA_Pigood.dds,0,0,4,2120,,
5239,leaBody_CATA_PiCorrupt_F.dds,leaBody_CATA_PiCorrupt_F.dds,0,0,4,2121,,
5240,leaBody_CATA_PiCorrupt_M.dds,leaBody_CATA_PiCorrupt_M.dds,0,0,4,2122,,
5241,leaBody_CATA_Pigood_F.dds,leaBody_CATA_Pigood_F.dds,0,0,4,2123,,
5242,leaBody_CATA_Pigood_M.dds,leaBody_CATA_Pigood_M.dds,0,0,4,2124,,
5243,leaBoots_CATA_PiCorrupt.dds,leaBoots_CATA_PiCorrupt.dds,0,0,4,2125,,
5244,leaBoots_CATA_Pigood.dds,leaBoots_CATA_Pigood.dds,0,0,4,2126,,
5245,leaGloves_CATA_PiCorrupt.dds,leaGloves_CATA_PiCorrupt.dds,0,0,4,2127,,
5246,leaGloves_CATA_Pigood.dds,leaGloves_CATA_Pigood.dds,0,0,4,2128,,
5247,leaLegs_CATA_PiCorrupt.dds,leaLegs_CATA_PiCorrupt.dds,0,0,4,2129,,
5248,CthLegs_CATA_Pigood.dds,CthLegs_CATA_Pigood.dds,0,0,4,2130,,
5249,CthArms_CATA_PiCorrupt.dds,CthArms_CATA_PiCorrupt.dds,0,0,4,2131,,
5250,CthArms_CATA_Pigood.dds,CthArms_CATA_Pigood.dds,0,0,4,2132,,
5251,CthBody_CATA_PiCorrupt_F.dds,CthBody_CATA_PiCorrupt_F.dds,0,0,4,2133,,
5252,CthBody_CATA_PiCorrupt_M.dds,CthBody_CATA_PiCorrupt_M.dds,0,0,4,2134,,
5253,CthBody_CATA_Pigood_F.dds,CthBody_CATA_Pigood_F.dds,0,0,4,2135,,
5254,CthBody_CATA_Pigood_M.dds,CthBody_CATA_Pigood_M.dds,0,0,4,2136,,
5255,CthBoots_CATA_PiCorrupt.dds,CthBoots_CATA_PiCorrupt.dds,0,0,4,2137,,
5256,CthBoots_CATA_Pigood.dds,CthBoots_CATA_Pigood.dds,0,0,4,2138,,
5257,CthGloves_CATA_PiCorrupt.dds,CthGloves_CATA_PiCorrupt.dds,0,0,4,2139,,
5258,CthGloves_CATA_Pigood.dds,CthGloves_CATA_Pigood.dds,0,0,4,2140,,
5259,CthLegs_CATA_PiCorrupt.dds,CthLegs_CATA_PiCorrupt.dds,0,0,4,2141,,
5260,RobBody_CATA_Pigood_F.dds,RobBody_CATA_Pigood_F.dds,0,0,4,2142,,
5261,RobBody_CATA_Pigood_M.dds,RobBody_CATA_Pigood_M.dds,0,0,4,2143,,
5262,chnArms_CATA_PSevil.dds,chnArms_CATA_PSevil.dds,0,0,4,2144,,
5263,chnBody_CATA_PSevil_F.dds,chnBody_CATA_PSevil_F.dds,0,0,4,2145,,
5264,chnBody_CATA_PSevil_M.dds,chnBody_CATA_PSevil_M.dds,0,0,4,2146,,
5265,chnBoots_CATA_PSevil.dds,chnBoots_CATA_PSevil.dds,0,0,4,2147,,
5266,chnGloves_CATA_PSevil.dds,chnGloves_CATA_PSevil.dds,0,0,4,2148,,
5267,chnLegs_CATA_PSevil.dds,chnLegs_CATA_PSevil.dds,0,0,4,2149,,
5268,cthArms_CATA_PSevil.dds,cthArms_CATA_PSevil.dds,0,0,4,2150,,
5269,cthBody_CATA_PSevil_F.dds,cthBody_CATA_PSevil_F.dds,0,0,4,2151,,
5270,cthBody_CATA_PSevil_M.dds,cthBody_CATA_PSevil_M.dds,0,0,4,2152,,
5271,cthBoots_CATA_PSevil.dds,cthBoots_CATA_PSevil.dds,0,0,4,2153,,
5272,cthGloves_CATA_PSevil.dds,cthGloves_CATA_PSevil.dds,0,0,4,2154,,
5273,cthLegs_CATA_PSevil.dds,cthLegs_CATA_PSevil.dds,0,0,4,2155,,
5274,leaArms_CATA_PSevil.dds,leaArms_CATA_PSevil.dds,0,0,4,2156,,
5275,leaBody_CATA_PSevil_F.dds,leaBody_CATA_PSevil_F.dds,0,0,4,2157,,
5276,leaBody_CATA_PSevil_M.dds,leaBody_CATA_PSevil_M.dds,0,0,4,2158,,
5277,leaBoots_CATA_PSevil.dds,leaBoots_CATA_PSevil.dds,0,0,4,2159,,
5278,leaGloves_CATA_PSevil.dds,leaGloves_CATA_PSevil.dds,0,0,4,2160,,
5279,leaLegs_CATA_PSevil.dds,leaLegs_CATA_PSevil.dds,0,0,4,2161,,
5280,plt_Legs_CATA_PSevil.dds,plt_Legs_CATA_PSevil.dds,0,0,4,2162,,
5281,pltArms_CATA_PSevil.dds,pltArms_CATA_PSevil.dds,0,0,4,2163,,
5282,pltBody_CATA_PSevil_F.dds,pltBody_CATA_PSevil_F.dds,0,0,4,2164,,
5283,pltBody_CATA_PSevil_M.dds,pltBody_CATA_PSevil_M.dds,0,0,4,2165,,
5284,pltBoots_CATA_PSevil.dds,pltBoots_CATA_PSevil.dds,0,0,4,2166,,
5285,pltGloves_CATA_PSevil.dds,pltGloves_CATA_PSevil.dds,0,0,4,2167,,
5286,robBody_CATA_PSevil_F.dds,robBody_CATA_PSevil_F.dds,0,0,4,2168,,
5287,robBody_CATA_PSevil_M.dds,robBody_CATA_PSevil_M.dds,0,0,4,2169,,
5288,sclArms_CATA_PSevil.dds,sclArms_CATA_PSevil.dds,0,0,4,2170,,
5289,sclBody_CATA_PSevil_F.dds,sclBody_CATA_PSevil_F.dds,0,0,4,2171,,
5290,sclBody_CATA_PSevil_M.dds,sclBody_CATA_PSevil_M.dds,0,0,4,2172,,
5291,sclBoots_CATA_PSevil.dds,sclBoots_CATA_PSevil.dds,0,0,4,2173,,
5292,sclGloves_CATA_PSevil.dds,sclGloves_CATA_PSevil.dds,0,0,4,2174,,
5293,sclLegs_CATA_PSevil.dds,sclLegs_CATA_PSevil.dds,0,0,4,2175,,
5294,stdArms_CATA_PSevil.dds,stdArms_CATA_PSevil.dds,0,0,4,2176,,
5295,stdBody_CATA_PSevil_F.dds,stdBody_CATA_PSevil_F.dds,0,0,4,2177,,
5296,stdBody_CATA_PSevil_M.dds,stdBody_CATA_PSevil_M.dds,0,0,4,2178,,
5297,stdBoots_CATA_PSevil.dds,stdBoots_CATA_PSevil.dds,0,0,4,2179,,
5298,stdGloves_CATA_PSevil.dds,stdGloves_CATA_PSevil.dds,0,0,4,2180,,
5299,stdLegs_CATA_PSevil.dds,stdLegs_CATA_PSevil.dds,0,0,4,2181,,
5300,stdLegs_CATA_Pigood.dds,stdLegs_CATA_Pigood.dds,0,0,4,2188,,
5301,stdArms_CATA_Pigood.dds,stdArms_CATA_Pigood.dds,0,0,4,2189,,
5302,stdBody_CATA_Pigood_F.dds,stdBody_CATA_Pigood_F.dds,0,0,4,2190,,
5303,stdBody_CATA_Pigood_M.dds,stdBody_CATA_Pigood_M.dds,0,0,4,2191,,
5304,stdBoots_CATA_Pigood.dds,stdBoots_CATA_Pigood.dds,0,0,4,2192,,
5305,stdGloves_CATA_Pigood.dds,stdGloves_CATA_Pigood.dds,0,0,4,2193,,
5306,stdBody_CATA_Pievil_F.dds,stdBody_CATA_Pievil_F.dds,0,0,4,2194,,
5307,stdBody_CATA_Pievil_M.dds,stdBody_CATA_Pievil_M.dds,0,0,4,2195,,
5308,stdLegs_CATA_Pievil.dds,stdLegs_CATA_Pievil.dds,0,0,4,2196,,
5309,stdArms_CATA_Pievil.dds,stdArms_CATA_Pievil.dds,0,0,4,2197,,
5310,stdBoots_CATA_Pievil.dds,stdBoots_CATA_Pievil.dds,0,0,4,2198,,
5311,stdGloves_CATA_Pievil.dds,stdGloves_CATA_Pievil.dds,0,0,4,2199,,
5312,cthArms01_M1.dds,cthArms01_M1.dds,0,0,4,2219,,
5313,cthArms01_M2.dds,cthArms01_M2.dds,0,0,4,2220,,
5314,cthArms01_M3.dds,cthArms01_M3.dds,0,0,4,2221,,
5315,cthBody01_M1_F.dds,cthBody01_M1_F.dds,0,0,4,2222,,
5316,cthBody01_M1_M.dds,cthBody01_M1_M.dds,0,0,4,2223,,
5317,cthBody01_M2_F.dds,cthBody01_M2_F.dds,0,0,4,2224,,
5318,cthBody01_M2_M.dds,cthBody01_M2_M.dds,0,0,4,2225,,
5319,cthBody01_M3_F.dds,cthBody01_M3_F.dds,0,0,4,2226,,
5320,cthBody01_M3_M.dds,cthBody01_M3_M.dds,0,0,4,2227,,
5321,cthBoots01_M1.dds,cthBoots01_M1.dds,0,0,4,2228,,
5322,cthBoots01_M2.dds,cthBoots01_M2.dds,0,0,4,2229,,
5323,cthBoots01_M3.dds,cthBoots01_M3.dds,0,0,4,2230,,
5324,cthGloves01_M1.dds,cthGloves01_M1.dds,0,0,4,2231,,
5325,cthGloves01_M2.dds,cthGloves01_M2.dds,0,0,4,2232,,
5326,cthLegs01_M1.dds,cthLegs01_M1.dds,0,0,4,2233,,
5327,cthLegs01_M2.dds,cthLegs01_M2.dds,0,0,4,2234,,
5328,cthLegs01_M3.dds,cthLegs01_M3.dds,0,0,4,2235,,
5329,Guild Banner Trophy,bannercloth.dds,0,44,4,,,
5330,Barding_Horse_Generic.dds,Barding_Horse_Generic.dds,0,45,4,,,
5331,New Albion Sorcerer Epic Boot,Sorcerer_boot.dds,0,0,4,2287,,
5332,New Albion Sorcerer Epic Gloves,Sorcerer_glove.dds,0,0,4,2288,,
5333,admorenth_staff.dds,admorenth_staff.dds,0,0,5,2289,,
5334,New Albion Epic Sorcerer Robe - F,robBody01_Epic_Sorcerer_f.dds,0,0,4,2297,,
5335,New Albion Epic Sorcerer Robe - M,robBody01_Epic_Sorcerer_m.dds,0,0,4,2298,,
5336,New Midgard Thane Epic Gloves,chnGloves01_Epic_Thane.dds,0,0,4,2299,,
5337,New Midgard Bezerker Epic Arms,cthArms01_Epic_Bezerker.dds,0,0,4,2300,,
5338,New Hibernian Blademaster Epic Arms,cthArms01_Epic_Blademaster.dds,0,0,4,2301,,
5339,New Midgard Hunter Epic Arms,cthArms01_Epic_Hunter.dds,0,0,4,2302,,
5340,New Albion Minstrel Epic Arms,cthArms01_Epic_Minstrel.dds,0,0,4,2303,,
5341,New Midgard Thane Epic Arms,cthArms01_Epic_Thane.dds,0,0,4,2304,,
5342,New Midgard Bezerker Epic Legs,cthLegs01_Epic_Bezerker.dds,0,0,4,2305,,
5343,New Hibernian Blademaster Epic Legs,cthLegs01_Epic_Blademaster.dds,0,0,4,2306,,
5344,New Midgard Hunter Epic Legs,cthLegs01_Epic_Hunter.dds,0,0,4,2307,,
5345,New Albion Minstrel Epic Legs,cthLegs01_Epic_Minstrel.dds,0,0,4,2308,,
5346,New Midgard Thane Epic Legs,cthLegs01_Epic_Thane.dds,0,0,4,2309,,
5347,New Midgard Bezerker Epic Vest - F,leaBody05_Epic_Bezerker_f.dds,0,0,4,2310,,
5348,New Midgard Bezerker Epic Vest - M,leaBody05_Epic_Bezerker_m.dds,0,0,4,2311,,
5349,New Midgard Hunter Epic Vest - F,leaBody05_Epic_Hunter_f.dds,0,0,4,2312,,
5350,New Midgard Hunter Epic Vest - M,leaBody05_Epic_Hunter_m.dds,0,0,4,2313,,
5351,New Midgard Bezerker Epic Boots,leaBoots01_Epic_Bezerker.dds,0,0,4,2314,,
5352,New Hibernian Blademaster Epic Boots,leaBoots01_Epic_Blademaster.dds,0,0,4,2315,,
5353,New Midgard Hunter Epic Boots,leaBoots01_Epic_Hunter.dds,0,0,4,2316,,
5354,New Midgard Bezerker Epic Gloves,leaGloves01_Epic_Bezerker.dds,0,0,4,2317,,
5355,New Hibernian Blademaster Epic Gloves,leaGloves01_Epic_Blademaster.dds,0,0,4,2318,,
5356,New Midgard Hunter Epic Gloves,leaGloves01_Epic_Hunter.dds,0,0,4,2319,,
5357,New Albion Minstrel Epic Vest - F,pltBody01_Epic_minstrel_f.dds,0,0,4,2320,,
5358,New Albion Minstrel Epic Vest - M,pltBody01_Epic_Minstrel_m.dds,0,0,4,2321,,
5359,New Albion Minstrel Epic Boots,pltBoots01_Epic_Minstrel.dds,0,0,4,2322,,
5360,New Albion Minstrel Epic Gloves,pltGloves01_Epic_Minstrel.dds,0,0,4,2323,,
5361,New Hibernian Blademaster Epic Vest - F,renBody03_Epic_Blademaster_f.dds,0,0,4,2324,,
5362,New Hibernian Blademaster Epic Vest - M,renBody03_Epic_Blademaster_m.dds,0,0,4,2325,,
5363,New Midgard Thane Epic Vest - F,chnBody04_Epic_Thane_f.dds,0,0,4,2326,,
5364,New Midgard Thane Epic Vest - M,chnBody04_Epic_Thane_m.dds,0,0,4,2327,,
5365,New Midgard Thane Epic Boots,chnBoots01_Epic_Thane.dds,0,0,4,2328,,
5366,TOA_Afct_Battlerhammer_gloss.dds,TOA_Afct_Battlerhammer_gloss.dds,4,46,1,0,,
5367,TOA_Afct_TraitorsAxe_gloss.dds,TOA_Afct_TraitorsAxe_gloss.dds,4,46,1,0,,
5368,TOA_Afct_CrocodilesToothAxe_Gloss.dds,TOA_Afct_CrocodilesToothAxe_Gloss.dds,4,46,1,0,,
5369,TOA_Afct_MaliceHammer_Gloss.dds,TOA_Afct_MaliceHammer_Gloss.dds,4,46,1,0,,
5370,TOA_Afct_Scytheofkings_Gloss.dds,TOA_Afct_Scytheofkings_Gloss.dds,4,46,1,0,,
5371,Revamp Bonedancer Skel Helm,BoneDancerHelm01.dds,0,47,4,0,,
5372,Hib Mauler Epic Gloves,Lab_Epic_Hib_Mauler_Lea1_gloves.dds,0,0,4,2415,,
5373,Hib Mauler Epic Legs,Lab_Epic_Hib_Mauler_Lea1_legs.dds,0,0,4,2416,,
5374,Hib Mauler Epic Arms,Lab_Epic_Hib_Mauler_Lea1_arms.dds,0,0,4,2417,,
5375,Hib Mauler Epic Body Female,Lab_Epic_Hib_Mauler_Lea1_body1f.dds,0,0,4,2418,,
5376,Hib Mauler Epic Body Male,Lab_Epic_Hib_Mauler_Lea1_body1m.dds,0,0,4,2419,,
5377,Hib Mauler Epic Boots,Lab_Epic_Hib_Mauler_Lea1_boots.dds,0,0,4,2420,,
5378,Mid Mauler Epic Arms,Mid Mauler Epic Arms.dds,0,0,4,2421,,
5379,Mid Mauler Epic Body Female,Mid Mauler Epic Body Female.dds,0,0,4,2422,,
5380,Mid Mauler Epic Body Male,Mid Mauler Epic Body Male.dds,0,0,4,2423,,
5381,Mid Mauler Epic Body Boots,Mid Mauler Epic Body Boots.dds,0,0,4,2424,,
5382,Mid Mauler Epic Gloves,Mid Mauler Epic Gloves.dds,0,0,4,2425,,
5383,Mid Mauler Epic Legs,Mid Mauler Epic Legs.dds,0,0,4,2426,,
5384,Corrupt Chain Female Body,lab_corruptmino_chn1_body1f.dds,0,0,4,2427,,
5385,Corrupt Chain Male Body,lab_corruptmino_chn1_body1m.dds,0,0,4,2428,,
5386,Corrupt Chain Boots,lab_corruptmino_chn1_boot1.dds,0,0,4,2429,,
5387,Corrupt Chain Gloves,lab_corruptmino_chn1_glove1.dds,0,0,4,2430,,
5388,Corrupt Chain Legs,lab_corruptmino_chn1_leg1.dds,0,0,4,2431,,
5389,Corrupt Chain Arms,lab_corruptmino_chn1_arm1.dds,0,0,4,2432,,
5390,Corrupt Leather Arms,lab_corruptmino_lea1_arm1.dds,0,0,4,2433,,
5391,Corrupt Leather Female Body,lab_corruptmino_lea1_body1f.dds,0,0,4,2434,,
5392,Corrupt Leather Male Body,lab_corruptmino_lea1_body1m.dds,0,0,4,2435,,
5393,Corrupt Leather Boots,lab_corruptmino_lea1_boot1.dds,0,0,4,2436,,
5394,Corrupt Leather Gloves,lab_corruptmino_lea1_glove1.dds,0,0,4,2437,,
5395,Corrupt Leather Legs,lab_corruptmino_lea1_leg1.dds,0,0,4,2438,,
5396,Corrupt Plate Arms,lab_corruptmino_plt1_arm1.dds,0,0,4,2439,,
5397,Corrupt Plate Female Body,lab_corruptmino_plt1_body1f.dds,0,0,4,2440,,
5398,Corrupt Plate Male Body,lab_corruptmino_plt1_body1m.dds,0,0,4,2441,,
5399,Corrupt Plate Boots,lab_corruptmino_plt1_boot1.dds,0,0,4,2442,,
5400,Corrupt Plate Gloves,lab_corruptmino_plt1_glove1.dds,0,0,4,2443,,
5401,Corrupt Plate Legs,lab_corruptmino_plt1_leg1.dds,0,0,4,2444,,
5402,Corrupt Robe Female,lab_corruptmino_rob1_body1f.dds,0,0,4,2445,,
5403,Corrupt Robe Male,lab_corruptmino_rob1_body1m.dds,0,0,4,2446,,
5404,Corrupt Scale Female Body,lab_corruptmino_scl1_body1f.dds,0,0,4,2447,,
5405,Corrupt Scale Male Body,lab_corruptmino_scl1_body1m.dds,0,0,4,2448,,
5406,Corrupt Scale Boots,lab_corruptmino_scl1_boot1.dds,0,0,4,2449,,
5407,Corrupt Scale Gloves,lab_corruptmino_scl1_glove1.dds,0,0,4,2450,,
5408,Corrupt Scale Legs,lab_corruptmino_scl1_leg1.dds,0,0,4,2451,,
5409,Corrupt Scale Arms,lab_corruptmino_scl1_arm1.dds,0,0,4,2452,,
5410,Corrupt Studded Arms,lab_corruptmino_std1_arm1.dds,0,0,4,2453,,
5411,Corrupt Studded Female Body,lab_corruptmino_std1_body1f.dds,0,0,4,2454,,
5412,Corrupt Studded Male Body,lab_corruptmino_std1_body1m.dds,0,0,4,2455,,
5413,Corrupt Studded Boots,lab_corruptmino_std1_boot1.dds,0,0,4,2456,,
5414,Corrupt Studded Gloves,lab_corruptmino_std1_glove1.dds,0,0,4,2457,,
5415,Corrupt Studded Legs,lab_corruptmino_std1_leg1.dds,0,0,4,2458,,
5416,Mino Plate Female Body,lab_mino_plt1_body1f.dds,0,0,4,2459,,
5417,Mino Plate Male Body,lab_mino_plt1_body1m.dds,0,0,4,2460,,
5418,Mino Plate Boots,lab_mino_plt1_boot1.dds,0,0,4,2461,,
5419,Mino Plate Gloves,lab_mino_plt1_glove1.dds,0,0,4,2462,,
5420,Mino Plate Legs,lab_mino_plt1_leg1.dds,0,0,4,2463,,
5421,Mino Plate Arms,lab_mino_plt1_arm1.dds,0,0,4,2464,,
5422,Mino Robe Female,lab_mino_rob1_body1f.dds,0,0,4,2465,,
5423,Mino Robe Male,lab_mino_rob1_body1m.dds,0,0,4,2466,,
5424,Mino Scale Arms,lab_mino_scl1_arm1.dds,0,0,4,2467,,
5425,Mino Scale Female Body,lab_mino_scl1_body1f.dds,0,0,4,2468,,
5426,Mino Scale Male Body,lab_mino_scl1_body1m.dds,0,0,4,2469,,
5427,Mino Scale Boots,lab_mino_scl1_boot1.dds,0,0,4,2470,,
5428,Mino Scale Gloves,lab_mino_scl1_glove1.dds,0,0,4,2471,,
5429,Mino Scale Legs,lab_mino_scl1_leg1.dds,0,0,4,2472,,
5430,Mino Studded Arms,lab_mino_std1_arm1.dds,0,0,4,2473,,
5431,Mino Studded Female Body,lab_mino_std1_body1f.dds,0,0,4,2474,,
5432,Mino Studded Male Body,lab_mino_std1_body1m.dds,0,0,4,2475,,
5433,Mino Studded Boots,lab_mino_std1_boot1.dds,0,0,4,2476,,
5434,Mino Studded Gloves,lab_mino_std1_glove1.dds,0,0,4,2477,,
5435,Mino Studded Legs,lab_mino_std1_leg1.dds,0,0,4,2478,,
5436,Mino Chain Arms,lab_mino_chn1_arm1.dds,0,0,4,2479,,
5437,Mino Chain Female Body,lab_mino_chn1_body1f.dds,0,0,4,2480,,
5438,Mino Chain Male Body,lab_mino_chn1_body1m.dds,0,0,4,2481,,
5439,Mino Chain Boots,lab_mino_chn1_boot1.dds,0,0,4,2482,,
5440,Mino Chain Gloves,lab_mino_chn1_glove1.dds,0,0,4,2483,,
5441,Mino Chain Legs,lab_mino_chn1_leg1.dds,0,0,4,2484,,
5442,Mino Leather Arms,lab_mino_lea1_arm1.dds,0,0,4,2485,,
5443,Mino Leather Body Female,lab_mino_lea1_body1f.dds,0,0,4,2486,,
5444,Mino Leather Body Male,lab_mino_lea1_body1m.dds,0,0,4,2487,,
5445,Mino Leather Boots,lab_mino_lea1_boot1.dds,0,0,4,2488,,
5446,Mino Leather Gloves,lab_mino_lea1_glove1.dds,0,0,4,2489,,
5447,Mino Leather Legs,lab_mino_lea1_leg1.dds,0,0,4,2490,,
5448,Corrupt Mino Cloak 1,lab_corruptmino_cloak1.dds,0,47,4,0,,
5449,Corrupt Mino Cloak 2,lab_corruptmino_cloak2.dds,0,47,4,0,,
5450,Corrupt Mino Cloak 3,lab_corruptmino_cloak3.dds,0,47,4,0,,
5451,Regular Mino Cloak 1,lab_mino_cloak1.dds,0,47,4,0,,
5452,Regular Mino Cloak 2,lab_mino_cloak2.dds,0,47,4,0,,
5453,Regular Mino Cloak 3,lab_mino_cloak3.dds,0,47,4,0,,
5454,Mid Mauler Epic Body Male,Lab_Epic_Alb_Mauler_Lea1_body1m.dds,0,0,4,2491,,
5455,Mid Mauler Epic Body Boots,Lab_Epic_Alb_Mauler_Lea1_boots.dds,0,0,4,2492,,
5456,Mid Mauler Epic Gloves,Lab_Epic_Alb_Mauler_Lea1_gloves.dds,0,0,4,2493,,
5457,Mid Mauler Epic Legs,Lab_Epic_Alb_Mauler_Lea1_legs.dds,0,0,4,2494,,
5458,Mid Mauler Epic Arms,Lab_Epic_Alb_Mauler_Lea1_arms.dds,0,0,4,2495,,
5459,Mid Mauler Epic Body Female,Lab_Epic_Alb_Mauler_Lea1_body1f.dds,0,0,4,2496,,
5460,Mino Cloth Arms,lab_mino_cth1_arm1.dds,0,0,4,2497,,
5461,Mino Cloth Legs,lab_mino_cth1_leg1.dds,0,0,4,2498,,
5462,Mino Cloth Gloves,lab_mino_cth1_glove1.dds,0,0,4,2499,,
5463,Mino Cloth Boots,lab_mino_cth1_boot1.dds,0,0,4,2500,,
5464,Corrupt Cloth Mino Boots,lab_corruptmino_cth1_boot1.dds,0,0,4,2501,,
5465,Corrupt Cloth Mino Arms,lab_corruptmino_cth1_arm1.dds,0,0,4,2502,,
5466,Corrupt Cloth Mino Legs,lab_corruptmino_cth1_leg1.dds,0,0,4,2503,,
5467,Corrupt Cloth Mino Gloves,lab_corruptmino_cth1_glove1.dds,0,0,4,2504,,
5468,Corrupt Mino Cloth Body Female,lab_corruptmino_cth1_body1f.dds,0,0,4,2505,,
5469,Corrupt Mino Cloth Body Male,lab_corruptmino_cth1_body1m.dds,0,0,4,2506,,
5470,Mino Cloth Body Female,lab_mino_cth1_body1f.dds,0,0,4,2507,,
5471,Mino Cloth Body Male,lab_mino_cth1_body1m.dds,0,0,4,2508,,
5472,bainshee_startvest01.dds,bainshee_startvest01.dds,0,0,4,2509,,
5473,cloak_holiday_valentines_01.dds,cloak_holiday_valentines_01.dds,0,47,4,0,,
5474,ADR_werewolf_startskin.dds,ADR_werewolf_startskin.dds,0,0,4,2512,,
5475,ADR_DragonSworn_cth01_body01m.dds,ADR_DragonSworn_cth01_body01m.dds,0,0,4,2513,,
5476,ADR_DragonSworn_cth01_boots01.dds,ADR_DragonSworn_cth01_boots01.dds,0,0,4,2514,,
5477,ADR_DragonSworn_cth01_gloves01.dds,ADR_DragonSworn_cth01_gloves01.dds,0,0,4,2515,,
5478,ADR_DragonSworn_cth01_legs01.dds,ADR_DragonSworn_cth01_legs01.dds,0,0,4,2516,,
5479,ADR_DragonSworn_cth01_arms01.dds,ADR_DragonSworn_cth01_arms01.dds,0,0,4,2517,,
5480,ADR_DragonSworn_cth01_body01f.dds,ADR_DragonSworn_cth01_body01f.dds,0,0,4,2518,,
5481,ADR_DragonSworn_lea01_arms01.dds,ADR_DragonSworn_lea01_arms01.dds,0,0,4,2519,,
5482,ADR_DragonSworn_lea01_body01f.dds,ADR_DragonSworn_lea01_body01f.dds,0,0,4,2520,,
5483,ADR_DragonSworn_lea01_body01m.dds,ADR_DragonSworn_lea01_body01m.dds,0,0,4,2521,,
5484,ADR_DragonSworn_lea01_boots01.dds,ADR_DragonSworn_lea01_boots01.dds,0,0,4,2522,,
5485,ADR_DragonSworn_lea01_gloves01.dds,ADR_DragonSworn_lea01_gloves01.dds,0,0,4,2523,,
5486,ADR_DragonSworn_lea01_legs01.dds,ADR_DragonSworn_lea01_legs01.dds,0,0,4,2524,,
5487,ADR_DragonSworn_std01_arms01.dds,ADR_DragonSworn_std01_arms01.dds,0,0,4,2525,,
5488,ADR_DragonSworn_std01_body01f.dds,ADR_DragonSworn_std01_body01f.dds,0,0,4,2526,,
5489,ADR_DragonSworn_std01_body01m.dds,ADR_DragonSworn_std01_body01m.dds,0,0,4,2527,,
5490,ADR_DragonSworn_std01_boots01.dds,ADR_DragonSworn_std01_boots01.dds,0,0,4,2528,,
5491,ADR_DragonSworn_std01_gloves01.dds,ADR_DragonSworn_std01_gloves01.dds,0,0,4,2529,,
5492,ADR_DragonSworn_std01_legs01.dds,ADR_DragonSworn_std01_legs01.dds,0,0,4,2530,,
5493,ADR_DragonSworn_scl01_arms1.dds,ADR_DragonSworn_scl01_arms1.dds,0,0,4,2531,,
5494,ADR_DragonSworn_scl01_body1f.dds,ADR_DragonSworn_scl01_body1f.dds,0,0,4,2532,,
5495,ADR_DragonSworn_scl01_body1m.dds,ADR_DragonSworn_scl01_body1m.dds,0,0,4,2533,,
5496,ADR_DragonSworn_scl01_boots1.dds,ADR_DragonSworn_scl01_boots1.dds,0,0,4,2534,,
5497,ADR_DragonSworn_scl01_gloves1.dds,ADR_DragonSworn_scl01_gloves1.dds,0,0,4,2535,,
5498,ADR_DragonSworn_scl01_legs1.dds,ADR_DragonSworn_scl01_legs1.dds,0,0,4,2536,,
5499,ADR_DragonSworn_chn01_arms01.dds,ADR_DragonSworn_chn01_arms01.dds,0,0,4,2537,,
5500,ADR_DragonSworn_chn01_body01f.dds,ADR_DragonSworn_chn01_body01f.dds,0,0,4,2538,,
5501,ADR_DragonSworn_chn01_body01m.dds,ADR_DragonSworn_chn01_body01m.dds,0,0,4,2539,,
5502,ADR_DragonSworn_chn01_boots01.dds,ADR_DragonSworn_chn01_boots01.dds,0,0,4,2540,,
5503,ADR_DragonSworn_chn01_gloves01.dds,ADR_DragonSworn_chn01_gloves01.dds,0,0,4,2541,,
5504,ADR_DragonSworn_chn01_legs01.dds,ADR_DragonSworn_chn01_legs01.dds,0,0,4,2542,,
5505,ADR_DragonSworn_plt01_arms01.dds,ADR_DragonSworn_plt01_arms01.dds,0,0,4,2543,,
5506,ADR_DragonSworn_plt01_body01f.dds,ADR_DragonSworn_plt01_body01f.dds,0,0,4,2544,,
5507,ADR_DragonSworn_plt01_body01m.dds,ADR_DragonSworn_plt01_body01m.dds,0,0,4,2545,,
5508,ADR_DragonSworn_plt01_boots01.dds,ADR_DragonSworn_plt01_boots01.dds,0,0,4,2546,,
5509,ADR_DragonSworn_plt01_gloves01.dds,ADR_DragonSworn_plt01_gloves01.dds,0,0,4,2547,,
5510,ADR_DragonSworn_plt01_legs01.dds,ADR_DragonSworn_plt01_legs01.dds,0,0,4,2548,,
5511,ADR_DragonSworn_rob01_body01f.dds,ADR_DragonSworn_rob01_body01f.dds,0,0,4,2549,,
5512,ADR_DragonSworn_rob01_body01m.dds,ADR_DragonSworn_rob01_body01m.dds,0,0,4,2550,,
5513,ADR_Dragonsworn_Cloak_ornate.dds,ADR_Dragonsworn_Cloak_ornate.dds,0,46,4,0,,
5514,ADR_Dragonsworn_Cloak_standard.dds,ADR_Dragonsworn_Cloak_standard.dds,0,46,4,0,,
5515,ADR_Dragonsworn_Cloak_emblem.dds,ADR_Dragonsworn_Cloak_emblem.dds,0,46,4,0,,
5516,ADR_Hibernia_realmcloak01.dds,ADR_Hibernia_realmcloak01.dds,0,46,4,0,,
5517,ADR_Albion_realmcloak01.dds,ADR_Albion_realmcloak01.dds,0,46,4,0,,
5518,ADR_Midgard_realmcloak01.dds,ADR_Midgard_realmcloak01.dds,0,46,4,0,,
5519,ADR_Dragonsworn_Helm_Leather.dds,ADR_Dragonsworn_Helm_Leather.dds,0,49,4,0,,
5520,ADR_Dragonsworn_Helm_Plate.dds,ADR_Dragonsworn_Helm_Plate.dds,0,49,4,0,,
5521,ADR_Dragonsworn_Helm_Scale.dds,ADR_Dragonsworn_Helm_Scale.dds,0,49,4,0,,
5522,ADR_Dragonsworn_Helm_St_Leather.dds,ADR_Dragonsworn_Helm_St_Leather.dds,0,49,4,0,,
5523,ADR_Dragonsworn_Helm_Chain_Alb.dds,ADR_Dragonsworn_Helm_Chain_Alb.dds,0,49,4,0,,
5524,ADR_Dragonsworn_Helm_Chain_Mid.dds,ADR_Dragonsworn_Helm_Chain_Mid.dds,0,49,4,0,,
5525,ADR_Dragonsworn_Helm_Cloth_Robe.dds,ADR_Dragonsworn_Helm_Cloth_Robe.dds,0,49,4,0,,
5526,ADR_DragonSlayer_Albion_plt01_body01f.dds,ADR_DragonSlayer_Albion_plt01_body01f.dds,0,0,4,2552,,
5527,ADR_DragonSlayer_Albion_plt01_body01m.dds,ADR_DragonSlayer_Albion_plt01_body01m.dds,0,0,4,2553,,
5528,ADR_DragonSlayer_Albion_plt01_boots01.dds,ADR_DragonSlayer_Albion_plt01_boots01.dds,0,0,4,2554,,
5529,ADR_DragonSlayer_Albion_plt01_gloves01.dds,ADR_DragonSlayer_Albion_plt01_gloves01.dds,0,0,4,2555,,
5530,ADR_DragonSlayer_Albion_plt01_arms01.dds,ADR_DragonSlayer_Albion_plt01_arms01.dds,0,0,4,2556,,
5531,ADR_DragonSlayer_Albion_plt01_legs01.dds,ADR_DragonSlayer_Albion_plt01_legs01.dds,0,0,4,2557,,
5532,ADR_DragonSlayer_Albion_std01_body01f.dds,ADR_DragonSlayer_Albion_std01_body01f.dds,0,0,4,2558,,
5533,ADR_DragonSlayer_Albion_std01_body01m.dds,ADR_DragonSlayer_Albion_std01_body01m.dds,0,0,4,2559,,
5534,ADR_DragonSlayer_Albion_std01_boots01.dds,ADR_DragonSlayer_Albion_std01_boots01.dds,0,0,4,2560,,
5535,ADR_DragonSlayer_Albion_std01_gloves01.dds,ADR_DragonSlayer_Albion_std01_gloves01.dds,0,0,4,2561,,
5536,ADR_DragonSlayer_Albion_std01_arms01.dds,ADR_DragonSlayer_Albion_std01_arms01.dds,0,0,4,2562,,
5537,ADR_DragonSlayer_Albion_std01_legs01.dds,ADR_DragonSlayer_Albion_std01_legs01.dds,0,0,4,2563,,
5538,ADR_DragonSlayer_Albion_scl01_body01f.dds,ADR_DragonSlayer_Albion_scl01_body01f.dds,0,0,4,2564,,
5539,ADR_DragonSlayer_Albion_scl01_body01m.dds,ADR_DragonSlayer_Albion_scl01_body01m.dds,0,0,4,2565,,
5540,ADR_DragonSlayer_Albion_scl01_boots01.dds,ADR_DragonSlayer_Albion_scl01_boots01.dds,0,0,4,2566,,
5541,ADR_DragonSlayer_Albion_scl01_gloves01.dds,ADR_DragonSlayer_Albion_scl01_gloves01.dds,0,0,4,2567,,
5542,ADR_DragonSlayer_Albion_scl01_arms01.dds,ADR_DragonSlayer_Albion_scl01_arms01.dds,0,0,4,2568,,
5543,ADR_DragonSlayer_Albion_scl01_legs01.dds,ADR_DragonSlayer_Albion_scl01_legs01.dds,0,0,4,2569,,
5544,ADR_DragonSlayer_Albion_lea01_body01f.dds,ADR_DragonSlayer_Albion_lea01_body01f.dds,0,0,4,2570,,
5545,ADR_DragonSlayer_Albion_lea01_body01m.dds,ADR_DragonSlayer_Albion_lea01_body01m.dds,0,0,4,2571,,
5546,ADR_DragonSlayer_Albion_lea01_boots01.dds,ADR_DragonSlayer_Albion_lea01_boots01.dds,0,0,4,2572,,
5547,ADR_DragonSlayer_Albion_lea01_gloves01.dds,ADR_DragonSlayer_Albion_lea01_gloves01.dds,0,0,4,2573,,
5548,ADR_DragonSlayer_Albion_lea01_arms01.dds,ADR_DragonSlayer_Albion_lea01_arms01.dds,0,0,4,2574,,
5549,ADR_DragonSlayer_Albion_lea01_legs01.dds,ADR_DragonSlayer_Albion_lea01_legs01.dds,0,0,4,2575,,
5550,ADR_DragonSlayer_Albion_chn01_body01f.dds,ADR_DragonSlayer_Albion_chn01_body01f.dds,0,0,4,2576,,
5551,ADR_DragonSlayer_Albion_chn01_body01m.dds,ADR_DragonSlayer_Albion_chn01_body01m.dds,0,0,4,2577,,
5552,ADR_DragonSlayer_Albion_chn01_boots01.dds,ADR_DragonSlayer_Albion_chn01_boots01.dds,0,0,4,2578,,
5553,ADR_DragonSlayer_Albion_chn01_gloves01.dds,ADR_DragonSlayer_Albion_chn01_gloves01.dds,0,0,4,2579,,
5554,ADR_DragonSlayer_Albion_chn01_arms01.dds,ADR_DragonSlayer_Albion_chn01_arms01.dds,0,0,4,2580,,
5555,ADR_DragonSlayer_Albion_chn01_legs01.dds,ADR_DragonSlayer_Albion_chn01_legs01.dds,0,0,4,2581,,
5556,ADR_DragonSlayer_Albion_rob01_body01f.dds,ADR_DragonSlayer_Albion_rob01_body01f.dds,0,0,4,2582,,
5557,ADR_DragonSlayer_Albion_rob01_body01m.dds,ADR_DragonSlayer_Albion_rob01_body01m.dds,0,0,4,2583,,
5558,ADR_DragonSlayer_Albion_rob01_boots01.dds,ADR_DragonSlayer_Albion_rob01_boots01.dds,0,0,4,2584,,
5559,ADR_DragonSlayer_Albion_rob01_gloves01.dds,ADR_DragonSlayer_Albion_rob01_gloves01.dds,0,0,4,2585,,
5560,ADR_DragonSlayer_Albion_rob01_arms01.dds,ADR_DragonSlayer_Albion_rob01_arms01.dds,0,0,4,2586,,
5561,ADR_DragonSlayer_Albion_rob01_legs01.dds,ADR_DragonSlayer_Albion_rob01_legs01.dds,0,0,4,2587,,
5562,ADR_DragonSlayer_Albion_cth01_body01f.dds,ADR_DragonSlayer_Albion_cth01_body01f.dds,0,0,4,2588,,
5563,ADR_DragonSlayer_Albion_cth01_body01m.dds,ADR_DragonSlayer_Albion_cth01_body01m.dds,0,0,4,2589,,
5564,ADR_DragonSlayer_Mid_plt01_body01f.dds,ADR_DragonSlayer_Mid_plt01_body01f.dds,0,0,4,2590,,
5565,ADR_DragonSlayer_Mid_plt01_body01m.dds,ADR_DragonSlayer_Mid_plt01_body01m.dds,0,0,4,2591,,
5566,ADR_DragonSlayer_Mid_plt01_boots01.dds,ADR_DragonSlayer_Mid_plt01_boots01.dds,0,0,4,2592,,
5567,ADR_DragonSlayer_Mid_plt01_gloves01.dds,ADR_DragonSlayer_Mid_plt01_gloves01.dds,0,0,4,2593,,
5568,ADR_DragonSlayer_Mid_plt01_arms01.dds,ADR_DragonSlayer_Mid_plt01_arms01.dds,0,0,4,2594,,
5569,ADR_DragonSlayer_Mid_plt01_legs01.dds,ADR_DragonSlayer_Mid_plt01_legs01.dds,0,0,4,2595,,
5570,ADR_DragonSlayer_Mid_std01_body01f.dds,ADR_DragonSlayer_Mid_std01_body01f.dds,0,0,4,2596,,
5571,ADR_DragonSlayer_Mid_std01_body01m.dds,ADR_DragonSlayer_Mid_std01_body01m.dds,0,0,4,2597,,
5572,ADR_DragonSlayer_Mid_std01_boots01.dds,ADR_DragonSlayer_Mid_std01_boots01.dds,0,0,4,2598,,
5573,ADR_DragonSlayer_Mid_std01_gloves01.dds,ADR_DragonSlayer_Mid_std01_gloves01.dds,0,0,4,2599,,
5574,ADR_DragonSlayer_Mid_std01_arms01.dds,ADR_DragonSlayer_Mid_std01_arms01.dds,0,0,4,2600,,
5575,ADR_DragonSlayer_Mid_std01_legs01.dds,ADR_DragonSlayer_Mid_std01_legs01.dds,0,0,4,2601,,
5576,ADR_DragonSlayer_Mid_scl01_body01f.dds,ADR_DragonSlayer_Mid_scl01_body01f.dds,0,0,4,2602,,
5577,ADR_DragonSlayer_Mid_scl01_body01m.dds,ADR_DragonSlayer_Mid_scl01_body01m.dds,0,0,4,2603,,
5578,ADR_DragonSlayer_Mid_scl01_boots01.dds,ADR_DragonSlayer_Mid_scl01_boots01.dds,0,0,4,2604,,
5579,ADR_DragonSlayer_Mid_scl01_gloves01.dds,ADR_DragonSlayer_Mid_scl01_gloves01.dds,0,0,4,2605,,
5580,ADR_DragonSlayer_Mid_scl01_arms01.dds,ADR_DragonSlayer_Mid_scl01_arms01.dds,0,0,4,2606,,
5581,ADR_DragonSlayer_Mid_scl01_legs01.dds,ADR_DragonSlayer_Mid_scl01_legs01.dds,0,0,4,2607,,
5582,ADR_DragonSlayer_Mid_lea01_body01f.dds,ADR_DragonSlayer_Mid_lea01_body01f.dds,0,0,4,2608,,
5583,ADR_DragonSlayer_Mid_lea01_body01m.dds,ADR_DragonSlayer_Mid_lea01_body01m.dds,0,0,4,2609,,
5584,ADR_DragonSlayer_Mid_lea01_boots01.dds,ADR_DragonSlayer_Mid_lea01_boots01.dds,0,0,4,2610,,
5585,ADR_DragonSlayer_Mid_lea01_gloves01.dds,ADR_DragonSlayer_Mid_lea01_gloves01.dds,0,0,4,2611,,
5586,ADR_DragonSlayer_Mid_lea01_arms01.dds,ADR_DragonSlayer_Mid_lea01_arms01.dds,0,0,4,2612,,
5587,ADR_DragonSlayer_Mid_lea01_legs01.dds,ADR_DragonSlayer_Mid_lea01_legs01.dds,0,0,4,2613,,
5588,ADR_DragonSlayer_Mid_chn01_body01f.dds,ADR_DragonSlayer_Mid_chn01_body01f.dds,0,0,4,2614,,
5589,ADR_DragonSlayer_Mid_chn01_body01m.dds,ADR_DragonSlayer_Mid_chn01_body01m.dds,0,0,4,2615,,
5590,ADR_DragonSlayer_Mid_chn01_boots01.dds,ADR_DragonSlayer_Mid_chn01_boots01.dds,0,0,4,2616,,
5591,ADR_DragonSlayer_Mid_chn01_gloves01.dds,ADR_DragonSlayer_Mid_chn01_gloves01.dds,0,0,4,2617,,
5592,ADR_DragonSlayer_Mid_chn01_arms01.dds,ADR_DragonSlayer_Mid_chn01_arms01.dds,0,0,4,2618,,
5593,ADR_DragonSlayer_Mid_chn01_legs01.dds,ADR_DragonSlayer_Mid_chn01_legs01.dds,0,0,4,2619,,
5594,ADR_DragonSlayer_Mid_rob01_body01f.dds,ADR_DragonSlayer_Mid_rob01_body01f.dds,0,0,4,2620,,
5595,ADR_DragonSlayer_Mid_rob01_body01m.dds,ADR_DragonSlayer_Mid_rob01_body01m.dds,0,0,4,2621,,
5596,ADR_DragonSlayer_Mid_rob01_boots01.dds,ADR_DragonSlayer_Mid_rob01_boots01.dds,0,0,4,2622,,
5597,ADR_DragonSlayer_Mid_rob01_gloves01.dds,ADR_DragonSlayer_Mid_rob01_gloves01.dds,0,0,4,2623,,
5598,ADR_DragonSlayer_Mid_rob01_arms01.dds,ADR_DragonSlayer_Mid_rob01_arms01.dds,0,0,4,2624,,
5599,ADR_DragonSlayer_Mid_rob01_legs01.dds,ADR_DragonSlayer_Mid_rob01_legs01.dds,0,0,4,2625,,
5600,ADR_DragonSlayer_Mid_cth01_body01f.dds,ADR_DragonSlayer_Mid_cth01_body01f.dds,0,0,4,2626,,
5601,ADR_DragonSlayer_Mid_cth01_body01m.dds,ADR_DragonSlayer_Mid_cth01_body01m.dds,0,0,4,2627,,
5602,ADR_DragonSlayer_Albion_PlateHelm.dds,ADR_DragonSlayer_Albion_PlateHelm.dds,0,50,4,,,
5603,ADR_DragonSlayer_Albion_RobeHelm.dds,ADR_DragonSlayer_Albion_RobeHelm.dds,0,50,4,,,
5604,ADR_DragonSlayer_Albion_ScaleHelm.dds,ADR_DragonSlayer_Albion_ScaleHelm.dds,0,50,4,,,
5605,ADR_DragonSlayer_Albion_StuddedHelm.dds,ADR_DragonSlayer_Albion_StuddedHelm.dds,0,50,4,,,
5606,ADR_DragonSlayer_Albion_ChainHelm.dds,ADR_DragonSlayer_Albion_ChainHelm.dds,0,50,4,,,
5607,ADR_DragonSlayer_Albion_LeatherHelm.dds,ADR_DragonSlayer_Albion_LeatherHelm.dds,0,50,4,,,
5608,ADR_Dragonslayer_Hib_Helm_Chain_Alb.dds,ADR_Dragonslayer_Hib_Helm_Chain_Alb.dds,0,50,4,,,
5609,ADR_Dragonslayer_Hib_Helm_Chain_Mid.dds,ADR_Dragonslayer_Hib_Helm_Chain_Mid.dds,0,50,4,,,
5610,ADR_Dragonslayer_Hib_Helm_Cloth_Robe.dds,ADR_Dragonslayer_Hib_Helm_Cloth_Robe.dds,0,50,4,,,
5611,ADR_Dragonslayer_Hib_Helm_Leather.dds,ADR_Dragonslayer_Hib_Helm_Leather.dds,0,50,4,,,
5612,ADR_Dragonslayer_Hib_Helm_Plate.dds,ADR_Dragonslayer_Hib_Helm_Plate.dds,0,50,4,,,
5613,ADR_Dragonslayer_Hib_Helm_Scale.dds,ADR_Dragonslayer_Hib_Helm_Scale.dds,0,50,4,,,
5614,ADR_Dragonslayer_Hib_Helm_St_Leather.dds,ADR_Dragonslayer_Hib_Helm_St_Leather.dds,0,50,4,,,
5615,ADR_Dragonslayer_Mid_Helm_Chain_Alb.dds,ADR_Dragonslayer_Mid_Helm_Chain_Alb.dds,0,50,4,,,
5616,ADR_Dragonslayer_Mid_Helm_Chain_Mid.dds,ADR_Dragonslayer_Mid_Helm_Chain_Mid.dds,0,50,4,,,
5617,ADR_Dragonslayer_Mid_Helm_Cloth_Robe.dds,ADR_Dragonslayer_Mid_Helm_Cloth_Robe.dds,0,50,4,,,
5618,ADR_Dragonslayer_Mid_Helm_Leather.dds,ADR_Dragonslayer_Mid_Helm_Leather.dds,0,50,4,,,
5619,ADR_Dragonslayer_Mid_Helm_Plate.dds,ADR_Dragonslayer_Mid_Helm_Plate.dds,0,50,4,,,
5620,ADR_Dragonslayer_Mid_Helm_Scale.dds,ADR_Dragonslayer_Mid_Helm_Scale.dds,0,50,4,,,
5621,ADR_Dragonslayer_Mid_Helm_St_Leather.dds,ADR_Dragonslayer_Mid_Helm_St_Leather.dds,0,50,4,,,
5622,ADR_DragonSlayer_Hib_plt01_body01f.dds,ADR_DragonSlayer_Hib_plt01_body01f.dds,0,0,4,2628,,
5623,ADR_DragonSlayer_Hib_plt01_body01m.dds,ADR_DragonSlayer_Hib_plt01_body01m.dds,0,0,4,2629,,
5624,ADR_DragonSlayer_Hib_plt01_boots01.dds,ADR_DragonSlayer_Hib_plt01_boots01.dds,0,0,4,2630,,
5625,ADR_DragonSlayer_Hib_plt01_gloves01.dds,ADR_DragonSlayer_Hib_plt01_gloves01.dds,0,0,4,2631,,
5626,ADR_DragonSlayer_Hib_plt01_arms01.dds,ADR_DragonSlayer_Hib_plt01_arms01.dds,0,0,4,2632,,
5627,ADR_DragonSlayer_Hib_plt01_legs01.dds,ADR_DragonSlayer_Hib_plt01_legs01.dds,0,0,4,2633,,
5628,ADR_DragonSlayer_Hib_std01_body01f.dds,ADR_DragonSlayer_Hib_std01_body01f.dds,0,0,4,2634,,
5629,ADR_DragonSlayer_Hib_std01_body01m.dds,ADR_DragonSlayer_Hib_std01_body01m.dds,0,0,4,2635,,
5630,ADR_DragonSlayer_Hib_std01_boots01.dds,ADR_DragonSlayer_Hib_std01_boots01.dds,0,0,4,2636,,
5631,ADR_DragonSlayer_Hib_std01_gloves01.dds,ADR_DragonSlayer_Hib_std01_gloves01.dds,0,0,4,2637,,
5632,ADR_DragonSlayer_Hib_std01_arms01.dds,ADR_DragonSlayer_Hib_std01_arms01.dds,0,0,4,2638,,
5633,ADR_DragonSlayer_Hib_std01_legs01.dds,ADR_DragonSlayer_Hib_std01_legs01.dds,0,0,4,2639,,
5634,ADR_DragonSlayer_Hib_scl01_body01f.dds,ADR_DragonSlayer_Hib_scl01_body01f.dds,0,0,4,2640,,
5635,ADR_DragonSlayer_Hib_scl01_body01m.dds,ADR_DragonSlayer_Hib_scl01_body01m.dds,0,0,4,2641,,
5636,ADR_DragonSlayer_Hib_scl01_boots01.dds,ADR_DragonSlayer_Hib_scl01_boots01.dds,0,0,4,2642,,
5637,ADR_DragonSlayer_Hib_scl01_gloves01.dds,ADR_DragonSlayer_Hib_scl01_gloves01.dds,0,0,4,2643,,
5638,ADR_DragonSlayer_Hib_scl01_arms01.dds,ADR_DragonSlayer_Hib_scl01_arms01.dds,0,0,4,2644,,
5639,ADR_DragonSlayer_Hib_scl01_legs01.dds,ADR_DragonSlayer_Hib_scl01_legs01.dds,0,0,4,2645,,
5640,ADR_DragonSlayer_Hib_lea01_body01f.dds,ADR_DragonSlayer_Hib_lea01_body01f.dds,0,0,4,2646,,
5641,ADR_DragonSlayer_Hib_lea01_body01m.dds,ADR_DragonSlayer_Hib_lea01_body01m.dds,0,0,4,2647,,
5642,ADR_DragonSlayer_Hib_lea01_boots01.dds,ADR_DragonSlayer_Hib_lea01_boots01.dds,0,0,4,2648,,
5643,ADR_DragonSlayer_Hib_lea01_gloves01.dds,ADR_DragonSlayer_Hib_lea01_gloves01.dds,0,0,4,2649,,
5644,ADR_DragonSlayer_Hib_lea01_arms01.dds,ADR_DragonSlayer_Hib_lea01_arms01.dds,0,0,4,2650,,
5645,ADR_DragonSlayer_Hib_lea01_legs01.dds,ADR_DragonSlayer_Hib_lea01_legs01.dds,0,0,4,2651,,
5646,ADR_DragonSlayer_Hib_chn01_body01f.dds,ADR_DragonSlayer_Hib_chn01_body01f.dds,0,0,4,2652,,
5647,ADR_DragonSlayer_Hib_chn01_body01m.dds,ADR_DragonSlayer_Hib_chn01_body01m.dds,0,0,4,2653,,
5648,ADR_DragonSlayer_Hib_chn01_boots01.dds,ADR_DragonSlayer_Hib_chn01_boots01.dds,0,0,4,2654,,
5649,ADR_DragonSlayer_Hib_chn01_gloves01.dds,ADR_DragonSlayer_Hib_chn01_gloves01.dds,0,0,4,2655,,
5650,ADR_DragonSlayer_Hib_chn01_arms01.dds,ADR_DragonSlayer_Hib_chn01_arms01.dds,0,0,4,2656,,
5651,ADR_DragonSlayer_Hib_chn01_legs01.dds,ADR_DragonSlayer_Hib_chn01_legs01.dds,0,0,4,2657,,
5652,ADR_DragonSlayer_Hib_rob01_body01f.dds,ADR_DragonSlayer_Hib_rob01_body01f.dds,0,0,4,2658,,
5653,ADR_DragonSlayer_Hib_rob01_body01m.dds,ADR_DragonSlayer_Hib_rob01_body01m.dds,0,0,4,2659,,
5654,ADR_DragonSlayer_Hib_rob01_boots01.dds,ADR_DragonSlayer_Hib_rob01_boots01.dds,0,0,4,2660,,
5655,ADR_DragonSlayer_Hib_rob01_gloves01.dds,ADR_DragonSlayer_Hib_rob01_gloves01.dds,0,0,4,2661,,
5656,ADR_DragonSlayer_Hib_rob01_arms01.dds,ADR_DragonSlayer_Hib_rob01_arms01.dds,0,0,4,2662,,
5657,ADR_DragonSlayer_Hib_rob01_legs01.dds,ADR_DragonSlayer_Hib_rob01_legs01.dds,0,0,4,2663,,
5658,ADR_DragonSlayer_Hib_cth01_body01f.dds,ADR_DragonSlayer_Hib_cth01_body01f.dds,0,0,4,2664,,
5659,ADR_DragonSlayer_Hib_cth01_body01m.dds,ADR_DragonSlayer_Hib_cth01_body01m.dds,0,0,4,2665,,
5660,ADR_DragonSlayer_Hib_OrnateCloak.dds,ADR_DragonSlayer_Hib_OrnateCloak.dds,0,51,4,,,
5661,ADR_DragonSlayer_Hib_SimpleCloak.dds,ADR_DragonSlayer_Hib_SimpleCloak.dds,0,51,4,,,
5662,ADR_DragonSlayer_Albion_OrnateCloak.dds,ADR_DragonSlayer_Albion_OrnateCloak.dds,0,51,4,,,
5663,ADR_DragonSlayer_Albion_SimpleCloak.dds,ADR_DragonSlayer_Albion_SimpleCloak.dds,0,51,4,,,
5664,ADR_DragonSlayer_Midgard_OrnateCloak.dds,ADR_DragonSlayer_Midgard_OrnateCloak.dds,0,51,4,,,
5665,ADR_DragonSlayer_Midgard_SimpleCloak.dds,ADR_DragonSlayer_Midgard_SimpleCloak.dds,0,51,,,,
5666,WhiteStars.dds,WhiteStars.dds,0,52,,,,
5667,winter_knotmetal.dds,winter_knotmetal.dds,0,53,4,0,,
5668,SpringCrown_leaf.dds,SpringCrown_leaf.dds,0,54,4,0,,
5669,SpringCrown_moon.dds,SpringCrown_moon.dds,0,54,4,0,,
5670,SpringCrown_flower.dds,SpringCrown_flower.dds,0,54,4,0,,
5671,SpringCrown_gold.dds,SpringCrown_gold.dds,0,54,4,0,,
5672,fieryemap02.dds,fieryemap02.dds,5,20,1,0,,
5673,N_weapons01_body.dds,N_weapons01_body.dds,0,20,0,0,,
5674,N_weapons01_energy.dds,N_weapons01_energy.dds,0,20,0,0,,
5675,B_weapons01_Body.dds,B_weapons01_Body.dds,0,20,0,0,,
5676,B_weapons01_energy.dds,B_weapons01_energy.dds,0,20,0,0,,
5677,h_weapons_body.dds,h_weapons_body.dds,0,20,0,0,,
5678,h_weapons_Energy.dds,h_weapons_Energy.dds,0,20,0,0,,
5679,emap_Energy.dds,emap_Energy.dds,5,20,1,0,,
5680,emap_Body.dds,emap_Body.dds,5,20,1,0,,
5681,ow_Albion_realmcloak01.dds,ow_Albion_realmcloak01.dds,0,54,0,0,,
5682,ow_Midgard_realmcloak.dds,ow_Midgard_realmcloak.dds,0,54,0,0,,
5683,ow_Hibernia_realmcloak01.dds,ow_Hibernia_realmcloak01.dds,0,54,0,0,,
5684,cloak_wizard.dds,cloak_wizard.dds,0,55,0,0,,
5685,cloak_animist.dds,cloak_animist.dds,0,55,0,0,,
5686,cloak_armsman.dds,cloak_armsman.dds,0,55,0,0,,
5687,cloak_bainshee.dds,cloak_bainshee.dds,0,55,0,0,,
5688,cloak_bard.dds,cloak_bard.dds,0,55,0,0,,
5689,cloak_berserker.dds,cloak_berserker.dds,0,55,0,0,,
5690,cloak_blademaster.dds,cloak_blademaster.dds,0,55,0,0,,
5691,cloak_bonedancer.dds,cloak_bonedancer.dds,0,55,0,0,,
5692,cloak_cabalist.dds,cloak_cabalist.dds,0,55,0,0,,
5693,cloak_champion.dds,cloak_champion.dds,0,55,0,0,,
5694,cloak_cleric.dds,cloak_cleric.dds,0,55,0,0,,
5695,cloak_druid.dds,cloak_druid.dds,0,55,0,0,,
5696,cloak_eldritch.dds,cloak_eldritch.dds,0,55,0,0,,
5697,cloak_enchanter.dds,cloak_enchanter.dds,0,55,0,0,,
5698,cloak_friar.dds,cloak_friar.dds,0,55,0,0,,
5699,cloak_healer.dds,cloak_healer.dds,0,55,0,0,,
5700,cloak_heretic.dds,cloak_heretic.dds,0,55,0,0,,
5701,cloak_hero.dds,cloak_hero.dds,0,55,0,0,,
5702,cloak_hunter.dds,cloak_hunter.dds,0,55,0,0,,
5703,cloak_infiltrator.dds,cloak_infiltrator.dds,0,55,0,0,,
5704,cloak_mentalist.dds,cloak_mentalist.dds,0,55,0,0,,
5705,cloak_mercenary.dds,cloak_mercenary.dds,0,55,0,0,,
5706,cloak_minstrel.dds,cloak_minstrel.dds,0,55,0,0,,
5707,cloak_necromancer.dds,cloak_necromancer.dds,0,55,0,0,,
5708,cloak_nightshade.dds,cloak_nightshade.dds,0,55,0,0,,
5709,cloak_paladin.dds,cloak_paladin.dds,0,55,0,0,,
5710,cloak_ranger.dds,cloak_ranger.dds,0,55,0,0,,
5711,cloak_reaver.dds,cloak_reaver.dds,0,55,0,0,,
5712,cloak_runemaster.dds,cloak_runemaster.dds,0,55,0,0,,
5713,cloak_savage.dds,cloak_savage.dds,0,55,0,0,,
5714,cloak_scout.dds,cloak_scout.dds,0,55,0,0,,
5715,cloak_shadowblade.dds,cloak_shadowblade.dds,0,55,0,0,,
5716,cloak_shaman.dds,cloak_shaman.dds,0,55,0,0,,
5717,cloak_skald.dds,cloak_skald.dds,0,55,0,0,,
5718,cloak_sorcerer.dds,cloak_sorcerer.dds,0,55,0,0,,
5719,cloak_spiritmaster.dds,cloak_spiritmaster.dds,0,55,0,0,,
5720,cloak_theurgist.dds,cloak_theurgist.dds,0,55,0,0,,
5721,cloak_valewalker.dds,cloak_valewalker.dds,0,55,0,0,,
5722,cloak_vampire.dds,cloak_vampire.dds,0,55,0,0,,
5723,cloak_warden.dds,cloak_warden.dds,0,55,0,0,,
5724,cloak_Thane.dds,cloak_Thane.dds,0,55,0,0,,
5725,cloak_Valkyrie.dds,cloak_Valkyrie.dds,0,55,0,0,,
5726,cloak_Warlock.dds,cloak_Warlock.dds,0,55,0,0,,
5727,cloak_Warrior.dds,cloak_Warrior.dds,0,55,0,0,,
5728,cloak_MaulerALB.dds,cloak_MaulerALB.dds,0,55,0,0,,
5729,cloak_MaulerMID.dds,cloak_MaulerMID.dds,0,55,0,0,,
5730,cloak_MaulerHIB.dds,cloak_MaulerHIB.dds,0,55,0,0,,
5731,mask_plague01.dds,mask_plague01.dds,0,56,0,0,,
5732,mask_satyr.dds,mask_satyr.dds,0,56,0,0,,
5733,mask_skull01.dds,mask_skull01.dds,0,56,0,0,,
5734,mask-slitted01.dds,mask-slitted01.dds,0,56,0,0,,
5735,mask_death01.dds,mask_death01.dds,0,56,0,0,,
5736,Mask_devour.dds,Mask_devour.dds,0,56,0,0,,
5737,mask_feline01.dds,mask_feline01.dds,0,56,0,0,,
5738,mask_golden01.dds,mask_golden01.dds,0,56,0,0,,
5739,mask_horned01.dds,mask_horned01.dds,0,56,0,0,,
5740,Gem_glove_Hib_BLU.dds,Gem_glove_Hib_BLU.dds,0,0,4,2702,,
5741,Gem_glove_Hib_CYN.dds,Gem_glove_Hib_CYN.dds,0,0,4,2703,,
5742,Gem_glove_Hib_GRN.dds,Gem_glove_Hib_GRN.dds,0,0,4,2704,,
5743,Gem_glove_Hib_PUR.dds,Gem_glove_Hib_PUR.dds,0,0,4,2705,,
5744,Gem_glove_Hib_RED.dds,Gem_glove_Hib_RED.dds,0,0,4,2706,,
5745,Gem_glove_Alb_BLU.dds,Gem_glove_Alb_BLU.dds,0,0,4,2707,,
5746,Gem_glove_Alb_CYN.dds,Gem_glove_Alb_CYN.dds,0,0,4,2708,,
5747,Gem_glove_Alb_GRN.dds,Gem_glove_Alb_GRN.dds,0,0,4,2709,,
5748,Gem_glove_Alb_PUR.dds,Gem_glove_Alb_PUR.dds,0,0,4,2710,,
5749,Gem_glove_Alb_RED.dds,Gem_glove_Alb_RED.dds,0,0,4,2711,,
5750,Gem_glove_Mid_BLU.dds,Gem_glove_Mid_BLU.dds,0,0,4,2712,,
5751,Gem_glove_Mid_CYN.dds,Gem_glove_Mid_CYN.dds,0,0,4,2713,,
5752,Gem_glove_Mid_GRN.dds,Gem_glove_Mid_GRN.dds,0,0,4,2714,,
5753,Gem_glove_Mid_PUR.dds,Gem_glove_Mid_PUR.dds,0,0,4,2715,,
5754,Gem_glove_Mid_RED.dds,Gem_glove_Mid_RED.dds,0,0,4,2716,,
5755,mask_plague02.dds,mask_plague02.dds,0,56,0,0,,
5756,mask_feline02.dds,mask_feline02.dds,0,56,0,0,,
5757,mask_satyr02.dds,mask_satyr02.dds,0,56,0,0,,
5758,mask_satyr03.dds,mask_satyr03.dds,0,56,0,0,,
5759,mask_satyr04.dds,mask_satyr04.dds,0,56,0,0,,
5760,mask_skull02.dds,mask_skull02.dds,0,56,0,0,,
5761,mask_satyr05.dds,mask_satyr05.dds,0,56,0,0,,
5762,yule_hat01.dds,yule_hat01.dds,0,57,0,0,,
5763,headless_black01.dds,headless_black01.dds,0,57,4,0,,
5764,krampus,krampi_mask01.dds,0,57,4,0,,
5765,shield_egg01,shield_egg01.dds,0,57,0,0,,
