Information,,Skin,,Archive,Expansion,,Housing,Material,Material,Material
ID,Textual Name,Name,MULTI,Num,Only,Precache,Only,BaseMap,Tint Chan,Pass Alpha
1,Briton,b_cth1_body1m.tga,0,1,0,0,,0,,
2,Briton,b_cth1_body1f.tga,0,1,0,0,,0,,
3,Briton,b_cth1_arm1.tga,0,1,0,0,,0,,
4,Briton,b_cth1_leg1.tga,0,1,0,0,,0,,
5,Briton,b_cth1_glov1.tga,0,1,0,0,,0,,
6,Briton,b_cth1_lbody1.tga,0,1,0,0,,0,,
7,Briton,b_cth1_boot1.tga,0,1,0,0,,0,,
8,Briton Male Head,b_mhed1.tga,1,1,0,0,,0,,
9,Briton Male Head,b_mhed2.tga,1,1,0,0,,0,,
10,Briton Male Head,b_mhed3.tga,1,1,0,0,,0,,
11,Briton Male Head,b_mhed4.tga,1,1,0,0,,0,,
12,Briton Female Head,b_fhed1.tga,1,1,0,0,,0,,
13,Briton Female Head,b_fhed2.tga,1,1,0,0,,0,,
14,Briton Female Head,b_fhed3.tga,1,1,0,0,,0,,
15,Briton Female Head,b_fhed4.tga,1,1,0,0,,0,,
16,Highlander,h_cth1_body1m.tga,0,1,0,0,,0,,
17,Highlander,h_cth1_body1f.tga,0,1,0,0,,0,,
18,Highlander,h_cth1_arm1.tga,0,1,0,0,,0,,
19,Highlander,h_cth1_glov1.tga,0,1,0,0,,0,,
20,Highlander,h_cth1_lbody1.tga,0,1,0,0,,0,,
21,Highlander,h_cth1_leg1.tga,0,22,0,0,,0,,
22,Highlander,h_cth1_boot1.tga,0,1,0,0,,0,,
24,Highland Male Head,h_mhed1.tga,1,1,0,0,,0,,
25,Highland Male Head,h_mhed2.tga,1,1,0,0,,0,,
26,Highland Male Head,h_mhed3.tga,1,1,0,0,,0,,
27,Highland Male Head,h_mhed4.tga,1,1,0,0,,0,,
28,Highland Female Head,h_fhed1.tga,1,1,0,0,,0,,
29,Highland Female Head,h_fhed2.tga,1,1,0,0,,0,,
30,Highland Female Head,h_fhed3.tga,1,1,0,0,,0,,
31,Highland Female Head,h_fhed4.tga,1,1,0,0,,0,,
32,Saracen,s_cth1_body1m.tga,0,1,0,0,,0,,
33,Saracen,s_cth1_body1f.tga,0,1,0,0,,0,,
34,Saracen,s_cth1_arm1.tga,0,1,0,0,,0,,
35,Saracen,s_cth1_glov1.tga,0,1,0,0,,0,,
36,Saracen,s_cth1_lbody1.tga,0,1,0,0,,0,,
37,Saracen,s_cth1_leg1.tga,0,1,0,0,,0,,
38,Saracen,s_cth1_boot1.tga,0,1,0,0,,0,,
39,Saracen Male Head,s_mhed1.tga,1,1,0,0,,0,,
40,Saracen Male Head,s_mhed2.tga,1,1,0,0,,0,,
41,Saracen Male Head,s_mhed3.tga,1,1,0,0,,0,,
42,Saracen Male Head,s_mhed4.tga,1,1,0,0,,0,,
44,Saracen Female Head,s_fhed1.tga,1,1,0,0,,0,,
45,Saracen Female Head,s_fhed2.tga,1,1,0,0,,0,,
46,Saracen Female Head,s_fhed3.tga,1,1,0,0,,0,,
47,Saracen Female Head,s_fhed4.tga,1,1,0,0,,0,,
49,Avalonian,a_cth1_body1m.tga,0,1,0,0,,0,,
50,Avalonian,a_cth1_body1f.tga,0,1,0,0,,0,,
51,Avalonian,a_cth1_arm1.tga,0,2,0,0,,0,,
52,Avalonian,a_cth1_leg1.tga,0,2,0,0,,0,,
53,Avalonian,a_cth1_glov1.tga,0,2,0,0,,0,,
54,Avalonian,a_cth1_lbody1.tga,0,2,0,0,,0,,
55,Avalonian,a_cth1_boot1.tga,0,2,0,0,,0,,
56,Avalonian Male Head,a_mhed1.tga,1,2,0,0,,0,,
57,Avalonian Male Head,a_mhed2.tga,1,2,0,0,,0,,
58,Avalonian Male Head,a_mhed3.tga,1,2,0,0,,0,,
59,Avalonian Male Head,a_mhed4.tga,1,2,0,0,,0,,
60,Avalonian Female Head,a_fhed1.tga,1,2,0,0,,0,,
61,Avalonian Female Head,a_fhed2.tga,1,2,0,0,,0,,
62,Avalonian Female Head,a_fhed3.tga,1,2,0,0,,0,,
63,Avalonian Female Head,a_fhed4.tga,1,2,0,0,,0,,
75,demon,demon1.bmp,0,2,0,0,,0,,
79,cloak guy stuff,cloak1.bmp,0,2,0,0,,0,,
80,Skeleton 1,skel1.tga,0,2,0,0,,0,,
81,Skeleton 2,skel2.tga,0,2,0,0,,0,,
82,Skeleton 3,skel3.tga,0,2,0,0,,0,,
83,Spriggarn,sprig1.bmp,0,2,0,0,,0,,
84,Brownie,brownie1.bmp,0,2,0,0,,0,,
85,Troll,troll1.bmp,0,2,0,0,,0,,
86,Snake,snake1.tga,0,2,0,0,,0,,
87,Snake,snake2.tga,0,2,0,0,,0,,
88,Snake,snake3.tga,0,2,0,0,,0,,
97,Grey Wolf,wolf.tga,0,2,0,0,,0,,
98,Black Wolf,wolf_black.tga,0,2,0,0,,0,,
99,Goblin,goblin_generic.tga,0,2,0,0,,0,,
100,Goblin,goblin_whelp.tga,0,2,0,0,,0,,
101,Goblin,goblin_chieftain.tga,0,3,0,0,,0,,
102,Goblin,goblin_shaman.tga,0,3,0,0,,0,,
103,Spider,spider.tga,0,3,0,0,,0,,
104,Spider,spider_brown.tga,0,3,0,0,,0,,
105,Brown Bear,bear_brown.tga,0,3,0,0,,0,,
106,Black Bear,bear_black.tga,0,3,0,0,,0,,
107,Fellwood,tree_base2.tga,0,3,0,0,,0,,
108,Elder Fellwood,tree_eyeglow.tga,0,3,0,0,,0,,
109,Boar,boar.tga,0,3,0,0,,0,,
110,Zombie Boar,boar_redeyes.tga,0,3,0,0,,0,,
111,Tan Lion,cougar.tga,0,3,0,0,,0,,
112,Black Lion,cougar_black.tga,0,3,0,0,,0,,
113,Lizard,Lizard01.tga,0,3,0,0,,0,,
114,Merchant,m1_bodym.tga,0,3,0,0,,0,,
115,Merchant,m1_bodyf.tga,0,3,0,0,,0,,
116,Merchant,m1_arm1.tga,0,3,0,0,,0,,
117,Merchant,m1_glove1.tga,0,3,0,0,,0,,
118,Merchant,m1_tunic1.tga,0,3,0,0,,0,,
119,Merchant,m1_legs1.tga,0,3,0,0,,0,,
120,Merchant,m1_boot1.tga,0,3,0,0,,0,,
121,Merchant,m2_bodym.tga,0,3,0,0,,0,,
122,Merchant,m2_bodyf.tga,0,3,0,0,,0,,
123,Merchant,m2_arm1.tga,0,3,0,0,,0,,
124,Merchant,m2_glove1.tga,0,3,0,0,,0,,
125,Merchant,m2_tunic1.tga,0,3,0,0,,0,,
126,Blacksmith,m3_bodym.tga,0,3,0,0,,0,,
127,Blacksmith,m3_arm1.tga,0,3,0,0,,0,,
128,Blacksmith,m3_glove1.tga,0,3,0,0,,0,,
129,Blacksmith,m3_tunic1.tga,0,3,0,0,,0,,
130,Guard,B_grd1b_body1m.tga,0,21,0,0,,0,,
131,Guard,B_grd1b_body1f.tga,0,21,0,0,,0,,
132,Guard,g1_lbody1.tga,0,3,0,0,,0,,
133,Guard,g1_arms1.tga,0,3,0,0,,0,,
134,Guard,g1_gloves1.tga,0,3,0,0,,0,,
135,Guard,g1_legs1.tga,0,3,0,0,,0,,
136,Guard,g1_boots1.tga,0,3,0,0,,0,,
137,Roman Dead,roman01.tga,0,3,0,0,,0,,
138,Grungy Roman Dead,roman02.tga,0,3,0,0,,0,,
139,Zombie Base Skin,zomtex01.tga,0,3,0,0,,0,,
140,Brownie base skin,brown_1.tga,0,3,0,0,,0,,
141,Troglodyte base skin,troglo1.tga,0,11,0,0,,0,,
142,Rock Creature base skin,rock.tga,0,3,0,0,,0,,
143,Ant Skin,ant.tga,0,3,0,0,,0,,
144,Carrion Eater (spider),crawler.tga,0,3,0,0,,0,,
145,Vein Spider,vein.tga,0,3,0,0,,0,,
146,Frog Skin,frog1.tga,0,3,0,0,,0,,
147,Giant Base Skin,giant1.tga,0,3,0,0,,0,,
148,Forest Giant Skin,giant-forest.tga,0,3,0,0,,0,,
149,Ice Giant,giant-ice.tga,0,3,0,0,,0,,
150,Fire Giant,giant-fire.tga,0,3,0,0,,0,,
151,worm,worm.tga,0,4,0,0,,0,,
152,Carrion Eater 2 (spider),crawler2.tga,0,4,0,0,,0,,
153,Vein Spider 2,vein2.tga,0,4,0,0,,0,,
154,Carrion Eater 3 Spider,eater.tga,0,4,0,0,,0,,
155,Icky Spider,ick.tga,0,4,0,0,,0,,
156,Mud rock creature,rock-mud.tga,0,4,0,0,,0,,
157,Lava rock creature,rock-lava.tga,0,4,0,0,,0,,
158,Ice rock creature,rock-ice.tga,0,4,0,0,,0,,
159,Huldu base skin,huldu.tga,0,4,0,0,,0,,
160,Wilding Huldu,wilding1.tga,0,4,0,0,,0,,
161,Savage lynx,savage.tga,0,4,0,0,,0,,
162,Grass lynx,grasscat.tga,0,4,0,0,,0,,
163,Lynx base,lynx.tga,0,4,0,0,,0,,
164,Sprite Base,sprite.tga,0,4,0,0,,0,,
165,Troll Male Base Skin,t_cth1_body1m.tga,0,4,0,0,,0,,
166,Troll Arm 1,t_cth1_arm1.tga,0,4,0,0,,0,,
167,Troll Female Base Skin,t_cth1_body1f.tga,0,4,0,0,,0,,
168,Troll Cloak,t_cloak.tga,0,4,0,0,,0,,
169,Troll Boot 1,t_cth1_boot1.tga,0,4,0,0,,0,,
170,Troll Glove 1,t_cth1_glov1.tga,0,4,0,0,,0,,
171,Troll Lower Body 1,t_cth1_lbody1.tga,0,4,0,0,,0,,
172,Troll leg 1,t_cth1_leg1.tga,0,4,0,0,,0,,
173,Troll Female Head 1,t_fhed1.tga,1,4,0,0,,0,,
174,Troll Female Head 2,t_fhed2.tga,1,4,0,0,,0,,
175,Troll Female Head 3,t_fhed3.tga,1,4,0,0,,0,,
176,Troll female Head 4,t_fhed4.tga,1,4,0,0,,0,,
177,Troll Hair 1,t_hair1.tga,0,4,0,0,,0,,
178,Troll Hair 2,t_hair2.tga,0,4,0,0,,0,,
179,Troll Hair 3,t_hair3.tga,0,4,0,0,,0,,
180,Troll Hair 4,t_hair4.tga,0,4,0,0,,0,,
181,Troll Male Head 1,t_mhed1.tga,1,4,0,0,,0,,
182,Troll Male Head 2,t_mhed2.tga,1,4,0,0,,0,,
183,Troll Male Head 3,t_mhed3.tga,1,4,0,0,,0,,
184,Troll Male Head 4,t_mhed4.tga,1,4,0,0,,0,,
185,Female Norse Body,v_cth1_body1f.tga,0,4,0,0,,0,,
186,Male Norse Body,v_cth1_body1m.tga,0,4,0,0,,0,,
187,Norse Arms 1,v_cth1_arm1.tga,0,4,0,0,,0,,
188,Norse Boot 1,v_cth1_boot1.tga,0,4,0,0,,0,,
189,Norse Glove 1,v_cth1_glov1.tga,0,4,0,0,,0,,
190,Norse Lower body 1,v_cth1_lbody1.tga,0,4,0,0,,0,,
191,Norse Leg 1,v_cth1_leg1.tga,0,4,0,0,,0,,
192,Norse Male Head 1,v_mhed1.tga,1,4,0,0,,0,,
193,Norse Male Head 2,v_mhed2.tga,1,4,0,0,,0,,
194,Norse Male Head 3,v_mhed3.tga,1,4,0,0,,0,,
195,Norse Male Head 4,v_mhed4.tga,1,4,0,0,,0,,
196,Norse Female Head 1,v_fhed1.tga,1,4,0,0,,0,,
197,Norse Female Head 2,v_fhed2.tga,1,4,0,0,,0,,
198,Norse Female Head 3,v_fhed3.tga,1,4,0,0,,0,,
199,Norse Female Head 4,v_fhed4.tga,1,4,0,0,,0,,
206,Kobold Arms,k_cth1_arm1.tga,0,5,0,0,,0,,
207,Kobold Female Body,k_cth1_body1f.tga,0,5,0,0,,0,,
208,Kobold Male Body,k_cth1_body1m.tga,0,5,0,0,,0,,
209,Kobold Boot,k_cth1_boot1.tga,0,5,0,0,,0,,
210,Kobold lower body,k_cth1_lbody1.tga,0,5,0,0,,0,,
211,Kobold legs,k_cth1_leg1.tga,0,5,0,0,,0,,
212,Kobold female head 1,k_fhed1.tga,1,5,0,0,,0,,
213,Kobold female head 2,k_fhed2.tga,1,5,0,0,,0,,
214,Kobold female head 3,k_fhed3.tga,1,5,0,0,,0,,
215,Kobold female head 4,k_fhed4.tga,1,5,0,0,,0,,
216,Kobold male head 1,k_mhed1.tga,1,5,0,0,,0,,
217,Kobold Male head 2,k_mhed2.tga,1,5,0,0,,0,,
218,Kobold Male head 3,k_mhed3.tga,1,5,0,0,,0,,
219,Kobold Male head 4,k_mhed4.tga,1,5,0,0,,0,,
220,Kobold gloves,k_cth1_glov1.tga,0,5,0,0,,0,,
227,Dwarf Arms,d_cth1_arm1.tga,0,5,0,0,,0,,
228,Dwarf Female body 1,d_cth1_body1f.tga,0,5,0,0,,0,,
229,Dwarf male body 1,d_cth1_body1m.tga,0,5,0,0,,0,,
230,dwarf boots 1,d_cth1_boot1.tga,0,5,0,0,,0,,
231,dwarf glove 1,d_cth1_glov1.tga,0,5,0,0,,0,,
232,dwarf lower body 1,d_cth1_lbody1.tga,0,5,0,0,,0,,
233,dwarf legs 1,d_cth1_leg1.tga,0,5,0,0,,0,,
234,dwarf male head 1,d_mhed1.tga,1,5,0,0,,0,,
235,dwarf male head 2,d_mhed2.tga,1,5,0,0,,0,,
236,dwarf male head 3,d_mhed3.tga,1,5,0,0,,0,,
237,dwarf male head 4,d_mhed4.tga,1,5,0,0,,0,,
238,dwarf female head 1,d_fhed1.tga,1,5,0,0,,0,,
239,dwarf female head 2,d_fhed2.tga,1,5,0,0,,0,,
240,dwarf female head 3,d_fhed3.tga,1,5,0,0,,0,,
241,dwarf female head 4,d_fhed4.tga,1,5,0,0,,0,,
242,Cabal Pet Darkmap,giantdark.tga,2,5,0,0,,0,,
243,Cabal Pet Yellow,yellowmarble.tga,0,5,0,0,,0,,
244,Cabal Pet Red,redmarble.tga,0,5,0,0,,0,,
245,Cabal Pet Blue,bluemarble.tga,0,5,0,0,,0,,
246,Cabal Pet Green,greenmarble.tga,0,5,0,0,,0,,
247,Goblin 2 Warrior,goblin2_warrior.tga,0,5,0,0,,0,,
248,Goblin 2 Base skin,goblin2.tga,0,5,0,0,,0,,
249,Goblin 2 Shaman,goblin2_shaman.tga,0,5,0,0,,0,,
250,Goblin 2 Whelp,goblin2_whelp.tga,0,5,0,0,,0,,
251,Vendo Base,vendo.tga,0,6,0,0,,0,,
252,Vendo Warrior,vendo_warrior.tga,0,6,0,0,,0,,
253,vendo king,vendo_king.tga,0,6,0,0,,0,,
254,vendo shaman,vendo_shaman.tga,0,6,0,0,,0,,
255,Werewolf Soldier,werewolf_soldier.tga,0,6,0,0,,0,,
256,Elf Body,e_cth0_body1m.tga,0,6,0,0,,0,,
257,Elf Female Body,e_cth0_body1f.tga,0,6,0,0,,0,,
258,Elf Arms,e_cth0_arm1.tga,0,6,0,0,,0,,
259,Elf Gloves,e_cth0_glov1.tga,0,6,0,0,,0,,
260,Elf lower body,e_cth0_lbody1.tga,0,6,0,0,,0,,
261,Elf legs,e_cth0_leg1.tga,0,6,0,0,,0,,
262,Elk Boots,e_cth0_boot1.tga,0,6,0,0,,0,,
263,Firbolg male body,f_cth0_body1m.tga,0,6,0,0,,0,,
264,Firbolg female body,f_cth0_body1f.tga,0,6,0,0,,0,,
265,Firbolg arms,f_cth0_arm1.tga,0,6,0,0,,0,,
266,firbolg gloves,f_cth0_glov1.tga,0,6,0,0,,0,,
267,firbolg lower body,f_cth0_lbody1.tga,0,6,0,0,,0,,
268,firbolg legs,f_cth0_leg1.tga,0,6,0,0,,0,,
269,firbolg boots,f_cth0_boot1.tga,0,6,0,0,,0,,
270,lurikeen male body,l_cth0_body1m.tga,0,6,0,0,,0,,
271,lurikeen female body,l_cth0_body1f.tga,0,6,0,0,,0,,
272,lurikeen arms,l_cth0_arm1.tga,0,6,0,0,,0,,
273,lurikeen gloves,l_cth0_glov1.tga,0,6,0,0,,0,,
274,lurikeen lower body,l_cth0_lbody1.tga,0,6,0,0,,0,,
275,lurikeen legs,l_cth0_leg1.tga,0,6,0,0,,0,,
276,lurikeen boots,l_cth0_boot1.tga,0,6,0,0,,0,,
277,Celt male body,c_cth0_body1m.tga,0,6,0,0,,0,,
278,Celt female body,c_cth0_body1f.tga,0,6,0,0,,0,,
279,Celt arms,c_cth0_arm1.tga,0,6,0,0,,0,,
280,Celt gloves,c_cth0_glov1.tga,0,6,0,0,,0,,
281,Celt lower body,c_cth0_lbody1.tga,0,6,0,0,,0,,
282,Celt legs,c_cth0_leg1.tga,0,6,0,0,,0,,
283,Celt boots,c_cth0_boot1.tga,0,6,0,0,,0,,
284,lurikeen male head 1,l_mhed1.tga,1,6,0,0,,0,,
285,lurikeen male head 2,l_mhed2.tga,1,6,0,0,,0,,
286,lurikeen male head 3,l_mhed3.tga,1,6,0,0,,0,,
287,lurikeen male head 4,l_mhed4.tga,1,6,0,0,,0,,
288,lurikeen female head 1,l_fhed1.tga,1,6,0,0,,0,,
289,lurikeen female head 2,l_fhed2.tga,1,6,0,0,,0,,
290,lurikeen female head 3,l_fhed3.tga,1,6,0,0,,0,,
291,lurikeen female head 4,l_fhed4.tga,1,6,0,0,,0,,
292,firbolg male head 1,f_mhed1.tga,1,6,0,0,,0,,
293,firbolg male head 2,f_mhed2.tga,1,6,0,0,,0,,
294,firbolg male head 3,f_mhed3.tga,1,6,0,0,,0,,
295,firbolg male head 4,f_mhed4.tga,1,6,0,0,,0,,
296,firbolg female head 1,f_fhed1.tga,1,6,0,0,,0,,
297,firbolg female head 2,f_fhed2.tga,1,6,0,0,,0,,
298,firbolg female head 3,f_fhed3.tga,1,6,0,0,,0,,
299,firbolg female head 4,f_fhed4.tga,1,6,0,0,,0,,
1000,elf male head 1,e_mhed1.tga,1,7,0,0,,0,,
1001,elf male head 2,e_mhed2.tga,1,7,0,0,,0,,
1002,elf male head 3,e_mhed3.tga,1,7,0,0,,0,,
1003,elf male head 4,e_mhed4.tga,1,7,0,0,,0,,
1004,elf female head 1,e_fhed1.tga,1,7,0,0,,0,,
1005,elf female head 2,e_fhed2.tga,1,7,0,0,,0,,
1006,elf female head 3,e_fhed3.tga,1,7,0,0,,0,,
1007,elf female head 4,e_fhed4.tga,1,7,0,0,,0,,
1008,celt male head 1,c_mhed1.tga,1,7,0,0,,0,,
1009,celt male head 2,c_mhed2.tga,1,7,0,0,,0,,
1010,celt male head 3,c_mhed3.tga,1,7,0,0,,0,,
1011,celt male head 4,c_mhed4.tga,1,7,0,0,,0,,
1012,celt female head 1,c_fhed1.tga,1,7,0,0,,0,,
1013,celt female head 2,c_fhed2.tga,1,7,0,0,,0,,
1014,celt female head 3,c_fhed3.tga,1,7,0,0,,0,,
1015,celt female head 4,c_fhed4.tga,1,7,0,0,,0,,
1016,white hair,hair_white.tga,0,7,0,0,,0,,
1017,blonde hair,hair_blonde.tga,0,7,0,0,,0,,
1018,auburn hair,hair_auburn.tga,0,7,0,0,,0,,
1019,platinum hair,hair_plat.tga,0,7,0,0,,0,,
1020,dirty blonde hair,hair_dirtblonde.tga,0,7,0,0,,0,,
1021,black hair,hair_black.tga,0,7,0,0,,0,,
1022,brown hair,hair_brown.tga,0,7,0,0,,0,,
1023,gray hair,hair_gray.tga,0,7,0,0,,0,,
1024,dark brown hair,hair_dkbrown.tga,0,7,0,0,,0,,
1025,bright red hair,hair_brightred.tga,0,7,0,0,,0,,
1026,blue black hair,hair_blueblack.tga,0,7,0,0,,0,,
1027,green hair,hair_green.tga,0,7,0,0,,0,,
1028,pewter hair,hair_pewter.tga,0,7,0,0,,0,,
1029,teal hair,hair_teal.tga,0,7,0,0,,0,,
1030,red hair,hair_red.tga,0,7,0,0,,0,,
1031,blue hair,hair_blue.tga,0,7,0,0,,0,,
1032,werewolf leader,werewolf_leader.tga,0,7,0,0,,0,,
1033,werewolf shaman,werewolf_shaman.tga,0,7,0,0,,0,,
1034,ice lizard,icelizard.tga,0,7,0,0,,0,,
1035,green lizard,greenlizard.tga,0,7,0,0,,0,,
1036,silver lizard,silverlizard.tga,0,7,0,0,,0,,
1037,ettin 1,ettin1.tga,0,7,0,0,,0,,
1038,ogre 1,ogre1.tga,0,7,0,0,,0,,
1039,cyclops,cyclops.tga,0,7,0,0,,0,,
1040,Arachite 1,arachite01.tga,0,7,0,0,,0,,
1041,arachite 2,arachite02.tga,0,7,0,0,,0,,
1042,saracen hair,hair_sarbrowna.tga,0,7,0,0,,0,,
1043,saracen hair,hair_sardkbrowna.tga,0,7,0,0,,0,,
1044,saracen hair,hair_sarblacka.tga,0,7,0,0,,0,,
1045,saracen hair,hair_sarbrownb.tga,0,7,0,0,,0,,
1046,saracen hair,hair_sardkbrownb.tga,0,7,0,0,,0,,
1047,saracen hair,hair_sarblackb.tga,0,7,0,0,,0,,
1048,horse base skin,horse_brown.tga,0,7,0,0,,0,,
1049,Scrag base skin,scrag.tga,0,7,0,0,,0,,
1050,Evil Horse,horse_evil01.tga,0,7,0,0,,0,,
1051,bandit caster,b_band_cst01.tga,0,8,0,0,,0,,
1052,bandit female caster,b_band_cst01f.tga,0,8,0,0,,0,,
1053,bandit leader,b_band_ldr01.tga,0,8,0,0,,0,,
1054,bandit female leader,b_band_ldr01f.tga,0,8,0,0,,0,,
1055,bandit,b_band01.tga,0,8,0,0,,0,,
1056,bandit female,b_band01f.tga,0,8,0,0,,0,,
1057,bandit caster,h_band_cst01.tga,0,8,0,0,,0,,
1058,bandit female caster,h_band_cst01f.tga,0,8,0,0,,0,,
1059,bandit leader,h_band_ldr01.tga,0,8,0,0,,0,,
1060,bandit female leader,h_band_ldr01f.tga,0,8,0,0,,0,,
1061,bandit,h_band01.tga,0,8,0,0,,0,,
1062,bandit female,h_band01f.tga,0,8,0,0,,0,,
1063,bandit caster,n_band_cst01.tga,0,8,0,0,,0,,
1064,bandit female caster,n_band_ldr01f.tga,0,8,0,0,,0,,
1065,bandit leader,n_band_ldr01.tga,0,8,0,0,,0,,
1066,bandit female leader,n_band01f.tga,0,8,0,0,,0,,
1067,bandit,n_band01.tga,0,8,0,0,,0,,
1068,bandit female,n_band_cst01f.tga,0,8,0,0,,0,,
1069,Wight Base Skin,wight01.tga,0,8,0,0,,0,,
1070,lich base skin,lich01.tga,0,8,0,0,,0,,
1071,Norse male undead,n_unde01m.tga,0,8,0,0,,0,,
1072,norse female undead,n_unde01f.tga,0,8,0,0,,0,,
1073,briton female undead,b_unde01f.tga,0,8,0,0,,0,,
1074,briton male undead,b_unde01m.tga,0,8,0,0,,0,,
1075,elf undead female,e_unde01f.tga,0,8,0,0,,0,,
1076,elf male undead,e_unde01.tga,0,8,0,0,,0,,
1077,troll undead male,t_unde01.tga,0,8,0,0,,0,,
1078,white hourse,horse_white.tga,0,8,0,0,,0,,
1079,speckled horse,horse_speck.tga,0,8,0,0,,0,,
1080,dark brown horse,horse_dkbrwn.tga,0,8,0,0,,0,,
1081,black horse,horse_black.tga,0,8,0,0,,0,,
1082,avalonian undead male,a_unde01.tga,0,8,0,0,,0,,
1083,avalonian undead female,a_unde01f.tga,0,8,0,0,,0,,
1084,Snow Worm,worm_snow.tga,0,8,0,0,,0,,
1085,Snow Spider,spider_snow.tga,0,8,0,0,,0,,
1086,cockatrice base skin,cockatrice01.tga,0,8,0,0,,0,,
1087,basilisk base skin,basilisk01.tga,0,8,0,0,,0,,
1088,swamp worm,worm_swamp.tga,0,8,0,0,,0,,
1089,earthy worm,worm_earthy.tga,0,8,0,0,,0,,
1090,snow wolf,wolf_snow.tga,0,8,0,0,,0,,
1091,snow ogre,ogre_snow.tga,0,8,0,0,,0,,
1092,snow vendo,vendo_snow.tga,0,8,0,0,,0,,
1093,snow werewolf,werewolf_snow.tga,0,8,0,0,,0,,
1094,snow cat,lynx_snow.tga,0,8,0,0,,0,,
1095,snow arachite,arachite_snow.tga,0,8,0,0,,0,,
1096,Crab base skin,crab01.tga,0,8,0,0,,0,,
1097,Scorpion base skin,scorp01.tga,0,8,0,0,,0,,
1098,Briton male head 5,b_mhed5.tga,1,9,0,0,,0,,
1099,Briton male head 6,b_mhed6.tga,1,9,0,0,,0,,
1100,Briton female head 5,b_fhed5.tga,1,9,0,0,,0,,
1101,briton female head 6,b_fhed6.tga,1,9,0,0,,0,,
1102,saracen male head 5,s_mhed5.tga,1,9,0,0,,0,,
1103,saracen male head 6,s_mhed6.tga,1,10,0,0,,0,,
1104,saracen female head 5,s_fhed5.tga,1,9,0,0,,0,,
1105,saracen female head 6,s_fhed6.tga,1,9,0,0,,0,,
1106,High male head 5,h_mhed5.tga,1,9,0,0,,0,,
1107,High male head 6,h_mhed6.tga,1,9,0,0,,0,,
1108,High female head 5,h_fhed5.tga,1,9,0,0,,0,,
1109,high female head 6,h_fhed6.tga,1,9,0,0,,0,,
1110,Ava male head 5,a_mhed5.tga,1,9,0,0,,0,,
1111,ava male head 6,a_mhed6.tga,1,10,0,0,,0,,
1112,ava female head 5,a_fhed5.tga,1,9,0,0,,0,,
1113,ava female head 6,a_fhed6.tga,1,9,0,0,,0,,
1114,viking male head 5,v_mhed5.tga,1,9,0,0,,0,,
1115,viking male head 6,v_mhed6.tga,1,9,0,0,,0,,
1116,viking female head 5,v_fhed5.tga,1,9,0,0,,0,,
1117,viking female head 6,v_fhed6.tga,1,9,0,0,,0,,
1118,troll male head 5,t_mhed5.tga,1,15,0,0,,0,,
1119,troll male head 6,t_mhed6.tga,1,15,0,0,,0,,
1120,troll female head 5,t_fhed5.tga,1,9,0,0,,0,,
1121,troll female head 6,t_fhed6.tga,1,9,0,0,,0,,
1122,dwarf male head 5,d_mhed5.tga,1,9,0,0,,0,,
1123,dwarf male head 6,d_mhed6.tga,1,9,0,0,,0,,
1124,dwarf female head 5,d_fhed5.tga,1,9,0,0,,0,,
1125,dwarf female head 6,d_fhed6.tga,1,9,0,0,,0,,
1126,kobold male head 5,k_mhed5.tga,1,9,0,0,,0,,
1127,kobold male head 6,k_mhed6.tga,1,9,0,0,,0,,
1128,kobold female head 5,k_fhed5.tga,1,9,0,0,,0,,
1129,kobold female head 6,k_fhed6.tga,1,9,0,0,,0,,
1130,celtic male head 5,c_mhed5.tga,1,9,0,0,,0,,
1131,celtic male head 6,c_mhed6.tga,1,9,0,0,,0,,
1132,celtic female head 5,c_fhed5.tga,1,9,0,0,,0,,
1133,celtic female head 6,c_fhed6.tga,1,9,0,0,,0,,
1134,lurikeen male head 5,l_mhed5.tga,1,9,0,0,,0,,
1135,lurikeen male head 6,l_mhed6.tga,1,9,0,0,,0,,
1136,lurikeen female head 5,l_fhed5.tga,1,9,0,0,,0,,
1137,lurikeen female head 6,l_fhed6.tga,1,9,0,0,,0,,
1138,firbolg male head 5,f_mhed5.tga,1,10,0,0,,0,,
1139,firbolg male head 6,f_mhed6.tga,1,10,0,0,,0,,
1140,firbolg female head 5,f_fhed5.tga,1,10,0,0,,0,,
1141,firbolg female head 6,f_fhed6.tga,1,10,0,0,,0,,
1142,elven male head 5,e_mhed5.tga,1,9,0,0,,0,,
1143,elven male head 6,e_mhed6.tga,1,9,0,0,,0,,
1144,elven female head 5,e_fhed5.tga,1,9,0,0,,0,,
1145,elven female head 6,e_fhed6.tga,1,9,0,0,,0,,
1146,Regular Rat,rat.tga,0,10,0,0,,0,,
1147,Diseased Rat,rat_diseased.tga,0,10,0,0,,0,,
1148,Polar bear,bear_polar.tga,0,10,0,0,,0,,
1149,Knotty Fellwood,tree_knotty.tga,0,10,0,0,,0,,
1150,skrag_plant.tga,skrag_plant.tga,0,10,0,0,,0,,
1151,Badger Base Skin,badger.tga,0,10,0,0,,0,,
1152,termite,termite.tga,0,11,0,0,,0,,
1153,orange frog,frog_orange.tga,0,11,0,0,,0,,
1154,faerie frog,frog_faerie.tga,0,11,0,0,,0,,
1155,blue faerie drake,drake_faerie_blue.tga,0,11,0,0,,0,,
1156,black crab,crab_black.tga,0,11,0,0,,0,,
1157,cave goblin whelp,cavegoblin_whelp.tga,0,11,0,0,,0,,
1158,cave goblin warrior,cavegoblin_warrior.tga,0,11,0,0,,0,,
1159,white boar,boar_white.tga,0,11,0,0,,0,,
1160,fire frog,frog_fire.tga,0,11,0,0,,0,,
1161,Vendo Man,vendo_man.tga,0,12,0,0,,0,,
1162,Stag Man,stag_man.tga,0,12,0,0,,0,,
1163,Giant Mite,giantmite.tga,0,12,0,0,,0,,
1164,Weird land creature,land2legs.tga,0,12,0,0,,0,,
1165,Weird Sea Creature,sea2legs.tga,0,12,0,0,,0,,
1166,black ant,ant_black.tga,0,12,0,0,,0,,
1167,Cave Goblin King,cavegoblin_king.tga,0,12,0,0,,0,,
1168,Cave Goblin shaman,cavegoblin_shaman.tga,0,12,0,0,,0,,
1169,cave goblin whelp,cavegoblin_whelp.tga,0,12,0,0,,0,,
1170,blue crab,crab_blue.tga,0,12,0,0,,0,,
1171,rock crab,crab_rock.tga,0,12,0,0,,0,,
1172,sand crab,crab_sandy.tga,0,12,0,0,,0,,
1173,black widow crab,crab_widow.tga,0,12,0,0,,0,,
1174,scaled rocky frog,frog_scaled.tga,0,12,0,0,,0,,
1175,frostbite huldu/brownie,frostbite.tga,0,12,0,0,,0,,
1176,rock lizard,lizard_rock.tga,0,12,0,0,,0,,
1177,forest scorpion,scorpion_forest.tga,0,12,0,0,,0,,
1178,rock scorpion,scorpion_rock.tga,0,12,0,0,,0,,
1179,green troglodyte,troglo_mucky.tga,0,12,0,0,,0,,
1180,forest cyclops,cyclops_forest.tga,0,12,0,0,,0,,
1181,ice cyclops,cyclops_ice.tga,0,12,0,0,,0,,
1182,Stone ,skrag_stone.tga,0,12,0,0,,0,,
1183,Pixie base skin,pixie.tga,0,13,0,0,,0,,
1184,Dragon body 1,r_drag_bod1.tga,0,13,0,0,,0,,
1185,dragon head 1,r_drag_hed1.tga,0,13,0,0,,0,,
1186,dragon wing 1,r_drag_wng1.tga,0,13,0,0,,0,,
1187,demon,demon01.tga,0,13,0,0,,0,,
1188,imp,imp01.tga,0,13,0,0,,0,,
1189,Afanc head,afanchead01.tga,0,13,0,0,,0,,
1190,afanc body,afancbody01.tga,0,13,0,0,,0,,
1191,Afanc baby base skin,afancyoung01.tga,0,13,0,0,,0,,
1192,rock ogre boss,ogre_rock_boss.tga,0,13,0,0,,0,,
1193,mid-level rock ogre,ogre_rock_mid.tga,0,13,0,0,,0,,
1194,rock ogre flunky,ogre_rock_low.tga,0,13,0,0,,0,,
1195,wolf dragon body,w_drag_bod1.tga,0,14,0,0,,0,,
1196,wolf dragon head,w_drag_hed1.tga,0,14,0,0,,0,,
1197,wolf dragon wing,w_drag_wng1.tga,0,14,0,0,,0,,
1198,stone dragon body,s_drag_bod1.tga,0,14,0,0,,0,,
1199,stone dragon head,s_drag_hed1.tga,0,14,0,0,,0,,
1200,stone dragon wings,s_drag_wng1.tga,0,14,0,0,,0,,
1201,Scaley werewolf leader,werewolf_leader_dragon.tga,0,14,0,0,,0,,
1202,Scaley werewolf Shaman,werewolf_shaman_dragon.tga,0,14,0,0,,0,,
1203,Scaley werewolf soldier,werewolf_soldier_dragon.tga,0,14,0,0,,0,,
1204,glimmer dragon body,g_drag_bod1.tga,0,14,0,0,,0,,
1205,glimmer dragon head,g_drag_hed1.tga,0,14,0,0,,0,,
1206,glimmer dragon wing,g_drag_wng1.tga,0,14,0,0,,0,,
1207,Dragowolf Base skin,dragwolf1.tga,0,14,0,0,,0,,
1208,Male Svartalf Skin,svartalf_m.tga,0,14,0,0,,0,,
1209,Glimmer knight face,glimmerknight_face.tga,0,15,0,0,,0,,
1210,glimmer Knight body 2,glimmerknight2.tga,0,15,0,0,,0,,
1211,Glimmer Knight body 1,glimmerknight.tga,0,15,0,0,,0,,
1212,Glimmer Caster,glimmercaster.tga,0,15,0,0,,0,,
1213,Glimmer Caster 2,glimmercaster2.tga,0,15,0,0,,0,,
1214,Glimmer Caster Glow Map,glimmercaster_glow.tga,3,15,0,0,,0,,
1215,Glimmer Ghoul,glimmerghoul.tga,0,15,0,0,,0,,
1216,Glimmer Ghoul Glow Map,glimmerghoul_glow.tga,3,15,0,0,,0,,
1217,Glimmer Knight Glow Map,glimmerknight_glow.tga,3,15,0,0,,0,,
1218,Glimmer Knight 2 Glow Map,glimmerknight2_glow.tga,3,15,0,0,,0,,
1219,Skinny Giant body,giant2_body01.tga,0,15,0,0,,0,,
1220,Skinny Giant lower body,giant2_lbody01.tga,0,15,0,0,,0,,
1221,Skinny Giant 2 body,giant2_body02.tga,0,16,0,0,,0,,
1222,Skinny Giant 2 lower body,giant2_lbody02.tga,0,16,0,0,,0,,
1223,Female Svartalf,svartalf_f.tga,0,16,0,0,,0,,
1224,Ashmonger,ashmonger.tga,0,16,0,0,,0,,
1225,glimmer dragon body glowmap,g_drag_glowbod1.tga,3,16,0,0,,0,,
1226,glimmer dragon head glowmap,g_drag_glowhed1.tga,3,16,0,0,,0,,
1227,glimmer dragon wing glowmap,g_drag_glowwng1.tga,3,16,0,0,,0,,
1228,Garden Pixie,pixiegarden.tga,0,16,0,0,,0,,
1229,Fair Pixie,pixiefair.tga,0,16,0,0,,0,,
1230,Flower Pixie,pixieflower.tga,0,16,0,0,,0,,
1231,Evil Pixie,pixieevil.tga,0,16,0,0,,0,,
1232,Evil Pixie Glow Map,pixieevil_glow.tga,3,16,0,0,,0,,
1233,Legion body,corpsetile.tga,0,16,0,0,,0,,
1234,Legion Head,corpseparts.tga,0,16,0,0,,0,,
1235,Legion torso darkmap,soulkeep_torsodark.tga,2,16,0,0,,0,,
1236,Legion leg darkmap,soulkeep_legdark.tga,2,16,0,0,,0,,
1237,Legion arms darkmap,soulkeep_armsdark.tga,2,16,0,0,,0,,
1238,Ash Demon,demon_ash.tga,0,16,0,0,,0,,
1239,Fiery Demon,demon_fiery.tga,0,16,0,0,,0,,
1240,Glimmer Caster Demon,glimcast_demon.tga,0,16,0,0,,0,,
1241,Golden Imp,imp_gold.tga,0,16,0,0,,0,,
1242,Red Imp,imp_red.tga,0,16,0,0,,0,,
1243,Fiery Scorpion,scorpion_fiery.tga,0,16,0,0,,0,,
1244,Fiery Spider,spider_fiery.tga,0,16,0,0,,0,,
1245,3 headed demon arms,3hd_arm.tga,0,17,0,0,,0,,
1246,3 headed demon body,3hd_body.tga,0,17,0,0,,0,,
1247,3 headed demon head,3hd_head.tga,0,17,0,0,,0,,
1248,3 headed demon legs,3hd_legs.tga,0,17,0,0,,0,,
1249,Hag,hag.tga,0,17,0,0,,0,,
1250,Succubus,succubus.tga,0,17,0,0,,0,,
1251,Evil Svartalf Male,svartalf_redm.tga,0,17,0,0,,0,,
1252,Evil Svartalf Female,svartalf_redf.tga,0,17,0,0,,0,,
1253,wolf 2 base,wolf2.tga,0,17,0,0,,0,,
1254,black wolf 2,wolf2_black.tga,0,17,0,0,,0,,
1255,demon wolf 2,wolf2_demon.tga,0,17,0,0,,0,,
1256,white wolf 2,wolf2_white.tga,0,17,0,0,,0,,
1257,zombie wolf 2,wolf2_zombie.tga,0,17,0,0,,0,,
1258,Dark Knight Cloak,dark_knight_cloak.tga,0,17,0,0,,0,,
1259,Dark Knight Body,dark_knight.tga,0,17,0,0,,0,,
1260,Demon Knight,demon_knight.tga,0,17,0,0,,0,,
1261,Demon Knight Glowmap,demon_knight_glow.tga,3,17,0,0,,0,,
1262,Standard Wraith,wraith.tga,0,17,0,0,,0,,
1263,Demon Wraith,wraith_demon.tga,0,17,0,0,,0,,
1264,Standard Hulker,hulker.tga,0,17,0,0,,0,,
1265,locust head head,locust_head.tga,0,17,0,0,,0,,
1266,locust head body,locust_body.tga,0,17,0,0,,0,,
1267,locust head legs,locust_legs.tga,0,17,0,0,,0,,
1268,locust head sword,locust_arms.tga,0,17,0,0,,0,,
1269,legless zombie 1,tortured_soul.tga,0,17,0,0,,0,,
1270,legless zombie 2,tortured_soul2.tga,0,17,0,0,,0,,
1271,Hulker 2,hulker_leader01.tga,0,17,0,0,,0,,
1272,Hulker 3,hulker_leader02.tga,0,17,0,0,,0,,
1273,Hulker 4,hulker_leader03.tga,0,17,0,0,,0,,
1274,Demon Hag,hag_demon.tga,0,17,0,0,,0,,
1275,Beetle(Green),Beetle_green.tga,0,18,0,0,,0,,
1276,Beetle(Orange),Beetle_orange.tga,0,18,0,0,,0,,
1277,Beetle(Blue),Beetle_blue.tga,0,18,0,0,,0,,
1278,Gnome (Standard),Gnome1.tga,0,18,0,0,,0,,
1279,Gnome (Variaton),Gnome2.tga,0,18,0,0,,0,,
1280,Gnome (Evil),Gnome_evil.tga,0,18,0,0,,0,,
1281,Human Diseased 1,human_diseasedF.tga,0,18,0,0,,0,,
1282,Human Diseased 2,human_diseasedM.tga,0,18,0,0,,0,,
1283,Pixie Anger,Pixie_anger.tga,0,18,0,0,,0,,
1284,Pixie Fair,Pixie_fair.tga,0,18,0,0,,0,,
1285,Zombie Male Firby,Hfirbolg_zombieM.tga,0,19,0,0,,0,,
1286,Zombie Female Firby,Hfirbolg_zombieF.tga,0,19,0,0,,0,,
1287,Zombie Female Kobold,Nkobold_zombieF.tga,0,19,0,0,,0,,
1288,Zombie Male Kobold,Nkobold_zombieM.tga,0,19,0,0,,0,,
1289,Praying Mantis Normal,Pmantis.tga,0,100,1,0,,0,,
1290,Praying Mantis Green,Pmantis_green.tga,0,100,1,0,,0,,
1291,Praying Mantis Red,Pmantis_red.tga,0,100,1,0,,0,,
1292,Primitive,Primitive.tga,0,100,1,0,,0,,
1293,Wolf (Normal),Wolf2.tga,0,100,1,0,,0,,
1294,Wolf (Black),wolf2_black.tga,0,100,1,0,,0,,
1295,Wolf (Demon),wolf2_demon.tga,0,100,1,0,,0,,
1296,Wolf (White),wolf2_white.tga,0,100,1,0,,0,,
1297,Wolf (Zombie),wolf2_zombie.tga,0,100,1,0,,0,,
1298,SaberTooth (Normal),Sabretooth.tga,0,100,1,0,,0,,
1299,SaberTooth (Cave Lion),Sabretooth_cavelion.tga,0,100,1,0,,0,,
1300,SaberTooth (Striped),Sabretooth_striped.tga,0,100,1,0,,0,,
1301,Gryphon 1 ,Gryphon_body.tga,0,100,1,0,,0,,
1302,Gryphon 1(Wings),Gryphon_wing.tga,0,100,1,0,,0,,
1303,Gryphon 2  (Normal),Gryphon_body.tga,0,100,1,0,,0,,
1304,Gryphon 2  (Black),Gryphon_body_black.tga,0,100,1,0,,0,,
1305,Twisted Sylvan,Twisted_sylvan.tga,0,100,1,0,,0,,
1306,Fomorian,Fomorian1.tga,0,100,1,0,,0,,
1307,Cniocrag,Cniogcrag.tga,0,100,1,0,,0,,
1308,Megaloceros,Megaloceros.tga,0,100,1,0,,0,,
1309,Shriller,Shriller.tga,0,100,1,0,,0,,
1310,Amphiptere,Amphiptere.tga,0,100,1,0,,0,,
1311,Wooly Serpent,Woolyserpent.tga,0,100,1,0,,0,,
1320,Sylvan Female Head 1,syl_fhed1.tga,1,21,0,0,,0,,
1321,Sylvan Female Head 2,syl_fhed2.tga,1,21,0,0,,0,,
1322,Sylvan Female Head 3,syl_fhed3.tga,1,21,0,0,,0,,
1323,Sylvan Female Head 4,syl_fhed4.tga,1,21,0,0,,0,,
1324,Sylvan Female Head 5,syl_fhed5.tga,1,21,0,0,,0,,
1325,Sylvan Female Head 6,syl_fhed6.tga,1,21,0,0,,0,,
1326,Sylvan Male Head 1,syl_mhed1.tga,1,21,0,0,,0,,
1327,Sylvan Male Head 2,syl_mhed2.tga,1,21,0,0,,0,,
1328,Sylvan Male Head 3,syl_mhed3.tga,1,21,0,0,,0,,
1329,Sylvan Male Head 4,syl_mhed4.tga,1,21,0,0,,0,,
1330,Sylvan Male Head 5,syl_mhed5.tga,1,21,0,0,,0,,
1331,Sylvan Male Head 6,syl_mhed6.tga,1,21,0,0,,0,,
1332,Sylvan Body Male,syl_cth0_body1m.tga,0,21,0,0,,0,,
1333,Sylvan Body Female,syl_cth0_body1f.tga,0,21,0,0,,0,,
1334,Sylvan Arms,syl_cth0_arm1.tga,0,21,0,0,,0,,
1335,Sylvan Gloves,syl_cth0_glov1.tga,0,21,0,0,,0,,
1336,Sylvan Lower Body,syl_cth0_lbody1.tga,0,21,0,0,,0,,
1337,Sylvan Legs,syl_cth0_leg1.tga,0,21,0,0,,0,,
1338,Sylvan Boots,syl_cth0_boot1.tga,0,21,0,0,,0,,
1339,Sylvan Hair (Brown),syl_hair_brown.tga,0,21,0,0,,0,,
1340,Sylvan Hair (Green),syl_hair_green.tga,0,21,0,0,,0,,
1341,Sylvan Hair (Grey),syl_hair_grey.tga,0,21,0,0,,0,,
1342,Sylvan Hair (Red),syl_hair_red.tga,0,21,0,0,,0,,
1343,Sylvan Hair (Yellow),syl_hair_yellow.tga,0,21,0,0,,0,,
1344,Inconnu Female Head 1,i_fhed1.tga,1,19,0,0,,0,,
1345,Inconnu Female Head 2,i_fhed2.tga,1,19,0,0,,0,,
1346,Inconnu Female Head 3,i_fhed3.tga,1,19,0,0,,0,,
1347,Inconnu Female Head 4,i_fhed4.tga,1,19,0,0,,0,,
1348,Inconnu Female Head 5,i_fhed5.tga,1,19,0,0,,0,,
1349,Inconnu Female Head 6,i_fhed6.tga,1,19,0,0,,0,,
1350,Inconnu Male Head 1,i_mhed1.tga,1,19,0,0,,0,,
1351,Inconnu Male Head 2,i_mhed2.tga,1,19,0,0,,0,,
1352,Inconnu Male Head 3,i_mhed3.tga,1,19,0,0,,0,,
1353,Inconnu Male Head 4,i_mhed4.tga,1,19,0,0,,0,,
1354,Inconnu Male Head 5,i_mhed5.tga,1,19,0,0,,0,,
1355,Inconnu Male Head 6,i_mhed6.tga,1,19,0,0,,0,,
1356,Inconnu Female Body,i_cth0_body1f.tga,0,19,0,0,,0,,
1357,Inconnu Male Body,i_cth0_body1m.tga,0,19,0,0,,0,,
1358,Inconnu Arms,i_cth0_arm1.tga,0,19,0,0,,0,,
1359,Inconnu Gloves,i_cth0_glov1.tga,0,19,0,0,,0,,
1360,Inconnu Lower Body,i_cth0_lbody1.tga,0,19,0,0,,0,,
1361,Inconnu Legs,i_cth0_leg1.tga,0,19,0,0,,0,,
1362,Inconnu Boots,i_cth0_boot1.tga,0,19,0,0,,0,,
1363,Valkyn Arms,va_cth0_arm1.tga,0,20,0,0,,0,,
1364, Valkyn Female Body,va_cth0_body1f.tga,0,20,0,0,,0,,
1365, Valkyn Male Body,va_cth0_body1m.tga,0,20,0,0,,0,,
1366, Valkyn Boots,va_cth0_boot1.tga,0,20,0,0,,0,,
1367, Valkyn Gloves,va_cth0_glov1.tga,0,20,0,0,,0,,
1368, Valkyn Lower Body,va_cth0_lbody1.tga,0,20,0,0,,0,,
1369, Valkyn Legs,va_cth0_leg1.tga,0,20,0,0,,0,,
1370, Valkyn Female Head,va_fhed1.tga,1,20,0,0,,0,,
1371, Valkyn Female Head,va_fhed2.tga,1,20,0,0,,0,,
1372, Valkyn Female Head,va_fhed3.tga,1,20,0,0,,0,,
1373, Valkyn Female Head,va_fhed4.tga,1,20,0,0,,0,,
1374, Valkyn Female Head,va_fhed5.tga,1,20,0,0,,0,,
1375, Valkyn Female Head,va_fhed6.tga,1,20,0,0,,0,,
1376, Valkyn Male Head,va_mhed1.tga,1,20,0,0,,0,,
1377, Valkyn Male Head,va_mhed2.tga,1,20,0,0,,0,,
1378, Valkyn Male Head,va_mhed3.tga,1,20,0,0,,0,,
1379, Valkyn Male Head,va_mhed4.tga,1,20,0,0,,0,,
1380, Valkyn Male Head,va_mhed5.tga,1,20,0,0,,0,,
1381, Valkyn Male Head,va_mhed6.tga,1,20,0,0,,0,,
1382,Twisted Sylvan,Twisted_sylvan.tga,0,100,1,0,,0,,
1383,Fomorian,Fomorian1.tga,0,100,1,0,,0,,
1384,Roach Beetle,roach.tga,0,20,1,0,,0,,
1385,Internal Test Body,TestBody.tga,0,20,1,0,,0,,
1386,Internal Test Head,TestHead.tga,0,20,1,0,,0,,
1387,Internal Test Arms,TestArms.tga,0,20,1,0,,0,,
1388,Internal Test Gloves,TestGloves.tga,0,20,1,0,,0,,
1389,Internal Test Lower Body,TestLowerBody.tga,0,20,1,0,,0,,
1390,Internal Test Legs,TestLegs.tga,0,20,1,0,,0,,
1391,Internal Test Boots,Test Boots.tga,0,20,1,0,,0,,
1392,Orc,Orc.tga,0,101,1,0,,0,,
1393,Urchin,Urchin.tga,0,102,1,0,,0,,
1394,Manta,Manta.tga,0,101,1,0,,0,,
1395,Shrouder,Shrouder.tga,0,101,1,0,,0,,
1396,Botonid,Botonid.tga,0,101,1,0,,0,,
1397,Dfly,Dfly.tga,0,101,1,0,,0,,
1398,Mushroom,Mushroom01.tga,0,101,0,0,,0,,
1399,Red Cap Gnome,Redcap.tga,0,101,1,0,,0,,
1400,Guag,Guargaran.tga,0,101,1,0,,0,,
1401,Cicada,Cicada.tga,0,101,1,0,,0,,
1402,Fomorian 02,Fomorian2.tga,0,101,1,0,,0,,
1403,Fomorian 03,Fomorian3.tga,0,101,1,0,,0,,
1404,Fomorian 04,Fomorian4.tga,0,101,1,0,,0,,
1405,Mammoth,Mammoth.tga,0,102,1,0,,0,,
1406,Lamia,Lamia.tga,0,101,1,0,,0,,
1407,Necromancer Shade,Shade.tga,0,20,0,0,,0,,
1408,Fomorian Boss Body,fomorking_body.tga,0,101,1,0,,0,,
1409,Fomorian Boss Arms,fomorking_arms.tga,0,101,1,0,,0,,
1410,Fomorian Boss Head,fomorking_head.tga,0,101,1,0,,0,,
1411,Clock Work Troll,Clockwork.tga,0,101,1,0,,0,,
1412,Slug,Slug_body.tga,0,107,1,0,,0,,
1413,Rencan,Rencan.tga,0,102,1,0,,0,,
1414,Tree Dervish,Tree_dervish.tga,0,102,1,0,,0,,
1415,Larnvidur,larnvidur_body.tga,0,108,1,0,,0,,
1416,Terror Bird,Terrorbird.tga,0,106,1,0,,0,,
1417,Clock Work Human,clkwrk_H_dark.tga,2,102,1,0,,0,,
1418,Arbordon,Arbordon.tga,0,102,1,0,,0,,
1419,LOD Skin,Lod01.tga,0,102,1,0,,0,,
1420,Anglich _head_legs,anglich_head_legs.tga,0,106,1,0,,0,,
1421, Dragon Alloy Map,alloymap.tga,0,104,1,0,,0,,
1422,Clock Work Troll Dark Map,Clkwrk_T_dark.tga,2,102,1,0,,0,,
1423,Ogress,ogress_body.tga,0,108,1,0,,0,,
1424,Root Monster,Root_Body.tga,0,102,1,0,,0,,
1425,Hydra Body,Hydra_Body.tga,0,103,1,0,,0,,
1426,Sea Elf female,Sea_Elf_female.tga,0,102,1,0,,0,,
1427,Wood Elf female,Wood_Elf_female.tga,0,102,1,0,,0,,
1428,Sea Elf male,Sea_Elf_male.tga,0,102,1,0,,0,,
1429,Wood Elf male,Wood_Elf_male.tga,0,102,1,0,,0,,
1430,Hydra Head,Hydra_Head.tga,0,103,1,0,,0,,
1431,Morvalt Female Peon Studded,Morvalt_Studded_Female.tga,0,103,1,0,,0,,
1432,Morvalt Male Peon Studded,Morvalt_Studded_Male.tga,0,103,1,0,,0,,
1433,Morvalt Female Peon Chain,Morvalt_Chain_Female.tga,0,103,1,0,,0,,
1434,Morvalt Male Peon Chain,Morvalt_Chain_Male.tga,0,103,1,0,,0,,
1435,Morvalt Female Peon Leather,Morvalt_Leather_Female.tga,0,103,1,0,,0,,
1436,Morvalt Male Peon Leather,Morvalt_Leather_Male.tga,0,103,1,0,,0,,
1437,Morvalt Lord Arm,Morvalt_arm1.tga,0,103,1,0,,0,,
1438,Morvalt Lord Female Body,Morvalt_body1f.tga,0,103,1,0,,0,,
1439,Morvalt Lord Leg,Morvalt_leg1.tga,0,103,1,0,,0,,
1440,Morvalt Lord Glove,Morvalt_glov1.tga,0,103,1,0,,0,,
1441,Morvalt Lord Lower Body,Morvalt_lbody1.tga,0,103,1,0,,0,,
1442,Morvalt Lord Body,Morvalt_body1m.tga,0,103,1,0,,0,,
1443,Morvalt Lord Boot,Morvalt_boot1.tga,0,103,1,0,,0,,
1444,Morvalt Lord Female Head,Morvalt_Fhed.tga,1,103,1,0,,0,,
1445,Morvalt Lord Male Head,Morvalt_Mhed.tga,1,103,1,0,,0,,
1446,Morvalt Basic Female,Morvalt_Basic_Female.tga,0,103,1,0,,0,,
1447,Morvalt Basic Male,Morvalt_Basic_Male.tga,0,103,1,0,,0,,
1448,Root Monster,Root_Arms.tga,0,102,1,0,,0,,
1449,Root Monster,Root_Legs.tga,0,102,1,0,,0,,
1450,2 Headed Dragon Body 1,2hdrag_body01.tga,0,104,1,0,,0,,
1451,2 Headed Dragon Body b,2hdrag_body01b.tga,0,104,1,0,,0,,
1452,2 Headed Dragon Body g,2hdrag_body01g.tga,0,104,1,0,,0,,
1453,2 Headed Dragon Eyes,2hdrag_eyeglow.tga,0,104,1,0,,0,,
1454,2 Headed Dragon head 1,2hdrag_head01.tga,0,104,1,0,,0,,
1455,2 Headed Dragon Head B,2hdrag_hed01b.tga,0,104,1,0,,0,,
1456,2 Headed Dragon Head G,2hdrag_hed01g.tga,0,104,1,0,,0,,
1457,2 headed Dragon Wing 1,2hdrag_wing01.tga,0,104,1,0,,0,,
1458,2 Headed Dragon Wing B,drag_wing1b.tga,0,104,1,0,,0,,
1459,2 Headed Dragon Wing G,drag_wing1g.tga,0,104,1,0,,0,,
1460,Drak Warrior Scale Red,Drakwar_scalesred.tga,0,104,1,0,,0,,
1461,Drak Warrior Scale Green,Drakwar_scalesgreen.tga,0,104,1,0,,0,,
1462,Drak Warrior Scale Brown,Drakwar_scalesbrown.tga,0,104,1,0,,0,,
1463,Drak Warrior Scale Blue,Drakwar_scalesblue.tga,0,104,1,0,,0,,
1464,Drak War Leather Red,Drakwar_leatheryred.tga,0,104,1,0,,0,,
1465,Drak War Leather Green,Drakwar_leatherygreen.tga,0,104,1,0,,0,,
1466,Drak War Leather Brown,Drakwar_leatherybrown.tga,0,104,1,0,,0,,
1467,Drak War Leather Blue,Drakwar_leatheryblue.tga,0,104,1,0,,0,,
1468,Yale,Yale.tga,0,104,1,0,,0,,
1469,Sylvan Shade Head Male,HSylShade_MHed1.tga,1,105,1,0,,0,,
1470,Sylvan Shade Head Female,HSylShade_FHed1.tga,1,105,1,0,,0,,
1471,Sylvan Shade Leg,HSylShade_leg1.tga,0,105,1,0,,0,,
1472,Sylvan Shade Lower Body,HSylShade_lbody1.tga,0,105,1,0,,0,,
1473,Sylvan Shade Boot,HSylShade_boot1.tga,0,105,1,0,,0,,
1474,Sylvan Shade Body Male,HSylShade_body1m.tga,0,105,1,0,,0,,
1475,Sylvan Shade Body Female,HSylShade_body1f.tga,0,105,1,0,,0,,
1476,Sylvan Shade Arm,HSylShade_arm1.tga,0,105,1,0,,0,,
1477,Sylvan Shade Hair,HSylShade_hair.tga,0,105,1,0,,0,,
1478,Sylvan Shade Glove,HSylShade_glov1.tga,0,105,1,0,,0,,
1479,Dilophasaur ,Dilophosaur.tga,0,105,1,0,,0,,
1480,Drak Winged Boss Albino Arms,drakwing_arms_albino.tga,0,105,1,0,,0,,
1481,Drak Winged Boss Blue Arms,drakwing_arms_blue.tga,0,105,1,0,,0,,
1482,Drak Winged Boss Green Arms,drakwing_arms_green.tga,0,105,1,0,,0,,
1483,Drak Winged Boss Red Arms,drakwing_arms_red.tga,0,105,1,0,,0,,
1484,Drak Winged Boss Albino Body,drakwing_body_albino.tga,0,105,1,0,,0,,
1485,Drak Winged Boss Blue Body,drakwing_body_blue.tga,0,105,1,0,,0,,
1486,Drak Winged Boss Green Body,drakwing_body_green.tga,0,105,1,0,,0,,
1487,Drak Winged Boss Red Body,drakwing_body_red.tga,0,105,1,0,,0,,
1488,Ghost,Ghost.tga,0,108,1,0,,0,,
1489,Sporite ,Sporite.tga,0,106,1,0,,0,,
1490,Sporite Gloss,Sporite_gloss.tga,0,106,1,0,,0,,
1491,Sporite Bump,Sporite_bump.tga,0,106,1,0,,0,,
1492,Sporite Env,Sporite_env01.tga,0,106,1,0,,0,,
1493,Stilter,Stilter.tga,0,106,1,0,,0,,
1494,Seadog,Seadog.tga,0,106,1,0,,0,,
1495,Octonid,Octonid.tga,0,106,1,0,,0,,
1496,Slug Head,Slug_head.tga,0,107,1,0,,0,,
1497,Beckoner,beckoner.tga,0,106,1,0,,0,,
1498,Fengundar,fengundar.tga,0,108,1,0,,0,,
1499,Skeleton With Guts,Skel02_guts.tga,0,106,1,0,,0,,
1500,BugBear,bugbear.tga,0,106,1,0,,0,,
1501,Frost Giant Body,frost_giant_body.tga,0,106,1,0,,0,,
1502,Anglich Body,anglich_body.tga,0,106,1,0,,0,,
1503,Griffman,griffman.tga,0,106,1,0,,0,,
1504,Frost Giant Head,frost_giant_head.tga,0,106,1,0,,0,,
1505,Formorian 4b,fomorian4b.tga,0,106,1,0,,0,,
1506,Formorian 3b,fomorian3b.tga,0,106,1,0,,0,,
1507,Thrawn Ogre Body,thrawn_body.tga,0,106,1,0,,0,,
1508,Corpse Body,corpse_body.tga,0,106,1,0,,0,,
1509,Headless Corpse Body,corpse_headless_body.tga,0,106,1,0,,0,,
1510,Legless Corpse Body,corpse_half_body.tga,0,106,1,0,,0,,
1511,New Skeleton Body,skel02.tga,0,106,0,0,,0,,
1512,Boobrie Bird,boobriebird.tga,0,107,1,0,,0,,
1513,Vine Mass,vine_mass.tga,0,107,1,0,,0,,
1514,Granidon,Granidon.tga,0,107,1,0,,0,,
1515,Sanidon,Sanidon.tga,0,107,1,0,,0,,
1516,Armored Skeleton,skel02_armored.tga,0,107,1,0,,0,,
1517,Larnvidur Head,larnvidur_head.tga,0,108,1,0,,0,,
1518,Larnvidur Arms,larnvidur_arms.tga,0,108,1,0,,0,,
1519,Spirit,ghost_spirit.tga,0,108,1,0,,0,,
1520,Ogress Face,ogress_face.tga,0,108,1,0,,0,,
1521,Ogress Helm,ogress_helm.tga,0,108,1,0,,0,,
1522,Ogress Pauldron,ogress_pauldron.tga,0,108,1,0,,0,,
1523,2k Black Skeleton,Skel02_black.tga,0,108,1,0,,0,,
1524,Grazer,Grazer.tga,0,107,1,0,,0,,
1525,Ice Queen Body,Ice_Queen_body.tga,0,109,1,0,,0,,
1526,Treant Body,treant_body.tga,0,108,1,0,,0,,
1527,Treant Head,treant_head.tga,0,108,1,0,,0,,
1528,Haunted Treant Body,treant_haunt_body.tga,0,108,1,0,,0,,
1529,Haunted Treant Head,treant_haunt_head.tga,0,108,1,0,,0,,
1530,Elk Undead,Elk_undead.tga,0,108,1,0,,0,,
1531,Animus Giant,Animus.tga,0,108,1,0,,0,,
1532,Rock Golem,golem_obsidian.tga,0,108,1,0,,0,,
1533,Bone Dancer Pet,bonedancerpet01.tga,0,108,0,0,,0,,
1534,Ice Queen Head,Ice_Queen_head.tga,0,109,1,0,,0,,
1535,Coral Golem,golem_coral.tga,0,109,1,0,,0,,
1536,Albion Old Man,Bnpc_Mhedold.tga,1,109,0,0,,0,,
1537,Albion Old Woman,Bnpc_Fhedold.tga,1,109,0,0,,0,,
1538,Hib Old Man,Cnpc_Mhedold.tga,1,109,0,0,,0,,
1539,Hib Old Woman,Cnpc_Fhedold.tga,1,109,0,0,,0,,
1540,Mid Old Man,Vnpc_Mhedold.tga,1,109,0,0,,0,,
1541,Mid Old Woman,Vnpc_Fhedold.tga,1,109,0,0,,0,,
1542,Banner Cloth,Bannercloth.tga,0,0,0,0,1,0,,
1543,Guild Stone,Guildstone.tga,0,0,0,0,1,0,,
1544,Guild Cloth,Guildwood.tga,0,0,0,0,1,0,,
1545,Barracuda,Barracuda.tga,0,120,1,0,,0,,
1546,Dread Shark Detail,Dredshark_detail.tga,7,120,1,0,,0,,
1547,Dread Shark Young,Dredshark_young.tga,0,120,1,0,,0,,
1548,Dread Shark Old,Dredshark_old.tga,0,120,1,0,,0,,
1549,Octopussy,Octopus.tga,0,120,1,0,,0,,
1550,Shark,Shark.tga,0,120,1,0,,0,,
1551,Hammerhead,Shark_Hammerhead.tga,0,120,1,0,,0,,
1552,Cetus_head,Cetus_head.tga,0,120,2,0,,0,,
1553,Cetus_arm,Cetus_arm.tga,0,120,2,0,,0,,
1554,Cetus_body,Cetus_body.tga,0,120,2,0,,0,,
1555,sting ray,Stingray01.tga,0,120,1,0,,0,,
1556,Triton 01,Triton01.tga,0,121,2,0,,0,,
1557,Triton 02,Triton02.tga,0,121,2,0,,0,,
1558,Triton 03,Triton03.tga,0,121,2,0,,0,,
1559,Triton lt,Triton_Lt.tga,0,121,2,0,,0,,
1560,Nereid 01,Nereid01.tga,0,121,2,0,,0,,
1561,Nereid 02,Nereid02.tga,0,121,2,0,,0,,
1562,Nereid Lt,Nereid_Lt.tga,0,121,2,0,,0,,
1563,Eel,Eel01.tga,0,123,1,0,,0,,
1564,Amazon01,Amazon01.tga,0,122,2,0,,0,,
1565,Amazon02,Amazon02.tga,0,122,2,0,,0,,
1566,Amazon03,Amazon03.tga,0,122,2,0,,0,,
1567,Amazon04,Amazon04.tga,0,122,2,0,,0,,
1568,Amazon05,Amazon05.tga,0,122,2,0,,0,,
1569,Amazon bump bronze,Amazon_bump_bronze.tga,6,122,2,0,,0,,
1570,Amazon bump gold,Amazon_bump_gold.tga,6,122,2,0,,0,,
1571,Amazon gloss bronze,Amazon_gloss_bronze.tga,4,122,2,0,,0,,
1572,Amazon gloss gold,Amazon_gloss_gold.tga,4,122,2,0,,0,,
1573,Amazon lt gold,Amazon_lt_gold.tga,0,122,2,0,,0,,
1574,Amazon lt gold bump,Amazon_lt_gold_bump.tga,6,122,2,0,,0,,
1575,Amazon lt gold gloss,Amazon_lt_gold_gloss.tga,4,122,2,0,,0,,
1576,Amazon lt stone,Amazon_lt_stone.tga,0,122,2,0,,0,,
1577,Harpy01,Harpy01.tga,0,123,2,0,,0,,
1578,Harpy02,Harpy02.tga,0,123,2,0,,0,,
1579,Harpy03,Harpy03.tga,0,123,2,0,,0,,
1580,Hoplite01,Hoplite01.tga,0,123,2,0,,0,,
1581,Hoplite02,Hoplite02.tga,0,123,2,0,,0,,
1582,Hoplite03,Hoplite03.tga,0,123,2,0,,0,,
1583,Hoplite04,Hoplite04.tga,0,123,2,0,,0,,
1584,Hoplite05,Hoplite05.tga,0,133,0,0,,0,,
1585,Hoplite bump bronze,Hoplite_bump_bronze.tga,6,123,2,0,,0,,
1586,Hoplite bump gold,Hoplite_bump_gold.tga,6,123,2,0,,0,,
1587,Hoplite detail1,Hoplite_detail1.tga,7,124,2,0,,0,,
1588,Hoplite detail5,Hoplite_detail5.tga,7,133,1,0,,0,,
1589,Hoplite envmapligh,Hoplite_envmapligh.tga,5,123,2,0,,0,,
1590,Hoplite envmapligh bronze,Hoplite_envmapligh_bronze.tga,5,123,2,0,,0,,
1591,Hoplite lt gold,Hoplite_lt_gold.tga,0,124,2,0,,0,,
1592,Hoplite lt gold bump,Hoplite_lt_gold_bump.tga,6,123,2,0,,0,,
1593,Hoplite lt stone,Hoplite_lt_stone.tga,0,124,2,0,,0,,
1594,Sting Ray 02,Stingray02.tga,0,124,1,0,,0,,
1595,Sting Ray 03,Stingray03.tga,0,124,1,0,,0,,
1596,Fishies,Fishies.tga,0,124,1,0,,0,,
1597,Shark_tiger,Shark_tiger.tga,0,123,1,0,,0,,
1598,Shark_leopard,Shark_leopard.tga,0,123,1,0,,0,,
1599,Half Ogre Arm,HO_cth0_arm1.tga,0,125,0,0,,0,,
1600,Half Ogre Female Body,HO_cth0_body1f.tga,0,125,0,0,,0,,
1601,Half Ogre Male Body,HO_cth0_body1m.tga,0,125,0,0,,0,,
1602,Half Ogre Boot,HO_cth0_boot1.tga,0,125,0,0,,0,,
1603,Half Ogre Glove,HO_cth0_glov1.tga,0,125,0,0,,0,,
1604,Half Ogre Lower Body,HO_cth0_lbody1.tga,0,125,0,0,,0,,
1605,Half Ogre Cloth Leg,HO_cth0_leg1.tga,0,125,0,0,,0,,
1606,Half Ogre Female Head 1,HO_fhed1.tga,1,125,0,0,,0,,
1607,Half Ogre Female Head 2,HO_fhed2.tga,1,125,0,0,,0,,
1608,Half Ogre Female Head 3,HO_fhed3.tga,1,125,0,0,,0,,
1609,Half Ogre Female Head 4,HO_fhed4.tga,1,125,0,0,,0,,
1610,Half Ogre Female Head 5,HO_fhed5.tga,1,125,0,0,,0,,
1611,Half Ogre Female Head 6,HO_fhed6.tga,1,125,0,0,,0,,
1612,Half Ogre Male Head 1,HO_mhed1.tga,1,125,0,0,,0,,
1613,Half Ogre Male Head 2,HO_mhed2.tga,1,125,0,0,,0,,
1614,Half Ogre Male Head 3,HO_mhed3.tga,1,125,0,0,,0,,
1615,Half Ogre Male Head 4,HO_mhed4.tga,1,125,0,0,,0,,
1616,Half Ogre Male Head 5,HO_mhed5.tga,1,125,0,0,,0,,
1617,Half Ogre Male Head 6,HO_mhed6.tga,1,125,0,0,,0,,
1618,Nehebkau01,Nehebkau01.tga,0,126,2,0,,0,,
1619,Mau lt,Mau_lt.tga,0,126,2,0,,0,,
1620,Mault gloss,Mault_gloss.tga,4,126,2,0,,0,,
1621,Mau01,Mau01.tga,0,126,2,0,,0,,
1622,Mau02,Mau02.tga,0,126,2,0,,0,,
1623,Horian01,Horian01.tga,0,133,0,0,,0,,
1624,Anubite01,Anubite01.tga,0,132,0,0,,0,,
1625,Anubite02,Anubite02.tga,0,126,2,0,,0,,
1626,Anubite lt,Anubite_lt.tga,0,126,2,0,,0,,
1627,Anubite mum,Anubite_mum.tga,0,126,2,0,,0,,
1628,Anubite gloss,Anubite_gloss.tga,4,126,2,0,,0,,
1629,Ammut body,Ammut_body.tga,0,126,2,0,,0,,
1630,Ammut head,Ammut_head.tga,0,126,2,0,,0,,
1631,Ammut leg,Ammut_leg.tga,0,126,2,0,,0,,
1632,Setian01,Setian01.tga,0,126,2,0,,0,,
1633,Setian02,Setian02.tga,0,126,2,0,,0,,
1634,Setian lt,Setian_lt.tga,0,126,2,0,,0,,
1635,Setianlt gloss,Setianlt_gloss.tga,4,126,2,0,,0,,
1636,Sobekite01,Sobekite01.tga,0,132,0,0,,0,,
1637,Sobekite02,Sobekite02.tga,0,123,2,0,,0,,
1638,Sobekite gloss,Sobekite_gloss.tga,4,123,2,0,,0,,
1639,Sobekite lt,Sobekite_lt.tga,0,123,2,0,,0,,
1640,Typhon body,Typhon_body.tga,0,124,2,0,,0,,
1641,Typhon legs,Typhon_legs.tga,0,124,2,0,,0,,
1642,Typhon detail1,Typhon_detail1.tga,7,124,2,0,,0,,
1643,Eel 2,Eel02.tga,0,123,1,0,,0,,
1644,Frostalf cth0 arm1.tga,SV_cth0_arm1.tga,0,125,0,0,,0,,
1645,Frostalf cth0 body1f.tga,SV_cth0_body1f.tga,0,125,0,0,,0,,
1646,Frostalf cth0 body1m.tga,SV_cth0_body1m.tga,0,125,0,0,,0,,
1647,Frostalf cth0 boot1.tga,SV_cth0_boot1.tga,0,125,0,0,,0,,
1648,Frostalf cth0 glov1.tga,SV_cth0_glov1.tga,0,125,0,0,,0,,
1649,Frostalf cth0 lbody1.tga,SV_cth0_lbody1.tga,0,125,0,0,,0,,
1650,Frostalf cth0 leg1.tga,SV_cth0_leg1.tga,0,125,0,0,,0,,
1651,Frostalf FHed1.tga,SV_FHed1.tga,1,125,0,0,,0,,
1652,Frostalf FHed2.tga,SV_FHed2.tga,1,125,0,0,,0,,
1653,Frostalf FHed3.tga,SV_FHed3.tga,1,125,0,0,,0,,
1654,Frostalf FHed4.tga,SV_FHed4.tga,1,125,0,0,,0,,
1655,Frostalf FHed5.tga,SV_FHed5.tga,1,125,0,0,,0,,
1656,Frostalf FHed6.tga,SV_FHed6.tga,1,125,0,0,,0,,
1657,Frostalf MHed1.tga,SV_MHed1.tga,1,125,0,0,,0,,
1658,Frostalf MHed2.tga,SV_MHed2.tga,1,125,0,0,,0,,
1659,Frostalf MHed3.tga,SV_MHed3.tga,1,125,0,0,,0,,
1660,Frostalf MHed4.tga,SV_MHed4.tga,1,125,0,0,,0,,
1661,Frostalf MHed5.tga,SV_MHed5.tga,1,125,0,0,,0,,
1662,Frostalf MHed6.tga,SV_MHed6.tga,1,125,0,0,,0,,
1663,Hoplite lt gold gloss.tga,Hoplite_lt_gold_gloss.tga,4,123,2,0,,0,,
1664,Hoplite bronze gloss.tga,Hoplite_bronze_gloss.tga,4,123,2,0,,0,,
1665,Hoplite gold gloss.tga,Hoplite_gold_gloss.tga,4,123,2,0,,0,,
1666,androsphinx,androsphinx.tga,0,127,2,0,,0,,
1667,androsphinx head1,androsphinx_head.tga,0,127,2,0,,0,,
1668,androsphinx head2,androsphinx_head2.tga,0,127,2,0,,0,,
1669,androsphinx head3,androsphinx_head3.tga,0,127,2,0,,0,,
1670,androsphinx head4,androsphinx_head4.tga,0,127,2,0,,0,,
1671,andro bump,andro_bump.tga,6,127,2,0,,0,,
1672,andro gloss,andro_gloss.tga,4,127,2,0,,0,,
1673,hieracosphinx,hieracosphinx.tga,0,127,2,0,,0,,
1674,hieracosphinx head,hieracosphinx_head.tga,0,127,2,0,,0,,
1675,hieracosphinx head2,hieracosphinx_head2.tga,0,127,2,0,,0,,
1676,hieracosphinx bump,hieracosphinx_bump.tga,6,127,2,0,,0,,
1677,hieracosphinx gloss,hieracosphinx_gloss.tga,4,127,2,0,,0,,
1678,hieracosphinx head bump,hieracosphinx_head_bump.tga,6,127,2,0,,0,,
1679,hieracosphinx head gloss,hieracosphinx_head_gloss.tga,4,127,2,0,,0,,
1680,criosphinx,criosphinx.tga,0,127,2,0,,0,,
1681,criosphinx head,criosphinx_head.tga,0,127,2,0,,0,,
1682,criosphinx head2,criosphinx_head2.tga,0,127,2,0,,0,,
1683,criosphinx bump,criosphinx_bump.tga,6,127,2,0,,0,,
1684,criosphinx gloss,criosphinx_gloss.tga,4,127,2,0,,0,,
1685,criosphinx head bump,criosphinx_head_bump.tga,6,127,2,0,,0,,
1686,criosphinx head gloss,criosphinx_head_gloss.tga,4,127,2,0,,0,,
1687,gynosphinx,gynosphinx.tga,0,127,2,0,,0,,
1688,gynosphinx head,gynosphinx_head.tga,0,127,2,0,,0,,
1689,gynosphinx bump,gynosphinx_bump.tga,6,127,2,0,,0,,
1690,gynosphinx gloss,gynosphinx_gloss.tga,4,127,2,0,,0,,
1691,gynosphinx head bump,gynosphinx_head_bump.tga,6,127,2,0,,0,,
1692,gynosphinx head gloss,gynosphinx_head_gloss.tga,4,127,2,0,,0,,
1693,Chimera Body,Chimera_Body.tga,0,127,2,0,,0,,
1694,Chimera Head,Chimera_Head.tga,0,127,2,0,,0,,
1695,Chimera detail,Chimera_detail.tga,7,127,2,0,,0,,
1696,Talos arm,Talos_arm.tga,0,127,2,0,,0,,
1697,Talos arm bump,Talos_arm_bump.tga,6,127,2,0,,0,,
1698,Talos arm gloss,Talos_arm_gloss.tga,4,127,2,0,,0,,
1699,Talos chest,Talos_chest.tga,0,127,2,0,,0,,
1700,Talos chest bump,Talos_chest_bump.tga,6,127,2,0,,0,,
1701,Talos chest gloss,Talos_chest_gloss.tga,4,127,2,0,,0,,
1702,Talos head,Talos_head.tga,0,127,2,0,,0,,
1703,Talos head bump,Talos_head_bump.tga,6,127,2,0,,0,,
1704,Talos head gloss,Talos_head_gloss.tga,4,127,2,0,,0,,
1705,Talos leg,Talos_leg.tga,0,127,2,0,,0,,
1706,Talos leg bump,Talos_leg_bump.tga,6,127,2,0,,0,,
1707,Talos leg gloss,Talos_leg_gloss.tga,4,127,2,0,,0,,
1708,Gorgon body,Gorgon_body.tga,0,127,2,0,,0,,
1709,Gorgon body Volc,Gorgon_body_Volc.tga,0,127,2,0,,0,,
1710,Gorgon CalmFace,Gorgon_CalmFace.tga,0,127,2,0,,0,,
1711,Gorgon CalmFace Volc,Gorgon_CalmFace_Volc.tga,0,127,2,0,,0,,
1712,Gorgon ScaryFace,Gorgon_ScaryFace.tga,0,127,2,0,,0,,
1713,Gorgon ScaryFace Glow,Gorgon_ScaryFace_Glow.tga,6,127,2,0,,0,,
1714,Gorgon ScaryFace Volc,Gorgon_ScaryFace_Volc.tga,0,127,2,0,,0,,
1715,Medusa body,Medusa_body.tga,0,127,2,0,,0,,
1716,Medusa head,Medusa_head.tga,0,127,2,0,,0,,
1717,Minotaur,Minotaur.tga,0,128,2,0,,0,,
1718,Minotaur Lt,Minotaur_lt.tga,0,128,2,0,,0,,
1719,Minotaur Alt,Minotaur_alt.tga,0,128,2,0,,0,,
1720,Medusa Head Volc,Medusa_Head_Volc.tga,0,128,2,0,,0,,
1721,Medusa Body Volc,Medusa_Body_Volc.tga,0,128,2,0,,0,,
1722,Gorgon CalmFace2,Gorgon_CalmFace2.tga,0,128,2,0,,0,,
1723,Gorgon CalmFace2 Volc,Gorgon_CalmFace2_Volc.tga,0,128,2,0,,0,,
1724,Gorgon CalmFace3,Gorgon_CalmFace3.tga,0,128,2,0,,0,,
1725,Gorgon CalmFace3 Volc,Gorgon_CalmFace3_Volc.tga,0,128,2,0,,0,,
1726,Stygian Lion,stygian_lion.tga,0,128,2,0,,0,,
1727,Djinn,djinn.tga,0,128,0,0,,0,,
1728,Djinn_flame000,djinn_flame000.tga,0,128,0,0,,0,,
1729,Djinn_gloss,djinn_gloss.tga,4,128,0,0,,0,,
1730,Djinn_hotglow,djinn_hotglow.tga,3,128,0,0,,0,,
1731,Djinn Lt,djinn_lt.tga,0,128,0,0,,0,,
1732,Djinnlt gloss,djinnlt_gloss.tga,4,128,0,0,,0,,
1733,Silver envmapligh,silver_envmapligh.tga,0,128,0,0,,0,,
1734,Dao,dao.tga,0,128,0,0,,0,,
1735,Marid,marid.tga,0,128,0,0,,0,,
1736,Jinni,jinni.tga,0,128,0,0,,0,,
1737,Jinni gloss,jinni_gloss.tga,4,128,0,0,,0,,
1738,Efreet,efreet.tga,0,128,0,0,,0,,
1739,Efreet gloss,efreet_gloss.tga,4,128,0,0,,0,,
1740,winged scarab,winged_scarab.tga,0,128,2,0,,0,,
1741,winged scarab bump,winged_scarab_bump.tga,6,128,2,0,,0,,
1742,winged scarab gloss,winged_scarab_gloss.tga,4,128,2,0,,0,,
1743,winged scarab 01,winged_scarab_01.tga,0,128,2,0,,0,,
1744,winged scarab 01  bump,winged_scarab_01__bump.tga,6,128,2,0,,0,,
1745,winged scarab 01 gloss,winged_scarab_01_gloss.tga,4,128,2,0,,0,,
1746,scarab,scarab.tga,0,128,2,0,,0,,
1747,scarab bump,scarab_bump.tga,6,128,2,0,,0,,
1748,scarab envmapligh,scarab_envmapligh.tga,5,128,2,0,,0,,
1749,scarab gloss,scarab_gloss.tga,4,128,2,0,,0,,
1750,extrastatue1,extrastatue1.tga,0,128,2,0,,0,,
1751,extrastatue2,extrastatue2.tga,0,128,2,0,,0,,
1752,hair sharauburn,hair_sharauburn.tga,0,125,0,0,,0,,
1753,hair sharblack,hair_sharblack.tga,0,125,0,0,,0,,
1754,hair sharblonde,hair_sharblonde.tga,0,125,0,0,,0,,
1755,hair sharbrightred,hair_sharbrightred.tga,0,125,0,0,,0,,
1756,hair sharbrown,hair_sharbrown.tga,0,125,0,0,,0,,
1757,hair shardirtblonde,hair_shardirtblonde.tga,0,125,0,0,,0,,
1758,hair sharplat,hair_sharplat.tga,0,125,0,0,,0,,
1759,hair sharred,hair_sharred.tga,0,125,0,0,,0,,
1760,Sh cth0 arm1,Sh_cth0_arm1.tga,0,125,0,0,,0,,
1761,Sh cth0 body1f,Sh_cth0_body1f.tga,0,125,0,0,,0,,
1762,Sh cth0 body1m,Sh_cth0_body1m.tga,0,125,0,0,,0,,
1763,Sh cth0 boot1,Sh_cth0_boot1.tga,0,125,0,0,,0,,
1764,Sh cth0 glov1,Sh_cth0_glov1.tga,0,125,0,0,,0,,
1765,Sh cth0 lbody1,Sh_cth0_lbody1.tga,0,125,0,0,,0,,
1766,Sh cth0 leg1,Sh_cth0_leg1.tga,0,125,0,0,,0,,
1767,Sh Fhed1,Sh_Fhed1.tga,1,125,0,0,,0,,
1768,Sh Fhed2,Sh_Fhed2.tga,1,125,0,0,,0,,
1769,Sh Fhed3,Sh_Fhed3.tga,1,125,0,0,,0,,
1770,Sh Fhed4,Sh_Fhed4.tga,1,125,0,0,,0,,
1771,Sh Fhed5,Sh_Fhed5.tga,1,125,0,0,,0,,
1772,Sh Fhed6,Sh_Fhed6.tga,1,125,0,0,,0,,
1773,Sh Mhed1,Sh_Mhed1.tga,1,125,0,0,,0,,
1774,Sh Mhed2,Sh_Mhed2.tga,1,125,0,0,,0,,
1775,Sh Mhed3,Sh_Mhed3.tga,1,125,0,0,,0,,
1776,Sh Mhed4,Sh_Mhed4.tga,1,125,0,0,,0,,
1777,Sh Mhed5,Sh_Mhed5.tga,1,125,0,0,,0,,
1778,Sh Mhed6,Sh_Mhed6.tga,1,125,0,0,,0,,
1779,Mammoth undead,Mammoth_undead.tga,0,110,1,0,,0,,
1780,lamia alt01,lamia_alt01.tga,0,110,1,0,,0,,
1781,Morvalt Basic Male undead,Morvalt_Basic_Male_undead.tga,0,110,1,0,,0,,
1782,Alternate Sylvan arm,HSylShade_arm_alt.tga,0,110,1,0,,0,,
1783,Alternate Sylvan bodym,HSylShade_body_alt.tga,0,110,1,0,,0,,
1784,Alternate Sylvan boot,HSylShade_boot_alt.tga,0,110,1,0,,0,,
1785,Alternate Sylvan glov,HSylShade_glov_alt.tga,0,110,1,0,,0,,
1786,Alternate Sylvan lbody,HSylShade_lbody_alt.tga,0,110,1,0,,0,,
1787,Alternate Sylvan leg,HSylShade_leg_alt.tga,0,110,1,0,,0,,
1788,Alternate Sylvan hair leaf,HSylShade_hair_alt.tga,0,110,1,0,,0,,
1789,Octonid alt01,Octonid_alt01.tga,0,110,1,0,,0,,
1790,centaur01,centaur01.tga,0,126,2,0,,0,,
1791,centaur02,centaur02.tga,0,126,2,0,,0,,
1792,centaur lt,centaur_lt.tga,0,126,2,0,,0,,
1793,centaur wing01,centaur_wing01.tga,0,126,2,0,,0,,
1794,centaur wing02,centaur_wing02.tga,0,126,2,0,,0,,
1795,centaur winglt,centaur_winglt.tga,0,126,2,0,,0,,
1796,centaur winglt gloss,centaur_winglt_gloss.tga,4,126,2,0,,0,,
1797,Hoplite envmapligh,Hoplite_envmapligh.tga,0,126,2,0,,0,,
1798,Phoenix body,phoenix_body.tga,0,124,2,0,,0,,
1799,Phoenix head,phoenix_head.tga,0,124,2,0,,0,,
1800,Phoenix leg,phoenix_leg.tga,0,124,2,0,,0,,
1801,Phoenix wing,phoenix_wing.tga,0,124,2,0,,0,,
1802,CyClops1,cyclops1.tga,0,126,2,0,,0,,
1803,CyClops2,cyclops2.tga,0,126,2,0,,0,,
1804,CyClops3,cyclops3.tga,0,126,2,0,,0,,
1805,CyClops4,cyclops4.tga,0,126,2,0,,0,,
1806,CyClops head1,cyclops_head1.tga,0,126,2,0,,0,,
1807,CyClops head2,cyclops_head2.tga,0,126,2,0,,0,,
1808,CyClops head3,cyclops_head3.tga,0,126,2,0,,0,,
1809,CyClops Lt,cyclops_lt.tga,0,126,2,0,,0,,
1810,CyClops Lt head,cyclops_lt_head.tga,0,126,2,0,,0,,
1811,Iaculi,Iaculi.tga,0,130,2,0,,0,,
1812,Uraeus,Uraeus.tga,0,130,2,0,,0,,
1813,stygian lion starry,stygian_lion_starry.tga,0,130,2,0,,0,,
1814,scorp starry,scorp_starry.tga,0,130,2,0,,0,,
1815,centaur starry,centaur_starry.tga,0,130,2,0,,0,,
1816,Crocodile 01,croc_01.tga,0,132,0,0,,0,,
1817,Crocodile 02,croc_02.tga,0,130,1,0,,0,,
1818,Crocodile 03,croc_03.tga,0,130,1,0,,0,,
1819,salamander,salamander.tga,0,130,0,0,,0,,
1820,scorp2_01,scorp2_01.tga,0,130,2,0,,0,,
1821,scorp2_02,scorp2_02.tga,0,130,2,0,,0,,
1822,manticore body,manticore_body.tga,0,130,2,0,,0,,
1823,manticore head,manticore_head.tga,0,130,2,0,,0,,
1824,manticore leg,manticore_leg.tga,0,130,2,0,,0,,
1825,manticore Mane,manticore_Mane.tga,0,130,2,0,,0,,
1826,Albion Relic Guard 01,B_Knight_Body1M.tga,0,111,0,0,,0,,
1827,draco arms,draco_arms.tga,0,124,2,0,,0,,
1828,draco body,draco_body.tga,0,124,2,0,,0,,
1829,draco head,draco_head.tga,0,124,2,0,,0,,
1830,draco legs,draco_legs.tga,0,124,2,0,,0,,
1831,minotaur alt2,minotaur_alt2.tga,0,130,2,0,,0,,
1832,minotaur Lt2,minotaur_Lt2.tga,0,130,2,0,,0,,
1833,B Scout Body1M,B_Scout_Body1M.tga,0,111,0,0,,0,,
1834,H Guardian Body1M,H_Guardian_Body1M.tga,0,111,0,0,,0,,
1835,H Ranger Body1M,H_Ranger_Body1M.tga,0,111,0,0,,0,,
1836,M Archer Body1M,M_Archer_Body1M.tga,0,111,0,0,,0,,
1837,M Jarl Body1M,M_Jarl_Body1M.tga,0,111,0,0,,0,,
1838,caustics1,caustics1.tga,6,129,2,0,,0,,
1839,efreet_decal,efreet_decal.tga,1,129,2,0,,0,,
1840,emap2,emap2.tga,5,129,2,0,,0,,
1841,fireshell4a,fireshell4a.tga,7,129,2,0,,0,,
1842,jinni_decal,jinni_decal.tga,1,129,2,0,,0,,
1843,marbclouds,marbclouds.tga,2,129,2,0,,0,,
1844,marid_gloss,marid_gloss.tga,4,129,2,0,,0,,
1845,TOA mummy arm1,TOA_mummy_arm1.tga,0,129,2,0,,0,,
1846,TOA mummy body1f a,TOA_mummy_body1f_a.tga,0,129,2,0,,0,,
1847,TOA mummy body1f h,TOA_mummy_body1f_h.tga,0,129,2,0,,0,,
1848,TOA mummy body1f m,TOA_mummy_body1f_m.tga,0,129,2,0,,0,,
1849,TOA mummy body1m a,TOA_mummy_body1m_a.tga,0,129,2,0,,0,,
1850,TOA mummy body1m h,TOA_mummy_body1m_h.tga,0,129,2,0,,0,,
1851,TOA mummy body1m m,TOA_mummy_body1m_m.tga,0,129,2,0,,0,,
1852,TOA mummy boot1 a,TOA_mummy_boot1_a.tga,0,129,2,0,,0,,
1853,TOA mummy boot1 hm,TOA_mummy_boot1_hm.tga,0,129,2,0,,0,,
1854,TOA mummy C Fhed1,TOA_mummy_C_Fhed1.tga,1,129,2,0,,0,,
1855,TOA mummy D Mhed1,TOA_mummy_D_Mhed1.tga,1,129,2,0,,0,,
1856,TOA mummy E mhed1,TOA_mummy_E_mhed1.tga,1,129,2,0,,0,,
1857,TOA mummy F Mhed1,TOA_mummy_F_Mhed1.tga,1,129,2,0,,0,,
1858,TOA mummy glove1,TOA_mummy_glov1.tga,0,129,2,0,,0,,
1859,TOA mummy hair sarblackA,TOA_mummy_hair_sarblackA.tga,0,129,2,0,,0,,
1860,TOA mummy hair sarblackB,TOA_mummy_hair_sarblackB.tga,0,129,2,0,,0,,
1861,TOA mummy HO fhed1,TOA_mummy_HO_fhed1.tga,1,129,2,0,,0,,
1862,TOA mummy K Mhed1,TOA_mummy_K_Mhed1.tga,1,129,2,0,,0,,
1863,TOA mummy lbody1,TOA_mummy_lbody1.tga,0,129,2,0,,0,,
1864,TOA mummy leg1 am,TOA_mummy_leg1_am.tga,0,129,2,0,,0,,
1865,TOA mummy leg1 h,TOA_mummy_leg1_h.tga,0,129,2,0,,0,,
1866,TOA mummy Sh Fhed1,TOA_mummy_Sh_Fhed1.tga,1,129,2,0,,0,,
1867,TOA mummy SV MHed1,TOA_mummy_SV_MHed1.tga,1,129,2,0,,0,,
1868,TOA mummy Syl hair Grey,TOA_mummy_Syl_hair_Grey.tga,0,129,2,0,,0,,
1869,TOA mummy Syl Mhed1,TOA_mummy_Syl_Mhed1.tga,1,129,2,0,,0,,
1870,TOA mummy T Fhed1,TOA_mummy_T_Fhed1.tga,1,129,2,0,,0,,
1871,TOA mummy T hair1,TOA_mummy_T_hair1.tga,0,129,2,0,,0,,
1872,TOA mummy V Mhed1,TOA_mummy_V_Mhed1.tga,1,129,2,0,,0,,
1873,horseblanket,horseblanket.tga,1,129,2,0,,0,,
1874,Mid Horse Blanket,horseblanket_M.tga,1,129,2,0,,0,,
1875,horseblanket h,horseblanket_h.tga,1,129,2,0,,0,,
1876,horseblanket a,horseblanket_a.tga,1,129,2,0,,0,,
1877,Dapple,Horse_dapple.tga,0,129,2,0,,0,,
1878,TOA stone arm1,TOA_stone_arm1.tga,0,131,2,0,,0,,
1879,TOA stone body1f a,TOA_stone_body1f_a.tga,0,131,2,0,,0,,
1880,TOA stone body1f h,TOA_stone_body1f_h.tga,0,131,2,0,,0,,
1881,TOA stone body1f m,TOA_stone_body1f_m.tga,0,131,2,0,,0,,
1882,TOA stone body1m a,TOA_stone_body1m_a.tga,0,131,2,0,,0,,
1883,TOA stone body1m h,TOA_stone_body1m_h.tga,0,131,2,0,,0,,
1884,TOA stone body1m m,TOA_stone_body1m_m.tga,0,131,2,0,,0,,
1885,TOA stone boot1 a,TOA_stone_boot1_a.tga,0,131,2,0,,0,,
1886,TOA stone boot1 mh,TOA_stone_boot1_mh.tga,0,131,2,0,,0,,
1887,TOA stone glov1,TOA_stone_glov1.tga,0,131,2,0,,0,,
1888,TOA stone lbody1,TOA_stone_lbody1.tga,0,131,2,0,,0,,
1889,TOA stone leg1 am,TOA_stone_leg1_am.tga,0,131,2,0,,0,,
1890,TOA stone leg1 h,TOA_stone_leg1_h.tga,0,131,2,0,,0,,
1891,fireshell6,fireshell6.tga,7,130,0,0,,0,,
1892,extrastatue_FireElemental,extrastatue_FireElemental.tga,0,130,0,0,,0,,
1893,TOA stone Fhed1 A,TOA_stone_Fhed1_A.tga,1,131,2,0,,0,,
1894,TOA stone Fhed1 B,TOA_stone_Fhed1_B.tga,1,131,2,0,,0,,
1895,TOA stone Fhed1 C,TOA_stone_Fhed1_C.tga,1,131,2,0,,0,,
1896,TOA stone Fhed1 D,TOA_stone_Fhed1_D.tga,1,131,2,0,,0,,
1897,TOA stone Fhed1 E,TOA_stone_Fhed1_E.tga,1,131,2,0,,0,,
1898,TOA stone Fhed1 F,TOA_stone_Fhed1_F.tga,1,131,2,0,,0,,
1899,TOA stone Fhed1 H,TOA_stone_Fhed1_H.tga,1,131,2,0,,0,,
1900,TOA stone Fhed1 I,TOA_stone_Fhed1_I.tga,1,131,2,0,,0,,
1901,TOA stone Fhed1 K,TOA_stone_Fhed1_K.tga,1,131,2,0,,0,,
1902,TOA stone Fhed1 L,TOA_stone_Fhed1_L.tga,1,131,2,0,,0,,
1903,TOA stone Fhed1 S,TOA_stone_Fhed1_S.tga,1,131,2,0,,0,,
1904,TOA stone Fhed1 Syl,TOA_stone_Fhed1_Syl.tga,1,131,2,0,,0,,
1905,TOA stone Fhed1 T,TOA_stone_Fhed1_T.tga,1,131,2,0,,0,,
1906,TOA stone Fhed1 V,TOA_stone_Fhed1_V.tga,1,131,2,0,,0,,
1907,TOA stone Fhed1 Va,TOA_stone_Fhed1_Va.tga,1,131,2,0,,0,,
1908,TOA stone hair1,TOA_stone_hair1.tga,0,131,2,0,,0,,
1909,TOA stone Mhed1 A,TOA_stone_Mhed1_A.tga,1,131,2,0,,0,,
1910,TOA stone Mhed1 B,TOA_stone_Mhed1_B.tga,1,131,2,0,,0,,
1911,TOA stone Mhed1 C,TOA_stone_Mhed1_C.tga,1,131,2,0,,0,,
1912,TOA stone Mhed1 D,TOA_stone_Mhed1_D.tga,1,131,2,0,,0,,
1913,TOA stone Mhed1 E,TOA_stone_Mhed1_E.tga,1,131,2,0,,0,,
1914,TOA stone Mhed1 F,TOA_stone_Mhed1_F.tga,1,131,2,0,,0,,
1915,TOA stone Mhed1 H,TOA_stone_Mhed1_H.tga,1,131,2,0,,0,,
1916,TOA stone Mhed1 I,TOA_stone_Mhed1_I.tga,1,131,2,0,,0,,
1917,TOA stone Mhed1 K,TOA_stone_Mhed1_K.tga,1,131,2,0,,0,,
1918,TOA stone Mhed1 L,TOA_stone_Mhed1_L.tga,1,131,2,0,,0,,
1919,TOA stone Mhed1 S,TOA_stone_Mhed1_S.tga,1,131,2,0,,0,,
1920,TOA stone Mhed1 Syl,TOA_stone_Mhed1_Syl.tga,1,131,2,0,,0,,
1921,TOA stone Mhed1 T,TOA_stone_Mhed1_T.tga,1,131,2,0,,0,,
1922,TOA stone Mhed1 V,TOA_stone_Mhed1_V.tga,1,131,2,0,,0,,
1923,TOA stone Mhed1 Va,TOA_stone_Mhed1_Va.tga,1,131,2,0,,0,,
1924,criosphinx_head_volc,criosphinx_head_volc.tga,0,131,2,0,,0,,
1925,criosphinx_volc,criosphinx_volc.tga,0,131,2,0,,0,,
1926,TOA stone cloak,TOA_stone_cloak.tga,0,131,2,0,,0,,
1927,TOA A rsch arm3 a,TOA_A_rsch_arm3_a.tga,0,131,2,0,,0,,
1928,TOA A rsch body1f a,TOA_A_rsch_body1f_a.tga,0,131,2,0,,0,,
1929,TOA A rsch body1m a,TOA_A_rsch_body1m_a.tga,0,131,2,0,,0,,
1930,TOA A rsch boot1 a,TOA_A_rsch_boot1_a.tga,0,131,2,0,,0,,
1931,TOA A rsch glov1 a,TOA_A_rsch_glov1_a.tga,0,131,2,0,,0,,
1932,TOA A rsch lbody3 a,TOA_A_rsch_lbody3_a.tga,0,131,2,0,,0,,
1933,TOA H rsch boot1 h,TOA_H_rsch_boot1_h.tga,0,131,2,0,,0,,
1934,TOA H rsch glov1 h,TOA_H_rsch_glov1_h.tga,0,131,2,0,,0,,
1935,TOA N rsch arm1 m,TOA_N_rsch_arm1_m.tga,0,131,2,0,,0,,
1936,TOA N rsch body1f m,TOA_N_rsch_body1f_m.tga,0,131,2,0,,0,,
1937,TOA N rsch body1m m,TOA_N_rsch_body1m_m.tga,0,131,2,0,,0,,
1938,TOA N rsch boot1 m,TOA_N_rsch_boot1_m.tga,0,131,2,0,,0,,
1939,TOA N rsch glov1 m,TOA_N_rsch_glov1_m.tga,0,131,2,0,,0,,
1940,TOA N rsch lbody3 m,TOA_N_rsch_lbody3_m.tga,0,131,2,0,,0,,
1941,TOA N rsch leg1 m,TOA_N_rsch_leg1_m.tga,0,131,2,0,,0,,
1942,TOA H rsch arm3 h,TOA_H_rsch_arm3_h.tga,0,131,2,0,,0,,
1943,TOA H rsch body1m h,TOA_H_rsch_body1m_h.tga,0,131,2,0,,0,,
1944,TOA H rsch lbody1 h,TOA_H_rsch_lbody1_h.tga,0,131,2,0,,0,,
1945,TOA H rsch body1f h,TOA_H_rsch_body1f_h.tga,0,131,2,0,,0,,
1946,TOA shade arm1,TOA_shade_arm1.tga,0,132,0,0,,0,,
1947,TOA shade body1f a,TOA_shade_body1f_a.tga,0,132,0,0,,0,,
1948,TOA shade body1f h,TOA_shade_body1f_h.tga,0,132,0,0,,0,,
1949,TOA shade body1f m,TOA_shade_body1f_m.tga,0,132,0,0,,0,,
1950,TOA shade body1m a,TOA_shade_body1m_a.tga,0,132,0,0,,0,,
1951,TOA shade body1m h,TOA_shade_body1m_h.tga,0,132,0,0,,0,,
1952,TOA shade body1m m,TOA_shade_body1m_m.tga,0,132,0,0,,0,,
1953,TOA shade boot1 a,TOA_shade_boot1_a.tga,0,132,0,0,,0,,
1954,TOA shade boot1 mh,TOA_shade_boot1_mh.tga,0,132,0,0,,0,,
1955,TOA shade cloak,TOA_shade_cloak.tga,0,132,0,0,,0,,
1956,TOA shade glov1,TOA_shade_glov1.tga,0,132,0,0,,0,,
1957,TOA shade lbody1,TOA_shade_lbody1.tga,0,132,0,0,,0,,
1958,TOA shade leg1 am,TOA_shade_leg1_am.tga,0,132,0,0,,0,,
1959,TOA shade mhed1 A,TOA_shade_mhed1_A.tga,1,132,0,0,,0,,
1960,TOA shade Mhed1 B,TOA_shade_Mhed1_B.tga,1,132,0,0,,0,,
1961,TOA shade Mhed1 C,TOA_shade_Mhed1_C.tga,1,132,0,0,,0,,
1962,TOA shade Mhed1 D,TOA_shade_Mhed1_D.tga,1,132,0,0,,0,,
1963,TOA shade mhed1 E,TOA_shade_mhed1_E.tga,1,132,0,0,,0,,
1964,TOA shade Mhed1 F,TOA_shade_Mhed1_F.tga,1,132,0,0,,0,,
1965,TOA shade Mhed1 H,TOA_shade_Mhed1_H.tga,1,132,0,0,,0,,
1966,TOA shade Mhed1 HO,TOA_shade_Mhed1_HO.tga,1,132,0,0,,0,,
1967,TOA shade Mhed1 I,TOA_shade_Mhed1_I.tga,1,132,0,0,,0,,
1968,TOA shade Mhed1 K,TOA_shade_Mhed1_K.tga,1,132,0,0,,0,,
1969,TOA shade Mhed1 L,TOA_shade_Mhed1_L.tga,1,132,0,0,,0,,
1970,TOA shade Mhed1 S,TOA_shade_Mhed1_S.tga,1,132,0,0,,0,,
1971,TOA shade Mhed1 Sh,TOA_shade_Mhed1_Sh.tga,1,132,0,0,,0,,
1972,TOA shade MHed1 SV,TOA_shade_MHed1_SV.tga,1,132,0,0,,0,,
1973,TOA shade Mhed1 Syl,TOA_shade_Mhed1_Syl.tga,1,132,0,0,,0,,
1974,TOA shade Mhed1 T,TOA_shade_Mhed1_T.tga,1,132,0,0,,0,,
1975,TOA shade Mhed1 V,TOA_shade_Mhed1_V.tga,1,132,0,0,,0,,
1976,TOA shade Mhed1 Va,TOA_shade_Mhed1_Va.tga,1,132,0,0,,0,,
1977,TOA shade hair,TOA_shade_hair.tga,0,132,0,0,,0,,
1978,TOA shade Fhed1 A,TOA_shade_Fhed1_A.tga,1,132,0,0,,0,,
1979,TOA shade Fhed1 B,TOA_shade_Fhed1_B.tga,1,132,0,0,,0,,
1980,TOA shade Fhed1 C,TOA_shade_Fhed1_C.tga,1,132,0,0,,0,,
1981,TOA shade Fhed1 D,TOA_shade_Fhed1_D.tga,1,132,0,0,,0,,
1982,TOA shade Fhed1 E,TOA_shade_Fhed1_E.tga,1,132,0,0,,0,,
1983,TOA shade Fhed1 F,TOA_shade_Fhed1_F.tga,1,132,0,0,,0,,
1984,TOA shade Fhed1 H,TOA_shade_Fhed1_H.tga,1,132,0,0,,0,,
1985,TOA shade Fhed1 HO,TOA_shade_Fhed1_HO.tga,1,132,0,0,,0,,
1986,TOA shade Fhed1 I,TOA_shade_Fhed1_I.tga,1,132,0,0,,0,,
1987,TOA shade Fhed1 K,TOA_shade_Fhed1_K.tga,1,132,0,0,,0,,
1988,TOA shade Fhed1 L,TOA_shade_Fhed1_L.tga,1,132,0,0,,0,,
1989,TOA shade Fhed1 S,TOA_shade_Fhed1_S.tga,1,132,0,0,,0,,
1990,TOA shade Fhed1 Sh,TOA_shade_Fhed1_Sh.tga,1,132,0,0,,0,,
1991,TOA shade FHed1 SV,TOA_shade_FHed1_SV.tga,1,132,0,0,,0,,
1992,TOA shade Fhed1 Syl,TOA_shade_Fhed1_Syl.tga,1,132,0,0,,0,,
1993,TOA shade Fhed1 T,TOA_shade_Fhed1_T.tga,1,132,0,0,,0,,
1994,TOA shade Fhed1 V,TOA_shade_Fhed1_V.tga,1,132,0,0,,0,,
1995,TOA shade Fhed1 Va,TOA_shade_Fhed1_Va.tga,1,132,0,0,,0,,
1996,Mummy body,toa_s_mummifiedbody.tga,0,131,2,0,,0,,
1997,TOA_shade_leg1_h.tga,TOA_shade_leg1_h.tga,0,132,0,0,,0,,
1998,TOA stone Fhed1 HO,TOA_stone_Fhed1_HO.tga,1,131,2,0,,0,,
1999,TOA stone MHed1 SV,TOA_stone_MHed1_SV.tga,1,131,2,0,,0,,
3000,TOA stone Fhed1 Sh,TOA_stone_Fhed1_Sh.tga,1,131,2,0,,0,,
3001,TOA stone FHed1 SV,TOA_stone_FHed1_SV.tga,1,131,2,0,,0,,
3002,TOA stone Mhed1 HO,TOA_stone_Mhed1_HO.tga,1,131,2,0,,0,,
3003,TOA stone Mhed1 Sh,TOA_stone_Mhed1_Sh.tga,1,131,2,0,,0,,
3004,TOA mummy I Mhed1,TOA_mummy_I_Mhed1.tga,1,129,2,0,,0,,
3005,TOA mummy Va Mhed1,TOA_mummy_Va_Mhed1.tga,1,129,2,0,,0,,
3006,TOA mummy I Fhed1,TOA_mummy_I_Fhed1.tga,1,129,2,0,,0,,
3007,TOA mummy HO mhed1,TOA_mummy_HO_mhed1.tga,1,129,2,0,,0,,
3008,TOA mummy L Fhed1,TOA_mummy_L_Fhed1.tga,1,129,2,0,,0,,
3009,TOA mummy L Mhed1,TOA_mummy_L_Mhed1.tga,1,129,2,0,,0,,
3010,centaur starry,centaur_starry.tga,3,130,2,0,,0,,
3011,stygian lion starry,stygian_lion_starry.tga,3,130,2,0,,0,,
3012,scorp starry,scorp_starry.tga,3,130,2,0,,0,,
3013,ettin 1,ettin.dds,0,140,4,0,,0,,
3014,Lion,lion.dds,0,140,4,0,,0,,
3015,Panther,panther.dds,0,140,4,0,,0,,
3016,crawler,crawler.dds,0,140,4,0,,0,,
3017,crawler2,crawler2.dds,0,140,4,0,,0,,
3018,eater,eater.dds,0,140,4,0,,0,,
3019,firey,firey.dds,0,140,4,0,,0,,
3020,ick,ick.dds,0,140,4,0,,0,,
3021,snow,snow.dds,0,140,4,0,,0,,
3022,spider,spider.dds,0,140,4,0,,0,,
3023,spider_brown,spider_brown.dds,0,140,4,0,,0,,
3024,vein,vein.dds,0,140,4,0,,0,,
3025,vein2,vein2.dds,0,140,4,0,,0,,
3026,Brown Snake,snake1.dds,0,140,4,0,,0,,
3027,Green Snake,snake2.dds,0,140,4,0,,0,,
3028,Red Snake,snake3.dds,0,140,4,0,,0,,
3029,Lynx,lynx.dds,0,140,4,0,,0,,
3030,Snowcat,snowcat.dds,0,140,4,0,,0,,
3031,Savage,savage.dds,0,140,4,0,,0,,
3032,Grasscat,grasscat.dds,0,140,4,0,,0,,
3033,Ogre,Ogre.dds,0,140,4,0,,0,,
3034,ogre_snow,ogre_snow.dds,0,140,4,0,,0,,
3035,skeleton_1,skeleton_1.dds,0,140,0,0,,0,,
3036,skeleton_2,skeleton_2.dds,0,140,0,0,,0,,
3037,skeleton_3,skeleton_3.dds,0,140,0,0,,0,,
3038,bear_black,bear_black.dds,0,140,4,0,,0,,
3039,bear_brown,bear_brown.dds,0,140,4,0,,0,,
3040,bear_polar,bear_polar.dds,0,140,4,0,,0,,
3041,ogre_rock_boss,ogre_rock_boss.dds,0,141,4,0,,0,,
3042,ogre_rock_low,ogre_rock_low.dds,0,141,4,0,,0,,
3043,ogre_rock_mid,ogre_rock_mid.dds,0,141,4,0,,0,,
3044,briton eye1,briton_eye1.dds,0,142,4,0,,0,,
3045,briton hair2,Bri_m_Hair01.dds,0,142,4,0,,0,,
3046,briton head1,Bri_m_Head01.dds,0,142,4,0,,0,,
3047,Briton ss Arms,Briton_ss_Arms.dds,0,142,4,0,,0,,
3048,Briton ss Body,Briton_ss_Body.dds,0,142,4,0,,0,,
3049,Briton ss Boots,Briton_ss_Boots.dds,0,142,4,0,,0,,
3050,Briton ss Gloves,Briton_ss_Gloves.dds,0,142,4,0,,0,,
3051,Briton ss Legs,Briton_ss_Legs.dds,0,142,4,0,,0,,
3052,giant-bottom1,giant-bottom1.dds,0,141,4,0,,0,,
3053,giant-bottom2,giant-bottom2.dds,0,141,4,0,,0,,
3054,giant-bottom3,giant-bottom3.dds,0,141,4,0,,0,,
3055,giant-cyclops-top1,giant-cyclops-top1.dds,0,141,4,0,,0,,
3056,giant-cyclops-top2,giant-cyclops-top2.dds,0,141,4,0,,0,,
3057,giant-cyclops-top3,giant-cyclops-top3.dds,0,141,4,0,,0,,
3058,giant-fire-top1,giant-fire-top1.dds,0,141,4,0,,0,,
3059,giant-fire-top2,giant-fire-top2.dds,0,141,4,0,,0,,
3060,giant-fire-top3,giant-fire-top3.dds,0,141,4,0,,0,,
3061,giant-forest-top1,giant-forest-top1.dds,0,141,4,0,,0,,
3062,giant-forest-top2,giant-forest-top2.dds,0,141,4,0,,0,,
3063,giant-frost-top1,giant-frost-top1.dds,0,141,4,0,,0,,
3064,giant-frost-top2,giant-frost-top2.dds,0,141,4,0,,0,,
3065,giant-plains-top1,giant-plains-top1.dds,0,141,4,0,,0,,
3066,giant-leatherdetail,giant-leatherdetail.dds,7,141,4,0,,0,,
3067,giant-skindetail,giant-skindetail.dds,7,141,4,0,,0,,
3068,Crystal Titan,Crystal_Titan.dds,0,134,0,0,,0,,
3069,ant,ant.dds,0,143,4,0,,0,,
3070,ant_black,ant_black.dds,0,143,4,0,,0,,
3071,termite,termite.dds,0,143,4,0,,0,,
3072,wolf2,wolf2.dds,0,143,4,0,,0,,
3073,wolf2_black,wolf2_black.dds,0,143,4,0,,0,,
3074,wolf2_demon,wolf2_demon.dds,0,143,4,0,,0,,
3075,wolf2_white,wolf2_white.dds,0,143,4,0,,0,,
3076,wolf2_zombie,wolf2_zombie.dds,0,143,4,0,,0,,
3077,wolf,wolf.dds,0,143,4,0,,0,,
3078,wolf_black,wolf_black.dds,0,143,4,0,,0,,
3079,wolf_snow,wolf_snow.dds,0,143,4,0,,0,,
3098, New Sprite,sprite.dds,0,143,4,0,,0,,
3108,tree_mud,tree_mud.dds,0,143,4,0,,0,,
3109,tree_mossy,tree_mossy.dds,0,143,4,0,,0,,
3110,tree_knotty,tree_knotty.dds,0,143,4,0,,0,,
3111,tree_base2,tree_base2.dds,0,143,4,0,,0,,
3112,tree_base,tree_base.dds,0,143,4,0,,0,,
3113,tree_eyeglow,tree_eyeglow.dds,0,143,4,0,,0,,
3114,tree glow,tree_glow.dds,3,143,4,0,,0,,
3115,Tree detail,tree_detail.dds,7,143,4,0,,0,,
3116,Env Map,soldierbot_reflect.dds,5,150,2,0,,0,,
3117,skrag,skrag.dds,0,143,4,0,,0,,
3118,skrag plant,skrag_plant.dds,0,143,4,0,,0,,
3119,skrag rock,skrag_rock.dds,0,143,4,0,,0,,
3120,Crystal Titan bump,Crystal_Titan_bump.dds,6,134,2,0,,0,,
3121,Crystal Titan envmap,Crystal_Titan_envmap.dds,5,134,2,0,,0,,
3122,Crystal Titan gloss,Crystal_Titan_gloss.dds,4,134,2,0,,0,,
3123,spider glow,spider_firey_glow.dds,3,140,4,0,,0,,
3124,wildling,wildling.dds,0,141,4,0,,0,,
3125,brownie,brownie.dds,0,141,4,0,,0,,
3126,huldu,huldu.dds,0,141,4,0,,0,,
3127,Roman1,Roman1.dds,0,141,4,0,,0,,
3128,Roman2,Roman2.dds,0,141,4,0,,0,,
3129,Saracen Legs,SaracenM_ss_legs.dds,0,142,4,0,,0,,
3130,Saracen Gloves,SaracenM_ss_gloves.dds,0,142,4,0,,0,,
3131,Saracen Boots,SaracenM_ss_boot.dds,0,142,4,0,,0,,
3132,Saracen Arms,SaracenM_ss_arm.dds,0,142,4,0,,0,,
3133,Saracen Hair,Sar_m_Hair01.dds,0,142,4,0,,0,,
3134,Saracen Body,SaracenM_ss_body.dds,0,142,4,0,,0,,
3135,Saracen Head,Sar_m_Head01.dds,0,142,4,0,,0,,
3139,Sylvan Spider,sylvan.dds,0,141,4,0,,0,,
3140,Inconni Spider,inconni.dds,0,141,4,0,,0,,
3141,Brit Chain Test,chaintest.dds,0,142,4,0,,chaintest.mat,,
3142,Cata - Studded Gloves,stdGloves01_01.dds,0,142,4,0,,0,,
3143,Cata - Studded boots,stdBoots01_01.dds,0,142,4,0,,0,,
3144,Cata - Studded,stdBody01_02.dds,0,142,4,0,,0,,
3145,Cata - Studded Legs,stdLegs01_03.dds,0,142,4,0,,0,,
3146,Cata - Studded Arms,stdArms02_01.dds,0,142,4,0,,0,,
3147,Cata - Sara F Head,Sar_f_Head01.dds,0,142,4,0,,0,,
3148,Cata - Sara F Hair,Sar_f_Hair01.dds,0,142,4,0,,0,,
3159,Kob f Head01,Kob_f_Head01.dds,0,151,4,0,,545,,
3160,Kob f Hair01,Kob_f_Hair01.dds,0,147,4,0,,543,,
3188,Tad Pole Base,Sprite_Tadpole.dds,0,141,4,0,,0,,
3189,Tad Pole Glow,Sprite_Tadpole_Glow.dds,3,141,4,0,,0,,
3204,Albino Sprite,AlbinoSprite.dds,0,141,4,0,,0,,
3205,E3 Kobold NPC Body,KobM_NPCBody01_01.dds,0,147,4,0,,0,,
3208,Evil Kobold Head,EvilKoboldSmall_head.dds,0,147,3,0,,0,,
3209,Evil Kobold Body,EvilKoboldSmall_Body.dds,0,147,3,0,,0,,
3210,Kobold Female Hair 1,Kob_f_Hair03.dds,0,147,4,0,,0,,
3211,Kobold Female Hair 2,Kob_f_Hair02.dds,0,147,4,0,,544,,
3212,Kobold Female Hair 3,Kob_f_Hair05.dds,0,147,4,0,,0,,
3213,Kobold Female Hair 4,Kob_f_Hair04.dds,0,147,4,0,,0,,
3214,KoboldMale Hair 1,Kob_m_Hair05.dds,0,147,4,0,,0,,
3215,KoboldMale Hair 2,Kob_m_Hair04.dds,0,147,4,0,,0,,
3216,KoboldMale Hair 3,Kob_m_Hair03.dds,0,147,4,0,,555,,
3217,KoboldMale Hair 4,Kob_m_Hair02.dds,0,147,4,0,,0,,
3218,Kob m NPCBody01 03,Kob_m_NPCBody01_03.dds,0,147,3,0,,0,,
3219,Kob m NPCBody01 02,Kob_m_NPCBody01_02.dds,0,147,3,0,,0,,
3220,Kob f NPCBody01 04,Kob_f_NPCBody01_04.dds,0,147,3,0,,0,,
3221,Kob f NPCBody01 03,Kob_f_NPCBody01_03.dds,0,147,3,0,,0,,
3222,Kob f NPCBody01 02,Kob_f_NPCBody01_02.dds,0,147,3,0,,0,,
3223,Kob f NPCBody01 0,Kob_f_NPCBody01_0.dds,0,147,3,0,,0,,
3224,Kob m NPCBody01 04,Kob_m_NPCBody01_04.dds,0,147,3,0,,0,,
3227,Mine Cart,Kobold_minecart.dds,0,148,3,0,,0,,
3228,siege_treb_dark_range.dds,siege_treb_dark_range.dds,0,148,3,0,,0,,
3229,siege_detail.dds,siege_detail.dds,0,148,3,0,,0,,
3230,siege_engine_01.dds,siege_engine_01.dds,0,148,3,0,,0,,
3231,siege_engine_02.dds,siege_engine_02.dds,0,148,3,0,,0,,
3232,Briton ss Arms,cthArms01_ss_Bri.dds,0,142,4,0,,194,a,
3233,Briton ss Body,CthBody01_ss_bri_M.dds,0,142,4,0,,239,,
3234,Briton ss Boots,CthBoots01_ss_bri.dds,0,142,4,0,,283,,
3235,Briton ss Gloves,CthGloves01_ss_bri.dds,0,142,4,0,,310,a,
3236,Briton ss Legs,cthLegs01_ss_Bri.dds,0,142,4,0,,405,,
3237,briton hair2,Bri_m_Hair01.dds,0,142,4,0,,6,,
3238,briton head1,Bri_m_Head01.dds,0,142,4,0,,7,,
3239,Troll ss Legs,cthLegs01_ss_tro.dds,0,142,4,0,,410,,
3240,Troll ss Gloves,CthGloves01_ss_tro.dds,0,142,4,0,,315,a,
3241,Troll ss Boots,CthBoots01_ss_tro.dds,0,142,4,0,,288,,
3242,Troll ss Body,CthBody01_ss_tro_M.dds,0,142,4,0,,249,,
3243,Troll ss Arms,cthArms01_ss_tro.dds,0,142,4,0,,199,a,
3244,Troll ss Head,Tro_m_Head01.dds,0,142,4,0,,1084,,
3245,Troll ss Hair,Tro_m_Hair01.dds,0,142,4,0,,0,,
3246,Valkyn SS Body,CthBody01_SS_Val_M.dds,0,142,4,0,,251,,
3247,Valkyn SS Hair,Val_m_Hair01.dds,0,142,4,0,,1104,,
3248,Valkyn SS Head,Val_m_Head01.dds,0,151,4,0,,1106,,
3249,Valkyn SS Legs,CthLegs01_SS_Val.dds,0,142,4,0,,411,,
3250,Valkyn SS Arms,CthArms01_SS_Val.dds,0,142,4,0,,200,a,
3251,Valkyn SS Gloves,CthGloves01_SS_Val.dds,0,142,4,0,,316,a,
3252,Valkyn SS Boots,CthBoots01_SS_Val.dds,0,142,4,0,,289,,
3253,Frostalf Male Hair,Fro_m_Hair01.dds,0,149,4,0,,525,,
3254,Frostalf Male Head,Fro_m_Head01.dds,0,151,4,0,,527,,
3255,Frostalf Male SS Body,cthBody01_SS_Fro_M.dds,0,149,4,0,,243,,
3256,Frostalf Male SS Arms,cthArms01_SS_Fro.dds,0,149,4,0,,196,,
3257,Frostalf Male SS Legs,cthLegs01_SS_Fro.dds,0,149,4,0,,407,,
3258,Frostalf Male SS Boots,cthBoots01_SS_Fro.dds,0,149,4,0,,285,,
3259,Frostalf Male SS Gloves,cthGloves01_SS_Fro.dds,0,149,4,0,,312,,
3260,Kobold Male Hair,Kob_m_Hair01.dds,0,149,4,0,,554,,
3261,Kobold Male Head,Kob_m_Head01.dds,0,151,4,0,,556,,
3262,Kobold Male SS Body,cthBody01_SS_Kob_M.dds,0,149,4,0,,245,,
3263,Kobold Male SS Arms,cthArms01_SS_Kob.dds,0,149,4,0,,197,a,
3264,Kobold Male SS Legs,cthLegs01_SS_Kob.dds,0,149,4,0,,408,a,
3265,Kobold Male SS Boots,cthBoots01_SS_Kob.dds,0,149,4,0,,286,,
3266,Kobold Male SS Gloves,cthGloves01_SS_Kob.dds,0,149,4,0,,313,a,
3267,Dwarf Male Hair,Dwa_m_Hair01.dds,0,149,4,0,,439,,
3268,Dwarf Male Head,Dwa_m_Head01.dds,0,151,4,0,,441,,
3269,Dwarf Male SS Body,cthBody01_SS_Dwa_M.dds,0,149,4,0,,241,,
3270,Dwarf Male SS Arms,cthArms01_SS_Dwa.dds,0,149,4,0,,195,,
3271,Dwarf Male SS Legs,cthLegs01_SS_Dwa.dds,0,149,4,0,,406,a,
3272,Dwarf Male SS Boots,cthBoots01_SS_Dwa.dds,0,149,4,0,,284,,
3273,Dwarf Male SS Gloves,cthGloves01_SS_Dwa.dds,0,149,4,0,,311,,
3276,Norse Male SS Body,cthBody01_SS_Nor_M.dds,0,149,4,0,,247,,
3277,Norse Male SS Arms,cthArms01_SS_Nor.dds,0,149,4,0,,198,,
3278,Norse Male SS Legs,cthLegs01_SS_Nor.dds,0,149,4,0,,409,,
3279,Norse Male SS Boots,cthBoots01_SS_Nor.dds,0,149,4,0,,287,,
3280,Norse Male SS Gloves,cthGloves01_SS_Nor.dds,0,149,4,0,,314,a,
3281,Terracite Boss,terracite_boss.dds,0,148,3,0,,0,,
3282,Terracite Minion,terracite_minion.dds,0,148,3,0,,0,,
3283,Terracite Glow,terracite_glow.dds,3,148,3,0,,0,,
3284,Gargoyle Mid,gargoyle_mid.dds,0,148,3,0,,0,,
3285,Gargoyle Alb,gargoyle_alb.dds,0,148,3,0,,0,,
3286,Gargoyle Hib,gargoyle_hib.dds,0,148,3,0,,0,,
3287,Gargoyle Glow,gargoyle_mid_glow.dds,3,148,3,0,,0,,
3288,PK Good Armor,stdBody05_std_CATA_pkgood_m.dds,0,148,3,0,,0,,
3289,PK Evil Armor,stdBody05_CATA_pkevil_m.dds,0,148,3,0,,0,,
3290,PK Good Armor,pltBody01_scl_CATA_pkgood_m.dds,0,148,3,0,,0,,
3291,PK Evil Armor,pltBody01_scl_CATA_pkevil_m.dds,0,148,3,0,,0,,
3292,PK Good Armor,pltBody01_chn_CATA_pkgood_m.dds,0,148,3,0,,0,,
3293,PK Evil Armor,pltBody01_chn_CATA_pkevil_m.dds,0,148,3,0,,0,,
3294,PK Good Armor,pltBody01_CATA_pkgood_m.dds,0,148,3,0,,0,,
3295,PK Evil Armor,pltBody01_CATA_pkevil_m.dds,0,148,3,0,,0,,
3296,PK 3 Head,pk3_head.dds,0,158,1,0,,0,,
3297,PK 3 Body,pk3_body.dds,0,158,1,0,,0,,
3298,PK 2 Head,pk2_head.dds,0,148,3,0,,0,,
3299,PK 2 Body,pk2_body.dds,0,148,3,0,,0,,
3300,PK Good Armor,leaBody05_ren_CATA_pkgood_m.dds,0,148,3,0,,0,,
3301,PK Good Armor,leaBody05_CATA_pkgood_m.dds,0,148,3,0,,0,,
3302,PK Evil Armor,leaBody05_CATA_pkevil_m.dds,0,148,3,0,,0,,
3303,PK Good Armor,cthBody01_CATA_pkgood.dds,0,148,3,0,,0,,
3304,PK Evil Armor,cthBody01_CATA_pkevil.dds,0,148,3,0,,0,,
3305,Norse Female Hair,Nor_f_Hair01.dds,0,149,4,0,,732,,
3306,Norse Female Head,Nor_f_Head01.dds,0,151,4,0,,734,,
3307,Norse Female SS Body,cthBody01_SS_Nor_f.dds,0,149,4,0,,246,,
3308,Briton Female Hair,Bri_f_Hair01.dds,0,149,4,0,,1,,
3309,Briton Female Head,Bri_f_Head01.dds,0,151,4,0,,2,,
3310,Briton Female SS Body,cthBody01_SS_Bri_f.dds,0,149,4,0,,238,,
3311,Half Orc Body,halforc_body.dds,0,150,3,0,,0,,
3312,Half Orc Scale,halforc_scale01.dds,0,150,3,0,,0,,
3313,Troll Female Head,tro_f_Head01.dds,0,151,4,0,,1054,,
3314,Troll Female SS Body,CthBody01_SS_Tro_F.dds,0,149,4,0,,248,,
3315,Lost Gnoll,gnoll_lost.dds,0,150,3,0,,0,,
3316,Gnoll Greenblud,gnoll_greenblud.dds,0,150,3,0,,0,,
3317,Gnoll Boss,gnoll_scale01.dds,0,150,3,0,,0,,
3318,Dwarf Female Head 1,Dwa_f_Head01.dds,0,151,4,0,,431,,
3319,Dwarf Female Head 2,Dwa_f_Head02.dds,0,151,4,0,,432,,
3320,Dwarf Female Head 3,Dwa_f_Head03.dds,0,151,4,0,,433,,
3321,Dwarf Female Head 4,Dwa_f_Head04.dds,0,151,4,0,,434,,
3322,Dwarf Male Head 2,Dwa_m_Head02.dds,0,151,4,0,,442,,
3323,Dwarf Male Head 3,Dwa_m_Head03.dds,0,151,4,0,,443,,
3324,Dwarf Male Head 4,Dwa_m_Head04.dds,0,151,4,0,,444,,
3325,Frostalf Female Head 1,Fro_f_Head01.dds,0,151,4,0,,518,,
3326,Frostalf Female Head 2,Fro_f_Head02.dds,0,151,4,0,,519,,
3327,Frostalf Female Head 3,Fro_f_Head03.dds,0,151,4,0,,520,,
3328,Frostalf Female Head 4,Fro_f_Head04.dds,0,151,4,0,,521,,
3329,Frostalf Male Head 2,Fro_m_Head02.dds,0,151,4,0,,528,,
3330,Frostalf Male Head 3,Fro_m_Head03.dds,0,151,4,0,,529,,
3331,Frostalf Male Head 4,Fro_m_Head04.dds,0,151,4,0,,530,,
3332,Kobold Female Head 2,Kob_f_Head02.dds,0,151,4,0,,546,,
3333,Kobold Female Head 3,Kob_f_Head03.dds,0,151,4,0,,547,,
3334,Kobold Female Head 4,Kob_f_Head04.dds,0,151,4,0,,548,,
3335,Kobold Male Head 2,Kob_m_Head02.dds,0,151,4,0,,557,,
3336,Kobold Male Head 3,Kob_m_Head03.dds,0,151,4,0,,558,,
3337,Kobold Male Head 4,Kob_m_Head04.dds,0,151,4,0,,559,,
3338,Norse Female Head 2,Nor_f_Head02.dds,0,151,4,0,,735,,
3339,Norse Female Head 3,Nor_f_Head03.dds,0,151,4,0,,736,,
3340,Norse Female Head 4,Nor_f_Head04.dds,0,151,4,0,,737,,
3341,Norse Male Head 1,Nor_m_Head01.dds,0,151,4,0,,743,,
3342,Norse Male Head 2,Nor_m_Head02.dds,0,151,4,0,,744,,
3343,Norse Male Head 3,Nor_m_Head03.dds,0,151,4,0,,745,,
3344,Norse Male Head 4,Nor_m_Head04.dds,0,151,4,0,,746,,
3345,Troll Female Head 2,tro_f_Head02.dds,0,151,4,0,,1055,,
3346,Troll Female Head 3,tro_f_Head03.dds,0,151,4,0,,1056,,
3347,Troll Female Head 4,tro_f_Head04.dds,0,151,4,0,,1057,,
3348,Troll Male Head 2,tro_m_Head02.dds,0,151,4,0,,1085,,
3349,Troll Male Head 3,tro_m_Head03.dds,0,151,4,0,,1086,,
3350,Troll Male Head 4,tro_m_Head04.dds,0,151,4,0,,1087,,
3351,Valkyn Female Head 1,Val_f_Head01.dds,0,151,4,0,,1095,,
3352,Valkyn Female Head 2,Val_f_Head02.dds,0,151,4,0,,1096,,
3353,Valkyn Female Head 3,Val_f_Head03.dds,0,151,4,0,,1097,,
3354,Valkyn Female Head 4,Val_f_Head04.dds,0,151,4,0,,1098,,
3355,Valkyn Male Head 2,Val_m_Head02.dds,0,151,4,0,,1107,,
3356,Valkyn Male Head 3,Val_m_Head03.dds,0,151,4,0,,1108,,
3357,Valkyn Male Head 4,Val_m_Head04.dds,0,151,4,0,,1109,,
3358,Norse Male Hair,Nor_m_Hair01.dds,0,151,4,0,,741,,
3359,Valkyn Female SS Body,CthBody01_SS_Val_f.dds,0,149,4,0,,250,,
3360,gnoll blackmane,gnoll_blackmane.dds,0,150,3,0,,0,,
3361,gnoll greenblud lost,gnoll_greenblud_lost.dds,0,150,3,0,,0,,
3362,gnoll scratchclaw,gnoll_scratchclaw.dds,0,150,3,0,,0,,
3363,gnoll scratchclaw lost,gnoll_scratchclaw_lost.dds,0,150,3,0,,0,,
3364,gnoll bloodmoon lost,gnoll_bloodmoon_lost.dds,0,150,3,0,,0,,
3365,gnoll bloodmoon,gnoll_bloodmoon.dds,0,150,3,0,,0,,
3366,gnoll blackmane lost,gnoll_blackmane_lost.dds,0,150,3,0,,0,,
3367,Frostalf Female SS Body,cthBody01_SS_Fro_f.dds,0,149,4,0,,242,,
3368,Valkyn Female Hair,Val_f_Hair01.dds,0,149,4,0,,1093,,
3369,Kobold Female SS Body,cthBody01_SS_Kob_F.dds,0,149,4,0,,244,,
3370,gnoll pkstolen01,gnoll_pkstolen01.dds,0,150,3,0,,0,,
3371,gnoll pkstolen02,gnoll_pkstolen02.dds,0,150,3,0,,0,,
3372,gnoll squareplate01,gnoll_squareplate01.dds,0,150,3,0,,0,,
3373,gnoll squareplate02,gnoll_squareplate02.dds,0,150,3,0,,0,,
3374,Dwarf Female SS Body,CthBody01_SS_Dwa_f.dds,0,149,4,0,,240,,
3375,Dwarf Female Hair 1,Dwa_f_Hair01.dds,0,149,4,0,,429,,
3376,Valkyn Male Hair 2,val_m_hair02.dds,0,151,4,0,,1105,,
3378,Dwarf Female Hair 2,dwa_f_Hair02.dds,0,151,4,0,,430,,
3379,Dwarf Male Hair 2,Dwa_m_hair02.dds,0,151,4,0,,440,,
3380,Frostalf Female Hair 2,fro_f_hair02.dds,0,151,4,0,,516,,
3381,Frostalf Female Hair 3,fro_f_hair03.dds,0,151,4,0,,517,,
3382,Frostalf Male Hair 2,fro_m_hair02.dds,0,151,4,0,,526,,
3383,Kobold Female Hair ,kob_f_hair02.dds,0,151,4,0,,544,,
3384,Kobold Male Hair 3,Kob_m_Hair03.dds,0,151,4,0,,555,,
3385,Norse Female Hair 2,Nor_f_Hair02.dds,0,151,4,0,,733,,
3386,Norse Male Hair 2,Nor_m_Hair02.dds,0,151,4,0,,742,,
3387,Valkyn Female Hair 2,val_f_hair02.dds,0,151,4,0,,1094,,
3388,Kob_m_Head05.dds,Kob_m_Head05.dds,0,151,4,0,,560,,
3389,Fro_m_Head05.dds,Fro_m_Head05.dds,0,151,4,0,,531,,
3390,Fro_m_Head06.dds,Fro_m_Head06.dds,0,151,4,0,,532,,
3391,Fro_f_Head06.dds,Fro_f_Head06.dds,0,151,4,0,,523,,
3392,Fro_f_Head05.dds,Fro_f_Head05.dds,0,151,4,0,,522,,
3393,Dwa_f_Head05.dds,Dwa_f_Head05.dds,0,151,4,0,,435,,
3394,Dwa_f_Head06.dds,Dwa_f_Head06.dds,0,151,4,0,,436,,
3395,Dwa_m_Head06.dds,Dwa_m_Head06.dds,0,151,4,0,,446,,
3396,Dwa_m_Head05.dds,Dwa_m_Head05.dds,0,151,4,0,,445,,
3397,Val_m_Head05.dds,Val_m_Head05.dds,0,151,4,0,,1110,,
3398,Val_m_Head06.dds,Val_m_Head06.dds,0,151,4,0,,1111,,
3399,Val_f_Head06.dds,Val_f_Head06.dds,0,151,4,0,,1100,,
3400,Val_f_Head05.dds,Val_f_Head05.dds,0,151,4,0,,1099,,
3401,Tro_f_Head05.dds,Tro_f_Head05.dds,0,151,4,0,,1058,,
3402,Tro_f_Head06.dds,Tro_f_Head06.dds,0,151,4,0,,1059,,
3403,Tro_m_Head06.dds,Tro_m_Head06.dds,0,151,4,0,,1089,,
3404,Tro_m_Head05.dds,Tro_m_Head05.dds,0,151,4,0,,1088,,
3405,Nor_m_Head05.dds,Nor_m_Head05.dds,0,151,4,0,,747,,
3406,Nor_m_Head06.dds,Nor_m_Head06.dds,0,151,4,0,,748,,
3407,Nor_f_Head06.dds,Nor_f_Head06.dds,0,151,4,0,,739,,
3408,Nor_f_Head05.dds,Nor_f_Head05.dds,0,151,4,0,,738,,
3409,Kob_f_Head05.dds,Kob_f_Head05.dds,0,151,4,0,,549,,
3410,Kob_f_Head06.dds,Kob_f_Head06.dds,0,151,4,0,,550,,
3411,Kob_m_Head06.dds,Kob_m_Head06.dds,0,151,4,0,,561,,
3412,shackledsoul_tan.dds,shackledsoul_tan.dds,0,143,3,0,,0,,
3413,shackledsoul_red.dds,shackledsoul_red.dds,0,143,3,0,,0,,
3414,shackledsoul_grey.dds,shackledsoul_grey.dds,0,143,3,0,,0,,
3415,shackledsoul_green.dds,shackledsoul_green.dds,0,143,3,0,,0,,
3416,Lost Half Orc,halforc_lost.dds,0,150,3,0,,0,,
3417,nor_m_hair02_blonde.dds,nor_m_hair02_blonde.dds,0,146,4,0,,1119,b,
3418,nor_m_hair02_bluebase.dds,nor_m_hair02_bluebase.dds,0,146,4,0,,1120,,
3419,nor_m_hair02_dkbrown.dds,nor_m_hair02_dkbrown.dds,0,146,4,0,,1121,,
3420,nor_m_hair02_white.dds,nor_m_hair02_white.dds,0,146,4,0,,1122,,
3421,nor_m_hair04_blonde.dds,nor_m_hair04_blonde.dds,0,146,4,0,,1123,b,
3422,nor_m_hair04_bluebase.dds,nor_m_hair04_bluebase.dds,0,146,4,0,,1124,,
3423,nor_m_hair04_dkbrown.dds,nor_m_hair04_dkbrown.dds,0,146,4,0,,1125,,
3424,nor_m_hair04_white.dds,nor_m_hair04_white.dds,0,146,4,0,,1126,,
3425,nor_f_hair01_blonde.dds,nor_f_hair01_blonde.dds,0,0,4,0,,1127,b,
3426,nor_f_hair01_bluebase.dds,nor_f_hair01_bluebase.dds,0,0,4,0,,1128,,
3427,nor_f_hair01_dkbrown.dds,nor_f_hair01_dkbrown.dds,0,0,4,0,,1129,,
3428,nor_f_hair01_white.dds,nor_f_hair01_white.dds,0,0,4,0,,1130,,
3429,nor_f_hair04_blonde.dds,nor_f_hair04_blonde.dds,0,0,4,0,,1131,b,
3430,nor_f_hair04_bluebase.dds,nor_f_hair04_bluebase.dds,0,0,4,0,,1132,,
3431,nor_f_hair04_dkbrown.dds,nor_f_hair04_dkbrown.dds,0,0,4,0,,1133,,
3432,nor_f_hair04_white.dds,nor_f_hair04_white.dds,0,0,4,0,,1134,,
3433,Fro_f_hair02_blonde.dds,Fro_f_hair02_blonde.dds,0,0,4,0,,1135,b,
3434,Fro_f_hair02_bluebase.dds,Fro_f_hair02_bluebase.dds,0,0,4,0,,1136,,
3435,Fro_f_hair02_dkbrown.dds,Fro_f_hair02_dkbrown.dds,0,0,4,0,,1137,,
3436,Fro_f_hair02_white.dds,Fro_f_hair02_white.dds,0,0,4,0,,1138,,
3437,Fro_m_Hair01_blonde.dds,Fro_m_Hair01_blonde.dds,0,0,4,0,,1139,b,
3438,Fro_m_Hair01_bluebase.dds,Fro_m_Hair01_bluebase.dds,0,0,4,0,,1140,,
3439,Fro_m_Hair01_dkbrown.dds,Fro_m_Hair01_dkbrown.dds,0,0,4,0,,1141,,
3440,Fro_m_Hair01_white.dds,Fro_m_Hair01_white.dds,0,0,4,0,,1142,,
3441,fro_m_hair02_blonde.dds,fro_m_hair02_blonde.dds,0,0,4,0,,1143,b,
3442,fro_m_hair02_bluebase.dds,fro_m_hair02_bluebase.dds,0,0,4,0,,1144,,
3443,fro_m_hair02_dkbrown.dds,fro_m_hair02_dkbrown.dds,0,0,4,0,,1145,,
3444,fro_m_hair02_white.dds,fro_m_hair02_white.dds,0,0,4,0,,1146,,
3445,fro_m_hair03_blonde.dds,fro_m_hair03_blonde.dds,0,0,4,0,,1147,b,
3446,fro_m_hair03_bluebase.dds,fro_m_hair03_bluebase.dds,0,0,4,0,,1148,,
3447,fro_m_hair03_dkbrown.dds,fro_m_hair03_dkbrown.dds,0,0,4,0,,1149,,
3448,fro_m_hair03_white.dds,fro_m_hair03_white.dds,0,0,4,0,,1150,,
3449,Fro_f_hair03_blonde.dds,Fro_f_hair03_blonde.dds,0,0,4,0,,1151,b,
3450,Fro_f_hair03_bluebase.dds,Fro_f_hair03_bluebase.dds,0,0,4,0,,1152,,
3451,Fro_f_hair03_dkbrown.dds,Fro_f_hair03_dkbrown.dds,0,0,4,0,,1153,,
3452,Fro_f_hair03_white.dds,Fro_f_hair03_white.dds,0,0,4,0,,1154,,
3453,kob_m_hair02_blonde.dds,kob_m_hair02_blonde.dds,0,0,4,0,,1155,b,
3454,kob_m_hair02_bluebase.dds,kob_m_hair02_bluebase.dds,0,0,4,0,,1156,,
3455,kob_m_hair02_dkbrown.dds,kob_m_hair02_dkbrown.dds,0,0,4,0,,1157,,
3456,kob_m_hair02_white.dds,kob_m_hair02_white.dds,0,0,4,0,,1158,,
3457,kob_m_hair04_blonde.dds,kob_m_hair04_blonde.dds,0,0,4,0,,1159,b,
3458,kob_m_hair04_bluebase.dds,kob_m_hair04_bluebase.dds,0,0,4,0,,1160,,
3459,kob_m_hair04_dkbrown.dds,kob_m_hair04_dkbrown.dds,0,0,4,0,,1161,,
3460,kob_m_hair04_white.dds,kob_m_hair04_white.dds,0,0,4,0,,1162,,
3461,kob_m_hair05_blonde.dds,kob_m_hair05_blonde.dds,0,0,4,0,,1163,b,
3462,kob_m_hair05_bluebase.dds,kob_m_hair05_bluebase.dds,0,0,4,0,,1164,,
3463,kob_m_hair05_dkbrown.dds,kob_m_hair05_dkbrown.dds,0,0,4,0,,1165,,
3464,kob_m_hair05_white.dds,kob_m_hair05_white.dds,0,0,4,0,,1166,,
3465,kob_f_hair02_blonde.dds,kob_f_hair02_blonde.dds,0,0,4,0,,1167,b,
3466,kob_f_hair02_bluebase.dds,kob_f_hair02_bluebase.dds,0,0,4,0,,1168,,
3467,kob_f_hair02_dkbrown.dds,kob_f_hair02_dkbrown.dds,0,0,4,0,,1169,,
3468,kob_f_hair02_white.dds,kob_f_hair02_white.dds,0,0,4,0,,1170,,
3469,kob_f_hair04_blonde.dds,kob_f_hair04_blonde.dds,0,0,4,0,,1171,b,
3470,kob_f_hair04_bluebase.dds,kob_f_hair04_bluebase.dds,0,0,4,0,,1172,,
3471,kob_f_hair04_dkbrown.dds,kob_f_hair04_dkbrown.dds,0,0,4,0,,1173,,
3472,kob_f_hair04_white.dds,kob_f_hair04_white.dds,0,0,4,0,,1174,,
3473,kob_f_hair01_blonde.dds,kob_f_hair01_blonde.dds,0,0,4,0,,1175,b,
3474,kob_f_hair01_bluebase.dds,kob_f_hair01_bluebase.dds,0,0,4,0,,1176,,
3475,kob_f_hair01_dkbrown.dds,kob_f_hair01_dkbrown.dds,0,0,4,0,,1177,,
3476,kob_f_hair01_white.dds,kob_f_hair01_white.dds,0,0,4,0,,1178,,
3477,Dwa_m_Hair02_blonde.dds,Dwa_m_Hair02_blonde.dds,0,0,4,0,,1179,b,
3478,Dwa_m_Hair02_bluebase.dds,Dwa_m_Hair02_bluebase.dds,0,0,4,0,,1180,,
3479,Dwa_m_Hair02_dkbrown.dds,Dwa_m_Hair02_dkbrown.dds,0,0,4,0,,1181,,
3480,Dwa_m_Hair02_white.dds,Dwa_m_Hair02_white.dds,0,0,4,0,,1182,,
3481,Dwa_m_hair04_blonde.dds,Dwa_m_hair04_blonde.dds,0,0,4,0,,1183,b,
3482,Dwa_m_hair04_bluebase.dds,Dwa_m_hair04_bluebase.dds,0,0,4,0,,1184,,
3483,Dwa_m_hair04_dkbrown.dds,Dwa_m_hair04_dkbrown.dds,0,0,4,0,,1185,,
3484,Dwa_m_hair04_white.dds,Dwa_m_hair04_white.dds,0,0,4,0,,1186,,
3485,Dwa_m_hair05_blonde.dds,Dwa_m_hair05_blonde.dds,0,0,4,0,,1187,b,
3486,Dwa_m_hair05_bluebase.dds,Dwa_m_hair05_bluebase.dds,0,0,4,0,,1188,,
3487,Dwa_m_hair05_dkbrown.dds,Dwa_m_hair05_dkbrown.dds,0,0,4,0,,1189,,
3488,Dwa_m_hair05_white.dds,Dwa_m_hair05_white.dds,0,0,4,0,,1190,,
3489,Val_m_Hair01_Blonde.dds,Val_m_Hair01_Blonde.dds,0,0,4,0,,1191,b,
3490,Val_m_Hair01_Bluebase.dds,Val_m_Hair01_Bluebase.dds,0,0,4,0,,1192,,
3491,Val_m_Hair01_dkBrown.dds,Val_m_Hair01_dkBrown.dds,0,0,4,0,,1193,,
3492,Val_m_Hair01_white.dds,Val_m_Hair01_white.dds,0,0,4,0,,1194,,
3493,val_m_hair02_blonde.dds,val_m_hair02_blonde.dds,0,0,4,0,,1195,b,
3494,val_m_hair02_bluebase.dds,val_m_hair02_bluebase.dds,0,0,4,0,,1196,,
3495,val_m_hair02_dkbrown.dds,val_m_hair02_dkbrown.dds,0,0,4,0,,1197,,
3496,val_m_hair02_white.dds,val_m_hair02_white.dds,0,0,4,0,,1198,,
3497,val_m_hair04_blonde.dds,val_m_hair04_blonde.dds,0,0,4,0,,1199,b,
3498,val_m_hair04_bluebase.dds,val_m_hair04_bluebase.dds,0,0,4,0,,1200,,
3499,val_m_hair04_dkbrown.dds,val_m_hair04_dkbrown.dds,0,0,4,0,,1201,,
3500,val_m_hair04_white.dds,val_m_hair04_white.dds,0,0,4,0,,1202,,
3501,Val_f_Hair01_blonde.dds,Val_f_Hair01_blonde.dds,0,0,4,0,,1203,b,
3502,Val_f_Hair01_bluebase.dds,Val_f_Hair01_bluebase.dds,0,0,4,0,,1204,,
3503,Val_f_Hair01_dkbrown.dds,Val_f_Hair01_dkbrown.dds,0,0,4,0,,1205,,
3504,Val_f_Hair01_white.dds,Val_f_Hair01_white.dds,0,0,4,0,,1206,,
3505,val_f_hair02_blonde.dds,val_f_hair02_blonde.dds,0,0,4,0,,1207,b,
3506,val_f_hair02_bluebase.dds,val_f_hair02_bluebase.dds,0,0,4,0,,1208,,
3507,val_f_hair02_dkbrown.dds,val_f_hair02_dkbrown.dds,0,0,4,0,,1209,,
3508,val_f_hair02_white.dds,val_f_hair02_white.dds,0,0,4,0,,1210,,
3509,val_f_hair03_blonde.dds,val_f_hair03_blonde.dds,0,0,4,0,,1211,b,
3510,val_f_hair03_bluebase.dds,val_f_hair03_bluebase.dds,0,0,4,0,,1212,,
3511,val_f_hair03_dkbrown.dds,val_f_hair03_dkbrown.dds,0,0,4,0,,1213,,
3512,val_f_hair03_white.dds,val_f_hair03_white.dds,0,0,4,0,,1214,,
3513,Dwa_f_Hair01_blonde.dds,Dwa_f_Hair01_blonde.dds,0,0,4,0,,1215,,
3514,Dwa_f_Hair01_bluebase.dds,Dwa_f_Hair01_bluebase.dds,0,0,4,0,,1216,,
3515,Dwa_f_Hair01_dkbrown.dds,Dwa_f_Hair01_dkbrown.dds,0,0,4,0,,1217,,
3516,Dwa_f_Hair01_white.dds,Dwa_f_Hair01_white.dds,0,0,4,0,,1218,,
3517,tro_f_decal01_blue.dds,tro_f_decal01_blue.dds,1,145,4,0,,,,
3518,tro_f_decal01_red.dds,tro_f_decal01_red.dds,1,145,4,0,,,,
3519,tro_f_decal01_yellow.dds,tro_f_decal01_yellow.dds,1,145,4,0,,,,
3520,tro_f_decal02_blue.dds,tro_f_decal02_blue.dds,1,145,4,0,,,,
3521,tro_f_decal02_red.dds,tro_f_decal02_red.dds,1,145,4,0,,,,
3522,tro_f_decal02_yellow.dds,tro_f_decal02_yellow.dds,1,145,4,0,,,,
3523,tro_f_decal03_blue.dds,tro_f_decal03_blue.dds,1,145,4,0,,,,
3524,tro_f_decal03_red.dds,tro_f_decal03_red.dds,1,145,4,0,,,,
3525,tro_f_decal03_yellow.dds,tro_f_decal03_yellow.dds,1,145,4,0,,,,
3526,tro_f_decal04_blue.dds,tro_f_decal04_blue.dds,1,145,4,0,,,,
3527,tro_f_decal04_red.dds,tro_f_decal04_red.dds,1,145,4,0,,,,
3528,tro_f_decal04_yellow.dds,tro_f_decal04_yellow.dds,1,145,4,0,,,,
3529,tro_f_decal05_blue.dds,tro_f_decal05_blue.dds,1,145,4,0,,,,
3530,tro_f_decal05_red.dds,tro_f_decal05_red.dds,1,145,4,0,,,,
3531,tro_f_decal05_yellow.dds,tro_f_decal05_yellow.dds,1,145,4,0,,,,
3532,tro_f_decal06_blue.dds,tro_f_decal06_blue.dds,1,145,4,0,,,,
3533,tro_f_decal06_red.dds,tro_f_decal06_red.dds,1,145,4,0,,,,
3534,tro_f_decal06_yellow.dds,tro_f_decal06_yellow.dds,1,145,4,0,,,,
3535,tro_f_decal07_blue.dds,tro_f_decal07_blue.dds,1,145,4,0,,,,
3536,tro_f_decal07_red.dds,tro_f_decal07_red.dds,1,145,4,0,,,,
3537,tro_f_decal07_yellow.dds,tro_f_decal07_yellow.dds,1,145,4,0,,,,
3538,tro_m_decal01_blue.dds,tro_m_decal01_blue.dds,1,145,4,0,,,,
3539,tro_m_decal01_red.dds,tro_m_decal01_red.dds,1,145,4,0,,,,
3540,tro_m_decal01_yellow.dds,tro_m_decal01_yellow.dds,1,145,4,0,,,,
3541,tro_m_decal02_blue.dds,tro_m_decal02_blue.dds,1,145,4,0,,,,
3542,tro_m_decal02_red.dds,tro_m_decal02_red.dds,1,145,4,0,,,,
3543,tro_m_decal02_yellow.dds,tro_m_decal02_yellow.dds,1,145,4,0,,,,
3544,tro_m_decal03_blue.dds,tro_m_decal03_blue.dds,1,145,4,0,,,,
3545,tro_m_decal03_red.dds,tro_m_decal03_red.dds,1,145,4,0,,,,
3546,tro_m_decal03_yellow.dds,tro_m_decal03_yellow.dds,1,145,4,0,,,,
3547,tro_m_decal04_blue.dds,tro_m_decal04_blue.dds,1,145,4,0,,,,
3548,tro_m_decal04_red.dds,tro_m_decal04_red.dds,1,145,4,0,,,,
3549,tro_m_decal04_yellow.dds,tro_m_decal04_yellow.dds,1,145,4,0,,,,
3550,tro_m_decal05_blue.dds,tro_m_decal05_blue.dds,1,145,4,0,,,,
3551,tro_m_decal05_red.dds,tro_m_decal05_red.dds,1,145,4,0,,,,
3552,tro_m_decal05_yellow.dds,tro_m_decal05_yellow.dds,1,145,4,0,,,,
3553,tro_m_decal06_blue.dds,tro_m_decal06_blue.dds,1,145,4,0,,,,
3554,tro_m_decal06_red.dds,tro_m_decal06_red.dds,1,145,4,0,,,,
3555,tro_m_decal06_yellow.dds,tro_m_decal06_yellow.dds,1,145,4,0,,,,
3556,tro_m_decal07_blue.dds,tro_m_decal07_blue.dds,1,145,4,0,,,,
3557,tro_m_decal07_red.dds,tro_m_decal07_red.dds,1,145,4,0,,,,
3558,tro_m_decal07_yellow.dds,tro_m_decal07_yellow.dds,1,145,4,0,,,,
3559,Fro_f_hair04_blonde.dds,Fro_f_hair04_blonde.dds,0,0,4,0,,1262,b,
3560,Fro_f_hair04_bluebase.dds,Fro_f_hair04_bluebase.dds,0,0,4,0,,1263,,
3561,Fro_f_hair04_dkbrown.dds,Fro_f_hair04_dkbrown.dds,0,0,4,0,,1264,,
3562,Fro_f_hair04_white.dds,Fro_f_hair04_white.dds,0,0,4,0,,1265,,
3563,kob_f_hair03_blonde.dds,kob_f_hair03_blonde.dds,0,0,4,0,,1373,b,
3564,kob_f_hair03_bluebase.dds,kob_f_hair03_bluebase.dds,0,0,4,0,,1374,,
3565,kob_f_hair03_dkbrown.dds,kob_f_hair03_dkbrown.dds,0,0,4,0,,1375,,
3566,kob_f_hair03_white.dds,kob_f_hair03_white.dds,0,0,4,0,,1376,,
3567,Hig_m_Hair1_blonde.dds,Hig_m_Hair1_blonde.dds,0,0,4,0,,1385,b,
3568,Hig_m_Hair1_bluebase.dds,Hig_m_Hair1_bluebase.dds,0,0,4,0,,1386,,
3569,Hig_m_Hair1_dkbrown.dds,Hig_m_Hair1_dkbrown.dds,0,0,4,0,,1387,,
3570,Hig_m_Hair1_white.dds,Hig_m_Hair1_white.dds,0,0,4,0,,1388,,
3571,Hig_m_Hair2_Blonde.dds,Hig_m_Hair2_Blonde.dds,0,0,4,0,,1389,b,
3572,Hig_m_Hair2_Bluebase.dds,Hig_m_Hair2_Bluebase.dds,0,0,4,0,,1390,,
3573,Hig_m_Hair2_dkbrown.dds,Hig_m_Hair2_dkbrown.dds,0,0,4,0,,1391,,
3574,Hig_m_Hair2_White.dds,Hig_m_Hair2_White.dds,0,0,4,0,,1392,,
3575,Nor_m_Hair01_white.dds,Nor_m_Hair01_white.dds,0,0,4,0,,1393,,
3576,Nor_m_Hair01_blonde.dds,Nor_m_Hair01_blonde.dds,0,0,4,0,,1394,,
3577,Nor_m_Hair01_bluebase.dds,Nor_m_Hair01_bluebase.dds,0,0,4,0,,1395,,
3578,Nor_m_Hair01_dkbrown.dds,Nor_m_Hair01_dkbrown.dds,0,0,4,0,,1396,,
3579,cthBody01_SS_Hal_M.dds,cthBody01_SS_Hal_M.dds,0,0,4,0,,1397,,
3580,cthBody01_SS_Hal_F.dds,cthBody01_SS_Hal_F.dds,0,0,4,0,,1398,,
3581,cthArms01_SS_Hal.dds,cthArms01_SS_Hal.dds,0,0,4,0,,1399,a,
3582,cthGloves01_SS_Hal.dds,cthGloves01_SS_Hal.dds,0,0,4,0,,1400,a,
3583,cthLegs01_SS_Hal.dds,cthLegs01_SS_Hal.dds,0,0,4,0,,1401,,
3584,cthBoots01_SS_Hal.dds,cthBoots01_SS_Hal.dds,0,0,4,0,,1402,,
3585,Hal_m_Head01.dds,Hal_m_Head01.dds,0,0,4,0,,1403,,
3586,Hal_m_Head01.dds,Hal_m_Head02.dds,0,0,4,0,,1404,,
3587,Hal_m_Head03.dds,Hal_m_Head03.dds,0,0,4,0,,1405,,
3588,Hal_m_Head04.dds,Hal_m_Head04.dds,0,0,4,0,,1406,,
3589,Hal_m_Head05.dds,Hal_m_Head05.dds,0,0,4,0,,1407,,
3590,Hal_m_Head06.dds,Hal_m_Head06.dds,0,0,4,0,,1408,,
3591,Hal_f_Head01.dds,Hal_f_Head01.dds,0,0,4,0,,1409,,
3592,Hal_f_Head02.dds,Hal_f_Head02.dds,0,0,4,0,,1410,,
3593,Hal_f_Head03.dds,Hal_f_Head03.dds,0,0,4,0,,1411,,
3594,Hal_f_Head04.dds,Hal_f_Head04.dds,0,0,4,0,,1412,,
3595,Hal_f_Head05.dds,Hal_f_Head05.dds,0,0,4,0,,1413,,
3596,Hal_f_Head06.dds,Hal_f_Head06.dds,0,0,4,0,,1414,,
3597,cthBody01_SS_Hig_M.dds,cthBody01_SS_Hig_M.dds,0,0,4,0,,1415,,
3598,cthBody01_SS_Hig_F.dds,cthBody01_SS_Hig_F.dds,0,0,4,0,,1416,,
3599,cthArms01_SS_Hig.dds,cthArms01_SS_Hig.dds,0,0,4,0,,1417,,
3600,cthLegs01_SS_Hig.dds,cthLegs01_ss_Hig_M.dds,0,0,4,0,,1418,a,
3601,cthBoots01_SS_Hig.dds,cthBoots01_SS_Hig.dds,0,0,4,0,,1419,,
3602,cthGloves01_SS_Hig.dds,cthGloves01_SS_Hig.dds,0,0,4,0,,1420,a,
3603,Hig_m_Head01.dds,Hig_m_Head01.dds,0,0,4,0,,1421,,
3604,Hig_m_Head02.dds,Hig_m_Head02.dds,0,0,4,0,,1422,,
3605,Hig_m_Head03.dds,Hig_m_Head03.dds,0,0,4,0,,1423,,
3606,Hig_m_Head04.dds,Hig_m_Head04.dds,0,0,4,0,,1424,,
3607,Hig_m_Head05.dds,Hig_m_Head05.dds,0,0,4,0,,1425,,
3608,Hig_m_Head06.dds,Hig_m_Head06.dds,0,0,4,0,,1426,,
3609,Hig_f_Head01.dds,Hig_f_Head01.dds,0,0,4,0,,1427,,
3610,Hig_f_Head02.dds,Hig_f_Head02.dds,0,0,4,0,,1428,,
3611,Hig_f_Head03.dds,Hig_f_Head03.dds,0,0,4,0,,1429,,
3612,Hig_f_Head04.dds,Hig_f_Head04.dds,0,0,4,0,,1430,,
3613,Hig_f_Head05.dds,Hig_f_Head05.dds,0,0,4,0,,1431,,
3614,Hig_f_Head06.dds,Hig_f_Head06.dds,0,0,4,0,,1432,,
3615,cthBody01_ss_Inc_M.dds,cthBody01_ss_Inc_M.dds,0,0,4,0,,1433,,
3616,cthBody01_ss_Inc_F.dds,cthBody01_ss_Inc_F.dds,0,0,4,0,,1434,,
3617,cthArms01_SS_Inc.dds,cthArms01_SS_Inc.dds,0,0,4,0,,1435,,
3618,cthLegs01_SS_Inc.dds,cthLegs01_SS_Inc.dds,0,0,4,0,,1436,,
3619,cthBoots01_SS_Inc.dds,cthBoots01_SS_Inc.dds,0,0,4,0,,1437,,
3620,cthGloves01_SS_Inc.dds,cthGloves01_SS_Inc.dds,0,0,4,0,,1438,,
3621,Inc_m_Head01.dds,Inc_m_Head01.dds,0,0,4,0,,1439,,
3622,Inc_m_Head02.dds,Inc_m_Head02.dds,0,0,4,0,,1440,,
3623,Inc_m_Head03.dds,Inc_m_Head03.dds,0,0,4,0,,1441,,
3624,Inc_m_Head04.dds,Inc_m_Head04.dds,0,0,4,0,,1442,,
3625,Inc_m_Head05.dds,Inc_m_Head05.dds,0,0,4,0,,1443,,
3626,Inc_m_Head06.dds,Inc_m_Head06.dds,0,0,4,0,,1444,,
3627,Inc_f_Head01.dds,Inc_f_Head01.dds,0,0,4,0,,1445,,
3628,Inc_f_Head02.dds,Inc_f_Head02.dds,0,0,4,0,,1446,,
3629,Inc_f_Head03.dds,Inc_f_Head03.dds,0,0,4,0,,1447,,
3630,Inc_f_Head04.dds,Inc_f_Head04.dds,0,0,4,0,,1448,,
3631,Inc_f_Head05.dds,Inc_f_Head05.dds,0,0,4,0,,1449,,
3632,Inc_f_Head06.dds,Inc_f_Head06.dds,0,0,4,0,,1450,,
3633,cthBody01_SS_Sar_M.dds,cthBody01_SS_Sar_M.dds,0,0,4,0,,1451,,
3634,cthBody01_SS_Sar_F.dds,cthBody01_SS_Sar_F.dds,0,0,4,0,,1452,,
3635,cthArms01_SS_Sar.dds,cthArms01_SS_Sar.dds,0,0,4,0,,1453,,
3636,cthLegs01_SS_Sar.dds,cthLegs01_SS_Sar.dds,0,0,4,0,,1454,,
3637,cthBoots01_SS_Sar.dds,cthBoots01_SS_Sar.dds,0,0,4,0,,1455,,
3638,cthGloves01_SS_Sar.dds,cthGloves01_SS_Sar.dds,0,0,4,0,,1456,a,
3639,Sar_m_Head01.dds,Sar_m_Head01.dds,0,0,4,0,,1457,,
3640,Sar_m_Head02.dds,Sar_m_Head02.dds,0,0,4,0,,1458,,
3641,Sar_m_Head03.dds,Sar_m_Head03.dds,0,0,4,0,,1459,,
3642,Sar_m_Head04.dds,Sar_m_Head04.dds,0,0,4,0,,1460,,
3643,Sar_m_Head05.dds,Sar_m_Head05.dds,0,0,4,0,,1461,,
3644,Sar_m_Head06.dds,Sar_m_Head06.dds,0,0,4,0,,1462,,
3645,Sar_f_Head01.dds,Sar_f_Head01.dds,0,0,4,0,,1463,,
3646,Sar_f_Head02.dds,Sar_f_Head02.dds,0,0,4,0,,1464,,
3647,Sar_f_Head03.dds,Sar_f_Head03.dds,0,0,4,0,,1465,,
3648,Sar_f_Head04.dds,Sar_f_Head04.dds,0,0,4,0,,1466,,
3649,Sar_f_Head05.dds,Sar_f_Head05.dds,0,0,4,0,,1467,,
3650,Sar_f_Head06.dds,Sar_f_Head06.dds,0,0,4,0,,1468,,
3651,cthBody01_ss_Ava_M.dds,cthBody01_ss_Ava_M.dds,0,0,4,0,,1469,,
3652,cthBody01_ss_Ava_F.dds,cthBody01_ss_Ava_F.dds,0,0,4,0,,1470,,
3653,cthArms01_SS_Ava.dds,cthArms01_SS_Ava.dds,0,0,4,0,,1471,,
3654,cthLegs01_SS_Ava.dds,cthLegs01_SS_Ava.dds,0,0,4,0,,1472,,
3655,cthBoots01_SS_Ava.dds,cthBoots01_SS_Ava.dds,0,0,4,0,,1473,,
3656,cthGloves01_SS_Ava.dds,cthGloves01_SS_Ava.dds,0,0,4,0,,1474,a,
3657,Ava_m_Head01.dds,Ava_m_Head01.dds,0,0,4,0,,1475,,
3658,Ava_m_Head02.dds,Ava_m_Head02.dds,0,0,4,0,,1476,,
3659,Ava_m_Head03.dds,Ava_m_Head03.dds,0,0,4,0,,1477,,
3660,Ava_m_Head04.dds,Ava_m_Head04.dds,0,0,4,0,,1478,,
3661,Ava_m_Head05.dds,Ava_m_Head05.dds,0,0,4,0,,1479,,
3662,Ava_m_Head06.dds,Ava_m_Head06.dds,0,0,4,0,,1480,,
3663,Ava_f_Head01.dds,Ava_f_Head01.dds,0,0,4,0,,1481,,
3664,Ava_f_Head02.dds,Ava_f_Head02.dds,0,0,4,0,,1482,,
3665,Ava_f_Head03.dds,Ava_f_Head03.dds,0,0,4,0,,1483,,
3666,Ava_f_Head04.dds,Ava_f_Head04.dds,0,0,4,0,,1484,,
3667,Ava_f_Head05.dds,Ava_f_Head05.dds,0,0,4,0,,1485,,
3668,Ava_f_Head06.dds,Ava_f_Head06.dds,0,0,4,0,,1486,,
3669,cthBody01_SS_Cel_M.dds,cthBody01_SS_Cel_M.dds,0,0,4,0,,1487,,
3670,cthBody01_SS_Cel_F.dds,cthBody01_SS_Cel_F.dds,0,0,4,0,,1488,,
3671,cthArms01_SS_Cel.dds,cthArms01_SS_Cel.dds,0,0,4,0,,1489,,
3672,cthLegs01_SS_Cel.dds,cthLegs01_SS_Cel.dds,0,0,4,0,,1490,,
3673,cthBoots01_SS_Cel.dds,cthBoots01_SS_Cel.dds,0,0,4,0,,1491,,
3674,cthGloves01_SS_Cel.dds,cthGloves01_SS_Cel.dds,0,0,4,0,,1492,a,
3675,Cel_m_Head01.dds,Cel_m_Head01.dds,0,0,4,0,,1493,,
3676,Cel_m_Head02.dds,Cel_m_Head02.dds,0,0,4,0,,1494,,
3677,Cel_m_Head03.dds,Cel_m_Head03.dds,0,0,4,0,,1495,,
3678,Cel_m_Head04.dds,Cel_m_Head04.dds,0,0,4,0,,1496,,
3679,Cel_m_Head05.dds,Cel_m_Head05.dds,0,0,4,0,,1497,,
3680,Cel_m_Head06.dds,Cel_m_Head06.dds,0,0,4,0,,1498,,
3681,Cel_f_Head01.dds,Cel_f_Head01.dds,0,0,4,0,,1499,,
3682,Cel_f_Head02.dds,Cel_f_Head02.dds,0,0,4,0,,1500,,
3683,Cel_f_Head03.dds,Cel_f_Head03.dds,0,0,4,0,,1501,,
3684,Cel_f_Head04.dds,Cel_f_Head04.dds,0,0,4,0,,1502,,
3685,Cel_f_Head05.dds,Cel_f_Head05.dds,0,0,4,0,,1503,,
3686,Cel_f_Head06.dds,Cel_f_Head06.dds,0,0,4,0,,1504,,
3687,cthBody01_ss_Elf_M.dds,cthBody01_ss_Elf_M.dds,0,0,4,0,,1505,,
3688,cthBody01_ss_Elf_F.dds,cthBody01_ss_Elf_F.dds,0,0,4,0,,1506,,
3689,cthArms01_SS_Elf.dds,cthArms01_SS_Elf.dds,0,0,4,0,,1507,,
3690,cthLegs01_SS_Elf.dds,cthLegs01_SS_Elf.dds,0,0,4,0,,1508,,
3691,cthBoots01_SS_Elf.dds,cthBoots01_SS_Elf.dds,0,0,4,0,,1509,,
3692,cthGloves01_SS_Elf.dds,cthGloves01_SS_Elf.dds,0,0,4,0,,1510,a,
3693,Elf_m_Head01.dds,Elf_m_Head01.dds,0,0,4,0,,1511,,
3694,Elf_m_Head02.dds,Elf_m_Head02.dds,0,0,4,0,,1512,,
3695,Elf_m_Head03.dds,Elf_m_Head03.dds,0,0,4,0,,1513,,
3696,Elf_m_Head04.dds,Elf_m_Head04.dds,0,0,4,0,,1514,,
3697,Elf_m_Head05.dds,Elf_m_Head05.dds,0,0,4,0,,1515,,
3698,Elf_m_Head06.dds,Elf_m_Head06.dds,0,0,4,0,,1516,,
3699,Elf_f_Head01.dds,Elf_f_Head01.dds,0,0,4,0,,1517,,
3700,Elf_f_Head02.dds,Elf_f_Head02.dds,0,0,4,0,,1518,,
3701,Elf_f_Head03.dds,Elf_f_Head03.dds,0,0,4,0,,1519,,
3702,Elf_f_Head04.dds,Elf_f_Head04.dds,0,0,4,0,,1520,,
3703,Elf_f_Head05.dds,Elf_f_Head05.dds,0,0,4,0,,1521,,
3704,Elf_f_Head06.dds,Elf_f_Head06.dds,0,0,4,0,,1522,,
3705,cthBody01_ss_Lur_M.dds,cthBody01_ss_Lur_M.dds,0,0,4,0,,1523,,
3706,cthBody01_ss_Lur_F.dds,cthBody01_ss_Lur_F.dds,0,0,4,0,,1524,,
3707,cthArms01_SS_Lur.dds,cthArms01_SS_Lur.dds,0,0,4,0,,1525,,
3708,cthLegs01_SS_Lur.dds,cthLegs01_SS_Lur.dds,0,0,4,0,,1526,,
3709,cthBoots01_SS_Lur.dds,cthBoots01_SS_Lur.dds,0,0,4,0,,1527,,
3710,cthGloves01_SS_Lur.dds,cthGloves01_SS_Lur.dds,0,0,4,0,,1528,,
3711,Lur_m_Head01.dds,Lur_m_Head01.dds,0,0,4,0,,1529,,
3712,Lur_m_Head02.dds,Lur_m_Head02.dds,0,0,4,0,,1530,,
3713,Lur_m_Head03.dds,Lur_m_Head03.dds,0,0,4,0,,1531,,
3714,Lur_m_Head04.dds,Lur_m_Head04.dds,0,0,4,0,,1532,,
3715,Lur_m_Head05.dds,Lur_m_Head05.dds,0,0,4,0,,1533,,
3716,Lur_m_Head06.dds,Lur_m_Head06.dds,0,0,4,0,,1534,,
3717,Lur_f_Head01.dds,Lur_f_Head01.dds,0,0,4,0,,1535,,
3718,Lur_f_Head02.dds,Lur_f_Head02.dds,0,0,4,0,,1536,,
3719,Lur_f_Head03.dds,Lur_f_Head03.dds,0,0,4,0,,1537,,
3720,Lur_f_Head04.dds,Lur_f_Head04.dds,0,0,4,0,,1538,,
3721,Lur_f_Head05.dds,Lur_f_Head05.dds,0,0,4,0,,1539,,
3722,Lur_f_Head06.dds,Lur_f_Head06.dds,0,0,4,0,,1540,,
3723,cthBody01_ss_Syl_M.dds,cthBody01_ss_Syl_M.dds,0,0,4,0,,1541,,
3724,cthBody01_ss_Syl_F.dds,cthBody01_ss_Syl_F.dds,0,0,4,0,,1542,,
3725,cthArms01_SS_Syl.dds,cthArms01_SS_Syl.dds,0,0,4,0,,1543,a,
3726,cthLegs01_SS_Syl.dds,cthLegs01_SS_Syl.dds,0,0,4,0,,1544,,
3727,cthBoots01_SS_Syl.dds,cthBoots01_SS_Syl.dds,0,0,4,0,,1545,,
3728,cthGloves01_SS_Syl.dds,cthGloves01_SS_Syl.dds,0,0,4,0,,1546,a,
3729,Syl_m_Head01.dds,Syl_m_Head01.dds,0,0,4,0,,1547,,
3730,Syl_m_Head02.dds,Syl_m_Head02.dds,0,0,4,0,,1548,,
3731,Syl_m_Head03.dds,Syl_m_Head03.dds,0,0,4,0,,1549,,
3732,Syl_m_Head04.dds,Syl_m_Head04.dds,0,0,4,0,,1550,,
3733,Syl_m_Head05.dds,Syl_m_Head05.dds,0,0,4,0,,1551,,
3734,Syl_m_Head06.dds,Syl_m_Head06.dds,0,0,4,0,,1552,,
3735,Syl_f_Head01.dds,Syl_f_Head01.dds,0,0,4,0,,1553,,
3736,Syl_f_Head02.dds,Syl_f_Head02.dds,0,0,4,0,,1554,,
3737,Syl_f_Head03.dds,Syl_f_Head03.dds,0,0,4,0,,1555,,
3738,Syl_f_Head04.dds,Syl_f_Head04.dds,0,0,4,0,,1556,,
3739,Syl_f_Head05.dds,Syl_f_Head05.dds,0,0,4,0,,1557,,
3740,Syl_f_Head06.dds,Syl_f_Head06.dds,0,0,4,0,,1558,,
3741,cthbody01_SS_Sha_M.dds,cthbody01_SS_Sha_M.dds,0,0,4,0,,1559,,
3742,cthbody01_SS_Sha_F.dds,cthbody01_SS_Sha_F.dds,0,0,4,0,,1560,,
3743,cthArms01_SS_Sha.dds,cthArms01_ss_sha_m.dds,0,0,4,0,,1561,a,
3744,cthLegs01_SS_Sha.dds,cthLegs01_SS_Sha.dds,0,0,4,0,,1562,,
3745,cthBoots01_SS_Sha.dds,cthBoots01_SS_Sha.dds,0,0,4,0,,1563,,
3746,cthGloves01_SS_Sha.dds,cthGloves01_SS_Sha.dds,0,0,4,0,,1564,a,
3747,Sha_m_Head01.dds,Sha_m_Head01.dds,0,0,4,0,,1565,,
3748,Sha_m_Head02.dds,Sha_m_Head02.dds,0,0,4,0,,1566,,
3749,Sha_m_Head03.dds,Sha_m_Head03.dds,0,0,4,0,,1567,,
3750,Sha_m_Head04.dds,Sha_m_Head04.dds,0,0,4,0,,1568,,
3751,Sha_m_Head05.dds,Sha_m_Head05.dds,0,0,4,0,,1569,,
3752,Sha_m_Head06.dds,Sha_m_Head06.dds,0,0,4,0,,1570,,
3753,Sha_f_Head01.dds,Sha_f_Head01.dds,0,0,4,0,,1571,,
3754,Sha_f_Head02.dds,Sha_f_Head02.dds,0,0,4,0,,1572,,
3755,Sha_f_Head03.dds,Sha_f_Head03.dds,0,0,4,0,,1573,,
3756,Sha_f_Head04.dds,Sha_f_Head04.dds,0,0,4,0,,1574,,
3757,Sha_f_Head05.dds,Sha_f_Head05.dds,0,0,4,0,,1575,,
3758,Sha_f_Head06.dds,Sha_f_Head06.dds,0,0,4,0,,1576,,
3759,cthbody01_SS_Fir_M.dds,cthbody01_SS_Fir_M.dds,0,0,4,0,,1577,,
3760,cthbody01_SS_Fir_F.dds,cthbody01_SS_Fir_F.dds,0,0,4,0,,1578,,
3761,cthArms01_SS_Fir.dds,cthArms01_SS_Fir_M.dds,0,0,4,0,,1579,,
3763,cthLegs01_SS_Fir.dds,cthLegs01_SS_Fir.dds,0,0,4,0,,1581,,
3764,cthBoots01_SS_Fir.dds,cthBoots01_SS_Fir.dds,0,0,4,0,,1582,,
3765,cthGloves01_SS_Fir.dds,cthGloves01_SS_Fir.dds,0,0,4,0,,1583,a,
3766,Fir_m_Head01.dds,Fir_m_Head01.dds,0,0,4,0,,1584,,
3767,Fir_m_Head02.dds,Fir_m_Head02.dds,0,0,4,0,,1585,,
3768,Fir_m_Head03.dds,Fir_m_Head03.dds,0,0,4,0,,1586,,
3769,Fir_m_Head04.dds,Fir_m_Head04.dds,0,0,4,0,,1587,,
3770,Fir_m_Head05.dds,Fir_m_Head05.dds,0,0,4,0,,1588,,
3771,Fir_m_Head06.dds,Fir_m_Head06.dds,0,0,4,0,,1589,,
3772,Fir_f_Head01.dds,Fir_f_Head01.dds,0,0,4,0,,1590,,
3773,Fir_f_Head02.dds,Fir_f_Head02.dds,0,0,4,0,,1591,,
3774,Fir_f_Head03.dds,Fir_f_Head03.dds,0,0,4,0,,1592,,
3775,Fir_f_Head04.dds,Fir_f_Head04.dds,0,0,4,0,,1593,,
3776,Fir_f_Head05.dds,Fir_f_Head05.dds,0,0,4,0,,1594,,
3777,Fir_f_Head06.dds,Fir_f_Head06.dds,0,0,4,0,,1595,,
3778,Bri_m_Head02.dds,Bri_m_Head02.dds,0,0,4,0,,1596,,
3779,Bri_m_Head03.dds,Bri_m_Head03.dds,0,0,4,0,,1597,,
3780,Bri_m_Head04.dds,Bri_m_Head04.dds,0,0,4,0,,1598,,
3781,Bri_m_Head05.dds,Bri_m_Head05.dds,0,0,4,0,,1599,,
3782,Bri_m_Head06.dds,Bri_m_Head06.dds,0,0,4,0,,1600,,
3783,Bri_f_Head02.dds,Bri_f_Head02.dds,0,0,4,0,,1601,,
3784,Bri_f_Head03.dds,Bri_f_Head03.dds,0,0,4,0,,1602,,
3785,Bri_f_Head04.dds,Bri_f_Head04.dds,0,0,4,0,,1603,,
3786,Bri_f_Head05.dds,Bri_f_Head05.dds,0,0,4,0,,1604,,
3787,Bri_f_Head06.dds,Bri_f_Head06.dds,0,0,4,0,,1605,,
3788,bri_f_hair01_blonde.dds,bri_f_hair01_blonde.dds,0,0,4,0,,1606,b,
3789,bri_f_hair01_bluebase.dds,bri_f_hair01_bluebase.dds,0,0,4,0,,1607,,
3790,bri_f_hair01_dkbrown.dds,bri_f_hair01_dkbrown.dds,0,0,4,0,,1608,,
3791,bri_f_hair01_white.dds,bri_f_hair01_white.dds,0,0,4,0,,1609,,
3792,bri_f_hair02_blonde.dds,bri_f_hair02_blonde.dds,0,0,4,0,,1610,b,
3793,bri_f_hair02_bluebase.dds,bri_f_hair02_bluebase.dds,0,0,4,0,,1611,,
3794,bri_f_hair02_dkbrown.dds,bri_f_hair02_dkbrown.dds,0,0,4,0,,1612,,
3795,bri_f_hair02_white.dds,bri_f_hair02_white.dds,0,0,4,0,,1613,,
3796,bri_f_hair03_blonde.dds,bri_f_hair03_blonde.dds,0,0,4,0,,1614,b,
3797,bri_f_hair03_bluebase.dds,bri_f_hair03_bluebase.dds,0,0,4,0,,1615,,
3798,bri_f_hair03_dkbrown.dds,bri_f_hair03_dkbrown.dds,0,0,4,0,,1616,,
3799,bri_f_hair03_white.dds,bri_f_hair03_white.dds,0,0,4,0,,1617,,
3800,bri_f_hair04_blonde.dds,bri_f_hair04_blonde.dds,0,0,4,0,,1618,b,
3801,bri_f_hair04_bluebase.dds,bri_f_hair04_bluebase.dds,0,0,4,0,,1619,,
3802,bri_f_hair04_dkbrown.dds,bri_f_hair04_dkbrown.dds,0,0,4,0,,1620,,
3803,bri_f_hair04_white.dds,bri_f_hair04_white.dds,0,0,4,0,,1621,,
3804,Bri_m_Hair01_blonde.dds,Bri_m_Hair01_blonde.dds,0,0,4,0,,1622,b,
3805,Bri_m_Hair01_bluebase.dds,Bri_m_Hair01_bluebase.dds,0,0,4,0,,1623,,
3806,Bri_m_Hair01_dkbrown.dds,Bri_m_Hair01_dkbrown.dds,0,0,4,0,,1624,,
3807,Bri_m_Hair01_white.dds,Bri_m_Hair01_white.dds,0,0,4,0,,1625,,
3808,bri_m_hair02_blonde.dds,bri_m_hair02_blonde.dds,0,0,4,0,,1626,b,
3809,bri_m_hair02_bluebase.dds,bri_m_hair02_bluebase.dds,0,0,4,0,,1627,,
3810,bri_m_hair02_dkbrown.dds,bri_m_hair02_dkbrown.dds,0,0,4,0,,1628,,
3811,bri_m_hair02_white.dds,bri_m_hair02_white.dds,0,0,4,0,,1629,,
3812,bri_m_hair03_blonde.dds,bri_m_hair03_blonde.dds,0,0,4,0,,1630,b,
3813,bri_m_hair03_bluebase.dds,bri_m_hair03_bluebase.dds,0,0,4,0,,1631,,
3814,bri_m_hair03_dkbrown.dds,bri_m_hair03_dkbrown.dds,0,0,4,0,,1632,,
3815,bri_m_hair03_white.dds,bri_m_hair03_white.dds,0,0,4,0,,1633,,
3816,sar_f_hair01_blonde.dds,sar_f_hair01_blonde.dds,0,0,4,0,,1634,b,
3817,Sar_f_Hair01_bluebase.dds,Sar_f_Hair01_bluebase.dds,0,0,4,0,,1635,,
3818,Sar_f_Hair01_dkbrown.dds,Sar_f_Hair01_dkbrown.dds,0,0,4,0,,1636,,
3819,Sar_f_Hair01_white.dds,Sar_f_Hair01_white.dds,0,0,4,0,,1637,,
3820,sar_f_hair04_blonde.dds,sar_f_hair04_blonde.dds,0,0,4,0,,1638,b,
3821,sar_f_hair04_bluebase.dds,sar_f_hair04_bluebase.dds,0,0,4,0,,1639,,
3822,sar_f_hair04_dkbrown.dds,sar_f_hair04_dkbrown.dds,0,0,4,0,,1640,,
3823,sar_f_hair04_white.dds,sar_f_hair04_white.dds,0,0,4,0,,1641,,
3824,Sar_m_Hair01_blonde.dds,Sar_m_Hair01_blonde.dds,0,0,4,0,,1642,b,
3825,Sar_m_Hair01_bluebase.dds,Sar_m_Hair01_bluebase.dds,0,0,4,0,,1643,,
3826,Sar_m_Hair01_dkbrown.dds,Sar_m_Hair01_dkbrown.dds,0,0,4,0,,1644,,
3827,Sar_m_Hair01_white.dds,Sar_m_Hair01_white.dds,0,0,4,0,,1645,,
3828,sar_m_hair02_blonde.dds,sar_m_hair02_blonde.dds,0,0,4,0,,1646,b,
3829,sar_m_hair02_bluebase.dds,sar_m_hair02_bluebase.dds,0,0,4,0,,1647,,
3830,sar_m_hair02_dkbrown.dds,sar_m_hair02_dkbrown.dds,0,0,4,0,,1648,,
3831,sar_m_hair02_white.dds,sar_m_hair02_white.dds,0,0,4,0,,1649,,
3832,sar_m_hair03_blonde.dds,sar_m_hair03_blonde.dds,0,0,4,0,,1650,b,
3833,sar_m_hair03_bluebase.dds,sar_m_hair03_bluebase.dds,0,0,4,0,,1651,,
3834,sar_m_hair03_dkbrown.dds,sar_m_hair03_dkbrown.dds,0,0,4,0,,1652,,
3835,sar_m_hair03_white.dds,sar_m_hair03_white.dds,0,0,4,0,,1653,,
3836,Inc_f_Hair01_blonde.dds,Inc_f_Hair01_blonde.dds,0,0,4,0,,1654,b,
3837,Inc_f_Hair01_bluebase.dds,Inc_f_Hair01_bluebase.dds,0,0,4,0,,1655,,
3838,Inc_f_Hair01_dkbrown.dds,Inc_f_Hair01_dkbrown.dds,0,0,4,0,,1656,,
3839,Inc_f_Hair01_white.dds,Inc_f_Hair01_white.dds,0,0,4,0,,1657,,
3840,Inc_f_Hair02_Blonde.dds,Inc_f_Hair02_Blonde.dds,0,0,4,0,,1658,b,
3841,Inc_f_Hair02_Bluebase.dds,Inc_f_Hair02_Bluebase.dds,0,0,4,0,,1659,,
3842,Inc_f_Hair02_dkBrown.dds,Inc_f_Hair02_dkBrown.dds,0,0,4,0,,1660,,
3843,Inc_f_Hair02_white.dds,Inc_f_Hair02_white.dds,0,0,4,0,,1661,,
3844,Inc_f_Hair03_blonde.dds,Inc_f_Hair03_blonde.dds,0,0,4,0,,1662,b,
3845,Inc_f_Hair03_bluebase.dds,Inc_f_Hair03_bluebase.dds,0,0,4,0,,1663,,
3846,Inc_f_Hair03_dkbrown.dds,Inc_f_Hair03_dkbrown.dds,0,0,4,0,,1664,,
3847,Inc_f_Hair03_white.dds,Inc_f_Hair03_white.dds,0,0,4,0,,1665,,
3848,inc_m_Hair03_blonde.dds,inc_m_Hair03_blonde.dds,0,0,4,0,,1666,b,
3849,inc_m_Hair03_bluebase.dds,inc_m_Hair03_bluebase.dds,0,0,4,0,,1667,,
3850,inc_m_Hair03_dkbrown.dds,inc_m_Hair03_dkbrown.dds,0,0,4,0,,1668,,
3851,inc_m_Hair03_white.dds,inc_m_Hair03_white.dds,0,0,4,0,,1669,,
3852,hig_f_hair02_blonde.dds,hig_f_hair02_blonde.dds,0,0,4,0,,1670,b,
3853,hig_f_hair02_bluebase.dds,hig_f_hair02_bluebase.dds,0,0,4,0,,1671,,
3854,hig_f_hair02_dkbrown.dds,hig_f_hair02_dkbrown.dds,0,0,4,0,,1672,,
3855,hig_f_hair02_white.dds,hig_f_hair02_white.dds,0,0,4,0,,1673,,
3856,hig_f_hair04_blonde.dds,hig_f_hair04_blonde.dds,0,0,4,0,,1674,b,
3857,hig_f_hair04_bluebase.dds,hig_f_hair04_bluebase.dds,0,0,4,0,,1675,,
3858,hig_f_hair04_dkbrown.dds,hig_f_hair04_dkbrown.dds,0,0,4,0,,1676,,
3859,hig_f_hair04_white.dds,hig_f_hair04_white.dds,0,0,4,0,,1677,,
3860,hal_f_hair01_blonde.dds,hal_f_hair01_blonde.dds,0,0,4,0,,1678,b,
3861,hal_f_hair01_bluebase.dds,hal_f_hair01_bluebase.dds,0,0,4,0,,1679,,
3862,hal_f_hair01_dkbrown.dds,hal_f_hair01_dkbrown.dds,0,0,4,0,,1680,,
3863,hal_f_hair01_white.dds,hal_f_hair01_white.dds,0,0,4,0,,1681,,
3864,Hal_m_Hair01_blonde.dds,Hal_m_Hair01_blonde.dds,0,0,4,0,,1682,b,
3865,Hal_m_Hair01_bluebase.dds,Hal_m_Hair01_bluebase.dds,0,0,4,0,,1683,,
3866,Hal_m_Hair01_dkbrown.dds,Hal_m_Hair01_dkbrown.dds,0,0,4,0,,1684,,
3867,Hal_m_Hair01_white.dds,Hal_m_Hair01_white.dds,0,0,4,0,,1685,,
3868,Hal_m_Hair02_blonde.dds,Hal_m_Hair02_blonde.dds,0,0,4,0,,1686,b,
3869,Hal_m_Hair02_bluebase.dds,Hal_m_Hair02_bluebase.dds,0,0,4,0,,1687,,
3870,Hal_m_Hair02_dkbrown.dds,Hal_m_Hair02_dkbrown.dds,0,0,4,0,,1688,,
3871,Hal_m_Hair02_white.dds,Hal_m_Hair02_white.dds,0,0,4,0,,1689,,
3872,Ava_f_Hair03_blonde.dds,Ava_f_Hair03_blonde.dds,0,0,4,0,,1690,b,
3873,Ava_f_Hair03_bluebase.dds,Ava_f_Hair03_bluebase.dds,0,0,4,0,,1691,,
3874,Ava_f_Hair03_dkbrown.dds,Ava_f_Hair03_dkbrown.dds,0,0,4,0,,1692,,
3875,Ava_f_Hair03_white.dds,Ava_f_Hair03_white.dds,0,0,4,0,,1693,,
3876,Elf_f_Hair01.dds,Elf_f_Hair01.dds,0,0,4,0,,1694,,
3877,Kobold Tele Skin 1,K_portalstone.dds,0,150,3,0,,0,,
3878,Kobold Tele Skin 2,K_LowPolyKobold.dds,0,150,3,0,,0,,
3879,Ava_F_Hair02_blonde.dds,Ava_F_Hair02_blonde.dds,0,0,4,0,,1696,b,
3880,Ava_F_Hair02_bluebase.dds,Ava_F_Hair02_bluebase.dds,0,0,4,0,,1697,,
3881,Ava_F_Hair02_dkbrown.dds,Ava_F_Hair02_dkbrown.dds,0,0,4,0,,1698,,
3882,Ava_F_Hair02_white.dds,Ava_F_Hair02_white.dds,0,0,4,0,,1699,,
3883,ava_m_Hair04_blonde.dds,ava_m_Hair04_blonde.dds,0,0,4,0,,1700,b,
3884,ava_m_Hair04_bluebase.dds,ava_m_Hair04_bluebase.dds,0,0,4,0,,1701,,
3885,ava_m_Hair04_dkbrown.dds,ava_m_Hair04_dkbrown.dds,0,0,4,0,,1702,,
3886,ava_m_Hair04_white.dds,ava_m_Hair04_white.dds,0,0,4,0,,1703,,
3887,inc_m_Hair02_blonde.dds,inc_m_Hair02_blonde.dds,0,0,4,0,,1704,b,
3888,inc_m_Hair02_bluebase.dds,inc_m_Hair02_bluebase.dds,0,0,4,0,,1705,,
3889,inc_m_Hair02_darkbrown.dds,inc_m_Hair02_darkbrown.dds,0,0,4,0,,1706,,
3890,inc_m_Hair02_white.dds,inc_m_Hair02_white.dds,0,0,4,0,,1707,,
3891,inc_m_Hair04_blonde.dds,inc_m_Hair04_blonde.dds,0,0,4,0,,1708,b,
3892,inc_m_Hair04_bluebase.dds,inc_m_Hair04_bluebase.dds,0,0,4,0,,1709,,
3893,inc_m_Hair04_darkbrown.dds,inc_m_Hair04_darkbrown.dds,0,0,4,0,,1710,,
3894,inc_m_Hair04_white.dds,inc_m_Hair04_white.dds,0,0,4,0,,1711,,
3895,Kilt Texture 1,cthLbody01_kilt01.dds,0,0,4,0,,1712,,
3896,Fir_m_Hair01_blonde.dds,Fir_m_Hair01_blonde.dds,0,0,4,0,,1713,b,
3897,Fir_m_Hair01_bluebase.dds,Fir_m_Hair01_bluebase.dds,0,0,4,0,,1714,,
3898,Fir_m_Hair01_dkbrown.dds,Fir_m_Hair01_dkbrown.dds,0,0,4,0,,1715,,
3899,Fir_m_Hair01_white.dds,Fir_m_Hair01_white.dds,0,0,4,0,,1716,,
3900,Elf_m_Hair02_blonde.dds,Elf_m_Hair02_blonde.dds,0,0,4,0,,1717,b,
3901,Elf_m_Hair02_bluebase.dds,Elf_m_Hair02_bluebase.dds,0,0,4,0,,1718,,
3902,Elf_m_Hair02_dkbrown.dds,Elf_m_Hair02_dkbrown.dds,0,0,4,0,,1719,,
3903,Elf_m_Hair02_white.dds,Elf_m_Hair02_white.dds,0,0,4,0,,1720,,
3904,Elf_m_Hair01_blonde.dds,Elf_m_Hair01_blonde.dds,0,0,4,0,,1721,b,
3905,Elf_m_Hair01_bluebase.dds,Elf_m_Hair01_bluebase.dds,0,0,4,0,,1722,,
3906,Elf_m_Hair01_dkbrown.dds,Elf_m_Hair01_dkbrown.dds,0,0,4,0,,1723,,
3907,Elf_m_Hair01_white.dds,Elf_m_Hair01_white.dds,0,0,4,0,,1724,,
3908,Elf_F_Hair01_blonde.dds,Elf_F_Hair01_blonde.dds,0,0,4,0,,1725,b,
3909,Elf_F_Hair01_bluebase.dds,Elf_F_Hair01_bluebase.dds,0,0,4,0,,1726,,
3910,Elf_F_Hair01_dkbrown.dds,Elf_F_Hair01_dkbrown.dds,0,0,4,0,,1727,,
3911,Elf_F_Hair01_white.dds,Elf_F_Hair01_white.dds,0,0,4,0,,1728,,
3912,cel_m_hair01_blonde.dds,cel_m_hair01_blonde.dds,0,0,4,0,,1729,b,
3913,cel_m_hair01_bluebase.dds,cel_m_hair01_bluebase.dds,0,0,4,0,,1730,,
3914,cel_m_hair01_dkbrown.dds,cel_m_hair01_dkbrown.dds,0,0,4,0,,1731,,
3915,cel_m_hair01_white.dds,cel_m_hair01_white.dds,0,0,4,0,,1732,,
3916,Lur_f_Hair01_blonde.dds,Lur_f_Hair01_blonde.dds,0,0,4,0,,1733,b,
3917,Lur_f_Hair01_bluebase.dds,Lur_f_Hair01_bluebase.dds,0,0,4,0,,1734,,
3918,Lur_f_Hair01_dkbrown.dds,Lur_f_Hair01_dkbrown.dds,0,0,4,0,,1735,,
3919,Lur_f_Hair01_white.dds,Lur_f_Hair01_white.dds,0,0,4,0,,1736,,
3920,Lur_f_hair02_blonde.dds,Lur_f_hair02_blonde.dds,0,0,4,0,,1737,b,
3921,Lur_f_hair02_bluebase.dds,Lur_f_hair02_bluebase.dds,0,0,4,0,,1738,,
3922,Lur_f_hair02_dkbrown.dds,Lur_f_hair02_dkbrown.dds,0,0,4,0,,1739,,
3923,Lur_f_hair02_white.dds,Lur_f_hair02_white.dds,0,0,4,0,,1740,,
3924,Lur_m_Hair01_blonde.dds,Lur_m_Hair01_blonde.dds,0,0,4,0,,1741,b,
3925,Lur_m_Hair01_bluebase.dds,Lur_m_Hair01_bluebase.dds,0,0,4,0,,1742,,
3926,Lur_m_Hair01_dkbrown.dds,Lur_m_Hair01_dkbrown.dds,0,0,4,0,,1743,,
3927,Lur_m_Hair01_white.dds,Lur_m_Hair01_white.dds,0,0,4,0,,1744,,
3928,Lur_m_hair02_blonde.dds,Lur_m_hair02_blonde.dds,0,0,4,0,,1745,b,
3929,Lur_m_hair02_bluebase.dds,Lur_m_hair02_bluebase.dds,0,0,4,0,,1746,,
3930,Lur_m_hair02_dkbrown.dds,Lur_m_hair02_dkbrown.dds,0,0,4,0,,1747,,
3931,Lur_m_hair02_white.dds,Lur_m_hair02_white.dds,0,0,4,0,,1748,,
3932,Lur_m_hair04_blonde.dds,Lur_m_hair04_blonde.dds,0,0,4,0,,1749,b,
3933,Lur_m_hair04_bluebase.dds,Lur_m_hair04_bluebase.dds,0,0,4,0,,1750,,
3934,Lur_m_hair04_dkbrown.dds,Lur_m_hair04_dkbrown.dds,0,0,4,0,,1751,,
3935,Lur_m_hair04_white.dds,Lur_m_hair04_white.dds,0,0,4,0,,1752,,
3936,Syl_m_Hair01_green.dds,Syl_m_Hair01_green.dds,0,0,4,0,,1753,,
3937,Syl_m_Hair01_red.dds,Syl_m_Hair01_red.dds,0,0,4,0,,1754,,
3938,Syl_m_Hair01_white.dds,Syl_m_Hair01_white.dds,0,0,4,0,,1755,,
3939,Syl_m_Hair01_yellow.dds,Syl_m_Hair01_yellow.dds,0,0,4,0,,1756,,
3940,Syl_m_Hair02_green.dds,Syl_m_Hair02_green.dds,0,0,4,0,,1757,,
3941,Syl_m_Hair02_red.dds,Syl_m_Hair02_red.dds,0,0,4,0,,1758,,
3942,Syl_m_Hair02_white.dds,Syl_m_Hair02_white.dds,0,0,4,0,,1759,,
3943,Syl_m_Hair02_yellow.dds,Syl_m_Hair02_yellow.dds,0,0,4,0,,1760,,
3944,Syl_m_Hair03_green.dds,Syl_m_Hair03_green.dds,0,0,4,0,,1761,,
3945,Syl_m_Hair03_red.dds,Syl_m_Hair03_red.dds,0,0,4,0,,1762,,
3946,Syl_m_Hair03_white.dds,Syl_m_Hair03_white.dds,0,0,4,0,,1763,,
3947,Syl_m_Hair03_yellow.dds,Syl_m_Hair03_yellow.dds,0,0,4,0,,1764,,
3948,sha_f_hair03_blonde.dds,sha_f_hair03_blonde.dds,0,0,4,0,,1765,b,
3949,sha_f_hair03_bluebase.dds,sha_f_hair03_bluebase.dds,0,0,4,0,,1766,,
3950,sha_f_hair03_dkbrown.dds,sha_f_hair03_dkbrown.dds,0,0,4,0,,1767,,
3951,sha_f_hair03_white.dds,sha_f_hair03_white.dds,0,0,4,0,,1768,,
3952,sha_m_hair01_blonde.dds,sha_m_hair01_blonde.dds,0,0,4,0,,1769,b,
3953,sha_m_hair01_bluebase.dds,sha_m_hair01_bluebase.dds,0,0,4,0,,1770,,
3954,sha_m_hair01_dkbrown.dds,sha_m_hair01_dkbrown.dds,0,0,4,0,,1771,,
3955,sha_m_hair01_white.dds,sha_m_hair01_white.dds,0,0,4,0,,1772,,
3956,sha_m_hair02_blonde.dds,sha_m_hair02_blonde.dds,0,0,4,0,,1773,b,
3957,sha_m_hair02_bluebase.dds,sha_m_hair02_bluebase.dds,0,0,4,0,,1774,,
3958,sha_m_hair02_dkbrown.dds,sha_m_hair02_dkbrown.dds,0,0,4,0,,1775,,
3959,sha_m_hair02_white.dds,sha_m_hair02_white.dds,0,0,4,0,,1776,,
3960,sha_m_hair03_blonde.dds,sha_m_hair03_blonde.dds,0,0,4,0,,1777,b,
3961,sha_m_hair03_bluebase.dds,sha_m_hair03_bluebase.dds,0,0,4,0,,1778,,
3962,sha_m_hair03_dkbrown.dds,sha_m_hair03_dkbrown.dds,0,0,4,0,,1779,,
3963,sha_m_hair03_white.dds,sha_m_hair03_white.dds,0,0,4,0,,1780,,
3964,sha_m_hair04_blonde.dds,sha_m_hair04_blonde.dds,0,0,4,0,,1781,b,
3965,sha_m_hair04_bluebase.dds,sha_m_hair04_bluebase.dds,0,0,4,0,,1782,,
3966,sha_m_hair04_dkbrown.dds,sha_m_hair04_dkbrown.dds,0,0,4,0,,1783,,
3967,sha_m_hair04_white.dds,sha_m_hair04_white.dds,0,0,4,0,,1784,,
3968,Fir_f_Hair01_blonde.dds,Fir_f_Hair01_blonde.dds,0,0,4,0,,1785,b,
3969,Fir_f_Hair01_bluebase.dds,Fir_f_Hair01_bluebase.dds,0,0,4,0,,1786,,
3970,Fir_f_Hair01_dkbrown.dds,Fir_f_Hair01_dkbrown.dds,0,0,4,0,,1787,,
3971,Fir_f_Hair01_white.dds,Fir_f_Hair01_white.dds,0,0,4,0,,1788,,
3972,fir_f_Hair03_blonde.dds,fir_f_Hair03_blonde.dds,0,0,4,0,,1789,b,
3973,fir_f_Hair03_bluebase.dds,fir_f_Hair03_bluebase.dds,0,0,4,0,,1790,,
3974,fir_f_Hair03_dkbrown.dds,fir_f_Hair03_dkbrown.dds,0,0,4,0,,1791,,
3975,fir_f_Hair03_white.dds,fir_f_Hair03_white.dds,0,0,4,0,,1792,,
3976,Rock ice,rock-ice.dds,0,147,3,0,,,,
3977,Rock ice bump,rock-ice-bump.tga,6,147,3,0,,,,
3978,Rock ice gloss,rock-ice-gloss.tga,4,147,3,0,,,,
3979,Rock ice reflect,rock-ice-reflect.dds,5,147,3,0,,,,
3980,Rock crystal,rock-crystal.dds,0,147,3,0,,,,
3981,Rock lava,rock-lava.dds,0,147,3,0,,,,
3982,Rock lava glow,rock-lava-glow.dds,3,147,3,0,,,,
3983,Rock mud,rock-mud.dds,0,147,3,0,,,,
3984,Rock stone,rock-stone.dds,0,147,3,0,,,,
3985,s_spearhouse.DDS,s_spearhouse.DDS,0,147,3,0,,,,
3986,s_teleporter_base01.DDS,s_teleporter_base01.DDS,0,147,3,0,,,,
3988,s_spearhouse_gloss.dds,s_spearhouse_gloss.dds,4,147,3,0,,,,
3989,SharMiniTP_LM.dds,SharMiniTP_LM.dds,7,147,3,0,,,,
3990,sha_f_hair01_blonde.dds,sha_f_hair01_blonde.dds,0,0,4,0,,1793,b,
3991,sha_f_hair01_bluebase.dds,sha_f_hair01_bluebase.dds,0,0,4,0,,1794,,
3992,sha_f_hair01_dkbrown.dds,sha_f_hair01_dkbrown.dds,0,0,4,0,,1795,,
3993,sha_f_hair01_white.dds,sha_f_hair01_white.dds,0,0,4,0,,1796,,
3994,glashtin_worker.dds,glashtin_worker.dds,0,144,3,0,,,,
3995,glashtin_warrior1.dds,glashtin_warrior1.dds,0,144,3,0,,,,
3996,glashtin_warrior2.dds,glashtin_warrior2.dds,0,144,3,0,,,,
3997,glashtin_tinkerer.dds,glashtin_tinkerer.dds,0,144,3,0,,,,
3998,glashtin_shaman.dds,glashtin_shaman.dds,0,144,3,0,,,,
3999,Gargoyle_crystal.dds,Gargoyle_crystal.dds,0,144,3,0,,,,
6000,gargoyle_alb.dds,gargoyle_alb.dds,0,144,3,0,,,,
6001,gargoyle_mid.dds,gargoyle_mid.dds,0,144,3,0,,,,
6002,gargoyle_hib.dds,gargoyle_hib.dds,0,144,3,0,,,,
6003,Phounds01.dds,Phounds01.dds,0,144,3,0,,,,
6004,Phounds02.dds,Phounds02.dds,0,144,3,0,,,,
6005,Phounds03.dds,Phounds03.dds,0,144,3,0,,,,
6006,Inc_stone_upper.dds,Inc_stone_upper.dds,0,144,3,0,,,,
6007,Inc_floor.dds,Inc_floor.dds,0,144,3,0,,,,
6008,Inconnu_God_Statue.dds,Inconnu_God_Statue.dds,0,144,3,0,,,,
6009,Inc_bronze_trim.dds,Inc_bronze_trim.dds,0,144,3,0,,,,
6010,_dm_stone01.dds,_dm_stone01.dds,2,144,3,0,,,,
6011,InconnuRoom01_DM1.dds,InconnuRoom01_DM1.dds,7,144,3,0,,,,
6012,Inc_bronze_trim_gloss.dds,Inc_bronze_trim_gloss.dds,4,144,3,0,,,,
6013,Crewman_Body.dds,Crewman_Body.dds,0,152,3,0,,,,
6014,Crewman_Head.dds,Crewman_Head.dds,0,152,3,0,,,,
6015,Excavator_Head.dds,Excavator_Head.dds,0,152,3,0,,,,
6016,Excavator_Body.dds,Excavator_Body.dds,0,152,3,0,,,,
6017,GraveRobber_Head.dds,GraveRobber_Head.dds,0,152,3,0,,,,
6018,GraveRobber_body.dds,GraveRobber_body.dds,0,152,3,0,,,,
6019,Initiate_Head.dds,Initiate_Head.dds,0,152,3,0,,,,
6020,Initiate_Body.dds,Initiate_Body.dds,0,152,3,0,,,,
6021,Overseer_Head.dds,Overseer_Head.dds,0,152,3,0,,,,
6022,Overseer_Body.dds,Overseer_Body.dds,0,152,3,0,,,,
6023,Village_founder_Head.dds,Village_founder_Head.dds,0,152,3,0,,,,
6024,Village_founder_body.dds,Village_founder_body.dds,0,152,3,0,,,,
6025,Cel_m_tattoo.dds,Cel_m_tattoo.dds,1,153,4,0,,,,
6026,Cel_f_tatoo.dds,Cel_f_tattoo.dds,1,153,4,0,,,,
6027,sha_f_tattoo01.dds,Sha_f_tattoo_01.dds,1,153,4,0,,,,
6028,sha_f_tattoo02.dds,Sha_f_tattoo_02.dds,1,153,4,0,,,,
6029,sha_f_tattoo03.dds,Sha_f_tattoo_03.dds,1,153,4,0,,,,
6030,sha_f_tattoo04.dds,Sha_f_tattoo_04.dds,1,153,4,0,,,,
6031,sha_f_tattoo05.dds,Sha_f_tattoo_05.dds,1,153,4,0,,,,
6032,sha_f_tattoo06.dds,Sha_f_tattoo_06.dds,1,153,4,0,,,,
6033,sha_m_tattoo01.dds,Sha_m_tattoo01.dds,1,155,4,0,,,,
6034,sha_m_tattoo02.dds,Sha_m_tattoo02.dds,1,155,4,0,,,,
6035,sha_m_tattoo03.dds,Sha_m_tattoo03.dds,1,155,4,0,,,,
6036,sha_m_tattoo04.dds,Sha_m_tattoo04.dds,1,155,4,0,,,,
6037,sha_m_tattoo05.dds,Sha_m_tattoo05.dds,1,155,4,0,,,,
6038,sha_m_tattoo06.dds,Sha_m_tattoo06.dds,1,155,4,0,,,,
6039,BainsheeHair01.dds,BainsheeHair01.dds,0,0,4,0,,1797,,
6041,Bainsheelegs01.dds,Bainsheelegs01.dds,0,0,4,0,,1799,,
6042,bainsheeLuriArms01.dds,bainsheeLuriArms01.dds,0,0,4,0,,1800,,
6043,bainsheeCeltArms01.dds,bainsheeCeltArms01.dds,0,0,4,0,,1801,,
6044,bainsheeElfArms01.dds,bainsheeElfArms01.dds,0,0,4,0,,1802,,
6045,Bat,bat.dds,0,135,1,0,,,,
6046,Possessed Inconnu 1 Body,PI1_body.dds,0,152,3,0,,,,
6047,Possessed Inconnu 1 Head,PI1_head.dds,0,152,3,0,,,,
6048,Possessed Inconnu 2 Body,PI2_body.dds,0,152,3,0,,,,
6049,Possessed Inconnu 2 Head,PI2_head.dds,0,152,3,0,,,,
6050,Possessed Inconnu 3 Body,PI3_body.dds,0,158,1,0,,,,
6051,Possessed Inconnu 3 Head,PI3_head.dds,0,158,1,0,,,,
6052,Glashtin Boss 1,GlashtinBoss01.dds,0,152,3,0,,,,
6053,Glashtin Boss 2,GlashtinBoss02.dds,0,152,3,0,,,,
6054,Mordred Body,mordred_body.dds,0,152,3,0,,,,
6055,Mordred Head,mordred_head.dds,0,152,3,0,,,,
6056,Morrigan Body,morrigan_body.dds,0,152,3,0,,,,
6057,Morrigan Head,morrigan_head.dds,0,152,3,0,,,,
6058,Cata Kilt 1,cat_b_cth1_kilt01.dds,0,0,4,0,,1805,,
6059,Cata Kilt 2,cat_b_cth1_kilt02.dds,0,0,4,0,,1806,,
6060,Cata Kilt 3,cat_b_cth1_kilt03.dds,0,0,4,0,,1807,,
6061,Cata Kilt 4,cat_b_cth1_kilt04.dds,0,0,4,0,,1808,,
6062,Cata Kilt 5,cat_b_cth1_kilt05.dds,0,0,4,0,,1809,,
6063,Cata Kilt 6,cat_b_cth1_kilt06.dds,0,0,4,0,,1810,,
6064,Cata Kilt 7,cat_b_cth1_kilt07.dds,0,0,4,0,,1811,,
6065,Cata Kilt 8,cat_b_cth1_kilt08.dds,0,0,4,0,,1812,,
6066,Glow Fish,AlbinoSprite_Tadpole.dds,0,152,3,0,,,,
6067,gullvieg_body,gullvieg_body.dds,0,152,3,0,,,,
6068,gullvieg_head,gullvieg_head.dds,0,152,3,0,,,,
6069,NPC Tree,tree_npc.dds,0,152,4,0,,,,
6070,Classic Bainshee,Bainshee_Classic_F.dds,0,135,1,0,,,,
6071,Dwa_m_hair06_blonde.dds,Dwa_m_hair06_blonde.dds,0,0,4,0,,1816,,
6072,Dwa_m_hair06_bluebase.dds,Dwa_m_hair06_bluebase.dds,0,0,4,0,,1817,,
6073,Dwa_m_hair06_dkbrown.dds,Dwa_m_hair06_dkbrown.dds,0,0,4,0,,1818,,
6074,Dwa_m_hair06_white.dds,Dwa_m_hair06_white.dds,0,0,4,0,,1819,,
6075,Aulus_Priest_Body,Aulus_Priest_Body.dds,0,153,3,0,,,,
6076,Aulus_Priest_Head,Aulus_Priest_Head.dds,0,153,3,0,,,,
6077,DarkElf_Castor,DarkElf_Castor.dds,0,153,3,0,,,,
6078,DarkElf_Castor_Hair,DarkElf_Castor_Hair.dds,0,153,3,0,,,,
6079,DarkElf_Castor_Head,DarkElf_Castor_Head.dds,0,153,3,0,,,,
6080,DarkElf_f,DarkElf_f.dds,0,153,3,0,,,,
6081,DarkElf_f_Hair,DarkElf_f_Hair.dds,0,153,3,0,,,,
6082,DarkElf_f_Head,DarkElf_f_Head.dds,0,153,3,0,,,,
6083,DarkElf_King,DarkElf_King.dds,0,153,3,0,,,,
6084,DarkElf_King_Hair,DarkElf_King_Hair.dds,0,153,3,0,,,,
6085,DarkElf_King_Head,DarkElf_King_Head.dds,0,153,3,0,,,,
6086,DarkElf_m,DarkElf_m.dds,0,153,3,0,,,,
6087,DarkElf_m_Hair,DarkElf_m_Hair.dds,0,153,3,0,,,,
6088,DarkElf_m_Head,DarkElf_m_Head.dds,0,153,3,0,,,,
6089,DarkElf_Queen,DarkElf_Queen.dds,0,153,3,0,,,,
6090,DarkElf_Queen_Hair,DarkElf_Queen_Hair.dds,0,153,3,0,,,,
6091,DarkElf_Queen_Head,DarkElf_Queen_Head.dds,0,153,3,0,,,,
6092,PlutoWorker_Body,PlutoWorker_Body.dds,0,153,3,0,,,,
6093,PlutoWorker_Head,PlutoWorker_Head.dds,0,153,3,0,,,,
6094,Sacrificer_Body,Sacrificer_Body.dds,0,153,3,0,,,,
6095,Sacrificer_Head,Sacrificer_Head.dds,0,153,3,0,,,,
6096,PS1_head,PS1_head.dds,0,153,3,0,,,,
6097,PS1_body,PS1_body.dds,0,153,3,0,,,,
6098,PS2_head,PS2_head.dds,0,153,3,0,,,,
6099,PS2_body,PS2_body.dds,0,153,3,0,,,,
6100,PS3_head,PS3_head.dds,0,158,1,0,,,,
6101,PS3_body,PS3_body.dds,0,158,1,0,,,,
6102,Norse Head 7,Nor_m_Head07.dds,0,0,4,0,,1824,,
6103,cthArms01_TOA_mummy.dds,cthArms01_TOA_mummy.dds,0,0,4,0,,211,,
6104,cthBody01_TOA_mummy_F.dds,cthBody01_TOA_mummy_F.dds,0,0,4,0,,252,,
6105,cthBody01_TOA_mummy_m.dds,cthBody01_TOA_mummy_m.dds,0,0,4,0,,253,,
6106,cthBoots01_TOA_mummy.dds,cthBoots01_TOA_mummy.dds,0,0,4,0,,291,,
6107,cthGloves01_TOA_mummy.dds,cthGloves01_TOA_mummy.dds,0,0,4,0,,318,,
6108,cthLegs01_TOA_mummy.dds,cthLegs01_TOA_mummy.dds,0,0,4,0,,422,,
6109,Dwa_f_MummyHead01.dds,Dwa_f_MummyHead01.dds,0,0,4,0,,437,,
6110,Dwa_m_MummyHead01.dds,Dwa_m_MummyHead01.dds,0,0,4,0,,447,,
6111,Elf_F_MummyHead01.dds,Elf_F_MummyHead01.dds,0,0,4,0,,451,,
6112,Elf_m_MummyHead01.dds,Elf_m_MummyHead01.dds,0,0,4,0,,454,,
6113,Fro_f_MummyHead01.dds,Fro_f_MummyHead01.dds,0,0,4,0,,524,,
6114,Fro_m_MummyHead01.dds,Fro_m_MummyHead01.dds,0,0,4,0,,533,,
6115,Hal_m_MummyHead01.dds,Hal_m_MummyHead01.dds,0,0,4,0,,534,,
6116,Hig_F_MummyHead01.dds,Hig_F_MummyHead01.dds,0,0,4,0,,535,,
6117,Hig_m_MummyHead01.dds,Hig_m_MummyHead01.dds,0,0,4,0,,536,,
6118,Ico_f_MummyHead01.dds,Ico_f_MummyHead01.dds,0,0,4,0,,537,,
6119,Ico_m_MummyHead01.dds,Ico_m_MummyHead01.dds,0,0,4,0,,540,,
6120,Kob_f_MummyHead01.dds,Kob_f_MummyHead01.dds,0,0,4,0,,551,,
6121,Kob_m_MummyHead01.dds,Kob_m_MummyHead01.dds,0,0,4,0,,562,,
6122,Lur_f_MummyHead01.dds,Lur_f_MummyHead01.dds,0,0,4,0,,726,,
6123,Lur_m_MummyHead01.dds,Lur_m_MummyHead01.dds,0,0,4,0,,729,,
6124,Nor_F_MummyHead01.dds,Nor_F_MummyHead01.dds,0,0,4,0,,740,,
6125,Nor_m_MummyHead01.dds,Nor_m_MummyHead01.dds,0,0,4,0,,749,,
6126,Sar_f_MummyHead01.dds,Sar_f_MummyHead01.dds,0,0,4,0,,959,,
6127,Sar_m_MummyHead01.dds,Sar_m_MummyHead01.dds,0,0,4,0,,962,,
6128,Sha_f_MummyHead01.dds,Sha_f_MummyHead01.dds,0,0,4,0,,996,,
6129,Sha_m_MummyHead01.dds,Sha_m_MummyHead01.dds,0,0,4,0,,999,,
6130,Syl_F_MummyHead01.dds,Syl_F_MummyHead01.dds,0,0,4,0,,1028,,
6131,Syl_m_MummyHead01.dds,Syl_m_MummyHead01.dds,0,0,4,0,,1029,,
6132,tro_f_MummyHead01.dds,tro_f_MummyHead01.dds,0,0,4,0,,1060,,
6133,tro_m_MummyHead01.dds,tro_m_MummyHead01.dds,0,0,4,0,,1090,,
6134,Val_f_MummyHead01.dds,Val_f_MummyHead01.dds,0,0,4,0,,1101,,
6135,Val_m_MummyHead01.dds,Val_m_MummyHead01.dds,0,0,4,0,,1112,,
6136,Bri_F_MummyHead01.dds,Bri_F_MummyHead01.dds,0,0,4,0,,3,,
6137,Bri_m_MummyHead01.dds,Bri_m_MummyHead01.dds,0,0,4,0,,8,,
6138,Ava_F_MummyHead01.dds,Ava_F_MummyHead01.dds,0,0,4,0,,1953,,
6139,Ava_m_MummyHead01.dds,Ava_m_MummyHead01.dds,0,0,4,0,,1952,,
6140,Hal_f_MummyHead01.dds,Hal_f_MummyHead01.dds,0,0,4,0,,1958,,
6141,Fir_F_MummyHead01.dds,Fir_F_MummyHead01.dds,0,0,4,0,,1956,,
6142,Fir_m_MummyHead01.dds,Fir_m_MummyHead01.dds,0,0,4,0,,1957,,
6143,Cel_F_MummyHead01.dds,Cel_F_MummyHead01.dds,0,0,4,0,,1954,,
6144,Cel_m_MummyHead01.dds,Cel_m_MummyHead01.dds,0,0,4,0,,1955,,
6146,cthArms01_TOA_shade.dds,cthArms01_TOA_shade.dds,0,0,4,0,,214,,
6147,cthBody01_TOA_shade_f.dds,cthBody01_TOA_shade_f.dds,0,0,4,0,,254,,
6148,cthBody01_TOA_shade_m.dds,cthBody01_TOA_shade_m.dds,0,0,4,0,,255,,
6149,cthBoots01_TOA_shade.dds,cthBoots01_TOA_shade.dds,0,0,4,0,,294,,
6150,cthGloves01_TOA_shade.dds,cthGloves01_TOA_shade.dds,0,0,4,0,,322,,
6151,cthLegs01_TOA_shade.dds,cthLegs01_TOA_shade.dds,0,0,4,0,,425,,
6152,dwf_f_ShadeHead.dds,dwf_f_ShadeHead.dds,0,0,4,0,,449,,
6153,dwf_m_ShadeHead.dds,dwf_m_ShadeHead.dds,0,0,4,0,,450,,
6154,elf_f_ShadeHead.dds,elf_f_ShadeHead.dds,0,0,4,0,,452,,
6155,elf_m_ShadeHead.dds,elf_m_ShadeHead.dds,0,0,4,0,,455,,
6156,ico_f_ShadeHead.dds,ico_f_ShadeHead.dds,0,0,4,0,,538,,
6157,ico_m_ShadeHead.dds,ico_m_ShadeHead.dds,0,0,4,0,,541,,
6158,kob_f_ShadeHead.dds,kob_f_ShadeHead.dds,0,0,4,0,,552,,
6159,kob_m_ShadeHead.dds,kob_m_ShadeHead.dds,0,0,4,0,,563,,
6160,lur_f_ShadeHead.dds,lur_f_ShadeHead.dds,0,0,4,0,,727,,
6161,lur_m_ShadeHead.dds,lur_m_ShadeHead.dds,0,0,4,0,,730,,
6162,sar_f_ShadeHead.dds,sar_f_ShadeHead.dds,0,0,4,0,,960,,
6163,sar_m_ShadeHead.dds,sar_m_ShadeHead.dds,0,0,4,0,,963,,
6164,sha_f_ShadeHead.dds,sha_f_ShadeHead.dds,0,0,4,0,,997,,
6165,sha_m_ShadeHead.dds,sha_m_ShadeHead.dds,0,0,4,0,,1000,,
6166,syl_m_ShadeHead.dds,syl_m_ShadeHead.dds,0,0,4,0,,1030,,
6167,tro_f_ShadeHead.dds,tro_f_ShadeHead.dds,0,0,4,0,,1061,,
6168,tro_m_ShadeHead.dds,tro_m_ShadeHead.dds,0,0,4,0,,1091,,
6169,val_f_ShadeHead.dds,val_f_ShadeHead.dds,0,0,4,0,,1102,,
6170,val_m_ShadeHead.dds,val_m_ShadeHead.dds,0,0,4,0,,1113,,
6171,bri_f_ShadeHead.dds,bri_f_ShadeHead.dds,0,0,4,0,,4,,
6172,bri_m_ShadeHead.dds,bri_m_ShadeHead.dds,0,0,4,0,,9,,
6173,Hig_f_ShadeHead.dds,Hig_f_ShadeHead.dds,0,0,4,0,,1947,,
6174,hig_m_ShadeHead.dds,hig_m_ShadeHead.dds,0,0,4,0,,1948,,
6175,Ava_f_ShadeHead.dds,Ava_f_ShadeHead.dds,0,0,4,0,,1939,,
6176,Ava_m_ShadeHead.dds,Ava_m_ShadeHead.dds,0,0,4,0,,1940,,
6177,Hal_f_ShadeHead.dds,Hal_f_ShadeHead.dds,0,0,4,0,,1945,,
6178,hal_m_ShadeHead.dds,hal_m_ShadeHead.dds,0,0,4,0,,1946,,
6179,nor_f_ShadeHead.dds,nor_f_ShadeHead.dds,0,0,4,0,,1949,,
6180,nor_m_ShadeHead.dds,nor_m_ShadeHead.dds,0,0,4,0,,1950,,
6181,fro_f_ShadeHead.dds,fro_f_ShadeHead.dds,0,0,4,0,,1943,,
6182,fro_m_ShadeHead.dds,fro_m_ShadeHead.dds,0,0,4,0,,1944,,
6183,cel_f_ShadeHead.dds,cel_f_ShadeHead.dds,0,0,4,0,,1941,,
6184,cel_m_ShadeHead.dds,cel_m_ShadeHead.dds,0,0,4,0,,1942,,
6185,syl_f_ShadeHead.dds,syl_f_ShadeHead.dds,0,0,4,0,,1951,,
6186,cthArms01_TOA_stone.dds,cthArms01_TOA_stone.dds,0,0,4,0,,1982,,
6187,cthBody01_TOA_stone_f.dds,cthBody01_TOA_stone_f.dds,0,0,4,0,,1979,,
6188,cthBody01_TOA_stone_m.dds,cthBody01_TOA_stone_m.dds,0,0,4,0,,1980,,
6189,cthBoots01_TOA_stone.dds,cthBoots01_TOA_stone.dds,0,0,4,0,,1978,,
6190,cthGloves01_TOA_stone.dds,cthGloves01_TOA_stone.dds,0,0,4,0,,1977,,
6191,cthLegs01_TOA_stone.dds,cthLegs01_TOA_stone.dds,0,0,4,0,,1981,,
6192,Bri_f_stonehead.dds,Bri_f_stonehead.dds,0,0,4,0,,5,,
6193,Bri_m_stonehead.dds,Bri_m_stonehead.dds,0,0,4,0,,10,,
6194,Dwa_f_stonehead.dds,Dwa_f_stonehead.dds,0,0,4,0,,438,,
6195,Dwa_m_stonehead.dds,Dwa_m_stonehead.dds,0,0,4,0,,448,,
6196,Elf_f_stonehead.dds,Elf_f_stonehead.dds,0,0,4,0,,453,,
6197,Elf_m_stonehead.dds,Elf_m_stonehead.dds,0,0,4,0,,456,,
6198,Ico_f_stonehead.dds,Ico_f_stonehead.dds,0,0,4,0,,539,,
6199,Ico_m_stonehead.dds,Ico_m_stonehead.dds,0,0,4,0,,542,,
6200,kob_f_stonehead.dds,kob_f_stonehead.dds,0,0,4,0,,553,,
6201,kob_m_stonehead.dds,kob_m_stonehead.dds,0,0,4,0,,564,,
6202,lur_f_stonehead.dds,lur_f_stonehead.dds,0,0,4,0,,728,,
6203,lur_m_stonehead.dds,lur_m_stonehead.dds,0,0,4,0,,731,,
6204,sar_f_stonehead.dds,sar_f_stonehead.dds,0,0,4,0,,961,,
6205,Sar_m_stonehead.dds,Sar_m_stonehead.dds,0,0,4,0,,964,,
6206,sha_f_stonehead.dds,sha_f_stonehead.dds,0,0,4,0,,998,,
6207,sha_m_stonehead.dds,sha_m_stonehead.dds,0,0,4,0,,1001,,
6208,syl_m_stonehead.dds,syl_m_stonehead.dds,0,0,4,0,,1031,,
6209,tro_f_stonehead.dds,tro_f_stonehead.dds,0,0,4,0,,1062,,
6210,tro_m_stonehead.dds,tro_m_stonehead.dds,0,0,4,0,,1092,,
6211,val_f_stonehead.dds,val_f_stonehead.dds,0,0,4,0,,1103,,
6212,val_m_stonehead.dds,val_m_stonehead.dds,0,0,4,0,,1114,,
6213,hig_f_stonehead.dds,hig_f_stonehead.dds,0,0,4,0,,1967,,
6214,hig_m_stonehead.dds,hig_m_stonehead.dds,0,0,4,0,,1968,,
6215,ava_f_stonehead.dds,ava_f_stonehead.dds,0,0,4,0,,1959,,
6216,ava_m_stonehead.dds,ava_m_stonehead.dds,0,0,4,0,,1960,,
6219,nor_f_stonehead.dds,nor_f_stonehead.dds,0,0,4,0,,1969,,
6220,nor_m_stonehead.dds,nor_m_stonehead.dds,0,0,4,0,,1970,,
6221,Fro_f_stonehead.dds,Fro_f_stonehead.dds,0,0,4,0,,1965,,
6222,fro_m_stonehead.dds,fro_m_stonehead.dds,0,0,4,0,,1966,,
6223,fir_f_stonehead.dds,fir_f_stonehead.dds,0,0,4,0,,1963,,
6224,fir_m_stonehead.dds,fir_m_stonehead.dds,0,0,4,0,,1964,,
6225,cel_f_stonehead.dds,cel_f_stonehead.dds,0,0,4,0,,1961,,
6226,cel_m_stonehead.dds,cel_m_stonehead.dds,0,0,4,0,,1962,,
6227,minecart01.dds,minecart01.dds,0,153,3,0,,,,
6228,stagform_01.dds,stagform_01.dds,0,0,4,0,,1928,,
6229,bearform_01.dds,bearform_01.dds,0,0,4,0,,1991,,
6230,cthLegs01_SS_Kob_F.dds,cthLegs01_SS_Kob_F.dds,0,0,4,0,,1917,a,
6231,cthArms01_ss_Bri_f.dds,cthArms01_ss_Bri_f.dds,0,0,4,0,,1918,a,
6232,cthArms01_SS_Fir_F.dds,cthArms01_SS_Fir_F.dds,0,0,4,0,,1919,,
6233,cthArms01_SS_Hal_F.dds,cthArms01_SS_Hal_F.dds,0,0,4,0,,1920,a,
6234,cthArms01_ss_Hig_f.dds,cthArms01_ss_Hig_f.dds,0,0,4,0,,1921,a,
6235,cthArms01_SS_Kob_F.dds,cthArms01_SS_Kob_F.dds,0,0,4,0,,1922,a,
6236,cthArms01_ss_Syl_F.dds,cthArms01_ss_Syl_F.dds,0,0,4,0,,1923,a,
6237,cthArms01_ss_Tro_f.dds,cthArms01_ss_Tro_f.dds,0,0,4,0,,1924,a,
6238,cthArms01_ss_Val_f.dds,cthArms01_ss_Val_f.dds,0,0,4,0,,1925,a,
6239,cthLegs01_ss_Bri_f.dds,cthLegs01_ss_Bri_f.dds,0,0,4,0,,1926,,
6240,cthLegs01_ss_Hig_f.dds,cthLegs01_ss_Hig_f.dds,0,0,4,0,,1927,a,
6241,Norse Head 7,Nor_m_Head07.dds,0,0,4,0,,1983,,
6242,Dother_Head.dds,Dother_Head.dds,0,153,3,0,,,,
6243,Dian_Head.dds,Dian_Head.dds,0,153,3,0,,,,
6244,Dub_Head.dds,Dub_Head.dds,0,153,3,0,,,,
6245,Stooge_Body.dds,Stooge_Body.dds,0,153,3,0,,,,
6246,fafner_body.dds,fafner_body.dds,0,153,3,0,,,,
6247,fafner_head.dds,fafner_head.dds,0,153,3,0,,,,
6248,syl_f_stonehead.dds,syl_f_stonehead.dds,0,0,4,0,,1984,,
6249,sha_f_stonehead.dds,sha_f_stonehead.dds,0,0,4,0,,1985,,
6250,sha_m_stonehead.dds,sha_m_stonehead.dds,0,0,4,0,,1986,,
6251,fir_f_ShadeHead.dds,fir_f_ShadeHead.dds,0,0,4,0,,1987,,
6252,fir_m_ShadeHead.dds,fir_m_ShadeHead.dds,0,0,4,0,,1988,,
6253,hal_f_stonehead.dds,hal_f_stonehead.dds,0,0,4,0,,1989,,
6254,hal_m_stonehead.dds,hal_m_stonehead.dds,0,0,4,0,,1990,,
6255,Morgan_Le_Fay_hair.dds,Morgan_Le_Fay_hair.dds,0,154,3,0,,,,
6256,Morgan_Le_Faay_body.dds,Morgan_Le_Faay_body.dds,0,154,3,0,,,,
6257,Morgan_Le_Faay_head.dds,Morgan_Le_Faay_head.dds,0,154,3,0,,,,
6258,cthArms01_ss_sha_f.dds,cthArms01_ss_sha_f.dds,0,0,4,0,,1999,a,
6259,Tunic for Stag/Vendo,leaBody01_01_m.dds,0,0,4,0,,571,,
6260,Dwa_m_hair06_blonde.dds,Dwa_m_hair06_blonde.dds,0,0,4,0,,2000,b,
6261,Dwa_m_hair06_bluebase.dds,Dwa_m_hair06_bluebase.dds,0,0,4,0,,2001,,
6262,Dwa_m_hair06_dkbrown.dds,Dwa_m_hair06_dkbrown.dds,0,0,4,0,,2002,,
6263,Dwa_m_hair06_white.dds,Dwa_m_hair06_white.dds,0,0,4,0,,2003,,
6264,hair_decal_Elf_f_Hair01.dds,hair_decal_Elf_f_Hair01.dds,1,155,4,0,,,,
6265,hair_decal_Nor_f_Hair01.dds,hair_decal_Nor_f_Hair01.dds,1,155,4,0,,,,
6266,hair_decal_Sar_f_Hair01.dds,hair_decal_Sar_f_Hair01.dds,1,155,4,0,,,,
6267,hair_decal_Sar_m_Hair01.dds,hair_decal_Sar_m_Hair01.dds,1,155,4,0,,,,
6268,eyecolor_generic_f_color01.dds,eyecolor_generic_f_color01.dds,2,156,4,0,,,,
6269,eyecolor_generic_f_color03.dds,eyecolor_generic_f_color03.dds,2,156,4,0,,,,
6270,eyecolor_generic_f_color04.dds,eyecolor_generic_f_color04.dds,2,156,4,0,,,,
6271,eyecolor_generic_f_color05.dds,eyecolor_generic_f_color05.dds,2,156,4,0,,,,
6272,eyecolor_generic_f_color06.dds,eyecolor_generic_f_color06.dds,2,156,4,0,,,,
6273,eyecolor_generic_f_color07.dds,eyecolor_generic_f_color07.dds,2,156,4,0,,,,
6274,eyecolor_generic_f_color08.dds,eyecolor_generic_f_color08.dds,2,156,4,0,,,,
6275,eyecolor_generic_m_color01.dds,eyecolor_generic_m_color01.dds,2,156,4,0,,,,
6276,eyecolor_generic_m_color02.dds,eyecolor_generic_m_color02.dds,2,156,4,0,,,,
6277,eyecolor_generic_m_color03.dds,eyecolor_generic_m_color03.dds,2,156,4,0,,,,
6278,eyecolor_generic_m_color04.dds,eyecolor_generic_m_color04.dds,2,156,4,0,,,,
6279,eyecolor_generic_m_color05.dds,eyecolor_generic_m_color05.dds,2,156,4,0,,,,
6280,eyecolor_generic_m_color06.dds,eyecolor_generic_m_color06.dds,2,156,4,0,,,,
6281,eyecolor_generic_m_color07.dds,eyecolor_generic_m_color07.dds,2,156,4,0,,,,
6282,eyecolor_generic_m_color08.dds,eyecolor_generic_m_color08.dds,2,156,4,0,,,,
6283,eyecolor_inc_f_color01.dds,eyecolor_inc_f_color01.dds,2,156,4,0,,,,
6284,eyecolor_inc_f_color02.dds,eyecolor_inc_f_color02.dds,2,156,4,0,,,,
6285,eyecolor_inc_f_color03.dds,eyecolor_inc_f_color03.dds,2,156,4,0,,,,
6286,eyecolor_inc_f_color04.dds,eyecolor_inc_f_color04.dds,2,156,4,0,,,,
6287,eyecolor_inc_f_color05.dds,eyecolor_inc_f_color05.dds,2,156,4,0,,,,
6288,eyecolor_inc_f_color06.dds,eyecolor_inc_f_color06.dds,2,156,4,0,,,,
6289,eyecolor_inc_f_color07.dds,eyecolor_inc_f_color07.dds,2,156,4,0,,,,
6290,eyecolor_inc_f_color08.dds,eyecolor_inc_f_color08.dds,2,156,4,0,,,,
6291,eyecolor_inc_m_color01.dds,eyecolor_inc_m_color01.dds,2,156,4,0,,,,
6292,eyecolor_inc_m_color02.dds,eyecolor_inc_m_color02.dds,2,156,4,0,,,,
6293,eyecolor_inc_m_color03.dds,eyecolor_inc_m_color03.dds,2,156,4,0,,,,
6294,eyecolor_inc_m_color04.dds,eyecolor_inc_m_color04.dds,2,156,4,0,,,,
6295,eyecolor_inc_m_color05.dds,eyecolor_inc_m_color05.dds,2,156,4,0,,,,
6296,eyecolor_inc_m_color06.dds,eyecolor_inc_m_color06.dds,2,156,4,0,,,,
6297,eyecolor_inc_m_color07.dds,eyecolor_inc_m_color07.dds,2,156,4,0,,,,
6298,eyecolor_inc_m_color08.dds,eyecolor_inc_m_color08.dds,2,156,4,0,,,,
6299,eyecolor_sha_color01.dds,eyecolor_sha_color01.dds,2,156,4,0,,,,
6300,eyecolor_sha_color02.dds,eyecolor_sha_color02.dds,2,156,4,0,,,,
6301,eyecolor_sha_color03.dds,eyecolor_sha_color03.dds,2,156,4,0,,,,
6302,eyecolor_sha_color04.dds,eyecolor_sha_color04.dds,2,156,4,0,,,,
6303,eyecolor_sha_color05.dds,eyecolor_sha_color05.dds,2,156,4,0,,,,
6304,eyecolor_sha_color06.dds,eyecolor_sha_color06.dds,2,156,4,0,,,,
6305,eyecolor_sha_color07.dds,eyecolor_sha_color07.dds,2,156,4,0,,,,
6306,eyecolor_sha_color08.dds,eyecolor_sha_color08.dds,2,156,4,0,,,,
6307,eyecolor_syl_color01.dds,eyecolor_syl_color01.dds,2,156,4,0,,,,
6308,eyecolor_syl_color02.dds,eyecolor_syl_color02.dds,2,156,4,0,,,,
6309,eyecolor_syl_color03.dds,eyecolor_syl_color03.dds,2,156,4,0,,,,
6310,eyecolor_syl_color04.dds,eyecolor_syl_color04.dds,2,156,4,0,,,,
6311,eyecolor_syl_color05.dds,eyecolor_syl_color05.dds,2,156,4,0,,,,
6312,eyecolor_syl_color06.dds,eyecolor_syl_color06.dds,2,156,4,0,,,,
6313,eyecolor_syl_color07.dds,eyecolor_syl_color07.dds,2,156,4,0,,,,
6314,eyecolor_syl_color08.dds,eyecolor_syl_color08.dds,2,156,4,0,,,,
6315,eyecolor_tro_color01.dds,eyecolor_tro_color01.dds,2,156,4,0,,,,
6316,eyecolor_tro_color02.dds,eyecolor_tro_color02.dds,2,156,4,0,,,,
6317,eyecolor_tro_color03.dds,eyecolor_tro_color03.dds,2,156,4,0,,,,
6318,eyecolor_tro_color04.dds,eyecolor_tro_color04.dds,2,156,4,0,,,,
6319,eyecolor_tro_color05.dds,eyecolor_tro_color05.dds,2,156,4,0,,,,
6320,eyecolor_tro_color06.dds,eyecolor_tro_color06.dds,2,156,4,0,,,,
6321,eyecolor_tro_color07.dds,eyecolor_tro_color07.dds,2,156,4,0,,,,
6322,eyecolor_tro_color08.dds,eyecolor_tro_color08.dds,2,156,4,0,,,,
6323,eyecolor_val_f_color01.dds,eyecolor_val_f_color01.dds,2,156,4,0,,,,
6324,eyecolor_val_f_color02.dds,eyecolor_val_f_color02.dds,2,156,4,0,,,,
6325,eyecolor_val_f_color03.dds,eyecolor_val_f_color03.dds,2,156,4,0,,,,
6326,eyecolor_val_f_color04.dds,eyecolor_val_f_color04.dds,2,156,4,0,,,,
6327,eyecolor_val_f_color05.dds,eyecolor_val_f_color05.dds,2,156,4,0,,,,
6328,eyecolor_val_f_color06.dds,eyecolor_val_f_color06.dds,2,156,4,0,,,,
6329,eyecolor_val_f_color07.dds,eyecolor_val_f_color07.dds,2,156,4,0,,,,
6330,eyecolor_val_f_color08.dds,eyecolor_val_f_color08.dds,2,156,4,0,,,,
6331,eyecolor_val_m_color01.dds,eyecolor_val_m_color01.dds,2,156,4,0,,,,
6332,eyecolor_val_m_color02.dds,eyecolor_val_m_color02.dds,2,156,4,0,,,,
6333,eyecolor_val_m_color03.dds,eyecolor_val_m_color03.dds,2,156,4,0,,,,
6334,eyecolor_val_m_color04.dds,eyecolor_val_m_color04.dds,2,156,4,0,,,,
6335,eyecolor_val_m_color05.dds,eyecolor_val_m_color05.dds,2,156,4,0,,,,
6336,eyecolor_val_m_color06.dds,eyecolor_val_m_color06.dds,2,156,4,0,,,,
6337,eyecolor_val_m_color07.dds,eyecolor_val_m_color07.dds,2,156,4,0,,,,
6338,eyecolor_val_m_color08.dds,eyecolor_val_m_color08.dds,2,156,4,0,,,,
6339,eyecolor_lur_f_color01.dds,eyecolor_lur_f_color01.dds,2,156,4,0,,,,
6340,eyecolor_lur_f_color02.dds,eyecolor_lur_f_color02.dds,2,156,4,0,,,,
6341,eyecolor_lur_f_color03.dds,eyecolor_lur_f_color03.dds,2,156,4,0,,,,
6342,eyecolor_lur_f_color04.dds,eyecolor_lur_f_color04.dds,2,156,4,0,,,,
6343,eyecolor_lur_f_color05.dds,eyecolor_lur_f_color05.dds,2,156,4,0,,,,
6344,eyecolor_lur_f_color06.dds,eyecolor_lur_f_color06.dds,2,156,4,0,,,,
6345,eyecolor_lur_f_color07.dds,eyecolor_lur_f_color07.dds,2,156,4,0,,,,
6346,eyecolor_lur_f_color08.dds,eyecolor_lur_f_color08.dds,2,156,4,0,,,,
6347,eyecolor_lur_m_color01.dds,eyecolor_lur_m_color01.dds,2,156,4,0,,,,
6348,eyecolor_lur_m_color02.dds,eyecolor_lur_m_color02.dds,2,156,4,0,,,,
6349,eyecolor_lur_m_color03.dds,eyecolor_lur_m_color03.dds,2,156,4,0,,,,
6350,eyecolor_lur_m_color04.dds,eyecolor_lur_m_color04.dds,2,156,4,0,,,,
6351,eyecolor_lur_m_color05.dds,eyecolor_lur_m_color05.dds,2,156,4,0,,,,
6352,eyecolor_lur_m_color06.dds,eyecolor_lur_m_color06.dds,2,156,4,0,,,,
6353,eyecolor_lur_m_color07.dds,eyecolor_lur_m_color07.dds,2,156,4,0,,,,
6354,eyecolor_lur_m_color08.dds,eyecolor_lur_m_color08.dds,2,156,4,0,,,,
6355,eyecolor_generic_f_color02.dds,eyecolor_generic_f_color02.dds,2,156,4,0,,,,
6356,hair_decal_Fir_f_Hair01.dds,hair_decal_Fir_f_Hair01.dds,1,155,4,0,,,,
6357,hair_decal_Sha_m_Hair04.dds,hair_decal_Sha_m_Hair04.dds,1,155,4,0,,,,
6358,hair_decal_Sha_m_Hair03.dds,hair_decal_Sha_m_Hair03.dds,1,155,4,0,,,,
6359,hair_decal_Hig_f_Hair02.dds,hair_decal_Hig_f_Hair02.dds,1,155,4,0,,,,
6360,hair_decal_Hal_f_Hair01.dds,hair_decal_Hal_f_Hair01.dds,1,155,4,0,,,,
6361,eyecolor_dwa_f_color01.dds,eyecolor_dwa_f_color01.dds,2,156,4,0,,,,
6362,eyecolor_dwa_f_color02.dds,eyecolor_dwa_f_color02.dds,2,156,4,0,,,,
6363,eyecolor_dwa_f_color03.dds,eyecolor_dwa_f_color03.dds,2,156,4,0,,,,
6364,eyecolor_dwa_f_color04.dds,eyecolor_dwa_f_color04.dds,2,156,4,0,,,,
6365,eyecolor_dwa_f_color05.dds,eyecolor_dwa_f_color05.dds,2,156,4,0,,,,
6366,eyecolor_dwa_f_color06.dds,eyecolor_dwa_f_color06.dds,2,156,4,0,,,,
6367,eyecolor_dwa_f_color07.dds,eyecolor_dwa_f_color07.dds,2,156,4,0,,,,
6368,eyecolor_dwa_f_color08.dds,eyecolor_dwa_f_color08.dds,2,156,4,0,,,,
6369,eyecolor_dwa_m_color01.dds,eyecolor_dwa_m_color01.dds,2,156,4,0,,,,
6370,eyecolor_dwa_m_color02.dds,eyecolor_dwa_m_color02.dds,2,156,4,0,,,,
6371,eyecolor_dwa_m_color03.dds,eyecolor_dwa_m_color03.dds,2,156,4,0,,,,
6372,eyecolor_dwa_m_color04.dds,eyecolor_dwa_m_color04.dds,2,156,4,0,,,,
6373,eyecolor_dwa_m_color05.dds,eyecolor_dwa_m_color05.dds,2,156,4,0,,,,
6374,eyecolor_dwa_m_color06.dds,eyecolor_dwa_m_color06.dds,2,156,4,0,,,,
6375,eyecolor_dwa_m_color07.dds,eyecolor_dwa_m_color07.dds,2,156,4,0,,,,
6376,eyecolor_dwa_m_color08.dds,eyecolor_dwa_m_color08.dds,2,156,4,0,,,,
6377,eyecolor_elf_f_color01.dds,eyecolor_elf_f_color01.dds,2,156,4,0,,,,
6378,eyecolor_elf_f_color02.dds,eyecolor_elf_f_color02.dds,2,156,4,0,,,,
6379,eyecolor_elf_f_color03.dds,eyecolor_elf_f_color03.dds,2,156,4,0,,,,
6380,eyecolor_elf_f_color04.dds,eyecolor_elf_f_color04.dds,2,156,4,0,,,,
6381,eyecolor_elf_f_color05.dds,eyecolor_elf_f_color05.dds,2,156,4,0,,,,
6382,eyecolor_elf_f_color06.dds,eyecolor_elf_f_color06.dds,2,156,4,0,,,,
6383,eyecolor_elf_f_color07.dds,eyecolor_elf_f_color07.dds,2,156,4,0,,,,
6384,eyecolor_elf_f_color08.dds,eyecolor_elf_f_color08.dds,2,156,4,0,,,,
6385,eyecolor_elf_m_color01.dds,eyecolor_elf_m_color01.dds,2,156,4,0,,,,
6386,eyecolor_elf_m_color02.dds,eyecolor_elf_m_color02.dds,2,156,4,0,,,,
6387,eyecolor_elf_m_color03.dds,eyecolor_elf_m_color03.dds,2,156,4,0,,,,
6388,eyecolor_elf_m_color04.dds,eyecolor_elf_m_color04.dds,2,156,4,0,,,,
6389,eyecolor_elf_m_color05.dds,eyecolor_elf_m_color05.dds,2,156,4,0,,,,
6390,eyecolor_elf_m_color06.dds,eyecolor_elf_m_color06.dds,2,156,4,0,,,,
6391,eyecolor_elf_m_color07.dds,eyecolor_elf_m_color07.dds,2,156,4,0,,,,
6392,eyecolor_elf_m_color08.dds,eyecolor_elf_m_color08.dds,2,156,4,0,,,,
6393,eyecolor_fir_f_color01.dds,eyecolor_fir_f_color01.dds,2,156,4,0,,,,
6394,eyecolor_fir_f_color02.dds,eyecolor_fir_f_color02.dds,2,156,4,0,,,,
6395,eyecolor_fir_f_color03.dds,eyecolor_fir_f_color03.dds,2,156,4,0,,,,
6396,eyecolor_fir_f_color04.dds,eyecolor_fir_f_color04.dds,2,156,4,0,,,,
6397,eyecolor_fir_f_color05.dds,eyecolor_fir_f_color05.dds,2,156,4,0,,,,
6398,eyecolor_fir_f_color06.dds,eyecolor_fir_f_color06.dds,2,156,4,0,,,,
6399,eyecolor_fir_f_color07.dds,eyecolor_fir_f_color07.dds,2,156,4,0,,,,
6400,eyecolor_fir_f_color08.dds,eyecolor_fir_f_color08.dds,2,156,4,0,,,,
6401,eyecolor_fir_m_color01.dds,eyecolor_fir_m_color01.dds,2,156,4,0,,,,
6402,eyecolor_fir_m_color02.dds,eyecolor_fir_m_color02.dds,2,156,4,0,,,,
6403,eyecolor_fir_m_color03.dds,eyecolor_fir_m_color03.dds,2,156,4,0,,,,
6404,eyecolor_fir_m_color04.dds,eyecolor_fir_m_color04.dds,2,156,4,0,,,,
6405,eyecolor_fir_m_color05.dds,eyecolor_fir_m_color05.dds,2,156,4,0,,,,
6406,eyecolor_fir_m_color06.dds,eyecolor_fir_m_color06.dds,2,156,4,0,,,,
6407,eyecolor_fir_m_color07.dds,eyecolor_fir_m_color07.dds,2,156,4,0,,,,
6408,eyecolor_fir_m_color08.dds,eyecolor_fir_m_color08.dds,2,156,4,0,,,,
6409,eyecolor_fro_f_color01.dds,eyecolor_fro_f_color01.dds,2,156,4,0,,,,
6410,eyecolor_fro_f_color02.dds,eyecolor_fro_f_color02.dds,2,156,4,0,,,,
6411,eyecolor_fro_f_color03.dds,eyecolor_fro_f_color03.dds,2,156,4,0,,,,
6412,eyecolor_fro_f_color04.dds,eyecolor_fro_f_color04.dds,2,156,4,0,,,,
6413,eyecolor_fro_f_color05.dds,eyecolor_fro_f_color05.dds,2,156,4,0,,,,
6414,eyecolor_fro_f_color06.dds,eyecolor_fro_f_color06.dds,2,156,4,0,,,,
6415,eyecolor_fro_f_color07.dds,eyecolor_fro_f_color07.dds,2,156,4,0,,,,
6416,eyecolor_fro_f_color08.dds,eyecolor_fro_f_color08.dds,2,156,4,0,,,,
6417,eyecolor_fro_m_color01.dds,eyecolor_fro_m_color01.dds,2,156,4,0,,,,
6418,eyecolor_fro_m_color02.dds,eyecolor_fro_m_color02.dds,2,156,4,0,,,,
6419,eyecolor_fro_m_color03.dds,eyecolor_fro_m_color03.dds,2,156,4,0,,,,
6420,eyecolor_fro_m_color04.dds,eyecolor_fro_m_color04.dds,2,156,4,0,,,,
6421,eyecolor_fro_m_color05.dds,eyecolor_fro_m_color05.dds,2,156,4,0,,,,
6422,eyecolor_fro_m_color06.dds,eyecolor_fro_m_color06.dds,2,156,4,0,,,,
6423,eyecolor_fro_m_color07.dds,eyecolor_fro_m_color07.dds,2,156,4,0,,,,
6424,eyecolor_fro_m_color08.dds,eyecolor_fro_m_color08.dds,2,156,4,0,,,,
6425,eyecolor_hal_f_color01.dds,eyecolor_hal_f_color01.dds,2,156,4,0,,,,
6426,eyecolor_hal_f_color02.dds,eyecolor_hal_f_color02.dds,2,156,4,0,,,,
6427,eyecolor_hal_f_color03.dds,eyecolor_hal_f_color03.dds,2,156,4,0,,,,
6428,eyecolor_hal_f_color04.dds,eyecolor_hal_f_color04.dds,2,156,4,0,,,,
6429,eyecolor_hal_f_color05.dds,eyecolor_hal_f_color05.dds,2,156,4,0,,,,
6430,eyecolor_hal_f_color06.dds,eyecolor_hal_f_color06.dds,2,156,4,0,,,,
6431,eyecolor_hal_f_color07.dds,eyecolor_hal_f_color07.dds,2,156,4,0,,,,
6432,eyecolor_hal_f_color08.dds,eyecolor_hal_f_color08.dds,2,156,4,0,,,,
6433,eyecolor_hal_m_color01.dds,eyecolor_hal_m_color01.dds,2,156,4,0,,,,
6434,eyecolor_hal_m_color02.dds,eyecolor_hal_m_color02.dds,2,156,4,0,,,,
6435,eyecolor_hal_m_color03.dds,eyecolor_hal_m_color03.dds,2,156,4,0,,,,
6436,eyecolor_hal_m_color04.dds,eyecolor_hal_m_color04.dds,2,156,4,0,,,,
6437,eyecolor_hal_m_color05.dds,eyecolor_hal_m_color05.dds,2,156,4,0,,,,
6438,eyecolor_hal_m_color06.dds,eyecolor_hal_m_color06.dds,2,156,4,0,,,,
6439,eyecolor_hal_m_color07.dds,eyecolor_hal_m_color07.dds,2,156,4,0,,,,
6440,eyecolor_hal_m_color08.dds,eyecolor_hal_m_color08.dds,2,156,4,0,,,,
6441,eyecolor_kob_f_color01.dds,eyecolor_kob_f_color01.dds,2,156,4,0,,,,
6442,eyecolor_kob_f_color02.dds,eyecolor_kob_f_color02.dds,2,156,4,0,,,,
6443,eyecolor_kob_f_color03.dds,eyecolor_kob_f_color03.dds,2,156,4,0,,,,
6444,eyecolor_kob_f_color04.dds,eyecolor_kob_f_color04.dds,2,156,4,0,,,,
6445,eyecolor_kob_f_color05.dds,eyecolor_kob_f_color05.dds,2,156,4,0,,,,
6446,eyecolor_kob_f_color06.dds,eyecolor_kob_f_color06.dds,2,156,4,0,,,,
6447,eyecolor_kob_f_color07.dds,eyecolor_kob_f_color07.dds,2,156,4,0,,,,
6448,eyecolor_kob_f_color08.dds,eyecolor_kob_f_color08.dds,2,156,4,0,,,,
6449,eyecolor_kob_m_color01.dds,eyecolor_kob_m_color01.dds,2,156,4,0,,,,
6450,eyecolor_kob_m_color02.dds,eyecolor_kob_m_color02.dds,2,156,4,0,,,,
6451,eyecolor_kob_m_color03.dds,eyecolor_kob_m_color03.dds,2,156,4,0,,,,
6452,eyecolor_kob_m_color04.dds,eyecolor_kob_m_color04.dds,2,156,4,0,,,,
6453,eyecolor_kob_m_color05.dds,eyecolor_kob_m_color05.dds,2,156,4,0,,,,
6454,eyecolor_kob_m_color06.dds,eyecolor_kob_m_color06.dds,2,156,4,0,,,,
6455,eyecolor_kob_m_color07.dds,eyecolor_kob_m_color07.dds,2,156,4,0,,,,
6456,eyecolor_kob_m_color08.dds,eyecolor_kob_m_color08.dds,2,156,4,0,,,,
6457,eyecolor_sar_f_color01.dds,eyecolor_sar_f_color01.dds,2,156,4,0,,,,
6458,eyecolor_sar_f_color02.dds,eyecolor_sar_f_color02.dds,2,156,4,0,,,,
6459,eyecolor_sar_f_color03.dds,eyecolor_sar_f_color03.dds,2,156,4,0,,,,
6460,eyecolor_sar_f_color04.dds,eyecolor_sar_f_color04.dds,2,156,4,0,,,,
6461,eyecolor_sar_f_color05.dds,eyecolor_sar_f_color05.dds,2,156,4,0,,,,
6462,eyecolor_sar_f_color06.dds,eyecolor_sar_f_color06.dds,2,156,4,0,,,,
6463,eyecolor_sar_f_color07.dds,eyecolor_sar_f_color07.dds,2,156,4,0,,,,
6464,eyecolor_sar_f_color08.dds,eyecolor_sar_f_color08.dds,2,156,4,0,,,,
6465,eyecolor_sar_m_color01.dds,eyecolor_sar_m_color01.dds,2,156,4,0,,,,
6466,eyecolor_sar_m_color02.dds,eyecolor_sar_m_color02.dds,2,156,4,0,,,,
6467,eyecolor_sar_m_color03.dds,eyecolor_sar_m_color03.dds,2,156,4,0,,,,
6468,eyecolor_sar_m_color04.dds,eyecolor_sar_m_color04.dds,2,156,4,0,,,,
6469,eyecolor_sar_m_color05.dds,eyecolor_sar_m_color05.dds,2,156,4,0,,,,
6470,eyecolor_sar_m_color06.dds,eyecolor_sar_m_color06.dds,2,156,4,0,,,,
6471,eyecolor_sar_m_color07.dds,eyecolor_sar_m_color07.dds,2,156,4,0,,,,
6472,eyecolor_sar_m_color08.dds,eyecolor_sar_m_color08.dds,2,156,4,0,,,,
6473,hair_decal_Ava_f_Hair03.dds,hair_decal_Ava_f_Hair03.dds,1,155,4,0,,,,
6474,hair_decal_Hig_m_Hair1.dds,hair_decal_Hig_m_Hair1.dds,1,155,4,0,,,,
6475,hair_decal_Bri_f_hair04.dds,hair_decal_Bri_f_hair04.dds,1,155,4,0,,,,
6476,hair_decal_Bri_f_hair02.dds,hair_decal_Bri_f_hair02.dds,1,155,4,0,,,,
6477,hair_decal_Ava_m_Hair04.dds,hair_decal_Ava_m_Hair04.dds,1,155,4,0,,,,
6478,hair_decal_Hig_f_Hair04.dds,hair_decal_Hig_f_Hair04.dds,1,155,4,0,,,,
6479,hair_decal_Ico_m_Hair03.dds,hair_decal_Ico_m_Hair03.dds,1,155,4,0,,,,
6480,hair_decal_Ico_f_Hair03.dds,hair_decal_Ico_f_Hair03.dds,1,155,4,0,,,,
6481,hair_decal_Ico_f_Hair02.dds,hair_decal_Ico_f_Hair02.dds,1,155,4,0,,,,
6482,hair_decal_Nor_m_Hair04.dds,hair_decal_Nor_m_Hair04.dds,1,155,4,0,,,,
6483,hair_decal_Hig_m_Hair02.dds,hair_decal_Hig_m_Hair02.dds,1,155,4,0,,,,
6484,hair_decal_Fro_f_Hair02.dds,hair_decal_Fro_f_Hair02.dds,1,155,4,0,,,,
6485,hair_decal_Dwa_m_Hair06.dds,hair_decal_Dwa_m_Hair06.dds,1,155,4,0,,,,
6486,hair_decal_Dwa_m_Hair05.dds,hair_decal_Dwa_m_Hair05.dds,1,155,4,0,,,,
6487,hair_decal_Dwa_m_Hair04.dds,hair_decal_Dwa_m_Hair04.dds,1,155,4,0,,,,
6488,hair_decal_Dwa_m_Hair02.dds,hair_decal_Dwa_m_Hair02.dds,1,155,4,0,,,,
6489,hair_decal_Fro_f_Hair03.dds,hair_decal_Fro_f_Hair03.dds,1,155,4,0,,,,
6490,hair_decal_Val_m_Hair04.dds,hair_decal_Val_m_Hair04.dds,1,155,4,0,,,,
6491,hair_decal_Sar_m_Hair02.dds,hair_decal_Sar_m_Hair02.dds,1,155,4,0,,,,
6492,hair_decal_Nor_f_Hair04.dds,hair_decal_Nor_f_Hair04.dds,1,155,4,0,,,,
6493,hair_decal_Kob_m_Hair04.dds,hair_decal_Kob_m_Hair04.dds,1,155,4,0,,,,
6494,hair_decal_Kob_f_Hair04.dds,hair_decal_Kob_f_Hair04.dds,1,155,4,0,,,,
6495,hair_decal_Kob_f_Hair02.dds,hair_decal_Kob_f_Hair02.dds,1,155,4,0,,,,
6496,eyecolor_generic_m_vampyr.dds,eyecolor_generic_m_vampyr.dds,2,156,4,0,,,,
6497,eyecolor_sha_vampyr.dds,eyecolor_sha_vampyr.dds,2,156,4,0,,,,
6498,eyecolor_lur_m_vampyr.dds,eyecolor_lur_m_vampyr.dds,2,156,4,0,,,,
6499,hair_decal_Dwa_m_Hair04.dds,hair_decal_Dwa_m_Hair04.dds,1,155,4,0,,,,
6500,eyecolor_lur_f_vampyr.dds,eyecolor_lur_f_vampyr.dds,2,156,4,0,,,,
6501,eyecolor_generic_f_vampyr.dds,eyecolor_generic_f_vampyr.dds,2,156,4,0,,,,
6502,Cel_m_Tattoo_01.dds,Cel_m_Tattoo_01.dds,1,155,4,0,,,,
6503,Cel_m_Tattoo_02.dds,Cel_m_Tattoo_02.dds,1,155,4,0,,,,
6504,Cel_m_Tattoo_03.dds,Cel_m_Tattoo_03.dds,1,155,4,0,,,,
6505,Cel_m_Tattoo_04.dds,Cel_m_Tattoo_04.dds,1,155,4,0,,,,
6506,Cel_m_Tattoo_05.dds,Cel_m_Tattoo_05.dds,1,155,4,0,,,,
6507,Cel_f_Tattoo_01.dds,Cel_f_Tattoo_01.dds,1,155,4,0,,,,
6508,Cel_f_Tattoo_02.dds,Cel_f_Tattoo_02.dds,1,155,4,0,,,,
6509,Cel_f_Tattoo_03.dds,Cel_f_Tattoo_03.dds,1,155,4,0,,,,
6510,Cel_f_Tattoo_04.dds,Cel_f_Tattoo_04.dds,1,155,4,0,,,,
6511,Cel_f_Tattoo_05.dds,Cel_f_Tattoo_05.dds,1,155,4,0,,,,
6512,eyecolor_hig_m_color01.dds,eyecolor_hig_m_color01.dds,2,156,4,0,,,,
6513,eyecolor_hig_m_color02.dds,eyecolor_hig_m_color02.dds,2,156,4,0,,,,
6514,eyecolor_hig_m_color03.dds,eyecolor_hig_m_color03.dds,2,156,4,0,,,,
6515,eyecolor_hig_m_color04.dds,eyecolor_hig_m_color04.dds,2,156,4,0,,,,
6516,eyecolor_hig_m_color05.dds,eyecolor_hig_m_color05.dds,2,156,4,0,,,,
6517,eyecolor_hig_m_color06.dds,eyecolor_hig_m_color06.dds,2,156,4,0,,,,
6518,eyecolor_hig_m_color07.dds,eyecolor_hig_m_color07.dds,2,156,4,0,,,,
6519,eyecolor_hig_m_color08.dds,eyecolor_hig_m_color08.dds,2,156,4,0,,,,
6520,eyecolor_nor_m_color01.dds,eyecolor_nor_m_color01.dds,2,156,4,0,,,,
6521,eyecolor_nor_m_color02.dds,eyecolor_nor_m_color02.dds,2,156,4,0,,,,
6522,eyecolor_nor_m_color03.dds,eyecolor_nor_m_color03.dds,2,156,4,0,,,,
6523,eyecolor_nor_m_color04.dds,eyecolor_nor_m_color04.dds,2,156,4,0,,,,
6524,eyecolor_nor_m_color05.dds,eyecolor_nor_m_color05.dds,2,156,4,0,,,,
6525,eyecolor_nor_m_color06.dds,eyecolor_nor_m_color06.dds,2,156,4,0,,,,
6526,eyecolor_nor_m_color07.dds,eyecolor_nor_m_color07.dds,2,156,4,0,,,,
6527,eyecolor_nor_m_color08.dds,eyecolor_nor_m_color08.dds,2,156,4,0,,,,
6528,,goalpost.dds,0,157,1,0,,,,
6529,scorboard_flag_swatch_blue.dds,scorboard_flag_swatch_blue.dds,7,157,1,0,,,,
6530,scorboard_flag_swatch_brown.dds,scorboard_flag_swatch_brown.dds,7,157,1,0,,,,
6531,scorboard_flag_swatch_green.dds,scorboard_flag_swatch_green.dds,7,157,1,0,,,,
6532,scorboard_flag_swatch_red.dds,scorboard_flag_swatch_red.dds,7,157,1,0,,,,
6533,scorboard_flag_swatch_yellow.dds,scorboard_flag_swatch_yellow.dds,7,157,1,0,,,,
6534,Glow Texture,scorboard_flag_swatch_blue.dds,3,157,1,0,,,,
6535,Ava_F_Head07.dds,Ava_F_Head07.dds,0,0,4,0,,2008,,
6536,ava_m_Head07.dds,ava_m_Head07.dds,0,0,4,0,,2009,,
6537,Bri_f_Head07.dds,Bri_f_Head07.dds,0,0,4,0,,2010,,
6538,Bri_m_Head07.dds,Bri_m_Head07.dds,0,0,4,0,,2011,,
6539,Dwa_f_Head07.dds,Dwa_f_Head07.dds,0,0,4,0,,2012,,
6540,Dwa_m_Head07.dds,Dwa_m_Head07.dds,0,0,4,0,,2013,,
6541,Fro_f_Head07.dds,Fro_f_Head07.dds,0,0,4,0,,2014,,
6542,Fro_m_Head07.dds,Fro_m_Head07.dds,0,0,4,0,,2015,,
6543,Hal_f_Head07.dds,Hal_f_Head07.dds,0,0,4,0,,2016,,
6544,Hal_m_Head07.dds,Hal_m_Head07.dds,0,0,4,0,,2017,,
6545,Hig_f_Head07.dds,Hig_f_Head07.dds,0,0,4,0,,2018,,
6546,Hig_m_Head07.dds,Hig_m_Head07.dds,0,0,4,0,,2019,,
6547,Ico_f_Head07.dds,Ico_f_Head07.dds,0,0,4,0,,2020,,
6548,Ico_m_Head07.dds,Ico_m_Head07.dds,0,0,4,0,,2021,,
6549,Kob_f_Head07.dds,Kob_f_Head07.dds,0,0,4,0,,2022,,
6550,Kob_m_Head07.dds,Kob_m_Head07.dds,0,0,4,0,,2023,,
6551,Nor_f_Head07.dds,Nor_f_Head07.dds,0,0,4,0,,2024,,
6552,Nor_m_Head07.dds,Nor_m_Head07.dds,0,0,4,0,,2025,,
6553,Sar_f_Head07.dds,Sar_f_Head07.dds,0,0,4,0,,2026,,
6554,Sar_m_Head07.dds,Sar_m_Head07.dds,0,0,4,0,,2027,,
6555,tro_f_Head07.dds,tro_f_Head07.dds,0,0,4,0,,2028,,
6556,tro_m_Head07.dds,tro_m_Head07.dds,0,0,4,0,,2029,,
6557,Val_f_Head07.dds,Val_f_Head07.dds,0,0,4,0,,2030,,
6558,ValkynM_Head07.dds,ValkynM_Head07.dds,0,0,4,0,,2031,,
6559,Cel_f_Head07.dds,Cel_f_Head07.dds,0,0,4,0,,2032,,
6560,Cel_m_Head07.dds,Cel_m_Head07.dds,0,0,4,0,,2033,,
6561,Elf_F_Head07.dds,Elf_F_Head07.dds,0,0,4,0,,2034,,
6562,Elf_m_Head07.dds,Elf_m_Head07.dds,0,0,4,0,,2035,,
6563,Fir_f_Head07.dds,Fir_f_Head07.dds,0,0,4,0,,2036,,
6564,Fir_m_head07.dds,Fir_m_head07.dds,0,0,4,0,,2037,,
6565,Lur_f_Head07.dds,Lur_f_Head07.dds,0,0,4,0,,2038,,
6566,Lur_m_Head07.dds,Lur_m_Head07.dds,0,0,4,0,,2039,,
6567,Sha_f_Head07.dds,Sha_f_Head07.dds,0,0,4,0,,2040,,
6568,Sha_m_Head07.dds,Sha_m_Head07.dds,0,0,4,0,,2041,,
6569,Syl_f_Head07.dds,Syl_f_Head07.dds,0,0,4,0,,2042,,
6570,Syl_m_Head07.dds,Syl_m_Head07.dds,0,0,4,0,,2043,,
6571,Hair_Decal_Elf_m_Hair02.dds,Hair_Decal_Elf_m_Hair02.dds,1,158,4,0,,,,
6572,Dummy,dummy.dds,0,159,4,0,,,,
6573,puppy_dark.dds,puppy_dark.dds,0,159,4,0,,,,
6574,puppy_blonde.dds,puppy_blonde.dds,0,159,4,0,,,,
6575,puppy_brown.dds,puppy_brown.dds,0,159,4,0,,,,
6576,Cabal Pet Darkmap,giantdark.tga,2,5,0,0,,0,,
6577,Cabal Pet Yellow,yellowmarble.tga,0,5,0,0,,0,,
6578,Cabal Pet Red,redmarble.tga,0,5,0,0,,0,,
6579,Cabal Pet Blue,bluemarble.tga,0,5,0,0,,0,,
6580,Cabal Pet Green,greenmarble.tga,0,5,0,0,,0,,
6581,eyecolor_generic_f_bainshee.dds,eyecolor_generic_f_bainshee.dds,2,159,4,0,,,,
6582,eyecolor_elf_f_bainshee.dds,eyecolor_elf_f_bainshee.dds,2,159,4,0,,,,
6583,eyecolor_lur_f_bainshee.dds,eyecolor_lur_f_bainshee.dds,2,159,4,0,,,,
6585,Caravan,_dm_tradercart.dds,2,159,1,0,,,,
6586,Caravan,Tradercart.dds,0,159,1,0,,,,
6587,Nor_m_head_Old01.dds,Nor_m_head_Old01.dds,0,0,4,0,,2182,,
6588,Bri_f_head_Old01.dds,Bri_f_head_Old01.dds,0,0,4,0,,2183,,
6589,Bri_m_head_Old01.dds,Bri_m_head_Old01.dds,0,0,4,0,,2184,,
6590,Cel_f_head_Old01.dds,Cel_f_head_Old01.dds,0,0,4,0,,2185,,
6591,Cel_m_head_Old01.dds,Cel_m_head_Old01.dds,0,0,4,0,,2186,,
6592,Nor_f_head_Old01.dds,Nor_f_head_Old01.dds,0,0,4,0,,2187,,
6593,Armor_Saddle_Starter.dds,Armor_Saddle_Starter.dds,0,0,4,0,,2200,,
6594,Barding_Medium_Yellow.dds,Barding_Medium_Yellow.dds,0,0,4,0,,2201,,
6595,Horse_Medium_Black.dds,Horse_Medium_Black.dds,0,0,4,0,,2202,,
6596,Horse_Medium_Brown.dds,Horse_Medium_Brown.dds,0,0,4,0,,2203,,
6597,Horse_Medium_White.dds,Horse_Medium_White.dds,0,0,4,0,,2204,,
6598,Barding_Med_HalfSock_Guild,Barding_Medium_HalfSock_Guild.dds,0,0,4,0,,2205,,
6599,Barding_Med_Blanket_Guild,Barding_Medium_Blanket_Guild.dds,0,0,4,0,,2206,,
6600,Barding_Med_FullSock_Guild,Barding_Medium_FullSock_Guild.dds,0,0,4,0,,2207,,
6601,Armor_Saddle_Decal,Saddle_Starter_Decal.dds,1,0,4,0,,2208,,
6602,Horse_medium_White_Tack.dds,Horse_medium_White_Tack.dds,0,0,4,0,,2209,,
6603,Horse_medium_Black_Tack.dds,Horse_medium_Black_Tack.dds,0,0,4,0,,2210,,
6604,Horse_medium_Brown_Tack.dds,Horse_medium_Brown_Tack.dds,0,0,4,0,,2211,,
6605,Horse_Billboard.dds,Horse_Billboard.dds,0,0,4,0,,2212,,
6606,Legion_tile.dds,Legion_tile.dds,0,160,4,0,,,,
6607,bodyparts.dds,bodyparts.dds,0,160,4,0,,,,
6608,cham_body.dds,cham_body.dds,0,160,4,0,,,,
6609,cham_head.dds,cham_head.dds,0,160,4,0,,,,
6610,corpseparts.dds,corpseparts.dds,0,160,4,0,,,,
6611,corpsetile.dds,corpsetile.dds,0,160,4,0,,,,
6612,TreeHuggers.dds,TreeHuggers.dds,0,0,4,0,,2213,,
6613,WSerpents.dds,WSerpents.dds,0,0,4,0,,2214,,
6614,NHighlanders.dds,NHighlanders.dds,0,0,4,0,,2215,,
6615,PurpleCourage.dds,PurpleCourage.dds,0,0,4,0,,2216,,
6616,RedDragons.dds,RedDragons.dds,0,0,4,0,,2217,,
6617,empty, ,0,0,0,0, , ,,
6618,inq_head.dds,inq_head.dds,0,160,4,0,,,,
6619,inq_body.dds,inq_body.dds,0,160,4,0,,,,
6620,Darkmap_Legion.dds,Darkmap_Legion.dds,2,160,4,0,,,,
6621,Darkmap_Legion_limbs.dds,Darkmap_Legion_limbs.dds,2,160,4,0,,,,
6624,Horse_Spotted.dds,Horse_Spotted.dds,0,0,4,0,,2238,,
6625,Horse_Medium_palamino.dds,Horse_Medium_palamino.dds,0,0,4,0,,2239,,
6626,Horse_Medium_Gray.dds,Horse_Medium_Gray.dds,0,0,4,0,,2240,,
6628,DR Demon Head,demon_head.dds,0,161,4,0,,,,
6629,DR Demon Body,demon_body.dds,0,161,4,0,,,,
6630,Abomination_Head.dds,Abomination_Head.dds,0,161,4,0,,,,
6631,Abomination_Body.dds,Abomination_Body.dds,0,161,4,0,,,,
6632,DR_Hulker.dds,DR_Hulker.dds,0,161,4,0,,,,
6633,DR_Hulker_variant.dds,DR_Hulker_variant.dds,0,161,4,0,,,,
6634,DR_Hulker_demon.dds,DR_Hulker_demon.dds,0,161,4,0,,,,
6635,DR_Red_Imp.dds,DR_Red_Imp.dds,0,161,4,0,,,,
6636,DR_Gold_Imp.dds,DR_Gold_Imp.dds,0,161,4,0,,,,
6637,DR_DemonPixie.dds,DR_DemonPixie.dds,0,161,4,0,,,,
6638,DR_demonSeal.dds,DR_demonSeal.dds,0,157,1,0,,,,
6639,DR_Rat_Diseased.dds,DR_Rat_Diseased.dds,0,161,4,0,,,,
6641,Horse_Medium_Choclate.dds,Horse_Medium_Choclate.dds,0,0,4,0,,2242,,
6642,Horse_Heavy_Clydesdale.dds,Horse_Heavy_Clydesdale.dds,0,0,4,0,,2243,,
6643,Horse_Medium_Rainbow.dds,Horse_Medium_Rainbow.dds,0,0,4,0,,2244,,
6645,Horse_nightmare.dds,Horse_nightmare.dds,0,0,4,0,,2246,,
6647,Armor Texture,Armor_Mount_PlainSaddle.dds,0,0,4,0,,2273,,
6649,Mount_Armor_AlbHeroic.dds,Mount_Armor_AlbHeroic.dds,0,0,4,0,,2271,,
6651,Mount_Armor_AlbSinister.dds,Mount_Armor_AlbSinister.dds,0,0,4,0,,2272,,
6653,Mount_Armor_HibHeroic.dds,Mount_Armor_HibHeroic.dds,0,0,4,0,,2247,,
6655,DR_LeglessZ_body.dds,DR_LeglessZ_body.dds,0,161,4,0,,,,
6656,DR_LeglessZ_head.dds,DR_LeglessZ_head.dds,0,161,4,0,,,,
6657,Horse_Medium_ShireDappled.dds,Horse_Medium_ShireDappled.dds,0,0,4,0,,2248,,
6658,Horse_Medium_RedDun.dds,Horse_Medium_RedDun.dds,0,0,4,0,,2249,,
6659,Horse_Medium_Appaloosa.dds,Horse_Medium_Appaloosa.dds,0,0,4,0,,2250,,
6660,Horse_Medium_DappledGrey.dds,Horse_Medium_DappledGrey.dds,0,0,4,0,,2251,,
6661,Horse_Medium_PrimativeDun.dds,Horse_Medium_PrimativeDun.dds,0,0,4,0,,2252,,
6662,Horse_Medium_Lepoard.dds,Horse_Medium_Lepoard.dds,0,0,4,0,,2253,,
6663,headless_arms01.dds,headless_arms01.dds, , ,4, , ,2218,,
6664,Horse_Medium_StrawberryRoan.dds,Horse_Medium_StrawberryRoan.dds,0,0,4,0,,2255,,
6665,Mount_Armor_HibSinister.dds,Mount_Armor_HibSinister.dds,0,0,4,0,,2260,,
6667,Mount_armor_HibMagical.dds,Mount_armor_HibMagical.dds,0,0,4,0,,2261,,
6669,Mount_Armor_HibPreorder.dds,Mount_Armor_HibPreorder.dds,0,0,4,0,,2262,,
6671,Mount_Armor_HibSaddle.dds,Mount_Armor_HibSaddle.dds,0,0,4,0,,2263,,
6673,Mount_Armor_MidHeroic.dds,Mount_Armor_MidHeroic.dds,0,0,4,0,,2264,,
6675,Mount_Armor_MidSinister.dds,Mount_Armor_MidSinister.dds,0,0,4,0,,2265,,
6677,Mount_Armor_MidMagical.dds ,Mount_Armor_MidMagical.dds ,0,0,4,0,,2266,,
6679,Mount_Armor_MidPreorder.dds,Mount_Armor_MidPreorder.dds,0,0,4,0,,2267,,
6681,Mount_Armor_MidSaddle.dds,Mount_Armor_MidSaddle.dds,0,0,4,0,,2268,,
6683,Mount_Armor_AlbPreorder.dds,Mount_Armor_AlbPreorder.dds,0,0,4,0,,2269,,
6685,Mount_Armor_AlbMagical.dds,Mount_Armor_AlbMagical.dds,0,0,4,0,,2270,,
6687,Horse_Epic_Earth.dds,Horse_Epic_Earth.dds,0,0,4,0,,2256,,
6688,Horse_Epic_Storm.dds,Horse_Epic_Storm.dds,0,0,4,0,,2257,,
6689,Horse_Epic_Frost.dds,Horse_Epic_Frost.dds,0,0,4,0,,2258,,
6690,Horse_Epic_Flame.dds,Horse_Epic_Flame.dds,0,0,4,0,,2259,,
6691,DR_A_Rebel01.dds,DR_A_Rebel01.dds,0,164,5,0,,,,
6692,DR_A_Rebel02.dds,DR_A_Rebel02.dds,0,164,5,0,,,,
6693,DR_A_Rebel02B.dds,DR_A_Rebel02B.dds,0,164,5,0,,,,
6694,DR_A_Rebel03.dds,DR_A_Rebel03.dds,0,164,5,0,,,,
6695,DR_A_Rebel04.dds,DR_A_Rebel04.dds,0,164,5,0,,,,
6696,xaphan_head.dds,xaphan_head.dds,0,162,5,0,,,,
6697,xaphan_arms.dds,xaphan_arms.dds,0,162,5,0,,,,
6698,xaphan_body.dds,xaphan_body.dds,0,162,5,0,,,,
6699,astoroth_body.dds,astoroth_body.dds,0,162,5,0,,,,
6700,astoroth_head.dds,astoroth_head.dds,0,162,5,0,,,,
6701,astoroth_legs.dds,astoroth_legs.dds,0,162,5,0,,,,
6702,astoroth_arms.dds,astoroth_arms.dds,0,162,5,0,,,,
6703,Constaintine_Body.dds,Constaintine_Body.dds,0,0,5,0,,2274,,
6704,Constaintine_Boots.dds,Constaintine_Boots.dds,0,0,5,0,,2275,,
6705,Constaintine_Cloak.dds,Constaintine_Cloak.dds,0,0,5,0,,2276,,
6706,Constaintine_Gloves.dds,Constaintine_Gloves.dds,0,0,5,0,,2277,,
6707,Constaintine_Head.dds,Constaintine_Head.dds,0,0,5,0,,2278,,
6708,Constaintine_Helmet.dds,Constaintine_Helmet.dds,0,0,5,0,,2279,,
6709,Constaintine_ShoulderPads.dds,Constaintine_ShoulderPads.dds,0,0,5,0,,2280,,
6710,KingViking_Arms.dds,KingViking_Arms.dds,0,0,5,0,,2281,,
6711,KingViking_Body.dds,KingViking_Body.dds,0,0,5,0,,2282,,
6712,KingViking_Head.dds,KingViking_Head.dds,0,0,5,0,,2283,,
6713,KingViking_Helmet.dds,KingViking_Helmet.dds,0,0,5,0,,2284,,
6714,KingViking_Legs.dds,KingViking_Legs.dds,0,0,5,0,,2285,,
6715,KingViking_ShoulderArmour.dds,KingViking_ShoulderArmour.dds,0,0,5,0,,2286,,
6716,admorenth_arms.dds,admorenth_arms.dds,0,162,5,0,,,,
6717,admorenth_head.dds,admorenth_head.dds,0,162,5,0,,,,
6718,admorenth_body.dds,admorenth_body.dds,0,162,5,0,,,,
6719,Horse_undead.dds,Horse_undead.dds,0,0,4,0,,2296,,
6720,KingLug_boots.dds,KingLug_boots.dds,0,,5,0,,2290,,
6721,KingLug_head.dds,KingLug_head.dds,0,,5,0,,2291,,
6722,KingLug_helmet.dds,KingLug_helmet.dds,0,,5,0,,2292,,
6723,KingLug_shoulderpiece.dds,KingLug_shoulderpiece.dds,0,,5,0,,2293,,
6724,KingLug_arms.dds,KingLug_arms.dds,0,,5,0,,2294,,
6725,KingLug_body.dds,KingLug_body.dds,0,,5,0,,2295,,
6726,Horse_Medium_Brown.dds,Horse_Medium_Brown.dds,0,163,1,0,,,,
6727,3heads.dds,3heads.dds,0,161,4,0,,,,
6728,molochbody.dds,molochbody.dds,0,162,5,0,,,,
6729,molochhead.dds,molochhead.dds,0,162,5,0,,,,
6730,DR_Wraith.dds,DR_Wraith.dds,0,161,4,0,,,,
6731,DR_Svartalf_head.dds,DR_Svartalf_head.dds,0,161,4,0,,,,
6732,DR_Svartalf_body.dds,DR_Svartalf_body.dds,0,161,4,0,,,,
6733,DR_LeglessZ_Legion_head.dds,DR_LeglessZ_Legion_head.dds,0,161,4,0,,,,
6734,DR_LeglessZ_Legion_body.dds,DR_LeglessZ_Legion_body.dds,0,161,4,0,,,,
6735,DR_belial_head.dds,DR_belial_head.dds,0,162,5,0,,,,
6736,DR_belial_legs.dds,DR_belial_legs.dds,0,162,5,0,,,,
6737,DR_belial_body.dds,DR_belial_body.dds,0,162,5,0,,,,
6738,DR_belial_arms.dds,DR_belial_arms.dds,0,162,5,0,,,,
6739,DR_Wight_Flesh_head.dds,DR_Wight_Flesh_head.dds,0,161,4,0,,,,
6740,DR_Wight_Flesh_body.dds,DR_Wight_Flesh_body.dds,0,161,4,0,,,,
6741,DR_Wight_Blue_body.dds,DR_Wight_Blue_body.dds,0,161,4,0,,,,
6742,DR_Wight_Blue_head.dds,DR_Wight_Blue_head.dds,0,161,4,0,,,,
6743,DR_A_Peasant01.dds,DR_A_Peasant01.dds,0,165,5,0,,,,
6744,DR_A_Peasant02.dds,DR_A_Peasant02.dds,0,165,5,0,,,,
6745,DR_M_Peasant01.dds,DR_M_Peasant01.dds,0,165,5,0,,,,
6746,DR_M_Peasant02.dds,DR_M_Peasant02.dds,0,165,5,0,,,,
6747,DR_M_Rebel02_hooded.dds,DR_M_Rebel02_hooded.dds,0,164,5,0,,,,
6748,DR_M_Rebel03_masked.dds,DR_M_Rebel03_masked.dds,0,164,5,0,,,,
6749,DR_M_Rebel04_Helmet.dds,DR_M_Rebel04_Helmet.dds,0,164,5,0,,,,
6750,DR_M_Rebel01_longhair.dds,DR_M_Rebel01_longhair.dds,0,164,5,0,,,,
6751,Hib_Peasant_02.dds,Hib_Peasant_02.dds,0,165,5,0,,,,
6752,Hib_Peasant_01.dds,Hib_Peasant_01.dds,0,165,5,0,,,,
6753,Hib_Commoner.dds,Hib_Commoner.dds,0,164,5,0,,,,
6754,Hib_Captain.dds,Hib_Captain.dds,0,164,5,0,,,,
6755,Hib_Sargeant.dds,Hib_Sargeant.dds,0,164,5,0,,,,
6756,Hib_Private.dds,Hib_Private.dds,0,164,5,0,,,,
6757,locust_legs2005.dds,locust_legs2005.dds,0,160,4,0,,,,
6758,locust_body2005.dds,locust_body2005.dds,0,160,4,0,,,,
6759,locust_head2005.dds,locust_head2005.dds,0,160,4,0,,,,
6760,locustbossblade2005_arms.dds,locustbossblade2005_arms.dds,0,160,4,0,,,,
6761,DR_FieryScorpion.dds,DR_FieryScorpion.dds,0,160,4,0,,,,
6762,DR_succubushead.dds,DR_succubushead.dds,0,160,4,0,,,,
6763,DR_succubusbody.dds,DR_succubusbody.dds,0,160,4,0,,,,
6764,demon_body_Red.dds,demon_body_Red.dds,0,160,4,0,,,,
6765,demon_head_Red.dds,demon_head_Red.dds,0,160,4,0,,,,
6766,demon_body_Magma.dds,demon_body_Magma.dds,0,160,4,0,,,,
6767,demon_head_Magma.dds,demon_head_Magma.dds,0,160,4,0,,,,
6768,demon_body_Green.dds,demon_body_Green.dds,0,160,4,0,,,,
6769,demon_head_Green.dds,demon_head_Green.dds,0,160,4,0,,,,
6770,demon_body_Ash.dds,demon_body_Ash.dds,0,160,4,0,,,,
6771,demon_head_Ash.dds,demon_head_Ash.dds,0,160,4,0,,,,
6772,GiantMite.dds,GiantMite.dds,0,166,4,0,,,,
6773,xaphan_SoldierbodyFINAL.dds,xaphan_SoldierbodyFINAL.dds,0,162,5,0,,,,
6774,xaphan_SoldierheadFINAL.dds,xaphan_SoldierheadFINAL.dds,0,162,5,0,,,,
6775,DR_Green_Imp.dds,DR_Green_Imp.dds,0,166,4,0,,,,
6776,DR_Hag.dds,DR_Hag.dds,0,166,4,0,,,,
6777,Monster_Lamia_Body_Purple.dds,Monster_Lamia_Body_Purple.dds,0,166,4,0,,,,
6778,Monster_Lamia_Head_Purple.dds,Monster_Lamia_Head_Purple.dds,0,166,4,0,,,,
6779,Monster_Lamia_Head.dds,Monster_Lamia_Head.dds,0,166,4,0,,,,
6780,Monster_Lamia_Body.dds,Monster_Lamia_Body.dds,0,166,4,0,,,,
6781,bosshulkerbody.dds,bosshulkerbody.dds,0,166,4,0,,,,
6782,bosshulkerhead.dds,bosshulkerhead.dds,0,166,4,0,,,,
6783,utgard_arms.dds,utgard_arms.dds,0,162,5,0,,,,
6784,utgard_body.dds,utgard_body.dds,0,162,5,0,,,,
6785,utgard_legs.dds,utgard_legs.dds,0,162,5,0,,,,
6786,utgard_head.dds,utgard_head.dds,0,162,5,0,,,,
6787,Worm_Head.dds,Worm_Head.dds,0,166,4,0,,,,
6788,Worm_Body.dds,Worm_Body.dds,0,166,4,0,,,,
6789,belialchildren_body.dds,belialchildren_body.dds,0,162,5,0,,,,
6790,Dr_hagdemon.dds,Dr_hagdemon.dds,0,166,4,0,,,,
6791,DR_diseasedbear.dds,DR_diseasedbear.dds,0,166,4,0,,,,
6792,demon_head_Ice.dds,demon_head_Ice.dds,0,166,4,0,,,,
6793,demon_body_Ice.dds,demon_body_Ice.dds,0,166,4,0,,,,
6794,WraithDemon_JC.dds,WraithDemon_JC.dds,0,166,4,0,,,,
6795,LandCreature_JC.dds,LandCreature_JC.dds,0,166,4,0,,,,
6796,DR_Svartalf_f.dds,DR_Svartalf_f.dds,0,166,4,0,,,,
6797,DR_Svartalf_f_blue.dds,DR_Svartalf_f_blue.dds,0,166,4,0,,,,
6798,DR_azazel.dds,DR_azazel.dds,0,167,5,0,,,,
6799,Legion Zombie L_head.dds,Legion Zombie L_head.dds,0,168,4,0,,,,
6800,NecroServant_Body.dds,NecroServant_Body.dds,0,168,4,0,,,,
6801,NecroServant_Head.dds,NecroServant_Head.dds,0,168,4,0,,,,
6802,GreaterN_Body.dds,GreaterN_Body.dds,0,168,4,0,,,,
6803,GreaterN_head.dds,GreaterN_head.dds,0,168,4,0,,,,
6804,Legion Zombie L_body.dds,Legion Zombie L_body.dds,0,168,4,0,,,,
6805,blue utgard_arms.dds,utgard_arms.dds,0,167,5,0,,,,
6806,blue utgard_body.dds,utgard_body.dds,0,167,5,0,,,,
6807,blue utgard_legs.dds,utgard_legs.dds,0,167,5,0,,,,
6808,blue utgard_head.dds,utgard_head.dds,0,167,5,0,,,,
6809,ReanimatedServantHead.dds,ReanimatedServantHead.dds,0,168,4,0,,,,
6810,ReanimatedServantBody.dds,ReanimatedServantBody.dds,0,168,4,0,,,,
6811,HIB_DemonHeadA.dds,HIB_DemonHeadA.dds,0,167,5,0,,,,
6812,MID_DemonHeadA.dds,MID_DemonHeadA.dds,0,167,5,0,,,,
6813,MID_DemonHeadB.dds,MID_DemonHeadB.dds,0,167,5,0,,,,
6814,ALB_DemonHeadB.dds,ALB_DemonHeadB.dds,0,167,5,0,,,,
6815,ALB_DemonHeadA.dds,ALB_DemonHeadA.dds,0,167,5,0,,,,
6816,HIB_DemonHeadB.dds,HIB_DemonHeadB.dds,0,167,5,0,,,,
6817,DR_KINGVIKING_ROLLBACK.dds,DR_KINGVIKING_ROLLBACK.dds,0,170,5,0,,,,
6818,KingLug_Monster_body.dds,KingLug_Monster_body.dds,0,170,5,0,,,,
6819,KingLug_Monster_head.dds,KingLug_Monster_head.dds,0,170,5,0,,,,
6820,KingConstaintineRollback_Body.dds,KingConstaintineRollback_Body.dds,0,170,5,0,,,,
6821,KingConstaintineRollback_Head.dds,KingConstaintineRollback_Head.dds,0,170,5,0,,,,
6822,Male Infernalist,DR_A_Infernalist01.dds,0,169,4,0,,,,
6823,Female Infernalist,DR_A_Infernalist02.dds,0,169,4,0,,,,
6824,Albion_skeleton_head01.dds,Albion_skeleton_head01.dds,0,0,4,0,,2329,,
6825,body01_Albion_skeleton.dds,body01_Albion_skeleton.dds,0,0,4,0,,2330,,
6826,boots01_Albion_skeleton.dds,boots01_Albion_skeleton.dds,0,0,4,0,,2331,,
6827,gloves01_Albion_skeleton.dds,gloves01_Albion_skeleton.dds,0,0,4,0,,2332,,
6828,DR_Admorenth_Minion.dds,DR_Admorenth_Minion.dds,0,167,5,0, ,,,
6829,Body01_Starter_skeleton.dds,Body01_Starter_skeleton.dds,0,0,4,0,,2333,,
6830,Boots used for player skeleton,leaBoots01_13.dds,0,0,4,,,640,,
6831,Gloves used for player skeleton,leaGloves01_13.dds,0,0,4,0,,687,,
6832,TrollCoco.dds,TrollCoco.dds,0,171,1,0,,,,
6833,TrollCoco2.dds,TrollCoco2.dds,0,171,1,0,,,,
6834,FirbolgCocoHead.dds,FirbolgCocoHead.dds,0,171,1,0,,,,
6835,FirbolgCoco.dds,FirbolgCoco.dds,0,171,1,0,,,,
6836,HalfOgreCoco.dds,HalfOgreCoco.dds,0,171,1,0,,,,
6837,HalfOgreCocoHead.dds,HalfOgreCocoHead.dds,0,171,1,0,,,,
6838,Horse_Medium_Pink.dds,Horse_Medium_Pink.dds,0,0,4,0,,2236,,
6839,GreenLizard.dds,GreenLizard.dds,0,172,4,0,,,,
6840,LizardBrown.dds,LizardBrown.dds,0,172,4,0,,,,
6841,LizardIce.dds,LizardIce.dds,0,172,4,0,,,,
6842,LizardSilver.dds,LizardSilver.dds,0,172,4,0,,,,
6843,LizardRock.dds,LizardRock.dds,0,172,4,0,,,,
6844,Worm_Reg.dds,Worm_Reg.dds,0,172,4,0,,,,
6845,Worm_snow.dds,Worm_snow.dds,0,172,4,0,,,,
6846,Worm_Earthy.dds,Worm_Earthy.dds,0,172,4,0,,,,
6847,Worm_Swamp.dds,Worm_Swamp.dds,0,172,4,0,,,,
6848,Headless_Head01.dds,Headless_Head01.dds,0,0,4,0,,2334,,
6849,Cat_Goblin2.dds,Cat_Goblin2.dds,0,172,4,0,,,,
6850,Cat_Goblin2_whelp.dds,Cat_Goblin2_whelp.dds,0,172,4,0,,,,
6851,Cat_Goblin2_warrior.dds,Cat_Goblin2_warrior.dds,0,172,4,0,,,,
6852,Cat_Goblin2_shaman.dds,Cat_Goblin2_shaman.dds,0,172,4,0,,,,
6853,cthArms01_SS_Min_A.dds,cthArms01_SS_Min_A.dds,0,0,4,0,,2335,a,
6854,cthArms01_SS_Min_H.dds,cthArms01_SS_Min_H.dds,0,0,4,0,,2336,a,
6855,cthArms01_SS_Min_M.dds,cthArms01_SS_Min_M.dds,0,0,4,0,,2337,a,
6856,cthBody01_SS_Min_A.dds,cthBody01_SS_Min_A.dds,0,0,4,0,,2338,,
6857,cthBody01_SS_Min_H.dds,cthBody01_SS_Min_H.dds,0,0,4,0,,2339,,
6858,cthBody01_SS_Min_M.dds,cthBody01_SS_Min_M.dds,0,0,4,0,,2340,,
6859,cthBoots01_SS_Min_A.dds,cthBoots01_SS_Min_A.dds,0,0,4,0,,2341,,
6860,cthBoots01_SS_Min_H.dds,cthBoots01_SS_Min_H.dds,0,0,4,0,,2342,,
6861,cthBoots01_SS_Min_M.dds,cthBoots01_SS_Min_M.dds,0,0,4,0,,2343,,
6862,cthGloves01_SS_Min_A.dds,cthGloves01_SS_Min_A.dds,0,0,4,0,,2344,,
6863,cthGloves01_SS_Min_H.dds,cthGloves01_SS_Min_H.dds,0,0,4,0,,2345,,
6864,cthGloves01_SS_Min_M.dds,cthGloves01_SS_Min_M.dds,0,0,4,0,,2346,,
6865,cthLegs01_SS_Min_A.dds,cthLegs01_SS_Min_A.dds,0,0,4,0,,2347,a,
6866,cthLegs01_SS_Min_H.dds,cthLegs01_SS_Min_H.dds,0,0,4,0,,2348,a,
6867,cthLegs01_SS_Min_M.dds,cthLegs01_SS_Min_M.dds,0,0,4,0,,2349,a,
6868,Winged Demon Wolf,DemonWolf.DDS,0,173,6,0,,,,
6869,silver construct skin,construct.dds,0,173,6,0,,,,
6870,copper construct skin,construct_02.dds,0,173,6,0,,,,
6871,Copper Spider Construct,construct_spider_2.dds,0,173,6,0,,,,
6872,Silver Spider Constrcut,construct_spider.dds,0,173,6,0,,,,
6873,Catatoa_shade_hair.dds,Catatoa_shade_hair.dds,0, ,4,0,,2350,,
6874,Catatoa_stone_hair1.dds,Catatoa_stone_hair1.dds,0, ,4,0,,2351,,
6875,Corrupt_legs_02.dds,Corrupt_legs_02.dds,0,,6,0,0,2352,,
6876,Corrupt_legs_03.dds,Corrupt_legs_03.dds,0,,6,0,0,2353,,
6877,Corrupt_arms_01.dds,Corrupt_arms_01.dds,0,,6,0,0,2354,,
6878,Corrupt_arms_02.dds,Corrupt_arms_02.dds,0,,6,0,0,2355,,
6879,Corrupt_arms_03.dds,Corrupt_arms_03.dds,0,,6,0,0,2356,,
6880,Corrupt_head_01.dds,Corrupt_head_01.dds,0,,6,0,0,2357,,
6881,Corrupt_head_02.dds,Corrupt_head_02.dds,0,,6,0,0,2358,,
6882,Corrupt_head_03.dds,Corrupt_head_03.dds,0,,6,0,0,2359,,
6883,Corrupt_legs_01.dds,Corrupt_legs_01.dds,0,,6,0,0,2360,,
6884,Undead_Drakoran.dds,Undead_Drakoran.dds,0,174,4,0,0,,,
6885,Doppleganger_Minotaur.dds,Doppleganger_Minotaur.dds,0,173,6,0,0,,,
6886,Doppleganger_Demon.dds,Doppleganger_Demon.dds,0,173,6,0,0,,,
6887,Doppleganger_Demon_Cloth.dds,Doppleganger_Demon_Cloth.dds,0,173,6,0,0,,,
6888,Doppleganger_Minotaur_cloth.dds,Doppleganger_Minotaur_cloth.dds,0,173,6,0,0,,,
6889,CataKilt_shade_high.dds,CataKilt_shade_high.dds,0,,4,0,0,2361,,
6890,mino_skeleton_head.dds,mino_skeleton_head.dds,0,,6,0,0,2362,,
6891,mino_skeleton_legs.dds,mino_skeleton_legs.dds,0,,6,0,0,2363,,
6892,mino_skeleton_arms.dds,mino_skeleton_arms.dds,0,,6,0,0,2364,,
6893,cerberusBody.dds,cerberusBody.dds,0,173,6,0,0,,,
6894,cerberusHead.dds,cerberusHead.dds,0,173,6,0,0,,,
6895,minoConstructParts.dds,minoConstructParts.dds,0,173,6,,,,,
6896,minoConstructBody.dds,minoConstructBody.dds,0,173,6,,,,,
6897,minoConstructCoals.dds,minoConstructCoals.dds,0,173,6,,,,,
6898,minoConstructCoalsGlow.dds,minoConstructCoalsGlow.dds,3,173,6,,,,,
6899,MinoA_m_Head01.dds,MinoA_m_Head01.dds,,,4,,,2365,,
6900,MinoA_m_Head02.dds,MinoA_m_Head02.dds,,,4,,,2366,,
6901,MinoA_m_Head03.dds,MinoA_m_Head03.dds,,,4,,,2367,,
6902,MinoA_m_Head04.dds,MinoA_m_Head04.dds,,,4,,,2368,,
6903,MinoA_m_Head05.dds,MinoA_m_Head05.dds,,,4,,,2369,,
6904,MinoA_m_Head06.dds,MinoA_m_Head06.dds,,,4,,,2370,,
6905,cthBody01_SS_Min_A.dds,cthBody01_SS_Min_A.dds,,,4,,,2371,,
6906,cthBody01_SS_Min_H.dds,cthBody01_SS_Min_H.dds,,,4,,,2372,,
6907,cthBody01_SS_Min_M.dds,cthBody01_SS_Min_M.dds,,,4,,,2373,,
6908,cthBoots01_SS_Min_A.dds,cthBoots01_SS_Min_A.dds,,,4,,,2374,,
6909,cthBoots01_SS_Min_H.dds,cthBoots01_SS_Min_H.dds,,,4,,,2375,,
6910,cthBoots01_SS_Min_M.dds,cthBoots01_SS_Min_M.dds,,,4,,,2376,,
6911,cthGloves01_SS_Min_A.dds,cthGloves01_SS_Min_A.dds,,,4,,,2377,,
6912,cthGloves01_SS_Min_H.dds,cthGloves01_SS_Min_H.dds,,,4,,,2378,,
6913,MinoM_m_Head01.dds,MinoM_m_Head01.dds,,,4,,,2379,a,
6914,MinoM_m_Head02.dds,MinoM_m_Head02.dds,,,4,,,2380,a,
6915,MinoM_m_Head03.dds,MinoM_m_Head03.dds,,,4,,,2381,a,
6916,MinoM_m_Head04.dds,MinoM_m_Head04.dds,,,4,,,2382,a,
6917,MinoM_m_Head05.dds,MinoM_m_Head05.dds,,,4,,,2383,a,
6918,MinoM_m_Head06.dds,MinoM_m_Head06.dds,,,4,,,2384,a,
6919,MinoH_m_Head01.dds,MinoH_m_Head01.dds,,,4,,,2385,,
6920,MinoH_m_Head02.dds,MinoH_m_Head02.dds,,,4,,,2386,,
6921,MinoH_m_Head03.dds,MinoH_m_Head03.dds,,,4,,,2387,,
6922,MinoH_m_Head04.dds,MinoH_m_Head04.dds,,,4,,,2388,,
6923,MinoH_m_Head05.dds,MinoH_m_Head05.dds,,,4,,,2389,,
6924,MinoH_m_Head06.dds,MinoH_m_Head06.dds,,,4,,,2390,,
6925,MinoM_m_Head07.dds,MinoM_m_Head07.dds,,,4,,,2391, ,
6926,MinoA_m_Head07.dds,MinoA_m_Head07.dds,,,4,,,2392,,
6927,MinoH_m_Head07.dds,MinoH_m_Head07.dds,,,4,,,2393,,
6928,MinA_m_hair01.dds,MinA_m_hair01.dds,,,4,,,2394,a,
6929,MinA_m_hair02.dds,MinA_m_hair02.dds,,,4,,,2395,a,
6930,MinA_m_hair03.dds,MinA_m_hair03.dds,,,4,,,2396,a,
6931,MinA_m_hair04.dds,MinA_m_hair04.dds,,,4,,,2397,a,
6932,MinM_m_hair01.dds,MinM_m_hair01.dds,,,4,,,2398,a,
6933,MinM_m_hair02.dds,MinM_m_hair02.dds,,,4,,,2399,a,
6934,MinM_m_hair03.dds,MinM_m_hair03.dds,,,4,,,2400,a,
6935,MinM_m_hair04.dds,MinM_m_hair04.dds,,,4,,,2401,a,
6936,MinH_m_hair01.dds,MinH_m_hair01.dds,,,4,,,2402,a,
6937,MinH_m_hair02.dds,MinH_m_hair02.dds,,,4,,,2403,a,
6938,MinH_m_hair03.dds,MinH_m_hair03.dds,,,4,,,2404,a,
6939,MinH_m_hair04.dds,MinH_m_hair04.dds,,,4,,,2405,a,
6940,eyecolor_minotaur_m_color05.dds,eyecolor_minotaur_m_color05.dds,2,174,4,,,,,
6941,eyecolor_minotaur_m_color04.dds,eyecolor_minotaur_m_color04.dds,2,174,4,,,,,
6942,eyecolor_minotaur_m_color03.dds,eyecolor_minotaur_m_color03.dds,2,174,4,,,,,
6943,eyecolor_minotaur_m_color02.dds,eyecolor_minotaur_m_color02.dds,2,174,4,,,,,
6944,eyecolor_minotaur_m_color01.dds,eyecolor_minotaur_m_color01.dds,2,174,4,,,,,
6945,eyecolor_minotaur_m_color08.dds,eyecolor_minotaur_m_color08.dds,2,174,4,,,,,
6946,eyecolor_minotaur_m_color07.dds,eyecolor_minotaur_m_color07.dds,2,174,4,,,,,
6947,eyecolor_minotaur_m_color06.dds,eyecolor_minotaur_m_color06.dds,2,174,4,,,,,
6948,Clockwork_Cat_Pet01.dds,Clockwork_Cat_Pet01.dds,0,171,1,,,,,
6949,MMinotaurM.dds,MMinotaurM.dds,0,171,1,,,,,
6950,BMinotaurM.dds,BMinotaurM.dds,0,171,1,,,,,
6951,HMinotaurM.dds,HMinotaurM.dds,0,171,1,,,,,
6952,goblin2_construct.dds,goblin2_construct.dds,0,171,4,,,,,
6953,Golem_Metal.dds,Golem_Metal.dds,0,173,6,,,,,
6954,teleporter.dds,teleporter.dds,0,174,6,,,,,
6955,Mino_M_mummyHead01.dds,Mino_M_mummyHead01.dds,0,,4,,,2406,,
6956,Mino_M_ShadeHead01.dds,Mino_M_ShadeHead01.dds,0,,4,,,2407,,
6957,MinoA_M_mummyhair01.dds,MinoA_M_mummyhair01.dds,0,,4,,,2408,,
6958,MinoH_M_mummyhair01.dds,MinoH_M_mummyhair01.dds,0,,4,,,2409,,
6959,MinoM_M_mummyhair01.dds,MinoM_M_mummyhair01.dds,0,,4,,,2410,,
6960,Sea_Horse.dds,Sea_Horse.dds,0,,4,,,2411,,
6961,Arboreal_Horse.dds,Arboreal_Horse.dds,0,,4,,,2412,,
6962,agramon_body.dds,agramon_body.dds,0,175,6,,,,,
6963,agramon_legs.dds,agramon_legs.dds,0,175,6,,,,,
6964,Horse_Clockwork.dds,Horse_Clockwork.dds,0,,4,,,2413,,
6965,Horse_Gemstone.dds,Horse_Gemstone.dds,0,,4,,,2414,,
6966,goblin_chief_body.dds,goblin_chief_body.dds,0,175,6,,,,,
6967,goblin_chief_shield.dds,goblin_chief_shield.dds,0,175,6,,,,,
6968,stone_golem.dds,stone_golem.dds,0,175,6,,,,,
6969,utgard_arms_glowmap.dds,utgard_arms_glowmap.dds,3,167,5,,,,,
6970,utgard_head_glowmap.dds,utgard_head_glowmap.dds,3,167,5,,,,,
6971,utgard_body_glowmap.dds,utgard_body_glowmap.dds,3,167,5,,,,,
6972,utgard_legs_glowmap.dds,utgard_legs_glowmap.dds,6,167,5,,,,,
6973,GoblinConstruct_Shaman.dds,GoblinConstruct_Shaman.dds,0,171,4,,,,,
6974,GoblinConstruct_Warrior.dds,GoblinConstruct_Warrior.dds,0,171,4,,,,,
6975,infernalist_possessed_01.dds,infernalist_possessed_01.dds,0,175,6,,,,,
6976,Classic Corrupt Minotaur Skin 1,cor1.dds,0,176,6,,,,,
6977,Classic Corrupt Minotaur Skin 2,cor2.dds,0,176,6,,,,,
6978,Classic Corrupt Minotaur Skin 3,cor3.dds,0,176,6,,,,,
6979,Classic Undead Minotaur Skin,skel.dds,0,176,6,,,,,
6980,Golem_stone_flooded.dds,Golem_stone_flooded.dds,0,175,6,,,,,
6981,dracolich_wing.dds,dracolich_wing.dds,0,175,6,,,,,
6982,dracolich_body.dds,dracolich_body.dds,0,175,6,,,,,
6983,AmbientCreaturesTexture.dds,AmbientCreaturesTexture.dds,0,174,4,,,,,
6984,stone_dragon_body.dds,stone_dragon_body.dds,0,177,1,,,,,
6985,stone_dragon_head.dds,stone_dragon_head.dds,0,177,1,,,,,
6986,Head Glow Map Stone Dragon,stone_dragon_head_glow.dds,3,177,1,,,,,
6987,wolf_dragron_head.dds,wolf_dragron_head.dds,0,177,1,,,,,
6988,wolf_dragron_body.dds,wolf_dragron_body.dds,0,177,1,,,,,
6989,body_cupid_demon.dds,body_cupid_demon.dds,0,174,4,,,,,
6990,glimmer_dragon_head_glow.dds,glimmer_dragon_head_glow.dds,3,177,1,,,,,
6991,glimmer_dragon_body.dds,glimmer_dragon_body.dds,0,177,1,,,,,
6992,glimmer_dragon_body_glow.dds,glimmer_dragon_body_glow.dds,3,177,1,,,,,
6993,glimmer_dragon_head.dds,glimmer_dragon_head.dds,0,177,1,,,,,
6994,werewolf_drakulv.dds,werewolf_drakulv.dds,0,0,4,,,2510,,
6995,werewolf_brown.dds,werewolf_brown.dds,0,0,4,,,2511,,
6996,cat_stonegiant_bodyWarrior.dds,cat_stonegiant_bodyWarrior.dds,0,178,1,,,,,
6997,cat_stonegiant_bodyGuardian.dds,cat_stonegiant_bodyGuardian.dds,0,178,1,,,,,
6998,cat_stonegiant_legs.dds,cat_stonegiant_legs.dds,0,178,1,,,,,
6999,babystonedragon.dds,babystonedragon.dds,0,178,1,,,,,
7000,glimmer_knight_body.dds,glimmer_knight_body.dds,0,178,1,,,,,
7001,glimmer_knight_body_glow.dds,glimmer_knight_body_glow.dds,3,178,1,,,,,
7002,baby_glimmer_dragon.dds,baby_glimmer_dragon.dds,0,178,1,,,,,
7003,baby_glimmer_dragon_glow.dds,baby_glimmer_dragon_glow.dds,3,178,1,,,,,
7004,babywolfdragon.dds,babywolfdragon.dds,0,178,1,,,,,
7005,wolf_lizard.dds,wolf_lizard.dds,0,179,4,,,,,
7006,werewolf_white.dds,werewolf_white.dds,0,0,4,,,2551,,
7007,glimmer_caster_head.dds,glimmer_caster_head.dds,0,178,1,,,,,
7008,glimmer_caster_head_glow.dds,glimmer_caster_head_glow.dds,3,178,1,,,,,
7009,glimmer_zombie_ghoul.dds,glimmer_zombie_ghoul.dds,0,178,1,,,,,
7010,glimmer_zombie_ghoul_glow.dds,glimmer_zombie_ghoul_glow.dds,3,178,1,,,,,
7011,cat_rock_critter.dds,cat_rock_critter.dds,0,178,1,,,,,
7012,cat_stonegiant_bodyGlow.dds,cat_stonegiant_bodyGlow.dds,3,178,1,,,,,
7013,babystonedragon_glow.dds,babystonedragon_glow.dds,3,178,1,,,,,
7014,cat_rock_critter_glow.dds,cat_rock_critter_glow.dds,3,178,1,,,,,
7015,ADR_Dragonsworn_Helm_Chain_Mid.dds,ADR_Dragonsworn_Helm_Chain_Mid.dds,0, ,4,,,2666,,
7016,ADR_Dragonsworn_Helm_Cloth_Robe.dds,ADR_Dragonsworn_Helm_Cloth_Robe.dds,0, ,4,,,2667,,
7017,ADR_Dragonsworn_Helm_Leather.dds,ADR_Dragonsworn_Helm_Leather.dds,0, ,4,,,2668,,
7018,ADR_Dragonsworn_Helm_Plate.dds,ADR_Dragonsworn_Helm_Plate.dds,0, ,4,,,2669,,
7019,ADR_Dragonsworn_Helm_Scale.dds,ADR_Dragonsworn_Helm_Scale.dds,0, ,4,,,2670,,
7020,ADR_Dragonsworn_Helm_St_Leather.dds,ADR_Dragonsworn_Helm_St_Leather.dds,0, ,4,,,2671,,
7021,ADR_Dragonsworn_Helm_Chain_Alb.dds,ADR_Dragonsworn_Helm_Chain_Alb.dds,0, ,4,,,2672,,
7022,amb_straycat_black.dds,amb_straycat_black.dds,0,180,1,,,,,
7023,WinterlordKrumpi_skin.dds,WinterlordKrumpi_skin.dds,0,181,1,,,,,
7024,WinterlordA_skin.dds,WinterlordA_skin.dds,0,181,1,,,,,
7025,Winter_JackFrost.dds,Winter_JackFrost.dds,0,181,1,,,,,
7026,WinterlordB_skin.dds,WinterlordB_skin.dds,0,181,1,,,,,
7027,Rabbit.dds,Rabbit.dds,0,182,1,,,,,
7028,bird_yellow.DDS,bird_yellow.DDS,0,183,1,,,,,
7029,bird_blue.DDS,bird_blue.DDS,0,183,1,,,,,
7030,bird_red.DDS,bird_red.DDS,0,183,1,,,,,
7031,Harbinger of Spring,Killer_Rabbit.dds,0,184,1,,,,,
7032,bat.dds,bat.dds,0,185,1,,,,,
7033,draco spirit arms,draco_spirit_arms.dds,0,186,1,0,,0,,
7034,draco spirit body,draco_spirit_body.dds,0,186,1,0,,0,,
7035,draco spirit head,draco_spirit_head.dds,0,186,1,0,,0,,
7036,draco spirit legs,draco_spirit_legs.dds,0,186,1,0,,0,,
7037,Squirrel_black.dds,Squirrel_black.dds,0,187,1,,,,,
7038,Squirrel_red.dds,Squirrel_red.dds,0,187,1,,,,,
7039,owl.dds,owl.dds,0,187,1,,,,,
7040,blackrat.dds,blackrat.dds,0,187,1,,,,,
7041,rustychest.dds,rustychest.dds,0,187,1,,,,,
7042,Boobrie Bird (Blue),boobriebird_blue.dds,0,187,1,0,,0,,
7043,Pict Female,cthBody01_SS_PIC_F_W.dds,0,0,4,0,,2673,,
7044,Pict Kilt,PIC_cthLbody01_kilt01_W.dds,0,0,4,0,,2674,,
7045,PIC_f_Head01_W.dds,PIC_f_Head01_W.dds,0,0,4,0,,2675,,
7046,cthArms01_ss_PIC_f_W.dds,cthArms01_ss_PIC_f_W.dds,0,0,4,0,,2676,a,
7047,PIC_f_Head02_W.dds,PIC_f_Head02_W.dds,0,0,4,0,,2677,,
7048,PIC_f_Head03_W.dds,PIC_f_Head03_W.dds,0,0,4,0,,2678,,
7049,Snow Pict Female,cthBody01_SS_PIC_F_S.dds,0,0,4,0,,2679,,
7050,Snow Pict Female Kilt,PIC_F_cthLbody01_kilt01_S.dds,0,0,4,0,,2680,,
7051,PIC_f_Head01_S.dds,PIC_f_Head01_S.dds,0,0,4,0,,2681,,
7052,PIC_f_Head02_S.dds,PIC_f_Head02_S.dds,0,0,4,0,,2682,,
7053,PIC_f_Head03_S.dds,PIC_f_Head03_S.dds,0,0,4,0,,2683,,
7054,cthArms01_ss_PIC_f_S.dds,cthArms01_ss_PIC_f_S.dds,0,0,4,0,,2684,a,
7055,cthBody01_SS_PIC_m_W.dds,cthBody01_SS_PIC_m_W.dds,0,0,4,0,,2685,,
7056,PIC_M_cthLbody01_kilt01_W.dds,PIC_M_cthLbody01_kilt01_W.dds,0,0,4,0,,2686,,
7057,PIC_m_Head01_W.dds,PIC_m_Head01_W.dds,0,0,4,0,,2687,,
7058,cthArms01_ss_PIC_m_W.dds,cthArms01_ss_PIC_m_W.dds,0,0,4,0,,2688,a,
7059,PIC_m_Head02_W.dds,PIC_m_Head02_W.dds,0,0,4,0,,2689,,
7060,PIC_m_Head03_W.dds,PIC_m_Head03_W.dds,0,0,4,0,,2690,,
7061,cthBody01_SS_PIC_m_S.dds,cthBody01_SS_PIC_m_S.dds,0,0,4,0,,2691,,
7062,PIC_cthLbody01_kilt01_S.dds,PIC_cthLbody01_kilt01_S.dds,0,0,4,0,,2692,,
7063,PIC_m_Head01_S.dds,PIC_m_Head01_S.dds,0,0,4,0,,2693,,
7064,PIC_m_Head02_S.dds,PIC_m_Head02_S.dds,0,0,4,0,,2694,,
7065,PIC_m_Head03_S.dds,PIC_m_Head03_S.dds,0,0,4,0,,2695,,
7066,cthArms01_ss_PIC_m_S.dds,cthArms01_ss_PIC_m_S.dds,0,0,4,0,,2696,a,
7067,tournament_statue_character_mid_generic.dds,tournament_statue_character_mid_generic.dds,0,188,0,0,,0,,
7068,tournament_statue_alb_generic01.dds,tournament_statue_alb_generic01.dds,0,188,0,0,,0,,
7069,tournament_statue_base_hib01.dds,tournament_statue_base_hib01.dds,0,188,0,0,,0,,
7070,tournament_statue_base_mid01.dds,tournament_statue_base_mid01.dds,0,188,0,0,,0,,
7071,tournament_statue_base_alb01.dds,tournament_statue_base_alb01.dds,0,188,0,0,,0,,
7072,tournament_statue_character_hib_generic.dds,tournament_statue_character_hib_generic.dds,0,188,0,0,,0,,
7073,tournament_statue_character_hib_01.dds,tournament_statue_character_hib_01.dds,0,188,0,0,,0,,
7074,tournament_statue_character_hib_02.dds,tournament_statue_character_hib_02.dds,0,188,0,0,,0,,
7075,tournament_statue_character_mid_01.dds,tournament_statue_character_mid_01.dds,0,188,0,0,,0,,
7076,tournament_statue_character_mid_02.dds,tournament_statue_character_mid_02.dds,0,188,0,0,,0,,
7077,tournament_statue_character_alb_01.dds,tournament_statue_character_alb_01.dds,0,188,0,0,,0,,
7078,tournament_statue_character_alb_02.dds,tournament_statue_character_alb_02.dds,0,188,0,0,,0,,
7079,whtheat.dds,whtheat.dds,0,189,0,0,,0,,
7080,crypt_spectre_all.DDS,crypt_spectre_all.DDS,0,189,0,0,,0,,
7081,crypt_spectre_all_glow.DDS,crypt_spectre_all_glow.DDS,3,189,0,0,,0,,
7082,ghostKingBodyDiffuse01.dds,ghostKingBodyDiffuse01.dds,0,189,0,0,,0,,
7083,gryboom01.dds,gryboom01.dds,0,189,0,0,,0,,
7084,gryboom02.dds,gryboom02.dds,0,189,0,0,,0,,
7085,gryboom03.dds,gryboom03.dds,0,189,0,0,,0,,
7086,gryboom04.dds,gryboom04.dds,0,189,0,0,,0,,
7087,smwhtcore.tga,smwhtcore.tga,0,189,0,0,,0,,
7088,waveplas2.tga,waveplas2.tga,0,189,0,0,,0,,
7089,ghostKingBodyDiffuse01.dds,ghostKingBodyDiffuse01.dds,3,189,0,0,,0,,
7090,Cliodna_body.dds,Cliodna_body.dds,0,189,3,0,,0,,
7091,tournament_statue_character_alb_03.dds,tournament_statue_character_alb_03.dds,0,190,0,0,,0,,
7092,tournament_statue_character_alb_04.dds,tournament_statue_character_alb_04.dds,0,190,0,0,,0,,
7093,tournament_statue_character_alb_05.dds,tournament_statue_character_alb_05.dds,0,190,0,0,,0,,
7094,tournament_statue_character_hib03.dds,tournament_statue_character_hib03.dds,0,190,0,0,,0,,
7095,tournament_statue_character_hib_04.dds,tournament_statue_character_hib_04.dds,0,190,0,0,,0,,
7096,tournament_statue_character_hib_05.dds,tournament_statue_character_hib_05.dds,0,190,0,0,,0,,
7097,tournament_statue_character_mid_03.dds,tournament_statue_character_mid_03.dds,0,190,0,0,,0,,
7098,tournament_statue_character_mid_04.dds,tournament_statue_character_mid_04.dds,0,190,0,0,,0,,
7099,tournament_statue_character_mid05.dds,tournament_statue_character_mid05.dds,0,190,0,0,,0,,
7100,tournament_statue_alb03_wpn.dds,tournament_statue_alb03_wpn.dds,0,190,0,0,,0,,
7101,tournament_statue_alb05_wpn.dds,tournament_statue_alb05_wpn.dds,0,190,0,0,,0,,
7102,tournament_statue_alb04_wpn.dds,tournament_statue_alb04_wpn.dds,0,190,0,0,,0,,
7103,tournament_statue_character_hib03_LM.dds,tournament_statue_character_hib03_LM.dds,2,190,0,0,,0,,
7104,tournament_statue_character_alb_03_LM.dds,tournament_statue_character_alb_03_LM.dds,2,190,0,0,,0,,
7105,tournament_statue_character_alb_04_LM.dds,tournament_statue_character_alb_04_LM.dds,2,190,0,0,,0,,
7106,tournament_statue_character_alb_05_LM.dds,tournament_statue_character_alb_05_LM.dds,2,190,0,0,,0,,
7107,tournament_statue_character_hib04_LM.dds,tournament_statue_character_hib04_LM.dds,2,190,0,0,,0,,
7108,tournament_statue_hib04_wpn.dds,tournament_statue_hib04_wpn.dds,0,190,0,0,,0,,
7109,tournament_statue_character_hib05_LM.dds,tournament_statue_character_hib05_LM.dds,2,190,0,0,,0,,
7110,tournament_statue_hib05_wpn.dds,tournament_statue_hib05_wpn.dds,0,190,0,0,,0,,
7111,tournament_statue_mid03_wpn.dds,tournament_statue_mid03_wpn.dds,0,190,0,0,,0,,
7112,tournament_statue_character_mid03_LM.dds,tournament_statue_character_mid03_LM.dds,2,190,0,0,,0,,
7113,tournament_statue_character_mid04_LM.dds,tournament_statue_character_mid04_LM.dds,2,190,0,0,,0,,
7114,tournament_statue_character_mid05_LM.dds,tournament_statue_character_mid05_LM.dds,2,190,0,0,,0,,
7115,tournament_statue_mid05_wpn.dds,tournament_statue_mid05_wpn.dds,0,190,0,0,,0,,
7116,boar_zombie-test_BODY.dds,boar_zombie-test_BODY.dds,0,0,0,0,,2697,,
7117,saddle.dds,saddle.dds,0,0,0,0,,2698,,
7118,babywolfdragon.dds,babywolfdragon.dds,0,0,0,0,,2699,,
7119,baby_glimmer_dragon.dds,baby_glimmer_dragon.dds,0,0,0,0,,2700,,
7120,babystonedragon.dds,babystonedragon.dds,0,0,0,0,,2701,,
7121,saddle.dds,saddle.dds,0,191,0,0,,0,,
7122,saddle_dragon_MID.dds,saddle_dragon_MID.dds,0,191,0,0,,0,,
7123,saddle_dragon_HIB.dds,saddle_dragon_HIB.dds,0,191,0,0,,0,,
7124,Botonid.dds,Botonid.dds,0,192,0,0,,0,,
7125,Lamia_UPDATED,Lamia_UPDATED.dds,0,192,0,0,,0,,
7126,SmallUrchin,SmallUrchin.dds,0,192,0,0,,0,,
