Spell,Spell (level),Spell,Caster,Caster,Caster,Caster,Caster,Caster,Caster,Projectile,Target,Buildup,Pulse,Sound,Radius,Resist,Projectile,Play,Focus,Remove
ID,Name,Icon,Anim1,Anim2,Anim3,Effect1A,Effect1B,Effect2,Effect3,Effect,Effect,Effect,Effect,Set,Effect,Effect,Lag,Anims,CasterFX,Effect on Cast
;,,,,,,,,,,,,,,,,,,,,
;,,,,,,,,,,,,,,,,,,,,
;,WIZARD,,,,,,,,,,,,,,,,,,,
;0,Path of Earth,,,,,,,,,,,,,,,,,,,
1,Amethyst Shield,1000,47,48,49,1,2,0,0,0,191,0,0,9,0,332,,,,
2,Amethyst Shield (Enhanced),1001,47,48,49,1,2,0,0,0,191,0,0,9,0,332,,,,
3,Ruby Shield,1002,47,48,49,1,2,0,0,0,192,0,0,9,0,332,,,,
4,Ruby Shield (Enhanced),1003,47,48,49,1,2,0,0,0,192,0,0,9,0,332,,,,
5,Cobalt Shield,1004,47,48,49,1,2,0,0,0,193,0,0,9,0,332,,,,
6,Cobalt Shield (Enhanced),1005,47,48,49,1,2,0,0,0,193,0,0,9,0,332,,,,
7,Emerald Shield,1006,47,48,49,1,2,0,0,0,194,0,0,9,0,332,,,,
8,Emerald Shield (Enhanced),1007,47,48,49,1,2,0,0,0,194,0,0,9,0,332,,,,
9,Diamond Shield,1008,47,48,49,1,2,0,0,0,195,0,0,9,0,332,,,,
10,Diamond Shield (Enhanced),1009,47,48,49,1,2,0,0,0,195,0,0,9,0,332,,,,
11,Minor Earthen Power,1010,32,33,34,124,125,0,0,0,190,0,0,18,0,332,,,,
12,Earthen Power,1010,32,33,34,124,125,0,0,0,190,0,0,18,0,332,,,,
13,Greater Earthen Power,1011,32,33,34,124,125,0,0,0,190,0,0,18,0,332,,,,
14,Minor Earthen Burst,1011,32,33,34,124,125,0,0,0,190,0,0,18,0,332,,,,
15,Earthen Burst,1012,32,33,34,124,125,0,0,0,190,0,0,18,0,332,,,,
16,Great Earthen Burst,1012,32,33,34,124,125,0,0,0,190,0,0,18,0,332,,,,
17,Earthen Fury,1013,32,33,34,124,125,0,0,0,190,0,0,18,0,332,,,,
18,Greater Earthen Fury,1014,32,33,34,124,125,0,0,0,190,0,0,18,0,332,,,,
21,Buffer of Earth,2332,47,48,49,1,2,0,0,0,35,0,0,18,0,332,,,,
22,Buffer of Stone,2334,47,48,49,1,2,0,0,0,35,0,0,18,0,332,,,,
23,Earthen Rage,303,32,33,34,124,125,0,0,0,190,0,0,18,0,332,,,,
24,Greater Earthen Rage,304,32,33,34,124,125,0,0,0,190,0,0,18,0,332,,,,
25,Fusi Buff,942,35,36,37,1,2,0,0,0,188,0,0,10,0,332,,,,
;,,,,,,,,,,,,,,,,,,,,
;,,,,,,,,,,,,,,,,,,,,
;50,Calefaction,,,,,,,,,,,,,,,,,,,
51,Minor Shield of Magma,1400,35,36,37,124,125,0,0,0,438,0,0,19,0,332,,,,
52,Shield of Magma,1400,35,36,37,124,125,0,0,0,438,0,0,19,0,332,,,,
53,Greater Shield of Magma,1401,35,36,37,124,125,0,0,0,30,0,0,19,0,332,,,,
54,Minor Shell of Magma,1401,35,36,37,124,125,0,0,0,30,0,0,19,0,332,,,,
55,Shell of Magma,1402,35,36,37,124,125,81,0,0,30,0,0,19,0,332,,,,
56,Greater Shell of Magma,1403,35,36,37,124,125,81,0,0,439,0,0,19,0,332,,,,
57,Exalted Magma Shield,1404,35,36,37,124,125,81,0,0,439,0,0,19,0,332,,,,
61,Bolt of Lava,1020,16,17,18,124,125,0,0,119,114,0,0,7,0,332,,,,
62,Bolt of Lava (Enhanced),1020,16,17,18,124,125,0,0,120,115,0,0,7,0,332,,,,
63,Lava Strike,1021,16,17,18,124,125,0,0,121,116,0,0,7,0,332,,,,
64,Lava Strike (Enhanced),1021,16,17,18,124,125,0,0,121,116,0,0,7,0,332,,,,
65,Lava Force,1022,16,17,18,124,125,0,0,122,117,0,0,7,0,332,,,,
66,Lava Force (Enhanced),1022,16,17,18,124,125,0,0,122,117,0,0,7,0,332,,,,
67,Lava Strike,1023,16,17,18,124,125,0,0,123,118,0,0,7,0,332,,,,
68,Lava Strike (Enhanced),1023,16,17,18,124,125,0,0,123,118,0,0,7,0,332,,,,
69,Lava's Fury,1024,16,17,18,124,125,0,0,123,118,0,0,7,0,332,,,,
71,Molten Earth,2185,35,36,37,124,125,0,0,0,445,0,0,18,445,332,,,,
72,Lava Field,2186,35,36,37,124,125,0,0,0,446,0,0,18,446,332,,,,
73,Expanse of Magma,2186,35,36,37,124,125,0,0,0,447,0,0,18,447,332,,,,
74,Molten Puddle,2187,35,36,37,124,125,0,0,0,449,0,0,18,445,332,,,,
75,Molten Pool,2187,35,36,37,124,125,0,0,0,450,0,0,18,446,332,,,,
76,Molten Lake,2188,35,36,37,124,125,0,0,0,451,0,0,18,447,332,,,,
77,Molten Ocean,2189,35,36,37,124,125,0,0,0,452,0,0,18,448,332,,,,
;,1.83 change,,,,,,,,,,,,,,,,,,,
78,Chains of Frost,895,16,17,18,37,38,40,0,0,201,0,0,15,201,332,,,,
79,Chains of Ice,897,16,17,18,37,38,40,0,0,201,0,0,15,201,332,,,,
80,Chains of Permafrost,899,16,17,18,37,38,40,0,0,201,0,0,15,201,332,,,,
81,Earth Eddies,1560,35,36,37,145,146,0,34,0,136,0,0,18,294,332,,,,
82,Earth Splash,1561,35,36,37,145,146,0,34,0,136,0,0,18,294,332,,,,
83,Earth Ripple,1562,35,36,37,145,146,0,34,0,34,0,0,18,294,332,,,,
84,Earth Wave,1563,35,36,37,145,146,0,34,0,34,0,0,18,294,332,,,,
85,Molten Wrap,1100,35,36,37,124,125,0,0,0,163,81,0,6,0,332,,,,
86,Greater Molten Wrap,1100,35,36,37,124,125,0,0,0,163,81,0,6,0,332,,,,
87,Molten Blanket,1101,35,36,37,124,125,0,0,0,164,81,0,6,0,332,,,,
88,Greater Molten Blanket,1101,35,36,37,124,125,0,0,0,164,81,0,6,0,332,,,,
89,Sheet of Lava,1102,35,36,37,124,125,0,0,0,264,81,0,6,0,332,,,,
;,1.83 changes,,,,,,,,,,,,,,,,,,,
90,Greater Sheet of Lava,1388,35,36,37,124,125,0,0,0,264,81,0,6,0,332,,,,
91,Sheet of Magma,1389,35,36,37,124,125,0,0,0,264,81,0,6,0,332,,,,
92,Greater Sheet of Magma,1389,35,36,37,124,125,0,0,0,264,81,0,6,0,332,,,,
;,1.83 Nearsignt,,,,,,,,,,,,,,,,,,,
93,Dusted Vision,1316,35,36,37,145,146,0,0,0,34,0,0,18,0,332,,,,
94,Encrusted Vision,1317,35,36,37,145,146,0,0,0,34,0,0,18,0,332,,,,
95,Mire Vision,1318,35,36,37,145,146,0,0,0,34,0,0,18,0,332,,,,
96,Soil Vision,1319,35,36,37,145,146,0,0,0,34,0,0,18,0,332,,,,
;,,,,,,,,,,,,,,,,,,,,
;100,Abrasion,,,,,,,,,,,,,,,,,,,
101,Call Minor Earth Elemental,1030,38,39,40,1,2,0,0,0,190,0,0,13,0,332,,,,
102,Call Lesser Earth Elemental,1031,38,39,40,1,2,0,0,0,190,0,0,13,0,332,,,,
103,Call Earth Elemental,1032,38,39,40,1,2,0,0,0,190,0,0,13,0,332,,,,
104,Call Potent Earth Elemental,1033,38,39,40,1,2,0,0,0,190,0,0,13,0,332,,,,
105,Call Mighty Earth Elemental,1033,38,39,40,1,2,0,0,0,190,0,0,15,0,332,,,,
106,Call Supreme Earth Elemental,1033,38,39,40,1,2,0,0,0,190,0,0,15,0,332,,,,
107,Call Earthlord,1034,38,39,40,1,2,0,0,0,190,0,0,15,0,332,,,,
111,Skin of Dust,1410,32,33,34,1,2,0,0,0,35,0,0,18,0,332,,,,
112,Skin of Sand,1411,32,33,34,1,2,0,0,0,35,0,0,18,0,332,,,,
113,Skin of Earth,1412,32,33,34,1,2,0,0,0,35,0,0,18,0,332,,,,
114,Skin of Rock,1412,32,33,34,1,2,0,0,0,35,0,0,18,0,332,,,,
115,Skin of Stone,1413,32,33,34,1,2,0,0,0,35,0,0,18,0,332,,,,
116,Skin of Diamond,1414,32,33,34,1,2,0,0,0,35,0,0,18,0,332,,,,
121,Minor Friction,905,47,48,49,1,2,0,0,0,172,0,0,15,0,332,,,,
122,Lesser Friction,905,47,48,49,1,2,0,0,0,172,0,0,15,0,332,,,,
123,Friction,906,47,48,49,1,2,0,0,0,172,0,0,15,0,332,,,,
124,Major Friction,906,47,48,49,1,2,0,0,0,172,0,0,15,0,332,,,,
125,Greater Friction,907,47,48,49,1,2,0,0,0,172,0,0,16,0,332,,,,
126,Superior Friction,908,47,48,49,1,2,0,0,0,172,0,0,16,0,332,,,,
127,Paralyzing Friction,909,47,48,49,1,2,0,0,0,172,0,0,16,0,332,,,,
;,1.90 Additions,,,,,,,,,,,,,,,,,,,
128,Earth DD,424,35,36,37,145,146,0,0,0,34,0,0,18,0,332,,,,
129,Earth DD,425,35,36,37,145,146,0,0,0,34,0,0,18,0,332,,,,
130,Earth DD,426,35,36,37,145,146,0,0,0,34,0,0,18,0,332,,,,
131,Earth DD,427,35,36,37,145,146,0,0,0,34,0,0,18,0,332,,,,
132,Earth DD,428,35,36,37,145,146,0,0,0,34,0,0,18,0,332,,,,
133,Earth AEDD,429,35,36,37,145,146,0,0,0,34,0,0,18,0,332,,,,
134,Earth AEDD,430,35,36,37,145,146,0,0,0,34,0,0,18,0,332,,,,
135,Earth AEDD,431,35,36,37,145,146,0,0,0,34,0,0,18,0,332,,,,
136,Earth AEDD,432,35,36,37,145,146,0,0,0,34,0,0,18,0,332,,,,
137,Earth AEDD,433,35,36,37,145,146,0,0,0,34,0,0,18,0,332,,,,
;,,,,,,,,,,,,,,,,,,,,
;,,,,,,,,,,,,,,,,,,,,
;150,Path of Ice,,,,,,,,,,,,,,,,,,,
151,Ice Cloud (Minor),1040,41,42,43,37,38,36,0,0,89,0,0,20,0,332,,,,
152,Ice Cloud,1040,41,42,43,37,38,36,0,0,89,0,0,20,0,332,,,,
153,Ice Cloud (Greater),1040,41,42,43,37,38,36,0,0,90,0,0,20,0,332,,,,
154,Ice Cloud (Potent),1041,41,42,43,37,38,36,0,0,90,0,0,20,0,332,,,,
155,Glittering Ice Cloud (Lesser),1041,41,42,43,37,38,36,0,0,91,0,0,20,0,332,,,,
156,Glittering Ice Cloud,1041,41,42,43,37,38,36,0,0,91,0,0,20,0,332,,,,
157,Glittering Ice Cloud (Major),1042,41,42,43,37,38,36,0,0,92,0,0,20,0,332,,,,
158,Ice Blast (Minor),1042,47,48,49,37,38,36,0,0,92,0,0,20,0,332,,,,
159,Ice Blast,1043,47,48,49,37,38,36,0,0,92,0,0,20,0,332,,,,
160,Ice Blast (Potent),1044,47,48,49,37,38,36,0,0,93,0,0,20,0,332,,,,
161,Ice Blast (Major),1017,47,48,49,37,38,36,0,0,93,0,0,20,0,332,,,,
171,Cold's Bitter Grip (Lesser),1045,16,17,18,37,38,0,0,0,201,0,0,17,0,332,,,,
172,Cold's Bitter Grip,1046,16,17,18,37,38,0,0,0,201,0,0,17,0,332,,,,
173,Cold's Bitter Grip (Greater),1046,16,17,18,37,38,0,0,0,201,0,0,17,0,332,,,,
174,Fingers Of Ice (Lesser),1047,16,17,18,37,38,0,0,0,201,0,0,17,0,332,,,,
175,Fingers Of Ice,1048,16,17,18,37,38,0,0,0,201,0,0,17,0,332,,,,
176,Fingers Of Ice (Greater),1048,16,17,18,37,38,0,0,0,201,0,0,17,0,332,,,,
177,Anchor Of Ice,1049,16,17,18,37,38,0,0,0,201,0,0,17,0,332,,,,
;,,,,,,,,,,,,,,,,,,,,
;200,Liquifaction,,,,,,,,,,,,,,,,,,,
201,Burst of Steam  (Minor),1050,44,45,46,37,38,0,200,0,51,0,0,15,51,332,,,,
202,Burst of Steam,1050,44,45,46,37,38,0,200,0,51,0,0,15,51,332,,,,
203,Steaming Blast (Minor),1051,44,45,46,37,38,0,200,0,51,0,0,15,51,332,,,,
204,Steaming Blast,1051,44,45,46,37,38,0,200,0,51,0,0,15,51,332,,,,
205,Steaming Blast (Major),1052,44,45,46,37,38,0,200,0,265,0,0,15,265,332,,,,
206,Steaming Wind (Minor),1052,44,45,46,37,38,0,200,0,265,0,0,16,265,332,,,,
207,Steaming Wind,1053,44,45,46,37,38,0,200,0,265,0,0,16,265,332,,,,
208,Steaming Wind (Major),1054,44,45,46,37,38,0,200,0,265,0,0,16,265,332,,,,
;,1.83 change,,,,,,,,,,,,,,,,,,,
211,Ensnaring earth (Minor),1055,47,48,49,145,146,0,34,0,171,0,0,18,0,332,,,,
212,Ensnaring Earth (Lesser),1055,47,48,49,145,146,0,34,0,171,0,0,18,0,332,,,,
213,Ensnaring Earth,1055,47,48,49,145,146,0,34,0,171,0,0,18,0,332,,,,
214,Ensnaring Earth (Greater),1056,47,48,49,145,146,0,34,0,171,0,0,18,0,332,,,,
215,Ensnaring Earth (Potent),1056,47,48,49,145,146,0,34,0,171,0,0,18,0,332,,,,
216,Entangling Earth (Minor),1057,47,48,49,145,146,0,34,0,171,0,0,18,0,332,,,,
217,Entangling Earth,1057,47,48,49,145,146,0,34,0,171,0,0,18,0,332,,,,
218,Entangling Earth (Greater),1058,47,48,49,145,146,0,34,0,171,0,0,18,0,332,,,,
219,Entangling Earth (Potent),1059,47,48,49,145,146,0,34,0,171,0,0,18,0,332,,,,
221,Searing Wind (Minor),1085,47,48,49,124,125,36,0,0,90,0,0,20,0,332,,,,
222,Searing Wind (Lesser),1085,47,48,49,124,125,36,0,0,90,0,0,20,0,332,,,,
223,Searing Wind,1086,47,48,49,124,125,36,0,0,91,0,0,20,0,332,,,,
224,Searing Gust (Minor),1086,47,48,49,124,125,36,0,0,91,0,0,20,0,332,,,,
225,Searing Gust,1087,47,48,49,124,125,36,0,0,92,0,0,20,0,332,,,,
226,Searing Wave (Minor),1087,47,48,49,124,125,36,0,0,92,0,0,20,0,332,,,,
227,Searing Wave,1088,47,48,49,124,125,36,0,0,93,0,0,20,0,332,,,,
228,Searing Blast,1089,47,48,49,124,125,36,0,0,93,0,0,20,0,332,,,,
231,Simmering Cloud,1300,16,17,18,124,125,0,0,0,51,0,0,6,0,332,,,,
232,Broiling Cloud,1301,16,17,18,124,125,0,0,0,51,0,0,6,0,332,,,,
233,Sweltering Cloud,1301,47,48,49,124,125,0,0,0,51,0,0,6,0,332,,,,
234,Burning Cloud,1302,47,48,49,124,125,0,0,0,51,0,0,6,0,332,,,,
235,Torrid Cloud,1303,47,48,49,124,125,0,0,0,51,0,0,6,0,332,,,,
236,Boiling Cloud,1304,47,48,49,124,125,0,0,0,51,0,0,6,0,332,,,,
237,Cooling Tendrils,2723,41,42,43,37,38,36,0,0,90,0,0,20,0,332,,,,
238,Chilling Tendrils,2724,41,42,43,37,38,36,0,0,90,0,0,20,0,332,,,,
239,Frosting Tendrils,2725,16,17,18,37,38,40,0,0,90,0,0,20,0,332,,,,
240,Numbing Tendrils,2726,16,17,18,37,38,40,0,0,91,0,0,20,0,332,,,,
241,Freezing Tendrils,2727,16,17,18,37,38,40,0,0,91,0,0,20,0,332,,,,
242,Mitigating Cold,1591,16,17,18,37,38,40,0,0,90,0,0,20,0,332,,,,
243,Subduing Cold,1592,16,17,18,37,38,40,0,0,90,0,0,20,0,332,,,,
244,Inhibiting Cold,1593,16,17,18,37,38,40,0,0,91,0,0,20,0,332,,,,
245,Debilitating Cold,1594,16,17,18,37,38,40,0,0,91,0,0,20,0,332,,,,
;,,,,,,,,,,,,,,,,,,,,
;,,,,,,,,,,,,,,,,,,,,
;250,Refrigeration,,,,,,,,,,,,,,,,,,,
251,Frost Blast,1395,47,48,49,37,38,36,0,0,89,0,0,20,0,332,,,,
252,Chilling Blast,1395,47,48,49,37,38,36,0,0,89,0,0,20,0,332,,,,
253,Frigid Blast,1395,47,48,49,37,38,36,0,0,90,0,0,20,0,332,,,,
254,Snow Blast,1396,47,48,49,37,38,36,0,0,90,0,0,20,0,332,,,,
255,Ice Blast,1396,47,48,49,37,38,36,0,0,91,0,0,20,0,332,,,,
256,Winter Blast,1397,47,48,49,37,38,36,0,0,91,0,0,20,0,332,,,,
257,Auroral Blast,1397,47,48,49,37,38,36,0,0,92,0,0,20,0,332,,,,
258,Hibernal Blast,1398,47,48,49,37,38,36,0,0,92,0,0,20,0,332,,,,
259,Arctic Blast,1399,47,48,49,37,38,36,0,0,93,0,0,20,0,332,,,,
261,Summon Minor Ice Spirit,1070,38,39,40,37,38,0,0,0,174,0,0,17,0,332,,,,
262,Summon Lesser Ice Spirit,1071,38,39,40,37,38,0,0,0,174,0,0,17,0,332,,,,
263,Summon Ice Spirit,1072,38,39,40,37,38,0,0,0,174,0,0,17,0,332,,,,
264,Summon Aged Ice Spirit,1073,38,39,40,37,38,0,0,0,174,0,0,17,0,332,,,,
265,Summon Elder Ice Spirit,1074,38,39,40,37,38,0,0,0,174,0,0,17,0,332,,,,
271,Field of Frost,2780,16,17,18,37,38,40,0,0,201,0,0,20,201,332,,,,
272,Field of Slush,2780,16,17,18,37,38,40,0,0,201,0,0,20,201,332,,,,
273,Field of Snow,2781,16,17,18,37,38,40,0,0,201,0,0,20,201,332,,,,
274,Field of Ice,2781,16,17,18,37,38,40,0,0,201,0,0,20,201,332,,,,
275,Floe of Snow,2782,16,17,18,37,38,40,0,0,201,0,0,20,201,332,,,,
276,Floe of Ice,2783,16,17,18,37,38,40,0,0,201,0,0,20,201,332,,,,
277,Expanse of Ice,2784,16,17,18,37,38,40,0,0,201,0,0,20,201,332,,,,
;,,,,,,,,,,,,,,,,,,,,
;,,,,,,,,,,,,,,,,,,,,
;,,,,,,,,,,,,,,,,,,,,
;300,Path of Fire,,,,,,,,,,,,,,,,,,,
301,Summon Fire,1065,47,48,49,124,125,0,0,0,163,0,0,6,0,332,,,,
302,Fire Wind,1065,47,48,49,124,125,0,0,0,164,0,0,6,0,332,,,,
303,Circle Of Flames,1065,47,48,49,124,125,0,0,0,165,0,0,6,0,332,,,,
304,Fiery Orbs,1066,47,48,49,124,125,0,0,0,166,0,0,6,0,332,,,,
305,Fire Storm (Minor),1066,47,48,49,124,125,0,0,0,167,0,0,6,0,332,,,,
306,Fire Storrm,1067,47,48,49,124,125,0,0,0,167,0,0,6,0,332,,,,
307,Fire Storm (Major),1067,47,48,49,124,125,0,0,0,167,0,0,6,0,332,,,,
308,Fiery Maelstrom (Minor),1068,47,48,49,124,125,0,0,0,167,0,0,6,0,332,,,,
309,Fiery Maelstrom,1068,47,48,49,124,125,0,0,0,167,0,0,6,0,332,,,,
310,Fiery Maelstrom (Major),1069,47,48,49,124,125,0,0,0,167,0,0,6,0,332,,,,
311,Fire Bolt,1425,16,17,18,124,125,0,0,119,114,0,0,7,0,332,,,,
312,Fiery Bolt,1425,16,17,18,124,125,0,0,120,115,0,0,7,0,332,,,,
313,Fireball,1425,16,17,18,124,125,0,0,121,116,0,0,7,0,332,,,,
314,Reign of Fire (Minor),1426,16,17,18,124,125,0,0,122,117,0,0,7,0,332,,,,
315,Reign of Fire,1426,16,17,18,124,125,0,0,123,118,0,0,7,0,332,,,,
316,Reign of Fire (Major),1427,16,17,18,124,125,0,0,123,118,0,0,7,0,332,,,,
317,Flaming Rocks (Minor),1427,16,17,18,124,125,0,0,123,118,0,0,7,0,332,,,,
318,Flaming Rock,1428,16,17,18,124,125,0,0,123,118,0,0,7,0,332,,,,
319,Flaming Rocks (Greater),1428,16,17,18,124,125,0,0,123,118,0,0,7,0,332,,,,
320,Flaming Rocks (Major),1429,16,17,18,124,125,0,0,123,118,0,0,7,0,332,,,,
321,Aura of Incineration,1596,35,36,37,124,125,0,0,0,30,81,0,19,0,332,,,,
;,,,,,,,,,,,,,,,,,,,,
;350,Pyromancy,,,,,,,,,,,,,,,,,,,
351,Minor Combustion,1340,16,17,18,124,125,0,0,0,163,0,0,6,0,332,,,,
352,Lesser Combustion,1340,16,17,18,124,125,0,0,0,163,0,0,6,0,332,,,,
353,Combustion,1340,16,17,18,124,125,0,0,0,164,0,0,6,0,332,,,,
354,Greater Combustion,1341,16,17,18,124,125,0,0,0,164,0,0,6,0,332,,,,
355,Major Combustion,1341,47,48,49,124,125,0,0,0,165,0,0,6,0,332,,,,
356,Minor Conflagration,1342,47,48,49,124,125,0,0,0,165,0,0,6,0,332,,,,
357,Lesser Conflagration,1342,47,48,49,124,125,0,0,0,166,0,0,12,0,332,,,,
358,Conflagration,1343,47,48,49,124,125,0,0,0,166,0,0,12,0,332,,,,
359,Greater Conflagration,1343,47,48,49,124,125,0,0,0,167,0,0,12,0,332,,,,
360,Major Conflagration,1344,47,48,49,124,125,0,0,0,167,0,0,12,0,332,,,,
361,Explosive Blast (Minor),1060,47,48,49,124,125,0,0,0,165,0,0,12,114,332,,,,
362,Explosive Blast,1060,47,48,49,124,125,0,0,0,165,0,0,12,114,332,,,,
363,Explosive Burst (Minor),1061,47,48,49,124,125,0,0,0,165,0,0,12,114,332,,,,
364,Explosive Burst,1061,47,48,49,124,125,0,0,0,166,0,0,12,114,332,,,,
365,Concussive Blast (Minor),1062,47,48,49,124,125,0,0,0,166,0,0,12,115,332,,,,
366,Concussive Blast,1062,47,48,49,124,125,0,0,0,166,0,0,12,115,332,,,,
367,Ebullient Blast (Minor),1063,47,48,49,124,125,0,0,0,167,0,0,12,115,332,,,,
368,Ebullient Blast,1064,47,48,49,124,125,0,0,0,167,0,0,12,264,332,,,,
371,Minor Fire Streak,1020,16,17,18,124,125,0,0,119,114,0,0,6,0,332,,,,
372,Fire Streak,1020,16,17,18,124,125,0,0,120,115,0,0,6,0,332,,,,
373,Minor Flame Streak,1021,16,17,18,124,125,0,0,121,116,0,0,6,0,332,,,,
374,Flame Streak,1021,16,17,18,124,125,0,0,121,116,0,0,6,0,332,,,,
375,Minor Incendiary Lance,1022,16,17,18,124,125,0,0,122,117,0,0,6,0,332,,,,
376,Incendiary Lance,1022,16,17,18,124,125,0,0,122,117,0,0,6,0,332,,,,
377,Minor Flame Spear,1023,16,17,18,124,125,0,0,123,118,0,0,6,0,332,,,,
378,Flame Spear,1024,16,17,18,124,125,0,0,123,118,0,0,6,0,332,,,,
;,,,,,,,,,,,,,,,,,,,,
;400,Path of Air,,,,,,,,,,,,,,,,,,,
401,Bolstering Gust (Minor),35,47,48,49,1,2,0,0,0,173,0,0,15,0,332,,,,
402,Bolstering Gust,35,47,48,49,1,2,0,0,0,173,0,0,15,0,332,,,,
403,Bolstering Gust (Major),36,47,48,49,1,2,0,0,0,173,0,0,15,0,332,,,,
404,Bolstering Storm (Minor),36,47,48,49,1,2,0,0,0,173,0,0,15,0,332,,,,
405,Bolstering Storm,37,47,48,49,1,2,0,0,0,173,0,0,15,0,332,,,,
406,Bolstering Storm (Major),38,47,48,49,1,2,0,0,0,173,0,0,15,0,332,,,,
407,Bolstering Storm (Greater),39,47,48,49,1,2,0,0,0,173,0,0,15,0,332,,,,
408,Throw Weapon,1757,,,,,,,,,,,,,,,,,,
411,Brisk Wind (Minor),1430,47,48,49,1,2,0,0,0,173,0,0,15,0,332,,,,
412,Brisk Wind,1431,47,48,49,1,2,0,0,0,173,0,0,15,0,332,,,,
413,Lissome Wind (Minor),1432,47,48,49,1,2,0,0,0,173,0,0,15,0,332,,,,
414,Lissome Wind,1433,47,48,49,1,2,0,0,0,173,0,0,15,0,332,,,,
415,Lissome Wind (Major),1434,47,48,49,1,2,0,0,0,173,0,0,15,0,332,,,,
;,,,,,,,,,,,,,,,,,,,,
;,,,,,,,,,,,,,,,,,,,,
;450,Vapormancy,,,,,,,,,,,,,,,,,,,
451,Call Lesser Air Sprite,1080,38,39,40,1,2,0,0,0,174,0,0,15,0,332,,,,
452,Call Minor Air Sprite,1081,38,39,40,1,2,0,0,0,174,0,0,15,0,332,,,,
453,Call Air Sprite,1082,38,39,40,1,2,0,0,0,174,0,0,15,0,332,,,,
454,Call Potent Air Sprite,1083,38,39,40,1,2,0,0,0,174,0,0,15,0,332,,,,
455,Call Mighty Air Sprite,1084,38,39,40,1,2,0,0,0,174,0,0,15,0,332,,,,
461,Confusing Gust (Minor),915,47,48,49,1,2,0,0,0,86,173,0,15,86,332,,,,
462,Confusing Gust,915,47,48,49,1,2,0,0,0,86,173,0,15,86,332,,,,
463,Confusing Gust (Major),916,47,48,49,1,2,0,0,0,86,173,0,15,86,332,,,,
464,Confusing Wind (Minor),917,47,48,49,1,2,0,0,0,86,174,0,15,86,332,,,,
465,Confusing Wind,918,47,48,49,1,2,0,0,0,87,174,0,15,87,332,,,,
466,Confusing Storm,919,47,48,49,1,2,0,0,0,87,174,0,15,87,332,,,,
471,Blasting Breeze,1085,41,42,43,37,38,36,0,0,172,0,0,16,0,332,,,,
472,Blasting Gust,1085,41,42,43,37,38,36,0,0,172,0,0,16,0,332,,,,
473,Blasting Winds,1086,41,42,43,37,38,36,0,0,172,0,0,16,0,332,,,,
474,Blasting Gale,1086,41,42,43,37,38,36,0,0,173,0,0,16,0,332,,,,
475,Blasting Squall,1087,41,42,43,37,38,36,0,0,173,0,0,16,0,332,,,,
476,Blasting Storm,1087,41,42,43,37,38,36,0,0,173,0,0,16,0,332,,,,
477,Blasting Cyclone,1088,47,48,49,37,38,36,0,0,174,0,0,16,0,332,,,,
478,Blasting Tempest,1088,47,48,49,37,38,36,0,0,174,0,0,16,0,332,,,,
479,Blasting Maelstrom,1089,47,48,49,37,38,36,0,0,174,0,0,16,0,332,,,,
;,,,,,,,,,,,,,,,,,,,,
;,,,,,,,,,,,,,,,,,,,,
;,,,,,,,,,,,,,,,,,,,,
;,SORCERER,,,,,,,,,,,,,,,,,,,
;500,Matter,,,,,,,,,,,,,,,,,,,
501,Ward Blow,985,32,33,34,55,69,56,0,0,23,0,0,10,0,332,,,,
502,Fend Blow,985,32,33,34,55,69,56,0,0,23,0,0,10,0,332,,,,
503,Dampen Blow,986,32,33,34,55,69,56,0,0,23,0,0,10,0,332,,,,
504,Deflect Blow,986,32,33,34,55,69,56,0,0,23,0,0,10,0,332,,,,
505,Ward Offense,987,32,33,34,55,69,56,0,0,23,0,0,10,0,332,,,,
506,Fend Offense,987,32,33,34,55,69,80,0,0,23,0,0,10,0,332,,,,
507,Dampen Offense,988,32,33,34,55,69,80,0,0,23,0,0,10,0,332,,,,
508,Deflect Offense,988,32,33,34,55,69,80,0,0,23,0,0,10,0,332,,,,
509,Nullify Offense,989,32,33,34,55,69,80,0,0,23,0,0,10,0,332,,,,
511,Corrosive Mist,1090,35,36,37,59,76,57,0,0,65,0,0,13,0,332,,,,
512,Corrosive Fog,1090,35,36,37,59,76,57,0,0,65,0,0,13,0,332,,,,
513,Corrosive Cloud,1090,35,36,37,59,76,57,0,0,65,0,0,13,0,332,,,,
514,Corrosive Smoke,1091,35,36,37,59,76,57,0,0,65,0,0,13,0,332,,,,
515,Dissolving Mist,1091,35,36,37,59,76,79,0,0,65,0,0,13,0,332,,,,
516,Dissolving Fog,1091,35,36,37,59,76,79,0,0,65,0,0,13,0,332,,,,
517,Dissolving Cloud,1092,35,36,37,59,76,79,0,0,65,0,0,13,0,332,,,,
518,Dissolving Smoke,1092,35,36,37,59,76,79,0,0,65,0,0,13,0,332,,,,
519,Disintegrating Fog,1093,35,36,37,59,76,79,0,0,65,0,0,13,0,332,,,,
520,Disintegrating Cloud,1093,35,36,37,59,76,79,0,0,65,0,0,13,0,332,,,,
521,Disintegrating Smoke,1094,35,36,37,59,76,79,0,0,65,0,0,13,0,332,,,,
531,Barrier of Warding,1247,32,33,34,55,69,56,0,0,35,0,0,13,0,332,,,,
532,Dampening Ward,1267,32,33,34,59,76,57,0,0,285,0,0,13,0,332,,,,
533,Nullifying Ward,1269,32,33,34,59,76,57,0,0,286,0,0,26,0,332,,,,
535,Mystic Web,1095,35,36,37,55,69,80,0,0,71,0,0,26,0,332,,,,
536,Mystic Trap,1095,35,36,37,55,69,80,0,0,71,0,0,26,0,332,,,,
537,Mystic Net,1096,35,36,37,55,69,80,0,0,71,0,0,26,0,332,,,,
538,Magical Web,1096,35,36,37,55,69,80,0,0,71,0,0,26,0,332,,,,
539,Magical Trap,1097,35,36,37,55,69,80,0,0,71,0,0,26,0,332,,,,
540,Magical Net,1098,35,36,37,55,69,80,0,0,71,0,0,26,0,332,,,,
541,Sorcerous Web,1099,35,36,37,55,69,80,0,0,71,0,0,26,0,332,,,,
;,,,,,,,,,,,,,,,,,,,,
;550,Matter Manipulation,,,,,,,,,,,,,,,,,,,
551,Lesser Decrepify,1100,35,36,37,59,76,57,0,0,43,0,0,27,0,332,,,,
552,Decrepify,1100,35,36,37,59,76,57,0,0,43,0,0,27,0,332,,,,
553,Lesser Deterioration,1100,35,36,37,59,76,57,0,0,43,0,0,27,0,332,,,,
554,Deterioration,1101,35,36,37,59,76,57,0,0,43,0,0,27,0,332,,,,
555,Lesser Contamination,1101,35,36,37,59,76,57,0,0,306,0,0,27,0,332,,,,
556,Contamination,1101,35,36,37,59,76,57,0,0,306,0,0,27,0,332,,,,
557,Lesser Devolution,1102,35,36,37,59,76,57,0,0,306,0,0,27,0,332,,,,
558,Devolution,1102,35,36,37,59,76,79,0,0,304,0,0,27,0,332,,,,
559,Lesser Degeneration,1103,35,36,37,59,76,79,0,0,304,0,0,27,0,332,,,,
560,Degeneration,1103,35,36,37,59,76,79,0,0,304,0,0,27,0,332,,,,
561,Lesser Delaceration,1104,35,36,37,59,76,79,0,0,303,0,0,27,0,332,,,,
562,Delaceration,1104,35,36,37,59,76,57,79,0,303,0,0,27,0,332,,,,
571,Reflect Attack,1105,35,36,37,59,76,0,0,0,35,0,0,13,0,332,,,,
572,Reflect Blow,1105,35,36,37,59,76,0,0,0,35,0,0,13,0,332,,,,
573,Reflect Damage,1105,35,36,37,59,76,0,0,0,35,0,0,13,0,332,,,,
574,Reflect Offense,1106,35,36,37,59,76,0,0,0,35,0,0,13,0,332,,,,
575,Channel Attack,1106,35,36,37,59,76,0,0,0,35,0,0,13,0,332,,,,
576,Channel Blow,1106,35,36,37,59,76,0,0,0,35,0,0,13,0,332,,,,
577,Channel Damage,1107,35,36,37,59,76,0,0,0,35,0,0,13,0,332,,,,
578,Channel Offense,1108,35,36,37,59,76,0,0,0,35,0,0,13,0,332,,,,
579,Reflective Backlash,1109,35,36,37,59,76,0,0,0,35,0,0,13,0,332,,,,
581,Puncture Spirit,1440,35,36,37,59,76,57,0,0,148,0,0,27,0,332,,,,
582,Perforate Spirit,1441,35,36,37,59,76,57,0,0,148,0,0,27,0,332,,,,
583,Bore Spirit,1442,35,36,37,59,76,79,0,0,148,0,0,27,0,332,,,,
584,Drill Spirit,1443,35,36,37,59,76,57,0,0,149,0,0,27,0,332,,,,
585,Lance Spirit,1444,35,36,37,59,76,57,0,0,149,0,0,27,0,332,,,,
586,Encrust Eyes,1315,35,36,37,59,76,57,0,0,174,0,0,27,0,332,,,,
587,Obscuring Dust,1316,35,36,37,59,76,57,0,0,174,0,0,27,0,332,,,,
588,Clouded Sight,1317,35,36,37,59,76,57,0,0,174,0,0,27,0,332,,,,
589,Darkened Cloud,1318,35,36,37,59,76,57,0,0,154,0,0,27,0,332,,,,
590,Persistent Obscuration,1319,35,36,37,59,76,57,0,0,154,0,0,27,0,332,,,,
;,,,,,,,,,,,,,,,,,,,,
;600,Telekinesis,,,,,,,,,,,,,,,,,,,
601,Lesser Abrasive Force,1445,35,36,37,59,76,57,0,0,0,71,0,18,0,332,,,,
602,Abrasive Force,1445,35,36,37,59,76,57,0,0,0,71,0,18,0,332,,,,
603,Lesser Grinding Force,1445,35,36,37,59,76,57,0,0,0,71,0,18,0,332,,,,
604,Grinding Force,1446,35,36,37,59,76,57,0,0,277,71,0,18,0,332,,,,
605,Lesser Pounding Force,1446,35,36,37,59,76,57,0,0,277,72,0,18,0,332,,,,
606,Pounding Force,1446,35,36,37,59,76,57,0,0,277,72,0,18,0,332,,,,
607,Lesser Crushing Force,1447,35,36,37,59,76,79,0,0,101,72,0,18,0,332,,,,
608,Crushing Force,1447,35,36,37,59,76,79,0,0,101,72,0,18,0,332,,,,
609,Lesser Pulverizing Force,1447,35,36,37,59,76,79,0,0,101,72,0,18,0,332,,,,
610,Pulverizing Force,1448,35,36,37,59,76,79,0,0,129,73,0,18,0,332,,,,
611,Lesser Disintegrating Force,1448,35,36,37,59,76,79,0,0,129,73,0,18,0,332,,,,
612,Disintegrating Force,1449,35,36,37,59,76,79,0,0,129,73,0,18,0,332,,,,
621,Minor Mesh of Force,1120,35,36,37,55,69,80,0,0,67,0,0,13,0,332,,,,
622,Mesh of Force,1120,35,36,37,55,69,80,0,0,67,0,0,13,0,332,,,,
623,Major Mesh of Force,1120,35,36,37,55,69,80,0,0,67,0,0,13,0,332,,,,
624,Minor Net of Force,1121,35,36,37,55,69,80,0,0,67,0,0,13,0,332,,,,
625,Net of Force,1121,35,36,37,55,69,80,0,0,68,0,0,13,0,332,,,,
626,Major Net of Force,1122,35,36,37,55,69,80,0,0,68,0,0,13,0,332,,,,
627,Minor Web of Force,1123,35,36,37,55,69,80,0,0,68,0,0,13,0,332,,,,
628,Major Web of Force,1124,35,36,37,55,69,80,0,0,68,0,0,13,0,332,,,,
629,Constricting Field,1565,35,36,37,55,69,80,0,0,228,0,0,13,0,332,,,,
630,Restraining Field,1566,35,36,37,55,69,80,0,0,228,0,0,13,0,332,,,,
631,Major Constricting Field,1567,35,36,37,55,69,80,0,0,228,0,0,13,0,332,,,,
632,Major Restraining Field,1568,35,36,37,55,69,80,0,0,228,0,0,13,0,332,,,,
633,Lesser Constricting Jolt,1055,47,48,49,55,69,79,0,0,296,0,0,27,0,332,,,,
634,Constricting Jolt,1056,47,48,49,55,69,79,0,0,296,0,0,27,0,332,,,,
635,Lesser Constricting Force,1057,47,48,49,55,69,79,0,0,296,0,0,27,0,332,,,,
636,Constricting Force,1058,47,48,49,55,69,79,0,0,296,0,0,27,0,332,,,,
637,Major Constricting Blast,1059,47,48,49,55,69,79,0,0,296,0,0,27,0,332,,,,
;,,,,,,,,,,,,,,,,,,,,
;,,,,,,,,,,,,,,,,,,,,
;,,,,,,,,,,,,,,,,,,,,
;,,,,,,,,,,,,,,,,,,,,
;,,,,,,,,,,,,,,,,,,,,
;650,Body Destruction,,,,,,,,,,,,,,,,,,,
651,Minor Vitality Drain,1125,44,45,46,55,69,56,0,0,60,0,0,9,0,332,,,,
652,Lesser Vitality Drain,1125,44,45,46,55,69,56,0,0,60,0,0,9,0,332,,,,
653,Vitality Drain,1125,44,45,46,55,69,56,0,0,60,0,0,9,0,332,,,,
654,Greater Vitality Drain,1125,44,45,46,55,69,56,0,0,61,0,0,9,0,332,,,,
655,Major Vitality Drain,1125,44,45,46,55,69,56,0,0,61,0,0,9,0,332,,,,
656,Minor Essence Consumption,1126,44,45,46,55,69,56,0,0,61,0,0,9,0,332,,,,
657,Lesser Essence Consumption,1126,44,45,46,55,69,80,0,0,61,0,0,9,0,332,,,,
658,Essence Consumption,1126,44,45,46,55,69,80,0,0,61,0,0,9,0,332,,,,
659,Greater Essence Consumption,1127,44,45,46,55,69,80,0,0,61,0,0,9,0,332,,,,
660,Major Essence Consumption,1127,44,45,46,55,69,80,0,0,62,0,0,9,0,332,,,,
661,Increased Essence Consumption,1128,44,45,46,55,69,80,0,0,62,0,0,9,0,332,,,,
662,Superior Essence Consumption,1129,44,45,46,55,69,80,0,0,62,0,0,9,0,332,,,,
671,Fatigue Body,1130,47,48,49,59,76,57,0,0,65,0,0,27,0,332,,,,
672,Debilitate Body,1130,47,48,49,59,76,57,0,0,65,0,0,27,0,332,,,,
673,Weaken Body,1130,47,48,49,59,76,57,0,0,65,0,0,27,0,332,,,,
674,Deteriorate Body,1131,47,48,49,59,76,57,0,0,65,0,0,27,0,332,,,,
675,Enfeeble Body,1131,47,48,49,59,76,57,0,0,65,0,0,27,0,332,,,,
676,Degenerate Body,1132,47,48,49,59,76,79,0,0,66,0,0,27,0,332,,,,
677,Cripple Body,1133,47,48,49,59,76,79,0,0,66,0,0,27,0,332,,,,
678,Dilapidate Body,1134,47,48,49,59,76,57,0,0,66,0,0,27,0,332,,,,
681,Minor Crippling,870,47,48,49,55,69,56,0,0,228,41,0,18,0,332,,,,
682,Lesser Crippling,870,47,48,49,55,69,56,0,0,228,41,0,18,0,332,,,,
683,Cripple,871,47,48,49,55,69,56,0,0,228,41,0,18,0,332,,,,
684,Major Crippling,871,47,48,49,55,69,56,0,0,228,54,0,18,0,332,,,,
685,Greater Crippling,872,47,48,49,55,69,56,0,0,228,54,0,18,0,332,,,,
686,Leg Twist,872,47,48,49,55,69,56,0,0,228,54,0,18,0,332,,,,
687,Greater Leg Twist,873,47,48,49,55,69,56,0,0,228,54,0,18,0,332,,,,
688,Superior Leg Twisting,874,47,48,49,55,69,56,0,0,228,54,0,18,0,332,,,,
;,,,,,,,,,,,,,,,,,,,,
;700,Essence Manipulation,,,,,,,,,,,,,,,,,,,
701,Remove Lifeforce,1140,44,45,46,55,69,56,0,0,60,0,0,9,0,332,,,,
702,Snatch Lifeforce,1140,44,45,46,55,69,56,0,0,60,0,0,9,0,332,,,,
703,Pilfer Lifeforce,1140,44,45,46,55,69,56,0,0,60,0,0,9,0,332,,,,
704,Drain Lifeforce,1141,44,45,46,55,69,56,0,0,61,0,0,9,0,332,,,,
705,Siphon Lifeforce,1141,44,45,46,55,69,56,0,0,61,0,0,9,0,332,,,,
706,Absorb Lifeforce,1142,44,45,46,55,69,80,0,0,61,0,0,9,0,332,,,,
707,Steal Lifeforce,1142,44,45,46,55,69,80,0,0,61,0,0,9,0,332,,,,
708,Seize Lifeforce,1143,44,45,46,55,69,80,0,0,62,0,0,9,0,332,,,,
709,Capture Lifeforce,1143,44,45,46,55,69,80,0,0,62,0,0,9,0,332,,,,
710,Abduct Lifeforce,1144,44,45,46,55,69,80,0,0,62,0,0,9,0,332,,,,
711,Shift Health,1145,32,33,34,55,69,0,0,0,178,0,0,8,0,332,,,,
712,Shift Vigor,1145,32,33,34,55,69,0,0,0,178,0,0,8,0,332,,,,
713,Shift Essence,1145,32,33,34,55,69,0,0,0,179,0,0,8,0,332,,,,
714,Shift Vitality,1146,32,33,34,55,69,0,0,0,179,0,0,8,0,332,,,,
715,Shift Spirit,1146,32,33,34,55,69,0,0,0,179,0,0,8,0,332,,,,
716,Transplace Health,1147,32,33,34,55,69,0,0,0,180,0,0,8,0,332,,,,
717,Transplace Vigor,1147,32,33,34,55,69,0,0,0,180,0,0,8,0,332,,,,
718,Transplace Essence,1148,32,33,34,55,69,0,0,0,180,0,0,8,0,332,,,,
719,Transplace Vitality,1148,32,33,34,55,69,0,0,0,181,0,0,8,0,332,,,,
720,Transplace Spirit,1149,32,33,34,55,69,0,0,0,181,0,0,8,0,332,,,,
721,Inflict Malaise,905,35,36,37,59,76,57,0,0,50,0,0,26,0,332,,,,
722,Inflict Greater Malaise,905,35,36,37,59,76,57,0,0,50,0,0,26,0,332,,,,
723,Inflict Suffering,905,35,36,37,59,76,57,0,0,50,0,0,26,0,332,,,,
724,Inflict Greater Suffering,906,35,36,37,59,76,57,0,0,101,0,0,26,0,332,,,,
725,Inflict Misery,906,35,36,37,59,76,57,0,0,101,0,0,26,0,332,,,,
726,Inflict Greater Misery,907,35,36,37,59,76,57,0,0,101,0,0,26,0,332,,,,
727,Inflict Excruciation,908,35,36,37,59,76,57,0,0,129,0,0,26,0,332,,,,
728,Inflict Greater Excruciation,909,35,36,37,59,76,57,0,0,129,0,0,26,0,332,,,,
731,Cursed Vigor,1590,35,36,37,59,76,57,0,0,43,0,0,27,0,332,,,,
732,Cursed Spirit,1591,35,36,37,59,76,57,0,0,43,0,0,27,0,332,,,,
733,Cursed Soul,1592,35,36,37,59,76,57,0,0,303,312,0,27,0,332,,,,
734,Cursed Vitality,1593,35,36,37,59,76,57,0,0,303,312,0,27,0,332,,,,
735,Cursed Essence,1594,35,36,37,59,76,57,0,0,304,312,0,27,0,332,,,,
;,,,,,,,,,,,,,,,,,,,,
;750,Disorientation,,,,,,,,,,,,,,,,,,,
751,Lesser Mind Jolt,1450,41,42,43,55,69,0,0,0,148,0,0,27,0,332,,,,
752,Mind Jolt,1450,41,42,43,55,69,0,0,0,148,0,0,27,0,332,,,,
753,Lesser Mind Blast,1451,41,42,43,55,69,0,0,0,148,0,0,27,0,332,,,,
754,Mind Blast,1451,41,42,43,55,69,0,0,0,149,0,0,27,0,332,,,,
755,Lesser Mind Scream,1452,41,42,43,55,69,0,0,0,149,0,0,27,0,332,,,,
756,Mind Scream,1452,41,42,43,55,69,0,0,0,149,0,0,27,0,332,,,,
757,Lesser Mind Shriek,1453,47,48,49,55,69,0,0,0,159,0,0,27,0,332,,,,
758,Mind Shriek,1453,47,48,49,55,69,0,0,0,159,0,0,27,0,332,,,,
759,Mind Flay,1454,47,48,49,55,69,0,0,0,159,0,0,27,0,332,,,,
761,Minor Imbalance,1565,35,36,37,55,69,0,0,0,67,0,0,26,0,332,,,,
762,Lesser Imbalance,1565,35,36,37,55,69,0,0,0,67,0,0,26,0,332,,,,
763,Imbalance,1566,35,36,37,55,69,0,0,0,67,0,0,26,0,332,,,,
764,Greater Imbalance,1566,35,36,37,55,69,0,0,0,67,0,0,26,0,332,,,,
765,Major Imbalance,1567,35,36,37,55,69,0,0,0,68,0,0,26,0,332,,,,
766,Critical Imbalance,1568,35,36,37,55,69,0,0,0,68,0,0,26,0,332,,,,
767,Superior Imbalance,1569,35,36,37,55,69,0,0,0,68,0,0,26,0,332,,,,
771,Lesser Body Lock,871,16,17,18,59,76,0,0,0,84,54,0,18,0,332,,,,
772,Body Lock,897,16,17,18,59,76,0,0,0,84,54,0,18,0,332,,,,
773,Greater Body Lock,898,16,17,18,55,69,0,0,0,228,54,0,18,0,332,,,,
774,Superior Body Lock,899,16,17,18,55,69,0,0,0,228,54,0,18,0,332,,,,
775,Illusions of Flame,1162,35,36,37,124,125,0,0,0,163,0,0,6,0,332,,,,
776,Visions of Flame,1163,35,36,37,124,125,0,0,0,163,0,0,6,0,332,,,,
777,Dreams of Flame,1164,35,36,37,124,125,0,0,0,163,0,0,6,0,332,,,,
778,Illusions of Winter,1167,35,36,37,37,38,0,0,0,91,0,0,20,0,332,,,,
779,Visions of Winter,1168,35,36,37,37,38,0,0,0,91,0,0,20,0,332,,,,
780,Dreams of Winter,1169,35,36,37,37,38,0,0,0,91,0,0,20,0,332,,,,
781,Illusions of the Wastes,1172,35,36,37,59,76,0,0,0,172,0,0,15,0,332,,,,
782,Visions of the Wastes,1173,35,36,37,59,76,0,0,0,172,0,0,15,0,332,,,,
783,Dreams of the Wastes,1174,35,36,37,59,76,0,0,0,172,0,0,15,0,332,,,,
;,,,,,,,,,,,,,,,,,,,,
;800,Spirit Animation,,,,,,,,,,,,,,,,,,,
801,Amber Simulacrum,1175,38,39,40,55,69,56,0,0,0,0,0,13,0,332,,,,
802,Ruby Simulacrum,1176,38,39,40,55,69,56,0,0,0,0,0,13,0,332,,,,
803,Sapphire Simulacrum,1177,38,39,40,55,69,56,0,0,0,0,0,13,0,332,,,,
804,Emerald Simulacrum,1178,38,39,40,59,76,57,0,0,0,0,0,13,0,332,,,,
805,Jade Simulacrum,1179,38,39,40,59,76,79,0,0,0,0,0,13,0,332,,,,
811,Strengthen Spirit,15,32,33,34,55,69,0,0,0,187,0,0,13,0,332,,,,
812,Enhance Spirit,15,32,33,34,55,69,0,0,0,187,0,0,13,0,332,,,,
813,Imbue Spirit,16,32,33,34,55,69,0,0,0,187,0,0,13,0,332,,,,
814,Amplify Spirit,16,32,33,34,55,69,0,0,0,188,0,0,13,0,332,,,,
815,Intensify Spirit,17,32,33,34,55,69,0,0,0,188,0,0,13,0,332,,,,
816,Magnify Spirit,18,32,33,34,55,69,0,0,0,189,0,0,13,0,332,,,,
817,Empower Spirit,19,32,33,34,55,69,0,0,0,189,0,0,13,0,332,,,,
821,Mend Simulacrum,1185,32,33,34,55,69,0,0,0,178,0,0,8,0,332,,,,
822,Patch Simulacrum,1185,32,33,34,55,69,0,0,0,178,0,0,8,0,332,,,,
823,Repair Simulacrum,1186,32,33,34,55,69,0,0,0,179,0,0,8,0,332,,,,
824,Restore Simulacrum,1186,32,33,34,55,69,0,0,0,179,0,0,8,0,332,,,,
825,Reconstruct Simulacrum,1187,32,33,34,55,69,0,0,0,179,0,0,8,0,332,,,,
826,Reanimate Simulacrum,1188,32,33,34,55,69,0,0,0,180,0,0,8,0,332,,,,
827,Rebuild Simulacrum,1189,32,33,34,55,69,0,0,0,180,0,0,8,0,332,,,,
831,Improve Dexterity,20,32,33,34,55,69,0,0,0,16,0,0,13,0,332,,,,
832,Develop Dexterity,20,32,33,34,55,69,0,0,0,16,0,0,13,0,332,,,,
833,Increase Dexterity,21,32,33,34,55,69,0,0,0,16,0,0,13,0,332,,,,
834,Enhance Dexterity,22,32,33,34,55,69,0,0,0,16,0,0,13,0,332,,,,
835,Amplify Dexterity,23,32,33,34,55,69,0,0,0,16,0,0,13,0,332,,,,
836,Augment Dexterity,23,32,33,34,55,69,0,0,0,16,0,0,13,0,332,,,,
837,Magnify Dexterity,24,32,33,34,55,69,0,0,0,16,0,0,13,0,332,,,,
;,,,,,,,,,,,,,,,,,,,,
;850,Vivification,,,,,,,,,,,,,,,,,,,
851,Detect Flaw,1195,32,33,34,160,161,0,0,0,190,0,0,9,0,332,,,,
852,Find Flaw,1195,32,33,34,160,161,0,0,0,190,0,0,9,0,332,,,,
853,Discover Flaw,1195,32,33,34,160,161,0,0,0,190,0,0,9,0,332,,,,
854,Expose Flaw,1196,32,33,34,160,161,0,0,0,81,0,0,9,0,332,,,,
855,Pinpoint Flaw,1196,32,33,34,160,161,0,0,0,81,0,0,9,0,332,,,,
856,Illuminate Flaw,1197,32,33,34,160,161,0,0,0,81,0,0,9,0,332,,,,
857,Unveil Flaw,1197,32,33,34,160,161,0,0,0,202,0,0,19,0,332,,,,
858,Pierce Flaw,1198,32,33,34,160,161,0,0,0,202,0,0,19,0,332,,,,
859,Exploit Flaw,1199,32,33,34,160,161,0,0,0,202,0,0,19,0,332,,,,
861,Encourage Aggression,1200,47,48,49,59,76,0,0,0,56,0,0,15,0,332,,,,
862,Enhance Aggression,1200,47,48,49,59,76,0,0,0,56,0,0,15,0,332,,,,
863,Amplify Aggression,1201,47,48,49,59,76,0,0,0,57,0,0,15,0,332,,,,
864,Increase Aggression,1201,47,48,49,59,76,0,0,0,57,0,0,15,0,332,,,,
865,Excite Aggression,1202,47,48,49,59,76,0,0,0,79,0,0,15,0,332,,,,
866,Magnify Aggression,1203,47,48,49,59,76,0,0,0,79,0,0,15,0,332,,,,
867,Overcharge Aggression,1204,47,48,49,59,76,0,0,0,80,0,0,15,0,332,,,,
868,Convert Spirit,1205,44,45,46,55,69,0,0,0,48,0,0,13,0,332,,,,
869,Alter Spirit,1206,44,45,46,55,69,0,0,0,48,0,0,13,0,332,,,,
870,Transform Spirit,1207,44,45,46,55,69,0,0,0,48,0,0,13,0,332,,,,
871,Metamorphose Spirit,1208,44,45,46,55,69,0,0,0,48,0,0,13,0,332,,,,
872,Transmogrify Spirit,1209,44,45,46,55,69,0,0,0,48,0,0,13,0,332,,,,
873,Constrict Spirit,871,32,33,34,55,69,80,0,0,228,0,0,13,0,332,,,,
874,Encase Spirit,1157,32,33,34,55,69,80,0,0,228,0,0,13,0,332,,,,
875,Imprison Spirit,1158,32,33,34,55,69,80,0,0,228,0,0,13,0,332,,,,
876,Shackle Spirit,1159,32,33,34,55,69,80,0,0,228,0,0,13,0,332,,,,
877,Diminish Immunities,1217,35,36,37,55,69,0,0,0,65,0,0,2,0,332,,,,
878,Disspate Immunities,1218,35,36,37,55,69,0,0,0,65,0,0,2,0,332,,,,
879,Banish Immunities,1219,35,36,37,55,69,0,0,0,65,0,0,2,0,332,,,,
880,Diminish Will,1222,35,36,37,55,69,0,0,0,49,0,0,2,0,332,,,,
881,Dissipate Will,1223,35,36,37,55,69,0,0,0,49,0,0,2,0,332,,,,
882,Banish Will,1224,35,36,37,55,69,0,0,0,49,0,0,2,0,332,,,,
883,Diminish Conductivity,1227,35,36,37,55,69,0,0,0,156,0,0,2,0,332,,,,
884,Dissipate Conductivity,1228,35,36,37,55,69,0,0,0,156,0,0,2,0,332,,,,
885,Banish Conductivity,1229,35,36,37,55,69,0,0,0,156,0,0,2,0,332,,,,
886,Strengthen Golem,1180,32,33,34,59,76,0,0,0,187,0,0,10,0,332,,,,
887,Invigorate Golem,1181,32,33,34,59,76,0,0,0,187,0,0,10,0,332,,,,
888,Foritify Golem,1182,32,33,34,59,76,0,0,0,187,0,0,10,0,332,,,,
889,Empower Golem,1183,32,33,34,59,76,0,0,0,189,0,0,10,0,332,,,,
890,Vivify Golem,1184,32,33,34,59,76,0,0,0,189,0,0,10,0,332,,,,
891,Hurry Golem,1191,32,33,34,59,76,0,0,0,77,0,0,15,0,332,,,,
892,Animate Golem,1192,32,33,34,59,76,0,0,0,77,0,0,15,0,332,,,,
893,Quicken Golem,1193,32,33,34,59,76,0,0,0,78,0,0,15,0,332,,,,
894,Accelerate Golem,1194,32,33,34,59,76,0,0,0,78,0,0,15,0,332,,,,
895,Tracker Enhancement,2172,47,48,49,59,76,0,0,0,0,172,0,15,0,332,,,,
896,Chaser Enhancement,2173,47,48,49,59,76,0,0,0,131,172,0,15,0,332,,,,
897,Pursuer Enhancement,2174,47,48,49,59,76,0,0,0,131,172,0,15,0,332,,,,
;,,,,,,,,,,,,,,,,,,,,
;900,Mind Twisting,,,,,,,,,,,,,,,,,,,
901,Confuse Mind,1230,32,33,34,55,69,0,0,0,82,0,0,2,0,332,,,,
902,Befuddle Mind,1230,32,33,34,55,69,0,0,0,82,0,0,2,0,332,,,,
903,Obscure Mind,1231,32,33,34,55,69,0,0,0,82,0,0,2,0,332,,,,
904,Mystify Mind,1231,32,33,34,55,69,0,0,0,82,0,0,2,0,332,,,,
905,Muddle Mind,1232,32,33,34,55,69,0,0,0,83,0,0,2,0,332,,,,
906,Perplex Mind,1232,32,33,34,55,69,0,0,0,83,0,0,2,0,332,,,,
907,Darken Mind,1233,32,33,34,55,69,0,0,0,83,0,0,2,0,332,,,,
908,Paradox Mind,1234,32,33,34,55,69,0,0,0,83,0,0,2,0,332,,,,
911,Minor Mesmerization,925,32,33,34,55,69,56,0,0,86,0,0,27,0,332,,,,
912,Lesser Mesmerization,925,32,33,34,55,69,56,0,0,86,0,0,27,0,332,,,,
913,Mesmerization,925,32,33,34,55,69,56,0,0,86,0,0,27,0,332,,,,
914,Major Mesmerization,926,32,33,34,55,69,56,0,0,86,0,0,27,0,332,,,,
915,Greater Mesmerization,926,32,33,34,55,69,80,0,0,86,0,0,27,0,332,,,,
916,Fascination,927,32,33,34,55,69,80,0,0,87,0,0,27,0,332,,,,
917,Greater Fascination,928,32,33,34,55,69,80,0,0,87,0,0,27,0,332,,,,
918,Superior Fascination,929,32,33,34,55,69,80,0,0,87,0,0,27,0,332,,,,
921,Inflict Minor Forgetfulness,850,35,36,37,59,76,0,0,0,85,0,0,13,0,332,,,,
922,Inflict Forgetfulness,1236,35,36,37,59,76,0,0,0,85,0,0,13,0,332,,,,
923,Inflict Minor Amnesia,1237,35,36,37,59,76,0,0,0,85,0,0,13,0,332,,,,
924,Inflict Amnesia,1238,35,36,37,59,76,0,0,0,85,0,0,13,0,332,,,,
925,Inflict Oblivion,1239,35,36,37,59,76,0,0,0,85,0,0,13,0,332,,,,
931,Amplify Movement,1430,47,48,49,59,76,0,0,0,173,0,0,15,0,332,,,,
932,Amplify Running,1431,47,48,49,59,76,0,0,0,173,0,0,15,0,332,,,,
933,Amplify Coordination,1432,47,48,49,59,76,0,0,0,173,0,0,15,0,332,,,,
934,Amplify Equilibrium,1433,47,48,49,59,76,0,0,0,173,0,0,15,0,332,,,,
935,Amplify Balance,1434,47,48,49,59,76,0,0,0,173,0,0,15,0,332,,,,
936,Clear Mind,1279,32,33,34,55,69,0,0,0,289,0,0,8,0,332,,,,
;,,,,,,,,,,,,,,,,,,,,
;,,,,,,,,,,,,,,,,,,,,
;950,Domination,,,,,,,,,,,,,,,,,,,
951,Persuade Will,1455,32,33,34,55,69,56,0,0,15,0,0,13,0,332,,,,
952,Coerce Will,1455,32,33,34,55,69,56,0,0,15,0,0,13,0,332,,,,
953,Compel Will,1456,32,33,34,55,69,56,0,0,15,0,0,13,0,332,,,,
954,Control Will,1457,32,33,34,55,69,80,0,0,15,0,0,13,0,332,,,,
955,Wrest Will,1458,32,33,34,55,69,80,0,0,15,0,0,13,0,332,,,,
956,Dominate Will,1459,32,33,34,55,69,80,0,0,15,0,0,13,0,332,,,,
961,Banish Will,315,35,36,37,55,69,0,0,0,154,0,0,2,0,332,,,,
962,Banish Motivation,315,35,36,37,55,69,0,0,0,154,0,0,2,0,332,,,,
963,Banish Conviction,316,35,36,37,55,69,0,0,0,154,0,0,2,0,332,,,,
964,Banish Dedication,316,35,36,37,55,69,0,0,0,154,0,0,2,0,332,,,,
965,Banish Faith,317,35,36,37,55,69,0,0,0,154,0,0,2,0,332,,,,
966,Banish Confidence,318,35,36,37,55,69,0,0,0,154,0,0,2,0,332,,,,
967,Banish Hope,319,35,36,37,55,69,0,0,0,154,0,0,2,0,332,,,,
971,Fog of Senility,915,32,33,34,55,69,80,0,0,86,0,0,27,86,332,,,,
972,Blanket of Senility,916,32,33,34,55,69,80,0,0,86,0,0,27,86,332,,,,
973,Cloud of Senility,917,32,33,34,55,69,80,0,0,86,0,0,27,86,332,,,,
974,Veil of Senility,918,32,33,34,55,69,80,0,0,86,0,0,27,86,332,,,,
975,Shroud of Senility,919,32,33,34,55,69,80,0,0,86,0,0,27,86,332,,,,
976,Comprehension of Power,910,32,33,34,1,2,0,0,0,179,130,0,8,0,332,,,,
977,Perception of Power,911,32,33,34,1,2,0,0,0,179,130,0,8,0,332,,,,
978,Perspicuity of Power,912,32,33,34,1,2,0,0,0,179,130,0,8,0,332,,,,
979,Cognition of Power,913,32,33,34,1,2,0,0,0,180,130,0,8,0,332,,,,
980,Lucidity of Power,914,32,33,34,1,2,0,0,0,181,130,0,8,0,332,,,,
981,Shield Mind,2306,32,33,34,55,69,80,0,0,23,289,0,13,0,332,,,,
982,Harden Mind,2307,32,33,34,55,69,80,0,0,23,289,0,13,0,332,,,,
983,Steel Mind,2308,32,33,34,55,69,80,0,0,23,289,0,13,0,332,,,,
984,Invulnerable Mind,2309,32,33,34,55,69,80,0,0,23,289,0,13,0,332,,,,
985,Solidarity of Mind,2317,32,33,34,55,69,80,0,0,23,301,0,13,0,332,,,,
986,Unity of Mind,2318,32,33,34,55,69,80,0,0,23,301,0,13,0,332,,,,
987,Brotherhood of the Mind,2319,32,33,34,55,69,80,0,0,23,301,0,13,0,332,,,,
988,Circle of Cognition,1463,32,33,34,1,2,0,0,0,180,130,0,8,0,332,,,,
989,Circle of Lucidity,1464,32,33,34,1,2,0,0,0,181,130,0,8,0,332,,,,
990,Invest Concordance,1463,32,33,34,1,2,0,0,0,180,130,0,8,0,332,,,,
991,Invest Perfection,1464,32,33,34,1,2,0,0,0,181,130,0,8,0,332,,,,
;,,,,,,,,,,,,,,,,,,,,
;,,,,,,,,,,,,,,,,,,,,
;,,,,,,,,,,,,,,,,,,,,
;,,,,,,,,,,,,,,,,,,,,
;,PALADIN,,,,,,,,,,,,,,,,,,,
;1000,Chants,,,,,,,,,,,,,,,,,,,
1001,Aura of Protection,995,32,33,34,98,99,0,0,0,97,0,0,8,0,332,,,,
1002,Aura of Deflection,995,32,33,34,98,99,0,0,0,97,0,0,8,0,332,,,,
1003,Aura of Safety,996,32,33,34,98,99,0,0,0,97,0,0,8,0,332,,,,
1004,Aura of Defense,996,32,33,34,98,99,0,0,0,97,0,0,8,0,332,,,,
1005,Aura of Indestructability,997,32,33,34,98,99,0,0,0,97,0,0,8,0,332,,,,
1006,Aura of Invincibility,998,32,33,34,98,99,0,0,0,97,0,0,8,0,332,,,,
1007,Aura of Salvation,999,32,33,34,98,99,0,0,0,97,0,0,8,0,332,,,,
1011,Minor Refreshment,1250,38,39,40,98,99,0,0,0,95,0,0,8,0,332,,,,
1009,Lesser Refreshment,1250,38,39,40,98,99,0,0,0,95,0,0,8,0,332,,,,
1010,Refreshment,1250,38,39,40,98,99,0,0,0,95,0,0,8,0,332,,,,
1011,Major Refreshment,1251,38,39,40,98,99,0,0,0,95,0,0,8,0,332,,,,
1012,Greater Refreshment,1251,38,39,40,98,99,0,0,0,95,0,0,8,0,332,,,,
1013,Crusader's Refreshment,1252,38,39,40,98,99,0,0,0,95,0,0,8,0,332,,,,
1014,Saint's Refreshment,1252,38,39,40,98,99,0,0,0,95,0,0,8,0,332,,,,
1015,Angel's Refreshment,1253,38,39,40,98,99,0,0,0,95,0,0,8,0,332,,,,
1016,Archangel's Refreshment,1254,38,39,40,98,99,0,0,0,95,0,0,8,0,332,,,,
1021,Battle Fervor,1255,38,39,40,98,99,0,0,0,96,0,0,8,0,332,,,,
1022,Greater Battle Fervor,1255,38,39,40,98,99,0,0,0,96,0,0,8,0,332,,,,
1023,Battle Vigor,1256,38,39,40,98,99,0,0,0,96,0,0,8,0,332,,,,
1024,Greater Battle Vigor,1256,38,39,40,98,99,0,0,0,96,0,0,8,0,332,,,,
1025,Battle Fury,1257,38,39,40,98,99,0,0,0,96,0,0,8,0,332,,,,
1026,Greater Battle Fury,1257,38,39,40,98,99,0,0,0,96,0,0,8,0,332,,,,
1027,Battle Zeal,1258,38,39,40,98,99,0,0,0,96,0,0,8,0,332,,,,
1028,Greater Battle Zeal,1259,38,39,40,98,99,0,0,0,96,0,0,8,0,332,,,,
1031,Crusader's Ward,1260,35,36,37,98,99,0,0,0,94,0,0,9,0,332,,,,
1032,Crusader's Shield,1260,35,36,37,98,99,0,0,0,94,0,0,9,0,332,,,,
1033,Crusader's Guard,1261,35,36,37,98,99,0,0,0,94,0,0,9,0,332,,,,
1034,Crusader's Barrier,1261,35,36,37,98,99,0,0,0,94,0,0,9,0,332,,,,
1035,Crusader's Defense,1262,35,36,37,98,99,0,0,0,94,0,0,9,0,332,,,,
1036,Crusader's Shelter,1262,35,36,37,98,99,0,0,0,94,0,0,9,0,332,,,,
1037,Crusader's Protection,1263,35,36,37,98,99,0,0,0,94,0,0,9,0,332,,,,
1038,Crusader's Mantle,1264,35,36,37,98,99,0,0,0,94,0,0,9,0,332,,,,
1041,Revive,1018,38,39,40,1,2,0,0,0,15,0,0,8,0,332,,,,
1042,Minor Refreshment,1250,0,0,0,0,0,0,0,0,0,0,0,8,0,332,,,,
1043,Lesser Refreshment,1250,0,0,0,0,0,0,0,0,0,0,0,8,0,332,,,,
1044,Refreshment,1250,0,0,0,0,0,0,0,0,0,0,0,8,0,332,,,,
1045,Major Refreshment,1251,0,0,0,0,0,0,0,0,0,0,0,8,0,332,,,,
1046,Greater Refreshment,1251,0,0,0,0,0,0,0,0,0,0,0,8,0,332,,,,
1047,Crusader's Refreshment,1252,0,0,0,0,0,0,0,0,0,0,0,8,0,332,,,,
1048,Saint's Refreshment,1252,0,0,0,0,0,0,0,0,0,0,0,8,0,332,,,,
1049,Angel's Refreshment,1253,0,0,0,0,0,0,0,0,0,0,0,8,0,332,,,,
1050,Archangel's Refreshment,1254,0,0,0,0,0,0,0,0,0,0,0,8,0,332,,,,
1051,Body Ward,48,32,33,34,98,99,0,0,0,77,0,0,8,0,332,,,,
1052,Body Shield,49,32,33,34,98,99,0,0,0,77,0,0,8,0,332,,,,
1053,Mind Ward,53,32,33,34,98,99,0,0,0,78,0,0,8,0,332,,,,
1054,Mind Shield,54,32,33,34,98,99,0,0,0,78,0,0,8,0,332,,,,
1055,Energy Ward,58,32,33,34,98,99,0,0,0,287,0,0,8,0,332,,,,
1056,Energy Shield,59,32,33,34,98,99,0,0,0,287,0,0,8,0,332,,,,
1057,Heat Ward,83,32,33,34,98,99,0,0,0,30,0,0,8,0,332,,,,
1058,Heat Shield,84,32,33,34,98,99,0,0,0,30,0,0,8,0,332,,,,
1059,Cold Ward,88,32,33,34,98,99,0,0,0,90,0,0,20,0,332,,,,
1060,Cold Shield,89,32,33,34,98,99,0,0,0,90,0,0,8,0,332,,,,
1061,Earth Ward,93,32,33,34,98,99,0,0,0,35,0,0,8,0,332,,,,
1062,Earth Shield,94,32,33,34,98,99,0,0,0,35,0,0,8,0,332,,,,
1070,Provoke,1585,32,33,34,1,2,0,0,0,42,0,0,18,0,332,,,,
1071,Aggravate,1586,32,33,34,1,2,0,0,0,42,0,0,18,0,332,,,,
1072,Enrage,1588,32,33,34,1,2,0,0,0,42,0,0,18,0,332,,,,
1073,Infuriate,1589,32,33,34,1,2,0,0,0,42,0,0,18,0,332,,,,
;,1.83 additional STR buff,,,,,,,,,,,,,,,,,,,
1074,Righteous Strength,1495,35,36,37,1,2,0,0,0,187,0,0,10,0,332,,,,
1075,Righteous Potency,1495,35,36,37,1,2,0,0,0,187,0,0,10,0,332,,,,
1076,Righteous Power,1496,35,36,37,1,2,0,0,0,187,0,0,10,0,332,,,,
1077,Viruous Strength,1496,35,36,37,1,2,0,0,0,188,0,0,10,0,332,,,,
1078,Viruous Potency,1497,35,36,37,1,2,0,0,0,188,0,0,10,0,332,,,,
1079,Viruous Power,1498,35,36,37,1,2,0,0,0,189,187,0,10,0,332,,,,
1080,Viruous Might,1499,35,36,37,1,2,0,0,0,189,188,0,10,0,332,,,,
;,,,,,,,,,,,,,,,,,,,,
1081,Chant of Endurance,1540,38,39,40,98,99,0,0,0,19,0,0,8,0,332,,,,
1082,Chant of Stamina,1541,38,39,40,98,99,0,0,0,19,0,0,8,0,332,,,,
1083,Chant of Persistence,1542,38,39,40,98,99,0,0,0,19,0,0,8,0,332,,,,
1084,Chant of Resilience,1543,38,39,40,98,99,0,0,0,20,0,0,8,0,332,,,,
1085,Chant of Perseverance,1544,38,39,40,98,99,0,0,0,20,0,0,8,0,332,,,,
;,,,,,,,,,,,,,,,,,,,,
1091,Elemental Ward,53,32,33,34,98,99,0,0,0,285,0,0,8,0,332,,,,
1092,Elemental Shield,54,32,33,34,98,99,0,0,0,282,0,0,8,0,332,,,,
1093,Soul Ward,48,32,33,34,98,99,0,0,0,286,0,0,8,0,332,,,,
1094,Soul Shield,49,32,33,34,98,99,0,0,0,283,0,0,8,0,332,,,,
;,,,,,,,,,,,,,,,,,,,,
14550,Barrier of Faith,2382,35,36,37,251,252,0,0,0,235,108,0,9,0,332,,,,
14551,Barrier of Virtue,2383,35,36,37,251,252,0,0,0,235,108,0,9,0,332,,,,
14552,Barrier of Temperance,2384,35,36,37,251,252,0,0,0,235,108,0,9,0,332,,,,
;,,,,,,,,,,,,,,,,,,,,
;,,,,,,,,,,,,,,,,,,,,
;,MINSTREL,,,,,,,,,,,,,,,,,,,
;1100,Instruments,,,,,,,,,,,,,,,,,,,
1101,Motivational Chant,320,25,26,27,105,106,108,0,0,131,0,0,5,0,332,,,,
1102,Motivational Song,321,25,26,27,105,106,108,0,0,131,0,0,5,0,332,,,,
1103,Motivational Hymn,322,25,26,27,105,106,108,0,0,131,0,0,5,0,332,,,,
1104,Motivational Strains,323,25,26,27,105,106,108,0,0,131,0,0,5,0,332,,,,
1105,Motivational Anthem,324,25,26,27,105,106,108,0,0,131,0,0,5,0,332,,,,
1111,Song of Minor Renewal,1370,22,23,24,105,106,108,0,0,132,0,0,4,0,332,,,,
1112,Song of Renewal,1370,22,23,24,105,106,108,0,0,132,0,0,4,0,332,,,,
1113,Song of Minor Healing,1370,22,23,24,105,106,108,0,0,132,0,0,4,0,332,,,,
1114,Song of Healing,1371,22,23,24,105,106,108,0,0,132,0,0,4,0,332,,,,
1115,Song of Minor Regeneration,1371,22,23,24,105,106,108,0,0,132,0,0,4,0,332,,,,
1116,Song of Regeneration,1372,22,23,24,105,106,108,0,0,132,0,0,4,0,332,,,,
1117,Song of Minor Rejuvenation,1373,22,23,24,105,106,108,0,0,132,0,0,4,0,332,,,,
1118,Song of Rejuvenation,1374,22,23,24,105,106,108,0,0,132,0,0,4,0,332,,,,
1121,Song of Power,1460,25,26,27,105,106,108,0,0,130,0,0,5,0,332,,,,
1122,Song of Energy,1461,25,26,27,105,106,108,0,0,130,0,0,5,0,332,,,,
1123,Song of Clarity,1462,25,26,27,105,106,108,0,0,130,0,0,5,0,332,,,,
1124,Song of the Mind,1463,25,26,27,105,106,108,0,0,130,0,0,5,0,332,,,,
1125,Song of Empowering,1464,25,26,27,105,106,108,0,0,130,0,0,5,0,332,,,,
1131,Dischordant Note,1465,0,0,0,0,0,0,0,0,277,0,0,2,0,332,,,,
1132,Dischordant Tone,1466,0,0,0,0,0,0,0,0,277,0,0,2,0,332,,,,
1133,Dischordant Wail,1467,0,0,0,0,0,0,0,0,277,0,0,2,0,332,,,,
1134,Dischordant Shriek,1468,0,0,0,0,0,0,0,0,277,0,0,2,0,332,,,,
1135,Dischordant Howl,1469,0,0,0,0,0,0,0,0,277,0,0,2,0,332,,,,
1141,Lesser Cacophony,1040,0,0,0,0,0,0,0,0,277,0,0,2,0,332,,,,
1142,Cacophony,1041,0,0,0,0,0,0,0,0,101,0,0,2,0,332,,,,
1143,Greater Cacophony,1042,0,0,0,0,0,0,0,0,129,0,0,2,0,332,,,,
1144,Major Cacophony,1044,0,0,0,0,0,0,0,0,129,0,0,2,0,332,,,,
1145,Deafening Cacophony,1044,0,0,0,0,0,0,0,0,129,0,0,2,0,332,,,,
1151,Captivating Melodies,1455,29,30,31,105,106,108,0,0,289,0,133,14,0,332,,,,
1152,Enchanting Melodies,1455,29,30,31,105,106,108,0,0,289,0,133,14,0,332,,,,
1153,Attracting Melodies,1456,29,30,31,105,106,108,0,0,289,0,133,14,0,332,,,,
1154,Pleasurable Melodies,1457,29,30,31,105,106,108,0,0,301,0,133,14,0,332,,,,
1155,Enticing Melodies,1458,29,30,31,105,106,108,0,0,301,0,133,14,0,332,,,,
1156,Alluring Melodies,1459,29,30,31,105,106,108,0,0,301,0,133,14,0,332,,,,
1161,Stunning Yell,930,0,0,0,0,0,0,0,0,147,0,0,2,0,332,,,,
1162,Stunning Shout,931,0,0,0,0,0,0,0,0,147,0,0,2,0,332,,,,
1163,Stunning Screech,932,0,0,0,0,0,0,0,0,147,0,0,2,0,332,,,,
1164,Stunning Bellow,934,0,0,0,0,0,0,0,0,147,0,0,2,0,332,,,,
1171,Compelling Cadence,925,29,30,31,105,106,108,0,0,86,0,0,14,86,332,,,,
1172,Constraining Cadence,926,29,30,31,105,106,108,0,0,86,0,0,14,86,332,,,,
1173,Coercing Cadence,927,29,30,31,105,106,108,0,0,86,0,0,14,86,332,,,,
1174,Compulsory Cadence,928,29,30,31,105,106,108,0,0,87,0,0,14,87,332,,,,
1175,Commanding Cadence,929,29,30,31,105,106,108,0,0,87,0,0,14,87,332,,,,
1181,Cant of Befuddling,1230,47,48,49,218,219,108,0,0,82,0,0,25,0,332,,,,
1182,Cant of Bewilderment,1231,47,48,49,218,219,108,0,0,82,0,0,25,0,332,,,,
1183,Cant of Confusion,1232,47,48,49,218,219,108,0,0,82,0,0,25,0,332,,,,
1184,Cant of Discord,1233,47,48,49,218,219,108,0,0,83,0,0,25,0,332,,,,
1185,Cant of Perplexity,1234,47,48,49,218,219,108,0,0,83,0,0,25,0,332,,,,
1191,Comforting Lullaby,915,47,48,49,0,0,108,274,0,86,0,0,2,86,332,,,,
1192,Enchanting Lullaby,915,47,48,49,0,0,108,274,0,86,0,0,2,86,332,,,,
1193,Pacifying Lullaby,916,47,48,49,0,0,108,274,0,86,0,0,2,86,332,,,,
1194,Entrancing Lullaby,917,47,48,49,0,0,108,274,0,87,0,0,2,87,332,,,,
1195,Sedating Lullaby,918,47,48,49,0,0,108,274,0,87,0,0,2,87,332,,,,
1196,Enrapturing Lullaby,919,47,48,49,0,0,108,274,0,87,0,0,2,87,332,,,,
1197,Focusing Chant,1279,35,36,37,0,0,0,0,0,289,0,0,2,0,332,,,,
1198,Barrier of Sound,2382,35,36,37,251,252,0,0,0,235,108,0,9,0,332,,,,
1199,Shield of Melody,2383,35,36,37,251,252,0,0,0,236,108,0,9,0,332,,,,
1200,Wall of Song,2384,35,36,37,251,252,0,0,0,237,108,0,9,0,332,,,,
1201,Engaging Harmony,1456,32,33,34,105,106,108,0,0,289,0,0,13,0,332,,,,
1202,Engrossing Harmony,1457,32,33,34,105,106,108,0,0,289,0,0,13,0,332,,,,
1203,Enthralling Harmony,1458,32,33,34,105,106,108,0,0,289,0,0,13,0,332,,,,
;,,,,,,,,,,,,,,,,,,,,
;,,,,,,,,,,,,,,,,,,,,
;,,,,,,,,,,,,,,,,,,,,
;,CLERIC,,,,,,,,,,,,,,,,,,,
;1300,Rejuvenation,,,,,,,,,,,,,,,,,,,
1301,Minor Rejuvenation,350,32,33,34,1,2,0,0,0,4,0,0,8,0,332,,,,
1302,Minor Regeneracy,350,32,33,34,1,2,0,0,0,4,0,0,8,0,332,,,,
1303,Minor Relief,350,32,33,34,1,2,0,0,0,25,0,0,8,0,332,,,,
1304,Minor Restoration,350,32,33,34,1,2,0,0,0,25,0,0,8,0,332,,,,
1305,Minor Recuperation,351,32,33,34,1,2,0,0,0,178,0,0,8,0,332,,,,
1306,Minor Renewal,351,32,33,34,1,2,0,0,0,178,0,0,8,0,332,,,,
1307,Minor Revival,352,32,33,34,1,2,0,0,0,178,0,0,8,0,332,,,,
1308,Minor Resuscitation,352,32,33,34,1,2,0,0,0,178,0,0,8,0,332,,,,
1309,Minor Reviction,353,32,33,34,1,2,0,0,0,178,0,0,8,0,332,,,,
1310,Minor Refection,353,32,33,34,1,2,0,0,0,178,0,0,8,0,332,,,,
1311,Minor Refocillation,354,32,33,34,1,2,0,0,0,178,0,0,8,0,332,,,,
;,,,,,,,,,,,,,,,,,,,,
;,,,,,,,,,,,,,,,,,,,,
1315,Revive,355,38,39,40,1,2,0,0,0,15,0,0,8,0,332,,,,
1321,Angelic Commendation,361,32,33,34,1,2,0,0,0,178,0,0,8,0,332,,,,
1322,Angelic Benediction,362,32,33,34,1,2,0,0,0,178,0,0,8,0,332,,,,
1323,Angelic Blessing,363,32,33,34,1,2,0,0,0,178,0,0,8,0,332,,,,
1324,Angelic Approbation,364,32,33,34,1,2,0,0,0,178,0,0,8,0,332,,,,
1331,Regeneracy,365,32,33,34,1,2,0,0,0,178,0,0,8,0,332,,,,
1332,Relief,365,32,33,34,1,2,0,0,0,178,0,0,8,0,332,,,,
1333,Restoration,365,32,33,34,1,2,0,0,0,178,0,0,8,0,332,,,,
1334,Recuperation,366,32,33,34,1,2,0,0,0,178,0,0,8,0,332,,,,
1335,Renewal,366,32,33,34,1,2,0,0,0,178,0,0,8,0,332,,,,
1336,Revival,367,32,33,34,1,2,0,0,0,178,0,0,8,0,332,,,,
1337,Resuscitation,367,32,33,34,1,2,0,0,0,178,0,0,8,0,332,,,,
1338,Reviction,368,32,33,34,1,2,0,0,0,178,0,0,8,0,332,,,,
1339,Refection,368,32,33,34,1,2,0,0,0,178,0,0,8,0,332,,,,
1340,Refocillation,369,32,33,34,1,2,0,0,0,178,0,0,8,0,332,,,,
;,,,,,,,,,,,,,,,,,,,,
;1350,Rejuvenation Spec Abilities,,,,,,,,,,,,,,,,,,,
1351,Major Restoration,380,32,33,34,1,2,0,0,0,178,0,0,8,0,332,,,,
1352,Major Recuperation,380,32,33,34,1,2,0,0,0,178,0,0,8,0,332,,,,
1353,Major Renewal,380,32,33,34,1,2,0,0,0,179,0,0,8,0,332,,,,
1354,Major Revival,381,32,33,34,1,2,0,0,0,179,0,0,8,0,332,,,,
1355,Major Resuscitation,381,32,33,34,1,2,0,0,0,180,0,0,8,0,332,,,,
1356,Major Reviction,382,32,33,34,1,2,0,0,0,180,0,0,8,0,332,,,,
1357,Major Refection,383,32,33,34,1,2,0,0,0,181,0,0,8,0,332,,,,
1358,Major Refocillation,384,32,33,34,1,2,0,0,0,181,0,0,8,0,332,,,,
1361,Raise Fallen,2326,38,39,40,1,2,0,0,0,15,0,0,8,0,332,,,,
1371,Cure Poison,395,38,39,40,1,2,0,0,0,176,175,0,8,0,332,,,,
1372,Cure Disease,396,41,42,43,1,2,0,0,0,177,175,0,8,0,332,,,,
;,,,,,,,,,,,,,,,,,,,,
;1400,Rejuvenation Cleric Spec Abilities,,,,,,,,,,,,,,,,,,,
1401,Greater Recuperation,385,32,33,34,1,2,0,0,0,179,0,0,8,0,332,,,,
1402,Greater Renewal,385,32,33,34,1,2,0,0,0,179,0,0,8,0,332,,,,
1403,Greater Revival,386,32,33,34,1,2,0,0,0,179,0,0,8,0,332,,,,
1404,Greater Resuscitation,386,32,33,34,1,2,0,0,0,180,0,0,8,0,332,,,,
1405,Greater Reviction,387,32,33,34,1,2,0,0,0,180,0,0,8,0,332,,,,
1406,Greater Refection,388,32,33,34,1,2,0,0,0,180,0,0,8,0,332,,,,
1407,Greater Refocillation,389,32,33,34,1,2,0,0,0,181,0,0,8,0,332,,,,
1411,Heaven's Commendation,801,38,39,40,1,2,0,0,0,233,0,0,8,0,332,,,,
1412,Heaven's Benediction,802,38,39,40,1,2,0,0,0,233,0,0,8,0,332,,,,
1413,Heaven's Blessing,803,38,39,40,1,2,0,0,0,233,0,0,8,0,332,,,,
1414,Heaven's Approbation,804,38,39,40,1,2,0,0,0,233,0,0,8,0,332,,,,
1421,Gift of the Heavens,356,38,39,40,1,2,0,0,0,232,0,0,8,0,332,,,,
1422,Boon of the Heavens,357,38,39,40,1,2,0,0,0,232,308,0,8,0,332,,,,
1423,Favor of the Heavens,358,38,39,40,1,2,0,0,0,232,310,0,8,0,332,,,,
1424,Blessing of the Heavens,359,38,39,40,1,2,0,0,0,234,311,0,8,0,332,,,,
1431,Beautified Remedy,847,38,39,40,1,2,0,0,0,232,305,0,8,0,332,,,,
1432,Glorious Remedy,848,38,39,40,1,2,0,0,0,233,305,0,8,0,332,,,,
1433,Magnificent Remedy,849,38,39,40,1,2,0,0,0,234,305,0,8,0,332,,,,
1441,Reincarnate,2337,38,39,40,1,2,0,0,0,15,0,0,8,0,332,,,,
1442,Resurrection,2338,38,39,40,1,2,0,0,0,15,0,0,8,0,332,,,,
1443,Gift of the Host,817,32,33,34,1,2,0,232,0,178,0,0,8,0,332,,,,
1444,Boon of the Host,818,32,33,34,1,2,0,233,0,178,0,0,8,0,332,,,,
1445,Blessing of the Host,819,32,33,34,1,2,0,234,0,179,0,0,8,0,332,,,,
;,,,,,,,,,,,,,,,,,,,,
;1450,Enhancement,,,,,,,,,,,,,,,,,,,
1451,Blessed Strength,15,35,36,37,1,2,0,0,0,187,0,0,10,0,332,,,,
1452,Blessed Potency,15,35,36,37,1,2,0,0,0,187,0,0,10,0,332,,,,
1453,Blessed Power,16,35,36,37,1,2,0,0,0,187,0,0,10,0,332,,,,
1454,Holy Strength,16,35,36,37,1,2,0,0,0,188,0,0,10,0,332,,,,
1455,Holy Potency,17,35,36,37,1,2,0,0,0,188,0,0,10,0,332,,,,
1456,Holy Power,18,35,36,37,1,2,0,0,0,189,187,0,10,0,332,,,,
1457,Holy Might,19,35,36,37,1,2,0,0,0,189,188,0,10,0,332,,,,
1461,Aura of Shielding,10,35,36,37,1,2,0,0,0,183,0,0,9,0,332,,,,
1462,Greater Aura of Shielding,10,35,36,37,1,2,0,0,0,183,0,0,9,0,332,,,,
1463,Aura of Defense,11,35,36,37,1,2,0,0,0,183,279,0,9,0,332,,,,
1464,Greater Aura of Defense,11,35,36,37,1,2,0,0,0,184,0,0,9,0,332,,,,
1465,Aura of Guarding,12,35,36,37,1,2,0,0,0,184,279,0,9,0,332,,,,
1466,Greater Aura of Guarding,13,35,36,37,1,2,0,0,0,185,0,0,9,0,332,,,,
1467,Aura of Deflection,14,35,36,37,1,2,0,0,0,185,279,0,9,0,332,,,,
1468,Greater Aura of Deflection,14,35,36,37,1,2,0,0,0,185,278,0,9,0,332,,,,
1469,Aura of Invincibility,14,32,33,34,1,2,0,0,0,186,279,0,9,0,332,,,,
1470,Greater Aura of Invincibility,14,32,33,34,1,2,0,0,0,186,278,0,9,0,332,,,,
1471,Blessed Dexterity,20,35,36,37,1,2,0,0,0,16,0,0,10,0,332,,,,
1472,Blessed Agility,20,35,36,37,1,2,0,0,0,16,0,0,10,0,332,,,,
1473,Blessed Coordination,21,35,36,37,1,2,0,0,0,16,0,0,10,0,332,,,,
1474,Holy Dexterity,22,35,36,37,1,2,0,0,0,16,0,0,10,0,332,,,,
1475,Holy Agility,23,35,36,37,1,2,0,0,0,16,0,0,10,0,332,,,,
1476,Holy Coordination,24,35,36,37,1,2,0,0,0,16,0,0,10,0,332,,,,
1481,Blessing of Health,25,32,33,34,1,2,0,0,0,187,0,0,10,0,332,,,,
1482,Benison of Health,25,32,33,34,1,2,0,0,0,187,0,0,10,0,332,,,,
1483,Benediction of Health,26,32,33,34,1,2,0,0,0,187,77,0,10,0,332,,,,
1484,Blessing of Fortitude,27,32,33,34,1,2,0,0,0,187,78,0,10,0,332,,,,
1485,Benison of Fortitude,28,32,33,34,1,2,0,0,0,188,77,0,10,0,332,,,,
1486,Benediction of Fortitude,29,32,33,34,1,2,0,0,0,188,78,0,10,0,332,,,,
;,,,,,,,,,,,,,,,,,,,,
;1500,Cleric Enhancement Spec Abilities,,,,,,,,,,,,,,,,,,,
1501,Blessed Shield,340,38,39,40,1,2,0,0,0,184,278,0,8,0,332,,,,
1502,Blessed Guard,340,38,39,40,1,2,0,0,0,184,278,0,8,0,332,,,,
1503,Blessed Barrier,341,38,39,40,1,2,0,0,0,185,278,0,8,0,332,,,,
1504,Holy Shield,342,38,39,40,1,2,0,0,0,185,278,0,8,0,332,,,,
1505,Holy Guard,343,38,39,40,1,2,0,0,0,186,278,0,8,0,332,,,,
1506,Holy Barrier,344,38,39,40,1,2,0,0,0,186,278,0,8,0,332,,,,
1511,Angelic Strength,65,38,39,40,1,2,0,0,0,188,278,0,8,0,332,,,,
1512,Angelic Potency,65,38,39,40,1,2,0,0,0,188,278,0,8,0,332,,,,
1513,Angelic Power,66,38,39,40,1,2,0,0,0,188,278,0,8,0,332,,,,
1514,Archangel's Strength,66,38,39,40,1,2,0,0,0,188,278,0,8,0,332,,,,
1515,Archangel's Potency,67,38,39,40,1,2,0,0,0,189,278,0,8,0,332,,,,
1516,Archangel's Power,68,38,39,40,1,2,0,0,0,189,278,0,8,0,332,,,,
1517,Archangel's Might,69,38,39,40,1,2,0,0,0,189,278,0,8,0,332,,,,
1521,Angelic Dexterity,70,38,39,40,1,2,0,0,0,16,278,0,8,0,332,,,,
1522,Angelic Agility,70,38,39,40,1,2,0,0,0,16,278,0,8,0,332,,,,
1523,Angelic Coordination,71,38,39,40,1,2,0,0,0,17,278,0,8,0,332,,,,
1524,Dexterity of the Archangel,72,38,39,40,1,2,0,0,0,17,278,0,8,0,332,,,,
1525,Agility of the Archangel,73,38,39,40,1,2,0,0,0,32,278,0,8,0,332,,,,
1526,Coordination of the Archangel,74,38,39,40,1,2,0,0,0,32,278,0,8,0,332,,,,
1531,Renewal,346,41,42,43,1,2,0,0,0,17,0,0,8,0,332,,,,
1532,Regeneration,347,41,42,43,1,2,0,0,0,17,0,0,8,0,332,,,,
1533,Revitalization,348,41,42,43,1,2,0,0,0,17,0,0,8,0,332,,,,
1534,Heavenly Infusion,349,41,42,43,1,2,0,0,0,17,0,0,8,0,332,,,,
1535,Acuity of the Seer,76,38,39,40,1,2,0,0,0,15,0,0,8,0,332,,,,
1536,Acuity of the Prophet,77,38,39,40,1,2,0,0,0,15,0,0,8,0,332,,,,
1537,Acuity of the Sage,78,38,39,40,1,2,0,0,0,15,0,0,8,0,332,,,,
1538,Acuity of the Magi,79,38,39,40,1,2,0,0,0,15,0,0,8,0,332,,,,
1541,Spiritual Shield,52,38,39,40,1,2,0,0,0,282,0,0,8,0,332,,,,
1542,Spiritual Guard,53,38,39,40,1,2,0,0,0,282,0,0,8,0,332,,,,
1543,Spiritual Barrier,54,38,39,40,1,2,0,0,0,282,305,0,8,0,332,,,,
1544,Energy Shield,57,38,39,40,1,2,0,0,0,283,0,0,8,0,332,,,,
1545,Energy Guard,58,38,39,40,1,2,0,0,0,283,0,0,8,0,332,,,,
1546,Energy Barrier,59,38,39,40,1,2,0,0,0,283,0,0,8,0,332,,,,
1547,Shield of Health,47,38,39,40,1,2,0,0,0,77,0,0,8,0,332,,,,
1548,Guard of Health,48,38,39,40,1,2,0,0,0,78,27,0,8,0,332,,,,
1549,Barrier of Health,49,38,39,40,1,2,0,0,0,78,107,0,8,0,332,,,,
;,,,,,,,,,,,,,,,,,,,,
1560,Strength From Adversity,2342,38,39,40,1,2,0,0,0,308,287,0,8,0,332,,,,
1561,Test of Faith,2343,38,39,40,1,2,0,0,0,309,287,0,8,0,332,,,,
1562,Trial By Fire,2344,38,39,40,1,2,0,0,0,310,287,0,8,0,332,,,,
1563,Strength From Adversity,0,0,0,0,0,0,0,0,0,4,0,0,8,0,332,,,,
1564,Test of Faith,0,0,0,0,0,0,0,0,0,132,0,0,8,0,332,,,,
1565,Trial By Fire,0,0,0,0,0,0,0,0,0,178,0,0,8,0,332,,,,
1566,Refiner's Strength,2041,38,39,40,1,125,0,0,0,125,187,0,10,0,332,,,,
1567,Purifying Strength,2042,38,39,40,1,125,0,0,0,125,188,0,10,0,332,,,,
1568,Mercybringer,2043,38,39,40,1,125,0,0,0,125,189,0,10,0,332,,,,
1569,Archangel's Allotment,2903,38,39,40,1,2,0,0,0,16,0,0,8,16,332,,,,
1570,Archangel's Apportioning,2904,38,39,40,1,2,0,0,0,16,0,0,8,16,332,,,,
1571,Benefit of the Archangel,2913,38,39,40,1,2,0,0,0,15,0,0,8,15,332,,,,
1572,Bounty of the Archangel,2914,38,39,40,1,2,0,0,0,15,0,0,8,15,332,,,,
1573,Acuity of the Council,2923,38,39,40,1,2,0,0,0,27,0,0,8,27,332,,,,
1574,Acuity of the Congregation,2924,38,39,40,1,2,0,0,0,27,0,0,8,27,332,,,,
1575,Piety Sequester,2933,32,33,34,55,69,0,0,0,414,0,0,26,0,332,,,,
1576,Piety Bounce,2944,32,33,34,55,69,0,0,0,414,0,0,26,420,332,,,,
1577,Adroitness Commandeer,2953,35,36,37,55,69,80,0,0,415,0,0,26,0,332,,,,
1578,Adroitness Eradicate,2964,35,36,37,55,69,80,0,0,415,0,0,26,421,332,,,,
1579,Embodiement Annex,2973,32,33,34,55,69,0,0,0,418,0,0,26,0,332,,,,
1580,Embodiement Banish,2984,32,33,34,55,69,0,0,0,418,0,0,26,424,332,,,,
1581,Brawn Appropriate,2993,35,36,37,55,69,0,0,0,417,0,0,26,0,332,,,,
1582,Brawn Unloose,2909,35,36,37,55,69,0,0,0,417,0,0,26,423,332,,,,
1583,Endowment Sieze,2938,35,36,37,55,69,0,0,0,419,0,0,26,0,332,,,,
1584,Endowment Dispossess,2949,35,36,37,55,69,0,0,0,419,0,0,26,425,332,,,,
1585,Deftness Usurp,2918,35,36,37,59,76,57,0,0,416,0,0,26,0,332,,,,
1586,Deftness Irrupt,2929,35,36,37,59,76,57,0,0,416,0,0,26,422,332,,,,
1587,Hand of God,2795,38,39,40,1,2,0,0,0,367,0,0,10,0,332,,,,
;,,,,,,,,,,,,,,,,,,,,
;1600,Smiting Base Abilities,,,,,,,,,,,,,,,,,,,
1601,Minor Smite,960,44,45,46,145,146,0,0,0,142,0,0,21,0,332,,,,
1602,Lesser Smite,960,44,45,46,145,146,0,0,0,142,0,0,21,0,332,,,,
1603,Smite,960,44,45,46,145,146,0,0,0,142,0,0,21,0,332,,,,
1604,Major Smite,961,44,45,46,145,146,0,0,0,142,0,0,21,0,332,,,,
1605,Greater Smite,961,44,45,46,145,146,0,0,0,138,0,0,21,0,332,,,,
1606,Minor Judgement,962,44,45,46,145,146,0,0,0,138,0,0,21,0,332,,,,
1607,Lesser Judgement,962,44,45,46,145,146,0,0,0,139,0,0,21,0,332,,,,
1608,Judgement,963,44,45,46,145,146,0,0,0,139,0,0,21,0,332,,,,
1609,Greater Judgement,963,38,39,40,145,146,0,0,0,140,0,0,21,0,332,,,,
1610,Supreme Judgement,964,38,39,40,145,146,0,0,0,162,0,0,21,0,332,,,,
1611,Stunning Flash,965,35,36,37,1,2,0,0,0,288,0,0,26,0,332,,,,
1612,Stunning Flare,966,35,36,37,1,2,0,0,0,289,0,0,26,0,332,,,,
1613,Stunning Glare,967,35,36,37,1,2,0,0,0,288,0,0,26,0,332,,,,
1614,Stunning Halo,968,35,36,37,1,2,0,0,0,301,0,0,26,0,332,,,,
1615,Stunning Aura,969,35,36,37,1,2,0,0,0,301,0,0,26,0,332,,,,
;,,,,,,,,,,,,,,,,,,,,
;,,,,,,,,,,,,,,,,,,,,
;1650,Smiting Spec Abilities,,,,,,,,,,,,,,,,,,,
1651,Hammer of Faith,875,38,39,40,1,2,0,0,0,187,0,0,10,0,332,,,,
1652,Hammer of the Pious,875,38,39,40,1,2,0,0,0,187,0,0,10,0,332,,,,
1653,Hammer of Devotion,875,38,39,40,1,2,0,0,0,187,0,0,10,0,332,,,,
1654,Hammer of Grace,876,38,39,40,1,2,0,0,0,187,0,0,10,0,332,,,,
1655,Hammer of Justice,876,38,39,40,1,2,0,0,0,187,0,0,10,0,332,,,,
1656,Hammer of Zeal,877,38,39,40,1,2,0,0,0,188,0,0,10,0,332,,,,
1657,Hammer of the Martyr,877,38,39,40,1,2,0,0,0,188,0,0,10,0,332,,,,
1658,Hammer of Holiness,878,38,39,40,1,2,0,0,0,188,0,0,10,0,332,,,,
1659,Hammer of the Sanctified,879,38,39,40,1,2,0,0,0,189,0,0,10,0,332,,,,
1661,Drive Evil,1300,44,45,46,0,0,0,136,0,11,0,0,21,0,332,,,,
1662,Repel Evil,1300,44,45,46,0,0,0,136,0,11,0,0,21,0,332,,,,
1663,Repulse Evil,1301,44,45,46,0,0,0,136,0,12,0,0,21,0,332,,,,
1664,Dispel Evil,1302,44,45,46,0,0,0,34,0,12,0,0,21,0,332,,,,
1665,Banish Evil,1303,44,45,46,0,0,0,34,0,142,0,0,21,0,332,,,,
1666,Annihilate Evil,1304,44,45,46,0,0,0,34,0,142,0,0,21,0,332,,,,
1671,Holy Anger,1040,44,45,46,145,146,0,0,0,138,0,0,21,0,332,,,,
1672,Greater Holy Anger,1040,44,45,46,145,146,0,0,0,138,0,0,21,0,332,,,,
1673,Holy Rage,1041,44,45,46,145,146,0,0,0,139,0,0,21,0,332,,,,
1674,Greater Holy Rage,1041,44,45,46,145,146,0,0,0,139,0,0,21,0,332,,,,
1675,Holy Wrath,1042,38,39,40,145,146,0,0,0,140,0,0,21,0,332,,,,
1676,Greater Holy Wrath,1042,38,39,40,145,146,0,0,0,140,0,0,21,0,332,,,,
1677,Holy Fury,1043,38,39,40,145,146,0,0,0,162,0,0,21,0,332,,,,
1678,Greater Holy Fury,1044,38,39,40,145,146,0,0,0,162,0,0,21,0,332,,,,
1681,Heavenly Visions,915,35,36,37,1,2,0,241,0,225,0,0,26,225,332,,,,
1682,Heavenly Images,915,35,36,37,1,2,0,241,0,225,0,0,26,225,332,,,,
1683,Heavenly Mirage,916,35,36,37,1,2,0,241,0,225,0,0,26,225,332,,,,
1684,Heavenly Dreams,917,35,36,37,1,2,0,242,0,226,0,0,26,226,332,,,,
1685,Heavenly Imagination,918,35,36,37,1,2,0,242,0,226,0,0,26,226,332,,,,
1686,Theophany,919,35,36,37,1,2,0,243,0,226,0,0,26,226,332,,,,
1691,Heavenly Strike,1470,44,45,46,145,146,0,0,0,138,136,0,21,11,332,,,,
1692,Heavenly Blast,1471,44,45,46,145,146,0,0,0,138,34,0,21,12,332,,,,
1693,Heavenly Bolt,1472,44,45,46,145,146,0,0,0,139,136,0,21,12,332,,,,
1694,Heavenly Force,1473,44,45,46,124,125,0,0,0,139,34,0,7,141,332,,,,
1695,Heavenly Detonation,1474,44,45,46,124,125,0,0,0,140,34,0,7,142,332,,,,
;,Cleric PBAE Snare 1.83,,,,,,,,,,,,,,,,,,,
1696,Minor Deliverance,2760,35,36,37,1,2,0,0,0,276,0,0,13,228,332,,,,
;,,,,,,,,,,,,,,,,,,,,
;,,,,,,,,,,,,,,,,,,,,
;1700,Friar Enhancement Spec,,,,,,,,,,,,,,,,,,,
1701,Shield of Faith,995,32,33,34,98,99,0,0,0,183,0,0,8,0,332,,,,
1702,Shield of Piety,995,32,33,34,98,99,0,0,0,183,0,0,8,0,332,,,,
1703,Shield of Devotion,996,32,33,34,98,99,0,0,0,183,279,0,8,0,332,,,,
1704,Shield of Grace,996,32,33,34,98,99,0,0,0,184,0,0,8,0,332,,,,
1705,Shield ofJustice,997,32,33,34,98,99,0,0,0,184,279,0,8,0,332,,,,
1706,Shield of Zeal,997,32,33,34,98,99,0,0,0,185,32,0,8,0,332,,,,
1707,Shield of Holiness,998,32,33,34,98,99,0,0,0,185,32,0,8,0,332,,,,
1708,Shield of the Sanctified,999,32,33,34,98,99,0,0,0,186,32,0,8,0,332,,,,
1711,Saint's Vigor,2160,41,42,43,98,99,0,0,0,16,305,0,8,0,332,,,,
1712,Saint's Energy,836,41,42,43,98,99,0,0,0,16,305,0,8,0,332,,,,
1713,Saint's Stamina,837,41,42,43,98,99,0,0,0,16,305,0,8,0,332,,,,
1714,Saint's Persistence,838,41,42,43,98,99,0,0,0,16,305,0,8,0,332,,,,
1715,Saint's Tenacity,839,41,42,43,98,99,0,0,0,16,305,0,8,0,332,,,,
1716,Saint's Perserverance,839,41,42,43,98,99,0,0,0,16,305,0,8,0,332,,,,
1721,Speed of the Angel,990,38,39,40,98,99,0,0,0,17,278,0,8,0,332,,,,
1722,Haste of the Angel,990,38,39,40,98,99,0,0,0,17,278,0,8,0,332,,,,
1723,Alacrity of the Angel,991,38,39,40,98,99,0,0,0,17,278,0,8,0,332,,,,
1724,Speed of the Archangel,991,38,39,40,98,99,0,0,0,17,278,0,8,0,332,,,,
1725,Haste of the Archangel,992,38,39,40,98,99,0,0,0,17,278,0,8,0,332,,,,
1726,Alacrity of the Archangel,993,38,39,40,98,99,0,0,0,17,278,0,8,0,332,,,,
1727,Alacrity of the Heavenly Host,994,38,39,40,98,99,0,0,0,17,278,0,8,0,332,,,,
1731,Resillience of the Wanderer,82,32,33,34,98,99,0,0,0,308,90,0,8,0,332,,,,
1732,Fortitude of the Wanderer,83,32,33,34,98,99,0,0,0,309,90,0,8,0,332,,,,
1733,Piety of the Wanderer,84,32,33,34,98,99,0,0,0,310,90,0,8,0,332,,,,
1734,Hearth's Blessing,87,32,33,34,98,99,0,0,0,308,81,0,8,0,332,,,,
1735,Hearth's Benison,88,32,33,34,98,99,0,0,0,309,81,0,8,0,332,,,,
1736,Hearth's Gift,89,32,33,34,98,99,0,0,0,310,81,0,8,0,332,,,,
1737,Attunement to Creation,92,32,33,34,98,99,0,0,0,308,171,0,8,0,332,,,,
1738,Blessing of Creation,93,32,33,34,98,99,0,0,0,309,171,0,8,0,332,,,,
1739,Oneness with Creation,94,32,33,34,98,99,0,0,0,310,171,0,8,0,332,,,,
1740,Blessing of Resilience,4,32,33,34,98,99,0,0,0,285,32,0,8,0,332,,,,
1741,Blessing of Absorption,5,32,33,34,98,99,0,0,0,286,32,0,8,0,332,,,,
1742,Blessing of Dissipation,6,32,33,34,98,99,0,0,0,287,32,0,8,0,332,,,,
1751,Tease,1585,67,0,0,0,0,0,0,0,147,0,0,2,0,332,,,,
1752,Annoy,1586,67,0,0,0,0,0,0,0,147,0,0,2,0,332,,,,
1753,Inflame,1588,67,0,0,0,0,0,0,0,42,0,0,2,0,332,,,,
1754,Incense,1589,67,0,0,0,0,0,0,0,42,0,0,2,0,332,,,,
1761,Readiness,1365,38,39,40,1,2,0,0,0,16,305,0,8,0,332,,,,
1762,Coordination,1365,38,39,40,1,2,0,0,0,16,305,0,8,0,332,,,,
1763,Agility,1366,38,39,40,1,2,0,0,0,17,305,0,8,0,332,,,,
1764,Precision,1367,38,39,40,1,2,0,0,0,17,305,0,8,0,332,,,,
1765,Gracefulness,1368,38,39,40,1,2,0,0,0,32,305,0,8,0,332,,,,
1766,Fluidity,1369,38,39,40,1,2,0,0,0,32,305,0,8,0,332,,,,
;,,,,,,,,,,,,,,,,,,,,
1970,Grasping Corpses,870,0,0,0,0,0,0,294,0,294,0,0,18,0,332,,,,
;,,,,,,,,,,,,,,,,,,,,
;,,,,,,,,,,,,,,,,,,,,
;,MONSTERS,,,,,,,,,,,,,,,,,,,
;,**Monster Abilities**,,,,,,,,,,,,,,,,,,,
1997,Svartalf Teleport,989,32,33,34,261,262,0,0,0,158,254,0,18,0,0,,,,
1998,Azure Teleport,989,38,39,40,145,146,0,0,0,13,162,0,13,0,0,,,,
1999,Stonecrush Teleport,989,35,36,37,0,0,0,0,0,174,170,0,18,0,332,,,,
2000,L5 Mud Gout,945,35,36,37,1,2,0,0,0,294,0,0,10,0,332,,,,
2001,L7 Riverfrost,946,35,36,37,1,2,0,0,0,93,0,0,9,0,332,,,,
2002,L10 Balefire,947,35,36,37,1,2,0,0,0,148,0,0,9,0,332,,,,
2003,L14 Basilisk Glare I,948,35,36,37,1,2,0,0,0,290,0,0,26,0,332,,,,
2004,L17 Basilisk Glare II,949,35,36,37,1,2,0,0,0,290,0,0,26,0,332,,,,
2010,Minor Poison,1555,35,36,37,59,76,57,0,0,43,0,0,27,0,332,,,,
2011,Poison,1556,35,36,37,59,76,57,0,0,43,0,0,27,0,332,,,,
2012,Major Poison,1557,35,36,37,59,76,57,0,0,43,0,0,27,0,332,,,,
2013,Lethal Poison,1558,35,36,37,59,76,57,0,0,43,0,0,27,0,332,,,,
2014,Death Venom,1559,35,36,37,59,76,57,0,0,43,0,0,27,0,332,,,,
2015,Paralyzing Glance,1057,47,48,49,37,38,36,0,0,290,0,0,26,0,332,,,,
2016,Paralyzing Glare,1058,47,48,49,37,38,36,0,0,225,0,0,26,0,332,,,,
2017,Paralyzing Visage,1059,47,48,49,37,38,36,0,0,226,0,0,26,0,332,,,,
2020,Lingering Disease,940,35,36,37,59,76,57,0,0,43,0,0,27,0,332,,,,
2021,Plague,941,35,36,37,59,76,57,0,0,43,0,0,27,0,332,,,,
2022,Viral Infection,942,35,36,37,59,76,57,0,0,43,0,0,27,0,332,,,,
2023,Leprosy,943,35,36,37,59,76,57,0,0,43,0,0,27,0,332,,,,
2024,Black Plague,944,35,36,37,59,76,57,0,0,43,0,0,27,0,332,,,,
2025,Minor Bleeding,1100,35,36,37,59,76,57,0,0,101,0,0,27,0,332,,,,
2026,Bleeding,1101,35,36,37,59,76,57,0,0,101,0,0,27,0,332,,,,
2027,Internal Hemmorage,1102,35,36,37,59,76,57,0,0,101,0,0,27,0,332,,,,
2028,Gushing Wound,1103,35,36,37,59,76,57,0,0,129,0,0,27,0,332,,,,
2029,Severed Artery,1104,35,36,37,59,76,57,0,0,129,0,0,27,0,332,,,,
2030,Fires of the Realm,1429,16,17,18,124,125,0,0,123,118,0,0,12,0,332,,,,
2031,Ice of the Realm,1044,41,42,43,37,38,36,0,0,89,0,0,20,0,332,,,,
2032,Grasp of the Realm,1029,47,48,49,37,38,36,0,0,171,0,0,18,0,332,,,,
2033,Hemorrhage,2014,0,0,0,0,0,0,0,0,354,0,0,18,0,332,,,,
2034,Tail Stun,1494,0,0,0,0,0,0,0,0,147,0,0,18,0,,,,,
;,,,,,,,,,,,,,,,,,,,,
;,**Nature Monster Spells**,,,,,,,,,,,,,,,,,,,
2035,L5 Scorpion Sting,1551,35,36,37,1,2,0,0,0,101,0,0,2,0,332,,,,
2036,L7 Jagged Roots,1552,35,36,37,1,2,0,0,0,249,0,0,2,0,332,,,,
2037,L10 Whirling Vines,1553,35,36,37,1,2,0,0,0,263,0,0,16,0,332,,,,
2038,L15 Hail Storm,1554,35,36,37,1,2,0,0,0,90,0,0,16,0,332,,,,
2040,Frost blast,1052,41,42,43,37,38,36,0,0,90,0,0,20,0,332,,,,
2041,Snow blast,1053,41,42,43,37,38,36,0,0,92,0,0,20,0,332,,,,
2042,Ice blast,1054,41,42,43,37,38,36,0,0,93,0,0,20,0,332,,,,
2045,Heat bolt,1427,41,42,43,124,125,0,0,0,163,0,0,20,0,332,,,,
2046,Fire bolt,1428,41,42,43,37,38,36,0,0,164,0,0,20,0,332,,,,
2047,Flame bolt,1429,41,42,43,37,38,36,0,0,165,0,0,20,0,332,,,,
2050,Gust,1087,41,42,43,37,38,36,0,0,172,0,0,15,0,332,,,,
2051,Gale force,1088,41,42,43,37,38,36,0,0,173,0,0,15,0,332,,,,
2052,Howling wind,1089,41,42,43,37,38,36,0,0,174,0,0,16,0,332,,,,
2055,Minor Poison,1055,35,36,37,59,76,57,0,0,43,0,0,27,0,332,,,,
2056,Poison,1057,35,36,37,59,76,57,0,0,28,0,0,27,0,332,,,,
2057,Major Poison,1059,35,36,37,59,76,57,0,0,33,0,0,27,0,332,,,,
2060,Vinegrip,870,47,48,49,37,38,36,0,0,263,0,0,18,0,332,,,,
2061,Earthsnare,872,47,48,49,37,38,36,0,0,171,0,0,18,0,332,,,,
2062,Stonegrasp,874,47,48,49,37,38,36,0,0,170,0,0,18,0,332,,,,
2065,Minor Healing,928,32,33,34,1,2,0,0,0,178,0,0,8,0,332,,,,
2066,Healing,928,32,33,34,1,2,0,0,0,179,0,0,8,0,332,,,,
2067,Greater Healing,354,32,33,34,1,2,0,0,0,180,0,0,8,0,332,,,,
2070,Monster Str Buff 1,930,35,36,37,1,2,0,0,0,187,0,0,10,0,332,,,,
2071,Monster Str Buff 2,930,35,36,37,1,2,0,0,0,188,0,0,10,0,332,,,,
2075,Mon Dex Buff 1,931,35,36,37,1,2,0,0,0,16,0,0,3,0,332,,,,
2076,Mon Dex Buff 2,931,35,36,37,1,2,0,0,0,17,0,0,3,0,332,,,,
2080,Monster Shield 1,932,16,17,18,1,2,0,0,0,35,0,0,3,0,332,,,,
2081,Monster Shield 2,932,16,17,18,1,2,0,0,0,35,0,0,3,0,332,,,,
2085,Monster Speed 1,933,22,23,24,0,0,0,16,0,14,0,0,4,0,332,,,,
2086,Monster Speed 2,933,22,23,24,0,0,0,16,0,14,0,0,4,0,332,,,,
2090,Elemental Weakness,934,22,23,24,0,0,0,101,0,11,0,0,4,0,332,,,,
2091,Elemental Weakness,934,22,23,24,0,0,0,101,0,12,0,0,4,0,332,,,,
2092,Amber Resilience,25,32,33,34,1,2,0,0,0,280,0,0,10,0,332,,,,
2093,Hel's Touch,931,0,0,0,0,0,0,0,0,58,0,0,13,0,332,,,,
2094,Hel's Freeze,947,0,0,0,0,0,0,0,0,92,0,0,20,0,332,,,,
2095,Hel To Pay,1126,0,0,0,0,0,0,0,0,292,0,0,9,0,332,,,,
2096,Hardened Spirit,1246,0,0,0,0,0,0,0,0,35,0,0,18,0,332,,,,
2097,Kelp Tangle,1246,0,0,0,0,0,0,0,0,353,0,0,18,0,332,,,,
2098,Mino Construct Bolt,1024,16,17,18,529,530,0,0,123,264,0,0,7,0,332,,,,
2099,Black Wind,3959,0,0,0,0,0,0,0,0,578,0,0,0,0,332,,,,
;,,,,,,,,,,,,,,,,,,,,
;,,,,,,,,,,,,,,,,,,,,
;,,,,,,,,,,,,,,,,,,,,
;,,,,,,,,,,,,,,,,,,,,
;,,,,,,,,,,,,,,,,,,,,
;,**Evil Monster Spells**,,,,,,,,,,,,,,,,,,,
2100,L5 Bolt of Decay,1391,35,36,37,1,2,0,0,208,256,0,0,10,0,332,,,,
2101,L15 Force of Unlife,1392,16,17,18,1,2,0,0,0,151,0,0,3,0,332,,,,
2102,L20 Call of Destruction,1393,16,17,18,1,2,0,0,0,21,0,0,3,0,332,,,,
2103,L12 Demonhowl,1394,16,17,18,1,2,0,0,0,56,0,0,3,0,332,,,,
2105,Lingering Disease,1150,35,36,37,59,76,57,0,0,43,0,0,27,0,332,,,,
2106,Plague,1152,35,36,37,59,76,57,0,0,43,0,0,27,0,332,,,,
2107,Viral Infection,1154,35,36,37,59,76,57,0,0,43,0,0,27,0,332,,,,
2110,Acid Puff,2750,35,36,37,59,76,57,0,0,70,0,0,27,0,332,,,,
2111,Corrode,2752,35,36,37,59,76,57,0,0,70,0,0,27,0,332,,,,
2112,Solvent Gas,2754,35,36,37,59,76,57,0,0,70,0,0,27,0,332,,,,
2115,Hinderance,1055,47,48,49,37,38,36,0,0,41,0,0,18,0,332,,,,
2116,Sprain,1057,47,48,49,37,38,36,0,0,54,0,0,18,0,332,,,,
2117,Leg Crumple,1059,47,48,49,37,38,36,0,0,182,0,0,18,0,332,,,,
2120,Weakness,1125,47,48,49,55,69,79,0,0,65,0,0,27,0,332,,,,
2121,Nullify Strength,1127,47,48,49,55,69,79,0,0,66,0,0,27,0,332,,,,
2122,Cripple,1129,47,48,49,55,69,79,0,0,101,0,0,27,0,332,,,,
2125,Fumble,975,47,48,49,55,69,79,0,0,67,0,0,27,0,332,,,,
2126,Muscle Spasms,977,47,48,49,55,69,79,0,0,101,0,0,27,0,332,,,,
2127,Inaccuracy,979,47,48,49,55,69,79,0,0,68,0,0,27,0,332,,,,
2128,Glimmer Cloud Hit,1999,0,0,0,0,0,0,0,0,623,0,0,0,0,332,,,,
;,,,,,,,,,,,,,,,,,,,,
;,**Combat Style Effects**,,,,,,,,,,,,,,,,,,,
2130,Bleeding,1104,0,0,0,0,0,0,0,0,41,0,0,27,0,332,,,,
2131,Bleeding w/o the effect,1104,0,0,0,0,0,0,0,0,0,0,0,27,0,332,,,,
2132,Stunned,934,0,0,0,0,0,0,0,0,64,0,0,18,0,332,,,,
2133,Stunned w/o the effect,934,0,0,0,0,0,0,0,0,0,0,0,18,0,332,,,,
2135,Hindered,1159,0,0,0,0,0,0,0,0,50,0,0,18,0,332,,,,
2136,Hindered w/o the effect,1159,0,0,0,0,0,0,0,0,0,0,0,18,0,332,,,,
2140,Slowed,1139,0,0,0,0,0,0,0,0,0,0,0,18,0,332,,,,
2141,Slowed w/o the effect,1139,0,0,0,0,0,0,0,0,0,0,0,18,0,332,,,,
;,,,,,,,,,,,,,,,0,,,,,
;,Pet Spells/Abilities,,,,,,,,,,,,,,,,,,,
2142,Necroservant Disease,941,0,0,0,0,0,0,0,0,578,0,0,27,0,332,,,,
2143,Frenzy (Hunter Pet Ability),3439,0,0,0,0,0,0,0,0,473,462,0,36,0,332,,2,,
2144,Shattered Defense (Cabalist Pet),1904,0,0,157,471,472,0,0,0,574,0,0,55,0,332,,,,
2145,Pet Lifetap I,940,44,45,46,55,69,80,0,0,292,0,0,13,0,332,,,,
2150,Pet Shield I,12,38,39,40,1,2,0,0,0,183,0,0,8,0,332,,,,
2151,Pet Shield II,12,38,39,40,1,2,0,0,0,184,0,0,8,0,332,,,,
2155,Pet Snare I,942,16,17,18,37,38,0,0,0,296,0,0,20,0,332,,,,
2160,Pet Haste,943,32,33,34,1,2,0,0,0,17,0,0,13,0,332,,,,
2165,Pet Stun,925,47,48,49,1,2,0,0,0,58,0,0,13,0,332,,,,
2170,Pet Root,927,16,17,18,37,38,0,0,0,201,0,0,20,0,332,,,,
2175,Pet Blade Turn,945,32,33,34,160,161,0,0,0,35,0,0,9,0,332,,,,
2180,Pet Amnesia,946,35,36,37,1,2,0,0,0,85,0,0,13,0,332,,,,
2185,Theurge Air Pet DD,947,47,48,49,37,38,36,0,0,172,0,0,20,0,332,,,,
2190,Theurge Ice Pet Dmg Shield,941,47,48,49,37,38,36,0,0,93,0,0,20,0,332,,,,
2191,Rended Armor (Hunter Pet Ability),3439,0,0,0,0,0,0,0,0,473,0,0,36,0,332,,2,,
2192,Amber Shield (Cabalist Pet),1009,32,33,34,1,2,0,0,0,280,0,0,10,0,332,,,,
2193,Ruby Shield (Cabalist Pet),1009,47,48,49,1,2,0,0,0,192,0,0,9,0,332,,,,
2194,Sapphire Shield (Cabalist Pet),1009,47,48,49,1,2,0,0,0,193,0,0,9,0,332,,,,
2195,Emerald/Jade Shield (Cabalist Pet),1009,47,48,49,1,2,0,0,0,194,0,0,9,0,332,,,,
2196,Diamond/Arcanium Shield (Cabalist Pet),1009,47,48,49,1,2,0,0,0,195,0,0,9,0,332,,,,
2197,Ruby's Edge (Cabalist Pet),1009,16,17,18,124,125,0,0,0,163,0,0,20,0,332,,,,
2198,Jade Ablative (Cabalist Pet),1994,47,48,49,1,2,0,0,0,194,0,0,9,0,332,,,,
2199,Zealot's Fury,1162,47,48,49,55,69,0,0,0,491,0,0,27,0,332,,,,
;,,,,,,,,,,,,,,,,,,,,
;,Siege Weapon Effects,,,,,,,,,,,,,,,,,,,
2200,old Ballista I,1304,47,48,49,124,125,0,0,0,167,0,0,6,0,,,,,
2201,old Catapult I,1304,47,48,49,124,125,0,0,0,167,0,0,6,0,,,,,
2202,Scorpion Bolt,0,0,0,0,0,0,370,371,372,373,0,0,0,0,,,,,
2203,Ballista Bolt,0,0,0,0,0,0,374,375,376,377,0,0,0,0,,,,,
2204,Trebuchet/Catapult Boulder,0,0,0,0,0,0,378,379,380,381,0,0,0,0,,,,,
2205,Catapult Flaming Pitchball,0,0,0,0,0,0,382,383,384,385,0,0,0,0,,,,,
2206,Catapult Coldball,0,0,0,0,0,0,386,387,388,389,0,0,0,0,,,,,
2207,Catapult Stone Shot,0,0,0,0,0,0,390,391,392,393,0,0,0,0,,,,,
2208,Catapult Disease Carcass,944,0,0,0,0,0,394,395,396,397,0,0,0,0,,,,,
2209,Boiling Oil,0,0,0,0,0,0,398,399,400,401,0,0,0,0,,,,,
2210,Catapult Poison Ball,949,0,0,0,0,0,402,403,404,405,0,0,0,0,,,,,
2211,Catapult Essence Ball,0,0,0,0,0,0,382,383,384,385,0,0,0,0,,,,,
2212,Stone Throw,0,16,17,18,0,0,0,0,380,381,0,0,0,0,,,,,
2213,Flying Stone,0,0,0,0,0,0,0,0,0,527,0,0,0,0,,,,,
2214,Flying Cold Ball,0,0,0,0,0,0,0,0,0,528,0,0,0,0,,,,,
2215,Saw Blade Projectile,0,16,17,18,0,0,0,0,531,426,0,0,0,0,,,,,
2221,Scorpion 90,0,16,17,18,0,0,0,0,537,426,0,0,0,0,,,,,
2217,Carcass 90,0,16,17,18,0,0,0,0,533,397,0,0,0,0,,,,,
2218,Cold Ball 90,0,16,17,18,0,0,0,0,534,389,0,0,0,0,,,,,
2219,Pitch Ball 90,0,16,17,18,0,0,0,0,535,385,0,0,0,0,,,,,
2220,Stone Shot 90,0,16,17,18,0,0,0,0,536,393,0,0,0,0,,,,,
2221,Scorpion 90,0,16,17,18,0,0,0,0,537,537,0,0,0,0,,,,,
;,,,,,,,,,,,,,,,,,,,,
;,Non-Specific Monster Spells,,,,,,,,,,,,,,,,,,,
2300,Fire DD I,1066,16,17,18,124,125,0,0,0,163,0,0,6,0,332,,,,
2301,Fire DD II,1067,16,17,18,124,125,0,0,0,164,0,0,12,0,332,,,,
2302,Fire DD III,1068,47,48,49,124,125,0,0,0,165,0,0,6,0,332,,,,
2303,Fire DD IV,1069,47,48,49,124,125,0,0,0,166,0,0,6,0,332,,,,
2305,AE Fire DD I,1061,16,17,18,124,125,0,0,0,163,0,0,6,0,332,,,,
2306,AE Fire DD II,1062,16,17,18,124,125,0,0,0,164,0,0,12,0,332,,,,
2307,AE Fire DD III,1063,47,48,49,124,125,0,0,0,165,0,0,6,0,332,,,,
2308,AE Fire DD IV,1064,47,48,49,124,125,0,0,0,166,0,0,6,0,332,,,,
2310,Cold DD I,1117,41,42,43,37,38,36,0,0,90,0,0,20,0,332,,,,
2311,Cold DD II,1119,47,48,49,37,38,36,0,0,91,0,0,20,0,332,,,,
2315,AE Cold DD I,1051,41,42,43,37,38,36,0,0,90,0,0,20,0,332,,,,
2316,AE Cold DD II,1054,47,48,49,37,38,36,0,0,91,0,0,20,0,332,,,,
2320,Air DD I,1086,41,42,43,37,38,36,0,0,89,0,0,20,0,332,,,,
2321,Air DD II,1088,41,42,43,37,38,36,0,0,90,0,0,20,0,332,,,,
2322,Air DD III,1089,47,48,49,37,38,36,0,0,91,0,0,20,0,332,,,,
2325,AE Air DD I,981,41,42,43,37,38,36,0,0,89,0,0,20,0,332,,,,
2326,AE Air DD II,983,41,42,43,37,38,36,0,0,90,0,0,20,0,332,,,,
2327,AE Air DD III,984,47,48,49,37,38,36,0,0,91,0,0,20,0,332,,,,
2330,Earth DD I,1396,32,33,34,124,125,0,0,0,190,0,0,17,0,332,,,,
2331,Earth DD II,1399,32,33,34,124,125,0,0,0,190,0,0,17,0,332,,,,
2335,AE Earth DD I,1396,32,33,34,124,125,0,0,0,190,0,0,17,0,332,,,,
2336,AE Earth DD II,1399,32,33,34,124,125,0,0,0,190,0,0,17,0,332,,,,
2340,Light DD I,976,47,48,49,261,262,0,0,0,203,0,0,25,0,332,,,,
2341,Light DD II,979,47,48,49,261,262,0,0,0,204,0,0,25,0,332,,,,
2345,Magical Blast I,1396,47,48,49,1,2,0,0,0,205,0,0,25,0,332,,,,
2346,Magical Blast II,1399,47,48,49,1,2,0,0,0,206,0,0,25,0,332,,,,
2350,Shriek - Spirit DD I,1395,41,42,43,160,161,0,453,0,457,0,0,43,0,332,,,,
2351,Shriek - Spirit DD II,1396,41,42,43,160,161,0,454,0,457,0,0,43,0,332,,,,
2352,Shriek - Spirit DD III,1397,47,48,49,160,161,0,455,0,458,0,0,43,0,332,,,,
2353,Shriek - Spirit DD IV,1398,47,48,49,160,161,0,456,0,458,0,0,43,0,332,,,,
2360,Poison Blast - Poison DD I,1557,35,36,37,59,76,57,0,0,43,0,0,27,0,332,,,,
2361,Poison Blast - Poison DD II,1559,35,36,37,59,76,57,0,0,43,0,0,27,0,332,,,,
2365,Finger of Death,1399,50,51,52,218,219,0,244,0,203,0,0,25,0,332,,,,
2370,Webbing,1059,47,48,49,37,38,36,0,0,74,0,0,18,0,332,,,,
2375,Grabbing Vines,1159,47,48,49,37,38,36,0,0,53,0,0,18,0,332,,,,
2380,Minor Petrification,929,32,33,34,55,69,80,0,0,86,0,0,27,0,332,,,,
2385,Lingering Disease,944,35,36,37,59,76,57,0,0,306,0,0,27,0,332,,,,
2390,Minor Entrancement,926,32,33,34,55,69,80,0,0,86,0,0,27,0,332,,,,
2395,Minor Hex,1095,35,36,37,55,69,80,0,0,71,0,0,13,0,332,,,,
2400,Minor Intoxication,1097,35,36,37,55,69,80,0,0,71,0,0,13,0,332,,,,
2405,Minor Cowardice,1099,35,36,37,55,69,80,0,0,71,0,0,13,0,332,,,,
2410,Corrosive Goop,1104,35,36,37,59,76,57,0,0,303,0,0,27,0,332,,,,
2415,Minor Poison,939,35,36,37,59,76,57,0,0,43,0,0,27,0,332,,,,
2420,Bleed,1104,35,36,37,59,76,57,0,0,43,0,0,27,0,332,,,,
2421,Spiketrap,0,0,0,0,0,0,0,338,0,41,0,0,18,41,0,,,,
2422,Octopus Inkjet,0,0,0,0,0,0,0,338,0,0,0,0,0,0,0,,,,
2423,Ignite,1066,16,17,18,124,125,0,0,0,264,0,0,19,0,332,,,,
2424,White/Gold Glow,3420,38,39,40,145,146,0,0,0,431,0,0,0,0,332,,,,
2425,Blue/White Glow,3422,38,39,40,145,146,0,0,0,432,0,0,0,0,332,,,,
2426,Gold/Purple Glow,3423,38,39,40,145,146,0,0,0,433,0,0,0,0,332,,,,
2427,Skull Shield w/o Noise,1909,35,36,37,160,161,0,0,0,109,0,0,0,0,332,,,,
;,,,,,,,,,,,,,,,,,,,,
;,,,,,,,,,,,,,,,,,,,,
;,,,,,,,,,,,,,,,,,,,,
;,,,,,,,,,,,,,,,,,,,,
;,RESERVED SPELLS,,,,,,,,,,,,,,,,,,,
2430,Speed of the Realm,44,25,26,27,105,106,0,0,0,0,0,0,5,0,,,,,
2435,Resurrection Illness,1,0,0,0,1,2,0,0,0,23,0,0,13,0,,,,,
;,,,,,,,,,,,,,,,,,,,,
2450,Sand Blowing 1,0,0,0,0,0,0,0,0,0,333,0,0,0,0,,,,,
2451,Sand Blowing 2,0,0,0,0,0,0,0,0,0,334,0,0,0,0,,,,,
2452,Sand Blowing 3,0,0,0,0,0,0,0,0,0,335,0,0,0,0,,,,,
2453,Sand Blowing 4,0,0,0,0,0,0,0,0,0,336,0,0,0,0,,,,,
2454,Sand Blowing 5,0,0,0,0,0,0,0,0,0,337,0,0,0,0,,,,,
;,,,,,,,,,,,,,,,,,,,,
;,,,,,,,,,,,,,,,,,,,,
;,,,,,,,,,,,,,,,,,,,,
;,SPIRITMASTER,,,,,,,,,,,,,,,,,,,
;2500,Darkness,,,,,,,,,,,,,,,,,,,
2501,Minor Dusk Dart,1040,41,42,43,160,161,0,0,0,256,0,0,2,0,332,,,,
2502,Dusk Dart,1040,41,42,43,160,161,0,0,0,256,0,0,2,0,332,,,,
2503,Major Dusk Dart,1040,41,42,43,160,161,0,0,0,256,0,0,2,0,332,,,,
2504,Greater Dusk Dart,1041,41,42,43,160,161,0,0,0,256,0,0,2,0,332,,,,
2505,Minor Gloom Blast,1041,41,42,43,160,161,150,0,0,257,0,0,2,0,332,,,,
2506,Gloom Blast,1041,41,42,43,160,161,150,0,0,257,0,0,2,0,332,,,,
2507,Greater Gloom Blast,1042,41,42,43,160,161,150,0,0,257,0,0,2,0,332,,,,
2508,Murk Blast,1042,47,48,49,160,161,151,0,0,258,0,0,2,0,332,,,,
2509,Greater Murk Blast,1043,47,48,49,160,161,151,0,0,259,0,0,2,0,332,,,,
2510,Shadow Blast,1043,47,48,49,160,161,151,0,0,259,0,0,2,0,332,,,,
2511,Greater Shadow Blast,1044,47,48,49,160,161,151,0,0,259,0,0,2,0,332,,,,
2521,Blanket of Darkness,1095,35,36,37,160,161,0,0,0,154,0,0,2,0,332,,,,
2522,Screen of Darkness,1095,35,36,37,160,161,0,0,0,154,0,0,2,0,332,,,,
2523,Envelope of Darkness,1095,35,36,37,160,161,0,0,0,154,0,0,2,0,332,,,,
2524,Globe of Darkness,1096,35,36,37,160,161,0,0,0,154,0,0,2,0,332,,,,
2525,Field of Darkness,1096,35,36,37,160,161,0,0,0,154,0,0,2,0,332,,,,
2526,Wrap of Darkness,1097,35,36,37,160,161,0,0,0,154,0,0,2,0,332,,,,
2527,Veil of Darkness,1098,35,36,37,160,161,0,0,0,154,0,0,2,0,332,,,,
2528,Shroud of Darkness,1099,35,36,37,160,161,0,0,0,154,0,0,2,0,332,,,,
;,,,,,,,,,,,,,,,,,,,,
;2550,Runes of Darkness,,,,,,,,,,,,,,,,,,,
2551,Rune of Discomfort,1290,32,33,34,160,161,0,0,0,202,0,0,19,0,332,,,,
2552,Rune of Injury,1290,32,33,34,160,161,0,0,0,202,0,0,19,0,332,,,,
2553,Rune of Hurt,1291,32,33,34,160,161,0,0,0,202,0,0,19,0,332,,,,
2554,Rune of Pain,1291,32,33,34,160,161,0,0,0,202,0,0,19,0,332,,,,
2555,Rune of Agony,1292,32,33,34,160,161,0,0,0,202,0,0,19,0,332,,,,
2556,Rune of Misery,1293,32,33,34,160,161,0,0,0,202,0,0,19,0,332,,,,
2557,Rune of Torment,1294,32,33,34,160,161,0,0,0,202,0,0,19,0,332,,,,
2558,Greater Agony Rune,302,32,33,34,160,161,0,0,0,202,0,0,19,0,332,,,,
2559,Greater Misery Rune,303,32,33,34,160,161,0,0,0,202,0,0,19,0,332,,,,
2561,Rune of Dusk,1295,41,42,43,160,161,0,0,0,256,0,0,2,0,332,,,,
2562,Greater Rune of Dusk,1295,41,42,43,160,161,0,0,0,256,0,0,2,0,332,,,,
2563,Rune of Pitch,1295,41,42,43,160,161,0,0,0,256,0,0,2,0,332,,,,
2564,Greater Rune of Pitch,1296,41,42,43,160,161,0,0,0,256,0,0,2,0,332,,,,
2565,Rune of Murk,1296,41,42,43,160,161,0,0,0,257,0,0,2,0,332,,,,
2566,Greater Rune of Murk,1297,41,42,43,160,161,0,0,0,258,0,0,2,0,332,,,,
2567,Rune of Obscurity,1297,41,42,43,160,161,0,0,0,258,0,0,2,0,332,,,,
2568,Greater Rune of Obscurity,1298,41,42,43,160,161,0,0,0,259,0,0,2,0,332,,,,
2569,Rune of Shadow,1298,41,42,43,160,161,0,0,0,259,0,0,2,0,332,,,,
2570,Greater Rune of Shadow,1299,41,42,43,160,161,0,0,0,259,0,0,2,0,332,,,,
2571,Minor Raven Bolt,1115,47,48,49,160,161,0,0,0,256,0,0,27,0,332,,,,
2572,Lesser Raven Bolt,1116,47,48,49,160,161,0,0,0,256,0,0,27,0,332,,,,
2573,Raven Bolt,1116,47,48,49,160,161,0,0,0,256,0,0,27,0,332,,,,
2574,Major Raven Bolt,1117,47,48,49,160,161,0,0,0,257,0,0,27,0,332,,,,
2575,Greater Raven Bolt,1117,47,48,49,160,161,0,0,0,257,0,0,27,0,332,,,,
2576,Superior Raven Bolt,1118,47,48,49,160,161,0,0,0,257,0,0,27,0,332,,,,
2577,Munin's Claw,1119,47,48,49,160,161,0,0,0,258,0,0,2,0,332,,,,
2578,Hugin's Claw,1119,47,48,49,160,161,0,0,0,258,0,0,2,0,332,,,,
2581,Raven Drove,1440,47,48,49,160,161,0,0,0,257,0,0,2,292,332,,,,
2582,Raven Flock,1440,47,48,49,160,161,0,0,0,257,0,0,2,292,332,,,,
2583,Raven Horde,1441,47,48,49,160,161,0,0,0,258,0,0,2,292,332,,,,
2584,Raven Throng,1441,47,48,49,160,161,0,0,0,258,0,0,2,292,332,,,,
2585,Raven Host,1442,47,48,49,160,161,0,0,0,259,0,0,2,88,332,,,,
2586,Raven Cloud,1443,47,48,49,160,161,0,0,0,259,0,0,2,88,332,,,,
2587,Raven Legion,1444,47,48,49,160,161,0,0,0,260,0,0,2,88,332,,,,
;,,,,,,,,,,,,,,,,,,,,
;,,,,,,,,,,,,,,,,,,,,
;,,,,,,,,,,,,,,,,,,,,
;2600,Spirit Dimming,,,,,,,,,,,,,,,,,,,
2601,Dampen Lifeforce,1125,44,45,46,160,161,0,0,0,101,0,0,9,0,332,,,,
2602,Muffle Lifeforce,1125,44,45,46,160,161,0,0,0,101,0,0,9,0,332,,,,
2603,Smother Lifeforce,1125,44,45,46,160,161,0,0,0,101,0,0,9,0,332,,,,
2604,Mute Lifeforce,1126,44,45,46,160,161,0,0,0,292,0,0,9,0,332,,,,
2605,Stifle Lifeforce,1126,44,45,46,160,161,0,0,0,292,0,0,9,0,332,,,,
2606,Suppress Lifeforce,1126,44,45,46,160,161,0,0,0,292,0,0,9,0,332,,,,
2607,Silence Lifeforce,1127,44,45,46,160,161,0,0,0,292,0,0,9,0,332,,,,
2608,Hush Lifeforce,1127,44,45,46,160,161,0,0,0,88,0,0,9,0,332,,,,
2609,Stifle Lifeforce,1128,44,45,46,160,161,0,0,0,88,0,0,9,0,332,,,,
2610,Extinguish Lifeforce,1129,44,45,46,160,161,0,0,0,88,0,0,9,0,332,,,,
2611,Gloom Wave,2790,47,48,49,160,161,0,150,0,86,0,0,21,0,332,,,,
2612,Murk Wave,2790,47,48,49,160,161,0,150,0,86,0,0,21,0,332,,,,
2613,Dusk Wave,2790,47,48,49,160,161,0,150,0,86,0,0,21,0,332,,,,
2614,Shadow Wave,2791,47,48,49,160,161,0,151,0,86,0,0,21,0,332,,,,
2615,Dark Wave,2791,47,48,49,160,161,0,151,0,86,0,0,21,0,332,,,,
2616,Night Wave,2792,47,48,49,160,161,0,151,0,87,0,0,21,0,332,,,,
2617,Black Wave,2792,47,48,49,160,161,0,152,0,87,0,0,21,0,332,,,,
2618,Pitch Wave,2793,47,48,49,160,161,0,152,0,87,0,0,21,0,332,,,,
2619,Umbral Wave,2794,47,48,49,160,161,0,152,0,87,0,0,21,0,332,,,,
2621,Cover Eyes,1565,35,36,37,160,161,0,0,0,154,0,0,2,0,332,,,,
2622,Dull Sight,1565,35,36,37,160,161,0,0,0,154,0,0,2,0,332,,,,
2623,Obscure View,1566,35,36,37,160,161,0,0,0,154,0,0,2,0,332,,,,
2624,Darken Vision,1566,35,36,37,160,161,0,0,0,154,0,0,2,0,332,,,,
2625,Ban Sight,1567,35,36,37,160,161,0,0,0,154,0,0,2,0,332,,,,
2626,Curse of Blindness,1568,35,36,37,160,161,0,0,0,154,0,0,2,0,332,,,,
2627,Greater Curse of Blindness,1569,35,36,37,160,161,0,0,0,154,0,0,2,0,332,,,,
2631,Dampen Health,1217,35,36,37,160,161,0,0,0,66,0,0,2,0,332,,,,
2632,Suppress Health,1218,35,36,37,160,161,0,0,0,66,0,0,2,0,332,,,,
2633,Extinguish Health,1219,35,36,37,160,161,0,0,0,66,0,0,2,0,332,,,,
2634,Dampen Spirit,1222,35,36,37,160,161,0,0,0,148,0,0,2,0,332,,,,
2635,Suppress Spirit,1223,35,36,37,160,161,0,0,0,148,0,0,2,0,332,,,,
2636,Extinguish Spirit,1224,35,36,37,160,161,0,0,0,148,0,0,2,0,332,,,,
2637,Dampen Capacity,1227,35,36,37,160,161,0,0,0,156,0,0,2,0,332,,,,
2638,Suppress Capacity,1228,35,36,37,160,161,0,0,0,156,0,0,2,0,332,,,,
2639,Extinguish Capacity,1229,35,36,37,160,161,0,0,0,156,0,0,2,0,332,,,,
2640,Shroud of Gloom,917,35,36,37,160,161,0,0,0,86,154,0,2,86,332,,,,
2641,Shroud of Shadow,918,35,36,37,160,161,0,0,0,86,154,0,2,86,332,,,,
2642,Shroud of Pitch,918,35,36,37,160,161,0,0,0,87,154,0,2,87,332,,,,
2643,Umbral Shroud,919,35,36,37,160,161,0,0,0,87,154,0,2,87,332,,,,
2644,Hel's Control,1456,32,33,34,55,69,56,0,0,113,0,0,13,0,332,,,,
2645,Hel's Possession,1457,32,33,34,55,69,80,0,0,113,0,0,13,0,332,,,,
2646,Hel's Dominion,1458,32,33,34,55,69,80,0,0,113,0,0,13,0,332,,,,
;,,,,,,,,,,,,,,,,,,,,
;2650,Suppression,,,,,,,,,,,,,,,,,,,
2651,Lessen Strength,1130,35,36,37,160,161,0,0,0,65,0,0,2,0,332,,,,
2652,Diffuse Strength,1130,35,36,37,160,161,0,0,0,65,0,0,2,0,332,,,,
2653,Disperse Strength,1131,35,36,37,160,161,0,0,0,65,0,0,2,0,332,,,,
2654,Suppress Strength,1131,35,36,37,160,161,0,0,0,66,0,0,2,0,332,,,,
2655,Quell Strength,1131,35,36,37,160,161,0,0,0,66,0,0,2,0,332,,,,
2656,Abolish Strength,1132,35,36,37,160,161,0,0,0,88,0,0,2,0,332,,,,
2657,Extinguish Strength,1133,35,36,37,160,161,0,0,0,88,0,0,2,0,332,,,,
2658,Annihilate Strength,1134,35,36,37,160,161,0,0,0,88,0,0,2,0,332,,,,
2661,Minor Magic Shield,985,32,33,34,160,161,0,0,0,158,0,0,9,0,332,,,,
2662,Lesser Magic Shield,985,32,33,34,160,161,0,0,0,158,272,0,9,0,332,,,,
2663,Magic Shield,985,32,33,34,160,161,0,0,0,282,0,0,9,0,332,,,,
2664,Major Magic Shield,986,32,33,34,160,161,0,0,0,282,272,0,9,0,332,,,,
2665,Greater Magic Shield,986,32,33,34,160,161,0,0,0,183,0,0,9,0,332,,,,
2666,Superior Magic Shield,987,32,33,34,160,161,0,0,0,183,254,0,9,0,332,,,,
2667,Major Suppressive Barrier,987,32,33,34,160,161,0,0,0,184,0,0,9,0,332,,,,
2668,Greater Suppressive Barrier,988,32,33,34,160,161,0,0,0,184,254,0,9,0,332,,,,
2669,Major Suppressive Barrier,988,32,33,34,160,161,0,0,0,185,0,0,9,0,332,,,,
2670,Major Suppressive Barrier,989,32,33,34,160,161,0,0,0,185,254,0,9,0,332,,,,
2671,Lessen Movement,870,47,48,49,160,161,36,0,0,150,0,0,18,0,332,,,,
2672,Diffuse Movement,870,47,48,49,160,161,36,0,0,150,0,0,18,0,332,,,,
2673,Disperse Movement,871,47,48,49,160,161,36,0,0,150,0,0,18,0,332,,,,
2674,Suppress Movement,871,47,48,49,160,161,36,0,0,151,0,0,18,0,332,,,,
2675,Quell Movement,872,47,48,49,160,161,36,0,0,281,0,0,18,0,332,,,,
2676,Abolish Movement,872,47,48,49,160,161,36,0,0,281,0,0,18,0,332,,,,
2677,Extinguish Movement,873,47,48,49,160,161,36,0,0,281,0,0,18,0,332,,,,
2678,Annihilate Movement,874,47,48,49,160,161,36,0,0,281,0,0,18,0,332,,,,
2681,Magical Buffer,1268,32,33,34,160,161,0,0,0,158,0,0,9,0,332,,,,
2682,Suppressive Buffer,1269,32,33,34,160,161,0,0,0,283,0,0,9,0,332,,,,
;,,,,,,,,,,,,,,,,,,,,
;2700,Runes of Suppression,,,,,,,,,,,,,,,,,,,
2701,Minor Entrapping Rune,1055,44,45,46,160,161,0,0,0,41,228,0,9,0,332,,,,
2702,Lesser Entrapping Rune,1055,44,45,46,160,161,0,0,0,41,228,0,9,0,332,,,,
2703,Entrapping Rune,1055,44,45,46,160,161,0,0,0,41,228,0,9,0,332,,,,
2704,Lesser Tangling Rune,1056,44,45,46,160,161,0,0,0,54,228,0,9,0,332,,,,
2705,Tangling Rune,1056,44,45,46,160,161,0,0,0,54,228,0,9,0,332,,,,
2706,Lesser Snaring Rune,1057,44,45,46,160,161,0,0,0,54,228,0,9,0,332,,,,
2707,Snaring Rune,1057,44,45,46,160,161,0,0,0,182,228,0,9,0,332,,,,
2708,Lesser Rune of Mazing,1058,44,45,46,160,161,0,0,0,182,228,0,9,0,332,,,,
2709,Rune of Mazing,1059,44,45,46,160,161,0,0,0,182,228,0,9,0,332,,,,
2711,Hugin's Affliction,1310,35,36,37,160,161,0,0,0,79,0,0,9,0,332,,,,
2712,Hugin's Malison,1310,35,36,37,160,161,0,0,0,79,0,0,9,0,332,,,,
2713,Hugin's Curse,1311,35,36,37,160,161,0,0,0,79,0,0,9,0,332,,,,
2714,Hugin's Vex,1311,35,36,37,160,161,0,0,0,80,0,0,9,0,332,,,,
2715,Hugin's Damnation,1312,35,36,37,160,161,0,0,0,80,0,0,9,0,332,,,,
2716,Hugin's Vilification,1313,35,36,37,160,161,0,0,0,80,0,0,9,0,332,,,,
2717,Hugin's Malediction,1314,35,36,37,160,161,0,0,0,80,0,0,9,0,332,,,,
2721,Runic Ward,1410,32,33,34,160,161,0,0,0,35,272,0,9,0,332,,,,
2722,Runic Fend,1411,32,33,34,160,161,0,0,0,35,272,0,9,0,332,,,,
2723,Runic Shield,1412,32,33,34,160,161,0,0,0,35,272,0,9,0,332,,,,
2724,Runic Guard,1412,32,33,34,160,161,0,0,0,35,254,0,9,0,332,,,,
2725,Runic Barrier,1413,32,33,34,160,161,0,0,0,35,254,0,9,0,332,,,,
2726,Runic Wall,1414,32,33,34,160,161,0,0,0,35,254,0,9,0,332,,,,
2731,Suppress Sight,1315,35,36,37,160,161,0,0,0,83,0,0,9,0,332,,,,
2732,Suppress Vision,1316,35,36,37,160,161,0,0,0,83,0,0,9,0,332,,,,
2733,Suppress View,1317,35,36,37,160,161,0,0,0,83,0,0,9,0,332,,,,
2734,Diminish Sight,1318,35,36,37,160,161,0,0,0,83,0,0,9,0,332,,,,
2735,Diminish Vision,1319,35,36,37,160,161,0,0,0,83,0,0,9,0,332,,,,
2741,Field of Suppression,1470,44,45,46,160,161,0,0,0,292,296,0,9,292,332,,,,
2742,Field of Slackening,1470,44,45,46,160,161,0,0,0,292,296,0,9,292,332,,,,
2743,Field of Entrapping,1471,44,45,46,160,161,0,0,0,292,296,0,9,292,332,,,,
2744,Field of Snaring,1472,44,45,46,160,161,0,0,0,292,296,0,9,292,332,,,,
2745,Field of Tangling,1473,44,45,46,160,161,0,0,0,292,296,0,9,292,332,,,,
2746,Field of Mazing,1474,44,45,46,160,161,0,0,0,292,296,0,9,292,332,,,,
;,,,,,,,,,,,,,,,,,,,,
;2750,Spirit Suppression,,,,,,,,,,,,,,,,,,,
2751,Scatter Fervor,1320,35,36,37,160,161,0,0,0,296,0,0,2,0,332,,,,
2752,Diffuse Fervor,1320,35,36,37,160,161,0,0,0,296,0,0,2,0,332,,,,
2753,Disperse Fervor,1321,35,36,37,160,161,0,0,0,296,0,0,2,0,332,,,,
2754,Dissipate Fervor,1321,35,36,37,160,161,0,0,0,296,0,0,2,0,332,,,,
2755,Scatter Zeal,1322,35,36,37,160,161,0,0,0,296,0,0,2,0,332,,,,
2756,Diffuse Zeal,1322,35,36,37,160,161,0,0,0,296,0,0,2,0,332,,,,
2757,Disperse Zeal,1323,35,36,37,160,161,0,0,0,296,0,0,2,0,332,,,,
2758,Dissipate Zeal,1324,35,36,37,160,161,0,0,0,296,0,0,2,0,332,,,,
2761,Weaken Strength,315,35,36,37,160,161,0,0,0,129,0,0,2,129,332,,,,
2762,Attenuate Strength,315,35,36,37,160,161,0,0,0,129,0,0,2,129,332,,,,
2763,Undermine Strength,316,35,36,37,160,161,0,0,0,129,0,0,2,129,332,,,,
2764,Enfeeble Strength,316,35,36,37,160,161,0,0,0,129,0,0,2,129,332,,,,
2765,Impair Strength,317,35,36,37,160,161,0,0,0,129,0,0,2,129,332,,,,
2766,Debilitate Strength,318,35,36,37,160,161,0,0,0,129,0,0,2,129,332,,,,
2767,Emasculate Strength,319,35,36,37,160,161,0,0,0,129,0,0,2,129,332,,,,
2771,Cripple Spirit,1330,32,33,34,160,161,0,0,0,86,0,0,27,0,332,,,,
2772,Hold Spirit,1330,32,33,34,160,161,0,0,0,86,0,0,27,0,332,,,,
2773,Pin Spirit,1331,32,33,34,160,161,0,0,0,86,0,0,27,0,332,,,,
2774,Lock Spirit,1331,32,33,34,160,161,0,0,0,86,0,0,27,0,332,,,,
2775,Immobilize Spirit,1332,32,33,34,160,161,0,0,0,86,0,0,27,0,332,,,,
2776,Disable Spirit,1332,32,33,34,160,161,0,0,0,87,0,0,27,0,332,,,,
2777,Paralyze Spirit,1333,32,33,34,160,161,0,0,0,87,0,0,27,0,332,,,,
2778,Petrify Spirit,1334,32,33,34,160,161,0,0,0,87,0,0,27,0,332,,,,
2781,Spirit Flow,1145,32,33,34,160,161,0,0,0,178,0,0,8,0,332,,,,
2782,Spirit Wave,1145,32,33,34,160,161,0,0,0,178,0,0,8,0,332,,,,
2783,Spirit Flux,1146,32,33,34,160,161,0,0,0,178,0,0,8,0,332,,,,
2784,Spirit Fount,1146,32,33,34,160,161,0,0,0,178,0,0,8,0,332,,,,
2785,Spirit Flood,1147,32,33,34,160,161,0,0,0,178,0,0,8,0,332,,,,
2786,Spirit Surge,1148,32,33,34,160,161,0,0,0,178,0,0,8,0,332,,,,
2787,Spirit Confluence,1149,32,33,34,160,161,0,0,0,178,0,0,8,0,332,,,,
2791,Soul Dissipation,970,47,48,49,160,161,284,275,0,88,0,0,21,88,332,,,,
2792,Soul Dispersal,970,47,48,49,160,161,284,275,0,88,0,0,21,88,332,,,,
2793,Soul Blast,971,47,48,49,160,161,284,275,0,88,0,0,21,88,332,,,,
2794,Soul Explosion,971,47,48,49,160,161,284,275,0,88,0,0,21,88,332,,,,
2795,Soul Banish,972,47,48,49,160,161,284,276,0,88,0,0,21,88,332,,,,
2796,Soul Destruction,973,47,48,49,160,161,284,276,0,88,0,0,21,88,332,,,,
2797,Soul Annihilation,974,47,48,49,160,161,284,276,0,88,0,0,21,88,332,,,,
2798,Spirit Purge,1279,32,33,34,160,161,0,0,0,308,0,0,8,0,332,,,,
;,,,,,,,,,,,,,,,,,,,,
;2800,Summoning,,,,,,,,,,,,,,,,,,,
2801,Summon Spirit Fighter,1475,38,39,40,160,161,0,0,0,286,0,0,2,0,332,,,,
2802,Summon Spirit Soldier,1476,38,39,40,160,161,0,0,0,286,0,0,2,0,332,,,,
2803,Summon Spirit Swordsman,1477,38,39,40,160,161,0,0,0,286,0,0,2,0,332,,,,
2804,Summon Spirit Warrior,1478,38,39,40,160,161,0,0,0,286,0,0,2,0,332,,,,
2805,Summon Spirit Champion,1479,38,39,40,160,161,0,0,0,286,0,0,2,0,332,,,,
2811,Renew Spirit,1185,32,33,34,160,161,0,0,0,178,0,0,2,0,332,,,,
2812,Recover Spirit,1185,32,33,34,160,161,0,0,0,178,0,0,2,0,332,,,,
2813,Refresh Spirit,1186,32,33,34,160,161,0,0,0,178,0,0,2,0,332,,,,
2814,Reconstitute Spirit,1186,32,33,34,160,161,0,0,0,179,0,0,2,0,332,,,,
2815,Replenish Spirit,1187,32,33,34,160,161,0,0,0,179,0,0,2,0,332,,,,
2816,Rejuvenate Spirit,1187,32,33,34,160,161,0,0,0,179,0,0,2,0,332,,,,
2817,Restore Spirit,1188,32,33,34,160,161,0,0,0,179,0,0,2,0,332,,,,
2818,Regenerate Spirit,1189,32,33,34,160,161,0,0,0,179,0,0,2,0,332,,,,
2821,Protecting Spirit,1410,32,33,34,160,161,0,0,0,35,0,0,9,0,332,,,,
;,,,,,,,,,,,,,,,,,,,,
;2850,Spirit Enhancement,,,,,,,,,,,,,,,,,,,
2851,Spirit's Revenge,1105,35,36,37,160,161,0,0,0,154,0,0,13,0,332,,,,
2852,Spirit's Vengeance,1105,35,36,37,160,161,0,0,0,154,0,0,13,0,332,,,,
2853,Spirit's Retaliation,1106,35,36,37,160,161,0,0,0,154,0,0,13,0,332,,,,
2854,Spirit's Vendetta,1106,35,36,37,160,161,0,0,0,154,0,0,13,0,332,,,,
2855,Spirit's Reckoning,1107,35,36,37,160,161,0,0,0,284,0,0,13,0,332,,,,
2856,Spirit's Retribution,1107,35,36,37,160,161,0,0,0,284,0,0,13,0,332,,,,
2857,Spirit's Vindication,1108,35,36,37,160,161,0,0,0,284,0,0,13,0,332,,,,
2858,Spirit's Justification,1109,35,36,37,160,161,0,0,0,284,0,0,13,0,332,,,,
2859,Vigor of Valhalla,1180,32,33,34,160,161,0,0,0,137,0,0,10,0,332,,,,
2860,Strength of Valhalla,1180,32,33,34,160,161,0,0,0,137,0,0,10,0,332,,,,
2861,Zest of Valhalla,1181,32,33,34,160,161,0,0,0,137,0,0,10,0,332,,,,
2862,Energy of Valhalla,1181,32,33,34,160,161,0,0,0,137,0,0,10,0,332,,,,
2863,Vitality of Valhalla,1182,32,33,34,160,161,0,0,0,137,0,0,10,0,332,,,,
2864,Might of Valhalla,1183,32,33,34,160,161,0,0,0,137,0,0,10,0,332,,,,
2865,Force of Valhalla,1184,32,33,34,160,161,0,0,0,137,0,0,10,0,332,,,,
2866,Valkyrie's Agility,1190,32,33,34,160,161,0,0,0,16,0,0,2,0,332,,,,
2867,Valkyrie's Nimbleness,1190,32,33,34,160,161,0,0,0,16,0,0,2,0,332,,,,
2868,Valkyrie's Quickness,1191,32,33,34,160,161,0,0,0,16,0,0,2,0,332,,,,
2869,Valkyrie's Vivacity,1191,32,33,34,160,161,0,0,0,16,0,0,2,0,332,,,,
2870,Valkyrie's Spirit,1192,32,33,34,160,161,0,0,0,16,0,0,2,0,332,,,,
2871,Valkyrie's Vigilance,1192,32,33,34,160,161,0,0,0,16,0,0,2,0,332,,,,
2872,Valkyrie's Haste,1193,32,33,34,160,161,0,0,0,16,0,0,2,0,332,,,,
2873,Valkyrie's Alacrity,1194,32,33,34,160,161,0,0,0,16,0,0,2,0,332,,,,
2874,Gift of the Fallen,1400,35,36,37,160,161,0,0,0,286,272,0,9,0,332,,,,
2875,Blessing of the Fallen,1400,35,36,37,160,161,0,0,0,286,272,0,9,0,332,,,,
2876,Boon of the Fallen,1401,35,36,37,160,161,0,0,0,286,272,0,9,0,332,,,,
2877,Benison of the Fallen,1402,35,36,37,160,161,0,0,0,283,272,0,9,0,332,,,,
2878,Imbuement of the Fallen,1403,35,36,37,160,161,0,0,0,283,272,0,9,0,332,,,,
2879,Infusion of the Fallen,1404,35,36,37,160,161,0,0,0,283,272,0,9,0,332,,,,
2880,Restore Spirit,1018,38,39,40,1,2,0,0,0,15,0,0,8,0,332,,,,
2881,Tenacious Warrior Spirit,2178,35,36,37,160,161,0,0,0,289,272,0,9,0,332,,,,
2882,Indomitable Warrior Spirit,2179,35,36,37,160,161,0,0,0,301,272,0,9,0,332,,,,
2883,Spirit of Melee,2170,32,33,34,160,161,0,0,0,18,0,0,2,0,332,,,,
2884,Spirit of Attack,2171,32,33,34,160,161,0,0,0,18,313,0,2,0,332,,,,
2885,Spirit of Combat,2172,32,33,34,160,161,0,0,0,18,313,0,2,0,332,,,,
2886,Spirit of Battle,2172,32,33,34,160,161,0,0,0,18,314,0,2,0,332,,,,
2887,Spirit of War,2173,32,33,34,160,161,0,0,0,18,314,0,2,0,332,,,,
2888,Spirit of Strife,2174,32,33,34,160,161,0,0,0,18,315,0,2,0,332,,,,
2889,Hinder Prey,2182,44,45,46,160,161,0,0,0,19,0,0,9,0,332,,,,
2890,Snaring Blow,2183,44,45,46,160,161,0,0,0,20,272,0,9,0,332,,,,
2891,Hunter's Trap,2184,44,45,46,160,161,0,0,0,20,272,0,9,0,332,,,,
2892,Hinder Prey,2182,0,0,0,0,0,0,0,0,84,272,0,27,0,332,,,,
2893,Snaring Blow,2183,0,0,0,0,0,0,0,0,228,0,0,27,0,332,,,,
2894,Hunter's Trap,2184,0,0,0,0,0,0,0,0,296,0,0,27,0,332,,,,
;,,,,,,,,,,,,,,,,,,,,
;,,,,,,,,,,,,,,,,,,,,
;,,,,,,,,,,,,,,,,,,,,
;,,,,,,,,,,,,,,,,,,,,
;2900,Runecarving,,,,,,,,,,,,,,,,,,,
2901,Simple Runebolt,1335,16,17,18,160,161,0,0,157,256,0,0,12,0,332,,,,
2902,Minor Runebolt,1335,16,17,18,160,161,0,0,157,256,0,0,12,0,332,,,,
2903,Lesser Runebolt,1335,16,17,18,160,161,0,0,157,256,0,0,12,0,332,,,,
2904,Runebolt,1336,16,17,18,160,161,0,0,157,257,0,0,12,0,332,,,,
2905,Major Runebolt,1336,16,17,18,160,161,0,0,157,257,0,0,12,0,332,,,,
2906,Greater Runebolt,1337,16,17,18,160,161,0,0,157,257,0,0,12,0,332,,,,
2907,Superior Runebolt,1337,16,17,18,160,161,0,0,157,257,0,0,12,0,332,,,,
2908,Supreme Runebolt,1338,16,17,18,160,161,0,0,157,258,0,0,12,0,332,,,,
2909,Sovereign Runebolt,1339,16,17,18,160,161,0,0,157,258,0,0,12,0,332,,,,
2911,Token of Destruction,1340,44,45,46,160,161,0,0,0,114,0,0,12,0,332,,,,
2912,Stamp of Destruction,1340,44,45,46,160,161,0,0,0,163,0,0,12,0,332,,,,
2913,Note of Destruction,1341,44,45,46,160,161,0,0,0,164,0,0,12,0,332,,,,
2914,Mark of Destruction,1341,44,45,46,160,161,0,0,0,115,0,0,12,0,332,,,,
2915,Insignia of Destruction,1342,44,45,46,160,161,0,0,0,115,264,0,12,0,332,,,,
2916,Symbol of Destruction,1342,44,45,46,160,161,0,0,0,116,81,0,12,0,332,,,,
2917,Seal of Destruction,1343,44,45,46,160,161,0,0,0,165,0,0,12,0,332,,,,
2918,Signet of Destruction,1343,44,45,46,160,161,0,0,0,166,0,0,12,0,332,,,,
2919,Rune of Destruction,1344,44,45,46,160,161,0,0,0,167,0,0,12,0,332,,,,
2921,Token of Movement,320,47,48,49,160,161,0,0,0,173,0,0,15,0,332,,,,
2922,Mark of Movement,321,47,48,49,160,161,0,0,0,173,0,0,15,0,332,,,,
2923,Symbol of Movement,322,47,48,49,160,161,0,0,0,173,0,0,15,0,332,,,,
2924,Seal of Movement,323,47,48,49,160,161,0,0,0,173,0,0,15,0,332,,,,
2925,Rune of Movement,324,47,48,49,160,161,0,0,0,173,0,0,15,0,332,,,,
;,,,,,,,,,,,,,,,,,,,,
;,,,,,,,,,,,,,,,,,,,,
;,,,,,,,,,,,,,,,,,,,,
;2950,Runes of Destruction,,,,,,,,,,,,,,,,,,,
2951,Odin's Ire,970,47,48,49,160,161,0,0,0,0,144,0,6,163,332,,,,
2952,Odin's Grudge,970,47,48,49,160,161,0,0,0,0,144,0,6,114,332,,,,
2953,Odin's Anger,971,47,48,49,160,161,0,0,0,0,144,0,6,114,332,,,,
2954,Odin's Rage,971,47,48,49,160,161,0,0,0,0,144,0,6,115,332,,,,
2955,Odin's Frenzy,972,47,48,49,160,161,0,0,0,0,144,0,6,115,332,,,,
2956,Odin's Wrath,972,38,39,40,160,161,0,0,0,0,144,0,22,116,332,,,,
2957,Odin's Vengeance,973,38,39,40,160,161,0,0,0,0,144,0,22,116,332,,,,
2958,Odin's Hatred,974,38,39,40,160,161,0,0,0,0,144,0,22,264,332,,,,
2961,Lesser Sigil of Ruin,1345,16,17,18,160,161,0,0,157,256,0,0,12,0,332,,,,
2962,Sigil of Ruin,1345,16,17,18,160,161,0,0,157,256,0,0,12,0,332,,,,
2963,Lesser Sigil of Havoc,1345,16,17,18,160,161,0,0,157,256,0,0,12,0,332,,,,
2964,Sigil of Havoc,1346,16,17,18,160,161,0,0,157,257,0,0,12,0,332,,,,
2965,Lesser Sigil of Destruction,1346,16,17,18,160,161,0,0,157,257,0,0,12,0,332,,,,
2966,Sigil of Destruction,1347,16,17,18,160,161,0,0,157,257,0,0,12,0,332,,,,
2967,Lesser Sigil of Devastation,1347,16,17,18,160,161,0,0,157,258,0,0,12,0,332,,,,
2968,Sigil of Devastation,1348,16,17,18,160,161,0,0,157,258,0,0,12,0,332,,,,
2969,Lesser Sigil of Undoing,1348,16,17,18,160,161,0,0,157,259,0,0,12,0,332,,,,
2970,Sigil of Undoing,1349,16,17,18,160,161,0,0,157,259,0,0,12,0,332,,,,
2971,Vex of Heat,1217,35,36,37,160,161,0,0,0,163,0,0,6,0,332,,,,
2972,Vex of Fire,1218,35,36,37,160,161,0,0,0,164,0,0,6,0,332,,,,
2973,Vex of Flames,1219,35,36,37,160,161,0,0,0,264,0,0,6,0,332,,,,
2974,Vex of Cold,1482,35,36,37,160,161,0,0,0,91,0,0,20,0,332,,,,
2975,Vex of Frost,1483,35,36,37,160,161,0,0,0,92,0,0,20,0,332,,,,
2976,Vex of Ice,1484,35,36,37,160,161,0,0,0,93,0,0,20,0,332,,,,
2977,Vex of Soil,1487,35,36,37,160,161,0,0,0,173,0,0,18,0,332,,,,
2978,Vex of Dirt,1488,35,36,37,160,161,0,0,0,171,0,0,18,0,332,,,,
2979,Vex of Earth,1489,35,36,37,160,161,0,0,0,170,0,0,18,0,332,,,,
2981,Mark of Ruin,1571,47,48,49,160,161,0,0,0,163,0,0,6,163,332,,,,
2982,Mark of Havoc,1572,47,48,49,160,161,0,0,0,163,0,0,6,163,332,,,,
2983,Mark of Devastation,1573,47,48,49,160,161,0,0,0,164,0,0,6,164,332,,,,
2984,Mark of Undoing,1574,47,48,49,160,161,0,0,0,164,0,0,6,164,332,,,,
2991,Mark of Ruin,1571,47,48,49,160,161,0,0,0,257,0,0,6,88,332,,,,
2992,Mark of Havoc,1572,47,48,49,160,161,0,0,0,258,0,0,6,88,332,,,,
2993,Mark of Devastation,1573,47,48,49,160,161,0,0,0,259,0,0,6,88,332,,,,
2994,Mark of Undoing,1574,47,48,49,160,161,0,0,0,260,0,0,6,88,332,,,,
;,,,,,,,,,,,,,,,,,,,,
;,,,,,,,,,,,,,,,,,,,,
;,,,,,,,,,,,,,,,,,,,,
;,HEALER,,,,,,,,,,,,,,,,,,,
;3000,Mending,,,,,,,,,,,,,,,,,,,
3001,Minor Mending,350,32,33,34,1,2,0,0,0,4,0,0,8,0,332,,,,
3002,Minor Refinement,350,32,33,34,1,2,0,0,0,4,0,0,8,0,332,,,,
3003,Minor Improvement,350,32,33,34,1,2,0,0,0,25,0,0,8,0,332,,,,
3004,Minor Reconstitution,350,32,33,34,1,2,0,0,0,25,0,0,8,0,332,,,,
3005,Minor Amelioration,351,32,33,34,1,2,0,0,0,178,0,0,8,0,332,,,,
3006,Minor Purification,351,32,33,34,1,2,0,0,0,178,0,0,8,0,332,,,,
3007,Minor Recovery,352,32,33,34,1,2,0,0,0,178,0,0,8,0,332,,,,
3008,Minor Reparation,352,32,33,34,1,2,0,0,0,178,0,0,8,0,332,,,,
3009,Minor Restoration,353,32,33,34,1,2,0,0,0,178,0,0,8,0,332,,,,
3010,Minor Reconstruction,353,32,33,34,1,2,0,0,0,178,0,0,8,0,332,,,,
3011,Minor Emendation,354,32,33,34,1,2,0,0,0,178,0,0,8,0,332,,,,
3021,Refinement,365,32,33,34,1,2,0,0,0,178,0,0,8,0,332,,,,
3022,Improvement,365,32,33,34,1,2,0,0,0,178,0,0,8,0,332,,,,
3023,Reconstitution,365,32,33,34,1,2,0,0,0,178,0,0,8,0,332,,,,
3024,Amelioration,366,32,33,34,1,2,0,0,0,179,0,0,8,0,332,,,,
3025,Purification,366,32,33,34,1,2,0,0,0,179,0,0,8,0,332,,,,
3026,Recovery,366,32,33,34,1,2,0,0,0,179,0,0,8,0,332,,,,
3027,Reparation,367,32,33,34,1,2,0,0,0,179,0,0,8,0,332,,,,
3028,Restoration,367,32,33,34,1,2,0,0,0,179,0,0,8,0,332,,,,
3029,Reconstruction,368,32,33,34,1,2,0,0,0,179,0,0,8,0,332,,,,
3030,Emendation,369,32,33,34,1,2,0,0,0,181,0,0,8,0,332,,,,
3031,Arrival from Valhalla,355,38,39,40,1,2,0,0,0,15,0,0,8,0,332,,,,
3041,Group Reparation,360,32,33,34,1,2,0,0,0,232,305,0,8,0,332,,,,
3042,Group Purification,361,32,33,34,1,2,0,0,0,233,305,0,8,0,332,,,,
3043,Group Restoration,362,32,33,34,1,2,0,0,0,233,305,0,8,0,332,,,,
3044,Group Emendation,364,32,33,34,1,2,0,0,0,234,305,0,8,0,332,,,,
;,,,,,,,,,,,,,,,,,,,,
;3050,Healer Mending Spec,,,,,,,,,,,,,,,,,,,
3051,Major Reconstitution,810,32,33,34,1,2,0,0,0,179,0,0,8,0,332,,,,
3052,Major Amelioration,810,32,33,34,1,2,0,0,0,179,0,0,8,0,332,,,,
3053,Major Purification,811,32,33,34,1,2,0,0,0,179,0,0,8,0,332,,,,
3054,Major Recovery,811,32,33,34,1,2,0,0,0,180,0,0,8,0,332,,,,
3055,Major Reparation,811,32,33,34,1,2,0,0,0,180,0,0,8,0,332,,,,
3056,Major Restoration,812,32,33,34,1,2,0,0,0,180,0,0,8,0,332,,,,
3057,Major Reconstruction,813,32,33,34,1,2,0,0,0,180,0,0,8,0,332,,,,
3058,Major Emendation,814,32,33,34,1,2,0,0,0,180,0,0,8,0,332,,,,
3061,Greater Amelioration,820,32,33,34,1,2,0,0,0,179,0,0,8,0,332,,,,
3062,Greater Purification,820,32,33,34,1,2,0,0,0,179,0,0,8,0,332,,,,
3063,Greater Recovery,821,32,33,34,1,2,0,0,0,179,0,0,8,0,332,,,,
3064,Greater Reparation,821,32,33,34,1,2,0,0,0,180,0,0,8,0,332,,,,
3065,Greater Restoration,822,32,33,34,1,2,0,0,0,180,0,0,8,0,332,,,,
3066,Greater Reconstruction,823,32,33,34,1,2,0,0,0,181,0,0,8,0,332,,,,
3067,Greater Emendation,824,32,33,34,1,2,0,0,0,181,0,0,8,0,332,,,,
3071,Cure Disease,396,41,42,43,1,2,0,0,0,177,175,0,8,0,332,,,,
3072,Cure Poison,395,41,42,43,1,2,0,0,0,176,175,0,8,0,332,,,,
3075,Reception from Valhalla,375,38,39,40,1,2,0,0,0,15,0,0,8,0,332,,,,
3076,Welcome from Valhalla,375,38,39,40,1,2,0,0,0,15,0,0,8,0,332,,,,
3077,Remigration from Valhalla,376,38,39,40,1,2,0,0,0,15,0,0,8,0,332,,,,
3081,Favor from Eir,356,38,39,40,1,2,0,0,0,232,0,0,8,0,332,,,,
3082,Boon from Eir,357,38,39,40,1,2,0,0,0,232,0,0,8,0,332,,,,
3083,Dispensation from Eir,358,38,39,40,1,2,0,0,0,232,0,0,8,0,332,,,,
3084,Tribute from Eir,359,38,39,40,1,2,0,0,0,232,0,0,8,0,332,,,,
3085,Eir's Glorious Touch,847,38,39,40,1,2,0,0,0,234,0,0,8,0,332,,,,
3086,Eir's Magnificent Touch,848,38,39,40,1,2,0,0,0,234,0,0,8,0,332,,,,
3087,Eir's Heavenly Touch,849,38,39,40,1,2,0,0,0,234,0,0,8,0,332,,,,
3088,Favor of Battle,801,38,39,40,1,2,0,0,0,232,0,0,8,0,332,,,,
3089,Boon of Battle,802,38,39,40,1,2,0,0,0,232,0,0,8,0,332,,,,
3090,Dispensation of Battle,803,38,39,40,1,2,0,0,0,232,0,0,8,0,332,,,,
3091,Tribute of Battle,804,38,39,40,1,2,0,0,0,232,0,0,8,0,332,,,,
3092,Ancestor's Gift,392,38,39,40,1,2,0,232,0,178,0,0,8,0,332,,,,
3099,Ancestor's Favor,393,38,39,40,1,2,0,233,0,178,0,0,8,0,332,,,,
3100,Ancestor's Boon,394,38,39,40,1,2,0,234,0,179,0,0,8,0,332,,,,
;,,,,,,,,,,,,,,,,,,,,
;3100,Shaman Mend Spec,,,,,,,,,,,,,,,,,,,
3101,Major Reconstitution,820,32,33,34,1,2,0,0,0,178,0,0,8,0,332,,,,
3102,Major Amelioration,820,32,33,34,1,2,0,0,0,178,0,0,8,0,332,,,,
3103,Major Purification,821,32,33,34,1,2,0,0,0,178,0,0,8,0,332,,,,
3104,Major Recovery,821,32,33,34,1,2,0,0,0,179,0,0,8,0,332,,,,
3105,Major Reparation,822,32,33,34,1,2,0,0,0,179,0,0,8,0,332,,,,
3106,Major Restoration,822,32,33,34,1,2,0,0,0,180,0,0,8,0,332,,,,
3107,Major Reconstruction,823,32,33,34,1,2,0,0,0,180,0,0,8,0,332,,,,
3108,Major Emendation,824,32,33,34,1,2,0,0,0,181,0,0,8,0,332,,,,
3111,Frigg's Antidote,370,32,33,34,1,2,0,0,0,77,0,0,8,0,332,,,,
3112,Frigg's Medicant,370,32,33,34,1,2,0,0,0,77,0,0,8,0,332,,,,
3113,Frigg's Cure,371,32,33,34,1,2,0,0,0,77,0,0,8,0,332,,,,
3114,Frigg's Elixir,371,32,33,34,1,2,0,0,0,77,0,0,8,0,332,,,,
3115,Frigg's Panacea,372,32,33,34,1,2,0,0,0,78,0,0,8,0,332,,,,
3116,Frigg's Remedy,373,32,33,34,1,2,0,0,0,78,0,0,8,0,332,,,,
3117,Frigg's Balm,374,32,33,34,1,2,0,0,0,78,175,0,8,0,332,,,,
3121,Reception from Valhalla,376,38,39,40,1,2,0,0,0,15,0,0,8,0,332,,,,
3125,Cure Disease,396,41,42,43,1,2,0,0,0,177,175,0,8,0,332,,,,
3126,Cure Poison,395,41,42,43,1,2,0,0,0,176,175,0,8,0,332,,,,
3131,Fungal Rejuvenation,4114,32,33,34,1,2,0,0,0,181,0,0,8,0,332,,,,
3132,Fungal Regeneration,4115,32,33,34,1,2,0,0,0,181,0,0,8,0,332,,,,
3133,Fungal Restoration,4116,32,33,34,1,2,0,0,0,181,0,0,8,0,332,,,,
;,,,,,,,,,,,,,,,,,,,,
;3150,Augmentation,,,,,,,,,,,,,,,,,,,
3151,Guardian's Lesser Ward,10,35,36,37,1,2,0,0,0,183,0,0,10,0,332,,,,
3152,Guardian's Ward,10,35,36,37,1,2,0,0,0,183,0,0,10,0,332,,,,
3153,Guardian's Lesser Shield,10,35,36,37,1,2,0,0,0,183,0,0,10,0,332,,,,
3154,Guardian's Shield,11,35,36,37,1,2,0,0,0,183,0,0,10,0,332,,,,
3155,Guardian's Lesser Barrier,11,35,36,37,1,2,0,0,0,184,0,0,10,0,332,,,,
3156,Guardian's Barrier,13,35,36,37,1,2,0,0,0,184,0,0,10,0,332,,,,
3157,Guardian's Lesser Protection,14,35,36,37,1,2,0,0,0,184,0,0,10,0,332,,,,
3158,Guardian's Protection,14,35,36,37,1,2,0,0,0,184,0,0,10,0,332,,,,
3159,Guardian's Lesser Wall,14,35,36,37,1,2,0,0,0,185,0,0,10,0,332,,,,
3160,Guardian's Wall,14,35,36,37,1,2,0,0,0,185,0,0,10,0,332,,,,
3161,Lesser Strength of the Viking,15,38,39,40,145,146,0,0,0,313,0,0,21,0,332,,,,
3162,Strength of the Viking,15,38,39,40,145,146,0,0,0,313,137,0,21,0,332,,,,
3163,Lesser Vigor of the Viking,15,38,39,40,145,146,0,0,0,314,0,0,21,0,332,,,,
3164,Vigor of the Viking,16,38,39,40,145,146,0,0,0,314,137,0,21,0,332,,,,
3165,Lesser Power of the Viking,16,38,39,40,145,146,0,0,0,314,137,0,21,0,332,,,,
3166,Power of the Viking,17,38,39,40,145,146,0,0,0,315,0,0,21,0,332,,,,
3167,Lesser Might of the Viking,18,38,39,40,145,146,0,0,0,315,137,0,21,0,332,,,,
3168,Might of the Viking,19,38,39,40,145,146,0,0,0,315,137,0,21,0,332,,,,
3171,Minor Evasion,20,32,33,34,1,2,0,0,0,16,0,0,10,0,332,,,,
3172,Lesser Evasion,20,32,33,34,1,2,0,0,0,16,0,0,10,0,332,,,,
3173,Evasion,21,32,33,34,1,2,0,0,0,16,0,0,10,0,332,,,,
3174,Major Evasion,22,32,33,34,1,2,0,0,0,16,0,0,10,0,332,,,,
3175,Greater Evasion,23,32,33,34,1,2,0,0,0,16,0,0,10,0,332,,,,
3176,Superior Evasion,24,32,33,34,1,2,0,0,0,16,0,0,10,0,332,,,,
3181,Augment Health,25,32,33,34,1,2,0,0,0,27,137,0,10,0,332,,,,
3182,Increase Health,25,32,33,34,1,2,0,0,0,27,137,0,10,0,332,,,,
3183,Enhance Health,26,32,33,34,1,2,0,0,0,27,137,0,10,0,332,,,,
3184,Strengthen Health,27,32,33,34,1,2,0,0,0,27,137,0,10,0,332,,,,
3185,Exaggerate Health,27,32,33,34,1,2,0,0,0,27,137,0,10,0,332,,,,
3186,Intensify Health,28,32,33,34,1,2,0,0,0,107,137,0,10,0,332,,,,
3187,Amplify Health,29,32,33,34,1,2,0,0,0,107,137,0,10,0,332,,,,
3188,Burgeon Health,29,32,33,34,1,2,0,0,0,107,137,0,10,0,332,,,,
3189,Exalt Health,29,32,33,34,1,2,0,0,0,107,137,0,10,0,332,,,,
;,,,,,,,,,,,,,,,,,,,,
;3200,Healer Augmentation Spec,,,,,,,,,,,,,,,,,,,
3201,Augmented Blow,30,35,36,37,1,2,0,0,0,0,187,0,10,0,332,,,,
3202,Increased Blow,30,35,36,37,1,2,0,0,0,0,187,0,10,0,332,,,,
3203,Enhanced Blow,30,35,36,37,1,2,0,0,0,137,187,0,10,0,332,,,,
3204,Strengthen Blow,31,35,36,37,1,2,0,0,0,137,187,0,10,0,332,,,,
3205,Exaggerated Blow,31,35,36,37,1,2,0,0,0,0,188,0,10,0,332,,,,
3206,Intensified Blow,32,35,36,37,1,2,0,0,0,137,188,0,10,0,332,,,,
3207,Amplified Blow,32,35,36,37,1,2,0,0,0,137,188,0,10,0,332,,,,
3208,Burgeoned Blow,33,35,36,37,1,2,0,0,0,0,189,0,10,0,332,,,,
3209,Exalted Blow,34,35,36,37,1,2,0,0,0,137,189,0,10,0,332,,,,
3211,Lesser Purity of Attack,35,32,33,34,1,2,0,0,0,305,0,0,13,0,332,,,,
3212,Purity of Attack,35,32,33,34,1,2,0,0,0,305,0,0,13,0,332,,,,
3213,Lesser Purity of Offense,36,32,33,34,1,2,0,0,0,305,0,0,13,0,332,,,,
3214,Purity of Offense,37,32,33,34,1,2,0,0,0,305,0,0,13,0,332,,,,
3215,Lesser Purity of Aggression,38,32,33,34,1,2,0,0,0,305,0,0,13,0,332,,,,
3216,Purity of Aggression,39,32,33,34,1,2,0,0,0,305,0,0,13,0,332,,,,
3221,Ease of Movement,1430,32,33,34,1,2,0,0,0,17,0,0,13,0,332,,,,
3222,Flow of Movement,1431,32,33,34,1,2,0,0,0,17,0,0,13,0,332,,,,
3223,Grace of Movement,1432,32,33,34,1,2,0,0,0,17,0,0,13,0,332,,,,
3224,Purity of Movement,1433,32,33,34,1,2,0,0,0,17,0,0,13,0,332,,,,
3225,Elegance of Movement,1434,32,33,34,1,2,0,0,0,17,0,0,13,0,332,,,,
3226,Gods' Health,47,32,33,34,1,2,0,0,0,78,0,0,13,0,332,,,,
3227,Gods' Vigor,48,32,33,34,1,2,0,0,0,78,0,0,13,0,332,,,,
3228,Gods' Potency,49,32,33,34,1,2,0,0,0,78,0,0,13,0,332,,,,
3229,Gods' Drive,52,32,33,34,1,2,0,0,0,77,0,0,13,0,332,,,,
3230,Gods' Will,53,32,33,34,1,2,0,0,0,77,0,0,13,0,332,,,,
3231,Gods' Spirit,54,32,33,34,1,2,0,0,0,77,0,0,13,0,332,,,,
3232,Thunder Affinity,57,32,33,34,1,2,0,0,0,141,0,0,13,0,332,,,,
3233,Storm Affinity,58,32,33,34,1,2,0,0,0,142,0,0,13,0,332,,,,
3234,Lightning Affinity,59,32,33,34,1,2,0,0,0,142,0,0,13,0,332,,,,
3235,Celerity,1416,32,33,34,1,2,0,0,0,295,0,0,13,0,332,,,,
3236,Enhanced Celerity,1417,32,33,34,1,2,0,0,0,295,0,0,13,0,332,,,,
3237,Amplified Celerity,1418,32,33,34,1,2,0,0,0,295,0,0,13,0,332,,,,
3238,Pure Celerity,1419,32,33,34,1,2,0,0,0,295,0,0,13,0,332,,,,
3239,Asgard's Lesser Strength,1575,44,45,46,145,146,0,0,0,141,137,0,21,0,332,,,,
3240,Asgard's Strength,1575,44,45,46,145,146,0,0,0,141,137,0,21,0,332,,,,
3241,Asgard's Lesser Potence,1576,44,45,46,145,146,0,0,0,141,137,0,21,0,332,,,,
3242,Asgard's Potence,1577,44,45,46,145,146,0,0,0,162,137,0,21,0,332,,,,
3243,Asgard's Lesser Might,1578,44,45,46,145,146,0,0,0,162,137,0,21,0,332,,,,
3244,Asgard's Might,1579,44,45,46,145,146,0,0,0,162,137,0,21,0,332,,,,
3245,Asgard's Lesser Defense,1580,44,45,46,145,146,0,0,0,285,254,0,21,0,332,,,,
3246,Asgard's Defense,1581,44,45,46,145,146,0,0,0,285,254,0,21,0,332,,,,
3247,Asgard's Protection,1582,44,45,46,145,146,0,0,0,285,254,0,21,0,332,,,,
3248,Asgard's Deflection,1583,44,45,46,145,146,0,0,0,286,254,0,21,0,332,,,,
3249,Asgard's Greater Deflection,1584,44,45,46,145,146,0,0,0,286,254,0,21,0,332,,,,
;,,,,,,,,,,,,,,,,,,,,
;3250,Shaman Augmentation Spec,,,,,,,,,,,,,,,,,,,
3251,Minor Force of the Deep,60,44,45,46,145,146,0,0,0,190,0,0,18,0,332,,,,
3252,Lesser Force of the Deep,60,44,45,46,145,146,0,0,0,190,0,0,18,0,332,,,,
3253,Force of the Deep,60,44,45,46,145,146,0,0,0,190,0,0,18,0,332,,,,
3254,Major Force of the Deep,61,44,45,46,145,146,0,0,0,171,13,0,18,0,332,,,,
3255,Greater Force of the Deep,61,44,45,46,145,146,0,0,0,171,13,0,18,0,332,,,,
3256,Superior Force of the Deep,62,44,45,46,145,146,0,0,0,170,13,0,18,0,332,,,,
3257,Mighty Force of the Deep,62,44,45,46,145,146,0,0,0,170,13,0,18,0,332,,,,
3258,Supreme Force of the Deep,63,44,45,46,145,146,0,0,0,170,13,0,18,0,332,,,,
3259,Ultimate Force of the Deep,64,44,45,46,145,146,0,0,0,170,13,0,18,0,332,,,,
3261,Strength of the Deep,65,44,45,46,145,146,0,0,0,171,272,0,18,0,332,,,,
3262,Vigor of the Deep,65,44,45,46,145,146,0,0,0,171,272,0,18,0,332,,,,
3263,Energy of the Deep,66,44,45,46,145,146,0,0,0,171,272,0,18,0,332,,,,
3264,Vitality of the Deep,66,44,45,46,145,146,0,0,0,171,272,0,18,0,332,,,,
3265,Might of the Deep,67,44,45,46,145,146,0,0,0,170,272,0,18,0,332,,,,
3266,Potence of the Deep,67,44,45,46,145,146,0,0,0,170,272,0,18,0,332,,,,
3267,Fortification of the Deep,68,44,45,46,145,146,0,0,0,170,272,0,18,0,332,,,,
3268,Power of the Deep,69,44,45,46,145,146,0,0,0,170,272,0,18,0,332,,,,
3271,Gloom's Guide,70,44,45,46,145,146,0,0,0,14,154,0,18,0,332,,,,
3272,Gloom's Wisdom,70,44,45,46,145,146,0,0,0,14,154,0,18,0,332,,,,
3273,Gloom's Enlightenment,70,44,45,46,145,146,0,0,0,14,154,0,18,0,332,,,,
3274,Murk's Guide,71,44,45,46,145,146,0,0,0,16,154,0,18,0,332,,,,
3275,Murk's Wisdom,71,44,45,46,145,146,0,0,0,16,154,0,18,0,332,,,,
3276,Murk's Enlightenment,72,44,45,46,145,146,0,0,0,16,154,0,18,0,332,,,,
3277,Shadow's Wisdom,73,44,45,46,145,146,0,0,0,18,154,0,18,0,332,,,,
3278,Shadow's Enlightenment,74,44,45,46,145,146,0,0,0,18,154,0,18,0,332,,,,
3281,Sight of the Deep,76,44,45,46,145,146,0,0,0,25,0,0,18,0,332,,,,
3282,Wisdom of the Deep,77,44,45,46,145,146,0,0,0,25,0,0,18,0,332,,,,
3283,Sagacity of the Deep,78,44,45,46,145,146,0,0,0,25,0,0,18,0,332,,,,
3284,Vision of the Deep,79,44,45,46,145,146,0,0,0,25,0,0,18,0,332,,,,
3285,Wrap of the Deep,82,44,45,46,145,146,0,0,0,154,272,0,18,0,332,,,,
3286,Shroud of the Deep,83,44,45,46,145,146,0,0,0,154,272,0,18,0,332,,,,
3287,Caress of the Deep,84,44,45,46,145,146,0,0,0,154,272,0,18,0,332,,,,
3288,Warmth from Below,87,44,45,46,145,146,0,0,0,190,272,0,18,0,332,,,,
3289,Heat from Below,88,44,45,46,145,146,0,0,0,190,272,0,18,0,332,,,,
3290,Fires from Below,89,44,45,46,145,146,0,0,0,190,272,0,18,0,332,,,,
3291,Rock Unity,92,44,45,46,145,146,0,0,0,170,272,0,18,0,332,,,,
3292,Stone Unity,93,44,45,46,145,146,0,0,0,170,272,0,18,0,332,,,,
3293,Cavern Unity,94,44,45,46,145,146,0,0,0,170,272,0,18,0,332,,,,
3294,Minor Earth Invigoration,2350,44,45,46,145,146,0,0,0,171,19,0,18,0,332,,,,
3295,Lesser Earth Invigoration,2351,44,45,46,145,146,0,0,0,171,19,0,18,0,332,,,,
3296,Earth Invigoration,2352,44,45,46,145,146,0,0,0,171,19,0,18,0,332,,,,
3297,Greater Earth Invigoration,2353,44,45,46,145,146,0,0,0,171,19,0,18,0,332,,,,
3298,Superior Earth Invigoration,2354,44,45,46,145,146,0,0,0,170,20,0,18,0,332,,,,
;,,,,,,,,,,,,,,,,,,,,
;3300,Pacification,,,,,,,,,,,,,,,,,,,
3301,Lull,925,35,36,37,1,2,0,0,0,86,0,0,13,0,332,,,,
3302,Greater Lull,925,35,36,37,1,2,0,0,0,86,0,0,13,0,332,,,,
3303,Diversion,925,35,36,37,1,2,0,0,0,86,0,0,13,0,332,,,,
3304,Greater Diversion,926,35,36,37,1,2,0,0,0,86,0,0,13,0,332,,,,
3305,Sedate,926,35,36,37,1,2,0,0,0,86,0,0,13,0,332,,,,
3306,Greater Sedation,927,35,36,37,1,2,0,0,0,86,0,0,13,0,332,,,,
3307,Entrance,928,35,36,37,1,2,0,0,0,86,0,0,13,0,332,,,,
3308,Greater Entrancement,929,35,36,37,1,2,0,0,0,86,0,0,13,0,332,,,,
3311,Wake Senseless,850,35,36,37,1,2,0,0,0,85,0,0,13,0,332,,,,
3312,Wake Forgetful,1236,35,36,37,1,2,0,0,0,85,0,0,13,0,332,,,,
3313,Wake Ignorant,1237,35,36,37,1,2,0,0,0,85,0,0,13,0,332,,,,
3314,Wake Mindless,1238,35,36,37,1,2,0,0,0,85,0,0,13,0,332,,,,
3315,Wake Oblivious,1239,35,36,37,1,2,0,0,0,85,0,0,13,0,332,,,,
3321,Halt Aggression,930,47,48,49,1,2,0,0,0,228,291,0,13,0,332,,,,
3322,Halt Hostility,930,47,48,49,1,2,0,0,0,228,291,0,13,0,332,,,,
3323,Halt Attack,931,47,48,49,1,2,0,0,0,228,291,0,13,0,332,,,,
3324,Halt Offense,932,47,48,49,1,2,0,0,0,228,291,0,13,0,332,,,,
3325,Halt Rally,933,47,48,49,1,2,0,0,0,228,291,0,13,0,332,,,,
3326,Halt Invasion,934,47,48,49,1,2,0,0,0,228,291,0,13,0,332,,,,
3327,Cleanse Mind,1279,41,42,43,1,2,0,0,0,289,0,0,8,0,332,,,,
;,,,,,,,,,,,,,,,,,,,,
;3350,Pacification Spec,,,,,,,,,,,,,,,,,,,
3351,Hinder Spirit,905,35,36,37,1,2,0,0,0,49,0,0,13,0,332,,,,
3352,Harry Spirit,905,35,36,37,1,2,0,0,0,49,0,0,13,0,332,,,,
3353,Restrain Spirit,906,35,36,37,1,2,0,0,0,49,0,0,13,0,332,,,,
3354,Obstruct Spirit,907,35,36,37,1,2,0,0,0,49,0,0,13,0,332,,,,
3355,Block Spirit,908,35,36,37,1,2,0,0,0,49,0,0,13,0,332,,,,
3356,Impede Spirit,909,35,36,37,1,2,0,0,0,49,0,0,13,0,332,,,,
3361,Purity of Mind,910,41,42,43,1,2,0,0,0,178,0,0,8,0,332,,,,
3362,Purity of Thought,911,41,42,43,1,2,0,0,0,178,0,0,8,0,332,,,,
3363,Purity of Intellect,912,41,42,43,1,2,0,0,0,178,0,0,8,0,332,,,,
3364,Purity of Contemplation,913,41,42,43,1,2,0,0,0,178,0,0,8,0,332,,,,
3365,Purity of Meditation,914,41,42,43,1,2,0,0,0,178,0,0,8,0,332,,,,
3366,Allay Area,915,35,36,37,1,2,0,0,0,86,0,0,13,86,332,,,,
3367,Pacify Area,915,35,36,37,1,2,0,0,0,86,0,0,13,86,332,,,,
3368,Conciliate Area,916,35,36,37,1,2,0,0,0,86,0,0,13,86,332,,,,
3369,Placate Area,917,35,36,37,1,2,0,0,0,86,0,0,13,86,332,,,,
3370,Harmonize Area,918,35,36,37,1,2,0,0,0,86,0,0,13,86,332,,,,
3371,Tranquilize Area,919,35,36,37,1,2,0,0,0,86,0,0,13,86,332,,,,
3375,Suspend Charge,1490,47,48,49,1,2,0,0,0,58,0,0,13,0,332,,,,
3376,Halt Charge,1491,47,48,49,1,2,0,0,0,58,0,0,13,0,332,,,,
3377,Interrupt Charge,1492,47,48,49,1,2,0,0,0,58,0,0,13,0,332,,,,
3378,Nullify Charge,1493,47,48,49,1,2,0,0,0,58,0,0,13,0,332,,,,
3379,Cease Charge,1494,47,48,49,1,2,0,0,0,58,0,0,13,0,332,,,,
3381,Deny Movement,1135,47,48,49,37,38,36,0,0,84,67,0,18,0,332,,,,
3382,Repel Movement,1135,47,48,49,37,38,36,0,0,84,67,0,18,0,332,,,,
3383,Reject Movement,1135,47,48,49,37,38,36,0,0,84,67,0,18,0,332,,,,
3384,Negate Movement,1136,47,48,49,37,38,36,0,0,84,67,0,18,0,332,,,,
3385,Deny Advancement,1136,47,48,49,37,38,36,0,0,84,68,0,18,0,332,,,,
3386,Repel Advancement,1137,47,48,49,37,38,36,0,0,84,68,0,18,0,332,,,,
3387,Reject Advancement,1138,47,48,49,37,38,36,0,0,84,68,0,18,0,332,,,,
3388,Negate Advancement,1139,47,48,49,37,38,36,0,0,84,68,0,18,0,332,,,,
3391,Pacifying Glance,1232,35,36,37,1,2,0,0,0,86,0,0,13,86,332,,,,
3392,Pacifying Glare,2313,35,36,37,1,2,0,0,0,86,0,0,13,86,332,,,,
3393,Pacifying Gaze,2314,35,36,37,1,2,0,0,0,86,0,0,13,86,332,,,,
3394,Paralyzing Glance,1377,47,48,49,1,2,0,0,0,225,0,0,13,0,332,,,,
3395,Paralyzing Glare,2323,47,48,49,1,2,0,0,0,225,0,0,13,50,332,,,,
3396,Paralizing Gaze,2324,47,48,49,1,2,0,0,0,225,0,0,13,50,332,,,,
;,,,,,,,,,,,,,,,,,,,,
;3400,Subterranean Incantations,,,,,,,,,,,,,,,,,,,
3401,Fungal Dispersion,1100,35,36,37,59,76,0,0,0,6,0,0,27,0,332,,,,
3402,Fungal Deterioration,1100,35,36,37,59,76,0,0,0,6,0,0,27,0,332,,,,
3403,Fungal Decay,1100,35,36,37,59,76,0,0,0,6,0,0,27,0,332,,,,
3404,Fungal Solvent,1101,35,36,37,59,76,0,0,0,6,0,0,27,0,332,,,,
3405,Fungal Disintegration,1101,35,36,37,59,76,0,0,0,6,0,0,27,0,332,,,,
3406,Fungal Erosion,1102,35,36,37,59,76,0,0,0,6,0,0,27,0,332,,,,
3407,Fungal  Degeneration,1102,35,36,37,59,76,0,0,0,44,0,0,27,0,332,,,,
3408,Fungal Devolution,1103,35,36,37,59,76,0,0,0,44,0,0,27,0,332,,,,
3409,Fungal Decrepitude,1103,35,36,37,59,76,0,0,0,44,0,0,27,0,332,,,,
3410,Fungal Dilapidation,1104,35,36,37,59,76,0,0,0,44,0,0,27,0,332,,,,
3411,Fungal Blight,1104,35,36,37,59,76,0,0,0,44,0,0,27,0,332,,,,
3421,Sickening Spores,1590,35,36,37,59,76,0,0,0,304,0,0,27,33,332,,,,
3422,Infectious Spores,2366,35,36,37,59,76,0,0,0,304,0,0,27,33,332,,,,
3423,Fevering Spores,1592,35,36,37,59,76,0,0,0,304,312,0,27,33,332,,,,
3424,Festering Spores,1593,35,36,37,59,76,0,0,0,306,312,0,27,33,332,,,,
3425,Plague Spores,1594,35,36,37,59,76,0,0,0,306,312,0,27,33,332,,,,
3431,Grasping Creepers,870,47,48,49,251,252,0,0,0,263,0,0,9,0,332,,,,
3432,Bonding Creepers,870,47,48,49,251,252,0,0,0,263,0,0,9,0,332,,,,
3433,Webbing Creepers,870,47,48,49,251,252,0,0,0,263,0,0,9,0,332,,,,
3434,Clutching Creepers,871,47,48,49,251,252,0,0,0,263,0,0,9,0,332,,,,
3435,Holding Creepers,871,47,48,49,251,252,0,0,0,263,0,0,9,0,332,,,,
3436,Tangling Creepers,872,47,48,49,251,252,0,0,0,263,0,0,9,0,332,,,,
3437,Tenacious Creepers,872,47,48,49,251,252,0,0,0,263,0,0,9,0,332,,,,
3438,Detaining Creepers,873,47,48,49,251,252,0,0,0,263,0,0,9,0,332,,,,
3439,Clenching Creepers,874,47,48,49,251,252,0,0,0,263,0,0,9,0,332,,,,
;,,,,,,,,,,,,,,,,,,,,
;3450,Subterranean Spec,,,,,,,,,,,,,,,,,,,
3451,Fungal Covering,890,35,36,37,124,125,0,0,0,229,0,0,13,0,332,,,,
3452,Fungal Pod,890,35,36,37,124,125,0,0,0,229,0,0,13,0,332,,,,
3453,Fungal Case,891,35,36,37,124,125,0,0,0,229,0,0,13,0,332,,,,
3454,Fungal Wrap,891,35,36,37,124,125,0,0,0,229,0,0,13,0,332,,,,
3455,Fungal Coat,892,35,36,37,124,125,0,0,0,229,128,0,13,0,332,,,,
3456,Fungal Sheath,893,35,36,37,124,125,0,0,0,229,128,0,13,0,332,,,,
3457,Fungal Husk,894,35,36,37,124,125,0,0,0,229,128,0,13,0,332,,,,
3461,Fungal Pin,945,16,17,18,160,161,0,0,157,43,0,0,2,0,332,,,,
3462,Fungal Burr,945,16,17,18,160,161,0,0,157,43,0,0,2,0,332,,,,
3463,Fungal Spike,945,16,17,18,160,161,0,0,157,43,0,0,2,0,332,,,,
3464,Fungal Bramble,946,16,17,18,160,161,0,0,157,43,0,0,2,0,332,,,,
3465,Fungal Spur,946,16,17,18,160,161,0,0,157,43,0,0,2,0,332,,,,
3466,Fungal Thistle,946,16,17,18,160,161,0,0,157,43,0,0,2,0,332,,,,
3467,Fungal Thorn,947,16,17,18,160,161,0,0,157,43,0,0,2,0,332,,,,
3468,Fungal Needle,947,16,17,18,160,161,0,0,157,43,0,0,2,0,332,,,,
3469,Fungal Barb,948,16,17,18,160,161,0,0,157,43,0,0,2,0,332,,,,
3470,Fungal Spine,949,16,17,18,160,161,0,0,157,43,0,0,2,0,332,,,,
3471,Spore Cloud,950,35,36,37,59,76,57,0,0,33,0,0,27,33,332,,,,
3472,Spore Burst,951,35,36,37,59,76,57,0,0,33,0,0,27,33,332,,,,
3473,Spore Explosion,952,35,36,37,59,76,57,0,0,71,0,0,27,33,332,,,,
3474,Spore Storm,953,35,36,37,59,76,57,0,0,71,0,0,27,33,332,,,,
3475,Spore Whirlwind,954,35,36,37,59,76,57,0,0,71,0,0,27,33,332,,,,
3476,Vine Field,895,47,48,49,251,252,0,0,0,263,0,0,9,0,332,,,,
3477,Weed Field,896,47,48,49,251,252,0,0,0,263,0,0,9,0,332,,,,
3478,Creeper Field,898,47,48,49,251,252,0,0,0,263,0,0,9,0,332,,,,
3479,Tendril Field,899,47,48,49,251,252,0,0,0,263,0,0,9,0,332,,,,
3480,Mold Cloud,957,35,36,37,59,76,0,0,0,70,0,0,27,71,332,,,,
3481,Mold Burst,958,35,36,37,59,76,0,0,0,71,0,0,27,71,332,,,,
3482,Mold Explosion,959,35,36,37,59,76,0,0,0,72,0,0,27,71,332,,,,
3485,Fungal Mud,1115,35,36,37,59,76,0,0,0,306,0,0,27,306,332,,,,
3486,Fungal Froth,1115,35,36,37,59,76,0,0,0,306,0,0,27,306,332,,,,
3487,Fungal Muck,1115,35,36,37,59,76,0,0,0,306,0,0,27,306,332,,,,
3488,Fungal Slush,1116,35,36,37,59,76,0,0,0,303,0,0,27,303,332,,,,
3489,Fungal Slime,1116,35,36,37,59,76,0,0,0,303,0,0,27,303,332,,,,
3490,Fungal Ooze,1117,35,36,37,59,76,0,0,0,303,0,0,27,303,332,,,,
3491,Fungal Sludge,1117,35,36,37,59,76,0,0,0,303,312,0,27,303,332,,,,
3492,Fungal Ichor,1118,35,36,37,59,76,0,0,0,304,312,0,27,304,332,,,,
3493,Fungal Scum,1118,35,36,37,59,76,0,0,0,304,312,0,27,304,332,,,,
3494,Fungal Mucus,1119,35,36,37,59,76,0,0,0,304,312,0,27,304,332,,,,
;,,,,,,,,,,,,,,,,,,,,
;,,,,,,,,,,,,,,,,,,,,
;,THANE,,,,,,,,,,,,,,,,,,,
;3500,Stormcalling,,,,,,,,,,,,,,,,,,,
3501,Thor's Minor Bolt,1360,38,39,40,145,146,0,0,0,138,0,0,21,0,332,,,,
3502,Thor's Lesser Bolt,1360,38,39,40,145,146,0,0,0,138,0,0,21,0,332,,,,
3503,Thor's Bolt,1360,38,39,40,145,146,0,0,0,138,0,0,21,0,332,,,,
3504,Thor's Greater Bolt,1361,38,39,40,145,146,0,0,0,139,0,0,21,0,332,,,,
3505,Thor's Major Bolt,1361,38,39,40,145,146,0,0,0,139,0,0,21,0,332,,,,
3506,Thor's Minor Lightning,1361,38,39,40,145,146,0,0,0,139,0,0,21,0,332,,,,
3507,Thor's Lesser Lightning,1362,38,39,40,145,146,0,0,0,139,0,0,22,0,332,,,,
3508,Thor's Lightning,1362,38,39,40,145,146,0,0,0,140,0,0,22,0,332,,,,
3509,Thor's Greater Lightning,1363,38,39,40,145,146,0,0,0,140,0,0,22,0,332,,,,
3510,Thor's Full Lightning,1364,38,39,40,145,146,0,0,0,162,0,0,22,0,332,,,,
3511,Thunder's Bash,30,38,39,40,145,146,0,0,0,0,307,0,23,0,332,,,,
3512,Thunder's Hammer,30,38,39,40,145,146,0,0,0,13,307,0,23,0,332,,,,
3513,Thunder's Force,31,38,39,40,145,146,0,0,0,13,307,0,23,0,332,,,,
3514,Thunder's Crush,31,38,39,40,145,146,0,0,0,13,307,0,23,0,332,,,,
3515,Thunder's Strike,32,38,39,40,145,146,0,0,0,13,307,0,23,0,332,,,,
3516,Thunder's Blow,33,38,39,40,145,146,0,0,0,13,307,0,23,0,332,,,,
3517,Thunder's Rend,34,38,39,40,145,146,0,0,0,13,307,0,23,0,332,,,,
3521,Thunder Shout,1300,44,45,46,145,146,0,136,0,11,0,0,21,11,332,,,,
3522,Greater Thunder Shout,1300,44,45,46,145,146,0,136,0,11,0,0,21,11,332,,,,
3523,Thunder Howl,1301,44,45,46,145,146,0,136,0,11,0,0,21,11,332,,,,
3524,Greater Thunder Howl,1301,44,45,46,145,146,0,136,0,12,0,0,21,12,332,,,,
3525,Thunder Bellow,1302,44,45,46,145,146,0,136,0,12,0,0,21,12,332,,,,
3526,Greater Thunder Bellow,1302,44,45,46,145,146,0,34,0,12,0,0,21,12,332,,,,
3527,Thunder Roar,1303,44,45,46,145,146,0,34,0,138,0,0,21,138,332,,,,
3528,Greater Thunder Roar,1304,44,45,46,145,146,0,34,0,139,0,0,21,139,332,,,,
3531,Thor's Vigor,1575,38,39,40,145,146,0,0,0,13,137,0,23,0,332,,,,
3532,Thor's Strength,1575,38,39,40,145,146,0,0,0,13,137,0,23,0,332,,,,
3533,Thor's Power,1576,38,39,40,145,146,0,0,0,13,137,0,23,0,332,,,,
3534,Thor's Might,1576,38,39,40,145,146,0,0,0,13,137,0,23,0,332,,,,
3535,Thor's Vitality,1577,38,39,40,145,146,0,0,0,305,137,0,23,0,332,,,,
3536,Thor's Fortification,1578,38,39,40,145,146,0,0,0,305,137,0,23,0,332,,,,
3537,Thor's Potence,1579,38,39,40,145,146,0,0,0,305,137,0,23,0,332,,,,
3538,Call Mjollnir,1356,44,45,46,145,146,0,0,0,255,0,0,22,0,332,,,,
3539,Invoke Mjollnir,1357,44,45,46,145,146,0,0,0,255,0,0,22,0,332,,,,
3540,Summon Mjollnir,1358,44,45,46,145,146,0,0,0,255,0,0,22,0,332,,,,
3541,Command Mjollnir,1359,44,45,46,145,146,0,0,0,255,0,0,22,0,332,,,,
3542,Toothgrinders' Hoof,1350,38,39,40,145,146,0,0,0,138,0,0,21,0,332,,,,
3543,Toothgnasher's Hoof,1350,38,39,40,145,146,0,0,0,138,0,0,21,0,332,,,,
3544,Toothgrinder's Bite,1351,38,39,40,145,146,0,0,0,139,0,0,21,0,332,,,,
3545,Toothgnasher's Bite,1351,38,39,40,145,146,0,0,0,139,0,0,21,0,332,,,,
3546,Toothgrinder's Horn,1351,38,39,40,145,146,0,0,0,139,0,0,22,0,332,,,,
3547,Toothgnasher's Horn,1352,38,39,40,145,146,0,0,0,140,0,0,21,0,332,,,,
3548,Toothgrinder's Ram,1353,38,39,40,145,146,0,0,0,140,0,0,21,0,332,,,,
3549,Toothgnasher's Ram,1354,38,39,40,145,146,0,0,0,140,0,0,21,0,332,,,,
;,,,,,,,,,,,,,,,,,,,,
;3550,Beastcraft,,,,,,,,,,,,,,,,,,,
3551,Minor Call of Gleipnir,1455,32,33,34,1,2,0,0,0,20,0,0,10,0,332,,,,
3552,Lesser Call of Gleipnir,1456,32,33,34,1,2,0,0,0,20,0,0,10,0,332,,,,
3553,Call of Gleipnir,1457,32,33,34,1,2,0,0,0,20,0,0,10,0,332,,,,
3554,Greater Call of Gleipnir,1458,32,33,34,1,2,0,0,0,20,0,0,10,0,332,,,,
3555,Superior Call of Gleipnir,1459,32,33,34,1,2,0,0,0,20,0,0,10,0,332,,,,
3556,Nimbleness of the Lynx,1365,38,39,40,1,2,0,0,0,14,0,0,8,0,332,,,,
3557,Agility of the Lynx,1365,38,39,40,1,2,0,0,0,14,0,0,8,0,332,,,,
3558,Dexterity of the Lynx,1366,38,39,40,1,2,0,0,0,14,0,0,8,0,332,,,,
3559,Quickness of the Lynx,1367,38,39,40,1,2,0,0,0,25,0,0,8,0,332,,,,
3560,Alacrity of the Lynx,1368,38,39,40,1,2,0,0,0,25,0,0,8,0,332,,,,
3561,Heart of the Lynx,1369,38,39,40,1,2,0,0,0,25,0,0,8,0,332,,,,
3562,Speed of Prey,1500,32,33,34,1,2,0,0,0,16,0,0,10,0,332,,,,
3563,Speed of Quarry,1501,32,33,34,1,2,0,0,0,16,0,0,10,0,332,,,,
3564,Speed of the Chased,1502,32,33,34,1,2,0,0,0,16,0,0,10,0,332,,,,
3565,Speed of the Pursued,1503,32,33,34,1,2,0,0,0,17,0,0,10,0,332,,,,
3566,Speed of the Hunted,1504,32,33,34,1,2,0,0,0,17,0,0,10,0,332,,,,
3567,Lynx's Pelt,995,32,33,34,160,161,0,0,0,155,272,0,9,0,332,,,,
3568,Snake's Scales,995,32,33,34,160,161,0,0,0,155,272,0,9,0,332,,,,
3569,Wolf's Hide,995,32,33,34,160,161,0,0,0,158,272,0,9,0,332,,,,
3570,Turtle's Shell,996,32,33,34,160,161,0,0,0,158,272,0,9,0,332,,,,
3571,Bear's Mantle,996,32,33,34,160,161,0,0,0,158,272,0,9,0,332,,,,
3572,Crab's Shell,997,32,33,34,160,161,0,0,0,183,272,0,9,0,332,,,,
3573,Drake's Hide,997,32,33,34,160,161,0,0,0,183,272,0,9,0,332,,,,
3574,Wyvern's Scales,998,32,33,34,160,161,0,0,0,184,272,0,9,0,332,,,,
3575,Arachite's Chitin,999,32,33,34,160,161,0,0,0,184,272,0,9,0,332,,,,
3576,Influence Insect,1505,32,33,34,1,2,0,0,0,20,0,0,10,0,332,,,,
3577,Compel Insect,1506,32,33,34,1,2,0,0,0,20,0,0,10,0,332,,,,
3578,Charm Insect,1507,32,33,34,1,2,0,0,0,20,0,0,10,0,332,,,,
3579,Control Insect,1508,32,33,34,1,2,0,0,0,20,0,0,10,0,332,,,,
3580,Dominate Insect,1509,32,33,34,1,2,0,0,0,20,0,0,10,0,332,,,,
3581,Wild Spirit,1180,32,33,34,55,69,0,0,0,173,0,0,13,0,332,,,,
3582,Feral Spirit,1181,32,33,34,55,69,0,0,0,173,0,0,13,0,332,,,,
3583,Furious Spirit,1182,32,33,34,55,69,0,0,0,21,0,0,13,0,332,,,,
3584,Raging Spirit,1183,32,33,34,55,69,0,0,0,21,0,0,13,0,332,,,,
3585,Frenzied Spirit,1184,32,33,34,55,69,0,0,0,21,0,0,13,0,332,,,,
3586,Hunter's Companion,1475,38,39,40,160,161,0,0,0,232,0,0,2,0,332,,,,
3587,Hunter's Pet,1475,38,39,40,160,161,0,0,0,232,0,0,2,0,332,,,,
3588,Hunter's Ally,1476,38,39,40,160,161,0,0,0,233,0,0,2,0,332,,,,
3589,Hunter's Protector,1477,38,39,40,160,161,0,0,0,233,0,0,2,0,332,,,,
3590,Hunter's Avatar,1478,38,39,40,160,161,0,0,0,234,0,0,2,0,332,,,,
3591,Influence Reptile,443,32,33,34,1,2,0,0,0,20,0,0,10,0,332,,,,
3592,Compel Reptile,443,32,33,34,1,2,0,0,0,20,0,0,10,0,332,,,,
3593,Charm Reptile,444,32,33,34,1,2,0,0,0,20,0,0,10,0,332,,,,
3594,Control Reptile,445,32,33,34,1,2,0,0,0,20,0,0,10,0,332,,,,
3595,Dominate Reptile,446,32,33,34,1,2,0,0,0,20,0,0,10,0,332,,,,
3596,Overpower Reptile,447,32,33,34,1,2,0,0,0,20,0,0,10,0,332,,,,
;,,,,,,,,,,,,,,,,,,,,
;,,,,,,,,,,,,,,,,,,,,
;,SKALD,,,,,,,,,,,,,,,,,,,
;3600,Battlesongs,,,,,,,,,,,,,,,,,,,
3601,Chant of the Brawl,1510,0,0,0,0,0,108,0,0,295,0,0,2,0,332,,,,
3602,Chant of the Fight,1510,0,0,0,0,0,108,0,0,295,313,0,2,0,332,,,,
3603,Chant of the Charge,1511,0,0,0,0,0,108,0,0,284,313,0,2,0,332,,,,
3604,Chant of the Battle,1511,0,0,0,0,0,108,0,0,295,313,0,2,0,332,,,,
3605,Chant of the Siege,1512,0,0,0,0,0,108,0,0,284,314,0,2,0,332,,,,
3606,Chant of the War,1513,0,0,0,0,0,108,0,0,295,315,0,2,0,332,,,,
3607,Chant of Blood,1514,0,0,0,0,0,108,0,0,284,315,0,2,0,332,,,,
3608,Simple Song of Travel,320,0,0,0,0,0,108,0,0,131,0,0,2,0,332,,,,
3609,Song of Travel,321,0,0,0,0,0,108,0,0,131,0,0,2,0,332,,,,
3610,Harmonic Song of Travel,322,0,0,0,0,0,108,0,0,131,0,0,2,0,332,,,,
3611,Magnificent Song of Travel,323,0,0,0,0,0,108,0,0,131,0,0,2,0,332,,,,
3612,Heavenly Song of Travel,324,0,0,0,0,0,108,0,0,131,0,0,2,0,332,,,,
3613,Simple Song of Rest,1370,0,0,0,0,0,108,0,0,132,0,0,2,0,332,,,,
3614,Song of Rest,1370,0,0,0,0,0,108,0,0,132,0,0,2,0,332,,,,
3615,Harmonic Song of Rest,1371,0,0,0,0,0,108,0,0,132,0,0,2,0,332,,,,
3616,Magnificent Song of Rest,1372,0,0,0,0,0,108,0,0,132,0,0,2,0,332,,,,
3617,Glorious Song of Rest,1373,0,0,0,0,0,108,0,0,132,0,0,2,0,332,,,,
3618,Heavenly Song of Rest,1374,0,0,0,0,0,108,0,0,132,0,0,2,0,332,,,,
3620,Warcry,1465,0,0,0,0,0,0,0,0,11,0,0,2,0,332,,,,
3621,Warholler,1465,0,0,0,0,0,0,0,0,11,0,0,2,0,332,,,,
3622,Warshriek,1466,0,0,0,0,0,0,0,0,12,0,0,2,0,332,,,,
3623,Warbellow,1468,0,0,0,0,0,0,0,0,12,0,0,2,0,332,,,,
3624,War Howl,1469,0,0,0,0,0,0,0,0,12,0,0,2,0,332,,,,
3625,Battle Whoop,1465,0,0,0,0,0,0,0,0,142,0,0,2,0,332,,,,
3626,Battle Shout,1466,0,0,0,0,0,0,0,0,142,0,0,2,0,332,,,,
3627,Battle Scream,1467,0,0,0,0,0,0,0,0,141,0,0,2,0,332,,,,
3628,Battle Howl,1469,0,0,0,0,0,0,0,0,141,0,0,2,0,332,,,,
3629,Stunning Shout,1330,0,0,0,0,0,0,0,0,86,0,0,2,0,332,,,,
3630,Disabling Shout,1331,0,0,0,0,0,0,0,0,86,0,0,2,0,332,,,,
3631,Crippling Shout,1332,0,0,0,0,0,0,0,0,86,0,0,2,0,332,,,,
3632,Incapacitating Shout,1333,0,0,0,0,0,0,0,0,87,0,0,2,0,332,,,,
3633,Paralyzing Shout,1334,0,0,0,0,0,0,0,0,87,0,0,2,0,332,,,,
3641,Compel Surrender,1210,32,33,34,0,0,0,0,0,50,0,0,13,0,332,,,,
3642,Compel Submission,1211,32,33,34,0,0,0,0,0,50,0,0,13,0,332,,,,
3643,Compel Resignation,1212,32,33,34,0,0,0,0,0,101,0,0,13,0,332,,,,
3644,Compel Captulation,1213,32,33,34,0,0,0,0,0,101,0,0,13,0,332,,,,
3645,Compel Defeat,1214,32,33,34,0,0,0,0,0,129,0,0,13,0,332,,,,
3651,Body Bolstering Chant,46,44,45,46,0,0,108,0,0,77,0,0,18,0,332,,,,
3652,Body Bolstering Song,49,44,45,46,0,0,108,0,0,77,0,0,18,0,332,,,,
3653,Spirit Bolstering Chant,51,44,45,46,0,0,108,0,0,78,0,0,18,0,332,,,,
3654,Spirit Bolstering Song,54,44,45,46,0,0,108,0,0,78,0,0,18,0,332,,,,
3655,Energy Diminishing Chant,56,44,45,46,0,0,108,0,0,235,0,0,18,0,332,,,,
3656,Energy Diminishing Song,59,44,45,46,0,0,108,0,0,235,0,0,18,0,332,,,,
3657,Heat Diminishing Chant,81,44,45,46,0,0,108,0,0,30,0,0,18,0,332,,,,
3658,Heat Diminishing Song,84,44,45,46,0,0,108,0,0,30,0,0,18,0,332,,,,
3659,Cold Diminishing Chant,86,44,45,46,0,0,108,0,0,90,0,0,18,0,332,,,,
3660,Cold Diminishing Song,89,44,45,46,0,0,108,0,0,90,0,0,18,0,332,,,,
3661,Matter Diffusing Chant,92,44,45,46,0,0,108,0,0,35,0,0,18,0,332,,,,
3662,Matter Diffusing Song,94,44,45,46,0,0,108,0,0,35,0,0,18,0,332,,,,
;,,,,,,,,,,,,,,,,,,,,
;,,,,,,,,,,,,,,,,,,,,
;3900,Shaman Augmentation Spec 2,,,,,,,,,,,,,,,,,,,
3901,Dispersal of the Deep,2903,38,39,40,1,2,0,0,0,16,0,0,8,16,332,,,,
3902,Partitioning of the Deep,2904,38,39,40,1,2,0,0,0,16,0,0,8,16,332,,,,
3903,Shadow's Blessing,2913,38,39,40,1,2,0,0,0,15,0,0,8,15,332,,,,
3904,Shadow's Endowment,2914,38,39,40,1,2,0,0,0,15,0,0,8,15,332,,,,
3905,Alacrity of the Deep,2923,38,39,40,1,2,0,0,0,27,0,0,8,27,332,,,,
3906,Clarity of the Deep,2924,38,39,40,1,2,0,0,0,27,0,0,8,27,332,,,,
3907,Acuity Cut,2932,32,33,34,55,69,0,0,0,414,0,0,2,0,332,,,,
3908,Acuity Slash,2943,32,33,34,55,69,0,0,0,414,0,0,2,420,332,,,,
3909,Dexterity Fragment,2953,35,36,37,55,69,80,0,0,415,0,0,13,0,332,,,,
3910,Dexterity Mangle,2964,35,36,37,55,69,80,0,0,415,0,0,13,421,332,,,,
3911,Constitution Hash,2973,32,33,34,55,69,0,0,0,418,0,0,2,0,332,,,,
3912,Constitution Clip,2984,32,33,34,55,69,0,0,0,418,0,0,2,424,332,,,,
3913,Strength Lop,2993,35,36,37,55,69,0,0,0,417,0,0,2,0,332,,,,
3914,Strength Hack,2909,35,36,37,55,69,0,0,0,417,0,0,2,423,332,,,,
3915,Potency Whack,2938,35,36,37,55,69,0,0,0,419,0,0,2,0,332,,,,
3916,Potency Sever,2949,35,36,37,55,69,0,0,0,419,0,0,2,425,332,,,,
3917,Agility Trunc,2918,35,36,37,59,76,57,0,0,416,0,0,26,0,332,,,,
3918,Agility Mince,2929,35,36,37,59,76,57,0,0,416,0,0,26,422,332,,,,
3919,Spirit Shell,2796,38,39,40,1,2,0,0,0,366,0,0,10,0,332,,,,
;,,,,,,,,,,,,,,,,,,,,
;,,,,,,,,,,,,,,,,,,,,
;,MID MONSTERS,,,,,,,,,,,,,,,,,,,
;,Midg Mons Off Spells,,,,,,,,,,,,,,,,,,,
4000,Dark Direct Damage I,1395,41,42,43,160,161,0,0,0,256,0,0,12,0,332,,,,
4001,Dark Direct Damage II,1397,41,42,43,160,161,150,0,0,257,0,0,12,0,332,,,,
4002,Dark Direct Damage III,1398,47,48,49,160,161,151,0,0,258,0,0,12,0,332,,,,
4003,Dark Direct Damage IV,1399,47,48,49,160,161,151,0,0,259,0,0,12,0,332,,,,
4004,Spirit Direct Damage I,1115,41,42,43,160,161,0,0,0,213,0,0,15,0,332,,,,
4005,Spirit Direct Damage II,1117,41,42,43,160,161,150,0,0,214,0,0,15,0,332,,,,
4006,Spirit Direct Damage IV,1118,47,48,49,160,161,151,0,0,216,0,0,15,0,332,,,,
4007,Spirit Direct Damage III,1119,47,48,49,160,161,151,0,0,215,0,0,15,0,332,,,,
4008,Electricity Direct Damage I,1350,38,39,40,145,146,0,0,0,138,0,0,21,0,332,,,,
4009,Electricity Direct Damage II,1352,38,39,40,145,146,0,0,0,139,0,0,21,0,332,,,,
4010,Electricity Direct Damage III,1353,38,39,40,145,146,0,0,0,140,0,0,22,0,332,,,,
4011,Electricity Direct Damage IV,1354,38,39,40,145,146,0,0,0,162,0,0,22,0,332,,,,
4012,Slowness I,906,35,36,37,160,161,0,0,0,156,0,0,2,0,332,,,,
4013,Slowness II,909,35,36,37,160,161,0,0,0,296,0,0,2,0,332,,,,
4014,Weakening I,1241,35,36,37,160,161,0,0,0,101,0,0,2,0,332,,,,
4015,Weakening II,1244,35,36,37,160,161,0,0,0,129,0,0,2,0,332,,,,
4016,Paralyzation I,926,32,33,34,55,69,80,0,0,86,0,0,27,0,332,,,,
4017,Paralyzation II,929,32,33,34,55,69,80,0,0,86,0,0,27,0,332,,,,
4018,Poison I,936,35,36,37,59,76,57,0,0,43,0,0,27,0,332,,,,
4019,Poison II,939,35,36,37,59,76,57,0,0,303,0,0,27,0,332,,,,
4020,Disease I,941,35,36,37,59,76,57,0,0,304,0,0,27,0,332,,,,
4021,Disease II,944,35,36,37,59,76,57,0,0,306,312,0,27,0,332,,,,
;,,,,,,,,,,,,,,,,,,,,
;,Midg Mons Def Spells,,,,,,,,,,,,,,,,,,,
4030,Dark Dmg Shield Buff I,932,35,36,37,124,125,0,0,0,154,0,0,13,0,332,,,,
4031,Dark Dmg Shield Buff II,932,35,36,37,124,125,0,0,0,155,0,0,13,0,332,,,,
4032,Monster Str Buff I,930,35,36,37,1,2,0,0,0,187,0,0,10,0,332,,,,
4033,Monster Str Buff II,930,35,36,37,1,2,0,0,0,188,0,0,10,0,332,,,,
4034,Mon Dex Buff I,931,35,36,37,1,2,0,0,0,16,0,0,10,0,332,,,,
4035,Mon Dex Buff II,931,35,36,37,1,2,0,0,0,16,0,0,10,0,332,,,,
4036,Monster Shield I,932,16,17,18,1,2,0,0,0,282,0,0,3,0,332,,,,
4037,Monster Shield II,932,16,17,18,1,2,0,0,0,283,0,0,3,0,332,,,,
4038,Monster Haste I,356,32,33,34,1,2,0,0,0,17,0,0,13,0,332,,,,
4039,Monster Haste II,356,32,33,34,1,2,0,0,0,17,0,0,13,0,332,,,,
4040,Monster Heal I,928,32,33,34,1,2,0,0,0,178,0,0,8,0,332,,,,
4041,Monster Heal II,929,32,33,34,1,2,0,0,0,179,0,0,8,0,332,,,,
;,,,,,,,,,,,,,,,,,,,,
;,PROCS,,,,,,,,,,,,,,,,,,,
4050,Fire DD Proc I,1065,16,17,18,1,2,0,0,0,163,0,0,6,0,332,,,,
4051,Fire DD Proc II,1066,16,17,18,1,2,0,0,0,164,0,0,6,0,332,,,,
4052,Fire DD Proc III,1067,47,48,49,1,2,0,0,0,165,0,0,6,0,332,,,,
4053,Fire DD Proc IV,1068,47,48,49,1,2,0,0,0,116,0,0,6,0,332,,,,
4054,Fire DD Proc V,1069,47,48,49,1,2,0,0,0,117,0,0,6,0,332,,,,
4055,Dark DD Proc I,1115,41,42,43,1,2,0,0,0,256,0,0,25,0,332,,,,
4056,Dark DD Proc II,1117,41,42,43,1,2,0,0,0,257,0,0,25,0,332,,,,
4057,Dark DD Proc III,1119,47,48,49,1,2,0,0,0,258,0,0,25,0,332,,,,
4058,Spirit DD Proc I,1340,41,42,43,1,2,0,0,0,256,0,0,2,0,332,,,,
4059,Spirit DD Proc II,1342,41,42,43,1,2,0,0,0,257,0,0,2,0,332,,,,
4060,Spirit DD Proc III,1344,47,48,49,1,2,0,0,0,258,0,0,2,0,332,,,,
4061,Elec DD Proc I,1361,38,39,40,1,2,0,0,0,11,0,0,21,0,332,,,,
4062,Elec DD Proc II,1362,38,39,40,1,2,0,0,0,138,0,0,21,0,332,,,,
4063,Elec DD Proc III,1363,38,39,40,1,2,0,0,0,139,0,0,22,0,332,,,,
4064,Elec DD Proc IV,1364,38,39,40,1,2,0,0,0,140,0,0,22,0,332,,,,
4065,Mana DD Proc I,1395,41,42,43,1,2,0,0,0,256,0,0,25,0,332,,,,
4066,Mana DD Proc II,1397,41,42,43,1,2,0,0,0,257,0,0,25,0,332,,,,
4067,Mana DD Proc III,1399,47,48,49,1,2,0,0,0,258,0,0,25,0,332,,,,
4068,Light DD Proc I,975,41,42,43,1,2,0,0,0,203,0,0,25,0,332,,,,
4069,Light DD Proc II,977,41,42,43,1,2,0,0,0,204,0,0,25,0,332,,,,
4070,Light DD Proc III,979,47,48,49,1,2,0,0,0,205,0,0,25,0,332,,,,
4071,Void DD Proc I,1435,38,39,40,1,2,0,0,0,213,0,0,25,0,332,,,,
4072,Void DD Proc II,1437,38,39,40,1,2,0,0,0,214,0,0,25,0,332,,,,
4073,Void DD Proc III,1439,38,39,40,1,2,0,0,0,215,0,0,25,0,332,,,,
4074,Ice DD Proc I,1550,41,42,43,1,2,0,0,0,89,0,0,20,0,332,,,,
4075,Ice DD Proc II,1554,41,42,43,1,2,0,0,0,265,0,0,20,0,332,,,,
4076,Dragonbane Proc/Charge,2798,0,0,0,0,0,0,0,0,102,0,0,25,296,0,,,,
;,,,,,,,,,,,,,,,,,,,,
;,Player poisons,,,,,,,,,,,,,,,,,,,
4080,Minor Lethal Poison,2770,35,36,37,59,76,57,0,0,43,0,0,27,0,332,,,,
4081,Lesser Lethal Poison,2770,35,36,37,59,76,57,0,0,43,0,0,27,0,332,,,,
4082,Minor Weakening Poison,1132,47,48,49,55,69,79,0,0,65,0,0,27,0,332,,,,
4083,Lesser Weakening Poison,1134,47,48,49,55,69,79,0,0,65,0,0,27,0,332,,,,
4084,Minor Enervating Poison,1242,47,48,49,55,69,79,0,0,65,0,0,27,0,332,,,,
4085,Lesser Enervating Poison,1244,47,48,49,55,69,79,0,0,65,0,0,27,0,332,,,,
4086,Minor Imbalance Poison,1057,32,33,34,55,69,80,0,0,64,0,0,13,0,332,,,,
4087,Lesser Imbalance Poison,1059,32,33,34,55,69,80,0,0,64,0,0,13,0,332,,,,
4088,Minor Infectious Serum,942,35,36,37,59,76,57,0,0,43,0,0,27,0,332,,,,
4089,Lesser Infectious Serum,944,35,36,37,59,76,57,0,0,43,0,0,27,0,332,,,,
4090,Minor Soporific,907,47,48,49,1,2,0,0,0,172,0,0,15,0,332,,,,
4091,Lesser Soporific,909,47,48,49,1,2,0,0,0,172,0,0,15,0,332,,,,
4092,Lethal Poison,2770,35,36,37,59,76,57,0,0,43,0,0,27,0,332,,,,
4093,Major Lethal Poison,2771,35,36,37,59,76,57,0,0,43,0,0,27,0,332,,,,
4094,Greater Lethal Poison,2771,35,36,37,59,76,57,0,0,43,0,0,27,0,332,,,,
4095,Minor Lethal Venom,2772,35,36,37,59,76,57,0,0,43,0,0,27,0,332,,,,
4096,Lesser Lethal Venom,2772,35,36,37,59,76,57,0,0,43,0,0,27,0,332,,,,
4097,Major Lethal Venom,2773,35,36,37,59,76,57,0,0,43,0,0,27,0,332,,,,
4098,Greater Lethal Venom,2773,35,36,37,59,76,57,0,0,43,0,0,27,0,332,,,,
4099,Insidious Lethal Venom,2774,35,36,37,59,76,57,0,0,43,0,0,27,0,332,,,,
;,,,,,,,,,,,,,,,,,,,,
;,,,,,,,,,,,,,,,,,,,,
;,,,,,,,,,,,,,,,,,,,,
;,,,,,,,,,,,,,,,,,,,,
;,ELDRITCH,,,,,,,,,,,,,,,,,,,
;4100,Way of the Sun,,,,,,,,,,,,,,,,,,,
4101,Gleam Ray,975,50,51,52,218,219,0,244,0,204,0,0,25,0,332,,,,
4102,Gleam Streak,975,50,51,52,218,219,0,244,0,204,0,0,25,0,332,,,,
4103,Gleam Blast,975,50,51,52,218,219,0,244,0,204,0,0,25,0,332,,,,
4104,Moon Ray,976,50,51,52,218,219,0,245,0,204,0,0,25,0,332,,,,
4105,Moon Streak,976,50,51,52,218,219,0,245,0,204,0,0,25,0,332,,,,
4106,Moon Blast,976,50,51,52,218,219,0,245,0,204,0,0,25,0,332,,,,
4107,Sun Ray,977,50,51,52,218,219,0,246,0,205,0,0,25,0,332,,,,
4108,Sun Streak,977,50,51,52,218,219,0,246,0,205,0,0,25,0,332,,,,
4109,Sun Blast,978,50,51,52,218,219,0,247,0,206,0,0,25,0,332,,,,
4110,Aurora Ray,978,50,51,52,218,219,0,247,0,206,0,0,25,0,332,,,,
4111,Aurora Blast,979,50,51,52,218,219,0,248,0,207,0,0,25,0,332,,,,
4121,Prismatic Flare,1375,32,33,34,218,219,0,0,0,228,42,0,2,0,332,,,,
4122,Prismatic Flash,1376,32,33,34,218,219,0,0,0,228,42,0,2,0,332,,,,
4123,Prismatic Shimmer,1377,32,33,34,218,219,0,0,0,228,42,0,2,0,332,,,,
4124,Prismatic Sheen,1378,32,33,34,218,219,0,0,0,228,42,0,2,0,332,,,,
4125,Prismatic Strobe,1379,32,33,34,218,219,0,0,0,228,42,0,2,0,332,,,,
;,,,,,,,,,,,,,,,,,,,,
;4150,Shadow Control,,,,,,,,,,,,,,,,,,,
4151,Shadowburst,1040,41,42,43,160,161,150,0,0,256,0,0,12,0,332,,,,
4152,Shadowblast,1040,41,42,43,160,161,150,0,0,256,0,0,12,0,332,,,,
4153,Shadowcharge,1040,41,42,43,160,161,150,0,0,257,0,0,12,0,332,,,,
4154,Shadowshock,1041,41,42,43,160,161,150,0,0,257,0,0,12,0,332,,,,
4155,Shadowsmash,1041,47,48,49,160,161,150,0,0,258,0,0,12,0,332,,,,
4156,Shadowcrash,1042,47,48,49,160,161,150,0,0,258,0,0,12,0,332,,,,
4157,Shadowforce,1042,47,48,49,160,161,150,0,0,259,0,0,12,0,332,,,,
4158,Shadowcrush,1043,47,48,49,160,161,150,0,0,259,0,0,12,0,332,,,,
4159,Shadowdoom,1044,47,48,49,160,161,150,0,0,259,0,0,12,0,332,,,,
4161,Negate Coordination,1120,35,36,37,160,161,0,0,0,154,0,0,2,0,332,,,,
4162,Nullify Coordination,1120,35,36,37,160,161,0,0,0,154,0,0,2,0,332,,,,
4163,Obliviate Coordination,1121,35,36,37,160,161,0,0,0,154,0,0,2,0,332,,,,
4164,Destroy Coordination,1121,35,36,37,160,161,0,0,0,154,0,0,2,0,332,,,,
4165,Abrogate Coordination,1122,35,36,37,160,161,0,0,0,154,0,0,2,0,332,,,,
4166,Blank Coordination,1567,35,36,37,160,161,0,0,0,154,0,0,2,85,332,,,,
4167,Obliterate Coordination,1568,35,36,37,160,161,0,0,0,154,0,0,2,85,332,,,,
4168,Extinguish Coordination,1569,35,36,37,160,161,0,0,0,154,0,0,2,85,332,,,,
4171,Paralyzing Wind,915,32,33,34,218,219,0,154,0,225,0,0,27,225,332,,,,
4172,Paralyzing Veil,916,32,33,34,218,219,0,154,0,225,0,0,27,225,332,,,,
4173,Paralyzing Cloak,917,32,33,34,218,219,0,154,0,226,0,0,27,226,332,,,,
4174,Paralyzing Sphere,918,32,33,34,218,219,0,154,0,226,0,0,27,226,332,,,,
4175,Paralyzing Cloud,919,32,33,34,218,219,0,154,0,227,0,0,27,227,332,,,,
4181,Abrogate Sight,1315,35,36,37,160,161,0,0,0,156,0,0,2,0,332,,,,
4182,Destroy Sight,1316,35,36,37,160,161,0,0,0,156,0,0,2,0,332,,,,
4183,Negate Sight,1317,35,36,37,160,161,0,0,0,156,0,0,2,0,332,,,,
4184,Nullify Sight,1318,35,36,37,160,161,0,0,0,156,0,0,2,0,332,,,,
4185,Obliviate Sight,1319,35,36,37,160,161,0,0,0,156,0,0,2,0,332,,,,
;,,,,,,,,,,,,,,,,,,,,
;4200,Illusions,,,,,,,,,,,,,,,,,,,
4201,Twinkling Visions,1115,47,48,49,218,219,0,0,0,297,0,0,25,0,332,,,,
4202,Sparkling Visions,1115,47,48,49,218,219,0,0,0,297,0,0,25,0,332,,,,
4203,Shimmering Visions,1116,47,48,49,218,219,0,0,0,297,0,0,25,0,332,,,,
4204,Glimmering Visions,1116,47,48,49,218,219,0,0,0,297,0,0,25,0,332,,,,
4205,Scintillating Visions,1117,47,48,49,218,219,0,0,0,297,0,0,25,0,332,,,,
4206,Glittering Visions,1117,47,48,49,218,219,0,0,0,298,0,0,25,0,332,,,,
4207,Radiant Visions,1117,47,48,49,218,219,0,0,0,298,0,0,25,0,332,,,,
4208,Bedazzling Visions,1118,47,48,49,218,219,0,0,0,299,0,0,25,0,332,,,,
4209,Coruscating Visions,1119,47,48,49,218,219,0,0,0,300,0,0,25,0,332,,,,
4211,Illusory Enemy,1455,32,33,34,218,219,0,0,0,77,0,289,0,0,332,,,,
4212,Fabricated Enemy,1455,32,33,34,218,219,0,0,0,77,0,289,0,0,332,,,,
4213,Imaginary Enemy,1456,32,33,34,218,219,0,0,0,77,0,289,0,0,332,,,,
4214,Phantom Enemy,1457,32,33,34,218,219,0,0,0,78,0,301,0,0,332,,,,
4215,Ghostly Enemy,1458,32,33,34,218,219,0,0,0,78,0,301,0,0,332,,,,
4216,Dream Enemy,1459,32,33,34,218,219,0,0,0,78,0,301,0,0,332,,,,
4221,Deluge of Illusion,2375,47,48,49,218,219,0,0,0,203,0,0,25,77,332,,,,
4222,Flood of Illusion,2375,47,48,49,218,219,0,0,0,203,0,0,25,77,332,,,,
4223,Sea of Illusion,2376,47,48,49,218,219,0,0,0,203,0,0,25,77,332,,,,
4224,Rush of Illusion,2376,47,48,49,218,219,0,0,0,204,0,0,25,77,332,,,,
4225,Flux of Illusion,2377,47,48,49,218,219,0,0,0,204,0,0,25,78,332,,,,
4226,Inundation of Illusion,2378,47,48,49,218,219,0,0,0,204,0,0,25,78,332,,,,
4227,Cataclysm of Illusion,2379,47,48,49,218,219,0,0,0,205,0,0,25,78,332,,,,
4231,Hypnotic Vision,925,32,33,34,218,219,0,0,0,225,0,0,2,0,332,,,,
4232,Hypnotic Fancy,925,32,33,34,218,219,0,0,0,225,0,0,2,0,332,,,,
4233,Hypnotic Illusion,926,32,33,34,218,219,0,0,0,225,0,0,2,0,332,,,,
4234,Hypnotic Dream,926,32,33,34,218,219,0,0,0,226,0,0,2,0,332,,,,
4235,Hypnotic Imaginings,927,32,33,34,218,219,0,0,0,226,0,0,2,0,332,,,,
4236,Hypnotic Fantasy,928,32,33,34,218,219,0,0,0,226,0,0,2,0,332,,,,
4237,Hypnotic Chimera,929,32,33,34,218,219,0,0,0,226,0,0,2,0,332,,,,
;,,,,,,,,,,,,,,,,,,,,
;4250,Bedazzling,,,,,,,,,,,,,,,,,,,
4251,Distracting Scintillation,905,47,48,49,218,219,0,0,0,288,0,0,15,0,332,,,,
4252,Soporific Scintillation,905,47,48,49,218,219,0,0,0,288,0,0,15,0,332,,,,
4253,Blinding Scintillation,906,47,48,49,218,219,0,0,0,288,0,0,15,0,332,,,,
4254,Disturbing Scintillation,907,47,48,49,218,219,0,0,0,289,0,0,15,0,332,,,,
4255,Perturbing Scintillation,908,47,48,49,218,219,0,0,0,289,0,0,15,0,332,,,,
4256,Agitating Scintillation,909,47,48,49,218,219,0,0,0,289,0,0,15,0,332,,,,
4261,Misleading Rapture,1395,50,51,52,218,219,0,244,0,203,0,0,25,0,332,,,,
4262,Delusional Rapture,1395,50,51,52,218,219,0,244,0,203,0,0,25,0,332,,,,
4263,Mystifying Rapture,1395,50,51,52,218,219,0,244,0,203,0,0,25,0,332,,,,
4264,Duplicitous Rapture,1396,50,51,52,218,219,0,244,0,204,0,0,25,0,332,,,,
4265,Illusory Rapture,1396,50,51,52,218,219,0,244,0,204,0,0,25,0,332,,,,
4266,Deceiving Rapture,1397,50,51,52,218,219,0,244,0,204,0,0,25,0,332,,,,
4267,Beguiling Rapture,1397,50,51,52,218,219,0,244,0,205,0,0,25,0,332,,,,
4268,Phantom Rapture,1398,50,51,52,218,219,0,244,0,205,0,0,25,0,332,,,,
4269,Insidious Rapture,1399,50,51,52,218,219,0,244,0,205,0,0,25,0,332,,,,
4271,Field of Scintillation,1271,47,48,49,218,219,0,0,0,288,0,0,15,288,332,,,,
4272,Array of Scintillation,1272,47,48,49,218,219,0,0,0,288,0,0,15,288,332,,,,
4273,Sea of Scintillation,1272,47,48,49,218,219,0,0,0,288,0,0,15,288,332,,,,
4274,Sky of Scintillation,1273,47,48,49,218,219,0,0,0,302,0,0,15,302,332,,,,
4275,Galaxy of Scintillation,1274,47,48,49,218,219,0,0,0,302,0,0,15,302,332,,,,
4280,Dazzling Flash,1956,32,33,34,0,0,0,275,0,101,0,275,2,12,332,,,,
4281,Dazzling Torch,1957,32,33,34,0,0,0,275,0,129,0,275,2,141,332,,,,
4282,Dazzling Flare,1958,32,33,34,0,0,0,275,0,129,0,275,2,141,332,,,,
4283,Dazzling Strobe,1959,32,33,34,0,0,0,275,0,129,0,275,2,142,332,,,,
;,,,,,,,,,,,,,,,,,,,,
;4300,Way of the Moon,,,,,,,,,,,,,,,,,,,
4301,Lesser Powerward,985,32,33,34,218,219,230,0,0,235,0,0,24,0,332,,,,
4302,Powerward,985,32,33,34,218,219,230,0,0,235,0,0,24,0,332,,,,
4303,Lesser Powerbarrier,985,32,33,34,218,219,230,0,0,235,0,0,24,0,332,,,,
4304,Powerbarrier,985,32,33,34,218,219,230,0,0,235,0,0,24,0,332,,,,
4305,Lesser Powerfield,986,32,33,34,218,219,230,0,0,236,0,0,24,0,332,,,,
4306,Powerfield,986,32,33,34,218,219,230,0,0,236,0,0,24,0,332,,,,
4307,Powershield,987,32,33,34,218,219,230,0,0,237,0,0,24,0,332,,,,
4308,Greater Powershield,988,32,33,34,218,219,230,0,0,238,0,0,24,0,332,,,,
4309,Greater Powerguard,988,32,33,34,218,219,230,0,0,239,0,0,24,0,332,,,,
4310,Supreme Powerguard,989,32,33,34,218,219,230,0,0,239,0,0,24,0,332,,,,
4311,Aura of Turning,305,32,33,34,218,219,230,0,0,285,0,0,24,0,332,,,,
4312,Greater Aura of Turning,305,32,33,34,218,219,230,0,0,286,0,0,24,0,332,,,,
4313,Aura of Redirection,305,32,33,34,218,219,230,0,0,286,0,0,24,0,332,,,,
4314,Greater Aura of Redirection,306,32,33,34,218,219,230,0,0,286,0,0,24,0,332,,,,
4315,Aura of Reflection,307,32,33,34,218,219,230,0,0,287,0,0,24,0,332,,,,
4316,Greater Aura of Reflection,308,32,33,34,218,219,230,0,0,287,0,0,24,0,332,,,,
4317,Aura of Global Feedback,309,32,33,34,218,219,230,0,0,287,0,0,24,0,332,,,,
4321,Barrier of Negation,1246,32,33,34,218,219,230,0,0,35,0,0,24,0,332,,,,
4322,Ward of Power,1268,32,33,34,218,219,230,0,0,283,0,0,24,0,332,,,,
4323,Barrier of Power,1269,32,33,34,218,219,230,0,0,282,0,0,24,0,332,,,,
;,,,,,,,,,,,,,,,,,,,,
;4350,Vacuumancy,,,,,,,,,,,,,,,,,,,
4351,Lesser Ensnaring Blast,1055,47,48,49,261,262,0,0,0,256,0,0,12,0,332,,,,
4352,Ensnaring Blast,1055,47,48,49,261,262,0,0,0,256,0,0,12,0,332,,,,
4353,Greater Ensnaring Blast,1055,47,48,49,261,262,0,0,0,256,0,0,12,0,332,,,,
4354,Entangling Blast,1056,47,48,49,261,262,0,0,0,257,0,0,12,0,332,,,,
4355,Greater Entangling Blast,1056,47,48,49,261,262,0,0,0,257,0,0,12,0,332,,,,
4356,Webbing Blast,1057,47,48,49,261,262,0,0,0,257,0,0,12,0,332,,,,
4357,Greater Webbing Blast,1057,47,48,49,261,262,0,0,0,258,0,0,12,0,332,,,,
4358,Demobilizing Blast,1058,47,48,49,261,262,0,0,0,258,0,0,12,0,332,,,,
4359,Greater Demobilizing Blast,1059,47,48,49,261,262,0,0,0,258,0,0,12,0,332,,,,
4361,Lesser Mana Ripple,1300,47,48,49,261,262,240,241,0,203,0,0,25,293,332,,,,
4362,Mana Ripple,1300,47,48,49,261,262,240,241,0,203,0,0,25,293,332,,,,
4363,Mana Eddy,1300,47,48,49,261,262,240,241,0,203,0,0,25,293,332,,,,
4364,Mana Splash,1301,47,48,49,261,262,240,241,0,203,0,0,25,293,332,,,,
4365,Mana Burst,1301,47,48,49,261,262,240,242,0,203,0,0,25,293,332,,,,
4366,Mana Flux,1302,47,48,49,261,262,240,242,0,203,0,0,25,293,332,,,,
4367,Mana Billow,1302,47,48,49,261,262,240,242,0,204,0,0,25,293,332,,,,
4368,Mana Surge,1303,47,48,49,261,262,240,242,0,204,0,0,25,293,332,,,,
4369,Mana Flood,1304,47,48,49,261,262,240,243,0,204,0,0,25,293,332,,,,
4371,Entropic Affliction,1150,35,36,37,261,262,0,0,0,291,0,0,27,291,332,,,,
4372,Entropic Sickness,2391,35,36,37,261,262,0,0,0,291,0,0,27,291,332,,,,
4373,Entropic Illness,2392,35,36,37,261,262,0,0,0,291,0,0,27,291,332,,,,
4374,Entropic Disease,2393,35,36,37,261,262,0,0,0,291,0,0,27,291,332,,,,
4375,Entropic Pestilence,2394,35,36,37,261,262,0,0,0,291,0,0,27,291,332,,,,
4376,Entropic Affliction,940,35,36,37,261,262,0,0,0,43,0,0,27,0,332,,,,
4377,Enervating Affliction,941,35,36,37,261,262,0,0,0,43,0,0,27,0,332,,,,
4378,Enfeebling Affliction,942,35,36,37,261,262,0,0,0,43,0,0,27,0,332,,,,
4379,Langouring Affliction,943,35,36,37,261,262,0,0,0,43,0,0,27,0,332,,,,
4380,Debilitating Affliction,944,35,36,37,261,262,0,0,0,43,0,0,27,0,332,,,,
4381,Lesser Strength Dispersal,1240,47,48,49,261,262,0,0,0,65,0,0,27,65,332,,,,
4382,Disperse Strength,1240,47,48,49,261,262,0,0,0,65,0,0,27,65,332,,,,
4383,Lesser Vigor Dispersal,1241,47,48,49,261,262,0,0,0,65,0,0,27,65,332,,,,
4384,Disperse Vigor,1241,47,48,49,261,262,0,0,0,66,0,0,27,66,332,,,,
4385,Lesser Health Dispersal,317,47,48,49,261,262,0,0,0,66,0,0,27,66,332,,,,
4386,Disperse Health,318,47,48,49,261,262,0,0,0,66,0,0,27,66,332,,,,
4387,Greater Vitality Dispersal,319,47,48,49,261,262,0,0,0,66,0,0,27,66,332,,,,
4391,Lesser Kinetic Dispersal,1515,50,51,52,261,262,0,244,0,213,0,0,25,292,332,,,,
4392,Kinetic Dispersal,1515,50,51,52,261,262,0,244,0,213,0,0,25,292,332,,,,
4393,Lesser Kinetic Dampening,1516,50,51,52,261,262,0,244,0,214,0,0,25,292,332,,,,
4394,Kinetic Dampening,1517,50,51,52,261,262,0,244,0,214,0,0,25,292,332,,,,
4395,Lesser Kinetic Siphon,1518,50,51,52,261,262,0,244,0,215,0,0,25,292,332,,,,
4396,Kinetic Siphon,1519,50,51,52,261,262,0,244,0,215,0,0,25,292,332,,,,
;,,,,,,,,,,,,,,,,,,,,
;4400,Holism,,,,,,,,,,,,,,,,,,,
4401,Lesser Mind Jolt,1450,41,42,43,37,38,0,0,0,50,0,0,20,0,332,,,,
4402,Mind Jolt,1450,41,42,43,37,38,0,0,0,50,0,0,20,0,332,,,,
4403,Lesser Mind Blast,1450,41,42,43,37,38,0,0,0,50,0,0,20,0,332,,,,
4404,Mind Blast,1451,41,42,43,37,38,0,0,0,101,0,0,20,0,332,,,,
4405,Lesser Mind Scream,1451,41,42,43,37,38,0,0,0,101,0,0,20,0,332,,,,
4406,Mind Scream,1452,41,42,43,37,38,0,0,0,101,0,0,20,0,332,,,,
4407,Lesser Mind Shriek,1452,47,48,49,37,38,0,0,0,129,0,0,20,0,332,,,,
4408,Mind Shriek,1453,47,48,49,37,38,0,0,0,129,0,0,20,0,332,,,,
4409,Mind Flay,1454,47,48,49,37,38,0,0,0,129,0,0,20,0,332,,,,
4411,Curative Trance,2156,32,33,34,1,2,0,0,0,179,0,0,8,0,332,,,,
4412,Restorative Trance,2157,32,33,34,1,2,0,0,0,179,0,0,8,0,332,,,,
4413,Healing Trance,2158,32,33,34,1,2,0,0,0,180,0,0,8,0,332,,,,
4414,Sanative Trance,2159,32,33,34,1,2,0,0,0,181,0,0,8,0,332,,,,
4421,Minor Mind Fade,1100,32,33,34,218,219,0,0,0,148,0,0,2,0,332,,,,
4422,Lesser Mind Fade,1100,32,33,34,218,219,0,0,0,148,0,0,2,0,332,,,,
4423,Mind Fade,1100,32,33,34,218,219,0,0,0,148,0,0,2,0,332,,,,
4424,Lesser Mind Dissolution,1101,32,33,34,218,219,0,0,0,149,0,0,2,0,332,,,,
4425,Mind Dissolution,1101,32,33,34,218,219,0,0,0,149,0,0,2,0,332,,,,
4426,Greater Mind Dissolution,1102,32,33,34,218,219,0,0,0,149,0,0,2,0,332,,,,
4427,Lesser Mind Melt,1102,32,33,34,218,219,0,0,0,149,0,0,2,0,332,,,,
4428,Mind Melt,1103,32,33,34,218,219,0,0,0,149,0,0,2,0,332,,,,
4429,Greater Mind Melt,1103,32,33,34,218,219,0,0,0,159,0,0,2,0,332,,,,
4430,Mind Annihilation,1104,32,33,34,218,219,0,0,0,159,0,0,2,0,332,,,,
4431,Complete Mind Annihilation,1104,32,33,34,218,219,0,0,0,159,0,0,2,0,332,,,,
4435,Empowering Unity,910,32,33,34,1,2,0,0,0,179,130,0,8,0,332,,,,
4436,Empowering Harmony,911,32,33,34,1,2,0,0,0,179,130,0,8,0,332,,,,
4437,Empowering Tranquility,912,32,33,34,1,2,0,0,0,179,130,0,8,0,332,,,,
4438,Empowering Concordance,913,32,33,34,1,2,0,0,0,180,130,0,8,0,332,,,,
4439,Empowering Perfection,914,32,33,34,1,2,0,0,0,181,130,0,8,0,332,,,,
4441,Shroud of Madness,1110,32,33,34,218,219,0,0,0,148,0,0,2,148,332,,,,
4442,Fog of Delirium,1111,32,33,34,218,219,0,0,0,148,0,0,2,148,332,,,,
4443,Hallucinatory Winds,1112,32,33,34,218,219,0,0,0,149,0,0,2,149,332,,,,
4444,Torrent of Dementia,1113,32,33,34,218,219,0,0,0,149,0,0,2,149,332,,,,
4445,Storm of Insanity,1114,32,33,34,218,219,0,0,0,159,0,0,2,159,332,,,,
;,,,,,,,,,,,,,,,,,,,,
;4450,Empowering,,,,,,,,,,,,,,,,,,,
4451,Aura of Echoing,1105,32,33,34,218,219,230,0,0,282,0,0,24,0,332,,,,
4452,Greater Aura of Echoing,1105,32,33,34,218,219,230,0,0,282,0,0,24,0,332,,,,
4453,Aura of Reflection,1106,32,33,34,218,219,230,0,0,282,0,0,24,0,332,,,,
4454,Greater Aura of Reflection,1106,32,33,34,218,219,230,0,0,282,0,0,24,0,332,,,,
4455,Aura of Resonation,1107,32,33,34,218,219,230,0,0,282,0,0,24,0,332,,,,
4456,Greater Aura of Resonation,1107,32,33,34,218,219,230,0,0,282,0,0,24,0,332,,,,
4457,Aura of Reverberation,1108,32,33,34,218,219,230,0,0,282,0,0,24,0,332,,,,
4458,Greater Aura of Reverberation,1109,32,33,34,218,219,230,0,0,282,0,0,24,0,332,,,,
4461,Lesser Disenchanting Emanation,1300,47,48,49,218,219,0,241,0,293,0,0,25,293,332,,,,
4462,Disenchanting Emanation,1300,47,48,49,218,219,0,241,0,293,0,0,25,293,332,,,,
4463,Lesser Disenchanting Emission,1301,47,48,49,218,219,0,242,0,293,0,0,25,293,332,,,,
4464,Disenchanting Emission,1301,47,48,49,218,219,0,242,0,293,0,0,25,293,332,,,,
4465,Lesser Disenchanting Burst,1302,47,48,49,218,219,0,242,0,293,0,0,25,293,332,,,,
4466,Disenchanting Burst,1302,47,48,49,218,219,0,243,0,293,0,0,25,293,332,,,,
4467,Lesser Disenchanting Eruption,1303,47,48,49,218,219,0,243,0,293,0,0,25,293,332,,,,
4468,Disenchanting Eruption,1304,47,48,49,218,219,0,243,0,293,0,0,25,293,332,,,,
4471,Lesser Effervescence,320,32,33,34,218,219,230,0,0,16,0,0,24,0,332,,,,
4472,Effervescence,321,32,33,34,218,219,230,0,0,16,0,0,24,0,332,,,,
4473,Greater Effervescence,322,32,33,34,218,219,230,0,0,16,0,0,24,0,332,,,,
4474,Superior Effervescence,323,32,33,34,218,219,230,0,0,16,0,0,24,0,332,,,,
4475,Maximum Effervescence,324,32,33,34,218,219,230,0,0,16,0,0,24,0,332,,,,
4481,Amplify Heat,1162,47,48,49,55,69,0,0,0,81,0,0,27,0,332,,,,
4482,Endow Heat,1163,47,48,49,55,69,0,0,0,81,0,0,27,0,332,,,,
4483,Empower Heat,1164,47,48,49,55,69,0,0,0,81,0,0,27,0,332,,,,
4484,Amplify Cold,1167,47,48,49,55,69,0,0,0,90,0,0,27,0,332,,,,
4485,Endow Cold,1168,47,48,49,55,69,0,0,0,90,0,0,27,0,332,,,,
4486,Empower Cold,1169,47,48,49,55,69,0,0,0,90,0,0,27,0,332,,,,
4487,Amplify Matter,1172,47,48,49,55,69,0,0,0,174,0,0,27,0,332,,,,
4488,Endow Matter,1173,47,48,49,55,69,0,0,0,174,0,0,27,0,332,,,,
4489,Empower Matter,1174,47,48,49,55,69,0,0,0,174,0,0,27,0,332,,,,
;,,,,,,,,,,,,,,,,,,,,
;4500,Way of the Eclipse,,,,,,,,,,,,,,,,,,,
4501,Ethereal Concussion,1115,47,48,49,261,262,0,0,0,256,0,0,25,0,332,,,,
4502,Major Ethereal Concussion,1115,47,48,49,261,262,0,0,0,256,0,0,25,0,332,,,,
4503,Ethereal Blast,1115,47,48,49,261,262,0,0,0,256,0,0,25,0,332,,,,
4504,Major Ethereal Blast,1116,47,48,49,261,262,0,0,0,257,0,0,25,0,332,,,,
4505,Ethereal Detonation,1116,47,48,49,261,262,0,0,0,257,0,0,25,0,332,,,,
4506,Major Ethereal Detonation,1117,47,48,49,261,262,0,0,0,257,0,0,25,0,332,,,,
4507,Ethereal Explosion,1117,47,48,49,261,262,0,0,0,258,0,0,25,0,332,,,,
4508,Major Ethereal Explosion,1118,47,48,49,261,262,0,0,0,258,0,0,25,0,332,,,,
4509,Ethereal Devastation,1118,47,48,49,261,262,0,0,0,259,0,0,25,0,332,,,,
4510,Major Ethereal Devastation,1119,47,48,49,261,262,0,0,0,260,0,0,25,0,332,,,,
4511,Void Slit,1335,50,51,52,261,262,0,0,208,213,0,0,25,0,332,,,,
4512,Void Gap,1335,50,51,52,261,262,0,0,208,213,0,0,25,0,332,,,,
4513,Void Break,1335,50,51,52,261,262,0,0,208,213,0,0,25,0,332,,,,
4514,Void Cleave,1335,50,51,52,261,262,0,0,208,214,0,0,25,0,332,,,,
4515,Void Rent,1336,50,51,52,261,262,0,0,208,214,0,0,25,0,332,,,,
4516,Void Rift,1336,50,51,52,261,262,0,0,208,214,0,0,25,0,332,,,,
4517,Void Fissure,1337,50,51,52,261,262,0,0,208,215,0,0,25,0,332,,,,
4518,Void Gulf,1337,50,51,52,261,262,0,0,208,215,0,0,25,0,332,,,,
4519,Void Chasm,1338,50,51,52,261,262,0,0,208,216,0,0,25,0,332,,,,
4520,Void Abyss,1339,50,51,52,261,262,0,0,208,217,0,0,25,0,332,,,,
4521,Void Snare,1096,35,36,37,160,161,0,0,0,329,154,0,2,0,332,,,,
4522,Void Net,1096,35,36,37,160,161,0,0,0,329,154,0,2,0,332,,,,
4523,Void Web,1097,35,36,37,160,161,0,0,0,329,154,0,2,0,332,,,,
4524,Void Clamp,1098,35,36,37,160,161,0,0,0,329,154,0,2,0,332,,,,
4525,Void Lock,1099,35,36,37,160,161,0,0,0,329,154,0,2,0,332,,,,
4526,Void Chains,1099,35,36,37,160,161,0,0,0,329,154,0,2,0,332,,,,
4531,Cancel Strength,1130,47,48,49,261,262,0,0,0,54,296,0,27,0,332,,,,
4532,Negate Strength,1131,47,48,49,261,262,0,0,0,54,296,0,27,0,332,,,,
4533,Unmake Strength,1132,47,48,49,261,262,0,0,0,54,296,0,27,0,332,,,,
4534,Abrogate Strength,1132,47,48,49,261,262,0,0,0,54,296,0,27,0,332,,,,
4535,Void Strength,1133,47,48,49,261,262,0,0,0,129,296,0,27,0,332,,,,
4536,Vitiate Strength,1134,47,48,49,261,262,0,0,0,129,296,0,27,0,332,,,,
4537,Null Strength,1134,47,48,49,261,262,0,0,0,129,296,0,27,0,332,,,,
;,,,,,,,,,,,,,,,,,,,,
;,,,,,,,,,,,,,,,,,,,,
;4550,Void Mastery,,,,,,,,,,,,,,,,,,,
4551,Nil Bolt,1390,50,51,52,261,262,0,0,208,213,0,0,25,0,332,,,,
4552,Void Bolt,1390,50,51,52,261,262,0,0,208,213,0,0,25,0,332,,,,
4553,Negative Bolt,1390,50,51,52,261,262,0,0,208,213,0,0,25,0,332,,,,
4554,Abrogation Bolt,1391,50,51,52,261,262,0,0,208,214,0,0,25,0,332,,,,
4555,Null Bolt,1391,50,51,52,261,262,0,0,208,214,0,0,25,0,332,,,,
4556,Oblivion Bolt,1392,50,51,52,261,262,0,0,208,215,0,0,25,0,332,,,,
4557,Annihilation Bolt,1392,50,51,52,261,262,0,0,208,216,0,0,25,0,332,,,,
4558,Obliteration Bolt,1393,50,51,52,261,262,0,0,208,216,0,0,25,0,332,,,,
4559,Bolt of Uncreation,1394,50,51,52,261,262,0,0,208,217,0,0,25,0,332,,,,
4561,Lesser Null Squall,1470,50,51,52,261,262,0,0,0,213,0,0,25,101,332,,,,
4562,Null Squall,1470,50,51,52,261,262,0,0,0,213,0,0,25,101,332,,,,
4563,Lesser Null Storm,1471,50,51,52,261,262,0,0,0,213,0,0,25,101,332,,,,
4564,Null Storm,1471,50,51,52,261,262,0,0,0,213,0,0,25,129,332,,,,
4565,Lesser Null Ebullition,1472,50,51,52,261,262,0,0,0,214,0,0,25,129,332,,,,
4566,Null Ebullition,1472,50,51,52,261,262,0,0,0,215,0,0,25,129,332,,,,
4567,Lesser Null Tempest,1473,50,51,52,261,262,0,0,0,216,0,0,25,88,332,,,,
4568,Null Tempest,1474,50,51,52,261,262,0,0,0,217,0,0,25,88,332,,,,
4571,Nullify Hardiness,1217,35,36,37,160,161,0,0,0,101,0,0,2,0,332,,,,
4572,Negate Hardiness,1218,35,36,37,160,161,0,0,0,101,0,0,2,0,332,,,,
4573,Void Hardiness,1219,35,36,37,160,161,0,0,0,101,0,0,2,0,332,,,,
4574,Nullify Spirit,1222,35,36,37,160,161,0,0,0,154,0,0,2,0,332,,,,
4575,Negate Spirit,1223,35,36,37,160,161,0,0,0,154,0,0,2,0,332,,,,
4576,Void Spirit,1224,35,36,37,160,161,0,0,0,154,0,0,2,0,332,,,,
4577,Nullify Dissipation,1227,35,36,37,160,161,0,0,0,156,0,0,2,0,332,,,,
4578,Negate Dissipation,1228,35,36,37,160,161,0,0,0,156,0,0,2,0,332,,,,
4579,Void Dissipation,1229,35,36,37,160,161,0,0,0,156,0,0,2,0,332,,,,
4581,Sphere of Negation,1571,47,48,49,261,262,0,0,0,257,0,0,25,88,332,,,,
4582,Sphere of Oblivion,1572,47,48,49,261,262,0,0,0,258,0,0,25,88,332,,,,
4583,Sphere of Annihilation,1573,47,48,49,261,262,0,0,0,259,0,0,25,88,332,,,,
4584,Sphere of Unmaking,1574,47,48,49,261,262,0,0,0,260,0,0,25,88,332,,,,
4591,Sphere of Negation,1571,47,48,49,261,262,0,0,0,214,0,0,25,88,332,,,,
4592,Sphere of Oblivion,1572,47,48,49,261,262,0,0,0,215,0,0,25,88,332,,,,
4593,Sphere of Annihilation,1573,47,48,49,261,262,0,0,0,216,0,0,25,88,332,,,,
4594,Sphere of Unmaking,1574,47,48,49,261,262,0,0,0,217,0,0,25,88,332,,,,
;,,,,,,,,,,,,,,,,,,,,
;4600,Mentalism,,,,,,,,,,,,,,,,,,,
4601,Somatic Reconstitution,1520,41,42,43,218,219,0,0,0,220,0,0,2,0,332,,,,
4602,Somatic Renewal,1520,41,42,43,218,219,0,0,0,220,0,0,2,0,332,,,,
4603,Somatic Reparation,1520,41,42,43,218,219,0,0,0,220,0,0,2,0,332,,,,
4604,Somatic Revigoration,1521,41,42,43,218,219,0,0,0,220,0,0,2,0,332,,,,
4605,Somatic Relief,1521,41,42,43,218,219,0,0,0,221,0,0,2,0,332,,,,
4606,Somatic Rejuvenation,1522,41,42,43,218,219,0,0,0,221,0,0,2,0,332,,,,
4607,Somatic Regeneration,1522,41,42,43,218,219,0,0,0,221,0,0,2,0,332,,,,
4608,Somatic Rehabilitation,1523,41,42,43,218,219,0,0,0,222,0,0,2,0,332,,,,
4609,Somatic Revival,1523,41,42,43,218,219,0,0,0,222,0,0,2,0,332,,,,
4610,Somatic Resuscitation,1524,41,42,43,218,219,0,0,0,222,0,0,2,0,332,,,,
4611,Illusory Ache,2010,32,33,34,218,219,0,0,0,148,0,0,2,0,332,,,,
4612,Illusory Pains,2010,32,33,34,218,219,0,0,0,148,0,0,2,0,332,,,,
4613,Illusory Cramps,2010,32,33,34,218,219,0,0,0,148,0,0,2,0,332,,,,
4614,Illusory Anguish,2011,32,33,34,218,219,0,0,0,148,0,0,2,0,332,,,,
4615,Illusory Spasms,2011,32,33,34,218,219,0,0,0,149,0,0,2,0,332,,,,
4616,Illusory Convulsions,2011,32,33,34,218,219,0,0,0,149,0,0,2,0,332,,,,
4617,Illusory Agony,2012,32,33,34,218,219,0,0,0,149,0,0,2,0,332,,,,
4618,Illusory Lacerations,2012,32,33,34,218,219,0,0,0,149,0,0,2,0,332,,,,
4619,Illusory Torture,2013,32,33,34,218,219,0,0,0,159,0,0,2,0,332,,,,
4620,Illusory Excrutiation,2014,32,33,34,218,219,0,0,0,159,0,0,2,0,332,,,,
4621,Illusory Neuralgia,2014,32,33,34,218,219,0,0,0,159,0,0,2,0,332,,,,
4622,Illusion of Guarding,2382,32,33,34,251,252,0,0,0,235,0,0,9,0,332,,,,
4623,Illusion of Shielding,2383,32,33,34,251,252,0,0,0,236,0,0,9,0,332,,,,
4624,Illusion of Protection,2384,32,33,34,251,252,0,0,0,237,0,0,9,0,332,,,,
;,,,,,,,,,,,,,,,,,,,,
;4650,Mind Mastery,,,,,,,,,,,,,,,,,,,
4651,Major Somatic Renewal,1525,41,42,43,218,219,0,0,0,220,0,0,2,0,332,,,,
4652,Major Somatic Reparation,1525,41,42,43,218,219,0,0,0,220,0,0,2,0,332,,,,
4653,Major Somatic Revigoration,1525,41,42,43,218,219,0,0,0,221,0,0,2,0,332,,,,
4654,Major Somatic Relief,1526,41,42,43,218,219,0,0,0,221,0,0,2,0,332,,,,
4655,Major Somatic Rejuvenation,1526,41,42,43,218,219,0,0,0,222,0,0,2,0,332,,,,
4656,Major Somatic Regeneration,1527,41,42,43,218,219,0,0,0,222,0,0,2,0,332,,,,
4657,Major Somatic Rehabilitation,1527,41,42,43,218,219,0,0,0,223,0,0,2,0,332,,,,
4658,Major Somatic Revival,1528,41,42,43,218,219,0,0,0,223,0,0,2,0,332,,,,
4659,Major Somatic Resuscitation,1529,41,42,43,218,219,0,0,0,224,0,0,2,0,332,,,,
4661,Delusion,1230,32,33,34,218,219,0,0,0,20,0,0,2,0,332,,,,
4662,Delirium,1230,32,33,34,218,219,0,0,0,20,0,0,2,0,332,,,,
4663,Dementation,1230,32,33,34,218,219,0,0,0,20,0,0,2,0,332,,,,
4664,Paranoia,1231,32,33,34,218,219,0,0,0,20,0,0,2,0,332,,,,
4665,Eccentricity,1231,32,33,34,218,219,0,0,0,20,0,0,2,0,332,,,,
4666,Madness,1232,32,33,34,218,219,0,0,0,20,0,0,2,0,332,,,,
4667,Derangment,1233,32,33,34,218,219,0,0,0,20,0,0,2,0,332,,,,
4668,Insanity,1234,32,33,34,218,219,0,0,0,20,0,0,2,0,332,,,,
4671,Enfeeble Mind,855,32,33,34,55,69,0,0,0,225,0,0,27,0,332,,,,
4672,Cripple Mind,855,32,33,34,55,69,0,0,0,225,0,0,27,0,332,,,,
4673,Incapacitate Mind,855,32,33,34,55,69,0,0,0,226,0,0,27,0,332,,,,
4674,Disable Mind,856,32,33,34,55,69,0,0,0,226,0,0,27,0,332,,,,
4675,Paralyze Mind,856,32,33,34,55,69,0,0,0,226,0,0,27,0,332,,,,
4676,Lock Mind,857,32,33,34,55,69,0,0,0,227,0,0,27,0,332,,,,
4677,Petrify Mind,858,32,33,34,55,69,0,0,0,227,0,0,27,0,332,,,,
4678,Unmake Mind,859,32,33,34,55,69,0,0,0,227,0,0,27,0,332,,,,
4679,Mental Purification,1279,32,33,34,1,2,0,0,0,289,0,0,8,0,332,,,,
;,,,,,,,,,,,,,,,,,,,,
4701,Underhill Friend,1030,38,39,40,160,161,0,170,0,0,0,0,2,0,332,,,,
4702,Underhill Companion,1031,38,39,40,160,161,0,170,0,0,0,0,2,0,332,,,,
4703,Underhill Ally,1032,38,39,40,160,161,0,170,0,0,0,0,2,0,332,,,,
4704,Underhill Compatriot,1033,38,39,40,160,161,0,170,0,0,0,0,2,0,332,,,,
4705,Underhill Zealot,1034,38,39,40,160,161,0,170,0,0,0,0,2,0,332,,,,
4711,Assist Ally,1185,41,42,43,218,219,0,0,0,220,0,0,2,0,332,,,,
4712,Support Ally,1185,41,42,43,218,219,0,0,0,220,0,0,2,0,332,,,,
4713,Help Ally,1185,41,42,43,218,219,0,0,0,220,0,0,2,0,332,,,,
4714,Invest Ally,1186,41,42,43,218,219,0,0,0,221,0,0,2,0,332,,,,
4715,Reinforce Ally,1186,41,42,43,218,219,0,0,0,221,0,0,2,0,332,,,,
4716,Infuse Ally,1187,41,42,43,218,219,0,0,0,221,0,0,2,0,332,,,,
4717,Imbue Ally,1188,41,42,43,218,219,0,0,0,222,0,0,2,0,332,,,,
4718,Succor Ally,1189,41,42,43,218,219,0,0,0,222,0,0,2,0,332,,,,
;,,,,,,,,,,,,,,,,,,,,
;4750,Enchantment Mastery,,,,,,,,,,,,,,,,,,,
4751,Twinkling Arms,60,32,33,34,218,219,230,0,0,77,0,0,24,0,332,,,,
4752,Glossed Arms,60,32,33,34,218,219,230,0,0,77,0,0,24,0,332,,,,
4753,Shining Arms,61,32,33,34,218,219,230,0,0,77,0,0,24,0,332,,,,
4754,Shimmering Arms,61,32,33,34,218,219,230,0,0,77,0,0,24,0,332,,,,
4755,Glowing Arms,62,32,33,34,218,219,230,0,0,78,0,0,24,0,332,,,,
4756,Glittering Arms,62,32,33,34,218,219,230,0,0,78,0,0,24,0,332,,,,
4757,Brilliant Arms,63,32,33,34,218,219,230,0,0,78,0,0,24,0,332,,,,
4758,Splendorous Arms,64,32,33,34,218,219,230,0,0,78,0,0,24,0,332,,,,
4759,Dazzling Arms,1513,32,33,34,218,219,230,0,0,78,0,0,24,0,332,,,,
4760,Radiant Arms,1514,32,33,34,218,219,230,0,0,78,0,0,24,0,332,,,,
4761,Strength of the Underhill,1180,32,33,34,218,219,0,0,0,171,0,0,2,0,332,,,,
4762,Vigor of the Underhill,1180,32,33,34,218,219,0,0,0,171,0,0,2,0,332,,,,
4763,Zest of the Underhill,1181,32,33,34,218,219,0,0,0,171,0,0,2,0,332,,,,
4764,Power of the Underhill,1181,32,33,34,218,219,0,0,0,171,0,0,2,0,332,,,,
4765,Vim of the Underhill,1182,32,33,34,218,219,0,0,0,190,0,0,2,0,332,,,,
4766,Force of the Underhill,1183,32,33,34,218,219,0,0,0,190,0,0,2,0,332,,,,
4767,Fury of the Underhill,1184,32,33,34,218,219,0,0,0,190,0,0,2,0,332,,,,
4771,Craftiness,1190,32,33,34,218,219,0,0,0,77,0,0,2,0,332,,,,
4772,Subtlety,1190,32,33,34,218,219,0,0,0,77,0,0,2,0,332,,,,
4773,Cunning,1191,32,33,34,218,219,0,0,0,77,0,0,2,0,332,,,,
4774,Slyness,1191,32,33,34,218,219,0,0,0,78,0,0,2,0,332,,,,
4775,Trickiness,1192,32,33,34,218,219,0,0,0,78,0,0,2,0,332,,,,
4776,Wiliness,1192,32,33,34,218,219,0,0,0,78,0,0,2,0,332,,,,
4777,Guile,1193,32,33,34,218,219,0,0,0,78,0,0,2,0,332,,,,
4778,Subdolosity,1194,32,33,34,218,219,0,0,0,78,0,0,2,0,332,,,,
4780,Beguiling Will,2169,41,42,43,218,219,0,0,0,290,0,0,27,0,332,,,,
4781,Insidious Will,2169,41,42,43,218,219,0,0,0,291,0,0,27,0,332,,,,
4782,Enchanted Armor,2371,38,39,40,218,219,0,0,0,308,287,0,8,0,332,,,,
4783,Shimmering Armor,2373,38,39,40,218,219,0,0,0,309,287,0,8,0,332,,,,
4784,Splendorous Armor,2374,38,39,40,218,219,0,0,0,310,287,0,8,0,332,,,,
4785,Enchanted Armor,2371,0,0,0,0,0,0,0,0,4,0,0,8,0,332,,,,
4786,Shimmering Armor,2373,0,0,0,0,0,0,0,0,132,0,0,8,0,332,,,,
4787,Splendorous Armor,2374,0,0,0,0,0,0,0,0,178,0,0,8,0,332,,,,
;,,,,,,,,,,,,,,,,,,,,
;,DRUID,,,,,,,,,,,,,,,,,,,
;4800,Regrowth,,,,,,,,,,,,,,,,,,,
4801,Minor Revigoration,350,32,33,34,251,252,0,0,0,4,0,0,8,0,332,,,,
4802,Minor Renewal,350,32,33,34,251,252,0,0,0,4,0,0,8,0,332,,,,
4803,Minor Revivification,350,32,33,34,251,252,0,0,0,25,0,0,8,0,332,,,,
4804,Minor Resurgance,351,32,33,34,251,252,0,0,0,25,0,0,8,0,332,,,,
4805,Minor Revival,351,32,33,34,251,252,0,0,0,25,0,0,8,0,332,,,,
4806,Minor Regeneration,351,32,33,34,251,252,0,0,0,178,0,0,8,0,332,,,,
4807,Minor Regrowth,352,32,33,34,251,252,0,0,0,178,0,0,8,0,332,,,,
4808,Minor Restoration,352,32,33,34,251,252,0,0,0,178,0,0,8,0,332,,,,
4809,Minor Resuscitation,353,32,33,34,251,252,0,0,0,179,0,0,8,0,332,,,,
4810,Minor Renascence,353,32,33,34,251,252,0,0,0,179,0,0,8,0,332,,,,
4811,Minor Apotheosis,354,32,33,34,251,252,0,0,0,179,0,0,8,0,332,,,,
4821,Renewal,365,32,33,34,251,252,0,0,0,308,0,0,8,0,332,,,,
4822,Revivification,365,32,33,34,251,252,0,0,0,308,27,0,8,0,332,,,,
4823,Resurgance,365,32,33,34,251,252,0,0,0,309,0,0,8,0,332,,,,
4824,Revival,366,32,33,34,251,252,0,0,0,309,27,0,8,0,332,,,,
4825,Regeneration,366,32,33,34,251,252,0,0,0,310,0,0,8,0,332,,,,
4826,Regrowth,366,32,33,34,251,252,0,0,0,310,27,0,8,0,332,,,,
4827,Restoration,367,32,33,34,251,252,0,0,0,310,107,0,8,0,332,,,,
4828,Resuscitation,367,32,33,34,251,252,0,0,0,311,27,0,8,0,332,,,,
4829,Renascence,368,32,33,34,251,252,0,0,0,311,107,0,8,0,332,,,,
4830,Apotheosis,369,32,33,34,251,252,0,0,0,311,107,0,8,0,332,,,,
4831,Minor Reconstitution,355,38,39,40,251,252,0,0,0,15,0,0,8,0,332,,,,
4841,Group Reparation,361,32,33,34,251,252,0,0,0,308,0,0,8,0,332,,,,
4842,Group Purification,362,32,33,34,251,252,0,0,0,309,0,0,8,0,332,,,,
4843,Group Restoration,363,32,33,34,251,252,0,0,0,310,0,0,8,0,332,,,,
4844,Group Emendation,364,32,33,34,251,252,0,0,0,311,0,0,8,0,332,,,,
;,,,,,,,,,,,,,,,,,,,,
;4850,Regrowth Druid Spec,,,,,,,,,,,,,,,,,,,
4851,Major Resurgance,825,32,33,34,251,252,0,0,0,221,0,0,8,0,332,,,,
4852,Major Revival,825,32,33,34,251,252,0,0,0,221,0,0,8,0,332,,,,
4853,Major Regeneration,826,32,33,34,251,252,0,0,0,221,0,0,8,0,332,,,,
4854,Major Regrowth,826,32,33,34,251,252,0,0,0,222,0,0,8,0,332,,,,
4855,Major Restoration,827,32,33,34,251,252,0,0,0,222,0,0,8,0,332,,,,
4856,Major Resuscitation,827,32,33,34,251,252,0,0,0,223,0,0,8,0,332,,,,
4857,Major Renascence,828,32,33,34,251,252,0,0,0,223,0,0,8,0,332,,,,
4858,Major Apotheosis,829,32,33,34,251,252,0,0,0,224,0,0,8,0,332,,,,
4861,Greater Revival,810,32,33,34,251,252,0,0,0,223,0,0,8,0,332,,,,
4862,Greater Regeneration,811,32,33,34,251,252,0,0,0,223,0,0,8,0,332,,,,
4863,Greater Regrowth,812,32,33,34,251,252,0,0,0,223,0,0,8,0,332,,,,
4864,Greater Restoration,812,32,33,34,251,252,0,0,0,223,0,0,8,0,332,,,,
4865,Greater Resuscitation,813,32,33,34,251,252,0,0,0,224,0,0,8,0,332,,,,
4866,Greater Renascence,813,32,33,34,251,252,0,0,0,224,0,0,8,0,332,,,,
4867,Greater Apotheosis,814,32,33,34,251,252,0,0,0,224,0,0,8,0,332,,,,
4868,Cure Poison,395,41,42,43,251,252,0,0,0,176,175,0,8,0,332,,,,
4869,Cure Disease,396,41,42,43,251,252,0,0,0,177,175,0,8,0,332,,,,
4871,Lesser Reconstitution,375,38,39,40,251,252,0,0,0,15,0,0,8,0,332,,,,
4872,Reconstitution,375,38,39,40,251,252,0,0,0,15,0,0,8,0,332,,,,
4873,Greater Reconstitution,376,38,39,40,251,252,0,0,0,15,0,0,8,0,332,,,,
4881,Nature's Appreciation,391,38,39,40,251,252,0,0,0,232,27,0,8,0,332,,,,
4882,Nature's Blessing,392,38,39,40,251,252,0,0,0,233,27,0,8,0,332,,,,
4883,Nature's Esteem,393,38,39,40,251,252,0,0,0,233,107,0,8,0,332,,,,
4884,Nature's Sanction,394,38,39,40,251,252,0,0,0,234,107,0,8,0,332,,,,
4885,Bith's Bension,802,38,39,40,251,252,0,0,0,232,305,0,8,0,332,,,,
4886,Bith's Acclaimation,803,38,39,40,251,252,0,0,0,233,305,0,8,0,332,,,,
4887,Bith's Benediction,804,38,39,40,251,252,0,0,0,234,305,0,8,0,332,,,,
4888,Healing Conflux,816,32,33,34,251,252,0,0,0,232,0,0,8,0,332,,,,
4889,Renewing Conflux,817,32,33,34,251,252,0,0,0,232,0,0,8,0,332,,,,
4890,Restoring Conflux,818,32,33,34,251,252,0,0,0,233,0,0,8,0,332,,,,
4891,Reviving Conflux,819,32,33,34,251,252,0,0,0,234,0,0,8,0,332,,,,
4892,Regenerating Spirits,847,38,39,40,251,252,0,232,0,178,0,0,8,0,332,,,,
4893,Resuscitating Spirits,848,38,39,40,251,252,0,233,0,178,0,0,8,0,332,,,,
4894,Reviving Spirits,849,38,39,40,251,252,0,234,0,179,0,0,8,0,332,,,,
;,,,,,,,,,,,,,,,,,,,,
;4900,Regrowth Warden Spec,,,,,,,,,,,,,,,,,,,
4901,Major Resurgance,810,32,33,34,251,252,0,0,0,221,0,0,8,0,332,,,,
4902,Major Revival,810,32,33,34,251,252,0,0,0,221,0,0,8,0,332,,,,
4903,Major Regeneration,811,32,33,34,251,252,0,0,0,221,0,0,8,0,332,,,,
4904,Major Regrowth,811,32,33,34,251,252,0,0,0,222,0,0,8,0,332,,,,
4905,Major Restoration,812,32,33,34,251,252,0,0,0,222,0,0,8,0,332,,,,
4906,Major Resuscitation,812,32,33,34,251,252,0,0,0,223,0,0,8,0,332,,,,
4907,Major Renascence,813,32,33,34,251,252,0,0,0,223,0,0,8,0,332,,,,
4908,Major Apotheosis,814,32,33,34,251,252,0,0,0,224,0,0,8,0,332,,,,
4911,Solar Conversion,830,41,42,43,251,252,0,0,0,308,27,0,8,0,332,,,,
4912,Solar Absorption,831,41,42,43,251,252,0,0,0,308,27,0,8,0,332,,,,
4913,Solar Regeneration,832,41,42,43,251,252,0,0,0,309,27,0,8,0,332,,,,
4914,Solar Regrowth,833,41,42,43,251,252,0,0,0,309,107,0,8,0,332,,,,
4915,Solar Resuscitation,834,41,42,43,251,252,0,0,0,310,107,0,8,0,332,,,,
4921,Lesser Reconstitution,375,38,39,40,251,252,0,0,0,15,0,0,8,0,332,,,,
4931,Attack Unending,2160,41,42,43,251,252,0,0,0,17,0,0,8,0,332,,,,
4932,Attack Unfading,836,41,42,43,251,252,0,0,0,25,0,0,8,0,332,,,,
4933,Attack Perpetual,837,41,42,43,251,252,0,0,0,25,0,0,8,0,332,,,,
4934,Attack Unceasing,838,41,42,43,251,252,0,0,0,14,0,0,8,0,332,,,,
4935,Attack Uninterrupted,839,41,42,43,251,252,0,0,0,14,0,0,8,0,332,,,,
4936,Attack Infinite,839,41,42,43,251,252,0,0,0,14,0,0,8,0,332,,,,
;,,,,,,,,,,,,,,,,,,,,
;4950,Regrowth Bard Spec,,,,,,,,,,,,,,,,,,,
4951,Major Resurgance,800,32,33,34,251,252,0,0,0,221,0,0,8,0,332,,,,
4952,Major Revival,800,32,33,34,251,252,0,0,0,221,0,0,8,0,332,,,,
4953,Major Regeneration,801,32,33,34,251,252,0,0,0,221,0,0,8,0,332,,,,
4954,Major Regrowth,801,32,33,34,251,252,0,0,0,222,0,0,8,0,332,,,,
4955,Major Restoration,802,32,33,34,251,252,0,0,0,222,0,0,8,0,332,,,,
4956,Major Resuscitation,802,32,33,34,251,252,0,0,0,223,0,0,8,0,332,,,,
4957,Major Renascence,803,32,33,34,251,252,0,0,0,223,0,0,8,0,332,,,,
4958,Major Apotheosis,804,32,33,34,251,252,0,0,0,224,0,0,8,0,332,,,,
4961,Tones of Health,845,38,39,40,251,252,108,0,0,25,0,0,8,0,332,,,,
4962,Notes of Health,846,38,39,40,251,252,108,0,0,25,0,0,8,0,332,,,,
4963,Tunes of Health,847,38,39,40,251,252,108,0,0,25,0,0,8,0,332,,,,
4964,Chimes of Health,848,38,39,40,251,252,108,0,0,25,0,0,8,0,332,,,,
4971,Chant of Healing,825,22,23,24,251,252,108,0,0,132,0,0,4,0,332,,,,
4972,Song of Healing,826,22,23,24,251,252,108,0,0,132,0,0,4,0,332,,,,
4973,Psalm of Healing,827,22,23,24,251,252,108,0,0,132,0,0,4,0,332,,,,
4974,Hymn of Healing,828,22,23,24,251,252,108,0,0,132,0,0,4,0,332,,,,
4975,Euphony of Healing,829,22,23,24,251,252,108,0,0,132,0,0,4,0,332,,,,
4981,Lesser Reconstitution,375,38,39,40,251,252,0,0,0,15,0,0,8,0,332,,,,
4982,Cure Disease,396,38,39,40,1,2,0,0,0,177,310,0,8,0,332,,,,
4983,Cure Poison,395,41,42,43,1,2,0,0,0,176,310,0,8,0,332,,,,
;,,,,,,,,,,,,,,,,,,,,
;5000,Nurture,,,,,,,,,,,,,,,,,,,
5001,Strength of the Oak,1535,47,48,49,251,252,0,0,0,0,250,0,10,0,332,,,,
5002,Strength of the Redwood,1535,47,48,49,251,252,0,0,0,25,250,0,10,0,332,,,,
5003,Vigor of the Oak,1536,47,48,49,251,252,0,0,0,25,250,0,10,0,332,,,,
5004,Vigor of the Redwood,1536,47,48,49,251,252,0,0,0,25,250,0,10,0,332,,,,
5005,Force of the Oak,1537,47,48,49,251,252,0,0,0,16,250,0,10,0,332,,,,
5006,Force of the Redwood,1538,47,48,49,251,252,0,0,0,16,250,0,10,0,332,,,,
5007,Might of the Redwood,1539,47,48,49,251,252,0,0,0,16,250,0,10,0,332,,,,
5011,Minor Bark Skin,10,35,36,37,251,252,0,0,0,183,0,0,9,0,332,,,,
5012,Lesser Bark Skin,10,35,36,37,251,252,0,0,0,183,0,0,9,0,332,,,,
5013,Bark Skin,10,35,36,37,251,252,0,0,0,183,0,0,9,0,332,,,,
5014,Major Bark Skin,11,35,36,37,251,252,0,0,0,184,0,0,9,0,332,,,,
5015,Greater Bark Skin,11,35,36,37,251,252,0,0,0,184,0,0,9,0,332,,,,
5016,Superior Bark Skin,12,35,36,37,251,252,0,0,0,184,0,0,9,0,332,,,,
5017,Skin of the Redwood,12,35,36,37,251,252,0,0,0,185,0,0,9,0,332,,,,
5018,Greater Skin of the Redwood,13,35,36,37,251,252,0,0,0,185,0,0,9,0,332,,,,
5019,Major Skin of the Redwood,13,35,36,37,251,252,0,0,0,186,0,0,9,0,332,,,,
5020,Superior Skin of the Redwood,14,35,36,37,251,252,0,0,0,186,0,0,9,0,332,,,,
5021,Dexterity of the Ferret,20,35,36,37,251,252,0,0,0,18,0,0,10,0,332,,,,
5022,Dexterity of the Rabbit,20,35,36,37,251,252,0,0,0,18,0,0,10,0,332,,,,
5023,Dexterity of the Badger,21,35,36,37,251,252,0,0,0,18,0,0,10,0,332,,,,
5024,Dexterity of the Lynx,22,35,36,37,251,252,0,0,0,18,0,0,10,0,332,,,,
5025,Dexterity of the Bear,23,35,36,37,251,252,0,0,0,18,0,0,10,0,332,,,,
5026,Dexterity of the Wolf,24,35,36,37,251,252,0,0,0,18,0,0,10,0,332,,,,
5031,Oak's Stoutness,25,35,36,37,251,252,0,0,0,77,0,0,9,0,332,,,,
5032,Oak's Stamina,25,35,36,37,251,252,0,0,0,77,0,0,9,0,332,,,,
5033,Oak's Girth,26,35,36,37,251,252,0,0,0,77,0,0,9,0,332,,,,
5034,Redwood's Stoutness,27,35,36,37,251,252,0,0,0,78,0,0,9,0,332,,,,
5035,Redwood's Stamina,28,35,36,37,251,252,0,0,0,78,0,0,9,0,332,,,,
5036,Redwood's Girth,29,35,36,37,251,252,0,0,0,78,0,0,9,0,332,,,,
;,,,,,,,,,,,,,,,,,,,,
;5050,Druid Nurture Spec,,,,,,,,,,,,,,,,,,,
5051,Hunter's Attack,35,32,33,34,251,252,0,0,0,17,0,0,13,0,332,,,,
5052,Hunter's Blow,35,32,33,34,251,252,0,0,0,17,0,0,13,0,332,,,,
5053,Hunter's Offense,36,32,33,34,251,252,0,0,0,17,0,0,13,0,332,,,,
5054,Hunter's Press,37,32,33,34,251,252,0,0,0,17,0,0,13,0,332,,,,
5055,Hunter's Strike,38,32,33,34,251,252,0,0,0,17,0,0,13,0,332,,,,
5056,Hunter's Assault,39,32,33,34,251,252,0,0,0,17,0,0,13,0,332,,,,
5061,Strength of the Tree,65,47,48,49,251,252,0,187,0,250,0,0,10,0,332,,,,
5062,Strength of the Thicket,65,47,48,49,251,252,0,187,0,250,0,0,10,0,332,,,,
5063,Strength of the Grove,66,47,48,49,251,252,0,188,0,250,0,0,10,0,332,,,,
5064,Strength of the Orchard,66,47,48,49,251,252,0,188,0,250,0,0,10,0,332,,,,
5065,Strength of the Wood,67,47,48,49,251,252,0,188,0,250,0,0,10,0,332,,,,
5066,Strength of the Forest,68,47,48,49,251,252,0,189,0,250,0,0,10,0,332,,,,
5067,Strength of the Timberland,69,47,48,49,251,252,0,189,0,250,0,0,10,0,332,,,,
5071,Breeze's Dance,70,38,39,40,251,252,0,0,0,172,0,0,15,0,332,,,,
5072,Gust's Dance,70,38,39,40,251,252,0,0,0,172,0,0,15,0,332,,,,
5073,Squall's Dance,71,38,39,40,251,252,0,0,0,173,0,0,15,0,332,,,,
5074,Storm's Dance,72,38,39,40,251,252,0,0,0,173,0,0,15,0,332,,,,
5075,Tornado's Dance,73,38,39,40,251,252,0,0,0,174,0,0,15,0,332,,,,
5076,Zephyr's Dance,74,38,39,40,251,252,0,0,0,174,0,0,15,0,332,,,,
5077,Nature's Sight,76,38,39,40,251,252,0,0,0,15,0,0,8,0,332,,,,
5078,Nature's Wisdom,77,38,39,40,251,252,0,0,0,15,0,0,8,0,332,,,,
5079,Nature's Sagacity,78,38,39,40,251,252,0,0,0,15,0,0,8,0,332,,,,
5080,Nature's Vision,79,38,39,40,251,252,0,0,0,15,0,0,8,0,332,,,,
5081,Strength of the Sun,82,32,33,34,251,252,0,0,0,81,0,0,19,0,332,,,,
5082,Resillience of the Sun,83,32,33,34,251,252,0,0,0,81,0,0,19,0,332,,,,
5083,Aura of the Sun,84,32,33,34,251,252,0,0,0,81,0,0,19,0,332,,,,
5084,Warmth of the Badger,87,32,33,34,251,252,0,0,0,265,0,0,20,0,332,,,,
5085,Warmth of the Wolf,88,32,33,34,251,252,0,0,0,265,0,0,20,0,332,,,,
5086,Warmth of the Bear,89,32,33,34,251,252,0,0,0,265,0,0,20,0,332,,,,
5087,Earth Affinity,92,32,33,34,251,252,0,0,0,171,0,0,18,0,332,,,,
5088,Earth Bond,93,32,33,34,251,252,0,0,0,170,0,0,18,0,332,,,,
5089,Earth Union,94,32,33,34,251,252,0,0,0,170,0,0,18,0,332,,,,
;5100,Nurture Warden Spec,,,,,,,,,,,,,,,,,,,
5101,Ferocity of Nature,990,38,39,40,251,252,0,0,0,305,173,0,15,0,332,,,,
5102,Rage of Nature,990,38,39,40,251,252,0,0,0,305,173,0,15,0,332,,,,
5103,Fury of Nature,991,38,39,40,251,252,0,0,0,305,174,0,15,0,332,,,,
5104,Anger of Nature,991,38,39,40,251,252,0,0,0,305,174,0,15,0,332,,,,
5105,Hostility of Nature,992,38,39,40,251,252,0,0,0,305,344,0,15,0,332,,,,
5106,Aggression of Nature,993,38,39,40,251,252,0,0,0,21,344,0,15,0,332,,,,
5107,Reckoning of Nature,994,38,39,40,251,252,0,0,0,21,344,0,15,0,332,,,,
5111,Nature's Revenge,1510,0,0,0,251,252,0,0,0,14,173,0,10,0,332,,,,
5112,Nature's Vendetta,1510,0,0,0,251,252,0,0,0,14,174,0,10,0,332,,,,
5113,Nature's Vengeance,1511,0,0,0,251,252,0,0,0,17,173,0,10,0,332,,,,
5114,Nature's Retalliation,1511,0,0,0,251,252,0,0,0,19,173,0,10,0,332,,,,
5115,Nature's Retribution,1512,0,0,0,251,252,0,0,0,19,344,0,10,0,332,,,,
5116,Nature's Feud,1513,0,0,0,251,252,0,0,0,21,173,0,10,0,332,,,,
5117,Nature's Reckoning,1514,0,0,0,251,252,0,0,0,21,344,0,10,0,332,,,,
5121,Nature's Ward,1410,32,33,34,251,252,0,0,0,35,0,0,13,0,332,,,,
5122,Nature's Fend,1411,32,33,34,251,252,0,0,0,35,0,0,13,0,332,,,,
5123,Nature's Shield,1412,32,33,34,251,252,0,0,0,35,0,0,13,0,332,,,,
5124,Nature's Guard,1412,32,33,34,251,252,0,0,0,35,0,0,13,0,332,,,,
5125,Nature's Barrier,1413,32,33,34,251,252,0,0,0,35,0,0,13,0,332,,,,
5126,Nature's Wall,1414,32,33,34,251,252,0,0,0,35,0,0,13,0,332,,,,
5131,Guardian's Encouragement,320,47,48,49,251,252,0,0,0,172,16,0,15,0,332,,,,
5132,Benefactor's Encouragement,321,47,48,49,251,252,0,0,0,172,16,0,15,0,332,,,,
5133,Protector's Encouragement,322,47,48,49,251,252,0,0,0,172,16,0,15,0,332,,,,
5134,Warden's Encouragement,323,47,48,49,251,252,0,0,0,172,16,0,15,0,332,,,,
5135,Paragon's Encouragement,324,47,48,49,251,252,0,0,0,172,16,0,15,0,332,,,,
5141,Bolster Health,47,32,33,34,251,252,0,0,0,25,0,0,13,0,332,,,,
5142,Bolster Resillience,48,32,33,34,251,252,0,0,0,25,0,0,13,0,332,,,,
5143,Bolster Heartiness,49,32,33,34,251,252,0,0,0,25,0,0,13,0,332,,,,
5144,Warden's Courage,52,32,33,34,251,252,0,0,0,17,0,0,13,0,332,,,,
5145,Warden's Honor,53,32,33,34,251,252,0,0,0,17,0,0,13,0,332,,,,
5146,Warden's Spirit,54,32,33,34,251,252,0,0,0,17,0,0,13,0,332,,,,
5147,Defy Thunder,57,32,33,34,251,252,0,0,0,13,0,0,13,0,332,,,,
5148,Defy Storm,58,32,33,34,251,252,0,0,0,13,0,0,13,0,332,,,,
5149,Defy Lightning,59,32,33,34,251,252,0,0,0,13,0,0,13,0,332,,,,
;,,,,,,,,,,,,,,,,,,,,
;5150,Bard Nurture Spec,,,,,,,,,,,,,,,,,,,
5151,Clear Path,320,22,23,24,251,252,108,0,0,131,0,0,4,0,332,,,,
5152,Clear Trail,321,22,23,24,251,252,108,0,0,131,0,0,4,0,332,,,,
5153,Clear Road,322,22,23,24,251,252,108,0,0,131,0,0,4,0,332,,,,
5154,Clear Field,323,22,23,24,251,252,108,0,0,131,0,0,4,0,332,,,,
5155,Clear Horizon,324,22,23,24,251,252,108,0,0,131,0,0,4,0,332,,,,
5161,Rhythm of Hibernia,1540,25,26,27,251,252,108,0,0,25,0,0,5,0,332,,,,
5162,Rhythm of Earth,1541,25,26,27,251,252,108,0,0,25,0,0,5,0,332,,,,
5163,Rhythm of Nature,1542,25,26,27,251,252,108,0,0,25,0,0,5,0,332,,,,
5164,Rhythm of the World,1543,25,26,27,251,252,108,0,0,25,0,0,5,0,332,,,,
5165,Rhythm of the Cosmos,1544,25,26,27,251,252,108,0,0,25,0,0,5,0,332,,,,
5166,Rhythm of Creation,1544,25,26,27,251,252,108,0,0,25,0,0,5,0,332,,,,
5171,Rhyme of Earth,1460,29,30,31,251,252,108,0,0,14,0,0,14,0,332,,,,
5172,Rhyme of Nature,1461,29,30,31,251,252,108,0,0,14,0,0,14,0,332,,,,
5173,Rhyme of the World,1462,29,30,31,251,252,108,0,0,14,0,0,14,0,332,,,,
5174,Rhyme of the Cosmos,1463,29,30,31,251,252,108,0,0,14,0,0,14,0,332,,,,
5175,Rhyme of Creation,1464,29,30,31,251,252,108,0,0,14,0,0,14,0,332,,,,
5176,Cadence of Musing,2306,47,48,49,251,252,108,0,0,23,289,0,13,0,332,,,,
5177,Cadence of Meditation,2307,47,48,49,251,252,108,0,0,23,289,0,13,0,332,,,,
5178,Cadence of Focus,2308,47,48,49,251,252,108,0,0,23,289,0,13,0,332,,,,
5179,Cadence of Concentration,2309,47,48,49,251,252,108,0,0,23,289,0,13,0,332,,,,
;,,,,,,,,,,,,,,,,,,,,
;5200,Druid Nature Magic,,,,,,,,,,,,,,,,,,,
5201,Grasping Vines,870,47,48,49,251,252,0,0,0,53,0,0,27,0,332,,,,
5202,Bonding Vines,870,47,48,49,251,252,0,0,0,53,0,0,27,0,332,,,,
5203,Webbing Vines,871,47,48,49,251,252,0,0,0,53,0,0,27,0,332,,,,
5204,Clutching Vines,871,47,48,49,251,252,0,0,0,53,0,0,27,0,332,,,,
5205,Holding Vines,872,47,48,49,251,252,0,0,0,263,0,0,27,0,332,,,,
5206,Tangling Vines,872,47,48,49,251,252,0,0,0,263,0,0,27,0,332,,,,
5207,Tenacious Vines,873,47,48,49,251,252,0,0,0,263,0,0,27,0,332,,,,
5208,Detaining Vines,874,47,48,49,251,252,0,0,0,263,0,0,27,0,332,,,,
5211,Nails of the Wild,310,35,36,37,251,252,0,0,0,295,0,0,10,0,332,,,,
5212,Claws of the Wild,310,35,36,37,251,252,0,0,0,295,0,0,10,0,332,,,,
5213,Talons of the Wild,311,35,36,37,251,252,0,0,0,295,0,0,10,0,332,,,,
5214,Teeth of the Wild,311,35,36,37,251,252,0,0,0,295,0,0,10,0,332,,,,
5215,Fangs of the Wild,312,35,36,37,251,252,0,0,0,295,0,0,10,0,332,,,,
5216,Pincers of Wild,312,35,36,37,251,252,0,0,0,295,0,0,10,0,332,,,,
5217,Stingers of the Wild,313,35,36,37,251,252,0,0,0,295,0,0,10,0,332,,,,
5218,Hooks of the Wild,314,35,36,37,251,252,0,0,0,295,0,0,10,0,332,,,,
5219,Grasping Ivy,3105,47,48,49,251,252,0,0,0,263,0,0,18,263,332,,,,
5220,Grasping Tendrils,3106,47,48,49,251,252,0,0,0,263,0,0,18,263,332,,,,
5221,Grasping Creepers,3577,47,48,49,251,252,0,0,0,263,0,0,18,263,332,,,,
5222,Grasping Tangleweed,3578,47,48,49,251,252,0,0,0,263,0,0,18,263,332,,,,
5223,Grasping Thornweed,3579,47,48,49,251,252,0,0,0,263,0,0,18,263,332,,,,
;,,,,,,,,,,,,,,,,,,,,
;5250,Druid Nature Spec,,,,,,,,,,,,,,,,,,,
5251,Call Minor Nature Spirit,1030,38,39,40,251,252,0,173,0,0,0,0,2,0,332,,,,
5252,Call Lesser Nature Spirit,1031,38,39,40,251,252,0,173,0,0,0,0,2,0,332,,,,
5253,Call Nature Spirit,1032,38,39,40,251,252,0,173,0,0,0,0,2,0,332,,,,
5254,Call Major Nature Spirit,1033,38,39,40,251,252,0,344,0,0,0,0,2,0,332,,,,
5255,Call Greater Nature Spirit,1034,38,39,40,251,252,0,344,0,0,0,0,2,0,332,,,,
5261,Contamination,1100,35,36,37,251,252,0,0,0,306,0,0,27,0,332,,,,
5262,Pollution,1100,35,36,37,251,252,0,0,0,306,312,0,27,0,332,,,,
5263,Moldiness,1100,35,36,37,251,252,0,0,0,303,0,0,27,0,332,,,,
5264,Wither,1101,35,36,37,251,252,0,0,0,303,0,0,27,0,332,,,,
5265,Corruption,1101,35,36,37,251,252,0,0,0,303,312,0,27,0,332,,,,
5266,Blight,1102,35,36,37,251,252,0,0,0,304,0,0,27,0,332,,,,
5267,Dry Rot,1102,35,36,37,251,252,0,0,0,304,0,0,27,0,332,,,,
5268,Dilapidation,1103,35,36,37,251,252,0,0,0,304,312,0,27,0,332,,,,
5269,Degeneration,1103,35,36,37,251,252,0,0,0,304,312,0,27,0,332,,,,
5270,Defedation,1104,35,36,37,251,252,0,0,0,304,312,0,27,0,332,,,,
5271,Briarsprout,890,47,48,49,251,252,0,0,0,249,0,0,9,0,332,,,,
5272,Pricklesprout,890,47,48,49,251,252,0,0,0,249,0,0,9,0,332,,,,
5273,Burrsprout,891,47,48,49,251,252,0,0,0,249,0,0,9,0,332,,,,
5274,Thornsprout,891,47,48,49,251,252,0,0,0,249,0,0,9,0,332,,,,
5275,Spursprout,892,47,48,49,251,252,0,0,0,249,0,0,9,0,332,,,,
5276,Thistlesprout,893,47,48,49,251,252,0,0,0,249,0,0,9,0,332,,,,
5277,Spinesprout,894,47,48,49,251,252,0,0,0,249,0,0,9,0,332,,,,
5281,Patch of Ivy,895,47,48,49,251,252,0,0,0,263,0,0,18,263,332,,,,
5282,Patch of Vines,895,47,48,49,251,252,0,0,0,263,0,0,18,263,332,,,,
5283,Patch of Tangleweed,896,47,48,49,251,252,0,0,0,263,0,0,18,263,332,,,,
5284,Field of Ivy,896,47,48,49,251,252,0,0,0,263,0,0,18,263,332,,,,
5285,Field of Vines,897,47,48,49,251,252,0,0,0,263,0,0,18,263,332,,,,
5286,Field of Tangleweed,898,47,48,49,251,252,0,0,0,263,0,0,18,263,332,,,,
5287,Expanse of Tangleweed,899,47,48,49,251,252,0,0,0,263,0,0,18,263,332,,,,
5291,Sprouting Undergrowth,872,47,48,49,251,252,0,0,0,263,0,0,18,0,332,,,,
5292,Bursting Undergrowth,1158,47,48,49,251,252,0,0,0,263,0,0,18,263,332,,,,
5293,Choking Undergrowth,1159,47,48,49,251,252,0,0,0,263,0,0,18,263,332,,,,
;,1.83 PBAE,,,,,,,,,,,,,,,,,,,
5294,Bursting Ivy,2760,35,36,37,1,2,0,0,0,276,0,0,13,228,332,,,,
5295,Bursting Vines,2761,35,36,37,1,2,0,0,0,276,0,0,13,228,332,,,,
5296,Bursting Tangleweed,2763,35,36,37,1,2,0,0,0,276,0,0,13,228,332,,,,
5297,Bursting Thornweed,2764,35,36,37,1,2,0,0,0,276,0,0,13,296,332,,,,
;,,,,,,,,,,,,,,,,,,,,
;5300,Bard Music,,,,,,,,,,,,,,,,,,,
5301,Minor Lullaby,850,35,36,37,251,252,0,0,0,85,0,0,13,0,332,,,,
5302,Lesser Lullaby,1236,35,36,37,251,252,0,0,0,85,0,0,13,0,332,,,,
5303,Lullaby,1237,35,36,37,251,252,0,0,0,85,0,0,13,0,332,,,,
5304,Greater Lullaby,1238,35,36,37,251,252,0,0,0,85,0,0,13,0,332,,,,
5305,Superior Lullaby,1239,35,36,37,251,252,0,0,0,85,0,0,13,0,332,,,,
5311,Mesmerizing Melody,925,35,36,37,251,252,0,0,0,86,0,0,13,0,332,,,,
5312,Entrancing Melody,925,35,36,37,251,252,0,0,0,86,0,0,13,0,332,,,,
5313,Paralyzing Melody,925,35,36,37,251,252,0,0,0,86,0,0,13,0,332,,,,
5314,Facinating Melody,926,35,36,37,251,252,0,0,0,87,0,0,13,0,332,,,,
5315,Mesmerizing Hymn,926,35,36,37,251,252,0,0,0,87,0,0,13,0,332,,,,
5316,Entrancing Hymn,927,35,36,37,251,252,0,0,0,87,0,0,13,0,332,,,,
5317,Paralyzing Hymn,928,35,36,37,251,252,0,0,0,87,0,0,13,0,332,,,,
5318,Facinating Hymn,929,35,36,37,251,252,0,0,0,87,0,0,13,0,332,,,,
5319,Clarifying Harmonies,1279,32,33,34,251,252,0,0,0,289,0,0,13,0,332,,,,
;,,,,,,,,,,,,,,,,,,,,
;5350,Bard Music Spec,,,,,,,,,,,,,,,,,,,
5351,Confounding Cadence,1230,35,36,37,251,252,0,0,0,83,0,0,9,0,332,,,,
5352,Befuddling Cadence,1230,35,36,37,251,252,0,0,0,83,0,0,9,0,332,,,,
5353,Confusing Cadence,1231,35,36,37,251,252,0,0,0,83,0,0,9,0,332,,,,
5354,Mystifying Cadence,1231,35,36,37,251,252,0,0,0,83,0,0,9,0,332,,,,
5355,Confounding Ballad,1232,35,36,37,251,252,0,0,0,83,0,0,9,0,332,,,,
5356,Befuddling Ballad,1232,35,36,37,251,252,0,0,0,83,0,0,9,0,332,,,,
5357,Confusing Ballad,1233,35,36,37,251,252,0,0,0,83,0,0,9,0,332,,,,
5358,Mystifying Ballad,1234,35,36,37,251,252,0,0,0,83,0,0,9,0,332,,,,
5361,Concussive Shout,1465,47,48,49,251,252,0,0,0,242,0,0,25,0,332,,,,
5362,Concussive Bellow,1465,47,48,49,251,252,0,0,0,242,0,0,25,0,332,,,,
5363,Concussive Yell,1465,47,48,49,251,252,0,0,0,242,0,0,25,0,332,,,,
5364,Concussive Holler,1466,47,48,49,251,252,0,0,0,242,0,0,25,0,332,,,,
5365,Concussive Scream,1466,47,48,49,251,252,0,0,0,242,0,0,25,0,332,,,,
5366,Concussive Whoop,1467,47,48,49,251,252,0,0,0,242,0,0,25,0,332,,,,
5367,Concussive Shriek,1468,47,48,49,251,252,0,0,0,242,0,0,25,0,332,,,,
5368,Concussive Roar,1469,47,48,49,251,252,0,0,0,242,0,0,25,0,332,,,,
5371,Captivate Audience,915,35,36,37,251,252,0,0,0,86,0,0,13,0,332,,,,
5372,Captivate Crowd,915,35,36,37,251,252,0,0,0,86,0,0,13,0,332,,,,
5373,Captivate Swarms,916,35,36,37,251,252,0,0,0,86,0,0,13,0,332,,,,
5374,Captivate Multitude,917,35,36,37,251,252,0,0,0,86,0,0,13,0,332,,,,
5375,Captivate Army,918,35,36,37,251,252,0,0,0,86,0,0,13,0,332,,,,
5376,Captivate Legions,919,35,36,37,251,252,0,0,0,86,0,0,13,0,332,,,,
5381,Hymn of Body Guarding,47,32,33,34,251,252,0,0,0,77,0,0,13,0,332,,,,
5382,Hymn of Body Protection,49,32,33,34,251,252,0,0,0,77,0,0,13,0,332,,,,
5383,Hymn of Spirit Guarding,52,32,33,34,251,252,0,0,0,78,0,0,13,0,332,,,,
5384,Hymn of Spirit Protection,54,32,33,34,251,252,0,0,0,78,0,0,13,0,332,,,,
5385,Hymn of Energy Guarding,53,32,33,34,251,252,0,0,0,235,0,0,13,0,332,,,,
5386,Hymn of Energy Protection,54,32,33,34,251,252,0,0,0,235,0,0,13,0,332,,,,
5387,Hymn of Heat Guarding,82,32,33,34,251,252,0,0,0,30,0,0,13,0,332,,,,
5388,Hymn of Heat Protection,84,32,33,34,251,252,0,0,0,30,0,0,13,0,332,,,,
5389,Hymn of Cold Guarding,87,32,33,34,251,252,0,0,0,90,0,0,13,0,332,,,,
5390,Hymn of Cold Protection,89,32,33,34,251,252,0,0,0,90,0,0,13,0,332,,,,
5391,Hymn of Earth Guarding,92,32,33,34,251,252,0,0,0,35,0,0,13,0,332,,,,
5392,Hymn of Earth Protection,94,32,33,34,251,252,0,0,0,35,0,0,13,0,332,,,,
5393,Hypnotic Harmony,857,35,36,37,251,252,0,0,0,87,0,0,13,0,332,,,,
5394,Deluding Harmony,2303,35,36,37,251,252,0,0,0,87,0,0,13,226,332,,,,
5395,Entrancing Harmony,2304,35,36,37,251,252,0,0,0,87,0,0,13,227,332,,,,
;,,,,,,,,,,,,,,,,,,,,
;,,,,,,,,,,,,,,,,,,,,
;,CHAMPION,,,,,,,,,,,,,,,,,,,
;5400,Valor,,,,,,,,,,,,,,,,,,,
5401,Debility,1240,35,36,37,160,161,0,0,0,154,0,0,2,0,332,,,,
5402,Greater Debility,1240,35,36,37,160,161,0,0,0,154,0,0,2,0,332,,,,
5403,Atony,1241,35,36,37,160,161,0,0,0,154,0,0,2,0,332,,,,
5404,Greater Atony,1241,35,36,37,160,161,0,0,0,154,0,0,2,0,332,,,,
5405,Enervation,1242,35,36,37,160,161,0,0,0,154,0,0,2,0,332,,,,
5406,Greater Enervation,1242,35,36,37,160,161,0,0,0,154,0,0,2,0,332,,,,
5407,Infirmity,1243,35,36,37,160,161,0,0,0,154,0,0,2,0,332,,,,
5408,Greater Infirmity,1244,35,36,37,160,161,0,0,0,154,0,0,2,0,332,,,,
5411,Submission,1120,35,36,37,160,161,0,0,0,156,0,0,2,0,332,,,,
5412,Greater Submission,1120,35,36,37,160,161,0,0,0,156,0,0,2,0,332,,,,
5413,Surrender,1121,35,36,37,160,161,0,0,0,156,0,0,2,0,332,,,,
5414,Greater Surrender,1121,35,36,37,160,161,0,0,0,156,0,0,2,0,332,,,,
5415,Capitulation,1122,35,36,37,160,161,0,0,0,156,0,0,2,0,332,,,,
5416,Greater Capitulation,1122,35,36,37,160,161,0,0,0,156,0,0,2,0,332,,,,
5417,Resignation,1123,35,36,37,160,161,0,0,0,156,0,0,2,0,332,,,,
5418,Greater Resignation,1124,35,36,37,160,161,0,0,0,156,0,0,2,0,332,,,,
5421,Minor Demoralization,905,47,48,49,1,2,0,0,0,172,0,0,15,0,332,,,,
5422,Lesser Demoralization,905,47,48,49,1,2,0,0,0,172,0,0,15,0,332,,,,
5423,Demoralization,906,47,48,49,1,2,0,0,0,172,0,0,15,0,332,,,,
5424,Major Demoralization,906,47,48,49,1,2,0,0,0,172,0,0,15,0,332,,,,
5425,Greater Demoralization,907,47,48,49,1,2,0,0,0,172,0,0,15,0,332,,,,
5426,Superior Demoralization,908,47,48,49,1,2,0,0,0,172,0,0,15,0,332,,,,
5427,Ultimate Demoralization,909,47,48,49,1,2,0,0,0,172,0,0,15,0,332,,,,
5428,Blast of Courage,1115,47,48,49,218,219,0,0,0,204,0,0,25,0,332,,,,
5429,Blast of Bravery,1115,47,48,49,218,219,0,0,0,204,0,0,25,0,332,,,,
5430,Blast of Boldness,1115,47,48,49,218,219,0,0,0,204,0,0,25,0,332,,,,
5431,Blast of Galliance,1116,47,48,49,218,219,0,0,0,204,0,0,25,0,332,,,,
5432,Blast of Defiance,1117,47,48,49,218,219,0,0,0,204,0,0,25,0,332,,,,
5433,Blast of Valiance,1117,47,48,49,218,219,0,0,0,205,0,0,25,0,332,,,,
5434,Blast of Heroism,1118,47,48,49,218,219,0,0,0,205,0,0,25,0,332,,,,
5435,Blast of the Champion,1119,47,48,49,218,219,0,0,0,205,0,0,25,0,332,,,,
5436,Slowness,1211,32,33,34,55,69,80,0,0,41,0,0,13,0,332,,,,
5437,Languor,1211,32,33,34,55,69,80,0,0,41,0,0,13,0,332,,,,
5438,Lumber,1212,32,33,34,55,69,80,0,0,54,0,0,13,0,332,,,,
5439,Sluggishness,1213,32,33,34,55,69,80,0,0,54,0,0,13,0,332,,,,
5440,Crawl,1214,32,33,34,55,69,80,0,0,54,0,0,13,0,332,,,,
5441,Vigor of the Champion,1575,38,39,40,145,146,230,0,0,187,0,0,23,0,332,,,,
5442,Strength of the Champion,1575,38,39,40,145,146,230,0,0,187,0,0,23,0,332,,,,
5443,Fortification of the Champion,1576,38,39,40,145,146,230,0,0,187,0,0,23,0,332,,,,
5444,Focus of the Champion,1576,38,39,40,145,146,230,0,0,188,0,0,23,0,332,,,,
5445,Power of the Champion,1577,38,39,40,145,146,230,0,0,188,0,0,23,0,332,,,,
5446,Force of the Champion,1578,38,39,40,145,146,230,0,0,189,0,0,23,0,332,,,,
5447,Might of the Champion,1579,38,39,40,145,146,230,0,0,189,0,0,23,0,332,,,,
;,,,,,,,,,,,,,,,,,,,,
;5450,Pathfinding,,,,,,,,,,,,,,,,,,,
5451,Sharpened Senses,1365,38,39,40,1,2,0,0,0,15,0,0,8,0,332,,,,
5452,Keen Sight,1365,38,39,40,1,2,0,0,0,15,0,0,8,0,332,,,,
5453,Enhanced Senses,1366,38,39,40,1,2,0,0,0,15,0,0,8,0,332,,,,
5454,Honed Reflexes,1367,38,39,40,1,2,0,0,0,15,0,0,8,0,332,,,,
5455,Superior Coordination,1368,38,39,40,1,2,0,0,0,15,0,0,8,0,332,,,,
5456,Perfect Acuity,1369,38,39,40,1,2,0,0,0,15,0,0,8,0,332,,,,
5461,Forest Shadow,1500,32,33,34,218,219,230,0,0,150,0,0,24,0,332,,,,
5462,Greater Forest Shadow,1501,32,33,34,218,219,230,0,0,150,0,0,24,0,332,,,,
5463,Forest Spirit,1502,32,33,34,218,219,230,0,0,151,0,0,24,0,332,,,,
5464,Greater Forest Spirit,1503,32,33,34,218,219,230,0,0,151,0,0,24,0,332,,,,
5465,Forest Phantom,1504,32,33,34,218,219,230,0,0,152,0,0,24,0,332,,,,
5471,Determination,995,32,33,34,218,219,230,0,0,77,0,0,24,0,332,,,,
5472,Perserverance,995,32,33,34,218,219,230,0,0,77,0,0,24,0,332,,,,
5473,Self Control,995,32,33,34,218,219,230,0,0,77,0,0,24,0,332,,,,
5474,Iron Will,996,32,33,34,218,219,230,0,0,77,0,0,24,0,332,,,,
5475,Resolution,996,32,33,34,218,219,230,0,0,78,0,0,24,0,332,,,,
5476,Devotion,997,32,33,34,218,219,230,0,0,78,0,0,24,0,332,,,,
5477,Steel Mind,997,32,33,34,218,219,230,0,0,78,0,0,24,0,332,,,,
5478,Inner Strength,998,32,33,34,218,219,230,0,0,78,0,0,24,0,332,,,,
5479,Invincibility,999,32,33,34,218,219,230,0,0,78,0,0,24,0,332,,,,
5481,Vigorous Will,1545,47,48,49,251,252,0,0,0,250,0,0,10,0,332,,,,
5482,Strength of Will,1545,47,48,49,251,252,0,0,0,250,0,0,10,0,332,,,,
5483,Fortification of Will,1546,47,48,49,251,252,0,0,0,250,0,0,10,0,332,,,,
5484,Focus of Will,1546,47,48,49,251,252,0,0,0,250,0,0,10,0,332,,,,
5485,Power of Will,1547,47,48,49,251,252,0,0,0,250,0,0,10,0,332,,,,
5486,Force of Will,1548,47,48,49,251,252,0,0,0,250,0,0,10,0,332,,,,
5487,Sovereign Will,1549,47,48,49,251,252,0,0,0,250,0,0,10,0,332,,,,
5491,Piercing Strike,875,32,33,34,1,2,0,0,0,17,0,0,13,0,332,,,,
5492,Incisive Strike,875,32,33,34,1,2,0,0,0,17,0,0,13,0,332,,,,
5493,Cutting Strike,876,32,33,34,1,2,0,0,0,17,0,0,13,0,332,,,,
5494,Sharpened Strike,876,32,33,34,1,2,0,0,0,17,0,0,13,0,332,,,,
5495,Precision Strike,877,32,33,34,1,2,0,0,0,17,0,0,13,0,332,,,,
5496,Unerring Strike,878,32,33,34,1,2,0,0,0,17,0,0,13,0,332,,,,
5497,Perfect Strike,879,32,33,34,1,2,0,0,0,17,0,0,13,0,332,,,,
;,,,,,,,,,,,,,,,,,,,,
;5500,Nightshade,,,,,,,,,,,,,,,,,,,
5501,Lesser Dusk Strike,1040,41,42,43,160,161,0,0,0,256,0,0,2,0,332,,,,
5502,Dusk Strike,1040,41,42,43,160,161,0,0,0,256,0,0,2,0,332,,,,
5503,Lesser Twilight Strike,1040,41,42,43,160,161,0,0,0,257,0,0,2,0,332,,,,
5504,Twilight Strike,1041,41,42,43,160,161,0,0,0,257,0,0,2,0,332,,,,
5505,Lesser Gloaming Strike,1041,41,42,43,160,161,0,0,0,257,0,0,2,0,332,,,,
5506,Gloaming Strike,1042,41,42,43,160,161,0,0,0,258,0,0,2,0,332,,,,
5507,Lesser Nocturnal Strike,1042,41,42,43,160,161,0,0,0,258,0,0,2,0,332,,,,
5508,Nocturnal Strike,1043,41,42,43,160,161,0,0,0,258,0,0,2,0,332,,,,
5509,Lesser Midnight Strike,1043,41,42,43,160,161,0,0,0,259,0,0,2,0,332,,,,
5510,Midnight Strike,1044,41,42,43,160,161,0,0,0,259,0,0,2,0,332,,,,
5511,Dart of Night,1550,41,42,43,160,161,0,0,0,256,0,0,2,0,332,,,,
5512,Dagger of Night,1550,41,42,43,160,161,0,0,0,256,0,0,2,0,332,,,,
5513,Knife of Night,1551,41,42,43,160,161,0,0,0,257,0,0,2,0,332,,,,
5514,Stiletto of Night,1551,41,42,43,160,161,0,0,0,257,0,0,2,0,332,,,,
5515,Arrow of Night,1552,41,42,43,160,161,0,0,0,257,0,0,2,0,332,,,,
5516,Rapier of Night,1552,41,42,43,160,161,0,0,0,258,0,0,2,0,332,,,,
5517,Spear of Night,1553,41,42,43,160,161,0,0,0,258,0,0,2,0,332,,,,
5518,Lance of Night,1554,41,42,43,160,161,0,0,0,259,0,0,2,0,332,,,,
;,,,,,,,,,,,,,,,,,,,,
;,,,,,,,,,,,,,,,,,,,,
;,,,,,,,,,,,,,,,,,,,,
;5550,Druid Nurture Spec 2,,,,,,,,,,,,,,,,,,,
5551,Strength of the Wildwood,2903,38,39,40,1,2,0,0,0,16,0,0,8,16,332,,,,
5552,Strength of the Hinterland,2904,38,39,40,1,2,0,0,0,16,0,0,8,16,332,,,,
5553,Hurricane's Dance,2913,38,39,40,1,2,0,0,0,15,0,0,8,15,332,,,,
5554,Typhoon's Dance,2914,38,39,40,1,2,0,0,0,15,0,0,8,15,332,,,,
5555,Nature's Enlightenment,2923,38,39,40,1,2,0,0,0,27,0,0,8,27,332,,,,
5556,Nature's Sapience,2924,38,39,40,1,2,0,0,0,27,0,0,8,27,332,,,,
5557,Intelligence Rupture,2933,32,33,34,55,69,0,0,0,414,0,0,2,0,332,,,,
5558,Intelligence Gut,2944,32,33,34,55,69,0,0,0,414,0,0,2,420,332,,,,
5559,Fleetness Disjoin,2953,35,36,37,55,69,80,0,0,415,0,0,13,0,332,,,,
5560,Fleetness Segment,2964,35,36,37,55,69,80,0,0,415,0,0,13,421,332,,,,
5561,Willpower Dissolve,2973,32,33,34,55,69,0,0,0,418,0,0,2,0,332,,,,
5562,Willpower Dock,2984,32,33,34,55,69,0,0,0,418,0,0,2,424,332,,,,
5563,Power Cross,2993,35,36,37,55,69,0,0,0,417,0,0,2,0,332,,,,
5564,Power Unbind,2909,35,36,37,55,69,0,0,0,417,0,0,2,423,332,,,,
5565,Might Sunder,2938,35,36,37,55,69,0,0,0,419,0,0,2,0,332,,,,
5566,Might Rend,2949,35,36,37,55,69,0,0,0,419,0,0,2,425,332,,,,
5567,Nimbleness Tear,2918,35,36,37,59,76,57,0,0,416,0,0,26,0,332,,,,
5568,Nimbleness Shear,2929,35,36,37,59,76,57,0,0,416,0,0,26,422,332,,,,
5569,Nature's Cocoon,2797,38,39,40,1,2,0,0,0,365,0,0,8,0,332,,,,
;,,,,,,,,,,,,,,,,,,,,
;,HIB MONSTERS,,,,,,,,,,,,,,,,,,,
;,Hib Mons Off Spells,,,,,,,,,,,,,,,,,,,
5600,Mana Direct Damage I,1395,41,42,43,160,161,0,0,0,256,0,0,25,0,332,,,,
5601,Mana Direct Damage II,1397,41,42,43,160,161,0,0,0,257,0,0,25,0,332,,,,
5602,Mana Direct Damage III,1399,41,42,43,160,161,0,0,0,258,0,0,25,0,332,,,,
5605,Light Direct Damage I,1040,41,42,43,160,161,0,0,0,256,0,0,25,0,332,,,,
5606,Light Direct Damage II,1042,41,42,43,160,161,0,0,0,257,0,0,25,0,332,,,,
5607,Light Direct Damage III,1044,41,42,43,160,161,0,0,0,258,0,0,25,0,332,,,,
5610,Void Direct Damage I,1115,38,39,40,145,146,0,0,0,138,0,0,25,0,332,,,,
5611,Void Direct Damage II,1117,38,39,40,145,146,0,0,0,139,0,0,25,0,332,,,,
5612,Void Direct Damage III,1119,38,39,40,145,146,0,0,0,140,0,0,25,0,332,,,,
5615,Slowness I,906,35,36,37,160,161,0,0,0,156,0,0,2,0,332,,,,
5616,Slowness II,909,35,36,37,160,161,0,0,0,156,0,0,2,0,332,,,,
5620,Weakening I,1241,35,36,37,160,161,0,0,0,156,0,0,2,0,332,,,,
5621,Weakening II,1244,35,36,37,160,161,0,0,0,156,0,0,2,0,332,,,,
5625,Paralyzation I,926,32,33,34,55,69,80,0,0,86,0,0,27,0,332,,,,
5626,Paralyzation II,929,32,33,34,55,69,80,0,0,86,0,0,27,0,332,,,,
5630,Poison I,936,35,36,37,59,76,57,0,0,43,0,0,27,0,332,,,,
5631,Poison II,939,35,36,37,59,76,57,0,0,303,0,0,27,0,332,,,,
5635,Disease I,941,35,36,37,59,76,57,0,0,306,0,0,27,0,332,,,,
5636,Disease II,944,35,36,37,59,76,57,0,0,306,0,0,27,0,332,,,,
5637,Kracken,1319,0,0,0,0,0,0,0,0,44,0,0,0,0,0,,,,
5638,Leviathan Steam,2798,0,0,37,0,0,0,517,0,51,0,0,26,0,332,,,,
5639,Azazel Aura,3179,38,39,40,124,125,0,0,0,0,437,0,0,0,332,,,,
5640,Azazel Bolt,944,16,17,18,0,0,0,0,501,489,0,0,25,0,,,,,
5641,Red Skull w/o sound,1110,0,0,0,0,0,0,0,0,153,0,0,0,153,332,,,,
5642,Belial Bolt,944,16,17,18,471,472,0,0,501,427,0,0,25,0,332,,,,
5643,Flute Playing,0,29,30,31,0,0,108,0,0,0,0,0,14,0,332,,,,
;,,,,,,,,,,,,,,,,,,,,
;,Hib Mons Def Spells,,,,,,,,,,,,,,,,,,,
5645,Mana Dmg Shield Buff I,932,35,36,37,124,125,0,0,0,30,0,0,13,0,332,,,,
5646,Mana Dmg Shield Buff II,932,35,36,37,124,125,0,0,0,30,0,0,13,0,332,,,,
5650,Monster Str Buff I,930,35,36,37,1,2,0,0,0,187,0,0,10,0,332,,,,
5651,Monster Str Buff II,930,35,36,37,1,2,0,0,0,188,0,0,10,0,332,,,,
5655,Mon Dex Buff I,931,35,36,37,1,2,0,0,0,187,0,0,10,0,332,,,,
5656,Mon Dex Buff II,931,35,36,37,1,2,0,0,0,188,0,0,10,0,332,,,,
5660,Monster Shield I,932,16,17,18,1,2,0,0,0,285,0,0,11,0,332,,,,
5661,Monster Shield II,932,16,17,18,1,2,0,0,0,286,0,0,11,0,332,,,,
5665,Monster Haste I,933,32,33,34,1,2,0,0,0,17,0,0,13,0,332,,,,
5666,Monster Haste II,933,32,33,34,1,2,0,0,0,17,0,0,13,0,332,,,,
5670,Monster Heal I,928,32,33,34,1,2,0,0,0,178,0,0,8,0,332,,,,
5671,Monster Heal II,929,32,33,34,1,2,0,0,0,178,0,0,8,0,332,,,,
5672,Demonic Heal,354,35,36,37,124,125,0,0,0,30,452,0,37,448,332,,,,
;,,,,,,,,,,,,,,,,,,,,
5675,Water Blast,0,32,33,34,0,0,0,0,0,362,0,0,6,0,332,,,,
5676,Water Blast Str/Con Buff,65,32,33,34,0,0,0,0,0,362,0,0,6,0,332,,,,
5677,Water Blast Haste Buff,35,32,33,34,0,0,0,0,0,362,0,0,6,0,332,,,,
5678,Water Blast AF Buff,342,32,33,34,0,0,0,0,0,362,0,0,6,0,332,,,,
5679,Water Blast Dex/Qui Buff,1365,32,33,34,0,0,0,0,0,362,0,0,6,0,332,,,,
5680,Leviathan Bolt,0,32,33,34,0,0,0,0,515,362,0,0,6,0,332,,,,
;,,,,,,,,,,,,,,,,,,,,
5681,Demonic Ablative,1994,35,36,37,124,125,0,0,0,30,452,0,37,448,332,,,,
5682,Demonic Haste,39,35,36,37,124,125,0,0,0,269,452,0,37,448,332,,,,
5683,Demonic AF Shield,344,35,36,37,124,125,0,0,0,30,452,0,37,448,332,,,,
5684,Demonic Str/Con,69,35,36,37,124,125,0,0,0,269,452,0,37,448,332,,,,
5685,Demonic Dex/Qui,1369,35,36,37,124,125,0,0,0,269,452,0,37,448,332,,,,
5686,Demonic Damage Shield,309,35,36,37,124,125,0,0,0,30,452,0,37,448,332,,,,
;,,,,,,,,,,,,,,,,,,,,
5687,Tipsy,356,0,0,0,0,0,0,0,0,331,0,0,0,0,332,,,,
5688,Drunk,1311,0,0,0,0,0,0,0,0,82,0,0,0,0,332,,,,
5689,Wasted,926,0,0,0,0,0,0,0,0,86,0,0,0,0,332,,,,
5690,Drink,3957,77,0,0,0,317,0,0,0,0,0,0,0,0,332,,,,
5691,Blowhard,1086,38,39,39,0,0,0,0,0,172,0,0,0,172,332,,,,
5692,Tremor,1086,42,42,42,150,0,0,152,0,190,294,0,0,190,332,,,,
5693,Great Slash,3425,49,0,0,0,0,0,473,0,474,0,0,19,0,332,,,,
5694,Demonic Acuity,79,35,36,37,124,125,0,0,0,269,452,0,37,448,332,,,,
5695,Demonic Power Regen,338,35,36,37,124,125,0,0,0,269,452,0,37,448,332,,,,
5696,Demonic Regen Aura,347,35,36,37,124,125,0,0,0,30,452,0,37,448,332,,,,
5697,Demonic Low Haste,35,35,36,37,124,125,0,0,0,269,452,0,37,448,332,,,,
5698,Demonic Low Damage Add,1010,35,36,37,124,125,0,0,0,269,452,0,37,448,332,,,,
5699,Halloween Potion,1925,77,0,0,0,317,0,0,0,0,0,0,0,0,332,,,,
;,,,,,,,,,,,,,,,,,,,,
;,,,,,,,,,,,,,,,,,,,,
;,,,,,,,,,,,,,,,,,,,,
;,,,,,,,,,,,,,,,,,,,,
;,Special Monsters,,,,,,,,,,,,,,,,,,,
5700,Dragonbreath Fire (Red),2798,0,0,37,0,0,0,196,0,264,0,0,6,0,332,,,,
5701,Dragonbreath Cold (Wolf),2798,0,0,37,0,0,0,197,0,265,0,0,20,0,332,,,,
5702,Dragonbreath Evil (Glimmer),2798,0,0,37,0,0,0,198,0,88,0,0,6,0,332,,,,
5703,Dragonbreath Steam (Stone),2798,0,0,37,0,0,0,199,0,51,0,0,26,0,332,,,,
5704,Blight of Hells (Balor eyebeam),0,32,33,0,0,0,134,0,0,42,0,0,2,0,332,,,,
5705,Gorgon Eye gaze (yellow),0,32,33,0,0,0,0,345,0,147,0,0,18,0,332,,,,
5706,Sunshaft,0,0,0,0,0,0,0,347,0,264,0,0,6,264,332,,,,
5707,Moonshaft,0,0,0,0,0,0,0,348,0,293,0,0,25,293,332,,,,
5708,Iaculi/Uraeus poison spray,0,0,0,0,0,0,0,349,0,303,0,0,2,0,332,,,,
5709,Iaculi/Uraeus fire spray,0,0,0,0,0,0,0,350,0,264,0,0,19,0,332,,,,
5710,Manticore poison attack,0,0,0,0,0,0,0,0,0,346,0,0,19,0,332,,,,
5711,Typhon melting,0,0,0,0,0,0,0,0,0,351,0,0,6,0,332,,,,
5712,Typhon rising,0,0,0,0,0,0,0,0,0,360,0,0,6,0,332,,,,
5713,Medusa Eye gaze (red),2799,32,33,0,0,0,0,356,0,147,0,0,18,0,332,,,,
5714,Searing Heat,2685,32,33,0,0,0,0,0,0,164,0,0,6,0,332,,,,
5715,Dragonbreath Fire (NC),2798,0,0,37,0,0,0,196,0,0,0,0,6,0,332,,,,
5716,Dragonbreath Cold (NC),2798,0,0,37,0,0,0,197,0,0,0,0,20,0,332,,,,
5717,Dragonbreath Evil (NC),2798,0,0,37,0,0,0,198,0,0,0,0,6,0,332,,,,
5718,Cerebus Breath Fire,2798,35,36,37,0,0,0,196,0,264,0,0,6,0,332,,,,
5719,Cerebus Breath Cold,2798,35,36,37,0,0,0,197,0,265,0,0,20,0,332,,,,
5720,Cerebus Breath Evil,2798,35,36,37,0,0,0,198,0,88,0,0,6,0,332,,,,
5721,Cerebus Breath Stone,2798,35,36,37,0,0,0,199,0,51,0,0,26,0,332,,,,
5722,Dracolich Breath,2798,0,0,37,0,0,0,580,0,581,0,0,6,0,332,,,,
5723,Revamped Dragon Breath Fire,2798,0,0,37,0,0,0,589,0,264,0,0,6,0,332,,,,
5724,Revamped Dragon Breath Spirit,2798,0,0,37,0,0,0,590,0,623,0,0,26,0,332,,,,
5725,Revamped Dragon Breath Cold,2798,0,0,37,0,0,0,591,0,201,0,0,20,0,332,,,,
5726,Revamped Dragon Breath Fire (NC),2798,35,36,37,0,0,0,589,0,0,0,0,6,0,332,,,,
5727,Revamped Dragon Breath Spirit (NC),2798,35,36,37,0,0,0,590,0,0,0,0,26,0,332,,,,
5728,Revamped Dragon Breath Cold (NC),2798,35,36,37,0,0,0,591,0,0,0,0,20,0,332,,,,
5729,Alb Dragon Wilt Defenses,1224,47,48,49,1,2,0,0,0,578,0,0,27,0,332,,,,
5730,Alb Dragon Wither Defenses,1904,47,48,49,1,2,0,0,0,578,0,0,27,0,332,,,,
5731,Mid Dragon Wilt Defenses,1224,47,48,49,1,2,0,0,0,90,0,0,20,0,332,,,,
5732,Mid Dragon Wither Defenses,1904,47,48,49,1,2,0,0,0,90,0,0,20,0,332,,,,
5733,Hib Dragon Wilt Defenses,1224,47,48,49,1,2,0,0,0,623,0,0,27,0,332,,,,
5734,Hib Dragon Wither Defenses,1904,47,48,49,1,2,0,0,0,623,0,0,27,0,332,,,,
;,,,,,,,,,,,,,,,,,,,,
;,TEST,,,,,,,,,,,,,,,,,,,
;,Test Spells,,,,,,,,,,,,,,,,,,,
5800,Heal Storm,0,32,33,34,1,2,0,0,0,178,0,0,8,0,,,,,
5801,Damage Storm,0,41,42,43,37,38,36,0,0,90,0,0,20,0,,,,,
5802,Damage Trap,0,41,42,43,37,38,36,0,0,90,0,0,20,0,,,,,
;,,,,,,,,,,,,,,,,,,,,
;,,,,,,,,,,,,,,,,,,,,
5803,Healing 10,0,32,33,34,1,2,0,0,0,178,0,0,8,,,,,,
5804,Corrosive Mist 11,0,35,36,37,59,76,57,0,0,43,0,0,27,,,,,,
5805,Arctic Rift 5,0,41,42,43,37,38,36,0,0,90,0,0,20,,,,,,
5806,Minor Healing 6,0,32,33,34,1,2,0,0,0,178,0,0,8,,,,,,
;,,,,,,,,,,,,,,,,,,,,
;,,,,,,,,,,,,,,,,,,,,
5810,Golden fireworks with trail,0,0,0,0,0,0,0,525,0,,0,0,,0,0,,2,,
5811,fireworks gold blast,0,0,0,0,0,0,0,520,0,520,0,0,,0,0,,,,
5812,fireworks green blast,0,0,0,0,0,0,0,521,0,521,0,0,,0,0,,,,
5813,fireworks red blast,0,0,0,0,0,0,0,522,0,522,0,0,,0,0,,,,
5814,fireworks white blast,0,0,0,0,0,0,0,523,0,523,0,0,,0,0,,,,
5815,fireworks blue blast,0,0,0,0,0,0,0,524,0,524,0,0,,0,0,,,,
5816,Sundering of Albion,1254,38,39,40,98,99,0,0,0,95,187,0,10,0,332,,,,
5817,Vengeance of Midgard,1359,38,39,40,145,146,0,0,0,413,315,0,21,0,332,,,,
5818,Retribution of Hibernia,1549,38,39,40,251,252,0,0,0,20,344,0,15,0,332,,,,
5819,Merlin's Guidance,1049,32,33,34,124,125,0,0,0,467,21,0,19,0,332,,,,
5820,Valhalla's Call,3444,32,33,34,1,2,0,0,0,188,254,0,10,0,332,,,,
5821,Dagda's Wisdom,3114,47,48,49,251,252,0,0,0,224,250,0,10,0,332,,,,
5822,Excalibur's Bastion,2034,32,33,34,98,99,0,0,0,97,96,0,8,0,332,,,,
5823,Thor's Protection,2029,44,45,46,145,146,0,0,0,141,255,0,22,0,332,,,,
5824,Lug's Defense,2039,32,33,34,218,219,0,0,0,185,279,0,9,0,332,,,,
5825,Albion Medal of Honor,4068,38,39,40,98,99,0,0,0,95,187,0,10,0,332,,,,
5826,Midgard Medal of Honor,4069,44,45,46,145,146,0,0,0,141,255,0,22,0,332,,,,
5827,Hibernia Medal of Honor,4070,47,48,49,251,252,0,0,0,224,250,0,10,0,332,,,,
5828,Dragonsworn Medallion,4065,32,33,34,124,125,0,0,0,438,269,0,35,0,332,,,,
5829,Midwinter Medal of Honor,438,32,33,34,251,252,0,0,0,90,0,0,13,0,332,,,,
;,,,,,,,,,,,,,,,,,,,,
;,RAW SPELLS,,,,,,,,,,,,,,,,,,,
5900,L Sparkle,0,0,0,0,0,0,0,0,0,1,0,0,0,0,,,,,
5901,R Sparkle,0,0,0,0,0,0,0,0,0,2,0,0,0,0,,,,,
5902,Buzzing Flies,3154,0,0,0,0,0,0,0,0,312,0,0,0,0,,,,,
5903,Buff,0,0,0,0,0,0,0,0,0,4,0,0,0,0,,,,,
5904,Scaling Spike Trap,0,0,0,0,0,0,0,518,0,41,0,0,18,41,0,,,,
5905,Rot,0,0,0,0,0,0,0,0,0,6,0,0,0,0,,,,,
5906,Small fire,0,0,0,0,0,0,0,0,0,7,0,0,0,0,,,,,
5907,Cramp,0,0,0,0,0,0,0,0,0,8,0,0,0,0,,,,,
5908,Blaring Pain,3540,47,48,49,512,0,0,481,0,457,0,0,0,0,332,,,,
5909,Boiling Oil Test 2,0,0,0,0,0,0,0,0,0,400,0,0,0,0,,,,,
5910,Miasma,0,0,0,0,0,0,0,0,0,526,0,526,0,0,,,,,
5911,Red Skull,1110,0,0,0,0,0,0,0,0,153,0,0,15,153,332,,,,
5912,Basilisk Attack,934,35,36,37,1,2,0,0,0,290,0,0,26,0,332,,,,
5913,haste,0,0,0,0,0,0,0,0,0,14,0,0,0,0,,,,,
5914,healing spiral with lightbeams,0,0,0,0,0,0,0,0,0,15,0,0,0,0,,,,,
5915,leaping,0,0,0,0,0,0,0,0,0,16,0,0,0,0,,,,,
5916,levitate,0,0,0,0,0,0,0,0,0,17,0,0,0,0,,,,,
5917,lsfall,0,0,0,0,0,0,0,0,0,18,0,0,0,0,,,,,
5918,Call Death Servant 8,1929,38,39,40,160,161,0,0,0,0,269,0,0,0,332,,,,
5919,Tenebrous Touch,931,44,45,46,160,161,0,0,0,292,0,0,9,0,332,,,,
5920,flameswirl,0,0,0,0,0,0,0,0,0,21,0,0,0,0,,,,,
5921,Frost Bolt,1017,47,48,49,37,38,36,0,388,389,0,0,332,0,,,,,
5922,dodeca shield,0,0,0,0,0,0,0,0,0,23,0,0,0,0,,,,,
5923,fire field,84,0,0,0,0,0,0,0,0,30,0,0,0,0,,,,,
5924,purple spiral up,0,0,0,0,0,0,0,0,0,25,0,0,0,0,,,,,
5925,blood cloud,0,0,0,0,0,0,0,0,0,26,0,0,0,0,,,,,
5926,Resist Effect,0,0,0,0,0,0,0,0,0,332,0,0,0,0,,,,,
5927,death cloud,0,0,0,0,0,0,0,0,0,28,0,0,0,0,,,,,
5928,fireball,0,0,0,0,0,0,0,0,0,29,0,0,0,0,,,,,
5929,heat sphere/damage shield,0,0,0,0,0,0,0,0,0,30,0,0,0,0,,,,,
5930,fire arrow,0,0,0,0,0,0,0,0,0,31,0,0,0,0,,,,,
5931,yellow halo,0,0,0,0,0,0,0,0,0,32,0,0,0,0,,,,,
5932,poison cloud,0,0,0,0,0,0,0,0,0,33,0,0,0,0,,,,,
5933,Disease cloud,2011,35,36,37,160,161,0,0,0,306,312,306,0,0,332,,,,
5934,sphere shield,0,0,0,0,0,0,0,0,0,35,0,0,0,0,,,,,
5935,cold gather anim,0,0,0,0,0,0,0,0,0,36,0,0,0,0,,,,,
5936,R cold hand waving,0,0,0,0,0,0,0,0,0,37,0,0,0,0,,,,,
5937,L cold hand waving,0,0,0,0,0,0,0,0,0,38,0,0,0,0,,,,,
5938,cold circles with mist,0,0,0,0,0,0,0,0,0,93,0,0,0,0,,,,,
5939,frostspray hit/groundsplash,0,0,0,0,0,0,0,0,0,40,0,0,0,0,,,,,
5940,Carcass Throw,944,16,17,18,37,38,394,395,396,397,0,0,0,0,,,,,
5941,Summon Pet Spell,1033,0,0,0,0,0,0,0,0,0,0,0,0,0,,,,,
5942,green goo drip,0,0,0,0,0,0,0,0,0,43,0,0,0,0,,,,,
5943,orangy swirls,0,0,0,0,0,0,0,0,0,44,0,0,0,0,,,,,
5944,purple sparkle cloud,0,0,0,0,0,0,0,0,0,45,0,0,0,0,,,,,
5945,elemental shield,2749,0,0,0,0,0,0,0,0,0,0,0,0,0,,,,,
5946,sprain1,0,0,0,0,0,0,0,0,0,47,0,0,0,0,,,,,
5947,generic spirit ruin,0,0,0,0,0,0,0,0,0,48,0,0,0,0,,,,,
5948,will drain,0,0,0,0,0,0,0,0,0,49,0,0,0,0,,,,,
5949,Spell Resist Banner,54,0,0,0,0,0,0,0,0,0,0,0,13,0,332,,,,
5950,Melee Resist Banner,49,0,0,0,0,0,0,0,0,0,0,0,13,0,332,,,,
5951,CC Duration Banner,2309,0,0,0,0,0,0,0,0,0,0,0,13,0,332,,,,
5952,Siege Banner,1419,0,0,0,0,0,0,0,0,0,0,0,13,0,332,,,,
5953,Water Blast w/o Sound,0,32,33,34,0,0,0,0,0,362,0,0,0,0,332,,,,
5954,Red Sorcerer Summon Left,0,0,0,0,0,0,0,0,0,55,0,0,0,0,,,,,
5955,Red Penta Splash,0,0,0,0,0,0,0,0,0,56,0,0,0,0,,,,,
5956,Green Penta Splash,0,0,0,0,0,0,0,0,0,57,0,0,0,0,,,,,
5957,Sprain Snare hit,0,0,0,0,0,0,0,0,0,58,0,0,0,0,,,,,
5958,Green Sorcerer Summon Left,0,0,0,0,0,0,0,0,0,59,0,0,0,0,,,,,
5959,Fleshbane hit,0,0,0,0,0,0,0,0,0,60,0,0,0,0,,,,,
5960,Bloodbane hit,0,0,0,0,0,0,0,0,0,61,0,0,0,0,,,,,
5961,Heartbane hit,0,0,0,0,0,0,0,0,0,62,0,0,0,0,,,,,
5962,Soulbane hit,0,0,0,0,0,0,0,0,0,63,0,0,0,0,,,,,
5963,Body Decay snare,0,0,0,0,0,0,0,0,0,64,0,0,0,0,,,,,
5964,weaken hit,0,0,0,0,0,0,0,0,0,65,0,0,0,0,,,,,
5965,exhaustion hit,0,0,0,0,0,0,0,0,0,66,0,0,0,0,,,,,
5966,clumsy hit,0,0,0,0,0,0,0,0,0,67,0,0,0,0,,,,,
5967,uncoordinate hit,0,0,0,0,0,0,0,0,0,68,0,0,0,0,,,,,
5968,Red Sorcerer Summon Right,0,0,0,0,0,0,0,0,0,69,0,0,0,0,,,,,
5969,corrosive cloud hit,0,0,0,0,0,0,0,0,0,70,0,0,0,0,,,,,
5970,acidic mist hit,0,0,0,0,0,0,0,0,0,70,0,0,0,0,,,,,
5971,erosion field hit,0,0,0,0,0,0,0,0,0,70,0,0,0,0,,,,,
5972,***Empty***,0,0,0,0,0,0,0,0,0,0,0,0,0,0,,,,,
5973,***Empty***,0,0,0,0,0,0,0,0,0,0,0,0,0,0,,,,,
5974,***Empty***,0,0,0,0,0,0,0,0,0,0,0,0,0,0,,,,,
5975,Green Sorcerer Summon Right,0,0,0,0,0,0,0,0,0,76,0,0,0,0,,,,,
5976,Labyrinth Flames,1069,0,0,0,0,0,0,0,0,571,0,0,6,332,,,,,
5977,***Empty***,0,0,0,0,0,0,0,0,0,0,0,0,0,0,,,,,
5978,Green Star Splash,0,0,0,0,0,0,0,0,0,79,0,0,0,0,,,,,
5979,Purple Star Splash,0,0,0,0,0,0,0,0,0,80,0,0,0,0,,,,,
5980,ground firesplash,0,0,0,0,0,0,0,0,0,81,0,0,0,0,,,,,
5981,Confusion 1 hit,0,0,0,0,0,0,0,0,0,82,0,0,0,0,,,,,
5982,Confusion 2 hit,0,0,0,0,0,0,0,0,0,83,0,0,0,0,,,,,
5983,***Empty***,0,0,0,0,0,0,0,0,0,0,0,0,0,0,,,,,
5984,Amnesia 1 hit,0,0,0,0,0,0,0,0,0,85,0,0,0,0,,,,,
5985,Mezmerize1 hit,0,0,0,0,0,0,0,0,0,86,0,0,0,0,,,,,
5986,Mezmerize2 hit,0,0,0,0,0,0,0,0,0,87,0,0,0,0,,,,,
5987,***Empty***,0,0,0,0,0,0,0,0,0,0,0,0,0,0,,,,,
5988,flurry hit,0,0,0,0,0,0,0,0,0,89,0,0,0,0,,,,,
5989,Coldsnap hit,0,0,0,0,0,0,0,0,0,90,0,0,0,0,,,,,
5990,Hypothermia hit,0,0,0,0,0,0,0,0,0,91,0,0,0,0,,,,,
5991,Iceblast hit,0,0,0,0,0,0,0,0,0,92,0,0,0,0,,,,,
5992,Arctic Wind hit,0,0,0,0,0,0,0,0,0,93,0,0,0,0,,,,,
5993,Paladin Group Defense hit,0,0,0,0,0,0,0,0,0,94,0,0,0,0,,,,,
5994,Paladin Group Heal hit,0,0,0,0,0,0,0,0,0,95,0,0,0,0,,,,,
5995,Paladin Group Strength hit,0,0,0,0,0,0,0,0,0,96,0,0,0,0,,,,,
5996,Paladin Self Defense hit,0,0,0,0,0,0,0,0,0,97,0,0,0,0,,,,,
5997,Paladin Summon left hand,0,0,0,0,0,0,0,0,0,98,0,0,0,0,,,,,
5998,Paladin Summon right hand,0,0,0,0,0,0,0,0,0,99,0,0,0,0,,,,,
5999,Paladin Gather,0,0,0,0,0,0,0,0,0,100,0,0,0,0,,,,,
6000,***Empty***,0,0,0,0,0,0,0,0,0,0,0,0,0,0,,,,,
6001,***Empty***,0,0,0,0,0,0,0,0,0,0,0,0,0,0,,,,,
6002,Cleric Summon left hand,0,0,0,0,0,0,0,0,0,103,0,0,0,0,,,,,
6003,Cleric Summon right hand,0,0,0,0,0,0,0,0,0,104,0,0,0,0,,,,,
6004,Minstrel Summon left hand,0,0,0,0,0,0,0,0,0,105,0,0,0,0,,,,,
6005,Minstrel Summon right hand,0,0,0,0,0,0,0,0,0,106,0,0,0,0,,,,,
6006,***Empty***,0,0,0,0,0,0,0,0,0,0,0,0,0,0,,,,,
6007,***Empty***,0,0,0,0,0,0,0,0,0,0,0,0,0,0,,,,,
6008,Musical notes swirling,0,0,0,0,0,0,0,0,0,108,0,0,0,0,,,,,
6009,Musical notes swirling,0,0,0,0,0,0,0,0,0,108,0,0,0,0,,,,,
6010,green head scintillation,0,0,0,0,0,0,0,0,0,290,0,0,0,0,,,,,
6011,Head pain glow and notes,0,0,0,0,0,0,0,0,0,133,83,0,0,0,,,,,
6012,vertical white waves hit (Head),0,0,0,0,0,0,0,0,0,147,0,0,0,0,,,,,
6013,small explosion,0,0,0,0,0,0,0,0,0,114,0,0,0,0,,,,,
6014,small explosion,0,0,0,0,0,0,0,0,0,115,0,0,0,0,,,,,
6015,medium Fiery explosion,0,0,0,0,0,0,0,0,0,116,0,0,0,0,,,,,
6016,large Fiery explosion,0,0,0,0,0,0,0,0,0,117,0,0,0,0,,,,,
6017,large Fiery explosion w/ flamers,0,0,0,0,0,0,0,0,0,118,0,0,0,0,,,,,
6018,level 0-1 Fiery projectile,0,0,0,0,0,0,0,0,0,119,0,0,0,0,,,,,
6019,level 2-5 Fiery projectile,0,0,0,0,0,0,0,0,0,120,0,0,0,0,,,,,
6020,level 6-9 Fiery projectile,0,0,0,0,0,0,0,0,0,121,0,0,0,0,,,,,
6021,level 10-14 Fiery projectile,0,0,0,0,0,0,0,0,0,122,0,0,0,0,,,,,
6022,level 15-20 Fiery projectile,0,0,0,0,0,0,0,0,0,123,0,0,0,0,,,,,
6023,Fiery Summon Left Hand,0,0,0,0,0,0,0,0,0,124,0,0,0,0,,,,,
6024,Fiery Summon Right Hand,0,0,0,0,0,0,0,0,0,125,0,0,0,0,,,,,
6025,Paladin Group Defense pulse,0,0,0,0,0,0,0,0,0,126,0,0,0,0,,,,,
6026,Paladin Group Heal pulse,0,0,0,0,0,0,0,0,0,127,0,0,0,0,,,,,
6027,Paladin Group Strength pulse,0,0,0,0,0,0,0,0,0,128,0,0,0,0,,,,,
6028,Vertical flame spout,0,0,0,0,0,0,0,0,0,352,0,0,6,0,,,,,
6029,Blue cylindrical rings on ground,0,0,0,0,0,0,0,0,0,123,0,0,0,0,,,,,
6030,***Empty***,0,0,0,0,0,0,0,0,0,0,0,0,0,0,,,,,
6031,light heal sprinkle,0,0,0,0,0,0,0,0,0,132,0,0,0,0,,,,,
6032,Musical Command Pulse,0,0,0,0,0,0,0,0,0,133,0,0,0,0,,,,,
6033,Red pain flash twinkles (chest),0,0,0,0,0,0,0,0,0,101,0,0,0,0,,,,,
6034,Poison Spray,0,0,0,0,0,0,0,0,0,135,0,0,0,0,,,,,
6035,Battle Bellow - point blank DD,0,0,0,0,0,0,0,0,0,136,0,0,0,0,,,,,
6036,Thane Strength Buff,0,0,0,0,0,0,0,0,0,137,0,0,0,0,,,,,
6037,level 0-6 lightning hit,0,0,0,0,0,0,0,0,0,138,0,0,0,0,,,,,
6038,level 7-14 lightning hit,0,0,0,0,0,0,0,0,0,139,0,0,0,0,,,,,
6039,"level 15+ lightning hit (""fat"")",0,0,0,0,0,0,0,0,0,140,0,0,0,0,,,,,
6040,electric DD,0,0,0,0,0,0,0,0,0,141,0,0,0,0,,,,,
6041,bigger electric DD,0,0,0,0,0,0,0,0,0,142,0,0,0,0,,,,,
6042,thor's hammer,0,0,0,0,0,0,0,0,0,143,0,0,0,0,,,,,
6043,odin's spear,0,0,0,0,0,0,0,0,0,144,0,0,0,0,,,,,
6044,Thane Summon left hand,0,0,0,0,0,0,0,0,0,145,0,0,0,0,,,,,
6045,Thane Summon right hand,0,0,0,0,0,0,0,0,0,146,0,0,0,0,,,,,
6046,Minstrel shout hit,0,0,0,0,0,0,0,0,0,147,0,0,0,0,,,,,
6047,Dark Damage hit,0,0,0,0,0,0,0,0,0,256,0,0,0,0,,,,,
6048,Dark Damage hit 2,0,0,0,0,0,0,0,0,0,257,0,0,0,0,,,,,
6049,small ground ripple of darkness,0,0,0,0,0,0,0,0,0,150,0,0,0,0,,,,,
6050,medium ground ripple of darkness,0,0,0,0,0,0,0,0,0,151,0,0,0,0,,,,,
6051,large ground ripple of darkness,0,0,0,0,0,0,0,0,0,152,0,0,0,0,,,,,
6052,***Empty***,0,0,0,0,0,0,0,0,0,0,0,0,0,0,,,,,
6053,swirling darkness,0,0,0,0,0,0,0,0,0,154,0,0,0,0,,,,,
6054,darkshield,0,0,0,0,0,0,0,0,0,155,0,0,0,0,,,,,
6055,Dark Debuffs,0,0,0,0,0,0,0,0,0,156,0,0,0,0,,,,,
6056,generic dark projectile,0,0,0,0,0,0,0,0,0,157,0,0,0,0,,,,,
6057,generic blue sphere shield,0,0,0,0,0,0,0,0,0,158,0,0,0,0,,,,,
6058,dark spherical blast,0,0,0,0,0,0,0,0,0,258,0,0,0,0,,,,,
6059,Spiritmaster Summon Right,0,0,0,0,0,0,0,0,0,160,0,0,0,0,,,,,
6060,Spiritmaster Summon Left,0,0,0,0,0,0,0,0,0,161,0,0,0,0,,,,,
6061,Lightning storm,0,0,0,0,0,0,0,0,0,162,0,0,0,0,,,,,
6062,Fire DD (path of Fire),0,0,0,0,0,0,0,0,0,163,0,0,0,0,,,,,
6063,Fire DD2 (path of Fire),0,0,0,0,0,0,0,0,0,164,0,0,0,0,,,,,
6064,Fire DD3 (path of Fire),0,0,0,0,0,0,0,0,0,165,0,0,0,0,,,,,
6065,Fire DD4 (path of Fire),0,0,0,0,0,0,0,0,0,166,0,0,0,0,,,,,
6066,Fire DD5 (path of Fire),0,0,0,0,0,0,0,0,0,167,0,0,0,0,,,,,
6067,Fire Projectile (pyromancy list),0,0,0,0,0,0,0,0,0,168,0,0,0,0,,,,,
6068,Fiery explosion (pyromancy list),0,0,0,0,0,0,0,0,0,169,0,0,0,0,,,,,
6069,earthhand closing,0,0,0,0,0,0,0,0,0,170,0,0,0,0,,,,,
6070,earth fingers grasping,0,0,0,0,0,0,0,0,0,171,0,0,0,0,,,,,
6071,wind gust,0,0,0,0,0,0,0,0,0,172,0,0,0,0,,,,,
6072,wind swirl,0,0,0,0,0,0,0,0,0,173,0,0,0,0,,,,,
6073,dust devil,0,0,0,0,0,0,0,0,0,174,0,0,0,0,,,,,
6074,generic cure buildup,0,0,0,0,0,0,0,0,0,175,0,0,0,0,,,,,
6075,cure poison,0,0,0,0,0,0,0,0,0,176,0,0,0,0,,,,,
6076,cure disease,0,0,0,0,0,0,0,0,0,177,0,0,0,0,,,,,
6077,heal 1,0,0,0,0,0,0,0,0,0,178,0,0,0,0,,,,,
6078,heal 2,0,0,0,0,0,0,0,0,0,179,0,0,0,0,,,,,
6079,heal 3,0,0,0,0,0,0,0,0,0,180,0,0,0,0,,,,,
6080,heal 4,0,0,0,0,0,0,0,0,0,181,0,0,0,0,,,,,
6081,Celestius Portal,538,0,0,0,0,0,0,0,0,0,0,0,0,0,,,,,
6082,cleric shield1,0,0,0,0,0,0,0,0,0,183,0,0,0,0,,,,,
6083,cleric shield2,0,0,0,0,0,0,0,0,0,184,0,0,0,0,,,,,
6084,cleric shield3,0,0,0,0,0,0,0,0,0,185,0,0,0,0,,,,,
6085,cleric shield4,0,0,0,0,0,0,0,0,0,186,0,0,0,0,,,,,
6086,cleric strength buff1,0,0,0,0,0,0,0,0,0,187,0,0,0,0,,,,,
6087,cleric strength buff 2,0,0,0,0,0,0,0,0,0,188,0,0,0,0,,,,,
6088,cleric strength buff 3,0,0,0,0,0,0,0,0,0,189,0,0,0,0,,,,,
6089,earth crack open,0,0,0,0,0,0,0,0,0,190,0,0,0,0,,,,,
6090,Amethyst shield,0,0,0,0,0,0,0,0,0,191,0,0,0,0,,,,,
6091,Ruby shield,0,0,0,0,0,0,0,0,0,192,0,0,0,0,,,,,
6092,Sapphire shield,0,0,0,0,0,0,0,0,0,193,0,0,0,0,,,,,
6093,Emerald shield,0,0,0,0,0,0,0,0,0,194,0,0,0,0,,,,,
6094,Diamond shield,0,0,0,0,0,0,0,0,0,195,0,0,0,0,,,,,
6095,oakleaves falling,0,0,0,0,0,0,0,0,0,231,0,0,0,0,,,,,
6096,Use Item,2785,0,0,0,0,0,0,0,0,0,0,0,0,0,,,,,
6097,***Empty***,0,0,0,0,0,0,0,0,0,0,0,0,0,0,,,,,
6098,***Empty***,0,0,0,0,0,0,0,0,0,0,0,0,0,0,,,,,
6099,coldring blast,0,0,0,0,0,0,0,0,0,200,0,0,0,0,,,,,
6100,ice shield,0,0,0,0,0,0,0,0,0,201,0,0,0,0,,,,,
6101,2 small Meteors orbiting,0,0,0,0,0,0,0,0,0,202,0,0,0,0,,,,,
6102,Mana explosion 1,0,0,0,0,0,0,0,0,0,203,0,0,0,0,,,,,
6103,Mana explosion 2,0,0,0,0,0,0,0,0,0,204,0,0,0,0,,,,,
6104,Mana explosion 3,0,0,0,0,0,0,0,0,0,205,0,0,0,0,,,,,
6105,Mana explosion 4,0,0,0,0,0,0,0,0,0,206,0,0,0,0,,,,,
6106,Mana explosion 5,0,0,0,0,0,0,0,0,0,207,0,0,0,0,,,,,
6107,Void Projectile 1,0,0,0,0,0,0,0,0,0,208,0,0,0,0,,,,,
6108,Void Projectile 2,0,0,0,0,0,0,0,0,0,209,0,0,0,0,,,,,
6109,Void Projectile 3,0,0,0,0,0,0,0,0,0,210,0,0,0,0,,,,,
6110,Void Projectile 4,0,0,0,0,0,0,0,0,0,211,0,0,0,0,,,,,
6111,Void Projectile 5,0,0,0,0,0,0,0,0,0,212,0,0,0,0,,,,,
6112,Void Explosion 1,0,0,0,0,0,0,0,0,0,213,0,0,0,0,,,,,
6113,Void Explosion 2,0,0,0,0,0,0,0,0,0,214,0,0,0,0,,,,,
6114,Void Explosion 3,0,0,0,0,0,0,0,0,0,215,0,0,0,0,,,,,
6115,Void Explosion 4,0,0,0,0,0,0,0,0,0,216,0,0,0,0,,,,,
6116,Void Explosion 5,0,0,0,0,0,0,0,0,0,217,0,0,0,0,,,,,
6117,Left hand Mana summon,0,0,0,0,0,0,0,0,0,218,0,0,0,0,,,,,
6118,Right hand Mana summon,0,0,0,0,0,0,0,0,0,219,0,0,0,0,,,,,
6119,rainbow healing 1,0,0,0,0,0,0,0,0,0,220,0,0,0,0,,,,,
6120,rainbow healing 2,0,0,0,0,0,0,0,0,0,221,0,0,0,0,,,,,
6121,rainbow healing 3,0,0,0,0,0,0,0,0,0,222,0,0,0,0,,,,,
6122,rainbow healing 4,0,0,0,0,0,0,0,0,0,223,0,0,0,0,,,,,
6123,rainbow healing 5,0,0,0,0,0,0,0,0,0,224,0,0,0,0,,,,,
6124,rainbow mesmerize 1,0,0,0,0,0,0,0,0,0,225,0,0,0,0,,,,,
6125,rainbow mesmerize 2,0,0,0,0,0,0,0,0,0,226,0,0,0,0,,,,,
6126,rainbow mesmerize 3,0,0,0,0,0,0,0,0,0,227,0,0,0,0,,,,,
6127,***Empty***,0,0,0,0,0,0,0,0,0,0,0,0,0,0,,,,,
6128,***Empty***,0,0,0,0,0,0,0,0,0,0,0,0,0,0,,,,,
6129,Mana buff 1,0,0,0,0,0,0,0,0,0,230,0,0,0,0,,,,,
6130,***Empty***,0,0,0,0,0,0,0,0,0,0,0,0,0,0,,,,,
6131,***Empty***,0,0,0,0,0,0,0,0,0,0,0,0,0,0,,,,,
6132,***Empty***,0,0,0,0,0,0,0,0,0,0,0,0,0,0,,,,,
6133,***Empty***,0,0,0,0,0,0,0,0,0,0,0,0,0,0,,,,,
6134,Mana shield 1,0,0,0,0,0,0,0,0,0,235,0,0,0,0,,,,,
6135,Mana shield 2,0,0,0,0,0,0,0,0,0,236,0,0,0,0,,,,,
6136,Mana shield 3,0,0,0,0,0,0,0,0,0,237,0,0,0,0,,,,,
6137,Mana shield 4,0,0,0,0,0,0,0,0,0,238,0,0,0,0,,,,,
6138,Mana shield 5,0,0,0,0,0,0,0,0,0,239,0,0,0,0,,,,,
6139,Manasurge gather,0,0,0,0,0,0,0,0,0,240,0,0,0,0,,,,,
6140,Manasurge 1,0,0,0,0,0,0,0,0,0,241,0,0,0,0,,,,,
6141,Manasurge 3,0,0,0,0,0,0,0,0,0,242,0,0,0,0,,,,,
6142,Manasurge 5,0,0,0,0,0,0,0,0,0,243,0,0,0,0,,,,,
6143,Mana/Light  Hand Burst 1,0,0,0,0,0,0,0,0,0,244,0,0,0,0,,,,,
6144,Mana/Light  Hand Burst 2,0,0,0,0,0,0,0,0,0,245,0,0,0,0,,,,,
6145,Mana/Light  Hand Burst 3,0,0,0,0,0,0,0,0,0,246,0,0,0,0,,,,,
6146,Mana/Light  Hand Burst 4,0,0,0,0,0,0,0,0,0,247,0,0,0,0,,,,,
6147,Mana/Light  Hand Burst 5,0,0,0,0,0,0,0,0,0,248,0,0,0,0,,,,,
6148,Thorn shield,0,0,0,0,0,0,0,0,0,249,0,0,0,0,,,,,
6149,Oakleaf buff,0,0,0,0,0,0,0,0,0,250,0,0,0,0,,,,,
6150,Druid handglow L,0,0,0,0,0,0,0,0,0,251,0,0,0,0,,,,,
6151,Druid handglow R,0,0,0,0,0,0,0,0,0,252,0,0,0,0,,,,,
6152,Level Up Effect 1,0,0,0,0,0,0,0,0,0,253,0,0,0,0,,,,,
6153,***Empty***,0,0,0,0,0,0,0,0,0,0,0,0,0,0,,,,,
6154,thor's hammer2,0,0,0,0,0,0,0,0,0,255,0,0,0,0,,,,,
6155,Dark Explosion 1,0,0,0,0,0,0,0,0,0,256,0,0,0,0,,,,,
6156,Dark Explosion 2,0,0,0,0,0,0,0,0,0,257,0,0,0,0,,,,,
6157,Dark Explosion 3,0,0,0,0,0,0,0,0,0,258,0,0,0,0,,,,,
6158,Dark Explosion 4,0,0,0,0,0,0,0,0,0,259,0,0,0,0,,,,,
6159,Dark Explosion 5,0,0,0,0,0,0,0,0,0,260,0,0,0,0,,,,,
6160,Void handglow L,0,0,0,0,0,0,0,0,0,261,0,0,0,0,,,,,
6161,Void handglow R,0,0,0,0,0,0,0,0,0,262,0,0,0,0,,,,,
6162,Vine wrapping,0,0,0,0,0,0,0,0,0,263,0,0,0,0,,,,,
6163,3 second fire with smokepuff,0,0,0,0,0,0,0,0,0,264,0,0,19,0,,,,,
6164,cold cloud with twinkles,0,0,0,0,0,0,0,0,0,265,0,0,0,0,,,,,
6165,dirt cloud,33,73,0,0,0,0,0,0,0,266,0,0,15,0,,,,,
6166,Hibernian dancing longsword,8,0,0,0,0,0,0,0,0,267,0,0,10,0,,,,,
6167,red rising/falling smoke effect,0,0,0,0,0,0,0,0,0,354,0,0,0,0,,,,,
6168,grey rising/falling smoke effect,0,0,0,0,0,0,0,0,0,355,0,0,0,0,,,,,
6169,floating Stygia symbol,0,0,0,0,0,0,0,0,0,357,0,0,0,0,,,,,
6170,floating energy pyramid,0,0,0,0,0,0,0,0,0,358,0,0,0,0,,,,,
6171,1 second red cylindrical shield,0,0,0,0,0,0,0,0,0,339,0,0,0,0,,,,,
6172,1 second purple cylindrical shield,0,0,0,0,0,0,0,0,0,340,0,0,0,0,,,,,
6173,1 second mana/power cylindrical shield,0,0,0,0,0,0,0,0,0,341,0,0,0,0,,,,,
6174,1 second Multicolor sphereshield,0,0,0,0,0,0,0,0,0,342,0,0,0,0,,,,,
6175,1 second Purple sphereshield,0,0,0,0,0,0,0,0,0,343,0,0,0,0,,,,,
6176,Evil red streaks rising,0,0,0,0,0,0,0,0,0,466,0,0,0,0,,,,,
6177,Necro Eyes,1319,0,0,0,0,0,0,0,0,268,0,0,0,0,,,,,
6178,Steam Whistle,0,0,0,0,0,0,0,579,0,579,0,0,0,0,,,,,
6179,Boulder Hit,0,0,0,0,0,0,0,0,0,381,0,0,0,0,,,,,
6180,Lithic Arrows,2719,0,0,0,0,0,0,0,0,0,0,0,0,0,,,,,
6181,Pyroclasmic Arrows,2720,0,0,0,0,0,0,0,0,0,0,0,0,0,,,,,
6182,Benthic Arrows,2721,0,0,0,0,0,0,0,0,0,0,0,0,0,,,,,
6183,Tempestuous Arrows,2722,0,0,0,0,0,0,0,0,0,0,0,0,0,,,,,
;,,,,,,,,,,,,,,,,,,,,
6200,Molten Lake (Alt Sound),2188,35,36,37,124,125,0,0,0,451,0,0,51,447,332,,,,
6201,Lava Field (Alt Sound),2186,35,36,37,124,125,0,0,0,446,0,0,51,446,332,,,,
6202,CW Cone Fire,1021,0,0,37,0,0,0,196,0,264,0,0,6,0,332,,,,
6203,Construct Stagger,2188,35,36,37,124,125,0,0,0,164,0,0,6,0,332,,,,
;,,,,,,,,,,,,,,,,,,,,
;,,,,,,,,,,,,,,,,,,,,
6800,ARTIFACT SPELLS AND SFX,,,,,,,,,,,,,,,,,,,
6801,Wolf Shapechange,1199,0,0,0,0,0,0,0,0,74,0,0,10,0,332,,,,
6802,Maddening,1199,0,0,0,0,0,0,0,0,75,0,0,0,0,332,,,,
6803,Frothing Wound,,,,,,,,,,,,,,,,,,,
6804,Black Lion Shapechange,2174,0,0,0,0,0,0,0,0,407,0,0,10,0,332,,,,
6805,Prey Seeker,1199,0,0,0,0,0,0,0,0,406,0,0,0,0,332,,,,
6806,Shadow Cat,1929,0,0,0,0,0,0,0,0,269,0,0,9,0,332,,,,
;,,,,,,,,,,,,,,,,,,,,
;,,,,,,,,,,,,,,,,,,,,
;,,,,,,,,,,,,,,,,,,,,
;,REALM ABILITIES,,,,,,,,,,,,,,,,,,,
7001,First Aid,3000,38,39,40,1,2,0,0,0,178,132,0,8,0,332,,,,
7002,Adrenaline Rush,3001,32,33,34,124,125,0,0,0,190,0,0,18,0,332,,,,
7003,Second Wind,3002,77,0,0,0,319,0,0,0,0,20,0,9,0,332,,,,
7004,Ignore Pain,3003,35,36,37,251,252,0,0,0,311,178,0,10,0,332,,,,
7005,Longshot,3004,0,0,0,0,0,0,0,0,0,0,0,0,0,332,,,,
7006,Concentration,3005,38,39,40,1,2,0,0,0,177,305,0,8,0,332,,,,
7007,Mastery of Concentration,3006,32,33,34,1,2,0,0,0,310,18,0,10,0,332,,,,
7008,The Empty Mind,3007,35,36,37,251,252,0,0,0,232,132,0,10,0,332,,,,
7009,Mystic Crystal Lore,3008,38,39,40,251,252,0,0,0,130,311,0,8,0,332,,,,
7010,Raging Power,3009,38,39,40,218,219,0,0,0,230,0,0,24,0,332,,,,
7011,Purge,3010,38,39,40,0,0,0,0,0,177,305,0,8,0,332,,,,
7012,Reflex Attack,3011,35,36,37,251,252,0,0,0,18,0,0,10,0,332,,,,
7013,Viper,3012,35,36,37,251,252,0,0,0,311,178,0,10,0,332,,,,
7014,True Sight,3013,38,39,40,218,219,0,0,0,230,230,0,24,0,332,,,,
7015,Soldier's Barricade,3014,32,33,34,1,2,0,0,0,287,314,0,10,0,332,,,,
7016,Barrier of Fortitude,3015,32,33,34,160,161,0,0,0,188,0,0,10,342,332,,,,
7017,Vehement Renewal,3016,38,39,40,1,2,0,0,0,234,311,0,8,0,332,,,,
7018,Excited Frenzy,3017,44,45,46,145,146,0,136,0,276,284,0,10,0,332,,,,
7019,Perfect Recovery,3018,38,39,40,1,2,0,0,0,309,234,0,8,0,332,,,,
7020,Vanish,3019,0,0,0,0,0,0,0,0,0,0,0,0,0,332,,,,
7021,Speed of Sound,3020,25,26,27,105,106,108,0,0,14,0,131,3,0,332,,,,
7022,Ameliorating Melodies,3021,22,23,24,105,106,0,188,0,132,108,0,10,0,332,,,,
7023,Anger of the Gods,3022,22,23,24,105,106,0,0,0,34,284,0,2,0,332,,,,
7024,Wrath of Champions,3023,44,45,46,218,219,0,243,0,203,0,0,10,293,332,,,,
7025,Volcanic Pillar,3024,47,48,49,124,125,0,0,0,264,167,0,12,264,332,,,,
7026,Decimation Trap,3025,16,17,18,124,125,0,0,0,0,0,0,6,264,332,,,,
7027,Negative Maelstrom,3026,41,42,43,261,262,0,0,0,0,0,0,25,292,332,,,,
7028,Thornweed Field,3027,16,17,18,59,76,0,0,0,249,0,0,18,249,332,,,,
7029,Ichor of the Deep,3028,32,33,34,1,2,0,0,0,303,128,0,26,0,332,,,,
7030,Bedazzling Aura,3029,32,33,34,160,161,0,0,0,158,0,0,9,0,332,,,,
7031,Juggernaut,3030,38,39,40,59,76,79,0,0,0,0,0,13,0,332,,,,
7032,Static Tempest,3031,44,45,43,261,262,0,0,0,12,0,0,21,12,332,,,,
7033,Dashing Defense,3032,0,0,0,0,0,0,0,0,313,0,0,0,0,332,,,,
7034,Dual Threat,3033,32,33,34,1,2,0,0,0,35,305,0,18,0,332,,,,
7035,Charge,3034,25,26,27,105,106,0,0,0,0,0,0,5,0,332,,,,
7036,Divine Intervention,3035,38,39,40,1,2,0,0,0,234,311,0,8,0,332,,,,
7037,Strike Prediction,3036,0,0,0,0,0,0,0,0,313,0,0,0,0,332,,,,
7038,Snapshot,3037,0,0,0,0,0,0,0,0,0,0,0,0,0,332,,,,
7039,Selfless Devotion,3038,38,39,40,98,99,0,0,0,95,187,0,10,0,332,,,,
7040,Blinding Dust,3039,0,0,0,0,0,0,0,0,266,0,0,15,0,332,,,,
7041,Soul Quench,3040,0,0,0,0,0,0,0,0,179,0,0,13,112,332,,,,
7042,Retribution of the Faithful,3041,35,36,37,160,161,0,0,0,295,0,0,13,0,332,,,,
7043,Whirling Staff,3042,32,33,34,218,219,0,0,0,228,0,0,2,0,332,,,,
7044,Assassinate,3043,0,0,0,0,0,0,0,0,0,0,0,25,0,332,,,,
7045,Calming Notes,3044,35,36,37,251,252,0,0,0,87,0,0,13,0,332,,,,
7046,Shield Trip,3045,32,33,34,218,219,0,0,0,228,288,0,2,0,332,,,,
7047,Resolute Minion,3046,38,39,40,1,2,0,0,0,177,305,0,8,0,332,,,,
7048,Sheild of Immunity,3047,35,36,37,251,252,0,0,0,237,108,0,9,0,332,,,,
7049,Minion Rescue,3048,16,17,18,37,38,0,0,0,201,0,0,17,0,332,,,,
7050,Wall of Flame,3049,35,36,37,218,219,0,0,0,0,0,0,19,0,332,,,,
7051,Call of Darkness,3050,38,39,40,160,161,0,0,0,0,269,0,2,0,332,,,,
7052,Dreamweaver,3051,47,48,49,1,2,0,0,0,35,0,0,18,0,332,,,,
7053,Nature's Womb,3052,35,36,37,160,161,0,0,0,365,64,0,13,0,332,,,,
7054,Flury of Nature,3053,32,33,34,1,2,0,0,0,344,0,0,8,0,332,,,,
7055,Blade Barrier,3054,35,36,37,218,219,0,0,0,367,314,0,10,0,332,,,,
7056,Tactics,3055,32,33,34,251,252,0,0,0,290,0,0,26,0,332,,,,
7057,Badge of Valor,3056,0,0,0,0,0,0,0,0,18,0,0,26,0,332,,,,
7058,Arms Length,3057,32,33,34,251,252,0,0,0,290,0,131,26,0,332,,,,
7059,Selective Blindness,3058,35,36,37,59,76,57,0,0,154,0,0,27,0,332,,,,
7060,Remedy,3059,35,36,37,59,76,57,0,0,43,0,0,27,0,332,,,,
7061,Desperate Bowman,3060,35,36,37,55,69,80,0,0,113,0,0,26,0,332,,,,
7062,Fungal Union,3061,32,33,34,1,2,0,0,0,132,0,0,8,0,332,,,,
7063,Vale Defense,3062,32,33,34,251,252,0,0,0,0,24,0,9,0,332,,,,
7064,Searing Pet,3063,47,48,49,124,125,0,0,0,21,0,0,6,0,332,,,,
7065,Ferocious Will,3064,32,33,34,59,76,57,0,0,286,0,0,26,0,332,,,,
7066,Epiphany,3065,38,39,40,251,252,0,0,0,130,311,0,8,0,332,,,,
7067,Chain Lightning,3066,38,39,40,145,146,0,0,0,138,0,0,22,138,332,,,,
7068,Testudo,3067,38,39,40,1,2,0,0,0,367,0,0,10,0,332,,,,
7069,Blissful Ignorance,3068,35,36,37,251,252,0,0,0,232,132,0,10,0,332,,,,
7070,Sputin's Legacy,3069,38,39,40,1,2,0,0,0,15,0,0,8,0,332,,,,
7071,Resorative Mend,3070,32,33,34,1,2,0,0,0,180,0,0,8,0,332,,,,
7072,Entwining Snakes,3071,47,48,49,55,69,79,0,0,84,0,0,27,84,332,,,,
7073,Shadow Strike,3072,,,,,,,,,,,,,,,,,,
7074,Rune of Utter Agility,3073,0,0,0,0,0,0,0,0,313,0,0,8,0,332,,,,
7075,Spirit Martyr,3074,47,48,49,160,161,284,276,0,88,0,0,21,88,332,,,,
7076,Allure of Death,3075,32,33,34,1,2,0,0,0,132,0,0,8,0,332,,,,
7077,Volley I,3076,546,545,543,,,,,,,,,,,,,,,
7078,Volley II,3077,546,545,543,,,,,,,,,,,,,,,
7079,Volley III,3078,546,545,543,,,,,,,,,,,,,,,
7080,Volley III,3079,546,545,543,,,,,,,,,,,,,,,
7081,Tireless,3080,,,,,,,,,,,,,,,,,,
7082,Stoicism,3081,,,,,,,,,,,,,,,,,,
7083,Prevent Fight,3082,,,,,,,,,,,,,,,,,,
7084,Arrow Summoning,3083,0,0,0,0,0,0,0,0,0,69,0,0,0,0,,,,
7085,Disarmed for Vanish,2785,0,0,0,0,0,0,0,0,0,0,0,0,0,0,,,,
7086,Boiling Cauldron,3085,44,45,43,261,262,0,0,0,0,0,0,21,12,332,,,,
7087,Valhalla's Blessing,3086,32,33,34,160,161,0,0,0,188,0,0,10,342,332,,,,
7088,Fanaticism,3087,32,33,34,124,125,0,0,0,497,0,0,37,498,332,,,,
7089,Sonic Barrier,3088,32,33,34,0,0,0,0,0,484,0,0,10,482,332,,,,
7090,Mark of Prey,3089,35,36,37,471,472,0,0,0,464,0,0,13,465,332,,,,
7091,Boiling Cauldron Dummy Spell,3085,0,0,0,0,0,0,0,0,0,0,0,0,0,332,,,,
7092,New Tank Grapple Ability,3429,147,0,0,0,0,0,0,0,0,0,0,0,0,0,,,,
7093,Soldier's Citadel,3091,0,0,0,251,252,0,0,0,295,0,0,26,0,332,,,,
7094,Combat Awareness,3090,0,0,0,251,252,0,0,0,295,0,0,26,0,332,,,,
7095,Burst of Speed (Archers),3093,0,0,0,0,0,0,0,0,0,0,0,0,0,0,,,,
;,,,,,,,,,,,,,,,,,,,,
;,,,,,,,,,,,,,,,,,,,,
;7100,Character Abilities,,,,,,,,,,,,,,,,,,,
7101,Increased Fumbles Shout,478,0,0,0,0,0,0,173,0,0,0,0,15,0,332,,,,
7102,Triple Wield,475,8,0,0,0,0,0,0,0,267,0,0,6,10,332,,,,
7103,Flurry,477,0,0,0,0,0,0,0,0,330,0,0,19,0,332,,,,
7104,Increased Fumbles Proc,478,0,0,0,0,0,0,0,0,266,0,0,15,0,332,,,,
7105,Forestheart Ambusher,470,38,39,40,251,252,0,0,0,221,0,0,2,0,332,,,,
;Old RA's,,,,,,,,,,,,,,,,,,,,
7111,Purge,4221,38,39,40,1,2,0,0,0,177,305,0,8,0,332,,,,
7112,First Aid,4222,38,39,40,1,2,0,0,0,178,132,0,8,0,332,,,,
7113,Mystic Crystal Lore,4223,38,39,40,251,252,0,0,0,130,311,0,8,0,332,,,,
7114,Fatigue Aid,4224,38,39,40,1,2,0,0,0,234,107,0,8,0,332,,,,
7115,Trip,4225,32,33,34,1,2,0,0,0,131,296,0,18,0,332,,,,
7116,Grapple,4226,32,33,34,1,2,0,0,0,171,0,0,8,171,332,,,,
7117,Avoid Pain,4227,32,33,34,1,2,0,0,0,35,305,0,18,0,332,,,,
7118,Armor of Faith,4228,35,36,37,98,99,0,0,0,94,278,0,9,0,332,,,,
7119,Dualist's Reflexes,4229,32,33,34,1,2,0,0,0,17,18,0,10,0,332,,,,
7120,Blade Dance,4230,32,33,34,1,2,0,0,0,274,267,0,11,101,332,,,,
7121,Battle Yell,4231,47,48,49,1,2,0,276,0,50,0,0,26,0,332,,,,
7122,The Empty Mind,4232,35,36,37,251,252,0,0,0,232,132,0,10,0,332,,,,
7123,Ignore Pain,4233,35,36,37,251,252,0,0,0,311,178,0,10,0,332,,,,
7124,Raging Power,4234,38,39,40,218,219,0,230,0,293,230,0,24,0,332,,,,
7125,Rain of Fire,4235,38,39,40,124,125,0,81,0,202,81,0,19,0,332,,,,
7126,Rain of Ice,4236,38,39,40,37,38,0,81,0,265,40,0,17,0,332,,,,
7127,Rain of Annihilation,4237,38,39,40,261,262,0,151,0,88,154,0,17,0,332,,,,
7128,Mastery of Concentration,4238,32,33,34,1,2,0,0,0,310,18,0,10,0,332,,,,
7129,Majestic Will,4239,32,33,34,251,252,0,0,0,290,0,0,26,0,332,,,,
7130,Hail of Blows,4240,44,45,46,145,146,0,136,0,276,295,0,10,0,332,,,,
7131,Soldier's Barricade,4241,32,33,34,1,2,0,0,0,287,314,0,10,0,332,,,,
7132,Bunker of Faith,4242,38,39,40,1,2,0,0,0,311,188,0,10,8,332,,,,
7133,Siege Bolt,4243,16,17,18,124,125,0,0,123,118,0,0,7,0,332,,,,
7134,Faith Healing,4244,32,33,34,1,2,0,0,0,178,18,0,8,0,332,,,,
7135,Whip of Encouragement,4245,47,48,49,59,76,0,0,0,295,0,0,15,0,332,,,,
7136,Excited Frenzy,4246,44,45,46,145,146,0,136,0,276,284,0,10,0,332,,,,
7137,Group Purge,4247,38,39,40,1,2,0,0,0,177,305,0,8,0,332,,,,
7138,Perfect Recovery,4248,38,39,40,1,2,0,0,0,309,234,0,8,0,332,,,,
7139,Speed of Sound,4249,25,26,27,105,106,108,0,0,14,0,131,3,0,332,,,,
7140,Ameliorating Melodies,4250,22,23,24,105,106,108,0,0,232,132,0,4,0,332,,,,
7141,Fury of the Gods,4251,22,23,24,105,106,108,0,0,34,284,0,2,0,332,,,,
7142,Wrath of the Champion,4252,44,45,46,218,219,0,243,0,203,0,0,10,293,332,,,,
7143,Volcanic Pillar,4253,47,48,49,124,125,0,0,0,167,81,0,12,264,332,,,,
7144,Rune of Decimation,4254,16,17,18,124,125,0,0,0,163,0,0,6,264,332,,,,
7145,Negative Maelstrom,4255,41,42,43,261,262,0,0,0,217,0,0,25,292,332,,,,
7146,Thornweed Field,4256,47,48,49,251,252,0,0,0,249,0,0,27,0,332,,,,
7147,Corporeal Disintegration,4257,35,36,37,59,76,0,0,0,43,71,0,27,0,332,,,,
7148,Ichor of the Deep,4258,32,33,34,1,2,0,0,0,303,128,0,26,0,332,,,,
7149,Brilliant Aura of Deflection,4259,35,36,37,218,219,0,0,0,287,311,0,10,0,332,,,,
7150,Severing  the Tether,4260,35,36,37,1,2,0,0,0,289,0,0,27,289,332,,,,
7151,Juggernaut,4261,38,39,40,59,76,79,0,0,0,0,0,13,0,332,,,,
7152,Static Tempest,4262,44,45,43,261,262,0,0,0,162,34,0,21,136,332,,,,
7153,Rune of Decimation_,4263,16,17,18,124,125,0,0,0,163,0,0,6,264,332,,,,
7154,Negative Maelstrom_,4264,41,42,43,261,262,0,0,0,217,0,0,25,292,332,,,,
7155,Thornweed Field,4265,47,48,49,251,252,0,0,0,249,0,0,9,0,332,,,,
7156,Static Tempest_,4266,44,45,46,261,262,0,0,0,162,34,0,21,136,332,,,,
7157,Flood of Power,4267,38,39,40,218,219,0,230,0,293,230,0,24,0,332,,,,
7158,Forestheart Ambusher,4268,38,39,40,251,252,0,0,0,221,0,0,2,0,332,,,,
7159,Unquenchable Thirst of Souls,4269,67,0,0,0,0,0,0,0,88,0,0,13,88,332,,,,
7160,Defender of the Vale,4270,32,33,34,218,219,0,0,0,39,24,0,9,0,332,,,,
7161,Striking the Soul,4271,32,33,34,251,252,0,0,0,290,0,0,26,0,332,,,,
7162,Resilience of Death,4272,32,33,34,1,2,0,0,0,187,78,0,10,0,332,,,,
7163,Striking the Soul,4273,32,33,34,251,252,0,0,0,290,0,0,26,0,332,,,,
7164,Battery of life,4274,38,39,40,1,2,0,0,0,234,311,0,8,0,332,,,,
7165,Concentration (Old),4275,38,39,40,1,2,0,0,0,177,305,0,8,0,332,,,,
;,,,,,,,,,,,,,,,,,,,,
;,,,,,,,,,,,,,,,,,,,,
;,,,,,,,,,,,,,,,,,,,,
;,,,,,,,,,,,,,,,,,,,,
;,,,,,,,,,,,,,,,,,,,,
;,Master Abilities,,,,,,,,,,,,,,,,,,,
7201,Gateway,2600,38,39,40,261,262,0,0,0,232,0,0,22,0,0,,,,
7202,Mass Gateway,2601,38,39,40,261,262,0,0,0,233,0,0,22,233,0,,,,
7203,Cowering Bellow,2602,47,48,49,0,0,0,276,0,42,0,0,22,42,0,,,,
7204,Reveal Crystalseed,2603,35,36,37,218,219,0,0,0,286,0,0,9,0,0,,,,
7205,Focusing Winds,2604,38,39,40,1,2,0,0,0,310,287,0,8,0,0,,,,
7206,Purify Vision,2605,32,33,34,1,2,0,0,0,132,0,0,8,0,0,,,,
7207,Blanket of Camouflage,2606,38,39,40,261,262,152,0,0,0,0,0,26,0,0,,,,
7208,Essence Flare,2607,0,0,0,0,0,0,0,0,225,0,0,27,0,0,,,,
7209,Dazzling Array,2608,35,36,37,218,219,241,0,0,310,0,0,8,0,0,,,,
7210,Dazzling Array Proc,2609,0,0,0,0,0,0,0,0,0,0,0,0,0,0,,,,
7211,Font of Power,2610,35,36,37,218,219,0,0,0,0,0,0,24,0,0,,,,
7212,Font of Power Proc,2611,0,0,0,0,0,0,0,0,0,0,0,0,0,0,,,,
7213,Determination Field,2612,32,33,34,251,252,0,0,0,0,0,0,10,0,0,,,,
7214,Determination,2613,32,0,0,0,0,0,0,0,0,0,0,0,0,0,,,,
7215,Energy Tempest,2614,32,33,34,0,0,0,0,0,162,0,0,22,12,0,,,,
7216,Energy Tempest Proc,2615,0,0,0,0,0,0,0,0,12,0,0,22,0,0,,,,
7217,Doppelganger,2616,0,0,0,0,0,0,0,0,0,0,0,0,0,0,,,,
7218,Disguise,2617,0,0,0,0,0,0,0,0,0,0,0,0,0,0,,,,
7219,Tanglesnare,2618,35,36,37,0,0,0,0,0,0,0,0,13,0,0,,,,
7220,Tanglesnare Proc,2619,0,0,0,0,0,0,0,0,0,0,0,13,53,0,,,,
7221,Decoy,2620,38,39,40,0,0,0,0,0,232,0,0,8,0,0,,,,
7222,Choking Vapors,2621,35,36,37,160,161,0,0,0,33,0,0,27,303,0,,,,
7223,Choking Vapors Proc,2622,0,0,0,0,0,0,0,0,364,0,0,27,0,0,,,,
7224,Ensnaring Field,2623,0,0,0,0,0,0,0,0,0,0,0,0,0,0,,,,
7225,Ensnaring Field,2624,0,0,0,0,0,0,0,0,0,0,0,0,0,0,,,,
7226,Unending Breath,2625,32,33,34,103,104,0,0,0,331,289,0,8,0,0,,,,
7227,Vacuum Vortex,2626,47,48,49,251,252,0,0,0,275,0,0,15,147,0,,,,
7228,Crystal Elemental,2627,0,0,0,0,0,0,0,0,0,0,0,0,0,0,,,,
7229,Forceful Zephyr,2628,35,36,37,1,2,0,0,0,172,0,0,15,0,0,,,,
7230,Sacrifice,2629,0,0,0,0,0,0,0,0,0,0,0,0,0,0,,,,
7231,Power Leak Proc,2630,0,0,0,0,0,0,0,0,154,0,0,24,292,0,,,,
7232,Sapping Strike,2631,44,45,46,0,0,0,0,0,54,0,0,18,66,0,,,,
7233,Enervating Clarity,2632,0,0,0,0,0,0,0,0,0,0,0,0,0,0,,,,
7234,Crystal Titan,2633,38,39,40,1,2,0,0,0,327,0,0,10,0,0,,,,
7235,Ancient Transmuter,2634,41,42,43,1,2,0,0,0,328,0,0,10,0,0,,,,
7236,Speedwarp,2635,32,33,34,251,252,0,0,0,0,0,0,0,0,0,,,,
7237,Speedwarp Proc,2636,0,0,0,0,0,0,0,0,369,0,0,0,0,0,,,,
7238,Summon Warcrystal,2637,38,39,40,1,2,0,0,0,309,0,0,10,0,0,,,,
7239,Purging Wave,2638,41,42,43,103,104,0,0,0,177,175,0,8,0,0,,,,
7240,Leaping Health,2639,0,0,0,0,0,0,0,0,0,0,0,0,0,0,,,,
7241,Leaping Health,2640,0,0,0,0,0,0,0,0,0,0,0,0,0,0,,,,
7242,Greatness,2641,0,0,0,0,0,0,0,0,0,0,0,0,0,0,,,,
7243,Part the Expanse,2642,0,0,0,0,0,0,0,0,0,0,0,0,0,0,,,,
7244,Sphere of Rejuvenation,2643,32,33,34,103,104,0,0,0,0,0,0,8,0,0,,,,
7245,Sphere of Rejuvenation Proc,2644,0,0,0,0,0,0,0,0,0,0,0,0,0,0,,,,
7246,Restore the Soul,2645,32,33,34,103,104,0,0,0,289,175,0,8,0,0,,,,
7247,Storm Hammer,2646,0,0,0,0,0,0,0,0,0,0,0,0,0,0,,,,
7248,Arcing Power,2647,38,39,40,218,219,0,0,0,293,240,0,24,0,0,,,,
7249,Brittle Guard,2648,38,39,40,1,2,0,0,0,326,0,0,10,0,0,,,,
7250,Battlewarder,2649,38,39,40,1,2,0,0,0,328,0,0,10,0,0,,,,
7251,Hunter's Guile,2650,0,0,0,0,0,0,0,0,0,0,0,0,0,0,,,,
7252,Power Trap,2651,32,33,34,261,262,0,0,0,0,0,0,26,292,0,,,,
7253,Power Trap Proc,2652,0,0,0,0,0,0,0,0,0,0,0,26,292,0,,,,
7254,Dissonance Trap,2653,32,33,34,1,2,0,0,0,0,0,0,22,12,0,,,,
7255,Dissonance Trap Proc,2654,0,0,0,0,0,0,0,0,0,0,0,22,12,0,,,,
7256,Invincible Warrior Spirit,2655,0,0,0,0,0,0,0,0,0,0,0,0,0,0,,,,
7257,Inebriating Fumes,2656,35,36,37,98,99,0,0,0,45,0,0,26,291,0,,,,
7258,Inebriation Proc,2657,0,0,0,0,0,0,0,0,291,0,0,26,0,0,,,,
7259,Cleansing Aura,2658,0,0,0,0,0,0,0,0,175,0,0,8,176,0,,,,
7260,Agony Transmission,2659,0,0,0,0,0,0,0,0,182,0,0,25,54,0,,,,
7261,Zone of Unmana,2660,0,0,0,0,0,0,0,0,158,0,0,26,160,0,,,,
7262,Primal Agony,2661,0,0,0,0,0,0,0,0,10,0,0,25,182,0,,,,
7263,Inexorable Defeat,2662,0,0,0,0,0,0,0,0,274,0,0,2,84,0,,,,
7264,Oppression,2663,0,0,0,0,0,0,0,0,276,0,0,2,228,0,,,,
7265,Guided Strike,2664,0,0,0,0,0,0,0,0,314,0,0,10,125,0,,,,A
7266,Eye Gouge,2665,0,0,0,0,0,0,0,0,0,0,0,0,0,0,,,,A
7267,Faultfinder Proc,2666,0,0,0,0,0,0,0,0,284,314,0,6,0,0,,,,A
7268,Summon Wood,2667,0,0,0,0,0,0,0,0,77,0,0,1,0,0,,,,A
7269,Bolstering Battlecry,2668,0,0,0,0,0,0,0,0,189,0,0,10,311,0,,,,A
7270,Doppelganger,2669,0,0,0,0,0,0,0,0,0,0,0,0,0,0,,,,A
7271,Prescience Node,2670,38,39,40,1,2,0,0,0,0,0,0,21,12,0,,,,A
7272,Enervating Gas,2671,44,45,46,145,146,0,0,0,33,0,0,15,303,0,,,,A
7273,Enervating Gas Proc,2672,0,0,0,0,0,0,0,0,303,0,0,15,84,0,,,,A
7274,Tactical Insight,2673,0,0,0,0,0,0,0,0,339,0,0,10,339,0,,,,A
7275,Grapple,2674,0,0,0,0,0,0,0,0,171,0,0,18,0,0,,,,A
7276,Snaring Tendrils of Power,2675,0,0,0,0,0,0,0,0,64,0,0,27,281,0,,,,A
7277,Energizing Aura,2676,0,0,0,0,0,0,0,0,20,0,0,8,19,0,,,,A
7278,Resistance of the Ancients,2677,32,33,34,0,0,0,0,0,342,0,0,10,0,0,,,,A
7279,Sabotage,2678,0,0,0,0,0,0,0,0,0,0,0,0,0,0,,,,A
7280,Poisonspike,2679,35,36,37,59,76,0,0,0,0,0,0,27,0,0,,,,A
7281,Poisonspike Proc,2680,0,0,0,0,0,0,0,0,303,0,0,27,303,0,,,,A
7282,Containing the Storm,2681,0,0,0,0,0,0,0,0,0,0,0,0,0,0,,,,A
7283,Detected!,2682,0,0,0,0,0,0,0,0,131,0,0,0,0,0,,,,A
7284,Unmake Crystalseed,2683,47,48,49,0,0,0,0,0,164,0,0,18,163,0,,,,A
7285,Essence Flames,2684,44,45,46,0,0,0,0,0,230,0,0,24,0,0,,,,A
7286,Essence Flames Proc,2685,0,0,0,0,0,0,0,0,193,0,0,25,0,0,,,,A
7287,Chaotic Power,2686,0,0,0,0,0,0,0,0,34,0,0,22,146,0,,,,A
7288,Leaping Health,2687,0,0,0,0,0,0,0,0,104,18,0,10,0,0,,,,A
7289,Defending Martyr,2688,0,0,0,0,0,0,0,0,264,189,0,10,188,0,,,,A
7290,Essence Sear,2689,0,0,0,0,0,0,0,0,102,0,0,25,292,0,,,,A
7291,Essence Dampen,2690,0,0,0,0,0,0,0,0,102,0,0,25,68,0,,,,A
7292,Essence Shatter,2691,0,0,0,0,0,0,0,0,102,0,0,25,296,0,,,,A
7293,Recovering Weapon,2692,0,0,0,0,0,0,0,0,0,0,0,0,0,0,,,,A
7294,Snaring Tendrils of Power side effect,2693,0,0,0,0,0,0,0,0,64,0,0,27,281,0,,,,A
7295,Leadership,2694,0,0,0,0,0,0,0,0,78,0,0,10,78,0,,,,A
7296,Demoralization,2695,0,0,0,0,0,0,0,0,228,0,0,2,228,0,,,,A
7297,Summon Mastery,2696,0,0,0,0,0,0,0,0,232,0,0,10,232,0,,,,A
7298,Phase Shift,2697,38,39,40,0,0,0,0,0,583,328,0,10,0,0,,,,A
7299,Rampant Healing,2698,38,39,40,0,0,0,0,0,310,305,0,10,0,0,,,,A
7300,Siege Wrecker,2699,38,39,40,0,0,0,0,0,0,0,0,19,0,0,,,,A
7301,Siege Wrecker Proc,2700,0,0,0,0,0,0,0,0,118,0,0,12,118,0,,,,A
7302,Mental Siphon,2701,35,36,37,261,262,0,0,0,88,0,0,27,277,0,,,,A
7303,Mental Siphon Proc,2702,0,0,0,0,0,0,0,0,277,0,0,27,0,0,,,,A
7304,Sense Dulling Cloud,2703,32,33,34,0,0,0,0,0,45,0,0,26,82,0,,,,A
7305,Stupor effect for above,2704,0,0,0,0,0,0,0,0,82,0,0,26,82,0,,,,A
7306,Banestrike,2705,0,0,0,0,0,0,0,0,136,0,0,0,295,0,,,,A
7307,Warguard,2706,0,0,0,0,0,0,0,0,136,0,0,0,339,0,,,,A
7308,Resillient Will,2707,0,0,0,0,0,0,0,0,136,0,0,0,16,0,,,,A
7309,Dissonating Ward,2708,32,33,34,0,0,0,0,0,0,0,0,27,0,0,,,,A
7310,Dissonance effect for above,2709,0,0,0,0,0,0,0,0,0,0,0,27,277,0,,,,A
;,NECRO PETCAST SPELLS,,,,,,,,,,,,,,,,,,,A
7311,Summon Wood,2710,0,0,0,0,0,0,0,0,0,0,0,0,0,0,,,,A
7312,Prescience Node,2711,0,0,0,0,0,0,0,0,0,0,0,21,0,0,,,,A
7313,Power Trap,2712,0,0,0,0,0,0,0,0,0,0,0,26,0,0,,,,A
7314,Summon Warcrystal,2713,0,0,0,0,0,0,0,0,0,0,0,10,0,0,,,,A
7315,Battlewarder,2714,0,0,0,0,0,0,0,0,0,0,0,10,0,0,,,,A
7316,Dissonance Trap,2715,0,0,0,0,0,0,0,0,0,0,0,22,12,0,,,,A
7317,Brittle Guard,2716,0,0,0,0,0,0,0,0,0,0,0,10,0,0,,,,A
7318,Summon Mastery,2717,0,0,0,0,0,0,0,0,0,0,0,0,0,0,,,,A
7319,Crystal Titan,2718,0,0,0,0,0,0,0,0,327,0,0,10,0,0,,,,A
;,,,,,,,,,,,,,,,,,,,,A
7350,Sabotage,2678,,,,,,,,,,,,,,,,,,A
7351,Lookout,2616,,,,,,,,,,,,,,,,,,A
7352,Bodyguard,2648,,,,,,,,,,,,,,,,,,A
;,,,,,,,,,,,,,,,,,,,,A
;,New Archery 1.88,,,,,,,,,,,,,,,,,,,A
7400,Standard Shot 1,4015,158,159,160,592,0,0,0,593,594,0,0,70,0,0,,,,A
7401,Standard Shot 2,4016,158,159,160,592,0,0,0,593,594,0,0,70,0,0,,,,
7402,Standard Shot 3,4017,158,159,160,592,0,0,0,593,594,0,0,70,0,0,,,,
7403,Standard Shot 4,4018,158,159,160,592,0,0,0,593,594,0,0,70,0,0,,,,
7404,Standard Shot 5,4019,158,159,160,592,0,0,0,593,594,0,0,70,0,0,,,,
7405,Long Shot 1,4020,161,162,163,595,0,0,0,596,597,0,0,70,0,0,,,,
7406,Long Shot 2,4021,161,162,163,595,0,0,0,596,597,0,0,70,0,0,,,,
7407,Long Shot 3,4022,161,162,163,595,0,0,0,596,597,0,0,70,0,0,,,,
7408,Long Shot 4,4023,161,162,163,595,0,0,0,596,597,0,0,70,0,0,,,,
7409,Long Shot 5,4024,161,162,163,595,0,0,0,596,597,0,0,70,0,0,,,,
7410,Power Shot 1,4025,158,159,160,598,0,0,0,599,600,0,0,70,0,0,,,,
7411,Power Shot 2,4026,158,159,160,598,0,0,0,599,600,0,0,70,0,0,,,,
7412,Power Shot 3,4027,158,159,160,598,0,0,0,599,600,0,0,70,0,0,,,,
7413,Power Shot 4,4028,158,159,160,598,0,0,0,599,600,0,0,70,0,0,,,,
7414,Power Shot 5,4029,158,159,160,598,0,0,0,599,600,0,0,70,0,0,,,,
7415,Point Blank Shot 1,4030,158,159,160,592,0,0,0,593,594,0,0,70,0,0,,,,
7416,Point Blank Shot 2,4031,158,159,160,592,0,0,0,593,594,0,0,70,0,0,,,,
7417,Point Blank Shot 3,4032,158,159,160,592,0,0,0,593,594,0,0,70,0,0,,2,,
7418,Point Blank Shot 4,4033,158,159,160,592,0,0,0,593,594,0,0,70,0,0,,2,,
7419,Point Blank Shot 5,4034,158,159,160,592,0,0,0,593,594,0,0,70,0,0,,2,,
7420,Critical Shot 1,4035,158,159,160,601,0,0,0,602,603,0,0,70,0,0,,,,
7421,Critical Shot 2,4036,158,159,160,601,0,0,0,602,603,0,0,70,0,0,,,,
7422,Critical Shot 3,4037,158,159,160,601,0,0,0,602,603,0,0,70,0,0,,,,
7423,Critical Shot 4,4038,158,159,160,601,0,0,0,602,603,0,0,70,0,0,,,,
7424,Critical Shot 5,4039,158,159,160,601,0,0,0,602,603,0,0,70,0,0,,,,
7425,Rapid Fire 1,4040,158,159,160,595,0,0,0,596,597,0,0,70,0,0,,,,
7426,Rapid Fire 2,4041,158,159,160,595,0,0,0,596,597,0,0,70,0,0,,,,
7427,Rapid Fire 3,4042,158,159,160,595,0,0,0,596,597,0,0,70,0,0,,,,
7428,Rapid Fire 4,4043,158,159,160,595,0,0,0,596,597,0,0,70,0,0,,,,
7429,Rapid Fire 5,4044,158,159,160,595,0,0,0,596,597,0,0,70,0,0,,,,
7430,Fire Shot 1,3985,158,159,160,610,0,0,0,611,612,0,0,71,0,0,,,,
7431,Fire Shot 2,3986,158,159,160,610,0,0,0,611,612,0,0,71,0,0,,,,
7432,Fire Shot 3,3987,158,159,160,610,0,0,0,611,612,0,0,71,0,0,,,,
7433,Fire Shot 4,3988,158,159,160,610,0,0,0,611,612,0,0,71,0,0,,,,
7434,Fire Shot 5,3989,158,159,160,610,0,0,0,611,612,0,0,71,0,0,,,,
7435,Cold Shot 1,3990,158,159,160,613,0,0,0,614,615,0,0,72,0,0,,,,
7436,Cold Shot 2,3991,158,159,160,613,0,0,0,614,615,0,0,72,0,0,,,,
7437,Cold Shot 3,3992,158,159,160,613,0,0,0,614,615,0,0,72,0,0,,,,
7438,Cold Shot 4,3993,158,159,160,613,0,0,0,614,615,0,0,72,0,0,,,,
7439,Cold Shot 5,3994,158,159,160,613,0,0,0,614,615,0,0,72,0,0,,,,
7440,Poison Shot 1,3995,158,159,160,604,0,0,0,605,606,0,0,73,0,0,,,,
7441,Poison Shot 2,3996,158,159,160,604,0,0,0,605,606,0,0,73,0,0,,,,
7442,Poison Shot 3,3997,158,159,160,604,0,0,0,605,606,0,0,73,0,0,,,,
7443,Poison Shot 4,3998,158,159,160,604,0,0,0,605,606,0,0,73,0,0,,,,
7444,Poison Shot 5,3999,158,159,160,604,0,0,0,605,606,0,0,73,0,0,,,,
7445,Acid Shot 1,4000,158,159,160,607,0,0,0,608,609,0,0,74,0,0,,,,
7446,Acid Shot 2,4001,158,159,160,607,0,0,0,608,609,0,0,74,0,0,,,,
7447,Acid Shot 3,4002,158,159,160,607,0,0,0,608,609,0,0,74,0,0,,,,
7448,Acid Shot 4,4003,158,159,160,607,0,0,0,608,609,0,0,74,0,0,,,,
7449,Acid Shot 5,4004,158,159,160,607,0,0,0,608,609,0,0,74,0,0,,,,
7450,Volley 1,4005,161,162,163,619,0,0,0,622,621,0,0,75,0,0,,,,
7451,Volley 2,4006,161,162,163,619,0,0,0,622,621,0,0,75,0,0,,,,
7452,Volley 3,4007,161,162,163,619,0,0,0,622,621,0,0,75,0,0,,,,
7453,Volley 4,4008,161,162,163,619,0,0,0,622,621,0,0,75,0,0,,,,
7454,Volley 5,4009,161,162,163,619,0,0,0,622,621,0,0,75,0,0,,,,
7455,Siege Shot 1,4010,158,159,160,616,0,0,0,617,618,0,0,76,0,0,,,,
7456,Siege Shot 2,4011,158,159,160,616,0,0,0,617,618,0,0,76,0,0,,,,
7457,Siege Shot 3,4012,158,159,160,616,0,0,0,617,618,0,0,76,0,0,,,,
7458,Siege Shot 4,4013,158,159,160,616,0,0,0,617,618,0,0,76,0,0,,,,
7459,Siege Shot 5,4014,158,159,160,616,0,0,0,617,618,0,0,76,0,0,,,,
7460,Blunt Arrows,2025,158,159,160,598,0,0,0,599,600,0,0,0,0,0,,,,
7461,Thrusting Arrows,2035,158,159,160,595,0,0,0,596,597,0,0,0,0,0,,,,
7462,Slashing Arrows,2030,158,159,160,592,0,0,0,593,594,0,0,0,0,0,,,,
;,,,,,,,,,,,,,,,,,,,,
;,,,,,,,,,,,,,,,,,,,,
;,1.89 spells,,,,,,,,,,,,,,,,,,,
;,Suppression baseline nuke,,,,,,,,,,,,,,,,,,,
7500,Spirit Burden,3300,41,42,43,471,472,0,0,0,466,0,0,13,0,332,,,,
7501,Spirit Curse,3300,41,42,43,471,472,0,0,0,466,0,0,13,0,332,,,,
7502,Spirit Oppression,3300,41,42,43,471,472,0,0,0,466,0,0,13,0,332,,,,
7503,Spirit Burial,3301,41,42,43,471,472,0,0,0,466,0,0,13,0,332,,,,
7504,Soul Burden,3301,41,42,43,471,472,0,0,0,466,0,0,13,0,332,,,,
7505,Soul Curse,3302,41,42,43,471,472,0,0,0,466,0,0,13,0,332,,,,
7506,Soul Oppression,3302,41,42,43,471,472,0,0,0,466,0,0,13,0,332,,,,
7507,Soul Burial,3303,41,42,43,471,472,0,0,0,466,0,0,13,0,332,,,,
7508,Doom Of Spirits,3303,41,42,43,471,472,0,0,0,466,0,0,13,0,332,,,,
7509,Death Of Souls,3304,41,42,43,471,472,0,0,0,466,0,0,13,0,332,,,,
;,Music Class Water Breathing Buffs,,,,,,,,,,,,,,,,,,,
7510,Neriad's Call,351,32,33,34,103,104,0,0,0,331,289,0,8,0,332,,,,
7511,Neriad's Breath,352,32,33,34,103,104,0,0,0,331,289,0,8,0,332,,,,
7512,Neriad's Blessing,353,32,33,34,103,104,0,0,0,331,289,0,8,0,332,,,,
7513,Breath of Leviathan,354,32,33,34,103,104,0,0,0,331,289,0,8,0,332,,,,
;,,,,,,,,,,,,,,,,,,,,
;,End 1.89 Spells,,,,,,,,,,,,,,,,,,,
;,Start 1.90 spells,,,,,,,,,,,,,,,,,,,
7515,Skill buff Proc spells,3530,35,36,37,251,252,0,0,0,313,0,0,9,0,332,,,,
7516,Dmg to heal buff proc,3906,35,36,37,471,472,0,0,0,552,0,0,0,0,332,,,,
7517,Dmg return shield proc,305,35,36,37,218,219,230,0,0,285,0,0,24,0,332,,,,
,,,,,,,,,,,,,,,,,,,,
,,,,,,,,,,,,,,,,,,,,
,,,,,,,,,,,,,,,,,,,,
,,,,,,,,,,,,,,,,,,,,
,,,,,,,,,,,,,,,,,,,,
,,,,,,,,,,,,,,,,,,,,
,,,,,,,,,,,,,,,,,,,,
,,,,,,,,,,,,,,,,,,,,
,,,,,,,,,,,,,,,,,,,,
;,End 1.90 Spells,,,,,,,,,,,,,,,,,,,
;,,,,,,,,,,,,,,,,,,,,
8000,Hibernian Shapeshift,408,0,0,0,0,0,257,258,0,234,0,0,28,0,332,,,,
8001,Midgardian Shapeshift,408,0,0,0,268,269,257,258,0,295,0,0,28,0,332,,,,
8002,Flurry,477,0,0,0,268,269,257,258,0,295,0,0,29,0,332,,,,
8003,Bainshee Shapechange,1199,0,0,0,0,0,0,0,0,465,0,0,10,0,332,,,,
8004,Popping Hearts,1455,0,0,0,0,0,0,0,0,519,0,0,0,0,332,,,,
8005,Pray at grave,0,0,0,0,0,0,0,0,0,132,232,0,10,0,332,,,,
8006,Bind at bindstone Midgard,0,0,0,0,0,0,0,0,0,587,100,0,10,0,332,,,,
8007,Level Up Effect 1,0,0,0,0,0,0,0,0,0,253,0,0,10,0,332,,,,
8008,Bind to Item,0,0,0,0,0,0,0,0,0,582,0,0,10,0,332,,,,
8009,Bind at bindstone Hibernia,0,0,0,0,0,0,0,0,0,588,584,0,10,0,332,,,,
8010,Bind at bindstone Albion,0,0,0,0,0,0,0,0,0,586,585,0,10,0,332,,,,
;,,,,,,,,,,,,,,,,,,,,
;,,,,,,,,,,,,,,,,,,,,
;,ITEMS,,,,,,,,,,,,,,,,,,,
;8050,Potions,,,,,,,,,,,,,,,,,,,
8051,Weak Elixir of Healing,4119,77,0,0,0,320,0,0,0,0,4,0,8,0,332,,,,
8052,Elixir of Healing,4120,77,0,0,0,320,0,0,0,0,178,0,8,0,332,,,,
8053,Improved Elixir of Healing,4121,77,0,0,0,320,0,0,0,0,179,0,8,0,332,,,,
8054,Strong Elixir of Healing,4122,77,0,0,0,320,0,0,0,0,180,0,8,0,332,,,,
8055,Weak Elixir of Stamina,835,77,0,0,0,319,0,0,0,0,19,0,10,0,332,,,,
8056,Elixir of Stamina,836,77,0,0,0,319,0,0,0,0,19,0,10,0,332,,,,
8057,Improved Elixir of Stamina,837,77,0,0,0,319,0,0,0,0,27,0,10,0,332,,,,
8058,Strong Elixir of Stamina,838,77,0,0,0,319,0,0,0,0,27,0,10,0,332,,,,
8059,Weak Elixir of Power,910,77,0,0,0,318,0,0,0,0,77,0,10,0,332,,,,
8060,Elixir of Power,911,77,0,0,0,318,0,0,0,0,308,0,10,0,332,,,,
8061,Improved Elixir of Power,912,77,0,0,0,318,0,0,0,0,78,0,10,0,332,,,,
8062,Strong Elixir of Power,439,77,0,0,0,318,0,0,0,0,309,0,10,0,332,,,,
8063,Elixir of Instant Healing,356,77,0,0,0,320,0,0,0,0,232,0,8,0,332,,,,
8064,Elixir of Instant Endurance,839,77,0,0,0,319,0,0,0,0,20,0,9,0,332,,,,
8065,Elixir of Instant Power,914,77,0,0,0,318,0,0,0,0,230,0,10,0,332,,,,
8066,Weak Shard Skin,1400,77,0,0,0,325,0,0,0,0,229,0,9,0,332,,,,
8067,Shard Skin,1401,77,0,0,0,325,0,0,0,0,229,0,9,0,332,,,,
8068,Improved Shard Skin,1402,77,0,0,0,325,0,0,0,0,229,0,9,0,332,,,,
8069,Strong Shard Skin,1403,77,0,0,0,325,0,0,0,0,229,0,9,0,332,,,,
8070,Weak Elixir of Speed,35,77,0,0,0,317,0,0,0,0,173,0,15,0,332,,,,
8071,Elixir of Speed,36,77,0,0,0,317,0,0,0,0,173,0,15,0,332,,,,
8072,Improved Elixir of Speed,440,77,0,0,0,317,0,0,0,77,173,0,15,0,332,,,,
8073,Strong Elixir of Speed,38,77,0,0,0,317,0,0,0,78,173,0,15,0,332,,,,
8074,Weak Elixir of Mending,1370,77,0,0,0,320,0,0,0,132,305,0,8,0,332,,,,
8075,Elixir of Mending,1371,77,0,0,0,320,0,0,0,4,305,0,8,0,332,,,,
8076,Improved Elixir of Mending,1372,77,0,0,0,320,0,0,0,178,305,0,8,0,332,,,,
8077,Strong Elixir of Mending,1373,77,0,0,0,320,0,0,0,179,305,0,8,0,332,,,,
8078,Weak Elixir of Invigoration,1540,77,0,0,0,319,0,0,0,0,19,0,9,0,332,,,,
8079,Elixir of Invigoration,1541,77,0,0,0,319,0,0,0,0,19,0,9,0,332,,,,
8080,Impr. Elixir of Invigoration,1542,77,0,0,0,319,0,0,0,0,19,0,9,0,332,,,,
8081,Strong Elixir of Invigoration,1543,77,0,0,0,319,0,0,0,0,19,0,9,0,332,,,,
8082,Weak Elixir of Clarity,335,77,0,0,0,320,0,0,0,308,130,0,8,0,332,,,,
8083,Elixir of Clarity,336,77,0,0,0,320,0,0,0,78,130,0,8,0,332,,,,
8084,Improved Elixir of Clarity,337,77,0,0,0,320,0,0,0,309,130,0,8,0,332,,,,
8085,Strong Elixir of Clarity,338,77,0,0,0,320,0,0,0,232,130,0,8,0,332,,,,
8086,Weak Ablative Aura,10,77,0,0,0,325,0,0,0,0,286,0,9,0,332,,,,
8087,Ablative Aura,11,77,0,0,0,325,0,0,0,0,287,0,9,0,332,,,,
8088,Improved Ablative Aura,12,77,0,0,0,325,0,0,0,0,183,0,9,0,332,,,,
8089,Strong Ablative Aura,13,77,0,0,0,325,0,0,0,0,185,0,9,0,332,,,,
8090,Elixir of Strength,1856,77,0,0,0,316,0,0,0,0,187,0,10,0,332,,,,
8091,Elixir of Fortitude,1857,77,0,0,0,321,0,0,0,0,189,0,10,0,332,,,,
8092,Elixir of Dexterity,1858,77,0,0,0,317,0,0,0,0,17,0,10,0,332,,,,
8093,Elixir of Enlightenment,1859,77,0,0,0,324,0,0,0,0,288,0,8,0,332,,,,
8094,Elixir of Might,4190,77,0,0,0,322,0,0,0,189,187,0,9,0,332,,,,
8095,Elixir of Deftness,4191,77,0,0,0,323,0,0,0,16,173,0,10,0,332,,,,
8096,Weak Essence of Weariness,1130,0,0,0,0,0,0,0,0,65,0,0,27,0,332,,,,
8097,Essence of Weariness,1131,0,0,0,0,0,0,0,0,66,0,0,27,0,332,,,,
8098,Weak Soul Rot,1090,0,0,0,0,0,0,0,0,62,0,0,27,0,332,,,,
8099,Essence of Soul Rot,1091,0,0,0,0,0,0,0,0,6,0,0,27,0,332,,,,
8100,Weak Essence of Lethargy,905,0,0,0,0,0,0,0,0,84,0,0,13,0,332,,,,
8101,Essence of Lethargy,906,0,0,0,0,0,0,0,0,296,0,0,13,0,332,,,,
8102,Weak Essence of Bloodfire,1125,0,0,0,0,0,0,0,0,292,0,0,26,0,332,,,,
8103,Essence of Bloodfire,1126,0,0,0,0,0,0,0,0,88,0,0,26,0,332,,,,
;,Portal Spell Effects,,,,,,,,,,,,,,,,,,,
8104,House Portal,3982,32,33,34,218,219,230,0,0,239,0,0,24,0,332,,,,
8105,Guild House Portal,3983,32,33,34,218,219,230,0,0,239,0,0,24,0,332,,,,
8106,Bind Portal,3984,32,33,34,218,219,230,0,0,239,0,0,24,0,332,,,,
,Potions (Cont),,,,,,,,,,,,,,,,,,,
8107,Nereid Potion,4092,77,0,0,0,320,0,0,0,0,178,0,8,0,332,,,,
8108,Draught of Courage,1851,77,0,0,0,324,0,0,0,0,288,0,8,0,332,,,,
8109,Draught of Superior Courage,1852,77,0,0,0,324,0,0,0,0,288,0,8,0,332,,,,
8110,Draught of Heroism,1853,77,0,0,0,324,0,0,0,0,288,0,8,0,332,,,,
8111,Draught of Strength,1860,77,0,0,0,316,0,0,0,0,187,0,10,0,332,,,,
8112,Draught of Fortitude,1861,77,0,0,0,321,0,0,0,0,189,0,10,0,332,,,,
8113,Draught of Dexterity,1862,77,0,0,0,317,0,0,0,0,17,0,10,0,332,,,,
8114,Draught of Enlightenment,1863,77,0,0,0,324,0,0,0,0,288,0,8,0,332,,,,
8115,Draught of Might,1854,77,0,0,0,322,0,0,0,189,187,0,9,0,332,,,,
8116,Draught of Deftness,1855,77,0,0,0,323,0,0,0,16,173,0,10,0,332,,,,
8117,Pictish Invigoration,1544,77,0,0,0,319,0,0,0,0,19,0,9,0,332,,,,
8118,Pictish Clarity,339,77,0,0,0,320,0,0,0,232,130,0,8,0,332,,,,
8119,Pictish Accuracy (Gray),1864,38,39,40,1,2,0,0,0,77,0,0,8,0,332,,,,
8120,Pictish Accuracy (Green),1865,38,39,40,1,2,0,0,0,77,0,0,8,0,332,,,,
8121,Pictish Accuracy (Blue),1866,38,39,40,1,2,0,0,0,77,0,0,8,0,332,,,,
8122,Pictish Accuracy (Yellow),1867,38,39,40,1,2,0,0,0,77,0,0,8,0,332,,,,
8123,Pictish Accuracy (Red),1868,38,39,40,1,2,0,0,0,77,0,0,8,0,332,,,,
8124,Withering of the Picts (Gray),1869,35,36,37,55,69,0,0,0,49,0,0,2,0,332,,,,
8125,Withering of the Picts (Green),1870,35,36,37,55,69,0,0,0,49,0,0,2,0,332,,,,
8126,Withering of the Picts (Blue),1871,35,36,37,55,69,0,0,0,49,0,0,2,0,332,,,,
8127,Withering of the Picts (Yellow),1872,35,36,37,55,69,0,0,0,49,0,0,2,0,332,,,,
8128,Withering of the Picts (Red),1873,35,36,37,55,69,0,0,0,49,0,0,2,0,332,,,,
8129,Pictish Weakening (Blue),1874,47,48,49,261,262,0,0,0,66,0,0,27,66,332,,,,
8130,Pictish Weakening (Yellow),1875,47,48,49,261,262,0,0,0,66,0,0,27,66,332,,,,
8131,Pictish Weakening (Red),1876,47,48,49,261,262,0,0,0,66,0,0,27,66,332,,,,
8132,Shield of the Picts (Gray),1877,32,33,34,251,252,0,0,0,90,0,0,13,0,332,,,,
8133,Shield of the Picts (Green),1878,32,33,34,251,252,0,0,0,90,0,0,13,0,332,,,,
8134,Shield of the Picts (Blue),1879,32,33,34,251,252,0,0,0,90,0,0,13,0,332,,,,
8135,Shield of the Picts (Yellow),1880,32,33,34,251,252,0,0,0,90,0,0,13,0,332,,,,
8136,Shield of the Picts (Red),1881,32,33,34,251,252,0,0,0,90,0,0,13,0,332,,,,
;,,,,,,,,,,,,,,,,,,,,
;,Event Spells,,,,,,,,,,,,,,,,,,,
8150,Spell Piercing Buff,3823,0,0,0,0,0,0,0,0,67,0,0,13,0,0,,,,
8151,Champion's Aura of Magic,3839,0,0,0,0,0,0,0,0,0,0,0,0,0,0,,,,
8152,Damage Add Buff,3824,0,0,0,0,0,0,0,0,173,0,0,15,0,0,,,,
8153,Champion's Fury,3825,0,0,0,0,0,0,0,0,0,0,0,0,0,0,,,,
8154,Celerity Buff,3826,0,0,0,0,0,0,0,0,89,0,0,20,0,0,,,,
8155,Champion's Vigor,39,0,0,0,0,0,0,0,0,0,0,0,0,0,0,,,,
8156,Ablative Buff,3827,0,0,0,0,0,0,0,0,186,0,0,9,0,0,,,,
8157,Champion's Shield,3828,0,0,0,0,0,0,0,0,0,0,0,0,0,0,,,,
8158,Heal Pulse,2687,0,0,0,0,0,0,0,0,181,0,0,8,0,0,,,,
8159,Champion's Boon,394,0,0,0,0,0,0,0,0,0,0,0,0,0,0,,,,
8160,Siege Damage Add,2666,0,0,0,0,0,0,0,0,284,314,0,6,0,0,,,,
8161,Champion's Precision,1299,0,0,0,0,0,0,0,0,0,0,0,0,0,0,,,,
8162,Tri-Resist Buff Elemental,3829,0,0,0,0,0,0,0,0,287,0,0,8,0,0,,,,
8163,Champion's Preservation,3832,0,0,0,0,0,0,0,0,0,0,0,0,0,0,,,,
8164,Tri-Resist Buff Spiritual,3830,0,0,0,0,0,0,0,0,20,0,0,8,0,0,,,,
8165,Champion's Salvation,3833,0,0,0,0,0,0,0,0,0,0,0,0,0,0,,,,
8166,Tri-Resist Buff Melee,3831,0,0,0,0,0,0,0,0,366,0,0,8,0,0,,,,
8167,Champion's Protection,1954,0,0,0,0,0,0,0,0,0,0,0,0,0,0,,,,
8168,Endurance Regen Buff,3834,0,0,0,0,0,0,0,0,485,0,0,8,0,0,,,,
8169,Champion's Replenishment,2354,0,0,0,0,0,0,0,0,0,0,0,0,0,0,,,,
8170,Power Regen Buff,3835,0,0,0,0,0,0,0,0,8,0,0,8,0,0,,,,
8171,Champion's Renewal,3836,0,0,0,0,0,0,0,0,0,0,0,0,0,0,,,,
8172,Hand of the Champion,3837,0,0,0,0,0,0,0,0,328,0,0,13,0,0,,,,
8173,Champion Effect Pulse,3838,0,0,0,0,0,0,0,0,0,0,0,0,0,0,,,,
8174,Champion Effect,3838,0,0,0,0,0,0,0,0,624,0,0,0,0,0,,,,
8175,Speed of the Champion,3020,25,26,27,105,106,108,0,0,14,0,0,3,0,0,,,,
8176,Caustic Boils,3494,35,36,37,124,125,0,0,0,148,0,0,18,448,332,,,,
8177,Grip of Madness,1174,47,48,49,55,69,0,0,0,563,0,0,27,0,332,,,,
8178,Dark Reaping,3494,35,36,37,124,125,0,0,0,547,0,0,18,448,332,,,,
8179,,,,,,,,,,,,,,,,,,,,
8180,,,,,,,,,,,,,,,,,,,,
8181,,,,,,,,,,,,,,,,,,,,
8182,,,,,,,,,,,,,,,,,,,,
8183,,,,,,,,,,,,,,,,,,,,
8184,,,,,,,,,,,,,,,,,,,,
8185,,,,,,,,,,,,,,,,,,,,
8186,,,,,,,,,,,,,,,,,,,,
8187,,,,,,,,,,,,,,,,,,,,
8188,,,,,,,,,,,,,,,,,,,,
8189,,,,,,,,,,,,,,,,,,,,
8190,,,,,,,,,,,,,,,,,,,,
8191,,,,,,,,,,,,,,,,,,,,
;,,,,,,,,,,,,,,,,,,,,
;,,,,,,,,,,,,,,,,,,,,
;,,,,,,,,,,,,,,,,,,,,
;,,,,,,,,,,,,,,,,,,,,
;,,,,,,,,,,,,,,,,,,,,
;,Area Sounds,,,,,,,,,,,,,,,,,,,
8300,Dragon roaring,408,0,0,0,0,0,0,0,0,0,0,0,29,0,,,,,
;,,,,,,,,,,,,,,,,,,,,
;,,,,,,,,,,,,,,,,,,,,
;,,,,,,,,,,,,,,,,,,,,
;,,,,,,,,,,,,,,,,,,,,
;,,,,,,,,,,,,,,,,,,,,
;,Necromancer/Reaver,,,,,,,,,,,,,,,,,,,
;9000,Deathsight,,,,,,,,,,,,,,,,,,,
9001,Glimpse of Fate,1900,35,36,37,55,69,80,0,0,110,0,0,26,0,332,,,,
9002,Glimpse of the Inevitable,1900,35,36,37,55,69,80,0,0,110,0,0,26,0,332,,,,
9003,Glimpse of the Grave,1900,35,36,37,55,69,80,0,0,110,0,0,26,0,332,,,,
9004,Glimpse of Death,1901,35,36,37,55,69,80,0,0,110,0,0,26,0,332,,,,
9005,Visions of Fate,1902,35,36,37,55,69,80,0,0,111,0,0,26,0,332,,,,
9006,Visions of the Inevitable,1902,35,36,37,55,69,80,0,0,111,0,0,26,0,332,,,,
9007,Visions of the Grave,1903,35,36,37,55,69,80,0,0,111,0,0,26,0,332,,,,
9008,Visions of Death,1904,35,36,37,55,69,80,0,0,111,0,0,26,0,332,,,,
9011,Health Evacuation,1125,35,36,37,59,76,57,0,0,148,0,0,27,0,332,,,,
9012,Life Evacuation,1125,35,36,37,59,76,57,0,0,148,0,0,27,0,332,,,,
9013,Spirit Evacuation,1125,35,36,37,59,76,57,0,0,148,0,0,27,0,332,,,,
9014,Soul Evacuation,1126,35,36,37,59,76,57,0,0,149,0,0,27,0,332,,,,
9015,Vitality Theft,1126,35,36,37,59,76,57,0,0,149,0,0,27,0,332,,,,
9016,Theft of Vigor,1127,35,36,37,59,76,57,0,0,149,0,0,27,0,332,,,,
9017,Theft of Vim,1128,35,36,37,59,76,57,0,0,159,0,0,27,0,332,,,,
9018,Theft of Energy,1129,35,36,37,59,76,57,0,0,159,0,0,27,0,332,,,,
9019,Theft of Liveliness,1129,35,36,37,59,76,57,0,0,159,0,0,27,0,332,,,,
9021,Servant of Death,1190,32,33,34,55,69,0,0,0,187,0,0,13,0,332,,,,
9022,Agent of Death,1190,32,33,34,55,69,0,0,0,187,0,0,13,0,332,,,,
9023,Bringer of Death,1191,32,33,34,55,69,0,0,0,187,0,0,13,0,332,,,,
9024,Servant of the Grave,1191,32,33,34,55,69,0,0,0,188,0,0,13,0,332,,,,
9025,Agent of the Grave,1192,32,33,34,55,69,0,0,0,188,0,0,13,0,332,,,,
9026,Bringer of the Grave,1193,32,33,34,55,69,0,0,0,189,0,0,13,0,332,,,,
9027,Death's Calling,1194,32,33,34,55,69,0,0,0,189,0,0,13,0,332,,,,
;,,,,,,,,,,,,,,,,,,,,
9051,Glimpse of Fate,1900,35,36,37,0,0,0,0,0,0,0,0,0,0,332,,,,
9052,Glimpse of the Inevitable,1900,35,36,37,0,0,0,0,0,0,0,0,0,0,332,,,,
9053,Glimpse of the Grave,1900,35,36,37,0,0,0,0,0,0,0,0,0,0,332,,,,
9054,Glimpse of Death,1901,35,36,37,0,0,0,0,0,0,0,0,0,0,332,,,,
9055,Visions of Fate,1902,35,36,37,0,0,0,0,0,0,0,0,0,0,332,,,,
9056,Visions of the Inevitable,1902,35,36,37,0,0,0,0,0,0,0,0,0,0,332,,,,
9057,Visions of the Grave,1903,35,36,37,0,0,0,0,0,0,0,0,0,0,332,,,,
9058,Visions of Death,1904,35,36,37,0,0,0,0,0,0,0,0,0,0,332,,,,
9061,Health Evacuation,1125,35,36,37,0,0,0,0,0,0,0,0,0,0,332,,,,
9062,Life Evacuation,1125,35,36,37,0,0,0,0,0,0,0,0,0,0,332,,,,
9063,Spirit Evacuation,1125,35,36,37,0,0,0,0,0,0,0,0,0,0,332,,,,
9064,Soul Evacuation,1126,35,36,37,0,0,0,0,0,0,0,0,0,0,332,,,,
9065,Vitality Theft,1126,35,36,37,0,0,0,0,0,0,0,0,0,0,332,,,,
9066,Theft of Vigor,1127,35,36,37,0,0,0,0,0,0,0,0,0,0,332,,,,
9067,Theft of Vim,1128,35,36,37,0,0,0,0,0,0,0,0,0,0,332,,,,
9068,Theft of Energy,1129,35,36,37,0,0,0,0,0,0,0,0,0,0,332,,,,
9069,Theft of Liveliness,1129,35,36,37,0,0,0,0,0,0,0,0,0,0,332,,,,
9071,Servant of Death,1190,32,33,34,0,0,0,0,0,0,0,0,0,0,332,,,,
9072,Agent of Death,1190,32,33,34,0,0,0,0,0,0,0,0,0,0,332,,,,
9073,Bringer of Death,1191,32,33,34,0,0,0,0,0,0,0,0,0,0,332,,,,
9074,Servant of the Grave,1191,32,33,34,0,0,0,0,0,0,0,0,0,0,332,,,,
9075,Agent of the Grave,1192,32,33,34,0,0,0,0,0,0,0,0,0,0,332,,,,
9076,Bringer of the Grave,1193,32,33,34,0,0,0,0,0,0,0,0,0,0,332,,,,
9077,Death's Calling,1194,32,33,34,0,0,0,0,0,0,0,0,0,0,332,,,,
;,,,,,,,,,,,,,,,,,,,,
;,,,,,,,,,,,,,,,,,,,,
;,,,,,,,,,,,,,,,,,,,,
;9100,Deathsight Mastery,,,,,,,,,,,,,,,,,,,
9101,Longing For Death,1907,35,36,37,160,161,0,0,0,109,0,0,9,0,332,,,,
9102,Communion with Death,1908,35,36,37,160,161,0,0,0,109,0,0,9,0,332,,,,
9103,Intimacy with Death,1909,35,36,37,160,161,0,0,0,109,0,0,9,0,332,,,,
9111,Vigor Vacuum,1910,44,45,46,160,161,0,0,0,101,0,0,9,0,332,,,,
9112,Power Vacuum,1910,44,45,46,160,161,0,0,0,101,0,0,9,0,332,,,,
9113,Efficacy Vacuum,1910,44,45,46,160,161,0,0,0,101,0,0,9,0,332,,,,
9114,Puissance Vacuum,1911,44,45,46,160,161,0,0,0,292,0,0,9,0,332,,,,
9115,Energy Vacuum,1911,44,45,46,160,161,0,0,0,292,0,0,9,0,332,,,,
9116,Lifeforce Vacuum,1912,44,45,46,160,161,0,0,0,292,0,0,9,0,332,,,,
9117,Spirit Vacuum,1913,44,45,46,160,161,0,0,0,88,0,0,9,0,332,,,,
9118,Soul Vacuum,1914,44,45,46,160,161,0,0,0,88,0,0,9,0,332,,,,
9121,Gift of Insight,1915,32,33,34,1,2,0,0,0,130,268,0,8,0,332,,,,
9122,Gift of Vim,1915,32,33,34,1,2,0,0,0,130,268,0,8,0,332,,,,
9123,Gift of Vision,1916,32,33,34,1,2,0,0,0,130,269,0,8,0,332,,,,
9124,Gift of Energy,1916,32,33,34,1,2,0,0,0,130,269,0,8,0,332,,,,
9125,Gift of Power,1917,32,33,34,1,2,0,0,0,130,270,0,8,0,332,,,,
9126,Gift of Essence,1917,32,33,34,1,2,0,0,0,130,270,0,8,0,332,,,,
9127,Gift of Force,1918,32,33,34,1,2,0,0,0,130,271,0,8,0,332,,,,
9128,Arawn's Gift,1919,32,33,34,1,2,0,0,0,130,271,0,8,0,332,,,,
9131,Figments of Death,1950,35,36,37,55,69,80,0,0,112,0,0,26,0,332,,,,
9132,Delusions of Death,1950,35,36,37,55,69,80,0,0,112,0,0,26,0,332,,,,
9133,Mirages of Death,1951,35,36,37,55,69,80,0,0,112,0,0,26,0,332,,,,
9134,Phantoms of Death,1952,35,36,37,55,69,80,0,0,112,0,0,26,0,332,,,,
9135,Apparitions of Death,1953,35,36,37,55,69,80,0,0,113,0,0,26,0,332,,,,
9136,Phantasms of Death,1954,35,36,37,55,69,80,0,0,113,0,0,26,0,332,,,,
9137,Specters of Death,1954,35,36,37,55,69,80,0,0,113,0,0,26,0,332,,,,
9141,Cry of the Dead,2755,35,36,37,59,76,0,0,0,0,0,0,0,0,332,,,,
9142,Bellow of the Dead,2755,35,36,37,59,76,0,0,0,0,0,0,0,0,332,,,,
9143,Anguish of the Dead,2755,35,36,37,59,76,0,0,0,0,0,0,0,0,332,,,,
9144,Agony of the Dead,2756,35,36,37,59,76,0,0,0,0,0,0,0,0,332,,,,
9145,Pain of the the Dead,2757,35,36,37,59,76,0,0,0,0,0,0,0,0,332,,,,
9146,Sorrow of the Dead,2758,35,36,37,59,76,0,0,0,0,0,0,0,0,332,,,,
9147,Shriek of the Dead,2758,35,36,37,59,76,0,0,0,0,0,0,0,0,332,,,,
9148,Scream of the Dead,2759,35,36,37,59,76,0,0,0,0,0,0,0,0,332,,,,
9149,Spirit Shout 9,2759,35,36,37,59,76,0,0,0,0,0,0,0,0,332,,,,
;,,,,,,,,,,,,,,,,,,,,
;,,,,,,,,,,,,,,,,,,,,
9151,Longing For Death,1907,35,36,37,0,0,0,0,0,0,0,0,0,0,332,,,,
9152,Communion with Death,1908,35,36,37,0,0,0,0,0,0,0,0,0,0,332,,,,
9153,Intimacy with Death,1909,35,36,37,0,0,0,0,0,0,0,0,0,0,332,,,,
9161,Vigor Vacuum,1910,44,45,46,0,0,0,0,0,0,0,0,0,0,332,,,,
9162,Power Vacuum,1910,44,45,46,0,0,0,0,0,0,0,0,0,0,332,,,,
9163,Efficacy Vacuum,1910,44,45,46,0,0,0,0,0,0,0,0,0,0,332,,,,
9164,Puissance Vacuum,1911,44,45,46,0,0,0,0,0,0,0,0,0,0,332,,,,
9165,Energy Vacuum,1911,44,45,46,0,0,0,0,0,0,0,0,0,0,332,,,,
9166,Lifeforce Vacuum,1912,44,45,46,0,0,0,0,0,0,0,0,0,0,332,,,,
9167,Spirit Vacuum,1913,44,45,46,0,0,0,0,0,0,0,0,0,0,332,,,,
9168,Soul Vacuum,1914,44,45,46,0,0,0,0,0,0,0,0,0,0,332,,,,
9171,Gift of Insight,1915,32,33,34,0,0,0,0,0,0,0,0,0,0,332,,,,
9172,Gift of Vim,1915,32,33,34,0,0,0,0,0,0,0,0,0,0,332,,,,
9173,Gift of Vision,1916,32,33,34,0,0,0,0,0,0,0,0,0,0,332,,,,
9174,Gift of Energy,1916,32,33,34,0,0,0,0,0,0,0,0,0,0,332,,,,
9175,Gift of Power,1917,32,33,34,0,0,0,0,0,0,0,0,0,0,332,,,,
9176,Gift of Essence,1917,32,33,34,0,0,0,0,0,0,0,0,0,0,332,,,,
9177,Gift of Force,1918,32,33,34,0,0,0,0,0,0,0,0,0,0,332,,,,
9178,Arawn's Gift,1919,32,33,34,0,0,0,0,0,0,0,0,0,0,332,,,,
9181,Figments of Death,1950,35,36,37,0,0,0,0,0,0,0,0,0,0,332,,,,
9182,Delusions of Death,1950,35,36,37,0,0,0,0,0,0,0,0,0,0,332,,,,
9183,Mirages of Death,1951,35,36,37,0,0,0,0,0,0,0,0,0,0,332,,,,
9184,Phantoms of Death,1952,35,36,37,0,0,0,0,0,0,0,0,0,0,332,,,,
9185,Apparitions of Death,1953,35,36,37,0,0,0,0,0,0,0,0,0,0,332,,,,
9186,Phantasms of Death,1954,35,36,37,0,0,0,0,0,0,0,0,0,0,332,,,,
9187,Specters of Death,1954,35,36,37,0,0,0,0,0,0,0,0,0,0,332,,,,
9191,Cry of the Dead,2755,35,36,37,59,76,0,0,0,441,0,0,27,0,332,,,,
9192,Bellow of the Dead,2755,35,36,37,59,76,0,0,0,441,0,0,27,0,332,,,,
9193,Anguish of the Dead,2755,35,36,37,59,76,0,0,0,441,0,0,27,0,332,,,,
9194,Agony of the Dead,2756,35,36,37,59,76,0,0,0,441,0,0,27,0,332,,,,
9195,Pain of the the Dead,2757,35,36,37,59,76,0,0,0,441,0,0,27,0,332,,,,
9196,Sorrow of the Dead,2758,35,36,37,59,76,0,0,0,442,0,0,27,0,332,,,,
9197,Shriek of the Dead,2758,35,36,37,59,76,0,0,0,442,0,0,27,0,332,,,,
9198,Scream of the Dead,2759,35,36,37,59,76,0,0,0,442,0,0,27,0,332,,,,
9199,Spirit Shout 9,2759,35,36,37,59,76,0,0,0,442,0,0,27,0,332,,,,
;,,,,,,,,,,,,,,,,,,,,
;,,,,,,,,,,,,,,,,,,,,
;,,,,,,,,,,,,,,,,,,,,
;,,,,,,,,,,,,,,,,,,,,
;,,,,,,,,,,,,,,,,,,,,
;9200,Painworking,,,,,,,,,,,,,,,,,,,
9201,Accentuate Pain,1920,32,33,34,218,219,0,0,0,148,0,0,2,0,332,,,,
9202,Heighten Pain,1920,32,33,34,218,219,0,0,0,148,0,0,2,0,332,,,,
9203,Boost Pain,1920,32,33,34,218,219,0,0,0,148,0,0,2,0,332,,,,
9204,Intensify Pain,1921,32,33,34,218,219,0,0,0,148,0,0,2,0,332,,,,
9205,Enhance Pain,1921,32,33,34,218,219,0,0,0,149,0,0,2,0,332,,,,
9206,Aggravate Pain,1922,32,33,34,218,219,0,0,0,149,0,0,2,0,332,,,,
9207,Magnify Pain,1922,32,33,34,218,219,0,0,0,149,0,0,2,0,332,,,,
9208,Sharpen Pain,1923,32,33,34,218,219,0,0,0,149,0,0,2,0,332,,,,
9209,Exacerbate Pain,1924,32,33,34,218,219,0,0,0,159,0,0,2,0,332,,,,
9211,Crippling Pain,2125,41,42,43,37,38,0,0,0,50,0,0,20,0,332,,,,
9212,Exhausting Pain,2125,41,42,43,37,38,0,0,0,50,0,0,20,0,332,,,,
9213,Disabling Pain,2125,41,42,43,37,38,0,0,0,50,0,0,20,0,332,,,,
9214,Constricting Pain,2126,41,42,43,37,38,0,0,0,101,0,0,20,0,332,,,,
9215,Deadening Pain,2126,41,42,43,37,38,0,0,0,101,0,0,20,0,332,,,,
9216,Enfeebling Pain,2127,41,42,43,37,38,0,0,0,101,0,0,20,0,332,,,,
9217,Debilitating Pain,2127,47,48,49,37,38,0,0,0,129,0,0,20,0,332,,,,
9218,Weakening Pain,2128,47,48,49,37,38,0,0,0,129,0,0,20,0,332,,,,
9219,Dispiriting Pain,2129,47,48,49,37,38,0,0,0,129,0,0,20,0,332,,,,
9221,Facilitate Painworking,400,44,45,46,55,69,0,0,0,0,0,0,26,0,332,,,,
9222,Dead Awakening,1279,32,33,34,1,2,0,0,0,289,0,0,8,0,332,,,,
;,,,,,,,,,,,,,,,,,,,,
9251,Accentuate Pain,1920,32,33,34,0,0,0,0,0,0,0,0,0,0,332,,,,
9252,Heighten Pain,1920,32,33,34,0,0,0,0,0,0,0,0,0,0,332,,,,
9253,Boost Pain,1920,32,33,34,0,0,0,0,0,0,0,0,0,0,332,,,,
9254,Intensify Pain,1921,32,33,34,0,0,0,0,0,0,0,0,0,0,332,,,,
9255,Enhance Pain,1921,32,33,34,0,0,0,0,0,0,0,0,0,0,332,,,,
9256,Aggravate Pain,1922,32,33,34,0,0,0,0,0,0,0,0,0,0,332,,,,
9257,Magnify Pain,1922,32,33,34,0,0,0,0,0,0,0,0,0,0,332,,,,
9258,Sharpen Pain,1923,32,33,34,0,0,0,0,0,0,0,0,0,0,332,,,,
9259,Exacerbate Pain,1924,32,33,34,0,0,0,0,0,0,0,0,0,0,332,,,,
9261,Crippling Pain,2125,41,42,43,0,0,0,0,0,0,0,0,0,0,332,,,,
9262,Exhausting Pain,2125,41,42,43,0,0,0,0,0,0,0,0,0,0,332,,,,
9263,Disabling Pain,2125,41,42,43,0,0,0,0,0,0,0,0,0,0,332,,,,
9264,Constricting Pain,2126,41,42,43,0,0,0,0,0,0,0,0,0,0,332,,,,
9265,Deadening Pain,2126,41,42,43,0,0,0,0,0,0,0,0,0,0,332,,,,
9266,Enfeebling Pain,2127,41,42,43,0,0,0,0,0,0,0,0,0,0,332,,,,
9267,Debilitating Pain,2127,47,48,49,0,0,0,0,0,0,0,0,0,0,332,,,,
9268,Weakening Pain,2128,47,48,49,0,0,0,0,0,0,0,0,0,0,332,,,,
9269,Dispiriting Pain,2129,47,48,49,0,0,0,0,0,0,0,0,0,0,332,,,,
9271,Facilitate Painworking,400,44,45,46,0,0,0,0,0,0,0,0,0,0,332,,,,
;,,,,,,,,,,,,,,,,,,,,
;,,,,,,,,,,,,,,,,,,,,
;,,,,,,,,,,,,,,,,,,,,
;9300,Necro Painworking,,,,,,,,,,,,,,,,,,,
9301,Shroud of Affliction,315,32,33,34,160,161,0,0,0,148,0,0,2,148,332,,,,
9302,Shroud of Pain,315,32,33,34,160,161,0,0,0,148,0,0,2,148,332,,,,
9303,Shroud of Agony,316,32,33,34,160,161,0,0,0,148,0,0,2,148,332,,,,
9304,Shroud of Injury,316,32,33,34,160,161,0,0,0,149,0,0,2,149,332,,,,
9305,Shroud of Misery,317,32,33,34,160,161,0,0,0,149,0,0,2,149,332,,,,
9306,Shroud of Woe,318,32,33,34,160,161,0,0,0,159,0,0,2,159,332,,,,
9307,Shroud of Torture,319,32,33,34,160,161,0,0,0,159,0,0,2,159,332,,,,
9311,Vortex of Anguish,895,35,36,37,160,161,0,0,0,276,0,0,13,228,332,,,,
9312,Vortex of Misery,896,35,36,37,160,161,0,0,0,276,0,0,13,228,332,,,,
9313,Vortex of Wretchedness,896,35,36,37,160,161,0,0,0,276,0,0,13,228,332,,,,
9314,Vortex of Suffering,897,35,36,37,160,161,0,0,0,276,0,0,13,296,332,,,,
9315,Vortex of Grief,898,35,36,37,160,161,0,0,0,276,0,0,13,296,332,,,,
9316,Vortex of Rue,898,35,36,37,160,161,0,0,0,276,0,0,13,296,332,,,,
9317,Vortex of Agony,899,35,36,37,160,161,0,0,0,276,0,0,13,296,332,,,,
9321,Billowing Death,1110,47,48,49,160,161,0,276,0,153,0,0,15,153,332,,,,
9322,Expanding Death,1110,47,48,49,160,161,0,276,0,153,0,0,15,153,332,,,,
9323,Flowing Death,1110,47,48,49,160,161,0,276,0,153,0,0,15,153,332,,,,
9324,Exploding Death,1111,47,48,49,160,161,0,276,0,153,0,0,15,153,332,,,,
9325,Unending Death,1111,47,48,49,160,161,0,276,0,153,0,0,15,153,332,,,,
9326,Bloating Death,1112,47,48,49,160,161,0,276,0,153,0,0,15,153,332,,,,
9327,Swelling Death,1112,47,48,49,160,161,0,276,0,153,0,0,15,153,332,,,,
9328,Heightening Death,1113,47,48,49,160,161,0,276,0,153,0,0,15,153,332,,,,
9329,Infinite Death,1114,47,48,49,160,161,0,276,0,153,0,0,15,153,332,,,,
9331,Proficiency of Pain,1180,32,33,34,59,76,0,0,0,295,0,0,2,0,332,,,,
9332,Adept of Pain,1181,32,33,34,59,76,0,0,0,295,0,0,2,0,332,,,,
9333,Endowment of Pain,1181,32,33,34,59,76,0,0,0,295,0,0,2,0,332,,,,
9334,Aptitude for Pain,1182,32,33,34,59,76,0,0,0,295,0,0,2,0,332,,,,
9335,Expert of Pain,1183,32,33,34,59,76,0,0,0,295,0,0,2,0,332,,,,
9336,Command of Pain,1184,32,33,34,59,76,0,0,0,295,0,0,2,0,332,,,,
9341,Poison Gasp,1100,47,48,49,160,161,0,135,0,303,0,0,2,0,332,,,,
9342,Poison Wheeze,1100,47,48,49,160,161,0,135,0,303,0,0,2,0,332,,,,
9343,Poison Breath,1101,47,48,49,160,161,0,135,0,303,0,0,2,0,332,,,,
9344,Poison Aroma,1101,47,48,49,160,161,0,135,0,303,0,0,2,0,332,,,,
9345,Poison Gust,1102,47,48,49,160,161,0,135,0,303,0,0,2,0,332,,,,
9346,Poison Vapor,1103,47,48,49,160,161,0,135,0,303,0,0,2,0,332,,,,
9347,Poison Exhalation,1104,47,48,49,160,161,0,135,0,303,0,0,2,0,332,,,,
9348,Poison Wind,1104,47,48,49,160,161,0,135,0,303,0,0,2,0,332,,,,
9349,Poisoned Breath 9,1104,47,48,49,160,161,0,135,0,303,0,0,2,0,332,,,,
;,,,,,,,,,,,,,,,,,,,,
;,,,,,,,,,,,,,,,,,,,,
;,,,,,,,,,,,,,,,,,,,,
;,,,,,,,,,,,,,,,,,,,,
;,,,,,,,,,,,,,,,,,,,,
9351,Shroud of Affliction,315,32,33,34,0,0,0,0,0,0,0,0,0,0,332,,,,
9352,Shroud of Pain,315,32,33,34,0,0,0,0,0,0,0,0,0,0,332,,,,
9353,Shroud of Agony,316,32,33,34,0,0,0,0,0,0,0,0,0,0,332,,,,
9354,Shroud of Injury,316,32,33,34,0,0,0,0,0,0,0,0,0,0,332,,,,
9355,Shroud of Misery,317,32,33,34,0,0,0,0,0,0,0,0,0,0,332,,,,
9356,Shroud of Woe,318,32,33,34,0,0,0,0,0,0,0,0,0,0,332,,,,
9357,Shroud of Torture,319,32,33,34,0,0,0,0,0,0,0,0,0,0,332,,,,
9361,Vortex of Anguish,895,35,36,37,0,0,0,0,0,0,0,0,0,0,332,,,,
9362,Vortex of Misery,896,35,36,37,0,0,0,0,0,0,0,0,0,0,332,,,,
9363,Vortex of Wretchedness,896,35,36,37,0,0,0,0,0,0,0,0,0,0,332,,,,
9364,Vortex of Suffering,897,35,36,37,0,0,0,0,0,0,0,0,0,0,332,,,,
9365,Vortex of Grief,898,35,36,37,0,0,0,0,0,0,0,0,0,0,332,,,,
9366,Vortex of Rue,898,35,36,37,0,0,0,0,0,0,0,0,0,0,332,,,,
9367,Vortex of Agony,899,35,36,37,0,0,0,0,0,0,0,0,0,0,332,,,,
9371,Billowing Death,1110,47,48,49,0,0,0,0,0,0,0,0,0,0,332,,,,
9372,Expanding Death,1110,47,48,49,0,0,0,0,0,0,0,0,0,0,332,,,,
9373,Flowing Death,1110,47,48,49,0,0,0,0,0,0,0,0,0,0,332,,,,
9374,Exploding Death,1111,47,48,49,0,0,0,0,0,0,0,0,0,0,332,,,,
9375,Unending Death,1111,47,48,49,0,0,0,0,0,0,0,0,0,0,332,,,,
9376,Bloating Death,1112,47,48,49,0,0,0,0,0,0,0,0,0,0,332,,,,
9377,Swelling Death,1112,47,48,49,0,0,0,0,0,0,0,0,0,0,332,,,,
9378,Heightening Death,1113,47,48,49,0,0,0,0,0,0,0,0,0,0,332,,,,
9379,Infinite Death,1114,47,48,49,0,0,0,0,0,0,0,0,0,0,332,,,,
9381,Proficiency of Pain,1180,32,33,34,0,0,0,0,0,0,0,0,0,0,332,,,,
9382,Adept of Pain,1181,32,33,34,0,0,0,0,0,0,0,0,0,0,332,,,,
9383,Endowment of Pain,1181,32,33,34,0,0,0,0,0,0,0,0,0,0,332,,,,
9384,Aptitude for Pain,1182,32,33,34,0,0,0,0,0,0,0,0,0,0,332,,,,
9385,Expert of Pain,1183,32,33,34,0,0,0,0,0,0,0,0,0,0,332,,,,
9386,Command of Pain,1184,32,33,34,0,0,0,0,0,0,0,0,0,0,332,,,,
9391,Poison Gasp,1100,47,48,49,160,161,0,0,0,0,0,0,0,0,332,,,,
9392,Poison Wheeze,1100,47,48,49,160,161,0,0,0,0,0,0,0,0,332,,,,
9393,Poison Breath,1101,47,48,49,160,161,0,0,0,0,0,0,0,0,332,,,,
9394,Poison Aroma,1101,47,48,49,160,161,0,0,0,0,0,0,0,0,332,,,,
9395,Poison Gust,1102,47,48,49,160,161,0,0,0,0,0,0,0,0,332,,,,
9396,Poison Vapor,1103,47,48,49,160,161,0,0,0,0,0,0,0,0,332,,,,
9397,Poison Exhalation,1104,47,48,49,160,161,0,0,0,0,0,0,0,0,332,,,,
9398,Poison Wind,1104,47,48,49,160,161,0,0,0,0,0,0,0,0,332,,,,
9399,Poisoned Breath 9,1104,47,48,49,160,161,0,0,0,0,0,0,0,0,332,,,,
;,,,,,,,,,,,,,,,,,,,,
;,,,,,,,,,,,,,,,,,,,,
;9400,Death Servant,,,,,,,,,,,,,,,,,,,
9401,Call Minor Zombie Servant,1925,38,39,40,160,161,0,0,0,0,268,0,2,0,332,,,,
9402,Call Lesser Zombie Servant,1925,38,39,40,160,161,0,0,0,0,268,0,2,0,332,,,,
9403,Call Zombie Servant,1925,38,39,40,160,161,0,0,0,0,268,0,2,0,332,,,,
9404,Call Reanimated Servant,1926,38,39,40,160,161,0,0,0,0,268,0,2,0,332,,,,
9405,Call Necroservant,1927,38,39,40,160,161,0,0,0,0,269,0,2,0,332,,,,
9406,Call Greater Necroservant,1928,38,39,40,160,161,0,0,0,0,269,0,2,0,332,,,,
9407,Call Abomination,1929,38,39,40,160,161,0,0,0,0,269,0,2,0,332,,,,
9408,Call Death Servant 8,1929,38,39,40,160,161,0,0,0,0,269,0,2,0,332,,,,
9411,Regenerate Flesh,1930,32,33,34,55,69,0,0,0,178,0,0,8,0,332,,,,
9412,Regenerate Blood,1930,32,33,34,55,69,0,0,0,178,0,0,8,0,332,,,,
9413,Flesh of the Living,1931,32,33,34,55,69,0,0,0,179,0,0,8,0,332,,,,
9414,Regenerate Muscle,1931,32,33,34,55,69,0,0,0,179,0,0,8,0,332,,,,
9415,Incorporate the Living,1932,32,33,34,55,69,0,0,0,179,0,0,8,0,332,,,,
9416,Regenerate Body,1933,32,33,34,55,69,0,0,0,180,0,0,8,0,332,,,,
9417,Dead Flesh Living,1934,32,33,34,55,69,0,0,0,180,0,0,8,0,332,,,,
9418,Imbue the Abyss,1934,32,33,34,55,69,0,0,0,180,0,0,8,0,332,,,,
9421,Strength of the Dead,1180,32,33,34,55,69,0,0,0,326,0,0,13,0,332,,,,
9422,Tenacity of the Dead,1180,32,33,34,55,69,0,0,0,326,0,0,13,0,332,,,,
9423,Fortitude of the Dead,1181,32,33,34,55,69,0,0,0,327,0,0,13,0,332,,,,
9424,Brawn of the Dead,1181,32,33,34,55,69,0,0,0,327,0,0,13,0,332,,,,
9425,Vigor of the Dead,1182,32,33,34,55,69,0,0,0,327,0,0,13,0,332,,,,
9426,Fervor of the Dead,1183,32,33,34,55,69,0,0,0,328,0,0,13,0,332,,,,
9427,Might of the Dead,1184,32,33,34,55,69,0,0,0,328,0,0,13,0,332,,,,
;,,,,,,,,,,,,,,,,,,,,
;,,,,,,,,,,,,,,,,,,,,
;,,,,,,,,,,,,,,,,,,,,
;,,,,,,,,,,,,,,,,,,,,
;,,,,,,,,,,,,,,,,,,,,
;,,,,,,,,,,,,,,,,,,,,
9461,Regenerate Flesh,1930,32,33,0,55,69,0,0,0,0,0,0,0,0,332,,,,
9462,Regenerate Blood,1930,32,33,0,55,69,0,0,0,0,0,0,0,0,332,,,,
9463,Flesh of the Living,1931,32,33,0,55,69,0,0,0,0,0,0,0,0,332,,,,
9464,Regenerate Muscle,1931,32,33,0,55,69,0,0,0,0,0,0,0,0,332,,,,
9465,Incorporate the Living,1932,32,33,0,55,69,0,0,0,0,0,0,0,0,332,,,,
9466,Regenerate Body,1933,32,33,0,55,69,0,0,0,0,0,0,0,0,332,,,,
9467,Dead Flesh Living,1934,32,33,0,55,69,0,0,0,0,0,0,0,0,332,,,,
9468,Imbue the Abyss,1934,32,33,0,55,69,0,0,0,0,0,0,0,0,332,,,,
9471,Strength of the Dead,1180,32,33,0,55,69,0,0,0,0,0,0,0,0,332,,,,
9472,Tenacity of the Dead,1180,32,33,0,55,69,0,0,0,0,0,0,0,0,332,,,,
9473,Fortitude of the Dead,1181,32,33,0,55,69,0,0,0,0,0,0,0,0,332,,,,
9474,Brawn of the Dead,1181,32,33,0,55,69,0,0,0,0,0,0,0,0,332,,,,
9475,Vigor of the Dead,1182,32,33,0,55,69,0,0,0,0,0,0,0,0,332,,,,
9476,Fervor of the Dead,1183,32,33,0,55,69,0,0,0,0,0,0,0,0,332,,,,
9477,Might of the Dead,1184,32,33,0,55,69,0,0,0,0,0,0,0,0,332,,,,
;,,,,,,,,,,,,,,,,,,,,
;,,,,,,,,,,,,,,,,,,,,
;,,,,,,,,,,,,,,,,,,,,
;,,,,,,,,,,,,,,,,,,,,
;,,,,,,,,,,,,,,,,,,,,
;9500,Death Servant Spec,,,,,,,,,,,,,,,,,,,
9501,Channeled Anger,1300,41,42,43,160,161,0,0,0,256,0,0,2,0,332,,,,
9502,Channeled Rage,1301,41,42,43,160,161,0,0,0,256,0,0,2,0,332,,,,
9503,Channeled Hatred,1301,41,42,43,160,161,0,0,0,256,0,0,2,0,332,,,,
9504,Channeled Ferocity,1301,41,42,43,160,161,0,0,0,256,0,0,2,0,332,,,,
9505,Channeled Savagery,1302,41,42,43,160,161,0,0,0,257,0,0,2,0,332,,,,
9506,Channeled Fury,1302,41,42,43,160,161,0,0,0,258,0,0,2,0,332,,,,
9507,Channeled Wrath,1303,41,42,43,160,161,0,0,0,258,0,0,2,0,332,,,,
9508,Channeled Frenzy,1304,41,42,43,160,161,0,0,0,259,0,0,2,0,332,,,,
9509,Channeled Fury 1,1304,41,42,43,160,161,0,0,0,259,0,0,2,0,332,,,,
9510,Channeled Fury 2,1304,41,42,43,160,161,0,0,0,259,0,0,2,0,332,,,,
9511,Cleaving Guardian,890,35,36,37,160,161,0,0,0,9,0,0,13,0,332,,,,
9512,Blades of Wrath,890,35,36,37,160,161,0,0,0,9,268,0,13,0,332,,,,
9513,Reaping Shield,890,35,36,37,160,161,0,0,0,9,269,0,13,0,332,,,,
9514,Edge of Hatred,891,35,36,37,160,161,0,0,0,9,270,0,13,0,332,,,,
9515,Eviscerating Protector,891,35,36,37,160,161,0,0,0,10,0,0,13,0,332,,,,
9516,Knives of Death,892,35,36,37,160,161,0,0,0,10,268,0,13,0,332,,,,
9517,Flaying Shield,893,35,36,37,160,161,0,0,0,10,269,0,13,0,332,,,,
9518,Soul Sundering Aura,894,35,36,37,160,161,0,0,0,10,270,0,13,0,332,,,,
9521,Develop the Servant,1190,32,33,34,160,161,0,0,0,16,0,0,2,0,332,,,,
9522,Cultivate the Servant,1191,32,33,34,160,161,0,0,0,16,0,0,2,0,332,,,,
9523,Instructing the Servant,1191,32,33,34,160,161,0,0,0,16,0,0,2,0,332,,,,
9524,Refining the Servant,1192,32,33,34,160,161,0,0,0,16,0,0,2,0,332,,,,
9525,Honing the Servant,1192,32,33,34,160,161,0,0,0,16,0,0,2,0,332,,,,
9526,Disciplining the Servant,1193,32,33,34,160,161,0,0,0,16,0,0,2,0,332,,,,
9527,Breaking the Servant,1194,32,33,34,160,161,0,0,0,16,0,0,2,0,332,,,,
9531,Tormenting Cackle,865,41,42,43,160,161,0,0,0,256,0,0,2,0,332,,,,
9532,Torturous Cackle,865,41,42,43,160,161,0,0,0,256,0,0,2,0,332,,,,
9533,Afflicting Cackle,865,41,42,43,160,161,0,0,0,256,0,0,2,0,332,,,,
9534,Distressing Cackle,866,41,42,43,160,161,0,0,0,256,0,0,2,0,332,,,,
9535,Soulbreaking Cackle,866,41,42,43,160,161,0,0,0,257,0,0,2,0,332,,,,
9536,Sorrowful Cackle,867,41,42,43,160,161,0,0,0,258,0,0,2,0,332,,,,
9537,Discomforting Cackle,868,41,42,43,160,161,0,0,0,258,0,0,2,0,332,,,,
9538,Despondant Cackle,868,41,42,43,160,161,0,0,0,259,0,0,2,0,332,,,,
9539,Dejecting Cackle,869,41,42,43,160,161,0,0,0,259,0,0,2,0,332,,,,
9540,Agony Shriek 10,869,41,42,43,160,161,0,0,0,259,0,0,2,0,332,,,,
;,,,,,,,,,,,,,,,,,,,,
;,,,,,,,,,,,,,,,,,,,,
9551,Channeled Anger,1300,41,42,43,0,0,0,0,0,0,0,0,0,0,332,,,,
9552,Channeled Rage,1301,41,42,43,0,0,0,0,0,0,0,0,0,0,332,,,,
9553,Channeled Hatred,1301,41,42,43,0,0,0,0,0,0,0,0,0,0,332,,,,
9554,Channeled Ferocity,1301,41,42,43,0,0,0,0,0,0,0,0,0,0,332,,,,
9555,Channeled Savagery,1302,41,42,43,0,0,0,0,0,0,0,0,0,0,332,,,,
9556,Channeled Fury,1302,41,42,43,0,0,0,0,0,0,0,0,0,0,332,,,,
9557,Channeled Wrath,1303,41,42,43,0,0,0,0,0,0,0,0,0,0,332,,,,
9558,Channeled Frenzy,1304,41,42,43,0,0,0,0,0,0,0,0,0,0,332,,,,
9559,Channeled Fury 1,1304,41,42,43,0,0,0,0,0,0,0,0,0,0,332,,,,
9560,Channeled Fury 2,1304,41,42,43,0,0,0,0,0,0,0,0,0,0,332,,,,
9561,Cleaving Guardian,890,35,36,37,160,161,0,0,0,0,0,0,0,0,332,,,,
9562,Blades of Wrath,890,35,36,37,160,161,0,0,0,0,0,0,0,0,332,,,,
9563,Reaping Shield,890,35,36,37,160,161,0,0,0,0,0,0,0,0,332,,,,
9564,Edge of Hatred,891,35,36,37,160,161,0,0,0,0,0,0,0,0,332,,,,
9565,Eviscerating Protector,891,35,36,37,160,161,0,0,0,0,0,0,0,0,332,,,,
9566,Knives of Death,892,35,36,37,160,161,0,0,0,0,0,0,0,0,332,,,,
9567,Flaying Shield,893,35,36,37,160,161,0,0,0,0,0,0,0,0,332,,,,
9568,Soul Sundering Aura,894,35,36,37,160,161,0,0,0,0,0,0,0,0,332,,,,
9571,Develop the Servant,1190,32,33,34,160,161,0,0,0,0,0,0,0,0,332,,,,
9572,Cultivate the Servant,1191,32,33,34,160,161,0,0,0,0,0,0,0,0,332,,,,
9573,Instructing the Servant,1191,32,33,34,160,161,0,0,0,0,0,0,0,0,332,,,,
9574,Refining the Servant,1192,32,33,34,160,161,0,0,0,0,0,0,0,0,332,,,,
9575,Honing the Servant,1192,32,33,34,160,161,0,0,0,0,0,0,0,0,332,,,,
9576,Disciplining the Servant,1193,32,33,34,160,161,0,0,0,0,0,0,0,0,332,,,,
9577,Breaking the Servant,1194,32,33,34,160,161,0,0,0,0,0,0,0,0,332,,,,
9581,Tormenting Cackle,865,41,42,43,160,161,0,0,0,0,0,0,2,0,332,,,,
9582,Torturous Cackle,865,41,42,43,160,161,0,0,0,0,0,0,2,0,332,,,,
9583,Afflicting Cackle,865,41,42,43,160,161,0,0,0,0,0,0,2,0,332,,,,
9584,Distressing Cackle,866,41,42,43,160,161,0,0,0,0,0,0,2,0,332,,,,
9585,Soulbreaking Cackle,866,41,42,43,160,161,0,0,0,0,0,0,2,0,332,,,,
9586,Sorrowful Cackle,867,41,42,43,160,161,0,0,0,0,0,0,2,0,332,,,,
9587,Discomforting Cackle,868,41,42,43,160,161,0,0,0,0,0,0,2,0,332,,,,
9588,Despondant Cackle,868,41,42,43,160,161,0,0,0,0,0,0,2,0,332,,,,
9589,Dejecting Cackle,869,41,42,43,160,161,0,0,0,0,0,0,2,0,332,,,,
9590,Agony Shriek 10,869,41,42,43,160,161,0,0,0,0,0,0,2,0,332,,,,
;,,,,,,,,,,,,,,,,,,,,
;,,,,,,,,,,,,,,,,,,,,
;,,,,,,,,,,,,,,,,,,,,
;9600,Reaver Soulrending,,,,,,,,,,,,,,,,,,,
9601,Aura of Foreboding,2080,35,36,37,160,161,0,150,0,129,0,150,2,129,332,,,,
9602,Aura of Darkness,2080,35,36,37,160,161,0,150,0,129,0,150,2,129,332,,,,
9603,Aura of Destiny,2081,35,36,37,160,161,0,150,0,129,0,150,2,129,332,,,,
9604,Aura of Fate,2082,35,36,37,160,161,0,150,0,129,0,150,2,129,332,,,,
9605,Aura of Death,2083,35,36,37,160,161,0,150,0,129,0,150,2,129,332,,,,
9606,Aura of the Inevitable,2084,35,36,37,160,161,0,150,0,129,0,150,2,129,332,,,,
9611,Vigor Siphon,1940,0,0,0,0,0,0,0,0,292,88,0,13,0,332,,,,
9612,Puissance Siphon,1940,0,0,0,0,0,0,0,0,292,88,0,13,0,332,,,,
9613,Energy Siphon,1940,0,0,0,0,0,0,0,0,292,88,0,13,0,332,,,,
9614,Health Siphon,1941,0,0,0,0,0,0,0,0,292,88,0,13,0,332,,,,
9615,Vitality Siphon,1941,0,0,0,0,0,0,0,0,292,88,0,13,0,332,,,,
9616,Essence Siphon,1942,0,0,0,0,0,0,0,0,88,292,0,13,0,332,,,,
9617,Spirit Siphon,1943,0,0,0,0,0,0,0,0,88,292,0,13,0,332,,,,
9618,Life Siphon,1944,0,0,0,0,0,0,0,0,88,292,0,13,0,332,,,,
9619,Soul Siphon,1944,0,0,0,0,0,0,0,0,88,292,0,13,0,332,,,,
9621,Obligation to Arawn,1945,38,39,40,1,2,0,0,0,291,268,0,8,0,332,,,,
9622,Payment to Arawn,1945,38,39,40,1,2,0,0,0,291,268,0,8,0,332,,,,
9623,Reparation to Arawn,1946,38,39,40,1,2,0,0,0,291,268,0,8,0,332,,,,
9624,Credit to Arawn,1947,38,39,40,1,2,0,0,0,291,269,0,8,0,332,,,,
9625,Restitution to Arawn,1948,38,39,40,1,2,0,0,0,291,269,0,8,0,332,,,,
9626,Debt to Arawn,1949,38,39,40,1,2,0,0,0,291,270,0,8,0,332,,,,
9627,Debt to Arawn 7,1949,38,39,40,1,2,0,0,0,291,270,0,8,0,332,,,,
9631,Arthritic Curse,2345,32,33,34,0,0,0,275,0,50,0,275,2,11,332,,,,
9632,Crippling Curse,2345,32,33,34,0,0,0,275,0,50,0,275,2,12,332,,,,
9633,Paralyzing Curse,2346,32,33,34,0,0,0,275,0,101,0,275,2,12,332,,,,
9634,Cramping Curse,2347,32,33,34,0,0,0,275,0,101,0,275,2,12,332,,,,
9635,Shackling Curse,2347,32,33,34,0,0,0,275,0,129,0,275,2,141,332,,,,
9636,Confining Curse,2348,32,33,34,0,0,0,275,0,129,0,275,2,141,332,,,,
9637,Aching Curse,2349,32,33,34,0,0,0,275,0,129,0,275,2,142,332,,,,
9641,Bashing Aura,1470,47,48,49,0,0,0,276,0,50,0,276,2,50,332,,,,
9642,Wracking Aura,1470,47,48,49,0,0,0,276,0,50,0,276,2,50,332,,,,
9643,Annullling Aura,1470,47,48,49,0,0,0,276,0,50,0,276,2,50,332,,,,
9644,Crushing Aura,1471,47,48,49,0,0,0,276,0,50,0,276,2,50,332,,,,
9645,Demolishing Aura,1472,47,48,49,0,0,0,276,0,101,0,276,2,101,332,,,,
9646,Eradicating Aura,1472,47,48,49,0,0,0,276,0,101,0,276,2,101,332,,,,
9647,Decimating Aura,1473,47,48,49,0,0,0,276,0,101,0,276,2,101,332,,,,
9648,Shattering Aura,1473,47,48,49,0,0,0,276,0,129,0,276,2,129,332,,,,
9649,Murder Aura,1474,47,48,49,0,0,0,276,0,129,0,276,2,129,332,,,,
9650,Wrack 10,1474,47,48,49,0,0,0,276,0,129,0,276,2,129,332,,,,
9651,Surge of Infliction,875,0,0,0,0,0,0,0,0,0,295,0,2,0,332,,,,
9652,Surge of Destruction,875,0,0,0,0,0,0,0,0,0,295,0,2,0,332,,,,
9653,Surge of Mutilation,876,0,0,0,0,0,0,0,0,0,295,0,2,0,332,,,,
9654,Surge of Maiming,877,0,0,0,0,0,0,0,0,0,295,0,2,0,332,,,,
9655,Surge of Ruin,877,0,0,0,0,0,0,0,0,0,284,0,2,0,332,,,,
9656,Surge of Wrecking,878,0,0,0,0,0,0,0,0,0,284,0,2,0,332,,,,
9657,Surge of Cataclysm,879,0,0,0,0,0,0,0,0,0,284,0,2,0,332,,,,
9658,Surge of Infliction 8,879,0,0,0,0,0,0,0,0,0,284,0,2,0,332,,,,
9661,Obligation to Arawn,1125,38,39,40,0,0,0,0,0,148,0,0,0,0,332,,,,
9662,Payment to Arawn,1125,38,39,40,0,0,0,0,0,148,0,0,0,0,332,,,,
9663,Reparation to Arawn,1126,38,39,40,0,0,0,0,0,148,0,0,0,0,332,,,,
9664,Credit to Arawn,1127,38,39,40,0,0,0,0,0,149,0,0,0,0,332,,,,
9665,Restitution to Arawn,1128,38,39,40,0,0,0,0,0,149,0,0,0,0,332,,,,
9666,Debt to Arawn,1129,38,39,40,0,0,0,0,0,149,0,0,0,0,332,,,,
9667,Debt to Arawn 7,1129,38,39,40,0,0,0,0,0,149,0,0,0,0,332,,,,
9668,Spirit Wrench,2010,0,0,0,0,0,0,0,0,65,110,0,13,0,332,,,,
9669,Spirit Ill,2010,0,0,0,0,0,0,0,0,65,110,0,13,0,332,,,,
9670,Spirit Rot,2011,0,0,0,0,0,0,0,0,66,110,0,13,0,332,,,,
9671,Spirit Decay,2011,0,0,0,0,0,0,0,0,66,111,0,13,0,332,,,,
9672,Soul Toxin,2012,0,0,0,0,0,0,0,0,88,111,0,13,0,332,,,,
9673,Soul Blight,2012,0,0,0,0,0,0,0,0,88,112,0,13,0,332,,,,
9674,Soul Venom,2013,0,0,0,0,0,0,0,0,88,112,0,13,0,332,,,,
9675,Soul Poison,2014,0,0,0,0,0,0,0,0,292,113,0,13,0,332,,,,
9676,Soul Bane,2014,0,0,0,0,0,0,0,0,292,113,0,13,0,332,,,,
;,,,,,,,,,,,,,,,,,,,,
;,,,,,,,,,,,,,,,,,,,,
;,,,,,,,,,,,,,,,,,,,,
;,,,,,,,,,,,,,,,,,,,,
;,,,,,,,,,,,,,,,,,,,,
;,,,,,,,,,,,,,,,,,,,,
;,Bonedancer,,,,,,,,,,,,,,,,,,,
;10000,Bone Mystics,,,,,,,,,,,,,,,,,,,
10001,Summon Bonemage,1961,38,39,40,160,161,0,0,0,0,294,0,2,0,332,,,,
10002,Summon Bonecaster,1962,38,39,40,160,161,0,0,0,0,294,0,2,0,332,,,,
10003,Summon Bone Shaman,1962,38,39,40,160,161,0,0,0,0,294,0,2,0,332,,,,
10004,Summon Bone Warlock,1963,38,39,40,160,161,0,0,0,0,294,0,2,0,332,,,,
10005,Summon Bone Diviner,1963,38,39,40,160,161,0,0,0,0,294,0,2,0,332,,,,
10006,Summon Bone Warmage,1964,38,39,40,160,161,0,0,0,0,294,0,2,0,332,,,,
10011,Summon Bonebreaker,1966,38,39,40,160,161,0,0,0,0,294,0,2,0,332,,,,
10012,Summon Bonejinxer,1967,38,39,40,160,161,0,0,0,0,294,0,2,0,332,,,,
10013,Summon Bonecurser,1968,38,39,40,160,161,0,0,0,0,294,0,2,0,332,,,,
10014,Summon Bonebeguiler,1968,38,39,40,160,161,0,0,0,0,294,0,2,0,332,,,,
10015,Summon Bonebewitcher,1969,38,39,40,160,161,0,0,0,0,294,0,2,0,332,,,,
10016,Summon Bonehexer,1969,38,39,40,160,161,0,0,0,0,294,0,2,0,332,,,,
10021,Compress Skeleton,1055,44,45,46,160,161,0,0,0,41,0,0,9,0,332,,,,
10022,Compact Skeleton,1055,44,45,46,160,161,0,0,0,41,0,0,9,0,332,,,,
10023,Stiffen Skeleton,1055,44,45,46,160,161,0,0,0,41,0,0,9,0,332,,,,
10024,Solidify Skeleton,1056,44,45,46,160,161,0,0,0,54,0,0,9,0,332,,,,
10025,Condense Skeleton,1056,44,45,46,160,161,0,0,0,54,0,0,9,0,332,,,,
10026,Calcify Skeleton,1057,44,45,46,160,161,0,0,0,54,0,0,9,0,332,,,,
10027,Petrify Skeleton,1058,44,45,46,160,161,0,0,0,182,0,0,9,0,332,,,,
10028,Ossify Skeleton,1059,44,45,46,160,161,0,0,0,182,0,0,9,0,332,,,,
10029,Crystallize Skeleton,1059,44,45,46,160,161,0,0,0,182,0,0,9,0,332,,,,
10031,Boost Bonecaster,1217,35,36,37,160,161,0,0,0,66,0,0,2,0,332,,,,
10032,Support Bonecaster,1218,35,36,37,160,161,0,0,0,66,0,0,2,0,332,,,,
10033,Bolster Bonecaster,1219,35,36,37,160,161,0,0,0,66,0,0,2,0,332,,,,
10041,Strengthen Pack,1180,32,33,34,160,161,0,0,0,137,0,0,2,0,332,,,,
10042,Strengthen Squad,1180,32,33,34,160,161,0,0,0,137,0,0,2,0,332,,,,
10043,Strengthen Cohort,1181,32,33,34,160,161,0,0,0,137,0,0,2,0,332,,,,
10044,Strengthen Battalion,1182,32,33,34,160,161,0,0,0,137,0,0,2,0,332,,,,
10045,Strengthen Company,1182,32,33,34,160,161,0,0,0,137,0,0,2,0,332,,,,
10046,Strengthen Army,1183,32,33,34,160,161,0,0,0,137,0,0,2,0,332,,,,
10047,Strengthen Horde,1184,32,33,34,160,161,0,0,0,137,0,0,2,0,332,,,,
;,,,,,,,,,,,,,,,,,,,,
;10050,Bone Guardians,,,,,,,,,,,,,,,,,,,
10051,Summon Bone Patroller,1971,38,39,40,160,161,0,150,0,0,294,0,2,0,332,,,,
10052,Summon Bone Sentry,1972,38,39,40,160,161,0,150,0,0,294,0,2,0,332,,,,
10053,Summon Bone Bouncer,1972,38,39,40,160,161,0,151,0,0,294,0,2,0,332,,,,
10054,Summon Bone Defender,1973,38,39,40,160,161,0,151,0,0,174,0,2,0,332,,,,
10055,Summon Bone Watchman,1973,38,39,40,160,161,0,152,0,0,174,0,2,0,332,,,,
10056,Summon Bone Guard,1974,38,39,40,160,161,0,152,0,0,174,0,2,0,332,,,,
10061,Summon Bonepatcher,1976,38,39,40,160,161,0,150,0,0,294,0,2,0,332,,,,
10062,Summon Bonefixer,1977,38,39,40,160,161,0,150,0,0,294,0,2,0,332,,,,
10063,Summon Bonebuilder,1978,38,39,40,160,161,0,151,0,0,294,0,2,0,332,,,,
10064,Summon Bonehealer,1978,38,39,40,160,161,0,151,0,0,174,0,2,0,332,,,,
10065,Summon Boneknitter,1979,38,39,40,160,161,0,152,0,0,174,0,2,0,332,,,,
10066,Summon Bonemender,1979,38,39,40,160,161,0,152,0,0,174,0,2,0,332,,,,
10067,Strengthen Bones,1983,35,36,37,160,161,0,0,0,285,0,0,10,0,332,,,,
10068,Augment Bones,1983,35,36,37,160,161,0,0,0,285,0,0,10,0,332,,,,
10069,Bolster Bones,1984,35,36,37,160,161,0,0,0,285,0,0,10,0,332,,,,
10071,Collapse Skeleton,1125,44,45,46,160,161,0,0,0,101,0,0,9,0,332,,,,
10072,Crumble Skeleton,1125,44,45,46,160,161,0,0,0,101,0,0,9,0,332,,,,
10073,Dissolve Skeleton,1125,44,45,46,160,161,0,0,0,129,0,0,9,0,332,,,,
10074,Break Skeleton,1125,44,45,46,160,161,0,0,0,129,0,0,9,0,332,,,,
10075,Crush Skeleton,1125,44,45,46,160,161,0,0,0,292,0,0,9,0,332,,,,
10076,Grind Skeleton,1126,44,45,46,160,161,0,0,0,292,0,0,9,0,332,,,,
10077,Crumple Skeleton,1126,44,45,46,160,161,0,0,0,292,0,0,9,0,332,,,,
10078,Crunch Skeleton,1127,44,45,46,160,161,0,0,0,88,0,0,9,0,332,,,,
10079,Powder Skeleton,1127,44,45,46,160,161,0,0,0,88,0,0,9,0,332,,,,
10080,Disintegrate Skeleton,1128,44,45,46,160,161,0,0,0,88,0,0,9,0,332,,,,
10081,Pulverize Skeleton,1129,44,45,46,160,161,0,0,0,88,0,0,9,0,332,,,,
10082,Shroud of Doubt,1986,35,36,37,1,2,0,0,0,276,0,0,13,276,332,,,,
10083,Shroud of Fear,2762,35,36,37,1,2,0,0,0,276,0,0,13,276,332,,,,
10084,Shroud of Despair,2763,35,36,37,1,2,0,0,0,276,0,0,13,276,332,,,,
10085,Shroud of Cowardice,2764,35,36,37,1,2,0,0,0,276,0,0,13,276,332,,,,
10086,Shroud of Dread,2764,35,36,37,1,2,0,0,0,276,0,0,13,276,332,,,,
10087,Bone Skin,1991,32,33,34,160,161,0,0,0,158,0,0,9,0,332,,,,
10088,Bone Case,1991,32,33,34,160,161,0,0,0,158,272,0,9,0,332,,,,
10089,Bone Cover,1992,32,33,34,160,161,0,0,0,282,0,0,9,0,332,,,,
10090,Bone Shell,1993,32,33,34,160,161,0,0,0,282,272,0,9,0,332,,,,
10091,Bone Carapace,1994,32,33,34,160,161,0,0,0,183,0,0,9,0,332,,,,
10092,Bone Husk,1994,32,33,34,160,161,0,0,0,183,254,0,9,0,332,,,,
;,,,,,,,,,,,,,,,,,,,,
;10100,Bone Army,,,,,,,,,,,,,,,,,,,
10101,Summon Bone Boss,1995,38,39,40,160,161,0,150,0,0,0,0,2,0,332,,,,
10102,Summon Bone Chieftan,1996,38,39,40,160,161,0,150,0,0,0,0,2,0,332,,,,
10103,Summon Bone Commander,1998,38,39,40,160,161,0,150,0,0,0,0,2,0,332,,,,
10104,Summon Bone Master,1999,38,39,40,160,161,0,151,0,0,0,0,2,0,332,,,,
10105,Summon Bonelord 5,1999,38,39,40,160,161,0,151,0,0,0,0,2,0,332,,,,
10106,Summon Bonelord 6,1999,38,39,40,160,161,0,152,0,0,0,0,2,0,332,,,,
10111,Lesser Bones to Grit,885,35,36,37,160,161,0,0,0,60,0,60,27,0,332,,,,
10112,Bones to Grit,885,35,36,37,160,161,0,0,0,60,0,60,27,0,332,,,,
10113,Lesser Bones to Dirt,885,35,36,37,160,161,0,0,0,60,0,60,27,0,332,,,,
10114,Bones to Dirt,885,35,36,37,160,161,0,0,0,61,0,61,27,0,332,,,,
10115,Lesser Bones to Silt,886,35,36,37,160,161,0,0,0,61,0,61,27,0,332,,,,
10116,Bones to Silt,886,35,36,37,160,161,0,0,0,61,0,61,27,0,332,,,,
10117,Lesser Bones to Dust,886,35,36,37,160,161,0,0,0,62,0,62,27,0,332,,,,
10118,Bones to Dust,887,35,36,37,160,161,0,0,0,62,0,62,27,0,332,,,,
10119,Lesser Bones to Powder,887,35,36,37,160,161,0,0,0,62,0,62,27,0,332,,,,
10120,Bones to Powder,888,35,36,37,160,161,0,0,0,62,0,62,27,0,332,,,,
10121,Lesser Bones to Ash,889,35,36,37,160,161,0,0,0,62,0,62,27,0,332,,,,
10122,Bones to Ash,889,35,36,37,160,161,0,0,0,62,0,62,27,0,332,,,,
10131,Bones to Iron,1185,32,33,34,160,161,0,0,0,178,0,0,2,0,332,,,,
10132,Rigid Bones,1185,32,33,34,160,161,0,0,0,178,0,0,2,0,332,,,,
10133,Adamant Bones,1186,32,33,34,160,161,0,0,0,178,0,0,2,0,332,,,,
10134,Thicken Bones,1186,32,33,34,160,161,0,0,0,179,0,0,2,0,332,,,,
10135,Build Bones,1187,32,33,34,160,161,0,0,0,179,0,0,2,0,332,,,,
10136,Develop Bones,1187,32,33,34,160,161,0,0,0,179,0,0,2,0,332,,,,
10137,Bolster Bones,1188,32,33,34,160,161,0,0,0,179,0,0,2,0,332,,,,
10138,Inure Bones,1189,32,33,34,160,161,0,0,0,179,0,0,2,0,332,,,,
10140,Armor of Bone,1596,32,33,34,251,252,0,0,0,35,0,0,13,0,332,,,,
10141,Free Spirits,354,32,33,34,1,2,0,0,0,289,0,0,8,0,332,,,,
;,,,,,,,,,,,,,,,,,,,,
;10150,Bone Warriors,,,,,,,,,,,,,,,,,,,
10151,Summon Bone Dart,2001,38,39,40,160,161,0,150,0,0,0,0,2,0,332,,,,
10152,Summon Bone Arrow,2002,38,39,40,160,161,0,150,0,0,0,0,2,0,332,,,,
10153,Summon Bone Archer,2002,38,39,40,160,161,0,150,0,0,0,0,2,0,332,,,,
10154,Summon Bone Bolt,2003,38,39,40,160,161,0,151,0,0,0,0,2,0,332,,,,
10155,Summon Bone Hunter,2003,38,39,40,160,161,0,151,0,0,0,0,2,0,332,,,,
10156,Summon Bone Deadeye,2004,38,39,40,160,161,0,152,0,0,0,0,2,0,332,,,,
10161,Summon Bonesmasher,2006,38,39,40,160,161,0,0,0,0,0,0,2,0,332,,,,
10162,Summon Bonecrusher,2007,38,39,40,160,161,0,150,0,0,0,0,2,0,332,,,,
10163,Summon Bonecracker,2008,38,39,40,160,161,0,150,0,0,0,0,2,0,332,,,,
10164,Summon Boneslammer,2008,38,39,40,160,161,0,151,0,0,0,0,2,0,332,,,,
10165,Summon Boneburster,2009,38,39,40,160,161,0,151,0,0,0,0,2,0,332,,,,
10166,Summon Bonerazer,2009,38,39,40,160,161,0,152,0,0,0,0,2,0,332,,,,
10171,Soften Bones,2010,35,36,37,160,161,0,0,0,43,0,43,27,0,332,,,,
10172,Disperse Bones,2010,35,36,37,160,161,0,0,0,43,0,43,27,0,332,,,,
10173,Liquify Bones,2010,35,36,37,160,161,0,0,0,43,0,43,27,0,332,,,,
10174,Melt Bones,2010,35,36,37,160,161,0,0,0,43,0,43,27,0,332,,,,
10175,Render Bones,2011,35,36,37,160,161,0,0,0,306,0,306,27,0,332,,,,
10176,Bones to Blood,2011,35,36,37,160,161,0,0,0,306,312,306,27,0,332,,,,
10177,Soften Skeleton,2011,35,36,37,160,161,0,0,0,306,312,306,27,0,332,,,,
10178,Disperse Skeleton,2012,35,36,37,160,161,0,0,0,304,0,304,27,0,332,,,,
10179,Liquify Skeleton,2012,35,36,37,160,161,0,0,0,304,0,304,27,0,332,,,,
10180,Melt Skeleton,2013,35,36,37,160,161,0,0,0,304,0,304,27,0,332,,,,
10181,Render Skeleton,2014,35,36,37,160,161,0,0,0,303,0,303,27,0,332,,,,
10182,Skeleton to Blood,2014,35,36,37,160,161,0,79,0,303,0,303,27,0,332,,,,
10183,Cloud of Rot,1112,35,36,37,160,161,0,0,0,304,0,0,27,33,332,,,,
10184,Cloud of Decay,1112,35,36,37,160,161,0,0,0,304,0,0,27,33,332,,,,
10185,Cloud of Deterioration,1113,35,36,37,160,161,0,0,0,304,312,0,27,33,332,,,,
10186,Cloud of Decomposition,1113,35,36,37,160,161,0,0,0,306,312,0,27,33,332,,,,
10187,Cloud of Dessication,1114,35,36,37,160,161,0,0,0,306,312,0,27,33,332,,,,
10191,Hasten Pack,1190,32,33,34,160,161,0,0,0,16,0,0,2,0,332,,,,
10192,Hasten Squad,1190,32,33,34,160,161,0,0,0,16,0,0,2,0,332,,,,
10193,Hasten Group,1190,32,33,34,160,161,0,0,0,16,0,0,2,0,332,,,,
10194,Hasten Cohort,1191,32,33,34,160,161,0,0,0,16,0,0,2,0,332,,,,
10195,Hasten Battallion,1191,32,33,34,160,161,0,0,0,16,0,0,2,0,332,,,,
10196,Hasten Company,1192,32,33,34,160,161,0,0,0,16,0,0,2,0,332,,,,
10197,Hasten Army,1193,32,33,34,160,161,0,0,0,16,0,0,2,0,332,,,,
10198,Hasten Horde,1194,32,33,34,160,161,0,0,0,16,0,0,2,0,332,,,,
10200,Bone Spurs,1195,38,39,40,1,2,0,0,0,187,0,0,10,0,332,,,,
10201,Bone Shanks,1196,38,39,40,1,2,0,0,0,187,0,0,10,0,332,,,,
10202,Bone Edges,1196,38,39,40,1,2,0,0,0,187,0,0,10,0,332,,,,
10203,Bone Spikes,1197,38,39,40,1,2,0,0,0,187,0,0,10,0,332,,,,
10204,Bone Daggers,1198,38,39,40,1,2,0,0,0,187,0,0,10,0,332,,,,
10205,Bone Knives,1199,38,39,40,1,2,0,0,0,187,0,0,10,0,332,,,,
10206,Bone Blades,1199,38,39,40,1,2,0,0,0,187,0,0,10,0,332,,,,
;,,,,,,,,,,,,,,,,,,,,
;10300,Bonecaster Pet Spells,,,,,,,,,,,,,,,,,,,
10301,Bonebreaker Poison,1556,35,36,37,59,76,57,0,0,28,0,0,27,0,332,,,,
10302,Bonebreaker Disease,941,35,36,37,59,76,57,0,0,43,0,0,27,0,332,,,,
10303,Bonebreaker ASDb,906,35,36,37,59,76,57,0,0,50,0,0,26,0,332,,,,
10304,Buffer Dmgshield,1400,47,48,49,37,38,36,0,0,39,0,0,20,0,332,,,,
10305,Buffer Bladeturn (self only),1410,32,33,34,251,252,0,0,0,35,0,0,13,0,332,,,,
10306,Buffer Haste,37,47,48,49,59,76,0,0,0,57,0,0,15,0,332,,,,
10307,Healer Heal,1521,32,33,34,55,69,0,0,0,178,0,0,8,0,332,,2,,
10308,Healer Regen,1526,32,33,34,1,2,0,0,0,25,0,0,8,0,332,,2,,
10309,Nuker Lifetap,1140,44,45,46,55,69,80,0,0,101,0,0,13,0,332,,2,,
10310,Nuker DD+Snare,1055,44,45,46,160,161,0,0,0,54,228,0,9,0,332,,2,,
;,,,,,,,,,,,,,,,,,,2,,
;,,,,,,,,,,,,,,,,,,2,,
;,Savage,,,,,,,,,,,,,,,,,2,,
;10500,Savagery,,,,,,,,,,,,,,,,,2,,
10501,Claws of Kelgor 1,2015,0,0,0,0,0,0,0,0,313,0,0,0,0,332,,2,,
10502,Claws of Kelgor 2,2015,0,0,0,0,0,0,0,0,313,0,0,0,0,332,,2,,
10503,Claws of Kelgor 3,2016,0,0,0,0,0,0,0,0,313,0,0,0,0,332,,2,,
10504,Claws of Kelgor 4,2017,0,0,0,0,0,0,0,0,313,0,0,0,0,332,,,,
10505,Claws of Kelgor 5,2018,0,0,0,0,0,0,0,0,313,0,0,0,0,332,,,,
10506,Claws of Kelgor 6,2019,0,0,0,0,0,0,0,0,313,0,0,0,0,332,,,,
10507,Swiftness of Kelgor 1,2020,0,0,0,0,0,0,0,0,16,0,0,0,0,332,,,,
10508,Swiftness of Kelgor 2,2021,0,0,0,0,0,0,0,0,16,0,0,0,0,332,,,,
10509,Swiftness of Kelgor 3,2021,0,0,0,0,0,0,0,0,16,0,0,0,0,332,,,,
10510,Swiftness of Kelgor 4,2022,0,0,0,0,0,0,0,0,17,0,0,0,0,332,,,,
10511,Swiftness of Kelgor 5,2023,0,0,0,0,0,0,0,0,17,0,0,0,0,332,,,,
10512,Swiftness of Kelgor 6,2024,0,0,0,0,0,0,0,0,17,0,0,0,0,332,,,,
10513,Ignore Force 1,2025,0,0,0,0,0,0,0,0,13,272,0,0,0,332,,2,,
10514,Ignore Force 2,2026,0,0,0,0,0,0,0,0,13,272,0,0,0,332,,2,,
10515,Ignore Force 3,2027,0,0,0,0,0,0,0,0,13,272,0,0,0,332,,2,,
10516,Ignore Force 4,2028,0,0,0,0,0,0,0,0,13,272,0,0,0,332,,2,,
10517,Ignore Force 5,2028,0,0,0,0,0,0,0,0,13,272,0,0,0,332,,2,,
10518,Ignore Force 6,2029,0,0,0,0,0,0,0,0,13,272,0,0,0,332,,2,,
10519,Ignore Rending 1,2030,0,0,0,0,0,0,0,0,305,272,0,0,0,332,,2,,
10520,Ignore Rending 2,2031,0,0,0,0,0,0,0,0,305,272,0,0,0,332,,2,,
10521,Ignore Rending 3,2032,0,0,0,0,0,0,0,0,305,272,0,0,0,332,,2,,
10522,Ignore Rending 4,2033,0,0,0,0,0,0,0,0,305,272,0,0,0,332,,2,,
10523,Ignore Rending 5,2034,0,0,0,0,0,0,0,0,305,272,0,0,0,332,,2,,
10524,Ignore Rending 6,2034,0,0,0,0,0,0,0,0,305,273,0,0,0,332,,2,,
10525,Ignore Puncture 1,2035,0,0,0,0,0,0,0,0,0,273,0,0,0,332,,2,,
10526,Ignore Puncture 2,2036,0,0,0,0,0,0,0,0,0,273,0,0,0,332,,2,,
10527,Ignore Puncture 3,2037,0,0,0,0,0,0,0,0,0,273,0,0,0,332,,2,,
10528,Ignore Puncture 4,2038,0,0,0,0,0,0,0,0,0,273,0,0,0,332,,2,,
10529,Ignore Puncture 5,2039,0,0,0,0,0,0,0,0,0,273,0,0,0,332,,2,,
10530,Ignore Puncture 6,2039,0,0,0,0,0,0,0,0,0,273,0,0,0,332,,2,,
10531,Zeal of Kelgor 1,990,0,0,0,0,0,0,0,0,18,0,0,0,0,332,,2,,
10532,Zeal of Kelgor 2,991,0,0,0,0,0,0,0,0,18,0,0,0,0,332,,2,,
10533,Zeal of Kelgor 3,992,0,0,0,0,0,0,0,0,18,0,0,0,0,332,,2,,
10534,Zeal of Kelgor 4,993,0,0,0,0,0,0,0,0,18,0,0,0,0,332,,2,,
10535,Zeal of Kelgor 5,994,0,0,0,0,0,0,0,0,18,0,0,0,0,332,,2,,
10536,Savage Blows 1,2040,0,0,0,0,0,0,0,0,295,0,0,0,0,332,,2,,
10537,Savage Blows 2,2041,0,0,0,0,0,0,0,0,295,0,0,0,0,332,,2,,
10538,Savage Blows 3,2042,0,0,0,0,0,0,0,0,295,0,0,0,0,332,,2,,
10539,Savage Blows 4,2043,0,0,0,0,0,0,0,0,295,0,0,0,0,332,,,,
10540,Savage Blows 5,2043,0,0,0,0,0,0,0,0,295,0,0,0,0,332,,,,
10541,Savage Blows 6,2044,0,0,0,0,0,0,0,0,295,0,0,0,0,332,,2,,
10542,Kelgor's Vigor 1,441,0,0,0,0,0,0,0,0,19,0,0,0,0,332,,2,,
10543,Kelgor's Vigor 2,441,0,0,0,0,0,0,0,0,19,0,0,0,0,332,,2,,
10544,Kelgor's Vigor 3,442,0,0,0,0,0,0,0,0,20,0,0,0,0,332,,2,,
10545,Irreverant Gesture,1585,120,121,122,124,125,0,0,0,71,0,0,28,0,332,,2,,
10546,Insulting Gesture,1586,120,121,122,124,125,0,0,0,71,0,0,28,0,332,,2,,
10547,Rude Gesture,1588,120,121,122,124,125,0,0,0,71,0,0,28,0,332,,2,,
10548,Infurating Gesture,1589,120,121,122,124,125,0,0,0,71,0,0,28,0,332,,2,,
;10550,Savage Style Procs,,,,,,,,,,,,,,,332,,2,,
10551,Whirlwind 1,1441,0,0,0,0,0,0,0,0,173,0,0,0,0,332,,2,,
10552,Whirlwind 2,1442,0,0,0,0,0,0,0,0,173,0,0,0,0,332,,2,,
10553,Whirlwind 3,1444,0,0,0,0,0,0,0,0,173,0,0,0,0,332,,2,,
10554,Winding 1,906,0,0,0,0,0,0,0,0,84,0,0,0,0,332,,2,,
;,Mauler,,,,,,,,,,,,,,,,,2,,
10555,Front Kick,2040,0,0,155,0,0,0,0,0,26,0,0,52,0,332,,2,,
10556,Side Kick,2040,0,0,154,0,0,0,0,0,26,0,0,54,0,332,,2,,
10557,Low Kick,2040,0,0,156,0,0,0,0,0,26,0,0,53,0,332,,2,,
10558,Knee Kick,2040,0,0,157,0,0,0,0,0,26,0,0,55,0,332,,2,,
;,,,,,,,,,,,,,,,,,,2,,
;,Power Strikes,,,,,,,,,,,,,,,,,2,,
10559,endurance tap 1,3205,35,36,37,471,472,0,0,0,492,0,0,56,0,332,,2,,
10560,endurance tap 2,3205,35,36,37,471,472,0,0,0,492,0,0,56,0,332,,2,,
10561,endurance tap 3,3205,35,36,37,471,472,0,0,0,492,0,0,56,0,332,,2,,
10562,endurance tap 4,3206,35,36,37,471,472,0,0,0,492,0,0,56,0,332,,2,,
10563,endurance tap 5,3206,35,36,37,471,472,0,0,0,492,0,0,56,0,332,,2,,
10564,endurance tap 6,3207,35,36,37,471,472,0,0,0,492,0,0,56,0,332,,2,,
10565,endurance tap 7,3207,35,36,37,471,472,0,0,0,492,0,0,56,0,332,,2,,
10566,endurance tap 8,3208,35,36,37,471,472,0,0,0,492,0,0,56,0,332,,2,,
10567,endurance tap 9,3208,35,36,37,471,472,0,0,0,492,0,0,56,0,332,,2,,
10568,endurance tap 10,3209,35,36,37,471,472,0,0,0,492,0,0,56,0,332,,2,,
10569,endurance tap 11,3209,35,36,37,471,472,0,0,0,492,0,0,56,0,332,,2,,
10570,Kick 1,2955,0,0,156,471,472,0,0,0,574,0,0,53,0,332,,2,,
10571,Kick 2,2955,0,0,156,471,472,0,0,0,574,0,0,53,0,332,,2,,
10572,Kick 3,2956,0,0,156,471,472,0,0,0,574,0,0,53,0,332,,2,,
10573,Kick 4,2956,0,0,154,471,472,0,0,0,574,0,0,54,0,332,,2,,
10574,Kick 5,2957,0,0,154,471,472,0,0,0,574,0,0,54,0,332,,2,,
10575,Kick 6,2957,0,0,155,471,472,0,0,0,574,0,0,52,0,332,,,,
10576,Kick 7,2958,0,0,155,471,472,0,0,0,574,0,0,52,0,332,,,,
10577,Kick 8,2958,0,0,157,471,472,0,0,0,574,0,0,55,0,332,,2,,
10578,Kick 9,2959,0,0,157,471,472,0,0,0,574,0,0,55,0,332,,2,,
10579,Fumble 1,3915,35,36,37,471,472,0,0,0,154,0,0,9,0,332,,2,,
10580,Fumble 2,3917,35,36,37,471,472,0,0,0,154,0,0,9,0,332,,2,,
10581,Fumble 3,3919,35,36,37,471,472,0,0,0,154,0,0,9,0,332,,2,,
10582,combat slow 1,905,35,36,37,471,472,0,0,0,49,0,0,13,0,332,,2,,
10583,combat slow 2,906,35,36,37,471,472,0,0,0,49,0,0,13,0,332,,2,,
10584,combat slow 3,907,35,36,37,471,472,0,0,0,49,0,0,13,0,332,,2,,
10585,combat slow 4,908,35,36,37,471,472,0,0,0,49,0,0,13,0,332,,2,,
10586,combat slow 5,909,35,36,37,471,472,0,0,0,49,0,0,13,0,332,,2,,
10587,silence 1,3910,35,36,37,471,472,0,0,0,577,0,0,57,0,332,,2,,
10588,silence 2,3912,35,36,37,471,472,0,0,0,577,0,0,57,0,332,,2,,
10589,silence 3,3914,35,36,37,471,472,0,0,0,577,0,0,57,0,332,,2,,
10590,double swing 1,2965,35,36,37,471,472,0,0,0,0,0,0,0,0,332,,2,,
10591,double swing 2,2966,35,36,37,471,472,0,0,0,0,0,0,0,0,332,,2,,
10592,double swing 3,2968,35,36,37,471,472,0,0,0,0,0,0,0,0,332,,2,,
10593,double swing 4,2969,35,36,37,471,472,0,0,0,0,0,0,0,0,332,,2,,
10594,disarm opponent 1,3920,35,36,37,471,472,0,0,0,543,0,0,58,0,332,,2,,
10595,disarm opponent 2,3922,35,36,37,471,472,0,0,0,543,0,0,58,0,332,,2,,
10596,disarm opponent 3,3924,35,36,37,471,472,0,0,0,543,0,0,58,0,332,,2,,
10597,Power tap 1,1910,35,36,37,471,472,0,0,0,542,0,0,59,0,332,,2,,
10598,Power tap 2,1910,35,36,37,471,472,0,0,0,542,0,0,59,0,332,,2,,
10599,Power tap 3,1910,35,36,37,471,472,0,0,0,542,0,0,59,0,332,,2,,
10600,Power tap 4,1911,35,36,37,471,472,0,0,0,542,0,0,59,0,332,,2,,
10601,Power tap 5,1911,35,36,37,471,472,0,0,0,542,0,0,59,0,332,,2,,
10602,Power tap 6,1912,35,36,37,471,472,0,0,0,542,0,0,59,0,332,,2,,
10603,Power tap 7,1913,35,36,37,471,472,0,0,0,542,0,0,59,0,332,,2,,
10604,Power tap 8,1914,35,36,37,471,472,0,0,0,542,0,0,59,0,332,,2,,
;,,,,,,,,,,,,,,,,,,2,,
;,Magnetism,,,,,,,,,,,,,,,,,2,,
10605,PBAE root 1,3935,35,36,37,471,472,0,538,0,554,0,0,60,554,332,,2,,
10606,PBAE root 2,3936,35,36,37,471,472,0,538,0,554,0,0,60,554,332,,2,,
10607,PBAE root 3,3937,35,36,37,471,472,0,538,0,554,0,0,60,554,332,,2,,
10608,PBAE root 4,3938,35,36,37,471,472,0,538,0,554,0,0,60,554,332,,2,,
10609,PBAE root 5,3939,35,36,37,471,472,0,538,0,554,0,0,60,554,332,,2,,
10610,FAE Root 1,3940,35,36,37,471,472,0,544,0,554,0,0,21,554,332,,2,,
10611,FAE Root 2,3941,35,36,37,471,472,0,544,0,554,0,0,21,554,332,,2,,
10612,FAE Root 3,3942,35,36,37,471,472,0,544,0,554,0,0,21,554,332,,2,,
10613,FAE Root 4,3943,35,36,37,471,472,0,544,0,554,0,0,21,554,332,,,,
10614,FAE Root 5,3944,35,36,37,471,472,0,544,0,554,0,0,21,554,332,,,,
10615,Focus Snare 1,3258,35,36,37,471,472,0,0,0,112,0,0,41,0,332,,,,
10616,Focus Snare 2,3259,35,36,37,471,472,0,0,0,113,0,0,41,0,332,,,,
10617,Push 1,3906,35,36,37,471,472,0,0,0,552,0,0,0,0,332,,,,
10618,Push 2,3907,35,36,37,471,472,0,0,0,552,0,0,0,0,332,,,,
10619,Push 3,3908,35,36,37,471,472,0,0,0,552,0,0,0,0,332,,,,
10620,Push 4,3909,35,36,37,471,472,0,0,0,552,0,0,0,0,332,,,,
10621,Snare aura 1,3930,35,36,37,471,472,0,539,0,554,0,539,61,554,332,,,,
10622,Snare aura 2,3930,35,36,37,471,472,0,539,0,554,0,539,61,554,332,,,,
10623,Snare aura 3,3931,35,36,37,471,472,0,539,0,554,0,539,61,554,332,,,,
10624,Snare aura 4,3931,35,36,37,471,472,0,539,0,554,0,539,61,554,332,,,,
10625,Snare aura 5,3932,35,36,37,471,472,0,539,0,554,0,539,61,554,332,,,,
10626,Snare aura 6,3932,35,36,37,471,472,0,539,0,554,0,539,61,554,332,,,,
10627,Snare aura 7,3933,35,36,37,471,472,0,539,0,554,0,539,61,554,332,,,,
10628,Snare aura 8,3933,35,36,37,471,472,0,539,0,554,0,539,61,554,332,,,,
10629,Snare aura 9,3934,35,36,37,471,472,0,539,0,554,0,539,61,554,332,,,,
10630,Enemy casting time 1,3900,35,36,37,471,472,0,541,0,550,0,541,62,550,332,,,,
10631,Enemy casting time 2,3900,35,36,37,471,472,0,541,0,550,0,541,62,550,332,,,,
10632,Enemy casting time 3,3901,35,36,37,471,472,0,541,0,550,0,541,62,550,332,,,,
10633,Enemy casting time 4,3902,35,36,37,471,472,0,541,0,550,0,541,62,550,332,,,,
10634,Enemy casting time 5,3902,35,36,37,471,472,0,541,0,550,0,541,62,550,332,,,,
10635,Enemy casting time 6,3903,35,36,37,471,472,0,541,0,550,0,541,62,550,332,,,,
10636,Enemy casting time 7,3903,35,36,37,471,472,0,541,0,550,0,541,62,550,332,,,,
10637,Enemy casting time 8,3904,35,36,37,471,472,0,541,0,550,0,541,62,550,332,,,,
10638,FAE matter Debuff 1,3925,35,36,37,471,472,0,408,0,88,0,0,21,88,332,,,,
10639,FAE matter Debuff 2,3927,35,36,37,471,472,0,408,0,88,0,0,21,88,332,,,,
10640,FAE matter Debuff 3,3929,35,36,37,471,472,0,408,0,88,0,0,21,88,332,,,,
;,,,,,,,,,,,,,,,,,,,,
;,Aura Manipulation,,,,,,,,,,,,,,,,,,,
10641,Evade 1,3260,35,36,37,471,472,0,569,0,0,0,0,63,0,332,,,,
10642,Evade 2,3261,35,36,37,471,472,0,569,0,0,0,0,63,0,332,,,,
10643,Evade 3,3261,35,36,37,471,472,0,569,0,0,0,0,63,0,332,,,,
10644,Evade 4,3262,35,36,37,471,472,0,569,0,0,0,0,63,0,332,,,,
10645,Evade 5,3263,35,36,37,471,472,0,569,0,0,0,0,63,0,332,,,,
10646,Evade 6,3264,35,36,37,471,472,0,569,0,0,0,0,63,0,332,,,,
10647,Evade 7,3264,35,36,37,471,472,0,569,0,0,0,0,63,0,332,,,,
10648,Self ABS 1,1265,35,36,37,471,472,0,570,0,184,0,0,64,0,332,,,,
10649,Self ABS 2,1266,35,36,37,471,472,0,570,0,184,0,0,64,0,332,,,,
10650,Self ABS 3,1266,35,36,37,471,472,0,570,0,184,0,0,64,0,332,,,,
10651,Self ABS 4,1267,35,36,37,471,472,0,570,0,184,0,0,64,0,332,,,,
10652,Self ABS 5,1267,35,36,37,471,472,0,570,0,184,0,0,64,0,332,,,,
10653,Self ABS 6,1268,35,36,37,471,472,0,570,0,184,0,0,64,0,332,,,,
10654,Self ABS 7,1269,35,36,37,471,472,0,570,0,184,0,0,64,0,332,,,,
10655,Self PBT 1,1245,35,36,37,471,472,0,0,0,35,0,0,13,0,332,,,,
10656,Self PBT 2,1247,35,36,37,471,472,0,0,0,35,0,0,13,0,332,,,,
10657,Self PBT 3,1249,35,36,37,471,472,0,0,0,35,0,0,13,0,332,,,,
10658,Self Con 1,3950,35,36,37,471,472,0,567,0,77,0,0,65,0,332,,,,
10659,Self Con 2,3950,35,36,37,471,472,0,567,0,77,0,0,65,0,332,,,,
10660,Self Con 3,3951,35,36,37,471,472,0,567,0,77,0,0,65,0,332,,,,
10661,Self Con 4,3952,35,36,37,471,472,0,567,0,78,0,0,65,0,332,,,,
10662,Self Con 5,3953,35,36,37,471,472,0,567,0,78,0,0,65,0,332,,,,
10663,Self Con 6,3954,35,36,37,471,472,0,567,0,78,0,0,65,0,332,,,,
10664,Self Str/Con 1,1575,35,36,37,471,472,0,566,0,187,0,0,66,0,332,,,,
10665,Self Str/Con 2,1576,35,36,37,471,472,0,566,0,187,0,0,66,0,332,,,,
10666,Self Str/Con 3,1576,35,36,37,471,472,0,566,0,188,0,0,66,0,332,,,,
10667,Self Str/Con 4,1577,35,36,37,471,472,0,566,0,188,0,0,66,0,332,,,,
10668,Self Str/Con 5,1578,35,36,37,471,472,0,566,0,189,0,0,66,0,332,,,,
10669,Self Str/Con 6,1579,35,36,37,471,472,0,566,0,189,0,0,66,0,332,,,,
10670,Nearsight Immunity/Damp 1,3945,35,36,37,471,472,0,540,0,0,0,540,67,0,332,,,,
10671,Nearsight Immunity/Damp 2,3947,35,36,37,471,472,0,540,0,0,0,540,67,0,332,,,,
10672,Nearsight Immunity/Damp 3,3949,35,36,37,471,472,0,540,0,0,0,540,67,0,332,,,,
10673,HoT 1 Aura,1280,35,36,37,471,472,0,550,0,17,0,0,68,0,332,,,,
10674,HoT 1 Aura,1282,35,36,37,471,472,0,550,0,17,0,0,68,0,332,,,,
10675,HoT 1 Aura,1284,35,36,37,471,472,0,550,0,17,0,0,68,0,332,,,,
10676,HoT 2 Aura,1280,35,36,37,471,472,0,550,0,17,0,0,68,0,332,,,,
10677,HoT 2 Aura,1282,35,36,37,471,472,0,550,0,17,0,0,68,0,332,,,,
10678,HoT 2 Aura,1284,35,36,37,471,472,0,550,0,17,0,0,68,0,332,,,,
;,,,,,,,,,,,,,,,,,,,,
;,Style Procs,,,,,,,,,,,,,,,,,,,
;,Mauler Staff,,,,,,,,,,,,,,,,,,,
10700,Focused Breach,1224,35,36,37,55,69,0,0,0,49,0,0,2,0,332,,,,
10701,Cinder Strike,1910,44,45,46,160,161,0,0,0,101,0,0,9,0,332,,,,
10702,Jolting Staff,1921,32,33,34,251,252,0,0,0,148,0,0,2,0,332,,,,
10703,Smelting Blow,1991,32,33,34,160,161,0,0,0,158,0,0,9,0,332,,,,
10704,Winding Blow,2015,0,0,0,0,0,0,0,0,313,0,0,0,0,332,,,,
10705,Shocking Staff,1240,47,48,49,261,262,0,0,0,65,0,0,27,65,332,,,,
10706,Burning Cloud,990,32,33,34,1,2,0,0,0,295,0,0,13,0,332,,,,
10707,Scorching Staff,1580,44,45,46,145,146,0,0,0,285,254,0,21,0,332,,,,
10708,Forging Blow,1991,32,33,34,160,161,0,0,0,158,0,0,9,0,332,,,,
10709,Tempered Strike,2319,32,0,0,0,0,0,0,0,0,0,0,0,0,332,,,,
;,Fist wraps,,,,,,,,,,,,,,,,,,,
10710,Uppercut,1159,0,0,0,0,0,0,0,0,50,0,0,18,0,332,,,,
10711,Jaw Breaker,905,35,36,37,1,2,0,0,0,49,0,0,13,0,332,,,,
10712,Heart Stopper,1910,44,45,46,160,161,0,0,0,101,0,0,9,0,332,,,,
10713,Wind Taker,1159,0,0,0,0,0,0,0,0,50,0,0,18,0,332,,,,
10714,Rib Cracker,1159,0,0,0,0,0,0,0,0,50,0,0,18,0,332,,,,
10715,Eagle Strike,1361,38,39,40,1,2,0,0,0,11,0,0,21,0,332,,,,
10716,Gut Shot,1361,38,39,40,1,2,0,0,0,11,0,0,21,0,332,,,,
10717,Cross,1159,0,0,0,0,0,0,0,0,50,0,0,18,0,332,,,,
10718,Counter Blow,905,35,36,37,1,2,0,0,0,49,0,0,13,0,332,,,,
10719,Phoenix Strike,1361,38,39,40,1,2,0,0,0,11,0,0,21,0,332,,,,
;,,,,,,,,,,,,,,,,,,,,
;,Relic Spells,,,,,,,,,,,,,,,,,,,
10720,Relic Spell 1,3960,0,0,0,0,0,0,0,0,0,0,0,0,0,0,,,,
10721,Relic Spell 2,3961,0,0,0,0,0,0,0,0,0,0,0,0,0,0,,,,
10722,Relic Spell 3,3962,0,0,0,0,0,0,0,0,0,0,0,0,0,0,,,,
10723,Relic Spell 4,3963,0,0,0,0,0,0,0,0,0,0,0,0,0,0,,,,
10724,Relic Spell 5,3964,0,0,0,0,0,0,0,0,0,0,0,0,0,0,,,,
10725,Relic Spell 6,3965,0,0,0,0,0,0,0,0,0,0,0,0,0,0,,,,
10726,Relic Spell 7,3966,0,0,0,0,0,0,0,0,0,0,0,0,0,0,,,,
10727,Relic Spell 8,3967,0,0,0,0,0,0,0,0,0,0,0,0,0,0,,,,
10728,Relic Spell 9,3968,0,0,0,0,0,0,0,0,0,0,0,0,0,0,,,,
10729,Relic Spell 10,3969,0,0,0,0,0,0,0,0,0,0,0,0,0,0,,,,
10730,Relic Spell 11,3970,0,0,0,0,0,0,0,0,0,0,0,0,0,0,,,,
10731,Relic Spell 12,3971,0,0,0,0,0,0,0,0,0,0,0,0,0,0,,,,
10732,Relic Spell 13,3972,0,0,0,0,0,0,0,0,0,0,0,0,0,0,,,,
10733,Relic Spell 14,3973,0,0,0,0,0,0,0,0,0,0,0,0,0,0,,,,
10734,Relic Spell 15,3974,0,0,0,0,0,0,0,0,0,0,0,0,0,0,,,,
10735,Relic Spell 16,3975,0,0,0,0,0,0,0,0,0,0,0,0,0,0,,,,
10736,Relic Spell 17,3976,0,0,0,0,0,0,0,0,0,0,0,0,0,0,,,,
10737,Relic Spell 18,3977,0,0,0,0,0,0,0,0,0,0,0,0,0,0,,,,
10738,Relic Spell 19,3978,0,0,0,0,0,0,0,0,0,0,0,0,0,0,,,,
10739,Relic Spell 20,3979,0,0,0,0,0,0,0,0,0,0,0,0,0,0,,,,
10740,Relic Spell 21,3980,0,0,0,0,0,0,0,0,0,0,0,0,0,0,,,,
10741,Relic Spell 22,3981,0,0,0,0,0,0,0,0,0,0,0,0,0,0,,,,
;,,,,,,,,,,,,,,,,,,,,
;,Holiday Fun,,,,,,,,,,,,,,,,,,,
10800,Pot of Gold,3955,0,0,0,0,0,0,0,0,279,126,0,9,0,332,,,,
10801,4 Leaf Clover,3956,0,0,0,0,0,0,0,0,5,126,0,9,0,332,,,,
10802,Mug,3957,77,0,0,0,0,0,0,0,0,0,0,0,0,0,,,,
;,,,,,,,,,,,,,,,,,,,,
;,Animist/Valewalker,,,,,,,,,,,,,,,,,,,
;11000,Arborial Path,,,,,,,,,,,,,,,,,,,
11001,Grove's Protection,985,32,33,34,251,252,0,0,0,0,126,0,9,0,332,,,,
11002,Grove's Buffer,985,32,33,34,251,252,0,0,0,0,126,0,9,0,332,,,,
11003,Grove's Defense,985,32,33,34,251,252,0,0,0,279,126,0,9,0,332,,,,
11004,Grove's Guard,985,32,33,34,251,252,0,0,0,279,126,0,9,0,332,,,,
11005,Grove's Shield,986,32,33,34,251,252,0,0,0,5,126,0,9,0,332,,,,
11006,Grove's Refuge,986,32,33,34,251,252,0,0,0,5,126,0,9,0,332,,,,
11007,Grove's Armor,987,32,33,34,251,252,0,0,0,5,126,0,9,0,332,,,,
11008,Grove's Ward,988,32,33,34,251,252,0,0,0,0,127,0,9,0,332,,,,
11009,Grove's Sanctuary,989,32,33,34,251,252,0,0,0,0,127,0,9,0,332,,,,
11010,Grove's Aegis,989,32,33,34,251,252,0,0,0,0,127,0,9,0,332,,,,
11011,Threshing the Chaff,1125,44,45,46,251,252,0,0,0,60,0,0,26,0,332,,,,
11012,Natural Selection,1125,44,45,46,251,252,0,0,0,60,0,0,26,0,332,,,,
11013,Culling the Weak,1125,44,45,46,251,252,0,0,0,60,0,0,26,0,332,,,,
11014,Survival of the Fittest,1125,44,45,46,251,252,0,0,0,61,0,0,26,0,332,,,,
11015,Strength of the Defender,1126,44,45,46,251,252,0,0,0,61,0,0,26,0,332,,,,
11016,Right of Life,1126,44,45,46,251,252,0,0,0,61,0,0,26,0,332,,,,
11017,Enemy's Debt,1127,44,45,46,251,252,0,0,0,61,0,0,26,0,332,,,,
11018,Force of Nature,1127,44,45,46,251,252,0,0,0,62,0,0,26,0,332,,,,
11019,Cycle of Life,1128,44,45,46,251,252,0,0,0,62,0,0,26,0,332,,,,
11020,Cycle of Death,1129,44,45,46,251,252,0,0,0,62,0,0,26,0,332,,,,
11021,Thorns of Retribution,890,47,48,49,251,252,0,0,0,249,0,0,9,0,332,,,,
11022,Grove's Anguish,891,47,48,49,251,252,0,0,0,249,0,0,9,0,332,,,,
11023,Wood's Vengeance,891,47,48,49,251,252,0,0,0,249,0,0,9,0,332,,,,
11024,Forest's Revenge,892,47,48,49,251,252,0,0,0,249,0,0,9,0,332,,,,
11025,Earthspirit's Ire,893,47,48,49,251,252,0,0,0,249,0,0,9,0,332,,,,
11026,Nature's Retaliation,893,47,48,49,251,252,0,0,0,249,0,0,9,0,332,,,,
11027,Nature's Heart of Wrath,4132,47,48,49,251,252,0,0,0,249,0,0,9,0,332,,,,
;,,,,,,,,,,,,,,,,,,,,
;,,,,,,,,,,,,,,,,,,,,
;,,,,,,,,,,,,,,,,,,,,
;11100,Arborial Mastery,,,,,,,,,,,,,,,,,,,
11101,Spirit of Anger,2385,44,45,46,251,252,0,0,0,60,0,0,26,0,332,,,,
11102,Spirit of Ire,2385,44,45,46,251,252,0,0,0,60,0,0,26,0,332,,,,
11103,Spirit of Outrage,2385,44,45,46,251,252,0,0,0,60,0,0,26,0,332,,,,
11104,Spirit of Aggravation,2385,44,45,46,251,252,0,0,0,61,0,0,26,0,332,,,,
11105,Spirit of Enmity,2386,44,45,46,251,252,0,0,0,61,0,0,26,0,332,,,,
11106,Spirit of Rage,2386,44,45,46,251,252,0,0,0,61,0,0,26,0,332,,,,
11107,Spirit of Wrath,2387,44,45,46,251,252,0,0,0,62,0,0,26,0,332,,,,
11108,Spirit of Fury,2388,44,45,46,251,252,0,0,0,62,0,0,26,0,332,,,,
11109,Spirit of Vengeance,2388,44,45,46,251,252,0,0,0,62,0,0,26,0,332,,,,
11110,Spirit of Hatred,2389,44,45,46,251,252,0,0,0,62,0,0,26,0,332,,,,
11111,Circle of Anger,2396,44,45,46,251,252,0,0,0,61,0,0,26,61,332,,,,
11112,Circle of Enmity,2397,44,45,46,251,252,0,0,0,61,0,0,26,61,332,,,,
11113,Circle of Fury,2397,44,45,46,251,252,0,0,0,62,0,0,26,62,332,,,,
11114,Circle of Wrath,2398,44,45,46,251,252,0,0,0,62,0,0,26,62,332,,,,
11115,Circle of Rage,2399,44,45,46,251,252,0,0,0,62,0,0,26,62,332,,,,
11116,Circle of Vengeance,2399,44,45,46,251,252,0,0,0,62,0,0,26,62,332,,,,
11117,Tangler Sapling,2050,47,48,49,251,252,0,0,0,263,0,0,27,0,332,,,,
11118,Tangler Youngling,2052,47,48,49,251,252,0,0,0,263,0,0,27,0,332,,,,
11119,Tangler Youth,2052,47,48,49,251,252,0,0,0,263,0,0,27,0,332,,,,
11120,Tangler,2053,47,48,49,251,252,0,0,0,263,0,0,27,0,332,,,,
11121,Aged Tangler,2054,47,48,49,251,252,0,0,0,263,0,0,27,0,332,,,,
11122,Elder Tangler,2054,47,48,49,251,252,0,0,0,263,0,0,27,0,332,,,,
11123,Forest's Servant,2055,44,45,46,251,252,0,0,0,41,294,0,26,0,332,,,,
11124,Forest's Companion,2055,44,45,46,251,252,0,0,0,41,294,0,26,0,332,,,,
11125,Forest's Compatriot,2056,44,45,46,251,252,0,0,0,101,294,0,26,0,332,,,,
11126,Forest's Aid,2056,44,45,46,251,252,0,0,0,101,294,0,26,0,332,,,,
11127,Forest's Sentry,2057,44,45,46,251,252,0,0,0,101,294,0,26,0,332,,,,
11128,Forest's Bulwark,2058,44,45,46,251,252,0,0,0,129,294,0,26,0,332,,,,
11129,Forest's Protector,2059,44,45,46,251,252,0,0,0,129,294,0,26,0,332,,,,
11130,Spirit of Anger,2385,38,39,40,251,252,0,0,0,221,0,0,2,0,332,,,,
11131,Spirit of Ire,2385,38,39,40,251,252,0,0,0,221,0,0,2,0,332,,,,
11132,Spirit of Outrage,2385,38,39,40,251,252,0,0,0,221,0,0,2,0,332,,,,
11133,Spirit of Aggravation,2385,38,39,40,251,252,0,0,0,221,0,0,2,0,332,,,,
11134,Spirit of Enmity,2386,38,39,40,251,252,0,0,0,221,0,0,2,0,332,,,,
11135,Spirit of Rage,2386,38,39,40,251,252,0,0,0,221,0,0,2,0,332,,,,
11136,Spirit of Wrath,2387,38,39,40,251,252,0,0,0,221,0,0,2,0,332,,,,
11137,Spirit of Fury,2388,38,39,40,251,252,0,0,0,221,0,0,2,0,332,,,,
11138,Spirit of Vengeance,2388,38,39,40,251,252,0,0,0,221,0,0,2,0,332,,,,
11139,Spirit of Hatred,2389,38,39,40,251,252,0,0,0,221,0,0,2,0,332,,,,
11140,Circle of Anger,2396,38,39,40,251,252,0,0,0,221,0,0,2,0,332,,,,
11141,Circle of Enmity,2397,38,39,40,251,252,0,0,0,221,0,0,2,0,332,,,,
11142,Circle of Fury,2397,38,39,40,251,252,0,0,0,221,0,0,2,0,332,,,,
11143,Circle of Wrath,2398,38,39,40,251,252,0,0,0,221,0,0,2,0,332,,,,
11144,Circle of Rage,2399,38,39,40,251,252,0,0,0,221,0,0,2,0,332,,,,
11145,Circle of Vengeance,2399,38,39,40,251,252,0,0,0,221,0,0,2,0,332,,,,
11146,Tangler Sapling,2050,38,39,40,251,252,0,0,0,221,0,0,2,0,332,,,,
11147,Tangler Youngling,2052,38,39,40,251,252,0,0,0,221,0,0,2,0,332,,,,
11148,Tangler Youth,2052,38,39,40,251,252,0,0,0,221,0,0,2,0,332,,,,
11149,Tangler,2053,38,39,40,251,252,0,0,0,221,0,0,2,0,332,,,,
11150,Aged Tangler,2054,38,39,40,251,252,0,0,0,221,0,0,2,0,332,,,,
11151,Elder Tangler,2054,38,39,40,251,252,0,0,0,221,0,0,2,0,332,,,,
11152,Forest's Servant,2055,38,39,40,251,252,0,0,0,221,0,0,2,0,332,,,,
11153,Forest's Companion,2055,38,39,40,251,252,0,0,0,221,0,0,2,0,332,,,,
11154,Forest's Compatriot,2056,38,39,40,251,252,0,0,0,221,0,0,2,0,332,,,,
11155,Forest's Aid,2056,38,39,40,251,252,0,0,0,221,0,0,2,0,332,,,,
11156,Forest's Sentry,2057,38,39,40,251,252,0,0,0,221,0,0,2,0,332,,,,
11157,Forest's Bulwark,2058,38,39,40,251,252,0,0,0,221,0,0,2,0,332,,,,
11158,Forest's Protector,2059,38,39,40,251,252,0,0,0,221,0,0,2,0,332,,,,
;,,,,,,,,,,,,,,,,,,,,
;,,,,,,,,,,,,,,,,,,,,
;,,,,,,,,,,,,,,,,,,,,
;,,,,,,,,,,,,,,,,,,,,
;11200,Valewalking,,,,,,,,,,,,,,,,,,,
11201,Close Path,870,47,48,49,251,252,0,0,0,263,0,0,27,0,332,,,,
11202,Hide Path,870,47,48,49,251,252,0,0,0,263,0,0,27,0,332,,,,
11203,Conceal Path,871,47,48,49,251,252,0,0,0,263,0,0,27,0,332,,,,
11204,Obscure Path,871,47,48,49,251,252,0,0,0,263,0,0,27,0,332,,,,
11205,Disguise Path,872,47,48,49,251,252,0,0,0,263,0,0,27,0,332,,,,
11206,Veil Path,873,47,48,49,251,252,0,0,0,263,0,0,27,0,332,,,,
11207,Darken Path,873,47,48,49,251,252,0,0,0,263,0,0,27,0,332,,,,
11208,Mask Path,874,47,48,49,251,252,0,0,0,263,0,0,27,0,332,,,,
11209,Nature's Nausea,1445,35,36,37,251,252,0,0,0,43,0,0,27,0,332,,,,
11210,Nature's Ill,1445,35,36,37,251,252,0,0,0,43,0,0,27,0,332,,,,
11211,Nature's Rot,1446,35,36,37,251,252,0,0,0,43,0,0,27,0,332,,,,
11212,Nature's Decay,1446,35,36,37,251,252,0,0,0,43,0,0,27,0,332,,,,
11213,Nature's Toxin,1447,35,36,37,251,252,0,0,0,43,0,0,27,0,332,,,,
11214,Nature's Blight,1447,35,36,37,251,252,0,0,0,43,0,0,27,0,332,,,,
11215,Nature's Venom,1448,35,36,37,251,252,0,0,0,43,0,0,27,0,332,,,,
11216,Nature's Poison,1449,35,36,37,251,252,0,0,0,43,0,0,27,0,332,,,,
11217,Nature's Bane,1449,35,36,37,251,252,0,0,0,43,0,0,27,0,332,,,,
11218,Speed of Kudzu,990,38,39,40,251,252,0,0,0,19,0,0,15,0,332,,,,
11219,Rushing Kudzu,990,38,39,40,251,252,0,0,0,19,0,0,15,0,332,,,,
11220,Alacrity of Kudzu,991,38,39,40,251,252,0,0,0,19,0,0,15,0,332,,,,
11221,Haste of Kudzu,992,38,39,40,251,252,0,0,0,20,0,0,15,0,332,,,,
11222,Pace of Kudzu,993,38,39,40,251,252,0,0,0,20,0,0,15,0,332,,,,
11223,Celerity of Kudzu,993,38,39,40,251,252,0,0,0,20,0,0,15,0,332,,,,
11224,Rampant Speed,994,38,39,40,251,252,0,0,0,20,0,0,21,0,332,,,,
11225,Moss Paddnig,1265,35,36,37,251,252,0,0,0,229,0,0,13,0,332,,,,
11226,Moss Coat,1266,35,36,37,251,252,0,0,0,229,0,0,13,0,332,,,,
11227,Moss Buffer,1266,35,36,37,251,252,0,0,0,229,0,0,13,0,332,,,,
11228,Moss Cover,1267,35,36,37,251,252,0,0,0,229,0,0,13,0,332,,,,
11229,Moss Wrap,1267,35,36,37,251,252,0,0,0,229,0,0,13,0,332,,,,
11230,Moss Sheet,1268,35,36,37,251,252,0,0,0,229,0,0,13,0,332,,,,
11231,Moss Cloak,1268,35,36,37,251,252,0,0,0,229,0,0,13,0,332,,,,
11232,Blightstrike,2190,35,36,37,251,252,0,0,0,304,0,0,27,291,332,,,,
11233,Banestrike,2191,35,36,37,251,252,0,0,0,304,312,0,27,291,332,,,,
11234,Rotstrike,2192,35,36,37,251,252,0,0,0,306,0,0,27,291,332,,,,
11235,Scourgestrike,2193,35,36,37,251,252,0,0,0,306,312,0,27,291,332,,,,
11236,Witherstrike,2194,35,36,37,251,252,0,0,0,306,312,0,27,291,332,,,,
11237,Barkcrust,2146,32,33,34,251,252,0,0,0,229,0,0,9,0,332,,,,
11238,Barkhusk,2146,32,33,34,251,252,0,0,0,229,0,0,9,0,332,,,,
11239,Barkcoat,2147,32,33,34,251,252,0,0,0,229,0,0,9,0,332,,,,
11240,Barksheath,2148,32,33,34,251,252,0,0,0,229,0,0,9,0,332,,,,
11241,Barkcase,2149,32,33,34,251,252,0,0,0,229,0,0,9,0,332,,,,
11242,Barkshell,2149,32,33,34,251,252,0,0,0,229,0,0,9,0,332,,,,
11243,Blightstrike,1150,35,36,37,251,252,0,0,0,304,0,0,27,0,332,,,,
11244,Banestrike,1151,35,36,37,251,252,0,0,0,304,312,0,27,0,332,,,,
11245,Rotstrike,1152,35,36,37,251,252,0,0,0,306,0,0,27,0,332,,,,
11246,Scourgestrike,1153,35,36,37,251,252,0,0,0,306,312,0,27,0,332,,,,
11247,Witherstrike,1154,35,36,37,251,252,0,0,0,306,312,0,27,0,332,,,,
11248,Barkcrust,1991,32,33,34,251,252,0,0,0,229,0,0,9,0,332,,,,
11249,Barkhusk,1991,32,33,34,251,252,0,0,0,229,0,0,9,0,332,,,,
11250,Barkcoat,1992,32,33,34,251,252,0,0,0,229,0,0,9,0,332,,,,
11251,Barksheath,1993,32,33,34,251,252,0,0,0,229,0,0,9,0,332,,,,
11252,Barkcase,1994,32,33,34,251,252,0,0,0,229,0,0,9,0,332,,,,
11253,Barkshell,1994,32,33,34,251,252,0,0,0,229,0,0,9,0,332,,,,
;,1.83 additions,,,,,,,,,,,,,,,,,,,
11254,Entropic Disease,2393,35,36,37,251,252,0,0,0,291,0,0,27,291,332,,,,
11255,Entropic Pestilence,2394,35,36,37,251,252,0,0,0,291,0,0,27,291,332,,,,
11256,Thorned Weapons,1512,32,33,34,218,219,230,0,0,78,0,0,24,0,332,,,,
11257,Bristled Weapons,1513,32,33,34,218,219,230,0,0,78,0,0,24,0,332,,,,
11258,Spurred Weapons,1514,32,33,34,218,219,230,0,0,78,0,0,24,0,332,,,,
11259,Blight Burst,2394,35,36,37,261,262,0,0,0,291,0,0,27,291,332,,,,
11260,Blight Swarm,2394,35,36,37,261,262,0,0,0,291,0,0,27,291,332,,,,
;,,,,,,,,,,,,,,,,,,,,
;11260,Valewalker Style Procs,,,,,,,,,,,,,,,,,,,
11261,Pierce Armor,90,44,45,46,0,0,0,0,0,136,0,0,18,0,332,,,,
11262,Scythe of Flame,1010,32,33,34,0,0,0,0,0,21,0,0,18,0,332,,,,
11263,Flickering Flame,1065,16,17,18,0,0,0,0,0,163,0,0,6,0,332,,,,
11264,Scythe of Ice,1011,32,33,34,0,0,0,0,0,265,0,0,20,0,332,,,,
11265,Spray of Needles,1302,44,45,46,0,0,0,34,0,101,0,0,21,101,332,,,,
11266,Frigid Mists,1052,44,45,46,0,0,0,200,0,265,0,0,16,265,332,,,,
;,,,,,,,,,,,,,,,,,,,,
;11300,Creeping Path,,,,,,,,,,,,,,,,,,,
11301,Sap Strength,1921,32,33,34,251,252,0,0,0,148,0,0,2,0,332,,,,
11302,Bleed Strength,1921,32,33,34,251,252,0,0,0,148,0,0,2,0,332,,,,
11303,Subvert Strength,1922,32,33,34,251,252,0,0,0,148,0,0,2,0,332,,,,
11304,Exhaust Strength,1923,32,33,34,251,252,0,0,0,148,0,0,2,0,332,,,,
11305,Sap Might,1923,32,33,34,251,252,0,0,0,149,0,0,2,0,332,,,,
11306,Bleed Might,1924,32,33,34,251,252,0,0,0,149,0,0,2,0,332,,,,
11307,Subvert Might,1924,32,33,34,251,252,0,0,0,149,0,0,2,0,332,,,,
11308,Exhaust Might,1924,32,33,34,251,252,0,0,0,149,0,0,2,0,332,,,,
11309,Impair Might,1924,32,33,34,251,252,0,0,0,159,0,0,2,0,332,,,,
11310,Spreading Vines,2355,47,48,49,251,252,0,0,0,53,0,0,18,0,332,,,,
11311,Ripening Vines,2356,47,48,49,251,252,0,0,0,53,0,0,18,0,332,,,,
11312,Expanding Vines,2356,47,48,49,251,252,0,0,0,53,0,0,18,0,332,,,,
11313,Branching Vines,2357,47,48,49,251,252,0,0,0,53,0,0,18,0,332,,,,
11314,Growing Vines,2358,47,48,49,251,252,0,0,0,53,0,0,18,0,332,,,,
11315,Shooting Vines,2359,47,48,49,251,252,0,0,0,53,0,0,18,0,332,,,,
11316,Rampant Vines,2359,47,48,49,251,252,0,0,0,53,0,0,18,0,332,,,,
11317,Wisp Heat,2065,47,48,49,251,252,0,0,0,114,0,0,2,0,332,,,,
11318,Wisp Glow,2065,47,48,49,251,252,0,0,0,114,0,0,2,0,332,,,,
11319,Wisp Spark,2065,47,48,49,251,252,0,0,0,115,0,0,2,0,332,,,,
11320,Wisp Fire,2066,47,48,49,251,252,0,0,0,115,0,0,2,0,332,,,,
11321,Wisp Flame,2066,47,48,49,251,252,0,0,0,116,0,0,2,0,332,,,,
11322,Wisp Blaze,2067,47,48,49,251,252,0,0,0,116,0,0,2,0,332,,,,
11323,Wisp Flare,2067,47,48,49,251,252,0,0,0,117,0,0,2,0,332,,,,
11324,Wisp Pyre,2068,47,48,49,251,252,0,0,0,117,0,0,2,0,332,,,,
11325,Wisp Inferno,2069,47,48,49,251,252,0,0,0,118,0,0,2,0,332,,,,
11326,Forest's Advocate,2070,44,45,46,251,252,0,0,0,60,0,0,26,0,332,,,,
11327,Forest's Emissary,2070,44,45,46,251,252,0,0,0,60,0,0,26,0,332,,,,
11328,Forest's Essence,2071,44,45,46,251,252,0,0,0,60,0,0,26,0,332,,,,
11329,Forest's Spirit,2072,44,45,46,251,252,0,0,0,61,0,0,26,0,332,,,,
11330,Forest's Heart,2072,44,45,46,251,252,0,0,0,61,0,0,26,0,332,,,,
11331,Forest's Soul,2073,44,45,46,251,252,0,0,0,61,0,0,26,0,332,,,,
11332,Forest's Incarnation,2074,44,45,46,251,252,0,0,0,62,0,0,26,0,332,,,,
11333,Forest's Core,2074,44,45,46,251,252,0,0,0,62,0,0,26,0,332,,,,
11334,Spreading Vines,2355,47,48,49,251,252,0,0,0,221,0,0,18,0,332,,,,
11335,Ripening Vines,2356,47,48,49,251,252,0,0,0,221,0,0,18,0,332,,,,
11336,Expanding Vines,2356,47,48,49,251,252,0,0,0,221,0,0,18,0,332,,,,
11337,Branching Vines,2357,47,48,49,251,252,0,0,0,221,0,0,18,0,332,,,,
11338,Growing Vines,2358,47,48,49,251,252,0,0,0,221,0,0,18,0,332,,,,
11339,Shooting Vines,2359,47,48,49,251,252,0,0,0,221,0,0,18,0,332,,,,
11340,Rampant Vines,2359,47,48,49,251,252,0,0,0,221,0,0,18,0,332,,,,
11341,Wisp Heat,2065,47,48,49,251,252,0,0,0,119,0,0,2,0,332,,,,
11342,Wisp Glow,2065,47,48,49,251,252,0,0,0,119,0,0,2,0,332,,,,
11343,Wisp Spark,2065,47,48,49,251,252,0,0,0,120,0,0,2,0,332,,,,
11344,Wisp Fire,2066,47,48,49,251,252,0,0,0,120,0,0,2,0,332,,,,
11345,Wisp Flame,2066,47,48,49,251,252,0,0,0,121,0,0,2,0,332,,,,
11346,Wisp Blaze,2067,47,48,49,251,252,0,0,0,121,0,0,2,0,332,,,,
11347,Wisp Flare,2067,47,48,49,251,252,0,0,0,122,0,0,2,0,332,,,,
11348,Wisp Pyre,2068,47,48,49,251,252,0,0,0,122,0,0,2,0,332,,,,
11349,Wisp Inferno,2069,47,48,49,251,252,0,0,0,123,0,0,2,0,332,,,,
11350,Forest's Advocate,2070,44,45,46,251,252,0,0,0,60,0,0,26,0,332,,,,
11351,Forest's Emissary,2070,44,45,46,251,252,0,0,0,60,0,0,26,0,332,,,,
11352,Forest's Essence,2071,44,45,46,251,252,0,0,0,60,0,0,26,0,332,,,,
11353,Forest's Spirit,2072,44,45,46,251,252,0,0,0,61,0,0,26,0,332,,,,
11354,Forest's Heart,2072,44,45,46,251,252,0,0,0,61,0,0,26,0,332,,,,
11355,Forest's Soul,2073,44,45,46,251,252,0,0,0,61,0,0,26,0,332,,,,
11356,Forest's Incarnation,2074,44,45,46,251,252,0,0,0,62,0,0,26,0,332,,,,
11357,Forest's Core,2074,44,45,46,251,252,0,0,0,62,0,0,26,0,332,,,,
;,,,,,,,,,,,,,,,,,,,,
;11400,Creeping Path Spec,,,,,,,,,,,,,,,,,,,
11401,Sporespawn Seedling,2055,32,33,34,218,219,0,0,0,50,0,276,2,50,332,,,,
11402,Sporespawn Sapling,2055,32,33,34,218,219,0,0,0,50,0,276,2,50,332,,,,
11403,Sporespawn Youngling,2056,32,33,34,218,219,0,0,0,101,0,276,2,101,332,,,,
11404,Sporespawn Youth,2056,32,33,34,218,219,0,0,0,101,0,276,2,101,332,,,,
11405,Sporespawn,2057,32,33,34,218,219,0,0,0,129,0,276,2,129,332,,,,
11406,Aged Sporespawn,2058,32,33,34,218,219,0,0,0,129,0,276,2,129,332,,,,
11407,Elder Sporespawn,2059,32,33,34,218,219,0,0,0,129,0,276,2,129,332,,,,
11408,Spore Spewer,2195,32,33,34,218,219,0,0,0,50,0,276,2,50,332,,,,
11409,Spore Secreter,2195,32,33,34,218,219,0,0,0,50,0,276,2,50,332,,,,
11410,Spore Ejector,2195,32,33,34,218,219,0,0,0,101,0,276,2,101,332,,,,
11411,Spore Emitter,2196,32,33,34,218,219,0,0,0,101,0,276,2,101,332,,,,
11412,Spore Vent,2196,32,33,34,218,219,0,0,0,129,0,276,2,129,332,,,,
11413,Spore Jet,2197,32,33,34,218,219,0,0,0,129,0,276,2,129,332,,,,
11414,Spore Erupter,2198,32,33,34,218,219,0,0,0,129,0,276,2,129,332,,,,
11415,Spore Cannon,2199,32,33,34,218,219,0,0,0,129,0,276,2,129,332,,,,
11416,Dancing Spark,2740,35,36,37,218,219,0,0,0,129,0,150,2,129,332,,,,
11417,Dancing Gleam,2741,35,36,37,218,219,0,0,0,129,0,150,2,129,332,,,,
11418,Dancing Glint,2741,35,36,37,218,219,0,0,0,129,0,150,2,129,332,,,,
11419,Dancing Flame,2742,35,36,37,218,219,0,0,0,129,0,150,2,129,332,,,,
11420,Dancing Light,2743,35,36,37,218,219,0,0,0,129,0,150,2,129,332,,,,
11421,Dancing Flare,2744,35,36,37,218,219,0,0,0,129,0,150,2,129,332,,,,
11422,Constraining Spirit,2061,47,48,49,218,219,40,0,0,263,0,0,2,263,332,,,,
11423,Entangling Spirit,2061,47,48,49,218,219,40,0,0,263,0,0,2,263,332,,,,
11424,Grasping Spirit,2062,47,48,49,218,219,40,0,0,263,0,0,2,263,332,,,,
11425,Constricting Spirit,2063,47,48,49,218,219,40,0,0,263,0,0,2,263,332,,,,
11426,Binding Spirit,2064,47,48,49,218,219,40,0,0,263,0,0,2,263,332,,,,
11427,Grove's Assailant,2150,38,39,40,218,219,0,0,0,277,0,0,2,0,332,,,,
11428,Grove's Hunter,2150,38,39,40,218,219,0,0,0,277,0,0,2,0,332,,,,
11429,Grove's Eliminator,2151,38,39,40,218,219,0,0,0,277,0,0,2,0,332,,,,
11430,Grove's Enforcer,2151,38,39,40,218,219,0,0,0,101,53,0,2,0,332,,,,
11431,Grove's Agent,2152,38,39,40,218,219,0,0,0,101,53,0,2,0,332,,,,
11432,Grove's Inquisitor,2152,38,39,40,218,219,0,0,0,101,53,0,2,0,332,,,,
11433,Grove's Executioner,2153,38,39,40,218,219,0,0,0,129,53,0,2,0,332,,,,
11434,Grove's Assassin,2154,38,39,40,218,219,0,0,0,129,53,0,2,0,332,,,,
11435,Grove's Slayer,2154,38,39,40,218,219,0,0,0,129,53,0,2,0,332,,,,
11436,Sporespawn Seedling,2075,38,39,40,218,219,0,0,0,221,0,0,2,0,332,,,,
11437,Sporespawn Sapling,2075,38,39,40,218,219,0,0,0,221,0,0,2,0,332,,,,
11438,Sporespawn Youngling,2076,38,39,40,218,219,0,0,0,221,0,0,2,0,332,,,,
11439,Sporespawn Youth,2077,38,39,40,218,219,0,0,0,221,0,0,2,0,332,,,,
11440,Sporespawn,2078,38,39,40,218,219,0,0,0,221,0,0,2,0,332,,,,
11441,Aged Sporespawn,2079,38,39,40,218,219,0,0,0,221,0,0,2,0,332,,,,
11442,Elder Sporespawn,2079,38,39,40,218,219,0,0,0,221,0,0,2,0,332,,,,
11443,Spore Spewer,2195,38,39,40,218,219,0,0,0,221,0,0,2,0,332,,,,
11444,Spore Secreter,2195,38,39,40,218,219,0,0,0,221,0,0,2,0,332,,,,
11445,Spore Ejector,2195,38,39,40,218,219,0,0,0,221,0,0,2,0,332,,,,
11446,Spore Emitter,2196,38,39,40,218,219,0,0,0,221,0,0,2,0,332,,,,
11447,Spore Vent,2196,38,39,40,218,219,0,0,0,221,0,0,2,0,332,,,,
11448,Spore Jet,2197,38,39,40,218,219,0,0,0,221,0,0,2,0,332,,,,
11449,Spore Erupter,2198,38,39,40,218,219,0,0,0,221,0,0,2,0,332,,,,
11450,Spore Cannon,2199,38,39,40,218,219,0,0,0,221,0,0,2,0,332,,,,
11451,Dancing Spark,2740,35,36,37,218,219,0,0,0,208,0,0,2,0,332,,,,
11452,Dancing Gleam,2741,35,36,37,218,219,0,0,0,208,0,0,2,0,332,,,,
11453,Dancing Glint,2741,35,36,37,218,219,0,0,0,208,0,0,2,0,332,,,,
11454,Dancing Flame,2742,35,36,37,218,219,0,0,0,208,0,0,2,0,332,,,,
11455,Dancing Light,2743,35,36,37,218,219,0,0,0,208,0,0,2,0,332,,,,
11456,Dancing Flare,2744,35,36,37,218,219,0,0,0,208,0,0,2,0,332,,,,
11457,Constraining Spirit,2061,47,48,49,251,252,0,0,0,221,0,0,18,0,332,,,,
11458,Entangling Spirit,2061,47,48,49,251,252,0,0,0,221,0,0,18,0,332,,,,
11459,Grasping Spirit,2062,47,48,49,251,252,0,0,0,221,0,0,18,0,332,,,,
11460,Constricting Spirit,2063,47,48,49,251,252,0,0,0,221,0,0,18,0,332,,,,
11461,Binding Spirit,2064,47,48,49,251,252,0,0,0,221,0,0,18,0,332,,,,
11462,Grove's Assailant,2150,38,39,40,218,219,0,0,0,221,0,0,2,0,332,,,,
11463,Grove's Hunter,2150,38,39,40,218,219,0,0,0,221,0,0,2,0,332,,,,
11464,Grove's Eliminator,2151,38,39,40,218,219,0,0,0,221,0,0,2,0,332,,,,
11465,Grove's Enforcer,2151,38,39,40,218,219,0,0,0,221,0,0,2,0,332,,,,
11466,Grove's Agent,2152,38,39,40,218,219,0,0,0,221,0,0,2,0,332,,,,
11467,Grove's Inquisitor,2152,38,39,40,218,219,0,0,0,221,0,0,2,0,332,,,,
11468,Grove's Executioner,2153,38,39,40,218,219,0,0,0,221,0,0,2,0,332,,,,
11469,Grove's Assassin,2154,38,39,40,218,219,0,0,0,221,0,0,2,0,332,,,,
11470,Grove's Slayer,2154,38,39,40,218,219,0,0,0,221,0,0,2,0,332,,,,
;,,,,,,,,,,,,,,,,,,,,
;11500,Verdant Path,,,,,,,,,,,,,,,,,,,
11501,Healing Spirit,2085,41,42,43,218,219,0,0,0,220,0,0,2,0,332,,,,
11502,Mending Spirit,2085,41,42,43,218,219,0,0,0,220,0,0,2,0,332,,,,
11503,Reviving Spirit,2085,41,42,43,218,219,0,0,0,220,0,0,2,0,332,,,,
11504,Soothing Spirit,2086,41,42,43,218,219,0,0,0,221,0,0,2,0,332,,,,
11505,Meliorating Spirit,2086,41,42,43,218,219,0,0,0,221,0,0,2,0,332,,,,
11506,Restorative Spirit,2087,41,42,43,218,219,0,0,0,221,0,0,2,0,332,,,,
11507,Ministering Spirit,2088,41,42,43,218,219,0,0,0,222,0,0,2,0,332,,,,
11508,Rejuvenating Spirit,2089,41,42,43,218,219,0,0,0,222,0,0,2,0,332,,,,
11509,Spirit of Remedy,2090,41,42,43,218,219,0,0,0,132,0,0,2,0,332,,,,
11510,Spirit of Betterment,2090,41,42,43,218,219,0,0,0,132,0,0,2,0,332,,,,
11511,Spirit of Relief,2091,41,42,43,218,219,0,0,0,132,0,0,2,0,332,,,,
11512,Spirit of Regeneration,2092,41,42,43,218,219,0,0,0,132,0,0,2,0,332,,,,
11513,Spirit of Replenishing,2093,41,42,43,218,219,0,0,0,132,0,0,2,0,332,,,,
11514,Spirit of Nourishing,2094,41,42,43,218,219,0,0,0,132,0,0,2,0,332,,,,
11515,Vent of Elemental Resistance,2095,32,33,34,218,219,0,0,0,339,0,0,8,0,332,,,,
11516,Vent of Elemental Protection,2096,32,33,34,218,219,0,0,0,339,0,0,8,0,332,,,,
11517,Vent of Elemental Guarding,2097,32,33,34,218,219,0,0,0,339,0,0,8,0,332,,,,
11518,Vent of Elemental Shielding,2099,32,33,34,218,219,0,0,0,339,0,0,8,0,332,,,,
11519,Vent of Physical Resistance,2100,32,33,34,218,219,0,0,0,341,0,0,8,0,332,,,,
11520,Vent of Physical Protection,2101,32,33,34,218,219,0,0,0,341,0,0,8,0,332,,,,
11521,Vent of Physical Guarding,2103,32,33,34,218,219,0,0,0,341,0,0,8,0,332,,,,
11522,Vent of Physical Shielding,2104,32,33,34,218,219,0,0,0,341,0,0,8,0,332,,,,
11523,Protecting Spirit,5,32,33,34,218,219,230,0,0,343,0,0,24,0,332,,,,
11524,Guardian Spirit,6,32,33,34,218,219,230,0,0,342,0,0,24,0,332,,,,
11531,Healing Spirit,2085,35,36,37,218,219,0,0,0,208,0,0,2,0,332,,,,
11532,Mending Spirit,2085,35,36,37,218,219,0,0,0,208,0,0,2,0,332,,,,
11533,Reviving Spirit,2085,35,36,37,218,219,0,0,0,208,0,0,2,0,332,,,,
11534,Soothing Spirit,2086,35,36,37,218,219,0,0,0,208,0,0,2,0,332,,,,
11535,Meliorating Spirit,2086,35,36,37,218,219,0,0,0,208,0,0,2,0,332,,,,
11536,Restorative Spirit,2087,35,36,37,218,219,0,0,0,208,0,0,2,0,332,,,,
11537,Ministering Spirit,2088,35,36,37,218,219,0,0,0,208,0,0,2,0,332,,,,
11538,Rejuvenating Spirit,2089,35,36,37,218,219,0,0,0,208,0,0,2,0,332,,,,
11539,Spirit of Remedy,2090,35,36,37,218,219,0,0,0,208,0,0,2,0,332,,,,
11540,Spirit of Betterment,2090,35,36,37,218,219,0,0,0,208,0,0,2,0,332,,,,
11541,Spirit of Relief,2091,35,36,37,218,219,0,0,0,208,0,0,2,0,332,,,,
11542,Spirit of Regeneration,2092,35,36,37,218,219,0,0,0,208,0,0,2,0,332,,,,
11543,Spirit of Replenishing,2093,35,36,37,218,219,0,0,0,208,0,0,2,0,332,,,,
11544,Spirit of Nourishing,2094,35,36,37,218,219,0,0,0,208,0,0,2,0,332,,,,
11545,Vent of Elemental Resistance,2095,35,36,37,218,219,0,0,0,208,0,0,2,0,332,,,,
11546,Vent of Elemental Protection,2096,35,36,37,218,219,0,0,0,208,0,0,2,0,332,,,,
11547,Vent of Elemental Guarding,2097,35,36,37,218,219,0,0,0,208,0,0,2,0,332,,,,
11548,Vent of Elemental Shielding,2099,35,36,37,218,219,0,0,0,208,0,0,2,0,332,,,,
11549,Vent of Physical Resistance,2100,35,36,37,218,219,0,0,0,208,0,0,2,0,332,,,,
11550,Vent of Physical Protection,2101,35,36,37,218,219,0,0,0,208,0,0,2,0,332,,,,
11551,Vent of Physical Guarding,2103,35,36,37,218,219,0,0,0,208,0,0,2,0,332,,,,
11552,Vent of Physical Shielding,2104,35,36,37,218,219,0,0,0,208,0,0,2,0,332,,,,
11553,Shield of Wood,1596,32,33,34,251,252,0,0,0,35,0,0,13,0,332,,,,
11554,Purifying Rain,1279,32,33,34,1,2,0,0,0,289,0,0,8,289,332,,,,
;,,,,,,,,,,,,,,,,,,,,
;,,,,,,,,,,,,,,,,,,,,
;11600,Verdant Mastery,,,,,,,,,,,,,,,,,,,
11601,Briar Burst,2140,44,45,46,218,219,56,0,0,60,0,0,26,0,332,,,,
11602,Briar Salvo,2140,44,45,46,218,219,56,0,0,60,0,0,26,0,332,,,,
11603,Briar Shower,2140,44,45,46,218,219,56,0,0,60,0,0,26,0,332,,,,
11604,Briar Cloud,2140,44,45,46,218,219,56,0,0,61,0,0,26,0,332,,,,
11605,Briar Discharge,2141,44,45,46,218,219,56,0,0,61,0,0,26,0,332,,,,
11606,Briar Eruption,2141,44,45,46,218,219,56,0,0,61,0,0,26,0,332,,,,
11607,Briar Barrage,2142,44,45,46,218,219,80,0,0,62,0,0,26,0,332,,,,
11608,Briar Explosion,2142,44,45,46,218,219,80,0,0,62,0,0,26,0,332,,,,
11609,Briar Detonation,2143,44,45,46,218,219,80,0,0,62,0,0,26,0,332,,,,
11610,Briar Storm,2144,44,45,46,218,219,80,0,0,62,0,0,26,0,332,,,,
11611,Essence of the Tree,2108,35,36,37,218,219,0,0,0,283,0,0,9,0,332,,,,
11612,Essence of the Grove,2108,35,36,37,218,219,0,0,0,283,0,0,9,0,332,,,,
11613,Essence of the Forest,2109,35,36,37,218,219,0,0,0,283,0,0,9,0,332,,,,
11614,Guardian Emissary,2111,35,36,37,218,219,0,0,0,286,0,0,9,0,332,,,,
11615,Protector Emissary,2112,35,36,37,218,219,0,0,0,286,0,0,9,0,332,,,,
11616,Shielding Emissary,2112,35,36,37,218,219,0,0,0,286,0,0,9,0,332,,,,
11617,Buffering Emissary,2113,35,36,37,218,219,0,0,0,286,0,0,9,0,332,,,,
11618,Defending Emissary,2114,35,36,37,218,219,0,0,0,286,0,0,9,0,332,,,,
11619,Fortifying Emissary,2114,35,36,37,218,219,0,0,0,286,0,0,9,0,332,,,,
11620,Woodspirit Sheath,2115,32,33,34,218,219,230,0,0,35,0,0,24,35,332,,,,
11621,Woodspirit Shield,2116,32,33,34,218,219,230,0,0,35,0,0,24,35,332,,,,
11622,Woodspirit Barrier,2117,32,33,34,218,219,230,0,0,35,0,0,24,35,332,,,,
11623,Woodspirit Guard,2117,32,33,34,218,219,230,0,0,35,0,0,24,35,332,,,,
11624,Woodspirit Wall,2118,32,33,34,218,219,230,0,0,35,0,0,24,35,332,,,,
11625,Woodspirit Seal,2119,32,33,34,218,219,230,0,0,35,0,0,24,35,332,,,,
11626,Ligneous Sheath,2121,32,33,34,218,219,0,0,0,0,24,0,9,0,332,,,,
11627,Ligneous Shield,2121,32,33,34,218,219,0,0,0,0,24,0,9,0,332,,,,
11628,Ligneous Barrier,2122,32,33,34,218,219,0,0,0,279,24,0,9,0,332,,,,
11629,Ligneous Guard,2123,32,33,34,218,219,0,0,0,5,24,0,9,0,332,,,,
11630,Ligneous Wall,2124,32,33,34,218,219,0,0,0,3,24,0,9,0,332,,,,
11631,Ligneous Seal,2124,32,33,34,218,219,0,0,0,39,24,0,9,0,332,,,,
11632,Briar Burst,2140,38,39,40,218,219,0,0,0,221,0,0,2,0,332,,,,
11633,Briar Salvo,2140,38,39,40,218,219,0,0,0,221,0,0,2,0,332,,,,
11634,Briar Shower,2140,38,39,40,218,219,0,0,0,221,0,0,2,0,332,,,,
11635,Briar Cloud,2140,38,39,40,218,219,0,0,0,221,0,0,2,0,332,,,,
11636,Briar Discharge,2141,38,39,40,218,219,0,0,0,221,0,0,2,0,332,,,,
11637,Briar Eruption,2141,38,39,40,218,219,0,0,0,221,0,0,2,0,332,,,,
11638,Briar Barrage,2142,38,39,40,218,219,0,0,0,221,0,0,2,0,332,,,,
11639,Briar Explosion,2142,38,39,40,218,219,0,0,0,221,0,0,2,0,332,,,,
11640,Briar Detonation,2143,38,39,40,218,219,0,0,0,221,0,0,2,0,332,,,,
11641,Briar Storm,2144,38,39,40,218,219,0,0,0,221,0,0,2,0,332,,,,
11642,Essence of the Tree,2108,38,39,40,218,219,0,0,0,221,0,0,2,0,332,,,,
11643,Essence of the Grove,2108,38,39,40,218,219,0,0,0,221,0,0,2,0,332,,,,
11644,Essence of the Forest,2109,38,39,40,218,219,0,0,0,221,0,0,2,0,332,,,,
11645,Guardian Emissary,2111,38,39,40,218,219,0,0,0,221,0,0,2,0,332,,,,
11646,Protector Emissary,2112,38,39,40,218,219,0,0,0,221,0,0,2,0,332,,,,
11647,Shielding Emissary,2112,38,39,40,218,219,0,0,0,221,0,0,2,0,332,,,,
11648,Buffering Emissary,2113,38,39,40,218,219,0,0,0,221,0,0,2,0,332,,,,
11649,Defending Emissary,2114,38,39,40,218,219,0,0,0,221,0,0,2,0,332,,,,
11650,Fortifying Emissary,2114,38,39,40,218,219,0,0,0,221,0,0,2,0,332,,,,
11651,Woodspirit Sheath,2115,38,39,40,218,219,0,0,0,221,0,0,2,0,332,,,,
11652,Woodspirit Shield,2116,38,39,40,218,219,0,0,0,221,0,0,2,0,332,,,,
11653,Woodspirit Barrier,2117,38,39,40,218,219,0,0,0,221,0,0,2,0,332,,,,
11654,Woodspirit Guard,2117,38,39,40,218,219,0,0,0,221,0,0,2,0,332,,,,
11655,Woodspirit Wall,2118,38,39,40,218,219,0,0,0,221,0,0,2,0,332,,,,
11656,Woodspirit Seal,2119,38,39,40,218,219,0,0,0,221,0,0,2,0,332,,,,
11657,Ligneous Sheath,2121,35,36,37,218,219,0,0,0,208,0,0,2,0,332,,,,
11658,Ligneous Shield,2121,35,36,37,218,219,0,0,0,208,0,0,2,0,332,,,,
11659,Ligneous Barrier,2122,35,36,37,218,219,0,0,0,208,0,0,2,0,332,,,,
11660,Ligneous Guard,2123,35,36,37,218,219,0,0,0,208,0,0,2,0,332,,,,
11661,Ligneous Wall,2124,35,36,37,218,219,0,0,0,208,0,0,2,0,332,,,,
11662,Ligneous Seal,2124,35,36,37,218,219,0,0,0,208,0,0,2,0,332,,,,
11663,Battle Messenger,2135,41,42,43,160,161,0,0,0,256,0,0,2,0,332,,,,
11664,Battle Crier,2136,41,42,43,160,161,0,0,0,256,0,0,2,0,332,,,,
11665,Battle Herald,2136,41,42,43,160,161,150,0,0,257,0,0,2,0,332,,,,
11666,Battle Harbinger,2137,41,42,43,160,161,150,0,0,257,0,0,2,0,332,,,,
11667,War Messenger,2138,47,48,49,160,161,151,0,0,258,0,0,2,0,332,,,,
11668,War Crier,2138,47,48,49,160,161,151,0,0,258,0,0,2,0,332,,,,
11669,War Herald,2139,47,48,49,160,161,151,0,0,259,0,0,2,0,332,,,,
11670,War Harbinger,2139,47,48,49,160,161,151,0,0,259,0,0,2,0,332,,,,
11671,Battle Messenger,2135,41,42,43,160,161,0,0,0,256,0,0,2,0,332,,,,
11672,Battle Crier,2136,41,42,43,160,161,0,0,0,256,0,0,2,0,332,,,,
11673,Battle Herald,2136,41,42,43,160,161,150,0,0,257,0,0,2,0,332,,,,
11674,Battle Harbinger,2137,41,42,43,160,161,150,0,0,257,0,0,2,0,332,,,,
11675,War Messenger,2138,47,48,49,160,161,151,0,0,258,0,0,2,0,332,,,,
11676,War Crier,2138,47,48,49,160,161,151,0,0,258,0,0,2,0,332,,,,
11677,War Herald,2139,47,48,49,160,161,151,0,0,259,0,0,2,0,332,,,,
11678,War Harbinger,2139,47,48,49,160,161,151,0,0,259,0,0,2,0,332,,,,
;,,,,,,,,,,,,,,,,,,,,
;,,,,,,,,,,,,,,,,,,,,
;,,,,,,,,,,,,,,,,,,,,
;,,,,,,,,,,,,,,,,,,,,
;,MIDGARD CATACOMBS,,,,,,,,,,,,,,,,,,,
;,,,,,,,,,,,,,,,,,,,,
;,,,,,,,,,,,,,,,,,,,,
;,,,,,,,,,,,,,,,,,,,,
;,,,,,,,,,,,,,,,,,,,,
;,Warlock,,,,,,,,,,,,,,,,,,,
;12000,Baseline Cursing,,,,,,,,,,,,,,,,,,,
12001,Minor Annulling Spell,3300,120,121,122,160,161,0,0,0,256,0,0,2,0,332,,,,
12002,Annulling Spell,3300,120,121,122,160,161,0,0,0,256,0,0,2,0,332,,,,
12003,Major Annulling Spell,3300,120,121,122,160,161,0,0,0,256,0,0,2,0,332,,,,
12004,Minor Consuming Spell,3300,120,121,122,160,161,0,0,0,256,0,0,2,0,332,,,,
12005,Consuming Spell,3300,120,121,122,160,161,150,0,0,257,0,0,2,0,332,,,,
12006,Major Consuming Spell,3301,120,121,122,160,161,150,0,0,257,0,0,2,0,332,,,,
12007,Minor Dismantling Spell,3301,120,121,122,160,161,150,0,0,257,0,0,2,0,332,,,,
12008,Dismantling Spell,3301,120,121,122,160,161,151,0,0,258,0,0,2,0,332,,,,
12009,Major Dismantling Spell,3302,120,121,122,160,161,151,0,0,259,0,0,2,0,332,,,,
12010,Minor Crushing Spell,3303,120,121,122,160,161,151,0,0,259,0,0,2,0,332,,,,
12011,Crushing Spell,3304,120,121,122,160,161,151,0,0,259,0,0,2,0,332,,,,
12012,Major Crushing Spell,3304,120,121,122,160,161,151,0,0,259,0,0,2,0,332,,,,
;,,,,,,,,,,,,,,,,,,,,
12015,Cursed Blast,3310,120,121,122,261,262,0,0,499,426,0,0,25,0,332,,,,
12016,Cursed Burst,3310,120,121,122,261,262,0,0,499,426,0,0,25,0,332,,,,
12017,Cursed Explosion,3310,120,121,122,261,262,0,0,499,426,0,0,25,0,332,,,,
12018,Cursed Mortar,3311,120,121,122,261,262,0,0,499,426,0,0,25,0,332,,,,
12019,Cursed Bomb,3311,120,121,122,261,262,0,0,499,426,0,0,25,0,332,,,,
12020,Cursed Ruination,3312,120,121,122,261,262,0,0,500,426,0,0,25,0,332,,,,
12021,Cursed Destruction,3312,120,121,122,261,262,0,0,500,427,0,0,25,0,332,,,,
12022,Cursed Devastation,3313,120,121,122,261,262,0,0,501,427,0,0,25,0,332,,,,
12023,Cursed Annihilation,3314,120,121,122,261,262,0,0,501,427,0,0,25,0,332,,,,
;,,,,,,,,,,,,,,,,,,,,
12025,Conjured Bubble,3321,120,121,122,218,219,230,0,0,343,0,0,24,0,332,,,,
;,,,,,,,,,,,,,,,,,,,,
12030,Fascinating Buffer,3332,120,121,122,160,161,0,0,0,158,0,0,9,0,332,,,,
12031,Magical Buffer,3334,120,121,122,160,161,0,0,0,283,0,0,9,0,332,,,,
;,,,,,,,,,,,,,,,,,,,,
12035,Major Shield,3340,120,121,122,160,161,0,0,0,158,0,0,9,0,332,,,,
12036,Greater Shield,3341,120,121,122,160,161,0,0,0,158,272,0,9,0,332,,,,
12037,Superior Shield,3341,120,121,122,160,161,0,0,0,282,0,0,9,0,332,,,,
12038,Minor Barricade,3341,120,121,122,160,161,0,0,0,282,272,0,9,0,332,,,,
12039,Lesser Barricade,3342,120,121,122,160,161,0,0,0,183,0,0,9,0,332,,,,
12040,Major Barricade,3343,120,121,122,160,161,0,0,0,183,254,0,9,0,332,,,,
12041,Greater Barricade,3344,120,121,122,160,161,0,0,0,184,0,0,9,0,332,,,,
12042,Superior Barricade,3344,120,121,122,160,161,0,0,0,184,254,0,9,0,332,,,,
;,,,,,,,,,,,,,,,,,,,,
;12050,Cursing,,,,,,,,,,,,,,,,,,,
12051,Curse of Unmaking,3350,120,121,122,160,161,0,0,0,486,0,0,2,0,332,,,,
12052,Curse of Hurt,3350,120,121,122,160,161,0,0,0,486,0,0,2,0,332,,,,
12053,Curse of Pain,3350,120,121,122,160,161,0,0,0,486,0,0,2,0,332,,,,
12054,Curse of Detriment,3351,120,121,122,160,161,0,0,0,487,0,0,2,0,332,,,,
12055,Curse of Destruction,3351,120,121,122,160,161,0,0,0,487,0,0,2,0,332,,,,
12056,Curse of Ruin,3351,120,121,122,160,161,0,0,0,488,0,0,2,0,332,,,,
12057,Curse of Peril,3352,120,121,122,160,161,0,0,0,488,0,0,2,0,332,,,,
12058,Curse of Devastation,3352,120,121,122,160,161,0,0,0,489,0,0,2,0,332,,,,
12059,Curse of Disaster,3353,120,121,122,160,161,0,0,0,490,0,0,2,0,332,,,,
12060,Curse of Death,3354,120,121,122,160,161,0,0,0,491,0,0,2,0,332,,,,
;,,,,,,,,,,,,,,,,,,,,
12065,Lesser Bolt of Ruin,3360,120,121,122,261,262,0,0,499,426,0,0,25,0,332,,,,
12066,Greater Bolt of Ruin,3360,120,121,122,261,262,0,0,499,426,0,0,25,0,332,,,,
12067,Lesser Bolt of Havoc,3360,120,121,122,261,262,0,0,499,426,0,0,25,0,332,,,,
12068,Greater Bolt of Havoc,3361,120,121,122,261,262,0,0,499,426,0,0,25,0,332,,,,
12069,Lesser Bolt of Destruction,3361,120,121,122,261,262,0,0,500,427,0,0,25,0,332,,,,
12070,Bolt of Destruction,3361,120,121,122,261,262,0,0,500,427,0,0,25,0,332,,,,
12071,Greater Bolt of Destruction,3362,120,121,122,261,262,0,0,500,427,0,0,25,0,332,,,,
12072,Lesser Bolt of Death,3362,120,121,122,261,262,0,0,500,428,0,0,25,0,332,,,,
12073,Bolt of Death,3363,120,121,122,261,262,0,0,501,428,0,0,25,0,332,,,,
12074,Greater Bolt of Death,3364,120,121,122,261,262,0,0,501,428,0,0,25,0,332,,,,
;,,,,,,,,,,,,,,,,,,,,
12075,Spell of Minor Mending,3370,120,121,122,218,219,0,0,0,220,0,0,2,0,332,,,,
12076,Spell of Mending,3370,120,121,122,218,219,0,0,0,220,0,0,2,0,332,,,,
12077,Spell of Greater Mending,3370,120,121,122,218,219,0,0,0,220,0,0,2,0,332,,,,
12078,Spell of Minor Renewal,3371,120,121,122,218,219,0,0,0,220,0,0,2,0,332,,,,
12079,Spell of Renewal,3371,120,121,122,218,219,0,0,0,221,0,0,2,0,332,,,,
12080,Spell of Greater Renewal,3372,120,121,122,218,219,0,0,0,221,0,0,2,0,332,,,,
12081,Spell of Minor Healing,3372,120,121,122,218,219,0,0,0,221,0,0,2,0,332,,,,
12082,Spell of Healing,3372,120,121,122,218,219,0,0,0,222,0,0,2,0,332,,,,
12083,Spell of Greater Healing,3374,120,121,122,218,219,0,0,0,222,0,0,2,0,332,,,,
;,,,,,,,,,,,,,,,,,,,,
12085,Cursed Grasping Root,3380,120,121,122,251,252,0,0,0,53,0,0,27,0,332,,,,
12086,Cursed Bonding Root,3381,120,121,122,251,252,0,0,0,53,0,0,27,0,332,,,,
12087,Cursed Webbing Root,3381,120,121,122,251,252,0,0,0,53,0,0,27,0,332,,,,
12088,Cursed Clutching Root,3382,120,121,122,251,252,0,0,0,53,0,0,27,0,332,,,,
12089,Cursed Holding Root,3382,120,121,122,251,252,0,0,0,263,0,0,27,0,332,,,,
12090,Cursed Tangling Root,3382,120,121,122,251,252,0,0,0,263,0,0,27,0,332,,,,
12091,Cursed Tenacious Root,3383,120,121,122,251,252,0,0,0,263,0,0,27,0,332,,,,
12092,Cursed Detaining Root,3384,120,121,122,251,252,0,0,0,263,0,0,27,0,332,,,,
;,,,,,,,,,,,,,,,,,,,,
;12100,Hexing,,,,,,,,,,,,,,,,,,,
12101,Lesser Beguiled Pain,3390,120,121,122,160,161,0,0,0,101,0,0,9,0,332,,,,
12102,Beguiled Pain,3390,120,121,122,160,161,0,0,0,101,0,0,9,0,332,,,,
12103,Greater Beguiled Pain,3390,120,121,122,160,161,0,0,0,129,0,0,9,0,332,,,,
12104,Lesser Beguiled Injury,3391,120,121,122,160,161,0,0,0,129,0,0,9,0,332,,,,
12105,Beguiled Injury,3391,120,121,122,160,161,0,0,0,441,0,0,9,0,332,,,,
12106,Greater Beguiled Injury,3392,120,121,122,160,161,0,0,0,441,0,0,9,0,332,,,,
12107,Lesser Beguiled Hex,3393,120,121,122,160,161,0,0,0,441,0,0,9,0,332,,,,
12108,Beguiled Hex,3394,120,121,122,160,161,0,0,0,442,0,0,9,0,332,,,,
12109,Greater Beguiled Hex,3394,120,121,122,160,161,0,0,0,442,0,0,9,0,332,,,,
;,,,,,,,,,,,,,,,,,,,,
12110,Infernal Sore,3305,120,121,122,59,76,57,0,0,65,0,0,13,0,332,,,,
12111,Infernal Eruption,3305,120,121,122,59,76,57,0,0,65,0,0,13,0,332,,,,
12112,Infernal Rot,3306,120,121,122,59,76,57,0,0,65,0,0,13,0,332,,,,
12113,Infernal Degeneration,3307,120,121,122,59,76,57,0,0,65,0,0,13,0,332,,,,
12114,Infernal Infection,3309,120,121,122,59,76,79,0,0,65,0,0,13,0,332,,,,
12115,Infernal Erosion,3309,120,121,122,59,76,79,0,0,66,0,0,13,0,332,,,,
;,,,,,,,,,,,,,,,,,,,,
12120,Spell of Creeping,3316,120,121,122,251,252,0,0,0,53,0,0,27,0,332,,,,
12121,Spell of Slowness,3316,120,121,122,251,252,0,0,0,53,0,0,27,0,332,,,,
12122,Spell of Languoring,3316,120,121,122,251,252,0,0,0,53,0,0,27,0,332,,,,
12123,Spell of Lumbering,3317,120,121,122,251,252,0,0,0,53,0,0,27,0,332,,,,
12124,Spell of Sluggishness,3318,120,121,122,251,252,0,0,0,53,0,0,27,0,332,,,,
12125,Spell of Crawling,3319,120,121,122,251,252,0,0,0,263,0,0,27,0,332,,,,
12126,Frog,2787,0,0,0,0,0,0,0,0,407,0,0,0,0,332,,,,
;,,,,,,,,,,,,,,,,,,,,
12129,Unmake Perception,3325,120,121,122,160,161,0,0,0,154,0,0,2,0,332,,,,
12130,Unmake Vision,3326,120,121,122,160,161,0,0,0,154,0,0,2,0,332,,,,
12131,Unmake Seeing,3327,120,121,122,160,161,0,0,0,154,0,0,2,0,332,,,,
12132,Unmake Sight,3328,120,121,122,160,161,0,0,0,154,0,0,2,0,332,,,,
;,,,,,,,,,,,,,,,,,,,,
12135,Charmed Gift of Health,3338,120,121,122,1,2,0,0,0,232,0,0,8,0,332,,,,
12136,Charmed Boon of Health,3338,120,121,122,1,2,0,0,0,232,308,0,8,0,332,,,,
12137,Charmed Favor of Health,3339,120,121,122,1,2,0,0,0,232,310,0,8,0,332,,,,
;,,,,,,,,,,,,,,,,,,,,
12140,Spell Burst,3346,120,121,122,160,161,0,412,0,88,0,0,21,88,332,,,,
12141,Spell Blast,3346,120,121,122,160,161,0,412,0,88,0,0,21,88,332,,,,
12142,Spellbinder's Burst,3348,120,121,122,160,161,0,413,0,88,0,0,21,88,332,,,,
12143,Spellbinder's Blast,3349,120,121,122,160,161,0,413,0,88,0,0,21,88,332,,,,
;,,,,,,,,,,,,,,,,,,,,
12145,Spell of Regeneration,3357,120,121,122,1,2,0,0,0,180,130,0,8,0,332,,,,
12146,Spell of Power,3359,120,121,122,1,2,0,0,0,181,130,0,8,0,332,,,,
;,,,,,,,,,,,,,,,,,,,,
;12150,Witchcraft,,,,,,,,,,,,,,,,,,,
12151,Capsule of Minor Fate,3365,117,118,119,59,76,0,0,0,0,0,0,37,0,332,,,,
12152,Capsule of Restraint,3366,117,118,119,59,76,0,0,0,0,0,0,37,0,332,,,,
12153,Capsule of Destruction,3367,117,118,119,59,76,0,0,0,0,0,0,37,0,332,,,,
12154,Capsule of Fate,3368,117,118,119,59,76,0,0,0,0,0,0,37,0,332,,,,
12155,Capsule of Greater Fate,3369,117,118,119,59,76,0,0,0,0,0,0,37,0,332,,,,
;,,,,,,,,,,,,,,,,,,,,
12160,Pure Cast,3375,120,121,122,218,219,0,230,0,0,0,0,1,0,332,,,,
12161,Fluent Cast,3376,120,121,122,218,219,0,230,0,0,0,0,1,0,332,,,,
12162,Skillful Cast,3377,120,121,122,218,219,0,230,0,0,0,0,1,0,332,,,,
12163,Masterful Cast,3379,120,121,122,218,219,0,230,0,0,0,0,1,0,332,,,,
;,,,,,,,,,,,,,,,,,,,,
12165,Steady Cast,3385,120,121,122,55,69,0,18,0,0,0,0,10,0,332,,,,
12166,Fixed Cast,3386,120,121,122,55,69,0,18,0,0,0,0,10,0,332,,,,
12167,Fortified Cast,3387,120,121,122,55,69,0,18,0,0,0,0,10,0,332,,,,
12168,Anchored Cast,3388,120,121,122,55,69,0,18,0,0,0,0,10,0,332,,,,
12169,Unshakable Cast,3389,120,121,122,55,69,0,18,0,0,0,0,10,0,332,,,,
;,,,,,,,,,,,,,,,,,,,,
12170,Enduring Range,3395,120,121,122,55,69,0,19,0,0,0,0,1,0,332,,,,
12171,Expanded Range,3395,120,121,122,55,69,0,19,0,0,0,0,1,0,332,,,,
12172,Extended Range,3397,120,121,122,55,69,0,19,0,0,0,0,1,0,332,,,,
12173,Boundless Range,3398,120,121,122,55,69,0,19,0,0,0,0,1,0,332,,,,
12174,Sustained Range,3399,120,121,122,55,69,0,19,0,0,0,0,1,0,332,,,,
12175,Perennial Range,3399,120,121,122,55,69,0,19,0,0,0,0,1,0,332,,,,
;,,,,,,,,,,,,,,,,,,,,
,Cursing Dexable DD (1.98),,,,,,,,,,,,,,,,,,,
12176,Lesser Twisting Curse,1826,120,121,122,160,161,0,0,0,486,0,0,2,0,332,,,,
12177,Twisting Curse,1827,120,121,122,160,161,0,0,0,487,0,0,2,0,332,,,,
12178,Lesser Winding Curse,1827,120,121,122,160,161,0,0,0,488,0,0,2,0,332,,,,
12179,Winding Curse,1828,120,121,122,160,161,0,0,0,488,0,0,2,0,332,,,,
12180,Lesser Wrenching Curse,1828,120,121,122,160,161,0,0,0,489,0,0,2,0,332,,,,
12181,Wrenching Curse,1829,120,121,122,160,161,0,0,0,489,0,0,2,0,332,,,,
12182,Lesser Warping Curse,1829,120,121,122,160,161,0,0,0,490,0,0,2,0,332,,,,
12183,Warping Curse,1830,120,121,122,160,161,0,0,0,491,0,0,2,0,332,,,,
,Hexing Primary LT (1.98),,,,,,,,,,,,,,,,,,,
12184,Molding Hex,1831,120,121,122,160,161,0,0,0,101,0,0,9,0,332,,,,
12185,Rotting Hex,1831,120,121,122,160,161,0,0,0,101,0,0,9,0,332,,,,
12186,Dissolving Hex,1832,120,121,122,160,161,0,0,0,101,0,0,9,0,332,,,,
12187,Decaying Hex,1833,120,121,122,160,161,0,0,0,129,0,0,9,0,332,,,,
12188,Decomposing Hex,1833,120,121,122,160,161,0,0,0,129,0,0,9,0,332,,,,
12189,Polluting Hex,1834,120,121,122,160,161,0,0,0,441,0,0,9,0,332,,,,
12190,Corruping Hex,1835,120,121,122,160,161,0,0,0,441,0,0,9,0,332,,,,
12191,Putrifying Hex,1835,120,121,122,160,161,0,0,0,442,0,0,9,0,332,,,,
,Witchcraft Heal Bolt (1.98),,,,,,,,,,,,,,,,,,,
12192,Lesser Bolt of Mending,1836,120,121,122,218,219,0,0,0,220,0,0,2,0,332,,,,
12193,Bolt of Mending,1836,120,121,122,218,219,0,0,0,220,0,0,2,0,332,,,,
12194,Lesser Bolt of Renewal,1837,120,121,122,218,219,0,0,0,220,0,0,2,0,332,,,,
12195,Bolt of Renewal,1838,120,121,122,218,219,0,0,0,221,0,0,2,0,332,,,,
12196,Lesser Bolt of Healing,1838,120,121,122,218,219,0,0,0,221,0,0,2,0,332,,,,
12197,Bolt of Healing,1839,120,121,122,218,219,0,0,0,221,0,0,2,0,332,,,,
12198,Greater Bolt of Healing,1840,120,121,122,218,219,0,0,0,222,0,0,2,0,332,,,,
,Witchcraft Powerless Primer (1.98),,,,,,,,,,,,,,,,,,,
12199,Artistic Cast,3378,120,121,122,218,219,0,230,0,0,0,0,1,0,332,,,,
;,,,,,,,,,,,,,,,,,,,,
;,End Warlock,,,,,,,,,,,,,,,,,2,,
;,,,,,,,,,,,,,,,,,,2,,
;,,,,,,,,,,,,,,,,,,2,,
;,Valkyrie,,,,,,,,,,,,,,,,,2,,
;12500,Odin's Will,,,,,,,,,,,,,,,,,2,,
12501,Odin's Hoof,3420,38,39,40,145,146,0,0,0,431,0,0,10,0,332,,2,,
12502,Odin's Greater Hoof,3420,38,39,40,145,146,0,0,0,431,0,0,10,0,332,,2,,
12503,Odin's Bite,3420,38,39,40,145,146,0,0,0,431,0,0,10,0,332,,2,,
12504,Odin's Greater Bite,3421,38,39,40,145,146,0,0,0,432,0,0,10,0,332,,2,,
12505,Odin's Horn,3421,38,39,40,145,146,0,0,0,432,0,0,10,0,332,,2,,
12506,Odin's Greater Horn,3422,38,39,40,145,146,0,0,0,432,0,0,10,0,332,,,,
12507,Odin's Ram,3423,38,39,40,145,146,0,0,0,433,0,0,10,0,332,,2,,
12508,Odin's Greater Ram,3424,38,39,40,145,146,0,0,0,433,0,0,10,0,332,,2,,
12509,Odin's Heel,3420,38,39,40,145,146,0,0,0,433,0,0,10,0,332,,2,,
;,,,,,,,,,,,,,,,,,,2,,
12510,Odin's Minor Retribution,3430,38,39,40,124,125,0,408,0,50,0,408,2,50,332,,2,,
12511,Odin's Lesser Retribution,3431,38,39,40,124,125,0,408,0,50,0,408,2,50,332,,,,
12512,Odin's Retribution,3432,38,39,40,124,125,0,408,0,50,0,408,2,50,332,,2,,
12513,Odin's Greater Retribution,3433,38,39,40,124,125,0,408,0,101,0,408,2,101,332,,2,,
12514,Odin's Major Retribution,3434,38,39,40,124,125,0,408,0,101,0,408,2,101,332,,2,,
;,,,,,,,,,,,,,,,,,,2,,
12515,Call from Valhalha,3444,38,39,40,1,2,0,0,0,15,0,0,8,0,332,,2,,
;,,,,,,,,,,,,,,,,,,,,
12520,Odin's Minor Aura,3450,38,39,40,98,99,0,0,0,431,0,0,10,0,332,,2,,
12521,Odin's Lesser Aura,3451,38,39,40,98,99,0,0,0,431,0,0,10,0,332,,2,,
12522,Odin's Aura,3452,38,39,40,98,99,0,0,0,432,0,0,10,0,332,,2,,
12523,Odin's Greater Aura,3453,38,39,40,98,99,0,0,0,432,0,0,10,0,332,,2,,
12524,Odin's Full Aura,3454,38,39,40,98,99,0,0,0,433,0,0,10,0,332,,2,,
;,,,,,,,,,,,,,,,,,,2,,
12525,Valhalla's Scorn,3460,47,48,49,160,161,0,408,0,88,0,0,21,88,332,,2,,
12526,Valhalla's Despite,3461,47,48,49,160,161,0,408,0,88,0,0,21,88,332,,2,,
12527,Valhalla's Contempt,3462,47,48,49,160,161,0,408,0,88,0,0,21,88,332,,2,,
12528,Valhalla's Disdain,3463,47,48,49,160,161,0,408,0,88,0,0,21,88,332,,,,
12529,Valhalla's Scorn,3464,47,48,49,160,161,0,408,0,88,0,0,21,88,332,,2,,
;,,,,,,,,,,,,,,,,,,2,,
12530,Vindictive Nip,3473,35,36,37,59,76,0,409,0,422,0,0,26,422,332,,2,,
12531,Vindictive Bite,3474,35,36,37,59,76,0,409,0,422,0,0,26,422,332,,2,,
12532,Vindictive Graze,3471,35,36,37,59,76,0,409,0,422,0,0,26,422,332,,2,,
12533,Vindictive Laceration,3472,35,36,37,59,76,0,409,0,422,0,0,26,422,332,,2,,
;,,,,,,,,,,,,,,,,,,2,,
12535,Valkryie's Command,3483,32,33,34,55,69,0,410,0,420,0,0,2,420,332,,,,
12536,Valkyrie's Dominance,3484,32,33,34,55,69,0,410,0,420,0,0,2,420,332,,2,,
12537,Valkyrie's Authority,3481,32,33,34,55,69,0,410,0,420,0,0,2,420,332,,2,,
12538,Valkyrie's Supremecy,3482,32,33,34,55,69,0,410,0,420,0,0,2,420,332,,2,,
;,,,,,,,,,,,,,,,,,,2,,
12540,Odin's Restraint,3491,35,36,37,1,2,0,411,0,369,0,0,26,369,332,,2,,
12541,Odin's Restriction,3492,35,36,37,1,2,0,411,0,369,0,0,26,369,332,,,,
12542,Odin's Impediment,3493,35,36,37,1,2,0,411,0,369,0,0,26,369,332,,2,,
12543,Odin's Hinderence,3494,35,36,37,1,2,0,411,0,369,0,0,26,369,332,,2,,
;,,,,,,,,,,,,,,,,,,,,
12550,Odin's Minor Aura Proc,3450,0,0,0,0,0,0,0,0,431,0,0,10,0,,,,,
12551,Odin's Lesser Aura Proc,3451,0,0,0,0,0,0,0,0,431,0,0,10,0,,,2,,
12552,Odin's Aura Proc,3452,0,0,0,0,0,0,0,0,432,0,0,10,0,,,2,,
12553,Odin's Greater Aura Proc,3453,0,0,0,0,0,0,0,0,432,0,0,10,0,,,2,,
12554,Odin's Full Aura Proc,3454,0,0,0,0,0,0,0,0,433,0,0,10,0,,,2,,
;,,,,,,,,,,,,,,,,,,2,,
;,,,,,,,,,,,,,,,,,,,,
;,End Valkyrie,,,,,,,,,,,,,,,,,2,,
;,,,,,,,,,,,,,,,,,,2,,
;,,,,,,,,,,,,,,,,,,2,,
;,,,,,,,,,,,,,,,,,,2,,
;,HIBERNIA CATACOMBS,,,,,,,,,,,,,,,,,2,,
;,,,,,,,,,,,,,,,,,,2,,
;,,,,,,,,,,,,,,,,,,2,,
;,,,,,,,,,,,,,,,,,,,,
;,,,,,,,,,,,,,,,,,,2,,
;,Vampiir,,,,,,,,,,,,,,,,,2,,
;13000,Shadow Mastery,,,,,,,,,,,,,,,,,2,,
13001,Dulling Embrace,3205,35,36,37,0,0,0,505,0,84,0,0,27,0,332,,,,
13002,Taxing Embrace,3205,35,36,37,0,0,0,505,0,84,0,0,27,0,332,,2,,
13003,Tiring Embrace,3206,35,36,37,0,0,0,505,0,84,0,0,27,0,332,,2,,
13004,Fatiguing Embrace,3206,35,36,37,0,0,0,505,0,84,0,0,27,0,332,,2,,
13005,Weakening Embrace,3207,35,36,37,0,0,0,505,0,84,0,0,27,0,332,,2,,
13006,Grueling Embrace,3207,35,36,37,0,0,0,505,0,84,0,0,27,0,332,,2,,
13007,Enervating Embrace,3208,35,36,37,0,0,0,505,0,84,0,0,27,0,332,,2,,
13008,Burdening Embrace,3208,35,36,37,0,0,0,505,0,84,0,0,27,0,332,,2,,
13009,Draining Embrace,3209,35,36,37,0,0,0,505,0,84,0,0,27,0,332,,2,,
13010,Exhausting Embrace,3209,35,36,37,0,0,0,505,0,84,0,0,27,0,332,,2,,
;,,,,,,,,,,,,,,,,,,2,,
13015,Recuperation,3280,41,42,43,471,472,0,0,0,475,0,0,8,0,332,,,,
13016,Restoration,3281,41,42,43,471,472,0,0,0,475,0,0,8,0,332,,2,,
13017,Renewal,3282,41,42,43,471,472,0,0,0,475,0,0,8,0,332,,2,,
13018,Regeneration,3283,41,42,43,471,472,0,0,0,475,0,0,8,0,332,,2,,
13019,Greater Regeneration,3284,41,42,43,471,472,0,0,0,475,0,0,8,0,332,,2,,
;,,,,,,,,,,,,,,,,,,2,,
13020,Vampiir's Sprint,3200,47,48,49,251,252,0,0,0,172,16,0,15,0,332,,2,,
13021,Vampiir's Speed,3201,47,48,49,251,252,0,0,0,172,16,0,15,0,332,,2,,
13022,Vampiir's Stride,3202,47,48,49,251,252,0,0,0,172,16,0,15,0,332,,2,,
13023,Vampiir's Rush,3203,47,48,49,251,252,0,0,0,172,16,0,15,0,332,,2,,
13024,Vampiir's Charge,3204,47,48,49,251,252,0,0,0,172,16,0,15,0,332,,,,
;,,,,,,,,,,,,,,,,,,2,,
13025,Heated Claw,3425,47,48,49,471,472,0,473,0,474,0,0,19,0,332,,2,,
13026,Fiery Claw,3425,47,48,49,471,472,0,473,0,474,0,0,19,0,332,,2,,
13027,Smoltering Claw,3426,47,48,49,471,472,0,473,0,474,0,0,19,0,332,,,,
13028,Flaring Claw,3426,47,48,49,471,472,0,473,0,474,0,0,19,0,332,,2,,
13029,Scorching Claw,3427,47,48,49,471,472,0,473,0,474,0,0,19,0,332,,2,,
13030,Sweltering Claw,3427,47,48,49,471,472,0,473,0,474,0,0,19,0,332,,2,,
13031,Burning Claw,3428,47,48,49,471,472,0,473,0,474,0,0,19,0,332,,,,
13032,Searing Claw,3428,47,48,49,471,472,0,473,0,474,0,0,19,0,332,,,,
13033,Blazing Claw,3429,47,48,49,471,472,0,473,0,474,0,0,19,0,332,,2,,
;,,,,,,,,,,,,,,,,,,2,,
13035,Resist Attack,2015,35,36,37,471,472,0,0,0,313,0,0,9,0,332,,2,,
13036,Deflect Attack,2015,35,36,37,471,472,0,0,0,313,0,0,9,0,332,,2,,
13037,Avert Attack,2016,35,36,37,471,472,0,0,0,313,0,0,9,0,332,,2,,
13038,Divert Attack,2016,35,36,37,471,472,0,0,0,313,0,0,9,0,332,,,,
13039,Deter Attack,2017,35,36,37,471,472,0,0,0,313,0,0,9,0,332,,2,,
13040,Foil Attack,2018,35,36,37,471,472,0,0,0,313,0,0,9,0,332,,2,,
13041,Negate Attack,2019,35,36,37,471,472,0,0,0,313,0,0,9,0,332,,2,,
;,,,,,,,,,,,,,,,,,,2,,
13045,Darkened Swiftness,3220,35,36,37,160,161,0,0,0,17,460,0,10,0,332,,2,,
13046,Darkened Quickness,3221,35,36,37,160,161,0,0,0,17,460,0,10,0,332,,,,
13047,Darkened Alacrity,3222,35,36,37,160,161,0,0,0,17,461,0,10,0,332,,2,,
13048,Darkened Urgency,3223,35,36,37,160,161,0,0,0,17,461,0,10,0,332,,2,,
13049,Darkened Haste,3224,35,36,37,160,161,0,0,0,17,462,0,10,0,332,,2,,
;,,,,,,,,,,,,,,,,,,2,,
13055,Voice of Shock,3258,35,36,37,471,472,0,0,0,112,0,0,41,0,332,,2,,
13056,Voice of Horror,3259,35,36,37,471,472,0,0,0,113,0,0,41,0,332,,,,
;,,,,,,,,,,,,,,,,,,2,,
;13060,Vampiiric Embrace,,,,,,,,,,,,,,,,,2,,
13061,Minor Force,3530,35,36,37,251,252,0,0,0,313,0,0,9,0,332,,2,,
13062,Force,3531,35,36,37,251,252,0,0,0,313,0,0,9,0,332,,,,
13063,Greater Force,3532,35,36,37,251,252,0,0,0,313,0,0,9,0,332,,2,,
13064,Major Force,3533,35,36,37,251,252,0,0,0,313,0,0,9,0,332,,2,,
13065,Maximum Force,3534,35,36,37,251,252,0,0,0,313,0,0,9,0,332,,2,,
;,,,,,,,,,,,,,,,,,,2,,
13070,Shadow's Reflex,2020,32,33,34,160,161,0,0,0,465,460,0,13,0,332,,,,
13071,Shadow's Quickness,2020,32,33,34,160,161,0,0,0,465,460,0,13,0,332,,2,,
13072,Shadow's Agility,2021,32,33,34,160,161,0,0,0,465,460,0,13,0,332,,2,,
13073,Shadow's Acuteness,2021,32,33,34,160,161,0,0,0,465,461,0,13,0,332,,2,,
13074,Shadow's Nimbleness,2022,32,33,34,160,161,0,0,0,466,461,0,13,0,332,,2,,
13075,Shadow's Fleetness,2023,32,33,34,160,161,0,0,0,466,461,0,13,0,332,,2,,
13076,Shadow's Swiftness,2024,32,33,34,160,161,0,0,0,466,462,0,13,0,332,,2,,
;,,,,,,,,,,,,,,,,,,,,
13080,Call of the Raven,3246,44,45,46,160,161,0,0,0,154,0,0,9,0,332,,2,,
13081,Vengeance of the Raven,3247,44,45,46,160,161,0,0,0,154,0,0,9,0,332,,,,
13082,Wrath of the Raven,3248,44,45,46,160,161,0,0,0,154,0,0,9,0,332,,2,,
;,,,,,,,,,,,,,,,,,,2,,
13085,Vampiir's Heat,3215,32,33,34,124,125,0,0,0,467,0,0,19,0,332,,2,,
13086,Vampiir's Sparks,3215,32,33,34,124,125,0,0,0,467,0,0,19,0,332,,2,,
13087,Vampiir's Embers,3216,32,33,34,124,125,0,0,0,467,0,0,19,0,332,,2,,
13088,Vampiir's Flare,3216,32,33,34,124,125,0,0,0,467,0,0,19,0,332,,2,,
13089,Vampiir's Flame,3217,32,33,34,124,125,0,0,0,467,0,0,19,0,332,,2,,
13090,Vampiir's Fire,3217,32,33,34,124,125,0,0,0,467,0,0,19,0,332,,2,,
13091,Vampiir's Pyre,3218,32,33,34,124,125,0,0,0,467,0,0,19,0,332,,2,,
13092,Vampiir's Blaze,3218,32,33,34,124,125,0,0,0,467,0,0,19,0,332,,,,
13093,Vampiir's Combustion,3219,32,33,34,124,125,0,0,0,467,0,0,19,0,332,,2,,
13094,Vampiir's Inferno,3219,32,33,34,124,125,0,0,0,467,0,0,19,0,332,,2,,
;,,,,,,,,,,,,,,,,,,2,,
13100,Cutting Claw,3435,47,48,49,471,472,0,473,0,474,0,0,36,0,332,,,,
13101,Slicing Claw,3435,47,48,49,471,472,0,473,0,474,0,0,36,0,332,,,,
13102,Fragmenting Claw,3436,47,48,49,471,472,0,473,0,474,0,0,36,0,332,,,,
13103,Lacerating Claw,3436,47,48,49,471,472,0,473,0,474,0,0,36,0,332,,2,,
13104,Tearing Claw,3437,47,48,49,471,472,0,473,0,474,0,0,36,0,332,,2,,
13105,Slashing Claw,3437,47,48,49,471,472,0,473,0,474,0,0,36,0,332,,2,,
13106,Piercing Claw,3438,47,48,49,471,472,0,473,0,474,0,0,36,0,332,,2,,
13107,Thrusting Claw,3439,47,48,49,471,472,0,473,0,474,0,0,36,0,332,,2,,
13108,Hacking Claw,3439,47,48,49,471,472,0,473,0,474,0,0,36,0,332,,2,,
;,,,,,,,,,,,,,,,,,,2,,
13110,Vampiiric Awareness,3241,32,33,34,1,2,0,0,0,310,18,0,10,0,332,,2,,
13111,Vampiiric Sight,3242,32,33,34,1,2,0,0,0,310,18,0,10,0,332,,,,
13112,Vampiiric Senses,3243,32,33,34,1,2,0,0,0,310,18,0,10,0,332,,,,
;,,,,,,,,,,,,,,,,,,,,
13115,Suppress,3287,32,33,34,471,472,0,0,0,78,0,301,26,0,332,,,,
13116,Subdue,3288,32,33,34,471,472,0,0,0,78,0,301,26,0,332,,,,
13117,Neutralize,3289,32,33,34,471,472,0,0,0,78,0,301,26,0,332,,,,
;,,,,,,,,,,,,,,,,,,,,
13120,Dementia,,,,,,,,,,,,,,,,,,,
13121,Hardened Skin,1265,32,33,34,1,2,0,0,0,35,0,0,18,0,332,,,,
13122,Solidified Skin,1266,32,33,34,1,2,0,0,0,35,0,0,18,0,332,,,,
13123,Fortified Skin,1267,32,33,34,1,2,0,0,0,35,0,0,18,0,332,,,,
13124,Impenetrable Skin,1268,32,33,34,1,2,0,0,0,35,0,0,18,0,332,,,,
13125,Impervious Skin,1269,32,33,34,1,2,0,0,0,35,0,0,18,0,332,,,,
;,,,,,,,,,,,,,,,,,,,,
13130,Resist Magic,3231,32,33,34,160,161,0,0,0,283,0,0,9,0,332,,,,
13131,Deflect Magic,3231,32,33,34,160,161,0,0,0,283,0,0,9,0,332,,,,
13132,Avert Magic,3232,32,33,34,160,161,0,0,0,283,0,0,9,0,332,,,,
13133,Negate Magic,3233,32,33,34,160,161,0,0,0,283,0,0,9,0,332,,,,
13134,Destroy Magic,3234,32,33,34,160,161,0,0,0,283,0,0,9,0,332,,,,
;,,,,,,,,,,,,,,,,,,,,
13135,Wither Defense,3225,32,33,34,471,472,0,0,0,0,0,0,0,0,332,,,,
13136,Cancel Defenses,3226,32,33,34,471,472,0,0,0,0,0,0,0,0,332,,,,
13137,Negate Defenses,3227,32,33,34,471,472,0,0,0,0,0,0,0,0,332,,,,
13138,Remove Defenses,3228,32,33,34,471,472,0,0,0,0,0,0,0,0,332,,,,
13139,Destroy Defenses,3229,32,33,34,471,472,0,0,0,0,0,0,0,0,332,,,,
;,,,,,,,,,,,,,,,,,,,,
13145,Mesmerizing Glare,3267,32,33,34,55,69,0,0,0,86,0,0,27,227,332,,,,
13146,Mesmerizing Scowl,3268,32,33,34,55,69,0,0,0,87,0,0,27,227,332,,,,
13147,Mesmerizing Glower,3269,32,33,34,55,69,0,0,0,87,0,0,27,227,332,,,,
;,,,,,,,,,,,,,,,,,,,,
13150,Impress Dread,3276,35,36,37,471,472,0,0,0,277,0,0,40,85,332,,,,
13151,Impress Ambiguity,3277,35,36,37,471,472,0,0,0,277,0,0,40,85,332,,,,
13152,Impress Confusion,3278,35,36,37,471,472,0,0,0,277,0,0,40,85,332,,,,
13153,Impress Amnesia,3279,35,36,37,471,472,0,0,0,277,0,0,40,85,332,,,,
;,,,,,,,,,,,,,,,,,,,,
13155,Hinder Senses,3295,35,36,37,160,161,0,0,0,16,0,0,2,85,332,,,,
13156,Weaken Senses,3295,35,36,37,160,161,0,0,0,16,0,0,2,85,332,,,,
13157,Diminish Senses,3296,35,36,37,160,161,0,0,0,16,0,0,2,85,332,,,,
13158,Abate Senses,3297,35,36,37,160,161,0,0,0,16,0,0,2,85,332,,,,
13159,Banish Senses,3298,35,36,37,160,161,0,0,0,16,0,0,2,85,332,,,,
13160,Devastate Senses,3299,35,36,37,160,161,0,0,0,16,0,0,2,85,332,,,,
;,,,,,,,,,,,,,,,,,,,,
13165,Self Destruction,3504,35,36,37,55,69,0,0,0,102,0,0,40,295,332,,,,
;,,,,,,,,,,,,,,,,,,,,
13170,Chilled Claw,3415,47,48,49,471,472,0,473,0,474,0,0,20,0,332,,,,
13171,Icy Claw,3415,47,48,49,471,472,0,473,0,474,0,0,20,0,332,,,,
13172,Frigid Claw,3416,47,48,49,471,472,0,473,0,474,0,0,20,0,332,,,,
13173,Freezing Claw,3417,47,48,49,471,472,0,473,0,474,0,0,20,0,332,,,,
13174,Bitter Claw,3417,47,48,49,471,472,0,473,0,474,0,0,20,0,332,,,,
13175,Iced Claw,3417,47,48,49,471,472,0,473,0,474,0,0,20,0,332,,,,
13176,Frost-bound Claw,3418,47,48,49,471,472,0,473,0,474,0,0,20,0,332,,,,
13177,Polar Claw,3419,47,48,49,471,472,0,473,0,474,0,0,20,0,332,,,,
13178,Arctic Claw,3419,47,48,49,471,472,0,473,0,474,0,0,20,0,332,,,,
;,,,,,,,,,,,,,,,,,,,,
13180,Decay Item Head,3229,32,33,34,1,2,0,0,0,468,0,0,13,0,332,,,,
13181,Decay Item Torso,3229,32,33,34,1,2,0,0,0,469,0,0,13,0,332,,,,
13182,Decay Item Legs,3229,32,33,34,1,2,0,0,0,470,0,0,13,0,332,,,,
;,,,,,,,,,,,,,,,,,,,,
;,,,,,,,,,,,,,,,,,,,,
;,Draining  Ability,,,,,,,,,,,,,,,,,,,
13200,Leeching Bolt,3290,16,17,18,493,494,0,0,502,492,0,0,33,0,332,,,,
13201,Gorging Bolt,3290,16,17,18,493,494,0,0,502,492,0,0,33,0,332,,,,
13202,Abating Bolt,3291,16,17,18,493,494,0,0,502,492,0,0,33,0,332,,,,
13203,Draining Bolt,3292,16,17,18,493,494,0,0,503,492,0,0,33,0,332,,,,
13204,Gnawing Bolt,3292,16,17,18,495,496,0,0,503,492,0,0,33,0,332,,,,
13205,Consuming Bolt,3293,16,17,18,495,496,0,0,503,492,0,0,33,0,332,,,,
13206,Ravishing Bolt,3294,16,17,18,495,496,0,0,504,492,0,0,33,0,332,,,,
13207,Devouring Bolt,3294,16,17,18,495,496,0,0,504,492,0,0,33,0,332,,,,
;,,,,,,,,,,,,,,,,,,,,
;,,,,,,,,,,,,,,,,,,,,
;,End Vampiir,,,,,,,,,,,,,,,,,,,
;,,,,,,,,,,,,,,,,,,,,
;,,,,,,,,,,,,,,,,,,,,
;,Bainshee,,,,,,,,,,,,,,,,,,,
;13500,Spectral Force,,,,,,,,,,,,,,,,,,,
13501,Lesser Powerward,3510,32,33,34,218,219,230,0,0,235,0,0,24,0,332,,,,
13502,Powerward,3510,32,33,34,218,219,230,0,0,235,0,0,24,0,332,,,,
13503,Lesser Powerbarrier,3510,32,33,34,218,219,230,0,0,235,0,0,24,0,332,,,,
13504,Powerbarrier,3510,32,33,34,218,219,230,0,0,235,0,0,24,0,332,,,,
13505,Lesser Powerfield,3511,32,33,34,218,219,230,0,0,236,0,0,24,0,332,,,,
13506,Powerfield,3511,32,33,34,218,219,230,0,0,236,0,0,24,0,332,,,,
13507,Powershield,3512,32,33,34,218,219,230,0,0,237,0,0,24,0,332,,,,
13508,Greater Powershield,3513,32,33,34,218,219,230,0,0,238,0,0,24,0,332,,,,
13509,Greater Powerguard,3513,32,33,34,218,219,230,0,0,239,0,0,24,0,332,,,,
13510,Supreme Powerguard,3514,32,33,34,218,219,230,0,0,239,0,0,24,0,332,,,,
;,,,,,,,,,,,,,,,,,,,,
13515,Ward of Power,3332,32,33,34,218,219,230,0,0,283,0,0,24,0,332,,,,
13516,Barrier of Power,3334,32,33,34,218,219,230,0,0,283,0,0,24,0,332,,,,
;,,,,,,,,,,,,,,,,,,,,
13520,Barrier of Negation,3531,32,33,34,218,219,230,0,0,35,0,0,24,0,332,,,,
;,,,,,,,,,,,,,,,,,,,,
13525,Blaring Pain,3540,47,48,49,512,0,0,481,0,457,0,0,43,0,332,,,,
13526,Shrill Pain,3540,47,48,49,512,0,0,481,0,457,0,0,43,0,332,,,,
13527,Ringing Pain,3541,47,48,49,512,0,0,481,0,457,0,0,43,0,332,,,,
13528,Blustering Pain,3541,47,48,49,512,0,0,481,0,457,0,0,43,0,332,,,,
13529,Clamoring Pain,3542,47,48,49,512,0,0,481,0,457,0,0,43,0,332,,,,
13530,Bellowing Pain,3542,47,48,49,512,0,0,481,0,458,0,0,43,0,332,,,,
13531,Roaring Pain,3543,47,48,49,512,0,0,481,0,458,0,0,43,0,332,,,,
13532,Wailing Pain,3544,47,48,49,512,0,0,481,0,458,0,0,43,0,332,,,,
13533,Shattering Pain,3544,47,48,49,512,0,0,481,0,458,0,0,43,0,332,,,,
;,,,,,,,,,,,,,,,,,,,,
13534,Impeding Screech,3105,47,48,49,511,0,0,454,0,296,0,0,46,263,332,,,,
13535,Obstructing Screech,3106,47,48,49,511,0,0,454,0,296,0,0,46,263,332,,,,
13536,Hindering Screech,3107,47,48,49,511,0,0,454,0,296,0,0,46,263,332,,,,
13537,Inhibiting Screech,3107,47,48,49,511,0,0,454,0,296,0,0,46,263,332,,,,
13538,Constraining Screech,3108,47,48,49,511,0,0,454,0,296,0,0,46,263,332,,,,
13539,Suppressing Screech,3109,47,48,49,511,0,0,454,0,296,0,0,46,263,332,,,,
13540,Prohibiting Screech,3109,47,48,49,511,0,0,454,0,296,0,0,46,263,332,,,,
,,,,,,,,,,,,,,,,,,,,
;13550,Spectral Guard,,,,,,,,,,,,,,,,,,,
13551,Audible Barrier,3402,35,36,37,511,0,0,0,0,482,0,0,47,482,332,,,,
13552,Tumultuous Barrier,3403,35,36,37,511,0,0,0,0,483,0,0,47,483,332,,,,
13553,Resounding Barrier,3404,35,36,37,511,0,0,0,0,484,0,0,47,484,332,,,,
;,,,,,,,,,,,,,,,,,,,,
13555,Bawler's Bruise,3560,35,36,37,512,0,0,478,0,507,0,0,43,0,332,,,,
13556,Bawler's Affliction,3560,35,36,37,512,0,0,478,0,507,0,0,43,0,332,,,,
13557,Bawler's Laceration,3561,35,36,37,512,0,0,478,0,507,0,0,43,0,332,,,,
13558,Bawler's Contamination,3562,35,36,37,512,0,0,478,0,508,0,0,43,0,332,,,,
13559,Bawler's Infliction,3562,35,36,37,512,0,0,476,0,508,0,0,43,0,332,,,,
13560,Bawler's Outrage,3563,35,36,37,512,0,0,476,0,509,0,0,43,0,332,,,,
13561,Bawler's Mutilation,3563,35,36,37,512,0,0,476,0,509,0,0,43,0,332,,,,
13562,Bawler's Destruction,3564,35,36,37,512,0,0,477,0,510,0,0,43,0,332,,,,
13563,Bawler's Devastation,3564,35,36,37,512,0,0,477,0,510,0,0,43,0,332,,,,
;,,,,,,,,,,,,,,,,,,,,
13565,Disturbing Vibrations,3570,47,48,49,511,0,0,479,0,0,0,0,45,228,332,,,,
13566,Disturbing Intonations,3571,47,48,49,511,0,0,479,0,0,0,0,45,228,332,,,,
13567,Disturbing Modulations,3572,47,48,49,511,0,0,479,0,0,0,0,45,228,332,,,,
13568,Disturbing Reverberations,3572,47,48,49,511,0,0,479,0,0,0,0,45,228,332,,,,
13569,Disturbing Echoes,3573,47,48,49,511,0,0,479,0,0,0,0,45,228,332,,,,
13570,Disturbing Noises,3574,47,48,49,511,0,0,479,0,0,0,0,45,228,332,,,,
13571,Disturbing Voices,3574,47,48,49,511,0,0,479,0,0,0,0,45,228,332,,,,
;,,,,,,,,,,,,,,,,,,,,
13575,Whirring Spike,3580,41,42,43,512,0,0,0,513,507,0,0,45,0,332,,,,
13576,Humming Spike,3581,41,42,43,512,0,0,0,513,507,0,0,45,0,332,,,,
13577,Explosive Orb (Minor),3581,41,42,43,512,0,0,0,513,507,0,0,45,0,332,,,,
13578,Explosive Orb,3582,41,42,43,512,0,0,0,514,508,0,0,45,0,332,,,,
13579,Explosive Orb (Major),3583,41,42,43,512,0,0,0,514,508,0,0,45,0,332,,,,
13580,Thunderous Burst (Minor),3583,41,42,43,512,0,0,0,514,509,0,0,45,0,332,,,,
13581,Thunderous Burst,3584,41,42,43,512,0,0,0,515,509,0,0,45,0,332,,,,
13582,Thunderous Burst (Major),3584,41,42,43,512,0,0,0,515,510,0,0,45,0,332,,,,
;,,,,,,,,,,,,,,,,,,,,
13585,Deafening Screech,3590,38,39,40,0,0,0,274,0,147,0,0,43,0,332,,,,
13586,Deafening Shout,3591,38,39,40,0,0,0,274,0,147,0,0,43,0,332,,,,
13587,Deafening Wail,3592,38,39,40,0,0,0,274,0,147,0,0,43,0,332,,,,
13588,Deafening Shriek,3594,38,39,40,0,0,0,274,0,147,0,0,43,0,332,,,,
;,,,,,,,,,,,,,,,,,,,,
;13600,Phantasmal Wail,,,,,,,,,,,,,,,,,,,
13601,Shrill Aura,3505,47,48,49,0,0,0,480,0,0,0,480,46,101,332,,,,
13602,Undulating Aura,3505,47,48,49,0,0,0,480,0,0,0,480,46,101,332,,,,
13603,Oscillating Aura,3507,47,48,49,0,0,0,480,0,0,0,480,46,101,332,,,,
13604,Intonating Aura,3508,47,48,49,0,0,0,480,0,0,0,480,46,101,332,,,,
13605,Reverberating Aura,3509,47,48,49,0,0,0,480,0,0,0,480,46,101,332,,,,
;,,,,,,,,,,,,,,,,,,,,
13610,Alarming Outburst,3515,35,36,37,0,0,0,459,0,0,0,0,45,228,332,,,,
13611,Alarming Yell,3516,35,36,37,0,0,0,459,0,0,0,0,45,228,332,,,,
13612,Alarming Screech,3516,35,36,37,0,0,0,459,0,0,0,0,45,228,332,,,,
13613,Alarming Cry,3517,35,36,37,0,0,0,459,0,0,0,0,45,228,332,,,,
13614,Alarming Wail,3518,35,36,37,0,0,0,459,0,0,0,0,45,228,332,,,,
13615,Alarming Shriek,3519,35,36,37,0,0,0,459,0,0,0,0,45,228,332,,,,
;,,,,,,,,,,,,,,,,,,,,
13620,Moan of Bidding,3526,32,33,34,0,0,0,459,0,77,0,289,44,0,332,,,,
13621,Captive Bellow,3527,32,33,34,0,0,0,459,0,77,0,289,44,0,332,,,,
13622,Alluring Call,3528,32,33,34,0,0,0,459,0,77,0,289,44,0,332,,,,
13623,Commanding Call,3529,32,33,34,0,0,0,459,0,77,0,289,44,0,332,,,,
;,,,,,,,,,,,,,,,,,,,,
13625,Diminishing Yell,3535,35,36,37,0,0,0,506,0,129,0,0,46,129,332,,,,
13626,Diminishing Screech,3535,35,36,37,0,0,0,506,0,129,0,0,46,129,332,,,,
13627,Diminishing Wail,3536,35,36,37,0,0,0,506,0,129,0,0,46,129,332,,,,
13628,Diminishing Cadence,3537,35,36,37,0,0,0,506,0,129,0,0,46,129,332,,,,
13629,Diminishing Bellow,3537,35,36,37,0,0,0,506,0,129,0,0,46,129,332,,,,
13630,Diminishing Shriek,3538,35,36,37,0,0,0,506,0,129,0,0,46,129,332,,,,
13631,Diminishing Scream,3539,35,36,37,0,0,0,506,0,129,0,0,46,129,332,,,,
;,,,,,,,,,,,,,,,,,,,,
13635,Instill Concern,3548,35,36,37,0,0,0,459,0,50,0,0,45,0,332,,,,
13636,Instill Fright,3549,35,36,37,0,0,0,459,0,50,0,0,45,0,332,,,,
;,,,,,,,,,,,,,,,,,,,,
13640,Disconcerting Yell,3555,47,48,49,0,0,0,453,0,0,0,0,43,110,0,,,,
13641,Vanquishing Screech,3556,47,48,49,0,0,0,453,0,0,0,0,43,110,0,,,,
13642,Petrifying Cry,3557,47,48,49,0,0,0,454,0,0,0,0,43,110,0,,,,
13643,Unnerving Bellow,3557,47,48,49,0,0,0,454,0,0,0,0,43,111,0,,,,
13644,Chilling Shriek,3558,47,48,49,0,0,0,506,0,0,0,0,43,111,0,,,,
13645,Blood Curdling Scream,3559,47,48,49,0,0,0,506,0,0,0,0,43,112,0,,,,
;,,,,,,,,,,,,,,,,,,,,
;13650,Ethereal Shriek,,,,,,,,,,,,,,,,,,,
13651,Minor Concussion,3565,50,51,52,512,0,0,0,0,507,0,0,43,101,332,,,,
13652,Clamorous Concussion,3565,50,51,52,512,0,0,0,0,507,0,0,43,101,332,,,,
13653,Roaring Concussion,3565,50,51,52,512,0,0,0,0,507,0,0,43,101,332,,,,
13654,Piercing Concussion,3566,50,51,52,512,0,0,0,0,508,0,0,43,101,332,,,,
13655,Resonant Concussion,3566,50,51,52,512,0,0,0,0,508,0,0,43,101,332,,,,
13656,Cacophonous Burst,3567,50,51,52,512,0,0,0,0,509,0,0,43,101,332,,,,
13657,Clangorous Burst,3567,50,51,52,512,0,0,0,0,509,0,0,43,101,332,,,,
13658,Piercing Explosion,3568,50,51,52,512,0,0,0,0,509,0,0,43,101,332,,,,
13659,Resonant Explosion,3568,50,51,52,512,0,0,0,0,510,0,0,43,101,332,,,,
13660,Deafening Explosion,3569,50,51,52,512,0,0,0,0,510,0,0,43,101,332,,,,
;,,,,,,,,,,,,,,,,,,,,
13665,Inhibiting Cry,3575,47,48,49,511,0,0,454,0,296,0,0,46,263,332,,,,
13666,Inhibiting Wail,3576,47,48,49,511,0,0,454,0,296,0,0,46,263,332,,,,
13667,Inhibiting Shriek,3578,47,48,49,511,0,0,454,0,296,0,0,46,263,332,,,,
13668,Inhibiting Scream,3579,47,48,49,511,0,0,454,0,296,0,0,46,263,332,,,,
;,,,,,,,,,,,,,,,,,,,,
13670,Shrieking Cascade,3585,35,36,37,512,0,0,0,513,507,0,0,45,0,332,,,,
13671,Wailing Cascade,3586,35,36,37,512,0,0,0,513,507,0,0,45,0,332,,,,
13672,Screaming Cascade,3586,35,36,37,512,0,0,0,513,507,0,0,45,0,332,,,,
13673,Shattering Cascade,3587,35,36,37,512,0,0,0,514,508,0,0,45,0,332,,,,
13674,Ear-splitting Cascade,3588,35,36,37,512,0,0,0,514,509,0,0,45,0,332,,,,
13675,Piercing Cascade,3589,35,36,37,512,0,0,0,515,509,0,0,45,0,332,,,,
13676,Deafening Cascade,3589,35,36,37,512,0,0,0,515,510,0,0,45,0,332,,,,
;,,,,,,,,,,,,,,,,,,,,
13680,Vanquish Sight,3595,35,36,37,261,262,0,0,0,516,0,0,2,0,332,,,,
13681,Abolish Sight,3596,35,36,37,261,262,0,0,0,516,0,0,2,0,332,,,,
13682,Eliminate Sight,3597,35,36,37,261,262,0,0,0,516,0,0,2,0,332,,,,
13683,Purge Sight,3598,35,36,37,261,262,0,0,0,516,0,0,2,0,332,,,,
13684,Expel Sight,3599,35,36,37,261,262,0,0,0,516,0,0,2,0,332,,,,
;,,,,,,,,,,,,,,,,,,,,
13685,Wraith's Shield,3502,38,39,40,471,472,0,0,0,485,0,0,10,0,332,,,,
13686,Wraith's Barrier,3503,38,39,40,471,472,0,0,0,485,0,0,10,0,332,,,,
13687,Wraith's Barricade,3504,38,39,40,471,472,0,0,0,485,0,0,10,0,332,,,,
;,,,,,,,,,,,,,,,,,,,,
;,,,,,,,,,,,,,,,,,,,,
13690,Vanquish Sight Dummy,3595,35,36,37,0,0,0,0,0,0,0,0,45,0,332,,,,
13691,Abolish Sight Dummy,3596,35,36,37,0,0,0,0,0,0,0,0,45,0,332,,,,
13692,Eliminate Sight Dummy,3597,35,36,37,0,0,0,0,0,0,0,0,45,0,332,,,,
13693,Purge Sight Dummy,3598,35,36,37,0,0,0,0,0,0,0,0,45,0,332,,,,
13694,Expel Sight Dummy,3599,35,36,37,0,0,0,0,0,0,0,0,45,0,332,,,,
;,,,,,,,,,,,,,,,,,,,,
13695,Restricting Yelp,3705,47,48,49,512,0,0,481,0,457,0,0,43,0,332,,,126,
13696,Restricting Cry,3705,47,48,49,512,0,0,481,0,457,0,0,43,0,332,,,126,
13697,Restricting Screech,3706,47,48,49,512,0,0,481,0,457,0,0,43,0,332,,,126,
13698,Restricting Shout,3706,47,48,49,512,0,0,481,0,457,0,0,43,0,332,,,126,
13699,Restricting Blare,3707,47,48,49,512,0,0,481,0,458,0,0,43,0,332,,,126,
13700,Restricting Bellow,3708,47,48,49,512,0,0,481,0,458,0,0,43,0,332,,,126,
13701,Restricting Shriek,3709,47,48,49,512,0,0,481,0,458,0,0,43,0,332,,,126,
13702,Restricting Scream,3709,47,48,49,512,0,0,481,0,458,0,0,43,0,332,,,126,
13703,Dex/Qui Debuff Icon Gray,1120,0,0,0,0,0,0,0,0,0,0,0,0,0,0,,,,
13704,Dex/Qui Debuff Icon Green,1121,0,0,0,0,0,0,0,0,0,0,0,0,0,0,,,126,
13705,Dex/Qui Debuff Icon Blue,1122,0,0,0,0,0,0,0,0,0,0,0,0,0,0,,,126,
13706,Dex/Qui Debuff Icon Yellow,1123,0,0,0,0,0,0,0,0,0,0,0,0,0,0,,,126,
13707,Dex/Qui Debuff Icon Red,1124,0,0,0,0,0,0,0,0,0,0,0,0,0,0,,,126,
;,,,,,,,,,,,,,,,,,,,126,
;,End Bainshee,,,,,,,,,,,,,,,,,,126,
;,,,,,,,,,,,,,,,,,,,126,
;,,,,,,,,,,,,,,,,,,,,
;,,,,,,,,,,,,,,,,,,,126,
;,ALBION CATACOMBS,,,,,,,,,,,,,,,,,,126,
;,,,,,,,,,,,,,,,,,,,126,
;,,,,,,,,,,,,,,,,,,,126,
;,Heretic,,,,,,,,,,,,,,,,,,126,
;14000,Baseline Rejuvenation,,,,,,,,,,,,,,,,,,126,
14001,Minor Rejuvenation,3100,32,33,34,1,2,0,0,0,4,0,0,8,0,332,,,126,
14002,Minor Regeneracy,3100,32,33,34,1,2,0,0,0,4,0,0,8,0,332,,,,
14003,Minor Relief,3100,32,33,34,1,2,0,0,0,25,0,0,8,0,332,,,,
14004,Minor Restoration,3100,32,33,34,1,2,0,0,0,25,0,0,8,0,332,,,,
14005,Minor Recuperation,3101,32,33,34,1,2,0,0,0,178,0,0,8,0,332,,,,
14006,Minor Renewal,3101,32,33,34,1,2,0,0,0,178,0,0,8,0,332,,,,
14007,Minor Revival,3101,32,33,34,1,2,0,0,0,178,0,0,8,0,332,,,,
14008,Minor Resuscitation,3102,32,33,34,1,2,0,0,0,178,0,0,8,0,332,,,126,
14009,Minor Reviction,3102,32,33,34,1,2,0,0,0,178,0,0,8,0,332,,,126,
14010,Minor Refection,3103,32,33,34,1,2,0,0,0,178,0,0,8,0,332,,,126,
14011,Minor Refocillation,3104,32,33,34,1,2,0,0,0,178,0,0,8,0,332,,,,
;,,,,,,,,,,,,,,,,,,,,
14015,Revive,3110,38,39,40,1,2,0,0,0,15,0,0,8,0,332,,,,
;,,,,,,,,,,,,,,,,,,,,
14020,Angelic Commendation,3121,32,33,34,1,2,0,0,0,178,0,0,8,0,332,,,,
14021,Angelic Benediction,3122,32,33,34,1,2,0,0,0,178,0,0,8,0,332,,,,
14022,Angelic Blessing,3123,32,33,34,1,2,0,0,0,178,0,0,8,0,332,,,,
14023,Angelic Approbation,3124,32,33,34,1,2,0,0,0,178,0,0,8,0,332,,,,
;,,,,,,,,,,,,,,,,,,,126,
14025,Regeneracy,3130,32,33,34,1,2,0,0,0,178,0,0,8,0,332,,,126,
14026,Relief,3130,32,33,34,1,2,0,0,0,178,0,0,8,0,332,,,126,
14027,Restoration,3130,32,33,34,1,2,0,0,0,178,0,0,8,0,332,,,126,
14028,Recuperation,3131,32,33,34,1,2,0,0,0,178,0,0,8,0,332,,,126,
14029,Renewal,3131,32,33,34,1,2,0,0,0,178,0,0,8,0,332,,,126,
14030,Revival,3132,32,33,34,1,2,0,0,0,178,0,0,8,0,332,,,126,
14031,Resuscitation,3132,32,33,34,1,2,0,0,0,178,0,0,8,0,332,,,,
14032,Reviction,3133,32,33,34,1,2,0,0,0,178,0,0,8,0,332,,,,
14033,Refection,3133,32,33,34,1,2,0,0,0,178,0,0,8,0,332,,,,
14034,Refocillation,3134,32,33,34,1,2,0,0,0,178,0,0,8,0,332,,,,
;,,,,,,,,,,,,,,,,,,,,
14035,Hellfire,,,,,,,,,,,,,,,,,,,
14036,Flickering Embers,3140,123,124,125,124,125,0,0,0,114,0,0,19,0,332,,,,
14037,Smoldering Embers,3140,123,124,125,124,125,0,0,0,114,0,0,19,0,332,,,,
14038,Heated Embers,3141,123,124,125,124,125,0,0,0,114,0,0,19,0,332,,,,
14039,Molten Embers,3142,123,124,125,124,125,0,0,0,115,0,0,19,0,332,,,,
14040,Flaming Embers,3142,123,124,125,124,125,0,0,0,115,0,0,19,0,332,,,,
14041,Bursting Embers,3143,123,124,125,124,125,0,0,0,115,0,0,19,0,332,,,,
14042,Incinerating Embers,3144,123,124,125,124,125,0,0,0,116,0,0,19,0,332,,,,
;,,,,,,,,,,,,,,,,,,,,
14045,Arawn's Heat,3150,123,124,125,124,125,0,0,434,264,0,0,30,0,332,,,,
14046,Arawn's Sparks,3150,123,124,125,124,125,0,0,434,264,0,0,30,0,332,,,,
14047,Arawn's Embers,3151,123,124,125,124,125,0,0,434,264,0,0,30,0,332,,,,
14048,Arawn's Flare,3152,123,124,125,124,125,0,0,434,264,0,0,30,0,332,,,,
14049,Arawn's Pyre,3152,123,124,125,124,125,0,0,434,264,0,0,30,0,332,,,,
14050,Arawn's Blaze,3153,123,124,125,124,125,0,0,434,264,0,0,30,0,332,,,,
14051,Arawn's Fire,3153,123,124,125,124,125,0,0,434,264,0,0,30,0,332,,,,
14052,Arawn's Inferno,3154,123,124,125,124,125,0,0,434,264,0,0,30,0,332,,,,
;,,,,,,,,,,,,,,,,,,,,
14055,Lava Spate,3160,123,124,125,124,125,0,0,434,445,0,0,32,445,332,,,,
14056,Lava Flux,3161,123,124,125,124,125,0,0,434,445,0,0,32,445,332,,,,
14057,Lava Torrent,3161,123,124,125,124,125,0,0,434,446,0,0,32,446,332,,,,
14058,Lava Inundation,3162,123,124,125,124,125,0,0,434,446,0,0,32,446,332,,,,
14059,Lava Deluge,3163,123,124,125,124,125,0,0,434,447,0,0,32,447,332,,,,
14060,Lava Barrage,3163,123,124,125,124,125,0,0,434,447,0,0,32,447,332,,,,
14061,Lava Avalanche,3164,123,124,125,124,125,0,0,434,448,0,0,32,448,332,,,,
;,,,,,,,,,,,,,,,,,,,,
14065,Blazing Flow,3170,123,124,125,124,125,0,0,434,443,0,0,19,0,332,,,,
14066,Blazing Stream,3170,123,124,125,124,125,0,0,434,443,0,0,19,0,332,,,,
14067,Blazing Current,3171,123,124,125,124,125,0,0,434,443,0,0,19,0,332,,,,
14068,Blazing Wave,3171,123,124,125,124,125,0,0,434,443,0,0,19,0,332,,,,
14069,Blazing Surge,3172,123,124,125,124,125,0,0,434,444,0,0,19,0,332,,,,
14070,Blazing River,3173,123,124,125,124,125,0,0,434,444,0,0,19,0,332,,,,
14071,Blazing Flood,3174,123,124,125,124,125,0,0,434,444,0,0,19,0,332,,,,
;,,,,,,,,,,,,,,,,,,,,
14075,Reanimate Corpse,3184,38,39,40,1,2,0,0,0,15,0,0,37,0,332,,,,
14076,Horrible Monster,2786,0,0,0,0,0,0,0,0,0,0,0,39,0,332,,,,
14077,Horrible Monster DoT,2788,0,0,0,0,0,0,0,0,306,0,0,27,0,332,,,,
;,,,,,,,,,,,,,,,,,,,,
;,,,,,,,,,,,,,,,,,,,,
14080,Glistening Blaze,3193,123,124,125,124,125,0,0,434,264,0,0,19,0,332,,,,
14081,Whirling Blaze,3194,123,124,125,124,125,0,0,434,264,0,0,19,0,332,,,,
14082,Torrential Blaze,3194,123,124,125,124,125,0,0,434,264,0,0,19,0,332,,,,
;,,,,,,,,,,,,,,,,,,,,
14085,Fiery Grasp,3105,35,36,37,124,125,0,0,0,443,0,0,19,0,332,,,,
14086,Fiery Tangle,3106,35,36,37,124,125,0,0,0,443,0,0,19,0,332,,,,
14087,Fiery Wrap,3106,35,36,37,124,125,0,0,0,443,0,0,19,0,332,,,,
14088,Fiery Leglock,3107,35,36,37,124,125,0,0,0,444,0,0,19,0,332,,,,
14089,Fiery Grapple,3108,35,36,37,124,125,0,0,0,444,0,0,19,0,332,,,,
14090,Fiery Stranglehold,3109,35,36,37,124,125,0,0,0,444,0,0,19,0,332,,,,
;,,,,,,,,,,,,,,,,,,,,
14095,Afflict Movement,3115,123,124,125,145,146,0,34,0,171,0,0,18,171,332,,,,
14096,Aggrevate Movement,3116,123,124,125,145,146,0,34,0,171,0,0,18,171,332,,,,
14097,Hinder Movement,3117,123,124,125,145,146,0,34,0,171,0,0,18,171,332,,,,
14098,Lacerate Movement,3117,123,124,125,145,146,0,34,0,171,0,0,18,171,332,,,,
14099,Agonize Movement,3118,123,124,125,145,146,0,34,0,171,0,0,18,171,332,,,,
14100,Torment Movement,3119,123,124,125,145,146,0,34,0,171,0,0,18,171,332,,,,
14101,Destroy Movement,3119,123,124,125,145,146,0,34,0,171,0,0,18,171,332,,,,
;,,,,,,,,,,,,,,,,,,,,
;,,,,,,,,,,,,,,,,,,,,
;14150,Baseline Enhancement,,,,,,,,,,,,,,,,,,,
14151,Blessed Strength,3125,35,36,37,1,2,0,0,0,187,0,0,10,0,332,,,,
14152,Blessed Potency,3125,35,36,37,1,2,0,0,0,187,0,0,10,0,332,,,,
14153,Blessed Power,3126,35,36,37,1,2,0,0,0,187,0,0,10,0,332,,,,
14154,Holy Strength,3126,35,36,37,1,2,0,0,0,188,0,0,10,0,332,,,,
14155,Holy Potency,3127,35,36,37,1,2,0,0,0,188,0,0,10,0,332,,,,
14156,Holy Power,3129,35,36,37,1,2,0,0,0,189,187,0,10,0,332,,,,
14157,Holy Might,3129,35,36,37,1,2,0,0,0,189,188,0,10,0,332,,,,
;,,,,,,,,,,,,,,,,,,,,
14160,Aura of Shielding,3135,35,36,37,1,2,0,0,0,183,0,0,9,0,332,,,,
14161,Greater Aura of Shielding,3135,35,36,37,1,2,0,0,0,183,0,0,9,0,332,,,,
14162,Aura of Defense,3135,35,36,37,1,2,0,0,0,183,279,0,9,0,332,,,,
14163,Greater Aura of Defense,3136,35,36,37,1,2,0,0,0,184,0,0,9,0,332,,,,
14164,Aura of Guarding,3137,35,36,37,1,2,0,0,0,184,279,0,9,0,332,,,,
14165,Greater Aura of Guarding,3138,35,36,37,1,2,0,0,0,185,0,0,9,0,332,,,,
14166,Aura of Deflection,3139,35,36,37,1,2,0,0,0,185,279,0,9,0,332,,,,
14167,Greater Aura of Deflection,3139,35,36,37,1,2,0,0,0,185,278,0,9,0,332,,,,
14168,Aura of Invincibility,3139,32,33,34,1,2,0,0,0,186,279,0,9,0,332,,,,
14169,Greater Aura of Invincibility,3139,32,33,34,1,2,0,0,0,186,278,0,9,0,332,,,,
;,,,,,,,,,,,,,,,,,,,,
14170,Blessed Dexterity,3145,35,36,37,1,2,0,0,0,16,0,0,10,0,332,,,,
14171,Blessed Agility,3146,35,36,37,1,2,0,0,0,16,0,0,10,0,332,,,,
14172,Blessed Coordination,3146,35,36,37,1,2,0,0,0,16,0,0,10,0,332,,,,
14173,Holy Dexterity,3147,35,36,37,1,2,0,0,0,16,0,0,10,0,332,,,,
14174,Holy Agility,3148,35,36,37,1,2,0,0,0,16,0,0,10,0,332,,,,
14175,Holy Coordination,3149,35,36,37,1,2,0,0,0,16,0,0,10,0,332,,,,
;,,,,,,,,,,,,,,,,,,,,
14180,Blessing of Health,3155,32,33,34,1,2,0,0,0,187,0,0,10,0,332,,,,
14181,Benison of Health,3156,32,33,34,1,2,0,0,0,187,0,0,10,0,332,,,,
14182,Benediction of Health,3156,32,33,34,1,2,0,0,0,187,77,0,10,0,332,,,,
14183,Blessing of Fortitude,3157,32,33,34,1,2,0,0,0,187,78,0,10,0,332,,,,
14184,Benison of Fortitude,3158,32,33,34,1,2,0,0,0,188,77,0,10,0,332,,,,
14185,Benediction of Fortitude,3159,32,33,34,1,2,0,0,0,188,78,0,10,0,332,,,,
;,,,,,,,,,,,,,,,,,,,,
14190,Buffer of Warmth,3165,47,48,49,1,2,0,0,0,440,0,0,19,0,332,,,,
14191,Buffer of Heat,3167,47,48,49,1,2,0,0,0,440,0,0,19,0,332,,,,
14192,Buffer of Steam,3167,47,48,49,1,2,0,0,0,440,0,0,19,0,332,,,,
14193,Buffer of Fire,3168,47,48,49,1,2,0,0,0,440,0,0,19,0,332,,,,
14194,Buffer of Magma,3169,47,48,49,1,2,0,0,0,440,0,0,19,0,332,,,,
14195,Buffer of Lava,3169,47,48,49,1,2,0,0,0,440,0,0,19,0,332,,,,
;,,,,,,,,,,,,,,,,,,,,
;,,,,,,,,,,,,,,,,,,,,
;14200,Demonic Accretion,,,,,,,,,,,,,,,,,,,
14201,Chthonic Vigor,3175,38,39,40,124,125,0,0,0,0,436,0,38,0,332,,,,
14202,Chthonic Strength,3175,38,39,40,124,125,0,0,0,0,436,0,38,0,332,,,,
14203,Chthonic Fortification,3176,38,39,40,124,125,0,0,0,0,436,0,38,0,332,,,,
14204,Chthonic Focus,3177,38,39,40,124,125,0,0,0,0,436,0,38,0,332,,,,
14205,Chthonic Power,3178,38,39,40,124,125,0,0,0,0,437,0,38,0,332,,,,
14206,Chthonic Force,3178,38,39,40,124,125,0,0,0,0,437,0,38,0,332,,,,
14207,Chthonic Might,3179,38,39,40,124,125,0,0,0,0,437,0,38,0,332,,,,
;,,,,,,,,,,,,,,,,,,,,
14210,Infernal Carve,3186,32,33,34,124,125,0,0,0,0,436,0,35,0,332,,,,
14211,Infernal Cleave,3186,32,33,34,124,125,0,0,0,0,436,0,35,0,332,,,,
14212,Infernal Gouge,3187,32,33,34,124,125,0,0,0,0,436,0,35,0,332,,,,
14213,Infernal Lance,3187,32,33,34,124,125,0,0,0,0,436,0,35,0,332,,,,
14214,Infernal Tear,3188,32,33,34,124,125,0,0,0,0,437,0,35,0,332,,,,
14215,Infernal Slice,3189,32,33,34,124,125,0,0,0,0,437,0,35,0,332,,,,
;,,,,,,,,,,,,,,,,,,,,
14220,Diabolic Thorns,3195,35,36,37,124,125,0,0,0,30,0,0,37,0,332,,,,
14221,Diabolic Spurs,3196,35,36,37,124,125,0,0,0,30,0,0,37,0,332,,,,
14222,Diabolic Briars,3196,35,36,37,124,125,0,0,0,30,0,0,37,0,332,,,,
14223,Diabolic Spines,3197,35,36,37,124,125,0,0,0,30,0,0,37,0,332,,,,
14224,Diabolic Spikes,3198,35,36,37,124,125,0,0,0,30,0,0,37,0,332,,,,
14225,Diabolic Stakes,3199,35,36,37,124,125,0,0,0,30,0,0,37,0,332,,,,
;,,,,,,,,,,,,,,,,,,,,
14230,Diabolic Fence,3403,35,36,37,124,125,0,0,0,30,0,0,38,0,332,,,,
14231,Diabolic Gate,3404,35,36,37,124,125,0,0,0,30,0,0,38,0,332,,,,
;,,,,,,,,,,,,,,,,,,,,
14235,Kindled Shield,3410,35,36,37,124,125,0,0,0,438,0,0,19,0,332,,,,
14236,Kindled Guard,3411,35,36,37,124,125,0,0,0,438,0,0,19,0,332,,,,
14237,Kindled Barrier,3411,35,36,37,124,125,0,0,0,438,0,0,19,0,332,,,,
14238,Molten Shield,3412,35,36,37,124,125,0,0,0,439,0,0,19,0,332,,,,
14239,Molten Guard,3413,35,36,37,124,125,0,0,0,439,0,0,19,0,332,,,,
14240,Molten Barrier,3414,35,36,37,124,125,0,0,0,439,0,0,19,0,332,,,,
;,,,,,,,,,,,,,,,,,,,,
;,,,,,,,,,,,,,,,,,,,,
14250,Focus Snare Component 1,2185,0,0,0,0,0,0,0,0,0,0,0,0,0,332,,,,
14251,Focus Snare Component 2,2186,0,0,0,0,0,0,0,0,0,0,0,0,0,332,,,,
14252,Focus Snare Component 3,2186,0,0,0,0,0,0,0,0,0,0,0,0,0,332,,,,
14253,Focus Snare Component 4,2187,0,0,0,0,0,0,0,0,0,0,0,0,0,332,,,,
14254,Focus Snare Component 5,2187,0,0,0,0,0,0,0,0,0,0,0,0,0,332,,,,
14255,Focus Snare Component 6,2188,0,0,0,0,0,0,0,0,0,0,0,0,0,332,,,,
14256,Focus Snare Component 7,2189,0,0,0,0,0,0,0,0,0,0,0,0,0,332,,,,
;,,,,,,,,,,,,,,,,,,,,
;,,,,,,,,,,,,,,,,,,,,
14260,Arawn's Precision,434,38,39,40,1,2,0,498,0,15,268,0,37,0,332,,,,
14261,Arawn's Accuracy,435,38,39,40,1,2,0,498,0,15,268,0,37,0,332,,,,
14262,Arawn's Clarity,436,38,39,40,1,2,0,498,0,15,268,0,37,0,332,,,,
14263,Arawn's Acuity,437,38,39,40,1,2,0,497,0,15,269,0,37,0,332,,,,
14264,Arawn's Cunning,437,38,39,40,1,2,0,497,0,15,269,0,37,0,332,,,,
;,,,,,,,,,,,,,,,,,,,,
14270,Steaming Wind,1053,0,0,0,0,0,0,0,0,265,0,0,16,265,332,,,,
;,,,,,,,,,,,,,,,,,,,,
;,Champion Abilities,,,,,,,,,,,,,,,,,,,
;,Healer Stuff - all 3 realms,,,,,,,,,,,,,,,,,,,
14271,Minor Heal (1),3600,32,33,34,1,2,0,0,0,4,0,0,8,0,332,,,,
14272,Heal 1,3601,32,33,34,1,2,0,0,0,178,0,0,8,0,332,,,,
14273,Health Regen,3602,32,33,34,1,2,0,0,0,178,0,0,8,0,332,,,,
14274,Cure poison,3603,38,39,40,1,2,0,0,0,176,175,0,8,0,332,,,,
14275,Cure Disease,3604,41,42,43,1,2,0,0,0,177,175,0,8,0,332,,,,
14276,Minor Armor Factor (1),3605,35,36,37,251,252,0,0,0,183,0,0,9,0,332,,,,
14277,Minor Dexterity (2),3606,35,36,37,251,252,0,0,0,18,0,0,10,0,332,,,,
14278,Minor STR,3607,47,48,49,251,252,0,0,0,0,250,0,10,0,332,,,,
14279,Minor Constitution (2),3608,35,36,37,251,252,0,0,0,77,0,0,9,0,332,,,,
14280,Minor STR/CON,3609,44,45,46,145,146,0,0,0,162,137,0,21,0,332,,,,
14281,Minor DEX/Quick,3610,44,45,46,145,146,0,0,0,18,154,0,18,0,332,,,,
14282,Acuity,3611,44,45,46,145,146,0,0,0,25,0,0,18,0,332,,,,
14283,Group Heal 1,3612,38,39,40,1,2,0,0,0,233,0,0,8,0,332,,,,
14284,Group heal 2,3613,38,39,40,1,2,0,0,0,233,0,0,8,0,332,,,,
14285,Resist- B/S/E,3614,44,45,46,145,146,0,0,0,154,272,0,18,0,332,,,,
14286,Resist - H/C/M,3615,44,45,46,145,146,0,0,0,190,272,0,18,0,332,,,,
14287,Resist - Melee,3703,44,45,46,145,146,0,0,0,170,272,0,18,0,332,,,,
;,Self Buffs - any realm,,,,,,,,,,,,,,,,,,,
14288,damage shield self 1,3617,35,36,37,160,161,0,0,0,10,269,0,13,0,332,,,,
14289,damage shield self 2,3618,35,36,37,160,161,0,0,0,10,270,0,13,0,332,,,,
14290,heal over time 1 self,3619,32,33,34,1,2,0,0,0,180,130,0,8,0,332,,,,
14291,heal over time 2 self,3620,32,33,34,1,2,0,0,0,181,130,0,8,0,332,,,,
14292,STR buff self,3621,38,39,40,145,146,0,0,0,305,137,0,23,0,332,,,,
14293,DEX buff self,3622,38,39,40,1,2,0,0,0,17,305,0,8,0,332,,,,
14294,STR/Con buff self,3623,38,39,40,145,146,230,0,0,188,0,0,23,0,332,,,,
14295,DEX/Quick buff self,3624,38,39,40,1,2,0,0,0,15,0,0,8,0,332,,,,
14296,Self AF buff,3625,32,33,34,98,99,0,0,0,185,32,0,8,0,332,,,,
14297,Combat speed buff self,3626,38,39,40,98,99,0,0,0,17,278,0,8,0,332,,,,
;,Fighter Stuff - all 3 realms,,,,,,,,,,,,,,,,,,,
14298,parry buff 1,3627,35,36,37,471,472,0,0,0,313,0,0,9,0,332,,,,
14299,parry buff 2,3628,35,36,37,471,472,0,0,0,313,0,0,9,0,332,,,,
14300,minor self DA 1,3629,32,33,34,1,2,0,0,0,17,0,0,13,0,332,,,,
14301,temporary AF buff - self,3630,32,33,34,98,99,0,0,0,287,32,0,8,0,332,,,,
14302,temporary tireless buff - self,3631,41,42,43,98,99,0,0,0,16,305,0,8,0,332,,,,
14303,temporary CC reduction - self,3632,38,39,40,124,125,0,0,0,0,436,0,38,0,332,,,,
14304,temporary toughness - self,3633,32,33,34,124,125,0,0,0,0,436,0,35,0,332,,,,
14305,temporary ABS - self,3634,32,33,34,98,99,0,0,0,286,32,0,8,0,,,,,
;,Rogue Stuff - all 3 realms,,,,,,,,,,,,,,,,,,,
14306,evade buff 1 - self only,3635,32,33,34,160,161,0,0,0,466,461,0,13,0,332,,,,
14307,evade buff 2 - self only,3636,32,33,34,160,161,0,0,0,466,462,0,13,0,332,,,,
14308,safe fall 1  - self only,3637,32,33,34,1,2,0,0,0,310,18,0,10,0,332,,,,
14309,body resist buff - realm,3704,32,33,34,98,99,0,0,0,310,171,0,8,0,332,,,,
;,DAMAGE SPELLS & DOTS,,,,,,,,,,,,,,,,,,,
;,HEAT DAMAGE,,,,,,,,,,,,,,,,,,,
14310,Heat dd 1,3639,47,48,49,124,125,0,0,0,165,0,0,6,0,332,,,,
14311,heat dd 2,3640,47,48,49,124,125,0,0,0,165,0,0,6,0,332,,,,
14312,aoe heat dd 1,3641,47,48,49,124,125,0,0,0,165,0,0,12,114,332,,,,
14313,aoe heat dd 2,3642,47,48,49,124,125,0,0,0,165,0,0,12,114,332,,,,
14314,Heat bolt,3643,16,17,18,124,125,0,0,122,117,0,0,6,0,332,,,,
;,COLD DAMAGE,,,,,,,,,,,,,,,,,,,
14315,Cold dd1,3644,41,42,43,160,161,150,0,0,257,0,0,2,0,332,,,,
14316,cold dd 2,3645,41,42,43,160,161,150,0,0,257,0,0,2,0,332,,,,
14317,cold DD/Debuff 1,3646,47,48,49,160,161,0,0,0,258,0,0,2,0,332,,,,
14318,cold DD/Debuff 2,3647,47,48,49,160,161,0,0,0,258,0,0,2,0,332,,,,
14319,cold AE DD 1,3648,50,51,52,261,262,0,0,0,214,0,0,25,129,332,,,,
14320,cold AE DD 2,3649,50,51,52,261,262,0,0,0,215,0,0,25,129,332,,,,
14321,cold dd/snare,3650,44,45,46,160,161,0,0,0,54,228,0,9,0,332,,,,
14322,cold AE DD/snare,3651,44,45,46,160,161,0,0,0,292,296,0,9,292,332,,,,
14323,cold PBAE,3652,44,45,46,37,38,0,200,0,265,0,0,16,265,332,,,,
14324,cold BOLT,3653,50,51,52,261,262,0,0,208,214,0,0,25,0,332,,,,
;,,,,,,,,,,,,,,,,,,,,
;,SPIRIT DAMAGE,,,,,,,,,,,,,,,,,,,
14325,spirit dd1,3654,47,48,49,512,0,0,481,0,457,0,0,43,0,332,,,,
14326,spirit dd 2,3655,47,48,49,512,0,0,481,0,457,0,0,43,0,332,,,,
14327,spirit DD/Snare 1,3656,44,45,46,160,161,0,0,0,54,228,0,9,0,332,,,,
14328,spirit AE DD/Snare,3657,44,45,46,160,161,0,0,0,292,296,0,9,292,332,,,,
14329,spirit PBAE,3658,47,48,49,160,161,284,276,0,88,0,0,21,88,332,,,,
;,MATTER DAMAGE,,,,,,,,,,,,,,,,,,,
14330,dd1 matter,3659,47,48,49,55,69,150,0,0,257,0,0,2,0,332,,,,
14331,dd2 matter,3660,47,48,49,55,69,150,0,0,257,0,0,2,0,332,,,,
14332,mater GTAE,3702,35,36,37,145,146,0,34,0,34,0,0,18,294,332,,,,
14333,matter DOT 1,3662,35,36,37,59,76,79,0,0,65,0,0,13,0,332,,,,
14334,matter DOT 2,3663,35,36,37,59,76,79,0,0,65,0,0,13,0,332,,,,
14335,matter Dot 1 stacking,3664,35,36,37,59,76,79,0,0,101,72,0,18,0,332,,,,
14336,matter dot 2 stacking,3665,35,36,37,59,76,79,0,0,101,72,0,18,0,332,,,,
14337,matter AE DoT 1,3666,35,36,37,59,76,79,0,0,304,0,0,27,0,332,,,,
14338,matter AE DoT 2,3667,35,36,37,59,76,79,0,0,304,0,0,27,0,332,,,,
14339,matter PBAE DoT,3668,35,36,37,145,146,0,34,0,34,0,0,18,294,332,,,,
14340,matter DD/snare 1,3669,47,48,49,55,69,79,0,0,296,0,0,27,0,332,,,,
14341,matter DD/snare 2,3670,47,48,49,55,69,79,0,0,296,0,0,27,0,332,,,,
14342,matter AE/DD/snare 1,3671,44,45,46,251,252,0,0,0,62,0,0,26,0,332,,,,
14343,matter AE/DD/snare 2,3672,44,45,46,251,252,0,0,0,62,0,0,26,0,332,,,,
14344,matter PBAE,3673,35,36,37,145,146,0,34,0,34,0,0,18,294,332,,,,
;,BODY DAMAGE,,,,,,,,,,,,,,,,,,,
14345,body DD 1,3674,41,42,43,55,69,0,0,0,149,0,0,27,0,332,,,,
14346,Body DD 2,3675,47,48,49,55,69,0,0,0,159,0,0,27,0,332,,,,
14347,Body DD/Snare 1,3676,44,45,46,55,69,56,0,0,441,0,0,9,0,332,,,,
14348,Body AE/DD,3677,44,45,46,55,69,80,0,0,441,0,0,9,0,332,,,,
14349,Body DD/Debuff,3678,47,48,49,251,252,0,0,0,116,0,0,2,0,332,,,,
14350,Body AE/DD/Debuff,3679,47,48,49,251,252,0,0,0,117,0,0,2,0,332,,,,
;,LIFE MANIPULATION,,,,,,,,,,,,,,,,,,,
14351,Life Xfer,3680,32,33,34,55,69,0,0,0,178,0,0,8,0,332,,,,
14352,Life Tap,3681,35,36,37,59,76,57,0,0,441,0,0,27,0,332,,,,
;,ENERGY DAMAGE,,,,,,,,,,,,,,,,,,,
14353,energy DD 1,3682,50,51,52,218,219,0,246,0,205,0,0,25,,,,,,
14354,energy dd/snare 1,3683,47,48,49,261,262,0,0,0,257,0,0,12,0,332,,,,
14355,energy AE/DD/snare 1,3684,50,51,52,261,262,0,244,0,214,0,0,25,292,332,,,,
14356,energy GTAE,3685,47,48,49,261,262,240,242,0,203,0,0,25,293,332,,,,
14357,energy PBAE,3686,47,48,49,261,262,240,242,0,204,0,0,25,293,332,,,,
14358,energy DOT 1,3687,32,33,34,218,219,0,0,0,149,0,0,2,0,332,,,,
14359,energy DOT 2,3688,32,33,34,218,219,0,0,0,149,0,0,2,0,332,,,,
14360,energy AE/DoT 1,3689,32,33,34,218,219,0,0,0,149,0,0,2,149,332,,,,
14361,energy AE/DoT 2,3690,32,33,34,218,219,0,0,0,159,0,0,2,159,332,,,,
;,DEBUFFS,,,,,,,,,,,,,,,,,,,
14362,Dex debuff,3691,35,36,37,160,161,0,0,0,154,0,0,2,0,332,,,,
14363,STR debuff,3692,35,36,37,160,161,0,0,0,66,0,0,2,0,332,,,,
14364,dex quick debuff,3693,35,36,37,160,161,0,0,0,156,0,0,2,0,332,,,,
14365,str con debuff,3694,35,36,37,160,161,0,0,0,154,0,0,2,0,332,,,,
14366,AE dex.quick debuff,3695,35,36,37,160,161,0,0,0,156,0,0,2,0,332,,,,
14367,AE str.con debuff,3696,35,36,37,160,161,0,0,0,154,0,0,2,0,332,,,,
;,DAMAGE ADDS,,,,,,,,,,,,,,,,,,,
14368,damage add - any type - realm cast,3697,32,33,34,218,219,230,0,0,78,0,0,24,0,332,,,,
14369,damage add 2- any type - realm cast,3698,32,33,34,218,219,230,0,0,78,0,0,24,0,332,,,,
14372,damage shield - any type - realm cast,3701,32,33,34,218,219,230,0,0,287,0,0,24,0,332,,,,
;,DISEASE,,,,,,,,,,,,,,,,,,,
14370,Disease,3699,35,36,37,261,262,0,0,0,291,0,0,27,291,332,,,,
14371,Disease AE,3700,35,36,37,261,262,0,0,0,43,0,0,27,0,332,,,,
;,,,,,,,,,,,,,,,,,,,,
;,Heavy Tank Battle-shouts,,,,,,,,,,,,,,,,,,,
14373,Rampage,2384,35,36,37,251,252,0,0,0,237,0,0,9,0,332,,,,
14374,Fury,2044,0,0,0,0,0,0,0,0,295,0,0,0,0,332,,,,
14375,Metal Guard,2779,38,39,40,1,2,0,0,0,367,0,0,10,0,332,,,,
14376,Bolstering Roar,974,47,48,49,261,262,240,276,0,129,0,0,25,293,332,,,,
14377,Taunting Shout,3464,47,48,49,160,161,0,408,0,88,0,0,21,88,332,,,,
;,,,,,,,,,,,,,,,,,,,,
;,Enhanced Cures,,,,,,,,,,,,,,,,,,,
14378,Pulsing cure poison 1,2996,38,39,40,1,2,0,0,0,176,175,0,8,0,332,,,,
14379,Pulsing cure disease 1,2986,41,42,43,1,2,0,0,0,177,175,0,8,0,332,,,,
14380,Pusling cure poison 2,2997,38,39,40,1,2,0,0,0,176,175,0,8,0,332,,,,
14381,Pulsing cure disease 2,2987,41,42,43,1,2,0,0,0,177,175,0,8,0,332,,,,
14382,Cure Nearsight,2998,32,33,34,1,2,0,0,0,132,0,0,8,0,332,,,,
14383,Group Cure Disease,2979,41,42,43,1,2,0,0,0,177,175,0,8,0,332,,,,
14384,Cure All,2999,32,33,34,103,104,0,0,0,289,175,0,8,0,332,,,,
14385,Group Cure All,2989,32,33,34,103,104,0,0,0,289,175,0,8,0,332,,,,
;,,,,,,,,,,,,,,,,,,,,
;,Nightshade Damage Shields,,,,,,,,,,,,,,,,,,,
14386,Nightshade damage shield 1,1580,32,33,34,218,219,230,0,0,282,0,0,24,0,332,,,,
14387,Nightshade damage shield 2,1581,32,33,34,218,219,230,0,0,282,0,0,24,0,332,,,,
14388,Nightshade damage shield 3,1582,32,33,34,218,219,230,0,0,282,0,0,24,0,332,,,,
14389,Nightshade damage shield 4,1583,32,33,34,218,219,230,0,0,282,0,0,24,0,332,,,,
14390,Nightshade damage shield 5,1584,32,33,34,218,219,230,0,0,282,0,0,24,0,332,,,,
;,,,,,,,,,,,,,,,,,,,,
;,Thane Weapon Energy Debuff proc,,,,,,,,,,,,,,,,,,,
14391,Dissipating Blows,2026,44,45,46,145,146,0,0,0,13,272,0,18,0,332,,,,
14392,Routing Blows,2027,44,45,46,145,146,0,0,0,13,272,0,18,0,332,,,,
14393,Sundering Blows,2028,44,45,46,145,146,0,0,0,13,272,0,18,0,332,,,,
14394,Banishing Blows,2029,44,45,46,145,146,0,0,0,13,272,0,18,0,332,,,,
;,,,,,,,,,,,,,,,,,,,,
13710,Dissipate Energy,1226,35,36,37,160,161,0,0,0,156,0,0,2,0,332,,,,
13711,Rout Energy,1227,35,36,37,160,161,0,0,0,156,0,0,2,0,332,,,,
13712,Sunder Energy,1228,35,36,37,160,161,0,0,0,156,0,0,2,0,332,,,,
13713,Banish Energy,1229,35,36,37,160,161,0,0,0,156,0,0,2,0,332,,,,
;,,,,,,,,,,,,,,,,,,,,
;,Friar and Warden Heal procs,,,,,,,,,,,,,,,,,,,
14395,Prophet's Penitence (Group Proc),2305,32,33,34,1,2,0,0,0,178,0,0,8,0,332,,,,
14396,Prophet's Faith,2306,32,33,34,1,2,0,0,0,178,0,0,8,0,332,,,,
14397,Prophet's Piety,2307,32,33,34,1,2,0,0,0,178,0,0,8,0,332,,,,
14398,Prophet's Conviction,2308,32,33,34,1,2,0,0,0,178,0,0,8,0,332,,,,
14399,Prophet's Fidelity,2308,32,33,34,1,2,0,0,0,178,0,0,8,0,332,,,,
14400,Prophet's Dogma,2309,32,33,34,1,2,0,0,0,178,0,0,8,0,332,,,,
;,,,,,,,,,,,,,,,,,,,,
14401,Acolyte's Redemption (PBAE Proc),3110,32,33,34,1,2,0,0,0,233,0,0,8,0,332,,,,
14402,Chaplain's Redemption,3111,32,33,34,1,2,0,0,0,233,0,0,8,0,332,,,,
14403,Fanatic's Redemption,3112,32,33,34,1,2,0,0,0,233,0,0,8,0,332,,,,
14404,Inquisitor's Redemption,3113,32,33,34,1,2,0,0,0,233,0,0,8,0,332,,,,
14405,Zealot's Redemption,3114,32,33,34,1,2,0,0,0,233,0,0,8,0,332,,,,
;,,,,,,,,,,,,,,,,,,,,
14420,Nature's Curator,3110,32,33,34,1,2,0,0,0,233,0,0,8,0,332,,,,
14421,Nature's Deacon,3111,32,33,34,1,2,0,0,0,233,0,0,8,0,332,,,,
14422,Nature's Keeper,3112,32,33,34,1,2,0,0,0,233,0,0,8,0,332,,,,
14423,Nature's Steward,3113,32,33,34,1,2,0,0,0,233,0,0,8,0,332,,,,
14424,Nature's Sentinel,3114,32,33,34,1,2,0,0,0,233,0,0,8,0,332,,,,
;,,,,,,,,,,,,,,,,,,,,
14425,Lesser Nature's Gift,2305,32,33,34,1,2,0,0,0,178,0,0,8,0,332,,,,
14426,Lesser Nature's Favor,2306,32,33,34,1,2,0,0,0,178,0,0,8,0,332,,,,
14427,Lesser Nature's Token,2307,32,33,34,1,2,0,0,0,178,0,0,8,0,332,,,,
14428,Nature's Gift,2308,32,33,34,1,2,0,0,0,178,0,0,8,0,332,,,,
14429,Nature's Favor,2308,32,33,34,1,2,0,0,0,178,0,0,8,0,332,,,,
14430,Nature's Token,2309,32,33,34,1,2,0,0,0,178,0,0,8,0,332,,,,
;,,,,,,,,,,,,,,,,,,,,
14406,Protection from Fear (group castable),2315,32,33,34,1,2,0,0,0,178,0,0,8,0,332,,,,
14407,Protection from Doubt,2316,32,33,34,1,2,0,0,0,178,0,0,8,0,332,,,,
14408,Protection from Dissent,2316,32,33,34,1,2,0,0,0,178,0,0,8,0,332,,,,
14409,Protection from Anarchy,2317,32,33,34,1,2,0,0,0,178,0,0,8,0,332,,,,
14410,Protection from Idleness,2318,32,33,34,1,2,0,0,0,178,0,0,8,0,332,,,,
14411,Protection from Heresy,2319,32,33,34,1,2,0,0,0,178,0,0,8,0,332,,,,
;,Updated Artifact Icons,,,,,,,,,,,,,,,,,,,
14412,Summon Arrows,489,0,0,0,0,0,0,0,0,69,0,0,0,0,,,,,
14413,Summon Weapon,499,0,0,0,0,0,0,0,0,69,0,0,0,0,,,,,
14414,Multi Faceted Ruby,442,0,0,0,0,0,0,0,0,262,0,0,0,0,,,,,
14800,Campfire1,1060,0,0,0,0,0,0,0,0,0,0,0,51,0,332,,,,
14801,Campfire2,1061,0,0,0,0,0,0,0,0,0,0,0,51,0,332,,,,
14802,Campfire3,1062,0,0,0,0,0,0,0,0,0,0,0,51,0,332,,,,
14803,Campfire4,1063,0,0,0,0,0,0,0,0,0,0,0,51,0,332,,,,
14804,Campfire5,1064,0,0,0,0,0,0,0,0,0,0,0,51,0,332,,,,
;,Cleric PBAE Snare 1.83,,,,,,,,,,,,,,,,,,,
14805,Minor Deliverance,2760,35,36,37,1,2,0,0,0,276,0,0,13,228,332,,,,
14806,Buffeting Winds,2628,35,36,37,1,2,0,0,0,172,0,0,0,0,0,,,,
14807,Druid Pet Spore Cloud,1594,35,36,37,59,76,57,0,0,33,0,0,27,33,332,,,,
14808,Test Effect Atlantis,748,0,0,0,0,0,0,0,0,534,0,0,0,0,0,,,,
14809,Test Bow,3083,158,159,160,0,0,0,0,0,0,0,0,0,0,0,,,,
14810,Odin's Faith,4103,32,33,34,160,161,0,0,0,282,0,0,9,0,332,,,,
14811,Odin's Virtue,4104,32,33,34,160,161,0,0,0,282,272,0,9,0,332,,,,
14812,Odin's Temperance,4105,32,33,34,160,161,0,0,0,183,0,0,9,0,332,,,,
14813,Lesser Phantom Pain,1395,50,51,52,218,219,0,244,0,205,0,0,25,0,332,,,,
14814,Phantom Pain,1395,50,51,52,218,219,0,244,0,205,0,0,25,0,332,,,,
14815,Greater Phantom Pain,1395,50,51,52,218,219,0,244,0,205,0,0,25,0,332,,,,
14816,Lesser Phantom Abrasion,1396,50,51,52,218,219,0,244,0,205,0,0,25,0,332,,,,
14817,Phantom Abrasion,1396,50,51,52,218,219,0,244,0,205,0,0,25,0,332,,,,
14818,Greater Phantom Abrasion,1397,50,51,52,218,219,0,244,0,205,0,0,25,0,332,,,,
14819,Lesser Phantom Injury,1397,50,51,52,218,219,0,244,0,205,0,0,25,0,332,,,,
14820,Phantom Injury,1398,50,51,52,218,219,0,244,0,205,0,0,25,0,332,,,,
14821,Greater Phantom Injury,1398,50,51,52,218,219,0,244,0,205,0,0,25,0,332,,,,
14822,Phantom Disfigurement,1399,50,51,52,218,219,0,244,0,205,0,0,25,0,332,,,,
14823,Phantom Mutilation,1399,50,51,52,218,219,0,244,0,205,0,0,25,0,332,,,,
14824,Compulsion of the Deep,1513,44,45,46,145,146,0,0,0,170,13,0,18,0,332,,,,
14825,Coercion of the Deep,1514,44,45,46,145,146,0,0,0,170,13,0,18,0,332,,,,
14826,Celerity Tincture,4107,32,33,34,1,2,0,0,0,295,0,0,13,0,332,,,,
14827,Replentish,4108,32,33,34,1,2,0,0,0,180,130,0,8,0,332,,,,
14828,Vigor of the Defiant,4109,77,0,0,0,316,0,0,0,0,187,0,10,0,332,,,,
14829,Blessing of Omnipotence,4110,77,0,0,0,318,0,0,0,0,309,0,10,0,332,,,,
14830,Enhanced Intelligence,4111,77,0,0,1,2,0,0,0,15,0,0,8,0,332,,,,
14831,Superior Coordination,4112,77,0,0,1,2,0,0,0,15,0,0,8,0,332,,,,
14832,Protection of the Ancestors,4113,77,0,0,251,252,0,0,0,186,0,0,9,0,332,,,,
14833,Shades of Mist,4117,38,39,40,160,161,0,0,0,0,269,0,2,0,332,,,,
14834,Tablet of Atlantis,4118,32,33,34,55,69,0,0,0,328,0,0,13,0,332,,,,
14835,Arrogance,4123,32,33,34,1,2,0,0,0,181,0,0,8,0,332,,,,
14836,Egg of Youth /use effects,4124,38,39,40,1,2,0,0,0,15,0,0,8,0,332,,,,
14837,Stealth Lore,4125,38,39,40,1,2,0,0,0,15,0,0,8,0,332,,,,
14838,Aura of Strength,4126,38,39,40,1,2,0,0,0,188,278,0,8,0,332,,,,
14839,Amplify Wisdom,4127,44,45,46,145,146,0,0,0,25,0,0,18,0,332,,,,
14840,Celestial Resurrection,4133,38,39,40,1,2,0,0,0,15,0,0,8,0,332,,,,
14841,Climbing Spikes,4135,147,0,0,0,0,0,0,0,0,0,0,0,0,0,,,,
14842,Eerie Lightstone,4155,0,0,0,0,0,0,0,0,262,0,0,0,0,,,,,
14843,Eerie Darkstone,4156,0,0,0,0,0,0,0,0,262,0,0,0,0,,,,,
14844,Bracer of Zo'Arkat-Bedazzle,4153,47,48,49,218,219,108,0,0,83,0,0,25,0,332,,,,
14845,Fountain of Power,4157,77,0,0,0,319,0,0,0,0,20,0,9,0,332,,,,
14846,Fountain of Health,4158,32,33,34,1,2,0,0,0,178,0,0,8,0,332,,,,
14847,Belt of Oglidarsh,4159,77,0,0,0,325,0,0,0,0,185,0,9,0,332,,,,
14848,Runed Asgardian Vest,4154,32,33,34,1,2,0,0,0,181,0,0,8,0,332,,,,
14849,Eternal Plant-Legendary Youth,4180,77,0,0,0,320,0,0,0,179,305,0,8,0,332,,,,
14850,Focused Malice,4181,32,33,34,1,2,0,0,0,181,0,0,8,0,332,,,,
14851,Winged Helm /use2,4182,38,39,40,218,219,0,0,0,310,287,0,8,0,332,,,,
14852,Traitor's Dagger,4183,38,39,40,160,161,0,0,0,0,269,0,2,0,332,,,,
14853,Nature's Vengeance,4184,47,48,49,251,252,0,0,0,249,0,0,9,0,332,,,,
14854,Phoebus Harp Necklace /use 2,4179,38,39,40,218,219,0,0,0,310,287,0,8,0,332,,,,
14855,Phoebus Harp Necklace /use 2 summons,4178,0,0,0,0,0,0,0,0,69,0,0,0,0,,,,,
14856,Lament of Dartmoor /use 2,4177,35,36,37,471,472,0,0,0,552,0,0,0,0,332,,,,
14857,NPC-Breath spell,4094,0,0,0,0,0,0,0,0,0,0,0,0,0,,,,,
14858,Gift of Health,4185,32,33,34,1,2,0,0,0,187,0,0,10,0,332,,,,
14859,Skeletal Weakness,4174,35,36,37,55,69,0,0,0,68,0,0,26,0,332,,,,
,Mentalist DD Heal 1.95,,,,,,,,,,,,,,,,,,,
14860,Phantom Renewal,4192,50,51,52,218,219,0,244,0,205,0,0,25,0,332,,,,
14861,Phantom Reparation,4192,50,51,52,218,219,0,244,0,205,0,0,25,0,332,,,,
14862,Phantom Relief,4193,50,51,52,218,219,0,244,0,205,0,0,25,0,332,,,,
14863,Phantom Rejuvenation,4194,50,51,52,218,219,0,244,0,205,0,0,25,0,332,,,,
14864,Phantom Regeneration,4194,50,51,52,218,219,0,244,0,205,0,0,25,0,332,,,,
14865,Phantom Rehibilitation,4195,50,51,52,218,219,0,244,0,205,0,0,25,0,332,,,,
14866,Phantom Revival,4196,50,51,52,218,219,0,244,0,205,0,0,25,0,332,,,,
14867,Phantom Ressurection,4196,50,51,52,218,219,0,244,0,205,0,0,25,0,332,,,,
,Cleric PBAE Snare 1.95,,,,,,,,,,,,,,,,,,,
14868,Major Deliverance,2762,35,36,37,1,2,0,0,0,276,0,0,13,228,332,,,,
14869,Lesser Deliverance,2761,35,36,37,1,2,0,0,0,276,0,0,13,228,332,,,,
14870,Greater Deliverance,2763,35,36,37,1,2,0,0,0,276,0,0,13,228,332,,,,
14871,Blessed Deliverance,2764,35,36,37,1,2,0,0,0,276,0,0,13,228,332,,,,
,Healer Offensive Proc 1.95,,,,,,,,,,,,,,,,,,,
14872,Eir's Suggestion,4071,38,39,40,98,99,0,0,0,431,0,0,10,0,332,,,,
14873,Eir's Instruction,4072,38,39,40,98,99,0,0,0,431,0,0,10,0,332,,,,
14874,Eir's Guidance,4072,38,39,40,98,99,0,0,0,431,0,0,10,0,332,,,,
14875,Eir's Direction,4073,38,39,40,98,99,0,0,0,432,0,0,10,0,332,,,,
14876,Eir's Mandate,4074,38,39,40,98,99,0,0,0,432,0,0,10,0,332,,,,
14877,Eir's Intervention,4075,38,39,40,98,99,0,0,0,433,0,0,10,0,332,,,,
,Mentalist Amnesia 1.95,,,,,,,,,,,,,,,,,,,
14878,Blur Memory,850,50,51,52,55,69,0,0,0,85,0,0,13,0,332,,,,
14879,Cloud Memory,1236,50,51,52,55,69,0,0,0,85,0,0,13,0,332,,,,
14880,Corrupt Memory,1237,50,51,52,55,69,0,0,0,85,0,0,13,0,332,,,,
14881,Distort Memory,1238,50,51,52,55,69,0,0,0,85,0,0,13,0,332,,,,
14882,Erase Memory,1239,50,51,52,55,69,0,0,0,85,0,0,13,0,332,,,,
,Enchanter Changes / Updates 1.96,,,,,,,,,,,,,,,,,,,
14883,Awaken Ally,1279,32,33,34,218,219,0,0,0,289,0,0,2,0,332,,,,
14884,Stir Focus,4076,32,33,34,218,219,0,0,0,23,0,0,2,0,332,,,,
14885,Prompt Focus,4077,32,33,34,218,219,0,0,0,23,0,0,2,0,332,,,,
14886,Stimulate Focus,4078,32,33,34,218,219,0,0,0,23,0,0,2,0,332,,,,
14887,Provoke Focus,4079,32,33,34,218,219,0,0,0,23,0,0,2,0,332,,,,
14888,Galvanize Focus,4080,32,33,34,218,219,0,0,0,23,0,0,2,0,332,,,,
14889,Lustrous Arms,4081,32,33,34,218,219,230,0,0,78,0,0,24,0,332,,,,
14890,Effulgent Arms,4082,32,33,34,218,219,230,0,0,78,0,0,24,0,332,,,,
14891,Anger of the Underhill,4083,32,33,34,218,219,0,0,0,432,0,0,27,0,332,,,,
14892,Wrath of the Underhill,4084,32,33,34,218,219,0,0,0,433,0,0,27,0,332,,,,
14893,Field of Rapture,4085,50,51,52,218,219,0,245,0,204,0,0,25,292,332,,,,
14894,Array of Rapture,4086,50,51,52,218,219,0,245,0,204,0,0,25,292,332,,,,
14895,Sea of Rapture,4087,50,51,52,218,219,0,246,0,204,0,0,25,292,332,,,,
14896,Sky of Rapture,4088,50,51,52,218,219,0,246,0,205,0,0,25,292,332,,,,
14897,Galaxy of Rapture,4089,50,51,52,218,219,0,247,0,205,0,0,25,292,332,,,,
,Spiritmaster Changes / Updates 1.96,,,,,,,,,,,,,,,,,,,
14898,Awaken Spirit,1507,32,33,34,160,161,0,0,0,308,0,0,2,0,332,,,,
14899,Firm Warrior Spirit,4076,32,33,34,160,161,0,0,0,23,0,0,2,0,332,,,,
14900,Persevering Warrior Spirit,4077,32,33,34,160,161,0,0,0,23,0,0,2,0,332,,,,
14901,Resolute Warrior Spirit,4078,32,33,34,160,161,0,0,0,23,0,0,2,0,332,,,,
14902,Tenacious Warrior Spirit,4079,32,33,34,160,161,0,0,0,23,0,0,2,0,332,,,,
14903,Indomitable Warrior Spirit,4080,32,33,34,160,161,0,0,0,23,0,0,2,0,332,,,,
14904,Spirit's Rage,4081,32,33,34,160,161,0,0,0,78,0,0,24,0,332,,,,
14905,Spirit's Fury,4082,32,33,34,160,161,0,0,0,78,0,0,24,0,332,,,,
14906,DA Celerity Green,1416,32,33,34,1,2,0,0,0,0,0,0,0,0,332,,,,
14907,DA Celerity Blue,1417,32,33,34,1,2,0,0,0,0,0,0,0,0,332,,,,
14908,DA Celerity Yellow,1418,32,33,34,1,2,0,0,0,0,0,0,0,0,332,,,,
14909,DA Celerity Red,1419,32,33,34,1,2,0,0,0,0,0,0,0,0,332,,,,
14910,Roaring Fire (Trollheim Stoves),1064,0,0,0,0,0,0,0,0,167,0,0,0,264,332,,,,
,Nature Druid Changes 1.101,,,,,,,,,,,,,,,,,,,
14911,Barrier of Cedar,1990,47,48,49,251,252,0,0,0,365,0,0,8,0,332,,,,
14912,Barrier of Ash,1991,47,48,49,251,252,0,0,0,365,0,0,8,0,332,,,,
14913,Barrier of Oak,1992,47,48,49,251,252,0,0,0,365,0,0,8,0,332,,,,
14914,Barrier of Blackwood,1993,47,48,49,251,252,0,0,0,365,39,0,8,0,332,,,,
14915,Barrier of Ironwood,1994,47,48,49,251,252,0,0,0,365,39,0,8,0,332,,,,
14916,Touch of Nature,2086,47,48,49,251,252,0,0,0,19,0,0,8,0,332,,,,
14917,Clutch of Nature,2087,47,48,49,251,252,0,0,0,19,0,0,8,0,332,,,,
14918,Embrace of Nature,2088,47,48,49,251,252,0,0,0,20,0,0,8,0,332,,,,
14919,Power of Nature,2089,47,48,49,251,252,0,0,0,20,0,0,8,0,332,,,,
,Bard Changes 1.102,,,,,,,,,,,,,,,,,,,
14920,Screeching Note,1550,47,48,49,251,252,0,0,0,242,0,0,25,0,332,,,,
14921,Screeching Tone,1551,47,48,49,251,252,0,0,0,242,0,0,25,0,332,,,,
14922,Screeching Shout,1552,47,48,49,251,252,0,0,0,242,0,0,25,0,332,,,,
14923,Screeching Scream,1553,47,48,49,251,252,0,0,0,242,0,0,25,0,332,,,,
14924,Screeching Howl,1554,47,48,49,251,252,0,0,0,242,0,0,25,0,332,,,,
14925,Whisper of Hibernia,2360,25,26,27,251,252,108,0,0,25,0,0,5,0,332,,,,
14926,Whisper of Earth,2361,25,26,27,251,252,108,0,0,25,0,0,5,0,332,,,,
14927,Whisper of Nature,2362,25,26,27,251,252,108,0,0,25,0,0,5,0,332,,,,
14928,Whisper of the World,2363,25,26,27,251,252,108,0,0,25,0,0,5,0,332,,,,
14929,Whisper of the Cosmos,2364,25,26,27,251,252,108,0,0,25,0,0,5,0,332,,,,
14930,Melody of the Tree,1575,47,48,49,251,252,0,187,0,250,0,0,10,0,332,,,,
14931,Melody of the Thicket,1575,47,48,49,251,252,0,187,0,250,0,0,10,0,332,,,,
14932,Melody of the Grove,1576,47,48,49,251,252,0,188,0,250,0,0,10,0,332,,,,
14933,Melody of the Orchard,1577,47,48,49,251,252,0,188,0,250,0,0,10,0,332,,,,
14934,Melody of the Wood,1578,47,48,49,251,252,0,188,0,250,0,0,10,0,332,,,,
14935,Melody of the Forest,1578,47,48,49,251,252,0,189,0,250,0,0,10,0,332,,,,
14936,Melody of the Timberland,1579,47,48,49,251,252,0,189,0,250,0,0,10,0,332,,,,
,New Poisons 1.104,,,,,,,,,,,,,,,,,,,
14937,Gray Toxic Poison,935,0,0,0,0,0,0,0,0,0,0,0,0,0,0,,,,
14938,Green Toxic Poison,936,0,0,0,0,0,0,0,0,0,0,0,0,0,0,,,,
14939,Blue Toxic Poison,937,0,0,0,0,0,0,0,0,0,0,0,0,0,0,,,,
14940,Yellow Toxic Poison,938,0,0,0,0,0,0,0,0,0,0,0,0,0,0,,,,
14941,Red Toxic Poison,939,0,0,0,0,0,0,0,0,0,0,0,0,0,0,,,,
,New Stuff for 1.109,,,,,,,,,,,,,,,,,,,
14942,Mob Effect For New Quest Hubs,1254,0,0,0,0,0,0,0,0,0,0,0,0,0,0,,,,
14943,Gray Acuity Icon,75,38,39,40,1,2,0,0,0,15,0,0,8,0,332,,,,
14944,Revenge of the Laghammer,3839,0,0,0,0,0,0,0,0,143,144,0,0,0,217,,,,
14945,Catapult Icon For Mid Hub 2,974,38,39,40,0,0,0,0,0,0,0,0,0,0,0,,,,
14946,Catapult Stone Icon for Mid Hub 2,0,0,0,0,0,0,0,0,392,393,0,0,0,0,0,,,,
14947,Speed of the Realm,44,25,26,27,105,106,0,0,0,173,0,0,16,0,0,,,,
14948,Call of a Thousand Storms,1850,38,39,40,145,146,0,0,0,13,307,0,23,0,332,,,,
14949,Pictish Disarm,2785,0,0,0,0,0,0,71,0,84,0,0,0,0,0,,,,
14950,Mjollnir's Precision,434,44,45,46,145,146,0,0,0,25,0,0,18,0,332,,,,
14951,Mjollnir's Accuracy,435,44,45,46,145,146,0,0,0,25,0,0,18,0,332,,,,
14952,Mjollnir's Clarity,436,44,45,46,145,146,0,0,0,25,0,0,18,0,332,,,,
14953,Mjollnir's Acuity,437,44,45,46,145,146,0,0,0,25,0,0,18,0,332,,,,
14954,Mjollnir's Sagacity,437,44,45,46,145,146,0,0,0,25,0,0,18,0,332,,,,
14955,Grey Acuity Debuff (PBAOE),4204,47,48,49,0,0,0,276,0,66,0,0,27,42,332,,,,
14956,Green Acuity Debuff  (PBAOE),4205,47,48,49,0,0,0,276,0,66,0,0,27,42,332,,,,
14957,Blue Acuity Debuff  (PBAOE),4206,47,48,49,0,0,0,276,0,66,0,0,27,42,332,,,,
14958,Yellow Acuity Debuff  (PBAOE),4207,47,48,49,0,0,0,276,0,66,0,0,27,42,332,,,,
14959,Red Acuity Debuff  (PBAOE),4208,47,48,49,0,0,0,276,0,66,0,0,27,42,332,,,,
14960,Grey Acuity Debuff (ST),4209,47,48,49,59,76,57,0,0,66,0,0,27,0,332,,,,
14961,Green Acuity Debuff (ST),4210,47,48,49,59,76,57,0,0,66,0,0,27,0,332,,,,
14962,Blue Acuity Debuff (ST),4211,47,48,49,59,76,57,0,0,66,0,0,27,0,332,,,,
14963,Yellow Acuity Debuff (ST)),4212,47,48,49,59,76,57,0,0,66,0,0,27,0,332,,,,
14964,Red Acuity Debuff (ST),4213,47,48,49,59,76,57,0,0,66,0,0,27,0,332,,,,
14965,Grey ST ABS Debuff,4216,35,36,37,218,219,0,0,0,129,0,150,2,129,332,,,,
14966,Green ST ABS Debuff,4217,35,36,37,218,219,0,0,0,129,0,150,2,129,332,,,,
14967,Blue ST ABS Debuff,4218,35,36,37,218,219,0,0,0,129,0,150,2,129,332,,,,
14968,Yellow ST ABS Debuff,4219,35,36,37,218,219,0,0,0,129,0,150,2,129,332,,,,
14969,Red ST ABS Debuff,4220,35,36,37,218,219,0,0,0,129,0,150,2,129,332,,,,
,END OF SPELLS - 15000,,,,,,,,,,,,,,,,,,,
,,,,,,,,,,,,,,,,,,,,
,,,,,,,,,,,,,,,,,,,,
,,,,,,,,,,,,,,,,,,,,
,,,,,,,,,,,,,,,,,,,,
,,,,,,,,,,,,,,,,,,,,
,,,,,,,,,,,,,,,,,,,,
,,,,,,,,,,,,,,,,,,,,
,,,,,,,,,,,,,,,,,,,,
,,,,,,,,,,,,,,,,,,,,
,,,,,,,,,,,,,,,,,,,,
,,,,,,,,,,,,,,,,,,,,
,,,,,,,,,,,,,,,,,,,,
,,,,,,,,,,,,,,,,,,,,
,,,,,,,,,,,,,,,,,,,,
,,,,,,,,,,,,,,,,,,,,
,,,,,,,,,,,,,,,,,,,,
,,,,,,,,,,,,,,,,,,,,
,,,,,,,,,,,,,,,,,,,,
,,,,,,,,,,,,,,,,,,,,
,,,,,,,,,,,,,,,,,,,,
,,,,,,,,,,,,,,,,,,,,
,,,,,,,,,,,,,,,,,,,,
,,,,,,,,,,,,,,,,,,,,
,,,,,,,,,,,,,,,,,,,,
,,,,,,,,,,,,,,,,,,,,
,,,,,,,,,,,,,,,,,,,,
,,,,,,,,,,,,,,,,,,,,
,,,,,,,,,,,,,,,,,,,,
,,,,,,,,,,,,,,,,,,,,
,,,,,,,,,,,,,,,,,,,,
,,,,,,,,,,,,,,,,,,,,
,,,,,,,,,,,,,,,,,,,,
,,,,,,,,,,,,,,,,,,,,
,,,,,,,,,,,,,,,,,,,,
,,,,,,,,,,,,,,,,,,,,
,,,,,,,,,,,,,,,,,,,,
,,,,,,,,,,,,,,,,,,,,
,,,,,,,,,,,,,,,,,,,,
,,,,,,,,,,,,,,,,,,,,
,,,,,,,,,,,,,,,,,,,,
,,,,,,,,,,,,,,,,,,,,
,,,,,,,,,,,,,,,,,,,,
,,,,,,,,,,,,,,,,,,,,
,,,,,,,,,,,,,,,,,,,,
,,,,,,,,,,,,,,,,,,,,
,,,,,,,,,,,,,,,,,,,,
,,,,,,,,,,,,,,,,,,,,
,,,,,,,,,,,,,,,,,,,,
,,,,,,,,,,,,,,,,,,,,
,,,,,,,,,,,,,,,,,,,,
,,,,,,,,,,,,,,,,,,,,
,,,,,,,,,,,,,,,,,,,,
,,,,,,,,,,,,,,,,,,,,
,,,,,,,,,,,,,,,,,,,,
,,,,,,,,,,,,,,,,,,,,
,,,,,,,,,,,,,,,,,,,,
,,,,,,,,,,,,,,,,,,,,
,,,,,,,,,,,,,,,,,,,,
,,,,,,,,,,,,,,,,,,,,
,,,,,,,,,,,,,,,,,,,,
,,,,,,,,,,,,,,,,,,,,
,,,,,,,,,,,,,,,,,,,,
,,,,,,,,,,,,,,,,,,,,
,,,,,,,,,,,,,,,,,,,,
,,,,,,,,,,,,,,,,,,,,
,,,,,,,,,,,,,,,,,,,,
,,,,,,,,,,,,,,,,,,,,
,,,,,,,,,,,,,,,,,,,,
,,,,,,,,,,,,,,,,,,,,
,,,,,,,,,,,,,,,,,,,,
,,,,,,,,,,,,,,,,,,,,
,,,,,,,,,,,,,,,,,,,,
,,,,,,,,,,,,,,,,,,,,
,,,,,,,,,,,,,,,,,,,,
,,,,,,,,,,,,,,,,,,,,
,,,,,,,,,,,,,,,,,,,,
,,,,,,,,,,,,,,,,,,,,
,,,,,,,,,,,,,,,,,,,,
,,,,,,,,,,,,,,,,,,,,
,,,,,,,,,,,,,,,,,,,,
,,,,,,,,,,,,,,,,,,,,
,,,,,,,,,,,,,,,,,,,,
,,,,,,,,,,,,,,,,,,,,
,,,,,,,,,,,,,,,,,,,,
,,,,,,,,,,,,,,,,,,,,
,,,,,,,,,,,,,,,,,,,,
,,,,,,,,,,,,,,,,,,,,
,,,,,,,,,,,,,,,,,,,,
,,,,,,,,,,,,,,,,,,,,
,,,,,,,,,,,,,,,,,,,,
,,,,,,,,,,,,,,,,,,,,
,,,,,,,,,,,,,,,,,,,,
,,,,,,,,,,,,,,,,,,,,
,,,,,,,,,,,,,,,,,,,,
,,,,,,,,,,,,,,,,,,,,
,,,,,,,,,,,,,,,,,,,,
,,,,,,,,,,,,,,,,,,,,
,,,,,,,,,,,,,,,,,,,,
,,,,,,,,,,,,,,,,,,,,
,,,,,,,,,,,,,,,,,,,,
,,,,,,,,,,,,,,,,,,,,
,,,,,,,,,,,,,,,,,,,,
,,,,,,,,,,,,,,,,,,,,
,,,,,,,,,,,,,,,,,,,,
,,,,,,,,,,,,,,,,,,,,
,,,,,,,,,,,,,,,,,,,,
,,,,,,,,,,,,,,,,,,,,
,,,,,,,,,,,,,,,,,,,,
,,,,,,,,,,,,,,,,,,,,
,,,,,,,,,,,,,,,,,,,,
,,,,,,,,,,,,,,,,,,,,
,,,,,,,,,,,,,,,,,,,,
,,,,,,,,,,,,,,,,,,,,
,,,,,,,,,,,,,,,,,,,,
,,,,,,,,,,,,,,,,,,,,
,,,,,,,,,,,,,,,,,,,,
,,,,,,,,,,,,,,,,,,,,
,,,,,,,,,,,,,,,,,,,,
,,,,,,,,,,,,,,,,,,,,
,,,,,,,,,,,,,,,,,,,,
,,,,,,,,,,,,,,,,,,,,
,,,,,,,,,,,,,,,,,,,,
,,,,,,,,,,,,,,,,,,,,
,,,,,,,,,,,,,,,,,,,,
,,,,,,,,,,,,,,,,,,,,
,,,,,,,,,,,,,,,,,,,,
,,,,,,,,,,,,,,,,,,,,
,,,,,,,,,,,,,,,,,,,,
,,,,,,,,,,,,,,,,,,,,
,,,,,,,,,,,,,,,,,,,,
,,,,,,,,,,,,,,,,,,,,
,,,,,,,,,,,,,,,,,,,,
,,,,,,,,,,,,,,,,,,,,
,,,,,,,,,,,,,,,,,,,,
,,,,,,,,,,,,,,,,,,,,
,,,,,,,,,,,,,,,,,,,,
,,,,,,,,,,,,,,,,,,,,
,,,,,,,,,,,,,,,,,,,,
,,,,,,,,,,,,,,,,,,,,
,,,,,,,,,,,,,,,,,,,,
,,,,,,,,,,,,,,,,,,,,
,,,,,,,,,,,,,,,,,,,,
,,,,,,,,,,,,,,,,,,,,
,,,,,,,,,,,,,,,,,,,,
,,,,,,,,,,,,,,,,,,,,
,,,,,,,,,,,,,,,,,,,,
,,,,,,,,,,,,,,,,,,,,
,,,,,,,,,,,,,,,,,,,,
,,,,,,,,,,,,,,,,,,,,
,,,,,,,,,,,,,,,,,,,,
,,,,,,,,,,,,,,,,,,,,
,,,,,,,,,,,,,,,,,,,,
,,,,,,,,,,,,,,,,,,,,
,,,,,,,,,,,,,,,,,,,,
,,,,,,,,,,,,,,,,,,,,
,,,,,,,,,,,,,,,,,,,,
,,,,,,,,,,,,,,,,,,,,
,,,,,,,,,,,,,,,,,,,,
,,,,,,,,,,,,,,,,,,,,
,,,,,,,,,,,,,,,,,,,,
,,,,,,,,,,,,,,,,,,,,
,,,,,,,,,,,,,,,,,,,,
,,,,,,,,,,,,,,,,,,,,
,,,,,,,,,,,,,,,,,,,,
,,,,,,,,,,,,,,,,,,,,
,,,,,,,,,,,,,,,,,,,,
,,,,,,,,,,,,,,,,,,,,
,,,,,,,,,,,,,,,,,,,,
,,,,,,,,,,,,,,,,,,,,
,,,,,,,,,,,,,,,,,,,,
,,,,,,,,,,,,,,,,,,,,
,,,,,,,,,,,,,,,,,,,,
,,,,,,,,,,,,,,,,,,,,
,,,,,,,,,,,,,,,,,,,,
,,,,,,,,,,,,,,,,,,,,
,,,,,,,,,,,,,,,,,,,,
,,,,,,,,,,,,,,,,,,,,
,,,,,,,,,,,,,,,,,,,,
,,,,,,,,,,,,,,,,,,,,
,,,,,,,,,,,,,,,,,,,,
,,,,,,,,,,,,,,,,,,,,
,,,,,,,,,,,,,,,,,,,,
,,,,,,,,,,,,,,,,,,,,
,,,,,,,,,,,,,,,,,,,,
,,,,,,,,,,,,,,,,,,,,
,,,,,,,,,,,,,,,,,,,,
,,,,,,,,,,,,,,,,,,,,
,,,,,,,,,,,,,,,,,,,,
,,,,,,,,,,,,,,,,,,,,
,,,,,,,,,,,,,,,,,,,,
,,,,,,,,,,,,,,,,,,,,
,,,,,,,,,,,,,,,,,,,,
,,,,,,,,,,,,,,,,,,,,
,,,,,,,,,,,,,,,,,,,,
,,,,,,,,,,,,,,,,,,,,
,,,,,,,,,,,,,,,,,,,,
,,,,,,,,,,,,,,,,,,,,
,,,,,,,,,,,,,,,,,,,,
,,,,,,,,,,,,,,,,,,,,
,,,,,,,,,,,,,,,,,,,,
,,,,,,,,,,,,,,,,,,,,
,,,,,,,,,,,,,,,,,,,,
,,,,,,,,,,,,,,,,,,,,
,,,,,,,,,,,,,,,,,,,,
,,,,,,,,,,,,,,,,,,,,
,,,,,,,,,,,,,,,,,,,,
,,,,,,,,,,,,,,,,,,,,
,,,,,,,,,,,,,,,,,,,,
,,,,,,,,,,,,,,,,,,,,
,,,,,,,,,,,,,,,,,,,,
,,,,,,,,,,,,,,,,,,,,
,,,,,,,,,,,,,,,,,,,,
,,,,,,,,,,,,,,,,,,,,
,,,,,,,,,,,,,,,,,,,,
,,,,,,,,,,,,,,,,,,,,
,,,,,,,,,,,,,,,,,,,,
,,,,,,,,,,,,,,,,,,,,
,,,,,,,,,,,,,,,,,,,,
,,,,,,,,,,,,,,,,,,,,
,,,,,,,,,,,,,,,,,,,,
,,,,,,,,,,,,,,,,,,,,
,,,,,,,,,,,,,,,,,,,,
,,,,,,,,,,,,,,,,,,,,
,,,,,,,,,,,,,,,,,,,,
,,,,,,,,,,,,,,,,,,,,
,,,,,,,,,,,,,,,,,,,,
,,,,,,,,,,,,,,,,,,,,
,,,,,,,,,,,,,,,,,,,,
,,,,,,,,,,,,,,,,,,,,
,,,,,,,,,,,,,,,,,,,,
,,,,,,,,,,,,,,,,,,,,
,,,,,,,,,,,,,,,,,,,,
,,,,,,,,,,,,,,,,,,,,
,,,,,,,,,,,,,,,,,,,,
,,,,,,,,,,,,,,,,,,,,
,,,,,,,,,,,,,,,,,,,,
,,,,,,,,,,,,,,,,,,,,
,,,,,,,,,,,,,,,,,,,,
,,,,,,,,,,,,,,,,,,,,
,,,,,,,,,,,,,,,,,,,,
,,,,,,,,,,,,,,,,,,,,
,,,,,,,,,,,,,,,,,,,,
,,,,,,,,,,,,,,,,,,,,
,,,,,,,,,,,,,,,,,,,,
,,,,,,,,,,,,,,,,,,,,
,,,,,,,,,,,,,,,,,,,,
,,,,,,,,,,,,,,,,,,,,
,,,,,,,,,,,,,,,,,,,,
,,,,,,,,,,,,,,,,,,,,
,,,,,,,,,,,,,,,,,,,,
,,,,,,,,,,,,,,,,,,,,
,,,,,,,,,,,,,,,,,,,,
,,,,,,,,,,,,,,,,,,,,
,,,,,,,,,,,,,,,,,,,,
,,,,,,,,,,,,,,,,,,,,
,,,,,,,,,,,,,,,,,,,,
,,,,,,,,,,,,,,,,,,,,
,,,,,,,,,,,,,,,,,,,,
,,,,,,,,,,,,,,,,,,,,
,,,,,,,,,,,,,,,,,,,,
,,,,,,,,,,,,,,,,,,,,
,,,,,,,,,,,,,,,,,,,,
,,,,,,,,,,,,,,,,,,,,
,,,,,,,,,,,,,,,,,,,,
,,,,,,,,,,,,,,,,,,,,
,,,,,,,,,,,,,,,,,,,,
,,,,,,,,,,,,,,,,,,,,
,,,,,,,,,,,,,,,,,,,,
,,,,,,,,,,,,,,,,,,,,
,,,,,,,,,,,,,,,,,,,,
,,,,,,,,,,,,,,,,,,,,
,,,,,,,,,,,,,,,,,,,,
,,,,,,,,,,,,,,,,,,,,
,,,,,,,,,,,,,,,,,,,,
,,,,,,,,,,,,,,,,,,,,
,,,,,,,,,,,,,,,,,,,,
,,,,,,,,,,,,,,,,,,,,
,,,,,,,,,,,,,,,,,,,,
,,,,,,,,,,,,,,,,,,,,
,,,,,,,,,,,,,,,,,,,,
,,,,,,,,,,,,,,,,,,,,
,,,,,,,,,,,,,,,,,,,,
,,,,,,,,,,,,,,,,,,,,
,,,,,,,,,,,,,,,,,,,,
,,,,,,,,,,,,,,,,,,,,
,,,,,,,,,,,,,,,,,,,,
,,,,,,,,,,,,,,,,,,,,
,,,,,,,,,,,,,,,,,,,,
,,,,,,,,,,,,,,,,,,,,
,,,,,,,,,,,,,,,,,,,,
,,,,,,,,,,,,,,,,,,,,
,,,,,,,,,,,,,,,,,,,,
,,,,,,,,,,,,,,,,,,,,
,,,,,,,,,,,,,,,,,,,,
,,,,,,,,,,,,,,,,,,,,
,,,,,,,,,,,,,,,,,,,,
,,,,,,,,,,,,,,,,,,,,
,,,,,,,,,,,,,,,,,,,,
,,,,,,,,,,,,,,,,,,,,
,,,,,,,,,,,,,,,,,,,,
,,,,,,,,,,,,,,,,,,,,
,,,,,,,,,,,,,,,,,,,,
,,,,,,,,,,,,,,,,,,,,
,,,,,,,,,,,,,,,,,,,,
,,,,,,,,,,,,,,,,,,,,
,,,,,,,,,,,,,,,,,,,,
,,,,,,,,,,,,,,,,,,,,
,,,,,,,,,,,,,,,,,,,,
,,,,,,,,,,,,,,,,,,,,
,,,,,,,,,,,,,,,,,,,,
,,,,,,,,,,,,,,,,,,,,
,,,,,,,,,,,,,,,,,,,,
,,,,,,,,,,,,,,,,,,,,
,,,,,,,,,,,,,,,,,,,,
,,,,,,,,,,,,,,,,,,,,
,,,,,,,,,,,,,,,,,,,,
,,,,,,,,,,,,,,,,,,,,
,,,,,,,,,,,,,,,,,,,,
,,,,,,,,,,,,,,,,,,,,
,,,,,,,,,,,,,,,,,,,,
,,,,,,,,,,,,,,,,,,,,
,,,,,,,,,,,,,,,,,,,,
,,,,,,,,,,,,,,,,,,,,
,,,,,,,,,,,,,,,,,,,,
,,,,,,,,,,,,,,,,,,,,
,,,,,,,,,,,,,,,,,,,,
,,,,,,,,,,,,,,,,,,,,
,,,,,,,,,,,,,,,,,,,,
,,,,,,,,,,,,,,,,,,,,
,,,,,,,,,,,,,,,,,,,,
,,,,,,,,,,,,,,,,,,,,
,,,,,,,,,,,,,,,,,,,,
,,,,,,,,,,,,,,,,,,,,
,,,,,,,,,,,,,,,,,,,,
,,,,,,,,,,,,,,,,,,,,
,,,,,,,,,,,,,,,,,,,,
,,,,,,,,,,,,,,,,,,,,
,,,,,,,,,,,,,,,,,,,,
,,,,,,,,,,,,,,,,,,,,
,,,,,,,,,,,,,,,,,,,,
,,,,,,,,,,,,,,,,,,,,
,,,,,,,,,,,,,,,,,,,,
,,,,,,,,,,,,,,,,,,,,
,,,,,,,,,,,,,,,,,,,,
,,,,,,,,,,,,,,,,,,,,
,,,,,,,,,,,,,,,,,,,,
,,,,,,,,,,,,,,,,,,,,
,,,,,,,,,,,,,,,,,,,,
,,,,,,,,,,,,,,,,,,,,
,,,,,,,,,,,,,,,,,,,,
,,,,,,,,,,,,,,,,,,,,
,,,,,,,,,,,,,,,,,,,,
,,,,,,,,,,,,,,,,,,,,
,,,,,,,,,,,,,,,,,,,,
,,,,,,,,,,,,,,,,,,,,
,,,,,,,,,,,,,,,,,,,,
,,,,,,,,,,,,,,,,,,,,
,,,,,,,,,,,,,,,,,,,,
,,,,,,,,,,,,,,,,,,,,
,,,,,,,,,,,,,,,,,,,,
,,,,,,,,,,,,,,,,,,,,
,,,,,,,,,,,,,,,,,,,,
,,,,,,,,,,,,,,,,,,,,
,,,,,,,,,,,,,,,,,,,,
,,,,,,,,,,,,,,,,,,,,
,,,,,,,,,,,,,,,,,,,,
,,,,,,,,,,,,,,,,,,,,
,,,,,,,,,,,,,,,,,,,,
,,,,,,,,,,,,,,,,,,,,
,,,,,,,,,,,,,,,,,,,,
,,,,,,,,,,,,,,,,,,,,
,,,,,,,,,,,,,,,,,,,,
,,,,,,,,,,,,,,,,,,,,
,,,,,,,,,,,,,,,,,,,,
,,,,,,,,,,,,,,,,,,,,
,,,,,,,,,,,,,,,,,,,,
,,,,,,,,,,,,,,,,,,,,
,,,,,,,,,,,,,,,,,,,,
,,,,,,,,,,,,,,,,,,,,
,,,,,,,,,,,,,,,,,,,,
,,,,,,,,,,,,,,,,,,,,
,,,,,,,,,,,,,,,,,,,,
,,,,,,,,,,,,,,,,,,,,
,,,,,,,,,,,,,,,,,,,,
,,,,,,,,,,,,,,,,,,,,
,,,,,,,,,,,,,,,,,,,,
,,,,,,,,,,,,,,,,,,,,
,,,,,,,,,,,,,,,,,,,,
,,,,,,,,,,,,,,,,,,,,
,,,,,,,,,,,,,,,,,,,,
,,,,,,,,,,,,,,,,,,,,
,,,,,,,,,,,,,,,,,,,,
,,,,,,,,,,,,,,,,,,,,
,,,,,,,,,,,,,,,,,,,,
,,,,,,,,,,,,,,,,,,,,
,,,,,,,,,,,,,,,,,,,,
,,,,,,,,,,,,,,,,,,,,
,,,,,,,,,,,,,,,,,,,,
,,,,,,,,,,,,,,,,,,,,
,,,,,,,,,,,,,,,,,,,,
,,,,,,,,,,,,,,,,,,,,
,,,,,,,,,,,,,,,,,,,,
,,,,,,,,,,,,,,,,,,,,
,,,,,,,,,,,,,,,,,,,,
,,,,,,,,,,,,,,,,,,,,
,,,,,,,,,,,,,,,,,,,,
,,,,,,,,,,,,,,,,,,,,
,,,,,,,,,,,,,,,,,,,,
,,,,,,,,,,,,,,,,,,,,
,,,,,,,,,,,,,,,,,,,,
,,,,,,,,,,,,,,,,,,,,
,,,,,,,,,,,,,,,,,,,,
,,,,,,,,,,,,,,,,,,,,
,,,,,,,,,,,,,,,,,,,,
,,,,,,,,,,,,,,,,,,,,
,,,,,,,,,,,,,,,,,,,,
,,,,,,,,,,,,,,,,,,,,
,,,,,,,,,,,,,,,,,,,,
,,,,,,,,,,,,,,,,,,,,
,,,,,,,,,,,,,,,,,,,,
,,,,,,,,,,,,,,,,,,,,
,,,,,,,,,,,,,,,,,,,,
,,,,,,,,,,,,,,,,,,,,
,,,,,,,,,,,,,,,,,,,,
,,,,,,,,,,,,,,,,,,,,
,,,,,,,,,,,,,,,,,,,,
,,,,,,,,,,,,,,,,,,,,
,,,,,,,,,,,,,,,,,,,,
,,,,,,,,,,,,,,,,,,,,
,,,,,,,,,,,,,,,,,,,,
,,,,,,,,,,,,,,,,,,,,
,,,,,,,,,,,,,,,,,,,,
,,,,,,,,,,,,,,,,,,,,
,,,,,,,,,,,,,,,,,,,,
,,,,,,,,,,,,,,,,,,,,
,,,,,,,,,,,,,,,,,,,,
,,,,,,,,,,,,,,,,,,,,
,,,,,,,,,,,,,,,,,,,,
,,,,,,,,,,,,,,,,,,,,
,,,,,,,,,,,,,,,,,,,,
,,,,,,,,,,,,,,,,,,,,
,,,,,,,,,,,,,,,,,,,,
,,,,,,,,,,,,,,,,,,,,
,,,,,,,,,,,,,,,,,,,,
,,,,,,,,,,,,,,,,,,,,
,,,,,,,,,,,,,,,,,,,,
,,,,,,,,,,,,,,,,,,,,
,,,,,,,,,,,,,,,,,,,,
,,,,,,,,,,,,,,,,,,,,
,,,,,,,,,,,,,,,,,,,,
,,,,,,,,,,,,,,,,,,,,
,,,,,,,,,,,,,,,,,,,,
,,,,,,,,,,,,,,,,,,,,
,,,,,,,,,,,,,,,,,,,,
,,,,,,,,,,,,,,,,,,,,
,,,,,,,,,,,,,,,,,,,,
,,,,,,,,,,,,,,,,,,,,
,,,,,,,,,,,,,,,,,,,,
,,,,,,,,,,,,,,,,,,,,
,,,,,,,,,,,,,,,,,,,,
,,,,,,,,,,,,,,,,,,,,
,,,,,,,,,,,,,,,,,,,,
,,,,,,,,,,,,,,,,,,,,
,,,,,,,,,,,,,,,,,,,,
,,,,,,,,,,,,,,,,,,,,
,,,,,,,,,,,,,,,,,,,,
,,,,,,,,,,,,,,,,,,,,
,,,,,,,,,,,,,,,,,,,,
,,,,,,,,,,,,,,,,,,,,
,,,,,,,,,,,,,,,,,,,,
,,,,,,,,,,,,,,,,,,,,
,,,,,,,,,,,,,,,,,,,,
,,,,,,,,,,,,,,,,,,,,
,,,,,,,,,,,,,,,,,,,,
,,,,,,,,,,,,,,,,,,,,
,,,,,,,,,,,,,,,,,,,,
,,,,,,,,,,,,,,,,,,,,
,,,,,,,,,,,,,,,,,,,,
,,,,,,,,,,,,,,,,,,,,
,,,,,,,,,,,,,,,,,,,,
,,,,,,,,,,,,,,,,,,,,
,,,,,,,,,,,,,,,,,,,,
,,,,,,,,,,,,,,,,,,,,
,,,,,,,,,,,,,,,,,,,,
,,,,,,,,,,,,,,,,,,,,
,,,,,,,,,,,,,,,,,,,,
,,,,,,,,,,,,,,,,,,,,
,,,,,,,,,,,,,,,,,,,,
,,,,,,,,,,,,,,,,,,,,
,,,,,,,,,,,,,,,,,,,,
,,,,,,,,,,,,,,,,,,,,
,,,,,,,,,,,,,,,,,,,,
,,,,,,,,,,,,,,,,,,,,
,,,,,,,,,,,,,,,,,,,,
,,,,,,,,,,,,,,,,,,,,
,,,,,,,,,,,,,,,,,,,,
,,,,,,,,,,,,,,,,,,,,
,,,,,,,,,,,,,,,,,,,,
,,,,,,,,,,,,,,,,,,,,
,,,,,,,,,,,,,,,,,,,,
,,,,,,,,,,,,,,,,,,,,
,,,,,,,,,,,,,,,,,,,,
,,,,,,,,,,,,,,,,,,,,
,,,,,,,,,,,,,,,,,,,,
,,,,,,,,,,,,,,,,,,,,
,,,,,,,,,,,,,,,,,,,,
,,,,,,,,,,,,,,,,,,,,
,,,,,,,,,,,,,,,,,,,,
,,,,,,,,,,,,,,,,,,,,
,,,,,,,,,,,,,,,,,,,,
,,,,,,,,,,,,,,,,,,,,
,,,,,,,,,,,,,,,,,,,,
,,,,,,,,,,,,,,,,,,,,
,,,,,,,,,,,,,,,,,,,,
,,,,,,,,,,,,,,,,,,,,
,,,,,,,,,,,,,,,,,,,,
,,,,,,,,,,,,,,,,,,,,
,,,,,,,,,,,,,,,,,,,,
,,,,,,,,,,,,,,,,,,,,
,,,,,,,,,,,,,,,,,,,,
,,,,,,,,,,,,,,,,,,,,
,,,,,,,,,,,,,,,,,,,,
,,,,,,,,,,,,,,,,,,,,
,,,,,,,,,,,,,,,,,,,,
,,,,,,,,,,,,,,,,,,,,
,,,,,,,,,,,,,,,,,,,,
,,,,,,,,,,,,,,,,,,,,
,,,,,,,,,,,,,,,,,,,,
,,,,,,,,,,,,,,,,,,,,
,,,,,,,,,,,,,,,,,,,,
,,,,,,,,,,,,,,,,,,,,
,,,,,,,,,,,,,,,,,,,,
,,,,,,,,,,,,,,,,,,,,
,,,,,,,,,,,,,,,,,,,,
,,,,,,,,,,,,,,,,,,,,
,,,,,,,,,,,,,,,,,,,,
,,,,,,,,,,,,,,,,,,,,
,,,,,,,,,,,,,,,,,,,,
,,,,,,,,,,,,,,,,,,,,
,,,,,,,,,,,,,,,,,,,,
,,,,,,,,,,,,,,,,,,,,
,,,,,,,,,,,,,,,,,,,,
,,,,,,,,,,,,,,,,,,,,
,,,,,,,,,,,,,,,,,,,,
,,,,,,,,,,,,,,,,,,,,
,,,,,,,,,,,,,,,,,,,,
,,,,,,,,,,,,,,,,,,,,
,,,,,,,,,,,,,,,,,,,,
,,,,,,,,,,,,,,,,,,,,
,,,,,,,,,,,,,,,,,,,,
,,,,,,,,,,,,,,,,,,,,
,,,,,,,,,,,,,,,,,,,,
,,,,,,,,,,,,,,,,,,,,
,,,,,,,,,,,,,,,,,,,,
,,,,,,,,,,,,,,,,,,,,
,,,,,,,,,,,,,,,,,,,,
,,,,,,,,,,,,,,,,,,,,
,,,,,,,,,,,,,,,,,,,,
,,,,,,,,,,,,,,,,,,,,
,,,,,,,,,,,,,,,,,,,,
,,,,,,,,,,,,,,,,,,,,
,,,,,,,,,,,,,,,,,,,,
,,,,,,,,,,,,,,,,,,,,
,,,,,,,,,,,,,,,,,,,,
,,,,,,,,,,,,,,,,,,,,
,,,,,,,,,,,,,,,,,,,,
,,,,,,,,,,,,,,,,,,,,
,,,,,,,,,,,,,,,,,,,,
,,,,,,,,,,,,,,,,,,,,
,,,,,,,,,,,,,,,,,,,,
,,,,,,,,,,,,,,,,,,,,
,,,,,,,,,,,,,,,,,,,,
,,,,,,,,,,,,,,,,,,,,
,,,,,,,,,,,,,,,,,,,,
,,,,,,,,,,,,,,,,,,,,
,,,,,,,,,,,,,,,,,,,,
,,,,,,,,,,,,,,,,,,,,
,,,,,,,,,,,,,,,,,,,,
,,,,,,,,,,,,,,,,,,,,
,,,,,,,,,,,,,,,,,,,,
,,,,,,,,,,,,,,,,,,,,
,,,,,,,,,,,,,,,,,,,,
,,,,,,,,,,,,,,,,,,,,
,,,,,,,,,,,,,,,,,,,,
,,,,,,,,,,,,,,,,,,,,
,,,,,,,,,,,,,,,,,,,,
,,,,,,,,,,,,,,,,,,,,
,,,,,,,,,,,,,,,,,,,,
,,,,,,,,,,,,,,,,,,,,
,,,,,,,,,,,,,,,,,,,,
,,,,,,,,,,,,,,,,,,,,
,,,,,,,,,,,,,,,,,,,,
,,,,,,,,,,,,,,,,,,,,
,,,,,,,,,,,,,,,,,,,,
,,,,,,,,,,,,,,,,,,,,
,,,,,,,,,,,,,,,,,,,,
,,,,,,,,,,,,,,,,,,,,
,,,,,,,,,,,,,,,,,,,,
,,,,,,,,,,,,,,,,,,,,
,,,,,,,,,,,,,,,,,,,,
,,,,,,,,,,,,,,,,,,,,
,,,,,,,,,,,,,,,,,,,,
,,,,,,,,,,,,,,,,,,,,
,,,,,,,,,,,,,,,,,,,,
,,,,,,,,,,,,,,,,,,,,
,,,,,,,,,,,,,,,,,,,,
,,,,,,,,,,,,,,,,,,,,
,,,,,,,,,,,,,,,,,,,,
,,,,,,,,,,,,,,,,,,,,
,,,,,,,,,,,,,,,,,,,,
,,,,,,,,,,,,,,,,,,,,
,,,,,,,,,,,,,,,,,,,,
,,,,,,,,,,,,,,,,,,,,
,,,,,,,,,,,,,,,,,,,,
,,,,,,,,,,,,,,,,,,,,
,,,,,,,,,,,,,,,,,,,,
,,,,,,,,,,,,,,,,,,,,
,,,,,,,,,,,,,,,,,,,,
,,,,,,,,,,,,,,,,,,,,
,,,,,,,,,,,,,,,,,,,,
,,,,,,,,,,,,,,,,,,,,
,,,,,,,,,,,,,,,,,,,,
,,,,,,,,,,,,,,,,,,,,
,,,,,,,,,,,,,,,,,,,,
,,,,,,,,,,,,,,,,,,,,
,,,,,,,,,,,,,,,,,,,,
,,,,,,,,,,,,,,,,,,,,
,,,,,,,,,,,,,,,,,,,,
,,,,,,,,,,,,,,,,,,,,
,,,,,,,,,,,,,,,,,,,,
,,,,,,,,,,,,,,,,,,,,
,,,,,,,,,,,,,,,,,,,,
,,,,,,,,,,,,,,,,,,,,
,,,,,,,,,,,,,,,,,,,,
,,,,,,,,,,,,,,,,,,,,
,,,,,,,,,,,,,,,,,,,,
,,,,,,,,,,,,,,,,,,,,
,,,,,,,,,,,,,,,,,,,,
,,,,,,,,,,,,,,,,,,,,
,,,,,,,,,,,,,,,,,,,,
,,,,,,,,,,,,,,,,,,,,
,,,,,,,,,,,,,,,,,,,,
,,,,,,,,,,,,,,,,,,,,
,,,,,,,,,,,,,,,,,,,,
,,,,,,,,,,,,,,,,,,,,
,,,,,,,,,,,,,,,,,,,,
,,,,,,,,,,,,,,,,,,,,
,,,,,,,,,,,,,,,,,,,,
,,,,,,,,,,,,,,,,,,,,
,,,,,,,,,,,,,,,,,,,,
,,,,,,,,,,,,,,,,,,,,
,,,,,,,,,,,,,,,,,,,,
,,,,,,,,,,,,,,,,,,,,
,,,,,,,,,,,,,,,,,,,,
,,,,,,,,,,,,,,,,,,,,
,,,,,,,,,,,,,,,,,,,,
,,,,,,,,,,,,,,,,,,,,
,,,,,,,,,,,,,,,,,,,,
,,,,,,,,,,,,,,,,,,,,
,,,,,,,,,,,,,,,,,,,,
,,,,,,,,,,,,,,,,,,,,
,,,,,,,,,,,,,,,,,,,,
,,,,,,,,,,,,,,,,,,,,
,,,,,,,,,,,,,,,,,,,,
,,,,,,,,,,,,,,,,,,,,
,,,,,,,,,,,,,,,,,,,,
,,,,,,,,,,,,,,,,,,,,
,,,,,,,,,,,,,,,,,,,,
,,,,,,,,,,,,,,,,,,,,
,,,,,,,,,,,,,,,,,,,,
,,,,,,,,,,,,,,,,,,,,
,,,,,,,,,,,,,,,,,,,,
,,,,,,,,,,,,,,,,,,,,
,,,,,,,,,,,,,,,,,,,,
,,,,,,,,,,,,,,,,,,,,
,,,,,,,,,,,,,,,,,,,,
,,,,,,,,,,,,,,,,,,,,
,,,,,,,,,,,,,,,,,,,,
,,,,,,,,,,,,,,,,,,,,
,,,,,,,,,,,,,,,,,,,,
,,,,,,,,,,,,,,,,,,,,
,,,,,,,,,,,,,,,,,,,,
,,,,,,,,,,,,,,,,,,,,
,,,,,,,,,,,,,,,,,,,,
,,,,,,,,,,,,,,,,,,,,
,,,,,,,,,,,,,,,,,,,,
,,,,,,,,,,,,,,,,,,,,
,,,,,,,,,,,,,,,,,,,,
,,,,,,,,,,,,,,,,,,,,
,,,,,,,,,,,,,,,,,,,,
,,,,,,,,,,,,,,,,,,,,
,,,,,,,,,,,,,,,,,,,,
,,,,,,,,,,,,,,,,,,,,
,,,,,,,,,,,,,,,,,,,,
,,,,,,,,,,,,,,,,,,,,
,,,,,,,,,,,,,,,,,,,,
,,,,,,,,,,,,,,,,,,,,
,,,,,,,,,,,,,,,,,,,,
,,,,,,,,,,,,,,,,,,,,
,,,,,,,,,,,,,,,,,,,,
,,,,,,,,,,,,,,,,,,,,
,,,,,,,,,,,,,,,,,,,,
,,,,,,,,,,,,,,,,,,,,
,,,,,,,,,,,,,,,,,,,,
,,,,,,,,,,,,,,,,,,,,
,,,,,,,,,,,,,,,,,,,,
,,,,,,,,,,,,,,,,,,,,
,,,,,,,,,,,,,,,,,,,,
,,,,,,,,,,,,,,,,,,,,
,,,,,,,,,,,,,,,,,,,,
,,,,,,,,,,,,,,,,,,,,
,,,,,,,,,,,,,,,,,,,,
,,,,,,,,,,,,,,,,,,,,
,,,,,,,,,,,,,,,,,,,,
,,,,,,,,,,,,,,,,,,,,
,,,,,,,,,,,,,,,,,,,,
,,,,,,,,,,,,,,,,,,,,
,,,,,,,,,,,,,,,,,,,,
,,,,,,,,,,,,,,,,,,,,
,,,,,,,,,,,,,,,,,,,,
,,,,,,,,,,,,,,,,,,,,
,,,,,,,,,,,,,,,,,,,,
,,,,,,,,,,,,,,,,,,,,
,,,,,,,,,,,,,,,,,,,,
,,,,,,,,,,,,,,,,,,,,
,,,,,,,,,,,,,,,,,,,,
,,,,,,,,,,,,,,,,,,,,
,,,,,,,,,,,,,,,,,,,,
,,,,,,,,,,,,,,,,,,,,
,,,,,,,,,,,,,,,,,,,,
,,,,,,,,,,,,,,,,,,,,
,,,,,,,,,,,,,,,,,,,,
,,,,,,,,,,,,,,,,,,,,
,,,,,,,,,,,,,,,,,,,,
,,,,,,,,,,,,,,,,,,,,
,,,,,,,,,,,,,,,,,,,,
,,,,,,,,,,,,,,,,,,,,
,,,,,,,,,,,,,,,,,,,,
,,,,,,,,,,,,,,,,,,,,
,,,,,,,,,,,,,,,,,,,,
,,,,,,,,,,,,,,,,,,,,
,,,,,,,,,,,,,,,,,,,,
,,,,,,,,,,,,,,,,,,,,
,,,,,,,,,,,,,,,,,,,,
,,,,,,,,,,,,,,,,,,,,
,,,,,,,,,,,,,,,,,,,,
,,,,,,,,,,,,,,,,,,,,
,,,,,,,,,,,,,,,,,,,,
,,,,,,,,,,,,,,,,,,,,
,,,,,,,,,,,,,,,,,,,,
,,,,,,,,,,,,,,,,,,,,
,,,,,,,,,,,,,,,,,,,,
,,,,,,,,,,,,,,,,,,,,
,,,,,,,,,,,,,,,,,,,,
,,,,,,,,,,,,,,,,,,,,
,,,,,,,,,,,,,,,,,,,,
,,,,,,,,,,,,,,,,,,,,
,,,,,,,,,,,,,,,,,,,,
,,,,,,,,,,,,,,,,,,,,
,,,,,,,,,,,,,,,,,,,,
,,,,,,,,,,,,,,,,,,,,
,,,,,,,,,,,,,,,,,,,,
,,,,,,,,,,,,,,,,,,,,
,,,,,,,,,,,,,,,,,,,,
,,,,,,,,,,,,,,,,,,,,
,,,,,,,,,,,,,,,,,,,,
,,,,,,,,,,,,,,,,,,,,
,,,,,,,,,,,,,,,,,,,,
,,,,,,,,,,,,,,,,,,,,
,,,,,,,,,,,,,,,,,,,,
,,,,,,,,,,,,,,,,,,,,
,,,,,,,,,,,,,,,,,,,,
,,,,,,,,,,,,,,,,,,,,
,,,,,,,,,,,,,,,,,,,,
,,,,,,,,,,,,,,,,,,,,
,,,,,,,,,,,,,,,,,,,,
,,,,,,,,,,,,,,,,,,,,
,,,,,,,,,,,,,,,,,,,,
,,,,,,,,,,,,,,,,,,,,
,,,,,,,,,,,,,,,,,,,,
,,,,,,,,,,,,,,,,,,,,
,,,,,,,,,,,,,,,,,,,,
,,,,,,,,,,,,,,,,,,,,
,,,,,,,,,,,,,,,,,,,,
,,,,,,,,,,,,,,,,,,,,
,,,,,,,,,,,,,,,,,,,,
,,,,,,,,,,,,,,,,,,,,
,,,,,,,,,,,,,,,,,,,,
,,,,,,,,,,,,,,,,,,,,
,,,,,,,,,,,,,,,,,,,,
,,,,,,,,,,,,,,,,,,,,
,,,,,,,,,,,,,,,,,,,,
,,,,,,,,,,,,,,,,,,,,
,,,,,,,,,,,,,,,,,,,,
,,,,,,,,,,,,,,,,,,,,
,,,,,,,,,,,,,,,,,,,,
,,,,,,,,,,,,,,,,,,,,
,,,,,,,,,,,,,,,,,,,,
,,,,,,,,,,,,,,,,,,,,
,,,,,,,,,,,,,,,,,,,,
,,,,,,,,,,,,,,,,,,,,
,,,,,,,,,,,,,,,,,,,,
,,,,,,,,,,,,,,,,,,,,
,,,,,,,,,,,,,,,,,,,,
,,,,,,,,,,,,,,,,,,,,
,,,,,,,,,,,,,,,,,,,,
,,,,,,,,,,,,,,,,,,,,
,,,,,,,,,,,,,,,,,,,,
,,,,,,,,,,,,,,,,,,,,
,,,,,,,,,,,,,,,,,,,,
,,,,,,,,,,,,,,,,,,,,
,,,,,,,,,,,,,,,,,,,,
,,,,,,,,,,,,,,,,,,,,
,,,,,,,,,,,,,,,,,,,,
,,,,,,,,,,,,,,,,,,,,
,,,,,,,,,,,,,,,,,,,,
,,,,,,,,,,,,,,,,,,,,
,,,,,,,,,,,,,,,,,,,,
,,,,,,,,,,,,,,,,,,,,
,,,,,,,,,,,,,,,,,,,,
,,,,,,,,,,,,,,,,,,,,
,,,,,,,,,,,,,,,,,,,,
,,,,,,,,,,,,,,,,,,,,
,,,,,,,,,,,,,,,,,,,,
,,,,,,,,,,,,,,,,,,,,
,,,,,,,,,,,,,,,,,,,,
,,,,,,,,,,,,,,,,,,,,
,,,,,,,,,,,,,,,,,,,,
,,,,,,,,,,,,,,,,,,,,
,,,,,,,,,,,,,,,,,,,,
,,,,,,,,,,,,,,,,,,,,
,,,,,,,,,,,,,,,,,,,,
,,,,,,,,,,,,,,,,,,,,
,,,,,,,,,,,,,,,,,,,,
,,,,,,,,,,,,,,,,,,,,
,,,,,,,,,,,,,,,,,,,,
,,,,,,,,,,,,,,,,,,,,
,,,,,,,,,,,,,,,,,,,,
,,,,,,,,,,,,,,,,,,,,
,,,,,,,,,,,,,,,,,,,,
,,,,,,,,,,,,,,,,,,,,
,,,,,,,,,,,,,,,,,,,,
,,,,,,,,,,,,,,,,,,,,
,,,,,,,,,,,,,,,,,,,,
,,,,,,,,,,,,,,,,,,,,
,,,,,,,,,,,,,,,,,,,,
,,,,,,,,,,,,,,,,,,,,
,,,,,,,,,,,,,,,,,,,,
,,,,,,,,,,,,,,,,,,,,
,,,,,,,,,,,,,,,,,,,,
,,,,,,,,,,,,,,,,,,,,
,,,,,,,,,,,,,,,,,,,,
,,,,,,,,,,,,,,,,,,,,
,,,,,,,,,,,,,,,,,,,,
,,,,,,,,,,,,,,,,,,,,
,,,,,,,,,,,,,,,,,,,,
,,,,,,,,,,,,,,,,,,,,
,,,,,,,,,,,,,,,,,,,,
,,,,,,,,,,,,,,,,,,,,
,,,,,,,,,,,,,,,,,,,,
,,,,,,,,,,,,,,,,,,,,
,,,,,,,,,,,,,,,,,,,,
,,,,,,,,,,,,,,,,,,,,
,,,,,,,,,,,,,,,,,,,,
,,,,,,,,,,,,,,,,,,,,
,,,,,,,,,,,,,,,,,,,,
,,,,,,,,,,,,,,,,,,,,
,,,,,,,,,,,,,,,,,,,,
,,,,,,,,,,,,,,,,,,,,
,,,,,,,,,,,,,,,,,,,,
,,,,,,,,,,,,,,,,,,,,
,,,,,,,,,,,,,,,,,,,,
,,,,,,,,,,,,,,,,,,,,
,,,,,,,,,,,,,,,,,,,,
,,,,,,,,,,,,,,,,,,,,
,,,,,,,,,,,,,,,,,,,,
,,,,,,,,,,,,,,,,,,,,
,,,,,,,,,,,,,,,,,,,,
,,,,,,,,,,,,,,,,,,,,
,,,,,,,,,,,,,,,,,,,,
,,,,,,,,,,,,,,,,,,,,
,,,,,,,,,,,,,,,,,,,,
,,,,,,,,,,,,,,,,,,,,
,,,,,,,,,,,,,,,,,,,,
,,,,,,,,,,,,,,,,,,,,
,,,,,,,,,,,,,,,,,,,,
,,,,,,,,,,,,,,,,,,,,
,,,,,,,,,,,,,,,,,,,,
,,,,,,,,,,,,,,,,,,,,
,,,,,,,,,,,,,,,,,,,,
,,,,,,,,,,,,,,,,,,,,
,,,,,,,,,,,,,,,,,,,,
,,,,,,,,,,,,,,,,,,,,
,,,,,,,,,,,,,,,,,,,,
,,,,,,,,,,,,,,,,,,,,
,,,,,,,,,,,,,,,,,,,,
,,,,,,,,,,,,,,,,,,,,
,,,,,,,,,,,,,,,,,,,,
,,,,,,,,,,,,,,,,,,,,
,,,,,,,,,,,,,,,,,,,,
,,,,,,,,,,,,,,,,,,,,
,,,,,,,,,,,,,,,,,,,,
,,,,,,,,,,,,,,,,,,,,
,,,,,,,,,,,,,,,,,,,,
,,,,,,,,,,,,,,,,,,,,
,,,,,,,,,,,,,,,,,,,,
,,,,,,,,,,,,,,,,,,,,
,,,,,,,,,,,,,,,,,,,,
,,,,,,,,,,,,,,,,,,,,
,,,,,,,,,,,,,,,,,,,,
,,,,,,,,,,,,,,,,,,,,
,,,,,,,,,,,,,,,,,,,,
,,,,,,,,,,,,,,,,,,,,
,,,,,,,,,,,,,,,,,,,,
,,,,,,,,,,,,,,,,,,,,
,,,,,,,,,,,,,,,,,,,,
,,,,,,,,,,,,,,,,,,,,
,,,,,,,,,,,,,,,,,,,,
,,,,,,,,,,,,,,,,,,,,
,,,,,,,,,,,,,,,,,,,,
,,,,,,,,,,,,,,,,,,,,
,,,,,,,,,,,,,,,,,,,,
,,,,,,,,,,,,,,,,,,,,
,,,,,,,,,,,,,,,,,,,,
,,,,,,,,,,,,,,,,,,,,
,,,,,,,,,,,,,,,,,,,,
,,,,,,,,,,,,,,,,,,,,
,,,,,,,,,,,,,,,,,,,,
,,,,,,,,,,,,,,,,,,,,
,,,,,,,,,,,,,,,,,,,,
,,,,,,,,,,,,,,,,,,,,
,,,,,,,,,,,,,,,,,,,,
,,,,,,,,,,,,,,,,,,,,
,,,,,,,,,,,,,,,,,,,,
,,,,,,,,,,,,,,,,,,,,
,,,,,,,,,,,,,,,,,,,,
,,,,,,,,,,,,,,,,,,,,
,,,,,,,,,,,,,,,,,,,,
,,,,,,,,,,,,,,,,,,,,
,,,,,,,,,,,,,,,,,,,,
,,,,,,,,,,,,,,,,,,,,
,,,,,,,,,,,,,,,,,,,,
,,,,,,,,,,,,,,,,,,,,
,,,,,,,,,,,,,,,,,,,,
,,,,,,,,,,,,,,,,,,,,
,,,,,,,,,,,,,,,,,,,,
,,,,,,,,,,,,,,,,,,,,
,,,,,,,,,,,,,,,,,,,,
,,,,,,,,,,,,,,,,,,,,
,,,,,,,,,,,,,,,,,,,,
,,,,,,,,,,,,,,,,,,,,
,,,,,,,,,,,,,,,,,,,,
,,,,,,,,,,,,,,,,,,,,
,,,,,,,,,,,,,,,,,,,,
,,,,,,,,,,,,,,,,,,,,
,,,,,,,,,,,,,,,,,,,,
,,,,,,,,,,,,,,,,,,,,
,,,,,,,,,,,,,,,,,,,,
,,,,,,,,,,,,,,,,,,,,
,,,,,,,,,,,,,,,,,,,,
,,,,,,,,,,,,,,,,,,,,
,,,,,,,,,,,,,,,,,,,,
,,,,,,,,,,,,,,,,,,,,
,,,,,,,,,,,,,,,,,,,,
,,,,,,,,,,,,,,,,,,,,
,,,,,,,,,,,,,,,,,,,,
,,,,,,,,,,,,,,,,,,,,
,,,,,,,,,,,,,,,,,,,,
,,,,,,,,,,,,,,,,,,,,
,,,,,,,,,,,,,,,,,,,,
,,,,,,,,,,,,,,,,,,,,
,,,,,,,,,,,,,,,,,,,,
,,,,,,,,,,,,,,,,,,,,
,,,,,,,,,,,,,,,,,,,,
,,,,,,,,,,,,,,,,,,,,
,,,,,,,,,,,,,,,,,,,,
,,,,,,,,,,,,,,,,,,,,
,,,,,,,,,,,,,,,,,,,,
,,,,,,,,,,,,,,,,,,,,
,,,,,,,,,,,,,,,,,,,,
,,,,,,,,,,,,,,,,,,,,
,,,,,,,,,,,,,,,,,,,,
,,,,,,,,,,,,,,,,,,,,
,,,,,,,,,,,,,,,,,,,,
,,,,,,,,,,,,,,,,,,,,
,,,,,,,,,,,,,,,,,,,,
,,,,,,,,,,,,,,,,,,,,
,,,,,,,,,,,,,,,,,,,,
,,,,,,,,,,,,,,,,,,,,
,,,,,,,,,,,,,,,,,,,,
,,,,,,,,,,,,,,,,,,,,
,,,,,,,,,,,,,,,,,,,,
,,,,,,,,,,,,,,,,,,,,
,,,,,,,,,,,,,,,,,,,,
,,,,,,,,,,,,,,,,,,,,
,,,,,,,,,,,,,,,,,,,,
,,,,,,,,,,,,,,,,,,,,
,,,,,,,,,,,,,,,,,,,,
,,,,,,,,,,,,,,,,,,,,
,,,,,,,,,,,,,,,,,,,,
,,,,,,,,,,,,,,,,,,,,
,,,,,,,,,,,,,,,,,,,,
,,,,,,,,,,,,,,,,,,,,
,,,,,,,,,,,,,,,,,,,,
,,,,,,,,,,,,,,,,,,,,
,,,,,,,,,,,,,,,,,,,,
,,,,,,,,,,,,,,,,,,,,
,,,,,,,,,,,,,,,,,,,,
,,,,,,,,,,,,,,,,,,,,
,,,,,,,,,,,,,,,,,,,,
,,,,,,,,,,,,,,,,,,,,
,,,,,,,,,,,,,,,,,,,,
,,,,,,,,,,,,,,,,,,,,
,,,,,,,,,,,,,,,,,,,,
,,,,,,,,,,,,,,,,,,,,
,,,,,,,,,,,,,,,,,,,,
,,,,,,,,,,,,,,,,,,,,
,,,,,,,,,,,,,,,,,,,,
,,,,,,,,,,,,,,,,,,,,
,,,,,,,,,,,,,,,,,,,,
,,,,,,,,,,,,,,,,,,,,
,,,,,,,,,,,,,,,,,,,,
,,,,,,,,,,,,,,,,,,,,
,,,,,,,,,,,,,,,,,,,,
,,,,,,,,,,,,,,,,,,,,
,,,,,,,,,,,,,,,,,,,,
,,,,,,,,,,,,,,,,,,,,
,,,,,,,,,,,,,,,,,,,,
,,,,,,,,,,,,,,,,,,,,
,,,,,,,,,,,,,,,,,,,,
,,,,,,,,,,,,,,,,,,,,
,,,,,,,,,,,,,,,,,,,,
,,,,,,,,,,,,,,,,,,,,
,,,,,,,,,,,,,,,,,,,,
,,,,,,,,,,,,,,,,,,,,
,,,,,,,,,,,,,,,,,,,,
,,,,,,,,,,,,,,,,,,,,
,,,,,,,,,,,,,,,,,,,,
,,,,,,,,,,,,,,,,,,,,
,,,,,,,,,,,,,,,,,,,,
,,,,,,,,,,,,,,,,,,,,
,,,,,,,,,,,,,,,,,,,,
,,,,,,,,,,,,,,,,,,,,
,,,,,,,,,,,,,,,,,,,,
,,,,,,,,,,,,,,,,,,,,
,,,,,,,,,,,,,,,,,,,,
,,,,,,,,,,,,,,,,,,,,
,,,,,,,,,,,,,,,,,,,,
,,,,,,,,,,,,,,,,,,,,
,,,,,,,,,,,,,,,,,,,,
,,,,,,,,,,,,,,,,,,,,
,,,,,,,,,,,,,,,,,,,,
,,,,,,,,,,,,,,,,,,,,
,,,,,,,,,,,,,,,,,,,,
,,,,,,,,,,,,,,,,,,,,
,,,,,,,,,,,,,,,,,,,,
,,,,,,,,,,,,,,,,,,,,
,,,,,,,,,,,,,,,,,,,,
,,,,,,,,,,,,,,,,,,,,
,,,,,,,,,,,,,,,,,,,,
,,,,,,,,,,,,,,,,,,,,
,,,,,,,,,,,,,,,,,,,,
,,,,,,,,,,,,,,,,,,,,
,,,,,,,,,,,,,,,,,,,,
,,,,,,,,,,,,,,,,,,,,
,,,,,,,,,,,,,,,,,,,,
,,,,,,,,,,,,,,,,,,,,
,,,,,,,,,,,,,,,,,,,,
,,,,,,,,,,,,,,,,,,,,
,,,,,,,,,,,,,,,,,,,,
,,,,,,,,,,,,,,,,,,,,
,,,,,,,,,,,,,,,,,,,,
,,,,,,,,,,,,,,,,,,,,
,,,,,,,,,,,,,,,,,,,,
,,,,,,,,,,,,,,,,,,,,
,,,,,,,,,,,,,,,,,,,,
,,,,,,,,,,,,,,,,,,,,
,,,,,,,,,,,,,,,,,,,,
,,,,,,,,,,,,,,,,,,,,
,,,,,,,,,,,,,,,,,,,,
,,,,,,,,,,,,,,,,,,,,
,,,,,,,,,,,,,,,,,,,,
,,,,,,,,,,,,,,,,,,,,
,,,,,,,,,,,,,,,,,,,,
,,,,,,,,,,,,,,,,,,,,
,,,,,,,,,,,,,,,,,,,,
,,,,,,,,,,,,,,,,,,,,
,,,,,,,,,,,,,,,,,,,,
,,,,,,,,,,,,,,,,,,,,
,,,,,,,,,,,,,,,,,,,,
,,,,,,,,,,,,,,,,,,,,
,,,,,,,,,,,,,,,,,,,,
,,,,,,,,,,,,,,,,,,,,
,,,,,,,,,,,,,,,,,,,,
,,,,,,,,,,,,,,,,,,,,
,,,,,,,,,,,,,,,,,,,,
,,,,,,,,,,,,,,,,,,,,
,,,,,,,,,,,,,,,,,,,,
,,,,,,,,,,,,,,,,,,,,
,,,,,,,,,,,,,,,,,,,,
,,,,,,,,,,,,,,,,,,,,
,,,,,,,,,,,,,,,,,,,,
,,,,,,,,,,,,,,,,,,,,
,,,,,,,,,,,,,,,,,,,,
,,,,,,,,,,,,,,,,,,,,
,,,,,,,,,,,,,,,,,,,,
,,,,,,,,,,,,,,,,,,,,
,,,,,,,,,,,,,,,,,,,,
,,,,,,,,,,,,,,,,,,,,
,,,,,,,,,,,,,,,,,,,,
,,,,,,,,,,,,,,,,,,,,
,,,,,,,,,,,,,,,,,,,,
,,,,,,,,,,,,,,,,,,,,
,,,,,,,,,,,,,,,,,,,,
,,,,,,,,,,,,,,,,,,,,
,,,,,,,,,,,,,,,,,,,,
,,,,,,,,,,,,,,,,,,,,
,,,,,,,,,,,,,,,,,,,,
,,,,,,,,,,,,,,,,,,,,
,,,,,,,,,,,,,,,,,,,,
,,,,,,,,,,,,,,,,,,,,
,,,,,,,,,,,,,,,,,,,,
,,,,,,,,,,,,,,,,,,,,
,,,,,,,,,,,,,,,,,,,,
,,,,,,,,,,,,,,,,,,,,
,,,,,,,,,,,,,,,,,,,,
,,,,,,,,,,,,,,,,,,,,
,,,,,,,,,,,,,,,,,,,,
,,,,,,,,,,,,,,,,,,,,
,,,,,,,,,,,,,,,,,,,,
,,,,,,,,,,,,,,,,,,,,
,,,,,,,,,,,,,,,,,,,,
,,,,,,,,,,,,,,,,,,,,
,,,,,,,,,,,,,,,,,,,,
,,,,,,,,,,,,,,,,,,,,
,,,,,,,,,,,,,,,,,,,,
,,,,,,,,,,,,,,,,,,,,
,,,,,,,,,,,,,,,,,,,,
,,,,,,,,,,,,,,,,,,,,
,,,,,,,,,,,,,,,,,,,,
,,,,,,,,,,,,,,,,,,,,
,,,,,,,,,,,,,,,,,,,,
,,,,,,,,,,,,,,,,,,,,
,,,,,,,,,,,,,,,,,,,,
,,,,,,,,,,,,,,,,,,,,
,,,,,,,,,,,,,,,,,,,,
,,,,,,,,,,,,,,,,,,,,
,,,,,,,,,,,,,,,,,,,,
,,,,,,,,,,,,,,,,,,,,
,,,,,,,,,,,,,,,,,,,,
,,,,,,,,,,,,,,,,,,,,
,,,,,,,,,,,,,,,,,,,,
,,,,,,,,,,,,,,,,,,,,
,,,,,,,,,,,,,,,,,,,,
,,,,,,,,,,,,,,,,,,,,
,,,,,,,,,,,,,,,,,,,,
,,,,,,,,,,,,,,,,,,,,
,,,,,,,,,,,,,,,,,,,,
,,,,,,,,,,,,,,,,,,,,
,,,,,,,,,,,,,,,,,,,,
,,,,,,,,,,,,,,,,,,,,
,,,,,,,,,,,,,,,,,,,,
,,,,,,,,,,,,,,,,,,,,
,,,,,,,,,,,,,,,,,,,,
,,,,,,,,,,,,,,,,,,,,
,,,,,,,,,,,,,,,,,,,,
,,,,,,,,,,,,,,,,,,,,
,,,,,,,,,,,,,,,,,,,,
,,,,,,,,,,,,,,,,,,,,
,,,,,,,,,,,,,,,,,,,,
,,,,,,,,,,,,,,,,,,,,
,,,,,,,,,,,,,,,,,,,,
,,,,,,,,,,,,,,,,,,,,
,,,,,,,,,,,,,,,,,,,,
,,,,,,,,,,,,,,,,,,,,
,,,,,,,,,,,,,,,,,,,,
,,,,,,,,,,,,,,,,,,,,
,,,,,,,,,,,,,,,,,,,,
,,,,,,,,,,,,,,,,,,,,
,,,,,,,,,,,,,,,,,,,,
,,,,,,,,,,,,,,,,,,,,
,,,,,,,,,,,,,,,,,,,,
,,,,,,,,,,,,,,,,,,,,
,,,,,,,,,,,,,,,,,,,,
,,,,,,,,,,,,,,,,,,,,
,,,,,,,,,,,,,,,,,,,,
,,,,,,,,,,,,,,,,,,,,
,,,,,,,,,,,,,,,,,,,,
,,,,,,,,,,,,,,,,,,,,
,,,,,,,,,,,,,,,,,,,,
,,,,,,,,,,,,,,,,,,,,
,,,,,,,,,,,,,,,,,,,,
,,,,,,,,,,,,,,,,,,,,
,,,,,,,,,,,,,,,,,,,,
,,,,,,,,,,,,,,,,,,,,
,,,,,,,,,,,,,,,,,,,,
,,,,,,,,,,,,,,,,,,,,
,,,,,,,,,,,,,,,,,,,,
,,,,,,,,,,,,,,,,,,,,
,,,,,,,,,,,,,,,,,,,,
,,,,,,,,,,,,,,,,,,,,
,,,,,,,,,,,,,,,,,,,,
,,,,,,,,,,,,,,,,,,,,
,,,,,,,,,,,,,,,,,,,,
,,,,,,,,,,,,,,,,,,,,
,,,,,,,,,,,,,,,,,,,,
,,,,,,,,,,,,,,,,,,,,
,,,,,,,,,,,,,,,,,,,,
,,,,,,,,,,,,,,,,,,,,
,,,,,,,,,,,,,,,,,,,,
,,,,,,,,,,,,,,,,,,,,
,,,,,,,,,,,,,,,,,,,,
,,,,,,,,,,,,,,,,,,,,
,,,,,,,,,,,,,,,,,,,,
,,,,,,,,,,,,,,,,,,,,
,,,,,,,,,,,,,,,,,,,,
,,,,,,,,,,,,,,,,,,,,
,,,,,,,,,,,,,,,,,,,,
,,,,,,,,,,,,,,,,,,,,
,,,,,,,,,,,,,,,,,,,,
,,,,,,,,,,,,,,,,,,,,
,,,,,,,,,,,,,,,,,,,,
,,,,,,,,,,,,,,,,,,,,
,,,,,,,,,,,,,,,,,,,,
,,,,,,,,,,,,,,,,,,,,
,,,,,,,,,,,,,,,,,,,,
,,,,,,,,,,,,,,,,,,,,
,,,,,,,,,,,,,,,,,,,,
,,,,,,,,,,,,,,,,,,,,
,,,,,,,,,,,,,,,,,,,,
,,,,,,,,,,,,,,,,,,,,
,,,,,,,,,,,,,,,,,,,,
,,,,,,,,,,,,,,,,,,,,
,,,,,,,,,,,,,,,,,,,,
,,,,,,,,,,,,,,,,,,,,
,,,,,,,,,,,,,,,,,,,,
,,,,,,,,,,,,,,,,,,,,
,,,,,,,,,,,,,,,,,,,,
,,,,,,,,,,,,,,,,,,,,
,,,,,,,,,,,,,,,,,,,,
,,,,,,,,,,,,,,,,,,,,
,,,,,,,,,,,,,,,,,,,,
,,,,,,,,,,,,,,,,,,,,
,,,,,,,,,,,,,,,,,,,,
,,,,,,,,,,,,,,,,,,,,
,,,,,,,,,,,,,,,,,,,,
,,,,,,,,,,,,,,,,,,,,
,,,,,,,,,,,,,,,,,,,,
,,,,,,,,,,,,,,,,,,,,
,,,,,,,,,,,,,,,,,,,,
,,,,,,,,,,,,,,,,,,,,
,,,,,,,,,,,,,,,,,,,,
,,,,,,,,,,,,,,,,,,,,
,,,,,,,,,,,,,,,,,,,,
,,,,,,,,,,,,,,,,,,,,
,,,,,,,,,,,,,,,,,,,,
,,,,,,,,,,,,,,,,,,,,
,,,,,,,,,,,,,,,,,,,,
,,,,,,,,,,,,,,,,,,,,
,,,,,,,,,,,,,,,,,,,,
,,,,,,,,,,,,,,,,,,,,
,,,,,,,,,,,,,,,,,,,,
,,,,,,,,,,,,,,,,,,,,
,,,,,,,,,,,,,,,,,,,,
,,,,,,,,,,,,,,,,,,,,
,,,,,,,,,,,,,,,,,,,,
,,,,,,,,,,,,,,,,,,,,
,,,,,,,,,,,,,,,,,,,,
,,,,,,,,,,,,,,,,,,,,
,,,,,,,,,,,,,,,,,,,,
,,,,,,,,,,,,,,,,,,,,
,,,,,,,,,,,,,,,,,,,,
,,,,,,,,,,,,,,,,,,,,
,,,,,,,,,,,,,,,,,,,,
,,,,,,,,,,,,,,,,,,,,
,,,,,,,,,,,,,,,,,,,,
,,,,,,,,,,,,,,,,,,,,
,,,,,,,,,,,,,,,,,,,,
,,,,,,,,,,,,,,,,,,,,
,,,,,,,,,,,,,,,,,,,,
,,,,,,,,,,,,,,,,,,,,
,,,,,,,,,,,,,,,,,,,,
,,,,,,,,,,,,,,,,,,,,
,,,,,,,,,,,,,,,,,,,,
,,,,,,,,,,,,,,,,,,,,
,,,,,,,,,,,,,,,,,,,,
,,,,,,,,,,,,,,,,,,,,
,,,,,,,,,,,,,,,,,,,,
,,,,,,,,,,,,,,,,,,,,
,,,,,,,,,,,,,,,,,,,,
,,,,,,,,,,,,,,,,,,,,
,,,,,,,,,,,,,,,,,,,,
,,,,,,,,,,,,,,,,,,,,
,,,,,,,,,,,,,,,,,,,,
,,,,,,,,,,,,,,,,,,,,
,,,,,,,,,,,,,,,,,,,,
,,,,,,,,,,,,,,,,,,,,
,,,,,,,,,,,,,,,,,,,,
,,,,,,,,,,,,,,,,,,,,
,,,,,,,,,,,,,,,,,,,,
,,,,,,,,,,,,,,,,,,,,
,,,,,,,,,,,,,,,,,,,,
,,,,,,,,,,,,,,,,,,,,
,,,,,,,,,,,,,,,,,,,,
,,,,,,,,,,,,,,,,,,,,
,,,,,,,,,,,,,,,,,,,,
,,,,,,,,,,,,,,,,,,,,
,,,,,,,,,,,,,,,,,,,,
,,,,,,,,,,,,,,,,,,,,
,,,,,,,,,,,,,,,,,,,,
,,,,,,,,,,,,,,,,,,,,
,,,,,,,,,,,,,,,,,,,,
,,,,,,,,,,,,,,,,,,,,
,,,,,,,,,,,,,,,,,,,,
,,,,,,,,,,,,,,,,,,,,
,,,,,,,,,,,,,,,,,,,,
,,,,,,,,,,,,,,,,,,,,
,,,,,,,,,,,,,,,,,,,,
,,,,,,,,,,,,,,,,,,,,
,,,,,,,,,,,,,,,,,,,,
,,,,,,,,,,,,,,,,,,,,
,,,,,,,,,,,,,,,,,,,,
,,,,,,,,,,,,,,,,,,,,
,,,,,,,,,,,,,,,,,,,,
,,,,,,,,,,,,,,,,,,,,
,,,,,,,,,,,,,,,,,,,,
,,,,,,,,,,,,,,,,,,,,
,,,,,,,,,,,,,,,,,,,,
,,,,,,,,,,,,,,,,,,,,
,,,,,,,,,,,,,,,,,,,,
,,,,,,,,,,,,,,,,,,,,
,,,,,,,,,,,,,,,,,,,,
,,,,,,,,,,,,,,,,,,,,
,,,,,,,,,,,,,,,,,,,,
,,,,,,,,,,,,,,,,,,,,
,,,,,,,,,,,,,,,,,,,,
,,,,,,,,,,,,,,,,,,,,
,,,,,,,,,,,,,,,,,,,,
,,,,,,,,,,,,,,,,,,,,
,,,,,,,,,,,,,,,,,,,,
,,,,,,,,,,,,,,,,,,,,
,,,,,,,,,,,,,,,,,,,,
,,,,,,,,,,,,,,,,,,,,
,,,,,,,,,,,,,,,,,,,,
,,,,,,,,,,,,,,,,,,,,
,,,,,,,,,,,,,,,,,,,,
,,,,,,,,,,,,,,,,,,,,
,,,,,,,,,,,,,,,,,,,,
,,,,,,,,,,,,,,,,,,,,
,,,,,,,,,,,,,,,,,,,,
,,,,,,,,,,,,,,,,,,,,
,,,,,,,,,,,,,,,,,,,,
,,,,,,,,,,,,,,,,,,,,
,,,,,,,,,,,,,,,,,,,,
,,,,,,,,,,,,,,,,,,,,
,,,,,,,,,,,,,,,,,,,,
,,,,,,,,,,,,,,,,,,,,
,,,,,,,,,,,,,,,,,,,,
,,,,,,,,,,,,,,,,,,,,
,,,,,,,,,,,,,,,,,,,,
,,,,,,,,,,,,,,,,,,,,
,,,,,,,,,,,,,,,,,,,,
,,,,,,,,,,,,,,,,,,,,
,,,,,,,,,,,,,,,,,,,,
,,,,,,,,,,,,,,,,,,,,
,,,,,,,,,,,,,,,,,,,,
,,,,,,,,,,,,,,,,,,,,
,,,,,,,,,,,,,,,,,,,,
,,,,,,,,,,,,,,,,,,,,
,,,,,,,,,,,,,,,,,,,,
,,,,,,,,,,,,,,,,,,,,
,,,,,,,,,,,,,,,,,,,,
,,,,,,,,,,,,,,,,,,,,
,,,,,,,,,,,,,,,,,,,,
,,,,,,,,,,,,,,,,,,,,
,,,,,,,,,,,,,,,,,,,,
,,,,,,,,,,,,,,,,,,,,
,,,,,,,,,,,,,,,,,,,,
,,,,,,,,,,,,,,,,,,,,
,,,,,,,,,,,,,,,,,,,,
,,,,,,,,,,,,,,,,,,,,
,,,,,,,,,,,,,,,,,,,,
,,,,,,,,,,,,,,,,,,,,
,,,,,,,,,,,,,,,,,,,,
,,,,,,,,,,,,,,,,,,,,
,,,,,,,,,,,,,,,,,,,,
,,,,,,,,,,,,,,,,,,,,
,,,,,,,,,,,,,,,,,,,,
,,,,,,,,,,,,,,,,,,,,
,,,,,,,,,,,,,,,,,,,,
,,,,,,,,,,,,,,,,,,,,
,,,,,,,,,,,,,,,,,,,,
,,,,,,,,,,,,,,,,,,,,
,,,,,,,,,,,,,,,,,,,,
,,,,,,,,,,,,,,,,,,,,
,,,,,,,,,,,,,,,,,,,,
,,,,,,,,,,,,,,,,,,,,
,,,,,,,,,,,,,,,,,,,,
,,,,,,,,,,,,,,,,,,,,
,,,,,,,,,,,,,,,,,,,,
,,,,,,,,,,,,,,,,,,,,
,,,,,,,,,,,,,,,,,,,,
,,,,,,,,,,,,,,,,,,,,
,,,,,,,,,,,,,,,,,,,,
,,,,,,,,,,,,,,,,,,,,
,,,,,,,,,,,,,,,,,,,,
,,,,,,,,,,,,,,,,,,,,
,,,,,,,,,,,,,,,,,,,,
,,,,,,,,,,,,,,,,,,,,
,,,,,,,,,,,,,,,,,,,,
,,,,,,,,,,,,,,,,,,,,
,,,,,,,,,,,,,,,,,,,,
,,,,,,,,,,,,,,,,,,,,
,,,,,,,,,,,,,,,,,,,,
,,,,,,,,,,,,,,,,,,,,
,,,,,,,,,,,,,,,,,,,,
,,,,,,,,,,,,,,,,,,,,
,,,,,,,,,,,,,,,,,,,,
,,,,,,,,,,,,,,,,,,,,
,,,,,,,,,,,,,,,,,,,,
,,,,,,,,,,,,,,,,,,,,
,,,,,,,,,,,,,,,,,,,,
,,,,,,,,,,,,,,,,,,,,
,,,,,,,,,,,,,,,,,,,,
,,,,,,,,,,,,,,,,,,,,
,,,,,,,,,,,,,,,,,,,,
,,,,,,,,,,,,,,,,,,,,
,,,,,,,,,,,,,,,,,,,,
,,,,,,,,,,,,,,,,,,,,
,,,,,,,,,,,,,,,,,,,,
,,,,,,,,,,,,,,,,,,,,
,,,,,,,,,,,,,,,,,,,,
,,,,,,,,,,,,,,,,,,,,
,,,,,,,,,,,,,,,,,,,,
,,,,,,,,,,,,,,,,,,,,
,,,,,,,,,,,,,,,,,,,,
,,,,,,,,,,,,,,,,,,,,
,,,,,,,,,,,,,,,,,,,,
,,,,,,,,,,,,,,,,,,,,
,,,,,,,,,,,,,,,,,,,,
,,,,,,,,,,,,,,,,,,,,
,,,,,,,,,,,,,,,,,,,,
,,,,,,,,,,,,,,,,,,,,
,,,,,,,,,,,,,,,,,,,,
,,,,,,,,,,,,,,,,,,,,
,,,,,,,,,,,,,,,,,,,,
,,,,,,,,,,,,,,,,,,,,
,,,,,,,,,,,,,,,,,,,,
,,,,,,,,,,,,,,,,,,,,
,,,,,,,,,,,,,,,,,,,,
,,,,,,,,,,,,,,,,,,,,
,,,,,,,,,,,,,,,,,,,,
,,,,,,,,,,,,,,,,,,,,
,,,,,,,,,,,,,,,,,,,,
,,,,,,,,,,,,,,,,,,,,
,,,,,,,,,,,,,,,,,,,,
,,,,,,,,,,,,,,,,,,,,
,,,,,,,,,,,,,,,,,,,,
,,,,,,,,,,,,,,,,,,,,
,,,,,,,,,,,,,,,,,,,,
,,,,,,,,,,,,,,,,,,,,
,,,,,,,,,,,,,,,,,,,,
,,,,,,,,,,,,,,,,,,,,
,,,,,,,,,,,,,,,,,,,,
,,,,,,,,,,,,,,,,,,,,
,,,,,,,,,,,,,,,,,,,,
,,,,,,,,,,,,,,,,,,,,
,,,,,,,,,,,,,,,,,,,,
,,,,,,,,,,,,,,,,,,,,
,,,,,,,,,,,,,,,,,,,,
,,,,,,,,,,,,,,,,,,,,
,,,,,,,,,,,,,,,,,,,,
,,,,,,,,,,,,,,,,,,,,
,,,,,,,,,,,,,,,,,,,,
,,,,,,,,,,,,,,,,,,,,
,,,,,,,,,,,,,,,,,,,,
,,,,,,,,,,,,,,,,,,,,
,,,,,,,,,,,,,,,,,,,,
,,,,,,,,,,,,,,,,,,,,
,,,,,,,,,,,,,,,,,,,,
,,,,,,,,,,,,,,,,,,,,
,,,,,,,,,,,,,,,,,,,,
,,,,,,,,,,,,,,,,,,,,
,,,,,,,,,,,,,,,,,,,,
,,,,,,,,,,,,,,,,,,,,
,,,,,,,,,,,,,,,,,,,,
,,,,,,,,,,,,,,,,,,,,
,,,,,,,,,,,,,,,,,,,,
,,,,,,,,,,,,,,,,,,,,
,,,,,,,,,,,,,,,,,,,,
,,,,,,,,,,,,,,,,,,,,
,,,,,,,,,,,,,,,,,,,,
,,,,,,,,,,,,,,,,,,,,
,,,,,,,,,,,,,,,,,,,,
,,,,,,,,,,,,,,,,,,,,
,,,,,,,,,,,,,,,,,,,,
,,,,,,,,,,,,,,,,,,,,
,,,,,,,,,,,,,,,,,,,,
,,,,,,,,,,,,,,,,,,,,
,,,,,,,,,,,,,,,,,,,,
,,,,,,,,,,,,,,,,,,,,
,,,,,,,,,,,,,,,,,,,,
,,,,,,,,,,,,,,,,,,,,
,,,,,,,,,,,,,,,,,,,,
,,,,,,,,,,,,,,,,,,,,
,,,,,,,,,,,,,,,,,,,,
,,,,,,,,,,,,,,,,,,,,
,,,,,,,,,,,,,,,,,,,,
,,,,,,,,,,,,,,,,,,,,
,,,,,,,,,,,,,,,,,,,,
,,,,,,,,,,,,,,,,,,,,
,,,,,,,,,,,,,,,,,,,,
,,,,,,,,,,,,,,,,,,,,
,,,,,,,,,,,,,,,,,,,,
,,,,,,,,,,,,,,,,,,,,
,,,,,,,,,,,,,,,,,,,,
,,,,,,,,,,,,,,,,,,,,
,,,,,,,,,,,,,,,,,,,,
,,,,,,,,,,,,,,,,,,,,
,,,,,,,,,,,,,,,,,,,,
,,,,,,,,,,,,,,,,,,,,
,,,,,,,,,,,,,,,,,,,,
,,,,,,,,,,,,,,,,,,,,
,,,,,,,,,,,,,,,,,,,,
,,,,,,,,,,,,,,,,,,,,
,,,,,,,,,,,,,,,,,,,,
,,,,,,,,,,,,,,,,,,,,
,,,,,,,,,,,,,,,,,,,,
,,,,,,,,,,,,,,,,,,,,
,,,,,,,,,,,,,,,,,,,,
,,,,,,,,,,,,,,,,,,,,
,,,,,,,,,,,,,,,,,,,,
,,,,,,,,,,,,,,,,,,,,
,,,,,,,,,,,,,,,,,,,,
,,,,,,,,,,,,,,,,,,,,
,,,,,,,,,,,,,,,,,,,,
,,,,,,,,,,,,,,,,,,,,
,,,,,,,,,,,,,,,,,,,,
,,,,,,,,,,,,,,,,,,,,
,,,,,,,,,,,,,,,,,,,,
,,,,,,,,,,,,,,,,,,,,
,,,,,,,,,,,,,,,,,,,,
,,,,,,,,,,,,,,,,,,,,
,,,,,,,,,,,,,,,,,,,,
,,,,,,,,,,,,,,,,,,,,
,,,,,,,,,,,,,,,,,,,,
,,,,,,,,,,,,,,,,,,,,
,,,,,,,,,,,,,,,,,,,,
,,,,,,,,,,,,,,,,,,,,
,,,,,,,,,,,,,,,,,,,,
,,,,,,,,,,,,,,,,,,,,
,,,,,,,,,,,,,,,,,,,,
,,,,,,,,,,,,,,,,,,,,
,,,,,,,,,,,,,,,,,,,,
,,,,,,,,,,,,,,,,,,,,
,,,,,,,,,,,,,,,,,,,,
,,,,,,,,,,,,,,,,,,,,
,,,,,,,,,,,,,,,,,,,,
,,,,,,,,,,,,,,,,,,,,
,,,,,,,,,,,,,,,,,,,,
,,,,,,,,,,,,,,,,,,,,
,,,,,,,,,,,,,,,,,,,,
,,,,,,,,,,,,,,,,,,,,
,,,,,,,,,,,,,,,,,,,,
,,,,,,,,,,,,,,,,,,,,
,,,,,,,,,,,,,,,,,,,,
,,,,,,,,,,,,,,,,,,,,
,,,,,,,,,,,,,,,,,,,,
,,,,,,,,,,,,,,,,,,,,
,,,,,,,,,,,,,,,,,,,,
,,,,,,,,,,,,,,,,,,,,
,,,,,,,,,,,,,,,,,,,,
,,,,,,,,,,,,,,,,,,,,
,,,,,,,,,,,,,,,,,,,,
,,,,,,,,,,,,,,,,,,,,
,,,,,,,,,,,,,,,,,,,,
,,,,,,,,,,,,,,,,,,,,
,,,,,,,,,,,,,,,,,,,,
,,,,,,,,,,,,,,,,,,,,
,,,,,,,,,,,,,,,,,,,,
,,,,,,,,,,,,,,,,,,,,
,,,,,,,,,,,,,,,,,,,,
,,,,,,,,,,,,,,,,,,,,
,,,,,,,,,,,,,,,,,,,,
,,,,,,,,,,,,,,,,,,,,
,,,,,,,,,,,,,,,,,,,,
,,,,,,,,,,,,,,,,,,,,
,,,,,,,,,,,,,,,,,,,,
,,,,,,,,,,,,,,,,,,,,
,,,,,,,,,,,,,,,,,,,,
,,,,,,,,,,,,,,,,,,,,
,,,,,,,,,,,,,,,,,,,,
,,,,,,,,,,,,,,,,,,,,
,,,,,,,,,,,,,,,,,,,,
,,,,,,,,,,,,,,,,,,,,
,,,,,,,,,,,,,,,,,,,,
,,,,,,,,,,,,,,,,,,,,
,,,,,,,,,,,,,,,,,,,,
,,,,,,,,,,,,,,,,,,,,
,,,,,,,,,,,,,,,,,,,,
,,,,,,,,,,,,,,,,,,,,
,,,,,,,,,,,,,,,,,,,,
,,,,,,,,,,,,,,,,,,,,
,,,,,,,,,,,,,,,,,,,,
,,,,,,,,,,,,,,,,,,,,
,,,,,,,,,,,,,,,,,,,,
,,,,,,,,,,,,,,,,,,,,
,,,,,,,,,,,,,,,,,,,,
,,,,,,,,,,,,,,,,,,,,
,,,,,,,,,,,,,,,,,,,,
,,,,,,,,,,,,,,,,,,,,
,,,,,,,,,,,,,,,,,,,,
,,,,,,,,,,,,,,,,,,,,
,,,,,,,,,,,,,,,,,,,,
,,,,,,,,,,,,,,,,,,,,
,,,,,,,,,,,,,,,,,,,,
,,,,,,,,,,,,,,,,,,,,
,,,,,,,,,,,,,,,,,,,,
,,,,,,,,,,,,,,,,,,,,
,,,,,,,,,,,,,,,,,,,,
,,,,,,,,,,,,,,,,,,,,
,,,,,,,,,,,,,,,,,,,,
,,,,,,,,,,,,,,,,,,,,
,,,,,,,,,,,,,,,,,,,,
,,,,,,,,,,,,,,,,,,,,
,,,,,,,,,,,,,,,,,,,,
,,,,,,,,,,,,,,,,,,,,
,,,,,,,,,,,,,,,,,,,,
,,,,,,,,,,,,,,,,,,,,
,,,,,,,,,,,,,,,,,,,,
,,,,,,,,,,,,,,,,,,,,
,,,,,,,,,,,,,,,,,,,,
,,,,,,,,,,,,,,,,,,,,
,,,,,,,,,,,,,,,,,,,,
,,,,,,,,,,,,,,,,,,,,
,,,,,,,,,,,,,,,,,,,,
,,,,,,,,,,,,,,,,,,,,
,,,,,,,,,,,,,,,,,,,,
,,,,,,,,,,,,,,,,,,,,
,,,,,,,,,,,,,,,,,,,,
,,,,,,,,,,,,,,,,,,,,
,,,,,,,,,,,,,,,,,,,,
,,,,,,,,,,,,,,,,,,,,
,,,,,,,,,,,,,,,,,,,,
,,,,,,,,,,,,,,,,,,,,
,,,,,,,,,,,,,,,,,,,,
,,,,,,,,,,,,,,,,,,,,
,,,,,,,,,,,,,,,,,,,,
,,,,,,,,,,,,,,,,,,,,
,,,,,,,,,,,,,,,,,,,,
,,,,,,,,,,,,,,,,,,,,
,,,,,,,,,,,,,,,,,,,,
,,,,,,,,,,,,,,,,,,,,
,,,,,,,,,,,,,,,,,,,,
,,,,,,,,,,,,,,,,,,,,
,,,,,,,,,,,,,,,,,,,,
,,,,,,,,,,,,,,,,,,,,
,,,,,,,,,,,,,,,,,,,,
,,,,,,,,,,,,,,,,,,,,
,,,,,,,,,,,,,,,,,,,,
,,,,,,,,,,,,,,,,,,,,
,,,,,,,,,,,,,,,,,,,,
,,,,,,,,,,,,,,,,,,,,
,,,,,,,,,,,,,,,,,,,,
,,,,,,,,,,,,,,,,,,,,
,,,,,,,,,,,,,,,,,,,,
,,,,,,,,,,,,,,,,,,,,
,,,,,,,,,,,,,,,,,,,,
,,,,,,,,,,,,,,,,,,,,
,,,,,,,,,,,,,,,,,,,,
,,,,,,,,,,,,,,,,,,,,
,,,,,,,,,,,,,,,,,,,,
,,,,,,,,,,,,,,,,,,,,
,,,,,,,,,,,,,,,,,,,,
,,,,,,,,,,,,,,,,,,,,
,,,,,,,,,,,,,,,,,,,,
,,,,,,,,,,,,,,,,,,,,
,,,,,,,,,,,,,,,,,,,,
,,,,,,,,,,,,,,,,,,,,
,,,,,,,,,,,,,,,,,,,,
,,,,,,,,,,,,,,,,,,,,
,,,,,,,,,,,,,,,,,,,,
,,,,,,,,,,,,,,,,,,,,
,,,,,,,,,,,,,,,,,,,,
,,,,,,,,,,,,,,,,,,,,
,,,,,,,,,,,,,,,,,,,,
,,,,,,,,,,,,,,,,,,,,
,,,,,,,,,,,,,,,,,,,,
,,,,,,,,,,,,,,,,,,,,
,,,,,,,,,,,,,,,,,,,,
,,,,,,,,,,,,,,,,,,,,
,,,,,,,,,,,,,,,,,,,,
,,,,,,,,,,,,,,,,,,,,
,,,,,,,,,,,,,,,,,,,,
,,,,,,,,,,,,,,,,,,,,
,,,,,,,,,,,,,,,,,,,,
,,,,,,,,,,,,,,,,,,,,
,,,,,,,,,,,,,,,,,,,,
,,,,,,,,,,,,,,,,,,,,
,,,,,,,,,,,,,,,,,,,,
,,,,,,,,,,,,,,,,,,,,
,,,,,,,,,,,,,,,,,,,,
,,,,,,,,,,,,,,,,,,,,
,,,,,,,,,,,,,,,,,,,,
,,,,,,,,,,,,,,,,,,,,
,,,,,,,,,,,,,,,,,,,,
,,,,,,,,,,,,,,,,,,,,
,,,,,,,,,,,,,,,,,,,,
,,,,,,,,,,,,,,,,,,,,
,,,,,,,,,,,,,,,,,,,,
,,,,,,,,,,,,,,,,,,,,
,,,,,,,,,,,,,,,,,,,,
,,,,,,,,,,,,,,,,,,,,
,,,,,,,,,,,,,,,,,,,,
,,,,,,,,,,,,,,,,,,,,
,,,,,,,,,,,,,,,,,,,,
,,,,,,,,,,,,,,,,,,,,
,,,,,,,,,,,,,,,,,,,,
,,,,,,,,,,,,,,,,,,,,
,,,,,,,,,,,,,,,,,,,,
,,,,,,,,,,,,,,,,,,,,
,,,,,,,,,,,,,,,,,,,,
,,,,,,,,,,,,,,,,,,,,
,,,,,,,,,,,,,,,,,,,,
,,,,,,,,,,,,,,,,,,,,
,,,,,,,,,,,,,,,,,,,,
,,,,,,,,,,,,,,,,,,,,
,,,,,,,,,,,,,,,,,,,,
,,,,,,,,,,,,,,,,,,,,
,,,,,,,,,,,,,,,,,,,,
,,,,,,,,,,,,,,,,,,,,
,,,,,,,,,,,,,,,,,,,,
,,,,,,,,,,,,,,,,,,,,
,,,,,,,,,,,,,,,,,,,,
,,,,,,,,,,,,,,,,,,,,
,,,,,,,,,,,,,,,,,,,,
,,,,,,,,,,,,,,,,,,,,
,,,,,,,,,,,,,,,,,,,,
,,,,,,,,,,,,,,,,,,,,
,,,,,,,,,,,,,,,,,,,,
,,,,,,,,,,,,,,,,,,,,
,,,,,,,,,,,,,,,,,,,,
,,,,,,,,,,,,,,,,,,,,
,,,,,,,,,,,,,,,,,,,,
,,,,,,,,,,,,,,,,,,,,
,,,,,,,,,,,,,,,,,,,,
,,,,,,,,,,,,,,,,,,,,
,,,,,,,,,,,,,,,,,,,,
,,,,,,,,,,,,,,,,,,,,
,,,,,,,,,,,,,,,,,,,,
,,,,,,,,,,,,,,,,,,,,
,,,,,,,,,,,,,,,,,,,,
,,,,,,,,,,,,,,,,,,,,
,,,,,,,,,,,,,,,,,,,,
,,,,,,,,,,,,,,,,,,,,
,,,,,,,,,,,,,,,,,,,,
,,,,,,,,,,,,,,,,,,,,
,,,,,,,,,,,,,,,,,,,,
,,,,,,,,,,,,,,,,,,,,
,,,,,,,,,,,,,,,,,,,,
,,,,,,,,,,,,,,,,,,,,
,,,,,,,,,,,,,,,,,,,,
,,,,,,,,,,,,,,,,,,,,
,,,,,,,,,,,,,,,,,,,,
,,,,,,,,,,,,,,,,,,,,
,,,,,,,,,,,,,,,,,,,,
,,,,,,,,,,,,,,,,,,,,
,,,,,,,,,,,,,,,,,,,,
,,,,,,,,,,,,,,,,,,,,
,,,,,,,,,,,,,,,,,,,,
,,,,,,,,,,,,,,,,,,,,
,,,,,,,,,,,,,,,,,,,,
,,,,,,,,,,,,,,,,,,,,
,,,,,,,,,,,,,,,,,,,,
,,,,,,,,,,,,,,,,,,,,
,,,,,,,,,,,,,,,,,,,,
,,,,,,,,,,,,,,,,,,,,
,,,,,,,,,,,,,,,,,,,,
,,,,,,,,,,,,,,,,,,,,
,,,,,,,,,,,,,,,,,,,,
,,,,,,,,,,,,,,,,,,,,
,,,,,,,,,,,,,,,,,,,,
,,,,,,,,,,,,,,,,,,,,
,,,,,,,,,,,,,,,,,,,,
,,,,,,,,,,,,,,,,,,,,
,,,,,,,,,,,,,,,,,,,,
,,,,,,,,,,,,,,,,,,,,
,,,,,,,,,,,,,,,,,,,,
,,,,,,,,,,,,,,,,,,,,
,,,,,,,,,,,,,,,,,,,,
,,,,,,,,,,,,,,,,,,,,
,,,,,,,,,,,,,,,,,,,,
,,,,,,,,,,,,,,,,,,,,
,,,,,,,,,,,,,,,,,,,,
,,,,,,,,,,,,,,,,,,,,
,,,,,,,,,,,,,,,,,,,,
,,,,,,,,,,,,,,,,,,,,
,,,,,,,,,,,,,,,,,,,,
,,,,,,,,,,,,,,,,,,,,
,,,,,,,,,,,,,,,,,,,,
,,,,,,,,,,,,,,,,,,,,
,,,,,,,,,,,,,,,,,,,,
,,,,,,,,,,,,,,,,,,,,
,,,,,,,,,,,,,,,,,,,,
,,,,,,,,,,,,,,,,,,,,
,,,,,,,,,,,,,,,,,,,,
,,,,,,,,,,,,,,,,,,,,
,,,,,,,,,,,,,,,,,,,,
,,,,,,,,,,,,,,,,,,,,
,,,,,,,,,,,,,,,,,,,,
,,,,,,,,,,,,,,,,,,,,
,,,,,,,,,,,,,,,,,,,,
,,,,,,,,,,,,,,,,,,,,
,,,,,,,,,,,,,,,,,,,,
,,,,,,,,,,,,,,,,,,,,
,,,,,,,,,,,,,,,,,,,,
,,,,,,,,,,,,,,,,,,,,
,,,,,,,,,,,,,,,,,,,,
,,,,,,,,,,,,,,,,,,,,
,,,,,,,,,,,,,,,,,,,,
,,,,,,,,,,,,,,,,,,,,
,,,,,,,,,,,,,,,,,,,,
,,,,,,,,,,,,,,,,,,,,
,,,,,,,,,,,,,,,,,,,,
,,,,,,,,,,,,,,,,,,,,
,,,,,,,,,,,,,,,,,,,,
,,,,,,,,,,,,,,,,,,,,
,,,,,,,,,,,,,,,,,,,,
,,,,,,,,,,,,,,,,,,,,
,,,,,,,,,,,,,,,,,,,,
,,,,,,,,,,,,,,,,,,,,
,,,,,,,,,,,,,,,,,,,,
,,,,,,,,,,,,,,,,,,,,
,,,,,,,,,,,,,,,,,,,,
,,,,,,,,,,,,,,,,,,,,
,,,,,,,,,,,,,,,,,,,,
,,,,,,,,,,,,,,,,,,,,
,,,,,,,,,,,,,,,,,,,,
,,,,,,,,,,,,,,,,,,,,
,,,,,,,,,,,,,,,,,,,,
,,,,,,,,,,,,,,,,,,,,
,,,,,,,,,,,,,,,,,,,,
,,,,,,,,,,,,,,,,,,,,
,,,,,,,,,,,,,,,,,,,,
,,,,,,,,,,,,,,,,,,,,
,,,,,,,,,,,,,,,,,,,,
,,,,,,,,,,,,,,,,,,,,
,,,,,,,,,,,,,,,,,,,,
,,,,,,,,,,,,,,,,,,,,
,,,,,,,,,,,,,,,,,,,,
,,,,,,,,,,,,,,,,,,,,
,,,,,,,,,,,,,,,,,,,,
,,,,,,,,,,,,,,,,,,,,
,,,,,,,,,,,,,,,,,,,,
,,,,,,,,,,,,,,,,,,,,
,,,,,,,,,,,,,,,,,,,,
,,,,,,,,,,,,,,,,,,,,
,,,,,,,,,,,,,,,,,,,,
,,,,,,,,,,,,,,,,,,,,
,,,,,,,,,,,,,,,,,,,,
,,,,,,,,,,,,,,,,,,,,
,,,,,,,,,,,,,,,,,,,,
,,,,,,,,,,,,,,,,,,,,
,,,,,,,,,,,,,,,,,,,,
,,,,,,,,,,,,,,,,,,,,
,,,,,,,,,,,,,,,,,,,,
,,,,,,,,,,,,,,,,,,,,
,,,,,,,,,,,,,,,,,,,,
,,,,,,,,,,,,,,,,,,,,
,,,,,,,,,,,,,,,,,,,,
,,,,,,,,,,,,,,,,,,,,
,,,,,,,,,,,,,,,,,,,,
,,,,,,,,,,,,,,,,,,,,
,,,,,,,,,,,,,,,,,,,,
,,,,,,,,,,,,,,,,,,,,
,,,,,,,,,,,,,,,,,,,,
,,,,,,,,,,,,,,,,,,,,
,,,,,,,,,,,,,,,,,,,,
,,,,,,,,,,,,,,,,,,,,
,,,,,,,,,,,,,,,,,,,,
,,,,,,,,,,,,,,,,,,,,
,,,,,,,,,,,,,,,,,,,,
,,,,,,,,,,,,,,,,,,,,
,,,,,,,,,,,,,,,,,,,,
,,,,,,,,,,,,,,,,,,,,
,,,,,,,,,,,,,,,,,,,,
,,,,,,,,,,,,,,,,,,,,
,,,,,,,,,,,,,,,,,,,,
,,,,,,,,,,,,,,,,,,,,
,,,,,,,,,,,,,,,,,,,,
,,,,,,,,,,,,,,,,,,,,
,,,,,,,,,,,,,,,,,,,,
,,,,,,,,,,,,,,,,,,,,
,,,,,,,,,,,,,,,,,,,,
,,,,,,,,,,,,,,,,,,,,
,,,,,,,,,,,,,,,,,,,,
,,,,,,,,,,,,,,,,,,,,
,,,,,,,,,,,,,,,,,,,,
,,,,,,,,,,,,,,,,,,,,
,,,,,,,,,,,,,,,,,,,,
,,,,,,,,,,,,,,,,,,,,
,,,,,,,,,,,,,,,,,,,,
,,,,,,,,,,,,,,,,,,,,
,,,,,,,,,,,,,,,,,,,,
,,,,,,,,,,,,,,,,,,,,
,,,,,,,,,,,,,,,,,,,,
,,,,,,,,,,,,,,,,,,,,
,,,,,,,,,,,,,,,,,,,,
,,,,,,,,,,,,,,,,,,,,
,,,,,,,,,,,,,,,,,,,,
,,,,,,,,,,,,,,,,,,,,
,,,,,,,,,,,,,,,,,,,,
,,,,,,,,,,,,,,,,,,,,
,,,,,,,,,,,,,,,,,,,,
,,,,,,,,,,,,,,,,,,,,
,,,,,,,,,,,,,,,,,,,,
,,,,,,,,,,,,,,,,,,,,
,,,,,,,,,,,,,,,,,,,,
,,,,,,,,,,,,,,,,,,,,
,,,,,,,,,,,,,,,,,,,,
,,,,,,,,,,,,,,,,,,,,
,,,,,,,,,,,,,,,,,,,,
,,,,,,,,,,,,,,,,,,,,
,,,,,,,,,,,,,,,,,,,,
,,,,,,,,,,,,,,,,,,,,
,,,,,,,,,,,,,,,,,,,,
,,,,,,,,,,,,,,,,,,,,
,,,,,,,,,,,,,,,,,,,,
,,,,,,,,,,,,,,,,,,,,
,,,,,,,,,,,,,,,,,,,,
,,,,,,,,,,,,,,,,,,,,
,,,,,,,,,,,,,,,,,,,,
,,,,,,,,,,,,,,,,,,,,
,,,,,,,,,,,,,,,,,,,,
,,,,,,,,,,,,,,,,,,,,
,,,,,,,,,,,,,,,,,,,,
,,,,,,,,,,,,,,,,,,,,
,,,,,,,,,,,,,,,,,,,,
,,,,,,,,,,,,,,,,,,,,
,,,,,,,,,,,,,,,,,,,,
,,,,,,,,,,,,,,,,,,,,
,,,,,,,,,,,,,,,,,,,,
,,,,,,,,,,,,,,,,,,,,
,,,,,,,,,,,,,,,,,,,,
,,,,,,,,,,,,,,,,,,,,
,,,,,,,,,,,,,,,,,,,,
,,,,,,,,,,,,,,,,,,,,
,,,,,,,,,,,,,,,,,,,,
,,,,,,,,,,,,,,,,,,,,
,,,,,,,,,,,,,,,,,,,,
,,,,,,,,,,,,,,,,,,,,
,,,,,,,,,,,,,,,,,,,,
,,,,,,,,,,,,,,,,,,,,
,,,,,,,,,,,,,,,,,,,,
,,,,,,,,,,,,,,,,,,,,
,,,,,,,,,,,,,,,,,,,,
,,,,,,,,,,,,,,,,,,,,
,,,,,,,,,,,,,,,,,,,,
,,,,,,,,,,,,,,,,,,,,
,,,,,,,,,,,,,,,,,,,,
,,,,,,,,,,,,,,,,,,,,
,,,,,,,,,,,,,,,,,,,,
,,,,,,,,,,,,,,,,,,,,
,,,,,,,,,,,,,,,,,,,,
,,,,,,,,,,,,,,,,,,,,
,,,,,,,,,,,,,,,,,,,,
,,,,,,,,,,,,,,,,,,,,
,,,,,,,,,,,,,,,,,,,,
,,,,,,,,,,,,,,,,,,,,
,,,,,,,,,,,,,,,,,,,,
,,,,,,,,,,,,,,,,,,,,
,,,,,,,,,,,,,,,,,,,,
,,,,,,,,,,,,,,,,,,,,
,,,,,,,,,,,,,,,,,,,,
,,,,,,,,,,,,,,,,,,,,
,,,,,,,,,,,,,,,,,,,,
,,,,,,,,,,,,,,,,,,,,
,,,,,,,,,,,,,,,,,,,,
,,,,,,,,,,,,,,,,,,,,
,,,,,,,,,,,,,,,,,,,,
,,,,,,,,,,,,,,,,,,,,
,,,,,,,,,,,,,,,,,,,,
,,,,,,,,,,,,,,,,,,,,
,,,,,,,,,,,,,,,,,,,,
,,,,,,,,,,,,,,,,,,,,
,,,,,,,,,,,,,,,,,,,,
,,,,,,,,,,,,,,,,,,,,
,,,,,,,,,,,,,,,,,,,,
,,,,,,,,,,,,,,,,,,,,
,,,,,,,,,,,,,,,,,,,,
,,,,,,,,,,,,,,,,,,,,
,,,,,,,,,,,,,,,,,,,,
,,,,,,,,,,,,,,,,,,,,
,,,,,,,,,,,,,,,,,,,,
,,,,,,,,,,,,,,,,,,,,
,,,,,,,,,,,,,,,,,,,,
,,,,,,,,,,,,,,,,,,,,
,,,,,,,,,,,,,,,,,,,,
,,,,,,,,,,,,,,,,,,,,
,,,,,,,,,,,,,,,,,,,,
,,,,,,,,,,,,,,,,,,,,
,,,,,,,,,,,,,,,,,,,,
,,,,,,,,,,,,,,,,,,,,
,,,,,,,,,,,,,,,,,,,,
,,,,,,,,,,,,,,,,,,,,
,,,,,,,,,,,,,,,,,,,,
,,,,,,,,,,,,,,,,,,,,
,,,,,,,,,,,,,,,,,,,,
,,,,,,,,,,,,,,,,,,,,
,,,,,,,,,,,,,,,,,,,,
,,,,,,,,,,,,,,,,,,,,
,,,,,,,,,,,,,,,,,,,,
,,,,,,,,,,,,,,,,,,,,
,,,,,,,,,,,,,,,,,,,,
,,,,,,,,,,,,,,,,,,,,
,,,,,,,,,,,,,,,,,,,,
,,,,,,,,,,,,,,,,,,,,
,,,,,,,,,,,,,,,,,,,,
,,,,,,,,,,,,,,,,,,,,
,,,,,,,,,,,,,,,,,,,,
,,,,,,,,,,,,,,,,,,,,
,,,,,,,,,,,,,,,,,,,,
,,,,,,,,,,,,,,,,,,,,
,,,,,,,,,,,,,,,,,,,,
,,,,,,,,,,,,,,,,,,,,
,,,,,,,,,,,,,,,,,,,,
,,,,,,,,,,,,,,,,,,,,
,,,,,,,,,,,,,,,,,,,,
,,,,,,,,,,,,,,,,,,,,
,,,,,,,,,,,,,,,,,,,,
,,,,,,,,,,,,,,,,,,,,
,,,,,,,,,,,,,,,,,,,,
,,,,,,,,,,,,,,,,,,,,
,,,,,,,,,,,,,,,,,,,,
,,,,,,,,,,,,,,,,,,,,
,,,,,,,,,,,,,,,,,,,,
,,,,,,,,,,,,,,,,,,,,
,,,,,,,,,,,,,,,,,,,,
,,,,,,,,,,,,,,,,,,,,
,,,,,,,,,,,,,,,,,,,,
,,,,,,,,,,,,,,,,,,,,
,,,,,,,,,,,,,,,,,,,,
,,,,,,,,,,,,,,,,,,,,
,,,,,,,,,,,,,,,,,,,,
,,,,,,,,,,,,,,,,,,,,
,,,,,,,,,,,,,,,,,,,,
,,,,,,,,,,,,,,,,,,,,
,,,,,,,,,,,,,,,,,,,,
,,,,,,,,,,,,,,,,,,,,
,,,,,,,,,,,,,,,,,,,,
,,,,,,,,,,,,,,,,,,,,
,,,,,,,,,,,,,,,,,,,,
,,,,,,,,,,,,,,,,,,,,
,,,,,,,,,,,,,,,,,,,,
,,,,,,,,,,,,,,,,,,,,
,,,,,,,,,,,,,,,,,,,,
,,,,,,,,,,,,,,,,,,,,
,,,,,,,,,,,,,,,,,,,,
,,,,,,,,,,,,,,,,,,,,
,,,,,,,,,,,,,,,,,,,,
,,,,,,,,,,,,,,,,,,,,
,,,,,,,,,,,,,,,,,,,,
,,,,,,,,,,,,,,,,,,,,
,,,,,,,,,,,,,,,,,,,,
,,,,,,,,,,,,,,,,,,,,
,,,,,,,,,,,,,,,,,,,,
,,,,,,,,,,,,,,,,,,,,
,,,,,,,,,,,,,,,,,,,,
,,,,,,,,,,,,,,,,,,,,
,,,,,,,,,,,,,,,,,,,,
,,,,,,,,,,,,,,,,,,,,
,,,,,,,,,,,,,,,,,,,,
,,,,,,,,,,,,,,,,,,,,
,,,,,,,,,,,,,,,,,,,,
,,,,,,,,,,,,,,,,,,,,
,,,,,,,,,,,,,,,,,,,,
,,,,,,,,,,,,,,,,,,,,
,,,,,,,,,,,,,,,,,,,,
,,,,,,,,,,,,,,,,,,,,
,,,,,,,,,,,,,,,,,,,,
,,,,,,,,,,,,,,,,,,,,
,,,,,,,,,,,,,,,,,,,,
,,,,,,,,,,,,,,,,,,,,
,,,,,,,,,,,,,,,,,,,,
,,,,,,,,,,,,,,,,,,,,
,,,,,,,,,,,,,,,,,,,,
,,,,,,,,,,,,,,,,,,,,
,,,,,,,,,,,,,,,,,,,,
,,,,,,,,,,,,,,,,,,,,
,,,,,,,,,,,,,,,,,,,,
,,,,,,,,,,,,,,,,,,,,
,,,,,,,,,,,,,,,,,,,,
,,,,,,,,,,,,,,,,,,,,
,,,,,,,,,,,,,,,,,,,,
,,,,,,,,,,,,,,,,,,,,
,,,,,,,,,,,,,,,,,,,,
,,,,,,,,,,,,,,,,,,,,
,,,,,,,,,,,,,,,,,,,,
,,,,,,,,,,,,,,,,,,,,
,,,,,,,,,,,,,,,,,,,,
,,,,,,,,,,,,,,,,,,,,
,,,,,,,,,,,,,,,,,,,,
,,,,,,,,,,,,,,,,,,,,
,,,,,,,,,,,,,,,,,,,,
,,,,,,,,,,,,,,,,,,,,
,,,,,,,,,,,,,,,,,,,,
,,,,,,,,,,,,,,,,,,,,
,,,,,,,,,,,,,,,,,,,,
,,,,,,,,,,,,,,,,,,,,
,,,,,,,,,,,,,,,,,,,,
,,,,,,,,,,,,,,,,,,,,
,,,,,,,,,,,,,,,,,,,,
,,,,,,,,,,,,,,,,,,,,
,,,,,,,,,,,,,,,,,,,,
,,,,,,,,,,,,,,,,,,,,
,,,,,,,,,,,,,,,,,,,,
,,,,,,,,,,,,,,,,,,,,
,,,,,,,,,,,,,,,,,,,,
,,,,,,,,,,,,,,,,,,,,
,,,,,,,,,,,,,,,,,,,,
,,,,,,,,,,,,,,,,,,,,
,,,,,,,,,,,,,,,,,,,,
,,,,,,,,,,,,,,,,,,,,
,,,,,,,,,,,,,,,,,,,,
,,,,,,,,,,,,,,,,,,,,
,,,,,,,,,,,,,,,,,,,,
,,,,,,,,,,,,,,,,,,,,
,,,,,,,,,,,,,,,,,,,,
,,,,,,,,,,,,,,,,,,,,
,,,,,,,,,,,,,,,,,,,,
,,,,,,,,,,,,,,,,,,,,
,,,,,,,,,,,,,,,,,,,,
,,,,,,,,,,,,,,,,,,,,
,,,,,,,,,,,,,,,,,,,,
,,,,,,,,,,,,,,,,,,,,
,,,,,,,,,,,,,,,,,,,,
,,,,,,,,,,,,,,,,,,,,
,,,,,,,,,,,,,,,,,,,,
,,,,,,,,,,,,,,,,,,,,
,,,,,,,,,,,,,,,,,,,,
,,,,,,,,,,,,,,,,,,,,
,,,,,,,,,,,,,,,,,,,,
,,,,,,,,,,,,,,,,,,,,
,,,,,,,,,,,,,,,,,,,,
,,,,,,,,,,,,,,,,,,,,
,,,,,,,,,,,,,,,,,,,,
,,,,,,,,,,,,,,,,,,,,
,,,,,,,,,,,,,,,,,,,,
,,,,,,,,,,,,,,,,,,,,
,,,,,,,,,,,,,,,,,,,,
,,,,,,,,,,,,,,,,,,,,
,,,,,,,,,,,,,,,,,,,,
,,,,,,,,,,,,,,,,,,,,
,,,,,,,,,,,,,,,,,,,,
,,,,,,,,,,,,,,,,,,,,
,,,,,,,,,,,,,,,,,,,,
,,,,,,,,,,,,,,,,,,,,
,,,,,,,,,,,,,,,,,,,,
,,,,,,,,,,,,,,,,,,,,
,,,,,,,,,,,,,,,,,,,,
,,,,,,,,,,,,,,,,,,,,
,,,,,,,,,,,,,,,,,,,,
,,,,,,,,,,,,,,,,,,,,
,,,,,,,,,,,,,,,,,,,,
,,,,,,,,,,,,,,,,,,,,
,,,,,,,,,,,,,,,,,,,,
,,,,,,,,,,,,,,,,,,,,
,,,,,,,,,,,,,,,,,,,,
,,,,,,,,,,,,,,,,,,,,
,,,,,,,,,,,,,,,,,,,,
,,,,,,,,,,,,,,,,,,,,
,,,,,,,,,,,,,,,,,,,,
,,,,,,,,,,,,,,,,,,,,
,,,,,,,,,,,,,,,,,,,,
,,,,,,,,,,,,,,,,,,,,
,,,,,,,,,,,,,,,,,,,,
,,,,,,,,,,,,,,,,,,,,
,,,,,,,,,,,,,,,,,,,,
,,,,,,,,,,,,,,,,,,,,
,,,,,,,,,,,,,,,,,,,,
,,,,,,,,,,,,,,,,,,,,
,,,,,,,,,,,,,,,,,,,,
,,,,,,,,,,,,,,,,,,,,
,,,,,,,,,,,,,,,,,,,,
,,,,,,,,,,,,,,,,,,,,
,,,,,,,,,,,,,,,,,,,,
,,,,,,,,,,,,,,,,,,,,
,,,,,,,,,,,,,,,,,,,,
,,,,,,,,,,,,,,,,,,,,
,,,,,,,,,,,,,,,,,,,,
,,,,,,,,,,,,,,,,,,,,
,,,,,,,,,,,,,,,,,,,,
,,,,,,,,,,,,,,,,,,,,
,,,,,,,,,,,,,,,,,,,,
,,,,,,,,,,,,,,,,,,,,
,,,,,,,,,,,,,,,,,,,,
,,,,,,,,,,,,,,,,,,,,
,,,,,,,,,,,,,,,,,,,,
,,,,,,,,,,,,,,,,,,,,
,,,,,,,,,,,,,,,,,,,,
,,,,,,,,,,,,,,,,,,,,
,,,,,,,,,,,,,,,,,,,,
,,,,,,,,,,,,,,,,,,,,
,,,,,,,,,,,,,,,,,,,,
,,,,,,,,,,,,,,,,,,,,
,,,,,,,,,,,,,,,,,,,,
,,,,,,,,,,,,,,,,,,,,
,,,,,,,,,,,,,,,,,,,,
,,,,,,,,,,,,,,,,,,,,
,,,,,,,,,,,,,,,,,,,,
,,,,,,,,,,,,,,,,,,,,
,,,,,,,,,,,,,,,,,,,,
,,,,,,,,,,,,,,,,,,,,
,,,,,,,,,,,,,,,,,,,,
,,,,,,,,,,,,,,,,,,,,
,,,,,,,,,,,,,,,,,,,,
,,,,,,,,,,,,,,,,,,,,
,,,,,,,,,,,,,,,,,,,,
,,,,,,,,,,,,,,,,,,,,
,,,,,,,,,,,,,,,,,,,,
,,,,,,,,,,,,,,,,,,,,
,,,,,,,,,,,,,,,,,,,,
,,,,,,,,,,,,,,,,,,,,
,,,,,,,,,,,,,,,,,,,,
,,,,,,,,,,,,,,,,,,,,
,,,,,,,,,,,,,,,,,,,,
,,,,,,,,,,,,,,,,,,,,
,,,,,,,,,,,,,,,,,,,,
,,,,,,,,,,,,,,,,,,,,
,,,,,,,,,,,,,,,,,,,,
,,,,,,,,,,,,,,,,,,,,
,,,,,,,,,,,,,,,,,,,,
,,,,,,,,,,,,,,,,,,,,
,,,,,,,,,,,,,,,,,,,,
,,,,,,,,,,,,,,,,,,,,
,,,,,,,,,,,,,,,,,,,,
,,,,,,,,,,,,,,,,,,,,
,,,,,,,,,,,,,,,,,,,,
,,,,,,,,,,,,,,,,,,,,
,,,,,,,,,,,,,,,,,,,,
,,,,,,,,,,,,,,,,,,,,
,,,,,,,,,,,,,,,,,,,,
,,,,,,,,,,,,,,,,,,,,
,,,,,,,,,,,,,,,,,,,,
,,,,,,,,,,,,,,,,,,,,
,,,,,,,,,,,,,,,,,,,,
,,,,,,,,,,,,,,,,,,,,
,,,,,,,,,,,,,,,,,,,,
,,,,,,,,,,,,,,,,,,,,
,,,,,,,,,,,,,,,,,,,,
,,,,,,,,,,,,,,,,,,,,
,,,,,,,,,,,,,,,,,,,,
,,,,,,,,,,,,,,,,,,,,
,,,,,,,,,,,,,,,,,,,,
,,,,,,,,,,,,,,,,,,,,
,,,,,,,,,,,,,,,,,,,,
,,,,,,,,,,,,,,,,,,,,
,,,,,,,,,,,,,,,,,,,,
,,,,,,,,,,,,,,,,,,,,
,,,,,,,,,,,,,,,,,,,,
,,,,,,,,,,,,,,,,,,,,
,,,,,,,,,,,,,,,,,,,,
,,,,,,,,,,,,,,,,,,,,
,,,,,,,,,,,,,,,,,,,,
,,,,,,,,,,,,,,,,,,,,
,,,,,,,,,,,,,,,,,,,,
,,,,,,,,,,,,,,,,,,,,
,,,,,,,,,,,,,,,,,,,,
,,,,,,,,,,,,,,,,,,,,
,,,,,,,,,,,,,,,,,,,,
,,,,,,,,,,,,,,,,,,,,
,,,,,,,,,,,,,,,,,,,,
,,,,,,,,,,,,,,,,,,,,
,,,,,,,,,,,,,,,,,,,,
,,,,,,,,,,,,,,,,,,,,
,,,,,,,,,,,,,,,,,,,,
,,,,,,,,,,,,,,,,,,,,
,,,,,,,,,,,,,,,,,,,,
,,,,,,,,,,,,,,,,,,,,
,,,,,,,,,,,,,,,,,,,,
,,,,,,,,,,,,,,,,,,,,
,,,,,,,,,,,,,,,,,,,,
,,,,,,,,,,,,,,,,,,,,
,,,,,,,,,,,,,,,,,,,,
,,,,,,,,,,,,,,,,,,,,
,,,,,,,,,,,,,,,,,,,,
,,,,,,,,,,,,,,,,,,,,
,,,,,,,,,,,,,,,,,,,,
,,,,,,,,,,,,,,,,,,,,
,,,,,,,,,,,,,,,,,,,,
,,,,,,,,,,,,,,,,,,,,
,,,,,,,,,,,,,,,,,,,,
,,,,,,,,,,,,,,,,,,,,
,,,,,,,,,,,,,,,,,,,,
,,,,,,,,,,,,,,,,,,,,
,,,,,,,,,,,,,,,,,,,,
,,,,,,,,,,,,,,,,,,,,
,,,,,,,,,,,,,,,,,,,,
,,,,,,,,,,,,,,,,,,,,
,,,,,,,,,,,,,,,,,,,,
,,,,,,,,,,,,,,,,,,,,
,,,,,,,,,,,,,,,,,,,,
,,,,,,,,,,,,,,,,,,,,
,,,,,,,,,,,,,,,,,,,,
,,,,,,,,,,,,,,,,,,,,
,,,,,,,,,,,,,,,,,,,,
,,,,,,,,,,,,,,,,,,,,
,,,,,,,,,,,,,,,,,,,,
,,,,,,,,,,,,,,,,,,,,
,,,,,,,,,,,,,,,,,,,,
,,,,,,,,,,,,,,,,,,,,
,,,,,,,,,,,,,,,,,,,,
,,,,,,,,,,,,,,,,,,,,
,,,,,,,,,,,,,,,,,,,,
,,,,,,,,,,,,,,,,,,,,
,,,,,,,,,,,,,,,,,,,,
,,,,,,,,,,,,,,,,,,,,
,,,,,,,,,,,,,,,,,,,,
,,,,,,,,,,,,,,,,,,,,
,,,,,,,,,,,,,,,,,,,,
,,,,,,,,,,,,,,,,,,,,
,,,,,,,,,,,,,,,,,,,,
,,,,,,,,,,,,,,,,,,,,
,,,,,,,,,,,,,,,,,,,,
,,,,,,,,,,,,,,,,,,,,
,,,,,,,,,,,,,,,,,,,,
,,,,,,,,,,,,,,,,,,,,
,,,,,,,,,,,,,,,,,,,,
,,,,,,,,,,,,,,,,,,,,
,,,,,,,,,,,,,,,,,,,,
,,,,,,,,,,,,,,,,,,,,
,,,,,,,,,,,,,,,,,,,,
,,,,,,,,,,,,,,,,,,,,
,,,,,,,,,,,,,,,,,,,,
,,,,,,,,,,,,,,,,,,,,
,,,,,,,,,,,,,,,,,,,,
,,,,,,,,,,,,,,,,,,,,
,,,,,,,,,,,,,,,,,,,,
,,,,,,,,,,,,,,,,,,,,
,,,,,,,,,,,,,,,,,,,,
,,,,,,,,,,,,,,,,,,,,
,,,,,,,,,,,,,,,,,,,,
,,,,,,,,,,,,,,,,,,,,
,,,,,,,,,,,,,,,,,,,,
,,,,,,,,,,,,,,,,,,,,
,,,,,,,,,,,,,,,,,,,,
,,,,,,,,,,,,,,,,,,,,
,,,,,,,,,,,,,,,,,,,,
,,,,,,,,,,,,,,,,,,,,
,,,,,,,,,,,,,,,,,,,,
,,,,,,,,,,,,,,,,,,,,
,,,,,,,,,,,,,,,,,,,,
,,,,,,,,,,,,,,,,,,,,
,,,,,,,,,,,,,,,,,,,,
,,,,,,,,,,,,,,,,,,,,
,,,,,,,,,,,,,,,,,,,,
,,,,,,,,,,,,,,,,,,,,
,,,,,,,,,,,,,,,,,,,,
,,,,,,,,,,,,,,,,,,,,
,,,,,,,,,,,,,,,,,,,,
,,,,,,,,,,,,,,,,,,,,
,,,,,,,,,,,,,,,,,,,,
,,,,,,,,,,,,,,,,,,,,
,,,,,,,,,,,,,,,,,,,,
,,,,,,,,,,,,,,,,,,,,
,,,,,,,,,,,,,,,,,,,,
,,,,,,,,,,,,,,,,,,,,
,,,,,,,,,,,,,,,,,,,,
,,,,,,,,,,,,,,,,,,,,
,,,,,,,,,,,,,,,,,,,,
,,,,,,,,,,,,,,,,,,,,
,,,,,,,,,,,,,,,,,,,,
,,,,,,,,,,,,,,,,,,,,
,,,,,,,,,,,,,,,,,,,,
,,,,,,,,,,,,,,,,,,,,
,,,,,,,,,,,,,,,,,,,,
,,,,,,,,,,,,,,,,,,,,
,,,,,,,,,,,,,,,,,,,,
,,,,,,,,,,,,,,,,,,,,
,,,,,,,,,,,,,,,,,,,,
,,,,,,,,,,,,,,,,,,,,
,,,,,,,,,,,,,,,,,,,,
,,,,,,,,,,,,,,,,,,,,
,,,,,,,,,,,,,,,,,,,,
,,,,,,,,,,,,,,,,,,,,
,,,,,,,,,,,,,,,,,,,,
,,,,,,,,,,,,,,,,,,,,
,,,,,,,,,,,,,,,,,,,,
,,,,,,,,,,,,,,,,,,,,
,,,,,,,,,,,,,,,,,,,,
,,,,,,,,,,,,,,,,,,,,
,,,,,,,,,,,,,,,,,,,,
,,,,,,,,,,,,,,,,,,,,
,,,,,,,,,,,,,,,,,,,,
,,,,,,,,,,,,,,,,,,,,
,,,,,,,,,,,,,,,,,,,,
,,,,,,,,,,,,,,,,,,,,
,,,,,,,,,,,,,,,,,,,,
,,,,,,,,,,,,,,,,,,,,
,,,,,,,,,,,,,,,,,,,,
,,,,,,,,,,,,,,,,,,,,
,,,,,,,,,,,,,,,,,,,,
,,,,,,,,,,,,,,,,,,,,
,,,,,,,,,,,,,,,,,,,,
,,,,,,,,,,,,,,,,,,,,
,,,,,,,,,,,,,,,,,,,,
,,,,,,,,,,,,,,,,,,,,
,,,,,,,,,,,,,,,,,,,,
,,,,,,,,,,,,,,,,,,,,
,,,,,,,,,,,,,,,,,,,,
,,,,,,,,,,,,,,,,,,,,
,,,,,,,,,,,,,,,,,,,,
,,,,,,,,,,,,,,,,,,,,
,,,,,,,,,,,,,,,,,,,,
,,,,,,,,,,,,,,,,,,,,
,,,,,,,,,,,,,,,,,,,,
,,,,,,,,,,,,,,,,,,,,
,,,,,,,,,,,,,,,,,,,,
,,,,,,,,,,,,,,,,,,,,
,,,,,,,,,,,,,,,,,,,,
,,,,,,,,,,,,,,,,,,,,
,,,,,,,,,,,,,,,,,,,,
,,,,,,,,,,,,,,,,,,,,
,,,,,,,,,,,,,,,,,,,,
,,,,,,,,,,,,,,,,,,,,
,,,,,,,,,,,,,,,,,,,,
,,,,,,,,,,,,,,,,,,,,
,,,,,,,,,,,,,,,,,,,,
,,,,,,,,,,,,,,,,,,,,
,,,,,,,,,,,,,,,,,,,,
,,,,,,,,,,,,,,,,,,,,
,,,,,,,,,,,,,,,,,,,,
,,,,,,,,,,,,,,,,,,,,
,,,,,,,,,,,,,,,,,,,,
,,,,,,,,,,,,,,,,,,,,
,,,,,,,,,,,,,,,,,,,,
,,,,,,,,,,,,,,,,,,,,
,,,,,,,,,,,,,,,,,,,,
,,,,,,,,,,,,,,,,,,,,
,,,,,,,,,,,,,,,,,,,,
,,,,,,,,,,,,,,,,,,,,
,,,,,,,,,,,,,,,,,,,,
,,,,,,,,,,,,,,,,,,,,
,,,,,,,,,,,,,,,,,,,,
,,,,,,,,,,,,,,,,,,,,
,,,,,,,,,,,,,,,,,,,,
,,,,,,,,,,,,,,,,,,,,
,,,,,,,,,,,,,,,,,,,,
,,,,,,,,,,,,,,,,,,,,
,,,,,,,,,,,,,,,,,,,,
,,,,,,,,,,,,,,,,,,,,
,,,,,,,,,,,,,,,,,,,,
,,,,,,,,,,,,,,,,,,,,
,,,,,,,,,,,,,,,,,,,,
,,,,,,,,,,,,,,,,,,,,
,,,,,,,,,,,,,,,,,,,,
,,,,,,,,,,,,,,,,,,,,
,,,,,,,,,,,,,,,,,,,,
,,,,,,,,,,,,,,,,,,,,
,,,,,,,,,,,,,,,,,,,,
,,,,,,,,,,,,,,,,,,,,
,,,,,,,,,,,,,,,,,,,,
,,,,,,,,,,,,,,,,,,,,
,,,,,,,,,,,,,,,,,,,,
,,,,,,,,,,,,,,,,,,,,
,,,,,,,,,,,,,,,,,,,,
,,,,,,,,,,,,,,,,,,,,
,,,,,,,,,,,,,,,,,,,,
,,,,,,,,,,,,,,,,,,,,
,,,,,,,,,,,,,,,,,,,,
,,,,,,,,,,,,,,,,,,,,
,,,,,,,,,,,,,,,,,,,,
,,,,,,,,,,,,,,,,,,,,
,,,,,,,,,,,,,,,,,,,,
,,,,,,,,,,,,,,,,,,,,
,,,,,,,,,,,,,,,,,,,,
,,,,,,,,,,,,,,,,,,,,
,,,,,,,,,,,,,,,,,,,,
,,,,,,,,,,,,,,,,,,,,
,,,,,,,,,,,,,,,,,,,,
,,,,,,,,,,,,,,,,,,,,
,,,,,,,,,,,,,,,,,,,,
,,,,,,,,,,,,,,,,,,,,
,,,,,,,,,,,,,,,,,,,,
,,,,,,,,,,,,,,,,,,,,
,,,,,,,,,,,,,,,,,,,,
,,,,,,,,,,,,,,,,,,,,
,,,,,,,,,,,,,,,,,,,,
,,,,,,,,,,,,,,,,,,,,
,,,,,,,,,,,,,,,,,,,,
,,,,,,,,,,,,,,,,,,,,
,,,,,,,,,,,,,,,,,,,,
,,,,,,,,,,,,,,,,,,,,
,,,,,,,,,,,,,,,,,,,,
,,,,,,,,,,,,,,,,,,,,
,,,,,,,,,,,,,,,,,,,,
,,,,,,,,,,,,,,,,,,,,
,,,,,,,,,,,,,,,,,,,,
,,,,,,,,,,,,,,,,,,,,
,,,,,,,,,,,,,,,,,,,,
,,,,,,,,,,,,,,,,,,,,
,,,,,,,,,,,,,,,,,,,,
,,,,,,,,,,,,,,,,,,,,
,,,,,,,,,,,,,,,,,,,,
,,,,,,,,,,,,,,,,,,,,
,,,,,,,,,,,,,,,,,,,,
,,,,,,,,,,,,,,,,,,,,
,,,,,,,,,,,,,,,,,,,,
,,,,,,,,,,,,,,,,,,,,
,,,,,,,,,,,,,,,,,,,,
,,,,,,,,,,,,,,,,,,,,
,,,,,,,,,,,,,,,,,,,,
,,,,,,,,,,,,,,,,,,,,
,,,,,,,,,,,,,,,,,,,,
,,,,,,,,,,,,,,,,,,,,
,,,,,,,,,,,,,,,,,,,,
,,,,,,,,,,,,,,,,,,,,
,,,,,,,,,,,,,,,,,,,,
,,,,,,,,,,,,,,,,,,,,
,,,,,,,,,,,,,,,,,,,,
,,,,,,,,,,,,,,,,,,,,
,,,,,,,,,,,,,,,,,,,,
,,,,,,,,,,,,,,,,,,,,
,,,,,,,,,,,,,,,,,,,,
,,,,,,,,,,,,,,,,,,,,
,,,,,,,,,,,,,,,,,,,,
,,,,,,,,,,,,,,,,,,,,
,,,,,,,,,,,,,,,,,,,,
,,,,,,,,,,,,,,,,,,,,
,,,,,,,,,,,,,,,,,,,,
,,,,,,,,,,,,,,,,,,,,
,,,,,,,,,,,,,,,,,,,,
,,,,,,,,,,,,,,,,,,,,
,,,,,,,,,,,,,,,,,,,,
,,,,,,,,,,,,,,,,,,,,
,,,,,,,,,,,,,,,,,,,,
,,,,,,,,,,,,,,,,,,,,
,,,,,,,,,,,,,,,,,,,,
,,,,,,,,,,,,,,,,,,,,
,,,,,,,,,,,,,,,,,,,,
,,,,,,,,,,,,,,,,,,,,
,,,,,,,,,,,,,,,,,,,,
,,,,,,,,,,,,,,,,,,,,
,,,,,,,,,,,,,,,,,,,,
,,,,,,,,,,,,,,,,,,,,
,,,,,,,,,,,,,,,,,,,,
,,,,,,,,,,,,,,,,,,,,
,,,,,,,,,,,,,,,,,,,,
,,,,,,,,,,,,,,,,,,,,
,,,,,,,,,,,,,,,,,,,,
,,,,,,,,,,,,,,,,,,,,
,,,,,,,,,,,,,,,,,,,,
,,,,,,,,,,,,,,,,,,,,
,,,,,,,,,,,,,,,,,,,,
,,,,,,,,,,,,,,,,,,,,
,,,,,,,,,,,,,,,,,,,,
,,,,,,,,,,,,,,,,,,,,
,,,,,,,,,,,,,,,,,,,,
,,,,,,,,,,,,,,,,,,,,
,,,,,,,,,,,,,,,,,,,,
,,,,,,,,,,,,,,,,,,,,
,,,,,,,,,,,,,,,,,,,,
,,,,,,,,,,,,,,,,,,,,
,,,,,,,,,,,,,,,,,,,,
,,,,,,,,,,,,,,,,,,,,
,,,,,,,,,,,,,,,,,,,,
,,,,,,,,,,,,,,,,,,,,
,,,,,,,,,,,,,,,,,,,,
,,,,,,,,,,,,,,,,,,,,
,,,,,,,,,,,,,,,,,,,,
,,,,,,,,,,,,,,,,,,,,
,,,,,,,,,,,,,,,,,,,,
,,,,,,,,,,,,,,,,,,,,
,,,,,,,,,,,,,,,,,,,,
,,,,,,,,,,,,,,,,,,,,
,,,,,,,,,,,,,,,,,,,,
,,,,,,,,,,,,,,,,,,,,
,,,,,,,,,,,,,,,,,,,,
,,,,,,,,,,,,,,,,,,,,
,,,,,,,,,,,,,,,,,,,,
,,,,,,,,,,,,,,,,,,,,
,,,,,,,,,,,,,,,,,,,,
,,,,,,,,,,,,,,,,,,,,
,,,,,,,,,,,,,,,,,,,,
,,,,,,,,,,,,,,,,,,,,
,,,,,,,,,,,,,,,,,,,,
,,,,,,,,,,,,,,,,,,,,
,,,,,,,,,,,,,,,,,,,,
,,,,,,,,,,,,,,,,,,,,
,,,,,,,,,,,,,,,,,,,,
,,,,,,,,,,,,,,,,,,,,
,,,,,,,,,,,,,,,,,,,,
,,,,,,,,,,,,,,,,,,,,
,,,,,,,,,,,,,,,,,,,,
,,,,,,,,,,,,,,,,,,,,
,,,,,,,,,,,,,,,,,,,,
,,,,,,,,,,,,,,,,,,,,
,,,,,,,,,,,,,,,,,,,,
,,,,,,,,,,,,,,,,,,,,
,,,,,,,,,,,,,,,,,,,,
,,,,,,,,,,,,,,,,,,,,
,,,,,,,,,,,,,,,,,,,,
,,,,,,,,,,,,,,,,,,,,
,,,,,,,,,,,,,,,,,,,,
,,,,,,,,,,,,,,,,,,,,
,,,,,,,,,,,,,,,,,,,,
,,,,,,,,,,,,,,,,,,,,
,,,,,,,,,,,,,,,,,,,,
,,,,,,,,,,,,,,,,,,,,
,,,,,,,,,,,,,,,,,,,,
,,,,,,,,,,,,,,,,,,,,
,,,,,,,,,,,,,,,,,,,,
,,,,,,,,,,,,,,,,,,,,
,,,,,,,,,,,,,,,,,,,,
,,,,,,,,,,,,,,,,,,,,
,,,,,,,,,,,,,,,,,,,,
,,,,,,,,,,,,,,,,,,,,
,,,,,,,,,,,,,,,,,,,,
,,,,,,,,,,,,,,,,,,,,
,,,,,,,,,,,,,,,,,,,,
,,,,,,,,,,,,,,,,,,,,
,,,,,,,,,,,,,,,,,,,,
,,,,,,,,,,,,,,,,,,,,
,,,,,,,,,,,,,,,,,,,,
,,,,,,,,,,,,,,,,,,,,
,,,,,,,,,,,,,,,,,,,,
,,,,,,,,,,,,,,,,,,,,
,,,,,,,,,,,,,,,,,,,,
,,,,,,,,,,,,,,,,,,,,
,,,,,,,,,,,,,,,,,,,,
,,,,,,,,,,,,,,,,,,,,
,,,,,,,,,,,,,,,,,,,,
,,,,,,,,,,,,,,,,,,,,
,,,,,,,,,,,,,,,,,,,,
,,,,,,,,,,,,,,,,,,,,
,,,,,,,,,,,,,,,,,,,,
,,,,,,,,,,,,,,,,,,,,
,,,,,,,,,,,,,,,,,,,,
,,,,,,,,,,,,,,,,,,,,
,,,,,,,,,,,,,,,,,,,,
,,,,,,,,,,,,,,,,,,,,
,,,,,,,,,,,,,,,,,,,,
,,,,,,,,,,,,,,,,,,,,
,,,,,,,,,,,,,,,,,,,,
,,,,,,,,,,,,,,,,,,,,
,,,,,,,,,,,,,,,,,,,,
,,,,,,,,,,,,,,,,,,,,
,,,,,,,,,,,,,,,,,,,,
,,,,,,,,,,,,,,,,,,,,
,,,,,,,,,,,,,,,,,,,,
,,,,,,,,,,,,,,,,,,,,
,,,,,,,,,,,,,,,,,,,,
,,,,,,,,,,,,,,,,,,,,
,,,,,,,,,,,,,,,,,,,,
,,,,,,,,,,,,,,,,,,,,
,,,,,,,,,,,,,,,,,,,,
,,,,,,,,,,,,,,,,,,,,
,,,,,,,,,,,,,,,,,,,,
,,,,,,,,,,,,,,,,,,,,
,,,,,,,,,,,,,,,,,,,,
,,,,,,,,,,,,,,,,,,,,
,,,,,,,,,,,,,,,,,,,,
,,,,,,,,,,,,,,,,,,,,
,,,,,,,,,,,,,,,,,,,,
,,,,,,,,,,,,,,,,,,,,
,,,,,,,,,,,,,,,,,,,,
,,,,,,,,,,,,,,,,,,,,
,,,,,,,,,,,,,,,,,,,,
,,,,,,,,,,,,,,,,,,,,
,,,,,,,,,,,,,,,,,,,,
,,,,,,,,,,,,,,,,,,,,
,,,,,,,,,,,,,,,,,,,,
,,,,,,,,,,,,,,,,,,,,
,,,,,,,,,,,,,,,,,,,,
,,,,,,,,,,,,,,,,,,,,
,,,,,,,,,,,,,,,,,,,,
,,,,,,,,,,,,,,,,,,,,
,,,,,,,,,,,,,,,,,,,,
,,,,,,,,,,,,,,,,,,,,
,,,,,,,,,,,,,,,,,,,,
,,,,,,,,,,,,,,,,,,,,
,,,,,,,,,,,,,,,,,,,,
,,,,,,,,,,,,,,,,,,,,
,,,,,,,,,,,,,,,,,,,,
,,,,,,,,,,,,,,,,,,,,
,,,,,,,,,,,,,,,,,,,,
,,,,,,,,,,,,,,,,,,,,
,,,,,,,,,,,,,,,,,,,,
,,,,,,,,,,,,,,,,,,,,
,,,,,,,,,,,,,,,,,,,,
,,,,,,,,,,,,,,,,,,,,
,,,,,,,,,,,,,,,,,,,,
,,,,,,,,,,,,,,,,,,,,
,,,,,,,,,,,,,,,,,,,,
,,,,,,,,,,,,,,,,,,,,
,,,,,,,,,,,,,,,,,,,,
,,,,,,,,,,,,,,,,,,,,
,,,,,,,,,,,,,,,,,,,,
,,,,,,,,,,,,,,,,,,,,
,,,,,,,,,,,,,,,,,,,,
,,,,,,,,,,,,,,,,,,,,
,,,,,,,,,,,,,,,,,,,,
,,,,,,,,,,,,,,,,,,,,
,,,,,,,,,,,,,,,,,,,,
,,,,,,,,,,,,,,,,,,,,
,,,,,,,,,,,,,,,,,,,,
,,,,,,,,,,,,,,,,,,,,
,,,,,,,,,,,,,,,,,,,,
,,,,,,,,,,,,,,,,,,,,
,,,,,,,,,,,,,,,,,,,,
,,,,,,,,,,,,,,,,,,,,
,,,,,,,,,,,,,,,,,,,,
,,,,,,,,,,,,,,,,,,,,
,,,,,,,,,,,,,,,,,,,,
,,,,,,,,,,,,,,,,,,,,
,,,,,,,,,,,,,,,,,,,,
,,,,,,,,,,,,,,,,,,,,
,,,,,,,,,,,,,,,,,,,,
,,,,,,,,,,,,,,,,,,,,
,,,,,,,,,,,,,,,,,,,,
,,,,,,,,,,,,,,,,,,,,
,,,,,,,,,,,,,,,,,,,,
,,,,,,,,,,,,,,,,,,,,
,,,,,,,,,,,,,,,,,,,,
,,,,,,,,,,,,,,,,,,,,
,,,,,,,,,,,,,,,,,,,,
,,,,,,,,,,,,,,,,,,,,
,,,,,,,,,,,,,,,,,,,,
,,,,,,,,,,,,,,,,,,,,
,,,,,,,,,,,,,,,,,,,,
,,,,,,,,,,,,,,,,,,,,
,,,,,,,,,,,,,,,,,,,,
,,,,,,,,,,,,,,,,,,,,
,,,,,,,,,,,,,,,,,,,,
,,,,,,,,,,,,,,,,,,,,
,,,,,,,,,,,,,,,,,,,,
,,,,,,,,,,,,,,,,,,,,
,,,,,,,,,,,,,,,,,,,,
,,,,,,,,,,,,,,,,,,,,
,,,,,,,,,,,,,,,,,,,,
,,,,,,,,,,,,,,,,,,,,
,,,,,,,,,,,,,,,,,,,,
,,,,,,,,,,,,,,,,,,,,
,,,,,,,,,,,,,,,,,,,,
,,,,,,,,,,,,,,,,,,,,
,,,,,,,,,,,,,,,,,,,,
,,,,,,,,,,,,,,,,,,,,
,,,,,,,,,,,,,,,,,,,,
,,,,,,,,,,,,,,,,,,,,
,,,,,,,,,,,,,,,,,,,,
,,,,,,,,,,,,,,,,,,,,
,,,,,,,,,,,,,,,,,,,,
,,,,,,,,,,,,,,,,,,,,
,,,,,,,,,,,,,,,,,,,,
,,,,,,,,,,,,,,,,,,,,
,,,,,,,,,,,,,,,,,,,,
,,,,,,,,,,,,,,,,,,,,
,,,,,,,,,,,,,,,,,,,,
,,,,,,,,,,,,,,,,,,,,
,,,,,,,,,,,,,,,,,,,,
,,,,,,,,,,,,,,,,,,,,
,,,,,,,,,,,,,,,,,,,,
,,,,,,,,,,,,,,,,,,,,
,,,,,,,,,,,,,,,,,,,,
,,,,,,,,,,,,,,,,,,,,
,,,,,,,,,,,,,,,,,,,,
,,,,,,,,,,,,,,,,,,,,
,,,,,,,,,,,,,,,,,,,,
,,,,,,,,,,,,,,,,,,,,
,,,,,,,,,,,,,,,,,,,,
,,,,,,,,,,,,,,,,,,,,
,,,,,,,,,,,,,,,,,,,,
,,,,,,,,,,,,,,,,,,,,
,,,,,,,,,,,,,,,,,,,,
,,,,,,,,,,,,,,,,,,,,
,,,,,,,,,,,,,,,,,,,,
,,,,,,,,,,,,,,,,,,,,
,,,,,,,,,,,,,,,,,,,,
,,,,,,,,,,,,,,,,,,,,
,,,,,,,,,,,,,,,,,,,,
,,,,,,,,,,,,,,,,,,,,
,,,,,,,,,,,,,,,,,,,,
,,,,,,,,,,,,,,,,,,,,
,,,,,,,,,,,,,,,,,,,,
,,,,,,,,,,,,,,,,,,,,
,,,,,,,,,,,,,,,,,,,,
,,,,,,,,,,,,,,,,,,,,
,,,,,,,,,,,,,,,,,,,,
,,,,,,,,,,,,,,,,,,,,
,,,,,,,,,,,,,,,,,,,,
,,,,,,,,,,,,,,,,,,,,
,,,,,,,,,,,,,,,,,,,,
,,,,,,,,,,,,,,,,,,,,
,,,,,,,,,,,,,,,,,,,,
,,,,,,,,,,,,,,,,,,,,
,,,,,,,,,,,,,,,,,,,,
,,,,,,,,,,,,,,,,,,,,
,,,,,,,,,,,,,,,,,,,,
,,,,,,,,,,,,,,,,,,,,
,,,,,,,,,,,,,,,,,,,,
,,,,,,,,,,,,,,,,,,,,
,,,,,,,,,,,,,,,,,,,,
,,,,,,,,,,,,,,,,,,,,
,,,,,,,,,,,,,,,,,,,,
,,,,,,,,,,,,,,,,,,,,
,,,,,,,,,,,,,,,,,,,,
,,,,,,,,,,,,,,,,,,,,
,,,,,,,,,,,,,,,,,,,,
,,,,,,,,,,,,,,,,,,,,
,,,,,,,,,,,,,,,,,,,,
,,,,,,,,,,,,,,,,,,,,
,,,,,,,,,,,,,,,,,,,,
,,,,,,,,,,,,,,,,,,,,
,,,,,,,,,,,,,,,,,,,,
,,,,,,,,,,,,,,,,,,,,
,,,,,,,,,,,,,,,,,,,,
,,,,,,,,,,,,,,,,,,,,
,,,,,,,,,,,,,,,,,,,,
,,,,,,,,,,,,,,,,,,,,
,,,,,,,,,,,,,,,,,,,,
,,,,,,,,,,,,,,,,,,,,
,,,,,,,,,,,,,,,,,,,,
,,,,,,,,,,,,,,,,,,,,
,,,,,,,,,,,,,,,,,,,,
,,,,,,,,,,,,,,,,,,,,
,,,,,,,,,,,,,,,,,,,,
,,,,,,,,,,,,,,,,,,,,
,,,,,,,,,,,,,,,,,,,,
,,,,,,,,,,,,,,,,,,,,
,,,,,,,,,,,,,,,,,,,,
,,,,,,,,,,,,,,,,,,,,
,,,,,,,,,,,,,,,,,,,,
,,,,,,,,,,,,,,,,,,,,
,,,,,,,,,,,,,,,,,,,,
,,,,,,,,,,,,,,,,,,,,
,,,,,,,,,,,,,,,,,,,,
,,,,,,,,,,,,,,,,,,,,
,,,,,,,,,,,,,,,,,,,,
,,,,,,,,,,,,,,,,,,,,
,,,,,,,,,,,,,,,,,,,,
,,,,,,,,,,,,,,,,,,,,
,,,,,,,,,,,,,,,,,,,,
,,,,,,,,,,,,,,,,,,,,
,,,,,,,,,,,,,,,,,,,,
,,,,,,,,,,,,,,,,,,,,
,,,,,,,,,,,,,,,,,,,,
,,,,,,,,,,,,,,,,,,,,
,,,,,,,,,,,,,,,,,,,,
,,,,,,,,,,,,,,,,,,,,
,,,,,,,,,,,,,,,,,,,,
,,,,,,,,,,,,,,,,,,,,
,,,,,,,,,,,,,,,,,,,,
,,,,,,,,,,,,,,,,,,,,
,,,,,,,,,,,,,,,,,,,,
,,,,,,,,,,,,,,,,,,,,
,,,,,,,,,,,,,,,,,,,,
,,,,,,,,,,,,,,,,,,,,
,,,,,,,,,,,,,,,,,,,,
,,,,,,,,,,,,,,,,,,,,
,,,,,,,,,,,,,,,,,,,,
,,,,,,,,,,,,,,,,,,,,
,,,,,,,,,,,,,,,,,,,,
,,,,,,,,,,,,,,,,,,,,
,,,,,,,,,,,,,,,,,,,,
,,,,,,,,,,,,,,,,,,,,
,,,,,,,,,,,,,,,,,,,,
,,,,,,,,,,,,,,,,,,,,
,,,,,,,,,,,,,,,,,,,,
,,,,,,,,,,,,,,,,,,,,
,,,,,,,,,,,,,,,,,,,,
,,,,,,,,,,,,,,,,,,,,
,,,,,,,,,,,,,,,,,,,,
,,,,,,,,,,,,,,,,,,,,
,,,,,,,,,,,,,,,,,,,,
,,,,,,,,,,,,,,,,,,,,
,,,,,,,,,,,,,,,,,,,,
,,,,,,,,,,,,,,,,,,,,
,,,,,,,,,,,,,,,,,,,,
,,,,,,,,,,,,,,,,,,,,
,,,,,,,,,,,,,,,,,,,,
,,,,,,,,,,,,,,,,,,,,
,,,,,,,,,,,,,,,,,,,,
,,,,,,,,,,,,,,,,,,,,
,,,,,,,,,,,,,,,,,,,,
,,,,,,,,,,,,,,,,,,,,
,,,,,,,,,,,,,,,,,,,,
,,,,,,,,,,,,,,,,,,,,
,,,,,,,,,,,,,,,,,,,,
,,,,,,,,,,,,,,,,,,,,
,,,,,,,,,,,,,,,,,,,,
,,,,,,,,,,,,,,,,,,,,
,,,,,,,,,,,,,,,,,,,,
,,,,,,,,,,,,,,,,,,,,
,,,,,,,,,,,,,,,,,,,,
,,,,,,,,,,,,,,,,,,,,
,,,,,,,,,,,,,,,,,,,,
,,,,,,,,,,,,,,,,,,,,
,,,,,,,,,,,,,,,,,,,,
,,,,,,,,,,,,,,,,,,,,
,,,,,,,,,,,,,,,,,,,,
,,,,,,,,,,,,,,,,,,,,
,,,,,,,,,,,,,,,,,,,,
,,,,,,,,,,,,,,,,,,,,
,,,,,,,,,,,,,,,,,,,,
,,,,,,,,,,,,,,,,,,,,
,,,,,,,,,,,,,,,,,,,,
,,,,,,,,,,,,,,,,,,,,
,,,,,,,,,,,,,,,,,,,,
,,,,,,,,,,,,,,,,,,,,
,,,,,,,,,,,,,,,,,,,,
,,,,,,,,,,,,,,,,,,,,
,,,,,,,,,,,,,,,,,,,,
,,,,,,,,,,,,,,,,,,,,
,,,,,,,,,,,,,,,,,,,,
,,,,,,,,,,,,,,,,,,,,
,,,,,,,,,,,,,,,,,,,,
,,,,,,,,,,,,,,,,,,,,
,,,,,,,,,,,,,,,,,,,,
,,,,,,,,,,,,,,,,,,,,
,,,,,,,,,,,,,,,,,,,,
,,,,,,,,,,,,,,,,,,,,
,,,,,,,,,,,,,,,,,,,,
,,,,,,,,,,,,,,,,,,,,
,,,,,,,,,,,,,,,,,,,,
,,,,,,,,,,,,,,,,,,,,
,,,,,,,,,,,,,,,,,,,,
,,,,,,,,,,,,,,,,,,,,
,,,,,,,,,,,,,,,,,,,,
,,,,,,,,,,,,,,,,,,,,
,,,,,,,,,,,,,,,,,,,,
,,,,,,,,,,,,,,,,,,,,
,,,,,,,,,,,,,,,,,,,,
,,,,,,,,,,,,,,,,,,,,
,,,,,,,,,,,,,,,,,,,,
,,,,,,,,,,,,,,,,,,,,
,,,,,,,,,,,,,,,,,,,,
,,,,,,,,,,,,,,,,,,,,
,,,,,,,,,,,,,,,,,,,,
,,,,,,,,,,,,,,,,,,,,
,,,,,,,,,,,,,,,,,,,,
,,,,,,,,,,,,,,,,,,,,
,,,,,,,,,,,,,,,,,,,,
,,,,,,,,,,,,,,,,,,,,
,,,,,,,,,,,,,,,,,,,,
,,,,,,,,,,,,,,,,,,,,
,,,,,,,,,,,,,,,,,,,,
,,,,,,,,,,,,,,,,,,,,
,,,,,,,,,,,,,,,,,,,,
,,,,,,,,,,,,,,,,,,,,
,,,,,,,,,,,,,,,,,,,,
,,,,,,,,,,,,,,,,,,,,
,,,,,,,,,,,,,,,,,,,,
,,,,,,,,,,,,,,,,,,,,
,,,,,,,,,,,,,,,,,,,,
,,,,,,,,,,,,,,,,,,,,
,,,,,,,,,,,,,,,,,,,,
,,,,,,,,,,,,,,,,,,,,
,,,,,,,,,,,,,,,,,,,,
,,,,,,,,,,,,,,,,,,,,
,,,,,,,,,,,,,,,,,,,,
,,,,,,,,,,,,,,,,,,,,
,,,,,,,,,,,,,,,,,,,,
,,,,,,,,,,,,,,,,,,,,
,,,,,,,,,,,,,,,,,,,,
,,,,,,,,,,,,,,,,,,,,
,,,,,,,,,,,,,,,,,,,,
,,,,,,,,,,,,,,,,,,,,
,,,,,,,,,,,,,,,,,,,,
,,,,,,,,,,,,,,,,,,,,
,,,,,,,,,,,,,,,,,,,,
,,,,,,,,,,,,,,,,,,,,
,,,,,,,,,,,,,,,,,,,,
,,,,,,,,,,,,,,,,,,,,
,,,,,,,,,,,,,,,,,,,,
,,,,,,,,,,,,,,,,,,,,
,,,,,,,,,,,,,,,,,,,,
,,,,,,,,,,,,,,,,,,,,
,,,,,,,,,,,,,,,,,,,,
,,,,,,,,,,,,,,,,,,,,
,,,,,,,,,,,,,,,,,,,,
,,,,,,,,,,,,,,,,,,,,
,,,,,,,,,,,,,,,,,,,,
,,,,,,,,,,,,,,,,,,,,
,,,,,,,,,,,,,,,,,,,,
,,,,,,,,,,,,,,,,,,,,
,,,,,,,,,,,,,,,,,,,,
,,,,,,,,,,,,,,,,,,,,
,,,,,,,,,,,,,,,,,,,,
,,,,,,,,,,,,,,,,,,,,
,,,,,,,,,,,,,,,,,,,,
,,,,,,,,,,,,,,,,,,,,
,,,,,,,,,,,,,,,,,,,,
,,,,,,,,,,,,,,,,,,,,
,,,,,,,,,,,,,,,,,,,,
,,,,,,,,,,,,,,,,,,,,
,,,,,,,,,,,,,,,,,,,,
,,,,,,,,,,,,,,,,,,,,
,,,,,,,,,,,,,,,,,,,,
,,,,,,,,,,,,,,,,,,,,
,,,,,,,,,,,,,,,,,,,,
,,,,,,,,,,,,,,,,,,,,
,,,,,,,,,,,,,,,,,,,,
,,,,,,,,,,,,,,,,,,,,
,,,,,,,,,,,,,,,,,,,,
,,,,,,,,,,,,,,,,,,,,
,,,,,,,,,,,,,,,,,,,,
,,,,,,,,,,,,,,,,,,,,
,,,,,,,,,,,,,,,,,,,,
,,,,,,,,,,,,,,,,,,,,
,,,,,,,,,,,,,,,,,,,,
,,,,,,,,,,,,,,,,,,,,
,,,,,,,,,,,,,,,,,,,,
,,,,,,,,,,,,,,,,,,,,
,,,,,,,,,,,,,,,,,,,,
,,,,,,,,,,,,,,,,,,,,
,,,,,,,,,,,,,,,,,,,,
,,,,,,,,,,,,,,,,,,,,
,,,,,,,,,,,,,,,,,,,,
,,,,,,,,,,,,,,,,,,,,
,,,,,,,,,,,,,,,,,,,,
,,,,,,,,,,,,,,,,,,,,
,,,,,,,,,,,,,,,,,,,,
,,,,,,,,,,,,,,,,,,,,
,,,,,,,,,,,,,,,,,,,,
,,,,,,,,,,,,,,,,,,,,
,,,,,,,,,,,,,,,,,,,,
,,,,,,,,,,,,,,,,,,,,
,,,,,,,,,,,,,,,,,,,,
,,,,,,,,,,,,,,,,,,,,
,,,,,,,,,,,,,,,,,,,,
,,,,,,,,,,,,,,,,,,,,
,,,,,,,,,,,,,,,,,,,,
,,,,,,,,,,,,,,,,,,,,
,,,,,,,,,,,,,,,,,,,,
,,,,,,,,,,,,,,,,,,,,
,,,,,,,,,,,,,,,,,,,,
,,,,,,,,,,,,,,,,,,,,
,,,,,,,,,,,,,,,,,,,,
,,,,,,,,,,,,,,,,,,,,
,,,,,,,,,,,,,,,,,,,,
,,,,,,,,,,,,,,,,,,,,
,,,,,,,,,,,,,,,,,,,,
,,,,,,,,,,,,,,,,,,,,
,,,,,,,,,,,,,,,,,,,,
,,,,,,,,,,,,,,,,,,,,
,,,,,,,,,,,,,,,,,,,,
,,,,,,,,,,,,,,,,,,,,
,,,,,,,,,,,,,,,,,,,,
,,,,,,,,,,,,,,,,,,,,
,,,,,,,,,,,,,,,,,,,,
,,,,,,,,,,,,,,,,,,,,
,,,,,,,,,,,,,,,,,,,,
,,,,,,,,,,,,,,,,,,,,
,,,,,,,,,,,,,,,,,,,,
,,,,,,,,,,,,,,,,,,,,
,,,,,,,,,,,,,,,,,,,,
,,,,,,,,,,,,,,,,,,,,
,,,,,,,,,,,,,,,,,,,,
,,,,,,,,,,,,,,,,,,,,
,,,,,,,,,,,,,,,,,,,,
,,,,,,,,,,,,,,,,,,,,
,,,,,,,,,,,,,,,,,,,,
,,,,,,,,,,,,,,,,,,,,
,,,,,,,,,,,,,,,,,,,,
,,,,,,,,,,,,,,,,,,,,
,,,,,,,,,,,,,,,,,,,,
,,,,,,,,,,,,,,,,,,,,
,,,,,,,,,,,,,,,,,,,,
,,,,,,,,,,,,,,,,,,,,
,,,,,,,,,,,,,,,,,,,,
,,,,,,,,,,,,,,,,,,,,
,,,,,,,,,,,,,,,,,,,,
,,,,,,,,,,,,,,,,,,,,
,,,,,,,,,,,,,,,,,,,,
,,,,,,,,,,,,,,,,,,,,
,,,,,,,,,,,,,,,,,,,,
,,,,,,,,,,,,,,,,,,,,
,,,,,,,,,,,,,,,,,,,,
,,,,,,,,,,,,,,,,,,,,
,,,,,,,,,,,,,,,,,,,,
,,,,,,,,,,,,,,,,,,,,
,,,,,,,,,,,,,,,,,,,,
,,,,,,,,,,,,,,,,,,,,
,,,,,,,,,,,,,,,,,,,,
,,,,,,,,,,,,,,,,,,,,
,,,,,,,,,,,,,,,,,,,,
,,,,,,,,,,,,,,,,,,,,
,,,,,,,,,,,,,,,,,,,,
,,,,,,,,,,,,,,,,,,,,
,,,,,,,,,,,,,,,,,,,,
,,,,,,,,,,,,,,,,,,,,
,,,,,,,,,,,,,,,,,,,,
,,,,,,,,,,,,,,,,,,,,
,,,,,,,,,,,,,,,,,,,,
,,,,,,,,,,,,,,,,,,,,
,,,,,,,,,,,,,,,,,,,,
,,,,,,,,,,,,,,,,,,,,
,,,,,,,,,,,,,,,,,,,,
,,,,,,,,,,,,,,,,,,,,
,,,,,,,,,,,,,,,,,,,,
,,,,,,,,,,,,,,,,,,,,
,,,,,,,,,,,,,,,,,,,,
,,,,,,,,,,,,,,,,,,,,
,,,,,,,,,,,,,,,,,,,,
,,,,,,,,,,,,,,,,,,,,
,,,,,,,,,,,,,,,,,,,,
,,,,,,,,,,,,,,,,,,,,
,,,,,,,,,,,,,,,,,,,,
,,,,,,,,,,,,,,,,,,,,
14999,Flute (silent),0,29,30,31,0,0,108,0,0,0,0,0,0,0,332,,,,